ISO-10303-21;
HEADER;
FILE_DESCRIPTION((''),'2;1');
FILE_NAME('0619','2021-06-19T',('Administrator'),(''),
'PRO/ENGINEER BY PARAMETRIC TECHNOLOGY CORPORATION, 2002350',
'PRO/ENGINEER BY PARAMETRIC TECHNOLOGY CORPORATION, 2002350','');
FILE_SCHEMA(('CONFIG_CONTROL_DESIGN'));
ENDSEC;
DATA;
#1=DIRECTION('',(0.E0,1.E0,0.E0));
#2=VECTOR('',#1,2.4E1);
#3=CARTESIAN_POINT('',(-4.26E1,-1.2E1,-5.5E-1));
#4=LINE('',#3,#2);
#5=DIRECTION('',(0.E0,1.E0,0.E0));
#6=VECTOR('',#5,2.4E1);
#7=CARTESIAN_POINT('',(-4.26E1,-1.2E1,1.05E0));
#8=LINE('',#7,#6);
#9=DIRECTION('',(0.E0,0.E0,-1.E0));
#10=VECTOR('',#9,1.6E0);
#11=CARTESIAN_POINT('',(-4.26E1,-1.2E1,1.05E0));
#12=LINE('',#11,#10);
#13=DIRECTION('',(0.E0,1.E0,0.E0));
#14=VECTOR('',#13,4.3E0);
#15=CARTESIAN_POINT('',(3.62E1,7.4E0,-5.5E-1));
#16=LINE('',#15,#14);
#17=DIRECTION('',(1.E0,0.E0,0.E0));
#18=VECTOR('',#17,1.23E1);
#19=CARTESIAN_POINT('',(2.39E1,7.4E0,-5.5E-1));
#20=LINE('',#19,#18);
#21=DIRECTION('',(0.E0,-1.E0,0.E0));
#22=VECTOR('',#21,4.3E0);
#23=CARTESIAN_POINT('',(2.39E1,1.17E1,-5.5E-1));
#24=LINE('',#23,#22);
#25=DIRECTION('',(-1.E0,0.E0,0.E0));
#26=VECTOR('',#25,1.23E1);
#27=CARTESIAN_POINT('',(3.62E1,1.17E1,-5.5E-1));
#28=LINE('',#27,#26);
#29=CARTESIAN_POINT('',(1.05E1,-9.95E0,-5.5E-1));
#30=DIRECTION('',(0.E0,0.E0,1.E0));
#31=DIRECTION('',(-1.E0,0.E0,0.E0));
#32=AXIS2_PLACEMENT_3D('',#29,#30,#31);
#34=CARTESIAN_POINT('',(1.05E1,-9.95E0,-5.5E-1));
#35=DIRECTION('',(0.E0,0.E0,1.E0));
#36=DIRECTION('',(1.E0,0.E0,0.E0));
#37=AXIS2_PLACEMENT_3D('',#34,#35,#36);
#39=CARTESIAN_POINT('',(1.05E1,3.5E0,-5.5E-1));
#40=DIRECTION('',(0.E0,0.E0,1.E0));
#41=DIRECTION('',(-1.E0,0.E0,0.E0));
#42=AXIS2_PLACEMENT_3D('',#39,#40,#41);
#44=CARTESIAN_POINT('',(1.05E1,3.5E0,-5.5E-1));
#45=DIRECTION('',(0.E0,0.E0,1.E0));
#46=DIRECTION('',(1.E0,0.E0,0.E0));
#47=AXIS2_PLACEMENT_3D('',#44,#45,#46);
#49=CARTESIAN_POINT('',(4.06E1,3.5E0,-5.5E-1));
#50=DIRECTION('',(0.E0,0.E0,1.E0));
#51=DIRECTION('',(-1.E0,0.E0,0.E0));
#52=AXIS2_PLACEMENT_3D('',#49,#50,#51);
#54=CARTESIAN_POINT('',(4.06E1,3.5E0,-5.5E-1));
#55=DIRECTION('',(0.E0,0.E0,1.E0));
#56=DIRECTION('',(1.E0,0.E0,0.E0));
#57=AXIS2_PLACEMENT_3D('',#54,#55,#56);
#59=CARTESIAN_POINT('',(4.06E1,-9.95E0,-5.5E-1));
#60=DIRECTION('',(0.E0,0.E0,1.E0));
#61=DIRECTION('',(-1.E0,0.E0,0.E0));
#62=AXIS2_PLACEMENT_3D('',#59,#60,#61);
#64=CARTESIAN_POINT('',(4.06E1,-9.95E0,-5.5E-1));
#65=DIRECTION('',(0.E0,0.E0,1.E0));
#66=DIRECTION('',(1.E0,0.E0,0.E0));
#67=AXIS2_PLACEMENT_3D('',#64,#65,#66);
#69=DIRECTION('',(-1.E0,0.E0,0.E0));
#70=VECTOR('',#69,1.75E0);
#71=CARTESIAN_POINT('',(2.305E1,-1.5E0,-5.5E-1));
#72=LINE('',#71,#70);
#73=DIRECTION('',(0.E0,-1.E0,0.E0));
#74=VECTOR('',#73,4.85E0);
#75=CARTESIAN_POINT('',(2.305E1,3.35E0,-5.5E-1));
#76=LINE('',#75,#74);
#77=DIRECTION('',(-1.E0,0.E0,0.E0));
#78=VECTOR('',#77,1.4E1);
#79=CARTESIAN_POINT('',(3.705E1,3.35E0,-5.5E-1));
#80=LINE('',#79,#78);
#81=DIRECTION('',(0.E0,1.E0,0.E0));
#82=VECTOR('',#81,4.85E0);
#83=CARTESIAN_POINT('',(3.705E1,-1.5E0,-5.5E-1));
#84=LINE('',#83,#82);
#85=DIRECTION('',(-1.E0,0.E0,0.E0));
#86=VECTOR('',#85,1.75E0);
#87=CARTESIAN_POINT('',(3.88E1,-1.5E0,-5.5E-1));
#88=LINE('',#87,#86);
#89=DIRECTION('',(1.E0,0.E0,0.E0));
#90=VECTOR('',#89,1.75E0);
#91=CARTESIAN_POINT('',(3.705E1,-5.8E0,-5.5E-1));
#92=LINE('',#91,#90);
#93=DIRECTION('',(0.E0,1.E0,0.E0));
#94=VECTOR('',#93,4.85E0);
#95=CARTESIAN_POINT('',(3.705E1,-1.065E1,-5.5E-1));
#96=LINE('',#95,#94);
#97=DIRECTION('',(1.E0,0.E0,0.E0));
#98=VECTOR('',#97,1.4E1);
#99=CARTESIAN_POINT('',(2.305E1,-1.065E1,-5.5E-1));
#100=LINE('',#99,#98);
#101=DIRECTION('',(0.E0,-1.E0,0.E0));
#102=VECTOR('',#101,4.85E0);
#103=CARTESIAN_POINT('',(2.305E1,-5.8E0,-5.5E-1));
#104=LINE('',#103,#102);
#105=DIRECTION('',(1.E0,0.E0,0.E0));
#106=VECTOR('',#105,1.75E0);
#107=CARTESIAN_POINT('',(2.13E1,-5.8E0,-5.5E-1));
#108=LINE('',#107,#106);
#109=CARTESIAN_POINT('',(-4.06E1,-9.95E0,-5.5E-1));
#110=DIRECTION('',(0.E0,0.E0,-1.E0));
#111=DIRECTION('',(1.E0,0.E0,0.E0));
#112=AXIS2_PLACEMENT_3D('',#109,#110,#111);
#114=CARTESIAN_POINT('',(-4.06E1,-9.95E0,-5.5E-1));
#115=DIRECTION('',(0.E0,0.E0,-1.E0));
#116=DIRECTION('',(-1.E0,0.E0,0.E0));
#117=AXIS2_PLACEMENT_3D('',#114,#115,#116);
#119=CARTESIAN_POINT('',(-4.06E1,3.5E0,-5.5E-1));
#120=DIRECTION('',(0.E0,0.E0,-1.E0));
#121=DIRECTION('',(1.E0,0.E0,0.E0));
#122=AXIS2_PLACEMENT_3D('',#119,#120,#121);
#124=CARTESIAN_POINT('',(-4.06E1,3.5E0,-5.5E-1));
#125=DIRECTION('',(0.E0,0.E0,-1.E0));
#126=DIRECTION('',(-1.E0,0.E0,0.E0));
#127=AXIS2_PLACEMENT_3D('',#124,#125,#126);
#129=CARTESIAN_POINT('',(-1.05E1,3.5E0,-5.5E-1));
#130=DIRECTION('',(0.E0,0.E0,-1.E0));
#131=DIRECTION('',(1.E0,0.E0,0.E0));
#132=AXIS2_PLACEMENT_3D('',#129,#130,#131);
#134=CARTESIAN_POINT('',(-1.05E1,3.5E0,-5.5E-1));
#135=DIRECTION('',(0.E0,0.E0,-1.E0));
#136=DIRECTION('',(-1.E0,0.E0,0.E0));
#137=AXIS2_PLACEMENT_3D('',#134,#135,#136);
#139=CARTESIAN_POINT('',(-1.05E1,-9.95E0,-5.5E-1));
#140=DIRECTION('',(0.E0,0.E0,-1.E0));
#141=DIRECTION('',(1.E0,0.E0,0.E0));
#142=AXIS2_PLACEMENT_3D('',#139,#140,#141);
#144=CARTESIAN_POINT('',(-1.05E1,-9.95E0,-5.5E-1));
#145=DIRECTION('',(0.E0,0.E0,-1.E0));
#146=DIRECTION('',(-1.E0,0.E0,0.E0));
#147=AXIS2_PLACEMENT_3D('',#144,#145,#146);
#149=DIRECTION('',(0.E0,1.E0,0.E0));
#150=VECTOR('',#149,4.3E0);
#151=CARTESIAN_POINT('',(-3.62E1,7.4E0,-5.5E-1));
#152=LINE('',#151,#150);
#153=DIRECTION('',(1.E0,0.E0,0.E0));
#154=VECTOR('',#153,1.23E1);
#155=CARTESIAN_POINT('',(-3.62E1,1.17E1,-5.5E-1));
#156=LINE('',#155,#154);
#157=DIRECTION('',(0.E0,-1.E0,0.E0));
#158=VECTOR('',#157,4.3E0);
#159=CARTESIAN_POINT('',(-2.39E1,1.17E1,-5.5E-1));
#160=LINE('',#159,#158);
#161=DIRECTION('',(-1.E0,0.E0,0.E0));
#162=VECTOR('',#161,1.23E1);
#163=CARTESIAN_POINT('',(-2.39E1,7.4E0,-5.5E-1));
#164=LINE('',#163,#162);
#165=DIRECTION('',(0.E0,-1.E0,0.E0));
#166=VECTOR('',#165,2.5E0);
#167=CARTESIAN_POINT('',(-3.78E1,1.E0,-5.5E-1));
#168=LINE('',#167,#166);
#169=DIRECTION('',(1.E0,0.E0,0.E0));
#170=VECTOR('',#169,7.5E-1);
#171=CARTESIAN_POINT('',(-3.78E1,-1.5E0,-5.5E-1));
#172=LINE('',#171,#170);
#173=DIRECTION('',(0.E0,1.E0,0.E0));
#174=VECTOR('',#173,4.85E0);
#175=CARTESIAN_POINT('',(-3.705E1,-1.5E0,-5.5E-1));
#176=LINE('',#175,#174);
#177=DIRECTION('',(1.E0,0.E0,0.E0));
#178=VECTOR('',#177,1.4E1);
#179=CARTESIAN_POINT('',(-3.705E1,3.35E0,-5.5E-1));
#180=LINE('',#179,#178);
#181=DIRECTION('',(0.E0,-1.E0,0.E0));
#182=VECTOR('',#181,4.85E0);
#183=CARTESIAN_POINT('',(-2.305E1,3.35E0,-5.5E-1));
#184=LINE('',#183,#182);
#185=DIRECTION('',(1.E0,0.E0,0.E0));
#186=VECTOR('',#185,1.75E0);
#187=CARTESIAN_POINT('',(-2.305E1,-1.5E0,-5.5E-1));
#188=LINE('',#187,#186);
#189=DIRECTION('',(-1.E0,0.E0,0.E0));
#190=VECTOR('',#189,1.75E0);
#191=CARTESIAN_POINT('',(-2.13E1,-5.8E0,-5.5E-1));
#192=LINE('',#191,#190);
#193=DIRECTION('',(0.E0,-1.E0,0.E0));
#194=VECTOR('',#193,4.85E0);
#195=CARTESIAN_POINT('',(-2.305E1,-5.8E0,-5.5E-1));
#196=LINE('',#195,#194);
#197=DIRECTION('',(-1.E0,0.E0,0.E0));
#198=VECTOR('',#197,1.4E1);
#199=CARTESIAN_POINT('',(-2.305E1,-1.065E1,-5.5E-1));
#200=LINE('',#199,#198);
#201=DIRECTION('',(0.E0,1.E0,0.E0));
#202=VECTOR('',#201,4.85E0);
#203=CARTESIAN_POINT('',(-3.705E1,-1.065E1,-5.5E-1));
#204=LINE('',#203,#202);
#205=DIRECTION('',(-1.E0,0.E0,0.E0));
#206=VECTOR('',#205,1.75E0);
#207=CARTESIAN_POINT('',(-3.705E1,-5.8E0,-5.5E-1));
#208=LINE('',#207,#206);
#209=DIRECTION('',(-1.E0,0.E0,0.E0));
#210=VECTOR('',#209,2.E0);
#211=CARTESIAN_POINT('',(-3.88E1,-1.5E0,-5.5E-1));
#212=LINE('',#211,#210);
#213=DIRECTION('',(0.E0,1.E0,0.E0));
#214=VECTOR('',#213,2.5E0);
#215=CARTESIAN_POINT('',(-4.08E1,-1.5E0,-5.5E-1));
#216=LINE('',#215,#214);
#217=DIRECTION('',(1.E0,0.E0,0.E0));
#218=VECTOR('',#217,3.E0);
#219=CARTESIAN_POINT('',(-4.08E1,1.E0,-5.5E-1));
#220=LINE('',#219,#218);
#221=DIRECTION('',(0.E0,-1.E0,0.E0));
#222=VECTOR('',#221,8.E-1);
#223=CARTESIAN_POINT('',(-3.89E1,1.04E1,-5.5E-1));
#224=LINE('',#223,#222);
#225=DIRECTION('',(-1.E0,0.E0,0.E0));
#226=VECTOR('',#225,1.7E0);
#227=CARTESIAN_POINT('',(-3.89E1,9.6E0,-5.5E-1));
#228=LINE('',#227,#226);
#229=DIRECTION('',(0.E0,1.E0,0.E0));
#230=VECTOR('',#229,8.E-1);
#231=CARTESIAN_POINT('',(-4.06E1,9.6E0,-5.5E-1));
#232=LINE('',#231,#230);
#233=DIRECTION('',(1.E0,0.E0,0.E0));
#234=VECTOR('',#233,1.7E0);
#235=CARTESIAN_POINT('',(-4.06E1,1.04E1,-5.5E-1));
#236=LINE('',#235,#234);
#237=DIRECTION('',(0.E0,-1.E0,0.E0));
#238=VECTOR('',#237,8.E-1);
#239=CARTESIAN_POINT('',(-3.89E1,8.6E0,-5.5E-1));
#240=LINE('',#239,#238);
#241=DIRECTION('',(-1.E0,0.E0,0.E0));
#242=VECTOR('',#241,1.7E0);
#243=CARTESIAN_POINT('',(-3.89E1,7.8E0,-5.5E-1));
#244=LINE('',#243,#242);
#245=DIRECTION('',(0.E0,1.E0,0.E0));
#246=VECTOR('',#245,8.E-1);
#247=CARTESIAN_POINT('',(-4.06E1,7.8E0,-5.5E-1));
#248=LINE('',#247,#246);
#249=DIRECTION('',(1.E0,0.E0,0.E0));
#250=VECTOR('',#249,1.7E0);
#251=CARTESIAN_POINT('',(-4.06E1,8.6E0,-5.5E-1));
#252=LINE('',#251,#250);
#253=DIRECTION('',(0.E0,-1.E0,0.E0));
#254=VECTOR('',#253,8.E-1);
#255=CARTESIAN_POINT('',(-3.89E1,6.8E0,-5.5E-1));
#256=LINE('',#255,#254);
#257=DIRECTION('',(-1.E0,0.E0,0.E0));
#258=VECTOR('',#257,1.7E0);
#259=CARTESIAN_POINT('',(-3.89E1,6.E0,-5.5E-1));
#260=LINE('',#259,#258);
#261=DIRECTION('',(0.E0,1.E0,0.E0));
#262=VECTOR('',#261,8.E-1);
#263=CARTESIAN_POINT('',(-4.06E1,6.E0,-5.5E-1));
#264=LINE('',#263,#262);
#265=DIRECTION('',(1.E0,0.E0,0.E0));
#266=VECTOR('',#265,1.7E0);
#267=CARTESIAN_POINT('',(-4.06E1,6.8E0,-5.5E-1));
#268=LINE('',#267,#266);
#269=DIRECTION('',(0.E0,-1.E0,0.E0));
#270=VECTOR('',#269,7.5E-1);
#271=CARTESIAN_POINT('',(-3.75E1,-6.25E0,-5.5E-1));
#272=LINE('',#271,#270);
#273=DIRECTION('',(-1.E0,0.E0,0.E0));
#274=VECTOR('',#273,2.E0);
#275=CARTESIAN_POINT('',(-3.75E1,-7.E0,-5.5E-1));
#276=LINE('',#275,#274);
#277=DIRECTION('',(0.E0,1.E0,0.E0));
#278=VECTOR('',#277,7.5E-1);
#279=CARTESIAN_POINT('',(-3.95E1,-7.E0,-5.5E-1));
#280=LINE('',#279,#278);
#281=DIRECTION('',(1.E0,0.E0,0.E0));
#282=VECTOR('',#281,2.E0);
#283=CARTESIAN_POINT('',(-3.95E1,-6.25E0,-5.5E-1));
#284=LINE('',#283,#282);
#285=DIRECTION('',(0.E0,-1.E0,0.E0));
#286=VECTOR('',#285,8.E-1);
#287=CARTESIAN_POINT('',(-2.01E1,0.E0,-5.5E-1));
#288=LINE('',#287,#286);
#289=DIRECTION('',(-1.E0,0.E0,0.E0));
#290=VECTOR('',#289,1.7E0);
#291=CARTESIAN_POINT('',(-2.01E1,-8.E-1,-5.5E-1));
#292=LINE('',#291,#290);
#293=DIRECTION('',(0.E0,1.E0,0.E0));
#294=VECTOR('',#293,8.E-1);
#295=CARTESIAN_POINT('',(-2.18E1,-8.E-1,-5.5E-1));
#296=LINE('',#295,#294);
#297=DIRECTION('',(1.E0,0.E0,0.E0));
#298=VECTOR('',#297,1.7E0);
#299=CARTESIAN_POINT('',(-2.18E1,0.E0,-5.5E-1));
#300=LINE('',#299,#298);
#301=DIRECTION('',(0.E0,-1.E0,0.E0));
#302=VECTOR('',#301,8.E-1);
#303=CARTESIAN_POINT('',(-2.01E1,1.8E0,-5.5E-1));
#304=LINE('',#303,#302);
#305=DIRECTION('',(-1.E0,0.E0,0.E0));
#306=VECTOR('',#305,1.7E0);
#307=CARTESIAN_POINT('',(-2.01E1,1.E0,-5.5E-1));
#308=LINE('',#307,#306);
#309=DIRECTION('',(0.E0,1.E0,0.E0));
#310=VECTOR('',#309,8.E-1);
#311=CARTESIAN_POINT('',(-2.18E1,1.E0,-5.5E-1));
#312=LINE('',#311,#310);
#313=DIRECTION('',(1.E0,0.E0,0.E0));
#314=VECTOR('',#313,1.7E0);
#315=CARTESIAN_POINT('',(-2.18E1,1.8E0,-5.5E-1));
#316=LINE('',#315,#314);
#317=DIRECTION('',(0.E0,-1.E0,0.E0));
#318=VECTOR('',#317,8.E-1);
#319=CARTESIAN_POINT('',(-2.01E1,3.6E0,-5.5E-1));
#320=LINE('',#319,#318);
#321=DIRECTION('',(-1.E0,0.E0,0.E0));
#322=VECTOR('',#321,1.7E0);
#323=CARTESIAN_POINT('',(-2.01E1,2.8E0,-5.5E-1));
#324=LINE('',#323,#322);
#325=DIRECTION('',(0.E0,1.E0,0.E0));
#326=VECTOR('',#325,8.E-1);
#327=CARTESIAN_POINT('',(-2.18E1,2.8E0,-5.5E-1));
#328=LINE('',#327,#326);
#329=DIRECTION('',(1.E0,0.E0,0.E0));
#330=VECTOR('',#329,1.7E0);
#331=CARTESIAN_POINT('',(-2.18E1,3.6E0,-5.5E-1));
#332=LINE('',#331,#330);
#333=DIRECTION('',(0.E0,-1.E0,0.E0));
#334=VECTOR('',#333,8.E-1);
#335=CARTESIAN_POINT('',(-2.01E1,5.5E0,-5.5E-1));
#336=LINE('',#335,#334);
#337=DIRECTION('',(-1.E0,0.E0,0.E0));
#338=VECTOR('',#337,1.7E0);
#339=CARTESIAN_POINT('',(-2.01E1,4.7E0,-5.5E-1));
#340=LINE('',#339,#338);
#341=DIRECTION('',(0.E0,1.E0,0.E0));
#342=VECTOR('',#341,8.E-1);
#343=CARTESIAN_POINT('',(-2.18E1,4.7E0,-5.5E-1));
#344=LINE('',#343,#342);
#345=DIRECTION('',(1.E0,0.E0,0.E0));
#346=VECTOR('',#345,1.7E0);
#347=CARTESIAN_POINT('',(-2.18E1,5.5E0,-5.5E-1));
#348=LINE('',#347,#346);
#349=DIRECTION('',(0.E0,-1.E0,0.E0));
#350=VECTOR('',#349,8.E-1);
#351=CARTESIAN_POINT('',(-2.01E1,7.5E0,-5.5E-1));
#352=LINE('',#351,#350);
#353=DIRECTION('',(-1.E0,0.E0,0.E0));
#354=VECTOR('',#353,1.7E0);
#355=CARTESIAN_POINT('',(-2.01E1,6.7E0,-5.5E-1));
#356=LINE('',#355,#354);
#357=DIRECTION('',(0.E0,1.E0,0.E0));
#358=VECTOR('',#357,8.E-1);
#359=CARTESIAN_POINT('',(-2.18E1,6.7E0,-5.5E-1));
#360=LINE('',#359,#358);
#361=DIRECTION('',(1.E0,0.E0,0.E0));
#362=VECTOR('',#361,1.7E0);
#363=CARTESIAN_POINT('',(-2.18E1,7.5E0,-5.5E-1));
#364=LINE('',#363,#362);
#365=DIRECTION('',(0.E0,-1.E0,0.E0));
#366=VECTOR('',#365,8.E-1);
#367=CARTESIAN_POINT('',(-2.01E1,-8.7E0,-5.5E-1));
#368=LINE('',#367,#366);
#369=DIRECTION('',(-1.E0,0.E0,0.E0));
#370=VECTOR('',#369,1.7E0);
#371=CARTESIAN_POINT('',(-2.01E1,-9.5E0,-5.5E-1));
#372=LINE('',#371,#370);
#373=DIRECTION('',(0.E0,1.E0,0.E0));
#374=VECTOR('',#373,8.E-1);
#375=CARTESIAN_POINT('',(-2.18E1,-9.5E0,-5.5E-1));
#376=LINE('',#375,#374);
#377=DIRECTION('',(1.E0,0.E0,0.E0));
#378=VECTOR('',#377,1.7E0);
#379=CARTESIAN_POINT('',(-2.18E1,-8.7E0,-5.5E-1));
#380=LINE('',#379,#378);
#381=DIRECTION('',(0.E0,-1.E0,0.E0));
#382=VECTOR('',#381,8.E-1);
#383=CARTESIAN_POINT('',(-2.01E1,-6.6E0,-5.5E-1));
#384=LINE('',#383,#382);
#385=DIRECTION('',(-1.E0,0.E0,0.E0));
#386=VECTOR('',#385,1.7E0);
#387=CARTESIAN_POINT('',(-2.01E1,-7.4E0,-5.5E-1));
#388=LINE('',#387,#386);
#389=DIRECTION('',(0.E0,1.E0,0.E0));
#390=VECTOR('',#389,8.E-1);
#391=CARTESIAN_POINT('',(-2.18E1,-7.4E0,-5.5E-1));
#392=LINE('',#391,#390);
#393=DIRECTION('',(1.E0,0.E0,0.E0));
#394=VECTOR('',#393,1.7E0);
#395=CARTESIAN_POINT('',(-2.18E1,-6.6E0,-5.5E-1));
#396=LINE('',#395,#394);
#397=DIRECTION('',(0.E0,-1.E0,0.E0));
#398=VECTOR('',#397,1.6E0);
#399=CARTESIAN_POINT('',(-1.57E1,9.1E0,-5.5E-1));
#400=LINE('',#399,#398);
#401=DIRECTION('',(-1.E0,0.E0,0.E0));
#402=VECTOR('',#401,3.E0);
#403=CARTESIAN_POINT('',(-1.57E1,7.5E0,-5.5E-1));
#404=LINE('',#403,#402);
#405=DIRECTION('',(0.E0,1.E0,0.E0));
#406=VECTOR('',#405,1.6E0);
#407=CARTESIAN_POINT('',(-1.87E1,7.5E0,-5.5E-1));
#408=LINE('',#407,#406);
#409=DIRECTION('',(1.E0,0.E0,0.E0));
#410=VECTOR('',#409,3.E0);
#411=CARTESIAN_POINT('',(-1.87E1,9.1E0,-5.5E-1));
#412=LINE('',#411,#410);
#413=DIRECTION('',(0.E0,-1.E0,0.E0));
#414=VECTOR('',#413,1.7E0);
#415=CARTESIAN_POINT('',(-1.57E1,3.4E0,-5.5E-1));
#416=LINE('',#415,#414);
#417=DIRECTION('',(-1.E0,0.E0,0.E0));
#418=VECTOR('',#417,3.E0);
#419=CARTESIAN_POINT('',(-1.57E1,1.7E0,-5.5E-1));
#420=LINE('',#419,#418);
#421=DIRECTION('',(0.E0,1.E0,0.E0));
#422=VECTOR('',#421,1.7E0);
#423=CARTESIAN_POINT('',(-1.87E1,1.7E0,-5.5E-1));
#424=LINE('',#423,#422);
#425=DIRECTION('',(1.E0,0.E0,0.E0));
#426=VECTOR('',#425,3.E0);
#427=CARTESIAN_POINT('',(-1.87E1,3.4E0,-5.5E-1));
#428=LINE('',#427,#426);
#429=DIRECTION('',(0.E0,-1.E0,0.E0));
#430=VECTOR('',#429,8.E-1);
#431=CARTESIAN_POINT('',(-1.635E1,-7.E-1,-5.5E-1));
#432=LINE('',#431,#430);
#433=DIRECTION('',(-1.E0,0.E0,0.E0));
#434=VECTOR('',#433,1.7E0);
#435=CARTESIAN_POINT('',(-1.635E1,-1.5E0,-5.5E-1));
#436=LINE('',#435,#434);
#437=DIRECTION('',(0.E0,1.E0,0.E0));
#438=VECTOR('',#437,8.E-1);
#439=CARTESIAN_POINT('',(-1.805E1,-1.5E0,-5.5E-1));
#440=LINE('',#439,#438);
#441=DIRECTION('',(1.E0,0.E0,0.E0));
#442=VECTOR('',#441,1.7E0);
#443=CARTESIAN_POINT('',(-1.805E1,-7.E-1,-5.5E-1));
#444=LINE('',#443,#442);
#445=DIRECTION('',(0.E0,-1.E0,0.E0));
#446=VECTOR('',#445,8.E-1);
#447=CARTESIAN_POINT('',(-1.635E1,-2.5E0,-5.5E-1));
#448=LINE('',#447,#446);
#449=DIRECTION('',(-1.E0,0.E0,0.E0));
#450=VECTOR('',#449,1.7E0);
#451=CARTESIAN_POINT('',(-1.635E1,-3.3E0,-5.5E-1));
#452=LINE('',#451,#450);
#453=DIRECTION('',(0.E0,1.E0,0.E0));
#454=VECTOR('',#453,8.E-1);
#455=CARTESIAN_POINT('',(-1.805E1,-3.3E0,-5.5E-1));
#456=LINE('',#455,#454);
#457=DIRECTION('',(1.E0,0.E0,0.E0));
#458=VECTOR('',#457,1.7E0);
#459=CARTESIAN_POINT('',(-1.805E1,-2.5E0,-5.5E-1));
#460=LINE('',#459,#458);
#461=DIRECTION('',(0.E0,-1.E0,0.E0));
#462=VECTOR('',#461,8.E-1);
#463=CARTESIAN_POINT('',(-1.635E1,-4.3E0,-5.5E-1));
#464=LINE('',#463,#462);
#465=DIRECTION('',(-1.E0,0.E0,0.E0));
#466=VECTOR('',#465,1.7E0);
#467=CARTESIAN_POINT('',(-1.635E1,-5.1E0,-5.5E-1));
#468=LINE('',#467,#466);
#469=DIRECTION('',(0.E0,1.E0,0.E0));
#470=VECTOR('',#469,8.E-1);
#471=CARTESIAN_POINT('',(-1.805E1,-5.1E0,-5.5E-1));
#472=LINE('',#471,#470);
#473=DIRECTION('',(1.E0,0.E0,0.E0));
#474=VECTOR('',#473,1.7E0);
#475=CARTESIAN_POINT('',(-1.805E1,-4.3E0,-5.5E-1));
#476=LINE('',#475,#474);
#477=DIRECTION('',(0.E0,-1.E0,0.E0));
#478=VECTOR('',#477,8.E-1);
#479=CARTESIAN_POINT('',(-1.635E1,-6.1E0,-5.5E-1));
#480=LINE('',#479,#478);
#481=DIRECTION('',(-1.E0,0.E0,0.E0));
#482=VECTOR('',#481,1.7E0);
#483=CARTESIAN_POINT('',(-1.635E1,-6.9E0,-5.5E-1));
#484=LINE('',#483,#482);
#485=DIRECTION('',(0.E0,1.E0,0.E0));
#486=VECTOR('',#485,8.E-1);
#487=CARTESIAN_POINT('',(-1.805E1,-6.9E0,-5.5E-1));
#488=LINE('',#487,#486);
#489=DIRECTION('',(1.E0,0.E0,0.E0));
#490=VECTOR('',#489,1.7E0);
#491=CARTESIAN_POINT('',(-1.805E1,-6.1E0,-5.5E-1));
#492=LINE('',#491,#490);
#493=DIRECTION('',(0.E0,-1.E0,0.E0));
#494=VECTOR('',#493,8.E-1);
#495=CARTESIAN_POINT('',(-1.635E1,-7.9E0,-5.5E-1));
#496=LINE('',#495,#494);
#497=DIRECTION('',(-1.E0,0.E0,0.E0));
#498=VECTOR('',#497,1.7E0);
#499=CARTESIAN_POINT('',(-1.635E1,-8.7E0,-5.5E-1));
#500=LINE('',#499,#498);
#501=DIRECTION('',(0.E0,1.E0,0.E0));
#502=VECTOR('',#501,8.E-1);
#503=CARTESIAN_POINT('',(-1.805E1,-8.7E0,-5.5E-1));
#504=LINE('',#503,#502);
#505=DIRECTION('',(1.E0,0.E0,0.E0));
#506=VECTOR('',#505,1.7E0);
#507=CARTESIAN_POINT('',(-1.805E1,-7.9E0,-5.5E-1));
#508=LINE('',#507,#506);
#509=DIRECTION('',(0.E0,-1.E0,0.E0));
#510=VECTOR('',#509,8.E-1);
#511=CARTESIAN_POINT('',(-1.635E1,-9.7E0,-5.5E-1));
#512=LINE('',#511,#510);
#513=DIRECTION('',(-1.E0,0.E0,0.E0));
#514=VECTOR('',#513,1.7E0);
#515=CARTESIAN_POINT('',(-1.635E1,-1.05E1,-5.5E-1));
#516=LINE('',#515,#514);
#517=DIRECTION('',(0.E0,1.E0,0.E0));
#518=VECTOR('',#517,8.E-1);
#519=CARTESIAN_POINT('',(-1.805E1,-1.05E1,-5.5E-1));
#520=LINE('',#519,#518);
#521=DIRECTION('',(1.E0,0.E0,0.E0));
#522=VECTOR('',#521,1.7E0);
#523=CARTESIAN_POINT('',(-1.805E1,-9.7E0,-5.5E-1));
#524=LINE('',#523,#522);
#525=DIRECTION('',(0.E0,-1.E0,0.E0));
#526=VECTOR('',#525,1.7E0);
#527=CARTESIAN_POINT('',(-8.8E0,9.5E0,-5.5E-1));
#528=LINE('',#527,#526);
#529=DIRECTION('',(-1.E0,0.E0,0.E0));
#530=VECTOR('',#529,8.E-1);
#531=CARTESIAN_POINT('',(-8.8E0,7.8E0,-5.5E-1));
#532=LINE('',#531,#530);
#533=DIRECTION('',(0.E0,1.E0,0.E0));
#534=VECTOR('',#533,1.7E0);
#535=CARTESIAN_POINT('',(-9.6E0,7.8E0,-5.5E-1));
#536=LINE('',#535,#534);
#537=DIRECTION('',(1.E0,0.E0,0.E0));
#538=VECTOR('',#537,8.E-1);
#539=CARTESIAN_POINT('',(-9.6E0,9.5E0,-5.5E-1));
#540=LINE('',#539,#538);
#541=DIRECTION('',(0.E0,-1.E0,0.E0));
#542=VECTOR('',#541,8.E-1);
#543=CARTESIAN_POINT('',(-1.12E1,8.2E0,-5.5E-1));
#544=LINE('',#543,#542);
#545=DIRECTION('',(-1.E0,0.E0,0.E0));
#546=VECTOR('',#545,1.7E0);
#547=CARTESIAN_POINT('',(-1.12E1,7.4E0,-5.5E-1));
#548=LINE('',#547,#546);
#549=DIRECTION('',(0.E0,1.E0,0.E0));
#550=VECTOR('',#549,8.E-1);
#551=CARTESIAN_POINT('',(-1.29E1,7.4E0,-5.5E-1));
#552=LINE('',#551,#550);
#553=DIRECTION('',(1.E0,0.E0,0.E0));
#554=VECTOR('',#553,1.7E0);
#555=CARTESIAN_POINT('',(-1.29E1,8.2E0,-5.5E-1));
#556=LINE('',#555,#554);
#557=DIRECTION('',(0.E0,-1.E0,0.E0));
#558=VECTOR('',#557,1.7E0);
#559=CARTESIAN_POINT('',(-1.37E1,4.9E0,-5.5E-1));
#560=LINE('',#559,#558);
#561=DIRECTION('',(-1.E0,0.E0,0.E0));
#562=VECTOR('',#561,8.E-1);
#563=CARTESIAN_POINT('',(-1.37E1,3.2E0,-5.5E-1));
#564=LINE('',#563,#562);
#565=DIRECTION('',(0.E0,1.E0,0.E0));
#566=VECTOR('',#565,1.7E0);
#567=CARTESIAN_POINT('',(-1.45E1,3.2E0,-5.5E-1));
#568=LINE('',#567,#566);
#569=DIRECTION('',(1.E0,0.E0,0.E0));
#570=VECTOR('',#569,8.E-1);
#571=CARTESIAN_POINT('',(-1.45E1,4.9E0,-5.5E-1));
#572=LINE('',#571,#570);
#573=DIRECTION('',(0.E0,-1.E0,0.E0));
#574=VECTOR('',#573,8.E-1);
#575=CARTESIAN_POINT('',(-1.28E1,1.6E0,-5.5E-1));
#576=LINE('',#575,#574);
#577=DIRECTION('',(-1.E0,0.E0,0.E0));
#578=VECTOR('',#577,1.7E0);
#579=CARTESIAN_POINT('',(-1.28E1,8.E-1,-5.5E-1));
#580=LINE('',#579,#578);
#581=DIRECTION('',(0.E0,1.E0,0.E0));
#582=VECTOR('',#581,8.E-1);
#583=CARTESIAN_POINT('',(-1.45E1,8.E-1,-5.5E-1));
#584=LINE('',#583,#582);
#585=DIRECTION('',(1.E0,0.E0,0.E0));
#586=VECTOR('',#585,1.7E0);
#587=CARTESIAN_POINT('',(-1.45E1,1.6E0,-5.5E-1));
#588=LINE('',#587,#586);
#589=DIRECTION('',(0.E0,-1.E0,0.E0));
#590=VECTOR('',#589,5.E0);
#591=CARTESIAN_POINT('',(-8.7E0,-2.5E0,-5.5E-1));
#592=LINE('',#591,#590);
#593=DIRECTION('',(-1.E0,0.E0,0.E0));
#594=VECTOR('',#593,4.5E0);
#595=CARTESIAN_POINT('',(-8.7E0,-7.5E0,-5.5E-1));
#596=LINE('',#595,#594);
#597=DIRECTION('',(0.E0,1.E0,0.E0));
#598=VECTOR('',#597,5.E0);
#599=CARTESIAN_POINT('',(-1.32E1,-7.5E0,-5.5E-1));
#600=LINE('',#599,#598);
#601=DIRECTION('',(1.E0,0.E0,0.E0));
#602=VECTOR('',#601,4.5E0);
#603=CARTESIAN_POINT('',(-1.32E1,-2.5E0,-5.5E-1));
#604=LINE('',#603,#602);
#605=DIRECTION('',(0.E0,-1.E0,0.E0));
#606=VECTOR('',#605,8.E-1);
#607=CARTESIAN_POINT('',(-1.2E1,-7.E-1,-5.5E-1));
#608=LINE('',#607,#606);
#609=DIRECTION('',(-1.E0,0.E0,0.E0));
#610=VECTOR('',#609,1.7E0);
#611=CARTESIAN_POINT('',(-1.2E1,-1.5E0,-5.5E-1));
#612=LINE('',#611,#610);
#613=DIRECTION('',(0.E0,1.E0,0.E0));
#614=VECTOR('',#613,8.E-1);
#615=CARTESIAN_POINT('',(-1.37E1,-1.5E0,-5.5E-1));
#616=LINE('',#615,#614);
#617=DIRECTION('',(1.E0,0.E0,0.E0));
#618=VECTOR('',#617,1.7E0);
#619=CARTESIAN_POINT('',(-1.37E1,-7.E-1,-5.5E-1));
#620=LINE('',#619,#618);
#621=DIRECTION('',(0.E0,-1.E0,0.E0));
#622=VECTOR('',#621,8.E-1);
#623=CARTESIAN_POINT('',(-6.7E0,-7.E-1,-5.5E-1));
#624=LINE('',#623,#622);
#625=DIRECTION('',(-1.E0,0.E0,0.E0));
#626=VECTOR('',#625,1.7E0);
#627=CARTESIAN_POINT('',(-6.7E0,-1.5E0,-5.5E-1));
#628=LINE('',#627,#626);
#629=DIRECTION('',(0.E0,1.E0,0.E0));
#630=VECTOR('',#629,8.E-1);
#631=CARTESIAN_POINT('',(-8.4E0,-1.5E0,-5.5E-1));
#632=LINE('',#631,#630);
#633=DIRECTION('',(1.E0,0.E0,0.E0));
#634=VECTOR('',#633,1.7E0);
#635=CARTESIAN_POINT('',(-8.4E0,-7.E-1,-5.5E-1));
#636=LINE('',#635,#634);
#637=DIRECTION('',(0.E0,-1.E0,0.E0));
#638=VECTOR('',#637,8.E-1);
#639=CARTESIAN_POINT('',(-3.7E0,-7.E-1,-5.5E-1));
#640=LINE('',#639,#638);
#641=DIRECTION('',(-1.E0,0.E0,0.E0));
#642=VECTOR('',#641,1.7E0);
#643=CARTESIAN_POINT('',(-3.7E0,-1.5E0,-5.5E-1));
#644=LINE('',#643,#642);
#645=DIRECTION('',(0.E0,1.E0,0.E0));
#646=VECTOR('',#645,8.E-1);
#647=CARTESIAN_POINT('',(-5.4E0,-1.5E0,-5.5E-1));
#648=LINE('',#647,#646);
#649=DIRECTION('',(1.E0,0.E0,0.E0));
#650=VECTOR('',#649,1.7E0);
#651=CARTESIAN_POINT('',(-5.4E0,-7.E-1,-5.5E-1));
#652=LINE('',#651,#650);
#653=DIRECTION('',(0.E0,-1.E0,0.E0));
#654=VECTOR('',#653,8.E-1);
#655=CARTESIAN_POINT('',(-3.7E0,-2.5E0,-5.5E-1));
#656=LINE('',#655,#654);
#657=DIRECTION('',(-1.E0,0.E0,0.E0));
#658=VECTOR('',#657,1.7E0);
#659=CARTESIAN_POINT('',(-3.7E0,-3.3E0,-5.5E-1));
#660=LINE('',#659,#658);
#661=DIRECTION('',(0.E0,1.E0,0.E0));
#662=VECTOR('',#661,8.E-1);
#663=CARTESIAN_POINT('',(-5.4E0,-3.3E0,-5.5E-1));
#664=LINE('',#663,#662);
#665=DIRECTION('',(1.E0,0.E0,0.E0));
#666=VECTOR('',#665,1.7E0);
#667=CARTESIAN_POINT('',(-5.4E0,-2.5E0,-5.5E-1));
#668=LINE('',#667,#666);
#669=DIRECTION('',(0.E0,-1.E0,0.E0));
#670=VECTOR('',#669,8.E-1);
#671=CARTESIAN_POINT('',(-3.7E0,-4.3E0,-5.5E-1));
#672=LINE('',#671,#670);
#673=DIRECTION('',(-1.E0,0.E0,0.E0));
#674=VECTOR('',#673,1.7E0);
#675=CARTESIAN_POINT('',(-3.7E0,-5.1E0,-5.5E-1));
#676=LINE('',#675,#674);
#677=DIRECTION('',(0.E0,1.E0,0.E0));
#678=VECTOR('',#677,8.E-1);
#679=CARTESIAN_POINT('',(-5.4E0,-5.1E0,-5.5E-1));
#680=LINE('',#679,#678);
#681=DIRECTION('',(1.E0,0.E0,0.E0));
#682=VECTOR('',#681,1.7E0);
#683=CARTESIAN_POINT('',(-5.4E0,-4.3E0,-5.5E-1));
#684=LINE('',#683,#682);
#685=DIRECTION('',(0.E0,-1.E0,0.E0));
#686=VECTOR('',#685,8.E-1);
#687=CARTESIAN_POINT('',(-3.7E0,-6.1E0,-5.5E-1));
#688=LINE('',#687,#686);
#689=DIRECTION('',(-1.E0,0.E0,0.E0));
#690=VECTOR('',#689,1.7E0);
#691=CARTESIAN_POINT('',(-3.7E0,-6.9E0,-5.5E-1));
#692=LINE('',#691,#690);
#693=DIRECTION('',(0.E0,1.E0,0.E0));
#694=VECTOR('',#693,8.E-1);
#695=CARTESIAN_POINT('',(-5.4E0,-6.9E0,-5.5E-1));
#696=LINE('',#695,#694);
#697=DIRECTION('',(1.E0,0.E0,0.E0));
#698=VECTOR('',#697,1.7E0);
#699=CARTESIAN_POINT('',(-5.4E0,-6.1E0,-5.5E-1));
#700=LINE('',#699,#698);
#701=DIRECTION('',(0.E0,-1.E0,0.E0));
#702=VECTOR('',#701,8.E-1);
#703=CARTESIAN_POINT('',(-3.7E0,-7.9E0,-5.5E-1));
#704=LINE('',#703,#702);
#705=DIRECTION('',(-1.E0,0.E0,0.E0));
#706=VECTOR('',#705,1.7E0);
#707=CARTESIAN_POINT('',(-3.7E0,-8.7E0,-5.5E-1));
#708=LINE('',#707,#706);
#709=DIRECTION('',(0.E0,1.E0,0.E0));
#710=VECTOR('',#709,8.E-1);
#711=CARTESIAN_POINT('',(-5.4E0,-8.7E0,-5.5E-1));
#712=LINE('',#711,#710);
#713=DIRECTION('',(1.E0,0.E0,0.E0));
#714=VECTOR('',#713,1.7E0);
#715=CARTESIAN_POINT('',(-5.4E0,-7.9E0,-5.5E-1));
#716=LINE('',#715,#714);
#717=DIRECTION('',(0.E0,-1.E0,0.E0));
#718=VECTOR('',#717,8.E-1);
#719=CARTESIAN_POINT('',(-3.7E0,-9.7E0,-5.5E-1));
#720=LINE('',#719,#718);
#721=DIRECTION('',(-1.E0,0.E0,0.E0));
#722=VECTOR('',#721,1.7E0);
#723=CARTESIAN_POINT('',(-3.7E0,-1.05E1,-5.5E-1));
#724=LINE('',#723,#722);
#725=DIRECTION('',(0.E0,1.E0,0.E0));
#726=VECTOR('',#725,8.E-1);
#727=CARTESIAN_POINT('',(-5.4E0,-1.05E1,-5.5E-1));
#728=LINE('',#727,#726);
#729=DIRECTION('',(1.E0,0.E0,0.E0));
#730=VECTOR('',#729,1.7E0);
#731=CARTESIAN_POINT('',(-5.4E0,-9.7E0,-5.5E-1));
#732=LINE('',#731,#730);
#733=DIRECTION('',(0.E0,-1.E0,0.E0));
#734=VECTOR('',#733,8.E-1);
#735=CARTESIAN_POINT('',(-5.E-1,-9.7E0,-5.5E-1));
#736=LINE('',#735,#734);
#737=DIRECTION('',(-1.E0,0.E0,0.E0));
#738=VECTOR('',#737,1.7E0);
#739=CARTESIAN_POINT('',(-5.E-1,-1.05E1,-5.5E-1));
#740=LINE('',#739,#738);
#741=DIRECTION('',(0.E0,1.E0,0.E0));
#742=VECTOR('',#741,8.E-1);
#743=CARTESIAN_POINT('',(-2.2E0,-1.05E1,-5.5E-1));
#744=LINE('',#743,#742);
#745=DIRECTION('',(1.E0,0.E0,0.E0));
#746=VECTOR('',#745,1.7E0);
#747=CARTESIAN_POINT('',(-2.2E0,-9.7E0,-5.5E-1));
#748=LINE('',#747,#746);
#749=DIRECTION('',(0.E0,-1.E0,0.E0));
#750=VECTOR('',#749,8.E-1);
#751=CARTESIAN_POINT('',(2.7E0,-9.7E0,-5.5E-1));
#752=LINE('',#751,#750);
#753=DIRECTION('',(-1.E0,0.E0,0.E0));
#754=VECTOR('',#753,1.7E0);
#755=CARTESIAN_POINT('',(2.7E0,-1.05E1,-5.5E-1));
#756=LINE('',#755,#754);
#757=DIRECTION('',(0.E0,1.E0,0.E0));
#758=VECTOR('',#757,8.E-1);
#759=CARTESIAN_POINT('',(1.E0,-1.05E1,-5.5E-1));
#760=LINE('',#759,#758);
#761=DIRECTION('',(1.E0,0.E0,0.E0));
#762=VECTOR('',#761,1.7E0);
#763=CARTESIAN_POINT('',(1.E0,-9.7E0,-5.5E-1));
#764=LINE('',#763,#762);
#765=DIRECTION('',(0.E0,-1.E0,0.E0));
#766=VECTOR('',#765,8.E-1);
#767=CARTESIAN_POINT('',(5.861769261870E0,-9.7E0,-5.5E-1));
#768=LINE('',#767,#766);
#769=DIRECTION('',(-1.E0,0.E0,0.E0));
#770=VECTOR('',#769,1.7E0);
#771=CARTESIAN_POINT('',(5.861769261870E0,-1.05E1,-5.5E-1));
#772=LINE('',#771,#770);
#773=DIRECTION('',(0.E0,1.E0,0.E0));
#774=VECTOR('',#773,8.E-1);
#775=CARTESIAN_POINT('',(4.161769261870E0,-1.05E1,-5.5E-1));
#776=LINE('',#775,#774);
#777=DIRECTION('',(1.E0,0.E0,0.E0));
#778=VECTOR('',#777,1.7E0);
#779=CARTESIAN_POINT('',(4.161769261870E0,-9.7E0,-5.5E-1));
#780=LINE('',#779,#778);
#781=DIRECTION('',(0.E0,-1.E0,0.E0));
#782=VECTOR('',#781,8.E-1);
#783=CARTESIAN_POINT('',(5.861769261870E0,-7.9E0,-5.5E-1));
#784=LINE('',#783,#782);
#785=DIRECTION('',(-1.E0,0.E0,0.E0));
#786=VECTOR('',#785,1.7E0);
#787=CARTESIAN_POINT('',(5.861769261870E0,-8.7E0,-5.5E-1));
#788=LINE('',#787,#786);
#789=DIRECTION('',(0.E0,1.E0,0.E0));
#790=VECTOR('',#789,8.E-1);
#791=CARTESIAN_POINT('',(4.161769261870E0,-8.7E0,-5.5E-1));
#792=LINE('',#791,#790);
#793=DIRECTION('',(1.E0,0.E0,0.E0));
#794=VECTOR('',#793,1.7E0);
#795=CARTESIAN_POINT('',(4.161769261870E0,-7.9E0,-5.5E-1));
#796=LINE('',#795,#794);
#797=DIRECTION('',(0.E0,-1.E0,0.E0));
#798=VECTOR('',#797,8.E-1);
#799=CARTESIAN_POINT('',(5.861769261870E0,-6.1E0,-5.5E-1));
#800=LINE('',#799,#798);
#801=DIRECTION('',(-1.E0,0.E0,0.E0));
#802=VECTOR('',#801,1.7E0);
#803=CARTESIAN_POINT('',(5.861769261870E0,-6.9E0,-5.5E-1));
#804=LINE('',#803,#802);
#805=DIRECTION('',(0.E0,1.E0,0.E0));
#806=VECTOR('',#805,8.E-1);
#807=CARTESIAN_POINT('',(4.161769261870E0,-6.9E0,-5.5E-1));
#808=LINE('',#807,#806);
#809=DIRECTION('',(1.E0,0.E0,0.E0));
#810=VECTOR('',#809,1.7E0);
#811=CARTESIAN_POINT('',(4.161769261870E0,-6.1E0,-5.5E-1));
#812=LINE('',#811,#810);
#813=DIRECTION('',(0.E0,-1.E0,0.E0));
#814=VECTOR('',#813,8.E-1);
#815=CARTESIAN_POINT('',(5.861769261870E0,-4.3E0,-5.5E-1));
#816=LINE('',#815,#814);
#817=DIRECTION('',(-1.E0,0.E0,0.E0));
#818=VECTOR('',#817,1.7E0);
#819=CARTESIAN_POINT('',(5.861769261870E0,-5.1E0,-5.5E-1));
#820=LINE('',#819,#818);
#821=DIRECTION('',(0.E0,1.E0,0.E0));
#822=VECTOR('',#821,8.E-1);
#823=CARTESIAN_POINT('',(4.161769261870E0,-5.1E0,-5.5E-1));
#824=LINE('',#823,#822);
#825=DIRECTION('',(1.E0,0.E0,0.E0));
#826=VECTOR('',#825,1.7E0);
#827=CARTESIAN_POINT('',(4.161769261870E0,-4.3E0,-5.5E-1));
#828=LINE('',#827,#826);
#829=DIRECTION('',(0.E0,-1.E0,0.E0));
#830=VECTOR('',#829,8.E-1);
#831=CARTESIAN_POINT('',(5.861769261870E0,-2.5E0,-5.5E-1));
#832=LINE('',#831,#830);
#833=DIRECTION('',(-1.E0,0.E0,0.E0));
#834=VECTOR('',#833,1.7E0);
#835=CARTESIAN_POINT('',(5.861769261870E0,-3.3E0,-5.5E-1));
#836=LINE('',#835,#834);
#837=DIRECTION('',(0.E0,1.E0,0.E0));
#838=VECTOR('',#837,8.E-1);
#839=CARTESIAN_POINT('',(4.161769261870E0,-3.3E0,-5.5E-1));
#840=LINE('',#839,#838);
#841=DIRECTION('',(1.E0,0.E0,0.E0));
#842=VECTOR('',#841,1.7E0);
#843=CARTESIAN_POINT('',(4.161769261870E0,-2.5E0,-5.5E-1));
#844=LINE('',#843,#842);
#845=DIRECTION('',(0.E0,-1.E0,0.E0));
#846=VECTOR('',#845,8.E-1);
#847=CARTESIAN_POINT('',(5.861769261870E0,-7.E-1,-5.5E-1));
#848=LINE('',#847,#846);
#849=DIRECTION('',(-1.E0,0.E0,0.E0));
#850=VECTOR('',#849,1.7E0);
#851=CARTESIAN_POINT('',(5.861769261870E0,-1.5E0,-5.5E-1));
#852=LINE('',#851,#850);
#853=DIRECTION('',(0.E0,1.E0,0.E0));
#854=VECTOR('',#853,8.E-1);
#855=CARTESIAN_POINT('',(4.161769261870E0,-1.5E0,-5.5E-1));
#856=LINE('',#855,#854);
#857=DIRECTION('',(1.E0,0.E0,0.E0));
#858=VECTOR('',#857,1.7E0);
#859=CARTESIAN_POINT('',(4.161769261870E0,-7.E-1,-5.5E-1));
#860=LINE('',#859,#858);
#861=DIRECTION('',(0.E0,-1.E0,0.E0));
#862=VECTOR('',#861,8.E-1);
#863=CARTESIAN_POINT('',(-5.E-1,-7.E-1,-5.5E-1));
#864=LINE('',#863,#862);
#865=DIRECTION('',(-1.E0,0.E0,0.E0));
#866=VECTOR('',#865,1.7E0);
#867=CARTESIAN_POINT('',(-5.E-1,-1.5E0,-5.5E-1));
#868=LINE('',#867,#866);
#869=DIRECTION('',(0.E0,1.E0,0.E0));
#870=VECTOR('',#869,8.E-1);
#871=CARTESIAN_POINT('',(-2.2E0,-1.5E0,-5.5E-1));
#872=LINE('',#871,#870);
#873=DIRECTION('',(1.E0,0.E0,0.E0));
#874=VECTOR('',#873,1.7E0);
#875=CARTESIAN_POINT('',(-2.2E0,-7.E-1,-5.5E-1));
#876=LINE('',#875,#874);
#877=DIRECTION('',(0.E0,-1.E0,0.E0));
#878=VECTOR('',#877,2.E0);
#879=CARTESIAN_POINT('',(8.8E0,1.02E1,-5.5E-1));
#880=LINE('',#879,#878);
#881=DIRECTION('',(-1.E0,0.E0,0.E0));
#882=VECTOR('',#881,1.4E0);
#883=CARTESIAN_POINT('',(8.8E0,8.2E0,-5.5E-1));
#884=LINE('',#883,#882);
#885=DIRECTION('',(0.E0,1.E0,0.E0));
#886=VECTOR('',#885,2.E0);
#887=CARTESIAN_POINT('',(7.4E0,8.2E0,-5.5E-1));
#888=LINE('',#887,#886);
#889=DIRECTION('',(1.E0,0.E0,0.E0));
#890=VECTOR('',#889,1.4E0);
#891=CARTESIAN_POINT('',(7.4E0,1.02E1,-5.5E-1));
#892=LINE('',#891,#890);
#893=DIRECTION('',(0.E0,-1.E0,0.E0));
#894=VECTOR('',#893,3.2E0);
#895=CARTESIAN_POINT('',(1.45E0,-3.399064159393E0,-5.5E-1));
#896=LINE('',#895,#894);
#897=DIRECTION('',(-1.E0,0.E0,0.E0));
#898=VECTOR('',#897,2.9E0);
#899=CARTESIAN_POINT('',(1.45E0,-6.599064159393E0,-5.5E-1));
#900=LINE('',#899,#898);
#901=DIRECTION('',(0.E0,1.E0,0.E0));
#902=VECTOR('',#901,3.2E0);
#903=CARTESIAN_POINT('',(-1.45E0,-6.599064159393E0,-5.5E-1));
#904=LINE('',#903,#902);
#905=DIRECTION('',(1.E0,0.E0,0.E0));
#906=VECTOR('',#905,2.9E0);
#907=CARTESIAN_POINT('',(-1.45E0,-3.399064159393E0,-5.5E-1));
#908=LINE('',#907,#906);
#909=DIRECTION('',(0.E0,-1.E0,0.E0));
#910=VECTOR('',#909,8.E-1);
#911=CARTESIAN_POINT('',(5.861769261870E0,1.100935840607E0,-5.5E-1));
#912=LINE('',#911,#910);
#913=DIRECTION('',(-1.E0,0.E0,0.E0));
#914=VECTOR('',#913,1.7E0);
#915=CARTESIAN_POINT('',(5.861769261870E0,3.009358406067E-1,-5.5E-1));
#916=LINE('',#915,#914);
#917=DIRECTION('',(0.E0,1.E0,0.E0));
#918=VECTOR('',#917,8.E-1);
#919=CARTESIAN_POINT('',(4.161769261870E0,3.009358406067E-1,-5.5E-1));
#920=LINE('',#919,#918);
#921=DIRECTION('',(1.E0,0.E0,0.E0));
#922=VECTOR('',#921,1.7E0);
#923=CARTESIAN_POINT('',(4.161769261870E0,1.100935840607E0,-5.5E-1));
#924=LINE('',#923,#922);
#925=DIRECTION('',(0.E0,-1.E0,0.E0));
#926=VECTOR('',#925,8.E-1);
#927=CARTESIAN_POINT('',(9.361769261870E0,1.100935840607E0,-5.5E-1));
#928=LINE('',#927,#926);
#929=DIRECTION('',(-1.E0,0.E0,0.E0));
#930=VECTOR('',#929,1.7E0);
#931=CARTESIAN_POINT('',(9.361769261870E0,3.009358406067E-1,-5.5E-1));
#932=LINE('',#931,#930);
#933=DIRECTION('',(0.E0,1.E0,0.E0));
#934=VECTOR('',#933,8.E-1);
#935=CARTESIAN_POINT('',(7.661769261870E0,3.009358406067E-1,-5.5E-1));
#936=LINE('',#935,#934);
#937=DIRECTION('',(1.E0,0.E0,0.E0));
#938=VECTOR('',#937,1.7E0);
#939=CARTESIAN_POINT('',(7.661769261870E0,1.100935840607E0,-5.5E-1));
#940=LINE('',#939,#938);
#941=DIRECTION('',(0.E0,-1.E0,0.E0));
#942=VECTOR('',#941,2.E0);
#943=CARTESIAN_POINT('',(1.03E1,-1.8E0,-5.5E-1));
#944=LINE('',#943,#942);
#945=DIRECTION('',(-1.E0,0.E0,0.E0));
#946=VECTOR('',#945,3.E0);
#947=CARTESIAN_POINT('',(1.03E1,-3.8E0,-5.5E-1));
#948=LINE('',#947,#946);
#949=DIRECTION('',(0.E0,1.E0,0.E0));
#950=VECTOR('',#949,2.E0);
#951=CARTESIAN_POINT('',(7.3E0,-3.8E0,-5.5E-1));
#952=LINE('',#951,#950);
#953=DIRECTION('',(1.E0,0.E0,0.E0));
#954=VECTOR('',#953,3.E0);
#955=CARTESIAN_POINT('',(7.3E0,-1.8E0,-5.5E-1));
#956=LINE('',#955,#954);
#957=DIRECTION('',(0.E0,-1.E0,0.E0));
#958=VECTOR('',#957,8.E-1);
#959=CARTESIAN_POINT('',(9.2E0,-6.1E0,-5.5E-1));
#960=LINE('',#959,#958);
#961=DIRECTION('',(-1.E0,0.E0,0.E0));
#962=VECTOR('',#961,1.7E0);
#963=CARTESIAN_POINT('',(9.2E0,-6.9E0,-5.5E-1));
#964=LINE('',#963,#962);
#965=DIRECTION('',(0.E0,1.E0,0.E0));
#966=VECTOR('',#965,8.E-1);
#967=CARTESIAN_POINT('',(7.5E0,-6.9E0,-5.5E-1));
#968=LINE('',#967,#966);
#969=DIRECTION('',(1.E0,0.E0,0.E0));
#970=VECTOR('',#969,1.7E0);
#971=CARTESIAN_POINT('',(7.5E0,-6.1E0,-5.5E-1));
#972=LINE('',#971,#970);
#973=DIRECTION('',(0.E0,-1.E0,0.E0));
#974=VECTOR('',#973,1.7E0);
#975=CARTESIAN_POINT('',(1.19E1,-2.5E0,-5.5E-1));
#976=LINE('',#975,#974);
#977=DIRECTION('',(-1.E0,0.E0,0.E0));
#978=VECTOR('',#977,8.E-1);
#979=CARTESIAN_POINT('',(1.19E1,-4.2E0,-5.5E-1));
#980=LINE('',#979,#978);
#981=DIRECTION('',(0.E0,1.E0,0.E0));
#982=VECTOR('',#981,1.7E0);
#983=CARTESIAN_POINT('',(1.11E1,-4.2E0,-5.5E-1));
#984=LINE('',#983,#982);
#985=DIRECTION('',(1.E0,0.E0,0.E0));
#986=VECTOR('',#985,8.E-1);
#987=CARTESIAN_POINT('',(1.11E1,-2.5E0,-5.5E-1));
#988=LINE('',#987,#986);
#989=DIRECTION('',(0.E0,-1.E0,0.E0));
#990=VECTOR('',#989,8.E-1);
#991=CARTESIAN_POINT('',(1.4E1,-6.6E0,-5.5E-1));
#992=LINE('',#991,#990);
#993=DIRECTION('',(-1.E0,0.E0,0.E0));
#994=VECTOR('',#993,1.7E0);
#995=CARTESIAN_POINT('',(1.4E1,-7.4E0,-5.5E-1));
#996=LINE('',#995,#994);
#997=DIRECTION('',(0.E0,1.E0,0.E0));
#998=VECTOR('',#997,8.E-1);
#999=CARTESIAN_POINT('',(1.23E1,-7.4E0,-5.5E-1));
#1000=LINE('',#999,#998);
#1001=DIRECTION('',(1.E0,0.E0,0.E0));
#1002=VECTOR('',#1001,1.7E0);
#1003=CARTESIAN_POINT('',(1.23E1,-6.6E0,-5.5E-1));
#1004=LINE('',#1003,#1002);
#1005=DIRECTION('',(0.E0,-1.E0,0.E0));
#1006=VECTOR('',#1005,1.8E0);
#1007=CARTESIAN_POINT('',(1.73E1,-8.3E0,-5.5E-1));
#1008=LINE('',#1007,#1006);
#1009=DIRECTION('',(-1.E0,0.E0,0.E0));
#1010=VECTOR('',#1009,8.E-1);
#1011=CARTESIAN_POINT('',(1.73E1,-1.01E1,-5.5E-1));
#1012=LINE('',#1011,#1010);
#1013=DIRECTION('',(0.E0,1.E0,0.E0));
#1014=VECTOR('',#1013,1.8E0);
#1015=CARTESIAN_POINT('',(1.65E1,-1.01E1,-5.5E-1));
#1016=LINE('',#1015,#1014);
#1017=DIRECTION('',(1.E0,0.E0,0.E0));
#1018=VECTOR('',#1017,8.E-1);
#1019=CARTESIAN_POINT('',(1.65E1,-8.3E0,-5.5E-1));
#1020=LINE('',#1019,#1018);
#1021=DIRECTION('',(0.E0,-1.E0,0.E0));
#1022=VECTOR('',#1021,3.2E0);
#1023=CARTESIAN_POINT('',(2.15E1,-7.2E0,-5.5E-1));
#1024=LINE('',#1023,#1022);
#1025=DIRECTION('',(-1.E0,0.E0,0.E0));
#1026=VECTOR('',#1025,2.4E0);
#1027=CARTESIAN_POINT('',(2.15E1,-1.04E1,-5.5E-1));
#1028=LINE('',#1027,#1026);
#1029=DIRECTION('',(0.E0,1.E0,0.E0));
#1030=VECTOR('',#1029,3.2E0);
#1031=CARTESIAN_POINT('',(1.91E1,-1.04E1,-5.5E-1));
#1032=LINE('',#1031,#1030);
#1033=DIRECTION('',(1.E0,0.E0,0.E0));
#1034=VECTOR('',#1033,2.4E0);
#1035=CARTESIAN_POINT('',(1.91E1,-7.2E0,-5.5E-1));
#1036=LINE('',#1035,#1034);
#1037=DIRECTION('',(0.E0,-1.E0,0.E0));
#1038=VECTOR('',#1037,1.8E0);
#1039=CARTESIAN_POINT('',(1.61E1,-2.7E0,-5.5E-1));
#1040=LINE('',#1039,#1038);
#1041=DIRECTION('',(-1.E0,0.E0,0.E0));
#1042=VECTOR('',#1041,2.8E0);
#1043=CARTESIAN_POINT('',(1.61E1,-4.5E0,-5.5E-1));
#1044=LINE('',#1043,#1042);
#1045=DIRECTION('',(0.E0,1.E0,0.E0));
#1046=VECTOR('',#1045,1.8E0);
#1047=CARTESIAN_POINT('',(1.33E1,-4.5E0,-5.5E-1));
#1048=LINE('',#1047,#1046);
#1049=DIRECTION('',(1.E0,0.E0,0.E0));
#1050=VECTOR('',#1049,2.8E0);
#1051=CARTESIAN_POINT('',(1.33E1,-2.7E0,-5.5E-1));
#1052=LINE('',#1051,#1050);
#1053=DIRECTION('',(0.E0,-1.E0,0.E0));
#1054=VECTOR('',#1053,1.7E0);
#1055=CARTESIAN_POINT('',(1.8E1,-3.8E0,-5.5E-1));
#1056=LINE('',#1055,#1054);
#1057=DIRECTION('',(-1.E0,0.E0,0.E0));
#1058=VECTOR('',#1057,8.E-1);
#1059=CARTESIAN_POINT('',(1.8E1,-5.5E0,-5.5E-1));
#1060=LINE('',#1059,#1058);
#1061=DIRECTION('',(0.E0,1.E0,0.E0));
#1062=VECTOR('',#1061,1.7E0);
#1063=CARTESIAN_POINT('',(1.72E1,-5.5E0,-5.5E-1));
#1064=LINE('',#1063,#1062);
#1065=DIRECTION('',(1.E0,0.E0,0.E0));
#1066=VECTOR('',#1065,8.E-1);
#1067=CARTESIAN_POINT('',(1.72E1,-3.8E0,-5.5E-1));
#1068=LINE('',#1067,#1066);
#1069=DIRECTION('',(0.E0,-1.E0,0.E0));
#1070=VECTOR('',#1069,1.7E0);
#1071=CARTESIAN_POINT('',(1.8E1,-7.990641593933E-1,-5.5E-1));
#1072=LINE('',#1071,#1070);
#1073=DIRECTION('',(-1.E0,0.E0,0.E0));
#1074=VECTOR('',#1073,8.E-1);
#1075=CARTESIAN_POINT('',(1.8E1,-2.499064159393E0,-5.5E-1));
#1076=LINE('',#1075,#1074);
#1077=DIRECTION('',(0.E0,1.E0,0.E0));
#1078=VECTOR('',#1077,1.7E0);
#1079=CARTESIAN_POINT('',(1.72E1,-2.499064159393E0,-5.5E-1));
#1080=LINE('',#1079,#1078);
#1081=DIRECTION('',(1.E0,0.E0,0.E0));
#1082=VECTOR('',#1081,8.E-1);
#1083=CARTESIAN_POINT('',(1.72E1,-7.990641593933E-1,-5.5E-1));
#1084=LINE('',#1083,#1082);
#1085=DIRECTION('',(0.E0,-1.E0,0.E0));
#1086=VECTOR('',#1085,8.E-1);
#1087=CARTESIAN_POINT('',(1.59E1,2.E-1,-5.5E-1));
#1088=LINE('',#1087,#1086);
#1089=DIRECTION('',(-1.E0,0.E0,0.E0));
#1090=VECTOR('',#1089,1.7E0);
#1091=CARTESIAN_POINT('',(1.59E1,-6.E-1,-5.5E-1));
#1092=LINE('',#1091,#1090);
#1093=DIRECTION('',(0.E0,1.E0,0.E0));
#1094=VECTOR('',#1093,8.E-1);
#1095=CARTESIAN_POINT('',(1.42E1,-6.E-1,-5.5E-1));
#1096=LINE('',#1095,#1094);
#1097=DIRECTION('',(1.E0,0.E0,0.E0));
#1098=VECTOR('',#1097,1.7E0);
#1099=CARTESIAN_POINT('',(1.42E1,2.E-1,-5.5E-1));
#1100=LINE('',#1099,#1098);
#1101=DIRECTION('',(0.E0,-1.E0,0.E0));
#1102=VECTOR('',#1101,8.E-1);
#1103=CARTESIAN_POINT('',(1.92E1,1.2E0,-5.5E-1));
#1104=LINE('',#1103,#1102);
#1105=DIRECTION('',(-1.E0,0.E0,0.E0));
#1106=VECTOR('',#1105,1.7E0);
#1107=CARTESIAN_POINT('',(1.92E1,4.E-1,-5.5E-1));
#1108=LINE('',#1107,#1106);
#1109=DIRECTION('',(0.E0,1.E0,0.E0));
#1110=VECTOR('',#1109,8.E-1);
#1111=CARTESIAN_POINT('',(1.75E1,4.E-1,-5.5E-1));
#1112=LINE('',#1111,#1110);
#1113=DIRECTION('',(1.E0,0.E0,0.E0));
#1114=VECTOR('',#1113,1.7E0);
#1115=CARTESIAN_POINT('',(1.75E1,1.2E0,-5.5E-1));
#1116=LINE('',#1115,#1114);
#1117=DIRECTION('',(0.E0,-1.E0,0.E0));
#1118=VECTOR('',#1117,1.7E0);
#1119=CARTESIAN_POINT('',(2.18E1,1.35E0,-5.5E-1));
#1120=LINE('',#1119,#1118);
#1121=DIRECTION('',(-1.E0,0.E0,0.E0));
#1122=VECTOR('',#1121,8.E-1);
#1123=CARTESIAN_POINT('',(2.18E1,-3.5E-1,-5.5E-1));
#1124=LINE('',#1123,#1122);
#1125=DIRECTION('',(0.E0,1.E0,0.E0));
#1126=VECTOR('',#1125,1.7E0);
#1127=CARTESIAN_POINT('',(2.1E1,-3.5E-1,-5.5E-1));
#1128=LINE('',#1127,#1126);
#1129=DIRECTION('',(1.E0,0.E0,0.E0));
#1130=VECTOR('',#1129,8.E-1);
#1131=CARTESIAN_POINT('',(2.1E1,1.35E0,-5.5E-1));
#1132=LINE('',#1131,#1130);
#1133=DIRECTION('',(0.E0,-1.E0,0.E0));
#1134=VECTOR('',#1133,8.E-1);
#1135=CARTESIAN_POINT('',(1.52E1,2.3E0,-5.5E-1));
#1136=LINE('',#1135,#1134);
#1137=DIRECTION('',(-1.E0,0.E0,0.E0));
#1138=VECTOR('',#1137,1.7E0);
#1139=CARTESIAN_POINT('',(1.52E1,1.5E0,-5.5E-1));
#1140=LINE('',#1139,#1138);
#1141=DIRECTION('',(0.E0,1.E0,0.E0));
#1142=VECTOR('',#1141,8.E-1);
#1143=CARTESIAN_POINT('',(1.35E1,1.5E0,-5.5E-1));
#1144=LINE('',#1143,#1142);
#1145=DIRECTION('',(1.E0,0.E0,0.E0));
#1146=VECTOR('',#1145,1.7E0);
#1147=CARTESIAN_POINT('',(1.35E1,2.3E0,-5.5E-1));
#1148=LINE('',#1147,#1146);
#1149=DIRECTION('',(0.E0,-1.E0,0.E0));
#1150=VECTOR('',#1149,8.E-1);
#1151=CARTESIAN_POINT('',(1.52E1,4.1E0,-5.5E-1));
#1152=LINE('',#1151,#1150);
#1153=DIRECTION('',(-1.E0,0.E0,0.E0));
#1154=VECTOR('',#1153,1.7E0);
#1155=CARTESIAN_POINT('',(1.52E1,3.3E0,-5.5E-1));
#1156=LINE('',#1155,#1154);
#1157=DIRECTION('',(0.E0,1.E0,0.E0));
#1158=VECTOR('',#1157,8.E-1);
#1159=CARTESIAN_POINT('',(1.35E1,3.3E0,-5.5E-1));
#1160=LINE('',#1159,#1158);
#1161=DIRECTION('',(1.E0,0.E0,0.E0));
#1162=VECTOR('',#1161,1.7E0);
#1163=CARTESIAN_POINT('',(1.35E1,4.1E0,-5.5E-1));
#1164=LINE('',#1163,#1162);
#1165=DIRECTION('',(0.E0,-1.E0,0.E0));
#1166=VECTOR('',#1165,1.3E0);
#1167=CARTESIAN_POINT('',(1.43E1,8.7E0,-5.5E-1));
#1168=LINE('',#1167,#1166);
#1169=DIRECTION('',(-1.E0,0.E0,0.E0));
#1170=VECTOR('',#1169,2.E0);
#1171=CARTESIAN_POINT('',(1.43E1,7.4E0,-5.5E-1));
#1172=LINE('',#1171,#1170);
#1173=DIRECTION('',(0.E0,1.E0,0.E0));
#1174=VECTOR('',#1173,1.3E0);
#1175=CARTESIAN_POINT('',(1.23E1,7.4E0,-5.5E-1));
#1176=LINE('',#1175,#1174);
#1177=DIRECTION('',(1.E0,0.E0,0.E0));
#1178=VECTOR('',#1177,2.E0);
#1179=CARTESIAN_POINT('',(1.23E1,8.7E0,-5.5E-1));
#1180=LINE('',#1179,#1178);
#1181=DIRECTION('',(0.E0,-1.E0,0.E0));
#1182=VECTOR('',#1181,8.E-1);
#1183=CARTESIAN_POINT('',(1.88E1,8.4E0,-5.5E-1));
#1184=LINE('',#1183,#1182);
#1185=DIRECTION('',(-1.E0,0.E0,0.E0));
#1186=VECTOR('',#1185,1.7E0);
#1187=CARTESIAN_POINT('',(1.88E1,7.6E0,-5.5E-1));
#1188=LINE('',#1187,#1186);
#1189=DIRECTION('',(0.E0,1.E0,0.E0));
#1190=VECTOR('',#1189,8.E-1);
#1191=CARTESIAN_POINT('',(1.71E1,7.6E0,-5.5E-1));
#1192=LINE('',#1191,#1190);
#1193=DIRECTION('',(1.E0,0.E0,0.E0));
#1194=VECTOR('',#1193,1.7E0);
#1195=CARTESIAN_POINT('',(1.71E1,8.4E0,-5.5E-1));
#1196=LINE('',#1195,#1194);
#1197=DIRECTION('',(0.E0,-1.E0,0.E0));
#1198=VECTOR('',#1197,1.9E0);
#1199=CARTESIAN_POINT('',(1.96E1,5.1E0,-5.5E-1));
#1200=LINE('',#1199,#1198);
#1201=DIRECTION('',(-1.E0,0.E0,0.E0));
#1202=VECTOR('',#1201,2.9E0);
#1203=CARTESIAN_POINT('',(1.96E1,3.2E0,-5.5E-1));
#1204=LINE('',#1203,#1202);
#1205=DIRECTION('',(0.E0,1.E0,0.E0));
#1206=VECTOR('',#1205,1.9E0);
#1207=CARTESIAN_POINT('',(1.67E1,3.2E0,-5.5E-1));
#1208=LINE('',#1207,#1206);
#1209=DIRECTION('',(1.E0,0.E0,0.E0));
#1210=VECTOR('',#1209,2.9E0);
#1211=CARTESIAN_POINT('',(1.67E1,5.1E0,-5.5E-1));
#1212=LINE('',#1211,#1210);
#1213=DIRECTION('',(0.E0,-1.E0,0.E0));
#1214=VECTOR('',#1213,8.E-1);
#1215=CARTESIAN_POINT('',(2.28E1,5.8E0,-5.5E-1));
#1216=LINE('',#1215,#1214);
#1217=DIRECTION('',(-1.E0,0.E0,0.E0));
#1218=VECTOR('',#1217,1.7E0);
#1219=CARTESIAN_POINT('',(2.28E1,5.E0,-5.5E-1));
#1220=LINE('',#1219,#1218);
#1221=DIRECTION('',(0.E0,1.E0,0.E0));
#1222=VECTOR('',#1221,8.E-1);
#1223=CARTESIAN_POINT('',(2.11E1,5.E0,-5.5E-1));
#1224=LINE('',#1223,#1222);
#1225=DIRECTION('',(1.E0,0.E0,0.E0));
#1226=VECTOR('',#1225,1.7E0);
#1227=CARTESIAN_POINT('',(2.11E1,5.8E0,-5.5E-1));
#1228=LINE('',#1227,#1226);
#1229=DIRECTION('',(0.E0,-1.E0,0.E0));
#1230=VECTOR('',#1229,8.E-1);
#1231=CARTESIAN_POINT('',(2.24E1,8.7E0,-5.5E-1));
#1232=LINE('',#1231,#1230);
#1233=DIRECTION('',(-1.E0,0.E0,0.E0));
#1234=VECTOR('',#1233,1.7E0);
#1235=CARTESIAN_POINT('',(2.24E1,7.9E0,-5.5E-1));
#1236=LINE('',#1235,#1234);
#1237=DIRECTION('',(0.E0,1.E0,0.E0));
#1238=VECTOR('',#1237,8.E-1);
#1239=CARTESIAN_POINT('',(2.07E1,7.9E0,-5.5E-1));
#1240=LINE('',#1239,#1238);
#1241=DIRECTION('',(1.E0,0.E0,0.E0));
#1242=VECTOR('',#1241,1.7E0);
#1243=CARTESIAN_POINT('',(2.07E1,8.7E0,-5.5E-1));
#1244=LINE('',#1243,#1242);
#1245=DIRECTION('',(0.E0,-1.E0,0.E0));
#1246=VECTOR('',#1245,8.E-1);
#1247=CARTESIAN_POINT('',(2.19E1,1.065506282758E1,-5.5E-1));
#1248=LINE('',#1247,#1246);
#1249=DIRECTION('',(-1.E0,0.E0,0.E0));
#1250=VECTOR('',#1249,1.7E0);
#1251=CARTESIAN_POINT('',(2.19E1,9.855062827580E0,-5.5E-1));
#1252=LINE('',#1251,#1250);
#1253=DIRECTION('',(0.E0,1.E0,0.E0));
#1254=VECTOR('',#1253,8.E-1);
#1255=CARTESIAN_POINT('',(2.02E1,9.855062827580E0,-5.5E-1));
#1256=LINE('',#1255,#1254);
#1257=DIRECTION('',(1.E0,0.E0,0.E0));
#1258=VECTOR('',#1257,1.7E0);
#1259=CARTESIAN_POINT('',(2.02E1,1.065506282758E1,-5.5E-1));
#1260=LINE('',#1259,#1258);
#1261=DIRECTION('',(0.E0,-1.E0,0.E0));
#1262=VECTOR('',#1261,8.E-1);
#1263=CARTESIAN_POINT('',(4.02E1,9.E0,-5.5E-1));
#1264=LINE('',#1263,#1262);
#1265=DIRECTION('',(-1.E0,0.E0,0.E0));
#1266=VECTOR('',#1265,1.7E0);
#1267=CARTESIAN_POINT('',(4.02E1,8.2E0,-5.5E-1));
#1268=LINE('',#1267,#1266);
#1269=DIRECTION('',(0.E0,1.E0,0.E0));
#1270=VECTOR('',#1269,8.E-1);
#1271=CARTESIAN_POINT('',(3.85E1,8.2E0,-5.5E-1));
#1272=LINE('',#1271,#1270);
#1273=DIRECTION('',(1.E0,0.E0,0.E0));
#1274=VECTOR('',#1273,1.7E0);
#1275=CARTESIAN_POINT('',(3.85E1,9.E0,-5.5E-1));
#1276=LINE('',#1275,#1274);
#1277=DIRECTION('',(0.E0,-1.E0,0.E0));
#1278=VECTOR('',#1277,8.E-1);
#1279=CARTESIAN_POINT('',(4.02E1,7.2E0,-5.5E-1));
#1280=LINE('',#1279,#1278);
#1281=DIRECTION('',(-1.E0,0.E0,0.E0));
#1282=VECTOR('',#1281,1.7E0);
#1283=CARTESIAN_POINT('',(4.02E1,6.4E0,-5.5E-1));
#1284=LINE('',#1283,#1282);
#1285=DIRECTION('',(0.E0,1.E0,0.E0));
#1286=VECTOR('',#1285,8.E-1);
#1287=CARTESIAN_POINT('',(3.85E1,6.4E0,-5.5E-1));
#1288=LINE('',#1287,#1286);
#1289=DIRECTION('',(1.E0,0.E0,0.E0));
#1290=VECTOR('',#1289,1.7E0);
#1291=CARTESIAN_POINT('',(3.85E1,7.2E0,-5.5E-1));
#1292=LINE('',#1291,#1290);
#1293=DIRECTION('',(0.E0,-1.E0,0.E0));
#1294=VECTOR('',#1293,8.E-1);
#1295=CARTESIAN_POINT('',(4.02E1,1.E0,-5.5E-1));
#1296=LINE('',#1295,#1294);
#1297=DIRECTION('',(-1.E0,0.E0,0.E0));
#1298=VECTOR('',#1297,1.7E0);
#1299=CARTESIAN_POINT('',(4.02E1,2.E-1,-5.5E-1));
#1300=LINE('',#1299,#1298);
#1301=DIRECTION('',(0.E0,1.E0,0.E0));
#1302=VECTOR('',#1301,8.E-1);
#1303=CARTESIAN_POINT('',(3.85E1,2.E-1,-5.5E-1));
#1304=LINE('',#1303,#1302);
#1305=DIRECTION('',(1.E0,0.E0,0.E0));
#1306=VECTOR('',#1305,1.7E0);
#1307=CARTESIAN_POINT('',(3.85E1,1.E0,-5.5E-1));
#1308=LINE('',#1307,#1306);
#1309=DIRECTION('',(0.E0,-1.E0,0.E0));
#1310=VECTOR('',#1309,8.E-1);
#1311=CARTESIAN_POINT('',(4.02E1,-6.E-1,-5.5E-1));
#1312=LINE('',#1311,#1310);
#1313=DIRECTION('',(-1.E0,0.E0,0.E0));
#1314=VECTOR('',#1313,1.7E0);
#1315=CARTESIAN_POINT('',(4.02E1,-1.4E0,-5.5E-1));
#1316=LINE('',#1315,#1314);
#1317=DIRECTION('',(0.E0,1.E0,0.E0));
#1318=VECTOR('',#1317,8.E-1);
#1319=CARTESIAN_POINT('',(3.85E1,-1.4E0,-5.5E-1));
#1320=LINE('',#1319,#1318);
#1321=DIRECTION('',(1.E0,0.E0,0.E0));
#1322=VECTOR('',#1321,1.7E0);
#1323=CARTESIAN_POINT('',(3.85E1,-6.E-1,-5.5E-1));
#1324=LINE('',#1323,#1322);
#1325=DIRECTION('',(0.E0,-1.E0,0.E0));
#1326=VECTOR('',#1325,1.2E0);
#1327=CARTESIAN_POINT('',(3.98E1,-5.9E0,-5.5E-1));
#1328=LINE('',#1327,#1326);
#1329=DIRECTION('',(-1.E0,0.E0,0.E0));
#1330=VECTOR('',#1329,2.1E0);
#1331=CARTESIAN_POINT('',(3.98E1,-7.1E0,-5.5E-1));
#1332=LINE('',#1331,#1330);
#1333=DIRECTION('',(0.E0,1.E0,0.E0));
#1334=VECTOR('',#1333,1.2E0);
#1335=CARTESIAN_POINT('',(3.77E1,-7.1E0,-5.5E-1));
#1336=LINE('',#1335,#1334);
#1337=DIRECTION('',(1.E0,0.E0,0.E0));
#1338=VECTOR('',#1337,2.1E0);
#1339=CARTESIAN_POINT('',(3.77E1,-5.9E0,-5.5E-1));
#1340=LINE('',#1339,#1338);
#1341=DIRECTION('',(0.E0,-1.E0,0.E0));
#1342=VECTOR('',#1341,1.5E0);
#1343=CARTESIAN_POINT('',(-5.4E0,6.E0,-5.5E-1));
#1344=LINE('',#1343,#1342);
#1345=DIRECTION('',(-1.E0,0.E0,0.E0));
#1346=VECTOR('',#1345,7.E-1);
#1347=CARTESIAN_POINT('',(-5.4E0,4.5E0,-5.5E-1));
#1348=LINE('',#1347,#1346);
#1349=DIRECTION('',(-1.E0,0.E0,0.E0));
#1350=VECTOR('',#1349,3.65E1);
#1351=CARTESIAN_POINT('',(-6.1E0,1.2E1,-5.5E-1));
#1352=LINE('',#1351,#1350);
#1353=DIRECTION('',(1.E0,0.E0,0.E0));
#1354=VECTOR('',#1353,8.52E1);
#1355=CARTESIAN_POINT('',(-4.26E1,-1.2E1,-5.5E-1));
#1356=LINE('',#1355,#1354);
#1357=DIRECTION('',(-1.E0,0.E0,0.E0));
#1358=VECTOR('',#1357,3.65E1);
#1359=CARTESIAN_POINT('',(4.26E1,1.2E1,-5.5E-1));
#1360=LINE('',#1359,#1358);
#1361=DIRECTION('',(-1.E0,0.E0,0.E0));
#1362=VECTOR('',#1361,7.E-1);
#1363=CARTESIAN_POINT('',(6.1E0,4.5E0,-5.5E-1));
#1364=LINE('',#1363,#1362);
#1365=DIRECTION('',(0.E0,1.E0,0.E0));
#1366=VECTOR('',#1365,1.5E0);
#1367=CARTESIAN_POINT('',(5.4E0,4.5E0,-5.5E-1));
#1368=LINE('',#1367,#1366);
#1369=DIRECTION('',(-1.E0,0.E0,0.E0));
#1370=VECTOR('',#1369,1.08E1);
#1371=CARTESIAN_POINT('',(5.4E0,6.E0,-5.5E-1));
#1372=LINE('',#1371,#1370);
#1373=DIRECTION('',(0.E0,0.E0,-1.E0));
#1374=VECTOR('',#1373,1.9E0);
#1375=CARTESIAN_POINT('',(3.62E1,7.4E0,-5.5E-1));
#1376=LINE('',#1375,#1374);
#1377=DIRECTION('',(0.E0,0.E0,-1.E0));
#1378=VECTOR('',#1377,1.9E0);
#1379=CARTESIAN_POINT('',(3.62E1,1.17E1,-5.5E-1));
#1380=LINE('',#1379,#1378);
#1381=DIRECTION('',(0.E0,0.E0,-1.E0));
#1382=VECTOR('',#1381,1.9E0);
#1383=CARTESIAN_POINT('',(2.39E1,1.17E1,-5.5E-1));
#1384=LINE('',#1383,#1382);
#1385=DIRECTION('',(0.E0,0.E0,-1.E0));
#1386=VECTOR('',#1385,1.9E0);
#1387=CARTESIAN_POINT('',(2.39E1,7.4E0,-5.5E-1));
#1388=LINE('',#1387,#1386);
#1389=DIRECTION('',(0.E0,1.E0,0.E0));
#1390=VECTOR('',#1389,4.3E0);
#1391=CARTESIAN_POINT('',(3.62E1,7.4E0,-2.45E0));
#1392=LINE('',#1391,#1390);
#1393=DIRECTION('',(-1.E0,0.E0,0.E0));
#1394=VECTOR('',#1393,1.23E1);
#1395=CARTESIAN_POINT('',(3.62E1,1.17E1,-2.45E0));
#1396=LINE('',#1395,#1394);
#1397=DIRECTION('',(0.E0,-1.E0,0.E0));
#1398=VECTOR('',#1397,4.3E0);
#1399=CARTESIAN_POINT('',(2.39E1,1.17E1,-2.45E0));
#1400=LINE('',#1399,#1398);
#1401=DIRECTION('',(1.E0,0.E0,0.E0));
#1402=VECTOR('',#1401,1.23E1);
#1403=CARTESIAN_POINT('',(2.39E1,7.4E0,-2.45E0));
#1404=LINE('',#1403,#1402);
#1405=DIRECTION('',(0.E0,0.E0,1.E0));
#1406=VECTOR('',#1405,1.6E0);
#1407=CARTESIAN_POINT('',(9.35E0,-9.95E0,-5.5E-1));
#1408=LINE('',#1407,#1406);
#1409=DIRECTION('',(0.E0,0.E0,1.E0));
#1410=VECTOR('',#1409,1.6E0);
#1411=CARTESIAN_POINT('',(1.165E1,-9.95E0,-5.5E-1));
#1412=LINE('',#1411,#1410);
#1413=CARTESIAN_POINT('',(1.05E1,-9.95E0,1.05E0));
#1414=DIRECTION('',(0.E0,0.E0,1.E0));
#1415=DIRECTION('',(-1.E0,0.E0,0.E0));
#1416=AXIS2_PLACEMENT_3D('',#1413,#1414,#1415);
#1418=CARTESIAN_POINT('',(1.05E1,-9.95E0,1.05E0));
#1419=DIRECTION('',(0.E0,0.E0,1.E0));
#1420=DIRECTION('',(1.E0,0.E0,0.E0));
#1421=AXIS2_PLACEMENT_3D('',#1418,#1419,#1420);
#1423=CARTESIAN_POINT('',(1.05E1,3.5E0,1.05E0));
#1424=DIRECTION('',(0.E0,0.E0,1.E0));
#1425=DIRECTION('',(-1.E0,0.E0,0.E0));
#1426=AXIS2_PLACEMENT_3D('',#1423,#1424,#1425);
#1428=CARTESIAN_POINT('',(1.05E1,3.5E0,1.05E0));
#1429=DIRECTION('',(0.E0,0.E0,1.E0));
#1430=DIRECTION('',(1.E0,0.E0,0.E0));
#1431=AXIS2_PLACEMENT_3D('',#1428,#1429,#1430);
#1433=CARTESIAN_POINT('',(4.06E1,3.5E0,1.05E0));
#1434=DIRECTION('',(0.E0,0.E0,1.E0));
#1435=DIRECTION('',(-1.E0,0.E0,0.E0));
#1436=AXIS2_PLACEMENT_3D('',#1433,#1434,#1435);
#1438=CARTESIAN_POINT('',(4.06E1,3.5E0,1.05E0));
#1439=DIRECTION('',(0.E0,0.E0,1.E0));
#1440=DIRECTION('',(1.E0,0.E0,0.E0));
#1441=AXIS2_PLACEMENT_3D('',#1438,#1439,#1440);
#1443=CARTESIAN_POINT('',(4.06E1,-9.95E0,1.05E0));
#1444=DIRECTION('',(0.E0,0.E0,1.E0));
#1445=DIRECTION('',(-1.E0,0.E0,0.E0));
#1446=AXIS2_PLACEMENT_3D('',#1443,#1444,#1445);
#1448=CARTESIAN_POINT('',(4.06E1,-9.95E0,1.05E0));
#1449=DIRECTION('',(0.E0,0.E0,1.E0));
#1450=DIRECTION('',(1.E0,0.E0,0.E0));
#1451=AXIS2_PLACEMENT_3D('',#1448,#1449,#1450);
#1453=CARTESIAN_POINT('',(-4.06E1,-9.95E0,1.05E0));
#1454=DIRECTION('',(0.E0,0.E0,-1.E0));
#1455=DIRECTION('',(1.E0,0.E0,0.E0));
#1456=AXIS2_PLACEMENT_3D('',#1453,#1454,#1455);
#1458=CARTESIAN_POINT('',(-4.06E1,-9.95E0,1.05E0));
#1459=DIRECTION('',(0.E0,0.E0,-1.E0));
#1460=DIRECTION('',(-1.E0,0.E0,0.E0));
#1461=AXIS2_PLACEMENT_3D('',#1458,#1459,#1460);
#1463=CARTESIAN_POINT('',(-4.06E1,3.5E0,1.05E0));
#1464=DIRECTION('',(0.E0,0.E0,-1.E0));
#1465=DIRECTION('',(1.E0,0.E0,0.E0));
#1466=AXIS2_PLACEMENT_3D('',#1463,#1464,#1465);
#1468=CARTESIAN_POINT('',(-4.06E1,3.5E0,1.05E0));
#1469=DIRECTION('',(0.E0,0.E0,-1.E0));
#1470=DIRECTION('',(-1.E0,0.E0,0.E0));
#1471=AXIS2_PLACEMENT_3D('',#1468,#1469,#1470);
#1473=CARTESIAN_POINT('',(-1.05E1,3.5E0,1.05E0));
#1474=DIRECTION('',(0.E0,0.E0,-1.E0));
#1475=DIRECTION('',(1.E0,0.E0,0.E0));
#1476=AXIS2_PLACEMENT_3D('',#1473,#1474,#1475);
#1478=CARTESIAN_POINT('',(-1.05E1,3.5E0,1.05E0));
#1479=DIRECTION('',(0.E0,0.E0,-1.E0));
#1480=DIRECTION('',(-1.E0,0.E0,0.E0));
#1481=AXIS2_PLACEMENT_3D('',#1478,#1479,#1480);
#1483=CARTESIAN_POINT('',(-1.05E1,-9.95E0,1.05E0));
#1484=DIRECTION('',(0.E0,0.E0,-1.E0));
#1485=DIRECTION('',(1.E0,0.E0,0.E0));
#1486=AXIS2_PLACEMENT_3D('',#1483,#1484,#1485);
#1488=CARTESIAN_POINT('',(-1.05E1,-9.95E0,1.05E0));
#1489=DIRECTION('',(0.E0,0.E0,-1.E0));
#1490=DIRECTION('',(-1.E0,0.E0,0.E0));
#1491=AXIS2_PLACEMENT_3D('',#1488,#1489,#1490);
#1493=DIRECTION('',(1.E0,0.E0,0.E0));
#1494=VECTOR('',#1493,8.52E1);
#1495=CARTESIAN_POINT('',(-4.26E1,1.2E1,1.05E0));
#1496=LINE('',#1495,#1494);
#1497=DIRECTION('',(-1.E0,0.E0,0.E0));
#1498=VECTOR('',#1497,8.52E1);
#1499=CARTESIAN_POINT('',(4.26E1,-1.2E1,1.05E0));
#1500=LINE('',#1499,#1498);
#1501=CARTESIAN_POINT('',(-2.13E1,-3.65E0,1.05E0));
#1502=DIRECTION('',(0.E0,0.E0,-1.E0));
#1503=DIRECTION('',(-1.E0,0.E0,0.E0));
#1504=AXIS2_PLACEMENT_3D('',#1501,#1502,#1503);
#1506=CARTESIAN_POINT('',(-2.13E1,-3.65E0,1.05E0));
#1507=DIRECTION('',(0.E0,0.E0,-1.E0));
#1508=DIRECTION('',(1.E0,0.E0,0.E0));
#1509=AXIS2_PLACEMENT_3D('',#1506,#1507,#1508);
#1511=CARTESIAN_POINT('',(-3.88E1,-3.65E0,1.05E0));
#1512=DIRECTION('',(0.E0,0.E0,-1.E0));
#1513=DIRECTION('',(-1.E0,0.E0,0.E0));
#1514=AXIS2_PLACEMENT_3D('',#1511,#1512,#1513);
#1516=CARTESIAN_POINT('',(-3.88E1,-3.65E0,1.05E0));
#1517=DIRECTION('',(0.E0,0.E0,-1.E0));
#1518=DIRECTION('',(1.E0,0.E0,0.E0));
#1519=AXIS2_PLACEMENT_3D('',#1516,#1517,#1518);
#1521=CARTESIAN_POINT('',(2.13E1,-3.65E0,1.05E0));
#1522=DIRECTION('',(0.E0,0.E0,-1.E0));
#1523=DIRECTION('',(-1.E0,0.E0,0.E0));
#1524=AXIS2_PLACEMENT_3D('',#1521,#1522,#1523);
#1526=CARTESIAN_POINT('',(2.13E1,-3.65E0,1.05E0));
#1527=DIRECTION('',(0.E0,0.E0,-1.E0));
#1528=DIRECTION('',(1.E0,0.E0,0.E0));
#1529=AXIS2_PLACEMENT_3D('',#1526,#1527,#1528);
#1531=CARTESIAN_POINT('',(3.88E1,-3.65E0,1.05E0));
#1532=DIRECTION('',(0.E0,0.E0,-1.E0));
#1533=DIRECTION('',(-1.E0,0.E0,0.E0));
#1534=AXIS2_PLACEMENT_3D('',#1531,#1532,#1533);
#1536=CARTESIAN_POINT('',(3.88E1,-3.65E0,1.05E0));
#1537=DIRECTION('',(0.E0,0.E0,-1.E0));
#1538=DIRECTION('',(1.E0,0.E0,0.E0));
#1539=AXIS2_PLACEMENT_3D('',#1536,#1537,#1538);
#1541=DIRECTION('',(0.E0,0.E0,1.E0));
#1542=VECTOR('',#1541,1.6E0);
#1543=CARTESIAN_POINT('',(9.35E0,3.5E0,-5.5E-1));
#1544=LINE('',#1543,#1542);
#1545=DIRECTION('',(0.E0,0.E0,1.E0));
#1546=VECTOR('',#1545,1.6E0);
#1547=CARTESIAN_POINT('',(1.165E1,3.5E0,-5.5E-1));
#1548=LINE('',#1547,#1546);
#1549=DIRECTION('',(0.E0,0.E0,1.E0));
#1550=VECTOR('',#1549,1.6E0);
#1551=CARTESIAN_POINT('',(3.945E1,3.5E0,-5.5E-1));
#1552=LINE('',#1551,#1550);
#1553=DIRECTION('',(0.E0,0.E0,1.E0));
#1554=VECTOR('',#1553,1.6E0);
#1555=CARTESIAN_POINT('',(4.175E1,3.5E0,-5.5E-1));
#1556=LINE('',#1555,#1554);
#1557=DIRECTION('',(0.E0,0.E0,1.E0));
#1558=VECTOR('',#1557,1.6E0);
#1559=CARTESIAN_POINT('',(3.945E1,-9.95E0,-5.5E-1));
#1560=LINE('',#1559,#1558);
#1561=DIRECTION('',(0.E0,0.E0,1.E0));
#1562=VECTOR('',#1561,1.6E0);
#1563=CARTESIAN_POINT('',(4.175E1,-9.95E0,-5.5E-1));
#1564=LINE('',#1563,#1562);
#1565=DIRECTION('',(0.E0,0.E0,1.E0));
#1566=VECTOR('',#1565,1.6E0);
#1567=CARTESIAN_POINT('',(-3.945E1,-9.95E0,-5.5E-1));
#1568=LINE('',#1567,#1566);
#1569=DIRECTION('',(0.E0,0.E0,1.E0));
#1570=VECTOR('',#1569,1.6E0);
#1571=CARTESIAN_POINT('',(-4.175E1,-9.95E0,-5.5E-1));
#1572=LINE('',#1571,#1570);
#1573=DIRECTION('',(0.E0,0.E0,1.E0));
#1574=VECTOR('',#1573,1.6E0);
#1575=CARTESIAN_POINT('',(-3.945E1,3.5E0,-5.5E-1));
#1576=LINE('',#1575,#1574);
#1577=DIRECTION('',(0.E0,0.E0,1.E0));
#1578=VECTOR('',#1577,1.6E0);
#1579=CARTESIAN_POINT('',(-4.175E1,3.5E0,-5.5E-1));
#1580=LINE('',#1579,#1578);
#1581=DIRECTION('',(0.E0,0.E0,1.E0));
#1582=VECTOR('',#1581,1.6E0);
#1583=CARTESIAN_POINT('',(-9.35E0,3.5E0,-5.5E-1));
#1584=LINE('',#1583,#1582);
#1585=DIRECTION('',(0.E0,0.E0,1.E0));
#1586=VECTOR('',#1585,1.6E0);
#1587=CARTESIAN_POINT('',(-1.165E1,3.5E0,-5.5E-1));
#1588=LINE('',#1587,#1586);
#1589=DIRECTION('',(0.E0,0.E0,1.E0));
#1590=VECTOR('',#1589,1.6E0);
#1591=CARTESIAN_POINT('',(-9.35E0,-9.95E0,-5.5E-1));
#1592=LINE('',#1591,#1590);
#1593=DIRECTION('',(0.E0,0.E0,1.E0));
#1594=VECTOR('',#1593,1.6E0);
#1595=CARTESIAN_POINT('',(-1.165E1,-9.95E0,-5.5E-1));
#1596=LINE('',#1595,#1594);
#1597=DIRECTION('',(0.E0,0.E0,-1.E0));
#1598=VECTOR('',#1597,5.6E0);
#1599=CARTESIAN_POINT('',(-6.1E0,1.2E1,-5.5E-1));
#1600=LINE('',#1599,#1598);
#1601=DIRECTION('',(0.E0,0.E0,-1.E0));
#1602=VECTOR('',#1601,1.6E0);
#1603=CARTESIAN_POINT('',(4.26E1,1.2E1,1.05E0));
#1604=LINE('',#1603,#1602);
#1605=DIRECTION('',(0.E0,0.E0,-1.E0));
#1606=VECTOR('',#1605,1.6E0);
#1607=CARTESIAN_POINT('',(-4.26E1,1.2E1,1.05E0));
#1608=LINE('',#1607,#1606);
#1609=DIRECTION('',(0.E0,0.E0,1.E0));
#1610=VECTOR('',#1609,1.8E0);
#1611=CARTESIAN_POINT('',(-6.1E0,6.E0,-6.15E0));
#1612=LINE('',#1611,#1610);
#1613=DIRECTION('',(0.E0,1.E0,0.E0));
#1614=VECTOR('',#1613,6.E0);
#1615=CARTESIAN_POINT('',(-6.1E0,6.E0,-6.15E0));
#1616=LINE('',#1615,#1614);
#1617=DIRECTION('',(0.E0,-1.E0,0.E0));
#1618=VECTOR('',#1617,7.5E0);
#1619=CARTESIAN_POINT('',(-6.1E0,1.2E1,-5.5E-1));
#1620=LINE('',#1619,#1618);
#1621=DIRECTION('',(0.E0,0.E0,1.E0));
#1622=VECTOR('',#1621,2.9E0);
#1623=CARTESIAN_POINT('',(-6.1E0,4.5E0,-3.45E0));
#1624=LINE('',#1623,#1622);
#1625=DIRECTION('',(0.E0,8.574929257125E-1,-5.144957554275E-1));
#1626=VECTOR('',#1625,1.749285568454E0);
#1627=CARTESIAN_POINT('',(-6.1E0,4.5E0,-3.45E0));
#1628=LINE('',#1627,#1626);
#1629=DIRECTION('',(0.E0,0.E0,-1.E0));
#1630=VECTOR('',#1629,3.8E0);
#1631=CARTESIAN_POINT('',(5.4E0,6.E0,-5.5E-1));
#1632=LINE('',#1631,#1630);
#1633=DIRECTION('',(1.E0,0.E0,0.E0));
#1634=VECTOR('',#1633,7.E-1);
#1635=CARTESIAN_POINT('',(5.4E0,6.E0,-4.35E0));
#1636=LINE('',#1635,#1634);
#1637=DIRECTION('',(-1.E0,0.E0,0.E0));
#1638=VECTOR('',#1637,1.22E1);
#1639=CARTESIAN_POINT('',(6.1E0,6.E0,-6.15E0));
#1640=LINE('',#1639,#1638);
#1641=DIRECTION('',(1.E0,0.E0,0.E0));
#1642=VECTOR('',#1641,7.E-1);
#1643=CARTESIAN_POINT('',(-6.1E0,6.E0,-4.35E0));
#1644=LINE('',#1643,#1642);
#1645=DIRECTION('',(0.E0,0.E0,-1.E0));
#1646=VECTOR('',#1645,3.8E0);
#1647=CARTESIAN_POINT('',(-5.4E0,6.E0,-5.5E-1));
#1648=LINE('',#1647,#1646);
#1649=DIRECTION('',(0.E0,8.574929257125E-1,-5.144957554275E-1));
#1650=VECTOR('',#1649,1.749285568454E0);
#1651=CARTESIAN_POINT('',(5.4E0,4.5E0,-3.45E0));
#1652=LINE('',#1651,#1650);
#1653=DIRECTION('',(0.E0,0.E0,1.E0));
#1654=VECTOR('',#1653,2.9E0);
#1655=CARTESIAN_POINT('',(5.4E0,4.5E0,-3.45E0));
#1656=LINE('',#1655,#1654);
#1657=DIRECTION('',(-1.E0,0.E0,0.E0));
#1658=VECTOR('',#1657,7.E-1);
#1659=CARTESIAN_POINT('',(-5.4E0,4.5E0,-3.45E0));
#1660=LINE('',#1659,#1658);
#1661=DIRECTION('',(0.E0,0.E0,1.E0));
#1662=VECTOR('',#1661,2.9E0);
#1663=CARTESIAN_POINT('',(-5.4E0,4.5E0,-3.45E0));
#1664=LINE('',#1663,#1662);
#1665=DIRECTION('',(0.E0,8.574929257125E-1,-5.144957554275E-1));
#1666=VECTOR('',#1665,1.749285568454E0);
#1667=CARTESIAN_POINT('',(-5.4E0,4.5E0,-3.45E0));
#1668=LINE('',#1667,#1666);
#1669=DIRECTION('',(0.E0,0.E0,1.E0));
#1670=VECTOR('',#1669,1.8E0);
#1671=CARTESIAN_POINT('',(6.1E0,6.E0,-6.15E0));
#1672=LINE('',#1671,#1670);
#1673=DIRECTION('',(0.E0,8.574929257125E-1,-5.144957554275E-1));
#1674=VECTOR('',#1673,1.749285568454E0);
#1675=CARTESIAN_POINT('',(6.1E0,4.5E0,-3.45E0));
#1676=LINE('',#1675,#1674);
#1677=DIRECTION('',(0.E0,1.E0,0.E0));
#1678=VECTOR('',#1677,7.5E0);
#1679=CARTESIAN_POINT('',(6.1E0,4.5E0,-5.5E-1));
#1680=LINE('',#1679,#1678);
#1681=DIRECTION('',(0.E0,0.E0,-1.E0));
#1682=VECTOR('',#1681,5.6E0);
#1683=CARTESIAN_POINT('',(6.1E0,1.2E1,-5.5E-1));
#1684=LINE('',#1683,#1682);
#1685=DIRECTION('',(0.E0,-1.E0,0.E0));
#1686=VECTOR('',#1685,6.E0);
#1687=CARTESIAN_POINT('',(6.1E0,1.2E1,-6.15E0));
#1688=LINE('',#1687,#1686);
#1689=DIRECTION('',(-1.E0,0.E0,0.E0));
#1690=VECTOR('',#1689,7.E-1);
#1691=CARTESIAN_POINT('',(6.1E0,4.5E0,-3.45E0));
#1692=LINE('',#1691,#1690);
#1693=DIRECTION('',(0.E0,0.E0,1.E0));
#1694=VECTOR('',#1693,2.9E0);
#1695=CARTESIAN_POINT('',(6.1E0,4.5E0,-3.45E0));
#1696=LINE('',#1695,#1694);
#1697=DIRECTION('',(1.E0,0.E0,0.E0));
#1698=VECTOR('',#1697,1.22E1);
#1699=CARTESIAN_POINT('',(-6.1E0,1.2E1,-6.15E0));
#1700=LINE('',#1699,#1698);
#1701=DIRECTION('',(0.E0,1.E0,0.E0));
#1702=VECTOR('',#1701,2.4E1);
#1703=CARTESIAN_POINT('',(4.26E1,-1.2E1,-5.5E-1));
#1704=LINE('',#1703,#1702);
#1705=DIRECTION('',(0.E0,0.E0,-1.E0));
#1706=VECTOR('',#1705,1.6E0);
#1707=CARTESIAN_POINT('',(4.26E1,-1.2E1,1.05E0));
#1708=LINE('',#1707,#1706);
#1709=DIRECTION('',(0.E0,1.E0,0.E0));
#1710=VECTOR('',#1709,2.4E1);
#1711=CARTESIAN_POINT('',(4.26E1,-1.2E1,1.05E0));
#1712=LINE('',#1711,#1710);
#1713=DIRECTION('',(0.E0,0.E0,1.E0));
#1714=VECTOR('',#1713,5.110155320886E0);
#1715=CARTESIAN_POINT('',(-2.205E1,-3.65E0,-4.060155320886E0));
#1716=LINE('',#1715,#1714);
#1717=DIRECTION('',(0.E0,0.E0,1.E0));
#1718=VECTOR('',#1717,5.110155320886E0);
#1719=CARTESIAN_POINT('',(-2.055E1,-3.65E0,-4.060155320886E0));
#1720=LINE('',#1719,#1718);
#1721=DIRECTION('',(-1.E0,0.E0,0.E0));
#1722=VECTOR('',#1721,1.75E0);
#1723=CARTESIAN_POINT('',(-3.705E1,-5.8E0,-4.060155320886E0));
#1724=LINE('',#1723,#1722);
#1725=DIRECTION('',(0.E0,1.E0,0.E0));
#1726=VECTOR('',#1725,4.85E0);
#1727=CARTESIAN_POINT('',(-3.705E1,-1.065E1,-4.060155320886E0));
#1728=LINE('',#1727,#1726);
#1729=DIRECTION('',(-1.E0,0.E0,0.E0));
#1730=VECTOR('',#1729,7.E0);
#1731=CARTESIAN_POINT('',(-3.005E1,-1.065E1,-4.060155320886E0));
#1732=LINE('',#1731,#1730);
#1733=CARTESIAN_POINT('',(-3.005E1,-3.65E0,-4.060155320886E0));
#1734=DIRECTION('',(0.E0,0.E0,-1.E0));
#1735=DIRECTION('',(0.E0,-1.E0,0.E0));
#1736=AXIS2_PLACEMENT_3D('',#1733,#1734,#1735);
#1738=CARTESIAN_POINT('',(-3.005E1,-3.65E0,-4.060155320886E0));
#1739=DIRECTION('',(0.E0,0.E0,-1.E0));
#1740=DIRECTION('',(-1.E0,1.951030993906E-8,0.E0));
#1741=AXIS2_PLACEMENT_3D('',#1738,#1739,#1740);
#1743=DIRECTION('',(1.E0,0.E0,0.E0));
#1744=VECTOR('',#1743,7.E0);
#1745=CARTESIAN_POINT('',(-3.705E1,3.35E0,-4.060155320886E0));
#1746=LINE('',#1745,#1744);
#1747=DIRECTION('',(0.E0,1.E0,0.E0));
#1748=VECTOR('',#1747,4.85E0);
#1749=CARTESIAN_POINT('',(-3.705E1,-1.5E0,-4.060155320886E0));
#1750=LINE('',#1749,#1748);
#1751=DIRECTION('',(1.E0,0.E0,0.E0));
#1752=VECTOR('',#1751,1.75E0);
#1753=CARTESIAN_POINT('',(-3.88E1,-1.5E0,-4.060155320886E0));
#1754=LINE('',#1753,#1752);
#1755=DIRECTION('',(1.E0,0.E0,0.E0));
#1756=VECTOR('',#1755,1.75E0);
#1757=CARTESIAN_POINT('',(-2.305E1,-1.5E0,-4.060155320886E0));
#1758=LINE('',#1757,#1756);
#1759=DIRECTION('',(0.E0,-1.E0,0.E0));
#1760=VECTOR('',#1759,4.85E0);
#1761=CARTESIAN_POINT('',(-2.305E1,3.35E0,-4.060155320886E0));
#1762=LINE('',#1761,#1760);
#1763=DIRECTION('',(1.E0,0.E0,0.E0));
#1764=VECTOR('',#1763,7.E0);
#1765=CARTESIAN_POINT('',(-3.005E1,3.35E0,-4.060155320886E0));
#1766=LINE('',#1765,#1764);
#1767=CARTESIAN_POINT('',(-3.005E1,-3.65E0,-4.060155320886E0));
#1768=DIRECTION('',(0.E0,0.E0,-1.E0));
#1769=DIRECTION('',(0.E0,1.E0,0.E0));
#1770=AXIS2_PLACEMENT_3D('',#1767,#1768,#1769);
#1772=CARTESIAN_POINT('',(-3.005E1,-3.65E0,-4.060155320886E0));
#1773=DIRECTION('',(0.E0,0.E0,-1.E0));
#1774=DIRECTION('',(1.E0,0.E0,0.E0));
#1775=AXIS2_PLACEMENT_3D('',#1772,#1773,#1774);
#1777=DIRECTION('',(-1.E0,0.E0,0.E0));
#1778=VECTOR('',#1777,7.E0);
#1779=CARTESIAN_POINT('',(-2.305E1,-1.065E1,-4.060155320886E0));
#1780=LINE('',#1779,#1778);
#1781=DIRECTION('',(0.E0,-1.E0,0.E0));
#1782=VECTOR('',#1781,4.85E0);
#1783=CARTESIAN_POINT('',(-2.305E1,-5.8E0,-4.060155320886E0));
#1784=LINE('',#1783,#1782);
#1785=DIRECTION('',(-1.E0,0.E0,0.E0));
#1786=VECTOR('',#1785,1.75E0);
#1787=CARTESIAN_POINT('',(-2.13E1,-5.8E0,-4.060155320886E0));
#1788=LINE('',#1787,#1786);
#1789=CARTESIAN_POINT('',(-2.13E1,-3.65E0,-4.060155320886E0));
#1790=DIRECTION('',(0.E0,0.E0,-1.E0));
#1791=DIRECTION('',(-1.E0,0.E0,0.E0));
#1792=AXIS2_PLACEMENT_3D('',#1789,#1790,#1791);
#1794=CARTESIAN_POINT('',(-2.13E1,-3.65E0,-4.060155320886E0));
#1795=DIRECTION('',(0.E0,0.E0,-1.E0));
#1796=DIRECTION('',(1.E0,0.E0,0.E0));
#1797=AXIS2_PLACEMENT_3D('',#1794,#1795,#1796);
#1799=CARTESIAN_POINT('',(-3.88E1,-3.65E0,-4.060155320886E0));
#1800=DIRECTION('',(0.E0,0.E0,-1.E0));
#1801=DIRECTION('',(-1.E0,0.E0,0.E0));
#1802=AXIS2_PLACEMENT_3D('',#1799,#1800,#1801);
#1804=CARTESIAN_POINT('',(-3.88E1,-3.65E0,-4.060155320886E0));
#1805=DIRECTION('',(0.E0,0.E0,-1.E0));
#1806=DIRECTION('',(1.E0,0.E0,0.E0));
#1807=AXIS2_PLACEMENT_3D('',#1804,#1805,#1806);
#1809=CARTESIAN_POINT('',(-3.88E1,-3.65E0,-5.5E-1));
#1810=DIRECTION('',(0.E0,0.E0,1.E0));
#1811=DIRECTION('',(0.E0,1.E0,0.E0));
#1812=AXIS2_PLACEMENT_3D('',#1809,#1810,#1811);
#1814=DIRECTION('',(0.E0,0.E0,1.E0));
#1815=VECTOR('',#1814,3.510155320886E0);
#1816=CARTESIAN_POINT('',(-3.88E1,-5.8E0,-4.060155320886E0));
#1817=LINE('',#1816,#1815);
#1818=CARTESIAN_POINT('',(-3.88E1,-3.65E0,-4.060155320886E0));
#1819=DIRECTION('',(0.E0,0.E0,-1.E0));
#1820=DIRECTION('',(0.E0,-1.E0,0.E0));
#1821=AXIS2_PLACEMENT_3D('',#1818,#1819,#1820);
#1823=DIRECTION('',(0.E0,0.E0,1.E0));
#1824=VECTOR('',#1823,2.510155320886E0);
#1825=CARTESIAN_POINT('',(-3.88E1,-1.5E0,-4.060155320886E0));
#1826=LINE('',#1825,#1824);
#1827=DIRECTION('',(0.E0,0.E0,1.E0));
#1828=VECTOR('',#1827,1.E0);
#1829=CARTESIAN_POINT('',(-3.88E1,-1.5E0,-1.55E0));
#1830=LINE('',#1829,#1828);
#1831=DIRECTION('',(0.E0,-1.E0,0.E0));
#1832=VECTOR('',#1831,2.5E0);
#1833=CARTESIAN_POINT('',(-3.78E1,1.E0,-1.55E0));
#1834=LINE('',#1833,#1832);
#1835=DIRECTION('',(1.E0,0.E0,0.E0));
#1836=VECTOR('',#1835,3.E0);
#1837=CARTESIAN_POINT('',(-4.08E1,1.E0,-1.55E0));
#1838=LINE('',#1837,#1836);
#1839=DIRECTION('',(0.E0,1.E0,0.E0));
#1840=VECTOR('',#1839,2.5E0);
#1841=CARTESIAN_POINT('',(-4.08E1,-1.5E0,-1.55E0));
#1842=LINE('',#1841,#1840);
#1843=DIRECTION('',(-1.E0,0.E0,0.E0));
#1844=VECTOR('',#1843,2.E0);
#1845=CARTESIAN_POINT('',(-3.88E1,-1.5E0,-1.55E0));
#1846=LINE('',#1845,#1844);
#1847=DIRECTION('',(1.E0,0.E0,0.E0));
#1848=VECTOR('',#1847,1.E0);
#1849=CARTESIAN_POINT('',(-3.88E1,-1.5E0,-1.55E0));
#1850=LINE('',#1849,#1848);
#1851=DIRECTION('',(0.E0,0.E0,-1.E0));
#1852=VECTOR('',#1851,1.E0);
#1853=CARTESIAN_POINT('',(-3.78E1,-1.5E0,-5.5E-1));
#1854=LINE('',#1853,#1852);
#1855=DIRECTION('',(0.E0,0.E0,-1.E0));
#1856=VECTOR('',#1855,3.510155320886E0);
#1857=CARTESIAN_POINT('',(-2.13E1,-5.8E0,-5.5E-1));
#1858=LINE('',#1857,#1856);
#1859=CARTESIAN_POINT('',(-2.13E1,-3.65E0,-5.5E-1));
#1860=DIRECTION('',(0.E0,0.E0,1.E0));
#1861=DIRECTION('',(0.E0,-1.E0,0.E0));
#1862=AXIS2_PLACEMENT_3D('',#1859,#1860,#1861);
#1864=DIRECTION('',(0.E0,0.E0,-1.E0));
#1865=VECTOR('',#1864,3.510155320886E0);
#1866=CARTESIAN_POINT('',(-2.13E1,-1.5E0,-5.5E-1));
#1867=LINE('',#1866,#1865);
#1868=CARTESIAN_POINT('',(-2.13E1,-3.65E0,-4.060155320886E0));
#1869=DIRECTION('',(0.E0,0.E0,-1.E0));
#1870=DIRECTION('',(0.E0,1.E0,0.E0));
#1871=AXIS2_PLACEMENT_3D('',#1868,#1869,#1870);
#1873=DIRECTION('',(0.E0,0.E0,-1.E0));
#1874=VECTOR('',#1873,3.510155320886E0);
#1875=CARTESIAN_POINT('',(-3.705E1,-5.8E0,-5.5E-1));
#1876=LINE('',#1875,#1874);
#1877=DIRECTION('',(0.E0,0.E0,1.E0));
#1878=VECTOR('',#1877,3.510155320886E0);
#1879=CARTESIAN_POINT('',(-3.705E1,-1.065E1,-4.060155320886E0));
#1880=LINE('',#1879,#1878);
#1881=DIRECTION('',(0.E0,0.E0,-1.E0));
#1882=VECTOR('',#1881,3.510155320886E0);
#1883=CARTESIAN_POINT('',(-3.705E1,-1.5E0,-5.5E-1));
#1884=LINE('',#1883,#1882);
#1885=DIRECTION('',(0.E0,0.E0,1.E0));
#1886=VECTOR('',#1885,3.510155320886E0);
#1887=CARTESIAN_POINT('',(-2.305E1,-1.065E1,-4.060155320886E0));
#1888=LINE('',#1887,#1886);
#1889=DIRECTION('',(0.E0,0.E0,-1.E0));
#1890=VECTOR('',#1889,3.510155320886E0);
#1891=CARTESIAN_POINT('',(-2.305E1,-5.8E0,-5.5E-1));
#1892=LINE('',#1891,#1890);
#1893=DIRECTION('',(0.E0,0.E0,-1.E0));
#1894=VECTOR('',#1893,3.510155320886E0);
#1895=CARTESIAN_POINT('',(-2.305E1,-1.5E0,-5.5E-1));
#1896=LINE('',#1895,#1894);
#1897=DIRECTION('',(0.E0,0.E0,1.E0));
#1898=VECTOR('',#1897,3.510155320886E0);
#1899=CARTESIAN_POINT('',(-2.305E1,3.35E0,-4.060155320886E0));
#1900=LINE('',#1899,#1898);
#1901=DIRECTION('',(0.E0,0.E0,1.E0));
#1902=VECTOR('',#1901,3.510155320886E0);
#1903=CARTESIAN_POINT('',(-3.705E1,3.35E0,-4.060155320886E0));
#1904=LINE('',#1903,#1902);
#1905=DIRECTION('',(0.E0,0.E0,-1.E0));
#1906=VECTOR('',#1905,1.E0);
#1907=CARTESIAN_POINT('',(-3.78E1,1.E0,-5.5E-1));
#1908=LINE('',#1907,#1906);
#1909=DIRECTION('',(0.E0,0.E0,-1.E0));
#1910=VECTOR('',#1909,1.E0);
#1911=CARTESIAN_POINT('',(-4.08E1,1.E0,-5.5E-1));
#1912=LINE('',#1911,#1910);
#1913=DIRECTION('',(0.E0,0.E0,-1.E0));
#1914=VECTOR('',#1913,1.E0);
#1915=CARTESIAN_POINT('',(-4.08E1,-1.5E0,-5.5E-1));
#1916=LINE('',#1915,#1914);
#1917=DIRECTION('',(0.E0,0.E0,-1.E0));
#1918=VECTOR('',#1917,4.839844679114E0);
#1919=CARTESIAN_POINT('',(-2.305E1,-3.65E0,-4.060155320886E0));
#1920=LINE('',#1919,#1918);
#1921=DIRECTION('',(0.E0,0.E0,-1.E0));
#1922=VECTOR('',#1921,2.660155320886E0);
#1923=CARTESIAN_POINT('',(-2.305E1,-3.65E0,-1.24E1));
#1924=LINE('',#1923,#1922);
#1925=CARTESIAN_POINT('',(-3.005E1,-3.65E0,-8.9E0));
#1926=DIRECTION('',(0.E0,0.E0,-1.E0));
#1927=DIRECTION('',(1.E0,0.E0,0.E0));
#1928=AXIS2_PLACEMENT_3D('',#1925,#1926,#1927);
#1930=CARTESIAN_POINT('',(-3.005E1,-3.65E0,-8.9E0));
#1931=DIRECTION('',(0.E0,0.E0,-1.E0));
#1932=DIRECTION('',(-1.E0,0.E0,0.E0));
#1933=AXIS2_PLACEMENT_3D('',#1930,#1931,#1932);
#1935=DIRECTION('',(0.E0,0.E0,-1.E0));
#1936=VECTOR('',#1935,3.5E0);
#1937=CARTESIAN_POINT('',(-3.585E1,-3.65E0,-8.9E0));
#1938=LINE('',#1937,#1936);
#1939=DIRECTION('',(0.E0,0.E0,-1.E0));
#1940=VECTOR('',#1939,3.5E0);
#1941=CARTESIAN_POINT('',(-2.425E1,-3.65E0,-8.9E0));
#1942=LINE('',#1941,#1940);
#1943=CARTESIAN_POINT('',(-3.005E1,-3.65E0,-8.9E0));
#1944=DIRECTION('',(0.E0,0.E0,-1.E0));
#1945=DIRECTION('',(-1.E0,0.E0,0.E0));
#1946=AXIS2_PLACEMENT_3D('',#1943,#1944,#1945);
#1948=CARTESIAN_POINT('',(-3.005E1,-3.65E0,-8.9E0));
#1949=DIRECTION('',(0.E0,0.E0,1.E0));
#1950=DIRECTION('',(-1.E0,0.E0,0.E0));
#1951=AXIS2_PLACEMENT_3D('',#1948,#1949,#1950);
#1953=CARTESIAN_POINT('',(-3.005E1,-3.65E0,-1.24E1));
#1954=DIRECTION('',(0.E0,0.E0,1.E0));
#1955=DIRECTION('',(-1.E0,0.E0,0.E0));
#1956=AXIS2_PLACEMENT_3D('',#1953,#1954,#1955);
#1958=CARTESIAN_POINT('',(-3.005E1,-3.65E0,-1.24E1));
#1959=DIRECTION('',(0.E0,0.E0,-1.E0));
#1960=DIRECTION('',(-1.E0,0.E0,0.E0));
#1961=AXIS2_PLACEMENT_3D('',#1958,#1959,#1960);
#1963=CARTESIAN_POINT('',(-3.005E1,-3.65E0,-1.24E1));
#1964=DIRECTION('',(0.E0,0.E0,-1.E0));
#1965=DIRECTION('',(1.E0,0.E0,0.E0));
#1966=AXIS2_PLACEMENT_3D('',#1963,#1964,#1965);
#1968=CARTESIAN_POINT('',(-3.005E1,-3.65E0,-1.24E1));
#1969=DIRECTION('',(0.E0,0.E0,-1.E0));
#1970=DIRECTION('',(-1.E0,0.E0,0.E0));
#1971=AXIS2_PLACEMENT_3D('',#1968,#1969,#1970);
#1973=DIRECTION('',(9.264189063672E-10,-9.406098654555E-9,-1.E0));
#1974=VECTOR('',#1973,4.839844679114E0);
#1975=CARTESIAN_POINT('',(-3.705000000448E1,-3.649999954476E0,
-4.060155320886E0));
#1976=LINE('',#1975,#1974);
#1977=DIRECTION('',(0.E0,0.E0,-1.E0));
#1978=VECTOR('',#1977,2.660155320886E0);
#1979=CARTESIAN_POINT('',(-3.705E1,-3.65E0,-1.24E1));
#1980=LINE('',#1979,#1978);
#1981=CARTESIAN_POINT('',(-3.005E1,-3.65E0,-1.506015532089E1));
#1982=DIRECTION('',(0.E0,0.E0,-1.E0));
#1983=DIRECTION('',(1.E0,0.E0,0.E0));
#1984=AXIS2_PLACEMENT_3D('',#1981,#1982,#1983);
#1986=CARTESIAN_POINT('',(-3.005E1,-3.65E0,-1.506015532089E1));
#1987=DIRECTION('',(0.E0,0.E0,-1.E0));
#1988=DIRECTION('',(-1.E0,0.E0,0.E0));
#1989=AXIS2_PLACEMENT_3D('',#1986,#1987,#1988);
#1991=CARTESIAN_POINT('',(-3.005E1,-3.65E0,-1.506015532089E1));
#1992=DIRECTION('',(0.E0,0.E0,-1.E0));
#1993=DIRECTION('',(1.E0,0.E0,0.E0));
#1994=AXIS2_PLACEMENT_3D('',#1991,#1992,#1993);
#1996=CARTESIAN_POINT('',(-3.005E1,-3.65E0,-1.506015532089E1));
#1997=DIRECTION('',(0.E0,0.E0,-1.E0));
#1998=DIRECTION('',(-1.E0,0.E0,0.E0));
#1999=AXIS2_PLACEMENT_3D('',#1996,#1997,#1998);
#2001=CARTESIAN_POINT('',(-3.005E1,-3.65E0,-6.710155320886E0));
#2002=DIRECTION('',(0.E0,1.E0,0.E0));
#2003=DIRECTION('',(0.E0,0.E0,-1.E0));
#2004=AXIS2_PLACEMENT_3D('',#2001,#2002,#2003);
#2006=CARTESIAN_POINT('',(-3.005E1,-3.65E0,-6.710155320886E0));
#2007=DIRECTION('',(0.E0,-1.E0,0.E0));
#2008=DIRECTION('',(0.E0,0.E0,-1.E0));
#2009=AXIS2_PLACEMENT_3D('',#2006,#2007,#2008);
#2011=DIRECTION('',(0.E0,0.E0,1.E0));
#2012=VECTOR('',#2011,5.110155320886E0);
#2013=CARTESIAN_POINT('',(-3.955E1,-3.65E0,-4.060155320886E0));
#2014=LINE('',#2013,#2012);
#2015=DIRECTION('',(0.E0,0.E0,1.E0));
#2016=VECTOR('',#2015,5.110155320886E0);
#2017=CARTESIAN_POINT('',(-3.805E1,-3.65E0,-4.060155320886E0));
#2018=LINE('',#2017,#2016);
#2019=DIRECTION('',(0.E0,0.E0,1.E0));
#2020=VECTOR('',#2019,5.110155320886E0);
#2021=CARTESIAN_POINT('',(2.055E1,-3.65E0,-4.060155320886E0));
#2022=LINE('',#2021,#2020);
#2023=DIRECTION('',(0.E0,0.E0,1.E0));
#2024=VECTOR('',#2023,5.110155320886E0);
#2025=CARTESIAN_POINT('',(2.205E1,-3.65E0,-4.060155320886E0));
#2026=LINE('',#2025,#2024);
#2027=DIRECTION('',(-1.E0,0.E0,0.E0));
#2028=VECTOR('',#2027,1.75E0);
#2029=CARTESIAN_POINT('',(3.88E1,-1.5E0,-4.060155320886E0));
#2030=LINE('',#2029,#2028);
#2031=DIRECTION('',(0.E0,1.E0,0.E0));
#2032=VECTOR('',#2031,4.85E0);
#2033=CARTESIAN_POINT('',(3.705E1,-1.5E0,-4.060155320886E0));
#2034=LINE('',#2033,#2032);
#2035=DIRECTION('',(-1.E0,0.E0,0.E0));
#2036=VECTOR('',#2035,7.E0);
#2037=CARTESIAN_POINT('',(3.705E1,3.35E0,-4.060155320886E0));
#2038=LINE('',#2037,#2036);
#2039=CARTESIAN_POINT('',(3.005E1,-3.65E0,-4.060155320886E0));
#2040=DIRECTION('',(0.E0,0.E0,1.E0));
#2041=DIRECTION('',(1.E0,1.951030993906E-8,0.E0));
#2042=AXIS2_PLACEMENT_3D('',#2039,#2040,#2041);
#2044=CARTESIAN_POINT('',(3.005E1,-3.65E0,-4.060155320886E0));
#2045=DIRECTION('',(0.E0,0.E0,1.E0));
#2046=DIRECTION('',(0.E0,-1.E0,0.E0));
#2047=AXIS2_PLACEMENT_3D('',#2044,#2045,#2046);
#2049=DIRECTION('',(1.E0,0.E0,0.E0));
#2050=VECTOR('',#2049,7.E0);
#2051=CARTESIAN_POINT('',(3.005E1,-1.065E1,-4.060155320886E0));
#2052=LINE('',#2051,#2050);
#2053=DIRECTION('',(0.E0,1.E0,0.E0));
#2054=VECTOR('',#2053,4.85E0);
#2055=CARTESIAN_POINT('',(3.705E1,-1.065E1,-4.060155320886E0));
#2056=LINE('',#2055,#2054);
#2057=DIRECTION('',(1.E0,0.E0,0.E0));
#2058=VECTOR('',#2057,1.75E0);
#2059=CARTESIAN_POINT('',(3.705E1,-5.8E0,-4.060155320886E0));
#2060=LINE('',#2059,#2058);
#2061=DIRECTION('',(1.E0,0.E0,0.E0));
#2062=VECTOR('',#2061,1.75E0);
#2063=CARTESIAN_POINT('',(2.13E1,-5.8E0,-4.060155320886E0));
#2064=LINE('',#2063,#2062);
#2065=DIRECTION('',(0.E0,-1.E0,0.E0));
#2066=VECTOR('',#2065,4.85E0);
#2067=CARTESIAN_POINT('',(2.305E1,-5.8E0,-4.060155320886E0));
#2068=LINE('',#2067,#2066);
#2069=DIRECTION('',(1.E0,0.E0,0.E0));
#2070=VECTOR('',#2069,7.E0);
#2071=CARTESIAN_POINT('',(2.305E1,-1.065E1,-4.060155320886E0));
#2072=LINE('',#2071,#2070);
#2073=CARTESIAN_POINT('',(3.005E1,-3.65E0,-4.060155320886E0));
#2074=DIRECTION('',(0.E0,0.E0,1.E0));
#2075=DIRECTION('',(-1.E0,0.E0,0.E0));
#2076=AXIS2_PLACEMENT_3D('',#2073,#2074,#2075);
#2078=CARTESIAN_POINT('',(3.005E1,-3.65E0,-4.060155320886E0));
#2079=DIRECTION('',(0.E0,0.E0,1.E0));
#2080=DIRECTION('',(0.E0,1.E0,0.E0));
#2081=AXIS2_PLACEMENT_3D('',#2078,#2079,#2080);
#2083=DIRECTION('',(-1.E0,0.E0,0.E0));
#2084=VECTOR('',#2083,7.E0);
#2085=CARTESIAN_POINT('',(3.005E1,3.35E0,-4.060155320886E0));
#2086=LINE('',#2085,#2084);
#2087=DIRECTION('',(0.E0,-1.E0,0.E0));
#2088=VECTOR('',#2087,4.85E0);
#2089=CARTESIAN_POINT('',(2.305E1,3.35E0,-4.060155320886E0));
#2090=LINE('',#2089,#2088);
#2091=DIRECTION('',(-1.E0,0.E0,0.E0));
#2092=VECTOR('',#2091,1.75E0);
#2093=CARTESIAN_POINT('',(2.305E1,-1.5E0,-4.060155320886E0));
#2094=LINE('',#2093,#2092);
#2095=CARTESIAN_POINT('',(2.13E1,-3.65E0,-4.060155320886E0));
#2096=DIRECTION('',(0.E0,0.E0,-1.E0));
#2097=DIRECTION('',(-1.E0,0.E0,0.E0));
#2098=AXIS2_PLACEMENT_3D('',#2095,#2096,#2097);
#2100=CARTESIAN_POINT('',(2.13E1,-3.65E0,-4.060155320886E0));
#2101=DIRECTION('',(0.E0,0.E0,-1.E0));
#2102=DIRECTION('',(1.E0,0.E0,0.E0));
#2103=AXIS2_PLACEMENT_3D('',#2100,#2101,#2102);
#2105=CARTESIAN_POINT('',(3.88E1,-3.65E0,-4.060155320886E0));
#2106=DIRECTION('',(0.E0,0.E0,-1.E0));
#2107=DIRECTION('',(-1.E0,0.E0,0.E0));
#2108=AXIS2_PLACEMENT_3D('',#2105,#2106,#2107);
#2110=CARTESIAN_POINT('',(3.88E1,-3.65E0,-4.060155320886E0));
#2111=DIRECTION('',(0.E0,0.E0,-1.E0));
#2112=DIRECTION('',(1.E0,0.E0,0.E0));
#2113=AXIS2_PLACEMENT_3D('',#2110,#2111,#2112);
#2115=DIRECTION('',(0.E0,0.E0,1.E0));
#2116=VECTOR('',#2115,3.510155320886E0);
#2117=CARTESIAN_POINT('',(3.88E1,-5.8E0,-4.060155320886E0));
#2118=LINE('',#2117,#2116);
#2119=CARTESIAN_POINT('',(3.88E1,-3.65E0,-5.5E-1));
#2120=DIRECTION('',(0.E0,0.E0,-1.E0));
#2121=DIRECTION('',(0.E0,1.E0,0.E0));
#2122=AXIS2_PLACEMENT_3D('',#2119,#2120,#2121);
#2124=DIRECTION('',(0.E0,0.E0,1.E0));
#2125=VECTOR('',#2124,3.510155320886E0);
#2126=CARTESIAN_POINT('',(3.88E1,-1.5E0,-4.060155320886E0));
#2127=LINE('',#2126,#2125);
#2128=CARTESIAN_POINT('',(3.88E1,-3.65E0,-4.060155320886E0));
#2129=DIRECTION('',(0.E0,0.E0,1.E0));
#2130=DIRECTION('',(0.E0,-1.E0,0.E0));
#2131=AXIS2_PLACEMENT_3D('',#2128,#2129,#2130);
#2133=DIRECTION('',(0.E0,0.E0,-1.E0));
#2134=VECTOR('',#2133,3.510155320886E0);
#2135=CARTESIAN_POINT('',(3.705E1,-5.8E0,-5.5E-1));
#2136=LINE('',#2135,#2134);
#2137=DIRECTION('',(0.E0,0.E0,1.E0));
#2138=VECTOR('',#2137,3.510155320886E0);
#2139=CARTESIAN_POINT('',(3.705E1,-1.065E1,-4.060155320886E0));
#2140=LINE('',#2139,#2138);
#2141=DIRECTION('',(0.E0,0.E0,-1.E0));
#2142=VECTOR('',#2141,3.510155320886E0);
#2143=CARTESIAN_POINT('',(3.705E1,-1.5E0,-5.5E-1));
#2144=LINE('',#2143,#2142);
#2145=DIRECTION('',(0.E0,0.E0,1.E0));
#2146=VECTOR('',#2145,3.510155320886E0);
#2147=CARTESIAN_POINT('',(2.305E1,-1.065E1,-4.060155320886E0));
#2148=LINE('',#2147,#2146);
#2149=DIRECTION('',(0.E0,0.E0,-1.E0));
#2150=VECTOR('',#2149,3.510155320886E0);
#2151=CARTESIAN_POINT('',(2.305E1,-5.8E0,-5.5E-1));
#2152=LINE('',#2151,#2150);
#2153=DIRECTION('',(0.E0,0.E0,-1.E0));
#2154=VECTOR('',#2153,3.510155320886E0);
#2155=CARTESIAN_POINT('',(2.305E1,-1.5E0,-5.5E-1));
#2156=LINE('',#2155,#2154);
#2157=DIRECTION('',(0.E0,0.E0,1.E0));
#2158=VECTOR('',#2157,3.510155320886E0);
#2159=CARTESIAN_POINT('',(2.305E1,3.35E0,-4.060155320886E0));
#2160=LINE('',#2159,#2158);
#2161=DIRECTION('',(0.E0,0.E0,-1.E0));
#2162=VECTOR('',#2161,3.510155320886E0);
#2163=CARTESIAN_POINT('',(2.13E1,-5.8E0,-5.5E-1));
#2164=LINE('',#2163,#2162);
#2165=CARTESIAN_POINT('',(2.13E1,-3.65E0,-4.060155320886E0));
#2166=DIRECTION('',(0.E0,0.E0,1.E0));
#2167=DIRECTION('',(0.E0,1.E0,0.E0));
#2168=AXIS2_PLACEMENT_3D('',#2165,#2166,#2167);
#2170=DIRECTION('',(0.E0,0.E0,-1.E0));
#2171=VECTOR('',#2170,3.510155320886E0);
#2172=CARTESIAN_POINT('',(2.13E1,-1.5E0,-5.5E-1));
#2173=LINE('',#2172,#2171);
#2174=CARTESIAN_POINT('',(2.13E1,-3.65E0,-5.5E-1));
#2175=DIRECTION('',(0.E0,0.E0,-1.E0));
#2176=DIRECTION('',(0.E0,-1.E0,0.E0));
#2177=AXIS2_PLACEMENT_3D('',#2174,#2175,#2176);
#2179=DIRECTION('',(0.E0,0.E0,1.E0));
#2180=VECTOR('',#2179,3.510155320886E0);
#2181=CARTESIAN_POINT('',(3.705E1,3.35E0,-4.060155320886E0));
#2182=LINE('',#2181,#2180);
#2183=DIRECTION('',(-9.264189063672E-10,-9.406098654555E-9,-1.E0));
#2184=VECTOR('',#2183,4.839844679114E0);
#2185=CARTESIAN_POINT('',(3.705000000448E1,-3.649999954476E0,
-4.060155320886E0));
#2186=LINE('',#2185,#2184);
#2187=DIRECTION('',(0.E0,0.E0,-1.E0));
#2188=VECTOR('',#2187,2.660155320886E0);
#2189=CARTESIAN_POINT('',(3.705E1,-3.65E0,-1.24E1));
#2190=LINE('',#2189,#2188);
#2191=CARTESIAN_POINT('',(3.005E1,-3.65E0,-8.9E0));
#2192=DIRECTION('',(0.E0,0.E0,1.E0));
#2193=DIRECTION('',(-1.E0,0.E0,0.E0));
#2194=AXIS2_PLACEMENT_3D('',#2191,#2192,#2193);
#2196=CARTESIAN_POINT('',(3.005E1,-3.65E0,-8.9E0));
#2197=DIRECTION('',(0.E0,0.E0,1.E0));
#2198=DIRECTION('',(1.E0,0.E0,0.E0));
#2199=AXIS2_PLACEMENT_3D('',#2196,#2197,#2198);
#2201=DIRECTION('',(0.E0,0.E0,-1.E0));
#2202=VECTOR('',#2201,3.5E0);
#2203=CARTESIAN_POINT('',(3.585E1,-3.65E0,-8.9E0));
#2204=LINE('',#2203,#2202);
#2205=CARTESIAN_POINT('',(3.005E1,-3.65E0,-8.9E0));
#2206=DIRECTION('',(0.E0,0.E0,1.E0));
#2207=DIRECTION('',(1.E0,0.E0,0.E0));
#2208=AXIS2_PLACEMENT_3D('',#2205,#2206,#2207);
#2210=DIRECTION('',(0.E0,0.E0,-1.E0));
#2211=VECTOR('',#2210,3.5E0);
#2212=CARTESIAN_POINT('',(2.425E1,-3.65E0,-8.9E0));
#2213=LINE('',#2212,#2211);
#2214=CARTESIAN_POINT('',(3.005E1,-3.65E0,-8.9E0));
#2215=DIRECTION('',(0.E0,0.E0,-1.E0));
#2216=DIRECTION('',(1.E0,0.E0,0.E0));
#2217=AXIS2_PLACEMENT_3D('',#2214,#2215,#2216);
#2219=CARTESIAN_POINT('',(3.005E1,-3.65E0,-1.24E1));
#2220=DIRECTION('',(0.E0,0.E0,-1.E0));
#2221=DIRECTION('',(1.E0,0.E0,0.E0));
#2222=AXIS2_PLACEMENT_3D('',#2219,#2220,#2221);
#2224=CARTESIAN_POINT('',(3.005E1,-3.65E0,-1.24E1));
#2225=DIRECTION('',(0.E0,0.E0,1.E0));
#2226=DIRECTION('',(1.E0,0.E0,0.E0));
#2227=AXIS2_PLACEMENT_3D('',#2224,#2225,#2226);
#2229=CARTESIAN_POINT('',(3.005E1,-3.65E0,-1.24E1));
#2230=DIRECTION('',(0.E0,0.E0,1.E0));
#2231=DIRECTION('',(-1.E0,0.E0,0.E0));
#2232=AXIS2_PLACEMENT_3D('',#2229,#2230,#2231);
#2234=CARTESIAN_POINT('',(3.005E1,-3.65E0,-1.24E1));
#2235=DIRECTION('',(0.E0,0.E0,1.E0));
#2236=DIRECTION('',(1.E0,0.E0,0.E0));
#2237=AXIS2_PLACEMENT_3D('',#2234,#2235,#2236);
#2239=DIRECTION('',(0.E0,0.E0,-1.E0));
#2240=VECTOR('',#2239,4.839844679114E0);
#2241=CARTESIAN_POINT('',(2.305E1,-3.65E0,-4.060155320886E0));
#2242=LINE('',#2241,#2240);
#2243=DIRECTION('',(0.E0,0.E0,-1.E0));
#2244=VECTOR('',#2243,2.660155320886E0);
#2245=CARTESIAN_POINT('',(2.305E1,-3.65E0,-1.24E1));
#2246=LINE('',#2245,#2244);
#2247=CARTESIAN_POINT('',(3.005E1,-3.65E0,-1.506015532089E1));
#2248=DIRECTION('',(0.E0,0.E0,1.E0));
#2249=DIRECTION('',(-1.E0,0.E0,0.E0));
#2250=AXIS2_PLACEMENT_3D('',#2247,#2248,#2249);
#2252=CARTESIAN_POINT('',(3.005E1,-3.65E0,-1.506015532089E1));
#2253=DIRECTION('',(0.E0,0.E0,1.E0));
#2254=DIRECTION('',(1.E0,0.E0,0.E0));
#2255=AXIS2_PLACEMENT_3D('',#2252,#2253,#2254);
#2257=CARTESIAN_POINT('',(3.005E1,-3.65E0,-1.506015532089E1));
#2258=DIRECTION('',(0.E0,0.E0,1.E0));
#2259=DIRECTION('',(-1.E0,0.E0,0.E0));
#2260=AXIS2_PLACEMENT_3D('',#2257,#2258,#2259);
#2262=CARTESIAN_POINT('',(3.005E1,-3.65E0,-1.506015532089E1));
#2263=DIRECTION('',(0.E0,0.E0,1.E0));
#2264=DIRECTION('',(1.E0,0.E0,0.E0));
#2265=AXIS2_PLACEMENT_3D('',#2262,#2263,#2264);
#2267=CARTESIAN_POINT('',(3.005E1,-3.65E0,-6.710155320886E0));
#2268=DIRECTION('',(0.E0,1.E0,0.E0));
#2269=DIRECTION('',(0.E0,0.E0,-1.E0));
#2270=AXIS2_PLACEMENT_3D('',#2267,#2268,#2269);
#2272=CARTESIAN_POINT('',(3.005E1,-3.65E0,-6.710155320886E0));
#2273=DIRECTION('',(0.E0,-1.E0,0.E0));
#2274=DIRECTION('',(0.E0,0.E0,-1.E0));
#2275=AXIS2_PLACEMENT_3D('',#2272,#2273,#2274);
#2277=DIRECTION('',(0.E0,0.E0,1.E0));
#2278=VECTOR('',#2277,5.110155320886E0);
#2279=CARTESIAN_POINT('',(3.805E1,-3.65E0,-4.060155320886E0));
#2280=LINE('',#2279,#2278);
#2281=DIRECTION('',(0.E0,0.E0,1.E0));
#2282=VECTOR('',#2281,5.110155320886E0);
#2283=CARTESIAN_POINT('',(3.955E1,-3.65E0,-4.060155320886E0));
#2284=LINE('',#2283,#2282);
#2285=DIRECTION('',(0.E0,0.E0,-1.E0));
#2286=VECTOR('',#2285,1.9E0);
#2287=CARTESIAN_POINT('',(-3.62E1,7.4E0,-5.5E-1));
#2288=LINE('',#2287,#2286);
#2289=DIRECTION('',(0.E0,0.E0,-1.E0));
#2290=VECTOR('',#2289,1.9E0);
#2291=CARTESIAN_POINT('',(-2.39E1,7.4E0,-5.5E-1));
#2292=LINE('',#2291,#2290);
#2293=DIRECTION('',(0.E0,0.E0,-1.E0));
#2294=VECTOR('',#2293,1.9E0);
#2295=CARTESIAN_POINT('',(-2.39E1,1.17E1,-5.5E-1));
#2296=LINE('',#2295,#2294);
#2297=DIRECTION('',(0.E0,0.E0,-1.E0));
#2298=VECTOR('',#2297,1.9E0);
#2299=CARTESIAN_POINT('',(-3.62E1,1.17E1,-5.5E-1));
#2300=LINE('',#2299,#2298);
#2301=DIRECTION('',(0.E0,1.E0,0.E0));
#2302=VECTOR('',#2301,4.3E0);
#2303=CARTESIAN_POINT('',(-3.62E1,7.4E0,-2.45E0));
#2304=LINE('',#2303,#2302);
#2305=DIRECTION('',(-1.E0,0.E0,0.E0));
#2306=VECTOR('',#2305,1.23E1);
#2307=CARTESIAN_POINT('',(-2.39E1,7.4E0,-2.45E0));
#2308=LINE('',#2307,#2306);
#2309=DIRECTION('',(0.E0,-1.E0,0.E0));
#2310=VECTOR('',#2309,4.3E0);
#2311=CARTESIAN_POINT('',(-2.39E1,1.17E1,-2.45E0));
#2312=LINE('',#2311,#2310);
#2313=DIRECTION('',(1.E0,0.E0,0.E0));
#2314=VECTOR('',#2313,1.23E1);
#2315=CARTESIAN_POINT('',(-3.62E1,1.17E1,-2.45E0));
#2316=LINE('',#2315,#2314);
#2317=DIRECTION('',(0.E0,0.E0,-1.E0));
#2318=VECTOR('',#2317,8.E-1);
#2319=CARTESIAN_POINT('',(-3.89E1,1.04E1,-5.5E-1));
#2320=LINE('',#2319,#2318);
#2321=DIRECTION('',(0.E0,0.E0,-1.E0));
#2322=VECTOR('',#2321,8.E-1);
#2323=CARTESIAN_POINT('',(-4.06E1,1.04E1,-5.5E-1));
#2324=LINE('',#2323,#2322);
#2325=DIRECTION('',(0.E0,0.E0,-1.E0));
#2326=VECTOR('',#2325,8.E-1);
#2327=CARTESIAN_POINT('',(-4.06E1,9.6E0,-5.5E-1));
#2328=LINE('',#2327,#2326);
#2329=DIRECTION('',(0.E0,0.E0,-1.E0));
#2330=VECTOR('',#2329,8.E-1);
#2331=CARTESIAN_POINT('',(-3.89E1,9.6E0,-5.5E-1));
#2332=LINE('',#2331,#2330);
#2333=DIRECTION('',(0.E0,-1.E0,0.E0));
#2334=VECTOR('',#2333,8.E-1);
#2335=CARTESIAN_POINT('',(-3.89E1,1.04E1,-1.35E0));
#2336=LINE('',#2335,#2334);
#2337=DIRECTION('',(1.E0,0.E0,0.E0));
#2338=VECTOR('',#2337,1.7E0);
#2339=CARTESIAN_POINT('',(-4.06E1,1.04E1,-1.35E0));
#2340=LINE('',#2339,#2338);
#2341=DIRECTION('',(0.E0,1.E0,0.E0));
#2342=VECTOR('',#2341,8.E-1);
#2343=CARTESIAN_POINT('',(-4.06E1,9.6E0,-1.35E0));
#2344=LINE('',#2343,#2342);
#2345=DIRECTION('',(-1.E0,0.E0,0.E0));
#2346=VECTOR('',#2345,1.7E0);
#2347=CARTESIAN_POINT('',(-3.89E1,9.6E0,-1.35E0));
#2348=LINE('',#2347,#2346);
#2349=DIRECTION('',(0.E0,-1.E0,0.E0));
#2350=VECTOR('',#2349,8.E-1);
#2351=CARTESIAN_POINT('',(-3.89E1,8.6E0,-1.35E0));
#2352=LINE('',#2351,#2350);
#2353=DIRECTION('',(1.E0,0.E0,0.E0));
#2354=VECTOR('',#2353,1.7E0);
#2355=CARTESIAN_POINT('',(-4.06E1,8.6E0,-1.35E0));
#2356=LINE('',#2355,#2354);
#2357=DIRECTION('',(0.E0,1.E0,0.E0));
#2358=VECTOR('',#2357,8.E-1);
#2359=CARTESIAN_POINT('',(-4.06E1,7.8E0,-1.35E0));
#2360=LINE('',#2359,#2358);
#2361=DIRECTION('',(-1.E0,0.E0,0.E0));
#2362=VECTOR('',#2361,1.7E0);
#2363=CARTESIAN_POINT('',(-3.89E1,7.8E0,-1.35E0));
#2364=LINE('',#2363,#2362);
#2365=DIRECTION('',(0.E0,-1.E0,0.E0));
#2366=VECTOR('',#2365,8.E-1);
#2367=CARTESIAN_POINT('',(-3.89E1,6.8E0,-1.35E0));
#2368=LINE('',#2367,#2366);
#2369=DIRECTION('',(1.E0,0.E0,0.E0));
#2370=VECTOR('',#2369,1.7E0);
#2371=CARTESIAN_POINT('',(-4.06E1,6.8E0,-1.35E0));
#2372=LINE('',#2371,#2370);
#2373=DIRECTION('',(0.E0,1.E0,0.E0));
#2374=VECTOR('',#2373,8.E-1);
#2375=CARTESIAN_POINT('',(-4.06E1,6.E0,-1.35E0));
#2376=LINE('',#2375,#2374);
#2377=DIRECTION('',(-1.E0,0.E0,0.E0));
#2378=VECTOR('',#2377,1.7E0);
#2379=CARTESIAN_POINT('',(-3.89E1,6.E0,-1.35E0));
#2380=LINE('',#2379,#2378);
#2381=DIRECTION('',(0.E0,0.E0,-1.E0));
#2382=VECTOR('',#2381,8.E-1);
#2383=CARTESIAN_POINT('',(-3.89E1,8.6E0,-5.5E-1));
#2384=LINE('',#2383,#2382);
#2385=DIRECTION('',(0.E0,0.E0,-1.E0));
#2386=VECTOR('',#2385,8.E-1);
#2387=CARTESIAN_POINT('',(-4.06E1,8.6E0,-5.5E-1));
#2388=LINE('',#2387,#2386);
#2389=DIRECTION('',(0.E0,0.E0,-1.E0));
#2390=VECTOR('',#2389,8.E-1);
#2391=CARTESIAN_POINT('',(-4.06E1,7.8E0,-5.5E-1));
#2392=LINE('',#2391,#2390);
#2393=DIRECTION('',(0.E0,0.E0,-1.E0));
#2394=VECTOR('',#2393,8.E-1);
#2395=CARTESIAN_POINT('',(-3.89E1,7.8E0,-5.5E-1));
#2396=LINE('',#2395,#2394);
#2397=DIRECTION('',(0.E0,0.E0,-1.E0));
#2398=VECTOR('',#2397,8.E-1);
#2399=CARTESIAN_POINT('',(-3.89E1,6.8E0,-5.5E-1));
#2400=LINE('',#2399,#2398);
#2401=DIRECTION('',(0.E0,0.E0,-1.E0));
#2402=VECTOR('',#2401,8.E-1);
#2403=CARTESIAN_POINT('',(-4.06E1,6.8E0,-5.5E-1));
#2404=LINE('',#2403,#2402);
#2405=DIRECTION('',(0.E0,0.E0,-1.E0));
#2406=VECTOR('',#2405,8.E-1);
#2407=CARTESIAN_POINT('',(-4.06E1,6.E0,-5.5E-1));
#2408=LINE('',#2407,#2406);
#2409=DIRECTION('',(0.E0,0.E0,-1.E0));
#2410=VECTOR('',#2409,8.E-1);
#2411=CARTESIAN_POINT('',(-3.89E1,6.E0,-5.5E-1));
#2412=LINE('',#2411,#2410);
#2413=DIRECTION('',(0.E0,0.E0,-1.E0));
#2414=VECTOR('',#2413,8.E-1);
#2415=CARTESIAN_POINT('',(-3.75E1,-6.25E0,-5.5E-1));
#2416=LINE('',#2415,#2414);
#2417=DIRECTION('',(0.E0,0.E0,-1.E0));
#2418=VECTOR('',#2417,8.E-1);
#2419=CARTESIAN_POINT('',(-3.95E1,-6.25E0,-5.5E-1));
#2420=LINE('',#2419,#2418);
#2421=DIRECTION('',(0.E0,0.E0,-1.E0));
#2422=VECTOR('',#2421,8.E-1);
#2423=CARTESIAN_POINT('',(-3.95E1,-7.E0,-5.5E-1));
#2424=LINE('',#2423,#2422);
#2425=DIRECTION('',(0.E0,0.E0,-1.E0));
#2426=VECTOR('',#2425,8.E-1);
#2427=CARTESIAN_POINT('',(-3.75E1,-7.E0,-5.5E-1));
#2428=LINE('',#2427,#2426);
#2429=DIRECTION('',(0.E0,-1.E0,0.E0));
#2430=VECTOR('',#2429,7.5E-1);
#2431=CARTESIAN_POINT('',(-3.75E1,-6.25E0,-1.35E0));
#2432=LINE('',#2431,#2430);
#2433=DIRECTION('',(1.E0,0.E0,0.E0));
#2434=VECTOR('',#2433,2.E0);
#2435=CARTESIAN_POINT('',(-3.95E1,-6.25E0,-1.35E0));
#2436=LINE('',#2435,#2434);
#2437=DIRECTION('',(0.E0,1.E0,0.E0));
#2438=VECTOR('',#2437,7.5E-1);
#2439=CARTESIAN_POINT('',(-3.95E1,-7.E0,-1.35E0));
#2440=LINE('',#2439,#2438);
#2441=DIRECTION('',(-1.E0,0.E0,0.E0));
#2442=VECTOR('',#2441,2.E0);
#2443=CARTESIAN_POINT('',(-3.75E1,-7.E0,-1.35E0));
#2444=LINE('',#2443,#2442);
#2445=DIRECTION('',(0.E0,0.E0,1.E0));
#2446=VECTOR('',#2445,8.E-1);
#2447=CARTESIAN_POINT('',(-2.01E1,0.E0,-1.35E0));
#2448=LINE('',#2447,#2446);
#2449=DIRECTION('',(0.E0,0.E0,1.E0));
#2450=VECTOR('',#2449,8.E-1);
#2451=CARTESIAN_POINT('',(-2.18E1,0.E0,-1.35E0));
#2452=LINE('',#2451,#2450);
#2453=DIRECTION('',(0.E0,0.E0,1.E0));
#2454=VECTOR('',#2453,8.E-1);
#2455=CARTESIAN_POINT('',(-2.18E1,-8.E-1,-1.35E0));
#2456=LINE('',#2455,#2454);
#2457=DIRECTION('',(0.E0,0.E0,1.E0));
#2458=VECTOR('',#2457,8.E-1);
#2459=CARTESIAN_POINT('',(-2.01E1,-8.E-1,-1.35E0));
#2460=LINE('',#2459,#2458);
#2461=DIRECTION('',(0.E0,-1.E0,0.E0));
#2462=VECTOR('',#2461,8.E-1);
#2463=CARTESIAN_POINT('',(-2.01E1,0.E0,-1.35E0));
#2464=LINE('',#2463,#2462);
#2465=DIRECTION('',(1.E0,0.E0,0.E0));
#2466=VECTOR('',#2465,1.7E0);
#2467=CARTESIAN_POINT('',(-2.18E1,0.E0,-1.35E0));
#2468=LINE('',#2467,#2466);
#2469=DIRECTION('',(0.E0,1.E0,0.E0));
#2470=VECTOR('',#2469,8.E-1);
#2471=CARTESIAN_POINT('',(-2.18E1,-8.E-1,-1.35E0));
#2472=LINE('',#2471,#2470);
#2473=DIRECTION('',(-1.E0,0.E0,0.E0));
#2474=VECTOR('',#2473,1.7E0);
#2475=CARTESIAN_POINT('',(-2.01E1,-8.E-1,-1.35E0));
#2476=LINE('',#2475,#2474);
#2477=DIRECTION('',(0.E0,-1.E0,0.E0));
#2478=VECTOR('',#2477,8.E-1);
#2479=CARTESIAN_POINT('',(-2.01E1,1.8E0,-1.35E0));
#2480=LINE('',#2479,#2478);
#2481=DIRECTION('',(1.E0,0.E0,0.E0));
#2482=VECTOR('',#2481,1.7E0);
#2483=CARTESIAN_POINT('',(-2.18E1,1.8E0,-1.35E0));
#2484=LINE('',#2483,#2482);
#2485=DIRECTION('',(0.E0,1.E0,0.E0));
#2486=VECTOR('',#2485,8.E-1);
#2487=CARTESIAN_POINT('',(-2.18E1,1.E0,-1.35E0));
#2488=LINE('',#2487,#2486);
#2489=DIRECTION('',(-1.E0,0.E0,0.E0));
#2490=VECTOR('',#2489,1.7E0);
#2491=CARTESIAN_POINT('',(-2.01E1,1.E0,-1.35E0));
#2492=LINE('',#2491,#2490);
#2493=DIRECTION('',(0.E0,-1.E0,0.E0));
#2494=VECTOR('',#2493,8.E-1);
#2495=CARTESIAN_POINT('',(-2.01E1,3.6E0,-1.35E0));
#2496=LINE('',#2495,#2494);
#2497=DIRECTION('',(1.E0,0.E0,0.E0));
#2498=VECTOR('',#2497,1.7E0);
#2499=CARTESIAN_POINT('',(-2.18E1,3.6E0,-1.35E0));
#2500=LINE('',#2499,#2498);
#2501=DIRECTION('',(0.E0,1.E0,0.E0));
#2502=VECTOR('',#2501,8.E-1);
#2503=CARTESIAN_POINT('',(-2.18E1,2.8E0,-1.35E0));
#2504=LINE('',#2503,#2502);
#2505=DIRECTION('',(-1.E0,0.E0,0.E0));
#2506=VECTOR('',#2505,1.7E0);
#2507=CARTESIAN_POINT('',(-2.01E1,2.8E0,-1.35E0));
#2508=LINE('',#2507,#2506);
#2509=DIRECTION('',(0.E0,-1.E0,0.E0));
#2510=VECTOR('',#2509,8.E-1);
#2511=CARTESIAN_POINT('',(-2.01E1,5.5E0,-1.35E0));
#2512=LINE('',#2511,#2510);
#2513=DIRECTION('',(1.E0,0.E0,0.E0));
#2514=VECTOR('',#2513,1.7E0);
#2515=CARTESIAN_POINT('',(-2.18E1,5.5E0,-1.35E0));
#2516=LINE('',#2515,#2514);
#2517=DIRECTION('',(0.E0,1.E0,0.E0));
#2518=VECTOR('',#2517,8.E-1);
#2519=CARTESIAN_POINT('',(-2.18E1,4.7E0,-1.35E0));
#2520=LINE('',#2519,#2518);
#2521=DIRECTION('',(-1.E0,0.E0,0.E0));
#2522=VECTOR('',#2521,1.7E0);
#2523=CARTESIAN_POINT('',(-2.01E1,4.7E0,-1.35E0));
#2524=LINE('',#2523,#2522);
#2525=DIRECTION('',(0.E0,-1.E0,0.E0));
#2526=VECTOR('',#2525,8.E-1);
#2527=CARTESIAN_POINT('',(-2.01E1,7.5E0,-1.35E0));
#2528=LINE('',#2527,#2526);
#2529=DIRECTION('',(1.E0,0.E0,0.E0));
#2530=VECTOR('',#2529,1.7E0);
#2531=CARTESIAN_POINT('',(-2.18E1,7.5E0,-1.35E0));
#2532=LINE('',#2531,#2530);
#2533=DIRECTION('',(0.E0,1.E0,0.E0));
#2534=VECTOR('',#2533,8.E-1);
#2535=CARTESIAN_POINT('',(-2.18E1,6.7E0,-1.35E0));
#2536=LINE('',#2535,#2534);
#2537=DIRECTION('',(-1.E0,0.E0,0.E0));
#2538=VECTOR('',#2537,1.7E0);
#2539=CARTESIAN_POINT('',(-2.01E1,6.7E0,-1.35E0));
#2540=LINE('',#2539,#2538);
#2541=DIRECTION('',(0.E0,0.E0,1.E0));
#2542=VECTOR('',#2541,8.E-1);
#2543=CARTESIAN_POINT('',(-2.01E1,1.8E0,-1.35E0));
#2544=LINE('',#2543,#2542);
#2545=DIRECTION('',(0.E0,0.E0,1.E0));
#2546=VECTOR('',#2545,8.E-1);
#2547=CARTESIAN_POINT('',(-2.18E1,1.8E0,-1.35E0));
#2548=LINE('',#2547,#2546);
#2549=DIRECTION('',(0.E0,0.E0,1.E0));
#2550=VECTOR('',#2549,8.E-1);
#2551=CARTESIAN_POINT('',(-2.18E1,1.E0,-1.35E0));
#2552=LINE('',#2551,#2550);
#2553=DIRECTION('',(0.E0,0.E0,1.E0));
#2554=VECTOR('',#2553,8.E-1);
#2555=CARTESIAN_POINT('',(-2.01E1,1.E0,-1.35E0));
#2556=LINE('',#2555,#2554);
#2557=DIRECTION('',(0.E0,0.E0,1.E0));
#2558=VECTOR('',#2557,8.E-1);
#2559=CARTESIAN_POINT('',(-2.01E1,3.6E0,-1.35E0));
#2560=LINE('',#2559,#2558);
#2561=DIRECTION('',(0.E0,0.E0,1.E0));
#2562=VECTOR('',#2561,8.E-1);
#2563=CARTESIAN_POINT('',(-2.18E1,3.6E0,-1.35E0));
#2564=LINE('',#2563,#2562);
#2565=DIRECTION('',(0.E0,0.E0,1.E0));
#2566=VECTOR('',#2565,8.E-1);
#2567=CARTESIAN_POINT('',(-2.18E1,2.8E0,-1.35E0));
#2568=LINE('',#2567,#2566);
#2569=DIRECTION('',(0.E0,0.E0,1.E0));
#2570=VECTOR('',#2569,8.E-1);
#2571=CARTESIAN_POINT('',(-2.01E1,2.8E0,-1.35E0));
#2572=LINE('',#2571,#2570);
#2573=DIRECTION('',(0.E0,0.E0,1.E0));
#2574=VECTOR('',#2573,8.E-1);
#2575=CARTESIAN_POINT('',(-2.01E1,5.5E0,-1.35E0));
#2576=LINE('',#2575,#2574);
#2577=DIRECTION('',(0.E0,0.E0,1.E0));
#2578=VECTOR('',#2577,8.E-1);
#2579=CARTESIAN_POINT('',(-2.18E1,5.5E0,-1.35E0));
#2580=LINE('',#2579,#2578);
#2581=DIRECTION('',(0.E0,0.E0,1.E0));
#2582=VECTOR('',#2581,8.E-1);
#2583=CARTESIAN_POINT('',(-2.18E1,4.7E0,-1.35E0));
#2584=LINE('',#2583,#2582);
#2585=DIRECTION('',(0.E0,0.E0,1.E0));
#2586=VECTOR('',#2585,8.E-1);
#2587=CARTESIAN_POINT('',(-2.01E1,4.7E0,-1.35E0));
#2588=LINE('',#2587,#2586);
#2589=DIRECTION('',(0.E0,0.E0,1.E0));
#2590=VECTOR('',#2589,8.E-1);
#2591=CARTESIAN_POINT('',(-2.01E1,7.5E0,-1.35E0));
#2592=LINE('',#2591,#2590);
#2593=DIRECTION('',(0.E0,0.E0,1.E0));
#2594=VECTOR('',#2593,8.E-1);
#2595=CARTESIAN_POINT('',(-2.18E1,7.5E0,-1.35E0));
#2596=LINE('',#2595,#2594);
#2597=DIRECTION('',(0.E0,0.E0,1.E0));
#2598=VECTOR('',#2597,8.E-1);
#2599=CARTESIAN_POINT('',(-2.18E1,6.7E0,-1.35E0));
#2600=LINE('',#2599,#2598);
#2601=DIRECTION('',(0.E0,0.E0,1.E0));
#2602=VECTOR('',#2601,8.E-1);
#2603=CARTESIAN_POINT('',(-2.01E1,6.7E0,-1.35E0));
#2604=LINE('',#2603,#2602);
#2605=DIRECTION('',(0.E0,0.E0,1.E0));
#2606=VECTOR('',#2605,8.E-1);
#2607=CARTESIAN_POINT('',(-2.01E1,-8.7E0,-1.35E0));
#2608=LINE('',#2607,#2606);
#2609=DIRECTION('',(0.E0,0.E0,1.E0));
#2610=VECTOR('',#2609,8.E-1);
#2611=CARTESIAN_POINT('',(-2.18E1,-8.7E0,-1.35E0));
#2612=LINE('',#2611,#2610);
#2613=DIRECTION('',(0.E0,0.E0,1.E0));
#2614=VECTOR('',#2613,8.E-1);
#2615=CARTESIAN_POINT('',(-2.18E1,-9.5E0,-1.35E0));
#2616=LINE('',#2615,#2614);
#2617=DIRECTION('',(0.E0,0.E0,1.E0));
#2618=VECTOR('',#2617,8.E-1);
#2619=CARTESIAN_POINT('',(-2.01E1,-9.5E0,-1.35E0));
#2620=LINE('',#2619,#2618);
#2621=DIRECTION('',(0.E0,-1.E0,0.E0));
#2622=VECTOR('',#2621,8.E-1);
#2623=CARTESIAN_POINT('',(-2.01E1,-8.7E0,-1.35E0));
#2624=LINE('',#2623,#2622);
#2625=DIRECTION('',(1.E0,0.E0,0.E0));
#2626=VECTOR('',#2625,1.7E0);
#2627=CARTESIAN_POINT('',(-2.18E1,-8.7E0,-1.35E0));
#2628=LINE('',#2627,#2626);
#2629=DIRECTION('',(0.E0,1.E0,0.E0));
#2630=VECTOR('',#2629,8.E-1);
#2631=CARTESIAN_POINT('',(-2.18E1,-9.5E0,-1.35E0));
#2632=LINE('',#2631,#2630);
#2633=DIRECTION('',(-1.E0,0.E0,0.E0));
#2634=VECTOR('',#2633,1.7E0);
#2635=CARTESIAN_POINT('',(-2.01E1,-9.5E0,-1.35E0));
#2636=LINE('',#2635,#2634);
#2637=DIRECTION('',(0.E0,-1.E0,0.E0));
#2638=VECTOR('',#2637,8.E-1);
#2639=CARTESIAN_POINT('',(-2.01E1,-6.6E0,-1.35E0));
#2640=LINE('',#2639,#2638);
#2641=DIRECTION('',(1.E0,0.E0,0.E0));
#2642=VECTOR('',#2641,1.7E0);
#2643=CARTESIAN_POINT('',(-2.18E1,-6.6E0,-1.35E0));
#2644=LINE('',#2643,#2642);
#2645=DIRECTION('',(0.E0,1.E0,0.E0));
#2646=VECTOR('',#2645,8.E-1);
#2647=CARTESIAN_POINT('',(-2.18E1,-7.4E0,-1.35E0));
#2648=LINE('',#2647,#2646);
#2649=DIRECTION('',(-1.E0,0.E0,0.E0));
#2650=VECTOR('',#2649,1.7E0);
#2651=CARTESIAN_POINT('',(-2.01E1,-7.4E0,-1.35E0));
#2652=LINE('',#2651,#2650);
#2653=DIRECTION('',(0.E0,0.E0,1.E0));
#2654=VECTOR('',#2653,8.E-1);
#2655=CARTESIAN_POINT('',(-2.01E1,-6.6E0,-1.35E0));
#2656=LINE('',#2655,#2654);
#2657=DIRECTION('',(0.E0,0.E0,1.E0));
#2658=VECTOR('',#2657,8.E-1);
#2659=CARTESIAN_POINT('',(-2.18E1,-6.6E0,-1.35E0));
#2660=LINE('',#2659,#2658);
#2661=DIRECTION('',(0.E0,0.E0,1.E0));
#2662=VECTOR('',#2661,8.E-1);
#2663=CARTESIAN_POINT('',(-2.18E1,-7.4E0,-1.35E0));
#2664=LINE('',#2663,#2662);
#2665=DIRECTION('',(0.E0,0.E0,1.E0));
#2666=VECTOR('',#2665,8.E-1);
#2667=CARTESIAN_POINT('',(-2.01E1,-7.4E0,-1.35E0));
#2668=LINE('',#2667,#2666);
#2669=DIRECTION('',(0.E0,0.E0,-1.E0));
#2670=VECTOR('',#2669,1.E0);
#2671=CARTESIAN_POINT('',(-1.57E1,9.1E0,-5.5E-1));
#2672=LINE('',#2671,#2670);
#2673=DIRECTION('',(0.E0,0.E0,-1.E0));
#2674=VECTOR('',#2673,1.E0);
#2675=CARTESIAN_POINT('',(-1.87E1,9.1E0,-5.5E-1));
#2676=LINE('',#2675,#2674);
#2677=DIRECTION('',(0.E0,0.E0,-1.E0));
#2678=VECTOR('',#2677,1.E0);
#2679=CARTESIAN_POINT('',(-1.87E1,7.5E0,-5.5E-1));
#2680=LINE('',#2679,#2678);
#2681=DIRECTION('',(0.E0,0.E0,-1.E0));
#2682=VECTOR('',#2681,1.E0);
#2683=CARTESIAN_POINT('',(-1.57E1,7.5E0,-5.5E-1));
#2684=LINE('',#2683,#2682);
#2685=DIRECTION('',(0.E0,-1.E0,0.E0));
#2686=VECTOR('',#2685,1.6E0);
#2687=CARTESIAN_POINT('',(-1.57E1,9.1E0,-1.55E0));
#2688=LINE('',#2687,#2686);
#2689=DIRECTION('',(1.E0,0.E0,0.E0));
#2690=VECTOR('',#2689,3.E0);
#2691=CARTESIAN_POINT('',(-1.87E1,9.1E0,-1.55E0));
#2692=LINE('',#2691,#2690);
#2693=DIRECTION('',(0.E0,1.E0,0.E0));
#2694=VECTOR('',#2693,1.6E0);
#2695=CARTESIAN_POINT('',(-1.87E1,7.5E0,-1.55E0));
#2696=LINE('',#2695,#2694);
#2697=DIRECTION('',(-1.E0,0.E0,0.E0));
#2698=VECTOR('',#2697,3.E0);
#2699=CARTESIAN_POINT('',(-1.57E1,7.5E0,-1.55E0));
#2700=LINE('',#2699,#2698);
#2701=DIRECTION('',(0.E0,-1.E0,0.E0));
#2702=VECTOR('',#2701,1.7E0);
#2703=CARTESIAN_POINT('',(-1.57E1,3.4E0,-1.55E0));
#2704=LINE('',#2703,#2702);
#2705=DIRECTION('',(1.E0,0.E0,0.E0));
#2706=VECTOR('',#2705,3.E0);
#2707=CARTESIAN_POINT('',(-1.87E1,3.4E0,-1.55E0));
#2708=LINE('',#2707,#2706);
#2709=DIRECTION('',(0.E0,1.E0,0.E0));
#2710=VECTOR('',#2709,1.7E0);
#2711=CARTESIAN_POINT('',(-1.87E1,1.7E0,-1.55E0));
#2712=LINE('',#2711,#2710);
#2713=DIRECTION('',(-1.E0,0.E0,0.E0));
#2714=VECTOR('',#2713,3.E0);
#2715=CARTESIAN_POINT('',(-1.57E1,1.7E0,-1.55E0));
#2716=LINE('',#2715,#2714);
#2717=DIRECTION('',(0.E0,0.E0,-1.E0));
#2718=VECTOR('',#2717,1.E0);
#2719=CARTESIAN_POINT('',(-1.57E1,3.4E0,-5.5E-1));
#2720=LINE('',#2719,#2718);
#2721=DIRECTION('',(0.E0,0.E0,-1.E0));
#2722=VECTOR('',#2721,1.E0);
#2723=CARTESIAN_POINT('',(-1.87E1,3.4E0,-5.5E-1));
#2724=LINE('',#2723,#2722);
#2725=DIRECTION('',(0.E0,0.E0,-1.E0));
#2726=VECTOR('',#2725,1.E0);
#2727=CARTESIAN_POINT('',(-1.87E1,1.7E0,-5.5E-1));
#2728=LINE('',#2727,#2726);
#2729=DIRECTION('',(0.E0,0.E0,-1.E0));
#2730=VECTOR('',#2729,1.E0);
#2731=CARTESIAN_POINT('',(-1.57E1,1.7E0,-5.5E-1));
#2732=LINE('',#2731,#2730);
#2733=DIRECTION('',(0.E0,0.E0,1.E0));
#2734=VECTOR('',#2733,1.E0);
#2735=CARTESIAN_POINT('',(-1.635E1,-7.E-1,-1.55E0));
#2736=LINE('',#2735,#2734);
#2737=DIRECTION('',(0.E0,0.E0,1.E0));
#2738=VECTOR('',#2737,1.E0);
#2739=CARTESIAN_POINT('',(-1.805E1,-7.E-1,-1.55E0));
#2740=LINE('',#2739,#2738);
#2741=DIRECTION('',(0.E0,0.E0,1.E0));
#2742=VECTOR('',#2741,1.E0);
#2743=CARTESIAN_POINT('',(-1.805E1,-1.5E0,-1.55E0));
#2744=LINE('',#2743,#2742);
#2745=DIRECTION('',(0.E0,0.E0,1.E0));
#2746=VECTOR('',#2745,1.E0);
#2747=CARTESIAN_POINT('',(-1.635E1,-1.5E0,-1.55E0));
#2748=LINE('',#2747,#2746);
#2749=DIRECTION('',(0.E0,-1.E0,0.E0));
#2750=VECTOR('',#2749,8.E-1);
#2751=CARTESIAN_POINT('',(-1.635E1,-7.E-1,-1.55E0));
#2752=LINE('',#2751,#2750);
#2753=DIRECTION('',(1.E0,0.E0,0.E0));
#2754=VECTOR('',#2753,1.7E0);
#2755=CARTESIAN_POINT('',(-1.805E1,-7.E-1,-1.55E0));
#2756=LINE('',#2755,#2754);
#2757=DIRECTION('',(0.E0,1.E0,0.E0));
#2758=VECTOR('',#2757,8.E-1);
#2759=CARTESIAN_POINT('',(-1.805E1,-1.5E0,-1.55E0));
#2760=LINE('',#2759,#2758);
#2761=DIRECTION('',(-1.E0,0.E0,0.E0));
#2762=VECTOR('',#2761,1.7E0);
#2763=CARTESIAN_POINT('',(-1.635E1,-1.5E0,-1.55E0));
#2764=LINE('',#2763,#2762);
#2765=DIRECTION('',(0.E0,-1.E0,0.E0));
#2766=VECTOR('',#2765,8.E-1);
#2767=CARTESIAN_POINT('',(-1.635E1,-2.5E0,-1.55E0));
#2768=LINE('',#2767,#2766);
#2769=DIRECTION('',(1.E0,0.E0,0.E0));
#2770=VECTOR('',#2769,1.7E0);
#2771=CARTESIAN_POINT('',(-1.805E1,-2.5E0,-1.55E0));
#2772=LINE('',#2771,#2770);
#2773=DIRECTION('',(0.E0,1.E0,0.E0));
#2774=VECTOR('',#2773,8.E-1);
#2775=CARTESIAN_POINT('',(-1.805E1,-3.3E0,-1.55E0));
#2776=LINE('',#2775,#2774);
#2777=DIRECTION('',(-1.E0,0.E0,0.E0));
#2778=VECTOR('',#2777,1.7E0);
#2779=CARTESIAN_POINT('',(-1.635E1,-3.3E0,-1.55E0));
#2780=LINE('',#2779,#2778);
#2781=DIRECTION('',(0.E0,-1.E0,0.E0));
#2782=VECTOR('',#2781,8.E-1);
#2783=CARTESIAN_POINT('',(-1.635E1,-4.3E0,-1.55E0));
#2784=LINE('',#2783,#2782);
#2785=DIRECTION('',(1.E0,0.E0,0.E0));
#2786=VECTOR('',#2785,1.7E0);
#2787=CARTESIAN_POINT('',(-1.805E1,-4.3E0,-1.55E0));
#2788=LINE('',#2787,#2786);
#2789=DIRECTION('',(0.E0,1.E0,0.E0));
#2790=VECTOR('',#2789,8.E-1);
#2791=CARTESIAN_POINT('',(-1.805E1,-5.1E0,-1.55E0));
#2792=LINE('',#2791,#2790);
#2793=DIRECTION('',(-1.E0,0.E0,0.E0));
#2794=VECTOR('',#2793,1.7E0);
#2795=CARTESIAN_POINT('',(-1.635E1,-5.1E0,-1.55E0));
#2796=LINE('',#2795,#2794);
#2797=DIRECTION('',(0.E0,-1.E0,0.E0));
#2798=VECTOR('',#2797,8.E-1);
#2799=CARTESIAN_POINT('',(-1.635E1,-6.1E0,-1.55E0));
#2800=LINE('',#2799,#2798);
#2801=DIRECTION('',(1.E0,0.E0,0.E0));
#2802=VECTOR('',#2801,1.7E0);
#2803=CARTESIAN_POINT('',(-1.805E1,-6.1E0,-1.55E0));
#2804=LINE('',#2803,#2802);
#2805=DIRECTION('',(0.E0,1.E0,0.E0));
#2806=VECTOR('',#2805,8.E-1);
#2807=CARTESIAN_POINT('',(-1.805E1,-6.9E0,-1.55E0));
#2808=LINE('',#2807,#2806);
#2809=DIRECTION('',(-1.E0,0.E0,0.E0));
#2810=VECTOR('',#2809,1.7E0);
#2811=CARTESIAN_POINT('',(-1.635E1,-6.9E0,-1.55E0));
#2812=LINE('',#2811,#2810);
#2813=DIRECTION('',(0.E0,-1.E0,0.E0));
#2814=VECTOR('',#2813,8.E-1);
#2815=CARTESIAN_POINT('',(-1.635E1,-7.9E0,-1.55E0));
#2816=LINE('',#2815,#2814);
#2817=DIRECTION('',(1.E0,0.E0,0.E0));
#2818=VECTOR('',#2817,1.7E0);
#2819=CARTESIAN_POINT('',(-1.805E1,-7.9E0,-1.55E0));
#2820=LINE('',#2819,#2818);
#2821=DIRECTION('',(0.E0,1.E0,0.E0));
#2822=VECTOR('',#2821,8.E-1);
#2823=CARTESIAN_POINT('',(-1.805E1,-8.7E0,-1.55E0));
#2824=LINE('',#2823,#2822);
#2825=DIRECTION('',(-1.E0,0.E0,0.E0));
#2826=VECTOR('',#2825,1.7E0);
#2827=CARTESIAN_POINT('',(-1.635E1,-8.7E0,-1.55E0));
#2828=LINE('',#2827,#2826);
#2829=DIRECTION('',(0.E0,-1.E0,0.E0));
#2830=VECTOR('',#2829,8.E-1);
#2831=CARTESIAN_POINT('',(-1.635E1,-9.7E0,-1.55E0));
#2832=LINE('',#2831,#2830);
#2833=DIRECTION('',(1.E0,0.E0,0.E0));
#2834=VECTOR('',#2833,1.7E0);
#2835=CARTESIAN_POINT('',(-1.805E1,-9.7E0,-1.55E0));
#2836=LINE('',#2835,#2834);
#2837=DIRECTION('',(0.E0,1.E0,0.E0));
#2838=VECTOR('',#2837,8.E-1);
#2839=CARTESIAN_POINT('',(-1.805E1,-1.05E1,-1.55E0));
#2840=LINE('',#2839,#2838);
#2841=DIRECTION('',(-1.E0,0.E0,0.E0));
#2842=VECTOR('',#2841,1.7E0);
#2843=CARTESIAN_POINT('',(-1.635E1,-1.05E1,-1.55E0));
#2844=LINE('',#2843,#2842);
#2845=DIRECTION('',(0.E0,0.E0,1.E0));
#2846=VECTOR('',#2845,1.E0);
#2847=CARTESIAN_POINT('',(-1.635E1,-2.5E0,-1.55E0));
#2848=LINE('',#2847,#2846);
#2849=DIRECTION('',(0.E0,0.E0,1.E0));
#2850=VECTOR('',#2849,1.E0);
#2851=CARTESIAN_POINT('',(-1.805E1,-2.5E0,-1.55E0));
#2852=LINE('',#2851,#2850);
#2853=DIRECTION('',(0.E0,0.E0,1.E0));
#2854=VECTOR('',#2853,1.E0);
#2855=CARTESIAN_POINT('',(-1.805E1,-3.3E0,-1.55E0));
#2856=LINE('',#2855,#2854);
#2857=DIRECTION('',(0.E0,0.E0,1.E0));
#2858=VECTOR('',#2857,1.E0);
#2859=CARTESIAN_POINT('',(-1.635E1,-3.3E0,-1.55E0));
#2860=LINE('',#2859,#2858);
#2861=DIRECTION('',(0.E0,0.E0,1.E0));
#2862=VECTOR('',#2861,1.E0);
#2863=CARTESIAN_POINT('',(-1.635E1,-4.3E0,-1.55E0));
#2864=LINE('',#2863,#2862);
#2865=DIRECTION('',(0.E0,0.E0,1.E0));
#2866=VECTOR('',#2865,1.E0);
#2867=CARTESIAN_POINT('',(-1.805E1,-4.3E0,-1.55E0));
#2868=LINE('',#2867,#2866);
#2869=DIRECTION('',(0.E0,0.E0,1.E0));
#2870=VECTOR('',#2869,1.E0);
#2871=CARTESIAN_POINT('',(-1.805E1,-5.1E0,-1.55E0));
#2872=LINE('',#2871,#2870);
#2873=DIRECTION('',(0.E0,0.E0,1.E0));
#2874=VECTOR('',#2873,1.E0);
#2875=CARTESIAN_POINT('',(-1.635E1,-5.1E0,-1.55E0));
#2876=LINE('',#2875,#2874);
#2877=DIRECTION('',(0.E0,0.E0,1.E0));
#2878=VECTOR('',#2877,1.E0);
#2879=CARTESIAN_POINT('',(-1.635E1,-6.1E0,-1.55E0));
#2880=LINE('',#2879,#2878);
#2881=DIRECTION('',(0.E0,0.E0,1.E0));
#2882=VECTOR('',#2881,1.E0);
#2883=CARTESIAN_POINT('',(-1.805E1,-6.1E0,-1.55E0));
#2884=LINE('',#2883,#2882);
#2885=DIRECTION('',(0.E0,0.E0,1.E0));
#2886=VECTOR('',#2885,1.E0);
#2887=CARTESIAN_POINT('',(-1.805E1,-6.9E0,-1.55E0));
#2888=LINE('',#2887,#2886);
#2889=DIRECTION('',(0.E0,0.E0,1.E0));
#2890=VECTOR('',#2889,1.E0);
#2891=CARTESIAN_POINT('',(-1.635E1,-6.9E0,-1.55E0));
#2892=LINE('',#2891,#2890);
#2893=DIRECTION('',(0.E0,0.E0,1.E0));
#2894=VECTOR('',#2893,1.E0);
#2895=CARTESIAN_POINT('',(-1.635E1,-7.9E0,-1.55E0));
#2896=LINE('',#2895,#2894);
#2897=DIRECTION('',(0.E0,0.E0,1.E0));
#2898=VECTOR('',#2897,1.E0);
#2899=CARTESIAN_POINT('',(-1.805E1,-7.9E0,-1.55E0));
#2900=LINE('',#2899,#2898);
#2901=DIRECTION('',(0.E0,0.E0,1.E0));
#2902=VECTOR('',#2901,1.E0);
#2903=CARTESIAN_POINT('',(-1.805E1,-8.7E0,-1.55E0));
#2904=LINE('',#2903,#2902);
#2905=DIRECTION('',(0.E0,0.E0,1.E0));
#2906=VECTOR('',#2905,1.E0);
#2907=CARTESIAN_POINT('',(-1.635E1,-8.7E0,-1.55E0));
#2908=LINE('',#2907,#2906);
#2909=DIRECTION('',(0.E0,0.E0,1.E0));
#2910=VECTOR('',#2909,1.E0);
#2911=CARTESIAN_POINT('',(-1.635E1,-9.7E0,-1.55E0));
#2912=LINE('',#2911,#2910);
#2913=DIRECTION('',(0.E0,0.E0,1.E0));
#2914=VECTOR('',#2913,1.E0);
#2915=CARTESIAN_POINT('',(-1.805E1,-9.7E0,-1.55E0));
#2916=LINE('',#2915,#2914);
#2917=DIRECTION('',(0.E0,0.E0,1.E0));
#2918=VECTOR('',#2917,1.E0);
#2919=CARTESIAN_POINT('',(-1.805E1,-1.05E1,-1.55E0));
#2920=LINE('',#2919,#2918);
#2921=DIRECTION('',(0.E0,0.E0,1.E0));
#2922=VECTOR('',#2921,1.E0);
#2923=CARTESIAN_POINT('',(-1.635E1,-1.05E1,-1.55E0));
#2924=LINE('',#2923,#2922);
#2925=DIRECTION('',(0.E0,0.E0,-1.E0));
#2926=VECTOR('',#2925,1.E0);
#2927=CARTESIAN_POINT('',(-8.8E0,9.5E0,-5.5E-1));
#2928=LINE('',#2927,#2926);
#2929=DIRECTION('',(0.E0,0.E0,-1.E0));
#2930=VECTOR('',#2929,1.E0);
#2931=CARTESIAN_POINT('',(-9.6E0,9.5E0,-5.5E-1));
#2932=LINE('',#2931,#2930);
#2933=DIRECTION('',(0.E0,0.E0,-1.E0));
#2934=VECTOR('',#2933,1.E0);
#2935=CARTESIAN_POINT('',(-9.6E0,7.8E0,-5.5E-1));
#2936=LINE('',#2935,#2934);
#2937=DIRECTION('',(0.E0,0.E0,-1.E0));
#2938=VECTOR('',#2937,1.E0);
#2939=CARTESIAN_POINT('',(-8.8E0,7.8E0,-5.5E-1));
#2940=LINE('',#2939,#2938);
#2941=DIRECTION('',(0.E0,-1.E0,0.E0));
#2942=VECTOR('',#2941,1.7E0);
#2943=CARTESIAN_POINT('',(-8.8E0,9.5E0,-1.55E0));
#2944=LINE('',#2943,#2942);
#2945=DIRECTION('',(1.E0,0.E0,0.E0));
#2946=VECTOR('',#2945,8.E-1);
#2947=CARTESIAN_POINT('',(-9.6E0,9.5E0,-1.55E0));
#2948=LINE('',#2947,#2946);
#2949=DIRECTION('',(0.E0,1.E0,0.E0));
#2950=VECTOR('',#2949,1.7E0);
#2951=CARTESIAN_POINT('',(-9.6E0,7.8E0,-1.55E0));
#2952=LINE('',#2951,#2950);
#2953=DIRECTION('',(-1.E0,0.E0,0.E0));
#2954=VECTOR('',#2953,8.E-1);
#2955=CARTESIAN_POINT('',(-8.8E0,7.8E0,-1.55E0));
#2956=LINE('',#2955,#2954);
#2957=DIRECTION('',(0.E0,0.E0,1.E0));
#2958=VECTOR('',#2957,1.E0);
#2959=CARTESIAN_POINT('',(-1.12E1,8.2E0,-1.55E0));
#2960=LINE('',#2959,#2958);
#2961=DIRECTION('',(0.E0,0.E0,1.E0));
#2962=VECTOR('',#2961,1.E0);
#2963=CARTESIAN_POINT('',(-1.29E1,8.2E0,-1.55E0));
#2964=LINE('',#2963,#2962);
#2965=DIRECTION('',(0.E0,0.E0,1.E0));
#2966=VECTOR('',#2965,1.E0);
#2967=CARTESIAN_POINT('',(-1.29E1,7.4E0,-1.55E0));
#2968=LINE('',#2967,#2966);
#2969=DIRECTION('',(0.E0,0.E0,1.E0));
#2970=VECTOR('',#2969,1.E0);
#2971=CARTESIAN_POINT('',(-1.12E1,7.4E0,-1.55E0));
#2972=LINE('',#2971,#2970);
#2973=DIRECTION('',(0.E0,-1.E0,0.E0));
#2974=VECTOR('',#2973,8.E-1);
#2975=CARTESIAN_POINT('',(-1.12E1,8.2E0,-1.55E0));
#2976=LINE('',#2975,#2974);
#2977=DIRECTION('',(1.E0,0.E0,0.E0));
#2978=VECTOR('',#2977,1.7E0);
#2979=CARTESIAN_POINT('',(-1.29E1,8.2E0,-1.55E0));
#2980=LINE('',#2979,#2978);
#2981=DIRECTION('',(0.E0,1.E0,0.E0));
#2982=VECTOR('',#2981,8.E-1);
#2983=CARTESIAN_POINT('',(-1.29E1,7.4E0,-1.55E0));
#2984=LINE('',#2983,#2982);
#2985=DIRECTION('',(-1.E0,0.E0,0.E0));
#2986=VECTOR('',#2985,1.7E0);
#2987=CARTESIAN_POINT('',(-1.12E1,7.4E0,-1.55E0));
#2988=LINE('',#2987,#2986);
#2989=DIRECTION('',(0.E0,0.E0,1.E0));
#2990=VECTOR('',#2989,1.E0);
#2991=CARTESIAN_POINT('',(-1.37E1,4.9E0,-1.55E0));
#2992=LINE('',#2991,#2990);
#2993=DIRECTION('',(0.E0,0.E0,1.E0));
#2994=VECTOR('',#2993,1.E0);
#2995=CARTESIAN_POINT('',(-1.45E1,4.9E0,-1.55E0));
#2996=LINE('',#2995,#2994);
#2997=DIRECTION('',(0.E0,0.E0,1.E0));
#2998=VECTOR('',#2997,1.E0);
#2999=CARTESIAN_POINT('',(-1.45E1,3.2E0,-1.55E0));
#3000=LINE('',#2999,#2998);
#3001=DIRECTION('',(0.E0,0.E0,1.E0));
#3002=VECTOR('',#3001,1.E0);
#3003=CARTESIAN_POINT('',(-1.37E1,3.2E0,-1.55E0));
#3004=LINE('',#3003,#3002);
#3005=DIRECTION('',(0.E0,-1.E0,0.E0));
#3006=VECTOR('',#3005,1.7E0);
#3007=CARTESIAN_POINT('',(-1.37E1,4.9E0,-1.55E0));
#3008=LINE('',#3007,#3006);
#3009=DIRECTION('',(1.E0,0.E0,0.E0));
#3010=VECTOR('',#3009,8.E-1);
#3011=CARTESIAN_POINT('',(-1.45E1,4.9E0,-1.55E0));
#3012=LINE('',#3011,#3010);
#3013=DIRECTION('',(0.E0,1.E0,0.E0));
#3014=VECTOR('',#3013,1.7E0);
#3015=CARTESIAN_POINT('',(-1.45E1,3.2E0,-1.55E0));
#3016=LINE('',#3015,#3014);
#3017=DIRECTION('',(-1.E0,0.E0,0.E0));
#3018=VECTOR('',#3017,8.E-1);
#3019=CARTESIAN_POINT('',(-1.37E1,3.2E0,-1.55E0));
#3020=LINE('',#3019,#3018);
#3021=DIRECTION('',(0.E0,-1.E0,0.E0));
#3022=VECTOR('',#3021,8.E-1);
#3023=CARTESIAN_POINT('',(-1.28E1,1.6E0,-1.55E0));
#3024=LINE('',#3023,#3022);
#3025=DIRECTION('',(1.E0,0.E0,0.E0));
#3026=VECTOR('',#3025,1.7E0);
#3027=CARTESIAN_POINT('',(-1.45E1,1.6E0,-1.55E0));
#3028=LINE('',#3027,#3026);
#3029=DIRECTION('',(0.E0,1.E0,0.E0));
#3030=VECTOR('',#3029,8.E-1);
#3031=CARTESIAN_POINT('',(-1.45E1,8.E-1,-1.55E0));
#3032=LINE('',#3031,#3030);
#3033=DIRECTION('',(-1.E0,0.E0,0.E0));
#3034=VECTOR('',#3033,1.7E0);
#3035=CARTESIAN_POINT('',(-1.28E1,8.E-1,-1.55E0));
#3036=LINE('',#3035,#3034);
#3037=DIRECTION('',(0.E0,0.E0,1.E0));
#3038=VECTOR('',#3037,1.E0);
#3039=CARTESIAN_POINT('',(-1.28E1,1.6E0,-1.55E0));
#3040=LINE('',#3039,#3038);
#3041=DIRECTION('',(0.E0,0.E0,1.E0));
#3042=VECTOR('',#3041,1.E0);
#3043=CARTESIAN_POINT('',(-1.45E1,1.6E0,-1.55E0));
#3044=LINE('',#3043,#3042);
#3045=DIRECTION('',(0.E0,0.E0,1.E0));
#3046=VECTOR('',#3045,1.E0);
#3047=CARTESIAN_POINT('',(-1.45E1,8.E-1,-1.55E0));
#3048=LINE('',#3047,#3046);
#3049=DIRECTION('',(0.E0,0.E0,1.E0));
#3050=VECTOR('',#3049,1.E0);
#3051=CARTESIAN_POINT('',(-1.28E1,8.E-1,-1.55E0));
#3052=LINE('',#3051,#3050);
#3053=DIRECTION('',(0.E0,0.E0,-1.E0));
#3054=VECTOR('',#3053,1.E0);
#3055=CARTESIAN_POINT('',(-8.7E0,-2.5E0,-5.5E-1));
#3056=LINE('',#3055,#3054);
#3057=DIRECTION('',(0.E0,0.E0,-1.E0));
#3058=VECTOR('',#3057,1.E0);
#3059=CARTESIAN_POINT('',(-1.32E1,-2.5E0,-5.5E-1));
#3060=LINE('',#3059,#3058);
#3061=DIRECTION('',(0.E0,0.E0,-1.E0));
#3062=VECTOR('',#3061,1.E0);
#3063=CARTESIAN_POINT('',(-1.32E1,-7.5E0,-5.5E-1));
#3064=LINE('',#3063,#3062);
#3065=DIRECTION('',(0.E0,0.E0,-1.E0));
#3066=VECTOR('',#3065,1.E0);
#3067=CARTESIAN_POINT('',(-8.7E0,-7.5E0,-5.5E-1));
#3068=LINE('',#3067,#3066);
#3069=DIRECTION('',(0.E0,-1.E0,0.E0));
#3070=VECTOR('',#3069,5.E0);
#3071=CARTESIAN_POINT('',(-8.7E0,-2.5E0,-1.55E0));
#3072=LINE('',#3071,#3070);
#3073=DIRECTION('',(1.E0,0.E0,0.E0));
#3074=VECTOR('',#3073,4.5E0);
#3075=CARTESIAN_POINT('',(-1.32E1,-2.5E0,-1.55E0));
#3076=LINE('',#3075,#3074);
#3077=DIRECTION('',(0.E0,1.E0,0.E0));
#3078=VECTOR('',#3077,5.E0);
#3079=CARTESIAN_POINT('',(-1.32E1,-7.5E0,-1.55E0));
#3080=LINE('',#3079,#3078);
#3081=DIRECTION('',(-1.E0,0.E0,0.E0));
#3082=VECTOR('',#3081,4.5E0);
#3083=CARTESIAN_POINT('',(-8.7E0,-7.5E0,-1.55E0));
#3084=LINE('',#3083,#3082);
#3085=DIRECTION('',(0.E0,0.E0,1.E0));
#3086=VECTOR('',#3085,1.E0);
#3087=CARTESIAN_POINT('',(-1.2E1,-7.E-1,-1.55E0));
#3088=LINE('',#3087,#3086);
#3089=DIRECTION('',(0.E0,0.E0,1.E0));
#3090=VECTOR('',#3089,1.E0);
#3091=CARTESIAN_POINT('',(-1.37E1,-7.E-1,-1.55E0));
#3092=LINE('',#3091,#3090);
#3093=DIRECTION('',(0.E0,0.E0,1.E0));
#3094=VECTOR('',#3093,1.E0);
#3095=CARTESIAN_POINT('',(-1.37E1,-1.5E0,-1.55E0));
#3096=LINE('',#3095,#3094);
#3097=DIRECTION('',(0.E0,0.E0,1.E0));
#3098=VECTOR('',#3097,1.E0);
#3099=CARTESIAN_POINT('',(-1.2E1,-1.5E0,-1.55E0));
#3100=LINE('',#3099,#3098);
#3101=DIRECTION('',(0.E0,-1.E0,0.E0));
#3102=VECTOR('',#3101,8.E-1);
#3103=CARTESIAN_POINT('',(-1.2E1,-7.E-1,-1.55E0));
#3104=LINE('',#3103,#3102);
#3105=DIRECTION('',(1.E0,0.E0,0.E0));
#3106=VECTOR('',#3105,1.7E0);
#3107=CARTESIAN_POINT('',(-1.37E1,-7.E-1,-1.55E0));
#3108=LINE('',#3107,#3106);
#3109=DIRECTION('',(0.E0,1.E0,0.E0));
#3110=VECTOR('',#3109,8.E-1);
#3111=CARTESIAN_POINT('',(-1.37E1,-1.5E0,-1.55E0));
#3112=LINE('',#3111,#3110);
#3113=DIRECTION('',(-1.E0,0.E0,0.E0));
#3114=VECTOR('',#3113,1.7E0);
#3115=CARTESIAN_POINT('',(-1.2E1,-1.5E0,-1.55E0));
#3116=LINE('',#3115,#3114);
#3117=DIRECTION('',(0.E0,-1.E0,0.E0));
#3118=VECTOR('',#3117,8.E-1);
#3119=CARTESIAN_POINT('',(-6.7E0,-7.E-1,-1.55E0));
#3120=LINE('',#3119,#3118);
#3121=DIRECTION('',(1.E0,0.E0,0.E0));
#3122=VECTOR('',#3121,1.7E0);
#3123=CARTESIAN_POINT('',(-8.4E0,-7.E-1,-1.55E0));
#3124=LINE('',#3123,#3122);
#3125=DIRECTION('',(0.E0,1.E0,0.E0));
#3126=VECTOR('',#3125,8.E-1);
#3127=CARTESIAN_POINT('',(-8.4E0,-1.5E0,-1.55E0));
#3128=LINE('',#3127,#3126);
#3129=DIRECTION('',(-1.E0,0.E0,0.E0));
#3130=VECTOR('',#3129,1.7E0);
#3131=CARTESIAN_POINT('',(-6.7E0,-1.5E0,-1.55E0));
#3132=LINE('',#3131,#3130);
#3133=DIRECTION('',(0.E0,0.E0,1.E0));
#3134=VECTOR('',#3133,1.E0);
#3135=CARTESIAN_POINT('',(-6.7E0,-7.E-1,-1.55E0));
#3136=LINE('',#3135,#3134);
#3137=DIRECTION('',(0.E0,0.E0,1.E0));
#3138=VECTOR('',#3137,1.E0);
#3139=CARTESIAN_POINT('',(-8.4E0,-7.E-1,-1.55E0));
#3140=LINE('',#3139,#3138);
#3141=DIRECTION('',(0.E0,0.E0,1.E0));
#3142=VECTOR('',#3141,1.E0);
#3143=CARTESIAN_POINT('',(-8.4E0,-1.5E0,-1.55E0));
#3144=LINE('',#3143,#3142);
#3145=DIRECTION('',(0.E0,0.E0,1.E0));
#3146=VECTOR('',#3145,1.E0);
#3147=CARTESIAN_POINT('',(-6.7E0,-1.5E0,-1.55E0));
#3148=LINE('',#3147,#3146);
#3149=DIRECTION('',(0.E0,0.E0,1.E0));
#3150=VECTOR('',#3149,1.E0);
#3151=CARTESIAN_POINT('',(-3.7E0,-7.E-1,-1.55E0));
#3152=LINE('',#3151,#3150);
#3153=DIRECTION('',(0.E0,0.E0,1.E0));
#3154=VECTOR('',#3153,1.E0);
#3155=CARTESIAN_POINT('',(-5.4E0,-7.E-1,-1.55E0));
#3156=LINE('',#3155,#3154);
#3157=DIRECTION('',(0.E0,0.E0,1.E0));
#3158=VECTOR('',#3157,1.E0);
#3159=CARTESIAN_POINT('',(-5.4E0,-1.5E0,-1.55E0));
#3160=LINE('',#3159,#3158);
#3161=DIRECTION('',(0.E0,0.E0,1.E0));
#3162=VECTOR('',#3161,1.E0);
#3163=CARTESIAN_POINT('',(-3.7E0,-1.5E0,-1.55E0));
#3164=LINE('',#3163,#3162);
#3165=DIRECTION('',(0.E0,-1.E0,0.E0));
#3166=VECTOR('',#3165,8.E-1);
#3167=CARTESIAN_POINT('',(-3.7E0,-7.E-1,-1.55E0));
#3168=LINE('',#3167,#3166);
#3169=DIRECTION('',(1.E0,0.E0,0.E0));
#3170=VECTOR('',#3169,1.7E0);
#3171=CARTESIAN_POINT('',(-5.4E0,-7.E-1,-1.55E0));
#3172=LINE('',#3171,#3170);
#3173=DIRECTION('',(0.E0,1.E0,0.E0));
#3174=VECTOR('',#3173,8.E-1);
#3175=CARTESIAN_POINT('',(-5.4E0,-1.5E0,-1.55E0));
#3176=LINE('',#3175,#3174);
#3177=DIRECTION('',(-1.E0,0.E0,0.E0));
#3178=VECTOR('',#3177,1.7E0);
#3179=CARTESIAN_POINT('',(-3.7E0,-1.5E0,-1.55E0));
#3180=LINE('',#3179,#3178);
#3181=DIRECTION('',(0.E0,-1.E0,0.E0));
#3182=VECTOR('',#3181,8.E-1);
#3183=CARTESIAN_POINT('',(-3.7E0,-2.5E0,-1.55E0));
#3184=LINE('',#3183,#3182);
#3185=DIRECTION('',(1.E0,0.E0,0.E0));
#3186=VECTOR('',#3185,1.7E0);
#3187=CARTESIAN_POINT('',(-5.4E0,-2.5E0,-1.55E0));
#3188=LINE('',#3187,#3186);
#3189=DIRECTION('',(0.E0,1.E0,0.E0));
#3190=VECTOR('',#3189,8.E-1);
#3191=CARTESIAN_POINT('',(-5.4E0,-3.3E0,-1.55E0));
#3192=LINE('',#3191,#3190);
#3193=DIRECTION('',(-1.E0,0.E0,0.E0));
#3194=VECTOR('',#3193,1.7E0);
#3195=CARTESIAN_POINT('',(-3.7E0,-3.3E0,-1.55E0));
#3196=LINE('',#3195,#3194);
#3197=DIRECTION('',(0.E0,-1.E0,0.E0));
#3198=VECTOR('',#3197,8.E-1);
#3199=CARTESIAN_POINT('',(-3.7E0,-4.3E0,-1.55E0));
#3200=LINE('',#3199,#3198);
#3201=DIRECTION('',(1.E0,0.E0,0.E0));
#3202=VECTOR('',#3201,1.7E0);
#3203=CARTESIAN_POINT('',(-5.4E0,-4.3E0,-1.55E0));
#3204=LINE('',#3203,#3202);
#3205=DIRECTION('',(0.E0,1.E0,0.E0));
#3206=VECTOR('',#3205,8.E-1);
#3207=CARTESIAN_POINT('',(-5.4E0,-5.1E0,-1.55E0));
#3208=LINE('',#3207,#3206);
#3209=DIRECTION('',(-1.E0,0.E0,0.E0));
#3210=VECTOR('',#3209,1.7E0);
#3211=CARTESIAN_POINT('',(-3.7E0,-5.1E0,-1.55E0));
#3212=LINE('',#3211,#3210);
#3213=DIRECTION('',(0.E0,-1.E0,0.E0));
#3214=VECTOR('',#3213,8.E-1);
#3215=CARTESIAN_POINT('',(-3.7E0,-6.1E0,-1.55E0));
#3216=LINE('',#3215,#3214);
#3217=DIRECTION('',(1.E0,0.E0,0.E0));
#3218=VECTOR('',#3217,1.7E0);
#3219=CARTESIAN_POINT('',(-5.4E0,-6.1E0,-1.55E0));
#3220=LINE('',#3219,#3218);
#3221=DIRECTION('',(0.E0,1.E0,0.E0));
#3222=VECTOR('',#3221,8.E-1);
#3223=CARTESIAN_POINT('',(-5.4E0,-6.9E0,-1.55E0));
#3224=LINE('',#3223,#3222);
#3225=DIRECTION('',(-1.E0,0.E0,0.E0));
#3226=VECTOR('',#3225,1.7E0);
#3227=CARTESIAN_POINT('',(-3.7E0,-6.9E0,-1.55E0));
#3228=LINE('',#3227,#3226);
#3229=DIRECTION('',(0.E0,-1.E0,0.E0));
#3230=VECTOR('',#3229,8.E-1);
#3231=CARTESIAN_POINT('',(-3.7E0,-7.9E0,-1.55E0));
#3232=LINE('',#3231,#3230);
#3233=DIRECTION('',(1.E0,0.E0,0.E0));
#3234=VECTOR('',#3233,1.7E0);
#3235=CARTESIAN_POINT('',(-5.4E0,-7.9E0,-1.55E0));
#3236=LINE('',#3235,#3234);
#3237=DIRECTION('',(0.E0,1.E0,0.E0));
#3238=VECTOR('',#3237,8.E-1);
#3239=CARTESIAN_POINT('',(-5.4E0,-8.7E0,-1.55E0));
#3240=LINE('',#3239,#3238);
#3241=DIRECTION('',(-1.E0,0.E0,0.E0));
#3242=VECTOR('',#3241,1.7E0);
#3243=CARTESIAN_POINT('',(-3.7E0,-8.7E0,-1.55E0));
#3244=LINE('',#3243,#3242);
#3245=DIRECTION('',(0.E0,-1.E0,0.E0));
#3246=VECTOR('',#3245,8.E-1);
#3247=CARTESIAN_POINT('',(-3.7E0,-9.7E0,-1.55E0));
#3248=LINE('',#3247,#3246);
#3249=DIRECTION('',(1.E0,0.E0,0.E0));
#3250=VECTOR('',#3249,1.7E0);
#3251=CARTESIAN_POINT('',(-5.4E0,-9.7E0,-1.55E0));
#3252=LINE('',#3251,#3250);
#3253=DIRECTION('',(0.E0,1.E0,0.E0));
#3254=VECTOR('',#3253,8.E-1);
#3255=CARTESIAN_POINT('',(-5.4E0,-1.05E1,-1.55E0));
#3256=LINE('',#3255,#3254);
#3257=DIRECTION('',(-1.E0,0.E0,0.E0));
#3258=VECTOR('',#3257,1.7E0);
#3259=CARTESIAN_POINT('',(-3.7E0,-1.05E1,-1.55E0));
#3260=LINE('',#3259,#3258);
#3261=DIRECTION('',(0.E0,-1.E0,0.E0));
#3262=VECTOR('',#3261,8.E-1);
#3263=CARTESIAN_POINT('',(-5.E-1,-9.7E0,-1.55E0));
#3264=LINE('',#3263,#3262);
#3265=DIRECTION('',(1.E0,0.E0,0.E0));
#3266=VECTOR('',#3265,1.7E0);
#3267=CARTESIAN_POINT('',(-2.2E0,-9.7E0,-1.55E0));
#3268=LINE('',#3267,#3266);
#3269=DIRECTION('',(0.E0,1.E0,0.E0));
#3270=VECTOR('',#3269,8.E-1);
#3271=CARTESIAN_POINT('',(-2.2E0,-1.05E1,-1.55E0));
#3272=LINE('',#3271,#3270);
#3273=DIRECTION('',(-1.E0,0.E0,0.E0));
#3274=VECTOR('',#3273,1.7E0);
#3275=CARTESIAN_POINT('',(-5.E-1,-1.05E1,-1.55E0));
#3276=LINE('',#3275,#3274);
#3277=DIRECTION('',(0.E0,-1.E0,0.E0));
#3278=VECTOR('',#3277,8.E-1);
#3279=CARTESIAN_POINT('',(2.7E0,-9.7E0,-1.55E0));
#3280=LINE('',#3279,#3278);
#3281=DIRECTION('',(1.E0,0.E0,0.E0));
#3282=VECTOR('',#3281,1.7E0);
#3283=CARTESIAN_POINT('',(1.E0,-9.7E0,-1.55E0));
#3284=LINE('',#3283,#3282);
#3285=DIRECTION('',(0.E0,1.E0,0.E0));
#3286=VECTOR('',#3285,8.E-1);
#3287=CARTESIAN_POINT('',(1.E0,-1.05E1,-1.55E0));
#3288=LINE('',#3287,#3286);
#3289=DIRECTION('',(-1.E0,0.E0,0.E0));
#3290=VECTOR('',#3289,1.7E0);
#3291=CARTESIAN_POINT('',(2.7E0,-1.05E1,-1.55E0));
#3292=LINE('',#3291,#3290);
#3293=DIRECTION('',(0.E0,-1.E0,0.E0));
#3294=VECTOR('',#3293,8.E-1);
#3295=CARTESIAN_POINT('',(5.861769261870E0,-9.7E0,-1.55E0));
#3296=LINE('',#3295,#3294);
#3297=DIRECTION('',(1.E0,0.E0,0.E0));
#3298=VECTOR('',#3297,1.7E0);
#3299=CARTESIAN_POINT('',(4.161769261870E0,-9.7E0,-1.55E0));
#3300=LINE('',#3299,#3298);
#3301=DIRECTION('',(0.E0,1.E0,0.E0));
#3302=VECTOR('',#3301,8.E-1);
#3303=CARTESIAN_POINT('',(4.161769261870E0,-1.05E1,-1.55E0));
#3304=LINE('',#3303,#3302);
#3305=DIRECTION('',(-1.E0,0.E0,0.E0));
#3306=VECTOR('',#3305,1.7E0);
#3307=CARTESIAN_POINT('',(5.861769261870E0,-1.05E1,-1.55E0));
#3308=LINE('',#3307,#3306);
#3309=DIRECTION('',(0.E0,-1.E0,0.E0));
#3310=VECTOR('',#3309,8.E-1);
#3311=CARTESIAN_POINT('',(5.861769261870E0,-7.9E0,-1.55E0));
#3312=LINE('',#3311,#3310);
#3313=DIRECTION('',(1.E0,0.E0,0.E0));
#3314=VECTOR('',#3313,1.7E0);
#3315=CARTESIAN_POINT('',(4.161769261870E0,-7.9E0,-1.55E0));
#3316=LINE('',#3315,#3314);
#3317=DIRECTION('',(0.E0,1.E0,0.E0));
#3318=VECTOR('',#3317,8.E-1);
#3319=CARTESIAN_POINT('',(4.161769261870E0,-8.7E0,-1.55E0));
#3320=LINE('',#3319,#3318);
#3321=DIRECTION('',(-1.E0,0.E0,0.E0));
#3322=VECTOR('',#3321,1.7E0);
#3323=CARTESIAN_POINT('',(5.861769261870E0,-8.7E0,-1.55E0));
#3324=LINE('',#3323,#3322);
#3325=DIRECTION('',(0.E0,-1.E0,0.E0));
#3326=VECTOR('',#3325,8.E-1);
#3327=CARTESIAN_POINT('',(5.861769261870E0,-6.1E0,-1.55E0));
#3328=LINE('',#3327,#3326);
#3329=DIRECTION('',(1.E0,0.E0,0.E0));
#3330=VECTOR('',#3329,1.7E0);
#3331=CARTESIAN_POINT('',(4.161769261870E0,-6.1E0,-1.55E0));
#3332=LINE('',#3331,#3330);
#3333=DIRECTION('',(0.E0,1.E0,0.E0));
#3334=VECTOR('',#3333,8.E-1);
#3335=CARTESIAN_POINT('',(4.161769261870E0,-6.9E0,-1.55E0));
#3336=LINE('',#3335,#3334);
#3337=DIRECTION('',(-1.E0,0.E0,0.E0));
#3338=VECTOR('',#3337,1.7E0);
#3339=CARTESIAN_POINT('',(5.861769261870E0,-6.9E0,-1.55E0));
#3340=LINE('',#3339,#3338);
#3341=DIRECTION('',(0.E0,-1.E0,0.E0));
#3342=VECTOR('',#3341,8.E-1);
#3343=CARTESIAN_POINT('',(5.861769261870E0,-4.3E0,-1.55E0));
#3344=LINE('',#3343,#3342);
#3345=DIRECTION('',(1.E0,0.E0,0.E0));
#3346=VECTOR('',#3345,1.7E0);
#3347=CARTESIAN_POINT('',(4.161769261870E0,-4.3E0,-1.55E0));
#3348=LINE('',#3347,#3346);
#3349=DIRECTION('',(0.E0,1.E0,0.E0));
#3350=VECTOR('',#3349,8.E-1);
#3351=CARTESIAN_POINT('',(4.161769261870E0,-5.1E0,-1.55E0));
#3352=LINE('',#3351,#3350);
#3353=DIRECTION('',(-1.E0,0.E0,0.E0));
#3354=VECTOR('',#3353,1.7E0);
#3355=CARTESIAN_POINT('',(5.861769261870E0,-5.1E0,-1.55E0));
#3356=LINE('',#3355,#3354);
#3357=DIRECTION('',(0.E0,-1.E0,0.E0));
#3358=VECTOR('',#3357,8.E-1);
#3359=CARTESIAN_POINT('',(5.861769261870E0,-2.5E0,-1.55E0));
#3360=LINE('',#3359,#3358);
#3361=DIRECTION('',(1.E0,0.E0,0.E0));
#3362=VECTOR('',#3361,1.7E0);
#3363=CARTESIAN_POINT('',(4.161769261870E0,-2.5E0,-1.55E0));
#3364=LINE('',#3363,#3362);
#3365=DIRECTION('',(0.E0,1.E0,0.E0));
#3366=VECTOR('',#3365,8.E-1);
#3367=CARTESIAN_POINT('',(4.161769261870E0,-3.3E0,-1.55E0));
#3368=LINE('',#3367,#3366);
#3369=DIRECTION('',(-1.E0,0.E0,0.E0));
#3370=VECTOR('',#3369,1.7E0);
#3371=CARTESIAN_POINT('',(5.861769261870E0,-3.3E0,-1.55E0));
#3372=LINE('',#3371,#3370);
#3373=DIRECTION('',(0.E0,-1.E0,0.E0));
#3374=VECTOR('',#3373,8.E-1);
#3375=CARTESIAN_POINT('',(5.861769261870E0,-7.E-1,-1.55E0));
#3376=LINE('',#3375,#3374);
#3377=DIRECTION('',(1.E0,0.E0,0.E0));
#3378=VECTOR('',#3377,1.7E0);
#3379=CARTESIAN_POINT('',(4.161769261870E0,-7.E-1,-1.55E0));
#3380=LINE('',#3379,#3378);
#3381=DIRECTION('',(0.E0,1.E0,0.E0));
#3382=VECTOR('',#3381,8.E-1);
#3383=CARTESIAN_POINT('',(4.161769261870E0,-1.5E0,-1.55E0));
#3384=LINE('',#3383,#3382);
#3385=DIRECTION('',(-1.E0,0.E0,0.E0));
#3386=VECTOR('',#3385,1.7E0);
#3387=CARTESIAN_POINT('',(5.861769261870E0,-1.5E0,-1.55E0));
#3388=LINE('',#3387,#3386);
#3389=DIRECTION('',(0.E0,0.E0,1.E0));
#3390=VECTOR('',#3389,1.E0);
#3391=CARTESIAN_POINT('',(-3.7E0,-2.5E0,-1.55E0));
#3392=LINE('',#3391,#3390);
#3393=DIRECTION('',(0.E0,0.E0,1.E0));
#3394=VECTOR('',#3393,1.E0);
#3395=CARTESIAN_POINT('',(-5.4E0,-2.5E0,-1.55E0));
#3396=LINE('',#3395,#3394);
#3397=DIRECTION('',(0.E0,0.E0,1.E0));
#3398=VECTOR('',#3397,1.E0);
#3399=CARTESIAN_POINT('',(-5.4E0,-3.3E0,-1.55E0));
#3400=LINE('',#3399,#3398);
#3401=DIRECTION('',(0.E0,0.E0,1.E0));
#3402=VECTOR('',#3401,1.E0);
#3403=CARTESIAN_POINT('',(-3.7E0,-3.3E0,-1.55E0));
#3404=LINE('',#3403,#3402);
#3405=DIRECTION('',(0.E0,0.E0,1.E0));
#3406=VECTOR('',#3405,1.E0);
#3407=CARTESIAN_POINT('',(-3.7E0,-4.3E0,-1.55E0));
#3408=LINE('',#3407,#3406);
#3409=DIRECTION('',(0.E0,0.E0,1.E0));
#3410=VECTOR('',#3409,1.E0);
#3411=CARTESIAN_POINT('',(-5.4E0,-4.3E0,-1.55E0));
#3412=LINE('',#3411,#3410);
#3413=DIRECTION('',(0.E0,0.E0,1.E0));
#3414=VECTOR('',#3413,1.E0);
#3415=CARTESIAN_POINT('',(-5.4E0,-5.1E0,-1.55E0));
#3416=LINE('',#3415,#3414);
#3417=DIRECTION('',(0.E0,0.E0,1.E0));
#3418=VECTOR('',#3417,1.E0);
#3419=CARTESIAN_POINT('',(-3.7E0,-5.1E0,-1.55E0));
#3420=LINE('',#3419,#3418);
#3421=DIRECTION('',(0.E0,0.E0,1.E0));
#3422=VECTOR('',#3421,1.E0);
#3423=CARTESIAN_POINT('',(-3.7E0,-6.1E0,-1.55E0));
#3424=LINE('',#3423,#3422);
#3425=DIRECTION('',(0.E0,0.E0,1.E0));
#3426=VECTOR('',#3425,1.E0);
#3427=CARTESIAN_POINT('',(-5.4E0,-6.1E0,-1.55E0));
#3428=LINE('',#3427,#3426);
#3429=DIRECTION('',(0.E0,0.E0,1.E0));
#3430=VECTOR('',#3429,1.E0);
#3431=CARTESIAN_POINT('',(-5.4E0,-6.9E0,-1.55E0));
#3432=LINE('',#3431,#3430);
#3433=DIRECTION('',(0.E0,0.E0,1.E0));
#3434=VECTOR('',#3433,1.E0);
#3435=CARTESIAN_POINT('',(-3.7E0,-6.9E0,-1.55E0));
#3436=LINE('',#3435,#3434);
#3437=DIRECTION('',(0.E0,0.E0,1.E0));
#3438=VECTOR('',#3437,1.E0);
#3439=CARTESIAN_POINT('',(-3.7E0,-7.9E0,-1.55E0));
#3440=LINE('',#3439,#3438);
#3441=DIRECTION('',(0.E0,0.E0,1.E0));
#3442=VECTOR('',#3441,1.E0);
#3443=CARTESIAN_POINT('',(-5.4E0,-7.9E0,-1.55E0));
#3444=LINE('',#3443,#3442);
#3445=DIRECTION('',(0.E0,0.E0,1.E0));
#3446=VECTOR('',#3445,1.E0);
#3447=CARTESIAN_POINT('',(-5.4E0,-8.7E0,-1.55E0));
#3448=LINE('',#3447,#3446);
#3449=DIRECTION('',(0.E0,0.E0,1.E0));
#3450=VECTOR('',#3449,1.E0);
#3451=CARTESIAN_POINT('',(-3.7E0,-8.7E0,-1.55E0));
#3452=LINE('',#3451,#3450);
#3453=DIRECTION('',(0.E0,0.E0,1.E0));
#3454=VECTOR('',#3453,1.E0);
#3455=CARTESIAN_POINT('',(-3.7E0,-9.7E0,-1.55E0));
#3456=LINE('',#3455,#3454);
#3457=DIRECTION('',(0.E0,0.E0,1.E0));
#3458=VECTOR('',#3457,1.E0);
#3459=CARTESIAN_POINT('',(-5.4E0,-9.7E0,-1.55E0));
#3460=LINE('',#3459,#3458);
#3461=DIRECTION('',(0.E0,0.E0,1.E0));
#3462=VECTOR('',#3461,1.E0);
#3463=CARTESIAN_POINT('',(-5.4E0,-1.05E1,-1.55E0));
#3464=LINE('',#3463,#3462);
#3465=DIRECTION('',(0.E0,0.E0,1.E0));
#3466=VECTOR('',#3465,1.E0);
#3467=CARTESIAN_POINT('',(-3.7E0,-1.05E1,-1.55E0));
#3468=LINE('',#3467,#3466);
#3469=DIRECTION('',(0.E0,0.E0,1.E0));
#3470=VECTOR('',#3469,1.E0);
#3471=CARTESIAN_POINT('',(-5.E-1,-9.7E0,-1.55E0));
#3472=LINE('',#3471,#3470);
#3473=DIRECTION('',(0.E0,0.E0,1.E0));
#3474=VECTOR('',#3473,1.E0);
#3475=CARTESIAN_POINT('',(-2.2E0,-9.7E0,-1.55E0));
#3476=LINE('',#3475,#3474);
#3477=DIRECTION('',(0.E0,0.E0,1.E0));
#3478=VECTOR('',#3477,1.E0);
#3479=CARTESIAN_POINT('',(-2.2E0,-1.05E1,-1.55E0));
#3480=LINE('',#3479,#3478);
#3481=DIRECTION('',(0.E0,0.E0,1.E0));
#3482=VECTOR('',#3481,1.E0);
#3483=CARTESIAN_POINT('',(-5.E-1,-1.05E1,-1.55E0));
#3484=LINE('',#3483,#3482);
#3485=DIRECTION('',(0.E0,0.E0,1.E0));
#3486=VECTOR('',#3485,1.E0);
#3487=CARTESIAN_POINT('',(2.7E0,-9.7E0,-1.55E0));
#3488=LINE('',#3487,#3486);
#3489=DIRECTION('',(0.E0,0.E0,1.E0));
#3490=VECTOR('',#3489,1.E0);
#3491=CARTESIAN_POINT('',(1.E0,-9.7E0,-1.55E0));
#3492=LINE('',#3491,#3490);
#3493=DIRECTION('',(0.E0,0.E0,1.E0));
#3494=VECTOR('',#3493,1.E0);
#3495=CARTESIAN_POINT('',(1.E0,-1.05E1,-1.55E0));
#3496=LINE('',#3495,#3494);
#3497=DIRECTION('',(0.E0,0.E0,1.E0));
#3498=VECTOR('',#3497,1.E0);
#3499=CARTESIAN_POINT('',(2.7E0,-1.05E1,-1.55E0));
#3500=LINE('',#3499,#3498);
#3501=DIRECTION('',(0.E0,0.E0,1.E0));
#3502=VECTOR('',#3501,1.E0);
#3503=CARTESIAN_POINT('',(5.861769261870E0,-9.7E0,-1.55E0));
#3504=LINE('',#3503,#3502);
#3505=DIRECTION('',(0.E0,0.E0,1.E0));
#3506=VECTOR('',#3505,1.E0);
#3507=CARTESIAN_POINT('',(4.161769261870E0,-9.7E0,-1.55E0));
#3508=LINE('',#3507,#3506);
#3509=DIRECTION('',(0.E0,0.E0,1.E0));
#3510=VECTOR('',#3509,1.E0);
#3511=CARTESIAN_POINT('',(4.161769261870E0,-1.05E1,-1.55E0));
#3512=LINE('',#3511,#3510);
#3513=DIRECTION('',(0.E0,0.E0,1.E0));
#3514=VECTOR('',#3513,1.E0);
#3515=CARTESIAN_POINT('',(5.861769261870E0,-1.05E1,-1.55E0));
#3516=LINE('',#3515,#3514);
#3517=DIRECTION('',(0.E0,0.E0,1.E0));
#3518=VECTOR('',#3517,1.E0);
#3519=CARTESIAN_POINT('',(5.861769261870E0,-7.9E0,-1.55E0));
#3520=LINE('',#3519,#3518);
#3521=DIRECTION('',(0.E0,0.E0,1.E0));
#3522=VECTOR('',#3521,1.E0);
#3523=CARTESIAN_POINT('',(4.161769261870E0,-7.9E0,-1.55E0));
#3524=LINE('',#3523,#3522);
#3525=DIRECTION('',(0.E0,0.E0,1.E0));
#3526=VECTOR('',#3525,1.E0);
#3527=CARTESIAN_POINT('',(4.161769261870E0,-8.7E0,-1.55E0));
#3528=LINE('',#3527,#3526);
#3529=DIRECTION('',(0.E0,0.E0,1.E0));
#3530=VECTOR('',#3529,1.E0);
#3531=CARTESIAN_POINT('',(5.861769261870E0,-8.7E0,-1.55E0));
#3532=LINE('',#3531,#3530);
#3533=DIRECTION('',(0.E0,0.E0,1.E0));
#3534=VECTOR('',#3533,1.E0);
#3535=CARTESIAN_POINT('',(5.861769261870E0,-6.1E0,-1.55E0));
#3536=LINE('',#3535,#3534);
#3537=DIRECTION('',(0.E0,0.E0,1.E0));
#3538=VECTOR('',#3537,1.E0);
#3539=CARTESIAN_POINT('',(4.161769261870E0,-6.1E0,-1.55E0));
#3540=LINE('',#3539,#3538);
#3541=DIRECTION('',(0.E0,0.E0,1.E0));
#3542=VECTOR('',#3541,1.E0);
#3543=CARTESIAN_POINT('',(4.161769261870E0,-6.9E0,-1.55E0));
#3544=LINE('',#3543,#3542);
#3545=DIRECTION('',(0.E0,0.E0,1.E0));
#3546=VECTOR('',#3545,1.E0);
#3547=CARTESIAN_POINT('',(5.861769261870E0,-6.9E0,-1.55E0));
#3548=LINE('',#3547,#3546);
#3549=DIRECTION('',(0.E0,0.E0,1.E0));
#3550=VECTOR('',#3549,1.E0);
#3551=CARTESIAN_POINT('',(5.861769261870E0,-4.3E0,-1.55E0));
#3552=LINE('',#3551,#3550);
#3553=DIRECTION('',(0.E0,0.E0,1.E0));
#3554=VECTOR('',#3553,1.E0);
#3555=CARTESIAN_POINT('',(4.161769261870E0,-4.3E0,-1.55E0));
#3556=LINE('',#3555,#3554);
#3557=DIRECTION('',(0.E0,0.E0,1.E0));
#3558=VECTOR('',#3557,1.E0);
#3559=CARTESIAN_POINT('',(4.161769261870E0,-5.1E0,-1.55E0));
#3560=LINE('',#3559,#3558);
#3561=DIRECTION('',(0.E0,0.E0,1.E0));
#3562=VECTOR('',#3561,1.E0);
#3563=CARTESIAN_POINT('',(5.861769261870E0,-5.1E0,-1.55E0));
#3564=LINE('',#3563,#3562);
#3565=DIRECTION('',(0.E0,0.E0,1.E0));
#3566=VECTOR('',#3565,1.E0);
#3567=CARTESIAN_POINT('',(5.861769261870E0,-2.5E0,-1.55E0));
#3568=LINE('',#3567,#3566);
#3569=DIRECTION('',(0.E0,0.E0,1.E0));
#3570=VECTOR('',#3569,1.E0);
#3571=CARTESIAN_POINT('',(4.161769261870E0,-2.5E0,-1.55E0));
#3572=LINE('',#3571,#3570);
#3573=DIRECTION('',(0.E0,0.E0,1.E0));
#3574=VECTOR('',#3573,1.E0);
#3575=CARTESIAN_POINT('',(4.161769261870E0,-3.3E0,-1.55E0));
#3576=LINE('',#3575,#3574);
#3577=DIRECTION('',(0.E0,0.E0,1.E0));
#3578=VECTOR('',#3577,1.E0);
#3579=CARTESIAN_POINT('',(5.861769261870E0,-3.3E0,-1.55E0));
#3580=LINE('',#3579,#3578);
#3581=DIRECTION('',(0.E0,0.E0,1.E0));
#3582=VECTOR('',#3581,1.E0);
#3583=CARTESIAN_POINT('',(5.861769261870E0,-7.E-1,-1.55E0));
#3584=LINE('',#3583,#3582);
#3585=DIRECTION('',(0.E0,0.E0,1.E0));
#3586=VECTOR('',#3585,1.E0);
#3587=CARTESIAN_POINT('',(4.161769261870E0,-7.E-1,-1.55E0));
#3588=LINE('',#3587,#3586);
#3589=DIRECTION('',(0.E0,0.E0,1.E0));
#3590=VECTOR('',#3589,1.E0);
#3591=CARTESIAN_POINT('',(4.161769261870E0,-1.5E0,-1.55E0));
#3592=LINE('',#3591,#3590);
#3593=DIRECTION('',(0.E0,0.E0,1.E0));
#3594=VECTOR('',#3593,1.E0);
#3595=CARTESIAN_POINT('',(5.861769261870E0,-1.5E0,-1.55E0));
#3596=LINE('',#3595,#3594);
#3597=DIRECTION('',(0.E0,0.E0,1.E0));
#3598=VECTOR('',#3597,1.E0);
#3599=CARTESIAN_POINT('',(-5.E-1,-7.E-1,-1.55E0));
#3600=LINE('',#3599,#3598);
#3601=DIRECTION('',(0.E0,0.E0,1.E0));
#3602=VECTOR('',#3601,1.E0);
#3603=CARTESIAN_POINT('',(-2.2E0,-7.E-1,-1.55E0));
#3604=LINE('',#3603,#3602);
#3605=DIRECTION('',(0.E0,0.E0,1.E0));
#3606=VECTOR('',#3605,1.E0);
#3607=CARTESIAN_POINT('',(-2.2E0,-1.5E0,-1.55E0));
#3608=LINE('',#3607,#3606);
#3609=DIRECTION('',(0.E0,0.E0,1.E0));
#3610=VECTOR('',#3609,1.E0);
#3611=CARTESIAN_POINT('',(-5.E-1,-1.5E0,-1.55E0));
#3612=LINE('',#3611,#3610);
#3613=DIRECTION('',(0.E0,-1.E0,0.E0));
#3614=VECTOR('',#3613,8.E-1);
#3615=CARTESIAN_POINT('',(-5.E-1,-7.E-1,-1.55E0));
#3616=LINE('',#3615,#3614);
#3617=DIRECTION('',(1.E0,0.E0,0.E0));
#3618=VECTOR('',#3617,1.7E0);
#3619=CARTESIAN_POINT('',(-2.2E0,-7.E-1,-1.55E0));
#3620=LINE('',#3619,#3618);
#3621=DIRECTION('',(0.E0,1.E0,0.E0));
#3622=VECTOR('',#3621,8.E-1);
#3623=CARTESIAN_POINT('',(-2.2E0,-1.5E0,-1.55E0));
#3624=LINE('',#3623,#3622);
#3625=DIRECTION('',(-1.E0,0.E0,0.E0));
#3626=VECTOR('',#3625,1.7E0);
#3627=CARTESIAN_POINT('',(-5.E-1,-1.5E0,-1.55E0));
#3628=LINE('',#3627,#3626);
#3629=DIRECTION('',(0.E0,0.E0,-1.E0));
#3630=VECTOR('',#3629,1.3E0);
#3631=CARTESIAN_POINT('',(8.8E0,1.02E1,-5.5E-1));
#3632=LINE('',#3631,#3630);
#3633=DIRECTION('',(0.E0,0.E0,-1.E0));
#3634=VECTOR('',#3633,1.3E0);
#3635=CARTESIAN_POINT('',(7.4E0,1.02E1,-5.5E-1));
#3636=LINE('',#3635,#3634);
#3637=DIRECTION('',(0.E0,0.E0,-1.E0));
#3638=VECTOR('',#3637,1.3E0);
#3639=CARTESIAN_POINT('',(7.4E0,8.2E0,-5.5E-1));
#3640=LINE('',#3639,#3638);
#3641=DIRECTION('',(0.E0,0.E0,-1.E0));
#3642=VECTOR('',#3641,1.3E0);
#3643=CARTESIAN_POINT('',(8.8E0,8.2E0,-5.5E-1));
#3644=LINE('',#3643,#3642);
#3645=DIRECTION('',(0.E0,-1.E0,0.E0));
#3646=VECTOR('',#3645,2.E0);
#3647=CARTESIAN_POINT('',(8.8E0,1.02E1,-1.85E0));
#3648=LINE('',#3647,#3646);
#3649=DIRECTION('',(1.E0,0.E0,0.E0));
#3650=VECTOR('',#3649,1.4E0);
#3651=CARTESIAN_POINT('',(7.4E0,1.02E1,-1.85E0));
#3652=LINE('',#3651,#3650);
#3653=DIRECTION('',(0.E0,1.E0,0.E0));
#3654=VECTOR('',#3653,2.E0);
#3655=CARTESIAN_POINT('',(7.4E0,8.2E0,-1.85E0));
#3656=LINE('',#3655,#3654);
#3657=DIRECTION('',(-1.E0,0.E0,0.E0));
#3658=VECTOR('',#3657,1.4E0);
#3659=CARTESIAN_POINT('',(8.8E0,8.2E0,-1.85E0));
#3660=LINE('',#3659,#3658);
#3661=DIRECTION('',(0.E0,0.E0,-1.E0));
#3662=VECTOR('',#3661,1.E0);
#3663=CARTESIAN_POINT('',(1.45E0,-3.399064159393E0,-5.5E-1));
#3664=LINE('',#3663,#3662);
#3665=DIRECTION('',(0.E0,0.E0,-1.E0));
#3666=VECTOR('',#3665,1.E0);
#3667=CARTESIAN_POINT('',(-1.45E0,-3.399064159393E0,-5.5E-1));
#3668=LINE('',#3667,#3666);
#3669=DIRECTION('',(0.E0,0.E0,-1.E0));
#3670=VECTOR('',#3669,1.E0);
#3671=CARTESIAN_POINT('',(-1.45E0,-6.599064159393E0,-5.5E-1));
#3672=LINE('',#3671,#3670);
#3673=DIRECTION('',(0.E0,0.E0,-1.E0));
#3674=VECTOR('',#3673,1.E0);
#3675=CARTESIAN_POINT('',(1.45E0,-6.599064159393E0,-5.5E-1));
#3676=LINE('',#3675,#3674);
#3677=DIRECTION('',(0.E0,-1.E0,0.E0));
#3678=VECTOR('',#3677,3.2E0);
#3679=CARTESIAN_POINT('',(1.45E0,-3.399064159393E0,-1.55E0));
#3680=LINE('',#3679,#3678);
#3681=DIRECTION('',(1.E0,0.E0,0.E0));
#3682=VECTOR('',#3681,2.9E0);
#3683=CARTESIAN_POINT('',(-1.45E0,-3.399064159393E0,-1.55E0));
#3684=LINE('',#3683,#3682);
#3685=DIRECTION('',(0.E0,1.E0,0.E0));
#3686=VECTOR('',#3685,3.2E0);
#3687=CARTESIAN_POINT('',(-1.45E0,-6.599064159393E0,-1.55E0));
#3688=LINE('',#3687,#3686);
#3689=DIRECTION('',(-1.E0,0.E0,0.E0));
#3690=VECTOR('',#3689,2.9E0);
#3691=CARTESIAN_POINT('',(1.45E0,-6.599064159393E0,-1.55E0));
#3692=LINE('',#3691,#3690);
#3693=DIRECTION('',(0.E0,0.E0,1.E0));
#3694=VECTOR('',#3693,1.E0);
#3695=CARTESIAN_POINT('',(5.861769261870E0,1.100935840607E0,-1.55E0));
#3696=LINE('',#3695,#3694);
#3697=DIRECTION('',(0.E0,0.E0,1.E0));
#3698=VECTOR('',#3697,1.E0);
#3699=CARTESIAN_POINT('',(4.161769261870E0,1.100935840607E0,-1.55E0));
#3700=LINE('',#3699,#3698);
#3701=DIRECTION('',(0.E0,0.E0,1.E0));
#3702=VECTOR('',#3701,1.E0);
#3703=CARTESIAN_POINT('',(4.161769261870E0,3.009358406067E-1,-1.55E0));
#3704=LINE('',#3703,#3702);
#3705=DIRECTION('',(0.E0,0.E0,1.E0));
#3706=VECTOR('',#3705,1.E0);
#3707=CARTESIAN_POINT('',(5.861769261870E0,3.009358406067E-1,-1.55E0));
#3708=LINE('',#3707,#3706);
#3709=DIRECTION('',(0.E0,-1.E0,0.E0));
#3710=VECTOR('',#3709,8.E-1);
#3711=CARTESIAN_POINT('',(5.861769261870E0,1.100935840607E0,-1.55E0));
#3712=LINE('',#3711,#3710);
#3713=DIRECTION('',(1.E0,0.E0,0.E0));
#3714=VECTOR('',#3713,1.7E0);
#3715=CARTESIAN_POINT('',(4.161769261870E0,1.100935840607E0,-1.55E0));
#3716=LINE('',#3715,#3714);
#3717=DIRECTION('',(0.E0,1.E0,0.E0));
#3718=VECTOR('',#3717,8.E-1);
#3719=CARTESIAN_POINT('',(4.161769261870E0,3.009358406067E-1,-1.55E0));
#3720=LINE('',#3719,#3718);
#3721=DIRECTION('',(-1.E0,0.E0,0.E0));
#3722=VECTOR('',#3721,1.7E0);
#3723=CARTESIAN_POINT('',(5.861769261870E0,3.009358406067E-1,-1.55E0));
#3724=LINE('',#3723,#3722);
#3725=DIRECTION('',(0.E0,-1.E0,0.E0));
#3726=VECTOR('',#3725,8.E-1);
#3727=CARTESIAN_POINT('',(9.361769261870E0,1.100935840607E0,-1.55E0));
#3728=LINE('',#3727,#3726);
#3729=DIRECTION('',(1.E0,0.E0,0.E0));
#3730=VECTOR('',#3729,1.7E0);
#3731=CARTESIAN_POINT('',(7.661769261870E0,1.100935840607E0,-1.55E0));
#3732=LINE('',#3731,#3730);
#3733=DIRECTION('',(0.E0,1.E0,0.E0));
#3734=VECTOR('',#3733,8.E-1);
#3735=CARTESIAN_POINT('',(7.661769261870E0,3.009358406067E-1,-1.55E0));
#3736=LINE('',#3735,#3734);
#3737=DIRECTION('',(-1.E0,0.E0,0.E0));
#3738=VECTOR('',#3737,1.7E0);
#3739=CARTESIAN_POINT('',(9.361769261870E0,3.009358406067E-1,-1.55E0));
#3740=LINE('',#3739,#3738);
#3741=DIRECTION('',(0.E0,0.E0,1.E0));
#3742=VECTOR('',#3741,1.E0);
#3743=CARTESIAN_POINT('',(9.361769261870E0,1.100935840607E0,-1.55E0));
#3744=LINE('',#3743,#3742);
#3745=DIRECTION('',(0.E0,0.E0,1.E0));
#3746=VECTOR('',#3745,1.E0);
#3747=CARTESIAN_POINT('',(7.661769261870E0,1.100935840607E0,-1.55E0));
#3748=LINE('',#3747,#3746);
#3749=DIRECTION('',(0.E0,0.E0,1.E0));
#3750=VECTOR('',#3749,1.E0);
#3751=CARTESIAN_POINT('',(7.661769261870E0,3.009358406067E-1,-1.55E0));
#3752=LINE('',#3751,#3750);
#3753=DIRECTION('',(0.E0,0.E0,1.E0));
#3754=VECTOR('',#3753,1.E0);
#3755=CARTESIAN_POINT('',(9.361769261870E0,3.009358406067E-1,-1.55E0));
#3756=LINE('',#3755,#3754);
#3757=DIRECTION('',(0.E0,0.E0,1.E0));
#3758=VECTOR('',#3757,1.3E0);
#3759=CARTESIAN_POINT('',(1.03E1,-1.8E0,-1.85E0));
#3760=LINE('',#3759,#3758);
#3761=DIRECTION('',(0.E0,0.E0,1.E0));
#3762=VECTOR('',#3761,1.3E0);
#3763=CARTESIAN_POINT('',(7.3E0,-1.8E0,-1.85E0));
#3764=LINE('',#3763,#3762);
#3765=DIRECTION('',(0.E0,0.E0,1.E0));
#3766=VECTOR('',#3765,1.3E0);
#3767=CARTESIAN_POINT('',(7.3E0,-3.8E0,-1.85E0));
#3768=LINE('',#3767,#3766);
#3769=DIRECTION('',(0.E0,0.E0,1.E0));
#3770=VECTOR('',#3769,1.3E0);
#3771=CARTESIAN_POINT('',(1.03E1,-3.8E0,-1.85E0));
#3772=LINE('',#3771,#3770);
#3773=DIRECTION('',(0.E0,-1.E0,0.E0));
#3774=VECTOR('',#3773,2.E0);
#3775=CARTESIAN_POINT('',(1.03E1,-1.8E0,-1.85E0));
#3776=LINE('',#3775,#3774);
#3777=DIRECTION('',(1.E0,0.E0,0.E0));
#3778=VECTOR('',#3777,3.E0);
#3779=CARTESIAN_POINT('',(7.3E0,-1.8E0,-1.85E0));
#3780=LINE('',#3779,#3778);
#3781=DIRECTION('',(0.E0,1.E0,0.E0));
#3782=VECTOR('',#3781,2.E0);
#3783=CARTESIAN_POINT('',(7.3E0,-3.8E0,-1.85E0));
#3784=LINE('',#3783,#3782);
#3785=DIRECTION('',(-1.E0,0.E0,0.E0));
#3786=VECTOR('',#3785,3.E0);
#3787=CARTESIAN_POINT('',(1.03E1,-3.8E0,-1.85E0));
#3788=LINE('',#3787,#3786);
#3789=DIRECTION('',(0.E0,0.E0,1.E0));
#3790=VECTOR('',#3789,1.E0);
#3791=CARTESIAN_POINT('',(9.2E0,-6.1E0,-1.55E0));
#3792=LINE('',#3791,#3790);
#3793=DIRECTION('',(0.E0,0.E0,1.E0));
#3794=VECTOR('',#3793,1.E0);
#3795=CARTESIAN_POINT('',(7.5E0,-6.1E0,-1.55E0));
#3796=LINE('',#3795,#3794);
#3797=DIRECTION('',(0.E0,0.E0,1.E0));
#3798=VECTOR('',#3797,1.E0);
#3799=CARTESIAN_POINT('',(7.5E0,-6.9E0,-1.55E0));
#3800=LINE('',#3799,#3798);
#3801=DIRECTION('',(0.E0,0.E0,1.E0));
#3802=VECTOR('',#3801,1.E0);
#3803=CARTESIAN_POINT('',(9.2E0,-6.9E0,-1.55E0));
#3804=LINE('',#3803,#3802);
#3805=DIRECTION('',(0.E0,-1.E0,0.E0));
#3806=VECTOR('',#3805,8.E-1);
#3807=CARTESIAN_POINT('',(9.2E0,-6.1E0,-1.55E0));
#3808=LINE('',#3807,#3806);
#3809=DIRECTION('',(1.E0,0.E0,0.E0));
#3810=VECTOR('',#3809,1.7E0);
#3811=CARTESIAN_POINT('',(7.5E0,-6.1E0,-1.55E0));
#3812=LINE('',#3811,#3810);
#3813=DIRECTION('',(0.E0,1.E0,0.E0));
#3814=VECTOR('',#3813,8.E-1);
#3815=CARTESIAN_POINT('',(7.5E0,-6.9E0,-1.55E0));
#3816=LINE('',#3815,#3814);
#3817=DIRECTION('',(-1.E0,0.E0,0.E0));
#3818=VECTOR('',#3817,1.7E0);
#3819=CARTESIAN_POINT('',(9.2E0,-6.9E0,-1.55E0));
#3820=LINE('',#3819,#3818);
#3821=DIRECTION('',(0.E0,0.E0,1.E0));
#3822=VECTOR('',#3821,1.E0);
#3823=CARTESIAN_POINT('',(1.19E1,-2.5E0,-1.55E0));
#3824=LINE('',#3823,#3822);
#3825=DIRECTION('',(0.E0,0.E0,1.E0));
#3826=VECTOR('',#3825,1.E0);
#3827=CARTESIAN_POINT('',(1.11E1,-2.5E0,-1.55E0));
#3828=LINE('',#3827,#3826);
#3829=DIRECTION('',(0.E0,0.E0,1.E0));
#3830=VECTOR('',#3829,1.E0);
#3831=CARTESIAN_POINT('',(1.11E1,-4.2E0,-1.55E0));
#3832=LINE('',#3831,#3830);
#3833=DIRECTION('',(0.E0,0.E0,1.E0));
#3834=VECTOR('',#3833,1.E0);
#3835=CARTESIAN_POINT('',(1.19E1,-4.2E0,-1.55E0));
#3836=LINE('',#3835,#3834);
#3837=DIRECTION('',(0.E0,-1.E0,0.E0));
#3838=VECTOR('',#3837,1.7E0);
#3839=CARTESIAN_POINT('',(1.19E1,-2.5E0,-1.55E0));
#3840=LINE('',#3839,#3838);
#3841=DIRECTION('',(1.E0,0.E0,0.E0));
#3842=VECTOR('',#3841,8.E-1);
#3843=CARTESIAN_POINT('',(1.11E1,-2.5E0,-1.55E0));
#3844=LINE('',#3843,#3842);
#3845=DIRECTION('',(0.E0,1.E0,0.E0));
#3846=VECTOR('',#3845,1.7E0);
#3847=CARTESIAN_POINT('',(1.11E1,-4.2E0,-1.55E0));
#3848=LINE('',#3847,#3846);
#3849=DIRECTION('',(-1.E0,0.E0,0.E0));
#3850=VECTOR('',#3849,8.E-1);
#3851=CARTESIAN_POINT('',(1.19E1,-4.2E0,-1.55E0));
#3852=LINE('',#3851,#3850);
#3853=DIRECTION('',(0.E0,0.E0,1.E0));
#3854=VECTOR('',#3853,1.E0);
#3855=CARTESIAN_POINT('',(1.4E1,-6.6E0,-1.55E0));
#3856=LINE('',#3855,#3854);
#3857=DIRECTION('',(0.E0,0.E0,1.E0));
#3858=VECTOR('',#3857,1.E0);
#3859=CARTESIAN_POINT('',(1.23E1,-6.6E0,-1.55E0));
#3860=LINE('',#3859,#3858);
#3861=DIRECTION('',(0.E0,0.E0,1.E0));
#3862=VECTOR('',#3861,1.E0);
#3863=CARTESIAN_POINT('',(1.23E1,-7.4E0,-1.55E0));
#3864=LINE('',#3863,#3862);
#3865=DIRECTION('',(0.E0,0.E0,1.E0));
#3866=VECTOR('',#3865,1.E0);
#3867=CARTESIAN_POINT('',(1.4E1,-7.4E0,-1.55E0));
#3868=LINE('',#3867,#3866);
#3869=DIRECTION('',(0.E0,-1.E0,0.E0));
#3870=VECTOR('',#3869,8.E-1);
#3871=CARTESIAN_POINT('',(1.4E1,-6.6E0,-1.55E0));
#3872=LINE('',#3871,#3870);
#3873=DIRECTION('',(1.E0,0.E0,0.E0));
#3874=VECTOR('',#3873,1.7E0);
#3875=CARTESIAN_POINT('',(1.23E1,-6.6E0,-1.55E0));
#3876=LINE('',#3875,#3874);
#3877=DIRECTION('',(0.E0,1.E0,0.E0));
#3878=VECTOR('',#3877,8.E-1);
#3879=CARTESIAN_POINT('',(1.23E1,-7.4E0,-1.55E0));
#3880=LINE('',#3879,#3878);
#3881=DIRECTION('',(-1.E0,0.E0,0.E0));
#3882=VECTOR('',#3881,1.7E0);
#3883=CARTESIAN_POINT('',(1.4E1,-7.4E0,-1.55E0));
#3884=LINE('',#3883,#3882);
#3885=DIRECTION('',(0.E0,0.E0,1.E0));
#3886=VECTOR('',#3885,1.E0);
#3887=CARTESIAN_POINT('',(1.73E1,-8.3E0,-1.55E0));
#3888=LINE('',#3887,#3886);
#3889=DIRECTION('',(0.E0,0.E0,1.E0));
#3890=VECTOR('',#3889,1.E0);
#3891=CARTESIAN_POINT('',(1.65E1,-8.3E0,-1.55E0));
#3892=LINE('',#3891,#3890);
#3893=DIRECTION('',(0.E0,0.E0,1.E0));
#3894=VECTOR('',#3893,1.E0);
#3895=CARTESIAN_POINT('',(1.65E1,-1.01E1,-1.55E0));
#3896=LINE('',#3895,#3894);
#3897=DIRECTION('',(0.E0,0.E0,1.E0));
#3898=VECTOR('',#3897,1.E0);
#3899=CARTESIAN_POINT('',(1.73E1,-1.01E1,-1.55E0));
#3900=LINE('',#3899,#3898);
#3901=DIRECTION('',(0.E0,-1.E0,0.E0));
#3902=VECTOR('',#3901,1.8E0);
#3903=CARTESIAN_POINT('',(1.73E1,-8.3E0,-1.55E0));
#3904=LINE('',#3903,#3902);
#3905=DIRECTION('',(1.E0,0.E0,0.E0));
#3906=VECTOR('',#3905,8.E-1);
#3907=CARTESIAN_POINT('',(1.65E1,-8.3E0,-1.55E0));
#3908=LINE('',#3907,#3906);
#3909=DIRECTION('',(0.E0,1.E0,0.E0));
#3910=VECTOR('',#3909,1.8E0);
#3911=CARTESIAN_POINT('',(1.65E1,-1.01E1,-1.55E0));
#3912=LINE('',#3911,#3910);
#3913=DIRECTION('',(-1.E0,0.E0,0.E0));
#3914=VECTOR('',#3913,8.E-1);
#3915=CARTESIAN_POINT('',(1.73E1,-1.01E1,-1.55E0));
#3916=LINE('',#3915,#3914);
#3917=DIRECTION('',(0.E0,0.E0,1.E0));
#3918=VECTOR('',#3917,1.3E0);
#3919=CARTESIAN_POINT('',(2.15E1,-7.2E0,-1.85E0));
#3920=LINE('',#3919,#3918);
#3921=DIRECTION('',(0.E0,0.E0,1.E0));
#3922=VECTOR('',#3921,1.3E0);
#3923=CARTESIAN_POINT('',(1.91E1,-7.2E0,-1.85E0));
#3924=LINE('',#3923,#3922);
#3925=DIRECTION('',(0.E0,0.E0,1.E0));
#3926=VECTOR('',#3925,1.3E0);
#3927=CARTESIAN_POINT('',(1.91E1,-1.04E1,-1.85E0));
#3928=LINE('',#3927,#3926);
#3929=DIRECTION('',(0.E0,0.E0,1.E0));
#3930=VECTOR('',#3929,1.3E0);
#3931=CARTESIAN_POINT('',(2.15E1,-1.04E1,-1.85E0));
#3932=LINE('',#3931,#3930);
#3933=DIRECTION('',(0.E0,-1.E0,0.E0));
#3934=VECTOR('',#3933,3.2E0);
#3935=CARTESIAN_POINT('',(2.15E1,-7.2E0,-1.85E0));
#3936=LINE('',#3935,#3934);
#3937=DIRECTION('',(1.E0,0.E0,0.E0));
#3938=VECTOR('',#3937,2.4E0);
#3939=CARTESIAN_POINT('',(1.91E1,-7.2E0,-1.85E0));
#3940=LINE('',#3939,#3938);
#3941=DIRECTION('',(0.E0,1.E0,0.E0));
#3942=VECTOR('',#3941,3.2E0);
#3943=CARTESIAN_POINT('',(1.91E1,-1.04E1,-1.85E0));
#3944=LINE('',#3943,#3942);
#3945=DIRECTION('',(-1.E0,0.E0,0.E0));
#3946=VECTOR('',#3945,2.4E0);
#3947=CARTESIAN_POINT('',(2.15E1,-1.04E1,-1.85E0));
#3948=LINE('',#3947,#3946);
#3949=DIRECTION('',(0.E0,0.E0,1.E0));
#3950=VECTOR('',#3949,1.3E0);
#3951=CARTESIAN_POINT('',(1.61E1,-2.7E0,-1.85E0));
#3952=LINE('',#3951,#3950);
#3953=DIRECTION('',(0.E0,0.E0,1.E0));
#3954=VECTOR('',#3953,1.3E0);
#3955=CARTESIAN_POINT('',(1.33E1,-2.7E0,-1.85E0));
#3956=LINE('',#3955,#3954);
#3957=DIRECTION('',(0.E0,0.E0,1.E0));
#3958=VECTOR('',#3957,1.3E0);
#3959=CARTESIAN_POINT('',(1.33E1,-4.5E0,-1.85E0));
#3960=LINE('',#3959,#3958);
#3961=DIRECTION('',(0.E0,0.E0,1.E0));
#3962=VECTOR('',#3961,1.3E0);
#3963=CARTESIAN_POINT('',(1.61E1,-4.5E0,-1.85E0));
#3964=LINE('',#3963,#3962);
#3965=DIRECTION('',(0.E0,-1.E0,0.E0));
#3966=VECTOR('',#3965,1.8E0);
#3967=CARTESIAN_POINT('',(1.61E1,-2.7E0,-1.85E0));
#3968=LINE('',#3967,#3966);
#3969=DIRECTION('',(1.E0,0.E0,0.E0));
#3970=VECTOR('',#3969,2.8E0);
#3971=CARTESIAN_POINT('',(1.33E1,-2.7E0,-1.85E0));
#3972=LINE('',#3971,#3970);
#3973=DIRECTION('',(0.E0,1.E0,0.E0));
#3974=VECTOR('',#3973,1.8E0);
#3975=CARTESIAN_POINT('',(1.33E1,-4.5E0,-1.85E0));
#3976=LINE('',#3975,#3974);
#3977=DIRECTION('',(-1.E0,0.E0,0.E0));
#3978=VECTOR('',#3977,2.8E0);
#3979=CARTESIAN_POINT('',(1.61E1,-4.5E0,-1.85E0));
#3980=LINE('',#3979,#3978);
#3981=DIRECTION('',(0.E0,0.E0,1.E0));
#3982=VECTOR('',#3981,1.E0);
#3983=CARTESIAN_POINT('',(1.8E1,-3.8E0,-1.55E0));
#3984=LINE('',#3983,#3982);
#3985=DIRECTION('',(0.E0,0.E0,1.E0));
#3986=VECTOR('',#3985,1.E0);
#3987=CARTESIAN_POINT('',(1.72E1,-3.8E0,-1.55E0));
#3988=LINE('',#3987,#3986);
#3989=DIRECTION('',(0.E0,0.E0,1.E0));
#3990=VECTOR('',#3989,1.E0);
#3991=CARTESIAN_POINT('',(1.72E1,-5.5E0,-1.55E0));
#3992=LINE('',#3991,#3990);
#3993=DIRECTION('',(0.E0,0.E0,1.E0));
#3994=VECTOR('',#3993,1.E0);
#3995=CARTESIAN_POINT('',(1.8E1,-5.5E0,-1.55E0));
#3996=LINE('',#3995,#3994);
#3997=DIRECTION('',(0.E0,-1.E0,0.E0));
#3998=VECTOR('',#3997,1.7E0);
#3999=CARTESIAN_POINT('',(1.8E1,-3.8E0,-1.55E0));
#4000=LINE('',#3999,#3998);
#4001=DIRECTION('',(1.E0,0.E0,0.E0));
#4002=VECTOR('',#4001,8.E-1);
#4003=CARTESIAN_POINT('',(1.72E1,-3.8E0,-1.55E0));
#4004=LINE('',#4003,#4002);
#4005=DIRECTION('',(0.E0,1.E0,0.E0));
#4006=VECTOR('',#4005,1.7E0);
#4007=CARTESIAN_POINT('',(1.72E1,-5.5E0,-1.55E0));
#4008=LINE('',#4007,#4006);
#4009=DIRECTION('',(-1.E0,0.E0,0.E0));
#4010=VECTOR('',#4009,8.E-1);
#4011=CARTESIAN_POINT('',(1.8E1,-5.5E0,-1.55E0));
#4012=LINE('',#4011,#4010);
#4013=DIRECTION('',(0.E0,0.E0,1.E0));
#4014=VECTOR('',#4013,1.E0);
#4015=CARTESIAN_POINT('',(1.8E1,-7.990641593933E-1,-1.55E0));
#4016=LINE('',#4015,#4014);
#4017=DIRECTION('',(0.E0,0.E0,1.E0));
#4018=VECTOR('',#4017,1.E0);
#4019=CARTESIAN_POINT('',(1.72E1,-7.990641593933E-1,-1.55E0));
#4020=LINE('',#4019,#4018);
#4021=DIRECTION('',(0.E0,0.E0,1.E0));
#4022=VECTOR('',#4021,1.E0);
#4023=CARTESIAN_POINT('',(1.72E1,-2.499064159393E0,-1.55E0));
#4024=LINE('',#4023,#4022);
#4025=DIRECTION('',(0.E0,0.E0,1.E0));
#4026=VECTOR('',#4025,1.E0);
#4027=CARTESIAN_POINT('',(1.8E1,-2.499064159393E0,-1.55E0));
#4028=LINE('',#4027,#4026);
#4029=DIRECTION('',(0.E0,-1.E0,0.E0));
#4030=VECTOR('',#4029,1.7E0);
#4031=CARTESIAN_POINT('',(1.8E1,-7.990641593933E-1,-1.55E0));
#4032=LINE('',#4031,#4030);
#4033=DIRECTION('',(1.E0,0.E0,0.E0));
#4034=VECTOR('',#4033,8.E-1);
#4035=CARTESIAN_POINT('',(1.72E1,-7.990641593933E-1,-1.55E0));
#4036=LINE('',#4035,#4034);
#4037=DIRECTION('',(0.E0,1.E0,0.E0));
#4038=VECTOR('',#4037,1.7E0);
#4039=CARTESIAN_POINT('',(1.72E1,-2.499064159393E0,-1.55E0));
#4040=LINE('',#4039,#4038);
#4041=DIRECTION('',(-1.E0,0.E0,0.E0));
#4042=VECTOR('',#4041,8.E-1);
#4043=CARTESIAN_POINT('',(1.8E1,-2.499064159393E0,-1.55E0));
#4044=LINE('',#4043,#4042);
#4045=DIRECTION('',(0.E0,0.E0,1.E0));
#4046=VECTOR('',#4045,1.E0);
#4047=CARTESIAN_POINT('',(1.59E1,2.E-1,-1.55E0));
#4048=LINE('',#4047,#4046);
#4049=DIRECTION('',(0.E0,0.E0,1.E0));
#4050=VECTOR('',#4049,1.E0);
#4051=CARTESIAN_POINT('',(1.42E1,2.E-1,-1.55E0));
#4052=LINE('',#4051,#4050);
#4053=DIRECTION('',(0.E0,0.E0,1.E0));
#4054=VECTOR('',#4053,1.E0);
#4055=CARTESIAN_POINT('',(1.42E1,-6.E-1,-1.55E0));
#4056=LINE('',#4055,#4054);
#4057=DIRECTION('',(0.E0,0.E0,1.E0));
#4058=VECTOR('',#4057,1.E0);
#4059=CARTESIAN_POINT('',(1.59E1,-6.E-1,-1.55E0));
#4060=LINE('',#4059,#4058);
#4061=DIRECTION('',(0.E0,-1.E0,0.E0));
#4062=VECTOR('',#4061,8.E-1);
#4063=CARTESIAN_POINT('',(1.59E1,2.E-1,-1.55E0));
#4064=LINE('',#4063,#4062);
#4065=DIRECTION('',(1.E0,0.E0,0.E0));
#4066=VECTOR('',#4065,1.7E0);
#4067=CARTESIAN_POINT('',(1.42E1,2.E-1,-1.55E0));
#4068=LINE('',#4067,#4066);
#4069=DIRECTION('',(0.E0,1.E0,0.E0));
#4070=VECTOR('',#4069,8.E-1);
#4071=CARTESIAN_POINT('',(1.42E1,-6.E-1,-1.55E0));
#4072=LINE('',#4071,#4070);
#4073=DIRECTION('',(-1.E0,0.E0,0.E0));
#4074=VECTOR('',#4073,1.7E0);
#4075=CARTESIAN_POINT('',(1.59E1,-6.E-1,-1.55E0));
#4076=LINE('',#4075,#4074);
#4077=DIRECTION('',(0.E0,0.E0,1.E0));
#4078=VECTOR('',#4077,1.E0);
#4079=CARTESIAN_POINT('',(1.92E1,1.2E0,-1.55E0));
#4080=LINE('',#4079,#4078);
#4081=DIRECTION('',(0.E0,0.E0,1.E0));
#4082=VECTOR('',#4081,1.E0);
#4083=CARTESIAN_POINT('',(1.75E1,1.2E0,-1.55E0));
#4084=LINE('',#4083,#4082);
#4085=DIRECTION('',(0.E0,0.E0,1.E0));
#4086=VECTOR('',#4085,1.E0);
#4087=CARTESIAN_POINT('',(1.75E1,4.E-1,-1.55E0));
#4088=LINE('',#4087,#4086);
#4089=DIRECTION('',(0.E0,0.E0,1.E0));
#4090=VECTOR('',#4089,1.E0);
#4091=CARTESIAN_POINT('',(1.92E1,4.E-1,-1.55E0));
#4092=LINE('',#4091,#4090);
#4093=DIRECTION('',(0.E0,-1.E0,0.E0));
#4094=VECTOR('',#4093,8.E-1);
#4095=CARTESIAN_POINT('',(1.92E1,1.2E0,-1.55E0));
#4096=LINE('',#4095,#4094);
#4097=DIRECTION('',(1.E0,0.E0,0.E0));
#4098=VECTOR('',#4097,1.7E0);
#4099=CARTESIAN_POINT('',(1.75E1,1.2E0,-1.55E0));
#4100=LINE('',#4099,#4098);
#4101=DIRECTION('',(0.E0,1.E0,0.E0));
#4102=VECTOR('',#4101,8.E-1);
#4103=CARTESIAN_POINT('',(1.75E1,4.E-1,-1.55E0));
#4104=LINE('',#4103,#4102);
#4105=DIRECTION('',(-1.E0,0.E0,0.E0));
#4106=VECTOR('',#4105,1.7E0);
#4107=CARTESIAN_POINT('',(1.92E1,4.E-1,-1.55E0));
#4108=LINE('',#4107,#4106);
#4109=DIRECTION('',(0.E0,-1.E0,0.E0));
#4110=VECTOR('',#4109,1.7E0);
#4111=CARTESIAN_POINT('',(2.18E1,1.35E0,-1.55E0));
#4112=LINE('',#4111,#4110);
#4113=DIRECTION('',(1.E0,0.E0,0.E0));
#4114=VECTOR('',#4113,8.E-1);
#4115=CARTESIAN_POINT('',(2.1E1,1.35E0,-1.55E0));
#4116=LINE('',#4115,#4114);
#4117=DIRECTION('',(0.E0,1.E0,0.E0));
#4118=VECTOR('',#4117,1.7E0);
#4119=CARTESIAN_POINT('',(2.1E1,-3.5E-1,-1.55E0));
#4120=LINE('',#4119,#4118);
#4121=DIRECTION('',(-1.E0,0.E0,0.E0));
#4122=VECTOR('',#4121,8.E-1);
#4123=CARTESIAN_POINT('',(2.18E1,-3.5E-1,-1.55E0));
#4124=LINE('',#4123,#4122);
#4125=DIRECTION('',(0.E0,0.E0,1.E0));
#4126=VECTOR('',#4125,1.E0);
#4127=CARTESIAN_POINT('',(2.18E1,1.35E0,-1.55E0));
#4128=LINE('',#4127,#4126);
#4129=DIRECTION('',(0.E0,0.E0,1.E0));
#4130=VECTOR('',#4129,1.E0);
#4131=CARTESIAN_POINT('',(2.1E1,1.35E0,-1.55E0));
#4132=LINE('',#4131,#4130);
#4133=DIRECTION('',(0.E0,0.E0,1.E0));
#4134=VECTOR('',#4133,1.E0);
#4135=CARTESIAN_POINT('',(2.1E1,-3.5E-1,-1.55E0));
#4136=LINE('',#4135,#4134);
#4137=DIRECTION('',(0.E0,0.E0,1.E0));
#4138=VECTOR('',#4137,1.E0);
#4139=CARTESIAN_POINT('',(2.18E1,-3.5E-1,-1.55E0));
#4140=LINE('',#4139,#4138);
#4141=DIRECTION('',(0.E0,0.E0,1.E0));
#4142=VECTOR('',#4141,1.E0);
#4143=CARTESIAN_POINT('',(1.52E1,2.3E0,-1.55E0));
#4144=LINE('',#4143,#4142);
#4145=DIRECTION('',(0.E0,0.E0,1.E0));
#4146=VECTOR('',#4145,1.E0);
#4147=CARTESIAN_POINT('',(1.35E1,2.3E0,-1.55E0));
#4148=LINE('',#4147,#4146);
#4149=DIRECTION('',(0.E0,0.E0,1.E0));
#4150=VECTOR('',#4149,1.E0);
#4151=CARTESIAN_POINT('',(1.35E1,1.5E0,-1.55E0));
#4152=LINE('',#4151,#4150);
#4153=DIRECTION('',(0.E0,0.E0,1.E0));
#4154=VECTOR('',#4153,1.E0);
#4155=CARTESIAN_POINT('',(1.52E1,1.5E0,-1.55E0));
#4156=LINE('',#4155,#4154);
#4157=DIRECTION('',(0.E0,-1.E0,0.E0));
#4158=VECTOR('',#4157,8.E-1);
#4159=CARTESIAN_POINT('',(1.52E1,2.3E0,-1.55E0));
#4160=LINE('',#4159,#4158);
#4161=DIRECTION('',(1.E0,0.E0,0.E0));
#4162=VECTOR('',#4161,1.7E0);
#4163=CARTESIAN_POINT('',(1.35E1,2.3E0,-1.55E0));
#4164=LINE('',#4163,#4162);
#4165=DIRECTION('',(0.E0,1.E0,0.E0));
#4166=VECTOR('',#4165,8.E-1);
#4167=CARTESIAN_POINT('',(1.35E1,1.5E0,-1.55E0));
#4168=LINE('',#4167,#4166);
#4169=DIRECTION('',(-1.E0,0.E0,0.E0));
#4170=VECTOR('',#4169,1.7E0);
#4171=CARTESIAN_POINT('',(1.52E1,1.5E0,-1.55E0));
#4172=LINE('',#4171,#4170);
#4173=DIRECTION('',(0.E0,-1.E0,0.E0));
#4174=VECTOR('',#4173,8.E-1);
#4175=CARTESIAN_POINT('',(1.52E1,4.1E0,-1.55E0));
#4176=LINE('',#4175,#4174);
#4177=DIRECTION('',(1.E0,0.E0,0.E0));
#4178=VECTOR('',#4177,1.7E0);
#4179=CARTESIAN_POINT('',(1.35E1,4.1E0,-1.55E0));
#4180=LINE('',#4179,#4178);
#4181=DIRECTION('',(0.E0,1.E0,0.E0));
#4182=VECTOR('',#4181,8.E-1);
#4183=CARTESIAN_POINT('',(1.35E1,3.3E0,-1.55E0));
#4184=LINE('',#4183,#4182);
#4185=DIRECTION('',(-1.E0,0.E0,0.E0));
#4186=VECTOR('',#4185,1.7E0);
#4187=CARTESIAN_POINT('',(1.52E1,3.3E0,-1.55E0));
#4188=LINE('',#4187,#4186);
#4189=DIRECTION('',(0.E0,-1.E0,0.E0));
#4190=VECTOR('',#4189,1.3E0);
#4191=CARTESIAN_POINT('',(1.43E1,8.7E0,-1.55E0));
#4192=LINE('',#4191,#4190);
#4193=DIRECTION('',(1.E0,0.E0,0.E0));
#4194=VECTOR('',#4193,2.E0);
#4195=CARTESIAN_POINT('',(1.23E1,8.7E0,-1.55E0));
#4196=LINE('',#4195,#4194);
#4197=DIRECTION('',(0.E0,1.E0,0.E0));
#4198=VECTOR('',#4197,1.3E0);
#4199=CARTESIAN_POINT('',(1.23E1,7.4E0,-1.55E0));
#4200=LINE('',#4199,#4198);
#4201=DIRECTION('',(-1.E0,0.E0,0.E0));
#4202=VECTOR('',#4201,2.E0);
#4203=CARTESIAN_POINT('',(1.43E1,7.4E0,-1.55E0));
#4204=LINE('',#4203,#4202);
#4205=DIRECTION('',(0.E0,0.E0,1.E0));
#4206=VECTOR('',#4205,1.E0);
#4207=CARTESIAN_POINT('',(1.52E1,4.1E0,-1.55E0));
#4208=LINE('',#4207,#4206);
#4209=DIRECTION('',(0.E0,0.E0,1.E0));
#4210=VECTOR('',#4209,1.E0);
#4211=CARTESIAN_POINT('',(1.35E1,4.1E0,-1.55E0));
#4212=LINE('',#4211,#4210);
#4213=DIRECTION('',(0.E0,0.E0,1.E0));
#4214=VECTOR('',#4213,1.E0);
#4215=CARTESIAN_POINT('',(1.35E1,3.3E0,-1.55E0));
#4216=LINE('',#4215,#4214);
#4217=DIRECTION('',(0.E0,0.E0,1.E0));
#4218=VECTOR('',#4217,1.E0);
#4219=CARTESIAN_POINT('',(1.52E1,3.3E0,-1.55E0));
#4220=LINE('',#4219,#4218);
#4221=DIRECTION('',(0.E0,0.E0,1.E0));
#4222=VECTOR('',#4221,1.E0);
#4223=CARTESIAN_POINT('',(1.43E1,8.7E0,-1.55E0));
#4224=LINE('',#4223,#4222);
#4225=DIRECTION('',(0.E0,0.E0,1.E0));
#4226=VECTOR('',#4225,1.E0);
#4227=CARTESIAN_POINT('',(1.23E1,8.7E0,-1.55E0));
#4228=LINE('',#4227,#4226);
#4229=DIRECTION('',(0.E0,0.E0,1.E0));
#4230=VECTOR('',#4229,1.E0);
#4231=CARTESIAN_POINT('',(1.23E1,7.4E0,-1.55E0));
#4232=LINE('',#4231,#4230);
#4233=DIRECTION('',(0.E0,0.E0,1.E0));
#4234=VECTOR('',#4233,1.E0);
#4235=CARTESIAN_POINT('',(1.43E1,7.4E0,-1.55E0));
#4236=LINE('',#4235,#4234);
#4237=DIRECTION('',(0.E0,0.E0,1.E0));
#4238=VECTOR('',#4237,1.E0);
#4239=CARTESIAN_POINT('',(1.88E1,8.4E0,-1.55E0));
#4240=LINE('',#4239,#4238);
#4241=DIRECTION('',(0.E0,0.E0,1.E0));
#4242=VECTOR('',#4241,1.E0);
#4243=CARTESIAN_POINT('',(1.71E1,8.4E0,-1.55E0));
#4244=LINE('',#4243,#4242);
#4245=DIRECTION('',(0.E0,0.E0,1.E0));
#4246=VECTOR('',#4245,1.E0);
#4247=CARTESIAN_POINT('',(1.71E1,7.6E0,-1.55E0));
#4248=LINE('',#4247,#4246);
#4249=DIRECTION('',(0.E0,0.E0,1.E0));
#4250=VECTOR('',#4249,1.E0);
#4251=CARTESIAN_POINT('',(1.88E1,7.6E0,-1.55E0));
#4252=LINE('',#4251,#4250);
#4253=DIRECTION('',(0.E0,-1.E0,0.E0));
#4254=VECTOR('',#4253,8.E-1);
#4255=CARTESIAN_POINT('',(1.88E1,8.4E0,-1.55E0));
#4256=LINE('',#4255,#4254);
#4257=DIRECTION('',(1.E0,0.E0,0.E0));
#4258=VECTOR('',#4257,1.7E0);
#4259=CARTESIAN_POINT('',(1.71E1,8.4E0,-1.55E0));
#4260=LINE('',#4259,#4258);
#4261=DIRECTION('',(0.E0,1.E0,0.E0));
#4262=VECTOR('',#4261,8.E-1);
#4263=CARTESIAN_POINT('',(1.71E1,7.6E0,-1.55E0));
#4264=LINE('',#4263,#4262);
#4265=DIRECTION('',(-1.E0,0.E0,0.E0));
#4266=VECTOR('',#4265,1.7E0);
#4267=CARTESIAN_POINT('',(1.88E1,7.6E0,-1.55E0));
#4268=LINE('',#4267,#4266);
#4269=DIRECTION('',(0.E0,0.E0,-1.E0));
#4270=VECTOR('',#4269,1.E0);
#4271=CARTESIAN_POINT('',(1.96E1,5.1E0,-5.5E-1));
#4272=LINE('',#4271,#4270);
#4273=DIRECTION('',(0.E0,0.E0,-1.E0));
#4274=VECTOR('',#4273,1.E0);
#4275=CARTESIAN_POINT('',(1.67E1,5.1E0,-5.5E-1));
#4276=LINE('',#4275,#4274);
#4277=DIRECTION('',(0.E0,0.E0,-1.E0));
#4278=VECTOR('',#4277,1.E0);
#4279=CARTESIAN_POINT('',(1.67E1,3.2E0,-5.5E-1));
#4280=LINE('',#4279,#4278);
#4281=DIRECTION('',(0.E0,0.E0,-1.E0));
#4282=VECTOR('',#4281,1.E0);
#4283=CARTESIAN_POINT('',(1.96E1,3.2E0,-5.5E-1));
#4284=LINE('',#4283,#4282);
#4285=DIRECTION('',(0.E0,-1.E0,0.E0));
#4286=VECTOR('',#4285,1.9E0);
#4287=CARTESIAN_POINT('',(1.96E1,5.1E0,-1.55E0));
#4288=LINE('',#4287,#4286);
#4289=DIRECTION('',(1.E0,0.E0,0.E0));
#4290=VECTOR('',#4289,2.9E0);
#4291=CARTESIAN_POINT('',(1.67E1,5.1E0,-1.55E0));
#4292=LINE('',#4291,#4290);
#4293=DIRECTION('',(0.E0,1.E0,0.E0));
#4294=VECTOR('',#4293,1.9E0);
#4295=CARTESIAN_POINT('',(1.67E1,3.2E0,-1.55E0));
#4296=LINE('',#4295,#4294);
#4297=DIRECTION('',(-1.E0,0.E0,0.E0));
#4298=VECTOR('',#4297,2.9E0);
#4299=CARTESIAN_POINT('',(1.96E1,3.2E0,-1.55E0));
#4300=LINE('',#4299,#4298);
#4301=DIRECTION('',(0.E0,0.E0,1.E0));
#4302=VECTOR('',#4301,1.E0);
#4303=CARTESIAN_POINT('',(2.28E1,5.8E0,-1.55E0));
#4304=LINE('',#4303,#4302);
#4305=DIRECTION('',(0.E0,0.E0,1.E0));
#4306=VECTOR('',#4305,1.E0);
#4307=CARTESIAN_POINT('',(2.11E1,5.8E0,-1.55E0));
#4308=LINE('',#4307,#4306);
#4309=DIRECTION('',(0.E0,0.E0,1.E0));
#4310=VECTOR('',#4309,1.E0);
#4311=CARTESIAN_POINT('',(2.11E1,5.E0,-1.55E0));
#4312=LINE('',#4311,#4310);
#4313=DIRECTION('',(0.E0,0.E0,1.E0));
#4314=VECTOR('',#4313,1.E0);
#4315=CARTESIAN_POINT('',(2.28E1,5.E0,-1.55E0));
#4316=LINE('',#4315,#4314);
#4317=DIRECTION('',(0.E0,-1.E0,0.E0));
#4318=VECTOR('',#4317,8.E-1);
#4319=CARTESIAN_POINT('',(2.28E1,5.8E0,-1.55E0));
#4320=LINE('',#4319,#4318);
#4321=DIRECTION('',(1.E0,0.E0,0.E0));
#4322=VECTOR('',#4321,1.7E0);
#4323=CARTESIAN_POINT('',(2.11E1,5.8E0,-1.55E0));
#4324=LINE('',#4323,#4322);
#4325=DIRECTION('',(0.E0,1.E0,0.E0));
#4326=VECTOR('',#4325,8.E-1);
#4327=CARTESIAN_POINT('',(2.11E1,5.E0,-1.55E0));
#4328=LINE('',#4327,#4326);
#4329=DIRECTION('',(-1.E0,0.E0,0.E0));
#4330=VECTOR('',#4329,1.7E0);
#4331=CARTESIAN_POINT('',(2.28E1,5.E0,-1.55E0));
#4332=LINE('',#4331,#4330);
#4333=DIRECTION('',(0.E0,-1.E0,0.E0));
#4334=VECTOR('',#4333,8.E-1);
#4335=CARTESIAN_POINT('',(2.24E1,8.7E0,-1.55E0));
#4336=LINE('',#4335,#4334);
#4337=DIRECTION('',(1.E0,0.E0,0.E0));
#4338=VECTOR('',#4337,1.7E0);
#4339=CARTESIAN_POINT('',(2.07E1,8.7E0,-1.55E0));
#4340=LINE('',#4339,#4338);
#4341=DIRECTION('',(0.E0,1.E0,0.E0));
#4342=VECTOR('',#4341,8.E-1);
#4343=CARTESIAN_POINT('',(2.07E1,7.9E0,-1.55E0));
#4344=LINE('',#4343,#4342);
#4345=DIRECTION('',(-1.E0,0.E0,0.E0));
#4346=VECTOR('',#4345,1.7E0);
#4347=CARTESIAN_POINT('',(2.24E1,7.9E0,-1.55E0));
#4348=LINE('',#4347,#4346);
#4349=DIRECTION('',(0.E0,-1.E0,0.E0));
#4350=VECTOR('',#4349,8.E-1);
#4351=CARTESIAN_POINT('',(2.19E1,1.065506282758E1,-1.55E0));
#4352=LINE('',#4351,#4350);
#4353=DIRECTION('',(1.E0,0.E0,0.E0));
#4354=VECTOR('',#4353,1.7E0);
#4355=CARTESIAN_POINT('',(2.02E1,1.065506282758E1,-1.55E0));
#4356=LINE('',#4355,#4354);
#4357=DIRECTION('',(0.E0,1.E0,0.E0));
#4358=VECTOR('',#4357,8.E-1);
#4359=CARTESIAN_POINT('',(2.02E1,9.855062827580E0,-1.55E0));
#4360=LINE('',#4359,#4358);
#4361=DIRECTION('',(-1.E0,0.E0,0.E0));
#4362=VECTOR('',#4361,1.7E0);
#4363=CARTESIAN_POINT('',(2.19E1,9.855062827580E0,-1.55E0));
#4364=LINE('',#4363,#4362);
#4365=DIRECTION('',(0.E0,0.E0,1.E0));
#4366=VECTOR('',#4365,1.E0);
#4367=CARTESIAN_POINT('',(2.24E1,8.7E0,-1.55E0));
#4368=LINE('',#4367,#4366);
#4369=DIRECTION('',(0.E0,0.E0,1.E0));
#4370=VECTOR('',#4369,1.E0);
#4371=CARTESIAN_POINT('',(2.07E1,8.7E0,-1.55E0));
#4372=LINE('',#4371,#4370);
#4373=DIRECTION('',(0.E0,0.E0,1.E0));
#4374=VECTOR('',#4373,1.E0);
#4375=CARTESIAN_POINT('',(2.07E1,7.9E0,-1.55E0));
#4376=LINE('',#4375,#4374);
#4377=DIRECTION('',(0.E0,0.E0,1.E0));
#4378=VECTOR('',#4377,1.E0);
#4379=CARTESIAN_POINT('',(2.24E1,7.9E0,-1.55E0));
#4380=LINE('',#4379,#4378);
#4381=DIRECTION('',(0.E0,0.E0,1.E0));
#4382=VECTOR('',#4381,1.E0);
#4383=CARTESIAN_POINT('',(2.19E1,1.065506282758E1,-1.55E0));
#4384=LINE('',#4383,#4382);
#4385=DIRECTION('',(0.E0,0.E0,1.E0));
#4386=VECTOR('',#4385,1.E0);
#4387=CARTESIAN_POINT('',(2.02E1,1.065506282758E1,-1.55E0));
#4388=LINE('',#4387,#4386);
#4389=DIRECTION('',(0.E0,0.E0,1.E0));
#4390=VECTOR('',#4389,1.E0);
#4391=CARTESIAN_POINT('',(2.02E1,9.855062827580E0,-1.55E0));
#4392=LINE('',#4391,#4390);
#4393=DIRECTION('',(0.E0,0.E0,1.E0));
#4394=VECTOR('',#4393,1.E0);
#4395=CARTESIAN_POINT('',(2.19E1,9.855062827580E0,-1.55E0));
#4396=LINE('',#4395,#4394);
#4397=DIRECTION('',(0.E0,0.E0,1.E0));
#4398=VECTOR('',#4397,1.E0);
#4399=CARTESIAN_POINT('',(4.02E1,9.E0,-1.55E0));
#4400=LINE('',#4399,#4398);
#4401=DIRECTION('',(0.E0,0.E0,1.E0));
#4402=VECTOR('',#4401,1.E0);
#4403=CARTESIAN_POINT('',(3.85E1,9.E0,-1.55E0));
#4404=LINE('',#4403,#4402);
#4405=DIRECTION('',(0.E0,0.E0,1.E0));
#4406=VECTOR('',#4405,1.E0);
#4407=CARTESIAN_POINT('',(3.85E1,8.2E0,-1.55E0));
#4408=LINE('',#4407,#4406);
#4409=DIRECTION('',(0.E0,0.E0,1.E0));
#4410=VECTOR('',#4409,1.E0);
#4411=CARTESIAN_POINT('',(4.02E1,8.2E0,-1.55E0));
#4412=LINE('',#4411,#4410);
#4413=DIRECTION('',(0.E0,-1.E0,0.E0));
#4414=VECTOR('',#4413,8.E-1);
#4415=CARTESIAN_POINT('',(4.02E1,9.E0,-1.55E0));
#4416=LINE('',#4415,#4414);
#4417=DIRECTION('',(1.E0,0.E0,0.E0));
#4418=VECTOR('',#4417,1.7E0);
#4419=CARTESIAN_POINT('',(3.85E1,9.E0,-1.55E0));
#4420=LINE('',#4419,#4418);
#4421=DIRECTION('',(0.E0,1.E0,0.E0));
#4422=VECTOR('',#4421,8.E-1);
#4423=CARTESIAN_POINT('',(3.85E1,8.2E0,-1.55E0));
#4424=LINE('',#4423,#4422);
#4425=DIRECTION('',(-1.E0,0.E0,0.E0));
#4426=VECTOR('',#4425,1.7E0);
#4427=CARTESIAN_POINT('',(4.02E1,8.2E0,-1.55E0));
#4428=LINE('',#4427,#4426);
#4429=DIRECTION('',(0.E0,-1.E0,0.E0));
#4430=VECTOR('',#4429,8.E-1);
#4431=CARTESIAN_POINT('',(4.02E1,7.2E0,-1.55E0));
#4432=LINE('',#4431,#4430);
#4433=DIRECTION('',(1.E0,0.E0,0.E0));
#4434=VECTOR('',#4433,1.7E0);
#4435=CARTESIAN_POINT('',(3.85E1,7.2E0,-1.55E0));
#4436=LINE('',#4435,#4434);
#4437=DIRECTION('',(0.E0,1.E0,0.E0));
#4438=VECTOR('',#4437,8.E-1);
#4439=CARTESIAN_POINT('',(3.85E1,6.4E0,-1.55E0));
#4440=LINE('',#4439,#4438);
#4441=DIRECTION('',(-1.E0,0.E0,0.E0));
#4442=VECTOR('',#4441,1.7E0);
#4443=CARTESIAN_POINT('',(4.02E1,6.4E0,-1.55E0));
#4444=LINE('',#4443,#4442);
#4445=DIRECTION('',(0.E0,0.E0,1.E0));
#4446=VECTOR('',#4445,1.E0);
#4447=CARTESIAN_POINT('',(4.02E1,7.2E0,-1.55E0));
#4448=LINE('',#4447,#4446);
#4449=DIRECTION('',(0.E0,0.E0,1.E0));
#4450=VECTOR('',#4449,1.E0);
#4451=CARTESIAN_POINT('',(3.85E1,7.2E0,-1.55E0));
#4452=LINE('',#4451,#4450);
#4453=DIRECTION('',(0.E0,0.E0,1.E0));
#4454=VECTOR('',#4453,1.E0);
#4455=CARTESIAN_POINT('',(3.85E1,6.4E0,-1.55E0));
#4456=LINE('',#4455,#4454);
#4457=DIRECTION('',(0.E0,0.E0,1.E0));
#4458=VECTOR('',#4457,1.E0);
#4459=CARTESIAN_POINT('',(4.02E1,6.4E0,-1.55E0));
#4460=LINE('',#4459,#4458);
#4461=DIRECTION('',(0.E0,0.E0,-1.E0));
#4462=VECTOR('',#4461,3.E-1);
#4463=CARTESIAN_POINT('',(4.02E1,1.E0,-5.5E-1));
#4464=LINE('',#4463,#4462);
#4465=DIRECTION('',(0.E0,0.E0,-1.E0));
#4466=VECTOR('',#4465,3.E-1);
#4467=CARTESIAN_POINT('',(3.85E1,1.E0,-5.5E-1));
#4468=LINE('',#4467,#4466);
#4469=DIRECTION('',(0.E0,0.E0,-1.E0));
#4470=VECTOR('',#4469,3.E-1);
#4471=CARTESIAN_POINT('',(3.85E1,2.E-1,-5.5E-1));
#4472=LINE('',#4471,#4470);
#4473=DIRECTION('',(0.E0,0.E0,-1.E0));
#4474=VECTOR('',#4473,3.E-1);
#4475=CARTESIAN_POINT('',(4.02E1,2.E-1,-5.5E-1));
#4476=LINE('',#4475,#4474);
#4477=DIRECTION('',(0.E0,-1.E0,0.E0));
#4478=VECTOR('',#4477,8.E-1);
#4479=CARTESIAN_POINT('',(4.02E1,1.E0,-8.5E-1));
#4480=LINE('',#4479,#4478);
#4481=DIRECTION('',(1.E0,0.E0,0.E0));
#4482=VECTOR('',#4481,1.7E0);
#4483=CARTESIAN_POINT('',(3.85E1,1.E0,-8.5E-1));
#4484=LINE('',#4483,#4482);
#4485=DIRECTION('',(0.E0,1.E0,0.E0));
#4486=VECTOR('',#4485,8.E-1);
#4487=CARTESIAN_POINT('',(3.85E1,2.E-1,-8.5E-1));
#4488=LINE('',#4487,#4486);
#4489=DIRECTION('',(-1.E0,0.E0,0.E0));
#4490=VECTOR('',#4489,1.7E0);
#4491=CARTESIAN_POINT('',(4.02E1,2.E-1,-8.5E-1));
#4492=LINE('',#4491,#4490);
#4493=DIRECTION('',(0.E0,-1.E0,0.E0));
#4494=VECTOR('',#4493,8.E-1);
#4495=CARTESIAN_POINT('',(4.02E1,-6.E-1,-8.5E-1));
#4496=LINE('',#4495,#4494);
#4497=DIRECTION('',(1.E0,0.E0,0.E0));
#4498=VECTOR('',#4497,1.7E0);
#4499=CARTESIAN_POINT('',(3.85E1,-6.E-1,-8.5E-1));
#4500=LINE('',#4499,#4498);
#4501=DIRECTION('',(0.E0,1.E0,0.E0));
#4502=VECTOR('',#4501,8.E-1);
#4503=CARTESIAN_POINT('',(3.85E1,-1.4E0,-8.5E-1));
#4504=LINE('',#4503,#4502);
#4505=DIRECTION('',(-1.E0,0.E0,0.E0));
#4506=VECTOR('',#4505,1.7E0);
#4507=CARTESIAN_POINT('',(4.02E1,-1.4E0,-8.5E-1));
#4508=LINE('',#4507,#4506);
#4509=DIRECTION('',(0.E0,0.E0,-1.E0));
#4510=VECTOR('',#4509,3.E-1);
#4511=CARTESIAN_POINT('',(4.02E1,-6.E-1,-5.5E-1));
#4512=LINE('',#4511,#4510);
#4513=DIRECTION('',(0.E0,0.E0,-1.E0));
#4514=VECTOR('',#4513,3.E-1);
#4515=CARTESIAN_POINT('',(3.85E1,-6.E-1,-5.5E-1));
#4516=LINE('',#4515,#4514);
#4517=DIRECTION('',(0.E0,0.E0,-1.E0));
#4518=VECTOR('',#4517,3.E-1);
#4519=CARTESIAN_POINT('',(3.85E1,-1.4E0,-5.5E-1));
#4520=LINE('',#4519,#4518);
#4521=DIRECTION('',(0.E0,0.E0,-1.E0));
#4522=VECTOR('',#4521,3.E-1);
#4523=CARTESIAN_POINT('',(4.02E1,-1.4E0,-5.5E-1));
#4524=LINE('',#4523,#4522);
#4525=DIRECTION('',(0.E0,0.E0,1.E0));
#4526=VECTOR('',#4525,1.E0);
#4527=CARTESIAN_POINT('',(3.98E1,-5.9E0,-1.55E0));
#4528=LINE('',#4527,#4526);
#4529=DIRECTION('',(0.E0,0.E0,1.E0));
#4530=VECTOR('',#4529,1.E0);
#4531=CARTESIAN_POINT('',(3.77E1,-5.9E0,-1.55E0));
#4532=LINE('',#4531,#4530);
#4533=DIRECTION('',(0.E0,0.E0,1.E0));
#4534=VECTOR('',#4533,1.E0);
#4535=CARTESIAN_POINT('',(3.77E1,-7.1E0,-1.55E0));
#4536=LINE('',#4535,#4534);
#4537=DIRECTION('',(0.E0,0.E0,1.E0));
#4538=VECTOR('',#4537,1.E0);
#4539=CARTESIAN_POINT('',(3.98E1,-7.1E0,-1.55E0));
#4540=LINE('',#4539,#4538);
#4541=DIRECTION('',(0.E0,-1.E0,0.E0));
#4542=VECTOR('',#4541,1.2E0);
#4543=CARTESIAN_POINT('',(3.98E1,-5.9E0,-1.55E0));
#4544=LINE('',#4543,#4542);
#4545=DIRECTION('',(1.E0,0.E0,0.E0));
#4546=VECTOR('',#4545,2.1E0);
#4547=CARTESIAN_POINT('',(3.77E1,-5.9E0,-1.55E0));
#4548=LINE('',#4547,#4546);
#4549=DIRECTION('',(0.E0,1.E0,0.E0));
#4550=VECTOR('',#4549,1.2E0);
#4551=CARTESIAN_POINT('',(3.77E1,-7.1E0,-1.55E0));
#4552=LINE('',#4551,#4550);
#4553=DIRECTION('',(-1.E0,0.E0,0.E0));
#4554=VECTOR('',#4553,2.1E0);
#4555=CARTESIAN_POINT('',(3.98E1,-7.1E0,-1.55E0));
#4556=LINE('',#4555,#4554);
#4557=CARTESIAN_POINT('',(-4.26E1,-1.2E1,-5.5E-1));
#4558=CARTESIAN_POINT('',(-4.26E1,1.2E1,-5.5E-1));
#4559=VERTEX_POINT('',#4557);
#4560=VERTEX_POINT('',#4558);
#4561=CARTESIAN_POINT('',(-4.26E1,-1.2E1,1.05E0));
#4562=CARTESIAN_POINT('',(-4.26E1,1.2E1,1.05E0));
#4563=VERTEX_POINT('',#4561);
#4564=VERTEX_POINT('',#4562);
#4565=CARTESIAN_POINT('',(-2.305E1,-3.65E0,-1.506015532089E1));
#4566=CARTESIAN_POINT('',(-3.705E1,-3.65E0,-1.506015532089E1));
#4567=VERTEX_POINT('',#4565);
#4568=VERTEX_POINT('',#4566);
#4569=CARTESIAN_POINT('',(-2.595518620692E1,-3.65E0,-1.506015532089E1));
#4570=CARTESIAN_POINT('',(-3.414481379308E1,-3.65E0,-1.506015532089E1));
#4571=VERTEX_POINT('',#4569);
#4572=VERTEX_POINT('',#4570);
#4573=CARTESIAN_POINT('',(-3.005E1,-3.65E0,-1.601015532089E1));
#4574=VERTEX_POINT('',#4573);
#4575=CARTESIAN_POINT('',(-2.305E1,-1.065E1,-5.5E-1));
#4576=CARTESIAN_POINT('',(-3.705E1,-1.065E1,-5.5E-1));
#4577=VERTEX_POINT('',#4575);
#4578=VERTEX_POINT('',#4576);
#4579=CARTESIAN_POINT('',(-3.705E1,3.35E0,-5.5E-1));
#4580=CARTESIAN_POINT('',(-2.305E1,3.35E0,-5.5E-1));
#4581=VERTEX_POINT('',#4579);
#4582=VERTEX_POINT('',#4580);
#4583=CARTESIAN_POINT('',(-2.305E1,-1.065E1,-4.060155320886E0));
#4584=CARTESIAN_POINT('',(-3.005E1,-1.065E1,-4.060155320886E0));
#4585=VERTEX_POINT('',#4583);
#4586=VERTEX_POINT('',#4584);
#4587=CARTESIAN_POINT('',(-3.705E1,-1.065E1,-4.060155320886E0));
#4588=VERTEX_POINT('',#4587);
#4589=CARTESIAN_POINT('',(-3.705E1,3.35E0,-4.060155320886E0));
#4590=CARTESIAN_POINT('',(-3.005E1,3.35E0,-4.060155320886E0));
#4591=VERTEX_POINT('',#4589);
#4592=VERTEX_POINT('',#4590);
#4593=CARTESIAN_POINT('',(-2.305E1,3.35E0,-4.060155320886E0));
#4594=VERTEX_POINT('',#4593);
#4595=CARTESIAN_POINT('',(-2.305E1,-5.8E0,-5.5E-1));
#4596=CARTESIAN_POINT('',(-2.305E1,-5.8E0,-4.060155320886E0));
#4597=VERTEX_POINT('',#4595);
#4598=VERTEX_POINT('',#4596);
#4599=CARTESIAN_POINT('',(-2.305E1,-1.5E0,-5.5E-1));
#4600=CARTESIAN_POINT('',(-2.305E1,-1.5E0,-4.060155320886E0));
#4601=VERTEX_POINT('',#4599);
#4602=VERTEX_POINT('',#4600);
#4603=CARTESIAN_POINT('',(-3.705E1,-5.8E0,-5.5E-1));
#4604=CARTESIAN_POINT('',(-3.705E1,-5.8E0,-4.060155320886E0));
#4605=VERTEX_POINT('',#4603);
#4606=VERTEX_POINT('',#4604);
#4607=CARTESIAN_POINT('',(-3.705E1,-1.5E0,-5.5E-1));
#4608=CARTESIAN_POINT('',(-3.705E1,-1.5E0,-4.060155320886E0));
#4609=VERTEX_POINT('',#4607);
#4610=VERTEX_POINT('',#4608);
#4611=CARTESIAN_POINT('',(-2.305E1,-3.65E0,-4.060155320886E0));
#4612=VERTEX_POINT('',#4611);
#4613=CARTESIAN_POINT('',(-3.705E1,-3.649999863428E0,-4.060155320886E0));
#4614=VERTEX_POINT('',#4613);
#4615=CARTESIAN_POINT('',(-3.88E1,-5.8E0,-4.060155320886E0));
#4616=CARTESIAN_POINT('',(-3.88E1,-5.8E0,-5.5E-1));
#4617=VERTEX_POINT('',#4615);
#4618=VERTEX_POINT('',#4616);
#4619=CARTESIAN_POINT('',(-3.88E1,-1.5E0,-4.060155320886E0));
#4620=VERTEX_POINT('',#4619);
#4621=CARTESIAN_POINT('',(-2.13E1,-5.8E0,-5.5E-1));
#4622=CARTESIAN_POINT('',(-2.13E1,-5.8E0,-4.060155320886E0));
#4623=VERTEX_POINT('',#4621);
#4624=VERTEX_POINT('',#4622);
#4625=CARTESIAN_POINT('',(-2.13E1,-1.5E0,-5.5E-1));
#4626=CARTESIAN_POINT('',(-2.13E1,-1.5E0,-4.060155320886E0));
#4627=VERTEX_POINT('',#4625);
#4628=VERTEX_POINT('',#4626);
#4629=CARTESIAN_POINT('',(-3.945E1,-9.95E0,-5.5E-1));
#4630=CARTESIAN_POINT('',(-4.175E1,-9.95E0,-5.5E-1));
#4631=VERTEX_POINT('',#4629);
#4632=VERTEX_POINT('',#4630);
#4633=CARTESIAN_POINT('',(-3.945E1,3.5E0,-5.5E-1));
#4634=CARTESIAN_POINT('',(-4.175E1,3.5E0,-5.5E-1));
#4635=VERTEX_POINT('',#4633);
#4636=VERTEX_POINT('',#4634);
#4637=CARTESIAN_POINT('',(-9.35E0,3.5E0,-5.5E-1));
#4638=CARTESIAN_POINT('',(-1.165E1,3.5E0,-5.5E-1));
#4639=VERTEX_POINT('',#4637);
#4640=VERTEX_POINT('',#4638);
#4641=CARTESIAN_POINT('',(-9.35E0,-9.95E0,-5.5E-1));
#4642=CARTESIAN_POINT('',(-1.165E1,-9.95E0,-5.5E-1));
#4643=VERTEX_POINT('',#4641);
#4644=VERTEX_POINT('',#4642);
#4645=CARTESIAN_POINT('',(-3.945E1,-9.95E0,1.05E0));
#4646=CARTESIAN_POINT('',(-4.175E1,-9.95E0,1.05E0));
#4647=VERTEX_POINT('',#4645);
#4648=VERTEX_POINT('',#4646);
#4649=CARTESIAN_POINT('',(-3.945E1,3.5E0,1.05E0));
#4650=CARTESIAN_POINT('',(-4.175E1,3.5E0,1.05E0));
#4651=VERTEX_POINT('',#4649);
#4652=VERTEX_POINT('',#4650);
#4653=CARTESIAN_POINT('',(-9.35E0,3.5E0,1.05E0));
#4654=CARTESIAN_POINT('',(-1.165E1,3.5E0,1.05E0));
#4655=VERTEX_POINT('',#4653);
#4656=VERTEX_POINT('',#4654);
#4657=CARTESIAN_POINT('',(-9.35E0,-9.95E0,1.05E0));
#4658=CARTESIAN_POINT('',(-1.165E1,-9.95E0,1.05E0));
#4659=VERTEX_POINT('',#4657);
#4660=VERTEX_POINT('',#4658);
#4661=CARTESIAN_POINT('',(-3.62E1,7.4E0,-2.45E0));
#4662=CARTESIAN_POINT('',(-3.62E1,1.17E1,-2.45E0));
#4663=VERTEX_POINT('',#4661);
#4664=VERTEX_POINT('',#4662);
#4665=CARTESIAN_POINT('',(-2.39E1,1.17E1,-2.45E0));
#4666=VERTEX_POINT('',#4665);
#4667=CARTESIAN_POINT('',(-2.39E1,7.4E0,-2.45E0));
#4668=VERTEX_POINT('',#4667);
#4669=CARTESIAN_POINT('',(-3.62E1,7.4E0,-5.5E-1));
#4670=CARTESIAN_POINT('',(-3.62E1,1.17E1,-5.5E-1));
#4671=VERTEX_POINT('',#4669);
#4672=VERTEX_POINT('',#4670);
#4673=CARTESIAN_POINT('',(-2.39E1,1.17E1,-5.5E-1));
#4674=VERTEX_POINT('',#4673);
#4675=CARTESIAN_POINT('',(-2.39E1,7.4E0,-5.5E-1));
#4676=VERTEX_POINT('',#4675);
#4677=CARTESIAN_POINT('',(4.26E1,-1.2E1,-5.5E-1));
#4678=CARTESIAN_POINT('',(4.26E1,1.2E1,-5.5E-1));
#4679=VERTEX_POINT('',#4677);
#4680=VERTEX_POINT('',#4678);
#4681=CARTESIAN_POINT('',(4.26E1,-1.2E1,1.05E0));
#4682=CARTESIAN_POINT('',(4.26E1,1.2E1,1.05E0));
#4683=VERTEX_POINT('',#4681);
#4684=VERTEX_POINT('',#4682);
#4685=CARTESIAN_POINT('',(2.305E1,-3.65E0,-1.506015532089E1));
#4686=CARTESIAN_POINT('',(3.705E1,-3.65E0,-1.506015532089E1));
#4687=VERTEX_POINT('',#4685);
#4688=VERTEX_POINT('',#4686);
#4689=CARTESIAN_POINT('',(2.595518620692E1,-3.65E0,-1.506015532089E1));
#4690=CARTESIAN_POINT('',(3.414481379308E1,-3.65E0,-1.506015532089E1));
#4691=VERTEX_POINT('',#4689);
#4692=VERTEX_POINT('',#4690);
#4693=CARTESIAN_POINT('',(3.005E1,-3.65E0,-1.601015532089E1));
#4694=VERTEX_POINT('',#4693);
#4695=CARTESIAN_POINT('',(2.305E1,-1.065E1,-5.5E-1));
#4696=CARTESIAN_POINT('',(3.705E1,-1.065E1,-5.5E-1));
#4697=VERTEX_POINT('',#4695);
#4698=VERTEX_POINT('',#4696);
#4699=CARTESIAN_POINT('',(3.705E1,3.35E0,-5.5E-1));
#4700=CARTESIAN_POINT('',(2.305E1,3.35E0,-5.5E-1));
#4701=VERTEX_POINT('',#4699);
#4702=VERTEX_POINT('',#4700);
#4703=CARTESIAN_POINT('',(2.305E1,-1.065E1,-4.060155320886E0));
#4704=CARTESIAN_POINT('',(3.005E1,-1.065E1,-4.060155320886E0));
#4705=VERTEX_POINT('',#4703);
#4706=VERTEX_POINT('',#4704);
#4707=CARTESIAN_POINT('',(3.705E1,-1.065E1,-4.060155320886E0));
#4708=VERTEX_POINT('',#4707);
#4709=CARTESIAN_POINT('',(3.705E1,3.35E0,-4.060155320886E0));
#4710=CARTESIAN_POINT('',(3.005E1,3.35E0,-4.060155320886E0));
#4711=VERTEX_POINT('',#4709);
#4712=VERTEX_POINT('',#4710);
#4713=CARTESIAN_POINT('',(2.305E1,3.35E0,-4.060155320886E0));
#4714=VERTEX_POINT('',#4713);
#4715=CARTESIAN_POINT('',(2.305E1,-5.8E0,-5.5E-1));
#4716=CARTESIAN_POINT('',(2.305E1,-5.8E0,-4.060155320886E0));
#4717=VERTEX_POINT('',#4715);
#4718=VERTEX_POINT('',#4716);
#4719=CARTESIAN_POINT('',(2.305E1,-1.5E0,-5.5E-1));
#4720=CARTESIAN_POINT('',(2.305E1,-1.5E0,-4.060155320886E0));
#4721=VERTEX_POINT('',#4719);
#4722=VERTEX_POINT('',#4720);
#4723=CARTESIAN_POINT('',(3.705E1,-5.8E0,-5.5E-1));
#4724=CARTESIAN_POINT('',(3.705E1,-5.8E0,-4.060155320886E0));
#4725=VERTEX_POINT('',#4723);
#4726=VERTEX_POINT('',#4724);
#4727=CARTESIAN_POINT('',(3.705E1,-1.5E0,-5.5E-1));
#4728=CARTESIAN_POINT('',(3.705E1,-1.5E0,-4.060155320886E0));
#4729=VERTEX_POINT('',#4727);
#4730=VERTEX_POINT('',#4728);
#4731=CARTESIAN_POINT('',(2.305E1,-3.65E0,-4.060155320886E0));
#4732=VERTEX_POINT('',#4731);
#4733=CARTESIAN_POINT('',(3.705E1,-3.649999863428E0,-4.060155320886E0));
#4734=VERTEX_POINT('',#4733);
#4735=CARTESIAN_POINT('',(3.88E1,-5.8E0,-4.060155320886E0));
#4736=CARTESIAN_POINT('',(3.88E1,-5.8E0,-5.5E-1));
#4737=VERTEX_POINT('',#4735);
#4738=VERTEX_POINT('',#4736);
#4739=CARTESIAN_POINT('',(3.88E1,-1.5E0,-4.060155320886E0));
#4740=VERTEX_POINT('',#4739);
#4741=CARTESIAN_POINT('',(3.88E1,-1.5E0,-5.5E-1));
#4742=VERTEX_POINT('',#4741);
#4743=CARTESIAN_POINT('',(2.13E1,-5.8E0,-5.5E-1));
#4744=CARTESIAN_POINT('',(2.13E1,-5.8E0,-4.060155320886E0));
#4745=VERTEX_POINT('',#4743);
#4746=VERTEX_POINT('',#4744);
#4747=CARTESIAN_POINT('',(2.13E1,-1.5E0,-5.5E-1));
#4748=CARTESIAN_POINT('',(2.13E1,-1.5E0,-4.060155320886E0));
#4749=VERTEX_POINT('',#4747);
#4750=VERTEX_POINT('',#4748);
#4751=CARTESIAN_POINT('',(3.945E1,-9.95E0,-5.5E-1));
#4752=CARTESIAN_POINT('',(4.175E1,-9.95E0,-5.5E-1));
#4753=VERTEX_POINT('',#4751);
#4754=VERTEX_POINT('',#4752);
#4755=CARTESIAN_POINT('',(3.945E1,3.5E0,-5.5E-1));
#4756=CARTESIAN_POINT('',(4.175E1,3.5E0,-5.5E-1));
#4757=VERTEX_POINT('',#4755);
#4758=VERTEX_POINT('',#4756);
#4759=CARTESIAN_POINT('',(9.35E0,3.5E0,-5.5E-1));
#4760=CARTESIAN_POINT('',(1.165E1,3.5E0,-5.5E-1));
#4761=VERTEX_POINT('',#4759);
#4762=VERTEX_POINT('',#4760);
#4763=CARTESIAN_POINT('',(9.35E0,-9.95E0,-5.5E-1));
#4764=CARTESIAN_POINT('',(1.165E1,-9.95E0,-5.5E-1));
#4765=VERTEX_POINT('',#4763);
#4766=VERTEX_POINT('',#4764);
#4767=CARTESIAN_POINT('',(3.945E1,-9.95E0,1.05E0));
#4768=CARTESIAN_POINT('',(4.175E1,-9.95E0,1.05E0));
#4769=VERTEX_POINT('',#4767);
#4770=VERTEX_POINT('',#4768);
#4771=CARTESIAN_POINT('',(3.945E1,3.5E0,1.05E0));
#4772=CARTESIAN_POINT('',(4.175E1,3.5E0,1.05E0));
#4773=VERTEX_POINT('',#4771);
#4774=VERTEX_POINT('',#4772);
#4775=CARTESIAN_POINT('',(9.35E0,3.5E0,1.05E0));
#4776=CARTESIAN_POINT('',(1.165E1,3.5E0,1.05E0));
#4777=VERTEX_POINT('',#4775);
#4778=VERTEX_POINT('',#4776);
#4779=CARTESIAN_POINT('',(9.35E0,-9.95E0,1.05E0));
#4780=CARTESIAN_POINT('',(1.165E1,-9.95E0,1.05E0));
#4781=VERTEX_POINT('',#4779);
#4782=VERTEX_POINT('',#4780);
#4783=CARTESIAN_POINT('',(3.62E1,7.4E0,-2.45E0));
#4784=CARTESIAN_POINT('',(3.62E1,1.17E1,-2.45E0));
#4785=VERTEX_POINT('',#4783);
#4786=VERTEX_POINT('',#4784);
#4787=CARTESIAN_POINT('',(2.39E1,1.17E1,-2.45E0));
#4788=VERTEX_POINT('',#4787);
#4789=CARTESIAN_POINT('',(2.39E1,7.4E0,-2.45E0));
#4790=VERTEX_POINT('',#4789);
#4791=CARTESIAN_POINT('',(3.62E1,7.4E0,-5.5E-1));
#4792=CARTESIAN_POINT('',(3.62E1,1.17E1,-5.5E-1));
#4793=VERTEX_POINT('',#4791);
#4794=VERTEX_POINT('',#4792);
#4795=CARTESIAN_POINT('',(2.39E1,1.17E1,-5.5E-1));
#4796=VERTEX_POINT('',#4795);
#4797=CARTESIAN_POINT('',(2.39E1,7.4E0,-5.5E-1));
#4798=VERTEX_POINT('',#4797);
#4799=CARTESIAN_POINT('',(-6.1E0,1.2E1,-6.15E0));
#4800=CARTESIAN_POINT('',(6.1E0,1.2E1,-6.15E0));
#4801=VERTEX_POINT('',#4799);
#4802=VERTEX_POINT('',#4800);
#4803=CARTESIAN_POINT('',(6.1E0,1.2E1,-5.5E-1));
#4804=VERTEX_POINT('',#4803);
#4805=CARTESIAN_POINT('',(-6.1E0,1.2E1,-5.5E-1));
#4806=VERTEX_POINT('',#4805);
#4807=CARTESIAN_POINT('',(-3.585E1,-3.65E0,-8.9E0));
#4808=CARTESIAN_POINT('',(-3.585E1,-3.65E0,-1.24E1));
#4809=VERTEX_POINT('',#4807);
#4810=VERTEX_POINT('',#4808);
#4811=CARTESIAN_POINT('',(-2.425E1,-3.65E0,-8.9E0));
#4812=CARTESIAN_POINT('',(-2.425E1,-3.65E0,-1.24E1));
#4813=VERTEX_POINT('',#4811);
#4814=VERTEX_POINT('',#4812);
#4815=CARTESIAN_POINT('',(-2.305E1,-3.65E0,-8.9E0));
#4816=CARTESIAN_POINT('',(-3.705E1,-3.65E0,-8.9E0));
#4817=VERTEX_POINT('',#4815);
#4818=VERTEX_POINT('',#4816);
#4819=CARTESIAN_POINT('',(-2.305E1,-3.65E0,-1.24E1));
#4820=CARTESIAN_POINT('',(-3.705E1,-3.65E0,-1.24E1));
#4821=VERTEX_POINT('',#4819);
#4822=VERTEX_POINT('',#4820);
#4823=CARTESIAN_POINT('',(3.585E1,-3.65E0,-8.9E0));
#4824=CARTESIAN_POINT('',(3.585E1,-3.65E0,-1.24E1));
#4825=VERTEX_POINT('',#4823);
#4826=VERTEX_POINT('',#4824);
#4827=CARTESIAN_POINT('',(2.425E1,-3.65E0,-8.9E0));
#4828=CARTESIAN_POINT('',(2.425E1,-3.65E0,-1.24E1));
#4829=VERTEX_POINT('',#4827);
#4830=VERTEX_POINT('',#4828);
#4831=CARTESIAN_POINT('',(2.305E1,-3.65E0,-8.9E0));
#4832=CARTESIAN_POINT('',(3.705E1,-3.65E0,-8.9E0));
#4833=VERTEX_POINT('',#4831);
#4834=VERTEX_POINT('',#4832);
#4835=CARTESIAN_POINT('',(2.305E1,-3.65E0,-1.24E1));
#4836=CARTESIAN_POINT('',(3.705E1,-3.65E0,-1.24E1));
#4837=VERTEX_POINT('',#4835);
#4838=VERTEX_POINT('',#4836);
#4839=CARTESIAN_POINT('',(-4.08E1,-1.5E0,-1.55E0));
#4840=CARTESIAN_POINT('',(-4.08E1,1.E0,-1.55E0));
#4841=VERTEX_POINT('',#4839);
#4842=VERTEX_POINT('',#4840);
#4843=CARTESIAN_POINT('',(-3.78E1,1.E0,-1.55E0));
#4844=VERTEX_POINT('',#4843);
#4845=CARTESIAN_POINT('',(-3.78E1,1.E0,-5.5E-1));
#4846=CARTESIAN_POINT('',(-3.78E1,-1.5E0,-5.5E-1));
#4847=VERTEX_POINT('',#4845);
#4848=VERTEX_POINT('',#4846);
#4849=CARTESIAN_POINT('',(-3.88E1,-1.5E0,-5.5E-1));
#4850=CARTESIAN_POINT('',(-4.08E1,-1.5E0,-5.5E-1));
#4851=VERTEX_POINT('',#4849);
#4852=VERTEX_POINT('',#4850);
#4853=CARTESIAN_POINT('',(-4.08E1,1.E0,-5.5E-1));
#4854=VERTEX_POINT('',#4853);
#4855=CARTESIAN_POINT('',(-3.88E1,-1.5E0,-1.55E0));
#4856=CARTESIAN_POINT('',(-3.78E1,-1.5E0,-1.55E0));
#4857=VERTEX_POINT('',#4855);
#4858=VERTEX_POINT('',#4856);
#4859=CARTESIAN_POINT('',(-3.89E1,1.04E1,-1.35E0));
#4860=CARTESIAN_POINT('',(-3.89E1,9.6E0,-1.35E0));
#4861=VERTEX_POINT('',#4859);
#4862=VERTEX_POINT('',#4860);
#4863=CARTESIAN_POINT('',(-4.06E1,9.6E0,-1.35E0));
#4864=VERTEX_POINT('',#4863);
#4865=CARTESIAN_POINT('',(-4.06E1,1.04E1,-1.35E0));
#4866=VERTEX_POINT('',#4865);
#4867=CARTESIAN_POINT('',(-3.89E1,8.6E0,-1.35E0));
#4868=CARTESIAN_POINT('',(-3.89E1,7.8E0,-1.35E0));
#4869=VERTEX_POINT('',#4867);
#4870=VERTEX_POINT('',#4868);
#4871=CARTESIAN_POINT('',(-4.06E1,7.8E0,-1.35E0));
#4872=VERTEX_POINT('',#4871);
#4873=CARTESIAN_POINT('',(-4.06E1,8.6E0,-1.35E0));
#4874=VERTEX_POINT('',#4873);
#4875=CARTESIAN_POINT('',(-3.89E1,6.8E0,-1.35E0));
#4876=CARTESIAN_POINT('',(-3.89E1,6.E0,-1.35E0));
#4877=VERTEX_POINT('',#4875);
#4878=VERTEX_POINT('',#4876);
#4879=CARTESIAN_POINT('',(-4.06E1,6.E0,-1.35E0));
#4880=VERTEX_POINT('',#4879);
#4881=CARTESIAN_POINT('',(-4.06E1,6.8E0,-1.35E0));
#4882=VERTEX_POINT('',#4881);
#4883=CARTESIAN_POINT('',(-3.89E1,1.04E1,-5.5E-1));
#4884=CARTESIAN_POINT('',(-3.89E1,9.6E0,-5.5E-1));
#4885=VERTEX_POINT('',#4883);
#4886=VERTEX_POINT('',#4884);
#4887=CARTESIAN_POINT('',(-4.06E1,9.6E0,-5.5E-1));
#4888=VERTEX_POINT('',#4887);
#4889=CARTESIAN_POINT('',(-4.06E1,1.04E1,-5.5E-1));
#4890=VERTEX_POINT('',#4889);
#4891=CARTESIAN_POINT('',(-3.89E1,8.6E0,-5.5E-1));
#4892=CARTESIAN_POINT('',(-3.89E1,7.8E0,-5.5E-1));
#4893=VERTEX_POINT('',#4891);
#4894=VERTEX_POINT('',#4892);
#4895=CARTESIAN_POINT('',(-4.06E1,7.8E0,-5.5E-1));
#4896=VERTEX_POINT('',#4895);
#4897=CARTESIAN_POINT('',(-4.06E1,8.6E0,-5.5E-1));
#4898=VERTEX_POINT('',#4897);
#4899=CARTESIAN_POINT('',(-3.89E1,6.8E0,-5.5E-1));
#4900=CARTESIAN_POINT('',(-3.89E1,6.E0,-5.5E-1));
#4901=VERTEX_POINT('',#4899);
#4902=VERTEX_POINT('',#4900);
#4903=CARTESIAN_POINT('',(-4.06E1,6.E0,-5.5E-1));
#4904=VERTEX_POINT('',#4903);
#4905=CARTESIAN_POINT('',(-4.06E1,6.8E0,-5.5E-1));
#4906=VERTEX_POINT('',#4905);
#4907=CARTESIAN_POINT('',(-3.75E1,-6.25E0,-1.35E0));
#4908=CARTESIAN_POINT('',(-3.75E1,-7.E0,-1.35E0));
#4909=VERTEX_POINT('',#4907);
#4910=VERTEX_POINT('',#4908);
#4911=CARTESIAN_POINT('',(-3.95E1,-7.E0,-1.35E0));
#4912=VERTEX_POINT('',#4911);
#4913=CARTESIAN_POINT('',(-3.95E1,-6.25E0,-1.35E0));
#4914=VERTEX_POINT('',#4913);
#4915=CARTESIAN_POINT('',(-3.75E1,-6.25E0,-5.5E-1));
#4916=CARTESIAN_POINT('',(-3.75E1,-7.E0,-5.5E-1));
#4917=VERTEX_POINT('',#4915);
#4918=VERTEX_POINT('',#4916);
#4919=CARTESIAN_POINT('',(-3.95E1,-7.E0,-5.5E-1));
#4920=VERTEX_POINT('',#4919);
#4921=CARTESIAN_POINT('',(-3.95E1,-6.25E0,-5.5E-1));
#4922=VERTEX_POINT('',#4921);
#4923=CARTESIAN_POINT('',(-2.01E1,0.E0,-1.35E0));
#4924=CARTESIAN_POINT('',(-2.01E1,-8.E-1,-1.35E0));
#4925=VERTEX_POINT('',#4923);
#4926=VERTEX_POINT('',#4924);
#4927=CARTESIAN_POINT('',(-2.18E1,-8.E-1,-1.35E0));
#4928=VERTEX_POINT('',#4927);
#4929=CARTESIAN_POINT('',(-2.18E1,0.E0,-1.35E0));
#4930=VERTEX_POINT('',#4929);
#4931=CARTESIAN_POINT('',(-2.01E1,1.8E0,-1.35E0));
#4932=CARTESIAN_POINT('',(-2.01E1,1.E0,-1.35E0));
#4933=VERTEX_POINT('',#4931);
#4934=VERTEX_POINT('',#4932);
#4935=CARTESIAN_POINT('',(-2.18E1,1.E0,-1.35E0));
#4936=VERTEX_POINT('',#4935);
#4937=CARTESIAN_POINT('',(-2.18E1,1.8E0,-1.35E0));
#4938=VERTEX_POINT('',#4937);
#4939=CARTESIAN_POINT('',(-2.01E1,3.6E0,-1.35E0));
#4940=CARTESIAN_POINT('',(-2.01E1,2.8E0,-1.35E0));
#4941=VERTEX_POINT('',#4939);
#4942=VERTEX_POINT('',#4940);
#4943=CARTESIAN_POINT('',(-2.18E1,2.8E0,-1.35E0));
#4944=VERTEX_POINT('',#4943);
#4945=CARTESIAN_POINT('',(-2.18E1,3.6E0,-1.35E0));
#4946=VERTEX_POINT('',#4945);
#4947=CARTESIAN_POINT('',(-2.01E1,5.5E0,-1.35E0));
#4948=CARTESIAN_POINT('',(-2.01E1,4.7E0,-1.35E0));
#4949=VERTEX_POINT('',#4947);
#4950=VERTEX_POINT('',#4948);
#4951=CARTESIAN_POINT('',(-2.18E1,4.7E0,-1.35E0));
#4952=VERTEX_POINT('',#4951);
#4953=CARTESIAN_POINT('',(-2.18E1,5.5E0,-1.35E0));
#4954=VERTEX_POINT('',#4953);
#4955=CARTESIAN_POINT('',(-2.01E1,7.5E0,-1.35E0));
#4956=CARTESIAN_POINT('',(-2.01E1,6.7E0,-1.35E0));
#4957=VERTEX_POINT('',#4955);
#4958=VERTEX_POINT('',#4956);
#4959=CARTESIAN_POINT('',(-2.18E1,6.7E0,-1.35E0));
#4960=VERTEX_POINT('',#4959);
#4961=CARTESIAN_POINT('',(-2.18E1,7.5E0,-1.35E0));
#4962=VERTEX_POINT('',#4961);
#4963=CARTESIAN_POINT('',(-2.01E1,0.E0,-5.5E-1));
#4964=CARTESIAN_POINT('',(-2.01E1,-8.E-1,-5.5E-1));
#4965=VERTEX_POINT('',#4963);
#4966=VERTEX_POINT('',#4964);
#4967=CARTESIAN_POINT('',(-2.18E1,-8.E-1,-5.5E-1));
#4968=VERTEX_POINT('',#4967);
#4969=CARTESIAN_POINT('',(-2.18E1,0.E0,-5.5E-1));
#4970=VERTEX_POINT('',#4969);
#4971=CARTESIAN_POINT('',(-2.01E1,1.8E0,-5.5E-1));
#4972=CARTESIAN_POINT('',(-2.01E1,1.E0,-5.5E-1));
#4973=VERTEX_POINT('',#4971);
#4974=VERTEX_POINT('',#4972);
#4975=CARTESIAN_POINT('',(-2.18E1,1.E0,-5.5E-1));
#4976=VERTEX_POINT('',#4975);
#4977=CARTESIAN_POINT('',(-2.18E1,1.8E0,-5.5E-1));
#4978=VERTEX_POINT('',#4977);
#4979=CARTESIAN_POINT('',(-2.01E1,3.6E0,-5.5E-1));
#4980=CARTESIAN_POINT('',(-2.01E1,2.8E0,-5.5E-1));
#4981=VERTEX_POINT('',#4979);
#4982=VERTEX_POINT('',#4980);
#4983=CARTESIAN_POINT('',(-2.18E1,2.8E0,-5.5E-1));
#4984=VERTEX_POINT('',#4983);
#4985=CARTESIAN_POINT('',(-2.18E1,3.6E0,-5.5E-1));
#4986=VERTEX_POINT('',#4985);
#4987=CARTESIAN_POINT('',(-2.01E1,5.5E0,-5.5E-1));
#4988=CARTESIAN_POINT('',(-2.01E1,4.7E0,-5.5E-1));
#4989=VERTEX_POINT('',#4987);
#4990=VERTEX_POINT('',#4988);
#4991=CARTESIAN_POINT('',(-2.18E1,4.7E0,-5.5E-1));
#4992=VERTEX_POINT('',#4991);
#4993=CARTESIAN_POINT('',(-2.18E1,5.5E0,-5.5E-1));
#4994=VERTEX_POINT('',#4993);
#4995=CARTESIAN_POINT('',(-2.01E1,7.5E0,-5.5E-1));
#4996=CARTESIAN_POINT('',(-2.01E1,6.7E0,-5.5E-1));
#4997=VERTEX_POINT('',#4995);
#4998=VERTEX_POINT('',#4996);
#4999=CARTESIAN_POINT('',(-2.18E1,6.7E0,-5.5E-1));
#5000=VERTEX_POINT('',#4999);
#5001=CARTESIAN_POINT('',(-2.18E1,7.5E0,-5.5E-1));
#5002=VERTEX_POINT('',#5001);
#5003=CARTESIAN_POINT('',(-2.01E1,-8.7E0,-1.35E0));
#5004=CARTESIAN_POINT('',(-2.01E1,-9.5E0,-1.35E0));
#5005=VERTEX_POINT('',#5003);
#5006=VERTEX_POINT('',#5004);
#5007=CARTESIAN_POINT('',(-2.18E1,-9.5E0,-1.35E0));
#5008=VERTEX_POINT('',#5007);
#5009=CARTESIAN_POINT('',(-2.18E1,-8.7E0,-1.35E0));
#5010=VERTEX_POINT('',#5009);
#5011=CARTESIAN_POINT('',(-2.01E1,-6.6E0,-1.35E0));
#5012=CARTESIAN_POINT('',(-2.01E1,-7.4E0,-1.35E0));
#5013=VERTEX_POINT('',#5011);
#5014=VERTEX_POINT('',#5012);
#5015=CARTESIAN_POINT('',(-2.18E1,-7.4E0,-1.35E0));
#5016=VERTEX_POINT('',#5015);
#5017=CARTESIAN_POINT('',(-2.18E1,-6.6E0,-1.35E0));
#5018=VERTEX_POINT('',#5017);
#5019=CARTESIAN_POINT('',(-2.01E1,-8.7E0,-5.5E-1));
#5020=CARTESIAN_POINT('',(-2.01E1,-9.5E0,-5.5E-1));
#5021=VERTEX_POINT('',#5019);
#5022=VERTEX_POINT('',#5020);
#5023=CARTESIAN_POINT('',(-2.18E1,-9.5E0,-5.5E-1));
#5024=VERTEX_POINT('',#5023);
#5025=CARTESIAN_POINT('',(-2.18E1,-8.7E0,-5.5E-1));
#5026=VERTEX_POINT('',#5025);
#5027=CARTESIAN_POINT('',(-2.01E1,-6.6E0,-5.5E-1));
#5028=CARTESIAN_POINT('',(-2.01E1,-7.4E0,-5.5E-1));
#5029=VERTEX_POINT('',#5027);
#5030=VERTEX_POINT('',#5028);
#5031=CARTESIAN_POINT('',(-2.18E1,-7.4E0,-5.5E-1));
#5032=VERTEX_POINT('',#5031);
#5033=CARTESIAN_POINT('',(-2.18E1,-6.6E0,-5.5E-1));
#5034=VERTEX_POINT('',#5033);
#5035=CARTESIAN_POINT('',(-1.57E1,9.1E0,-1.55E0));
#5036=CARTESIAN_POINT('',(-1.57E1,7.5E0,-1.55E0));
#5037=VERTEX_POINT('',#5035);
#5038=VERTEX_POINT('',#5036);
#5039=CARTESIAN_POINT('',(-1.87E1,7.5E0,-1.55E0));
#5040=VERTEX_POINT('',#5039);
#5041=CARTESIAN_POINT('',(-1.87E1,9.1E0,-1.55E0));
#5042=VERTEX_POINT('',#5041);
#5043=CARTESIAN_POINT('',(-1.57E1,3.4E0,-1.55E0));
#5044=CARTESIAN_POINT('',(-1.57E1,1.7E0,-1.55E0));
#5045=VERTEX_POINT('',#5043);
#5046=VERTEX_POINT('',#5044);
#5047=CARTESIAN_POINT('',(-1.87E1,1.7E0,-1.55E0));
#5048=VERTEX_POINT('',#5047);
#5049=CARTESIAN_POINT('',(-1.87E1,3.4E0,-1.55E0));
#5050=VERTEX_POINT('',#5049);
#5051=CARTESIAN_POINT('',(-1.57E1,9.1E0,-5.5E-1));
#5052=CARTESIAN_POINT('',(-1.57E1,7.5E0,-5.5E-1));
#5053=VERTEX_POINT('',#5051);
#5054=VERTEX_POINT('',#5052);
#5055=CARTESIAN_POINT('',(-1.87E1,7.5E0,-5.5E-1));
#5056=VERTEX_POINT('',#5055);
#5057=CARTESIAN_POINT('',(-1.87E1,9.1E0,-5.5E-1));
#5058=VERTEX_POINT('',#5057);
#5059=CARTESIAN_POINT('',(-1.57E1,3.4E0,-5.5E-1));
#5060=CARTESIAN_POINT('',(-1.57E1,1.7E0,-5.5E-1));
#5061=VERTEX_POINT('',#5059);
#5062=VERTEX_POINT('',#5060);
#5063=CARTESIAN_POINT('',(-1.87E1,1.7E0,-5.5E-1));
#5064=VERTEX_POINT('',#5063);
#5065=CARTESIAN_POINT('',(-1.87E1,3.4E0,-5.5E-1));
#5066=VERTEX_POINT('',#5065);
#5067=CARTESIAN_POINT('',(-1.635E1,-7.E-1,-1.55E0));
#5068=CARTESIAN_POINT('',(-1.635E1,-1.5E0,-1.55E0));
#5069=VERTEX_POINT('',#5067);
#5070=VERTEX_POINT('',#5068);
#5071=CARTESIAN_POINT('',(-1.805E1,-1.5E0,-1.55E0));
#5072=VERTEX_POINT('',#5071);
#5073=CARTESIAN_POINT('',(-1.805E1,-7.E-1,-1.55E0));
#5074=VERTEX_POINT('',#5073);
#5075=CARTESIAN_POINT('',(-1.635E1,-2.5E0,-1.55E0));
#5076=CARTESIAN_POINT('',(-1.635E1,-3.3E0,-1.55E0));
#5077=VERTEX_POINT('',#5075);
#5078=VERTEX_POINT('',#5076);
#5079=CARTESIAN_POINT('',(-1.805E1,-3.3E0,-1.55E0));
#5080=VERTEX_POINT('',#5079);
#5081=CARTESIAN_POINT('',(-1.805E1,-2.5E0,-1.55E0));
#5082=VERTEX_POINT('',#5081);
#5083=CARTESIAN_POINT('',(-1.635E1,-4.3E0,-1.55E0));
#5084=CARTESIAN_POINT('',(-1.635E1,-5.1E0,-1.55E0));
#5085=VERTEX_POINT('',#5083);
#5086=VERTEX_POINT('',#5084);
#5087=CARTESIAN_POINT('',(-1.805E1,-5.1E0,-1.55E0));
#5088=VERTEX_POINT('',#5087);
#5089=CARTESIAN_POINT('',(-1.805E1,-4.3E0,-1.55E0));
#5090=VERTEX_POINT('',#5089);
#5091=CARTESIAN_POINT('',(-1.635E1,-6.1E0,-1.55E0));
#5092=CARTESIAN_POINT('',(-1.635E1,-6.9E0,-1.55E0));
#5093=VERTEX_POINT('',#5091);
#5094=VERTEX_POINT('',#5092);
#5095=CARTESIAN_POINT('',(-1.805E1,-6.9E0,-1.55E0));
#5096=VERTEX_POINT('',#5095);
#5097=CARTESIAN_POINT('',(-1.805E1,-6.1E0,-1.55E0));
#5098=VERTEX_POINT('',#5097);
#5099=CARTESIAN_POINT('',(-1.635E1,-7.9E0,-1.55E0));
#5100=CARTESIAN_POINT('',(-1.635E1,-8.7E0,-1.55E0));
#5101=VERTEX_POINT('',#5099);
#5102=VERTEX_POINT('',#5100);
#5103=CARTESIAN_POINT('',(-1.805E1,-8.7E0,-1.55E0));
#5104=VERTEX_POINT('',#5103);
#5105=CARTESIAN_POINT('',(-1.805E1,-7.9E0,-1.55E0));
#5106=VERTEX_POINT('',#5105);
#5107=CARTESIAN_POINT('',(-1.635E1,-9.7E0,-1.55E0));
#5108=CARTESIAN_POINT('',(-1.635E1,-1.05E1,-1.55E0));
#5109=VERTEX_POINT('',#5107);
#5110=VERTEX_POINT('',#5108);
#5111=CARTESIAN_POINT('',(-1.805E1,-1.05E1,-1.55E0));
#5112=VERTEX_POINT('',#5111);
#5113=CARTESIAN_POINT('',(-1.805E1,-9.7E0,-1.55E0));
#5114=VERTEX_POINT('',#5113);
#5115=CARTESIAN_POINT('',(-1.635E1,-7.E-1,-5.5E-1));
#5116=CARTESIAN_POINT('',(-1.635E1,-1.5E0,-5.5E-1));
#5117=VERTEX_POINT('',#5115);
#5118=VERTEX_POINT('',#5116);
#5119=CARTESIAN_POINT('',(-1.805E1,-1.5E0,-5.5E-1));
#5120=VERTEX_POINT('',#5119);
#5121=CARTESIAN_POINT('',(-1.805E1,-7.E-1,-5.5E-1));
#5122=VERTEX_POINT('',#5121);
#5123=CARTESIAN_POINT('',(-1.635E1,-2.5E0,-5.5E-1));
#5124=CARTESIAN_POINT('',(-1.635E1,-3.3E0,-5.5E-1));
#5125=VERTEX_POINT('',#5123);
#5126=VERTEX_POINT('',#5124);
#5127=CARTESIAN_POINT('',(-1.805E1,-3.3E0,-5.5E-1));
#5128=VERTEX_POINT('',#5127);
#5129=CARTESIAN_POINT('',(-1.805E1,-2.5E0,-5.5E-1));
#5130=VERTEX_POINT('',#5129);
#5131=CARTESIAN_POINT('',(-1.635E1,-4.3E0,-5.5E-1));
#5132=CARTESIAN_POINT('',(-1.635E1,-5.1E0,-5.5E-1));
#5133=VERTEX_POINT('',#5131);
#5134=VERTEX_POINT('',#5132);
#5135=CARTESIAN_POINT('',(-1.805E1,-5.1E0,-5.5E-1));
#5136=VERTEX_POINT('',#5135);
#5137=CARTESIAN_POINT('',(-1.805E1,-4.3E0,-5.5E-1));
#5138=VERTEX_POINT('',#5137);
#5139=CARTESIAN_POINT('',(-1.635E1,-6.1E0,-5.5E-1));
#5140=CARTESIAN_POINT('',(-1.635E1,-6.9E0,-5.5E-1));
#5141=VERTEX_POINT('',#5139);
#5142=VERTEX_POINT('',#5140);
#5143=CARTESIAN_POINT('',(-1.805E1,-6.9E0,-5.5E-1));
#5144=VERTEX_POINT('',#5143);
#5145=CARTESIAN_POINT('',(-1.805E1,-6.1E0,-5.5E-1));
#5146=VERTEX_POINT('',#5145);
#5147=CARTESIAN_POINT('',(-1.635E1,-7.9E0,-5.5E-1));
#5148=CARTESIAN_POINT('',(-1.635E1,-8.7E0,-5.5E-1));
#5149=VERTEX_POINT('',#5147);
#5150=VERTEX_POINT('',#5148);
#5151=CARTESIAN_POINT('',(-1.805E1,-8.7E0,-5.5E-1));
#5152=VERTEX_POINT('',#5151);
#5153=CARTESIAN_POINT('',(-1.805E1,-7.9E0,-5.5E-1));
#5154=VERTEX_POINT('',#5153);
#5155=CARTESIAN_POINT('',(-1.635E1,-9.7E0,-5.5E-1));
#5156=CARTESIAN_POINT('',(-1.635E1,-1.05E1,-5.5E-1));
#5157=VERTEX_POINT('',#5155);
#5158=VERTEX_POINT('',#5156);
#5159=CARTESIAN_POINT('',(-1.805E1,-1.05E1,-5.5E-1));
#5160=VERTEX_POINT('',#5159);
#5161=CARTESIAN_POINT('',(-1.805E1,-9.7E0,-5.5E-1));
#5162=VERTEX_POINT('',#5161);
#5163=CARTESIAN_POINT('',(-8.8E0,9.5E0,-1.55E0));
#5164=CARTESIAN_POINT('',(-8.8E0,7.8E0,-1.55E0));
#5165=VERTEX_POINT('',#5163);
#5166=VERTEX_POINT('',#5164);
#5167=CARTESIAN_POINT('',(-9.6E0,7.8E0,-1.55E0));
#5168=VERTEX_POINT('',#5167);
#5169=CARTESIAN_POINT('',(-9.6E0,9.5E0,-1.55E0));
#5170=VERTEX_POINT('',#5169);
#5171=CARTESIAN_POINT('',(-8.8E0,9.5E0,-5.5E-1));
#5172=CARTESIAN_POINT('',(-8.8E0,7.8E0,-5.5E-1));
#5173=VERTEX_POINT('',#5171);
#5174=VERTEX_POINT('',#5172);
#5175=CARTESIAN_POINT('',(-9.6E0,7.8E0,-5.5E-1));
#5176=VERTEX_POINT('',#5175);
#5177=CARTESIAN_POINT('',(-9.6E0,9.5E0,-5.5E-1));
#5178=VERTEX_POINT('',#5177);
#5179=CARTESIAN_POINT('',(-1.12E1,8.2E0,-1.55E0));
#5180=CARTESIAN_POINT('',(-1.12E1,7.4E0,-1.55E0));
#5181=VERTEX_POINT('',#5179);
#5182=VERTEX_POINT('',#5180);
#5183=CARTESIAN_POINT('',(-1.29E1,7.4E0,-1.55E0));
#5184=VERTEX_POINT('',#5183);
#5185=CARTESIAN_POINT('',(-1.29E1,8.2E0,-1.55E0));
#5186=VERTEX_POINT('',#5185);
#5187=CARTESIAN_POINT('',(-1.12E1,8.2E0,-5.5E-1));
#5188=CARTESIAN_POINT('',(-1.12E1,7.4E0,-5.5E-1));
#5189=VERTEX_POINT('',#5187);
#5190=VERTEX_POINT('',#5188);
#5191=CARTESIAN_POINT('',(-1.29E1,7.4E0,-5.5E-1));
#5192=VERTEX_POINT('',#5191);
#5193=CARTESIAN_POINT('',(-1.29E1,8.2E0,-5.5E-1));
#5194=VERTEX_POINT('',#5193);
#5195=CARTESIAN_POINT('',(-1.37E1,4.9E0,-1.55E0));
#5196=CARTESIAN_POINT('',(-1.37E1,3.2E0,-1.55E0));
#5197=VERTEX_POINT('',#5195);
#5198=VERTEX_POINT('',#5196);
#5199=CARTESIAN_POINT('',(-1.45E1,3.2E0,-1.55E0));
#5200=VERTEX_POINT('',#5199);
#5201=CARTESIAN_POINT('',(-1.45E1,4.9E0,-1.55E0));
#5202=VERTEX_POINT('',#5201);
#5203=CARTESIAN_POINT('',(-1.28E1,1.6E0,-1.55E0));
#5204=CARTESIAN_POINT('',(-1.28E1,8.E-1,-1.55E0));
#5205=VERTEX_POINT('',#5203);
#5206=VERTEX_POINT('',#5204);
#5207=CARTESIAN_POINT('',(-1.45E1,8.E-1,-1.55E0));
#5208=VERTEX_POINT('',#5207);
#5209=CARTESIAN_POINT('',(-1.45E1,1.6E0,-1.55E0));
#5210=VERTEX_POINT('',#5209);
#5211=CARTESIAN_POINT('',(-1.37E1,4.9E0,-5.5E-1));
#5212=CARTESIAN_POINT('',(-1.37E1,3.2E0,-5.5E-1));
#5213=VERTEX_POINT('',#5211);
#5214=VERTEX_POINT('',#5212);
#5215=CARTESIAN_POINT('',(-1.45E1,3.2E0,-5.5E-1));
#5216=VERTEX_POINT('',#5215);
#5217=CARTESIAN_POINT('',(-1.45E1,4.9E0,-5.5E-1));
#5218=VERTEX_POINT('',#5217);
#5219=CARTESIAN_POINT('',(-1.28E1,1.6E0,-5.5E-1));
#5220=CARTESIAN_POINT('',(-1.28E1,8.E-1,-5.5E-1));
#5221=VERTEX_POINT('',#5219);
#5222=VERTEX_POINT('',#5220);
#5223=CARTESIAN_POINT('',(-1.45E1,8.E-1,-5.5E-1));
#5224=VERTEX_POINT('',#5223);
#5225=CARTESIAN_POINT('',(-1.45E1,1.6E0,-5.5E-1));
#5226=VERTEX_POINT('',#5225);
#5227=CARTESIAN_POINT('',(-8.7E0,-2.5E0,-1.55E0));
#5228=CARTESIAN_POINT('',(-8.7E0,-7.5E0,-1.55E0));
#5229=VERTEX_POINT('',#5227);
#5230=VERTEX_POINT('',#5228);
#5231=CARTESIAN_POINT('',(-1.32E1,-7.5E0,-1.55E0));
#5232=VERTEX_POINT('',#5231);
#5233=CARTESIAN_POINT('',(-1.32E1,-2.5E0,-1.55E0));
#5234=VERTEX_POINT('',#5233);
#5235=CARTESIAN_POINT('',(-8.7E0,-2.5E0,-5.5E-1));
#5236=CARTESIAN_POINT('',(-8.7E0,-7.5E0,-5.5E-1));
#5237=VERTEX_POINT('',#5235);
#5238=VERTEX_POINT('',#5236);
#5239=CARTESIAN_POINT('',(-1.32E1,-7.5E0,-5.5E-1));
#5240=VERTEX_POINT('',#5239);
#5241=CARTESIAN_POINT('',(-1.32E1,-2.5E0,-5.5E-1));
#5242=VERTEX_POINT('',#5241);
#5243=CARTESIAN_POINT('',(-1.2E1,-7.E-1,-1.55E0));
#5244=CARTESIAN_POINT('',(-1.2E1,-1.5E0,-1.55E0));
#5245=VERTEX_POINT('',#5243);
#5246=VERTEX_POINT('',#5244);
#5247=CARTESIAN_POINT('',(-1.37E1,-1.5E0,-1.55E0));
#5248=VERTEX_POINT('',#5247);
#5249=CARTESIAN_POINT('',(-1.37E1,-7.E-1,-1.55E0));
#5250=VERTEX_POINT('',#5249);
#5251=CARTESIAN_POINT('',(-6.7E0,-7.E-1,-1.55E0));
#5252=CARTESIAN_POINT('',(-6.7E0,-1.5E0,-1.55E0));
#5253=VERTEX_POINT('',#5251);
#5254=VERTEX_POINT('',#5252);
#5255=CARTESIAN_POINT('',(-8.4E0,-1.5E0,-1.55E0));
#5256=VERTEX_POINT('',#5255);
#5257=CARTESIAN_POINT('',(-8.4E0,-7.E-1,-1.55E0));
#5258=VERTEX_POINT('',#5257);
#5259=CARTESIAN_POINT('',(-1.2E1,-7.E-1,-5.5E-1));
#5260=CARTESIAN_POINT('',(-1.2E1,-1.5E0,-5.5E-1));
#5261=VERTEX_POINT('',#5259);
#5262=VERTEX_POINT('',#5260);
#5263=CARTESIAN_POINT('',(-1.37E1,-1.5E0,-5.5E-1));
#5264=VERTEX_POINT('',#5263);
#5265=CARTESIAN_POINT('',(-1.37E1,-7.E-1,-5.5E-1));
#5266=VERTEX_POINT('',#5265);
#5267=CARTESIAN_POINT('',(-6.7E0,-7.E-1,-5.5E-1));
#5268=CARTESIAN_POINT('',(-6.7E0,-1.5E0,-5.5E-1));
#5269=VERTEX_POINT('',#5267);
#5270=VERTEX_POINT('',#5268);
#5271=CARTESIAN_POINT('',(-8.4E0,-1.5E0,-5.5E-1));
#5272=VERTEX_POINT('',#5271);
#5273=CARTESIAN_POINT('',(-8.4E0,-7.E-1,-5.5E-1));
#5274=VERTEX_POINT('',#5273);
#5275=CARTESIAN_POINT('',(-3.7E0,-7.E-1,-1.55E0));
#5276=CARTESIAN_POINT('',(-3.7E0,-1.5E0,-1.55E0));
#5277=VERTEX_POINT('',#5275);
#5278=VERTEX_POINT('',#5276);
#5279=CARTESIAN_POINT('',(-5.4E0,-1.5E0,-1.55E0));
#5280=VERTEX_POINT('',#5279);
#5281=CARTESIAN_POINT('',(-5.4E0,-7.E-1,-1.55E0));
#5282=VERTEX_POINT('',#5281);
#5283=CARTESIAN_POINT('',(-3.7E0,-2.5E0,-1.55E0));
#5284=CARTESIAN_POINT('',(-3.7E0,-3.3E0,-1.55E0));
#5285=VERTEX_POINT('',#5283);
#5286=VERTEX_POINT('',#5284);
#5287=CARTESIAN_POINT('',(-5.4E0,-3.3E0,-1.55E0));
#5288=VERTEX_POINT('',#5287);
#5289=CARTESIAN_POINT('',(-5.4E0,-2.5E0,-1.55E0));
#5290=VERTEX_POINT('',#5289);
#5291=CARTESIAN_POINT('',(-3.7E0,-4.3E0,-1.55E0));
#5292=CARTESIAN_POINT('',(-3.7E0,-5.1E0,-1.55E0));
#5293=VERTEX_POINT('',#5291);
#5294=VERTEX_POINT('',#5292);
#5295=CARTESIAN_POINT('',(-5.4E0,-5.1E0,-1.55E0));
#5296=VERTEX_POINT('',#5295);
#5297=CARTESIAN_POINT('',(-5.4E0,-4.3E0,-1.55E0));
#5298=VERTEX_POINT('',#5297);
#5299=CARTESIAN_POINT('',(-3.7E0,-6.1E0,-1.55E0));
#5300=CARTESIAN_POINT('',(-3.7E0,-6.9E0,-1.55E0));
#5301=VERTEX_POINT('',#5299);
#5302=VERTEX_POINT('',#5300);
#5303=CARTESIAN_POINT('',(-5.4E0,-6.9E0,-1.55E0));
#5304=VERTEX_POINT('',#5303);
#5305=CARTESIAN_POINT('',(-5.4E0,-6.1E0,-1.55E0));
#5306=VERTEX_POINT('',#5305);
#5307=CARTESIAN_POINT('',(-3.7E0,-7.9E0,-1.55E0));
#5308=CARTESIAN_POINT('',(-3.7E0,-8.7E0,-1.55E0));
#5309=VERTEX_POINT('',#5307);
#5310=VERTEX_POINT('',#5308);
#5311=CARTESIAN_POINT('',(-5.4E0,-8.7E0,-1.55E0));
#5312=VERTEX_POINT('',#5311);
#5313=CARTESIAN_POINT('',(-5.4E0,-7.9E0,-1.55E0));
#5314=VERTEX_POINT('',#5313);
#5315=CARTESIAN_POINT('',(-3.7E0,-9.7E0,-1.55E0));
#5316=CARTESIAN_POINT('',(-3.7E0,-1.05E1,-1.55E0));
#5317=VERTEX_POINT('',#5315);
#5318=VERTEX_POINT('',#5316);
#5319=CARTESIAN_POINT('',(-5.4E0,-1.05E1,-1.55E0));
#5320=VERTEX_POINT('',#5319);
#5321=CARTESIAN_POINT('',(-5.4E0,-9.7E0,-1.55E0));
#5322=VERTEX_POINT('',#5321);
#5323=CARTESIAN_POINT('',(-5.E-1,-9.7E0,-1.55E0));
#5324=CARTESIAN_POINT('',(-5.E-1,-1.05E1,-1.55E0));
#5325=VERTEX_POINT('',#5323);
#5326=VERTEX_POINT('',#5324);
#5327=CARTESIAN_POINT('',(-2.2E0,-1.05E1,-1.55E0));
#5328=VERTEX_POINT('',#5327);
#5329=CARTESIAN_POINT('',(-2.2E0,-9.7E0,-1.55E0));
#5330=VERTEX_POINT('',#5329);
#5331=CARTESIAN_POINT('',(2.7E0,-9.7E0,-1.55E0));
#5332=CARTESIAN_POINT('',(2.7E0,-1.05E1,-1.55E0));
#5333=VERTEX_POINT('',#5331);
#5334=VERTEX_POINT('',#5332);
#5335=CARTESIAN_POINT('',(1.E0,-1.05E1,-1.55E0));
#5336=VERTEX_POINT('',#5335);
#5337=CARTESIAN_POINT('',(1.E0,-9.7E0,-1.55E0));
#5338=VERTEX_POINT('',#5337);
#5339=CARTESIAN_POINT('',(5.861769261870E0,-9.7E0,-1.55E0));
#5340=CARTESIAN_POINT('',(5.861769261870E0,-1.05E1,-1.55E0));
#5341=VERTEX_POINT('',#5339);
#5342=VERTEX_POINT('',#5340);
#5343=CARTESIAN_POINT('',(4.161769261870E0,-1.05E1,-1.55E0));
#5344=VERTEX_POINT('',#5343);
#5345=CARTESIAN_POINT('',(4.161769261870E0,-9.7E0,-1.55E0));
#5346=VERTEX_POINT('',#5345);
#5347=CARTESIAN_POINT('',(5.861769261870E0,-7.9E0,-1.55E0));
#5348=CARTESIAN_POINT('',(5.861769261870E0,-8.7E0,-1.55E0));
#5349=VERTEX_POINT('',#5347);
#5350=VERTEX_POINT('',#5348);
#5351=CARTESIAN_POINT('',(4.161769261870E0,-8.7E0,-1.55E0));
#5352=VERTEX_POINT('',#5351);
#5353=CARTESIAN_POINT('',(4.161769261870E0,-7.9E0,-1.55E0));
#5354=VERTEX_POINT('',#5353);
#5355=CARTESIAN_POINT('',(5.861769261870E0,-6.1E0,-1.55E0));
#5356=CARTESIAN_POINT('',(5.861769261870E0,-6.9E0,-1.55E0));
#5357=VERTEX_POINT('',#5355);
#5358=VERTEX_POINT('',#5356);
#5359=CARTESIAN_POINT('',(4.161769261870E0,-6.9E0,-1.55E0));
#5360=VERTEX_POINT('',#5359);
#5361=CARTESIAN_POINT('',(4.161769261870E0,-6.1E0,-1.55E0));
#5362=VERTEX_POINT('',#5361);
#5363=CARTESIAN_POINT('',(5.861769261870E0,-4.3E0,-1.55E0));
#5364=CARTESIAN_POINT('',(5.861769261870E0,-5.1E0,-1.55E0));
#5365=VERTEX_POINT('',#5363);
#5366=VERTEX_POINT('',#5364);
#5367=CARTESIAN_POINT('',(4.161769261870E0,-5.1E0,-1.55E0));
#5368=VERTEX_POINT('',#5367);
#5369=CARTESIAN_POINT('',(4.161769261870E0,-4.3E0,-1.55E0));
#5370=VERTEX_POINT('',#5369);
#5371=CARTESIAN_POINT('',(5.861769261870E0,-2.5E0,-1.55E0));
#5372=CARTESIAN_POINT('',(5.861769261870E0,-3.3E0,-1.55E0));
#5373=VERTEX_POINT('',#5371);
#5374=VERTEX_POINT('',#5372);
#5375=CARTESIAN_POINT('',(4.161769261870E0,-3.3E0,-1.55E0));
#5376=VERTEX_POINT('',#5375);
#5377=CARTESIAN_POINT('',(4.161769261870E0,-2.5E0,-1.55E0));
#5378=VERTEX_POINT('',#5377);
#5379=CARTESIAN_POINT('',(5.861769261870E0,-7.E-1,-1.55E0));
#5380=CARTESIAN_POINT('',(5.861769261870E0,-1.5E0,-1.55E0));
#5381=VERTEX_POINT('',#5379);
#5382=VERTEX_POINT('',#5380);
#5383=CARTESIAN_POINT('',(4.161769261870E0,-1.5E0,-1.55E0));
#5384=VERTEX_POINT('',#5383);
#5385=CARTESIAN_POINT('',(4.161769261870E0,-7.E-1,-1.55E0));
#5386=VERTEX_POINT('',#5385);
#5387=CARTESIAN_POINT('',(-3.7E0,-7.E-1,-5.5E-1));
#5388=CARTESIAN_POINT('',(-3.7E0,-1.5E0,-5.5E-1));
#5389=VERTEX_POINT('',#5387);
#5390=VERTEX_POINT('',#5388);
#5391=CARTESIAN_POINT('',(-5.4E0,-1.5E0,-5.5E-1));
#5392=VERTEX_POINT('',#5391);
#5393=CARTESIAN_POINT('',(-5.4E0,-7.E-1,-5.5E-1));
#5394=VERTEX_POINT('',#5393);
#5395=CARTESIAN_POINT('',(-3.7E0,-2.5E0,-5.5E-1));
#5396=CARTESIAN_POINT('',(-3.7E0,-3.3E0,-5.5E-1));
#5397=VERTEX_POINT('',#5395);
#5398=VERTEX_POINT('',#5396);
#5399=CARTESIAN_POINT('',(-5.4E0,-3.3E0,-5.5E-1));
#5400=VERTEX_POINT('',#5399);
#5401=CARTESIAN_POINT('',(-5.4E0,-2.5E0,-5.5E-1));
#5402=VERTEX_POINT('',#5401);
#5403=CARTESIAN_POINT('',(-3.7E0,-4.3E0,-5.5E-1));
#5404=CARTESIAN_POINT('',(-3.7E0,-5.1E0,-5.5E-1));
#5405=VERTEX_POINT('',#5403);
#5406=VERTEX_POINT('',#5404);
#5407=CARTESIAN_POINT('',(-5.4E0,-5.1E0,-5.5E-1));
#5408=VERTEX_POINT('',#5407);
#5409=CARTESIAN_POINT('',(-5.4E0,-4.3E0,-5.5E-1));
#5410=VERTEX_POINT('',#5409);
#5411=CARTESIAN_POINT('',(-3.7E0,-6.1E0,-5.5E-1));
#5412=CARTESIAN_POINT('',(-3.7E0,-6.9E0,-5.5E-1));
#5413=VERTEX_POINT('',#5411);
#5414=VERTEX_POINT('',#5412);
#5415=CARTESIAN_POINT('',(-5.4E0,-6.9E0,-5.5E-1));
#5416=VERTEX_POINT('',#5415);
#5417=CARTESIAN_POINT('',(-5.4E0,-6.1E0,-5.5E-1));
#5418=VERTEX_POINT('',#5417);
#5419=CARTESIAN_POINT('',(-3.7E0,-7.9E0,-5.5E-1));
#5420=CARTESIAN_POINT('',(-3.7E0,-8.7E0,-5.5E-1));
#5421=VERTEX_POINT('',#5419);
#5422=VERTEX_POINT('',#5420);
#5423=CARTESIAN_POINT('',(-5.4E0,-8.7E0,-5.5E-1));
#5424=VERTEX_POINT('',#5423);
#5425=CARTESIAN_POINT('',(-5.4E0,-7.9E0,-5.5E-1));
#5426=VERTEX_POINT('',#5425);
#5427=CARTESIAN_POINT('',(-3.7E0,-9.7E0,-5.5E-1));
#5428=CARTESIAN_POINT('',(-3.7E0,-1.05E1,-5.5E-1));
#5429=VERTEX_POINT('',#5427);
#5430=VERTEX_POINT('',#5428);
#5431=CARTESIAN_POINT('',(-5.4E0,-1.05E1,-5.5E-1));
#5432=VERTEX_POINT('',#5431);
#5433=CARTESIAN_POINT('',(-5.4E0,-9.7E0,-5.5E-1));
#5434=VERTEX_POINT('',#5433);
#5435=CARTESIAN_POINT('',(-5.E-1,-9.7E0,-5.5E-1));
#5436=CARTESIAN_POINT('',(-5.E-1,-1.05E1,-5.5E-1));
#5437=VERTEX_POINT('',#5435);
#5438=VERTEX_POINT('',#5436);
#5439=CARTESIAN_POINT('',(-2.2E0,-1.05E1,-5.5E-1));
#5440=VERTEX_POINT('',#5439);
#5441=CARTESIAN_POINT('',(-2.2E0,-9.7E0,-5.5E-1));
#5442=VERTEX_POINT('',#5441);
#5443=CARTESIAN_POINT('',(2.7E0,-9.7E0,-5.5E-1));
#5444=CARTESIAN_POINT('',(2.7E0,-1.05E1,-5.5E-1));
#5445=VERTEX_POINT('',#5443);
#5446=VERTEX_POINT('',#5444);
#5447=CARTESIAN_POINT('',(1.E0,-1.05E1,-5.5E-1));
#5448=VERTEX_POINT('',#5447);
#5449=CARTESIAN_POINT('',(1.E0,-9.7E0,-5.5E-1));
#5450=VERTEX_POINT('',#5449);
#5451=CARTESIAN_POINT('',(5.861769261870E0,-9.7E0,-5.5E-1));
#5452=CARTESIAN_POINT('',(5.861769261870E0,-1.05E1,-5.5E-1));
#5453=VERTEX_POINT('',#5451);
#5454=VERTEX_POINT('',#5452);
#5455=CARTESIAN_POINT('',(4.161769261870E0,-1.05E1,-5.5E-1));
#5456=VERTEX_POINT('',#5455);
#5457=CARTESIAN_POINT('',(4.161769261870E0,-9.7E0,-5.5E-1));
#5458=VERTEX_POINT('',#5457);
#5459=CARTESIAN_POINT('',(5.861769261870E0,-7.9E0,-5.5E-1));
#5460=CARTESIAN_POINT('',(5.861769261870E0,-8.7E0,-5.5E-1));
#5461=VERTEX_POINT('',#5459);
#5462=VERTEX_POINT('',#5460);
#5463=CARTESIAN_POINT('',(4.161769261870E0,-8.7E0,-5.5E-1));
#5464=VERTEX_POINT('',#5463);
#5465=CARTESIAN_POINT('',(4.161769261870E0,-7.9E0,-5.5E-1));
#5466=VERTEX_POINT('',#5465);
#5467=CARTESIAN_POINT('',(5.861769261870E0,-6.1E0,-5.5E-1));
#5468=CARTESIAN_POINT('',(5.861769261870E0,-6.9E0,-5.5E-1));
#5469=VERTEX_POINT('',#5467);
#5470=VERTEX_POINT('',#5468);
#5471=CARTESIAN_POINT('',(4.161769261870E0,-6.9E0,-5.5E-1));
#5472=VERTEX_POINT('',#5471);
#5473=CARTESIAN_POINT('',(4.161769261870E0,-6.1E0,-5.5E-1));
#5474=VERTEX_POINT('',#5473);
#5475=CARTESIAN_POINT('',(5.861769261870E0,-4.3E0,-5.5E-1));
#5476=CARTESIAN_POINT('',(5.861769261870E0,-5.1E0,-5.5E-1));
#5477=VERTEX_POINT('',#5475);
#5478=VERTEX_POINT('',#5476);
#5479=CARTESIAN_POINT('',(4.161769261870E0,-5.1E0,-5.5E-1));
#5480=VERTEX_POINT('',#5479);
#5481=CARTESIAN_POINT('',(4.161769261870E0,-4.3E0,-5.5E-1));
#5482=VERTEX_POINT('',#5481);
#5483=CARTESIAN_POINT('',(5.861769261870E0,-2.5E0,-5.5E-1));
#5484=CARTESIAN_POINT('',(5.861769261870E0,-3.3E0,-5.5E-1));
#5485=VERTEX_POINT('',#5483);
#5486=VERTEX_POINT('',#5484);
#5487=CARTESIAN_POINT('',(4.161769261870E0,-3.3E0,-5.5E-1));
#5488=VERTEX_POINT('',#5487);
#5489=CARTESIAN_POINT('',(4.161769261870E0,-2.5E0,-5.5E-1));
#5490=VERTEX_POINT('',#5489);
#5491=CARTESIAN_POINT('',(5.861769261870E0,-7.E-1,-5.5E-1));
#5492=CARTESIAN_POINT('',(5.861769261870E0,-1.5E0,-5.5E-1));
#5493=VERTEX_POINT('',#5491);
#5494=VERTEX_POINT('',#5492);
#5495=CARTESIAN_POINT('',(4.161769261870E0,-1.5E0,-5.5E-1));
#5496=VERTEX_POINT('',#5495);
#5497=CARTESIAN_POINT('',(4.161769261870E0,-7.E-1,-5.5E-1));
#5498=VERTEX_POINT('',#5497);
#5499=CARTESIAN_POINT('',(-5.E-1,-7.E-1,-1.55E0));
#5500=CARTESIAN_POINT('',(-5.E-1,-1.5E0,-1.55E0));
#5501=VERTEX_POINT('',#5499);
#5502=VERTEX_POINT('',#5500);
#5503=CARTESIAN_POINT('',(-2.2E0,-1.5E0,-1.55E0));
#5504=VERTEX_POINT('',#5503);
#5505=CARTESIAN_POINT('',(-2.2E0,-7.E-1,-1.55E0));
#5506=VERTEX_POINT('',#5505);
#5507=CARTESIAN_POINT('',(-5.E-1,-7.E-1,-5.5E-1));
#5508=CARTESIAN_POINT('',(-5.E-1,-1.5E0,-5.5E-1));
#5509=VERTEX_POINT('',#5507);
#5510=VERTEX_POINT('',#5508);
#5511=CARTESIAN_POINT('',(-2.2E0,-1.5E0,-5.5E-1));
#5512=VERTEX_POINT('',#5511);
#5513=CARTESIAN_POINT('',(-2.2E0,-7.E-1,-5.5E-1));
#5514=VERTEX_POINT('',#5513);
#5515=CARTESIAN_POINT('',(8.8E0,1.02E1,-1.85E0));
#5516=CARTESIAN_POINT('',(8.8E0,8.2E0,-1.85E0));
#5517=VERTEX_POINT('',#5515);
#5518=VERTEX_POINT('',#5516);
#5519=CARTESIAN_POINT('',(7.4E0,8.2E0,-1.85E0));
#5520=VERTEX_POINT('',#5519);
#5521=CARTESIAN_POINT('',(7.4E0,1.02E1,-1.85E0));
#5522=VERTEX_POINT('',#5521);
#5523=CARTESIAN_POINT('',(8.8E0,1.02E1,-5.5E-1));
#5524=CARTESIAN_POINT('',(8.8E0,8.2E0,-5.5E-1));
#5525=VERTEX_POINT('',#5523);
#5526=VERTEX_POINT('',#5524);
#5527=CARTESIAN_POINT('',(7.4E0,8.2E0,-5.5E-1));
#5528=VERTEX_POINT('',#5527);
#5529=CARTESIAN_POINT('',(7.4E0,1.02E1,-5.5E-1));
#5530=VERTEX_POINT('',#5529);
#5531=CARTESIAN_POINT('',(1.45E0,-3.399064159393E0,-1.55E0));
#5532=CARTESIAN_POINT('',(1.45E0,-6.599064159393E0,-1.55E0));
#5533=VERTEX_POINT('',#5531);
#5534=VERTEX_POINT('',#5532);
#5535=CARTESIAN_POINT('',(-1.45E0,-6.599064159393E0,-1.55E0));
#5536=VERTEX_POINT('',#5535);
#5537=CARTESIAN_POINT('',(-1.45E0,-3.399064159393E0,-1.55E0));
#5538=VERTEX_POINT('',#5537);
#5539=CARTESIAN_POINT('',(1.45E0,-3.399064159393E0,-5.5E-1));
#5540=CARTESIAN_POINT('',(1.45E0,-6.599064159393E0,-5.5E-1));
#5541=VERTEX_POINT('',#5539);
#5542=VERTEX_POINT('',#5540);
#5543=CARTESIAN_POINT('',(-1.45E0,-6.599064159393E0,-5.5E-1));
#5544=VERTEX_POINT('',#5543);
#5545=CARTESIAN_POINT('',(-1.45E0,-3.399064159393E0,-5.5E-1));
#5546=VERTEX_POINT('',#5545);
#5547=CARTESIAN_POINT('',(5.861769261870E0,1.100935840607E0,-1.55E0));
#5548=CARTESIAN_POINT('',(5.861769261870E0,3.009358406067E-1,-1.55E0));
#5549=VERTEX_POINT('',#5547);
#5550=VERTEX_POINT('',#5548);
#5551=CARTESIAN_POINT('',(4.161769261870E0,3.009358406067E-1,-1.55E0));
#5552=VERTEX_POINT('',#5551);
#5553=CARTESIAN_POINT('',(4.161769261870E0,1.100935840607E0,-1.55E0));
#5554=VERTEX_POINT('',#5553);
#5555=CARTESIAN_POINT('',(9.361769261870E0,1.100935840607E0,-1.55E0));
#5556=CARTESIAN_POINT('',(9.361769261870E0,3.009358406067E-1,-1.55E0));
#5557=VERTEX_POINT('',#5555);
#5558=VERTEX_POINT('',#5556);
#5559=CARTESIAN_POINT('',(7.661769261870E0,3.009358406067E-1,-1.55E0));
#5560=VERTEX_POINT('',#5559);
#5561=CARTESIAN_POINT('',(7.661769261870E0,1.100935840607E0,-1.55E0));
#5562=VERTEX_POINT('',#5561);
#5563=CARTESIAN_POINT('',(5.861769261870E0,1.100935840607E0,-5.5E-1));
#5564=CARTESIAN_POINT('',(5.861769261870E0,3.009358406067E-1,-5.5E-1));
#5565=VERTEX_POINT('',#5563);
#5566=VERTEX_POINT('',#5564);
#5567=CARTESIAN_POINT('',(4.161769261870E0,3.009358406067E-1,-5.5E-1));
#5568=VERTEX_POINT('',#5567);
#5569=CARTESIAN_POINT('',(4.161769261870E0,1.100935840607E0,-5.5E-1));
#5570=VERTEX_POINT('',#5569);
#5571=CARTESIAN_POINT('',(9.361769261870E0,1.100935840607E0,-5.5E-1));
#5572=CARTESIAN_POINT('',(9.361769261870E0,3.009358406067E-1,-5.5E-1));
#5573=VERTEX_POINT('',#5571);
#5574=VERTEX_POINT('',#5572);
#5575=CARTESIAN_POINT('',(7.661769261870E0,3.009358406067E-1,-5.5E-1));
#5576=VERTEX_POINT('',#5575);
#5577=CARTESIAN_POINT('',(7.661769261870E0,1.100935840607E0,-5.5E-1));
#5578=VERTEX_POINT('',#5577);
#5579=CARTESIAN_POINT('',(1.03E1,-1.8E0,-1.85E0));
#5580=CARTESIAN_POINT('',(1.03E1,-3.8E0,-1.85E0));
#5581=VERTEX_POINT('',#5579);
#5582=VERTEX_POINT('',#5580);
#5583=CARTESIAN_POINT('',(7.3E0,-3.8E0,-1.85E0));
#5584=VERTEX_POINT('',#5583);
#5585=CARTESIAN_POINT('',(7.3E0,-1.8E0,-1.85E0));
#5586=VERTEX_POINT('',#5585);
#5587=CARTESIAN_POINT('',(1.03E1,-1.8E0,-5.5E-1));
#5588=CARTESIAN_POINT('',(1.03E1,-3.8E0,-5.5E-1));
#5589=VERTEX_POINT('',#5587);
#5590=VERTEX_POINT('',#5588);
#5591=CARTESIAN_POINT('',(7.3E0,-3.8E0,-5.5E-1));
#5592=VERTEX_POINT('',#5591);
#5593=CARTESIAN_POINT('',(7.3E0,-1.8E0,-5.5E-1));
#5594=VERTEX_POINT('',#5593);
#5595=CARTESIAN_POINT('',(9.2E0,-6.1E0,-1.55E0));
#5596=CARTESIAN_POINT('',(9.2E0,-6.9E0,-1.55E0));
#5597=VERTEX_POINT('',#5595);
#5598=VERTEX_POINT('',#5596);
#5599=CARTESIAN_POINT('',(7.5E0,-6.9E0,-1.55E0));
#5600=VERTEX_POINT('',#5599);
#5601=CARTESIAN_POINT('',(7.5E0,-6.1E0,-1.55E0));
#5602=VERTEX_POINT('',#5601);
#5603=CARTESIAN_POINT('',(9.2E0,-6.1E0,-5.5E-1));
#5604=CARTESIAN_POINT('',(9.2E0,-6.9E0,-5.5E-1));
#5605=VERTEX_POINT('',#5603);
#5606=VERTEX_POINT('',#5604);
#5607=CARTESIAN_POINT('',(7.5E0,-6.9E0,-5.5E-1));
#5608=VERTEX_POINT('',#5607);
#5609=CARTESIAN_POINT('',(7.5E0,-6.1E0,-5.5E-1));
#5610=VERTEX_POINT('',#5609);
#5611=CARTESIAN_POINT('',(1.19E1,-2.5E0,-1.55E0));
#5612=CARTESIAN_POINT('',(1.19E1,-4.2E0,-1.55E0));
#5613=VERTEX_POINT('',#5611);
#5614=VERTEX_POINT('',#5612);
#5615=CARTESIAN_POINT('',(1.11E1,-4.2E0,-1.55E0));
#5616=VERTEX_POINT('',#5615);
#5617=CARTESIAN_POINT('',(1.11E1,-2.5E0,-1.55E0));
#5618=VERTEX_POINT('',#5617);
#5619=CARTESIAN_POINT('',(1.19E1,-2.5E0,-5.5E-1));
#5620=CARTESIAN_POINT('',(1.19E1,-4.2E0,-5.5E-1));
#5621=VERTEX_POINT('',#5619);
#5622=VERTEX_POINT('',#5620);
#5623=CARTESIAN_POINT('',(1.11E1,-4.2E0,-5.5E-1));
#5624=VERTEX_POINT('',#5623);
#5625=CARTESIAN_POINT('',(1.11E1,-2.5E0,-5.5E-1));
#5626=VERTEX_POINT('',#5625);
#5627=CARTESIAN_POINT('',(1.4E1,-6.6E0,-1.55E0));
#5628=CARTESIAN_POINT('',(1.4E1,-7.4E0,-1.55E0));
#5629=VERTEX_POINT('',#5627);
#5630=VERTEX_POINT('',#5628);
#5631=CARTESIAN_POINT('',(1.23E1,-7.4E0,-1.55E0));
#5632=VERTEX_POINT('',#5631);
#5633=CARTESIAN_POINT('',(1.23E1,-6.6E0,-1.55E0));
#5634=VERTEX_POINT('',#5633);
#5635=CARTESIAN_POINT('',(1.4E1,-6.6E0,-5.5E-1));
#5636=CARTESIAN_POINT('',(1.4E1,-7.4E0,-5.5E-1));
#5637=VERTEX_POINT('',#5635);
#5638=VERTEX_POINT('',#5636);
#5639=CARTESIAN_POINT('',(1.23E1,-7.4E0,-5.5E-1));
#5640=VERTEX_POINT('',#5639);
#5641=CARTESIAN_POINT('',(1.23E1,-6.6E0,-5.5E-1));
#5642=VERTEX_POINT('',#5641);
#5643=CARTESIAN_POINT('',(1.73E1,-8.3E0,-1.55E0));
#5644=CARTESIAN_POINT('',(1.73E1,-1.01E1,-1.55E0));
#5645=VERTEX_POINT('',#5643);
#5646=VERTEX_POINT('',#5644);
#5647=CARTESIAN_POINT('',(1.65E1,-1.01E1,-1.55E0));
#5648=VERTEX_POINT('',#5647);
#5649=CARTESIAN_POINT('',(1.65E1,-8.3E0,-1.55E0));
#5650=VERTEX_POINT('',#5649);
#5651=CARTESIAN_POINT('',(1.73E1,-8.3E0,-5.5E-1));
#5652=CARTESIAN_POINT('',(1.73E1,-1.01E1,-5.5E-1));
#5653=VERTEX_POINT('',#5651);
#5654=VERTEX_POINT('',#5652);
#5655=CARTESIAN_POINT('',(1.65E1,-1.01E1,-5.5E-1));
#5656=VERTEX_POINT('',#5655);
#5657=CARTESIAN_POINT('',(1.65E1,-8.3E0,-5.5E-1));
#5658=VERTEX_POINT('',#5657);
#5659=CARTESIAN_POINT('',(2.15E1,-7.2E0,-1.85E0));
#5660=CARTESIAN_POINT('',(2.15E1,-1.04E1,-1.85E0));
#5661=VERTEX_POINT('',#5659);
#5662=VERTEX_POINT('',#5660);
#5663=CARTESIAN_POINT('',(1.91E1,-1.04E1,-1.85E0));
#5664=VERTEX_POINT('',#5663);
#5665=CARTESIAN_POINT('',(1.91E1,-7.2E0,-1.85E0));
#5666=VERTEX_POINT('',#5665);
#5667=CARTESIAN_POINT('',(2.15E1,-7.2E0,-5.5E-1));
#5668=CARTESIAN_POINT('',(2.15E1,-1.04E1,-5.5E-1));
#5669=VERTEX_POINT('',#5667);
#5670=VERTEX_POINT('',#5668);
#5671=CARTESIAN_POINT('',(1.91E1,-1.04E1,-5.5E-1));
#5672=VERTEX_POINT('',#5671);
#5673=CARTESIAN_POINT('',(1.91E1,-7.2E0,-5.5E-1));
#5674=VERTEX_POINT('',#5673);
#5675=CARTESIAN_POINT('',(1.61E1,-2.7E0,-1.85E0));
#5676=CARTESIAN_POINT('',(1.61E1,-4.5E0,-1.85E0));
#5677=VERTEX_POINT('',#5675);
#5678=VERTEX_POINT('',#5676);
#5679=CARTESIAN_POINT('',(1.33E1,-4.5E0,-1.85E0));
#5680=VERTEX_POINT('',#5679);
#5681=CARTESIAN_POINT('',(1.33E1,-2.7E0,-1.85E0));
#5682=VERTEX_POINT('',#5681);
#5683=CARTESIAN_POINT('',(1.61E1,-2.7E0,-5.5E-1));
#5684=CARTESIAN_POINT('',(1.61E1,-4.5E0,-5.5E-1));
#5685=VERTEX_POINT('',#5683);
#5686=VERTEX_POINT('',#5684);
#5687=CARTESIAN_POINT('',(1.33E1,-4.5E0,-5.5E-1));
#5688=VERTEX_POINT('',#5687);
#5689=CARTESIAN_POINT('',(1.33E1,-2.7E0,-5.5E-1));
#5690=VERTEX_POINT('',#5689);
#5691=CARTESIAN_POINT('',(1.8E1,-3.8E0,-1.55E0));
#5692=CARTESIAN_POINT('',(1.8E1,-5.5E0,-1.55E0));
#5693=VERTEX_POINT('',#5691);
#5694=VERTEX_POINT('',#5692);
#5695=CARTESIAN_POINT('',(1.72E1,-5.5E0,-1.55E0));
#5696=VERTEX_POINT('',#5695);
#5697=CARTESIAN_POINT('',(1.72E1,-3.8E0,-1.55E0));
#5698=VERTEX_POINT('',#5697);
#5699=CARTESIAN_POINT('',(1.8E1,-3.8E0,-5.5E-1));
#5700=CARTESIAN_POINT('',(1.8E1,-5.5E0,-5.5E-1));
#5701=VERTEX_POINT('',#5699);
#5702=VERTEX_POINT('',#5700);
#5703=CARTESIAN_POINT('',(1.72E1,-5.5E0,-5.5E-1));
#5704=VERTEX_POINT('',#5703);
#5705=CARTESIAN_POINT('',(1.72E1,-3.8E0,-5.5E-1));
#5706=VERTEX_POINT('',#5705);
#5707=CARTESIAN_POINT('',(1.8E1,-7.990641593933E-1,-1.55E0));
#5708=CARTESIAN_POINT('',(1.8E1,-2.499064159393E0,-1.55E0));
#5709=VERTEX_POINT('',#5707);
#5710=VERTEX_POINT('',#5708);
#5711=CARTESIAN_POINT('',(1.72E1,-2.499064159393E0,-1.55E0));
#5712=VERTEX_POINT('',#5711);
#5713=CARTESIAN_POINT('',(1.72E1,-7.990641593933E-1,-1.55E0));
#5714=VERTEX_POINT('',#5713);
#5715=CARTESIAN_POINT('',(1.8E1,-7.990641593933E-1,-5.5E-1));
#5716=CARTESIAN_POINT('',(1.8E1,-2.499064159393E0,-5.5E-1));
#5717=VERTEX_POINT('',#5715);
#5718=VERTEX_POINT('',#5716);
#5719=CARTESIAN_POINT('',(1.72E1,-2.499064159393E0,-5.5E-1));
#5720=VERTEX_POINT('',#5719);
#5721=CARTESIAN_POINT('',(1.72E1,-7.990641593933E-1,-5.5E-1));
#5722=VERTEX_POINT('',#5721);
#5723=CARTESIAN_POINT('',(1.59E1,2.E-1,-1.55E0));
#5724=CARTESIAN_POINT('',(1.59E1,-6.E-1,-1.55E0));
#5725=VERTEX_POINT('',#5723);
#5726=VERTEX_POINT('',#5724);
#5727=CARTESIAN_POINT('',(1.42E1,-6.E-1,-1.55E0));
#5728=VERTEX_POINT('',#5727);
#5729=CARTESIAN_POINT('',(1.42E1,2.E-1,-1.55E0));
#5730=VERTEX_POINT('',#5729);
#5731=CARTESIAN_POINT('',(1.59E1,2.E-1,-5.5E-1));
#5732=CARTESIAN_POINT('',(1.59E1,-6.E-1,-5.5E-1));
#5733=VERTEX_POINT('',#5731);
#5734=VERTEX_POINT('',#5732);
#5735=CARTESIAN_POINT('',(1.42E1,-6.E-1,-5.5E-1));
#5736=VERTEX_POINT('',#5735);
#5737=CARTESIAN_POINT('',(1.42E1,2.E-1,-5.5E-1));
#5738=VERTEX_POINT('',#5737);
#5739=CARTESIAN_POINT('',(1.92E1,1.2E0,-1.55E0));
#5740=CARTESIAN_POINT('',(1.92E1,4.E-1,-1.55E0));
#5741=VERTEX_POINT('',#5739);
#5742=VERTEX_POINT('',#5740);
#5743=CARTESIAN_POINT('',(1.75E1,4.E-1,-1.55E0));
#5744=VERTEX_POINT('',#5743);
#5745=CARTESIAN_POINT('',(1.75E1,1.2E0,-1.55E0));
#5746=VERTEX_POINT('',#5745);
#5747=CARTESIAN_POINT('',(2.18E1,1.35E0,-1.55E0));
#5748=CARTESIAN_POINT('',(2.18E1,-3.5E-1,-1.55E0));
#5749=VERTEX_POINT('',#5747);
#5750=VERTEX_POINT('',#5748);
#5751=CARTESIAN_POINT('',(2.1E1,-3.5E-1,-1.55E0));
#5752=VERTEX_POINT('',#5751);
#5753=CARTESIAN_POINT('',(2.1E1,1.35E0,-1.55E0));
#5754=VERTEX_POINT('',#5753);
#5755=CARTESIAN_POINT('',(1.92E1,1.2E0,-5.5E-1));
#5756=CARTESIAN_POINT('',(1.92E1,4.E-1,-5.5E-1));
#5757=VERTEX_POINT('',#5755);
#5758=VERTEX_POINT('',#5756);
#5759=CARTESIAN_POINT('',(1.75E1,4.E-1,-5.5E-1));
#5760=VERTEX_POINT('',#5759);
#5761=CARTESIAN_POINT('',(1.75E1,1.2E0,-5.5E-1));
#5762=VERTEX_POINT('',#5761);
#5763=CARTESIAN_POINT('',(2.18E1,1.35E0,-5.5E-1));
#5764=CARTESIAN_POINT('',(2.18E1,-3.5E-1,-5.5E-1));
#5765=VERTEX_POINT('',#5763);
#5766=VERTEX_POINT('',#5764);
#5767=CARTESIAN_POINT('',(2.1E1,-3.5E-1,-5.5E-1));
#5768=VERTEX_POINT('',#5767);
#5769=CARTESIAN_POINT('',(2.1E1,1.35E0,-5.5E-1));
#5770=VERTEX_POINT('',#5769);
#5771=CARTESIAN_POINT('',(1.52E1,2.3E0,-1.55E0));
#5772=CARTESIAN_POINT('',(1.52E1,1.5E0,-1.55E0));
#5773=VERTEX_POINT('',#5771);
#5774=VERTEX_POINT('',#5772);
#5775=CARTESIAN_POINT('',(1.35E1,1.5E0,-1.55E0));
#5776=VERTEX_POINT('',#5775);
#5777=CARTESIAN_POINT('',(1.35E1,2.3E0,-1.55E0));
#5778=VERTEX_POINT('',#5777);
#5779=CARTESIAN_POINT('',(1.52E1,4.1E0,-1.55E0));
#5780=CARTESIAN_POINT('',(1.52E1,3.3E0,-1.55E0));
#5781=VERTEX_POINT('',#5779);
#5782=VERTEX_POINT('',#5780);
#5783=CARTESIAN_POINT('',(1.35E1,3.3E0,-1.55E0));
#5784=VERTEX_POINT('',#5783);
#5785=CARTESIAN_POINT('',(1.35E1,4.1E0,-1.55E0));
#5786=VERTEX_POINT('',#5785);
#5787=CARTESIAN_POINT('',(1.43E1,8.7E0,-1.55E0));
#5788=CARTESIAN_POINT('',(1.43E1,7.4E0,-1.55E0));
#5789=VERTEX_POINT('',#5787);
#5790=VERTEX_POINT('',#5788);
#5791=CARTESIAN_POINT('',(1.23E1,7.4E0,-1.55E0));
#5792=VERTEX_POINT('',#5791);
#5793=CARTESIAN_POINT('',(1.23E1,8.7E0,-1.55E0));
#5794=VERTEX_POINT('',#5793);
#5795=CARTESIAN_POINT('',(1.52E1,2.3E0,-5.5E-1));
#5796=CARTESIAN_POINT('',(1.52E1,1.5E0,-5.5E-1));
#5797=VERTEX_POINT('',#5795);
#5798=VERTEX_POINT('',#5796);
#5799=CARTESIAN_POINT('',(1.35E1,1.5E0,-5.5E-1));
#5800=VERTEX_POINT('',#5799);
#5801=CARTESIAN_POINT('',(1.35E1,2.3E0,-5.5E-1));
#5802=VERTEX_POINT('',#5801);
#5803=CARTESIAN_POINT('',(1.52E1,4.1E0,-5.5E-1));
#5804=CARTESIAN_POINT('',(1.52E1,3.3E0,-5.5E-1));
#5805=VERTEX_POINT('',#5803);
#5806=VERTEX_POINT('',#5804);
#5807=CARTESIAN_POINT('',(1.35E1,3.3E0,-5.5E-1));
#5808=VERTEX_POINT('',#5807);
#5809=CARTESIAN_POINT('',(1.35E1,4.1E0,-5.5E-1));
#5810=VERTEX_POINT('',#5809);
#5811=CARTESIAN_POINT('',(1.43E1,8.7E0,-5.5E-1));
#5812=CARTESIAN_POINT('',(1.43E1,7.4E0,-5.5E-1));
#5813=VERTEX_POINT('',#5811);
#5814=VERTEX_POINT('',#5812);
#5815=CARTESIAN_POINT('',(1.23E1,7.4E0,-5.5E-1));
#5816=VERTEX_POINT('',#5815);
#5817=CARTESIAN_POINT('',(1.23E1,8.7E0,-5.5E-1));
#5818=VERTEX_POINT('',#5817);
#5819=CARTESIAN_POINT('',(1.88E1,8.4E0,-1.55E0));
#5820=CARTESIAN_POINT('',(1.88E1,7.6E0,-1.55E0));
#5821=VERTEX_POINT('',#5819);
#5822=VERTEX_POINT('',#5820);
#5823=CARTESIAN_POINT('',(1.71E1,7.6E0,-1.55E0));
#5824=VERTEX_POINT('',#5823);
#5825=CARTESIAN_POINT('',(1.71E1,8.4E0,-1.55E0));
#5826=VERTEX_POINT('',#5825);
#5827=CARTESIAN_POINT('',(1.88E1,8.4E0,-5.5E-1));
#5828=CARTESIAN_POINT('',(1.88E1,7.6E0,-5.5E-1));
#5829=VERTEX_POINT('',#5827);
#5830=VERTEX_POINT('',#5828);
#5831=CARTESIAN_POINT('',(1.71E1,7.6E0,-5.5E-1));
#5832=VERTEX_POINT('',#5831);
#5833=CARTESIAN_POINT('',(1.71E1,8.4E0,-5.5E-1));
#5834=VERTEX_POINT('',#5833);
#5835=CARTESIAN_POINT('',(1.96E1,5.1E0,-1.55E0));
#5836=CARTESIAN_POINT('',(1.96E1,3.2E0,-1.55E0));
#5837=VERTEX_POINT('',#5835);
#5838=VERTEX_POINT('',#5836);
#5839=CARTESIAN_POINT('',(1.67E1,3.2E0,-1.55E0));
#5840=VERTEX_POINT('',#5839);
#5841=CARTESIAN_POINT('',(1.67E1,5.1E0,-1.55E0));
#5842=VERTEX_POINT('',#5841);
#5843=CARTESIAN_POINT('',(1.96E1,5.1E0,-5.5E-1));
#5844=CARTESIAN_POINT('',(1.96E1,3.2E0,-5.5E-1));
#5845=VERTEX_POINT('',#5843);
#5846=VERTEX_POINT('',#5844);
#5847=CARTESIAN_POINT('',(1.67E1,3.2E0,-5.5E-1));
#5848=VERTEX_POINT('',#5847);
#5849=CARTESIAN_POINT('',(1.67E1,5.1E0,-5.5E-1));
#5850=VERTEX_POINT('',#5849);
#5851=CARTESIAN_POINT('',(2.28E1,5.8E0,-1.55E0));
#5852=CARTESIAN_POINT('',(2.28E1,5.E0,-1.55E0));
#5853=VERTEX_POINT('',#5851);
#5854=VERTEX_POINT('',#5852);
#5855=CARTESIAN_POINT('',(2.11E1,5.E0,-1.55E0));
#5856=VERTEX_POINT('',#5855);
#5857=CARTESIAN_POINT('',(2.11E1,5.8E0,-1.55E0));
#5858=VERTEX_POINT('',#5857);
#5859=CARTESIAN_POINT('',(2.24E1,8.7E0,-1.55E0));
#5860=CARTESIAN_POINT('',(2.24E1,7.9E0,-1.55E0));
#5861=VERTEX_POINT('',#5859);
#5862=VERTEX_POINT('',#5860);
#5863=CARTESIAN_POINT('',(2.07E1,7.9E0,-1.55E0));
#5864=VERTEX_POINT('',#5863);
#5865=CARTESIAN_POINT('',(2.07E1,8.7E0,-1.55E0));
#5866=VERTEX_POINT('',#5865);
#5867=CARTESIAN_POINT('',(2.19E1,1.065506282758E1,-1.55E0));
#5868=CARTESIAN_POINT('',(2.19E1,9.855062827580E0,-1.55E0));
#5869=VERTEX_POINT('',#5867);
#5870=VERTEX_POINT('',#5868);
#5871=CARTESIAN_POINT('',(2.02E1,9.855062827580E0,-1.55E0));
#5872=VERTEX_POINT('',#5871);
#5873=CARTESIAN_POINT('',(2.02E1,1.065506282758E1,-1.55E0));
#5874=VERTEX_POINT('',#5873);
#5875=CARTESIAN_POINT('',(2.28E1,5.8E0,-5.5E-1));
#5876=CARTESIAN_POINT('',(2.28E1,5.E0,-5.5E-1));
#5877=VERTEX_POINT('',#5875);
#5878=VERTEX_POINT('',#5876);
#5879=CARTESIAN_POINT('',(2.11E1,5.E0,-5.5E-1));
#5880=VERTEX_POINT('',#5879);
#5881=CARTESIAN_POINT('',(2.11E1,5.8E0,-5.5E-1));
#5882=VERTEX_POINT('',#5881);
#5883=CARTESIAN_POINT('',(2.24E1,8.7E0,-5.5E-1));
#5884=CARTESIAN_POINT('',(2.24E1,7.9E0,-5.5E-1));
#5885=VERTEX_POINT('',#5883);
#5886=VERTEX_POINT('',#5884);
#5887=CARTESIAN_POINT('',(2.07E1,7.9E0,-5.5E-1));
#5888=VERTEX_POINT('',#5887);
#5889=CARTESIAN_POINT('',(2.07E1,8.7E0,-5.5E-1));
#5890=VERTEX_POINT('',#5889);
#5891=CARTESIAN_POINT('',(2.19E1,1.065506282758E1,-5.5E-1));
#5892=CARTESIAN_POINT('',(2.19E1,9.855062827580E0,-5.5E-1));
#5893=VERTEX_POINT('',#5891);
#5894=VERTEX_POINT('',#5892);
#5895=CARTESIAN_POINT('',(2.02E1,9.855062827580E0,-5.5E-1));
#5896=VERTEX_POINT('',#5895);
#5897=CARTESIAN_POINT('',(2.02E1,1.065506282758E1,-5.5E-1));
#5898=VERTEX_POINT('',#5897);
#5899=CARTESIAN_POINT('',(4.02E1,9.E0,-1.55E0));
#5900=CARTESIAN_POINT('',(4.02E1,8.2E0,-1.55E0));
#5901=VERTEX_POINT('',#5899);
#5902=VERTEX_POINT('',#5900);
#5903=CARTESIAN_POINT('',(3.85E1,8.2E0,-1.55E0));
#5904=VERTEX_POINT('',#5903);
#5905=CARTESIAN_POINT('',(3.85E1,9.E0,-1.55E0));
#5906=VERTEX_POINT('',#5905);
#5907=CARTESIAN_POINT('',(4.02E1,7.2E0,-1.55E0));
#5908=CARTESIAN_POINT('',(4.02E1,6.4E0,-1.55E0));
#5909=VERTEX_POINT('',#5907);
#5910=VERTEX_POINT('',#5908);
#5911=CARTESIAN_POINT('',(3.85E1,6.4E0,-1.55E0));
#5912=VERTEX_POINT('',#5911);
#5913=CARTESIAN_POINT('',(3.85E1,7.2E0,-1.55E0));
#5914=VERTEX_POINT('',#5913);
#5915=CARTESIAN_POINT('',(4.02E1,9.E0,-5.5E-1));
#5916=CARTESIAN_POINT('',(4.02E1,8.2E0,-5.5E-1));
#5917=VERTEX_POINT('',#5915);
#5918=VERTEX_POINT('',#5916);
#5919=CARTESIAN_POINT('',(3.85E1,8.2E0,-5.5E-1));
#5920=VERTEX_POINT('',#5919);
#5921=CARTESIAN_POINT('',(3.85E1,9.E0,-5.5E-1));
#5922=VERTEX_POINT('',#5921);
#5923=CARTESIAN_POINT('',(4.02E1,7.2E0,-5.5E-1));
#5924=CARTESIAN_POINT('',(4.02E1,6.4E0,-5.5E-1));
#5925=VERTEX_POINT('',#5923);
#5926=VERTEX_POINT('',#5924);
#5927=CARTESIAN_POINT('',(3.85E1,6.4E0,-5.5E-1));
#5928=VERTEX_POINT('',#5927);
#5929=CARTESIAN_POINT('',(3.85E1,7.2E0,-5.5E-1));
#5930=VERTEX_POINT('',#5929);
#5931=CARTESIAN_POINT('',(4.02E1,1.E0,-8.5E-1));
#5932=CARTESIAN_POINT('',(4.02E1,2.E-1,-8.5E-1));
#5933=VERTEX_POINT('',#5931);
#5934=VERTEX_POINT('',#5932);
#5935=CARTESIAN_POINT('',(3.85E1,2.E-1,-8.5E-1));
#5936=VERTEX_POINT('',#5935);
#5937=CARTESIAN_POINT('',(3.85E1,1.E0,-8.5E-1));
#5938=VERTEX_POINT('',#5937);
#5939=CARTESIAN_POINT('',(4.02E1,-6.E-1,-8.5E-1));
#5940=CARTESIAN_POINT('',(4.02E1,-1.4E0,-8.5E-1));
#5941=VERTEX_POINT('',#5939);
#5942=VERTEX_POINT('',#5940);
#5943=CARTESIAN_POINT('',(3.85E1,-1.4E0,-8.5E-1));
#5944=VERTEX_POINT('',#5943);
#5945=CARTESIAN_POINT('',(3.85E1,-6.E-1,-8.5E-1));
#5946=VERTEX_POINT('',#5945);
#5947=CARTESIAN_POINT('',(4.02E1,1.E0,-5.5E-1));
#5948=CARTESIAN_POINT('',(4.02E1,2.E-1,-5.5E-1));
#5949=VERTEX_POINT('',#5947);
#5950=VERTEX_POINT('',#5948);
#5951=CARTESIAN_POINT('',(3.85E1,2.E-1,-5.5E-1));
#5952=VERTEX_POINT('',#5951);
#5953=CARTESIAN_POINT('',(3.85E1,1.E0,-5.5E-1));
#5954=VERTEX_POINT('',#5953);
#5955=CARTESIAN_POINT('',(4.02E1,-6.E-1,-5.5E-1));
#5956=CARTESIAN_POINT('',(4.02E1,-1.4E0,-5.5E-1));
#5957=VERTEX_POINT('',#5955);
#5958=VERTEX_POINT('',#5956);
#5959=CARTESIAN_POINT('',(3.85E1,-1.4E0,-5.5E-1));
#5960=VERTEX_POINT('',#5959);
#5961=CARTESIAN_POINT('',(3.85E1,-6.E-1,-5.5E-1));
#5962=VERTEX_POINT('',#5961);
#5963=CARTESIAN_POINT('',(3.98E1,-5.9E0,-1.55E0));
#5964=CARTESIAN_POINT('',(3.98E1,-7.1E0,-1.55E0));
#5965=VERTEX_POINT('',#5963);
#5966=VERTEX_POINT('',#5964);
#5967=CARTESIAN_POINT('',(3.77E1,-7.1E0,-1.55E0));
#5968=VERTEX_POINT('',#5967);
#5969=CARTESIAN_POINT('',(3.77E1,-5.9E0,-1.55E0));
#5970=VERTEX_POINT('',#5969);
#5971=CARTESIAN_POINT('',(3.98E1,-5.9E0,-5.5E-1));
#5972=CARTESIAN_POINT('',(3.98E1,-7.1E0,-5.5E-1));
#5973=VERTEX_POINT('',#5971);
#5974=VERTEX_POINT('',#5972);
#5975=CARTESIAN_POINT('',(3.77E1,-7.1E0,-5.5E-1));
#5976=VERTEX_POINT('',#5975);
#5977=CARTESIAN_POINT('',(3.77E1,-5.9E0,-5.5E-1));
#5978=VERTEX_POINT('',#5977);
#5979=CARTESIAN_POINT('',(-5.4E0,6.E0,-5.5E-1));
#5980=CARTESIAN_POINT('',(-5.4E0,4.5E0,-5.5E-1));
#5981=VERTEX_POINT('',#5979);
#5982=VERTEX_POINT('',#5980);
#5983=CARTESIAN_POINT('',(-6.1E0,4.5E0,-5.5E-1));
#5984=VERTEX_POINT('',#5983);
#5985=CARTESIAN_POINT('',(6.1E0,4.5E0,-5.5E-1));
#5986=CARTESIAN_POINT('',(5.4E0,4.5E0,-5.5E-1));
#5987=VERTEX_POINT('',#5985);
#5988=VERTEX_POINT('',#5986);
#5989=CARTESIAN_POINT('',(5.4E0,6.E0,-5.5E-1));
#5990=VERTEX_POINT('',#5989);
#5991=CARTESIAN_POINT('',(-6.1E0,6.E0,-6.15E0));
#5992=CARTESIAN_POINT('',(-6.1E0,6.E0,-4.35E0));
#5993=VERTEX_POINT('',#5991);
#5994=VERTEX_POINT('',#5992);
#5995=CARTESIAN_POINT('',(-6.1E0,4.5E0,-3.45E0));
#5996=VERTEX_POINT('',#5995);
#5997=CARTESIAN_POINT('',(6.1E0,6.E0,-6.15E0));
#5998=CARTESIAN_POINT('',(6.1E0,6.E0,-4.35E0));
#5999=VERTEX_POINT('',#5997);
#6000=VERTEX_POINT('',#5998);
#6001=CARTESIAN_POINT('',(6.1E0,4.5E0,-3.45E0));
#6002=VERTEX_POINT('',#6001);
#6003=CARTESIAN_POINT('',(-5.4E0,4.5E0,-3.45E0));
#6004=CARTESIAN_POINT('',(-5.4E0,6.E0,-4.35E0));
#6005=VERTEX_POINT('',#6003);
#6006=VERTEX_POINT('',#6004);
#6007=CARTESIAN_POINT('',(5.4E0,4.5E0,-3.45E0));
#6008=VERTEX_POINT('',#6007);
#6009=CARTESIAN_POINT('',(5.4E0,6.E0,-4.35E0));
#6010=VERTEX_POINT('',#6009);
#6011=CARTESIAN_POINT('',(-2.205E1,-3.65E0,1.05E0));
#6012=CARTESIAN_POINT('',(-2.055E1,-3.65E0,1.05E0));
#6013=VERTEX_POINT('',#6011);
#6014=VERTEX_POINT('',#6012);
#6015=CARTESIAN_POINT('',(-3.955E1,-3.65E0,1.05E0));
#6016=CARTESIAN_POINT('',(-3.805E1,-3.65E0,1.05E0));
#6017=VERTEX_POINT('',#6015);
#6018=VERTEX_POINT('',#6016);
#6019=CARTESIAN_POINT('',(2.055E1,-3.65E0,1.05E0));
#6020=CARTESIAN_POINT('',(2.205E1,-3.65E0,1.05E0));
#6021=VERTEX_POINT('',#6019);
#6022=VERTEX_POINT('',#6020);
#6023=CARTESIAN_POINT('',(3.805E1,-3.65E0,1.05E0));
#6024=CARTESIAN_POINT('',(3.955E1,-3.65E0,1.05E0));
#6025=VERTEX_POINT('',#6023);
#6026=VERTEX_POINT('',#6024);
#6027=CARTESIAN_POINT('',(-2.205E1,-3.65E0,-4.060155320886E0));
#6028=CARTESIAN_POINT('',(-2.055E1,-3.65E0,-4.060155320886E0));
#6029=VERTEX_POINT('',#6027);
#6030=VERTEX_POINT('',#6028);
#6031=CARTESIAN_POINT('',(-3.955E1,-3.65E0,-4.060155320886E0));
#6032=CARTESIAN_POINT('',(-3.805E1,-3.65E0,-4.060155320886E0));
#6033=VERTEX_POINT('',#6031);
#6034=VERTEX_POINT('',#6032);
#6035=CARTESIAN_POINT('',(2.055E1,-3.65E0,-4.060155320886E0));
#6036=CARTESIAN_POINT('',(2.205E1,-3.65E0,-4.060155320886E0));
#6037=VERTEX_POINT('',#6035);
#6038=VERTEX_POINT('',#6036);
#6039=CARTESIAN_POINT('',(3.805E1,-3.65E0,-4.060155320886E0));
#6040=CARTESIAN_POINT('',(3.955E1,-3.65E0,-4.060155320886E0));
#6041=VERTEX_POINT('',#6039);
#6042=VERTEX_POINT('',#6040);
#6043=CARTESIAN_POINT('',(-4.26E1,-1.2E1,2.5E0));
#6044=DIRECTION('',(-1.E0,0.E0,0.E0));
#6045=DIRECTION('',(0.E0,1.E0,0.E0));
#6046=AXIS2_PLACEMENT_3D('',#6043,#6044,#6045);
#6047=PLANE('',#6046);
#6049=ORIENTED_EDGE('',*,*,#6048,.T.);
#6051=ORIENTED_EDGE('',*,*,#6050,.F.);
#6053=ORIENTED_EDGE('',*,*,#6052,.F.);
#6055=ORIENTED_EDGE('',*,*,#6054,.T.);
#6056=EDGE_LOOP('',(#6049,#6051,#6053,#6055));
#6057=FACE_OUTER_BOUND('',#6056,.F.);
#6058=ADVANCED_FACE('',(#6057),#6047,.T.);
#6059=CARTESIAN_POINT('',(-4.702924321915E1,1.450093584061E1,-5.5E-1));
#6060=DIRECTION('',(0.E0,0.E0,1.E0));
#6061=DIRECTION('',(1.E0,0.E0,0.E0));
#6062=AXIS2_PLACEMENT_3D('',#6059,#6060,#6061);
#6063=PLANE('',#6062);
#6065=ORIENTED_EDGE('',*,*,#6064,.T.);
#6067=ORIENTED_EDGE('',*,*,#6066,.T.);
#6069=ORIENTED_EDGE('',*,*,#6068,.F.);
#6071=ORIENTED_EDGE('',*,*,#6070,.T.);
#6072=ORIENTED_EDGE('',*,*,#6048,.F.);
#6074=ORIENTED_EDGE('',*,*,#6073,.T.);
#6076=ORIENTED_EDGE('',*,*,#6075,.T.);
#6078=ORIENTED_EDGE('',*,*,#6077,.T.);
#6080=ORIENTED_EDGE('',*,*,#6079,.F.);
#6082=ORIENTED_EDGE('',*,*,#6081,.T.);
#6084=ORIENTED_EDGE('',*,*,#6083,.T.);
#6086=ORIENTED_EDGE('',*,*,#6085,.T.);
#6087=EDGE_LOOP('',(#6065,#6067,#6069,#6071,#6072,#6074,#6076,#6078,#6080,#6082,
#6084,#6086));
#6088=FACE_OUTER_BOUND('',#6087,.F.);
#6090=ORIENTED_EDGE('',*,*,#6089,.F.);
#6092=ORIENTED_EDGE('',*,*,#6091,.F.);
#6094=ORIENTED_EDGE('',*,*,#6093,.F.);
#6096=ORIENTED_EDGE('',*,*,#6095,.F.);
#6097=EDGE_LOOP('',(#6090,#6092,#6094,#6096));
#6098=FACE_BOUND('',#6097,.F.);
#6100=ORIENTED_EDGE('',*,*,#6099,.F.);
#6102=ORIENTED_EDGE('',*,*,#6101,.F.);
#6103=EDGE_LOOP('',(#6100,#6102));
#6104=FACE_BOUND('',#6103,.F.);
#6106=ORIENTED_EDGE('',*,*,#6105,.F.);
#6108=ORIENTED_EDGE('',*,*,#6107,.F.);
#6109=EDGE_LOOP('',(#6106,#6108));
#6110=FACE_BOUND('',#6109,.F.);
#6112=ORIENTED_EDGE('',*,*,#6111,.F.);
#6114=ORIENTED_EDGE('',*,*,#6113,.F.);
#6115=EDGE_LOOP('',(#6112,#6114));
#6116=FACE_BOUND('',#6115,.F.);
#6118=ORIENTED_EDGE('',*,*,#6117,.F.);
#6120=ORIENTED_EDGE('',*,*,#6119,.F.);
#6121=EDGE_LOOP('',(#6118,#6120));
#6122=FACE_BOUND('',#6121,.F.);
#6124=ORIENTED_EDGE('',*,*,#6123,.F.);
#6126=ORIENTED_EDGE('',*,*,#6125,.F.);
#6128=ORIENTED_EDGE('',*,*,#6127,.F.);
#6130=ORIENTED_EDGE('',*,*,#6129,.F.);
#6132=ORIENTED_EDGE('',*,*,#6131,.F.);
#6134=ORIENTED_EDGE('',*,*,#6133,.T.);
#6136=ORIENTED_EDGE('',*,*,#6135,.F.);
#6138=ORIENTED_EDGE('',*,*,#6137,.F.);
#6140=ORIENTED_EDGE('',*,*,#6139,.F.);
#6142=ORIENTED_EDGE('',*,*,#6141,.F.);
#6144=ORIENTED_EDGE('',*,*,#6143,.F.);
#6146=ORIENTED_EDGE('',*,*,#6145,.T.);
#6147=EDGE_LOOP('',(#6124,#6126,#6128,#6130,#6132,#6134,#6136,#6138,#6140,#6142,
#6144,#6146));
#6148=FACE_BOUND('',#6147,.F.);
#6150=ORIENTED_EDGE('',*,*,#6149,.T.);
#6152=ORIENTED_EDGE('',*,*,#6151,.T.);
#6153=EDGE_LOOP('',(#6150,#6152));
#6154=FACE_BOUND('',#6153,.F.);
#6156=ORIENTED_EDGE('',*,*,#6155,.T.);
#6158=ORIENTED_EDGE('',*,*,#6157,.T.);
#6159=EDGE_LOOP('',(#6156,#6158));
#6160=FACE_BOUND('',#6159,.F.);
#6162=ORIENTED_EDGE('',*,*,#6161,.T.);
#6164=ORIENTED_EDGE('',*,*,#6163,.T.);
#6165=EDGE_LOOP('',(#6162,#6164));
#6166=FACE_BOUND('',#6165,.F.);
#6168=ORIENTED_EDGE('',*,*,#6167,.T.);
#6170=ORIENTED_EDGE('',*,*,#6169,.T.);
#6171=EDGE_LOOP('',(#6168,#6170));
#6172=FACE_BOUND('',#6171,.F.);
#6174=ORIENTED_EDGE('',*,*,#6173,.T.);
#6176=ORIENTED_EDGE('',*,*,#6175,.T.);
#6178=ORIENTED_EDGE('',*,*,#6177,.T.);
#6180=ORIENTED_EDGE('',*,*,#6179,.T.);
#6181=EDGE_LOOP('',(#6174,#6176,#6178,#6180));
#6182=FACE_BOUND('',#6181,.F.);
#6184=ORIENTED_EDGE('',*,*,#6183,.T.);
#6186=ORIENTED_EDGE('',*,*,#6185,.T.);
#6188=ORIENTED_EDGE('',*,*,#6187,.T.);
#6190=ORIENTED_EDGE('',*,*,#6189,.T.);
#6192=ORIENTED_EDGE('',*,*,#6191,.T.);
#6194=ORIENTED_EDGE('',*,*,#6193,.T.);
#6196=ORIENTED_EDGE('',*,*,#6195,.F.);
#6198=ORIENTED_EDGE('',*,*,#6197,.T.);
#6200=ORIENTED_EDGE('',*,*,#6199,.T.);
#6202=ORIENTED_EDGE('',*,*,#6201,.T.);
#6204=ORIENTED_EDGE('',*,*,#6203,.T.);
#6206=ORIENTED_EDGE('',*,*,#6205,.T.);
#6208=ORIENTED_EDGE('',*,*,#6207,.F.);
#6210=ORIENTED_EDGE('',*,*,#6209,.T.);
#6212=ORIENTED_EDGE('',*,*,#6211,.T.);
#6214=ORIENTED_EDGE('',*,*,#6213,.T.);
#6215=EDGE_LOOP('',(#6184,#6186,#6188,#6190,#6192,#6194,#6196,#6198,#6200,#6202,
#6204,#6206,#6208,#6210,#6212,#6214));
#6216=FACE_BOUND('',#6215,.F.);
#6218=ORIENTED_EDGE('',*,*,#6217,.T.);
#6220=ORIENTED_EDGE('',*,*,#6219,.T.);
#6222=ORIENTED_EDGE('',*,*,#6221,.T.);
#6224=ORIENTED_EDGE('',*,*,#6223,.T.);
#6225=EDGE_LOOP('',(#6218,#6220,#6222,#6224));
#6226=FACE_BOUND('',#6225,.F.);
#6228=ORIENTED_EDGE('',*,*,#6227,.T.);
#6230=ORIENTED_EDGE('',*,*,#6229,.T.);
#6232=ORIENTED_EDGE('',*,*,#6231,.T.);
#6234=ORIENTED_EDGE('',*,*,#6233,.T.);
#6235=EDGE_LOOP('',(#6228,#6230,#6232,#6234));
#6236=FACE_BOUND('',#6235,.F.);
#6238=ORIENTED_EDGE('',*,*,#6237,.T.);
#6240=ORIENTED_EDGE('',*,*,#6239,.T.);
#6242=ORIENTED_EDGE('',*,*,#6241,.T.);
#6244=ORIENTED_EDGE('',*,*,#6243,.T.);
#6245=EDGE_LOOP('',(#6238,#6240,#6242,#6244));
#6246=FACE_BOUND('',#6245,.F.);
#6248=ORIENTED_EDGE('',*,*,#6247,.T.);
#6250=ORIENTED_EDGE('',*,*,#6249,.T.);
#6252=ORIENTED_EDGE('',*,*,#6251,.T.);
#6254=ORIENTED_EDGE('',*,*,#6253,.T.);
#6255=EDGE_LOOP('',(#6248,#6250,#6252,#6254));
#6256=FACE_BOUND('',#6255,.F.);
#6258=ORIENTED_EDGE('',*,*,#6257,.T.);
#6260=ORIENTED_EDGE('',*,*,#6259,.T.);
#6262=ORIENTED_EDGE('',*,*,#6261,.T.);
#6264=ORIENTED_EDGE('',*,*,#6263,.T.);
#6265=EDGE_LOOP('',(#6258,#6260,#6262,#6264));
#6266=FACE_BOUND('',#6265,.F.);
#6268=ORIENTED_EDGE('',*,*,#6267,.T.);
#6270=ORIENTED_EDGE('',*,*,#6269,.T.);
#6272=ORIENTED_EDGE('',*,*,#6271,.T.);
#6274=ORIENTED_EDGE('',*,*,#6273,.T.);
#6275=EDGE_LOOP('',(#6268,#6270,#6272,#6274));
#6276=FACE_BOUND('',#6275,.F.);
#6278=ORIENTED_EDGE('',*,*,#6277,.T.);
#6280=ORIENTED_EDGE('',*,*,#6279,.T.);
#6282=ORIENTED_EDGE('',*,*,#6281,.T.);
#6284=ORIENTED_EDGE('',*,*,#6283,.T.);
#6285=EDGE_LOOP('',(#6278,#6280,#6282,#6284));
#6286=FACE_BOUND('',#6285,.F.);
#6288=ORIENTED_EDGE('',*,*,#6287,.T.);
#6290=ORIENTED_EDGE('',*,*,#6289,.T.);
#6292=ORIENTED_EDGE('',*,*,#6291,.T.);
#6294=ORIENTED_EDGE('',*,*,#6293,.T.);
#6295=EDGE_LOOP('',(#6288,#6290,#6292,#6294));
#6296=FACE_BOUND('',#6295,.F.);
#6298=ORIENTED_EDGE('',*,*,#6297,.T.);
#6300=ORIENTED_EDGE('',*,*,#6299,.T.);
#6302=ORIENTED_EDGE('',*,*,#6301,.T.);
#6304=ORIENTED_EDGE('',*,*,#6303,.T.);
#6305=EDGE_LOOP('',(#6298,#6300,#6302,#6304));
#6306=FACE_BOUND('',#6305,.F.);
#6308=ORIENTED_EDGE('',*,*,#6307,.T.);
#6310=ORIENTED_EDGE('',*,*,#6309,.T.);
#6312=ORIENTED_EDGE('',*,*,#6311,.T.);
#6314=ORIENTED_EDGE('',*,*,#6313,.T.);
#6315=EDGE_LOOP('',(#6308,#6310,#6312,#6314));
#6316=FACE_BOUND('',#6315,.F.);
#6318=ORIENTED_EDGE('',*,*,#6317,.T.);
#6320=ORIENTED_EDGE('',*,*,#6319,.T.);
#6322=ORIENTED_EDGE('',*,*,#6321,.T.);
#6324=ORIENTED_EDGE('',*,*,#6323,.T.);
#6325=EDGE_LOOP('',(#6318,#6320,#6322,#6324));
#6326=FACE_BOUND('',#6325,.F.);
#6328=ORIENTED_EDGE('',*,*,#6327,.T.);
#6330=ORIENTED_EDGE('',*,*,#6329,.T.);
#6332=ORIENTED_EDGE('',*,*,#6331,.T.);
#6334=ORIENTED_EDGE('',*,*,#6333,.T.);
#6335=EDGE_LOOP('',(#6328,#6330,#6332,#6334));
#6336=FACE_BOUND('',#6335,.F.);
#6338=ORIENTED_EDGE('',*,*,#6337,.T.);
#6340=ORIENTED_EDGE('',*,*,#6339,.T.);
#6342=ORIENTED_EDGE('',*,*,#6341,.T.);
#6344=ORIENTED_EDGE('',*,*,#6343,.T.);
#6345=EDGE_LOOP('',(#6338,#6340,#6342,#6344));
#6346=FACE_BOUND('',#6345,.F.);
#6348=ORIENTED_EDGE('',*,*,#6347,.T.);
#6350=ORIENTED_EDGE('',*,*,#6349,.T.);
#6352=ORIENTED_EDGE('',*,*,#6351,.T.);
#6354=ORIENTED_EDGE('',*,*,#6353,.T.);
#6355=EDGE_LOOP('',(#6348,#6350,#6352,#6354));
#6356=FACE_BOUND('',#6355,.F.);
#6358=ORIENTED_EDGE('',*,*,#6357,.T.);
#6360=ORIENTED_EDGE('',*,*,#6359,.T.);
#6362=ORIENTED_EDGE('',*,*,#6361,.T.);
#6364=ORIENTED_EDGE('',*,*,#6363,.T.);
#6365=EDGE_LOOP('',(#6358,#6360,#6362,#6364));
#6366=FACE_BOUND('',#6365,.F.);
#6368=ORIENTED_EDGE('',*,*,#6367,.T.);
#6370=ORIENTED_EDGE('',*,*,#6369,.T.);
#6372=ORIENTED_EDGE('',*,*,#6371,.T.);
#6374=ORIENTED_EDGE('',*,*,#6373,.T.);
#6375=EDGE_LOOP('',(#6368,#6370,#6372,#6374));
#6376=FACE_BOUND('',#6375,.F.);
#6378=ORIENTED_EDGE('',*,*,#6377,.T.);
#6380=ORIENTED_EDGE('',*,*,#6379,.T.);
#6382=ORIENTED_EDGE('',*,*,#6381,.T.);
#6384=ORIENTED_EDGE('',*,*,#6383,.T.);
#6385=EDGE_LOOP('',(#6378,#6380,#6382,#6384));
#6386=FACE_BOUND('',#6385,.F.);
#6388=ORIENTED_EDGE('',*,*,#6387,.T.);
#6390=ORIENTED_EDGE('',*,*,#6389,.T.);
#6392=ORIENTED_EDGE('',*,*,#6391,.T.);
#6394=ORIENTED_EDGE('',*,*,#6393,.T.);
#6395=EDGE_LOOP('',(#6388,#6390,#6392,#6394));
#6396=FACE_BOUND('',#6395,.F.);
#6398=ORIENTED_EDGE('',*,*,#6397,.T.);
#6400=ORIENTED_EDGE('',*,*,#6399,.T.);
#6402=ORIENTED_EDGE('',*,*,#6401,.T.);
#6404=ORIENTED_EDGE('',*,*,#6403,.T.);
#6405=EDGE_LOOP('',(#6398,#6400,#6402,#6404));
#6406=FACE_BOUND('',#6405,.F.);
#6408=ORIENTED_EDGE('',*,*,#6407,.T.);
#6410=ORIENTED_EDGE('',*,*,#6409,.T.);
#6412=ORIENTED_EDGE('',*,*,#6411,.T.);
#6414=ORIENTED_EDGE('',*,*,#6413,.T.);
#6415=EDGE_LOOP('',(#6408,#6410,#6412,#6414));
#6416=FACE_BOUND('',#6415,.F.);
#6418=ORIENTED_EDGE('',*,*,#6417,.T.);
#6420=ORIENTED_EDGE('',*,*,#6419,.T.);
#6422=ORIENTED_EDGE('',*,*,#6421,.T.);
#6424=ORIENTED_EDGE('',*,*,#6423,.T.);
#6425=EDGE_LOOP('',(#6418,#6420,#6422,#6424));
#6426=FACE_BOUND('',#6425,.F.);
#6428=ORIENTED_EDGE('',*,*,#6427,.T.);
#6430=ORIENTED_EDGE('',*,*,#6429,.T.);
#6432=ORIENTED_EDGE('',*,*,#6431,.T.);
#6434=ORIENTED_EDGE('',*,*,#6433,.T.);
#6435=EDGE_LOOP('',(#6428,#6430,#6432,#6434));
#6436=FACE_BOUND('',#6435,.F.);
#6438=ORIENTED_EDGE('',*,*,#6437,.T.);
#6440=ORIENTED_EDGE('',*,*,#6439,.T.);
#6442=ORIENTED_EDGE('',*,*,#6441,.T.);
#6444=ORIENTED_EDGE('',*,*,#6443,.T.);
#6445=EDGE_LOOP('',(#6438,#6440,#6442,#6444));
#6446=FACE_BOUND('',#6445,.F.);
#6448=ORIENTED_EDGE('',*,*,#6447,.T.);
#6450=ORIENTED_EDGE('',*,*,#6449,.T.);
#6452=ORIENTED_EDGE('',*,*,#6451,.T.);
#6454=ORIENTED_EDGE('',*,*,#6453,.T.);
#6455=EDGE_LOOP('',(#6448,#6450,#6452,#6454));
#6456=FACE_BOUND('',#6455,.F.);
#6458=ORIENTED_EDGE('',*,*,#6457,.T.);
#6460=ORIENTED_EDGE('',*,*,#6459,.T.);
#6462=ORIENTED_EDGE('',*,*,#6461,.T.);
#6464=ORIENTED_EDGE('',*,*,#6463,.T.);
#6465=EDGE_LOOP('',(#6458,#6460,#6462,#6464));
#6466=FACE_BOUND('',#6465,.F.);
#6468=ORIENTED_EDGE('',*,*,#6467,.T.);
#6470=ORIENTED_EDGE('',*,*,#6469,.T.);
#6472=ORIENTED_EDGE('',*,*,#6471,.T.);
#6474=ORIENTED_EDGE('',*,*,#6473,.T.);
#6475=EDGE_LOOP('',(#6468,#6470,#6472,#6474));
#6476=FACE_BOUND('',#6475,.F.);
#6478=ORIENTED_EDGE('',*,*,#6477,.T.);
#6480=ORIENTED_EDGE('',*,*,#6479,.T.);
#6482=ORIENTED_EDGE('',*,*,#6481,.T.);
#6484=ORIENTED_EDGE('',*,*,#6483,.T.);
#6485=EDGE_LOOP('',(#6478,#6480,#6482,#6484));
#6486=FACE_BOUND('',#6485,.F.);
#6488=ORIENTED_EDGE('',*,*,#6487,.T.);
#6490=ORIENTED_EDGE('',*,*,#6489,.T.);
#6492=ORIENTED_EDGE('',*,*,#6491,.T.);
#6494=ORIENTED_EDGE('',*,*,#6493,.T.);
#6495=EDGE_LOOP('',(#6488,#6490,#6492,#6494));
#6496=FACE_BOUND('',#6495,.F.);
#6498=ORIENTED_EDGE('',*,*,#6497,.T.);
#6500=ORIENTED_EDGE('',*,*,#6499,.T.);
#6502=ORIENTED_EDGE('',*,*,#6501,.T.);
#6504=ORIENTED_EDGE('',*,*,#6503,.T.);
#6505=EDGE_LOOP('',(#6498,#6500,#6502,#6504));
#6506=FACE_BOUND('',#6505,.F.);
#6508=ORIENTED_EDGE('',*,*,#6507,.T.);
#6510=ORIENTED_EDGE('',*,*,#6509,.T.);
#6512=ORIENTED_EDGE('',*,*,#6511,.T.);
#6514=ORIENTED_EDGE('',*,*,#6513,.T.);
#6515=EDGE_LOOP('',(#6508,#6510,#6512,#6514));
#6516=FACE_BOUND('',#6515,.F.);
#6518=ORIENTED_EDGE('',*,*,#6517,.T.);
#6520=ORIENTED_EDGE('',*,*,#6519,.T.);
#6522=ORIENTED_EDGE('',*,*,#6521,.T.);
#6524=ORIENTED_EDGE('',*,*,#6523,.T.);
#6525=EDGE_LOOP('',(#6518,#6520,#6522,#6524));
#6526=FACE_BOUND('',#6525,.F.);
#6528=ORIENTED_EDGE('',*,*,#6527,.T.);
#6530=ORIENTED_EDGE('',*,*,#6529,.T.);
#6532=ORIENTED_EDGE('',*,*,#6531,.T.);
#6534=ORIENTED_EDGE('',*,*,#6533,.T.);
#6535=EDGE_LOOP('',(#6528,#6530,#6532,#6534));
#6536=FACE_BOUND('',#6535,.F.);
#6538=ORIENTED_EDGE('',*,*,#6537,.T.);
#6540=ORIENTED_EDGE('',*,*,#6539,.T.);
#6542=ORIENTED_EDGE('',*,*,#6541,.T.);
#6544=ORIENTED_EDGE('',*,*,#6543,.T.);
#6545=EDGE_LOOP('',(#6538,#6540,#6542,#6544));
#6546=FACE_BOUND('',#6545,.F.);
#6548=ORIENTED_EDGE('',*,*,#6547,.T.);
#6550=ORIENTED_EDGE('',*,*,#6549,.T.);
#6552=ORIENTED_EDGE('',*,*,#6551,.T.);
#6554=ORIENTED_EDGE('',*,*,#6553,.T.);
#6555=EDGE_LOOP('',(#6548,#6550,#6552,#6554));
#6556=FACE_BOUND('',#6555,.F.);
#6558=ORIENTED_EDGE('',*,*,#6557,.T.);
#6560=ORIENTED_EDGE('',*,*,#6559,.T.);
#6562=ORIENTED_EDGE('',*,*,#6561,.T.);
#6564=ORIENTED_EDGE('',*,*,#6563,.T.);
#6565=EDGE_LOOP('',(#6558,#6560,#6562,#6564));
#6566=FACE_BOUND('',#6565,.F.);
#6568=ORIENTED_EDGE('',*,*,#6567,.T.);
#6570=ORIENTED_EDGE('',*,*,#6569,.T.);
#6572=ORIENTED_EDGE('',*,*,#6571,.T.);
#6574=ORIENTED_EDGE('',*,*,#6573,.T.);
#6575=EDGE_LOOP('',(#6568,#6570,#6572,#6574));
#6576=FACE_BOUND('',#6575,.F.);
#6578=ORIENTED_EDGE('',*,*,#6577,.T.);
#6580=ORIENTED_EDGE('',*,*,#6579,.T.);
#6582=ORIENTED_EDGE('',*,*,#6581,.T.);
#6584=ORIENTED_EDGE('',*,*,#6583,.T.);
#6585=EDGE_LOOP('',(#6578,#6580,#6582,#6584));
#6586=FACE_BOUND('',#6585,.F.);
#6588=ORIENTED_EDGE('',*,*,#6587,.T.);
#6590=ORIENTED_EDGE('',*,*,#6589,.T.);
#6592=ORIENTED_EDGE('',*,*,#6591,.T.);
#6594=ORIENTED_EDGE('',*,*,#6593,.T.);
#6595=EDGE_LOOP('',(#6588,#6590,#6592,#6594));
#6596=FACE_BOUND('',#6595,.F.);
#6598=ORIENTED_EDGE('',*,*,#6597,.T.);
#6600=ORIENTED_EDGE('',*,*,#6599,.T.);
#6602=ORIENTED_EDGE('',*,*,#6601,.T.);
#6604=ORIENTED_EDGE('',*,*,#6603,.T.);
#6605=EDGE_LOOP('',(#6598,#6600,#6602,#6604));
#6606=FACE_BOUND('',#6605,.F.);
#6608=ORIENTED_EDGE('',*,*,#6607,.T.);
#6610=ORIENTED_EDGE('',*,*,#6609,.T.);
#6612=ORIENTED_EDGE('',*,*,#6611,.T.);
#6614=ORIENTED_EDGE('',*,*,#6613,.T.);
#6615=EDGE_LOOP('',(#6608,#6610,#6612,#6614));
#6616=FACE_BOUND('',#6615,.F.);
#6618=ORIENTED_EDGE('',*,*,#6617,.T.);
#6620=ORIENTED_EDGE('',*,*,#6619,.T.);
#6622=ORIENTED_EDGE('',*,*,#6621,.T.);
#6624=ORIENTED_EDGE('',*,*,#6623,.T.);
#6625=EDGE_LOOP('',(#6618,#6620,#6622,#6624));
#6626=FACE_BOUND('',#6625,.F.);
#6628=ORIENTED_EDGE('',*,*,#6627,.T.);
#6630=ORIENTED_EDGE('',*,*,#6629,.T.);
#6632=ORIENTED_EDGE('',*,*,#6631,.T.);
#6634=ORIENTED_EDGE('',*,*,#6633,.T.);
#6635=EDGE_LOOP('',(#6628,#6630,#6632,#6634));
#6636=FACE_BOUND('',#6635,.F.);
#6638=ORIENTED_EDGE('',*,*,#6637,.T.);
#6640=ORIENTED_EDGE('',*,*,#6639,.T.);
#6642=ORIENTED_EDGE('',*,*,#6641,.T.);
#6644=ORIENTED_EDGE('',*,*,#6643,.T.);
#6645=EDGE_LOOP('',(#6638,#6640,#6642,#6644));
#6646=FACE_BOUND('',#6645,.F.);
#6648=ORIENTED_EDGE('',*,*,#6647,.T.);
#6650=ORIENTED_EDGE('',*,*,#6649,.T.);
#6652=ORIENTED_EDGE('',*,*,#6651,.T.);
#6654=ORIENTED_EDGE('',*,*,#6653,.T.);
#6655=EDGE_LOOP('',(#6648,#6650,#6652,#6654));
#6656=FACE_BOUND('',#6655,.F.);
#6658=ORIENTED_EDGE('',*,*,#6657,.T.);
#6660=ORIENTED_EDGE('',*,*,#6659,.T.);
#6662=ORIENTED_EDGE('',*,*,#6661,.T.);
#6664=ORIENTED_EDGE('',*,*,#6663,.T.);
#6665=EDGE_LOOP('',(#6658,#6660,#6662,#6664));
#6666=FACE_BOUND('',#6665,.F.);
#6668=ORIENTED_EDGE('',*,*,#6667,.T.);
#6670=ORIENTED_EDGE('',*,*,#6669,.T.);
#6672=ORIENTED_EDGE('',*,*,#6671,.T.);
#6674=ORIENTED_EDGE('',*,*,#6673,.T.);
#6675=EDGE_LOOP('',(#6668,#6670,#6672,#6674));
#6676=FACE_BOUND('',#6675,.F.);
#6678=ORIENTED_EDGE('',*,*,#6677,.T.);
#6680=ORIENTED_EDGE('',*,*,#6679,.T.);
#6682=ORIENTED_EDGE('',*,*,#6681,.T.);
#6684=ORIENTED_EDGE('',*,*,#6683,.T.);
#6685=EDGE_LOOP('',(#6678,#6680,#6682,#6684));
#6686=FACE_BOUND('',#6685,.F.);
#6688=ORIENTED_EDGE('',*,*,#6687,.T.);
#6690=ORIENTED_EDGE('',*,*,#6689,.T.);
#6692=ORIENTED_EDGE('',*,*,#6691,.T.);
#6694=ORIENTED_EDGE('',*,*,#6693,.T.);
#6695=EDGE_LOOP('',(#6688,#6690,#6692,#6694));
#6696=FACE_BOUND('',#6695,.F.);
#6698=ORIENTED_EDGE('',*,*,#6697,.T.);
#6700=ORIENTED_EDGE('',*,*,#6699,.T.);
#6702=ORIENTED_EDGE('',*,*,#6701,.T.);
#6704=ORIENTED_EDGE('',*,*,#6703,.T.);
#6705=EDGE_LOOP('',(#6698,#6700,#6702,#6704));
#6706=FACE_BOUND('',#6705,.F.);
#6708=ORIENTED_EDGE('',*,*,#6707,.T.);
#6710=ORIENTED_EDGE('',*,*,#6709,.T.);
#6712=ORIENTED_EDGE('',*,*,#6711,.T.);
#6714=ORIENTED_EDGE('',*,*,#6713,.T.);
#6715=EDGE_LOOP('',(#6708,#6710,#6712,#6714));
#6716=FACE_BOUND('',#6715,.F.);
#6718=ORIENTED_EDGE('',*,*,#6717,.T.);
#6720=ORIENTED_EDGE('',*,*,#6719,.T.);
#6722=ORIENTED_EDGE('',*,*,#6721,.T.);
#6724=ORIENTED_EDGE('',*,*,#6723,.T.);
#6725=EDGE_LOOP('',(#6718,#6720,#6722,#6724));
#6726=FACE_BOUND('',#6725,.F.);
#6728=ORIENTED_EDGE('',*,*,#6727,.T.);
#6730=ORIENTED_EDGE('',*,*,#6729,.T.);
#6732=ORIENTED_EDGE('',*,*,#6731,.T.);
#6734=ORIENTED_EDGE('',*,*,#6733,.T.);
#6735=EDGE_LOOP('',(#6728,#6730,#6732,#6734));
#6736=FACE_BOUND('',#6735,.F.);
#6738=ORIENTED_EDGE('',*,*,#6737,.T.);
#6740=ORIENTED_EDGE('',*,*,#6739,.T.);
#6742=ORIENTED_EDGE('',*,*,#6741,.T.);
#6744=ORIENTED_EDGE('',*,*,#6743,.T.);
#6745=EDGE_LOOP('',(#6738,#6740,#6742,#6744));
#6746=FACE_BOUND('',#6745,.F.);
#6748=ORIENTED_EDGE('',*,*,#6747,.T.);
#6750=ORIENTED_EDGE('',*,*,#6749,.T.);
#6752=ORIENTED_EDGE('',*,*,#6751,.T.);
#6754=ORIENTED_EDGE('',*,*,#6753,.T.);
#6755=EDGE_LOOP('',(#6748,#6750,#6752,#6754));
#6756=FACE_BOUND('',#6755,.F.);
#6758=ORIENTED_EDGE('',*,*,#6757,.T.);
#6760=ORIENTED_EDGE('',*,*,#6759,.T.);
#6762=ORIENTED_EDGE('',*,*,#6761,.T.);
#6764=ORIENTED_EDGE('',*,*,#6763,.T.);
#6765=EDGE_LOOP('',(#6758,#6760,#6762,#6764));
#6766=FACE_BOUND('',#6765,.F.);
#6768=ORIENTED_EDGE('',*,*,#6767,.T.);
#6770=ORIENTED_EDGE('',*,*,#6769,.T.);
#6772=ORIENTED_EDGE('',*,*,#6771,.T.);
#6774=ORIENTED_EDGE('',*,*,#6773,.T.);
#6775=EDGE_LOOP('',(#6768,#6770,#6772,#6774));
#6776=FACE_BOUND('',#6775,.F.);
#6778=ORIENTED_EDGE('',*,*,#6777,.T.);
#6780=ORIENTED_EDGE('',*,*,#6779,.T.);
#6782=ORIENTED_EDGE('',*,*,#6781,.T.);
#6784=ORIENTED_EDGE('',*,*,#6783,.T.);
#6785=EDGE_LOOP('',(#6778,#6780,#6782,#6784));
#6786=FACE_BOUND('',#6785,.F.);
#6788=ORIENTED_EDGE('',*,*,#6787,.T.);
#6790=ORIENTED_EDGE('',*,*,#6789,.T.);
#6792=ORIENTED_EDGE('',*,*,#6791,.T.);
#6794=ORIENTED_EDGE('',*,*,#6793,.T.);
#6795=EDGE_LOOP('',(#6788,#6790,#6792,#6794));
#6796=FACE_BOUND('',#6795,.F.);
#6798=ORIENTED_EDGE('',*,*,#6797,.T.);
#6800=ORIENTED_EDGE('',*,*,#6799,.T.);
#6802=ORIENTED_EDGE('',*,*,#6801,.T.);
#6804=ORIENTED_EDGE('',*,*,#6803,.T.);
#6805=EDGE_LOOP('',(#6798,#6800,#6802,#6804));
#6806=FACE_BOUND('',#6805,.F.);
#6808=ORIENTED_EDGE('',*,*,#6807,.T.);
#6810=ORIENTED_EDGE('',*,*,#6809,.T.);
#6812=ORIENTED_EDGE('',*,*,#6811,.T.);
#6814=ORIENTED_EDGE('',*,*,#6813,.T.);
#6815=EDGE_LOOP('',(#6808,#6810,#6812,#6814));
#6816=FACE_BOUND('',#6815,.F.);
#6818=ORIENTED_EDGE('',*,*,#6817,.T.);
#6820=ORIENTED_EDGE('',*,*,#6819,.T.);
#6822=ORIENTED_EDGE('',*,*,#6821,.T.);
#6824=ORIENTED_EDGE('',*,*,#6823,.T.);
#6825=EDGE_LOOP('',(#6818,#6820,#6822,#6824));
#6826=FACE_BOUND('',#6825,.F.);
#6828=ORIENTED_EDGE('',*,*,#6827,.T.);
#6830=ORIENTED_EDGE('',*,*,#6829,.T.);
#6832=ORIENTED_EDGE('',*,*,#6831,.T.);
#6834=ORIENTED_EDGE('',*,*,#6833,.T.);
#6835=EDGE_LOOP('',(#6828,#6830,#6832,#6834));
#6836=FACE_BOUND('',#6835,.F.);
#6838=ORIENTED_EDGE('',*,*,#6837,.T.);
#6840=ORIENTED_EDGE('',*,*,#6839,.T.);
#6842=ORIENTED_EDGE('',*,*,#6841,.T.);
#6844=ORIENTED_EDGE('',*,*,#6843,.T.);
#6845=EDGE_LOOP('',(#6838,#6840,#6842,#6844));
#6846=FACE_BOUND('',#6845,.F.);
#6848=ORIENTED_EDGE('',*,*,#6847,.T.);
#6850=ORIENTED_EDGE('',*,*,#6849,.T.);
#6852=ORIENTED_EDGE('',*,*,#6851,.T.);
#6854=ORIENTED_EDGE('',*,*,#6853,.T.);
#6855=EDGE_LOOP('',(#6848,#6850,#6852,#6854));
#6856=FACE_BOUND('',#6855,.F.);
#6858=ORIENTED_EDGE('',*,*,#6857,.T.);
#6860=ORIENTED_EDGE('',*,*,#6859,.T.);
#6862=ORIENTED_EDGE('',*,*,#6861,.T.);
#6864=ORIENTED_EDGE('',*,*,#6863,.T.);
#6865=EDGE_LOOP('',(#6858,#6860,#6862,#6864));
#6866=FACE_BOUND('',#6865,.F.);
#6868=ORIENTED_EDGE('',*,*,#6867,.T.);
#6870=ORIENTED_EDGE('',*,*,#6869,.T.);
#6872=ORIENTED_EDGE('',*,*,#6871,.T.);
#6874=ORIENTED_EDGE('',*,*,#6873,.T.);
#6875=EDGE_LOOP('',(#6868,#6870,#6872,#6874));
#6876=FACE_BOUND('',#6875,.F.);
#6878=ORIENTED_EDGE('',*,*,#6877,.T.);
#6880=ORIENTED_EDGE('',*,*,#6879,.T.);
#6882=ORIENTED_EDGE('',*,*,#6881,.T.);
#6884=ORIENTED_EDGE('',*,*,#6883,.T.);
#6885=EDGE_LOOP('',(#6878,#6880,#6882,#6884));
#6886=FACE_BOUND('',#6885,.F.);
#6888=ORIENTED_EDGE('',*,*,#6887,.T.);
#6890=ORIENTED_EDGE('',*,*,#6889,.T.);
#6892=ORIENTED_EDGE('',*,*,#6891,.T.);
#6894=ORIENTED_EDGE('',*,*,#6893,.T.);
#6895=EDGE_LOOP('',(#6888,#6890,#6892,#6894));
#6896=FACE_BOUND('',#6895,.F.);
#6898=ORIENTED_EDGE('',*,*,#6897,.T.);
#6900=ORIENTED_EDGE('',*,*,#6899,.T.);
#6902=ORIENTED_EDGE('',*,*,#6901,.T.);
#6904=ORIENTED_EDGE('',*,*,#6903,.T.);
#6905=EDGE_LOOP('',(#6898,#6900,#6902,#6904));
#6906=FACE_BOUND('',#6905,.F.);
#6908=ORIENTED_EDGE('',*,*,#6907,.T.);
#6910=ORIENTED_EDGE('',*,*,#6909,.T.);
#6912=ORIENTED_EDGE('',*,*,#6911,.T.);
#6914=ORIENTED_EDGE('',*,*,#6913,.T.);
#6915=EDGE_LOOP('',(#6908,#6910,#6912,#6914));
#6916=FACE_BOUND('',#6915,.F.);
#6917=ADVANCED_FACE('',(#6088,#6098,#6104,#6110,#6116,#6122,#6148,#6154,#6160,
#6166,#6172,#6182,#6216,#6226,#6236,#6246,#6256,#6266,#6276,#6286,#6296,#6306,
#6316,#6326,#6336,#6346,#6356,#6366,#6376,#6386,#6396,#6406,#6416,#6426,#6436,
#6446,#6456,#6466,#6476,#6486,#6496,#6506,#6516,#6526,#6536,#6546,#6556,#6566,
#6576,#6586,#6596,#6606,#6616,#6626,#6636,#6646,#6656,#6666,#6676,#6686,#6696,
#6706,#6716,#6726,#6736,#6746,#6756,#6766,#6776,#6786,#6796,#6806,#6816,#6826,
#6836,#6846,#6856,#6866,#6876,#6886,#6896,#6906,#6916),#6063,.F.);
#6918=CARTESIAN_POINT('',(3.62E1,7.4E0,-5.5E-1));
#6919=DIRECTION('',(-1.E0,0.E0,0.E0));
#6920=DIRECTION('',(0.E0,1.E0,0.E0));
#6921=AXIS2_PLACEMENT_3D('',#6918,#6919,#6920);
#6922=PLANE('',#6921);
#6923=ORIENTED_EDGE('',*,*,#6089,.T.);
#6925=ORIENTED_EDGE('',*,*,#6924,.T.);
#6927=ORIENTED_EDGE('',*,*,#6926,.F.);
#6929=ORIENTED_EDGE('',*,*,#6928,.F.);
#6930=EDGE_LOOP('',(#6923,#6925,#6927,#6929));
#6931=FACE_OUTER_BOUND('',#6930,.F.);
#6932=ADVANCED_FACE('',(#6931),#6922,.F.);
#6933=CARTESIAN_POINT('',(3.62E1,1.17E1,-5.5E-1));
#6934=DIRECTION('',(0.E0,-1.E0,0.E0));
#6935=DIRECTION('',(-1.E0,0.E0,0.E0));
#6936=AXIS2_PLACEMENT_3D('',#6933,#6934,#6935);
#6937=PLANE('',#6936);
#6938=ORIENTED_EDGE('',*,*,#6095,.T.);
#6940=ORIENTED_EDGE('',*,*,#6939,.T.);
#6942=ORIENTED_EDGE('',*,*,#6941,.F.);
#6943=ORIENTED_EDGE('',*,*,#6924,.F.);
#6944=EDGE_LOOP('',(#6938,#6940,#6942,#6943));
#6945=FACE_OUTER_BOUND('',#6944,.F.);
#6946=ADVANCED_FACE('',(#6945),#6937,.F.);
#6947=CARTESIAN_POINT('',(2.39E1,1.17E1,-5.5E-1));
#6948=DIRECTION('',(1.E0,0.E0,0.E0));
#6949=DIRECTION('',(0.E0,-1.E0,0.E0));
#6950=AXIS2_PLACEMENT_3D('',#6947,#6948,#6949);
#6951=PLANE('',#6950);
#6952=ORIENTED_EDGE('',*,*,#6093,.T.);
#6954=ORIENTED_EDGE('',*,*,#6953,.T.);
#6956=ORIENTED_EDGE('',*,*,#6955,.F.);
#6957=ORIENTED_EDGE('',*,*,#6939,.F.);
#6958=EDGE_LOOP('',(#6952,#6954,#6956,#6957));
#6959=FACE_OUTER_BOUND('',#6958,.F.);
#6960=ADVANCED_FACE('',(#6959),#6951,.F.);
#6961=CARTESIAN_POINT('',(2.39E1,7.4E0,-5.5E-1));
#6962=DIRECTION('',(0.E0,1.E0,0.E0));
#6963=DIRECTION('',(1.E0,0.E0,0.E0));
#6964=AXIS2_PLACEMENT_3D('',#6961,#6962,#6963);
#6965=PLANE('',#6964);
#6966=ORIENTED_EDGE('',*,*,#6091,.T.);
#6967=ORIENTED_EDGE('',*,*,#6928,.T.);
#6969=ORIENTED_EDGE('',*,*,#6968,.F.);
#6970=ORIENTED_EDGE('',*,*,#6953,.F.);
#6971=EDGE_LOOP('',(#6966,#6967,#6969,#6970));
#6972=FACE_OUTER_BOUND('',#6971,.F.);
#6973=ADVANCED_FACE('',(#6972),#6965,.F.);
#6974=CARTESIAN_POINT('',(0.E0,1.450093584061E1,-2.45E0));
#6975=DIRECTION('',(0.E0,0.E0,1.E0));
#6976=DIRECTION('',(-1.E0,0.E0,0.E0));
#6977=AXIS2_PLACEMENT_3D('',#6974,#6975,#6976);
#6978=PLANE('',#6977);
#6979=ORIENTED_EDGE('',*,*,#6926,.T.);
#6980=ORIENTED_EDGE('',*,*,#6941,.T.);
#6981=ORIENTED_EDGE('',*,*,#6955,.T.);
#6982=ORIENTED_EDGE('',*,*,#6968,.T.);
#6983=EDGE_LOOP('',(#6979,#6980,#6981,#6982));
#6984=FACE_OUTER_BOUND('',#6983,.F.);
#6985=ADVANCED_FACE('',(#6984),#6978,.F.);
#6986=CARTESIAN_POINT('',(1.05E1,-9.95E0,-1.783618285188E1));
#6987=DIRECTION('',(0.E0,0.E0,1.E0));
#6988=DIRECTION('',(-1.E0,0.E0,0.E0));
#6989=AXIS2_PLACEMENT_3D('',#6986,#6987,#6988);
#6990=CYLINDRICAL_SURFACE('',#6989,1.15E0);
#6991=ORIENTED_EDGE('',*,*,#6099,.T.);
#6993=ORIENTED_EDGE('',*,*,#6992,.T.);
#6995=ORIENTED_EDGE('',*,*,#6994,.F.);
#6997=ORIENTED_EDGE('',*,*,#6996,.F.);
#6998=EDGE_LOOP('',(#6991,#6993,#6995,#6997));
#6999=FACE_OUTER_BOUND('',#6998,.F.);
#7000=ADVANCED_FACE('',(#6999),#6990,.F.);
#7001=CARTESIAN_POINT('',(1.05E1,-9.95E0,-1.783618285188E1));
#7002=DIRECTION('',(0.E0,0.E0,1.E0));
#7003=DIRECTION('',(-1.E0,0.E0,0.E0));
#7004=AXIS2_PLACEMENT_3D('',#7001,#7002,#7003);
#7005=CYLINDRICAL_SURFACE('',#7004,1.15E0);
#7006=ORIENTED_EDGE('',*,*,#6101,.T.);
#7007=ORIENTED_EDGE('',*,*,#6996,.T.);
#7009=ORIENTED_EDGE('',*,*,#7008,.F.);
#7010=ORIENTED_EDGE('',*,*,#6992,.F.);
#7011=EDGE_LOOP('',(#7006,#7007,#7009,#7010));
#7012=FACE_OUTER_BOUND('',#7011,.F.);
#7013=ADVANCED_FACE('',(#7012),#7005,.F.);
#7014=CARTESIAN_POINT('',(0.E0,1.450093584061E1,1.05E0));
#7015=DIRECTION('',(0.E0,0.E0,-1.E0));
#7016=DIRECTION('',(-1.E0,0.E0,0.E0));
#7017=AXIS2_PLACEMENT_3D('',#7014,#7015,#7016);
#7018=PLANE('',#7017);
#7020=ORIENTED_EDGE('',*,*,#7019,.T.);
#7022=ORIENTED_EDGE('',*,*,#7021,.F.);
#7024=ORIENTED_EDGE('',*,*,#7023,.T.);
#7025=ORIENTED_EDGE('',*,*,#6052,.T.);
#7026=EDGE_LOOP('',(#7020,#7022,#7024,#7025));
#7027=FACE_OUTER_BOUND('',#7026,.F.);
#7028=ORIENTED_EDGE('',*,*,#6994,.T.);
#7029=ORIENTED_EDGE('',*,*,#7008,.T.);
#7030=EDGE_LOOP('',(#7028,#7029));
#7031=FACE_BOUND('',#7030,.F.);
#7033=ORIENTED_EDGE('',*,*,#7032,.T.);
#7035=ORIENTED_EDGE('',*,*,#7034,.T.);
#7036=EDGE_LOOP('',(#7033,#7035));
#7037=FACE_BOUND('',#7036,.F.);
#7039=ORIENTED_EDGE('',*,*,#7038,.T.);
#7041=ORIENTED_EDGE('',*,*,#7040,.T.);
#7042=EDGE_LOOP('',(#7039,#7041));
#7043=FACE_BOUND('',#7042,.F.);
#7045=ORIENTED_EDGE('',*,*,#7044,.T.);
#7047=ORIENTED_EDGE('',*,*,#7046,.T.);
#7048=EDGE_LOOP('',(#7045,#7047));
#7049=FACE_BOUND('',#7048,.F.);
#7051=ORIENTED_EDGE('',*,*,#7050,.F.);
#7053=ORIENTED_EDGE('',*,*,#7052,.F.);
#7054=EDGE_LOOP('',(#7051,#7053));
#7055=FACE_BOUND('',#7054,.F.);
#7057=ORIENTED_EDGE('',*,*,#7056,.F.);
#7059=ORIENTED_EDGE('',*,*,#7058,.F.);
#7060=EDGE_LOOP('',(#7057,#7059));
#7061=FACE_BOUND('',#7060,.F.);
#7063=ORIENTED_EDGE('',*,*,#7062,.F.);
#7065=ORIENTED_EDGE('',*,*,#7064,.F.);
#7066=EDGE_LOOP('',(#7063,#7065));
#7067=FACE_BOUND('',#7066,.F.);
#7069=ORIENTED_EDGE('',*,*,#7068,.F.);
#7071=ORIENTED_EDGE('',*,*,#7070,.F.);
#7072=EDGE_LOOP('',(#7069,#7071));
#7073=FACE_BOUND('',#7072,.F.);
#7075=ORIENTED_EDGE('',*,*,#7074,.F.);
#7077=ORIENTED_EDGE('',*,*,#7076,.F.);
#7078=EDGE_LOOP('',(#7075,#7077));
#7079=FACE_BOUND('',#7078,.F.);
#7081=ORIENTED_EDGE('',*,*,#7080,.F.);
#7083=ORIENTED_EDGE('',*,*,#7082,.F.);
#7084=EDGE_LOOP('',(#7081,#7083));
#7085=FACE_BOUND('',#7084,.F.);
#7087=ORIENTED_EDGE('',*,*,#7086,.F.);
#7089=ORIENTED_EDGE('',*,*,#7088,.F.);
#7090=EDGE_LOOP('',(#7087,#7089));
#7091=FACE_BOUND('',#7090,.F.);
#7093=ORIENTED_EDGE('',*,*,#7092,.F.);
#7095=ORIENTED_EDGE('',*,*,#7094,.F.);
#7096=EDGE_LOOP('',(#7093,#7095));
#7097=FACE_BOUND('',#7096,.F.);
#7098=ADVANCED_FACE('',(#7027,#7031,#7037,#7043,#7049,#7055,#7061,#7067,#7073,
#7079,#7085,#7091,#7097),#7018,.F.);
#7099=CARTESIAN_POINT('',(1.05E1,3.5E0,-1.783618285188E1));
#7100=DIRECTION('',(0.E0,0.E0,1.E0));
#7101=DIRECTION('',(-1.E0,0.E0,0.E0));
#7102=AXIS2_PLACEMENT_3D('',#7099,#7100,#7101);
#7103=CYLINDRICAL_SURFACE('',#7102,1.15E0);
#7104=ORIENTED_EDGE('',*,*,#6105,.T.);
#7106=ORIENTED_EDGE('',*,*,#7105,.T.);
#7107=ORIENTED_EDGE('',*,*,#7032,.F.);
#7109=ORIENTED_EDGE('',*,*,#7108,.F.);
#7110=EDGE_LOOP('',(#7104,#7106,#7107,#7109));
#7111=FACE_OUTER_BOUND('',#7110,.F.);
#7112=ADVANCED_FACE('',(#7111),#7103,.F.);
#7113=CARTESIAN_POINT('',(1.05E1,3.5E0,-1.783618285188E1));
#7114=DIRECTION('',(0.E0,0.E0,1.E0));
#7115=DIRECTION('',(-1.E0,0.E0,0.E0));
#7116=AXIS2_PLACEMENT_3D('',#7113,#7114,#7115);
#7117=CYLINDRICAL_SURFACE('',#7116,1.15E0);
#7118=ORIENTED_EDGE('',*,*,#6107,.T.);
#7119=ORIENTED_EDGE('',*,*,#7108,.T.);
#7120=ORIENTED_EDGE('',*,*,#7034,.F.);
#7121=ORIENTED_EDGE('',*,*,#7105,.F.);
#7122=EDGE_LOOP('',(#7118,#7119,#7120,#7121));
#7123=FACE_OUTER_BOUND('',#7122,.F.);
#7124=ADVANCED_FACE('',(#7123),#7117,.F.);
#7125=CARTESIAN_POINT('',(4.06E1,3.5E0,-1.783618285188E1));
#7126=DIRECTION('',(0.E0,0.E0,1.E0));
#7127=DIRECTION('',(-1.E0,0.E0,0.E0));
#7128=AXIS2_PLACEMENT_3D('',#7125,#7126,#7127);
#7129=CYLINDRICAL_SURFACE('',#7128,1.15E0);
#7130=ORIENTED_EDGE('',*,*,#6111,.T.);
#7132=ORIENTED_EDGE('',*,*,#7131,.T.);
#7133=ORIENTED_EDGE('',*,*,#7038,.F.);
#7135=ORIENTED_EDGE('',*,*,#7134,.F.);
#7136=EDGE_LOOP('',(#7130,#7132,#7133,#7135));
#7137=FACE_OUTER_BOUND('',#7136,.F.);
#7138=ADVANCED_FACE('',(#7137),#7129,.F.);
#7139=CARTESIAN_POINT('',(4.06E1,3.5E0,-1.783618285188E1));
#7140=DIRECTION('',(0.E0,0.E0,1.E0));
#7141=DIRECTION('',(-1.E0,0.E0,0.E0));
#7142=AXIS2_PLACEMENT_3D('',#7139,#7140,#7141);
#7143=CYLINDRICAL_SURFACE('',#7142,1.15E0);
#7144=ORIENTED_EDGE('',*,*,#6113,.T.);
#7145=ORIENTED_EDGE('',*,*,#7134,.T.);
#7146=ORIENTED_EDGE('',*,*,#7040,.F.);
#7147=ORIENTED_EDGE('',*,*,#7131,.F.);
#7148=EDGE_LOOP('',(#7144,#7145,#7146,#7147));
#7149=FACE_OUTER_BOUND('',#7148,.F.);
#7150=ADVANCED_FACE('',(#7149),#7143,.F.);
#7151=CARTESIAN_POINT('',(4.06E1,-9.95E0,-1.783618285188E1));
#7152=DIRECTION('',(0.E0,0.E0,1.E0));
#7153=DIRECTION('',(-1.E0,0.E0,0.E0));
#7154=AXIS2_PLACEMENT_3D('',#7151,#7152,#7153);
#7155=CYLINDRICAL_SURFACE('',#7154,1.15E0);
#7156=ORIENTED_EDGE('',*,*,#6117,.T.);
#7158=ORIENTED_EDGE('',*,*,#7157,.T.);
#7159=ORIENTED_EDGE('',*,*,#7044,.F.);
#7161=ORIENTED_EDGE('',*,*,#7160,.F.);
#7162=EDGE_LOOP('',(#7156,#7158,#7159,#7161));
#7163=FACE_OUTER_BOUND('',#7162,.F.);
#7164=ADVANCED_FACE('',(#7163),#7155,.F.);
#7165=CARTESIAN_POINT('',(4.06E1,-9.95E0,-1.783618285188E1));
#7166=DIRECTION('',(0.E0,0.E0,1.E0));
#7167=DIRECTION('',(-1.E0,0.E0,0.E0));
#7168=AXIS2_PLACEMENT_3D('',#7165,#7166,#7167);
#7169=CYLINDRICAL_SURFACE('',#7168,1.15E0);
#7170=ORIENTED_EDGE('',*,*,#6119,.T.);
#7171=ORIENTED_EDGE('',*,*,#7160,.T.);
#7172=ORIENTED_EDGE('',*,*,#7046,.F.);
#7173=ORIENTED_EDGE('',*,*,#7157,.F.);
#7174=EDGE_LOOP('',(#7170,#7171,#7172,#7173));
#7175=FACE_OUTER_BOUND('',#7174,.F.);
#7176=ADVANCED_FACE('',(#7175),#7169,.F.);
#7177=CARTESIAN_POINT('',(-4.06E1,-9.95E0,-1.783618285188E1));
#7178=DIRECTION('',(0.E0,0.E0,-1.E0));
#7179=DIRECTION('',(1.E0,0.E0,0.E0));
#7180=AXIS2_PLACEMENT_3D('',#7177,#7178,#7179);
#7181=CYLINDRICAL_SURFACE('',#7180,1.15E0);
#7182=ORIENTED_EDGE('',*,*,#6149,.F.);
#7184=ORIENTED_EDGE('',*,*,#7183,.T.);
#7185=ORIENTED_EDGE('',*,*,#7050,.T.);
#7187=ORIENTED_EDGE('',*,*,#7186,.F.);
#7188=EDGE_LOOP('',(#7182,#7184,#7185,#7187));
#7189=FACE_OUTER_BOUND('',#7188,.F.);
#7190=ADVANCED_FACE('',(#7189),#7181,.F.);
#7191=CARTESIAN_POINT('',(-4.06E1,-9.95E0,-1.783618285188E1));
#7192=DIRECTION('',(0.E0,0.E0,-1.E0));
#7193=DIRECTION('',(1.E0,0.E0,0.E0));
#7194=AXIS2_PLACEMENT_3D('',#7191,#7192,#7193);
#7195=CYLINDRICAL_SURFACE('',#7194,1.15E0);
#7196=ORIENTED_EDGE('',*,*,#6151,.F.);
#7197=ORIENTED_EDGE('',*,*,#7186,.T.);
#7198=ORIENTED_EDGE('',*,*,#7052,.T.);
#7199=ORIENTED_EDGE('',*,*,#7183,.F.);
#7200=EDGE_LOOP('',(#7196,#7197,#7198,#7199));
#7201=FACE_OUTER_BOUND('',#7200,.F.);
#7202=ADVANCED_FACE('',(#7201),#7195,.F.);
#7203=CARTESIAN_POINT('',(-4.06E1,3.5E0,-1.783618285188E1));
#7204=DIRECTION('',(0.E0,0.E0,-1.E0));
#7205=DIRECTION('',(1.E0,0.E0,0.E0));
#7206=AXIS2_PLACEMENT_3D('',#7203,#7204,#7205);
#7207=CYLINDRICAL_SURFACE('',#7206,1.15E0);
#7208=ORIENTED_EDGE('',*,*,#6155,.F.);
#7210=ORIENTED_EDGE('',*,*,#7209,.T.);
#7211=ORIENTED_EDGE('',*,*,#7056,.T.);
#7213=ORIENTED_EDGE('',*,*,#7212,.F.);
#7214=EDGE_LOOP('',(#7208,#7210,#7211,#7213));
#7215=FACE_OUTER_BOUND('',#7214,.F.);
#7216=ADVANCED_FACE('',(#7215),#7207,.F.);
#7217=CARTESIAN_POINT('',(-4.06E1,3.5E0,-1.783618285188E1));
#7218=DIRECTION('',(0.E0,0.E0,-1.E0));
#7219=DIRECTION('',(1.E0,0.E0,0.E0));
#7220=AXIS2_PLACEMENT_3D('',#7217,#7218,#7219);
#7221=CYLINDRICAL_SURFACE('',#7220,1.15E0);
#7222=ORIENTED_EDGE('',*,*,#6157,.F.);
#7223=ORIENTED_EDGE('',*,*,#7212,.T.);
#7224=ORIENTED_EDGE('',*,*,#7058,.T.);
#7225=ORIENTED_EDGE('',*,*,#7209,.F.);
#7226=EDGE_LOOP('',(#7222,#7223,#7224,#7225));
#7227=FACE_OUTER_BOUND('',#7226,.F.);
#7228=ADVANCED_FACE('',(#7227),#7221,.F.);
#7229=CARTESIAN_POINT('',(-1.05E1,3.5E0,-1.783618285188E1));
#7230=DIRECTION('',(0.E0,0.E0,-1.E0));
#7231=DIRECTION('',(1.E0,0.E0,0.E0));
#7232=AXIS2_PLACEMENT_3D('',#7229,#7230,#7231);
#7233=CYLINDRICAL_SURFACE('',#7232,1.15E0);
#7234=ORIENTED_EDGE('',*,*,#6161,.F.);
#7236=ORIENTED_EDGE('',*,*,#7235,.T.);
#7237=ORIENTED_EDGE('',*,*,#7062,.T.);
#7239=ORIENTED_EDGE('',*,*,#7238,.F.);
#7240=EDGE_LOOP('',(#7234,#7236,#7237,#7239));
#7241=FACE_OUTER_BOUND('',#7240,.F.);
#7242=ADVANCED_FACE('',(#7241),#7233,.F.);
#7243=CARTESIAN_POINT('',(-1.05E1,3.5E0,-1.783618285188E1));
#7244=DIRECTION('',(0.E0,0.E0,-1.E0));
#7245=DIRECTION('',(1.E0,0.E0,0.E0));
#7246=AXIS2_PLACEMENT_3D('',#7243,#7244,#7245);
#7247=CYLINDRICAL_SURFACE('',#7246,1.15E0);
#7248=ORIENTED_EDGE('',*,*,#6163,.F.);
#7249=ORIENTED_EDGE('',*,*,#7238,.T.);
#7250=ORIENTED_EDGE('',*,*,#7064,.T.);
#7251=ORIENTED_EDGE('',*,*,#7235,.F.);
#7252=EDGE_LOOP('',(#7248,#7249,#7250,#7251));
#7253=FACE_OUTER_BOUND('',#7252,.F.);
#7254=ADVANCED_FACE('',(#7253),#7247,.F.);
#7255=CARTESIAN_POINT('',(-1.05E1,-9.95E0,-1.783618285188E1));
#7256=DIRECTION('',(0.E0,0.E0,-1.E0));
#7257=DIRECTION('',(1.E0,0.E0,0.E0));
#7258=AXIS2_PLACEMENT_3D('',#7255,#7256,#7257);
#7259=CYLINDRICAL_SURFACE('',#7258,1.15E0);
#7260=ORIENTED_EDGE('',*,*,#6167,.F.);
#7262=ORIENTED_EDGE('',*,*,#7261,.T.);
#7263=ORIENTED_EDGE('',*,*,#7068,.T.);
#7265=ORIENTED_EDGE('',*,*,#7264,.F.);
#7266=EDGE_LOOP('',(#7260,#7262,#7263,#7265));
#7267=FACE_OUTER_BOUND('',#7266,.F.);
#7268=ADVANCED_FACE('',(#7267),#7259,.F.);
#7269=CARTESIAN_POINT('',(-1.05E1,-9.95E0,-1.783618285188E1));
#7270=DIRECTION('',(0.E0,0.E0,-1.E0));
#7271=DIRECTION('',(1.E0,0.E0,0.E0));
#7272=AXIS2_PLACEMENT_3D('',#7269,#7270,#7271);
#7273=CYLINDRICAL_SURFACE('',#7272,1.15E0);
#7274=ORIENTED_EDGE('',*,*,#6169,.F.);
#7275=ORIENTED_EDGE('',*,*,#7264,.T.);
#7276=ORIENTED_EDGE('',*,*,#7070,.T.);
#7277=ORIENTED_EDGE('',*,*,#7261,.F.);
#7278=EDGE_LOOP('',(#7274,#7275,#7276,#7277));
#7279=FACE_OUTER_BOUND('',#7278,.F.);
#7280=ADVANCED_FACE('',(#7279),#7273,.F.);
#7281=CARTESIAN_POINT('',(-4.26E1,1.2E1,2.5E0));
#7282=DIRECTION('',(0.E0,1.E0,0.E0));
#7283=DIRECTION('',(1.E0,0.E0,0.E0));
#7284=AXIS2_PLACEMENT_3D('',#7281,#7282,#7283);
#7285=PLANE('',#7284);
#7286=ORIENTED_EDGE('',*,*,#6070,.F.);
#7288=ORIENTED_EDGE('',*,*,#7287,.T.);
#7290=ORIENTED_EDGE('',*,*,#7289,.T.);
#7292=ORIENTED_EDGE('',*,*,#7291,.F.);
#7293=ORIENTED_EDGE('',*,*,#6077,.F.);
#7295=ORIENTED_EDGE('',*,*,#7294,.F.);
#7296=ORIENTED_EDGE('',*,*,#7019,.F.);
#7297=ORIENTED_EDGE('',*,*,#6050,.T.);
#7298=EDGE_LOOP('',(#7286,#7288,#7290,#7292,#7293,#7295,#7296,#7297));
#7299=FACE_OUTER_BOUND('',#7298,.F.);
#7300=ADVANCED_FACE('',(#7299),#7285,.T.);
#7301=CARTESIAN_POINT('',(-6.1E0,6.E0,-5.5E-1));
#7302=DIRECTION('',(-1.E0,0.E0,0.E0));
#7303=DIRECTION('',(0.E0,1.E0,0.E0));
#7304=AXIS2_PLACEMENT_3D('',#7301,#7302,#7303);
#7305=PLANE('',#7304);
#7307=ORIENTED_EDGE('',*,*,#7306,.F.);
#7309=ORIENTED_EDGE('',*,*,#7308,.T.);
#7310=ORIENTED_EDGE('',*,*,#7287,.F.);
#7311=ORIENTED_EDGE('',*,*,#6068,.T.);
#7313=ORIENTED_EDGE('',*,*,#7312,.F.);
#7315=ORIENTED_EDGE('',*,*,#7314,.T.);
#7316=EDGE_LOOP('',(#7307,#7309,#7310,#7311,#7313,#7315));
#7317=FACE_OUTER_BOUND('',#7316,.F.);
#7318=ADVANCED_FACE('',(#7317),#7305,.T.);
#7319=CARTESIAN_POINT('',(6.1E0,6.E0,-5.5E-1));
#7320=DIRECTION('',(0.E0,-1.E0,0.E0));
#7321=DIRECTION('',(-1.E0,0.E0,0.E0));
#7322=AXIS2_PLACEMENT_3D('',#7319,#7320,#7321);
#7323=PLANE('',#7322);
#7325=ORIENTED_EDGE('',*,*,#7324,.T.);
#7327=ORIENTED_EDGE('',*,*,#7326,.T.);
#7329=ORIENTED_EDGE('',*,*,#7328,.F.);
#7331=ORIENTED_EDGE('',*,*,#7330,.T.);
#7332=ORIENTED_EDGE('',*,*,#7306,.T.);
#7334=ORIENTED_EDGE('',*,*,#7333,.T.);
#7336=ORIENTED_EDGE('',*,*,#7335,.F.);
#7337=ORIENTED_EDGE('',*,*,#6085,.F.);
#7338=EDGE_LOOP('',(#7325,#7327,#7329,#7331,#7332,#7334,#7336,#7337));
#7339=FACE_OUTER_BOUND('',#7338,.F.);
#7340=ADVANCED_FACE('',(#7339),#7323,.T.);
#7341=CARTESIAN_POINT('',(5.4E0,4.5E0,-6.15E0));
#7342=DIRECTION('',(-1.E0,0.E0,0.E0));
#7343=DIRECTION('',(0.E0,1.E0,0.E0));
#7344=AXIS2_PLACEMENT_3D('',#7341,#7342,#7343);
#7345=PLANE('',#7344);
#7347=ORIENTED_EDGE('',*,*,#7346,.T.);
#7348=ORIENTED_EDGE('',*,*,#7324,.F.);
#7349=ORIENTED_EDGE('',*,*,#6083,.F.);
#7351=ORIENTED_EDGE('',*,*,#7350,.F.);
#7352=EDGE_LOOP('',(#7347,#7348,#7349,#7351));
#7353=FACE_OUTER_BOUND('',#7352,.F.);
#7354=ADVANCED_FACE('',(#7353),#7345,.T.);
#7355=CARTESIAN_POINT('',(-6.1E0,4.5E0,-3.45E0));
#7356=DIRECTION('',(0.E0,5.144957554275E-1,8.574929257125E-1));
#7357=DIRECTION('',(0.E0,8.574929257125E-1,-5.144957554275E-1));
#7358=AXIS2_PLACEMENT_3D('',#7355,#7356,#7357);
#7359=PLANE('',#7358);
#7360=ORIENTED_EDGE('',*,*,#7314,.F.);
#7362=ORIENTED_EDGE('',*,*,#7361,.F.);
#7364=ORIENTED_EDGE('',*,*,#7363,.T.);
#7365=ORIENTED_EDGE('',*,*,#7333,.F.);
#7366=EDGE_LOOP('',(#7360,#7362,#7364,#7365));
#7367=FACE_OUTER_BOUND('',#7366,.F.);
#7368=ADVANCED_FACE('',(#7367),#7359,.F.);
#7369=CARTESIAN_POINT('',(-6.1E0,4.5E0,-3.45E0));
#7370=DIRECTION('',(0.E0,5.144957554275E-1,8.574929257125E-1));
#7371=DIRECTION('',(0.E0,8.574929257125E-1,-5.144957554275E-1));
#7372=AXIS2_PLACEMENT_3D('',#7369,#7370,#7371);
#7373=PLANE('',#7372);
#7375=ORIENTED_EDGE('',*,*,#7374,.T.);
#7376=ORIENTED_EDGE('',*,*,#7326,.F.);
#7377=ORIENTED_EDGE('',*,*,#7346,.F.);
#7379=ORIENTED_EDGE('',*,*,#7378,.F.);
#7380=EDGE_LOOP('',(#7375,#7376,#7377,#7379));
#7381=FACE_OUTER_BOUND('',#7380,.F.);
#7382=ADVANCED_FACE('',(#7381),#7373,.F.);
#7383=CARTESIAN_POINT('',(-5.4E0,4.5E0,-6.15E0));
#7384=DIRECTION('',(0.E0,-1.E0,0.E0));
#7385=DIRECTION('',(-1.E0,0.E0,0.E0));
#7386=AXIS2_PLACEMENT_3D('',#7383,#7384,#7385);
#7387=PLANE('',#7386);
#7388=ORIENTED_EDGE('',*,*,#7361,.T.);
#7389=ORIENTED_EDGE('',*,*,#7312,.T.);
#7390=ORIENTED_EDGE('',*,*,#6066,.F.);
#7392=ORIENTED_EDGE('',*,*,#7391,.F.);
#7393=EDGE_LOOP('',(#7388,#7389,#7390,#7392));
#7394=FACE_OUTER_BOUND('',#7393,.F.);
#7395=ADVANCED_FACE('',(#7394),#7387,.T.);
#7396=CARTESIAN_POINT('',(-5.4E0,6.E0,-6.15E0));
#7397=DIRECTION('',(1.E0,0.E0,0.E0));
#7398=DIRECTION('',(0.E0,-1.E0,0.E0));
#7399=AXIS2_PLACEMENT_3D('',#7396,#7397,#7398);
#7400=PLANE('',#7399);
#7401=ORIENTED_EDGE('',*,*,#7363,.F.);
#7402=ORIENTED_EDGE('',*,*,#7391,.T.);
#7403=ORIENTED_EDGE('',*,*,#6064,.F.);
#7404=ORIENTED_EDGE('',*,*,#7335,.T.);
#7405=EDGE_LOOP('',(#7401,#7402,#7403,#7404));
#7406=FACE_OUTER_BOUND('',#7405,.F.);
#7407=ADVANCED_FACE('',(#7406),#7400,.T.);
#7408=CARTESIAN_POINT('',(6.1E0,1.2E1,-5.5E-1));
#7409=DIRECTION('',(1.E0,0.E0,0.E0));
#7410=DIRECTION('',(0.E0,-1.E0,0.E0));
#7411=AXIS2_PLACEMENT_3D('',#7408,#7409,#7410);
#7412=PLANE('',#7411);
#7413=ORIENTED_EDGE('',*,*,#7328,.T.);
#7414=ORIENTED_EDGE('',*,*,#7374,.F.);
#7416=ORIENTED_EDGE('',*,*,#7415,.T.);
#7417=ORIENTED_EDGE('',*,*,#6079,.T.);
#7418=ORIENTED_EDGE('',*,*,#7291,.T.);
#7420=ORIENTED_EDGE('',*,*,#7419,.T.);
#7421=EDGE_LOOP('',(#7413,#7414,#7416,#7417,#7418,#7420));
#7422=FACE_OUTER_BOUND('',#7421,.F.);
#7423=ADVANCED_FACE('',(#7422),#7412,.T.);
#7424=CARTESIAN_POINT('',(6.1E0,4.5E0,-6.15E0));
#7425=DIRECTION('',(0.E0,-1.E0,0.E0));
#7426=DIRECTION('',(-1.E0,0.E0,0.E0));
#7427=AXIS2_PLACEMENT_3D('',#7424,#7425,#7426);
#7428=PLANE('',#7427);
#7429=ORIENTED_EDGE('',*,*,#7378,.T.);
#7430=ORIENTED_EDGE('',*,*,#7350,.T.);
#7431=ORIENTED_EDGE('',*,*,#6081,.F.);
#7432=ORIENTED_EDGE('',*,*,#7415,.F.);
#7433=EDGE_LOOP('',(#7429,#7430,#7431,#7432));
#7434=FACE_OUTER_BOUND('',#7433,.F.);
#7435=ADVANCED_FACE('',(#7434),#7428,.T.);
#7436=CARTESIAN_POINT('',(0.E0,1.450093584061E1,-6.15E0));
#7437=DIRECTION('',(0.E0,0.E0,-1.E0));
#7438=DIRECTION('',(1.E0,0.E0,0.E0));
#7439=AXIS2_PLACEMENT_3D('',#7436,#7437,#7438);
#7440=PLANE('',#7439);
#7441=ORIENTED_EDGE('',*,*,#7330,.F.);
#7442=ORIENTED_EDGE('',*,*,#7419,.F.);
#7443=ORIENTED_EDGE('',*,*,#7289,.F.);
#7444=ORIENTED_EDGE('',*,*,#7308,.F.);
#7445=EDGE_LOOP('',(#7441,#7442,#7443,#7444));
#7446=FACE_OUTER_BOUND('',#7445,.F.);
#7447=ADVANCED_FACE('',(#7446),#7440,.T.);
#7448=CARTESIAN_POINT('',(4.26E1,-1.2E1,2.5E0));
#7449=DIRECTION('',(-1.E0,0.E0,0.E0));
#7450=DIRECTION('',(0.E0,1.E0,0.E0));
#7451=AXIS2_PLACEMENT_3D('',#7448,#7449,#7450);
#7452=PLANE('',#7451);
#7453=ORIENTED_EDGE('',*,*,#6075,.F.);
#7455=ORIENTED_EDGE('',*,*,#7454,.F.);
#7456=ORIENTED_EDGE('',*,*,#7021,.T.);
#7457=ORIENTED_EDGE('',*,*,#7294,.T.);
#7458=EDGE_LOOP('',(#7453,#7455,#7456,#7457));
#7459=FACE_OUTER_BOUND('',#7458,.F.);
#7460=ADVANCED_FACE('',(#7459),#7452,.F.);
#7461=CARTESIAN_POINT('',(0.E0,-1.2E1,2.5E0));
#7462=DIRECTION('',(0.E0,-1.E0,0.E0));
#7463=DIRECTION('',(-1.E0,0.E0,0.E0));
#7464=AXIS2_PLACEMENT_3D('',#7461,#7462,#7463);
#7465=PLANE('',#7464);
#7466=ORIENTED_EDGE('',*,*,#7023,.F.);
#7467=ORIENTED_EDGE('',*,*,#7454,.T.);
#7468=ORIENTED_EDGE('',*,*,#6073,.F.);
#7469=ORIENTED_EDGE('',*,*,#6054,.F.);
#7470=EDGE_LOOP('',(#7466,#7467,#7468,#7469));
#7471=FACE_OUTER_BOUND('',#7470,.F.);
#7472=ADVANCED_FACE('',(#7471),#7465,.T.);
#7473=CARTESIAN_POINT('',(-2.13E1,-3.65E0,-1.783618285188E1));
#7474=DIRECTION('',(0.E0,0.E0,-1.E0));
#7475=DIRECTION('',(-1.E0,0.E0,0.E0));
#7476=AXIS2_PLACEMENT_3D('',#7473,#7474,#7475);
#7477=CYLINDRICAL_SURFACE('',#7476,7.5E-1);
#7478=ORIENTED_EDGE('',*,*,#7074,.T.);
#7480=ORIENTED_EDGE('',*,*,#7479,.F.);
#7482=ORIENTED_EDGE('',*,*,#7481,.F.);
#7484=ORIENTED_EDGE('',*,*,#7483,.T.);
#7485=EDGE_LOOP('',(#7478,#7480,#7482,#7484));
#7486=FACE_OUTER_BOUND('',#7485,.F.);
#7487=ADVANCED_FACE('',(#7486),#7477,.F.);
#7488=CARTESIAN_POINT('',(-2.13E1,-3.65E0,-1.783618285188E1));
#7489=DIRECTION('',(0.E0,0.E0,-1.E0));
#7490=DIRECTION('',(-1.E0,0.E0,0.E0));
#7491=AXIS2_PLACEMENT_3D('',#7488,#7489,#7490);
#7492=CYLINDRICAL_SURFACE('',#7491,7.5E-1);
#7493=ORIENTED_EDGE('',*,*,#7076,.T.);
#7494=ORIENTED_EDGE('',*,*,#7483,.F.);
#7496=ORIENTED_EDGE('',*,*,#7495,.F.);
#7497=ORIENTED_EDGE('',*,*,#7479,.T.);
#7498=EDGE_LOOP('',(#7493,#7494,#7496,#7497));
#7499=FACE_OUTER_BOUND('',#7498,.F.);
#7500=ADVANCED_FACE('',(#7499),#7492,.F.);
#7501=CARTESIAN_POINT('',(0.E0,1.450093584061E1,-4.060155320886E0));
#7502=DIRECTION('',(0.E0,0.E0,-1.E0));
#7503=DIRECTION('',(-1.E0,0.E0,0.E0));
#7504=AXIS2_PLACEMENT_3D('',#7501,#7502,#7503);
#7505=PLANE('',#7504);
#7507=ORIENTED_EDGE('',*,*,#7506,.F.);
#7509=ORIENTED_EDGE('',*,*,#7508,.F.);
#7511=ORIENTED_EDGE('',*,*,#7510,.F.);
#7513=ORIENTED_EDGE('',*,*,#7512,.F.);
#7515=ORIENTED_EDGE('',*,*,#7514,.T.);
#7517=ORIENTED_EDGE('',*,*,#7516,.T.);
#7519=ORIENTED_EDGE('',*,*,#7518,.F.);
#7521=ORIENTED_EDGE('',*,*,#7520,.F.);
#7523=ORIENTED_EDGE('',*,*,#7522,.F.);
#7524=EDGE_LOOP('',(#7507,#7509,#7511,#7513,#7515,#7517,#7519,#7521,#7523));
#7525=FACE_OUTER_BOUND('',#7524,.F.);
#7527=ORIENTED_EDGE('',*,*,#7526,.T.);
#7529=ORIENTED_EDGE('',*,*,#7528,.T.);
#7530=EDGE_LOOP('',(#7527,#7529));
#7531=FACE_BOUND('',#7530,.F.);
#7532=ADVANCED_FACE('',(#7525,#7531),#7505,.T.);
#7533=CARTESIAN_POINT('',(0.E0,1.450093584061E1,-4.060155320886E0));
#7534=DIRECTION('',(0.E0,0.E0,-1.E0));
#7535=DIRECTION('',(-1.E0,0.E0,0.E0));
#7536=AXIS2_PLACEMENT_3D('',#7533,#7534,#7535);
#7537=PLANE('',#7536);
#7539=ORIENTED_EDGE('',*,*,#7538,.F.);
#7541=ORIENTED_EDGE('',*,*,#7540,.F.);
#7543=ORIENTED_EDGE('',*,*,#7542,.F.);
#7545=ORIENTED_EDGE('',*,*,#7544,.F.);
#7547=ORIENTED_EDGE('',*,*,#7546,.T.);
#7549=ORIENTED_EDGE('',*,*,#7548,.T.);
#7551=ORIENTED_EDGE('',*,*,#7550,.F.);
#7553=ORIENTED_EDGE('',*,*,#7552,.F.);
#7555=ORIENTED_EDGE('',*,*,#7554,.F.);
#7556=EDGE_LOOP('',(#7539,#7541,#7543,#7545,#7547,#7549,#7551,#7553,#7555));
#7557=FACE_OUTER_BOUND('',#7556,.F.);
#7558=ORIENTED_EDGE('',*,*,#7481,.T.);
#7559=ORIENTED_EDGE('',*,*,#7495,.T.);
#7560=EDGE_LOOP('',(#7558,#7559));
#7561=FACE_BOUND('',#7560,.F.);
#7562=ADVANCED_FACE('',(#7557,#7561),#7537,.T.);
#7563=CARTESIAN_POINT('',(-3.88E1,-3.65E0,-4.204334141024E0));
#7564=DIRECTION('',(0.E0,0.E0,1.E0));
#7565=DIRECTION('',(0.E0,-1.E0,0.E0));
#7566=AXIS2_PLACEMENT_3D('',#7563,#7564,#7565);
#7567=CYLINDRICAL_SURFACE('',#7566,2.15E0);
#7569=ORIENTED_EDGE('',*,*,#7568,.T.);
#7570=ORIENTED_EDGE('',*,*,#6207,.T.);
#7572=ORIENTED_EDGE('',*,*,#7571,.F.);
#7573=ORIENTED_EDGE('',*,*,#7506,.T.);
#7575=ORIENTED_EDGE('',*,*,#7574,.T.);
#7576=EDGE_LOOP('',(#7569,#7570,#7572,#7573,#7575));
#7577=FACE_OUTER_BOUND('',#7576,.F.);
#7578=ADVANCED_FACE('',(#7577),#7567,.T.);
#7579=CARTESIAN_POINT('',(-3.78E1,-1.5E0,-5.5E-1));
#7580=DIRECTION('',(0.E0,-1.E0,0.E0));
#7581=DIRECTION('',(-1.E0,0.E0,0.E0));
#7582=AXIS2_PLACEMENT_3D('',#7579,#7580,#7581);
#7583=PLANE('',#7582);
#7584=ORIENTED_EDGE('',*,*,#6209,.F.);
#7585=ORIENTED_EDGE('',*,*,#7568,.F.);
#7587=ORIENTED_EDGE('',*,*,#7586,.T.);
#7589=ORIENTED_EDGE('',*,*,#7588,.F.);
#7590=EDGE_LOOP('',(#7584,#7585,#7587,#7589));
#7591=FACE_OUTER_BOUND('',#7590,.F.);
#7592=ADVANCED_FACE('',(#7591),#7583,.T.);
#7593=CARTESIAN_POINT('',(0.E0,1.450093584061E1,-1.55E0));
#7594=DIRECTION('',(0.E0,0.E0,-1.E0));
#7595=DIRECTION('',(-1.E0,0.E0,0.E0));
#7596=AXIS2_PLACEMENT_3D('',#7593,#7594,#7595);
#7597=PLANE('',#7596);
#7599=ORIENTED_EDGE('',*,*,#7598,.T.);
#7601=ORIENTED_EDGE('',*,*,#7600,.F.);
#7603=ORIENTED_EDGE('',*,*,#7602,.F.);
#7605=ORIENTED_EDGE('',*,*,#7604,.F.);
#7606=ORIENTED_EDGE('',*,*,#7586,.F.);
#7607=EDGE_LOOP('',(#7599,#7601,#7603,#7605,#7606));
#7608=FACE_OUTER_BOUND('',#7607,.F.);
#7609=ADVANCED_FACE('',(#7608),#7597,.T.);
#7610=CARTESIAN_POINT('',(-4.095E1,-1.5E0,-4.060155320886E0));
#7611=DIRECTION('',(0.E0,1.E0,0.E0));
#7612=DIRECTION('',(1.E0,0.E0,0.E0));
#7613=AXIS2_PLACEMENT_3D('',#7610,#7611,#7612);
#7614=PLANE('',#7613);
#7616=ORIENTED_EDGE('',*,*,#7615,.F.);
#7617=ORIENTED_EDGE('',*,*,#6193,.F.);
#7619=ORIENTED_EDGE('',*,*,#7618,.T.);
#7620=ORIENTED_EDGE('',*,*,#7540,.T.);
#7621=EDGE_LOOP('',(#7616,#7617,#7619,#7620));
#7622=FACE_OUTER_BOUND('',#7621,.F.);
#7623=ADVANCED_FACE('',(#7622),#7614,.T.);
#7624=CARTESIAN_POINT('',(-4.095E1,-1.5E0,-4.060155320886E0));
#7625=DIRECTION('',(0.E0,1.E0,0.E0));
#7626=DIRECTION('',(1.E0,0.E0,0.E0));
#7627=AXIS2_PLACEMENT_3D('',#7624,#7625,#7626);
#7628=PLANE('',#7627);
#7629=ORIENTED_EDGE('',*,*,#7598,.F.);
#7630=ORIENTED_EDGE('',*,*,#7574,.F.);
#7631=ORIENTED_EDGE('',*,*,#7522,.T.);
#7633=ORIENTED_EDGE('',*,*,#7632,.F.);
#7634=ORIENTED_EDGE('',*,*,#6185,.F.);
#7636=ORIENTED_EDGE('',*,*,#7635,.T.);
#7637=EDGE_LOOP('',(#7629,#7630,#7631,#7633,#7634,#7636));
#7638=FACE_OUTER_BOUND('',#7637,.F.);
#7639=ADVANCED_FACE('',(#7638),#7628,.T.);
#7640=CARTESIAN_POINT('',(-2.13E1,-3.65E0,-4.268067167195E-1));
#7641=DIRECTION('',(0.E0,0.E0,-1.E0));
#7642=DIRECTION('',(0.E0,-1.E0,0.E0));
#7643=AXIS2_PLACEMENT_3D('',#7640,#7641,#7642);
#7644=CYLINDRICAL_SURFACE('',#7643,2.15E0);
#7646=ORIENTED_EDGE('',*,*,#7645,.F.);
#7647=ORIENTED_EDGE('',*,*,#6195,.T.);
#7648=ORIENTED_EDGE('',*,*,#7615,.T.);
#7649=ORIENTED_EDGE('',*,*,#7538,.T.);
#7650=EDGE_LOOP('',(#7646,#7647,#7648,#7649));
#7651=FACE_OUTER_BOUND('',#7650,.F.);
#7652=ADVANCED_FACE('',(#7651),#7644,.T.);
#7653=CARTESIAN_POINT('',(-1.915E1,-5.8E0,-4.060155320886E0));
#7654=DIRECTION('',(0.E0,-1.E0,0.E0));
#7655=DIRECTION('',(-1.E0,0.E0,0.E0));
#7656=AXIS2_PLACEMENT_3D('',#7653,#7654,#7655);
#7657=PLANE('',#7656);
#7658=ORIENTED_EDGE('',*,*,#7571,.T.);
#7659=ORIENTED_EDGE('',*,*,#6205,.F.);
#7661=ORIENTED_EDGE('',*,*,#7660,.T.);
#7662=ORIENTED_EDGE('',*,*,#7508,.T.);
#7663=EDGE_LOOP('',(#7658,#7659,#7661,#7662));
#7664=FACE_OUTER_BOUND('',#7663,.F.);
#7665=ADVANCED_FACE('',(#7664),#7657,.T.);
#7666=CARTESIAN_POINT('',(-1.915E1,-5.8E0,-4.060155320886E0));
#7667=DIRECTION('',(0.E0,-1.E0,0.E0));
#7668=DIRECTION('',(-1.E0,0.E0,0.E0));
#7669=AXIS2_PLACEMENT_3D('',#7666,#7667,#7668);
#7670=PLANE('',#7669);
#7671=ORIENTED_EDGE('',*,*,#7645,.T.);
#7672=ORIENTED_EDGE('',*,*,#7554,.T.);
#7674=ORIENTED_EDGE('',*,*,#7673,.F.);
#7675=ORIENTED_EDGE('',*,*,#6197,.F.);
#7676=EDGE_LOOP('',(#7671,#7672,#7674,#7675));
#7677=FACE_OUTER_BOUND('',#7676,.F.);
#7678=ADVANCED_FACE('',(#7677),#7670,.T.);
#7679=CARTESIAN_POINT('',(-3.705E1,-1.065E1,-4.060155320886E0));
#7680=DIRECTION('',(-1.E0,0.E0,0.E0));
#7681=DIRECTION('',(0.E0,1.E0,0.E0));
#7682=AXIS2_PLACEMENT_3D('',#7679,#7680,#7681);
#7683=PLANE('',#7682);
#7684=ORIENTED_EDGE('',*,*,#7660,.F.);
#7685=ORIENTED_EDGE('',*,*,#6203,.F.);
#7687=ORIENTED_EDGE('',*,*,#7686,.F.);
#7688=ORIENTED_EDGE('',*,*,#7510,.T.);
#7689=EDGE_LOOP('',(#7684,#7685,#7687,#7688));
#7690=FACE_OUTER_BOUND('',#7689,.F.);
#7691=ADVANCED_FACE('',(#7690),#7683,.T.);
#7692=CARTESIAN_POINT('',(-3.705E1,-1.065E1,-4.060155320886E0));
#7693=DIRECTION('',(-1.E0,0.E0,0.E0));
#7694=DIRECTION('',(0.E0,1.E0,0.E0));
#7695=AXIS2_PLACEMENT_3D('',#7692,#7693,#7694);
#7696=PLANE('',#7695);
#7697=ORIENTED_EDGE('',*,*,#7632,.T.);
#7698=ORIENTED_EDGE('',*,*,#7520,.T.);
#7700=ORIENTED_EDGE('',*,*,#7699,.T.);
#7701=ORIENTED_EDGE('',*,*,#6187,.F.);
#7702=EDGE_LOOP('',(#7697,#7698,#7700,#7701));
#7703=FACE_OUTER_BOUND('',#7702,.F.);
#7704=ADVANCED_FACE('',(#7703),#7696,.T.);
#7705=CARTESIAN_POINT('',(-2.305E1,-1.065E1,-4.060155320886E0));
#7706=DIRECTION('',(0.E0,-1.E0,0.E0));
#7707=DIRECTION('',(-1.E0,0.E0,0.E0));
#7708=AXIS2_PLACEMENT_3D('',#7705,#7706,#7707);
#7709=PLANE('',#7708);
#7710=ORIENTED_EDGE('',*,*,#6201,.F.);
#7712=ORIENTED_EDGE('',*,*,#7711,.F.);
#7713=ORIENTED_EDGE('',*,*,#7550,.T.);
#7714=ORIENTED_EDGE('',*,*,#7512,.T.);
#7715=ORIENTED_EDGE('',*,*,#7686,.T.);
#7716=EDGE_LOOP('',(#7710,#7712,#7713,#7714,#7715));
#7717=FACE_OUTER_BOUND('',#7716,.F.);
#7718=ADVANCED_FACE('',(#7717),#7709,.T.);
#7719=CARTESIAN_POINT('',(-2.305E1,3.35E0,-4.060155320886E0));
#7720=DIRECTION('',(1.E0,0.E0,0.E0));
#7721=DIRECTION('',(0.E0,-1.E0,0.E0));
#7722=AXIS2_PLACEMENT_3D('',#7719,#7720,#7721);
#7723=PLANE('',#7722);
#7724=ORIENTED_EDGE('',*,*,#7673,.T.);
#7725=ORIENTED_EDGE('',*,*,#7552,.T.);
#7726=ORIENTED_EDGE('',*,*,#7711,.T.);
#7727=ORIENTED_EDGE('',*,*,#6199,.F.);
#7728=EDGE_LOOP('',(#7724,#7725,#7726,#7727));
#7729=FACE_OUTER_BOUND('',#7728,.F.);
#7730=ADVANCED_FACE('',(#7729),#7723,.T.);
#7731=CARTESIAN_POINT('',(-2.305E1,3.35E0,-4.060155320886E0));
#7732=DIRECTION('',(1.E0,0.E0,0.E0));
#7733=DIRECTION('',(0.E0,-1.E0,0.E0));
#7734=AXIS2_PLACEMENT_3D('',#7731,#7732,#7733);
#7735=PLANE('',#7734);
#7736=ORIENTED_EDGE('',*,*,#7618,.F.);
#7737=ORIENTED_EDGE('',*,*,#6191,.F.);
#7739=ORIENTED_EDGE('',*,*,#7738,.F.);
#7740=ORIENTED_EDGE('',*,*,#7542,.T.);
#7741=EDGE_LOOP('',(#7736,#7737,#7739,#7740));
#7742=FACE_OUTER_BOUND('',#7741,.F.);
#7743=ADVANCED_FACE('',(#7742),#7735,.T.);
#7744=CARTESIAN_POINT('',(-3.705E1,3.35E0,-4.060155320886E0));
#7745=DIRECTION('',(0.E0,1.E0,0.E0));
#7746=DIRECTION('',(1.E0,0.E0,0.E0));
#7747=AXIS2_PLACEMENT_3D('',#7744,#7745,#7746);
#7748=PLANE('',#7747);
#7749=ORIENTED_EDGE('',*,*,#6189,.F.);
#7750=ORIENTED_EDGE('',*,*,#7699,.F.);
#7751=ORIENTED_EDGE('',*,*,#7518,.T.);
#7752=ORIENTED_EDGE('',*,*,#7544,.T.);
#7753=ORIENTED_EDGE('',*,*,#7738,.T.);
#7754=EDGE_LOOP('',(#7749,#7750,#7751,#7752,#7753));
#7755=FACE_OUTER_BOUND('',#7754,.F.);
#7756=ADVANCED_FACE('',(#7755),#7748,.T.);
#7757=CARTESIAN_POINT('',(-3.78E1,1.E0,-5.5E-1));
#7758=DIRECTION('',(1.E0,0.E0,0.E0));
#7759=DIRECTION('',(0.E0,-1.E0,0.E0));
#7760=AXIS2_PLACEMENT_3D('',#7757,#7758,#7759);
#7761=PLANE('',#7760);
#7762=ORIENTED_EDGE('',*,*,#6183,.F.);
#7764=ORIENTED_EDGE('',*,*,#7763,.T.);
#7765=ORIENTED_EDGE('',*,*,#7600,.T.);
#7766=ORIENTED_EDGE('',*,*,#7635,.F.);
#7767=EDGE_LOOP('',(#7762,#7764,#7765,#7766));
#7768=FACE_OUTER_BOUND('',#7767,.F.);
#7769=ADVANCED_FACE('',(#7768),#7761,.T.);
#7770=CARTESIAN_POINT('',(-4.08E1,1.E0,-5.5E-1));
#7771=DIRECTION('',(0.E0,1.E0,0.E0));
#7772=DIRECTION('',(1.E0,0.E0,0.E0));
#7773=AXIS2_PLACEMENT_3D('',#7770,#7771,#7772);
#7774=PLANE('',#7773);
#7775=ORIENTED_EDGE('',*,*,#6213,.F.);
#7777=ORIENTED_EDGE('',*,*,#7776,.T.);
#7778=ORIENTED_EDGE('',*,*,#7602,.T.);
#7779=ORIENTED_EDGE('',*,*,#7763,.F.);
#7780=EDGE_LOOP('',(#7775,#7777,#7778,#7779));
#7781=FACE_OUTER_BOUND('',#7780,.F.);
#7782=ADVANCED_FACE('',(#7781),#7774,.T.);
#7783=CARTESIAN_POINT('',(-4.08E1,-1.5E0,-5.5E-1));
#7784=DIRECTION('',(-1.E0,0.E0,0.E0));
#7785=DIRECTION('',(0.E0,1.E0,0.E0));
#7786=AXIS2_PLACEMENT_3D('',#7783,#7784,#7785);
#7787=PLANE('',#7786);
#7788=ORIENTED_EDGE('',*,*,#6211,.F.);
#7789=ORIENTED_EDGE('',*,*,#7588,.T.);
#7790=ORIENTED_EDGE('',*,*,#7604,.T.);
#7791=ORIENTED_EDGE('',*,*,#7776,.F.);
#7792=EDGE_LOOP('',(#7788,#7789,#7790,#7791));
#7793=FACE_OUTER_BOUND('',#7792,.F.);
#7794=ADVANCED_FACE('',(#7793),#7787,.T.);
#7795=CARTESIAN_POINT('',(-3.005E1,-3.65E0,-5.5E-1));
#7796=DIRECTION('',(0.E0,0.E0,-1.E0));
#7797=DIRECTION('',(1.E0,0.E0,0.E0));
#7798=AXIS2_PLACEMENT_3D('',#7795,#7796,#7797);
#7799=CYLINDRICAL_SURFACE('',#7798,7.E0);
#7801=ORIENTED_EDGE('',*,*,#7800,.T.);
#7803=ORIENTED_EDGE('',*,*,#7802,.F.);
#7804=ORIENTED_EDGE('',*,*,#7514,.F.);
#7805=ORIENTED_EDGE('',*,*,#7548,.F.);
#7807=ORIENTED_EDGE('',*,*,#7806,.T.);
#7808=EDGE_LOOP('',(#7801,#7803,#7804,#7805,#7807));
#7809=FACE_OUTER_BOUND('',#7808,.F.);
#7810=ADVANCED_FACE('',(#7809),#7799,.T.);
#7811=CARTESIAN_POINT('',(-3.005E1,-3.65E0,-5.5E-1));
#7812=DIRECTION('',(0.E0,0.E0,-1.E0));
#7813=DIRECTION('',(1.E0,0.E0,0.E0));
#7814=AXIS2_PLACEMENT_3D('',#7811,#7812,#7813);
#7815=CYLINDRICAL_SURFACE('',#7814,7.E0);
#7817=ORIENTED_EDGE('',*,*,#7816,.F.);
#7819=ORIENTED_EDGE('',*,*,#7818,.T.);
#7821=ORIENTED_EDGE('',*,*,#7820,.T.);
#7823=ORIENTED_EDGE('',*,*,#7822,.F.);
#7824=EDGE_LOOP('',(#7817,#7819,#7821,#7823));
#7825=FACE_OUTER_BOUND('',#7824,.F.);
#7826=ADVANCED_FACE('',(#7825),#7815,.T.);
#7827=CARTESIAN_POINT('',(-3.005E1,-3.65E0,-8.9E0));
#7828=DIRECTION('',(0.E0,0.E0,1.E0));
#7829=DIRECTION('',(-1.E0,0.E0,0.E0));
#7830=AXIS2_PLACEMENT_3D('',#7827,#7828,#7829);
#7831=PLANE('',#7830);
#7832=ORIENTED_EDGE('',*,*,#7800,.F.);
#7834=ORIENTED_EDGE('',*,*,#7833,.F.);
#7835=EDGE_LOOP('',(#7832,#7834));
#7836=FACE_OUTER_BOUND('',#7835,.F.);
#7838=ORIENTED_EDGE('',*,*,#7837,.T.);
#7840=ORIENTED_EDGE('',*,*,#7839,.F.);
#7841=EDGE_LOOP('',(#7838,#7840));
#7842=FACE_BOUND('',#7841,.F.);
#7843=ADVANCED_FACE('',(#7836,#7842),#7831,.F.);
#7844=CARTESIAN_POINT('',(-3.005E1,-3.65E0,-1.2575E1));
#7845=DIRECTION('',(0.E0,0.E0,1.E0));
#7846=DIRECTION('',(-1.E0,0.E0,0.E0));
#7847=AXIS2_PLACEMENT_3D('',#7844,#7845,#7846);
#7848=CYLINDRICAL_SURFACE('',#7847,5.8E0);
#7850=ORIENTED_EDGE('',*,*,#7849,.T.);
#7852=ORIENTED_EDGE('',*,*,#7851,.T.);
#7854=ORIENTED_EDGE('',*,*,#7853,.F.);
#7855=ORIENTED_EDGE('',*,*,#7837,.F.);
#7856=EDGE_LOOP('',(#7850,#7852,#7854,#7855));
#7857=FACE_OUTER_BOUND('',#7856,.F.);
#7858=ADVANCED_FACE('',(#7857),#7848,.T.);
#7859=CARTESIAN_POINT('',(-3.005E1,-3.65E0,-1.2575E1));
#7860=DIRECTION('',(0.E0,0.E0,1.E0));
#7861=DIRECTION('',(-1.E0,0.E0,0.E0));
#7862=AXIS2_PLACEMENT_3D('',#7859,#7860,#7861);
#7863=CYLINDRICAL_SURFACE('',#7862,5.8E0);
#7864=ORIENTED_EDGE('',*,*,#7849,.F.);
#7865=ORIENTED_EDGE('',*,*,#7839,.T.);
#7866=ORIENTED_EDGE('',*,*,#7853,.T.);
#7868=ORIENTED_EDGE('',*,*,#7867,.F.);
#7869=EDGE_LOOP('',(#7864,#7865,#7866,#7868));
#7870=FACE_OUTER_BOUND('',#7869,.F.);
#7871=ADVANCED_FACE('',(#7870),#7863,.T.);
#7872=CARTESIAN_POINT('',(-3.005E1,-3.65E0,-1.24E1));
#7873=DIRECTION('',(0.E0,0.E0,1.E0));
#7874=DIRECTION('',(-1.E0,0.E0,0.E0));
#7875=AXIS2_PLACEMENT_3D('',#7872,#7873,#7874);
#7876=PLANE('',#7875);
#7877=ORIENTED_EDGE('',*,*,#7816,.T.);
#7879=ORIENTED_EDGE('',*,*,#7878,.T.);
#7880=EDGE_LOOP('',(#7877,#7879));
#7881=FACE_OUTER_BOUND('',#7880,.F.);
#7882=ORIENTED_EDGE('',*,*,#7867,.T.);
#7883=ORIENTED_EDGE('',*,*,#7851,.F.);
#7884=EDGE_LOOP('',(#7882,#7883));
#7885=FACE_BOUND('',#7884,.F.);
#7886=ADVANCED_FACE('',(#7881,#7885),#7876,.T.);
#7887=CARTESIAN_POINT('',(-3.005E1,-3.65E0,-5.5E-1));
#7888=DIRECTION('',(0.E0,0.E0,-1.E0));
#7889=DIRECTION('',(1.E0,0.E0,0.E0));
#7890=AXIS2_PLACEMENT_3D('',#7887,#7888,#7889);
#7891=CYLINDRICAL_SURFACE('',#7890,7.E0);
#7892=ORIENTED_EDGE('',*,*,#7833,.T.);
#7893=ORIENTED_EDGE('',*,*,#7806,.F.);
#7894=ORIENTED_EDGE('',*,*,#7546,.F.);
#7895=ORIENTED_EDGE('',*,*,#7516,.F.);
#7896=ORIENTED_EDGE('',*,*,#7802,.T.);
#7897=EDGE_LOOP('',(#7892,#7893,#7894,#7895,#7896));
#7898=FACE_OUTER_BOUND('',#7897,.F.);
#7899=ADVANCED_FACE('',(#7898),#7891,.T.);
#7900=CARTESIAN_POINT('',(-3.005E1,-3.65E0,-5.5E-1));
#7901=DIRECTION('',(0.E0,0.E0,-1.E0));
#7902=DIRECTION('',(1.E0,0.E0,0.E0));
#7903=AXIS2_PLACEMENT_3D('',#7900,#7901,#7902);
#7904=CYLINDRICAL_SURFACE('',#7903,7.E0);
#7905=ORIENTED_EDGE('',*,*,#7878,.F.);
#7906=ORIENTED_EDGE('',*,*,#7822,.T.);
#7908=ORIENTED_EDGE('',*,*,#7907,.T.);
#7909=ORIENTED_EDGE('',*,*,#7818,.F.);
#7910=EDGE_LOOP('',(#7905,#7906,#7908,#7909));
#7911=FACE_OUTER_BOUND('',#7910,.F.);
#7912=ADVANCED_FACE('',(#7911),#7904,.T.);
#7913=CARTESIAN_POINT('',(-4.138621340342E1,1.450093584061E1,
-1.506015532089E1));
#7914=DIRECTION('',(0.E0,0.E0,1.E0));
#7915=DIRECTION('',(1.E0,0.E0,0.E0));
#7916=AXIS2_PLACEMENT_3D('',#7913,#7914,#7915);
#7917=PLANE('',#7916);
#7918=ORIENTED_EDGE('',*,*,#7820,.F.);
#7919=ORIENTED_EDGE('',*,*,#7907,.F.);
#7920=EDGE_LOOP('',(#7918,#7919));
#7921=FACE_OUTER_BOUND('',#7920,.F.);
#7923=ORIENTED_EDGE('',*,*,#7922,.T.);
#7925=ORIENTED_EDGE('',*,*,#7924,.T.);
#7926=EDGE_LOOP('',(#7923,#7925));
#7927=FACE_BOUND('',#7926,.F.);
#7928=ADVANCED_FACE('',(#7921,#7927),#7917,.F.);
#7929=CARTESIAN_POINT('',(-3.005E1,-3.65E0,-6.710155320886E0));
#7930=DIRECTION('',(0.E0,0.E0,-1.E0));
#7931=DIRECTION('',(-1.E0,0.E0,0.E0));
#7932=AXIS2_PLACEMENT_3D('',#7929,#7930,#7931);
#7933=SPHERICAL_SURFACE('',#7932,9.3E0);
#7934=ORIENTED_EDGE('',*,*,#7922,.F.);
#7936=ORIENTED_EDGE('',*,*,#7935,.F.);
#7938=ORIENTED_EDGE('',*,*,#7937,.T.);
#7939=EDGE_LOOP('',(#7934,#7936,#7938));
#7940=FACE_OUTER_BOUND('',#7939,.F.);
#7941=ADVANCED_FACE('',(#7940),#7933,.T.);
#7942=CARTESIAN_POINT('',(-3.005E1,-3.65E0,-6.710155320886E0));
#7943=DIRECTION('',(0.E0,0.E0,-1.E0));
#7944=DIRECTION('',(-1.E0,0.E0,0.E0));
#7945=AXIS2_PLACEMENT_3D('',#7942,#7943,#7944);
#7946=SPHERICAL_SURFACE('',#7945,9.3E0);
#7947=ORIENTED_EDGE('',*,*,#7924,.F.);
#7948=ORIENTED_EDGE('',*,*,#7937,.F.);
#7949=ORIENTED_EDGE('',*,*,#7935,.T.);
#7950=EDGE_LOOP('',(#7947,#7948,#7949));
#7951=FACE_OUTER_BOUND('',#7950,.F.);
#7952=ADVANCED_FACE('',(#7951),#7946,.T.);
#7953=CARTESIAN_POINT('',(-3.88E1,-3.65E0,-1.783618285188E1));
#7954=DIRECTION('',(0.E0,0.E0,-1.E0));
#7955=DIRECTION('',(-1.E0,0.E0,0.E0));
#7956=AXIS2_PLACEMENT_3D('',#7953,#7954,#7955);
#7957=CYLINDRICAL_SURFACE('',#7956,7.5E-1);
#7958=ORIENTED_EDGE('',*,*,#7080,.T.);
#7960=ORIENTED_EDGE('',*,*,#7959,.F.);
#7961=ORIENTED_EDGE('',*,*,#7526,.F.);
#7963=ORIENTED_EDGE('',*,*,#7962,.T.);
#7964=EDGE_LOOP('',(#7958,#7960,#7961,#7963));
#7965=FACE_OUTER_BOUND('',#7964,.F.);
#7966=ADVANCED_FACE('',(#7965),#7957,.F.);
#7967=CARTESIAN_POINT('',(-3.88E1,-3.65E0,-1.783618285188E1));
#7968=DIRECTION('',(0.E0,0.E0,-1.E0));
#7969=DIRECTION('',(-1.E0,0.E0,0.E0));
#7970=AXIS2_PLACEMENT_3D('',#7967,#7968,#7969);
#7971=CYLINDRICAL_SURFACE('',#7970,7.5E-1);
#7972=ORIENTED_EDGE('',*,*,#7082,.T.);
#7973=ORIENTED_EDGE('',*,*,#7962,.F.);
#7974=ORIENTED_EDGE('',*,*,#7528,.F.);
#7975=ORIENTED_EDGE('',*,*,#7959,.T.);
#7976=EDGE_LOOP('',(#7972,#7973,#7974,#7975));
#7977=FACE_OUTER_BOUND('',#7976,.F.);
#7978=ADVANCED_FACE('',(#7977),#7971,.F.);
#7979=CARTESIAN_POINT('',(2.13E1,-3.65E0,-1.783618285188E1));
#7980=DIRECTION('',(0.E0,0.E0,-1.E0));
#7981=DIRECTION('',(-1.E0,0.E0,0.E0));
#7982=AXIS2_PLACEMENT_3D('',#7979,#7980,#7981);
#7983=CYLINDRICAL_SURFACE('',#7982,7.5E-1);
#7984=ORIENTED_EDGE('',*,*,#7086,.T.);
#7986=ORIENTED_EDGE('',*,*,#7985,.F.);
#7988=ORIENTED_EDGE('',*,*,#7987,.F.);
#7990=ORIENTED_EDGE('',*,*,#7989,.T.);
#7991=EDGE_LOOP('',(#7984,#7986,#7988,#7990));
#7992=FACE_OUTER_BOUND('',#7991,.F.);
#7993=ADVANCED_FACE('',(#7992),#7983,.F.);
#7994=CARTESIAN_POINT('',(2.13E1,-3.65E0,-1.783618285188E1));
#7995=DIRECTION('',(0.E0,0.E0,-1.E0));
#7996=DIRECTION('',(-1.E0,0.E0,0.E0));
#7997=AXIS2_PLACEMENT_3D('',#7994,#7995,#7996);
#7998=CYLINDRICAL_SURFACE('',#7997,7.5E-1);
#7999=ORIENTED_EDGE('',*,*,#7088,.T.);
#8000=ORIENTED_EDGE('',*,*,#7989,.F.);
#8002=ORIENTED_EDGE('',*,*,#8001,.F.);
#8003=ORIENTED_EDGE('',*,*,#7985,.T.);
#8004=EDGE_LOOP('',(#7999,#8000,#8002,#8003));
#8005=FACE_OUTER_BOUND('',#8004,.F.);
#8006=ADVANCED_FACE('',(#8005),#7998,.F.);
#8007=CARTESIAN_POINT('',(0.E0,1.450093584061E1,-4.060155320886E0));
#8008=DIRECTION('',(0.E0,0.E0,1.E0));
#8009=DIRECTION('',(1.E0,0.E0,0.E0));
#8010=AXIS2_PLACEMENT_3D('',#8007,#8008,#8009);
#8011=PLANE('',#8010);
#8013=ORIENTED_EDGE('',*,*,#8012,.T.);
#8015=ORIENTED_EDGE('',*,*,#8014,.T.);
#8017=ORIENTED_EDGE('',*,*,#8016,.T.);
#8019=ORIENTED_EDGE('',*,*,#8018,.T.);
#8021=ORIENTED_EDGE('',*,*,#8020,.F.);
#8023=ORIENTED_EDGE('',*,*,#8022,.F.);
#8025=ORIENTED_EDGE('',*,*,#8024,.T.);
#8027=ORIENTED_EDGE('',*,*,#8026,.T.);
#8029=ORIENTED_EDGE('',*,*,#8028,.T.);
#8030=EDGE_LOOP('',(#8013,#8015,#8017,#8019,#8021,#8023,#8025,#8027,#8029));
#8031=FACE_OUTER_BOUND('',#8030,.F.);
#8033=ORIENTED_EDGE('',*,*,#8032,.T.);
#8035=ORIENTED_EDGE('',*,*,#8034,.T.);
#8036=EDGE_LOOP('',(#8033,#8035));
#8037=FACE_BOUND('',#8036,.F.);
#8038=ADVANCED_FACE('',(#8031,#8037),#8011,.F.);
#8039=CARTESIAN_POINT('',(0.E0,1.450093584061E1,-4.060155320886E0));
#8040=DIRECTION('',(0.E0,0.E0,1.E0));
#8041=DIRECTION('',(1.E0,0.E0,0.E0));
#8042=AXIS2_PLACEMENT_3D('',#8039,#8040,#8041);
#8043=PLANE('',#8042);
#8045=ORIENTED_EDGE('',*,*,#8044,.T.);
#8047=ORIENTED_EDGE('',*,*,#8046,.T.);
#8049=ORIENTED_EDGE('',*,*,#8048,.T.);
#8051=ORIENTED_EDGE('',*,*,#8050,.T.);
#8053=ORIENTED_EDGE('',*,*,#8052,.F.);
#8055=ORIENTED_EDGE('',*,*,#8054,.F.);
#8057=ORIENTED_EDGE('',*,*,#8056,.T.);
#8059=ORIENTED_EDGE('',*,*,#8058,.T.);
#8061=ORIENTED_EDGE('',*,*,#8060,.T.);
#8062=EDGE_LOOP('',(#8045,#8047,#8049,#8051,#8053,#8055,#8057,#8059,#8061));
#8063=FACE_OUTER_BOUND('',#8062,.F.);
#8064=ORIENTED_EDGE('',*,*,#7987,.T.);
#8065=ORIENTED_EDGE('',*,*,#8001,.T.);
#8066=EDGE_LOOP('',(#8064,#8065));
#8067=FACE_BOUND('',#8066,.F.);
#8068=ADVANCED_FACE('',(#8063,#8067),#8043,.F.);
#8069=CARTESIAN_POINT('',(3.88E1,-3.65E0,-4.204334141024E0));
#8070=DIRECTION('',(0.E0,0.E0,-1.E0));
#8071=DIRECTION('',(0.E0,-1.E0,0.E0));
#8072=AXIS2_PLACEMENT_3D('',#8069,#8070,#8071);
#8073=CYLINDRICAL_SURFACE('',#8072,2.15E0);
#8075=ORIENTED_EDGE('',*,*,#8074,.T.);
#8076=ORIENTED_EDGE('',*,*,#6133,.F.);
#8078=ORIENTED_EDGE('',*,*,#8077,.F.);
#8079=ORIENTED_EDGE('',*,*,#8012,.F.);
#8080=EDGE_LOOP('',(#8075,#8076,#8078,#8079));
#8081=FACE_OUTER_BOUND('',#8080,.F.);
#8082=ADVANCED_FACE('',(#8081),#8073,.T.);
#8083=CARTESIAN_POINT('',(1.915E1,-5.8E0,-4.060155320886E0));
#8084=DIRECTION('',(0.E0,1.E0,0.E0));
#8085=DIRECTION('',(1.E0,0.E0,0.E0));
#8086=AXIS2_PLACEMENT_3D('',#8083,#8084,#8085);
#8087=PLANE('',#8086);
#8088=ORIENTED_EDGE('',*,*,#8074,.F.);
#8089=ORIENTED_EDGE('',*,*,#8028,.F.);
#8091=ORIENTED_EDGE('',*,*,#8090,.F.);
#8092=ORIENTED_EDGE('',*,*,#6135,.T.);
#8093=EDGE_LOOP('',(#8088,#8089,#8091,#8092));
#8094=FACE_OUTER_BOUND('',#8093,.F.);
#8095=ADVANCED_FACE('',(#8094),#8087,.F.);
#8096=CARTESIAN_POINT('',(1.915E1,-5.8E0,-4.060155320886E0));
#8097=DIRECTION('',(0.E0,1.E0,0.E0));
#8098=DIRECTION('',(1.E0,0.E0,0.E0));
#8099=AXIS2_PLACEMENT_3D('',#8096,#8097,#8098);
#8100=PLANE('',#8099);
#8102=ORIENTED_EDGE('',*,*,#8101,.F.);
#8103=ORIENTED_EDGE('',*,*,#6143,.T.);
#8105=ORIENTED_EDGE('',*,*,#8104,.T.);
#8106=ORIENTED_EDGE('',*,*,#8046,.F.);
#8107=EDGE_LOOP('',(#8102,#8103,#8105,#8106));
#8108=FACE_OUTER_BOUND('',#8107,.F.);
#8109=ADVANCED_FACE('',(#8108),#8100,.F.);
#8110=CARTESIAN_POINT('',(3.705E1,-1.065E1,-4.060155320886E0));
#8111=DIRECTION('',(-1.E0,0.E0,0.E0));
#8112=DIRECTION('',(0.E0,1.E0,0.E0));
#8113=AXIS2_PLACEMENT_3D('',#8110,#8111,#8112);
#8114=PLANE('',#8113);
#8115=ORIENTED_EDGE('',*,*,#8090,.T.);
#8116=ORIENTED_EDGE('',*,*,#8026,.F.);
#8118=ORIENTED_EDGE('',*,*,#8117,.T.);
#8119=ORIENTED_EDGE('',*,*,#6137,.T.);
#8120=EDGE_LOOP('',(#8115,#8116,#8118,#8119));
#8121=FACE_OUTER_BOUND('',#8120,.F.);
#8122=ADVANCED_FACE('',(#8121),#8114,.F.);
#8123=CARTESIAN_POINT('',(3.705E1,-1.065E1,-4.060155320886E0));
#8124=DIRECTION('',(-1.E0,0.E0,0.E0));
#8125=DIRECTION('',(0.E0,1.E0,0.E0));
#8126=AXIS2_PLACEMENT_3D('',#8123,#8124,#8125);
#8127=PLANE('',#8126);
#8129=ORIENTED_EDGE('',*,*,#8128,.F.);
#8130=ORIENTED_EDGE('',*,*,#6129,.T.);
#8132=ORIENTED_EDGE('',*,*,#8131,.F.);
#8133=ORIENTED_EDGE('',*,*,#8016,.F.);
#8134=EDGE_LOOP('',(#8129,#8130,#8132,#8133));
#8135=FACE_OUTER_BOUND('',#8134,.F.);
#8136=ADVANCED_FACE('',(#8135),#8127,.F.);
#8137=CARTESIAN_POINT('',(2.305E1,-1.065E1,-4.060155320886E0));
#8138=DIRECTION('',(0.E0,1.E0,0.E0));
#8139=DIRECTION('',(1.E0,0.E0,0.E0));
#8140=AXIS2_PLACEMENT_3D('',#8137,#8138,#8139);
#8141=PLANE('',#8140);
#8142=ORIENTED_EDGE('',*,*,#6139,.T.);
#8143=ORIENTED_EDGE('',*,*,#8117,.F.);
#8144=ORIENTED_EDGE('',*,*,#8024,.F.);
#8145=ORIENTED_EDGE('',*,*,#8050,.F.);
#8147=ORIENTED_EDGE('',*,*,#8146,.T.);
#8148=EDGE_LOOP('',(#8142,#8143,#8144,#8145,#8147));
#8149=FACE_OUTER_BOUND('',#8148,.F.);
#8150=ADVANCED_FACE('',(#8149),#8141,.F.);
#8151=CARTESIAN_POINT('',(2.305E1,3.35E0,-4.060155320886E0));
#8152=DIRECTION('',(1.E0,0.E0,0.E0));
#8153=DIRECTION('',(0.E0,-1.E0,0.E0));
#8154=AXIS2_PLACEMENT_3D('',#8151,#8152,#8153);
#8155=PLANE('',#8154);
#8156=ORIENTED_EDGE('',*,*,#8104,.F.);
#8157=ORIENTED_EDGE('',*,*,#6141,.T.);
#8158=ORIENTED_EDGE('',*,*,#8146,.F.);
#8159=ORIENTED_EDGE('',*,*,#8048,.F.);
#8160=EDGE_LOOP('',(#8156,#8157,#8158,#8159));
#8161=FACE_OUTER_BOUND('',#8160,.F.);
#8162=ADVANCED_FACE('',(#8161),#8155,.F.);
#8163=CARTESIAN_POINT('',(2.305E1,3.35E0,-4.060155320886E0));
#8164=DIRECTION('',(1.E0,0.E0,0.E0));
#8165=DIRECTION('',(0.E0,-1.E0,0.E0));
#8166=AXIS2_PLACEMENT_3D('',#8163,#8164,#8165);
#8167=PLANE('',#8166);
#8169=ORIENTED_EDGE('',*,*,#8168,.T.);
#8170=ORIENTED_EDGE('',*,*,#8058,.F.);
#8172=ORIENTED_EDGE('',*,*,#8171,.T.);
#8173=ORIENTED_EDGE('',*,*,#6125,.T.);
#8174=EDGE_LOOP('',(#8169,#8170,#8172,#8173));
#8175=FACE_OUTER_BOUND('',#8174,.F.);
#8176=ADVANCED_FACE('',(#8175),#8167,.F.);
#8177=CARTESIAN_POINT('',(4.095E1,-1.5E0,-4.060155320886E0));
#8178=DIRECTION('',(0.E0,-1.E0,0.E0));
#8179=DIRECTION('',(-1.E0,0.E0,0.E0));
#8180=AXIS2_PLACEMENT_3D('',#8177,#8178,#8179);
#8181=PLANE('',#8180);
#8182=ORIENTED_EDGE('',*,*,#8077,.T.);
#8183=ORIENTED_EDGE('',*,*,#6131,.T.);
#8184=ORIENTED_EDGE('',*,*,#8128,.T.);
#8185=ORIENTED_EDGE('',*,*,#8014,.F.);
#8186=EDGE_LOOP('',(#8182,#8183,#8184,#8185));
#8187=FACE_OUTER_BOUND('',#8186,.F.);
#8188=ADVANCED_FACE('',(#8187),#8181,.F.);
#8189=CARTESIAN_POINT('',(4.095E1,-1.5E0,-4.060155320886E0));
#8190=DIRECTION('',(0.E0,-1.E0,0.E0));
#8191=DIRECTION('',(-1.E0,0.E0,0.E0));
#8192=AXIS2_PLACEMENT_3D('',#8189,#8190,#8191);
#8193=PLANE('',#8192);
#8195=ORIENTED_EDGE('',*,*,#8194,.T.);
#8196=ORIENTED_EDGE('',*,*,#8060,.F.);
#8197=ORIENTED_EDGE('',*,*,#8168,.F.);
#8198=ORIENTED_EDGE('',*,*,#6123,.T.);
#8199=EDGE_LOOP('',(#8195,#8196,#8197,#8198));
#8200=FACE_OUTER_BOUND('',#8199,.F.);
#8201=ADVANCED_FACE('',(#8200),#8193,.F.);
#8202=CARTESIAN_POINT('',(2.13E1,-3.65E0,-4.268067167195E-1));
#8203=DIRECTION('',(0.E0,0.E0,1.E0));
#8204=DIRECTION('',(0.E0,-1.E0,0.E0));
#8205=AXIS2_PLACEMENT_3D('',#8202,#8203,#8204);
#8206=CYLINDRICAL_SURFACE('',#8205,2.15E0);
#8207=ORIENTED_EDGE('',*,*,#8101,.T.);
#8208=ORIENTED_EDGE('',*,*,#8044,.F.);
#8209=ORIENTED_EDGE('',*,*,#8194,.F.);
#8210=ORIENTED_EDGE('',*,*,#6145,.F.);
#8211=EDGE_LOOP('',(#8207,#8208,#8209,#8210));
#8212=FACE_OUTER_BOUND('',#8211,.F.);
#8213=ADVANCED_FACE('',(#8212),#8206,.T.);
#8214=CARTESIAN_POINT('',(3.705E1,3.35E0,-4.060155320886E0));
#8215=DIRECTION('',(0.E0,-1.E0,0.E0));
#8216=DIRECTION('',(-1.E0,0.E0,0.E0));
#8217=AXIS2_PLACEMENT_3D('',#8214,#8215,#8216);
#8218=PLANE('',#8217);
#8219=ORIENTED_EDGE('',*,*,#6127,.T.);
#8220=ORIENTED_EDGE('',*,*,#8171,.F.);
#8221=ORIENTED_EDGE('',*,*,#8056,.F.);
#8222=ORIENTED_EDGE('',*,*,#8018,.F.);
#8223=ORIENTED_EDGE('',*,*,#8131,.T.);
#8224=EDGE_LOOP('',(#8219,#8220,#8221,#8222,#8223));
#8225=FACE_OUTER_BOUND('',#8224,.F.);
#8226=ADVANCED_FACE('',(#8225),#8218,.F.);
#8227=CARTESIAN_POINT('',(3.005E1,-3.65E0,-5.5E-1));
#8228=DIRECTION('',(0.E0,0.E0,1.E0));
#8229=DIRECTION('',(-1.E0,0.E0,0.E0));
#8230=AXIS2_PLACEMENT_3D('',#8227,#8228,#8229);
#8231=CYLINDRICAL_SURFACE('',#8230,7.E0);
#8233=ORIENTED_EDGE('',*,*,#8232,.F.);
#8235=ORIENTED_EDGE('',*,*,#8234,.F.);
#8236=ORIENTED_EDGE('',*,*,#8020,.T.);
#8237=ORIENTED_EDGE('',*,*,#8054,.T.);
#8239=ORIENTED_EDGE('',*,*,#8238,.T.);
#8240=EDGE_LOOP('',(#8233,#8235,#8236,#8237,#8239));
#8241=FACE_OUTER_BOUND('',#8240,.F.);
#8242=ADVANCED_FACE('',(#8241),#8231,.T.);
#8243=CARTESIAN_POINT('',(3.005E1,-3.65E0,-5.5E-1));
#8244=DIRECTION('',(0.E0,0.E0,1.E0));
#8245=DIRECTION('',(-1.E0,0.E0,0.E0));
#8246=AXIS2_PLACEMENT_3D('',#8243,#8244,#8245);
#8247=CYLINDRICAL_SURFACE('',#8246,7.E0);
#8249=ORIENTED_EDGE('',*,*,#8248,.T.);
#8251=ORIENTED_EDGE('',*,*,#8250,.T.);
#8253=ORIENTED_EDGE('',*,*,#8252,.F.);
#8255=ORIENTED_EDGE('',*,*,#8254,.F.);
#8256=EDGE_LOOP('',(#8249,#8251,#8253,#8255));
#8257=FACE_OUTER_BOUND('',#8256,.F.);
#8258=ADVANCED_FACE('',(#8257),#8247,.T.);
#8259=CARTESIAN_POINT('',(3.005E1,-3.65E0,-8.9E0));
#8260=DIRECTION('',(0.E0,0.E0,-1.E0));
#8261=DIRECTION('',(1.E0,0.E0,0.E0));
#8262=AXIS2_PLACEMENT_3D('',#8259,#8260,#8261);
#8263=PLANE('',#8262);
#8265=ORIENTED_EDGE('',*,*,#8264,.T.);
#8266=ORIENTED_EDGE('',*,*,#8232,.T.);
#8267=EDGE_LOOP('',(#8265,#8266));
#8268=FACE_OUTER_BOUND('',#8267,.F.);
#8270=ORIENTED_EDGE('',*,*,#8269,.F.);
#8272=ORIENTED_EDGE('',*,*,#8271,.T.);
#8273=EDGE_LOOP('',(#8270,#8272));
#8274=FACE_BOUND('',#8273,.F.);
#8275=ADVANCED_FACE('',(#8268,#8274),#8263,.T.);
#8276=CARTESIAN_POINT('',(3.005E1,-3.65E0,-1.2575E1));
#8277=DIRECTION('',(0.E0,0.E0,-1.E0));
#8278=DIRECTION('',(1.E0,0.E0,0.E0));
#8279=AXIS2_PLACEMENT_3D('',#8276,#8277,#8278);
#8280=CYLINDRICAL_SURFACE('',#8279,5.8E0);
#8282=ORIENTED_EDGE('',*,*,#8281,.F.);
#8283=ORIENTED_EDGE('',*,*,#8269,.T.);
#8285=ORIENTED_EDGE('',*,*,#8284,.T.);
#8287=ORIENTED_EDGE('',*,*,#8286,.F.);
#8288=EDGE_LOOP('',(#8282,#8283,#8285,#8287));
#8289=FACE_OUTER_BOUND('',#8288,.F.);
#8290=ADVANCED_FACE('',(#8289),#8280,.T.);
#8291=CARTESIAN_POINT('',(3.005E1,-3.65E0,-1.2575E1));
#8292=DIRECTION('',(0.E0,0.E0,-1.E0));
#8293=DIRECTION('',(1.E0,0.E0,0.E0));
#8294=AXIS2_PLACEMENT_3D('',#8291,#8292,#8293);
#8295=CYLINDRICAL_SURFACE('',#8294,5.8E0);
#8296=ORIENTED_EDGE('',*,*,#8281,.T.);
#8298=ORIENTED_EDGE('',*,*,#8297,.T.);
#8299=ORIENTED_EDGE('',*,*,#8284,.F.);
#8300=ORIENTED_EDGE('',*,*,#8271,.F.);
#8301=EDGE_LOOP('',(#8296,#8298,#8299,#8300));
#8302=FACE_OUTER_BOUND('',#8301,.F.);
#8303=ADVANCED_FACE('',(#8302),#8295,.T.);
#8304=CARTESIAN_POINT('',(3.005E1,-3.65E0,-1.24E1));
#8305=DIRECTION('',(0.E0,0.E0,-1.E0));
#8306=DIRECTION('',(1.E0,0.E0,0.E0));
#8307=AXIS2_PLACEMENT_3D('',#8304,#8305,#8306);
#8308=PLANE('',#8307);
#8310=ORIENTED_EDGE('',*,*,#8309,.F.);
#8311=ORIENTED_EDGE('',*,*,#8248,.F.);
#8312=EDGE_LOOP('',(#8310,#8311));
#8313=FACE_OUTER_BOUND('',#8312,.F.);
#8314=ORIENTED_EDGE('',*,*,#8297,.F.);
#8315=ORIENTED_EDGE('',*,*,#8286,.T.);
#8316=EDGE_LOOP('',(#8314,#8315));
#8317=FACE_BOUND('',#8316,.F.);
#8318=ADVANCED_FACE('',(#8313,#8317),#8308,.F.);
#8319=CARTESIAN_POINT('',(3.005E1,-3.65E0,-5.5E-1));
#8320=DIRECTION('',(0.E0,0.E0,1.E0));
#8321=DIRECTION('',(-1.E0,0.E0,0.E0));
#8322=AXIS2_PLACEMENT_3D('',#8319,#8320,#8321);
#8323=CYLINDRICAL_SURFACE('',#8322,7.E0);
#8324=ORIENTED_EDGE('',*,*,#8264,.F.);
#8325=ORIENTED_EDGE('',*,*,#8238,.F.);
#8326=ORIENTED_EDGE('',*,*,#8052,.T.);
#8327=ORIENTED_EDGE('',*,*,#8022,.T.);
#8328=ORIENTED_EDGE('',*,*,#8234,.T.);
#8329=EDGE_LOOP('',(#8324,#8325,#8326,#8327,#8328));
#8330=FACE_OUTER_BOUND('',#8329,.F.);
#8331=ADVANCED_FACE('',(#8330),#8323,.T.);
#8332=CARTESIAN_POINT('',(3.005E1,-3.65E0,-5.5E-1));
#8333=DIRECTION('',(0.E0,0.E0,1.E0));
#8334=DIRECTION('',(-1.E0,0.E0,0.E0));
#8335=AXIS2_PLACEMENT_3D('',#8332,#8333,#8334);
#8336=CYLINDRICAL_SURFACE('',#8335,7.E0);
#8337=ORIENTED_EDGE('',*,*,#8309,.T.);
#8338=ORIENTED_EDGE('',*,*,#8254,.T.);
#8340=ORIENTED_EDGE('',*,*,#8339,.F.);
#8341=ORIENTED_EDGE('',*,*,#8250,.F.);
#8342=EDGE_LOOP('',(#8337,#8338,#8340,#8341));
#8343=FACE_OUTER_BOUND('',#8342,.F.);
#8344=ADVANCED_FACE('',(#8343),#8336,.T.);
#8345=CARTESIAN_POINT('',(4.138621340342E1,1.450093584061E1,-1.506015532089E1));
#8346=DIRECTION('',(0.E0,0.E0,-1.E0));
#8347=DIRECTION('',(-1.E0,0.E0,0.E0));
#8348=AXIS2_PLACEMENT_3D('',#8345,#8346,#8347);
#8349=PLANE('',#8348);
#8350=ORIENTED_EDGE('',*,*,#8339,.T.);
#8351=ORIENTED_EDGE('',*,*,#8252,.T.);
#8352=EDGE_LOOP('',(#8350,#8351));
#8353=FACE_OUTER_BOUND('',#8352,.F.);
#8355=ORIENTED_EDGE('',*,*,#8354,.F.);
#8357=ORIENTED_EDGE('',*,*,#8356,.F.);
#8358=EDGE_LOOP('',(#8355,#8357));
#8359=FACE_BOUND('',#8358,.F.);
#8360=ADVANCED_FACE('',(#8353,#8359),#8349,.T.);
#8361=CARTESIAN_POINT('',(3.005E1,-3.65E0,-6.710155320886E0));
#8362=DIRECTION('',(0.E0,0.E0,1.E0));
#8363=DIRECTION('',(1.E0,0.E0,0.E0));
#8364=AXIS2_PLACEMENT_3D('',#8361,#8362,#8363);
#8365=SPHERICAL_SURFACE('',#8364,9.3E0);
#8366=ORIENTED_EDGE('',*,*,#8354,.T.);
#8368=ORIENTED_EDGE('',*,*,#8367,.F.);
#8370=ORIENTED_EDGE('',*,*,#8369,.T.);
#8371=EDGE_LOOP('',(#8366,#8368,#8370));
#8372=FACE_OUTER_BOUND('',#8371,.F.);
#8373=ADVANCED_FACE('',(#8372),#8365,.T.);
#8374=CARTESIAN_POINT('',(3.005E1,-3.65E0,-6.710155320886E0));
#8375=DIRECTION('',(0.E0,0.E0,1.E0));
#8376=DIRECTION('',(1.E0,0.E0,0.E0));
#8377=AXIS2_PLACEMENT_3D('',#8374,#8375,#8376);
#8378=SPHERICAL_SURFACE('',#8377,9.3E0);
#8379=ORIENTED_EDGE('',*,*,#8356,.T.);
#8380=ORIENTED_EDGE('',*,*,#8369,.F.);
#8381=ORIENTED_EDGE('',*,*,#8367,.T.);
#8382=EDGE_LOOP('',(#8379,#8380,#8381));
#8383=FACE_OUTER_BOUND('',#8382,.F.);
#8384=ADVANCED_FACE('',(#8383),#8378,.T.);
#8385=CARTESIAN_POINT('',(3.88E1,-3.65E0,-1.783618285188E1));
#8386=DIRECTION('',(0.E0,0.E0,-1.E0));
#8387=DIRECTION('',(-1.E0,0.E0,0.E0));
#8388=AXIS2_PLACEMENT_3D('',#8385,#8386,#8387);
#8389=CYLINDRICAL_SURFACE('',#8388,7.5E-1);
#8390=ORIENTED_EDGE('',*,*,#7092,.T.);
#8392=ORIENTED_EDGE('',*,*,#8391,.F.);
#8393=ORIENTED_EDGE('',*,*,#8032,.F.);
#8395=ORIENTED_EDGE('',*,*,#8394,.T.);
#8396=EDGE_LOOP('',(#8390,#8392,#8393,#8395));
#8397=FACE_OUTER_BOUND('',#8396,.F.);
#8398=ADVANCED_FACE('',(#8397),#8389,.F.);
#8399=CARTESIAN_POINT('',(3.88E1,-3.65E0,-1.783618285188E1));
#8400=DIRECTION('',(0.E0,0.E0,-1.E0));
#8401=DIRECTION('',(-1.E0,0.E0,0.E0));
#8402=AXIS2_PLACEMENT_3D('',#8399,#8400,#8401);
#8403=CYLINDRICAL_SURFACE('',#8402,7.5E-1);
#8404=ORIENTED_EDGE('',*,*,#7094,.T.);
#8405=ORIENTED_EDGE('',*,*,#8394,.F.);
#8406=ORIENTED_EDGE('',*,*,#8034,.F.);
#8407=ORIENTED_EDGE('',*,*,#8391,.T.);
#8408=EDGE_LOOP('',(#8404,#8405,#8406,#8407));
#8409=FACE_OUTER_BOUND('',#8408,.F.);
#8410=ADVANCED_FACE('',(#8409),#8403,.F.);
#8411=CARTESIAN_POINT('',(-3.62E1,7.4E0,-5.5E-1));
#8412=DIRECTION('',(-1.E0,0.E0,0.E0));
#8413=DIRECTION('',(0.E0,1.E0,0.E0));
#8414=AXIS2_PLACEMENT_3D('',#8411,#8412,#8413);
#8415=PLANE('',#8414);
#8416=ORIENTED_EDGE('',*,*,#6173,.F.);
#8418=ORIENTED_EDGE('',*,*,#8417,.T.);
#8420=ORIENTED_EDGE('',*,*,#8419,.T.);
#8422=ORIENTED_EDGE('',*,*,#8421,.F.);
#8423=EDGE_LOOP('',(#8416,#8418,#8420,#8422));
#8424=FACE_OUTER_BOUND('',#8423,.F.);
#8425=ADVANCED_FACE('',(#8424),#8415,.T.);
#8426=CARTESIAN_POINT('',(-2.39E1,7.4E0,-5.5E-1));
#8427=DIRECTION('',(0.E0,-1.E0,0.E0));
#8428=DIRECTION('',(-1.E0,0.E0,0.E0));
#8429=AXIS2_PLACEMENT_3D('',#8426,#8427,#8428);
#8430=PLANE('',#8429);
#8431=ORIENTED_EDGE('',*,*,#6179,.F.);
#8433=ORIENTED_EDGE('',*,*,#8432,.T.);
#8435=ORIENTED_EDGE('',*,*,#8434,.T.);
#8436=ORIENTED_EDGE('',*,*,#8417,.F.);
#8437=EDGE_LOOP('',(#8431,#8433,#8435,#8436));
#8438=FACE_OUTER_BOUND('',#8437,.F.);
#8439=ADVANCED_FACE('',(#8438),#8430,.T.);
#8440=CARTESIAN_POINT('',(-2.39E1,1.17E1,-5.5E-1));
#8441=DIRECTION('',(1.E0,0.E0,0.E0));
#8442=DIRECTION('',(0.E0,-1.E0,0.E0));
#8443=AXIS2_PLACEMENT_3D('',#8440,#8441,#8442);
#8444=PLANE('',#8443);
#8445=ORIENTED_EDGE('',*,*,#6177,.F.);
#8447=ORIENTED_EDGE('',*,*,#8446,.T.);
#8449=ORIENTED_EDGE('',*,*,#8448,.T.);
#8450=ORIENTED_EDGE('',*,*,#8432,.F.);
#8451=EDGE_LOOP('',(#8445,#8447,#8449,#8450));
#8452=FACE_OUTER_BOUND('',#8451,.F.);
#8453=ADVANCED_FACE('',(#8452),#8444,.T.);
#8454=CARTESIAN_POINT('',(-3.62E1,1.17E1,-5.5E-1));
#8455=DIRECTION('',(0.E0,1.E0,0.E0));
#8456=DIRECTION('',(1.E0,0.E0,0.E0));
#8457=AXIS2_PLACEMENT_3D('',#8454,#8455,#8456);
#8458=PLANE('',#8457);
#8459=ORIENTED_EDGE('',*,*,#6175,.F.);
#8460=ORIENTED_EDGE('',*,*,#8421,.T.);
#8462=ORIENTED_EDGE('',*,*,#8461,.T.);
#8463=ORIENTED_EDGE('',*,*,#8446,.F.);
#8464=EDGE_LOOP('',(#8459,#8460,#8462,#8463));
#8465=FACE_OUTER_BOUND('',#8464,.F.);
#8466=ADVANCED_FACE('',(#8465),#8458,.T.);
#8467=CARTESIAN_POINT('',(0.E0,1.450093584061E1,-2.45E0));
#8468=DIRECTION('',(0.E0,0.E0,-1.E0));
#8469=DIRECTION('',(1.E0,0.E0,0.E0));
#8470=AXIS2_PLACEMENT_3D('',#8467,#8468,#8469);
#8471=PLANE('',#8470);
#8472=ORIENTED_EDGE('',*,*,#8419,.F.);
#8473=ORIENTED_EDGE('',*,*,#8434,.F.);
#8474=ORIENTED_EDGE('',*,*,#8448,.F.);
#8475=ORIENTED_EDGE('',*,*,#8461,.F.);
#8476=EDGE_LOOP('',(#8472,#8473,#8474,#8475));
#8477=FACE_OUTER_BOUND('',#8476,.F.);
#8478=ADVANCED_FACE('',(#8477),#8471,.T.);
#8479=CARTESIAN_POINT('',(-3.89E1,1.04E1,-5.5E-1));
#8480=DIRECTION('',(1.E0,0.E0,0.E0));
#8481=DIRECTION('',(0.E0,-1.E0,0.E0));
#8482=AXIS2_PLACEMENT_3D('',#8479,#8480,#8481);
#8483=PLANE('',#8482);
#8484=ORIENTED_EDGE('',*,*,#6217,.F.);
#8486=ORIENTED_EDGE('',*,*,#8485,.T.);
#8488=ORIENTED_EDGE('',*,*,#8487,.T.);
#8490=ORIENTED_EDGE('',*,*,#8489,.F.);
#8491=EDGE_LOOP('',(#8484,#8486,#8488,#8490));
#8492=FACE_OUTER_BOUND('',#8491,.F.);
#8493=ADVANCED_FACE('',(#8492),#8483,.T.);
#8494=CARTESIAN_POINT('',(-4.06E1,1.04E1,-5.5E-1));
#8495=DIRECTION('',(0.E0,1.E0,0.E0));
#8496=DIRECTION('',(1.E0,0.E0,0.E0));
#8497=AXIS2_PLACEMENT_3D('',#8494,#8495,#8496);
#8498=PLANE('',#8497);
#8499=ORIENTED_EDGE('',*,*,#6223,.F.);
#8501=ORIENTED_EDGE('',*,*,#8500,.T.);
#8503=ORIENTED_EDGE('',*,*,#8502,.T.);
#8504=ORIENTED_EDGE('',*,*,#8485,.F.);
#8505=EDGE_LOOP('',(#8499,#8501,#8503,#8504));
#8506=FACE_OUTER_BOUND('',#8505,.F.);
#8507=ADVANCED_FACE('',(#8506),#8498,.T.);
#8508=CARTESIAN_POINT('',(-4.06E1,9.6E0,-5.5E-1));
#8509=DIRECTION('',(-1.E0,0.E0,0.E0));
#8510=DIRECTION('',(0.E0,1.E0,0.E0));
#8511=AXIS2_PLACEMENT_3D('',#8508,#8509,#8510);
#8512=PLANE('',#8511);
#8513=ORIENTED_EDGE('',*,*,#6221,.F.);
#8515=ORIENTED_EDGE('',*,*,#8514,.T.);
#8517=ORIENTED_EDGE('',*,*,#8516,.T.);
#8518=ORIENTED_EDGE('',*,*,#8500,.F.);
#8519=EDGE_LOOP('',(#8513,#8515,#8517,#8518));
#8520=FACE_OUTER_BOUND('',#8519,.F.);
#8521=ADVANCED_FACE('',(#8520),#8512,.T.);
#8522=CARTESIAN_POINT('',(-3.89E1,9.6E0,-5.5E-1));
#8523=DIRECTION('',(0.E0,-1.E0,0.E0));
#8524=DIRECTION('',(-1.E0,0.E0,0.E0));
#8525=AXIS2_PLACEMENT_3D('',#8522,#8523,#8524);
#8526=PLANE('',#8525);
#8527=ORIENTED_EDGE('',*,*,#6219,.F.);
#8528=ORIENTED_EDGE('',*,*,#8489,.T.);
#8530=ORIENTED_EDGE('',*,*,#8529,.T.);
#8531=ORIENTED_EDGE('',*,*,#8514,.F.);
#8532=EDGE_LOOP('',(#8527,#8528,#8530,#8531));
#8533=FACE_OUTER_BOUND('',#8532,.F.);
#8534=ADVANCED_FACE('',(#8533),#8526,.T.);
#8535=CARTESIAN_POINT('',(0.E0,1.450093584061E1,-1.35E0));
#8536=DIRECTION('',(0.E0,0.E0,-1.E0));
#8537=DIRECTION('',(-1.E0,0.E0,0.E0));
#8538=AXIS2_PLACEMENT_3D('',#8535,#8536,#8537);
#8539=PLANE('',#8538);
#8540=ORIENTED_EDGE('',*,*,#8487,.F.);
#8541=ORIENTED_EDGE('',*,*,#8502,.F.);
#8542=ORIENTED_EDGE('',*,*,#8516,.F.);
#8543=ORIENTED_EDGE('',*,*,#8529,.F.);
#8544=EDGE_LOOP('',(#8540,#8541,#8542,#8543));
#8545=FACE_OUTER_BOUND('',#8544,.F.);
#8546=ADVANCED_FACE('',(#8545),#8539,.T.);
#8547=CARTESIAN_POINT('',(0.E0,1.450093584061E1,-1.35E0));
#8548=DIRECTION('',(0.E0,0.E0,-1.E0));
#8549=DIRECTION('',(-1.E0,0.E0,0.E0));
#8550=AXIS2_PLACEMENT_3D('',#8547,#8548,#8549);
#8551=PLANE('',#8550);
#8553=ORIENTED_EDGE('',*,*,#8552,.F.);
#8555=ORIENTED_EDGE('',*,*,#8554,.F.);
#8557=ORIENTED_EDGE('',*,*,#8556,.F.);
#8559=ORIENTED_EDGE('',*,*,#8558,.F.);
#8560=EDGE_LOOP('',(#8553,#8555,#8557,#8559));
#8561=FACE_OUTER_BOUND('',#8560,.F.);
#8562=ADVANCED_FACE('',(#8561),#8551,.T.);
#8563=CARTESIAN_POINT('',(0.E0,1.450093584061E1,-1.35E0));
#8564=DIRECTION('',(0.E0,0.E0,-1.E0));
#8565=DIRECTION('',(-1.E0,0.E0,0.E0));
#8566=AXIS2_PLACEMENT_3D('',#8563,#8564,#8565);
#8567=PLANE('',#8566);
#8569=ORIENTED_EDGE('',*,*,#8568,.F.);
#8571=ORIENTED_EDGE('',*,*,#8570,.F.);
#8573=ORIENTED_EDGE('',*,*,#8572,.F.);
#8575=ORIENTED_EDGE('',*,*,#8574,.F.);
#8576=EDGE_LOOP('',(#8569,#8571,#8573,#8575));
#8577=FACE_OUTER_BOUND('',#8576,.F.);
#8578=ADVANCED_FACE('',(#8577),#8567,.T.);
#8579=CARTESIAN_POINT('',(-3.89E1,8.6E0,-5.5E-1));
#8580=DIRECTION('',(1.E0,0.E0,0.E0));
#8581=DIRECTION('',(0.E0,-1.E0,0.E0));
#8582=AXIS2_PLACEMENT_3D('',#8579,#8580,#8581);
#8583=PLANE('',#8582);
#8584=ORIENTED_EDGE('',*,*,#6227,.F.);
#8586=ORIENTED_EDGE('',*,*,#8585,.T.);
#8587=ORIENTED_EDGE('',*,*,#8552,.T.);
#8589=ORIENTED_EDGE('',*,*,#8588,.F.);
#8590=EDGE_LOOP('',(#8584,#8586,#8587,#8589));
#8591=FACE_OUTER_BOUND('',#8590,.F.);
#8592=ADVANCED_FACE('',(#8591),#8583,.T.);
#8593=CARTESIAN_POINT('',(-4.06E1,8.6E0,-5.5E-1));
#8594=DIRECTION('',(0.E0,1.E0,0.E0));
#8595=DIRECTION('',(1.E0,0.E0,0.E0));
#8596=AXIS2_PLACEMENT_3D('',#8593,#8594,#8595);
#8597=PLANE('',#8596);
#8598=ORIENTED_EDGE('',*,*,#6233,.F.);
#8600=ORIENTED_EDGE('',*,*,#8599,.T.);
#8601=ORIENTED_EDGE('',*,*,#8554,.T.);
#8602=ORIENTED_EDGE('',*,*,#8585,.F.);
#8603=EDGE_LOOP('',(#8598,#8600,#8601,#8602));
#8604=FACE_OUTER_BOUND('',#8603,.F.);
#8605=ADVANCED_FACE('',(#8604),#8597,.T.);
#8606=CARTESIAN_POINT('',(-4.06E1,7.8E0,-5.5E-1));
#8607=DIRECTION('',(-1.E0,0.E0,0.E0));
#8608=DIRECTION('',(0.E0,1.E0,0.E0));
#8609=AXIS2_PLACEMENT_3D('',#8606,#8607,#8608);
#8610=PLANE('',#8609);
#8611=ORIENTED_EDGE('',*,*,#6231,.F.);
#8613=ORIENTED_EDGE('',*,*,#8612,.T.);
#8614=ORIENTED_EDGE('',*,*,#8556,.T.);
#8615=ORIENTED_EDGE('',*,*,#8599,.F.);
#8616=EDGE_LOOP('',(#8611,#8613,#8614,#8615));
#8617=FACE_OUTER_BOUND('',#8616,.F.);
#8618=ADVANCED_FACE('',(#8617),#8610,.T.);
#8619=CARTESIAN_POINT('',(-3.89E1,7.8E0,-5.5E-1));
#8620=DIRECTION('',(0.E0,-1.E0,0.E0));
#8621=DIRECTION('',(-1.E0,0.E0,0.E0));
#8622=AXIS2_PLACEMENT_3D('',#8619,#8620,#8621);
#8623=PLANE('',#8622);
#8624=ORIENTED_EDGE('',*,*,#6229,.F.);
#8625=ORIENTED_EDGE('',*,*,#8588,.T.);
#8626=ORIENTED_EDGE('',*,*,#8558,.T.);
#8627=ORIENTED_EDGE('',*,*,#8612,.F.);
#8628=EDGE_LOOP('',(#8624,#8625,#8626,#8627));
#8629=FACE_OUTER_BOUND('',#8628,.F.);
#8630=ADVANCED_FACE('',(#8629),#8623,.T.);
#8631=CARTESIAN_POINT('',(-3.89E1,6.8E0,-5.5E-1));
#8632=DIRECTION('',(1.E0,0.E0,0.E0));
#8633=DIRECTION('',(0.E0,-1.E0,0.E0));
#8634=AXIS2_PLACEMENT_3D('',#8631,#8632,#8633);
#8635=PLANE('',#8634);
#8636=ORIENTED_EDGE('',*,*,#6237,.F.);
#8638=ORIENTED_EDGE('',*,*,#8637,.T.);
#8639=ORIENTED_EDGE('',*,*,#8568,.T.);
#8641=ORIENTED_EDGE('',*,*,#8640,.F.);
#8642=EDGE_LOOP('',(#8636,#8638,#8639,#8641));
#8643=FACE_OUTER_BOUND('',#8642,.F.);
#8644=ADVANCED_FACE('',(#8643),#8635,.T.);
#8645=CARTESIAN_POINT('',(-4.06E1,6.8E0,-5.5E-1));
#8646=DIRECTION('',(0.E0,1.E0,0.E0));
#8647=DIRECTION('',(1.E0,0.E0,0.E0));
#8648=AXIS2_PLACEMENT_3D('',#8645,#8646,#8647);
#8649=PLANE('',#8648);
#8650=ORIENTED_EDGE('',*,*,#6243,.F.);
#8652=ORIENTED_EDGE('',*,*,#8651,.T.);
#8653=ORIENTED_EDGE('',*,*,#8570,.T.);
#8654=ORIENTED_EDGE('',*,*,#8637,.F.);
#8655=EDGE_LOOP('',(#8650,#8652,#8653,#8654));
#8656=FACE_OUTER_BOUND('',#8655,.F.);
#8657=ADVANCED_FACE('',(#8656),#8649,.T.);
#8658=CARTESIAN_POINT('',(-4.06E1,6.E0,-5.5E-1));
#8659=DIRECTION('',(-1.E0,0.E0,0.E0));
#8660=DIRECTION('',(0.E0,1.E0,0.E0));
#8661=AXIS2_PLACEMENT_3D('',#8658,#8659,#8660);
#8662=PLANE('',#8661);
#8663=ORIENTED_EDGE('',*,*,#6241,.F.);
#8665=ORIENTED_EDGE('',*,*,#8664,.T.);
#8666=ORIENTED_EDGE('',*,*,#8572,.T.);
#8667=ORIENTED_EDGE('',*,*,#8651,.F.);
#8668=EDGE_LOOP('',(#8663,#8665,#8666,#8667));
#8669=FACE_OUTER_BOUND('',#8668,.F.);
#8670=ADVANCED_FACE('',(#8669),#8662,.T.);
#8671=CARTESIAN_POINT('',(-3.89E1,6.E0,-5.5E-1));
#8672=DIRECTION('',(0.E0,-1.E0,0.E0));
#8673=DIRECTION('',(-1.E0,0.E0,0.E0));
#8674=AXIS2_PLACEMENT_3D('',#8671,#8672,#8673);
#8675=PLANE('',#8674);
#8676=ORIENTED_EDGE('',*,*,#6239,.F.);
#8677=ORIENTED_EDGE('',*,*,#8640,.T.);
#8678=ORIENTED_EDGE('',*,*,#8574,.T.);
#8679=ORIENTED_EDGE('',*,*,#8664,.F.);
#8680=EDGE_LOOP('',(#8676,#8677,#8678,#8679));
#8681=FACE_OUTER_BOUND('',#8680,.F.);
#8682=ADVANCED_FACE('',(#8681),#8675,.T.);
#8683=CARTESIAN_POINT('',(-3.75E1,-6.25E0,-5.5E-1));
#8684=DIRECTION('',(1.E0,0.E0,0.E0));
#8685=DIRECTION('',(0.E0,-1.E0,0.E0));
#8686=AXIS2_PLACEMENT_3D('',#8683,#8684,#8685);
#8687=PLANE('',#8686);
#8688=ORIENTED_EDGE('',*,*,#6247,.F.);
#8690=ORIENTED_EDGE('',*,*,#8689,.T.);
#8692=ORIENTED_EDGE('',*,*,#8691,.T.);
#8694=ORIENTED_EDGE('',*,*,#8693,.F.);
#8695=EDGE_LOOP('',(#8688,#8690,#8692,#8694));
#8696=FACE_OUTER_BOUND('',#8695,.F.);
#8697=ADVANCED_FACE('',(#8696),#8687,.T.);
#8698=CARTESIAN_POINT('',(-3.95E1,-6.25E0,-5.5E-1));
#8699=DIRECTION('',(0.E0,1.E0,0.E0));
#8700=DIRECTION('',(1.E0,0.E0,0.E0));
#8701=AXIS2_PLACEMENT_3D('',#8698,#8699,#8700);
#8702=PLANE('',#8701);
#8703=ORIENTED_EDGE('',*,*,#6253,.F.);
#8705=ORIENTED_EDGE('',*,*,#8704,.T.);
#8707=ORIENTED_EDGE('',*,*,#8706,.T.);
#8708=ORIENTED_EDGE('',*,*,#8689,.F.);
#8709=EDGE_LOOP('',(#8703,#8705,#8707,#8708));
#8710=FACE_OUTER_BOUND('',#8709,.F.);
#8711=ADVANCED_FACE('',(#8710),#8702,.T.);
#8712=CARTESIAN_POINT('',(-3.95E1,-7.E0,-5.5E-1));
#8713=DIRECTION('',(-1.E0,0.E0,0.E0));
#8714=DIRECTION('',(0.E0,1.E0,0.E0));
#8715=AXIS2_PLACEMENT_3D('',#8712,#8713,#8714);
#8716=PLANE('',#8715);
#8717=ORIENTED_EDGE('',*,*,#6251,.F.);
#8719=ORIENTED_EDGE('',*,*,#8718,.T.);
#8721=ORIENTED_EDGE('',*,*,#8720,.T.);
#8722=ORIENTED_EDGE('',*,*,#8704,.F.);
#8723=EDGE_LOOP('',(#8717,#8719,#8721,#8722));
#8724=FACE_OUTER_BOUND('',#8723,.F.);
#8725=ADVANCED_FACE('',(#8724),#8716,.T.);
#8726=CARTESIAN_POINT('',(-3.75E1,-7.E0,-5.5E-1));
#8727=DIRECTION('',(0.E0,-1.E0,0.E0));
#8728=DIRECTION('',(-1.E0,0.E0,0.E0));
#8729=AXIS2_PLACEMENT_3D('',#8726,#8727,#8728);
#8730=PLANE('',#8729);
#8731=ORIENTED_EDGE('',*,*,#6249,.F.);
#8732=ORIENTED_EDGE('',*,*,#8693,.T.);
#8734=ORIENTED_EDGE('',*,*,#8733,.T.);
#8735=ORIENTED_EDGE('',*,*,#8718,.F.);
#8736=EDGE_LOOP('',(#8731,#8732,#8734,#8735));
#8737=FACE_OUTER_BOUND('',#8736,.F.);
#8738=ADVANCED_FACE('',(#8737),#8730,.T.);
#8739=CARTESIAN_POINT('',(0.E0,1.450093584061E1,-1.35E0));
#8740=DIRECTION('',(0.E0,0.E0,-1.E0));
#8741=DIRECTION('',(-1.E0,0.E0,0.E0));
#8742=AXIS2_PLACEMENT_3D('',#8739,#8740,#8741);
#8743=PLANE('',#8742);
#8744=ORIENTED_EDGE('',*,*,#8691,.F.);
#8745=ORIENTED_EDGE('',*,*,#8706,.F.);
#8746=ORIENTED_EDGE('',*,*,#8720,.F.);
#8747=ORIENTED_EDGE('',*,*,#8733,.F.);
#8748=EDGE_LOOP('',(#8744,#8745,#8746,#8747));
#8749=FACE_OUTER_BOUND('',#8748,.F.);
#8750=ADVANCED_FACE('',(#8749),#8743,.T.);
#8751=CARTESIAN_POINT('',(-2.01E1,0.E0,-1.35E0));
#8752=DIRECTION('',(1.E0,0.E0,0.E0));
#8753=DIRECTION('',(0.E0,-1.E0,0.E0));
#8754=AXIS2_PLACEMENT_3D('',#8751,#8752,#8753);
#8755=PLANE('',#8754);
#8756=ORIENTED_EDGE('',*,*,#6257,.F.);
#8758=ORIENTED_EDGE('',*,*,#8757,.F.);
#8760=ORIENTED_EDGE('',*,*,#8759,.T.);
#8762=ORIENTED_EDGE('',*,*,#8761,.T.);
#8763=EDGE_LOOP('',(#8756,#8758,#8760,#8762));
#8764=FACE_OUTER_BOUND('',#8763,.F.);
#8765=ADVANCED_FACE('',(#8764),#8755,.T.);
#8766=CARTESIAN_POINT('',(-2.18E1,0.E0,-1.35E0));
#8767=DIRECTION('',(0.E0,1.E0,0.E0));
#8768=DIRECTION('',(1.E0,0.E0,0.E0));
#8769=AXIS2_PLACEMENT_3D('',#8766,#8767,#8768);
#8770=PLANE('',#8769);
#8771=ORIENTED_EDGE('',*,*,#6263,.F.);
#8773=ORIENTED_EDGE('',*,*,#8772,.F.);
#8775=ORIENTED_EDGE('',*,*,#8774,.T.);
#8776=ORIENTED_EDGE('',*,*,#8757,.T.);
#8777=EDGE_LOOP('',(#8771,#8773,#8775,#8776));
#8778=FACE_OUTER_BOUND('',#8777,.F.);
#8779=ADVANCED_FACE('',(#8778),#8770,.T.);
#8780=CARTESIAN_POINT('',(-2.18E1,-8.E-1,-1.35E0));
#8781=DIRECTION('',(-1.E0,0.E0,0.E0));
#8782=DIRECTION('',(0.E0,1.E0,0.E0));
#8783=AXIS2_PLACEMENT_3D('',#8780,#8781,#8782);
#8784=PLANE('',#8783);
#8785=ORIENTED_EDGE('',*,*,#6261,.F.);
#8787=ORIENTED_EDGE('',*,*,#8786,.F.);
#8789=ORIENTED_EDGE('',*,*,#8788,.T.);
#8790=ORIENTED_EDGE('',*,*,#8772,.T.);
#8791=EDGE_LOOP('',(#8785,#8787,#8789,#8790));
#8792=FACE_OUTER_BOUND('',#8791,.F.);
#8793=ADVANCED_FACE('',(#8792),#8784,.T.);
#8794=CARTESIAN_POINT('',(-2.01E1,-8.E-1,-1.35E0));
#8795=DIRECTION('',(0.E0,-1.E0,0.E0));
#8796=DIRECTION('',(-1.E0,0.E0,0.E0));
#8797=AXIS2_PLACEMENT_3D('',#8794,#8795,#8796);
#8798=PLANE('',#8797);
#8799=ORIENTED_EDGE('',*,*,#6259,.F.);
#8800=ORIENTED_EDGE('',*,*,#8761,.F.);
#8802=ORIENTED_EDGE('',*,*,#8801,.T.);
#8803=ORIENTED_EDGE('',*,*,#8786,.T.);
#8804=EDGE_LOOP('',(#8799,#8800,#8802,#8803));
#8805=FACE_OUTER_BOUND('',#8804,.F.);
#8806=ADVANCED_FACE('',(#8805),#8798,.T.);
#8807=CARTESIAN_POINT('',(0.E0,1.450093584061E1,-1.35E0));
#8808=DIRECTION('',(0.E0,0.E0,-1.E0));
#8809=DIRECTION('',(-1.E0,0.E0,0.E0));
#8810=AXIS2_PLACEMENT_3D('',#8807,#8808,#8809);
#8811=PLANE('',#8810);
#8812=ORIENTED_EDGE('',*,*,#8759,.F.);
#8813=ORIENTED_EDGE('',*,*,#8774,.F.);
#8814=ORIENTED_EDGE('',*,*,#8788,.F.);
#8815=ORIENTED_EDGE('',*,*,#8801,.F.);
#8816=EDGE_LOOP('',(#8812,#8813,#8814,#8815));
#8817=FACE_OUTER_BOUND('',#8816,.F.);
#8818=ADVANCED_FACE('',(#8817),#8811,.T.);
#8819=CARTESIAN_POINT('',(0.E0,1.450093584061E1,-1.35E0));
#8820=DIRECTION('',(0.E0,0.E0,-1.E0));
#8821=DIRECTION('',(-1.E0,0.E0,0.E0));
#8822=AXIS2_PLACEMENT_3D('',#8819,#8820,#8821);
#8823=PLANE('',#8822);
#8825=ORIENTED_EDGE('',*,*,#8824,.F.);
#8827=ORIENTED_EDGE('',*,*,#8826,.F.);
#8829=ORIENTED_EDGE('',*,*,#8828,.F.);
#8831=ORIENTED_EDGE('',*,*,#8830,.F.);
#8832=EDGE_LOOP('',(#8825,#8827,#8829,#8831));
#8833=FACE_OUTER_BOUND('',#8832,.F.);
#8834=ADVANCED_FACE('',(#8833),#8823,.T.);
#8835=CARTESIAN_POINT('',(0.E0,1.450093584061E1,-1.35E0));
#8836=DIRECTION('',(0.E0,0.E0,-1.E0));
#8837=DIRECTION('',(-1.E0,0.E0,0.E0));
#8838=AXIS2_PLACEMENT_3D('',#8835,#8836,#8837);
#8839=PLANE('',#8838);
#8841=ORIENTED_EDGE('',*,*,#8840,.F.);
#8843=ORIENTED_EDGE('',*,*,#8842,.F.);
#8845=ORIENTED_EDGE('',*,*,#8844,.F.);
#8847=ORIENTED_EDGE('',*,*,#8846,.F.);
#8848=EDGE_LOOP('',(#8841,#8843,#8845,#8847));
#8849=FACE_OUTER_BOUND('',#8848,.F.);
#8850=ADVANCED_FACE('',(#8849),#8839,.T.);
#8851=CARTESIAN_POINT('',(0.E0,1.450093584061E1,-1.35E0));
#8852=DIRECTION('',(0.E0,0.E0,-1.E0));
#8853=DIRECTION('',(-1.E0,0.E0,0.E0));
#8854=AXIS2_PLACEMENT_3D('',#8851,#8852,#8853);
#8855=PLANE('',#8854);
#8857=ORIENTED_EDGE('',*,*,#8856,.F.);
#8859=ORIENTED_EDGE('',*,*,#8858,.F.);
#8861=ORIENTED_EDGE('',*,*,#8860,.F.);
#8863=ORIENTED_EDGE('',*,*,#8862,.F.);
#8864=EDGE_LOOP('',(#8857,#8859,#8861,#8863));
#8865=FACE_OUTER_BOUND('',#8864,.F.);
#8866=ADVANCED_FACE('',(#8865),#8855,.T.);
#8867=CARTESIAN_POINT('',(0.E0,1.450093584061E1,-1.35E0));
#8868=DIRECTION('',(0.E0,0.E0,-1.E0));
#8869=DIRECTION('',(-1.E0,0.E0,0.E0));
#8870=AXIS2_PLACEMENT_3D('',#8867,#8868,#8869);
#8871=PLANE('',#8870);
#8873=ORIENTED_EDGE('',*,*,#8872,.F.);
#8875=ORIENTED_EDGE('',*,*,#8874,.F.);
#8877=ORIENTED_EDGE('',*,*,#8876,.F.);
#8879=ORIENTED_EDGE('',*,*,#8878,.F.);
#8880=EDGE_LOOP('',(#8873,#8875,#8877,#8879));
#8881=FACE_OUTER_BOUND('',#8880,.F.);
#8882=ADVANCED_FACE('',(#8881),#8871,.T.);
#8883=CARTESIAN_POINT('',(-2.01E1,1.8E0,-1.35E0));
#8884=DIRECTION('',(1.E0,0.E0,0.E0));
#8885=DIRECTION('',(0.E0,-1.E0,0.E0));
#8886=AXIS2_PLACEMENT_3D('',#8883,#8884,#8885);
#8887=PLANE('',#8886);
#8888=ORIENTED_EDGE('',*,*,#6267,.F.);
#8890=ORIENTED_EDGE('',*,*,#8889,.F.);
#8891=ORIENTED_EDGE('',*,*,#8824,.T.);
#8893=ORIENTED_EDGE('',*,*,#8892,.T.);
#8894=EDGE_LOOP('',(#8888,#8890,#8891,#8893));
#8895=FACE_OUTER_BOUND('',#8894,.F.);
#8896=ADVANCED_FACE('',(#8895),#8887,.T.);
#8897=CARTESIAN_POINT('',(-2.18E1,1.8E0,-1.35E0));
#8898=DIRECTION('',(0.E0,1.E0,0.E0));
#8899=DIRECTION('',(1.E0,0.E0,0.E0));
#8900=AXIS2_PLACEMENT_3D('',#8897,#8898,#8899);
#8901=PLANE('',#8900);
#8902=ORIENTED_EDGE('',*,*,#6273,.F.);
#8904=ORIENTED_EDGE('',*,*,#8903,.F.);
#8905=ORIENTED_EDGE('',*,*,#8826,.T.);
#8906=ORIENTED_EDGE('',*,*,#8889,.T.);
#8907=EDGE_LOOP('',(#8902,#8904,#8905,#8906));
#8908=FACE_OUTER_BOUND('',#8907,.F.);
#8909=ADVANCED_FACE('',(#8908),#8901,.T.);
#8910=CARTESIAN_POINT('',(-2.18E1,1.E0,-1.35E0));
#8911=DIRECTION('',(-1.E0,0.E0,0.E0));
#8912=DIRECTION('',(0.E0,1.E0,0.E0));
#8913=AXIS2_PLACEMENT_3D('',#8910,#8911,#8912);
#8914=PLANE('',#8913);
#8915=ORIENTED_EDGE('',*,*,#6271,.F.);
#8917=ORIENTED_EDGE('',*,*,#8916,.F.);
#8918=ORIENTED_EDGE('',*,*,#8828,.T.);
#8919=ORIENTED_EDGE('',*,*,#8903,.T.);
#8920=EDGE_LOOP('',(#8915,#8917,#8918,#8919));
#8921=FACE_OUTER_BOUND('',#8920,.F.);
#8922=ADVANCED_FACE('',(#8921),#8914,.T.);
#8923=CARTESIAN_POINT('',(-2.01E1,1.E0,-1.35E0));
#8924=DIRECTION('',(0.E0,-1.E0,0.E0));
#8925=DIRECTION('',(-1.E0,0.E0,0.E0));
#8926=AXIS2_PLACEMENT_3D('',#8923,#8924,#8925);
#8927=PLANE('',#8926);
#8928=ORIENTED_EDGE('',*,*,#6269,.F.);
#8929=ORIENTED_EDGE('',*,*,#8892,.F.);
#8930=ORIENTED_EDGE('',*,*,#8830,.T.);
#8931=ORIENTED_EDGE('',*,*,#8916,.T.);
#8932=EDGE_LOOP('',(#8928,#8929,#8930,#8931));
#8933=FACE_OUTER_BOUND('',#8932,.F.);
#8934=ADVANCED_FACE('',(#8933),#8927,.T.);
#8935=CARTESIAN_POINT('',(-2.01E1,3.6E0,-1.35E0));
#8936=DIRECTION('',(1.E0,0.E0,0.E0));
#8937=DIRECTION('',(0.E0,-1.E0,0.E0));
#8938=AXIS2_PLACEMENT_3D('',#8935,#8936,#8937);
#8939=PLANE('',#8938);
#8940=ORIENTED_EDGE('',*,*,#6277,.F.);
#8942=ORIENTED_EDGE('',*,*,#8941,.F.);
#8943=ORIENTED_EDGE('',*,*,#8840,.T.);
#8945=ORIENTED_EDGE('',*,*,#8944,.T.);
#8946=EDGE_LOOP('',(#8940,#8942,#8943,#8945));
#8947=FACE_OUTER_BOUND('',#8946,.F.);
#8948=ADVANCED_FACE('',(#8947),#8939,.T.);
#8949=CARTESIAN_POINT('',(-2.18E1,3.6E0,-1.35E0));
#8950=DIRECTION('',(0.E0,1.E0,0.E0));
#8951=DIRECTION('',(1.E0,0.E0,0.E0));
#8952=AXIS2_PLACEMENT_3D('',#8949,#8950,#8951);
#8953=PLANE('',#8952);
#8954=ORIENTED_EDGE('',*,*,#6283,.F.);
#8956=ORIENTED_EDGE('',*,*,#8955,.F.);
#8957=ORIENTED_EDGE('',*,*,#8842,.T.);
#8958=ORIENTED_EDGE('',*,*,#8941,.T.);
#8959=EDGE_LOOP('',(#8954,#8956,#8957,#8958));
#8960=FACE_OUTER_BOUND('',#8959,.F.);
#8961=ADVANCED_FACE('',(#8960),#8953,.T.);
#8962=CARTESIAN_POINT('',(-2.18E1,2.8E0,-1.35E0));
#8963=DIRECTION('',(-1.E0,0.E0,0.E0));
#8964=DIRECTION('',(0.E0,1.E0,0.E0));
#8965=AXIS2_PLACEMENT_3D('',#8962,#8963,#8964);
#8966=PLANE('',#8965);
#8967=ORIENTED_EDGE('',*,*,#6281,.F.);
#8969=ORIENTED_EDGE('',*,*,#8968,.F.);
#8970=ORIENTED_EDGE('',*,*,#8844,.T.);
#8971=ORIENTED_EDGE('',*,*,#8955,.T.);
#8972=EDGE_LOOP('',(#8967,#8969,#8970,#8971));
#8973=FACE_OUTER_BOUND('',#8972,.F.);
#8974=ADVANCED_FACE('',(#8973),#8966,.T.);
#8975=CARTESIAN_POINT('',(-2.01E1,2.8E0,-1.35E0));
#8976=DIRECTION('',(0.E0,-1.E0,0.E0));
#8977=DIRECTION('',(-1.E0,0.E0,0.E0));
#8978=AXIS2_PLACEMENT_3D('',#8975,#8976,#8977);
#8979=PLANE('',#8978);
#8980=ORIENTED_EDGE('',*,*,#6279,.F.);
#8981=ORIENTED_EDGE('',*,*,#8944,.F.);
#8982=ORIENTED_EDGE('',*,*,#8846,.T.);
#8983=ORIENTED_EDGE('',*,*,#8968,.T.);
#8984=EDGE_LOOP('',(#8980,#8981,#8982,#8983));
#8985=FACE_OUTER_BOUND('',#8984,.F.);
#8986=ADVANCED_FACE('',(#8985),#8979,.T.);
#8987=CARTESIAN_POINT('',(-2.01E1,5.5E0,-1.35E0));
#8988=DIRECTION('',(1.E0,0.E0,0.E0));
#8989=DIRECTION('',(0.E0,-1.E0,0.E0));
#8990=AXIS2_PLACEMENT_3D('',#8987,#8988,#8989);
#8991=PLANE('',#8990);
#8992=ORIENTED_EDGE('',*,*,#6287,.F.);
#8994=ORIENTED_EDGE('',*,*,#8993,.F.);
#8995=ORIENTED_EDGE('',*,*,#8856,.T.);
#8997=ORIENTED_EDGE('',*,*,#8996,.T.);
#8998=EDGE_LOOP('',(#8992,#8994,#8995,#8997));
#8999=FACE_OUTER_BOUND('',#8998,.F.);
#9000=ADVANCED_FACE('',(#8999),#8991,.T.);
#9001=CARTESIAN_POINT('',(-2.18E1,5.5E0,-1.35E0));
#9002=DIRECTION('',(0.E0,1.E0,0.E0));
#9003=DIRECTION('',(1.E0,0.E0,0.E0));
#9004=AXIS2_PLACEMENT_3D('',#9001,#9002,#9003);
#9005=PLANE('',#9004);
#9006=ORIENTED_EDGE('',*,*,#6293,.F.);
#9008=ORIENTED_EDGE('',*,*,#9007,.F.);
#9009=ORIENTED_EDGE('',*,*,#8858,.T.);
#9010=ORIENTED_EDGE('',*,*,#8993,.T.);
#9011=EDGE_LOOP('',(#9006,#9008,#9009,#9010));
#9012=FACE_OUTER_BOUND('',#9011,.F.);
#9013=ADVANCED_FACE('',(#9012),#9005,.T.);
#9014=CARTESIAN_POINT('',(-2.18E1,4.7E0,-1.35E0));
#9015=DIRECTION('',(-1.E0,0.E0,0.E0));
#9016=DIRECTION('',(0.E0,1.E0,0.E0));
#9017=AXIS2_PLACEMENT_3D('',#9014,#9015,#9016);
#9018=PLANE('',#9017);
#9019=ORIENTED_EDGE('',*,*,#6291,.F.);
#9021=ORIENTED_EDGE('',*,*,#9020,.F.);
#9022=ORIENTED_EDGE('',*,*,#8860,.T.);
#9023=ORIENTED_EDGE('',*,*,#9007,.T.);
#9024=EDGE_LOOP('',(#9019,#9021,#9022,#9023));
#9025=FACE_OUTER_BOUND('',#9024,.F.);
#9026=ADVANCED_FACE('',(#9025),#9018,.T.);
#9027=CARTESIAN_POINT('',(-2.01E1,4.7E0,-1.35E0));
#9028=DIRECTION('',(0.E0,-1.E0,0.E0));
#9029=DIRECTION('',(-1.E0,0.E0,0.E0));
#9030=AXIS2_PLACEMENT_3D('',#9027,#9028,#9029);
#9031=PLANE('',#9030);
#9032=ORIENTED_EDGE('',*,*,#6289,.F.);
#9033=ORIENTED_EDGE('',*,*,#8996,.F.);
#9034=ORIENTED_EDGE('',*,*,#8862,.T.);
#9035=ORIENTED_EDGE('',*,*,#9020,.T.);
#9036=EDGE_LOOP('',(#9032,#9033,#9034,#9035));
#9037=FACE_OUTER_BOUND('',#9036,.F.);
#9038=ADVANCED_FACE('',(#9037),#9031,.T.);
#9039=CARTESIAN_POINT('',(-2.01E1,7.5E0,-1.35E0));
#9040=DIRECTION('',(1.E0,0.E0,0.E0));
#9041=DIRECTION('',(0.E0,-1.E0,0.E0));
#9042=AXIS2_PLACEMENT_3D('',#9039,#9040,#9041);
#9043=PLANE('',#9042);
#9044=ORIENTED_EDGE('',*,*,#6297,.F.);
#9046=ORIENTED_EDGE('',*,*,#9045,.F.);
#9047=ORIENTED_EDGE('',*,*,#8872,.T.);
#9049=ORIENTED_EDGE('',*,*,#9048,.T.);
#9050=EDGE_LOOP('',(#9044,#9046,#9047,#9049));
#9051=FACE_OUTER_BOUND('',#9050,.F.);
#9052=ADVANCED_FACE('',(#9051),#9043,.T.);
#9053=CARTESIAN_POINT('',(-2.18E1,7.5E0,-1.35E0));
#9054=DIRECTION('',(0.E0,1.E0,0.E0));
#9055=DIRECTION('',(1.E0,0.E0,0.E0));
#9056=AXIS2_PLACEMENT_3D('',#9053,#9054,#9055);
#9057=PLANE('',#9056);
#9058=ORIENTED_EDGE('',*,*,#6303,.F.);
#9060=ORIENTED_EDGE('',*,*,#9059,.F.);
#9061=ORIENTED_EDGE('',*,*,#8874,.T.);
#9062=ORIENTED_EDGE('',*,*,#9045,.T.);
#9063=EDGE_LOOP('',(#9058,#9060,#9061,#9062));
#9064=FACE_OUTER_BOUND('',#9063,.F.);
#9065=ADVANCED_FACE('',(#9064),#9057,.T.);
#9066=CARTESIAN_POINT('',(-2.18E1,6.7E0,-1.35E0));
#9067=DIRECTION('',(-1.E0,0.E0,0.E0));
#9068=DIRECTION('',(0.E0,1.E0,0.E0));
#9069=AXIS2_PLACEMENT_3D('',#9066,#9067,#9068);
#9070=PLANE('',#9069);
#9071=ORIENTED_EDGE('',*,*,#6301,.F.);
#9073=ORIENTED_EDGE('',*,*,#9072,.F.);
#9074=ORIENTED_EDGE('',*,*,#8876,.T.);
#9075=ORIENTED_EDGE('',*,*,#9059,.T.);
#9076=EDGE_LOOP('',(#9071,#9073,#9074,#9075));
#9077=FACE_OUTER_BOUND('',#9076,.F.);
#9078=ADVANCED_FACE('',(#9077),#9070,.T.);
#9079=CARTESIAN_POINT('',(-2.01E1,6.7E0,-1.35E0));
#9080=DIRECTION('',(0.E0,-1.E0,0.E0));
#9081=DIRECTION('',(-1.E0,0.E0,0.E0));
#9082=AXIS2_PLACEMENT_3D('',#9079,#9080,#9081);
#9083=PLANE('',#9082);
#9084=ORIENTED_EDGE('',*,*,#6299,.F.);
#9085=ORIENTED_EDGE('',*,*,#9048,.F.);
#9086=ORIENTED_EDGE('',*,*,#8878,.T.);
#9087=ORIENTED_EDGE('',*,*,#9072,.T.);
#9088=EDGE_LOOP('',(#9084,#9085,#9086,#9087));
#9089=FACE_OUTER_BOUND('',#9088,.F.);
#9090=ADVANCED_FACE('',(#9089),#9083,.T.);
#9091=CARTESIAN_POINT('',(-2.01E1,-8.7E0,-1.35E0));
#9092=DIRECTION('',(1.E0,0.E0,0.E0));
#9093=DIRECTION('',(0.E0,-1.E0,0.E0));
#9094=AXIS2_PLACEMENT_3D('',#9091,#9092,#9093);
#9095=PLANE('',#9094);
#9096=ORIENTED_EDGE('',*,*,#6307,.F.);
#9098=ORIENTED_EDGE('',*,*,#9097,.F.);
#9100=ORIENTED_EDGE('',*,*,#9099,.T.);
#9102=ORIENTED_EDGE('',*,*,#9101,.T.);
#9103=EDGE_LOOP('',(#9096,#9098,#9100,#9102));
#9104=FACE_OUTER_BOUND('',#9103,.F.);
#9105=ADVANCED_FACE('',(#9104),#9095,.T.);
#9106=CARTESIAN_POINT('',(-2.18E1,-8.7E0,-1.35E0));
#9107=DIRECTION('',(0.E0,1.E0,0.E0));
#9108=DIRECTION('',(1.E0,0.E0,0.E0));
#9109=AXIS2_PLACEMENT_3D('',#9106,#9107,#9108);
#9110=PLANE('',#9109);
#9111=ORIENTED_EDGE('',*,*,#6313,.F.);
#9113=ORIENTED_EDGE('',*,*,#9112,.F.);
#9115=ORIENTED_EDGE('',*,*,#9114,.T.);
#9116=ORIENTED_EDGE('',*,*,#9097,.T.);
#9117=EDGE_LOOP('',(#9111,#9113,#9115,#9116));
#9118=FACE_OUTER_BOUND('',#9117,.F.);
#9119=ADVANCED_FACE('',(#9118),#9110,.T.);
#9120=CARTESIAN_POINT('',(-2.18E1,-9.5E0,-1.35E0));
#9121=DIRECTION('',(-1.E0,0.E0,0.E0));
#9122=DIRECTION('',(0.E0,1.E0,0.E0));
#9123=AXIS2_PLACEMENT_3D('',#9120,#9121,#9122);
#9124=PLANE('',#9123);
#9125=ORIENTED_EDGE('',*,*,#6311,.F.);
#9127=ORIENTED_EDGE('',*,*,#9126,.F.);
#9129=ORIENTED_EDGE('',*,*,#9128,.T.);
#9130=ORIENTED_EDGE('',*,*,#9112,.T.);
#9131=EDGE_LOOP('',(#9125,#9127,#9129,#9130));
#9132=FACE_OUTER_BOUND('',#9131,.F.);
#9133=ADVANCED_FACE('',(#9132),#9124,.T.);
#9134=CARTESIAN_POINT('',(-2.01E1,-9.5E0,-1.35E0));
#9135=DIRECTION('',(0.E0,-1.E0,0.E0));
#9136=DIRECTION('',(-1.E0,0.E0,0.E0));
#9137=AXIS2_PLACEMENT_3D('',#9134,#9135,#9136);
#9138=PLANE('',#9137);
#9139=ORIENTED_EDGE('',*,*,#6309,.F.);
#9140=ORIENTED_EDGE('',*,*,#9101,.F.);
#9142=ORIENTED_EDGE('',*,*,#9141,.T.);
#9143=ORIENTED_EDGE('',*,*,#9126,.T.);
#9144=EDGE_LOOP('',(#9139,#9140,#9142,#9143));
#9145=FACE_OUTER_BOUND('',#9144,.F.);
#9146=ADVANCED_FACE('',(#9145),#9138,.T.);
#9147=CARTESIAN_POINT('',(0.E0,1.450093584061E1,-1.35E0));
#9148=DIRECTION('',(0.E0,0.E0,-1.E0));
#9149=DIRECTION('',(-1.E0,0.E0,0.E0));
#9150=AXIS2_PLACEMENT_3D('',#9147,#9148,#9149);
#9151=PLANE('',#9150);
#9152=ORIENTED_EDGE('',*,*,#9099,.F.);
#9153=ORIENTED_EDGE('',*,*,#9114,.F.);
#9154=ORIENTED_EDGE('',*,*,#9128,.F.);
#9155=ORIENTED_EDGE('',*,*,#9141,.F.);
#9156=EDGE_LOOP('',(#9152,#9153,#9154,#9155));
#9157=FACE_OUTER_BOUND('',#9156,.F.);
#9158=ADVANCED_FACE('',(#9157),#9151,.T.);
#9159=CARTESIAN_POINT('',(0.E0,1.450093584061E1,-1.35E0));
#9160=DIRECTION('',(0.E0,0.E0,-1.E0));
#9161=DIRECTION('',(-1.E0,0.E0,0.E0));
#9162=AXIS2_PLACEMENT_3D('',#9159,#9160,#9161);
#9163=PLANE('',#9162);
#9165=ORIENTED_EDGE('',*,*,#9164,.F.);
#9167=ORIENTED_EDGE('',*,*,#9166,.F.);
#9169=ORIENTED_EDGE('',*,*,#9168,.F.);
#9171=ORIENTED_EDGE('',*,*,#9170,.F.);
#9172=EDGE_LOOP('',(#9165,#9167,#9169,#9171));
#9173=FACE_OUTER_BOUND('',#9172,.F.);
#9174=ADVANCED_FACE('',(#9173),#9163,.T.);
#9175=CARTESIAN_POINT('',(-2.01E1,-6.6E0,-1.35E0));
#9176=DIRECTION('',(1.E0,0.E0,0.E0));
#9177=DIRECTION('',(0.E0,-1.E0,0.E0));
#9178=AXIS2_PLACEMENT_3D('',#9175,#9176,#9177);
#9179=PLANE('',#9178);
#9180=ORIENTED_EDGE('',*,*,#6317,.F.);
#9182=ORIENTED_EDGE('',*,*,#9181,.F.);
#9183=ORIENTED_EDGE('',*,*,#9164,.T.);
#9185=ORIENTED_EDGE('',*,*,#9184,.T.);
#9186=EDGE_LOOP('',(#9180,#9182,#9183,#9185));
#9187=FACE_OUTER_BOUND('',#9186,.F.);
#9188=ADVANCED_FACE('',(#9187),#9179,.T.);
#9189=CARTESIAN_POINT('',(-2.18E1,-6.6E0,-1.35E0));
#9190=DIRECTION('',(0.E0,1.E0,0.E0));
#9191=DIRECTION('',(1.E0,0.E0,0.E0));
#9192=AXIS2_PLACEMENT_3D('',#9189,#9190,#9191);
#9193=PLANE('',#9192);
#9194=ORIENTED_EDGE('',*,*,#6323,.F.);
#9196=ORIENTED_EDGE('',*,*,#9195,.F.);
#9197=ORIENTED_EDGE('',*,*,#9166,.T.);
#9198=ORIENTED_EDGE('',*,*,#9181,.T.);
#9199=EDGE_LOOP('',(#9194,#9196,#9197,#9198));
#9200=FACE_OUTER_BOUND('',#9199,.F.);
#9201=ADVANCED_FACE('',(#9200),#9193,.T.);
#9202=CARTESIAN_POINT('',(-2.18E1,-7.4E0,-1.35E0));
#9203=DIRECTION('',(-1.E0,0.E0,0.E0));
#9204=DIRECTION('',(0.E0,1.E0,0.E0));
#9205=AXIS2_PLACEMENT_3D('',#9202,#9203,#9204);
#9206=PLANE('',#9205);
#9207=ORIENTED_EDGE('',*,*,#6321,.F.);
#9209=ORIENTED_EDGE('',*,*,#9208,.F.);
#9210=ORIENTED_EDGE('',*,*,#9168,.T.);
#9211=ORIENTED_EDGE('',*,*,#9195,.T.);
#9212=EDGE_LOOP('',(#9207,#9209,#9210,#9211));
#9213=FACE_OUTER_BOUND('',#9212,.F.);
#9214=ADVANCED_FACE('',(#9213),#9206,.T.);
#9215=CARTESIAN_POINT('',(-2.01E1,-7.4E0,-1.35E0));
#9216=DIRECTION('',(0.E0,-1.E0,0.E0));
#9217=DIRECTION('',(-1.E0,0.E0,0.E0));
#9218=AXIS2_PLACEMENT_3D('',#9215,#9216,#9217);
#9219=PLANE('',#9218);
#9220=ORIENTED_EDGE('',*,*,#6319,.F.);
#9221=ORIENTED_EDGE('',*,*,#9184,.F.);
#9222=ORIENTED_EDGE('',*,*,#9170,.T.);
#9223=ORIENTED_EDGE('',*,*,#9208,.T.);
#9224=EDGE_LOOP('',(#9220,#9221,#9222,#9223));
#9225=FACE_OUTER_BOUND('',#9224,.F.);
#9226=ADVANCED_FACE('',(#9225),#9219,.T.);
#9227=CARTESIAN_POINT('',(-1.57E1,9.1E0,-5.5E-1));
#9228=DIRECTION('',(1.E0,0.E0,0.E0));
#9229=DIRECTION('',(0.E0,-1.E0,0.E0));
#9230=AXIS2_PLACEMENT_3D('',#9227,#9228,#9229);
#9231=PLANE('',#9230);
#9232=ORIENTED_EDGE('',*,*,#6327,.F.);
#9234=ORIENTED_EDGE('',*,*,#9233,.T.);
#9236=ORIENTED_EDGE('',*,*,#9235,.T.);
#9238=ORIENTED_EDGE('',*,*,#9237,.F.);
#9239=EDGE_LOOP('',(#9232,#9234,#9236,#9238));
#9240=FACE_OUTER_BOUND('',#9239,.F.);
#9241=ADVANCED_FACE('',(#9240),#9231,.T.);
#9242=CARTESIAN_POINT('',(-1.87E1,9.1E0,-5.5E-1));
#9243=DIRECTION('',(0.E0,1.E0,0.E0));
#9244=DIRECTION('',(1.E0,0.E0,0.E0));
#9245=AXIS2_PLACEMENT_3D('',#9242,#9243,#9244);
#9246=PLANE('',#9245);
#9247=ORIENTED_EDGE('',*,*,#6333,.F.);
#9249=ORIENTED_EDGE('',*,*,#9248,.T.);
#9251=ORIENTED_EDGE('',*,*,#9250,.T.);
#9252=ORIENTED_EDGE('',*,*,#9233,.F.);
#9253=EDGE_LOOP('',(#9247,#9249,#9251,#9252));
#9254=FACE_OUTER_BOUND('',#9253,.F.);
#9255=ADVANCED_FACE('',(#9254),#9246,.T.);
#9256=CARTESIAN_POINT('',(-1.87E1,7.5E0,-5.5E-1));
#9257=DIRECTION('',(-1.E0,0.E0,0.E0));
#9258=DIRECTION('',(0.E0,1.E0,0.E0));
#9259=AXIS2_PLACEMENT_3D('',#9256,#9257,#9258);
#9260=PLANE('',#9259);
#9261=ORIENTED_EDGE('',*,*,#6331,.F.);
#9263=ORIENTED_EDGE('',*,*,#9262,.T.);
#9265=ORIENTED_EDGE('',*,*,#9264,.T.);
#9266=ORIENTED_EDGE('',*,*,#9248,.F.);
#9267=EDGE_LOOP('',(#9261,#9263,#9265,#9266));
#9268=FACE_OUTER_BOUND('',#9267,.F.);
#9269=ADVANCED_FACE('',(#9268),#9260,.T.);
#9270=CARTESIAN_POINT('',(-1.57E1,7.5E0,-5.5E-1));
#9271=DIRECTION('',(0.E0,-1.E0,0.E0));
#9272=DIRECTION('',(-1.E0,0.E0,0.E0));
#9273=AXIS2_PLACEMENT_3D('',#9270,#9271,#9272);
#9274=PLANE('',#9273);
#9275=ORIENTED_EDGE('',*,*,#6329,.F.);
#9276=ORIENTED_EDGE('',*,*,#9237,.T.);
#9278=ORIENTED_EDGE('',*,*,#9277,.T.);
#9279=ORIENTED_EDGE('',*,*,#9262,.F.);
#9280=EDGE_LOOP('',(#9275,#9276,#9278,#9279));
#9281=FACE_OUTER_BOUND('',#9280,.F.);
#9282=ADVANCED_FACE('',(#9281),#9274,.T.);
#9283=CARTESIAN_POINT('',(0.E0,1.450093584061E1,-1.55E0));
#9284=DIRECTION('',(0.E0,0.E0,-1.E0));
#9285=DIRECTION('',(-1.E0,0.E0,0.E0));
#9286=AXIS2_PLACEMENT_3D('',#9283,#9284,#9285);
#9287=PLANE('',#9286);
#9288=ORIENTED_EDGE('',*,*,#9235,.F.);
#9289=ORIENTED_EDGE('',*,*,#9250,.F.);
#9290=ORIENTED_EDGE('',*,*,#9264,.F.);
#9291=ORIENTED_EDGE('',*,*,#9277,.F.);
#9292=EDGE_LOOP('',(#9288,#9289,#9290,#9291));
#9293=FACE_OUTER_BOUND('',#9292,.F.);
#9294=ADVANCED_FACE('',(#9293),#9287,.T.);
#9295=CARTESIAN_POINT('',(0.E0,1.450093584061E1,-1.55E0));
#9296=DIRECTION('',(0.E0,0.E0,-1.E0));
#9297=DIRECTION('',(-1.E0,0.E0,0.E0));
#9298=AXIS2_PLACEMENT_3D('',#9295,#9296,#9297);
#9299=PLANE('',#9298);
#9301=ORIENTED_EDGE('',*,*,#9300,.F.);
#9303=ORIENTED_EDGE('',*,*,#9302,.F.);
#9305=ORIENTED_EDGE('',*,*,#9304,.F.);
#9307=ORIENTED_EDGE('',*,*,#9306,.F.);
#9308=EDGE_LOOP('',(#9301,#9303,#9305,#9307));
#9309=FACE_OUTER_BOUND('',#9308,.F.);
#9310=ADVANCED_FACE('',(#9309),#9299,.T.);
#9311=CARTESIAN_POINT('',(-1.57E1,3.4E0,-5.5E-1));
#9312=DIRECTION('',(1.E0,0.E0,0.E0));
#9313=DIRECTION('',(0.E0,-1.E0,0.E0));
#9314=AXIS2_PLACEMENT_3D('',#9311,#9312,#9313);
#9315=PLANE('',#9314);
#9316=ORIENTED_EDGE('',*,*,#6337,.F.);
#9318=ORIENTED_EDGE('',*,*,#9317,.T.);
#9319=ORIENTED_EDGE('',*,*,#9300,.T.);
#9321=ORIENTED_EDGE('',*,*,#9320,.F.);
#9322=EDGE_LOOP('',(#9316,#9318,#9319,#9321));
#9323=FACE_OUTER_BOUND('',#9322,.F.);
#9324=ADVANCED_FACE('',(#9323),#9315,.T.);
#9325=CARTESIAN_POINT('',(-1.87E1,3.4E0,-5.5E-1));
#9326=DIRECTION('',(0.E0,1.E0,0.E0));
#9327=DIRECTION('',(1.E0,0.E0,0.E0));
#9328=AXIS2_PLACEMENT_3D('',#9325,#9326,#9327);
#9329=PLANE('',#9328);
#9330=ORIENTED_EDGE('',*,*,#6343,.F.);
#9332=ORIENTED_EDGE('',*,*,#9331,.T.);
#9333=ORIENTED_EDGE('',*,*,#9302,.T.);
#9334=ORIENTED_EDGE('',*,*,#9317,.F.);
#9335=EDGE_LOOP('',(#9330,#9332,#9333,#9334));
#9336=FACE_OUTER_BOUND('',#9335,.F.);
#9337=ADVANCED_FACE('',(#9336),#9329,.T.);
#9338=CARTESIAN_POINT('',(-1.87E1,1.7E0,-5.5E-1));
#9339=DIRECTION('',(-1.E0,0.E0,0.E0));
#9340=DIRECTION('',(0.E0,1.E0,0.E0));
#9341=AXIS2_PLACEMENT_3D('',#9338,#9339,#9340);
#9342=PLANE('',#9341);
#9343=ORIENTED_EDGE('',*,*,#6341,.F.);
#9345=ORIENTED_EDGE('',*,*,#9344,.T.);
#9346=ORIENTED_EDGE('',*,*,#9304,.T.);
#9347=ORIENTED_EDGE('',*,*,#9331,.F.);
#9348=EDGE_LOOP('',(#9343,#9345,#9346,#9347));
#9349=FACE_OUTER_BOUND('',#9348,.F.);
#9350=ADVANCED_FACE('',(#9349),#9342,.T.);
#9351=CARTESIAN_POINT('',(-1.57E1,1.7E0,-5.5E-1));
#9352=DIRECTION('',(0.E0,-1.E0,0.E0));
#9353=DIRECTION('',(-1.E0,0.E0,0.E0));
#9354=AXIS2_PLACEMENT_3D('',#9351,#9352,#9353);
#9355=PLANE('',#9354);
#9356=ORIENTED_EDGE('',*,*,#6339,.F.);
#9357=ORIENTED_EDGE('',*,*,#9320,.T.);
#9358=ORIENTED_EDGE('',*,*,#9306,.T.);
#9359=ORIENTED_EDGE('',*,*,#9344,.F.);
#9360=EDGE_LOOP('',(#9356,#9357,#9358,#9359));
#9361=FACE_OUTER_BOUND('',#9360,.F.);
#9362=ADVANCED_FACE('',(#9361),#9355,.T.);
#9363=CARTESIAN_POINT('',(-1.635E1,-7.E-1,-1.55E0));
#9364=DIRECTION('',(1.E0,0.E0,0.E0));
#9365=DIRECTION('',(0.E0,-1.E0,0.E0));
#9366=AXIS2_PLACEMENT_3D('',#9363,#9364,#9365);
#9367=PLANE('',#9366);
#9368=ORIENTED_EDGE('',*,*,#6347,.F.);
#9370=ORIENTED_EDGE('',*,*,#9369,.F.);
#9372=ORIENTED_EDGE('',*,*,#9371,.T.);
#9374=ORIENTED_EDGE('',*,*,#9373,.T.);
#9375=EDGE_LOOP('',(#9368,#9370,#9372,#9374));
#9376=FACE_OUTER_BOUND('',#9375,.F.);
#9377=ADVANCED_FACE('',(#9376),#9367,.T.);
#9378=CARTESIAN_POINT('',(-1.805E1,-7.E-1,-1.55E0));
#9379=DIRECTION('',(0.E0,1.E0,0.E0));
#9380=DIRECTION('',(1.E0,0.E0,0.E0));
#9381=AXIS2_PLACEMENT_3D('',#9378,#9379,#9380);
#9382=PLANE('',#9381);
#9383=ORIENTED_EDGE('',*,*,#6353,.F.);
#9385=ORIENTED_EDGE('',*,*,#9384,.F.);
#9387=ORIENTED_EDGE('',*,*,#9386,.T.);
#9388=ORIENTED_EDGE('',*,*,#9369,.T.);
#9389=EDGE_LOOP('',(#9383,#9385,#9387,#9388));
#9390=FACE_OUTER_BOUND('',#9389,.F.);
#9391=ADVANCED_FACE('',(#9390),#9382,.T.);
#9392=CARTESIAN_POINT('',(-1.805E1,-1.5E0,-1.55E0));
#9393=DIRECTION('',(-1.E0,0.E0,0.E0));
#9394=DIRECTION('',(0.E0,1.E0,0.E0));
#9395=AXIS2_PLACEMENT_3D('',#9392,#9393,#9394);
#9396=PLANE('',#9395);
#9397=ORIENTED_EDGE('',*,*,#6351,.F.);
#9399=ORIENTED_EDGE('',*,*,#9398,.F.);
#9401=ORIENTED_EDGE('',*,*,#9400,.T.);
#9402=ORIENTED_EDGE('',*,*,#9384,.T.);
#9403=EDGE_LOOP('',(#9397,#9399,#9401,#9402));
#9404=FACE_OUTER_BOUND('',#9403,.F.);
#9405=ADVANCED_FACE('',(#9404),#9396,.T.);
#9406=CARTESIAN_POINT('',(-1.635E1,-1.5E0,-1.55E0));
#9407=DIRECTION('',(0.E0,-1.E0,0.E0));
#9408=DIRECTION('',(-1.E0,0.E0,0.E0));
#9409=AXIS2_PLACEMENT_3D('',#9406,#9407,#9408);
#9410=PLANE('',#9409);
#9411=ORIENTED_EDGE('',*,*,#6349,.F.);
#9412=ORIENTED_EDGE('',*,*,#9373,.F.);
#9414=ORIENTED_EDGE('',*,*,#9413,.T.);
#9415=ORIENTED_EDGE('',*,*,#9398,.T.);
#9416=EDGE_LOOP('',(#9411,#9412,#9414,#9415));
#9417=FACE_OUTER_BOUND('',#9416,.F.);
#9418=ADVANCED_FACE('',(#9417),#9410,.T.);
#9419=CARTESIAN_POINT('',(0.E0,1.450093584061E1,-1.55E0));
#9420=DIRECTION('',(0.E0,0.E0,-1.E0));
#9421=DIRECTION('',(-1.E0,0.E0,0.E0));
#9422=AXIS2_PLACEMENT_3D('',#9419,#9420,#9421);
#9423=PLANE('',#9422);
#9424=ORIENTED_EDGE('',*,*,#9371,.F.);
#9425=ORIENTED_EDGE('',*,*,#9386,.F.);
#9426=ORIENTED_EDGE('',*,*,#9400,.F.);
#9427=ORIENTED_EDGE('',*,*,#9413,.F.);
#9428=EDGE_LOOP('',(#9424,#9425,#9426,#9427));
#9429=FACE_OUTER_BOUND('',#9428,.F.);
#9430=ADVANCED_FACE('',(#9429),#9423,.T.);
#9431=CARTESIAN_POINT('',(0.E0,1.450093584061E1,-1.55E0));
#9432=DIRECTION('',(0.E0,0.E0,-1.E0));
#9433=DIRECTION('',(-1.E0,0.E0,0.E0));
#9434=AXIS2_PLACEMENT_3D('',#9431,#9432,#9433);
#9435=PLANE('',#9434);
#9437=ORIENTED_EDGE('',*,*,#9436,.F.);
#9439=ORIENTED_EDGE('',*,*,#9438,.F.);
#9441=ORIENTED_EDGE('',*,*,#9440,.F.);
#9443=ORIENTED_EDGE('',*,*,#9442,.F.);
#9444=EDGE_LOOP('',(#9437,#9439,#9441,#9443));
#9445=FACE_OUTER_BOUND('',#9444,.F.);
#9446=ADVANCED_FACE('',(#9445),#9435,.T.);
#9447=CARTESIAN_POINT('',(0.E0,1.450093584061E1,-1.55E0));
#9448=DIRECTION('',(0.E0,0.E0,-1.E0));
#9449=DIRECTION('',(-1.E0,0.E0,0.E0));
#9450=AXIS2_PLACEMENT_3D('',#9447,#9448,#9449);
#9451=PLANE('',#9450);
#9453=ORIENTED_EDGE('',*,*,#9452,.F.);
#9455=ORIENTED_EDGE('',*,*,#9454,.F.);
#9457=ORIENTED_EDGE('',*,*,#9456,.F.);
#9459=ORIENTED_EDGE('',*,*,#9458,.F.);
#9460=EDGE_LOOP('',(#9453,#9455,#9457,#9459));
#9461=FACE_OUTER_BOUND('',#9460,.F.);
#9462=ADVANCED_FACE('',(#9461),#9451,.T.);
#9463=CARTESIAN_POINT('',(0.E0,1.450093584061E1,-1.55E0));
#9464=DIRECTION('',(0.E0,0.E0,-1.E0));
#9465=DIRECTION('',(-1.E0,0.E0,0.E0));
#9466=AXIS2_PLACEMENT_3D('',#9463,#9464,#9465);
#9467=PLANE('',#9466);
#9469=ORIENTED_EDGE('',*,*,#9468,.F.);
#9471=ORIENTED_EDGE('',*,*,#9470,.F.);
#9473=ORIENTED_EDGE('',*,*,#9472,.F.);
#9475=ORIENTED_EDGE('',*,*,#9474,.F.);
#9476=EDGE_LOOP('',(#9469,#9471,#9473,#9475));
#9477=FACE_OUTER_BOUND('',#9476,.F.);
#9478=ADVANCED_FACE('',(#9477),#9467,.T.);
#9479=CARTESIAN_POINT('',(0.E0,1.450093584061E1,-1.55E0));
#9480=DIRECTION('',(0.E0,0.E0,-1.E0));
#9481=DIRECTION('',(-1.E0,0.E0,0.E0));
#9482=AXIS2_PLACEMENT_3D('',#9479,#9480,#9481);
#9483=PLANE('',#9482);
#9485=ORIENTED_EDGE('',*,*,#9484,.F.);
#9487=ORIENTED_EDGE('',*,*,#9486,.F.);
#9489=ORIENTED_EDGE('',*,*,#9488,.F.);
#9491=ORIENTED_EDGE('',*,*,#9490,.F.);
#9492=EDGE_LOOP('',(#9485,#9487,#9489,#9491));
#9493=FACE_OUTER_BOUND('',#9492,.F.);
#9494=ADVANCED_FACE('',(#9493),#9483,.T.);
#9495=CARTESIAN_POINT('',(0.E0,1.450093584061E1,-1.55E0));
#9496=DIRECTION('',(0.E0,0.E0,-1.E0));
#9497=DIRECTION('',(-1.E0,0.E0,0.E0));
#9498=AXIS2_PLACEMENT_3D('',#9495,#9496,#9497);
#9499=PLANE('',#9498);
#9501=ORIENTED_EDGE('',*,*,#9500,.F.);
#9503=ORIENTED_EDGE('',*,*,#9502,.F.);
#9505=ORIENTED_EDGE('',*,*,#9504,.F.);
#9507=ORIENTED_EDGE('',*,*,#9506,.F.);
#9508=EDGE_LOOP('',(#9501,#9503,#9505,#9507));
#9509=FACE_OUTER_BOUND('',#9508,.F.);
#9510=ADVANCED_FACE('',(#9509),#9499,.T.);
#9511=CARTESIAN_POINT('',(-1.635E1,-2.5E0,-1.55E0));
#9512=DIRECTION('',(1.E0,0.E0,0.E0));
#9513=DIRECTION('',(0.E0,-1.E0,0.E0));
#9514=AXIS2_PLACEMENT_3D('',#9511,#9512,#9513);
#9515=PLANE('',#9514);
#9516=ORIENTED_EDGE('',*,*,#6357,.F.);
#9518=ORIENTED_EDGE('',*,*,#9517,.F.);
#9519=ORIENTED_EDGE('',*,*,#9436,.T.);
#9521=ORIENTED_EDGE('',*,*,#9520,.T.);
#9522=EDGE_LOOP('',(#9516,#9518,#9519,#9521));
#9523=FACE_OUTER_BOUND('',#9522,.F.);
#9524=ADVANCED_FACE('',(#9523),#9515,.T.);
#9525=CARTESIAN_POINT('',(-1.805E1,-2.5E0,-1.55E0));
#9526=DIRECTION('',(0.E0,1.E0,0.E0));
#9527=DIRECTION('',(1.E0,0.E0,0.E0));
#9528=AXIS2_PLACEMENT_3D('',#9525,#9526,#9527);
#9529=PLANE('',#9528);
#9530=ORIENTED_EDGE('',*,*,#6363,.F.);
#9532=ORIENTED_EDGE('',*,*,#9531,.F.);
#9533=ORIENTED_EDGE('',*,*,#9438,.T.);
#9534=ORIENTED_EDGE('',*,*,#9517,.T.);
#9535=EDGE_LOOP('',(#9530,#9532,#9533,#9534));
#9536=FACE_OUTER_BOUND('',#9535,.F.);
#9537=ADVANCED_FACE('',(#9536),#9529,.T.);
#9538=CARTESIAN_POINT('',(-1.805E1,-3.3E0,-1.55E0));
#9539=DIRECTION('',(-1.E0,0.E0,0.E0));
#9540=DIRECTION('',(0.E0,1.E0,0.E0));
#9541=AXIS2_PLACEMENT_3D('',#9538,#9539,#9540);
#9542=PLANE('',#9541);
#9543=ORIENTED_EDGE('',*,*,#6361,.F.);
#9545=ORIENTED_EDGE('',*,*,#9544,.F.);
#9546=ORIENTED_EDGE('',*,*,#9440,.T.);
#9547=ORIENTED_EDGE('',*,*,#9531,.T.);
#9548=EDGE_LOOP('',(#9543,#9545,#9546,#9547));
#9549=FACE_OUTER_BOUND('',#9548,.F.);
#9550=ADVANCED_FACE('',(#9549),#9542,.T.);
#9551=CARTESIAN_POINT('',(-1.635E1,-3.3E0,-1.55E0));
#9552=DIRECTION('',(0.E0,-1.E0,0.E0));
#9553=DIRECTION('',(-1.E0,0.E0,0.E0));
#9554=AXIS2_PLACEMENT_3D('',#9551,#9552,#9553);
#9555=PLANE('',#9554);
#9556=ORIENTED_EDGE('',*,*,#6359,.F.);
#9557=ORIENTED_EDGE('',*,*,#9520,.F.);
#9558=ORIENTED_EDGE('',*,*,#9442,.T.);
#9559=ORIENTED_EDGE('',*,*,#9544,.T.);
#9560=EDGE_LOOP('',(#9556,#9557,#9558,#9559));
#9561=FACE_OUTER_BOUND('',#9560,.F.);
#9562=ADVANCED_FACE('',(#9561),#9555,.T.);
#9563=CARTESIAN_POINT('',(-1.635E1,-4.3E0,-1.55E0));
#9564=DIRECTION('',(1.E0,0.E0,0.E0));
#9565=DIRECTION('',(0.E0,-1.E0,0.E0));
#9566=AXIS2_PLACEMENT_3D('',#9563,#9564,#9565);
#9567=PLANE('',#9566);
#9568=ORIENTED_EDGE('',*,*,#6367,.F.);
#9570=ORIENTED_EDGE('',*,*,#9569,.F.);
#9571=ORIENTED_EDGE('',*,*,#9452,.T.);
#9573=ORIENTED_EDGE('',*,*,#9572,.T.);
#9574=EDGE_LOOP('',(#9568,#9570,#9571,#9573));
#9575=FACE_OUTER_BOUND('',#9574,.F.);
#9576=ADVANCED_FACE('',(#9575),#9567,.T.);
#9577=CARTESIAN_POINT('',(-1.805E1,-4.3E0,-1.55E0));
#9578=DIRECTION('',(0.E0,1.E0,0.E0));
#9579=DIRECTION('',(1.E0,0.E0,0.E0));
#9580=AXIS2_PLACEMENT_3D('',#9577,#9578,#9579);
#9581=PLANE('',#9580);
#9582=ORIENTED_EDGE('',*,*,#6373,.F.);
#9584=ORIENTED_EDGE('',*,*,#9583,.F.);
#9585=ORIENTED_EDGE('',*,*,#9454,.T.);
#9586=ORIENTED_EDGE('',*,*,#9569,.T.);
#9587=EDGE_LOOP('',(#9582,#9584,#9585,#9586));
#9588=FACE_OUTER_BOUND('',#9587,.F.);
#9589=ADVANCED_FACE('',(#9588),#9581,.T.);
#9590=CARTESIAN_POINT('',(-1.805E1,-5.1E0,-1.55E0));
#9591=DIRECTION('',(-1.E0,0.E0,0.E0));
#9592=DIRECTION('',(0.E0,1.E0,0.E0));
#9593=AXIS2_PLACEMENT_3D('',#9590,#9591,#9592);
#9594=PLANE('',#9593);
#9595=ORIENTED_EDGE('',*,*,#6371,.F.);
#9597=ORIENTED_EDGE('',*,*,#9596,.F.);
#9598=ORIENTED_EDGE('',*,*,#9456,.T.);
#9599=ORIENTED_EDGE('',*,*,#9583,.T.);
#9600=EDGE_LOOP('',(#9595,#9597,#9598,#9599));
#9601=FACE_OUTER_BOUND('',#9600,.F.);
#9602=ADVANCED_FACE('',(#9601),#9594,.T.);
#9603=CARTESIAN_POINT('',(-1.635E1,-5.1E0,-1.55E0));
#9604=DIRECTION('',(0.E0,-1.E0,0.E0));
#9605=DIRECTION('',(-1.E0,0.E0,0.E0));
#9606=AXIS2_PLACEMENT_3D('',#9603,#9604,#9605);
#9607=PLANE('',#9606);
#9608=ORIENTED_EDGE('',*,*,#6369,.F.);
#9609=ORIENTED_EDGE('',*,*,#9572,.F.);
#9610=ORIENTED_EDGE('',*,*,#9458,.T.);
#9611=ORIENTED_EDGE('',*,*,#9596,.T.);
#9612=EDGE_LOOP('',(#9608,#9609,#9610,#9611));
#9613=FACE_OUTER_BOUND('',#9612,.F.);
#9614=ADVANCED_FACE('',(#9613),#9607,.T.);
#9615=CARTESIAN_POINT('',(-1.635E1,-6.1E0,-1.55E0));
#9616=DIRECTION('',(1.E0,0.E0,0.E0));
#9617=DIRECTION('',(0.E0,-1.E0,0.E0));
#9618=AXIS2_PLACEMENT_3D('',#9615,#9616,#9617);
#9619=PLANE('',#9618);
#9620=ORIENTED_EDGE('',*,*,#6377,.F.);
#9622=ORIENTED_EDGE('',*,*,#9621,.F.);
#9623=ORIENTED_EDGE('',*,*,#9468,.T.);
#9625=ORIENTED_EDGE('',*,*,#9624,.T.);
#9626=EDGE_LOOP('',(#9620,#9622,#9623,#9625));
#9627=FACE_OUTER_BOUND('',#9626,.F.);
#9628=ADVANCED_FACE('',(#9627),#9619,.T.);
#9629=CARTESIAN_POINT('',(-1.805E1,-6.1E0,-1.55E0));
#9630=DIRECTION('',(0.E0,1.E0,0.E0));
#9631=DIRECTION('',(1.E0,0.E0,0.E0));
#9632=AXIS2_PLACEMENT_3D('',#9629,#9630,#9631);
#9633=PLANE('',#9632);
#9634=ORIENTED_EDGE('',*,*,#6383,.F.);
#9636=ORIENTED_EDGE('',*,*,#9635,.F.);
#9637=ORIENTED_EDGE('',*,*,#9470,.T.);
#9638=ORIENTED_EDGE('',*,*,#9621,.T.);
#9639=EDGE_LOOP('',(#9634,#9636,#9637,#9638));
#9640=FACE_OUTER_BOUND('',#9639,.F.);
#9641=ADVANCED_FACE('',(#9640),#9633,.T.);
#9642=CARTESIAN_POINT('',(-1.805E1,-6.9E0,-1.55E0));
#9643=DIRECTION('',(-1.E0,0.E0,0.E0));
#9644=DIRECTION('',(0.E0,1.E0,0.E0));
#9645=AXIS2_PLACEMENT_3D('',#9642,#9643,#9644);
#9646=PLANE('',#9645);
#9647=ORIENTED_EDGE('',*,*,#6381,.F.);
#9649=ORIENTED_EDGE('',*,*,#9648,.F.);
#9650=ORIENTED_EDGE('',*,*,#9472,.T.);
#9651=ORIENTED_EDGE('',*,*,#9635,.T.);
#9652=EDGE_LOOP('',(#9647,#9649,#9650,#9651));
#9653=FACE_OUTER_BOUND('',#9652,.F.);
#9654=ADVANCED_FACE('',(#9653),#9646,.T.);
#9655=CARTESIAN_POINT('',(-1.635E1,-6.9E0,-1.55E0));
#9656=DIRECTION('',(0.E0,-1.E0,0.E0));
#9657=DIRECTION('',(-1.E0,0.E0,0.E0));
#9658=AXIS2_PLACEMENT_3D('',#9655,#9656,#9657);
#9659=PLANE('',#9658);
#9660=ORIENTED_EDGE('',*,*,#6379,.F.);
#9661=ORIENTED_EDGE('',*,*,#9624,.F.);
#9662=ORIENTED_EDGE('',*,*,#9474,.T.);
#9663=ORIENTED_EDGE('',*,*,#9648,.T.);
#9664=EDGE_LOOP('',(#9660,#9661,#9662,#9663));
#9665=FACE_OUTER_BOUND('',#9664,.F.);
#9666=ADVANCED_FACE('',(#9665),#9659,.T.);
#9667=CARTESIAN_POINT('',(-1.635E1,-7.9E0,-1.55E0));
#9668=DIRECTION('',(1.E0,0.E0,0.E0));
#9669=DIRECTION('',(0.E0,-1.E0,0.E0));
#9670=AXIS2_PLACEMENT_3D('',#9667,#9668,#9669);
#9671=PLANE('',#9670);
#9672=ORIENTED_EDGE('',*,*,#6387,.F.);
#9674=ORIENTED_EDGE('',*,*,#9673,.F.);
#9675=ORIENTED_EDGE('',*,*,#9484,.T.);
#9677=ORIENTED_EDGE('',*,*,#9676,.T.);
#9678=EDGE_LOOP('',(#9672,#9674,#9675,#9677));
#9679=FACE_OUTER_BOUND('',#9678,.F.);
#9680=ADVANCED_FACE('',(#9679),#9671,.T.);
#9681=CARTESIAN_POINT('',(-1.805E1,-7.9E0,-1.55E0));
#9682=DIRECTION('',(0.E0,1.E0,0.E0));
#9683=DIRECTION('',(1.E0,0.E0,0.E0));
#9684=AXIS2_PLACEMENT_3D('',#9681,#9682,#9683);
#9685=PLANE('',#9684);
#9686=ORIENTED_EDGE('',*,*,#6393,.F.);
#9688=ORIENTED_EDGE('',*,*,#9687,.F.);
#9689=ORIENTED_EDGE('',*,*,#9486,.T.);
#9690=ORIENTED_EDGE('',*,*,#9673,.T.);
#9691=EDGE_LOOP('',(#9686,#9688,#9689,#9690));
#9692=FACE_OUTER_BOUND('',#9691,.F.);
#9693=ADVANCED_FACE('',(#9692),#9685,.T.);
#9694=CARTESIAN_POINT('',(-1.805E1,-8.7E0,-1.55E0));
#9695=DIRECTION('',(-1.E0,0.E0,0.E0));
#9696=DIRECTION('',(0.E0,1.E0,0.E0));
#9697=AXIS2_PLACEMENT_3D('',#9694,#9695,#9696);
#9698=PLANE('',#9697);
#9699=ORIENTED_EDGE('',*,*,#6391,.F.);
#9701=ORIENTED_EDGE('',*,*,#9700,.F.);
#9702=ORIENTED_EDGE('',*,*,#9488,.T.);
#9703=ORIENTED_EDGE('',*,*,#9687,.T.);
#9704=EDGE_LOOP('',(#9699,#9701,#9702,#9703));
#9705=FACE_OUTER_BOUND('',#9704,.F.);
#9706=ADVANCED_FACE('',(#9705),#9698,.T.);
#9707=CARTESIAN_POINT('',(-1.635E1,-8.7E0,-1.55E0));
#9708=DIRECTION('',(0.E0,-1.E0,0.E0));
#9709=DIRECTION('',(-1.E0,0.E0,0.E0));
#9710=AXIS2_PLACEMENT_3D('',#9707,#9708,#9709);
#9711=PLANE('',#9710);
#9712=ORIENTED_EDGE('',*,*,#6389,.F.);
#9713=ORIENTED_EDGE('',*,*,#9676,.F.);
#9714=ORIENTED_EDGE('',*,*,#9490,.T.);
#9715=ORIENTED_EDGE('',*,*,#9700,.T.);
#9716=EDGE_LOOP('',(#9712,#9713,#9714,#9715));
#9717=FACE_OUTER_BOUND('',#9716,.F.);
#9718=ADVANCED_FACE('',(#9717),#9711,.T.);
#9719=CARTESIAN_POINT('',(-1.635E1,-9.7E0,-1.55E0));
#9720=DIRECTION('',(1.E0,0.E0,0.E0));
#9721=DIRECTION('',(0.E0,-1.E0,0.E0));
#9722=AXIS2_PLACEMENT_3D('',#9719,#9720,#9721);
#9723=PLANE('',#9722);
#9724=ORIENTED_EDGE('',*,*,#6397,.F.);
#9726=ORIENTED_EDGE('',*,*,#9725,.F.);
#9727=ORIENTED_EDGE('',*,*,#9500,.T.);
#9729=ORIENTED_EDGE('',*,*,#9728,.T.);
#9730=EDGE_LOOP('',(#9724,#9726,#9727,#9729));
#9731=FACE_OUTER_BOUND('',#9730,.F.);
#9732=ADVANCED_FACE('',(#9731),#9723,.T.);
#9733=CARTESIAN_POINT('',(-1.805E1,-9.7E0,-1.55E0));
#9734=DIRECTION('',(0.E0,1.E0,0.E0));
#9735=DIRECTION('',(1.E0,0.E0,0.E0));
#9736=AXIS2_PLACEMENT_3D('',#9733,#9734,#9735);
#9737=PLANE('',#9736);
#9738=ORIENTED_EDGE('',*,*,#6403,.F.);
#9740=ORIENTED_EDGE('',*,*,#9739,.F.);
#9741=ORIENTED_EDGE('',*,*,#9502,.T.);
#9742=ORIENTED_EDGE('',*,*,#9725,.T.);
#9743=EDGE_LOOP('',(#9738,#9740,#9741,#9742));
#9744=FACE_OUTER_BOUND('',#9743,.F.);
#9745=ADVANCED_FACE('',(#9744),#9737,.T.);
#9746=CARTESIAN_POINT('',(-1.805E1,-1.05E1,-1.55E0));
#9747=DIRECTION('',(-1.E0,0.E0,0.E0));
#9748=DIRECTION('',(0.E0,1.E0,0.E0));
#9749=AXIS2_PLACEMENT_3D('',#9746,#9747,#9748);
#9750=PLANE('',#9749);
#9751=ORIENTED_EDGE('',*,*,#6401,.F.);
#9753=ORIENTED_EDGE('',*,*,#9752,.F.);
#9754=ORIENTED_EDGE('',*,*,#9504,.T.);
#9755=ORIENTED_EDGE('',*,*,#9739,.T.);
#9756=EDGE_LOOP('',(#9751,#9753,#9754,#9755));
#9757=FACE_OUTER_BOUND('',#9756,.F.);
#9758=ADVANCED_FACE('',(#9757),#9750,.T.);
#9759=CARTESIAN_POINT('',(-1.635E1,-1.05E1,-1.55E0));
#9760=DIRECTION('',(0.E0,-1.E0,0.E0));
#9761=DIRECTION('',(-1.E0,0.E0,0.E0));
#9762=AXIS2_PLACEMENT_3D('',#9759,#9760,#9761);
#9763=PLANE('',#9762);
#9764=ORIENTED_EDGE('',*,*,#6399,.F.);
#9765=ORIENTED_EDGE('',*,*,#9728,.F.);
#9766=ORIENTED_EDGE('',*,*,#9506,.T.);
#9767=ORIENTED_EDGE('',*,*,#9752,.T.);
#9768=EDGE_LOOP('',(#9764,#9765,#9766,#9767));
#9769=FACE_OUTER_BOUND('',#9768,.F.);
#9770=ADVANCED_FACE('',(#9769),#9763,.T.);
#9771=CARTESIAN_POINT('',(-8.8E0,9.5E0,-5.5E-1));
#9772=DIRECTION('',(1.E0,0.E0,0.E0));
#9773=DIRECTION('',(0.E0,-1.E0,0.E0));
#9774=AXIS2_PLACEMENT_3D('',#9771,#9772,#9773);
#9775=PLANE('',#9774);
#9776=ORIENTED_EDGE('',*,*,#6407,.F.);
#9778=ORIENTED_EDGE('',*,*,#9777,.T.);
#9780=ORIENTED_EDGE('',*,*,#9779,.T.);
#9782=ORIENTED_EDGE('',*,*,#9781,.F.);
#9783=EDGE_LOOP('',(#9776,#9778,#9780,#9782));
#9784=FACE_OUTER_BOUND('',#9783,.F.);
#9785=ADVANCED_FACE('',(#9784),#9775,.T.);
#9786=CARTESIAN_POINT('',(-9.6E0,9.5E0,-5.5E-1));
#9787=DIRECTION('',(0.E0,1.E0,0.E0));
#9788=DIRECTION('',(1.E0,0.E0,0.E0));
#9789=AXIS2_PLACEMENT_3D('',#9786,#9787,#9788);
#9790=PLANE('',#9789);
#9791=ORIENTED_EDGE('',*,*,#6413,.F.);
#9793=ORIENTED_EDGE('',*,*,#9792,.T.);
#9795=ORIENTED_EDGE('',*,*,#9794,.T.);
#9796=ORIENTED_EDGE('',*,*,#9777,.F.);
#9797=EDGE_LOOP('',(#9791,#9793,#9795,#9796));
#9798=FACE_OUTER_BOUND('',#9797,.F.);
#9799=ADVANCED_FACE('',(#9798),#9790,.T.);
#9800=CARTESIAN_POINT('',(-9.6E0,7.8E0,-5.5E-1));
#9801=DIRECTION('',(-1.E0,0.E0,0.E0));
#9802=DIRECTION('',(0.E0,1.E0,0.E0));
#9803=AXIS2_PLACEMENT_3D('',#9800,#9801,#9802);
#9804=PLANE('',#9803);
#9805=ORIENTED_EDGE('',*,*,#6411,.F.);
#9807=ORIENTED_EDGE('',*,*,#9806,.T.);
#9809=ORIENTED_EDGE('',*,*,#9808,.T.);
#9810=ORIENTED_EDGE('',*,*,#9792,.F.);
#9811=EDGE_LOOP('',(#9805,#9807,#9809,#9810));
#9812=FACE_OUTER_BOUND('',#9811,.F.);
#9813=ADVANCED_FACE('',(#9812),#9804,.T.);
#9814=CARTESIAN_POINT('',(-8.8E0,7.8E0,-5.5E-1));
#9815=DIRECTION('',(0.E0,-1.E0,0.E0));
#9816=DIRECTION('',(-1.E0,0.E0,0.E0));
#9817=AXIS2_PLACEMENT_3D('',#9814,#9815,#9816);
#9818=PLANE('',#9817);
#9819=ORIENTED_EDGE('',*,*,#6409,.F.);
#9820=ORIENTED_EDGE('',*,*,#9781,.T.);
#9822=ORIENTED_EDGE('',*,*,#9821,.T.);
#9823=ORIENTED_EDGE('',*,*,#9806,.F.);
#9824=EDGE_LOOP('',(#9819,#9820,#9822,#9823));
#9825=FACE_OUTER_BOUND('',#9824,.F.);
#9826=ADVANCED_FACE('',(#9825),#9818,.T.);
#9827=CARTESIAN_POINT('',(0.E0,1.450093584061E1,-1.55E0));
#9828=DIRECTION('',(0.E0,0.E0,-1.E0));
#9829=DIRECTION('',(-1.E0,0.E0,0.E0));
#9830=AXIS2_PLACEMENT_3D('',#9827,#9828,#9829);
#9831=PLANE('',#9830);
#9832=ORIENTED_EDGE('',*,*,#9779,.F.);
#9833=ORIENTED_EDGE('',*,*,#9794,.F.);
#9834=ORIENTED_EDGE('',*,*,#9808,.F.);
#9835=ORIENTED_EDGE('',*,*,#9821,.F.);
#9836=EDGE_LOOP('',(#9832,#9833,#9834,#9835));
#9837=FACE_OUTER_BOUND('',#9836,.F.);
#9838=ADVANCED_FACE('',(#9837),#9831,.T.);
#9839=CARTESIAN_POINT('',(-1.12E1,8.2E0,-1.55E0));
#9840=DIRECTION('',(1.E0,0.E0,0.E0));
#9841=DIRECTION('',(0.E0,-1.E0,0.E0));
#9842=AXIS2_PLACEMENT_3D('',#9839,#9840,#9841);
#9843=PLANE('',#9842);
#9844=ORIENTED_EDGE('',*,*,#6417,.F.);
#9846=ORIENTED_EDGE('',*,*,#9845,.F.);
#9848=ORIENTED_EDGE('',*,*,#9847,.T.);
#9850=ORIENTED_EDGE('',*,*,#9849,.T.);
#9851=EDGE_LOOP('',(#9844,#9846,#9848,#9850));
#9852=FACE_OUTER_BOUND('',#9851,.F.);
#9853=ADVANCED_FACE('',(#9852),#9843,.T.);
#9854=CARTESIAN_POINT('',(-1.29E1,8.2E0,-1.55E0));
#9855=DIRECTION('',(0.E0,1.E0,0.E0));
#9856=DIRECTION('',(1.E0,0.E0,0.E0));
#9857=AXIS2_PLACEMENT_3D('',#9854,#9855,#9856);
#9858=PLANE('',#9857);
#9859=ORIENTED_EDGE('',*,*,#6423,.F.);
#9861=ORIENTED_EDGE('',*,*,#9860,.F.);
#9863=ORIENTED_EDGE('',*,*,#9862,.T.);
#9864=ORIENTED_EDGE('',*,*,#9845,.T.);
#9865=EDGE_LOOP('',(#9859,#9861,#9863,#9864));
#9866=FACE_OUTER_BOUND('',#9865,.F.);
#9867=ADVANCED_FACE('',(#9866),#9858,.T.);
#9868=CARTESIAN_POINT('',(-1.29E1,7.4E0,-1.55E0));
#9869=DIRECTION('',(-1.E0,0.E0,0.E0));
#9870=DIRECTION('',(0.E0,1.E0,0.E0));
#9871=AXIS2_PLACEMENT_3D('',#9868,#9869,#9870);
#9872=PLANE('',#9871);
#9873=ORIENTED_EDGE('',*,*,#6421,.F.);
#9875=ORIENTED_EDGE('',*,*,#9874,.F.);
#9877=ORIENTED_EDGE('',*,*,#9876,.T.);
#9878=ORIENTED_EDGE('',*,*,#9860,.T.);
#9879=EDGE_LOOP('',(#9873,#9875,#9877,#9878));
#9880=FACE_OUTER_BOUND('',#9879,.F.);
#9881=ADVANCED_FACE('',(#9880),#9872,.T.);
#9882=CARTESIAN_POINT('',(-1.12E1,7.4E0,-1.55E0));
#9883=DIRECTION('',(0.E0,-1.E0,0.E0));
#9884=DIRECTION('',(-1.E0,0.E0,0.E0));
#9885=AXIS2_PLACEMENT_3D('',#9882,#9883,#9884);
#9886=PLANE('',#9885);
#9887=ORIENTED_EDGE('',*,*,#6419,.F.);
#9888=ORIENTED_EDGE('',*,*,#9849,.F.);
#9890=ORIENTED_EDGE('',*,*,#9889,.T.);
#9891=ORIENTED_EDGE('',*,*,#9874,.T.);
#9892=EDGE_LOOP('',(#9887,#9888,#9890,#9891));
#9893=FACE_OUTER_BOUND('',#9892,.F.);
#9894=ADVANCED_FACE('',(#9893),#9886,.T.);
#9895=CARTESIAN_POINT('',(0.E0,1.450093584061E1,-1.55E0));
#9896=DIRECTION('',(0.E0,0.E0,-1.E0));
#9897=DIRECTION('',(-1.E0,0.E0,0.E0));
#9898=AXIS2_PLACEMENT_3D('',#9895,#9896,#9897);
#9899=PLANE('',#9898);
#9900=ORIENTED_EDGE('',*,*,#9847,.F.);
#9901=ORIENTED_EDGE('',*,*,#9862,.F.);
#9902=ORIENTED_EDGE('',*,*,#9876,.F.);
#9903=ORIENTED_EDGE('',*,*,#9889,.F.);
#9904=EDGE_LOOP('',(#9900,#9901,#9902,#9903));
#9905=FACE_OUTER_BOUND('',#9904,.F.);
#9906=ADVANCED_FACE('',(#9905),#9899,.T.);
#9907=CARTESIAN_POINT('',(-1.37E1,4.9E0,-1.55E0));
#9908=DIRECTION('',(1.E0,0.E0,0.E0));
#9909=DIRECTION('',(0.E0,-1.E0,0.E0));
#9910=AXIS2_PLACEMENT_3D('',#9907,#9908,#9909);
#9911=PLANE('',#9910);
#9912=ORIENTED_EDGE('',*,*,#6427,.F.);
#9914=ORIENTED_EDGE('',*,*,#9913,.F.);
#9916=ORIENTED_EDGE('',*,*,#9915,.T.);
#9918=ORIENTED_EDGE('',*,*,#9917,.T.);
#9919=EDGE_LOOP('',(#9912,#9914,#9916,#9918));
#9920=FACE_OUTER_BOUND('',#9919,.F.);
#9921=ADVANCED_FACE('',(#9920),#9911,.T.);
#9922=CARTESIAN_POINT('',(-1.45E1,4.9E0,-1.55E0));
#9923=DIRECTION('',(0.E0,1.E0,0.E0));
#9924=DIRECTION('',(1.E0,0.E0,0.E0));
#9925=AXIS2_PLACEMENT_3D('',#9922,#9923,#9924);
#9926=PLANE('',#9925);
#9927=ORIENTED_EDGE('',*,*,#6433,.F.);
#9929=ORIENTED_EDGE('',*,*,#9928,.F.);
#9931=ORIENTED_EDGE('',*,*,#9930,.T.);
#9932=ORIENTED_EDGE('',*,*,#9913,.T.);
#9933=EDGE_LOOP('',(#9927,#9929,#9931,#9932));
#9934=FACE_OUTER_BOUND('',#9933,.F.);
#9935=ADVANCED_FACE('',(#9934),#9926,.T.);
#9936=CARTESIAN_POINT('',(-1.45E1,3.2E0,-1.55E0));
#9937=DIRECTION('',(-1.E0,0.E0,0.E0));
#9938=DIRECTION('',(0.E0,1.E0,0.E0));
#9939=AXIS2_PLACEMENT_3D('',#9936,#9937,#9938);
#9940=PLANE('',#9939);
#9941=ORIENTED_EDGE('',*,*,#6431,.F.);
#9943=ORIENTED_EDGE('',*,*,#9942,.F.);
#9945=ORIENTED_EDGE('',*,*,#9944,.T.);
#9946=ORIENTED_EDGE('',*,*,#9928,.T.);
#9947=EDGE_LOOP('',(#9941,#9943,#9945,#9946));
#9948=FACE_OUTER_BOUND('',#9947,.F.);
#9949=ADVANCED_FACE('',(#9948),#9940,.T.);
#9950=CARTESIAN_POINT('',(-1.37E1,3.2E0,-1.55E0));
#9951=DIRECTION('',(0.E0,-1.E0,0.E0));
#9952=DIRECTION('',(-1.E0,0.E0,0.E0));
#9953=AXIS2_PLACEMENT_3D('',#9950,#9951,#9952);
#9954=PLANE('',#9953);
#9955=ORIENTED_EDGE('',*,*,#6429,.F.);
#9956=ORIENTED_EDGE('',*,*,#9917,.F.);
#9958=ORIENTED_EDGE('',*,*,#9957,.T.);
#9959=ORIENTED_EDGE('',*,*,#9942,.T.);
#9960=EDGE_LOOP('',(#9955,#9956,#9958,#9959));
#9961=FACE_OUTER_BOUND('',#9960,.F.);
#9962=ADVANCED_FACE('',(#9961),#9954,.T.);
#9963=CARTESIAN_POINT('',(0.E0,1.450093584061E1,-1.55E0));
#9964=DIRECTION('',(0.E0,0.E0,-1.E0));
#9965=DIRECTION('',(-1.E0,0.E0,0.E0));
#9966=AXIS2_PLACEMENT_3D('',#9963,#9964,#9965);
#9967=PLANE('',#9966);
#9968=ORIENTED_EDGE('',*,*,#9915,.F.);
#9969=ORIENTED_EDGE('',*,*,#9930,.F.);
#9970=ORIENTED_EDGE('',*,*,#9944,.F.);
#9971=ORIENTED_EDGE('',*,*,#9957,.F.);
#9972=EDGE_LOOP('',(#9968,#9969,#9970,#9971));
#9973=FACE_OUTER_BOUND('',#9972,.F.);
#9974=ADVANCED_FACE('',(#9973),#9967,.T.);
#9975=CARTESIAN_POINT('',(0.E0,1.450093584061E1,-1.55E0));
#9976=DIRECTION('',(0.E0,0.E0,-1.E0));
#9977=DIRECTION('',(-1.E0,0.E0,0.E0));
#9978=AXIS2_PLACEMENT_3D('',#9975,#9976,#9977);
#9979=PLANE('',#9978);
#9981=ORIENTED_EDGE('',*,*,#9980,.F.);
#9983=ORIENTED_EDGE('',*,*,#9982,.F.);
#9985=ORIENTED_EDGE('',*,*,#9984,.F.);
#9987=ORIENTED_EDGE('',*,*,#9986,.F.);
#9988=EDGE_LOOP('',(#9981,#9983,#9985,#9987));
#9989=FACE_OUTER_BOUND('',#9988,.F.);
#9990=ADVANCED_FACE('',(#9989),#9979,.T.);
#9991=CARTESIAN_POINT('',(-1.28E1,1.6E0,-1.55E0));
#9992=DIRECTION('',(1.E0,0.E0,0.E0));
#9993=DIRECTION('',(0.E0,-1.E0,0.E0));
#9994=AXIS2_PLACEMENT_3D('',#9991,#9992,#9993);
#9995=PLANE('',#9994);
#9996=ORIENTED_EDGE('',*,*,#6437,.F.);
#9998=ORIENTED_EDGE('',*,*,#9997,.F.);
#9999=ORIENTED_EDGE('',*,*,#9980,.T.);
#10001=ORIENTED_EDGE('',*,*,#10000,.T.);
#10002=EDGE_LOOP('',(#9996,#9998,#9999,#10001));
#10003=FACE_OUTER_BOUND('',#10002,.F.);
#10004=ADVANCED_FACE('',(#10003),#9995,.T.);
#10005=CARTESIAN_POINT('',(-1.45E1,1.6E0,-1.55E0));
#10006=DIRECTION('',(0.E0,1.E0,0.E0));
#10007=DIRECTION('',(1.E0,0.E0,0.E0));
#10008=AXIS2_PLACEMENT_3D('',#10005,#10006,#10007);
#10009=PLANE('',#10008);
#10010=ORIENTED_EDGE('',*,*,#6443,.F.);
#10012=ORIENTED_EDGE('',*,*,#10011,.F.);
#10013=ORIENTED_EDGE('',*,*,#9982,.T.);
#10014=ORIENTED_EDGE('',*,*,#9997,.T.);
#10015=EDGE_LOOP('',(#10010,#10012,#10013,#10014));
#10016=FACE_OUTER_BOUND('',#10015,.F.);
#10017=ADVANCED_FACE('',(#10016),#10009,.T.);
#10018=CARTESIAN_POINT('',(-1.45E1,8.E-1,-1.55E0));
#10019=DIRECTION('',(-1.E0,0.E0,0.E0));
#10020=DIRECTION('',(0.E0,1.E0,0.E0));
#10021=AXIS2_PLACEMENT_3D('',#10018,#10019,#10020);
#10022=PLANE('',#10021);
#10023=ORIENTED_EDGE('',*,*,#6441,.F.);
#10025=ORIENTED_EDGE('',*,*,#10024,.F.);
#10026=ORIENTED_EDGE('',*,*,#9984,.T.);
#10027=ORIENTED_EDGE('',*,*,#10011,.T.);
#10028=EDGE_LOOP('',(#10023,#10025,#10026,#10027));
#10029=FACE_OUTER_BOUND('',#10028,.F.);
#10030=ADVANCED_FACE('',(#10029),#10022,.T.);
#10031=CARTESIAN_POINT('',(-1.28E1,8.E-1,-1.55E0));
#10032=DIRECTION('',(0.E0,-1.E0,0.E0));
#10033=DIRECTION('',(-1.E0,0.E0,0.E0));
#10034=AXIS2_PLACEMENT_3D('',#10031,#10032,#10033);
#10035=PLANE('',#10034);
#10036=ORIENTED_EDGE('',*,*,#6439,.F.);
#10037=ORIENTED_EDGE('',*,*,#10000,.F.);
#10038=ORIENTED_EDGE('',*,*,#9986,.T.);
#10039=ORIENTED_EDGE('',*,*,#10024,.T.);
#10040=EDGE_LOOP('',(#10036,#10037,#10038,#10039));
#10041=FACE_OUTER_BOUND('',#10040,.F.);
#10042=ADVANCED_FACE('',(#10041),#10035,.T.);
#10043=CARTESIAN_POINT('',(-8.7E0,-2.5E0,-5.5E-1));
#10044=DIRECTION('',(1.E0,0.E0,0.E0));
#10045=DIRECTION('',(0.E0,-1.E0,0.E0));
#10046=AXIS2_PLACEMENT_3D('',#10043,#10044,#10045);
#10047=PLANE('',#10046);
#10048=ORIENTED_EDGE('',*,*,#6447,.F.);
#10050=ORIENTED_EDGE('',*,*,#10049,.T.);
#10052=ORIENTED_EDGE('',*,*,#10051,.T.);
#10054=ORIENTED_EDGE('',*,*,#10053,.F.);
#10055=EDGE_LOOP('',(#10048,#10050,#10052,#10054));
#10056=FACE_OUTER_BOUND('',#10055,.F.);
#10057=ADVANCED_FACE('',(#10056),#10047,.T.);
#10058=CARTESIAN_POINT('',(-1.32E1,-2.5E0,-5.5E-1));
#10059=DIRECTION('',(0.E0,1.E0,0.E0));
#10060=DIRECTION('',(1.E0,0.E0,0.E0));
#10061=AXIS2_PLACEMENT_3D('',#10058,#10059,#10060);
#10062=PLANE('',#10061);
#10063=ORIENTED_EDGE('',*,*,#6453,.F.);
#10065=ORIENTED_EDGE('',*,*,#10064,.T.);
#10067=ORIENTED_EDGE('',*,*,#10066,.T.);
#10068=ORIENTED_EDGE('',*,*,#10049,.F.);
#10069=EDGE_LOOP('',(#10063,#10065,#10067,#10068));
#10070=FACE_OUTER_BOUND('',#10069,.F.);
#10071=ADVANCED_FACE('',(#10070),#10062,.T.);
#10072=CARTESIAN_POINT('',(-1.32E1,-7.5E0,-5.5E-1));
#10073=DIRECTION('',(-1.E0,0.E0,0.E0));
#10074=DIRECTION('',(0.E0,1.E0,0.E0));
#10075=AXIS2_PLACEMENT_3D('',#10072,#10073,#10074);
#10076=PLANE('',#10075);
#10077=ORIENTED_EDGE('',*,*,#6451,.F.);
#10079=ORIENTED_EDGE('',*,*,#10078,.T.);
#10081=ORIENTED_EDGE('',*,*,#10080,.T.);
#10082=ORIENTED_EDGE('',*,*,#10064,.F.);
#10083=EDGE_LOOP('',(#10077,#10079,#10081,#10082));
#10084=FACE_OUTER_BOUND('',#10083,.F.);
#10085=ADVANCED_FACE('',(#10084),#10076,.T.);
#10086=CARTESIAN_POINT('',(-8.7E0,-7.5E0,-5.5E-1));
#10087=DIRECTION('',(0.E0,-1.E0,0.E0));
#10088=DIRECTION('',(-1.E0,0.E0,0.E0));
#10089=AXIS2_PLACEMENT_3D('',#10086,#10087,#10088);
#10090=PLANE('',#10089);
#10091=ORIENTED_EDGE('',*,*,#6449,.F.);
#10092=ORIENTED_EDGE('',*,*,#10053,.T.);
#10094=ORIENTED_EDGE('',*,*,#10093,.T.);
#10095=ORIENTED_EDGE('',*,*,#10078,.F.);
#10096=EDGE_LOOP('',(#10091,#10092,#10094,#10095));
#10097=FACE_OUTER_BOUND('',#10096,.F.);
#10098=ADVANCED_FACE('',(#10097),#10090,.T.);
#10099=CARTESIAN_POINT('',(0.E0,1.450093584061E1,-1.55E0));
#10100=DIRECTION('',(0.E0,0.E0,-1.E0));
#10101=DIRECTION('',(-1.E0,0.E0,0.E0));
#10102=AXIS2_PLACEMENT_3D('',#10099,#10100,#10101);
#10103=PLANE('',#10102);
#10104=ORIENTED_EDGE('',*,*,#10051,.F.);
#10105=ORIENTED_EDGE('',*,*,#10066,.F.);
#10106=ORIENTED_EDGE('',*,*,#10080,.F.);
#10107=ORIENTED_EDGE('',*,*,#10093,.F.);
#10108=EDGE_LOOP('',(#10104,#10105,#10106,#10107));
#10109=FACE_OUTER_BOUND('',#10108,.F.);
#10110=ADVANCED_FACE('',(#10109),#10103,.T.);
#10111=CARTESIAN_POINT('',(-1.2E1,-7.E-1,-1.55E0));
#10112=DIRECTION('',(1.E0,0.E0,0.E0));
#10113=DIRECTION('',(0.E0,-1.E0,0.E0));
#10114=AXIS2_PLACEMENT_3D('',#10111,#10112,#10113);
#10115=PLANE('',#10114);
#10116=ORIENTED_EDGE('',*,*,#6457,.F.);
#10118=ORIENTED_EDGE('',*,*,#10117,.F.);
#10120=ORIENTED_EDGE('',*,*,#10119,.T.);
#10122=ORIENTED_EDGE('',*,*,#10121,.T.);
#10123=EDGE_LOOP('',(#10116,#10118,#10120,#10122));
#10124=FACE_OUTER_BOUND('',#10123,.F.);
#10125=ADVANCED_FACE('',(#10124),#10115,.T.);
#10126=CARTESIAN_POINT('',(-1.37E1,-7.E-1,-1.55E0));
#10127=DIRECTION('',(0.E0,1.E0,0.E0));
#10128=DIRECTION('',(1.E0,0.E0,0.E0));
#10129=AXIS2_PLACEMENT_3D('',#10126,#10127,#10128);
#10130=PLANE('',#10129);
#10131=ORIENTED_EDGE('',*,*,#6463,.F.);
#10133=ORIENTED_EDGE('',*,*,#10132,.F.);
#10135=ORIENTED_EDGE('',*,*,#10134,.T.);
#10136=ORIENTED_EDGE('',*,*,#10117,.T.);
#10137=EDGE_LOOP('',(#10131,#10133,#10135,#10136));
#10138=FACE_OUTER_BOUND('',#10137,.F.);
#10139=ADVANCED_FACE('',(#10138),#10130,.T.);
#10140=CARTESIAN_POINT('',(-1.37E1,-1.5E0,-1.55E0));
#10141=DIRECTION('',(-1.E0,0.E0,0.E0));
#10142=DIRECTION('',(0.E0,1.E0,0.E0));
#10143=AXIS2_PLACEMENT_3D('',#10140,#10141,#10142);
#10144=PLANE('',#10143);
#10145=ORIENTED_EDGE('',*,*,#6461,.F.);
#10147=ORIENTED_EDGE('',*,*,#10146,.F.);
#10149=ORIENTED_EDGE('',*,*,#10148,.T.);
#10150=ORIENTED_EDGE('',*,*,#10132,.T.);
#10151=EDGE_LOOP('',(#10145,#10147,#10149,#10150));
#10152=FACE_OUTER_BOUND('',#10151,.F.);
#10153=ADVANCED_FACE('',(#10152),#10144,.T.);
#10154=CARTESIAN_POINT('',(-1.2E1,-1.5E0,-1.55E0));
#10155=DIRECTION('',(0.E0,-1.E0,0.E0));
#10156=DIRECTION('',(-1.E0,0.E0,0.E0));
#10157=AXIS2_PLACEMENT_3D('',#10154,#10155,#10156);
#10158=PLANE('',#10157);
#10159=ORIENTED_EDGE('',*,*,#6459,.F.);
#10160=ORIENTED_EDGE('',*,*,#10121,.F.);
#10162=ORIENTED_EDGE('',*,*,#10161,.T.);
#10163=ORIENTED_EDGE('',*,*,#10146,.T.);
#10164=EDGE_LOOP('',(#10159,#10160,#10162,#10163));
#10165=FACE_OUTER_BOUND('',#10164,.F.);
#10166=ADVANCED_FACE('',(#10165),#10158,.T.);
#10167=CARTESIAN_POINT('',(0.E0,1.450093584061E1,-1.55E0));
#10168=DIRECTION('',(0.E0,0.E0,-1.E0));
#10169=DIRECTION('',(-1.E0,0.E0,0.E0));
#10170=AXIS2_PLACEMENT_3D('',#10167,#10168,#10169);
#10171=PLANE('',#10170);
#10172=ORIENTED_EDGE('',*,*,#10119,.F.);
#10173=ORIENTED_EDGE('',*,*,#10134,.F.);
#10174=ORIENTED_EDGE('',*,*,#10148,.F.);
#10175=ORIENTED_EDGE('',*,*,#10161,.F.);
#10176=EDGE_LOOP('',(#10172,#10173,#10174,#10175));
#10177=FACE_OUTER_BOUND('',#10176,.F.);
#10178=ADVANCED_FACE('',(#10177),#10171,.T.);
#10179=CARTESIAN_POINT('',(0.E0,1.450093584061E1,-1.55E0));
#10180=DIRECTION('',(0.E0,0.E0,-1.E0));
#10181=DIRECTION('',(-1.E0,0.E0,0.E0));
#10182=AXIS2_PLACEMENT_3D('',#10179,#10180,#10181);
#10183=PLANE('',#10182);
#10185=ORIENTED_EDGE('',*,*,#10184,.F.);
#10187=ORIENTED_EDGE('',*,*,#10186,.F.);
#10189=ORIENTED_EDGE('',*,*,#10188,.F.);
#10191=ORIENTED_EDGE('',*,*,#10190,.F.);
#10192=EDGE_LOOP('',(#10185,#10187,#10189,#10191));
#10193=FACE_OUTER_BOUND('',#10192,.F.);
#10194=ADVANCED_FACE('',(#10193),#10183,.T.);
#10195=CARTESIAN_POINT('',(-6.7E0,-7.E-1,-1.55E0));
#10196=DIRECTION('',(1.E0,0.E0,0.E0));
#10197=DIRECTION('',(0.E0,-1.E0,0.E0));
#10198=AXIS2_PLACEMENT_3D('',#10195,#10196,#10197);
#10199=PLANE('',#10198);
#10200=ORIENTED_EDGE('',*,*,#6467,.F.);
#10202=ORIENTED_EDGE('',*,*,#10201,.F.);
#10203=ORIENTED_EDGE('',*,*,#10184,.T.);
#10205=ORIENTED_EDGE('',*,*,#10204,.T.);
#10206=EDGE_LOOP('',(#10200,#10202,#10203,#10205));
#10207=FACE_OUTER_BOUND('',#10206,.F.);
#10208=ADVANCED_FACE('',(#10207),#10199,.T.);
#10209=CARTESIAN_POINT('',(-8.4E0,-7.E-1,-1.55E0));
#10210=DIRECTION('',(0.E0,1.E0,0.E0));
#10211=DIRECTION('',(1.E0,0.E0,0.E0));
#10212=AXIS2_PLACEMENT_3D('',#10209,#10210,#10211);
#10213=PLANE('',#10212);
#10214=ORIENTED_EDGE('',*,*,#6473,.F.);
#10216=ORIENTED_EDGE('',*,*,#10215,.F.);
#10217=ORIENTED_EDGE('',*,*,#10186,.T.);
#10218=ORIENTED_EDGE('',*,*,#10201,.T.);
#10219=EDGE_LOOP('',(#10214,#10216,#10217,#10218));
#10220=FACE_OUTER_BOUND('',#10219,.F.);
#10221=ADVANCED_FACE('',(#10220),#10213,.T.);
#10222=CARTESIAN_POINT('',(-8.4E0,-1.5E0,-1.55E0));
#10223=DIRECTION('',(-1.E0,0.E0,0.E0));
#10224=DIRECTION('',(0.E0,1.E0,0.E0));
#10225=AXIS2_PLACEMENT_3D('',#10222,#10223,#10224);
#10226=PLANE('',#10225);
#10227=ORIENTED_EDGE('',*,*,#6471,.F.);
#10229=ORIENTED_EDGE('',*,*,#10228,.F.);
#10230=ORIENTED_EDGE('',*,*,#10188,.T.);
#10231=ORIENTED_EDGE('',*,*,#10215,.T.);
#10232=EDGE_LOOP('',(#10227,#10229,#10230,#10231));
#10233=FACE_OUTER_BOUND('',#10232,.F.);
#10234=ADVANCED_FACE('',(#10233),#10226,.T.);
#10235=CARTESIAN_POINT('',(-6.7E0,-1.5E0,-1.55E0));
#10236=DIRECTION('',(0.E0,-1.E0,0.E0));
#10237=DIRECTION('',(-1.E0,0.E0,0.E0));
#10238=AXIS2_PLACEMENT_3D('',#10235,#10236,#10237);
#10239=PLANE('',#10238);
#10240=ORIENTED_EDGE('',*,*,#6469,.F.);
#10241=ORIENTED_EDGE('',*,*,#10204,.F.);
#10242=ORIENTED_EDGE('',*,*,#10190,.T.);
#10243=ORIENTED_EDGE('',*,*,#10228,.T.);
#10244=EDGE_LOOP('',(#10240,#10241,#10242,#10243));
#10245=FACE_OUTER_BOUND('',#10244,.F.);
#10246=ADVANCED_FACE('',(#10245),#10239,.T.);
#10247=CARTESIAN_POINT('',(-3.7E0,-7.E-1,-1.55E0));
#10248=DIRECTION('',(1.E0,0.E0,0.E0));
#10249=DIRECTION('',(0.E0,-1.E0,0.E0));
#10250=AXIS2_PLACEMENT_3D('',#10247,#10248,#10249);
#10251=PLANE('',#10250);
#10252=ORIENTED_EDGE('',*,*,#6477,.F.);
#10254=ORIENTED_EDGE('',*,*,#10253,.F.);
#10256=ORIENTED_EDGE('',*,*,#10255,.T.);
#10258=ORIENTED_EDGE('',*,*,#10257,.T.);
#10259=EDGE_LOOP('',(#10252,#10254,#10256,#10258));
#10260=FACE_OUTER_BOUND('',#10259,.F.);
#10261=ADVANCED_FACE('',(#10260),#10251,.T.);
#10262=CARTESIAN_POINT('',(-5.4E0,-7.E-1,-1.55E0));
#10263=DIRECTION('',(0.E0,1.E0,0.E0));
#10264=DIRECTION('',(1.E0,0.E0,0.E0));
#10265=AXIS2_PLACEMENT_3D('',#10262,#10263,#10264);
#10266=PLANE('',#10265);
#10267=ORIENTED_EDGE('',*,*,#6483,.F.);
#10269=ORIENTED_EDGE('',*,*,#10268,.F.);
#10271=ORIENTED_EDGE('',*,*,#10270,.T.);
#10272=ORIENTED_EDGE('',*,*,#10253,.T.);
#10273=EDGE_LOOP('',(#10267,#10269,#10271,#10272));
#10274=FACE_OUTER_BOUND('',#10273,.F.);
#10275=ADVANCED_FACE('',(#10274),#10266,.T.);
#10276=CARTESIAN_POINT('',(-5.4E0,-1.5E0,-1.55E0));
#10277=DIRECTION('',(-1.E0,0.E0,0.E0));
#10278=DIRECTION('',(0.E0,1.E0,0.E0));
#10279=AXIS2_PLACEMENT_3D('',#10276,#10277,#10278);
#10280=PLANE('',#10279);
#10281=ORIENTED_EDGE('',*,*,#6481,.F.);
#10283=ORIENTED_EDGE('',*,*,#10282,.F.);
#10285=ORIENTED_EDGE('',*,*,#10284,.T.);
#10286=ORIENTED_EDGE('',*,*,#10268,.T.);
#10287=EDGE_LOOP('',(#10281,#10283,#10285,#10286));
#10288=FACE_OUTER_BOUND('',#10287,.F.);
#10289=ADVANCED_FACE('',(#10288),#10280,.T.);
#10290=CARTESIAN_POINT('',(-3.7E0,-1.5E0,-1.55E0));
#10291=DIRECTION('',(0.E0,-1.E0,0.E0));
#10292=DIRECTION('',(-1.E0,0.E0,0.E0));
#10293=AXIS2_PLACEMENT_3D('',#10290,#10291,#10292);
#10294=PLANE('',#10293);
#10295=ORIENTED_EDGE('',*,*,#6479,.F.);
#10296=ORIENTED_EDGE('',*,*,#10257,.F.);
#10298=ORIENTED_EDGE('',*,*,#10297,.T.);
#10299=ORIENTED_EDGE('',*,*,#10282,.T.);
#10300=EDGE_LOOP('',(#10295,#10296,#10298,#10299));
#10301=FACE_OUTER_BOUND('',#10300,.F.);
#10302=ADVANCED_FACE('',(#10301),#10294,.T.);
#10303=CARTESIAN_POINT('',(0.E0,1.450093584061E1,-1.55E0));
#10304=DIRECTION('',(0.E0,0.E0,-1.E0));
#10305=DIRECTION('',(-1.E0,0.E0,0.E0));
#10306=AXIS2_PLACEMENT_3D('',#10303,#10304,#10305);
#10307=PLANE('',#10306);
#10308=ORIENTED_EDGE('',*,*,#10255,.F.);
#10309=ORIENTED_EDGE('',*,*,#10270,.F.);
#10310=ORIENTED_EDGE('',*,*,#10284,.F.);
#10311=ORIENTED_EDGE('',*,*,#10297,.F.);
#10312=EDGE_LOOP('',(#10308,#10309,#10310,#10311));
#10313=FACE_OUTER_BOUND('',#10312,.F.);
#10314=ADVANCED_FACE('',(#10313),#10307,.T.);
#10315=CARTESIAN_POINT('',(0.E0,1.450093584061E1,-1.55E0));
#10316=DIRECTION('',(0.E0,0.E0,-1.E0));
#10317=DIRECTION('',(-1.E0,0.E0,0.E0));
#10318=AXIS2_PLACEMENT_3D('',#10315,#10316,#10317);
#10319=PLANE('',#10318);
#10321=ORIENTED_EDGE('',*,*,#10320,.F.);
#10323=ORIENTED_EDGE('',*,*,#10322,.F.);
#10325=ORIENTED_EDGE('',*,*,#10324,.F.);
#10327=ORIENTED_EDGE('',*,*,#10326,.F.);
#10328=EDGE_LOOP('',(#10321,#10323,#10325,#10327));
#10329=FACE_OUTER_BOUND('',#10328,.F.);
#10330=ADVANCED_FACE('',(#10329),#10319,.T.);
#10331=CARTESIAN_POINT('',(0.E0,1.450093584061E1,-1.55E0));
#10332=DIRECTION('',(0.E0,0.E0,-1.E0));
#10333=DIRECTION('',(-1.E0,0.E0,0.E0));
#10334=AXIS2_PLACEMENT_3D('',#10331,#10332,#10333);
#10335=PLANE('',#10334);
#10337=ORIENTED_EDGE('',*,*,#10336,.F.);
#10339=ORIENTED_EDGE('',*,*,#10338,.F.);
#10341=ORIENTED_EDGE('',*,*,#10340,.F.);
#10343=ORIENTED_EDGE('',*,*,#10342,.F.);
#10344=EDGE_LOOP('',(#10337,#10339,#10341,#10343));
#10345=FACE_OUTER_BOUND('',#10344,.F.);
#10346=ADVANCED_FACE('',(#10345),#10335,.T.);
#10347=CARTESIAN_POINT('',(0.E0,1.450093584061E1,-1.55E0));
#10348=DIRECTION('',(0.E0,0.E0,-1.E0));
#10349=DIRECTION('',(-1.E0,0.E0,0.E0));
#10350=AXIS2_PLACEMENT_3D('',#10347,#10348,#10349);
#10351=PLANE('',#10350);
#10353=ORIENTED_EDGE('',*,*,#10352,.F.);
#10355=ORIENTED_EDGE('',*,*,#10354,.F.);
#10357=ORIENTED_EDGE('',*,*,#10356,.F.);
#10359=ORIENTED_EDGE('',*,*,#10358,.F.);
#10360=EDGE_LOOP('',(#10353,#10355,#10357,#10359));
#10361=FACE_OUTER_BOUND('',#10360,.F.);
#10362=ADVANCED_FACE('',(#10361),#10351,.T.);
#10363=CARTESIAN_POINT('',(0.E0,1.450093584061E1,-1.55E0));
#10364=DIRECTION('',(0.E0,0.E0,-1.E0));
#10365=DIRECTION('',(-1.E0,0.E0,0.E0));
#10366=AXIS2_PLACEMENT_3D('',#10363,#10364,#10365);
#10367=PLANE('',#10366);
#10369=ORIENTED_EDGE('',*,*,#10368,.F.);
#10371=ORIENTED_EDGE('',*,*,#10370,.F.);
#10373=ORIENTED_EDGE('',*,*,#10372,.F.);
#10375=ORIENTED_EDGE('',*,*,#10374,.F.);
#10376=EDGE_LOOP('',(#10369,#10371,#10373,#10375));
#10377=FACE_OUTER_BOUND('',#10376,.F.);
#10378=ADVANCED_FACE('',(#10377),#10367,.T.);
#10379=CARTESIAN_POINT('',(0.E0,1.450093584061E1,-1.55E0));
#10380=DIRECTION('',(0.E0,0.E0,-1.E0));
#10381=DIRECTION('',(-1.E0,0.E0,0.E0));
#10382=AXIS2_PLACEMENT_3D('',#10379,#10380,#10381);
#10383=PLANE('',#10382);
#10385=ORIENTED_EDGE('',*,*,#10384,.F.);
#10387=ORIENTED_EDGE('',*,*,#10386,.F.);
#10389=ORIENTED_EDGE('',*,*,#10388,.F.);
#10391=ORIENTED_EDGE('',*,*,#10390,.F.);
#10392=EDGE_LOOP('',(#10385,#10387,#10389,#10391));
#10393=FACE_OUTER_BOUND('',#10392,.F.);
#10394=ADVANCED_FACE('',(#10393),#10383,.T.);
#10395=CARTESIAN_POINT('',(0.E0,1.450093584061E1,-1.55E0));
#10396=DIRECTION('',(0.E0,0.E0,-1.E0));
#10397=DIRECTION('',(-1.E0,0.E0,0.E0));
#10398=AXIS2_PLACEMENT_3D('',#10395,#10396,#10397);
#10399=PLANE('',#10398);
#10401=ORIENTED_EDGE('',*,*,#10400,.F.);
#10403=ORIENTED_EDGE('',*,*,#10402,.F.);
#10405=ORIENTED_EDGE('',*,*,#10404,.F.);
#10407=ORIENTED_EDGE('',*,*,#10406,.F.);
#10408=EDGE_LOOP('',(#10401,#10403,#10405,#10407));
#10409=FACE_OUTER_BOUND('',#10408,.F.);
#10410=ADVANCED_FACE('',(#10409),#10399,.T.);
#10411=CARTESIAN_POINT('',(0.E0,1.450093584061E1,-1.55E0));
#10412=DIRECTION('',(0.E0,0.E0,-1.E0));
#10413=DIRECTION('',(-1.E0,0.E0,0.E0));
#10414=AXIS2_PLACEMENT_3D('',#10411,#10412,#10413);
#10415=PLANE('',#10414);
#10417=ORIENTED_EDGE('',*,*,#10416,.F.);
#10419=ORIENTED_EDGE('',*,*,#10418,.F.);
#10421=ORIENTED_EDGE('',*,*,#10420,.F.);
#10423=ORIENTED_EDGE('',*,*,#10422,.F.);
#10424=EDGE_LOOP('',(#10417,#10419,#10421,#10423));
#10425=FACE_OUTER_BOUND('',#10424,.F.);
#10426=ADVANCED_FACE('',(#10425),#10415,.T.);
#10427=CARTESIAN_POINT('',(0.E0,1.450093584061E1,-1.55E0));
#10428=DIRECTION('',(0.E0,0.E0,-1.E0));
#10429=DIRECTION('',(-1.E0,0.E0,0.E0));
#10430=AXIS2_PLACEMENT_3D('',#10427,#10428,#10429);
#10431=PLANE('',#10430);
#10433=ORIENTED_EDGE('',*,*,#10432,.F.);
#10435=ORIENTED_EDGE('',*,*,#10434,.F.);
#10437=ORIENTED_EDGE('',*,*,#10436,.F.);
#10439=ORIENTED_EDGE('',*,*,#10438,.F.);
#10440=EDGE_LOOP('',(#10433,#10435,#10437,#10439));
#10441=FACE_OUTER_BOUND('',#10440,.F.);
#10442=ADVANCED_FACE('',(#10441),#10431,.T.);
#10443=CARTESIAN_POINT('',(0.E0,1.450093584061E1,-1.55E0));
#10444=DIRECTION('',(0.E0,0.E0,-1.E0));
#10445=DIRECTION('',(-1.E0,0.E0,0.E0));
#10446=AXIS2_PLACEMENT_3D('',#10443,#10444,#10445);
#10447=PLANE('',#10446);
#10449=ORIENTED_EDGE('',*,*,#10448,.F.);
#10451=ORIENTED_EDGE('',*,*,#10450,.F.);
#10453=ORIENTED_EDGE('',*,*,#10452,.F.);
#10455=ORIENTED_EDGE('',*,*,#10454,.F.);
#10456=EDGE_LOOP('',(#10449,#10451,#10453,#10455));
#10457=FACE_OUTER_BOUND('',#10456,.F.);
#10458=ADVANCED_FACE('',(#10457),#10447,.T.);
#10459=CARTESIAN_POINT('',(0.E0,1.450093584061E1,-1.55E0));
#10460=DIRECTION('',(0.E0,0.E0,-1.E0));
#10461=DIRECTION('',(-1.E0,0.E0,0.E0));
#10462=AXIS2_PLACEMENT_3D('',#10459,#10460,#10461);
#10463=PLANE('',#10462);
#10465=ORIENTED_EDGE('',*,*,#10464,.F.);
#10467=ORIENTED_EDGE('',*,*,#10466,.F.);
#10469=ORIENTED_EDGE('',*,*,#10468,.F.);
#10471=ORIENTED_EDGE('',*,*,#10470,.F.);
#10472=EDGE_LOOP('',(#10465,#10467,#10469,#10471));
#10473=FACE_OUTER_BOUND('',#10472,.F.);
#10474=ADVANCED_FACE('',(#10473),#10463,.T.);
#10475=CARTESIAN_POINT('',(0.E0,1.450093584061E1,-1.55E0));
#10476=DIRECTION('',(0.E0,0.E0,-1.E0));
#10477=DIRECTION('',(-1.E0,0.E0,0.E0));
#10478=AXIS2_PLACEMENT_3D('',#10475,#10476,#10477);
#10479=PLANE('',#10478);
#10481=ORIENTED_EDGE('',*,*,#10480,.F.);
#10483=ORIENTED_EDGE('',*,*,#10482,.F.);
#10485=ORIENTED_EDGE('',*,*,#10484,.F.);
#10487=ORIENTED_EDGE('',*,*,#10486,.F.);
#10488=EDGE_LOOP('',(#10481,#10483,#10485,#10487));
#10489=FACE_OUTER_BOUND('',#10488,.F.);
#10490=ADVANCED_FACE('',(#10489),#10479,.T.);
#10491=CARTESIAN_POINT('',(0.E0,1.450093584061E1,-1.55E0));
#10492=DIRECTION('',(0.E0,0.E0,-1.E0));
#10493=DIRECTION('',(-1.E0,0.E0,0.E0));
#10494=AXIS2_PLACEMENT_3D('',#10491,#10492,#10493);
#10495=PLANE('',#10494);
#10497=ORIENTED_EDGE('',*,*,#10496,.F.);
#10499=ORIENTED_EDGE('',*,*,#10498,.F.);
#10501=ORIENTED_EDGE('',*,*,#10500,.F.);
#10503=ORIENTED_EDGE('',*,*,#10502,.F.);
#10504=EDGE_LOOP('',(#10497,#10499,#10501,#10503));
#10505=FACE_OUTER_BOUND('',#10504,.F.);
#10506=ADVANCED_FACE('',(#10505),#10495,.T.);
#10507=CARTESIAN_POINT('',(0.E0,1.450093584061E1,-1.55E0));
#10508=DIRECTION('',(0.E0,0.E0,-1.E0));
#10509=DIRECTION('',(-1.E0,0.E0,0.E0));
#10510=AXIS2_PLACEMENT_3D('',#10507,#10508,#10509);
#10511=PLANE('',#10510);
#10513=ORIENTED_EDGE('',*,*,#10512,.F.);
#10515=ORIENTED_EDGE('',*,*,#10514,.F.);
#10517=ORIENTED_EDGE('',*,*,#10516,.F.);
#10519=ORIENTED_EDGE('',*,*,#10518,.F.);
#10520=EDGE_LOOP('',(#10513,#10515,#10517,#10519));
#10521=FACE_OUTER_BOUND('',#10520,.F.);
#10522=ADVANCED_FACE('',(#10521),#10511,.T.);
#10523=CARTESIAN_POINT('',(-3.7E0,-2.5E0,-1.55E0));
#10524=DIRECTION('',(1.E0,0.E0,0.E0));
#10525=DIRECTION('',(0.E0,-1.E0,0.E0));
#10526=AXIS2_PLACEMENT_3D('',#10523,#10524,#10525);
#10527=PLANE('',#10526);
#10528=ORIENTED_EDGE('',*,*,#6487,.F.);
#10530=ORIENTED_EDGE('',*,*,#10529,.F.);
#10531=ORIENTED_EDGE('',*,*,#10320,.T.);
#10533=ORIENTED_EDGE('',*,*,#10532,.T.);
#10534=EDGE_LOOP('',(#10528,#10530,#10531,#10533));
#10535=FACE_OUTER_BOUND('',#10534,.F.);
#10536=ADVANCED_FACE('',(#10535),#10527,.T.);
#10537=CARTESIAN_POINT('',(-5.4E0,-2.5E0,-1.55E0));
#10538=DIRECTION('',(0.E0,1.E0,0.E0));
#10539=DIRECTION('',(1.E0,0.E0,0.E0));
#10540=AXIS2_PLACEMENT_3D('',#10537,#10538,#10539);
#10541=PLANE('',#10540);
#10542=ORIENTED_EDGE('',*,*,#6493,.F.);
#10544=ORIENTED_EDGE('',*,*,#10543,.F.);
#10545=ORIENTED_EDGE('',*,*,#10322,.T.);
#10546=ORIENTED_EDGE('',*,*,#10529,.T.);
#10547=EDGE_LOOP('',(#10542,#10544,#10545,#10546));
#10548=FACE_OUTER_BOUND('',#10547,.F.);
#10549=ADVANCED_FACE('',(#10548),#10541,.T.);
#10550=CARTESIAN_POINT('',(-5.4E0,-3.3E0,-1.55E0));
#10551=DIRECTION('',(-1.E0,0.E0,0.E0));
#10552=DIRECTION('',(0.E0,1.E0,0.E0));
#10553=AXIS2_PLACEMENT_3D('',#10550,#10551,#10552);
#10554=PLANE('',#10553);
#10555=ORIENTED_EDGE('',*,*,#6491,.F.);
#10557=ORIENTED_EDGE('',*,*,#10556,.F.);
#10558=ORIENTED_EDGE('',*,*,#10324,.T.);
#10559=ORIENTED_EDGE('',*,*,#10543,.T.);
#10560=EDGE_LOOP('',(#10555,#10557,#10558,#10559));
#10561=FACE_OUTER_BOUND('',#10560,.F.);
#10562=ADVANCED_FACE('',(#10561),#10554,.T.);
#10563=CARTESIAN_POINT('',(-3.7E0,-3.3E0,-1.55E0));
#10564=DIRECTION('',(0.E0,-1.E0,0.E0));
#10565=DIRECTION('',(-1.E0,0.E0,0.E0));
#10566=AXIS2_PLACEMENT_3D('',#10563,#10564,#10565);
#10567=PLANE('',#10566);
#10568=ORIENTED_EDGE('',*,*,#6489,.F.);
#10569=ORIENTED_EDGE('',*,*,#10532,.F.);
#10570=ORIENTED_EDGE('',*,*,#10326,.T.);
#10571=ORIENTED_EDGE('',*,*,#10556,.T.);
#10572=EDGE_LOOP('',(#10568,#10569,#10570,#10571));
#10573=FACE_OUTER_BOUND('',#10572,.F.);
#10574=ADVANCED_FACE('',(#10573),#10567,.T.);
#10575=CARTESIAN_POINT('',(-3.7E0,-4.3E0,-1.55E0));
#10576=DIRECTION('',(1.E0,0.E0,0.E0));
#10577=DIRECTION('',(0.E0,-1.E0,0.E0));
#10578=AXIS2_PLACEMENT_3D('',#10575,#10576,#10577);
#10579=PLANE('',#10578);
#10580=ORIENTED_EDGE('',*,*,#6497,.F.);
#10582=ORIENTED_EDGE('',*,*,#10581,.F.);
#10583=ORIENTED_EDGE('',*,*,#10336,.T.);
#10585=ORIENTED_EDGE('',*,*,#10584,.T.);
#10586=EDGE_LOOP('',(#10580,#10582,#10583,#10585));
#10587=FACE_OUTER_BOUND('',#10586,.F.);
#10588=ADVANCED_FACE('',(#10587),#10579,.T.);
#10589=CARTESIAN_POINT('',(-5.4E0,-4.3E0,-1.55E0));
#10590=DIRECTION('',(0.E0,1.E0,0.E0));
#10591=DIRECTION('',(1.E0,0.E0,0.E0));
#10592=AXIS2_PLACEMENT_3D('',#10589,#10590,#10591);
#10593=PLANE('',#10592);
#10594=ORIENTED_EDGE('',*,*,#6503,.F.);
#10596=ORIENTED_EDGE('',*,*,#10595,.F.);
#10597=ORIENTED_EDGE('',*,*,#10338,.T.);
#10598=ORIENTED_EDGE('',*,*,#10581,.T.);
#10599=EDGE_LOOP('',(#10594,#10596,#10597,#10598));
#10600=FACE_OUTER_BOUND('',#10599,.F.);
#10601=ADVANCED_FACE('',(#10600),#10593,.T.);
#10602=CARTESIAN_POINT('',(-5.4E0,-5.1E0,-1.55E0));
#10603=DIRECTION('',(-1.E0,0.E0,0.E0));
#10604=DIRECTION('',(0.E0,1.E0,0.E0));
#10605=AXIS2_PLACEMENT_3D('',#10602,#10603,#10604);
#10606=PLANE('',#10605);
#10607=ORIENTED_EDGE('',*,*,#6501,.F.);
#10609=ORIENTED_EDGE('',*,*,#10608,.F.);
#10610=ORIENTED_EDGE('',*,*,#10340,.T.);
#10611=ORIENTED_EDGE('',*,*,#10595,.T.);
#10612=EDGE_LOOP('',(#10607,#10609,#10610,#10611));
#10613=FACE_OUTER_BOUND('',#10612,.F.);
#10614=ADVANCED_FACE('',(#10613),#10606,.T.);
#10615=CARTESIAN_POINT('',(-3.7E0,-5.1E0,-1.55E0));
#10616=DIRECTION('',(0.E0,-1.E0,0.E0));
#10617=DIRECTION('',(-1.E0,0.E0,0.E0));
#10618=AXIS2_PLACEMENT_3D('',#10615,#10616,#10617);
#10619=PLANE('',#10618);
#10620=ORIENTED_EDGE('',*,*,#6499,.F.);
#10621=ORIENTED_EDGE('',*,*,#10584,.F.);
#10622=ORIENTED_EDGE('',*,*,#10342,.T.);
#10623=ORIENTED_EDGE('',*,*,#10608,.T.);
#10624=EDGE_LOOP('',(#10620,#10621,#10622,#10623));
#10625=FACE_OUTER_BOUND('',#10624,.F.);
#10626=ADVANCED_FACE('',(#10625),#10619,.T.);
#10627=CARTESIAN_POINT('',(-3.7E0,-6.1E0,-1.55E0));
#10628=DIRECTION('',(1.E0,0.E0,0.E0));
#10629=DIRECTION('',(0.E0,-1.E0,0.E0));
#10630=AXIS2_PLACEMENT_3D('',#10627,#10628,#10629);
#10631=PLANE('',#10630);
#10632=ORIENTED_EDGE('',*,*,#6507,.F.);
#10634=ORIENTED_EDGE('',*,*,#10633,.F.);
#10635=ORIENTED_EDGE('',*,*,#10352,.T.);
#10637=ORIENTED_EDGE('',*,*,#10636,.T.);
#10638=EDGE_LOOP('',(#10632,#10634,#10635,#10637));
#10639=FACE_OUTER_BOUND('',#10638,.F.);
#10640=ADVANCED_FACE('',(#10639),#10631,.T.);
#10641=CARTESIAN_POINT('',(-5.4E0,-6.1E0,-1.55E0));
#10642=DIRECTION('',(0.E0,1.E0,0.E0));
#10643=DIRECTION('',(1.E0,0.E0,0.E0));
#10644=AXIS2_PLACEMENT_3D('',#10641,#10642,#10643);
#10645=PLANE('',#10644);
#10646=ORIENTED_EDGE('',*,*,#6513,.F.);
#10648=ORIENTED_EDGE('',*,*,#10647,.F.);
#10649=ORIENTED_EDGE('',*,*,#10354,.T.);
#10650=ORIENTED_EDGE('',*,*,#10633,.T.);
#10651=EDGE_LOOP('',(#10646,#10648,#10649,#10650));
#10652=FACE_OUTER_BOUND('',#10651,.F.);
#10653=ADVANCED_FACE('',(#10652),#10645,.T.);
#10654=CARTESIAN_POINT('',(-5.4E0,-6.9E0,-1.55E0));
#10655=DIRECTION('',(-1.E0,0.E0,0.E0));
#10656=DIRECTION('',(0.E0,1.E0,0.E0));
#10657=AXIS2_PLACEMENT_3D('',#10654,#10655,#10656);
#10658=PLANE('',#10657);
#10659=ORIENTED_EDGE('',*,*,#6511,.F.);
#10661=ORIENTED_EDGE('',*,*,#10660,.F.);
#10662=ORIENTED_EDGE('',*,*,#10356,.T.);
#10663=ORIENTED_EDGE('',*,*,#10647,.T.);
#10664=EDGE_LOOP('',(#10659,#10661,#10662,#10663));
#10665=FACE_OUTER_BOUND('',#10664,.F.);
#10666=ADVANCED_FACE('',(#10665),#10658,.T.);
#10667=CARTESIAN_POINT('',(-3.7E0,-6.9E0,-1.55E0));
#10668=DIRECTION('',(0.E0,-1.E0,0.E0));
#10669=DIRECTION('',(-1.E0,0.E0,0.E0));
#10670=AXIS2_PLACEMENT_3D('',#10667,#10668,#10669);
#10671=PLANE('',#10670);
#10672=ORIENTED_EDGE('',*,*,#6509,.F.);
#10673=ORIENTED_EDGE('',*,*,#10636,.F.);
#10674=ORIENTED_EDGE('',*,*,#10358,.T.);
#10675=ORIENTED_EDGE('',*,*,#10660,.T.);
#10676=EDGE_LOOP('',(#10672,#10673,#10674,#10675));
#10677=FACE_OUTER_BOUND('',#10676,.F.);
#10678=ADVANCED_FACE('',(#10677),#10671,.T.);
#10679=CARTESIAN_POINT('',(-3.7E0,-7.9E0,-1.55E0));
#10680=DIRECTION('',(1.E0,0.E0,0.E0));
#10681=DIRECTION('',(0.E0,-1.E0,0.E0));
#10682=AXIS2_PLACEMENT_3D('',#10679,#10680,#10681);
#10683=PLANE('',#10682);
#10684=ORIENTED_EDGE('',*,*,#6517,.F.);
#10686=ORIENTED_EDGE('',*,*,#10685,.F.);
#10687=ORIENTED_EDGE('',*,*,#10368,.T.);
#10689=ORIENTED_EDGE('',*,*,#10688,.T.);
#10690=EDGE_LOOP('',(#10684,#10686,#10687,#10689));
#10691=FACE_OUTER_BOUND('',#10690,.F.);
#10692=ADVANCED_FACE('',(#10691),#10683,.T.);
#10693=CARTESIAN_POINT('',(-5.4E0,-7.9E0,-1.55E0));
#10694=DIRECTION('',(0.E0,1.E0,0.E0));
#10695=DIRECTION('',(1.E0,0.E0,0.E0));
#10696=AXIS2_PLACEMENT_3D('',#10693,#10694,#10695);
#10697=PLANE('',#10696);
#10698=ORIENTED_EDGE('',*,*,#6523,.F.);
#10700=ORIENTED_EDGE('',*,*,#10699,.F.);
#10701=ORIENTED_EDGE('',*,*,#10370,.T.);
#10702=ORIENTED_EDGE('',*,*,#10685,.T.);
#10703=EDGE_LOOP('',(#10698,#10700,#10701,#10702));
#10704=FACE_OUTER_BOUND('',#10703,.F.);
#10705=ADVANCED_FACE('',(#10704),#10697,.T.);
#10706=CARTESIAN_POINT('',(-5.4E0,-8.7E0,-1.55E0));
#10707=DIRECTION('',(-1.E0,0.E0,0.E0));
#10708=DIRECTION('',(0.E0,1.E0,0.E0));
#10709=AXIS2_PLACEMENT_3D('',#10706,#10707,#10708);
#10710=PLANE('',#10709);
#10711=ORIENTED_EDGE('',*,*,#6521,.F.);
#10713=ORIENTED_EDGE('',*,*,#10712,.F.);
#10714=ORIENTED_EDGE('',*,*,#10372,.T.);
#10715=ORIENTED_EDGE('',*,*,#10699,.T.);
#10716=EDGE_LOOP('',(#10711,#10713,#10714,#10715));
#10717=FACE_OUTER_BOUND('',#10716,.F.);
#10718=ADVANCED_FACE('',(#10717),#10710,.T.);
#10719=CARTESIAN_POINT('',(-3.7E0,-8.7E0,-1.55E0));
#10720=DIRECTION('',(0.E0,-1.E0,0.E0));
#10721=DIRECTION('',(-1.E0,0.E0,0.E0));
#10722=AXIS2_PLACEMENT_3D('',#10719,#10720,#10721);
#10723=PLANE('',#10722);
#10724=ORIENTED_EDGE('',*,*,#6519,.F.);
#10725=ORIENTED_EDGE('',*,*,#10688,.F.);
#10726=ORIENTED_EDGE('',*,*,#10374,.T.);
#10727=ORIENTED_EDGE('',*,*,#10712,.T.);
#10728=EDGE_LOOP('',(#10724,#10725,#10726,#10727));
#10729=FACE_OUTER_BOUND('',#10728,.F.);
#10730=ADVANCED_FACE('',(#10729),#10723,.T.);
#10731=CARTESIAN_POINT('',(-3.7E0,-9.7E0,-1.55E0));
#10732=DIRECTION('',(1.E0,0.E0,0.E0));
#10733=DIRECTION('',(0.E0,-1.E0,0.E0));
#10734=AXIS2_PLACEMENT_3D('',#10731,#10732,#10733);
#10735=PLANE('',#10734);
#10736=ORIENTED_EDGE('',*,*,#6527,.F.);
#10738=ORIENTED_EDGE('',*,*,#10737,.F.);
#10739=ORIENTED_EDGE('',*,*,#10384,.T.);
#10741=ORIENTED_EDGE('',*,*,#10740,.T.);
#10742=EDGE_LOOP('',(#10736,#10738,#10739,#10741));
#10743=FACE_OUTER_BOUND('',#10742,.F.);
#10744=ADVANCED_FACE('',(#10743),#10735,.T.);
#10745=CARTESIAN_POINT('',(-5.4E0,-9.7E0,-1.55E0));
#10746=DIRECTION('',(0.E0,1.E0,0.E0));
#10747=DIRECTION('',(1.E0,0.E0,0.E0));
#10748=AXIS2_PLACEMENT_3D('',#10745,#10746,#10747);
#10749=PLANE('',#10748);
#10750=ORIENTED_EDGE('',*,*,#6533,.F.);
#10752=ORIENTED_EDGE('',*,*,#10751,.F.);
#10753=ORIENTED_EDGE('',*,*,#10386,.T.);
#10754=ORIENTED_EDGE('',*,*,#10737,.T.);
#10755=EDGE_LOOP('',(#10750,#10752,#10753,#10754));
#10756=FACE_OUTER_BOUND('',#10755,.F.);
#10757=ADVANCED_FACE('',(#10756),#10749,.T.);
#10758=CARTESIAN_POINT('',(-5.4E0,-1.05E1,-1.55E0));
#10759=DIRECTION('',(-1.E0,0.E0,0.E0));
#10760=DIRECTION('',(0.E0,1.E0,0.E0));
#10761=AXIS2_PLACEMENT_3D('',#10758,#10759,#10760);
#10762=PLANE('',#10761);
#10763=ORIENTED_EDGE('',*,*,#6531,.F.);
#10765=ORIENTED_EDGE('',*,*,#10764,.F.);
#10766=ORIENTED_EDGE('',*,*,#10388,.T.);
#10767=ORIENTED_EDGE('',*,*,#10751,.T.);
#10768=EDGE_LOOP('',(#10763,#10765,#10766,#10767));
#10769=FACE_OUTER_BOUND('',#10768,.F.);
#10770=ADVANCED_FACE('',(#10769),#10762,.T.);
#10771=CARTESIAN_POINT('',(-3.7E0,-1.05E1,-1.55E0));
#10772=DIRECTION('',(0.E0,-1.E0,0.E0));
#10773=DIRECTION('',(-1.E0,0.E0,0.E0));
#10774=AXIS2_PLACEMENT_3D('',#10771,#10772,#10773);
#10775=PLANE('',#10774);
#10776=ORIENTED_EDGE('',*,*,#6529,.F.);
#10777=ORIENTED_EDGE('',*,*,#10740,.F.);
#10778=ORIENTED_EDGE('',*,*,#10390,.T.);
#10779=ORIENTED_EDGE('',*,*,#10764,.T.);
#10780=EDGE_LOOP('',(#10776,#10777,#10778,#10779));
#10781=FACE_OUTER_BOUND('',#10780,.F.);
#10782=ADVANCED_FACE('',(#10781),#10775,.T.);
#10783=CARTESIAN_POINT('',(-5.E-1,-9.7E0,-1.55E0));
#10784=DIRECTION('',(1.E0,0.E0,0.E0));
#10785=DIRECTION('',(0.E0,-1.E0,0.E0));
#10786=AXIS2_PLACEMENT_3D('',#10783,#10784,#10785);
#10787=PLANE('',#10786);
#10788=ORIENTED_EDGE('',*,*,#6537,.F.);
#10790=ORIENTED_EDGE('',*,*,#10789,.F.);
#10791=ORIENTED_EDGE('',*,*,#10400,.T.);
#10793=ORIENTED_EDGE('',*,*,#10792,.T.);
#10794=EDGE_LOOP('',(#10788,#10790,#10791,#10793));
#10795=FACE_OUTER_BOUND('',#10794,.F.);
#10796=ADVANCED_FACE('',(#10795),#10787,.T.);
#10797=CARTESIAN_POINT('',(-2.2E0,-9.7E0,-1.55E0));
#10798=DIRECTION('',(0.E0,1.E0,0.E0));
#10799=DIRECTION('',(1.E0,0.E0,0.E0));
#10800=AXIS2_PLACEMENT_3D('',#10797,#10798,#10799);
#10801=PLANE('',#10800);
#10802=ORIENTED_EDGE('',*,*,#6543,.F.);
#10804=ORIENTED_EDGE('',*,*,#10803,.F.);
#10805=ORIENTED_EDGE('',*,*,#10402,.T.);
#10806=ORIENTED_EDGE('',*,*,#10789,.T.);
#10807=EDGE_LOOP('',(#10802,#10804,#10805,#10806));
#10808=FACE_OUTER_BOUND('',#10807,.F.);
#10809=ADVANCED_FACE('',(#10808),#10801,.T.);
#10810=CARTESIAN_POINT('',(-2.2E0,-1.05E1,-1.55E0));
#10811=DIRECTION('',(-1.E0,0.E0,0.E0));
#10812=DIRECTION('',(0.E0,1.E0,0.E0));
#10813=AXIS2_PLACEMENT_3D('',#10810,#10811,#10812);
#10814=PLANE('',#10813);
#10815=ORIENTED_EDGE('',*,*,#6541,.F.);
#10817=ORIENTED_EDGE('',*,*,#10816,.F.);
#10818=ORIENTED_EDGE('',*,*,#10404,.T.);
#10819=ORIENTED_EDGE('',*,*,#10803,.T.);
#10820=EDGE_LOOP('',(#10815,#10817,#10818,#10819));
#10821=FACE_OUTER_BOUND('',#10820,.F.);
#10822=ADVANCED_FACE('',(#10821),#10814,.T.);
#10823=CARTESIAN_POINT('',(-5.E-1,-1.05E1,-1.55E0));
#10824=DIRECTION('',(0.E0,-1.E0,0.E0));
#10825=DIRECTION('',(-1.E0,0.E0,0.E0));
#10826=AXIS2_PLACEMENT_3D('',#10823,#10824,#10825);
#10827=PLANE('',#10826);
#10828=ORIENTED_EDGE('',*,*,#6539,.F.);
#10829=ORIENTED_EDGE('',*,*,#10792,.F.);
#10830=ORIENTED_EDGE('',*,*,#10406,.T.);
#10831=ORIENTED_EDGE('',*,*,#10816,.T.);
#10832=EDGE_LOOP('',(#10828,#10829,#10830,#10831));
#10833=FACE_OUTER_BOUND('',#10832,.F.);
#10834=ADVANCED_FACE('',(#10833),#10827,.T.);
#10835=CARTESIAN_POINT('',(2.7E0,-9.7E0,-1.55E0));
#10836=DIRECTION('',(1.E0,0.E0,0.E0));
#10837=DIRECTION('',(0.E0,-1.E0,0.E0));
#10838=AXIS2_PLACEMENT_3D('',#10835,#10836,#10837);
#10839=PLANE('',#10838);
#10840=ORIENTED_EDGE('',*,*,#6547,.F.);
#10842=ORIENTED_EDGE('',*,*,#10841,.F.);
#10843=ORIENTED_EDGE('',*,*,#10416,.T.);
#10845=ORIENTED_EDGE('',*,*,#10844,.T.);
#10846=EDGE_LOOP('',(#10840,#10842,#10843,#10845));
#10847=FACE_OUTER_BOUND('',#10846,.F.);
#10848=ADVANCED_FACE('',(#10847),#10839,.T.);
#10849=CARTESIAN_POINT('',(1.E0,-9.7E0,-1.55E0));
#10850=DIRECTION('',(0.E0,1.E0,0.E0));
#10851=DIRECTION('',(1.E0,0.E0,0.E0));
#10852=AXIS2_PLACEMENT_3D('',#10849,#10850,#10851);
#10853=PLANE('',#10852);
#10854=ORIENTED_EDGE('',*,*,#6553,.F.);
#10856=ORIENTED_EDGE('',*,*,#10855,.F.);
#10857=ORIENTED_EDGE('',*,*,#10418,.T.);
#10858=ORIENTED_EDGE('',*,*,#10841,.T.);
#10859=EDGE_LOOP('',(#10854,#10856,#10857,#10858));
#10860=FACE_OUTER_BOUND('',#10859,.F.);
#10861=ADVANCED_FACE('',(#10860),#10853,.T.);
#10862=CARTESIAN_POINT('',(1.E0,-1.05E1,-1.55E0));
#10863=DIRECTION('',(-1.E0,0.E0,0.E0));
#10864=DIRECTION('',(0.E0,1.E0,0.E0));
#10865=AXIS2_PLACEMENT_3D('',#10862,#10863,#10864);
#10866=PLANE('',#10865);
#10867=ORIENTED_EDGE('',*,*,#6551,.F.);
#10869=ORIENTED_EDGE('',*,*,#10868,.F.);
#10870=ORIENTED_EDGE('',*,*,#10420,.T.);
#10871=ORIENTED_EDGE('',*,*,#10855,.T.);
#10872=EDGE_LOOP('',(#10867,#10869,#10870,#10871));
#10873=FACE_OUTER_BOUND('',#10872,.F.);
#10874=ADVANCED_FACE('',(#10873),#10866,.T.);
#10875=CARTESIAN_POINT('',(2.7E0,-1.05E1,-1.55E0));
#10876=DIRECTION('',(0.E0,-1.E0,0.E0));
#10877=DIRECTION('',(-1.E0,0.E0,0.E0));
#10878=AXIS2_PLACEMENT_3D('',#10875,#10876,#10877);
#10879=PLANE('',#10878);
#10880=ORIENTED_EDGE('',*,*,#6549,.F.);
#10881=ORIENTED_EDGE('',*,*,#10844,.F.);
#10882=ORIENTED_EDGE('',*,*,#10422,.T.);
#10883=ORIENTED_EDGE('',*,*,#10868,.T.);
#10884=EDGE_LOOP('',(#10880,#10881,#10882,#10883));
#10885=FACE_OUTER_BOUND('',#10884,.F.);
#10886=ADVANCED_FACE('',(#10885),#10879,.T.);
#10887=CARTESIAN_POINT('',(5.861769261870E0,-9.7E0,-1.55E0));
#10888=DIRECTION('',(1.E0,0.E0,0.E0));
#10889=DIRECTION('',(0.E0,-1.E0,0.E0));
#10890=AXIS2_PLACEMENT_3D('',#10887,#10888,#10889);
#10891=PLANE('',#10890);
#10892=ORIENTED_EDGE('',*,*,#6557,.F.);
#10894=ORIENTED_EDGE('',*,*,#10893,.F.);
#10895=ORIENTED_EDGE('',*,*,#10432,.T.);
#10897=ORIENTED_EDGE('',*,*,#10896,.T.);
#10898=EDGE_LOOP('',(#10892,#10894,#10895,#10897));
#10899=FACE_OUTER_BOUND('',#10898,.F.);
#10900=ADVANCED_FACE('',(#10899),#10891,.T.);
#10901=CARTESIAN_POINT('',(4.161769261870E0,-9.7E0,-1.55E0));
#10902=DIRECTION('',(0.E0,1.E0,0.E0));
#10903=DIRECTION('',(1.E0,0.E0,0.E0));
#10904=AXIS2_PLACEMENT_3D('',#10901,#10902,#10903);
#10905=PLANE('',#10904);
#10906=ORIENTED_EDGE('',*,*,#6563,.F.);
#10908=ORIENTED_EDGE('',*,*,#10907,.F.);
#10909=ORIENTED_EDGE('',*,*,#10434,.T.);
#10910=ORIENTED_EDGE('',*,*,#10893,.T.);
#10911=EDGE_LOOP('',(#10906,#10908,#10909,#10910));
#10912=FACE_OUTER_BOUND('',#10911,.F.);
#10913=ADVANCED_FACE('',(#10912),#10905,.T.);
#10914=CARTESIAN_POINT('',(4.161769261870E0,-1.05E1,-1.55E0));
#10915=DIRECTION('',(-1.E0,0.E0,0.E0));
#10916=DIRECTION('',(0.E0,1.E0,0.E0));
#10917=AXIS2_PLACEMENT_3D('',#10914,#10915,#10916);
#10918=PLANE('',#10917);
#10919=ORIENTED_EDGE('',*,*,#6561,.F.);
#10921=ORIENTED_EDGE('',*,*,#10920,.F.);
#10922=ORIENTED_EDGE('',*,*,#10436,.T.);
#10923=ORIENTED_EDGE('',*,*,#10907,.T.);
#10924=EDGE_LOOP('',(#10919,#10921,#10922,#10923));
#10925=FACE_OUTER_BOUND('',#10924,.F.);
#10926=ADVANCED_FACE('',(#10925),#10918,.T.);
#10927=CARTESIAN_POINT('',(5.861769261870E0,-1.05E1,-1.55E0));
#10928=DIRECTION('',(0.E0,-1.E0,0.E0));
#10929=DIRECTION('',(-1.E0,0.E0,0.E0));
#10930=AXIS2_PLACEMENT_3D('',#10927,#10928,#10929);
#10931=PLANE('',#10930);
#10932=ORIENTED_EDGE('',*,*,#6559,.F.);
#10933=ORIENTED_EDGE('',*,*,#10896,.F.);
#10934=ORIENTED_EDGE('',*,*,#10438,.T.);
#10935=ORIENTED_EDGE('',*,*,#10920,.T.);
#10936=EDGE_LOOP('',(#10932,#10933,#10934,#10935));
#10937=FACE_OUTER_BOUND('',#10936,.F.);
#10938=ADVANCED_FACE('',(#10937),#10931,.T.);
#10939=CARTESIAN_POINT('',(5.861769261870E0,-7.9E0,-1.55E0));
#10940=DIRECTION('',(1.E0,0.E0,0.E0));
#10941=DIRECTION('',(0.E0,-1.E0,0.E0));
#10942=AXIS2_PLACEMENT_3D('',#10939,#10940,#10941);
#10943=PLANE('',#10942);
#10944=ORIENTED_EDGE('',*,*,#6567,.F.);
#10946=ORIENTED_EDGE('',*,*,#10945,.F.);
#10947=ORIENTED_EDGE('',*,*,#10448,.T.);
#10949=ORIENTED_EDGE('',*,*,#10948,.T.);
#10950=EDGE_LOOP('',(#10944,#10946,#10947,#10949));
#10951=FACE_OUTER_BOUND('',#10950,.F.);
#10952=ADVANCED_FACE('',(#10951),#10943,.T.);
#10953=CARTESIAN_POINT('',(4.161769261870E0,-7.9E0,-1.55E0));
#10954=DIRECTION('',(0.E0,1.E0,0.E0));
#10955=DIRECTION('',(1.E0,0.E0,0.E0));
#10956=AXIS2_PLACEMENT_3D('',#10953,#10954,#10955);
#10957=PLANE('',#10956);
#10958=ORIENTED_EDGE('',*,*,#6573,.F.);
#10960=ORIENTED_EDGE('',*,*,#10959,.F.);
#10961=ORIENTED_EDGE('',*,*,#10450,.T.);
#10962=ORIENTED_EDGE('',*,*,#10945,.T.);
#10963=EDGE_LOOP('',(#10958,#10960,#10961,#10962));
#10964=FACE_OUTER_BOUND('',#10963,.F.);
#10965=ADVANCED_FACE('',(#10964),#10957,.T.);
#10966=CARTESIAN_POINT('',(4.161769261870E0,-8.7E0,-1.55E0));
#10967=DIRECTION('',(-1.E0,0.E0,0.E0));
#10968=DIRECTION('',(0.E0,1.E0,0.E0));
#10969=AXIS2_PLACEMENT_3D('',#10966,#10967,#10968);
#10970=PLANE('',#10969);
#10971=ORIENTED_EDGE('',*,*,#6571,.F.);
#10973=ORIENTED_EDGE('',*,*,#10972,.F.);
#10974=ORIENTED_EDGE('',*,*,#10452,.T.);
#10975=ORIENTED_EDGE('',*,*,#10959,.T.);
#10976=EDGE_LOOP('',(#10971,#10973,#10974,#10975));
#10977=FACE_OUTER_BOUND('',#10976,.F.);
#10978=ADVANCED_FACE('',(#10977),#10970,.T.);
#10979=CARTESIAN_POINT('',(5.861769261870E0,-8.7E0,-1.55E0));
#10980=DIRECTION('',(0.E0,-1.E0,0.E0));
#10981=DIRECTION('',(-1.E0,0.E0,0.E0));
#10982=AXIS2_PLACEMENT_3D('',#10979,#10980,#10981);
#10983=PLANE('',#10982);
#10984=ORIENTED_EDGE('',*,*,#6569,.F.);
#10985=ORIENTED_EDGE('',*,*,#10948,.F.);
#10986=ORIENTED_EDGE('',*,*,#10454,.T.);
#10987=ORIENTED_EDGE('',*,*,#10972,.T.);
#10988=EDGE_LOOP('',(#10984,#10985,#10986,#10987));
#10989=FACE_OUTER_BOUND('',#10988,.F.);
#10990=ADVANCED_FACE('',(#10989),#10983,.T.);
#10991=CARTESIAN_POINT('',(5.861769261870E0,-6.1E0,-1.55E0));
#10992=DIRECTION('',(1.E0,0.E0,0.E0));
#10993=DIRECTION('',(0.E0,-1.E0,0.E0));
#10994=AXIS2_PLACEMENT_3D('',#10991,#10992,#10993);
#10995=PLANE('',#10994);
#10996=ORIENTED_EDGE('',*,*,#6577,.F.);
#10998=ORIENTED_EDGE('',*,*,#10997,.F.);
#10999=ORIENTED_EDGE('',*,*,#10464,.T.);
#11001=ORIENTED_EDGE('',*,*,#11000,.T.);
#11002=EDGE_LOOP('',(#10996,#10998,#10999,#11001));
#11003=FACE_OUTER_BOUND('',#11002,.F.);
#11004=ADVANCED_FACE('',(#11003),#10995,.T.);
#11005=CARTESIAN_POINT('',(4.161769261870E0,-6.1E0,-1.55E0));
#11006=DIRECTION('',(0.E0,1.E0,0.E0));
#11007=DIRECTION('',(1.E0,0.E0,0.E0));
#11008=AXIS2_PLACEMENT_3D('',#11005,#11006,#11007);
#11009=PLANE('',#11008);
#11010=ORIENTED_EDGE('',*,*,#6583,.F.);
#11012=ORIENTED_EDGE('',*,*,#11011,.F.);
#11013=ORIENTED_EDGE('',*,*,#10466,.T.);
#11014=ORIENTED_EDGE('',*,*,#10997,.T.);
#11015=EDGE_LOOP('',(#11010,#11012,#11013,#11014));
#11016=FACE_OUTER_BOUND('',#11015,.F.);
#11017=ADVANCED_FACE('',(#11016),#11009,.T.);
#11018=CARTESIAN_POINT('',(4.161769261870E0,-6.9E0,-1.55E0));
#11019=DIRECTION('',(-1.E0,0.E0,0.E0));
#11020=DIRECTION('',(0.E0,1.E0,0.E0));
#11021=AXIS2_PLACEMENT_3D('',#11018,#11019,#11020);
#11022=PLANE('',#11021);
#11023=ORIENTED_EDGE('',*,*,#6581,.F.);
#11025=ORIENTED_EDGE('',*,*,#11024,.F.);
#11026=ORIENTED_EDGE('',*,*,#10468,.T.);
#11027=ORIENTED_EDGE('',*,*,#11011,.T.);
#11028=EDGE_LOOP('',(#11023,#11025,#11026,#11027));
#11029=FACE_OUTER_BOUND('',#11028,.F.);
#11030=ADVANCED_FACE('',(#11029),#11022,.T.);
#11031=CARTESIAN_POINT('',(5.861769261870E0,-6.9E0,-1.55E0));
#11032=DIRECTION('',(0.E0,-1.E0,0.E0));
#11033=DIRECTION('',(-1.E0,0.E0,0.E0));
#11034=AXIS2_PLACEMENT_3D('',#11031,#11032,#11033);
#11035=PLANE('',#11034);
#11036=ORIENTED_EDGE('',*,*,#6579,.F.);
#11037=ORIENTED_EDGE('',*,*,#11000,.F.);
#11038=ORIENTED_EDGE('',*,*,#10470,.T.);
#11039=ORIENTED_EDGE('',*,*,#11024,.T.);
#11040=EDGE_LOOP('',(#11036,#11037,#11038,#11039));
#11041=FACE_OUTER_BOUND('',#11040,.F.);
#11042=ADVANCED_FACE('',(#11041),#11035,.T.);
#11043=CARTESIAN_POINT('',(5.861769261870E0,-4.3E0,-1.55E0));
#11044=DIRECTION('',(1.E0,0.E0,0.E0));
#11045=DIRECTION('',(0.E0,-1.E0,0.E0));
#11046=AXIS2_PLACEMENT_3D('',#11043,#11044,#11045);
#11047=PLANE('',#11046);
#11048=ORIENTED_EDGE('',*,*,#6587,.F.);
#11050=ORIENTED_EDGE('',*,*,#11049,.F.);
#11051=ORIENTED_EDGE('',*,*,#10480,.T.);
#11053=ORIENTED_EDGE('',*,*,#11052,.T.);
#11054=EDGE_LOOP('',(#11048,#11050,#11051,#11053));
#11055=FACE_OUTER_BOUND('',#11054,.F.);
#11056=ADVANCED_FACE('',(#11055),#11047,.T.);
#11057=CARTESIAN_POINT('',(4.161769261870E0,-4.3E0,-1.55E0));
#11058=DIRECTION('',(0.E0,1.E0,0.E0));
#11059=DIRECTION('',(1.E0,0.E0,0.E0));
#11060=AXIS2_PLACEMENT_3D('',#11057,#11058,#11059);
#11061=PLANE('',#11060);
#11062=ORIENTED_EDGE('',*,*,#6593,.F.);
#11064=ORIENTED_EDGE('',*,*,#11063,.F.);
#11065=ORIENTED_EDGE('',*,*,#10482,.T.);
#11066=ORIENTED_EDGE('',*,*,#11049,.T.);
#11067=EDGE_LOOP('',(#11062,#11064,#11065,#11066));
#11068=FACE_OUTER_BOUND('',#11067,.F.);
#11069=ADVANCED_FACE('',(#11068),#11061,.T.);
#11070=CARTESIAN_POINT('',(4.161769261870E0,-5.1E0,-1.55E0));
#11071=DIRECTION('',(-1.E0,0.E0,0.E0));
#11072=DIRECTION('',(0.E0,1.E0,0.E0));
#11073=AXIS2_PLACEMENT_3D('',#11070,#11071,#11072);
#11074=PLANE('',#11073);
#11075=ORIENTED_EDGE('',*,*,#6591,.F.);
#11077=ORIENTED_EDGE('',*,*,#11076,.F.);
#11078=ORIENTED_EDGE('',*,*,#10484,.T.);
#11079=ORIENTED_EDGE('',*,*,#11063,.T.);
#11080=EDGE_LOOP('',(#11075,#11077,#11078,#11079));
#11081=FACE_OUTER_BOUND('',#11080,.F.);
#11082=ADVANCED_FACE('',(#11081),#11074,.T.);
#11083=CARTESIAN_POINT('',(5.861769261870E0,-5.1E0,-1.55E0));
#11084=DIRECTION('',(0.E0,-1.E0,0.E0));
#11085=DIRECTION('',(-1.E0,0.E0,0.E0));
#11086=AXIS2_PLACEMENT_3D('',#11083,#11084,#11085);
#11087=PLANE('',#11086);
#11088=ORIENTED_EDGE('',*,*,#6589,.F.);
#11089=ORIENTED_EDGE('',*,*,#11052,.F.);
#11090=ORIENTED_EDGE('',*,*,#10486,.T.);
#11091=ORIENTED_EDGE('',*,*,#11076,.T.);
#11092=EDGE_LOOP('',(#11088,#11089,#11090,#11091));
#11093=FACE_OUTER_BOUND('',#11092,.F.);
#11094=ADVANCED_FACE('',(#11093),#11087,.T.);
#11095=CARTESIAN_POINT('',(5.861769261870E0,-2.5E0,-1.55E0));
#11096=DIRECTION('',(1.E0,0.E0,0.E0));
#11097=DIRECTION('',(0.E0,-1.E0,0.E0));
#11098=AXIS2_PLACEMENT_3D('',#11095,#11096,#11097);
#11099=PLANE('',#11098);
#11100=ORIENTED_EDGE('',*,*,#6597,.F.);
#11102=ORIENTED_EDGE('',*,*,#11101,.F.);
#11103=ORIENTED_EDGE('',*,*,#10496,.T.);
#11105=ORIENTED_EDGE('',*,*,#11104,.T.);
#11106=EDGE_LOOP('',(#11100,#11102,#11103,#11105));
#11107=FACE_OUTER_BOUND('',#11106,.F.);
#11108=ADVANCED_FACE('',(#11107),#11099,.T.);
#11109=CARTESIAN_POINT('',(4.161769261870E0,-2.5E0,-1.55E0));
#11110=DIRECTION('',(0.E0,1.E0,0.E0));
#11111=DIRECTION('',(1.E0,0.E0,0.E0));
#11112=AXIS2_PLACEMENT_3D('',#11109,#11110,#11111);
#11113=PLANE('',#11112);
#11114=ORIENTED_EDGE('',*,*,#6603,.F.);
#11116=ORIENTED_EDGE('',*,*,#11115,.F.);
#11117=ORIENTED_EDGE('',*,*,#10498,.T.);
#11118=ORIENTED_EDGE('',*,*,#11101,.T.);
#11119=EDGE_LOOP('',(#11114,#11116,#11117,#11118));
#11120=FACE_OUTER_BOUND('',#11119,.F.);
#11121=ADVANCED_FACE('',(#11120),#11113,.T.);
#11122=CARTESIAN_POINT('',(4.161769261870E0,-3.3E0,-1.55E0));
#11123=DIRECTION('',(-1.E0,0.E0,0.E0));
#11124=DIRECTION('',(0.E0,1.E0,0.E0));
#11125=AXIS2_PLACEMENT_3D('',#11122,#11123,#11124);
#11126=PLANE('',#11125);
#11127=ORIENTED_EDGE('',*,*,#6601,.F.);
#11129=ORIENTED_EDGE('',*,*,#11128,.F.);
#11130=ORIENTED_EDGE('',*,*,#10500,.T.);
#11131=ORIENTED_EDGE('',*,*,#11115,.T.);
#11132=EDGE_LOOP('',(#11127,#11129,#11130,#11131));
#11133=FACE_OUTER_BOUND('',#11132,.F.);
#11134=ADVANCED_FACE('',(#11133),#11126,.T.);
#11135=CARTESIAN_POINT('',(5.861769261870E0,-3.3E0,-1.55E0));
#11136=DIRECTION('',(0.E0,-1.E0,0.E0));
#11137=DIRECTION('',(-1.E0,0.E0,0.E0));
#11138=AXIS2_PLACEMENT_3D('',#11135,#11136,#11137);
#11139=PLANE('',#11138);
#11140=ORIENTED_EDGE('',*,*,#6599,.F.);
#11141=ORIENTED_EDGE('',*,*,#11104,.F.);
#11142=ORIENTED_EDGE('',*,*,#10502,.T.);
#11143=ORIENTED_EDGE('',*,*,#11128,.T.);
#11144=EDGE_LOOP('',(#11140,#11141,#11142,#11143));
#11145=FACE_OUTER_BOUND('',#11144,.F.);
#11146=ADVANCED_FACE('',(#11145),#11139,.T.);
#11147=CARTESIAN_POINT('',(5.861769261870E0,-7.E-1,-1.55E0));
#11148=DIRECTION('',(1.E0,0.E0,0.E0));
#11149=DIRECTION('',(0.E0,-1.E0,0.E0));
#11150=AXIS2_PLACEMENT_3D('',#11147,#11148,#11149);
#11151=PLANE('',#11150);
#11152=ORIENTED_EDGE('',*,*,#6607,.F.);
#11154=ORIENTED_EDGE('',*,*,#11153,.F.);
#11155=ORIENTED_EDGE('',*,*,#10512,.T.);
#11157=ORIENTED_EDGE('',*,*,#11156,.T.);
#11158=EDGE_LOOP('',(#11152,#11154,#11155,#11157));
#11159=FACE_OUTER_BOUND('',#11158,.F.);
#11160=ADVANCED_FACE('',(#11159),#11151,.T.);
#11161=CARTESIAN_POINT('',(4.161769261870E0,-7.E-1,-1.55E0));
#11162=DIRECTION('',(0.E0,1.E0,0.E0));
#11163=DIRECTION('',(1.E0,0.E0,0.E0));
#11164=AXIS2_PLACEMENT_3D('',#11161,#11162,#11163);
#11165=PLANE('',#11164);
#11166=ORIENTED_EDGE('',*,*,#6613,.F.);
#11168=ORIENTED_EDGE('',*,*,#11167,.F.);
#11169=ORIENTED_EDGE('',*,*,#10514,.T.);
#11170=ORIENTED_EDGE('',*,*,#11153,.T.);
#11171=EDGE_LOOP('',(#11166,#11168,#11169,#11170));
#11172=FACE_OUTER_BOUND('',#11171,.F.);
#11173=ADVANCED_FACE('',(#11172),#11165,.T.);
#11174=CARTESIAN_POINT('',(4.161769261870E0,-1.5E0,-1.55E0));
#11175=DIRECTION('',(-1.E0,0.E0,0.E0));
#11176=DIRECTION('',(0.E0,1.E0,0.E0));
#11177=AXIS2_PLACEMENT_3D('',#11174,#11175,#11176);
#11178=PLANE('',#11177);
#11179=ORIENTED_EDGE('',*,*,#6611,.F.);
#11181=ORIENTED_EDGE('',*,*,#11180,.F.);
#11182=ORIENTED_EDGE('',*,*,#10516,.T.);
#11183=ORIENTED_EDGE('',*,*,#11167,.T.);
#11184=EDGE_LOOP('',(#11179,#11181,#11182,#11183));
#11185=FACE_OUTER_BOUND('',#11184,.F.);
#11186=ADVANCED_FACE('',(#11185),#11178,.T.);
#11187=CARTESIAN_POINT('',(5.861769261870E0,-1.5E0,-1.55E0));
#11188=DIRECTION('',(0.E0,-1.E0,0.E0));
#11189=DIRECTION('',(-1.E0,0.E0,0.E0));
#11190=AXIS2_PLACEMENT_3D('',#11187,#11188,#11189);
#11191=PLANE('',#11190);
#11192=ORIENTED_EDGE('',*,*,#6609,.F.);
#11193=ORIENTED_EDGE('',*,*,#11156,.F.);
#11194=ORIENTED_EDGE('',*,*,#10518,.T.);
#11195=ORIENTED_EDGE('',*,*,#11180,.T.);
#11196=EDGE_LOOP('',(#11192,#11193,#11194,#11195));
#11197=FACE_OUTER_BOUND('',#11196,.F.);
#11198=ADVANCED_FACE('',(#11197),#11191,.T.);
#11199=CARTESIAN_POINT('',(-5.E-1,-7.E-1,-1.55E0));
#11200=DIRECTION('',(1.E0,0.E0,0.E0));
#11201=DIRECTION('',(0.E0,-1.E0,0.E0));
#11202=AXIS2_PLACEMENT_3D('',#11199,#11200,#11201);
#11203=PLANE('',#11202);
#11204=ORIENTED_EDGE('',*,*,#6617,.F.);
#11206=ORIENTED_EDGE('',*,*,#11205,.F.);
#11208=ORIENTED_EDGE('',*,*,#11207,.T.);
#11210=ORIENTED_EDGE('',*,*,#11209,.T.);
#11211=EDGE_LOOP('',(#11204,#11206,#11208,#11210));
#11212=FACE_OUTER_BOUND('',#11211,.F.);
#11213=ADVANCED_FACE('',(#11212),#11203,.T.);
#11214=CARTESIAN_POINT('',(-2.2E0,-7.E-1,-1.55E0));
#11215=DIRECTION('',(0.E0,1.E0,0.E0));
#11216=DIRECTION('',(1.E0,0.E0,0.E0));
#11217=AXIS2_PLACEMENT_3D('',#11214,#11215,#11216);
#11218=PLANE('',#11217);
#11219=ORIENTED_EDGE('',*,*,#6623,.F.);
#11221=ORIENTED_EDGE('',*,*,#11220,.F.);
#11223=ORIENTED_EDGE('',*,*,#11222,.T.);
#11224=ORIENTED_EDGE('',*,*,#11205,.T.);
#11225=EDGE_LOOP('',(#11219,#11221,#11223,#11224));
#11226=FACE_OUTER_BOUND('',#11225,.F.);
#11227=ADVANCED_FACE('',(#11226),#11218,.T.);
#11228=CARTESIAN_POINT('',(-2.2E0,-1.5E0,-1.55E0));
#11229=DIRECTION('',(-1.E0,0.E0,0.E0));
#11230=DIRECTION('',(0.E0,1.E0,0.E0));
#11231=AXIS2_PLACEMENT_3D('',#11228,#11229,#11230);
#11232=PLANE('',#11231);
#11233=ORIENTED_EDGE('',*,*,#6621,.F.);
#11235=ORIENTED_EDGE('',*,*,#11234,.F.);
#11237=ORIENTED_EDGE('',*,*,#11236,.T.);
#11238=ORIENTED_EDGE('',*,*,#11220,.T.);
#11239=EDGE_LOOP('',(#11233,#11235,#11237,#11238));
#11240=FACE_OUTER_BOUND('',#11239,.F.);
#11241=ADVANCED_FACE('',(#11240),#11232,.T.);
#11242=CARTESIAN_POINT('',(-5.E-1,-1.5E0,-1.55E0));
#11243=DIRECTION('',(0.E0,-1.E0,0.E0));
#11244=DIRECTION('',(-1.E0,0.E0,0.E0));
#11245=AXIS2_PLACEMENT_3D('',#11242,#11243,#11244);
#11246=PLANE('',#11245);
#11247=ORIENTED_EDGE('',*,*,#6619,.F.);
#11248=ORIENTED_EDGE('',*,*,#11209,.F.);
#11250=ORIENTED_EDGE('',*,*,#11249,.T.);
#11251=ORIENTED_EDGE('',*,*,#11234,.T.);
#11252=EDGE_LOOP('',(#11247,#11248,#11250,#11251));
#11253=FACE_OUTER_BOUND('',#11252,.F.);
#11254=ADVANCED_FACE('',(#11253),#11246,.T.);
#11255=CARTESIAN_POINT('',(0.E0,1.450093584061E1,-1.55E0));
#11256=DIRECTION('',(0.E0,0.E0,-1.E0));
#11257=DIRECTION('',(-1.E0,0.E0,0.E0));
#11258=AXIS2_PLACEMENT_3D('',#11255,#11256,#11257);
#11259=PLANE('',#11258);
#11260=ORIENTED_EDGE('',*,*,#11207,.F.);
#11261=ORIENTED_EDGE('',*,*,#11222,.F.);
#11262=ORIENTED_EDGE('',*,*,#11236,.F.);
#11263=ORIENTED_EDGE('',*,*,#11249,.F.);
#11264=EDGE_LOOP('',(#11260,#11261,#11262,#11263));
#11265=FACE_OUTER_BOUND('',#11264,.F.);
#11266=ADVANCED_FACE('',(#11265),#11259,.T.);
#11267=CARTESIAN_POINT('',(8.8E0,1.02E1,-5.5E-1));
#11268=DIRECTION('',(1.E0,0.E0,0.E0));
#11269=DIRECTION('',(0.E0,-1.E0,0.E0));
#11270=AXIS2_PLACEMENT_3D('',#11267,#11268,#11269);
#11271=PLANE('',#11270);
#11272=ORIENTED_EDGE('',*,*,#6627,.F.);
#11274=ORIENTED_EDGE('',*,*,#11273,.T.);
#11276=ORIENTED_EDGE('',*,*,#11275,.T.);
#11278=ORIENTED_EDGE('',*,*,#11277,.F.);
#11279=EDGE_LOOP('',(#11272,#11274,#11276,#11278));
#11280=FACE_OUTER_BOUND('',#11279,.F.);
#11281=ADVANCED_FACE('',(#11280),#11271,.T.);
#11282=CARTESIAN_POINT('',(7.4E0,1.02E1,-5.5E-1));
#11283=DIRECTION('',(0.E0,1.E0,0.E0));
#11284=DIRECTION('',(1.E0,0.E0,0.E0));
#11285=AXIS2_PLACEMENT_3D('',#11282,#11283,#11284);
#11286=PLANE('',#11285);
#11287=ORIENTED_EDGE('',*,*,#6633,.F.);
#11289=ORIENTED_EDGE('',*,*,#11288,.T.);
#11291=ORIENTED_EDGE('',*,*,#11290,.T.);
#11292=ORIENTED_EDGE('',*,*,#11273,.F.);
#11293=EDGE_LOOP('',(#11287,#11289,#11291,#11292));
#11294=FACE_OUTER_BOUND('',#11293,.F.);
#11295=ADVANCED_FACE('',(#11294),#11286,.T.);
#11296=CARTESIAN_POINT('',(7.4E0,8.2E0,-5.5E-1));
#11297=DIRECTION('',(-1.E0,0.E0,0.E0));
#11298=DIRECTION('',(0.E0,1.E0,0.E0));
#11299=AXIS2_PLACEMENT_3D('',#11296,#11297,#11298);
#11300=PLANE('',#11299);
#11301=ORIENTED_EDGE('',*,*,#6631,.F.);
#11303=ORIENTED_EDGE('',*,*,#11302,.T.);
#11305=ORIENTED_EDGE('',*,*,#11304,.T.);
#11306=ORIENTED_EDGE('',*,*,#11288,.F.);
#11307=EDGE_LOOP('',(#11301,#11303,#11305,#11306));
#11308=FACE_OUTER_BOUND('',#11307,.F.);
#11309=ADVANCED_FACE('',(#11308),#11300,.T.);
#11310=CARTESIAN_POINT('',(8.8E0,8.2E0,-5.5E-1));
#11311=DIRECTION('',(0.E0,-1.E0,0.E0));
#11312=DIRECTION('',(-1.E0,0.E0,0.E0));
#11313=AXIS2_PLACEMENT_3D('',#11310,#11311,#11312);
#11314=PLANE('',#11313);
#11315=ORIENTED_EDGE('',*,*,#6629,.F.);
#11316=ORIENTED_EDGE('',*,*,#11277,.T.);
#11318=ORIENTED_EDGE('',*,*,#11317,.T.);
#11319=ORIENTED_EDGE('',*,*,#11302,.F.);
#11320=EDGE_LOOP('',(#11315,#11316,#11318,#11319));
#11321=FACE_OUTER_BOUND('',#11320,.F.);
#11322=ADVANCED_FACE('',(#11321),#11314,.T.);
#11323=CARTESIAN_POINT('',(0.E0,1.450093584061E1,-1.85E0));
#11324=DIRECTION('',(0.E0,0.E0,-1.E0));
#11325=DIRECTION('',(-1.E0,0.E0,0.E0));
#11326=AXIS2_PLACEMENT_3D('',#11323,#11324,#11325);
#11327=PLANE('',#11326);
#11328=ORIENTED_EDGE('',*,*,#11275,.F.);
#11329=ORIENTED_EDGE('',*,*,#11290,.F.);
#11330=ORIENTED_EDGE('',*,*,#11304,.F.);
#11331=ORIENTED_EDGE('',*,*,#11317,.F.);
#11332=EDGE_LOOP('',(#11328,#11329,#11330,#11331));
#11333=FACE_OUTER_BOUND('',#11332,.F.);
#11334=ADVANCED_FACE('',(#11333),#11327,.T.);
#11335=CARTESIAN_POINT('',(1.45E0,-3.399064159393E0,-5.5E-1));
#11336=DIRECTION('',(1.E0,0.E0,0.E0));
#11337=DIRECTION('',(0.E0,-1.E0,0.E0));
#11338=AXIS2_PLACEMENT_3D('',#11335,#11336,#11337);
#11339=PLANE('',#11338);
#11340=ORIENTED_EDGE('',*,*,#6637,.F.);
#11342=ORIENTED_EDGE('',*,*,#11341,.T.);
#11344=ORIENTED_EDGE('',*,*,#11343,.T.);
#11346=ORIENTED_EDGE('',*,*,#11345,.F.);
#11347=EDGE_LOOP('',(#11340,#11342,#11344,#11346));
#11348=FACE_OUTER_BOUND('',#11347,.F.);
#11349=ADVANCED_FACE('',(#11348),#11339,.T.);
#11350=CARTESIAN_POINT('',(-1.45E0,-3.399064159393E0,-5.5E-1));
#11351=DIRECTION('',(0.E0,1.E0,0.E0));
#11352=DIRECTION('',(1.E0,0.E0,0.E0));
#11353=AXIS2_PLACEMENT_3D('',#11350,#11351,#11352);
#11354=PLANE('',#11353);
#11355=ORIENTED_EDGE('',*,*,#6643,.F.);
#11357=ORIENTED_EDGE('',*,*,#11356,.T.);
#11359=ORIENTED_EDGE('',*,*,#11358,.T.);
#11360=ORIENTED_EDGE('',*,*,#11341,.F.);
#11361=EDGE_LOOP('',(#11355,#11357,#11359,#11360));
#11362=FACE_OUTER_BOUND('',#11361,.F.);
#11363=ADVANCED_FACE('',(#11362),#11354,.T.);
#11364=CARTESIAN_POINT('',(-1.45E0,-6.599064159393E0,-5.5E-1));
#11365=DIRECTION('',(-1.E0,0.E0,0.E0));
#11366=DIRECTION('',(0.E0,1.E0,0.E0));
#11367=AXIS2_PLACEMENT_3D('',#11364,#11365,#11366);
#11368=PLANE('',#11367);
#11369=ORIENTED_EDGE('',*,*,#6641,.F.);
#11371=ORIENTED_EDGE('',*,*,#11370,.T.);
#11373=ORIENTED_EDGE('',*,*,#11372,.T.);
#11374=ORIENTED_EDGE('',*,*,#11356,.F.);
#11375=EDGE_LOOP('',(#11369,#11371,#11373,#11374));
#11376=FACE_OUTER_BOUND('',#11375,.F.);
#11377=ADVANCED_FACE('',(#11376),#11368,.T.);
#11378=CARTESIAN_POINT('',(1.45E0,-6.599064159393E0,-5.5E-1));
#11379=DIRECTION('',(0.E0,-1.E0,0.E0));
#11380=DIRECTION('',(-1.E0,0.E0,0.E0));
#11381=AXIS2_PLACEMENT_3D('',#11378,#11379,#11380);
#11382=PLANE('',#11381);
#11383=ORIENTED_EDGE('',*,*,#6639,.F.);
#11384=ORIENTED_EDGE('',*,*,#11345,.T.);
#11386=ORIENTED_EDGE('',*,*,#11385,.T.);
#11387=ORIENTED_EDGE('',*,*,#11370,.F.);
#11388=EDGE_LOOP('',(#11383,#11384,#11386,#11387));
#11389=FACE_OUTER_BOUND('',#11388,.F.);
#11390=ADVANCED_FACE('',(#11389),#11382,.T.);
#11391=CARTESIAN_POINT('',(0.E0,1.450093584061E1,-1.55E0));
#11392=DIRECTION('',(0.E0,0.E0,-1.E0));
#11393=DIRECTION('',(-1.E0,0.E0,0.E0));
#11394=AXIS2_PLACEMENT_3D('',#11391,#11392,#11393);
#11395=PLANE('',#11394);
#11396=ORIENTED_EDGE('',*,*,#11343,.F.);
#11397=ORIENTED_EDGE('',*,*,#11358,.F.);
#11398=ORIENTED_EDGE('',*,*,#11372,.F.);
#11399=ORIENTED_EDGE('',*,*,#11385,.F.);
#11400=EDGE_LOOP('',(#11396,#11397,#11398,#11399));
#11401=FACE_OUTER_BOUND('',#11400,.F.);
#11402=ADVANCED_FACE('',(#11401),#11395,.T.);
#11403=CARTESIAN_POINT('',(5.861769261870E0,1.100935840607E0,-1.55E0));
#11404=DIRECTION('',(1.E0,0.E0,0.E0));
#11405=DIRECTION('',(0.E0,-1.E0,0.E0));
#11406=AXIS2_PLACEMENT_3D('',#11403,#11404,#11405);
#11407=PLANE('',#11406);
#11408=ORIENTED_EDGE('',*,*,#6647,.F.);
#11410=ORIENTED_EDGE('',*,*,#11409,.F.);
#11412=ORIENTED_EDGE('',*,*,#11411,.T.);
#11414=ORIENTED_EDGE('',*,*,#11413,.T.);
#11415=EDGE_LOOP('',(#11408,#11410,#11412,#11414));
#11416=FACE_OUTER_BOUND('',#11415,.F.);
#11417=ADVANCED_FACE('',(#11416),#11407,.T.);
#11418=CARTESIAN_POINT('',(4.161769261870E0,1.100935840607E0,-1.55E0));
#11419=DIRECTION('',(0.E0,1.E0,0.E0));
#11420=DIRECTION('',(1.E0,0.E0,0.E0));
#11421=AXIS2_PLACEMENT_3D('',#11418,#11419,#11420);
#11422=PLANE('',#11421);
#11423=ORIENTED_EDGE('',*,*,#6653,.F.);
#11425=ORIENTED_EDGE('',*,*,#11424,.F.);
#11427=ORIENTED_EDGE('',*,*,#11426,.T.);
#11428=ORIENTED_EDGE('',*,*,#11409,.T.);
#11429=EDGE_LOOP('',(#11423,#11425,#11427,#11428));
#11430=FACE_OUTER_BOUND('',#11429,.F.);
#11431=ADVANCED_FACE('',(#11430),#11422,.T.);
#11432=CARTESIAN_POINT('',(4.161769261870E0,3.009358406067E-1,-1.55E0));
#11433=DIRECTION('',(-1.E0,0.E0,0.E0));
#11434=DIRECTION('',(0.E0,1.E0,0.E0));
#11435=AXIS2_PLACEMENT_3D('',#11432,#11433,#11434);
#11436=PLANE('',#11435);
#11437=ORIENTED_EDGE('',*,*,#6651,.F.);
#11439=ORIENTED_EDGE('',*,*,#11438,.F.);
#11441=ORIENTED_EDGE('',*,*,#11440,.T.);
#11442=ORIENTED_EDGE('',*,*,#11424,.T.);
#11443=EDGE_LOOP('',(#11437,#11439,#11441,#11442));
#11444=FACE_OUTER_BOUND('',#11443,.F.);
#11445=ADVANCED_FACE('',(#11444),#11436,.T.);
#11446=CARTESIAN_POINT('',(5.861769261870E0,3.009358406067E-1,-1.55E0));
#11447=DIRECTION('',(0.E0,-1.E0,0.E0));
#11448=DIRECTION('',(-1.E0,0.E0,0.E0));
#11449=AXIS2_PLACEMENT_3D('',#11446,#11447,#11448);
#11450=PLANE('',#11449);
#11451=ORIENTED_EDGE('',*,*,#6649,.F.);
#11452=ORIENTED_EDGE('',*,*,#11413,.F.);
#11454=ORIENTED_EDGE('',*,*,#11453,.T.);
#11455=ORIENTED_EDGE('',*,*,#11438,.T.);
#11456=EDGE_LOOP('',(#11451,#11452,#11454,#11455));
#11457=FACE_OUTER_BOUND('',#11456,.F.);
#11458=ADVANCED_FACE('',(#11457),#11450,.T.);
#11459=CARTESIAN_POINT('',(0.E0,1.450093584061E1,-1.55E0));
#11460=DIRECTION('',(0.E0,0.E0,-1.E0));
#11461=DIRECTION('',(-1.E0,0.E0,0.E0));
#11462=AXIS2_PLACEMENT_3D('',#11459,#11460,#11461);
#11463=PLANE('',#11462);
#11464=ORIENTED_EDGE('',*,*,#11411,.F.);
#11465=ORIENTED_EDGE('',*,*,#11426,.F.);
#11466=ORIENTED_EDGE('',*,*,#11440,.F.);
#11467=ORIENTED_EDGE('',*,*,#11453,.F.);
#11468=EDGE_LOOP('',(#11464,#11465,#11466,#11467));
#11469=FACE_OUTER_BOUND('',#11468,.F.);
#11470=ADVANCED_FACE('',(#11469),#11463,.T.);
#11471=CARTESIAN_POINT('',(0.E0,1.450093584061E1,-1.55E0));
#11472=DIRECTION('',(0.E0,0.E0,-1.E0));
#11473=DIRECTION('',(-1.E0,0.E0,0.E0));
#11474=AXIS2_PLACEMENT_3D('',#11471,#11472,#11473);
#11475=PLANE('',#11474);
#11477=ORIENTED_EDGE('',*,*,#11476,.F.);
#11479=ORIENTED_EDGE('',*,*,#11478,.F.);
#11481=ORIENTED_EDGE('',*,*,#11480,.F.);
#11483=ORIENTED_EDGE('',*,*,#11482,.F.);
#11484=EDGE_LOOP('',(#11477,#11479,#11481,#11483));
#11485=FACE_OUTER_BOUND('',#11484,.F.);
#11486=ADVANCED_FACE('',(#11485),#11475,.T.);
#11487=CARTESIAN_POINT('',(9.361769261870E0,1.100935840607E0,-1.55E0));
#11488=DIRECTION('',(1.E0,0.E0,0.E0));
#11489=DIRECTION('',(0.E0,-1.E0,0.E0));
#11490=AXIS2_PLACEMENT_3D('',#11487,#11488,#11489);
#11491=PLANE('',#11490);
#11492=ORIENTED_EDGE('',*,*,#6657,.F.);
#11494=ORIENTED_EDGE('',*,*,#11493,.F.);
#11495=ORIENTED_EDGE('',*,*,#11476,.T.);
#11497=ORIENTED_EDGE('',*,*,#11496,.T.);
#11498=EDGE_LOOP('',(#11492,#11494,#11495,#11497));
#11499=FACE_OUTER_BOUND('',#11498,.F.);
#11500=ADVANCED_FACE('',(#11499),#11491,.T.);
#11501=CARTESIAN_POINT('',(7.661769261870E0,1.100935840607E0,-1.55E0));
#11502=DIRECTION('',(0.E0,1.E0,0.E0));
#11503=DIRECTION('',(1.E0,0.E0,0.E0));
#11504=AXIS2_PLACEMENT_3D('',#11501,#11502,#11503);
#11505=PLANE('',#11504);
#11506=ORIENTED_EDGE('',*,*,#6663,.F.);
#11508=ORIENTED_EDGE('',*,*,#11507,.F.);
#11509=ORIENTED_EDGE('',*,*,#11478,.T.);
#11510=ORIENTED_EDGE('',*,*,#11493,.T.);
#11511=EDGE_LOOP('',(#11506,#11508,#11509,#11510));
#11512=FACE_OUTER_BOUND('',#11511,.F.);
#11513=ADVANCED_FACE('',(#11512),#11505,.T.);
#11514=CARTESIAN_POINT('',(7.661769261870E0,3.009358406067E-1,-1.55E0));
#11515=DIRECTION('',(-1.E0,0.E0,0.E0));
#11516=DIRECTION('',(0.E0,1.E0,0.E0));
#11517=AXIS2_PLACEMENT_3D('',#11514,#11515,#11516);
#11518=PLANE('',#11517);
#11519=ORIENTED_EDGE('',*,*,#6661,.F.);
#11521=ORIENTED_EDGE('',*,*,#11520,.F.);
#11522=ORIENTED_EDGE('',*,*,#11480,.T.);
#11523=ORIENTED_EDGE('',*,*,#11507,.T.);
#11524=EDGE_LOOP('',(#11519,#11521,#11522,#11523));
#11525=FACE_OUTER_BOUND('',#11524,.F.);
#11526=ADVANCED_FACE('',(#11525),#11518,.T.);
#11527=CARTESIAN_POINT('',(9.361769261870E0,3.009358406067E-1,-1.55E0));
#11528=DIRECTION('',(0.E0,-1.E0,0.E0));
#11529=DIRECTION('',(-1.E0,0.E0,0.E0));
#11530=AXIS2_PLACEMENT_3D('',#11527,#11528,#11529);
#11531=PLANE('',#11530);
#11532=ORIENTED_EDGE('',*,*,#6659,.F.);
#11533=ORIENTED_EDGE('',*,*,#11496,.F.);
#11534=ORIENTED_EDGE('',*,*,#11482,.T.);
#11535=ORIENTED_EDGE('',*,*,#11520,.T.);
#11536=EDGE_LOOP('',(#11532,#11533,#11534,#11535));
#11537=FACE_OUTER_BOUND('',#11536,.F.);
#11538=ADVANCED_FACE('',(#11537),#11531,.T.);
#11539=CARTESIAN_POINT('',(1.03E1,-1.8E0,-1.85E0));
#11540=DIRECTION('',(1.E0,0.E0,0.E0));
#11541=DIRECTION('',(0.E0,-1.E0,0.E0));
#11542=AXIS2_PLACEMENT_3D('',#11539,#11540,#11541);
#11543=PLANE('',#11542);
#11544=ORIENTED_EDGE('',*,*,#6667,.F.);
#11546=ORIENTED_EDGE('',*,*,#11545,.F.);
#11548=ORIENTED_EDGE('',*,*,#11547,.T.);
#11550=ORIENTED_EDGE('',*,*,#11549,.T.);
#11551=EDGE_LOOP('',(#11544,#11546,#11548,#11550));
#11552=FACE_OUTER_BOUND('',#11551,.F.);
#11553=ADVANCED_FACE('',(#11552),#11543,.T.);
#11554=CARTESIAN_POINT('',(7.3E0,-1.8E0,-1.85E0));
#11555=DIRECTION('',(0.E0,1.E0,0.E0));
#11556=DIRECTION('',(1.E0,0.E0,0.E0));
#11557=AXIS2_PLACEMENT_3D('',#11554,#11555,#11556);
#11558=PLANE('',#11557);
#11559=ORIENTED_EDGE('',*,*,#6673,.F.);
#11561=ORIENTED_EDGE('',*,*,#11560,.F.);
#11563=ORIENTED_EDGE('',*,*,#11562,.T.);
#11564=ORIENTED_EDGE('',*,*,#11545,.T.);
#11565=EDGE_LOOP('',(#11559,#11561,#11563,#11564));
#11566=FACE_OUTER_BOUND('',#11565,.F.);
#11567=ADVANCED_FACE('',(#11566),#11558,.T.);
#11568=CARTESIAN_POINT('',(7.3E0,-3.8E0,-1.85E0));
#11569=DIRECTION('',(-1.E0,0.E0,0.E0));
#11570=DIRECTION('',(0.E0,1.E0,0.E0));
#11571=AXIS2_PLACEMENT_3D('',#11568,#11569,#11570);
#11572=PLANE('',#11571);
#11573=ORIENTED_EDGE('',*,*,#6671,.F.);
#11575=ORIENTED_EDGE('',*,*,#11574,.F.);
#11577=ORIENTED_EDGE('',*,*,#11576,.T.);
#11578=ORIENTED_EDGE('',*,*,#11560,.T.);
#11579=EDGE_LOOP('',(#11573,#11575,#11577,#11578));
#11580=FACE_OUTER_BOUND('',#11579,.F.);
#11581=ADVANCED_FACE('',(#11580),#11572,.T.);
#11582=CARTESIAN_POINT('',(1.03E1,-3.8E0,-1.85E0));
#11583=DIRECTION('',(0.E0,-1.E0,0.E0));
#11584=DIRECTION('',(-1.E0,0.E0,0.E0));
#11585=AXIS2_PLACEMENT_3D('',#11582,#11583,#11584);
#11586=PLANE('',#11585);
#11587=ORIENTED_EDGE('',*,*,#6669,.F.);
#11588=ORIENTED_EDGE('',*,*,#11549,.F.);
#11590=ORIENTED_EDGE('',*,*,#11589,.T.);
#11591=ORIENTED_EDGE('',*,*,#11574,.T.);
#11592=EDGE_LOOP('',(#11587,#11588,#11590,#11591));
#11593=FACE_OUTER_BOUND('',#11592,.F.);
#11594=ADVANCED_FACE('',(#11593),#11586,.T.);
#11595=CARTESIAN_POINT('',(0.E0,1.450093584061E1,-1.85E0));
#11596=DIRECTION('',(0.E0,0.E0,-1.E0));
#11597=DIRECTION('',(-1.E0,0.E0,0.E0));
#11598=AXIS2_PLACEMENT_3D('',#11595,#11596,#11597);
#11599=PLANE('',#11598);
#11600=ORIENTED_EDGE('',*,*,#11547,.F.);
#11601=ORIENTED_EDGE('',*,*,#11562,.F.);
#11602=ORIENTED_EDGE('',*,*,#11576,.F.);
#11603=ORIENTED_EDGE('',*,*,#11589,.F.);
#11604=EDGE_LOOP('',(#11600,#11601,#11602,#11603));
#11605=FACE_OUTER_BOUND('',#11604,.F.);
#11606=ADVANCED_FACE('',(#11605),#11599,.T.);
#11607=CARTESIAN_POINT('',(9.2E0,-6.1E0,-1.55E0));
#11608=DIRECTION('',(1.E0,0.E0,0.E0));
#11609=DIRECTION('',(0.E0,-1.E0,0.E0));
#11610=AXIS2_PLACEMENT_3D('',#11607,#11608,#11609);
#11611=PLANE('',#11610);
#11612=ORIENTED_EDGE('',*,*,#6677,.F.);
#11614=ORIENTED_EDGE('',*,*,#11613,.F.);
#11616=ORIENTED_EDGE('',*,*,#11615,.T.);
#11618=ORIENTED_EDGE('',*,*,#11617,.T.);
#11619=EDGE_LOOP('',(#11612,#11614,#11616,#11618));
#11620=FACE_OUTER_BOUND('',#11619,.F.);
#11621=ADVANCED_FACE('',(#11620),#11611,.T.);
#11622=CARTESIAN_POINT('',(7.5E0,-6.1E0,-1.55E0));
#11623=DIRECTION('',(0.E0,1.E0,0.E0));
#11624=DIRECTION('',(1.E0,0.E0,0.E0));
#11625=AXIS2_PLACEMENT_3D('',#11622,#11623,#11624);
#11626=PLANE('',#11625);
#11627=ORIENTED_EDGE('',*,*,#6683,.F.);
#11629=ORIENTED_EDGE('',*,*,#11628,.F.);
#11631=ORIENTED_EDGE('',*,*,#11630,.T.);
#11632=ORIENTED_EDGE('',*,*,#11613,.T.);
#11633=EDGE_LOOP('',(#11627,#11629,#11631,#11632));
#11634=FACE_OUTER_BOUND('',#11633,.F.);
#11635=ADVANCED_FACE('',(#11634),#11626,.T.);
#11636=CARTESIAN_POINT('',(7.5E0,-6.9E0,-1.55E0));
#11637=DIRECTION('',(-1.E0,0.E0,0.E0));
#11638=DIRECTION('',(0.E0,1.E0,0.E0));
#11639=AXIS2_PLACEMENT_3D('',#11636,#11637,#11638);
#11640=PLANE('',#11639);
#11641=ORIENTED_EDGE('',*,*,#6681,.F.);
#11643=ORIENTED_EDGE('',*,*,#11642,.F.);
#11645=ORIENTED_EDGE('',*,*,#11644,.T.);
#11646=ORIENTED_EDGE('',*,*,#11628,.T.);
#11647=EDGE_LOOP('',(#11641,#11643,#11645,#11646));
#11648=FACE_OUTER_BOUND('',#11647,.F.);
#11649=ADVANCED_FACE('',(#11648),#11640,.T.);
#11650=CARTESIAN_POINT('',(9.2E0,-6.9E0,-1.55E0));
#11651=DIRECTION('',(0.E0,-1.E0,0.E0));
#11652=DIRECTION('',(-1.E0,0.E0,0.E0));
#11653=AXIS2_PLACEMENT_3D('',#11650,#11651,#11652);
#11654=PLANE('',#11653);
#11655=ORIENTED_EDGE('',*,*,#6679,.F.);
#11656=ORIENTED_EDGE('',*,*,#11617,.F.);
#11658=ORIENTED_EDGE('',*,*,#11657,.T.);
#11659=ORIENTED_EDGE('',*,*,#11642,.T.);
#11660=EDGE_LOOP('',(#11655,#11656,#11658,#11659));
#11661=FACE_OUTER_BOUND('',#11660,.F.);
#11662=ADVANCED_FACE('',(#11661),#11654,.T.);
#11663=CARTESIAN_POINT('',(0.E0,1.450093584061E1,-1.55E0));
#11664=DIRECTION('',(0.E0,0.E0,-1.E0));
#11665=DIRECTION('',(-1.E0,0.E0,0.E0));
#11666=AXIS2_PLACEMENT_3D('',#11663,#11664,#11665);
#11667=PLANE('',#11666);
#11668=ORIENTED_EDGE('',*,*,#11615,.F.);
#11669=ORIENTED_EDGE('',*,*,#11630,.F.);
#11670=ORIENTED_EDGE('',*,*,#11644,.F.);
#11671=ORIENTED_EDGE('',*,*,#11657,.F.);
#11672=EDGE_LOOP('',(#11668,#11669,#11670,#11671));
#11673=FACE_OUTER_BOUND('',#11672,.F.);
#11674=ADVANCED_FACE('',(#11673),#11667,.T.);
#11675=CARTESIAN_POINT('',(1.19E1,-2.5E0,-1.55E0));
#11676=DIRECTION('',(1.E0,0.E0,0.E0));
#11677=DIRECTION('',(0.E0,-1.E0,0.E0));
#11678=AXIS2_PLACEMENT_3D('',#11675,#11676,#11677);
#11679=PLANE('',#11678);
#11680=ORIENTED_EDGE('',*,*,#6687,.F.);
#11682=ORIENTED_EDGE('',*,*,#11681,.F.);
#11684=ORIENTED_EDGE('',*,*,#11683,.T.);
#11686=ORIENTED_EDGE('',*,*,#11685,.T.);
#11687=EDGE_LOOP('',(#11680,#11682,#11684,#11686));
#11688=FACE_OUTER_BOUND('',#11687,.F.);
#11689=ADVANCED_FACE('',(#11688),#11679,.T.);
#11690=CARTESIAN_POINT('',(1.11E1,-2.5E0,-1.55E0));
#11691=DIRECTION('',(0.E0,1.E0,0.E0));
#11692=DIRECTION('',(1.E0,0.E0,0.E0));
#11693=AXIS2_PLACEMENT_3D('',#11690,#11691,#11692);
#11694=PLANE('',#11693);
#11695=ORIENTED_EDGE('',*,*,#6693,.F.);
#11697=ORIENTED_EDGE('',*,*,#11696,.F.);
#11699=ORIENTED_EDGE('',*,*,#11698,.T.);
#11700=ORIENTED_EDGE('',*,*,#11681,.T.);
#11701=EDGE_LOOP('',(#11695,#11697,#11699,#11700));
#11702=FACE_OUTER_BOUND('',#11701,.F.);
#11703=ADVANCED_FACE('',(#11702),#11694,.T.);
#11704=CARTESIAN_POINT('',(1.11E1,-4.2E0,-1.55E0));
#11705=DIRECTION('',(-1.E0,0.E0,0.E0));
#11706=DIRECTION('',(0.E0,1.E0,0.E0));
#11707=AXIS2_PLACEMENT_3D('',#11704,#11705,#11706);
#11708=PLANE('',#11707);
#11709=ORIENTED_EDGE('',*,*,#6691,.F.);
#11711=ORIENTED_EDGE('',*,*,#11710,.F.);
#11713=ORIENTED_EDGE('',*,*,#11712,.T.);
#11714=ORIENTED_EDGE('',*,*,#11696,.T.);
#11715=EDGE_LOOP('',(#11709,#11711,#11713,#11714));
#11716=FACE_OUTER_BOUND('',#11715,.F.);
#11717=ADVANCED_FACE('',(#11716),#11708,.T.);
#11718=CARTESIAN_POINT('',(1.19E1,-4.2E0,-1.55E0));
#11719=DIRECTION('',(0.E0,-1.E0,0.E0));
#11720=DIRECTION('',(-1.E0,0.E0,0.E0));
#11721=AXIS2_PLACEMENT_3D('',#11718,#11719,#11720);
#11722=PLANE('',#11721);
#11723=ORIENTED_EDGE('',*,*,#6689,.F.);
#11724=ORIENTED_EDGE('',*,*,#11685,.F.);
#11726=ORIENTED_EDGE('',*,*,#11725,.T.);
#11727=ORIENTED_EDGE('',*,*,#11710,.T.);
#11728=EDGE_LOOP('',(#11723,#11724,#11726,#11727));
#11729=FACE_OUTER_BOUND('',#11728,.F.);
#11730=ADVANCED_FACE('',(#11729),#11722,.T.);
#11731=CARTESIAN_POINT('',(0.E0,1.450093584061E1,-1.55E0));
#11732=DIRECTION('',(0.E0,0.E0,-1.E0));
#11733=DIRECTION('',(-1.E0,0.E0,0.E0));
#11734=AXIS2_PLACEMENT_3D('',#11731,#11732,#11733);
#11735=PLANE('',#11734);
#11736=ORIENTED_EDGE('',*,*,#11683,.F.);
#11737=ORIENTED_EDGE('',*,*,#11698,.F.);
#11738=ORIENTED_EDGE('',*,*,#11712,.F.);
#11739=ORIENTED_EDGE('',*,*,#11725,.F.);
#11740=EDGE_LOOP('',(#11736,#11737,#11738,#11739));
#11741=FACE_OUTER_BOUND('',#11740,.F.);
#11742=ADVANCED_FACE('',(#11741),#11735,.T.);
#11743=CARTESIAN_POINT('',(1.4E1,-6.6E0,-1.55E0));
#11744=DIRECTION('',(1.E0,0.E0,0.E0));
#11745=DIRECTION('',(0.E0,-1.E0,0.E0));
#11746=AXIS2_PLACEMENT_3D('',#11743,#11744,#11745);
#11747=PLANE('',#11746);
#11748=ORIENTED_EDGE('',*,*,#6697,.F.);
#11750=ORIENTED_EDGE('',*,*,#11749,.F.);
#11752=ORIENTED_EDGE('',*,*,#11751,.T.);
#11754=ORIENTED_EDGE('',*,*,#11753,.T.);
#11755=EDGE_LOOP('',(#11748,#11750,#11752,#11754));
#11756=FACE_OUTER_BOUND('',#11755,.F.);
#11757=ADVANCED_FACE('',(#11756),#11747,.T.);
#11758=CARTESIAN_POINT('',(1.23E1,-6.6E0,-1.55E0));
#11759=DIRECTION('',(0.E0,1.E0,0.E0));
#11760=DIRECTION('',(1.E0,0.E0,0.E0));
#11761=AXIS2_PLACEMENT_3D('',#11758,#11759,#11760);
#11762=PLANE('',#11761);
#11763=ORIENTED_EDGE('',*,*,#6703,.F.);
#11765=ORIENTED_EDGE('',*,*,#11764,.F.);
#11767=ORIENTED_EDGE('',*,*,#11766,.T.);
#11768=ORIENTED_EDGE('',*,*,#11749,.T.);
#11769=EDGE_LOOP('',(#11763,#11765,#11767,#11768));
#11770=FACE_OUTER_BOUND('',#11769,.F.);
#11771=ADVANCED_FACE('',(#11770),#11762,.T.);
#11772=CARTESIAN_POINT('',(1.23E1,-7.4E0,-1.55E0));
#11773=DIRECTION('',(-1.E0,0.E0,0.E0));
#11774=DIRECTION('',(0.E0,1.E0,0.E0));
#11775=AXIS2_PLACEMENT_3D('',#11772,#11773,#11774);
#11776=PLANE('',#11775);
#11777=ORIENTED_EDGE('',*,*,#6701,.F.);
#11779=ORIENTED_EDGE('',*,*,#11778,.F.);
#11781=ORIENTED_EDGE('',*,*,#11780,.T.);
#11782=ORIENTED_EDGE('',*,*,#11764,.T.);
#11783=EDGE_LOOP('',(#11777,#11779,#11781,#11782));
#11784=FACE_OUTER_BOUND('',#11783,.F.);
#11785=ADVANCED_FACE('',(#11784),#11776,.T.);
#11786=CARTESIAN_POINT('',(1.4E1,-7.4E0,-1.55E0));
#11787=DIRECTION('',(0.E0,-1.E0,0.E0));
#11788=DIRECTION('',(-1.E0,0.E0,0.E0));
#11789=AXIS2_PLACEMENT_3D('',#11786,#11787,#11788);
#11790=PLANE('',#11789);
#11791=ORIENTED_EDGE('',*,*,#6699,.F.);
#11792=ORIENTED_EDGE('',*,*,#11753,.F.);
#11794=ORIENTED_EDGE('',*,*,#11793,.T.);
#11795=ORIENTED_EDGE('',*,*,#11778,.T.);
#11796=EDGE_LOOP('',(#11791,#11792,#11794,#11795));
#11797=FACE_OUTER_BOUND('',#11796,.F.);
#11798=ADVANCED_FACE('',(#11797),#11790,.T.);
#11799=CARTESIAN_POINT('',(0.E0,1.450093584061E1,-1.55E0));
#11800=DIRECTION('',(0.E0,0.E0,-1.E0));
#11801=DIRECTION('',(-1.E0,0.E0,0.E0));
#11802=AXIS2_PLACEMENT_3D('',#11799,#11800,#11801);
#11803=PLANE('',#11802);
#11804=ORIENTED_EDGE('',*,*,#11751,.F.);
#11805=ORIENTED_EDGE('',*,*,#11766,.F.);
#11806=ORIENTED_EDGE('',*,*,#11780,.F.);
#11807=ORIENTED_EDGE('',*,*,#11793,.F.);
#11808=EDGE_LOOP('',(#11804,#11805,#11806,#11807));
#11809=FACE_OUTER_BOUND('',#11808,.F.);
#11810=ADVANCED_FACE('',(#11809),#11803,.T.);
#11811=CARTESIAN_POINT('',(1.73E1,-8.3E0,-1.55E0));
#11812=DIRECTION('',(1.E0,0.E0,0.E0));
#11813=DIRECTION('',(0.E0,-1.E0,0.E0));
#11814=AXIS2_PLACEMENT_3D('',#11811,#11812,#11813);
#11815=PLANE('',#11814);
#11816=ORIENTED_EDGE('',*,*,#6707,.F.);
#11818=ORIENTED_EDGE('',*,*,#11817,.F.);
#11820=ORIENTED_EDGE('',*,*,#11819,.T.);
#11822=ORIENTED_EDGE('',*,*,#11821,.T.);
#11823=EDGE_LOOP('',(#11816,#11818,#11820,#11822));
#11824=FACE_OUTER_BOUND('',#11823,.F.);
#11825=ADVANCED_FACE('',(#11824),#11815,.T.);
#11826=CARTESIAN_POINT('',(1.65E1,-8.3E0,-1.55E0));
#11827=DIRECTION('',(0.E0,1.E0,0.E0));
#11828=DIRECTION('',(1.E0,0.E0,0.E0));
#11829=AXIS2_PLACEMENT_3D('',#11826,#11827,#11828);
#11830=PLANE('',#11829);
#11831=ORIENTED_EDGE('',*,*,#6713,.F.);
#11833=ORIENTED_EDGE('',*,*,#11832,.F.);
#11835=ORIENTED_EDGE('',*,*,#11834,.T.);
#11836=ORIENTED_EDGE('',*,*,#11817,.T.);
#11837=EDGE_LOOP('',(#11831,#11833,#11835,#11836));
#11838=FACE_OUTER_BOUND('',#11837,.F.);
#11839=ADVANCED_FACE('',(#11838),#11830,.T.);
#11840=CARTESIAN_POINT('',(1.65E1,-1.01E1,-1.55E0));
#11841=DIRECTION('',(-1.E0,0.E0,0.E0));
#11842=DIRECTION('',(0.E0,1.E0,0.E0));
#11843=AXIS2_PLACEMENT_3D('',#11840,#11841,#11842);
#11844=PLANE('',#11843);
#11845=ORIENTED_EDGE('',*,*,#6711,.F.);
#11847=ORIENTED_EDGE('',*,*,#11846,.F.);
#11849=ORIENTED_EDGE('',*,*,#11848,.T.);
#11850=ORIENTED_EDGE('',*,*,#11832,.T.);
#11851=EDGE_LOOP('',(#11845,#11847,#11849,#11850));
#11852=FACE_OUTER_BOUND('',#11851,.F.);
#11853=ADVANCED_FACE('',(#11852),#11844,.T.);
#11854=CARTESIAN_POINT('',(1.73E1,-1.01E1,-1.55E0));
#11855=DIRECTION('',(0.E0,-1.E0,0.E0));
#11856=DIRECTION('',(-1.E0,0.E0,0.E0));
#11857=AXIS2_PLACEMENT_3D('',#11854,#11855,#11856);
#11858=PLANE('',#11857);
#11859=ORIENTED_EDGE('',*,*,#6709,.F.);
#11860=ORIENTED_EDGE('',*,*,#11821,.F.);
#11862=ORIENTED_EDGE('',*,*,#11861,.T.);
#11863=ORIENTED_EDGE('',*,*,#11846,.T.);
#11864=EDGE_LOOP('',(#11859,#11860,#11862,#11863));
#11865=FACE_OUTER_BOUND('',#11864,.F.);
#11866=ADVANCED_FACE('',(#11865),#11858,.T.);
#11867=CARTESIAN_POINT('',(0.E0,1.450093584061E1,-1.55E0));
#11868=DIRECTION('',(0.E0,0.E0,-1.E0));
#11869=DIRECTION('',(-1.E0,0.E0,0.E0));
#11870=AXIS2_PLACEMENT_3D('',#11867,#11868,#11869);
#11871=PLANE('',#11870);
#11872=ORIENTED_EDGE('',*,*,#11819,.F.);
#11873=ORIENTED_EDGE('',*,*,#11834,.F.);
#11874=ORIENTED_EDGE('',*,*,#11848,.F.);
#11875=ORIENTED_EDGE('',*,*,#11861,.F.);
#11876=EDGE_LOOP('',(#11872,#11873,#11874,#11875));
#11877=FACE_OUTER_BOUND('',#11876,.F.);
#11878=ADVANCED_FACE('',(#11877),#11871,.T.);
#11879=CARTESIAN_POINT('',(2.15E1,-7.2E0,-1.85E0));
#11880=DIRECTION('',(1.E0,0.E0,0.E0));
#11881=DIRECTION('',(0.E0,-1.E0,0.E0));
#11882=AXIS2_PLACEMENT_3D('',#11879,#11880,#11881);
#11883=PLANE('',#11882);
#11884=ORIENTED_EDGE('',*,*,#6717,.F.);
#11886=ORIENTED_EDGE('',*,*,#11885,.F.);
#11888=ORIENTED_EDGE('',*,*,#11887,.T.);
#11890=ORIENTED_EDGE('',*,*,#11889,.T.);
#11891=EDGE_LOOP('',(#11884,#11886,#11888,#11890));
#11892=FACE_OUTER_BOUND('',#11891,.F.);
#11893=ADVANCED_FACE('',(#11892),#11883,.T.);
#11894=CARTESIAN_POINT('',(1.91E1,-7.2E0,-1.85E0));
#11895=DIRECTION('',(0.E0,1.E0,0.E0));
#11896=DIRECTION('',(1.E0,0.E0,0.E0));
#11897=AXIS2_PLACEMENT_3D('',#11894,#11895,#11896);
#11898=PLANE('',#11897);
#11899=ORIENTED_EDGE('',*,*,#6723,.F.);
#11901=ORIENTED_EDGE('',*,*,#11900,.F.);
#11903=ORIENTED_EDGE('',*,*,#11902,.T.);
#11904=ORIENTED_EDGE('',*,*,#11885,.T.);
#11905=EDGE_LOOP('',(#11899,#11901,#11903,#11904));
#11906=FACE_OUTER_BOUND('',#11905,.F.);
#11907=ADVANCED_FACE('',(#11906),#11898,.T.);
#11908=CARTESIAN_POINT('',(1.91E1,-1.04E1,-1.85E0));
#11909=DIRECTION('',(-1.E0,0.E0,0.E0));
#11910=DIRECTION('',(0.E0,1.E0,0.E0));
#11911=AXIS2_PLACEMENT_3D('',#11908,#11909,#11910);
#11912=PLANE('',#11911);
#11913=ORIENTED_EDGE('',*,*,#6721,.F.);
#11915=ORIENTED_EDGE('',*,*,#11914,.F.);
#11917=ORIENTED_EDGE('',*,*,#11916,.T.);
#11918=ORIENTED_EDGE('',*,*,#11900,.T.);
#11919=EDGE_LOOP('',(#11913,#11915,#11917,#11918));
#11920=FACE_OUTER_BOUND('',#11919,.F.);
#11921=ADVANCED_FACE('',(#11920),#11912,.T.);
#11922=CARTESIAN_POINT('',(2.15E1,-1.04E1,-1.85E0));
#11923=DIRECTION('',(0.E0,-1.E0,0.E0));
#11924=DIRECTION('',(-1.E0,0.E0,0.E0));
#11925=AXIS2_PLACEMENT_3D('',#11922,#11923,#11924);
#11926=PLANE('',#11925);
#11927=ORIENTED_EDGE('',*,*,#6719,.F.);
#11928=ORIENTED_EDGE('',*,*,#11889,.F.);
#11930=ORIENTED_EDGE('',*,*,#11929,.T.);
#11931=ORIENTED_EDGE('',*,*,#11914,.T.);
#11932=EDGE_LOOP('',(#11927,#11928,#11930,#11931));
#11933=FACE_OUTER_BOUND('',#11932,.F.);
#11934=ADVANCED_FACE('',(#11933),#11926,.T.);
#11935=CARTESIAN_POINT('',(0.E0,1.450093584061E1,-1.85E0));
#11936=DIRECTION('',(0.E0,0.E0,-1.E0));
#11937=DIRECTION('',(-1.E0,0.E0,0.E0));
#11938=AXIS2_PLACEMENT_3D('',#11935,#11936,#11937);
#11939=PLANE('',#11938);
#11940=ORIENTED_EDGE('',*,*,#11887,.F.);
#11941=ORIENTED_EDGE('',*,*,#11902,.F.);
#11942=ORIENTED_EDGE('',*,*,#11916,.F.);
#11943=ORIENTED_EDGE('',*,*,#11929,.F.);
#11944=EDGE_LOOP('',(#11940,#11941,#11942,#11943));
#11945=FACE_OUTER_BOUND('',#11944,.F.);
#11946=ADVANCED_FACE('',(#11945),#11939,.T.);
#11947=CARTESIAN_POINT('',(1.61E1,-2.7E0,-1.85E0));
#11948=DIRECTION('',(1.E0,0.E0,0.E0));
#11949=DIRECTION('',(0.E0,-1.E0,0.E0));
#11950=AXIS2_PLACEMENT_3D('',#11947,#11948,#11949);
#11951=PLANE('',#11950);
#11952=ORIENTED_EDGE('',*,*,#6727,.F.);
#11954=ORIENTED_EDGE('',*,*,#11953,.F.);
#11956=ORIENTED_EDGE('',*,*,#11955,.T.);
#11958=ORIENTED_EDGE('',*,*,#11957,.T.);
#11959=EDGE_LOOP('',(#11952,#11954,#11956,#11958));
#11960=FACE_OUTER_BOUND('',#11959,.F.);
#11961=ADVANCED_FACE('',(#11960),#11951,.T.);
#11962=CARTESIAN_POINT('',(1.33E1,-2.7E0,-1.85E0));
#11963=DIRECTION('',(0.E0,1.E0,0.E0));
#11964=DIRECTION('',(1.E0,0.E0,0.E0));
#11965=AXIS2_PLACEMENT_3D('',#11962,#11963,#11964);
#11966=PLANE('',#11965);
#11967=ORIENTED_EDGE('',*,*,#6733,.F.);
#11969=ORIENTED_EDGE('',*,*,#11968,.F.);
#11971=ORIENTED_EDGE('',*,*,#11970,.T.);
#11972=ORIENTED_EDGE('',*,*,#11953,.T.);
#11973=EDGE_LOOP('',(#11967,#11969,#11971,#11972));
#11974=FACE_OUTER_BOUND('',#11973,.F.);
#11975=ADVANCED_FACE('',(#11974),#11966,.T.);
#11976=CARTESIAN_POINT('',(1.33E1,-4.5E0,-1.85E0));
#11977=DIRECTION('',(-1.E0,0.E0,0.E0));
#11978=DIRECTION('',(0.E0,1.E0,0.E0));
#11979=AXIS2_PLACEMENT_3D('',#11976,#11977,#11978);
#11980=PLANE('',#11979);
#11981=ORIENTED_EDGE('',*,*,#6731,.F.);
#11983=ORIENTED_EDGE('',*,*,#11982,.F.);
#11985=ORIENTED_EDGE('',*,*,#11984,.T.);
#11986=ORIENTED_EDGE('',*,*,#11968,.T.);
#11987=EDGE_LOOP('',(#11981,#11983,#11985,#11986));
#11988=FACE_OUTER_BOUND('',#11987,.F.);
#11989=ADVANCED_FACE('',(#11988),#11980,.T.);
#11990=CARTESIAN_POINT('',(1.61E1,-4.5E0,-1.85E0));
#11991=DIRECTION('',(0.E0,-1.E0,0.E0));
#11992=DIRECTION('',(-1.E0,0.E0,0.E0));
#11993=AXIS2_PLACEMENT_3D('',#11990,#11991,#11992);
#11994=PLANE('',#11993);
#11995=ORIENTED_EDGE('',*,*,#6729,.F.);
#11996=ORIENTED_EDGE('',*,*,#11957,.F.);
#11998=ORIENTED_EDGE('',*,*,#11997,.T.);
#11999=ORIENTED_EDGE('',*,*,#11982,.T.);
#12000=EDGE_LOOP('',(#11995,#11996,#11998,#11999));
#12001=FACE_OUTER_BOUND('',#12000,.F.);
#12002=ADVANCED_FACE('',(#12001),#11994,.T.);
#12003=CARTESIAN_POINT('',(0.E0,1.450093584061E1,-1.85E0));
#12004=DIRECTION('',(0.E0,0.E0,-1.E0));
#12005=DIRECTION('',(-1.E0,0.E0,0.E0));
#12006=AXIS2_PLACEMENT_3D('',#12003,#12004,#12005);
#12007=PLANE('',#12006);
#12008=ORIENTED_EDGE('',*,*,#11955,.F.);
#12009=ORIENTED_EDGE('',*,*,#11970,.F.);
#12010=ORIENTED_EDGE('',*,*,#11984,.F.);
#12011=ORIENTED_EDGE('',*,*,#11997,.F.);
#12012=EDGE_LOOP('',(#12008,#12009,#12010,#12011));
#12013=FACE_OUTER_BOUND('',#12012,.F.);
#12014=ADVANCED_FACE('',(#12013),#12007,.T.);
#12015=CARTESIAN_POINT('',(1.8E1,-3.8E0,-1.55E0));
#12016=DIRECTION('',(1.E0,0.E0,0.E0));
#12017=DIRECTION('',(0.E0,-1.E0,0.E0));
#12018=AXIS2_PLACEMENT_3D('',#12015,#12016,#12017);
#12019=PLANE('',#12018);
#12020=ORIENTED_EDGE('',*,*,#6737,.F.);
#12022=ORIENTED_EDGE('',*,*,#12021,.F.);
#12024=ORIENTED_EDGE('',*,*,#12023,.T.);
#12026=ORIENTED_EDGE('',*,*,#12025,.T.);
#12027=EDGE_LOOP('',(#12020,#12022,#12024,#12026));
#12028=FACE_OUTER_BOUND('',#12027,.F.);
#12029=ADVANCED_FACE('',(#12028),#12019,.T.);
#12030=CARTESIAN_POINT('',(1.72E1,-3.8E0,-1.55E0));
#12031=DIRECTION('',(0.E0,1.E0,0.E0));
#12032=DIRECTION('',(1.E0,0.E0,0.E0));
#12033=AXIS2_PLACEMENT_3D('',#12030,#12031,#12032);
#12034=PLANE('',#12033);
#12035=ORIENTED_EDGE('',*,*,#6743,.F.);
#12037=ORIENTED_EDGE('',*,*,#12036,.F.);
#12039=ORIENTED_EDGE('',*,*,#12038,.T.);
#12040=ORIENTED_EDGE('',*,*,#12021,.T.);
#12041=EDGE_LOOP('',(#12035,#12037,#12039,#12040));
#12042=FACE_OUTER_BOUND('',#12041,.F.);
#12043=ADVANCED_FACE('',(#12042),#12034,.T.);
#12044=CARTESIAN_POINT('',(1.72E1,-5.5E0,-1.55E0));
#12045=DIRECTION('',(-1.E0,0.E0,0.E0));
#12046=DIRECTION('',(0.E0,1.E0,0.E0));
#12047=AXIS2_PLACEMENT_3D('',#12044,#12045,#12046);
#12048=PLANE('',#12047);
#12049=ORIENTED_EDGE('',*,*,#6741,.F.);
#12051=ORIENTED_EDGE('',*,*,#12050,.F.);
#12053=ORIENTED_EDGE('',*,*,#12052,.T.);
#12054=ORIENTED_EDGE('',*,*,#12036,.T.);
#12055=EDGE_LOOP('',(#12049,#12051,#12053,#12054));
#12056=FACE_OUTER_BOUND('',#12055,.F.);
#12057=ADVANCED_FACE('',(#12056),#12048,.T.);
#12058=CARTESIAN_POINT('',(1.8E1,-5.5E0,-1.55E0));
#12059=DIRECTION('',(0.E0,-1.E0,0.E0));
#12060=DIRECTION('',(-1.E0,0.E0,0.E0));
#12061=AXIS2_PLACEMENT_3D('',#12058,#12059,#12060);
#12062=PLANE('',#12061);
#12063=ORIENTED_EDGE('',*,*,#6739,.F.);
#12064=ORIENTED_EDGE('',*,*,#12025,.F.);
#12066=ORIENTED_EDGE('',*,*,#12065,.T.);
#12067=ORIENTED_EDGE('',*,*,#12050,.T.);
#12068=EDGE_LOOP('',(#12063,#12064,#12066,#12067));
#12069=FACE_OUTER_BOUND('',#12068,.F.);
#12070=ADVANCED_FACE('',(#12069),#12062,.T.);
#12071=CARTESIAN_POINT('',(0.E0,1.450093584061E1,-1.55E0));
#12072=DIRECTION('',(0.E0,0.E0,-1.E0));
#12073=DIRECTION('',(-1.E0,0.E0,0.E0));
#12074=AXIS2_PLACEMENT_3D('',#12071,#12072,#12073);
#12075=PLANE('',#12074);
#12076=ORIENTED_EDGE('',*,*,#12023,.F.);
#12077=ORIENTED_EDGE('',*,*,#12038,.F.);
#12078=ORIENTED_EDGE('',*,*,#12052,.F.);
#12079=ORIENTED_EDGE('',*,*,#12065,.F.);
#12080=EDGE_LOOP('',(#12076,#12077,#12078,#12079));
#12081=FACE_OUTER_BOUND('',#12080,.F.);
#12082=ADVANCED_FACE('',(#12081),#12075,.T.);
#12083=CARTESIAN_POINT('',(1.8E1,-7.990641593933E-1,-1.55E0));
#12084=DIRECTION('',(1.E0,0.E0,0.E0));
#12085=DIRECTION('',(0.E0,-1.E0,0.E0));
#12086=AXIS2_PLACEMENT_3D('',#12083,#12084,#12085);
#12087=PLANE('',#12086);
#12088=ORIENTED_EDGE('',*,*,#6747,.F.);
#12090=ORIENTED_EDGE('',*,*,#12089,.F.);
#12092=ORIENTED_EDGE('',*,*,#12091,.T.);
#12094=ORIENTED_EDGE('',*,*,#12093,.T.);
#12095=EDGE_LOOP('',(#12088,#12090,#12092,#12094));
#12096=FACE_OUTER_BOUND('',#12095,.F.);
#12097=ADVANCED_FACE('',(#12096),#12087,.T.);
#12098=CARTESIAN_POINT('',(1.72E1,-7.990641593933E-1,-1.55E0));
#12099=DIRECTION('',(0.E0,1.E0,0.E0));
#12100=DIRECTION('',(1.E0,0.E0,0.E0));
#12101=AXIS2_PLACEMENT_3D('',#12098,#12099,#12100);
#12102=PLANE('',#12101);
#12103=ORIENTED_EDGE('',*,*,#6753,.F.);
#12105=ORIENTED_EDGE('',*,*,#12104,.F.);
#12107=ORIENTED_EDGE('',*,*,#12106,.T.);
#12108=ORIENTED_EDGE('',*,*,#12089,.T.);
#12109=EDGE_LOOP('',(#12103,#12105,#12107,#12108));
#12110=FACE_OUTER_BOUND('',#12109,.F.);
#12111=ADVANCED_FACE('',(#12110),#12102,.T.);
#12112=CARTESIAN_POINT('',(1.72E1,-2.499064159393E0,-1.55E0));
#12113=DIRECTION('',(-1.E0,0.E0,0.E0));
#12114=DIRECTION('',(0.E0,1.E0,0.E0));
#12115=AXIS2_PLACEMENT_3D('',#12112,#12113,#12114);
#12116=PLANE('',#12115);
#12117=ORIENTED_EDGE('',*,*,#6751,.F.);
#12119=ORIENTED_EDGE('',*,*,#12118,.F.);
#12121=ORIENTED_EDGE('',*,*,#12120,.T.);
#12122=ORIENTED_EDGE('',*,*,#12104,.T.);
#12123=EDGE_LOOP('',(#12117,#12119,#12121,#12122));
#12124=FACE_OUTER_BOUND('',#12123,.F.);
#12125=ADVANCED_FACE('',(#12124),#12116,.T.);
#12126=CARTESIAN_POINT('',(1.8E1,-2.499064159393E0,-1.55E0));
#12127=DIRECTION('',(0.E0,-1.E0,0.E0));
#12128=DIRECTION('',(-1.E0,0.E0,0.E0));
#12129=AXIS2_PLACEMENT_3D('',#12126,#12127,#12128);
#12130=PLANE('',#12129);
#12131=ORIENTED_EDGE('',*,*,#6749,.F.);
#12132=ORIENTED_EDGE('',*,*,#12093,.F.);
#12134=ORIENTED_EDGE('',*,*,#12133,.T.);
#12135=ORIENTED_EDGE('',*,*,#12118,.T.);
#12136=EDGE_LOOP('',(#12131,#12132,#12134,#12135));
#12137=FACE_OUTER_BOUND('',#12136,.F.);
#12138=ADVANCED_FACE('',(#12137),#12130,.T.);
#12139=CARTESIAN_POINT('',(0.E0,1.450093584061E1,-1.55E0));
#12140=DIRECTION('',(0.E0,0.E0,-1.E0));
#12141=DIRECTION('',(-1.E0,0.E0,0.E0));
#12142=AXIS2_PLACEMENT_3D('',#12139,#12140,#12141);
#12143=PLANE('',#12142);
#12144=ORIENTED_EDGE('',*,*,#12091,.F.);
#12145=ORIENTED_EDGE('',*,*,#12106,.F.);
#12146=ORIENTED_EDGE('',*,*,#12120,.F.);
#12147=ORIENTED_EDGE('',*,*,#12133,.F.);
#12148=EDGE_LOOP('',(#12144,#12145,#12146,#12147));
#12149=FACE_OUTER_BOUND('',#12148,.F.);
#12150=ADVANCED_FACE('',(#12149),#12143,.T.);
#12151=CARTESIAN_POINT('',(1.59E1,2.E-1,-1.55E0));
#12152=DIRECTION('',(1.E0,0.E0,0.E0));
#12153=DIRECTION('',(0.E0,-1.E0,0.E0));
#12154=AXIS2_PLACEMENT_3D('',#12151,#12152,#12153);
#12155=PLANE('',#12154);
#12156=ORIENTED_EDGE('',*,*,#6757,.F.);
#12158=ORIENTED_EDGE('',*,*,#12157,.F.);
#12160=ORIENTED_EDGE('',*,*,#12159,.T.);
#12162=ORIENTED_EDGE('',*,*,#12161,.T.);
#12163=EDGE_LOOP('',(#12156,#12158,#12160,#12162));
#12164=FACE_OUTER_BOUND('',#12163,.F.);
#12165=ADVANCED_FACE('',(#12164),#12155,.T.);
#12166=CARTESIAN_POINT('',(1.42E1,2.E-1,-1.55E0));
#12167=DIRECTION('',(0.E0,1.E0,0.E0));
#12168=DIRECTION('',(1.E0,0.E0,0.E0));
#12169=AXIS2_PLACEMENT_3D('',#12166,#12167,#12168);
#12170=PLANE('',#12169);
#12171=ORIENTED_EDGE('',*,*,#6763,.F.);
#12173=ORIENTED_EDGE('',*,*,#12172,.F.);
#12175=ORIENTED_EDGE('',*,*,#12174,.T.);
#12176=ORIENTED_EDGE('',*,*,#12157,.T.);
#12177=EDGE_LOOP('',(#12171,#12173,#12175,#12176));
#12178=FACE_OUTER_BOUND('',#12177,.F.);
#12179=ADVANCED_FACE('',(#12178),#12170,.T.);
#12180=CARTESIAN_POINT('',(1.42E1,-6.E-1,-1.55E0));
#12181=DIRECTION('',(-1.E0,0.E0,0.E0));
#12182=DIRECTION('',(0.E0,1.E0,0.E0));
#12183=AXIS2_PLACEMENT_3D('',#12180,#12181,#12182);
#12184=PLANE('',#12183);
#12185=ORIENTED_EDGE('',*,*,#6761,.F.);
#12187=ORIENTED_EDGE('',*,*,#12186,.F.);
#12189=ORIENTED_EDGE('',*,*,#12188,.T.);
#12190=ORIENTED_EDGE('',*,*,#12172,.T.);
#12191=EDGE_LOOP('',(#12185,#12187,#12189,#12190));
#12192=FACE_OUTER_BOUND('',#12191,.F.);
#12193=ADVANCED_FACE('',(#12192),#12184,.T.);
#12194=CARTESIAN_POINT('',(1.59E1,-6.E-1,-1.55E0));
#12195=DIRECTION('',(0.E0,-1.E0,0.E0));
#12196=DIRECTION('',(-1.E0,0.E0,0.E0));
#12197=AXIS2_PLACEMENT_3D('',#12194,#12195,#12196);
#12198=PLANE('',#12197);
#12199=ORIENTED_EDGE('',*,*,#6759,.F.);
#12200=ORIENTED_EDGE('',*,*,#12161,.F.);
#12202=ORIENTED_EDGE('',*,*,#12201,.T.);
#12203=ORIENTED_EDGE('',*,*,#12186,.T.);
#12204=EDGE_LOOP('',(#12199,#12200,#12202,#12203));
#12205=FACE_OUTER_BOUND('',#12204,.F.);
#12206=ADVANCED_FACE('',(#12205),#12198,.T.);
#12207=CARTESIAN_POINT('',(0.E0,1.450093584061E1,-1.55E0));
#12208=DIRECTION('',(0.E0,0.E0,-1.E0));
#12209=DIRECTION('',(-1.E0,0.E0,0.E0));
#12210=AXIS2_PLACEMENT_3D('',#12207,#12208,#12209);
#12211=PLANE('',#12210);
#12212=ORIENTED_EDGE('',*,*,#12159,.F.);
#12213=ORIENTED_EDGE('',*,*,#12174,.F.);
#12214=ORIENTED_EDGE('',*,*,#12188,.F.);
#12215=ORIENTED_EDGE('',*,*,#12201,.F.);
#12216=EDGE_LOOP('',(#12212,#12213,#12214,#12215));
#12217=FACE_OUTER_BOUND('',#12216,.F.);
#12218=ADVANCED_FACE('',(#12217),#12211,.T.);
#12219=CARTESIAN_POINT('',(1.92E1,1.2E0,-1.55E0));
#12220=DIRECTION('',(1.E0,0.E0,0.E0));
#12221=DIRECTION('',(0.E0,-1.E0,0.E0));
#12222=AXIS2_PLACEMENT_3D('',#12219,#12220,#12221);
#12223=PLANE('',#12222);
#12224=ORIENTED_EDGE('',*,*,#6767,.F.);
#12226=ORIENTED_EDGE('',*,*,#12225,.F.);
#12228=ORIENTED_EDGE('',*,*,#12227,.T.);
#12230=ORIENTED_EDGE('',*,*,#12229,.T.);
#12231=EDGE_LOOP('',(#12224,#12226,#12228,#12230));
#12232=FACE_OUTER_BOUND('',#12231,.F.);
#12233=ADVANCED_FACE('',(#12232),#12223,.T.);
#12234=CARTESIAN_POINT('',(1.75E1,1.2E0,-1.55E0));
#12235=DIRECTION('',(0.E0,1.E0,0.E0));
#12236=DIRECTION('',(1.E0,0.E0,0.E0));
#12237=AXIS2_PLACEMENT_3D('',#12234,#12235,#12236);
#12238=PLANE('',#12237);
#12239=ORIENTED_EDGE('',*,*,#6773,.F.);
#12241=ORIENTED_EDGE('',*,*,#12240,.F.);
#12243=ORIENTED_EDGE('',*,*,#12242,.T.);
#12244=ORIENTED_EDGE('',*,*,#12225,.T.);
#12245=EDGE_LOOP('',(#12239,#12241,#12243,#12244));
#12246=FACE_OUTER_BOUND('',#12245,.F.);
#12247=ADVANCED_FACE('',(#12246),#12238,.T.);
#12248=CARTESIAN_POINT('',(1.75E1,4.E-1,-1.55E0));
#12249=DIRECTION('',(-1.E0,0.E0,0.E0));
#12250=DIRECTION('',(0.E0,1.E0,0.E0));
#12251=AXIS2_PLACEMENT_3D('',#12248,#12249,#12250);
#12252=PLANE('',#12251);
#12253=ORIENTED_EDGE('',*,*,#6771,.F.);
#12255=ORIENTED_EDGE('',*,*,#12254,.F.);
#12257=ORIENTED_EDGE('',*,*,#12256,.T.);
#12258=ORIENTED_EDGE('',*,*,#12240,.T.);
#12259=EDGE_LOOP('',(#12253,#12255,#12257,#12258));
#12260=FACE_OUTER_BOUND('',#12259,.F.);
#12261=ADVANCED_FACE('',(#12260),#12252,.T.);
#12262=CARTESIAN_POINT('',(1.92E1,4.E-1,-1.55E0));
#12263=DIRECTION('',(0.E0,-1.E0,0.E0));
#12264=DIRECTION('',(-1.E0,0.E0,0.E0));
#12265=AXIS2_PLACEMENT_3D('',#12262,#12263,#12264);
#12266=PLANE('',#12265);
#12267=ORIENTED_EDGE('',*,*,#6769,.F.);
#12268=ORIENTED_EDGE('',*,*,#12229,.F.);
#12270=ORIENTED_EDGE('',*,*,#12269,.T.);
#12271=ORIENTED_EDGE('',*,*,#12254,.T.);
#12272=EDGE_LOOP('',(#12267,#12268,#12270,#12271));
#12273=FACE_OUTER_BOUND('',#12272,.F.);
#12274=ADVANCED_FACE('',(#12273),#12266,.T.);
#12275=CARTESIAN_POINT('',(0.E0,1.450093584061E1,-1.55E0));
#12276=DIRECTION('',(0.E0,0.E0,-1.E0));
#12277=DIRECTION('',(-1.E0,0.E0,0.E0));
#12278=AXIS2_PLACEMENT_3D('',#12275,#12276,#12277);
#12279=PLANE('',#12278);
#12280=ORIENTED_EDGE('',*,*,#12227,.F.);
#12281=ORIENTED_EDGE('',*,*,#12242,.F.);
#12282=ORIENTED_EDGE('',*,*,#12256,.F.);
#12283=ORIENTED_EDGE('',*,*,#12269,.F.);
#12284=EDGE_LOOP('',(#12280,#12281,#12282,#12283));
#12285=FACE_OUTER_BOUND('',#12284,.F.);
#12286=ADVANCED_FACE('',(#12285),#12279,.T.);
#12287=CARTESIAN_POINT('',(0.E0,1.450093584061E1,-1.55E0));
#12288=DIRECTION('',(0.E0,0.E0,-1.E0));
#12289=DIRECTION('',(-1.E0,0.E0,0.E0));
#12290=AXIS2_PLACEMENT_3D('',#12287,#12288,#12289);
#12291=PLANE('',#12290);
#12293=ORIENTED_EDGE('',*,*,#12292,.F.);
#12295=ORIENTED_EDGE('',*,*,#12294,.F.);
#12297=ORIENTED_EDGE('',*,*,#12296,.F.);
#12299=ORIENTED_EDGE('',*,*,#12298,.F.);
#12300=EDGE_LOOP('',(#12293,#12295,#12297,#12299));
#12301=FACE_OUTER_BOUND('',#12300,.F.);
#12302=ADVANCED_FACE('',(#12301),#12291,.T.);
#12303=CARTESIAN_POINT('',(2.18E1,1.35E0,-1.55E0));
#12304=DIRECTION('',(1.E0,0.E0,0.E0));
#12305=DIRECTION('',(0.E0,-1.E0,0.E0));
#12306=AXIS2_PLACEMENT_3D('',#12303,#12304,#12305);
#12307=PLANE('',#12306);
#12308=ORIENTED_EDGE('',*,*,#6777,.F.);
#12310=ORIENTED_EDGE('',*,*,#12309,.F.);
#12311=ORIENTED_EDGE('',*,*,#12292,.T.);
#12313=ORIENTED_EDGE('',*,*,#12312,.T.);
#12314=EDGE_LOOP('',(#12308,#12310,#12311,#12313));
#12315=FACE_OUTER_BOUND('',#12314,.F.);
#12316=ADVANCED_FACE('',(#12315),#12307,.T.);
#12317=CARTESIAN_POINT('',(2.1E1,1.35E0,-1.55E0));
#12318=DIRECTION('',(0.E0,1.E0,0.E0));
#12319=DIRECTION('',(1.E0,0.E0,0.E0));
#12320=AXIS2_PLACEMENT_3D('',#12317,#12318,#12319);
#12321=PLANE('',#12320);
#12322=ORIENTED_EDGE('',*,*,#6783,.F.);
#12324=ORIENTED_EDGE('',*,*,#12323,.F.);
#12325=ORIENTED_EDGE('',*,*,#12294,.T.);
#12326=ORIENTED_EDGE('',*,*,#12309,.T.);
#12327=EDGE_LOOP('',(#12322,#12324,#12325,#12326));
#12328=FACE_OUTER_BOUND('',#12327,.F.);
#12329=ADVANCED_FACE('',(#12328),#12321,.T.);
#12330=CARTESIAN_POINT('',(2.1E1,-3.5E-1,-1.55E0));
#12331=DIRECTION('',(-1.E0,0.E0,0.E0));
#12332=DIRECTION('',(0.E0,1.E0,0.E0));
#12333=AXIS2_PLACEMENT_3D('',#12330,#12331,#12332);
#12334=PLANE('',#12333);
#12335=ORIENTED_EDGE('',*,*,#6781,.F.);
#12337=ORIENTED_EDGE('',*,*,#12336,.F.);
#12338=ORIENTED_EDGE('',*,*,#12296,.T.);
#12339=ORIENTED_EDGE('',*,*,#12323,.T.);
#12340=EDGE_LOOP('',(#12335,#12337,#12338,#12339));
#12341=FACE_OUTER_BOUND('',#12340,.F.);
#12342=ADVANCED_FACE('',(#12341),#12334,.T.);
#12343=CARTESIAN_POINT('',(2.18E1,-3.5E-1,-1.55E0));
#12344=DIRECTION('',(0.E0,-1.E0,0.E0));
#12345=DIRECTION('',(-1.E0,0.E0,0.E0));
#12346=AXIS2_PLACEMENT_3D('',#12343,#12344,#12345);
#12347=PLANE('',#12346);
#12348=ORIENTED_EDGE('',*,*,#6779,.F.);
#12349=ORIENTED_EDGE('',*,*,#12312,.F.);
#12350=ORIENTED_EDGE('',*,*,#12298,.T.);
#12351=ORIENTED_EDGE('',*,*,#12336,.T.);
#12352=EDGE_LOOP('',(#12348,#12349,#12350,#12351));
#12353=FACE_OUTER_BOUND('',#12352,.F.);
#12354=ADVANCED_FACE('',(#12353),#12347,.T.);
#12355=CARTESIAN_POINT('',(1.52E1,2.3E0,-1.55E0));
#12356=DIRECTION('',(1.E0,0.E0,0.E0));
#12357=DIRECTION('',(0.E0,-1.E0,0.E0));
#12358=AXIS2_PLACEMENT_3D('',#12355,#12356,#12357);
#12359=PLANE('',#12358);
#12360=ORIENTED_EDGE('',*,*,#6787,.F.);
#12362=ORIENTED_EDGE('',*,*,#12361,.F.);
#12364=ORIENTED_EDGE('',*,*,#12363,.T.);
#12366=ORIENTED_EDGE('',*,*,#12365,.T.);
#12367=EDGE_LOOP('',(#12360,#12362,#12364,#12366));
#12368=FACE_OUTER_BOUND('',#12367,.F.);
#12369=ADVANCED_FACE('',(#12368),#12359,.T.);
#12370=CARTESIAN_POINT('',(1.35E1,2.3E0,-1.55E0));
#12371=DIRECTION('',(0.E0,1.E0,0.E0));
#12372=DIRECTION('',(1.E0,0.E0,0.E0));
#12373=AXIS2_PLACEMENT_3D('',#12370,#12371,#12372);
#12374=PLANE('',#12373);
#12375=ORIENTED_EDGE('',*,*,#6793,.F.);
#12377=ORIENTED_EDGE('',*,*,#12376,.F.);
#12379=ORIENTED_EDGE('',*,*,#12378,.T.);
#12380=ORIENTED_EDGE('',*,*,#12361,.T.);
#12381=EDGE_LOOP('',(#12375,#12377,#12379,#12380));
#12382=FACE_OUTER_BOUND('',#12381,.F.);
#12383=ADVANCED_FACE('',(#12382),#12374,.T.);
#12384=CARTESIAN_POINT('',(1.35E1,1.5E0,-1.55E0));
#12385=DIRECTION('',(-1.E0,0.E0,0.E0));
#12386=DIRECTION('',(0.E0,1.E0,0.E0));
#12387=AXIS2_PLACEMENT_3D('',#12384,#12385,#12386);
#12388=PLANE('',#12387);
#12389=ORIENTED_EDGE('',*,*,#6791,.F.);
#12391=ORIENTED_EDGE('',*,*,#12390,.F.);
#12393=ORIENTED_EDGE('',*,*,#12392,.T.);
#12394=ORIENTED_EDGE('',*,*,#12376,.T.);
#12395=EDGE_LOOP('',(#12389,#12391,#12393,#12394));
#12396=FACE_OUTER_BOUND('',#12395,.F.);
#12397=ADVANCED_FACE('',(#12396),#12388,.T.);
#12398=CARTESIAN_POINT('',(1.52E1,1.5E0,-1.55E0));
#12399=DIRECTION('',(0.E0,-1.E0,0.E0));
#12400=DIRECTION('',(-1.E0,0.E0,0.E0));
#12401=AXIS2_PLACEMENT_3D('',#12398,#12399,#12400);
#12402=PLANE('',#12401);
#12403=ORIENTED_EDGE('',*,*,#6789,.F.);
#12404=ORIENTED_EDGE('',*,*,#12365,.F.);
#12406=ORIENTED_EDGE('',*,*,#12405,.T.);
#12407=ORIENTED_EDGE('',*,*,#12390,.T.);
#12408=EDGE_LOOP('',(#12403,#12404,#12406,#12407));
#12409=FACE_OUTER_BOUND('',#12408,.F.);
#12410=ADVANCED_FACE('',(#12409),#12402,.T.);
#12411=CARTESIAN_POINT('',(0.E0,1.450093584061E1,-1.55E0));
#12412=DIRECTION('',(0.E0,0.E0,-1.E0));
#12413=DIRECTION('',(-1.E0,0.E0,0.E0));
#12414=AXIS2_PLACEMENT_3D('',#12411,#12412,#12413);
#12415=PLANE('',#12414);
#12416=ORIENTED_EDGE('',*,*,#12363,.F.);
#12417=ORIENTED_EDGE('',*,*,#12378,.F.);
#12418=ORIENTED_EDGE('',*,*,#12392,.F.);
#12419=ORIENTED_EDGE('',*,*,#12405,.F.);
#12420=EDGE_LOOP('',(#12416,#12417,#12418,#12419));
#12421=FACE_OUTER_BOUND('',#12420,.F.);
#12422=ADVANCED_FACE('',(#12421),#12415,.T.);
#12423=CARTESIAN_POINT('',(0.E0,1.450093584061E1,-1.55E0));
#12424=DIRECTION('',(0.E0,0.E0,-1.E0));
#12425=DIRECTION('',(-1.E0,0.E0,0.E0));
#12426=AXIS2_PLACEMENT_3D('',#12423,#12424,#12425);
#12427=PLANE('',#12426);
#12429=ORIENTED_EDGE('',*,*,#12428,.F.);
#12431=ORIENTED_EDGE('',*,*,#12430,.F.);
#12433=ORIENTED_EDGE('',*,*,#12432,.F.);
#12435=ORIENTED_EDGE('',*,*,#12434,.F.);
#12436=EDGE_LOOP('',(#12429,#12431,#12433,#12435));
#12437=FACE_OUTER_BOUND('',#12436,.F.);
#12438=ADVANCED_FACE('',(#12437),#12427,.T.);
#12439=CARTESIAN_POINT('',(0.E0,1.450093584061E1,-1.55E0));
#12440=DIRECTION('',(0.E0,0.E0,-1.E0));
#12441=DIRECTION('',(-1.E0,0.E0,0.E0));
#12442=AXIS2_PLACEMENT_3D('',#12439,#12440,#12441);
#12443=PLANE('',#12442);
#12445=ORIENTED_EDGE('',*,*,#12444,.F.);
#12447=ORIENTED_EDGE('',*,*,#12446,.F.);
#12449=ORIENTED_EDGE('',*,*,#12448,.F.);
#12451=ORIENTED_EDGE('',*,*,#12450,.F.);
#12452=EDGE_LOOP('',(#12445,#12447,#12449,#12451));
#12453=FACE_OUTER_BOUND('',#12452,.F.);
#12454=ADVANCED_FACE('',(#12453),#12443,.T.);
#12455=CARTESIAN_POINT('',(1.52E1,4.1E0,-1.55E0));
#12456=DIRECTION('',(1.E0,0.E0,0.E0));
#12457=DIRECTION('',(0.E0,-1.E0,0.E0));
#12458=AXIS2_PLACEMENT_3D('',#12455,#12456,#12457);
#12459=PLANE('',#12458);
#12460=ORIENTED_EDGE('',*,*,#6797,.F.);
#12462=ORIENTED_EDGE('',*,*,#12461,.F.);
#12463=ORIENTED_EDGE('',*,*,#12428,.T.);
#12465=ORIENTED_EDGE('',*,*,#12464,.T.);
#12466=EDGE_LOOP('',(#12460,#12462,#12463,#12465));
#12467=FACE_OUTER_BOUND('',#12466,.F.);
#12468=ADVANCED_FACE('',(#12467),#12459,.T.);
#12469=CARTESIAN_POINT('',(1.35E1,4.1E0,-1.55E0));
#12470=DIRECTION('',(0.E0,1.E0,0.E0));
#12471=DIRECTION('',(1.E0,0.E0,0.E0));
#12472=AXIS2_PLACEMENT_3D('',#12469,#12470,#12471);
#12473=PLANE('',#12472);
#12474=ORIENTED_EDGE('',*,*,#6803,.F.);
#12476=ORIENTED_EDGE('',*,*,#12475,.F.);
#12477=ORIENTED_EDGE('',*,*,#12430,.T.);
#12478=ORIENTED_EDGE('',*,*,#12461,.T.);
#12479=EDGE_LOOP('',(#12474,#12476,#12477,#12478));
#12480=FACE_OUTER_BOUND('',#12479,.F.);
#12481=ADVANCED_FACE('',(#12480),#12473,.T.);
#12482=CARTESIAN_POINT('',(1.35E1,3.3E0,-1.55E0));
#12483=DIRECTION('',(-1.E0,0.E0,0.E0));
#12484=DIRECTION('',(0.E0,1.E0,0.E0));
#12485=AXIS2_PLACEMENT_3D('',#12482,#12483,#12484);
#12486=PLANE('',#12485);
#12487=ORIENTED_EDGE('',*,*,#6801,.F.);
#12489=ORIENTED_EDGE('',*,*,#12488,.F.);
#12490=ORIENTED_EDGE('',*,*,#12432,.T.);
#12491=ORIENTED_EDGE('',*,*,#12475,.T.);
#12492=EDGE_LOOP('',(#12487,#12489,#12490,#12491));
#12493=FACE_OUTER_BOUND('',#12492,.F.);
#12494=ADVANCED_FACE('',(#12493),#12486,.T.);
#12495=CARTESIAN_POINT('',(1.52E1,3.3E0,-1.55E0));
#12496=DIRECTION('',(0.E0,-1.E0,0.E0));
#12497=DIRECTION('',(-1.E0,0.E0,0.E0));
#12498=AXIS2_PLACEMENT_3D('',#12495,#12496,#12497);
#12499=PLANE('',#12498);
#12500=ORIENTED_EDGE('',*,*,#6799,.F.);
#12501=ORIENTED_EDGE('',*,*,#12464,.F.);
#12502=ORIENTED_EDGE('',*,*,#12434,.T.);
#12503=ORIENTED_EDGE('',*,*,#12488,.T.);
#12504=EDGE_LOOP('',(#12500,#12501,#12502,#12503));
#12505=FACE_OUTER_BOUND('',#12504,.F.);
#12506=ADVANCED_FACE('',(#12505),#12499,.T.);
#12507=CARTESIAN_POINT('',(1.43E1,8.7E0,-1.55E0));
#12508=DIRECTION('',(1.E0,0.E0,0.E0));
#12509=DIRECTION('',(0.E0,-1.E0,0.E0));
#12510=AXIS2_PLACEMENT_3D('',#12507,#12508,#12509);
#12511=PLANE('',#12510);
#12512=ORIENTED_EDGE('',*,*,#6807,.F.);
#12514=ORIENTED_EDGE('',*,*,#12513,.F.);
#12515=ORIENTED_EDGE('',*,*,#12444,.T.);
#12517=ORIENTED_EDGE('',*,*,#12516,.T.);
#12518=EDGE_LOOP('',(#12512,#12514,#12515,#12517));
#12519=FACE_OUTER_BOUND('',#12518,.F.);
#12520=ADVANCED_FACE('',(#12519),#12511,.T.);
#12521=CARTESIAN_POINT('',(1.23E1,8.7E0,-1.55E0));
#12522=DIRECTION('',(0.E0,1.E0,0.E0));
#12523=DIRECTION('',(1.E0,0.E0,0.E0));
#12524=AXIS2_PLACEMENT_3D('',#12521,#12522,#12523);
#12525=PLANE('',#12524);
#12526=ORIENTED_EDGE('',*,*,#6813,.F.);
#12528=ORIENTED_EDGE('',*,*,#12527,.F.);
#12529=ORIENTED_EDGE('',*,*,#12446,.T.);
#12530=ORIENTED_EDGE('',*,*,#12513,.T.);
#12531=EDGE_LOOP('',(#12526,#12528,#12529,#12530));
#12532=FACE_OUTER_BOUND('',#12531,.F.);
#12533=ADVANCED_FACE('',(#12532),#12525,.T.);
#12534=CARTESIAN_POINT('',(1.23E1,7.4E0,-1.55E0));
#12535=DIRECTION('',(-1.E0,0.E0,0.E0));
#12536=DIRECTION('',(0.E0,1.E0,0.E0));
#12537=AXIS2_PLACEMENT_3D('',#12534,#12535,#12536);
#12538=PLANE('',#12537);
#12539=ORIENTED_EDGE('',*,*,#6811,.F.);
#12541=ORIENTED_EDGE('',*,*,#12540,.F.);
#12542=ORIENTED_EDGE('',*,*,#12448,.T.);
#12543=ORIENTED_EDGE('',*,*,#12527,.T.);
#12544=EDGE_LOOP('',(#12539,#12541,#12542,#12543));
#12545=FACE_OUTER_BOUND('',#12544,.F.);
#12546=ADVANCED_FACE('',(#12545),#12538,.T.);
#12547=CARTESIAN_POINT('',(1.43E1,7.4E0,-1.55E0));
#12548=DIRECTION('',(0.E0,-1.E0,0.E0));
#12549=DIRECTION('',(-1.E0,0.E0,0.E0));
#12550=AXIS2_PLACEMENT_3D('',#12547,#12548,#12549);
#12551=PLANE('',#12550);
#12552=ORIENTED_EDGE('',*,*,#6809,.F.);
#12553=ORIENTED_EDGE('',*,*,#12516,.F.);
#12554=ORIENTED_EDGE('',*,*,#12450,.T.);
#12555=ORIENTED_EDGE('',*,*,#12540,.T.);
#12556=EDGE_LOOP('',(#12552,#12553,#12554,#12555));
#12557=FACE_OUTER_BOUND('',#12556,.F.);
#12558=ADVANCED_FACE('',(#12557),#12551,.T.);
#12559=CARTESIAN_POINT('',(1.88E1,8.4E0,-1.55E0));
#12560=DIRECTION('',(1.E0,0.E0,0.E0));
#12561=DIRECTION('',(0.E0,-1.E0,0.E0));
#12562=AXIS2_PLACEMENT_3D('',#12559,#12560,#12561);
#12563=PLANE('',#12562);
#12564=ORIENTED_EDGE('',*,*,#6817,.F.);
#12566=ORIENTED_EDGE('',*,*,#12565,.F.);
#12568=ORIENTED_EDGE('',*,*,#12567,.T.);
#12570=ORIENTED_EDGE('',*,*,#12569,.T.);
#12571=EDGE_LOOP('',(#12564,#12566,#12568,#12570));
#12572=FACE_OUTER_BOUND('',#12571,.F.);
#12573=ADVANCED_FACE('',(#12572),#12563,.T.);
#12574=CARTESIAN_POINT('',(1.71E1,8.4E0,-1.55E0));
#12575=DIRECTION('',(0.E0,1.E0,0.E0));
#12576=DIRECTION('',(1.E0,0.E0,0.E0));
#12577=AXIS2_PLACEMENT_3D('',#12574,#12575,#12576);
#12578=PLANE('',#12577);
#12579=ORIENTED_EDGE('',*,*,#6823,.F.);
#12581=ORIENTED_EDGE('',*,*,#12580,.F.);
#12583=ORIENTED_EDGE('',*,*,#12582,.T.);
#12584=ORIENTED_EDGE('',*,*,#12565,.T.);
#12585=EDGE_LOOP('',(#12579,#12581,#12583,#12584));
#12586=FACE_OUTER_BOUND('',#12585,.F.);
#12587=ADVANCED_FACE('',(#12586),#12578,.T.);
#12588=CARTESIAN_POINT('',(1.71E1,7.6E0,-1.55E0));
#12589=DIRECTION('',(-1.E0,0.E0,0.E0));
#12590=DIRECTION('',(0.E0,1.E0,0.E0));
#12591=AXIS2_PLACEMENT_3D('',#12588,#12589,#12590);
#12592=PLANE('',#12591);
#12593=ORIENTED_EDGE('',*,*,#6821,.F.);
#12595=ORIENTED_EDGE('',*,*,#12594,.F.);
#12597=ORIENTED_EDGE('',*,*,#12596,.T.);
#12598=ORIENTED_EDGE('',*,*,#12580,.T.);
#12599=EDGE_LOOP('',(#12593,#12595,#12597,#12598));
#12600=FACE_OUTER_BOUND('',#12599,.F.);
#12601=ADVANCED_FACE('',(#12600),#12592,.T.);
#12602=CARTESIAN_POINT('',(1.88E1,7.6E0,-1.55E0));
#12603=DIRECTION('',(0.E0,-1.E0,0.E0));
#12604=DIRECTION('',(-1.E0,0.E0,0.E0));
#12605=AXIS2_PLACEMENT_3D('',#12602,#12603,#12604);
#12606=PLANE('',#12605);
#12607=ORIENTED_EDGE('',*,*,#6819,.F.);
#12608=ORIENTED_EDGE('',*,*,#12569,.F.);
#12610=ORIENTED_EDGE('',*,*,#12609,.T.);
#12611=ORIENTED_EDGE('',*,*,#12594,.T.);
#12612=EDGE_LOOP('',(#12607,#12608,#12610,#12611));
#12613=FACE_OUTER_BOUND('',#12612,.F.);
#12614=ADVANCED_FACE('',(#12613),#12606,.T.);
#12615=CARTESIAN_POINT('',(0.E0,1.450093584061E1,-1.55E0));
#12616=DIRECTION('',(0.E0,0.E0,-1.E0));
#12617=DIRECTION('',(-1.E0,0.E0,0.E0));
#12618=AXIS2_PLACEMENT_3D('',#12615,#12616,#12617);
#12619=PLANE('',#12618);
#12620=ORIENTED_EDGE('',*,*,#12567,.F.);
#12621=ORIENTED_EDGE('',*,*,#12582,.F.);
#12622=ORIENTED_EDGE('',*,*,#12596,.F.);
#12623=ORIENTED_EDGE('',*,*,#12609,.F.);
#12624=EDGE_LOOP('',(#12620,#12621,#12622,#12623));
#12625=FACE_OUTER_BOUND('',#12624,.F.);
#12626=ADVANCED_FACE('',(#12625),#12619,.T.);
#12627=CARTESIAN_POINT('',(1.96E1,5.1E0,-5.5E-1));
#12628=DIRECTION('',(1.E0,0.E0,0.E0));
#12629=DIRECTION('',(0.E0,-1.E0,0.E0));
#12630=AXIS2_PLACEMENT_3D('',#12627,#12628,#12629);
#12631=PLANE('',#12630);
#12632=ORIENTED_EDGE('',*,*,#6827,.F.);
#12634=ORIENTED_EDGE('',*,*,#12633,.T.);
#12636=ORIENTED_EDGE('',*,*,#12635,.T.);
#12638=ORIENTED_EDGE('',*,*,#12637,.F.);
#12639=EDGE_LOOP('',(#12632,#12634,#12636,#12638));
#12640=FACE_OUTER_BOUND('',#12639,.F.);
#12641=ADVANCED_FACE('',(#12640),#12631,.T.);
#12642=CARTESIAN_POINT('',(1.67E1,5.1E0,-5.5E-1));
#12643=DIRECTION('',(0.E0,1.E0,0.E0));
#12644=DIRECTION('',(1.E0,0.E0,0.E0));
#12645=AXIS2_PLACEMENT_3D('',#12642,#12643,#12644);
#12646=PLANE('',#12645);
#12647=ORIENTED_EDGE('',*,*,#6833,.F.);
#12649=ORIENTED_EDGE('',*,*,#12648,.T.);
#12651=ORIENTED_EDGE('',*,*,#12650,.T.);
#12652=ORIENTED_EDGE('',*,*,#12633,.F.);
#12653=EDGE_LOOP('',(#12647,#12649,#12651,#12652));
#12654=FACE_OUTER_BOUND('',#12653,.F.);
#12655=ADVANCED_FACE('',(#12654),#12646,.T.);
#12656=CARTESIAN_POINT('',(1.67E1,3.2E0,-5.5E-1));
#12657=DIRECTION('',(-1.E0,0.E0,0.E0));
#12658=DIRECTION('',(0.E0,1.E0,0.E0));
#12659=AXIS2_PLACEMENT_3D('',#12656,#12657,#12658);
#12660=PLANE('',#12659);
#12661=ORIENTED_EDGE('',*,*,#6831,.F.);
#12663=ORIENTED_EDGE('',*,*,#12662,.T.);
#12665=ORIENTED_EDGE('',*,*,#12664,.T.);
#12666=ORIENTED_EDGE('',*,*,#12648,.F.);
#12667=EDGE_LOOP('',(#12661,#12663,#12665,#12666));
#12668=FACE_OUTER_BOUND('',#12667,.F.);
#12669=ADVANCED_FACE('',(#12668),#12660,.T.);
#12670=CARTESIAN_POINT('',(1.96E1,3.2E0,-5.5E-1));
#12671=DIRECTION('',(0.E0,-1.E0,0.E0));
#12672=DIRECTION('',(-1.E0,0.E0,0.E0));
#12673=AXIS2_PLACEMENT_3D('',#12670,#12671,#12672);
#12674=PLANE('',#12673);
#12675=ORIENTED_EDGE('',*,*,#6829,.F.);
#12676=ORIENTED_EDGE('',*,*,#12637,.T.);
#12678=ORIENTED_EDGE('',*,*,#12677,.T.);
#12679=ORIENTED_EDGE('',*,*,#12662,.F.);
#12680=EDGE_LOOP('',(#12675,#12676,#12678,#12679));
#12681=FACE_OUTER_BOUND('',#12680,.F.);
#12682=ADVANCED_FACE('',(#12681),#12674,.T.);
#12683=CARTESIAN_POINT('',(0.E0,1.450093584061E1,-1.55E0));
#12684=DIRECTION('',(0.E0,0.E0,-1.E0));
#12685=DIRECTION('',(-1.E0,0.E0,0.E0));
#12686=AXIS2_PLACEMENT_3D('',#12683,#12684,#12685);
#12687=PLANE('',#12686);
#12688=ORIENTED_EDGE('',*,*,#12635,.F.);
#12689=ORIENTED_EDGE('',*,*,#12650,.F.);
#12690=ORIENTED_EDGE('',*,*,#12664,.F.);
#12691=ORIENTED_EDGE('',*,*,#12677,.F.);
#12692=EDGE_LOOP('',(#12688,#12689,#12690,#12691));
#12693=FACE_OUTER_BOUND('',#12692,.F.);
#12694=ADVANCED_FACE('',(#12693),#12687,.T.);
#12695=CARTESIAN_POINT('',(2.28E1,5.8E0,-1.55E0));
#12696=DIRECTION('',(1.E0,0.E0,0.E0));
#12697=DIRECTION('',(0.E0,-1.E0,0.E0));
#12698=AXIS2_PLACEMENT_3D('',#12695,#12696,#12697);
#12699=PLANE('',#12698);
#12700=ORIENTED_EDGE('',*,*,#6837,.F.);
#12702=ORIENTED_EDGE('',*,*,#12701,.F.);
#12704=ORIENTED_EDGE('',*,*,#12703,.T.);
#12706=ORIENTED_EDGE('',*,*,#12705,.T.);
#12707=EDGE_LOOP('',(#12700,#12702,#12704,#12706));
#12708=FACE_OUTER_BOUND('',#12707,.F.);
#12709=ADVANCED_FACE('',(#12708),#12699,.T.);
#12710=CARTESIAN_POINT('',(2.11E1,5.8E0,-1.55E0));
#12711=DIRECTION('',(0.E0,1.E0,0.E0));
#12712=DIRECTION('',(1.E0,0.E0,0.E0));
#12713=AXIS2_PLACEMENT_3D('',#12710,#12711,#12712);
#12714=PLANE('',#12713);
#12715=ORIENTED_EDGE('',*,*,#6843,.F.);
#12717=ORIENTED_EDGE('',*,*,#12716,.F.);
#12719=ORIENTED_EDGE('',*,*,#12718,.T.);
#12720=ORIENTED_EDGE('',*,*,#12701,.T.);
#12721=EDGE_LOOP('',(#12715,#12717,#12719,#12720));
#12722=FACE_OUTER_BOUND('',#12721,.F.);
#12723=ADVANCED_FACE('',(#12722),#12714,.T.);
#12724=CARTESIAN_POINT('',(2.11E1,5.E0,-1.55E0));
#12725=DIRECTION('',(-1.E0,0.E0,0.E0));
#12726=DIRECTION('',(0.E0,1.E0,0.E0));
#12727=AXIS2_PLACEMENT_3D('',#12724,#12725,#12726);
#12728=PLANE('',#12727);
#12729=ORIENTED_EDGE('',*,*,#6841,.F.);
#12731=ORIENTED_EDGE('',*,*,#12730,.F.);
#12733=ORIENTED_EDGE('',*,*,#12732,.T.);
#12734=ORIENTED_EDGE('',*,*,#12716,.T.);
#12735=EDGE_LOOP('',(#12729,#12731,#12733,#12734));
#12736=FACE_OUTER_BOUND('',#12735,.F.);
#12737=ADVANCED_FACE('',(#12736),#12728,.T.);
#12738=CARTESIAN_POINT('',(2.28E1,5.E0,-1.55E0));
#12739=DIRECTION('',(0.E0,-1.E0,0.E0));
#12740=DIRECTION('',(-1.E0,0.E0,0.E0));
#12741=AXIS2_PLACEMENT_3D('',#12738,#12739,#12740);
#12742=PLANE('',#12741);
#12743=ORIENTED_EDGE('',*,*,#6839,.F.);
#12744=ORIENTED_EDGE('',*,*,#12705,.F.);
#12746=ORIENTED_EDGE('',*,*,#12745,.T.);
#12747=ORIENTED_EDGE('',*,*,#12730,.T.);
#12748=EDGE_LOOP('',(#12743,#12744,#12746,#12747));
#12749=FACE_OUTER_BOUND('',#12748,.F.);
#12750=ADVANCED_FACE('',(#12749),#12742,.T.);
#12751=CARTESIAN_POINT('',(0.E0,1.450093584061E1,-1.55E0));
#12752=DIRECTION('',(0.E0,0.E0,-1.E0));
#12753=DIRECTION('',(-1.E0,0.E0,0.E0));
#12754=AXIS2_PLACEMENT_3D('',#12751,#12752,#12753);
#12755=PLANE('',#12754);
#12756=ORIENTED_EDGE('',*,*,#12703,.F.);
#12757=ORIENTED_EDGE('',*,*,#12718,.F.);
#12758=ORIENTED_EDGE('',*,*,#12732,.F.);
#12759=ORIENTED_EDGE('',*,*,#12745,.F.);
#12760=EDGE_LOOP('',(#12756,#12757,#12758,#12759));
#12761=FACE_OUTER_BOUND('',#12760,.F.);
#12762=ADVANCED_FACE('',(#12761),#12755,.T.);
#12763=CARTESIAN_POINT('',(0.E0,1.450093584061E1,-1.55E0));
#12764=DIRECTION('',(0.E0,0.E0,-1.E0));
#12765=DIRECTION('',(-1.E0,0.E0,0.E0));
#12766=AXIS2_PLACEMENT_3D('',#12763,#12764,#12765);
#12767=PLANE('',#12766);
#12769=ORIENTED_EDGE('',*,*,#12768,.F.);
#12771=ORIENTED_EDGE('',*,*,#12770,.F.);
#12773=ORIENTED_EDGE('',*,*,#12772,.F.);
#12775=ORIENTED_EDGE('',*,*,#12774,.F.);
#12776=EDGE_LOOP('',(#12769,#12771,#12773,#12775));
#12777=FACE_OUTER_BOUND('',#12776,.F.);
#12778=ADVANCED_FACE('',(#12777),#12767,.T.);
#12779=CARTESIAN_POINT('',(0.E0,1.450093584061E1,-1.55E0));
#12780=DIRECTION('',(0.E0,0.E0,-1.E0));
#12781=DIRECTION('',(-1.E0,0.E0,0.E0));
#12782=AXIS2_PLACEMENT_3D('',#12779,#12780,#12781);
#12783=PLANE('',#12782);
#12785=ORIENTED_EDGE('',*,*,#12784,.F.);
#12787=ORIENTED_EDGE('',*,*,#12786,.F.);
#12789=ORIENTED_EDGE('',*,*,#12788,.F.);
#12791=ORIENTED_EDGE('',*,*,#12790,.F.);
#12792=EDGE_LOOP('',(#12785,#12787,#12789,#12791));
#12793=FACE_OUTER_BOUND('',#12792,.F.);
#12794=ADVANCED_FACE('',(#12793),#12783,.T.);
#12795=CARTESIAN_POINT('',(2.24E1,8.7E0,-1.55E0));
#12796=DIRECTION('',(1.E0,0.E0,0.E0));
#12797=DIRECTION('',(0.E0,-1.E0,0.E0));
#12798=AXIS2_PLACEMENT_3D('',#12795,#12796,#12797);
#12799=PLANE('',#12798);
#12800=ORIENTED_EDGE('',*,*,#6847,.F.);
#12802=ORIENTED_EDGE('',*,*,#12801,.F.);
#12803=ORIENTED_EDGE('',*,*,#12768,.T.);
#12805=ORIENTED_EDGE('',*,*,#12804,.T.);
#12806=EDGE_LOOP('',(#12800,#12802,#12803,#12805));
#12807=FACE_OUTER_BOUND('',#12806,.F.);
#12808=ADVANCED_FACE('',(#12807),#12799,.T.);
#12809=CARTESIAN_POINT('',(2.07E1,8.7E0,-1.55E0));
#12810=DIRECTION('',(0.E0,1.E0,0.E0));
#12811=DIRECTION('',(1.E0,0.E0,0.E0));
#12812=AXIS2_PLACEMENT_3D('',#12809,#12810,#12811);
#12813=PLANE('',#12812);
#12814=ORIENTED_EDGE('',*,*,#6853,.F.);
#12816=ORIENTED_EDGE('',*,*,#12815,.F.);
#12817=ORIENTED_EDGE('',*,*,#12770,.T.);
#12818=ORIENTED_EDGE('',*,*,#12801,.T.);
#12819=EDGE_LOOP('',(#12814,#12816,#12817,#12818));
#12820=FACE_OUTER_BOUND('',#12819,.F.);
#12821=ADVANCED_FACE('',(#12820),#12813,.T.);
#12822=CARTESIAN_POINT('',(2.07E1,7.9E0,-1.55E0));
#12823=DIRECTION('',(-1.E0,0.E0,0.E0));
#12824=DIRECTION('',(0.E0,1.E0,0.E0));
#12825=AXIS2_PLACEMENT_3D('',#12822,#12823,#12824);
#12826=PLANE('',#12825);
#12827=ORIENTED_EDGE('',*,*,#6851,.F.);
#12829=ORIENTED_EDGE('',*,*,#12828,.F.);
#12830=ORIENTED_EDGE('',*,*,#12772,.T.);
#12831=ORIENTED_EDGE('',*,*,#12815,.T.);
#12832=EDGE_LOOP('',(#12827,#12829,#12830,#12831));
#12833=FACE_OUTER_BOUND('',#12832,.F.);
#12834=ADVANCED_FACE('',(#12833),#12826,.T.);
#12835=CARTESIAN_POINT('',(2.24E1,7.9E0,-1.55E0));
#12836=DIRECTION('',(0.E0,-1.E0,0.E0));
#12837=DIRECTION('',(-1.E0,0.E0,0.E0));
#12838=AXIS2_PLACEMENT_3D('',#12835,#12836,#12837);
#12839=PLANE('',#12838);
#12840=ORIENTED_EDGE('',*,*,#6849,.F.);
#12841=ORIENTED_EDGE('',*,*,#12804,.F.);
#12842=ORIENTED_EDGE('',*,*,#12774,.T.);
#12843=ORIENTED_EDGE('',*,*,#12828,.T.);
#12844=EDGE_LOOP('',(#12840,#12841,#12842,#12843));
#12845=FACE_OUTER_BOUND('',#12844,.F.);
#12846=ADVANCED_FACE('',(#12845),#12839,.T.);
#12847=CARTESIAN_POINT('',(2.19E1,1.065506282758E1,-1.55E0));
#12848=DIRECTION('',(1.E0,0.E0,0.E0));
#12849=DIRECTION('',(0.E0,-1.E0,0.E0));
#12850=AXIS2_PLACEMENT_3D('',#12847,#12848,#12849);
#12851=PLANE('',#12850);
#12852=ORIENTED_EDGE('',*,*,#6857,.F.);
#12854=ORIENTED_EDGE('',*,*,#12853,.F.);
#12855=ORIENTED_EDGE('',*,*,#12784,.T.);
#12857=ORIENTED_EDGE('',*,*,#12856,.T.);
#12858=EDGE_LOOP('',(#12852,#12854,#12855,#12857));
#12859=FACE_OUTER_BOUND('',#12858,.F.);
#12860=ADVANCED_FACE('',(#12859),#12851,.T.);
#12861=CARTESIAN_POINT('',(2.02E1,1.065506282758E1,-1.55E0));
#12862=DIRECTION('',(0.E0,1.E0,0.E0));
#12863=DIRECTION('',(1.E0,0.E0,0.E0));
#12864=AXIS2_PLACEMENT_3D('',#12861,#12862,#12863);
#12865=PLANE('',#12864);
#12866=ORIENTED_EDGE('',*,*,#6863,.F.);
#12868=ORIENTED_EDGE('',*,*,#12867,.F.);
#12869=ORIENTED_EDGE('',*,*,#12786,.T.);
#12870=ORIENTED_EDGE('',*,*,#12853,.T.);
#12871=EDGE_LOOP('',(#12866,#12868,#12869,#12870));
#12872=FACE_OUTER_BOUND('',#12871,.F.);
#12873=ADVANCED_FACE('',(#12872),#12865,.T.);
#12874=CARTESIAN_POINT('',(2.02E1,9.855062827580E0,-1.55E0));
#12875=DIRECTION('',(-1.E0,0.E0,0.E0));
#12876=DIRECTION('',(0.E0,1.E0,0.E0));
#12877=AXIS2_PLACEMENT_3D('',#12874,#12875,#12876);
#12878=PLANE('',#12877);
#12879=ORIENTED_EDGE('',*,*,#6861,.F.);
#12881=ORIENTED_EDGE('',*,*,#12880,.F.);
#12882=ORIENTED_EDGE('',*,*,#12788,.T.);
#12883=ORIENTED_EDGE('',*,*,#12867,.T.);
#12884=EDGE_LOOP('',(#12879,#12881,#12882,#12883));
#12885=FACE_OUTER_BOUND('',#12884,.F.);
#12886=ADVANCED_FACE('',(#12885),#12878,.T.);
#12887=CARTESIAN_POINT('',(2.19E1,9.855062827580E0,-1.55E0));
#12888=DIRECTION('',(0.E0,-1.E0,0.E0));
#12889=DIRECTION('',(-1.E0,0.E0,0.E0));
#12890=AXIS2_PLACEMENT_3D('',#12887,#12888,#12889);
#12891=PLANE('',#12890);
#12892=ORIENTED_EDGE('',*,*,#6859,.F.);
#12893=ORIENTED_EDGE('',*,*,#12856,.F.);
#12894=ORIENTED_EDGE('',*,*,#12790,.T.);
#12895=ORIENTED_EDGE('',*,*,#12880,.T.);
#12896=EDGE_LOOP('',(#12892,#12893,#12894,#12895));
#12897=FACE_OUTER_BOUND('',#12896,.F.);
#12898=ADVANCED_FACE('',(#12897),#12891,.T.);
#12899=CARTESIAN_POINT('',(4.02E1,9.E0,-1.55E0));
#12900=DIRECTION('',(1.E0,0.E0,0.E0));
#12901=DIRECTION('',(0.E0,-1.E0,0.E0));
#12902=AXIS2_PLACEMENT_3D('',#12899,#12900,#12901);
#12903=PLANE('',#12902);
#12904=ORIENTED_EDGE('',*,*,#6867,.F.);
#12906=ORIENTED_EDGE('',*,*,#12905,.F.);
#12908=ORIENTED_EDGE('',*,*,#12907,.T.);
#12910=ORIENTED_EDGE('',*,*,#12909,.T.);
#12911=EDGE_LOOP('',(#12904,#12906,#12908,#12910));
#12912=FACE_OUTER_BOUND('',#12911,.F.);
#12913=ADVANCED_FACE('',(#12912),#12903,.T.);
#12914=CARTESIAN_POINT('',(3.85E1,9.E0,-1.55E0));
#12915=DIRECTION('',(0.E0,1.E0,0.E0));
#12916=DIRECTION('',(1.E0,0.E0,0.E0));
#12917=AXIS2_PLACEMENT_3D('',#12914,#12915,#12916);
#12918=PLANE('',#12917);
#12919=ORIENTED_EDGE('',*,*,#6873,.F.);
#12921=ORIENTED_EDGE('',*,*,#12920,.F.);
#12923=ORIENTED_EDGE('',*,*,#12922,.T.);
#12924=ORIENTED_EDGE('',*,*,#12905,.T.);
#12925=EDGE_LOOP('',(#12919,#12921,#12923,#12924));
#12926=FACE_OUTER_BOUND('',#12925,.F.);
#12927=ADVANCED_FACE('',(#12926),#12918,.T.);
#12928=CARTESIAN_POINT('',(3.85E1,8.2E0,-1.55E0));
#12929=DIRECTION('',(-1.E0,0.E0,0.E0));
#12930=DIRECTION('',(0.E0,1.E0,0.E0));
#12931=AXIS2_PLACEMENT_3D('',#12928,#12929,#12930);
#12932=PLANE('',#12931);
#12933=ORIENTED_EDGE('',*,*,#6871,.F.);
#12935=ORIENTED_EDGE('',*,*,#12934,.F.);
#12937=ORIENTED_EDGE('',*,*,#12936,.T.);
#12938=ORIENTED_EDGE('',*,*,#12920,.T.);
#12939=EDGE_LOOP('',(#12933,#12935,#12937,#12938));
#12940=FACE_OUTER_BOUND('',#12939,.F.);
#12941=ADVANCED_FACE('',(#12940),#12932,.T.);
#12942=CARTESIAN_POINT('',(4.02E1,8.2E0,-1.55E0));
#12943=DIRECTION('',(0.E0,-1.E0,0.E0));
#12944=DIRECTION('',(-1.E0,0.E0,0.E0));
#12945=AXIS2_PLACEMENT_3D('',#12942,#12943,#12944);
#12946=PLANE('',#12945);
#12947=ORIENTED_EDGE('',*,*,#6869,.F.);
#12948=ORIENTED_EDGE('',*,*,#12909,.F.);
#12950=ORIENTED_EDGE('',*,*,#12949,.T.);
#12951=ORIENTED_EDGE('',*,*,#12934,.T.);
#12952=EDGE_LOOP('',(#12947,#12948,#12950,#12951));
#12953=FACE_OUTER_BOUND('',#12952,.F.);
#12954=ADVANCED_FACE('',(#12953),#12946,.T.);
#12955=CARTESIAN_POINT('',(0.E0,1.450093584061E1,-1.55E0));
#12956=DIRECTION('',(0.E0,0.E0,-1.E0));
#12957=DIRECTION('',(-1.E0,0.E0,0.E0));
#12958=AXIS2_PLACEMENT_3D('',#12955,#12956,#12957);
#12959=PLANE('',#12958);
#12960=ORIENTED_EDGE('',*,*,#12907,.F.);
#12961=ORIENTED_EDGE('',*,*,#12922,.F.);
#12962=ORIENTED_EDGE('',*,*,#12936,.F.);
#12963=ORIENTED_EDGE('',*,*,#12949,.F.);
#12964=EDGE_LOOP('',(#12960,#12961,#12962,#12963));
#12965=FACE_OUTER_BOUND('',#12964,.F.);
#12966=ADVANCED_FACE('',(#12965),#12959,.T.);
#12967=CARTESIAN_POINT('',(0.E0,1.450093584061E1,-1.55E0));
#12968=DIRECTION('',(0.E0,0.E0,-1.E0));
#12969=DIRECTION('',(-1.E0,0.E0,0.E0));
#12970=AXIS2_PLACEMENT_3D('',#12967,#12968,#12969);
#12971=PLANE('',#12970);
#12973=ORIENTED_EDGE('',*,*,#12972,.F.);
#12975=ORIENTED_EDGE('',*,*,#12974,.F.);
#12977=ORIENTED_EDGE('',*,*,#12976,.F.);
#12979=ORIENTED_EDGE('',*,*,#12978,.F.);
#12980=EDGE_LOOP('',(#12973,#12975,#12977,#12979));
#12981=FACE_OUTER_BOUND('',#12980,.F.);
#12982=ADVANCED_FACE('',(#12981),#12971,.T.);
#12983=CARTESIAN_POINT('',(4.02E1,7.2E0,-1.55E0));
#12984=DIRECTION('',(1.E0,0.E0,0.E0));
#12985=DIRECTION('',(0.E0,-1.E0,0.E0));
#12986=AXIS2_PLACEMENT_3D('',#12983,#12984,#12985);
#12987=PLANE('',#12986);
#12988=ORIENTED_EDGE('',*,*,#6877,.F.);
#12990=ORIENTED_EDGE('',*,*,#12989,.F.);
#12991=ORIENTED_EDGE('',*,*,#12972,.T.);
#12993=ORIENTED_EDGE('',*,*,#12992,.T.);
#12994=EDGE_LOOP('',(#12988,#12990,#12991,#12993));
#12995=FACE_OUTER_BOUND('',#12994,.F.);
#12996=ADVANCED_FACE('',(#12995),#12987,.T.);
#12997=CARTESIAN_POINT('',(3.85E1,7.2E0,-1.55E0));
#12998=DIRECTION('',(0.E0,1.E0,0.E0));
#12999=DIRECTION('',(1.E0,0.E0,0.E0));
#13000=AXIS2_PLACEMENT_3D('',#12997,#12998,#12999);
#13001=PLANE('',#13000);
#13002=ORIENTED_EDGE('',*,*,#6883,.F.);
#13004=ORIENTED_EDGE('',*,*,#13003,.F.);
#13005=ORIENTED_EDGE('',*,*,#12974,.T.);
#13006=ORIENTED_EDGE('',*,*,#12989,.T.);
#13007=EDGE_LOOP('',(#13002,#13004,#13005,#13006));
#13008=FACE_OUTER_BOUND('',#13007,.F.);
#13009=ADVANCED_FACE('',(#13008),#13001,.T.);
#13010=CARTESIAN_POINT('',(3.85E1,6.4E0,-1.55E0));
#13011=DIRECTION('',(-1.E0,0.E0,0.E0));
#13012=DIRECTION('',(0.E0,1.E0,0.E0));
#13013=AXIS2_PLACEMENT_3D('',#13010,#13011,#13012);
#13014=PLANE('',#13013);
#13015=ORIENTED_EDGE('',*,*,#6881,.F.);
#13017=ORIENTED_EDGE('',*,*,#13016,.F.);
#13018=ORIENTED_EDGE('',*,*,#12976,.T.);
#13019=ORIENTED_EDGE('',*,*,#13003,.T.);
#13020=EDGE_LOOP('',(#13015,#13017,#13018,#13019));
#13021=FACE_OUTER_BOUND('',#13020,.F.);
#13022=ADVANCED_FACE('',(#13021),#13014,.T.);
#13023=CARTESIAN_POINT('',(4.02E1,6.4E0,-1.55E0));
#13024=DIRECTION('',(0.E0,-1.E0,0.E0));
#13025=DIRECTION('',(-1.E0,0.E0,0.E0));
#13026=AXIS2_PLACEMENT_3D('',#13023,#13024,#13025);
#13027=PLANE('',#13026);
#13028=ORIENTED_EDGE('',*,*,#6879,.F.);
#13029=ORIENTED_EDGE('',*,*,#12992,.F.);
#13030=ORIENTED_EDGE('',*,*,#12978,.T.);
#13031=ORIENTED_EDGE('',*,*,#13016,.T.);
#13032=EDGE_LOOP('',(#13028,#13029,#13030,#13031));
#13033=FACE_OUTER_BOUND('',#13032,.F.);
#13034=ADVANCED_FACE('',(#13033),#13027,.T.);
#13035=CARTESIAN_POINT('',(4.02E1,1.E0,-5.5E-1));
#13036=DIRECTION('',(1.E0,0.E0,0.E0));
#13037=DIRECTION('',(0.E0,-1.E0,0.E0));
#13038=AXIS2_PLACEMENT_3D('',#13035,#13036,#13037);
#13039=PLANE('',#13038);
#13040=ORIENTED_EDGE('',*,*,#6887,.F.);
#13042=ORIENTED_EDGE('',*,*,#13041,.T.);
#13044=ORIENTED_EDGE('',*,*,#13043,.T.);
#13046=ORIENTED_EDGE('',*,*,#13045,.F.);
#13047=EDGE_LOOP('',(#13040,#13042,#13044,#13046));
#13048=FACE_OUTER_BOUND('',#13047,.F.);
#13049=ADVANCED_FACE('',(#13048),#13039,.T.);
#13050=CARTESIAN_POINT('',(3.85E1,1.E0,-5.5E-1));
#13051=DIRECTION('',(0.E0,1.E0,0.E0));
#13052=DIRECTION('',(1.E0,0.E0,0.E0));
#13053=AXIS2_PLACEMENT_3D('',#13050,#13051,#13052);
#13054=PLANE('',#13053);
#13055=ORIENTED_EDGE('',*,*,#6893,.F.);
#13057=ORIENTED_EDGE('',*,*,#13056,.T.);
#13059=ORIENTED_EDGE('',*,*,#13058,.T.);
#13060=ORIENTED_EDGE('',*,*,#13041,.F.);
#13061=EDGE_LOOP('',(#13055,#13057,#13059,#13060));
#13062=FACE_OUTER_BOUND('',#13061,.F.);
#13063=ADVANCED_FACE('',(#13062),#13054,.T.);
#13064=CARTESIAN_POINT('',(3.85E1,2.E-1,-5.5E-1));
#13065=DIRECTION('',(-1.E0,0.E0,0.E0));
#13066=DIRECTION('',(0.E0,1.E0,0.E0));
#13067=AXIS2_PLACEMENT_3D('',#13064,#13065,#13066);
#13068=PLANE('',#13067);
#13069=ORIENTED_EDGE('',*,*,#6891,.F.);
#13071=ORIENTED_EDGE('',*,*,#13070,.T.);
#13073=ORIENTED_EDGE('',*,*,#13072,.T.);
#13074=ORIENTED_EDGE('',*,*,#13056,.F.);
#13075=EDGE_LOOP('',(#13069,#13071,#13073,#13074));
#13076=FACE_OUTER_BOUND('',#13075,.F.);
#13077=ADVANCED_FACE('',(#13076),#13068,.T.);
#13078=CARTESIAN_POINT('',(4.02E1,2.E-1,-5.5E-1));
#13079=DIRECTION('',(0.E0,-1.E0,0.E0));
#13080=DIRECTION('',(-1.E0,0.E0,0.E0));
#13081=AXIS2_PLACEMENT_3D('',#13078,#13079,#13080);
#13082=PLANE('',#13081);
#13083=ORIENTED_EDGE('',*,*,#6889,.F.);
#13084=ORIENTED_EDGE('',*,*,#13045,.T.);
#13086=ORIENTED_EDGE('',*,*,#13085,.T.);
#13087=ORIENTED_EDGE('',*,*,#13070,.F.);
#13088=EDGE_LOOP('',(#13083,#13084,#13086,#13087));
#13089=FACE_OUTER_BOUND('',#13088,.F.);
#13090=ADVANCED_FACE('',(#13089),#13082,.T.);
#13091=CARTESIAN_POINT('',(0.E0,1.450093584061E1,-8.5E-1));
#13092=DIRECTION('',(0.E0,0.E0,-1.E0));
#13093=DIRECTION('',(-1.E0,0.E0,0.E0));
#13094=AXIS2_PLACEMENT_3D('',#13091,#13092,#13093);
#13095=PLANE('',#13094);
#13096=ORIENTED_EDGE('',*,*,#13043,.F.);
#13097=ORIENTED_EDGE('',*,*,#13058,.F.);
#13098=ORIENTED_EDGE('',*,*,#13072,.F.);
#13099=ORIENTED_EDGE('',*,*,#13085,.F.);
#13100=EDGE_LOOP('',(#13096,#13097,#13098,#13099));
#13101=FACE_OUTER_BOUND('',#13100,.F.);
#13102=ADVANCED_FACE('',(#13101),#13095,.T.);
#13103=CARTESIAN_POINT('',(0.E0,1.450093584061E1,-8.5E-1));
#13104=DIRECTION('',(0.E0,0.E0,-1.E0));
#13105=DIRECTION('',(-1.E0,0.E0,0.E0));
#13106=AXIS2_PLACEMENT_3D('',#13103,#13104,#13105);
#13107=PLANE('',#13106);
#13109=ORIENTED_EDGE('',*,*,#13108,.F.);
#13111=ORIENTED_EDGE('',*,*,#13110,.F.);
#13113=ORIENTED_EDGE('',*,*,#13112,.F.);
#13115=ORIENTED_EDGE('',*,*,#13114,.F.);
#13116=EDGE_LOOP('',(#13109,#13111,#13113,#13115));
#13117=FACE_OUTER_BOUND('',#13116,.F.);
#13118=ADVANCED_FACE('',(#13117),#13107,.T.);
#13119=CARTESIAN_POINT('',(4.02E1,-6.E-1,-5.5E-1));
#13120=DIRECTION('',(1.E0,0.E0,0.E0));
#13121=DIRECTION('',(0.E0,-1.E0,0.E0));
#13122=AXIS2_PLACEMENT_3D('',#13119,#13120,#13121);
#13123=PLANE('',#13122);
#13124=ORIENTED_EDGE('',*,*,#6897,.F.);
#13126=ORIENTED_EDGE('',*,*,#13125,.T.);
#13127=ORIENTED_EDGE('',*,*,#13108,.T.);
#13129=ORIENTED_EDGE('',*,*,#13128,.F.);
#13130=EDGE_LOOP('',(#13124,#13126,#13127,#13129));
#13131=FACE_OUTER_BOUND('',#13130,.F.);
#13132=ADVANCED_FACE('',(#13131),#13123,.T.);
#13133=CARTESIAN_POINT('',(3.85E1,-6.E-1,-5.5E-1));
#13134=DIRECTION('',(0.E0,1.E0,0.E0));
#13135=DIRECTION('',(1.E0,0.E0,0.E0));
#13136=AXIS2_PLACEMENT_3D('',#13133,#13134,#13135);
#13137=PLANE('',#13136);
#13138=ORIENTED_EDGE('',*,*,#6903,.F.);
#13140=ORIENTED_EDGE('',*,*,#13139,.T.);
#13141=ORIENTED_EDGE('',*,*,#13110,.T.);
#13142=ORIENTED_EDGE('',*,*,#13125,.F.);
#13143=EDGE_LOOP('',(#13138,#13140,#13141,#13142));
#13144=FACE_OUTER_BOUND('',#13143,.F.);
#13145=ADVANCED_FACE('',(#13144),#13137,.T.);
#13146=CARTESIAN_POINT('',(3.85E1,-1.4E0,-5.5E-1));
#13147=DIRECTION('',(-1.E0,0.E0,0.E0));
#13148=DIRECTION('',(0.E0,1.E0,0.E0));
#13149=AXIS2_PLACEMENT_3D('',#13146,#13147,#13148);
#13150=PLANE('',#13149);
#13151=ORIENTED_EDGE('',*,*,#6901,.F.);
#13153=ORIENTED_EDGE('',*,*,#13152,.T.);
#13154=ORIENTED_EDGE('',*,*,#13112,.T.);
#13155=ORIENTED_EDGE('',*,*,#13139,.F.);
#13156=EDGE_LOOP('',(#13151,#13153,#13154,#13155));
#13157=FACE_OUTER_BOUND('',#13156,.F.);
#13158=ADVANCED_FACE('',(#13157),#13150,.T.);
#13159=CARTESIAN_POINT('',(4.02E1,-1.4E0,-5.5E-1));
#13160=DIRECTION('',(0.E0,-1.E0,0.E0));
#13161=DIRECTION('',(-1.E0,0.E0,0.E0));
#13162=AXIS2_PLACEMENT_3D('',#13159,#13160,#13161);
#13163=PLANE('',#13162);
#13164=ORIENTED_EDGE('',*,*,#6899,.F.);
#13165=ORIENTED_EDGE('',*,*,#13128,.T.);
#13166=ORIENTED_EDGE('',*,*,#13114,.T.);
#13167=ORIENTED_EDGE('',*,*,#13152,.F.);
#13168=EDGE_LOOP('',(#13164,#13165,#13166,#13167));
#13169=FACE_OUTER_BOUND('',#13168,.F.);
#13170=ADVANCED_FACE('',(#13169),#13163,.T.);
#13171=CARTESIAN_POINT('',(3.98E1,-5.9E0,-1.55E0));
#13172=DIRECTION('',(1.E0,0.E0,0.E0));
#13173=DIRECTION('',(0.E0,-1.E0,0.E0));
#13174=AXIS2_PLACEMENT_3D('',#13171,#13172,#13173);
#13175=PLANE('',#13174);
#13176=ORIENTED_EDGE('',*,*,#6907,.F.);
#13178=ORIENTED_EDGE('',*,*,#13177,.F.);
#13180=ORIENTED_EDGE('',*,*,#13179,.T.);
#13182=ORIENTED_EDGE('',*,*,#13181,.T.);
#13183=EDGE_LOOP('',(#13176,#13178,#13180,#13182));
#13184=FACE_OUTER_BOUND('',#13183,.F.);
#13185=ADVANCED_FACE('',(#13184),#13175,.T.);
#13186=CARTESIAN_POINT('',(3.77E1,-5.9E0,-1.55E0));
#13187=DIRECTION('',(0.E0,1.E0,0.E0));
#13188=DIRECTION('',(1.E0,0.E0,0.E0));
#13189=AXIS2_PLACEMENT_3D('',#13186,#13187,#13188);
#13190=PLANE('',#13189);
#13191=ORIENTED_EDGE('',*,*,#6913,.F.);
#13193=ORIENTED_EDGE('',*,*,#13192,.F.);
#13195=ORIENTED_EDGE('',*,*,#13194,.T.);
#13196=ORIENTED_EDGE('',*,*,#13177,.T.);
#13197=EDGE_LOOP('',(#13191,#13193,#13195,#13196));
#13198=FACE_OUTER_BOUND('',#13197,.F.);
#13199=ADVANCED_FACE('',(#13198),#13190,.T.);
#13200=CARTESIAN_POINT('',(3.77E1,-7.1E0,-1.55E0));
#13201=DIRECTION('',(-1.E0,0.E0,0.E0));
#13202=DIRECTION('',(0.E0,1.E0,0.E0));
#13203=AXIS2_PLACEMENT_3D('',#13200,#13201,#13202);
#13204=PLANE('',#13203);
#13205=ORIENTED_EDGE('',*,*,#6911,.F.);
#13207=ORIENTED_EDGE('',*,*,#13206,.F.);
#13209=ORIENTED_EDGE('',*,*,#13208,.T.);
#13210=ORIENTED_EDGE('',*,*,#13192,.T.);
#13211=EDGE_LOOP('',(#13205,#13207,#13209,#13210));
#13212=FACE_OUTER_BOUND('',#13211,.F.);
#13213=ADVANCED_FACE('',(#13212),#13204,.T.);
#13214=CARTESIAN_POINT('',(3.98E1,-7.1E0,-1.55E0));
#13215=DIRECTION('',(0.E0,-1.E0,0.E0));
#13216=DIRECTION('',(-1.E0,0.E0,0.E0));
#13217=AXIS2_PLACEMENT_3D('',#13214,#13215,#13216);
#13218=PLANE('',#13217);
#13219=ORIENTED_EDGE('',*,*,#6909,.F.);
#13220=ORIENTED_EDGE('',*,*,#13181,.F.);
#13222=ORIENTED_EDGE('',*,*,#13221,.T.);
#13223=ORIENTED_EDGE('',*,*,#13206,.T.);
#13224=EDGE_LOOP('',(#13219,#13220,#13222,#13223));
#13225=FACE_OUTER_BOUND('',#13224,.F.);
#13226=ADVANCED_FACE('',(#13225),#13218,.T.);
#13227=CARTESIAN_POINT('',(0.E0,1.450093584061E1,-1.55E0));
#13228=DIRECTION('',(0.E0,0.E0,-1.E0));
#13229=DIRECTION('',(-1.E0,0.E0,0.E0));
#13230=AXIS2_PLACEMENT_3D('',#13227,#13228,#13229);
#13231=PLANE('',#13230);
#13232=ORIENTED_EDGE('',*,*,#13179,.F.);
#13233=ORIENTED_EDGE('',*,*,#13194,.F.);
#13234=ORIENTED_EDGE('',*,*,#13208,.F.);
#13235=ORIENTED_EDGE('',*,*,#13221,.F.);
#13236=EDGE_LOOP('',(#13232,#13233,#13234,#13235));
#13237=FACE_OUTER_BOUND('',#13236,.F.);
#13238=ADVANCED_FACE('',(#13237),#13231,.T.);
#13239=CLOSED_SHELL('',(#6058,#6917,#6932,#6946,#6960,#6973,#6985,#7000,#7013,
#7098,#7112,#7124,#7138,#7150,#7164,#7176,#7190,#7202,#7216,#7228,#7242,#7254,
#7268,#7280,#7300,#7318,#7340,#7354,#7368,#7382,#7395,#7407,#7423,#7435,#7447,
#7460,#7472,#7487,#7500,#7532,#7562,#7578,#7592,#7609,#7623,#7639,#7652,#7665,
#7678,#7691,#7704,#7718,#7730,#7743,#7756,#7769,#7782,#7794,#7810,#7826,#7843,
#7858,#7871,#7886,#7899,#7912,#7928,#7941,#7952,#7966,#7978,#7993,#8006,#8038,
#8068,#8082,#8095,#8109,#8122,#8136,#8150,#8162,#8176,#8188,#8201,#8213,#8226,
#8242,#8258,#8275,#8290,#8303,#8318,#8331,#8344,#8360,#8373,#8384,#8398,#8410,
#8425,#8439,#8453,#8466,#8478,#8493,#8507,#8521,#8534,#8546,#8562,#8578,#8592,
#8605,#8618,#8630,#8644,#8657,#8670,#8682,#8697,#8711,#8725,#8738,#8750,#8765,
#8779,#8793,#8806,#8818,#8834,#8850,#8866,#8882,#8896,#8909,#8922,#8934,#8948,
#8961,#8974,#8986,#9000,#9013,#9026,#9038,#9052,#9065,#9078,#9090,#9105,#9119,
#9133,#9146,#9158,#9174,#9188,#9201,#9214,#9226,#9241,#9255,#9269,#9282,#9294,
#9310,#9324,#9337,#9350,#9362,#9377,#9391,#9405,#9418,#9430,#9446,#9462,#9478,
#9494,#9510,#9524,#9537,#9550,#9562,#9576,#9589,#9602,#9614,#9628,#9641,#9654,
#9666,#9680,#9693,#9706,#9718,#9732,#9745,#9758,#9770,#9785,#9799,#9813,#9826,
#9838,#9853,#9867,#9881,#9894,#9906,#9921,#9935,#9949,#9962,#9974,#9990,#10004,
#10017,#10030,#10042,#10057,#10071,#10085,#10098,#10110,#10125,#10139,#10153,
#10166,#10178,#10194,#10208,#10221,#10234,#10246,#10261,#10275,#10289,#10302,
#10314,#10330,#10346,#10362,#10378,#10394,#10410,#10426,#10442,#10458,#10474,
#10490,#10506,#10522,#10536,#10549,#10562,#10574,#10588,#10601,#10614,#10626,
#10640,#10653,#10666,#10678,#10692,#10705,#10718,#10730,#10744,#10757,#10770,
#10782,#10796,#10809,#10822,#10834,#10848,#10861,#10874,#10886,#10900,#10913,
#10926,#10938,#10952,#10965,#10978,#10990,#11004,#11017,#11030,#11042,#11056,
#11069,#11082,#11094,#11108,#11121,#11134,#11146,#11160,#11173,#11186,#11198,
#11213,#11227,#11241,#11254,#11266,#11281,#11295,#11309,#11322,#11334,#11349,
#11363,#11377,#11390,#11402,#11417,#11431,#11445,#11458,#11470,#11486,#11500,
#11513,#11526,#11538,#11553,#11567,#11581,#11594,#11606,#11621,#11635,#11649,
#11662,#11674,#11689,#11703,#11717,#11730,#11742,#11757,#11771,#11785,#11798,
#11810,#11825,#11839,#11853,#11866,#11878,#11893,#11907,#11921,#11934,#11946,
#11961,#11975,#11989,#12002,#12014,#12029,#12043,#12057,#12070,#12082,#12097,
#12111,#12125,#12138,#12150,#12165,#12179,#12193,#12206,#12218,#12233,#12247,
#12261,#12274,#12286,#12302,#12316,#12329,#12342,#12354,#12369,#12383,#12397,
#12410,#12422,#12438,#12454,#12468,#12481,#12494,#12506,#12520,#12533,#12546,
#12558,#12573,#12587,#12601,#12614,#12626,#12641,#12655,#12669,#12682,#12694,
#12709,#12723,#12737,#12750,#12762,#12778,#12794,#12808,#12821,#12834,#12846,
#12860,#12873,#12886,#12898,#12913,#12927,#12941,#12954,#12966,#12982,#12996,
#13009,#13022,#13034,#13049,#13063,#13077,#13090,#13102,#13118,#13132,#13145,
#13158,#13170,#13185,#13199,#13213,#13226,#13238));
#13240=MANIFOLD_SOLID_BREP('',#13239);
#13241=(LENGTH_UNIT()NAMED_UNIT(*)SI_UNIT(.MILLI.,.METRE.));
#13242=DIMENSIONAL_EXPONENTS(0.E0,0.E0,0.E0,0.E0,0.E0,0.E0,0.E0);
#13243=(NAMED_UNIT(*)PLANE_ANGLE_UNIT()SI_UNIT($,.RADIAN.));
#13244=PLANE_ANGLE_MEASURE_WITH_UNIT(PLANE_ANGLE_MEASURE(1.745329251994E-2),
#13243);
#13245=(CONVERSION_BASED_UNIT('DEGREE',#13244)NAMED_UNIT(#13242)PLANE_ANGLE_UNIT());
#13246=(NAMED_UNIT(*)SI_UNIT($,.STERADIAN.)SOLID_ANGLE_UNIT());
#13247=UNCERTAINTY_MEASURE_WITH_UNIT(LENGTH_MEASURE(9.213881655036E-3),#13241,
'closure',
'Maximum model space distance between geometric entities at asserted connectivities');
#13248=(GEOMETRIC_REPRESENTATION_CONTEXT(3)GLOBAL_UNCERTAINTY_ASSIGNED_CONTEXT((
#13247))GLOBAL_UNIT_ASSIGNED_CONTEXT((#13241,#13245,#13246))REPRESENTATION_CONTEXT('ID1','3'));
#13250=APPLICATION_CONTEXT(
'CONFIGURATION CONTROLLED 3D DESIGNS OF MECHANICAL PARTS AND ASSEMBLIES');
#13251=APPLICATION_PROTOCOL_DEFINITION('international standard',
'config_control_design',1994,#13250);
#13252=DESIGN_CONTEXT('',#13250,'design');
#13253=MECHANICAL_CONTEXT('',#13250,'mechanical');
#13254=PRODUCT('0619','0619','NOT SPECIFIED',(#13253));
#13255=PRODUCT_DEFINITION_FORMATION_WITH_SPECIFIED_SOURCE('62','LAST_VERSION',
#13254,.MADE.);
#13259=PRODUCT_CATEGORY('part','');
#13260=PRODUCT_RELATED_PRODUCT_CATEGORY('detail','',(#13254));
#13261=PRODUCT_CATEGORY_RELATIONSHIP('','',#13259,#13260);
#13262=SECURITY_CLASSIFICATION_LEVEL('unclassified');
#13263=SECURITY_CLASSIFICATION('','',#13262);
#13264=CC_DESIGN_SECURITY_CLASSIFICATION(#13263,(#13255));
#13265=APPROVAL_STATUS('approved');
#13266=APPROVAL(#13265,'');
#13267=CC_DESIGN_APPROVAL(#13266,(#13263,#13255,#13256));
#13268=CALENDAR_DATE(121,19,6);
#13269=COORDINATED_UNIVERSAL_TIME_OFFSET(8,0,.AHEAD.);
#13270=LOCAL_TIME(21,37,5.E1,#13269);
#13271=DATE_AND_TIME(#13268,#13270);
#13272=APPROVAL_DATE_TIME(#13271,#13266);
#13273=DATE_TIME_ROLE('creation_date');
#13274=CC_DESIGN_DATE_AND_TIME_ASSIGNMENT(#13271,#13273,(#13256));
#13275=DATE_TIME_ROLE('classification_date');
#13276=CC_DESIGN_DATE_AND_TIME_ASSIGNMENT(#13271,#13275,(#13263));
#13277=PERSON('UNSPECIFIED','UNSPECIFIED',$,$,$,$);
#13278=ORGANIZATION('UNSPECIFIED','UNSPECIFIED','UNSPECIFIED');
#13279=PERSON_AND_ORGANIZATION(#13277,#13278);
#13280=APPROVAL_ROLE('approver');
#13281=APPROVAL_PERSON_ORGANIZATION(#13279,#13266,#13280);
#13282=PERSON_AND_ORGANIZATION_ROLE('creator');
#13283=CC_DESIGN_PERSON_AND_ORGANIZATION_ASSIGNMENT(#13279,#13282,(#13255,
#13256));
#13284=PERSON_AND_ORGANIZATION_ROLE('design_supplier');
#13285=CC_DESIGN_PERSON_AND_ORGANIZATION_ASSIGNMENT(#13279,#13284,(#13255));
#13286=PERSON_AND_ORGANIZATION_ROLE('classification_officer');
#13287=CC_DESIGN_PERSON_AND_ORGANIZATION_ASSIGNMENT(#13279,#13286,(#13263));
#13288=PERSON_AND_ORGANIZATION_ROLE('design_owner');
#13289=CC_DESIGN_PERSON_AND_ORGANIZATION_ASSIGNMENT(#13279,#13288,(#13254));
#33=CIRCLE('',#32,1.15E0);
#38=CIRCLE('',#37,1.15E0);
#43=CIRCLE('',#42,1.15E0);
#48=CIRCLE('',#47,1.15E0);
#53=CIRCLE('',#52,1.15E0);
#58=CIRCLE('',#57,1.15E0);
#63=CIRCLE('',#62,1.15E0);
#68=CIRCLE('',#67,1.15E0);
#113=CIRCLE('',#112,1.15E0);
#118=CIRCLE('',#117,1.15E0);
#123=CIRCLE('',#122,1.15E0);
#128=CIRCLE('',#127,1.15E0);
#133=CIRCLE('',#132,1.15E0);
#138=CIRCLE('',#137,1.15E0);
#143=CIRCLE('',#142,1.15E0);
#148=CIRCLE('',#147,1.15E0);
#1417=CIRCLE('',#1416,1.15E0);
#1422=CIRCLE('',#1421,1.15E0);
#1427=CIRCLE('',#1426,1.15E0);
#1432=CIRCLE('',#1431,1.15E0);
#1437=CIRCLE('',#1436,1.15E0);
#1442=CIRCLE('',#1441,1.15E0);
#1447=CIRCLE('',#1446,1.15E0);
#1452=CIRCLE('',#1451,1.15E0);
#1457=CIRCLE('',#1456,1.15E0);
#1462=CIRCLE('',#1461,1.15E0);
#1467=CIRCLE('',#1466,1.15E0);
#1472=CIRCLE('',#1471,1.15E0);
#1477=CIRCLE('',#1476,1.15E0);
#1482=CIRCLE('',#1481,1.15E0);
#1487=CIRCLE('',#1486,1.15E0);
#1492=CIRCLE('',#1491,1.15E0);
#1505=CIRCLE('',#1504,7.5E-1);
#1510=CIRCLE('',#1509,7.5E-1);
#1515=CIRCLE('',#1514,7.5E-1);
#1520=CIRCLE('',#1519,7.5E-1);
#1525=CIRCLE('',#1524,7.5E-1);
#1530=CIRCLE('',#1529,7.5E-1);
#1535=CIRCLE('',#1534,7.5E-1);
#1540=CIRCLE('',#1539,7.5E-1);
#1737=CIRCLE('',#1736,7.E0);
#1742=CIRCLE('',#1741,7.E0);
#1771=CIRCLE('',#1770,7.E0);
#1776=CIRCLE('',#1775,7.E0);
#1793=CIRCLE('',#1792,7.5E-1);
#1798=CIRCLE('',#1797,7.5E-1);
#1803=CIRCLE('',#1802,7.5E-1);
#1808=CIRCLE('',#1807,7.5E-1);
#1813=CIRCLE('',#1812,2.15E0);
#1822=CIRCLE('',#1821,2.15E0);
#1863=CIRCLE('',#1862,2.15E0);
#1872=CIRCLE('',#1871,2.15E0);
#1929=CIRCLE('',#1928,7.E0);
#1934=CIRCLE('',#1933,7.E0);
#1947=CIRCLE('',#1946,5.8E0);
#1952=CIRCLE('',#1951,5.8E0);
#1957=CIRCLE('',#1956,5.8E0);
#1962=CIRCLE('',#1961,5.8E0);
#1967=CIRCLE('',#1966,7.E0);
#1972=CIRCLE('',#1971,7.E0);
#1985=CIRCLE('',#1984,7.E0);
#1990=CIRCLE('',#1989,7.E0);
#1995=CIRCLE('',#1994,4.094813793080E0);
#2000=CIRCLE('',#1999,4.094813793080E0);
#2005=CIRCLE('',#2004,9.3E0);
#2010=CIRCLE('',#2009,9.3E0);
#2043=CIRCLE('',#2042,7.E0);
#2048=CIRCLE('',#2047,7.E0);
#2077=CIRCLE('',#2076,7.E0);
#2082=CIRCLE('',#2081,7.E0);
#2099=CIRCLE('',#2098,7.5E-1);
#2104=CIRCLE('',#2103,7.5E-1);
#2109=CIRCLE('',#2108,7.5E-1);
#2114=CIRCLE('',#2113,7.5E-1);
#2123=CIRCLE('',#2122,2.15E0);
#2132=CIRCLE('',#2131,2.15E0);
#2169=CIRCLE('',#2168,2.15E0);
#2178=CIRCLE('',#2177,2.15E0);
#2195=CIRCLE('',#2194,7.E0);
#2200=CIRCLE('',#2199,7.E0);
#2209=CIRCLE('',#2208,5.8E0);
#2218=CIRCLE('',#2217,5.8E0);
#2223=CIRCLE('',#2222,5.8E0);
#2228=CIRCLE('',#2227,5.8E0);
#2233=CIRCLE('',#2232,7.E0);
#2238=CIRCLE('',#2237,7.E0);
#2251=CIRCLE('',#2250,7.E0);
#2256=CIRCLE('',#2255,7.E0);
#2261=CIRCLE('',#2260,4.094813793080E0);
#2266=CIRCLE('',#2265,4.094813793080E0);
#2271=CIRCLE('',#2270,9.3E0);
#2276=CIRCLE('',#2275,9.3E0);
#6048=EDGE_CURVE('',#4559,#4560,#4,.T.);
#6050=EDGE_CURVE('',#4564,#4560,#1608,.T.);
#6052=EDGE_CURVE('',#4563,#4564,#8,.T.);
#6054=EDGE_CURVE('',#4563,#4559,#12,.T.);
#6064=EDGE_CURVE('',#5981,#5982,#1344,.T.);
#6066=EDGE_CURVE('',#5982,#5984,#1348,.T.);
#6068=EDGE_CURVE('',#4806,#5984,#1620,.T.);
#6070=EDGE_CURVE('',#4806,#4560,#1352,.T.);
#6073=EDGE_CURVE('',#4559,#4679,#1356,.T.);
#6075=EDGE_CURVE('',#4679,#4680,#1704,.T.);
#6077=EDGE_CURVE('',#4680,#4804,#1360,.T.);
#6079=EDGE_CURVE('',#5987,#4804,#1680,.T.);
#6081=EDGE_CURVE('',#5987,#5988,#1364,.T.);
#6083=EDGE_CURVE('',#5988,#5990,#1368,.T.);
#6085=EDGE_CURVE('',#5990,#5981,#1372,.T.);
#6089=EDGE_CURVE('',#4793,#4794,#16,.T.);
#6091=EDGE_CURVE('',#4798,#4793,#20,.T.);
#6093=EDGE_CURVE('',#4796,#4798,#24,.T.);
#6095=EDGE_CURVE('',#4794,#4796,#28,.T.);
#6099=EDGE_CURVE('',#4765,#4766,#33,.T.);
#6101=EDGE_CURVE('',#4766,#4765,#38,.T.);
#6105=EDGE_CURVE('',#4761,#4762,#43,.T.);
#6107=EDGE_CURVE('',#4762,#4761,#48,.T.);
#6111=EDGE_CURVE('',#4757,#4758,#53,.T.);
#6113=EDGE_CURVE('',#4758,#4757,#58,.T.);
#6117=EDGE_CURVE('',#4753,#4754,#63,.T.);
#6119=EDGE_CURVE('',#4754,#4753,#68,.T.);
#6123=EDGE_CURVE('',#4721,#4749,#72,.T.);
#6125=EDGE_CURVE('',#4702,#4721,#76,.T.);
#6127=EDGE_CURVE('',#4701,#4702,#80,.T.);
#6129=EDGE_CURVE('',#4729,#4701,#84,.T.);
#6131=EDGE_CURVE('',#4742,#4729,#88,.T.);
#6133=EDGE_CURVE('',#4742,#4738,#2123,.T.);
#6135=EDGE_CURVE('',#4725,#4738,#92,.T.);
#6137=EDGE_CURVE('',#4698,#4725,#96,.T.);
#6139=EDGE_CURVE('',#4697,#4698,#100,.T.);
#6141=EDGE_CURVE('',#4717,#4697,#104,.T.);
#6143=EDGE_CURVE('',#4745,#4717,#108,.T.);
#6145=EDGE_CURVE('',#4745,#4749,#2178,.T.);
#6149=EDGE_CURVE('',#4631,#4632,#113,.T.);
#6151=EDGE_CURVE('',#4632,#4631,#118,.T.);
#6155=EDGE_CURVE('',#4635,#4636,#123,.T.);
#6157=EDGE_CURVE('',#4636,#4635,#128,.T.);
#6161=EDGE_CURVE('',#4639,#4640,#133,.T.);
#6163=EDGE_CURVE('',#4640,#4639,#138,.T.);
#6167=EDGE_CURVE('',#4643,#4644,#143,.T.);
#6169=EDGE_CURVE('',#4644,#4643,#148,.T.);
#6173=EDGE_CURVE('',#4671,#4672,#152,.T.);
#6175=EDGE_CURVE('',#4672,#4674,#156,.T.);
#6177=EDGE_CURVE('',#4674,#4676,#160,.T.);
#6179=EDGE_CURVE('',#4676,#4671,#164,.T.);
#6183=EDGE_CURVE('',#4847,#4848,#168,.T.);
#6185=EDGE_CURVE('',#4848,#4609,#172,.T.);
#6187=EDGE_CURVE('',#4609,#4581,#176,.T.);
#6189=EDGE_CURVE('',#4581,#4582,#180,.T.);
#6191=EDGE_CURVE('',#4582,#4601,#184,.T.);
#6193=EDGE_CURVE('',#4601,#4627,#188,.T.);
#6195=EDGE_CURVE('',#4623,#4627,#1863,.T.);
#6197=EDGE_CURVE('',#4623,#4597,#192,.T.);
#6199=EDGE_CURVE('',#4597,#4577,#196,.T.);
#6201=EDGE_CURVE('',#4577,#4578,#200,.T.);
#6203=EDGE_CURVE('',#4578,#4605,#204,.T.);
#6205=EDGE_CURVE('',#4605,#4618,#208,.T.);
#6207=EDGE_CURVE('',#4851,#4618,#1813,.T.);
#6209=EDGE_CURVE('',#4851,#4852,#212,.T.);
#6211=EDGE_CURVE('',#4852,#4854,#216,.T.);
#6213=EDGE_CURVE('',#4854,#4847,#220,.T.);
#6217=EDGE_CURVE('',#4885,#4886,#224,.T.);
#6219=EDGE_CURVE('',#4886,#4888,#228,.T.);
#6221=EDGE_CURVE('',#4888,#4890,#232,.T.);
#6223=EDGE_CURVE('',#4890,#4885,#236,.T.);
#6227=EDGE_CURVE('',#4893,#4894,#240,.T.);
#6229=EDGE_CURVE('',#4894,#4896,#244,.T.);
#6231=EDGE_CURVE('',#4896,#4898,#248,.T.);
#6233=EDGE_CURVE('',#4898,#4893,#252,.T.);
#6237=EDGE_CURVE('',#4901,#4902,#256,.T.);
#6239=EDGE_CURVE('',#4902,#4904,#260,.T.);
#6241=EDGE_CURVE('',#4904,#4906,#264,.T.);
#6243=EDGE_CURVE('',#4906,#4901,#268,.T.);
#6247=EDGE_CURVE('',#4917,#4918,#272,.T.);
#6249=EDGE_CURVE('',#4918,#4920,#276,.T.);
#6251=EDGE_CURVE('',#4920,#4922,#280,.T.);
#6253=EDGE_CURVE('',#4922,#4917,#284,.T.);
#6257=EDGE_CURVE('',#4965,#4966,#288,.T.);
#6259=EDGE_CURVE('',#4966,#4968,#292,.T.);
#6261=EDGE_CURVE('',#4968,#4970,#296,.T.);
#6263=EDGE_CURVE('',#4970,#4965,#300,.T.);
#6267=EDGE_CURVE('',#4973,#4974,#304,.T.);
#6269=EDGE_CURVE('',#4974,#4976,#308,.T.);
#6271=EDGE_CURVE('',#4976,#4978,#312,.T.);
#6273=EDGE_CURVE('',#4978,#4973,#316,.T.);
#6277=EDGE_CURVE('',#4981,#4982,#320,.T.);
#6279=EDGE_CURVE('',#4982,#4984,#324,.T.);
#6281=EDGE_CURVE('',#4984,#4986,#328,.T.);
#6283=EDGE_CURVE('',#4986,#4981,#332,.T.);
#6287=EDGE_CURVE('',#4989,#4990,#336,.T.);
#6289=EDGE_CURVE('',#4990,#4992,#340,.T.);
#6291=EDGE_CURVE('',#4992,#4994,#344,.T.);
#6293=EDGE_CURVE('',#4994,#4989,#348,.T.);
#6297=EDGE_CURVE('',#4997,#4998,#352,.T.);
#6299=EDGE_CURVE('',#4998,#5000,#356,.T.);
#6301=EDGE_CURVE('',#5000,#5002,#360,.T.);
#6303=EDGE_CURVE('',#5002,#4997,#364,.T.);
#6307=EDGE_CURVE('',#5021,#5022,#368,.T.);
#6309=EDGE_CURVE('',#5022,#5024,#372,.T.);
#6311=EDGE_CURVE('',#5024,#5026,#376,.T.);
#6313=EDGE_CURVE('',#5026,#5021,#380,.T.);
#6317=EDGE_CURVE('',#5029,#5030,#384,.T.);
#6319=EDGE_CURVE('',#5030,#5032,#388,.T.);
#6321=EDGE_CURVE('',#5032,#5034,#392,.T.);
#6323=EDGE_CURVE('',#5034,#5029,#396,.T.);
#6327=EDGE_CURVE('',#5053,#5054,#400,.T.);
#6329=EDGE_CURVE('',#5054,#5056,#404,.T.);
#6331=EDGE_CURVE('',#5056,#5058,#408,.T.);
#6333=EDGE_CURVE('',#5058,#5053,#412,.T.);
#6337=EDGE_CURVE('',#5061,#5062,#416,.T.);
#6339=EDGE_CURVE('',#5062,#5064,#420,.T.);
#6341=EDGE_CURVE('',#5064,#5066,#424,.T.);
#6343=EDGE_CURVE('',#5066,#5061,#428,.T.);
#6347=EDGE_CURVE('',#5117,#5118,#432,.T.);
#6349=EDGE_CURVE('',#5118,#5120,#436,.T.);
#6351=EDGE_CURVE('',#5120,#5122,#440,.T.);
#6353=EDGE_CURVE('',#5122,#5117,#444,.T.);
#6357=EDGE_CURVE('',#5125,#5126,#448,.T.);
#6359=EDGE_CURVE('',#5126,#5128,#452,.T.);
#6361=EDGE_CURVE('',#5128,#5130,#456,.T.);
#6363=EDGE_CURVE('',#5130,#5125,#460,.T.);
#6367=EDGE_CURVE('',#5133,#5134,#464,.T.);
#6369=EDGE_CURVE('',#5134,#5136,#468,.T.);
#6371=EDGE_CURVE('',#5136,#5138,#472,.T.);
#6373=EDGE_CURVE('',#5138,#5133,#476,.T.);
#6377=EDGE_CURVE('',#5141,#5142,#480,.T.);
#6379=EDGE_CURVE('',#5142,#5144,#484,.T.);
#6381=EDGE_CURVE('',#5144,#5146,#488,.T.);
#6383=EDGE_CURVE('',#5146,#5141,#492,.T.);
#6387=EDGE_CURVE('',#5149,#5150,#496,.T.);
#6389=EDGE_CURVE('',#5150,#5152,#500,.T.);
#6391=EDGE_CURVE('',#5152,#5154,#504,.T.);
#6393=EDGE_CURVE('',#5154,#5149,#508,.T.);
#6397=EDGE_CURVE('',#5157,#5158,#512,.T.);
#6399=EDGE_CURVE('',#5158,#5160,#516,.T.);
#6401=EDGE_CURVE('',#5160,#5162,#520,.T.);
#6403=EDGE_CURVE('',#5162,#5157,#524,.T.);
#6407=EDGE_CURVE('',#5173,#5174,#528,.T.);
#6409=EDGE_CURVE('',#5174,#5176,#532,.T.);
#6411=EDGE_CURVE('',#5176,#5178,#536,.T.);
#6413=EDGE_CURVE('',#5178,#5173,#540,.T.);
#6417=EDGE_CURVE('',#5189,#5190,#544,.T.);
#6419=EDGE_CURVE('',#5190,#5192,#548,.T.);
#6421=EDGE_CURVE('',#5192,#5194,#552,.T.);
#6423=EDGE_CURVE('',#5194,#5189,#556,.T.);
#6427=EDGE_CURVE('',#5213,#5214,#560,.T.);
#6429=EDGE_CURVE('',#5214,#5216,#564,.T.);
#6431=EDGE_CURVE('',#5216,#5218,#568,.T.);
#6433=EDGE_CURVE('',#5218,#5213,#572,.T.);
#6437=EDGE_CURVE('',#5221,#5222,#576,.T.);
#6439=EDGE_CURVE('',#5222,#5224,#580,.T.);
#6441=EDGE_CURVE('',#5224,#5226,#584,.T.);
#6443=EDGE_CURVE('',#5226,#5221,#588,.T.);
#6447=EDGE_CURVE('',#5237,#5238,#592,.T.);
#6449=EDGE_CURVE('',#5238,#5240,#596,.T.);
#6451=EDGE_CURVE('',#5240,#5242,#600,.T.);
#6453=EDGE_CURVE('',#5242,#5237,#604,.T.);
#6457=EDGE_CURVE('',#5261,#5262,#608,.T.);
#6459=EDGE_CURVE('',#5262,#5264,#612,.T.);
#6461=EDGE_CURVE('',#5264,#5266,#616,.T.);
#6463=EDGE_CURVE('',#5266,#5261,#620,.T.);
#6467=EDGE_CURVE('',#5269,#5270,#624,.T.);
#6469=EDGE_CURVE('',#5270,#5272,#628,.T.);
#6471=EDGE_CURVE('',#5272,#5274,#632,.T.);
#6473=EDGE_CURVE('',#5274,#5269,#636,.T.);
#6477=EDGE_CURVE('',#5389,#5390,#640,.T.);
#6479=EDGE_CURVE('',#5390,#5392,#644,.T.);
#6481=EDGE_CURVE('',#5392,#5394,#648,.T.);
#6483=EDGE_CURVE('',#5394,#5389,#652,.T.);
#6487=EDGE_CURVE('',#5397,#5398,#656,.T.);
#6489=EDGE_CURVE('',#5398,#5400,#660,.T.);
#6491=EDGE_CURVE('',#5400,#5402,#664,.T.);
#6493=EDGE_CURVE('',#5402,#5397,#668,.T.);
#6497=EDGE_CURVE('',#5405,#5406,#672,.T.);
#6499=EDGE_CURVE('',#5406,#5408,#676,.T.);
#6501=EDGE_CURVE('',#5408,#5410,#680,.T.);
#6503=EDGE_CURVE('',#5410,#5405,#684,.T.);
#6507=EDGE_CURVE('',#5413,#5414,#688,.T.);
#6509=EDGE_CURVE('',#5414,#5416,#692,.T.);
#6511=EDGE_CURVE('',#5416,#5418,#696,.T.);
#6513=EDGE_CURVE('',#5418,#5413,#700,.T.);
#6517=EDGE_CURVE('',#5421,#5422,#704,.T.);
#6519=EDGE_CURVE('',#5422,#5424,#708,.T.);
#6521=EDGE_CURVE('',#5424,#5426,#712,.T.);
#6523=EDGE_CURVE('',#5426,#5421,#716,.T.);
#6527=EDGE_CURVE('',#5429,#5430,#720,.T.);
#6529=EDGE_CURVE('',#5430,#5432,#724,.T.);
#6531=EDGE_CURVE('',#5432,#5434,#728,.T.);
#6533=EDGE_CURVE('',#5434,#5429,#732,.T.);
#6537=EDGE_CURVE('',#5437,#5438,#736,.T.);
#6539=EDGE_CURVE('',#5438,#5440,#740,.T.);
#6541=EDGE_CURVE('',#5440,#5442,#744,.T.);
#6543=EDGE_CURVE('',#5442,#5437,#748,.T.);
#6547=EDGE_CURVE('',#5445,#5446,#752,.T.);
#6549=EDGE_CURVE('',#5446,#5448,#756,.T.);
#6551=EDGE_CURVE('',#5448,#5450,#760,.T.);
#6553=EDGE_CURVE('',#5450,#5445,#764,.T.);
#6557=EDGE_CURVE('',#5453,#5454,#768,.T.);
#6559=EDGE_CURVE('',#5454,#5456,#772,.T.);
#6561=EDGE_CURVE('',#5456,#5458,#776,.T.);
#6563=EDGE_CURVE('',#5458,#5453,#780,.T.);
#6567=EDGE_CURVE('',#5461,#5462,#784,.T.);
#6569=EDGE_CURVE('',#5462,#5464,#788,.T.);
#6571=EDGE_CURVE('',#5464,#5466,#792,.T.);
#6573=EDGE_CURVE('',#5466,#5461,#796,.T.);
#6577=EDGE_CURVE('',#5469,#5470,#800,.T.);
#6579=EDGE_CURVE('',#5470,#5472,#804,.T.);
#6581=EDGE_CURVE('',#5472,#5474,#808,.T.);
#6583=EDGE_CURVE('',#5474,#5469,#812,.T.);
#6587=EDGE_CURVE('',#5477,#5478,#816,.T.);
#6589=EDGE_CURVE('',#5478,#5480,#820,.T.);
#6591=EDGE_CURVE('',#5480,#5482,#824,.T.);
#6593=EDGE_CURVE('',#5482,#5477,#828,.T.);
#6597=EDGE_CURVE('',#5485,#5486,#832,.T.);
#6599=EDGE_CURVE('',#5486,#5488,#836,.T.);
#6601=EDGE_CURVE('',#5488,#5490,#840,.T.);
#6603=EDGE_CURVE('',#5490,#5485,#844,.T.);
#6607=EDGE_CURVE('',#5493,#5494,#848,.T.);
#6609=EDGE_CURVE('',#5494,#5496,#852,.T.);
#6611=EDGE_CURVE('',#5496,#5498,#856,.T.);
#6613=EDGE_CURVE('',#5498,#5493,#860,.T.);
#6617=EDGE_CURVE('',#5509,#5510,#864,.T.);
#6619=EDGE_CURVE('',#5510,#5512,#868,.T.);
#6621=EDGE_CURVE('',#5512,#5514,#872,.T.);
#6623=EDGE_CURVE('',#5514,#5509,#876,.T.);
#6627=EDGE_CURVE('',#5525,#5526,#880,.T.);
#6629=EDGE_CURVE('',#5526,#5528,#884,.T.);
#6631=EDGE_CURVE('',#5528,#5530,#888,.T.);
#6633=EDGE_CURVE('',#5530,#5525,#892,.T.);
#6637=EDGE_CURVE('',#5541,#5542,#896,.T.);
#6639=EDGE_CURVE('',#5542,#5544,#900,.T.);
#6641=EDGE_CURVE('',#5544,#5546,#904,.T.);
#6643=EDGE_CURVE('',#5546,#5541,#908,.T.);
#6647=EDGE_CURVE('',#5565,#5566,#912,.T.);
#6649=EDGE_CURVE('',#5566,#5568,#916,.T.);
#6651=EDGE_CURVE('',#5568,#5570,#920,.T.);
#6653=EDGE_CURVE('',#5570,#5565,#924,.T.);
#6657=EDGE_CURVE('',#5573,#5574,#928,.T.);
#6659=EDGE_CURVE('',#5574,#5576,#932,.T.);
#6661=EDGE_CURVE('',#5576,#5578,#936,.T.);
#6663=EDGE_CURVE('',#5578,#5573,#940,.T.);
#6667=EDGE_CURVE('',#5589,#5590,#944,.T.);
#6669=EDGE_CURVE('',#5590,#5592,#948,.T.);
#6671=EDGE_CURVE('',#5592,#5594,#952,.T.);
#6673=EDGE_CURVE('',#5594,#5589,#956,.T.);
#6677=EDGE_CURVE('',#5605,#5606,#960,.T.);
#6679=EDGE_CURVE('',#5606,#5608,#964,.T.);
#6681=EDGE_CURVE('',#5608,#5610,#968,.T.);
#6683=EDGE_CURVE('',#5610,#5605,#972,.T.);
#6687=EDGE_CURVE('',#5621,#5622,#976,.T.);
#6689=EDGE_CURVE('',#5622,#5624,#980,.T.);
#6691=EDGE_CURVE('',#5624,#5626,#984,.T.);
#6693=EDGE_CURVE('',#5626,#5621,#988,.T.);
#6697=EDGE_CURVE('',#5637,#5638,#992,.T.);
#6699=EDGE_CURVE('',#5638,#5640,#996,.T.);
#6701=EDGE_CURVE('',#5640,#5642,#1000,.T.);
#6703=EDGE_CURVE('',#5642,#5637,#1004,.T.);
#6707=EDGE_CURVE('',#5653,#5654,#1008,.T.);
#6709=EDGE_CURVE('',#5654,#5656,#1012,.T.);
#6711=EDGE_CURVE('',#5656,#5658,#1016,.T.);
#6713=EDGE_CURVE('',#5658,#5653,#1020,.T.);
#6717=EDGE_CURVE('',#5669,#5670,#1024,.T.);
#6719=EDGE_CURVE('',#5670,#5672,#1028,.T.);
#6721=EDGE_CURVE('',#5672,#5674,#1032,.T.);
#6723=EDGE_CURVE('',#5674,#5669,#1036,.T.);
#6727=EDGE_CURVE('',#5685,#5686,#1040,.T.);
#6729=EDGE_CURVE('',#5686,#5688,#1044,.T.);
#6731=EDGE_CURVE('',#5688,#5690,#1048,.T.);
#6733=EDGE_CURVE('',#5690,#5685,#1052,.T.);
#6737=EDGE_CURVE('',#5701,#5702,#1056,.T.);
#6739=EDGE_CURVE('',#5702,#5704,#1060,.T.);
#6741=EDGE_CURVE('',#5704,#5706,#1064,.T.);
#6743=EDGE_CURVE('',#5706,#5701,#1068,.T.);
#6747=EDGE_CURVE('',#5717,#5718,#1072,.T.);
#6749=EDGE_CURVE('',#5718,#5720,#1076,.T.);
#6751=EDGE_CURVE('',#5720,#5722,#1080,.T.);
#6753=EDGE_CURVE('',#5722,#5717,#1084,.T.);
#6757=EDGE_CURVE('',#5733,#5734,#1088,.T.);
#6759=EDGE_CURVE('',#5734,#5736,#1092,.T.);
#6761=EDGE_CURVE('',#5736,#5738,#1096,.T.);
#6763=EDGE_CURVE('',#5738,#5733,#1100,.T.);
#6767=EDGE_CURVE('',#5757,#5758,#1104,.T.);
#6769=EDGE_CURVE('',#5758,#5760,#1108,.T.);
#6771=EDGE_CURVE('',#5760,#5762,#1112,.T.);
#6773=EDGE_CURVE('',#5762,#5757,#1116,.T.);
#6777=EDGE_CURVE('',#5765,#5766,#1120,.T.);
#6779=EDGE_CURVE('',#5766,#5768,#1124,.T.);
#6781=EDGE_CURVE('',#5768,#5770,#1128,.T.);
#6783=EDGE_CURVE('',#5770,#5765,#1132,.T.);
#6787=EDGE_CURVE('',#5797,#5798,#1136,.T.);
#6789=EDGE_CURVE('',#5798,#5800,#1140,.T.);
#6791=EDGE_CURVE('',#5800,#5802,#1144,.T.);
#6793=EDGE_CURVE('',#5802,#5797,#1148,.T.);
#6797=EDGE_CURVE('',#5805,#5806,#1152,.T.);
#6799=EDGE_CURVE('',#5806,#5808,#1156,.T.);
#6801=EDGE_CURVE('',#5808,#5810,#1160,.T.);
#6803=EDGE_CURVE('',#5810,#5805,#1164,.T.);
#6807=EDGE_CURVE('',#5813,#5814,#1168,.T.);
#6809=EDGE_CURVE('',#5814,#5816,#1172,.T.);
#6811=EDGE_CURVE('',#5816,#5818,#1176,.T.);
#6813=EDGE_CURVE('',#5818,#5813,#1180,.T.);
#6817=EDGE_CURVE('',#5829,#5830,#1184,.T.);
#6819=EDGE_CURVE('',#5830,#5832,#1188,.T.);
#6821=EDGE_CURVE('',#5832,#5834,#1192,.T.);
#6823=EDGE_CURVE('',#5834,#5829,#1196,.T.);
#6827=EDGE_CURVE('',#5845,#5846,#1200,.T.);
#6829=EDGE_CURVE('',#5846,#5848,#1204,.T.);
#6831=EDGE_CURVE('',#5848,#5850,#1208,.T.);
#6833=EDGE_CURVE('',#5850,#5845,#1212,.T.);
#6837=EDGE_CURVE('',#5877,#5878,#1216,.T.);
#6839=EDGE_CURVE('',#5878,#5880,#1220,.T.);
#6841=EDGE_CURVE('',#5880,#5882,#1224,.T.);
#6843=EDGE_CURVE('',#5882,#5877,#1228,.T.);
#6847=EDGE_CURVE('',#5885,#5886,#1232,.T.);
#6849=EDGE_CURVE('',#5886,#5888,#1236,.T.);
#6851=EDGE_CURVE('',#5888,#5890,#1240,.T.);
#6853=EDGE_CURVE('',#5890,#5885,#1244,.T.);
#6857=EDGE_CURVE('',#5893,#5894,#1248,.T.);
#6859=EDGE_CURVE('',#5894,#5896,#1252,.T.);
#6861=EDGE_CURVE('',#5896,#5898,#1256,.T.);
#6863=EDGE_CURVE('',#5898,#5893,#1260,.T.);
#6867=EDGE_CURVE('',#5917,#5918,#1264,.T.);
#6869=EDGE_CURVE('',#5918,#5920,#1268,.T.);
#6871=EDGE_CURVE('',#5920,#5922,#1272,.T.);
#6873=EDGE_CURVE('',#5922,#5917,#1276,.T.);
#6877=EDGE_CURVE('',#5925,#5926,#1280,.T.);
#6879=EDGE_CURVE('',#5926,#5928,#1284,.T.);
#6881=EDGE_CURVE('',#5928,#5930,#1288,.T.);
#6883=EDGE_CURVE('',#5930,#5925,#1292,.T.);
#6887=EDGE_CURVE('',#5949,#5950,#1296,.T.);
#6889=EDGE_CURVE('',#5950,#5952,#1300,.T.);
#6891=EDGE_CURVE('',#5952,#5954,#1304,.T.);
#6893=EDGE_CURVE('',#5954,#5949,#1308,.T.);
#6897=EDGE_CURVE('',#5957,#5958,#1312,.T.);
#6899=EDGE_CURVE('',#5958,#5960,#1316,.T.);
#6901=EDGE_CURVE('',#5960,#5962,#1320,.T.);
#6903=EDGE_CURVE('',#5962,#5957,#1324,.T.);
#6907=EDGE_CURVE('',#5973,#5974,#1328,.T.);
#6909=EDGE_CURVE('',#5974,#5976,#1332,.T.);
#6911=EDGE_CURVE('',#5976,#5978,#1336,.T.);
#6913=EDGE_CURVE('',#5978,#5973,#1340,.T.);
#6924=EDGE_CURVE('',#4794,#4786,#1380,.T.);
#6926=EDGE_CURVE('',#4785,#4786,#1392,.T.);
#6928=EDGE_CURVE('',#4793,#4785,#1376,.T.);
#6939=EDGE_CURVE('',#4796,#4788,#1384,.T.);
#6941=EDGE_CURVE('',#4786,#4788,#1396,.T.);
#6953=EDGE_CURVE('',#4798,#4790,#1388,.T.);
#6955=EDGE_CURVE('',#4788,#4790,#1400,.T.);
#6968=EDGE_CURVE('',#4790,#4785,#1404,.T.);
#6992=EDGE_CURVE('',#4766,#4782,#1412,.T.);
#6994=EDGE_CURVE('',#4781,#4782,#1417,.T.);
#6996=EDGE_CURVE('',#4765,#4781,#1408,.T.);
#7008=EDGE_CURVE('',#4782,#4781,#1422,.T.);
#7019=EDGE_CURVE('',#4564,#4684,#1496,.T.);
#7021=EDGE_CURVE('',#4683,#4684,#1712,.T.);
#7023=EDGE_CURVE('',#4683,#4563,#1500,.T.);
#7032=EDGE_CURVE('',#4777,#4778,#1427,.T.);
#7034=EDGE_CURVE('',#4778,#4777,#1432,.T.);
#7038=EDGE_CURVE('',#4773,#4774,#1437,.T.);
#7040=EDGE_CURVE('',#4774,#4773,#1442,.T.);
#7044=EDGE_CURVE('',#4769,#4770,#1447,.T.);
#7046=EDGE_CURVE('',#4770,#4769,#1452,.T.);
#7050=EDGE_CURVE('',#4647,#4648,#1457,.T.);
#7052=EDGE_CURVE('',#4648,#4647,#1462,.T.);
#7056=EDGE_CURVE('',#4651,#4652,#1467,.T.);
#7058=EDGE_CURVE('',#4652,#4651,#1472,.T.);
#7062=EDGE_CURVE('',#4655,#4656,#1477,.T.);
#7064=EDGE_CURVE('',#4656,#4655,#1482,.T.);
#7068=EDGE_CURVE('',#4659,#4660,#1487,.T.);
#7070=EDGE_CURVE('',#4660,#4659,#1492,.T.);
#7074=EDGE_CURVE('',#6013,#6014,#1505,.T.);
#7076=EDGE_CURVE('',#6014,#6013,#1510,.T.);
#7080=EDGE_CURVE('',#6017,#6018,#1515,.T.);
#7082=EDGE_CURVE('',#6018,#6017,#1520,.T.);
#7086=EDGE_CURVE('',#6021,#6022,#1525,.T.);
#7088=EDGE_CURVE('',#6022,#6021,#1530,.T.);
#7092=EDGE_CURVE('',#6025,#6026,#1535,.T.);
#7094=EDGE_CURVE('',#6026,#6025,#1540,.T.);
#7105=EDGE_CURVE('',#4762,#4778,#1548,.T.);
#7108=EDGE_CURVE('',#4761,#4777,#1544,.T.);
#7131=EDGE_CURVE('',#4758,#4774,#1556,.T.);
#7134=EDGE_CURVE('',#4757,#4773,#1552,.T.);
#7157=EDGE_CURVE('',#4754,#4770,#1564,.T.);
#7160=EDGE_CURVE('',#4753,#4769,#1560,.T.);
#7183=EDGE_CURVE('',#4631,#4647,#1568,.T.);
#7186=EDGE_CURVE('',#4632,#4648,#1572,.T.);
#7209=EDGE_CURVE('',#4635,#4651,#1576,.T.);
#7212=EDGE_CURVE('',#4636,#4652,#1580,.T.);
#7235=EDGE_CURVE('',#4639,#4655,#1584,.T.);
#7238=EDGE_CURVE('',#4640,#4656,#1588,.T.);
#7261=EDGE_CURVE('',#4643,#4659,#1592,.T.);
#7264=EDGE_CURVE('',#4644,#4660,#1596,.T.);
#7287=EDGE_CURVE('',#4806,#4801,#1600,.T.);
#7289=EDGE_CURVE('',#4801,#4802,#1700,.T.);
#7291=EDGE_CURVE('',#4804,#4802,#1684,.T.);
#7294=EDGE_CURVE('',#4684,#4680,#1604,.T.);
#7306=EDGE_CURVE('',#5993,#5994,#1612,.T.);
#7308=EDGE_CURVE('',#5993,#4801,#1616,.T.);
#7312=EDGE_CURVE('',#5996,#5984,#1624,.T.);
#7314=EDGE_CURVE('',#5996,#5994,#1628,.T.);
#7324=EDGE_CURVE('',#5990,#6010,#1632,.T.);
#7326=EDGE_CURVE('',#6010,#6000,#1636,.T.);
#7328=EDGE_CURVE('',#5999,#6000,#1672,.T.);
#7330=EDGE_CURVE('',#5999,#5993,#1640,.T.);
#7333=EDGE_CURVE('',#5994,#6006,#1644,.T.);
#7335=EDGE_CURVE('',#5981,#6006,#1648,.T.);
#7346=EDGE_CURVE('',#6008,#6010,#1652,.T.);
#7350=EDGE_CURVE('',#6008,#5988,#1656,.T.);
#7361=EDGE_CURVE('',#6005,#5996,#1660,.T.);
#7363=EDGE_CURVE('',#6005,#6006,#1668,.T.);
#7374=EDGE_CURVE('',#6002,#6000,#1676,.T.);
#7378=EDGE_CURVE('',#6002,#6008,#1692,.T.);
#7391=EDGE_CURVE('',#6005,#5982,#1664,.T.);
#7415=EDGE_CURVE('',#6002,#5987,#1696,.T.);
#7419=EDGE_CURVE('',#4802,#5999,#1688,.T.);
#7454=EDGE_CURVE('',#4683,#4679,#1708,.T.);
#7479=EDGE_CURVE('',#6030,#6014,#1720,.T.);
#7481=EDGE_CURVE('',#6029,#6030,#1793,.T.);
#7483=EDGE_CURVE('',#6029,#6013,#1716,.T.);
#7495=EDGE_CURVE('',#6030,#6029,#1798,.T.);
#7506=EDGE_CURVE('',#4617,#4620,#1822,.T.);
#7508=EDGE_CURVE('',#4606,#4617,#1724,.T.);
#7510=EDGE_CURVE('',#4588,#4606,#1728,.T.);
#7512=EDGE_CURVE('',#4586,#4588,#1732,.T.);
#7514=EDGE_CURVE('',#4586,#4614,#1737,.T.);
#7516=EDGE_CURVE('',#4614,#4592,#1742,.T.);
#7518=EDGE_CURVE('',#4591,#4592,#1746,.T.);
#7520=EDGE_CURVE('',#4610,#4591,#1750,.T.);
#7522=EDGE_CURVE('',#4620,#4610,#1754,.T.);
#7526=EDGE_CURVE('',#6033,#6034,#1803,.T.);
#7528=EDGE_CURVE('',#6034,#6033,#1808,.T.);
#7538=EDGE_CURVE('',#4628,#4624,#1872,.T.);
#7540=EDGE_CURVE('',#4602,#4628,#1758,.T.);
#7542=EDGE_CURVE('',#4594,#4602,#1762,.T.);
#7544=EDGE_CURVE('',#4592,#4594,#1766,.T.);
#7546=EDGE_CURVE('',#4592,#4612,#1771,.T.);
#7548=EDGE_CURVE('',#4612,#4586,#1776,.T.);
#7550=EDGE_CURVE('',#4585,#4586,#1780,.T.);
#7552=EDGE_CURVE('',#4598,#4585,#1784,.T.);
#7554=EDGE_CURVE('',#4624,#4598,#1788,.T.);
#7568=EDGE_CURVE('',#4857,#4851,#1830,.T.);
#7571=EDGE_CURVE('',#4617,#4618,#1817,.T.);
#7574=EDGE_CURVE('',#4620,#4857,#1826,.T.);
#7586=EDGE_CURVE('',#4857,#4841,#1846,.T.);
#7588=EDGE_CURVE('',#4852,#4841,#1916,.T.);
#7598=EDGE_CURVE('',#4857,#4858,#1850,.T.);
#7600=EDGE_CURVE('',#4844,#4858,#1834,.T.);
#7602=EDGE_CURVE('',#4842,#4844,#1838,.T.);
#7604=EDGE_CURVE('',#4841,#4842,#1842,.T.);
#7615=EDGE_CURVE('',#4627,#4628,#1867,.T.);
#7618=EDGE_CURVE('',#4601,#4602,#1896,.T.);
#7632=EDGE_CURVE('',#4609,#4610,#1884,.T.);
#7635=EDGE_CURVE('',#4848,#4858,#1854,.T.);
#7645=EDGE_CURVE('',#4623,#4624,#1858,.T.);
#7660=EDGE_CURVE('',#4605,#4606,#1876,.T.);
#7673=EDGE_CURVE('',#4597,#4598,#1892,.T.);
#7686=EDGE_CURVE('',#4588,#4578,#1880,.T.);
#7699=EDGE_CURVE('',#4591,#4581,#1904,.T.);
#7711=EDGE_CURVE('',#4585,#4577,#1888,.T.);
#7738=EDGE_CURVE('',#4594,#4582,#1900,.T.);
#7763=EDGE_CURVE('',#4847,#4844,#1908,.T.);
#7776=EDGE_CURVE('',#4854,#4842,#1912,.T.);
#7800=EDGE_CURVE('',#4817,#4818,#1929,.T.);
#7802=EDGE_CURVE('',#4614,#4818,#1976,.T.);
#7806=EDGE_CURVE('',#4612,#4817,#1920,.T.);
#7816=EDGE_CURVE('',#4821,#4822,#1967,.T.);
#7818=EDGE_CURVE('',#4821,#4567,#1924,.T.);
#7820=EDGE_CURVE('',#4567,#4568,#1985,.T.);
#7822=EDGE_CURVE('',#4822,#4568,#1980,.T.);
#7833=EDGE_CURVE('',#4818,#4817,#1934,.T.);
#7837=EDGE_CURVE('',#4809,#4813,#1947,.T.);
#7839=EDGE_CURVE('',#4809,#4813,#1952,.T.);
#7849=EDGE_CURVE('',#4809,#4810,#1938,.T.);
#7851=EDGE_CURVE('',#4810,#4814,#1962,.T.);
#7853=EDGE_CURVE('',#4813,#4814,#1942,.T.);
#7867=EDGE_CURVE('',#4810,#4814,#1957,.T.);
#7878=EDGE_CURVE('',#4822,#4821,#1972,.T.);
#7907=EDGE_CURVE('',#4568,#4567,#1990,.T.);
#7922=EDGE_CURVE('',#4571,#4572,#1995,.T.);
#7924=EDGE_CURVE('',#4572,#4571,#2000,.T.);
#7935=EDGE_CURVE('',#4574,#4571,#2010,.T.);
#7937=EDGE_CURVE('',#4574,#4572,#2005,.T.);
#7959=EDGE_CURVE('',#6034,#6018,#2018,.T.);
#7962=EDGE_CURVE('',#6033,#6017,#2014,.T.);
#7985=EDGE_CURVE('',#6038,#6022,#2026,.T.);
#7987=EDGE_CURVE('',#6037,#6038,#2099,.T.);
#7989=EDGE_CURVE('',#6037,#6021,#2022,.T.);
#8001=EDGE_CURVE('',#6038,#6037,#2104,.T.);
#8012=EDGE_CURVE('',#4737,#4740,#2132,.T.);
#8014=EDGE_CURVE('',#4740,#4730,#2030,.T.);
#8016=EDGE_CURVE('',#4730,#4711,#2034,.T.);
#8018=EDGE_CURVE('',#4711,#4712,#2038,.T.);
#8020=EDGE_CURVE('',#4734,#4712,#2043,.T.);
#8022=EDGE_CURVE('',#4706,#4734,#2048,.T.);
#8024=EDGE_CURVE('',#4706,#4708,#2052,.T.);
#8026=EDGE_CURVE('',#4708,#4726,#2056,.T.);
#8028=EDGE_CURVE('',#4726,#4737,#2060,.T.);
#8032=EDGE_CURVE('',#6041,#6042,#2109,.T.);
#8034=EDGE_CURVE('',#6042,#6041,#2114,.T.);
#8044=EDGE_CURVE('',#4750,#4746,#2169,.T.);
#8046=EDGE_CURVE('',#4746,#4718,#2064,.T.);
#8048=EDGE_CURVE('',#4718,#4705,#2068,.T.);
#8050=EDGE_CURVE('',#4705,#4706,#2072,.T.);
#8052=EDGE_CURVE('',#4732,#4706,#2077,.T.);
#8054=EDGE_CURVE('',#4712,#4732,#2082,.T.);
#8056=EDGE_CURVE('',#4712,#4714,#2086,.T.);
#8058=EDGE_CURVE('',#4714,#4722,#2090,.T.);
#8060=EDGE_CURVE('',#4722,#4750,#2094,.T.);
#8074=EDGE_CURVE('',#4737,#4738,#2118,.T.);
#8077=EDGE_CURVE('',#4740,#4742,#2127,.T.);
#8090=EDGE_CURVE('',#4725,#4726,#2136,.T.);
#8101=EDGE_CURVE('',#4745,#4746,#2164,.T.);
#8104=EDGE_CURVE('',#4717,#4718,#2152,.T.);
#8117=EDGE_CURVE('',#4708,#4698,#2140,.T.);
#8128=EDGE_CURVE('',#4729,#4730,#2144,.T.);
#8131=EDGE_CURVE('',#4711,#4701,#2182,.T.);
#8146=EDGE_CURVE('',#4705,#4697,#2148,.T.);
#8168=EDGE_CURVE('',#4721,#4722,#2156,.T.);
#8171=EDGE_CURVE('',#4714,#4702,#2160,.T.);
#8194=EDGE_CURVE('',#4749,#4750,#2173,.T.);
#8232=EDGE_CURVE('',#4834,#4833,#2200,.T.);
#8234=EDGE_CURVE('',#4734,#4834,#2186,.T.);
#8238=EDGE_CURVE('',#4732,#4833,#2242,.T.);
#8248=EDGE_CURVE('',#4838,#4837,#2238,.T.);
#8250=EDGE_CURVE('',#4837,#4687,#2246,.T.);
#8252=EDGE_CURVE('',#4688,#4687,#2256,.T.);
#8254=EDGE_CURVE('',#4838,#4688,#2190,.T.);
#8264=EDGE_CURVE('',#4833,#4834,#2195,.T.);
#8269=EDGE_CURVE('',#4825,#4829,#2209,.T.);
#8271=EDGE_CURVE('',#4825,#4829,#2218,.T.);
#8281=EDGE_CURVE('',#4825,#4826,#2204,.T.);
#8284=EDGE_CURVE('',#4829,#4830,#2213,.T.);
#8286=EDGE_CURVE('',#4826,#4830,#2228,.T.);
#8297=EDGE_CURVE('',#4826,#4830,#2223,.T.);
#8309=EDGE_CURVE('',#4837,#4838,#2233,.T.);
#8339=EDGE_CURVE('',#4687,#4688,#2251,.T.);
#8354=EDGE_CURVE('',#4691,#4692,#2261,.T.);
#8356=EDGE_CURVE('',#4692,#4691,#2266,.T.);
#8367=EDGE_CURVE('',#4694,#4692,#2276,.T.);
#8369=EDGE_CURVE('',#4694,#4691,#2271,.T.);
#8391=EDGE_CURVE('',#6042,#6026,#2284,.T.);
#8394=EDGE_CURVE('',#6041,#6025,#2280,.T.);
#8417=EDGE_CURVE('',#4671,#4663,#2288,.T.);
#8419=EDGE_CURVE('',#4663,#4664,#2304,.T.);
#8421=EDGE_CURVE('',#4672,#4664,#2300,.T.);
#8432=EDGE_CURVE('',#4676,#4668,#2292,.T.);
#8434=EDGE_CURVE('',#4668,#4663,#2308,.T.);
#8446=EDGE_CURVE('',#4674,#4666,#2296,.T.);
#8448=EDGE_CURVE('',#4666,#4668,#2312,.T.);
#8461=EDGE_CURVE('',#4664,#4666,#2316,.T.);
#8485=EDGE_CURVE('',#4885,#4861,#2320,.T.);
#8487=EDGE_CURVE('',#4861,#4862,#2336,.T.);
#8489=EDGE_CURVE('',#4886,#4862,#2332,.T.);
#8500=EDGE_CURVE('',#4890,#4866,#2324,.T.);
#8502=EDGE_CURVE('',#4866,#4861,#2340,.T.);
#8514=EDGE_CURVE('',#4888,#4864,#2328,.T.);
#8516=EDGE_CURVE('',#4864,#4866,#2344,.T.);
#8529=EDGE_CURVE('',#4862,#4864,#2348,.T.);
#8552=EDGE_CURVE('',#4869,#4870,#2352,.T.);
#8554=EDGE_CURVE('',#4874,#4869,#2356,.T.);
#8556=EDGE_CURVE('',#4872,#4874,#2360,.T.);
#8558=EDGE_CURVE('',#4870,#4872,#2364,.T.);
#8568=EDGE_CURVE('',#4877,#4878,#2368,.T.);
#8570=EDGE_CURVE('',#4882,#4877,#2372,.T.);
#8572=EDGE_CURVE('',#4880,#4882,#2376,.T.);
#8574=EDGE_CURVE('',#4878,#4880,#2380,.T.);
#8585=EDGE_CURVE('',#4893,#4869,#2384,.T.);
#8588=EDGE_CURVE('',#4894,#4870,#2396,.T.);
#8599=EDGE_CURVE('',#4898,#4874,#2388,.T.);
#8612=EDGE_CURVE('',#4896,#4872,#2392,.T.);
#8637=EDGE_CURVE('',#4901,#4877,#2400,.T.);
#8640=EDGE_CURVE('',#4902,#4878,#2412,.T.);
#8651=EDGE_CURVE('',#4906,#4882,#2404,.T.);
#8664=EDGE_CURVE('',#4904,#4880,#2408,.T.);
#8689=EDGE_CURVE('',#4917,#4909,#2416,.T.);
#8691=EDGE_CURVE('',#4909,#4910,#2432,.T.);
#8693=EDGE_CURVE('',#4918,#4910,#2428,.T.);
#8704=EDGE_CURVE('',#4922,#4914,#2420,.T.);
#8706=EDGE_CURVE('',#4914,#4909,#2436,.T.);
#8718=EDGE_CURVE('',#4920,#4912,#2424,.T.);
#8720=EDGE_CURVE('',#4912,#4914,#2440,.T.);
#8733=EDGE_CURVE('',#4910,#4912,#2444,.T.);
#8757=EDGE_CURVE('',#4925,#4965,#2448,.T.);
#8759=EDGE_CURVE('',#4925,#4926,#2464,.T.);
#8761=EDGE_CURVE('',#4926,#4966,#2460,.T.);
#8772=EDGE_CURVE('',#4930,#4970,#2452,.T.);
#8774=EDGE_CURVE('',#4930,#4925,#2468,.T.);
#8786=EDGE_CURVE('',#4928,#4968,#2456,.T.);
#8788=EDGE_CURVE('',#4928,#4930,#2472,.T.);
#8801=EDGE_CURVE('',#4926,#4928,#2476,.T.);
#8824=EDGE_CURVE('',#4933,#4934,#2480,.T.);
#8826=EDGE_CURVE('',#4938,#4933,#2484,.T.);
#8828=EDGE_CURVE('',#4936,#4938,#2488,.T.);
#8830=EDGE_CURVE('',#4934,#4936,#2492,.T.);
#8840=EDGE_CURVE('',#4941,#4942,#2496,.T.);
#8842=EDGE_CURVE('',#4946,#4941,#2500,.T.);
#8844=EDGE_CURVE('',#4944,#4946,#2504,.T.);
#8846=EDGE_CURVE('',#4942,#4944,#2508,.T.);
#8856=EDGE_CURVE('',#4949,#4950,#2512,.T.);
#8858=EDGE_CURVE('',#4954,#4949,#2516,.T.);
#8860=EDGE_CURVE('',#4952,#4954,#2520,.T.);
#8862=EDGE_CURVE('',#4950,#4952,#2524,.T.);
#8872=EDGE_CURVE('',#4957,#4958,#2528,.T.);
#8874=EDGE_CURVE('',#4962,#4957,#2532,.T.);
#8876=EDGE_CURVE('',#4960,#4962,#2536,.T.);
#8878=EDGE_CURVE('',#4958,#4960,#2540,.T.);
#8889=EDGE_CURVE('',#4933,#4973,#2544,.T.);
#8892=EDGE_CURVE('',#4934,#4974,#2556,.T.);
#8903=EDGE_CURVE('',#4938,#4978,#2548,.T.);
#8916=EDGE_CURVE('',#4936,#4976,#2552,.T.);
#8941=EDGE_CURVE('',#4941,#4981,#2560,.T.);
#8944=EDGE_CURVE('',#4942,#4982,#2572,.T.);
#8955=EDGE_CURVE('',#4946,#4986,#2564,.T.);
#8968=EDGE_CURVE('',#4944,#4984,#2568,.T.);
#8993=EDGE_CURVE('',#4949,#4989,#2576,.T.);
#8996=EDGE_CURVE('',#4950,#4990,#2588,.T.);
#9007=EDGE_CURVE('',#4954,#4994,#2580,.T.);
#9020=EDGE_CURVE('',#4952,#4992,#2584,.T.);
#9045=EDGE_CURVE('',#4957,#4997,#2592,.T.);
#9048=EDGE_CURVE('',#4958,#4998,#2604,.T.);
#9059=EDGE_CURVE('',#4962,#5002,#2596,.T.);
#9072=EDGE_CURVE('',#4960,#5000,#2600,.T.);
#9097=EDGE_CURVE('',#5005,#5021,#2608,.T.);
#9099=EDGE_CURVE('',#5005,#5006,#2624,.T.);
#9101=EDGE_CURVE('',#5006,#5022,#2620,.T.);
#9112=EDGE_CURVE('',#5010,#5026,#2612,.T.);
#9114=EDGE_CURVE('',#5010,#5005,#2628,.T.);
#9126=EDGE_CURVE('',#5008,#5024,#2616,.T.);
#9128=EDGE_CURVE('',#5008,#5010,#2632,.T.);
#9141=EDGE_CURVE('',#5006,#5008,#2636,.T.);
#9164=EDGE_CURVE('',#5013,#5014,#2640,.T.);
#9166=EDGE_CURVE('',#5018,#5013,#2644,.T.);
#9168=EDGE_CURVE('',#5016,#5018,#2648,.T.);
#9170=EDGE_CURVE('',#5014,#5016,#2652,.T.);
#9181=EDGE_CURVE('',#5013,#5029,#2656,.T.);
#9184=EDGE_CURVE('',#5014,#5030,#2668,.T.);
#9195=EDGE_CURVE('',#5018,#5034,#2660,.T.);
#9208=EDGE_CURVE('',#5016,#5032,#2664,.T.);
#9233=EDGE_CURVE('',#5053,#5037,#2672,.T.);
#9235=EDGE_CURVE('',#5037,#5038,#2688,.T.);
#9237=EDGE_CURVE('',#5054,#5038,#2684,.T.);
#9248=EDGE_CURVE('',#5058,#5042,#2676,.T.);
#9250=EDGE_CURVE('',#5042,#5037,#2692,.T.);
#9262=EDGE_CURVE('',#5056,#5040,#2680,.T.);
#9264=EDGE_CURVE('',#5040,#5042,#2696,.T.);
#9277=EDGE_CURVE('',#5038,#5040,#2700,.T.);
#9300=EDGE_CURVE('',#5045,#5046,#2704,.T.);
#9302=EDGE_CURVE('',#5050,#5045,#2708,.T.);
#9304=EDGE_CURVE('',#5048,#5050,#2712,.T.);
#9306=EDGE_CURVE('',#5046,#5048,#2716,.T.);
#9317=EDGE_CURVE('',#5061,#5045,#2720,.T.);
#9320=EDGE_CURVE('',#5062,#5046,#2732,.T.);
#9331=EDGE_CURVE('',#5066,#5050,#2724,.T.);
#9344=EDGE_CURVE('',#5064,#5048,#2728,.T.);
#9369=EDGE_CURVE('',#5069,#5117,#2736,.T.);
#9371=EDGE_CURVE('',#5069,#5070,#2752,.T.);
#9373=EDGE_CURVE('',#5070,#5118,#2748,.T.);
#9384=EDGE_CURVE('',#5074,#5122,#2740,.T.);
#9386=EDGE_CURVE('',#5074,#5069,#2756,.T.);
#9398=EDGE_CURVE('',#5072,#5120,#2744,.T.);
#9400=EDGE_CURVE('',#5072,#5074,#2760,.T.);
#9413=EDGE_CURVE('',#5070,#5072,#2764,.T.);
#9436=EDGE_CURVE('',#5077,#5078,#2768,.T.);
#9438=EDGE_CURVE('',#5082,#5077,#2772,.T.);
#9440=EDGE_CURVE('',#5080,#5082,#2776,.T.);
#9442=EDGE_CURVE('',#5078,#5080,#2780,.T.);
#9452=EDGE_CURVE('',#5085,#5086,#2784,.T.);
#9454=EDGE_CURVE('',#5090,#5085,#2788,.T.);
#9456=EDGE_CURVE('',#5088,#5090,#2792,.T.);
#9458=EDGE_CURVE('',#5086,#5088,#2796,.T.);
#9468=EDGE_CURVE('',#5093,#5094,#2800,.T.);
#9470=EDGE_CURVE('',#5098,#5093,#2804,.T.);
#9472=EDGE_CURVE('',#5096,#5098,#2808,.T.);
#9474=EDGE_CURVE('',#5094,#5096,#2812,.T.);
#9484=EDGE_CURVE('',#5101,#5102,#2816,.T.);
#9486=EDGE_CURVE('',#5106,#5101,#2820,.T.);
#9488=EDGE_CURVE('',#5104,#5106,#2824,.T.);
#9490=EDGE_CURVE('',#5102,#5104,#2828,.T.);
#9500=EDGE_CURVE('',#5109,#5110,#2832,.T.);
#9502=EDGE_CURVE('',#5114,#5109,#2836,.T.);
#9504=EDGE_CURVE('',#5112,#5114,#2840,.T.);
#9506=EDGE_CURVE('',#5110,#5112,#2844,.T.);
#9517=EDGE_CURVE('',#5077,#5125,#2848,.T.);
#9520=EDGE_CURVE('',#5078,#5126,#2860,.T.);
#9531=EDGE_CURVE('',#5082,#5130,#2852,.T.);
#9544=EDGE_CURVE('',#5080,#5128,#2856,.T.);
#9569=EDGE_CURVE('',#5085,#5133,#2864,.T.);
#9572=EDGE_CURVE('',#5086,#5134,#2876,.T.);
#9583=EDGE_CURVE('',#5090,#5138,#2868,.T.);
#9596=EDGE_CURVE('',#5088,#5136,#2872,.T.);
#9621=EDGE_CURVE('',#5093,#5141,#2880,.T.);
#9624=EDGE_CURVE('',#5094,#5142,#2892,.T.);
#9635=EDGE_CURVE('',#5098,#5146,#2884,.T.);
#9648=EDGE_CURVE('',#5096,#5144,#2888,.T.);
#9673=EDGE_CURVE('',#5101,#5149,#2896,.T.);
#9676=EDGE_CURVE('',#5102,#5150,#2908,.T.);
#9687=EDGE_CURVE('',#5106,#5154,#2900,.T.);
#9700=EDGE_CURVE('',#5104,#5152,#2904,.T.);
#9725=EDGE_CURVE('',#5109,#5157,#2912,.T.);
#9728=EDGE_CURVE('',#5110,#5158,#2924,.T.);
#9739=EDGE_CURVE('',#5114,#5162,#2916,.T.);
#9752=EDGE_CURVE('',#5112,#5160,#2920,.T.);
#9777=EDGE_CURVE('',#5173,#5165,#2928,.T.);
#9779=EDGE_CURVE('',#5165,#5166,#2944,.T.);
#9781=EDGE_CURVE('',#5174,#5166,#2940,.T.);
#9792=EDGE_CURVE('',#5178,#5170,#2932,.T.);
#9794=EDGE_CURVE('',#5170,#5165,#2948,.T.);
#9806=EDGE_CURVE('',#5176,#5168,#2936,.T.);
#9808=EDGE_CURVE('',#5168,#5170,#2952,.T.);
#9821=EDGE_CURVE('',#5166,#5168,#2956,.T.);
#9845=EDGE_CURVE('',#5181,#5189,#2960,.T.);
#9847=EDGE_CURVE('',#5181,#5182,#2976,.T.);
#9849=EDGE_CURVE('',#5182,#5190,#2972,.T.);
#9860=EDGE_CURVE('',#5186,#5194,#2964,.T.);
#9862=EDGE_CURVE('',#5186,#5181,#2980,.T.);
#9874=EDGE_CURVE('',#5184,#5192,#2968,.T.);
#9876=EDGE_CURVE('',#5184,#5186,#2984,.T.);
#9889=EDGE_CURVE('',#5182,#5184,#2988,.T.);
#9913=EDGE_CURVE('',#5197,#5213,#2992,.T.);
#9915=EDGE_CURVE('',#5197,#5198,#3008,.T.);
#9917=EDGE_CURVE('',#5198,#5214,#3004,.T.);
#9928=EDGE_CURVE('',#5202,#5218,#2996,.T.);
#9930=EDGE_CURVE('',#5202,#5197,#3012,.T.);
#9942=EDGE_CURVE('',#5200,#5216,#3000,.T.);
#9944=EDGE_CURVE('',#5200,#5202,#3016,.T.);
#9957=EDGE_CURVE('',#5198,#5200,#3020,.T.);
#9980=EDGE_CURVE('',#5205,#5206,#3024,.T.);
#9982=EDGE_CURVE('',#5210,#5205,#3028,.T.);
#9984=EDGE_CURVE('',#5208,#5210,#3032,.T.);
#9986=EDGE_CURVE('',#5206,#5208,#3036,.T.);
#9997=EDGE_CURVE('',#5205,#5221,#3040,.T.);
#10000=EDGE_CURVE('',#5206,#5222,#3052,.T.);
#10011=EDGE_CURVE('',#5210,#5226,#3044,.T.);
#10024=EDGE_CURVE('',#5208,#5224,#3048,.T.);
#10049=EDGE_CURVE('',#5237,#5229,#3056,.T.);
#10051=EDGE_CURVE('',#5229,#5230,#3072,.T.);
#10053=EDGE_CURVE('',#5238,#5230,#3068,.T.);
#10064=EDGE_CURVE('',#5242,#5234,#3060,.T.);
#10066=EDGE_CURVE('',#5234,#5229,#3076,.T.);
#10078=EDGE_CURVE('',#5240,#5232,#3064,.T.);
#10080=EDGE_CURVE('',#5232,#5234,#3080,.T.);
#10093=EDGE_CURVE('',#5230,#5232,#3084,.T.);
#10117=EDGE_CURVE('',#5245,#5261,#3088,.T.);
#10119=EDGE_CURVE('',#5245,#5246,#3104,.T.);
#10121=EDGE_CURVE('',#5246,#5262,#3100,.T.);
#10132=EDGE_CURVE('',#5250,#5266,#3092,.T.);
#10134=EDGE_CURVE('',#5250,#5245,#3108,.T.);
#10146=EDGE_CURVE('',#5248,#5264,#3096,.T.);
#10148=EDGE_CURVE('',#5248,#5250,#3112,.T.);
#10161=EDGE_CURVE('',#5246,#5248,#3116,.T.);
#10184=EDGE_CURVE('',#5253,#5254,#3120,.T.);
#10186=EDGE_CURVE('',#5258,#5253,#3124,.T.);
#10188=EDGE_CURVE('',#5256,#5258,#3128,.T.);
#10190=EDGE_CURVE('',#5254,#5256,#3132,.T.);
#10201=EDGE_CURVE('',#5253,#5269,#3136,.T.);
#10204=EDGE_CURVE('',#5254,#5270,#3148,.T.);
#10215=EDGE_CURVE('',#5258,#5274,#3140,.T.);
#10228=EDGE_CURVE('',#5256,#5272,#3144,.T.);
#10253=EDGE_CURVE('',#5277,#5389,#3152,.T.);
#10255=EDGE_CURVE('',#5277,#5278,#3168,.T.);
#10257=EDGE_CURVE('',#5278,#5390,#3164,.T.);
#10268=EDGE_CURVE('',#5282,#5394,#3156,.T.);
#10270=EDGE_CURVE('',#5282,#5277,#3172,.T.);
#10282=EDGE_CURVE('',#5280,#5392,#3160,.T.);
#10284=EDGE_CURVE('',#5280,#5282,#3176,.T.);
#10297=EDGE_CURVE('',#5278,#5280,#3180,.T.);
#10320=EDGE_CURVE('',#5285,#5286,#3184,.T.);
#10322=EDGE_CURVE('',#5290,#5285,#3188,.T.);
#10324=EDGE_CURVE('',#5288,#5290,#3192,.T.);
#10326=EDGE_CURVE('',#5286,#5288,#3196,.T.);
#10336=EDGE_CURVE('',#5293,#5294,#3200,.T.);
#10338=EDGE_CURVE('',#5298,#5293,#3204,.T.);
#10340=EDGE_CURVE('',#5296,#5298,#3208,.T.);
#10342=EDGE_CURVE('',#5294,#5296,#3212,.T.);
#10352=EDGE_CURVE('',#5301,#5302,#3216,.T.);
#10354=EDGE_CURVE('',#5306,#5301,#3220,.T.);
#10356=EDGE_CURVE('',#5304,#5306,#3224,.T.);
#10358=EDGE_CURVE('',#5302,#5304,#3228,.T.);
#10368=EDGE_CURVE('',#5309,#5310,#3232,.T.);
#10370=EDGE_CURVE('',#5314,#5309,#3236,.T.);
#10372=EDGE_CURVE('',#5312,#5314,#3240,.T.);
#10374=EDGE_CURVE('',#5310,#5312,#3244,.T.);
#10384=EDGE_CURVE('',#5317,#5318,#3248,.T.);
#10386=EDGE_CURVE('',#5322,#5317,#3252,.T.);
#10388=EDGE_CURVE('',#5320,#5322,#3256,.T.);
#10390=EDGE_CURVE('',#5318,#5320,#3260,.T.);
#10400=EDGE_CURVE('',#5325,#5326,#3264,.T.);
#10402=EDGE_CURVE('',#5330,#5325,#3268,.T.);
#10404=EDGE_CURVE('',#5328,#5330,#3272,.T.);
#10406=EDGE_CURVE('',#5326,#5328,#3276,.T.);
#10416=EDGE_CURVE('',#5333,#5334,#3280,.T.);
#10418=EDGE_CURVE('',#5338,#5333,#3284,.T.);
#10420=EDGE_CURVE('',#5336,#5338,#3288,.T.);
#10422=EDGE_CURVE('',#5334,#5336,#3292,.T.);
#10432=EDGE_CURVE('',#5341,#5342,#3296,.T.);
#10434=EDGE_CURVE('',#5346,#5341,#3300,.T.);
#10436=EDGE_CURVE('',#5344,#5346,#3304,.T.);
#10438=EDGE_CURVE('',#5342,#5344,#3308,.T.);
#10448=EDGE_CURVE('',#5349,#5350,#3312,.T.);
#10450=EDGE_CURVE('',#5354,#5349,#3316,.T.);
#10452=EDGE_CURVE('',#5352,#5354,#3320,.T.);
#10454=EDGE_CURVE('',#5350,#5352,#3324,.T.);
#10464=EDGE_CURVE('',#5357,#5358,#3328,.T.);
#10466=EDGE_CURVE('',#5362,#5357,#3332,.T.);
#10468=EDGE_CURVE('',#5360,#5362,#3336,.T.);
#10470=EDGE_CURVE('',#5358,#5360,#3340,.T.);
#10480=EDGE_CURVE('',#5365,#5366,#3344,.T.);
#10482=EDGE_CURVE('',#5370,#5365,#3348,.T.);
#10484=EDGE_CURVE('',#5368,#5370,#3352,.T.);
#10486=EDGE_CURVE('',#5366,#5368,#3356,.T.);
#10496=EDGE_CURVE('',#5373,#5374,#3360,.T.);
#10498=EDGE_CURVE('',#5378,#5373,#3364,.T.);
#10500=EDGE_CURVE('',#5376,#5378,#3368,.T.);
#10502=EDGE_CURVE('',#5374,#5376,#3372,.T.);
#10512=EDGE_CURVE('',#5381,#5382,#3376,.T.);
#10514=EDGE_CURVE('',#5386,#5381,#3380,.T.);
#10516=EDGE_CURVE('',#5384,#5386,#3384,.T.);
#10518=EDGE_CURVE('',#5382,#5384,#3388,.T.);
#10529=EDGE_CURVE('',#5285,#5397,#3392,.T.);
#10532=EDGE_CURVE('',#5286,#5398,#3404,.T.);
#10543=EDGE_CURVE('',#5290,#5402,#3396,.T.);
#10556=EDGE_CURVE('',#5288,#5400,#3400,.T.);
#10581=EDGE_CURVE('',#5293,#5405,#3408,.T.);
#10584=EDGE_CURVE('',#5294,#5406,#3420,.T.);
#10595=EDGE_CURVE('',#5298,#5410,#3412,.T.);
#10608=EDGE_CURVE('',#5296,#5408,#3416,.T.);
#10633=EDGE_CURVE('',#5301,#5413,#3424,.T.);
#10636=EDGE_CURVE('',#5302,#5414,#3436,.T.);
#10647=EDGE_CURVE('',#5306,#5418,#3428,.T.);
#10660=EDGE_CURVE('',#5304,#5416,#3432,.T.);
#10685=EDGE_CURVE('',#5309,#5421,#3440,.T.);
#10688=EDGE_CURVE('',#5310,#5422,#3452,.T.);
#10699=EDGE_CURVE('',#5314,#5426,#3444,.T.);
#10712=EDGE_CURVE('',#5312,#5424,#3448,.T.);
#10737=EDGE_CURVE('',#5317,#5429,#3456,.T.);
#10740=EDGE_CURVE('',#5318,#5430,#3468,.T.);
#10751=EDGE_CURVE('',#5322,#5434,#3460,.T.);
#10764=EDGE_CURVE('',#5320,#5432,#3464,.T.);
#10789=EDGE_CURVE('',#5325,#5437,#3472,.T.);
#10792=EDGE_CURVE('',#5326,#5438,#3484,.T.);
#10803=EDGE_CURVE('',#5330,#5442,#3476,.T.);
#10816=EDGE_CURVE('',#5328,#5440,#3480,.T.);
#10841=EDGE_CURVE('',#5333,#5445,#3488,.T.);
#10844=EDGE_CURVE('',#5334,#5446,#3500,.T.);
#10855=EDGE_CURVE('',#5338,#5450,#3492,.T.);
#10868=EDGE_CURVE('',#5336,#5448,#3496,.T.);
#10893=EDGE_CURVE('',#5341,#5453,#3504,.T.);
#10896=EDGE_CURVE('',#5342,#5454,#3516,.T.);
#10907=EDGE_CURVE('',#5346,#5458,#3508,.T.);
#10920=EDGE_CURVE('',#5344,#5456,#3512,.T.);
#10945=EDGE_CURVE('',#5349,#5461,#3520,.T.);
#10948=EDGE_CURVE('',#5350,#5462,#3532,.T.);
#10959=EDGE_CURVE('',#5354,#5466,#3524,.T.);
#10972=EDGE_CURVE('',#5352,#5464,#3528,.T.);
#10997=EDGE_CURVE('',#5357,#5469,#3536,.T.);
#11000=EDGE_CURVE('',#5358,#5470,#3548,.T.);
#11011=EDGE_CURVE('',#5362,#5474,#3540,.T.);
#11024=EDGE_CURVE('',#5360,#5472,#3544,.T.);
#11049=EDGE_CURVE('',#5365,#5477,#3552,.T.);
#11052=EDGE_CURVE('',#5366,#5478,#3564,.T.);
#11063=EDGE_CURVE('',#5370,#5482,#3556,.T.);
#11076=EDGE_CURVE('',#5368,#5480,#3560,.T.);
#11101=EDGE_CURVE('',#5373,#5485,#3568,.T.);
#11104=EDGE_CURVE('',#5374,#5486,#3580,.T.);
#11115=EDGE_CURVE('',#5378,#5490,#3572,.T.);
#11128=EDGE_CURVE('',#5376,#5488,#3576,.T.);
#11153=EDGE_CURVE('',#5381,#5493,#3584,.T.);
#11156=EDGE_CURVE('',#5382,#5494,#3596,.T.);
#11167=EDGE_CURVE('',#5386,#5498,#3588,.T.);
#11180=EDGE_CURVE('',#5384,#5496,#3592,.T.);
#11205=EDGE_CURVE('',#5501,#5509,#3600,.T.);
#11207=EDGE_CURVE('',#5501,#5502,#3616,.T.);
#11209=EDGE_CURVE('',#5502,#5510,#3612,.T.);
#11220=EDGE_CURVE('',#5506,#5514,#3604,.T.);
#11222=EDGE_CURVE('',#5506,#5501,#3620,.T.);
#11234=EDGE_CURVE('',#5504,#5512,#3608,.T.);
#11236=EDGE_CURVE('',#5504,#5506,#3624,.T.);
#11249=EDGE_CURVE('',#5502,#5504,#3628,.T.);
#11273=EDGE_CURVE('',#5525,#5517,#3632,.T.);
#11275=EDGE_CURVE('',#5517,#5518,#3648,.T.);
#11277=EDGE_CURVE('',#5526,#5518,#3644,.T.);
#11288=EDGE_CURVE('',#5530,#5522,#3636,.T.);
#11290=EDGE_CURVE('',#5522,#5517,#3652,.T.);
#11302=EDGE_CURVE('',#5528,#5520,#3640,.T.);
#11304=EDGE_CURVE('',#5520,#5522,#3656,.T.);
#11317=EDGE_CURVE('',#5518,#5520,#3660,.T.);
#11341=EDGE_CURVE('',#5541,#5533,#3664,.T.);
#11343=EDGE_CURVE('',#5533,#5534,#3680,.T.);
#11345=EDGE_CURVE('',#5542,#5534,#3676,.T.);
#11356=EDGE_CURVE('',#5546,#5538,#3668,.T.);
#11358=EDGE_CURVE('',#5538,#5533,#3684,.T.);
#11370=EDGE_CURVE('',#5544,#5536,#3672,.T.);
#11372=EDGE_CURVE('',#5536,#5538,#3688,.T.);
#11385=EDGE_CURVE('',#5534,#5536,#3692,.T.);
#11409=EDGE_CURVE('',#5549,#5565,#3696,.T.);
#11411=EDGE_CURVE('',#5549,#5550,#3712,.T.);
#11413=EDGE_CURVE('',#5550,#5566,#3708,.T.);
#11424=EDGE_CURVE('',#5554,#5570,#3700,.T.);
#11426=EDGE_CURVE('',#5554,#5549,#3716,.T.);
#11438=EDGE_CURVE('',#5552,#5568,#3704,.T.);
#11440=EDGE_CURVE('',#5552,#5554,#3720,.T.);
#11453=EDGE_CURVE('',#5550,#5552,#3724,.T.);
#11476=EDGE_CURVE('',#5557,#5558,#3728,.T.);
#11478=EDGE_CURVE('',#5562,#5557,#3732,.T.);
#11480=EDGE_CURVE('',#5560,#5562,#3736,.T.);
#11482=EDGE_CURVE('',#5558,#5560,#3740,.T.);
#11493=EDGE_CURVE('',#5557,#5573,#3744,.T.);
#11496=EDGE_CURVE('',#5558,#5574,#3756,.T.);
#11507=EDGE_CURVE('',#5562,#5578,#3748,.T.);
#11520=EDGE_CURVE('',#5560,#5576,#3752,.T.);
#11545=EDGE_CURVE('',#5581,#5589,#3760,.T.);
#11547=EDGE_CURVE('',#5581,#5582,#3776,.T.);
#11549=EDGE_CURVE('',#5582,#5590,#3772,.T.);
#11560=EDGE_CURVE('',#5586,#5594,#3764,.T.);
#11562=EDGE_CURVE('',#5586,#5581,#3780,.T.);
#11574=EDGE_CURVE('',#5584,#5592,#3768,.T.);
#11576=EDGE_CURVE('',#5584,#5586,#3784,.T.);
#11589=EDGE_CURVE('',#5582,#5584,#3788,.T.);
#11613=EDGE_CURVE('',#5597,#5605,#3792,.T.);
#11615=EDGE_CURVE('',#5597,#5598,#3808,.T.);
#11617=EDGE_CURVE('',#5598,#5606,#3804,.T.);
#11628=EDGE_CURVE('',#5602,#5610,#3796,.T.);
#11630=EDGE_CURVE('',#5602,#5597,#3812,.T.);
#11642=EDGE_CURVE('',#5600,#5608,#3800,.T.);
#11644=EDGE_CURVE('',#5600,#5602,#3816,.T.);
#11657=EDGE_CURVE('',#5598,#5600,#3820,.T.);
#11681=EDGE_CURVE('',#5613,#5621,#3824,.T.);
#11683=EDGE_CURVE('',#5613,#5614,#3840,.T.);
#11685=EDGE_CURVE('',#5614,#5622,#3836,.T.);
#11696=EDGE_CURVE('',#5618,#5626,#3828,.T.);
#11698=EDGE_CURVE('',#5618,#5613,#3844,.T.);
#11710=EDGE_CURVE('',#5616,#5624,#3832,.T.);
#11712=EDGE_CURVE('',#5616,#5618,#3848,.T.);
#11725=EDGE_CURVE('',#5614,#5616,#3852,.T.);
#11749=EDGE_CURVE('',#5629,#5637,#3856,.T.);
#11751=EDGE_CURVE('',#5629,#5630,#3872,.T.);
#11753=EDGE_CURVE('',#5630,#5638,#3868,.T.);
#11764=EDGE_CURVE('',#5634,#5642,#3860,.T.);
#11766=EDGE_CURVE('',#5634,#5629,#3876,.T.);
#11778=EDGE_CURVE('',#5632,#5640,#3864,.T.);
#11780=EDGE_CURVE('',#5632,#5634,#3880,.T.);
#11793=EDGE_CURVE('',#5630,#5632,#3884,.T.);
#11817=EDGE_CURVE('',#5645,#5653,#3888,.T.);
#11819=EDGE_CURVE('',#5645,#5646,#3904,.T.);
#11821=EDGE_CURVE('',#5646,#5654,#3900,.T.);
#11832=EDGE_CURVE('',#5650,#5658,#3892,.T.);
#11834=EDGE_CURVE('',#5650,#5645,#3908,.T.);
#11846=EDGE_CURVE('',#5648,#5656,#3896,.T.);
#11848=EDGE_CURVE('',#5648,#5650,#3912,.T.);
#11861=EDGE_CURVE('',#5646,#5648,#3916,.T.);
#11885=EDGE_CURVE('',#5661,#5669,#3920,.T.);
#11887=EDGE_CURVE('',#5661,#5662,#3936,.T.);
#11889=EDGE_CURVE('',#5662,#5670,#3932,.T.);
#11900=EDGE_CURVE('',#5666,#5674,#3924,.T.);
#11902=EDGE_CURVE('',#5666,#5661,#3940,.T.);
#11914=EDGE_CURVE('',#5664,#5672,#3928,.T.);
#11916=EDGE_CURVE('',#5664,#5666,#3944,.T.);
#11929=EDGE_CURVE('',#5662,#5664,#3948,.T.);
#11953=EDGE_CURVE('',#5677,#5685,#3952,.T.);
#11955=EDGE_CURVE('',#5677,#5678,#3968,.T.);
#11957=EDGE_CURVE('',#5678,#5686,#3964,.T.);
#11968=EDGE_CURVE('',#5682,#5690,#3956,.T.);
#11970=EDGE_CURVE('',#5682,#5677,#3972,.T.);
#11982=EDGE_CURVE('',#5680,#5688,#3960,.T.);
#11984=EDGE_CURVE('',#5680,#5682,#3976,.T.);
#11997=EDGE_CURVE('',#5678,#5680,#3980,.T.);
#12021=EDGE_CURVE('',#5693,#5701,#3984,.T.);
#12023=EDGE_CURVE('',#5693,#5694,#4000,.T.);
#12025=EDGE_CURVE('',#5694,#5702,#3996,.T.);
#12036=EDGE_CURVE('',#5698,#5706,#3988,.T.);
#12038=EDGE_CURVE('',#5698,#5693,#4004,.T.);
#12050=EDGE_CURVE('',#5696,#5704,#3992,.T.);
#12052=EDGE_CURVE('',#5696,#5698,#4008,.T.);
#12065=EDGE_CURVE('',#5694,#5696,#4012,.T.);
#12089=EDGE_CURVE('',#5709,#5717,#4016,.T.);
#12091=EDGE_CURVE('',#5709,#5710,#4032,.T.);
#12093=EDGE_CURVE('',#5710,#5718,#4028,.T.);
#12104=EDGE_CURVE('',#5714,#5722,#4020,.T.);
#12106=EDGE_CURVE('',#5714,#5709,#4036,.T.);
#12118=EDGE_CURVE('',#5712,#5720,#4024,.T.);
#12120=EDGE_CURVE('',#5712,#5714,#4040,.T.);
#12133=EDGE_CURVE('',#5710,#5712,#4044,.T.);
#12157=EDGE_CURVE('',#5725,#5733,#4048,.T.);
#12159=EDGE_CURVE('',#5725,#5726,#4064,.T.);
#12161=EDGE_CURVE('',#5726,#5734,#4060,.T.);
#12172=EDGE_CURVE('',#5730,#5738,#4052,.T.);
#12174=EDGE_CURVE('',#5730,#5725,#4068,.T.);
#12186=EDGE_CURVE('',#5728,#5736,#4056,.T.);
#12188=EDGE_CURVE('',#5728,#5730,#4072,.T.);
#12201=EDGE_CURVE('',#5726,#5728,#4076,.T.);
#12225=EDGE_CURVE('',#5741,#5757,#4080,.T.);
#12227=EDGE_CURVE('',#5741,#5742,#4096,.T.);
#12229=EDGE_CURVE('',#5742,#5758,#4092,.T.);
#12240=EDGE_CURVE('',#5746,#5762,#4084,.T.);
#12242=EDGE_CURVE('',#5746,#5741,#4100,.T.);
#12254=EDGE_CURVE('',#5744,#5760,#4088,.T.);
#12256=EDGE_CURVE('',#5744,#5746,#4104,.T.);
#12269=EDGE_CURVE('',#5742,#5744,#4108,.T.);
#12292=EDGE_CURVE('',#5749,#5750,#4112,.T.);
#12294=EDGE_CURVE('',#5754,#5749,#4116,.T.);
#12296=EDGE_CURVE('',#5752,#5754,#4120,.T.);
#12298=EDGE_CURVE('',#5750,#5752,#4124,.T.);
#12309=EDGE_CURVE('',#5749,#5765,#4128,.T.);
#12312=EDGE_CURVE('',#5750,#5766,#4140,.T.);
#12323=EDGE_CURVE('',#5754,#5770,#4132,.T.);
#12336=EDGE_CURVE('',#5752,#5768,#4136,.T.);
#12361=EDGE_CURVE('',#5773,#5797,#4144,.T.);
#12363=EDGE_CURVE('',#5773,#5774,#4160,.T.);
#12365=EDGE_CURVE('',#5774,#5798,#4156,.T.);
#12376=EDGE_CURVE('',#5778,#5802,#4148,.T.);
#12378=EDGE_CURVE('',#5778,#5773,#4164,.T.);
#12390=EDGE_CURVE('',#5776,#5800,#4152,.T.);
#12392=EDGE_CURVE('',#5776,#5778,#4168,.T.);
#12405=EDGE_CURVE('',#5774,#5776,#4172,.T.);
#12428=EDGE_CURVE('',#5781,#5782,#4176,.T.);
#12430=EDGE_CURVE('',#5786,#5781,#4180,.T.);
#12432=EDGE_CURVE('',#5784,#5786,#4184,.T.);
#12434=EDGE_CURVE('',#5782,#5784,#4188,.T.);
#12444=EDGE_CURVE('',#5789,#5790,#4192,.T.);
#12446=EDGE_CURVE('',#5794,#5789,#4196,.T.);
#12448=EDGE_CURVE('',#5792,#5794,#4200,.T.);
#12450=EDGE_CURVE('',#5790,#5792,#4204,.T.);
#12461=EDGE_CURVE('',#5781,#5805,#4208,.T.);
#12464=EDGE_CURVE('',#5782,#5806,#4220,.T.);
#12475=EDGE_CURVE('',#5786,#5810,#4212,.T.);
#12488=EDGE_CURVE('',#5784,#5808,#4216,.T.);
#12513=EDGE_CURVE('',#5789,#5813,#4224,.T.);
#12516=EDGE_CURVE('',#5790,#5814,#4236,.T.);
#12527=EDGE_CURVE('',#5794,#5818,#4228,.T.);
#12540=EDGE_CURVE('',#5792,#5816,#4232,.T.);
#12565=EDGE_CURVE('',#5821,#5829,#4240,.T.);
#12567=EDGE_CURVE('',#5821,#5822,#4256,.T.);
#12569=EDGE_CURVE('',#5822,#5830,#4252,.T.);
#12580=EDGE_CURVE('',#5826,#5834,#4244,.T.);
#12582=EDGE_CURVE('',#5826,#5821,#4260,.T.);
#12594=EDGE_CURVE('',#5824,#5832,#4248,.T.);
#12596=EDGE_CURVE('',#5824,#5826,#4264,.T.);
#12609=EDGE_CURVE('',#5822,#5824,#4268,.T.);
#12633=EDGE_CURVE('',#5845,#5837,#4272,.T.);
#12635=EDGE_CURVE('',#5837,#5838,#4288,.T.);
#12637=EDGE_CURVE('',#5846,#5838,#4284,.T.);
#12648=EDGE_CURVE('',#5850,#5842,#4276,.T.);
#12650=EDGE_CURVE('',#5842,#5837,#4292,.T.);
#12662=EDGE_CURVE('',#5848,#5840,#4280,.T.);
#12664=EDGE_CURVE('',#5840,#5842,#4296,.T.);
#12677=EDGE_CURVE('',#5838,#5840,#4300,.T.);
#12701=EDGE_CURVE('',#5853,#5877,#4304,.T.);
#12703=EDGE_CURVE('',#5853,#5854,#4320,.T.);
#12705=EDGE_CURVE('',#5854,#5878,#4316,.T.);
#12716=EDGE_CURVE('',#5858,#5882,#4308,.T.);
#12718=EDGE_CURVE('',#5858,#5853,#4324,.T.);
#12730=EDGE_CURVE('',#5856,#5880,#4312,.T.);
#12732=EDGE_CURVE('',#5856,#5858,#4328,.T.);
#12745=EDGE_CURVE('',#5854,#5856,#4332,.T.);
#12768=EDGE_CURVE('',#5861,#5862,#4336,.T.);
#12770=EDGE_CURVE('',#5866,#5861,#4340,.T.);
#12772=EDGE_CURVE('',#5864,#5866,#4344,.T.);
#12774=EDGE_CURVE('',#5862,#5864,#4348,.T.);
#12784=EDGE_CURVE('',#5869,#5870,#4352,.T.);
#12786=EDGE_CURVE('',#5874,#5869,#4356,.T.);
#12788=EDGE_CURVE('',#5872,#5874,#4360,.T.);
#12790=EDGE_CURVE('',#5870,#5872,#4364,.T.);
#12801=EDGE_CURVE('',#5861,#5885,#4368,.T.);
#12804=EDGE_CURVE('',#5862,#5886,#4380,.T.);
#12815=EDGE_CURVE('',#5866,#5890,#4372,.T.);
#12828=EDGE_CURVE('',#5864,#5888,#4376,.T.);
#12853=EDGE_CURVE('',#5869,#5893,#4384,.T.);
#12856=EDGE_CURVE('',#5870,#5894,#4396,.T.);
#12867=EDGE_CURVE('',#5874,#5898,#4388,.T.);
#12880=EDGE_CURVE('',#5872,#5896,#4392,.T.);
#12905=EDGE_CURVE('',#5901,#5917,#4400,.T.);
#12907=EDGE_CURVE('',#5901,#5902,#4416,.T.);
#12909=EDGE_CURVE('',#5902,#5918,#4412,.T.);
#12920=EDGE_CURVE('',#5906,#5922,#4404,.T.);
#12922=EDGE_CURVE('',#5906,#5901,#4420,.T.);
#12934=EDGE_CURVE('',#5904,#5920,#4408,.T.);
#12936=EDGE_CURVE('',#5904,#5906,#4424,.T.);
#12949=EDGE_CURVE('',#5902,#5904,#4428,.T.);
#12972=EDGE_CURVE('',#5909,#5910,#4432,.T.);
#12974=EDGE_CURVE('',#5914,#5909,#4436,.T.);
#12976=EDGE_CURVE('',#5912,#5914,#4440,.T.);
#12978=EDGE_CURVE('',#5910,#5912,#4444,.T.);
#12989=EDGE_CURVE('',#5909,#5925,#4448,.T.);
#12992=EDGE_CURVE('',#5910,#5926,#4460,.T.);
#13003=EDGE_CURVE('',#5914,#5930,#4452,.T.);
#13016=EDGE_CURVE('',#5912,#5928,#4456,.T.);
#13041=EDGE_CURVE('',#5949,#5933,#4464,.T.);
#13043=EDGE_CURVE('',#5933,#5934,#4480,.T.);
#13045=EDGE_CURVE('',#5950,#5934,#4476,.T.);
#13056=EDGE_CURVE('',#5954,#5938,#4468,.T.);
#13058=EDGE_CURVE('',#5938,#5933,#4484,.T.);
#13070=EDGE_CURVE('',#5952,#5936,#4472,.T.);
#13072=EDGE_CURVE('',#5936,#5938,#4488,.T.);
#13085=EDGE_CURVE('',#5934,#5936,#4492,.T.);
#13108=EDGE_CURVE('',#5941,#5942,#4496,.T.);
#13110=EDGE_CURVE('',#5946,#5941,#4500,.T.);
#13112=EDGE_CURVE('',#5944,#5946,#4504,.T.);
#13114=EDGE_CURVE('',#5942,#5944,#4508,.T.);
#13125=EDGE_CURVE('',#5957,#5941,#4512,.T.);
#13128=EDGE_CURVE('',#5958,#5942,#4524,.T.);
#13139=EDGE_CURVE('',#5962,#5946,#4516,.T.);
#13152=EDGE_CURVE('',#5960,#5944,#4520,.T.);
#13177=EDGE_CURVE('',#5965,#5973,#4528,.T.);
#13179=EDGE_CURVE('',#5965,#5966,#4544,.T.);
#13181=EDGE_CURVE('',#5966,#5974,#4540,.T.);
#13192=EDGE_CURVE('',#5970,#5978,#4532,.T.);
#13194=EDGE_CURVE('',#5970,#5965,#4548,.T.);
#13206=EDGE_CURVE('',#5968,#5976,#4536,.T.);
#13208=EDGE_CURVE('',#5968,#5970,#4552,.T.);
#13221=EDGE_CURVE('',#5966,#5968,#4556,.T.);
#13249=ADVANCED_BREP_SHAPE_REPRESENTATION('',(#13240),#13248);
#13256=PRODUCT_DEFINITION('design','',#13255,#13252);
#13257=PRODUCT_DEFINITION_SHAPE('','SHAPE FOR 0619.',#13256);
#13258=SHAPE_DEFINITION_REPRESENTATION(#13257,#13249);
ENDSEC;
END-ISO-10303-21;
