step,tag,value
0,Debug/YOLO_Max_Class_ID,1.0
50,Debug/YOLO_Max_Class_ID,1.0
100,Debug/YOLO_Max_Class_ID,1.0
150,Debug/YOLO_Max_Class_ID,1.0
200,Debug/YOLO_Max_Class_ID,1.0
250,Debug/YOLO_Max_Class_ID,1.0
300,Debug/YOLO_Max_Class_ID,1.0
350,Debug/YOLO_Max_Class_ID,1.0
400,Debug/YOLO_Max_Class_ID,1.0
450,Debug/YOLO_Max_Class_ID,1.0
500,Debug/YOLO_Max_Class_ID,1.0
550,Debug/YOLO_Max_Class_ID,1.0
600,Debug/YOLO_Max_Class_ID,1.0
650,Debug/YOLO_Max_Class_ID,1.0
700,Debug/YOLO_Max_Class_ID,1.0
750,Debug/YOLO_Max_Class_ID,1.0
800,Debug/YOLO_Max_Class_ID,1.0
850,Debug/YOLO_Max_Class_ID,1.0
900,Debug/YOLO_Max_Class_ID,1.0
950,Debug/YOLO_Max_Class_ID,1.0
1000,Debug/YOLO_Max_Class_ID,1.0
1050,Debug/YOLO_Max_Class_ID,1.0
1100,Debug/YOLO_Max_Class_ID,1.0
1150,Debug/YOLO_Max_Class_ID,1.0
1200,Debug/YOLO_Max_Class_ID,1.0
1250,Debug/YOLO_Max_Class_ID,1.0
1300,Debug/YOLO_Max_Class_ID,1.0
1350,Debug/YOLO_Max_Class_ID,1.0
1400,Debug/YOLO_Max_Class_ID,1.0
1450,Debug/YOLO_Max_Class_ID,1.0
1500,Debug/YOLO_Max_Class_ID,1.0
1550,Debug/YOLO_Max_Class_ID,1.0
1600,Debug/YOLO_Max_Class_ID,1.0
1650,Debug/YOLO_Max_Class_ID,1.0
1700,Debug/YOLO_Max_Class_ID,1.0
1750,Debug/YOLO_Max_Class_ID,1.0
1800,Debug/YOLO_Max_Class_ID,1.0
1850,Debug/YOLO_Max_Class_ID,1.0
1900,Debug/YOLO_Max_Class_ID,1.0
1950,Debug/YOLO_Max_Class_ID,1.0
2000,Debug/YOLO_Max_Class_ID,1.0
2050,Debug/YOLO_Max_Class_ID,1.0
2100,Debug/YOLO_Max_Class_ID,1.0
2150,Debug/YOLO_Max_Class_ID,1.0
2200,Debug/YOLO_Max_Class_ID,1.0
2250,Debug/YOLO_Max_Class_ID,1.0
2300,Debug/YOLO_Max_Class_ID,1.0
2350,Debug/YOLO_Max_Class_ID,1.0
2400,Debug/YOLO_Max_Class_ID,1.0
2443,Debug/YOLO_Max_Class_ID,1.0
2493,Debug/YOLO_Max_Class_ID,1.0
2543,Debug/YOLO_Max_Class_ID,1.0
2593,Debug/YOLO_Max_Class_ID,1.0
2643,Debug/YOLO_Max_Class_ID,1.0
2693,Debug/YOLO_Max_Class_ID,1.0
2743,Debug/YOLO_Max_Class_ID,1.0
2793,Debug/YOLO_Max_Class_ID,1.0
2843,Debug/YOLO_Max_Class_ID,1.0
2893,Debug/YOLO_Max_Class_ID,1.0
2943,Debug/YOLO_Max_Class_ID,1.0
2993,Debug/YOLO_Max_Class_ID,1.0
3043,Debug/YOLO_Max_Class_ID,1.0
3093,Debug/YOLO_Max_Class_ID,1.0
3143,Debug/YOLO_Max_Class_ID,1.0
3193,Debug/YOLO_Max_Class_ID,1.0
3243,Debug/YOLO_Max_Class_ID,1.0
3293,Debug/YOLO_Max_Class_ID,1.0
3343,Debug/YOLO_Max_Class_ID,1.0
3393,Debug/YOLO_Max_Class_ID,1.0
3443,Debug/YOLO_Max_Class_ID,1.0
3493,Debug/YOLO_Max_Class_ID,1.0
3543,Debug/YOLO_Max_Class_ID,1.0
3593,Debug/YOLO_Max_Class_ID,1.0
3643,Debug/YOLO_Max_Class_ID,1.0
3693,Debug/YOLO_Max_Class_ID,1.0
3743,Debug/YOLO_Max_Class_ID,1.0
3793,Debug/YOLO_Max_Class_ID,1.0
3843,Debug/YOLO_Max_Class_ID,1.0
3893,Debug/YOLO_Max_Class_ID,1.0
3943,Debug/YOLO_Max_Class_ID,1.0
3993,Debug/YOLO_Max_Class_ID,1.0
4043,Debug/YOLO_Max_Class_ID,1.0
4093,Debug/YOLO_Max_Class_ID,1.0
4143,Debug/YOLO_Max_Class_ID,1.0
4193,Debug/YOLO_Max_Class_ID,1.0
4243,Debug/YOLO_Max_Class_ID,1.0
4293,Debug/YOLO_Max_Class_ID,1.0
4343,Debug/YOLO_Max_Class_ID,1.0
4393,Debug/YOLO_Max_Class_ID,1.0
4443,Debug/YOLO_Max_Class_ID,1.0
4493,Debug/YOLO_Max_Class_ID,1.0
4543,Debug/YOLO_Max_Class_ID,1.0
4593,Debug/YOLO_Max_Class_ID,1.0
4643,Debug/YOLO_Max_Class_ID,1.0
4693,Debug/YOLO_Max_Class_ID,1.0
4743,Debug/YOLO_Max_Class_ID,1.0
4793,Debug/YOLO_Max_Class_ID,1.0
4843,Debug/YOLO_Max_Class_ID,1.0
4886,Debug/YOLO_Max_Class_ID,1.0
4936,Debug/YOLO_Max_Class_ID,1.0
4986,Debug/YOLO_Max_Class_ID,1.0
5036,Debug/YOLO_Max_Class_ID,1.0
5086,Debug/YOLO_Max_Class_ID,1.0
5136,Debug/YOLO_Max_Class_ID,1.0
5186,Debug/YOLO_Max_Class_ID,1.0
5236,Debug/YOLO_Max_Class_ID,1.0
5286,Debug/YOLO_Max_Class_ID,1.0
5336,Debug/YOLO_Max_Class_ID,1.0
5386,Debug/YOLO_Max_Class_ID,1.0
5436,Debug/YOLO_Max_Class_ID,1.0
5486,Debug/YOLO_Max_Class_ID,1.0
5536,Debug/YOLO_Max_Class_ID,1.0
5586,Debug/YOLO_Max_Class_ID,1.0
5636,Debug/YOLO_Max_Class_ID,1.0
5686,Debug/YOLO_Max_Class_ID,1.0
5736,Debug/YOLO_Max_Class_ID,1.0
5786,Debug/YOLO_Max_Class_ID,1.0
5836,Debug/YOLO_Max_Class_ID,1.0
5886,Debug/YOLO_Max_Class_ID,1.0
5936,Debug/YOLO_Max_Class_ID,1.0
5986,Debug/YOLO_Max_Class_ID,1.0
6036,Debug/YOLO_Max_Class_ID,1.0
6086,Debug/YOLO_Max_Class_ID,1.0
6136,Debug/YOLO_Max_Class_ID,1.0
6186,Debug/YOLO_Max_Class_ID,1.0
6236,Debug/YOLO_Max_Class_ID,1.0
6286,Debug/YOLO_Max_Class_ID,1.0
6336,Debug/YOLO_Max_Class_ID,1.0
6386,Debug/YOLO_Max_Class_ID,1.0
6436,Debug/YOLO_Max_Class_ID,1.0
6486,Debug/YOLO_Max_Class_ID,1.0
6536,Debug/YOLO_Max_Class_ID,1.0
6586,Debug/YOLO_Max_Class_ID,1.0
6636,Debug/YOLO_Max_Class_ID,1.0
6686,Debug/YOLO_Max_Class_ID,1.0
6736,Debug/YOLO_Max_Class_ID,1.0
6786,Debug/YOLO_Max_Class_ID,1.0
6836,Debug/YOLO_Max_Class_ID,1.0
6886,Debug/YOLO_Max_Class_ID,1.0
6936,Debug/YOLO_Max_Class_ID,1.0
6986,Debug/YOLO_Max_Class_ID,1.0
7036,Debug/YOLO_Max_Class_ID,1.0
7086,Debug/YOLO_Max_Class_ID,1.0
7136,Debug/YOLO_Max_Class_ID,1.0
7186,Debug/YOLO_Max_Class_ID,1.0
7236,Debug/YOLO_Max_Class_ID,1.0
7286,Debug/YOLO_Max_Class_ID,1.0
7329,Debug/YOLO_Max_Class_ID,1.0
7379,Debug/YOLO_Max_Class_ID,1.0
7429,Debug/YOLO_Max_Class_ID,1.0
7479,Debug/YOLO_Max_Class_ID,1.0
7529,Debug/YOLO_Max_Class_ID,1.0
7579,Debug/YOLO_Max_Class_ID,1.0
7629,Debug/YOLO_Max_Class_ID,1.0
7679,Debug/YOLO_Max_Class_ID,1.0
7729,Debug/YOLO_Max_Class_ID,1.0
7779,Debug/YOLO_Max_Class_ID,1.0
7829,Debug/YOLO_Max_Class_ID,1.0
7879,Debug/YOLO_Max_Class_ID,1.0
7929,Debug/YOLO_Max_Class_ID,1.0
7979,Debug/YOLO_Max_Class_ID,1.0
8029,Debug/YOLO_Max_Class_ID,1.0
8079,Debug/YOLO_Max_Class_ID,1.0
8129,Debug/YOLO_Max_Class_ID,1.0
8179,Debug/YOLO_Max_Class_ID,1.0
8229,Debug/YOLO_Max_Class_ID,1.0
8279,Debug/YOLO_Max_Class_ID,1.0
8329,Debug/YOLO_Max_Class_ID,1.0
8379,Debug/YOLO_Max_Class_ID,1.0
8429,Debug/YOLO_Max_Class_ID,1.0
8479,Debug/YOLO_Max_Class_ID,1.0
8529,Debug/YOLO_Max_Class_ID,1.0
8579,Debug/YOLO_Max_Class_ID,1.0
8629,Debug/YOLO_Max_Class_ID,1.0
8679,Debug/YOLO_Max_Class_ID,1.0
8729,Debug/YOLO_Max_Class_ID,1.0
8779,Debug/YOLO_Max_Class_ID,1.0
8829,Debug/YOLO_Max_Class_ID,1.0
8879,Debug/YOLO_Max_Class_ID,1.0
8929,Debug/YOLO_Max_Class_ID,1.0
8979,Debug/YOLO_Max_Class_ID,1.0
9029,Debug/YOLO_Max_Class_ID,1.0
9079,Debug/YOLO_Max_Class_ID,1.0
9129,Debug/YOLO_Max_Class_ID,1.0
9179,Debug/YOLO_Max_Class_ID,1.0
9229,Debug/YOLO_Max_Class_ID,1.0
9279,Debug/YOLO_Max_Class_ID,1.0
9329,Debug/YOLO_Max_Class_ID,1.0
9379,Debug/YOLO_Max_Class_ID,1.0
9429,Debug/YOLO_Max_Class_ID,1.0
9479,Debug/YOLO_Max_Class_ID,1.0
9529,Debug/YOLO_Max_Class_ID,1.0
9579,Debug/YOLO_Max_Class_ID,1.0
9629,Debug/YOLO_Max_Class_ID,1.0
9679,Debug/YOLO_Max_Class_ID,1.0
9729,Debug/YOLO_Max_Class_ID,1.0
9772,Debug/YOLO_Max_Class_ID,1.0
9822,Debug/YOLO_Max_Class_ID,1.0
9872,Debug/YOLO_Max_Class_ID,1.0
9922,Debug/YOLO_Max_Class_ID,1.0
9972,Debug/YOLO_Max_Class_ID,1.0
10022,Debug/YOLO_Max_Class_ID,1.0
10072,Debug/YOLO_Max_Class_ID,1.0
10122,Debug/YOLO_Max_Class_ID,1.0
10172,Debug/YOLO_Max_Class_ID,1.0
10222,Debug/YOLO_Max_Class_ID,1.0
10272,Debug/YOLO_Max_Class_ID,1.0
10322,Debug/YOLO_Max_Class_ID,1.0
10372,Debug/YOLO_Max_Class_ID,1.0
10422,Debug/YOLO_Max_Class_ID,1.0
10472,Debug/YOLO_Max_Class_ID,1.0
10522,Debug/YOLO_Max_Class_ID,1.0
10572,Debug/YOLO_Max_Class_ID,1.0
10622,Debug/YOLO_Max_Class_ID,1.0
10672,Debug/YOLO_Max_Class_ID,1.0
10722,Debug/YOLO_Max_Class_ID,1.0
10772,Debug/YOLO_Max_Class_ID,1.0
10822,Debug/YOLO_Max_Class_ID,1.0
10872,Debug/YOLO_Max_Class_ID,1.0
10922,Debug/YOLO_Max_Class_ID,1.0
10972,Debug/YOLO_Max_Class_ID,1.0
11022,Debug/YOLO_Max_Class_ID,1.0
11072,Debug/YOLO_Max_Class_ID,1.0
11122,Debug/YOLO_Max_Class_ID,1.0
11172,Debug/YOLO_Max_Class_ID,1.0
11222,Debug/YOLO_Max_Class_ID,1.0
11272,Debug/YOLO_Max_Class_ID,1.0
11322,Debug/YOLO_Max_Class_ID,1.0
11372,Debug/YOLO_Max_Class_ID,1.0
11422,Debug/YOLO_Max_Class_ID,1.0
11472,Debug/YOLO_Max_Class_ID,1.0
11522,Debug/YOLO_Max_Class_ID,1.0
11572,Debug/YOLO_Max_Class_ID,1.0
11622,Debug/YOLO_Max_Class_ID,1.0
11672,Debug/YOLO_Max_Class_ID,1.0
11722,Debug/YOLO_Max_Class_ID,1.0
11772,Debug/YOLO_Max_Class_ID,1.0
11822,Debug/YOLO_Max_Class_ID,1.0
11872,Debug/YOLO_Max_Class_ID,1.0
11922,Debug/YOLO_Max_Class_ID,1.0
11972,Debug/YOLO_Max_Class_ID,1.0
12022,Debug/YOLO_Max_Class_ID,1.0
12072,Debug/YOLO_Max_Class_ID,1.0
12122,Debug/YOLO_Max_Class_ID,1.0
12172,Debug/YOLO_Max_Class_ID,1.0
12215,Debug/YOLO_Max_Class_ID,1.0
12265,Debug/YOLO_Max_Class_ID,1.0
12315,Debug/YOLO_Max_Class_ID,1.0
12365,Debug/YOLO_Max_Class_ID,1.0
12415,Debug/YOLO_Max_Class_ID,1.0
12465,Debug/YOLO_Max_Class_ID,1.0
12515,Debug/YOLO_Max_Class_ID,1.0
12565,Debug/YOLO_Max_Class_ID,1.0
12615,Debug/YOLO_Max_Class_ID,1.0
12665,Debug/YOLO_Max_Class_ID,1.0
12715,Debug/YOLO_Max_Class_ID,1.0
12765,Debug/YOLO_Max_Class_ID,1.0
12815,Debug/YOLO_Max_Class_ID,1.0
12865,Debug/YOLO_Max_Class_ID,1.0
12915,Debug/YOLO_Max_Class_ID,1.0
12965,Debug/YOLO_Max_Class_ID,1.0
13015,Debug/YOLO_Max_Class_ID,1.0
13065,Debug/YOLO_Max_Class_ID,1.0
13115,Debug/YOLO_Max_Class_ID,1.0
13165,Debug/YOLO_Max_Class_ID,1.0
13215,Debug/YOLO_Max_Class_ID,1.0
13265,Debug/YOLO_Max_Class_ID,1.0
13315,Debug/YOLO_Max_Class_ID,1.0
13365,Debug/YOLO_Max_Class_ID,1.0
13415,Debug/YOLO_Max_Class_ID,1.0
13465,Debug/YOLO_Max_Class_ID,1.0
13515,Debug/YOLO_Max_Class_ID,1.0
13565,Debug/YOLO_Max_Class_ID,1.0
13615,Debug/YOLO_Max_Class_ID,1.0
13665,Debug/YOLO_Max_Class_ID,1.0
13715,Debug/YOLO_Max_Class_ID,1.0
13765,Debug/YOLO_Max_Class_ID,1.0
13815,Debug/YOLO_Max_Class_ID,1.0
13865,Debug/YOLO_Max_Class_ID,1.0
13915,Debug/YOLO_Max_Class_ID,1.0
13965,Debug/YOLO_Max_Class_ID,1.0
14015,Debug/YOLO_Max_Class_ID,1.0
14065,Debug/YOLO_Max_Class_ID,1.0
14115,Debug/YOLO_Max_Class_ID,1.0
14165,Debug/YOLO_Max_Class_ID,1.0
14215,Debug/YOLO_Max_Class_ID,1.0
14265,Debug/YOLO_Max_Class_ID,1.0
14315,Debug/YOLO_Max_Class_ID,1.0
14365,Debug/YOLO_Max_Class_ID,1.0
14415,Debug/YOLO_Max_Class_ID,1.0
14465,Debug/YOLO_Max_Class_ID,1.0
14515,Debug/YOLO_Max_Class_ID,1.0
14565,Debug/YOLO_Max_Class_ID,1.0
14615,Debug/YOLO_Max_Class_ID,1.0
14658,Debug/YOLO_Max_Class_ID,1.0
14708,Debug/YOLO_Max_Class_ID,1.0
14758,Debug/YOLO_Max_Class_ID,1.0
14808,Debug/YOLO_Max_Class_ID,1.0
14858,Debug/YOLO_Max_Class_ID,1.0
14908,Debug/YOLO_Max_Class_ID,1.0
14958,Debug/YOLO_Max_Class_ID,1.0
15008,Debug/YOLO_Max_Class_ID,1.0
15058,Debug/YOLO_Max_Class_ID,1.0
15108,Debug/YOLO_Max_Class_ID,1.0
15158,Debug/YOLO_Max_Class_ID,1.0
15208,Debug/YOLO_Max_Class_ID,1.0
15258,Debug/YOLO_Max_Class_ID,1.0
15308,Debug/YOLO_Max_Class_ID,1.0
15358,Debug/YOLO_Max_Class_ID,1.0
15408,Debug/YOLO_Max_Class_ID,1.0
15458,Debug/YOLO_Max_Class_ID,1.0
15508,Debug/YOLO_Max_Class_ID,1.0
15558,Debug/YOLO_Max_Class_ID,1.0
15608,Debug/YOLO_Max_Class_ID,1.0
15658,Debug/YOLO_Max_Class_ID,1.0
15708,Debug/YOLO_Max_Class_ID,1.0
15758,Debug/YOLO_Max_Class_ID,1.0
15808,Debug/YOLO_Max_Class_ID,1.0
15858,Debug/YOLO_Max_Class_ID,1.0
15908,Debug/YOLO_Max_Class_ID,1.0
15958,Debug/YOLO_Max_Class_ID,1.0
16008,Debug/YOLO_Max_Class_ID,1.0
16058,Debug/YOLO_Max_Class_ID,1.0
16108,Debug/YOLO_Max_Class_ID,1.0
16158,Debug/YOLO_Max_Class_ID,1.0
16208,Debug/YOLO_Max_Class_ID,1.0
16258,Debug/YOLO_Max_Class_ID,1.0
16308,Debug/YOLO_Max_Class_ID,1.0
16358,Debug/YOLO_Max_Class_ID,1.0
16408,Debug/YOLO_Max_Class_ID,1.0
16458,Debug/YOLO_Max_Class_ID,1.0
16508,Debug/YOLO_Max_Class_ID,1.0
16558,Debug/YOLO_Max_Class_ID,1.0
16608,Debug/YOLO_Max_Class_ID,1.0
16658,Debug/YOLO_Max_Class_ID,1.0
16708,Debug/YOLO_Max_Class_ID,1.0
16758,Debug/YOLO_Max_Class_ID,1.0
16808,Debug/YOLO_Max_Class_ID,1.0
16858,Debug/YOLO_Max_Class_ID,1.0
16908,Debug/YOLO_Max_Class_ID,1.0
16958,Debug/YOLO_Max_Class_ID,1.0
17008,Debug/YOLO_Max_Class_ID,1.0
17058,Debug/YOLO_Max_Class_ID,1.0
17101,Debug/YOLO_Max_Class_ID,1.0
17151,Debug/YOLO_Max_Class_ID,1.0
17201,Debug/YOLO_Max_Class_ID,1.0
17251,Debug/YOLO_Max_Class_ID,1.0
17301,Debug/YOLO_Max_Class_ID,1.0
17351,Debug/YOLO_Max_Class_ID,1.0
17401,Debug/YOLO_Max_Class_ID,1.0
17451,Debug/YOLO_Max_Class_ID,1.0
17501,Debug/YOLO_Max_Class_ID,1.0
17551,Debug/YOLO_Max_Class_ID,1.0
17601,Debug/YOLO_Max_Class_ID,1.0
17651,Debug/YOLO_Max_Class_ID,1.0
17701,Debug/YOLO_Max_Class_ID,1.0
17751,Debug/YOLO_Max_Class_ID,1.0
17801,Debug/YOLO_Max_Class_ID,1.0
17851,Debug/YOLO_Max_Class_ID,1.0
17901,Debug/YOLO_Max_Class_ID,1.0
0,Debug/YOLO_Num_Targets,346.0
50,Debug/YOLO_Num_Targets,390.4166564941406
100,Debug/YOLO_Num_Targets,365.1666564941406
150,Debug/YOLO_Num_Targets,324.9166564941406
200,Debug/YOLO_Num_Targets,374.5833435058594
250,Debug/YOLO_Num_Targets,413.5
300,Debug/YOLO_Num_Targets,422.0833435058594
350,Debug/YOLO_Num_Targets,374.9166564941406
400,Debug/YOLO_Num_Targets,383.0833435058594
450,Debug/YOLO_Num_Targets,350.0
500,Debug/YOLO_Num_Targets,386.0
550,Debug/YOLO_Num_Targets,384.0833435058594
600,Debug/YOLO_Num_Targets,387.0
650,Debug/YOLO_Num_Targets,453.9166564941406
700,Debug/YOLO_Num_Targets,374.5833435058594
750,Debug/YOLO_Num_Targets,536.4166870117188
800,Debug/YOLO_Num_Targets,362.1666564941406
850,Debug/YOLO_Num_Targets,487.9166564941406
900,Debug/YOLO_Num_Targets,350.0
950,Debug/YOLO_Num_Targets,447.5833435058594
1000,Debug/YOLO_Num_Targets,379.8333435058594
1050,Debug/YOLO_Num_Targets,345.5833435058594
1100,Debug/YOLO_Num_Targets,362.0
1150,Debug/YOLO_Num_Targets,359.5833435058594
1200,Debug/YOLO_Num_Targets,352.0833435058594
1250,Debug/YOLO_Num_Targets,414.75
1300,Debug/YOLO_Num_Targets,410.1666564941406
1350,Debug/YOLO_Num_Targets,357.4166564941406
1400,Debug/YOLO_Num_Targets,350.0833435058594
1450,Debug/YOLO_Num_Targets,342.8333435058594
1500,Debug/YOLO_Num_Targets,443.25
1550,Debug/YOLO_Num_Targets,374.25
1600,Debug/YOLO_Num_Targets,419.75
1650,Debug/YOLO_Num_Targets,405.5833435058594
1700,Debug/YOLO_Num_Targets,310.0833435058594
1750,Debug/YOLO_Num_Targets,449.0833435058594
1800,Debug/YOLO_Num_Targets,328.5833435058594
1850,Debug/YOLO_Num_Targets,388.8333435058594
1900,Debug/YOLO_Num_Targets,397.3333435058594
1950,Debug/YOLO_Num_Targets,308.9166564941406
2000,Debug/YOLO_Num_Targets,356.1666564941406
2050,Debug/YOLO_Num_Targets,427.25
2100,Debug/YOLO_Num_Targets,390.3333435058594
2150,Debug/YOLO_Num_Targets,391.6666564941406
2200,Debug/YOLO_Num_Targets,408.25
2250,Debug/YOLO_Num_Targets,277.3333435058594
2300,Debug/YOLO_Num_Targets,435.8333435058594
2350,Debug/YOLO_Num_Targets,283.6666564941406
2400,Debug/YOLO_Num_Targets,390.0833435058594
2443,Debug/YOLO_Num_Targets,434.9166564941406
2493,Debug/YOLO_Num_Targets,461.0
2543,Debug/YOLO_Num_Targets,363.8333435058594
2593,Debug/YOLO_Num_Targets,455.25
2643,Debug/YOLO_Num_Targets,433.9166564941406
2693,Debug/YOLO_Num_Targets,361.3333435058594
2743,Debug/YOLO_Num_Targets,403.25
2793,Debug/YOLO_Num_Targets,292.9166564941406
2843,Debug/YOLO_Num_Targets,442.3333435058594
2893,Debug/YOLO_Num_Targets,393.0833435058594
2943,Debug/YOLO_Num_Targets,381.8333435058594
2993,Debug/YOLO_Num_Targets,348.4166564941406
3043,Debug/YOLO_Num_Targets,316.4166564941406
3093,Debug/YOLO_Num_Targets,356.3333435058594
3143,Debug/YOLO_Num_Targets,404.1666564941406
3193,Debug/YOLO_Num_Targets,393.1666564941406
3243,Debug/YOLO_Num_Targets,373.1666564941406
3293,Debug/YOLO_Num_Targets,328.75
3343,Debug/YOLO_Num_Targets,396.25
3393,Debug/YOLO_Num_Targets,338.3333435058594
3443,Debug/YOLO_Num_Targets,410.9166564941406
3493,Debug/YOLO_Num_Targets,405.4166564941406
3543,Debug/YOLO_Num_Targets,380.75
3593,Debug/YOLO_Num_Targets,377.3333435058594
3643,Debug/YOLO_Num_Targets,312.5833435058594
3693,Debug/YOLO_Num_Targets,388.0
3743,Debug/YOLO_Num_Targets,406.0833435058594
3793,Debug/YOLO_Num_Targets,341.4166564941406
3843,Debug/YOLO_Num_Targets,389.6666564941406
3893,Debug/YOLO_Num_Targets,419.8333435058594
3943,Debug/YOLO_Num_Targets,387.75
3993,Debug/YOLO_Num_Targets,389.9166564941406
4043,Debug/YOLO_Num_Targets,312.1666564941406
4093,Debug/YOLO_Num_Targets,476.8333435058594
4143,Debug/YOLO_Num_Targets,338.6666564941406
4193,Debug/YOLO_Num_Targets,316.5833435058594
4243,Debug/YOLO_Num_Targets,474.5
4293,Debug/YOLO_Num_Targets,366.5
4343,Debug/YOLO_Num_Targets,401.5833435058594
4393,Debug/YOLO_Num_Targets,375.5833435058594
4443,Debug/YOLO_Num_Targets,405.0
4493,Debug/YOLO_Num_Targets,437.8333435058594
4543,Debug/YOLO_Num_Targets,399.8333435058594
4593,Debug/YOLO_Num_Targets,340.3333435058594
4643,Debug/YOLO_Num_Targets,325.0
4693,Debug/YOLO_Num_Targets,393.1666564941406
4743,Debug/YOLO_Num_Targets,384.1666564941406
4793,Debug/YOLO_Num_Targets,353.8333435058594
4843,Debug/YOLO_Num_Targets,288.1666564941406
4886,Debug/YOLO_Num_Targets,331.0
4936,Debug/YOLO_Num_Targets,384.5833435058594
4986,Debug/YOLO_Num_Targets,380.9166564941406
5036,Debug/YOLO_Num_Targets,351.0833435058594
5086,Debug/YOLO_Num_Targets,363.4166564941406
5136,Debug/YOLO_Num_Targets,384.3333435058594
5186,Debug/YOLO_Num_Targets,366.4166564941406
5236,Debug/YOLO_Num_Targets,335.8333435058594
5286,Debug/YOLO_Num_Targets,398.4166564941406
5336,Debug/YOLO_Num_Targets,413.8333435058594
5386,Debug/YOLO_Num_Targets,325.5
5436,Debug/YOLO_Num_Targets,367.4166564941406
5486,Debug/YOLO_Num_Targets,374.75
5536,Debug/YOLO_Num_Targets,405.9166564941406
5586,Debug/YOLO_Num_Targets,432.1666564941406
5636,Debug/YOLO_Num_Targets,340.25
5686,Debug/YOLO_Num_Targets,383.6666564941406
5736,Debug/YOLO_Num_Targets,333.0833435058594
5786,Debug/YOLO_Num_Targets,315.5833435058594
5836,Debug/YOLO_Num_Targets,436.25
5886,Debug/YOLO_Num_Targets,364.75
5936,Debug/YOLO_Num_Targets,383.5833435058594
5986,Debug/YOLO_Num_Targets,327.0833435058594
6036,Debug/YOLO_Num_Targets,392.4166564941406
6086,Debug/YOLO_Num_Targets,395.8333435058594
6136,Debug/YOLO_Num_Targets,291.5
6186,Debug/YOLO_Num_Targets,368.5
6236,Debug/YOLO_Num_Targets,429.1666564941406
6286,Debug/YOLO_Num_Targets,383.5833435058594
6336,Debug/YOLO_Num_Targets,416.75
6386,Debug/YOLO_Num_Targets,350.0833435058594
6436,Debug/YOLO_Num_Targets,412.3333435058594
6486,Debug/YOLO_Num_Targets,303.5833435058594
6536,Debug/YOLO_Num_Targets,354.8333435058594
6586,Debug/YOLO_Num_Targets,369.4166564941406
6636,Debug/YOLO_Num_Targets,356.5
6686,Debug/YOLO_Num_Targets,406.5833435058594
6736,Debug/YOLO_Num_Targets,385.0833435058594
6786,Debug/YOLO_Num_Targets,292.6666564941406
6836,Debug/YOLO_Num_Targets,388.75
6886,Debug/YOLO_Num_Targets,361.75
6936,Debug/YOLO_Num_Targets,349.5833435058594
6986,Debug/YOLO_Num_Targets,401.75
7036,Debug/YOLO_Num_Targets,395.3333435058594
7086,Debug/YOLO_Num_Targets,410.0
7136,Debug/YOLO_Num_Targets,440.0
7186,Debug/YOLO_Num_Targets,421.3333435058594
7236,Debug/YOLO_Num_Targets,375.75
7286,Debug/YOLO_Num_Targets,327.3333435058594
7329,Debug/YOLO_Num_Targets,398.5833435058594
7379,Debug/YOLO_Num_Targets,363.1666564941406
7429,Debug/YOLO_Num_Targets,432.0
7479,Debug/YOLO_Num_Targets,393.0
7529,Debug/YOLO_Num_Targets,400.3333435058594
7579,Debug/YOLO_Num_Targets,443.0833435058594
7629,Debug/YOLO_Num_Targets,372.5
7679,Debug/YOLO_Num_Targets,414.5833435058594
7729,Debug/YOLO_Num_Targets,435.9166564941406
7779,Debug/YOLO_Num_Targets,401.6666564941406
7829,Debug/YOLO_Num_Targets,388.6666564941406
7879,Debug/YOLO_Num_Targets,385.0833435058594
7929,Debug/YOLO_Num_Targets,369.3333435058594
7979,Debug/YOLO_Num_Targets,356.8333435058594
8029,Debug/YOLO_Num_Targets,322.0
8079,Debug/YOLO_Num_Targets,433.9166564941406
8129,Debug/YOLO_Num_Targets,290.3333435058594
8179,Debug/YOLO_Num_Targets,448.25
8229,Debug/YOLO_Num_Targets,391.5
8279,Debug/YOLO_Num_Targets,395.8333435058594
8329,Debug/YOLO_Num_Targets,440.1666564941406
8379,Debug/YOLO_Num_Targets,399.75
8429,Debug/YOLO_Num_Targets,383.75
8479,Debug/YOLO_Num_Targets,446.1666564941406
8529,Debug/YOLO_Num_Targets,322.0
8579,Debug/YOLO_Num_Targets,367.5
8629,Debug/YOLO_Num_Targets,398.4166564941406
8679,Debug/YOLO_Num_Targets,332.5833435058594
8729,Debug/YOLO_Num_Targets,345.4166564941406
8779,Debug/YOLO_Num_Targets,418.1666564941406
8829,Debug/YOLO_Num_Targets,433.6666564941406
8879,Debug/YOLO_Num_Targets,341.5
8929,Debug/YOLO_Num_Targets,397.1666564941406
8979,Debug/YOLO_Num_Targets,423.75
9029,Debug/YOLO_Num_Targets,381.9166564941406
9079,Debug/YOLO_Num_Targets,394.0
9129,Debug/YOLO_Num_Targets,460.3333435058594
9179,Debug/YOLO_Num_Targets,317.4166564941406
9229,Debug/YOLO_Num_Targets,402.5
9279,Debug/YOLO_Num_Targets,438.4166564941406
9329,Debug/YOLO_Num_Targets,422.75
9379,Debug/YOLO_Num_Targets,392.5833435058594
9429,Debug/YOLO_Num_Targets,346.5833435058594
9479,Debug/YOLO_Num_Targets,302.6666564941406
9529,Debug/YOLO_Num_Targets,263.0
9579,Debug/YOLO_Num_Targets,446.5833435058594
9629,Debug/YOLO_Num_Targets,396.75
9679,Debug/YOLO_Num_Targets,345.6666564941406
9729,Debug/YOLO_Num_Targets,369.4166564941406
9772,Debug/YOLO_Num_Targets,391.5833435058594
9822,Debug/YOLO_Num_Targets,324.1666564941406
9872,Debug/YOLO_Num_Targets,373.5
9922,Debug/YOLO_Num_Targets,420.0
9972,Debug/YOLO_Num_Targets,414.1666564941406
10022,Debug/YOLO_Num_Targets,386.8333435058594
10072,Debug/YOLO_Num_Targets,374.5
10122,Debug/YOLO_Num_Targets,376.5
10172,Debug/YOLO_Num_Targets,363.4166564941406
10222,Debug/YOLO_Num_Targets,315.4166564941406
10272,Debug/YOLO_Num_Targets,413.1666564941406
10322,Debug/YOLO_Num_Targets,480.3333435058594
10372,Debug/YOLO_Num_Targets,324.5833435058594
10422,Debug/YOLO_Num_Targets,327.5
10472,Debug/YOLO_Num_Targets,409.1666564941406
10522,Debug/YOLO_Num_Targets,418.5833435058594
10572,Debug/YOLO_Num_Targets,381.4166564941406
10622,Debug/YOLO_Num_Targets,346.5
10672,Debug/YOLO_Num_Targets,380.75
10722,Debug/YOLO_Num_Targets,328.4166564941406
10772,Debug/YOLO_Num_Targets,322.4166564941406
10822,Debug/YOLO_Num_Targets,453.5833435058594
10872,Debug/YOLO_Num_Targets,418.0
10922,Debug/YOLO_Num_Targets,311.25
10972,Debug/YOLO_Num_Targets,368.3333435058594
11022,Debug/YOLO_Num_Targets,318.6666564941406
11072,Debug/YOLO_Num_Targets,345.25
11122,Debug/YOLO_Num_Targets,391.4166564941406
11172,Debug/YOLO_Num_Targets,397.1666564941406
11222,Debug/YOLO_Num_Targets,298.0
11272,Debug/YOLO_Num_Targets,390.3333435058594
11322,Debug/YOLO_Num_Targets,421.8333435058594
11372,Debug/YOLO_Num_Targets,371.5
11422,Debug/YOLO_Num_Targets,342.5
11472,Debug/YOLO_Num_Targets,404.5833435058594
11522,Debug/YOLO_Num_Targets,454.5
11572,Debug/YOLO_Num_Targets,382.6666564941406
11622,Debug/YOLO_Num_Targets,445.0
11672,Debug/YOLO_Num_Targets,394.0833435058594
11722,Debug/YOLO_Num_Targets,400.6666564941406
11772,Debug/YOLO_Num_Targets,423.75
11822,Debug/YOLO_Num_Targets,388.5833435058594
11872,Debug/YOLO_Num_Targets,407.4166564941406
11922,Debug/YOLO_Num_Targets,383.75
11972,Debug/YOLO_Num_Targets,545.5833129882812
12022,Debug/YOLO_Num_Targets,323.8333435058594
12072,Debug/YOLO_Num_Targets,403.0833435058594
12122,Debug/YOLO_Num_Targets,365.0
12172,Debug/YOLO_Num_Targets,468.8333435058594
12215,Debug/YOLO_Num_Targets,358.8333435058594
12265,Debug/YOLO_Num_Targets,278.8333435058594
12315,Debug/YOLO_Num_Targets,361.5
12365,Debug/YOLO_Num_Targets,372.0
12415,Debug/YOLO_Num_Targets,313.0
12465,Debug/YOLO_Num_Targets,383.0
12515,Debug/YOLO_Num_Targets,378.8333435058594
12565,Debug/YOLO_Num_Targets,401.75
12615,Debug/YOLO_Num_Targets,359.3333435058594
12665,Debug/YOLO_Num_Targets,316.5
12715,Debug/YOLO_Num_Targets,427.4166564941406
12765,Debug/YOLO_Num_Targets,411.1666564941406
12815,Debug/YOLO_Num_Targets,337.6666564941406
12865,Debug/YOLO_Num_Targets,359.25
12915,Debug/YOLO_Num_Targets,354.0
12965,Debug/YOLO_Num_Targets,364.3333435058594
13015,Debug/YOLO_Num_Targets,342.0
13065,Debug/YOLO_Num_Targets,377.3333435058594
13115,Debug/YOLO_Num_Targets,362.25
13165,Debug/YOLO_Num_Targets,393.75
13215,Debug/YOLO_Num_Targets,382.0833435058594
13265,Debug/YOLO_Num_Targets,421.5833435058594
13315,Debug/YOLO_Num_Targets,327.0
13365,Debug/YOLO_Num_Targets,391.1666564941406
13415,Debug/YOLO_Num_Targets,409.9166564941406
13465,Debug/YOLO_Num_Targets,307.6666564941406
13515,Debug/YOLO_Num_Targets,429.4166564941406
13565,Debug/YOLO_Num_Targets,346.5833435058594
13615,Debug/YOLO_Num_Targets,427.4166564941406
13665,Debug/YOLO_Num_Targets,353.0
13715,Debug/YOLO_Num_Targets,268.6666564941406
13765,Debug/YOLO_Num_Targets,431.5833435058594
13815,Debug/YOLO_Num_Targets,349.3333435058594
13865,Debug/YOLO_Num_Targets,374.5833435058594
13915,Debug/YOLO_Num_Targets,463.0
13965,Debug/YOLO_Num_Targets,447.5833435058594
14015,Debug/YOLO_Num_Targets,405.6666564941406
14065,Debug/YOLO_Num_Targets,358.3333435058594
14115,Debug/YOLO_Num_Targets,439.75
14165,Debug/YOLO_Num_Targets,447.4166564941406
14215,Debug/YOLO_Num_Targets,477.5
14265,Debug/YOLO_Num_Targets,501.0833435058594
14315,Debug/YOLO_Num_Targets,392.4166564941406
14365,Debug/YOLO_Num_Targets,370.8333435058594
14415,Debug/YOLO_Num_Targets,432.75
14465,Debug/YOLO_Num_Targets,330.6666564941406
14515,Debug/YOLO_Num_Targets,456.9166564941406
14565,Debug/YOLO_Num_Targets,539.0
14615,Debug/YOLO_Num_Targets,397.0
14658,Debug/YOLO_Num_Targets,303.9166564941406
14708,Debug/YOLO_Num_Targets,326.8333435058594
14758,Debug/YOLO_Num_Targets,365.25
14808,Debug/YOLO_Num_Targets,301.75
14858,Debug/YOLO_Num_Targets,428.5833435058594
14908,Debug/YOLO_Num_Targets,332.6666564941406
14958,Debug/YOLO_Num_Targets,421.4166564941406
15008,Debug/YOLO_Num_Targets,413.75
15058,Debug/YOLO_Num_Targets,381.25
15108,Debug/YOLO_Num_Targets,394.5833435058594
15158,Debug/YOLO_Num_Targets,374.3333435058594
15208,Debug/YOLO_Num_Targets,385.9166564941406
15258,Debug/YOLO_Num_Targets,346.75
15308,Debug/YOLO_Num_Targets,433.5
15358,Debug/YOLO_Num_Targets,463.4166564941406
15408,Debug/YOLO_Num_Targets,341.5
15458,Debug/YOLO_Num_Targets,411.25
15508,Debug/YOLO_Num_Targets,408.3333435058594
15558,Debug/YOLO_Num_Targets,334.6666564941406
15608,Debug/YOLO_Num_Targets,411.1666564941406
15658,Debug/YOLO_Num_Targets,404.5
15708,Debug/YOLO_Num_Targets,405.5833435058594
15758,Debug/YOLO_Num_Targets,431.0
15808,Debug/YOLO_Num_Targets,423.4166564941406
15858,Debug/YOLO_Num_Targets,355.6666564941406
15908,Debug/YOLO_Num_Targets,385.3333435058594
15958,Debug/YOLO_Num_Targets,376.5833435058594
16008,Debug/YOLO_Num_Targets,343.3333435058594
16058,Debug/YOLO_Num_Targets,398.0833435058594
16108,Debug/YOLO_Num_Targets,311.5
16158,Debug/YOLO_Num_Targets,393.5833435058594
16208,Debug/YOLO_Num_Targets,431.5833435058594
16258,Debug/YOLO_Num_Targets,339.5
16308,Debug/YOLO_Num_Targets,327.5833435058594
16358,Debug/YOLO_Num_Targets,378.9166564941406
16408,Debug/YOLO_Num_Targets,385.8333435058594
16458,Debug/YOLO_Num_Targets,378.3333435058594
16508,Debug/YOLO_Num_Targets,397.5833435058594
16558,Debug/YOLO_Num_Targets,352.3333435058594
16608,Debug/YOLO_Num_Targets,421.5
16658,Debug/YOLO_Num_Targets,450.5
16708,Debug/YOLO_Num_Targets,369.5833435058594
16758,Debug/YOLO_Num_Targets,337.0833435058594
16808,Debug/YOLO_Num_Targets,407.1666564941406
16858,Debug/YOLO_Num_Targets,347.1666564941406
16908,Debug/YOLO_Num_Targets,314.8333435058594
16958,Debug/YOLO_Num_Targets,450.5
17008,Debug/YOLO_Num_Targets,372.75
17058,Debug/YOLO_Num_Targets,366.75
17101,Debug/YOLO_Num_Targets,426.0833435058594
17151,Debug/YOLO_Num_Targets,410.3333435058594
17201,Debug/YOLO_Num_Targets,366.9166564941406
17251,Debug/YOLO_Num_Targets,347.0833435058594
17301,Debug/YOLO_Num_Targets,343.4166564941406
17351,Debug/YOLO_Num_Targets,325.0833435058594
17401,Debug/YOLO_Num_Targets,378.1666564941406
17451,Debug/YOLO_Num_Targets,321.0833435058594
17501,Debug/YOLO_Num_Targets,448.0833435058594
17551,Debug/YOLO_Num_Targets,250.6666717529297
17601,Debug/YOLO_Num_Targets,367.9166564941406
17651,Debug/YOLO_Num_Targets,434.5
17701,Debug/YOLO_Num_Targets,392.5
17751,Debug/YOLO_Num_Targets,325.8333435058594
17801,Debug/YOLO_Num_Targets,335.5833435058594
17851,Debug/YOLO_Num_Targets,387.0
17901,Debug/YOLO_Num_Targets,446.5833435058594
0,Dynamic_Weights/weight_seg,0.0
50,Dynamic_Weights/weight_seg,0.0
100,Dynamic_Weights/weight_seg,0.0
150,Dynamic_Weights/weight_seg,0.0
200,Dynamic_Weights/weight_seg,0.0
250,Dynamic_Weights/weight_seg,0.0
300,Dynamic_Weights/weight_seg,0.0
350,Dynamic_Weights/weight_seg,0.0
400,Dynamic_Weights/weight_seg,0.0
450,Dynamic_Weights/weight_seg,0.0
500,Dynamic_Weights/weight_seg,0.0
550,Dynamic_Weights/weight_seg,0.0
600,Dynamic_Weights/weight_seg,0.0
650,Dynamic_Weights/weight_seg,0.0
700,Dynamic_Weights/weight_seg,0.0
750,Dynamic_Weights/weight_seg,0.0
800,Dynamic_Weights/weight_seg,0.0
850,Dynamic_Weights/weight_seg,0.0
900,Dynamic_Weights/weight_seg,0.0
950,Dynamic_Weights/weight_seg,0.0
1000,Dynamic_Weights/weight_seg,0.0
1050,Dynamic_Weights/weight_seg,0.0
1100,Dynamic_Weights/weight_seg,0.0
1150,Dynamic_Weights/weight_seg,0.0
1200,Dynamic_Weights/weight_seg,0.0
1250,Dynamic_Weights/weight_seg,0.0
1300,Dynamic_Weights/weight_seg,0.0
1350,Dynamic_Weights/weight_seg,0.0
1400,Dynamic_Weights/weight_seg,0.0
1450,Dynamic_Weights/weight_seg,0.0
1500,Dynamic_Weights/weight_seg,0.0
1550,Dynamic_Weights/weight_seg,0.0
1600,Dynamic_Weights/weight_seg,0.0
1650,Dynamic_Weights/weight_seg,0.0
1700,Dynamic_Weights/weight_seg,0.0
1750,Dynamic_Weights/weight_seg,0.0
1800,Dynamic_Weights/weight_seg,0.0
1850,Dynamic_Weights/weight_seg,0.0
1900,Dynamic_Weights/weight_seg,0.0
1950,Dynamic_Weights/weight_seg,0.0
2000,Dynamic_Weights/weight_seg,0.0
2050,Dynamic_Weights/weight_seg,0.0
2100,Dynamic_Weights/weight_seg,0.0
2150,Dynamic_Weights/weight_seg,0.0
2200,Dynamic_Weights/weight_seg,0.0
2250,Dynamic_Weights/weight_seg,0.0
2300,Dynamic_Weights/weight_seg,0.0
2350,Dynamic_Weights/weight_seg,0.0
2400,Dynamic_Weights/weight_seg,0.0
2443,Dynamic_Weights/weight_seg,0.0
2493,Dynamic_Weights/weight_seg,0.0
2543,Dynamic_Weights/weight_seg,0.0
2593,Dynamic_Weights/weight_seg,0.0
2643,Dynamic_Weights/weight_seg,0.0
2693,Dynamic_Weights/weight_seg,0.0
2743,Dynamic_Weights/weight_seg,0.0
2793,Dynamic_Weights/weight_seg,0.0
2843,Dynamic_Weights/weight_seg,0.0
2893,Dynamic_Weights/weight_seg,0.0
2943,Dynamic_Weights/weight_seg,0.0
2993,Dynamic_Weights/weight_seg,0.0
3043,Dynamic_Weights/weight_seg,0.0
3093,Dynamic_Weights/weight_seg,0.0
3143,Dynamic_Weights/weight_seg,0.0
3193,Dynamic_Weights/weight_seg,0.0
3243,Dynamic_Weights/weight_seg,0.0
3293,Dynamic_Weights/weight_seg,0.0
3343,Dynamic_Weights/weight_seg,0.0
3393,Dynamic_Weights/weight_seg,0.0
3443,Dynamic_Weights/weight_seg,0.0
3493,Dynamic_Weights/weight_seg,0.0
3543,Dynamic_Weights/weight_seg,0.0
3593,Dynamic_Weights/weight_seg,0.0
3643,Dynamic_Weights/weight_seg,0.0
3693,Dynamic_Weights/weight_seg,0.0
3743,Dynamic_Weights/weight_seg,0.0
3793,Dynamic_Weights/weight_seg,0.0
3843,Dynamic_Weights/weight_seg,0.0
3893,Dynamic_Weights/weight_seg,0.0
3943,Dynamic_Weights/weight_seg,0.0
3993,Dynamic_Weights/weight_seg,0.0
4043,Dynamic_Weights/weight_seg,0.0
4093,Dynamic_Weights/weight_seg,0.0
4143,Dynamic_Weights/weight_seg,0.0
4193,Dynamic_Weights/weight_seg,0.0
4243,Dynamic_Weights/weight_seg,0.0
4293,Dynamic_Weights/weight_seg,0.0
4343,Dynamic_Weights/weight_seg,0.0
4393,Dynamic_Weights/weight_seg,0.0
4443,Dynamic_Weights/weight_seg,0.0
4493,Dynamic_Weights/weight_seg,0.0
4543,Dynamic_Weights/weight_seg,0.0
4593,Dynamic_Weights/weight_seg,0.0
4643,Dynamic_Weights/weight_seg,0.0
4693,Dynamic_Weights/weight_seg,0.0
4743,Dynamic_Weights/weight_seg,0.0
4793,Dynamic_Weights/weight_seg,0.0
4843,Dynamic_Weights/weight_seg,0.0
4886,Dynamic_Weights/weight_seg,0.0
4936,Dynamic_Weights/weight_seg,0.0
4986,Dynamic_Weights/weight_seg,0.0
5036,Dynamic_Weights/weight_seg,0.0
5086,Dynamic_Weights/weight_seg,0.0
5136,Dynamic_Weights/weight_seg,0.0
5186,Dynamic_Weights/weight_seg,0.0
5236,Dynamic_Weights/weight_seg,0.0
5286,Dynamic_Weights/weight_seg,0.0
5336,Dynamic_Weights/weight_seg,0.0
5386,Dynamic_Weights/weight_seg,0.0
5436,Dynamic_Weights/weight_seg,0.0
5486,Dynamic_Weights/weight_seg,0.0
5536,Dynamic_Weights/weight_seg,0.0
5586,Dynamic_Weights/weight_seg,0.0
5636,Dynamic_Weights/weight_seg,0.0
5686,Dynamic_Weights/weight_seg,0.0
5736,Dynamic_Weights/weight_seg,0.0
5786,Dynamic_Weights/weight_seg,0.0
5836,Dynamic_Weights/weight_seg,0.0
5886,Dynamic_Weights/weight_seg,0.0
5936,Dynamic_Weights/weight_seg,0.0
5986,Dynamic_Weights/weight_seg,0.0
6036,Dynamic_Weights/weight_seg,0.0
6086,Dynamic_Weights/weight_seg,0.0
6136,Dynamic_Weights/weight_seg,0.0
6186,Dynamic_Weights/weight_seg,0.0
6236,Dynamic_Weights/weight_seg,0.0
6286,Dynamic_Weights/weight_seg,0.0
6336,Dynamic_Weights/weight_seg,0.0
6386,Dynamic_Weights/weight_seg,0.0
6436,Dynamic_Weights/weight_seg,0.0
6486,Dynamic_Weights/weight_seg,0.0
6536,Dynamic_Weights/weight_seg,0.0
6586,Dynamic_Weights/weight_seg,0.0
6636,Dynamic_Weights/weight_seg,0.0
6686,Dynamic_Weights/weight_seg,0.0
6736,Dynamic_Weights/weight_seg,0.0
6786,Dynamic_Weights/weight_seg,0.0
6836,Dynamic_Weights/weight_seg,0.0
6886,Dynamic_Weights/weight_seg,0.0
6936,Dynamic_Weights/weight_seg,0.0
6986,Dynamic_Weights/weight_seg,0.0
7036,Dynamic_Weights/weight_seg,0.0
7086,Dynamic_Weights/weight_seg,0.0
7136,Dynamic_Weights/weight_seg,0.0
7186,Dynamic_Weights/weight_seg,0.0
7236,Dynamic_Weights/weight_seg,0.0
7286,Dynamic_Weights/weight_seg,0.0
7329,Dynamic_Weights/weight_seg,0.0
7379,Dynamic_Weights/weight_seg,0.0
7429,Dynamic_Weights/weight_seg,0.0
7479,Dynamic_Weights/weight_seg,0.0
7529,Dynamic_Weights/weight_seg,0.0
7579,Dynamic_Weights/weight_seg,0.0
7629,Dynamic_Weights/weight_seg,0.0
7679,Dynamic_Weights/weight_seg,0.0
7729,Dynamic_Weights/weight_seg,0.0
7779,Dynamic_Weights/weight_seg,0.0
7829,Dynamic_Weights/weight_seg,0.0
7879,Dynamic_Weights/weight_seg,0.0
7929,Dynamic_Weights/weight_seg,0.0
7979,Dynamic_Weights/weight_seg,0.0
8029,Dynamic_Weights/weight_seg,0.0
8079,Dynamic_Weights/weight_seg,0.0
8129,Dynamic_Weights/weight_seg,0.0
8179,Dynamic_Weights/weight_seg,0.0
8229,Dynamic_Weights/weight_seg,0.0
8279,Dynamic_Weights/weight_seg,0.0
8329,Dynamic_Weights/weight_seg,0.0
8379,Dynamic_Weights/weight_seg,0.0
8429,Dynamic_Weights/weight_seg,0.0
8479,Dynamic_Weights/weight_seg,0.0
8529,Dynamic_Weights/weight_seg,0.0
8579,Dynamic_Weights/weight_seg,0.0
8629,Dynamic_Weights/weight_seg,0.0
8679,Dynamic_Weights/weight_seg,0.0
8729,Dynamic_Weights/weight_seg,0.0
8779,Dynamic_Weights/weight_seg,0.0
8829,Dynamic_Weights/weight_seg,0.0
8879,Dynamic_Weights/weight_seg,0.0
8929,Dynamic_Weights/weight_seg,0.0
8979,Dynamic_Weights/weight_seg,0.0
9029,Dynamic_Weights/weight_seg,0.0
9079,Dynamic_Weights/weight_seg,0.0
9129,Dynamic_Weights/weight_seg,0.0
9179,Dynamic_Weights/weight_seg,0.0
9229,Dynamic_Weights/weight_seg,0.0
9279,Dynamic_Weights/weight_seg,0.0
9329,Dynamic_Weights/weight_seg,0.0
9379,Dynamic_Weights/weight_seg,0.0
9429,Dynamic_Weights/weight_seg,0.0
9479,Dynamic_Weights/weight_seg,0.0
9529,Dynamic_Weights/weight_seg,0.0
9579,Dynamic_Weights/weight_seg,0.0
9629,Dynamic_Weights/weight_seg,0.0
9679,Dynamic_Weights/weight_seg,0.0
9729,Dynamic_Weights/weight_seg,0.0
9772,Dynamic_Weights/weight_seg,0.0
9822,Dynamic_Weights/weight_seg,0.0
9872,Dynamic_Weights/weight_seg,0.0
9922,Dynamic_Weights/weight_seg,0.0
9972,Dynamic_Weights/weight_seg,0.0
10022,Dynamic_Weights/weight_seg,0.0
10072,Dynamic_Weights/weight_seg,0.0
10122,Dynamic_Weights/weight_seg,0.0
10172,Dynamic_Weights/weight_seg,0.0
10222,Dynamic_Weights/weight_seg,0.0
10272,Dynamic_Weights/weight_seg,0.0
10322,Dynamic_Weights/weight_seg,0.0
10372,Dynamic_Weights/weight_seg,0.0
10422,Dynamic_Weights/weight_seg,0.0
10472,Dynamic_Weights/weight_seg,0.0
10522,Dynamic_Weights/weight_seg,0.0
10572,Dynamic_Weights/weight_seg,0.0
10622,Dynamic_Weights/weight_seg,0.0
10672,Dynamic_Weights/weight_seg,0.0
10722,Dynamic_Weights/weight_seg,0.0
10772,Dynamic_Weights/weight_seg,0.0
10822,Dynamic_Weights/weight_seg,0.0
10872,Dynamic_Weights/weight_seg,0.0
10922,Dynamic_Weights/weight_seg,0.0
10972,Dynamic_Weights/weight_seg,0.0
11022,Dynamic_Weights/weight_seg,0.0
11072,Dynamic_Weights/weight_seg,0.0
11122,Dynamic_Weights/weight_seg,0.0
11172,Dynamic_Weights/weight_seg,0.0
11222,Dynamic_Weights/weight_seg,0.0
11272,Dynamic_Weights/weight_seg,0.0
11322,Dynamic_Weights/weight_seg,0.0
11372,Dynamic_Weights/weight_seg,0.0
11422,Dynamic_Weights/weight_seg,0.0
11472,Dynamic_Weights/weight_seg,0.0
11522,Dynamic_Weights/weight_seg,0.0
11572,Dynamic_Weights/weight_seg,0.0
11622,Dynamic_Weights/weight_seg,0.0
11672,Dynamic_Weights/weight_seg,0.0
11722,Dynamic_Weights/weight_seg,0.0
11772,Dynamic_Weights/weight_seg,0.0
11822,Dynamic_Weights/weight_seg,0.0
11872,Dynamic_Weights/weight_seg,0.0
11922,Dynamic_Weights/weight_seg,0.0
11972,Dynamic_Weights/weight_seg,0.0
12022,Dynamic_Weights/weight_seg,0.0
12072,Dynamic_Weights/weight_seg,0.0
12122,Dynamic_Weights/weight_seg,0.0
12172,Dynamic_Weights/weight_seg,0.0
12215,Dynamic_Weights/weight_seg,0.0
12265,Dynamic_Weights/weight_seg,0.0
12315,Dynamic_Weights/weight_seg,0.0
12365,Dynamic_Weights/weight_seg,0.0
12415,Dynamic_Weights/weight_seg,0.0
12465,Dynamic_Weights/weight_seg,0.0
12515,Dynamic_Weights/weight_seg,0.0
12565,Dynamic_Weights/weight_seg,0.0
12615,Dynamic_Weights/weight_seg,0.0
12665,Dynamic_Weights/weight_seg,0.0
12715,Dynamic_Weights/weight_seg,0.0
12765,Dynamic_Weights/weight_seg,0.0
12815,Dynamic_Weights/weight_seg,0.0
12865,Dynamic_Weights/weight_seg,0.0
12915,Dynamic_Weights/weight_seg,0.0
12965,Dynamic_Weights/weight_seg,0.0
13015,Dynamic_Weights/weight_seg,0.0
13065,Dynamic_Weights/weight_seg,0.0
13115,Dynamic_Weights/weight_seg,0.0
13165,Dynamic_Weights/weight_seg,0.0
13215,Dynamic_Weights/weight_seg,0.0
13265,Dynamic_Weights/weight_seg,0.0
13315,Dynamic_Weights/weight_seg,0.0
13365,Dynamic_Weights/weight_seg,0.0
13415,Dynamic_Weights/weight_seg,0.0
13465,Dynamic_Weights/weight_seg,0.0
13515,Dynamic_Weights/weight_seg,0.0
13565,Dynamic_Weights/weight_seg,0.0
13615,Dynamic_Weights/weight_seg,0.0
13665,Dynamic_Weights/weight_seg,0.0
13715,Dynamic_Weights/weight_seg,0.0
13765,Dynamic_Weights/weight_seg,0.0
13815,Dynamic_Weights/weight_seg,0.0
13865,Dynamic_Weights/weight_seg,0.0
13915,Dynamic_Weights/weight_seg,0.0
13965,Dynamic_Weights/weight_seg,0.0
14015,Dynamic_Weights/weight_seg,0.0
14065,Dynamic_Weights/weight_seg,0.0
14115,Dynamic_Weights/weight_seg,0.0
14165,Dynamic_Weights/weight_seg,0.0
14215,Dynamic_Weights/weight_seg,0.0
14265,Dynamic_Weights/weight_seg,0.0
14315,Dynamic_Weights/weight_seg,0.0
14365,Dynamic_Weights/weight_seg,0.0
14415,Dynamic_Weights/weight_seg,0.0
14465,Dynamic_Weights/weight_seg,0.0
14515,Dynamic_Weights/weight_seg,0.0
14565,Dynamic_Weights/weight_seg,0.0
14615,Dynamic_Weights/weight_seg,0.0
14658,Dynamic_Weights/weight_seg,1.0
14708,Dynamic_Weights/weight_seg,1.0
14758,Dynamic_Weights/weight_seg,1.0
14808,Dynamic_Weights/weight_seg,1.0
14858,Dynamic_Weights/weight_seg,1.0
14908,Dynamic_Weights/weight_seg,1.0
14958,Dynamic_Weights/weight_seg,1.0
15008,Dynamic_Weights/weight_seg,1.0
15058,Dynamic_Weights/weight_seg,1.0
15108,Dynamic_Weights/weight_seg,1.0
15158,Dynamic_Weights/weight_seg,1.0
15208,Dynamic_Weights/weight_seg,1.0
15258,Dynamic_Weights/weight_seg,1.0
15308,Dynamic_Weights/weight_seg,1.0
15358,Dynamic_Weights/weight_seg,1.0
15408,Dynamic_Weights/weight_seg,1.0
15458,Dynamic_Weights/weight_seg,1.0
15508,Dynamic_Weights/weight_seg,1.0
15558,Dynamic_Weights/weight_seg,1.0
15608,Dynamic_Weights/weight_seg,1.0
15658,Dynamic_Weights/weight_seg,1.0
15708,Dynamic_Weights/weight_seg,1.0
15758,Dynamic_Weights/weight_seg,1.0
15808,Dynamic_Weights/weight_seg,1.0
15858,Dynamic_Weights/weight_seg,1.0
15908,Dynamic_Weights/weight_seg,1.0
15958,Dynamic_Weights/weight_seg,1.0
16008,Dynamic_Weights/weight_seg,1.0
16058,Dynamic_Weights/weight_seg,1.0
16108,Dynamic_Weights/weight_seg,1.0
16158,Dynamic_Weights/weight_seg,1.0
16208,Dynamic_Weights/weight_seg,1.0
16258,Dynamic_Weights/weight_seg,1.0
16308,Dynamic_Weights/weight_seg,1.0
16358,Dynamic_Weights/weight_seg,1.0
16408,Dynamic_Weights/weight_seg,1.0
16458,Dynamic_Weights/weight_seg,1.0
16508,Dynamic_Weights/weight_seg,1.0
16558,Dynamic_Weights/weight_seg,1.0
16608,Dynamic_Weights/weight_seg,1.0
16658,Dynamic_Weights/weight_seg,1.0
16708,Dynamic_Weights/weight_seg,1.0
16758,Dynamic_Weights/weight_seg,1.0
16808,Dynamic_Weights/weight_seg,1.0
16858,Dynamic_Weights/weight_seg,1.0
16908,Dynamic_Weights/weight_seg,1.0
16958,Dynamic_Weights/weight_seg,1.0
17008,Dynamic_Weights/weight_seg,1.0
17058,Dynamic_Weights/weight_seg,1.0
17101,Dynamic_Weights/weight_seg,1.0
17151,Dynamic_Weights/weight_seg,1.0
17201,Dynamic_Weights/weight_seg,1.0
17251,Dynamic_Weights/weight_seg,1.0
17301,Dynamic_Weights/weight_seg,1.0
17351,Dynamic_Weights/weight_seg,1.0
17401,Dynamic_Weights/weight_seg,1.0
17451,Dynamic_Weights/weight_seg,1.0
17501,Dynamic_Weights/weight_seg,1.0
17551,Dynamic_Weights/weight_seg,1.0
17601,Dynamic_Weights/weight_seg,1.0
17651,Dynamic_Weights/weight_seg,1.0
17701,Dynamic_Weights/weight_seg,1.0
17751,Dynamic_Weights/weight_seg,1.0
17801,Dynamic_Weights/weight_seg,1.0
17851,Dynamic_Weights/weight_seg,1.0
17901,Dynamic_Weights/weight_seg,1.0
0,Dynamic_Weights/weight_stereo,2.0
50,Dynamic_Weights/weight_stereo,2.0
100,Dynamic_Weights/weight_stereo,2.0
150,Dynamic_Weights/weight_stereo,2.0
200,Dynamic_Weights/weight_stereo,2.0
250,Dynamic_Weights/weight_stereo,2.0
300,Dynamic_Weights/weight_stereo,2.0
350,Dynamic_Weights/weight_stereo,2.0
400,Dynamic_Weights/weight_stereo,2.0
450,Dynamic_Weights/weight_stereo,2.0
500,Dynamic_Weights/weight_stereo,2.0
550,Dynamic_Weights/weight_stereo,2.0
600,Dynamic_Weights/weight_stereo,2.0
650,Dynamic_Weights/weight_stereo,2.0
700,Dynamic_Weights/weight_stereo,2.0
750,Dynamic_Weights/weight_stereo,2.0
800,Dynamic_Weights/weight_stereo,2.0
850,Dynamic_Weights/weight_stereo,2.0
900,Dynamic_Weights/weight_stereo,2.0
950,Dynamic_Weights/weight_stereo,2.0
1000,Dynamic_Weights/weight_stereo,2.0
1050,Dynamic_Weights/weight_stereo,2.0
1100,Dynamic_Weights/weight_stereo,2.0
1150,Dynamic_Weights/weight_stereo,2.0
1200,Dynamic_Weights/weight_stereo,2.0
1250,Dynamic_Weights/weight_stereo,2.0
1300,Dynamic_Weights/weight_stereo,2.0
1350,Dynamic_Weights/weight_stereo,2.0
1400,Dynamic_Weights/weight_stereo,2.0
1450,Dynamic_Weights/weight_stereo,2.0
1500,Dynamic_Weights/weight_stereo,2.0
1550,Dynamic_Weights/weight_stereo,2.0
1600,Dynamic_Weights/weight_stereo,2.0
1650,Dynamic_Weights/weight_stereo,2.0
1700,Dynamic_Weights/weight_stereo,2.0
1750,Dynamic_Weights/weight_stereo,2.0
1800,Dynamic_Weights/weight_stereo,2.0
1850,Dynamic_Weights/weight_stereo,2.0
1900,Dynamic_Weights/weight_stereo,2.0
1950,Dynamic_Weights/weight_stereo,2.0
2000,Dynamic_Weights/weight_stereo,2.0
2050,Dynamic_Weights/weight_stereo,2.0
2100,Dynamic_Weights/weight_stereo,2.0
2150,Dynamic_Weights/weight_stereo,2.0
2200,Dynamic_Weights/weight_stereo,2.0
2250,Dynamic_Weights/weight_stereo,2.0
2300,Dynamic_Weights/weight_stereo,2.0
2350,Dynamic_Weights/weight_stereo,2.0
2400,Dynamic_Weights/weight_stereo,2.0
2443,Dynamic_Weights/weight_stereo,2.0
2493,Dynamic_Weights/weight_stereo,2.0
2543,Dynamic_Weights/weight_stereo,2.0
2593,Dynamic_Weights/weight_stereo,2.0
2643,Dynamic_Weights/weight_stereo,2.0
2693,Dynamic_Weights/weight_stereo,2.0
2743,Dynamic_Weights/weight_stereo,2.0
2793,Dynamic_Weights/weight_stereo,2.0
2843,Dynamic_Weights/weight_stereo,2.0
2893,Dynamic_Weights/weight_stereo,2.0
2943,Dynamic_Weights/weight_stereo,2.0
2993,Dynamic_Weights/weight_stereo,2.0
3043,Dynamic_Weights/weight_stereo,2.0
3093,Dynamic_Weights/weight_stereo,2.0
3143,Dynamic_Weights/weight_stereo,2.0
3193,Dynamic_Weights/weight_stereo,2.0
3243,Dynamic_Weights/weight_stereo,2.0
3293,Dynamic_Weights/weight_stereo,2.0
3343,Dynamic_Weights/weight_stereo,2.0
3393,Dynamic_Weights/weight_stereo,2.0
3443,Dynamic_Weights/weight_stereo,2.0
3493,Dynamic_Weights/weight_stereo,2.0
3543,Dynamic_Weights/weight_stereo,2.0
3593,Dynamic_Weights/weight_stereo,2.0
3643,Dynamic_Weights/weight_stereo,2.0
3693,Dynamic_Weights/weight_stereo,2.0
3743,Dynamic_Weights/weight_stereo,2.0
3793,Dynamic_Weights/weight_stereo,2.0
3843,Dynamic_Weights/weight_stereo,2.0
3893,Dynamic_Weights/weight_stereo,2.0
3943,Dynamic_Weights/weight_stereo,2.0
3993,Dynamic_Weights/weight_stereo,2.0
4043,Dynamic_Weights/weight_stereo,2.0
4093,Dynamic_Weights/weight_stereo,2.0
4143,Dynamic_Weights/weight_stereo,2.0
4193,Dynamic_Weights/weight_stereo,2.0
4243,Dynamic_Weights/weight_stereo,2.0
4293,Dynamic_Weights/weight_stereo,2.0
4343,Dynamic_Weights/weight_stereo,2.0
4393,Dynamic_Weights/weight_stereo,2.0
4443,Dynamic_Weights/weight_stereo,2.0
4493,Dynamic_Weights/weight_stereo,2.0
4543,Dynamic_Weights/weight_stereo,2.0
4593,Dynamic_Weights/weight_stereo,2.0
4643,Dynamic_Weights/weight_stereo,2.0
4693,Dynamic_Weights/weight_stereo,2.0
4743,Dynamic_Weights/weight_stereo,2.0
4793,Dynamic_Weights/weight_stereo,2.0
4843,Dynamic_Weights/weight_stereo,2.0
4886,Dynamic_Weights/weight_stereo,2.0
4936,Dynamic_Weights/weight_stereo,2.0
4986,Dynamic_Weights/weight_stereo,2.0
5036,Dynamic_Weights/weight_stereo,2.0
5086,Dynamic_Weights/weight_stereo,2.0
5136,Dynamic_Weights/weight_stereo,2.0
5186,Dynamic_Weights/weight_stereo,2.0
5236,Dynamic_Weights/weight_stereo,2.0
5286,Dynamic_Weights/weight_stereo,2.0
5336,Dynamic_Weights/weight_stereo,2.0
5386,Dynamic_Weights/weight_stereo,2.0
5436,Dynamic_Weights/weight_stereo,2.0
5486,Dynamic_Weights/weight_stereo,2.0
5536,Dynamic_Weights/weight_stereo,2.0
5586,Dynamic_Weights/weight_stereo,2.0
5636,Dynamic_Weights/weight_stereo,2.0
5686,Dynamic_Weights/weight_stereo,2.0
5736,Dynamic_Weights/weight_stereo,2.0
5786,Dynamic_Weights/weight_stereo,2.0
5836,Dynamic_Weights/weight_stereo,2.0
5886,Dynamic_Weights/weight_stereo,2.0
5936,Dynamic_Weights/weight_stereo,2.0
5986,Dynamic_Weights/weight_stereo,2.0
6036,Dynamic_Weights/weight_stereo,2.0
6086,Dynamic_Weights/weight_stereo,2.0
6136,Dynamic_Weights/weight_stereo,2.0
6186,Dynamic_Weights/weight_stereo,2.0
6236,Dynamic_Weights/weight_stereo,2.0
6286,Dynamic_Weights/weight_stereo,2.0
6336,Dynamic_Weights/weight_stereo,2.0
6386,Dynamic_Weights/weight_stereo,2.0
6436,Dynamic_Weights/weight_stereo,2.0
6486,Dynamic_Weights/weight_stereo,2.0
6536,Dynamic_Weights/weight_stereo,2.0
6586,Dynamic_Weights/weight_stereo,2.0
6636,Dynamic_Weights/weight_stereo,2.0
6686,Dynamic_Weights/weight_stereo,2.0
6736,Dynamic_Weights/weight_stereo,2.0
6786,Dynamic_Weights/weight_stereo,2.0
6836,Dynamic_Weights/weight_stereo,2.0
6886,Dynamic_Weights/weight_stereo,2.0
6936,Dynamic_Weights/weight_stereo,2.0
6986,Dynamic_Weights/weight_stereo,2.0
7036,Dynamic_Weights/weight_stereo,2.0
7086,Dynamic_Weights/weight_stereo,2.0
7136,Dynamic_Weights/weight_stereo,2.0
7186,Dynamic_Weights/weight_stereo,2.0
7236,Dynamic_Weights/weight_stereo,2.0
7286,Dynamic_Weights/weight_stereo,2.0
7329,Dynamic_Weights/weight_stereo,2.0
7379,Dynamic_Weights/weight_stereo,2.0
7429,Dynamic_Weights/weight_stereo,2.0
7479,Dynamic_Weights/weight_stereo,2.0
7529,Dynamic_Weights/weight_stereo,2.0
7579,Dynamic_Weights/weight_stereo,2.0
7629,Dynamic_Weights/weight_stereo,2.0
7679,Dynamic_Weights/weight_stereo,2.0
7729,Dynamic_Weights/weight_stereo,2.0
7779,Dynamic_Weights/weight_stereo,2.0
7829,Dynamic_Weights/weight_stereo,2.0
7879,Dynamic_Weights/weight_stereo,2.0
7929,Dynamic_Weights/weight_stereo,2.0
7979,Dynamic_Weights/weight_stereo,2.0
8029,Dynamic_Weights/weight_stereo,2.0
8079,Dynamic_Weights/weight_stereo,2.0
8129,Dynamic_Weights/weight_stereo,2.0
8179,Dynamic_Weights/weight_stereo,2.0
8229,Dynamic_Weights/weight_stereo,2.0
8279,Dynamic_Weights/weight_stereo,2.0
8329,Dynamic_Weights/weight_stereo,2.0
8379,Dynamic_Weights/weight_stereo,2.0
8429,Dynamic_Weights/weight_stereo,2.0
8479,Dynamic_Weights/weight_stereo,2.0
8529,Dynamic_Weights/weight_stereo,2.0
8579,Dynamic_Weights/weight_stereo,2.0
8629,Dynamic_Weights/weight_stereo,2.0
8679,Dynamic_Weights/weight_stereo,2.0
8729,Dynamic_Weights/weight_stereo,2.0
8779,Dynamic_Weights/weight_stereo,2.0
8829,Dynamic_Weights/weight_stereo,2.0
8879,Dynamic_Weights/weight_stereo,2.0
8929,Dynamic_Weights/weight_stereo,2.0
8979,Dynamic_Weights/weight_stereo,2.0
9029,Dynamic_Weights/weight_stereo,2.0
9079,Dynamic_Weights/weight_stereo,2.0
9129,Dynamic_Weights/weight_stereo,2.0
9179,Dynamic_Weights/weight_stereo,2.0
9229,Dynamic_Weights/weight_stereo,2.0
9279,Dynamic_Weights/weight_stereo,2.0
9329,Dynamic_Weights/weight_stereo,2.0
9379,Dynamic_Weights/weight_stereo,2.0
9429,Dynamic_Weights/weight_stereo,2.0
9479,Dynamic_Weights/weight_stereo,2.0
9529,Dynamic_Weights/weight_stereo,2.0
9579,Dynamic_Weights/weight_stereo,2.0
9629,Dynamic_Weights/weight_stereo,2.0
9679,Dynamic_Weights/weight_stereo,2.0
9729,Dynamic_Weights/weight_stereo,2.0
9772,Dynamic_Weights/weight_stereo,2.0
9822,Dynamic_Weights/weight_stereo,2.0
9872,Dynamic_Weights/weight_stereo,2.0
9922,Dynamic_Weights/weight_stereo,2.0
9972,Dynamic_Weights/weight_stereo,2.0
10022,Dynamic_Weights/weight_stereo,2.0
10072,Dynamic_Weights/weight_stereo,2.0
10122,Dynamic_Weights/weight_stereo,2.0
10172,Dynamic_Weights/weight_stereo,2.0
10222,Dynamic_Weights/weight_stereo,2.0
10272,Dynamic_Weights/weight_stereo,2.0
10322,Dynamic_Weights/weight_stereo,2.0
10372,Dynamic_Weights/weight_stereo,2.0
10422,Dynamic_Weights/weight_stereo,2.0
10472,Dynamic_Weights/weight_stereo,2.0
10522,Dynamic_Weights/weight_stereo,2.0
10572,Dynamic_Weights/weight_stereo,2.0
10622,Dynamic_Weights/weight_stereo,2.0
10672,Dynamic_Weights/weight_stereo,2.0
10722,Dynamic_Weights/weight_stereo,2.0
10772,Dynamic_Weights/weight_stereo,2.0
10822,Dynamic_Weights/weight_stereo,2.0
10872,Dynamic_Weights/weight_stereo,2.0
10922,Dynamic_Weights/weight_stereo,2.0
10972,Dynamic_Weights/weight_stereo,2.0
11022,Dynamic_Weights/weight_stereo,2.0
11072,Dynamic_Weights/weight_stereo,2.0
11122,Dynamic_Weights/weight_stereo,2.0
11172,Dynamic_Weights/weight_stereo,2.0
11222,Dynamic_Weights/weight_stereo,2.0
11272,Dynamic_Weights/weight_stereo,2.0
11322,Dynamic_Weights/weight_stereo,2.0
11372,Dynamic_Weights/weight_stereo,2.0
11422,Dynamic_Weights/weight_stereo,2.0
11472,Dynamic_Weights/weight_stereo,2.0
11522,Dynamic_Weights/weight_stereo,2.0
11572,Dynamic_Weights/weight_stereo,2.0
11622,Dynamic_Weights/weight_stereo,2.0
11672,Dynamic_Weights/weight_stereo,2.0
11722,Dynamic_Weights/weight_stereo,2.0
11772,Dynamic_Weights/weight_stereo,2.0
11822,Dynamic_Weights/weight_stereo,2.0
11872,Dynamic_Weights/weight_stereo,2.0
11922,Dynamic_Weights/weight_stereo,2.0
11972,Dynamic_Weights/weight_stereo,2.0
12022,Dynamic_Weights/weight_stereo,2.0
12072,Dynamic_Weights/weight_stereo,2.0
12122,Dynamic_Weights/weight_stereo,2.0
12172,Dynamic_Weights/weight_stereo,2.0
12215,Dynamic_Weights/weight_stereo,2.0
12265,Dynamic_Weights/weight_stereo,2.0
12315,Dynamic_Weights/weight_stereo,2.0
12365,Dynamic_Weights/weight_stereo,2.0
12415,Dynamic_Weights/weight_stereo,2.0
12465,Dynamic_Weights/weight_stereo,2.0
12515,Dynamic_Weights/weight_stereo,2.0
12565,Dynamic_Weights/weight_stereo,2.0
12615,Dynamic_Weights/weight_stereo,2.0
12665,Dynamic_Weights/weight_stereo,2.0
12715,Dynamic_Weights/weight_stereo,2.0
12765,Dynamic_Weights/weight_stereo,2.0
12815,Dynamic_Weights/weight_stereo,2.0
12865,Dynamic_Weights/weight_stereo,2.0
12915,Dynamic_Weights/weight_stereo,2.0
12965,Dynamic_Weights/weight_stereo,2.0
13015,Dynamic_Weights/weight_stereo,2.0
13065,Dynamic_Weights/weight_stereo,2.0
13115,Dynamic_Weights/weight_stereo,2.0
13165,Dynamic_Weights/weight_stereo,2.0
13215,Dynamic_Weights/weight_stereo,2.0
13265,Dynamic_Weights/weight_stereo,2.0
13315,Dynamic_Weights/weight_stereo,2.0
13365,Dynamic_Weights/weight_stereo,2.0
13415,Dynamic_Weights/weight_stereo,2.0
13465,Dynamic_Weights/weight_stereo,2.0
13515,Dynamic_Weights/weight_stereo,2.0
13565,Dynamic_Weights/weight_stereo,2.0
13615,Dynamic_Weights/weight_stereo,2.0
13665,Dynamic_Weights/weight_stereo,2.0
13715,Dynamic_Weights/weight_stereo,2.0
13765,Dynamic_Weights/weight_stereo,2.0
13815,Dynamic_Weights/weight_stereo,2.0
13865,Dynamic_Weights/weight_stereo,2.0
13915,Dynamic_Weights/weight_stereo,2.0
13965,Dynamic_Weights/weight_stereo,2.0
14015,Dynamic_Weights/weight_stereo,2.0
14065,Dynamic_Weights/weight_stereo,2.0
14115,Dynamic_Weights/weight_stereo,2.0
14165,Dynamic_Weights/weight_stereo,2.0
14215,Dynamic_Weights/weight_stereo,2.0
14265,Dynamic_Weights/weight_stereo,2.0
14315,Dynamic_Weights/weight_stereo,2.0
14365,Dynamic_Weights/weight_stereo,2.0
14415,Dynamic_Weights/weight_stereo,2.0
14465,Dynamic_Weights/weight_stereo,2.0
14515,Dynamic_Weights/weight_stereo,2.0
14565,Dynamic_Weights/weight_stereo,2.0
14615,Dynamic_Weights/weight_stereo,2.0
14658,Dynamic_Weights/weight_stereo,2.0
14708,Dynamic_Weights/weight_stereo,2.0
14758,Dynamic_Weights/weight_stereo,2.0
14808,Dynamic_Weights/weight_stereo,2.0
14858,Dynamic_Weights/weight_stereo,2.0
14908,Dynamic_Weights/weight_stereo,2.0
14958,Dynamic_Weights/weight_stereo,2.0
15008,Dynamic_Weights/weight_stereo,2.0
15058,Dynamic_Weights/weight_stereo,2.0
15108,Dynamic_Weights/weight_stereo,2.0
15158,Dynamic_Weights/weight_stereo,2.0
15208,Dynamic_Weights/weight_stereo,2.0
15258,Dynamic_Weights/weight_stereo,2.0
15308,Dynamic_Weights/weight_stereo,2.0
15358,Dynamic_Weights/weight_stereo,2.0
15408,Dynamic_Weights/weight_stereo,2.0
15458,Dynamic_Weights/weight_stereo,2.0
15508,Dynamic_Weights/weight_stereo,2.0
15558,Dynamic_Weights/weight_stereo,2.0
15608,Dynamic_Weights/weight_stereo,2.0
15658,Dynamic_Weights/weight_stereo,2.0
15708,Dynamic_Weights/weight_stereo,2.0
15758,Dynamic_Weights/weight_stereo,2.0
15808,Dynamic_Weights/weight_stereo,2.0
15858,Dynamic_Weights/weight_stereo,2.0
15908,Dynamic_Weights/weight_stereo,2.0
15958,Dynamic_Weights/weight_stereo,2.0
16008,Dynamic_Weights/weight_stereo,2.0
16058,Dynamic_Weights/weight_stereo,2.0
16108,Dynamic_Weights/weight_stereo,2.0
16158,Dynamic_Weights/weight_stereo,2.0
16208,Dynamic_Weights/weight_stereo,2.0
16258,Dynamic_Weights/weight_stereo,2.0
16308,Dynamic_Weights/weight_stereo,2.0
16358,Dynamic_Weights/weight_stereo,2.0
16408,Dynamic_Weights/weight_stereo,2.0
16458,Dynamic_Weights/weight_stereo,2.0
16508,Dynamic_Weights/weight_stereo,2.0
16558,Dynamic_Weights/weight_stereo,2.0
16608,Dynamic_Weights/weight_stereo,2.0
16658,Dynamic_Weights/weight_stereo,2.0
16708,Dynamic_Weights/weight_stereo,2.0
16758,Dynamic_Weights/weight_stereo,2.0
16808,Dynamic_Weights/weight_stereo,2.0
16858,Dynamic_Weights/weight_stereo,2.0
16908,Dynamic_Weights/weight_stereo,2.0
16958,Dynamic_Weights/weight_stereo,2.0
17008,Dynamic_Weights/weight_stereo,2.0
17058,Dynamic_Weights/weight_stereo,2.0
17101,Dynamic_Weights/weight_stereo,2.0
17151,Dynamic_Weights/weight_stereo,2.0
17201,Dynamic_Weights/weight_stereo,2.0
17251,Dynamic_Weights/weight_stereo,2.0
17301,Dynamic_Weights/weight_stereo,2.0
17351,Dynamic_Weights/weight_stereo,2.0
17401,Dynamic_Weights/weight_stereo,2.0
17451,Dynamic_Weights/weight_stereo,2.0
17501,Dynamic_Weights/weight_stereo,2.0
17551,Dynamic_Weights/weight_stereo,2.0
17601,Dynamic_Weights/weight_stereo,2.0
17651,Dynamic_Weights/weight_stereo,2.0
17701,Dynamic_Weights/weight_stereo,2.0
17751,Dynamic_Weights/weight_stereo,2.0
17801,Dynamic_Weights/weight_stereo,2.0
17851,Dynamic_Weights/weight_stereo,2.0
17901,Dynamic_Weights/weight_stereo,2.0
0,Dynamic_Weights/weight_yolo,2.0
50,Dynamic_Weights/weight_yolo,2.0
100,Dynamic_Weights/weight_yolo,2.0
150,Dynamic_Weights/weight_yolo,2.0
200,Dynamic_Weights/weight_yolo,2.0
250,Dynamic_Weights/weight_yolo,2.0
300,Dynamic_Weights/weight_yolo,2.0
350,Dynamic_Weights/weight_yolo,2.0
400,Dynamic_Weights/weight_yolo,2.0
450,Dynamic_Weights/weight_yolo,2.0
500,Dynamic_Weights/weight_yolo,2.0
550,Dynamic_Weights/weight_yolo,2.0
600,Dynamic_Weights/weight_yolo,2.0
650,Dynamic_Weights/weight_yolo,2.0
700,Dynamic_Weights/weight_yolo,2.0
750,Dynamic_Weights/weight_yolo,2.0
800,Dynamic_Weights/weight_yolo,2.0
850,Dynamic_Weights/weight_yolo,2.0
900,Dynamic_Weights/weight_yolo,2.0
950,Dynamic_Weights/weight_yolo,2.0
1000,Dynamic_Weights/weight_yolo,2.0
1050,Dynamic_Weights/weight_yolo,2.0
1100,Dynamic_Weights/weight_yolo,2.0
1150,Dynamic_Weights/weight_yolo,2.0
1200,Dynamic_Weights/weight_yolo,2.0
1250,Dynamic_Weights/weight_yolo,2.0
1300,Dynamic_Weights/weight_yolo,2.0
1350,Dynamic_Weights/weight_yolo,2.0
1400,Dynamic_Weights/weight_yolo,2.0
1450,Dynamic_Weights/weight_yolo,2.0
1500,Dynamic_Weights/weight_yolo,2.0
1550,Dynamic_Weights/weight_yolo,2.0
1600,Dynamic_Weights/weight_yolo,2.0
1650,Dynamic_Weights/weight_yolo,2.0
1700,Dynamic_Weights/weight_yolo,2.0
1750,Dynamic_Weights/weight_yolo,2.0
1800,Dynamic_Weights/weight_yolo,2.0
1850,Dynamic_Weights/weight_yolo,2.0
1900,Dynamic_Weights/weight_yolo,2.0
1950,Dynamic_Weights/weight_yolo,2.0
2000,Dynamic_Weights/weight_yolo,2.0
2050,Dynamic_Weights/weight_yolo,2.0
2100,Dynamic_Weights/weight_yolo,2.0
2150,Dynamic_Weights/weight_yolo,2.0
2200,Dynamic_Weights/weight_yolo,2.0
2250,Dynamic_Weights/weight_yolo,2.0
2300,Dynamic_Weights/weight_yolo,2.0
2350,Dynamic_Weights/weight_yolo,2.0
2400,Dynamic_Weights/weight_yolo,2.0
2443,Dynamic_Weights/weight_yolo,2.0
2493,Dynamic_Weights/weight_yolo,2.0
2543,Dynamic_Weights/weight_yolo,2.0
2593,Dynamic_Weights/weight_yolo,2.0
2643,Dynamic_Weights/weight_yolo,2.0
2693,Dynamic_Weights/weight_yolo,2.0
2743,Dynamic_Weights/weight_yolo,2.0
2793,Dynamic_Weights/weight_yolo,2.0
2843,Dynamic_Weights/weight_yolo,2.0
2893,Dynamic_Weights/weight_yolo,2.0
2943,Dynamic_Weights/weight_yolo,2.0
2993,Dynamic_Weights/weight_yolo,2.0
3043,Dynamic_Weights/weight_yolo,2.0
3093,Dynamic_Weights/weight_yolo,2.0
3143,Dynamic_Weights/weight_yolo,2.0
3193,Dynamic_Weights/weight_yolo,2.0
3243,Dynamic_Weights/weight_yolo,2.0
3293,Dynamic_Weights/weight_yolo,2.0
3343,Dynamic_Weights/weight_yolo,2.0
3393,Dynamic_Weights/weight_yolo,2.0
3443,Dynamic_Weights/weight_yolo,2.0
3493,Dynamic_Weights/weight_yolo,2.0
3543,Dynamic_Weights/weight_yolo,2.0
3593,Dynamic_Weights/weight_yolo,2.0
3643,Dynamic_Weights/weight_yolo,2.0
3693,Dynamic_Weights/weight_yolo,2.0
3743,Dynamic_Weights/weight_yolo,2.0
3793,Dynamic_Weights/weight_yolo,2.0
3843,Dynamic_Weights/weight_yolo,2.0
3893,Dynamic_Weights/weight_yolo,2.0
3943,Dynamic_Weights/weight_yolo,2.0
3993,Dynamic_Weights/weight_yolo,2.0
4043,Dynamic_Weights/weight_yolo,2.0
4093,Dynamic_Weights/weight_yolo,2.0
4143,Dynamic_Weights/weight_yolo,2.0
4193,Dynamic_Weights/weight_yolo,2.0
4243,Dynamic_Weights/weight_yolo,2.0
4293,Dynamic_Weights/weight_yolo,2.0
4343,Dynamic_Weights/weight_yolo,2.0
4393,Dynamic_Weights/weight_yolo,2.0
4443,Dynamic_Weights/weight_yolo,2.0
4493,Dynamic_Weights/weight_yolo,2.0
4543,Dynamic_Weights/weight_yolo,2.0
4593,Dynamic_Weights/weight_yolo,2.0
4643,Dynamic_Weights/weight_yolo,2.0
4693,Dynamic_Weights/weight_yolo,2.0
4743,Dynamic_Weights/weight_yolo,2.0
4793,Dynamic_Weights/weight_yolo,2.0
4843,Dynamic_Weights/weight_yolo,2.0
4886,Dynamic_Weights/weight_yolo,2.0
4936,Dynamic_Weights/weight_yolo,2.0
4986,Dynamic_Weights/weight_yolo,2.0
5036,Dynamic_Weights/weight_yolo,2.0
5086,Dynamic_Weights/weight_yolo,2.0
5136,Dynamic_Weights/weight_yolo,2.0
5186,Dynamic_Weights/weight_yolo,2.0
5236,Dynamic_Weights/weight_yolo,2.0
5286,Dynamic_Weights/weight_yolo,2.0
5336,Dynamic_Weights/weight_yolo,2.0
5386,Dynamic_Weights/weight_yolo,2.0
5436,Dynamic_Weights/weight_yolo,2.0
5486,Dynamic_Weights/weight_yolo,2.0
5536,Dynamic_Weights/weight_yolo,2.0
5586,Dynamic_Weights/weight_yolo,2.0
5636,Dynamic_Weights/weight_yolo,2.0
5686,Dynamic_Weights/weight_yolo,2.0
5736,Dynamic_Weights/weight_yolo,2.0
5786,Dynamic_Weights/weight_yolo,2.0
5836,Dynamic_Weights/weight_yolo,2.0
5886,Dynamic_Weights/weight_yolo,2.0
5936,Dynamic_Weights/weight_yolo,2.0
5986,Dynamic_Weights/weight_yolo,2.0
6036,Dynamic_Weights/weight_yolo,2.0
6086,Dynamic_Weights/weight_yolo,2.0
6136,Dynamic_Weights/weight_yolo,2.0
6186,Dynamic_Weights/weight_yolo,2.0
6236,Dynamic_Weights/weight_yolo,2.0
6286,Dynamic_Weights/weight_yolo,2.0
6336,Dynamic_Weights/weight_yolo,2.0
6386,Dynamic_Weights/weight_yolo,2.0
6436,Dynamic_Weights/weight_yolo,2.0
6486,Dynamic_Weights/weight_yolo,2.0
6536,Dynamic_Weights/weight_yolo,2.0
6586,Dynamic_Weights/weight_yolo,2.0
6636,Dynamic_Weights/weight_yolo,2.0
6686,Dynamic_Weights/weight_yolo,2.0
6736,Dynamic_Weights/weight_yolo,2.0
6786,Dynamic_Weights/weight_yolo,2.0
6836,Dynamic_Weights/weight_yolo,2.0
6886,Dynamic_Weights/weight_yolo,2.0
6936,Dynamic_Weights/weight_yolo,2.0
6986,Dynamic_Weights/weight_yolo,2.0
7036,Dynamic_Weights/weight_yolo,2.0
7086,Dynamic_Weights/weight_yolo,2.0
7136,Dynamic_Weights/weight_yolo,2.0
7186,Dynamic_Weights/weight_yolo,2.0
7236,Dynamic_Weights/weight_yolo,2.0
7286,Dynamic_Weights/weight_yolo,2.0
7329,Dynamic_Weights/weight_yolo,2.0
7379,Dynamic_Weights/weight_yolo,2.0
7429,Dynamic_Weights/weight_yolo,2.0
7479,Dynamic_Weights/weight_yolo,2.0
7529,Dynamic_Weights/weight_yolo,2.0
7579,Dynamic_Weights/weight_yolo,2.0
7629,Dynamic_Weights/weight_yolo,2.0
7679,Dynamic_Weights/weight_yolo,2.0
7729,Dynamic_Weights/weight_yolo,2.0
7779,Dynamic_Weights/weight_yolo,2.0
7829,Dynamic_Weights/weight_yolo,2.0
7879,Dynamic_Weights/weight_yolo,2.0
7929,Dynamic_Weights/weight_yolo,2.0
7979,Dynamic_Weights/weight_yolo,2.0
8029,Dynamic_Weights/weight_yolo,2.0
8079,Dynamic_Weights/weight_yolo,2.0
8129,Dynamic_Weights/weight_yolo,2.0
8179,Dynamic_Weights/weight_yolo,2.0
8229,Dynamic_Weights/weight_yolo,2.0
8279,Dynamic_Weights/weight_yolo,2.0
8329,Dynamic_Weights/weight_yolo,2.0
8379,Dynamic_Weights/weight_yolo,2.0
8429,Dynamic_Weights/weight_yolo,2.0
8479,Dynamic_Weights/weight_yolo,2.0
8529,Dynamic_Weights/weight_yolo,2.0
8579,Dynamic_Weights/weight_yolo,2.0
8629,Dynamic_Weights/weight_yolo,2.0
8679,Dynamic_Weights/weight_yolo,2.0
8729,Dynamic_Weights/weight_yolo,2.0
8779,Dynamic_Weights/weight_yolo,2.0
8829,Dynamic_Weights/weight_yolo,2.0
8879,Dynamic_Weights/weight_yolo,2.0
8929,Dynamic_Weights/weight_yolo,2.0
8979,Dynamic_Weights/weight_yolo,2.0
9029,Dynamic_Weights/weight_yolo,2.0
9079,Dynamic_Weights/weight_yolo,2.0
9129,Dynamic_Weights/weight_yolo,2.0
9179,Dynamic_Weights/weight_yolo,2.0
9229,Dynamic_Weights/weight_yolo,2.0
9279,Dynamic_Weights/weight_yolo,2.0
9329,Dynamic_Weights/weight_yolo,2.0
9379,Dynamic_Weights/weight_yolo,2.0
9429,Dynamic_Weights/weight_yolo,2.0
9479,Dynamic_Weights/weight_yolo,2.0
9529,Dynamic_Weights/weight_yolo,2.0
9579,Dynamic_Weights/weight_yolo,2.0
9629,Dynamic_Weights/weight_yolo,2.0
9679,Dynamic_Weights/weight_yolo,2.0
9729,Dynamic_Weights/weight_yolo,2.0
9772,Dynamic_Weights/weight_yolo,2.0
9822,Dynamic_Weights/weight_yolo,2.0
9872,Dynamic_Weights/weight_yolo,2.0
9922,Dynamic_Weights/weight_yolo,2.0
9972,Dynamic_Weights/weight_yolo,2.0
10022,Dynamic_Weights/weight_yolo,2.0
10072,Dynamic_Weights/weight_yolo,2.0
10122,Dynamic_Weights/weight_yolo,2.0
10172,Dynamic_Weights/weight_yolo,2.0
10222,Dynamic_Weights/weight_yolo,2.0
10272,Dynamic_Weights/weight_yolo,2.0
10322,Dynamic_Weights/weight_yolo,2.0
10372,Dynamic_Weights/weight_yolo,2.0
10422,Dynamic_Weights/weight_yolo,2.0
10472,Dynamic_Weights/weight_yolo,2.0
10522,Dynamic_Weights/weight_yolo,2.0
10572,Dynamic_Weights/weight_yolo,2.0
10622,Dynamic_Weights/weight_yolo,2.0
10672,Dynamic_Weights/weight_yolo,2.0
10722,Dynamic_Weights/weight_yolo,2.0
10772,Dynamic_Weights/weight_yolo,2.0
10822,Dynamic_Weights/weight_yolo,2.0
10872,Dynamic_Weights/weight_yolo,2.0
10922,Dynamic_Weights/weight_yolo,2.0
10972,Dynamic_Weights/weight_yolo,2.0
11022,Dynamic_Weights/weight_yolo,2.0
11072,Dynamic_Weights/weight_yolo,2.0
11122,Dynamic_Weights/weight_yolo,2.0
11172,Dynamic_Weights/weight_yolo,2.0
11222,Dynamic_Weights/weight_yolo,2.0
11272,Dynamic_Weights/weight_yolo,2.0
11322,Dynamic_Weights/weight_yolo,2.0
11372,Dynamic_Weights/weight_yolo,2.0
11422,Dynamic_Weights/weight_yolo,2.0
11472,Dynamic_Weights/weight_yolo,2.0
11522,Dynamic_Weights/weight_yolo,2.0
11572,Dynamic_Weights/weight_yolo,2.0
11622,Dynamic_Weights/weight_yolo,2.0
11672,Dynamic_Weights/weight_yolo,2.0
11722,Dynamic_Weights/weight_yolo,2.0
11772,Dynamic_Weights/weight_yolo,2.0
11822,Dynamic_Weights/weight_yolo,2.0
11872,Dynamic_Weights/weight_yolo,2.0
11922,Dynamic_Weights/weight_yolo,2.0
11972,Dynamic_Weights/weight_yolo,2.0
12022,Dynamic_Weights/weight_yolo,2.0
12072,Dynamic_Weights/weight_yolo,2.0
12122,Dynamic_Weights/weight_yolo,2.0
12172,Dynamic_Weights/weight_yolo,2.0
12215,Dynamic_Weights/weight_yolo,2.0
12265,Dynamic_Weights/weight_yolo,2.0
12315,Dynamic_Weights/weight_yolo,2.0
12365,Dynamic_Weights/weight_yolo,2.0
12415,Dynamic_Weights/weight_yolo,2.0
12465,Dynamic_Weights/weight_yolo,2.0
12515,Dynamic_Weights/weight_yolo,2.0
12565,Dynamic_Weights/weight_yolo,2.0
12615,Dynamic_Weights/weight_yolo,2.0
12665,Dynamic_Weights/weight_yolo,2.0
12715,Dynamic_Weights/weight_yolo,2.0
12765,Dynamic_Weights/weight_yolo,2.0
12815,Dynamic_Weights/weight_yolo,2.0
12865,Dynamic_Weights/weight_yolo,2.0
12915,Dynamic_Weights/weight_yolo,2.0
12965,Dynamic_Weights/weight_yolo,2.0
13015,Dynamic_Weights/weight_yolo,2.0
13065,Dynamic_Weights/weight_yolo,2.0
13115,Dynamic_Weights/weight_yolo,2.0
13165,Dynamic_Weights/weight_yolo,2.0
13215,Dynamic_Weights/weight_yolo,2.0
13265,Dynamic_Weights/weight_yolo,2.0
13315,Dynamic_Weights/weight_yolo,2.0
13365,Dynamic_Weights/weight_yolo,2.0
13415,Dynamic_Weights/weight_yolo,2.0
13465,Dynamic_Weights/weight_yolo,2.0
13515,Dynamic_Weights/weight_yolo,2.0
13565,Dynamic_Weights/weight_yolo,2.0
13615,Dynamic_Weights/weight_yolo,2.0
13665,Dynamic_Weights/weight_yolo,2.0
13715,Dynamic_Weights/weight_yolo,2.0
13765,Dynamic_Weights/weight_yolo,2.0
13815,Dynamic_Weights/weight_yolo,2.0
13865,Dynamic_Weights/weight_yolo,2.0
13915,Dynamic_Weights/weight_yolo,2.0
13965,Dynamic_Weights/weight_yolo,2.0
14015,Dynamic_Weights/weight_yolo,2.0
14065,Dynamic_Weights/weight_yolo,2.0
14115,Dynamic_Weights/weight_yolo,2.0
14165,Dynamic_Weights/weight_yolo,2.0
14215,Dynamic_Weights/weight_yolo,2.0
14265,Dynamic_Weights/weight_yolo,2.0
14315,Dynamic_Weights/weight_yolo,2.0
14365,Dynamic_Weights/weight_yolo,2.0
14415,Dynamic_Weights/weight_yolo,2.0
14465,Dynamic_Weights/weight_yolo,2.0
14515,Dynamic_Weights/weight_yolo,2.0
14565,Dynamic_Weights/weight_yolo,2.0
14615,Dynamic_Weights/weight_yolo,2.0
14658,Dynamic_Weights/weight_yolo,2.0
14708,Dynamic_Weights/weight_yolo,2.0
14758,Dynamic_Weights/weight_yolo,2.0
14808,Dynamic_Weights/weight_yolo,2.0
14858,Dynamic_Weights/weight_yolo,2.0
14908,Dynamic_Weights/weight_yolo,2.0
14958,Dynamic_Weights/weight_yolo,2.0
15008,Dynamic_Weights/weight_yolo,2.0
15058,Dynamic_Weights/weight_yolo,2.0
15108,Dynamic_Weights/weight_yolo,2.0
15158,Dynamic_Weights/weight_yolo,2.0
15208,Dynamic_Weights/weight_yolo,2.0
15258,Dynamic_Weights/weight_yolo,2.0
15308,Dynamic_Weights/weight_yolo,2.0
15358,Dynamic_Weights/weight_yolo,2.0
15408,Dynamic_Weights/weight_yolo,2.0
15458,Dynamic_Weights/weight_yolo,2.0
15508,Dynamic_Weights/weight_yolo,2.0
15558,Dynamic_Weights/weight_yolo,2.0
15608,Dynamic_Weights/weight_yolo,2.0
15658,Dynamic_Weights/weight_yolo,2.0
15708,Dynamic_Weights/weight_yolo,2.0
15758,Dynamic_Weights/weight_yolo,2.0
15808,Dynamic_Weights/weight_yolo,2.0
15858,Dynamic_Weights/weight_yolo,2.0
15908,Dynamic_Weights/weight_yolo,2.0
15958,Dynamic_Weights/weight_yolo,2.0
16008,Dynamic_Weights/weight_yolo,2.0
16058,Dynamic_Weights/weight_yolo,2.0
16108,Dynamic_Weights/weight_yolo,2.0
16158,Dynamic_Weights/weight_yolo,2.0
16208,Dynamic_Weights/weight_yolo,2.0
16258,Dynamic_Weights/weight_yolo,2.0
16308,Dynamic_Weights/weight_yolo,2.0
16358,Dynamic_Weights/weight_yolo,2.0
16408,Dynamic_Weights/weight_yolo,2.0
16458,Dynamic_Weights/weight_yolo,2.0
16508,Dynamic_Weights/weight_yolo,2.0
16558,Dynamic_Weights/weight_yolo,2.0
16608,Dynamic_Weights/weight_yolo,2.0
16658,Dynamic_Weights/weight_yolo,2.0
16708,Dynamic_Weights/weight_yolo,2.0
16758,Dynamic_Weights/weight_yolo,2.0
16808,Dynamic_Weights/weight_yolo,2.0
16858,Dynamic_Weights/weight_yolo,2.0
16908,Dynamic_Weights/weight_yolo,2.0
16958,Dynamic_Weights/weight_yolo,2.0
17008,Dynamic_Weights/weight_yolo,2.0
17058,Dynamic_Weights/weight_yolo,2.0
17101,Dynamic_Weights/weight_yolo,2.0
17151,Dynamic_Weights/weight_yolo,2.0
17201,Dynamic_Weights/weight_yolo,2.0
17251,Dynamic_Weights/weight_yolo,2.0
17301,Dynamic_Weights/weight_yolo,2.0
17351,Dynamic_Weights/weight_yolo,2.0
17401,Dynamic_Weights/weight_yolo,2.0
17451,Dynamic_Weights/weight_yolo,2.0
17501,Dynamic_Weights/weight_yolo,2.0
17551,Dynamic_Weights/weight_yolo,2.0
17601,Dynamic_Weights/weight_yolo,2.0
17651,Dynamic_Weights/weight_yolo,2.0
17701,Dynamic_Weights/weight_yolo,2.0
17751,Dynamic_Weights/weight_yolo,2.0
17801,Dynamic_Weights/weight_yolo,2.0
17851,Dynamic_Weights/weight_yolo,2.0
17901,Dynamic_Weights/weight_yolo,2.0
0,Grad_Norm_Post/Backbone,
50,Grad_Norm_Post/Backbone,2.999999761581421
100,Grad_Norm_Post/Backbone,3.0
150,Grad_Norm_Post/Backbone,2.9999990463256836
200,Grad_Norm_Post/Backbone,2.9999992847442627
250,Grad_Norm_Post/Backbone,2.9999992847442627
300,Grad_Norm_Post/Backbone,2.9999992847442627
350,Grad_Norm_Post/Backbone,2.9999992847442627
400,Grad_Norm_Post/Backbone,2.999999761581421
450,Grad_Norm_Post/Backbone,1.423535704612732
500,Grad_Norm_Post/Backbone,2.9999992847442627
550,Grad_Norm_Post/Backbone,2.999999523162842
600,Grad_Norm_Post/Backbone,2.999999523162842
650,Grad_Norm_Post/Backbone,2.9999990463256836
700,Grad_Norm_Post/Backbone,2.9999988079071045
750,Grad_Norm_Post/Backbone,2.999999761581421
800,Grad_Norm_Post/Backbone,2.090360641479492
850,Grad_Norm_Post/Backbone,1.6008522510528564
900,Grad_Norm_Post/Backbone,1.6481711864471436
950,Grad_Norm_Post/Backbone,2.4469656944274902
1000,Grad_Norm_Post/Backbone,2.999999523162842
1050,Grad_Norm_Post/Backbone,2.9999990463256836
1100,Grad_Norm_Post/Backbone,2.9999992847442627
1150,Grad_Norm_Post/Backbone,2.9999990463256836
1200,Grad_Norm_Post/Backbone,2.9999990463256836
1250,Grad_Norm_Post/Backbone,0.9963082671165466
1300,Grad_Norm_Post/Backbone,1.954943060874939
1350,Grad_Norm_Post/Backbone,1.7053656578063965
1400,Grad_Norm_Post/Backbone,2.9999992847442627
1450,Grad_Norm_Post/Backbone,2.4763238430023193
1500,Grad_Norm_Post/Backbone,2.9999992847442627
1550,Grad_Norm_Post/Backbone,2.9999990463256836
1600,Grad_Norm_Post/Backbone,2.999999523162842
1650,Grad_Norm_Post/Backbone,2.9999992847442627
1700,Grad_Norm_Post/Backbone,1.5279098749160767
1750,Grad_Norm_Post/Backbone,2.9999992847442627
1800,Grad_Norm_Post/Backbone,2.9999992847442627
1850,Grad_Norm_Post/Backbone,2.0169007778167725
1900,Grad_Norm_Post/Backbone,1.2316980361938477
1950,Grad_Norm_Post/Backbone,2.9999992847442627
2000,Grad_Norm_Post/Backbone,2.999999523162842
2050,Grad_Norm_Post/Backbone,2.538861036300659
2100,Grad_Norm_Post/Backbone,2.9999988079071045
2150,Grad_Norm_Post/Backbone,2.9999992847442627
2200,Grad_Norm_Post/Backbone,1.9849390983581543
2250,Grad_Norm_Post/Backbone,2.999999523162842
2300,Grad_Norm_Post/Backbone,1.6723182201385498
2350,Grad_Norm_Post/Backbone,2.999999523162842
2400,Grad_Norm_Post/Backbone,2.335552215576172
2443,Grad_Norm_Post/Backbone,2.9999992847442627
2493,Grad_Norm_Post/Backbone,2.999999523162842
2543,Grad_Norm_Post/Backbone,1.342471718788147
2593,Grad_Norm_Post/Backbone,1.4594957828521729
2643,Grad_Norm_Post/Backbone,2.999999523162842
2693,Grad_Norm_Post/Backbone,2.8927268981933594
2743,Grad_Norm_Post/Backbone,0.31548014283180237
2793,Grad_Norm_Post/Backbone,2.6076457500457764
2843,Grad_Norm_Post/Backbone,2.151419162750244
2893,Grad_Norm_Post/Backbone,2.5031449794769287
2943,Grad_Norm_Post/Backbone,1.6908807754516602
2993,Grad_Norm_Post/Backbone,2.999999523162842
3043,Grad_Norm_Post/Backbone,2.15483021736145
3093,Grad_Norm_Post/Backbone,2.9999990463256836
3143,Grad_Norm_Post/Backbone,1.051234245300293
3193,Grad_Norm_Post/Backbone,1.9286729097366333
3243,Grad_Norm_Post/Backbone,2.9024360179901123
3293,Grad_Norm_Post/Backbone,2.999999761581421
3343,Grad_Norm_Post/Backbone,2.999999523162842
3393,Grad_Norm_Post/Backbone,0.9992350339889526
3443,Grad_Norm_Post/Backbone,2.9999990463256836
3493,Grad_Norm_Post/Backbone,2.999999523162842
3543,Grad_Norm_Post/Backbone,2.999999523162842
3593,Grad_Norm_Post/Backbone,2.999999761581421
3643,Grad_Norm_Post/Backbone,2.999999523162842
3693,Grad_Norm_Post/Backbone,2.684556245803833
3743,Grad_Norm_Post/Backbone,1.2540112733840942
3793,Grad_Norm_Post/Backbone,1.6421345472335815
3843,Grad_Norm_Post/Backbone,2.999999761581421
3893,Grad_Norm_Post/Backbone,1.8039199113845825
3943,Grad_Norm_Post/Backbone,2.999999761581421
3993,Grad_Norm_Post/Backbone,2.037165403366089
4043,Grad_Norm_Post/Backbone,2.999999761581421
4093,Grad_Norm_Post/Backbone,2.999999523162842
4143,Grad_Norm_Post/Backbone,2.9999992847442627
4193,Grad_Norm_Post/Backbone,2.999999523162842
4243,Grad_Norm_Post/Backbone,2.9999988079071045
4293,Grad_Norm_Post/Backbone,2.999999761581421
4343,Grad_Norm_Post/Backbone,2.9999988079071045
4393,Grad_Norm_Post/Backbone,1.1720949411392212
4443,Grad_Norm_Post/Backbone,1.5438591241836548
4493,Grad_Norm_Post/Backbone,2.9158153533935547
4543,Grad_Norm_Post/Backbone,0.8260191679000854
4593,Grad_Norm_Post/Backbone,1.3256592750549316
4643,Grad_Norm_Post/Backbone,2.999999523162842
4693,Grad_Norm_Post/Backbone,1.9046064615249634
4743,Grad_Norm_Post/Backbone,1.760928988456726
4793,Grad_Norm_Post/Backbone,2.999999523162842
4843,Grad_Norm_Post/Backbone,2.999999523162842
4886,Grad_Norm_Post/Backbone,1.5173120498657227
4936,Grad_Norm_Post/Backbone,0.7587849497795105
4986,Grad_Norm_Post/Backbone,3.0
5036,Grad_Norm_Post/Backbone,2.254560708999634
5086,Grad_Norm_Post/Backbone,2.15997576713562
5136,Grad_Norm_Post/Backbone,2.1562440395355225
5186,Grad_Norm_Post/Backbone,2.9999992847442627
5236,Grad_Norm_Post/Backbone,2.7184500694274902
5286,Grad_Norm_Post/Backbone,2.9999992847442627
5336,Grad_Norm_Post/Backbone,0.7467958927154541
5386,Grad_Norm_Post/Backbone,2.9999990463256836
5436,Grad_Norm_Post/Backbone,2.976591110229492
5486,Grad_Norm_Post/Backbone,2.086425542831421
5536,Grad_Norm_Post/Backbone,2.7021541595458984
5586,Grad_Norm_Post/Backbone,1.345410704612732
5636,Grad_Norm_Post/Backbone,2.9999990463256836
5686,Grad_Norm_Post/Backbone,1.9400529861450195
5736,Grad_Norm_Post/Backbone,2.6999735832214355
5786,Grad_Norm_Post/Backbone,2.1337037086486816
5836,Grad_Norm_Post/Backbone,1.291683554649353
5886,Grad_Norm_Post/Backbone,2.999999761581421
5936,Grad_Norm_Post/Backbone,3.0
5986,Grad_Norm_Post/Backbone,1.9475929737091064
6036,Grad_Norm_Post/Backbone,1.4096473455429077
6086,Grad_Norm_Post/Backbone,0.890568733215332
6136,Grad_Norm_Post/Backbone,2.999999761581421
6186,Grad_Norm_Post/Backbone,0.8850399255752563
6236,Grad_Norm_Post/Backbone,1.3041119575500488
6286,Grad_Norm_Post/Backbone,2.999999523162842
6336,Grad_Norm_Post/Backbone,3.0
6386,Grad_Norm_Post/Backbone,2.999999523162842
6436,Grad_Norm_Post/Backbone,2.999999523162842
6486,Grad_Norm_Post/Backbone,3.0
6536,Grad_Norm_Post/Backbone,2.581403970718384
6586,Grad_Norm_Post/Backbone,1.44944167137146
6636,Grad_Norm_Post/Backbone,2.9999992847442627
6686,Grad_Norm_Post/Backbone,3.0
6736,Grad_Norm_Post/Backbone,1.3018616437911987
6786,Grad_Norm_Post/Backbone,1.5104022026062012
6836,Grad_Norm_Post/Backbone,2.9999992847442627
6886,Grad_Norm_Post/Backbone,2.780449151992798
6936,Grad_Norm_Post/Backbone,2.999999523162842
6986,Grad_Norm_Post/Backbone,1.7775486707687378
7036,Grad_Norm_Post/Backbone,2.9999992847442627
7086,Grad_Norm_Post/Backbone,1.2811356782913208
7136,Grad_Norm_Post/Backbone,0.658031165599823
7186,Grad_Norm_Post/Backbone,2.9999990463256836
7236,Grad_Norm_Post/Backbone,2.073284864425659
7286,Grad_Norm_Post/Backbone,3.0
7329,Grad_Norm_Post/Backbone,2.873013734817505
7379,Grad_Norm_Post/Backbone,3.000000238418579
7429,Grad_Norm_Post/Backbone,1.6100438833236694
7479,Grad_Norm_Post/Backbone,2.999999523162842
7529,Grad_Norm_Post/Backbone,2.999999761581421
7579,Grad_Norm_Post/Backbone,1.1552661657333374
7629,Grad_Norm_Post/Backbone,2.999999523162842
7679,Grad_Norm_Post/Backbone,3.0
7729,Grad_Norm_Post/Backbone,2.999999523162842
7779,Grad_Norm_Post/Backbone,2.999999523162842
7829,Grad_Norm_Post/Backbone,2.9999990463256836
7879,Grad_Norm_Post/Backbone,2.9999992847442627
7929,Grad_Norm_Post/Backbone,2.999999761581421
7979,Grad_Norm_Post/Backbone,2.999999761581421
8029,Grad_Norm_Post/Backbone,2.999999761581421
8079,Grad_Norm_Post/Backbone,2.9999990463256836
8129,Grad_Norm_Post/Backbone,3.0
8179,Grad_Norm_Post/Backbone,2.4209582805633545
8229,Grad_Norm_Post/Backbone,2.6232504844665527
8279,Grad_Norm_Post/Backbone,1.2803932428359985
8329,Grad_Norm_Post/Backbone,0.8684121370315552
8379,Grad_Norm_Post/Backbone,2.4710521697998047
8429,Grad_Norm_Post/Backbone,2.9999992847442627
8479,Grad_Norm_Post/Backbone,2.9999992847442627
8529,Grad_Norm_Post/Backbone,0.9169312119483948
8579,Grad_Norm_Post/Backbone,2.999999523162842
8629,Grad_Norm_Post/Backbone,2.9999988079071045
8679,Grad_Norm_Post/Backbone,2.9999990463256836
8729,Grad_Norm_Post/Backbone,2.999999523162842
8779,Grad_Norm_Post/Backbone,2.5114214420318604
8829,Grad_Norm_Post/Backbone,2.0750997066497803
8879,Grad_Norm_Post/Backbone,2.999999523162842
8929,Grad_Norm_Post/Backbone,1.2851016521453857
8979,Grad_Norm_Post/Backbone,1.79395592212677
9029,Grad_Norm_Post/Backbone,1.624819278717041
9079,Grad_Norm_Post/Backbone,2.9999990463256836
9129,Grad_Norm_Post/Backbone,
9179,Grad_Norm_Post/Backbone,2.847402572631836
9229,Grad_Norm_Post/Backbone,2.7679340839385986
9279,Grad_Norm_Post/Backbone,2.999999523162842
9329,Grad_Norm_Post/Backbone,3.0
9379,Grad_Norm_Post/Backbone,2.9999992847442627
9429,Grad_Norm_Post/Backbone,1.445940375328064
9479,Grad_Norm_Post/Backbone,2.9999992847442627
9529,Grad_Norm_Post/Backbone,1.1272233724594116
9579,Grad_Norm_Post/Backbone,2.9999992847442627
9629,Grad_Norm_Post/Backbone,2.999999523162842
9679,Grad_Norm_Post/Backbone,0.8182377815246582
9729,Grad_Norm_Post/Backbone,1.6624650955200195
9772,Grad_Norm_Post/Backbone,0.9474097490310669
9822,Grad_Norm_Post/Backbone,2.999999523162842
9872,Grad_Norm_Post/Backbone,0.8582302331924438
9922,Grad_Norm_Post/Backbone,2.999999761581421
9972,Grad_Norm_Post/Backbone,2.9999990463256836
10022,Grad_Norm_Post/Backbone,2.900745153427124
10072,Grad_Norm_Post/Backbone,0.9448886513710022
10122,Grad_Norm_Post/Backbone,2.9999990463256836
10172,Grad_Norm_Post/Backbone,1.9216336011886597
10222,Grad_Norm_Post/Backbone,2.999999761581421
10272,Grad_Norm_Post/Backbone,1.1974592208862305
10322,Grad_Norm_Post/Backbone,1.5799336433410645
10372,Grad_Norm_Post/Backbone,2.9999992847442627
10422,Grad_Norm_Post/Backbone,2.999999523162842
10472,Grad_Norm_Post/Backbone,2.0343878269195557
10522,Grad_Norm_Post/Backbone,2.9999992847442627
10572,Grad_Norm_Post/Backbone,1.440231442451477
10622,Grad_Norm_Post/Backbone,2.9999992847442627
10672,Grad_Norm_Post/Backbone,3.0
10722,Grad_Norm_Post/Backbone,2.7353503704071045
10772,Grad_Norm_Post/Backbone,1.9016484022140503
10822,Grad_Norm_Post/Backbone,2.934706211090088
10872,Grad_Norm_Post/Backbone,2.9999988079071045
10922,Grad_Norm_Post/Backbone,0.7003884315490723
10972,Grad_Norm_Post/Backbone,2.999999761581421
11022,Grad_Norm_Post/Backbone,2.3333823680877686
11072,Grad_Norm_Post/Backbone,1.2162327766418457
11122,Grad_Norm_Post/Backbone,2.5852620601654053
11172,Grad_Norm_Post/Backbone,2.9999992847442627
11222,Grad_Norm_Post/Backbone,2.9999992847442627
11272,Grad_Norm_Post/Backbone,2.999999523162842
11322,Grad_Norm_Post/Backbone,2.999999523162842
11372,Grad_Norm_Post/Backbone,2.999999523162842
11422,Grad_Norm_Post/Backbone,1.5118328332901
11472,Grad_Norm_Post/Backbone,2.2751476764678955
11522,Grad_Norm_Post/Backbone,2.999999761581421
11572,Grad_Norm_Post/Backbone,1.400368332862854
11622,Grad_Norm_Post/Backbone,1.0332976579666138
11672,Grad_Norm_Post/Backbone,2.999999761581421
11722,Grad_Norm_Post/Backbone,2.1960487365722656
11772,Grad_Norm_Post/Backbone,2.999999523162842
11822,Grad_Norm_Post/Backbone,0.8150495886802673
11872,Grad_Norm_Post/Backbone,1.5321245193481445
11922,Grad_Norm_Post/Backbone,1.6845760345458984
11972,Grad_Norm_Post/Backbone,1.3235163688659668
12022,Grad_Norm_Post/Backbone,3.0
12072,Grad_Norm_Post/Backbone,2.783017873764038
12122,Grad_Norm_Post/Backbone,2.999999761581421
12172,Grad_Norm_Post/Backbone,2.694220542907715
12215,Grad_Norm_Post/Backbone,2.0335755348205566
12265,Grad_Norm_Post/Backbone,2.9999990463256836
12315,Grad_Norm_Post/Backbone,2.9999992847442627
12365,Grad_Norm_Post/Backbone,0.9824540019035339
12415,Grad_Norm_Post/Backbone,2.999999523162842
12465,Grad_Norm_Post/Backbone,2.999999523162842
12515,Grad_Norm_Post/Backbone,2.9999992847442627
12565,Grad_Norm_Post/Backbone,2.9999992847442627
12615,Grad_Norm_Post/Backbone,2.999999523162842
12665,Grad_Norm_Post/Backbone,2.999999523162842
12715,Grad_Norm_Post/Backbone,1.140451192855835
12765,Grad_Norm_Post/Backbone,3.0
12815,Grad_Norm_Post/Backbone,0.7424905300140381
12865,Grad_Norm_Post/Backbone,2.94684100151062
12915,Grad_Norm_Post/Backbone,2.7581303119659424
12965,Grad_Norm_Post/Backbone,2.9999992847442627
13015,Grad_Norm_Post/Backbone,2.999999523162842
13065,Grad_Norm_Post/Backbone,2.999999761581421
13115,Grad_Norm_Post/Backbone,1.3965893983840942
13165,Grad_Norm_Post/Backbone,2.529301881790161
13215,Grad_Norm_Post/Backbone,2.999999523162842
13265,Grad_Norm_Post/Backbone,2.4067366123199463
13315,Grad_Norm_Post/Backbone,2.9999990463256836
13365,Grad_Norm_Post/Backbone,1.2492729425430298
13415,Grad_Norm_Post/Backbone,0.9532404541969299
13465,Grad_Norm_Post/Backbone,2.999999523162842
13515,Grad_Norm_Post/Backbone,2.9999992847442627
13565,Grad_Norm_Post/Backbone,2.19301700592041
13615,Grad_Norm_Post/Backbone,2.9999990463256836
13665,Grad_Norm_Post/Backbone,1.4740585088729858
13715,Grad_Norm_Post/Backbone,2.999999523162842
13765,Grad_Norm_Post/Backbone,2.999999761581421
13815,Grad_Norm_Post/Backbone,0.7668614387512207
13865,Grad_Norm_Post/Backbone,1.2793328762054443
13915,Grad_Norm_Post/Backbone,2.8596856594085693
13965,Grad_Norm_Post/Backbone,1.0935099124908447
14015,Grad_Norm_Post/Backbone,2.798743486404419
14065,Grad_Norm_Post/Backbone,1.744653582572937
14115,Grad_Norm_Post/Backbone,1.6201971769332886
14165,Grad_Norm_Post/Backbone,2.459491491317749
14215,Grad_Norm_Post/Backbone,2.999999761581421
14265,Grad_Norm_Post/Backbone,2.6687021255493164
14315,Grad_Norm_Post/Backbone,2.9999990463256836
14365,Grad_Norm_Post/Backbone,2.9999990463256836
14415,Grad_Norm_Post/Backbone,0.9563896059989929
14465,Grad_Norm_Post/Backbone,2.7110495567321777
14515,Grad_Norm_Post/Backbone,3.0
14565,Grad_Norm_Post/Backbone,2.9999992847442627
14615,Grad_Norm_Post/Backbone,2.999999761581421
14658,Grad_Norm_Post/Backbone,2.9999990463256836
14708,Grad_Norm_Post/Backbone,2.9999992847442627
14758,Grad_Norm_Post/Backbone,1.7984013557434082
14808,Grad_Norm_Post/Backbone,2.9272851943969727
14858,Grad_Norm_Post/Backbone,2.9999992847442627
14908,Grad_Norm_Post/Backbone,2.999999523162842
14958,Grad_Norm_Post/Backbone,2.999999523162842
15008,Grad_Norm_Post/Backbone,2.999999761581421
15058,Grad_Norm_Post/Backbone,3.0
15108,Grad_Norm_Post/Backbone,1.6272443532943726
15158,Grad_Norm_Post/Backbone,3.0
15208,Grad_Norm_Post/Backbone,2.999999523162842
15258,Grad_Norm_Post/Backbone,2.9999990463256836
15308,Grad_Norm_Post/Backbone,2.0840067863464355
15358,Grad_Norm_Post/Backbone,1.98100745677948
15408,Grad_Norm_Post/Backbone,1.1413096189498901
15458,Grad_Norm_Post/Backbone,2.999999523162842
15508,Grad_Norm_Post/Backbone,2.0031800270080566
15558,Grad_Norm_Post/Backbone,2.5322070121765137
15608,Grad_Norm_Post/Backbone,2.027301788330078
15658,Grad_Norm_Post/Backbone,2.4676640033721924
15708,Grad_Norm_Post/Backbone,2.424636125564575
15758,Grad_Norm_Post/Backbone,2.9999990463256836
15808,Grad_Norm_Post/Backbone,2.997664213180542
15858,Grad_Norm_Post/Backbone,1.583948016166687
15908,Grad_Norm_Post/Backbone,2.886033058166504
15958,Grad_Norm_Post/Backbone,2.9999992847442627
16008,Grad_Norm_Post/Backbone,1.4542195796966553
16058,Grad_Norm_Post/Backbone,2.999999523162842
16108,Grad_Norm_Post/Backbone,2.999999523162842
16158,Grad_Norm_Post/Backbone,2.9999992847442627
16208,Grad_Norm_Post/Backbone,2.999999523162842
16258,Grad_Norm_Post/Backbone,2.9035441875457764
16308,Grad_Norm_Post/Backbone,2.557901620864868
16358,Grad_Norm_Post/Backbone,2.999999761581421
16408,Grad_Norm_Post/Backbone,2.999999523162842
16458,Grad_Norm_Post/Backbone,2.2582223415374756
16508,Grad_Norm_Post/Backbone,2.9999990463256836
16558,Grad_Norm_Post/Backbone,2.337296724319458
16608,Grad_Norm_Post/Backbone,2.9999992847442627
16658,Grad_Norm_Post/Backbone,2.9999990463256836
16708,Grad_Norm_Post/Backbone,2.9999992847442627
16758,Grad_Norm_Post/Backbone,2.999999761581421
16808,Grad_Norm_Post/Backbone,2.8494348526000977
16858,Grad_Norm_Post/Backbone,2.755258083343506
16908,Grad_Norm_Post/Backbone,2.1901538372039795
16958,Grad_Norm_Post/Backbone,2.999999523162842
17008,Grad_Norm_Post/Backbone,2.9999990463256836
17058,Grad_Norm_Post/Backbone,2.281264066696167
17101,Grad_Norm_Post/Backbone,2.8992037773132324
17151,Grad_Norm_Post/Backbone,1.9837034940719604
17201,Grad_Norm_Post/Backbone,2.9999992847442627
17251,Grad_Norm_Post/Backbone,2.9999990463256836
17301,Grad_Norm_Post/Backbone,2.1246628761291504
17351,Grad_Norm_Post/Backbone,1.6721452474594116
17401,Grad_Norm_Post/Backbone,2.9999990463256836
17451,Grad_Norm_Post/Backbone,2.999999761581421
17501,Grad_Norm_Post/Backbone,2.9999990463256836
17551,Grad_Norm_Post/Backbone,1.8430602550506592
17601,Grad_Norm_Post/Backbone,2.999999523162842
17651,Grad_Norm_Post/Backbone,2.799825429916382
17701,Grad_Norm_Post/Backbone,2.999999523162842
17751,Grad_Norm_Post/Backbone,3.000000238418579
17801,Grad_Norm_Post/Backbone,2.9999990463256836
17851,Grad_Norm_Post/Backbone,2.999999523162842
17901,Grad_Norm_Post/Backbone,2.999999761581421
0,Grad_Norm_Post/Seg,0.0
50,Grad_Norm_Post/Seg,0.0
100,Grad_Norm_Post/Seg,0.0
150,Grad_Norm_Post/Seg,0.0
200,Grad_Norm_Post/Seg,0.0
250,Grad_Norm_Post/Seg,0.0
300,Grad_Norm_Post/Seg,0.0
350,Grad_Norm_Post/Seg,0.0
400,Grad_Norm_Post/Seg,0.0
450,Grad_Norm_Post/Seg,0.0
500,Grad_Norm_Post/Seg,0.0
550,Grad_Norm_Post/Seg,0.0
600,Grad_Norm_Post/Seg,0.0
650,Grad_Norm_Post/Seg,0.0
700,Grad_Norm_Post/Seg,0.0
750,Grad_Norm_Post/Seg,0.0
800,Grad_Norm_Post/Seg,0.0
850,Grad_Norm_Post/Seg,0.0
900,Grad_Norm_Post/Seg,0.0
950,Grad_Norm_Post/Seg,0.0
1000,Grad_Norm_Post/Seg,0.0
1050,Grad_Norm_Post/Seg,0.0
1100,Grad_Norm_Post/Seg,0.0
1150,Grad_Norm_Post/Seg,0.0
1200,Grad_Norm_Post/Seg,0.0
1250,Grad_Norm_Post/Seg,0.0
1300,Grad_Norm_Post/Seg,0.0
1350,Grad_Norm_Post/Seg,0.0
1400,Grad_Norm_Post/Seg,0.0
1450,Grad_Norm_Post/Seg,0.0
1500,Grad_Norm_Post/Seg,0.0
1550,Grad_Norm_Post/Seg,0.0
1600,Grad_Norm_Post/Seg,0.0
1650,Grad_Norm_Post/Seg,0.0
1700,Grad_Norm_Post/Seg,0.0
1750,Grad_Norm_Post/Seg,0.0
1800,Grad_Norm_Post/Seg,0.0
1850,Grad_Norm_Post/Seg,0.0
1900,Grad_Norm_Post/Seg,0.0
1950,Grad_Norm_Post/Seg,0.0
2000,Grad_Norm_Post/Seg,0.0
2050,Grad_Norm_Post/Seg,0.0
2100,Grad_Norm_Post/Seg,0.0
2150,Grad_Norm_Post/Seg,0.0
2200,Grad_Norm_Post/Seg,0.0
2250,Grad_Norm_Post/Seg,0.0
2300,Grad_Norm_Post/Seg,0.0
2350,Grad_Norm_Post/Seg,0.0
2400,Grad_Norm_Post/Seg,0.0
2443,Grad_Norm_Post/Seg,0.0
2493,Grad_Norm_Post/Seg,0.0
2543,Grad_Norm_Post/Seg,0.0
2593,Grad_Norm_Post/Seg,0.0
2643,Grad_Norm_Post/Seg,0.0
2693,Grad_Norm_Post/Seg,0.0
2743,Grad_Norm_Post/Seg,0.0
2793,Grad_Norm_Post/Seg,0.0
2843,Grad_Norm_Post/Seg,0.0
2893,Grad_Norm_Post/Seg,0.0
2943,Grad_Norm_Post/Seg,0.0
2993,Grad_Norm_Post/Seg,0.0
3043,Grad_Norm_Post/Seg,0.0
3093,Grad_Norm_Post/Seg,0.0
3143,Grad_Norm_Post/Seg,0.0
3193,Grad_Norm_Post/Seg,0.0
3243,Grad_Norm_Post/Seg,0.0
3293,Grad_Norm_Post/Seg,0.0
3343,Grad_Norm_Post/Seg,0.0
3393,Grad_Norm_Post/Seg,0.0
3443,Grad_Norm_Post/Seg,0.0
3493,Grad_Norm_Post/Seg,0.0
3543,Grad_Norm_Post/Seg,0.0
3593,Grad_Norm_Post/Seg,0.0
3643,Grad_Norm_Post/Seg,0.0
3693,Grad_Norm_Post/Seg,0.0
3743,Grad_Norm_Post/Seg,0.0
3793,Grad_Norm_Post/Seg,0.0
3843,Grad_Norm_Post/Seg,0.0
3893,Grad_Norm_Post/Seg,0.0
3943,Grad_Norm_Post/Seg,0.0
3993,Grad_Norm_Post/Seg,0.0
4043,Grad_Norm_Post/Seg,0.0
4093,Grad_Norm_Post/Seg,0.0
4143,Grad_Norm_Post/Seg,0.0
4193,Grad_Norm_Post/Seg,0.0
4243,Grad_Norm_Post/Seg,0.0
4293,Grad_Norm_Post/Seg,0.0
4343,Grad_Norm_Post/Seg,0.0
4393,Grad_Norm_Post/Seg,0.0
4443,Grad_Norm_Post/Seg,0.0
4493,Grad_Norm_Post/Seg,0.0
4543,Grad_Norm_Post/Seg,0.0
4593,Grad_Norm_Post/Seg,0.0
4643,Grad_Norm_Post/Seg,0.0
4693,Grad_Norm_Post/Seg,0.0
4743,Grad_Norm_Post/Seg,0.0
4793,Grad_Norm_Post/Seg,0.0
4843,Grad_Norm_Post/Seg,0.0
4886,Grad_Norm_Post/Seg,0.0
4936,Grad_Norm_Post/Seg,0.0
4986,Grad_Norm_Post/Seg,0.0
5036,Grad_Norm_Post/Seg,0.0
5086,Grad_Norm_Post/Seg,0.0
5136,Grad_Norm_Post/Seg,0.0
5186,Grad_Norm_Post/Seg,0.0
5236,Grad_Norm_Post/Seg,0.0
5286,Grad_Norm_Post/Seg,0.0
5336,Grad_Norm_Post/Seg,0.0
5386,Grad_Norm_Post/Seg,0.0
5436,Grad_Norm_Post/Seg,0.0
5486,Grad_Norm_Post/Seg,0.0
5536,Grad_Norm_Post/Seg,0.0
5586,Grad_Norm_Post/Seg,0.0
5636,Grad_Norm_Post/Seg,0.0
5686,Grad_Norm_Post/Seg,0.0
5736,Grad_Norm_Post/Seg,0.0
5786,Grad_Norm_Post/Seg,0.0
5836,Grad_Norm_Post/Seg,0.0
5886,Grad_Norm_Post/Seg,0.0
5936,Grad_Norm_Post/Seg,0.0
5986,Grad_Norm_Post/Seg,0.0
6036,Grad_Norm_Post/Seg,0.0
6086,Grad_Norm_Post/Seg,0.0
6136,Grad_Norm_Post/Seg,0.0
6186,Grad_Norm_Post/Seg,0.0
6236,Grad_Norm_Post/Seg,0.0
6286,Grad_Norm_Post/Seg,0.0
6336,Grad_Norm_Post/Seg,0.0
6386,Grad_Norm_Post/Seg,0.0
6436,Grad_Norm_Post/Seg,0.0
6486,Grad_Norm_Post/Seg,0.0
6536,Grad_Norm_Post/Seg,0.0
6586,Grad_Norm_Post/Seg,0.0
6636,Grad_Norm_Post/Seg,0.0
6686,Grad_Norm_Post/Seg,0.0
6736,Grad_Norm_Post/Seg,0.0
6786,Grad_Norm_Post/Seg,0.0
6836,Grad_Norm_Post/Seg,0.0
6886,Grad_Norm_Post/Seg,0.0
6936,Grad_Norm_Post/Seg,0.0
6986,Grad_Norm_Post/Seg,0.0
7036,Grad_Norm_Post/Seg,0.0
7086,Grad_Norm_Post/Seg,0.0
7136,Grad_Norm_Post/Seg,0.0
7186,Grad_Norm_Post/Seg,0.0
7236,Grad_Norm_Post/Seg,0.0
7286,Grad_Norm_Post/Seg,0.0
7329,Grad_Norm_Post/Seg,0.0
7379,Grad_Norm_Post/Seg,0.0
7429,Grad_Norm_Post/Seg,0.0
7479,Grad_Norm_Post/Seg,0.0
7529,Grad_Norm_Post/Seg,0.0
7579,Grad_Norm_Post/Seg,0.0
7629,Grad_Norm_Post/Seg,0.0
7679,Grad_Norm_Post/Seg,0.0
7729,Grad_Norm_Post/Seg,0.0
7779,Grad_Norm_Post/Seg,0.0
7829,Grad_Norm_Post/Seg,0.0
7879,Grad_Norm_Post/Seg,0.0
7929,Grad_Norm_Post/Seg,0.0
7979,Grad_Norm_Post/Seg,0.0
8029,Grad_Norm_Post/Seg,0.0
8079,Grad_Norm_Post/Seg,0.0
8129,Grad_Norm_Post/Seg,0.0
8179,Grad_Norm_Post/Seg,0.0
8229,Grad_Norm_Post/Seg,0.0
8279,Grad_Norm_Post/Seg,0.0
8329,Grad_Norm_Post/Seg,0.0
8379,Grad_Norm_Post/Seg,0.0
8429,Grad_Norm_Post/Seg,0.0
8479,Grad_Norm_Post/Seg,0.0
8529,Grad_Norm_Post/Seg,0.0
8579,Grad_Norm_Post/Seg,0.0
8629,Grad_Norm_Post/Seg,0.0
8679,Grad_Norm_Post/Seg,0.0
8729,Grad_Norm_Post/Seg,0.0
8779,Grad_Norm_Post/Seg,0.0
8829,Grad_Norm_Post/Seg,0.0
8879,Grad_Norm_Post/Seg,0.0
8929,Grad_Norm_Post/Seg,0.0
8979,Grad_Norm_Post/Seg,0.0
9029,Grad_Norm_Post/Seg,0.0
9079,Grad_Norm_Post/Seg,0.0
9129,Grad_Norm_Post/Seg,0.0
9179,Grad_Norm_Post/Seg,0.0
9229,Grad_Norm_Post/Seg,0.0
9279,Grad_Norm_Post/Seg,0.0
9329,Grad_Norm_Post/Seg,0.0
9379,Grad_Norm_Post/Seg,0.0
9429,Grad_Norm_Post/Seg,0.0
9479,Grad_Norm_Post/Seg,0.0
9529,Grad_Norm_Post/Seg,0.0
9579,Grad_Norm_Post/Seg,0.0
9629,Grad_Norm_Post/Seg,0.0
9679,Grad_Norm_Post/Seg,0.0
9729,Grad_Norm_Post/Seg,0.0
9772,Grad_Norm_Post/Seg,0.0
9822,Grad_Norm_Post/Seg,0.0
9872,Grad_Norm_Post/Seg,0.0
9922,Grad_Norm_Post/Seg,0.0
9972,Grad_Norm_Post/Seg,0.0
10022,Grad_Norm_Post/Seg,0.0
10072,Grad_Norm_Post/Seg,0.0
10122,Grad_Norm_Post/Seg,0.0
10172,Grad_Norm_Post/Seg,0.0
10222,Grad_Norm_Post/Seg,0.0
10272,Grad_Norm_Post/Seg,0.0
10322,Grad_Norm_Post/Seg,0.0
10372,Grad_Norm_Post/Seg,0.0
10422,Grad_Norm_Post/Seg,0.0
10472,Grad_Norm_Post/Seg,0.0
10522,Grad_Norm_Post/Seg,0.0
10572,Grad_Norm_Post/Seg,0.0
10622,Grad_Norm_Post/Seg,0.0
10672,Grad_Norm_Post/Seg,0.0
10722,Grad_Norm_Post/Seg,0.0
10772,Grad_Norm_Post/Seg,0.0
10822,Grad_Norm_Post/Seg,0.0
10872,Grad_Norm_Post/Seg,0.0
10922,Grad_Norm_Post/Seg,0.0
10972,Grad_Norm_Post/Seg,0.0
11022,Grad_Norm_Post/Seg,0.0
11072,Grad_Norm_Post/Seg,0.0
11122,Grad_Norm_Post/Seg,0.0
11172,Grad_Norm_Post/Seg,0.0
11222,Grad_Norm_Post/Seg,0.0
11272,Grad_Norm_Post/Seg,0.0
11322,Grad_Norm_Post/Seg,0.0
11372,Grad_Norm_Post/Seg,0.0
11422,Grad_Norm_Post/Seg,0.0
11472,Grad_Norm_Post/Seg,0.0
11522,Grad_Norm_Post/Seg,0.0
11572,Grad_Norm_Post/Seg,0.0
11622,Grad_Norm_Post/Seg,0.0
11672,Grad_Norm_Post/Seg,0.0
11722,Grad_Norm_Post/Seg,0.0
11772,Grad_Norm_Post/Seg,0.0
11822,Grad_Norm_Post/Seg,0.0
11872,Grad_Norm_Post/Seg,0.0
11922,Grad_Norm_Post/Seg,0.0
11972,Grad_Norm_Post/Seg,0.0
12022,Grad_Norm_Post/Seg,0.0
12072,Grad_Norm_Post/Seg,0.0
12122,Grad_Norm_Post/Seg,0.0
12172,Grad_Norm_Post/Seg,0.0
12215,Grad_Norm_Post/Seg,0.0
12265,Grad_Norm_Post/Seg,0.0
12315,Grad_Norm_Post/Seg,0.0
12365,Grad_Norm_Post/Seg,0.0
12415,Grad_Norm_Post/Seg,0.0
12465,Grad_Norm_Post/Seg,0.0
12515,Grad_Norm_Post/Seg,0.0
12565,Grad_Norm_Post/Seg,0.0
12615,Grad_Norm_Post/Seg,0.0
12665,Grad_Norm_Post/Seg,0.0
12715,Grad_Norm_Post/Seg,0.0
12765,Grad_Norm_Post/Seg,0.0
12815,Grad_Norm_Post/Seg,0.0
12865,Grad_Norm_Post/Seg,0.0
12915,Grad_Norm_Post/Seg,0.0
12965,Grad_Norm_Post/Seg,0.0
13015,Grad_Norm_Post/Seg,0.0
13065,Grad_Norm_Post/Seg,0.0
13115,Grad_Norm_Post/Seg,0.0
13165,Grad_Norm_Post/Seg,0.0
13215,Grad_Norm_Post/Seg,0.0
13265,Grad_Norm_Post/Seg,0.0
13315,Grad_Norm_Post/Seg,0.0
13365,Grad_Norm_Post/Seg,0.0
13415,Grad_Norm_Post/Seg,0.0
13465,Grad_Norm_Post/Seg,0.0
13515,Grad_Norm_Post/Seg,0.0
13565,Grad_Norm_Post/Seg,0.0
13615,Grad_Norm_Post/Seg,0.0
13665,Grad_Norm_Post/Seg,0.0
13715,Grad_Norm_Post/Seg,0.0
13765,Grad_Norm_Post/Seg,0.0
13815,Grad_Norm_Post/Seg,0.0
13865,Grad_Norm_Post/Seg,0.0
13915,Grad_Norm_Post/Seg,0.0
13965,Grad_Norm_Post/Seg,0.0
14015,Grad_Norm_Post/Seg,0.0
14065,Grad_Norm_Post/Seg,0.0
14115,Grad_Norm_Post/Seg,0.0
14165,Grad_Norm_Post/Seg,0.0
14215,Grad_Norm_Post/Seg,0.0
14265,Grad_Norm_Post/Seg,0.0
14315,Grad_Norm_Post/Seg,0.0
14365,Grad_Norm_Post/Seg,0.0
14415,Grad_Norm_Post/Seg,0.0
14465,Grad_Norm_Post/Seg,0.0
14515,Grad_Norm_Post/Seg,0.0
14565,Grad_Norm_Post/Seg,0.0
14615,Grad_Norm_Post/Seg,0.0
14658,Grad_Norm_Post/Seg,0.43968451023101807
14708,Grad_Norm_Post/Seg,0.16483578085899353
14758,Grad_Norm_Post/Seg,0.1097550019621849
14808,Grad_Norm_Post/Seg,0.16113410890102386
14858,Grad_Norm_Post/Seg,0.21323071420192719
14908,Grad_Norm_Post/Seg,0.11589404940605164
14958,Grad_Norm_Post/Seg,0.09521880745887756
15008,Grad_Norm_Post/Seg,0.10748008638620377
15058,Grad_Norm_Post/Seg,0.15107764303684235
15108,Grad_Norm_Post/Seg,0.17791518568992615
15158,Grad_Norm_Post/Seg,0.12666991353034973
15208,Grad_Norm_Post/Seg,0.12004774063825607
15258,Grad_Norm_Post/Seg,0.1543036550283432
15308,Grad_Norm_Post/Seg,0.09620154649019241
15358,Grad_Norm_Post/Seg,0.20525884628295898
15408,Grad_Norm_Post/Seg,0.10250642895698547
15458,Grad_Norm_Post/Seg,0.15259301662445068
15508,Grad_Norm_Post/Seg,0.13132977485656738
15558,Grad_Norm_Post/Seg,0.11473766714334488
15608,Grad_Norm_Post/Seg,0.1287204623222351
15658,Grad_Norm_Post/Seg,0.09914537519216537
15708,Grad_Norm_Post/Seg,0.15561823546886444
15758,Grad_Norm_Post/Seg,0.11569264531135559
15808,Grad_Norm_Post/Seg,0.1397782564163208
15858,Grad_Norm_Post/Seg,0.16781297326087952
15908,Grad_Norm_Post/Seg,0.0996602401137352
15958,Grad_Norm_Post/Seg,0.1210848018527031
16008,Grad_Norm_Post/Seg,0.09236741811037064
16058,Grad_Norm_Post/Seg,0.15300214290618896
16108,Grad_Norm_Post/Seg,0.1614764779806137
16158,Grad_Norm_Post/Seg,0.13780178129673004
16208,Grad_Norm_Post/Seg,0.16620205342769623
16258,Grad_Norm_Post/Seg,0.13483215868473053
16308,Grad_Norm_Post/Seg,0.18671377003192902
16358,Grad_Norm_Post/Seg,0.11586393415927887
16408,Grad_Norm_Post/Seg,0.13027255237102509
16458,Grad_Norm_Post/Seg,0.09579112380743027
16508,Grad_Norm_Post/Seg,0.11325356364250183
16558,Grad_Norm_Post/Seg,0.13458211719989777
16608,Grad_Norm_Post/Seg,0.09864874184131622
16658,Grad_Norm_Post/Seg,0.10988962650299072
16708,Grad_Norm_Post/Seg,0.11468296498060226
16758,Grad_Norm_Post/Seg,0.136219322681427
16808,Grad_Norm_Post/Seg,0.20229174196720123
16858,Grad_Norm_Post/Seg,0.10073748230934143
16908,Grad_Norm_Post/Seg,0.15735428035259247
16958,Grad_Norm_Post/Seg,0.12646165490150452
17008,Grad_Norm_Post/Seg,0.15143850445747375
17058,Grad_Norm_Post/Seg,0.11604949831962585
17101,Grad_Norm_Post/Seg,0.10894107073545456
17151,Grad_Norm_Post/Seg,0.1167462021112442
17201,Grad_Norm_Post/Seg,0.10227427631616592
17251,Grad_Norm_Post/Seg,0.1347799152135849
17301,Grad_Norm_Post/Seg,0.15930752456188202
17351,Grad_Norm_Post/Seg,0.1548079550266266
17401,Grad_Norm_Post/Seg,0.12868843972682953
17451,Grad_Norm_Post/Seg,0.12517674267292023
17501,Grad_Norm_Post/Seg,0.09276975691318512
17551,Grad_Norm_Post/Seg,0.11714686453342438
17601,Grad_Norm_Post/Seg,0.13933977484703064
17651,Grad_Norm_Post/Seg,0.12257637083530426
17701,Grad_Norm_Post/Seg,0.16787606477737427
17751,Grad_Norm_Post/Seg,0.14321616291999817
17801,Grad_Norm_Post/Seg,0.17990964651107788
17851,Grad_Norm_Post/Seg,0.12350881099700928
17901,Grad_Norm_Post/Seg,0.12294760346412659
0,Grad_Norm_Post/Stereo,9.999999046325684
50,Grad_Norm_Post/Stereo,10.0
100,Grad_Norm_Post/Stereo,9.999999046325684
150,Grad_Norm_Post/Stereo,10.0
200,Grad_Norm_Post/Stereo,8.641403198242188
250,Grad_Norm_Post/Stereo,10.0
300,Grad_Norm_Post/Stereo,9.1076021194458
350,Grad_Norm_Post/Stereo,9.867140769958496
400,Grad_Norm_Post/Stereo,7.577652454376221
450,Grad_Norm_Post/Stereo,5.848435878753662
500,Grad_Norm_Post/Stereo,5.51980447769165
550,Grad_Norm_Post/Stereo,10.0
600,Grad_Norm_Post/Stereo,9.03337287902832
650,Grad_Norm_Post/Stereo,6.2588629722595215
700,Grad_Norm_Post/Stereo,5.553172588348389
750,Grad_Norm_Post/Stereo,6.995538234710693
800,Grad_Norm_Post/Stereo,7.715336322784424
850,Grad_Norm_Post/Stereo,7.318240165710449
900,Grad_Norm_Post/Stereo,7.493732929229736
950,Grad_Norm_Post/Stereo,9.999999046325684
1000,Grad_Norm_Post/Stereo,9.949728012084961
1050,Grad_Norm_Post/Stereo,7.261444091796875
1100,Grad_Norm_Post/Stereo,5.6943583488464355
1150,Grad_Norm_Post/Stereo,10.000000953674316
1200,Grad_Norm_Post/Stereo,6.23044490814209
1250,Grad_Norm_Post/Stereo,9.999999046325684
1300,Grad_Norm_Post/Stereo,7.840049743652344
1350,Grad_Norm_Post/Stereo,9.999999046325684
1400,Grad_Norm_Post/Stereo,9.999999046325684
1450,Grad_Norm_Post/Stereo,7.8774027824401855
1500,Grad_Norm_Post/Stereo,9.999999046325684
1550,Grad_Norm_Post/Stereo,10.0
1600,Grad_Norm_Post/Stereo,9.999999046325684
1650,Grad_Norm_Post/Stereo,9.999999046325684
1700,Grad_Norm_Post/Stereo,8.560999870300293
1750,Grad_Norm_Post/Stereo,9.999999046325684
1800,Grad_Norm_Post/Stereo,9.999998092651367
1850,Grad_Norm_Post/Stereo,10.0
1900,Grad_Norm_Post/Stereo,7.4084858894348145
1950,Grad_Norm_Post/Stereo,9.999999046325684
2000,Grad_Norm_Post/Stereo,9.999998092651367
2050,Grad_Norm_Post/Stereo,9.999999046325684
2100,Grad_Norm_Post/Stereo,10.0
2150,Grad_Norm_Post/Stereo,9.999998092651367
2200,Grad_Norm_Post/Stereo,9.99999713897705
2250,Grad_Norm_Post/Stereo,10.0
2300,Grad_Norm_Post/Stereo,5.881139755249023
2350,Grad_Norm_Post/Stereo,9.999999046325684
2400,Grad_Norm_Post/Stereo,9.999998092651367
2443,Grad_Norm_Post/Stereo,10.0
2493,Grad_Norm_Post/Stereo,9.478747367858887
2543,Grad_Norm_Post/Stereo,9.999999046325684
2593,Grad_Norm_Post/Stereo,5.593214511871338
2643,Grad_Norm_Post/Stereo,9.999999046325684
2693,Grad_Norm_Post/Stereo,9.999999046325684
2743,Grad_Norm_Post/Stereo,9.787982940673828
2793,Grad_Norm_Post/Stereo,10.0
2843,Grad_Norm_Post/Stereo,9.999999046325684
2893,Grad_Norm_Post/Stereo,9.999999046325684
2943,Grad_Norm_Post/Stereo,9.511702537536621
2993,Grad_Norm_Post/Stereo,6.837864875793457
3043,Grad_Norm_Post/Stereo,3.875772476196289
3093,Grad_Norm_Post/Stereo,10.0
3143,Grad_Norm_Post/Stereo,6.704000473022461
3193,Grad_Norm_Post/Stereo,10.000001907348633
3243,Grad_Norm_Post/Stereo,10.0
3293,Grad_Norm_Post/Stereo,10.0
3343,Grad_Norm_Post/Stereo,10.0
3393,Grad_Norm_Post/Stereo,7.65592622756958
3443,Grad_Norm_Post/Stereo,10.0
3493,Grad_Norm_Post/Stereo,9.999998092651367
3543,Grad_Norm_Post/Stereo,9.999999046325684
3593,Grad_Norm_Post/Stereo,10.000000953674316
3643,Grad_Norm_Post/Stereo,10.000000953674316
3693,Grad_Norm_Post/Stereo,9.999999046325684
3743,Grad_Norm_Post/Stereo,5.752774715423584
3793,Grad_Norm_Post/Stereo,10.0
3843,Grad_Norm_Post/Stereo,10.0
3893,Grad_Norm_Post/Stereo,9.999999046325684
3943,Grad_Norm_Post/Stereo,9.999998092651367
3993,Grad_Norm_Post/Stereo,9.999998092651367
4043,Grad_Norm_Post/Stereo,10.0
4093,Grad_Norm_Post/Stereo,10.0
4143,Grad_Norm_Post/Stereo,10.0
4193,Grad_Norm_Post/Stereo,8.780278205871582
4243,Grad_Norm_Post/Stereo,10.000000953674316
4293,Grad_Norm_Post/Stereo,10.0
4343,Grad_Norm_Post/Stereo,9.999999046325684
4393,Grad_Norm_Post/Stereo,9.999999046325684
4443,Grad_Norm_Post/Stereo,9.999999046325684
4493,Grad_Norm_Post/Stereo,9.999998092651367
4543,Grad_Norm_Post/Stereo,9.999999046325684
4593,Grad_Norm_Post/Stereo,6.551614761352539
4643,Grad_Norm_Post/Stereo,10.0
4693,Grad_Norm_Post/Stereo,8.243515968322754
4743,Grad_Norm_Post/Stereo,9.999999046325684
4793,Grad_Norm_Post/Stereo,9.999999046325684
4843,Grad_Norm_Post/Stereo,10.0
4886,Grad_Norm_Post/Stereo,9.999999046325684
4936,Grad_Norm_Post/Stereo,5.10812520980835
4986,Grad_Norm_Post/Stereo,10.000000953674316
5036,Grad_Norm_Post/Stereo,9.999999046325684
5086,Grad_Norm_Post/Stereo,9.999999046325684
5136,Grad_Norm_Post/Stereo,9.015270233154297
5186,Grad_Norm_Post/Stereo,10.0
5236,Grad_Norm_Post/Stereo,8.470198631286621
5286,Grad_Norm_Post/Stereo,10.000000953674316
5336,Grad_Norm_Post/Stereo,8.481467247009277
5386,Grad_Norm_Post/Stereo,10.0
5436,Grad_Norm_Post/Stereo,9.999998092651367
5486,Grad_Norm_Post/Stereo,9.59260368347168
5536,Grad_Norm_Post/Stereo,9.999999046325684
5586,Grad_Norm_Post/Stereo,4.5412116050720215
5636,Grad_Norm_Post/Stereo,10.0
5686,Grad_Norm_Post/Stereo,9.999999046325684
5736,Grad_Norm_Post/Stereo,7.924921989440918
5786,Grad_Norm_Post/Stereo,8.256484985351562
5836,Grad_Norm_Post/Stereo,10.0
5886,Grad_Norm_Post/Stereo,10.000001907348633
5936,Grad_Norm_Post/Stereo,9.999998092651367
5986,Grad_Norm_Post/Stereo,8.867714881896973
6036,Grad_Norm_Post/Stereo,9.67885971069336
6086,Grad_Norm_Post/Stereo,5.109595775604248
6136,Grad_Norm_Post/Stereo,10.0
6186,Grad_Norm_Post/Stereo,5.585165977478027
6236,Grad_Norm_Post/Stereo,7.9752302169799805
6286,Grad_Norm_Post/Stereo,4.622431755065918
6336,Grad_Norm_Post/Stereo,10.000000953674316
6386,Grad_Norm_Post/Stereo,9.999999046325684
6436,Grad_Norm_Post/Stereo,10.0
6486,Grad_Norm_Post/Stereo,9.221220970153809
6536,Grad_Norm_Post/Stereo,5.061843395233154
6586,Grad_Norm_Post/Stereo,7.124491214752197
6636,Grad_Norm_Post/Stereo,10.0
6686,Grad_Norm_Post/Stereo,10.000000953674316
6736,Grad_Norm_Post/Stereo,9.128491401672363
6786,Grad_Norm_Post/Stereo,7.322033405303955
6836,Grad_Norm_Post/Stereo,9.999999046325684
6886,Grad_Norm_Post/Stereo,10.000001907348633
6936,Grad_Norm_Post/Stereo,9.999999046325684
6986,Grad_Norm_Post/Stereo,8.345576286315918
7036,Grad_Norm_Post/Stereo,9.999999046325684
7086,Grad_Norm_Post/Stereo,6.090614318847656
7136,Grad_Norm_Post/Stereo,9.999998092651367
7186,Grad_Norm_Post/Stereo,10.0
7236,Grad_Norm_Post/Stereo,8.430475234985352
7286,Grad_Norm_Post/Stereo,9.999999046325684
7329,Grad_Norm_Post/Stereo,10.0
7379,Grad_Norm_Post/Stereo,9.999999046325684
7429,Grad_Norm_Post/Stereo,10.000001907348633
7479,Grad_Norm_Post/Stereo,9.999999046325684
7529,Grad_Norm_Post/Stereo,10.0
7579,Grad_Norm_Post/Stereo,3.4850361347198486
7629,Grad_Norm_Post/Stereo,10.0
7679,Grad_Norm_Post/Stereo,6.400059223175049
7729,Grad_Norm_Post/Stereo,7.105082035064697
7779,Grad_Norm_Post/Stereo,10.0
7829,Grad_Norm_Post/Stereo,10.0
7879,Grad_Norm_Post/Stereo,9.999999046325684
7929,Grad_Norm_Post/Stereo,4.252525329589844
7979,Grad_Norm_Post/Stereo,10.0
8029,Grad_Norm_Post/Stereo,9.999999046325684
8079,Grad_Norm_Post/Stereo,10.0
8129,Grad_Norm_Post/Stereo,10.000000953674316
8179,Grad_Norm_Post/Stereo,10.0
8229,Grad_Norm_Post/Stereo,9.080857276916504
8279,Grad_Norm_Post/Stereo,10.0
8329,Grad_Norm_Post/Stereo,3.8204638957977295
8379,Grad_Norm_Post/Stereo,9.999998092651367
8429,Grad_Norm_Post/Stereo,9.660840034484863
8479,Grad_Norm_Post/Stereo,9.999998092651367
8529,Grad_Norm_Post/Stereo,3.1891825199127197
8579,Grad_Norm_Post/Stereo,9.999999046325684
8629,Grad_Norm_Post/Stereo,10.0
8679,Grad_Norm_Post/Stereo,6.875417709350586
8729,Grad_Norm_Post/Stereo,9.999999046325684
8779,Grad_Norm_Post/Stereo,6.660212516784668
8829,Grad_Norm_Post/Stereo,4.835427284240723
8879,Grad_Norm_Post/Stereo,4.404613018035889
8929,Grad_Norm_Post/Stereo,6.171921730041504
8979,Grad_Norm_Post/Stereo,9.999998092651367
9029,Grad_Norm_Post/Stereo,9.999999046325684
9079,Grad_Norm_Post/Stereo,9.999999046325684
9129,Grad_Norm_Post/Stereo,10.000000953674316
9179,Grad_Norm_Post/Stereo,10.0
9229,Grad_Norm_Post/Stereo,9.999999046325684
9279,Grad_Norm_Post/Stereo,9.999999046325684
9329,Grad_Norm_Post/Stereo,10.000000953674316
9379,Grad_Norm_Post/Stereo,10.000000953674316
9429,Grad_Norm_Post/Stereo,10.000000953674316
9479,Grad_Norm_Post/Stereo,4.249800205230713
9529,Grad_Norm_Post/Stereo,6.798985481262207
9579,Grad_Norm_Post/Stereo,9.999999046325684
9629,Grad_Norm_Post/Stereo,9.999999046325684
9679,Grad_Norm_Post/Stereo,10.0
9729,Grad_Norm_Post/Stereo,9.999999046325684
9772,Grad_Norm_Post/Stereo,9.055563926696777
9822,Grad_Norm_Post/Stereo,10.0
9872,Grad_Norm_Post/Stereo,9.999999046325684
9922,Grad_Norm_Post/Stereo,10.0
9972,Grad_Norm_Post/Stereo,9.999999046325684
10022,Grad_Norm_Post/Stereo,9.999999046325684
10072,Grad_Norm_Post/Stereo,8.509575843811035
10122,Grad_Norm_Post/Stereo,10.0
10172,Grad_Norm_Post/Stereo,9.999998092651367
10222,Grad_Norm_Post/Stereo,6.071800231933594
10272,Grad_Norm_Post/Stereo,9.763212203979492
10322,Grad_Norm_Post/Stereo,9.999999046325684
10372,Grad_Norm_Post/Stereo,5.426748752593994
10422,Grad_Norm_Post/Stereo,9.30930233001709
10472,Grad_Norm_Post/Stereo,9.772077560424805
10522,Grad_Norm_Post/Stereo,6.176442623138428
10572,Grad_Norm_Post/Stereo,10.0
10622,Grad_Norm_Post/Stereo,9.999999046325684
10672,Grad_Norm_Post/Stereo,10.000000953674316
10722,Grad_Norm_Post/Stereo,10.0
10772,Grad_Norm_Post/Stereo,9.99999713897705
10822,Grad_Norm_Post/Stereo,7.2939653396606445
10872,Grad_Norm_Post/Stereo,10.0
10922,Grad_Norm_Post/Stereo,8.618095397949219
10972,Grad_Norm_Post/Stereo,10.000000953674316
11022,Grad_Norm_Post/Stereo,5.614806652069092
11072,Grad_Norm_Post/Stereo,4.401795387268066
11122,Grad_Norm_Post/Stereo,8.70464038848877
11172,Grad_Norm_Post/Stereo,8.146265983581543
11222,Grad_Norm_Post/Stereo,9.999999046325684
11272,Grad_Norm_Post/Stereo,10.0
11322,Grad_Norm_Post/Stereo,7.18560791015625
11372,Grad_Norm_Post/Stereo,9.999999046325684
11422,Grad_Norm_Post/Stereo,10.0
11472,Grad_Norm_Post/Stereo,9.999999046325684
11522,Grad_Norm_Post/Stereo,9.999999046325684
11572,Grad_Norm_Post/Stereo,10.000000953674316
11622,Grad_Norm_Post/Stereo,5.451143264770508
11672,Grad_Norm_Post/Stereo,9.999999046325684
11722,Grad_Norm_Post/Stereo,9.999999046325684
11772,Grad_Norm_Post/Stereo,9.999999046325684
11822,Grad_Norm_Post/Stereo,5.1436920166015625
11872,Grad_Norm_Post/Stereo,9.999999046325684
11922,Grad_Norm_Post/Stereo,8.376811981201172
11972,Grad_Norm_Post/Stereo,6.457535266876221
12022,Grad_Norm_Post/Stereo,9.999999046325684
12072,Grad_Norm_Post/Stereo,9.47566032409668
12122,Grad_Norm_Post/Stereo,9.999999046325684
12172,Grad_Norm_Post/Stereo,8.018604278564453
12215,Grad_Norm_Post/Stereo,5.609773635864258
12265,Grad_Norm_Post/Stereo,10.0
12315,Grad_Norm_Post/Stereo,10.0
12365,Grad_Norm_Post/Stereo,4.129451274871826
12415,Grad_Norm_Post/Stereo,9.999999046325684
12465,Grad_Norm_Post/Stereo,9.999999046325684
12515,Grad_Norm_Post/Stereo,9.999999046325684
12565,Grad_Norm_Post/Stereo,10.0
12615,Grad_Norm_Post/Stereo,9.999999046325684
12665,Grad_Norm_Post/Stereo,9.999999046325684
12715,Grad_Norm_Post/Stereo,7.053022384643555
12765,Grad_Norm_Post/Stereo,9.999999046325684
12815,Grad_Norm_Post/Stereo,3.610567092895508
12865,Grad_Norm_Post/Stereo,9.999999046325684
12915,Grad_Norm_Post/Stereo,10.0
12965,Grad_Norm_Post/Stereo,10.0
13015,Grad_Norm_Post/Stereo,10.0
13065,Grad_Norm_Post/Stereo,10.000001907348633
13115,Grad_Norm_Post/Stereo,10.0
13165,Grad_Norm_Post/Stereo,10.0
13215,Grad_Norm_Post/Stereo,10.0
13265,Grad_Norm_Post/Stereo,8.069496154785156
13315,Grad_Norm_Post/Stereo,10.0
13365,Grad_Norm_Post/Stereo,4.062485218048096
13415,Grad_Norm_Post/Stereo,9.268245697021484
13465,Grad_Norm_Post/Stereo,5.695558547973633
13515,Grad_Norm_Post/Stereo,9.999999046325684
13565,Grad_Norm_Post/Stereo,9.999999046325684
13615,Grad_Norm_Post/Stereo,9.999999046325684
13665,Grad_Norm_Post/Stereo,10.0
13715,Grad_Norm_Post/Stereo,9.999999046325684
13765,Grad_Norm_Post/Stereo,9.999999046325684
13815,Grad_Norm_Post/Stereo,10.0
13865,Grad_Norm_Post/Stereo,8.263997077941895
13915,Grad_Norm_Post/Stereo,7.724217414855957
13965,Grad_Norm_Post/Stereo,4.36629056930542
14015,Grad_Norm_Post/Stereo,10.0
14065,Grad_Norm_Post/Stereo,10.0
14115,Grad_Norm_Post/Stereo,5.394149303436279
14165,Grad_Norm_Post/Stereo,9.999999046325684
14215,Grad_Norm_Post/Stereo,10.000000953674316
14265,Grad_Norm_Post/Stereo,9.999999046325684
14315,Grad_Norm_Post/Stereo,9.999998092651367
14365,Grad_Norm_Post/Stereo,9.02638053894043
14415,Grad_Norm_Post/Stereo,4.019491195678711
14465,Grad_Norm_Post/Stereo,5.146310806274414
14515,Grad_Norm_Post/Stereo,9.999999046325684
14565,Grad_Norm_Post/Stereo,9.72568416595459
14615,Grad_Norm_Post/Stereo,9.74332046508789
14658,Grad_Norm_Post/Stereo,5.183253765106201
14708,Grad_Norm_Post/Stereo,8.06660270690918
14758,Grad_Norm_Post/Stereo,9.999999046325684
14808,Grad_Norm_Post/Stereo,9.999998092651367
14858,Grad_Norm_Post/Stereo,9.999999046325684
14908,Grad_Norm_Post/Stereo,9.999999046325684
14958,Grad_Norm_Post/Stereo,9.999999046325684
15008,Grad_Norm_Post/Stereo,9.999999046325684
15058,Grad_Norm_Post/Stereo,9.999999046325684
15108,Grad_Norm_Post/Stereo,5.436938762664795
15158,Grad_Norm_Post/Stereo,10.000000953674316
15208,Grad_Norm_Post/Stereo,9.999998092651367
15258,Grad_Norm_Post/Stereo,9.999999046325684
15308,Grad_Norm_Post/Stereo,5.204952239990234
15358,Grad_Norm_Post/Stereo,9.999999046325684
15408,Grad_Norm_Post/Stereo,6.569103240966797
15458,Grad_Norm_Post/Stereo,10.0
15508,Grad_Norm_Post/Stereo,9.999999046325684
15558,Grad_Norm_Post/Stereo,9.999999046325684
15608,Grad_Norm_Post/Stereo,9.999999046325684
15658,Grad_Norm_Post/Stereo,4.676840305328369
15708,Grad_Norm_Post/Stereo,8.101607322692871
15758,Grad_Norm_Post/Stereo,9.999999046325684
15808,Grad_Norm_Post/Stereo,7.233609199523926
15858,Grad_Norm_Post/Stereo,8.280444145202637
15908,Grad_Norm_Post/Stereo,9.999999046325684
15958,Grad_Norm_Post/Stereo,9.999999046325684
16008,Grad_Norm_Post/Stereo,7.495526313781738
16058,Grad_Norm_Post/Stereo,10.0
16108,Grad_Norm_Post/Stereo,9.999999046325684
16158,Grad_Norm_Post/Stereo,10.0
16208,Grad_Norm_Post/Stereo,8.771047592163086
16258,Grad_Norm_Post/Stereo,10.0
16308,Grad_Norm_Post/Stereo,9.999999046325684
16358,Grad_Norm_Post/Stereo,9.999999046325684
16408,Grad_Norm_Post/Stereo,7.843873500823975
16458,Grad_Norm_Post/Stereo,9.999999046325684
16508,Grad_Norm_Post/Stereo,9.478302955627441
16558,Grad_Norm_Post/Stereo,9.153661727905273
16608,Grad_Norm_Post/Stereo,9.999999046325684
16658,Grad_Norm_Post/Stereo,9.999999046325684
16708,Grad_Norm_Post/Stereo,10.0
16758,Grad_Norm_Post/Stereo,9.999999046325684
16808,Grad_Norm_Post/Stereo,9.999999046325684
16858,Grad_Norm_Post/Stereo,7.081747055053711
16908,Grad_Norm_Post/Stereo,10.0
16958,Grad_Norm_Post/Stereo,9.999999046325684
17008,Grad_Norm_Post/Stereo,7.113978862762451
17058,Grad_Norm_Post/Stereo,9.999999046325684
17101,Grad_Norm_Post/Stereo,9.999999046325684
17151,Grad_Norm_Post/Stereo,6.83397102355957
17201,Grad_Norm_Post/Stereo,10.0
17251,Grad_Norm_Post/Stereo,8.29736042022705
17301,Grad_Norm_Post/Stereo,7.563271999359131
17351,Grad_Norm_Post/Stereo,10.0
17401,Grad_Norm_Post/Stereo,9.999999046325684
17451,Grad_Norm_Post/Stereo,9.999999046325684
17501,Grad_Norm_Post/Stereo,10.0
17551,Grad_Norm_Post/Stereo,2.880048990249634
17601,Grad_Norm_Post/Stereo,9.999998092651367
17651,Grad_Norm_Post/Stereo,10.0
17701,Grad_Norm_Post/Stereo,10.0
17751,Grad_Norm_Post/Stereo,10.000000953674316
17801,Grad_Norm_Post/Stereo,9.999999046325684
17851,Grad_Norm_Post/Stereo,9.999999046325684
17901,Grad_Norm_Post/Stereo,10.000000953674316
0,Grad_Norm_Post/Yolo,0.14337123930454254
50,Grad_Norm_Post/Yolo,0.20621205866336823
100,Grad_Norm_Post/Yolo,0.11190169304609299
150,Grad_Norm_Post/Yolo,0.14264020323753357
200,Grad_Norm_Post/Yolo,0.11578001827001572
250,Grad_Norm_Post/Yolo,0.10404294729232788
300,Grad_Norm_Post/Yolo,0.12370270490646362
350,Grad_Norm_Post/Yolo,0.15155752003192902
400,Grad_Norm_Post/Yolo,0.13290514051914215
450,Grad_Norm_Post/Yolo,0.1637386530637741
500,Grad_Norm_Post/Yolo,0.1398657113313675
550,Grad_Norm_Post/Yolo,0.15802587568759918
600,Grad_Norm_Post/Yolo,0.1708674132823944
650,Grad_Norm_Post/Yolo,0.13646461069583893
700,Grad_Norm_Post/Yolo,0.11147794872522354
750,Grad_Norm_Post/Yolo,0.11432677507400513
800,Grad_Norm_Post/Yolo,0.12802809476852417
850,Grad_Norm_Post/Yolo,0.10839905589818954
900,Grad_Norm_Post/Yolo,0.10743880271911621
950,Grad_Norm_Post/Yolo,0.12305574864149094
1000,Grad_Norm_Post/Yolo,0.15705373883247375
1050,Grad_Norm_Post/Yolo,0.20321331918239594
1100,Grad_Norm_Post/Yolo,0.14039568603038788
1150,Grad_Norm_Post/Yolo,0.21295912563800812
1200,Grad_Norm_Post/Yolo,0.16965162754058838
1250,Grad_Norm_Post/Yolo,0.12511494755744934
1300,Grad_Norm_Post/Yolo,0.22217026352882385
1350,Grad_Norm_Post/Yolo,0.12820129096508026
1400,Grad_Norm_Post/Yolo,0.13474899530410767
1450,Grad_Norm_Post/Yolo,0.1750948131084442
1500,Grad_Norm_Post/Yolo,0.14394448697566986
1550,Grad_Norm_Post/Yolo,0.16873101890087128
1600,Grad_Norm_Post/Yolo,0.10794982314109802
1650,Grad_Norm_Post/Yolo,0.11766032129526138
1700,Grad_Norm_Post/Yolo,0.13845400512218475
1750,Grad_Norm_Post/Yolo,0.12699751555919647
1800,Grad_Norm_Post/Yolo,0.1674858033657074
1850,Grad_Norm_Post/Yolo,0.14247094094753265
1900,Grad_Norm_Post/Yolo,0.10893119126558304
1950,Grad_Norm_Post/Yolo,0.14586421847343445
2000,Grad_Norm_Post/Yolo,0.1593969315290451
2050,Grad_Norm_Post/Yolo,0.09851037710905075
2100,Grad_Norm_Post/Yolo,0.2329212874174118
2150,Grad_Norm_Post/Yolo,0.12437275797128677
2200,Grad_Norm_Post/Yolo,0.12878122925758362
2250,Grad_Norm_Post/Yolo,0.18655771017074585
2300,Grad_Norm_Post/Yolo,0.11909624934196472
2350,Grad_Norm_Post/Yolo,0.1313416212797165
2400,Grad_Norm_Post/Yolo,0.1309630125761032
2443,Grad_Norm_Post/Yolo,0.15122751891613007
2493,Grad_Norm_Post/Yolo,0.14705152809619904
2543,Grad_Norm_Post/Yolo,0.1853226125240326
2593,Grad_Norm_Post/Yolo,0.14171333611011505
2643,Grad_Norm_Post/Yolo,0.12603190541267395
2693,Grad_Norm_Post/Yolo,0.1417701244354248
2743,Grad_Norm_Post/Yolo,0.10518258810043335
2793,Grad_Norm_Post/Yolo,0.2617631256580353
2843,Grad_Norm_Post/Yolo,0.12530283629894257
2893,Grad_Norm_Post/Yolo,0.15998299419879913
2943,Grad_Norm_Post/Yolo,0.1533585637807846
2993,Grad_Norm_Post/Yolo,0.12601622939109802
3043,Grad_Norm_Post/Yolo,0.12653695046901703
3093,Grad_Norm_Post/Yolo,0.11647485196590424
3143,Grad_Norm_Post/Yolo,0.14993856847286224
3193,Grad_Norm_Post/Yolo,0.11760473251342773
3243,Grad_Norm_Post/Yolo,0.1745818704366684
3293,Grad_Norm_Post/Yolo,0.11331211775541306
3343,Grad_Norm_Post/Yolo,0.11664628237485886
3393,Grad_Norm_Post/Yolo,0.10867118090391159
3443,Grad_Norm_Post/Yolo,0.11588765680789948
3493,Grad_Norm_Post/Yolo,0.16801297664642334
3543,Grad_Norm_Post/Yolo,0.1445215791463852
3593,Grad_Norm_Post/Yolo,0.11729131639003754
3643,Grad_Norm_Post/Yolo,0.14253734052181244
3693,Grad_Norm_Post/Yolo,0.1639106124639511
3743,Grad_Norm_Post/Yolo,0.13458193838596344
3793,Grad_Norm_Post/Yolo,0.11729767918586731
3843,Grad_Norm_Post/Yolo,0.17104651033878326
3893,Grad_Norm_Post/Yolo,0.10100354999303818
3943,Grad_Norm_Post/Yolo,0.13941079378128052
3993,Grad_Norm_Post/Yolo,0.13584141433238983
4043,Grad_Norm_Post/Yolo,0.13735471665859222
4093,Grad_Norm_Post/Yolo,0.11614475399255753
4143,Grad_Norm_Post/Yolo,0.12083159387111664
4193,Grad_Norm_Post/Yolo,0.16902124881744385
4243,Grad_Norm_Post/Yolo,0.13713663816452026
4293,Grad_Norm_Post/Yolo,0.1272864043712616
4343,Grad_Norm_Post/Yolo,0.11304666101932526
4393,Grad_Norm_Post/Yolo,0.1211872547864914
4443,Grad_Norm_Post/Yolo,0.10586681216955185
4493,Grad_Norm_Post/Yolo,0.1770951896905899
4543,Grad_Norm_Post/Yolo,0.1475023627281189
4593,Grad_Norm_Post/Yolo,0.1358296275138855
4643,Grad_Norm_Post/Yolo,0.14079038798809052
4693,Grad_Norm_Post/Yolo,0.1494884490966797
4743,Grad_Norm_Post/Yolo,0.10335969924926758
4793,Grad_Norm_Post/Yolo,0.1167711690068245
4843,Grad_Norm_Post/Yolo,0.13255469501018524
4886,Grad_Norm_Post/Yolo,0.1264120638370514
4936,Grad_Norm_Post/Yolo,0.12381654977798462
4986,Grad_Norm_Post/Yolo,0.12584516406059265
5036,Grad_Norm_Post/Yolo,0.16663989424705505
5086,Grad_Norm_Post/Yolo,0.12745152413845062
5136,Grad_Norm_Post/Yolo,0.15292689204216003
5186,Grad_Norm_Post/Yolo,0.13404768705368042
5236,Grad_Norm_Post/Yolo,0.13295260071754456
5286,Grad_Norm_Post/Yolo,0.11947430670261383
5336,Grad_Norm_Post/Yolo,0.11961983889341354
5386,Grad_Norm_Post/Yolo,0.12527784705162048
5436,Grad_Norm_Post/Yolo,0.11300885677337646
5486,Grad_Norm_Post/Yolo,0.12011724710464478
5536,Grad_Norm_Post/Yolo,0.14113840460777283
5586,Grad_Norm_Post/Yolo,0.16446274518966675
5636,Grad_Norm_Post/Yolo,0.12628358602523804
5686,Grad_Norm_Post/Yolo,0.18345226347446442
5736,Grad_Norm_Post/Yolo,0.13223226368427277
5786,Grad_Norm_Post/Yolo,0.1311396360397339
5836,Grad_Norm_Post/Yolo,0.11414874345064163
5886,Grad_Norm_Post/Yolo,0.13010776042938232
5936,Grad_Norm_Post/Yolo,0.1099589541554451
5986,Grad_Norm_Post/Yolo,0.13410979509353638
6036,Grad_Norm_Post/Yolo,0.12614643573760986
6086,Grad_Norm_Post/Yolo,0.12774769961833954
6136,Grad_Norm_Post/Yolo,0.13307297229766846
6186,Grad_Norm_Post/Yolo,0.1249546930193901
6236,Grad_Norm_Post/Yolo,0.19657300412654877
6286,Grad_Norm_Post/Yolo,0.16816246509552002
6336,Grad_Norm_Post/Yolo,0.11553488671779633
6386,Grad_Norm_Post/Yolo,0.13434995710849762
6436,Grad_Norm_Post/Yolo,0.10568712651729584
6486,Grad_Norm_Post/Yolo,0.12133221328258514
6536,Grad_Norm_Post/Yolo,0.15667717158794403
6586,Grad_Norm_Post/Yolo,0.1491435170173645
6636,Grad_Norm_Post/Yolo,0.12658819556236267
6686,Grad_Norm_Post/Yolo,0.11656928062438965
6736,Grad_Norm_Post/Yolo,0.15541213750839233
6786,Grad_Norm_Post/Yolo,0.19069673120975494
6836,Grad_Norm_Post/Yolo,0.11796688288450241
6886,Grad_Norm_Post/Yolo,0.13680657744407654
6936,Grad_Norm_Post/Yolo,0.15769170224666595
6986,Grad_Norm_Post/Yolo,0.14607751369476318
7036,Grad_Norm_Post/Yolo,0.17122457921504974
7086,Grad_Norm_Post/Yolo,0.13539794087409973
7136,Grad_Norm_Post/Yolo,0.13420283794403076
7186,Grad_Norm_Post/Yolo,0.10357264429330826
7236,Grad_Norm_Post/Yolo,0.15218569338321686
7286,Grad_Norm_Post/Yolo,0.17739444971084595
7329,Grad_Norm_Post/Yolo,0.11317305266857147
7379,Grad_Norm_Post/Yolo,0.17290091514587402
7429,Grad_Norm_Post/Yolo,0.1648559719324112
7479,Grad_Norm_Post/Yolo,0.10617250949144363
7529,Grad_Norm_Post/Yolo,0.14535044133663177
7579,Grad_Norm_Post/Yolo,0.14329515397548676
7629,Grad_Norm_Post/Yolo,0.131881445646286
7679,Grad_Norm_Post/Yolo,0.1443425416946411
7729,Grad_Norm_Post/Yolo,0.11604087054729462
7779,Grad_Norm_Post/Yolo,0.13381749391555786
7829,Grad_Norm_Post/Yolo,0.1217421218752861
7879,Grad_Norm_Post/Yolo,0.11163777112960815
7929,Grad_Norm_Post/Yolo,0.1059173122048378
7979,Grad_Norm_Post/Yolo,0.13481895625591278
8029,Grad_Norm_Post/Yolo,0.1659269779920578
8079,Grad_Norm_Post/Yolo,0.1259889155626297
8129,Grad_Norm_Post/Yolo,0.2295849621295929
8179,Grad_Norm_Post/Yolo,0.12169352918863297
8229,Grad_Norm_Post/Yolo,0.1314312219619751
8279,Grad_Norm_Post/Yolo,0.14954164624214172
8329,Grad_Norm_Post/Yolo,0.12121215462684631
8379,Grad_Norm_Post/Yolo,0.11373302340507507
8429,Grad_Norm_Post/Yolo,0.1341201812028885
8479,Grad_Norm_Post/Yolo,0.10812323540449142
8529,Grad_Norm_Post/Yolo,0.11784646660089493
8579,Grad_Norm_Post/Yolo,0.11254831403493881
8629,Grad_Norm_Post/Yolo,0.15015380084514618
8679,Grad_Norm_Post/Yolo,0.18767116963863373
8729,Grad_Norm_Post/Yolo,0.1476629227399826
8779,Grad_Norm_Post/Yolo,0.1205533817410469
8829,Grad_Norm_Post/Yolo,0.12316330522298813
8879,Grad_Norm_Post/Yolo,0.12543530762195587
8929,Grad_Norm_Post/Yolo,0.12820623815059662
8979,Grad_Norm_Post/Yolo,0.1700042337179184
9029,Grad_Norm_Post/Yolo,0.17655174434185028
9079,Grad_Norm_Post/Yolo,0.11318298429250717
9129,Grad_Norm_Post/Yolo,0.11188836395740509
9179,Grad_Norm_Post/Yolo,0.12525701522827148
9229,Grad_Norm_Post/Yolo,0.12343982607126236
9279,Grad_Norm_Post/Yolo,0.1252637356519699
9329,Grad_Norm_Post/Yolo,0.14011050760746002
9379,Grad_Norm_Post/Yolo,0.12884314358234406
9429,Grad_Norm_Post/Yolo,0.14174668490886688
9479,Grad_Norm_Post/Yolo,0.17156869173049927
9529,Grad_Norm_Post/Yolo,0.21957919001579285
9579,Grad_Norm_Post/Yolo,0.14916202425956726
9629,Grad_Norm_Post/Yolo,0.1045796349644661
9679,Grad_Norm_Post/Yolo,0.12905621528625488
9729,Grad_Norm_Post/Yolo,0.13689343631267548
9772,Grad_Norm_Post/Yolo,0.13050022721290588
9822,Grad_Norm_Post/Yolo,0.14379680156707764
9872,Grad_Norm_Post/Yolo,0.1349816918373108
9922,Grad_Norm_Post/Yolo,0.12614500522613525
9972,Grad_Norm_Post/Yolo,0.11721805483102798
10022,Grad_Norm_Post/Yolo,0.11978274583816528
10072,Grad_Norm_Post/Yolo,0.12643574178218842
10122,Grad_Norm_Post/Yolo,0.12668095529079437
10172,Grad_Norm_Post/Yolo,0.15625295042991638
10222,Grad_Norm_Post/Yolo,0.12743057310581207
10272,Grad_Norm_Post/Yolo,0.16923297941684723
10322,Grad_Norm_Post/Yolo,0.18438979983329773
10372,Grad_Norm_Post/Yolo,0.16644737124443054
10422,Grad_Norm_Post/Yolo,0.17096379399299622
10472,Grad_Norm_Post/Yolo,0.1453951597213745
10522,Grad_Norm_Post/Yolo,0.1270824819803238
10572,Grad_Norm_Post/Yolo,0.15843641757965088
10622,Grad_Norm_Post/Yolo,0.12225435674190521
10672,Grad_Norm_Post/Yolo,0.13342134654521942
10722,Grad_Norm_Post/Yolo,0.1928674578666687
10772,Grad_Norm_Post/Yolo,0.12892766296863556
10822,Grad_Norm_Post/Yolo,0.10832075029611588
10872,Grad_Norm_Post/Yolo,0.1456940621137619
10922,Grad_Norm_Post/Yolo,0.18699058890342712
10972,Grad_Norm_Post/Yolo,0.1197911873459816
11022,Grad_Norm_Post/Yolo,0.14292636513710022
11072,Grad_Norm_Post/Yolo,0.14563097059726715
11122,Grad_Norm_Post/Yolo,0.11357885599136353
11172,Grad_Norm_Post/Yolo,0.1298348754644394
11222,Grad_Norm_Post/Yolo,0.11446233838796616
11272,Grad_Norm_Post/Yolo,0.13014629483222961
11322,Grad_Norm_Post/Yolo,0.12261223047971725
11372,Grad_Norm_Post/Yolo,0.15615490078926086
11422,Grad_Norm_Post/Yolo,0.1258801519870758
11472,Grad_Norm_Post/Yolo,0.1240679919719696
11522,Grad_Norm_Post/Yolo,0.17104560136795044
11572,Grad_Norm_Post/Yolo,0.13546128571033478
11622,Grad_Norm_Post/Yolo,0.10545171797275543
11672,Grad_Norm_Post/Yolo,0.11678357422351837
11722,Grad_Norm_Post/Yolo,0.13523417711257935
11772,Grad_Norm_Post/Yolo,0.11231150478124619
11822,Grad_Norm_Post/Yolo,0.1191057562828064
11872,Grad_Norm_Post/Yolo,0.12274054437875748
11922,Grad_Norm_Post/Yolo,0.13589917123317719
11972,Grad_Norm_Post/Yolo,0.12107983976602554
12022,Grad_Norm_Post/Yolo,0.13219188153743744
12072,Grad_Norm_Post/Yolo,0.16082128882408142
12122,Grad_Norm_Post/Yolo,0.12367606908082962
12172,Grad_Norm_Post/Yolo,0.14208707213401794
12215,Grad_Norm_Post/Yolo,0.13634131848812103
12265,Grad_Norm_Post/Yolo,0.1588696837425232
12315,Grad_Norm_Post/Yolo,0.12609834969043732
12365,Grad_Norm_Post/Yolo,0.12902788817882538
12415,Grad_Norm_Post/Yolo,0.15838764607906342
12465,Grad_Norm_Post/Yolo,0.11652477085590363
12515,Grad_Norm_Post/Yolo,0.15932607650756836
12565,Grad_Norm_Post/Yolo,0.10257256031036377
12615,Grad_Norm_Post/Yolo,0.12592266499996185
12665,Grad_Norm_Post/Yolo,0.11803486943244934
12715,Grad_Norm_Post/Yolo,0.11496830731630325
12765,Grad_Norm_Post/Yolo,0.1685592234134674
12815,Grad_Norm_Post/Yolo,0.11915644258260727
12865,Grad_Norm_Post/Yolo,0.12602292001247406
12915,Grad_Norm_Post/Yolo,0.1311919391155243
12965,Grad_Norm_Post/Yolo,0.1697607934474945
13015,Grad_Norm_Post/Yolo,0.1653614193201065
13065,Grad_Norm_Post/Yolo,0.11474160104990005
13115,Grad_Norm_Post/Yolo,0.13871248066425323
13165,Grad_Norm_Post/Yolo,0.10730891674757004
13215,Grad_Norm_Post/Yolo,0.1715288758277893
13265,Grad_Norm_Post/Yolo,0.11416748911142349
13315,Grad_Norm_Post/Yolo,0.14955385029315948
13365,Grad_Norm_Post/Yolo,0.12718386948108673
13415,Grad_Norm_Post/Yolo,0.1497509628534317
13465,Grad_Norm_Post/Yolo,0.12378041446208954
13515,Grad_Norm_Post/Yolo,0.10749179124832153
13565,Grad_Norm_Post/Yolo,0.12978258728981018
13615,Grad_Norm_Post/Yolo,0.10321918874979019
13665,Grad_Norm_Post/Yolo,0.13717040419578552
13715,Grad_Norm_Post/Yolo,0.12444694340229034
13765,Grad_Norm_Post/Yolo,0.11163843423128128
13815,Grad_Norm_Post/Yolo,0.1369880735874176
13865,Grad_Norm_Post/Yolo,0.14771445095539093
13915,Grad_Norm_Post/Yolo,0.12355608493089676
13965,Grad_Norm_Post/Yolo,0.14858688414096832
14015,Grad_Norm_Post/Yolo,0.17884893715381622
14065,Grad_Norm_Post/Yolo,0.1434594690799713
14115,Grad_Norm_Post/Yolo,0.10929702967405319
14165,Grad_Norm_Post/Yolo,0.11100251972675323
14215,Grad_Norm_Post/Yolo,0.12644363939762115
14265,Grad_Norm_Post/Yolo,0.1545281857252121
14315,Grad_Norm_Post/Yolo,0.11403463780879974
14365,Grad_Norm_Post/Yolo,0.10630187392234802
14415,Grad_Norm_Post/Yolo,0.12079378217458725
14465,Grad_Norm_Post/Yolo,0.11389483511447906
14515,Grad_Norm_Post/Yolo,0.1097400113940239
14565,Grad_Norm_Post/Yolo,0.12342558056116104
14615,Grad_Norm_Post/Yolo,0.11523454636335373
14658,Grad_Norm_Post/Yolo,0.1382010281085968
14708,Grad_Norm_Post/Yolo,0.12087499350309372
14758,Grad_Norm_Post/Yolo,0.14905495941638947
14808,Grad_Norm_Post/Yolo,0.12246130406856537
14858,Grad_Norm_Post/Yolo,0.09891994297504425
14908,Grad_Norm_Post/Yolo,0.12028312683105469
14958,Grad_Norm_Post/Yolo,0.1399582326412201
15008,Grad_Norm_Post/Yolo,0.1408996284008026
15058,Grad_Norm_Post/Yolo,0.12225102633237839
15108,Grad_Norm_Post/Yolo,0.14786094427108765
15158,Grad_Norm_Post/Yolo,0.12202165275812149
15208,Grad_Norm_Post/Yolo,0.1366903930902481
15258,Grad_Norm_Post/Yolo,0.12238059192895889
15308,Grad_Norm_Post/Yolo,0.1319090574979782
15358,Grad_Norm_Post/Yolo,0.10392513126134872
15408,Grad_Norm_Post/Yolo,0.11653102189302444
15458,Grad_Norm_Post/Yolo,0.1609620302915573
15508,Grad_Norm_Post/Yolo,0.11286567896604538
15558,Grad_Norm_Post/Yolo,0.212494894862175
15608,Grad_Norm_Post/Yolo,0.1196146234869957
15658,Grad_Norm_Post/Yolo,0.11449622362852097
15708,Grad_Norm_Post/Yolo,0.15551677346229553
15758,Grad_Norm_Post/Yolo,0.11188482493162155
15808,Grad_Norm_Post/Yolo,0.13300228118896484
15858,Grad_Norm_Post/Yolo,0.1391410380601883
15908,Grad_Norm_Post/Yolo,0.1258879005908966
15958,Grad_Norm_Post/Yolo,0.11807820945978165
16008,Grad_Norm_Post/Yolo,0.14794068038463593
16058,Grad_Norm_Post/Yolo,0.1341519057750702
16108,Grad_Norm_Post/Yolo,0.17946241796016693
16158,Grad_Norm_Post/Yolo,0.1616336703300476
16208,Grad_Norm_Post/Yolo,0.09541743248701096
16258,Grad_Norm_Post/Yolo,0.11961010098457336
16308,Grad_Norm_Post/Yolo,0.13261456787586212
16358,Grad_Norm_Post/Yolo,0.1296825259923935
16408,Grad_Norm_Post/Yolo,0.12843938171863556
16458,Grad_Norm_Post/Yolo,0.15745824575424194
16508,Grad_Norm_Post/Yolo,0.1591927707195282
16558,Grad_Norm_Post/Yolo,0.1713889241218567
16608,Grad_Norm_Post/Yolo,0.146483913064003
16658,Grad_Norm_Post/Yolo,0.13329409062862396
16708,Grad_Norm_Post/Yolo,0.10741845518350601
16758,Grad_Norm_Post/Yolo,0.1407454013824463
16808,Grad_Norm_Post/Yolo,0.1186394914984703
16858,Grad_Norm_Post/Yolo,0.14142484962940216
16908,Grad_Norm_Post/Yolo,0.15740036964416504
16958,Grad_Norm_Post/Yolo,0.12139465659856796
17008,Grad_Norm_Post/Yolo,0.160816952586174
17058,Grad_Norm_Post/Yolo,0.12474389374256134
17101,Grad_Norm_Post/Yolo,0.10797753930091858
17151,Grad_Norm_Post/Yolo,0.11985698342323303
17201,Grad_Norm_Post/Yolo,0.11192002147436142
17251,Grad_Norm_Post/Yolo,0.19857250154018402
17301,Grad_Norm_Post/Yolo,0.15299588441848755
17351,Grad_Norm_Post/Yolo,0.12840256094932556
17401,Grad_Norm_Post/Yolo,0.1253928691148758
17451,Grad_Norm_Post/Yolo,0.13644452393054962
17501,Grad_Norm_Post/Yolo,0.12050393968820572
17551,Grad_Norm_Post/Yolo,0.18564347922801971
17601,Grad_Norm_Post/Yolo,0.140810027718544
17651,Grad_Norm_Post/Yolo,0.10604755580425262
17701,Grad_Norm_Post/Yolo,0.10913074016571045
17751,Grad_Norm_Post/Yolo,0.14270763099193573
17801,Grad_Norm_Post/Yolo,0.14325612783432007
17851,Grad_Norm_Post/Yolo,0.13773179054260254
17901,Grad_Norm_Post/Yolo,0.10390710830688477
0,Grad_Norm_Pre/Backbone,
50,Grad_Norm_Pre/Backbone,4.0769877433776855
100,Grad_Norm_Pre/Backbone,9.417813301086426
150,Grad_Norm_Pre/Backbone,3.2417209148406982
200,Grad_Norm_Pre/Backbone,3.7666938304901123
250,Grad_Norm_Pre/Backbone,5.178040504455566
300,Grad_Norm_Pre/Backbone,4.5193400382995605
350,Grad_Norm_Pre/Backbone,4.638646602630615
400,Grad_Norm_Pre/Backbone,4.3292460441589355
450,Grad_Norm_Pre/Backbone,1.423535704612732
500,Grad_Norm_Pre/Backbone,4.901937961578369
550,Grad_Norm_Pre/Backbone,5.333751201629639
600,Grad_Norm_Pre/Backbone,3.309998035430908
650,Grad_Norm_Pre/Backbone,3.2777652740478516
700,Grad_Norm_Pre/Backbone,3.2926244735717773
750,Grad_Norm_Pre/Backbone,5.6504411697387695
800,Grad_Norm_Pre/Backbone,2.090360641479492
850,Grad_Norm_Pre/Backbone,1.6008522510528564
900,Grad_Norm_Pre/Backbone,1.6481711864471436
950,Grad_Norm_Pre/Backbone,2.4469656944274902
1000,Grad_Norm_Pre/Backbone,6.120028495788574
1050,Grad_Norm_Pre/Backbone,3.766814947128296
1100,Grad_Norm_Pre/Backbone,4.932401657104492
1150,Grad_Norm_Pre/Backbone,3.3495354652404785
1200,Grad_Norm_Pre/Backbone,4.0656046867370605
1250,Grad_Norm_Pre/Backbone,0.9963082671165466
1300,Grad_Norm_Pre/Backbone,1.954943060874939
1350,Grad_Norm_Pre/Backbone,1.7053656578063965
1400,Grad_Norm_Pre/Backbone,3.707819938659668
1450,Grad_Norm_Pre/Backbone,2.4763238430023193
1500,Grad_Norm_Pre/Backbone,4.451117992401123
1550,Grad_Norm_Pre/Backbone,3.5431439876556396
1600,Grad_Norm_Pre/Backbone,3.832625389099121
1650,Grad_Norm_Pre/Backbone,7.186651229858398
1700,Grad_Norm_Pre/Backbone,1.5279098749160767
1750,Grad_Norm_Pre/Backbone,3.584064483642578
1800,Grad_Norm_Pre/Backbone,3.6718454360961914
1850,Grad_Norm_Pre/Backbone,2.0169007778167725
1900,Grad_Norm_Pre/Backbone,1.2316980361938477
1950,Grad_Norm_Pre/Backbone,4.6855244636535645
2000,Grad_Norm_Pre/Backbone,4.862762928009033
2050,Grad_Norm_Pre/Backbone,2.538861036300659
2100,Grad_Norm_Pre/Backbone,3.163160562515259
2150,Grad_Norm_Pre/Backbone,6.196410179138184
2200,Grad_Norm_Pre/Backbone,1.9849390983581543
2250,Grad_Norm_Pre/Backbone,3.8909144401550293
2300,Grad_Norm_Pre/Backbone,1.6723182201385498
2350,Grad_Norm_Pre/Backbone,4.366233825683594
2400,Grad_Norm_Pre/Backbone,2.335552215576172
2443,Grad_Norm_Pre/Backbone,5.035781383514404
2493,Grad_Norm_Pre/Backbone,3.5890486240386963
2543,Grad_Norm_Pre/Backbone,1.342471718788147
2593,Grad_Norm_Pre/Backbone,1.4594957828521729
2643,Grad_Norm_Pre/Backbone,5.931840896606445
2693,Grad_Norm_Pre/Backbone,2.8927268981933594
2743,Grad_Norm_Pre/Backbone,0.31548014283180237
2793,Grad_Norm_Pre/Backbone,2.6076457500457764
2843,Grad_Norm_Pre/Backbone,2.151419162750244
2893,Grad_Norm_Pre/Backbone,2.5031449794769287
2943,Grad_Norm_Pre/Backbone,1.6908807754516602
2993,Grad_Norm_Pre/Backbone,5.646030902862549
3043,Grad_Norm_Pre/Backbone,2.15483021736145
3093,Grad_Norm_Pre/Backbone,4.092808723449707
3143,Grad_Norm_Pre/Backbone,1.051234245300293
3193,Grad_Norm_Pre/Backbone,1.9286729097366333
3243,Grad_Norm_Pre/Backbone,2.9024360179901123
3293,Grad_Norm_Pre/Backbone,11.085878372192383
3343,Grad_Norm_Pre/Backbone,9.258995056152344
3393,Grad_Norm_Pre/Backbone,0.9992350339889526
3443,Grad_Norm_Pre/Backbone,3.2562484741210938
3493,Grad_Norm_Pre/Backbone,4.6044816970825195
3543,Grad_Norm_Pre/Backbone,6.561940670013428
3593,Grad_Norm_Pre/Backbone,16.478527069091797
3643,Grad_Norm_Pre/Backbone,5.17210054397583
3693,Grad_Norm_Pre/Backbone,2.684556245803833
3743,Grad_Norm_Pre/Backbone,1.2540112733840942
3793,Grad_Norm_Pre/Backbone,1.6421345472335815
3843,Grad_Norm_Pre/Backbone,4.666021823883057
3893,Grad_Norm_Pre/Backbone,1.8039199113845825
3943,Grad_Norm_Pre/Backbone,4.309375762939453
3993,Grad_Norm_Pre/Backbone,2.037165403366089
4043,Grad_Norm_Pre/Backbone,18.179033279418945
4093,Grad_Norm_Pre/Backbone,4.936863899230957
4143,Grad_Norm_Pre/Backbone,5.094857692718506
4193,Grad_Norm_Pre/Backbone,5.034482479095459
4243,Grad_Norm_Pre/Backbone,3.1395013332366943
4293,Grad_Norm_Pre/Backbone,15.346329689025879
4343,Grad_Norm_Pre/Backbone,3.3955821990966797
4393,Grad_Norm_Pre/Backbone,1.1720949411392212
4443,Grad_Norm_Pre/Backbone,1.5438591241836548
4493,Grad_Norm_Pre/Backbone,2.9158153533935547
4543,Grad_Norm_Pre/Backbone,0.8260191679000854
4593,Grad_Norm_Pre/Backbone,1.3256592750549316
4643,Grad_Norm_Pre/Backbone,3.6239686012268066
4693,Grad_Norm_Pre/Backbone,1.9046064615249634
4743,Grad_Norm_Pre/Backbone,1.760928988456726
4793,Grad_Norm_Pre/Backbone,3.605841875076294
4843,Grad_Norm_Pre/Backbone,8.755184173583984
4886,Grad_Norm_Pre/Backbone,1.5173120498657227
4936,Grad_Norm_Pre/Backbone,0.7587849497795105
4986,Grad_Norm_Pre/Backbone,11.496338844299316
5036,Grad_Norm_Pre/Backbone,2.254560708999634
5086,Grad_Norm_Pre/Backbone,2.15997576713562
5136,Grad_Norm_Pre/Backbone,2.1562440395355225
5186,Grad_Norm_Pre/Backbone,3.376216173171997
5236,Grad_Norm_Pre/Backbone,2.7184500694274902
5286,Grad_Norm_Pre/Backbone,3.3952438831329346
5336,Grad_Norm_Pre/Backbone,0.7467958927154541
5386,Grad_Norm_Pre/Backbone,4.205531597137451
5436,Grad_Norm_Pre/Backbone,2.976591110229492
5486,Grad_Norm_Pre/Backbone,2.086425542831421
5536,Grad_Norm_Pre/Backbone,2.7021541595458984
5586,Grad_Norm_Pre/Backbone,1.345410704612732
5636,Grad_Norm_Pre/Backbone,3.0506627559661865
5686,Grad_Norm_Pre/Backbone,1.9400529861450195
5736,Grad_Norm_Pre/Backbone,2.6999735832214355
5786,Grad_Norm_Pre/Backbone,2.1337037086486816
5836,Grad_Norm_Pre/Backbone,1.291683554649353
5886,Grad_Norm_Pre/Backbone,8.828618049621582
5936,Grad_Norm_Pre/Backbone,9.287578582763672
5986,Grad_Norm_Pre/Backbone,1.9475929737091064
6036,Grad_Norm_Pre/Backbone,1.4096473455429077
6086,Grad_Norm_Pre/Backbone,0.890568733215332
6136,Grad_Norm_Pre/Backbone,7.524917125701904
6186,Grad_Norm_Pre/Backbone,0.8850399255752563
6236,Grad_Norm_Pre/Backbone,1.3041119575500488
6286,Grad_Norm_Pre/Backbone,3.969249725341797
6336,Grad_Norm_Pre/Backbone,48.58412170410156
6386,Grad_Norm_Pre/Backbone,3.73858904838562
6436,Grad_Norm_Pre/Backbone,4.190077781677246
6486,Grad_Norm_Pre/Backbone,6.049358367919922
6536,Grad_Norm_Pre/Backbone,2.581403970718384
6586,Grad_Norm_Pre/Backbone,1.44944167137146
6636,Grad_Norm_Pre/Backbone,9.810680389404297
6686,Grad_Norm_Pre/Backbone,10.192721366882324
6736,Grad_Norm_Pre/Backbone,1.3018616437911987
6786,Grad_Norm_Pre/Backbone,1.5104022026062012
6836,Grad_Norm_Pre/Backbone,5.0748066902160645
6886,Grad_Norm_Pre/Backbone,2.780449151992798
6936,Grad_Norm_Pre/Backbone,20.12408447265625
6986,Grad_Norm_Pre/Backbone,1.7775486707687378
7036,Grad_Norm_Pre/Backbone,3.13102388381958
7086,Grad_Norm_Pre/Backbone,1.2811356782913208
7136,Grad_Norm_Pre/Backbone,0.658031165599823
7186,Grad_Norm_Pre/Backbone,3.731377601623535
7236,Grad_Norm_Pre/Backbone,2.073284864425659
7286,Grad_Norm_Pre/Backbone,9.231175422668457
7329,Grad_Norm_Pre/Backbone,2.873013734817505
7379,Grad_Norm_Pre/Backbone,8.95803165435791
7429,Grad_Norm_Pre/Backbone,1.6100438833236694
7479,Grad_Norm_Pre/Backbone,6.9265217781066895
7529,Grad_Norm_Pre/Backbone,18.13750648498535
7579,Grad_Norm_Pre/Backbone,1.1552661657333374
7629,Grad_Norm_Pre/Backbone,5.3723249435424805
7679,Grad_Norm_Pre/Backbone,12.296984672546387
7729,Grad_Norm_Pre/Backbone,5.1436052322387695
7779,Grad_Norm_Pre/Backbone,6.924502849578857
7829,Grad_Norm_Pre/Backbone,3.028536319732666
7879,Grad_Norm_Pre/Backbone,3.591507911682129
7929,Grad_Norm_Pre/Backbone,6.378150939941406
7979,Grad_Norm_Pre/Backbone,18.234935760498047
8029,Grad_Norm_Pre/Backbone,28.963268280029297
8079,Grad_Norm_Pre/Backbone,3.6563408374786377
8129,Grad_Norm_Pre/Backbone,28.366851806640625
8179,Grad_Norm_Pre/Backbone,2.4209582805633545
8229,Grad_Norm_Pre/Backbone,2.6232504844665527
8279,Grad_Norm_Pre/Backbone,1.2803932428359985
8329,Grad_Norm_Pre/Backbone,0.8684121370315552
8379,Grad_Norm_Pre/Backbone,2.4710521697998047
8429,Grad_Norm_Pre/Backbone,3.2672247886657715
8479,Grad_Norm_Pre/Backbone,3.6903936862945557
8529,Grad_Norm_Pre/Backbone,0.9169312119483948
8579,Grad_Norm_Pre/Backbone,9.26570987701416
8629,Grad_Norm_Pre/Backbone,3.109844207763672
8679,Grad_Norm_Pre/Backbone,3.7561497688293457
8729,Grad_Norm_Pre/Backbone,6.582493305206299
8779,Grad_Norm_Pre/Backbone,2.5114214420318604
8829,Grad_Norm_Pre/Backbone,2.0750997066497803
8879,Grad_Norm_Pre/Backbone,3.3349878787994385
8929,Grad_Norm_Pre/Backbone,1.2851016521453857
8979,Grad_Norm_Pre/Backbone,1.79395592212677
9029,Grad_Norm_Pre/Backbone,1.624819278717041
9079,Grad_Norm_Pre/Backbone,3.084343671798706
9129,Grad_Norm_Pre/Backbone,inf
9179,Grad_Norm_Pre/Backbone,2.847402572631836
9229,Grad_Norm_Pre/Backbone,2.7679340839385986
9279,Grad_Norm_Pre/Backbone,3.4239859580993652
9329,Grad_Norm_Pre/Backbone,30.486825942993164
9379,Grad_Norm_Pre/Backbone,5.070463180541992
9429,Grad_Norm_Pre/Backbone,1.445940375328064
9479,Grad_Norm_Pre/Backbone,4.4036455154418945
9529,Grad_Norm_Pre/Backbone,1.1272233724594116
9579,Grad_Norm_Pre/Backbone,3.4670491218566895
9629,Grad_Norm_Pre/Backbone,7.376786231994629
9679,Grad_Norm_Pre/Backbone,0.8182377815246582
9729,Grad_Norm_Pre/Backbone,1.6624650955200195
9772,Grad_Norm_Pre/Backbone,0.9474097490310669
9822,Grad_Norm_Pre/Backbone,5.395301818847656
9872,Grad_Norm_Pre/Backbone,0.8582302331924438
9922,Grad_Norm_Pre/Backbone,4.845706462860107
9972,Grad_Norm_Pre/Backbone,3.364807367324829
10022,Grad_Norm_Pre/Backbone,2.900745153427124
10072,Grad_Norm_Pre/Backbone,0.9448886513710022
10122,Grad_Norm_Pre/Backbone,3.257089853286743
10172,Grad_Norm_Pre/Backbone,1.9216336011886597
10222,Grad_Norm_Pre/Backbone,6.042207717895508
10272,Grad_Norm_Pre/Backbone,1.1974592208862305
10322,Grad_Norm_Pre/Backbone,1.5799336433410645
10372,Grad_Norm_Pre/Backbone,6.5592241287231445
10422,Grad_Norm_Pre/Backbone,5.780441761016846
10472,Grad_Norm_Pre/Backbone,2.0343878269195557
10522,Grad_Norm_Pre/Backbone,3.9086990356445312
10572,Grad_Norm_Pre/Backbone,1.440231442451477
10622,Grad_Norm_Pre/Backbone,4.616805076599121
10672,Grad_Norm_Pre/Backbone,8.90475082397461
10722,Grad_Norm_Pre/Backbone,2.7353503704071045
10772,Grad_Norm_Pre/Backbone,1.9016484022140503
10822,Grad_Norm_Pre/Backbone,2.934706211090088
10872,Grad_Norm_Pre/Backbone,3.646573305130005
10922,Grad_Norm_Pre/Backbone,0.7003884315490723
10972,Grad_Norm_Pre/Backbone,11.409757614135742
11022,Grad_Norm_Pre/Backbone,2.3333823680877686
11072,Grad_Norm_Pre/Backbone,1.2162327766418457
11122,Grad_Norm_Pre/Backbone,2.5852620601654053
11172,Grad_Norm_Pre/Backbone,3.781060218811035
11222,Grad_Norm_Pre/Backbone,6.194575786590576
11272,Grad_Norm_Pre/Backbone,6.4785003662109375
11322,Grad_Norm_Pre/Backbone,3.6491599082946777
11372,Grad_Norm_Pre/Backbone,6.07072114944458
11422,Grad_Norm_Pre/Backbone,1.5118328332901
11472,Grad_Norm_Pre/Backbone,2.2751476764678955
11522,Grad_Norm_Pre/Backbone,12.07611083984375
11572,Grad_Norm_Pre/Backbone,1.400368332862854
11622,Grad_Norm_Pre/Backbone,1.0332976579666138
11672,Grad_Norm_Pre/Backbone,5.105323791503906
11722,Grad_Norm_Pre/Backbone,2.1960487365722656
11772,Grad_Norm_Pre/Backbone,4.5645670890808105
11822,Grad_Norm_Pre/Backbone,0.8150495886802673
11872,Grad_Norm_Pre/Backbone,1.5321245193481445
11922,Grad_Norm_Pre/Backbone,1.6845760345458984
11972,Grad_Norm_Pre/Backbone,1.3235163688659668
12022,Grad_Norm_Pre/Backbone,8.424939155578613
12072,Grad_Norm_Pre/Backbone,2.783017873764038
12122,Grad_Norm_Pre/Backbone,4.541253566741943
12172,Grad_Norm_Pre/Backbone,2.694220542907715
12215,Grad_Norm_Pre/Backbone,2.0335755348205566
12265,Grad_Norm_Pre/Backbone,4.483039379119873
12315,Grad_Norm_Pre/Backbone,5.995257377624512
12365,Grad_Norm_Pre/Backbone,0.9824540019035339
12415,Grad_Norm_Pre/Backbone,23.85454559326172
12465,Grad_Norm_Pre/Backbone,8.255326271057129
12515,Grad_Norm_Pre/Backbone,5.6756768226623535
12565,Grad_Norm_Pre/Backbone,6.304237365722656
12615,Grad_Norm_Pre/Backbone,4.49077033996582
12665,Grad_Norm_Pre/Backbone,5.955894470214844
12715,Grad_Norm_Pre/Backbone,1.140451192855835
12765,Grad_Norm_Pre/Backbone,14.217802047729492
12815,Grad_Norm_Pre/Backbone,0.7424905300140381
12865,Grad_Norm_Pre/Backbone,2.94684100151062
12915,Grad_Norm_Pre/Backbone,2.7581303119659424
12965,Grad_Norm_Pre/Backbone,4.234581470489502
13015,Grad_Norm_Pre/Backbone,8.0679349899292
13065,Grad_Norm_Pre/Backbone,13.861095428466797
13115,Grad_Norm_Pre/Backbone,1.3965893983840942
13165,Grad_Norm_Pre/Backbone,2.529301881790161
13215,Grad_Norm_Pre/Backbone,3.928194999694824
13265,Grad_Norm_Pre/Backbone,2.4067366123199463
13315,Grad_Norm_Pre/Backbone,3.183501958847046
13365,Grad_Norm_Pre/Backbone,1.2492729425430298
13415,Grad_Norm_Pre/Backbone,0.9532404541969299
13465,Grad_Norm_Pre/Backbone,7.34729528427124
13515,Grad_Norm_Pre/Backbone,3.541599988937378
13565,Grad_Norm_Pre/Backbone,2.19301700592041
13615,Grad_Norm_Pre/Backbone,3.9083471298217773
13665,Grad_Norm_Pre/Backbone,1.4740585088729858
13715,Grad_Norm_Pre/Backbone,6.3632493019104
13765,Grad_Norm_Pre/Backbone,9.456340789794922
13815,Grad_Norm_Pre/Backbone,0.7668614387512207
13865,Grad_Norm_Pre/Backbone,1.2793328762054443
13915,Grad_Norm_Pre/Backbone,2.8596856594085693
13965,Grad_Norm_Pre/Backbone,1.0935099124908447
14015,Grad_Norm_Pre/Backbone,2.798743486404419
14065,Grad_Norm_Pre/Backbone,1.744653582572937
14115,Grad_Norm_Pre/Backbone,1.6201971769332886
14165,Grad_Norm_Pre/Backbone,2.459491491317749
14215,Grad_Norm_Pre/Backbone,5.5748162269592285
14265,Grad_Norm_Pre/Backbone,2.6687021255493164
14315,Grad_Norm_Pre/Backbone,3.203493595123291
14365,Grad_Norm_Pre/Backbone,3.943660259246826
14415,Grad_Norm_Pre/Backbone,0.9563896059989929
14465,Grad_Norm_Pre/Backbone,2.7110495567321777
14515,Grad_Norm_Pre/Backbone,14.971967697143555
14565,Grad_Norm_Pre/Backbone,4.622054576873779
14615,Grad_Norm_Pre/Backbone,6.668562889099121
14658,Grad_Norm_Pre/Backbone,3.556783676147461
14708,Grad_Norm_Pre/Backbone,3.6094114780426025
14758,Grad_Norm_Pre/Backbone,1.7984013557434082
14808,Grad_Norm_Pre/Backbone,2.9272851943969727
14858,Grad_Norm_Pre/Backbone,8.455696105957031
14908,Grad_Norm_Pre/Backbone,9.688079833984375
14958,Grad_Norm_Pre/Backbone,4.603872299194336
15008,Grad_Norm_Pre/Backbone,6.176578044891357
15058,Grad_Norm_Pre/Backbone,9.475665092468262
15108,Grad_Norm_Pre/Backbone,1.6272443532943726
15158,Grad_Norm_Pre/Backbone,44.9966926574707
15208,Grad_Norm_Pre/Backbone,4.999977111816406
15258,Grad_Norm_Pre/Backbone,3.5044796466827393
15308,Grad_Norm_Pre/Backbone,2.0840067863464355
15358,Grad_Norm_Pre/Backbone,1.98100745677948
15408,Grad_Norm_Pre/Backbone,1.1413096189498901
15458,Grad_Norm_Pre/Backbone,6.214531898498535
15508,Grad_Norm_Pre/Backbone,2.0031800270080566
15558,Grad_Norm_Pre/Backbone,2.5322070121765137
15608,Grad_Norm_Pre/Backbone,2.027301788330078
15658,Grad_Norm_Pre/Backbone,2.4676640033721924
15708,Grad_Norm_Pre/Backbone,2.424636125564575
15758,Grad_Norm_Pre/Backbone,3.4434847831726074
15808,Grad_Norm_Pre/Backbone,2.997664213180542
15858,Grad_Norm_Pre/Backbone,1.583948016166687
15908,Grad_Norm_Pre/Backbone,2.886033058166504
15958,Grad_Norm_Pre/Backbone,3.279006242752075
16008,Grad_Norm_Pre/Backbone,1.4542195796966553
16058,Grad_Norm_Pre/Backbone,8.488183975219727
16108,Grad_Norm_Pre/Backbone,5.194588661193848
16158,Grad_Norm_Pre/Backbone,3.9859821796417236
16208,Grad_Norm_Pre/Backbone,14.61760425567627
16258,Grad_Norm_Pre/Backbone,2.9035441875457764
16308,Grad_Norm_Pre/Backbone,2.557901620864868
16358,Grad_Norm_Pre/Backbone,8.738065719604492
16408,Grad_Norm_Pre/Backbone,3.8103578090667725
16458,Grad_Norm_Pre/Backbone,2.2582223415374756
16508,Grad_Norm_Pre/Backbone,3.613529682159424
16558,Grad_Norm_Pre/Backbone,2.337296724319458
16608,Grad_Norm_Pre/Backbone,4.299355983734131
16658,Grad_Norm_Pre/Backbone,4.553840160369873
16708,Grad_Norm_Pre/Backbone,3.0276927947998047
16758,Grad_Norm_Pre/Backbone,6.607914924621582
16808,Grad_Norm_Pre/Backbone,2.8494348526000977
16858,Grad_Norm_Pre/Backbone,2.755258083343506
16908,Grad_Norm_Pre/Backbone,2.1901538372039795
16958,Grad_Norm_Pre/Backbone,7.72303581237793
17008,Grad_Norm_Pre/Backbone,4.664800643920898
17058,Grad_Norm_Pre/Backbone,2.281264066696167
17101,Grad_Norm_Pre/Backbone,2.8992037773132324
17151,Grad_Norm_Pre/Backbone,1.9837034940719604
17201,Grad_Norm_Pre/Backbone,4.1080121994018555
17251,Grad_Norm_Pre/Backbone,3.4249396324157715
17301,Grad_Norm_Pre/Backbone,2.1246628761291504
17351,Grad_Norm_Pre/Backbone,1.6721452474594116
17401,Grad_Norm_Pre/Backbone,4.27076530456543
17451,Grad_Norm_Pre/Backbone,5.271629810333252
17501,Grad_Norm_Pre/Backbone,3.820962905883789
17551,Grad_Norm_Pre/Backbone,1.8430602550506592
17601,Grad_Norm_Pre/Backbone,4.048638820648193
17651,Grad_Norm_Pre/Backbone,2.799825429916382
17701,Grad_Norm_Pre/Backbone,6.022085189819336
17751,Grad_Norm_Pre/Backbone,37.67365264892578
17801,Grad_Norm_Pre/Backbone,3.7063639163970947
17851,Grad_Norm_Pre/Backbone,8.638660430908203
17901,Grad_Norm_Pre/Backbone,9.750454902648926
0,Grad_Norm_Pre/Seg,0.0
50,Grad_Norm_Pre/Seg,0.0
100,Grad_Norm_Pre/Seg,0.0
150,Grad_Norm_Pre/Seg,0.0
200,Grad_Norm_Pre/Seg,0.0
250,Grad_Norm_Pre/Seg,0.0
300,Grad_Norm_Pre/Seg,0.0
350,Grad_Norm_Pre/Seg,0.0
400,Grad_Norm_Pre/Seg,0.0
450,Grad_Norm_Pre/Seg,0.0
500,Grad_Norm_Pre/Seg,0.0
550,Grad_Norm_Pre/Seg,0.0
600,Grad_Norm_Pre/Seg,0.0
650,Grad_Norm_Pre/Seg,0.0
700,Grad_Norm_Pre/Seg,0.0
750,Grad_Norm_Pre/Seg,0.0
800,Grad_Norm_Pre/Seg,0.0
850,Grad_Norm_Pre/Seg,0.0
900,Grad_Norm_Pre/Seg,0.0
950,Grad_Norm_Pre/Seg,0.0
1000,Grad_Norm_Pre/Seg,0.0
1050,Grad_Norm_Pre/Seg,0.0
1100,Grad_Norm_Pre/Seg,0.0
1150,Grad_Norm_Pre/Seg,0.0
1200,Grad_Norm_Pre/Seg,0.0
1250,Grad_Norm_Pre/Seg,0.0
1300,Grad_Norm_Pre/Seg,0.0
1350,Grad_Norm_Pre/Seg,0.0
1400,Grad_Norm_Pre/Seg,0.0
1450,Grad_Norm_Pre/Seg,0.0
1500,Grad_Norm_Pre/Seg,0.0
1550,Grad_Norm_Pre/Seg,0.0
1600,Grad_Norm_Pre/Seg,0.0
1650,Grad_Norm_Pre/Seg,0.0
1700,Grad_Norm_Pre/Seg,0.0
1750,Grad_Norm_Pre/Seg,0.0
1800,Grad_Norm_Pre/Seg,0.0
1850,Grad_Norm_Pre/Seg,0.0
1900,Grad_Norm_Pre/Seg,0.0
1950,Grad_Norm_Pre/Seg,0.0
2000,Grad_Norm_Pre/Seg,0.0
2050,Grad_Norm_Pre/Seg,0.0
2100,Grad_Norm_Pre/Seg,0.0
2150,Grad_Norm_Pre/Seg,0.0
2200,Grad_Norm_Pre/Seg,0.0
2250,Grad_Norm_Pre/Seg,0.0
2300,Grad_Norm_Pre/Seg,0.0
2350,Grad_Norm_Pre/Seg,0.0
2400,Grad_Norm_Pre/Seg,0.0
2443,Grad_Norm_Pre/Seg,0.0
2493,Grad_Norm_Pre/Seg,0.0
2543,Grad_Norm_Pre/Seg,0.0
2593,Grad_Norm_Pre/Seg,0.0
2643,Grad_Norm_Pre/Seg,0.0
2693,Grad_Norm_Pre/Seg,0.0
2743,Grad_Norm_Pre/Seg,0.0
2793,Grad_Norm_Pre/Seg,0.0
2843,Grad_Norm_Pre/Seg,0.0
2893,Grad_Norm_Pre/Seg,0.0
2943,Grad_Norm_Pre/Seg,0.0
2993,Grad_Norm_Pre/Seg,0.0
3043,Grad_Norm_Pre/Seg,0.0
3093,Grad_Norm_Pre/Seg,0.0
3143,Grad_Norm_Pre/Seg,0.0
3193,Grad_Norm_Pre/Seg,0.0
3243,Grad_Norm_Pre/Seg,0.0
3293,Grad_Norm_Pre/Seg,0.0
3343,Grad_Norm_Pre/Seg,0.0
3393,Grad_Norm_Pre/Seg,0.0
3443,Grad_Norm_Pre/Seg,0.0
3493,Grad_Norm_Pre/Seg,0.0
3543,Grad_Norm_Pre/Seg,0.0
3593,Grad_Norm_Pre/Seg,0.0
3643,Grad_Norm_Pre/Seg,0.0
3693,Grad_Norm_Pre/Seg,0.0
3743,Grad_Norm_Pre/Seg,0.0
3793,Grad_Norm_Pre/Seg,0.0
3843,Grad_Norm_Pre/Seg,0.0
3893,Grad_Norm_Pre/Seg,0.0
3943,Grad_Norm_Pre/Seg,0.0
3993,Grad_Norm_Pre/Seg,0.0
4043,Grad_Norm_Pre/Seg,0.0
4093,Grad_Norm_Pre/Seg,0.0
4143,Grad_Norm_Pre/Seg,0.0
4193,Grad_Norm_Pre/Seg,0.0
4243,Grad_Norm_Pre/Seg,0.0
4293,Grad_Norm_Pre/Seg,0.0
4343,Grad_Norm_Pre/Seg,0.0
4393,Grad_Norm_Pre/Seg,0.0
4443,Grad_Norm_Pre/Seg,0.0
4493,Grad_Norm_Pre/Seg,0.0
4543,Grad_Norm_Pre/Seg,0.0
4593,Grad_Norm_Pre/Seg,0.0
4643,Grad_Norm_Pre/Seg,0.0
4693,Grad_Norm_Pre/Seg,0.0
4743,Grad_Norm_Pre/Seg,0.0
4793,Grad_Norm_Pre/Seg,0.0
4843,Grad_Norm_Pre/Seg,0.0
4886,Grad_Norm_Pre/Seg,0.0
4936,Grad_Norm_Pre/Seg,0.0
4986,Grad_Norm_Pre/Seg,0.0
5036,Grad_Norm_Pre/Seg,0.0
5086,Grad_Norm_Pre/Seg,0.0
5136,Grad_Norm_Pre/Seg,0.0
5186,Grad_Norm_Pre/Seg,0.0
5236,Grad_Norm_Pre/Seg,0.0
5286,Grad_Norm_Pre/Seg,0.0
5336,Grad_Norm_Pre/Seg,0.0
5386,Grad_Norm_Pre/Seg,0.0
5436,Grad_Norm_Pre/Seg,0.0
5486,Grad_Norm_Pre/Seg,0.0
5536,Grad_Norm_Pre/Seg,0.0
5586,Grad_Norm_Pre/Seg,0.0
5636,Grad_Norm_Pre/Seg,0.0
5686,Grad_Norm_Pre/Seg,0.0
5736,Grad_Norm_Pre/Seg,0.0
5786,Grad_Norm_Pre/Seg,0.0
5836,Grad_Norm_Pre/Seg,0.0
5886,Grad_Norm_Pre/Seg,0.0
5936,Grad_Norm_Pre/Seg,0.0
5986,Grad_Norm_Pre/Seg,0.0
6036,Grad_Norm_Pre/Seg,0.0
6086,Grad_Norm_Pre/Seg,0.0
6136,Grad_Norm_Pre/Seg,0.0
6186,Grad_Norm_Pre/Seg,0.0
6236,Grad_Norm_Pre/Seg,0.0
6286,Grad_Norm_Pre/Seg,0.0
6336,Grad_Norm_Pre/Seg,0.0
6386,Grad_Norm_Pre/Seg,0.0
6436,Grad_Norm_Pre/Seg,0.0
6486,Grad_Norm_Pre/Seg,0.0
6536,Grad_Norm_Pre/Seg,0.0
6586,Grad_Norm_Pre/Seg,0.0
6636,Grad_Norm_Pre/Seg,0.0
6686,Grad_Norm_Pre/Seg,0.0
6736,Grad_Norm_Pre/Seg,0.0
6786,Grad_Norm_Pre/Seg,0.0
6836,Grad_Norm_Pre/Seg,0.0
6886,Grad_Norm_Pre/Seg,0.0
6936,Grad_Norm_Pre/Seg,0.0
6986,Grad_Norm_Pre/Seg,0.0
7036,Grad_Norm_Pre/Seg,0.0
7086,Grad_Norm_Pre/Seg,0.0
7136,Grad_Norm_Pre/Seg,0.0
7186,Grad_Norm_Pre/Seg,0.0
7236,Grad_Norm_Pre/Seg,0.0
7286,Grad_Norm_Pre/Seg,0.0
7329,Grad_Norm_Pre/Seg,0.0
7379,Grad_Norm_Pre/Seg,0.0
7429,Grad_Norm_Pre/Seg,0.0
7479,Grad_Norm_Pre/Seg,0.0
7529,Grad_Norm_Pre/Seg,0.0
7579,Grad_Norm_Pre/Seg,0.0
7629,Grad_Norm_Pre/Seg,0.0
7679,Grad_Norm_Pre/Seg,0.0
7729,Grad_Norm_Pre/Seg,0.0
7779,Grad_Norm_Pre/Seg,0.0
7829,Grad_Norm_Pre/Seg,0.0
7879,Grad_Norm_Pre/Seg,0.0
7929,Grad_Norm_Pre/Seg,0.0
7979,Grad_Norm_Pre/Seg,0.0
8029,Grad_Norm_Pre/Seg,0.0
8079,Grad_Norm_Pre/Seg,0.0
8129,Grad_Norm_Pre/Seg,0.0
8179,Grad_Norm_Pre/Seg,0.0
8229,Grad_Norm_Pre/Seg,0.0
8279,Grad_Norm_Pre/Seg,0.0
8329,Grad_Norm_Pre/Seg,0.0
8379,Grad_Norm_Pre/Seg,0.0
8429,Grad_Norm_Pre/Seg,0.0
8479,Grad_Norm_Pre/Seg,0.0
8529,Grad_Norm_Pre/Seg,0.0
8579,Grad_Norm_Pre/Seg,0.0
8629,Grad_Norm_Pre/Seg,0.0
8679,Grad_Norm_Pre/Seg,0.0
8729,Grad_Norm_Pre/Seg,0.0
8779,Grad_Norm_Pre/Seg,0.0
8829,Grad_Norm_Pre/Seg,0.0
8879,Grad_Norm_Pre/Seg,0.0
8929,Grad_Norm_Pre/Seg,0.0
8979,Grad_Norm_Pre/Seg,0.0
9029,Grad_Norm_Pre/Seg,0.0
9079,Grad_Norm_Pre/Seg,0.0
9129,Grad_Norm_Pre/Seg,0.0
9179,Grad_Norm_Pre/Seg,0.0
9229,Grad_Norm_Pre/Seg,0.0
9279,Grad_Norm_Pre/Seg,0.0
9329,Grad_Norm_Pre/Seg,0.0
9379,Grad_Norm_Pre/Seg,0.0
9429,Grad_Norm_Pre/Seg,0.0
9479,Grad_Norm_Pre/Seg,0.0
9529,Grad_Norm_Pre/Seg,0.0
9579,Grad_Norm_Pre/Seg,0.0
9629,Grad_Norm_Pre/Seg,0.0
9679,Grad_Norm_Pre/Seg,0.0
9729,Grad_Norm_Pre/Seg,0.0
9772,Grad_Norm_Pre/Seg,0.0
9822,Grad_Norm_Pre/Seg,0.0
9872,Grad_Norm_Pre/Seg,0.0
9922,Grad_Norm_Pre/Seg,0.0
9972,Grad_Norm_Pre/Seg,0.0
10022,Grad_Norm_Pre/Seg,0.0
10072,Grad_Norm_Pre/Seg,0.0
10122,Grad_Norm_Pre/Seg,0.0
10172,Grad_Norm_Pre/Seg,0.0
10222,Grad_Norm_Pre/Seg,0.0
10272,Grad_Norm_Pre/Seg,0.0
10322,Grad_Norm_Pre/Seg,0.0
10372,Grad_Norm_Pre/Seg,0.0
10422,Grad_Norm_Pre/Seg,0.0
10472,Grad_Norm_Pre/Seg,0.0
10522,Grad_Norm_Pre/Seg,0.0
10572,Grad_Norm_Pre/Seg,0.0
10622,Grad_Norm_Pre/Seg,0.0
10672,Grad_Norm_Pre/Seg,0.0
10722,Grad_Norm_Pre/Seg,0.0
10772,Grad_Norm_Pre/Seg,0.0
10822,Grad_Norm_Pre/Seg,0.0
10872,Grad_Norm_Pre/Seg,0.0
10922,Grad_Norm_Pre/Seg,0.0
10972,Grad_Norm_Pre/Seg,0.0
11022,Grad_Norm_Pre/Seg,0.0
11072,Grad_Norm_Pre/Seg,0.0
11122,Grad_Norm_Pre/Seg,0.0
11172,Grad_Norm_Pre/Seg,0.0
11222,Grad_Norm_Pre/Seg,0.0
11272,Grad_Norm_Pre/Seg,0.0
11322,Grad_Norm_Pre/Seg,0.0
11372,Grad_Norm_Pre/Seg,0.0
11422,Grad_Norm_Pre/Seg,0.0
11472,Grad_Norm_Pre/Seg,0.0
11522,Grad_Norm_Pre/Seg,0.0
11572,Grad_Norm_Pre/Seg,0.0
11622,Grad_Norm_Pre/Seg,0.0
11672,Grad_Norm_Pre/Seg,0.0
11722,Grad_Norm_Pre/Seg,0.0
11772,Grad_Norm_Pre/Seg,0.0
11822,Grad_Norm_Pre/Seg,0.0
11872,Grad_Norm_Pre/Seg,0.0
11922,Grad_Norm_Pre/Seg,0.0
11972,Grad_Norm_Pre/Seg,0.0
12022,Grad_Norm_Pre/Seg,0.0
12072,Grad_Norm_Pre/Seg,0.0
12122,Grad_Norm_Pre/Seg,0.0
12172,Grad_Norm_Pre/Seg,0.0
12215,Grad_Norm_Pre/Seg,0.0
12265,Grad_Norm_Pre/Seg,0.0
12315,Grad_Norm_Pre/Seg,0.0
12365,Grad_Norm_Pre/Seg,0.0
12415,Grad_Norm_Pre/Seg,0.0
12465,Grad_Norm_Pre/Seg,0.0
12515,Grad_Norm_Pre/Seg,0.0
12565,Grad_Norm_Pre/Seg,0.0
12615,Grad_Norm_Pre/Seg,0.0
12665,Grad_Norm_Pre/Seg,0.0
12715,Grad_Norm_Pre/Seg,0.0
12765,Grad_Norm_Pre/Seg,0.0
12815,Grad_Norm_Pre/Seg,0.0
12865,Grad_Norm_Pre/Seg,0.0
12915,Grad_Norm_Pre/Seg,0.0
12965,Grad_Norm_Pre/Seg,0.0
13015,Grad_Norm_Pre/Seg,0.0
13065,Grad_Norm_Pre/Seg,0.0
13115,Grad_Norm_Pre/Seg,0.0
13165,Grad_Norm_Pre/Seg,0.0
13215,Grad_Norm_Pre/Seg,0.0
13265,Grad_Norm_Pre/Seg,0.0
13315,Grad_Norm_Pre/Seg,0.0
13365,Grad_Norm_Pre/Seg,0.0
13415,Grad_Norm_Pre/Seg,0.0
13465,Grad_Norm_Pre/Seg,0.0
13515,Grad_Norm_Pre/Seg,0.0
13565,Grad_Norm_Pre/Seg,0.0
13615,Grad_Norm_Pre/Seg,0.0
13665,Grad_Norm_Pre/Seg,0.0
13715,Grad_Norm_Pre/Seg,0.0
13765,Grad_Norm_Pre/Seg,0.0
13815,Grad_Norm_Pre/Seg,0.0
13865,Grad_Norm_Pre/Seg,0.0
13915,Grad_Norm_Pre/Seg,0.0
13965,Grad_Norm_Pre/Seg,0.0
14015,Grad_Norm_Pre/Seg,0.0
14065,Grad_Norm_Pre/Seg,0.0
14115,Grad_Norm_Pre/Seg,0.0
14165,Grad_Norm_Pre/Seg,0.0
14215,Grad_Norm_Pre/Seg,0.0
14265,Grad_Norm_Pre/Seg,0.0
14315,Grad_Norm_Pre/Seg,0.0
14365,Grad_Norm_Pre/Seg,0.0
14415,Grad_Norm_Pre/Seg,0.0
14465,Grad_Norm_Pre/Seg,0.0
14515,Grad_Norm_Pre/Seg,0.0
14565,Grad_Norm_Pre/Seg,0.0
14615,Grad_Norm_Pre/Seg,0.0
14658,Grad_Norm_Pre/Seg,0.43968451023101807
14708,Grad_Norm_Pre/Seg,0.16483578085899353
14758,Grad_Norm_Pre/Seg,0.1097550019621849
14808,Grad_Norm_Pre/Seg,0.16113410890102386
14858,Grad_Norm_Pre/Seg,0.21323071420192719
14908,Grad_Norm_Pre/Seg,0.11589404940605164
14958,Grad_Norm_Pre/Seg,0.09521880745887756
15008,Grad_Norm_Pre/Seg,0.10748008638620377
15058,Grad_Norm_Pre/Seg,0.15107764303684235
15108,Grad_Norm_Pre/Seg,0.17791518568992615
15158,Grad_Norm_Pre/Seg,0.12666991353034973
15208,Grad_Norm_Pre/Seg,0.12004774063825607
15258,Grad_Norm_Pre/Seg,0.1543036550283432
15308,Grad_Norm_Pre/Seg,0.09620154649019241
15358,Grad_Norm_Pre/Seg,0.20525884628295898
15408,Grad_Norm_Pre/Seg,0.10250642895698547
15458,Grad_Norm_Pre/Seg,0.15259301662445068
15508,Grad_Norm_Pre/Seg,0.13132977485656738
15558,Grad_Norm_Pre/Seg,0.11473766714334488
15608,Grad_Norm_Pre/Seg,0.1287204623222351
15658,Grad_Norm_Pre/Seg,0.09914537519216537
15708,Grad_Norm_Pre/Seg,0.15561823546886444
15758,Grad_Norm_Pre/Seg,0.11569264531135559
15808,Grad_Norm_Pre/Seg,0.1397782564163208
15858,Grad_Norm_Pre/Seg,0.16781297326087952
15908,Grad_Norm_Pre/Seg,0.0996602401137352
15958,Grad_Norm_Pre/Seg,0.1210848018527031
16008,Grad_Norm_Pre/Seg,0.09236741811037064
16058,Grad_Norm_Pre/Seg,0.15300214290618896
16108,Grad_Norm_Pre/Seg,0.1614764779806137
16158,Grad_Norm_Pre/Seg,0.13780178129673004
16208,Grad_Norm_Pre/Seg,0.16620205342769623
16258,Grad_Norm_Pre/Seg,0.13483215868473053
16308,Grad_Norm_Pre/Seg,0.18671377003192902
16358,Grad_Norm_Pre/Seg,0.11586393415927887
16408,Grad_Norm_Pre/Seg,0.13027255237102509
16458,Grad_Norm_Pre/Seg,0.09579112380743027
16508,Grad_Norm_Pre/Seg,0.11325356364250183
16558,Grad_Norm_Pre/Seg,0.13458211719989777
16608,Grad_Norm_Pre/Seg,0.09864874184131622
16658,Grad_Norm_Pre/Seg,0.10988962650299072
16708,Grad_Norm_Pre/Seg,0.11468296498060226
16758,Grad_Norm_Pre/Seg,0.136219322681427
16808,Grad_Norm_Pre/Seg,0.20229174196720123
16858,Grad_Norm_Pre/Seg,0.10073748230934143
16908,Grad_Norm_Pre/Seg,0.15735428035259247
16958,Grad_Norm_Pre/Seg,0.12646165490150452
17008,Grad_Norm_Pre/Seg,0.15143850445747375
17058,Grad_Norm_Pre/Seg,0.11604949831962585
17101,Grad_Norm_Pre/Seg,0.10894107073545456
17151,Grad_Norm_Pre/Seg,0.1167462021112442
17201,Grad_Norm_Pre/Seg,0.10227427631616592
17251,Grad_Norm_Pre/Seg,0.1347799152135849
17301,Grad_Norm_Pre/Seg,0.15930752456188202
17351,Grad_Norm_Pre/Seg,0.1548079550266266
17401,Grad_Norm_Pre/Seg,0.12868843972682953
17451,Grad_Norm_Pre/Seg,0.12517674267292023
17501,Grad_Norm_Pre/Seg,0.09276975691318512
17551,Grad_Norm_Pre/Seg,0.11714686453342438
17601,Grad_Norm_Pre/Seg,0.13933977484703064
17651,Grad_Norm_Pre/Seg,0.12257637083530426
17701,Grad_Norm_Pre/Seg,0.16787606477737427
17751,Grad_Norm_Pre/Seg,0.14321616291999817
17801,Grad_Norm_Pre/Seg,0.17990964651107788
17851,Grad_Norm_Pre/Seg,0.12350881099700928
17901,Grad_Norm_Pre/Seg,0.12294760346412659
0,Grad_Norm_Pre/Stereo,12.242045402526855
50,Grad_Norm_Pre/Stereo,11.991186141967773
100,Grad_Norm_Pre/Stereo,17.83732795715332
150,Grad_Norm_Pre/Stereo,12.326944351196289
200,Grad_Norm_Pre/Stereo,8.641403198242188
250,Grad_Norm_Pre/Stereo,12.38513469696045
300,Grad_Norm_Pre/Stereo,9.1076021194458
350,Grad_Norm_Pre/Stereo,9.867140769958496
400,Grad_Norm_Pre/Stereo,7.577652454376221
450,Grad_Norm_Pre/Stereo,5.848435878753662
500,Grad_Norm_Pre/Stereo,5.51980447769165
550,Grad_Norm_Pre/Stereo,13.141963005065918
600,Grad_Norm_Pre/Stereo,9.03337287902832
650,Grad_Norm_Pre/Stereo,6.2588629722595215
700,Grad_Norm_Pre/Stereo,5.553172588348389
750,Grad_Norm_Pre/Stereo,6.995538234710693
800,Grad_Norm_Pre/Stereo,7.715336322784424
850,Grad_Norm_Pre/Stereo,7.318240165710449
900,Grad_Norm_Pre/Stereo,7.493732929229736
950,Grad_Norm_Pre/Stereo,20.098594665527344
1000,Grad_Norm_Pre/Stereo,9.949728012084961
1050,Grad_Norm_Pre/Stereo,7.261444091796875
1100,Grad_Norm_Pre/Stereo,5.6943583488464355
1150,Grad_Norm_Pre/Stereo,32.31868362426758
1200,Grad_Norm_Pre/Stereo,6.23044490814209
1250,Grad_Norm_Pre/Stereo,12.699350357055664
1300,Grad_Norm_Pre/Stereo,7.840049743652344
1350,Grad_Norm_Pre/Stereo,14.410539627075195
1400,Grad_Norm_Pre/Stereo,14.534937858581543
1450,Grad_Norm_Pre/Stereo,7.8774027824401855
1500,Grad_Norm_Pre/Stereo,67.42086791992188
1550,Grad_Norm_Pre/Stereo,15.838000297546387
1600,Grad_Norm_Pre/Stereo,45.69607162475586
1650,Grad_Norm_Pre/Stereo,25.341466903686523
1700,Grad_Norm_Pre/Stereo,8.560999870300293
1750,Grad_Norm_Pre/Stereo,43.91395950317383
1800,Grad_Norm_Pre/Stereo,31.921194076538086
1850,Grad_Norm_Pre/Stereo,11.867939949035645
1900,Grad_Norm_Pre/Stereo,7.4084858894348145
1950,Grad_Norm_Pre/Stereo,12.09078598022461
2000,Grad_Norm_Pre/Stereo,20.283201217651367
2050,Grad_Norm_Pre/Stereo,17.144086837768555
2100,Grad_Norm_Pre/Stereo,40.85550308227539
2150,Grad_Norm_Pre/Stereo,25.30559539794922
2200,Grad_Norm_Pre/Stereo,22.77337074279785
2250,Grad_Norm_Pre/Stereo,39.096988677978516
2300,Grad_Norm_Pre/Stereo,5.881139755249023
2350,Grad_Norm_Pre/Stereo,10.320701599121094
2400,Grad_Norm_Pre/Stereo,18.68433380126953
2443,Grad_Norm_Pre/Stereo,39.6340217590332
2493,Grad_Norm_Pre/Stereo,9.478747367858887
2543,Grad_Norm_Pre/Stereo,19.00638198852539
2593,Grad_Norm_Pre/Stereo,5.593214511871338
2643,Grad_Norm_Pre/Stereo,18.680744171142578
2693,Grad_Norm_Pre/Stereo,16.95358657836914
2743,Grad_Norm_Pre/Stereo,9.787982940673828
2793,Grad_Norm_Pre/Stereo,36.796730041503906
2843,Grad_Norm_Pre/Stereo,22.049663543701172
2893,Grad_Norm_Pre/Stereo,22.52727508544922
2943,Grad_Norm_Pre/Stereo,9.511702537536621
2993,Grad_Norm_Pre/Stereo,6.837864875793457
3043,Grad_Norm_Pre/Stereo,3.875772476196289
3093,Grad_Norm_Pre/Stereo,26.470447540283203
3143,Grad_Norm_Pre/Stereo,6.704000473022461
3193,Grad_Norm_Pre/Stereo,54.13508605957031
3243,Grad_Norm_Pre/Stereo,26.174760818481445
3293,Grad_Norm_Pre/Stereo,39.797271728515625
3343,Grad_Norm_Pre/Stereo,35.76535415649414
3393,Grad_Norm_Pre/Stereo,7.65592622756958
3443,Grad_Norm_Pre/Stereo,10.605488777160645
3493,Grad_Norm_Pre/Stereo,19.366525650024414
3543,Grad_Norm_Pre/Stereo,11.904149055480957
3593,Grad_Norm_Pre/Stereo,44.4985466003418
3643,Grad_Norm_Pre/Stereo,56.79037857055664
3693,Grad_Norm_Pre/Stereo,14.280582427978516
3743,Grad_Norm_Pre/Stereo,5.752774715423584
3793,Grad_Norm_Pre/Stereo,26.453393936157227
3843,Grad_Norm_Pre/Stereo,49.6881103515625
3893,Grad_Norm_Pre/Stereo,24.86900520324707
3943,Grad_Norm_Pre/Stereo,12.490860939025879
3993,Grad_Norm_Pre/Stereo,10.594751358032227
4043,Grad_Norm_Pre/Stereo,48.01222229003906
4093,Grad_Norm_Pre/Stereo,31.9913330078125
4143,Grad_Norm_Pre/Stereo,49.431453704833984
4193,Grad_Norm_Pre/Stereo,8.780278205871582
4243,Grad_Norm_Pre/Stereo,26.006025314331055
4293,Grad_Norm_Pre/Stereo,77.10980224609375
4343,Grad_Norm_Pre/Stereo,15.05911636352539
4393,Grad_Norm_Pre/Stereo,17.77851104736328
4443,Grad_Norm_Pre/Stereo,14.008316040039062
4493,Grad_Norm_Pre/Stereo,21.662885665893555
4543,Grad_Norm_Pre/Stereo,29.367416381835938
4593,Grad_Norm_Pre/Stereo,6.551614761352539
4643,Grad_Norm_Pre/Stereo,15.077768325805664
4693,Grad_Norm_Pre/Stereo,8.243515968322754
4743,Grad_Norm_Pre/Stereo,19.714380264282227
4793,Grad_Norm_Pre/Stereo,15.130348205566406
4843,Grad_Norm_Pre/Stereo,91.06631469726562
4886,Grad_Norm_Pre/Stereo,15.782593727111816
4936,Grad_Norm_Pre/Stereo,5.10812520980835
4986,Grad_Norm_Pre/Stereo,35.40327072143555
5036,Grad_Norm_Pre/Stereo,27.95548439025879
5086,Grad_Norm_Pre/Stereo,12.79481315612793
5136,Grad_Norm_Pre/Stereo,9.015270233154297
5186,Grad_Norm_Pre/Stereo,29.83386993408203
5236,Grad_Norm_Pre/Stereo,8.470198631286621
5286,Grad_Norm_Pre/Stereo,55.80970764160156
5336,Grad_Norm_Pre/Stereo,8.481467247009277
5386,Grad_Norm_Pre/Stereo,35.91267776489258
5436,Grad_Norm_Pre/Stereo,15.988314628601074
5486,Grad_Norm_Pre/Stereo,9.59260368347168
5536,Grad_Norm_Pre/Stereo,26.676403045654297
5586,Grad_Norm_Pre/Stereo,4.5412116050720215
5636,Grad_Norm_Pre/Stereo,31.51233673095703
5686,Grad_Norm_Pre/Stereo,13.701634407043457
5736,Grad_Norm_Pre/Stereo,7.924921989440918
5786,Grad_Norm_Pre/Stereo,8.256484985351562
5836,Grad_Norm_Pre/Stereo,26.1861572265625
5886,Grad_Norm_Pre/Stereo,84.6986083984375
5936,Grad_Norm_Pre/Stereo,36.101871490478516
5986,Grad_Norm_Pre/Stereo,8.867714881896973
6036,Grad_Norm_Pre/Stereo,9.67885971069336
6086,Grad_Norm_Pre/Stereo,5.109595775604248
6136,Grad_Norm_Pre/Stereo,47.241661071777344
6186,Grad_Norm_Pre/Stereo,5.585165977478027
6236,Grad_Norm_Pre/Stereo,7.9752302169799805
6286,Grad_Norm_Pre/Stereo,4.622431755065918
6336,Grad_Norm_Pre/Stereo,59.58426284790039
6386,Grad_Norm_Pre/Stereo,24.505626678466797
6436,Grad_Norm_Pre/Stereo,10.045899391174316
6486,Grad_Norm_Pre/Stereo,9.221220970153809
6536,Grad_Norm_Pre/Stereo,5.061843395233154
6586,Grad_Norm_Pre/Stereo,7.124491214752197
6636,Grad_Norm_Pre/Stereo,15.679949760437012
6686,Grad_Norm_Pre/Stereo,17.401296615600586
6736,Grad_Norm_Pre/Stereo,9.128491401672363
6786,Grad_Norm_Pre/Stereo,7.322033405303955
6836,Grad_Norm_Pre/Stereo,11.521958351135254
6886,Grad_Norm_Pre/Stereo,34.936832427978516
6936,Grad_Norm_Pre/Stereo,63.23190689086914
6986,Grad_Norm_Pre/Stereo,8.345576286315918
7036,Grad_Norm_Pre/Stereo,10.337400436401367
7086,Grad_Norm_Pre/Stereo,6.090614318847656
7136,Grad_Norm_Pre/Stereo,17.577091217041016
7186,Grad_Norm_Pre/Stereo,14.337259292602539
7236,Grad_Norm_Pre/Stereo,8.430475234985352
7286,Grad_Norm_Pre/Stereo,42.13783264160156
7329,Grad_Norm_Pre/Stereo,59.84893798828125
7379,Grad_Norm_Pre/Stereo,45.10187530517578
7429,Grad_Norm_Pre/Stereo,37.99081802368164
7479,Grad_Norm_Pre/Stereo,20.78130531311035
7529,Grad_Norm_Pre/Stereo,43.9429931640625
7579,Grad_Norm_Pre/Stereo,3.4850361347198486
7629,Grad_Norm_Pre/Stereo,28.445552825927734
7679,Grad_Norm_Pre/Stereo,6.400059223175049
7729,Grad_Norm_Pre/Stereo,7.105082035064697
7779,Grad_Norm_Pre/Stereo,32.26544952392578
7829,Grad_Norm_Pre/Stereo,23.690887451171875
7879,Grad_Norm_Pre/Stereo,12.748855590820312
7929,Grad_Norm_Pre/Stereo,4.252525329589844
7979,Grad_Norm_Pre/Stereo,54.045806884765625
8029,Grad_Norm_Pre/Stereo,46.41978454589844
8079,Grad_Norm_Pre/Stereo,13.923656463623047
8129,Grad_Norm_Pre/Stereo,67.7029800415039
8179,Grad_Norm_Pre/Stereo,20.290517807006836
8229,Grad_Norm_Pre/Stereo,9.080857276916504
8279,Grad_Norm_Pre/Stereo,14.340518951416016
8329,Grad_Norm_Pre/Stereo,3.8204638957977295
8379,Grad_Norm_Pre/Stereo,23.37085723876953
8429,Grad_Norm_Pre/Stereo,9.660840034484863
8479,Grad_Norm_Pre/Stereo,14.27680778503418
8529,Grad_Norm_Pre/Stereo,3.1891825199127197
8579,Grad_Norm_Pre/Stereo,20.56267738342285
8629,Grad_Norm_Pre/Stereo,21.358402252197266
8679,Grad_Norm_Pre/Stereo,6.875417709350586
8729,Grad_Norm_Pre/Stereo,31.845441818237305
8779,Grad_Norm_Pre/Stereo,6.660212516784668
8829,Grad_Norm_Pre/Stereo,4.835427284240723
8879,Grad_Norm_Pre/Stereo,4.404613018035889
8929,Grad_Norm_Pre/Stereo,6.171921730041504
8979,Grad_Norm_Pre/Stereo,14.452911376953125
9029,Grad_Norm_Pre/Stereo,30.131534576416016
9079,Grad_Norm_Pre/Stereo,21.049102783203125
9129,Grad_Norm_Pre/Stereo,60.0162239074707
9179,Grad_Norm_Pre/Stereo,11.126880645751953
9229,Grad_Norm_Pre/Stereo,13.344014167785645
9279,Grad_Norm_Pre/Stereo,23.71771240234375
9329,Grad_Norm_Pre/Stereo,72.52784729003906
9379,Grad_Norm_Pre/Stereo,35.743778228759766
9429,Grad_Norm_Pre/Stereo,12.293435096740723
9479,Grad_Norm_Pre/Stereo,4.249800205230713
9529,Grad_Norm_Pre/Stereo,6.798985481262207
9579,Grad_Norm_Pre/Stereo,32.45433807373047
9629,Grad_Norm_Pre/Stereo,54.109703063964844
9679,Grad_Norm_Pre/Stereo,13.115440368652344
9729,Grad_Norm_Pre/Stereo,11.151335716247559
9772,Grad_Norm_Pre/Stereo,9.055563926696777
9822,Grad_Norm_Pre/Stereo,14.641148567199707
9872,Grad_Norm_Pre/Stereo,11.272139549255371
9922,Grad_Norm_Pre/Stereo,22.715654373168945
9972,Grad_Norm_Pre/Stereo,13.69801139831543
10022,Grad_Norm_Pre/Stereo,19.707569122314453
10072,Grad_Norm_Pre/Stereo,8.509575843811035
10122,Grad_Norm_Pre/Stereo,23.790035247802734
10172,Grad_Norm_Pre/Stereo,12.33702278137207
10222,Grad_Norm_Pre/Stereo,6.071800231933594
10272,Grad_Norm_Pre/Stereo,9.763212203979492
10322,Grad_Norm_Pre/Stereo,17.59833335876465
10372,Grad_Norm_Pre/Stereo,5.426748752593994
10422,Grad_Norm_Pre/Stereo,9.30930233001709
10472,Grad_Norm_Pre/Stereo,9.772077560424805
10522,Grad_Norm_Pre/Stereo,6.176442623138428
10572,Grad_Norm_Pre/Stereo,13.715920448303223
10622,Grad_Norm_Pre/Stereo,15.827632904052734
10672,Grad_Norm_Pre/Stereo,51.69894027709961
10722,Grad_Norm_Pre/Stereo,43.67705535888672
10772,Grad_Norm_Pre/Stereo,10.039597511291504
10822,Grad_Norm_Pre/Stereo,7.2939653396606445
10872,Grad_Norm_Pre/Stereo,10.143167495727539
10922,Grad_Norm_Pre/Stereo,8.618095397949219
10972,Grad_Norm_Pre/Stereo,22.091106414794922
11022,Grad_Norm_Pre/Stereo,5.614806652069092
11072,Grad_Norm_Pre/Stereo,4.401795387268066
11122,Grad_Norm_Pre/Stereo,8.70464038848877
11172,Grad_Norm_Pre/Stereo,8.146265983581543
11222,Grad_Norm_Pre/Stereo,10.71610164642334
11272,Grad_Norm_Pre/Stereo,34.640777587890625
11322,Grad_Norm_Pre/Stereo,7.18560791015625
11372,Grad_Norm_Pre/Stereo,28.503080368041992
11422,Grad_Norm_Pre/Stereo,20.603107452392578
11472,Grad_Norm_Pre/Stereo,16.893444061279297
11522,Grad_Norm_Pre/Stereo,32.25815200805664
11572,Grad_Norm_Pre/Stereo,34.0695915222168
11622,Grad_Norm_Pre/Stereo,5.451143264770508
11672,Grad_Norm_Pre/Stereo,26.62863540649414
11722,Grad_Norm_Pre/Stereo,18.87122917175293
11772,Grad_Norm_Pre/Stereo,23.92848014831543
11822,Grad_Norm_Pre/Stereo,5.1436920166015625
11872,Grad_Norm_Pre/Stereo,10.322874069213867
11922,Grad_Norm_Pre/Stereo,8.376811981201172
11972,Grad_Norm_Pre/Stereo,6.457535266876221
12022,Grad_Norm_Pre/Stereo,19.952302932739258
12072,Grad_Norm_Pre/Stereo,9.47566032409668
12122,Grad_Norm_Pre/Stereo,43.01597595214844
12172,Grad_Norm_Pre/Stereo,8.018604278564453
12215,Grad_Norm_Pre/Stereo,5.609773635864258
12265,Grad_Norm_Pre/Stereo,26.250625610351562
12315,Grad_Norm_Pre/Stereo,74.85785675048828
12365,Grad_Norm_Pre/Stereo,4.129451274871826
12415,Grad_Norm_Pre/Stereo,16.733766555786133
12465,Grad_Norm_Pre/Stereo,10.187623977661133
12515,Grad_Norm_Pre/Stereo,29.7727108001709
12565,Grad_Norm_Pre/Stereo,34.493534088134766
12615,Grad_Norm_Pre/Stereo,16.903093338012695
12665,Grad_Norm_Pre/Stereo,14.00291633605957
12715,Grad_Norm_Pre/Stereo,7.053022384643555
12765,Grad_Norm_Pre/Stereo,17.759471893310547
12815,Grad_Norm_Pre/Stereo,3.610567092895508
12865,Grad_Norm_Pre/Stereo,10.720703125
12915,Grad_Norm_Pre/Stereo,10.145317077636719
12965,Grad_Norm_Pre/Stereo,41.359859466552734
13015,Grad_Norm_Pre/Stereo,19.263710021972656
13065,Grad_Norm_Pre/Stereo,40.359256744384766
13115,Grad_Norm_Pre/Stereo,14.314390182495117
13165,Grad_Norm_Pre/Stereo,19.923730850219727
13215,Grad_Norm_Pre/Stereo,12.865732192993164
13265,Grad_Norm_Pre/Stereo,8.069496154785156
13315,Grad_Norm_Pre/Stereo,12.058074951171875
13365,Grad_Norm_Pre/Stereo,4.062485218048096
13415,Grad_Norm_Pre/Stereo,9.268245697021484
13465,Grad_Norm_Pre/Stereo,5.695558547973633
13515,Grad_Norm_Pre/Stereo,22.876861572265625
13565,Grad_Norm_Pre/Stereo,10.755196571350098
13615,Grad_Norm_Pre/Stereo,22.241270065307617
13665,Grad_Norm_Pre/Stereo,29.62521743774414
13715,Grad_Norm_Pre/Stereo,23.045318603515625
13765,Grad_Norm_Pre/Stereo,26.02720069885254
13815,Grad_Norm_Pre/Stereo,11.031018257141113
13865,Grad_Norm_Pre/Stereo,8.263997077941895
13915,Grad_Norm_Pre/Stereo,7.724217414855957
13965,Grad_Norm_Pre/Stereo,4.36629056930542
14015,Grad_Norm_Pre/Stereo,27.722856521606445
14065,Grad_Norm_Pre/Stereo,34.89186096191406
14115,Grad_Norm_Pre/Stereo,5.394149303436279
14165,Grad_Norm_Pre/Stereo,20.619922637939453
14215,Grad_Norm_Pre/Stereo,32.27568435668945
14265,Grad_Norm_Pre/Stereo,10.699618339538574
14315,Grad_Norm_Pre/Stereo,11.716911315917969
14365,Grad_Norm_Pre/Stereo,9.02638053894043
14415,Grad_Norm_Pre/Stereo,4.019491195678711
14465,Grad_Norm_Pre/Stereo,5.146310806274414
14515,Grad_Norm_Pre/Stereo,11.428135871887207
14565,Grad_Norm_Pre/Stereo,9.72568416595459
14615,Grad_Norm_Pre/Stereo,9.74332046508789
14658,Grad_Norm_Pre/Stereo,5.183253765106201
14708,Grad_Norm_Pre/Stereo,8.06660270690918
14758,Grad_Norm_Pre/Stereo,12.574284553527832
14808,Grad_Norm_Pre/Stereo,16.733980178833008
14858,Grad_Norm_Pre/Stereo,43.695316314697266
14908,Grad_Norm_Pre/Stereo,45.870452880859375
14958,Grad_Norm_Pre/Stereo,31.477035522460938
15008,Grad_Norm_Pre/Stereo,28.477670669555664
15058,Grad_Norm_Pre/Stereo,20.14231300354004
15108,Grad_Norm_Pre/Stereo,5.436938762664795
15158,Grad_Norm_Pre/Stereo,39.09590530395508
15208,Grad_Norm_Pre/Stereo,13.56955337524414
15258,Grad_Norm_Pre/Stereo,22.703067779541016
15308,Grad_Norm_Pre/Stereo,5.204952239990234
15358,Grad_Norm_Pre/Stereo,13.477665901184082
15408,Grad_Norm_Pre/Stereo,6.569103240966797
15458,Grad_Norm_Pre/Stereo,10.823066711425781
15508,Grad_Norm_Pre/Stereo,10.860607147216797
15558,Grad_Norm_Pre/Stereo,46.32608413696289
15608,Grad_Norm_Pre/Stereo,10.242024421691895
15658,Grad_Norm_Pre/Stereo,4.676840305328369
15708,Grad_Norm_Pre/Stereo,8.101607322692871
15758,Grad_Norm_Pre/Stereo,25.70418930053711
15808,Grad_Norm_Pre/Stereo,7.233609199523926
15858,Grad_Norm_Pre/Stereo,8.280444145202637
15908,Grad_Norm_Pre/Stereo,11.042522430419922
15958,Grad_Norm_Pre/Stereo,13.70885181427002
16008,Grad_Norm_Pre/Stereo,7.495526313781738
16058,Grad_Norm_Pre/Stereo,14.244791984558105
16108,Grad_Norm_Pre/Stereo,19.398508071899414
16158,Grad_Norm_Pre/Stereo,12.198747634887695
16208,Grad_Norm_Pre/Stereo,8.771047592163086
16258,Grad_Norm_Pre/Stereo,13.3931303024292
16308,Grad_Norm_Pre/Stereo,10.942461013793945
16358,Grad_Norm_Pre/Stereo,63.343265533447266
16408,Grad_Norm_Pre/Stereo,7.843873500823975
16458,Grad_Norm_Pre/Stereo,16.17719841003418
16508,Grad_Norm_Pre/Stereo,9.478302955627441
16558,Grad_Norm_Pre/Stereo,9.153661727905273
16608,Grad_Norm_Pre/Stereo,15.800947189331055
16658,Grad_Norm_Pre/Stereo,25.35517692565918
16708,Grad_Norm_Pre/Stereo,11.576282501220703
16758,Grad_Norm_Pre/Stereo,11.119086265563965
16808,Grad_Norm_Pre/Stereo,10.770668983459473
16858,Grad_Norm_Pre/Stereo,7.081747055053711
16908,Grad_Norm_Pre/Stereo,29.969070434570312
16958,Grad_Norm_Pre/Stereo,37.10615158081055
17008,Grad_Norm_Pre/Stereo,7.113978862762451
17058,Grad_Norm_Pre/Stereo,13.844217300415039
17101,Grad_Norm_Pre/Stereo,24.15218162536621
17151,Grad_Norm_Pre/Stereo,6.83397102355957
17201,Grad_Norm_Pre/Stereo,20.23354721069336
17251,Grad_Norm_Pre/Stereo,8.29736042022705
17301,Grad_Norm_Pre/Stereo,7.563271999359131
17351,Grad_Norm_Pre/Stereo,11.952486038208008
17401,Grad_Norm_Pre/Stereo,24.963762283325195
17451,Grad_Norm_Pre/Stereo,22.378875732421875
17501,Grad_Norm_Pre/Stereo,22.167545318603516
17551,Grad_Norm_Pre/Stereo,2.880048990249634
17601,Grad_Norm_Pre/Stereo,16.971240997314453
17651,Grad_Norm_Pre/Stereo,49.046180725097656
17701,Grad_Norm_Pre/Stereo,15.780669212341309
17751,Grad_Norm_Pre/Stereo,102.49958801269531
17801,Grad_Norm_Pre/Stereo,12.329697608947754
17851,Grad_Norm_Pre/Stereo,24.811336517333984
17901,Grad_Norm_Pre/Stereo,66.72566986083984
0,Grad_Norm_Pre/Yolo,0.14337123930454254
50,Grad_Norm_Pre/Yolo,0.20621205866336823
100,Grad_Norm_Pre/Yolo,0.11190169304609299
150,Grad_Norm_Pre/Yolo,0.14264020323753357
200,Grad_Norm_Pre/Yolo,0.11578001827001572
250,Grad_Norm_Pre/Yolo,0.10404294729232788
300,Grad_Norm_Pre/Yolo,0.12370270490646362
350,Grad_Norm_Pre/Yolo,0.15155752003192902
400,Grad_Norm_Pre/Yolo,0.13290514051914215
450,Grad_Norm_Pre/Yolo,0.1637386530637741
500,Grad_Norm_Pre/Yolo,0.1398657113313675
550,Grad_Norm_Pre/Yolo,0.15802587568759918
600,Grad_Norm_Pre/Yolo,0.1708674132823944
650,Grad_Norm_Pre/Yolo,0.13646461069583893
700,Grad_Norm_Pre/Yolo,0.11147794872522354
750,Grad_Norm_Pre/Yolo,0.11432677507400513
800,Grad_Norm_Pre/Yolo,0.12802809476852417
850,Grad_Norm_Pre/Yolo,0.10839905589818954
900,Grad_Norm_Pre/Yolo,0.10743880271911621
950,Grad_Norm_Pre/Yolo,0.12305574864149094
1000,Grad_Norm_Pre/Yolo,0.15705373883247375
1050,Grad_Norm_Pre/Yolo,0.20321331918239594
1100,Grad_Norm_Pre/Yolo,0.14039568603038788
1150,Grad_Norm_Pre/Yolo,0.21295912563800812
1200,Grad_Norm_Pre/Yolo,0.16965162754058838
1250,Grad_Norm_Pre/Yolo,0.12511494755744934
1300,Grad_Norm_Pre/Yolo,0.22217026352882385
1350,Grad_Norm_Pre/Yolo,0.12820129096508026
1400,Grad_Norm_Pre/Yolo,0.13474899530410767
1450,Grad_Norm_Pre/Yolo,0.1750948131084442
1500,Grad_Norm_Pre/Yolo,0.14394448697566986
1550,Grad_Norm_Pre/Yolo,0.16873101890087128
1600,Grad_Norm_Pre/Yolo,0.10794982314109802
1650,Grad_Norm_Pre/Yolo,0.11766032129526138
1700,Grad_Norm_Pre/Yolo,0.13845400512218475
1750,Grad_Norm_Pre/Yolo,0.12699751555919647
1800,Grad_Norm_Pre/Yolo,0.1674858033657074
1850,Grad_Norm_Pre/Yolo,0.14247094094753265
1900,Grad_Norm_Pre/Yolo,0.10893119126558304
1950,Grad_Norm_Pre/Yolo,0.14586421847343445
2000,Grad_Norm_Pre/Yolo,0.1593969315290451
2050,Grad_Norm_Pre/Yolo,0.09851037710905075
2100,Grad_Norm_Pre/Yolo,0.2329212874174118
2150,Grad_Norm_Pre/Yolo,0.12437275797128677
2200,Grad_Norm_Pre/Yolo,0.12878122925758362
2250,Grad_Norm_Pre/Yolo,0.18655771017074585
2300,Grad_Norm_Pre/Yolo,0.11909624934196472
2350,Grad_Norm_Pre/Yolo,0.1313416212797165
2400,Grad_Norm_Pre/Yolo,0.1309630125761032
2443,Grad_Norm_Pre/Yolo,0.15122751891613007
2493,Grad_Norm_Pre/Yolo,0.14705152809619904
2543,Grad_Norm_Pre/Yolo,0.1853226125240326
2593,Grad_Norm_Pre/Yolo,0.14171333611011505
2643,Grad_Norm_Pre/Yolo,0.12603190541267395
2693,Grad_Norm_Pre/Yolo,0.1417701244354248
2743,Grad_Norm_Pre/Yolo,0.10518258810043335
2793,Grad_Norm_Pre/Yolo,0.2617631256580353
2843,Grad_Norm_Pre/Yolo,0.12530283629894257
2893,Grad_Norm_Pre/Yolo,0.15998299419879913
2943,Grad_Norm_Pre/Yolo,0.1533585637807846
2993,Grad_Norm_Pre/Yolo,0.12601622939109802
3043,Grad_Norm_Pre/Yolo,0.12653695046901703
3093,Grad_Norm_Pre/Yolo,0.11647485196590424
3143,Grad_Norm_Pre/Yolo,0.14993856847286224
3193,Grad_Norm_Pre/Yolo,0.11760473251342773
3243,Grad_Norm_Pre/Yolo,0.1745818704366684
3293,Grad_Norm_Pre/Yolo,0.11331211775541306
3343,Grad_Norm_Pre/Yolo,0.11664628237485886
3393,Grad_Norm_Pre/Yolo,0.10867118090391159
3443,Grad_Norm_Pre/Yolo,0.11588765680789948
3493,Grad_Norm_Pre/Yolo,0.16801297664642334
3543,Grad_Norm_Pre/Yolo,0.1445215791463852
3593,Grad_Norm_Pre/Yolo,0.11729131639003754
3643,Grad_Norm_Pre/Yolo,0.14253734052181244
3693,Grad_Norm_Pre/Yolo,0.1639106124639511
3743,Grad_Norm_Pre/Yolo,0.13458193838596344
3793,Grad_Norm_Pre/Yolo,0.11729767918586731
3843,Grad_Norm_Pre/Yolo,0.17104651033878326
3893,Grad_Norm_Pre/Yolo,0.10100354999303818
3943,Grad_Norm_Pre/Yolo,0.13941079378128052
3993,Grad_Norm_Pre/Yolo,0.13584141433238983
4043,Grad_Norm_Pre/Yolo,0.13735471665859222
4093,Grad_Norm_Pre/Yolo,0.11614475399255753
4143,Grad_Norm_Pre/Yolo,0.12083159387111664
4193,Grad_Norm_Pre/Yolo,0.16902124881744385
4243,Grad_Norm_Pre/Yolo,0.13713663816452026
4293,Grad_Norm_Pre/Yolo,0.1272864043712616
4343,Grad_Norm_Pre/Yolo,0.11304666101932526
4393,Grad_Norm_Pre/Yolo,0.1211872547864914
4443,Grad_Norm_Pre/Yolo,0.10586681216955185
4493,Grad_Norm_Pre/Yolo,0.1770951896905899
4543,Grad_Norm_Pre/Yolo,0.1475023627281189
4593,Grad_Norm_Pre/Yolo,0.1358296275138855
4643,Grad_Norm_Pre/Yolo,0.14079038798809052
4693,Grad_Norm_Pre/Yolo,0.1494884490966797
4743,Grad_Norm_Pre/Yolo,0.10335969924926758
4793,Grad_Norm_Pre/Yolo,0.1167711690068245
4843,Grad_Norm_Pre/Yolo,0.13255469501018524
4886,Grad_Norm_Pre/Yolo,0.1264120638370514
4936,Grad_Norm_Pre/Yolo,0.12381654977798462
4986,Grad_Norm_Pre/Yolo,0.12584516406059265
5036,Grad_Norm_Pre/Yolo,0.16663989424705505
5086,Grad_Norm_Pre/Yolo,0.12745152413845062
5136,Grad_Norm_Pre/Yolo,0.15292689204216003
5186,Grad_Norm_Pre/Yolo,0.13404768705368042
5236,Grad_Norm_Pre/Yolo,0.13295260071754456
5286,Grad_Norm_Pre/Yolo,0.11947430670261383
5336,Grad_Norm_Pre/Yolo,0.11961983889341354
5386,Grad_Norm_Pre/Yolo,0.12527784705162048
5436,Grad_Norm_Pre/Yolo,0.11300885677337646
5486,Grad_Norm_Pre/Yolo,0.12011724710464478
5536,Grad_Norm_Pre/Yolo,0.14113840460777283
5586,Grad_Norm_Pre/Yolo,0.16446274518966675
5636,Grad_Norm_Pre/Yolo,0.12628358602523804
5686,Grad_Norm_Pre/Yolo,0.18345226347446442
5736,Grad_Norm_Pre/Yolo,0.13223226368427277
5786,Grad_Norm_Pre/Yolo,0.1311396360397339
5836,Grad_Norm_Pre/Yolo,0.11414874345064163
5886,Grad_Norm_Pre/Yolo,0.13010776042938232
5936,Grad_Norm_Pre/Yolo,0.1099589541554451
5986,Grad_Norm_Pre/Yolo,0.13410979509353638
6036,Grad_Norm_Pre/Yolo,0.12614643573760986
6086,Grad_Norm_Pre/Yolo,0.12774769961833954
6136,Grad_Norm_Pre/Yolo,0.13307297229766846
6186,Grad_Norm_Pre/Yolo,0.1249546930193901
6236,Grad_Norm_Pre/Yolo,0.19657300412654877
6286,Grad_Norm_Pre/Yolo,0.16816246509552002
6336,Grad_Norm_Pre/Yolo,0.11553488671779633
6386,Grad_Norm_Pre/Yolo,0.13434995710849762
6436,Grad_Norm_Pre/Yolo,0.10568712651729584
6486,Grad_Norm_Pre/Yolo,0.12133221328258514
6536,Grad_Norm_Pre/Yolo,0.15667717158794403
6586,Grad_Norm_Pre/Yolo,0.1491435170173645
6636,Grad_Norm_Pre/Yolo,0.12658819556236267
6686,Grad_Norm_Pre/Yolo,0.11656928062438965
6736,Grad_Norm_Pre/Yolo,0.15541213750839233
6786,Grad_Norm_Pre/Yolo,0.19069673120975494
6836,Grad_Norm_Pre/Yolo,0.11796688288450241
6886,Grad_Norm_Pre/Yolo,0.13680657744407654
6936,Grad_Norm_Pre/Yolo,0.15769170224666595
6986,Grad_Norm_Pre/Yolo,0.14607751369476318
7036,Grad_Norm_Pre/Yolo,0.17122457921504974
7086,Grad_Norm_Pre/Yolo,0.13539794087409973
7136,Grad_Norm_Pre/Yolo,0.13420283794403076
7186,Grad_Norm_Pre/Yolo,0.10357264429330826
7236,Grad_Norm_Pre/Yolo,0.15218569338321686
7286,Grad_Norm_Pre/Yolo,0.17739444971084595
7329,Grad_Norm_Pre/Yolo,0.11317305266857147
7379,Grad_Norm_Pre/Yolo,0.17290091514587402
7429,Grad_Norm_Pre/Yolo,0.1648559719324112
7479,Grad_Norm_Pre/Yolo,0.10617250949144363
7529,Grad_Norm_Pre/Yolo,0.14535044133663177
7579,Grad_Norm_Pre/Yolo,0.14329515397548676
7629,Grad_Norm_Pre/Yolo,0.131881445646286
7679,Grad_Norm_Pre/Yolo,0.1443425416946411
7729,Grad_Norm_Pre/Yolo,0.11604087054729462
7779,Grad_Norm_Pre/Yolo,0.13381749391555786
7829,Grad_Norm_Pre/Yolo,0.1217421218752861
7879,Grad_Norm_Pre/Yolo,0.11163777112960815
7929,Grad_Norm_Pre/Yolo,0.1059173122048378
7979,Grad_Norm_Pre/Yolo,0.13481895625591278
8029,Grad_Norm_Pre/Yolo,0.1659269779920578
8079,Grad_Norm_Pre/Yolo,0.1259889155626297
8129,Grad_Norm_Pre/Yolo,0.2295849621295929
8179,Grad_Norm_Pre/Yolo,0.12169352918863297
8229,Grad_Norm_Pre/Yolo,0.1314312219619751
8279,Grad_Norm_Pre/Yolo,0.14954164624214172
8329,Grad_Norm_Pre/Yolo,0.12121215462684631
8379,Grad_Norm_Pre/Yolo,0.11373302340507507
8429,Grad_Norm_Pre/Yolo,0.1341201812028885
8479,Grad_Norm_Pre/Yolo,0.10812323540449142
8529,Grad_Norm_Pre/Yolo,0.11784646660089493
8579,Grad_Norm_Pre/Yolo,0.11254831403493881
8629,Grad_Norm_Pre/Yolo,0.15015380084514618
8679,Grad_Norm_Pre/Yolo,0.18767116963863373
8729,Grad_Norm_Pre/Yolo,0.1476629227399826
8779,Grad_Norm_Pre/Yolo,0.1205533817410469
8829,Grad_Norm_Pre/Yolo,0.12316330522298813
8879,Grad_Norm_Pre/Yolo,0.12543530762195587
8929,Grad_Norm_Pre/Yolo,0.12820623815059662
8979,Grad_Norm_Pre/Yolo,0.1700042337179184
9029,Grad_Norm_Pre/Yolo,0.17655174434185028
9079,Grad_Norm_Pre/Yolo,0.11318298429250717
9129,Grad_Norm_Pre/Yolo,0.11188836395740509
9179,Grad_Norm_Pre/Yolo,0.12525701522827148
9229,Grad_Norm_Pre/Yolo,0.12343982607126236
9279,Grad_Norm_Pre/Yolo,0.1252637356519699
9329,Grad_Norm_Pre/Yolo,0.14011050760746002
9379,Grad_Norm_Pre/Yolo,0.12884314358234406
9429,Grad_Norm_Pre/Yolo,0.14174668490886688
9479,Grad_Norm_Pre/Yolo,0.17156869173049927
9529,Grad_Norm_Pre/Yolo,0.21957919001579285
9579,Grad_Norm_Pre/Yolo,0.14916202425956726
9629,Grad_Norm_Pre/Yolo,0.1045796349644661
9679,Grad_Norm_Pre/Yolo,0.12905621528625488
9729,Grad_Norm_Pre/Yolo,0.13689343631267548
9772,Grad_Norm_Pre/Yolo,0.13050022721290588
9822,Grad_Norm_Pre/Yolo,0.14379680156707764
9872,Grad_Norm_Pre/Yolo,0.1349816918373108
9922,Grad_Norm_Pre/Yolo,0.12614500522613525
9972,Grad_Norm_Pre/Yolo,0.11721805483102798
10022,Grad_Norm_Pre/Yolo,0.11978274583816528
10072,Grad_Norm_Pre/Yolo,0.12643574178218842
10122,Grad_Norm_Pre/Yolo,0.12668095529079437
10172,Grad_Norm_Pre/Yolo,0.15625295042991638
10222,Grad_Norm_Pre/Yolo,0.12743057310581207
10272,Grad_Norm_Pre/Yolo,0.16923297941684723
10322,Grad_Norm_Pre/Yolo,0.18438979983329773
10372,Grad_Norm_Pre/Yolo,0.16644737124443054
10422,Grad_Norm_Pre/Yolo,0.17096379399299622
10472,Grad_Norm_Pre/Yolo,0.1453951597213745
10522,Grad_Norm_Pre/Yolo,0.1270824819803238
10572,Grad_Norm_Pre/Yolo,0.15843641757965088
10622,Grad_Norm_Pre/Yolo,0.12225435674190521
10672,Grad_Norm_Pre/Yolo,0.13342134654521942
10722,Grad_Norm_Pre/Yolo,0.1928674578666687
10772,Grad_Norm_Pre/Yolo,0.12892766296863556
10822,Grad_Norm_Pre/Yolo,0.10832075029611588
10872,Grad_Norm_Pre/Yolo,0.1456940621137619
10922,Grad_Norm_Pre/Yolo,0.18699058890342712
10972,Grad_Norm_Pre/Yolo,0.1197911873459816
11022,Grad_Norm_Pre/Yolo,0.14292636513710022
11072,Grad_Norm_Pre/Yolo,0.14563097059726715
11122,Grad_Norm_Pre/Yolo,0.11357885599136353
11172,Grad_Norm_Pre/Yolo,0.1298348754644394
11222,Grad_Norm_Pre/Yolo,0.11446233838796616
11272,Grad_Norm_Pre/Yolo,0.13014629483222961
11322,Grad_Norm_Pre/Yolo,0.12261223047971725
11372,Grad_Norm_Pre/Yolo,0.15615490078926086
11422,Grad_Norm_Pre/Yolo,0.1258801519870758
11472,Grad_Norm_Pre/Yolo,0.1240679919719696
11522,Grad_Norm_Pre/Yolo,0.17104560136795044
11572,Grad_Norm_Pre/Yolo,0.13546128571033478
11622,Grad_Norm_Pre/Yolo,0.10545171797275543
11672,Grad_Norm_Pre/Yolo,0.11678357422351837
11722,Grad_Norm_Pre/Yolo,0.13523417711257935
11772,Grad_Norm_Pre/Yolo,0.11231150478124619
11822,Grad_Norm_Pre/Yolo,0.1191057562828064
11872,Grad_Norm_Pre/Yolo,0.12274054437875748
11922,Grad_Norm_Pre/Yolo,0.13589917123317719
11972,Grad_Norm_Pre/Yolo,0.12107983976602554
12022,Grad_Norm_Pre/Yolo,0.13219188153743744
12072,Grad_Norm_Pre/Yolo,0.16082128882408142
12122,Grad_Norm_Pre/Yolo,0.12367606908082962
12172,Grad_Norm_Pre/Yolo,0.14208707213401794
12215,Grad_Norm_Pre/Yolo,0.13634131848812103
12265,Grad_Norm_Pre/Yolo,0.1588696837425232
12315,Grad_Norm_Pre/Yolo,0.12609834969043732
12365,Grad_Norm_Pre/Yolo,0.12902788817882538
12415,Grad_Norm_Pre/Yolo,0.15838764607906342
12465,Grad_Norm_Pre/Yolo,0.11652477085590363
12515,Grad_Norm_Pre/Yolo,0.15932607650756836
12565,Grad_Norm_Pre/Yolo,0.10257256031036377
12615,Grad_Norm_Pre/Yolo,0.12592266499996185
12665,Grad_Norm_Pre/Yolo,0.11803486943244934
12715,Grad_Norm_Pre/Yolo,0.11496830731630325
12765,Grad_Norm_Pre/Yolo,0.1685592234134674
12815,Grad_Norm_Pre/Yolo,0.11915644258260727
12865,Grad_Norm_Pre/Yolo,0.12602292001247406
12915,Grad_Norm_Pre/Yolo,0.1311919391155243
12965,Grad_Norm_Pre/Yolo,0.1697607934474945
13015,Grad_Norm_Pre/Yolo,0.1653614193201065
13065,Grad_Norm_Pre/Yolo,0.11474160104990005
13115,Grad_Norm_Pre/Yolo,0.13871248066425323
13165,Grad_Norm_Pre/Yolo,0.10730891674757004
13215,Grad_Norm_Pre/Yolo,0.1715288758277893
13265,Grad_Norm_Pre/Yolo,0.11416748911142349
13315,Grad_Norm_Pre/Yolo,0.14955385029315948
13365,Grad_Norm_Pre/Yolo,0.12718386948108673
13415,Grad_Norm_Pre/Yolo,0.1497509628534317
13465,Grad_Norm_Pre/Yolo,0.12378041446208954
13515,Grad_Norm_Pre/Yolo,0.10749179124832153
13565,Grad_Norm_Pre/Yolo,0.12978258728981018
13615,Grad_Norm_Pre/Yolo,0.10321918874979019
13665,Grad_Norm_Pre/Yolo,0.13717040419578552
13715,Grad_Norm_Pre/Yolo,0.12444694340229034
13765,Grad_Norm_Pre/Yolo,0.11163843423128128
13815,Grad_Norm_Pre/Yolo,0.1369880735874176
13865,Grad_Norm_Pre/Yolo,0.14771445095539093
13915,Grad_Norm_Pre/Yolo,0.12355608493089676
13965,Grad_Norm_Pre/Yolo,0.14858688414096832
14015,Grad_Norm_Pre/Yolo,0.17884893715381622
14065,Grad_Norm_Pre/Yolo,0.1434594690799713
14115,Grad_Norm_Pre/Yolo,0.10929702967405319
14165,Grad_Norm_Pre/Yolo,0.11100251972675323
14215,Grad_Norm_Pre/Yolo,0.12644363939762115
14265,Grad_Norm_Pre/Yolo,0.1545281857252121
14315,Grad_Norm_Pre/Yolo,0.11403463780879974
14365,Grad_Norm_Pre/Yolo,0.10630187392234802
14415,Grad_Norm_Pre/Yolo,0.12079378217458725
14465,Grad_Norm_Pre/Yolo,0.11389483511447906
14515,Grad_Norm_Pre/Yolo,0.1097400113940239
14565,Grad_Norm_Pre/Yolo,0.12342558056116104
14615,Grad_Norm_Pre/Yolo,0.11523454636335373
14658,Grad_Norm_Pre/Yolo,0.1382010281085968
14708,Grad_Norm_Pre/Yolo,0.12087499350309372
14758,Grad_Norm_Pre/Yolo,0.14905495941638947
14808,Grad_Norm_Pre/Yolo,0.12246130406856537
14858,Grad_Norm_Pre/Yolo,0.09891994297504425
14908,Grad_Norm_Pre/Yolo,0.12028312683105469
14958,Grad_Norm_Pre/Yolo,0.1399582326412201
15008,Grad_Norm_Pre/Yolo,0.1408996284008026
15058,Grad_Norm_Pre/Yolo,0.12225102633237839
15108,Grad_Norm_Pre/Yolo,0.14786094427108765
15158,Grad_Norm_Pre/Yolo,0.12202165275812149
15208,Grad_Norm_Pre/Yolo,0.1366903930902481
15258,Grad_Norm_Pre/Yolo,0.12238059192895889
15308,Grad_Norm_Pre/Yolo,0.1319090574979782
15358,Grad_Norm_Pre/Yolo,0.10392513126134872
15408,Grad_Norm_Pre/Yolo,0.11653102189302444
15458,Grad_Norm_Pre/Yolo,0.1609620302915573
15508,Grad_Norm_Pre/Yolo,0.11286567896604538
15558,Grad_Norm_Pre/Yolo,0.212494894862175
15608,Grad_Norm_Pre/Yolo,0.1196146234869957
15658,Grad_Norm_Pre/Yolo,0.11449622362852097
15708,Grad_Norm_Pre/Yolo,0.15551677346229553
15758,Grad_Norm_Pre/Yolo,0.11188482493162155
15808,Grad_Norm_Pre/Yolo,0.13300228118896484
15858,Grad_Norm_Pre/Yolo,0.1391410380601883
15908,Grad_Norm_Pre/Yolo,0.1258879005908966
15958,Grad_Norm_Pre/Yolo,0.11807820945978165
16008,Grad_Norm_Pre/Yolo,0.14794068038463593
16058,Grad_Norm_Pre/Yolo,0.1341519057750702
16108,Grad_Norm_Pre/Yolo,0.17946241796016693
16158,Grad_Norm_Pre/Yolo,0.1616336703300476
16208,Grad_Norm_Pre/Yolo,0.09541743248701096
16258,Grad_Norm_Pre/Yolo,0.11961010098457336
16308,Grad_Norm_Pre/Yolo,0.13261456787586212
16358,Grad_Norm_Pre/Yolo,0.1296825259923935
16408,Grad_Norm_Pre/Yolo,0.12843938171863556
16458,Grad_Norm_Pre/Yolo,0.15745824575424194
16508,Grad_Norm_Pre/Yolo,0.1591927707195282
16558,Grad_Norm_Pre/Yolo,0.1713889241218567
16608,Grad_Norm_Pre/Yolo,0.146483913064003
16658,Grad_Norm_Pre/Yolo,0.13329409062862396
16708,Grad_Norm_Pre/Yolo,0.10741845518350601
16758,Grad_Norm_Pre/Yolo,0.1407454013824463
16808,Grad_Norm_Pre/Yolo,0.1186394914984703
16858,Grad_Norm_Pre/Yolo,0.14142484962940216
16908,Grad_Norm_Pre/Yolo,0.15740036964416504
16958,Grad_Norm_Pre/Yolo,0.12139465659856796
17008,Grad_Norm_Pre/Yolo,0.160816952586174
17058,Grad_Norm_Pre/Yolo,0.12474389374256134
17101,Grad_Norm_Pre/Yolo,0.10797753930091858
17151,Grad_Norm_Pre/Yolo,0.11985698342323303
17201,Grad_Norm_Pre/Yolo,0.11192002147436142
17251,Grad_Norm_Pre/Yolo,0.19857250154018402
17301,Grad_Norm_Pre/Yolo,0.15299588441848755
17351,Grad_Norm_Pre/Yolo,0.12840256094932556
17401,Grad_Norm_Pre/Yolo,0.1253928691148758
17451,Grad_Norm_Pre/Yolo,0.13644452393054962
17501,Grad_Norm_Pre/Yolo,0.12050393968820572
17551,Grad_Norm_Pre/Yolo,0.18564347922801971
17601,Grad_Norm_Pre/Yolo,0.140810027718544
17651,Grad_Norm_Pre/Yolo,0.10604755580425262
17701,Grad_Norm_Pre/Yolo,0.10913074016571045
17751,Grad_Norm_Pre/Yolo,0.14270763099193573
17801,Grad_Norm_Pre/Yolo,0.14325612783432007
17851,Grad_Norm_Pre/Yolo,0.13773179054260254
17901,Grad_Norm_Pre/Yolo,0.10390710830688477
0,LR/Backbone,4.999999873689376e-06
50,LR/Backbone,4.999970315111568e-06
100,LR/Backbone,4.999883003620198e-06
150,LR/Backbone,4.999737939215265e-06
200,LR/Backbone,4.999536031391472e-06
250,LR/Backbone,4.9992763706541155e-06
300,LR/Backbone,4.998959411750548e-06
350,LR/Backbone,4.998585154680768e-06
400,LR/Backbone,4.998153599444777e-06
450,LR/Backbone,4.997664746042574e-06
500,LR/Backbone,4.997118139726808e-06
550,LR/Backbone,4.996514689992182e-06
600,LR/Backbone,4.995853487343993e-06
650,LR/Backbone,4.9951349865295924e-06
700,LR/Backbone,4.994359642296331e-06
750,LR/Backbone,4.993526545149507e-06
800,LR/Backbone,4.992636604583822e-06
850,LR/Backbone,4.991688911104575e-06
900,LR/Backbone,4.990684374206467e-06
950,LR/Backbone,4.989622993889498e-06
1000,LR/Backbone,4.988504315406317e-06
1050,LR/Backbone,4.9873283387569245e-06
1100,LR/Backbone,4.986095518688671e-06
1150,LR/Backbone,4.984805400454206e-06
1200,LR/Backbone,4.983458438800881e-06
1250,LR/Backbone,4.982054633728694e-06
1300,LR/Backbone,4.980593985237647e-06
1350,LR/Backbone,4.979076038580388e-06
1400,LR/Backbone,4.977501703251619e-06
1450,LR/Backbone,4.975870524503989e-06
1500,LR/Backbone,4.974182502337499e-06
1550,LR/Backbone,4.972437636752147e-06
1600,LR/Backbone,4.970636382495286e-06
1650,LR/Backbone,4.968778739566915e-06
1700,LR/Backbone,4.966864253219683e-06
1750,LR/Backbone,4.964893378200941e-06
1800,LR/Backbone,4.962866114510689e-06
1850,LR/Backbone,4.960782462148927e-06
1900,LR/Backbone,4.958642875863006e-06
1950,LR/Backbone,4.956446446158225e-06
2000,LR/Backbone,4.954194082529284e-06
2050,LR/Backbone,4.951885784976184e-06
2100,LR/Backbone,4.949521553498926e-06
2150,LR/Backbone,4.947100933350157e-06
2200,LR/Backbone,4.94462483402458e-06
2250,LR/Backbone,4.9420923460274935e-06
2300,LR/Backbone,4.9395048336009495e-06
2350,LR/Backbone,4.936860932502896e-06
2400,LR/Backbone,4.9341620069753844e-06
2443,LR/Backbone,4.931795956508722e-06
2493,LR/Backbone,4.92899380333256e-06
2543,LR/Backbone,4.926136170979589e-06
2593,LR/Backbone,4.9232230594498105e-06
2643,LR/Backbone,4.920254468743224e-06
2693,LR/Backbone,4.9172313083545305e-06
2743,LR/Backbone,4.914152668789029e-06
2793,LR/Backbone,4.9110190047940705e-06
2843,LR/Backbone,4.9078307711170055e-06
2893,LR/Backbone,4.904587967757834e-06
2943,LR/Backbone,4.9012901399692055e-06
2993,LR/Backbone,4.8979377424984705e-06
3043,LR/Backbone,4.894530775345629e-06
3093,LR/Backbone,4.891069693258032e-06
3143,LR/Backbone,4.887554041488329e-06
3193,LR/Backbone,4.88398427478387e-06
3243,LR/Backbone,4.880360847892007e-06
3293,LR/Backbone,4.876682851318037e-06
3343,LR/Backbone,4.872951194556663e-06
3393,LR/Backbone,4.869165877607884e-06
3443,LR/Backbone,4.8653269004717e-06
3493,LR/Backbone,4.861434263148112e-06
3543,LR/Backbone,4.8574879656371195e-06
3593,LR/Backbone,4.853488462686073e-06
3643,LR/Backbone,4.849436209042324e-06
3693,LR/Backbone,4.84533029521117e-06
3743,LR/Backbone,4.841171630687313e-06
3793,LR/Backbone,4.836960215470754e-06
3843,LR/Backbone,4.83269559481414e-06
3893,LR/Backbone,4.828378678212175e-06
3943,LR/Backbone,4.824009465664858e-06
3993,LR/Backbone,4.819587502424838e-06
4043,LR/Backbone,4.815113697986817e-06
4093,LR/Backbone,4.810587597603444e-06
4143,LR/Backbone,4.806009201274719e-06
4193,LR/Backbone,4.801379418495344e-06
4243,LR/Backbone,4.796697794517968e-06
4293,LR/Backbone,4.791964329342591e-06
4343,LR/Backbone,4.787179932463914e-06
4393,LR/Backbone,4.782343694387237e-06
4443,LR/Backbone,4.77745652460726e-06
4493,LR/Backbone,4.772518423123984e-06
4543,LR/Backbone,4.767529389937408e-06
4593,LR/Backbone,4.762489425047534e-06
4643,LR/Backbone,4.7573989832017105e-06
4693,LR/Backbone,4.752258064399939e-06
4743,LR/Backbone,4.747066668642219e-06
4793,LR/Backbone,4.741825250675902e-06
4843,LR/Backbone,4.736534265248338e-06
4886,LR/Backbone,4.731943590741139e-06
4936,LR/Backbone,4.726559836853994e-06
4986,LR/Backbone,4.721126060758252e-06
5036,LR/Backbone,4.715643171948614e-06
5086,LR/Backbone,4.710110715677729e-06
5136,LR/Backbone,4.704529601440299e-06
5186,LR/Backbone,4.698899374488974e-06
5236,LR/Backbone,4.693220489571104e-06
5286,LR/Backbone,4.687492491939338e-06
5336,LR/Backbone,4.681716745835729e-06
5386,LR/Backbone,4.675892341765575e-06
5436,LR/Backbone,4.670019734476227e-06
5486,LR/Backbone,4.6640993787150364e-06
5536,LR/Backbone,4.6581312744820025e-06
5586,LR/Backbone,4.6521154217771254e-06
5636,LR/Backbone,4.646051820600405e-06
5686,LR/Backbone,4.639941380446544e-06
5736,LR/Backbone,4.633784101315541e-06
5786,LR/Backbone,4.627579528460046e-06
5836,LR/Backbone,4.62132811662741e-06
5886,LR/Backbone,4.615030320564983e-06
5936,LR/Backbone,4.608686140272766e-06
5986,LR/Backbone,4.60229603049811e-06
6036,LR/Backbone,4.595859536493663e-06
6086,LR/Backbone,4.589377567754127e-06
6136,LR/Backbone,4.582849669532152e-06
6186,LR/Backbone,4.576276751322439e-06
6236,LR/Backbone,4.5696579036302865e-06
6286,LR/Backbone,4.562994490697747e-06
6336,LR/Backbone,4.55628605777747e-06
6386,LR/Backbone,4.549533059616806e-06
6436,LR/Backbone,4.542735496215755e-06
6486,LR/Backbone,4.535893822321668e-06
6536,LR/Backbone,4.5290075831871945e-06
6586,LR/Backbone,4.522077688307036e-06
6636,LR/Backbone,4.515104137681192e-06
6686,LR/Backbone,4.508087386057014e-06
6736,LR/Backbone,4.50102697868715e-06
6786,LR/Backbone,4.493923370318953e-06
6836,LR/Backbone,4.486777015699772e-06
6886,LR/Backbone,4.479587914829608e-06
6936,LR/Backbone,4.4723565224558115e-06
6986,LR/Backbone,4.4650828385783825e-06
7036,LR/Backbone,4.457766863197321e-06
7086,LR/Backbone,4.450409505807329e-06
7136,LR/Backbone,4.4430098569137044e-06
7186,LR/Backbone,4.4355692807585e-06
7236,LR/Backbone,4.428087322594365e-06
7286,LR/Backbone,4.42056443716865e-06
7329,LR/Backbone,4.414062004798325e-06
7379,LR/Backbone,4.406463176565012e-06
7429,LR/Backbone,4.398824330564821e-06
7479,LR/Backbone,4.391145012050401e-06
7529,LR/Backbone,4.383426130516455e-06
7579,LR/Backbone,4.37566723121563e-06
7629,LR/Backbone,4.367868768895278e-06
7679,LR/Backbone,4.3600311983027495e-06
7729,LR/Backbone,4.352154519438045e-06
7779,LR/Backbone,4.344239187048515e-06
7829,LR/Backbone,4.33628520113416e-06
7879,LR/Backbone,4.32829256169498e-06
7929,LR/Backbone,4.320262178225676e-06
7979,LR/Backbone,4.312193595978897e-06
8029,LR/Backbone,4.304087269701995e-06
8079,LR/Backbone,4.29594365414232e-06
8129,LR/Backbone,4.2877632040472236e-06
8179,LR/Backbone,4.279545464669354e-06
8229,LR/Backbone,4.271290890756063e-06
8279,LR/Backbone,4.262999937054701e-06
8329,LR/Backbone,4.254672603565268e-06
8379,LR/Backbone,4.246309345035115e-06
8429,LR/Backbone,4.237910161464242e-06
8479,LR/Backbone,4.2294755076e-06
8529,LR/Backbone,4.22100583818974e-06
8579,LR/Backbone,4.21250069848611e-06
8629,LR/Backbone,4.203960997983813e-06
8679,LR/Backbone,4.195386736682849e-06
8729,LR/Backbone,4.186777914583217e-06
8779,LR/Backbone,4.17813544117962e-06
8829,LR/Backbone,4.169458861724706e-06
8879,LR/Backbone,4.160748630965827e-06
8929,LR/Backbone,4.152005203650333e-06
8979,LR/Backbone,4.143228579778224e-06
9029,LR/Backbone,4.134419214096852e-06
9079,LR/Backbone,4.125577561353566e-06
9129,LR/Backbone,4.116703166801017e-06
9179,LR/Backbone,4.107796939933905e-06
9229,LR/Backbone,4.098858880752232e-06
9279,LR/Backbone,4.089888989255996e-06
9329,LR/Backbone,4.080888174939901e-06
9379,LR/Backbone,4.0718564378039446e-06
9429,LR/Backbone,4.062793323100777e-06
9479,LR/Backbone,4.053700195072452e-06
9529,LR/Backbone,4.0445765989716165e-06
9579,LR/Backbone,4.035423444292974e-06
9629,LR/Backbone,4.0262402762891725e-06
9679,LR/Backbone,4.017027549707564e-06
9729,LR/Backbone,4.007785719295498e-06
9772,LR/Backbone,3.999814452981809e-06
9822,LR/Backbone,3.990518962382339e-06
9872,LR/Backbone,3.981194822699763e-06
9922,LR/Backbone,3.971842943428783e-06
9972,LR/Backbone,3.962462869822048e-06
10022,LR/Backbone,3.953055511374259e-06
10072,LR/Backbone,3.943620413338067e-06
10122,LR/Backbone,3.9341580304608215e-06
10172,LR/Backbone,3.9246692722372245e-06
10222,LR/Backbone,3.915154138667276e-06
10272,LR/Backbone,3.9056121750036255e-06
10322,LR/Backbone,3.896044290740974e-06
10372,LR/Backbone,3.886450940626673e-06
10422,LR/Backbone,3.876832124660723e-06
10472,LR/Backbone,3.867188297590474e-06
10522,LR/Backbone,3.857519004668575e-06
10572,LR/Backbone,3.847825610137079e-06
10622,LR/Backbone,3.838107659248635e-06
10672,LR/Backbone,3.8283656067505945e-06
10722,LR/Backbone,3.818599907390308e-06
10772,LR/Backbone,3.80881078854145e-06
10822,LR/Backbone,3.798998250204022e-06
10872,LR/Backbone,3.789162747125374e-06
10922,LR/Backbone,3.7793047340528574e-06
10972,LR/Backbone,3.7694242109864717e-06
11022,LR/Backbone,3.759521632673568e-06
11072,LR/Backbone,3.7495974538614973e-06
11122,LR/Backbone,3.739651447176584e-06
11172,LR/Backbone,3.7296842947398545e-06
11222,LR/Backbone,3.7196964512986597e-06
11272,LR/Backbone,3.709687689479324e-06
11322,LR/Backbone,3.6996584640291985e-06
11372,LR/Backbone,3.6896094570693094e-06
11422,LR/Backbone,3.6795404412259813e-06
11472,LR/Backbone,3.669451871246565e-06
11522,LR/Backbone,3.6593442018784117e-06
11572,LR/Backbone,3.6492176604951965e-06
11622,LR/Backbone,3.6390722470969195e-06
11672,LR/Backbone,3.628908643804607e-06
11722,LR/Backbone,3.6187270779919345e-06
11772,LR/Backbone,3.608527549658902e-06
11822,LR/Backbone,3.598310740926536e-06
11872,LR/Backbone,3.588076651794836e-06
11922,LR/Backbone,3.577825509637478e-06
11972,LR/Backbone,3.5675579965754878e-06
12022,LR/Backbone,3.557274112608866e-06
12072,LR/Backbone,3.546974312484963e-06
12122,LR/Backbone,3.5366588235774543e-06
12172,LR/Backbone,3.5263278732600156e-06
12215,LR/Backbone,3.5174309687135974e-06
12265,LR/Backbone,3.5070722788077546e-06
12315,LR/Backbone,3.496698809613008e-06
12365,LR/Backbone,3.486311243250384e-06
12415,LR/Backbone,3.4759095797198825e-06
12465,LR/Backbone,3.4654942737688543e-06
12515,LR/Backbone,3.455065552770975e-06
12565,LR/Backbone,3.4446238714735955e-06
12615,LR/Backbone,3.434169457250391e-06
12665,LR/Backbone,3.4237025374750374e-06
12715,LR/Backbone,3.4132233395212097e-06
12765,LR/Backbone,3.4027325455099344e-06
12815,LR/Backbone,3.392229928067536e-06
12865,LR/Backbone,3.381716169315041e-06
12915,LR/Backbone,3.3711914966261247e-06
12965,LR/Backbone,3.3606561373744626e-06
13015,LR/Backbone,3.35011031893373e-06
13065,LR/Backbone,3.339554496051278e-06
13115,LR/Backbone,3.328988896100782e-06
13165,LR/Backbone,3.3184139738295926e-06
13215,LR/Backbone,3.30782972923771e-06
13265,LR/Backbone,3.297236844446161e-06
13315,LR/Backbone,3.2866353194549447e-06
13365,LR/Backbone,3.2760256090114126e-06
13415,LR/Backbone,3.26540794048924e-06
13465,LR/Backbone,3.2547825412621023e-06
13515,LR/Backbone,3.2441498660773505e-06
13565,LR/Backbone,3.2335103696823353e-06
13615,LR/Backbone,3.222864052077057e-06
13665,LR/Backbone,3.212211368008866e-06
13715,LR/Backbone,3.201552544851438e-06
13765,LR/Backbone,3.1908878099784488e-06
13815,LR/Backbone,3.1802178455109242e-06
13865,LR/Backbone,3.1695426514488645e-06
13915,LR/Backbone,3.158862455165945e-06
13965,LR/Backbone,3.1481777114095166e-06
14015,LR/Backbone,3.1374888749269303e-06
14065,LR/Backbone,3.126795945718186e-06
14115,LR/Backbone,3.1160993785306346e-06
14165,LR/Backbone,3.105399628111627e-06
14215,LR/Backbone,3.094696694461163e-06
14265,LR/Backbone,3.083991032326594e-06
14315,LR/Backbone,3.0732830964552704e-06
14365,LR/Backbone,3.062573114220868e-06
14415,LR/Backbone,3.0518610856233863e-06
14465,LR/Backbone,3.041147692783852e-06
14515,LR/Backbone,3.0304331630759407e-06
14565,LR/Backbone,3.0197177238733275e-06
14615,LR/Backbone,3.009001602549688e-06
14658,LR/Backbone,4.999999873689376e-06
14708,LR/Backbone,4.9998807298834436e-06
14758,LR/Backbone,4.999531483917963e-06
14808,LR/Backbone,4.998952590540284e-06
14858,LR/Backbone,4.998144504497759e-06
14908,LR/Backbone,4.997106771043036e-06
14958,LR/Backbone,4.9958398449234664e-06
15008,LR/Backbone,4.994343271391699e-06
15058,LR/Backbone,4.992617959942436e-06
15108,LR/Backbone,4.990663910575677e-06
15158,LR/Backbone,4.988481123291422e-06
15208,LR/Backbone,4.986070052837022e-06
15258,LR/Backbone,4.983430699212477e-06
15308,LR/Backbone,4.980563971912488e-06
15358,LR/Backbone,4.977469416189706e-06
15408,LR/Backbone,4.974147941538831e-06
15458,LR/Backbone,4.970600002707215e-06
15508,LR/Backbone,4.966825599694857e-06
15558,LR/Backbone,4.962825187249109e-06
15608,LR/Backbone,4.958599220117321e-06
15658,LR/Backbone,4.954148607794195e-06
15708,LR/Backbone,4.949473350279732e-06
15758,LR/Backbone,4.944574811815983e-06
15808,LR/Backbone,4.9394525376555976e-06
15858,LR/Backbone,4.934107437293278e-06
15908,LR/Backbone,4.928540420223726e-06
15958,LR/Backbone,4.922751486446941e-06
16008,LR/Backbone,4.9167424549523275e-06
16058,LR/Backbone,4.910512870992534e-06
16108,LR/Backbone,4.904064098809613e-06
16158,LR/Backbone,4.897396138403565e-06
16208,LR/Backbone,4.890510808763793e-06
16258,LR/Backbone,4.883408109890297e-06
16308,LR/Backbone,4.87608940602513e-06
16358,LR/Backbone,4.868555151915643e-06
16408,LR/Backbone,4.860806257056538e-06
16458,LR/Backbone,4.852843630942516e-06
16508,LR/Backbone,4.84466863781563e-06
16558,LR/Backbone,4.83628127767588e-06
16608,LR/Backbone,4.82768336951267e-06
16658,LR/Backbone,4.81887536807335e-06
16708,LR/Backbone,4.809858637599973e-06
16758,LR/Backbone,4.80063363283989e-06
16808,LR/Backbone,4.791202172782505e-06
16858,LR/Backbone,4.781565166922519e-06
16908,LR/Backbone,4.771723524754634e-06
16958,LR/Backbone,4.761678155773552e-06
17008,LR/Backbone,4.7514308789686766e-06
17058,LR/Backbone,4.740982149087358e-06
17101,LR/Backbone,4.73183627036633e-06
17151,LR/Backbone,4.721016921394039e-06
17201,LR/Backbone,4.709999757324113e-06
17251,LR/Backbone,4.698786142398603e-06
17301,LR/Backbone,4.687377440859564e-06
17351,LR/Backbone,4.675775016949046e-06
17401,LR/Backbone,4.663980234909104e-06
17451,LR/Backbone,4.65199445898179e-06
17501,LR/Backbone,4.6398185986618046e-06
17551,LR/Backbone,4.627454927685903e-06
17601,LR/Backbone,4.614903900801437e-06
17651,LR/Backbone,4.60216779174516e-06
17701,LR/Backbone,4.5892475100117736e-06
17751,LR/Backbone,4.576144874590682e-06
17801,LR/Backbone,4.5628607949765865e-06
17851,LR/Backbone,4.549397544906242e-06
17901,LR/Backbone,4.5357564886217006e-06
0,LR/Seg_Head,2.499999936844688e-05
50,LR/Seg_Head,2.499982110748533e-05
100,LR/Seg_Head,2.499929723853711e-05
150,LR/Seg_Head,2.499842958059162e-05
200,LR/Seg_Head,2.4997216314659454e-05
250,LR/Seg_Head,2.499565925973002e-05
300,LR/Seg_Head,2.4993758415803313e-05
350,LR/Seg_Head,2.4991511963889934e-05
400,LR/Seg_Head,2.4988921722979285e-05
450,LR/Seg_Head,2.4985987693071365e-05
500,LR/Seg_Head,2.4982709874166176e-05
550,LR/Seg_Head,2.4979086447274312e-05
600,LR/Seg_Head,2.4975121050374582e-05
650,LR/Seg_Head,2.497081004548818e-05
700,LR/Seg_Head,2.496615707059391e-05
750,LR/Seg_Head,2.4961158487712964e-05
800,LR/Seg_Head,2.4955817934824154e-05
850,LR/Seg_Head,2.4950135411927477e-05
900,LR/Seg_Head,2.4944107281044126e-05
950,LR/Seg_Head,2.4937737180152908e-05
1000,LR/Seg_Head,2.4931025109253824e-05
1050,LR/Seg_Head,2.492396924935747e-05
1100,LR/Seg_Head,2.491657141945325e-05
1150,LR/Seg_Head,2.490883161954116e-05
1200,LR/Seg_Head,2.4900749849621207e-05
1250,LR/Seg_Head,2.489232792868279e-05
1300,LR/Seg_Head,2.4883562218747102e-05
1350,LR/Seg_Head,2.487445635779295e-05
1400,LR/Seg_Head,2.4865010345820338e-05
1450,LR/Seg_Head,2.4855222363839857e-05
1500,LR/Seg_Head,2.4845094230840914e-05
1550,LR/Seg_Head,2.4834625946823508e-05
1600,LR/Seg_Head,2.482381933077704e-05
1650,LR/Seg_Head,2.4812672563712113e-05
1700,LR/Seg_Head,2.480118564562872e-05
1750,LR/Seg_Head,2.478936039551627e-05
1800,LR/Seg_Head,2.4777196813374758e-05
1850,LR/Seg_Head,2.4764694899204187e-05
1900,LR/Seg_Head,2.475185647199396e-05
1950,LR/Seg_Head,2.4738679712754674e-05
2000,LR/Seg_Head,2.4725166440475732e-05
2050,LR/Seg_Head,2.471131483616773e-05
2100,LR/Seg_Head,2.4697128537809476e-05
2150,LR/Seg_Head,2.4682605726411566e-05
2200,LR/Seg_Head,2.4667748220963404e-05
2250,LR/Seg_Head,2.465255602146499e-05
2300,LR/Seg_Head,2.4637027308926918e-05
2350,LR/Seg_Head,2.4621165721327998e-05
2400,LR/Seg_Head,2.460497125866823e-05
2443,LR/Seg_Head,2.459077768435236e-05
2493,LR/Seg_Head,2.4573962946305983e-05
2543,LR/Seg_Head,2.4556815333198756e-05
2593,LR/Seg_Head,2.4539336664020084e-05
2643,LR/Seg_Head,2.4521526938769966e-05
2693,LR/Seg_Head,2.4503386157448404e-05
2743,LR/Seg_Head,2.44849161390448e-05
2793,LR/Seg_Head,2.446611506456975e-05
2843,LR/Seg_Head,2.4446984753012657e-05
2893,LR/Seg_Head,2.4427527023362927e-05
2943,LR/Seg_Head,2.4407740056631155e-05
2993,LR/Seg_Head,2.4387625671806745e-05
3043,LR/Seg_Head,2.43671856878791e-05
3093,LR/Seg_Head,2.4346418285858817e-05
3143,LR/Seg_Head,2.43253252847353e-05
3193,LR/Seg_Head,2.4303906684508547e-05
3243,LR/Seg_Head,2.4282164304167964e-05
3293,LR/Seg_Head,2.426009814371355e-05
3343,LR/Seg_Head,2.4237708203145303e-05
3393,LR/Seg_Head,2.4214994482463226e-05
3443,LR/Seg_Head,2.4191960619646125e-05
3493,LR/Seg_Head,2.4168604795704596e-05
3543,LR/Seg_Head,2.4144928829628043e-05
3593,LR/Seg_Head,2.4120930902427062e-05
3643,LR/Seg_Head,2.4096616471069865e-05
3693,LR/Seg_Head,2.4071981897577643e-05
3743,LR/Seg_Head,2.40470290009398e-05
3793,LR/Seg_Head,2.4021759600145742e-05
3843,LR/Seg_Head,2.3996173695195466e-05
3893,LR/Seg_Head,2.3970273105078377e-05
3943,LR/Seg_Head,2.394405601080507e-05
3993,LR/Seg_Head,2.3917526050354354e-05
4043,LR/Seg_Head,2.3890681404736824e-05
4093,LR/Seg_Head,2.3863525711931288e-05
4143,LR/Seg_Head,2.383605533395894e-05
4193,LR/Seg_Head,2.3808275727787986e-05
4243,LR/Seg_Head,2.378018689341843e-05
4293,LR/Seg_Head,2.375178701186087e-05
4343,LR/Seg_Head,2.3723077902104706e-05
4393,LR/Seg_Head,2.3694063202128746e-05
4443,LR/Seg_Head,2.3664739273954183e-05
4493,LR/Seg_Head,2.3635109755559824e-05
4543,LR/Seg_Head,2.360517464694567e-05
4593,LR/Seg_Head,2.3574935767101124e-05
4643,LR/Seg_Head,2.3544393116026185e-05
4693,LR/Seg_Head,2.351354851271026e-05
4743,LR/Seg_Head,2.3482401957153343e-05
4793,LR/Seg_Head,2.345095344935544e-05
4843,LR/Seg_Head,2.341920480830595e-05
4886,LR/Seg_Head,2.3391661670757458e-05
4936,LR/Seg_Head,2.3359358237939887e-05
4986,LR/Seg_Head,2.3326756490860134e-05
5036,LR/Seg_Head,2.3293858248507604e-05
5086,LR/Seg_Head,2.32606653298717e-05
5136,LR/Seg_Head,2.322717773495242e-05
5186,LR/Seg_Head,2.3193395463749766e-05
5236,LR/Seg_Head,2.3159322154242545e-05
5286,LR/Seg_Head,2.3124955987441353e-05
5336,LR/Seg_Head,2.3090298782335594e-05
5386,LR/Seg_Head,2.305535235791467e-05
5436,LR/Seg_Head,2.3020118533167988e-05
5486,LR/Seg_Head,2.298459548910614e-05
5536,LR/Seg_Head,2.2948786863707937e-05
5586,LR/Seg_Head,2.2912690837983973e-05
5636,LR/Seg_Head,2.287631286890246e-05
5686,LR/Seg_Head,2.283964931848459e-05
5736,LR/Seg_Head,2.280270382470917e-05
5786,LR/Seg_Head,2.27654763875762e-05
5836,LR/Seg_Head,2.2727968826075085e-05
5886,LR/Seg_Head,2.2690182959195226e-05
5936,LR/Seg_Head,2.2652118786936626e-05
5986,LR/Seg_Head,2.2613776309299283e-05
6036,LR/Seg_Head,2.25751573452726e-05
6086,LR/Seg_Head,2.2536265532835387e-05
6136,LR/Seg_Head,2.2497099052998237e-05
6186,LR/Seg_Head,2.2457659724750556e-05
6236,LR/Seg_Head,2.2417949367081746e-05
6286,LR/Seg_Head,2.237796797999181e-05
6336,LR/Seg_Head,2.2337717382470146e-05
6386,LR/Seg_Head,2.2297199393506162e-05
6436,LR/Seg_Head,2.2256414013099857e-05
6486,LR/Seg_Head,2.221536124125123e-05
6536,LR/Seg_Head,2.2174046534928493e-05
6586,LR/Seg_Head,2.2132468075142242e-05
6636,LR/Seg_Head,2.2090625861892477e-05
6686,LR/Seg_Head,2.2048523533158004e-05
6736,LR/Seg_Head,2.2006161088938825e-05
6786,LR/Seg_Head,2.1963540348224342e-05
6836,LR/Seg_Head,2.192066313000396e-05
6886,LR/Seg_Head,2.1877529434277676e-05
6936,LR/Seg_Head,2.1834139261045493e-05
6986,LR/Seg_Head,2.179049806727562e-05
7036,LR/Seg_Head,2.1746602214989252e-05
7086,LR/Seg_Head,2.1702455342165194e-05
7136,LR/Seg_Head,2.1658061086782254e-05
7186,LR/Seg_Head,2.1613415810861625e-05
7236,LR/Seg_Head,2.1568523152382113e-05
7286,LR/Seg_Head,2.1523386749322526e-05
7329,LR/Seg_Head,2.148437124560587e-05
7379,LR/Seg_Head,2.1438780095195398e-05
7429,LR/Seg_Head,2.139294520020485e-05
7479,LR/Seg_Head,2.1346870198613033e-05
7529,LR/Seg_Head,2.130055690940935e-05
7579,LR/Seg_Head,2.1254003513604403e-05
7629,LR/Seg_Head,2.1207213649176992e-05
7679,LR/Seg_Head,2.116018731612712e-05
7729,LR/Seg_Head,2.1112928152433597e-05
7779,LR/Seg_Head,2.1065434339107014e-05
7829,LR/Seg_Head,2.101770951412618e-05
7879,LR/Seg_Head,2.0969755496480502e-05
7929,LR/Seg_Head,2.0921572286169976e-05
7979,LR/Seg_Head,2.0873161702184007e-05
8029,LR/Seg_Head,2.0824523744522594e-05
8079,LR/Seg_Head,2.0775662051164545e-05
8129,LR/Seg_Head,2.0726578441099264e-05
8179,LR/Seg_Head,2.0677271095337346e-05
8229,LR/Seg_Head,2.06277436518576e-05
8279,LR/Seg_Head,2.0577997929649428e-05
8329,LR/Seg_Head,2.0528035747702233e-05
8379,LR/Seg_Head,2.0477855287026614e-05
8429,LR/Seg_Head,2.0427460185601376e-05
8479,LR/Seg_Head,2.0376854081405327e-05
8529,LR/Seg_Head,2.032603333645966e-05
8579,LR/Seg_Head,2.0275003407732584e-05
8629,LR/Seg_Head,2.0223766114213504e-05
8679,LR/Seg_Head,2.0172319636913016e-05
8729,LR/Seg_Head,2.0120667613809928e-05
8779,LR/Seg_Head,2.0068811863893643e-05
8829,LR/Seg_Head,2.001675238716416e-05
8879,LR/Seg_Head,1.9964491002610885e-05
8929,LR/Seg_Head,1.9912031348212622e-05
8979,LR/Seg_Head,1.985937160497997e-05
9029,LR/Seg_Head,1.9806515410891734e-05
9079,LR/Seg_Head,1.975346458493732e-05
9129,LR/Seg_Head,1.9700219127116725e-05
9179,LR/Seg_Head,1.9646780856419355e-05
9229,LR/Seg_Head,1.9593153410824016e-05
9279,LR/Seg_Head,1.9539334971341304e-05
9329,LR/Seg_Head,1.9485329175950028e-05
9379,LR/Seg_Head,1.943113784363959e-05
9429,LR/Seg_Head,1.937676097440999e-05
9479,LR/Seg_Head,1.9322202206240036e-05
9529,LR/Seg_Head,1.9267461539129727e-05
9579,LR/Seg_Head,1.9212538973079063e-05
9629,LR/Seg_Head,1.9157439965056255e-05
9679,LR/Seg_Head,1.9102164515061304e-05
9729,LR/Seg_Head,1.904671262309421e-05
9772,LR/Seg_Head,1.8998885934706777e-05
9822,LR/Seg_Head,1.8943113900604658e-05
9872,LR/Seg_Head,1.88871690625092e-05
9922,LR/Seg_Head,1.883105687738862e-05
9972,LR/Seg_Head,1.877477734524291e-05
10022,LR/Seg_Head,1.871833228506148e-05
10072,LR/Seg_Head,1.8661721696844324e-05
10122,LR/Seg_Head,1.8604949218570255e-05
10172,LR/Seg_Head,1.8548016669228673e-05
10222,LR/Seg_Head,1.849092404881958e-05
10272,LR/Seg_Head,1.8433673176332377e-05
10322,LR/Seg_Head,1.8376267689745873e-05
10372,LR/Seg_Head,1.8318705770070665e-05
10422,LR/Seg_Head,1.826099287427496e-05
10472,LR/Seg_Head,1.8203129002358764e-05
10522,LR/Seg_Head,1.8145114154322073e-05
10572,LR/Seg_Head,1.8086953787133098e-05
10622,LR/Seg_Head,1.8028646081802435e-05
10672,LR/Seg_Head,1.7970194676308893e-05
10722,LR/Seg_Head,1.791159957065247e-05
10772,LR/Seg_Head,1.7852864402811974e-05
10822,LR/Seg_Head,1.7793989172787406e-05
10872,LR/Seg_Head,1.773497751855757e-05
10922,LR/Seg_Head,1.7675827621133067e-05
10972,LR/Seg_Head,1.7616544937482104e-05
11022,LR/Seg_Head,1.7557129467604682e-05
11072,LR/Seg_Head,1.7497584849479608e-05
11122,LR/Seg_Head,1.743790926411748e-05
11172,LR/Seg_Head,1.7378106349497102e-05
11222,LR/Seg_Head,1.731817792460788e-05
11272,LR/Seg_Head,1.7258125808439218e-05
11322,LR/Seg_Head,1.7197951819980517e-05
11372,LR/Seg_Head,1.713765595923178e-05
11422,LR/Seg_Head,1.707724186417181e-05
11472,LR/Seg_Head,1.7016711353790015e-05
11522,LR/Seg_Head,1.6956064428086393e-05
11572,LR/Seg_Head,1.689530472503975e-05
11622,LR/Seg_Head,1.6834434063639492e-05
11672,LR/Seg_Head,1.6773452443885617e-05
11722,LR/Seg_Head,1.671236168476753e-05
11772,LR/Seg_Head,1.6651165424264036e-05
11822,LR/Seg_Head,1.6589863662375137e-05
11872,LR/Seg_Head,1.652846003707964e-05
11922,LR/Seg_Head,1.646695272938814e-05
11972,LR/Seg_Head,1.6405349015258253e-05
12022,LR/Seg_Head,1.634364525671117e-05
12072,LR/Seg_Head,1.62818450917257e-05
12122,LR/Seg_Head,1.6219952158280648e-05
12172,LR/Seg_Head,1.6157966456376016e-05
12215,LR/Seg_Head,1.610458639333956e-05
12265,LR/Seg_Head,1.60424333444098e-05
12315,LR/Seg_Head,1.5980192983988672e-05
12365,LR/Seg_Head,1.5917867131065577e-05
12415,LR/Seg_Head,1.585545760462992e-05
12465,LR/Seg_Head,1.57929662236711e-05
12515,LR/Seg_Head,1.5730394807178527e-05
12565,LR/Seg_Head,1.5667743355152197e-05
12615,LR/Seg_Head,1.5605017324560322e-05
12665,LR/Seg_Head,1.5542214896413498e-05
12715,LR/Seg_Head,1.5479341527679935e-05
12765,LR/Seg_Head,1.541639539937023e-05
12815,LR/Seg_Head,1.535338014946319e-05
12865,LR/Seg_Head,1.529029759694822e-05
12915,LR/Seg_Head,1.5227148651320022e-05
12965,LR/Seg_Head,1.5163936041062698e-05
13015,LR/Seg_Head,1.5100661585165653e-05
13065,LR/Seg_Head,1.5037327102618292e-05
13115,LR/Seg_Head,1.4973933502915315e-05
13165,LR/Seg_Head,1.4910483514540829e-05
13215,LR/Seg_Head,1.4846978956484236e-05
13265,LR/Seg_Head,1.4783420738240238e-05
13315,LR/Seg_Head,1.4719811588292941e-05
13365,LR/Seg_Head,1.4656153325631749e-05
13415,LR/Seg_Head,1.4592446859751362e-05
13465,LR/Seg_Head,1.4528694919135887e-05
13515,LR/Seg_Head,1.4464899322774727e-05
13565,LR/Seg_Head,1.4401061889657285e-05
13615,LR/Seg_Head,1.4337184438772965e-05
13665,LR/Seg_Head,1.4273267879616469e-05
13715,LR/Seg_Head,1.4209314940671902e-05
13765,LR/Seg_Head,1.4145327440928668e-05
13815,LR/Seg_Head,1.408130719937617e-05
13865,LR/Seg_Head,1.401725512550911e-05
13915,LR/Seg_Head,1.3953174857306294e-05
13965,LR/Seg_Head,1.3889066394767724e-05
14015,LR/Seg_Head,1.3824933375872206e-05
14065,LR/Seg_Head,1.376077580061974e-05
14115,LR/Seg_Head,1.3696596397494432e-05
14165,LR/Seg_Head,1.3632397894980386e-05
14215,LR/Seg_Head,1.3568180293077603e-05
14265,LR/Seg_Head,1.350394722976489e-05
14315,LR/Seg_Head,1.3439698705042247e-05
14365,LR/Seg_Head,1.337543835688848e-05
14415,LR/Seg_Head,1.3311167094798293e-05
14465,LR/Seg_Head,1.3246886737761088e-05
14515,LR/Seg_Head,1.3182599104766268e-05
14565,LR/Seg_Head,1.3118306014803238e-05
14615,LR/Seg_Head,1.3054010196356103e-05
14658,LR/Seg_Head,2.499999936844688e-05
14708,LR/Seg_Head,2.4999282686621882e-05
14758,LR/Seg_Head,2.49971890298184e-05
14808,LR/Seg_Head,2.4993716579047032e-05
14858,LR/Seg_Head,2.498886715329718e-05
14908,LR/Seg_Head,2.498264075256884e-05
14958,LR/Seg_Head,2.497503737686202e-05
15008,LR/Seg_Head,2.496606066415552e-05
15058,LR/Seg_Head,2.495570879545994e-05
15108,LR/Seg_Head,2.4943983589764684e-05
15158,LR/Seg_Head,2.4930886866059154e-05
15208,LR/Seg_Head,2.4916420443332754e-05
15258,LR/Seg_Head,2.4900586140574887e-05
15308,LR/Seg_Head,2.4883383957785554e-05
15358,LR/Seg_Head,2.486481753294356e-05
15408,LR/Seg_Head,2.4844888685038313e-05
15458,LR/Seg_Head,2.4823599233059213e-05
15508,LR/Seg_Head,2.4800952814985067e-05
15558,LR/Seg_Head,2.477695124980528e-05
15608,LR/Seg_Head,2.4751596356509253e-05
15658,LR/Seg_Head,2.4724891773075797e-05
15708,LR/Seg_Head,2.4696841137483716e-05
15758,LR/Seg_Head,2.466744808771182e-05
15808,LR/Seg_Head,2.4636714442749508e-05
15858,LR/Seg_Head,2.460464384057559e-05
15908,LR/Seg_Head,2.4571241738158278e-05
15958,LR/Seg_Head,2.4536509954486974e-05
16008,LR/Seg_Head,2.4500453946529888e-05
16058,LR/Seg_Head,2.4463077352265827e-05
16108,LR/Seg_Head,2.44243838096736e-05
16158,LR/Seg_Head,2.4384378775721416e-05
16208,LR/Seg_Head,2.4343065888388082e-05
16258,LR/Seg_Head,2.430045060464181e-05
16308,LR/Seg_Head,2.4256536562461406e-05
16358,LR/Seg_Head,2.4211331037804484e-05
16408,LR/Seg_Head,2.4164837668649852e-05
16458,LR/Seg_Head,2.411706191196572e-05
16508,LR/Seg_Head,2.4068011043709703e-05
16558,LR/Seg_Head,2.4017686882871203e-05
16608,LR/Seg_Head,2.396609852439724e-05
16658,LR/Seg_Head,2.391325142525602e-05
16708,LR/Seg_Head,2.385915104241576e-05
16758,LR/Seg_Head,2.3803802832844667e-05
16808,LR/Seg_Head,2.3747214072500356e-05
16858,LR/Seg_Head,2.368939203734044e-05
16908,LR/Seg_Head,2.3630340365343727e-05
16958,LR/Seg_Head,2.357006997044664e-05
17008,LR/Seg_Head,2.3508584490627982e-05
17058,LR/Seg_Head,2.3445893020834774e-05
17101,LR/Seg_Head,2.3391017748508602e-05
17151,LR/Seg_Head,2.3326101654674858e-05
17201,LR/Seg_Head,2.3259997760760598e-05
17251,LR/Seg_Head,2.3192716980702244e-05
17301,LR/Seg_Head,2.3124264771468006e-05
17351,LR/Seg_Head,2.3054652046994306e-05
17401,LR/Seg_Head,2.298388244525995e-05
17451,LR/Seg_Head,2.2911966880201362e-05
17501,LR/Seg_Head,2.2838912627776153e-05
17551,LR/Seg_Head,2.2764728782931343e-05
17601,LR/Seg_Head,2.2689424440613948e-05
17651,LR/Seg_Head,2.2613006876781583e-05
17701,LR/Seg_Head,2.2535485186381266e-05
17751,LR/Seg_Head,2.2456868464360014e-05
17801,LR/Seg_Head,2.2377165805664845e-05
17851,LR/Seg_Head,2.2296386305242777e-05
17901,LR/Seg_Head,2.2214539058040828e-05
0,LR/Stereo_Head,7.499999628635123e-05
50,LR/Stereo_Head,7.499945058953017e-05
100,LR/Stereo_Head,7.499783532693982e-05
150,LR/Stereo_Head,7.49951577745378e-05
200,LR/Stereo_Head,7.499141793232411e-05
250,LR/Stereo_Head,7.498661580029875e-05
300,LR/Stereo_Head,7.498075137846172e-05
350,LR/Stereo_Head,7.497383194277063e-05
400,LR/Stereo_Head,7.496584294131026e-05
450,LR/Stereo_Head,7.495679892599583e-05
500,LR/Stereo_Head,7.494668534491211e-05
550,LR/Stereo_Head,7.493551674997434e-05
600,LR/Stereo_Head,7.49232858652249e-05
650,LR/Stereo_Head,7.49099999666214e-05
700,LR/Stereo_Head,7.489565177820623e-05
750,LR/Stereo_Head,7.488024129997939e-05
800,LR/Stereo_Head,7.486377580789849e-05
850,LR/Stereo_Head,7.484624802600592e-05
900,LR/Stereo_Head,7.48276652302593e-05
950,LR/Stereo_Head,7.480802742065862e-05
1000,LR/Stereo_Head,7.478732732124627e-05
1050,LR/Stereo_Head,7.476557220797986e-05
1100,LR/Stereo_Head,7.474276208085939e-05
1150,LR/Stereo_Head,7.471889693988487e-05
1200,LR/Stereo_Head,7.469398406101391e-05
1250,LR/Stereo_Head,7.466800889233127e-05
1300,LR/Stereo_Head,7.46409859857522e-05
1350,LR/Stereo_Head,7.461290806531906e-05
1400,LR/Stereo_Head,7.458378240698949e-05
1450,LR/Stereo_Head,7.455360173480585e-05
1500,LR/Stereo_Head,7.452237332472578e-05
1550,LR/Stereo_Head,7.449009717674926e-05
1600,LR/Stereo_Head,7.44567732908763e-05
1650,LR/Stereo_Head,7.442240894306451e-05
1700,LR/Stereo_Head,7.438698958139867e-05
1750,LR/Stereo_Head,7.435052975779399e-05
1800,LR/Stereo_Head,7.431302219629288e-05
1850,LR/Stereo_Head,7.427448144881055e-05
1900,LR/Stereo_Head,7.423489296343178e-05
1950,LR/Stereo_Head,7.419426401611418e-05
2000,LR/Stereo_Head,7.415259460685775e-05
2050,LR/Stereo_Head,7.41098920116201e-05
2100,LR/Stereo_Head,7.406614895444363e-05
2150,LR/Stereo_Head,7.402136543532833e-05
2200,LR/Stereo_Head,7.397555600618944e-05
2250,LR/Stereo_Head,7.392871339106932e-05
2300,LR/Stereo_Head,7.3880837589968e-05
2350,LR/Stereo_Head,7.383192860288545e-05
2400,LR/Stereo_Head,7.378199370577931e-05
2443,LR/Stereo_Head,7.373822882073e-05
2493,LR/Stereo_Head,7.368638762272894e-05
2543,LR/Stereo_Head,7.363351323874667e-05
2593,LR/Stereo_Head,7.357962022069842e-05
2643,LR/Stereo_Head,7.352470856858417e-05
2693,LR/Stereo_Head,7.346877828240395e-05
2743,LR/Stereo_Head,7.341182208620012e-05
2793,LR/Stereo_Head,7.335385453188792e-05
2843,LR/Stereo_Head,7.329487561946735e-05
2893,LR/Stereo_Head,7.323487807298079e-05
2943,LR/Stereo_Head,7.317386916838586e-05
2993,LR/Stereo_Head,7.311184890568256e-05
3043,LR/Stereo_Head,7.304882456082851e-05
3093,LR/Stereo_Head,7.298478885786608e-05
3143,LR/Stereo_Head,7.291975634871051e-05
3193,LR/Stereo_Head,7.285371248144656e-05
3243,LR/Stereo_Head,7.278667180798948e-05
3293,LR/Stereo_Head,7.271863432833925e-05
3343,LR/Stereo_Head,7.264960004249588e-05
3393,LR/Stereo_Head,7.257956895045936e-05
3443,LR/Stereo_Head,7.250854832818732e-05
3493,LR/Stereo_Head,7.243653089972213e-05
3543,LR/Stereo_Head,7.236353121697903e-05
3593,LR/Stereo_Head,7.22895420040004e-05
3643,LR/Stereo_Head,7.221456326078624e-05
3693,LR/Stereo_Head,7.213860953925177e-05
3743,LR/Stereo_Head,7.20616735634394e-05
3793,LR/Stereo_Head,7.198376260930672e-05
3843,LR/Stereo_Head,7.190486940089613e-05
3893,LR/Stereo_Head,7.182500849012285e-05
3943,LR/Stereo_Head,7.174417260102928e-05
3993,LR/Stereo_Head,7.166236900957301e-05
4043,LR/Stereo_Head,7.157960499171168e-05
4093,LR/Stereo_Head,7.149586599553004e-05
4143,LR/Stereo_Head,7.141117384890094e-05
4193,LR/Stereo_Head,7.132552127586678e-05
4243,LR/Stereo_Head,7.123890827642754e-05
4293,LR/Stereo_Head,7.115134212654084e-05
4343,LR/Stereo_Head,7.106282282620668e-05
4393,LR/Stereo_Head,7.097335765138268e-05
4443,LR/Stereo_Head,7.088294660206884e-05
4493,LR/Stereo_Head,7.079158967826515e-05
4543,LR/Stereo_Head,7.069929415592924e-05
4593,LR/Stereo_Head,7.060605275910348e-05
4643,LR/Stereo_Head,7.05118800397031e-05
4693,LR/Stereo_Head,7.041677599772811e-05
4743,LR/Stereo_Head,7.032073335722089e-05
4793,LR/Stereo_Head,7.022377394605428e-05
4843,LR/Stereo_Head,7.012588321231306e-05
4886,LR/Stereo_Head,7.004095823504031e-05
4936,LR/Stereo_Head,6.994135037530214e-05
4986,LR/Stereo_Head,6.984083302086219e-05
5036,LR/Stereo_Head,6.973939889576286e-05
5086,LR/Stereo_Head,6.963705527596176e-05
5136,LR/Stereo_Head,6.953379488550127e-05
5186,LR/Stereo_Head,6.942963955225423e-05
5236,LR/Stereo_Head,6.932457472430542e-05
5286,LR/Stereo_Head,6.921861495357007e-05
5336,LR/Stereo_Head,6.911175296409056e-05
5386,LR/Stereo_Head,6.900400330778211e-05
5436,LR/Stereo_Head,6.889536598464474e-05
5486,LR/Stereo_Head,6.878583371872082e-05
5536,LR/Stereo_Head,6.86754283378832e-05
5586,LR/Stereo_Head,6.856413529021665e-05
5636,LR/Stereo_Head,6.845196185167879e-05
5686,LR/Stereo_Head,6.833891529822722e-05
5736,LR/Stereo_Head,6.822500290581957e-05
5786,LR/Stereo_Head,6.811021739849821e-05
5836,LR/Stereo_Head,6.799457332817838e-05
5886,LR/Stereo_Head,6.787806341890246e-05
5936,LR/Stereo_Head,6.776069494662806e-05
5986,LR/Stereo_Head,6.764247518731281e-05
6036,LR/Stereo_Head,6.75234041409567e-05
6086,LR/Stereo_Head,6.740348180755973e-05
6136,LR/Stereo_Head,6.728272273903713e-05
6186,LR/Stereo_Head,6.716111965943128e-05
6236,LR/Stereo_Head,6.703867256874219e-05
6286,LR/Stereo_Head,6.691540329484269e-05
6336,LR/Stereo_Head,6.679129728581756e-05
6386,LR/Stereo_Head,6.666636181762442e-05
6436,LR/Stereo_Head,6.654060416622087e-05
6486,LR/Stereo_Head,6.641403160756454e-05
6536,LR/Stereo_Head,6.628664414165542e-05
6586,LR/Stereo_Head,6.61584417684935e-05
6636,LR/Stereo_Head,6.602943176403642e-05
6686,LR/Stereo_Head,6.589961412828416e-05
6736,LR/Stereo_Head,6.576899613719434e-05
6786,LR/Stereo_Head,6.563758506672457e-05
6836,LR/Stereo_Head,6.550538091687486e-05
6886,LR/Stereo_Head,6.53723836876452e-05
6936,LR/Stereo_Head,6.52386006549932e-05
6986,LR/Stereo_Head,6.510403181891888e-05
7036,LR/Stereo_Head,6.496869173133746e-05
7086,LR/Stereo_Head,6.483257311629131e-05
7136,LR/Stereo_Head,6.469568324973807e-05
7186,LR/Stereo_Head,6.455802940763533e-05
7236,LR/Stereo_Head,6.441961886594072e-05
7286,LR/Stereo_Head,6.428044434869662e-05
7329,LR/Stereo_Head,6.416014366550371e-05
7379,LR/Stereo_Head,6.401957216439769e-05
7429,LR/Stereo_Head,6.38782512396574e-05
7479,LR/Stereo_Head,6.373618816724047e-05
7529,LR/Stereo_Head,6.359338294714689e-05
7579,LR/Stereo_Head,6.344984285533428e-05
7629,LR/Stereo_Head,6.330557516776025e-05
7679,LR/Stereo_Head,6.31605798844248e-05
7729,LR/Stereo_Head,6.301485700532794e-05
7779,LR/Stereo_Head,6.286842108238488e-05
7829,LR/Stereo_Head,6.272127211559564e-05
7879,LR/Stereo_Head,6.25734101049602e-05
7929,LR/Stereo_Head,6.24248496023938e-05
7979,LR/Stereo_Head,6.227558333193883e-05
8029,LR/Stereo_Head,6.21256185695529e-05
8079,LR/Stereo_Head,6.197496259119362e-05
8129,LR/Stereo_Head,6.182361539686099e-05
8179,LR/Stereo_Head,6.167158426251262e-05
8229,LR/Stereo_Head,6.151887646410614e-05
8279,LR/Stereo_Head,6.136549200164154e-05
8329,LR/Stereo_Head,6.121143815107644e-05
8379,LR/Stereo_Head,6.105672218836844e-05
8429,LR/Stereo_Head,6.090133683755994e-05
8479,LR/Stereo_Head,6.074529665056616e-05
8529,LR/Stereo_Head,6.0588605265365914e-05
8579,LR/Stereo_Head,6.04312626819592e-05
8629,LR/Stereo_Head,6.0273276176303625e-05
8679,LR/Stereo_Head,6.011465302435681e-05
8729,LR/Stereo_Head,5.995539322611876e-05
8779,LR/Stereo_Head,5.979550041956827e-05
8829,LR/Stereo_Head,5.963498551864177e-05
8879,LR/Stereo_Head,5.947384852333926e-05
8929,LR/Stereo_Head,5.9312096709618345e-05
8979,LR/Stereo_Head,5.9149730077479035e-05
9029,LR/Stereo_Head,5.898675590287894e-05
9079,LR/Stereo_Head,5.8823181461775675e-05
9129,LR/Stereo_Head,5.865900675416924e-05
9179,LR/Stereo_Head,5.849424269399606e-05
9229,LR/Stereo_Head,5.832888564327732e-05
9279,LR/Stereo_Head,5.816295015392825e-05
9329,LR/Stereo_Head,5.799643258797005e-05
9379,LR/Stereo_Head,5.7829340221360326e-05
9429,LR/Stereo_Head,5.76616803300567e-05
9479,LR/Stereo_Head,5.749345655203797e-05
9529,LR/Stereo_Head,5.732466888730414e-05
9579,LR/Stereo_Head,5.7155331887770444e-05
9629,LR/Stereo_Head,5.698544191545807e-05
9679,LR/Stereo_Head,5.681500624632463e-05
9729,LR/Stereo_Head,5.664403215632774e-05
9772,LR/Stereo_Head,5.649656668538228e-05
9822,LR/Stereo_Head,5.632459942717105e-05
9872,LR/Stereo_Head,5.6152108300011605e-05
9922,LR/Stereo_Head,5.597909330390394e-05
9972,LR/Stereo_Head,5.580556535278447e-05
10022,LR/Stereo_Head,5.56315244466532e-05
10072,LR/Stereo_Head,5.545697786146775e-05
10122,LR/Stereo_Head,5.528192923520692e-05
10172,LR/Stereo_Head,5.5106382205849513e-05
10222,LR/Stereo_Head,5.493034768733196e-05
10272,LR/Stereo_Head,5.4753825679654256e-05
10322,LR/Stereo_Head,5.4576823458774015e-05
10372,LR/Stereo_Head,5.4399344662670046e-05
10422,LR/Stereo_Head,5.422139656729996e-05
10472,LR/Stereo_Head,5.404297917266376e-05
10522,LR/Stereo_Head,5.386410339269787e-05
10572,LR/Stereo_Head,5.368477286538109e-05
10622,LR/Stereo_Head,5.3504991228692234e-05
10672,LR/Stereo_Head,5.332476575858891e-05
10722,LR/Stereo_Head,5.314410009304993e-05
10772,LR/Stereo_Head,5.2962997870054096e-05
10822,LR/Stereo_Head,5.2781466365559027e-05
10872,LR/Stereo_Head,5.2599512855522335e-05
10922,LR/Stereo_Head,5.241713733994402e-05
10972,LR/Stereo_Head,5.22343470947817e-05
11022,LR/Stereo_Head,5.2051153033971786e-05
11072,LR/Stereo_Head,5.186755151953548e-05
11122,LR/Stereo_Head,5.1683553465409204e-05
11172,LR/Stereo_Head,5.149916250957176e-05
11222,LR/Stereo_Head,5.131438229000196e-05
11272,LR/Stereo_Head,5.112922008265741e-05
11322,LR/Stereo_Head,5.0943683163495734e-05
11372,LR/Stereo_Head,5.0757771532516927e-05
11422,LR/Stereo_Head,5.057149610365741e-05
11472,LR/Stereo_Head,5.038486051489599e-05
11522,LR/Stereo_Head,5.0197868404211476e-05
11572,LR/Stereo_Head,5.0010523409582675e-05
11622,LR/Stereo_Head,4.9822836444946006e-05
11672,LR/Stereo_Head,4.963481114828028e-05
11722,LR/Stereo_Head,4.944644751958549e-05
11772,LR/Stereo_Head,4.925776011077687e-05
11822,LR/Stereo_Head,4.9068745283875614e-05
11872,LR/Stereo_Head,4.887941759079695e-05
11922,LR/Stereo_Head,4.8689773393562064e-05
11972,LR/Stereo_Head,4.8499823606107384e-05
12022,LR/Stereo_Head,4.8309571866411716e-05
12072,LR/Stereo_Head,4.811902545043267e-05
12122,LR/Stereo_Head,4.792818799614906e-05
12172,LR/Stereo_Head,4.773706314153969e-05
12215,LR/Stereo_Head,4.757247370434925e-05
12265,LR/Stereo_Head,4.738083589472808e-05
12315,LR/Stereo_Head,4.7188928874675184e-05
12365,LR/Stereo_Head,4.699675628216937e-05
12415,LR/Stereo_Head,4.6804325393168256e-05
12465,LR/Stereo_Head,4.661164348362945e-05
12515,LR/Stereo_Head,4.641871419153176e-05
12565,LR/Stereo_Head,4.622554479283281e-05
12615,LR/Stereo_Head,4.603213528753258e-05
12665,LR/Stereo_Head,4.583849658956751e-05
12715,LR/Stereo_Head,4.56446323369164e-05
12765,LR/Stereo_Head,4.5450549805536866e-05
12815,LR/Stereo_Head,4.525625263340771e-05
12865,LR/Stereo_Head,4.5061748096486554e-05
12915,LR/Stereo_Head,4.48670398327522e-05
12965,LR/Stereo_Head,4.467213511816226e-05
13015,LR/Stereo_Head,4.447704122867435e-05
13065,LR/Stereo_Head,4.4281758164288476e-05
13115,LR/Stereo_Head,4.4086293200962245e-05
13165,LR/Stereo_Head,4.389065725263208e-05
13215,LR/Stereo_Head,4.3694850319297984e-05
13265,LR/Stereo_Head,4.349887967691757e-05
13315,LR/Stereo_Head,4.3302752601448447e-05
13365,LR/Stereo_Head,4.310647273086943e-05
13415,LR/Stereo_Head,4.291004370315932e-05
13465,LR/Stereo_Head,4.271347643225454e-05
13515,LR/Stereo_Head,4.2516774556133896e-05
13565,LR/Stereo_Head,4.23199417127762e-05
13615,LR/Stereo_Head,4.212298517813906e-05
13665,LR/Stereo_Head,4.192590859020129e-05
13715,LR/Stereo_Head,4.1728722862899303e-05
13765,LR/Stereo_Head,4.1531427996233106e-05
13815,LR/Stereo_Head,4.133403126616031e-05
13865,LR/Stereo_Head,4.113653631065972e-05
13915,LR/Stereo_Head,4.0938954043667763e-05
13965,LR/Stereo_Head,4.074128810316324e-05
14015,LR/Stereo_Head,4.054354576510377e-05
14065,LR/Stereo_Head,4.034572702948935e-05
14115,LR/Stereo_Head,4.01478391722776e-05
14165,LR/Stereo_Head,3.994989310740493e-05
14215,LR/Stereo_Head,3.975188883487135e-05
14265,LR/Stereo_Head,3.955383726861328e-05
14315,LR/Stereo_Head,3.9355738408630714e-05
14365,LR/Stereo_Head,3.915759953088127e-05
14415,LR/Stereo_Head,3.895943154930137e-05
14465,LR/Stereo_Head,3.8761234463891014e-05
14515,LR/Stereo_Head,3.856301191262901e-05
14565,LR/Stereo_Head,3.836477844743058e-05
14615,LR/Stereo_Head,3.8166530430316925e-05
14658,LR/Stereo_Head,7.499999628635123e-05
14708,LR/Stereo_Head,7.499779167119414e-05
14758,LR/Stereo_Head,7.499133062083274e-05
14808,LR/Stereo_Head,7.498062768718228e-05
14858,LR/Stereo_Head,7.496567559428513e-05
14908,LR/Stereo_Head,7.49464743421413e-05
14958,LR/Stereo_Head,7.49230312067084e-05
15008,LR/Stereo_Head,7.489535346394405e-05
15058,LR/Stereo_Head,7.486343383789062e-05
15108,LR/Stereo_Head,7.482727960450575e-05
15158,LR/Stereo_Head,7.478689803974703e-05
15208,LR/Stereo_Head,7.474229641957209e-05
15258,LR/Stereo_Head,7.469347474398091e-05
15308,LR/Stereo_Head,7.464043301297352e-05
15358,LR/Stereo_Head,7.458318577846512e-05
15408,LR/Stereo_Head,7.452174031641334e-05
15458,LR/Stereo_Head,7.445609662681818e-05
15508,LR/Stereo_Head,7.438626926159486e-05
15558,LR/Stereo_Head,7.4312265496701e-05
15608,LR/Stereo_Head,7.42340853321366e-05
15658,LR/Stereo_Head,7.41517505957745e-05
15708,LR/Stereo_Head,7.40652612876147e-05
15758,LR/Stereo_Head,7.397463195957243e-05
15808,LR/Stereo_Head,7.387986988760531e-05
15858,LR/Stereo_Head,7.378098234767094e-05
15908,LR/Stereo_Head,7.367799116764218e-05
15958,LR/Stereo_Head,7.357090362347662e-05
16008,LR/Stereo_Head,7.345973426708952e-05
16058,LR/Stereo_Head,7.334448309848085e-05
16108,LR/Stereo_Head,7.322517922148108e-05
16158,LR/Stereo_Head,7.310182991204783e-05
16208,LR/Stereo_Head,7.297444972209632e-05
16258,LR/Stereo_Head,7.284305320354179e-05
16308,LR/Stereo_Head,7.270765490829945e-05
16358,LR/Stereo_Head,7.256826938828453e-05
16408,LR/Stereo_Head,7.242491847136989e-05
16458,LR/Stereo_Head,7.227760943351313e-05
16508,LR/Stereo_Head,7.21263641025871e-05
16558,LR/Stereo_Head,7.197120430646464e-05
16608,LR/Stereo_Head,7.181213732110336e-05
16658,LR/Stereo_Head,7.164919225033373e-05
16708,LR/Stereo_Head,7.148238364607096e-05
16758,LR/Stereo_Head,7.131172606023028e-05
16808,LR/Stereo_Head,7.113724132068455e-05
16858,LR/Stereo_Head,7.095895853126422e-05
16908,LR/Stereo_Head,7.077688496792689e-05
16958,LR/Stereo_Head,7.059104973450303e-05
17008,LR/Stereo_Head,7.040146738290787e-05
17058,LR/Stereo_Head,7.020817429292947e-05
17101,LR/Stereo_Head,7.003897189861163e-05
17151,LR/Stereo_Head,6.983881030464545e-05
17201,LR/Stereo_Head,6.963499617995694e-05
17251,LR/Stereo_Head,6.942754407646134e-05
17301,LR/Stereo_Head,6.921648309798911e-05
17351,LR/Stereo_Head,6.90018423483707e-05
17401,LR/Stereo_Head,6.878363637952134e-05
17451,LR/Stereo_Head,6.856189429527149e-05
17501,LR/Stereo_Head,6.83366451994516e-05
17551,LR/Stereo_Head,6.810791819589213e-05
17601,LR/Stereo_Head,6.78757278365083e-05
17651,LR/Stereo_Head,6.764010322513059e-05
17701,LR/Stereo_Head,6.740108074154705e-05
17751,LR/Stereo_Head,6.715867493767291e-05
17801,LR/Stereo_Head,6.691292946925387e-05
17851,LR/Stereo_Head,6.666385888820514e-05
17901,LR/Stereo_Head,6.641149229835719e-05
0,LR/Yolo_Head,0.00014999999257270247
50,LR/Yolo_Head,0.0001499988866271451
100,LR/Yolo_Head,0.00014999564155004919
150,LR/Yolo_Head,0.00014999024278949946
200,LR/Yolo_Head,0.0001499827194493264
250,LR/Yolo_Head,0.00014997305697761476
300,LR/Yolo_Head,0.00014996124082244933
350,LR/Yolo_Head,0.00014994730008766055
400,LR/Yolo_Head,0.0001499312202213332
450,LR/Yolo_Head,0.0001499130012234673
500,LR/Yolo_Head,0.00014989265764597803
550,LR/Yolo_Head,0.00014987016038503498
600,LR/Yolo_Head,0.00014984553854446858
650,LR/Yolo_Head,0.00014981877757236362
700,LR/Yolo_Head,0.0001497898920206353
750,LR/Yolo_Head,0.00014975886733736843
800,LR/Yolo_Head,0.00014972570352256298
850,LR/Yolo_Head,0.0001496904151281342
900,LR/Yolo_Head,0.00014965300215408206
950,LR/Yolo_Head,0.00014961345004849136
1000,LR/Yolo_Head,0.00014957177336327732
1050,LR/Yolo_Head,0.00014952797209843993
1100,LR/Yolo_Head,0.0001494820462539792
1150,LR/Yolo_Head,0.00014943399582989514
1200,LR/Yolo_Head,0.00014938382082618773
1250,LR/Yolo_Head,0.0001493315357947722
1300,LR/Yolo_Head,0.00014927711163181812
1350,LR/Yolo_Head,0.00014922059199307114
1400,LR/Yolo_Head,0.0001491619332227856
1450,LR/Yolo_Head,0.00014910117897670716
1500,LR/Yolo_Head,0.0001490383001510054
1550,LR/Yolo_Head,0.0001489733112975955
1600,LR/Yolo_Head,0.0001489062124164775
1650,LR/Yolo_Head,0.0001488370035076514
1700,LR/Yolo_Head,0.0001487656991230324
1750,LR/Yolo_Head,0.00014869228471070528
1800,LR/Yolo_Head,0.00014861676027067006
1850,LR/Yolo_Head,0.00014853915490675718
1900,LR/Yolo_Head,0.00014845943951513618
1950,LR/Yolo_Head,0.0001483776286477223
2000,LR/Yolo_Head,0.00014829373685643077
2050,LR/Yolo_Head,0.00014820774958934635
2100,LR/Yolo_Head,0.00014811966684646904
2150,LR/Yolo_Head,0.0001480295177316293
2200,LR/Yolo_Head,0.0001479372731409967
2250,LR/Yolo_Head,0.00014784294762648642
2300,LR/Yolo_Head,0.00014774655574001372
2350,LR/Yolo_Head,0.00014764806837774813
2400,LR/Yolo_Head,0.00014754752919543535
2443,LR/Yolo_Head,0.00014745940279681236
2493,LR/Yolo_Head,0.00014735502190887928
2543,LR/Yolo_Head,0.00014724856009706855
2593,LR/Yolo_Head,0.00014714004646521062
2643,LR/Yolo_Head,0.00014702948101330549
2693,LR/Yolo_Head,0.00014691686374135315
2743,LR/Yolo_Head,0.0001468021800974384
2793,LR/Yolo_Head,0.00014668545918539166
2843,LR/Yolo_Head,0.00014656670100521296
2893,LR/Yolo_Head,0.00014644589100498706
2943,LR/Yolo_Head,0.00014632305828854442
2993,LR/Yolo_Head,0.0001461981883039698
3043,LR/Yolo_Head,0.0001460712810512632
3093,LR/Yolo_Head,0.00014594235108233988
3143,LR/Yolo_Head,0.0001458113983971998
3193,LR/Yolo_Head,0.000145678422995843
3243,LR/Yolo_Head,0.00014554343943018466
3293,LR/Yolo_Head,0.0001454064331483096
3343,LR/Yolo_Head,0.00014526743325404823
3393,LR/Yolo_Head,0.00014512642519548535
3443,LR/Yolo_Head,0.0001449834235245362
3493,LR/Yolo_Head,0.00014483841368928552
3543,LR/Yolo_Head,0.00014469142479356378
3593,LR/Yolo_Head,0.000144542456837371
3643,LR/Yolo_Head,0.00014439149526879191
3693,LR/Yolo_Head,0.00014423855463974178
3743,LR/Yolo_Head,0.00014408363495022058
3793,LR/Yolo_Head,0.0001439267653040588
3843,LR/Yolo_Head,0.00014376791659742594
3893,LR/Yolo_Head,0.00014360710338223726
3943,LR/Yolo_Head,0.0001434443547623232
3993,LR/Yolo_Head,0.00014327964163385332
4043,LR/Yolo_Head,0.00014311297854874283
4093,LR/Yolo_Head,0.00014294438005890697
4143,LR/Yolo_Head,0.00014277384616434574
4193,LR/Yolo_Head,0.00014260137686505914
4243,LR/Yolo_Head,0.0001424269867129624
4293,LR/Yolo_Head,0.0001422506757080555
4343,LR/Yolo_Head,0.00014207244385033846
4393,LR/Yolo_Head,0.0001418923056917265
4443,LR/Yolo_Head,0.00014171026123221964
4493,LR/Yolo_Head,0.00014152631047181785
4543,LR/Yolo_Head,0.00014134046796243638
4593,LR/Yolo_Head,0.00014115273370407522
4643,LR/Yolo_Head,0.00014096310769673437
4693,LR/Yolo_Head,0.0001407716190442443
4743,LR/Yolo_Head,0.00014057823864277452
4793,LR/Yolo_Head,0.00014038299559615552
4843,LR/Yolo_Head,0.0001401858899043873
4886,LR/Yolo_Head,0.00014001490490045398
4936,LR/Yolo_Head,0.00013981435040477663
4986,LR/Yolo_Head,0.00013961194781586528
5036,LR/Yolo_Head,0.00013940771168563515
5086,LR/Yolo_Head,0.00013920162746217102
5136,LR/Yolo_Head,0.00013899372424930334
5186,LR/Yolo_Head,0.00013878400204703212
5236,LR/Yolo_Head,0.00013857246085535735
5286,LR/Yolo_Head,0.00013835910067427903
5336,LR/Yolo_Head,0.0001381439360557124
5386,LR/Yolo_Head,0.00013792698155157268
5436,LR/Yolo_Head,0.00013770823716185987
5486,LR/Yolo_Head,0.00013748770288657397
5536,LR/Yolo_Head,0.00013726537872571498
5586,LR/Yolo_Head,0.00013704129378311336
5636,LR/Yolo_Head,0.00013681543350685388
5686,LR/Yolo_Head,0.000136587827000767
5736,LR/Yolo_Head,0.00013635844516102225
5786,LR/Yolo_Head,0.00013612733164336532
5836,LR/Yolo_Head,0.000135894471895881
5886,LR/Yolo_Head,0.0001356598804704845
5936,LR/Yolo_Head,0.00013542357191909105
5986,LR/Yolo_Head,0.00013518553168978542
6036,LR/Yolo_Head,0.00013494577433448285
6086,LR/Yolo_Head,0.00013470431440509856
6136,LR/Yolo_Head,0.00013446115190163255
6186,LR/Yolo_Head,0.00013421630137600005
6236,LR/Yolo_Head,0.00013396976282820106
6286,LR/Yolo_Head,0.0001337215508101508
6336,LR/Yolo_Head,0.0001334716653218493
6386,LR/Yolo_Head,0.0001332201063632965
6436,LR/Yolo_Head,0.00013296690303832293
6486,LR/Yolo_Head,0.0001327120407950133
6536,LR/Yolo_Head,0.00013245553418528289
6586,LR/Yolo_Head,0.00013219739776104689
6636,LR/Yolo_Head,0.0001319376315223053
6686,LR/Yolo_Head,0.00013167625002097338
6736,LR/Yolo_Head,0.0001314132532570511
6786,LR/Yolo_Head,0.00013114865578245372
6836,LR/Yolo_Head,0.00013088244304526597
6886,LR/Yolo_Head,0.00013061465870123357
6936,LR/Yolo_Head,0.00013034528819844127
6986,LR/Yolo_Head,0.00013007433153688908
7036,LR/Yolo_Head,0.00012980181782040745
7086,LR/Yolo_Head,0.0001295277470489964
7136,LR/Yolo_Head,0.0001292521192226559
7186,LR/Yolo_Head,0.00012897496344521642
7236,LR/Yolo_Head,0.0001286962506128475
7286,LR/Yolo_Head,0.00012841602438129485
7329,LR/Yolo_Head,0.00012817380775231868
7379,LR/Yolo_Head,0.00012789075844921172
7429,LR/Yolo_Head,0.00012760621029883623
7479,LR/Yolo_Head,0.00012732016330119222
7529,LR/Yolo_Head,0.0001270326174562797
7579,LR/Yolo_Head,0.0001267436018679291
7629,LR/Yolo_Head,0.00012645311653614044
7679,LR/Yolo_Head,0.00012616116146091372
7729,LR/Yolo_Head,0.00012586775119416416
7779,LR/Yolo_Head,0.000125572900287807
7829,LR/Yolo_Head,0.00012527662329375744
7879,LR/Yolo_Head,0.00012497890566010028
7929,LR/Yolo_Head,0.00012467976193875074
7979,LR/Yolo_Head,0.00012437920668162405
8029,LR/Yolo_Head,0.00012407725444063544
8079,LR/Yolo_Head,0.0001237739052157849
8129,LR/Yolo_Head,0.00012346917355898768
8179,LR/Yolo_Head,0.00012316305947024375
8229,LR/Yolo_Head,0.00012285557750146836
8279,LR/Yolo_Head,0.00012254674220457673
8329,LR/Yolo_Head,0.00012223655357956886
8379,LR/Yolo_Head,0.00012192501890240237
8429,LR/Yolo_Head,0.00012161215272499248
8479,LR/Yolo_Head,0.00012129796232329682
8529,LR/Yolo_Head,0.0001209824622492306
8579,LR/Yolo_Head,0.00012066565250279382
8629,LR/Yolo_Head,0.00012034754763590172
8679,LR/Yolo_Head,0.00012002815492451191
8729,LR/Yolo_Head,0.000119707481644582
8779,LR/Yolo_Head,0.00011938553507206962
8829,LR/Yolo_Head,0.00011906233703484759
8879,LR/Yolo_Head,0.00011873788753291592
8929,LR/Yolo_Head,0.00011841219384223223
8979,LR/Yolo_Head,0.00011808526323875412
9029,LR/Yolo_Head,0.00011775711755035445
9079,LR/Yolo_Head,0.00011742775677703321
9129,LR/Yolo_Head,0.00011709719547070563
9179,LR/Yolo_Head,0.0001167654336313717
9229,LR/Yolo_Head,0.00011643249308690429
9279,LR/Yolo_Head,0.00011609837383730337
9329,LR/Yolo_Head,0.00011576308315852657
9379,LR/Yolo_Head,0.00011542664287844673
9429,LR/Yolo_Head,0.00011508906027302146
9479,LR/Yolo_Head,0.00011475033534225076
9529,LR/Yolo_Head,0.00011441048263804987
9579,LR/Yolo_Head,0.00011406951671233401
9629,LR/Yolo_Head,0.00011372744484106079
9679,LR/Yolo_Head,0.00011338427430018783
9729,LR/Yolo_Head,0.00011304001236567274
9772,LR/Yolo_Head,0.00011274308781139553
9822,LR/Yolo_Head,0.00011239683226449415
9872,LR/Yolo_Head,0.0001120495144277811
9922,LR/Yolo_Head,0.00011170114885317162
9972,LR/Yolo_Head,0.0001113517428166233
10022,LR/Yolo_Head,0.00011100131087005138
10072,LR/Yolo_Head,0.00011064986028941348
10122,LR/Yolo_Head,0.00011029739835066721
10172,LR/Yolo_Head,0.00010994393232977018
10222,LR/Yolo_Head,0.00010958948405459523
10272,LR/Yolo_Head,0.00010923405352514237
10322,LR/Yolo_Head,0.00010887765529332682
10372,LR/Yolo_Head,0.00010852030391106382
10422,LR/Yolo_Head,0.00010816199937835336
10472,LR/Yolo_Head,0.00010780275624711066
10522,LR/Yolo_Head,0.00010744258906925097
10572,LR/Yolo_Head,0.00010708150512073189
10622,LR/Yolo_Head,0.00010671951167751104
10672,LR/Yolo_Head,0.00010635662329150364
10722,LR/Yolo_Head,0.00010599284723866731
10772,LR/Yolo_Head,0.00010562819807091728
10822,LR/Yolo_Head,0.00010526268306421116
10872,LR/Yolo_Head,0.00010489631677046418
10922,LR/Yolo_Head,0.00010452909918967634
10972,LR/Yolo_Head,0.00010416105214972049
11022,LR/Yolo_Head,0.00010379218292655423
11072,LR/Yolo_Head,0.00010342249879613519
11122,LR/Yolo_Head,0.0001030520215863362
11172,LR/Yolo_Head,0.00010268074402119964
11222,LR/Yolo_Head,0.00010230868792859837
11272,LR/Yolo_Head,0.00010193586058449
11322,LR/Yolo_Head,0.00010156228381674737
11372,LR/Yolo_Head,0.00010118795034941286
11422,LR/Yolo_Head,0.00010081288201035932
11472,LR/Yolo_Head,0.00010043708607554436
11522,LR/Yolo_Head,0.0001000605698209256
11572,LR/Yolo_Head,9.968335507437587e-05
11622,LR/Yolo_Head,9.930544183589518e-05
11672,LR/Yolo_Head,9.892684465739876e-05
11722,LR/Yolo_Head,9.854757809080184e-05
11772,LR/Yolo_Head,9.816764941206202e-05
11822,LR/Yolo_Head,9.778707317309454e-05
11872,LR/Yolo_Head,9.74058493738994e-05
11922,LR/Yolo_Head,9.702399984234944e-05
11972,LR/Yolo_Head,9.664153913035989e-05
12022,LR/Yolo_Head,9.625845996197313e-05
12072,LR/Yolo_Head,9.587479144101962e-05
12122,LR/Yolo_Head,9.549054084345698e-05
12172,LR/Yolo_Head,9.510570816928521e-05
12215,LR/Yolo_Head,9.4774310127832e-05
12265,LR/Yolo_Head,9.438843699172139e-05
12315,LR/Yolo_Head,9.400203271070495e-05
12365,LR/Yolo_Head,9.361509000882506e-05
12415,LR/Yolo_Head,9.322763071395457e-05
12465,LR/Yolo_Head,9.283966210205108e-05
12515,LR/Yolo_Head,9.245119872502983e-05
12565,LR/Yolo_Head,9.206224058289081e-05
12615,LR/Yolo_Head,9.167281677946448e-05
12665,LR/Yolo_Head,9.128292003879324e-05
12715,LR/Yolo_Head,9.089257218874991e-05
12765,LR/Yolo_Head,9.050178778124973e-05
12815,LR/Yolo_Head,9.01105668162927e-05
12865,LR/Yolo_Head,8.971892384579405e-05
12915,LR/Yolo_Head,8.932688069762662e-05
12965,LR/Yolo_Head,8.893443737179041e-05
13015,LR/Yolo_Head,8.854160842020065e-05
13065,LR/Yolo_Head,8.814840111881495e-05
13115,LR/Yolo_Head,8.775483729550615e-05
13165,LR/Yolo_Head,8.736091695027426e-05
13215,LR/Yolo_Head,8.696666191099212e-05
13265,LR/Yolo_Head,8.657207217765972e-05
13315,LR/Yolo_Head,8.61771623021923e-05
13365,LR/Yolo_Head,8.57819541124627e-05
13415,LR/Yolo_Head,8.53864403325133e-05
13465,LR/Yolo_Head,8.499065006617457e-05
13515,LR/Yolo_Head,8.459458331344649e-05
13565,LR/Yolo_Head,8.419826190220192e-05
13615,LR/Yolo_Head,8.380168583244085e-05
13665,LR/Yolo_Head,8.340486965607852e-05
13715,LR/Yolo_Head,8.300782792503014e-05
13765,LR/Yolo_Head,8.261057519121096e-05
13815,LR/Yolo_Head,8.221311145462096e-05
13865,LR/Yolo_Head,8.181545854313299e-05
13915,LR/Yolo_Head,8.141762373270467e-05
13965,LR/Yolo_Head,8.101962157525122e-05
14015,LR/Yolo_Head,8.062145934673026e-05
14065,LR/Yolo_Head,8.022315159905702e-05
14115,LR/Yolo_Head,7.98247056081891e-05
14165,LR/Yolo_Head,7.942613592604175e-05
14215,LR/Yolo_Head,7.902745710453019e-05
14265,LR/Yolo_Head,7.86286691436544e-05
14315,LR/Yolo_Head,7.822979387128726e-05
14365,LR/Yolo_Head,7.783084583934397e-05
14415,LR/Yolo_Head,7.743182504782453e-05
14465,LR/Yolo_Head,7.70327533246018e-05
14515,LR/Yolo_Head,7.663363794563338e-05
14565,LR/Yolo_Head,7.623448618687689e-05
14615,LR/Yolo_Head,7.583531260024756e-05
14658,LR/Yolo_Head,0.00014999999257270247
14708,LR/Yolo_Head,0.00014999555423855782
14758,LR/Yolo_Head,0.00014998254482634366
14808,LR/Yolo_Head,0.00014996099343989044
14858,LR/Yolo_Head,0.00014993088552728295
14908,LR/Yolo_Head,0.00014989222108852118
14958,LR/Yolo_Head,0.0001498450292274356
15008,LR/Yolo_Head,0.00014978929539211094
15058,LR/Yolo_Head,0.00014972501958254725
15108,LR/Yolo_Head,0.00014965223090257496
15158,LR/Yolo_Head,0.00014957092935219407
15208,LR/Yolo_Head,0.0001494811149314046
15258,LR/Yolo_Head,0.00014938280219212174
15308,LR/Yolo_Head,0.00014927600568626076
15358,LR/Yolo_Head,0.00014916073996573687
15408,LR/Yolo_Head,0.0001490370195824653
15458,LR/Yolo_Head,0.00014890484453644603
15508,LR/Yolo_Head,0.00014876424393150955
15558,LR/Yolo_Head,0.00014861523231957108
15608,LR/Yolo_Head,0.00014845782425254583
15658,LR/Yolo_Head,0.00014829203428234905
15708,LR/Yolo_Head,0.00014811789151281118
15758,LR/Yolo_Head,0.00014793541049584746
15808,LR/Yolo_Head,0.00014774460578337312
15858,LR/Yolo_Head,0.00014754549192730337
15908,LR/Yolo_Head,0.00014733812713529915
15958,LR/Yolo_Head,0.0001471224968554452
16008,LR/Yolo_Head,0.00014689864474348724
16058,LR/Yolo_Head,0.0001466665999032557
16108,LR/Yolo_Head,0.00014642637688666582
16158,LR/Yolo_Head,0.00014617801934946328
16208,LR/Yolo_Head,0.0001459215272916481
16258,LR/Yolo_Head,0.00014565695892088115
16308,LR/Yolo_Head,0.0001453843287890777
16358,LR/Yolo_Head,0.00014510368055198342
16408,LR/Yolo_Head,0.00014481502876151353
16458,LR/Yolo_Head,0.00014451843162532896
16508,LR/Yolo_Head,0.00014421390369534492
16558,LR/Yolo_Head,0.0001439014740753919
16608,LR/Yolo_Head,0.00014358120097313076
16658,LR/Yolo_Head,0.00014325309894047678
16708,LR/Yolo_Head,0.00014291722618509084
16758,LR/Yolo_Head,0.0001425736118108034
16808,LR/Yolo_Head,0.00014222228492144495
16858,LR/Yolo_Head,0.00014186330372467637
16908,LR/Yolo_Head,0.00014149669732432812
16958,LR/Yolo_Head,0.00014112252392806113
17008,LR/Yolo_Head,0.0001407407980877906
17058,LR/Yolo_Head,0.0001403515925630927
17101,LR/Yolo_Head,0.00014001090312376618
17151,LR/Yolo_Head,0.00013960787327960134
17201,LR/Yolo_Head,0.00013919749471824616
17251,LR/Yolo_Head,0.0001387797819916159
17301,LR/Yolo_Head,0.0001383548224112019
17351,LR/Yolo_Head,0.0001379226305289194
17401,LR/Yolo_Head,0.00013748326455242932
17451,LR/Yolo_Head,0.0001370367972413078
17501,LR/Yolo_Head,0.00013658325769938529
17551,LR/Yolo_Head,0.00013612268958240747
17601,LR/Yolo_Head,0.00013565518020186573
17651,LR/Yolo_Head,0.0001351807441096753
17701,LR/Yolo_Head,0.0001346994686173275
17751,LR/Yolo_Head,0.00013421138282865286
17801,LR/Yolo_Head,0.0001337165740551427
17851,LR/Yolo_Head,0.00013321505684871227
17901,LR/Yolo_Head,0.00013270691852085292
0,Loss/Total_Weighted,4.9090471267700195
50,Loss/Total_Weighted,4.416352272033691
100,Loss/Total_Weighted,3.228529453277588
150,Loss/Total_Weighted,3.2760868072509766
200,Loss/Total_Weighted,2.9556829929351807
250,Loss/Total_Weighted,2.677915573120117
300,Loss/Total_Weighted,2.7933201789855957
350,Loss/Total_Weighted,2.437964677810669
400,Loss/Total_Weighted,2.660362720489502
450,Loss/Total_Weighted,2.5375142097473145
500,Loss/Total_Weighted,1.9756158590316772
550,Loss/Total_Weighted,1.7930893898010254
600,Loss/Total_Weighted,2.587770938873291
650,Loss/Total_Weighted,1.6424078941345215
700,Loss/Total_Weighted,1.980368733406067
750,Loss/Total_Weighted,1.5982474088668823
800,Loss/Total_Weighted,2.2218990325927734
850,Loss/Total_Weighted,1.7007454633712769
900,Loss/Total_Weighted,1.9914450645446777
950,Loss/Total_Weighted,2.2850935459136963
1000,Loss/Total_Weighted,1.8152023553848267
1050,Loss/Total_Weighted,1.9083821773529053
1100,Loss/Total_Weighted,1.5216478109359741
1150,Loss/Total_Weighted,1.8164925575256348
1200,Loss/Total_Weighted,1.9661610126495361
1250,Loss/Total_Weighted,2.235081911087036
1300,Loss/Total_Weighted,1.9316293001174927
1350,Loss/Total_Weighted,1.6540863513946533
1400,Loss/Total_Weighted,1.6213871240615845
1450,Loss/Total_Weighted,1.7503502368927002
1500,Loss/Total_Weighted,1.5336363315582275
1550,Loss/Total_Weighted,1.4734519720077515
1600,Loss/Total_Weighted,1.5057756900787354
1650,Loss/Total_Weighted,1.7919590473175049
1700,Loss/Total_Weighted,1.6738529205322266
1750,Loss/Total_Weighted,1.638813853263855
1800,Loss/Total_Weighted,1.372886300086975
1850,Loss/Total_Weighted,1.5159364938735962
1900,Loss/Total_Weighted,1.4926880598068237
1950,Loss/Total_Weighted,1.6810156106948853
2000,Loss/Total_Weighted,1.5638256072998047
2050,Loss/Total_Weighted,1.8471788167953491
2100,Loss/Total_Weighted,1.8816430568695068
2150,Loss/Total_Weighted,1.8195158243179321
2200,Loss/Total_Weighted,1.802574872970581
2250,Loss/Total_Weighted,1.4753910303115845
2300,Loss/Total_Weighted,1.6684353351593018
2350,Loss/Total_Weighted,1.686969518661499
2400,Loss/Total_Weighted,1.485568881034851
2443,Loss/Total_Weighted,1.2824734449386597
2493,Loss/Total_Weighted,1.773953914642334
2543,Loss/Total_Weighted,1.6121430397033691
2593,Loss/Total_Weighted,1.5555455684661865
2643,Loss/Total_Weighted,1.6322060823440552
2693,Loss/Total_Weighted,1.553438663482666
2743,Loss/Total_Weighted,1.3876705169677734
2793,Loss/Total_Weighted,1.2883309125900269
2843,Loss/Total_Weighted,1.419219970703125
2893,Loss/Total_Weighted,1.6524059772491455
2943,Loss/Total_Weighted,1.5946794748306274
2993,Loss/Total_Weighted,1.4092633724212646
3043,Loss/Total_Weighted,1.1474900245666504
3093,Loss/Total_Weighted,1.4999510049819946
3143,Loss/Total_Weighted,1.227669358253479
3193,Loss/Total_Weighted,1.4408903121948242
3243,Loss/Total_Weighted,1.4080021381378174
3293,Loss/Total_Weighted,1.5985918045043945
3343,Loss/Total_Weighted,1.480547547340393
3393,Loss/Total_Weighted,1.5561755895614624
3443,Loss/Total_Weighted,1.6812103986740112
3493,Loss/Total_Weighted,1.6993237733840942
3543,Loss/Total_Weighted,1.4708001613616943
3593,Loss/Total_Weighted,1.5497455596923828
3643,Loss/Total_Weighted,1.5018696784973145
3693,Loss/Total_Weighted,1.3304539918899536
3743,Loss/Total_Weighted,1.2596646547317505
3793,Loss/Total_Weighted,1.3048609495162964
3843,Loss/Total_Weighted,1.3635576963424683
3893,Loss/Total_Weighted,1.3634215593338013
3943,Loss/Total_Weighted,1.4567456245422363
3993,Loss/Total_Weighted,1.6647846698760986
4043,Loss/Total_Weighted,1.324498176574707
4093,Loss/Total_Weighted,1.7877838611602783
4143,Loss/Total_Weighted,1.5800336599349976
4193,Loss/Total_Weighted,1.3622158765792847
4243,Loss/Total_Weighted,1.5875836610794067
4293,Loss/Total_Weighted,1.705471396446228
4343,Loss/Total_Weighted,1.5356618165969849
4393,Loss/Total_Weighted,1.2123875617980957
4443,Loss/Total_Weighted,1.453936219215393
4493,Loss/Total_Weighted,1.5928400754928589
4543,Loss/Total_Weighted,1.284180760383606
4593,Loss/Total_Weighted,1.5235908031463623
4643,Loss/Total_Weighted,1.5716842412948608
4693,Loss/Total_Weighted,1.1916449069976807
4743,Loss/Total_Weighted,1.3589521646499634
4793,Loss/Total_Weighted,1.5516571998596191
4843,Loss/Total_Weighted,1.2328962087631226
4886,Loss/Total_Weighted,1.2850046157836914
4936,Loss/Total_Weighted,1.2226406335830688
4986,Loss/Total_Weighted,1.5670677423477173
5036,Loss/Total_Weighted,1.6154634952545166
5086,Loss/Total_Weighted,1.4266606569290161
5136,Loss/Total_Weighted,1.318373203277588
5186,Loss/Total_Weighted,1.574089765548706
5236,Loss/Total_Weighted,1.374656319618225
5286,Loss/Total_Weighted,1.5972651243209839
5336,Loss/Total_Weighted,1.4679360389709473
5386,Loss/Total_Weighted,1.4832820892333984
5436,Loss/Total_Weighted,1.2163945436477661
5486,Loss/Total_Weighted,1.2207576036453247
5536,Loss/Total_Weighted,1.3962289094924927
5586,Loss/Total_Weighted,1.1365764141082764
5636,Loss/Total_Weighted,1.227898120880127
5686,Loss/Total_Weighted,1.3252843618392944
5736,Loss/Total_Weighted,1.3845841884613037
5786,Loss/Total_Weighted,1.232216477394104
5836,Loss/Total_Weighted,1.4560738801956177
5886,Loss/Total_Weighted,1.4604209661483765
5936,Loss/Total_Weighted,1.426211953163147
5986,Loss/Total_Weighted,1.2355079650878906
6036,Loss/Total_Weighted,1.265321135520935
6086,Loss/Total_Weighted,1.366218090057373
6136,Loss/Total_Weighted,1.0889607667922974
6186,Loss/Total_Weighted,1.4971410036087036
6236,Loss/Total_Weighted,1.3142141103744507
6286,Loss/Total_Weighted,1.3726357221603394
6336,Loss/Total_Weighted,1.7777736186981201
6386,Loss/Total_Weighted,1.3506247997283936
6436,Loss/Total_Weighted,1.3865453004837036
6486,Loss/Total_Weighted,1.2085492610931396
6536,Loss/Total_Weighted,1.4935177564620972
6586,Loss/Total_Weighted,1.0957574844360352
6636,Loss/Total_Weighted,1.4071025848388672
6686,Loss/Total_Weighted,1.3116581439971924
6736,Loss/Total_Weighted,1.100082278251648
6786,Loss/Total_Weighted,1.4855612516403198
6836,Loss/Total_Weighted,1.3179280757904053
6886,Loss/Total_Weighted,1.5336724519729614
6936,Loss/Total_Weighted,1.1235077381134033
6986,Loss/Total_Weighted,1.294722318649292
7036,Loss/Total_Weighted,1.3985427618026733
7086,Loss/Total_Weighted,1.1360042095184326
7136,Loss/Total_Weighted,1.04598867893219
7186,Loss/Total_Weighted,1.4767557382583618
7236,Loss/Total_Weighted,1.274309754371643
7286,Loss/Total_Weighted,1.4551619291305542
7329,Loss/Total_Weighted,1.341722846031189
7379,Loss/Total_Weighted,1.45474374294281
7429,Loss/Total_Weighted,1.1929895877838135
7479,Loss/Total_Weighted,1.2315772771835327
7529,Loss/Total_Weighted,1.471030354499817
7579,Loss/Total_Weighted,1.1484042406082153
7629,Loss/Total_Weighted,1.3353244066238403
7679,Loss/Total_Weighted,1.4235420227050781
7729,Loss/Total_Weighted,1.0548735857009888
7779,Loss/Total_Weighted,1.3901063203811646
7829,Loss/Total_Weighted,1.1665823459625244
7879,Loss/Total_Weighted,1.3609927892684937
7929,Loss/Total_Weighted,1.2415958642959595
7979,Loss/Total_Weighted,1.5862687826156616
8029,Loss/Total_Weighted,1.3780224323272705
8079,Loss/Total_Weighted,1.624126672744751
8129,Loss/Total_Weighted,1.442101240158081
8179,Loss/Total_Weighted,1.3809239864349365
8229,Loss/Total_Weighted,1.6154396533966064
8279,Loss/Total_Weighted,1.0726736783981323
8329,Loss/Total_Weighted,1.0899367332458496
8379,Loss/Total_Weighted,1.3374155759811401
8429,Loss/Total_Weighted,1.4194077253341675
8479,Loss/Total_Weighted,1.4561023712158203
8529,Loss/Total_Weighted,1.17375648021698
8579,Loss/Total_Weighted,1.3399940729141235
8629,Loss/Total_Weighted,1.2182303667068481
8679,Loss/Total_Weighted,1.4888523817062378
8729,Loss/Total_Weighted,1.2238223552703857
8779,Loss/Total_Weighted,1.635277509689331
8829,Loss/Total_Weighted,1.2952591180801392
8879,Loss/Total_Weighted,1.3385744094848633
8929,Loss/Total_Weighted,1.3157458305358887
8979,Loss/Total_Weighted,1.249565601348877
9029,Loss/Total_Weighted,1.3861037492752075
9079,Loss/Total_Weighted,1.5184621810913086
9129,Loss/Total_Weighted,1.8513996601104736
9179,Loss/Total_Weighted,1.2413101196289062
9229,Loss/Total_Weighted,1.165881872177124
9279,Loss/Total_Weighted,1.2376610040664673
9329,Loss/Total_Weighted,1.6508378982543945
9379,Loss/Total_Weighted,1.4180521965026855
9429,Loss/Total_Weighted,1.1375186443328857
9479,Loss/Total_Weighted,1.3117083311080933
9529,Loss/Total_Weighted,1.2048051357269287
9579,Loss/Total_Weighted,1.3171236515045166
9629,Loss/Total_Weighted,1.2477835416793823
9679,Loss/Total_Weighted,1.220094084739685
9729,Loss/Total_Weighted,1.1361689567565918
9772,Loss/Total_Weighted,1.1398122310638428
9822,Loss/Total_Weighted,1.4161126613616943
9872,Loss/Total_Weighted,1.0308656692504883
9922,Loss/Total_Weighted,1.5658947229385376
9972,Loss/Total_Weighted,1.5079854726791382
10022,Loss/Total_Weighted,1.5079759359359741
10072,Loss/Total_Weighted,1.0469355583190918
10122,Loss/Total_Weighted,1.2602592706680298
10172,Loss/Total_Weighted,1.1983460187911987
10222,Loss/Total_Weighted,1.157968282699585
10272,Loss/Total_Weighted,1.53915274143219
10322,Loss/Total_Weighted,1.218075156211853
10372,Loss/Total_Weighted,1.3845317363739014
10422,Loss/Total_Weighted,1.0710656642913818
10472,Loss/Total_Weighted,1.4152569770812988
10522,Loss/Total_Weighted,1.213329553604126
10572,Loss/Total_Weighted,1.229189157485962
10622,Loss/Total_Weighted,1.088519811630249
10672,Loss/Total_Weighted,1.4613531827926636
10722,Loss/Total_Weighted,1.4761096239089966
10772,Loss/Total_Weighted,1.3246723413467407
10822,Loss/Total_Weighted,1.1902536153793335
10872,Loss/Total_Weighted,1.4002586603164673
10922,Loss/Total_Weighted,1.219616413116455
10972,Loss/Total_Weighted,1.2704187631607056
11022,Loss/Total_Weighted,1.2396938800811768
11072,Loss/Total_Weighted,1.3197035789489746
11122,Loss/Total_Weighted,1.1259652376174927
11172,Loss/Total_Weighted,1.3315573930740356
11222,Loss/Total_Weighted,1.2899869680404663
11272,Loss/Total_Weighted,1.1270922422409058
11322,Loss/Total_Weighted,1.0869990587234497
11372,Loss/Total_Weighted,1.4056373834609985
11422,Loss/Total_Weighted,1.600658893585205
11472,Loss/Total_Weighted,1.3313181400299072
11522,Loss/Total_Weighted,1.3936659097671509
11572,Loss/Total_Weighted,1.3617526292800903
11622,Loss/Total_Weighted,1.190060019493103
11672,Loss/Total_Weighted,1.2505249977111816
11722,Loss/Total_Weighted,1.3816728591918945
11772,Loss/Total_Weighted,1.247251272201538
11822,Loss/Total_Weighted,1.1073627471923828
11872,Loss/Total_Weighted,1.4769313335418701
11922,Loss/Total_Weighted,1.1094356775283813
11972,Loss/Total_Weighted,1.2083340883255005
12022,Loss/Total_Weighted,1.4202123880386353
12072,Loss/Total_Weighted,1.2215259075164795
12122,Loss/Total_Weighted,1.2831841707229614
12172,Loss/Total_Weighted,1.4376591444015503
12215,Loss/Total_Weighted,1.1446616649627686
12265,Loss/Total_Weighted,1.1218562126159668
12315,Loss/Total_Weighted,1.2193225622177124
12365,Loss/Total_Weighted,1.3424979448318481
12415,Loss/Total_Weighted,1.3519935607910156
12465,Loss/Total_Weighted,1.2895119190216064
12515,Loss/Total_Weighted,1.6332720518112183
12565,Loss/Total_Weighted,1.38066828250885
12615,Loss/Total_Weighted,1.4406307935714722
12665,Loss/Total_Weighted,1.3417636156082153
12715,Loss/Total_Weighted,1.1773148775100708
12765,Loss/Total_Weighted,1.3410935401916504
12815,Loss/Total_Weighted,1.0082824230194092
12865,Loss/Total_Weighted,1.1568684577941895
12915,Loss/Total_Weighted,1.4253658056259155
12965,Loss/Total_Weighted,1.4938092231750488
13015,Loss/Total_Weighted,1.2367082834243774
13065,Loss/Total_Weighted,1.3064829111099243
13115,Loss/Total_Weighted,1.3453706502914429
13165,Loss/Total_Weighted,1.557682991027832
13215,Loss/Total_Weighted,1.6114691495895386
13265,Loss/Total_Weighted,0.9952475428581238
13315,Loss/Total_Weighted,1.1527888774871826
13365,Loss/Total_Weighted,1.2087650299072266
13415,Loss/Total_Weighted,1.4220774173736572
13465,Loss/Total_Weighted,1.3485376834869385
13515,Loss/Total_Weighted,1.4678257703781128
13565,Loss/Total_Weighted,1.103772521018982
13615,Loss/Total_Weighted,1.2207040786743164
13665,Loss/Total_Weighted,1.4405362606048584
13715,Loss/Total_Weighted,1.2031092643737793
13765,Loss/Total_Weighted,1.257511854171753
13815,Loss/Total_Weighted,0.9580622911453247
13865,Loss/Total_Weighted,1.275327444076538
13915,Loss/Total_Weighted,1.097148060798645
13965,Loss/Total_Weighted,1.0579770803451538
14015,Loss/Total_Weighted,1.320738673210144
14065,Loss/Total_Weighted,1.1276071071624756
14115,Loss/Total_Weighted,1.0759891271591187
14165,Loss/Total_Weighted,1.1055850982666016
14215,Loss/Total_Weighted,1.2364637851715088
14265,Loss/Total_Weighted,1.284875512123108
14315,Loss/Total_Weighted,1.190962791442871
14365,Loss/Total_Weighted,1.3814888000488281
14415,Loss/Total_Weighted,1.0682883262634277
14465,Loss/Total_Weighted,1.4276070594787598
14515,Loss/Total_Weighted,1.2053598165512085
14565,Loss/Total_Weighted,1.1982390880584717
14615,Loss/Total_Weighted,1.2609537839889526
14658,Loss/Total_Weighted,1.389900803565979
14708,Loss/Total_Weighted,1.4260684251785278
14758,Loss/Total_Weighted,1.2125108242034912
14808,Loss/Total_Weighted,1.4707322120666504
14858,Loss/Total_Weighted,1.4405792951583862
14908,Loss/Total_Weighted,1.4215457439422607
14958,Loss/Total_Weighted,1.5313644409179688
15008,Loss/Total_Weighted,1.4397673606872559
15058,Loss/Total_Weighted,1.2700294256210327
15108,Loss/Total_Weighted,1.1227619647979736
15158,Loss/Total_Weighted,1.6574351787567139
15208,Loss/Total_Weighted,1.4564988613128662
15258,Loss/Total_Weighted,1.1934757232666016
15308,Loss/Total_Weighted,1.2391656637191772
15358,Loss/Total_Weighted,1.395021677017212
15408,Loss/Total_Weighted,1.1130954027175903
15458,Loss/Total_Weighted,1.4452728033065796
15508,Loss/Total_Weighted,1.0936388969421387
15558,Loss/Total_Weighted,1.2005155086517334
15608,Loss/Total_Weighted,1.337507963180542
15658,Loss/Total_Weighted,1.2975025177001953
15708,Loss/Total_Weighted,1.3879895210266113
15758,Loss/Total_Weighted,1.6345851421356201
15808,Loss/Total_Weighted,1.1372214555740356
15858,Loss/Total_Weighted,1.3313993215560913
15908,Loss/Total_Weighted,1.2360364198684692
15958,Loss/Total_Weighted,1.1262731552124023
16008,Loss/Total_Weighted,1.180159568786621
16058,Loss/Total_Weighted,1.2612473964691162
16108,Loss/Total_Weighted,1.4586764574050903
16158,Loss/Total_Weighted,1.5679888725280762
16208,Loss/Total_Weighted,1.2368243932724
16258,Loss/Total_Weighted,1.0549851655960083
16308,Loss/Total_Weighted,1.5277986526489258
16358,Loss/Total_Weighted,1.1099718809127808
16408,Loss/Total_Weighted,1.621599793434143
16458,Loss/Total_Weighted,1.2549159526824951
16508,Loss/Total_Weighted,1.2262111902236938
16558,Loss/Total_Weighted,1.205312967300415
16608,Loss/Total_Weighted,1.127778172492981
16658,Loss/Total_Weighted,1.0751290321350098
16708,Loss/Total_Weighted,1.391997218132019
16758,Loss/Total_Weighted,1.3721168041229248
16808,Loss/Total_Weighted,1.380371332168579
16858,Loss/Total_Weighted,1.3754149675369263
16908,Loss/Total_Weighted,1.2753074169158936
16958,Loss/Total_Weighted,1.3968071937561035
17008,Loss/Total_Weighted,1.5112688541412354
17058,Loss/Total_Weighted,1.3382929563522339
17101,Loss/Total_Weighted,1.2187540531158447
17151,Loss/Total_Weighted,1.2987349033355713
17201,Loss/Total_Weighted,1.3007317781448364
17251,Loss/Total_Weighted,1.2463939189910889
17301,Loss/Total_Weighted,1.3543860912322998
17351,Loss/Total_Weighted,1.1836050748825073
17401,Loss/Total_Weighted,1.1101982593536377
17451,Loss/Total_Weighted,1.4434964656829834
17501,Loss/Total_Weighted,1.2349666357040405
17551,Loss/Total_Weighted,1.2195335626602173
17601,Loss/Total_Weighted,1.390263557434082
17651,Loss/Total_Weighted,1.520059585571289
17701,Loss/Total_Weighted,1.2984848022460938
17751,Loss/Total_Weighted,1.7224819660186768
17801,Loss/Total_Weighted,1.2609241008758545
17851,Loss/Total_Weighted,1.309222936630249
17901,Loss/Total_Weighted,1.198455810546875
14658,Loss_Raw/seg_kd,0.35620346665382385
14708,Loss_Raw/seg_kd,0.3300801217556
14758,Loss_Raw/seg_kd,0.3027203381061554
14808,Loss_Raw/seg_kd,0.32518061995506287
14858,Loss_Raw/seg_kd,0.3431031405925751
14908,Loss_Raw/seg_kd,0.27792125940322876
14958,Loss_Raw/seg_kd,0.2517518401145935
15008,Loss_Raw/seg_kd,0.2774200141429901
15058,Loss_Raw/seg_kd,0.2931567430496216
15108,Loss_Raw/seg_kd,0.3217257857322693
15158,Loss_Raw/seg_kd,0.31014665961265564
15208,Loss_Raw/seg_kd,0.30874261260032654
15258,Loss_Raw/seg_kd,0.36047789454460144
15308,Loss_Raw/seg_kd,0.2768701910972595
15358,Loss_Raw/seg_kd,0.31159281730651855
15408,Loss_Raw/seg_kd,0.2337852120399475
15458,Loss_Raw/seg_kd,0.32071128487586975
15508,Loss_Raw/seg_kd,0.3031623363494873
15558,Loss_Raw/seg_kd,0.30906158685684204
15608,Loss_Raw/seg_kd,0.3118194043636322
15658,Loss_Raw/seg_kd,0.32671478390693665
15708,Loss_Raw/seg_kd,0.2924012243747711
15758,Loss_Raw/seg_kd,0.291273295879364
15808,Loss_Raw/seg_kd,0.2884139120578766
15858,Loss_Raw/seg_kd,0.3150401711463928
15908,Loss_Raw/seg_kd,0.2693054974079132
15958,Loss_Raw/seg_kd,0.2868257462978363
16008,Loss_Raw/seg_kd,0.2589015066623688
16058,Loss_Raw/seg_kd,0.30288487672805786
16108,Loss_Raw/seg_kd,0.2957206666469574
16158,Loss_Raw/seg_kd,0.316324383020401
16208,Loss_Raw/seg_kd,0.3222538232803345
16258,Loss_Raw/seg_kd,0.28651443123817444
16308,Loss_Raw/seg_kd,0.28895801305770874
16358,Loss_Raw/seg_kd,0.2799558937549591
16408,Loss_Raw/seg_kd,0.3070119023323059
16458,Loss_Raw/seg_kd,0.29892295598983765
16508,Loss_Raw/seg_kd,0.2993251383304596
16558,Loss_Raw/seg_kd,0.3062554597854614
16608,Loss_Raw/seg_kd,0.3049583435058594
16658,Loss_Raw/seg_kd,0.2656400501728058
16708,Loss_Raw/seg_kd,0.2811337113380432
16758,Loss_Raw/seg_kd,0.2802037000656128
16808,Loss_Raw/seg_kd,0.2979394793510437
16858,Loss_Raw/seg_kd,0.2578924298286438
16908,Loss_Raw/seg_kd,0.3366975784301758
16958,Loss_Raw/seg_kd,0.32528746128082275
17008,Loss_Raw/seg_kd,0.3538414239883423
17058,Loss_Raw/seg_kd,0.266417533159256
17101,Loss_Raw/seg_kd,0.2974706292152405
17151,Loss_Raw/seg_kd,0.28465569019317627
17201,Loss_Raw/seg_kd,0.2503611445426941
17251,Loss_Raw/seg_kd,0.26424869894981384
17301,Loss_Raw/seg_kd,0.28742656111717224
17351,Loss_Raw/seg_kd,0.2860499322414398
17401,Loss_Raw/seg_kd,0.32171598076820374
17451,Loss_Raw/seg_kd,0.2685408890247345
17501,Loss_Raw/seg_kd,0.27087193727493286
17551,Loss_Raw/seg_kd,0.30163249373435974
17601,Loss_Raw/seg_kd,0.31143319606781006
17651,Loss_Raw/seg_kd,0.26510924100875854
17701,Loss_Raw/seg_kd,0.2799895107746124
17751,Loss_Raw/seg_kd,0.2804017961025238
17801,Loss_Raw/seg_kd,0.3248511850833893
17851,Loss_Raw/seg_kd,0.3109007477760315
17901,Loss_Raw/seg_kd,0.31104305386543274
0,Loss_Raw/smooth,0.20337432622909546
50,Loss_Raw/smooth,0.08094477653503418
100,Loss_Raw/smooth,0.07783539593219757
150,Loss_Raw/smooth,0.06621663272380829
200,Loss_Raw/smooth,0.06774257868528366
250,Loss_Raw/smooth,0.06798601150512695
300,Loss_Raw/smooth,0.0637897476553917
350,Loss_Raw/smooth,0.06000712141394615
400,Loss_Raw/smooth,0.06211709603667259
450,Loss_Raw/smooth,0.061010923236608505
500,Loss_Raw/smooth,0.06392039358615875
550,Loss_Raw/smooth,0.060640934854745865
600,Loss_Raw/smooth,0.056622762233018875
650,Loss_Raw/smooth,0.0609436072409153
700,Loss_Raw/smooth,0.06076396256685257
750,Loss_Raw/smooth,0.05111658573150635
800,Loss_Raw/smooth,0.052442774176597595
850,Loss_Raw/smooth,0.05533498898148537
900,Loss_Raw/smooth,0.04976921156048775
950,Loss_Raw/smooth,0.05912289023399353
1000,Loss_Raw/smooth,0.0501614473760128
1050,Loss_Raw/smooth,0.04753134027123451
1100,Loss_Raw/smooth,0.04498807713389397
1150,Loss_Raw/smooth,0.053782280534505844
1200,Loss_Raw/smooth,0.04397483542561531
1250,Loss_Raw/smooth,0.050173092633485794
1300,Loss_Raw/smooth,0.046941231936216354
1350,Loss_Raw/smooth,0.04334792494773865
1400,Loss_Raw/smooth,0.050066448748111725
1450,Loss_Raw/smooth,0.04623875766992569
1500,Loss_Raw/smooth,0.04839751496911049
1550,Loss_Raw/smooth,0.04402492567896843
1600,Loss_Raw/smooth,0.04817163944244385
1650,Loss_Raw/smooth,0.04166782274842262
1700,Loss_Raw/smooth,0.04512538015842438
1750,Loss_Raw/smooth,0.040932122617959976
1800,Loss_Raw/smooth,0.04412378743290901
1850,Loss_Raw/smooth,0.04101181402802467
1900,Loss_Raw/smooth,0.03647129237651825
1950,Loss_Raw/smooth,0.039860162883996964
2000,Loss_Raw/smooth,0.037592414766550064
2050,Loss_Raw/smooth,0.05112069472670555
2100,Loss_Raw/smooth,0.04085236415266991
2150,Loss_Raw/smooth,0.04449182376265526
2200,Loss_Raw/smooth,0.0401645228266716
2250,Loss_Raw/smooth,0.0384080596268177
2300,Loss_Raw/smooth,0.0437854528427124
2350,Loss_Raw/smooth,0.03815547004342079
2400,Loss_Raw/smooth,0.043936919420957565
2443,Loss_Raw/smooth,0.039679743349552155
2493,Loss_Raw/smooth,0.042984575033187866
2543,Loss_Raw/smooth,0.033555056899785995
2593,Loss_Raw/smooth,0.03888080269098282
2643,Loss_Raw/smooth,0.0399625301361084
2693,Loss_Raw/smooth,0.04060126841068268
2743,Loss_Raw/smooth,0.03484424948692322
2793,Loss_Raw/smooth,0.037583138793706894
2843,Loss_Raw/smooth,0.03588114678859711
2893,Loss_Raw/smooth,0.034833431243896484
2943,Loss_Raw/smooth,0.029012860730290413
2993,Loss_Raw/smooth,0.03781970217823982
3043,Loss_Raw/smooth,0.039503879845142365
3093,Loss_Raw/smooth,0.03537144511938095
3143,Loss_Raw/smooth,0.040149860084056854
3193,Loss_Raw/smooth,0.04111522063612938
3243,Loss_Raw/smooth,0.042592328041791916
3293,Loss_Raw/smooth,0.03668390214443207
3343,Loss_Raw/smooth,0.034025032073259354
3393,Loss_Raw/smooth,0.03597210720181465
3443,Loss_Raw/smooth,0.03394916653633118
3493,Loss_Raw/smooth,0.03173109143972397
3543,Loss_Raw/smooth,0.044994812458753586
3593,Loss_Raw/smooth,0.04089594632387161
3643,Loss_Raw/smooth,0.043068405240774155
3693,Loss_Raw/smooth,0.033567607402801514
3743,Loss_Raw/smooth,0.04428257420659065
3793,Loss_Raw/smooth,0.04239032417535782
3843,Loss_Raw/smooth,0.03620799258351326
3893,Loss_Raw/smooth,0.040413666516542435
3943,Loss_Raw/smooth,0.04355008900165558
3993,Loss_Raw/smooth,0.039702557027339935
4043,Loss_Raw/smooth,0.03757502883672714
4093,Loss_Raw/smooth,0.03779277950525284
4143,Loss_Raw/smooth,0.037261418998241425
4193,Loss_Raw/smooth,0.03624318167567253
4243,Loss_Raw/smooth,0.03633889928460121
4293,Loss_Raw/smooth,0.03307923302054405
4343,Loss_Raw/smooth,0.03204340487718582
4393,Loss_Raw/smooth,0.03998109698295593
4443,Loss_Raw/smooth,0.03600601106882095
4493,Loss_Raw/smooth,0.0354306660592556
4543,Loss_Raw/smooth,0.04066961631178856
4593,Loss_Raw/smooth,0.03688609227538109
4643,Loss_Raw/smooth,0.035978082567453384
4693,Loss_Raw/smooth,0.03681371733546257
4743,Loss_Raw/smooth,0.03683014214038849
4793,Loss_Raw/smooth,0.035815346986055374
4843,Loss_Raw/smooth,0.03416604548692703
4886,Loss_Raw/smooth,0.032806146889925
4936,Loss_Raw/smooth,0.03405645862221718
4986,Loss_Raw/smooth,0.032901860773563385
5036,Loss_Raw/smooth,0.04066483676433563
5086,Loss_Raw/smooth,0.03296808525919914
5136,Loss_Raw/smooth,0.03272249177098274
5186,Loss_Raw/smooth,0.03407001122832298
5236,Loss_Raw/smooth,0.034596752375364304
5286,Loss_Raw/smooth,0.03507082164287567
5336,Loss_Raw/smooth,0.04092860966920853
5386,Loss_Raw/smooth,0.03207206353545189
5436,Loss_Raw/smooth,0.03560028225183487
5486,Loss_Raw/smooth,0.031031066551804543
5536,Loss_Raw/smooth,0.03439650684595108
5586,Loss_Raw/smooth,0.031190114095807076
5636,Loss_Raw/smooth,0.03992941975593567
5686,Loss_Raw/smooth,0.0307540874928236
5736,Loss_Raw/smooth,0.030516529455780983
5786,Loss_Raw/smooth,0.03238984942436218
5836,Loss_Raw/smooth,0.03307822346687317
5886,Loss_Raw/smooth,0.032520897686481476
5936,Loss_Raw/smooth,0.034145139157772064
5986,Loss_Raw/smooth,0.03287332504987717
6036,Loss_Raw/smooth,0.03882577642798424
6086,Loss_Raw/smooth,0.03732917457818985
6136,Loss_Raw/smooth,0.032289281487464905
6186,Loss_Raw/smooth,0.033302247524261475
6236,Loss_Raw/smooth,0.03555763512849808
6286,Loss_Raw/smooth,0.03437351435422897
6336,Loss_Raw/smooth,0.03910635784268379
6386,Loss_Raw/smooth,0.03432849794626236
6436,Loss_Raw/smooth,0.030204670503735542
6486,Loss_Raw/smooth,0.03271405026316643
6536,Loss_Raw/smooth,0.031218020245432854
6586,Loss_Raw/smooth,0.034871906042099
6636,Loss_Raw/smooth,0.03874627500772476
6686,Loss_Raw/smooth,0.02847481332719326
6736,Loss_Raw/smooth,0.035531386733055115
6786,Loss_Raw/smooth,0.0319942869246006
6836,Loss_Raw/smooth,0.035511668771505356
6886,Loss_Raw/smooth,0.03077152743935585
6936,Loss_Raw/smooth,0.02978595718741417
6986,Loss_Raw/smooth,0.030802881345152855
7036,Loss_Raw/smooth,0.03372873365879059
7086,Loss_Raw/smooth,0.0307465810328722
7136,Loss_Raw/smooth,0.03436490148305893
7186,Loss_Raw/smooth,0.02866986393928528
7236,Loss_Raw/smooth,0.028350666165351868
7286,Loss_Raw/smooth,0.03622182831168175
7329,Loss_Raw/smooth,0.030969036743044853
7379,Loss_Raw/smooth,0.03335066884756088
7429,Loss_Raw/smooth,0.03705920651555061
7479,Loss_Raw/smooth,0.043574459850788116
7529,Loss_Raw/smooth,0.037005506455898285
7579,Loss_Raw/smooth,0.0353492833673954
7629,Loss_Raw/smooth,0.03125550225377083
7679,Loss_Raw/smooth,0.03442138060927391
7729,Loss_Raw/smooth,0.03732091933488846
7779,Loss_Raw/smooth,0.030610065907239914
7829,Loss_Raw/smooth,0.02760622464120388
7879,Loss_Raw/smooth,0.03469676151871681
7929,Loss_Raw/smooth,0.033398400992155075
7979,Loss_Raw/smooth,0.038868218660354614
8029,Loss_Raw/smooth,0.02875770814716816
8079,Loss_Raw/smooth,0.028526220470666885
8129,Loss_Raw/smooth,0.02963065914809704
8179,Loss_Raw/smooth,0.03411483392119408
8229,Loss_Raw/smooth,0.03232239931821823
8279,Loss_Raw/smooth,0.03450586646795273
8329,Loss_Raw/smooth,0.028513718396425247
8379,Loss_Raw/smooth,0.031809836626052856
8429,Loss_Raw/smooth,0.03943570330739021
8479,Loss_Raw/smooth,0.033523011952638626
8529,Loss_Raw/smooth,0.03378233313560486
8579,Loss_Raw/smooth,0.027426211163401604
8629,Loss_Raw/smooth,0.028547918424010277
8679,Loss_Raw/smooth,0.031799495220184326
8729,Loss_Raw/smooth,0.032741595059633255
8779,Loss_Raw/smooth,0.02825630083680153
8829,Loss_Raw/smooth,0.028899041935801506
8879,Loss_Raw/smooth,0.03611883521080017
8929,Loss_Raw/smooth,0.03682319447398186
8979,Loss_Raw/smooth,0.03618896007537842
9029,Loss_Raw/smooth,0.03037452884018421
9079,Loss_Raw/smooth,0.03210325911641121
9129,Loss_Raw/smooth,0.031207265332341194
9179,Loss_Raw/smooth,0.03143756464123726
9229,Loss_Raw/smooth,0.03088054247200489
9279,Loss_Raw/smooth,0.02750840038061142
9329,Loss_Raw/smooth,0.028345203027129173
9379,Loss_Raw/smooth,0.032108891755342484
9429,Loss_Raw/smooth,0.02977970615029335
9479,Loss_Raw/smooth,0.02751103602349758
9529,Loss_Raw/smooth,0.03431766852736473
9579,Loss_Raw/smooth,0.03483614698052406
9629,Loss_Raw/smooth,0.03337368369102478
9679,Loss_Raw/smooth,0.031629547476768494
9729,Loss_Raw/smooth,0.03848327323794365
9772,Loss_Raw/smooth,0.0347583144903183
9822,Loss_Raw/smooth,0.02546043135225773
9872,Loss_Raw/smooth,0.033456381410360336
9922,Loss_Raw/smooth,0.02735185995697975
9972,Loss_Raw/smooth,0.03352554887533188
10022,Loss_Raw/smooth,0.02975691854953766
10072,Loss_Raw/smooth,0.02599739283323288
10122,Loss_Raw/smooth,0.032696329057216644
10172,Loss_Raw/smooth,0.03187272325158119
10222,Loss_Raw/smooth,0.02677604742348194
10272,Loss_Raw/smooth,0.02674875594675541
10322,Loss_Raw/smooth,0.0357666090130806
10372,Loss_Raw/smooth,0.031704120337963104
10422,Loss_Raw/smooth,0.028919411823153496
10472,Loss_Raw/smooth,0.035793840885162354
10522,Loss_Raw/smooth,0.03309473395347595
10572,Loss_Raw/smooth,0.03380558267235756
10622,Loss_Raw/smooth,0.027852945029735565
10672,Loss_Raw/smooth,0.026315249502658844
10722,Loss_Raw/smooth,0.03042561188340187
10772,Loss_Raw/smooth,0.028852874413132668
10822,Loss_Raw/smooth,0.03620075434446335
10872,Loss_Raw/smooth,0.029261307790875435
10922,Loss_Raw/smooth,0.028175069019198418
10972,Loss_Raw/smooth,0.03253184258937836
11022,Loss_Raw/smooth,0.029018787667155266
11072,Loss_Raw/smooth,0.02993863821029663
11122,Loss_Raw/smooth,0.03096090629696846
11172,Loss_Raw/smooth,0.031593821942806244
11222,Loss_Raw/smooth,0.025443151593208313
11272,Loss_Raw/smooth,0.03623741865158081
11322,Loss_Raw/smooth,0.02969721518456936
11372,Loss_Raw/smooth,0.03606957569718361
11422,Loss_Raw/smooth,0.03179405629634857
11472,Loss_Raw/smooth,0.03528263047337532
11522,Loss_Raw/smooth,0.035110991448163986
11572,Loss_Raw/smooth,0.0326075442135334
11622,Loss_Raw/smooth,0.029455075040459633
11672,Loss_Raw/smooth,0.031648188829422
11722,Loss_Raw/smooth,0.025871124118566513
11772,Loss_Raw/smooth,0.028795592486858368
11822,Loss_Raw/smooth,0.03459080308675766
11872,Loss_Raw/smooth,0.026721101254224777
11922,Loss_Raw/smooth,0.03198608011007309
11972,Loss_Raw/smooth,0.037815578281879425
12022,Loss_Raw/smooth,0.031837742775678635
12072,Loss_Raw/smooth,0.031101824715733528
12122,Loss_Raw/smooth,0.030316276475787163
12172,Loss_Raw/smooth,0.028934849426150322
12215,Loss_Raw/smooth,0.03030596300959587
12265,Loss_Raw/smooth,0.02747904323041439
12315,Loss_Raw/smooth,0.029014747589826584
12365,Loss_Raw/smooth,0.03679971396923065
12415,Loss_Raw/smooth,0.03130123019218445
12465,Loss_Raw/smooth,0.02784070372581482
12515,Loss_Raw/smooth,0.03137657791376114
12565,Loss_Raw/smooth,0.032348766922950745
12615,Loss_Raw/smooth,0.026543283835053444
12665,Loss_Raw/smooth,0.0350591316819191
12715,Loss_Raw/smooth,0.03233324736356735
12765,Loss_Raw/smooth,0.026929857209324837
12815,Loss_Raw/smooth,0.027558034285902977
12865,Loss_Raw/smooth,0.03057354874908924
12915,Loss_Raw/smooth,0.027905650436878204
12965,Loss_Raw/smooth,0.028704650700092316
13015,Loss_Raw/smooth,0.03262066841125488
13065,Loss_Raw/smooth,0.0304187573492527
13115,Loss_Raw/smooth,0.025826014578342438
13165,Loss_Raw/smooth,0.0294448584318161
13215,Loss_Raw/smooth,0.03451362997293472
13265,Loss_Raw/smooth,0.028596092015504837
13315,Loss_Raw/smooth,0.03531681001186371
13365,Loss_Raw/smooth,0.03136478364467621
13415,Loss_Raw/smooth,0.03014454059302807
13465,Loss_Raw/smooth,0.028375549241900444
13515,Loss_Raw/smooth,0.026844818145036697
13565,Loss_Raw/smooth,0.03449919819831848
13615,Loss_Raw/smooth,0.029033256694674492
13665,Loss_Raw/smooth,0.025467200204730034
13715,Loss_Raw/smooth,0.02965945564210415
13765,Loss_Raw/smooth,0.03580683842301369
13815,Loss_Raw/smooth,0.027837619185447693
13865,Loss_Raw/smooth,0.02941010892391205
13915,Loss_Raw/smooth,0.03146900609135628
13965,Loss_Raw/smooth,0.026668116450309753
14015,Loss_Raw/smooth,0.027033379301428795
14065,Loss_Raw/smooth,0.02895725890994072
14115,Loss_Raw/smooth,0.02700960636138916
14165,Loss_Raw/smooth,0.030214987695217133
14215,Loss_Raw/smooth,0.028163939714431763
14265,Loss_Raw/smooth,0.025127828121185303
14315,Loss_Raw/smooth,0.026812225580215454
14365,Loss_Raw/smooth,0.030136719346046448
14415,Loss_Raw/smooth,0.03210464119911194
14465,Loss_Raw/smooth,0.02663469687104225
14515,Loss_Raw/smooth,0.03712345287203789
14565,Loss_Raw/smooth,0.02649635635316372
14615,Loss_Raw/smooth,0.027133174240589142
14658,Loss_Raw/smooth,0.03212694078683853
14708,Loss_Raw/smooth,0.029009345918893814
14758,Loss_Raw/smooth,0.028913311660289764
14808,Loss_Raw/smooth,0.03278502821922302
14858,Loss_Raw/smooth,0.03143148124217987
14908,Loss_Raw/smooth,0.032195158302783966
14958,Loss_Raw/smooth,0.03646450117230415
15008,Loss_Raw/smooth,0.029348425567150116
15058,Loss_Raw/smooth,0.029433559626340866
15108,Loss_Raw/smooth,0.02908065915107727
15158,Loss_Raw/smooth,0.026122840121388435
15208,Loss_Raw/smooth,0.02722599171102047
15258,Loss_Raw/smooth,0.023382803425192833
15308,Loss_Raw/smooth,0.03323833644390106
15358,Loss_Raw/smooth,0.028481341898441315
15408,Loss_Raw/smooth,0.03132232651114464
15458,Loss_Raw/smooth,0.028003832325339317
15508,Loss_Raw/smooth,0.03353450447320938
15558,Loss_Raw/smooth,0.03157372027635574
15608,Loss_Raw/smooth,0.028174910694360733
15658,Loss_Raw/smooth,0.028391191735863686
15708,Loss_Raw/smooth,0.027909452095627785
15758,Loss_Raw/smooth,0.02855815179646015
15808,Loss_Raw/smooth,0.03614252060651779
15858,Loss_Raw/smooth,0.029058434069156647
15908,Loss_Raw/smooth,0.03360627219080925
15958,Loss_Raw/smooth,0.03013627417385578
16008,Loss_Raw/smooth,0.02527216263115406
16058,Loss_Raw/smooth,0.02776978723704815
16108,Loss_Raw/smooth,0.031144311651587486
16158,Loss_Raw/smooth,0.03622264415025711
16208,Loss_Raw/smooth,0.0330498032271862
16258,Loss_Raw/smooth,0.030726421624422073
16308,Loss_Raw/smooth,0.026840977370738983
16358,Loss_Raw/smooth,0.027493935078382492
16408,Loss_Raw/smooth,0.03510994091629982
16458,Loss_Raw/smooth,0.029846416786313057
16508,Loss_Raw/smooth,0.02712867222726345
16558,Loss_Raw/smooth,0.02970641665160656
16608,Loss_Raw/smooth,0.028382042422890663
16658,Loss_Raw/smooth,0.030791640281677246
16708,Loss_Raw/smooth,0.029939334839582443
16758,Loss_Raw/smooth,0.02854560688138008
16808,Loss_Raw/smooth,0.03070703148841858
16858,Loss_Raw/smooth,0.029822250828146935
16908,Loss_Raw/smooth,0.030331969261169434
16958,Loss_Raw/smooth,0.026472067460417747
17008,Loss_Raw/smooth,0.02749696932733059
17058,Loss_Raw/smooth,0.022509394213557243
17101,Loss_Raw/smooth,0.032002661377191544
17151,Loss_Raw/smooth,0.035398516803979874
17201,Loss_Raw/smooth,0.030772017315030098
17251,Loss_Raw/smooth,0.02870931848883629
17301,Loss_Raw/smooth,0.027924079447984695
17351,Loss_Raw/smooth,0.03173411637544632
17401,Loss_Raw/smooth,0.024204641580581665
17451,Loss_Raw/smooth,0.03160301223397255
17501,Loss_Raw/smooth,0.027515262365341187
17551,Loss_Raw/smooth,0.031174853444099426
17601,Loss_Raw/smooth,0.03067123331129551
17651,Loss_Raw/smooth,0.03419289365410805
17701,Loss_Raw/smooth,0.030505100265145302
17751,Loss_Raw/smooth,0.033240314573049545
17801,Loss_Raw/smooth,0.032960567623376846
17851,Loss_Raw/smooth,0.028306659311056137
17901,Loss_Raw/smooth,0.028624393045902252
0,Loss_Raw/stereo,17.966651916503906
50,Loss_Raw/stereo,15.694135665893555
100,Loss_Raw/stereo,11.071004867553711
150,Loss_Raw/stereo,11.207332611083984
200,Loss_Raw/stereo,10.059770584106445
250,Loss_Raw/stereo,8.93681812286377
300,Loss_Raw/stereo,9.415627479553223
350,Loss_Raw/stereo,8.010197639465332
400,Loss_Raw/stereo,8.82632827758789
450,Loss_Raw/stereo,8.33311939239502
500,Loss_Raw/stereo,6.143874645233154
550,Loss_Raw/stereo,5.588093280792236
600,Loss_Raw/stereo,8.500568389892578
650,Loss_Raw/stereo,4.952861785888672
700,Loss_Raw/stereo,6.256804943084717
750,Loss_Raw/stereo,4.788558483123779
800,Loss_Raw/stereo,7.1984663009643555
850,Loss_Raw/stereo,5.188597679138184
900,Loss_Raw/stereo,6.319531440734863
950,Loss_Raw/stereo,7.502625465393066
1000,Loss_Raw/stereo,5.687276840209961
1050,Loss_Raw/stereo,5.976050853729248
1100,Loss_Raw/stereo,4.555629253387451
1150,Loss_Raw/stereo,5.681568622589111
1200,Loss_Raw/stereo,6.2213969230651855
1250,Loss_Raw/stereo,7.332461357116699
1300,Loss_Raw/stereo,6.124284744262695
1350,Loss_Raw/stereo,4.984171390533447
1400,Loss_Raw/stereo,4.8907904624938965
1450,Loss_Raw/stereo,5.414727687835693
1500,Loss_Raw/stereo,4.618325233459473
1550,Loss_Raw/stereo,4.372137069702148
1600,Loss_Raw/stereo,4.517852306365967
1650,Loss_Raw/stereo,5.621090888977051
1700,Loss_Raw/stereo,5.186906814575195
1750,Loss_Raw/stereo,4.924680233001709
1800,Loss_Raw/stereo,4.021705627441406
1850,Loss_Raw/stereo,4.553293228149414
1900,Loss_Raw/stereo,4.48862361907959
1950,Loss_Raw/stereo,5.15388298034668
2000,Loss_Raw/stereo,4.784407615661621
2050,Loss_Raw/stereo,5.821805477142334
2100,Loss_Raw/stereo,5.877148151397705
2150,Loss_Raw/stereo,5.737426280975342
2200,Loss_Raw/stereo,5.663604736328125
2250,Loss_Raw/stereo,4.334985733032227
2300,Loss_Raw/stereo,5.082170009613037
2350,Loss_Raw/stereo,5.166347980499268
2400,Loss_Raw/stereo,4.448088645935059
2443,Loss_Raw/stereo,3.686998128890991
2493,Loss_Raw/stereo,5.524440288543701
2543,Loss_Raw/stereo,4.920915126800537
2593,Loss_Raw/stereo,4.668434143066406
2643,Loss_Raw/stereo,5.020606994628906
2693,Loss_Raw/stereo,4.74616813659668
2743,Loss_Raw/stereo,4.088542938232422
2793,Loss_Raw/stereo,3.734617233276367
2843,Loss_Raw/stereo,4.203745365142822
2893,Loss_Raw/stereo,5.13750696182251
2943,Loss_Raw/stereo,4.898684978485107
2993,Loss_Raw/stereo,4.089446544647217
3043,Loss_Raw/stereo,3.1697280406951904
3093,Loss_Raw/stereo,4.504858493804932
3143,Loss_Raw/stereo,3.489917755126953
3193,Loss_Raw/stereo,4.2916059494018555
3243,Loss_Raw/stereo,4.130795001983643
3293,Loss_Raw/stereo,4.936706066131592
3343,Loss_Raw/stereo,4.377172946929932
3393,Loss_Raw/stereo,4.72300910949707
3443,Loss_Raw/stereo,5.224468231201172
3493,Loss_Raw/stereo,5.226517677307129
3543,Loss_Raw/stereo,4.372149467468262
3593,Loss_Raw/stereo,4.71450138092041
3643,Loss_Raw/stereo,4.513465404510498
3693,Loss_Raw/stereo,3.8114256858825684
3743,Loss_Raw/stereo,3.5395610332489014
3793,Loss_Raw/stereo,3.7227261066436768
3843,Loss_Raw/stereo,4.021451473236084
3893,Loss_Raw/stereo,3.9570555686950684
3943,Loss_Raw/stereo,4.3244476318359375
3993,Loss_Raw/stereo,5.177178382873535
4043,Loss_Raw/stereo,3.9076485633850098
4093,Loss_Raw/stereo,5.604040622711182
4143,Loss_Raw/stereo,4.89902925491333
4193,Loss_Raw/stereo,3.909444808959961
4243,Loss_Raw/stereo,4.779875755310059
4293,Loss_Raw/stereo,5.300747871398926
4343,Loss_Raw/stereo,4.677279949188232
4393,Loss_Raw/stereo,3.392254114151001
4443,Loss_Raw/stereo,4.350130558013916
4493,Loss_Raw/stereo,4.892765998840332
4543,Loss_Raw/stereo,3.664512872695923
4593,Loss_Raw/stereo,4.6370530128479
4643,Loss_Raw/stereo,4.820289611816406
4693,Loss_Raw/stereo,3.3005194664001465
4743,Loss_Raw/stereo,3.9546732902526855
4793,Loss_Raw/stereo,4.705966949462891
4843,Loss_Raw/stereo,3.524451732635498
4886,Loss_Raw/stereo,3.6912152767181396
4936,Loss_Raw/stereo,3.450108051300049
4986,Loss_Raw/stereo,4.6975908279418945
5036,Loss_Raw/stereo,4.936216831207275
5086,Loss_Raw/stereo,4.189532279968262
5136,Loss_Raw/stereo,3.847263813018799
5186,Loss_Raw/stereo,4.80697774887085
5236,Loss_Raw/stereo,3.998478651046753
5286,Loss_Raw/stereo,4.975883960723877
5336,Loss_Raw/stereo,4.428591251373291
5386,Loss_Raw/stereo,4.495798587799072
5436,Loss_Raw/stereo,3.489290952682495
5486,Loss_Raw/stereo,3.4445858001708984
5536,Loss_Raw/stereo,4.015015125274658
5586,Loss_Raw/stereo,3.0810396671295166
5636,Loss_Raw/stereo,3.4459869861602783
5686,Loss_Raw/stereo,3.872631072998047
5736,Loss_Raw/stereo,4.048547744750977
5786,Loss_Raw/stereo,3.530409812927246
5836,Loss_Raw/stereo,4.40519905090332
5886,Loss_Raw/stereo,4.361230373382568
5936,Loss_Raw/stereo,4.2530035972595215
5986,Loss_Raw/stereo,3.4875011444091797
6036,Loss_Raw/stereo,3.660029888153076
6086,Loss_Raw/stereo,4.075305461883545
6136,Loss_Raw/stereo,2.9731781482696533
6186,Loss_Raw/stereo,4.503841400146484
6236,Loss_Raw/stereo,3.7665369510650635
6286,Loss_Raw/stereo,3.9821534156799316
6336,Loss_Raw/stereo,5.617181777954102
6386,Loss_Raw/stereo,3.889233350753784
6436,Loss_Raw/stereo,4.055680274963379
6486,Loss_Raw/stereo,3.482123613357544
6536,Loss_Raw/stereo,4.461856842041016
6586,Loss_Raw/stereo,2.956505537033081
6636,Loss_Raw/stereo,4.121323585510254
6686,Loss_Raw/stereo,3.830167293548584
6736,Loss_Raw/stereo,3.026893138885498
6786,Loss_Raw/stereo,4.4215264320373535
6836,Loss_Raw/stereo,3.7870278358459473
6886,Loss_Raw/stereo,4.680195331573486
6936,Loss_Raw/stereo,3.107964515686035
6986,Loss_Raw/stereo,3.718073844909668
7036,Loss_Raw/stereo,4.13422155380249
7086,Loss_Raw/stereo,3.146284818649292
7136,Loss_Raw/stereo,2.671509265899658
7186,Loss_Raw/stereo,4.494130611419678
7236,Loss_Raw/stereo,3.733649730682373
7286,Loss_Raw/stereo,4.355769634246826
7329,Loss_Raw/stereo,3.8597898483276367
7379,Loss_Raw/stereo,4.466310977935791
7429,Loss_Raw/stereo,3.3179173469543457
7479,Loss_Raw/stereo,3.505805015563965
7529,Loss_Raw/stereo,4.381310939788818
7579,Loss_Raw/stereo,3.201533555984497
7629,Loss_Raw/stereo,3.9421565532684326
7679,Loss_Raw/stereo,4.166409492492676
7729,Loss_Raw/stereo,2.8876988887786865
7779,Loss_Raw/stereo,4.130138874053955
7829,Loss_Raw/stereo,3.207287073135376
7879,Loss_Raw/stereo,3.9433510303497314
7929,Loss_Raw/stereo,3.552663803100586
7979,Loss_Raw/stereo,4.830127239227295
8029,Loss_Raw/stereo,4.11077880859375
8079,Loss_Raw/stereo,4.982302665710449
8129,Loss_Raw/stereo,4.376832008361816
8179,Loss_Raw/stereo,4.061434268951416
8229,Loss_Raw/stereo,4.97257137298584
8279,Loss_Raw/stereo,2.9145805835723877
8329,Loss_Raw/stereo,2.958387613296509
8379,Loss_Raw/stereo,3.9421133995056152
8429,Loss_Raw/stereo,4.1993608474731445
8479,Loss_Raw/stereo,4.4460344314575195
8529,Loss_Raw/stereo,3.302769184112549
8579,Loss_Raw/stereo,3.861257791519165
8629,Loss_Raw/stereo,3.426349639892578
8679,Loss_Raw/stereo,4.393389701843262
8729,Loss_Raw/stereo,3.4483635425567627
8779,Loss_Raw/stereo,5.070040225982666
8829,Loss_Raw/stereo,3.6999125480651855
8879,Loss_Raw/stereo,3.84672212600708
8929,Loss_Raw/stereo,3.82863712310791
8979,Loss_Raw/stereo,3.6261613368988037
9029,Loss_Raw/stereo,4.1051411628723145
9079,Loss_Raw/stereo,4.60811185836792
9129,Loss_Raw/stereo,5.870221138000488
9179,Loss_Raw/stereo,3.640704870223999
9229,Loss_Raw/stereo,3.302882432937622
9279,Loss_Raw/stereo,3.4745981693267822
9329,Loss_Raw/stereo,5.072609901428223
9379,Loss_Raw/stereo,4.116800308227539
9429,Loss_Raw/stereo,3.133668899536133
9479,Loss_Raw/stereo,3.889005422592163
9529,Loss_Raw/stereo,3.4601335525512695
9579,Loss_Raw/stereo,3.758688449859619
9629,Loss_Raw/stereo,3.5932767391204834
9679,Loss_Raw/stereo,3.373772382736206
9729,Loss_Raw/stereo,3.11232852935791
9772,Loss_Raw/stereo,3.123967409133911
9822,Loss_Raw/stereo,4.3253984451293945
9872,Loss_Raw/stereo,2.7323050498962402
9922,Loss_Raw/stereo,4.733589172363281
9972,Loss_Raw/stereo,4.5161542892456055
10022,Loss_Raw/stereo,4.548614978790283
10072,Loss_Raw/stereo,2.8096559047698975
10122,Loss_Raw/stereo,3.641767740249634
10172,Loss_Raw/stereo,3.4496872425079346
10222,Loss_Raw/stereo,3.221409320831299
10272,Loss_Raw/stereo,4.646202087402344
10322,Loss_Raw/stereo,3.32081937789917
10372,Loss_Raw/stereo,4.06028938293457
10422,Loss_Raw/stereo,2.894944190979004
10472,Loss_Raw/stereo,4.146727085113525
10522,Loss_Raw/stereo,3.3485608100891113
10572,Loss_Raw/stereo,3.512572765350342
10622,Loss_Raw/stereo,3.0467019081115723
10672,Loss_Raw/stereo,4.478276252746582
10722,Loss_Raw/stereo,4.445471286773682
10772,Loss_Raw/stereo,3.8820297718048096
10822,Loss_Raw/stereo,3.2683663368225098
10872,Loss_Raw/stereo,4.177096843719482
10922,Loss_Raw/stereo,3.5056090354919434
10972,Loss_Raw/stereo,3.670234203338623
11022,Loss_Raw/stereo,3.5383565425872803
11072,Loss_Raw/stereo,3.810863733291626
11122,Loss_Raw/stereo,3.20625901222229
11172,Loss_Raw/stereo,3.785198926925659
11222,Loss_Raw/stereo,3.674785852432251
11272,Loss_Raw/stereo,3.1149909496307373
11322,Loss_Raw/stereo,3.048574686050415
11372,Loss_Raw/stereo,4.22707986831665
11422,Loss_Raw/stereo,4.974600791931152
11472,Loss_Raw/stereo,3.879746913909912
11522,Loss_Raw/stereo,4.0893049240112305
11572,Loss_Raw/stereo,3.9214181900024414
11622,Loss_Raw/stereo,3.383809804916382
11672,Loss_Raw/stereo,3.5500688552856445
11722,Loss_Raw/stereo,4.138995170593262
11772,Loss_Raw/stereo,3.472249746322632
11822,Loss_Raw/stereo,3.0054571628570557
11872,Loss_Raw/stereo,4.394379138946533
11922,Loss_Raw/stereo,2.9842798709869385
11972,Loss_Raw/stereo,3.4086320400238037
12022,Loss_Raw/stereo,4.254421234130859
12072,Loss_Raw/stereo,3.4774882793426514
12122,Loss_Raw/stereo,3.6166908740997314
12172,Loss_Raw/stereo,4.196102619171143
12215,Loss_Raw/stereo,3.138098955154419
12265,Loss_Raw/stereo,3.104310989379883
12315,Loss_Raw/stereo,3.4855096340179443
12365,Loss_Raw/stereo,3.8547980785369873
12415,Loss_Raw/stereo,4.024155139923096
12465,Loss_Raw/stereo,3.715860366821289
12515,Loss_Raw/stereo,5.11423921585083
12565,Loss_Raw/stereo,4.038967609405518
12615,Loss_Raw/stereo,4.26482629776001
12665,Loss_Raw/stereo,3.948406457901001
12715,Loss_Raw/stereo,3.2567059993743896
12765,Loss_Raw/stereo,3.9872868061065674
12815,Loss_Raw/stereo,2.6741092205047607
12865,Loss_Raw/stereo,3.247195243835449
12915,Loss_Raw/stereo,4.2536821365356445
12965,Loss_Raw/stereo,4.498195648193359
13015,Loss_Raw/stereo,3.449204683303833
13065,Loss_Raw/stereo,3.733412742614746
13115,Loss_Raw/stereo,3.9817287921905518
13165,Loss_Raw/stereo,4.763149738311768
13215,Loss_Raw/stereo,4.936455249786377
13265,Loss_Raw/stereo,2.6704251766204834
13315,Loss_Raw/stereo,3.242326259613037
13365,Loss_Raw/stereo,3.3905551433563232
13415,Loss_Raw/stereo,4.25718355178833
13465,Loss_Raw/stereo,3.930975914001465
13515,Loss_Raw/stereo,4.499293804168701
13565,Loss_Raw/stereo,3.063905715942383
13615,Loss_Raw/stereo,3.4640796184539795
13665,Loss_Raw/stereo,4.326314926147461
13715,Loss_Raw/stereo,3.461962938308716
13765,Loss_Raw/stereo,3.648688554763794
13815,Loss_Raw/stereo,2.5234873294830322
13865,Loss_Raw/stereo,3.7271647453308105
13915,Loss_Raw/stereo,3.0094568729400635
13965,Loss_Raw/stereo,2.8518009185791016
14015,Loss_Raw/stereo,3.8049511909484863
14065,Loss_Raw/stereo,3.162233352661133
14115,Loss_Raw/stereo,2.8885226249694824
14165,Loss_Raw/stereo,3.0270774364471436
14215,Loss_Raw/stereo,3.5287795066833496
14265,Loss_Raw/stereo,3.727435350418091
14315,Loss_Raw/stereo,3.362521171569824
14365,Loss_Raw/stereo,4.0739240646362305
14415,Loss_Raw/stereo,2.9053611755371094
14465,Loss_Raw/stereo,4.225249767303467
14515,Loss_Raw/stereo,3.4897570610046387
14565,Loss_Raw/stereo,3.3828678131103516
14615,Loss_Raw/stereo,3.65562105178833
14658,Loss_Raw/stereo,3.8310248851776123
14708,Loss_Raw/stereo,3.9307262897491455
14758,Loss_Raw/stereo,3.2473034858703613
14808,Loss_Raw/stereo,4.2034807205200195
14858,Loss_Raw/stereo,4.023520469665527
14908,Loss_Raw/stereo,4.1074442863464355
14958,Loss_Raw/stereo,4.333042144775391
15008,Loss_Raw/stereo,4.034204483032227
15058,Loss_Raw/stereo,3.3832433223724365
15108,Loss_Raw/stereo,2.794811248779297
15158,Loss_Raw/stereo,4.89833402633667
15208,Loss_Raw/stereo,4.162286281585693
15258,Loss_Raw/stereo,3.0538060665130615
15308,Loss_Raw/stereo,3.312574863433838
15358,Loss_Raw/stereo,3.889552593231201
15408,Loss_Raw/stereo,2.8223135471343994
15458,Loss_Raw/stereo,4.042331218719482
15508,Loss_Raw/stereo,2.6628470420837402
15558,Loss_Raw/stereo,3.1659858226776123
15608,Loss_Raw/stereo,3.6003949642181396
15658,Loss_Raw/stereo,3.485382556915283
15708,Loss_Raw/stereo,3.821781635284424
15758,Loss_Raw/stereo,4.753238677978516
15808,Loss_Raw/stereo,2.841588258743286
15858,Loss_Raw/stereo,3.5911624431610107
15908,Loss_Raw/stereo,3.3027565479278564
15958,Loss_Raw/stereo,2.852994918823242
16008,Loss_Raw/stereo,3.1291518211364746
16058,Loss_Raw/stereo,3.430981159210205
16108,Loss_Raw/stereo,4.124789714813232
16158,Loss_Raw/stereo,4.4517412185668945
16208,Loss_Raw/stereo,3.1664488315582275
16258,Loss_Raw/stereo,2.618940591812134
16308,Loss_Raw/stereo,4.44183874130249
16358,Loss_Raw/stereo,2.8885726928710938
16408,Loss_Raw/stereo,4.73293924331665
16458,Loss_Raw/stereo,3.396139621734619
16508,Loss_Raw/stereo,3.1914992332458496
16558,Loss_Raw/stereo,3.127821683883667
16608,Loss_Raw/stereo,2.7964284420013428
16658,Loss_Raw/stereo,2.643489360809326
16708,Loss_Raw/stereo,3.9171764850616455
16758,Loss_Raw/stereo,3.8638017177581787
16808,Loss_Raw/stereo,3.8306190967559814
16858,Loss_Raw/stereo,3.78725266456604
16908,Loss_Raw/stereo,3.3682501316070557
16958,Loss_Raw/stereo,3.7553672790527344
17008,Loss_Raw/stereo,4.1710076332092285
17058,Loss_Raw/stereo,3.6731669902801514
17101,Loss_Raw/stereo,3.2307047843933105
17151,Loss_Raw/stereo,3.497175455093384
17201,Loss_Raw/stereo,3.5289692878723145
17251,Loss_Raw/stereo,3.364015579223633
17301,Loss_Raw/stereo,3.674248456954956
17351,Loss_Raw/stereo,3.0690464973449707
17401,Loss_Raw/stereo,2.768859624862671
17451,Loss_Raw/stereo,4.116005897521973
17501,Loss_Raw/stereo,3.2728309631347656
17551,Loss_Raw/stereo,3.242210626602173
17601,Loss_Raw/stereo,3.843186616897583
17651,Loss_Raw/stereo,4.402708530426025
17701,Loss_Raw/stereo,3.5532100200653076
17751,Loss_Raw/stereo,5.221916675567627
17801,Loss_Raw/stereo,3.318406105041504
17851,Loss_Raw/stereo,3.5533950328826904
17901,Loss_Raw/stereo,3.1215763092041016
0,Loss_Raw/stereo_aux,2.6039702892303467
50,Loss_Raw/stereo_aux,3.2880871295928955
100,Loss_Raw/stereo_aux,2.7849056720733643
150,Loss_Raw/stereo_aux,3.2079315185546875
200,Loss_Raw/stereo_aux,2.7980780601501465
250,Loss_Raw/stereo_aux,2.4500503540039062
300,Loss_Raw/stereo_aux,2.859682083129883
350,Loss_Raw/stereo_aux,2.4783647060394287
400,Loss_Raw/stereo_aux,2.8786134719848633
450,Loss_Raw/stereo_aux,2.8006768226623535
500,Loss_Raw/stereo_aux,2.058513641357422
550,Loss_Raw/stereo_aux,1.896288514137268
600,Loss_Raw/stereo_aux,2.5844247341156006
650,Loss_Raw/stereo_aux,1.6209619045257568
700,Loss_Raw/stereo_aux,1.745255470275879
750,Loss_Raw/stereo_aux,1.606259822845459
800,Loss_Raw/stereo_aux,2.0144221782684326
850,Loss_Raw/stereo_aux,1.6225517988204956
900,Loss_Raw/stereo_aux,1.8446826934814453
950,Loss_Raw/stereo_aux,1.9663240909576416
1000,Loss_Raw/stereo_aux,1.6724915504455566
1050,Loss_Raw/stereo_aux,1.8934035301208496
1100,Loss_Raw/stereo_aux,1.5317957401275635
1150,Loss_Raw/stereo_aux,1.6678457260131836
1200,Loss_Raw/stereo_aux,1.8844951391220093
1250,Loss_Raw/stereo_aux,1.868368148803711
1300,Loss_Raw/stereo_aux,1.7520008087158203
1350,Loss_Raw/stereo_aux,1.559948444366455
1400,Loss_Raw/stereo_aux,1.3976011276245117
1450,Loss_Raw/stereo_aux,1.5886788368225098
1500,Loss_Raw/stereo_aux,1.4189397096633911
1550,Loss_Raw/stereo_aux,1.3521666526794434
1600,Loss_Raw/stereo_aux,1.3157864809036255
1650,Loss_Raw/stereo_aux,1.5402781963348389
1700,Loss_Raw/stereo_aux,1.5655500888824463
1750,Loss_Raw/stereo_aux,1.4764994382858276
1800,Loss_Raw/stereo_aux,1.2027713060379028
1850,Loss_Raw/stereo_aux,1.2647494077682495
1900,Loss_Raw/stereo_aux,1.3104369640350342
1950,Loss_Raw/stereo_aux,1.440407156944275
2000,Loss_Raw/stereo_aux,1.3999392986297607
2050,Loss_Raw/stereo_aux,1.6142966747283936
2100,Loss_Raw/stereo_aux,1.6791021823883057
2150,Loss_Raw/stereo_aux,1.423259973526001
2200,Loss_Raw/stereo_aux,1.5604647397994995
2250,Loss_Raw/stereo_aux,1.2544971704483032
2300,Loss_Raw/stereo_aux,1.5490150451660156
2350,Loss_Raw/stereo_aux,1.4913996458053589
2400,Loss_Raw/stereo_aux,1.2626640796661377
2443,Loss_Raw/stereo_aux,1.0996389389038086
2493,Loss_Raw/stereo_aux,1.5309319496154785
2543,Loss_Raw/stereo_aux,1.3508551120758057
2593,Loss_Raw/stereo_aux,1.3311532735824585
2643,Loss_Raw/stereo_aux,1.3047935962677002
2693,Loss_Raw/stereo_aux,1.2494093179702759
2743,Loss_Raw/stereo_aux,1.1276625394821167
2793,Loss_Raw/stereo_aux,1.1486597061157227
2843,Loss_Raw/stereo_aux,1.1155271530151367
2893,Loss_Raw/stereo_aux,1.3828368186950684
2943,Loss_Raw/stereo_aux,1.3125510215759277
2993,Loss_Raw/stereo_aux,1.165708065032959
3043,Loss_Raw/stereo_aux,1.0068607330322266
3093,Loss_Raw/stereo_aux,1.2745505571365356
3143,Loss_Raw/stereo_aux,1.054492473602295
3193,Loss_Raw/stereo_aux,1.2183640003204346
3243,Loss_Raw/stereo_aux,1.2078202962875366
3293,Loss_Raw/stereo_aux,1.2915302515029907
3343,Loss_Raw/stereo_aux,1.2044178247451782
3393,Loss_Raw/stereo_aux,1.314328670501709
3443,Loss_Raw/stereo_aux,1.3406423330307007
3493,Loss_Raw/stereo_aux,1.3779642581939697
3543,Loss_Raw/stereo_aux,1.3352949619293213
3593,Loss_Raw/stereo_aux,1.291480541229248
3643,Loss_Raw/stereo_aux,1.3767677545547485
3693,Loss_Raw/stereo_aux,1.1342763900756836
3743,Loss_Raw/stereo_aux,1.0912119150161743
3793,Loss_Raw/stereo_aux,1.127460241317749
3843,Loss_Raw/stereo_aux,1.1882362365722656
3893,Loss_Raw/stereo_aux,1.2018588781356812
3943,Loss_Raw/stereo_aux,1.2284247875213623
3993,Loss_Raw/stereo_aux,1.4892020225524902
4043,Loss_Raw/stereo_aux,1.010510802268982
4093,Loss_Raw/stereo_aux,1.5232257843017578
4143,Loss_Raw/stereo_aux,1.3396921157836914
4193,Loss_Raw/stereo_aux,1.085796594619751
4243,Loss_Raw/stereo_aux,1.287166714668274
4293,Loss_Raw/stereo_aux,1.2882002592086792
4343,Loss_Raw/stereo_aux,1.2621235847473145
4393,Loss_Raw/stereo_aux,1.0580321550369263
4443,Loss_Raw/stereo_aux,1.2411296367645264
4493,Loss_Raw/stereo_aux,1.3705414533615112
4543,Loss_Raw/stereo_aux,1.1015863418579102
4593,Loss_Raw/stereo_aux,1.304168939590454
4643,Loss_Raw/stereo_aux,1.3935511112213135
4693,Loss_Raw/stereo_aux,1.0205804109573364
4743,Loss_Raw/stereo_aux,1.1910226345062256
4793,Loss_Raw/stereo_aux,1.303940773010254
4843,Loss_Raw/stereo_aux,1.063680648803711
4886,Loss_Raw/stereo_aux,1.0768996477127075
4936,Loss_Raw/stereo_aux,1.0362014770507812
4986,Loss_Raw/stereo_aux,1.2546766996383667
5036,Loss_Raw/stereo_aux,1.3678776025772095
5086,Loss_Raw/stereo_aux,1.1693909168243408
5136,Loss_Raw/stereo_aux,1.0550382137298584
5186,Loss_Raw/stereo_aux,1.3267838954925537
5236,Loss_Raw/stereo_aux,1.234511375427246
5286,Loss_Raw/stereo_aux,1.4115582704544067
5336,Loss_Raw/stereo_aux,1.3235291242599487
5386,Loss_Raw/stereo_aux,1.294974684715271
5436,Loss_Raw/stereo_aux,1.0837019681930542
5486,Loss_Raw/stereo_aux,1.093684434890747
5536,Loss_Raw/stereo_aux,1.1690229177474976
5586,Loss_Raw/stereo_aux,1.0010942220687866
5636,Loss_Raw/stereo_aux,1.0851613283157349
5686,Loss_Raw/stereo_aux,1.1209503412246704
5736,Loss_Raw/stereo_aux,1.16995370388031
5786,Loss_Raw/stereo_aux,1.0966686010360718
5836,Loss_Raw/stereo_aux,1.3051844835281372
5886,Loss_Raw/stereo_aux,1.2008885145187378
5936,Loss_Raw/stereo_aux,1.1804919242858887
5986,Loss_Raw/stereo_aux,1.0871448516845703
6036,Loss_Raw/stereo_aux,1.0785391330718994
6086,Loss_Raw/stereo_aux,1.351309061050415
6136,Loss_Raw/stereo_aux,0.9063014388084412
6186,Loss_Raw/stereo_aux,1.2095608711242676
6236,Loss_Raw/stereo_aux,1.1122372150421143
6286,Loss_Raw/stereo_aux,1.1954519748687744
6336,Loss_Raw/stereo_aux,1.4102424383163452
6386,Loss_Raw/stereo_aux,1.1765697002410889
6436,Loss_Raw/stereo_aux,1.0878468751907349
6486,Loss_Raw/stereo_aux,1.029207706451416
6536,Loss_Raw/stereo_aux,1.24744713306427
6586,Loss_Raw/stereo_aux,0.9392495155334473
6636,Loss_Raw/stereo_aux,1.1944705247879028
6686,Loss_Raw/stereo_aux,1.0985342264175415
6736,Loss_Raw/stereo_aux,0.9612032771110535
6786,Loss_Raw/stereo_aux,1.2896474599838257
6836,Loss_Raw/stereo_aux,1.1110607385635376
6886,Loss_Raw/stereo_aux,1.25593101978302
6936,Loss_Raw/stereo_aux,0.9687085151672363
6986,Loss_Raw/stereo_aux,1.1040257215499878
7036,Loss_Raw/stereo_aux,1.1936389207839966
7086,Loss_Raw/stereo_aux,0.9953800439834595
7136,Loss_Raw/stereo_aux,0.913116991519928
7186,Loss_Raw/stereo_aux,1.2110189199447632
7236,Loss_Raw/stereo_aux,1.1030492782592773
7286,Loss_Raw/stereo_aux,1.184954285621643
7329,Loss_Raw/stereo_aux,1.105202317237854
7379,Loss_Raw/stereo_aux,1.2268593311309814
7429,Loss_Raw/stereo_aux,1.0109484195709229
7479,Loss_Raw/stereo_aux,1.1085997819900513
7529,Loss_Raw/stereo_aux,1.321358323097229
7579,Loss_Raw/stereo_aux,1.0235460996627808
7629,Loss_Raw/stereo_aux,1.0898710489273071
7679,Loss_Raw/stereo_aux,1.217952013015747
7729,Loss_Raw/stereo_aux,1.0426868200302124
7779,Loss_Raw/stereo_aux,1.1773712635040283
7829,Loss_Raw/stereo_aux,0.9788296818733215
7879,Loss_Raw/stereo_aux,1.1953070163726807
7929,Loss_Raw/stereo_aux,0.9974883794784546
7979,Loss_Raw/stereo_aux,1.3875305652618408
8029,Loss_Raw/stereo_aux,1.126592993736267
8079,Loss_Raw/stereo_aux,1.2682241201400757
8129,Loss_Raw/stereo_aux,1.1694316864013672
8179,Loss_Raw/stereo_aux,1.1939146518707275
8229,Loss_Raw/stereo_aux,1.2428520917892456
8279,Loss_Raw/stereo_aux,0.922907292842865
8329,Loss_Raw/stereo_aux,0.8735435009002686
8379,Loss_Raw/stereo_aux,1.1573710441589355
8429,Loss_Raw/stereo_aux,1.329210877418518
8479,Loss_Raw/stereo_aux,1.1593307256698608
8529,Loss_Raw/stereo_aux,1.0179879665374756
8579,Loss_Raw/stereo_aux,1.1310185194015503
8629,Loss_Raw/stereo_aux,1.0749924182891846
8679,Loss_Raw/stereo_aux,1.2302587032318115
8729,Loss_Raw/stereo_aux,1.0909225940704346
8779,Loss_Raw/stereo_aux,1.3173810243606567
8829,Loss_Raw/stereo_aux,1.0642600059509277
8879,Loss_Raw/stereo_aux,1.125252604484558
8929,Loss_Raw/stereo_aux,1.1544404029846191
8979,Loss_Raw/stereo_aux,1.0569185018539429
9029,Loss_Raw/stereo_aux,1.2041863203048706
9079,Loss_Raw/stereo_aux,1.3013005256652832
9129,Loss_Raw/stereo_aux,1.4449044466018677
9179,Loss_Raw/stereo_aux,1.0181825160980225
9229,Loss_Raw/stereo_aux,1.013349175453186
9279,Loss_Raw/stereo_aux,0.9864208102226257
9329,Loss_Raw/stereo_aux,1.321174144744873
9379,Loss_Raw/stereo_aux,1.1744023561477661
9429,Loss_Raw/stereo_aux,1.0165879726409912
9479,Loss_Raw/stereo_aux,1.0629228353500366
9529,Loss_Raw/stereo_aux,1.0090123414993286
9579,Loss_Raw/stereo_aux,1.1275829076766968
9629,Loss_Raw/stereo_aux,1.1636453866958618
9679,Loss_Raw/stereo_aux,1.0865330696105957
9729,Loss_Raw/stereo_aux,1.043487310409546
9772,Loss_Raw/stereo_aux,0.9142397046089172
9822,Loss_Raw/stereo_aux,1.19718599319458
9872,Loss_Raw/stereo_aux,0.9699605107307434
9922,Loss_Raw/stereo_aux,1.2761743068695068
9972,Loss_Raw/stereo_aux,1.3590319156646729
10022,Loss_Raw/stereo_aux,1.3521445989608765
10072,Loss_Raw/stereo_aux,0.8852288126945496
10122,Loss_Raw/stereo_aux,1.1048928499221802
10172,Loss_Raw/stereo_aux,1.0072827339172363
10222,Loss_Raw/stereo_aux,1.0018885135650635
10272,Loss_Raw/stereo_aux,1.3031102418899536
10322,Loss_Raw/stereo_aux,1.1181280612945557
10372,Loss_Raw/stereo_aux,1.1886169910430908
10422,Loss_Raw/stereo_aux,0.9663326144218445
10472,Loss_Raw/stereo_aux,1.2719848155975342
10522,Loss_Raw/stereo_aux,1.0493403673171997
10572,Loss_Raw/stereo_aux,1.129164218902588
10622,Loss_Raw/stereo_aux,0.9298052787780762
10672,Loss_Raw/stereo_aux,1.1123507022857666
10722,Loss_Raw/stereo_aux,1.232158899307251
10772,Loss_Raw/stereo_aux,1.1858408451080322
10822,Loss_Raw/stereo_aux,1.1344029903411865
10872,Loss_Raw/stereo_aux,1.2151261568069458
10922,Loss_Raw/stereo_aux,1.1103712320327759
10972,Loss_Raw/stereo_aux,1.137231469154358
11022,Loss_Raw/stereo_aux,1.0825388431549072
11072,Loss_Raw/stereo_aux,1.1547213792800903
11122,Loss_Raw/stereo_aux,0.917809247970581
11172,Loss_Raw/stereo_aux,1.1532176733016968
11222,Loss_Raw/stereo_aux,1.0373706817626953
11272,Loss_Raw/stereo_aux,1.0379992723464966
11322,Loss_Raw/stereo_aux,0.9570926427841187
11372,Loss_Raw/stereo_aux,1.242529273033142
11422,Loss_Raw/stereo_aux,1.430635929107666
11472,Loss_Raw/stereo_aux,1.1866612434387207
11522,Loss_Raw/stereo_aux,1.2012687921524048
11572,Loss_Raw/stereo_aux,1.2475014925003052
11622,Loss_Raw/stereo_aux,0.9983602166175842
11672,Loss_Raw/stereo_aux,1.0832322835922241
11722,Loss_Raw/stereo_aux,1.1886088848114014
11772,Loss_Raw/stereo_aux,1.1084719896316528
11822,Loss_Raw/stereo_aux,1.043721318244934
11872,Loss_Raw/stereo_aux,1.3434327840805054
11922,Loss_Raw/stereo_aux,0.9746310114860535
11972,Loss_Raw/stereo_aux,1.1433346271514893
12022,Loss_Raw/stereo_aux,1.2668087482452393
12072,Loss_Raw/stereo_aux,1.0224164724349976
12122,Loss_Raw/stereo_aux,1.064778208732605
12172,Loss_Raw/stereo_aux,1.200563907623291
12215,Loss_Raw/stereo_aux,0.9921414256095886
12265,Loss_Raw/stereo_aux,0.9373630285263062
12315,Loss_Raw/stereo_aux,1.0607889890670776
12365,Loss_Raw/stereo_aux,1.1981698274612427
12415,Loss_Raw/stereo_aux,1.1870567798614502
12465,Loss_Raw/stereo_aux,1.0627074241638184
12515,Loss_Raw/stereo_aux,1.3765524625778198
12565,Loss_Raw/stereo_aux,1.2065610885620117
12615,Loss_Raw/stereo_aux,1.2452263832092285
12665,Loss_Raw/stereo_aux,1.0966863632202148
12715,Loss_Raw/stereo_aux,1.026900291442871
12765,Loss_Raw/stereo_aux,1.1816924810409546
12815,Loss_Raw/stereo_aux,0.9263303279876709
12865,Loss_Raw/stereo_aux,1.0439589023590088
12915,Loss_Raw/stereo_aux,1.1367629766464233
12965,Loss_Raw/stereo_aux,1.2482119798660278
13015,Loss_Raw/stereo_aux,1.0795282125473022
13065,Loss_Raw/stereo_aux,1.0757852792739868
13115,Loss_Raw/stereo_aux,1.181854009628296
13165,Loss_Raw/stereo_aux,1.3706278800964355
13215,Loss_Raw/stereo_aux,1.352945327758789
13265,Loss_Raw/stereo_aux,0.8463428616523743
13315,Loss_Raw/stereo_aux,1.0238302946090698
13365,Loss_Raw/stereo_aux,1.0921204090118408
13415,Loss_Raw/stereo_aux,1.2442409992218018
13465,Loss_Raw/stereo_aux,1.1799778938293457
13515,Loss_Raw/stereo_aux,1.3417469263076782
13565,Loss_Raw/stereo_aux,1.0688564777374268
13615,Loss_Raw/stereo_aux,1.0918004512786865
13665,Loss_Raw/stereo_aux,1.2802014350891113
13715,Loss_Raw/stereo_aux,1.0404545068740845
13765,Loss_Raw/stereo_aux,1.1017011404037476
13815,Loss_Raw/stereo_aux,0.9635992646217346
13865,Loss_Raw/stereo_aux,1.1606113910675049
13915,Loss_Raw/stereo_aux,0.9863643050193787
13965,Loss_Raw/stereo_aux,0.9695425033569336
14015,Loss_Raw/stereo_aux,1.1588048934936523
14065,Loss_Raw/stereo_aux,1.0812160968780518
14115,Loss_Raw/stereo_aux,0.908082127571106
14165,Loss_Raw/stereo_aux,1.0016791820526123
14215,Loss_Raw/stereo_aux,1.0696887969970703
14265,Loss_Raw/stereo_aux,1.1065070629119873
14315,Loss_Raw/stereo_aux,1.048389196395874
14365,Loss_Raw/stereo_aux,1.164210319519043
14415,Loss_Raw/stereo_aux,0.9726260900497437
14465,Loss_Raw/stereo_aux,1.266767144203186
14515,Loss_Raw/stereo_aux,1.122431993484497
14565,Loss_Raw/stereo_aux,1.042915940284729
14615,Loss_Raw/stereo_aux,1.1153056621551514
14658,Loss_Raw/stereo_aux,1.1747244596481323
14708,Loss_Raw/stereo_aux,1.1133350133895874
14758,Loss_Raw/stereo_aux,1.0399954319000244
14808,Loss_Raw/stereo_aux,1.1836152076721191
14858,Loss_Raw/stereo_aux,1.2153805494308472
14908,Loss_Raw/stereo_aux,1.2140828371047974
14958,Loss_Raw/stereo_aux,1.2833806276321411
15008,Loss_Raw/stereo_aux,1.2541526556015015
15058,Loss_Raw/stereo_aux,1.057402491569519
15108,Loss_Raw/stereo_aux,1.0140167474746704
15158,Loss_Raw/stereo_aux,1.2818059921264648
15208,Loss_Raw/stereo_aux,1.146155595779419
15258,Loss_Raw/stereo_aux,1.0147802829742432
15308,Loss_Raw/stereo_aux,1.0442500114440918
15358,Loss_Raw/stereo_aux,1.177613615989685
15408,Loss_Raw/stereo_aux,0.934704065322876
15458,Loss_Raw/stereo_aux,1.182468056678772
15508,Loss_Raw/stereo_aux,0.8854843974113464
15558,Loss_Raw/stereo_aux,1.072376012802124
15608,Loss_Raw/stereo_aux,1.1034713983535767
15658,Loss_Raw/stereo_aux,1.0885251760482788
15708,Loss_Raw/stereo_aux,1.0340443849563599
15758,Loss_Raw/stereo_aux,1.2609548568725586
15808,Loss_Raw/stereo_aux,0.9455839991569519
15858,Loss_Raw/stereo_aux,1.0942814350128174
15908,Loss_Raw/stereo_aux,1.0665149688720703
15958,Loss_Raw/stereo_aux,0.975624680519104
16008,Loss_Raw/stereo_aux,1.0164659023284912
16058,Loss_Raw/stereo_aux,0.9671255350112915
16108,Loss_Raw/stereo_aux,1.1980239152908325
16158,Loss_Raw/stereo_aux,1.3633277416229248
16208,Loss_Raw/stereo_aux,1.016708493232727
16258,Loss_Raw/stereo_aux,0.8792676329612732
16308,Loss_Raw/stereo_aux,1.2912648916244507
16358,Loss_Raw/stereo_aux,0.9416773915290833
16408,Loss_Raw/stereo_aux,1.3102315664291382
16458,Loss_Raw/stereo_aux,0.9494557976722717
16508,Loss_Raw/stereo_aux,1.0779986381530762
16558,Loss_Raw/stereo_aux,0.9700724482536316
16608,Loss_Raw/stereo_aux,0.9430862665176392
16658,Loss_Raw/stereo_aux,0.9454622864723206
16708,Loss_Raw/stereo_aux,1.1557403802871704
16758,Loss_Raw/stereo_aux,1.1603995561599731
16808,Loss_Raw/stereo_aux,1.20950186252594
16858,Loss_Raw/stereo_aux,1.1244970560073853
16908,Loss_Raw/stereo_aux,0.9707966446876526
16958,Loss_Raw/stereo_aux,1.0905653238296509
17008,Loss_Raw/stereo_aux,1.1580712795257568
17058,Loss_Raw/stereo_aux,1.0569946765899658
17101,Loss_Raw/stereo_aux,0.9829663038253784
17151,Loss_Raw/stereo_aux,1.108109474182129
17201,Loss_Raw/stereo_aux,1.0823588371276855
17251,Loss_Raw/stereo_aux,1.0387852191925049
17301,Loss_Raw/stereo_aux,1.084558129310608
17351,Loss_Raw/stereo_aux,0.9873591065406799
17401,Loss_Raw/stereo_aux,0.9221861958503723
17451,Loss_Raw/stereo_aux,1.1726018190383911
17501,Loss_Raw/stereo_aux,1.008222222328186
17551,Loss_Raw/stereo_aux,0.9656608700752258
17601,Loss_Raw/stereo_aux,1.1240662336349487
17651,Loss_Raw/stereo_aux,1.249701738357544
17701,Loss_Raw/stereo_aux,1.1055521965026855
17751,Loss_Raw/stereo_aux,1.2718806266784668
17801,Loss_Raw/stereo_aux,0.9987553358078003
17851,Loss_Raw/stereo_aux,1.0454084873199463
17901,Loss_Raw/stereo_aux,0.9872754216194153
0,Loss_Raw/stereo_laplacian,1.1976323127746582
50,Loss_Raw/stereo_laplacian,2.113189697265625
100,Loss_Raw/stereo_laplacian,1.8647258281707764
150,Loss_Raw/stereo_laplacian,1.7587285041809082
200,Loss_Raw/stereo_laplacian,1.728176474571228
250,Loss_Raw/stereo_laplacian,1.6797897815704346
300,Loss_Raw/stereo_laplacian,1.7274938821792603
350,Loss_Raw/stereo_laplacian,1.732557773590088
400,Loss_Raw/stereo_laplacian,1.7037792205810547
450,Loss_Raw/stereo_laplacian,2.1101291179656982
500,Loss_Raw/stereo_laplacian,1.5747579336166382
550,Loss_Raw/stereo_laplacian,1.3553825616836548
600,Loss_Raw/stereo_laplacian,1.8760485649108887
650,Loss_Raw/stereo_laplacian,1.7312732934951782
700,Loss_Raw/stereo_laplacian,1.5707883834838867
750,Loss_Raw/stereo_laplacian,1.3589184284210205
800,Loss_Raw/stereo_laplacian,1.5132404565811157
850,Loss_Raw/stereo_laplacian,1.3642045259475708
900,Loss_Raw/stereo_laplacian,1.3702430725097656
950,Loss_Raw/stereo_laplacian,1.3957316875457764
1000,Loss_Raw/stereo_laplacian,1.3022181987762451
1050,Loss_Raw/stereo_laplacian,1.4553159475326538
1100,Loss_Raw/stereo_laplacian,1.2806040048599243
1150,Loss_Raw/stereo_laplacian,1.4788931608200073
1200,Loss_Raw/stereo_laplacian,1.3750439882278442
1250,Loss_Raw/stereo_laplacian,1.8582212924957275
1300,Loss_Raw/stereo_laplacian,1.165091633796692
1350,Loss_Raw/stereo_laplacian,1.2463159561157227
1400,Loss_Raw/stereo_laplacian,1.3487876653671265
1450,Loss_Raw/stereo_laplacian,1.2408186197280884
1500,Loss_Raw/stereo_laplacian,1.076917290687561
1550,Loss_Raw/stereo_laplacian,1.4175292253494263
1600,Loss_Raw/stereo_laplacian,1.237246036529541
1650,Loss_Raw/stereo_laplacian,1.0343225002288818
1700,Loss_Raw/stereo_laplacian,1.1738307476043701
1750,Loss_Raw/stereo_laplacian,1.0984179973602295
1800,Loss_Raw/stereo_laplacian,1.2318792343139648
1850,Loss_Raw/stereo_laplacian,1.2147139310836792
1900,Loss_Raw/stereo_laplacian,1.1492856740951538
1950,Loss_Raw/stereo_laplacian,1.1765727996826172
2000,Loss_Raw/stereo_laplacian,1.2482976913452148
2050,Loss_Raw/stereo_laplacian,1.4038951396942139
2100,Loss_Raw/stereo_laplacian,1.2677494287490845
2150,Loss_Raw/stereo_laplacian,1.1159409284591675
2200,Loss_Raw/stereo_laplacian,1.339834451675415
2250,Loss_Raw/stereo_laplacian,1.2250394821166992
2300,Loss_Raw/stereo_laplacian,1.3352773189544678
2350,Loss_Raw/stereo_laplacian,1.085109829902649
2400,Loss_Raw/stereo_laplacian,1.2090076208114624
2443,Loss_Raw/stereo_laplacian,0.8353322744369507
2493,Loss_Raw/stereo_laplacian,1.4741660356521606
2543,Loss_Raw/stereo_laplacian,1.1669201850891113
2593,Loss_Raw/stereo_laplacian,1.1969761848449707
2643,Loss_Raw/stereo_laplacian,1.4628963470458984
2693,Loss_Raw/stereo_laplacian,1.0740305185317993
2743,Loss_Raw/stereo_laplacian,1.12651789188385
2793,Loss_Raw/stereo_laplacian,1.1040313243865967
2843,Loss_Raw/stereo_laplacian,1.2083165645599365
2893,Loss_Raw/stereo_laplacian,1.174626111984253
2943,Loss_Raw/stereo_laplacian,1.1177165508270264
2993,Loss_Raw/stereo_laplacian,1.189362645149231
3043,Loss_Raw/stereo_laplacian,0.8832032680511475
3093,Loss_Raw/stereo_laplacian,1.0462937355041504
3143,Loss_Raw/stereo_laplacian,0.9172301292419434
3193,Loss_Raw/stereo_laplacian,1.1000641584396362
3243,Loss_Raw/stereo_laplacian,1.1520588397979736
3293,Loss_Raw/stereo_laplacian,1.0521901845932007
3343,Loss_Raw/stereo_laplacian,1.0565242767333984
3393,Loss_Raw/stereo_laplacian,0.9551268815994263
3443,Loss_Raw/stereo_laplacian,1.332515001296997
3493,Loss_Raw/stereo_laplacian,1.0842386484146118
3543,Loss_Raw/stereo_laplacian,1.111843466758728
3593,Loss_Raw/stereo_laplacian,1.0042742490768433
3643,Loss_Raw/stereo_laplacian,1.182126522064209
3693,Loss_Raw/stereo_laplacian,0.8237150311470032
3743,Loss_Raw/stereo_laplacian,1.1216996908187866
3793,Loss_Raw/stereo_laplacian,1.1303883790969849
3843,Loss_Raw/stereo_laplacian,0.9120178818702698
3893,Loss_Raw/stereo_laplacian,0.981822669506073
3943,Loss_Raw/stereo_laplacian,1.1692016124725342
3993,Loss_Raw/stereo_laplacian,1.006137490272522
4043,Loss_Raw/stereo_laplacian,0.9132311940193176
4093,Loss_Raw/stereo_laplacian,1.1888844966888428
4143,Loss_Raw/stereo_laplacian,1.1467483043670654
4193,Loss_Raw/stereo_laplacian,1.1566437482833862
4243,Loss_Raw/stereo_laplacian,1.1107300519943237
4293,Loss_Raw/stereo_laplacian,1.0265238285064697
4343,Loss_Raw/stereo_laplacian,1.2811501026153564
4393,Loss_Raw/stereo_laplacian,1.0522217750549316
4443,Loss_Raw/stereo_laplacian,1.0271180868148804
4493,Loss_Raw/stereo_laplacian,1.0014725923538208
4543,Loss_Raw/stereo_laplacian,1.105257272720337
4593,Loss_Raw/stereo_laplacian,1.1521124839782715
4643,Loss_Raw/stereo_laplacian,1.2243677377700806
4693,Loss_Raw/stereo_laplacian,0.9955140352249146
4743,Loss_Raw/stereo_laplacian,1.2559094429016113
4793,Loss_Raw/stereo_laplacian,1.106453537940979
4843,Loss_Raw/stereo_laplacian,0.9373677968978882
4886,Loss_Raw/stereo_laplacian,0.9178221821784973
4936,Loss_Raw/stereo_laplacian,1.0803476572036743
4986,Loss_Raw/stereo_laplacian,1.1572890281677246
5036,Loss_Raw/stereo_laplacian,1.0961830615997314
5086,Loss_Raw/stereo_laplacian,1.0833423137664795
5136,Loss_Raw/stereo_laplacian,0.9076371192932129
5186,Loss_Raw/stereo_laplacian,1.0627955198287964
5236,Loss_Raw/stereo_laplacian,0.9896783828735352
5286,Loss_Raw/stereo_laplacian,1.014931321144104
5336,Loss_Raw/stereo_laplacian,0.9658225178718567
5386,Loss_Raw/stereo_laplacian,1.0002292394638062
5436,Loss_Raw/stereo_laplacian,0.9053038358688354
5486,Loss_Raw/stereo_laplacian,0.8061922192573547
5536,Loss_Raw/stereo_laplacian,1.1314815282821655
5586,Loss_Raw/stereo_laplacian,0.9357455968856812
5636,Loss_Raw/stereo_laplacian,0.9460535645484924
5686,Loss_Raw/stereo_laplacian,1.0063601732254028
5736,Loss_Raw/stereo_laplacian,1.0009058713912964
5786,Loss_Raw/stereo_laplacian,0.857757568359375
5836,Loss_Raw/stereo_laplacian,1.0596996545791626
5886,Loss_Raw/stereo_laplacian,1.2046639919281006
5936,Loss_Raw/stereo_laplacian,0.836627721786499
5986,Loss_Raw/stereo_laplacian,0.8547788262367249
6036,Loss_Raw/stereo_laplacian,1.061204195022583
6086,Loss_Raw/stereo_laplacian,0.9404033422470093
6136,Loss_Raw/stereo_laplacian,0.8461956977844238
6186,Loss_Raw/stereo_laplacian,1.0792856216430664
6236,Loss_Raw/stereo_laplacian,0.9937986731529236
6286,Loss_Raw/stereo_laplacian,1.046897053718567
6336,Loss_Raw/stereo_laplacian,0.966089129447937
6386,Loss_Raw/stereo_laplacian,1.0426108837127686
6436,Loss_Raw/stereo_laplacian,1.1020413637161255
6486,Loss_Raw/stereo_laplacian,0.7782552242279053
6536,Loss_Raw/stereo_laplacian,1.014634609222412
6586,Loss_Raw/stereo_laplacian,0.9345864653587341
6636,Loss_Raw/stereo_laplacian,1.173790454864502
6686,Loss_Raw/stereo_laplacian,1.084141731262207
6736,Loss_Raw/stereo_laplacian,0.795555830001831
6786,Loss_Raw/stereo_laplacian,1.0042550563812256
6836,Loss_Raw/stereo_laplacian,0.8296405673027039
6886,Loss_Raw/stereo_laplacian,0.9576705098152161
6936,Loss_Raw/stereo_laplacian,0.914359450340271
6986,Loss_Raw/stereo_laplacian,0.9785839319229126
7036,Loss_Raw/stereo_laplacian,0.922802746295929
7086,Loss_Raw/stereo_laplacian,0.9032861590385437
7136,Loss_Raw/stereo_laplacian,0.7511824369430542
7186,Loss_Raw/stereo_laplacian,1.267846703529358
7236,Loss_Raw/stereo_laplacian,0.9265363812446594
7286,Loss_Raw/stereo_laplacian,1.2328799962997437
7329,Loss_Raw/stereo_laplacian,1.1441329717636108
7379,Loss_Raw/stereo_laplacian,1.0109647512435913
7429,Loss_Raw/stereo_laplacian,0.9816940426826477
7479,Loss_Raw/stereo_laplacian,0.9488339424133301
7529,Loss_Raw/stereo_laplacian,1.0962307453155518
7579,Loss_Raw/stereo_laplacian,0.7622858881950378
7629,Loss_Raw/stereo_laplacian,1.0432994365692139
7679,Loss_Raw/stereo_laplacian,1.2230432033538818
7729,Loss_Raw/stereo_laplacian,0.7883016467094421
7779,Loss_Raw/stereo_laplacian,0.8967519998550415
7829,Loss_Raw/stereo_laplacian,0.7108529806137085
7879,Loss_Raw/stereo_laplacian,1.3641061782836914
7929,Loss_Raw/stereo_laplacian,0.9810239672660828
7979,Loss_Raw/stereo_laplacian,0.9814148545265198
8029,Loss_Raw/stereo_laplacian,0.8830759525299072
8079,Loss_Raw/stereo_laplacian,1.039986252784729
8129,Loss_Raw/stereo_laplacian,1.0623434782028198
8179,Loss_Raw/stereo_laplacian,1.0535444021224976
8229,Loss_Raw/stereo_laplacian,1.3810818195343018
8279,Loss_Raw/stereo_laplacian,1.1202740669250488
8329,Loss_Raw/stereo_laplacian,0.8136794567108154
8379,Loss_Raw/stereo_laplacian,0.936589777469635
8429,Loss_Raw/stereo_laplacian,1.0226155519485474
8479,Loss_Raw/stereo_laplacian,1.0255658626556396
8529,Loss_Raw/stereo_laplacian,0.995053231716156
8579,Loss_Raw/stereo_laplacian,0.9985981583595276
8629,Loss_Raw/stereo_laplacian,0.7358604073524475
8679,Loss_Raw/stereo_laplacian,1.1490509510040283
8729,Loss_Raw/stereo_laplacian,1.0489329099655151
8779,Loss_Raw/stereo_laplacian,1.0064280033111572
8829,Loss_Raw/stereo_laplacian,0.9631313681602478
8879,Loss_Raw/stereo_laplacian,1.0239545106887817
8929,Loss_Raw/stereo_laplacian,1.0757743120193481
8979,Loss_Raw/stereo_laplacian,0.8320056200027466
9029,Loss_Raw/stereo_laplacian,0.9487586617469788
9079,Loss_Raw/stereo_laplacian,1.0128341913223267
9129,Loss_Raw/stereo_laplacian,1.133979082107544
9179,Loss_Raw/stereo_laplacian,0.841966450214386
9229,Loss_Raw/stereo_laplacian,0.8805899620056152
9279,Loss_Raw/stereo_laplacian,0.7782034277915955
9329,Loss_Raw/stereo_laplacian,0.8881199359893799
9379,Loss_Raw/stereo_laplacian,1.0538735389709473
9429,Loss_Raw/stereo_laplacian,0.9028877019882202
9479,Loss_Raw/stereo_laplacian,0.8142799735069275
9529,Loss_Raw/stereo_laplacian,1.1212362051010132
9579,Loss_Raw/stereo_laplacian,0.8771452307701111
9629,Loss_Raw/stereo_laplacian,0.9935109615325928
9679,Loss_Raw/stereo_laplacian,1.0393154621124268
9729,Loss_Raw/stereo_laplacian,1.010428786277771
9772,Loss_Raw/stereo_laplacian,0.9337666034698486
9822,Loss_Raw/stereo_laplacian,0.8695933222770691
9872,Loss_Raw/stereo_laplacian,0.9973024129867554
9922,Loss_Raw/stereo_laplacian,1.17727792263031
9972,Loss_Raw/stereo_laplacian,1.1634548902511597
10022,Loss_Raw/stereo_laplacian,0.9700189232826233
10072,Loss_Raw/stereo_laplacian,0.8365529775619507
10122,Loss_Raw/stereo_laplacian,0.9436392188072205
10172,Loss_Raw/stereo_laplacian,0.8745454549789429
10222,Loss_Raw/stereo_laplacian,0.7818211317062378
10272,Loss_Raw/stereo_laplacian,0.8678841590881348
10322,Loss_Raw/stereo_laplacian,1.1472233533859253
10372,Loss_Raw/stereo_laplacian,1.0388615131378174
10422,Loss_Raw/stereo_laplacian,0.8658637404441833
10472,Loss_Raw/stereo_laplacian,0.8307925462722778
10522,Loss_Raw/stereo_laplacian,0.96964430809021
10572,Loss_Raw/stereo_laplacian,0.9351939558982849
10622,Loss_Raw/stereo_laplacian,0.7158887386322021
10672,Loss_Raw/stereo_laplacian,0.8656140565872192
10722,Loss_Raw/stereo_laplacian,1.0881718397140503
10772,Loss_Raw/stereo_laplacian,0.8697506785392761
10822,Loss_Raw/stereo_laplacian,0.8402959704399109
10872,Loss_Raw/stereo_laplacian,1.04715895652771
10922,Loss_Raw/stereo_laplacian,0.8983078598976135
10972,Loss_Raw/stereo_laplacian,0.8767598867416382
11022,Loss_Raw/stereo_laplacian,0.9000086784362793
11072,Loss_Raw/stereo_laplacian,0.9613752365112305
11122,Loss_Raw/stereo_laplacian,0.8890537619590759
11172,Loss_Raw/stereo_laplacian,0.912141740322113
11222,Loss_Raw/stereo_laplacian,0.938119113445282
11272,Loss_Raw/stereo_laplacian,0.837932288646698
11322,Loss_Raw/stereo_laplacian,0.8272619247436523
11372,Loss_Raw/stereo_laplacian,0.9665395021438599
11422,Loss_Raw/stereo_laplacian,1.0691248178482056
11472,Loss_Raw/stereo_laplacian,0.9607930183410645
11522,Loss_Raw/stereo_laplacian,1.0472673177719116
11572,Loss_Raw/stereo_laplacian,0.874360978603363
11622,Loss_Raw/stereo_laplacian,1.1183005571365356
11672,Loss_Raw/stereo_laplacian,0.8539106249809265
11722,Loss_Raw/stereo_laplacian,1.0336655378341675
11772,Loss_Raw/stereo_laplacian,0.829393744468689
11822,Loss_Raw/stereo_laplacian,0.8314799666404724
11872,Loss_Raw/stereo_laplacian,0.8169471621513367
11922,Loss_Raw/stereo_laplacian,0.8268278241157532
11972,Loss_Raw/stereo_laplacian,0.8537353873252869
12022,Loss_Raw/stereo_laplacian,0.9590260982513428
12072,Loss_Raw/stereo_laplacian,0.9170806407928467
12122,Loss_Raw/stereo_laplacian,0.9217537045478821
12172,Loss_Raw/stereo_laplacian,1.021141767501831
12215,Loss_Raw/stereo_laplacian,1.0124434232711792
12265,Loss_Raw/stereo_laplacian,0.656547486782074
12315,Loss_Raw/stereo_laplacian,0.8011716604232788
12365,Loss_Raw/stereo_laplacian,1.1631126403808594
12415,Loss_Raw/stereo_laplacian,0.8700143694877625
12465,Loss_Raw/stereo_laplacian,1.0436115264892578
12515,Loss_Raw/stereo_laplacian,1.0204167366027832
12565,Loss_Raw/stereo_laplacian,1.2861279249191284
12615,Loss_Raw/stereo_laplacian,1.1248067617416382
12665,Loss_Raw/stereo_laplacian,0.9577969312667847
12715,Loss_Raw/stereo_laplacian,0.8637023568153381
12765,Loss_Raw/stereo_laplacian,0.8152240514755249
12815,Loss_Raw/stereo_laplacian,0.7266223430633545
12865,Loss_Raw/stereo_laplacian,0.9721600413322449
12915,Loss_Raw/stereo_laplacian,1.187888741493225
12965,Loss_Raw/stereo_laplacian,0.9660893082618713
13015,Loss_Raw/stereo_laplacian,0.758603036403656
13065,Loss_Raw/stereo_laplacian,1.006327509880066
13115,Loss_Raw/stereo_laplacian,0.8709665536880493
13165,Loss_Raw/stereo_laplacian,0.9082340598106384
13215,Loss_Raw/stereo_laplacian,1.1551108360290527
13265,Loss_Raw/stereo_laplacian,0.7030643820762634
13315,Loss_Raw/stereo_laplacian,0.8438909649848938
13365,Loss_Raw/stereo_laplacian,1.167326807975769
13415,Loss_Raw/stereo_laplacian,0.9486516714096069
13465,Loss_Raw/stereo_laplacian,1.0297907590866089
13515,Loss_Raw/stereo_laplacian,0.9474216103553772
13565,Loss_Raw/stereo_laplacian,0.8684465289115906
13615,Loss_Raw/stereo_laplacian,1.0169031620025635
13665,Loss_Raw/stereo_laplacian,0.9732145071029663
13715,Loss_Raw/stereo_laplacian,0.881737470626831
13765,Loss_Raw/stereo_laplacian,0.9099720120429993
13815,Loss_Raw/stereo_laplacian,0.7150539755821228
13865,Loss_Raw/stereo_laplacian,0.9319266080856323
13915,Loss_Raw/stereo_laplacian,0.8967344164848328
13965,Loss_Raw/stereo_laplacian,0.7388157844543457
14015,Loss_Raw/stereo_laplacian,1.0351765155792236
14065,Loss_Raw/stereo_laplacian,0.730964183807373
14115,Loss_Raw/stereo_laplacian,0.807433009147644
14165,Loss_Raw/stereo_laplacian,1.1159502267837524
14215,Loss_Raw/stereo_laplacian,1.0497950315475464
14265,Loss_Raw/stereo_laplacian,1.0246591567993164
14315,Loss_Raw/stereo_laplacian,0.901334822177887
14365,Loss_Raw/stereo_laplacian,0.8346267938613892
14415,Loss_Raw/stereo_laplacian,0.9241741299629211
14465,Loss_Raw/stereo_laplacian,0.9981939196586609
14515,Loss_Raw/stereo_laplacian,0.9445869326591492
14565,Loss_Raw/stereo_laplacian,0.735939085483551
14615,Loss_Raw/stereo_laplacian,0.8232573866844177
14658,Loss_Raw/stereo_laplacian,1.1430044174194336
14708,Loss_Raw/stereo_laplacian,1.1735241413116455
14758,Loss_Raw/stereo_laplacian,0.9843775033950806
14808,Loss_Raw/stereo_laplacian,1.0186996459960938
14858,Loss_Raw/stereo_laplacian,0.925183892250061
14908,Loss_Raw/stereo_laplacian,0.8831080794334412
14958,Loss_Raw/stereo_laplacian,1.0581040382385254
15008,Loss_Raw/stereo_laplacian,1.079243779182434
15058,Loss_Raw/stereo_laplacian,0.9043335318565369
15108,Loss_Raw/stereo_laplacian,0.8312329053878784
15158,Loss_Raw/stereo_laplacian,1.1676623821258545
15208,Loss_Raw/stereo_laplacian,0.900958240032196
15258,Loss_Raw/stereo_laplacian,0.7152958512306213
15308,Loss_Raw/stereo_laplacian,0.9851580858230591
15358,Loss_Raw/stereo_laplacian,0.8680616021156311
15408,Loss_Raw/stereo_laplacian,0.9144017100334167
15458,Loss_Raw/stereo_laplacian,0.9345791935920715
15508,Loss_Raw/stereo_laplacian,0.7853689789772034
15558,Loss_Raw/stereo_laplacian,0.7753949761390686
15608,Loss_Raw/stereo_laplacian,0.8557809591293335
15658,Loss_Raw/stereo_laplacian,0.8212556838989258
15708,Loss_Raw/stereo_laplacian,1.2536672353744507
15758,Loss_Raw/stereo_laplacian,1.055022120475769
15808,Loss_Raw/stereo_laplacian,0.8658022880554199
15858,Loss_Raw/stereo_laplacian,1.2200268507003784
15908,Loss_Raw/stereo_laplacian,1.114329218864441
15958,Loss_Raw/stereo_laplacian,0.8429223299026489
16008,Loss_Raw/stereo_laplacian,0.7209162712097168
16058,Loss_Raw/stereo_laplacian,0.8898555040359497
16108,Loss_Raw/stereo_laplacian,0.9817883372306824
16158,Loss_Raw/stereo_laplacian,1.2859960794448853
16208,Loss_Raw/stereo_laplacian,0.8753925561904907
16258,Loss_Raw/stereo_laplacian,0.8040514588356018
16308,Loss_Raw/stereo_laplacian,0.9514309167861938
16358,Loss_Raw/stereo_laplacian,1.0902178287506104
16408,Loss_Raw/stereo_laplacian,1.093615174293518
16458,Loss_Raw/stereo_laplacian,0.8838350772857666
16508,Loss_Raw/stereo_laplacian,0.7642162442207336
16558,Loss_Raw/stereo_laplacian,1.030461072921753
16608,Loss_Raw/stereo_laplacian,0.9467177987098694
16658,Loss_Raw/stereo_laplacian,0.7568812370300293
16708,Loss_Raw/stereo_laplacian,0.938201904296875
16758,Loss_Raw/stereo_laplacian,0.8569141626358032
16808,Loss_Raw/stereo_laplacian,0.89138263463974
16858,Loss_Raw/stereo_laplacian,1.4484697580337524
16908,Loss_Raw/stereo_laplacian,1.0344456434249878
16958,Loss_Raw/stereo_laplacian,1.0096917152404785
17008,Loss_Raw/stereo_laplacian,1.484208583831787
17058,Loss_Raw/stereo_laplacian,0.8081383109092712
17101,Loss_Raw/stereo_laplacian,0.8888459205627441
17151,Loss_Raw/stereo_laplacian,0.9034045934677124
17201,Loss_Raw/stereo_laplacian,1.0489338636398315
17251,Loss_Raw/stereo_laplacian,0.7643465995788574
17301,Loss_Raw/stereo_laplacian,1.0906248092651367
17351,Loss_Raw/stereo_laplacian,1.0155671834945679
17401,Loss_Raw/stereo_laplacian,0.7820223569869995
17451,Loss_Raw/stereo_laplacian,1.0085943937301636
17501,Loss_Raw/stereo_laplacian,0.9225467443466187
17551,Loss_Raw/stereo_laplacian,1.0994011163711548
17601,Loss_Raw/stereo_laplacian,0.9369474053382874
17651,Loss_Raw/stereo_laplacian,1.3133337497711182
17701,Loss_Raw/stereo_laplacian,0.8644554018974304
17751,Loss_Raw/stereo_laplacian,1.121176838874817
17801,Loss_Raw/stereo_laplacian,1.0019948482513428
17851,Loss_Raw/stereo_laplacian,0.7960020899772644
17901,Loss_Raw/stereo_laplacian,0.9717912077903748
0,Loss_Raw/stereo_sobel,2.91615891456604
50,Loss_Raw/stereo_sobel,6.41384220123291
100,Loss_Raw/stereo_sobel,5.4614763259887695
150,Loss_Raw/stereo_sobel,5.85697603225708
200,Loss_Raw/stereo_sobel,5.372190952301025
250,Loss_Raw/stereo_sobel,4.9296746253967285
300,Loss_Raw/stereo_sobel,5.325366020202637
350,Loss_Raw/stereo_sobel,5.02849006652832
400,Loss_Raw/stereo_sobel,5.456833839416504
450,Loss_Raw/stereo_sobel,6.086325645446777
500,Loss_Raw/stereo_sobel,4.554673194885254
550,Loss_Raw/stereo_sobel,4.0994977951049805
600,Loss_Raw/stereo_sobel,5.516794204711914
650,Loss_Raw/stereo_sobel,4.474822521209717
700,Loss_Raw/stereo_sobel,4.247902870178223
750,Loss_Raw/stereo_sobel,3.8555662631988525
800,Loss_Raw/stereo_sobel,4.427069187164307
850,Loss_Raw/stereo_sobel,3.899430513381958
900,Loss_Raw/stereo_sobel,4.002577304840088
950,Loss_Raw/stereo_sobel,4.026003837585449
1000,Loss_Raw/stereo_sobel,3.8653881549835205
1050,Loss_Raw/stereo_sobel,4.261007785797119
1100,Loss_Raw/stereo_sobel,3.7794196605682373
1150,Loss_Raw/stereo_sobel,4.161389350891113
1200,Loss_Raw/stereo_sobel,4.304214954376221
1250,Loss_Raw/stereo_sobel,4.934878349304199
1300,Loss_Raw/stereo_sobel,3.7187883853912354
1350,Loss_Raw/stereo_sobel,3.6860485076904297
1400,Loss_Raw/stereo_sobel,3.7120883464813232
1450,Loss_Raw/stereo_sobel,3.6545872688293457
1500,Loss_Raw/stereo_sobel,3.2325992584228516
1550,Loss_Raw/stereo_sobel,3.7484490871429443
1600,Loss_Raw/stereo_sobel,3.3714871406555176
1650,Loss_Raw/stereo_sobel,3.24272084236145
1700,Loss_Raw/stereo_sobel,3.5481879711151123
1750,Loss_Raw/stereo_sobel,3.466921806335449
1800,Loss_Raw/stereo_sobel,3.2789623737335205
1850,Loss_Raw/stereo_sobel,3.3351075649261475
1900,Loss_Raw/stereo_sobel,3.2087886333465576
1950,Loss_Raw/stereo_sobel,3.496992826461792
2000,Loss_Raw/stereo_sobel,3.530379056930542
2050,Loss_Raw/stereo_sobel,3.979656219482422
2100,Loss_Raw/stereo_sobel,3.764915704727173
2150,Loss_Raw/stereo_sobel,3.0927112102508545
2200,Loss_Raw/stereo_sobel,3.7689340114593506
2250,Loss_Raw/stereo_sobel,3.2058894634246826
2300,Loss_Raw/stereo_sobel,3.7819087505340576
2350,Loss_Raw/stereo_sobel,3.2736740112304688
2400,Loss_Raw/stereo_sobel,3.2105014324188232
2443,Loss_Raw/stereo_sobel,2.4831817150115967
2493,Loss_Raw/stereo_sobel,4.02156400680542
2543,Loss_Raw/stereo_sobel,3.5336718559265137
2593,Loss_Raw/stereo_sobel,3.364802598953247
2643,Loss_Raw/stereo_sobel,3.6373276710510254
2693,Loss_Raw/stereo_sobel,3.0120503902435303
2743,Loss_Raw/stereo_sobel,3.149764060974121
2793,Loss_Raw/stereo_sobel,2.8989880084991455
2843,Loss_Raw/stereo_sobel,3.0982532501220703
2893,Loss_Raw/stereo_sobel,3.3486759662628174
2943,Loss_Raw/stereo_sobel,3.3118796348571777
2993,Loss_Raw/stereo_sobel,3.1025216579437256
3043,Loss_Raw/stereo_sobel,2.4315178394317627
3093,Loss_Raw/stereo_sobel,3.0552380084991455
3143,Loss_Raw/stereo_sobel,2.5101115703582764
3193,Loss_Raw/stereo_sobel,3.0744056701660156
3243,Loss_Raw/stereo_sobel,3.0600831508636475
3293,Loss_Raw/stereo_sobel,2.8951547145843506
3343,Loss_Raw/stereo_sobel,3.111707925796509
3393,Loss_Raw/stereo_sobel,2.874220848083496
3443,Loss_Raw/stereo_sobel,3.4113874435424805
3493,Loss_Raw/stereo_sobel,3.2655906677246094
3543,Loss_Raw/stereo_sobel,3.1753103733062744
3593,Loss_Raw/stereo_sobel,2.706063985824585
3643,Loss_Raw/stereo_sobel,3.1633098125457764
3693,Loss_Raw/stereo_sobel,2.5127620697021484
3743,Loss_Raw/stereo_sobel,2.886061906814575
3793,Loss_Raw/stereo_sobel,2.8317134380340576
3843,Loss_Raw/stereo_sobel,2.6466422080993652
3893,Loss_Raw/stereo_sobel,2.72729754447937
3943,Loss_Raw/stereo_sobel,3.108224391937256
3993,Loss_Raw/stereo_sobel,3.047088861465454
4043,Loss_Raw/stereo_sobel,2.3679447174072266
4093,Loss_Raw/stereo_sobel,3.4810078144073486
4143,Loss_Raw/stereo_sobel,3.135593891143799
4193,Loss_Raw/stereo_sobel,2.9779415130615234
4243,Loss_Raw/stereo_sobel,3.187777280807495
4293,Loss_Raw/stereo_sobel,2.8257908821105957
4343,Loss_Raw/stereo_sobel,3.2695181369781494
4393,Loss_Raw/stereo_sobel,2.599432945251465
4443,Loss_Raw/stereo_sobel,2.8422152996063232
4493,Loss_Raw/stereo_sobel,3.008697986602783
4543,Loss_Raw/stereo_sobel,2.7538580894470215
4593,Loss_Raw/stereo_sobel,3.004807949066162
4643,Loss_Raw/stereo_sobel,3.443525552749634
4693,Loss_Raw/stereo_sobel,2.5027003288269043
4743,Loss_Raw/stereo_sobel,3.1503796577453613
4793,Loss_Raw/stereo_sobel,3.1709704399108887
4843,Loss_Raw/stereo_sobel,2.507815361022949
4886,Loss_Raw/stereo_sobel,2.565209150314331
4936,Loss_Raw/stereo_sobel,2.8145875930786133
4986,Loss_Raw/stereo_sobel,3.2111358642578125
5036,Loss_Raw/stereo_sobel,3.0017638206481934
5086,Loss_Raw/stereo_sobel,2.8942644596099854
5136,Loss_Raw/stereo_sobel,2.410294532775879
5186,Loss_Raw/stereo_sobel,2.9666213989257812
5236,Loss_Raw/stereo_sobel,2.8460772037506104
5286,Loss_Raw/stereo_sobel,3.0784530639648438
5336,Loss_Raw/stereo_sobel,2.7186334133148193
5386,Loss_Raw/stereo_sobel,2.907863140106201
5436,Loss_Raw/stereo_sobel,2.5207390785217285
5486,Loss_Raw/stereo_sobel,2.3819587230682373
5536,Loss_Raw/stereo_sobel,2.843557596206665
5586,Loss_Raw/stereo_sobel,2.39669132232666
5636,Loss_Raw/stereo_sobel,2.470001459121704
5686,Loss_Raw/stereo_sobel,2.715559959411621
5736,Loss_Raw/stereo_sobel,2.786851644515991
5786,Loss_Raw/stereo_sobel,2.4688103199005127
5836,Loss_Raw/stereo_sobel,3.0760810375213623
5886,Loss_Raw/stereo_sobel,2.9484119415283203
5936,Loss_Raw/stereo_sobel,2.4983510971069336
5986,Loss_Raw/stereo_sobel,2.434856414794922
6036,Loss_Raw/stereo_sobel,2.5610156059265137
6086,Loss_Raw/stereo_sobel,2.7771666049957275
6136,Loss_Raw/stereo_sobel,2.2709102630615234
6186,Loss_Raw/stereo_sobel,3.0133841037750244
6236,Loss_Raw/stereo_sobel,2.7159841060638428
6286,Loss_Raw/stereo_sobel,2.8124186992645264
6336,Loss_Raw/stereo_sobel,2.712601661682129
6386,Loss_Raw/stereo_sobel,2.827416181564331
6436,Loss_Raw/stereo_sobel,2.6739745140075684
6486,Loss_Raw/stereo_sobel,2.2156553268432617
6536,Loss_Raw/stereo_sobel,2.8698673248291016
6586,Loss_Raw/stereo_sobel,2.3616268634796143
6636,Loss_Raw/stereo_sobel,2.925659418106079
6686,Loss_Raw/stereo_sobel,2.7617146968841553
6736,Loss_Raw/stereo_sobel,2.252854824066162
6786,Loss_Raw/stereo_sobel,2.845304012298584
6836,Loss_Raw/stereo_sobel,2.223189353942871
6886,Loss_Raw/stereo_sobel,2.8037683963775635
6936,Loss_Raw/stereo_sobel,2.3591063022613525
6986,Loss_Raw/stereo_sobel,2.658905267715454
7036,Loss_Raw/stereo_sobel,2.655991554260254
7086,Loss_Raw/stereo_sobel,2.3563339710235596
7136,Loss_Raw/stereo_sobel,1.9945812225341797
7186,Loss_Raw/stereo_sobel,3.235604763031006
7236,Loss_Raw/stereo_sobel,2.7153842449188232
7286,Loss_Raw/stereo_sobel,3.1722443103790283
7329,Loss_Raw/stereo_sobel,2.915444850921631
7379,Loss_Raw/stereo_sobel,2.873147487640381
7429,Loss_Raw/stereo_sobel,2.446155071258545
7479,Loss_Raw/stereo_sobel,2.5016212463378906
7529,Loss_Raw/stereo_sobel,2.979692220687866
7579,Loss_Raw/stereo_sobel,2.20989990234375
7629,Loss_Raw/stereo_sobel,2.571260690689087
7679,Loss_Raw/stereo_sobel,3.003415584564209
7729,Loss_Raw/stereo_sobel,2.1215691566467285
7779,Loss_Raw/stereo_sobel,2.5764381885528564
7829,Loss_Raw/stereo_sobel,2.146113872528076
7879,Loss_Raw/stereo_sobel,3.1327919960021973
7929,Loss_Raw/stereo_sobel,2.500250816345215
7979,Loss_Raw/stereo_sobel,2.8341801166534424
8029,Loss_Raw/stereo_sobel,2.346679210662842
8079,Loss_Raw/stereo_sobel,2.9811899662017822
8129,Loss_Raw/stereo_sobel,2.7695298194885254
8179,Loss_Raw/stereo_sobel,2.8288564682006836
8229,Loss_Raw/stereo_sobel,3.3688390254974365
8279,Loss_Raw/stereo_sobel,2.597806930541992
8329,Loss_Raw/stereo_sobel,2.189934015274048
8379,Loss_Raw/stereo_sobel,2.5982511043548584
8429,Loss_Raw/stereo_sobel,2.844607353210449
8479,Loss_Raw/stereo_sobel,2.6781840324401855
8529,Loss_Raw/stereo_sobel,2.510392189025879
8579,Loss_Raw/stereo_sobel,2.692399740219116
8629,Loss_Raw/stereo_sobel,2.2001523971557617
8679,Loss_Raw/stereo_sobel,3.068758010864258
8729,Loss_Raw/stereo_sobel,2.623957872390747
8779,Loss_Raw/stereo_sobel,2.816148281097412
8829,Loss_Raw/stereo_sobel,2.581000328063965
8879,Loss_Raw/stereo_sobel,2.7221829891204834
8929,Loss_Raw/stereo_sobel,2.7327020168304443
8979,Loss_Raw/stereo_sobel,2.2101073265075684
9029,Loss_Raw/stereo_sobel,2.6113393306732178
9079,Loss_Raw/stereo_sobel,2.97413969039917
9129,Loss_Raw/stereo_sobel,3.024672746658325
9179,Loss_Raw/stereo_sobel,2.3562214374542236
9229,Loss_Raw/stereo_sobel,2.390801429748535
9279,Loss_Raw/stereo_sobel,2.195600748062134
9329,Loss_Raw/stereo_sobel,2.5608551502227783
9379,Loss_Raw/stereo_sobel,2.7981815338134766
9429,Loss_Raw/stereo_sobel,2.522486448287964
9479,Loss_Raw/stereo_sobel,2.434093475341797
9529,Loss_Raw/stereo_sobel,2.7826414108276367
9579,Loss_Raw/stereo_sobel,2.3232884407043457
9629,Loss_Raw/stereo_sobel,2.7016427516937256
9679,Loss_Raw/stereo_sobel,2.7294437885284424
9729,Loss_Raw/stereo_sobel,2.5748844146728516
9772,Loss_Raw/stereo_sobel,2.2766029834747314
9822,Loss_Raw/stereo_sobel,2.509662389755249
9872,Loss_Raw/stereo_sobel,2.4437460899353027
9922,Loss_Raw/stereo_sobel,3.132654905319214
9972,Loss_Raw/stereo_sobel,3.1748862266540527
10022,Loss_Raw/stereo_sobel,2.772653818130493
10072,Loss_Raw/stereo_sobel,2.241178274154663
10122,Loss_Raw/stereo_sobel,2.4540529251098633
10172,Loss_Raw/stereo_sobel,2.2737536430358887
10222,Loss_Raw/stereo_sobel,2.28621768951416
10272,Loss_Raw/stereo_sobel,2.7120893001556396
10322,Loss_Raw/stereo_sobel,2.829404354095459
10372,Loss_Raw/stereo_sobel,2.722212553024292
10422,Loss_Raw/stereo_sobel,2.2549707889556885
10472,Loss_Raw/stereo_sobel,2.449305295944214
10522,Loss_Raw/stereo_sobel,2.5102927684783936
10572,Loss_Raw/stereo_sobel,2.5678815841674805
10622,Loss_Raw/stereo_sobel,2.0500407218933105
10672,Loss_Raw/stereo_sobel,2.4322080612182617
10722,Loss_Raw/stereo_sobel,2.902271270751953
10772,Loss_Raw/stereo_sobel,2.5982983112335205
10822,Loss_Raw/stereo_sobel,2.3622965812683105
10872,Loss_Raw/stereo_sobel,2.8407890796661377
10922,Loss_Raw/stereo_sobel,2.477259874343872
10972,Loss_Raw/stereo_sobel,2.4580399990081787
11022,Loss_Raw/stereo_sobel,2.5024502277374268
11072,Loss_Raw/stereo_sobel,2.761559009552002
11122,Loss_Raw/stereo_sobel,2.250739336013794
11172,Loss_Raw/stereo_sobel,2.510589838027954
11222,Loss_Raw/stereo_sobel,2.5028812885284424
11272,Loss_Raw/stereo_sobel,2.24100661277771
11322,Loss_Raw/stereo_sobel,2.302743911743164
11372,Loss_Raw/stereo_sobel,2.5930519104003906
11422,Loss_Raw/stereo_sobel,3.0134551525115967
11472,Loss_Raw/stereo_sobel,2.5488440990448
11522,Loss_Raw/stereo_sobel,2.680497646331787
11572,Loss_Raw/stereo_sobel,2.56036376953125
11622,Loss_Raw/stereo_sobel,2.753819227218628
11672,Loss_Raw/stereo_sobel,2.381307363510132
11722,Loss_Raw/stereo_sobel,2.905106544494629
11772,Loss_Raw/stereo_sobel,2.3799614906311035
11822,Loss_Raw/stereo_sobel,2.2423155307769775
11872,Loss_Raw/stereo_sobel,2.564664840698242
11922,Loss_Raw/stereo_sobel,2.286224365234375
11972,Loss_Raw/stereo_sobel,2.293734312057495
12022,Loss_Raw/stereo_sobel,2.7472643852233887
12072,Loss_Raw/stereo_sobel,2.4509458541870117
12122,Loss_Raw/stereo_sobel,2.4876348972320557
12172,Loss_Raw/stereo_sobel,2.9356167316436768
12215,Loss_Raw/stereo_sobel,2.5899226665496826
12265,Loss_Raw/stereo_sobel,1.9859271049499512
12315,Loss_Raw/stereo_sobel,2.2706732749938965
12365,Loss_Raw/stereo_sobel,2.887641191482544
12415,Loss_Raw/stereo_sobel,2.2924633026123047
12465,Loss_Raw/stereo_sobel,2.723964214324951
12515,Loss_Raw/stereo_sobel,2.816070556640625
12565,Loss_Raw/stereo_sobel,3.1710848808288574
12615,Loss_Raw/stereo_sobel,3.0856235027313232
12665,Loss_Raw/stereo_sobel,2.40287446975708
12715,Loss_Raw/stereo_sobel,2.3914875984191895
12765,Loss_Raw/stereo_sobel,2.426584243774414
12815,Loss_Raw/stereo_sobel,2.033487319946289
12865,Loss_Raw/stereo_sobel,2.558076858520508
12915,Loss_Raw/stereo_sobel,2.94582462310791
12965,Loss_Raw/stereo_sobel,2.5983595848083496
13015,Loss_Raw/stereo_sobel,2.1776554584503174
13065,Loss_Raw/stereo_sobel,2.7283053398132324
13115,Loss_Raw/stereo_sobel,2.4643492698669434
13165,Loss_Raw/stereo_sobel,2.692734956741333
13215,Loss_Raw/stereo_sobel,3.15647292137146
13265,Loss_Raw/stereo_sobel,1.9578300714492798
13315,Loss_Raw/stereo_sobel,2.19923734664917
13365,Loss_Raw/stereo_sobel,2.8932666778564453
13415,Loss_Raw/stereo_sobel,2.8075754642486572
13465,Loss_Raw/stereo_sobel,2.737074613571167
13515,Loss_Raw/stereo_sobel,2.974306106567383
13565,Loss_Raw/stereo_sobel,2.2808525562286377
13615,Loss_Raw/stereo_sobel,2.632504463195801
13665,Loss_Raw/stereo_sobel,2.836475133895874
13715,Loss_Raw/stereo_sobel,2.352297067642212
13765,Loss_Raw/stereo_sobel,2.4950408935546875
13815,Loss_Raw/stereo_sobel,2.0251376628875732
13865,Loss_Raw/stereo_sobel,2.6882193088531494
13915,Loss_Raw/stereo_sobel,2.3346714973449707
13965,Loss_Raw/stereo_sobel,2.120375156402588
14015,Loss_Raw/stereo_sobel,2.7174928188323975
14065,Loss_Raw/stereo_sobel,2.13981032371521
14115,Loss_Raw/stereo_sobel,2.1677603721618652
14165,Loss_Raw/stereo_sobel,2.505418539047241
14215,Loss_Raw/stereo_sobel,2.709120512008667
14265,Loss_Raw/stereo_sobel,2.7384140491485596
14315,Loss_Raw/stereo_sobel,2.510694980621338
14365,Loss_Raw/stereo_sobel,2.455695629119873
14415,Loss_Raw/stereo_sobel,2.396695613861084
14465,Loss_Raw/stereo_sobel,2.839439868927002
14515,Loss_Raw/stereo_sobel,2.441673755645752
14565,Loss_Raw/stereo_sobel,2.192145586013794
14615,Loss_Raw/stereo_sobel,2.390674591064453
14658,Loss_Raw/stereo_sobel,2.8490071296691895
14708,Loss_Raw/stereo_sobel,3.033052921295166
14758,Loss_Raw/stereo_sobel,2.4168057441711426
14808,Loss_Raw/stereo_sobel,2.6650702953338623
14858,Loss_Raw/stereo_sobel,2.554286479949951
14908,Loss_Raw/stereo_sobel,2.4376351833343506
14958,Loss_Raw/stereo_sobel,2.815223217010498
15008,Loss_Raw/stereo_sobel,2.841703176498413
15058,Loss_Raw/stereo_sobel,2.39493989944458
15108,Loss_Raw/stereo_sobel,2.15537691116333
15158,Loss_Raw/stereo_sobel,3.0525574684143066
15208,Loss_Raw/stereo_sobel,2.504337787628174
15258,Loss_Raw/stereo_sobel,2.1398608684539795
15308,Loss_Raw/stereo_sobel,2.4767560958862305
15358,Loss_Raw/stereo_sobel,2.5288026332855225
15408,Loss_Raw/stereo_sobel,2.3054234981536865
15458,Loss_Raw/stereo_sobel,2.671048879623413
15508,Loss_Raw/stereo_sobel,2.054018497467041
15558,Loss_Raw/stereo_sobel,2.1873648166656494
15608,Loss_Raw/stereo_sobel,2.4690144062042236
15658,Loss_Raw/stereo_sobel,2.3921868801116943
15708,Loss_Raw/stereo_sobel,3.056245803833008
15758,Loss_Raw/stereo_sobel,2.9309282302856445
15808,Loss_Raw/stereo_sobel,2.230544328689575
15858,Loss_Raw/stereo_sobel,2.9138221740722656
15908,Loss_Raw/stereo_sobel,2.597822666168213
15958,Loss_Raw/stereo_sobel,2.161191463470459
16008,Loss_Raw/stereo_sobel,2.111877202987671
16058,Loss_Raw/stereo_sobel,2.1855573654174805
16108,Loss_Raw/stereo_sobel,2.568419933319092
16158,Loss_Raw/stereo_sobel,3.2829654216766357
16208,Loss_Raw/stereo_sobel,2.1615095138549805
16258,Loss_Raw/stereo_sobel,2.0601253509521484
16308,Loss_Raw/stereo_sobel,2.676699638366699
16358,Loss_Raw/stereo_sobel,2.493105411529541
16408,Loss_Raw/stereo_sobel,2.958456516265869
16458,Loss_Raw/stereo_sobel,2.2849884033203125
16508,Loss_Raw/stereo_sobel,2.2242085933685303
16558,Loss_Raw/stereo_sobel,2.525986909866333
16608,Loss_Raw/stereo_sobel,2.385709524154663
16658,Loss_Raw/stereo_sobel,2.0794100761413574
16708,Loss_Raw/stereo_sobel,2.616443157196045
16758,Loss_Raw/stereo_sobel,2.358278751373291
16808,Loss_Raw/stereo_sobel,2.499697208404541
16858,Loss_Raw/stereo_sobel,3.4057114124298096
16908,Loss_Raw/stereo_sobel,2.501739978790283
16958,Loss_Raw/stereo_sobel,2.7700932025909424
17008,Loss_Raw/stereo_sobel,3.3959975242614746
17058,Loss_Raw/stereo_sobel,2.3894765377044678
17101,Loss_Raw/stereo_sobel,2.3074727058410645
17151,Loss_Raw/stereo_sobel,2.4185426235198975
17201,Loss_Raw/stereo_sobel,2.639521598815918
17251,Loss_Raw/stereo_sobel,2.1202805042266846
17301,Loss_Raw/stereo_sobel,2.815769672393799
17351,Loss_Raw/stereo_sobel,2.4822051525115967
17401,Loss_Raw/stereo_sobel,2.092832326889038
17451,Loss_Raw/stereo_sobel,2.7223410606384277
17501,Loss_Raw/stereo_sobel,2.4893126487731934
17551,Loss_Raw/stereo_sobel,2.550435781478882
17601,Loss_Raw/stereo_sobel,2.456120014190674
17651,Loss_Raw/stereo_sobel,3.21148943901062
17701,Loss_Raw/stereo_sobel,2.4116766452789307
17751,Loss_Raw/stereo_sobel,2.837576150894165
17801,Loss_Raw/stereo_sobel,2.517838716506958
17851,Loss_Raw/stereo_sobel,2.166327714920044
17901,Loss_Raw/stereo_sobel,2.4267661571502686
0,Loss_Raw/yolo,5.9426727294921875
50,Loss_Raw/yolo,6.296361446380615
100,Loss_Raw/yolo,6.173975944519043
150,Loss_Raw/yolo,6.158221244812012
200,Loss_Raw/yolo,5.815222263336182
250,Loss_Raw/yolo,6.163814544677734
300,Loss_Raw/yolo,5.774592876434326
350,Loss_Raw/yolo,5.963732719421387
400,Loss_Raw/yolo,6.024071216583252
450,Loss_Raw/yolo,5.875487804412842
500,Loss_Raw/yolo,6.387650966644287
550,Loss_Raw/yolo,5.736963272094727
600,Loss_Raw/yolo,6.322784900665283
650,Loss_Raw/yolo,5.9059367179870605
700,Loss_Raw/yolo,6.155713081359863
750,Loss_Raw/yolo,6.055649757385254
800,Loss_Raw/yolo,6.114790439605713
850,Loss_Raw/yolo,6.084929466247559
900,Loss_Raw/yolo,6.109841346740723
950,Loss_Raw/yolo,5.985598564147949
1000,Loss_Raw/yolo,5.872145175933838
1050,Loss_Raw/yolo,6.070487976074219
1100,Loss_Raw/yolo,5.759759902954102
1150,Loss_Raw/yolo,5.8367414474487305
1200,Loss_Raw/yolo,6.005458831787109
1250,Loss_Raw/yolo,5.622885704040527
1300,Loss_Raw/yolo,6.030279159545898
1350,Loss_Raw/yolo,6.2805681228637695
1400,Loss_Raw/yolo,6.150297164916992
1450,Loss_Raw/yolo,6.045294284820557
1500,Loss_Raw/yolo,5.897709369659424
1550,Loss_Raw/yolo,5.799598693847656
1600,Loss_Raw/yolo,5.841547012329102
1650,Loss_Raw/yolo,5.997387886047363
1700,Loss_Raw/yolo,5.7023396492004395
1750,Loss_Raw/yolo,6.387091159820557
1800,Loss_Raw/yolo,5.751112461090088
1850,Loss_Raw/yolo,5.914536476135254
1900,Loss_Raw/yolo,5.795508861541748
1950,Loss_Raw/yolo,6.090835094451904
2000,Loss_Raw/yolo,5.600088119506836
2050,Loss_Raw/yolo,5.828196048736572
2100,Loss_Raw/yolo,6.291158676147461
2150,Loss_Raw/yolo,6.051641941070557
2200,Loss_Raw/yolo,5.826991558074951
2250,Loss_Raw/yolo,6.2347731590271
2300,Loss_Raw/yolo,6.051086902618408
2350,Loss_Raw/yolo,6.188797473907471
2400,Loss_Raw/yolo,5.865807056427002
2443,Loss_Raw/yolo,5.9155659675598145
2493,Loss_Raw/yolo,5.884870529174805
2543,Loss_Raw/yolo,5.921511173248291
2593,Loss_Raw/yolo,6.095556259155273
2643,Loss_Raw/yolo,5.784024715423584
2693,Loss_Raw/yolo,5.803531169891357
2743,Loss_Raw/yolo,5.803866386413574
2793,Loss_Raw/yolo,5.637882709503174
2843,Loss_Raw/yolo,5.868704795837402
2893,Loss_Raw/yolo,5.672720909118652
2943,Loss_Raw/yolo,5.769078254699707
2993,Loss_Raw/yolo,6.214931964874268
3043,Loss_Raw/yolo,5.854618549346924
3093,Loss_Raw/yolo,5.925503730773926
3143,Loss_Raw/yolo,5.810952186584473
3193,Loss_Raw/yolo,5.821006774902344
3243,Loss_Raw/yolo,5.970203399658203
3293,Loss_Raw/yolo,5.769770622253418
3343,Loss_Raw/yolo,6.1987433433532715
3393,Loss_Raw/yolo,5.993380069732666
3443,Loss_Raw/yolo,5.803852081298828
3493,Loss_Raw/yolo,6.200418949127197
3543,Loss_Raw/yolo,5.930445194244385
3593,Loss_Raw/yolo,5.951417922973633
3643,Loss_Raw/yolo,5.823631763458252
3693,Loss_Raw/yolo,6.236333847045898
3743,Loss_Raw/yolo,6.06515645980835
3793,Loss_Raw/yolo,6.052003383636475
3843,Loss_Raw/yolo,5.774505138397217
3893,Loss_Raw/yolo,6.055251121520996
3943,Loss_Raw/yolo,5.953260898590088
3993,Loss_Raw/yolo,5.7531843185424805
4043,Loss_Raw/yolo,5.719526767730713
4093,Loss_Raw/yolo,5.937772750854492
4143,Loss_Raw/yolo,5.490719795227051
4193,Loss_Raw/yolo,6.249560356140137
4243,Loss_Raw/yolo,6.257281303405762
4293,Loss_Raw/yolo,6.112744331359863
4343,Loss_Raw/yolo,5.711475372314453
4393,Loss_Raw/yolo,5.957703590393066
4443,Loss_Raw/yolo,5.850707530975342
4493,Loss_Raw/yolo,5.813040733337402
4543,Loss_Raw/yolo,5.9660139083862305
4593,Loss_Raw/yolo,5.725406169891357
4643,Loss_Raw/yolo,5.609714031219482
4693,Loss_Raw/yolo,6.051869869232178
4743,Loss_Raw/yolo,5.853646755218506
4793,Loss_Raw/yolo,5.904907703399658
4843,Loss_Raw/yolo,5.740796089172363
4886,Loss_Raw/yolo,5.9318766593933105
4936,Loss_Raw/yolo,5.832685470581055
4986,Loss_Raw/yolo,6.266420841217041
5036,Loss_Raw/yolo,6.036677837371826
5086,Loss_Raw/yolo,6.129366397857666
5136,Loss_Raw/yolo,5.871650218963623
5186,Loss_Raw/yolo,5.894049644470215
5236,Loss_Raw/yolo,6.033910274505615
5286,Loss_Raw/yolo,5.445961952209473
5336,Loss_Raw/yolo,5.7269134521484375
5386,Loss_Raw/yolo,5.672957897186279
5436,Loss_Raw/yolo,5.5759711265563965
5486,Loss_Raw/yolo,5.9344072341918945
5536,Loss_Raw/yolo,6.399518013000488
5586,Loss_Raw/yolo,6.097170352935791
5636,Loss_Raw/yolo,6.024568557739258
5686,Loss_Raw/yolo,5.764950752258301
5736,Loss_Raw/yolo,6.030058860778809
5786,Loss_Raw/yolo,5.701874256134033
5836,Loss_Raw/yolo,5.528591156005859
5886,Loss_Raw/yolo,5.903987407684326
5936,Loss_Raw/yolo,5.921038627624512
5986,Loss_Raw/yolo,5.995997905731201
6036,Loss_Raw/yolo,5.677007675170898
6086,Loss_Raw/yolo,5.440662860870361
6136,Loss_Raw/yolo,5.7703752517700195
6186,Loss_Raw/yolo,5.919475555419922
6236,Loss_Raw/yolo,6.073686599731445
6286,Loss_Raw/yolo,6.093530654907227
6336,Loss_Raw/yolo,5.944849967956543
6386,Loss_Raw/yolo,6.125277042388916
6436,Loss_Raw/yolo,6.094447612762451
6486,Loss_Raw/yolo,5.574032306671143
6536,Loss_Raw/yolo,6.0814924240112305
6586,Loss_Raw/yolo,5.939598083496094
6636,Loss_Raw/yolo,6.044497489929199
6686,Loss_Raw/yolo,5.701876640319824
6736,Loss_Raw/yolo,5.7023091316223145
6786,Loss_Raw/yolo,6.109907627105713
6836,Loss_Raw/yolo,6.190093040466309
6886,Loss_Raw/yolo,5.809331893920898
6936,Loss_Raw/yolo,5.729982852935791
6986,Loss_Raw/yolo,5.953030586242676
7036,Loss_Raw/yolo,5.907505035400391
7086,Loss_Raw/yolo,5.779484748840332
7136,Loss_Raw/yolo,6.494986057281494
7186,Loss_Raw/yolo,5.4890666007995605
7236,Loss_Raw/yolo,5.461318016052246
7286,Loss_Raw/yolo,5.77303409576416
7329,Loss_Raw/yolo,6.10146427154541
7379,Loss_Raw/yolo,5.293954849243164
7429,Loss_Raw/yolo,6.013484954833984
7479,Loss_Raw/yolo,5.777924060821533
7529,Loss_Raw/yolo,5.953826904296875
7579,Loss_Raw/yolo,5.778766632080078
7629,Loss_Raw/yolo,5.666100978851318
7679,Loss_Raw/yolo,6.115314960479736
7729,Loss_Raw/yolo,5.492081642150879
7779,Loss_Raw/yolo,5.792798042297363
7829,Loss_Raw/yolo,6.167079448699951
7879,Loss_Raw/yolo,5.945566654205322
7929,Loss_Raw/yolo,5.8076581954956055
7979,Loss_Raw/yolo,6.025701999664307
8029,Loss_Raw/yolo,5.738131046295166
8079,Loss_Raw/yolo,6.053840160369873
8129,Loss_Raw/yolo,5.539793491363525
8179,Loss_Raw/yolo,5.860357761383057
8229,Loss_Raw/yolo,5.806918621063232
8279,Loss_Raw/yolo,5.616067409515381
8329,Loss_Raw/yolo,5.90974235534668
8379,Loss_Raw/yolo,5.678805351257324
8429,Loss_Raw/yolo,5.867259979248047
8479,Loss_Raw/yolo,5.502581596374512
8529,Loss_Raw/yolo,5.684194087982178
8579,Loss_Raw/yolo,6.1232757568359375
8629,Loss_Raw/yolo,6.0391058921813965
8679,Loss_Raw/yolo,6.2747368812561035
8729,Loss_Raw/yolo,5.890212059020996
8779,Loss_Raw/yolo,5.857295989990234
8829,Loss_Raw/yolo,6.096895694732666
8879,Loss_Raw/yolo,6.151585578918457
8929,Loss_Raw/yolo,5.760900497436523
8979,Loss_Raw/yolo,5.661620140075684
9029,Loss_Raw/yolo,5.812613010406494
9079,Loss_Raw/yolo,5.793841361999512
9129,Loss_Raw/yolo,6.048591136932373
9179,Loss_Raw/yolo,5.405026912689209
9229,Loss_Raw/yolo,5.574767589569092
9279,Loss_Raw/yolo,6.226067066192627
9329,Loss_Raw/yolo,6.232266426086426
9379,Loss_Raw/yolo,6.350586891174316
9429,Loss_Raw/yolo,5.819213390350342
9479,Loss_Raw/yolo,5.53620719909668
9529,Loss_Raw/yolo,5.44215726852417
9579,Loss_Raw/yolo,6.276695728302002
9629,Loss_Raw/yolo,5.5934343338012695
9679,Loss_Raw/yolo,6.167971611022949
9729,Loss_Raw/yolo,5.854050636291504
9772,Loss_Raw/yolo,6.019218444824219
9822,Loss_Raw/yolo,5.35076904296875
9872,Loss_Raw/yolo,5.723800182342529
9922,Loss_Raw/yolo,6.080228328704834
9972,Loss_Raw/yolo,5.950547218322754
10022,Loss_Raw/yolo,5.913772106170654
10072,Loss_Raw/yolo,5.77485990524292
10122,Loss_Raw/yolo,5.699038982391357
10172,Loss_Raw/yolo,5.523748874664307
10222,Loss_Raw/yolo,5.87198543548584
10272,Loss_Raw/yolo,6.104950428009033
10322,Loss_Raw/yolo,6.337410926818848
10372,Loss_Raw/yolo,5.972168445587158
10422,Loss_Raw/yolo,5.781897068023682
10472,Loss_Raw/yolo,6.202652931213379
10522,Loss_Raw/yolo,6.235630512237549
10572,Loss_Raw/yolo,5.683186054229736
10622,Loss_Raw/yolo,5.457605361938477
10672,Loss_Raw/yolo,5.552897930145264
10722,Loss_Raw/yolo,5.808218479156494
10772,Loss_Raw/yolo,5.718610763549805
10822,Loss_Raw/yolo,6.180115699768066
10872,Loss_Raw/yolo,5.6611409187316895
10922,Loss_Raw/yolo,5.565537929534912
10972,Loss_Raw/yolo,5.748838901519775
11022,Loss_Raw/yolo,5.811141014099121
11072,Loss_Raw/yolo,5.940621852874756
11122,Loss_Raw/yolo,5.3412322998046875
11172,Loss_Raw/yolo,6.376283645629883
11222,Loss_Raw/yolo,6.157036304473877
11272,Loss_Raw/yolo,5.766324043273926
11322,Loss_Raw/yolo,5.325866222381592
11372,Loss_Raw/yolo,5.5738630294799805
11422,Loss_Raw/yolo,5.527008056640625
11472,Loss_Raw/yolo,5.860180854797363
11522,Loss_Raw/yolo,6.008901596069336
11572,Loss_Raw/yolo,6.237334251403809
11622,Loss_Raw/yolo,5.546510219573975
11672,Loss_Raw/yolo,6.002505779266357
11722,Loss_Raw/yolo,5.483487606048584
11772,Loss_Raw/yolo,6.318309783935547
11822,Loss_Raw/yolo,5.918481349945068
11872,Loss_Raw/yolo,6.144130229949951
11922,Loss_Raw/yolo,6.088213920593262
11972,Loss_Raw/yolo,5.85515022277832
12022,Loss_Raw/yolo,5.681239128112793
12072,Loss_Raw/yolo,5.790622234344482
12122,Loss_Raw/yolo,6.300459384918213
12172,Loss_Raw/yolo,6.301352500915527
12215,Loss_Raw/yolo,5.923257827758789
12265,Loss_Raw/yolo,5.856205463409424
12315,Loss_Raw/yolo,5.746178150177002
12365,Loss_Raw/yolo,6.094609260559082
12415,Loss_Raw/yolo,5.632633686065674
12465,Loss_Raw/yolo,5.864144325256348
12515,Loss_Raw/yolo,5.562479019165039
12565,Loss_Raw/yolo,5.85670280456543
12615,Loss_Raw/yolo,5.94942569732666
12665,Loss_Raw/yolo,5.808766841888428
12715,Loss_Raw/yolo,6.027022361755371
12765,Loss_Raw/yolo,5.576261520385742
12815,Loss_Raw/yolo,5.721831321716309
12865,Loss_Raw/yolo,5.606184959411621
12915,Loss_Raw/yolo,5.782496929168701
12965,Loss_Raw/yolo,5.981839179992676
13015,Loss_Raw/yolo,6.291046619415283
13065,Loss_Raw/yolo,6.1042914390563965
13115,Loss_Raw/yolo,5.673293113708496
13165,Loss_Raw/yolo,5.854313373565674
13215,Loss_Raw/yolo,5.9238481521606445
13265,Loss_Raw/yolo,5.539359092712402
13315,Loss_Raw/yolo,5.661040782928467
13365,Loss_Raw/yolo,5.799931049346924
13415,Loss_Raw/yolo,5.7032012939453125
13465,Loss_Raw/yolo,5.903609275817871
13515,Loss_Raw/yolo,5.320039749145508
13565,Loss_Raw/yolo,5.526728630065918
13615,Loss_Raw/yolo,5.754913806915283
13665,Loss_Raw/yolo,5.702784061431885
13715,Loss_Raw/yolo,5.521203517913818
13765,Loss_Raw/yolo,5.602658748626709
13815,Loss_Raw/yolo,5.456014633178711
13865,Loss_Raw/yolo,5.489624500274658
13915,Loss_Raw/yolo,5.695118427276611
13965,Loss_Raw/yolo,5.784626007080078
14015,Loss_Raw/yolo,5.997488975524902
14065,Loss_Raw/yolo,5.560555458068848
14115,Loss_Raw/yolo,5.9706220626831055
14165,Loss_Raw/yolo,5.703514575958252
14215,Loss_Raw/yolo,5.735811710357666
14265,Loss_Raw/yolo,5.6895647048950195
14315,Loss_Raw/yolo,5.733450412750244
14365,Loss_Raw/yolo,5.9451470375061035
14415,Loss_Raw/yolo,5.622503280639648
14465,Loss_Raw/yolo,5.951519012451172
14515,Loss_Raw/yolo,5.353675365447998
14565,Loss_Raw/yolo,5.877256870269775
14615,Loss_Raw/yolo,5.671908378601074
14658,Loss_Raw/yolo,5.411092758178711
14708,Loss_Raw/yolo,5.7512311935424805
14758,Loss_Raw/yolo,5.242312908172607
14808,Loss_Raw/yolo,5.372959136962891
14858,Loss_Raw/yolo,5.603930950164795
14908,Loss_Raw/yolo,5.163236618041992
14958,Loss_Raw/yolo,6.210768222808838
15008,Loss_Raw/yolo,5.757069110870361
15058,Loss_Raw/yolo,5.7677178382873535
15108,Loss_Raw/yolo,5.712984085083008
15158,Loss_Raw/yolo,5.553314685821533
15208,Loss_Raw/yolo,5.452250003814697
15258,Loss_Raw/yolo,5.658336162567139
15308,Loss_Raw/yolo,5.559379577636719
15358,Loss_Raw/yolo,5.5539398193359375
15408,Loss_Raw/yolo,5.812903881072998
15458,Loss_Raw/yolo,5.708263397216797
15508,Loss_Raw/yolo,5.970768451690674
15558,Loss_Raw/yolo,5.436300277709961
15608,Loss_Raw/yolo,5.903717517852783
15658,Loss_Raw/yolo,5.6319780349731445
15708,Loss_Raw/yolo,5.748666286468506
15758,Loss_Raw/yolo,5.965378284454346
15808,Loss_Raw/yolo,5.939670085906982
15858,Loss_Raw/yolo,5.666182041168213
15908,Loss_Raw/yolo,5.530065059661865
15958,Loss_Raw/yolo,5.68193244934082
16008,Loss_Raw/yolo,5.525242328643799
16058,Loss_Raw/yolo,5.406962871551514
16108,Loss_Raw/yolo,5.693910121917725
16158,Loss_Raw/yolo,5.844773292541504
16208,Loss_Raw/yolo,6.124204158782959
16258,Loss_Raw/yolo,5.5040130615234375
16308,Loss_Raw/yolo,5.461169242858887
16358,Loss_Raw/yolo,5.124059200286865
16408,Loss_Raw/yolo,5.684605121612549
16458,Loss_Raw/yolo,5.456194877624512
16508,Loss_Raw/yolo,5.871035575866699
16558,Loss_Raw/yolo,5.682922840118408
16608,Loss_Raw/yolo,5.85365104675293
16658,Loss_Raw/yolo,5.859977722167969
16708,Loss_Raw/yolo,5.490504264831543
16758,Loss_Raw/yolo,5.436102867126465
16808,Loss_Raw/yolo,5.613921642303467
16858,Loss_Raw/yolo,5.687349796295166
16908,Loss_Raw/yolo,5.72998571395874
16958,Loss_Raw/yolo,6.163325786590576
17008,Loss_Raw/yolo,5.991672039031982
17058,Loss_Raw/yolo,5.833611011505127
17101,Loss_Raw/yolo,5.544605731964111
17151,Loss_Raw/yolo,5.7734479904174805
17201,Loss_Raw/yolo,5.776895046234131
17251,Loss_Raw/yolo,5.627866744995117
17301,Loss_Raw/yolo,5.893283843994141
17351,Loss_Raw/yolo,5.648054122924805
17401,Loss_Raw/yolo,5.659442901611328
17451,Loss_Raw/yolo,5.5412421226501465
17501,Loss_Raw/yolo,5.730466842651367
17551,Loss_Raw/yolo,5.405371189117432
17601,Loss_Raw/yolo,5.726500034332275
17651,Loss_Raw/yolo,5.4631733894348145
17701,Loss_Raw/yolo,5.529438495635986
17751,Loss_Raw/yolo,5.442073822021484
17801,Loss_Raw/yolo,5.736288547515869
17851,Loss_Raw/yolo,5.687376976013184
17901,Loss_Raw/yolo,5.577097415924072
0,Loss_Raw/yolo_box,2.324139356613159
50,Loss_Raw/yolo_box,2.5014021396636963
100,Loss_Raw/yolo_box,2.435957670211792
150,Loss_Raw/yolo_box,2.4273180961608887
200,Loss_Raw/yolo_box,2.2532196044921875
250,Loss_Raw/yolo_box,2.4594669342041016
300,Loss_Raw/yolo_box,2.2913522720336914
350,Loss_Raw/yolo_box,2.3707425594329834
400,Loss_Raw/yolo_box,2.3908634185791016
450,Loss_Raw/yolo_box,2.3411448001861572
500,Loss_Raw/yolo_box,2.544517993927002
550,Loss_Raw/yolo_box,2.3139641284942627
600,Loss_Raw/yolo_box,2.525407075881958
650,Loss_Raw/yolo_box,2.383161783218384
700,Loss_Raw/yolo_box,2.466214418411255
750,Loss_Raw/yolo_box,2.4541380405426025
800,Loss_Raw/yolo_box,2.3829078674316406
850,Loss_Raw/yolo_box,2.4603829383850098
900,Loss_Raw/yolo_box,2.437201499938965
950,Loss_Raw/yolo_box,2.3670341968536377
1000,Loss_Raw/yolo_box,2.3494760990142822
1050,Loss_Raw/yolo_box,2.4046525955200195
1100,Loss_Raw/yolo_box,2.3218793869018555
1150,Loss_Raw/yolo_box,2.3235325813293457
1200,Loss_Raw/yolo_box,2.391235589981079
1250,Loss_Raw/yolo_box,2.2526655197143555
1300,Loss_Raw/yolo_box,2.4677224159240723
1350,Loss_Raw/yolo_box,2.44130277633667
1400,Loss_Raw/yolo_box,2.4923431873321533
1450,Loss_Raw/yolo_box,2.4076411724090576
1500,Loss_Raw/yolo_box,2.393387794494629
1550,Loss_Raw/yolo_box,2.3089406490325928
1600,Loss_Raw/yolo_box,2.3650894165039062
1650,Loss_Raw/yolo_box,2.436187744140625
1700,Loss_Raw/yolo_box,2.256124496459961
1750,Loss_Raw/yolo_box,2.613739013671875
1800,Loss_Raw/yolo_box,2.2560155391693115
1850,Loss_Raw/yolo_box,2.391519546508789
1900,Loss_Raw/yolo_box,2.325124979019165
1950,Loss_Raw/yolo_box,2.433730363845825
2000,Loss_Raw/yolo_box,2.2356746196746826
2050,Loss_Raw/yolo_box,2.3726420402526855
2100,Loss_Raw/yolo_box,2.5633792877197266
2150,Loss_Raw/yolo_box,2.406791925430298
2200,Loss_Raw/yolo_box,2.344433069229126
2250,Loss_Raw/yolo_box,2.4445340633392334
2300,Loss_Raw/yolo_box,2.481903076171875
2350,Loss_Raw/yolo_box,2.401076078414917
2400,Loss_Raw/yolo_box,2.3536362648010254
2443,Loss_Raw/yolo_box,2.3938984870910645
2493,Loss_Raw/yolo_box,2.4038562774658203
2543,Loss_Raw/yolo_box,2.382463216781616
2593,Loss_Raw/yolo_box,2.4909892082214355
2643,Loss_Raw/yolo_box,2.3657238483428955
2693,Loss_Raw/yolo_box,2.297804117202759
2743,Loss_Raw/yolo_box,2.3541855812072754
2793,Loss_Raw/yolo_box,2.2454280853271484
2843,Loss_Raw/yolo_box,2.3829405307769775
2893,Loss_Raw/yolo_box,2.280742645263672
2943,Loss_Raw/yolo_box,2.3246660232543945
2993,Loss_Raw/yolo_box,2.543670892715454
3043,Loss_Raw/yolo_box,2.313417911529541
3093,Loss_Raw/yolo_box,2.42775821685791
3143,Loss_Raw/yolo_box,2.3705756664276123
3193,Loss_Raw/yolo_box,2.3403139114379883
3243,Loss_Raw/yolo_box,2.424933671951294
3293,Loss_Raw/yolo_box,2.341393232345581
3343,Loss_Raw/yolo_box,2.5222315788269043
3393,Loss_Raw/yolo_box,2.4238274097442627
3443,Loss_Raw/yolo_box,2.3740041255950928
3493,Loss_Raw/yolo_box,2.479649305343628
3543,Loss_Raw/yolo_box,2.386958122253418
3593,Loss_Raw/yolo_box,2.4106109142303467
3643,Loss_Raw/yolo_box,2.355424642562866
3693,Loss_Raw/yolo_box,2.521981954574585
3743,Loss_Raw/yolo_box,2.4928574562072754
3793,Loss_Raw/yolo_box,2.4477572441101074
3843,Loss_Raw/yolo_box,2.344742774963379
3893,Loss_Raw/yolo_box,2.495285749435425
3943,Loss_Raw/yolo_box,2.4437758922576904
3993,Loss_Raw/yolo_box,2.3414111137390137
4043,Loss_Raw/yolo_box,2.319180965423584
4093,Loss_Raw/yolo_box,2.433790922164917
4143,Loss_Raw/yolo_box,2.2085225582122803
4193,Loss_Raw/yolo_box,2.5110175609588623
4243,Loss_Raw/yolo_box,2.6036899089813232
4293,Loss_Raw/yolo_box,2.503427028656006
4343,Loss_Raw/yolo_box,2.2991836071014404
4393,Loss_Raw/yolo_box,2.413094997406006
4443,Loss_Raw/yolo_box,2.414017677307129
4493,Loss_Raw/yolo_box,2.417448043823242
4543,Loss_Raw/yolo_box,2.4808928966522217
4593,Loss_Raw/yolo_box,2.27156662940979
4643,Loss_Raw/yolo_box,2.2252323627471924
4693,Loss_Raw/yolo_box,2.439303398132324
4743,Loss_Raw/yolo_box,2.3970954418182373
4793,Loss_Raw/yolo_box,2.427534580230713
4843,Loss_Raw/yolo_box,2.308716297149658
4886,Loss_Raw/yolo_box,2.3991503715515137
4936,Loss_Raw/yolo_box,2.3284075260162354
4986,Loss_Raw/yolo_box,2.5854315757751465
5036,Loss_Raw/yolo_box,2.422593593597412
5086,Loss_Raw/yolo_box,2.481174945831299
5136,Loss_Raw/yolo_box,2.374814987182617
5186,Loss_Raw/yolo_box,2.443357229232788
5236,Loss_Raw/yolo_box,2.4998207092285156
5286,Loss_Raw/yolo_box,2.219808340072632
5336,Loss_Raw/yolo_box,2.393862724304199
5386,Loss_Raw/yolo_box,2.2874767780303955
5436,Loss_Raw/yolo_box,2.2795443534851074
5486,Loss_Raw/yolo_box,2.4131741523742676
5536,Loss_Raw/yolo_box,2.6578562259674072
5586,Loss_Raw/yolo_box,2.48330020904541
5636,Loss_Raw/yolo_box,2.4584617614746094
5686,Loss_Raw/yolo_box,2.3254098892211914
5736,Loss_Raw/yolo_box,2.497154474258423
5786,Loss_Raw/yolo_box,2.324387550354004
5836,Loss_Raw/yolo_box,2.2673301696777344
5886,Loss_Raw/yolo_box,2.4739480018615723
5936,Loss_Raw/yolo_box,2.47491192817688
5986,Loss_Raw/yolo_box,2.477360248565674
6036,Loss_Raw/yolo_box,2.3698015213012695
6086,Loss_Raw/yolo_box,2.207106828689575
6136,Loss_Raw/yolo_box,2.374229669570923
6186,Loss_Raw/yolo_box,2.4066720008850098
6236,Loss_Raw/yolo_box,2.560645818710327
6286,Loss_Raw/yolo_box,2.538461923599243
6336,Loss_Raw/yolo_box,2.4820334911346436
6386,Loss_Raw/yolo_box,2.538447141647339
6436,Loss_Raw/yolo_box,2.5137321949005127
6486,Loss_Raw/yolo_box,2.2625958919525146
6536,Loss_Raw/yolo_box,2.487579345703125
6586,Loss_Raw/yolo_box,2.462486505508423
6636,Loss_Raw/yolo_box,2.487147092819214
6686,Loss_Raw/yolo_box,2.3280038833618164
6736,Loss_Raw/yolo_box,2.3752293586730957
6786,Loss_Raw/yolo_box,2.5136308670043945
6836,Loss_Raw/yolo_box,2.581911325454712
6886,Loss_Raw/yolo_box,2.3885865211486816
6936,Loss_Raw/yolo_box,2.3510544300079346
6986,Loss_Raw/yolo_box,2.511765241622925
7036,Loss_Raw/yolo_box,2.4587790966033936
7086,Loss_Raw/yolo_box,2.4216513633728027
7136,Loss_Raw/yolo_box,2.740201234817505
7186,Loss_Raw/yolo_box,2.2724056243896484
7236,Loss_Raw/yolo_box,2.245303153991699
7286,Loss_Raw/yolo_box,2.382762908935547
7329,Loss_Raw/yolo_box,2.530111074447632
7379,Loss_Raw/yolo_box,2.1912734508514404
7429,Loss_Raw/yolo_box,2.520142078399658
7479,Loss_Raw/yolo_box,2.405819892883301
7529,Loss_Raw/yolo_box,2.5067028999328613
7579,Loss_Raw/yolo_box,2.3973324298858643
7629,Loss_Raw/yolo_box,2.3506083488464355
7679,Loss_Raw/yolo_box,2.546050786972046
7729,Loss_Raw/yolo_box,2.3201494216918945
7779,Loss_Raw/yolo_box,2.4085144996643066
7829,Loss_Raw/yolo_box,2.5852744579315186
7879,Loss_Raw/yolo_box,2.5035057067871094
7929,Loss_Raw/yolo_box,2.4339752197265625
7979,Loss_Raw/yolo_box,2.5705504417419434
8029,Loss_Raw/yolo_box,2.362807035446167
8079,Loss_Raw/yolo_box,2.523385524749756
8129,Loss_Raw/yolo_box,2.262455701828003
8179,Loss_Raw/yolo_box,2.474065065383911
8229,Loss_Raw/yolo_box,2.468630790710449
8279,Loss_Raw/yolo_box,2.3453495502471924
8329,Loss_Raw/yolo_box,2.509932518005371
8379,Loss_Raw/yolo_box,2.376410961151123
8429,Loss_Raw/yolo_box,2.499708414077759
8479,Loss_Raw/yolo_box,2.3185324668884277
8529,Loss_Raw/yolo_box,2.3311212062835693
8579,Loss_Raw/yolo_box,2.5805108547210693
8629,Loss_Raw/yolo_box,2.5277743339538574
8679,Loss_Raw/yolo_box,2.640550136566162
8729,Loss_Raw/yolo_box,2.4403886795043945
8779,Loss_Raw/yolo_box,2.4863264560699463
8829,Loss_Raw/yolo_box,2.572056770324707
8879,Loss_Raw/yolo_box,2.584106206893921
8929,Loss_Raw/yolo_box,2.430297374725342
8979,Loss_Raw/yolo_box,2.3664605617523193
9029,Loss_Raw/yolo_box,2.4515366554260254
9079,Loss_Raw/yolo_box,2.433866262435913
9129,Loss_Raw/yolo_box,2.5349068641662598
9179,Loss_Raw/yolo_box,2.234025001525879
9229,Loss_Raw/yolo_box,2.293431043624878
9279,Loss_Raw/yolo_box,2.638584852218628
9329,Loss_Raw/yolo_box,2.627835512161255
9379,Loss_Raw/yolo_box,2.729559898376465
9429,Loss_Raw/yolo_box,2.429027557373047
9479,Loss_Raw/yolo_box,2.2955007553100586
9529,Loss_Raw/yolo_box,2.2471070289611816
9579,Loss_Raw/yolo_box,2.689826011657715
9629,Loss_Raw/yolo_box,2.380368947982788
9679,Loss_Raw/yolo_box,2.618025064468384
9729,Loss_Raw/yolo_box,2.4702308177948
9772,Loss_Raw/yolo_box,2.5657958984375
9822,Loss_Raw/yolo_box,2.2202727794647217
9872,Loss_Raw/yolo_box,2.41194748878479
9922,Loss_Raw/yolo_box,2.5816471576690674
9972,Loss_Raw/yolo_box,2.509256601333618
10022,Loss_Raw/yolo_box,2.5087358951568604
10072,Loss_Raw/yolo_box,2.477309465408325
10122,Loss_Raw/yolo_box,2.395040512084961
10172,Loss_Raw/yolo_box,2.3271992206573486
10222,Loss_Raw/yolo_box,2.4926342964172363
10272,Loss_Raw/yolo_box,2.60965633392334
10322,Loss_Raw/yolo_box,2.7492568492889404
10372,Loss_Raw/yolo_box,2.496241569519043
10422,Loss_Raw/yolo_box,2.411235809326172
10472,Loss_Raw/yolo_box,2.6918630599975586
10522,Loss_Raw/yolo_box,2.6403937339782715
10572,Loss_Raw/yolo_box,2.416342258453369
10622,Loss_Raw/yolo_box,2.299217939376831
10672,Loss_Raw/yolo_box,2.319460868835449
10722,Loss_Raw/yolo_box,2.4794328212738037
10772,Loss_Raw/yolo_box,2.419950246810913
10822,Loss_Raw/yolo_box,2.62103533744812
10872,Loss_Raw/yolo_box,2.3949217796325684
10922,Loss_Raw/yolo_box,2.345722198486328
10972,Loss_Raw/yolo_box,2.441683530807495
11022,Loss_Raw/yolo_box,2.454367160797119
11072,Loss_Raw/yolo_box,2.4994027614593506
11122,Loss_Raw/yolo_box,2.2375917434692383
11172,Loss_Raw/yolo_box,2.720132350921631
11222,Loss_Raw/yolo_box,2.6040260791778564
11272,Loss_Raw/yolo_box,2.4505910873413086
11322,Loss_Raw/yolo_box,2.2611801624298096
11372,Loss_Raw/yolo_box,2.3623321056365967
11422,Loss_Raw/yolo_box,2.358447313308716
11472,Loss_Raw/yolo_box,2.5321226119995117
11522,Loss_Raw/yolo_box,2.57133150100708
11572,Loss_Raw/yolo_box,2.677849531173706
11622,Loss_Raw/yolo_box,2.383084535598755
11672,Loss_Raw/yolo_box,2.550309658050537
11722,Loss_Raw/yolo_box,2.3063955307006836
11772,Loss_Raw/yolo_box,2.7349917888641357
11822,Loss_Raw/yolo_box,2.521515369415283
11872,Loss_Raw/yolo_box,2.6301164627075195
11922,Loss_Raw/yolo_box,2.6007766723632812
11972,Loss_Raw/yolo_box,2.531470537185669
12022,Loss_Raw/yolo_box,2.4143259525299072
12072,Loss_Raw/yolo_box,2.452901840209961
12122,Loss_Raw/yolo_box,2.6940526962280273
12172,Loss_Raw/yolo_box,2.728193759918213
12215,Loss_Raw/yolo_box,2.5506372451782227
12265,Loss_Raw/yolo_box,2.4586281776428223
12315,Loss_Raw/yolo_box,2.452089548110962
12365,Loss_Raw/yolo_box,2.6203134059906006
12415,Loss_Raw/yolo_box,2.3919734954833984
12465,Loss_Raw/yolo_box,2.504260540008545
12515,Loss_Raw/yolo_box,2.361600160598755
12565,Loss_Raw/yolo_box,2.513286590576172
12615,Loss_Raw/yolo_box,2.5283470153808594
12665,Loss_Raw/yolo_box,2.472620964050293
12715,Loss_Raw/yolo_box,2.6363906860351562
12765,Loss_Raw/yolo_box,2.3789408206939697
12815,Loss_Raw/yolo_box,2.479673385620117
12865,Loss_Raw/yolo_box,2.3912830352783203
12915,Loss_Raw/yolo_box,2.4844236373901367
12965,Loss_Raw/yolo_box,2.5339107513427734
13015,Loss_Raw/yolo_box,2.6881630420684814
13065,Loss_Raw/yolo_box,2.654264450073242
13115,Loss_Raw/yolo_box,2.4363038539886475
13165,Loss_Raw/yolo_box,2.485966682434082
13215,Loss_Raw/yolo_box,2.5456717014312744
13265,Loss_Raw/yolo_box,2.356189489364624
13315,Loss_Raw/yolo_box,2.3979902267456055
13365,Loss_Raw/yolo_box,2.4552857875823975
13415,Loss_Raw/yolo_box,2.441563844680786
13465,Loss_Raw/yolo_box,2.539410352706909
13515,Loss_Raw/yolo_box,2.286971092224121
13565,Loss_Raw/yolo_box,2.3637051582336426
13615,Loss_Raw/yolo_box,2.4819915294647217
13665,Loss_Raw/yolo_box,2.426910400390625
13715,Loss_Raw/yolo_box,2.3189032077789307
13765,Loss_Raw/yolo_box,2.4084930419921875
13815,Loss_Raw/yolo_box,2.3307127952575684
13865,Loss_Raw/yolo_box,2.3589818477630615
13915,Loss_Raw/yolo_box,2.4683263301849365
13965,Loss_Raw/yolo_box,2.500382661819458
14015,Loss_Raw/yolo_box,2.6196959018707275
14065,Loss_Raw/yolo_box,2.380267381668091
14115,Loss_Raw/yolo_box,2.600475311279297
14165,Loss_Raw/yolo_box,2.487779378890991
14215,Loss_Raw/yolo_box,2.476074695587158
14265,Loss_Raw/yolo_box,2.478645086288452
14315,Loss_Raw/yolo_box,2.446847438812256
14365,Loss_Raw/yolo_box,2.5818159580230713
14415,Loss_Raw/yolo_box,2.407291889190674
14465,Loss_Raw/yolo_box,2.564589500427246
14515,Loss_Raw/yolo_box,2.330449104309082
14565,Loss_Raw/yolo_box,2.5537984371185303
14615,Loss_Raw/yolo_box,2.458651542663574
14658,Loss_Raw/yolo_box,2.302147388458252
14708,Loss_Raw/yolo_box,2.4759700298309326
14758,Loss_Raw/yolo_box,2.2654929161071777
14808,Loss_Raw/yolo_box,2.301013946533203
14858,Loss_Raw/yolo_box,2.446187973022461
14908,Loss_Raw/yolo_box,2.226975679397583
14958,Loss_Raw/yolo_box,2.7341926097869873
15008,Loss_Raw/yolo_box,2.5077948570251465
15058,Loss_Raw/yolo_box,2.5168395042419434
15108,Loss_Raw/yolo_box,2.4672791957855225
15158,Loss_Raw/yolo_box,2.3987560272216797
15208,Loss_Raw/yolo_box,2.3434977531433105
15258,Loss_Raw/yolo_box,2.4333572387695312
15308,Loss_Raw/yolo_box,2.4074602127075195
15358,Loss_Raw/yolo_box,2.4279398918151855
15408,Loss_Raw/yolo_box,2.5341901779174805
15458,Loss_Raw/yolo_box,2.474046230316162
15508,Loss_Raw/yolo_box,2.60506534576416
15558,Loss_Raw/yolo_box,2.3510499000549316
15608,Loss_Raw/yolo_box,2.558342456817627
15658,Loss_Raw/yolo_box,2.4463818073272705
15708,Loss_Raw/yolo_box,2.5030465126037598
15758,Loss_Raw/yolo_box,2.6020913124084473
15808,Loss_Raw/yolo_box,2.589948892593384
15858,Loss_Raw/yolo_box,2.451204299926758
15908,Loss_Raw/yolo_box,2.420348882675171
15958,Loss_Raw/yolo_box,2.485442876815796
16008,Loss_Raw/yolo_box,2.359337091445923
16058,Loss_Raw/yolo_box,2.363577127456665
16108,Loss_Raw/yolo_box,2.439847946166992
16158,Loss_Raw/yolo_box,2.5615031719207764
16208,Loss_Raw/yolo_box,2.7037622928619385
16258,Loss_Raw/yolo_box,2.4038164615631104
16308,Loss_Raw/yolo_box,2.373276710510254
16358,Loss_Raw/yolo_box,2.2204854488372803
16408,Loss_Raw/yolo_box,2.4782605171203613
16458,Loss_Raw/yolo_box,2.372042179107666
16508,Loss_Raw/yolo_box,2.555809736251831
16558,Loss_Raw/yolo_box,2.4611058235168457
16608,Loss_Raw/yolo_box,2.5590665340423584
16658,Loss_Raw/yolo_box,2.586331605911255
16708,Loss_Raw/yolo_box,2.3871004581451416
16758,Loss_Raw/yolo_box,2.345595121383667
16808,Loss_Raw/yolo_box,2.4558279514312744
16858,Loss_Raw/yolo_box,2.4864749908447266
16908,Loss_Raw/yolo_box,2.4733681678771973
16958,Loss_Raw/yolo_box,2.7044763565063477
17008,Loss_Raw/yolo_box,2.650216579437256
17058,Loss_Raw/yolo_box,2.54504656791687
17101,Loss_Raw/yolo_box,2.4270336627960205
17151,Loss_Raw/yolo_box,2.543426275253296
17201,Loss_Raw/yolo_box,2.5209531784057617
17251,Loss_Raw/yolo_box,2.4559648036956787
17301,Loss_Raw/yolo_box,2.5881805419921875
17351,Loss_Raw/yolo_box,2.461568593978882
17401,Loss_Raw/yolo_box,2.4621453285217285
17451,Loss_Raw/yolo_box,2.4249041080474854
17501,Loss_Raw/yolo_box,2.539013147354126
17551,Loss_Raw/yolo_box,2.3480942249298096
17601,Loss_Raw/yolo_box,2.485910177230835
17651,Loss_Raw/yolo_box,2.373075008392334
17701,Loss_Raw/yolo_box,2.4043638706207275
17751,Loss_Raw/yolo_box,2.3494508266448975
17801,Loss_Raw/yolo_box,2.534400463104248
17851,Loss_Raw/yolo_box,2.479637861251831
17901,Loss_Raw/yolo_box,2.443875551223755
0,Loss_Raw/yolo_cls,0.3179000914096832
50,Loss_Raw/yolo_cls,0.340074747800827
100,Loss_Raw/yolo_cls,0.342050701379776
150,Loss_Raw/yolo_cls,0.35697755217552185
200,Loss_Raw/yolo_cls,0.3266735076904297
250,Loss_Raw/yolo_cls,0.3605397045612335
300,Loss_Raw/yolo_cls,0.30393701791763306
350,Loss_Raw/yolo_cls,0.3549485206604004
400,Loss_Raw/yolo_cls,0.30538210272789
450,Loss_Raw/yolo_cls,0.31864604353904724
500,Loss_Raw/yolo_cls,0.3292212188243866
550,Loss_Raw/yolo_cls,0.3053157329559326
600,Loss_Raw/yolo_cls,0.3603915870189667
650,Loss_Raw/yolo_cls,0.3231097161769867
700,Loss_Raw/yolo_cls,0.3689071834087372
750,Loss_Raw/yolo_cls,0.3231033980846405
800,Loss_Raw/yolo_cls,0.39264410734176636
850,Loss_Raw/yolo_cls,0.34690383076667786
900,Loss_Raw/yolo_cls,0.33667391538619995
950,Loss_Raw/yolo_cls,0.3545163869857788
1000,Loss_Raw/yolo_cls,0.3218512535095215
1050,Loss_Raw/yolo_cls,0.35979023575782776
1100,Loss_Raw/yolo_cls,0.2838924825191498
1150,Loss_Raw/yolo_cls,0.31984013319015503
1200,Loss_Raw/yolo_cls,0.3121925890445709
1250,Loss_Raw/yolo_cls,0.2903349995613098
1300,Loss_Raw/yolo_cls,0.31110134720802307
1350,Loss_Raw/yolo_cls,0.38485416769981384
1400,Loss_Raw/yolo_cls,0.35813307762145996
1450,Loss_Raw/yolo_cls,0.32352331280708313
1500,Loss_Raw/yolo_cls,0.3110199570655823
1550,Loss_Raw/yolo_cls,0.3202073872089386
1600,Loss_Raw/yolo_cls,0.2956879436969757
1650,Loss_Raw/yolo_cls,0.3229973316192627
1700,Loss_Raw/yolo_cls,0.3533325493335724
1750,Loss_Raw/yolo_cls,0.3722965717315674
1800,Loss_Raw/yolo_cls,0.33115631341934204
1850,Loss_Raw/yolo_cls,0.33410587906837463
1900,Loss_Raw/yolo_cls,0.3175697922706604
1950,Loss_Raw/yolo_cls,0.3050006031990051
2000,Loss_Raw/yolo_cls,0.33514368534088135
2050,Loss_Raw/yolo_cls,0.3112056851387024
2100,Loss_Raw/yolo_cls,0.33313438296318054
2150,Loss_Raw/yolo_cls,0.3461270332336426
2200,Loss_Raw/yolo_cls,0.35630249977111816
2250,Loss_Raw/yolo_cls,0.3418411910533905
2300,Loss_Raw/yolo_cls,0.32193857431411743
2350,Loss_Raw/yolo_cls,0.3869333863258362
2400,Loss_Raw/yolo_cls,0.3312285244464874
2443,Loss_Raw/yolo_cls,0.36676761507987976
2493,Loss_Raw/yolo_cls,0.3197596073150635
2543,Loss_Raw/yolo_cls,0.32275593280792236
2593,Loss_Raw/yolo_cls,0.3335513770580292
2643,Loss_Raw/yolo_cls,0.3305780291557312
2693,Loss_Raw/yolo_cls,0.36080819368362427
2743,Loss_Raw/yolo_cls,0.3353380858898163
2793,Loss_Raw/yolo_cls,0.29842638969421387
2843,Loss_Raw/yolo_cls,0.3494497835636139
2893,Loss_Raw/yolo_cls,0.3245519995689392
2943,Loss_Raw/yolo_cls,0.3278041183948517
2993,Loss_Raw/yolo_cls,0.31829357147216797
3043,Loss_Raw/yolo_cls,0.3185141980648041
3093,Loss_Raw/yolo_cls,0.3352666199207306
3143,Loss_Raw/yolo_cls,0.2974313497543335
3193,Loss_Raw/yolo_cls,0.3408389687538147
3243,Loss_Raw/yolo_cls,0.31605345010757446
3293,Loss_Raw/yolo_cls,0.32108598947525024
3343,Loss_Raw/yolo_cls,0.3597780466079712
3393,Loss_Raw/yolo_cls,0.3205588757991791
3443,Loss_Raw/yolo_cls,0.3209613859653473
3493,Loss_Raw/yolo_cls,0.4088522791862488
3543,Loss_Raw/yolo_cls,0.35313305258750916
3593,Loss_Raw/yolo_cls,0.3253633975982666
3643,Loss_Raw/yolo_cls,0.3173191547393799
3693,Loss_Raw/yolo_cls,0.3514684736728668
3743,Loss_Raw/yolo_cls,0.3160110414028168
3793,Loss_Raw/yolo_cls,0.3476513624191284
3843,Loss_Raw/yolo_cls,0.3036485016345978
3893,Loss_Raw/yolo_cls,0.304606169462204
3943,Loss_Raw/yolo_cls,0.3356982469558716
3993,Loss_Raw/yolo_cls,0.3235839605331421
4043,Loss_Raw/yolo_cls,0.28488555550575256
4093,Loss_Raw/yolo_cls,0.33969029784202576
4143,Loss_Raw/yolo_cls,0.3344048261642456
4193,Loss_Raw/yolo_cls,0.3849160969257355
4243,Loss_Raw/yolo_cls,0.3371765613555908
4293,Loss_Raw/yolo_cls,0.3333714008331299
4343,Loss_Raw/yolo_cls,0.34495803713798523
4393,Loss_Raw/yolo_cls,0.3671140968799591
4443,Loss_Raw/yolo_cls,0.30948740243911743
4493,Loss_Raw/yolo_cls,0.30271345376968384
4543,Loss_Raw/yolo_cls,0.3378516733646393
4593,Loss_Raw/yolo_cls,0.3416053354740143
4643,Loss_Raw/yolo_cls,0.3616637885570526
4693,Loss_Raw/yolo_cls,0.38017645478248596
4743,Loss_Raw/yolo_cls,0.32624542713165283
4793,Loss_Raw/yolo_cls,0.3174265921115875
4843,Loss_Raw/yolo_cls,0.3371977210044861
4886,Loss_Raw/yolo_cls,0.3566948175430298
4936,Loss_Raw/yolo_cls,0.3754217326641083
4986,Loss_Raw/yolo_cls,0.3432595133781433
5036,Loss_Raw/yolo_cls,0.383449912071228
5086,Loss_Raw/yolo_cls,0.3681703507900238
5136,Loss_Raw/yolo_cls,0.35579732060432434
5186,Loss_Raw/yolo_cls,0.3119468092918396
5236,Loss_Raw/yolo_cls,0.3030012547969818
5286,Loss_Raw/yolo_cls,0.3029123842716217
5336,Loss_Raw/yolo_cls,0.27816176414489746
5386,Loss_Raw/yolo_cls,0.3359547555446625
5436,Loss_Raw/yolo_cls,0.3012714982032776
5486,Loss_Raw/yolo_cls,0.3397214412689209
5536,Loss_Raw/yolo_cls,0.34930020570755005
5586,Loss_Raw/yolo_cls,0.40034812688827515
5636,Loss_Raw/yolo_cls,0.32373178005218506
5686,Loss_Raw/yolo_cls,0.3238522708415985
5736,Loss_Raw/yolo_cls,0.31951460242271423
5786,Loss_Raw/yolo_cls,0.30299800634384155
5836,Loss_Raw/yolo_cls,0.3346947133541107
5886,Loss_Raw/yolo_cls,0.31241992115974426
5936,Loss_Raw/yolo_cls,0.31679436564445496
5986,Loss_Raw/yolo_cls,0.319122314453125
6036,Loss_Raw/yolo_cls,0.33083197474479675
6086,Loss_Raw/yolo_cls,0.31137609481811523
6136,Loss_Raw/yolo_cls,0.29481765627861023
6186,Loss_Raw/yolo_cls,0.35389384627342224
6236,Loss_Raw/yolo_cls,0.3212689459323883
6286,Loss_Raw/yolo_cls,0.3144032657146454
6336,Loss_Raw/yolo_cls,0.35915321111679077
6386,Loss_Raw/yolo_cls,0.33465903997421265
6436,Loss_Raw/yolo_cls,0.33853575587272644
6486,Loss_Raw/yolo_cls,0.30412060022354126
6536,Loss_Raw/yolo_cls,0.3696998059749603
6586,Loss_Raw/yolo_cls,0.30947065353393555
6636,Loss_Raw/yolo_cls,0.3416917622089386
6686,Loss_Raw/yolo_cls,0.3414718806743622
6736,Loss_Raw/yolo_cls,0.3060552477836609
6786,Loss_Raw/yolo_cls,0.33015376329421997
6836,Loss_Raw/yolo_cls,0.34114640951156616
6886,Loss_Raw/yolo_cls,0.3413664996623993
6936,Loss_Raw/yolo_cls,0.33405402302742004
6986,Loss_Raw/yolo_cls,0.3159847855567932
7036,Loss_Raw/yolo_cls,0.3201013505458832
7086,Loss_Raw/yolo_cls,0.31855079531669617
7136,Loss_Raw/yolo_cls,0.33669912815093994
7186,Loss_Raw/yolo_cls,0.3129591643810272
7236,Loss_Raw/yolo_cls,0.309155136346817
7286,Loss_Raw/yolo_cls,0.2961067259311676
7329,Loss_Raw/yolo_cls,0.34708932042121887
7379,Loss_Raw/yolo_cls,0.30791109800338745
7429,Loss_Raw/yolo_cls,0.32011279463768005
7479,Loss_Raw/yolo_cls,0.31548985838890076
7529,Loss_Raw/yolo_cls,0.3056124448776245
7579,Loss_Raw/yolo_cls,0.35648730397224426
7629,Loss_Raw/yolo_cls,0.31243452429771423
7679,Loss_Raw/yolo_cls,0.3653721511363983
7729,Loss_Raw/yolo_cls,0.24115075170993805
7779,Loss_Raw/yolo_cls,0.3363255262374878
7829,Loss_Raw/yolo_cls,0.35515904426574707
7879,Loss_Raw/yolo_cls,0.3088679015636444
7929,Loss_Raw/yolo_cls,0.3087660074234009
7979,Loss_Raw/yolo_cls,0.28022921085357666
8029,Loss_Raw/yolo_cls,0.3443966209888458
8079,Loss_Raw/yolo_cls,0.33863916993141174
8129,Loss_Raw/yolo_cls,0.296848326921463
8179,Loss_Raw/yolo_cls,0.3106074035167694
8229,Loss_Raw/yolo_cls,0.2924378514289856
8279,Loss_Raw/yolo_cls,0.30154749751091003
8329,Loss_Raw/yolo_cls,0.30543601512908936
8379,Loss_Raw/yolo_cls,0.3072050213813782
8429,Loss_Raw/yolo_cls,0.29260119795799255
8479,Loss_Raw/yolo_cls,0.28714433312416077
8529,Loss_Raw/yolo_cls,0.3468548357486725
8579,Loss_Raw/yolo_cls,0.34358054399490356
8629,Loss_Raw/yolo_cls,0.3540491461753845
8679,Loss_Raw/yolo_cls,0.35483360290527344
8729,Loss_Raw/yolo_cls,0.34874334931373596
8779,Loss_Raw/yolo_cls,0.32330188155174255
8829,Loss_Raw/yolo_cls,0.3239222764968872
8879,Loss_Raw/yolo_cls,0.3333442509174347
8929,Loss_Raw/yolo_cls,0.291706383228302
8979,Loss_Raw/yolo_cls,0.35344183444976807
9029,Loss_Raw/yolo_cls,0.3090449273586273
9079,Loss_Raw/yolo_cls,0.3366380035877228
9129,Loss_Raw/yolo_cls,0.3350532650947571
9179,Loss_Raw/yolo_cls,0.31613728404045105
9229,Loss_Raw/yolo_cls,0.356336385011673
9279,Loss_Raw/yolo_cls,0.36851462721824646
9329,Loss_Raw/yolo_cls,0.37452957034111023
9379,Loss_Raw/yolo_cls,0.3153599202632904
9429,Loss_Raw/yolo_cls,0.3358209729194641
9479,Loss_Raw/yolo_cls,0.31699997186660767
9529,Loss_Raw/yolo_cls,0.29472294449806213
9579,Loss_Raw/yolo_cls,0.32782870531082153
9629,Loss_Raw/yolo_cls,0.28326043486595154
9679,Loss_Raw/yolo_cls,0.3450096845626831
9729,Loss_Raw/yolo_cls,0.3267464339733124
9772,Loss_Raw/yolo_cls,0.31139346957206726
9822,Loss_Raw/yolo_cls,0.28627386689186096
9872,Loss_Raw/yolo_cls,0.31136074662208557
9922,Loss_Raw/yolo_cls,0.33007824420928955
9972,Loss_Raw/yolo_cls,0.33103328943252563
10022,Loss_Raw/yolo_cls,0.32291707396507263
10072,Loss_Raw/yolo_cls,0.2880341410636902
10122,Loss_Raw/yolo_cls,0.3511727452278137
10172,Loss_Raw/yolo_cls,0.3051246702671051
10222,Loss_Raw/yolo_cls,0.29970040917396545
10272,Loss_Raw/yolo_cls,0.3144920766353607
10322,Loss_Raw/yolo_cls,0.31117939949035645
10372,Loss_Raw/yolo_cls,0.3678187131881714
10422,Loss_Raw/yolo_cls,0.36986348032951355
10472,Loss_Raw/yolo_cls,0.3079231083393097
10522,Loss_Raw/yolo_cls,0.3998066484928131
10572,Loss_Raw/yolo_cls,0.29183387756347656
10622,Loss_Raw/yolo_cls,0.3024785816669464
10672,Loss_Raw/yolo_cls,0.3315432667732239
10722,Loss_Raw/yolo_cls,0.3098001778125763
10772,Loss_Raw/yolo_cls,0.2795725166797638
10822,Loss_Raw/yolo_cls,0.3716769814491272
10872,Loss_Raw/yolo_cls,0.29470184445381165
10922,Loss_Raw/yolo_cls,0.2989829480648041
10972,Loss_Raw/yolo_cls,0.3273204267024994
11022,Loss_Raw/yolo_cls,0.32729819416999817
11072,Loss_Raw/yolo_cls,0.37707939743995667
11122,Loss_Raw/yolo_cls,0.29920125007629395
11172,Loss_Raw/yolo_cls,0.38992464542388916
11222,Loss_Raw/yolo_cls,0.37711846828460693
11272,Loss_Raw/yolo_cls,0.3260306417942047
11322,Loss_Raw/yolo_cls,0.2857082486152649
11372,Loss_Raw/yolo_cls,0.2783125638961792
11422,Loss_Raw/yolo_cls,0.28534361720085144
11472,Loss_Raw/yolo_cls,0.28435251116752625
11522,Loss_Raw/yolo_cls,0.3374851644039154
11572,Loss_Raw/yolo_cls,0.3230695426464081
11622,Loss_Raw/yolo_cls,0.28412407636642456
11672,Loss_Raw/yolo_cls,0.3680521845817566
11722,Loss_Raw/yolo_cls,0.32568949460983276
11772,Loss_Raw/yolo_cls,0.3163575232028961
11822,Loss_Raw/yolo_cls,0.31215518712997437
11872,Loss_Raw/yolo_cls,0.36206308007240295
11922,Loss_Raw/yolo_cls,0.33756133913993835
11972,Loss_Raw/yolo_cls,0.3157080411911011
12022,Loss_Raw/yolo_cls,0.3257806897163391
12072,Loss_Raw/yolo_cls,0.3405141532421112
12122,Loss_Raw/yolo_cls,0.3637661933898926
12172,Loss_Raw/yolo_cls,0.3516364097595215
12215,Loss_Raw/yolo_cls,0.323526531457901
12265,Loss_Raw/yolo_cls,0.35864946246147156
12315,Loss_Raw/yolo_cls,0.32445311546325684
12365,Loss_Raw/yolo_cls,0.34553831815719604
12415,Loss_Raw/yolo_cls,0.32118698954582214
12465,Loss_Raw/yolo_cls,0.3436453938484192
12515,Loss_Raw/yolo_cls,0.32163605093955994
12565,Loss_Raw/yolo_cls,0.325242817401886
12615,Loss_Raw/yolo_cls,0.3453907072544098
12665,Loss_Raw/yolo_cls,0.3234737515449524
12715,Loss_Raw/yolo_cls,0.2919980585575104
12765,Loss_Raw/yolo_cls,0.32044827938079834
12815,Loss_Raw/yolo_cls,0.268312007188797
12865,Loss_Raw/yolo_cls,0.3155643343925476
12915,Loss_Raw/yolo_cls,0.31671732664108276
12965,Loss_Raw/yolo_cls,0.3772225081920624
13015,Loss_Raw/yolo_cls,0.4013236165046692
13065,Loss_Raw/yolo_cls,0.31400397419929504
13115,Loss_Raw/yolo_cls,0.3093487024307251
13165,Loss_Raw/yolo_cls,0.3687591552734375
13215,Loss_Raw/yolo_cls,0.35269904136657715
13265,Loss_Raw/yolo_cls,0.34348684549331665
13315,Loss_Raw/yolo_cls,0.34047362208366394
13365,Loss_Raw/yolo_cls,0.3772120475769043
13415,Loss_Raw/yolo_cls,0.32544952630996704
13465,Loss_Raw/yolo_cls,0.3180224895477295
13515,Loss_Raw/yolo_cls,0.30011796951293945
13565,Loss_Raw/yolo_cls,0.29935139417648315
13615,Loss_Raw/yolo_cls,0.31368300318717957
13665,Loss_Raw/yolo_cls,0.34773674607276917
13715,Loss_Raw/yolo_cls,0.35458123683929443
13765,Loss_Raw/yolo_cls,0.3122432231903076
13815,Loss_Raw/yolo_cls,0.3169187009334564
13865,Loss_Raw/yolo_cls,0.32039088010787964
13915,Loss_Raw/yolo_cls,0.31922027468681335
13965,Loss_Raw/yolo_cls,0.32027360796928406
14015,Loss_Raw/yolo_cls,0.29972195625305176
14065,Loss_Raw/yolo_cls,0.3216922879219055
14115,Loss_Raw/yolo_cls,0.3139473497867584
14165,Loss_Raw/yolo_cls,0.30075564980506897
14215,Loss_Raw/yolo_cls,0.3302980959415436
14265,Loss_Raw/yolo_cls,0.3047872483730316
14315,Loss_Raw/yolo_cls,0.3826456367969513
14365,Loss_Raw/yolo_cls,0.33518362045288086
14415,Loss_Raw/yolo_cls,0.34903451800346375
14465,Loss_Raw/yolo_cls,0.343339204788208
14515,Loss_Raw/yolo_cls,0.2684231996536255
14565,Loss_Raw/yolo_cls,0.3609172999858856
14615,Loss_Raw/yolo_cls,0.3078313171863556
14658,Loss_Raw/yolo_cls,0.3013790249824524
14708,Loss_Raw/yolo_cls,0.3247936964035034
14758,Loss_Raw/yolo_cls,0.28613877296447754
14808,Loss_Raw/yolo_cls,0.3128657042980194
14858,Loss_Raw/yolo_cls,0.2741043269634247
14908,Loss_Raw/yolo_cls,0.27650755643844604
14958,Loss_Raw/yolo_cls,0.3163927495479584
15008,Loss_Raw/yolo_cls,0.3343101739883423
15058,Loss_Raw/yolo_cls,0.3130262494087219
15108,Loss_Raw/yolo_cls,0.3358778953552246
15158,Loss_Raw/yolo_cls,0.32407695055007935
15208,Loss_Raw/yolo_cls,0.31291645765304565
15258,Loss_Raw/yolo_cls,0.35323184728622437
15308,Loss_Raw/yolo_cls,0.33068737387657166
15358,Loss_Raw/yolo_cls,0.29541459679603577
15408,Loss_Raw/yolo_cls,0.2882915139198303
15458,Loss_Raw/yolo_cls,0.3398706912994385
15508,Loss_Raw/yolo_cls,0.36407798528671265
15558,Loss_Raw/yolo_cls,0.30996137857437134
15608,Loss_Raw/yolo_cls,0.3543735444545746
15658,Loss_Raw/yolo_cls,0.3174758553504944
15708,Loss_Raw/yolo_cls,0.3307506740093231
15758,Loss_Raw/yolo_cls,0.3285084664821625
15808,Loss_Raw/yolo_cls,0.3399870693683624
15858,Loss_Raw/yolo_cls,0.3137527108192444
15908,Loss_Raw/yolo_cls,0.2897648811340332
15958,Loss_Raw/yolo_cls,0.2974848747253418
16008,Loss_Raw/yolo_cls,0.35336706042289734
16058,Loss_Raw/yolo_cls,0.2784925103187561
16108,Loss_Raw/yolo_cls,0.3524487316608429
16158,Loss_Raw/yolo_cls,0.32333219051361084
16208,Loss_Raw/yolo_cls,0.3331858515739441
16258,Loss_Raw/yolo_cls,0.28572434186935425
16308,Loss_Raw/yolo_cls,0.2922748625278473
16358,Loss_Raw/yolo_cls,0.2971349358558655
16408,Loss_Raw/yolo_cls,0.32345524430274963
16458,Loss_Raw/yolo_cls,0.3106688857078552
16508,Loss_Raw/yolo_cls,0.3608751893043518
16558,Loss_Raw/yolo_cls,0.3440117835998535
16608,Loss_Raw/yolo_cls,0.33817511796951294
16658,Loss_Raw/yolo_cls,0.3137860894203186
16708,Loss_Raw/yolo_cls,0.31765225529670715
16758,Loss_Raw/yolo_cls,0.32908499240875244
16808,Loss_Raw/yolo_cls,0.30578723549842834
16858,Loss_Raw/yolo_cls,0.31369641423225403
16908,Loss_Raw/yolo_cls,0.35990190505981445
16958,Loss_Raw/yolo_cls,0.35853859782218933
17008,Loss_Raw/yolo_cls,0.31661075353622437
17058,Loss_Raw/yolo_cls,0.3457847833633423
17101,Loss_Raw/yolo_cls,0.30424171686172485
17151,Loss_Raw/yolo_cls,0.3127792179584503
17201,Loss_Raw/yolo_cls,0.32400500774383545
17251,Loss_Raw/yolo_cls,0.2999730110168457
17301,Loss_Raw/yolo_cls,0.33394452929496765
17351,Loss_Raw/yolo_cls,0.34876367449760437
17401,Loss_Raw/yolo_cls,0.34902530908584595
17451,Loss_Raw/yolo_cls,0.2909426987171173
17501,Loss_Raw/yolo_cls,0.30586257576942444
17551,Loss_Raw/yolo_cls,0.2864447832107544
17601,Loss_Raw/yolo_cls,0.35390159487724304
17651,Loss_Raw/yolo_cls,0.33169978857040405
17701,Loss_Raw/yolo_cls,0.34599918127059937
17751,Loss_Raw/yolo_cls,0.3314548134803772
17801,Loss_Raw/yolo_cls,0.29749512672424316
17851,Loss_Raw/yolo_cls,0.34928011894226074
17901,Loss_Raw/yolo_cls,0.3177391290664673
0,Loss_Raw/yolo_obj,0.4882467985153198
50,Loss_Raw/yolo_obj,0.47674110531806946
100,Loss_Raw/yolo_obj,0.48000478744506836
150,Loss_Raw/yolo_obj,0.4733034670352936
200,Loss_Raw/yolo_obj,0.4910546839237213
250,Loss_Raw/yolo_obj,0.4421704411506653
300,Loss_Raw/yolo_obj,0.443975567817688
350,Loss_Raw/yolo_obj,0.43364936113357544
400,Loss_Raw/yolo_obj,0.4684809148311615
450,Loss_Raw/yolo_obj,0.4372759461402893
500,Loss_Raw/yolo_obj,0.4846968352794647
550,Loss_Raw/yolo_obj,0.4018596112728119
600,Loss_Raw/yolo_obj,0.45578962564468384
650,Loss_Raw/yolo_obj,0.4082518219947815
700,Loss_Raw/yolo_obj,0.42718833684921265
750,Loss_Raw/yolo_obj,0.4121350347995758
800,Loss_Raw/yolo_obj,0.4781652092933655
850,Loss_Raw/yolo_obj,0.40862974524497986
900,Loss_Raw/yolo_obj,0.4493822455406189
950,Loss_Raw/yolo_obj,0.44850683212280273
1000,Loss_Raw/yolo_obj,0.42567065358161926
1050,Loss_Raw/yolo_obj,0.45069634914398193
1100,Loss_Raw/yolo_obj,0.4160541296005249
1150,Loss_Raw/yolo_obj,0.434918075799942
1200,Loss_Raw/yolo_obj,0.45539745688438416
1250,Loss_Raw/yolo_obj,0.41360965371131897
1300,Loss_Raw/yolo_obj,0.3918665647506714
1350,Loss_Raw/yolo_obj,0.5065542459487915
1400,Loss_Raw/yolo_obj,0.40373867750167847
1450,Loss_Raw/yolo_obj,0.45324429869651794
1500,Loss_Raw/yolo_obj,0.39995691180229187
1550,Loss_Raw/yolo_obj,0.4307548701763153
1600,Loss_Raw/yolo_obj,0.40784019231796265
1650,Loss_Raw/yolo_obj,0.4010075628757477
1700,Loss_Raw/yolo_obj,0.41837888956069946
1750,Loss_Raw/yolo_obj,0.3936581015586853
1800,Loss_Raw/yolo_obj,0.453962504863739
1850,Loss_Raw/yolo_obj,0.39869558811187744
1900,Loss_Raw/yolo_obj,0.4138445258140564
1950,Loss_Raw/yolo_obj,0.4591869115829468
2000,Loss_Raw/yolo_obj,0.3967972993850708
2050,Loss_Raw/yolo_obj,0.38585329055786133
2100,Loss_Raw/yolo_obj,0.4156327247619629
2150,Loss_Raw/yolo_obj,0.4459654986858368
2200,Loss_Raw/yolo_obj,0.3909112513065338
2250,Loss_Raw/yolo_obj,0.50193190574646
2300,Loss_Raw/yolo_obj,0.38267117738723755
2350,Loss_Raw/yolo_obj,0.49985581636428833
2400,Loss_Raw/yolo_obj,0.4136529862880707
2443,Loss_Raw/yolo_obj,0.3805004954338074
2493,Loss_Raw/yolo_obj,0.3786991238594055
2543,Loss_Raw/yolo_obj,0.4169142544269562
2593,Loss_Raw/yolo_obj,0.39001309871673584
2643,Loss_Raw/yolo_obj,0.3609992265701294
2693,Loss_Raw/yolo_obj,0.42355722188949585
2743,Loss_Raw/yolo_obj,0.38007837533950806
2793,Loss_Raw/yolo_obj,0.424299955368042
2843,Loss_Raw/yolo_obj,0.3766869306564331
2893,Loss_Raw/yolo_obj,0.393341600894928
2943,Loss_Raw/yolo_obj,0.3959709107875824
2993,Loss_Raw/yolo_obj,0.4046481251716614
3043,Loss_Raw/yolo_obj,0.45463407039642334
3093,Loss_Raw/yolo_obj,0.36736032366752625
3143,Loss_Raw/yolo_obj,0.3861846327781677
3193,Loss_Raw/yolo_obj,0.3997698128223419
3243,Loss_Raw/yolo_obj,0.40214118361473083
3293,Loss_Raw/yolo_obj,0.3829490542411804
3343,Loss_Raw/yolo_obj,0.3972509503364563
3393,Loss_Raw/yolo_obj,0.4125829339027405
3443,Loss_Raw/yolo_obj,0.36744120717048645
3493,Loss_Raw/yolo_obj,0.41613391041755676
3543,Loss_Raw/yolo_obj,0.4016978442668915
3593,Loss_Raw/yolo_obj,0.40241608023643494
3643,Loss_Raw/yolo_obj,0.3977315425872803
3693,Loss_Raw/yolo_obj,0.42045077681541443
3743,Loss_Raw/yolo_obj,0.38171517848968506
3793,Loss_Raw/yolo_obj,0.4044186472892761
3843,Loss_Raw/yolo_obj,0.3906855583190918
3893,Loss_Raw/yolo_obj,0.3800366520881653
3943,Loss_Raw/yolo_obj,0.36500534415245056
3993,Loss_Raw/yolo_obj,0.3733889162540436
4043,Loss_Raw/yolo_obj,0.39813950657844543
4093,Loss_Raw/yolo_obj,0.3652500808238983
4143,Loss_Raw/yolo_obj,0.36963486671447754
4193,Loss_Raw/yolo_obj,0.4213044047355652
4243,Loss_Raw/yolo_obj,0.35636240243911743
4293,Loss_Raw/yolo_obj,0.38625937700271606
4343,Loss_Raw/yolo_obj,0.38407495617866516
4393,Loss_Raw/yolo_obj,0.38219979405403137
4443,Loss_Raw/yolo_obj,0.35659244656562805
4493,Loss_Raw/yolo_obj,0.3377155065536499
4543,Loss_Raw/yolo_obj,0.33318832516670227
4593,Loss_Raw/yolo_obj,0.4203336834907532
4643,Loss_Raw/yolo_obj,0.3987926244735718
4693,Loss_Raw/yolo_obj,0.39654308557510376
4743,Loss_Raw/yolo_obj,0.3666051924228668
4793,Loss_Raw/yolo_obj,0.36620578169822693
4843,Loss_Raw/yolo_obj,0.39308276772499084
4886,Loss_Raw/yolo_obj,0.3884405493736267
4936,Loss_Raw/yolo_obj,0.40022414922714233
4986,Loss_Raw/yolo_obj,0.3761492073535919
5036,Loss_Raw/yolo_obj,0.4040203392505646
5086,Loss_Raw/yolo_obj,0.39942294359207153
5136,Loss_Raw/yolo_obj,0.38311123847961426
5186,Loss_Raw/yolo_obj,0.3476940095424652
5236,Loss_Raw/yolo_obj,0.36563360691070557
5286,Loss_Raw/yolo_obj,0.3517163097858429
5336,Loss_Raw/yolo_obj,0.3305129408836365
5386,Loss_Raw/yolo_obj,0.38102462887763977
5436,Loss_Raw/yolo_obj,0.35780543088912964
5486,Loss_Raw/yolo_obj,0.3841685354709625
5536,Loss_Raw/yolo_obj,0.3672523498535156
5586,Loss_Raw/yolo_obj,0.36511069536209106
5636,Loss_Raw/yolo_obj,0.39195653796195984
5686,Loss_Raw/yolo_obj,0.39513924717903137
5736,Loss_Raw/yolo_obj,0.35811758041381836
5786,Loss_Raw/yolo_obj,0.3750503659248352
5836,Loss_Raw/yolo_obj,0.329617977142334
5886,Loss_Raw/yolo_obj,0.32183560729026794
5936,Loss_Raw/yolo_obj,0.32721009850502014
5986,Loss_Raw/yolo_obj,0.3610774576663971
6036,Loss_Raw/yolo_obj,0.3032861053943634
6086,Loss_Raw/yolo_obj,0.35753655433654785
6136,Loss_Raw/yolo_obj,0.3635490834712982
6186,Loss_Raw/yolo_obj,0.3761189877986908
6236,Loss_Raw/yolo_obj,0.31556272506713867
6286,Loss_Raw/yolo_obj,0.35110166668891907
6336,Loss_Raw/yolo_obj,0.3108147978782654
6386,Loss_Raw/yolo_obj,0.3568617105484009
6436,Loss_Raw/yolo_obj,0.3642236292362213
6486,Loss_Raw/yolo_obj,0.37235984206199646
6536,Loss_Raw/yolo_obj,0.36831679940223694
6586,Loss_Raw/yolo_obj,0.35257688164711
6636,Loss_Raw/yolo_obj,0.36425575613975525
6686,Loss_Raw/yolo_obj,0.3521983027458191
6736,Loss_Raw/yolo_obj,0.3228975832462311
6786,Loss_Raw/yolo_obj,0.3762460947036743
6836,Loss_Raw/yolo_obj,0.34256190061569214
6886,Loss_Raw/yolo_obj,0.34539613127708435
6936,Loss_Raw/yolo_obj,0.3469099998474121
6986,Loss_Raw/yolo_obj,0.3067575693130493
7036,Loss_Raw/yolo_obj,0.33492252230644226
7086,Loss_Raw/yolo_obj,0.30881544947624207
7136,Loss_Raw/yolo_obj,0.3389422595500946
7186,Loss_Raw/yolo_obj,0.31564775109291077
7236,Loss_Raw/yolo_obj,0.3307783603668213
7286,Loss_Raw/yolo_obj,0.3557005524635315
7329,Loss_Raw/yolo_obj,0.3470764458179474
7379,Loss_Raw/yolo_obj,0.30174851417541504
7429,Loss_Raw/yolo_obj,0.3265438675880432
7479,Loss_Raw/yolo_obj,0.325397253036499
7529,Loss_Raw/yolo_obj,0.3174041509628296
7579,Loss_Raw/yolo_obj,0.3138069808483124
7629,Loss_Raw/yolo_obj,0.32622477412223816
7679,Loss_Raw/yolo_obj,0.3289206027984619
7729,Loss_Raw/yolo_obj,0.3053158223628998
7779,Loss_Raw/yolo_obj,0.319721519947052
7829,Loss_Raw/yolo_obj,0.32068562507629395
7879,Loss_Raw/yolo_obj,0.31484365463256836
7929,Loss_Raw/yolo_obj,0.31547072529792786
7979,Loss_Raw/yolo_obj,0.30218592286109924
8029,Loss_Raw/yolo_obj,0.3340599238872528
8079,Loss_Raw/yolo_obj,0.3342149257659912
8129,Loss_Raw/yolo_obj,0.35901665687561035
8179,Loss_Raw/yolo_obj,0.3008100092411041
8229,Loss_Raw/yolo_obj,0.28860950469970703
8279,Loss_Raw/yolo_obj,0.31191039085388184
8329,Loss_Raw/yolo_obj,0.29222050309181213
8379,Loss_Raw/yolo_obj,0.3093890845775604
8429,Loss_Raw/yolo_obj,0.28762075304985046
8479,Loss_Raw/yolo_obj,0.2891860604286194
8529,Loss_Raw/yolo_obj,0.3375484347343445
8579,Loss_Raw/yolo_obj,0.3093366324901581
8629,Loss_Raw/yolo_obj,0.3147541880607605
8679,Loss_Raw/yolo_obj,0.3194013237953186
8729,Loss_Raw/yolo_obj,0.33034560084342957
8779,Loss_Raw/yolo_obj,0.28067052364349365
8829,Loss_Raw/yolo_obj,0.31442999839782715
8879,Loss_Raw/yolo_obj,0.32501447200775146
8929,Loss_Raw/yolo_obj,0.3042995035648346
8979,Loss_Raw/yolo_obj,0.28762853145599365
9029,Loss_Raw/yolo_obj,0.3002472221851349
9079,Loss_Raw/yolo_obj,0.294735312461853
9129,Loss_Raw/yolo_obj,0.3218619227409363
9179,Loss_Raw/yolo_obj,0.31041979789733887
9229,Loss_Raw/yolo_obj,0.3157846927642822
9279,Loss_Raw/yolo_obj,0.2901913523674011
9329,Loss_Raw/yolo_obj,0.301032692193985
9379,Loss_Raw/yolo_obj,0.28805339336395264
9429,Loss_Raw/yolo_obj,0.3126686215400696
9479,Loss_Raw/yolo_obj,0.31410276889801025
9529,Loss_Raw/yolo_obj,0.3266099989414215
9579,Loss_Raw/yolo_obj,0.284607470035553
9629,Loss_Raw/yolo_obj,0.2747178375720978
9679,Loss_Raw/yolo_obj,0.29345589876174927
9729,Loss_Raw/yolo_obj,0.2934211790561676
9772,Loss_Raw/yolo_obj,0.28811657428741455
9822,Loss_Raw/yolo_obj,0.3119749426841736
9872,Loss_Raw/yolo_obj,0.29427215456962585
9922,Loss_Raw/yolo_obj,0.2934277653694153
9972,Loss_Raw/yolo_obj,0.3005003035068512
10022,Loss_Raw/yolo_obj,0.28669172525405884
10072,Loss_Raw/yolo_obj,0.2661034166812897
10122,Loss_Raw/yolo_obj,0.2788926064968109
10172,Loss_Raw/yolo_obj,0.2821127474308014
10222,Loss_Raw/yolo_obj,0.2935078740119934
10272,Loss_Raw/yolo_obj,0.28557291626930237
10322,Loss_Raw/yolo_obj,0.2638589143753052
10372,Loss_Raw/yolo_obj,0.30593326687812805
10422,Loss_Raw/yolo_obj,0.2947809398174286
10472,Loss_Raw/yolo_obj,0.2555018961429596
10522,Loss_Raw/yolo_obj,0.2775181233882904
10572,Loss_Raw/yolo_obj,0.2793337106704712
10622,Loss_Raw/yolo_obj,0.2783452868461609
10672,Loss_Raw/yolo_obj,0.2912164032459259
10722,Loss_Raw/yolo_obj,0.26977643370628357
10772,Loss_Raw/yolo_obj,0.29956889152526855
10822,Loss_Raw/yolo_obj,0.28318387269973755
10872,Loss_Raw/yolo_obj,0.288297563791275
10922,Loss_Raw/yolo_obj,0.28755494952201843
10972,Loss_Raw/yolo_obj,0.2690757215023041
11022,Loss_Raw/yolo_obj,0.2875543236732483
11072,Loss_Raw/yolo_obj,0.2823684513568878
11122,Loss_Raw/yolo_obj,0.28342369198799133
11172,Loss_Raw/yolo_obj,0.2730470299720764
11222,Loss_Raw/yolo_obj,0.28593283891677856
11272,Loss_Raw/yolo_obj,0.2695554792881012
11322,Loss_Raw/yolo_obj,0.2588987648487091
11372,Loss_Raw/yolo_obj,0.28544312715530396
11422,Loss_Raw/yolo_obj,0.26238498091697693
11472,Loss_Raw/yolo_obj,0.25579166412353516
11522,Loss_Raw/yolo_obj,0.26437675952911377
11572,Loss_Raw/yolo_obj,0.279282808303833
11622,Loss_Raw/yolo_obj,0.24810828268527985
11672,Loss_Raw/yolo_obj,0.26691699028015137
11722,Loss_Raw/yolo_obj,0.27250340580940247
11772,Loss_Raw/yolo_obj,0.2659842073917389
11822,Loss_Raw/yolo_obj,0.2816477119922638
11872,Loss_Raw/yolo_obj,0.2609170377254486
11922,Loss_Raw/yolo_obj,0.2745494842529297
11972,Loss_Raw/yolo_obj,0.2382505089044571
12022,Loss_Raw/yolo_obj,0.26340314745903015
12072,Loss_Raw/yolo_obj,0.2721520960330963
12122,Loss_Raw/yolo_obj,0.27429378032684326
12172,Loss_Raw/yolo_obj,0.24666421115398407
12215,Loss_Raw/yolo_obj,0.24922853708267212
12265,Loss_Raw/yolo_obj,0.2901496887207031
12315,Loss_Raw/yolo_obj,0.25877293944358826
12365,Loss_Raw/yolo_obj,0.25422194600105286
12415,Loss_Raw/yolo_obj,0.2637496888637543
12465,Loss_Raw/yolo_obj,0.2559887170791626
12515,Loss_Raw/yolo_obj,0.2588212788105011
12565,Loss_Raw/yolo_obj,0.2524433732032776
12615,Loss_Raw/yolo_obj,0.27367061376571655
12665,Loss_Raw/yolo_obj,0.2700255811214447
12715,Loss_Raw/yolo_obj,0.23112145066261292
12765,Loss_Raw/yolo_obj,0.2489655613899231
12815,Loss_Raw/yolo_obj,0.2470863312482834
12865,Loss_Raw/yolo_obj,0.254026859998703
12915,Loss_Raw/yolo_obj,0.24846616387367249
12965,Loss_Raw/yolo_obj,0.26839742064476013
13015,Loss_Raw/yolo_obj,0.2566983997821808
13065,Loss_Raw/yolo_obj,0.24087916314601898
13115,Loss_Raw/yolo_obj,0.24566832184791565
13165,Loss_Raw/yolo_obj,0.25681042671203613
13215,Loss_Raw/yolo_obj,0.23990267515182495
13265,Loss_Raw/yolo_obj,0.24174658954143524
13315,Loss_Raw/yolo_obj,0.26229342818260193
13365,Loss_Raw/yolo_obj,0.25607359409332275
13415,Loss_Raw/yolo_obj,0.2473120242357254
13465,Loss_Raw/yolo_obj,0.25338295102119446
13515,Loss_Raw/yolo_obj,0.2229897826910019
13565,Loss_Raw/yolo_obj,0.2499835342168808
13615,Loss_Raw/yolo_obj,0.23862400650978088
13665,Loss_Raw/yolo_obj,0.2506130635738373
13715,Loss_Raw/yolo_obj,0.26440802216529846
13765,Loss_Raw/yolo_obj,0.23671452701091766
13815,Loss_Raw/yolo_obj,0.23883502185344696
13865,Loss_Raw/yolo_obj,0.22563478350639343
13915,Loss_Raw/yolo_obj,0.21962283551692963
13965,Loss_Raw/yolo_obj,0.23179347813129425
14015,Loss_Raw/yolo_obj,0.229187473654747
14065,Loss_Raw/yolo_obj,0.23916412889957428
14115,Loss_Raw/yolo_obj,0.22786188125610352
14165,Loss_Raw/yolo_obj,0.2135998159646988
14215,Loss_Raw/yolo_obj,0.22668197751045227
14265,Loss_Raw/yolo_obj,0.21374356746673584
14315,Loss_Raw/yolo_obj,0.22855490446090698
14365,Loss_Raw/yolo_obj,0.22316578030586243
14415,Loss_Raw/yolo_obj,0.22944243252277374
14465,Loss_Raw/yolo_obj,0.23950040340423584
14515,Loss_Raw/yolo_obj,0.21217681467533112
14565,Loss_Raw/yolo_obj,0.20437125861644745
14615,Loss_Raw/yolo_obj,0.22338682413101196
14658,Loss_Raw/yolo_obj,0.25270941853523254
14708,Loss_Raw/yolo_obj,0.23724853992462158
14758,Loss_Raw/yolo_obj,0.21259400248527527
14808,Loss_Raw/yolo_obj,0.22903282940387726
14858,Loss_Raw/yolo_obj,0.21872524917125702
14908,Loss_Raw/yolo_obj,0.21638883650302887
14958,Loss_Raw/yolo_obj,0.21299497783184052
15008,Loss_Raw/yolo_obj,0.20358474552631378
15058,Loss_Raw/yolo_obj,0.21050609648227692
15108,Loss_Raw/yolo_obj,0.22127383947372437
15158,Loss_Raw/yolo_obj,0.2158626914024353
15208,Loss_Raw/yolo_obj,0.22616888582706451
15258,Loss_Raw/yolo_obj,0.21919479966163635
15308,Loss_Raw/yolo_obj,0.20688551664352417
15358,Loss_Raw/yolo_obj,0.20132261514663696
15408,Loss_Raw/yolo_obj,0.22811605036258698
15458,Loss_Raw/yolo_obj,0.21015030145645142
15508,Loss_Raw/yolo_obj,0.19827982783317566
15558,Loss_Raw/yolo_obj,0.21211962401866913
15608,Loss_Raw/yolo_obj,0.21632932126522064
15658,Loss_Raw/yolo_obj,0.2108692228794098
15708,Loss_Raw/yolo_obj,0.20591136813163757
15758,Loss_Raw/yolo_obj,0.21634341776371002
15808,Loss_Raw/yolo_obj,0.20989255607128143
15858,Loss_Raw/yolo_obj,0.22501015663146973
15908,Loss_Raw/yolo_obj,0.1998012363910675
15958,Loss_Raw/yolo_obj,0.20678099989891052
16008,Loss_Raw/yolo_obj,0.22660037875175476
16058,Loss_Raw/yolo_obj,0.20065808296203613
16108,Loss_Raw/yolo_obj,0.23088259994983673
16158,Loss_Raw/yolo_obj,0.19921721518039703
16208,Loss_Raw/yolo_obj,0.19174671173095703
16258,Loss_Raw/yolo_obj,0.20532791316509247
16308,Loss_Raw/yolo_obj,0.21117036044597626
16358,Loss_Raw/yolo_obj,0.19297681748867035
16408,Loss_Raw/yolo_obj,0.2023143321275711
16458,Loss_Raw/yolo_obj,0.20072069764137268
16508,Loss_Raw/yolo_obj,0.1992703229188919
16558,Loss_Raw/yolo_obj,0.20834949612617493
16608,Loss_Raw/yolo_obj,0.19867125153541565
16658,Loss_Raw/yolo_obj,0.1867641806602478
16708,Loss_Raw/yolo_obj,0.19932538270950317
16758,Loss_Raw/yolo_obj,0.20791378617286682
16808,Loss_Raw/yolo_obj,0.19823907315731049
16858,Loss_Raw/yolo_obj,0.20035170018672943
16908,Loss_Raw/yolo_obj,0.2116735875606537
16958,Loss_Raw/yolo_obj,0.19791731238365173
17008,Loss_Raw/yolo_obj,0.1873139888048172
17058,Loss_Raw/yolo_obj,0.1988665610551834
17101,Loss_Raw/yolo_obj,0.19314827024936676
17151,Loss_Raw/yolo_obj,0.18690812587738037
17201,Loss_Raw/yolo_obj,0.2054917961359024
17251,Loss_Raw/yolo_obj,0.20798185467720032
17301,Loss_Raw/yolo_obj,0.19148895144462585
17351,Loss_Raw/yolo_obj,0.18807658553123474
17401,Loss_Raw/yolo_obj,0.19306311011314392
17451,Loss_Raw/yolo_obj,0.20024561882019043
17501,Loss_Raw/yolo_obj,0.17328894138336182
17551,Loss_Raw/yolo_obj,0.2113688588142395
17601,Loss_Raw/yolo_obj,0.2003888487815857
17651,Loss_Raw/yolo_obj,0.19266162812709808
17701,Loss_Raw/yolo_obj,0.18735580146312714
17751,Loss_Raw/yolo_obj,0.20585831999778748
17801,Loss_Raw/yolo_obj,0.1849960833787918
17851,Loss_Raw/yolo_obj,0.18941046297550201
17901,Loss_Raw/yolo_obj,0.18580330908298492
0,Model_Progress/YOLO_Boxes_Drawn,361.0
100,Model_Progress/YOLO_Boxes_Drawn,611.0
200,Model_Progress/YOLO_Boxes_Drawn,600.0
300,Model_Progress/YOLO_Boxes_Drawn,573.0
400,Model_Progress/YOLO_Boxes_Drawn,578.0
500,Model_Progress/YOLO_Boxes_Drawn,588.0
606,Model_Progress/YOLO_Boxes_Drawn,477.0
706,Model_Progress/YOLO_Boxes_Drawn,519.0
924,Model_Progress/YOLO_Boxes_Drawn,516.0
1108,Model_Progress/YOLO_Boxes_Drawn,531.0
1290,Model_Progress/YOLO_Boxes_Drawn,549.0
2015,Model_Progress/YOLO_Boxes_Drawn,507.0
2460,Model_Progress/YOLO_Boxes_Drawn,463.0
4460,Model_Progress/YOLO_Boxes_Drawn,434.0
4897,Model_Progress/YOLO_Boxes_Drawn,297.0
6897,Model_Progress/YOLO_Boxes_Drawn,302.0
6997,Model_Progress/YOLO_Boxes_Drawn,320.0
8997,Model_Progress/YOLO_Boxes_Drawn,263.0
10997,Model_Progress/YOLO_Boxes_Drawn,213.0
11135,Model_Progress/YOLO_Boxes_Drawn,235.0
13135,Model_Progress/YOLO_Boxes_Drawn,149.0
15135,Model_Progress/YOLO_Boxes_Drawn,94.0
17135,Model_Progress/YOLO_Boxes_Drawn,73.0
0,Model_Progress/YOLO_Final_CONF,0.34923848509788513
100,Model_Progress/YOLO_Final_CONF,0.3695208430290222
200,Model_Progress/YOLO_Final_CONF,0.36778202652931213
300,Model_Progress/YOLO_Final_CONF,0.4089091122150421
400,Model_Progress/YOLO_Final_CONF,0.4134381115436554
500,Model_Progress/YOLO_Final_CONF,0.3943459391593933
606,Model_Progress/YOLO_Final_CONF,0.376736581325531
706,Model_Progress/YOLO_Final_CONF,0.3634215295314789
924,Model_Progress/YOLO_Final_CONF,0.35721737146377563
1108,Model_Progress/YOLO_Final_CONF,0.3932996988296509
1290,Model_Progress/YOLO_Final_CONF,0.3675899803638458
2015,Model_Progress/YOLO_Final_CONF,0.37097349762916565
2460,Model_Progress/YOLO_Final_CONF,0.37628504633903503
4460,Model_Progress/YOLO_Final_CONF,0.3454938530921936
4897,Model_Progress/YOLO_Final_CONF,0.34255290031433105
6897,Model_Progress/YOLO_Final_CONF,0.34857550263404846
6997,Model_Progress/YOLO_Final_CONF,0.3753041923046112
8997,Model_Progress/YOLO_Final_CONF,0.3520425856113434
10997,Model_Progress/YOLO_Final_CONF,0.3255937695503235
11135,Model_Progress/YOLO_Final_CONF,0.3330576419830322
13135,Model_Progress/YOLO_Final_CONF,0.3333812355995178
15135,Model_Progress/YOLO_Final_CONF,0.27327579259872437
17135,Model_Progress/YOLO_Final_CONF,0.28522396087646484
0,Model_Progress/YOLO_Num_Candidates,361.0
100,Model_Progress/YOLO_Num_Candidates,611.0
200,Model_Progress/YOLO_Num_Candidates,600.0
300,Model_Progress/YOLO_Num_Candidates,573.0
400,Model_Progress/YOLO_Num_Candidates,578.0
500,Model_Progress/YOLO_Num_Candidates,588.0
606,Model_Progress/YOLO_Num_Candidates,477.0
706,Model_Progress/YOLO_Num_Candidates,519.0
924,Model_Progress/YOLO_Num_Candidates,516.0
1108,Model_Progress/YOLO_Num_Candidates,531.0
1290,Model_Progress/YOLO_Num_Candidates,549.0
2015,Model_Progress/YOLO_Num_Candidates,507.0
2460,Model_Progress/YOLO_Num_Candidates,463.0
4460,Model_Progress/YOLO_Num_Candidates,434.0
4897,Model_Progress/YOLO_Num_Candidates,297.0
6897,Model_Progress/YOLO_Num_Candidates,302.0
6997,Model_Progress/YOLO_Num_Candidates,320.0
8997,Model_Progress/YOLO_Num_Candidates,263.0
10997,Model_Progress/YOLO_Num_Candidates,213.0
11135,Model_Progress/YOLO_Num_Candidates,235.0
13135,Model_Progress/YOLO_Num_Candidates,149.0
15135,Model_Progress/YOLO_Num_Candidates,94.0
17135,Model_Progress/YOLO_Num_Candidates,73.0
0,UW_Raw/LogVar_Seg,0.0
50,UW_Raw/LogVar_Seg,0.0
100,UW_Raw/LogVar_Seg,0.0
150,UW_Raw/LogVar_Seg,0.0
200,UW_Raw/LogVar_Seg,0.0
250,UW_Raw/LogVar_Seg,0.0
300,UW_Raw/LogVar_Seg,0.0
350,UW_Raw/LogVar_Seg,0.0
400,UW_Raw/LogVar_Seg,0.0
450,UW_Raw/LogVar_Seg,0.0
500,UW_Raw/LogVar_Seg,0.0
550,UW_Raw/LogVar_Seg,0.0
600,UW_Raw/LogVar_Seg,0.0
650,UW_Raw/LogVar_Seg,0.0
700,UW_Raw/LogVar_Seg,0.0
750,UW_Raw/LogVar_Seg,0.0
800,UW_Raw/LogVar_Seg,0.0
850,UW_Raw/LogVar_Seg,0.0
900,UW_Raw/LogVar_Seg,0.0
950,UW_Raw/LogVar_Seg,0.0
1000,UW_Raw/LogVar_Seg,0.0
1050,UW_Raw/LogVar_Seg,0.0
1100,UW_Raw/LogVar_Seg,0.0
1150,UW_Raw/LogVar_Seg,0.0
1200,UW_Raw/LogVar_Seg,0.0
1250,UW_Raw/LogVar_Seg,0.0
1300,UW_Raw/LogVar_Seg,0.0
1350,UW_Raw/LogVar_Seg,0.0
1400,UW_Raw/LogVar_Seg,0.0
1450,UW_Raw/LogVar_Seg,0.0
1500,UW_Raw/LogVar_Seg,0.0
1550,UW_Raw/LogVar_Seg,0.0
1600,UW_Raw/LogVar_Seg,0.0
1650,UW_Raw/LogVar_Seg,0.0
1700,UW_Raw/LogVar_Seg,0.0
1750,UW_Raw/LogVar_Seg,0.0
1800,UW_Raw/LogVar_Seg,0.0
1850,UW_Raw/LogVar_Seg,0.0
1900,UW_Raw/LogVar_Seg,0.0
1950,UW_Raw/LogVar_Seg,0.0
2000,UW_Raw/LogVar_Seg,0.0
2050,UW_Raw/LogVar_Seg,0.0
2100,UW_Raw/LogVar_Seg,0.0
2150,UW_Raw/LogVar_Seg,0.0
2200,UW_Raw/LogVar_Seg,0.0
2250,UW_Raw/LogVar_Seg,0.0
2300,UW_Raw/LogVar_Seg,0.0
2350,UW_Raw/LogVar_Seg,0.0
2400,UW_Raw/LogVar_Seg,0.0
2443,UW_Raw/LogVar_Seg,0.0
2493,UW_Raw/LogVar_Seg,0.0
2543,UW_Raw/LogVar_Seg,0.0
2593,UW_Raw/LogVar_Seg,0.0
2643,UW_Raw/LogVar_Seg,0.0
2693,UW_Raw/LogVar_Seg,0.0
2743,UW_Raw/LogVar_Seg,0.0
2793,UW_Raw/LogVar_Seg,0.0
2843,UW_Raw/LogVar_Seg,0.0
2893,UW_Raw/LogVar_Seg,0.0
2943,UW_Raw/LogVar_Seg,0.0
2993,UW_Raw/LogVar_Seg,0.0
3043,UW_Raw/LogVar_Seg,0.0
3093,UW_Raw/LogVar_Seg,0.0
3143,UW_Raw/LogVar_Seg,0.0
3193,UW_Raw/LogVar_Seg,0.0
3243,UW_Raw/LogVar_Seg,0.0
3293,UW_Raw/LogVar_Seg,0.0
3343,UW_Raw/LogVar_Seg,0.0
3393,UW_Raw/LogVar_Seg,0.0
3443,UW_Raw/LogVar_Seg,0.0
3493,UW_Raw/LogVar_Seg,0.0
3543,UW_Raw/LogVar_Seg,0.0
3593,UW_Raw/LogVar_Seg,0.0
3643,UW_Raw/LogVar_Seg,0.0
3693,UW_Raw/LogVar_Seg,0.0
3743,UW_Raw/LogVar_Seg,0.0
3793,UW_Raw/LogVar_Seg,0.0
3843,UW_Raw/LogVar_Seg,0.0
3893,UW_Raw/LogVar_Seg,0.0
3943,UW_Raw/LogVar_Seg,0.0
3993,UW_Raw/LogVar_Seg,0.0
4043,UW_Raw/LogVar_Seg,0.0
4093,UW_Raw/LogVar_Seg,0.0
4143,UW_Raw/LogVar_Seg,0.0
4193,UW_Raw/LogVar_Seg,0.0
4243,UW_Raw/LogVar_Seg,0.0
4293,UW_Raw/LogVar_Seg,0.0
4343,UW_Raw/LogVar_Seg,0.0
4393,UW_Raw/LogVar_Seg,0.0
4443,UW_Raw/LogVar_Seg,0.0
4493,UW_Raw/LogVar_Seg,0.0
4543,UW_Raw/LogVar_Seg,0.0
4593,UW_Raw/LogVar_Seg,0.0
4643,UW_Raw/LogVar_Seg,0.0
4693,UW_Raw/LogVar_Seg,0.0
4743,UW_Raw/LogVar_Seg,0.0
4793,UW_Raw/LogVar_Seg,0.0
4843,UW_Raw/LogVar_Seg,0.0
4886,UW_Raw/LogVar_Seg,0.0
4936,UW_Raw/LogVar_Seg,0.0
4986,UW_Raw/LogVar_Seg,0.0
5036,UW_Raw/LogVar_Seg,0.0
5086,UW_Raw/LogVar_Seg,0.0
5136,UW_Raw/LogVar_Seg,0.0
5186,UW_Raw/LogVar_Seg,0.0
5236,UW_Raw/LogVar_Seg,0.0
5286,UW_Raw/LogVar_Seg,0.0
5336,UW_Raw/LogVar_Seg,0.0
5386,UW_Raw/LogVar_Seg,0.0
5436,UW_Raw/LogVar_Seg,0.0
5486,UW_Raw/LogVar_Seg,0.0
5536,UW_Raw/LogVar_Seg,0.0
5586,UW_Raw/LogVar_Seg,0.0
5636,UW_Raw/LogVar_Seg,0.0
5686,UW_Raw/LogVar_Seg,0.0
5736,UW_Raw/LogVar_Seg,0.0
5786,UW_Raw/LogVar_Seg,0.0
5836,UW_Raw/LogVar_Seg,0.0
5886,UW_Raw/LogVar_Seg,0.0
5936,UW_Raw/LogVar_Seg,0.0
5986,UW_Raw/LogVar_Seg,0.0
6036,UW_Raw/LogVar_Seg,0.0
6086,UW_Raw/LogVar_Seg,0.0
6136,UW_Raw/LogVar_Seg,0.0
6186,UW_Raw/LogVar_Seg,0.0
6236,UW_Raw/LogVar_Seg,0.0
6286,UW_Raw/LogVar_Seg,0.0
6336,UW_Raw/LogVar_Seg,0.0
6386,UW_Raw/LogVar_Seg,0.0
6436,UW_Raw/LogVar_Seg,0.0
6486,UW_Raw/LogVar_Seg,0.0
6536,UW_Raw/LogVar_Seg,0.0
6586,UW_Raw/LogVar_Seg,0.0
6636,UW_Raw/LogVar_Seg,0.0
6686,UW_Raw/LogVar_Seg,0.0
6736,UW_Raw/LogVar_Seg,0.0
6786,UW_Raw/LogVar_Seg,0.0
6836,UW_Raw/LogVar_Seg,0.0
6886,UW_Raw/LogVar_Seg,0.0
6936,UW_Raw/LogVar_Seg,0.0
6986,UW_Raw/LogVar_Seg,0.0
7036,UW_Raw/LogVar_Seg,0.0
7086,UW_Raw/LogVar_Seg,0.0
7136,UW_Raw/LogVar_Seg,0.0
7186,UW_Raw/LogVar_Seg,0.0
7236,UW_Raw/LogVar_Seg,0.0
7286,UW_Raw/LogVar_Seg,0.0
7329,UW_Raw/LogVar_Seg,0.0
7379,UW_Raw/LogVar_Seg,0.0
7429,UW_Raw/LogVar_Seg,0.0
7479,UW_Raw/LogVar_Seg,0.0
7529,UW_Raw/LogVar_Seg,0.0
7579,UW_Raw/LogVar_Seg,0.0
7629,UW_Raw/LogVar_Seg,0.0
7679,UW_Raw/LogVar_Seg,0.0
7729,UW_Raw/LogVar_Seg,0.0
7779,UW_Raw/LogVar_Seg,0.0
7829,UW_Raw/LogVar_Seg,0.0
7879,UW_Raw/LogVar_Seg,0.0
7929,UW_Raw/LogVar_Seg,0.0
7979,UW_Raw/LogVar_Seg,0.0
8029,UW_Raw/LogVar_Seg,0.0
8079,UW_Raw/LogVar_Seg,0.0
8129,UW_Raw/LogVar_Seg,0.0
8179,UW_Raw/LogVar_Seg,0.0
8229,UW_Raw/LogVar_Seg,0.0
8279,UW_Raw/LogVar_Seg,0.0
8329,UW_Raw/LogVar_Seg,0.0
8379,UW_Raw/LogVar_Seg,0.0
8429,UW_Raw/LogVar_Seg,0.0
8479,UW_Raw/LogVar_Seg,0.0
8529,UW_Raw/LogVar_Seg,0.0
8579,UW_Raw/LogVar_Seg,0.0
8629,UW_Raw/LogVar_Seg,0.0
8679,UW_Raw/LogVar_Seg,0.0
8729,UW_Raw/LogVar_Seg,0.0
8779,UW_Raw/LogVar_Seg,0.0
8829,UW_Raw/LogVar_Seg,0.0
8879,UW_Raw/LogVar_Seg,0.0
8929,UW_Raw/LogVar_Seg,0.0
8979,UW_Raw/LogVar_Seg,0.0
9029,UW_Raw/LogVar_Seg,0.0
9079,UW_Raw/LogVar_Seg,0.0
9129,UW_Raw/LogVar_Seg,0.0
9179,UW_Raw/LogVar_Seg,0.0
9229,UW_Raw/LogVar_Seg,0.0
9279,UW_Raw/LogVar_Seg,0.0
9329,UW_Raw/LogVar_Seg,0.0
9379,UW_Raw/LogVar_Seg,0.0
9429,UW_Raw/LogVar_Seg,0.0
9479,UW_Raw/LogVar_Seg,0.0
9529,UW_Raw/LogVar_Seg,0.0
9579,UW_Raw/LogVar_Seg,0.0
9629,UW_Raw/LogVar_Seg,0.0
9679,UW_Raw/LogVar_Seg,0.0
9729,UW_Raw/LogVar_Seg,0.0
9772,UW_Raw/LogVar_Seg,0.0
9822,UW_Raw/LogVar_Seg,0.0
9872,UW_Raw/LogVar_Seg,0.0
9922,UW_Raw/LogVar_Seg,0.0
9972,UW_Raw/LogVar_Seg,0.0
10022,UW_Raw/LogVar_Seg,0.0
10072,UW_Raw/LogVar_Seg,0.0
10122,UW_Raw/LogVar_Seg,0.0
10172,UW_Raw/LogVar_Seg,0.0
10222,UW_Raw/LogVar_Seg,0.0
10272,UW_Raw/LogVar_Seg,0.0
10322,UW_Raw/LogVar_Seg,0.0
10372,UW_Raw/LogVar_Seg,0.0
10422,UW_Raw/LogVar_Seg,0.0
10472,UW_Raw/LogVar_Seg,0.0
10522,UW_Raw/LogVar_Seg,0.0
10572,UW_Raw/LogVar_Seg,0.0
10622,UW_Raw/LogVar_Seg,0.0
10672,UW_Raw/LogVar_Seg,0.0
10722,UW_Raw/LogVar_Seg,0.0
10772,UW_Raw/LogVar_Seg,0.0
10822,UW_Raw/LogVar_Seg,0.0
10872,UW_Raw/LogVar_Seg,0.0
10922,UW_Raw/LogVar_Seg,0.0
10972,UW_Raw/LogVar_Seg,0.0
11022,UW_Raw/LogVar_Seg,0.0
11072,UW_Raw/LogVar_Seg,0.0
11122,UW_Raw/LogVar_Seg,0.0
11172,UW_Raw/LogVar_Seg,0.0
11222,UW_Raw/LogVar_Seg,0.0
11272,UW_Raw/LogVar_Seg,0.0
11322,UW_Raw/LogVar_Seg,0.0
11372,UW_Raw/LogVar_Seg,0.0
11422,UW_Raw/LogVar_Seg,0.0
11472,UW_Raw/LogVar_Seg,0.0
11522,UW_Raw/LogVar_Seg,0.0
11572,UW_Raw/LogVar_Seg,0.0
11622,UW_Raw/LogVar_Seg,0.0
11672,UW_Raw/LogVar_Seg,0.0
11722,UW_Raw/LogVar_Seg,0.0
11772,UW_Raw/LogVar_Seg,0.0
11822,UW_Raw/LogVar_Seg,0.0
11872,UW_Raw/LogVar_Seg,0.0
11922,UW_Raw/LogVar_Seg,0.0
11972,UW_Raw/LogVar_Seg,0.0
12022,UW_Raw/LogVar_Seg,0.0
12072,UW_Raw/LogVar_Seg,0.0
12122,UW_Raw/LogVar_Seg,0.0
12172,UW_Raw/LogVar_Seg,0.0
12215,UW_Raw/LogVar_Seg,0.0
12265,UW_Raw/LogVar_Seg,0.0
12315,UW_Raw/LogVar_Seg,0.0
12365,UW_Raw/LogVar_Seg,0.0
12415,UW_Raw/LogVar_Seg,0.0
12465,UW_Raw/LogVar_Seg,0.0
12515,UW_Raw/LogVar_Seg,0.0
12565,UW_Raw/LogVar_Seg,0.0
12615,UW_Raw/LogVar_Seg,0.0
12665,UW_Raw/LogVar_Seg,0.0
12715,UW_Raw/LogVar_Seg,0.0
12765,UW_Raw/LogVar_Seg,0.0
12815,UW_Raw/LogVar_Seg,0.0
12865,UW_Raw/LogVar_Seg,0.0
12915,UW_Raw/LogVar_Seg,0.0
12965,UW_Raw/LogVar_Seg,0.0
13015,UW_Raw/LogVar_Seg,0.0
13065,UW_Raw/LogVar_Seg,0.0
13115,UW_Raw/LogVar_Seg,0.0
13165,UW_Raw/LogVar_Seg,0.0
13215,UW_Raw/LogVar_Seg,0.0
13265,UW_Raw/LogVar_Seg,0.0
13315,UW_Raw/LogVar_Seg,0.0
13365,UW_Raw/LogVar_Seg,0.0
13415,UW_Raw/LogVar_Seg,0.0
13465,UW_Raw/LogVar_Seg,0.0
13515,UW_Raw/LogVar_Seg,0.0
13565,UW_Raw/LogVar_Seg,0.0
13615,UW_Raw/LogVar_Seg,0.0
13665,UW_Raw/LogVar_Seg,0.0
13715,UW_Raw/LogVar_Seg,0.0
13765,UW_Raw/LogVar_Seg,0.0
13815,UW_Raw/LogVar_Seg,0.0
13865,UW_Raw/LogVar_Seg,0.0
13915,UW_Raw/LogVar_Seg,0.0
13965,UW_Raw/LogVar_Seg,0.0
14015,UW_Raw/LogVar_Seg,0.0
14065,UW_Raw/LogVar_Seg,0.0
14115,UW_Raw/LogVar_Seg,0.0
14165,UW_Raw/LogVar_Seg,0.0
14215,UW_Raw/LogVar_Seg,0.0
14265,UW_Raw/LogVar_Seg,0.0
14315,UW_Raw/LogVar_Seg,0.0
14365,UW_Raw/LogVar_Seg,0.0
14415,UW_Raw/LogVar_Seg,0.0
14465,UW_Raw/LogVar_Seg,0.0
14515,UW_Raw/LogVar_Seg,0.0
14565,UW_Raw/LogVar_Seg,0.0
14615,UW_Raw/LogVar_Seg,0.0
14658,UW_Raw/LogVar_Seg,0.0
14708,UW_Raw/LogVar_Seg,0.0
14758,UW_Raw/LogVar_Seg,0.0
14808,UW_Raw/LogVar_Seg,0.0
14858,UW_Raw/LogVar_Seg,0.0
14908,UW_Raw/LogVar_Seg,0.0
14958,UW_Raw/LogVar_Seg,0.0
15008,UW_Raw/LogVar_Seg,0.0
15058,UW_Raw/LogVar_Seg,0.0
15108,UW_Raw/LogVar_Seg,0.0
15158,UW_Raw/LogVar_Seg,0.0
15208,UW_Raw/LogVar_Seg,0.0
15258,UW_Raw/LogVar_Seg,0.0
15308,UW_Raw/LogVar_Seg,0.0
15358,UW_Raw/LogVar_Seg,0.0
15408,UW_Raw/LogVar_Seg,0.0
15458,UW_Raw/LogVar_Seg,0.0
15508,UW_Raw/LogVar_Seg,0.0
15558,UW_Raw/LogVar_Seg,0.0
15608,UW_Raw/LogVar_Seg,0.0
15658,UW_Raw/LogVar_Seg,0.0
15708,UW_Raw/LogVar_Seg,0.0
15758,UW_Raw/LogVar_Seg,0.0
15808,UW_Raw/LogVar_Seg,0.0
15858,UW_Raw/LogVar_Seg,0.0
15908,UW_Raw/LogVar_Seg,0.0
15958,UW_Raw/LogVar_Seg,0.0
16008,UW_Raw/LogVar_Seg,0.0
16058,UW_Raw/LogVar_Seg,0.0
16108,UW_Raw/LogVar_Seg,0.0
16158,UW_Raw/LogVar_Seg,0.0
16208,UW_Raw/LogVar_Seg,0.0
16258,UW_Raw/LogVar_Seg,0.0
16308,UW_Raw/LogVar_Seg,0.0
16358,UW_Raw/LogVar_Seg,0.0
16408,UW_Raw/LogVar_Seg,0.0
16458,UW_Raw/LogVar_Seg,0.0
16508,UW_Raw/LogVar_Seg,0.0
16558,UW_Raw/LogVar_Seg,0.0
16608,UW_Raw/LogVar_Seg,0.0
16658,UW_Raw/LogVar_Seg,0.0
16708,UW_Raw/LogVar_Seg,0.0
16758,UW_Raw/LogVar_Seg,0.0
16808,UW_Raw/LogVar_Seg,0.0
16858,UW_Raw/LogVar_Seg,0.0
16908,UW_Raw/LogVar_Seg,0.0
16958,UW_Raw/LogVar_Seg,0.0
17008,UW_Raw/LogVar_Seg,0.0
17058,UW_Raw/LogVar_Seg,0.0
17101,UW_Raw/LogVar_Seg,0.0
17151,UW_Raw/LogVar_Seg,0.0
17201,UW_Raw/LogVar_Seg,0.0
17251,UW_Raw/LogVar_Seg,0.0
17301,UW_Raw/LogVar_Seg,0.0
17351,UW_Raw/LogVar_Seg,0.0
17401,UW_Raw/LogVar_Seg,0.0
17451,UW_Raw/LogVar_Seg,0.0
17501,UW_Raw/LogVar_Seg,0.0
17551,UW_Raw/LogVar_Seg,0.0
17601,UW_Raw/LogVar_Seg,0.0
17651,UW_Raw/LogVar_Seg,0.0
17701,UW_Raw/LogVar_Seg,0.0
17751,UW_Raw/LogVar_Seg,0.0
17801,UW_Raw/LogVar_Seg,0.0
17851,UW_Raw/LogVar_Seg,0.0
17901,UW_Raw/LogVar_Seg,0.0
0,UW_Raw/LogVar_Stereo,0.0
50,UW_Raw/LogVar_Stereo,0.0
100,UW_Raw/LogVar_Stereo,0.0
150,UW_Raw/LogVar_Stereo,0.0
200,UW_Raw/LogVar_Stereo,0.0
250,UW_Raw/LogVar_Stereo,0.0
300,UW_Raw/LogVar_Stereo,0.0
350,UW_Raw/LogVar_Stereo,0.0
400,UW_Raw/LogVar_Stereo,0.0
450,UW_Raw/LogVar_Stereo,0.0
500,UW_Raw/LogVar_Stereo,0.0
550,UW_Raw/LogVar_Stereo,0.0
600,UW_Raw/LogVar_Stereo,0.0
650,UW_Raw/LogVar_Stereo,0.0
700,UW_Raw/LogVar_Stereo,0.0
750,UW_Raw/LogVar_Stereo,0.0
800,UW_Raw/LogVar_Stereo,0.0
850,UW_Raw/LogVar_Stereo,0.0
900,UW_Raw/LogVar_Stereo,0.0
950,UW_Raw/LogVar_Stereo,0.0
1000,UW_Raw/LogVar_Stereo,0.0
1050,UW_Raw/LogVar_Stereo,0.0
1100,UW_Raw/LogVar_Stereo,0.0
1150,UW_Raw/LogVar_Stereo,0.0
1200,UW_Raw/LogVar_Stereo,0.0
1250,UW_Raw/LogVar_Stereo,0.0
1300,UW_Raw/LogVar_Stereo,0.0
1350,UW_Raw/LogVar_Stereo,0.0
1400,UW_Raw/LogVar_Stereo,0.0
1450,UW_Raw/LogVar_Stereo,0.0
1500,UW_Raw/LogVar_Stereo,0.0
1550,UW_Raw/LogVar_Stereo,0.0
1600,UW_Raw/LogVar_Stereo,0.0
1650,UW_Raw/LogVar_Stereo,0.0
1700,UW_Raw/LogVar_Stereo,0.0
1750,UW_Raw/LogVar_Stereo,0.0
1800,UW_Raw/LogVar_Stereo,0.0
1850,UW_Raw/LogVar_Stereo,0.0
1900,UW_Raw/LogVar_Stereo,0.0
1950,UW_Raw/LogVar_Stereo,0.0
2000,UW_Raw/LogVar_Stereo,0.0
2050,UW_Raw/LogVar_Stereo,0.0
2100,UW_Raw/LogVar_Stereo,0.0
2150,UW_Raw/LogVar_Stereo,0.0
2200,UW_Raw/LogVar_Stereo,0.0
2250,UW_Raw/LogVar_Stereo,0.0
2300,UW_Raw/LogVar_Stereo,0.0
2350,UW_Raw/LogVar_Stereo,0.0
2400,UW_Raw/LogVar_Stereo,0.0
2443,UW_Raw/LogVar_Stereo,0.0
2493,UW_Raw/LogVar_Stereo,0.0
2543,UW_Raw/LogVar_Stereo,0.0
2593,UW_Raw/LogVar_Stereo,0.0
2643,UW_Raw/LogVar_Stereo,0.0
2693,UW_Raw/LogVar_Stereo,0.0
2743,UW_Raw/LogVar_Stereo,0.0
2793,UW_Raw/LogVar_Stereo,0.0
2843,UW_Raw/LogVar_Stereo,0.0
2893,UW_Raw/LogVar_Stereo,0.0
2943,UW_Raw/LogVar_Stereo,0.0
2993,UW_Raw/LogVar_Stereo,0.0
3043,UW_Raw/LogVar_Stereo,0.0
3093,UW_Raw/LogVar_Stereo,0.0
3143,UW_Raw/LogVar_Stereo,0.0
3193,UW_Raw/LogVar_Stereo,0.0
3243,UW_Raw/LogVar_Stereo,0.0
3293,UW_Raw/LogVar_Stereo,0.0
3343,UW_Raw/LogVar_Stereo,0.0
3393,UW_Raw/LogVar_Stereo,0.0
3443,UW_Raw/LogVar_Stereo,0.0
3493,UW_Raw/LogVar_Stereo,0.0
3543,UW_Raw/LogVar_Stereo,0.0
3593,UW_Raw/LogVar_Stereo,0.0
3643,UW_Raw/LogVar_Stereo,0.0
3693,UW_Raw/LogVar_Stereo,0.0
3743,UW_Raw/LogVar_Stereo,0.0
3793,UW_Raw/LogVar_Stereo,0.0
3843,UW_Raw/LogVar_Stereo,0.0
3893,UW_Raw/LogVar_Stereo,0.0
3943,UW_Raw/LogVar_Stereo,0.0
3993,UW_Raw/LogVar_Stereo,0.0
4043,UW_Raw/LogVar_Stereo,0.0
4093,UW_Raw/LogVar_Stereo,0.0
4143,UW_Raw/LogVar_Stereo,0.0
4193,UW_Raw/LogVar_Stereo,0.0
4243,UW_Raw/LogVar_Stereo,0.0
4293,UW_Raw/LogVar_Stereo,0.0
4343,UW_Raw/LogVar_Stereo,0.0
4393,UW_Raw/LogVar_Stereo,0.0
4443,UW_Raw/LogVar_Stereo,0.0
4493,UW_Raw/LogVar_Stereo,0.0
4543,UW_Raw/LogVar_Stereo,0.0
4593,UW_Raw/LogVar_Stereo,0.0
4643,UW_Raw/LogVar_Stereo,0.0
4693,UW_Raw/LogVar_Stereo,0.0
4743,UW_Raw/LogVar_Stereo,0.0
4793,UW_Raw/LogVar_Stereo,0.0
4843,UW_Raw/LogVar_Stereo,0.0
4886,UW_Raw/LogVar_Stereo,0.0
4936,UW_Raw/LogVar_Stereo,0.0
4986,UW_Raw/LogVar_Stereo,0.0
5036,UW_Raw/LogVar_Stereo,0.0
5086,UW_Raw/LogVar_Stereo,0.0
5136,UW_Raw/LogVar_Stereo,0.0
5186,UW_Raw/LogVar_Stereo,0.0
5236,UW_Raw/LogVar_Stereo,0.0
5286,UW_Raw/LogVar_Stereo,0.0
5336,UW_Raw/LogVar_Stereo,0.0
5386,UW_Raw/LogVar_Stereo,0.0
5436,UW_Raw/LogVar_Stereo,0.0
5486,UW_Raw/LogVar_Stereo,0.0
5536,UW_Raw/LogVar_Stereo,0.0
5586,UW_Raw/LogVar_Stereo,0.0
5636,UW_Raw/LogVar_Stereo,0.0
5686,UW_Raw/LogVar_Stereo,0.0
5736,UW_Raw/LogVar_Stereo,0.0
5786,UW_Raw/LogVar_Stereo,0.0
5836,UW_Raw/LogVar_Stereo,0.0
5886,UW_Raw/LogVar_Stereo,0.0
5936,UW_Raw/LogVar_Stereo,0.0
5986,UW_Raw/LogVar_Stereo,0.0
6036,UW_Raw/LogVar_Stereo,0.0
6086,UW_Raw/LogVar_Stereo,0.0
6136,UW_Raw/LogVar_Stereo,0.0
6186,UW_Raw/LogVar_Stereo,0.0
6236,UW_Raw/LogVar_Stereo,0.0
6286,UW_Raw/LogVar_Stereo,0.0
6336,UW_Raw/LogVar_Stereo,0.0
6386,UW_Raw/LogVar_Stereo,0.0
6436,UW_Raw/LogVar_Stereo,0.0
6486,UW_Raw/LogVar_Stereo,0.0
6536,UW_Raw/LogVar_Stereo,0.0
6586,UW_Raw/LogVar_Stereo,0.0
6636,UW_Raw/LogVar_Stereo,0.0
6686,UW_Raw/LogVar_Stereo,0.0
6736,UW_Raw/LogVar_Stereo,0.0
6786,UW_Raw/LogVar_Stereo,0.0
6836,UW_Raw/LogVar_Stereo,0.0
6886,UW_Raw/LogVar_Stereo,0.0
6936,UW_Raw/LogVar_Stereo,0.0
6986,UW_Raw/LogVar_Stereo,0.0
7036,UW_Raw/LogVar_Stereo,0.0
7086,UW_Raw/LogVar_Stereo,0.0
7136,UW_Raw/LogVar_Stereo,0.0
7186,UW_Raw/LogVar_Stereo,0.0
7236,UW_Raw/LogVar_Stereo,0.0
7286,UW_Raw/LogVar_Stereo,0.0
7329,UW_Raw/LogVar_Stereo,0.0
7379,UW_Raw/LogVar_Stereo,0.0
7429,UW_Raw/LogVar_Stereo,0.0
7479,UW_Raw/LogVar_Stereo,0.0
7529,UW_Raw/LogVar_Stereo,0.0
7579,UW_Raw/LogVar_Stereo,0.0
7629,UW_Raw/LogVar_Stereo,0.0
7679,UW_Raw/LogVar_Stereo,0.0
7729,UW_Raw/LogVar_Stereo,0.0
7779,UW_Raw/LogVar_Stereo,0.0
7829,UW_Raw/LogVar_Stereo,0.0
7879,UW_Raw/LogVar_Stereo,0.0
7929,UW_Raw/LogVar_Stereo,0.0
7979,UW_Raw/LogVar_Stereo,0.0
8029,UW_Raw/LogVar_Stereo,0.0
8079,UW_Raw/LogVar_Stereo,0.0
8129,UW_Raw/LogVar_Stereo,0.0
8179,UW_Raw/LogVar_Stereo,0.0
8229,UW_Raw/LogVar_Stereo,0.0
8279,UW_Raw/LogVar_Stereo,0.0
8329,UW_Raw/LogVar_Stereo,0.0
8379,UW_Raw/LogVar_Stereo,0.0
8429,UW_Raw/LogVar_Stereo,0.0
8479,UW_Raw/LogVar_Stereo,0.0
8529,UW_Raw/LogVar_Stereo,0.0
8579,UW_Raw/LogVar_Stereo,0.0
8629,UW_Raw/LogVar_Stereo,0.0
8679,UW_Raw/LogVar_Stereo,0.0
8729,UW_Raw/LogVar_Stereo,0.0
8779,UW_Raw/LogVar_Stereo,0.0
8829,UW_Raw/LogVar_Stereo,0.0
8879,UW_Raw/LogVar_Stereo,0.0
8929,UW_Raw/LogVar_Stereo,0.0
8979,UW_Raw/LogVar_Stereo,0.0
9029,UW_Raw/LogVar_Stereo,0.0
9079,UW_Raw/LogVar_Stereo,0.0
9129,UW_Raw/LogVar_Stereo,0.0
9179,UW_Raw/LogVar_Stereo,0.0
9229,UW_Raw/LogVar_Stereo,0.0
9279,UW_Raw/LogVar_Stereo,0.0
9329,UW_Raw/LogVar_Stereo,0.0
9379,UW_Raw/LogVar_Stereo,0.0
9429,UW_Raw/LogVar_Stereo,0.0
9479,UW_Raw/LogVar_Stereo,0.0
9529,UW_Raw/LogVar_Stereo,0.0
9579,UW_Raw/LogVar_Stereo,0.0
9629,UW_Raw/LogVar_Stereo,0.0
9679,UW_Raw/LogVar_Stereo,0.0
9729,UW_Raw/LogVar_Stereo,0.0
9772,UW_Raw/LogVar_Stereo,0.0
9822,UW_Raw/LogVar_Stereo,0.0
9872,UW_Raw/LogVar_Stereo,0.0
9922,UW_Raw/LogVar_Stereo,0.0
9972,UW_Raw/LogVar_Stereo,0.0
10022,UW_Raw/LogVar_Stereo,0.0
10072,UW_Raw/LogVar_Stereo,0.0
10122,UW_Raw/LogVar_Stereo,0.0
10172,UW_Raw/LogVar_Stereo,0.0
10222,UW_Raw/LogVar_Stereo,0.0
10272,UW_Raw/LogVar_Stereo,0.0
10322,UW_Raw/LogVar_Stereo,0.0
10372,UW_Raw/LogVar_Stereo,0.0
10422,UW_Raw/LogVar_Stereo,0.0
10472,UW_Raw/LogVar_Stereo,0.0
10522,UW_Raw/LogVar_Stereo,0.0
10572,UW_Raw/LogVar_Stereo,0.0
10622,UW_Raw/LogVar_Stereo,0.0
10672,UW_Raw/LogVar_Stereo,0.0
10722,UW_Raw/LogVar_Stereo,0.0
10772,UW_Raw/LogVar_Stereo,0.0
10822,UW_Raw/LogVar_Stereo,0.0
10872,UW_Raw/LogVar_Stereo,0.0
10922,UW_Raw/LogVar_Stereo,0.0
10972,UW_Raw/LogVar_Stereo,0.0
11022,UW_Raw/LogVar_Stereo,0.0
11072,UW_Raw/LogVar_Stereo,0.0
11122,UW_Raw/LogVar_Stereo,0.0
11172,UW_Raw/LogVar_Stereo,0.0
11222,UW_Raw/LogVar_Stereo,0.0
11272,UW_Raw/LogVar_Stereo,0.0
11322,UW_Raw/LogVar_Stereo,0.0
11372,UW_Raw/LogVar_Stereo,0.0
11422,UW_Raw/LogVar_Stereo,0.0
11472,UW_Raw/LogVar_Stereo,0.0
11522,UW_Raw/LogVar_Stereo,0.0
11572,UW_Raw/LogVar_Stereo,0.0
11622,UW_Raw/LogVar_Stereo,0.0
11672,UW_Raw/LogVar_Stereo,0.0
11722,UW_Raw/LogVar_Stereo,0.0
11772,UW_Raw/LogVar_Stereo,0.0
11822,UW_Raw/LogVar_Stereo,0.0
11872,UW_Raw/LogVar_Stereo,0.0
11922,UW_Raw/LogVar_Stereo,0.0
11972,UW_Raw/LogVar_Stereo,0.0
12022,UW_Raw/LogVar_Stereo,0.0
12072,UW_Raw/LogVar_Stereo,0.0
12122,UW_Raw/LogVar_Stereo,0.0
12172,UW_Raw/LogVar_Stereo,0.0
12215,UW_Raw/LogVar_Stereo,0.0
12265,UW_Raw/LogVar_Stereo,0.0
12315,UW_Raw/LogVar_Stereo,0.0
12365,UW_Raw/LogVar_Stereo,0.0
12415,UW_Raw/LogVar_Stereo,0.0
12465,UW_Raw/LogVar_Stereo,0.0
12515,UW_Raw/LogVar_Stereo,0.0
12565,UW_Raw/LogVar_Stereo,0.0
12615,UW_Raw/LogVar_Stereo,0.0
12665,UW_Raw/LogVar_Stereo,0.0
12715,UW_Raw/LogVar_Stereo,0.0
12765,UW_Raw/LogVar_Stereo,0.0
12815,UW_Raw/LogVar_Stereo,0.0
12865,UW_Raw/LogVar_Stereo,0.0
12915,UW_Raw/LogVar_Stereo,0.0
12965,UW_Raw/LogVar_Stereo,0.0
13015,UW_Raw/LogVar_Stereo,0.0
13065,UW_Raw/LogVar_Stereo,0.0
13115,UW_Raw/LogVar_Stereo,0.0
13165,UW_Raw/LogVar_Stereo,0.0
13215,UW_Raw/LogVar_Stereo,0.0
13265,UW_Raw/LogVar_Stereo,0.0
13315,UW_Raw/LogVar_Stereo,0.0
13365,UW_Raw/LogVar_Stereo,0.0
13415,UW_Raw/LogVar_Stereo,0.0
13465,UW_Raw/LogVar_Stereo,0.0
13515,UW_Raw/LogVar_Stereo,0.0
13565,UW_Raw/LogVar_Stereo,0.0
13615,UW_Raw/LogVar_Stereo,0.0
13665,UW_Raw/LogVar_Stereo,0.0
13715,UW_Raw/LogVar_Stereo,0.0
13765,UW_Raw/LogVar_Stereo,0.0
13815,UW_Raw/LogVar_Stereo,0.0
13865,UW_Raw/LogVar_Stereo,0.0
13915,UW_Raw/LogVar_Stereo,0.0
13965,UW_Raw/LogVar_Stereo,0.0
14015,UW_Raw/LogVar_Stereo,0.0
14065,UW_Raw/LogVar_Stereo,0.0
14115,UW_Raw/LogVar_Stereo,0.0
14165,UW_Raw/LogVar_Stereo,0.0
14215,UW_Raw/LogVar_Stereo,0.0
14265,UW_Raw/LogVar_Stereo,0.0
14315,UW_Raw/LogVar_Stereo,0.0
14365,UW_Raw/LogVar_Stereo,0.0
14415,UW_Raw/LogVar_Stereo,0.0
14465,UW_Raw/LogVar_Stereo,0.0
14515,UW_Raw/LogVar_Stereo,0.0
14565,UW_Raw/LogVar_Stereo,0.0
14615,UW_Raw/LogVar_Stereo,0.0
14658,UW_Raw/LogVar_Stereo,0.0
14708,UW_Raw/LogVar_Stereo,0.0
14758,UW_Raw/LogVar_Stereo,0.0
14808,UW_Raw/LogVar_Stereo,0.0
14858,UW_Raw/LogVar_Stereo,0.0
14908,UW_Raw/LogVar_Stereo,0.0
14958,UW_Raw/LogVar_Stereo,0.0
15008,UW_Raw/LogVar_Stereo,0.0
15058,UW_Raw/LogVar_Stereo,0.0
15108,UW_Raw/LogVar_Stereo,0.0
15158,UW_Raw/LogVar_Stereo,0.0
15208,UW_Raw/LogVar_Stereo,0.0
15258,UW_Raw/LogVar_Stereo,0.0
15308,UW_Raw/LogVar_Stereo,0.0
15358,UW_Raw/LogVar_Stereo,0.0
15408,UW_Raw/LogVar_Stereo,0.0
15458,UW_Raw/LogVar_Stereo,0.0
15508,UW_Raw/LogVar_Stereo,0.0
15558,UW_Raw/LogVar_Stereo,0.0
15608,UW_Raw/LogVar_Stereo,0.0
15658,UW_Raw/LogVar_Stereo,0.0
15708,UW_Raw/LogVar_Stereo,0.0
15758,UW_Raw/LogVar_Stereo,0.0
15808,UW_Raw/LogVar_Stereo,0.0
15858,UW_Raw/LogVar_Stereo,0.0
15908,UW_Raw/LogVar_Stereo,0.0
15958,UW_Raw/LogVar_Stereo,0.0
16008,UW_Raw/LogVar_Stereo,0.0
16058,UW_Raw/LogVar_Stereo,0.0
16108,UW_Raw/LogVar_Stereo,0.0
16158,UW_Raw/LogVar_Stereo,0.0
16208,UW_Raw/LogVar_Stereo,0.0
16258,UW_Raw/LogVar_Stereo,0.0
16308,UW_Raw/LogVar_Stereo,0.0
16358,UW_Raw/LogVar_Stereo,0.0
16408,UW_Raw/LogVar_Stereo,0.0
16458,UW_Raw/LogVar_Stereo,0.0
16508,UW_Raw/LogVar_Stereo,0.0
16558,UW_Raw/LogVar_Stereo,0.0
16608,UW_Raw/LogVar_Stereo,0.0
16658,UW_Raw/LogVar_Stereo,0.0
16708,UW_Raw/LogVar_Stereo,0.0
16758,UW_Raw/LogVar_Stereo,0.0
16808,UW_Raw/LogVar_Stereo,0.0
16858,UW_Raw/LogVar_Stereo,0.0
16908,UW_Raw/LogVar_Stereo,0.0
16958,UW_Raw/LogVar_Stereo,0.0
17008,UW_Raw/LogVar_Stereo,0.0
17058,UW_Raw/LogVar_Stereo,0.0
17101,UW_Raw/LogVar_Stereo,0.0
17151,UW_Raw/LogVar_Stereo,0.0
17201,UW_Raw/LogVar_Stereo,0.0
17251,UW_Raw/LogVar_Stereo,0.0
17301,UW_Raw/LogVar_Stereo,0.0
17351,UW_Raw/LogVar_Stereo,0.0
17401,UW_Raw/LogVar_Stereo,0.0
17451,UW_Raw/LogVar_Stereo,0.0
17501,UW_Raw/LogVar_Stereo,0.0
17551,UW_Raw/LogVar_Stereo,0.0
17601,UW_Raw/LogVar_Stereo,0.0
17651,UW_Raw/LogVar_Stereo,0.0
17701,UW_Raw/LogVar_Stereo,0.0
17751,UW_Raw/LogVar_Stereo,0.0
17801,UW_Raw/LogVar_Stereo,0.0
17851,UW_Raw/LogVar_Stereo,0.0
17901,UW_Raw/LogVar_Stereo,0.0
0,UW_Raw/LogVar_Yolo,0.0
50,UW_Raw/LogVar_Yolo,0.0
100,UW_Raw/LogVar_Yolo,0.0
150,UW_Raw/LogVar_Yolo,0.0
200,UW_Raw/LogVar_Yolo,0.0
250,UW_Raw/LogVar_Yolo,0.0
300,UW_Raw/LogVar_Yolo,0.0
350,UW_Raw/LogVar_Yolo,0.0
400,UW_Raw/LogVar_Yolo,0.0
450,UW_Raw/LogVar_Yolo,0.0
500,UW_Raw/LogVar_Yolo,0.0
550,UW_Raw/LogVar_Yolo,0.0
600,UW_Raw/LogVar_Yolo,0.0
650,UW_Raw/LogVar_Yolo,0.0
700,UW_Raw/LogVar_Yolo,0.0
750,UW_Raw/LogVar_Yolo,0.0
800,UW_Raw/LogVar_Yolo,0.0
850,UW_Raw/LogVar_Yolo,0.0
900,UW_Raw/LogVar_Yolo,0.0
950,UW_Raw/LogVar_Yolo,0.0
1000,UW_Raw/LogVar_Yolo,0.0
1050,UW_Raw/LogVar_Yolo,0.0
1100,UW_Raw/LogVar_Yolo,0.0
1150,UW_Raw/LogVar_Yolo,0.0
1200,UW_Raw/LogVar_Yolo,0.0
1250,UW_Raw/LogVar_Yolo,0.0
1300,UW_Raw/LogVar_Yolo,0.0
1350,UW_Raw/LogVar_Yolo,0.0
1400,UW_Raw/LogVar_Yolo,0.0
1450,UW_Raw/LogVar_Yolo,0.0
1500,UW_Raw/LogVar_Yolo,0.0
1550,UW_Raw/LogVar_Yolo,0.0
1600,UW_Raw/LogVar_Yolo,0.0
1650,UW_Raw/LogVar_Yolo,0.0
1700,UW_Raw/LogVar_Yolo,0.0
1750,UW_Raw/LogVar_Yolo,0.0
1800,UW_Raw/LogVar_Yolo,0.0
1850,UW_Raw/LogVar_Yolo,0.0
1900,UW_Raw/LogVar_Yolo,0.0
1950,UW_Raw/LogVar_Yolo,0.0
2000,UW_Raw/LogVar_Yolo,0.0
2050,UW_Raw/LogVar_Yolo,0.0
2100,UW_Raw/LogVar_Yolo,0.0
2150,UW_Raw/LogVar_Yolo,0.0
2200,UW_Raw/LogVar_Yolo,0.0
2250,UW_Raw/LogVar_Yolo,0.0
2300,UW_Raw/LogVar_Yolo,0.0
2350,UW_Raw/LogVar_Yolo,0.0
2400,UW_Raw/LogVar_Yolo,0.0
2443,UW_Raw/LogVar_Yolo,0.0
2493,UW_Raw/LogVar_Yolo,0.0
2543,UW_Raw/LogVar_Yolo,0.0
2593,UW_Raw/LogVar_Yolo,0.0
2643,UW_Raw/LogVar_Yolo,0.0
2693,UW_Raw/LogVar_Yolo,0.0
2743,UW_Raw/LogVar_Yolo,0.0
2793,UW_Raw/LogVar_Yolo,0.0
2843,UW_Raw/LogVar_Yolo,0.0
2893,UW_Raw/LogVar_Yolo,0.0
2943,UW_Raw/LogVar_Yolo,0.0
2993,UW_Raw/LogVar_Yolo,0.0
3043,UW_Raw/LogVar_Yolo,0.0
3093,UW_Raw/LogVar_Yolo,0.0
3143,UW_Raw/LogVar_Yolo,0.0
3193,UW_Raw/LogVar_Yolo,0.0
3243,UW_Raw/LogVar_Yolo,0.0
3293,UW_Raw/LogVar_Yolo,0.0
3343,UW_Raw/LogVar_Yolo,0.0
3393,UW_Raw/LogVar_Yolo,0.0
3443,UW_Raw/LogVar_Yolo,0.0
3493,UW_Raw/LogVar_Yolo,0.0
3543,UW_Raw/LogVar_Yolo,0.0
3593,UW_Raw/LogVar_Yolo,0.0
3643,UW_Raw/LogVar_Yolo,0.0
3693,UW_Raw/LogVar_Yolo,0.0
3743,UW_Raw/LogVar_Yolo,0.0
3793,UW_Raw/LogVar_Yolo,0.0
3843,UW_Raw/LogVar_Yolo,0.0
3893,UW_Raw/LogVar_Yolo,0.0
3943,UW_Raw/LogVar_Yolo,0.0
3993,UW_Raw/LogVar_Yolo,0.0
4043,UW_Raw/LogVar_Yolo,0.0
4093,UW_Raw/LogVar_Yolo,0.0
4143,UW_Raw/LogVar_Yolo,0.0
4193,UW_Raw/LogVar_Yolo,0.0
4243,UW_Raw/LogVar_Yolo,0.0
4293,UW_Raw/LogVar_Yolo,0.0
4343,UW_Raw/LogVar_Yolo,0.0
4393,UW_Raw/LogVar_Yolo,0.0
4443,UW_Raw/LogVar_Yolo,0.0
4493,UW_Raw/LogVar_Yolo,0.0
4543,UW_Raw/LogVar_Yolo,0.0
4593,UW_Raw/LogVar_Yolo,0.0
4643,UW_Raw/LogVar_Yolo,0.0
4693,UW_Raw/LogVar_Yolo,0.0
4743,UW_Raw/LogVar_Yolo,0.0
4793,UW_Raw/LogVar_Yolo,0.0
4843,UW_Raw/LogVar_Yolo,0.0
4886,UW_Raw/LogVar_Yolo,0.0
4936,UW_Raw/LogVar_Yolo,0.0
4986,UW_Raw/LogVar_Yolo,0.0
5036,UW_Raw/LogVar_Yolo,0.0
5086,UW_Raw/LogVar_Yolo,0.0
5136,UW_Raw/LogVar_Yolo,0.0
5186,UW_Raw/LogVar_Yolo,0.0
5236,UW_Raw/LogVar_Yolo,0.0
5286,UW_Raw/LogVar_Yolo,0.0
5336,UW_Raw/LogVar_Yolo,0.0
5386,UW_Raw/LogVar_Yolo,0.0
5436,UW_Raw/LogVar_Yolo,0.0
5486,UW_Raw/LogVar_Yolo,0.0
5536,UW_Raw/LogVar_Yolo,0.0
5586,UW_Raw/LogVar_Yolo,0.0
5636,UW_Raw/LogVar_Yolo,0.0
5686,UW_Raw/LogVar_Yolo,0.0
5736,UW_Raw/LogVar_Yolo,0.0
5786,UW_Raw/LogVar_Yolo,0.0
5836,UW_Raw/LogVar_Yolo,0.0
5886,UW_Raw/LogVar_Yolo,0.0
5936,UW_Raw/LogVar_Yolo,0.0
5986,UW_Raw/LogVar_Yolo,0.0
6036,UW_Raw/LogVar_Yolo,0.0
6086,UW_Raw/LogVar_Yolo,0.0
6136,UW_Raw/LogVar_Yolo,0.0
6186,UW_Raw/LogVar_Yolo,0.0
6236,UW_Raw/LogVar_Yolo,0.0
6286,UW_Raw/LogVar_Yolo,0.0
6336,UW_Raw/LogVar_Yolo,0.0
6386,UW_Raw/LogVar_Yolo,0.0
6436,UW_Raw/LogVar_Yolo,0.0
6486,UW_Raw/LogVar_Yolo,0.0
6536,UW_Raw/LogVar_Yolo,0.0
6586,UW_Raw/LogVar_Yolo,0.0
6636,UW_Raw/LogVar_Yolo,0.0
6686,UW_Raw/LogVar_Yolo,0.0
6736,UW_Raw/LogVar_Yolo,0.0
6786,UW_Raw/LogVar_Yolo,0.0
6836,UW_Raw/LogVar_Yolo,0.0
6886,UW_Raw/LogVar_Yolo,0.0
6936,UW_Raw/LogVar_Yolo,0.0
6986,UW_Raw/LogVar_Yolo,0.0
7036,UW_Raw/LogVar_Yolo,0.0
7086,UW_Raw/LogVar_Yolo,0.0
7136,UW_Raw/LogVar_Yolo,0.0
7186,UW_Raw/LogVar_Yolo,0.0
7236,UW_Raw/LogVar_Yolo,0.0
7286,UW_Raw/LogVar_Yolo,0.0
7329,UW_Raw/LogVar_Yolo,0.0
7379,UW_Raw/LogVar_Yolo,0.0
7429,UW_Raw/LogVar_Yolo,0.0
7479,UW_Raw/LogVar_Yolo,0.0
7529,UW_Raw/LogVar_Yolo,0.0
7579,UW_Raw/LogVar_Yolo,0.0
7629,UW_Raw/LogVar_Yolo,0.0
7679,UW_Raw/LogVar_Yolo,0.0
7729,UW_Raw/LogVar_Yolo,0.0
7779,UW_Raw/LogVar_Yolo,0.0
7829,UW_Raw/LogVar_Yolo,0.0
7879,UW_Raw/LogVar_Yolo,0.0
7929,UW_Raw/LogVar_Yolo,0.0
7979,UW_Raw/LogVar_Yolo,0.0
8029,UW_Raw/LogVar_Yolo,0.0
8079,UW_Raw/LogVar_Yolo,0.0
8129,UW_Raw/LogVar_Yolo,0.0
8179,UW_Raw/LogVar_Yolo,0.0
8229,UW_Raw/LogVar_Yolo,0.0
8279,UW_Raw/LogVar_Yolo,0.0
8329,UW_Raw/LogVar_Yolo,0.0
8379,UW_Raw/LogVar_Yolo,0.0
8429,UW_Raw/LogVar_Yolo,0.0
8479,UW_Raw/LogVar_Yolo,0.0
8529,UW_Raw/LogVar_Yolo,0.0
8579,UW_Raw/LogVar_Yolo,0.0
8629,UW_Raw/LogVar_Yolo,0.0
8679,UW_Raw/LogVar_Yolo,0.0
8729,UW_Raw/LogVar_Yolo,0.0
8779,UW_Raw/LogVar_Yolo,0.0
8829,UW_Raw/LogVar_Yolo,0.0
8879,UW_Raw/LogVar_Yolo,0.0
8929,UW_Raw/LogVar_Yolo,0.0
8979,UW_Raw/LogVar_Yolo,0.0
9029,UW_Raw/LogVar_Yolo,0.0
9079,UW_Raw/LogVar_Yolo,0.0
9129,UW_Raw/LogVar_Yolo,0.0
9179,UW_Raw/LogVar_Yolo,0.0
9229,UW_Raw/LogVar_Yolo,0.0
9279,UW_Raw/LogVar_Yolo,0.0
9329,UW_Raw/LogVar_Yolo,0.0
9379,UW_Raw/LogVar_Yolo,0.0
9429,UW_Raw/LogVar_Yolo,0.0
9479,UW_Raw/LogVar_Yolo,0.0
9529,UW_Raw/LogVar_Yolo,0.0
9579,UW_Raw/LogVar_Yolo,0.0
9629,UW_Raw/LogVar_Yolo,0.0
9679,UW_Raw/LogVar_Yolo,0.0
9729,UW_Raw/LogVar_Yolo,0.0
9772,UW_Raw/LogVar_Yolo,0.0
9822,UW_Raw/LogVar_Yolo,0.0
9872,UW_Raw/LogVar_Yolo,0.0
9922,UW_Raw/LogVar_Yolo,0.0
9972,UW_Raw/LogVar_Yolo,0.0
10022,UW_Raw/LogVar_Yolo,0.0
10072,UW_Raw/LogVar_Yolo,0.0
10122,UW_Raw/LogVar_Yolo,0.0
10172,UW_Raw/LogVar_Yolo,0.0
10222,UW_Raw/LogVar_Yolo,0.0
10272,UW_Raw/LogVar_Yolo,0.0
10322,UW_Raw/LogVar_Yolo,0.0
10372,UW_Raw/LogVar_Yolo,0.0
10422,UW_Raw/LogVar_Yolo,0.0
10472,UW_Raw/LogVar_Yolo,0.0
10522,UW_Raw/LogVar_Yolo,0.0
10572,UW_Raw/LogVar_Yolo,0.0
10622,UW_Raw/LogVar_Yolo,0.0
10672,UW_Raw/LogVar_Yolo,0.0
10722,UW_Raw/LogVar_Yolo,0.0
10772,UW_Raw/LogVar_Yolo,0.0
10822,UW_Raw/LogVar_Yolo,0.0
10872,UW_Raw/LogVar_Yolo,0.0
10922,UW_Raw/LogVar_Yolo,0.0
10972,UW_Raw/LogVar_Yolo,0.0
11022,UW_Raw/LogVar_Yolo,0.0
11072,UW_Raw/LogVar_Yolo,0.0
11122,UW_Raw/LogVar_Yolo,0.0
11172,UW_Raw/LogVar_Yolo,0.0
11222,UW_Raw/LogVar_Yolo,0.0
11272,UW_Raw/LogVar_Yolo,0.0
11322,UW_Raw/LogVar_Yolo,0.0
11372,UW_Raw/LogVar_Yolo,0.0
11422,UW_Raw/LogVar_Yolo,0.0
11472,UW_Raw/LogVar_Yolo,0.0
11522,UW_Raw/LogVar_Yolo,0.0
11572,UW_Raw/LogVar_Yolo,0.0
11622,UW_Raw/LogVar_Yolo,0.0
11672,UW_Raw/LogVar_Yolo,0.0
11722,UW_Raw/LogVar_Yolo,0.0
11772,UW_Raw/LogVar_Yolo,0.0
11822,UW_Raw/LogVar_Yolo,0.0
11872,UW_Raw/LogVar_Yolo,0.0
11922,UW_Raw/LogVar_Yolo,0.0
11972,UW_Raw/LogVar_Yolo,0.0
12022,UW_Raw/LogVar_Yolo,0.0
12072,UW_Raw/LogVar_Yolo,0.0
12122,UW_Raw/LogVar_Yolo,0.0
12172,UW_Raw/LogVar_Yolo,0.0
12215,UW_Raw/LogVar_Yolo,0.0
12265,UW_Raw/LogVar_Yolo,0.0
12315,UW_Raw/LogVar_Yolo,0.0
12365,UW_Raw/LogVar_Yolo,0.0
12415,UW_Raw/LogVar_Yolo,0.0
12465,UW_Raw/LogVar_Yolo,0.0
12515,UW_Raw/LogVar_Yolo,0.0
12565,UW_Raw/LogVar_Yolo,0.0
12615,UW_Raw/LogVar_Yolo,0.0
12665,UW_Raw/LogVar_Yolo,0.0
12715,UW_Raw/LogVar_Yolo,0.0
12765,UW_Raw/LogVar_Yolo,0.0
12815,UW_Raw/LogVar_Yolo,0.0
12865,UW_Raw/LogVar_Yolo,0.0
12915,UW_Raw/LogVar_Yolo,0.0
12965,UW_Raw/LogVar_Yolo,0.0
13015,UW_Raw/LogVar_Yolo,0.0
13065,UW_Raw/LogVar_Yolo,0.0
13115,UW_Raw/LogVar_Yolo,0.0
13165,UW_Raw/LogVar_Yolo,0.0
13215,UW_Raw/LogVar_Yolo,0.0
13265,UW_Raw/LogVar_Yolo,0.0
13315,UW_Raw/LogVar_Yolo,0.0
13365,UW_Raw/LogVar_Yolo,0.0
13415,UW_Raw/LogVar_Yolo,0.0
13465,UW_Raw/LogVar_Yolo,0.0
13515,UW_Raw/LogVar_Yolo,0.0
13565,UW_Raw/LogVar_Yolo,0.0
13615,UW_Raw/LogVar_Yolo,0.0
13665,UW_Raw/LogVar_Yolo,0.0
13715,UW_Raw/LogVar_Yolo,0.0
13765,UW_Raw/LogVar_Yolo,0.0
13815,UW_Raw/LogVar_Yolo,0.0
13865,UW_Raw/LogVar_Yolo,0.0
13915,UW_Raw/LogVar_Yolo,0.0
13965,UW_Raw/LogVar_Yolo,0.0
14015,UW_Raw/LogVar_Yolo,0.0
14065,UW_Raw/LogVar_Yolo,0.0
14115,UW_Raw/LogVar_Yolo,0.0
14165,UW_Raw/LogVar_Yolo,0.0
14215,UW_Raw/LogVar_Yolo,0.0
14265,UW_Raw/LogVar_Yolo,0.0
14315,UW_Raw/LogVar_Yolo,0.0
14365,UW_Raw/LogVar_Yolo,0.0
14415,UW_Raw/LogVar_Yolo,0.0
14465,UW_Raw/LogVar_Yolo,0.0
14515,UW_Raw/LogVar_Yolo,0.0
14565,UW_Raw/LogVar_Yolo,0.0
14615,UW_Raw/LogVar_Yolo,0.0
14658,UW_Raw/LogVar_Yolo,0.0
14708,UW_Raw/LogVar_Yolo,0.0
14758,UW_Raw/LogVar_Yolo,0.0
14808,UW_Raw/LogVar_Yolo,0.0
14858,UW_Raw/LogVar_Yolo,0.0
14908,UW_Raw/LogVar_Yolo,0.0
14958,UW_Raw/LogVar_Yolo,0.0
15008,UW_Raw/LogVar_Yolo,0.0
15058,UW_Raw/LogVar_Yolo,0.0
15108,UW_Raw/LogVar_Yolo,0.0
15158,UW_Raw/LogVar_Yolo,0.0
15208,UW_Raw/LogVar_Yolo,0.0
15258,UW_Raw/LogVar_Yolo,0.0
15308,UW_Raw/LogVar_Yolo,0.0
15358,UW_Raw/LogVar_Yolo,0.0
15408,UW_Raw/LogVar_Yolo,0.0
15458,UW_Raw/LogVar_Yolo,0.0
15508,UW_Raw/LogVar_Yolo,0.0
15558,UW_Raw/LogVar_Yolo,0.0
15608,UW_Raw/LogVar_Yolo,0.0
15658,UW_Raw/LogVar_Yolo,0.0
15708,UW_Raw/LogVar_Yolo,0.0
15758,UW_Raw/LogVar_Yolo,0.0
15808,UW_Raw/LogVar_Yolo,0.0
15858,UW_Raw/LogVar_Yolo,0.0
15908,UW_Raw/LogVar_Yolo,0.0
15958,UW_Raw/LogVar_Yolo,0.0
16008,UW_Raw/LogVar_Yolo,0.0
16058,UW_Raw/LogVar_Yolo,0.0
16108,UW_Raw/LogVar_Yolo,0.0
16158,UW_Raw/LogVar_Yolo,0.0
16208,UW_Raw/LogVar_Yolo,0.0
16258,UW_Raw/LogVar_Yolo,0.0
16308,UW_Raw/LogVar_Yolo,0.0
16358,UW_Raw/LogVar_Yolo,0.0
16408,UW_Raw/LogVar_Yolo,0.0
16458,UW_Raw/LogVar_Yolo,0.0
16508,UW_Raw/LogVar_Yolo,0.0
16558,UW_Raw/LogVar_Yolo,0.0
16608,UW_Raw/LogVar_Yolo,0.0
16658,UW_Raw/LogVar_Yolo,0.0
16708,UW_Raw/LogVar_Yolo,0.0
16758,UW_Raw/LogVar_Yolo,0.0
16808,UW_Raw/LogVar_Yolo,0.0
16858,UW_Raw/LogVar_Yolo,0.0
16908,UW_Raw/LogVar_Yolo,0.0
16958,UW_Raw/LogVar_Yolo,0.0
17008,UW_Raw/LogVar_Yolo,0.0
17058,UW_Raw/LogVar_Yolo,0.0
17101,UW_Raw/LogVar_Yolo,0.0
17151,UW_Raw/LogVar_Yolo,0.0
17201,UW_Raw/LogVar_Yolo,0.0
17251,UW_Raw/LogVar_Yolo,0.0
17301,UW_Raw/LogVar_Yolo,0.0
17351,UW_Raw/LogVar_Yolo,0.0
17401,UW_Raw/LogVar_Yolo,0.0
17451,UW_Raw/LogVar_Yolo,0.0
17501,UW_Raw/LogVar_Yolo,0.0
17551,UW_Raw/LogVar_Yolo,0.0
17601,UW_Raw/LogVar_Yolo,0.0
17651,UW_Raw/LogVar_Yolo,0.0
17701,UW_Raw/LogVar_Yolo,0.0
17751,UW_Raw/LogVar_Yolo,0.0
17801,UW_Raw/LogVar_Yolo,0.0
17851,UW_Raw/LogVar_Yolo,0.0
17901,UW_Raw/LogVar_Yolo,0.0
