[2026-04-13 11:42:22.870] [default] [info] Ran from command: "quantizer.py"
[2026-04-13 11:42:22.882] [default] [info] Loading network parameters
[2026-04-13 11:42:23.444] [default] [info] Starting Hailo allocation and compilation flow
[2026-04-13 11:42:23.463] [default] [info] Model name: hexapod_v3_1_simplified
[2026-04-13 11:42:23.592] [default] [info] Building optimization options for network layers...
[2026-04-13 11:42:36.029] [default] [info] Successfully built optimization options - 12s 436ms
[2026-04-13 11:42:36.032] [default] [info] Trying to compile the network in a single context
[2026-04-13 11:42:36.032] [default] [info] Trying to solve in single context
[2026-04-13 11:42:36.083] [default] [info] Single context flow failed: Recoverable single context error
[2026-04-13 11:42:36.108] [default] [info] Building optimization options for network layers...
[2026-04-13 11:42:49.510] [default] [info] Successfully built optimization options - 13s 401ms
[2026-04-13 11:42:49.510] [default] [info] Using Multi-context flow
[2026-04-13 11:42:49.510] [default] [info] Resources optimization params: max_control_utilization=60%, max_compute_utilization=60%, max_compute_16bit_utilization=60%, max_memory_utilization (weights)=60%, max_input_aligner_utilization=60%, max_apu_utilization=60%
[2026-04-13 11:42:49.510] [default] [info] Finding the best partition to contexts...
[2026-04-13 11:42:58.974] [default] [info] Iteration failed on: Automri finished with too many resources on context_5
[2026-04-13 11:42:59.069] [default] [info] Iteration failed on: Automri finished with too many resources on context_5
[2026-04-13 11:42:59.259] [default] [info] Iteration failed on: Automri finished with too many resources on context_6
[2026-04-13 11:43:12.675] [default] [info] Iteration failed on: Too many inputs/outputs for hexapod_v3_1_simplified_context_1, try to reduce number of inputs or outputs
Number of DDRs: 0
Number of inputs: 9
Number of outputs: 21

[2026-04-13 11:43:12.785] [default] [info] Iteration failed on: Automri finished with too many resources on context_2
[2026-04-13 11:43:12.884] [default] [info] Iteration failed on: Automri finished with too many resources on context_3
[2026-04-13 11:43:12.983] [default] [info] Iteration failed on: Automri finished with too many resources on context_4
[2026-04-13 11:43:13.081] [default] [info] Iteration failed on: Automri finished with too many resources on context_5
[2026-04-13 11:43:13.176] [default] [info] Iteration failed on: Automri finished with too many resources on context_6
[2026-04-13 11:43:25.029] [default] [info] Iteration failed on: Too many inputs/outputs for hexapod_v3_1_simplified_context_1, try to reduce number of inputs or outputs
Number of DDRs: 0
Number of inputs: 9
Number of outputs: 22

[2026-04-13 11:43:25.186] [default] [info] Iteration failed on: Automri finished with too many resources on context_2
[2026-04-13 11:43:25.286] [default] [info] Iteration failed on: Automri finished with too many resources on context_3
[2026-04-13 11:43:25.394] [default] [info] Iteration failed on: Automri finished with too many resources on context_4
[2026-04-13 11:43:37.619] [default] [info] Iteration failed on: Too many inputs/outputs for hexapod_v3_1_simplified_context_1, try to reduce number of inputs or outputs
Number of DDRs: 0
Number of inputs: 9
Number of outputs: 22

[2026-04-13 11:43:37.728] [default] [info] Iteration failed on: Automri finished with too many resources on context_2
[2026-04-13 11:43:37.827] [default] [info] Iteration failed on: Automri finished with too many resources on context_3
[2026-04-13 11:43:37.927] [default] [info] Iteration failed on: Automri finished with too many resources on context_4
[2026-04-13 11:43:38.031] [default] [info] Iteration failed on: Automri finished with too many resources on context_5
[2026-04-13 11:43:38.134] [default] [info] Iteration failed on: Automri finished with too many resources on context_6
[2026-04-13 11:44:01.419] [default] [info] Iteration failed on: Too many inputs/outputs for hexapod_v3_1_simplified_context_1, try to reduce number of inputs or outputs
Number of DDRs: 0
Number of inputs: 9
Number of outputs: 22

[2026-04-13 11:44:01.582] [default] [info] Iteration failed on: Automri finished with too many resources on context_2
[2026-04-13 11:44:01.733] [default] [info] Iteration failed on: Automri finished with too many resources on context_3
[2026-04-13 11:44:01.879] [default] [info] Iteration failed on: Automri finished with too many resources on context_4
[2026-04-13 11:44:02.030] [default] [info] Iteration failed on: Automri finished with too many resources on context_5
[2026-04-13 11:44:02.178] [default] [info] Iteration failed on: Automri finished with too many resources on context_6
[2026-04-13 11:44:18.654] [default] [info] Iteration failed on: Too many inputs/outputs for hexapod_v3_1_simplified_context_1, try to reduce number of inputs or outputs
Number of DDRs: 0
Number of inputs: 9
Number of outputs: 22

[2026-04-13 11:44:18.813] [default] [info] Iteration failed on: Automri finished with too many resources on context_2
[2026-04-13 11:44:18.954] [default] [info] Iteration failed on: Automri finished with too many resources on context_3
[2026-04-13 11:44:19.094] [default] [info] Iteration failed on: Automri finished with too many resources on context_4
[2026-04-13 11:44:19.232] [default] [info] Iteration failed on: Automri finished with too many resources on context_5
[2026-04-13 11:44:19.370] [default] [info] Iteration failed on: Automri finished with too many resources on context_6
[2026-04-13 11:44:32.384] [default] [info] Iteration failed on: Too many inputs/outputs for hexapod_v3_1_simplified_context_1, try to reduce number of inputs or outputs
Number of DDRs: 0
Number of inputs: 9
Number of outputs: 23

[2026-04-13 11:44:32.543] [default] [info] Iteration failed on: Automri finished with too many resources on context_2
[2026-04-13 11:44:32.687] [default] [info] Iteration failed on: Automri finished with too many resources on context_3
[2026-04-13 11:44:32.829] [default] [info] Iteration failed on: Automri finished with too many resources on context_4
[2026-04-13 11:44:32.974] [default] [info] Iteration failed on: Automri finished with too many resources on context_5
[2026-04-13 11:44:33.124] [default] [info] Iteration failed on: Automri finished with too many resources on context_6
[2026-04-13 11:44:46.204] [default] [info] Iteration failed on: Too many inputs/outputs for hexapod_v3_1_simplified_context_1, try to reduce number of inputs or outputs
Number of DDRs: 0
Number of inputs: 9
Number of outputs: 23

[2026-04-13 11:44:46.512] [default] [info] Iteration failed on: Automri finished with too many resources on context_2
[2026-04-13 11:44:46.670] [default] [info] Iteration failed on: Automri finished with too many resources on context_3
[2026-04-13 11:44:46.821] [default] [info] Iteration failed on: Automri finished with too many resources on context_4
[2026-04-13 11:44:46.971] [default] [info] Iteration failed on: Automri finished with too many resources on context_5
[2026-04-13 11:44:47.120] [default] [info] Iteration failed on: Automri finished with too many resources on context_6
[2026-04-13 11:44:48.371] [default] [info] Iteration failed on: Automri finished with too many resources on context_6
[2026-04-13 11:45:03.005] [default] [info] Iteration failed on: Too many inputs/outputs for hexapod_v3_1_simplified_context_1, try to reduce number of inputs or outputs
Number of DDRs: 0
Number of inputs: 9
Number of outputs: 23

[2026-04-13 11:45:03.148] [default] [info] Iteration failed on: Automri finished with too many resources on context_2
[2026-04-13 11:45:03.264] [default] [info] Iteration failed on: Automri finished with too many resources on context_3
[2026-04-13 11:45:03.377] [default] [info] Iteration failed on: Automri finished with too many resources on context_4
[2026-04-13 11:45:16.125] [default] [info] Iteration failed on: Too many inputs/outputs for hexapod_v3_1_simplified_context_1, try to reduce number of inputs or outputs
Number of DDRs: 0
Number of inputs: 9
Number of outputs: 23

[2026-04-13 11:45:16.262] [default] [info] Iteration failed on: Automri finished with too many resources on context_2
[2026-04-13 11:45:16.384] [default] [info] Iteration failed on: Automri finished with too many resources on context_3
[2026-04-13 11:45:16.500] [default] [info] Iteration failed on: Automri finished with too many resources on context_4
[2026-04-13 11:45:16.613] [default] [info] Iteration failed on: Automri finished with too many resources on context_5
[2026-04-13 11:45:16.725] [default] [info] Iteration failed on: Automri finished with too many resources on context_6
[2026-04-13 11:45:31.315] [default] [info] Iteration failed on: Too many inputs/outputs for hexapod_v3_1_simplified_context_1, try to reduce number of inputs or outputs
Number of DDRs: 0
Number of inputs: 9
Number of outputs: 23

[2026-04-13 11:45:31.448] [default] [info] Iteration failed on: Automri finished with too many resources on context_2
[2026-04-13 11:45:31.567] [default] [info] Iteration failed on: Automri finished with too many resources on context_3
[2026-04-13 11:45:31.685] [default] [info] Iteration failed on: Automri finished with too many resources on context_4
[2026-04-13 11:45:44.371] [default] [info] Iteration failed on: Too many inputs/outputs for hexapod_v3_1_simplified_context_1, try to reduce number of inputs or outputs
Number of DDRs: 0
Number of inputs: 9
Number of outputs: 23

[2026-04-13 11:45:45.285] [default] [info] Iteration failed on: Automri finished with too many resources on context_2
[2026-04-13 11:45:45.411] [default] [info] Iteration failed on: Automri finished with too many resources on context_3
[2026-04-13 11:45:45.532] [default] [info] Iteration failed on: Automri finished with too many resources on context_4
[2026-04-13 11:45:45.653] [default] [info] Iteration failed on: Automri finished with too many resources on context_5
[2026-04-13 11:45:45.772] [default] [info] Iteration failed on: Automri finished with too many resources on context_6
[2026-04-13 11:46:00.611] [default] [info] Iteration failed on: Too many inputs/outputs for hexapod_v3_1_simplified_context_1, try to reduce number of inputs or outputs
Number of DDRs: 0
Number of inputs: 9
Number of outputs: 23

[2026-04-13 11:46:00.776] [default] [info] Iteration failed on: Automri finished with too many resources on context_2
[2026-04-13 11:46:00.900] [default] [info] Iteration failed on: Automri finished with too many resources on context_3
[2026-04-13 11:46:13.876] [default] [info] Iteration failed on: Too many inputs/outputs for hexapod_v3_1_simplified_context_1, try to reduce number of inputs or outputs
Number of DDRs: 0
Number of inputs: 9
Number of outputs: 22

[2026-04-13 11:46:14.015] [default] [info] Iteration failed on: Automri finished with too many resources on context_2
[2026-04-13 11:46:14.138] [default] [info] Iteration failed on: Automri finished with too many resources on context_3
[2026-04-13 11:46:14.262] [default] [info] Iteration failed on: Automri finished with too many resources on context_4
[2026-04-13 11:46:14.382] [default] [info] Iteration failed on: Automri finished with too many resources on context_5
[2026-04-13 11:46:14.501] [default] [info] Iteration failed on: Automri finished with too many resources on context_6
[2026-04-13 11:46:27.559] [default] [info] Iteration failed on: Too many inputs/outputs for hexapod_v3_1_simplified_context_1, try to reduce number of inputs or outputs
Number of DDRs: 0
Number of inputs: 9
Number of outputs: 21

[2026-04-13 11:46:27.702] [default] [info] Iteration failed on: Automri finished with too many resources on context_2
[2026-04-13 11:46:27.831] [default] [info] Iteration failed on: Automri finished with too many resources on context_3
[2026-04-13 11:46:27.952] [default] [info] Iteration failed on: Automri finished with too many resources on context_4
[2026-04-13 11:46:28.072] [default] [info] Iteration failed on: Automri finished with too many resources on context_5
[2026-04-13 11:46:28.196] [default] [info] Iteration failed on: Automri finished with too many resources on context_6
[2026-04-13 11:46:42.893] [default] [info] Iteration failed on: Too many inputs/outputs for hexapod_v3_1_simplified_context_1, try to reduce number of inputs or outputs
Number of DDRs: 0
Number of inputs: 9
Number of outputs: 20

[2026-04-13 11:46:43.032] [default] [info] Iteration failed on: Automri finished with too many resources on context_2
[2026-04-13 11:46:43.153] [default] [info] Iteration failed on: Automri finished with too many resources on context_2
[2026-04-13 11:46:43.278] [default] [info] Iteration failed on: Automri finished with too many resources on context_3
[2026-04-13 11:46:43.411] [default] [info] Iteration failed on: Automri finished with too many resources on context_3
[2026-04-13 11:46:43.534] [default] [info] Iteration failed on: Automri finished with too many resources on context_4
[2026-04-13 11:46:43.659] [default] [info] Iteration failed on: Automri finished with too many resources on context_4
[2026-04-13 11:46:43.809] [default] [info] Iteration failed on: Automri finished with too many resources on context_5
[2026-04-13 11:46:43.934] [default] [info] Iteration failed on: Automri finished with too many resources on context_5
[2026-04-13 11:46:44.058] [default] [info] Iteration failed on: Automri finished with too many resources on context_6
[2026-04-13 11:46:44.181] [default] [info] Iteration failed on: Automri finished with too many resources on context_6
[2026-04-13 11:46:57.525] [default] [info] Iteration failed on: Too many inputs/outputs for hexapod_v3_1_simplified_context_1, try to reduce number of inputs or outputs
Number of DDRs: 0
Number of inputs: 7
Number of outputs: 20

[2026-04-13 11:46:57.681] [default] [info] Iteration failed on: Automri finished with too many resources on context_2
[2026-04-13 11:46:57.819] [default] [info] Iteration failed on: Automri finished with too many resources on context_3
[2026-04-13 11:46:57.951] [default] [info] Iteration failed on: Automri finished with too many resources on context_4
[2026-04-13 11:46:58.082] [default] [info] Iteration failed on: Automri finished with too many resources on context_5
[2026-04-13 11:46:58.211] [default] [info] Iteration failed on: Automri finished with too many resources on context_6
[2026-04-13 11:47:14.192] [default] [info] Iteration failed on: Too many inputs/outputs for hexapod_v3_1_simplified_context_1, try to reduce number of inputs or outputs
Number of DDRs: 0
Number of inputs: 7
Number of outputs: 19

[2026-04-13 11:47:14.366] [default] [info] Iteration failed on: Automri finished with too many resources on context_2
[2026-04-13 11:47:14.513] [default] [info] Iteration failed on: Automri finished with too many resources on context_3
[2026-04-13 11:47:14.647] [default] [info] Iteration failed on: Automri finished with too many resources on context_4
[2026-04-13 11:47:14.781] [default] [info] Iteration failed on: Automri finished with too many resources on context_5
[2026-04-13 11:47:14.910] [default] [info] Iteration failed on: Automri finished with too many resources on context_6
[2026-04-13 11:47:27.109] [default] [info] Iteration failed on: Too many inputs/outputs for hexapod_v3_1_simplified_context_1, try to reduce number of inputs or outputs
Number of DDRs: 0
Number of inputs: 7
Number of outputs: 19

[2026-04-13 11:47:27.281] [default] [info] Iteration failed on: Automri finished with too many resources on context_2
[2026-04-13 11:47:27.419] [default] [info] Iteration failed on: Automri finished with too many resources on context_3
[2026-04-13 11:47:27.553] [default] [info] Iteration failed on: Automri finished with too many resources on context_4
[2026-04-13 11:47:27.687] [default] [info] Iteration failed on: Automri finished with too many resources on context_5
[2026-04-13 11:47:27.819] [default] [info] Iteration failed on: Automri finished with too many resources on context_6
[2026-04-13 11:47:41.551] [default] [info] Iteration failed on: Too many inputs/outputs for hexapod_v3_1_simplified_context_1, try to reduce number of inputs or outputs
Number of DDRs: 0
Number of inputs: 7
Number of outputs: 18

[2026-04-13 11:47:42.024] [default] [info] Iteration failed on: Automri finished with too many resources on context_2
[2026-04-13 11:47:42.171] [default] [info] Iteration failed on: Automri finished with too many resources on context_3
[2026-04-13 11:47:42.325] [default] [info] Iteration failed on: Automri finished with too many resources on context_4
[2026-04-13 11:47:42.467] [default] [info] Iteration failed on: Automri finished with too many resources on context_5
[2026-04-13 11:47:42.603] [default] [info] Iteration failed on: Automri finished with too many resources on context_6
[2026-04-13 11:47:55.067] [default] [info] Iteration failed on: Too many inputs/outputs for hexapod_v3_1_simplified_context_1, try to reduce number of inputs or outputs
Number of DDRs: 0
Number of inputs: 7
Number of outputs: 18

[2026-04-13 11:47:55.234] [default] [info] Iteration failed on: Automri finished with too many resources on context_2
[2026-04-13 11:47:55.374] [default] [info] Iteration failed on: Automri finished with too many resources on context_3
[2026-04-13 11:47:55.515] [default] [info] Iteration failed on: Automri finished with too many resources on context_4
[2026-04-13 11:47:55.653] [default] [info] Iteration failed on: Automri finished with too many resources on context_5
[2026-04-13 11:47:55.789] [default] [info] Iteration failed on: Automri finished with too many resources on context_6
[2026-04-13 11:48:08.800] [default] [info] Iteration failed on: Too many inputs/outputs for hexapod_v3_1_simplified_context_1, try to reduce number of inputs or outputs
Number of DDRs: 0
Number of inputs: 7
Number of outputs: 19

[2026-04-13 11:48:08.982] [default] [info] Iteration failed on: Automri finished with too many resources on context_2
[2026-04-13 11:48:09.131] [default] [info] Iteration failed on: Automri finished with too many resources on context_3
[2026-04-13 11:48:09.275] [default] [info] Iteration failed on: Automri finished with too many resources on context_4
[2026-04-13 11:48:09.421] [default] [info] Iteration failed on: Automri finished with too many resources on context_5
[2026-04-13 11:48:09.561] [default] [info] Iteration failed on: Automri finished with too many resources on context_6
[2026-04-13 11:48:24.629] [default] [info] Iteration failed on: Too many inputs/outputs for hexapod_v3_1_simplified_context_1, try to reduce number of inputs or outputs
Number of DDRs: 0
Number of inputs: 7
Number of outputs: 19

[2026-04-13 11:48:24.833] [default] [info] Iteration failed on: Automri finished with too many resources on context_2
[2026-04-13 11:48:25.000] [default] [info] Iteration failed on: Automri finished with too many resources on context_3
[2026-04-13 11:48:25.164] [default] [info] Iteration failed on: Automri finished with too many resources on context_4
[2026-04-13 11:48:25.332] [default] [info] Iteration failed on: Automri finished with too many resources on context_5
[2026-04-13 11:48:25.482] [default] [info] Iteration failed on: Automri finished with too many resources on context_6
[2026-04-13 11:48:38.713] [default] [info] Iteration failed on: Too many inputs/outputs for hexapod_v3_1_simplified_context_1, try to reduce number of inputs or outputs
Number of DDRs: 0
Number of inputs: 7
Number of outputs: 19

[2026-04-13 11:48:38.902] [default] [info] Iteration failed on: Automri finished with too many resources on context_2
[2026-04-13 11:48:39.068] [default] [info] Iteration failed on: Automri finished with too many resources on context_3
[2026-04-13 11:48:39.238] [default] [info] Iteration failed on: Automri finished with too many resources on context_4
[2026-04-13 11:48:39.398] [default] [info] Iteration failed on: Automri finished with too many resources on context_5
[2026-04-13 11:48:39.547] [default] [info] Iteration failed on: Automri finished with too many resources on context_6
[2026-04-13 11:48:54.484] [default] [info] Iteration failed on: Too many inputs/outputs for hexapod_v3_1_simplified_context_1, try to reduce number of inputs or outputs
Number of DDRs: 0
Number of inputs: 7
Number of outputs: 19

[2026-04-13 11:48:54.691] [default] [info] Iteration failed on: Automri finished with too many resources on context_2
[2026-04-13 11:48:54.848] [default] [info] Iteration failed on: Automri finished with too many resources on context_3
[2026-04-13 11:48:55.009] [default] [info] Iteration failed on: Automri finished with too many resources on context_4
[2026-04-13 11:48:55.161] [default] [info] Iteration failed on: Automri finished with too many resources on context_5
[2026-04-13 11:48:55.305] [default] [info] Iteration failed on: Automri finished with too many resources on context_6
[2026-04-13 11:49:08.365] [default] [info] Iteration failed on: Too many inputs/outputs for hexapod_v3_1_simplified_context_1, try to reduce number of inputs or outputs
Number of DDRs: 0
Number of inputs: 7
Number of outputs: 19

[2026-04-13 11:49:08.563] [default] [info] Iteration failed on: Automri finished with too many resources on context_2
[2026-04-13 11:49:08.752] [default] [info] Iteration failed on: Automri finished with too many resources on context_3
[2026-04-13 11:49:08.936] [default] [info] Iteration failed on: Automri finished with too many resources on context_4
[2026-04-13 11:49:09.126] [default] [info] Iteration failed on: Automri finished with too many resources on context_5
[2026-04-13 11:49:09.287] [default] [info] Iteration failed on: Automri finished with too many resources on context_6
[2026-04-13 11:49:24.082] [default] [info] Iteration failed on: Too many inputs/outputs for hexapod_v3_1_simplified_context_1, try to reduce number of inputs or outputs
Number of DDRs: 0
Number of inputs: 7
Number of outputs: 19

[2026-04-13 11:49:24.251] [default] [info] Iteration failed on: Automri finished with too many resources on context_2
[2026-04-13 11:49:24.426] [default] [info] Iteration failed on: Automri finished with too many resources on context_3
[2026-04-13 11:49:24.588] [default] [info] Iteration failed on: Automri finished with too many resources on context_4
[2026-04-13 11:49:24.743] [default] [info] Iteration failed on: Automri finished with too many resources on context_5
[2026-04-13 11:49:24.890] [default] [info] Iteration failed on: Automri finished with too many resources on context_6
[2026-04-13 11:49:38.001] [default] [info] Iteration failed on: Too many inputs/outputs for hexapod_v3_1_simplified_context_1, try to reduce number of inputs or outputs
Number of DDRs: 0
Number of inputs: 7
Number of outputs: 19

[2026-04-13 11:49:38.193] [default] [info] Iteration failed on: Automri finished with too many resources on context_2
[2026-04-13 11:49:38.354] [default] [info] Iteration failed on: Automri finished with too many resources on context_3
[2026-04-13 11:49:38.515] [default] [info] Iteration failed on: Automri finished with too many resources on context_4
[2026-04-13 11:49:38.675] [default] [info] Iteration failed on: Automri finished with too many resources on context_5
[2026-04-13 11:49:38.833] [default] [info] Iteration failed on: Automri finished with too many resources on context_6
[2026-04-13 11:49:51.610] [default] [info] Iteration failed on: Too many inputs/outputs for hexapod_v3_1_simplified_context_1, try to reduce number of inputs or outputs
Number of DDRs: 0
Number of inputs: 7
Number of outputs: 18

[2026-04-13 11:49:51.799] [default] [info] Iteration failed on: Automri finished with too many resources on context_2
[2026-04-13 11:49:51.958] [default] [info] Iteration failed on: Automri finished with too many resources on context_3
[2026-04-13 11:49:52.113] [default] [info] Iteration failed on: Automri finished with too many resources on context_4
[2026-04-13 11:49:52.274] [default] [info] Iteration failed on: Automri finished with too many resources on context_5
[2026-04-13 11:49:52.424] [default] [info] Iteration failed on: Automri finished with too many resources on context_5
[2026-04-13 11:49:52.574] [default] [info] Iteration failed on: Automri finished with too many resources on context_6
[2026-04-13 11:49:52.722] [default] [info] Iteration failed on: Automri finished with too many resources on context_6
[2026-04-13 11:50:06.782] [default] [info] Iteration failed on: Too many inputs/outputs for hexapod_v3_1_simplified_context_1, try to reduce number of inputs or outputs
Number of DDRs: 0
Number of inputs: 7
Number of outputs: 17

[2026-04-13 11:50:06.971] [default] [info] Iteration failed on: Automri finished with too many resources on context_2
[2026-04-13 11:50:07.126] [default] [info] Iteration failed on: Automri finished with too many resources on context_3
[2026-04-13 11:50:19.222] [default] [info] Iteration failed on: Too many inputs/outputs for hexapod_v3_1_simplified_context_1, try to reduce number of inputs or outputs
Number of DDRs: 0
Number of inputs: 7
Number of outputs: 16

[2026-04-13 11:50:19.414] [default] [info] Iteration failed on: Automri finished with too many resources on context_2
[2026-04-13 11:50:19.574] [default] [info] Iteration failed on: Automri finished with too many resources on context_3
[2026-04-13 11:50:19.735] [default] [info] Iteration failed on: Automri finished with too many resources on context_4
[2026-04-13 11:50:19.898] [default] [info] Iteration failed on: Automri finished with too many resources on context_5
[2026-04-13 11:50:20.057] [default] [info] Iteration failed on: Automri finished with too many resources on context_6
[2026-04-13 11:50:33.971] [default] [info] Iteration failed on: Too many inputs/outputs for hexapod_v3_1_simplified_context_1, try to reduce number of inputs or outputs
Number of DDRs: 0
Number of inputs: 7
Number of outputs: 15

[2026-04-13 11:50:34.174] [default] [info] Iteration failed on: Automri finished with too many resources on context_2
[2026-04-13 11:50:34.358] [default] [info] Iteration failed on: Automri finished with too many resources on context_3
[2026-04-13 11:50:34.531] [default] [info] Iteration failed on: Automri finished with too many resources on context_4
[2026-04-13 11:50:34.700] [default] [info] Iteration failed on: Automri finished with too many resources on context_5
[2026-04-13 11:50:34.855] [default] [info] Iteration failed on: Automri finished with too many resources on context_6
[2026-04-13 11:50:46.705] [default] [info] Iteration failed on: Too many inputs/outputs for hexapod_v3_1_simplified_context_1, try to reduce number of inputs or outputs
Number of DDRs: 0
Number of inputs: 7
Number of outputs: 15

[2026-04-13 11:50:47.946] [default] [info] Iteration failed on: Automri finished with too many resources on context_2
[2026-04-13 11:50:48.121] [default] [info] Iteration failed on: Automri finished with too many resources on context_3
[2026-04-13 11:50:48.288] [default] [info] Iteration failed on: Automri finished with too many resources on context_4
[2026-04-13 11:50:48.453] [default] [info] Iteration failed on: Automri finished with too many resources on context_5
[2026-04-13 11:50:48.605] [default] [info] Iteration failed on: Automri finished with too many resources on context_6
[2026-04-13 11:51:01.449] [default] [info] Iteration failed on: Too many inputs/outputs for hexapod_v3_1_simplified_context_1, try to reduce number of inputs or outputs
Number of DDRs: 0
Number of inputs: 7
Number of outputs: 14

[2026-04-13 11:51:01.647] [default] [info] Iteration failed on: Automri finished with too many resources on context_2
[2026-04-13 11:51:01.823] [default] [info] Iteration failed on: Automri finished with too many resources on context_3
[2026-04-13 11:51:01.994] [default] [info] Iteration failed on: Automri finished with too many resources on context_4
[2026-04-13 11:51:02.172] [default] [info] Iteration failed on: Automri finished with too many resources on context_5
[2026-04-13 11:51:02.329] [default] [info] Iteration failed on: Automri finished with too many resources on context_6
[2026-04-13 11:51:17.738] [default] [info] Iteration failed on: Too many inputs/outputs for hexapod_v3_1_simplified_context_1, try to reduce number of inputs or outputs
Number of DDRs: 0
Number of inputs: 7
Number of outputs: 14

[2026-04-13 11:51:17.940] [default] [info] Iteration failed on: Automri finished with too many resources on context_2
[2026-04-13 11:51:18.118] [default] [info] Iteration failed on: Automri finished with too many resources on context_3
[2026-04-13 11:51:18.281] [default] [info] Iteration failed on: Automri finished with too many resources on context_4
[2026-04-13 11:51:18.445] [default] [info] Iteration failed on: Automri finished with too many resources on context_5
[2026-04-13 11:51:18.605] [default] [info] Iteration failed on: Automri finished with too many resources on context_6
[2026-04-13 11:51:31.821] [default] [info] Iteration failed on: Too many inputs/outputs for hexapod_v3_1_simplified_context_1, try to reduce number of inputs or outputs
Number of DDRs: 0
Number of inputs: 7
Number of outputs: 14

[2026-04-13 11:51:32.023] [default] [info] Iteration failed on: Automri finished with too many resources on context_2
[2026-04-13 11:51:32.191] [default] [info] Iteration failed on: Automri finished with too many resources on context_3
[2026-04-13 11:51:32.361] [default] [info] Iteration failed on: Automri finished with too many resources on context_4
[2026-04-13 11:51:32.529] [default] [info] Iteration failed on: Automri finished with too many resources on context_5
[2026-04-13 11:51:32.680] [default] [info] Iteration failed on: Automri finished with too many resources on context_6
[2026-04-13 11:51:48.108] [default] [info] Iteration failed on: Too many inputs/outputs for hexapod_v3_1_simplified_context_1, try to reduce number of inputs or outputs
Number of DDRs: 0
Number of inputs: 7
Number of outputs: 14

[2026-04-13 11:51:48.302] [default] [info] Iteration failed on: Automri finished with too many resources on context_2
[2026-04-13 11:51:48.467] [default] [info] Iteration failed on: Automri finished with too many resources on context_3
[2026-04-13 11:51:48.625] [default] [info] Iteration failed on: Automri finished with too many resources on context_4
[2026-04-13 11:51:48.774] [default] [info] Iteration failed on: Automri finished with too many resources on context_5
[2026-04-13 11:51:48.927] [default] [info] Iteration failed on: Automri finished with too many resources on context_6
[2026-04-13 11:52:01.214] [default] [info] Iteration failed on: Too many inputs/outputs for hexapod_v3_1_simplified_context_1, try to reduce number of inputs or outputs
Number of DDRs: 0
Number of inputs: 7
Number of outputs: 14

[2026-04-13 11:52:01.398] [default] [info] Iteration failed on: Automri finished with too many resources on context_2
[2026-04-13 11:52:01.549] [default] [info] Iteration failed on: Automri finished with too many resources on context_3
[2026-04-13 11:52:01.796] [default] [info] Iteration failed on: Automri finished with too many resources on context_4
[2026-04-13 11:52:01.941] [default] [info] Iteration failed on: Automri finished with too many resources on context_5
[2026-04-13 11:52:02.088] [default] [info] Iteration failed on: Automri finished with too many resources on context_6
[2026-04-13 11:52:16.651] [default] [info] Iteration failed on: Too many inputs/outputs for hexapod_v3_1_simplified_context_1, try to reduce number of inputs or outputs
Number of DDRs: 0
Number of inputs: 7
Number of outputs: 14

[2026-04-13 11:52:16.839] [default] [info] Iteration failed on: Automri finished with too many resources on context_2
[2026-04-13 11:52:17.014] [default] [info] Iteration failed on: Automri finished with too many resources on context_3
[2026-04-13 11:52:17.179] [default] [info] Iteration failed on: Automri finished with too many resources on context_4
[2026-04-13 11:52:17.338] [default] [info] Iteration failed on: Automri finished with too many resources on context_5
[2026-04-13 11:52:17.496] [default] [info] Iteration failed on: Automri finished with too many resources on context_6
[2026-04-13 11:52:29.914] [default] [info] Iteration failed on: Too many inputs/outputs for hexapod_v3_1_simplified_context_1, try to reduce number of inputs or outputs
Number of DDRs: 0
Number of inputs: 7
Number of outputs: 13

[2026-04-13 11:52:30.091] [default] [info] Iteration failed on: Automri finished with too many resources on context_2
[2026-04-13 11:52:30.242] [default] [info] Iteration failed on: Automri finished with too many resources on context_3
[2026-04-13 11:52:30.386] [default] [info] Iteration failed on: Automri finished with too many resources on context_4
[2026-04-13 11:52:30.535] [default] [info] Iteration failed on: Automri finished with too many resources on context_5
[2026-04-13 11:52:30.692] [default] [info] Iteration failed on: Automri finished with too many resources on context_6
[2026-04-13 11:52:42.616] [default] [info] Iteration failed on: Too many inputs/outputs for hexapod_v3_1_simplified_context_1, try to reduce number of inputs or outputs
Number of DDRs: 0
Number of inputs: 7
Number of outputs: 12

[2026-04-13 11:52:42.800] [default] [info] Iteration failed on: Automri finished with too many resources on context_2
[2026-04-13 11:52:42.957] [default] [info] Iteration failed on: Automri finished with too many resources on context_3
[2026-04-13 11:52:43.112] [default] [info] Iteration failed on: Automri finished with too many resources on context_4
[2026-04-13 11:52:43.263] [default] [info] Iteration failed on: Automri finished with too many resources on context_5
[2026-04-13 11:52:43.414] [default] [info] Iteration failed on: Automri finished with too many resources on context_6
[2026-04-13 11:52:57.647] [default] [info] Iteration failed on: Too many inputs/outputs for hexapod_v3_1_simplified_context_1, try to reduce number of inputs or outputs
Number of DDRs: 0
Number of inputs: 7
Number of outputs: 11

[2026-04-13 11:52:57.828] [default] [info] Iteration failed on: Automri finished with too many resources on context_2
[2026-04-13 11:52:57.979] [default] [info] Iteration failed on: Automri finished with too many resources on context_3
[2026-04-13 11:52:58.130] [default] [info] Iteration failed on: Automri finished with too many resources on context_4
[2026-04-13 11:52:58.283] [default] [info] Iteration failed on: Automri finished with too many resources on context_5
[2026-04-13 11:52:58.441] [default] [info] Iteration failed on: Automri finished with too many resources on context_6
[2026-04-13 11:53:09.739] [default] [info] Iteration failed on: Too many inputs/outputs for hexapod_v3_1_simplified_context_1, try to reduce number of inputs or outputs
Number of DDRs: 0
Number of inputs: 7
Number of outputs: 10

[2026-04-13 11:53:09.913] [default] [info] Iteration failed on: Automri finished with too many resources on context_2
[2026-04-13 11:53:10.057] [default] [info] Iteration failed on: Automri finished with too many resources on context_3
[2026-04-13 11:53:10.197] [default] [info] Iteration failed on: Automri finished with too many resources on context_4
[2026-04-13 11:53:10.337] [default] [info] Iteration failed on: Automri finished with too many resources on context_5
[2026-04-13 11:53:10.483] [default] [info] Iteration failed on: Automri finished with too many resources on context_6
[2026-04-13 11:53:24.004] [default] [info] Iteration failed on: Too many inputs/outputs for hexapod_v3_1_simplified_context_1, try to reduce number of inputs or outputs
Number of DDRs: 0
Number of inputs: 7
Number of outputs: 10

[2026-04-13 11:53:24.197] [default] [info] Iteration failed on: Automri finished with too many resources on context_2
[2026-04-13 11:53:24.350] [default] [info] Iteration failed on: Automri finished with too many resources on context_3
[2026-04-13 11:53:24.499] [default] [info] Iteration failed on: Automri finished with too many resources on context_4
[2026-04-13 11:53:24.653] [default] [info] Iteration failed on: Automri finished with too many resources on context_5
[2026-04-13 11:53:24.810] [default] [info] Iteration failed on: Automri finished with too many resources on context_6
[2026-04-13 11:53:36.642] [default] [info] Iteration failed on: Too many inputs/outputs for hexapod_v3_1_simplified_context_1, try to reduce number of inputs or outputs
Number of DDRs: 0
Number of inputs: 7
Number of outputs: 10

[2026-04-13 11:53:36.796] [default] [info] Iteration failed on: Automri finished with too many resources on context_2
[2026-04-13 11:53:36.945] [default] [info] Iteration failed on: Automri finished with too many resources on context_3
[2026-04-13 11:53:37.085] [default] [info] Iteration failed on: Automri finished with too many resources on context_4
[2026-04-13 11:53:37.226] [default] [info] Iteration failed on: Automri finished with too many resources on context_5
[2026-04-13 11:53:37.370] [default] [info] Iteration failed on: Automri finished with too many resources on context_6
[2026-04-13 11:53:49.220] [default] [info] Iteration failed on: Too many inputs/outputs for hexapod_v3_1_simplified_context_1, try to reduce number of inputs or outputs
Number of DDRs: 0
Number of inputs: 7
Number of outputs: 10

[2026-04-13 11:53:49.383] [default] [info] Iteration failed on: Automri finished with too many resources on context_2
[2026-04-13 11:53:49.525] [default] [info] Iteration failed on: Automri finished with too many resources on context_3
[2026-04-13 11:53:49.671] [default] [info] Iteration failed on: Automri finished with too many resources on context_4
[2026-04-13 11:53:49.812] [default] [info] Iteration failed on: Automri finished with too many resources on context_5
[2026-04-13 11:53:49.948] [default] [info] Iteration failed on: Automri finished with too many resources on context_6
[2026-04-13 11:54:03.888] [default] [info] Iteration failed on: Too many inputs/outputs for hexapod_v3_1_simplified_context_1, try to reduce number of inputs or outputs
Number of DDRs: 0
Number of inputs: 7
Number of outputs: 10

[2026-04-13 11:54:04.060] [default] [info] Iteration failed on: Automri finished with too many resources on context_2
[2026-04-13 11:54:04.196] [default] [info] Iteration failed on: Automri finished with too many resources on context_3
[2026-04-13 11:54:04.332] [default] [info] Iteration failed on: Automri finished with too many resources on context_4
[2026-04-13 11:54:04.466] [default] [info] Iteration failed on: Automri finished with too many resources on context_5
[2026-04-13 11:54:04.599] [default] [info] Iteration failed on: Automri finished with too many resources on context_6
[2026-04-13 11:54:16.158] [default] [info] Iteration failed on: Too many inputs/outputs for hexapod_v3_1_simplified_context_2, try to reduce number of inputs or outputs
Number of DDRs: 0
Number of inputs: 10
Number of outputs: 25

[2026-04-13 11:54:16.324] [default] [info] Iteration failed on: Automri finished with too many resources on context_3
[2026-04-13 11:54:16.467] [default] [info] Iteration failed on: Automri finished with too many resources on context_4
[2026-04-13 11:54:16.603] [default] [info] Iteration failed on: Automri finished with too many resources on context_5
[2026-04-13 11:54:16.739] [default] [info] Iteration failed on: Automri finished with too many resources on context_6
[2026-04-13 11:54:30.260] [default] [info] Iteration failed on: Too many inputs/outputs for hexapod_v3_1_simplified_context_2, try to reduce number of inputs or outputs
Number of DDRs: 0
Number of inputs: 10
Number of outputs: 25

[2026-04-13 11:54:30.454] [default] [info] Iteration failed on: Automri finished with too many resources on context_3
[2026-04-13 11:54:30.621] [default] [info] Iteration failed on: Automri finished with too many resources on context_4
[2026-04-13 11:54:30.776] [default] [info] Iteration failed on: Automri finished with too many resources on context_5
[2026-04-13 11:54:30.926] [default] [info] Iteration failed on: Automri finished with too many resources on context_6
[2026-04-13 11:54:42.229] [default] [info] Iteration failed on: Too many inputs/outputs for hexapod_v3_1_simplified_context_2, try to reduce number of inputs or outputs
Number of DDRs: 0
Number of inputs: 10
Number of outputs: 25

[2026-04-13 11:54:42.407] [default] [info] Iteration failed on: Automri finished with too many resources on context_3
[2026-04-13 11:54:42.547] [default] [info] Iteration failed on: Automri finished with too many resources on context_4
[2026-04-13 11:54:42.690] [default] [info] Iteration failed on: Automri finished with too many resources on context_5
[2026-04-13 11:54:42.826] [default] [info] Iteration failed on: Automri finished with too many resources on context_6
[2026-04-13 11:54:42.962] [default] [info] Iteration failed on: Automri finished with too many resources on context_7
[2026-04-13 11:54:54.700] [default] [info] Iteration failed on: Too many inputs/outputs for hexapod_v3_1_simplified_context_2, try to reduce number of inputs or outputs
Number of DDRs: 0
Number of inputs: 10
Number of outputs: 26

[2026-04-13 11:54:54.888] [default] [info] Iteration failed on: Automri finished with too many resources on context_3
[2026-04-13 11:54:55.048] [default] [info] Iteration failed on: Automri finished with too many resources on context_4
[2026-04-13 11:54:55.202] [default] [info] Iteration failed on: Automri finished with too many resources on context_5
[2026-04-13 11:54:55.349] [default] [info] Iteration failed on: Automri finished with too many resources on context_6
[2026-04-13 11:54:55.494] [default] [info] Iteration failed on: Automri finished with too many resources on context_7
[2026-04-13 11:55:09.888] [default] [info] Iteration failed on: Too many inputs/outputs for hexapod_v3_1_simplified_context_2, try to reduce number of inputs or outputs
Number of DDRs: 0
Number of inputs: 10
Number of outputs: 26

[2026-04-13 11:55:10.078] [default] [info] Iteration failed on: Automri finished with too many resources on context_3
[2026-04-13 11:55:10.230] [default] [info] Iteration failed on: Automri finished with too many resources on context_4
[2026-04-13 11:55:10.383] [default] [info] Iteration failed on: Automri finished with too many resources on context_5
[2026-04-13 11:55:10.534] [default] [info] Iteration failed on: Automri finished with too many resources on context_6
[2026-04-13 11:55:10.686] [default] [info] Iteration failed on: Automri finished with too many resources on context_7
[2026-04-13 11:55:22.797] [default] [info] Iteration failed on: Too many inputs/outputs for hexapod_v3_1_simplified_context_2, try to reduce number of inputs or outputs
Number of DDRs: 0
Number of inputs: 10
Number of outputs: 26

[2026-04-13 11:55:22.988] [default] [info] Iteration failed on: Automri finished with too many resources on context_3
[2026-04-13 11:55:23.136] [default] [info] Iteration failed on: Automri finished with too many resources on context_4
[2026-04-13 11:55:23.286] [default] [info] Iteration failed on: Automri finished with too many resources on context_5
[2026-04-13 11:55:23.435] [default] [info] Iteration failed on: Automri finished with too many resources on context_6
[2026-04-13 11:55:23.575] [default] [info] Iteration failed on: Automri finished with too many resources on context_7
[2026-04-13 11:55:35.858] [default] [info] Iteration failed on: Too many inputs/outputs for hexapod_v3_1_simplified_context_2, try to reduce number of inputs or outputs
Number of DDRs: 0
Number of inputs: 10
Number of outputs: 26

[2026-04-13 11:55:36.062] [default] [info] Iteration failed on: Automri finished with too many resources on context_3
[2026-04-13 11:55:36.238] [default] [info] Iteration failed on: Automri finished with too many resources on context_4
[2026-04-13 11:55:36.409] [default] [info] Iteration failed on: Automri finished with too many resources on context_5
[2026-04-13 11:55:36.562] [default] [info] Iteration failed on: Automri finished with too many resources on context_6
[2026-04-13 11:55:38.778] [default] [info] Iteration failed on: Automri finished with too many resources on context_7
[2026-04-13 11:55:51.180] [default] [info] Iteration failed on: Too many inputs/outputs for hexapod_v3_1_simplified_context_2, try to reduce number of inputs or outputs
Number of DDRs: 0
Number of inputs: 10
Number of outputs: 26

[2026-04-13 11:55:51.346] [default] [info] Iteration failed on: Automri finished with too many resources on context_3
[2026-04-13 11:55:51.493] [default] [info] Iteration failed on: Automri finished with too many resources on context_4
[2026-04-13 11:55:51.641] [default] [info] Iteration failed on: Automri finished with too many resources on context_5
[2026-04-13 11:55:51.798] [default] [info] Iteration failed on: Automri finished with too many resources on context_6
[2026-04-13 11:55:51.946] [default] [info] Iteration failed on: Automri finished with too many resources on context_7
[2026-04-13 11:56:04.183] [default] [info] Iteration failed on: Too many inputs/outputs for hexapod_v3_1_simplified_context_2, try to reduce number of inputs or outputs
Number of DDRs: 0
Number of inputs: 10
Number of outputs: 26

[2026-04-13 11:56:04.392] [default] [info] Iteration failed on: Automri finished with too many resources on context_3
[2026-04-13 11:56:04.563] [default] [info] Iteration failed on: Automri finished with too many resources on context_4
[2026-04-13 11:56:04.730] [default] [info] Iteration failed on: Automri finished with too many resources on context_5
[2026-04-13 11:56:04.901] [default] [info] Iteration failed on: Automri finished with too many resources on context_6
[2026-04-13 11:56:05.073] [default] [info] Iteration failed on: Automri finished with too many resources on context_7
[2026-04-13 11:56:20.565] [default] [info] Iteration failed on: Too many inputs/outputs for hexapod_v3_1_simplified_context_2, try to reduce number of inputs or outputs
Number of DDRs: 0
Number of inputs: 10
Number of outputs: 26

[2026-04-13 11:56:20.747] [default] [info] Iteration failed on: Automri finished with too many resources on context_3
[2026-04-13 11:56:20.911] [default] [info] Iteration failed on: Automri finished with too many resources on context_4
[2026-04-13 11:56:21.077] [default] [info] Iteration failed on: Automri finished with too many resources on context_5
[2026-04-13 11:56:21.244] [default] [info] Iteration failed on: Automri finished with too many resources on context_6
[2026-04-13 11:56:21.404] [default] [info] Iteration failed on: Automri finished with too many resources on context_7
[2026-04-13 11:56:33.941] [default] [info] Iteration failed on: Too many inputs/outputs for hexapod_v3_1_simplified_context_2, try to reduce number of inputs or outputs
Number of DDRs: 0
Number of inputs: 10
Number of outputs: 25

[2026-04-13 11:56:34.115] [default] [info] Iteration failed on: Automri finished with too many resources on context_3
[2026-04-13 11:56:34.289] [default] [info] Iteration failed on: Automri finished with too many resources on context_4
[2026-04-13 11:56:34.455] [default] [info] Iteration failed on: Automri finished with too many resources on context_5
[2026-04-13 11:56:34.631] [default] [info] Iteration failed on: Automri finished with too many resources on context_6
[2026-04-13 11:56:34.804] [default] [info] Iteration failed on: Automri finished with too many resources on context_7
[2026-04-13 11:56:49.959] [default] [info] Iteration failed on: Too many inputs/outputs for hexapod_v3_1_simplified_context_2, try to reduce number of inputs or outputs
Number of DDRs: 0
Number of inputs: 10
Number of outputs: 24

[2026-04-13 11:56:50.167] [default] [info] Iteration failed on: Automri finished with too many resources on context_3
[2026-04-13 11:56:50.337] [default] [info] Iteration failed on: Automri finished with too many resources on context_4
[2026-04-13 11:56:50.505] [default] [info] Iteration failed on: Automri finished with too many resources on context_5
[2026-04-13 11:56:50.664] [default] [info] Iteration failed on: Automri finished with too many resources on context_6
[2026-04-13 11:56:50.823] [default] [info] Iteration failed on: Automri finished with too many resources on context_7
[2026-04-13 11:57:03.180] [default] [info] Iteration failed on: Too many inputs/outputs for hexapod_v3_1_simplified_context_2, try to reduce number of inputs or outputs
Number of DDRs: 0
Number of inputs: 10
Number of outputs: 23

[2026-04-13 11:57:03.351] [default] [info] Iteration failed on: Automri finished with too many resources on context_3
[2026-04-13 11:57:03.503] [default] [info] Iteration failed on: Automri finished with too many resources on context_4
[2026-04-13 11:57:03.649] [default] [info] Iteration failed on: Automri finished with too many resources on context_5
[2026-04-13 11:57:03.794] [default] [info] Iteration failed on: Automri finished with too many resources on context_6
[2026-04-13 11:57:03.943] [default] [info] Iteration failed on: Automri finished with too many resources on context_7
[2026-04-13 11:57:16.408] [default] [info] Iteration failed on: Too many inputs/outputs for hexapod_v3_1_simplified_context_2, try to reduce number of inputs or outputs
Number of DDRs: 0
Number of inputs: 10
Number of outputs: 23

[2026-04-13 11:57:16.587] [default] [info] Iteration failed on: Automri finished with too many resources on context_3
[2026-04-13 11:57:16.742] [default] [info] Iteration failed on: Automri finished with too many resources on context_4
[2026-04-13 11:57:16.900] [default] [info] Iteration failed on: Automri finished with too many resources on context_5
[2026-04-13 11:57:17.052] [default] [info] Iteration failed on: Automri finished with too many resources on context_6
[2026-04-13 11:57:17.199] [default] [info] Iteration failed on: Automri finished with too many resources on context_7
[2026-04-13 11:57:31.724] [default] [info] Iteration failed on: Too many inputs/outputs for hexapod_v3_1_simplified_context_2, try to reduce number of inputs or outputs
Number of DDRs: 0
Number of inputs: 10
Number of outputs: 22

[2026-04-13 11:57:31.896] [default] [info] Iteration failed on: Automri finished with too many resources on context_3
[2026-04-13 11:57:32.049] [default] [info] Iteration failed on: Automri finished with too many resources on context_4
[2026-04-13 11:57:32.198] [default] [info] Iteration failed on: Automri finished with too many resources on context_5
[2026-04-13 11:57:32.356] [default] [info] Iteration failed on: Automri finished with too many resources on context_6
[2026-04-13 11:57:32.512] [default] [info] Iteration failed on: Automri finished with too many resources on context_7
[2026-04-13 11:57:44.763] [default] [info] Iteration failed on: Too many inputs/outputs for hexapod_v3_1_simplified_context_2, try to reduce number of inputs or outputs
Number of DDRs: 0
Number of inputs: 10
Number of outputs: 21

[2026-04-13 11:57:44.948] [default] [info] Iteration failed on: Automri finished with too many resources on context_3
[2026-04-13 11:57:45.103] [default] [info] Iteration failed on: Automri finished with too many resources on context_4
[2026-04-13 11:57:45.253] [default] [info] Iteration failed on: Automri finished with too many resources on context_5
[2026-04-13 11:57:45.409] [default] [info] Iteration failed on: Automri finished with too many resources on context_6
[2026-04-13 11:57:45.577] [default] [info] Iteration failed on: Automri finished with too many resources on context_7
[2026-04-13 11:57:59.390] [default] [info] Iteration failed on: Too many inputs/outputs for hexapod_v3_1_simplified_context_2, try to reduce number of inputs or outputs
Number of DDRs: 0
Number of inputs: 10
Number of outputs: 21

[2026-04-13 11:57:59.572] [default] [info] Iteration failed on: Automri finished with too many resources on context_3
[2026-04-13 11:57:59.743] [default] [info] Iteration failed on: Automri finished with too many resources on context_4
[2026-04-13 11:57:59.922] [default] [info] Iteration failed on: Automri finished with too many resources on context_5
[2026-04-13 11:58:00.086] [default] [info] Iteration failed on: Automri finished with too many resources on context_6
[2026-04-13 11:58:00.240] [default] [info] Iteration failed on: Automri finished with too many resources on context_7
[2026-04-13 11:58:12.056] [default] [info] Iteration failed on: Too many inputs/outputs for hexapod_v3_1_simplified_context_2, try to reduce number of inputs or outputs
Number of DDRs: 0
Number of inputs: 10
Number of outputs: 21

[2026-04-13 11:58:12.289] [default] [info] Iteration failed on: Automri finished with too many resources on context_3
[2026-04-13 11:58:12.467] [default] [info] Iteration failed on: Automri finished with too many resources on context_4
[2026-04-13 11:58:12.641] [default] [info] Iteration failed on: Automri finished with too many resources on context_5
[2026-04-13 11:58:12.807] [default] [info] Iteration failed on: Automri finished with too many resources on context_6
[2026-04-13 11:58:12.971] [default] [info] Iteration failed on: Automri finished with too many resources on context_7
[2026-04-13 11:58:25.351] [default] [info] Iteration failed on: Too many inputs/outputs for hexapod_v3_1_simplified_context_2, try to reduce number of inputs or outputs
Number of DDRs: 0
Number of inputs: 10
Number of outputs: 21

[2026-04-13 11:58:25.539] [default] [info] Iteration failed on: Automri finished with too many resources on context_3
[2026-04-13 11:58:25.705] [default] [info] Iteration failed on: Automri finished with too many resources on context_4
[2026-04-13 11:58:25.864] [default] [info] Iteration failed on: Automri finished with too many resources on context_5
[2026-04-13 11:58:26.023] [default] [info] Iteration failed on: Automri finished with too many resources on context_6
[2026-04-13 11:58:40.164] [default] [info] Iteration failed on: Too many inputs/outputs for hexapod_v3_1_simplified_context_2, try to reduce number of inputs or outputs
Number of DDRs: 0
Number of inputs: 10
Number of outputs: 22

[2026-04-13 11:58:40.345] [default] [info] Iteration failed on: Automri finished with too many resources on context_3
[2026-04-13 11:58:40.511] [default] [info] Iteration failed on: Automri finished with too many resources on context_4
[2026-04-13 11:58:40.674] [default] [info] Iteration failed on: Automri finished with too many resources on context_5
[2026-04-13 11:58:40.838] [default] [info] Iteration failed on: Automri finished with too many resources on context_6
[2026-04-13 11:58:52.886] [default] [info] Iteration failed on: Too many inputs/outputs for hexapod_v3_1_simplified_context_2, try to reduce number of inputs or outputs
Number of DDRs: 0
Number of inputs: 10
Number of outputs: 22

[2026-04-13 11:58:53.063] [default] [info] Iteration failed on: Automri finished with too many resources on context_3
[2026-04-13 11:58:53.233] [default] [info] Iteration failed on: Automri finished with too many resources on context_4
[2026-04-13 11:58:53.409] [default] [info] Iteration failed on: Automri finished with too many resources on context_5
[2026-04-13 11:58:53.581] [default] [info] Iteration failed on: Automri finished with too many resources on context_6
[2026-04-13 11:58:53.745] [default] [info] Iteration failed on: Automri finished with too many resources on context_7
[2026-04-13 11:59:07.661] [default] [info] Iteration failed on: Too many inputs/outputs for hexapod_v3_1_simplified_context_2, try to reduce number of inputs or outputs
Number of DDRs: 0
Number of inputs: 10
Number of outputs: 22

[2026-04-13 11:59:07.853] [default] [info] Iteration failed on: Automri finished with too many resources on context_3
[2026-04-13 11:59:08.023] [default] [info] Iteration failed on: Automri finished with too many resources on context_4
[2026-04-13 11:59:08.192] [default] [info] Iteration failed on: Automri finished with too many resources on context_5
[2026-04-13 11:59:08.353] [default] [info] Iteration failed on: Automri finished with too many resources on context_6
[2026-04-13 11:59:08.518] [default] [info] Iteration failed on: Automri finished with too many resources on context_7
[2026-04-13 11:59:20.792] [default] [info] Iteration failed on: Too many inputs/outputs for hexapod_v3_1_simplified_context_2, try to reduce number of inputs or outputs
Number of DDRs: 0
Number of inputs: 10
Number of outputs: 22

[2026-04-13 11:59:20.991] [default] [info] Iteration failed on: Automri finished with too many resources on context_3
[2026-04-13 11:59:21.161] [default] [info] Iteration failed on: Automri finished with too many resources on context_4
[2026-04-13 11:59:21.332] [default] [info] Iteration failed on: Automri finished with too many resources on context_5
[2026-04-13 11:59:21.504] [default] [info] Iteration failed on: Automri finished with too many resources on context_6
[2026-04-13 11:59:21.666] [default] [info] Iteration failed on: Automri finished with too many resources on context_7
[2026-04-13 11:59:34.127] [default] [info] Iteration failed on: Too many inputs/outputs for hexapod_v3_1_simplified_context_2, try to reduce number of inputs or outputs
Number of DDRs: 0
Number of inputs: 10
Number of outputs: 22

[2026-04-13 11:59:34.318] [default] [info] Iteration failed on: Automri finished with too many resources on context_3
[2026-04-13 11:59:34.492] [default] [info] Iteration failed on: Automri finished with too many resources on context_4
[2026-04-13 11:59:34.665] [default] [info] Iteration failed on: Automri finished with too many resources on context_5
[2026-04-13 11:59:34.837] [default] [info] Iteration failed on: Automri finished with too many resources on context_6
[2026-04-13 11:59:35.013] [default] [info] Iteration failed on: Automri finished with too many resources on context_7
[2026-04-13 11:59:49.295] [default] [info] Iteration failed on: Too many inputs/outputs for hexapod_v3_1_simplified_context_2, try to reduce number of inputs or outputs
Number of DDRs: 0
Number of inputs: 10
Number of outputs: 22

[2026-04-13 11:59:49.495] [default] [info] Iteration failed on: Automri finished with too many resources on context_3
[2026-04-13 11:59:49.673] [default] [info] Iteration failed on: Automri finished with too many resources on context_4
[2026-04-13 11:59:49.849] [default] [info] Iteration failed on: Automri finished with too many resources on context_5
[2026-04-13 11:59:50.031] [default] [info] Iteration failed on: Automri finished with too many resources on context_6
[2026-04-13 11:59:50.210] [default] [info] Iteration failed on: Automri finished with too many resources on context_7
[2026-04-13 12:00:06.543] [default] [info] Iteration failed on: Too many inputs/outputs for hexapod_v3_1_simplified_context_2, try to reduce number of inputs or outputs
Number of DDRs: 0
Number of inputs: 10
Number of outputs: 22

[2026-04-13 12:00:06.771] [default] [info] Iteration failed on: Automri finished with too many resources on context_3
[2026-04-13 12:00:06.963] [default] [info] Iteration failed on: Automri finished with too many resources on context_4
[2026-04-13 12:00:07.151] [default] [info] Iteration failed on: Automri finished with too many resources on context_5
[2026-04-13 12:00:07.338] [default] [info] Iteration failed on: Automri finished with too many resources on context_6
[2026-04-13 12:00:07.523] [default] [info] Iteration failed on: Automri finished with too many resources on context_7
[2026-04-13 12:00:21.608] [default] [info] Iteration failed on: Too many inputs/outputs for hexapod_v3_1_simplified_context_2, try to reduce number of inputs or outputs
Number of DDRs: 0
Number of inputs: 10
Number of outputs: 21

[2026-04-13 12:00:21.811] [default] [info] Iteration failed on: Automri finished with too many resources on context_3
[2026-04-13 12:00:22.001] [default] [info] Iteration failed on: Automri finished with too many resources on context_4
[2026-04-13 12:00:22.193] [default] [info] Iteration failed on: Automri finished with too many resources on context_5
[2026-04-13 12:00:22.381] [default] [info] Iteration failed on: Automri finished with too many resources on context_6
[2026-04-13 12:00:22.568] [default] [info] Iteration failed on: Automri finished with too many resources on context_7
[2026-04-13 12:00:34.783] [default] [info] Iteration failed on: Too many inputs/outputs for hexapod_v3_1_simplified_context_2, try to reduce number of inputs or outputs
Number of DDRs: 0
Number of inputs: 10
Number of outputs: 20

[2026-04-13 12:00:34.972] [default] [info] Iteration failed on: Automri finished with too many resources on context_3
[2026-04-13 12:00:35.144] [default] [info] Iteration failed on: Automri finished with too many resources on context_4
[2026-04-13 12:00:35.318] [default] [info] Iteration failed on: Automri finished with too many resources on context_5
[2026-04-13 12:00:35.488] [default] [info] Iteration failed on: Automri finished with too many resources on context_6
[2026-04-13 12:00:35.662] [default] [info] Iteration failed on: Automri finished with too many resources on context_7
[2026-04-13 12:00:35.849] [default] [info] Iteration failed on: Automri finished with too many resources on context_7
[2026-04-13 12:00:50.639] [default] [info] Iteration failed on: Too many inputs/outputs for hexapod_v3_1_simplified_context_2, try to reduce number of inputs or outputs
Number of DDRs: 0
Number of inputs: 10
Number of outputs: 19

[2026-04-13 12:00:50.842] [default] [info] Iteration failed on: Automri finished with too many resources on context_3
[2026-04-13 12:00:51.023] [default] [info] Iteration failed on: Automri finished with too many resources on context_3
[2026-04-13 12:00:51.209] [default] [info] Iteration failed on: Automri finished with too many resources on context_4
[2026-04-13 12:00:51.393] [default] [info] Iteration failed on: Automri finished with too many resources on context_4
[2026-04-13 12:00:51.575] [default] [info] Iteration failed on: Automri finished with too many resources on context_5
[2026-04-13 12:00:51.759] [default] [info] Iteration failed on: Automri finished with too many resources on context_5
[2026-04-13 12:00:51.939] [default] [info] Iteration failed on: Automri finished with too many resources on context_6
[2026-04-13 12:01:04.885] [default] [info] Iteration failed on: Too many inputs/outputs for hexapod_v3_1_simplified_context_2, try to reduce number of inputs or outputs
Number of DDRs: 0
Number of inputs: 10
Number of outputs: 19

[2026-04-13 12:01:05.101] [default] [info] Iteration failed on: Automri finished with too many resources on context_3
[2026-04-13 12:01:05.283] [default] [info] Iteration failed on: Automri finished with too many resources on context_4
[2026-04-13 12:01:05.464] [default] [info] Iteration failed on: Automri finished with too many resources on context_5
[2026-04-13 12:01:05.650] [default] [info] Iteration failed on: Automri finished with too many resources on context_6
[2026-04-13 12:01:18.469] [default] [info] Iteration failed on: Too many inputs/outputs for hexapod_v3_1_simplified_context_2, try to reduce number of inputs or outputs
Number of DDRs: 0
Number of inputs: 10
Number of outputs: 18

[2026-04-13 12:01:18.684] [default] [info] Iteration failed on: Automri finished with too many resources on context_3
[2026-04-13 12:01:18.869] [default] [info] Iteration failed on: Automri finished with too many resources on context_4
[2026-04-13 12:01:19.058] [default] [info] Iteration failed on: Automri finished with too many resources on context_5
[2026-04-13 12:01:21.224] [default] [info] Iteration failed on: Automri finished with too many resources on context_6
[2026-04-13 12:01:21.411] [default] [info] Iteration failed on: Automri finished with too many resources on context_7
[2026-04-13 12:01:21.594] [default] [info] Iteration failed on: Automri finished with too many resources on context_7
[2026-04-13 12:01:34.621] [default] [info] Iteration failed on: Too many inputs/outputs for hexapod_v3_1_simplified_context_2, try to reduce number of inputs or outputs
Number of DDRs: 0
Number of inputs: 10
Number of outputs: 19

[2026-04-13 12:01:34.845] [default] [info] Iteration failed on: Automri finished with too many resources on context_3
[2026-04-13 12:01:35.054] [default] [info] Iteration failed on: Automri finished with too many resources on context_4
[2026-04-13 12:01:35.260] [default] [info] Iteration failed on: Automri finished with too many resources on context_5
[2026-04-13 12:01:48.470] [default] [info] Iteration failed on: Too many inputs/outputs for hexapod_v3_1_simplified_context_2, try to reduce number of inputs or outputs
Number of DDRs: 0
Number of inputs: 10
Number of outputs: 19

[2026-04-13 12:01:48.738] [default] [info] Iteration failed on: Automri finished with too many resources on context_3
[2026-04-13 12:01:48.968] [default] [info] Iteration failed on: Automri finished with too many resources on context_4
[2026-04-13 12:01:49.182] [default] [info] Iteration failed on: Automri finished with too many resources on context_5
[2026-04-13 12:01:49.385] [default] [info] Iteration failed on: Automri finished with too many resources on context_6
[2026-04-13 12:01:49.586] [default] [info] Iteration failed on: Automri finished with too many resources on context_7
[2026-04-13 12:02:04.836] [default] [info] Iteration failed on: Too many inputs/outputs for hexapod_v3_1_simplified_context_2, try to reduce number of inputs or outputs
Number of DDRs: 0
Number of inputs: 10
Number of outputs: 19

[2026-04-13 12:02:05.048] [default] [info] Iteration failed on: Automri finished with too many resources on context_3
[2026-04-13 12:02:05.240] [default] [info] Iteration failed on: Automri finished with too many resources on context_4
[2026-04-13 12:02:05.444] [default] [info] Iteration failed on: Automri finished with too many resources on context_5
[2026-04-13 12:02:05.637] [default] [info] Iteration failed on: Automri finished with too many resources on context_6
[2026-04-13 12:02:05.828] [default] [info] Iteration failed on: Automri finished with too many resources on context_7
[2026-04-13 12:02:19.371] [default] [info] Iteration failed on: Too many inputs/outputs for hexapod_v3_1_simplified_context_2, try to reduce number of inputs or outputs
Number of DDRs: 0
Number of inputs: 10
Number of outputs: 19

[2026-04-13 12:02:19.594] [default] [info] Iteration failed on: Automri finished with too many resources on context_3
[2026-04-13 12:02:19.784] [default] [info] Iteration failed on: Automri finished with too many resources on context_4
[2026-04-13 12:02:19.982] [default] [info] Iteration failed on: Automri finished with too many resources on context_5
[2026-04-13 12:02:20.168] [default] [info] Iteration failed on: Automri finished with too many resources on context_6
[2026-04-13 12:02:20.361] [default] [info] Iteration failed on: Automri finished with too many resources on context_7
[2026-04-13 12:02:35.660] [default] [info] Iteration failed on: Too many inputs/outputs for hexapod_v3_1_simplified_context_2, try to reduce number of inputs or outputs
Number of DDRs: 0
Number of inputs: 10
Number of outputs: 20

[2026-04-13 12:02:35.866] [default] [info] Iteration failed on: Automri finished with too many resources on context_3
[2026-04-13 12:02:36.056] [default] [info] Iteration failed on: Automri finished with too many resources on context_4
[2026-04-13 12:02:36.244] [default] [info] Iteration failed on: Automri finished with too many resources on context_5
[2026-04-13 12:02:36.441] [default] [info] Iteration failed on: Automri finished with too many resources on context_6
[2026-04-13 12:02:36.643] [default] [info] Iteration failed on: Automri finished with too many resources on context_7
[2026-04-13 12:02:36.792] [default] [info] Iteration failed on: Automri finished with too many resources on context_7
[2026-04-13 12:02:50.301] [default] [info] Iteration failed on: Too many inputs/outputs for hexapod_v3_1_simplified_context_2, try to reduce number of inputs or outputs
Number of DDRs: 0
Number of inputs: 10
Number of outputs: 20

[2026-04-13 12:02:50.484] [default] [info] Iteration failed on: Automri finished with too many resources on context_3
[2026-04-13 12:02:50.635] [default] [info] Iteration failed on: Automri finished with too many resources on context_4
[2026-04-13 12:02:50.790] [default] [info] Iteration failed on: Automri finished with too many resources on context_5
[2026-04-13 12:03:06.095] [default] [info] Iteration failed on: Too many inputs/outputs for hexapod_v3_1_simplified_context_2, try to reduce number of inputs or outputs
Number of DDRs: 0
Number of inputs: 10
Number of outputs: 20

[2026-04-13 12:03:06.283] [default] [info] Iteration failed on: Automri finished with too many resources on context_3
[2026-04-13 12:03:06.433] [default] [info] Iteration failed on: Automri finished with too many resources on context_4
[2026-04-13 12:03:06.591] [default] [info] Iteration failed on: Automri finished with too many resources on context_5
[2026-04-13 12:03:06.754] [default] [info] Iteration failed on: Automri finished with too many resources on context_6
[2026-04-13 12:03:06.905] [default] [info] Iteration failed on: Automri finished with too many resources on context_7
[2026-04-13 12:03:20.110] [default] [info] Iteration failed on: Too many inputs/outputs for hexapod_v3_1_simplified_context_2, try to reduce number of inputs or outputs
Number of DDRs: 0
Number of inputs: 10
Number of outputs: 20

[2026-04-13 12:03:20.287] [default] [info] Iteration failed on: Automri finished with too many resources on context_3
[2026-04-13 12:03:20.436] [default] [info] Iteration failed on: Automri finished with too many resources on context_4
[2026-04-13 12:03:20.584] [default] [info] Iteration failed on: Automri finished with too many resources on context_5
[2026-04-13 12:03:33.968] [default] [info] Iteration failed on: Too many inputs/outputs for hexapod_v3_1_simplified_context_2, try to reduce number of inputs or outputs
Number of DDRs: 0
Number of inputs: 10
Number of outputs: 20

[2026-04-13 12:03:34.156] [default] [info] Iteration failed on: Automri finished with too many resources on context_3
[2026-04-13 12:03:34.313] [default] [info] Iteration failed on: Automri finished with too many resources on context_4
[2026-04-13 12:03:34.470] [default] [info] Iteration failed on: Automri finished with too many resources on context_5
[2026-04-13 12:03:34.626] [default] [info] Iteration failed on: Automri finished with too many resources on context_6
[2026-04-13 12:03:34.783] [default] [info] Iteration failed on: Automri finished with too many resources on context_7
[2026-04-13 12:03:50.076] [default] [info] Iteration failed on: Too many inputs/outputs for hexapod_v3_1_simplified_context_2, try to reduce number of inputs or outputs
Number of DDRs: 0
Number of inputs: 10
Number of outputs: 20

[2026-04-13 12:03:50.274] [default] [info] Iteration failed on: Automri finished with too many resources on context_3
[2026-04-13 12:03:50.431] [default] [info] Iteration failed on: Automri finished with too many resources on context_4
[2026-04-13 12:04:03.845] [default] [info] Iteration failed on: Too many inputs/outputs for hexapod_v3_1_simplified_context_2, try to reduce number of inputs or outputs
Number of DDRs: 0
Number of inputs: 10
Number of outputs: 20

[2026-04-13 12:04:04.012] [default] [info] Iteration failed on: Automri finished with too many resources on context_3
[2026-04-13 12:04:04.188] [default] [info] Iteration failed on: Automri finished with too many resources on context_4
[2026-04-13 12:04:04.368] [default] [info] Iteration failed on: Automri finished with too many resources on context_5
[2026-04-13 12:04:04.549] [default] [info] Iteration failed on: Automri finished with too many resources on context_6
[2026-04-13 12:04:04.729] [default] [info] Iteration failed on: Automri finished with too many resources on context_7
[2026-04-13 12:04:20.202] [default] [info] Iteration failed on: Too many inputs/outputs for hexapod_v3_1_simplified_context_2, try to reduce number of inputs or outputs
Number of DDRs: 0
Number of inputs: 10
Number of outputs: 19

[2026-04-13 12:04:20.373] [default] [info] Iteration failed on: Automri finished with too many resources on context_3
[2026-04-13 12:04:20.525] [default] [info] Iteration failed on: Automri finished with too many resources on context_4
[2026-04-13 12:04:20.684] [default] [info] Iteration failed on: Automri finished with too many resources on context_5
[2026-04-13 12:04:20.841] [default] [info] Iteration failed on: Automri finished with too many resources on context_6
[2026-04-13 12:04:20.993] [default] [info] Iteration failed on: Automri finished with too many resources on context_7
[2026-04-13 12:04:34.372] [default] [info] Iteration failed on: Too many inputs/outputs for hexapod_v3_1_simplified_context_2, try to reduce number of inputs or outputs
Number of DDRs: 0
Number of inputs: 10
Number of outputs: 18

[2026-04-13 12:04:34.560] [default] [info] Iteration failed on: Automri finished with too many resources on context_3
[2026-04-13 12:04:34.715] [default] [info] Iteration failed on: Automri finished with too many resources on context_4
[2026-04-13 12:04:34.863] [default] [info] Iteration failed on: Automri finished with too many resources on context_5
[2026-04-13 12:04:35.017] [default] [info] Iteration failed on: Automri finished with too many resources on context_6
[2026-04-13 12:04:35.163] [default] [info] Iteration failed on: Automri finished with too many resources on context_7
[2026-04-13 12:04:50.551] [default] [info] Iteration failed on: Too many inputs/outputs for hexapod_v3_1_simplified_context_2, try to reduce number of inputs or outputs
Number of DDRs: 0
Number of inputs: 10
Number of outputs: 17

[2026-04-13 12:04:50.746] [default] [info] Iteration failed on: Automri finished with too many resources on context_3
[2026-04-13 12:04:50.913] [default] [info] Iteration failed on: Automri finished with too many resources on context_3
[2026-04-13 12:04:51.080] [default] [info] Iteration failed on: Automri finished with too many resources on context_4
[2026-04-13 12:04:51.237] [default] [info] Iteration failed on: Automri finished with too many resources on context_4
[2026-04-13 12:04:51.393] [default] [info] Iteration failed on: Automri finished with too many resources on context_5
[2026-04-13 12:04:51.547] [default] [info] Iteration failed on: Automri finished with too many resources on context_5
[2026-04-13 12:04:51.707] [default] [info] Iteration failed on: Automri finished with too many resources on context_6
[2026-04-13 12:04:51.866] [default] [info] Iteration failed on: Automri finished with too many resources on context_6
[2026-04-13 12:04:52.030] [default] [info] Iteration failed on: Automri finished with too many resources on context_7
[2026-04-13 12:04:52.189] [default] [info] Iteration failed on: Automri finished with too many resources on context_7
[2026-04-13 12:05:05.294] [default] [info] Iteration failed on: Too many inputs/outputs for hexapod_v3_1_simplified_context_2, try to reduce number of inputs or outputs
Number of DDRs: 0
Number of inputs: 8
Number of outputs: 17

[2026-04-13 12:05:05.500] [default] [info] Iteration failed on: Automri finished with too many resources on context_3
[2026-04-13 12:05:05.679] [default] [info] Iteration failed on: Automri finished with too many resources on context_4
[2026-04-13 12:05:05.850] [default] [info] Iteration failed on: Automri finished with too many resources on context_5
[2026-04-13 12:05:06.017] [default] [info] Iteration failed on: Automri finished with too many resources on context_6
[2026-04-13 12:05:06.180] [default] [info] Iteration failed on: Automri finished with too many resources on context_7
[2026-04-13 12:05:20.887] [default] [info] Iteration failed on: Too many inputs/outputs for hexapod_v3_1_simplified_context_2, try to reduce number of inputs or outputs
Number of DDRs: 0
Number of inputs: 8
Number of outputs: 16

[2026-04-13 12:05:21.091] [default] [info] Iteration failed on: Automri finished with too many resources on context_3
[2026-04-13 12:05:21.260] [default] [info] Iteration failed on: Automri finished with too many resources on context_4
[2026-04-13 12:05:21.430] [default] [info] Iteration failed on: Automri finished with too many resources on context_5
[2026-04-13 12:05:21.593] [default] [info] Iteration failed on: Automri finished with too many resources on context_6
[2026-04-13 12:05:21.753] [default] [info] Iteration failed on: Automri finished with too many resources on context_7
[2026-04-13 12:05:34.173] [default] [info] Iteration failed on: Too many inputs/outputs for hexapod_v3_1_simplified_context_2, try to reduce number of inputs or outputs
Number of DDRs: 0
Number of inputs: 8
Number of outputs: 16

[2026-04-13 12:05:34.369] [default] [info] Iteration failed on: Automri finished with too many resources on context_3
[2026-04-13 12:05:34.532] [default] [info] Iteration failed on: Automri finished with too many resources on context_4
[2026-04-13 12:05:34.696] [default] [info] Iteration failed on: Automri finished with too many resources on context_5
[2026-04-13 12:05:34.868] [default] [info] Iteration failed on: Automri finished with too many resources on context_6
[2026-04-13 12:05:35.025] [default] [info] Iteration failed on: Automri finished with too many resources on context_7
[2026-04-13 12:05:47.812] [default] [info] Iteration failed on: Too many inputs/outputs for hexapod_v3_1_simplified_context_2, try to reduce number of inputs or outputs
Number of DDRs: 0
Number of inputs: 8
Number of outputs: 16

[2026-04-13 12:05:48.003] [default] [info] Iteration failed on: Automri finished with too many resources on context_3
[2026-04-13 12:05:48.174] [default] [info] Iteration failed on: Automri finished with too many resources on context_4
[2026-04-13 12:05:48.345] [default] [info] Iteration failed on: Automri finished with too many resources on context_5
[2026-04-13 12:05:48.522] [default] [info] Iteration failed on: Automri finished with too many resources on context_6
[2026-04-13 12:05:48.685] [default] [info] Iteration failed on: Automri finished with too many resources on context_7
[2026-04-13 12:06:03.849] [default] [info] Iteration failed on: Too many inputs/outputs for hexapod_v3_1_simplified_context_2, try to reduce number of inputs or outputs
Number of DDRs: 0
Number of inputs: 7
Number of outputs: 16

[2026-04-13 12:06:04.043] [default] [info] Iteration failed on: Automri finished with too many resources on context_3
[2026-04-13 12:06:04.210] [default] [info] Iteration failed on: Automri finished with too many resources on context_4
[2026-04-13 12:06:04.372] [default] [info] Iteration failed on: Automri finished with too many resources on context_5
[2026-04-13 12:06:04.537] [default] [info] Iteration failed on: Automri finished with too many resources on context_6
[2026-04-13 12:06:04.705] [default] [info] Iteration failed on: Automri finished with too many resources on context_7
[2026-04-13 12:06:18.037] [default] [info] Iteration failed on: Too many inputs/outputs for hexapod_v3_1_simplified_context_2, try to reduce number of inputs or outputs
Number of DDRs: 0
Number of inputs: 7
Number of outputs: 16

[2026-04-13 12:06:18.228] [default] [info] Iteration failed on: Automri finished with too many resources on context_3
[2026-04-13 12:06:18.402] [default] [info] Iteration failed on: Automri finished with too many resources on context_4
[2026-04-13 12:06:18.583] [default] [info] Iteration failed on: Automri finished with too many resources on context_5
[2026-04-13 12:06:18.755] [default] [info] Iteration failed on: Automri finished with too many resources on context_6
[2026-04-13 12:06:18.916] [default] [info] Iteration failed on: Automri finished with too many resources on context_7
[2026-04-13 12:06:34.438] [default] [info] Iteration failed on: Too many inputs/outputs for hexapod_v3_1_simplified_context_2, try to reduce number of inputs or outputs
Number of DDRs: 0
Number of inputs: 7
Number of outputs: 16

[2026-04-13 12:06:34.643] [default] [info] Iteration failed on: Automri finished with too many resources on context_3
[2026-04-13 12:06:34.823] [default] [info] Iteration failed on: Automri finished with too many resources on context_4
[2026-04-13 12:06:34.994] [default] [info] Iteration failed on: Automri finished with too many resources on context_5
[2026-04-13 12:06:35.162] [default] [info] Iteration failed on: Automri finished with too many resources on context_6
[2026-04-13 12:06:35.325] [default] [info] Iteration failed on: Automri finished with too many resources on context_7
[2026-04-13 12:06:48.414] [default] [info] Iteration failed on: Too many inputs/outputs for hexapod_v3_1_simplified_context_2, try to reduce number of inputs or outputs
Number of DDRs: 0
Number of inputs: 7
Number of outputs: 16

[2026-04-13 12:06:48.595] [default] [info] Iteration failed on: Automri finished with too many resources on context_3
[2026-04-13 12:06:48.768] [default] [info] Iteration failed on: Automri finished with too many resources on context_4
[2026-04-13 12:06:48.952] [default] [info] Iteration failed on: Automri finished with too many resources on context_5
[2026-04-13 12:06:49.123] [default] [info] Iteration failed on: Automri finished with too many resources on context_6
[2026-04-13 12:06:49.284] [default] [info] Iteration failed on: Automri finished with too many resources on context_7
[2026-04-13 12:07:04.361] [default] [info] Iteration failed on: Too many inputs/outputs for hexapod_v3_1_simplified_context_2, try to reduce number of inputs or outputs
Number of DDRs: 0
Number of inputs: 7
Number of outputs: 16

[2026-04-13 12:07:04.549] [default] [info] Iteration failed on: Automri finished with too many resources on context_3
[2026-04-13 12:07:04.724] [default] [info] Iteration failed on: Automri finished with too many resources on context_4
[2026-04-13 12:07:04.895] [default] [info] Iteration failed on: Automri finished with too many resources on context_5
[2026-04-13 12:07:05.066] [default] [info] Iteration failed on: Automri finished with too many resources on context_6
[2026-04-13 12:07:05.224] [default] [info] Iteration failed on: Automri finished with too many resources on context_7
[2026-04-13 12:07:18.279] [default] [info] Iteration failed on: Too many inputs/outputs for hexapod_v3_1_simplified_context_2, try to reduce number of inputs or outputs
Number of DDRs: 0
Number of inputs: 7
Number of outputs: 16

[2026-04-13 12:07:18.462] [default] [info] Iteration failed on: Automri finished with too many resources on context_3
[2026-04-13 12:07:18.626] [default] [info] Iteration failed on: Automri finished with too many resources on context_4
[2026-04-13 12:07:18.793] [default] [info] Iteration failed on: Automri finished with too many resources on context_5
[2026-04-13 12:07:18.966] [default] [info] Iteration failed on: Automri finished with too many resources on context_6
[2026-04-13 12:07:19.132] [default] [info] Iteration failed on: Automri finished with too many resources on context_7
[2026-04-13 12:07:32.240] [default] [info] Iteration failed on: Too many inputs/outputs for hexapod_v3_1_simplified_context_2, try to reduce number of inputs or outputs
Number of DDRs: 0
Number of inputs: 7
Number of outputs: 16

[2026-04-13 12:07:32.440] [default] [info] Iteration failed on: Automri finished with too many resources on context_3
[2026-04-13 12:07:32.615] [default] [info] Iteration failed on: Automri finished with too many resources on context_4
[2026-04-13 12:07:32.786] [default] [info] Iteration failed on: Automri finished with too many resources on context_5
[2026-04-13 12:07:32.956] [default] [info] Iteration failed on: Automri finished with too many resources on context_6
[2026-04-13 12:07:33.118] [default] [info] Iteration failed on: Automri finished with too many resources on context_7
[2026-04-13 12:07:48.090] [default] [info] Iteration failed on: Too many inputs/outputs for hexapod_v3_1_simplified_context_2, try to reduce number of inputs or outputs
Number of DDRs: 0
Number of inputs: 7
Number of outputs: 15

[2026-04-13 12:07:48.272] [default] [info] Iteration failed on: Automri finished with too many resources on context_3
[2026-04-13 12:07:48.446] [default] [info] Iteration failed on: Automri finished with too many resources on context_4
[2026-04-13 12:07:48.610] [default] [info] Iteration failed on: Automri finished with too many resources on context_5
[2026-04-13 12:07:48.775] [default] [info] Iteration failed on: Automri finished with too many resources on context_6
[2026-04-13 12:07:48.934] [default] [info] Iteration failed on: Automri finished with too many resources on context_6
[2026-04-13 12:07:49.100] [default] [info] Iteration failed on: Automri finished with too many resources on context_7
[2026-04-13 12:07:49.262] [default] [info] Iteration failed on: Automri finished with too many resources on context_7
[2026-04-13 12:08:01.406] [default] [info] Iteration failed on: Too many inputs/outputs for hexapod_v3_1_simplified_context_2, try to reduce number of inputs or outputs
Number of DDRs: 0
Number of inputs: 7
Number of outputs: 14

[2026-04-13 12:08:01.599] [default] [info] Iteration failed on: Automri finished with too many resources on context_3
[2026-04-13 12:08:01.768] [default] [info] Iteration failed on: Automri finished with too many resources on context_4
[2026-04-13 12:08:16.104] [default] [info] Iteration failed on: Too many inputs/outputs for hexapod_v3_1_simplified_context_2, try to reduce number of inputs or outputs
Number of DDRs: 0
Number of inputs: 7
Number of outputs: 13

[2026-04-13 12:08:16.286] [default] [info] Iteration failed on: Automri finished with too many resources on context_3
[2026-04-13 12:08:16.450] [default] [info] Iteration failed on: Automri finished with too many resources on context_4
[2026-04-13 12:08:16.616] [default] [info] Iteration failed on: Automri finished with too many resources on context_5
[2026-04-13 12:08:16.788] [default] [info] Iteration failed on: Automri finished with too many resources on context_6
[2026-04-13 12:08:16.949] [default] [info] Iteration failed on: Automri finished with too many resources on context_7
[2026-04-13 12:08:28.851] [default] [info] Iteration failed on: Too many inputs/outputs for hexapod_v3_1_simplified_context_2, try to reduce number of inputs or outputs
Number of DDRs: 0
Number of inputs: 7
Number of outputs: 12

[2026-04-13 12:08:29.039] [default] [info] Iteration failed on: Automri finished with too many resources on context_3
[2026-04-13 12:08:29.208] [default] [info] Iteration failed on: Automri finished with too many resources on context_4
[2026-04-13 12:08:29.386] [default] [info] Iteration failed on: Automri finished with too many resources on context_5
[2026-04-13 12:08:29.558] [default] [info] Iteration failed on: Automri finished with too many resources on context_6
[2026-04-13 12:08:29.729] [default] [info] Iteration failed on: Automri finished with too many resources on context_7
[2026-04-13 12:08:41.610] [default] [info] Iteration failed on: Too many inputs/outputs for hexapod_v3_1_simplified_context_2, try to reduce number of inputs or outputs
Number of DDRs: 0
Number of inputs: 7
Number of outputs: 12

[2026-04-13 12:08:41.800] [default] [info] Iteration failed on: Automri finished with too many resources on context_3
[2026-04-13 12:08:41.975] [default] [info] Iteration failed on: Automri finished with too many resources on context_4
[2026-04-13 12:08:42.151] [default] [info] Iteration failed on: Automri finished with too many resources on context_5
[2026-04-13 12:08:42.324] [default] [info] Iteration failed on: Automri finished with too many resources on context_6
[2026-04-13 12:08:42.478] [default] [info] Iteration failed on: Automri finished with too many resources on context_7
[2026-04-13 12:08:57.644] [default] [info] Iteration failed on: Too many inputs/outputs for hexapod_v3_1_simplified_context_2, try to reduce number of inputs or outputs
Number of DDRs: 0
Number of inputs: 7
Number of outputs: 11

[2026-04-13 12:08:57.827] [default] [info] Iteration failed on: Automri finished with too many resources on context_3
[2026-04-13 12:08:57.995] [default] [info] Iteration failed on: Automri finished with too many resources on context_4
[2026-04-13 12:08:58.161] [default] [info] Iteration failed on: Automri finished with too many resources on context_5
[2026-04-13 12:08:58.333] [default] [info] Iteration failed on: Automri finished with too many resources on context_6
[2026-04-13 12:08:58.487] [default] [info] Iteration failed on: Automri finished with too many resources on context_7
[2026-04-13 12:09:12.045] [default] [info] Iteration failed on: Too many inputs/outputs for hexapod_v3_1_simplified_context_2, try to reduce number of inputs or outputs
Number of DDRs: 0
Number of inputs: 7
Number of outputs: 11

[2026-04-13 12:09:12.230] [default] [info] Iteration failed on: Automri finished with too many resources on context_3
[2026-04-13 12:09:12.399] [default] [info] Iteration failed on: Automri finished with too many resources on context_4
[2026-04-13 12:09:12.563] [default] [info] Iteration failed on: Automri finished with too many resources on context_5
[2026-04-13 12:09:12.726] [default] [info] Iteration failed on: Automri finished with too many resources on context_6
[2026-04-13 12:09:12.886] [default] [info] Iteration failed on: Automri finished with too many resources on context_7
[2026-04-13 12:09:28.472] [default] [info] Iteration failed on: Too many inputs/outputs for hexapod_v3_1_simplified_context_2, try to reduce number of inputs or outputs
Number of DDRs: 0
Number of inputs: 7
Number of outputs: 11

[2026-04-13 12:09:28.656] [default] [info] Iteration failed on: Automri finished with too many resources on context_3
[2026-04-13 12:09:28.820] [default] [info] Iteration failed on: Automri finished with too many resources on context_4
[2026-04-13 12:09:28.983] [default] [info] Iteration failed on: Automri finished with too many resources on context_5
[2026-04-13 12:09:29.146] [default] [info] Iteration failed on: Automri finished with too many resources on context_6
[2026-04-13 12:09:29.302] [default] [info] Iteration failed on: Automri finished with too many resources on context_7
[2026-04-13 12:09:42.714] [default] [info] Iteration failed on: Too many inputs/outputs for hexapod_v3_1_simplified_context_2, try to reduce number of inputs or outputs
Number of DDRs: 0
Number of inputs: 7
Number of outputs: 11

[2026-04-13 12:09:42.885] [default] [info] Iteration failed on: Automri finished with too many resources on context_3
[2026-04-13 12:09:43.045] [default] [info] Iteration failed on: Automri finished with too many resources on context_4
[2026-04-13 12:09:43.197] [default] [info] Iteration failed on: Automri finished with too many resources on context_5
[2026-04-13 12:09:43.350] [default] [info] Iteration failed on: Automri finished with too many resources on context_6
[2026-04-13 12:09:43.504] [default] [info] Iteration failed on: Automri finished with too many resources on context_7
[2026-04-13 12:09:58.093] [default] [info] Iteration failed on: Too many inputs/outputs for hexapod_v3_1_simplified_context_3, try to reduce number of inputs or outputs
Number of DDRs: 0
Number of inputs: 17
Number of outputs: 29

[2026-04-13 12:09:58.261] [default] [info] Iteration failed on: Automri finished with too many resources on context_4
[2026-04-13 12:09:58.410] [default] [info] Iteration failed on: Automri finished with too many resources on context_5
[2026-04-13 12:09:58.563] [default] [info] Iteration failed on: Automri finished with too many resources on context_6
[2026-04-13 12:09:58.709] [default] [info] Iteration failed on: Automri finished with too many resources on context_7
[2026-04-13 12:10:11.266] [default] [info] Iteration failed on: Too many inputs/outputs for hexapod_v3_1_simplified_context_3, try to reduce number of inputs or outputs
Number of DDRs: 0
Number of inputs: 17
Number of outputs: 29

[2026-04-13 12:10:13.181] [default] [info] Iteration failed on: Automri finished with too many resources on context_4
[2026-04-13 12:10:13.342] [default] [info] Iteration failed on: Automri finished with too many resources on context_5
[2026-04-13 12:10:13.502] [default] [info] Iteration failed on: Automri finished with too many resources on context_6
[2026-04-13 12:10:13.658] [default] [info] Iteration failed on: Automri finished with too many resources on context_7
[2026-04-13 12:10:25.972] [default] [info] Iteration failed on: Too many inputs/outputs for hexapod_v3_1_simplified_context_3, try to reduce number of inputs or outputs
Number of DDRs: 0
Number of inputs: 17
Number of outputs: 29

[2026-04-13 12:10:26.156] [default] [info] Iteration failed on: Automri finished with too many resources on context_4
[2026-04-13 12:10:26.329] [default] [info] Iteration failed on: Automri finished with too many resources on context_5
[2026-04-13 12:10:26.490] [default] [info] Iteration failed on: Automri finished with too many resources on context_6
[2026-04-13 12:10:28.613] [default] [info] Iteration failed on: Automri finished with too many resources on context_7
[2026-04-13 12:10:41.036] [default] [info] Iteration failed on: Too many inputs/outputs for hexapod_v3_1_simplified_context_3, try to reduce number of inputs or outputs
Number of DDRs: 0
Number of inputs: 17
Number of outputs: 29

[2026-04-13 12:10:41.212] [default] [info] Iteration failed on: Automri finished with too many resources on context_4
[2026-04-13 12:10:41.366] [default] [info] Iteration failed on: Automri finished with too many resources on context_5
[2026-04-13 12:10:41.518] [default] [info] Iteration failed on: Automri finished with too many resources on context_6
[2026-04-13 12:10:41.671] [default] [info] Iteration failed on: Automri finished with too many resources on context_7
[2026-04-13 12:10:53.681] [default] [info] Iteration failed on: Too many inputs/outputs for hexapod_v3_1_simplified_context_3, try to reduce number of inputs or outputs
Number of DDRs: 0
Number of inputs: 17
Number of outputs: 28

[2026-04-13 12:10:53.865] [default] [info] Iteration failed on: Automri finished with too many resources on context_4
[2026-04-13 12:10:54.033] [default] [info] Iteration failed on: Automri finished with too many resources on context_5
[2026-04-13 12:10:54.204] [default] [info] Iteration failed on: Automri finished with too many resources on context_6
[2026-04-13 12:10:54.383] [default] [info] Iteration failed on: Automri finished with too many resources on context_7
[2026-04-13 12:11:08.508] [default] [info] Iteration failed on: Too many inputs/outputs for hexapod_v3_1_simplified_context_3, try to reduce number of inputs or outputs
Number of DDRs: 0
Number of inputs: 17
Number of outputs: 27

[2026-04-13 12:11:08.700] [default] [info] Iteration failed on: Automri finished with too many resources on context_4
[2026-04-13 12:11:08.882] [default] [info] Iteration failed on: Automri finished with too many resources on context_5
[2026-04-13 12:11:09.051] [default] [info] Iteration failed on: Automri finished with too many resources on context_6
[2026-04-13 12:11:09.221] [default] [info] Iteration failed on: Automri finished with too many resources on context_7
[2026-04-13 12:11:20.926] [default] [info] Iteration failed on: Too many inputs/outputs for hexapod_v3_1_simplified_context_3, try to reduce number of inputs or outputs
Number of DDRs: 0
Number of inputs: 17
Number of outputs: 26

[2026-04-13 12:11:21.119] [default] [info] Iteration failed on: Automri finished with too many resources on context_4
[2026-04-13 12:11:21.281] [default] [info] Iteration failed on: Automri finished with too many resources on context_5
[2026-04-13 12:11:21.438] [default] [info] Iteration failed on: Automri finished with too many resources on context_6
[2026-04-13 12:11:21.597] [default] [info] Iteration failed on: Automri finished with too many resources on context_7
[2026-04-13 12:11:34.425] [default] [info] Iteration failed on: Too many inputs/outputs for hexapod_v3_1_simplified_context_3, try to reduce number of inputs or outputs
Number of DDRs: 0
Number of inputs: 17
Number of outputs: 26

[2026-04-13 12:11:34.608] [default] [info] Iteration failed on: Automri finished with too many resources on context_4
[2026-04-13 12:11:34.778] [default] [info] Iteration failed on: Automri finished with too many resources on context_5
[2026-04-13 12:11:34.939] [default] [info] Iteration failed on: Automri finished with too many resources on context_6
[2026-04-13 12:11:37.031] [default] [info] Iteration failed on: Automri finished with too many resources on context_7
[2026-04-13 12:11:49.448] [default] [info] Iteration failed on: Too many inputs/outputs for hexapod_v3_1_simplified_context_3, try to reduce number of inputs or outputs
Number of DDRs: 0
Number of inputs: 17
Number of outputs: 25

[2026-04-13 12:11:49.618] [default] [info] Iteration failed on: Automri finished with too many resources on context_4
[2026-04-13 12:11:49.767] [default] [info] Iteration failed on: Automri finished with too many resources on context_5
[2026-04-13 12:11:49.926] [default] [info] Iteration failed on: Automri finished with too many resources on context_6
[2026-04-13 12:11:50.076] [default] [info] Iteration failed on: Automri finished with too many resources on context_7
[2026-04-13 12:12:02.381] [default] [info] Iteration failed on: Too many inputs/outputs for hexapod_v3_1_simplified_context_3, try to reduce number of inputs or outputs
Number of DDRs: 0
Number of inputs: 17
Number of outputs: 25

[2026-04-13 12:12:02.562] [default] [info] Iteration failed on: Automri finished with too many resources on context_4
[2026-04-13 12:12:02.732] [default] [info] Iteration failed on: Automri finished with too many resources on context_5
[2026-04-13 12:12:02.890] [default] [info] Iteration failed on: Automri finished with too many resources on context_6
[2026-04-13 12:12:03.050] [default] [info] Iteration failed on: Automri finished with too many resources on context_7
[2026-04-13 12:12:17.561] [default] [info] Iteration failed on: Too many inputs/outputs for hexapod_v3_1_simplified_context_3, try to reduce number of inputs or outputs
Number of DDRs: 0
Number of inputs: 17
Number of outputs: 25

[2026-04-13 12:12:17.745] [default] [info] Iteration failed on: Automri finished with too many resources on context_4
[2026-04-13 12:12:17.915] [default] [info] Iteration failed on: Automri finished with too many resources on context_5
[2026-04-13 12:12:18.079] [default] [info] Iteration failed on: Automri finished with too many resources on context_6
[2026-04-13 12:12:18.243] [default] [info] Iteration failed on: Automri finished with too many resources on context_7
[2026-04-13 12:12:30.054] [default] [info] Iteration failed on: Too many inputs/outputs for hexapod_v3_1_simplified_context_3, try to reduce number of inputs or outputs
Number of DDRs: 0
Number of inputs: 17
Number of outputs: 25

[2026-04-13 12:12:30.229] [default] [info] Iteration failed on: Automri finished with too many resources on context_4
[2026-04-13 12:12:30.378] [default] [info] Iteration failed on: Automri finished with too many resources on context_5
[2026-04-13 12:12:30.526] [default] [info] Iteration failed on: Automri finished with too many resources on context_6
[2026-04-13 12:12:30.677] [default] [info] Iteration failed on: Automri finished with too many resources on context_7
[2026-04-13 12:12:42.618] [default] [info] Iteration failed on: Too many inputs/outputs for hexapod_v3_1_simplified_context_3, try to reduce number of inputs or outputs
Number of DDRs: 0
Number of inputs: 17
Number of outputs: 25

[2026-04-13 12:12:42.795] [default] [info] Iteration failed on: Automri finished with too many resources on context_4
[2026-04-13 12:12:42.952] [default] [info] Iteration failed on: Automri finished with too many resources on context_5
[2026-04-13 12:12:43.116] [default] [info] Iteration failed on: Automri finished with too many resources on context_6
[2026-04-13 12:12:43.277] [default] [info] Iteration failed on: Automri finished with too many resources on context_7
[2026-04-13 12:12:45.320] [default] [info] Iteration failed on: Automri finished with too many resources on context_8
[2026-04-13 12:12:57.681] [default] [info] Iteration failed on: Too many inputs/outputs for hexapod_v3_1_simplified_context_3, try to reduce number of inputs or outputs
Number of DDRs: 0
Number of inputs: 17
Number of outputs: 26

[2026-04-13 12:12:57.856] [default] [info] Iteration failed on: Automri finished with too many resources on context_4
[2026-04-13 12:12:58.012] [default] [info] Iteration failed on: Automri finished with too many resources on context_5
[2026-04-13 12:12:58.162] [default] [info] Iteration failed on: Automri finished with too many resources on context_6
[2026-04-13 12:12:58.312] [default] [info] Iteration failed on: Automri finished with too many resources on context_7
[2026-04-13 12:12:58.466] [default] [info] Iteration failed on: Automri finished with too many resources on context_8
[2026-04-13 12:13:10.603] [default] [info] Iteration failed on: Too many inputs/outputs for hexapod_v3_1_simplified_context_3, try to reduce number of inputs or outputs
Number of DDRs: 0
Number of inputs: 17
Number of outputs: 26

[2026-04-13 12:13:10.804] [default] [info] Iteration failed on: Automri finished with too many resources on context_4
[2026-04-13 12:13:10.975] [default] [info] Iteration failed on: Automri finished with too many resources on context_5
[2026-04-13 12:13:11.149] [default] [info] Iteration failed on: Automri finished with too many resources on context_6
[2026-04-13 12:13:11.313] [default] [info] Iteration failed on: Automri finished with too many resources on context_7
[2026-04-13 12:13:11.474] [default] [info] Iteration failed on: Automri finished with too many resources on context_8
[2026-04-13 12:13:26.688] [default] [info] Iteration failed on: Too many inputs/outputs for hexapod_v3_1_simplified_context_3, try to reduce number of inputs or outputs
Number of DDRs: 0
Number of inputs: 17
Number of outputs: 26

[2026-04-13 12:13:26.882] [default] [info] Iteration failed on: Automri finished with too many resources on context_4
[2026-04-13 12:13:27.057] [default] [info] Iteration failed on: Automri finished with too many resources on context_5
[2026-04-13 12:13:27.228] [default] [info] Iteration failed on: Automri finished with too many resources on context_6
[2026-04-13 12:13:27.400] [default] [info] Iteration failed on: Automri finished with too many resources on context_7
[2026-04-13 12:13:27.566] [default] [info] Iteration failed on: Automri finished with too many resources on context_8
[2026-04-13 12:13:39.589] [default] [info] Iteration failed on: Too many inputs/outputs for hexapod_v3_1_simplified_context_3, try to reduce number of inputs or outputs
Number of DDRs: 0
Number of inputs: 17
Number of outputs: 26

[2026-04-13 12:13:39.762] [default] [info] Iteration failed on: Automri finished with too many resources on context_4
[2026-04-13 12:13:39.926] [default] [info] Iteration failed on: Automri finished with too many resources on context_5
[2026-04-13 12:13:40.088] [default] [info] Iteration failed on: Automri finished with too many resources on context_6
[2026-04-13 12:13:40.247] [default] [info] Iteration failed on: Automri finished with too many resources on context_7
[2026-04-13 12:13:40.401] [default] [info] Iteration failed on: Automri finished with too many resources on context_8
[2026-04-13 12:13:55.452] [default] [info] Iteration failed on: Too many inputs/outputs for hexapod_v3_1_simplified_context_3, try to reduce number of inputs or outputs
Number of DDRs: 0
Number of inputs: 17
Number of outputs: 26

[2026-04-13 12:13:55.652] [default] [info] Iteration failed on: Automri finished with too many resources on context_4
[2026-04-13 12:13:55.825] [default] [info] Iteration failed on: Automri finished with too many resources on context_5
[2026-04-13 12:13:56.002] [default] [info] Iteration failed on: Automri finished with too many resources on context_6
[2026-04-13 12:13:56.175] [default] [info] Iteration failed on: Automri finished with too many resources on context_7
[2026-04-13 12:13:56.345] [default] [info] Iteration failed on: Automri finished with too many resources on context_8
[2026-04-13 12:14:09.582] [default] [info] Iteration failed on: Too many inputs/outputs for hexapod_v3_1_simplified_context_3, try to reduce number of inputs or outputs
Number of DDRs: 0
Number of inputs: 17
Number of outputs: 26

[2026-04-13 12:14:09.776] [default] [info] Iteration failed on: Automri finished with too many resources on context_4
[2026-04-13 12:14:09.936] [default] [info] Iteration failed on: Automri finished with too many resources on context_5
[2026-04-13 12:14:10.094] [default] [info] Iteration failed on: Automri finished with too many resources on context_6
[2026-04-13 12:14:10.258] [default] [info] Iteration failed on: Automri finished with too many resources on context_7
[2026-04-13 12:14:10.412] [default] [info] Iteration failed on: Automri finished with too many resources on context_8
[2026-04-13 12:14:23.341] [default] [info] Iteration failed on: Too many inputs/outputs for hexapod_v3_1_simplified_context_3, try to reduce number of inputs or outputs
Number of DDRs: 0
Number of inputs: 17
Number of outputs: 26

[2026-04-13 12:14:23.540] [default] [info] Iteration failed on: Automri finished with too many resources on context_4
[2026-04-13 12:14:23.744] [default] [info] Iteration failed on: Automri finished with too many resources on context_5
[2026-04-13 12:14:23.919] [default] [info] Iteration failed on: Automri finished with too many resources on context_6
[2026-04-13 12:14:24.098] [default] [info] Iteration failed on: Automri finished with too many resources on context_7
[2026-04-13 12:14:24.272] [default] [info] Iteration failed on: Automri finished with too many resources on context_8
[2026-04-13 12:14:39.737] [default] [info] Iteration failed on: Too many inputs/outputs for hexapod_v3_1_simplified_context_3, try to reduce number of inputs or outputs
Number of DDRs: 0
Number of inputs: 17
Number of outputs: 25

[2026-04-13 12:14:39.927] [default] [info] Iteration failed on: Automri finished with too many resources on context_4
[2026-04-13 12:14:40.093] [default] [info] Iteration failed on: Automri finished with too many resources on context_5
[2026-04-13 12:14:40.259] [default] [info] Iteration failed on: Automri finished with too many resources on context_6
[2026-04-13 12:14:40.433] [default] [info] Iteration failed on: Automri finished with too many resources on context_7
[2026-04-13 12:14:40.603] [default] [info] Iteration failed on: Automri finished with too many resources on context_8
[2026-04-13 12:14:53.078] [default] [info] Iteration failed on: Too many inputs/outputs for hexapod_v3_1_simplified_context_3, try to reduce number of inputs or outputs
Number of DDRs: 0
Number of inputs: 17
Number of outputs: 24

[2026-04-13 12:14:53.269] [default] [info] Iteration failed on: Automri finished with too many resources on context_4
[2026-04-13 12:14:53.446] [default] [info] Iteration failed on: Automri finished with too many resources on context_5
[2026-04-13 12:14:53.627] [default] [info] Iteration failed on: Automri finished with too many resources on context_6
[2026-04-13 12:14:53.800] [default] [info] Iteration failed on: Automri finished with too many resources on context_7
[2026-04-13 12:14:53.971] [default] [info] Iteration failed on: Automri finished with too many resources on context_8
[2026-04-13 12:15:09.327] [default] [info] Iteration failed on: Too many inputs/outputs for hexapod_v3_1_simplified_context_3, try to reduce number of inputs or outputs
Number of DDRs: 0
Number of inputs: 17
Number of outputs: 23

[2026-04-13 12:15:09.521] [default] [info] Iteration failed on: Automri finished with too many resources on context_4
[2026-04-13 12:15:09.682] [default] [info] Iteration failed on: Automri finished with too many resources on context_5
[2026-04-13 12:15:09.838] [default] [info] Iteration failed on: Automri finished with too many resources on context_6
[2026-04-13 12:15:09.994] [default] [info] Iteration failed on: Automri finished with too many resources on context_7
[2026-04-13 12:15:10.152] [default] [info] Iteration failed on: Automri finished with too many resources on context_8
[2026-04-13 12:15:22.319] [default] [info] Iteration failed on: Too many inputs/outputs for hexapod_v3_1_simplified_context_3, try to reduce number of inputs or outputs
Number of DDRs: 0
Number of inputs: 17
Number of outputs: 23

[2026-04-13 12:15:22.498] [default] [info] Iteration failed on: Automri finished with too many resources on context_4
[2026-04-13 12:15:22.650] [default] [info] Iteration failed on: Automri finished with too many resources on context_5
[2026-04-13 12:15:22.810] [default] [info] Iteration failed on: Automri finished with too many resources on context_6
[2026-04-13 12:15:22.963] [default] [info] Iteration failed on: Automri finished with too many resources on context_7
[2026-04-13 12:15:23.116] [default] [info] Iteration failed on: Automri finished with too many resources on context_8
[2026-04-13 12:15:37.718] [default] [info] Iteration failed on: Too many inputs/outputs for hexapod_v3_1_simplified_context_3, try to reduce number of inputs or outputs
Number of DDRs: 0
Number of inputs: 17
Number of outputs: 22

[2026-04-13 12:15:37.910] [default] [info] Iteration failed on: Automri finished with too many resources on context_4
[2026-04-13 12:15:38.088] [default] [info] Iteration failed on: Automri finished with too many resources on context_5
[2026-04-13 12:15:38.266] [default] [info] Iteration failed on: Automri finished with too many resources on context_6
[2026-04-13 12:15:38.439] [default] [info] Iteration failed on: Automri finished with too many resources on context_7
[2026-04-13 12:15:38.611] [default] [info] Iteration failed on: Automri finished with too many resources on context_8
[2026-04-13 12:15:50.672] [default] [info] Iteration failed on: Too many inputs/outputs for hexapod_v3_1_simplified_context_3, try to reduce number of inputs or outputs
Number of DDRs: 0
Number of inputs: 17
Number of outputs: 21

[2026-04-13 12:15:50.848] [default] [info] Iteration failed on: Automri finished with too many resources on context_4
[2026-04-13 12:15:51.002] [default] [info] Iteration failed on: Automri finished with too many resources on context_5
[2026-04-13 12:15:51.156] [default] [info] Iteration failed on: Automri finished with too many resources on context_6
[2026-04-13 12:15:51.315] [default] [info] Iteration failed on: Automri finished with too many resources on context_7
[2026-04-13 12:15:51.478] [default] [info] Iteration failed on: Automri finished with too many resources on context_8
[2026-04-13 12:16:03.262] [default] [info] Iteration failed on: Too many inputs/outputs for hexapod_v3_1_simplified_context_3, try to reduce number of inputs or outputs
Number of DDRs: 0
Number of inputs: 17
Number of outputs: 21

[2026-04-13 12:16:03.455] [default] [info] Iteration failed on: Automri finished with too many resources on context_4
[2026-04-13 12:16:03.627] [default] [info] Iteration failed on: Automri finished with too many resources on context_5
[2026-04-13 12:16:03.793] [default] [info] Iteration failed on: Automri finished with too many resources on context_6
[2026-04-13 12:16:03.955] [default] [info] Iteration failed on: Automri finished with too many resources on context_7
[2026-04-13 12:16:04.112] [default] [info] Iteration failed on: Automri finished with too many resources on context_8
[2026-04-13 12:16:18.310] [default] [info] Iteration failed on: Too many inputs/outputs for hexapod_v3_1_simplified_context_3, try to reduce number of inputs or outputs
Number of DDRs: 0
Number of inputs: 17
Number of outputs: 21

[2026-04-13 12:16:18.511] [default] [info] Iteration failed on: Automri finished with too many resources on context_4
[2026-04-13 12:16:18.673] [default] [info] Iteration failed on: Automri finished with too many resources on context_5
[2026-04-13 12:16:18.830] [default] [info] Iteration failed on: Automri finished with too many resources on context_6
[2026-04-13 12:16:18.990] [default] [info] Iteration failed on: Automri finished with too many resources on context_7
[2026-04-13 12:16:19.153] [default] [info] Iteration failed on: Automri finished with too many resources on context_8
[2026-04-13 12:16:30.920] [default] [info] Iteration failed on: Too many inputs/outputs for hexapod_v3_1_simplified_context_3, try to reduce number of inputs or outputs
Number of DDRs: 0
Number of inputs: 17
Number of outputs: 21

[2026-04-13 12:16:31.102] [default] [info] Iteration failed on: Automri finished with too many resources on context_4
[2026-04-13 12:16:31.266] [default] [info] Iteration failed on: Automri finished with too many resources on context_5
[2026-04-13 12:16:31.435] [default] [info] Iteration failed on: Automri finished with too many resources on context_6
[2026-04-13 12:16:31.596] [default] [info] Iteration failed on: Automri finished with too many resources on context_7
[2026-04-13 12:16:45.889] [default] [info] Iteration failed on: Too many inputs/outputs for hexapod_v3_1_simplified_context_3, try to reduce number of inputs or outputs
Number of DDRs: 0
Number of inputs: 17
Number of outputs: 22

[2026-04-13 12:16:46.093] [default] [info] Iteration failed on: Automri finished with too many resources on context_4
[2026-04-13 12:16:46.269] [default] [info] Iteration failed on: Automri finished with too many resources on context_5
[2026-04-13 12:16:46.446] [default] [info] Iteration failed on: Automri finished with too many resources on context_6
[2026-04-13 12:16:46.621] [default] [info] Iteration failed on: Automri finished with too many resources on context_7
[2026-04-13 12:16:58.522] [default] [info] Iteration failed on: Too many inputs/outputs for hexapod_v3_1_simplified_context_3, try to reduce number of inputs or outputs
Number of DDRs: 0
Number of inputs: 17
Number of outputs: 22

[2026-04-13 12:16:58.699] [default] [info] Iteration failed on: Automri finished with too many resources on context_4
[2026-04-13 12:16:58.867] [default] [info] Iteration failed on: Automri finished with too many resources on context_5
[2026-04-13 12:16:59.035] [default] [info] Iteration failed on: Automri finished with too many resources on context_6
[2026-04-13 12:16:59.209] [default] [info] Iteration failed on: Automri finished with too many resources on context_7
[2026-04-13 12:16:59.373] [default] [info] Iteration failed on: Automri finished with too many resources on context_8
[2026-04-13 12:17:11.534] [default] [info] Iteration failed on: Too many inputs/outputs for hexapod_v3_1_simplified_context_3, try to reduce number of inputs or outputs
Number of DDRs: 0
Number of inputs: 17
Number of outputs: 22

[2026-04-13 12:17:11.739] [default] [info] Iteration failed on: Automri finished with too many resources on context_4
[2026-04-13 12:17:11.917] [default] [info] Iteration failed on: Automri finished with too many resources on context_5
[2026-04-13 12:17:12.092] [default] [info] Iteration failed on: Automri finished with too many resources on context_6
[2026-04-13 12:17:12.264] [default] [info] Iteration failed on: Automri finished with too many resources on context_7
[2026-04-13 12:17:12.439] [default] [info] Iteration failed on: Automri finished with too many resources on context_8
[2026-04-13 12:17:27.050] [default] [info] Iteration failed on: Too many inputs/outputs for hexapod_v3_1_simplified_context_3, try to reduce number of inputs or outputs
Number of DDRs: 0
Number of inputs: 17
Number of outputs: 22

[2026-04-13 12:17:27.274] [default] [info] Iteration failed on: Automri finished with too many resources on context_4
[2026-04-13 12:17:27.444] [default] [info] Iteration failed on: Automri finished with too many resources on context_5
[2026-04-13 12:17:27.605] [default] [info] Iteration failed on: Automri finished with too many resources on context_6
[2026-04-13 12:17:27.767] [default] [info] Iteration failed on: Automri finished with too many resources on context_7
[2026-04-13 12:17:27.930] [default] [info] Iteration failed on: Automri finished with too many resources on context_8
[2026-04-13 12:17:40.089] [default] [info] Iteration failed on: Too many inputs/outputs for hexapod_v3_1_simplified_context_3, try to reduce number of inputs or outputs
Number of DDRs: 0
Number of inputs: 17
Number of outputs: 22

[2026-04-13 12:17:40.294] [default] [info] Iteration failed on: Automri finished with too many resources on context_4
[2026-04-13 12:17:40.469] [default] [info] Iteration failed on: Automri finished with too many resources on context_5
[2026-04-13 12:17:40.641] [default] [info] Iteration failed on: Automri finished with too many resources on context_6
[2026-04-13 12:17:40.814] [default] [info] Iteration failed on: Automri finished with too many resources on context_7
[2026-04-13 12:17:40.984] [default] [info] Iteration failed on: Automri finished with too many resources on context_8
[2026-04-13 12:17:56.026] [default] [info] Iteration failed on: Too many inputs/outputs for hexapod_v3_1_simplified_context_3, try to reduce number of inputs or outputs
Number of DDRs: 0
Number of inputs: 17
Number of outputs: 22

[2026-04-13 12:17:56.245] [default] [info] Iteration failed on: Automri finished with too many resources on context_4
[2026-04-13 12:17:56.433] [default] [info] Iteration failed on: Automri finished with too many resources on context_5
[2026-04-13 12:17:56.619] [default] [info] Iteration failed on: Automri finished with too many resources on context_6
[2026-04-13 12:17:56.804] [default] [info] Iteration failed on: Automri finished with too many resources on context_7
[2026-04-13 12:17:56.987] [default] [info] Iteration failed on: Automri finished with too many resources on context_8
[2026-04-13 12:21:07.270] [default] [info] Iteration failed on: Too many inputs/outputs for hexapod_v3_1_simplified_context_3, try to reduce number of inputs or outputs
Number of DDRs: 0
Number of inputs: 17
Number of outputs: 22

[2026-04-13 12:21:07.504] [default] [info] Iteration failed on: Automri finished with too many resources on context_4
[2026-04-13 12:21:07.694] [default] [info] Iteration failed on: Automri finished with too many resources on context_5
[2026-04-13 12:21:07.886] [default] [info] Iteration failed on: Automri finished with too many resources on context_6
[2026-04-13 12:21:08.076] [default] [info] Iteration failed on: Automri finished with too many resources on context_7
[2026-04-13 12:21:08.264] [default] [info] Iteration failed on: Automri finished with too many resources on context_8
[2026-04-13 12:21:22.427] [default] [info] Iteration failed on: Too many inputs/outputs for hexapod_v3_1_simplified_context_3, try to reduce number of inputs or outputs
Number of DDRs: 0
Number of inputs: 17
Number of outputs: 21

[2026-04-13 12:21:22.647] [default] [info] Iteration failed on: Automri finished with too many resources on context_4
[2026-04-13 12:21:22.836] [default] [info] Iteration failed on: Automri finished with too many resources on context_5
[2026-04-13 12:21:23.034] [default] [info] Iteration failed on: Automri finished with too many resources on context_6
[2026-04-13 12:21:23.224] [default] [info] Iteration failed on: Automri finished with too many resources on context_7
[2026-04-13 12:21:23.411] [default] [info] Iteration failed on: Automri finished with too many resources on context_8
[2026-04-13 12:21:35.783] [default] [info] Iteration failed on: Too many inputs/outputs for hexapod_v3_1_simplified_context_3, try to reduce number of inputs or outputs
Number of DDRs: 0
Number of inputs: 17
Number of outputs: 20

[2026-04-13 12:21:35.978] [default] [info] Iteration failed on: Automri finished with too many resources on context_4
[2026-04-13 12:21:36.154] [default] [info] Iteration failed on: Automri finished with too many resources on context_5
[2026-04-13 12:21:36.331] [default] [info] Iteration failed on: Automri finished with too many resources on context_6
[2026-04-13 12:21:36.511] [default] [info] Iteration failed on: Automri finished with too many resources on context_7
[2026-04-13 12:21:36.685] [default] [info] Iteration failed on: Automri finished with too many resources on context_8
[2026-04-13 12:21:36.875] [default] [info] Iteration failed on: Automri finished with too many resources on context_8
[2026-04-13 12:21:49.946] [default] [info] Iteration failed on: Too many inputs/outputs for hexapod_v3_1_simplified_context_3, try to reduce number of inputs or outputs
Number of DDRs: 0
Number of inputs: 17
Number of outputs: 19

[2026-04-13 12:21:50.170] [default] [info] Iteration failed on: Automri finished with too many resources on context_4
[2026-04-13 12:21:50.356] [default] [info] Iteration failed on: Automri finished with too many resources on context_4
[2026-04-13 12:21:50.546] [default] [info] Iteration failed on: Automri finished with too many resources on context_5
[2026-04-13 12:21:50.732] [default] [info] Iteration failed on: Automri finished with too many resources on context_5
[2026-04-13 12:21:52.697] [default] [info] Iteration failed on: Automri finished with too many resources on context_6
[2026-04-13 12:21:52.886] [default] [info] Iteration failed on: Automri finished with too many resources on context_6
[2026-04-13 12:21:53.076] [default] [info] Iteration failed on: Automri finished with too many resources on context_7
[2026-04-13 12:22:06.055] [default] [info] Iteration failed on: Too many inputs/outputs for hexapod_v3_1_simplified_context_3, try to reduce number of inputs or outputs
Number of DDRs: 0
Number of inputs: 17
Number of outputs: 19

[2026-04-13 12:22:06.275] [default] [info] Iteration failed on: Automri finished with too many resources on context_4
[2026-04-13 12:22:06.464] [default] [info] Iteration failed on: Automri finished with too many resources on context_5
[2026-04-13 12:22:06.655] [default] [info] Iteration failed on: Automri finished with too many resources on context_6
[2026-04-13 12:22:06.858] [default] [info] Iteration failed on: Automri finished with too many resources on context_7
[2026-04-13 12:22:19.687] [default] [info] Iteration failed on: Too many inputs/outputs for hexapod_v3_1_simplified_context_3, try to reduce number of inputs or outputs
Number of DDRs: 0
Number of inputs: 17
Number of outputs: 18

[2026-04-13 12:22:19.895] [default] [info] Iteration failed on: Automri finished with too many resources on context_4
[2026-04-13 12:22:20.084] [default] [info] Iteration failed on: Automri finished with too many resources on context_5
[2026-04-13 12:22:20.282] [default] [info] Iteration failed on: Automri finished with too many resources on context_6
[2026-04-13 12:22:20.475] [default] [info] Iteration failed on: Automri finished with too many resources on context_7
[2026-04-13 12:22:20.664] [default] [info] Iteration failed on: Automri finished with too many resources on context_8
[2026-04-13 12:22:20.854] [default] [info] Iteration failed on: Automri finished with too many resources on context_8
[2026-04-13 12:22:35.851] [default] [info] Iteration failed on: Too many inputs/outputs for hexapod_v3_1_simplified_context_3, try to reduce number of inputs or outputs
Number of DDRs: 0
Number of inputs: 16
Number of outputs: 18

[2026-04-13 12:22:36.096] [default] [info] Iteration failed on: Automri finished with too many resources on context_4
[2026-04-13 12:22:36.308] [default] [info] Iteration failed on: Automri finished with too many resources on context_5
[2026-04-13 12:22:36.521] [default] [info] Iteration failed on: Automri finished with too many resources on context_6
[2026-04-13 12:22:49.801] [default] [info] Iteration failed on: Too many inputs/outputs for hexapod_v3_1_simplified_context_3, try to reduce number of inputs or outputs
Number of DDRs: 0
Number of inputs: 16
Number of outputs: 18

[2026-04-13 12:22:50.042] [default] [info] Iteration failed on: Automri finished with too many resources on context_4
[2026-04-13 12:22:50.264] [default] [info] Iteration failed on: Automri finished with too many resources on context_5
[2026-04-13 12:22:50.481] [default] [info] Iteration failed on: Automri finished with too many resources on context_6
[2026-04-13 12:22:50.691] [default] [info] Iteration failed on: Automri finished with too many resources on context_7
[2026-04-13 12:22:50.899] [default] [info] Iteration failed on: Automri finished with too many resources on context_8
[2026-04-13 12:23:06.031] [default] [info] Iteration failed on: Too many inputs/outputs for hexapod_v3_1_simplified_context_3, try to reduce number of inputs or outputs
Number of DDRs: 0
Number of inputs: 16
Number of outputs: 18

[2026-04-13 12:23:06.247] [default] [info] Iteration failed on: Automri finished with too many resources on context_4
[2026-04-13 12:23:06.458] [default] [info] Iteration failed on: Automri finished with too many resources on context_5
[2026-04-13 12:23:06.661] [default] [info] Iteration failed on: Automri finished with too many resources on context_6
[2026-04-13 12:23:06.858] [default] [info] Iteration failed on: Automri finished with too many resources on context_7
[2026-04-13 12:23:07.061] [default] [info] Iteration failed on: Automri finished with too many resources on context_8
[2026-04-13 12:23:20.578] [default] [info] Iteration failed on: Too many inputs/outputs for hexapod_v3_1_simplified_context_3, try to reduce number of inputs or outputs
Number of DDRs: 0
Number of inputs: 16
Number of outputs: 18

[2026-04-13 12:23:20.794] [default] [info] Iteration failed on: Automri finished with too many resources on context_4
[2026-04-13 12:23:21.008] [default] [info] Iteration failed on: Automri finished with too many resources on context_5
[2026-04-13 12:23:21.208] [default] [info] Iteration failed on: Automri finished with too many resources on context_6
[2026-04-13 12:23:21.406] [default] [info] Iteration failed on: Automri finished with too many resources on context_7
[2026-04-13 12:23:21.606] [default] [info] Iteration failed on: Automri finished with too many resources on context_8
[2026-04-13 12:23:36.642] [default] [info] Iteration failed on: Too many inputs/outputs for hexapod_v3_1_simplified_context_3, try to reduce number of inputs or outputs
Number of DDRs: 0
Number of inputs: 15
Number of outputs: 18

[2026-04-13 12:23:36.859] [default] [info] Iteration failed on: Automri finished with too many resources on context_4
[2026-04-13 12:23:37.059] [default] [info] Iteration failed on: Automri finished with too many resources on context_5
[2026-04-13 12:23:37.265] [default] [info] Iteration failed on: Automri finished with too many resources on context_6
[2026-04-13 12:23:37.469] [default] [info] Iteration failed on: Automri finished with too many resources on context_7
[2026-04-13 12:23:37.665] [default] [info] Iteration failed on: Automri finished with too many resources on context_8
[2026-04-13 12:23:37.823] [default] [info] Iteration failed on: Automri finished with too many resources on context_8
[2026-04-13 12:23:51.216] [default] [info] Iteration failed on: Too many inputs/outputs for hexapod_v3_1_simplified_context_3, try to reduce number of inputs or outputs
Number of DDRs: 0
Number of inputs: 15
Number of outputs: 18

[2026-04-13 12:23:51.393] [default] [info] Iteration failed on: Automri finished with too many resources on context_4
[2026-04-13 12:23:51.557] [default] [info] Iteration failed on: Automri finished with too many resources on context_5
[2026-04-13 12:23:51.731] [default] [info] Iteration failed on: Automri finished with too many resources on context_6
[2026-04-13 12:24:05.095] [default] [info] Iteration failed on: Too many inputs/outputs for hexapod_v3_1_simplified_context_3, try to reduce number of inputs or outputs
Number of DDRs: 0
Number of inputs: 15
Number of outputs: 18

[2026-04-13 12:24:05.285] [default] [info] Iteration failed on: Automri finished with too many resources on context_4
[2026-04-13 12:24:05.456] [default] [info] Iteration failed on: Automri finished with too many resources on context_5
[2026-04-13 12:24:05.617] [default] [info] Iteration failed on: Automri finished with too many resources on context_6
[2026-04-13 12:24:05.779] [default] [info] Iteration failed on: Automri finished with too many resources on context_7
[2026-04-13 12:24:05.938] [default] [info] Iteration failed on: Automri finished with too many resources on context_8
[2026-04-13 12:24:20.931] [default] [info] Iteration failed on: Too many inputs/outputs for hexapod_v3_1_simplified_context_3, try to reduce number of inputs or outputs
Number of DDRs: 0
Number of inputs: 15
Number of outputs: 18

[2026-04-13 12:24:21.109] [default] [info] Iteration failed on: Automri finished with too many resources on context_4
[2026-04-13 12:24:21.270] [default] [info] Iteration failed on: Automri finished with too many resources on context_5
[2026-04-13 12:24:21.432] [default] [info] Iteration failed on: Automri finished with too many resources on context_6
[2026-04-13 12:24:34.616] [default] [info] Iteration failed on: Too many inputs/outputs for hexapod_v3_1_simplified_context_3, try to reduce number of inputs or outputs
Number of DDRs: 0
Number of inputs: 15
Number of outputs: 18

[2026-04-13 12:24:34.791] [default] [info] Iteration failed on: Automri finished with too many resources on context_4
[2026-04-13 12:24:34.950] [default] [info] Iteration failed on: Automri finished with too many resources on context_5
[2026-04-13 12:24:35.110] [default] [info] Iteration failed on: Automri finished with too many resources on context_6
[2026-04-13 12:24:35.276] [default] [info] Iteration failed on: Automri finished with too many resources on context_7
[2026-04-13 12:24:35.443] [default] [info] Iteration failed on: Automri finished with too many resources on context_8
[2026-04-13 12:24:50.383] [default] [info] Iteration failed on: Too many inputs/outputs for hexapod_v3_1_simplified_context_3, try to reduce number of inputs or outputs
Number of DDRs: 0
Number of inputs: 15
Number of outputs: 18

[2026-04-13 12:24:50.560] [default] [info] Iteration failed on: Automri finished with too many resources on context_4
[2026-04-13 12:24:50.728] [default] [info] Iteration failed on: Automri finished with too many resources on context_5
[2026-04-13 12:25:04.266] [default] [info] Iteration failed on: Too many inputs/outputs for hexapod_v3_1_simplified_context_3, try to reduce number of inputs or outputs
Number of DDRs: 0
Number of inputs: 15
Number of outputs: 18

[2026-04-13 12:25:04.460] [default] [info] Iteration failed on: Automri finished with too many resources on context_4
[2026-04-13 12:25:04.622] [default] [info] Iteration failed on: Automri finished with too many resources on context_5
[2026-04-13 12:25:04.787] [default] [info] Iteration failed on: Automri finished with too many resources on context_6
[2026-04-13 12:25:04.945] [default] [info] Iteration failed on: Automri finished with too many resources on context_7
[2026-04-13 12:25:05.106] [default] [info] Iteration failed on: Automri finished with too many resources on context_8
[2026-04-13 12:25:20.267] [default] [info] Iteration failed on: Too many inputs/outputs for hexapod_v3_1_simplified_context_3, try to reduce number of inputs or outputs
Number of DDRs: 0
Number of inputs: 15
Number of outputs: 17

[2026-04-13 12:25:20.451] [default] [info] Iteration failed on: Automri finished with too many resources on context_4
[2026-04-13 12:25:20.613] [default] [info] Iteration failed on: Automri finished with too many resources on context_5
[2026-04-13 12:25:20.784] [default] [info] Iteration failed on: Automri finished with too many resources on context_6
[2026-04-13 12:25:20.943] [default] [info] Iteration failed on: Automri finished with too many resources on context_7
[2026-04-13 12:25:21.102] [default] [info] Iteration failed on: Automri finished with too many resources on context_8
[2026-04-13 12:25:34.480] [default] [info] Iteration failed on: Too many inputs/outputs for hexapod_v3_1_simplified_context_3, try to reduce number of inputs or outputs
Number of DDRs: 0
Number of inputs: 15
Number of outputs: 16

[2026-04-13 12:25:34.671] [default] [info] Iteration failed on: Automri finished with too many resources on context_4
[2026-04-13 12:25:34.833] [default] [info] Iteration failed on: Automri finished with too many resources on context_5
[2026-04-13 12:25:34.993] [default] [info] Iteration failed on: Automri finished with too many resources on context_6
[2026-04-13 12:25:35.154] [default] [info] Iteration failed on: Automri finished with too many resources on context_7
[2026-04-13 12:25:35.318] [default] [info] Iteration failed on: Automri finished with too many resources on context_8
[2026-04-13 12:25:48.667] [default] [info] Iteration failed on: Too many inputs/outputs for hexapod_v3_1_simplified_context_3, try to reduce number of inputs or outputs
Number of DDRs: 0
Number of inputs: 15
Number of outputs: 15

[2026-04-13 12:25:48.853] [default] [info] Iteration failed on: Automri finished with too many resources on context_4
[2026-04-13 12:25:50.784] [default] [info] Iteration failed on: Automri finished with too many resources on context_4
[2026-04-13 12:25:50.962] [default] [info] Iteration failed on: Automri finished with too many resources on context_5
[2026-04-13 12:25:51.130] [default] [info] Iteration failed on: Automri finished with too many resources on context_5
[2026-04-13 12:25:51.302] [default] [info] Iteration failed on: Automri finished with too many resources on context_6
[2026-04-13 12:25:51.466] [default] [info] Iteration failed on: Automri finished with too many resources on context_6
[2026-04-13 12:25:51.634] [default] [info] Iteration failed on: Automri finished with too many resources on context_7
[2026-04-13 12:25:51.805] [default] [info] Iteration failed on: Automri finished with too many resources on context_7
[2026-04-13 12:25:51.985] [default] [info] Iteration failed on: Automri finished with too many resources on context_8
[2026-04-13 12:25:52.158] [default] [info] Iteration failed on: Automri finished with too many resources on context_8
[2026-04-13 12:26:05.154] [default] [info] Iteration failed on: Too many inputs/outputs for hexapod_v3_1_simplified_context_3, try to reduce number of inputs or outputs
Number of DDRs: 0
Number of inputs: 13
Number of outputs: 15

[2026-04-13 12:26:05.344] [default] [info] Iteration failed on: Automri finished with too many resources on context_4
[2026-04-13 12:26:05.529] [default] [info] Iteration failed on: Automri finished with too many resources on context_5
[2026-04-13 12:26:05.708] [default] [info] Iteration failed on: Automri finished with too many resources on context_6
[2026-04-13 12:26:05.880] [default] [info] Iteration failed on: Automri finished with too many resources on context_7
[2026-04-13 12:26:06.052] [default] [info] Iteration failed on: Automri finished with too many resources on context_8
[2026-04-13 12:26:18.784] [default] [info] Iteration failed on: Too many inputs/outputs for hexapod_v3_1_simplified_context_3, try to reduce number of inputs or outputs
Number of DDRs: 0
Number of inputs: 13
Number of outputs: 14

[2026-04-13 12:26:18.968] [default] [info] Iteration failed on: Automri finished with too many resources on context_4
[2026-04-13 12:26:19.146] [default] [info] Iteration failed on: Automri finished with too many resources on context_5
[2026-04-13 12:26:19.317] [default] [info] Iteration failed on: Automri finished with too many resources on context_6
[2026-04-13 12:26:19.482] [default] [info] Iteration failed on: Automri finished with too many resources on context_7
[2026-04-13 12:26:19.648] [default] [info] Iteration failed on: Automri finished with too many resources on context_8
[2026-04-13 12:26:33.692] [default] [info] Iteration failed on: Too many inputs/outputs for hexapod_v3_1_simplified_context_3, try to reduce number of inputs or outputs
Number of DDRs: 0
Number of inputs: 13
Number of outputs: 14

[2026-04-13 12:26:33.919] [default] [info] Iteration failed on: Automri finished with too many resources on context_4
[2026-04-13 12:26:34.113] [default] [info] Iteration failed on: Automri finished with too many resources on context_5
[2026-04-13 12:26:34.286] [default] [info] Iteration failed on: Automri finished with too many resources on context_6
[2026-04-13 12:26:34.465] [default] [info] Iteration failed on: Automri finished with too many resources on context_7
[2026-04-13 12:26:34.640] [default] [info] Iteration failed on: Automri finished with too many resources on context_8
[2026-04-13 12:26:47.331] [default] [info] Iteration failed on: Too many inputs/outputs for hexapod_v3_1_simplified_context_3, try to reduce number of inputs or outputs
Number of DDRs: 0
Number of inputs: 13
Number of outputs: 14

[2026-04-13 12:26:47.518] [default] [info] Iteration failed on: Automri finished with too many resources on context_4
[2026-04-13 12:26:47.689] [default] [info] Iteration failed on: Automri finished with too many resources on context_5
[2026-04-13 12:26:47.862] [default] [info] Iteration failed on: Automri finished with too many resources on context_6
[2026-04-13 12:26:48.034] [default] [info] Iteration failed on: Automri finished with too many resources on context_7
[2026-04-13 12:26:48.199] [default] [info] Iteration failed on: Automri finished with too many resources on context_8
[2026-04-13 12:27:03.200] [default] [info] Iteration failed on: Too many inputs/outputs for hexapod_v3_1_simplified_context_3, try to reduce number of inputs or outputs
Number of DDRs: 0
Number of inputs: 12
Number of outputs: 14

[2026-04-13 12:27:03.389] [default] [info] Iteration failed on: Automri finished with too many resources on context_4
[2026-04-13 12:27:03.561] [default] [info] Iteration failed on: Automri finished with too many resources on context_5
[2026-04-13 12:27:03.735] [default] [info] Iteration failed on: Automri finished with too many resources on context_6
[2026-04-13 12:27:03.904] [default] [info] Iteration failed on: Automri finished with too many resources on context_7
[2026-04-13 12:27:04.078] [default] [info] Iteration failed on: Automri finished with too many resources on context_8
[2026-04-13 12:27:17.528] [default] [info] Iteration failed on: Too many inputs/outputs for hexapod_v3_1_simplified_context_3, try to reduce number of inputs or outputs
Number of DDRs: 0
Number of inputs: 12
Number of outputs: 14

[2026-04-13 12:27:17.736] [default] [info] Iteration failed on: Automri finished with too many resources on context_4
[2026-04-13 12:27:17.918] [default] [info] Iteration failed on: Automri finished with too many resources on context_5
[2026-04-13 12:27:18.096] [default] [info] Iteration failed on: Automri finished with too many resources on context_6
[2026-04-13 12:27:18.283] [default] [info] Iteration failed on: Automri finished with too many resources on context_7
[2026-04-13 12:27:18.455] [default] [info] Iteration failed on: Automri finished with too many resources on context_8
[2026-04-13 12:27:33.578] [default] [info] Iteration failed on: Too many inputs/outputs for hexapod_v3_1_simplified_context_3, try to reduce number of inputs or outputs
Number of DDRs: 0
Number of inputs: 12
Number of outputs: 14

[2026-04-13 12:27:33.772] [default] [info] Iteration failed on: Automri finished with too many resources on context_4
[2026-04-13 12:27:33.955] [default] [info] Iteration failed on: Automri finished with too many resources on context_5
[2026-04-13 12:27:34.138] [default] [info] Iteration failed on: Automri finished with too many resources on context_6
[2026-04-13 12:27:34.321] [default] [info] Iteration failed on: Automri finished with too many resources on context_7
[2026-04-13 12:27:34.497] [default] [info] Iteration failed on: Automri finished with too many resources on context_8
[2026-04-13 12:27:47.608] [default] [info] Iteration failed on: Too many inputs/outputs for hexapod_v3_1_simplified_context_3, try to reduce number of inputs or outputs
Number of DDRs: 0
Number of inputs: 11
Number of outputs: 13

[2026-04-13 12:27:47.799] [default] [info] Iteration failed on: Automri finished with too many resources on context_4
[2026-04-13 12:27:47.975] [default] [info] Iteration failed on: Automri finished with too many resources on context_5
[2026-04-13 12:27:48.146] [default] [info] Iteration failed on: Automri finished with too many resources on context_6
[2026-04-13 12:27:48.330] [default] [info] Iteration failed on: Automri finished with too many resources on context_7
[2026-04-13 12:27:48.508] [default] [info] Iteration failed on: Automri finished with too many resources on context_8
[2026-04-13 12:28:01.574] [default] [info] Iteration failed on: Too many inputs/outputs for hexapod_v3_1_simplified_context_3, try to reduce number of inputs or outputs
Number of DDRs: 0
Number of inputs: 10
Number of outputs: 12

[2026-04-13 12:28:01.771] [default] [info] Iteration failed on: Automri finished with too many resources on context_4
[2026-04-13 12:28:01.954] [default] [info] Iteration failed on: Automri finished with too many resources on context_5
[2026-04-13 12:28:02.139] [default] [info] Iteration failed on: Automri finished with too many resources on context_6
[2026-04-13 12:28:02.311] [default] [info] Iteration failed on: Automri finished with too many resources on context_7
[2026-04-13 12:28:02.477] [default] [info] Iteration failed on: Automri finished with too many resources on context_8
[2026-04-13 12:28:17.272] [default] [info] Iteration failed on: Too many inputs/outputs for hexapod_v3_1_simplified_context_3, try to reduce number of inputs or outputs
Number of DDRs: 0
Number of inputs: 9
Number of outputs: 11

[2026-04-13 12:28:17.465] [default] [info] Iteration failed on: Automri finished with too many resources on context_4
[2026-04-13 12:28:17.637] [default] [info] Iteration failed on: Automri finished with too many resources on context_5
[2026-04-13 12:28:17.810] [default] [info] Iteration failed on: Automri finished with too many resources on context_6
[2026-04-13 12:28:17.988] [default] [info] Iteration failed on: Automri finished with too many resources on context_7
[2026-04-13 12:28:18.154] [default] [info] Iteration failed on: Automri finished with too many resources on context_8
[2026-04-13 12:28:30.912] [default] [info] Iteration failed on: Too many inputs/outputs for hexapod_v3_1_simplified_context_3, try to reduce number of inputs or outputs
Number of DDRs: 0
Number of inputs: 9
Number of outputs: 10

[2026-04-13 12:28:31.094] [default] [info] Iteration failed on: Automri finished with too many resources on context_4
[2026-04-13 12:28:31.264] [default] [info] Iteration failed on: Automri finished with too many resources on context_5
[2026-04-13 12:28:31.443] [default] [info] Iteration failed on: Automri finished with too many resources on context_6
[2026-04-13 12:28:31.608] [default] [info] Iteration failed on: Automri finished with too many resources on context_7
[2026-04-13 12:28:31.766] [default] [info] Iteration failed on: Automri finished with too many resources on context_8
[2026-04-13 12:28:46.720] [default] [info] Iteration failed on: Too many inputs/outputs for hexapod_v3_1_simplified_context_3, try to reduce number of inputs or outputs
Number of DDRs: 0
Number of inputs: 9
Number of outputs: 9

[2026-04-13 12:28:46.915] [default] [info] Iteration failed on: Automri finished with too many resources on context_4
[2026-04-13 12:28:47.094] [default] [info] Iteration failed on: Automri finished with too many resources on context_5
[2026-04-13 12:28:47.270] [default] [info] Iteration failed on: Automri finished with too many resources on context_6
[2026-04-13 12:28:47.451] [default] [info] Iteration failed on: Automri finished with too many resources on context_7
[2026-04-13 12:28:47.614] [default] [info] Iteration failed on: Automri finished with too many resources on context_7
[2026-04-13 12:28:47.781] [default] [info] Iteration failed on: Automri finished with too many resources on context_8
[2026-04-13 12:28:47.950] [default] [info] Iteration failed on: Automri finished with too many resources on context_8
[2026-04-13 12:29:00.108] [default] [info] Iteration failed on: Too many inputs/outputs for hexapod_v3_1_simplified_context_3, try to reduce number of inputs or outputs
Number of DDRs: 0
Number of inputs: 9
Number of outputs: 8

[2026-04-13 12:29:00.301] [default] [info] Iteration failed on: Automri finished with too many resources on context_4
[2026-04-13 12:29:00.483] [default] [info] Iteration failed on: Automri finished with too many resources on context_5
[2026-04-13 12:29:12.833] [default] [info] Iteration failed on: Too many inputs/outputs for hexapod_v3_1_simplified_context_4, try to reduce number of inputs or outputs
Number of DDRs: 0
Number of inputs: 19
Number of outputs: 28

[2026-04-13 12:29:13.040] [default] [info] Iteration failed on: Automri finished with too many resources on context_5
[2026-04-13 12:29:13.208] [default] [info] Iteration failed on: Automri finished with too many resources on context_6
[2026-04-13 12:29:13.374] [default] [info] Iteration failed on: Automri finished with too many resources on context_7
[2026-04-13 12:29:15.353] [default] [info] Iteration failed on: Automri finished with too many resources on context_8
[2026-04-13 12:29:27.344] [default] [info] Iteration failed on: Too many inputs/outputs for hexapod_v3_1_simplified_context_4, try to reduce number of inputs or outputs
Number of DDRs: 0
Number of inputs: 19
Number of outputs: 28

[2026-04-13 12:29:27.543] [default] [info] Iteration failed on: Automri finished with too many resources on context_5
[2026-04-13 12:29:27.718] [default] [info] Iteration failed on: Automri finished with too many resources on context_6
[2026-04-13 12:29:27.896] [default] [info] Iteration failed on: Automri finished with too many resources on context_7
[2026-04-13 12:29:28.061] [default] [info] Iteration failed on: Automri finished with too many resources on context_8
[2026-04-13 12:29:39.944] [default] [info] Iteration failed on: Too many inputs/outputs for hexapod_v3_1_simplified_context_4, try to reduce number of inputs or outputs
Number of DDRs: 0
Number of inputs: 19
Number of outputs: 28

[2026-04-13 12:29:40.140] [default] [info] Iteration failed on: Automri finished with too many resources on context_5
[2026-04-13 12:29:40.316] [default] [info] Iteration failed on: Automri finished with too many resources on context_6
[2026-04-13 12:29:40.499] [default] [info] Iteration failed on: Automri finished with too many resources on context_7
[2026-04-13 12:29:40.669] [default] [info] Iteration failed on: Automri finished with too many resources on context_8
[2026-04-13 12:29:55.635] [default] [info] Iteration failed on: Too many inputs/outputs for hexapod_v3_1_simplified_context_4, try to reduce number of inputs or outputs
Number of DDRs: 0
Number of inputs: 19
Number of outputs: 28

[2026-04-13 12:29:55.845] [default] [info] Iteration failed on: Automri finished with too many resources on context_5
[2026-04-13 12:29:56.028] [default] [info] Iteration failed on: Automri finished with too many resources on context_6
[2026-04-13 12:29:56.213] [default] [info] Iteration failed on: Automri finished with too many resources on context_7
[2026-04-13 12:29:56.382] [default] [info] Iteration failed on: Automri finished with too many resources on context_8
[2026-04-13 12:30:09.906] [default] [info] Iteration failed on: Too many inputs/outputs for hexapod_v3_1_simplified_context_4, try to reduce number of inputs or outputs
Number of DDRs: 0
Number of inputs: 19
Number of outputs: 29

[2026-04-13 12:30:10.120] [default] [info] Iteration failed on: Automri finished with too many resources on context_5
[2026-04-13 12:30:10.307] [default] [info] Iteration failed on: Automri finished with too many resources on context_6
[2026-04-13 12:30:10.486] [default] [info] Iteration failed on: Automri finished with too many resources on context_7
[2026-04-13 12:30:10.655] [default] [info] Iteration failed on: Automri finished with too many resources on context_8
[2026-04-13 12:30:26.379] [default] [info] Iteration failed on: Too many inputs/outputs for hexapod_v3_1_simplified_context_4, try to reduce number of inputs or outputs
Number of DDRs: 0
Number of inputs: 19
Number of outputs: 29

[2026-04-13 12:30:26.586] [default] [info] Iteration failed on: Automri finished with too many resources on context_5
[2026-04-13 12:30:26.778] [default] [info] Iteration failed on: Automri finished with too many resources on context_6
[2026-04-13 12:30:26.960] [default] [info] Iteration failed on: Automri finished with too many resources on context_7
[2026-04-13 12:30:27.130] [default] [info] Iteration failed on: Automri finished with too many resources on context_8
[2026-04-13 12:30:40.659] [default] [info] Iteration failed on: Too many inputs/outputs for hexapod_v3_1_simplified_context_4, try to reduce number of inputs or outputs
Number of DDRs: 0
Number of inputs: 19
Number of outputs: 29

[2026-04-13 12:30:40.854] [default] [info] Iteration failed on: Automri finished with too many resources on context_5
[2026-04-13 12:30:41.027] [default] [info] Iteration failed on: Automri finished with too many resources on context_6
[2026-04-13 12:30:41.202] [default] [info] Iteration failed on: Automri finished with too many resources on context_7
[2026-04-13 12:30:41.375] [default] [info] Iteration failed on: Automri finished with too many resources on context_8
[2026-04-13 12:30:54.282] [default] [info] Iteration failed on: Too many inputs/outputs for hexapod_v3_1_simplified_context_4, try to reduce number of inputs or outputs
Number of DDRs: 0
Number of inputs: 19
Number of outputs: 29

[2026-04-13 12:30:54.480] [default] [info] Iteration failed on: Automri finished with too many resources on context_5
[2026-04-13 12:30:54.659] [default] [info] Iteration failed on: Automri finished with too many resources on context_6
[2026-04-13 12:30:54.830] [default] [info] Iteration failed on: Automri finished with too many resources on context_7
[2026-04-13 12:30:55.001] [default] [info] Iteration failed on: Automri finished with too many resources on context_8
[2026-04-13 12:31:09.680] [default] [info] Iteration failed on: Too many inputs/outputs for hexapod_v3_1_simplified_context_4, try to reduce number of inputs or outputs
Number of DDRs: 0
Number of inputs: 19
Number of outputs: 29

[2026-04-13 12:31:09.882] [default] [info] Iteration failed on: Automri finished with too many resources on context_5
[2026-04-13 12:31:10.056] [default] [info] Iteration failed on: Automri finished with too many resources on context_6
[2026-04-13 12:31:10.226] [default] [info] Iteration failed on: Automri finished with too many resources on context_7
[2026-04-13 12:31:10.394] [default] [info] Iteration failed on: Automri finished with too many resources on context_8
[2026-04-13 12:31:23.267] [default] [info] Iteration failed on: Too many inputs/outputs for hexapod_v3_1_simplified_context_4, try to reduce number of inputs or outputs
Number of DDRs: 0
Number of inputs: 19
Number of outputs: 29

[2026-04-13 12:31:23.459] [default] [info] Iteration failed on: Automri finished with too many resources on context_5
[2026-04-13 12:31:23.632] [default] [info] Iteration failed on: Automri finished with too many resources on context_6
[2026-04-13 12:31:23.802] [default] [info] Iteration failed on: Automri finished with too many resources on context_7
[2026-04-13 12:31:23.976] [default] [info] Iteration failed on: Automri finished with too many resources on context_8
[2026-04-13 12:31:38.720] [default] [info] Iteration failed on: Too many inputs/outputs for hexapod_v3_1_simplified_context_4, try to reduce number of inputs or outputs
Number of DDRs: 0
Number of inputs: 19
Number of outputs: 29

[2026-04-13 12:31:38.914] [default] [info] Iteration failed on: Automri finished with too many resources on context_5
[2026-04-13 12:31:39.087] [default] [info] Iteration failed on: Automri finished with too many resources on context_6
[2026-04-13 12:31:39.265] [default] [info] Iteration failed on: Automri finished with too many resources on context_7
[2026-04-13 12:31:39.440] [default] [info] Iteration failed on: Automri finished with too many resources on context_8
[2026-04-13 12:31:52.061] [default] [info] Iteration failed on: Too many inputs/outputs for hexapod_v3_1_simplified_context_4, try to reduce number of inputs or outputs
Number of DDRs: 0
Number of inputs: 19
Number of outputs: 28

[2026-04-13 12:31:52.258] [default] [info] Iteration failed on: Automri finished with too many resources on context_5
[2026-04-13 12:31:52.432] [default] [info] Iteration failed on: Automri finished with too many resources on context_6
[2026-04-13 12:31:52.604] [default] [info] Iteration failed on: Automri finished with too many resources on context_7
[2026-04-13 12:31:52.780] [default] [info] Iteration failed on: Automri finished with too many resources on context_8
[2026-04-13 12:32:06.731] [default] [info] Iteration failed on: Too many inputs/outputs for hexapod_v3_1_simplified_context_4, try to reduce number of inputs or outputs
Number of DDRs: 0
Number of inputs: 19
Number of outputs: 27

[2026-04-13 12:32:06.930] [default] [info] Iteration failed on: Automri finished with too many resources on context_5
[2026-04-13 12:32:07.109] [default] [info] Iteration failed on: Automri finished with too many resources on context_6
[2026-04-13 12:32:07.303] [default] [info] Iteration failed on: Automri finished with too many resources on context_7
[2026-04-13 12:32:07.480] [default] [info] Iteration failed on: Automri finished with too many resources on context_8
[2026-04-13 12:32:19.712] [default] [info] Iteration failed on: Too many inputs/outputs for hexapod_v3_1_simplified_context_4, try to reduce number of inputs or outputs
Number of DDRs: 0
Number of inputs: 19
Number of outputs: 26

[2026-04-13 12:32:19.896] [default] [info] Iteration failed on: Automri finished with too many resources on context_5
[2026-04-13 12:32:20.056] [default] [info] Iteration failed on: Automri finished with too many resources on context_6
[2026-04-13 12:32:20.214] [default] [info] Iteration failed on: Automri finished with too many resources on context_7
[2026-04-13 12:32:20.382] [default] [info] Iteration failed on: Automri finished with too many resources on context_8
[2026-04-13 12:32:33.272] [default] [info] Iteration failed on: Too many inputs/outputs for hexapod_v3_1_simplified_context_4, try to reduce number of inputs or outputs
Number of DDRs: 0
Number of inputs: 19
Number of outputs: 26

[2026-04-13 12:32:33.464] [default] [info] Iteration failed on: Automri finished with too many resources on context_5
[2026-04-13 12:32:33.628] [default] [info] Iteration failed on: Automri finished with too many resources on context_6
[2026-04-13 12:32:33.795] [default] [info] Iteration failed on: Automri finished with too many resources on context_7
[2026-04-13 12:32:33.957] [default] [info] Iteration failed on: Automri finished with too many resources on context_8
[2026-04-13 12:32:48.720] [default] [info] Iteration failed on: Too many inputs/outputs for hexapod_v3_1_simplified_context_4, try to reduce number of inputs or outputs
Number of DDRs: 0
Number of inputs: 19
Number of outputs: 25

[2026-04-13 12:32:48.908] [default] [info] Iteration failed on: Automri finished with too many resources on context_5
[2026-04-13 12:32:49.074] [default] [info] Iteration failed on: Automri finished with too many resources on context_6
[2026-04-13 12:32:49.237] [default] [info] Iteration failed on: Automri finished with too many resources on context_7
[2026-04-13 12:32:49.406] [default] [info] Iteration failed on: Automri finished with too many resources on context_8
[2026-04-13 12:33:02.080] [default] [info] Iteration failed on: Too many inputs/outputs for hexapod_v3_1_simplified_context_4, try to reduce number of inputs or outputs
Number of DDRs: 0
Number of inputs: 19
Number of outputs: 25

[2026-04-13 12:33:02.269] [default] [info] Iteration failed on: Automri finished with too many resources on context_5
[2026-04-13 12:33:02.440] [default] [info] Iteration failed on: Automri finished with too many resources on context_6
[2026-04-13 12:33:02.611] [default] [info] Iteration failed on: Automri finished with too many resources on context_7
[2026-04-13 12:33:02.776] [default] [info] Iteration failed on: Automri finished with too many resources on context_8
[2026-04-13 12:33:17.463] [default] [info] Iteration failed on: Too many inputs/outputs for hexapod_v3_1_simplified_context_4, try to reduce number of inputs or outputs
Number of DDRs: 0
Number of inputs: 19
Number of outputs: 25

[2026-04-13 12:33:17.662] [default] [info] Iteration failed on: Automri finished with too many resources on context_5
[2026-04-13 12:33:17.834] [default] [info] Iteration failed on: Automri finished with too many resources on context_6
[2026-04-13 12:33:18.006] [default] [info] Iteration failed on: Automri finished with too many resources on context_7
[2026-04-13 12:33:18.172] [default] [info] Iteration failed on: Automri finished with too many resources on context_8
[2026-04-13 12:33:30.291] [default] [info] Iteration failed on: Too many inputs/outputs for hexapod_v3_1_simplified_context_4, try to reduce number of inputs or outputs
Number of DDRs: 0
Number of inputs: 19
Number of outputs: 25

[2026-04-13 12:33:30.479] [default] [info] Iteration failed on: Automri finished with too many resources on context_5
[2026-04-13 12:33:30.644] [default] [info] Iteration failed on: Automri finished with too many resources on context_6
[2026-04-13 12:33:30.807] [default] [info] Iteration failed on: Automri finished with too many resources on context_7
[2026-04-13 12:33:30.976] [default] [info] Iteration failed on: Automri finished with too many resources on context_8
[2026-04-13 12:33:43.340] [default] [info] Iteration failed on: Too many inputs/outputs for hexapod_v3_1_simplified_context_4, try to reduce number of inputs or outputs
Number of DDRs: 0
Number of inputs: 19
Number of outputs: 25

[2026-04-13 12:33:43.548] [default] [info] Iteration failed on: Automri finished with too many resources on context_5
[2026-04-13 12:33:43.720] [default] [info] Iteration failed on: Automri finished with too many resources on context_6
[2026-04-13 12:33:43.898] [default] [info] Iteration failed on: Automri finished with too many resources on context_7
[2026-04-13 12:33:44.074] [default] [info] Iteration failed on: Automri finished with too many resources on context_8
[2026-04-13 12:33:44.245] [default] [info] Iteration failed on: Automri finished with too many resources on context_9
[2026-04-13 12:33:58.970] [default] [info] Iteration failed on: Too many inputs/outputs for hexapod_v3_1_simplified_context_4, try to reduce number of inputs or outputs
Number of DDRs: 0
Number of inputs: 19
Number of outputs: 26

[2026-04-13 12:33:59.167] [default] [info] Iteration failed on: Automri finished with too many resources on context_5
[2026-04-13 12:33:59.335] [default] [info] Iteration failed on: Automri finished with too many resources on context_6
[2026-04-13 12:33:59.500] [default] [info] Iteration failed on: Automri finished with too many resources on context_7
[2026-04-13 12:33:59.671] [default] [info] Iteration failed on: Automri finished with too many resources on context_8
[2026-04-13 12:33:59.840] [default] [info] Iteration failed on: Automri finished with too many resources on context_9
[2026-04-13 12:34:12.397] [default] [info] Iteration failed on: Too many inputs/outputs for hexapod_v3_1_simplified_context_4, try to reduce number of inputs or outputs
Number of DDRs: 0
Number of inputs: 19
Number of outputs: 26

[2026-04-13 12:34:12.590] [default] [info] Iteration failed on: Automri finished with too many resources on context_5
[2026-04-13 12:34:12.758] [default] [info] Iteration failed on: Automri finished with too many resources on context_6
[2026-04-13 12:34:12.923] [default] [info] Iteration failed on: Automri finished with too many resources on context_7
[2026-04-13 12:34:13.093] [default] [info] Iteration failed on: Automri finished with too many resources on context_8
[2026-04-13 12:34:13.258] [default] [info] Iteration failed on: Automri finished with too many resources on context_9
[2026-04-13 12:34:28.013] [default] [info] Iteration failed on: Too many inputs/outputs for hexapod_v3_1_simplified_context_4, try to reduce number of inputs or outputs
Number of DDRs: 0
Number of inputs: 19
Number of outputs: 26

[2026-04-13 12:34:28.208] [default] [info] Iteration failed on: Automri finished with too many resources on context_5
[2026-04-13 12:34:28.379] [default] [info] Iteration failed on: Automri finished with too many resources on context_6
[2026-04-13 12:34:28.548] [default] [info] Iteration failed on: Automri finished with too many resources on context_7
[2026-04-13 12:34:28.716] [default] [info] Iteration failed on: Automri finished with too many resources on context_8
[2026-04-13 12:34:28.883] [default] [info] Iteration failed on: Automri finished with too many resources on context_9
[2026-04-13 12:34:41.583] [default] [info] Iteration failed on: Too many inputs/outputs for hexapod_v3_1_simplified_context_4, try to reduce number of inputs or outputs
Number of DDRs: 0
Number of inputs: 19
Number of outputs: 26

[2026-04-13 12:34:41.764] [default] [info] Iteration failed on: Automri finished with too many resources on context_5
[2026-04-13 12:34:41.925] [default] [info] Iteration failed on: Automri finished with too many resources on context_6
[2026-04-13 12:34:42.084] [default] [info] Iteration failed on: Automri finished with too many resources on context_7
[2026-04-13 12:34:42.245] [default] [info] Iteration failed on: Automri finished with too many resources on context_8
[2026-04-13 12:34:42.405] [default] [info] Iteration failed on: Automri finished with too many resources on context_9
[2026-04-13 12:34:57.211] [default] [info] Iteration failed on: Too many inputs/outputs for hexapod_v3_1_simplified_context_4, try to reduce number of inputs or outputs
Number of DDRs: 0
Number of inputs: 19
Number of outputs: 26

[2026-04-13 12:34:57.413] [default] [info] Iteration failed on: Automri finished with too many resources on context_5
[2026-04-13 12:34:57.591] [default] [info] Iteration failed on: Automri finished with too many resources on context_6
[2026-04-13 12:34:57.769] [default] [info] Iteration failed on: Automri finished with too many resources on context_7
[2026-04-13 12:34:57.937] [default] [info] Iteration failed on: Automri finished with too many resources on context_8
[2026-04-13 12:34:58.116] [default] [info] Iteration failed on: Automri finished with too many resources on context_9
[2026-04-13 12:35:11.512] [default] [info] Iteration failed on: Too many inputs/outputs for hexapod_v3_1_simplified_context_4, try to reduce number of inputs or outputs
Number of DDRs: 0
Number of inputs: 19
Number of outputs: 26

[2026-04-13 12:35:11.709] [default] [info] Iteration failed on: Automri finished with too many resources on context_5
[2026-04-13 12:35:11.886] [default] [info] Iteration failed on: Automri finished with too many resources on context_6
[2026-04-13 12:35:12.059] [default] [info] Iteration failed on: Automri finished with too many resources on context_7
[2026-04-13 12:35:12.230] [default] [info] Iteration failed on: Automri finished with too many resources on context_8
[2026-04-13 12:35:12.404] [default] [info] Iteration failed on: Automri finished with too many resources on context_9
[2026-04-13 12:35:25.473] [default] [info] Iteration failed on: Too many inputs/outputs for hexapod_v3_1_simplified_context_4, try to reduce number of inputs or outputs
Number of DDRs: 0
Number of inputs: 19
Number of outputs: 26

[2026-04-13 12:35:25.683] [default] [info] Iteration failed on: Automri finished with too many resources on context_5
[2026-04-13 12:35:25.870] [default] [info] Iteration failed on: Automri finished with too many resources on context_6
[2026-04-13 12:35:26.047] [default] [info] Iteration failed on: Automri finished with too many resources on context_7
[2026-04-13 12:35:26.224] [default] [info] Iteration failed on: Automri finished with too many resources on context_8
[2026-04-13 12:35:26.402] [default] [info] Iteration failed on: Automri finished with too many resources on context_9
[2026-04-13 12:35:42.098] [default] [info] Iteration failed on: Too many inputs/outputs for hexapod_v3_1_simplified_context_4, try to reduce number of inputs or outputs
Number of DDRs: 0
Number of inputs: 19
Number of outputs: 25

[2026-04-13 12:35:42.296] [default] [info] Iteration failed on: Automri finished with too many resources on context_5
[2026-04-13 12:35:42.486] [default] [info] Iteration failed on: Automri finished with too many resources on context_6
[2026-04-13 12:35:42.658] [default] [info] Iteration failed on: Automri finished with too many resources on context_7
[2026-04-13 12:35:42.831] [default] [info] Iteration failed on: Automri finished with too many resources on context_8
[2026-04-13 12:35:43.002] [default] [info] Iteration failed on: Automri finished with too many resources on context_9
[2026-04-13 12:35:55.771] [default] [info] Iteration failed on: Too many inputs/outputs for hexapod_v3_1_simplified_context_4, try to reduce number of inputs or outputs
Number of DDRs: 0
Number of inputs: 19
Number of outputs: 24

[2026-04-13 12:35:55.968] [default] [info] Iteration failed on: Automri finished with too many resources on context_5
[2026-04-13 12:35:56.142] [default] [info] Iteration failed on: Automri finished with too many resources on context_6
[2026-04-13 12:35:56.324] [default] [info] Iteration failed on: Automri finished with too many resources on context_7
[2026-04-13 12:35:56.503] [default] [info] Iteration failed on: Automri finished with too many resources on context_8
[2026-04-13 12:35:56.679] [default] [info] Iteration failed on: Automri finished with too many resources on context_9
[2026-04-13 12:36:11.932] [default] [info] Iteration failed on: Too many inputs/outputs for hexapod_v3_1_simplified_context_4, try to reduce number of inputs or outputs
Number of DDRs: 0
Number of inputs: 19
Number of outputs: 23

[2026-04-13 12:36:12.126] [default] [info] Iteration failed on: Automri finished with too many resources on context_5
[2026-04-13 12:36:12.289] [default] [info] Iteration failed on: Automri finished with too many resources on context_6
[2026-04-13 12:36:12.448] [default] [info] Iteration failed on: Automri finished with too many resources on context_7
[2026-04-13 12:36:12.606] [default] [info] Iteration failed on: Automri finished with too many resources on context_8
[2026-04-13 12:36:12.758] [default] [info] Iteration failed on: Automri finished with too many resources on context_9
[2026-04-13 12:36:25.143] [default] [info] Iteration failed on: Too many inputs/outputs for hexapod_v3_1_simplified_context_4, try to reduce number of inputs or outputs
Number of DDRs: 0
Number of inputs: 19
Number of outputs: 23

[2026-04-13 12:36:25.323] [default] [info] Iteration failed on: Automri finished with too many resources on context_5
[2026-04-13 12:36:25.482] [default] [info] Iteration failed on: Automri finished with too many resources on context_6
[2026-04-13 12:36:25.639] [default] [info] Iteration failed on: Automri finished with too many resources on context_7
[2026-04-13 12:36:25.796] [default] [info] Iteration failed on: Automri finished with too many resources on context_8
[2026-04-13 12:36:25.953] [default] [info] Iteration failed on: Automri finished with too many resources on context_9
[2026-04-13 12:36:40.762] [default] [info] Iteration failed on: Too many inputs/outputs for hexapod_v3_1_simplified_context_4, try to reduce number of inputs or outputs
Number of DDRs: 0
Number of inputs: 19
Number of outputs: 22

[2026-04-13 12:36:40.974] [default] [info] Iteration failed on: Automri finished with too many resources on context_5
[2026-04-13 12:36:41.149] [default] [info] Iteration failed on: Automri finished with too many resources on context_6
[2026-04-13 12:36:41.326] [default] [info] Iteration failed on: Automri finished with too many resources on context_7
[2026-04-13 12:36:41.502] [default] [info] Iteration failed on: Automri finished with too many resources on context_8
[2026-04-13 12:36:41.675] [default] [info] Iteration failed on: Automri finished with too many resources on context_9
[2026-04-13 12:36:53.867] [default] [info] Iteration failed on: Too many inputs/outputs for hexapod_v3_1_simplified_context_4, try to reduce number of inputs or outputs
Number of DDRs: 0
Number of inputs: 19
Number of outputs: 21

[2026-04-13 12:36:54.059] [default] [info] Iteration failed on: Automri finished with too many resources on context_5
[2026-04-13 12:36:54.223] [default] [info] Iteration failed on: Automri finished with too many resources on context_6
[2026-04-13 12:36:54.388] [default] [info] Iteration failed on: Automri finished with too many resources on context_7
[2026-04-13 12:36:54.552] [default] [info] Iteration failed on: Automri finished with too many resources on context_8
[2026-04-13 12:36:54.711] [default] [info] Iteration failed on: Automri finished with too many resources on context_9
[2026-04-13 12:37:06.442] [default] [info] Iteration failed on: Too many inputs/outputs for hexapod_v3_1_simplified_context_4, try to reduce number of inputs or outputs
Number of DDRs: 0
Number of inputs: 19
Number of outputs: 21

[2026-04-13 12:37:06.629] [default] [info] Iteration failed on: Automri finished with too many resources on context_5
[2026-04-13 12:37:06.799] [default] [info] Iteration failed on: Automri finished with too many resources on context_6
[2026-04-13 12:37:06.965] [default] [info] Iteration failed on: Automri finished with too many resources on context_7
[2026-04-13 12:37:07.130] [default] [info] Iteration failed on: Automri finished with too many resources on context_8
[2026-04-13 12:37:07.295] [default] [info] Iteration failed on: Automri finished with too many resources on context_9
[2026-04-13 12:37:21.593] [default] [info] Iteration failed on: Too many inputs/outputs for hexapod_v3_1_simplified_context_4, try to reduce number of inputs or outputs
Number of DDRs: 0
Number of inputs: 19
Number of outputs: 21

[2026-04-13 12:37:21.773] [default] [info] Iteration failed on: Automri finished with too many resources on context_5
[2026-04-13 12:37:21.936] [default] [info] Iteration failed on: Automri finished with too many resources on context_6
[2026-04-13 12:37:22.101] [default] [info] Iteration failed on: Automri finished with too many resources on context_7
[2026-04-13 12:37:22.266] [default] [info] Iteration failed on: Automri finished with too many resources on context_8
[2026-04-13 12:37:22.431] [default] [info] Iteration failed on: Automri finished with too many resources on context_9
[2026-04-13 12:37:34.397] [default] [info] Iteration failed on: Too many inputs/outputs for hexapod_v3_1_simplified_context_4, try to reduce number of inputs or outputs
Number of DDRs: 0
Number of inputs: 19
Number of outputs: 21

[2026-04-13 12:37:34.586] [default] [info] Iteration failed on: Automri finished with too many resources on context_5
[2026-04-13 12:37:34.753] [default] [info] Iteration failed on: Automri finished with too many resources on context_6
[2026-04-13 12:37:34.922] [default] [info] Iteration failed on: Automri finished with too many resources on context_7
[2026-04-13 12:37:35.091] [default] [info] Iteration failed on: Automri finished with too many resources on context_8
[2026-04-13 12:37:49.564] [default] [info] Iteration failed on: Too many inputs/outputs for hexapod_v3_1_simplified_context_4, try to reduce number of inputs or outputs
Number of DDRs: 0
Number of inputs: 18
Number of outputs: 21

[2026-04-13 12:37:49.777] [default] [info] Iteration failed on: Automri finished with too many resources on context_5
[2026-04-13 12:37:49.964] [default] [info] Iteration failed on: Automri finished with too many resources on context_6
[2026-04-13 12:37:50.134] [default] [info] Iteration failed on: Automri finished with too many resources on context_7
[2026-04-13 12:37:50.303] [default] [info] Iteration failed on: Automri finished with too many resources on context_8
[2026-04-13 12:38:02.242] [default] [info] Iteration failed on: Too many inputs/outputs for hexapod_v3_1_simplified_context_4, try to reduce number of inputs or outputs
Number of DDRs: 0
Number of inputs: 18
Number of outputs: 21

[2026-04-13 12:38:02.448] [default] [info] Iteration failed on: Automri finished with too many resources on context_5
[2026-04-13 12:38:02.630] [default] [info] Iteration failed on: Automri finished with too many resources on context_6
[2026-04-13 12:38:02.814] [default] [info] Iteration failed on: Automri finished with too many resources on context_7
[2026-04-13 12:38:02.997] [default] [info] Iteration failed on: Automri finished with too many resources on context_8
[2026-04-13 12:38:03.173] [default] [info] Iteration failed on: Automri finished with too many resources on context_9
[2026-04-13 12:38:15.252] [default] [info] Iteration failed on: Too many inputs/outputs for hexapod_v3_1_simplified_context_4, try to reduce number of inputs or outputs
Number of DDRs: 0
Number of inputs: 18
Number of outputs: 21

[2026-04-13 12:38:15.455] [default] [info] Iteration failed on: Automri finished with too many resources on context_5
[2026-04-13 12:38:15.638] [default] [info] Iteration failed on: Automri finished with too many resources on context_6
[2026-04-13 12:38:15.813] [default] [info] Iteration failed on: Automri finished with too many resources on context_7
[2026-04-13 12:38:15.991] [default] [info] Iteration failed on: Automri finished with too many resources on context_8
[2026-04-13 12:38:16.166] [default] [info] Iteration failed on: Automri finished with too many resources on context_9
[2026-04-13 12:38:30.649] [default] [info] Iteration failed on: Too many inputs/outputs for hexapod_v3_1_simplified_context_4, try to reduce number of inputs or outputs
Number of DDRs: 0
Number of inputs: 18
Number of outputs: 21

[2026-04-13 12:38:30.851] [default] [info] Iteration failed on: Automri finished with too many resources on context_5
[2026-04-13 12:38:31.042] [default] [info] Iteration failed on: Automri finished with too many resources on context_6
[2026-04-13 12:38:31.224] [default] [info] Iteration failed on: Automri finished with too many resources on context_7
[2026-04-13 12:38:31.399] [default] [info] Iteration failed on: Automri finished with too many resources on context_8
[2026-04-13 12:38:31.579] [default] [info] Iteration failed on: Automri finished with too many resources on context_9
[2026-04-13 12:38:44.081] [default] [info] Iteration failed on: Too many inputs/outputs for hexapod_v3_1_simplified_context_4, try to reduce number of inputs or outputs
Number of DDRs: 0
Number of inputs: 18
Number of outputs: 21

[2026-04-13 12:38:44.289] [default] [info] Iteration failed on: Automri finished with too many resources on context_5
[2026-04-13 12:38:44.480] [default] [info] Iteration failed on: Automri finished with too many resources on context_6
[2026-04-13 12:38:44.663] [default] [info] Iteration failed on: Automri finished with too many resources on context_7
[2026-04-13 12:38:44.843] [default] [info] Iteration failed on: Automri finished with too many resources on context_8
[2026-04-13 12:38:45.023] [default] [info] Iteration failed on: Automri finished with too many resources on context_9
[2026-04-13 12:38:59.260] [default] [info] Iteration failed on: Too many inputs/outputs for hexapod_v3_1_simplified_context_4, try to reduce number of inputs or outputs
Number of DDRs: 0
Number of inputs: 18
Number of outputs: 21

[2026-04-13 12:38:59.482] [default] [info] Iteration failed on: Automri finished with too many resources on context_5
[2026-04-13 12:38:59.674] [default] [info] Iteration failed on: Automri finished with too many resources on context_6
[2026-04-13 12:38:59.862] [default] [info] Iteration failed on: Automri finished with too many resources on context_7
[2026-04-13 12:39:00.048] [default] [info] Iteration failed on: Automri finished with too many resources on context_8
[2026-04-13 12:39:00.235] [default] [info] Iteration failed on: Automri finished with too many resources on context_9
[2026-04-13 12:39:12.631] [default] [info] Iteration failed on: Too many inputs/outputs for hexapod_v3_1_simplified_context_4, try to reduce number of inputs or outputs
Number of DDRs: 0
Number of inputs: 18
Number of outputs: 21

[2026-04-13 12:39:12.858] [default] [info] Iteration failed on: Automri finished with too many resources on context_5
[2026-04-13 12:39:13.059] [default] [info] Iteration failed on: Automri finished with too many resources on context_6
[2026-04-13 12:39:13.257] [default] [info] Iteration failed on: Automri finished with too many resources on context_7
[2026-04-13 12:39:13.451] [default] [info] Iteration failed on: Automri finished with too many resources on context_8
[2026-04-13 12:39:13.651] [default] [info] Iteration failed on: Automri finished with too many resources on context_9
[2026-04-13 12:39:25.989] [default] [info] Iteration failed on: Too many inputs/outputs for hexapod_v3_1_simplified_context_4, try to reduce number of inputs or outputs
Number of DDRs: 0
Number of inputs: 18
Number of outputs: 20

[2026-04-13 12:39:26.224] [default] [info] Iteration failed on: Automri finished with too many resources on context_5
[2026-04-13 12:39:26.428] [default] [info] Iteration failed on: Automri finished with too many resources on context_6
[2026-04-13 12:39:26.629] [default] [info] Iteration failed on: Automri finished with too many resources on context_7
[2026-04-13 12:39:26.828] [default] [info] Iteration failed on: Automri finished with too many resources on context_8
[2026-04-13 12:39:27.037] [default] [info] Iteration failed on: Automri finished with too many resources on context_9
[2026-04-13 12:39:41.526] [default] [info] Iteration failed on: Too many inputs/outputs for hexapod_v3_1_simplified_context_4, try to reduce number of inputs or outputs
Number of DDRs: 0
Number of inputs: 18
Number of outputs: 19

[2026-04-13 12:39:41.723] [default] [info] Iteration failed on: Automri finished with too many resources on context_5
[2026-04-13 12:39:41.916] [default] [info] Iteration failed on: Automri finished with too many resources on context_6
[2026-04-13 12:39:42.096] [default] [info] Iteration failed on: Automri finished with too many resources on context_7
[2026-04-13 12:39:42.278] [default] [info] Iteration failed on: Automri finished with too many resources on context_8
[2026-04-13 12:39:42.459] [default] [info] Iteration failed on: Automri finished with too many resources on context_9
[2026-04-13 12:39:42.649] [default] [info] Iteration failed on: Automri finished with too many resources on context_9
[2026-04-13 12:39:55.566] [default] [info] Iteration failed on: Too many inputs/outputs for hexapod_v3_1_simplified_context_4, try to reduce number of inputs or outputs
Number of DDRs: 0
Number of inputs: 18
Number of outputs: 18

[2026-04-13 12:39:55.783] [default] [info] Iteration failed on: Automri finished with too many resources on context_5
[2026-04-13 12:39:55.976] [default] [info] Iteration failed on: Automri finished with too many resources on context_5
[2026-04-13 12:39:56.176] [default] [info] Iteration failed on: Automri finished with too many resources on context_6
[2026-04-13 12:39:56.379] [default] [info] Iteration failed on: Automri finished with too many resources on context_6
[2026-04-13 12:39:56.575] [default] [info] Iteration failed on: Automri finished with too many resources on context_7
[2026-04-13 12:39:56.768] [default] [info] Iteration failed on: Automri finished with too many resources on context_7
[2026-04-13 12:39:56.964] [default] [info] Iteration failed on: Automri finished with too many resources on context_8
[2026-04-13 12:40:12.174] [default] [info] Iteration failed on: Too many inputs/outputs for hexapod_v3_1_simplified_context_4, try to reduce number of inputs or outputs
Number of DDRs: 0
Number of inputs: 18
Number of outputs: 18

[2026-04-13 12:40:12.392] [default] [info] Iteration failed on: Automri finished with too many resources on context_5
[2026-04-13 12:40:12.579] [default] [info] Iteration failed on: Automri finished with too many resources on context_6
[2026-04-13 12:40:12.771] [default] [info] Iteration failed on: Automri finished with too many resources on context_7
[2026-04-13 12:40:12.960] [default] [info] Iteration failed on: Automri finished with too many resources on context_8
[2026-04-13 12:40:25.681] [default] [info] Iteration failed on: Too many inputs/outputs for hexapod_v3_1_simplified_context_4, try to reduce number of inputs or outputs
Number of DDRs: 0
Number of inputs: 18
Number of outputs: 17

[2026-04-13 12:40:25.899] [default] [info] Iteration failed on: Automri finished with too many resources on context_5
[2026-04-13 12:40:26.102] [default] [info] Iteration failed on: Automri finished with too many resources on context_6
[2026-04-13 12:40:26.317] [default] [info] Iteration failed on: Automri finished with too many resources on context_7
[2026-04-13 12:40:26.555] [default] [info] Iteration failed on: Automri finished with too many resources on context_8
[2026-04-13 12:40:26.791] [default] [info] Iteration failed on: Automri finished with too many resources on context_9
[2026-04-13 12:40:26.995] [default] [info] Iteration failed on: Automri finished with too many resources on context_9
[2026-04-13 12:40:42.302] [default] [info] Iteration failed on: Too many inputs/outputs for hexapod_v3_1_simplified_context_4, try to reduce number of inputs or outputs
Number of DDRs: 0
Number of inputs: 17
Number of outputs: 17

[2026-04-13 12:40:42.536] [default] [info] Iteration failed on: Automri finished with too many resources on context_5
[2026-04-13 12:40:42.759] [default] [info] Iteration failed on: Automri finished with too many resources on context_6
[2026-04-13 12:40:42.976] [default] [info] Iteration failed on: Automri finished with too many resources on context_7
[2026-04-13 12:40:56.089] [default] [info] Iteration failed on: Too many inputs/outputs for hexapod_v3_1_simplified_context_4, try to reduce number of inputs or outputs
Number of DDRs: 0
Number of inputs: 17
Number of outputs: 17

[2026-04-13 12:40:56.333] [default] [info] Iteration failed on: Automri finished with too many resources on context_5
[2026-04-13 12:40:56.556] [default] [info] Iteration failed on: Automri finished with too many resources on context_6
[2026-04-13 12:40:56.776] [default] [info] Iteration failed on: Automri finished with too many resources on context_7
[2026-04-13 12:40:56.995] [default] [info] Iteration failed on: Automri finished with too many resources on context_8
[2026-04-13 12:40:57.215] [default] [info] Iteration failed on: Automri finished with too many resources on context_9
[2026-04-13 12:41:12.769] [default] [info] Iteration failed on: Too many inputs/outputs for hexapod_v3_1_simplified_context_4, try to reduce number of inputs or outputs
Number of DDRs: 0
Number of inputs: 17
Number of outputs: 17

[2026-04-13 12:41:13.023] [default] [info] Iteration failed on: Automri finished with too many resources on context_5
[2026-04-13 12:41:13.239] [default] [info] Iteration failed on: Automri finished with too many resources on context_6
[2026-04-13 12:41:13.462] [default] [info] Iteration failed on: Automri finished with too many resources on context_7
[2026-04-13 12:41:13.680] [default] [info] Iteration failed on: Automri finished with too many resources on context_8
[2026-04-13 12:41:13.897] [default] [info] Iteration failed on: Automri finished with too many resources on context_9
[2026-04-13 12:41:27.234] [default] [info] Iteration failed on: Too many inputs/outputs for hexapod_v3_1_simplified_context_4, try to reduce number of inputs or outputs
Number of DDRs: 0
Number of inputs: 17
Number of outputs: 17

[2026-04-13 12:41:27.449] [default] [info] Iteration failed on: Automri finished with too many resources on context_5
[2026-04-13 12:41:27.645] [default] [info] Iteration failed on: Automri finished with too many resources on context_6
[2026-04-13 12:41:27.852] [default] [info] Iteration failed on: Automri finished with too many resources on context_7
[2026-04-13 12:41:28.047] [default] [info] Iteration failed on: Automri finished with too many resources on context_8
[2026-04-13 12:41:28.253] [default] [info] Iteration failed on: Automri finished with too many resources on context_9
[2026-04-13 12:41:41.404] [default] [info] Iteration failed on: Too many inputs/outputs for hexapod_v3_1_simplified_context_4, try to reduce number of inputs or outputs
Number of DDRs: 0
Number of inputs: 16
Number of outputs: 17

[2026-04-13 12:41:41.638] [default] [info] Iteration failed on: Automri finished with too many resources on context_5
[2026-04-13 12:41:41.844] [default] [info] Iteration failed on: Automri finished with too many resources on context_6
[2026-04-13 12:41:42.047] [default] [info] Iteration failed on: Automri finished with too many resources on context_7
[2026-04-13 12:41:42.251] [default] [info] Iteration failed on: Automri finished with too many resources on context_8
[2026-04-13 12:41:42.468] [default] [info] Iteration failed on: Automri finished with too many resources on context_9
[2026-04-13 12:41:42.636] [default] [info] Iteration failed on: Automri finished with too many resources on context_9
[2026-04-13 12:41:58.276] [default] [info] Iteration failed on: Too many inputs/outputs for hexapod_v3_1_simplified_context_4, try to reduce number of inputs or outputs
Number of DDRs: 0
Number of inputs: 16
Number of outputs: 17

[2026-04-13 12:41:58.457] [default] [info] Iteration failed on: Automri finished with too many resources on context_5
[2026-04-13 12:41:58.620] [default] [info] Iteration failed on: Automri finished with too many resources on context_6
[2026-04-13 12:41:58.782] [default] [info] Iteration failed on: Automri finished with too many resources on context_7
[2026-04-13 12:42:12.254] [default] [info] Iteration failed on: Too many inputs/outputs for hexapod_v3_1_simplified_context_4, try to reduce number of inputs or outputs
Number of DDRs: 0
Number of inputs: 16
Number of outputs: 17

[2026-04-13 12:42:12.448] [default] [info] Iteration failed on: Automri finished with too many resources on context_5
[2026-04-13 12:42:12.613] [default] [info] Iteration failed on: Automri finished with too many resources on context_6
[2026-04-13 12:42:12.781] [default] [info] Iteration failed on: Automri finished with too many resources on context_7
[2026-04-13 12:42:12.954] [default] [info] Iteration failed on: Automri finished with too many resources on context_8
[2026-04-13 12:42:13.120] [default] [info] Iteration failed on: Automri finished with too many resources on context_9
[2026-04-13 12:42:28.243] [default] [info] Iteration failed on: Too many inputs/outputs for hexapod_v3_1_simplified_context_4, try to reduce number of inputs or outputs
Number of DDRs: 0
Number of inputs: 16
Number of outputs: 17

[2026-04-13 12:42:28.433] [default] [info] Iteration failed on: Automri finished with too many resources on context_5
[2026-04-13 12:42:28.600] [default] [info] Iteration failed on: Automri finished with too many resources on context_6
[2026-04-13 12:42:28.770] [default] [info] Iteration failed on: Automri finished with too many resources on context_7
[2026-04-13 12:42:42.088] [default] [info] Iteration failed on: Too many inputs/outputs for hexapod_v3_1_simplified_context_4, try to reduce number of inputs or outputs
Number of DDRs: 0
Number of inputs: 16
Number of outputs: 17

[2026-04-13 12:42:42.270] [default] [info] Iteration failed on: Automri finished with too many resources on context_5
[2026-04-13 12:42:42.436] [default] [info] Iteration failed on: Automri finished with too many resources on context_6
[2026-04-13 12:42:42.600] [default] [info] Iteration failed on: Automri finished with too many resources on context_7
[2026-04-13 12:42:42.769] [default] [info] Iteration failed on: Automri finished with too many resources on context_8
[2026-04-13 12:42:42.935] [default] [info] Iteration failed on: Automri finished with too many resources on context_9
[2026-04-13 12:42:58.093] [default] [info] Iteration failed on: Too many inputs/outputs for hexapod_v3_1_simplified_context_4, try to reduce number of inputs or outputs
Number of DDRs: 0
Number of inputs: 16
Number of outputs: 17

[2026-04-13 12:42:58.279] [default] [info] Iteration failed on: Automri finished with too many resources on context_5
[2026-04-13 12:42:58.443] [default] [info] Iteration failed on: Automri finished with too many resources on context_6
[2026-04-13 12:43:12.079] [default] [info] Iteration failed on: Too many inputs/outputs for hexapod_v3_1_simplified_context_4, try to reduce number of inputs or outputs
Number of DDRs: 0
Number of inputs: 16
Number of outputs: 17

[2026-04-13 12:43:12.265] [default] [info] Iteration failed on: Automri finished with too many resources on context_5
[2026-04-13 12:43:12.439] [default] [info] Iteration failed on: Automri finished with too many resources on context_6
[2026-04-13 12:43:12.602] [default] [info] Iteration failed on: Automri finished with too many resources on context_7
[2026-04-13 12:43:12.773] [default] [info] Iteration failed on: Automri finished with too many resources on context_8
[2026-04-13 12:43:12.936] [default] [info] Iteration failed on: Automri finished with too many resources on context_9
[2026-04-13 12:43:26.393] [default] [info] Iteration failed on: Too many inputs/outputs for hexapod_v3_1_simplified_context_4, try to reduce number of inputs or outputs
Number of DDRs: 0
Number of inputs: 16
Number of outputs: 16

[2026-04-13 12:43:26.574] [default] [info] Iteration failed on: Automri finished with too many resources on context_5
[2026-04-13 12:43:26.737] [default] [info] Iteration failed on: Automri finished with too many resources on context_6
[2026-04-13 12:43:26.901] [default] [info] Iteration failed on: Automri finished with too many resources on context_7
[2026-04-13 12:43:27.069] [default] [info] Iteration failed on: Automri finished with too many resources on context_8
[2026-04-13 12:43:27.233] [default] [info] Iteration failed on: Automri finished with too many resources on context_9
[2026-04-13 12:43:42.597] [default] [info] Iteration failed on: Too many inputs/outputs for hexapod_v3_1_simplified_context_4, try to reduce number of inputs or outputs
Number of DDRs: 0
Number of inputs: 16
Number of outputs: 15

[2026-04-13 12:43:42.785] [default] [info] Iteration failed on: Automri finished with too many resources on context_5
[2026-04-13 12:43:42.953] [default] [info] Iteration failed on: Automri finished with too many resources on context_6
[2026-04-13 12:43:43.121] [default] [info] Iteration failed on: Automri finished with too many resources on context_7
[2026-04-13 12:43:43.284] [default] [info] Iteration failed on: Automri finished with too many resources on context_8
[2026-04-13 12:43:43.446] [default] [info] Iteration failed on: Automri finished with too many resources on context_9
[2026-04-13 12:43:56.915] [default] [info] Iteration failed on: Too many inputs/outputs for hexapod_v3_1_simplified_context_4, try to reduce number of inputs or outputs
Number of DDRs: 0
Number of inputs: 16
Number of outputs: 14

[2026-04-13 12:43:57.103] [default] [info] Iteration failed on: Automri finished with too many resources on context_5
[2026-04-13 12:43:57.265] [default] [info] Iteration failed on: Automri finished with too many resources on context_5
[2026-04-13 12:43:57.445] [default] [info] Iteration failed on: Automri finished with too many resources on context_6
[2026-04-13 12:43:57.606] [default] [info] Iteration failed on: Automri finished with too many resources on context_6
[2026-04-13 12:43:57.772] [default] [info] Iteration failed on: Automri finished with too many resources on context_7
[2026-04-13 12:43:57.936] [default] [info] Iteration failed on: Automri finished with too many resources on context_7
[2026-04-13 12:43:58.104] [default] [info] Iteration failed on: Automri finished with too many resources on context_8
[2026-04-13 12:43:58.270] [default] [info] Iteration failed on: Automri finished with too many resources on context_8
[2026-04-13 12:43:58.452] [default] [info] Iteration failed on: Automri finished with too many resources on context_9
[2026-04-13 12:43:58.618] [default] [info] Iteration failed on: Automri finished with too many resources on context_9
[2026-04-13 12:44:13.713] [default] [info] Iteration failed on: Too many inputs/outputs for hexapod_v3_1_simplified_context_4, try to reduce number of inputs or outputs
Number of DDRs: 0
Number of inputs: 13
Number of outputs: 13

[2026-04-13 12:44:13.915] [default] [info] Iteration failed on: Automri finished with too many resources on context_5
[2026-04-13 12:44:14.095] [default] [info] Iteration failed on: Automri finished with too many resources on context_6
[2026-04-13 12:44:14.270] [default] [info] Iteration failed on: Automri finished with too many resources on context_7
[2026-04-13 12:44:14.449] [default] [info] Iteration failed on: Automri finished with too many resources on context_8
[2026-04-13 12:44:14.652] [default] [info] Iteration failed on: Automri finished with too many resources on context_9
[2026-04-13 12:44:27.412] [default] [info] Iteration failed on: Too many inputs/outputs for hexapod_v3_1_simplified_context_4, try to reduce number of inputs or outputs
Number of DDRs: 0
Number of inputs: 12
Number of outputs: 12

[2026-04-13 12:44:27.639] [default] [info] Iteration failed on: Automri finished with too many resources on context_5
[2026-04-13 12:44:27.830] [default] [info] Iteration failed on: Automri finished with too many resources on context_6
[2026-04-13 12:44:27.998] [default] [info] Iteration failed on: Automri finished with too many resources on context_7
[2026-04-13 12:44:28.167] [default] [info] Iteration failed on: Automri finished with too many resources on context_8
[2026-04-13 12:44:28.337] [default] [info] Iteration failed on: Automri finished with too many resources on context_9
[2026-04-13 12:44:42.649] [default] [info] Iteration failed on: Too many inputs/outputs for hexapod_v3_1_simplified_context_4, try to reduce number of inputs or outputs
Number of DDRs: 0
Number of inputs: 11
Number of outputs: 11

[2026-04-13 12:44:42.843] [default] [info] Iteration failed on: Automri finished with too many resources on context_5
[2026-04-13 12:44:43.013] [default] [info] Iteration failed on: Automri finished with too many resources on context_6
[2026-04-13 12:44:43.183] [default] [info] Iteration failed on: Automri finished with too many resources on context_7
[2026-04-13 12:44:43.352] [default] [info] Iteration failed on: Automri finished with too many resources on context_8
[2026-04-13 12:44:43.517] [default] [info] Iteration failed on: Automri finished with too many resources on context_9
[2026-04-13 12:44:56.308] [default] [info] Iteration failed on: Too many inputs/outputs for hexapod_v3_1_simplified_context_4, try to reduce number of inputs or outputs
Number of DDRs: 0
Number of inputs: 10
Number of outputs: 10

[2026-04-13 12:44:56.498] [default] [info] Iteration failed on: Automri finished with too many resources on context_5
[2026-04-13 12:44:56.669] [default] [info] Iteration failed on: Automri finished with too many resources on context_6
[2026-04-13 12:44:56.845] [default] [info] Iteration failed on: Automri finished with too many resources on context_7
[2026-04-13 12:44:57.028] [default] [info] Iteration failed on: Automri finished with too many resources on context_8
[2026-04-13 12:44:57.198] [default] [info] Iteration failed on: Automri finished with too many resources on context_9
[2026-04-13 12:45:10.336] [default] [info] Iteration failed on: Too many inputs/outputs for hexapod_v3_1_simplified_context_4, try to reduce number of inputs or outputs
Number of DDRs: 0
Number of inputs: 8
Number of outputs: 9

[2026-04-13 12:45:12.503] [default] [info] Iteration failed on: Automri finished with too many resources on context_5
[2026-04-13 12:45:12.673] [default] [info] Iteration failed on: Automri finished with too many resources on context_6
[2026-04-13 12:45:12.841] [default] [info] Iteration failed on: Automri finished with too many resources on context_7
[2026-04-13 12:45:13.014] [default] [info] Iteration failed on: Automri finished with too many resources on context_8
[2026-04-13 12:45:13.186] [default] [info] Iteration failed on: Automri finished with too many resources on context_9
[2026-04-13 12:45:26.648] [default] [info] Iteration failed on: Too many inputs/outputs for hexapod_v3_1_simplified_context_5, try to reduce number of inputs or outputs
Number of DDRs: 0
Number of inputs: 21
Number of outputs: 28

[2026-04-13 12:45:26.865] [default] [info] Iteration failed on: Automri finished with too many resources on context_6
[2026-04-13 12:45:27.052] [default] [info] Iteration failed on: Automri finished with too many resources on context_7
[2026-04-13 12:45:27.238] [default] [info] Iteration failed on: Automri finished with too many resources on context_8
[2026-04-13 12:45:27.417] [default] [info] Iteration failed on: Automri finished with too many resources on context_9
[2026-04-13 12:45:40.704] [default] [info] Iteration failed on: Too many inputs/outputs for hexapod_v3_1_simplified_context_5, try to reduce number of inputs or outputs
Number of DDRs: 0
Number of inputs: 21
Number of outputs: 28

[2026-04-13 12:45:40.911] [default] [info] Iteration failed on: Automri finished with too many resources on context_6
[2026-04-13 12:45:41.093] [default] [info] Iteration failed on: Automri finished with too many resources on context_7
[2026-04-13 12:45:41.291] [default] [info] Iteration failed on: Automri finished with too many resources on context_8
[2026-04-13 12:45:41.471] [default] [info] Iteration failed on: Automri finished with too many resources on context_9
[2026-04-13 12:45:56.332] [default] [info] Iteration failed on: Too many inputs/outputs for hexapod_v3_1_simplified_context_5, try to reduce number of inputs or outputs
Number of DDRs: 0
Number of inputs: 21
Number of outputs: 28

[2026-04-13 12:45:56.540] [default] [info] Iteration failed on: Automri finished with too many resources on context_6
[2026-04-13 12:45:56.721] [default] [info] Iteration failed on: Automri finished with too many resources on context_7
[2026-04-13 12:45:56.897] [default] [info] Iteration failed on: Automri finished with too many resources on context_8
[2026-04-13 12:45:57.069] [default] [info] Iteration failed on: Automri finished with too many resources on context_9
[2026-04-13 12:46:09.960] [default] [info] Iteration failed on: Too many inputs/outputs for hexapod_v3_1_simplified_context_5, try to reduce number of inputs or outputs
Number of DDRs: 0
Number of inputs: 21
Number of outputs: 28

[2026-04-13 12:46:10.172] [default] [info] Iteration failed on: Automri finished with too many resources on context_6
[2026-04-13 12:46:10.356] [default] [info] Iteration failed on: Automri finished with too many resources on context_7
[2026-04-13 12:46:10.544] [default] [info] Iteration failed on: Automri finished with too many resources on context_8
[2026-04-13 12:46:10.717] [default] [info] Iteration failed on: Automri finished with too many resources on context_9
[2026-04-13 12:46:25.729] [default] [info] Iteration failed on: Too many inputs/outputs for hexapod_v3_1_simplified_context_5, try to reduce number of inputs or outputs
Number of DDRs: 0
Number of inputs: 21
Number of outputs: 28

[2026-04-13 12:46:25.965] [default] [info] Iteration failed on: Automri finished with too many resources on context_6
[2026-04-13 12:46:26.162] [default] [info] Iteration failed on: Automri finished with too many resources on context_7
[2026-04-13 12:46:26.355] [default] [info] Iteration failed on: Automri finished with too many resources on context_8
[2026-04-13 12:46:26.535] [default] [info] Iteration failed on: Automri finished with too many resources on context_9
[2026-04-13 12:46:39.922] [default] [info] Iteration failed on: Too many inputs/outputs for hexapod_v3_1_simplified_context_5, try to reduce number of inputs or outputs
Number of DDRs: 0
Number of inputs: 21
Number of outputs: 28

[2026-04-13 12:46:40.132] [default] [info] Iteration failed on: Automri finished with too many resources on context_6
[2026-04-13 12:46:40.329] [default] [info] Iteration failed on: Automri finished with too many resources on context_7
[2026-04-13 12:46:40.531] [default] [info] Iteration failed on: Automri finished with too many resources on context_8
[2026-04-13 12:46:40.725] [default] [info] Iteration failed on: Automri finished with too many resources on context_9
[2026-04-13 12:46:55.673] [default] [info] Iteration failed on: Too many inputs/outputs for hexapod_v3_1_simplified_context_5, try to reduce number of inputs or outputs
Number of DDRs: 0
Number of inputs: 21
Number of outputs: 28

[2026-04-13 12:46:55.886] [default] [info] Iteration failed on: Automri finished with too many resources on context_6
[2026-04-13 12:46:56.076] [default] [info] Iteration failed on: Automri finished with too many resources on context_7
[2026-04-13 12:46:56.268] [default] [info] Iteration failed on: Automri finished with too many resources on context_8
[2026-04-13 12:46:56.452] [default] [info] Iteration failed on: Automri finished with too many resources on context_8
[2026-04-13 12:46:56.630] [default] [info] Iteration failed on: Automri finished with too many resources on context_9
[2026-04-13 12:46:56.809] [default] [info] Iteration failed on: Automri finished with too many resources on context_9
[2026-04-13 12:47:09.387] [default] [info] Iteration failed on: Too many inputs/outputs for hexapod_v3_1_simplified_context_5, try to reduce number of inputs or outputs
Number of DDRs: 0
Number of inputs: 21
Number of outputs: 27

[2026-04-13 12:47:09.600] [default] [info] Iteration failed on: Automri finished with too many resources on context_6
[2026-04-13 12:47:22.277] [default] [info] Iteration failed on: Too many inputs/outputs for hexapod_v3_1_simplified_context_5, try to reduce number of inputs or outputs
Number of DDRs: 0
Number of inputs: 21
Number of outputs: 28

[2026-04-13 12:47:22.492] [default] [info] Iteration failed on: Automri finished with too many resources on context_6
[2026-04-13 12:47:22.677] [default] [info] Iteration failed on: Automri finished with too many resources on context_7
[2026-04-13 12:47:22.882] [default] [info] Iteration failed on: Automri finished with too many resources on context_8
[2026-04-13 12:47:23.063] [default] [info] Iteration failed on: Automri finished with too many resources on context_9
[2026-04-13 12:47:37.612] [default] [info] Iteration failed on: Too many inputs/outputs for hexapod_v3_1_simplified_context_5, try to reduce number of inputs or outputs
Number of DDRs: 0
Number of inputs: 21
Number of outputs: 28

[2026-04-13 12:47:37.827] [default] [info] Iteration failed on: Automri finished with too many resources on context_6
[2026-04-13 12:47:38.018] [default] [info] Iteration failed on: Automri finished with too many resources on context_7
[2026-04-13 12:47:38.219] [default] [info] Iteration failed on: Automri finished with too many resources on context_8
[2026-04-13 12:47:38.397] [default] [info] Iteration failed on: Automri finished with too many resources on context_9
[2026-04-13 12:47:50.920] [default] [info] Iteration failed on: Too many inputs/outputs for hexapod_v3_1_simplified_context_5, try to reduce number of inputs or outputs
Number of DDRs: 0
Number of inputs: 21
Number of outputs: 28

[2026-04-13 12:47:51.135] [default] [info] Iteration failed on: Automri finished with too many resources on context_6
[2026-04-13 12:47:51.331] [default] [info] Iteration failed on: Automri finished with too many resources on context_7
[2026-04-13 12:47:51.542] [default] [info] Iteration failed on: Automri finished with too many resources on context_8
[2026-04-13 12:47:51.735] [default] [info] Iteration failed on: Automri finished with too many resources on context_9
[2026-04-13 12:48:07.551] [default] [info] Iteration failed on: Too many inputs/outputs for hexapod_v3_1_simplified_context_5, try to reduce number of inputs or outputs
Number of DDRs: 0
Number of inputs: 21
Number of outputs: 28

[2026-04-13 12:48:07.773] [default] [info] Iteration failed on: Automri finished with too many resources on context_6
[2026-04-13 12:48:07.972] [default] [info] Iteration failed on: Automri finished with too many resources on context_7
[2026-04-13 12:48:08.177] [default] [info] Iteration failed on: Automri finished with too many resources on context_8
[2026-04-13 12:48:08.358] [default] [info] Iteration failed on: Automri finished with too many resources on context_9
[2026-04-13 12:48:22.468] [default] [info] Iteration failed on: Too many inputs/outputs for hexapod_v3_1_simplified_context_5, try to reduce number of inputs or outputs
Number of DDRs: 0
Number of inputs: 21
Number of outputs: 29

[2026-04-13 12:48:22.685] [default] [info] Iteration failed on: Automri finished with too many resources on context_6
[2026-04-13 12:48:22.879] [default] [info] Iteration failed on: Automri finished with too many resources on context_7
[2026-04-13 12:48:23.076] [default] [info] Iteration failed on: Automri finished with too many resources on context_8
[2026-04-13 12:48:23.263] [default] [info] Iteration failed on: Automri finished with too many resources on context_9
[2026-04-13 12:48:39.375] [default] [info] Iteration failed on: Too many inputs/outputs for hexapod_v3_1_simplified_context_5, try to reduce number of inputs or outputs
Number of DDRs: 0
Number of inputs: 21
Number of outputs: 29

[2026-04-13 12:48:39.597] [default] [info] Iteration failed on: Automri finished with too many resources on context_6
[2026-04-13 12:48:39.799] [default] [info] Iteration failed on: Automri finished with too many resources on context_7
[2026-04-13 12:48:40.010] [default] [info] Iteration failed on: Automri finished with too many resources on context_8
[2026-04-13 12:48:40.203] [default] [info] Iteration failed on: Automri finished with too many resources on context_9
[2026-04-13 12:48:54.066] [default] [info] Iteration failed on: Too many inputs/outputs for hexapod_v3_1_simplified_context_5, try to reduce number of inputs or outputs
Number of DDRs: 0
Number of inputs: 21
Number of outputs: 29

[2026-04-13 12:48:54.281] [default] [info] Iteration failed on: Automri finished with too many resources on context_6
[2026-04-13 12:48:54.470] [default] [info] Iteration failed on: Automri finished with too many resources on context_7
[2026-04-13 12:48:54.653] [default] [info] Iteration failed on: Automri finished with too many resources on context_8
[2026-04-13 12:48:54.833] [default] [info] Iteration failed on: Automri finished with too many resources on context_9
[2026-04-13 12:49:07.973] [default] [info] Iteration failed on: Too many inputs/outputs for hexapod_v3_1_simplified_context_5, try to reduce number of inputs or outputs
Number of DDRs: 0
Number of inputs: 21
Number of outputs: 29

[2026-04-13 12:49:08.175] [default] [info] Iteration failed on: Automri finished with too many resources on context_6
[2026-04-13 12:49:08.377] [default] [info] Iteration failed on: Automri finished with too many resources on context_7
[2026-04-13 12:49:08.564] [default] [info] Iteration failed on: Automri finished with too many resources on context_8
[2026-04-13 12:49:08.743] [default] [info] Iteration failed on: Automri finished with too many resources on context_9
[2026-04-13 12:49:24.486] [default] [info] Iteration failed on: Too many inputs/outputs for hexapod_v3_1_simplified_context_5, try to reduce number of inputs or outputs
Number of DDRs: 0
Number of inputs: 21
Number of outputs: 29

[2026-04-13 12:49:24.693] [default] [info] Iteration failed on: Automri finished with too many resources on context_6
[2026-04-13 12:49:24.874] [default] [info] Iteration failed on: Automri finished with too many resources on context_7
[2026-04-13 12:49:25.059] [default] [info] Iteration failed on: Automri finished with too many resources on context_8
[2026-04-13 12:49:25.246] [default] [info] Iteration failed on: Automri finished with too many resources on context_9
[2026-04-13 12:49:38.278] [default] [info] Iteration failed on: Too many inputs/outputs for hexapod_v3_1_simplified_context_5, try to reduce number of inputs or outputs
Number of DDRs: 0
Number of inputs: 21
Number of outputs: 29

[2026-04-13 12:49:38.492] [default] [info] Iteration failed on: Automri finished with too many resources on context_6
[2026-04-13 12:49:38.668] [default] [info] Iteration failed on: Automri finished with too many resources on context_7
[2026-04-13 12:49:38.847] [default] [info] Iteration failed on: Automri finished with too many resources on context_8
[2026-04-13 12:49:39.023] [default] [info] Iteration failed on: Automri finished with too many resources on context_9
[2026-04-13 12:49:53.695] [default] [info] Iteration failed on: Too many inputs/outputs for hexapod_v3_1_simplified_context_5, try to reduce number of inputs or outputs
Number of DDRs: 0
Number of inputs: 21
Number of outputs: 29

[2026-04-13 12:49:53.890] [default] [info] Iteration failed on: Automri finished with too many resources on context_6
[2026-04-13 12:49:54.066] [default] [info] Iteration failed on: Automri finished with too many resources on context_7
[2026-04-13 12:49:54.244] [default] [info] Iteration failed on: Automri finished with too many resources on context_8
[2026-04-13 12:49:54.427] [default] [info] Iteration failed on: Automri finished with too many resources on context_9
[2026-04-13 12:50:07.136] [default] [info] Iteration failed on: Too many inputs/outputs for hexapod_v3_1_simplified_context_5, try to reduce number of inputs or outputs
Number of DDRs: 0
Number of inputs: 21
Number of outputs: 28

[2026-04-13 12:50:07.343] [default] [info] Iteration failed on: Automri finished with too many resources on context_6
[2026-04-13 12:50:07.525] [default] [info] Iteration failed on: Automri finished with too many resources on context_7
[2026-04-13 12:50:07.708] [default] [info] Iteration failed on: Automri finished with too many resources on context_8
[2026-04-13 12:50:07.892] [default] [info] Iteration failed on: Automri finished with too many resources on context_9
[2026-04-13 12:50:22.365] [default] [info] Iteration failed on: Too many inputs/outputs for hexapod_v3_1_simplified_context_5, try to reduce number of inputs or outputs
Number of DDRs: 0
Number of inputs: 21
Number of outputs: 27

[2026-04-13 12:50:22.582] [default] [info] Iteration failed on: Automri finished with too many resources on context_6
[2026-04-13 12:50:22.781] [default] [info] Iteration failed on: Automri finished with too many resources on context_7
[2026-04-13 12:50:22.978] [default] [info] Iteration failed on: Automri finished with too many resources on context_8
[2026-04-13 12:50:23.159] [default] [info] Iteration failed on: Automri finished with too many resources on context_9
[2026-04-13 12:50:35.559] [default] [info] Iteration failed on: Too many inputs/outputs for hexapod_v3_1_simplified_context_5, try to reduce number of inputs or outputs
Number of DDRs: 0
Number of inputs: 21
Number of outputs: 26

[2026-04-13 12:50:35.750] [default] [info] Iteration failed on: Automri finished with too many resources on context_6
[2026-04-13 12:50:35.924] [default] [info] Iteration failed on: Automri finished with too many resources on context_7
[2026-04-13 12:50:36.117] [default] [info] Iteration failed on: Automri finished with too many resources on context_8
[2026-04-13 12:50:36.294] [default] [info] Iteration failed on: Automri finished with too many resources on context_9
[2026-04-13 12:50:49.592] [default] [info] Iteration failed on: Too many inputs/outputs for hexapod_v3_1_simplified_context_5, try to reduce number of inputs or outputs
Number of DDRs: 0
Number of inputs: 21
Number of outputs: 26

[2026-04-13 12:50:49.780] [default] [info] Iteration failed on: Automri finished with too many resources on context_6
[2026-04-13 12:50:49.952] [default] [info] Iteration failed on: Automri finished with too many resources on context_7
[2026-04-13 12:50:50.120] [default] [info] Iteration failed on: Automri finished with too many resources on context_8
[2026-04-13 12:50:50.286] [default] [info] Iteration failed on: Automri finished with too many resources on context_9
[2026-04-13 12:51:05.226] [default] [info] Iteration failed on: Too many inputs/outputs for hexapod_v3_1_simplified_context_5, try to reduce number of inputs or outputs
Number of DDRs: 0
Number of inputs: 21
Number of outputs: 25

[2026-04-13 12:51:05.410] [default] [info] Iteration failed on: Automri finished with too many resources on context_6
[2026-04-13 12:51:05.576] [default] [info] Iteration failed on: Automri finished with too many resources on context_7
[2026-04-13 12:51:05.743] [default] [info] Iteration failed on: Automri finished with too many resources on context_8
[2026-04-13 12:51:05.912] [default] [info] Iteration failed on: Automri finished with too many resources on context_9
[2026-04-13 12:51:18.645] [default] [info] Iteration failed on: Too many inputs/outputs for hexapod_v3_1_simplified_context_5, try to reduce number of inputs or outputs
Number of DDRs: 0
Number of inputs: 21
Number of outputs: 25

[2026-04-13 12:51:18.832] [default] [info] Iteration failed on: Automri finished with too many resources on context_6
[2026-04-13 12:51:19.001] [default] [info] Iteration failed on: Automri finished with too many resources on context_7
[2026-04-13 12:51:19.176] [default] [info] Iteration failed on: Automri finished with too many resources on context_8
[2026-04-13 12:51:19.341] [default] [info] Iteration failed on: Automri finished with too many resources on context_9
[2026-04-13 12:51:34.167] [default] [info] Iteration failed on: Too many inputs/outputs for hexapod_v3_1_simplified_context_5, try to reduce number of inputs or outputs
Number of DDRs: 0
Number of inputs: 21
Number of outputs: 25

[2026-04-13 12:51:34.361] [default] [info] Iteration failed on: Automri finished with too many resources on context_6
[2026-04-13 12:51:34.533] [default] [info] Iteration failed on: Automri finished with too many resources on context_7
[2026-04-13 12:51:34.698] [default] [info] Iteration failed on: Automri finished with too many resources on context_8
[2026-04-13 12:51:34.863] [default] [info] Iteration failed on: Automri finished with too many resources on context_9
[2026-04-13 12:51:47.186] [default] [info] Iteration failed on: Too many inputs/outputs for hexapod_v3_1_simplified_context_5, try to reduce number of inputs or outputs
Number of DDRs: 0
Number of inputs: 21
Number of outputs: 25

[2026-04-13 12:51:47.376] [default] [info] Iteration failed on: Automri finished with too many resources on context_6
[2026-04-13 12:51:47.542] [default] [info] Iteration failed on: Automri finished with too many resources on context_7
[2026-04-13 12:51:47.708] [default] [info] Iteration failed on: Automri finished with too many resources on context_8
[2026-04-13 12:51:47.870] [default] [info] Iteration failed on: Automri finished with too many resources on context_9
[2026-04-13 12:52:00.250] [default] [info] Iteration failed on: Too many inputs/outputs for hexapod_v3_1_simplified_context_5, try to reduce number of inputs or outputs
Number of DDRs: 0
Number of inputs: 21
Number of outputs: 25

[2026-04-13 12:52:00.439] [default] [info] Iteration failed on: Automri finished with too many resources on context_6
[2026-04-13 12:52:00.603] [default] [info] Iteration failed on: Automri finished with too many resources on context_7
[2026-04-13 12:52:00.784] [default] [info] Iteration failed on: Automri finished with too many resources on context_8
[2026-04-13 12:52:00.952] [default] [info] Iteration failed on: Automri finished with too many resources on context_9
[2026-04-13 12:52:03.091] [default] [info] Iteration failed on: Automri finished with too many resources on context_10
[2026-04-13 12:52:15.706] [default] [info] Iteration failed on: Too many inputs/outputs for hexapod_v3_1_simplified_context_5, try to reduce number of inputs or outputs
Number of DDRs: 0
Number of inputs: 21
Number of outputs: 26

[2026-04-13 12:52:15.894] [default] [info] Iteration failed on: Automri finished with too many resources on context_6
[2026-04-13 12:52:16.064] [default] [info] Iteration failed on: Automri finished with too many resources on context_7
[2026-04-13 12:52:16.231] [default] [info] Iteration failed on: Automri finished with too many resources on context_8
[2026-04-13 12:52:16.398] [default] [info] Iteration failed on: Automri finished with too many resources on context_9
[2026-04-13 12:52:16.565] [default] [info] Iteration failed on: Automri finished with too many resources on context_10
[2026-04-13 12:52:29.234] [default] [info] Iteration failed on: Too many inputs/outputs for hexapod_v3_1_simplified_context_5, try to reduce number of inputs or outputs
Number of DDRs: 0
Number of inputs: 21
Number of outputs: 26

[2026-04-13 12:52:29.434] [default] [info] Iteration failed on: Automri finished with too many resources on context_6
[2026-04-13 12:52:29.597] [default] [info] Iteration failed on: Automri finished with too many resources on context_7
[2026-04-13 12:52:29.763] [default] [info] Iteration failed on: Automri finished with too many resources on context_8
[2026-04-13 12:52:29.933] [default] [info] Iteration failed on: Automri finished with too many resources on context_9
[2026-04-13 12:52:30.103] [default] [info] Iteration failed on: Automri finished with too many resources on context_10
[2026-04-13 12:52:44.962] [default] [info] Iteration failed on: Too many inputs/outputs for hexapod_v3_1_simplified_context_5, try to reduce number of inputs or outputs
Number of DDRs: 0
Number of inputs: 21
Number of outputs: 26

[2026-04-13 12:52:45.151] [default] [info] Iteration failed on: Automri finished with too many resources on context_6
[2026-04-13 12:52:45.317] [default] [info] Iteration failed on: Automri finished with too many resources on context_7
[2026-04-13 12:52:45.486] [default] [info] Iteration failed on: Automri finished with too many resources on context_8
[2026-04-13 12:52:45.657] [default] [info] Iteration failed on: Automri finished with too many resources on context_9
[2026-04-13 12:52:45.824] [default] [info] Iteration failed on: Automri finished with too many resources on context_10
[2026-04-13 12:52:58.588] [default] [info] Iteration failed on: Too many inputs/outputs for hexapod_v3_1_simplified_context_5, try to reduce number of inputs or outputs
Number of DDRs: 0
Number of inputs: 21
Number of outputs: 26

[2026-04-13 12:52:58.778] [default] [info] Iteration failed on: Automri finished with too many resources on context_6
[2026-04-13 12:52:58.948] [default] [info] Iteration failed on: Automri finished with too many resources on context_7
[2026-04-13 12:52:59.109] [default] [info] Iteration failed on: Automri finished with too many resources on context_8
[2026-04-13 12:52:59.272] [default] [info] Iteration failed on: Automri finished with too many resources on context_9
[2026-04-13 12:52:59.436] [default] [info] Iteration failed on: Automri finished with too many resources on context_10
[2026-04-13 12:53:14.459] [default] [info] Iteration failed on: Too many inputs/outputs for hexapod_v3_1_simplified_context_5, try to reduce number of inputs or outputs
Number of DDRs: 0
Number of inputs: 21
Number of outputs: 26

[2026-04-13 12:53:14.655] [default] [info] Iteration failed on: Automri finished with too many resources on context_6
[2026-04-13 12:53:14.817] [default] [info] Iteration failed on: Automri finished with too many resources on context_7
[2026-04-13 12:53:14.984] [default] [info] Iteration failed on: Automri finished with too many resources on context_8
[2026-04-13 12:53:15.156] [default] [info] Iteration failed on: Automri finished with too many resources on context_9
[2026-04-13 12:53:15.339] [default] [info] Iteration failed on: Automri finished with too many resources on context_10
[2026-04-13 12:53:28.498] [default] [info] Iteration failed on: Too many inputs/outputs for hexapod_v3_1_simplified_context_5, try to reduce number of inputs or outputs
Number of DDRs: 0
Number of inputs: 21
Number of outputs: 26

[2026-04-13 12:53:28.695] [default] [info] Iteration failed on: Automri finished with too many resources on context_6
[2026-04-13 12:53:28.863] [default] [info] Iteration failed on: Automri finished with too many resources on context_7
[2026-04-13 12:53:29.033] [default] [info] Iteration failed on: Automri finished with too many resources on context_8
[2026-04-13 12:53:29.203] [default] [info] Iteration failed on: Automri finished with too many resources on context_9
[2026-04-13 12:53:29.369] [default] [info] Iteration failed on: Automri finished with too many resources on context_10
[2026-04-13 12:53:42.776] [default] [info] Iteration failed on: Too many inputs/outputs for hexapod_v3_1_simplified_context_5, try to reduce number of inputs or outputs
Number of DDRs: 0
Number of inputs: 21
Number of outputs: 26

[2026-04-13 12:53:42.981] [default] [info] Iteration failed on: Automri finished with too many resources on context_6
[2026-04-13 12:53:43.158] [default] [info] Iteration failed on: Automri finished with too many resources on context_7
[2026-04-13 12:53:43.332] [default] [info] Iteration failed on: Automri finished with too many resources on context_8
[2026-04-13 12:53:43.507] [default] [info] Iteration failed on: Automri finished with too many resources on context_9
[2026-04-13 12:53:43.679] [default] [info] Iteration failed on: Automri finished with too many resources on context_10
[2026-04-13 12:53:59.044] [default] [info] Iteration failed on: Too many inputs/outputs for hexapod_v3_1_simplified_context_5, try to reduce number of inputs or outputs
Number of DDRs: 0
Number of inputs: 21
Number of outputs: 25

[2026-04-13 12:53:59.245] [default] [info] Iteration failed on: Automri finished with too many resources on context_6
[2026-04-13 12:53:59.416] [default] [info] Iteration failed on: Automri finished with too many resources on context_7
[2026-04-13 12:53:59.585] [default] [info] Iteration failed on: Automri finished with too many resources on context_8
[2026-04-13 12:53:59.758] [default] [info] Iteration failed on: Automri finished with too many resources on context_9
[2026-04-13 12:53:59.926] [default] [info] Iteration failed on: Automri finished with too many resources on context_10
[2026-04-13 12:54:13.119] [default] [info] Iteration failed on: Too many inputs/outputs for hexapod_v3_1_simplified_context_5, try to reduce number of inputs or outputs
Number of DDRs: 0
Number of inputs: 21
Number of outputs: 24

[2026-04-13 12:54:13.323] [default] [info] Iteration failed on: Automri finished with too many resources on context_6
[2026-04-13 12:54:13.504] [default] [info] Iteration failed on: Automri finished with too many resources on context_7
[2026-04-13 12:54:13.676] [default] [info] Iteration failed on: Automri finished with too many resources on context_8
[2026-04-13 12:54:13.849] [default] [info] Iteration failed on: Automri finished with too many resources on context_9
[2026-04-13 12:54:14.024] [default] [info] Iteration failed on: Automri finished with too many resources on context_10
[2026-04-13 12:54:29.246] [default] [info] Iteration failed on: Too many inputs/outputs for hexapod_v3_1_simplified_context_5, try to reduce number of inputs or outputs
Number of DDRs: 0
Number of inputs: 21
Number of outputs: 23

[2026-04-13 12:54:29.426] [default] [info] Iteration failed on: Automri finished with too many resources on context_6
[2026-04-13 12:54:29.582] [default] [info] Iteration failed on: Automri finished with too many resources on context_7
[2026-04-13 12:54:29.742] [default] [info] Iteration failed on: Automri finished with too many resources on context_8
[2026-04-13 12:54:29.901] [default] [info] Iteration failed on: Automri finished with too many resources on context_9
[2026-04-13 12:54:30.054] [default] [info] Iteration failed on: Automri finished with too many resources on context_10
[2026-04-13 12:54:42.724] [default] [info] Iteration failed on: Too many inputs/outputs for hexapod_v3_1_simplified_context_5, try to reduce number of inputs or outputs
Number of DDRs: 0
Number of inputs: 21
Number of outputs: 23

[2026-04-13 12:54:42.921] [default] [info] Iteration failed on: Automri finished with too many resources on context_6
[2026-04-13 12:54:43.084] [default] [info] Iteration failed on: Automri finished with too many resources on context_7
[2026-04-13 12:54:43.245] [default] [info] Iteration failed on: Automri finished with too many resources on context_8
[2026-04-13 12:54:43.406] [default] [info] Iteration failed on: Automri finished with too many resources on context_9
[2026-04-13 12:54:43.571] [default] [info] Iteration failed on: Automri finished with too many resources on context_10
[2026-04-13 12:54:58.346] [default] [info] Iteration failed on: Too many inputs/outputs for hexapod_v3_1_simplified_context_5, try to reduce number of inputs or outputs
Number of DDRs: 0
Number of inputs: 21
Number of outputs: 22

[2026-04-13 12:54:58.544] [default] [info] Iteration failed on: Automri finished with too many resources on context_6
[2026-04-13 12:54:58.710] [default] [info] Iteration failed on: Automri finished with too many resources on context_7
[2026-04-13 12:54:58.880] [default] [info] Iteration failed on: Automri finished with too many resources on context_8
[2026-04-13 12:54:59.046] [default] [info] Iteration failed on: Automri finished with too many resources on context_9
[2026-04-13 12:54:59.210] [default] [info] Iteration failed on: Automri finished with too many resources on context_10
[2026-04-13 12:55:11.591] [default] [info] Iteration failed on: Too many inputs/outputs for hexapod_v3_1_simplified_context_5, try to reduce number of inputs or outputs
Number of DDRs: 0
Number of inputs: 21
Number of outputs: 21

[2026-04-13 12:55:11.784] [default] [info] Iteration failed on: Automri finished with too many resources on context_6
[2026-04-13 12:55:11.951] [default] [info] Iteration failed on: Automri finished with too many resources on context_7
[2026-04-13 12:55:12.116] [default] [info] Iteration failed on: Automri finished with too many resources on context_8
[2026-04-13 12:55:12.283] [default] [info] Iteration failed on: Automri finished with too many resources on context_9
[2026-04-13 12:55:12.451] [default] [info] Iteration failed on: Automri finished with too many resources on context_10
[2026-04-13 12:55:24.459] [default] [info] Iteration failed on: Too many inputs/outputs for hexapod_v3_1_simplified_context_5, try to reduce number of inputs or outputs
Number of DDRs: 0
Number of inputs: 21
Number of outputs: 21

[2026-04-13 12:55:24.645] [default] [info] Iteration failed on: Automri finished with too many resources on context_6
[2026-04-13 12:55:24.813] [default] [info] Iteration failed on: Automri finished with too many resources on context_7
[2026-04-13 12:55:24.981] [default] [info] Iteration failed on: Automri finished with too many resources on context_8
[2026-04-13 12:55:25.144] [default] [info] Iteration failed on: Automri finished with too many resources on context_9
[2026-04-13 12:55:25.310] [default] [info] Iteration failed on: Automri finished with too many resources on context_10
[2026-04-13 12:55:39.607] [default] [info] Iteration failed on: Too many inputs/outputs for hexapod_v3_1_simplified_context_5, try to reduce number of inputs or outputs
Number of DDRs: 0
Number of inputs: 21
Number of outputs: 21

[2026-04-13 12:55:39.806] [default] [info] Iteration failed on: Automri finished with too many resources on context_6
[2026-04-13 12:55:39.980] [default] [info] Iteration failed on: Automri finished with too many resources on context_7
[2026-04-13 12:55:40.150] [default] [info] Iteration failed on: Automri finished with too many resources on context_8
[2026-04-13 12:55:40.324] [default] [info] Iteration failed on: Automri finished with too many resources on context_9
[2026-04-13 12:55:40.494] [default] [info] Iteration failed on: Automri finished with too many resources on context_10
[2026-04-13 12:55:52.845] [default] [info] Iteration failed on: Too many inputs/outputs for hexapod_v3_1_simplified_context_5, try to reduce number of inputs or outputs
Number of DDRs: 0
Number of inputs: 21
Number of outputs: 21

[2026-04-13 12:55:53.044] [default] [info] Iteration failed on: Automri finished with too many resources on context_6
[2026-04-13 12:55:53.219] [default] [info] Iteration failed on: Automri finished with too many resources on context_7
[2026-04-13 12:55:53.390] [default] [info] Iteration failed on: Automri finished with too many resources on context_8
[2026-04-13 12:55:53.570] [default] [info] Iteration failed on: Automri finished with too many resources on context_9
[2026-04-13 12:56:07.993] [default] [info] Iteration failed on: Too many inputs/outputs for hexapod_v3_1_simplified_context_5, try to reduce number of inputs or outputs
Number of DDRs: 0
Number of inputs: 20
Number of outputs: 21

[2026-04-13 12:56:08.202] [default] [info] Iteration failed on: Automri finished with too many resources on context_6
[2026-04-13 12:56:08.379] [default] [info] Iteration failed on: Automri finished with too many resources on context_7
[2026-04-13 12:56:08.559] [default] [info] Iteration failed on: Automri finished with too many resources on context_8
[2026-04-13 12:56:08.737] [default] [info] Iteration failed on: Automri finished with too many resources on context_9
[2026-04-13 12:56:20.877] [default] [info] Iteration failed on: Too many inputs/outputs for hexapod_v3_1_simplified_context_5, try to reduce number of inputs or outputs
Number of DDRs: 0
Number of inputs: 20
Number of outputs: 21

[2026-04-13 12:56:21.062] [default] [info] Iteration failed on: Automri finished with too many resources on context_6
[2026-04-13 12:56:21.232] [default] [info] Iteration failed on: Automri finished with too many resources on context_7
[2026-04-13 12:56:21.398] [default] [info] Iteration failed on: Automri finished with too many resources on context_8
[2026-04-13 12:56:21.572] [default] [info] Iteration failed on: Automri finished with too many resources on context_9
[2026-04-13 12:56:21.749] [default] [info] Iteration failed on: Automri finished with too many resources on context_10
[2026-04-13 12:56:34.143] [default] [info] Iteration failed on: Too many inputs/outputs for hexapod_v3_1_simplified_context_5, try to reduce number of inputs or outputs
Number of DDRs: 0
Number of inputs: 20
Number of outputs: 21

[2026-04-13 12:56:34.343] [default] [info] Iteration failed on: Automri finished with too many resources on context_6
[2026-04-13 12:56:34.523] [default] [info] Iteration failed on: Automri finished with too many resources on context_7
[2026-04-13 12:56:34.700] [default] [info] Iteration failed on: Automri finished with too many resources on context_8
[2026-04-13 12:56:36.784] [default] [info] Iteration failed on: Automri finished with too many resources on context_9
[2026-04-13 12:56:36.969] [default] [info] Iteration failed on: Automri finished with too many resources on context_10
[2026-04-13 12:56:49.390] [default] [info] Iteration failed on: Too many inputs/outputs for hexapod_v3_1_simplified_context_5, try to reduce number of inputs or outputs
Number of DDRs: 0
Number of inputs: 20
Number of outputs: 21

[2026-04-13 12:56:49.583] [default] [info] Iteration failed on: Automri finished with too many resources on context_6
[2026-04-13 12:56:49.751] [default] [info] Iteration failed on: Automri finished with too many resources on context_7
[2026-04-13 12:56:49.917] [default] [info] Iteration failed on: Automri finished with too many resources on context_8
[2026-04-13 12:56:50.087] [default] [info] Iteration failed on: Automri finished with too many resources on context_9
[2026-04-13 12:56:50.257] [default] [info] Iteration failed on: Automri finished with too many resources on context_10
[2026-04-13 12:57:02.569] [default] [info] Iteration failed on: Too many inputs/outputs for hexapod_v3_1_simplified_context_5, try to reduce number of inputs or outputs
Number of DDRs: 0
Number of inputs: 20
Number of outputs: 21

[2026-04-13 12:57:02.782] [default] [info] Iteration failed on: Automri finished with too many resources on context_6
[2026-04-13 12:57:02.973] [default] [info] Iteration failed on: Automri finished with too many resources on context_7
[2026-04-13 12:57:03.161] [default] [info] Iteration failed on: Automri finished with too many resources on context_8
[2026-04-13 12:57:03.354] [default] [info] Iteration failed on: Automri finished with too many resources on context_9
[2026-04-13 12:57:03.538] [default] [info] Iteration failed on: Automri finished with too many resources on context_10
[2026-04-13 12:57:18.630] [default] [info] Iteration failed on: Too many inputs/outputs for hexapod_v3_1_simplified_context_5, try to reduce number of inputs or outputs
Number of DDRs: 0
Number of inputs: 20
Number of outputs: 21

[2026-04-13 12:57:18.840] [default] [info] Iteration failed on: Automri finished with too many resources on context_6
[2026-04-13 12:57:19.028] [default] [info] Iteration failed on: Automri finished with too many resources on context_7
[2026-04-13 12:57:19.212] [default] [info] Iteration failed on: Automri finished with too many resources on context_8
[2026-04-13 12:57:19.397] [default] [info] Iteration failed on: Automri finished with too many resources on context_9
[2026-04-13 12:57:19.584] [default] [info] Iteration failed on: Automri finished with too many resources on context_10
[2026-04-13 13:00:29.691] [default] [info] Iteration failed on: Too many inputs/outputs for hexapod_v3_1_simplified_context_5, try to reduce number of inputs or outputs
Number of DDRs: 0
Number of inputs: 20
Number of outputs: 21

[2026-04-13 13:00:29.932] [default] [info] Iteration failed on: Automri finished with too many resources on context_6
[2026-04-13 13:00:30.132] [default] [info] Iteration failed on: Automri finished with too many resources on context_7
[2026-04-13 13:00:30.334] [default] [info] Iteration failed on: Automri finished with too many resources on context_8
[2026-04-13 13:00:30.533] [default] [info] Iteration failed on: Automri finished with too many resources on context_9
[2026-04-13 13:00:30.735] [default] [info] Iteration failed on: Automri finished with too many resources on context_10
[2026-04-13 13:00:45.736] [default] [info] Iteration failed on: Too many inputs/outputs for hexapod_v3_1_simplified_context_5, try to reduce number of inputs or outputs
Number of DDRs: 0
Number of inputs: 20
Number of outputs: 20

[2026-04-13 13:00:45.969] [default] [info] Iteration failed on: Automri finished with too many resources on context_6
[2026-04-13 13:00:46.170] [default] [info] Iteration failed on: Automri finished with too many resources on context_7
[2026-04-13 13:00:46.368] [default] [info] Iteration failed on: Automri finished with too many resources on context_8
[2026-04-13 13:00:46.561] [default] [info] Iteration failed on: Automri finished with too many resources on context_9
[2026-04-13 13:00:46.755] [default] [info] Iteration failed on: Automri finished with too many resources on context_10
[2026-04-13 13:00:59.149] [default] [info] Iteration failed on: Too many inputs/outputs for hexapod_v3_1_simplified_context_5, try to reduce number of inputs or outputs
Number of DDRs: 0
Number of inputs: 20
Number of outputs: 19

[2026-04-13 13:00:59.368] [default] [info] Iteration failed on: Automri finished with too many resources on context_6
[2026-04-13 13:00:59.560] [default] [info] Iteration failed on: Automri finished with too many resources on context_7
[2026-04-13 13:00:59.743] [default] [info] Iteration failed on: Automri finished with too many resources on context_8
[2026-04-13 13:00:59.929] [default] [info] Iteration failed on: Automri finished with too many resources on context_9
[2026-04-13 13:01:00.120] [default] [info] Iteration failed on: Automri finished with too many resources on context_10
[2026-04-13 13:01:00.316] [default] [info] Iteration failed on: Automri finished with too many resources on context_10
[2026-04-13 13:01:16.078] [default] [info] Iteration failed on: Too many inputs/outputs for hexapod_v3_1_simplified_context_5, try to reduce number of inputs or outputs
Number of DDRs: 0
Number of inputs: 20
Number of outputs: 18

[2026-04-13 13:01:16.296] [default] [info] Iteration failed on: Automri finished with too many resources on context_6
[2026-04-13 13:01:16.489] [default] [info] Iteration failed on: Automri finished with too many resources on context_6
[2026-04-13 13:01:16.688] [default] [info] Iteration failed on: Automri finished with too many resources on context_7
[2026-04-13 13:01:16.888] [default] [info] Iteration failed on: Automri finished with too many resources on context_7
[2026-04-13 13:01:17.084] [default] [info] Iteration failed on: Automri finished with too many resources on context_8
[2026-04-13 13:01:17.279] [default] [info] Iteration failed on: Automri finished with too many resources on context_8
[2026-04-13 13:01:17.482] [default] [info] Iteration failed on: Automri finished with too many resources on context_9
[2026-04-13 13:01:30.396] [default] [info] Iteration failed on: Too many inputs/outputs for hexapod_v3_1_simplified_context_5, try to reduce number of inputs or outputs
Number of DDRs: 0
Number of inputs: 20
Number of outputs: 18

[2026-04-13 13:01:30.607] [default] [info] Iteration failed on: Automri finished with too many resources on context_6
[2026-04-13 13:01:30.805] [default] [info] Iteration failed on: Automri finished with too many resources on context_7
[2026-04-13 13:01:30.998] [default] [info] Iteration failed on: Automri finished with too many resources on context_8
[2026-04-13 13:01:31.188] [default] [info] Iteration failed on: Automri finished with too many resources on context_9
[2026-04-13 13:01:46.639] [default] [info] Iteration failed on: Too many inputs/outputs for hexapod_v3_1_simplified_context_5, try to reduce number of inputs or outputs
Number of DDRs: 0
Number of inputs: 20
Number of outputs: 17

[2026-04-13 13:01:46.872] [default] [info] Iteration failed on: Automri finished with too many resources on context_6
[2026-04-13 13:01:47.078] [default] [info] Iteration failed on: Automri finished with too many resources on context_7
[2026-04-13 13:01:47.310] [default] [info] Iteration failed on: Automri finished with too many resources on context_8
[2026-04-13 13:01:47.572] [default] [info] Iteration failed on: Automri finished with too many resources on context_9
[2026-04-13 13:01:47.767] [default] [info] Iteration failed on: Automri finished with too many resources on context_10
[2026-04-13 13:01:47.968] [default] [info] Iteration failed on: Automri finished with too many resources on context_10
[2026-04-13 13:02:01.480] [default] [info] Iteration failed on: Too many inputs/outputs for hexapod_v3_1_simplified_context_5, try to reduce number of inputs or outputs
Number of DDRs: 0
Number of inputs: 19
Number of outputs: 17

[2026-04-13 13:02:01.742] [default] [info] Iteration failed on: Automri finished with too many resources on context_6
[2026-04-13 13:02:01.972] [default] [info] Iteration failed on: Automri finished with too many resources on context_7
[2026-04-13 13:02:02.206] [default] [info] Iteration failed on: Automri finished with too many resources on context_8
[2026-04-13 13:02:15.753] [default] [info] Iteration failed on: Too many inputs/outputs for hexapod_v3_1_simplified_context_5, try to reduce number of inputs or outputs
Number of DDRs: 0
Number of inputs: 19
Number of outputs: 17

[2026-04-13 13:02:16.004] [default] [info] Iteration failed on: Automri finished with too many resources on context_6
[2026-04-13 13:02:16.230] [default] [info] Iteration failed on: Automri finished with too many resources on context_7
[2026-04-13 13:02:16.458] [default] [info] Iteration failed on: Automri finished with too many resources on context_8
[2026-04-13 13:02:16.675] [default] [info] Iteration failed on: Automri finished with too many resources on context_9
[2026-04-13 13:02:16.897] [default] [info] Iteration failed on: Automri finished with too many resources on context_10
[2026-04-13 13:02:32.522] [default] [info] Iteration failed on: Too many inputs/outputs for hexapod_v3_1_simplified_context_5, try to reduce number of inputs or outputs
Number of DDRs: 0
Number of inputs: 19
Number of outputs: 17

[2026-04-13 13:02:32.750] [default] [info] Iteration failed on: Automri finished with too many resources on context_6
[2026-04-13 13:02:32.962] [default] [info] Iteration failed on: Automri finished with too many resources on context_7
[2026-04-13 13:02:33.165] [default] [info] Iteration failed on: Automri finished with too many resources on context_8
[2026-04-13 13:02:33.368] [default] [info] Iteration failed on: Automri finished with too many resources on context_9
[2026-04-13 13:02:33.574] [default] [info] Iteration failed on: Automri finished with too many resources on context_10
[2026-04-13 13:02:47.236] [default] [info] Iteration failed on: Too many inputs/outputs for hexapod_v3_1_simplified_context_5, try to reduce number of inputs or outputs
Number of DDRs: 0
Number of inputs: 18
Number of outputs: 16

[2026-04-13 13:02:47.458] [default] [info] Iteration failed on: Automri finished with too many resources on context_6
[2026-04-13 13:02:47.668] [default] [info] Iteration failed on: Automri finished with too many resources on context_7
[2026-04-13 13:02:47.870] [default] [info] Iteration failed on: Automri finished with too many resources on context_8
[2026-04-13 13:02:48.078] [default] [info] Iteration failed on: Automri finished with too many resources on context_9
[2026-04-13 13:02:48.278] [default] [info] Iteration failed on: Automri finished with too many resources on context_10
[2026-04-13 13:03:03.819] [default] [info] Iteration failed on: Too many inputs/outputs for hexapod_v3_1_simplified_context_5, try to reduce number of inputs or outputs
Number of DDRs: 0
Number of inputs: 16
Number of outputs: 15

[2026-04-13 13:03:04.051] [default] [info] Iteration failed on: Automri finished with too many resources on context_6
[2026-04-13 13:03:04.262] [default] [info] Iteration failed on: Automri finished with too many resources on context_7
[2026-04-13 13:03:04.465] [default] [info] Iteration failed on: Automri finished with too many resources on context_8
[2026-04-13 13:03:04.674] [default] [info] Iteration failed on: Automri finished with too many resources on context_9
[2026-04-13 13:03:04.873] [default] [info] Iteration failed on: Automri finished with too many resources on context_10
[2026-04-13 13:03:05.041] [default] [info] Iteration failed on: Automri finished with too many resources on context_10
[2026-04-13 13:03:18.493] [default] [info] Iteration failed on: Too many inputs/outputs for hexapod_v3_1_simplified_context_5, try to reduce number of inputs or outputs
Number of DDRs: 0
Number of inputs: 15
Number of outputs: 14

[2026-04-13 13:03:18.682] [default] [info] Iteration failed on: Automri finished with too many resources on context_6
[2026-04-13 13:03:18.847] [default] [info] Iteration failed on: Automri finished with too many resources on context_7
[2026-04-13 13:03:19.013] [default] [info] Iteration failed on: Automri finished with too many resources on context_8
[2026-04-13 13:03:34.556] [default] [info] Iteration failed on: Too many inputs/outputs for hexapod_v3_1_simplified_context_5, try to reduce number of inputs or outputs
Number of DDRs: 0
Number of inputs: 14
Number of outputs: 13

[2026-04-13 13:03:34.745] [default] [info] Iteration failed on: Automri finished with too many resources on context_6
[2026-04-13 13:03:34.913] [default] [info] Iteration failed on: Automri finished with too many resources on context_7
[2026-04-13 13:03:35.084] [default] [info] Iteration failed on: Automri finished with too many resources on context_8
[2026-04-13 13:03:35.261] [default] [info] Iteration failed on: Automri finished with too many resources on context_9
[2026-04-13 13:03:35.428] [default] [info] Iteration failed on: Automri finished with too many resources on context_10
[2026-04-13 13:03:48.607] [default] [info] Iteration failed on: Too many inputs/outputs for hexapod_v3_1_simplified_context_5, try to reduce number of inputs or outputs
Number of DDRs: 0
Number of inputs: 13
Number of outputs: 12

[2026-04-13 13:03:48.789] [default] [info] Iteration failed on: Automri finished with too many resources on context_6
[2026-04-13 13:03:48.970] [default] [info] Iteration failed on: Automri finished with too many resources on context_7
[2026-04-13 13:03:49.132] [default] [info] Iteration failed on: Automri finished with too many resources on context_8
[2026-04-13 13:04:04.460] [default] [info] Iteration failed on: Too many inputs/outputs for hexapod_v3_1_simplified_context_5, try to reduce number of inputs or outputs
Number of DDRs: 0
Number of inputs: 12
Number of outputs: 11

[2026-04-13 13:04:04.669] [default] [info] Iteration failed on: Automri finished with too many resources on context_6
[2026-04-13 13:04:04.860] [default] [info] Iteration failed on: Automri finished with too many resources on context_7
[2026-04-13 13:04:05.039] [default] [info] Iteration failed on: Automri finished with too many resources on context_8
[2026-04-13 13:04:05.215] [default] [info] Iteration failed on: Automri finished with too many resources on context_9
[2026-04-13 13:04:05.408] [default] [info] Iteration failed on: Automri finished with too many resources on context_10
[2026-04-13 13:04:18.787] [default] [info] Iteration failed on: Too many inputs/outputs for hexapod_v3_1_simplified_context_5, try to reduce number of inputs or outputs
Number of DDRs: 0
Number of inputs: 11
Number of outputs: 10

[2026-04-13 13:04:18.996] [default] [info] Iteration failed on: Automri finished with too many resources on context_6
[2026-04-13 13:04:19.163] [default] [info] Iteration failed on: Automri finished with too many resources on context_7
[2026-04-13 13:04:32.624] [default] [info] Iteration failed on: Too many inputs/outputs for hexapod_v3_1_simplified_context_5, try to reduce number of inputs or outputs
Number of DDRs: 0
Number of inputs: 11
Number of outputs: 9

[2026-04-13 13:04:32.824] [default] [info] Iteration failed on: Automri finished with too many resources on context_6
[2026-04-13 13:04:32.991] [default] [info] Iteration failed on: Automri finished with too many resources on context_7
[2026-04-13 13:04:33.158] [default] [info] Iteration failed on: Automri finished with too many resources on context_8
[2026-04-13 13:04:33.330] [default] [info] Iteration failed on: Automri finished with too many resources on context_9
[2026-04-13 13:04:33.497] [default] [info] Iteration failed on: Automri finished with too many resources on context_10
[2026-04-13 13:04:49.098] [default] [info] Iteration failed on: Too many inputs/outputs for hexapod_v3_1_simplified_context_5, try to reduce number of inputs or outputs
Number of DDRs: 0
Number of inputs: 11
Number of outputs: 8

[2026-04-13 13:04:49.292] [default] [info] Iteration failed on: Automri finished with too many resources on context_6
[2026-04-13 13:04:49.467] [default] [info] Iteration failed on: Automri finished with too many resources on context_7
[2026-04-13 13:04:49.640] [default] [info] Iteration failed on: Automri finished with too many resources on context_8
[2026-04-13 13:04:49.809] [default] [info] Iteration failed on: Automri finished with too many resources on context_9
[2026-04-13 13:04:49.983] [default] [info] Iteration failed on: Automri finished with too many resources on context_10
[2026-04-13 13:05:03.481] [default] [info] Iteration failed on: Too many inputs/outputs for hexapod_v3_1_simplified_context_5, try to reduce number of inputs or outputs
Number of DDRs: 0
Number of inputs: 11
Number of outputs: 7

[2026-04-13 13:05:03.669] [default] [info] Iteration failed on: Automri finished with too many resources on context_6
[2026-04-13 13:05:03.836] [default] [info] Iteration failed on: Automri finished with too many resources on context_7
[2026-04-13 13:05:04.008] [default] [info] Iteration failed on: Automri finished with too many resources on context_8
[2026-04-13 13:05:04.169] [default] [info] Iteration failed on: Automri finished with too many resources on context_9
[2026-04-13 13:05:04.332] [default] [info] Iteration failed on: Automri finished with too many resources on context_10
[2026-04-13 13:05:20.013] [default] [info] Iteration failed on: Too many inputs/outputs for hexapod_v3_1_simplified_context_6, try to reduce number of inputs or outputs
Number of DDRs: 0
Number of inputs: 18
Number of outputs: 27

[2026-04-13 13:05:20.206] [default] [info] Iteration failed on: Automri finished with too many resources on context_7
[2026-04-13 13:05:20.379] [default] [info] Iteration failed on: Automri finished with too many resources on context_8
[2026-04-13 13:05:20.545] [default] [info] Iteration failed on: Automri finished with too many resources on context_9
[2026-04-13 13:05:20.711] [default] [info] Iteration failed on: Automri finished with too many resources on context_10
[2026-04-13 13:05:34.311] [default] [info] Iteration failed on: Too many inputs/outputs for hexapod_v3_1_simplified_context_6, try to reduce number of inputs or outputs
Number of DDRs: 0
Number of inputs: 18
Number of outputs: 27

[2026-04-13 13:05:34.512] [default] [info] Iteration failed on: Automri finished with too many resources on context_7
[2026-04-13 13:05:34.696] [default] [info] Iteration failed on: Automri finished with too many resources on context_8
[2026-04-13 13:05:34.869] [default] [info] Iteration failed on: Automri finished with too many resources on context_9
[2026-04-13 13:05:35.043] [default] [info] Iteration failed on: Automri finished with too many resources on context_10
[2026-04-13 13:05:50.063] [default] [info] Iteration failed on: Too many inputs/outputs for hexapod_v3_1_simplified_context_6, try to reduce number of inputs or outputs
Number of DDRs: 0
Number of inputs: 18
Number of outputs: 26

[2026-04-13 13:05:50.266] [default] [info] Iteration failed on: Automri finished with too many resources on context_7
[2026-04-13 13:05:50.458] [default] [info] Iteration failed on: Automri finished with too many resources on context_8
[2026-04-13 13:05:50.640] [default] [info] Iteration failed on: Automri finished with too many resources on context_9
[2026-04-13 13:05:50.825] [default] [info] Iteration failed on: Automri finished with too many resources on context_10
[2026-04-13 13:06:03.498] [default] [info] Iteration failed on: Too many inputs/outputs for hexapod_v3_1_simplified_context_6, try to reduce number of inputs or outputs
Number of DDRs: 0
Number of inputs: 18
Number of outputs: 26

[2026-04-13 13:06:03.711] [default] [info] Iteration failed on: Automri finished with too many resources on context_7
[2026-04-13 13:06:03.902] [default] [info] Iteration failed on: Automri finished with too many resources on context_8
[2026-04-13 13:06:04.084] [default] [info] Iteration failed on: Automri finished with too many resources on context_9
[2026-04-13 13:06:04.260] [default] [info] Iteration failed on: Automri finished with too many resources on context_10
[2026-04-13 13:06:17.148] [default] [info] Iteration failed on: Too many inputs/outputs for hexapod_v3_1_simplified_context_6, try to reduce number of inputs or outputs
Number of DDRs: 0
Number of inputs: 18
Number of outputs: 26

[2026-04-13 13:06:17.374] [default] [info] Iteration failed on: Automri finished with too many resources on context_7
[2026-04-13 13:06:17.568] [default] [info] Iteration failed on: Automri finished with too many resources on context_8
[2026-04-13 13:06:17.760] [default] [info] Iteration failed on: Automri finished with too many resources on context_9
[2026-04-13 13:06:17.956] [default] [info] Iteration failed on: Automri finished with too many resources on context_10
[2026-04-13 13:06:33.246] [default] [info] Iteration failed on: Too many inputs/outputs for hexapod_v3_1_simplified_context_6, try to reduce number of inputs or outputs
Number of DDRs: 0
Number of inputs: 18
Number of outputs: 26

[2026-04-13 13:06:33.462] [default] [info] Iteration failed on: Automri finished with too many resources on context_7
[2026-04-13 13:06:33.645] [default] [info] Iteration failed on: Automri finished with too many resources on context_8
[2026-04-13 13:06:33.835] [default] [info] Iteration failed on: Automri finished with too many resources on context_9
[2026-04-13 13:06:34.014] [default] [info] Iteration failed on: Automri finished with too many resources on context_10
[2026-04-13 13:06:47.413] [default] [info] Iteration failed on: Too many inputs/outputs for hexapod_v3_1_simplified_context_6, try to reduce number of inputs or outputs
Number of DDRs: 0
Number of inputs: 18
Number of outputs: 27

[2026-04-13 13:06:47.635] [default] [info] Iteration failed on: Automri finished with too many resources on context_7
[2026-04-13 13:06:47.824] [default] [info] Iteration failed on: Automri finished with too many resources on context_8
[2026-04-13 13:06:48.025] [default] [info] Iteration failed on: Automri finished with too many resources on context_9
[2026-04-13 13:06:48.208] [default] [info] Iteration failed on: Automri finished with too many resources on context_10
[2026-04-13 13:07:04.386] [default] [info] Iteration failed on: Too many inputs/outputs for hexapod_v3_1_simplified_context_6, try to reduce number of inputs or outputs
Number of DDRs: 0
Number of inputs: 18
Number of outputs: 27

[2026-04-13 13:07:04.623] [default] [info] Iteration failed on: Automri finished with too many resources on context_7
[2026-04-13 13:07:04.828] [default] [info] Iteration failed on: Automri finished with too many resources on context_8
[2026-04-13 13:07:05.042] [default] [info] Iteration failed on: Automri finished with too many resources on context_9
[2026-04-13 13:07:05.245] [default] [info] Iteration failed on: Automri finished with too many resources on context_10
[2026-04-13 13:07:19.226] [default] [info] Iteration failed on: Too many inputs/outputs for hexapod_v3_1_simplified_context_6, try to reduce number of inputs or outputs
Number of DDRs: 0
Number of inputs: 18
Number of outputs: 27

[2026-04-13 13:07:20.813] [default] [info] Iteration failed on: Automri finished with too many resources on context_7
[2026-04-13 13:07:21.021] [default] [info] Iteration failed on: Automri finished with too many resources on context_8
[2026-04-13 13:07:21.227] [default] [info] Iteration failed on: Automri finished with too many resources on context_9
[2026-04-13 13:07:21.425] [default] [info] Iteration failed on: Automri finished with too many resources on context_10
[2026-04-13 13:07:37.511] [default] [info] Iteration failed on: Too many inputs/outputs for hexapod_v3_1_simplified_context_6, try to reduce number of inputs or outputs
Number of DDRs: 0
Number of inputs: 18
Number of outputs: 27

[2026-04-13 13:07:37.740] [default] [info] Iteration failed on: Automri finished with too many resources on context_7
[2026-04-13 13:07:37.942] [default] [info] Iteration failed on: Automri finished with too many resources on context_8
[2026-04-13 13:07:38.145] [default] [info] Iteration failed on: Automri finished with too many resources on context_9
[2026-04-13 13:07:38.346] [default] [info] Iteration failed on: Automri finished with too many resources on context_10
[2026-04-13 13:07:52.090] [default] [info] Iteration failed on: Too many inputs/outputs for hexapod_v3_1_simplified_context_6, try to reduce number of inputs or outputs
Number of DDRs: 0
Number of inputs: 18
Number of outputs: 27

[2026-04-13 13:07:52.320] [default] [info] Iteration failed on: Automri finished with too many resources on context_7
[2026-04-13 13:07:52.532] [default] [info] Iteration failed on: Automri finished with too many resources on context_8
[2026-04-13 13:07:52.734] [default] [info] Iteration failed on: Automri finished with too many resources on context_9
[2026-04-13 13:07:52.935] [default] [info] Iteration failed on: Automri finished with too many resources on context_10
[2026-04-13 13:08:09.297] [default] [info] Iteration failed on: Too many inputs/outputs for hexapod_v3_1_simplified_context_6, try to reduce number of inputs or outputs
Number of DDRs: 0
Number of inputs: 18
Number of outputs: 27

[2026-04-13 13:08:09.533] [default] [info] Iteration failed on: Automri finished with too many resources on context_7
[2026-04-13 13:08:09.735] [default] [info] Iteration failed on: Automri finished with too many resources on context_8
[2026-04-13 13:08:09.957] [default] [info] Iteration failed on: Automri finished with too many resources on context_9
[2026-04-13 13:08:10.171] [default] [info] Iteration failed on: Automri finished with too many resources on context_10
[2026-04-13 13:08:24.279] [default] [info] Iteration failed on: Too many inputs/outputs for hexapod_v3_1_simplified_context_6, try to reduce number of inputs or outputs
Number of DDRs: 0
Number of inputs: 18
Number of outputs: 27

[2026-04-13 13:08:24.512] [default] [info] Iteration failed on: Automri finished with too many resources on context_7
[2026-04-13 13:08:24.720] [default] [info] Iteration failed on: Automri finished with too many resources on context_8
[2026-04-13 13:08:24.927] [default] [info] Iteration failed on: Automri finished with too many resources on context_9
[2026-04-13 13:08:25.125] [default] [info] Iteration failed on: Automri finished with too many resources on context_10
[2026-04-13 13:08:40.880] [default] [info] Iteration failed on: Too many inputs/outputs for hexapod_v3_1_simplified_context_6, try to reduce number of inputs or outputs
Number of DDRs: 0
Number of inputs: 18
Number of outputs: 27

[2026-04-13 13:08:41.108] [default] [info] Iteration failed on: Automri finished with too many resources on context_7
[2026-04-13 13:08:41.313] [default] [info] Iteration failed on: Automri finished with too many resources on context_8
[2026-04-13 13:08:41.518] [default] [info] Iteration failed on: Automri finished with too many resources on context_9
[2026-04-13 13:08:41.715] [default] [info] Iteration failed on: Automri finished with too many resources on context_9
[2026-04-13 13:08:41.917] [default] [info] Iteration failed on: Automri finished with too many resources on context_10
[2026-04-13 13:08:42.112] [default] [info] Iteration failed on: Automri finished with too many resources on context_10
[2026-04-13 13:08:55.009] [default] [info] Iteration failed on: Too many inputs/outputs for hexapod_v3_1_simplified_context_6, try to reduce number of inputs or outputs
Number of DDRs: 0
Number of inputs: 18
Number of outputs: 26

[2026-04-13 13:08:55.244] [default] [info] Iteration failed on: Automri finished with too many resources on context_7
[2026-04-13 13:09:08.665] [default] [info] Iteration failed on: Too many inputs/outputs for hexapod_v3_1_simplified_context_6, try to reduce number of inputs or outputs
Number of DDRs: 0
Number of inputs: 18
Number of outputs: 27

[2026-04-13 13:09:08.902] [default] [info] Iteration failed on: Automri finished with too many resources on context_7
[2026-04-13 13:09:09.109] [default] [info] Iteration failed on: Automri finished with too many resources on context_8
[2026-04-13 13:09:09.312] [default] [info] Iteration failed on: Automri finished with too many resources on context_9
[2026-04-13 13:09:09.512] [default] [info] Iteration failed on: Automri finished with too many resources on context_10
[2026-04-13 13:09:24.502] [default] [info] Iteration failed on: Too many inputs/outputs for hexapod_v3_1_simplified_context_6, try to reduce number of inputs or outputs
Number of DDRs: 0
Number of inputs: 18
Number of outputs: 27

[2026-04-13 13:09:24.735] [default] [info] Iteration failed on: Automri finished with too many resources on context_7
[2026-04-13 13:09:24.945] [default] [info] Iteration failed on: Automri finished with too many resources on context_8
[2026-04-13 13:09:25.169] [default] [info] Iteration failed on: Automri finished with too many resources on context_9
[2026-04-13 13:09:25.371] [default] [info] Iteration failed on: Automri finished with too many resources on context_10
[2026-04-13 13:09:38.316] [default] [info] Iteration failed on: Too many inputs/outputs for hexapod_v3_1_simplified_context_6, try to reduce number of inputs or outputs
Number of DDRs: 0
Number of inputs: 18
Number of outputs: 27

[2026-04-13 13:09:38.561] [default] [info] Iteration failed on: Automri finished with too many resources on context_7
[2026-04-13 13:09:38.775] [default] [info] Iteration failed on: Automri finished with too many resources on context_8
[2026-04-13 13:09:38.984] [default] [info] Iteration failed on: Automri finished with too many resources on context_9
[2026-04-13 13:09:39.179] [default] [info] Iteration failed on: Automri finished with too many resources on context_10
[2026-04-13 13:09:54.862] [default] [info] Iteration failed on: Too many inputs/outputs for hexapod_v3_1_simplified_context_6, try to reduce number of inputs or outputs
Number of DDRs: 0
Number of inputs: 18
Number of outputs: 27

[2026-04-13 13:09:55.080] [default] [info] Iteration failed on: Automri finished with too many resources on context_7
[2026-04-13 13:09:55.280] [default] [info] Iteration failed on: Automri finished with too many resources on context_8
[2026-04-13 13:09:55.483] [default] [info] Iteration failed on: Automri finished with too many resources on context_9
[2026-04-13 13:09:55.672] [default] [info] Iteration failed on: Automri finished with too many resources on context_10
[2026-04-13 13:10:10.226] [default] [info] Iteration failed on: Too many inputs/outputs for hexapod_v3_1_simplified_context_6, try to reduce number of inputs or outputs
Number of DDRs: 0
Number of inputs: 18
Number of outputs: 28

[2026-04-13 13:10:10.462] [default] [info] Iteration failed on: Automri finished with too many resources on context_7
[2026-04-13 13:10:10.678] [default] [info] Iteration failed on: Automri finished with too many resources on context_8
[2026-04-13 13:10:10.894] [default] [info] Iteration failed on: Automri finished with too many resources on context_9
[2026-04-13 13:10:11.088] [default] [info] Iteration failed on: Automri finished with too many resources on context_10
[2026-04-13 13:10:28.018] [default] [info] Iteration failed on: Too many inputs/outputs for hexapod_v3_1_simplified_context_6, try to reduce number of inputs or outputs
Number of DDRs: 0
Number of inputs: 18
Number of outputs: 28

[2026-04-13 13:10:28.250] [default] [info] Iteration failed on: Automri finished with too many resources on context_7
[2026-04-13 13:10:28.467] [default] [info] Iteration failed on: Automri finished with too many resources on context_8
[2026-04-13 13:10:28.678] [default] [info] Iteration failed on: Automri finished with too many resources on context_9
[2026-04-13 13:10:28.872] [default] [info] Iteration failed on: Automri finished with too many resources on context_10
[2026-04-13 13:10:43.197] [default] [info] Iteration failed on: Too many inputs/outputs for hexapod_v3_1_simplified_context_6, try to reduce number of inputs or outputs
Number of DDRs: 0
Number of inputs: 18
Number of outputs: 28

[2026-04-13 13:10:43.410] [default] [info] Iteration failed on: Automri finished with too many resources on context_7
[2026-04-13 13:10:43.599] [default] [info] Iteration failed on: Automri finished with too many resources on context_8
[2026-04-13 13:10:43.791] [default] [info] Iteration failed on: Automri finished with too many resources on context_9
[2026-04-13 13:10:43.990] [default] [info] Iteration failed on: Automri finished with too many resources on context_10
[2026-04-13 13:10:59.698] [default] [info] Iteration failed on: Too many inputs/outputs for hexapod_v3_1_simplified_context_6, try to reduce number of inputs or outputs
Number of DDRs: 0
Number of inputs: 18
Number of outputs: 28

[2026-04-13 13:10:59.916] [default] [info] Iteration failed on: Automri finished with too many resources on context_7
[2026-04-13 13:11:00.105] [default] [info] Iteration failed on: Automri finished with too many resources on context_8
[2026-04-13 13:11:00.292] [default] [info] Iteration failed on: Automri finished with too many resources on context_9
[2026-04-13 13:11:00.483] [default] [info] Iteration failed on: Automri finished with too many resources on context_10
[2026-04-13 13:11:14.323] [default] [info] Iteration failed on: Too many inputs/outputs for hexapod_v3_1_simplified_context_6, try to reduce number of inputs or outputs
Number of DDRs: 0
Number of inputs: 18
Number of outputs: 28

[2026-04-13 13:11:14.538] [default] [info] Iteration failed on: Automri finished with too many resources on context_7
[2026-04-13 13:11:14.726] [default] [info] Iteration failed on: Automri finished with too many resources on context_8
[2026-04-13 13:11:14.923] [default] [info] Iteration failed on: Automri finished with too many resources on context_9
[2026-04-13 13:11:15.120] [default] [info] Iteration failed on: Automri finished with too many resources on context_10
[2026-04-13 13:11:30.774] [default] [info] Iteration failed on: Too many inputs/outputs for hexapod_v3_1_simplified_context_6, try to reduce number of inputs or outputs
Number of DDRs: 0
Number of inputs: 18
Number of outputs: 28

[2026-04-13 13:11:31.713] [default] [info] Iteration failed on: Automri finished with too many resources on context_7
[2026-04-13 13:11:31.908] [default] [info] Iteration failed on: Automri finished with too many resources on context_8
[2026-04-13 13:11:32.106] [default] [info] Iteration failed on: Automri finished with too many resources on context_9
[2026-04-13 13:11:32.306] [default] [info] Iteration failed on: Automri finished with too many resources on context_10
[2026-04-13 13:11:45.617] [default] [info] Iteration failed on: Too many inputs/outputs for hexapod_v3_1_simplified_context_6, try to reduce number of inputs or outputs
Number of DDRs: 0
Number of inputs: 18
Number of outputs: 28

[2026-04-13 13:11:45.843] [default] [info] Iteration failed on: Automri finished with too many resources on context_7
[2026-04-13 13:11:46.036] [default] [info] Iteration failed on: Automri finished with too many resources on context_8
[2026-04-13 13:11:46.230] [default] [info] Iteration failed on: Automri finished with too many resources on context_9
[2026-04-13 13:11:46.434] [default] [info] Iteration failed on: Automri finished with too many resources on context_10
[2026-04-13 13:11:59.500] [default] [info] Iteration failed on: Too many inputs/outputs for hexapod_v3_1_simplified_context_6, try to reduce number of inputs or outputs
Number of DDRs: 0
Number of inputs: 18
Number of outputs: 27

[2026-04-13 13:11:59.723] [default] [info] Iteration failed on: Automri finished with too many resources on context_7
[2026-04-13 13:11:59.919] [default] [info] Iteration failed on: Automri finished with too many resources on context_8
[2026-04-13 13:12:00.131] [default] [info] Iteration failed on: Automri finished with too many resources on context_9
[2026-04-13 13:12:00.341] [default] [info] Iteration failed on: Automri finished with too many resources on context_10
[2026-04-13 13:12:15.214] [default] [info] Iteration failed on: Too many inputs/outputs for hexapod_v3_1_simplified_context_6, try to reduce number of inputs or outputs
Number of DDRs: 0
Number of inputs: 18
Number of outputs: 26

[2026-04-13 13:12:15.436] [default] [info] Iteration failed on: Automri finished with too many resources on context_7
[2026-04-13 13:12:15.632] [default] [info] Iteration failed on: Automri finished with too many resources on context_8
[2026-04-13 13:12:15.837] [default] [info] Iteration failed on: Automri finished with too many resources on context_9
[2026-04-13 13:12:16.039] [default] [info] Iteration failed on: Automri finished with too many resources on context_10
[2026-04-13 13:12:28.696] [default] [info] Iteration failed on: Too many inputs/outputs for hexapod_v3_1_simplified_context_6, try to reduce number of inputs or outputs
Number of DDRs: 0
Number of inputs: 18
Number of outputs: 25

[2026-04-13 13:12:28.914] [default] [info] Iteration failed on: Automri finished with too many resources on context_7
[2026-04-13 13:12:29.099] [default] [info] Iteration failed on: Automri finished with too many resources on context_8
[2026-04-13 13:12:29.278] [default] [info] Iteration failed on: Automri finished with too many resources on context_9
[2026-04-13 13:12:29.467] [default] [info] Iteration failed on: Automri finished with too many resources on context_10
[2026-04-13 13:12:44.989] [default] [info] Iteration failed on: Too many inputs/outputs for hexapod_v3_1_simplified_context_6, try to reduce number of inputs or outputs
Number of DDRs: 0
Number of inputs: 18
Number of outputs: 25

[2026-04-13 13:12:45.198] [default] [info] Iteration failed on: Automri finished with too many resources on context_7
[2026-04-13 13:12:45.385] [default] [info] Iteration failed on: Automri finished with too many resources on context_8
[2026-04-13 13:12:45.570] [default] [info] Iteration failed on: Automri finished with too many resources on context_9
[2026-04-13 13:12:45.749] [default] [info] Iteration failed on: Automri finished with too many resources on context_10
[2026-04-13 13:12:58.589] [default] [info] Iteration failed on: Too many inputs/outputs for hexapod_v3_1_simplified_context_6, try to reduce number of inputs or outputs
Number of DDRs: 0
Number of inputs: 18
Number of outputs: 24

[2026-04-13 13:12:58.793] [default] [info] Iteration failed on: Automri finished with too many resources on context_7
[2026-04-13 13:12:58.962] [default] [info] Iteration failed on: Automri finished with too many resources on context_8
[2026-04-13 13:12:59.130] [default] [info] Iteration failed on: Automri finished with too many resources on context_9
[2026-04-13 13:12:59.301] [default] [info] Iteration failed on: Automri finished with too many resources on context_10
[2026-04-13 13:13:14.317] [default] [info] Iteration failed on: Too many inputs/outputs for hexapod_v3_1_simplified_context_6, try to reduce number of inputs or outputs
Number of DDRs: 0
Number of inputs: 18
Number of outputs: 24

[2026-04-13 13:13:14.514] [default] [info] Iteration failed on: Automri finished with too many resources on context_7
[2026-04-13 13:13:14.689] [default] [info] Iteration failed on: Automri finished with too many resources on context_8
[2026-04-13 13:13:14.859] [default] [info] Iteration failed on: Automri finished with too many resources on context_9
[2026-04-13 13:13:15.030] [default] [info] Iteration failed on: Automri finished with too many resources on context_10
[2026-04-13 13:13:27.685] [default] [info] Iteration failed on: Too many inputs/outputs for hexapod_v3_1_simplified_context_6, try to reduce number of inputs or outputs
Number of DDRs: 0
Number of inputs: 18
Number of outputs: 24

[2026-04-13 13:13:27.885] [default] [info] Iteration failed on: Automri finished with too many resources on context_7
[2026-04-13 13:13:28.055] [default] [info] Iteration failed on: Automri finished with too many resources on context_8
[2026-04-13 13:13:28.222] [default] [info] Iteration failed on: Automri finished with too many resources on context_9
[2026-04-13 13:13:28.389] [default] [info] Iteration failed on: Automri finished with too many resources on context_10
[2026-04-13 13:13:40.601] [default] [info] Iteration failed on: Too many inputs/outputs for hexapod_v3_1_simplified_context_6, try to reduce number of inputs or outputs
Number of DDRs: 0
Number of inputs: 18
Number of outputs: 24

[2026-04-13 13:13:40.792] [default] [info] Iteration failed on: Automri finished with too many resources on context_7
[2026-04-13 13:13:40.962] [default] [info] Iteration failed on: Automri finished with too many resources on context_8
[2026-04-13 13:13:41.130] [default] [info] Iteration failed on: Automri finished with too many resources on context_9
[2026-04-13 13:13:41.304] [default] [info] Iteration failed on: Automri finished with too many resources on context_10
[2026-04-13 13:13:55.608] [default] [info] Iteration failed on: Too many inputs/outputs for hexapod_v3_1_simplified_context_6, try to reduce number of inputs or outputs
Number of DDRs: 0
Number of inputs: 18
Number of outputs: 24

[2026-04-13 13:13:55.804] [default] [info] Iteration failed on: Automri finished with too many resources on context_7
[2026-04-13 13:13:55.982] [default] [info] Iteration failed on: Automri finished with too many resources on context_8
[2026-04-13 13:13:56.153] [default] [info] Iteration failed on: Automri finished with too many resources on context_9
[2026-04-13 13:13:56.329] [default] [info] Iteration failed on: Automri finished with too many resources on context_10
[2026-04-13 13:13:56.498] [default] [info] Iteration failed on: Automri finished with too many resources on context_11
[2026-04-13 13:14:08.787] [default] [info] Iteration failed on: Too many inputs/outputs for hexapod_v3_1_simplified_context_6, try to reduce number of inputs or outputs
Number of DDRs: 0
Number of inputs: 17
Number of outputs: 24

[2026-04-13 13:14:08.993] [default] [info] Iteration failed on: Automri finished with too many resources on context_7
[2026-04-13 13:14:09.163] [default] [info] Iteration failed on: Automri finished with too many resources on context_8
[2026-04-13 13:14:09.336] [default] [info] Iteration failed on: Automri finished with too many resources on context_9
[2026-04-13 13:14:09.526] [default] [info] Iteration failed on: Automri finished with too many resources on context_10
[2026-04-13 13:14:09.697] [default] [info] Iteration failed on: Automri finished with too many resources on context_11
[2026-04-13 13:14:24.242] [default] [info] Iteration failed on: Too many inputs/outputs for hexapod_v3_1_simplified_context_6, try to reduce number of inputs or outputs
Number of DDRs: 0
Number of inputs: 17
Number of outputs: 24

[2026-04-13 13:14:24.438] [default] [info] Iteration failed on: Automri finished with too many resources on context_7
[2026-04-13 13:14:24.615] [default] [info] Iteration failed on: Automri finished with too many resources on context_8
[2026-04-13 13:14:24.785] [default] [info] Iteration failed on: Automri finished with too many resources on context_9
[2026-04-13 13:14:24.959] [default] [info] Iteration failed on: Automri finished with too many resources on context_10
[2026-04-13 13:14:25.141] [default] [info] Iteration failed on: Automri finished with too many resources on context_11
[2026-04-13 13:14:37.729] [default] [info] Iteration failed on: Too many inputs/outputs for hexapod_v3_1_simplified_context_6, try to reduce number of inputs or outputs
Number of DDRs: 0
Number of inputs: 17
Number of outputs: 24

[2026-04-13 13:14:37.931] [default] [info] Iteration failed on: Automri finished with too many resources on context_7
[2026-04-13 13:14:38.104] [default] [info] Iteration failed on: Automri finished with too many resources on context_8
[2026-04-13 13:14:38.274] [default] [info] Iteration failed on: Automri finished with too many resources on context_9
[2026-04-13 13:14:38.454] [default] [info] Iteration failed on: Automri finished with too many resources on context_10
[2026-04-13 13:14:38.636] [default] [info] Iteration failed on: Automri finished with too many resources on context_11
[2026-04-13 13:14:51.191] [default] [info] Iteration failed on: Too many inputs/outputs for hexapod_v3_1_simplified_context_6, try to reduce number of inputs or outputs
Number of DDRs: 0
Number of inputs: 17
Number of outputs: 24

[2026-04-13 13:14:51.396] [default] [info] Iteration failed on: Automri finished with too many resources on context_7
[2026-04-13 13:14:51.567] [default] [info] Iteration failed on: Automri finished with too many resources on context_8
[2026-04-13 13:14:51.738] [default] [info] Iteration failed on: Automri finished with too many resources on context_9
[2026-04-13 13:14:51.913] [default] [info] Iteration failed on: Automri finished with too many resources on context_10
[2026-04-13 13:14:52.091] [default] [info] Iteration failed on: Automri finished with too many resources on context_11
[2026-04-13 13:15:06.896] [default] [info] Iteration failed on: Too many inputs/outputs for hexapod_v3_1_simplified_context_6, try to reduce number of inputs or outputs
Number of DDRs: 0
Number of inputs: 17
Number of outputs: 24

[2026-04-13 13:15:07.089] [default] [info] Iteration failed on: Automri finished with too many resources on context_7
[2026-04-13 13:15:07.254] [default] [info] Iteration failed on: Automri finished with too many resources on context_8
[2026-04-13 13:15:07.419] [default] [info] Iteration failed on: Automri finished with too many resources on context_9
[2026-04-13 13:15:07.597] [default] [info] Iteration failed on: Automri finished with too many resources on context_10
[2026-04-13 13:15:07.766] [default] [info] Iteration failed on: Automri finished with too many resources on context_11
[2026-04-13 13:15:20.568] [default] [info] Iteration failed on: Too many inputs/outputs for hexapod_v3_1_simplified_context_6, try to reduce number of inputs or outputs
Number of DDRs: 0
Number of inputs: 17
Number of outputs: 24

[2026-04-13 13:15:20.766] [default] [info] Iteration failed on: Automri finished with too many resources on context_7
[2026-04-13 13:15:20.941] [default] [info] Iteration failed on: Automri finished with too many resources on context_8
[2026-04-13 13:15:21.124] [default] [info] Iteration failed on: Automri finished with too many resources on context_9
[2026-04-13 13:15:21.307] [default] [info] Iteration failed on: Automri finished with too many resources on context_10
[2026-04-13 13:15:21.491] [default] [info] Iteration failed on: Automri finished with too many resources on context_11
[2026-04-13 13:15:36.731] [default] [info] Iteration failed on: Too many inputs/outputs for hexapod_v3_1_simplified_context_6, try to reduce number of inputs or outputs
Number of DDRs: 0
Number of inputs: 17
Number of outputs: 24

[2026-04-13 13:15:36.955] [default] [info] Iteration failed on: Automri finished with too many resources on context_7
[2026-04-13 13:15:37.139] [default] [info] Iteration failed on: Automri finished with too many resources on context_8
[2026-04-13 13:15:37.325] [default] [info] Iteration failed on: Automri finished with too many resources on context_9
[2026-04-13 13:15:37.515] [default] [info] Iteration failed on: Automri finished with too many resources on context_10
[2026-04-13 13:15:37.705] [default] [info] Iteration failed on: Automri finished with too many resources on context_11
[2026-04-13 13:15:50.493] [default] [info] Iteration failed on: Too many inputs/outputs for hexapod_v3_1_simplified_context_6, try to reduce number of inputs or outputs
Number of DDRs: 0
Number of inputs: 17
Number of outputs: 23

[2026-04-13 13:15:50.699] [default] [info] Iteration failed on: Automri finished with too many resources on context_7
[2026-04-13 13:15:50.881] [default] [info] Iteration failed on: Automri finished with too many resources on context_8
[2026-04-13 13:15:51.070] [default] [info] Iteration failed on: Automri finished with too many resources on context_9
[2026-04-13 13:15:51.256] [default] [info] Iteration failed on: Automri finished with too many resources on context_10
[2026-04-13 13:15:51.438] [default] [info] Iteration failed on: Automri finished with too many resources on context_11
[2026-04-13 13:16:06.508] [default] [info] Iteration failed on: Too many inputs/outputs for hexapod_v3_1_simplified_context_6, try to reduce number of inputs or outputs
Number of DDRs: 0
Number of inputs: 17
Number of outputs: 22

[2026-04-13 13:16:06.730] [default] [info] Iteration failed on: Automri finished with too many resources on context_7
[2026-04-13 13:16:06.916] [default] [info] Iteration failed on: Automri finished with too many resources on context_8
[2026-04-13 13:16:07.103] [default] [info] Iteration failed on: Automri finished with too many resources on context_9
[2026-04-13 13:16:07.285] [default] [info] Iteration failed on: Automri finished with too many resources on context_10
[2026-04-13 13:16:07.467] [default] [info] Iteration failed on: Automri finished with too many resources on context_11
[2026-04-13 13:16:20.146] [default] [info] Iteration failed on: Too many inputs/outputs for hexapod_v3_1_simplified_context_6, try to reduce number of inputs or outputs
Number of DDRs: 0
Number of inputs: 17
Number of outputs: 21

[2026-04-13 13:16:20.337] [default] [info] Iteration failed on: Automri finished with too many resources on context_7
[2026-04-13 13:16:20.505] [default] [info] Iteration failed on: Automri finished with too many resources on context_8
[2026-04-13 13:16:20.671] [default] [info] Iteration failed on: Automri finished with too many resources on context_9
[2026-04-13 13:16:20.842] [default] [info] Iteration failed on: Automri finished with too many resources on context_10
[2026-04-13 13:16:21.021] [default] [info] Iteration failed on: Automri finished with too many resources on context_11
[2026-04-13 13:16:33.863] [default] [info] Iteration failed on: Too many inputs/outputs for hexapod_v3_1_simplified_context_6, try to reduce number of inputs or outputs
Number of DDRs: 0
Number of inputs: 17
Number of outputs: 21

[2026-04-13 13:16:34.056] [default] [info] Iteration failed on: Automri finished with too many resources on context_7
[2026-04-13 13:16:34.221] [default] [info] Iteration failed on: Automri finished with too many resources on context_8
[2026-04-13 13:16:34.393] [default] [info] Iteration failed on: Automri finished with too many resources on context_9
[2026-04-13 13:16:34.577] [default] [info] Iteration failed on: Automri finished with too many resources on context_10
[2026-04-13 13:16:34.745] [default] [info] Iteration failed on: Automri finished with too many resources on context_11
[2026-04-13 13:16:49.588] [default] [info] Iteration failed on: Too many inputs/outputs for hexapod_v3_1_simplified_context_6, try to reduce number of inputs or outputs
Number of DDRs: 0
Number of inputs: 17
Number of outputs: 20

[2026-04-13 13:16:49.771] [default] [info] Iteration failed on: Automri finished with too many resources on context_7
[2026-04-13 13:16:49.932] [default] [info] Iteration failed on: Automri finished with too many resources on context_8
[2026-04-13 13:16:50.101] [default] [info] Iteration failed on: Automri finished with too many resources on context_9
[2026-04-13 13:16:50.266] [default] [info] Iteration failed on: Automri finished with too many resources on context_10
[2026-04-13 13:16:50.435] [default] [info] Iteration failed on: Automri finished with too many resources on context_11
[2026-04-13 13:17:02.493] [default] [info] Iteration failed on: Too many inputs/outputs for hexapod_v3_1_simplified_context_6, try to reduce number of inputs or outputs
Number of DDRs: 0
Number of inputs: 17
Number of outputs: 19

[2026-04-13 13:17:02.684] [default] [info] Iteration failed on: Automri finished with too many resources on context_7
[2026-04-13 13:17:02.855] [default] [info] Iteration failed on: Automri finished with too many resources on context_8
[2026-04-13 13:17:03.038] [default] [info] Iteration failed on: Automri finished with too many resources on context_9
[2026-04-13 13:17:03.215] [default] [info] Iteration failed on: Automri finished with too many resources on context_10
[2026-04-13 13:17:03.398] [default] [info] Iteration failed on: Automri finished with too many resources on context_11
[2026-04-13 13:17:17.887] [default] [info] Iteration failed on: Too many inputs/outputs for hexapod_v3_1_simplified_context_6, try to reduce number of inputs or outputs
Number of DDRs: 0
Number of inputs: 17
Number of outputs: 19

[2026-04-13 13:17:18.088] [default] [info] Iteration failed on: Automri finished with too many resources on context_7
[2026-04-13 13:17:18.277] [default] [info] Iteration failed on: Automri finished with too many resources on context_8
[2026-04-13 13:17:18.456] [default] [info] Iteration failed on: Automri finished with too many resources on context_9
[2026-04-13 13:17:18.635] [default] [info] Iteration failed on: Automri finished with too many resources on context_10
[2026-04-13 13:17:18.813] [default] [info] Iteration failed on: Automri finished with too many resources on context_11
[2026-04-13 13:17:30.513] [default] [info] Iteration failed on: Too many inputs/outputs for hexapod_v3_1_simplified_context_6, try to reduce number of inputs or outputs
Number of DDRs: 0
Number of inputs: 17
Number of outputs: 19

[2026-04-13 13:17:30.707] [default] [info] Iteration failed on: Automri finished with too many resources on context_7
[2026-04-13 13:17:30.878] [default] [info] Iteration failed on: Automri finished with too many resources on context_8
[2026-04-13 13:17:31.057] [default] [info] Iteration failed on: Automri finished with too many resources on context_9
[2026-04-13 13:17:31.224] [default] [info] Iteration failed on: Automri finished with too many resources on context_10
[2026-04-13 13:17:31.396] [default] [info] Iteration failed on: Automri finished with too many resources on context_11
[2026-04-13 13:17:43.812] [default] [info] Iteration failed on: Too many inputs/outputs for hexapod_v3_1_simplified_context_6, try to reduce number of inputs or outputs
Number of DDRs: 0
Number of inputs: 17
Number of outputs: 19

[2026-04-13 13:17:44.014] [default] [info] Iteration failed on: Automri finished with too many resources on context_7
[2026-04-13 13:17:44.203] [default] [info] Iteration failed on: Automri finished with too many resources on context_8
[2026-04-13 13:17:44.390] [default] [info] Iteration failed on: Automri finished with too many resources on context_9
[2026-04-13 13:17:44.574] [default] [info] Iteration failed on: Automri finished with too many resources on context_10
[2026-04-13 13:17:59.351] [default] [info] Iteration failed on: Too many inputs/outputs for hexapod_v3_1_simplified_context_6, try to reduce number of inputs or outputs
Number of DDRs: 0
Number of inputs: 16
Number of outputs: 19

[2026-04-13 13:17:59.555] [default] [info] Iteration failed on: Automri finished with too many resources on context_7
[2026-04-13 13:17:59.732] [default] [info] Iteration failed on: Automri finished with too many resources on context_8
[2026-04-13 13:17:59.922] [default] [info] Iteration failed on: Automri finished with too many resources on context_9
[2026-04-13 13:18:00.106] [default] [info] Iteration failed on: Automri finished with too many resources on context_10
[2026-04-13 13:18:12.006] [default] [info] Iteration failed on: Too many inputs/outputs for hexapod_v3_1_simplified_context_6, try to reduce number of inputs or outputs
Number of DDRs: 0
Number of inputs: 16
Number of outputs: 19

[2026-04-13 13:18:12.221] [default] [info] Iteration failed on: Automri finished with too many resources on context_7
[2026-04-13 13:18:12.414] [default] [info] Iteration failed on: Automri finished with too many resources on context_8
[2026-04-13 13:18:12.603] [default] [info] Iteration failed on: Automri finished with too many resources on context_9
[2026-04-13 13:18:12.785] [default] [info] Iteration failed on: Automri finished with too many resources on context_10
[2026-04-13 13:18:12.968] [default] [info] Iteration failed on: Automri finished with too many resources on context_11
[2026-04-13 13:18:27.610] [default] [info] Iteration failed on: Too many inputs/outputs for hexapod_v3_1_simplified_context_6, try to reduce number of inputs or outputs
Number of DDRs: 0
Number of inputs: 16
Number of outputs: 19

[2026-04-13 13:18:27.807] [default] [info] Iteration failed on: Automri finished with too many resources on context_7
[2026-04-13 13:18:27.989] [default] [info] Iteration failed on: Automri finished with too many resources on context_8
[2026-04-13 13:18:28.177] [default] [info] Iteration failed on: Automri finished with too many resources on context_9
[2026-04-13 13:18:28.368] [default] [info] Iteration failed on: Automri finished with too many resources on context_10
[2026-04-13 13:18:28.548] [default] [info] Iteration failed on: Automri finished with too many resources on context_11
[2026-04-13 13:18:40.496] [default] [info] Iteration failed on: Too many inputs/outputs for hexapod_v3_1_simplified_context_6, try to reduce number of inputs or outputs
Number of DDRs: 0
Number of inputs: 16
Number of outputs: 19

[2026-04-13 13:18:40.698] [default] [info] Iteration failed on: Automri finished with too many resources on context_7
[2026-04-13 13:18:40.883] [default] [info] Iteration failed on: Automri finished with too many resources on context_8
[2026-04-13 13:18:41.063] [default] [info] Iteration failed on: Automri finished with too many resources on context_9
[2026-04-13 13:18:41.248] [default] [info] Iteration failed on: Automri finished with too many resources on context_10
[2026-04-13 13:18:41.430] [default] [info] Iteration failed on: Automri finished with too many resources on context_11
[2026-04-13 13:18:56.291] [default] [info] Iteration failed on: Too many inputs/outputs for hexapod_v3_1_simplified_context_6, try to reduce number of inputs or outputs
Number of DDRs: 0
Number of inputs: 16
Number of outputs: 19

[2026-04-13 13:18:56.517] [default] [info] Iteration failed on: Automri finished with too many resources on context_7
[2026-04-13 13:18:56.721] [default] [info] Iteration failed on: Automri finished with too many resources on context_8
[2026-04-13 13:18:56.932] [default] [info] Iteration failed on: Automri finished with too many resources on context_9
[2026-04-13 13:18:57.135] [default] [info] Iteration failed on: Automri finished with too many resources on context_10
[2026-04-13 13:18:57.345] [default] [info] Iteration failed on: Automri finished with too many resources on context_11
[2026-04-13 13:19:09.920] [default] [info] Iteration failed on: Too many inputs/outputs for hexapod_v3_1_simplified_context_6, try to reduce number of inputs or outputs
Number of DDRs: 0
Number of inputs: 16
Number of outputs: 19

[2026-04-13 13:19:10.130] [default] [info] Iteration failed on: Automri finished with too many resources on context_7
[2026-04-13 13:19:10.324] [default] [info] Iteration failed on: Automri finished with too many resources on context_8
[2026-04-13 13:19:10.520] [default] [info] Iteration failed on: Automri finished with too many resources on context_9
[2026-04-13 13:19:10.707] [default] [info] Iteration failed on: Automri finished with too many resources on context_10
[2026-04-13 13:19:10.894] [default] [info] Iteration failed on: Automri finished with too many resources on context_11
[2026-04-13 13:19:23.405] [default] [info] Iteration failed on: Too many inputs/outputs for hexapod_v3_1_simplified_context_6, try to reduce number of inputs or outputs
Number of DDRs: 0
Number of inputs: 16
Number of outputs: 19

[2026-04-13 13:19:23.644] [default] [info] Iteration failed on: Automri finished with too many resources on context_7
[2026-04-13 13:19:23.861] [default] [info] Iteration failed on: Automri finished with too many resources on context_8
[2026-04-13 13:19:24.068] [default] [info] Iteration failed on: Automri finished with too many resources on context_9
[2026-04-13 13:19:24.271] [default] [info] Iteration failed on: Automri finished with too many resources on context_10
[2026-04-13 13:19:24.473] [default] [info] Iteration failed on: Automri finished with too many resources on context_11
[2026-04-13 13:19:39.211] [default] [info] Iteration failed on: Too many inputs/outputs for hexapod_v3_1_simplified_context_6, try to reduce number of inputs or outputs
Number of DDRs: 0
Number of inputs: 16
Number of outputs: 18

[2026-04-13 13:19:39.427] [default] [info] Iteration failed on: Automri finished with too many resources on context_7
[2026-04-13 13:19:39.641] [default] [info] Iteration failed on: Automri finished with too many resources on context_8
[2026-04-13 13:19:39.841] [default] [info] Iteration failed on: Automri finished with too many resources on context_9
[2026-04-13 13:19:40.036] [default] [info] Iteration failed on: Automri finished with too many resources on context_10
[2026-04-13 13:19:40.230] [default] [info] Iteration failed on: Automri finished with too many resources on context_11
[2026-04-13 13:19:52.429] [default] [info] Iteration failed on: Too many inputs/outputs for hexapod_v3_1_simplified_context_6, try to reduce number of inputs or outputs
Number of DDRs: 0
Number of inputs: 16
Number of outputs: 17

[2026-04-13 13:19:52.641] [default] [info] Iteration failed on: Automri finished with too many resources on context_7
[2026-04-13 13:19:52.834] [default] [info] Iteration failed on: Automri finished with too many resources on context_8
[2026-04-13 13:19:53.020] [default] [info] Iteration failed on: Automri finished with too many resources on context_9
[2026-04-13 13:19:53.206] [default] [info] Iteration failed on: Automri finished with too many resources on context_10
[2026-04-13 13:19:53.390] [default] [info] Iteration failed on: Automri finished with too many resources on context_11
[2026-04-13 13:19:53.592] [default] [info] Iteration failed on: Automri finished with too many resources on context_11
[2026-04-13 13:20:09.554] [default] [info] Iteration failed on: Too many inputs/outputs for hexapod_v3_1_simplified_context_6, try to reduce number of inputs or outputs
Number of DDRs: 0
Number of inputs: 16
Number of outputs: 16

[2026-04-13 13:20:09.784] [default] [info] Iteration failed on: Automri finished with too many resources on context_7
[2026-04-13 13:20:09.980] [default] [info] Iteration failed on: Automri finished with too many resources on context_7
[2026-04-13 13:20:10.183] [default] [info] Iteration failed on: Automri finished with too many resources on context_8
[2026-04-13 13:20:10.386] [default] [info] Iteration failed on: Automri finished with too many resources on context_8
[2026-04-13 13:20:10.602] [default] [info] Iteration failed on: Automri finished with too many resources on context_9
[2026-04-13 13:20:10.809] [default] [info] Iteration failed on: Automri finished with too many resources on context_9
[2026-04-13 13:20:11.010] [default] [info] Iteration failed on: Automri finished with too many resources on context_10
[2026-04-13 13:20:23.700] [default] [info] Iteration failed on: Too many inputs/outputs for hexapod_v3_1_simplified_context_6, try to reduce number of inputs or outputs
Number of DDRs: 0
Number of inputs: 15
Number of outputs: 15

[2026-04-13 13:20:23.921] [default] [info] Iteration failed on: Automri finished with too many resources on context_7
[2026-04-13 13:20:24.118] [default] [info] Iteration failed on: Automri finished with too many resources on context_8
[2026-04-13 13:20:24.313] [default] [info] Iteration failed on: Automri finished with too many resources on context_9
[2026-04-13 13:20:24.515] [default] [info] Iteration failed on: Automri finished with too many resources on context_10
[2026-04-13 13:20:39.882] [default] [info] Iteration failed on: Too many inputs/outputs for hexapod_v3_1_simplified_context_6, try to reduce number of inputs or outputs
Number of DDRs: 0
Number of inputs: 14
Number of outputs: 14

[2026-04-13 13:20:40.129] [default] [info] Iteration failed on: Automri finished with too many resources on context_7
[2026-04-13 13:20:40.349] [default] [info] Iteration failed on: Automri finished with too many resources on context_8
[2026-04-13 13:20:40.575] [default] [info] Iteration failed on: Automri finished with too many resources on context_9
[2026-04-13 13:20:40.794] [default] [info] Iteration failed on: Automri finished with too many resources on context_10
[2026-04-13 13:20:41.016] [default] [info] Iteration failed on: Automri finished with too many resources on context_11
[2026-04-13 13:20:41.242] [default] [info] Iteration failed on: Automri finished with too many resources on context_11
[2026-04-13 13:20:54.141] [default] [info] Iteration failed on: Too many inputs/outputs for hexapod_v3_1_simplified_context_6, try to reduce number of inputs or outputs
Number of DDRs: 0
Number of inputs: 12
Number of outputs: 13

[2026-04-13 13:20:54.389] [default] [info] Iteration failed on: Automri finished with too many resources on context_7
[2026-04-13 13:20:54.617] [default] [info] Iteration failed on: Automri finished with too many resources on context_8
[2026-04-13 13:20:54.843] [default] [info] Iteration failed on: Automri finished with too many resources on context_9
[2026-04-13 13:21:08.389] [default] [info] Iteration failed on: Too many inputs/outputs for hexapod_v3_1_simplified_context_6, try to reduce number of inputs or outputs
Number of DDRs: 0
Number of inputs: 11
Number of outputs: 12

[2026-04-13 13:21:08.634] [default] [info] Iteration failed on: Automri finished with too many resources on context_7
[2026-04-13 13:21:08.856] [default] [info] Iteration failed on: Automri finished with too many resources on context_8
[2026-04-13 13:21:09.087] [default] [info] Iteration failed on: Automri finished with too many resources on context_9
[2026-04-13 13:21:09.312] [default] [info] Iteration failed on: Automri finished with too many resources on context_10
[2026-04-13 13:21:09.536] [default] [info] Iteration failed on: Automri finished with too many resources on context_11
[2026-04-13 13:21:25.118] [default] [info] Iteration failed on: Too many inputs/outputs for hexapod_v3_1_simplified_context_6, try to reduce number of inputs or outputs
Number of DDRs: 0
Number of inputs: 10
Number of outputs: 11

[2026-04-13 13:21:25.347] [default] [info] Iteration failed on: Automri finished with too many resources on context_7
[2026-04-13 13:21:25.560] [default] [info] Iteration failed on: Automri finished with too many resources on context_8
[2026-04-13 13:21:25.772] [default] [info] Iteration failed on: Automri finished with too many resources on context_9
[2026-04-13 13:21:25.980] [default] [info] Iteration failed on: Automri finished with too many resources on context_10
[2026-04-13 13:21:26.185] [default] [info] Iteration failed on: Automri finished with too many resources on context_11
[2026-04-13 13:21:39.632] [default] [info] Iteration failed on: Too many inputs/outputs for hexapod_v3_1_simplified_context_6, try to reduce number of inputs or outputs
Number of DDRs: 0
Number of inputs: 9
Number of outputs: 10

[2026-04-13 13:21:39.865] [default] [info] Iteration failed on: Automri finished with too many resources on context_7
[2026-04-13 13:21:40.081] [default] [info] Iteration failed on: Automri finished with too many resources on context_8
[2026-04-13 13:21:40.289] [default] [info] Iteration failed on: Automri finished with too many resources on context_9
[2026-04-13 13:21:40.498] [default] [info] Iteration failed on: Automri finished with too many resources on context_10
[2026-04-13 13:21:40.703] [default] [info] Iteration failed on: Automri finished with too many resources on context_11
[2026-04-13 13:21:56.314] [default] [info] Iteration failed on: Too many inputs/outputs for hexapod_v3_1_simplified_context_7, try to reduce number of inputs or outputs
Number of DDRs: 0
Number of inputs: 21
Number of outputs: 26

[2026-04-13 13:21:56.562] [default] [info] Iteration failed on: Automri finished with too many resources on context_8
[2026-04-13 13:21:56.771] [default] [info] Iteration failed on: Automri finished with too many resources on context_9
[2026-04-13 13:21:56.982] [default] [info] Iteration failed on: Automri finished with too many resources on context_10
[2026-04-13 13:21:57.191] [default] [info] Iteration failed on: Automri finished with too many resources on context_11
[2026-04-13 13:21:57.368] [default] [info] Iteration failed on: Automri finished with too many resources on context_11
[2026-04-13 13:22:10.743] [default] [info] Iteration failed on: Too many inputs/outputs for hexapod_v3_1_simplified_context_7, try to reduce number of inputs or outputs
Number of DDRs: 0
Number of inputs: 21
Number of outputs: 26

[2026-04-13 13:22:10.946] [default] [info] Iteration failed on: Automri finished with too many resources on context_8
[2026-04-13 13:22:11.128] [default] [info] Iteration failed on: Automri finished with too many resources on context_9
[2026-04-13 13:22:26.624] [default] [info] Iteration failed on: Too many inputs/outputs for hexapod_v3_1_simplified_context_7, try to reduce number of inputs or outputs
Number of DDRs: 0
Number of inputs: 20
Number of outputs: 26

[2026-04-13 13:22:26.828] [default] [info] Iteration failed on: Automri finished with too many resources on context_8
[2026-04-13 13:22:27.006] [default] [info] Iteration failed on: Automri finished with too many resources on context_9
[2026-04-13 13:22:27.185] [default] [info] Iteration failed on: Automri finished with too many resources on context_10
[2026-04-13 13:22:27.366] [default] [info] Iteration failed on: Automri finished with too many resources on context_11
[2026-04-13 13:22:40.400] [default] [info] Iteration failed on: Too many inputs/outputs for hexapod_v3_1_simplified_context_7, try to reduce number of inputs or outputs
Number of DDRs: 0
Number of inputs: 20
Number of outputs: 26

[2026-04-13 13:22:40.602] [default] [info] Iteration failed on: Automri finished with too many resources on context_8
[2026-04-13 13:22:40.786] [default] [info] Iteration failed on: Automri finished with too many resources on context_9
[2026-04-13 13:22:54.063] [default] [info] Iteration failed on: Too many inputs/outputs for hexapod_v3_1_simplified_context_7, try to reduce number of inputs or outputs
Number of DDRs: 0
Number of inputs: 20
Number of outputs: 26

[2026-04-13 13:22:54.281] [default] [info] Iteration failed on: Automri finished with too many resources on context_8
[2026-04-13 13:22:56.214] [default] [info] Iteration failed on: Automri finished with too many resources on context_9
[2026-04-13 13:22:56.398] [default] [info] Iteration failed on: Automri finished with too many resources on context_10
[2026-04-13 13:22:56.581] [default] [info] Iteration failed on: Automri finished with too many resources on context_11
[2026-04-13 13:23:10.095] [default] [info] Iteration failed on: Too many inputs/outputs for hexapod_v3_1_simplified_context_7, try to reduce number of inputs or outputs
Number of DDRs: 0
Number of inputs: 20
Number of outputs: 26

[2026-04-13 13:23:10.305] [default] [info] Iteration failed on: Automri finished with too many resources on context_8
[2026-04-13 13:23:23.778] [default] [info] Iteration failed on: Too many inputs/outputs for hexapod_v3_1_simplified_context_7, try to reduce number of inputs or outputs
Number of DDRs: 0
Number of inputs: 20
Number of outputs: 27

[2026-04-13 13:23:23.997] [default] [info] Iteration failed on: Automri finished with too many resources on context_8
[2026-04-13 13:23:24.183] [default] [info] Iteration failed on: Automri finished with too many resources on context_9
[2026-04-13 13:23:24.366] [default] [info] Iteration failed on: Automri finished with too many resources on context_10
[2026-04-13 13:23:24.552] [default] [info] Iteration failed on: Automri finished with too many resources on context_11
[2026-04-13 13:23:40.372] [default] [info] Iteration failed on: Too many inputs/outputs for hexapod_v3_1_simplified_context_7, try to reduce number of inputs or outputs
Number of DDRs: 0
Number of inputs: 20
Number of outputs: 27

[2026-04-13 13:23:40.588] [default] [info] Iteration failed on: Automri finished with too many resources on context_8
[2026-04-13 13:23:40.775] [default] [info] Iteration failed on: Automri finished with too many resources on context_9
[2026-04-13 13:23:40.961] [default] [info] Iteration failed on: Automri finished with too many resources on context_10
[2026-04-13 13:23:41.145] [default] [info] Iteration failed on: Automri finished with too many resources on context_11
[2026-04-13 13:23:54.728] [default] [info] Iteration failed on: Too many inputs/outputs for hexapod_v3_1_simplified_context_7, try to reduce number of inputs or outputs
Number of DDRs: 0
Number of inputs: 20
Number of outputs: 27

[2026-04-13 13:23:54.946] [default] [info] Iteration failed on: Automri finished with too many resources on context_8
[2026-04-13 13:23:55.137] [default] [info] Iteration failed on: Automri finished with too many resources on context_9
[2026-04-13 13:23:55.328] [default] [info] Iteration failed on: Automri finished with too many resources on context_10
[2026-04-13 13:23:55.514] [default] [info] Iteration failed on: Automri finished with too many resources on context_11
[2026-04-13 13:24:11.619] [default] [info] Iteration failed on: Too many inputs/outputs for hexapod_v3_1_simplified_context_7, try to reduce number of inputs or outputs
Number of DDRs: 0
Number of inputs: 20
Number of outputs: 27

[2026-04-13 13:24:11.843] [default] [info] Iteration failed on: Automri finished with too many resources on context_8
[2026-04-13 13:24:12.033] [default] [info] Iteration failed on: Automri finished with too many resources on context_9
[2026-04-13 13:24:12.221] [default] [info] Iteration failed on: Automri finished with too many resources on context_10
[2026-04-13 13:24:12.415] [default] [info] Iteration failed on: Automri finished with too many resources on context_11
[2026-04-13 13:24:26.444] [default] [info] Iteration failed on: Too many inputs/outputs for hexapod_v3_1_simplified_context_7, try to reduce number of inputs or outputs
Number of DDRs: 0
Number of inputs: 20
Number of outputs: 27

[2026-04-13 13:24:26.660] [default] [info] Iteration failed on: Automri finished with too many resources on context_8
[2026-04-13 13:24:26.853] [default] [info] Iteration failed on: Automri finished with too many resources on context_9
[2026-04-13 13:24:27.055] [default] [info] Iteration failed on: Automri finished with too many resources on context_10
[2026-04-13 13:24:27.248] [default] [info] Iteration failed on: Automri finished with too many resources on context_11
[2026-04-13 13:24:43.091] [default] [info] Iteration failed on: Too many inputs/outputs for hexapod_v3_1_simplified_context_7, try to reduce number of inputs or outputs
Number of DDRs: 0
Number of inputs: 20
Number of outputs: 26

[2026-04-13 13:24:43.314] [default] [info] Iteration failed on: Automri finished with too many resources on context_8
[2026-04-13 13:24:43.514] [default] [info] Iteration failed on: Automri finished with too many resources on context_9
[2026-04-13 13:24:43.720] [default] [info] Iteration failed on: Automri finished with too many resources on context_10
[2026-04-13 13:24:43.916] [default] [info] Iteration failed on: Automri finished with too many resources on context_11
[2026-04-13 13:24:57.750] [default] [info] Iteration failed on: Too many inputs/outputs for hexapod_v3_1_simplified_context_7, try to reduce number of inputs or outputs
Number of DDRs: 0
Number of inputs: 20
Number of outputs: 26

[2026-04-13 13:24:57.974] [default] [info] Iteration failed on: Automri finished with too many resources on context_8
[2026-04-13 13:24:58.184] [default] [info] Iteration failed on: Automri finished with too many resources on context_9
[2026-04-13 13:24:58.386] [default] [info] Iteration failed on: Automri finished with too many resources on context_10
[2026-04-13 13:24:58.589] [default] [info] Iteration failed on: Automri finished with too many resources on context_11
[2026-04-13 13:25:14.164] [default] [info] Iteration failed on: Too many inputs/outputs for hexapod_v3_1_simplified_context_7, try to reduce number of inputs or outputs
Number of DDRs: 0
Number of inputs: 20
Number of outputs: 26

[2026-04-13 13:25:14.389] [default] [info] Iteration failed on: Automri finished with too many resources on context_8
[2026-04-13 13:25:14.594] [default] [info] Iteration failed on: Automri finished with too many resources on context_9
[2026-04-13 13:25:14.803] [default] [info] Iteration failed on: Automri finished with too many resources on context_10
[2026-04-13 13:25:15.008] [default] [info] Iteration failed on: Automri finished with too many resources on context_11
[2026-04-13 13:25:28.844] [default] [info] Iteration failed on: Too many inputs/outputs for hexapod_v3_1_simplified_context_7, try to reduce number of inputs or outputs
Number of DDRs: 0
Number of inputs: 20
Number of outputs: 26

[2026-04-13 13:25:29.075] [default] [info] Iteration failed on: Automri finished with too many resources on context_8
[2026-04-13 13:25:29.288] [default] [info] Iteration failed on: Automri finished with too many resources on context_9
[2026-04-13 13:25:29.494] [default] [info] Iteration failed on: Automri finished with too many resources on context_10
[2026-04-13 13:25:29.701] [default] [info] Iteration failed on: Automri finished with too many resources on context_11
[2026-04-13 13:25:43.514] [default] [info] Iteration failed on: Too many inputs/outputs for hexapod_v3_1_simplified_context_7, try to reduce number of inputs or outputs
Number of DDRs: 0
Number of inputs: 20
Number of outputs: 27

[2026-04-13 13:25:43.746] [default] [info] Iteration failed on: Automri finished with too many resources on context_8
[2026-04-13 13:25:43.967] [default] [info] Iteration failed on: Automri finished with too many resources on context_9
[2026-04-13 13:25:44.172] [default] [info] Iteration failed on: Automri finished with too many resources on context_10
[2026-04-13 13:25:44.385] [default] [info] Iteration failed on: Automri finished with too many resources on context_11
[2026-04-13 13:26:00.499] [default] [info] Iteration failed on: Too many inputs/outputs for hexapod_v3_1_simplified_context_7, try to reduce number of inputs or outputs
Number of DDRs: 0
Number of inputs: 20
Number of outputs: 27

[2026-04-13 13:26:00.745] [default] [info] Iteration failed on: Automri finished with too many resources on context_8
[2026-04-13 13:26:00.960] [default] [info] Iteration failed on: Automri finished with too many resources on context_9
[2026-04-13 13:26:01.188] [default] [info] Iteration failed on: Automri finished with too many resources on context_10
[2026-04-13 13:26:01.397] [default] [info] Iteration failed on: Automri finished with too many resources on context_11
[2026-04-13 13:26:15.510] [default] [info] Iteration failed on: Too many inputs/outputs for hexapod_v3_1_simplified_context_7, try to reduce number of inputs or outputs
Number of DDRs: 0
Number of inputs: 20
Number of outputs: 27

[2026-04-13 13:26:15.752] [default] [info] Iteration failed on: Automri finished with too many resources on context_8
[2026-04-13 13:26:15.965] [default] [info] Iteration failed on: Automri finished with too many resources on context_9
[2026-04-13 13:26:16.192] [default] [info] Iteration failed on: Automri finished with too many resources on context_10
[2026-04-13 13:26:16.397] [default] [info] Iteration failed on: Automri finished with too many resources on context_11
[2026-04-13 13:26:32.371] [default] [info] Iteration failed on: Too many inputs/outputs for hexapod_v3_1_simplified_context_7, try to reduce number of inputs or outputs
Number of DDRs: 0
Number of inputs: 20
Number of outputs: 27

[2026-04-13 13:26:32.609] [default] [info] Iteration failed on: Automri finished with too many resources on context_8
[2026-04-13 13:26:32.830] [default] [info] Iteration failed on: Automri finished with too many resources on context_9
[2026-04-13 13:26:33.047] [default] [info] Iteration failed on: Automri finished with too many resources on context_10
[2026-04-13 13:26:33.252] [default] [info] Iteration failed on: Automri finished with too many resources on context_11
[2026-04-13 13:26:47.199] [default] [info] Iteration failed on: Too many inputs/outputs for hexapod_v3_1_simplified_context_7, try to reduce number of inputs or outputs
Number of DDRs: 0
Number of inputs: 20
Number of outputs: 27

[2026-04-13 13:26:47.442] [default] [info] Iteration failed on: Automri finished with too many resources on context_8
[2026-04-13 13:26:47.658] [default] [info] Iteration failed on: Automri finished with too many resources on context_9
[2026-04-13 13:26:47.868] [default] [info] Iteration failed on: Automri finished with too many resources on context_10
[2026-04-13 13:26:48.078] [default] [info] Iteration failed on: Automri finished with too many resources on context_11
[2026-04-13 13:27:04.002] [default] [info] Iteration failed on: Too many inputs/outputs for hexapod_v3_1_simplified_context_7, try to reduce number of inputs or outputs
Number of DDRs: 0
Number of inputs: 20
Number of outputs: 27

[2026-04-13 13:27:04.241] [default] [info] Iteration failed on: Automri finished with too many resources on context_8
[2026-04-13 13:27:04.451] [default] [info] Iteration failed on: Automri finished with too many resources on context_9
[2026-04-13 13:27:04.667] [default] [info] Iteration failed on: Automri finished with too many resources on context_10
[2026-04-13 13:27:04.876] [default] [info] Iteration failed on: Automri finished with too many resources on context_11
[2026-04-13 13:27:18.803] [default] [info] Iteration failed on: Too many inputs/outputs for hexapod_v3_1_simplified_context_7, try to reduce number of inputs or outputs
Number of DDRs: 0
Number of inputs: 20
Number of outputs: 27

[2026-04-13 13:27:19.040] [default] [info] Iteration failed on: Automri finished with too many resources on context_8
[2026-04-13 13:27:19.247] [default] [info] Iteration failed on: Automri finished with too many resources on context_9
[2026-04-13 13:27:19.453] [default] [info] Iteration failed on: Automri finished with too many resources on context_10
[2026-04-13 13:27:19.668] [default] [info] Iteration failed on: Automri finished with too many resources on context_11
[2026-04-13 13:27:35.366] [default] [info] Iteration failed on: Too many inputs/outputs for hexapod_v3_1_simplified_context_7, try to reduce number of inputs or outputs
Number of DDRs: 0
Number of inputs: 20
Number of outputs: 27

[2026-04-13 13:27:35.603] [default] [info] Iteration failed on: Automri finished with too many resources on context_8
[2026-04-13 13:27:35.816] [default] [info] Iteration failed on: Automri finished with too many resources on context_9
[2026-04-13 13:27:36.041] [default] [info] Iteration failed on: Automri finished with too many resources on context_10
[2026-04-13 13:27:36.267] [default] [info] Iteration failed on: Automri finished with too many resources on context_10
[2026-04-13 13:27:36.467] [default] [info] Iteration failed on: Automri finished with too many resources on context_11
[2026-04-13 13:27:36.665] [default] [info] Iteration failed on: Automri finished with too many resources on context_11
[2026-04-13 13:27:49.987] [default] [info] Iteration failed on: Too many inputs/outputs for hexapod_v3_1_simplified_context_7, try to reduce number of inputs or outputs
Number of DDRs: 0
Number of inputs: 20
Number of outputs: 26

[2026-04-13 13:27:50.218] [default] [info] Iteration failed on: Automri finished with too many resources on context_8
[2026-04-13 13:28:05.824] [default] [info] Iteration failed on: Too many inputs/outputs for hexapod_v3_1_simplified_context_7, try to reduce number of inputs or outputs
Number of DDRs: 0
Number of inputs: 20
Number of outputs: 27

[2026-04-13 13:28:06.061] [default] [info] Iteration failed on: Automri finished with too many resources on context_8
[2026-04-13 13:28:06.274] [default] [info] Iteration failed on: Automri finished with too many resources on context_9
[2026-04-13 13:28:06.504] [default] [info] Iteration failed on: Automri finished with too many resources on context_10
[2026-04-13 13:28:06.716] [default] [info] Iteration failed on: Automri finished with too many resources on context_11
[2026-04-13 13:28:19.714] [default] [info] Iteration failed on: Too many inputs/outputs for hexapod_v3_1_simplified_context_7, try to reduce number of inputs or outputs
Number of DDRs: 0
Number of inputs: 20
Number of outputs: 27

[2026-04-13 13:28:19.956] [default] [info] Iteration failed on: Automri finished with too many resources on context_8
[2026-04-13 13:28:20.172] [default] [info] Iteration failed on: Automri finished with too many resources on context_9
[2026-04-13 13:28:20.391] [default] [info] Iteration failed on: Automri finished with too many resources on context_10
[2026-04-13 13:28:20.597] [default] [info] Iteration failed on: Automri finished with too many resources on context_11
[2026-04-13 13:28:33.579] [default] [info] Iteration failed on: Too many inputs/outputs for hexapod_v3_1_simplified_context_7, try to reduce number of inputs or outputs
Number of DDRs: 0
Number of inputs: 20
Number of outputs: 27

[2026-04-13 13:28:33.817] [default] [info] Iteration failed on: Automri finished with too many resources on context_8
[2026-04-13 13:28:34.030] [default] [info] Iteration failed on: Automri finished with too many resources on context_9
[2026-04-13 13:28:34.255] [default] [info] Iteration failed on: Automri finished with too many resources on context_10
[2026-04-13 13:28:34.474] [default] [info] Iteration failed on: Automri finished with too many resources on context_11
[2026-04-13 13:28:50.874] [default] [info] Iteration failed on: Too many inputs/outputs for hexapod_v3_1_simplified_context_7, try to reduce number of inputs or outputs
Number of DDRs: 0
Number of inputs: 20
Number of outputs: 27

[2026-04-13 13:28:51.120] [default] [info] Iteration failed on: Automri finished with too many resources on context_8
[2026-04-13 13:28:51.339] [default] [info] Iteration failed on: Automri finished with too many resources on context_9
[2026-04-13 13:28:51.555] [default] [info] Iteration failed on: Automri finished with too many resources on context_10
[2026-04-13 13:28:51.766] [default] [info] Iteration failed on: Automri finished with too many resources on context_11
[2026-04-13 13:29:06.265] [default] [info] Iteration failed on: Too many inputs/outputs for hexapod_v3_1_simplified_context_7, try to reduce number of inputs or outputs
Number of DDRs: 0
Number of inputs: 20
Number of outputs: 28

[2026-04-13 13:29:06.515] [default] [info] Iteration failed on: Automri finished with too many resources on context_8
[2026-04-13 13:29:06.745] [default] [info] Iteration failed on: Automri finished with too many resources on context_9
[2026-04-13 13:29:06.975] [default] [info] Iteration failed on: Automri finished with too many resources on context_10
[2026-04-13 13:29:07.181] [default] [info] Iteration failed on: Automri finished with too many resources on context_11
[2026-04-13 13:29:23.780] [default] [info] Iteration failed on: Too many inputs/outputs for hexapod_v3_1_simplified_context_7, try to reduce number of inputs or outputs
Number of DDRs: 0
Number of inputs: 20
Number of outputs: 28

[2026-04-13 13:29:24.017] [default] [info] Iteration failed on: Automri finished with too many resources on context_8
[2026-04-13 13:29:24.231] [default] [info] Iteration failed on: Automri finished with too many resources on context_9
[2026-04-13 13:29:24.444] [default] [info] Iteration failed on: Automri finished with too many resources on context_10
[2026-04-13 13:29:24.637] [default] [info] Iteration failed on: Automri finished with too many resources on context_11
[2026-04-13 13:29:38.737] [default] [info] Iteration failed on: Too many inputs/outputs for hexapod_v3_1_simplified_context_7, try to reduce number of inputs or outputs
Number of DDRs: 0
Number of inputs: 20
Number of outputs: 28

[2026-04-13 13:29:38.964] [default] [info] Iteration failed on: Automri finished with too many resources on context_8
[2026-04-13 13:29:39.165] [default] [info] Iteration failed on: Automri finished with too many resources on context_9
[2026-04-13 13:29:39.366] [default] [info] Iteration failed on: Automri finished with too many resources on context_10
[2026-04-13 13:29:39.581] [default] [info] Iteration failed on: Automri finished with too many resources on context_11
[2026-04-13 13:29:55.334] [default] [info] Iteration failed on: Too many inputs/outputs for hexapod_v3_1_simplified_context_7, try to reduce number of inputs or outputs
Number of DDRs: 0
Number of inputs: 20
Number of outputs: 28

[2026-04-13 13:29:55.556] [default] [info] Iteration failed on: Automri finished with too many resources on context_8
[2026-04-13 13:29:55.748] [default] [info] Iteration failed on: Automri finished with too many resources on context_9
[2026-04-13 13:29:55.940] [default] [info] Iteration failed on: Automri finished with too many resources on context_10
[2026-04-13 13:29:56.149] [default] [info] Iteration failed on: Automri finished with too many resources on context_11
[2026-04-13 13:30:09.750] [default] [info] Iteration failed on: Too many inputs/outputs for hexapod_v3_1_simplified_context_7, try to reduce number of inputs or outputs
Number of DDRs: 0
Number of inputs: 20
Number of outputs: 28

[2026-04-13 13:30:09.976] [default] [info] Iteration failed on: Automri finished with too many resources on context_8
[2026-04-13 13:30:10.170] [default] [info] Iteration failed on: Automri finished with too many resources on context_9
[2026-04-13 13:30:10.377] [default] [info] Iteration failed on: Automri finished with too many resources on context_10
[2026-04-13 13:30:10.579] [default] [info] Iteration failed on: Automri finished with too many resources on context_11
[2026-04-13 13:30:25.789] [default] [info] Iteration failed on: Too many inputs/outputs for hexapod_v3_1_simplified_context_7, try to reduce number of inputs or outputs
Number of DDRs: 0
Number of inputs: 20
Number of outputs: 28

[2026-04-13 13:30:26.008] [default] [info] Iteration failed on: Automri finished with too many resources on context_8
[2026-04-13 13:30:26.215] [default] [info] Iteration failed on: Automri finished with too many resources on context_9
[2026-04-13 13:30:26.423] [default] [info] Iteration failed on: Automri finished with too many resources on context_10
[2026-04-13 13:30:26.632] [default] [info] Iteration failed on: Automri finished with too many resources on context_11
[2026-04-13 13:30:39.868] [default] [info] Iteration failed on: Too many inputs/outputs for hexapod_v3_1_simplified_context_7, try to reduce number of inputs or outputs
Number of DDRs: 0
Number of inputs: 20
Number of outputs: 28

[2026-04-13 13:30:40.098] [default] [info] Iteration failed on: Automri finished with too many resources on context_8
[2026-04-13 13:30:40.300] [default] [info] Iteration failed on: Automri finished with too many resources on context_9
[2026-04-13 13:30:40.508] [default] [info] Iteration failed on: Automri finished with too many resources on context_10
[2026-04-13 13:30:40.719] [default] [info] Iteration failed on: Automri finished with too many resources on context_11
[2026-04-13 13:30:55.712] [default] [info] Iteration failed on: Too many inputs/outputs for hexapod_v3_1_simplified_context_7, try to reduce number of inputs or outputs
Number of DDRs: 0
Number of inputs: 20
Number of outputs: 27

[2026-04-13 13:30:55.935] [default] [info] Iteration failed on: Automri finished with too many resources on context_8
[2026-04-13 13:30:56.130] [default] [info] Iteration failed on: Automri finished with too many resources on context_9
[2026-04-13 13:30:56.330] [default] [info] Iteration failed on: Automri finished with too many resources on context_10
[2026-04-13 13:30:56.531] [default] [info] Iteration failed on: Automri finished with too many resources on context_11
[2026-04-13 13:31:09.205] [default] [info] Iteration failed on: Too many inputs/outputs for hexapod_v3_1_simplified_context_7, try to reduce number of inputs or outputs
Number of DDRs: 0
Number of inputs: 20
Number of outputs: 26

[2026-04-13 13:31:09.433] [default] [info] Iteration failed on: Automri finished with too many resources on context_8
[2026-04-13 13:31:09.636] [default] [info] Iteration failed on: Automri finished with too many resources on context_9
[2026-04-13 13:31:09.842] [default] [info] Iteration failed on: Automri finished with too many resources on context_10
[2026-04-13 13:31:10.040] [default] [info] Iteration failed on: Automri finished with too many resources on context_11
[2026-04-13 13:31:22.700] [default] [info] Iteration failed on: Too many inputs/outputs for hexapod_v3_1_simplified_context_7, try to reduce number of inputs or outputs
Number of DDRs: 0
Number of inputs: 20
Number of outputs: 25

[2026-04-13 13:31:22.913] [default] [info] Iteration failed on: Automri finished with too many resources on context_8
[2026-04-13 13:31:23.098] [default] [info] Iteration failed on: Automri finished with too many resources on context_9
[2026-04-13 13:31:23.276] [default] [info] Iteration failed on: Automri finished with too many resources on context_10
[2026-04-13 13:31:23.462] [default] [info] Iteration failed on: Automri finished with too many resources on context_11
[2026-04-13 13:31:39.059] [default] [info] Iteration failed on: Too many inputs/outputs for hexapod_v3_1_simplified_context_7, try to reduce number of inputs or outputs
Number of DDRs: 0
Number of inputs: 20
Number of outputs: 25

[2026-04-13 13:31:39.275] [default] [info] Iteration failed on: Automri finished with too many resources on context_8
[2026-04-13 13:31:39.459] [default] [info] Iteration failed on: Automri finished with too many resources on context_9
[2026-04-13 13:31:39.637] [default] [info] Iteration failed on: Automri finished with too many resources on context_10
[2026-04-13 13:31:39.813] [default] [info] Iteration failed on: Automri finished with too many resources on context_11
[2026-04-13 13:31:52.856] [default] [info] Iteration failed on: Too many inputs/outputs for hexapod_v3_1_simplified_context_7, try to reduce number of inputs or outputs
Number of DDRs: 0
Number of inputs: 20
Number of outputs: 24

[2026-04-13 13:31:53.048] [default] [info] Iteration failed on: Automri finished with too many resources on context_8
[2026-04-13 13:31:53.219] [default] [info] Iteration failed on: Automri finished with too many resources on context_9
[2026-04-13 13:31:53.388] [default] [info] Iteration failed on: Automri finished with too many resources on context_10
[2026-04-13 13:31:53.562] [default] [info] Iteration failed on: Automri finished with too many resources on context_11
[2026-04-13 13:32:08.672] [default] [info] Iteration failed on: Too many inputs/outputs for hexapod_v3_1_simplified_context_7, try to reduce number of inputs or outputs
Number of DDRs: 0
Number of inputs: 20
Number of outputs: 24

[2026-04-13 13:32:08.878] [default] [info] Iteration failed on: Automri finished with too many resources on context_8
[2026-04-13 13:32:09.068] [default] [info] Iteration failed on: Automri finished with too many resources on context_9
[2026-04-13 13:32:09.238] [default] [info] Iteration failed on: Automri finished with too many resources on context_10
[2026-04-13 13:32:09.405] [default] [info] Iteration failed on: Automri finished with too many resources on context_11
[2026-04-13 13:32:22.156] [default] [info] Iteration failed on: Too many inputs/outputs for hexapod_v3_1_simplified_context_7, try to reduce number of inputs or outputs
Number of DDRs: 0
Number of inputs: 20
Number of outputs: 24

[2026-04-13 13:32:22.355] [default] [info] Iteration failed on: Automri finished with too many resources on context_8
[2026-04-13 13:32:22.534] [default] [info] Iteration failed on: Automri finished with too many resources on context_9
[2026-04-13 13:32:22.704] [default] [info] Iteration failed on: Automri finished with too many resources on context_10
[2026-04-13 13:32:22.873] [default] [info] Iteration failed on: Automri finished with too many resources on context_11
[2026-04-13 13:32:35.435] [default] [info] Iteration failed on: Too many inputs/outputs for hexapod_v3_1_simplified_context_7, try to reduce number of inputs or outputs
Number of DDRs: 0
Number of inputs: 20
Number of outputs: 24

[2026-04-13 13:32:35.644] [default] [info] Iteration failed on: Automri finished with too many resources on context_8
[2026-04-13 13:32:35.818] [default] [info] Iteration failed on: Automri finished with too many resources on context_9
[2026-04-13 13:32:35.987] [default] [info] Iteration failed on: Automri finished with too many resources on context_10
[2026-04-13 13:32:38.170] [default] [info] Iteration failed on: Automri finished with too many resources on context_11
[2026-04-13 13:32:50.600] [default] [info] Iteration failed on: Too many inputs/outputs for hexapod_v3_1_simplified_context_7, try to reduce number of inputs or outputs
Number of DDRs: 0
Number of inputs: 20
Number of outputs: 24

[2026-04-13 13:32:50.793] [default] [info] Iteration failed on: Automri finished with too many resources on context_8
[2026-04-13 13:32:50.972] [default] [info] Iteration failed on: Automri finished with too many resources on context_9
[2026-04-13 13:32:51.143] [default] [info] Iteration failed on: Automri finished with too many resources on context_10
[2026-04-13 13:32:51.323] [default] [info] Iteration failed on: Automri finished with too many resources on context_11
[2026-04-13 13:32:51.497] [default] [info] Iteration failed on: Automri finished with too many resources on context_12
[2026-04-13 13:33:03.923] [default] [info] Iteration failed on: Too many inputs/outputs for hexapod_v3_1_simplified_context_7, try to reduce number of inputs or outputs
Number of DDRs: 0
Number of inputs: 19
Number of outputs: 24

[2026-04-13 13:33:04.123] [default] [info] Iteration failed on: Automri finished with too many resources on context_8
[2026-04-13 13:33:04.350] [default] [info] Iteration failed on: Automri finished with too many resources on context_9
[2026-04-13 13:33:04.566] [default] [info] Iteration failed on: Automri finished with too many resources on context_10
[2026-04-13 13:33:04.767] [default] [info] Iteration failed on: Automri finished with too many resources on context_11
[2026-04-13 13:33:04.946] [default] [info] Iteration failed on: Automri finished with too many resources on context_12
[2026-04-13 13:33:19.604] [default] [info] Iteration failed on: Too many inputs/outputs for hexapod_v3_1_simplified_context_7, try to reduce number of inputs or outputs
Number of DDRs: 0
Number of inputs: 19
Number of outputs: 24

[2026-04-13 13:33:19.803] [default] [info] Iteration failed on: Automri finished with too many resources on context_8
[2026-04-13 13:33:19.981] [default] [info] Iteration failed on: Automri finished with too many resources on context_9
[2026-04-13 13:33:20.152] [default] [info] Iteration failed on: Automri finished with too many resources on context_10
[2026-04-13 13:33:20.324] [default] [info] Iteration failed on: Automri finished with too many resources on context_11
[2026-04-13 13:33:20.498] [default] [info] Iteration failed on: Automri finished with too many resources on context_12
[2026-04-13 13:33:33.337] [default] [info] Iteration failed on: Too many inputs/outputs for hexapod_v3_1_simplified_context_7, try to reduce number of inputs or outputs
Number of DDRs: 0
Number of inputs: 19
Number of outputs: 24

[2026-04-13 13:33:33.552] [default] [info] Iteration failed on: Automri finished with too many resources on context_8
[2026-04-13 13:33:33.725] [default] [info] Iteration failed on: Automri finished with too many resources on context_9
[2026-04-13 13:33:33.895] [default] [info] Iteration failed on: Automri finished with too many resources on context_10
[2026-04-13 13:33:34.066] [default] [info] Iteration failed on: Automri finished with too many resources on context_11
[2026-04-13 13:33:34.236] [default] [info] Iteration failed on: Automri finished with too many resources on context_12
[2026-04-13 13:33:48.960] [default] [info] Iteration failed on: Too many inputs/outputs for hexapod_v3_1_simplified_context_7, try to reduce number of inputs or outputs
Number of DDRs: 0
Number of inputs: 19
Number of outputs: 24

[2026-04-13 13:33:49.153] [default] [info] Iteration failed on: Automri finished with too many resources on context_8
[2026-04-13 13:33:49.327] [default] [info] Iteration failed on: Automri finished with too many resources on context_9
[2026-04-13 13:33:49.496] [default] [info] Iteration failed on: Automri finished with too many resources on context_10
[2026-04-13 13:33:49.666] [default] [info] Iteration failed on: Automri finished with too many resources on context_11
[2026-04-13 13:33:49.835] [default] [info] Iteration failed on: Automri finished with too many resources on context_12
[2026-04-13 13:34:02.833] [default] [info] Iteration failed on: Too many inputs/outputs for hexapod_v3_1_simplified_context_7, try to reduce number of inputs or outputs
Number of DDRs: 0
Number of inputs: 19
Number of outputs: 24

[2026-04-13 13:34:03.046] [default] [info] Iteration failed on: Automri finished with too many resources on context_8
[2026-04-13 13:34:03.222] [default] [info] Iteration failed on: Automri finished with too many resources on context_9
[2026-04-13 13:34:03.409] [default] [info] Iteration failed on: Automri finished with too many resources on context_10
[2026-04-13 13:34:03.597] [default] [info] Iteration failed on: Automri finished with too many resources on context_11
[2026-04-13 13:34:03.772] [default] [info] Iteration failed on: Automri finished with too many resources on context_12
[2026-04-13 13:34:16.871] [default] [info] Iteration failed on: Too many inputs/outputs for hexapod_v3_1_simplified_context_7, try to reduce number of inputs or outputs
Number of DDRs: 0
Number of inputs: 19
Number of outputs: 24

[2026-04-13 13:34:17.069] [default] [info] Iteration failed on: Automri finished with too many resources on context_8
[2026-04-13 13:34:17.243] [default] [info] Iteration failed on: Automri finished with too many resources on context_9
[2026-04-13 13:34:17.419] [default] [info] Iteration failed on: Automri finished with too many resources on context_10
[2026-04-13 13:34:17.594] [default] [info] Iteration failed on: Automri finished with too many resources on context_11
[2026-04-13 13:34:17.785] [default] [info] Iteration failed on: Automri finished with too many resources on context_12
[2026-04-13 13:34:32.983] [default] [info] Iteration failed on: Too many inputs/outputs for hexapod_v3_1_simplified_context_7, try to reduce number of inputs or outputs
Number of DDRs: 0
Number of inputs: 19
Number of outputs: 24

[2026-04-13 13:34:33.254] [default] [info] Iteration failed on: Automri finished with too many resources on context_8
[2026-04-13 13:34:33.487] [default] [info] Iteration failed on: Automri finished with too many resources on context_9
[2026-04-13 13:34:33.698] [default] [info] Iteration failed on: Automri finished with too many resources on context_10
[2026-04-13 13:34:33.891] [default] [info] Iteration failed on: Automri finished with too many resources on context_11
[2026-04-13 13:34:34.080] [default] [info] Iteration failed on: Automri finished with too many resources on context_12
[2026-04-13 13:34:47.185] [default] [info] Iteration failed on: Too many inputs/outputs for hexapod_v3_1_simplified_context_7, try to reduce number of inputs or outputs
Number of DDRs: 0
Number of inputs: 19
Number of outputs: 23

[2026-04-13 13:34:47.393] [default] [info] Iteration failed on: Automri finished with too many resources on context_8
[2026-04-13 13:34:47.574] [default] [info] Iteration failed on: Automri finished with too many resources on context_9
[2026-04-13 13:34:47.759] [default] [info] Iteration failed on: Automri finished with too many resources on context_10
[2026-04-13 13:34:47.949] [default] [info] Iteration failed on: Automri finished with too many resources on context_11
[2026-04-13 13:34:48.138] [default] [info] Iteration failed on: Automri finished with too many resources on context_12
[2026-04-13 13:35:03.422] [default] [info] Iteration failed on: Too many inputs/outputs for hexapod_v3_1_simplified_context_7, try to reduce number of inputs or outputs
Number of DDRs: 0
Number of inputs: 19
Number of outputs: 22

[2026-04-13 13:35:03.634] [default] [info] Iteration failed on: Automri finished with too many resources on context_8
[2026-04-13 13:35:03.824] [default] [info] Iteration failed on: Automri finished with too many resources on context_9
[2026-04-13 13:35:04.006] [default] [info] Iteration failed on: Automri finished with too many resources on context_10
[2026-04-13 13:35:04.191] [default] [info] Iteration failed on: Automri finished with too many resources on context_11
[2026-04-13 13:35:04.381] [default] [info] Iteration failed on: Automri finished with too many resources on context_12
[2026-04-13 13:35:17.266] [default] [info] Iteration failed on: Too many inputs/outputs for hexapod_v3_1_simplified_context_7, try to reduce number of inputs or outputs
Number of DDRs: 0
Number of inputs: 19
Number of outputs: 21

[2026-04-13 13:35:17.458] [default] [info] Iteration failed on: Automri finished with too many resources on context_8
[2026-04-13 13:35:17.626] [default] [info] Iteration failed on: Automri finished with too many resources on context_9
[2026-04-13 13:35:17.800] [default] [info] Iteration failed on: Automri finished with too many resources on context_10
[2026-04-13 13:35:17.966] [default] [info] Iteration failed on: Automri finished with too many resources on context_11
[2026-04-13 13:35:18.132] [default] [info] Iteration failed on: Automri finished with too many resources on context_12
[2026-04-13 13:35:33.289] [default] [info] Iteration failed on: Too many inputs/outputs for hexapod_v3_1_simplified_context_7, try to reduce number of inputs or outputs
Number of DDRs: 0
Number of inputs: 19
Number of outputs: 21

[2026-04-13 13:35:33.512] [default] [info] Iteration failed on: Automri finished with too many resources on context_8
[2026-04-13 13:35:33.692] [default] [info] Iteration failed on: Automri finished with too many resources on context_9
[2026-04-13 13:35:33.866] [default] [info] Iteration failed on: Automri finished with too many resources on context_10
[2026-04-13 13:35:34.044] [default] [info] Iteration failed on: Automri finished with too many resources on context_11
[2026-04-13 13:35:34.225] [default] [info] Iteration failed on: Automri finished with too many resources on context_12
[2026-04-13 13:35:46.874] [default] [info] Iteration failed on: Too many inputs/outputs for hexapod_v3_1_simplified_context_7, try to reduce number of inputs or outputs
Number of DDRs: 0
Number of inputs: 19
Number of outputs: 20

[2026-04-13 13:35:47.086] [default] [info] Iteration failed on: Automri finished with too many resources on context_8
[2026-04-13 13:35:47.258] [default] [info] Iteration failed on: Automri finished with too many resources on context_9
[2026-04-13 13:35:47.428] [default] [info] Iteration failed on: Automri finished with too many resources on context_10
[2026-04-13 13:35:47.596] [default] [info] Iteration failed on: Automri finished with too many resources on context_11
[2026-04-13 13:35:47.770] [default] [info] Iteration failed on: Automri finished with too many resources on context_12
[2026-04-13 13:36:00.482] [default] [info] Iteration failed on: Too many inputs/outputs for hexapod_v3_1_simplified_context_7, try to reduce number of inputs or outputs
Number of DDRs: 0
Number of inputs: 19
Number of outputs: 19

[2026-04-13 13:36:00.684] [default] [info] Iteration failed on: Automri finished with too many resources on context_8
[2026-04-13 13:36:00.871] [default] [info] Iteration failed on: Automri finished with too many resources on context_9
[2026-04-13 13:36:01.044] [default] [info] Iteration failed on: Automri finished with too many resources on context_10
[2026-04-13 13:36:01.216] [default] [info] Iteration failed on: Automri finished with too many resources on context_11
[2026-04-13 13:36:01.388] [default] [info] Iteration failed on: Automri finished with too many resources on context_12
[2026-04-13 13:36:15.802] [default] [info] Iteration failed on: Too many inputs/outputs for hexapod_v3_1_simplified_context_7, try to reduce number of inputs or outputs
Number of DDRs: 0
Number of inputs: 19
Number of outputs: 19

[2026-04-13 13:36:16.000] [default] [info] Iteration failed on: Automri finished with too many resources on context_8
[2026-04-13 13:36:16.178] [default] [info] Iteration failed on: Automri finished with too many resources on context_9
[2026-04-13 13:36:16.356] [default] [info] Iteration failed on: Automri finished with too many resources on context_10
[2026-04-13 13:36:16.526] [default] [info] Iteration failed on: Automri finished with too many resources on context_11
[2026-04-13 13:36:16.700] [default] [info] Iteration failed on: Automri finished with too many resources on context_12
[2026-04-13 13:36:28.598] [default] [info] Iteration failed on: Too many inputs/outputs for hexapod_v3_1_simplified_context_7, try to reduce number of inputs or outputs
Number of DDRs: 0
Number of inputs: 18
Number of outputs: 18

[2026-04-13 13:36:28.801] [default] [info] Iteration failed on: Automri finished with too many resources on context_8
[2026-04-13 13:36:28.978] [default] [info] Iteration failed on: Automri finished with too many resources on context_9
[2026-04-13 13:36:29.154] [default] [info] Iteration failed on: Automri finished with too many resources on context_10
[2026-04-13 13:36:29.331] [default] [info] Iteration failed on: Automri finished with too many resources on context_11
[2026-04-13 13:36:29.511] [default] [info] Iteration failed on: Automri finished with too many resources on context_12
[2026-04-13 13:36:44.133] [default] [info] Iteration failed on: Too many inputs/outputs for hexapod_v3_1_simplified_context_7, try to reduce number of inputs or outputs
Number of DDRs: 0
Number of inputs: 17
Number of outputs: 17

[2026-04-13 13:36:44.340] [default] [info] Iteration failed on: Automri finished with too many resources on context_8
[2026-04-13 13:36:44.528] [default] [info] Iteration failed on: Automri finished with too many resources on context_9
[2026-04-13 13:36:44.710] [default] [info] Iteration failed on: Automri finished with too many resources on context_10
[2026-04-13 13:36:44.895] [default] [info] Iteration failed on: Automri finished with too many resources on context_11
[2026-04-13 13:36:57.090] [default] [info] Iteration failed on: Too many inputs/outputs for hexapod_v3_1_simplified_context_7, try to reduce number of inputs or outputs
Number of DDRs: 0
Number of inputs: 15
Number of outputs: 16

[2026-04-13 13:36:57.288] [default] [info] Iteration failed on: Automri finished with too many resources on context_8
[2026-04-13 13:36:57.467] [default] [info] Iteration failed on: Automri finished with too many resources on context_9
[2026-04-13 13:36:57.639] [default] [info] Iteration failed on: Automri finished with too many resources on context_10
[2026-04-13 13:36:57.814] [default] [info] Iteration failed on: Automri finished with too many resources on context_11
[2026-04-13 13:37:09.926] [default] [info] Iteration failed on: Too many inputs/outputs for hexapod_v3_1_simplified_context_7, try to reduce number of inputs or outputs
Number of DDRs: 0
Number of inputs: 14
Number of outputs: 15

[2026-04-13 13:37:10.129] [default] [info] Iteration failed on: Automri finished with too many resources on context_8
[2026-04-13 13:37:10.311] [default] [info] Iteration failed on: Automri finished with too many resources on context_9
[2026-04-13 13:37:12.506] [default] [info] Iteration failed on: Automri finished with too many resources on context_10
[2026-04-13 13:37:12.695] [default] [info] Iteration failed on: Automri finished with too many resources on context_11
[2026-04-13 13:37:12.885] [default] [info] Iteration failed on: Automri finished with too many resources on context_12
[2026-04-13 13:37:25.110] [default] [info] Iteration failed on: Too many inputs/outputs for hexapod_v3_1_simplified_context_7, try to reduce number of inputs or outputs
Number of DDRs: 0
Number of inputs: 13
Number of outputs: 14

[2026-04-13 13:37:25.318] [default] [info] Iteration failed on: Automri finished with too many resources on context_8
[2026-04-13 13:37:25.502] [default] [info] Iteration failed on: Automri finished with too many resources on context_9
[2026-04-13 13:37:25.682] [default] [info] Iteration failed on: Automri finished with too many resources on context_10
[2026-04-13 13:37:25.861] [default] [info] Iteration failed on: Automri finished with too many resources on context_11
[2026-04-13 13:37:26.044] [default] [info] Iteration failed on: Automri finished with too many resources on context_12
[2026-04-13 13:37:37.930] [default] [info] Iteration failed on: Too many inputs/outputs for hexapod_v3_1_simplified_context_7, try to reduce number of inputs or outputs
Number of DDRs: 0
Number of inputs: 12
Number of outputs: 13

[2026-04-13 13:37:38.142] [default] [info] Iteration failed on: Automri finished with too many resources on context_8
[2026-04-13 13:37:38.327] [default] [info] Iteration failed on: Automri finished with too many resources on context_9
[2026-04-13 13:37:38.510] [default] [info] Iteration failed on: Automri finished with too many resources on context_10
[2026-04-13 13:37:38.691] [default] [info] Iteration failed on: Automri finished with too many resources on context_11
[2026-04-13 13:37:38.873] [default] [info] Iteration failed on: Automri finished with too many resources on context_12
[2026-04-13 13:37:53.893] [default] [info] Iteration failed on: Too many inputs/outputs for hexapod_v3_1_simplified_context_7, try to reduce number of inputs or outputs
Number of DDRs: 0
Number of inputs: 11
Number of outputs: 12

[2026-04-13 13:37:54.113] [default] [info] Iteration failed on: Automri finished with too many resources on context_8
[2026-04-13 13:37:54.304] [default] [info] Iteration failed on: Automri finished with too many resources on context_9
[2026-04-13 13:37:54.528] [default] [info] Iteration failed on: Automri finished with too many resources on context_10
[2026-04-13 13:37:54.715] [default] [info] Iteration failed on: Automri finished with too many resources on context_11
[2026-04-13 13:37:54.907] [default] [info] Iteration failed on: Automri finished with too many resources on context_12
[2026-04-13 13:38:07.055] [default] [info] Iteration failed on: Too many inputs/outputs for hexapod_v3_1_simplified_context_7, try to reduce number of inputs or outputs
Number of DDRs: 0
Number of inputs: 10
Number of outputs: 11

[2026-04-13 13:38:07.264] [default] [info] Iteration failed on: Automri finished with too many resources on context_8
[2026-04-13 13:38:07.452] [default] [info] Iteration failed on: Automri finished with too many resources on context_9
[2026-04-13 13:38:07.639] [default] [info] Iteration failed on: Automri finished with too many resources on context_10
[2026-04-13 13:38:07.826] [default] [info] Iteration failed on: Automri finished with too many resources on context_11
[2026-04-13 13:38:08.018] [default] [info] Iteration failed on: Automri finished with too many resources on context_12
[2026-04-13 13:38:22.390] [default] [info] Iteration failed on: Too many inputs/outputs for hexapod_v3_1_simplified_context_7, try to reduce number of inputs or outputs
Number of DDRs: 0
Number of inputs: 10
Number of outputs: 10

[2026-04-13 13:38:22.624] [default] [info] Iteration failed on: Automri finished with too many resources on context_8
[2026-04-13 13:38:22.840] [default] [info] Iteration failed on: Automri finished with too many resources on context_9
[2026-04-13 13:38:23.060] [default] [info] Iteration failed on: Automri finished with too many resources on context_10
[2026-04-13 13:38:23.276] [default] [info] Iteration failed on: Automri finished with too many resources on context_11
[2026-04-13 13:38:23.495] [default] [info] Iteration failed on: Automri finished with too many resources on context_12
[2026-04-13 13:38:35.615] [default] [info] Iteration failed on: Too many inputs/outputs for hexapod_v3_1_simplified_context_7, try to reduce number of inputs or outputs
Number of DDRs: 0
Number of inputs: 10
Number of outputs: 9

[2026-04-13 13:38:35.834] [default] [info] Iteration failed on: Automri finished with too many resources on context_8
[2026-04-13 13:38:36.028] [default] [info] Iteration failed on: Automri finished with too many resources on context_9
[2026-04-13 13:38:36.226] [default] [info] Iteration failed on: Automri finished with too many resources on context_10
[2026-04-13 13:38:36.421] [default] [info] Iteration failed on: Automri finished with too many resources on context_11
[2026-04-13 13:38:36.625] [default] [info] Iteration failed on: Automri finished with too many resources on context_12
[2026-04-13 13:38:48.720] [default] [info] Iteration failed on: Too many inputs/outputs for hexapod_v3_1_simplified_context_7, try to reduce number of inputs or outputs
Number of DDRs: 0
Number of inputs: 10
Number of outputs: 8

[2026-04-13 13:38:48.934] [default] [info] Iteration failed on: Automri finished with too many resources on context_8
[2026-04-13 13:38:49.133] [default] [info] Iteration failed on: Automri finished with too many resources on context_9
[2026-04-13 13:38:49.332] [default] [info] Iteration failed on: Automri finished with too many resources on context_10
[2026-04-13 13:38:49.530] [default] [info] Iteration failed on: Automri finished with too many resources on context_11
[2026-04-13 13:38:49.734] [default] [info] Iteration failed on: Automri finished with too many resources on context_12
[2026-04-13 13:38:49.938] [default] [info] Iteration failed on: Automri finished with too many resources on context_12
[2026-04-13 13:39:05.896] [default] [info] Iteration failed on: Too many inputs/outputs for hexapod_v3_1_simplified_context_8, try to reduce number of inputs or outputs
Number of DDRs: 0
Number of inputs: 19
Number of outputs: 23

[2026-04-13 13:39:06.121] [default] [info] Iteration failed on: Automri finished with too many resources on context_9
[2026-04-13 13:39:06.320] [default] [info] Iteration failed on: Automri finished with too many resources on context_10
[2026-04-13 13:39:19.086] [default] [info] Iteration failed on: Too many inputs/outputs for hexapod_v3_1_simplified_context_8, try to reduce number of inputs or outputs
Number of DDRs: 0
Number of inputs: 19
Number of outputs: 23

[2026-04-13 13:39:19.304] [default] [info] Iteration failed on: Automri finished with too many resources on context_9
[2026-04-13 13:39:19.509] [default] [info] Iteration failed on: Automri finished with too many resources on context_10
[2026-04-13 13:39:19.717] [default] [info] Iteration failed on: Automri finished with too many resources on context_11
[2026-04-13 13:39:35.318] [default] [info] Iteration failed on: Too many inputs/outputs for hexapod_v3_1_simplified_context_8, try to reduce number of inputs or outputs
Number of DDRs: 0
Number of inputs: 19
Number of outputs: 24

[2026-04-13 13:39:35.570] [default] [info] Iteration failed on: Automri finished with too many resources on context_9
[2026-04-13 13:39:35.776] [default] [info] Iteration failed on: Automri finished with too many resources on context_10
[2026-04-13 13:39:35.986] [default] [info] Iteration failed on: Automri finished with too many resources on context_11
[2026-04-13 13:39:48.356] [default] [info] Iteration failed on: Too many inputs/outputs for hexapod_v3_1_simplified_context_8, try to reduce number of inputs or outputs
Number of DDRs: 0
Number of inputs: 19
Number of outputs: 24

[2026-04-13 13:39:48.585] [default] [info] Iteration failed on: Automri finished with too many resources on context_9
[2026-04-13 13:39:48.791] [default] [info] Iteration failed on: Automri finished with too many resources on context_10
[2026-04-13 13:39:48.995] [default] [info] Iteration failed on: Automri finished with too many resources on context_11
[2026-04-13 13:39:49.204] [default] [info] Iteration failed on: Automri finished with too many resources on context_12
[2026-04-13 13:39:49.413] [default] [info] Iteration failed on: Automri finished with too many resources on context_12
[2026-04-13 13:40:04.986] [default] [info] Iteration failed on: Too many inputs/outputs for hexapod_v3_1_simplified_context_8, try to reduce number of inputs or outputs
Number of DDRs: 0
Number of inputs: 19
Number of outputs: 24

[2026-04-13 13:40:05.271] [default] [info] Iteration failed on: Automri finished with too many resources on context_9
[2026-04-13 13:40:05.530] [default] [info] Iteration failed on: Automri finished with too many resources on context_10
[2026-04-13 13:40:19.167] [default] [info] Iteration failed on: Too many inputs/outputs for hexapod_v3_1_simplified_context_8, try to reduce number of inputs or outputs
Number of DDRs: 0
Number of inputs: 19
Number of outputs: 24

[2026-04-13 13:40:19.420] [default] [info] Iteration failed on: Automri finished with too many resources on context_9
[2026-04-13 13:40:19.650] [default] [info] Iteration failed on: Automri finished with too many resources on context_10
[2026-04-13 13:40:19.876] [default] [info] Iteration failed on: Automri finished with too many resources on context_11
[2026-04-13 13:40:20.109] [default] [info] Iteration failed on: Automri finished with too many resources on context_12
[2026-04-13 13:40:33.360] [default] [info] Iteration failed on: Too many inputs/outputs for hexapod_v3_1_simplified_context_8, try to reduce number of inputs or outputs
Number of DDRs: 0
Number of inputs: 19
Number of outputs: 24

[2026-04-13 13:40:33.614] [default] [info] Iteration failed on: Automri finished with too many resources on context_9
[2026-04-13 13:40:33.849] [default] [info] Iteration failed on: Automri finished with too many resources on context_10
[2026-04-13 13:40:34.077] [default] [info] Iteration failed on: Automri finished with too many resources on context_11
[2026-04-13 13:40:34.303] [default] [info] Iteration failed on: Automri finished with too many resources on context_12
[2026-04-13 13:40:50.189] [default] [info] Iteration failed on: Too many inputs/outputs for hexapod_v3_1_simplified_context_8, try to reduce number of inputs or outputs
Number of DDRs: 0
Number of inputs: 19
Number of outputs: 24

[2026-04-13 13:40:50.431] [default] [info] Iteration failed on: Automri finished with too many resources on context_9
[2026-04-13 13:40:50.650] [default] [info] Iteration failed on: Automri finished with too many resources on context_10
[2026-04-13 13:40:50.868] [default] [info] Iteration failed on: Automri finished with too many resources on context_11
[2026-04-13 13:40:51.097] [default] [info] Iteration failed on: Automri finished with too many resources on context_12
[2026-04-13 13:41:04.272] [default] [info] Iteration failed on: Too many inputs/outputs for hexapod_v3_1_simplified_context_8, try to reduce number of inputs or outputs
Number of DDRs: 0
Number of inputs: 19
Number of outputs: 23

[2026-04-13 13:41:04.535] [default] [info] Iteration failed on: Automri finished with too many resources on context_9
[2026-04-13 13:41:04.766] [default] [info] Iteration failed on: Automri finished with too many resources on context_10
[2026-04-13 13:41:05.001] [default] [info] Iteration failed on: Automri finished with too many resources on context_11
[2026-04-13 13:41:05.236] [default] [info] Iteration failed on: Automri finished with too many resources on context_12
[2026-04-13 13:41:05.427] [default] [info] Iteration failed on: Automri finished with too many resources on context_12
[2026-04-13 13:41:21.755] [default] [info] Iteration failed on: Too many inputs/outputs for hexapod_v3_1_simplified_context_8, try to reduce number of inputs or outputs
Number of DDRs: 0
Number of inputs: 19
Number of outputs: 23

[2026-04-13 13:41:21.967] [default] [info] Iteration failed on: Automri finished with too many resources on context_9
[2026-04-13 13:41:22.149] [default] [info] Iteration failed on: Automri finished with too many resources on context_10
[2026-04-13 13:41:35.384] [default] [info] Iteration failed on: Too many inputs/outputs for hexapod_v3_1_simplified_context_8, try to reduce number of inputs or outputs
Number of DDRs: 0
Number of inputs: 18
Number of outputs: 23

[2026-04-13 13:41:35.596] [default] [info] Iteration failed on: Automri finished with too many resources on context_9
[2026-04-13 13:41:35.785] [default] [info] Iteration failed on: Automri finished with too many resources on context_10
[2026-04-13 13:41:35.987] [default] [info] Iteration failed on: Automri finished with too many resources on context_11
[2026-04-13 13:41:36.176] [default] [info] Iteration failed on: Automri finished with too many resources on context_12
[2026-04-13 13:41:52.720] [default] [info] Iteration failed on: Too many inputs/outputs for hexapod_v3_1_simplified_context_8, try to reduce number of inputs or outputs
Number of DDRs: 0
Number of inputs: 18
Number of outputs: 23

[2026-04-13 13:41:52.944] [default] [info] Iteration failed on: Automri finished with too many resources on context_9
[2026-04-13 13:41:53.140] [default] [info] Iteration failed on: Automri finished with too many resources on context_10
[2026-04-13 13:42:06.668] [default] [info] Iteration failed on: Too many inputs/outputs for hexapod_v3_1_simplified_context_8, try to reduce number of inputs or outputs
Number of DDRs: 0
Number of inputs: 18
Number of outputs: 23

[2026-04-13 13:42:06.907] [default] [info] Iteration failed on: Automri finished with too many resources on context_9
[2026-04-13 13:42:07.099] [default] [info] Iteration failed on: Automri finished with too many resources on context_10
[2026-04-13 13:42:07.290] [default] [info] Iteration failed on: Automri finished with too many resources on context_11
[2026-04-13 13:42:07.479] [default] [info] Iteration failed on: Automri finished with too many resources on context_12
[2026-04-13 13:42:24.236] [default] [info] Iteration failed on: Too many inputs/outputs for hexapod_v3_1_simplified_context_8, try to reduce number of inputs or outputs
Number of DDRs: 0
Number of inputs: 18
Number of outputs: 23

[2026-04-13 13:42:24.458] [default] [info] Iteration failed on: Automri finished with too many resources on context_9
[2026-04-13 13:42:37.933] [default] [info] Iteration failed on: Too many inputs/outputs for hexapod_v3_1_simplified_context_8, try to reduce number of inputs or outputs
Number of DDRs: 0
Number of inputs: 18
Number of outputs: 24

[2026-04-13 13:42:38.152] [default] [info] Iteration failed on: Automri finished with too many resources on context_9
[2026-04-13 13:42:38.346] [default] [info] Iteration failed on: Automri finished with too many resources on context_10
[2026-04-13 13:42:38.549] [default] [info] Iteration failed on: Automri finished with too many resources on context_11
[2026-04-13 13:42:38.741] [default] [info] Iteration failed on: Automri finished with too many resources on context_12
[2026-04-13 13:42:52.334] [default] [info] Iteration failed on: Too many inputs/outputs for hexapod_v3_1_simplified_context_8, try to reduce number of inputs or outputs
Number of DDRs: 0
Number of inputs: 18
Number of outputs: 24

[2026-04-13 13:42:52.559] [default] [info] Iteration failed on: Automri finished with too many resources on context_9
[2026-04-13 13:42:52.757] [default] [info] Iteration failed on: Automri finished with too many resources on context_10
[2026-04-13 13:42:52.962] [default] [info] Iteration failed on: Automri finished with too many resources on context_11
[2026-04-13 13:42:53.180] [default] [info] Iteration failed on: Automri finished with too many resources on context_12
[2026-04-13 13:43:08.861] [default] [info] Iteration failed on: Too many inputs/outputs for hexapod_v3_1_simplified_context_8, try to reduce number of inputs or outputs
Number of DDRs: 0
Number of inputs: 18
Number of outputs: 24

[2026-04-13 13:43:09.076] [default] [info] Iteration failed on: Automri finished with too many resources on context_9
[2026-04-13 13:43:09.263] [default] [info] Iteration failed on: Automri finished with too many resources on context_10
[2026-04-13 13:43:09.457] [default] [info] Iteration failed on: Automri finished with too many resources on context_11
[2026-04-13 13:43:09.643] [default] [info] Iteration failed on: Automri finished with too many resources on context_12
[2026-04-13 13:43:23.274] [default] [info] Iteration failed on: Too many inputs/outputs for hexapod_v3_1_simplified_context_8, try to reduce number of inputs or outputs
Number of DDRs: 0
Number of inputs: 18
Number of outputs: 24

[2026-04-13 13:43:23.502] [default] [info] Iteration failed on: Automri finished with too many resources on context_9
[2026-04-13 13:43:23.706] [default] [info] Iteration failed on: Automri finished with too many resources on context_10
[2026-04-13 13:43:23.911] [default] [info] Iteration failed on: Automri finished with too many resources on context_11
[2026-04-13 13:43:24.115] [default] [info] Iteration failed on: Automri finished with too many resources on context_12
[2026-04-13 13:43:40.202] [default] [info] Iteration failed on: Too many inputs/outputs for hexapod_v3_1_simplified_context_8, try to reduce number of inputs or outputs
Number of DDRs: 0
Number of inputs: 18
Number of outputs: 24

[2026-04-13 13:43:40.413] [default] [info] Iteration failed on: Automri finished with too many resources on context_9
[2026-04-13 13:43:40.605] [default] [info] Iteration failed on: Automri finished with too many resources on context_10
[2026-04-13 13:43:40.793] [default] [info] Iteration failed on: Automri finished with too many resources on context_11
[2026-04-13 13:43:40.989] [default] [info] Iteration failed on: Automri finished with too many resources on context_12
[2026-04-13 13:43:54.047] [default] [info] Iteration failed on: Too many inputs/outputs for hexapod_v3_1_simplified_context_8, try to reduce number of inputs or outputs
Number of DDRs: 0
Number of inputs: 18
Number of outputs: 23

[2026-04-13 13:43:54.283] [default] [info] Iteration failed on: Automri finished with too many resources on context_9
[2026-04-13 13:43:54.499] [default] [info] Iteration failed on: Automri finished with too many resources on context_10
[2026-04-13 13:43:54.713] [default] [info] Iteration failed on: Automri finished with too many resources on context_11
[2026-04-13 13:43:54.930] [default] [info] Iteration failed on: Automri finished with too many resources on context_12
[2026-04-13 13:44:10.753] [default] [info] Iteration failed on: Too many inputs/outputs for hexapod_v3_1_simplified_context_8, try to reduce number of inputs or outputs
Number of DDRs: 0
Number of inputs: 18
Number of outputs: 23

[2026-04-13 13:44:10.984] [default] [info] Iteration failed on: Automri finished with too many resources on context_9
[2026-04-13 13:44:11.196] [default] [info] Iteration failed on: Automri finished with too many resources on context_10
[2026-04-13 13:44:11.397] [default] [info] Iteration failed on: Automri finished with too many resources on context_11
[2026-04-13 13:44:11.592] [default] [info] Iteration failed on: Automri finished with too many resources on context_12
[2026-04-13 13:44:24.171] [default] [info] Iteration failed on: Too many inputs/outputs for hexapod_v3_1_simplified_context_8, try to reduce number of inputs or outputs
Number of DDRs: 0
Number of inputs: 18
Number of outputs: 23

[2026-04-13 13:44:24.397] [default] [info] Iteration failed on: Automri finished with too many resources on context_9
[2026-04-13 13:44:24.596] [default] [info] Iteration failed on: Automri finished with too many resources on context_10
[2026-04-13 13:44:24.796] [default] [info] Iteration failed on: Automri finished with too many resources on context_11
[2026-04-13 13:44:24.990] [default] [info] Iteration failed on: Automri finished with too many resources on context_12
[2026-04-13 13:44:40.875] [default] [info] Iteration failed on: Too many inputs/outputs for hexapod_v3_1_simplified_context_8, try to reduce number of inputs or outputs
Number of DDRs: 0
Number of inputs: 18
Number of outputs: 23

[2026-04-13 13:44:41.126] [default] [info] Iteration failed on: Automri finished with too many resources on context_9
[2026-04-13 13:44:41.354] [default] [info] Iteration failed on: Automri finished with too many resources on context_10
[2026-04-13 13:44:41.583] [default] [info] Iteration failed on: Automri finished with too many resources on context_11
[2026-04-13 13:44:41.802] [default] [info] Iteration failed on: Automri finished with too many resources on context_12
[2026-04-13 13:44:55.722] [default] [info] Iteration failed on: Too many inputs/outputs for hexapod_v3_1_simplified_context_8, try to reduce number of inputs or outputs
Number of DDRs: 0
Number of inputs: 18
Number of outputs: 24

[2026-04-13 13:44:55.964] [default] [info] Iteration failed on: Automri finished with too many resources on context_9
[2026-04-13 13:44:56.176] [default] [info] Iteration failed on: Automri finished with too many resources on context_10
[2026-04-13 13:44:56.384] [default] [info] Iteration failed on: Automri finished with too many resources on context_11
[2026-04-13 13:44:56.588] [default] [info] Iteration failed on: Automri finished with too many resources on context_12
[2026-04-13 13:45:11.405] [default] [info] Iteration failed on: Too many inputs/outputs for hexapod_v3_1_simplified_context_8, try to reduce number of inputs or outputs
Number of DDRs: 0
Number of inputs: 18
Number of outputs: 24

[2026-04-13 13:45:11.678] [default] [info] Iteration failed on: Automri finished with too many resources on context_9
[2026-04-13 13:45:13.165] [default] [info] Iteration failed on: Automri finished with too many resources on context_10
[2026-04-13 13:45:13.387] [default] [info] Iteration failed on: Automri finished with too many resources on context_11
[2026-04-13 13:45:13.609] [default] [info] Iteration failed on: Automri finished with too many resources on context_12
[2026-04-13 13:45:27.088] [default] [info] Iteration failed on: Too many inputs/outputs for hexapod_v3_1_simplified_context_8, try to reduce number of inputs or outputs
Number of DDRs: 0
Number of inputs: 18
Number of outputs: 24

[2026-04-13 13:45:27.317] [default] [info] Iteration failed on: Automri finished with too many resources on context_9
[2026-04-13 13:45:27.530] [default] [info] Iteration failed on: Automri finished with too many resources on context_10
[2026-04-13 13:45:27.743] [default] [info] Iteration failed on: Automri finished with too many resources on context_11
[2026-04-13 13:45:27.952] [default] [info] Iteration failed on: Automri finished with too many resources on context_12
[2026-04-13 13:45:41.521] [default] [info] Iteration failed on: Too many inputs/outputs for hexapod_v3_1_simplified_context_8, try to reduce number of inputs or outputs
Number of DDRs: 0
Number of inputs: 18
Number of outputs: 24

[2026-04-13 13:45:41.765] [default] [info] Iteration failed on: Automri finished with too many resources on context_9
[2026-04-13 13:45:41.985] [default] [info] Iteration failed on: Automri finished with too many resources on context_10
[2026-04-13 13:45:42.209] [default] [info] Iteration failed on: Automri finished with too many resources on context_11
[2026-04-13 13:45:42.427] [default] [info] Iteration failed on: Automri finished with too many resources on context_12
[2026-04-13 13:46:00.265] [default] [info] Iteration failed on: Too many inputs/outputs for hexapod_v3_1_simplified_context_8, try to reduce number of inputs or outputs
Number of DDRs: 0
Number of inputs: 18
Number of outputs: 24

[2026-04-13 13:46:00.525] [default] [info] Iteration failed on: Automri finished with too many resources on context_9
[2026-04-13 13:46:00.758] [default] [info] Iteration failed on: Automri finished with too many resources on context_10
[2026-04-13 13:46:00.986] [default] [info] Iteration failed on: Automri finished with too many resources on context_11
[2026-04-13 13:46:01.195] [default] [info] Iteration failed on: Automri finished with too many resources on context_12
[2026-04-13 13:46:14.860] [default] [info] Iteration failed on: Too many inputs/outputs for hexapod_v3_1_simplified_context_8, try to reduce number of inputs or outputs
Number of DDRs: 0
Number of inputs: 18
Number of outputs: 24

[2026-04-13 13:46:15.098] [default] [info] Iteration failed on: Automri finished with too many resources on context_9
[2026-04-13 13:46:15.311] [default] [info] Iteration failed on: Automri finished with too many resources on context_10
[2026-04-13 13:46:15.543] [default] [info] Iteration failed on: Automri finished with too many resources on context_11
[2026-04-13 13:46:15.747] [default] [info] Iteration failed on: Automri finished with too many resources on context_12
[2026-04-13 13:46:30.698] [default] [info] Iteration failed on: Too many inputs/outputs for hexapod_v3_1_simplified_context_8, try to reduce number of inputs or outputs
Number of DDRs: 0
Number of inputs: 18
Number of outputs: 24

[2026-04-13 13:46:30.944] [default] [info] Iteration failed on: Automri finished with too many resources on context_9
[2026-04-13 13:46:31.166] [default] [info] Iteration failed on: Automri finished with too many resources on context_10
[2026-04-13 13:46:31.387] [default] [info] Iteration failed on: Automri finished with too many resources on context_11
[2026-04-13 13:46:31.592] [default] [info] Iteration failed on: Automri finished with too many resources on context_12
[2026-04-13 13:46:44.776] [default] [info] Iteration failed on: Too many inputs/outputs for hexapod_v3_1_simplified_context_8, try to reduce number of inputs or outputs
Number of DDRs: 0
Number of inputs: 18
Number of outputs: 24

[2026-04-13 13:46:45.017] [default] [info] Iteration failed on: Automri finished with too many resources on context_9
[2026-04-13 13:46:45.244] [default] [info] Iteration failed on: Automri finished with too many resources on context_10
[2026-04-13 13:46:45.457] [default] [info] Iteration failed on: Automri finished with too many resources on context_11
[2026-04-13 13:46:45.663] [default] [info] Iteration failed on: Automri finished with too many resources on context_11
[2026-04-13 13:46:45.870] [default] [info] Iteration failed on: Automri finished with too many resources on context_12
[2026-04-13 13:46:46.079] [default] [info] Iteration failed on: Automri finished with too many resources on context_12
[2026-04-13 13:47:01.145] [default] [info] Iteration failed on: Too many inputs/outputs for hexapod_v3_1_simplified_context_8, try to reduce number of inputs or outputs
Number of DDRs: 0
Number of inputs: 18
Number of outputs: 23

[2026-04-13 13:47:01.376] [default] [info] Iteration failed on: Automri finished with too many resources on context_9
[2026-04-13 13:47:14.050] [default] [info] Iteration failed on: Too many inputs/outputs for hexapod_v3_1_simplified_context_8, try to reduce number of inputs or outputs
Number of DDRs: 0
Number of inputs: 17
Number of outputs: 23

[2026-04-13 13:47:14.279] [default] [info] Iteration failed on: Automri finished with too many resources on context_9
[2026-04-13 13:47:14.488] [default] [info] Iteration failed on: Automri finished with too many resources on context_10
[2026-04-13 13:47:14.709] [default] [info] Iteration failed on: Automri finished with too many resources on context_11
[2026-04-13 13:47:14.914] [default] [info] Iteration failed on: Automri finished with too many resources on context_12
[2026-04-13 13:47:27.230] [default] [info] Iteration failed on: Too many inputs/outputs for hexapod_v3_1_simplified_context_8, try to reduce number of inputs or outputs
Number of DDRs: 0
Number of inputs: 17
Number of outputs: 23

[2026-04-13 13:47:27.482] [default] [info] Iteration failed on: Automri finished with too many resources on context_9
[2026-04-13 13:47:27.708] [default] [info] Iteration failed on: Automri finished with too many resources on context_10
[2026-04-13 13:47:27.941] [default] [info] Iteration failed on: Automri finished with too many resources on context_11
[2026-04-13 13:47:30.189] [default] [info] Iteration failed on: Automri finished with too many resources on context_12
[2026-04-13 13:47:42.597] [default] [info] Iteration failed on: Too many inputs/outputs for hexapod_v3_1_simplified_context_8, try to reduce number of inputs or outputs
Number of DDRs: 0
Number of inputs: 17
Number of outputs: 23

[2026-04-13 13:47:42.830] [default] [info] Iteration failed on: Automri finished with too many resources on context_9
[2026-04-13 13:47:43.048] [default] [info] Iteration failed on: Automri finished with too many resources on context_10
[2026-04-13 13:47:43.270] [default] [info] Iteration failed on: Automri finished with too many resources on context_11
[2026-04-13 13:47:43.464] [default] [info] Iteration failed on: Automri finished with too many resources on context_12
[2026-04-13 13:47:56.754] [default] [info] Iteration failed on: Too many inputs/outputs for hexapod_v3_1_simplified_context_8, try to reduce number of inputs or outputs
Number of DDRs: 0
Number of inputs: 17
Number of outputs: 23

[2026-04-13 13:47:57.000] [default] [info] Iteration failed on: Automri finished with too many resources on context_9
[2026-04-13 13:47:57.220] [default] [info] Iteration failed on: Automri finished with too many resources on context_10
[2026-04-13 13:47:57.435] [default] [info] Iteration failed on: Automri finished with too many resources on context_11
[2026-04-13 13:47:57.638] [default] [info] Iteration failed on: Automri finished with too many resources on context_12
[2026-04-13 13:48:13.594] [default] [info] Iteration failed on: Too many inputs/outputs for hexapod_v3_1_simplified_context_8, try to reduce number of inputs or outputs
Number of DDRs: 0
Number of inputs: 16
Number of outputs: 23

[2026-04-13 13:48:13.825] [default] [info] Iteration failed on: Automri finished with too many resources on context_9
[2026-04-13 13:48:14.035] [default] [info] Iteration failed on: Automri finished with too many resources on context_10
[2026-04-13 13:48:14.253] [default] [info] Iteration failed on: Automri finished with too many resources on context_11
[2026-04-13 13:48:14.459] [default] [info] Iteration failed on: Automri finished with too many resources on context_12
[2026-04-13 13:48:28.017] [default] [info] Iteration failed on: Too many inputs/outputs for hexapod_v3_1_simplified_context_8, try to reduce number of inputs or outputs
Number of DDRs: 0
Number of inputs: 16
Number of outputs: 23

[2026-04-13 13:48:28.252] [default] [info] Iteration failed on: Automri finished with too many resources on context_9
[2026-04-13 13:48:28.472] [default] [info] Iteration failed on: Automri finished with too many resources on context_10
[2026-04-13 13:48:28.694] [default] [info] Iteration failed on: Automri finished with too many resources on context_11
[2026-04-13 13:48:28.904] [default] [info] Iteration failed on: Automri finished with too many resources on context_12
[2026-04-13 13:48:44.762] [default] [info] Iteration failed on: Too many inputs/outputs for hexapod_v3_1_simplified_context_8, try to reduce number of inputs or outputs
Number of DDRs: 0
Number of inputs: 16
Number of outputs: 23

[2026-04-13 13:48:44.978] [default] [info] Iteration failed on: Automri finished with too many resources on context_9
[2026-04-13 13:48:45.171] [default] [info] Iteration failed on: Automri finished with too many resources on context_10
[2026-04-13 13:48:45.372] [default] [info] Iteration failed on: Automri finished with too many resources on context_11
[2026-04-13 13:48:45.575] [default] [info] Iteration failed on: Automri finished with too many resources on context_12
[2026-04-13 13:48:57.923] [default] [info] Iteration failed on: Too many inputs/outputs for hexapod_v3_1_simplified_context_8, try to reduce number of inputs or outputs
Number of DDRs: 0
Number of inputs: 16
Number of outputs: 23

[2026-04-13 13:48:58.137] [default] [info] Iteration failed on: Automri finished with too many resources on context_9
[2026-04-13 13:48:58.333] [default] [info] Iteration failed on: Automri finished with too many resources on context_10
[2026-04-13 13:48:58.537] [default] [info] Iteration failed on: Automri finished with too many resources on context_11
[2026-04-13 13:48:58.740] [default] [info] Iteration failed on: Automri finished with too many resources on context_12
[2026-04-13 13:49:13.942] [default] [info] Iteration failed on: Too many inputs/outputs for hexapod_v3_1_simplified_context_8, try to reduce number of inputs or outputs
Number of DDRs: 0
Number of inputs: 16
Number of outputs: 23

[2026-04-13 13:49:14.166] [default] [info] Iteration failed on: Automri finished with too many resources on context_9
[2026-04-13 13:49:14.365] [default] [info] Iteration failed on: Automri finished with too many resources on context_10
[2026-04-13 13:49:14.565] [default] [info] Iteration failed on: Automri finished with too many resources on context_11
[2026-04-13 13:49:14.768] [default] [info] Iteration failed on: Automri finished with too many resources on context_12
[2026-04-13 13:49:26.976] [default] [info] Iteration failed on: Too many inputs/outputs for hexapod_v3_1_simplified_context_8, try to reduce number of inputs or outputs
Number of DDRs: 0
Number of inputs: 16
Number of outputs: 23

[2026-04-13 13:49:27.188] [default] [info] Iteration failed on: Automri finished with too many resources on context_9
[2026-04-13 13:49:27.381] [default] [info] Iteration failed on: Automri finished with too many resources on context_10
[2026-04-13 13:49:27.570] [default] [info] Iteration failed on: Automri finished with too many resources on context_11
[2026-04-13 13:49:27.768] [default] [info] Iteration failed on: Automri finished with too many resources on context_12
[2026-04-13 13:49:40.276] [default] [info] Iteration failed on: Too many inputs/outputs for hexapod_v3_1_simplified_context_8, try to reduce number of inputs or outputs
Number of DDRs: 0
Number of inputs: 16
Number of outputs: 23

[2026-04-13 13:49:40.498] [default] [info] Iteration failed on: Automri finished with too many resources on context_9
[2026-04-13 13:49:40.693] [default] [info] Iteration failed on: Automri finished with too many resources on context_10
[2026-04-13 13:49:40.889] [default] [info] Iteration failed on: Automri finished with too many resources on context_11
[2026-04-13 13:49:41.089] [default] [info] Iteration failed on: Automri finished with too many resources on context_12
[2026-04-13 13:49:55.729] [default] [info] Iteration failed on: Too many inputs/outputs for hexapod_v3_1_simplified_context_8, try to reduce number of inputs or outputs
Number of DDRs: 0
Number of inputs: 16
Number of outputs: 22

[2026-04-13 13:49:55.948] [default] [info] Iteration failed on: Automri finished with too many resources on context_9
[2026-04-13 13:49:56.135] [default] [info] Iteration failed on: Automri finished with too many resources on context_10
[2026-04-13 13:49:56.326] [default] [info] Iteration failed on: Automri finished with too many resources on context_11
[2026-04-13 13:49:56.525] [default] [info] Iteration failed on: Automri finished with too many resources on context_12
[2026-04-13 13:50:08.385] [default] [info] Iteration failed on: Too many inputs/outputs for hexapod_v3_1_simplified_context_8, try to reduce number of inputs or outputs
Number of DDRs: 0
Number of inputs: 16
Number of outputs: 21

[2026-04-13 13:50:08.610] [default] [info] Iteration failed on: Automri finished with too many resources on context_9
[2026-04-13 13:50:08.812] [default] [info] Iteration failed on: Automri finished with too many resources on context_10
[2026-04-13 13:50:09.019] [default] [info] Iteration failed on: Automri finished with too many resources on context_11
[2026-04-13 13:50:09.229] [default] [info] Iteration failed on: Automri finished with too many resources on context_12
[2026-04-13 13:50:23.920] [default] [info] Iteration failed on: Too many inputs/outputs for hexapod_v3_1_simplified_context_8, try to reduce number of inputs or outputs
Number of DDRs: 0
Number of inputs: 16
Number of outputs: 20

[2026-04-13 13:50:24.128] [default] [info] Iteration failed on: Automri finished with too many resources on context_9
[2026-04-13 13:50:24.314] [default] [info] Iteration failed on: Automri finished with too many resources on context_10
[2026-04-13 13:50:24.502] [default] [info] Iteration failed on: Automri finished with too many resources on context_11
[2026-04-13 13:50:24.687] [default] [info] Iteration failed on: Automri finished with too many resources on context_12
[2026-04-13 13:50:37.242] [default] [info] Iteration failed on: Too many inputs/outputs for hexapod_v3_1_simplified_context_8, try to reduce number of inputs or outputs
Number of DDRs: 0
Number of inputs: 16
Number of outputs: 20

[2026-04-13 13:50:37.444] [default] [info] Iteration failed on: Automri finished with too many resources on context_9
[2026-04-13 13:50:37.618] [default] [info] Iteration failed on: Automri finished with too many resources on context_10
[2026-04-13 13:50:37.792] [default] [info] Iteration failed on: Automri finished with too many resources on context_11
[2026-04-13 13:50:37.969] [default] [info] Iteration failed on: Automri finished with too many resources on context_12
[2026-04-13 13:50:50.662] [default] [info] Iteration failed on: Too many inputs/outputs for hexapod_v3_1_simplified_context_8, try to reduce number of inputs or outputs
Number of DDRs: 0
Number of inputs: 16
Number of outputs: 19

[2026-04-13 13:50:50.875] [default] [info] Iteration failed on: Automri finished with too many resources on context_9
[2026-04-13 13:50:51.064] [default] [info] Iteration failed on: Automri finished with too many resources on context_10
[2026-04-13 13:50:51.248] [default] [info] Iteration failed on: Automri finished with too many resources on context_11
[2026-04-13 13:50:51.436] [default] [info] Iteration failed on: Automri finished with too many resources on context_12
[2026-04-13 13:51:06.363] [default] [info] Iteration failed on: Too many inputs/outputs for hexapod_v3_1_simplified_context_8, try to reduce number of inputs or outputs
Number of DDRs: 0
Number of inputs: 16
Number of outputs: 19

[2026-04-13 13:51:06.581] [default] [info] Iteration failed on: Automri finished with too many resources on context_9
[2026-04-13 13:51:06.752] [default] [info] Iteration failed on: Automri finished with too many resources on context_10
[2026-04-13 13:51:06.928] [default] [info] Iteration failed on: Automri finished with too many resources on context_11
[2026-04-13 13:51:07.097] [default] [info] Iteration failed on: Automri finished with too many resources on context_12
[2026-04-13 13:51:19.263] [default] [info] Iteration failed on: Too many inputs/outputs for hexapod_v3_1_simplified_context_8, try to reduce number of inputs or outputs
Number of DDRs: 0
Number of inputs: 16
Number of outputs: 19

[2026-04-13 13:51:19.461] [default] [info] Iteration failed on: Automri finished with too many resources on context_9
[2026-04-13 13:51:19.632] [default] [info] Iteration failed on: Automri finished with too many resources on context_10
[2026-04-13 13:51:19.802] [default] [info] Iteration failed on: Automri finished with too many resources on context_11
[2026-04-13 13:51:19.975] [default] [info] Iteration failed on: Automri finished with too many resources on context_12
[2026-04-13 13:51:34.644] [default] [info] Iteration failed on: Too many inputs/outputs for hexapod_v3_1_simplified_context_8, try to reduce number of inputs or outputs
Number of DDRs: 0
Number of inputs: 16
Number of outputs: 19

[2026-04-13 13:51:34.847] [default] [info] Iteration failed on: Automri finished with too many resources on context_9
[2026-04-13 13:51:35.017] [default] [info] Iteration failed on: Automri finished with too many resources on context_10
[2026-04-13 13:51:35.184] [default] [info] Iteration failed on: Automri finished with too many resources on context_11
[2026-04-13 13:51:35.359] [default] [info] Iteration failed on: Automri finished with too many resources on context_12
[2026-04-13 13:51:47.436] [default] [info] Iteration failed on: Too many inputs/outputs for hexapod_v3_1_simplified_context_8, try to reduce number of inputs or outputs
Number of DDRs: 0
Number of inputs: 16
Number of outputs: 19

[2026-04-13 13:51:47.630] [default] [info] Iteration failed on: Automri finished with too many resources on context_9
[2026-04-13 13:51:47.811] [default] [info] Iteration failed on: Automri finished with too many resources on context_10
[2026-04-13 13:51:47.982] [default] [info] Iteration failed on: Automri finished with too many resources on context_11
[2026-04-13 13:51:48.157] [default] [info] Iteration failed on: Automri finished with too many resources on context_12
[2026-04-13 13:51:48.329] [default] [info] Iteration failed on: Automri finished with too many resources on context_13
[2026-04-13 13:52:00.421] [default] [info] Iteration failed on: Too many inputs/outputs for hexapod_v3_1_simplified_context_8, try to reduce number of inputs or outputs
Number of DDRs: 0
Number of inputs: 15
Number of outputs: 19

[2026-04-13 13:52:00.617] [default] [info] Iteration failed on: Automri finished with too many resources on context_9
[2026-04-13 13:52:00.790] [default] [info] Iteration failed on: Automri finished with too many resources on context_10
[2026-04-13 13:52:00.962] [default] [info] Iteration failed on: Automri finished with too many resources on context_11
[2026-04-13 13:52:01.141] [default] [info] Iteration failed on: Automri finished with too many resources on context_12
[2026-04-13 13:52:01.319] [default] [info] Iteration failed on: Automri finished with too many resources on context_13
[2026-04-13 13:52:15.696] [default] [info] Iteration failed on: Too many inputs/outputs for hexapod_v3_1_simplified_context_8, try to reduce number of inputs or outputs
Number of DDRs: 0
Number of inputs: 15
Number of outputs: 19

[2026-04-13 13:52:15.915] [default] [info] Iteration failed on: Automri finished with too many resources on context_9
[2026-04-13 13:52:16.086] [default] [info] Iteration failed on: Automri finished with too many resources on context_10
[2026-04-13 13:52:16.256] [default] [info] Iteration failed on: Automri finished with too many resources on context_11
[2026-04-13 13:52:16.427] [default] [info] Iteration failed on: Automri finished with too many resources on context_12
[2026-04-13 13:52:16.598] [default] [info] Iteration failed on: Automri finished with too many resources on context_13
[2026-04-13 13:52:28.978] [default] [info] Iteration failed on: Too many inputs/outputs for hexapod_v3_1_simplified_context_8, try to reduce number of inputs or outputs
Number of DDRs: 0
Number of inputs: 15
Number of outputs: 19

[2026-04-13 13:52:29.178] [default] [info] Iteration failed on: Automri finished with too many resources on context_9
[2026-04-13 13:52:29.353] [default] [info] Iteration failed on: Automri finished with too many resources on context_10
[2026-04-13 13:52:29.528] [default] [info] Iteration failed on: Automri finished with too many resources on context_11
[2026-04-13 13:52:29.697] [default] [info] Iteration failed on: Automri finished with too many resources on context_12
[2026-04-13 13:52:29.870] [default] [info] Iteration failed on: Automri finished with too many resources on context_13
[2026-04-13 13:52:44.157] [default] [info] Iteration failed on: Too many inputs/outputs for hexapod_v3_1_simplified_context_8, try to reduce number of inputs or outputs
Number of DDRs: 0
Number of inputs: 15
Number of outputs: 19

[2026-04-13 13:52:44.360] [default] [info] Iteration failed on: Automri finished with too many resources on context_9
[2026-04-13 13:52:44.542] [default] [info] Iteration failed on: Automri finished with too many resources on context_10
[2026-04-13 13:52:44.718] [default] [info] Iteration failed on: Automri finished with too many resources on context_11
[2026-04-13 13:52:44.885] [default] [info] Iteration failed on: Automri finished with too many resources on context_12
[2026-04-13 13:52:45.060] [default] [info] Iteration failed on: Automri finished with too many resources on context_13
[2026-04-13 13:52:57.453] [default] [info] Iteration failed on: Too many inputs/outputs for hexapod_v3_1_simplified_context_8, try to reduce number of inputs or outputs
Number of DDRs: 0
Number of inputs: 15
Number of outputs: 19

[2026-04-13 13:52:57.653] [default] [info] Iteration failed on: Automri finished with too many resources on context_9
[2026-04-13 13:52:57.827] [default] [info] Iteration failed on: Automri finished with too many resources on context_10
[2026-04-13 13:52:58.009] [default] [info] Iteration failed on: Automri finished with too many resources on context_11
[2026-04-13 13:52:58.185] [default] [info] Iteration failed on: Automri finished with too many resources on context_12
[2026-04-13 13:52:58.356] [default] [info] Iteration failed on: Automri finished with too many resources on context_13
[2026-04-13 13:53:11.032] [default] [info] Iteration failed on: Too many inputs/outputs for hexapod_v3_1_simplified_context_8, try to reduce number of inputs or outputs
Number of DDRs: 0
Number of inputs: 15
Number of outputs: 19

[2026-04-13 13:53:11.238] [default] [info] Iteration failed on: Automri finished with too many resources on context_9
[2026-04-13 13:53:13.370] [default] [info] Iteration failed on: Automri finished with too many resources on context_10
[2026-04-13 13:53:13.551] [default] [info] Iteration failed on: Automri finished with too many resources on context_11
[2026-04-13 13:53:13.727] [default] [info] Iteration failed on: Automri finished with too many resources on context_12
[2026-04-13 13:53:13.903] [default] [info] Iteration failed on: Automri finished with too many resources on context_13
[2026-04-13 13:53:26.788] [default] [info] Iteration failed on: Too many inputs/outputs for hexapod_v3_1_simplified_context_8, try to reduce number of inputs or outputs
Number of DDRs: 0
Number of inputs: 15
Number of outputs: 19

[2026-04-13 13:53:27.003] [default] [info] Iteration failed on: Automri finished with too many resources on context_9
[2026-04-13 13:53:27.190] [default] [info] Iteration failed on: Automri finished with too many resources on context_10
[2026-04-13 13:53:27.374] [default] [info] Iteration failed on: Automri finished with too many resources on context_11
[2026-04-13 13:53:27.559] [default] [info] Iteration failed on: Automri finished with too many resources on context_12
[2026-04-13 13:53:27.748] [default] [info] Iteration failed on: Automri finished with too many resources on context_13
[2026-04-13 13:53:40.585] [default] [info] Iteration failed on: Too many inputs/outputs for hexapod_v3_1_simplified_context_8, try to reduce number of inputs or outputs
Number of DDRs: 0
Number of inputs: 15
Number of outputs: 18

[2026-04-13 13:53:40.793] [default] [info] Iteration failed on: Automri finished with too many resources on context_9
[2026-04-13 13:53:40.984] [default] [info] Iteration failed on: Automri finished with too many resources on context_10
[2026-04-13 13:53:41.171] [default] [info] Iteration failed on: Automri finished with too many resources on context_11
[2026-04-13 13:53:41.353] [default] [info] Iteration failed on: Automri finished with too many resources on context_12
[2026-04-13 13:53:41.534] [default] [info] Iteration failed on: Automri finished with too many resources on context_13
[2026-04-13 13:53:56.256] [default] [info] Iteration failed on: Too many inputs/outputs for hexapod_v3_1_simplified_context_8, try to reduce number of inputs or outputs
Number of DDRs: 0
Number of inputs: 15
Number of outputs: 17

[2026-04-13 13:53:56.472] [default] [info] Iteration failed on: Automri finished with too many resources on context_9
[2026-04-13 13:53:56.664] [default] [info] Iteration failed on: Automri finished with too many resources on context_10
[2026-04-13 13:53:56.849] [default] [info] Iteration failed on: Automri finished with too many resources on context_11
[2026-04-13 13:53:57.033] [default] [info] Iteration failed on: Automri finished with too many resources on context_12
[2026-04-13 13:53:57.214] [default] [info] Iteration failed on: Automri finished with too many resources on context_13
[2026-04-13 13:54:10.052] [default] [info] Iteration failed on: Too many inputs/outputs for hexapod_v3_1_simplified_context_8, try to reduce number of inputs or outputs
Number of DDRs: 0
Number of inputs: 15
Number of outputs: 16

[2026-04-13 13:54:10.246] [default] [info] Iteration failed on: Automri finished with too many resources on context_9
[2026-04-13 13:54:10.418] [default] [info] Iteration failed on: Automri finished with too many resources on context_10
[2026-04-13 13:54:10.586] [default] [info] Iteration failed on: Automri finished with too many resources on context_11
[2026-04-13 13:54:10.757] [default] [info] Iteration failed on: Automri finished with too many resources on context_12
[2026-04-13 13:54:10.930] [default] [info] Iteration failed on: Automri finished with too many resources on context_13
[2026-04-13 13:54:25.531] [default] [info] Iteration failed on: Too many inputs/outputs for hexapod_v3_1_simplified_context_8, try to reduce number of inputs or outputs
Number of DDRs: 0
Number of inputs: 14
Number of outputs: 15

[2026-04-13 13:54:25.728] [default] [info] Iteration failed on: Automri finished with too many resources on context_9
[2026-04-13 13:54:25.901] [default] [info] Iteration failed on: Automri finished with too many resources on context_10
[2026-04-13 13:54:26.074] [default] [info] Iteration failed on: Automri finished with too many resources on context_11
[2026-04-13 13:54:26.242] [default] [info] Iteration failed on: Automri finished with too many resources on context_12
[2026-04-13 13:54:26.420] [default] [info] Iteration failed on: Automri finished with too many resources on context_13
[2026-04-13 13:54:39.015] [default] [info] Iteration failed on: Too many inputs/outputs for hexapod_v3_1_simplified_context_8, try to reduce number of inputs or outputs
Number of DDRs: 0
Number of inputs: 13
Number of outputs: 14

[2026-04-13 13:54:39.217] [default] [info] Iteration failed on: Automri finished with too many resources on context_9
[2026-04-13 13:54:39.390] [default] [info] Iteration failed on: Automri finished with too many resources on context_10
[2026-04-13 13:54:39.560] [default] [info] Iteration failed on: Automri finished with too many resources on context_11
[2026-04-13 13:54:39.731] [default] [info] Iteration failed on: Automri finished with too many resources on context_12
[2026-04-13 13:54:39.906] [default] [info] Iteration failed on: Automri finished with too many resources on context_13
[2026-04-13 13:54:52.341] [default] [info] Iteration failed on: Too many inputs/outputs for hexapod_v3_1_simplified_context_8, try to reduce number of inputs or outputs
Number of DDRs: 0
Number of inputs: 12
Number of outputs: 13

[2026-04-13 13:54:52.544] [default] [info] Iteration failed on: Automri finished with too many resources on context_9
[2026-04-13 13:54:52.719] [default] [info] Iteration failed on: Automri finished with too many resources on context_10
[2026-04-13 13:54:52.896] [default] [info] Iteration failed on: Automri finished with too many resources on context_11
[2026-04-13 13:54:53.068] [default] [info] Iteration failed on: Automri finished with too many resources on context_12
[2026-04-13 13:54:53.243] [default] [info] Iteration failed on: Automri finished with too many resources on context_13
[2026-04-13 13:55:07.412] [default] [info] Iteration failed on: Too many inputs/outputs for hexapod_v3_1_simplified_context_8, try to reduce number of inputs or outputs
Number of DDRs: 0
Number of inputs: 11
Number of outputs: 12

[2026-04-13 13:55:07.635] [default] [info] Iteration failed on: Automri finished with too many resources on context_9
[2026-04-13 13:55:07.816] [default] [info] Iteration failed on: Automri finished with too many resources on context_10
[2026-04-13 13:55:07.993] [default] [info] Iteration failed on: Automri finished with too many resources on context_11
[2026-04-13 13:55:08.166] [default] [info] Iteration failed on: Automri finished with too many resources on context_12
[2026-04-13 13:55:08.338] [default] [info] Iteration failed on: Automri finished with too many resources on context_13
[2026-04-13 13:55:20.295] [default] [info] Iteration failed on: Too many inputs/outputs for hexapod_v3_1_simplified_context_8, try to reduce number of inputs or outputs
Number of DDRs: 0
Number of inputs: 10
Number of outputs: 11

[2026-04-13 13:55:20.500] [default] [info] Iteration failed on: Automri finished with too many resources on context_9
[2026-04-13 13:55:20.679] [default] [info] Iteration failed on: Automri finished with too many resources on context_10
[2026-04-13 13:55:20.866] [default] [info] Iteration failed on: Automri finished with too many resources on context_11
[2026-04-13 13:55:21.045] [default] [info] Iteration failed on: Automri finished with too many resources on context_12
[2026-04-13 13:55:21.228] [default] [info] Iteration failed on: Automri finished with too many resources on context_13
[2026-04-13 13:55:35.481] [default] [info] Iteration failed on: Too many inputs/outputs for hexapod_v3_1_simplified_context_8, try to reduce number of inputs or outputs
Number of DDRs: 0
Number of inputs: 9
Number of outputs: 10

[2026-04-13 13:55:35.683] [default] [info] Iteration failed on: Automri finished with too many resources on context_9
[2026-04-13 13:55:35.861] [default] [info] Iteration failed on: Automri finished with too many resources on context_10
[2026-04-13 13:55:36.042] [default] [info] Iteration failed on: Automri finished with too many resources on context_11
[2026-04-13 13:55:36.223] [default] [info] Iteration failed on: Automri finished with too many resources on context_12
[2026-04-13 13:55:48.479] [default] [info] Iteration failed on: Too many inputs/outputs for hexapod_v3_1_simplified_context_9, try to reduce number of inputs or outputs
Number of DDRs: 0
Number of inputs: 24
Number of outputs: 17

[2026-04-13 13:55:48.684] [default] [info] Iteration failed on: Automri finished with too many resources on context_10
[2026-04-13 13:55:48.869] [default] [info] Iteration failed on: Automri finished with too many resources on context_11
[2026-04-13 13:55:49.046] [default] [info] Iteration failed on: Automri finished with too many resources on context_12
[2026-04-13 13:56:01.173] [default] [info] Iteration failed on: Too many inputs/outputs for hexapod_v3_1_simplified_context_9, try to reduce number of inputs or outputs
Number of DDRs: 0
Number of inputs: 24
Number of outputs: 17

[2026-04-13 13:56:01.383] [default] [info] Iteration failed on: Automri finished with too many resources on context_10
[2026-04-13 13:56:01.571] [default] [info] Iteration failed on: Automri finished with too many resources on context_11
[2026-04-13 13:56:01.763] [default] [info] Iteration failed on: Automri finished with too many resources on context_12
[2026-04-13 13:56:01.949] [default] [info] Iteration failed on: Automri finished with too many resources on context_13
[2026-04-13 13:56:15.697] [default] [info] Iteration failed on: Too many inputs/outputs for hexapod_v3_1_simplified_context_9, try to reduce number of inputs or outputs
Number of DDRs: 0
Number of inputs: 24
Number of outputs: 16

[2026-04-13 13:56:15.909] [default] [info] Iteration failed on: Automri finished with too many resources on context_10
[2026-04-13 13:56:16.103] [default] [info] Iteration failed on: Automri finished with too many resources on context_11
[2026-04-13 13:56:16.294] [default] [info] Iteration failed on: Automri finished with too many resources on context_12
[2026-04-13 13:56:16.485] [default] [info] Iteration failed on: Automri finished with too many resources on context_13
[2026-04-13 13:56:28.449] [default] [info] Iteration failed on: Too many inputs/outputs for hexapod_v3_1_simplified_context_9, try to reduce number of inputs or outputs
Number of DDRs: 0
Number of inputs: 24
Number of outputs: 19

[2026-04-13 13:56:28.671] [default] [info] Iteration failed on: Automri finished with too many resources on context_10
[2026-04-13 13:56:28.864] [default] [info] Iteration failed on: Automri finished with too many resources on context_11
[2026-04-13 13:56:29.055] [default] [info] Iteration failed on: Automri finished with too many resources on context_12
[2026-04-13 13:56:29.243] [default] [info] Iteration failed on: Automri finished with too many resources on context_13
[2026-04-13 13:56:43.647] [default] [info] Iteration failed on: Too many inputs/outputs for hexapod_v3_1_simplified_context_9, try to reduce number of inputs or outputs
Number of DDRs: 0
Number of inputs: 22
Number of outputs: 18

[2026-04-13 13:56:43.880] [default] [info] Iteration failed on: Automri finished with too many resources on context_10
[2026-04-13 13:56:44.082] [default] [info] Iteration failed on: Automri finished with too many resources on context_11
[2026-04-13 13:56:44.284] [default] [info] Iteration failed on: Automri finished with too many resources on context_12
[2026-04-13 13:56:44.483] [default] [info] Iteration failed on: Automri finished with too many resources on context_13
[2026-04-13 13:56:57.107] [default] [info] Iteration failed on: Too many inputs/outputs for hexapod_v3_1_simplified_context_9, try to reduce number of inputs or outputs
Number of DDRs: 0
Number of inputs: 22
Number of outputs: 18

[2026-04-13 13:56:57.349] [default] [info] Iteration failed on: Automri finished with too many resources on context_10
[2026-04-13 13:56:57.559] [default] [info] Iteration failed on: Automri finished with too many resources on context_11
[2026-04-13 13:56:57.767] [default] [info] Iteration failed on: Automri finished with too many resources on context_12
[2026-04-13 13:56:57.979] [default] [info] Iteration failed on: Automri finished with too many resources on context_13
[2026-04-13 13:57:12.646] [default] [info] Iteration failed on: Too many inputs/outputs for hexapod_v3_1_simplified_context_9, try to reduce number of inputs or outputs
Number of DDRs: 0
Number of inputs: 21
Number of outputs: 20

[2026-04-13 13:57:12.891] [default] [info] Iteration failed on: Automri finished with too many resources on context_10
[2026-04-13 13:57:13.108] [default] [info] Iteration failed on: Automri finished with too many resources on context_11
[2026-04-13 13:57:13.332] [default] [info] Iteration failed on: Automri finished with too many resources on context_12
[2026-04-13 13:57:13.552] [default] [info] Iteration failed on: Automri finished with too many resources on context_13
[2026-04-13 13:57:26.289] [default] [info] Iteration failed on: Too many inputs/outputs for hexapod_v3_1_simplified_context_9, try to reduce number of inputs or outputs
Number of DDRs: 0
Number of inputs: 21
Number of outputs: 20

[2026-04-13 13:57:26.537] [default] [info] Iteration failed on: Automri finished with too many resources on context_10
[2026-04-13 13:57:26.765] [default] [info] Iteration failed on: Automri finished with too many resources on context_11
[2026-04-13 13:57:26.991] [default] [info] Iteration failed on: Automri finished with too many resources on context_12
[2026-04-13 13:57:27.212] [default] [info] Iteration failed on: Automri finished with too many resources on context_13
[2026-04-13 13:57:39.977] [default] [info] Iteration failed on: Too many inputs/outputs for hexapod_v3_1_simplified_context_9, try to reduce number of inputs or outputs
Number of DDRs: 0
Number of inputs: 21
Number of outputs: 20

[2026-04-13 13:57:40.222] [default] [info] Iteration failed on: Automri finished with too many resources on context_10
[2026-04-13 13:57:40.430] [default] [info] Iteration failed on: Automri finished with too many resources on context_11
[2026-04-13 13:57:40.638] [default] [info] Iteration failed on: Automri finished with too many resources on context_12
[2026-04-13 13:57:40.849] [default] [info] Iteration failed on: Automri finished with too many resources on context_13
[2026-04-13 13:57:41.076] [default] [info] Iteration failed on: Automri finished with too many resources on context_13
[2026-04-13 13:57:57.038] [default] [info] Iteration failed on: Too many inputs/outputs for hexapod_v3_1_simplified_context_9, try to reduce number of inputs or outputs
Number of DDRs: 0
Number of inputs: 21
Number of outputs: 23

[2026-04-13 13:57:57.293] [default] [info] Iteration failed on: Automri finished with too many resources on context_10
[2026-04-13 13:57:57.522] [default] [info] Iteration failed on: Automri finished with too many resources on context_11
[2026-04-13 13:58:11.413] [default] [info] Iteration failed on: Too many inputs/outputs for hexapod_v3_1_simplified_context_9, try to reduce number of inputs or outputs
Number of DDRs: 0
Number of inputs: 21
Number of outputs: 23

[2026-04-13 13:58:11.689] [default] [info] Iteration failed on: Automri finished with too many resources on context_10
[2026-04-13 13:58:11.918] [default] [info] Iteration failed on: Automri finished with too many resources on context_11
[2026-04-13 13:58:12.143] [default] [info] Iteration failed on: Automri finished with too many resources on context_12
[2026-04-13 13:58:28.053] [default] [info] Iteration failed on: Too many inputs/outputs for hexapod_v3_1_simplified_context_9, try to reduce number of inputs or outputs
Number of DDRs: 0
Number of inputs: 21
Number of outputs: 24

[2026-04-13 13:58:28.306] [default] [info] Iteration failed on: Automri finished with too many resources on context_10
[2026-04-13 13:58:28.534] [default] [info] Iteration failed on: Automri finished with too many resources on context_11
[2026-04-13 13:58:28.760] [default] [info] Iteration failed on: Automri finished with too many resources on context_12
[2026-04-13 13:58:42.791] [default] [info] Iteration failed on: Too many inputs/outputs for hexapod_v3_1_simplified_context_9, try to reduce number of inputs or outputs
Number of DDRs: 0
Number of inputs: 21
Number of outputs: 24

[2026-04-13 13:58:43.061] [default] [info] Iteration failed on: Automri finished with too many resources on context_10
[2026-04-13 13:58:43.280] [default] [info] Iteration failed on: Automri finished with too many resources on context_11
[2026-04-13 13:58:43.505] [default] [info] Iteration failed on: Automri finished with too many resources on context_12
[2026-04-13 13:58:43.724] [default] [info] Iteration failed on: Automri finished with too many resources on context_13
[2026-04-13 13:58:43.953] [default] [info] Iteration failed on: Automri finished with too many resources on context_13
[2026-04-13 13:59:05.395] [default] [info] Iteration failed on: Too many inputs/outputs for hexapod_v3_1_simplified_context_9, try to reduce number of inputs or outputs
Number of DDRs: 0
Number of inputs: 21
Number of outputs: 24

[2026-04-13 13:59:05.678] [default] [info] Iteration failed on: Automri finished with too many resources on context_10
[2026-04-13 13:59:05.916] [default] [info] Iteration failed on: Automri finished with too many resources on context_11
[2026-04-13 13:59:20.288] [default] [info] Iteration failed on: Too many inputs/outputs for hexapod_v3_1_simplified_context_9, try to reduce number of inputs or outputs
Number of DDRs: 0
Number of inputs: 21
Number of outputs: 24

[2026-04-13 13:59:20.586] [default] [info] Iteration failed on: Automri finished with too many resources on context_10
[2026-04-13 13:59:20.839] [default] [info] Iteration failed on: Automri finished with too many resources on context_11
[2026-04-13 13:59:21.082] [default] [info] Iteration failed on: Automri finished with too many resources on context_12
[2026-04-13 13:59:21.324] [default] [info] Iteration failed on: Automri finished with too many resources on context_13
[2026-04-13 13:59:37.346] [default] [info] Iteration failed on: Too many inputs/outputs for hexapod_v3_1_simplified_context_9, try to reduce number of inputs or outputs
Number of DDRs: 0
Number of inputs: 21
Number of outputs: 24

[2026-04-13 13:59:37.611] [default] [info] Iteration failed on: Automri finished with too many resources on context_10
[2026-04-13 13:59:37.844] [default] [info] Iteration failed on: Automri finished with too many resources on context_11
[2026-04-13 13:59:38.082] [default] [info] Iteration failed on: Automri finished with too many resources on context_12
[2026-04-13 13:59:38.323] [default] [info] Iteration failed on: Automri finished with too many resources on context_13
[2026-04-13 13:59:51.927] [default] [info] Iteration failed on: Too many inputs/outputs for hexapod_v3_1_simplified_context_9, try to reduce number of inputs or outputs
Number of DDRs: 0
Number of inputs: 21
Number of outputs: 24

[2026-04-13 13:59:52.188] [default] [info] Iteration failed on: Automri finished with too many resources on context_10
[2026-04-13 13:59:52.430] [default] [info] Iteration failed on: Automri finished with too many resources on context_11
[2026-04-13 13:59:52.673] [default] [info] Iteration failed on: Automri finished with too many resources on context_12
[2026-04-13 13:59:52.906] [default] [info] Iteration failed on: Automri finished with too many resources on context_13
[2026-04-13 14:00:08.742] [default] [info] Iteration failed on: Too many inputs/outputs for hexapod_v3_1_simplified_context_9, try to reduce number of inputs or outputs
Number of DDRs: 0
Number of inputs: 21
Number of outputs: 23

[2026-04-13 14:00:09.011] [default] [info] Iteration failed on: Automri finished with too many resources on context_10
[2026-04-13 14:00:09.269] [default] [info] Iteration failed on: Automri finished with too many resources on context_11
[2026-04-13 14:00:09.525] [default] [info] Iteration failed on: Automri finished with too many resources on context_12
[2026-04-13 14:00:09.776] [default] [info] Iteration failed on: Automri finished with too many resources on context_13
[2026-04-13 14:00:09.998] [default] [info] Iteration failed on: Automri finished with too many resources on context_13
[2026-04-13 14:00:23.483] [default] [info] Iteration failed on: Too many inputs/outputs for hexapod_v3_1_simplified_context_9, try to reduce number of inputs or outputs
Number of DDRs: 0
Number of inputs: 21
Number of outputs: 23

[2026-04-13 14:00:23.701] [default] [info] Iteration failed on: Automri finished with too many resources on context_10
[2026-04-13 14:00:23.894] [default] [info] Iteration failed on: Automri finished with too many resources on context_11
[2026-04-13 14:00:39.971] [default] [info] Iteration failed on: Too many inputs/outputs for hexapod_v3_1_simplified_context_9, try to reduce number of inputs or outputs
Number of DDRs: 0
Number of inputs: 20
Number of outputs: 23

[2026-04-13 14:00:40.221] [default] [info] Iteration failed on: Automri finished with too many resources on context_10
[2026-04-13 14:00:40.433] [default] [info] Iteration failed on: Automri finished with too many resources on context_11
[2026-04-13 14:00:40.643] [default] [info] Iteration failed on: Automri finished with too many resources on context_12
[2026-04-13 14:00:40.850] [default] [info] Iteration failed on: Automri finished with too many resources on context_13
[2026-04-13 14:00:54.491] [default] [info] Iteration failed on: Too many inputs/outputs for hexapod_v3_1_simplified_context_9, try to reduce number of inputs or outputs
Number of DDRs: 0
Number of inputs: 20
Number of outputs: 23

[2026-04-13 14:00:54.701] [default] [info] Iteration failed on: Automri finished with too many resources on context_10
[2026-04-13 14:00:54.910] [default] [info] Iteration failed on: Automri finished with too many resources on context_11
[2026-04-13 14:01:08.334] [default] [info] Iteration failed on: Too many inputs/outputs for hexapod_v3_1_simplified_context_9, try to reduce number of inputs or outputs
Number of DDRs: 0
Number of inputs: 20
Number of outputs: 23

[2026-04-13 14:01:08.559] [default] [info] Iteration failed on: Automri finished with too many resources on context_10
[2026-04-13 14:01:08.759] [default] [info] Iteration failed on: Automri finished with too many resources on context_11
[2026-04-13 14:01:08.958] [default] [info] Iteration failed on: Automri finished with too many resources on context_12
[2026-04-13 14:01:09.165] [default] [info] Iteration failed on: Automri finished with too many resources on context_13
[2026-04-13 14:01:25.252] [default] [info] Iteration failed on: Too many inputs/outputs for hexapod_v3_1_simplified_context_9, try to reduce number of inputs or outputs
Number of DDRs: 0
Number of inputs: 20
Number of outputs: 23

[2026-04-13 14:01:25.472] [default] [info] Iteration failed on: Automri finished with too many resources on context_10
[2026-04-13 14:01:39.262] [default] [info] Iteration failed on: Too many inputs/outputs for hexapod_v3_1_simplified_context_9, try to reduce number of inputs or outputs
Number of DDRs: 0
Number of inputs: 20
Number of outputs: 24

[2026-04-13 14:01:39.510] [default] [info] Iteration failed on: Automri finished with too many resources on context_10
[2026-04-13 14:01:39.715] [default] [info] Iteration failed on: Automri finished with too many resources on context_11
[2026-04-13 14:01:39.921] [default] [info] Iteration failed on: Automri finished with too many resources on context_12
[2026-04-13 14:01:40.133] [default] [info] Iteration failed on: Automri finished with too many resources on context_13
[2026-04-13 14:01:56.307] [default] [info] Iteration failed on: Too many inputs/outputs for hexapod_v3_1_simplified_context_9, try to reduce number of inputs or outputs
Number of DDRs: 0
Number of inputs: 20
Number of outputs: 24

[2026-04-13 14:01:56.535] [default] [info] Iteration failed on: Automri finished with too many resources on context_10
[2026-04-13 14:01:56.744] [default] [info] Iteration failed on: Automri finished with too many resources on context_11
[2026-04-13 14:01:56.943] [default] [info] Iteration failed on: Automri finished with too many resources on context_12
[2026-04-13 14:01:57.141] [default] [info] Iteration failed on: Automri finished with too many resources on context_13
[2026-04-13 14:02:10.919] [default] [info] Iteration failed on: Too many inputs/outputs for hexapod_v3_1_simplified_context_9, try to reduce number of inputs or outputs
Number of DDRs: 0
Number of inputs: 20
Number of outputs: 24

[2026-04-13 14:02:11.981] [default] [info] Iteration failed on: Automri finished with too many resources on context_10
[2026-04-13 14:02:12.189] [default] [info] Iteration failed on: Automri finished with too many resources on context_11
[2026-04-13 14:02:12.394] [default] [info] Iteration failed on: Automri finished with too many resources on context_12
[2026-04-13 14:02:12.599] [default] [info] Iteration failed on: Automri finished with too many resources on context_13
[2026-04-13 14:02:29.207] [default] [info] Iteration failed on: Too many inputs/outputs for hexapod_v3_1_simplified_context_9, try to reduce number of inputs or outputs
Number of DDRs: 0
Number of inputs: 20
Number of outputs: 24

[2026-04-13 14:02:29.440] [default] [info] Iteration failed on: Automri finished with too many resources on context_10
[2026-04-13 14:02:29.641] [default] [info] Iteration failed on: Automri finished with too many resources on context_11
[2026-04-13 14:02:29.846] [default] [info] Iteration failed on: Automri finished with too many resources on context_12
[2026-04-13 14:02:30.043] [default] [info] Iteration failed on: Automri finished with too many resources on context_13
[2026-04-13 14:02:43.981] [default] [info] Iteration failed on: Too many inputs/outputs for hexapod_v3_1_simplified_context_9, try to reduce number of inputs or outputs
Number of DDRs: 0
Number of inputs: 20
Number of outputs: 24

[2026-04-13 14:02:44.207] [default] [info] Iteration failed on: Automri finished with too many resources on context_10
[2026-04-13 14:02:44.410] [default] [info] Iteration failed on: Automri finished with too many resources on context_11
[2026-04-13 14:02:44.614] [default] [info] Iteration failed on: Automri finished with too many resources on context_12
[2026-04-13 14:02:44.823] [default] [info] Iteration failed on: Automri finished with too many resources on context_13
[2026-04-13 14:03:01.625] [default] [info] Iteration failed on: Too many inputs/outputs for hexapod_v3_1_simplified_context_9, try to reduce number of inputs or outputs
Number of DDRs: 0
Number of inputs: 20
Number of outputs: 23

[2026-04-13 14:03:01.872] [default] [info] Iteration failed on: Automri finished with too many resources on context_10
[2026-04-13 14:03:02.088] [default] [info] Iteration failed on: Automri finished with too many resources on context_11
[2026-04-13 14:03:02.307] [default] [info] Iteration failed on: Automri finished with too many resources on context_12
[2026-04-13 14:03:02.525] [default] [info] Iteration failed on: Automri finished with too many resources on context_13
[2026-04-13 14:03:15.719] [default] [info] Iteration failed on: Too many inputs/outputs for hexapod_v3_1_simplified_context_9, try to reduce number of inputs or outputs
Number of DDRs: 0
Number of inputs: 20
Number of outputs: 23

[2026-04-13 14:03:15.955] [default] [info] Iteration failed on: Automri finished with too many resources on context_10
[2026-04-13 14:03:16.168] [default] [info] Iteration failed on: Automri finished with too many resources on context_11
[2026-04-13 14:03:16.376] [default] [info] Iteration failed on: Automri finished with too many resources on context_12
[2026-04-13 14:03:16.582] [default] [info] Iteration failed on: Automri finished with too many resources on context_13
[2026-04-13 14:03:32.710] [default] [info] Iteration failed on: Too many inputs/outputs for hexapod_v3_1_simplified_context_9, try to reduce number of inputs or outputs
Number of DDRs: 0
Number of inputs: 20
Number of outputs: 23

[2026-04-13 14:03:32.971] [default] [info] Iteration failed on: Automri finished with too many resources on context_10
[2026-04-13 14:03:33.198] [default] [info] Iteration failed on: Automri finished with too many resources on context_11
[2026-04-13 14:03:33.423] [default] [info] Iteration failed on: Automri finished with too many resources on context_12
[2026-04-13 14:03:33.653] [default] [info] Iteration failed on: Automri finished with too many resources on context_13
[2026-04-13 14:03:46.929] [default] [info] Iteration failed on: Too many inputs/outputs for hexapod_v3_1_simplified_context_9, try to reduce number of inputs or outputs
Number of DDRs: 0
Number of inputs: 20
Number of outputs: 23

[2026-04-13 14:03:47.172] [default] [info] Iteration failed on: Automri finished with too many resources on context_10
[2026-04-13 14:03:47.385] [default] [info] Iteration failed on: Automri finished with too many resources on context_11
[2026-04-13 14:03:47.596] [default] [info] Iteration failed on: Automri finished with too many resources on context_12
[2026-04-13 14:03:47.818] [default] [info] Iteration failed on: Automri finished with too many resources on context_13
[2026-04-13 14:04:01.568] [default] [info] Iteration failed on: Too many inputs/outputs for hexapod_v3_1_simplified_context_9, try to reduce number of inputs or outputs
Number of DDRs: 0
Number of inputs: 20
Number of outputs: 24

[2026-04-13 14:04:01.818] [default] [info] Iteration failed on: Automri finished with too many resources on context_10
[2026-04-13 14:04:02.046] [default] [info] Iteration failed on: Automri finished with too many resources on context_11
[2026-04-13 14:04:02.282] [default] [info] Iteration failed on: Automri finished with too many resources on context_12
[2026-04-13 14:04:02.523] [default] [info] Iteration failed on: Automri finished with too many resources on context_13
[2026-04-13 14:04:18.741] [default] [info] Iteration failed on: Too many inputs/outputs for hexapod_v3_1_simplified_context_9, try to reduce number of inputs or outputs
Number of DDRs: 0
Number of inputs: 20
Number of outputs: 24

[2026-04-13 14:04:18.983] [default] [info] Iteration failed on: Automri finished with too many resources on context_10
[2026-04-13 14:04:19.208] [default] [info] Iteration failed on: Automri finished with too many resources on context_11
[2026-04-13 14:04:19.428] [default] [info] Iteration failed on: Automri finished with too many resources on context_12
[2026-04-13 14:04:19.640] [default] [info] Iteration failed on: Automri finished with too many resources on context_13
[2026-04-13 14:04:33.807] [default] [info] Iteration failed on: Too many inputs/outputs for hexapod_v3_1_simplified_context_9, try to reduce number of inputs or outputs
Number of DDRs: 0
Number of inputs: 20
Number of outputs: 24

[2026-04-13 14:04:34.063] [default] [info] Iteration failed on: Automri finished with too many resources on context_10
[2026-04-13 14:04:34.292] [default] [info] Iteration failed on: Automri finished with too many resources on context_11
[2026-04-13 14:04:34.520] [default] [info] Iteration failed on: Automri finished with too many resources on context_12
[2026-04-13 14:04:34.748] [default] [info] Iteration failed on: Automri finished with too many resources on context_13
[2026-04-13 14:07:48.434] [default] [info] Iteration failed on: Too many inputs/outputs for hexapod_v3_1_simplified_context_9, try to reduce number of inputs or outputs
Number of DDRs: 0
Number of inputs: 20
Number of outputs: 24

[2026-04-13 14:07:48.678] [default] [info] Iteration failed on: Automri finished with too many resources on context_10
[2026-04-13 14:07:48.899] [default] [info] Iteration failed on: Automri finished with too many resources on context_11
[2026-04-13 14:07:49.111] [default] [info] Iteration failed on: Automri finished with too many resources on context_12
[2026-04-13 14:07:49.313] [default] [info] Iteration failed on: Automri finished with too many resources on context_13
[2026-04-13 14:08:30.515] [default] [info] Iteration failed on: Too many inputs/outputs for hexapod_v3_1_simplified_context_9, try to reduce number of inputs or outputs
Number of DDRs: 0
Number of inputs: 20
Number of outputs: 24

[2026-04-13 14:08:30.761] [default] [info] Iteration failed on: Automri finished with too many resources on context_10
[2026-04-13 14:08:30.989] [default] [info] Iteration failed on: Automri finished with too many resources on context_11
[2026-04-13 14:08:31.208] [default] [info] Iteration failed on: Automri finished with too many resources on context_12
[2026-04-13 14:08:31.412] [default] [info] Iteration failed on: Automri finished with too many resources on context_13
[2026-04-13 14:08:47.342] [default] [info] Iteration failed on: Too many inputs/outputs for hexapod_v3_1_simplified_context_9, try to reduce number of inputs or outputs
Number of DDRs: 0
Number of inputs: 20
Number of outputs: 24

[2026-04-13 14:08:47.600] [default] [info] Iteration failed on: Automri finished with too many resources on context_10
[2026-04-13 14:08:47.823] [default] [info] Iteration failed on: Automri finished with too many resources on context_11
[2026-04-13 14:08:48.042] [default] [info] Iteration failed on: Automri finished with too many resources on context_12
[2026-04-13 14:08:48.253] [default] [info] Iteration failed on: Automri finished with too many resources on context_13
[2026-04-13 14:09:02.208] [default] [info] Iteration failed on: Too many inputs/outputs for hexapod_v3_1_simplified_context_9, try to reduce number of inputs or outputs
Number of DDRs: 0
Number of inputs: 20
Number of outputs: 24

[2026-04-13 14:09:02.452] [default] [info] Iteration failed on: Automri finished with too many resources on context_10
[2026-04-13 14:09:02.673] [default] [info] Iteration failed on: Automri finished with too many resources on context_11
[2026-04-13 14:09:02.901] [default] [info] Iteration failed on: Automri finished with too many resources on context_12
[2026-04-13 14:09:03.131] [default] [info] Iteration failed on: Automri finished with too many resources on context_13
[2026-04-13 14:09:18.989] [default] [info] Iteration failed on: Too many inputs/outputs for hexapod_v3_1_simplified_context_9, try to reduce number of inputs or outputs
Number of DDRs: 0
Number of inputs: 20
Number of outputs: 24

[2026-04-13 14:09:19.234] [default] [info] Iteration failed on: Automri finished with too many resources on context_10
[2026-04-13 14:09:19.449] [default] [info] Iteration failed on: Automri finished with too many resources on context_11
[2026-04-13 14:09:19.672] [default] [info] Iteration failed on: Automri finished with too many resources on context_12
[2026-04-13 14:09:19.885] [default] [info] Iteration failed on: Automri finished with too many resources on context_12
[2026-04-13 14:09:20.093] [default] [info] Iteration failed on: Automri finished with too many resources on context_13
[2026-04-13 14:09:20.300] [default] [info] Iteration failed on: Automri finished with too many resources on context_13
[2026-04-13 14:09:33.359] [default] [info] Iteration failed on: Too many inputs/outputs for hexapod_v3_1_simplified_context_9, try to reduce number of inputs or outputs
Number of DDRs: 0
Number of inputs: 20
Number of outputs: 23

[2026-04-13 14:09:33.598] [default] [info] Iteration failed on: Automri finished with too many resources on context_10
[2026-04-13 14:09:46.663] [default] [info] Iteration failed on: Too many inputs/outputs for hexapod_v3_1_simplified_context_9, try to reduce number of inputs or outputs
Number of DDRs: 0
Number of inputs: 19
Number of outputs: 23

[2026-04-13 14:09:46.903] [default] [info] Iteration failed on: Automri finished with too many resources on context_10
[2026-04-13 14:09:47.114] [default] [info] Iteration failed on: Automri finished with too many resources on context_11
[2026-04-13 14:09:47.328] [default] [info] Iteration failed on: Automri finished with too many resources on context_12
[2026-04-13 14:09:47.540] [default] [info] Iteration failed on: Automri finished with too many resources on context_13
[2026-04-13 14:10:02.181] [default] [info] Iteration failed on: Too many inputs/outputs for hexapod_v3_1_simplified_context_9, try to reduce number of inputs or outputs
Number of DDRs: 0
Number of inputs: 19
Number of outputs: 23

[2026-04-13 14:10:02.436] [default] [info] Iteration failed on: Automri finished with too many resources on context_10
[2026-04-13 14:10:02.655] [default] [info] Iteration failed on: Automri finished with too many resources on context_11
[2026-04-13 14:10:02.877] [default] [info] Iteration failed on: Automri finished with too many resources on context_12
[2026-04-13 14:10:03.091] [default] [info] Iteration failed on: Automri finished with too many resources on context_13
[2026-04-13 14:10:15.531] [default] [info] Iteration failed on: Too many inputs/outputs for hexapod_v3_1_simplified_context_9, try to reduce number of inputs or outputs
Number of DDRs: 0
Number of inputs: 19
Number of outputs: 23

[2026-04-13 14:10:15.781] [default] [info] Iteration failed on: Automri finished with too many resources on context_10
[2026-04-13 14:10:16.006] [default] [info] Iteration failed on: Automri finished with too many resources on context_11
[2026-04-13 14:10:16.231] [default] [info] Iteration failed on: Automri finished with too many resources on context_12
[2026-04-13 14:10:16.442] [default] [info] Iteration failed on: Automri finished with too many resources on context_13
[2026-04-13 14:10:32.349] [default] [info] Iteration failed on: Too many inputs/outputs for hexapod_v3_1_simplified_context_9, try to reduce number of inputs or outputs
Number of DDRs: 0
Number of inputs: 19
Number of outputs: 23

[2026-04-13 14:10:32.599] [default] [info] Iteration failed on: Automri finished with too many resources on context_10
[2026-04-13 14:10:32.820] [default] [info] Iteration failed on: Automri finished with too many resources on context_11
[2026-04-13 14:10:33.041] [default] [info] Iteration failed on: Automri finished with too many resources on context_12
[2026-04-13 14:10:33.249] [default] [info] Iteration failed on: Automri finished with too many resources on context_13
[2026-04-13 14:10:47.457] [default] [info] Iteration failed on: Too many inputs/outputs for hexapod_v3_1_simplified_context_9, try to reduce number of inputs or outputs
Number of DDRs: 0
Number of inputs: 18
Number of outputs: 23

[2026-04-13 14:10:47.697] [default] [info] Iteration failed on: Automri finished with too many resources on context_10
[2026-04-13 14:10:47.921] [default] [info] Iteration failed on: Automri finished with too many resources on context_11
[2026-04-13 14:10:48.144] [default] [info] Iteration failed on: Automri finished with too many resources on context_12
[2026-04-13 14:10:48.354] [default] [info] Iteration failed on: Automri finished with too many resources on context_13
[2026-04-13 14:11:04.556] [default] [info] Iteration failed on: Too many inputs/outputs for hexapod_v3_1_simplified_context_9, try to reduce number of inputs or outputs
Number of DDRs: 0
Number of inputs: 18
Number of outputs: 23

[2026-04-13 14:11:04.809] [default] [info] Iteration failed on: Automri finished with too many resources on context_10
[2026-04-13 14:11:05.023] [default] [info] Iteration failed on: Automri finished with too many resources on context_11
[2026-04-13 14:11:05.239] [default] [info] Iteration failed on: Automri finished with too many resources on context_12
[2026-04-13 14:11:05.445] [default] [info] Iteration failed on: Automri finished with too many resources on context_13
[2026-04-13 14:11:19.318] [default] [info] Iteration failed on: Too many inputs/outputs for hexapod_v3_1_simplified_context_9, try to reduce number of inputs or outputs
Number of DDRs: 0
Number of inputs: 18
Number of outputs: 23

[2026-04-13 14:11:19.553] [default] [info] Iteration failed on: Automri finished with too many resources on context_10
[2026-04-13 14:11:19.762] [default] [info] Iteration failed on: Automri finished with too many resources on context_11
[2026-04-13 14:11:19.973] [default] [info] Iteration failed on: Automri finished with too many resources on context_12
[2026-04-13 14:11:20.179] [default] [info] Iteration failed on: Automri finished with too many resources on context_13
[2026-04-13 14:11:35.289] [default] [info] Iteration failed on: Too many inputs/outputs for hexapod_v3_1_simplified_context_9, try to reduce number of inputs or outputs
Number of DDRs: 0
Number of inputs: 18
Number of outputs: 23

[2026-04-13 14:11:35.516] [default] [info] Iteration failed on: Automri finished with too many resources on context_10
[2026-04-13 14:11:35.715] [default] [info] Iteration failed on: Automri finished with too many resources on context_11
[2026-04-13 14:11:35.923] [default] [info] Iteration failed on: Automri finished with too many resources on context_12
[2026-04-13 14:11:36.132] [default] [info] Iteration failed on: Automri finished with too many resources on context_13
[2026-04-13 14:11:49.183] [default] [info] Iteration failed on: Too many inputs/outputs for hexapod_v3_1_simplified_context_9, try to reduce number of inputs or outputs
Number of DDRs: 0
Number of inputs: 18
Number of outputs: 23

[2026-04-13 14:11:49.415] [default] [info] Iteration failed on: Automri finished with too many resources on context_10
[2026-04-13 14:11:49.618] [default] [info] Iteration failed on: Automri finished with too many resources on context_11
[2026-04-13 14:11:49.822] [default] [info] Iteration failed on: Automri finished with too many resources on context_12
[2026-04-13 14:11:50.035] [default] [info] Iteration failed on: Automri finished with too many resources on context_13
[2026-04-13 14:12:02.775] [default] [info] Iteration failed on: Too many inputs/outputs for hexapod_v3_1_simplified_context_9, try to reduce number of inputs or outputs
Number of DDRs: 0
Number of inputs: 18
Number of outputs: 23

[2026-04-13 14:12:03.012] [default] [info] Iteration failed on: Automri finished with too many resources on context_10
[2026-04-13 14:12:03.219] [default] [info] Iteration failed on: Automri finished with too many resources on context_11
[2026-04-13 14:12:03.420] [default] [info] Iteration failed on: Automri finished with too many resources on context_12
[2026-04-13 14:12:03.620] [default] [info] Iteration failed on: Automri finished with too many resources on context_13
[2026-04-13 14:12:18.572] [default] [info] Iteration failed on: Too many inputs/outputs for hexapod_v3_1_simplified_context_9, try to reduce number of inputs or outputs
Number of DDRs: 0
Number of inputs: 18
Number of outputs: 23

[2026-04-13 14:12:18.796] [default] [info] Iteration failed on: Automri finished with too many resources on context_10
[2026-04-13 14:12:18.995] [default] [info] Iteration failed on: Automri finished with too many resources on context_11
[2026-04-13 14:12:19.200] [default] [info] Iteration failed on: Automri finished with too many resources on context_12
[2026-04-13 14:12:19.412] [default] [info] Iteration failed on: Automri finished with too many resources on context_13
[2026-04-13 14:12:31.832] [default] [info] Iteration failed on: Too many inputs/outputs for hexapod_v3_1_simplified_context_9, try to reduce number of inputs or outputs
Number of DDRs: 0
Number of inputs: 18
Number of outputs: 22

[2026-04-13 14:12:32.062] [default] [info] Iteration failed on: Automri finished with too many resources on context_10
[2026-04-13 14:12:32.265] [default] [info] Iteration failed on: Automri finished with too many resources on context_11
[2026-04-13 14:12:32.470] [default] [info] Iteration failed on: Automri finished with too many resources on context_12
[2026-04-13 14:12:32.676] [default] [info] Iteration failed on: Automri finished with too many resources on context_13
[2026-04-13 14:12:47.119] [default] [info] Iteration failed on: Too many inputs/outputs for hexapod_v3_1_simplified_context_9, try to reduce number of inputs or outputs
Number of DDRs: 0
Number of inputs: 18
Number of outputs: 21

[2026-04-13 14:12:47.339] [default] [info] Iteration failed on: Automri finished with too many resources on context_10
[2026-04-13 14:12:47.543] [default] [info] Iteration failed on: Automri finished with too many resources on context_11
[2026-04-13 14:12:47.763] [default] [info] Iteration failed on: Automri finished with too many resources on context_12
[2026-04-13 14:12:47.969] [default] [info] Iteration failed on: Automri finished with too many resources on context_13
[2026-04-13 14:13:00.398] [default] [info] Iteration failed on: Too many inputs/outputs for hexapod_v3_1_simplified_context_9, try to reduce number of inputs or outputs
Number of DDRs: 0
Number of inputs: 18
Number of outputs: 20

[2026-04-13 14:13:00.607] [default] [info] Iteration failed on: Automri finished with too many resources on context_10
[2026-04-13 14:13:00.789] [default] [info] Iteration failed on: Automri finished with too many resources on context_11
[2026-04-13 14:13:00.985] [default] [info] Iteration failed on: Automri finished with too many resources on context_12
[2026-04-13 14:13:01.177] [default] [info] Iteration failed on: Automri finished with too many resources on context_13
[2026-04-13 14:13:16.249] [default] [info] Iteration failed on: Too many inputs/outputs for hexapod_v3_1_simplified_context_9, try to reduce number of inputs or outputs
Number of DDRs: 0
Number of inputs: 18
Number of outputs: 20

[2026-04-13 14:13:16.456] [default] [info] Iteration failed on: Automri finished with too many resources on context_10
[2026-04-13 14:13:16.644] [default] [info] Iteration failed on: Automri finished with too many resources on context_11
[2026-04-13 14:13:16.827] [default] [info] Iteration failed on: Automri finished with too many resources on context_12
[2026-04-13 14:13:17.009] [default] [info] Iteration failed on: Automri finished with too many resources on context_13
[2026-04-13 14:13:29.832] [default] [info] Iteration failed on: Too many inputs/outputs for hexapod_v3_1_simplified_context_9, try to reduce number of inputs or outputs
Number of DDRs: 0
Number of inputs: 18
Number of outputs: 19

[2026-04-13 14:13:30.040] [default] [info] Iteration failed on: Automri finished with too many resources on context_10
[2026-04-13 14:13:30.224] [default] [info] Iteration failed on: Automri finished with too many resources on context_11
[2026-04-13 14:13:30.398] [default] [info] Iteration failed on: Automri finished with too many resources on context_12
[2026-04-13 14:13:30.580] [default] [info] Iteration failed on: Automri finished with too many resources on context_13
[2026-04-13 14:13:43.539] [default] [info] Iteration failed on: Too many inputs/outputs for hexapod_v3_1_simplified_context_9, try to reduce number of inputs or outputs
Number of DDRs: 0
Number of inputs: 18
Number of outputs: 19

[2026-04-13 14:13:43.783] [default] [info] Iteration failed on: Automri finished with too many resources on context_10
[2026-04-13 14:13:43.963] [default] [info] Iteration failed on: Automri finished with too many resources on context_11
[2026-04-13 14:13:44.142] [default] [info] Iteration failed on: Automri finished with too many resources on context_12
[2026-04-13 14:13:44.323] [default] [info] Iteration failed on: Automri finished with too many resources on context_13
[2026-04-13 14:13:59.074] [default] [info] Iteration failed on: Too many inputs/outputs for hexapod_v3_1_simplified_context_9, try to reduce number of inputs or outputs
Number of DDRs: 0
Number of inputs: 18
Number of outputs: 19

[2026-04-13 14:13:59.278] [default] [info] Iteration failed on: Automri finished with too many resources on context_10
[2026-04-13 14:13:59.454] [default] [info] Iteration failed on: Automri finished with too many resources on context_11
[2026-04-13 14:13:59.633] [default] [info] Iteration failed on: Automri finished with too many resources on context_12
[2026-04-13 14:13:59.811] [default] [info] Iteration failed on: Automri finished with too many resources on context_13
[2026-04-13 14:14:11.973] [default] [info] Iteration failed on: Too many inputs/outputs for hexapod_v3_1_simplified_context_9, try to reduce number of inputs or outputs
Number of DDRs: 0
Number of inputs: 17
Number of outputs: 18

[2026-04-13 14:14:12.213] [default] [info] Iteration failed on: Automri finished with too many resources on context_10
[2026-04-13 14:14:12.398] [default] [info] Iteration failed on: Automri finished with too many resources on context_11
[2026-04-13 14:14:12.581] [default] [info] Iteration failed on: Automri finished with too many resources on context_12
[2026-04-13 14:14:12.770] [default] [info] Iteration failed on: Automri finished with too many resources on context_13
[2026-04-13 14:14:27.536] [default] [info] Iteration failed on: Too many inputs/outputs for hexapod_v3_1_simplified_context_9, try to reduce number of inputs or outputs
Number of DDRs: 0
Number of inputs: 16
Number of outputs: 17

[2026-04-13 14:14:27.767] [default] [info] Iteration failed on: Automri finished with too many resources on context_10
[2026-04-13 14:14:27.954] [default] [info] Iteration failed on: Automri finished with too many resources on context_11
[2026-04-13 14:14:28.135] [default] [info] Iteration failed on: Automri finished with too many resources on context_12
[2026-04-13 14:14:28.332] [default] [info] Iteration failed on: Automri finished with too many resources on context_13
[2026-04-13 14:14:28.516] [default] [info] Iteration failed on: Automri finished with too many resources on context_14
[2026-04-13 14:14:40.970] [default] [info] Iteration failed on: Too many inputs/outputs for hexapod_v3_1_simplified_context_9, try to reduce number of inputs or outputs
Number of DDRs: 0
Number of inputs: 14
Number of outputs: 16

[2026-04-13 14:14:41.200] [default] [info] Iteration failed on: Automri finished with too many resources on context_10
[2026-04-13 14:14:41.387] [default] [info] Iteration failed on: Automri finished with too many resources on context_11
[2026-04-13 14:14:41.562] [default] [info] Iteration failed on: Automri finished with too many resources on context_12
[2026-04-13 14:14:41.736] [default] [info] Iteration failed on: Automri finished with too many resources on context_13
[2026-04-13 14:14:41.914] [default] [info] Iteration failed on: Automri finished with too many resources on context_14
[2026-04-13 14:14:54.184] [default] [info] Iteration failed on: Too many inputs/outputs for hexapod_v3_1_simplified_context_9, try to reduce number of inputs or outputs
Number of DDRs: 0
Number of inputs: 13
Number of outputs: 15

[2026-04-13 14:14:54.409] [default] [info] Iteration failed on: Automri finished with too many resources on context_10
[2026-04-13 14:14:54.600] [default] [info] Iteration failed on: Automri finished with too many resources on context_11
[2026-04-13 14:14:54.776] [default] [info] Iteration failed on: Automri finished with too many resources on context_12
[2026-04-13 14:14:54.954] [default] [info] Iteration failed on: Automri finished with too many resources on context_13
[2026-04-13 14:14:55.130] [default] [info] Iteration failed on: Automri finished with too many resources on context_14
[2026-04-13 14:15:09.440] [default] [info] Iteration failed on: Too many inputs/outputs for hexapod_v3_1_simplified_context_9, try to reduce number of inputs or outputs
Number of DDRs: 0
Number of inputs: 12
Number of outputs: 14

[2026-04-13 14:15:09.681] [default] [info] Iteration failed on: Automri finished with too many resources on context_10
[2026-04-13 14:15:09.871] [default] [info] Iteration failed on: Automri finished with too many resources on context_11
[2026-04-13 14:15:10.054] [default] [info] Iteration failed on: Automri finished with too many resources on context_12
[2026-04-13 14:15:10.232] [default] [info] Iteration failed on: Automri finished with too many resources on context_13
[2026-04-13 14:15:10.408] [default] [info] Iteration failed on: Automri finished with too many resources on context_14
[2026-04-13 14:15:22.636] [default] [info] Iteration failed on: Too many inputs/outputs for hexapod_v3_1_simplified_context_9, try to reduce number of inputs or outputs
Number of DDRs: 0
Number of inputs: 11
Number of outputs: 13

[2026-04-13 14:15:22.840] [default] [info] Iteration failed on: Automri finished with too many resources on context_10
[2026-04-13 14:15:23.025] [default] [info] Iteration failed on: Automri finished with too many resources on context_11
[2026-04-13 14:15:23.203] [default] [info] Iteration failed on: Automri finished with too many resources on context_12
[2026-04-13 14:15:23.380] [default] [info] Iteration failed on: Automri finished with too many resources on context_13
[2026-04-13 14:15:23.552] [default] [info] Iteration failed on: Automri finished with too many resources on context_14
[2026-04-13 14:15:37.970] [default] [info] Iteration failed on: Too many inputs/outputs for hexapod_v3_1_simplified_context_9, try to reduce number of inputs or outputs
Number of DDRs: 0
Number of inputs: 10
Number of outputs: 12

[2026-04-13 14:15:38.179] [default] [info] Iteration failed on: Automri finished with too many resources on context_10
[2026-04-13 14:15:38.358] [default] [info] Iteration failed on: Automri finished with too many resources on context_11
[2026-04-13 14:15:38.555] [default] [info] Iteration failed on: Automri finished with too many resources on context_12
[2026-04-13 14:15:38.773] [default] [info] Iteration failed on: Automri finished with too many resources on context_13
[2026-04-13 14:15:38.987] [default] [info] Iteration failed on: Automri finished with too many resources on context_14
[2026-04-13 14:15:51.494] [default] [info] Iteration failed on: Too many inputs/outputs for hexapod_v3_1_simplified_context_9, try to reduce number of inputs or outputs
Number of DDRs: 0
Number of inputs: 9
Number of outputs: 11

[2026-04-13 14:15:51.705] [default] [info] Iteration failed on: Automri finished with too many resources on context_10
[2026-04-13 14:15:51.889] [default] [info] Iteration failed on: Automri finished with too many resources on context_11
[2026-04-13 14:15:52.077] [default] [info] Iteration failed on: Automri finished with too many resources on context_12
[2026-04-13 14:15:52.260] [default] [info] Iteration failed on: Automri finished with too many resources on context_13
[2026-04-13 14:15:52.447] [default] [info] Iteration failed on: Automri finished with too many resources on context_14
[2026-04-13 14:16:05.267] [default] [info] Iteration failed on: Too many inputs/outputs for hexapod_v3_1_simplified_context_9, try to reduce number of inputs or outputs
Number of DDRs: 0
Number of inputs: 9
Number of outputs: 10

[2026-04-13 14:16:05.514] [default] [info] Iteration failed on: Automri finished with too many resources on context_10
[2026-04-13 14:16:05.708] [default] [info] Iteration failed on: Automri finished with too many resources on context_11
[2026-04-13 14:16:08.037] [default] [info] Iteration failed on: Automri finished with too many resources on context_12
[2026-04-13 14:16:08.234] [default] [info] Iteration failed on: Automri finished with too many resources on context_13
[2026-04-13 14:16:08.421] [default] [info] Iteration failed on: Automri finished with too many resources on context_14
[2026-04-13 14:16:20.978] [default] [info] Iteration failed on: Too many inputs/outputs for hexapod_v3_1_simplified_context_9, try to reduce number of inputs or outputs
Number of DDRs: 0
Number of inputs: 9
Number of outputs: 9

[2026-04-13 14:16:21.198] [default] [info] Iteration failed on: Automri finished with too many resources on context_10
[2026-04-13 14:16:21.391] [default] [info] Iteration failed on: Automri finished with too many resources on context_11
[2026-04-13 14:16:21.576] [default] [info] Iteration failed on: Automri finished with too many resources on context_12
[2026-04-13 14:16:21.764] [default] [info] Iteration failed on: Automri finished with too many resources on context_13
[2026-04-13 14:16:21.947] [default] [info] Iteration failed on: Automri finished with too many resources on context_14
[2026-04-13 14:16:34.544] [default] [info] Iteration failed on: Too many inputs/outputs for hexapod_v3_1_simplified_context_9, try to reduce number of inputs or outputs
Number of DDRs: 0
Number of inputs: 9
Number of outputs: 8

[2026-04-13 14:16:34.767] [default] [info] Iteration failed on: Automri finished with too many resources on context_10
[2026-04-13 14:16:34.960] [default] [info] Iteration failed on: Automri finished with too many resources on context_11
[2026-04-13 14:16:35.154] [default] [info] Iteration failed on: Automri finished with too many resources on context_12
[2026-04-13 14:16:35.341] [default] [info] Iteration failed on: Automri finished with too many resources on context_13
[2026-04-13 14:16:35.534] [default] [info] Iteration failed on: Automri finished with too many resources on context_14
[2026-04-13 14:16:50.447] [default] [info] Iteration failed on: Too many inputs/outputs for hexapod_v3_1_simplified_context_10, try to reduce number of inputs or outputs
Number of DDRs: 0
Number of inputs: 23
Number of outputs: 6

[2026-04-13 14:16:50.660] [default] [info] Iteration failed on: Automri finished with too many resources on context_11
[2026-04-13 14:16:50.848] [default] [info] Iteration failed on: Automri finished with too many resources on context_12
[2026-04-13 14:16:51.041] [default] [info] Iteration failed on: Automri finished with too many resources on context_13
[2026-04-13 14:16:51.233] [default] [info] Iteration failed on: Automri finished with too many resources on context_14
[2026-04-13 14:17:04.040] [default] [info] Iteration failed on: Too many inputs/outputs for hexapod_v3_1_simplified_context_10, try to reduce number of inputs or outputs
Number of DDRs: 0
Number of inputs: 23
Number of outputs: 9

[2026-04-13 14:17:04.255] [default] [info] Iteration failed on: Automri finished with too many resources on context_11
[2026-04-13 14:17:04.456] [default] [info] Iteration failed on: Automri finished with too many resources on context_12
[2026-04-13 14:17:04.646] [default] [info] Iteration failed on: Automri finished with too many resources on context_13
[2026-04-13 14:17:04.830] [default] [info] Iteration failed on: Automri finished with too many resources on context_14
[2026-04-13 14:17:19.807] [default] [info] Iteration failed on: Too many inputs/outputs for hexapod_v3_1_simplified_context_10, try to reduce number of inputs or outputs
Number of DDRs: 0
Number of inputs: 23
Number of outputs: 9

[2026-04-13 14:17:20.086] [default] [info] Iteration failed on: Automri finished with too many resources on context_11
[2026-04-13 14:17:20.280] [default] [info] Iteration failed on: Automri finished with too many resources on context_12
[2026-04-13 14:17:20.475] [default] [info] Iteration failed on: Automri finished with too many resources on context_13
[2026-04-13 14:17:20.671] [default] [info] Iteration failed on: Automri finished with too many resources on context_14
[2026-04-13 14:17:33.463] [default] [info] Iteration failed on: Too many inputs/outputs for hexapod_v3_1_simplified_context_10, try to reduce number of inputs or outputs
Number of DDRs: 0
Number of inputs: 23
Number of outputs: 9

[2026-04-13 14:17:33.683] [default] [info] Iteration failed on: Automri finished with too many resources on context_11
[2026-04-13 14:17:33.878] [default] [info] Iteration failed on: Automri finished with too many resources on context_12
[2026-04-13 14:17:34.070] [default] [info] Iteration failed on: Automri finished with too many resources on context_13
[2026-04-13 14:17:34.270] [default] [info] Iteration failed on: Automri finished with too many resources on context_14
[2026-04-13 14:17:46.507] [default] [info] Iteration failed on: Too many inputs/outputs for hexapod_v3_1_simplified_context_10, try to reduce number of inputs or outputs
Number of DDRs: 0
Number of inputs: 23
Number of outputs: 12

[2026-04-13 14:17:48.146] [default] [info] Iteration failed on: Automri finished with too many resources on context_11
[2026-04-13 14:17:48.351] [default] [info] Iteration failed on: Automri finished with too many resources on context_12
[2026-04-13 14:17:48.553] [default] [info] Iteration failed on: Automri finished with too many resources on context_13
[2026-04-13 14:17:48.753] [default] [info] Iteration failed on: Automri finished with too many resources on context_14
[2026-04-13 14:18:03.260] [default] [info] Iteration failed on: Too many inputs/outputs for hexapod_v3_1_simplified_context_10, try to reduce number of inputs or outputs
Number of DDRs: 0
Number of inputs: 23
Number of outputs: 12

[2026-04-13 14:18:03.507] [default] [info] Iteration failed on: Automri finished with too many resources on context_11
[2026-04-13 14:18:03.720] [default] [info] Iteration failed on: Automri finished with too many resources on context_12
[2026-04-13 14:18:03.931] [default] [info] Iteration failed on: Automri finished with too many resources on context_13
[2026-04-13 14:18:04.137] [default] [info] Iteration failed on: Automri finished with too many resources on context_14
[2026-04-13 14:18:16.810] [default] [info] Iteration failed on: Too many inputs/outputs for hexapod_v3_1_simplified_context_10, try to reduce number of inputs or outputs
Number of DDRs: 0
Number of inputs: 23
Number of outputs: 12

[2026-04-13 14:18:17.049] [default] [info] Iteration failed on: Automri finished with too many resources on context_11
[2026-04-13 14:18:17.259] [default] [info] Iteration failed on: Automri finished with too many resources on context_12
[2026-04-13 14:18:17.468] [default] [info] Iteration failed on: Automri finished with too many resources on context_13
[2026-04-13 14:18:32.266] [default] [info] Iteration failed on: Too many inputs/outputs for hexapod_v3_1_simplified_context_10, try to reduce number of inputs or outputs
Number of DDRs: 0
Number of inputs: 23
Number of outputs: 15

[2026-04-13 14:18:33.741] [default] [info] Iteration failed on: Automri finished with too many resources on context_11
[2026-04-13 14:18:33.959] [default] [info] Iteration failed on: Automri finished with too many resources on context_12
[2026-04-13 14:18:34.176] [default] [info] Iteration failed on: Automri finished with too many resources on context_13
[2026-04-13 14:18:47.133] [default] [info] Iteration failed on: Too many inputs/outputs for hexapod_v3_1_simplified_context_10, try to reduce number of inputs or outputs
Number of DDRs: 0
Number of inputs: 23
Number of outputs: 15

[2026-04-13 14:18:47.377] [default] [info] Iteration failed on: Automri finished with too many resources on context_11
[2026-04-13 14:18:47.602] [default] [info] Iteration failed on: Automri finished with too many resources on context_12
[2026-04-13 14:18:47.848] [default] [info] Iteration failed on: Automri finished with too many resources on context_13
[2026-04-13 14:18:48.068] [default] [info] Iteration failed on: Automri finished with too many resources on context_14
[2026-04-13 14:19:03.477] [default] [info] Iteration failed on: Too many inputs/outputs for hexapod_v3_1_simplified_context_10, try to reduce number of inputs or outputs
Number of DDRs: 0
Number of inputs: 23
Number of outputs: 14

[2026-04-13 14:19:03.729] [default] [info] Iteration failed on: Automri finished with too many resources on context_11
[2026-04-13 14:19:03.954] [default] [info] Iteration failed on: Automri finished with too many resources on context_12
[2026-04-13 14:19:04.175] [default] [info] Iteration failed on: Automri finished with too many resources on context_13
[2026-04-13 14:19:04.405] [default] [info] Iteration failed on: Automri finished with too many resources on context_14
[2026-04-13 14:19:17.658] [default] [info] Iteration failed on: Too many inputs/outputs for hexapod_v3_1_simplified_context_10, try to reduce number of inputs or outputs
Number of DDRs: 0
Number of inputs: 23
Number of outputs: 17

[2026-04-13 14:19:18.722] [default] [info] Iteration failed on: Automri finished with too many resources on context_11
[2026-04-13 14:19:18.953] [default] [info] Iteration failed on: Automri finished with too many resources on context_12
[2026-04-13 14:19:19.177] [default] [info] Iteration failed on: Automri finished with too many resources on context_13
[2026-04-13 14:19:19.401] [default] [info] Iteration failed on: Automri finished with too many resources on context_14
[2026-04-13 14:19:35.195] [default] [info] Iteration failed on: Too many inputs/outputs for hexapod_v3_1_simplified_context_10, try to reduce number of inputs or outputs
Number of DDRs: 0
Number of inputs: 21
Number of outputs: 16

[2026-04-13 14:19:35.458] [default] [info] Iteration failed on: Automri finished with too many resources on context_11
[2026-04-13 14:19:35.700] [default] [info] Iteration failed on: Automri finished with too many resources on context_12
[2026-04-13 14:19:35.936] [default] [info] Iteration failed on: Automri finished with too many resources on context_13
[2026-04-13 14:19:36.166] [default] [info] Iteration failed on: Automri finished with too many resources on context_14
[2026-04-13 14:19:48.906] [default] [info] Iteration failed on: Too many inputs/outputs for hexapod_v3_1_simplified_context_10, try to reduce number of inputs or outputs
Number of DDRs: 0
Number of inputs: 21
Number of outputs: 16

[2026-04-13 14:19:49.161] [default] [info] Iteration failed on: Automri finished with too many resources on context_11
[2026-04-13 14:19:49.391] [default] [info] Iteration failed on: Automri finished with too many resources on context_12
[2026-04-13 14:19:49.619] [default] [info] Iteration failed on: Automri finished with too many resources on context_13
[2026-04-13 14:19:49.850] [default] [info] Iteration failed on: Automri finished with too many resources on context_14
[2026-04-13 14:20:04.504] [default] [info] Iteration failed on: Too many inputs/outputs for hexapod_v3_1_simplified_context_10, try to reduce number of inputs or outputs
Number of DDRs: 0
Number of inputs: 20
Number of outputs: 18

[2026-04-13 14:20:04.786] [default] [info] Iteration failed on: Automri finished with too many resources on context_11
[2026-04-13 14:20:05.036] [default] [info] Iteration failed on: Automri finished with too many resources on context_12
[2026-04-13 14:20:05.286] [default] [info] Iteration failed on: Automri finished with too many resources on context_13
[2026-04-13 14:20:05.531] [default] [info] Iteration failed on: Automri finished with too many resources on context_14
[2026-04-13 14:20:21.289] [default] [info] Iteration failed on: Too many inputs/outputs for hexapod_v3_1_simplified_context_10, try to reduce number of inputs or outputs
Number of DDRs: 0
Number of inputs: 20
Number of outputs: 18

[2026-04-13 14:20:21.566] [default] [info] Iteration failed on: Automri finished with too many resources on context_11
[2026-04-13 14:20:21.817] [default] [info] Iteration failed on: Automri finished with too many resources on context_12
[2026-04-13 14:20:22.063] [default] [info] Iteration failed on: Automri finished with too many resources on context_13
[2026-04-13 14:20:22.308] [default] [info] Iteration failed on: Automri finished with too many resources on context_14
[2026-04-13 14:20:35.440] [default] [info] Iteration failed on: Too many inputs/outputs for hexapod_v3_1_simplified_context_10, try to reduce number of inputs or outputs
Number of DDRs: 0
Number of inputs: 20
Number of outputs: 18

[2026-04-13 14:20:35.700] [default] [info] Iteration failed on: Automri finished with too many resources on context_11
[2026-04-13 14:20:35.946] [default] [info] Iteration failed on: Automri finished with too many resources on context_12
[2026-04-13 14:20:36.188] [default] [info] Iteration failed on: Automri finished with too many resources on context_13
[2026-04-13 14:20:36.421] [default] [info] Iteration failed on: Automri finished with too many resources on context_14
[2026-04-13 14:20:36.661] [default] [info] Iteration failed on: Automri finished with too many resources on context_14
[2026-04-13 14:20:52.866] [default] [info] Iteration failed on: Too many inputs/outputs for hexapod_v3_1_simplified_context_10, try to reduce number of inputs or outputs
Number of DDRs: 0
Number of inputs: 19
Number of outputs: 20

[2026-04-13 14:20:53.131] [default] [info] Iteration failed on: Automri finished with too many resources on context_11
[2026-04-13 14:20:53.377] [default] [info] Iteration failed on: Automri finished with too many resources on context_12
[2026-04-13 14:21:07.061] [default] [info] Iteration failed on: Too many inputs/outputs for hexapod_v3_1_simplified_context_10, try to reduce number of inputs or outputs
Number of DDRs: 0
Number of inputs: 19
Number of outputs: 20

[2026-04-13 14:21:07.340] [default] [info] Iteration failed on: Automri finished with too many resources on context_11
[2026-04-13 14:21:07.594] [default] [info] Iteration failed on: Automri finished with too many resources on context_12
[2026-04-13 14:21:07.855] [default] [info] Iteration failed on: Automri finished with too many resources on context_13
[2026-04-13 14:21:24.357] [default] [info] Iteration failed on: Too many inputs/outputs for hexapod_v3_1_simplified_context_10, try to reduce number of inputs or outputs
Number of DDRs: 0
Number of inputs: 19
Number of outputs: 21

[2026-04-13 14:21:24.638] [default] [info] Iteration failed on: Automri finished with too many resources on context_11
[2026-04-13 14:21:24.908] [default] [info] Iteration failed on: Automri finished with too many resources on context_12
[2026-04-13 14:21:25.156] [default] [info] Iteration failed on: Automri finished with too many resources on context_13
[2026-04-13 14:21:38.748] [default] [info] Iteration failed on: Too many inputs/outputs for hexapod_v3_1_simplified_context_10, try to reduce number of inputs or outputs
Number of DDRs: 0
Number of inputs: 19
Number of outputs: 21

[2026-04-13 14:21:39.829] [default] [info] Iteration failed on: Automri finished with too many resources on context_11
[2026-04-13 14:21:40.088] [default] [info] Iteration failed on: Automri finished with too many resources on context_12
[2026-04-13 14:21:40.350] [default] [info] Iteration failed on: Automri finished with too many resources on context_13
[2026-04-13 14:21:40.653] [default] [info] Iteration failed on: Automri finished with too many resources on context_14
[2026-04-13 14:21:40.903] [default] [info] Iteration failed on: Automri finished with too many resources on context_14
[2026-04-13 14:21:59.040] [default] [info] Iteration failed on: Too many inputs/outputs for hexapod_v3_1_simplified_context_10, try to reduce number of inputs or outputs
Number of DDRs: 0
Number of inputs: 19
Number of outputs: 21

[2026-04-13 14:21:59.349] [default] [info] Iteration failed on: Automri finished with too many resources on context_11
[2026-04-13 14:21:59.632] [default] [info] Iteration failed on: Automri finished with too many resources on context_12
[2026-04-13 14:22:14.216] [default] [info] Iteration failed on: Too many inputs/outputs for hexapod_v3_1_simplified_context_10, try to reduce number of inputs or outputs
Number of DDRs: 0
Number of inputs: 19
Number of outputs: 21

[2026-04-13 14:22:14.509] [default] [info] Iteration failed on: Automri finished with too many resources on context_11
[2026-04-13 14:22:14.787] [default] [info] Iteration failed on: Automri finished with too many resources on context_12
[2026-04-13 14:22:15.062] [default] [info] Iteration failed on: Automri finished with too many resources on context_13
[2026-04-13 14:22:15.331] [default] [info] Iteration failed on: Automri finished with too many resources on context_14
[2026-04-13 14:22:32.348] [default] [info] Iteration failed on: Too many inputs/outputs for hexapod_v3_1_simplified_context_10, try to reduce number of inputs or outputs
Number of DDRs: 0
Number of inputs: 19
Number of outputs: 21

[2026-04-13 14:22:32.642] [default] [info] Iteration failed on: Automri finished with too many resources on context_11
[2026-04-13 14:22:32.914] [default] [info] Iteration failed on: Automri finished with too many resources on context_12
[2026-04-13 14:22:33.173] [default] [info] Iteration failed on: Automri finished with too many resources on context_13
[2026-04-13 14:22:33.435] [default] [info] Iteration failed on: Automri finished with too many resources on context_14
[2026-04-13 14:22:49.924] [default] [info] Iteration failed on: Too many inputs/outputs for hexapod_v3_1_simplified_context_10, try to reduce number of inputs or outputs
Number of DDRs: 0
Number of inputs: 19
Number of outputs: 21

[2026-04-13 14:22:50.241] [default] [info] Iteration failed on: Automri finished with too many resources on context_11
[2026-04-13 14:22:50.506] [default] [info] Iteration failed on: Automri finished with too many resources on context_12
[2026-04-13 14:22:50.784] [default] [info] Iteration failed on: Automri finished with too many resources on context_13
[2026-04-13 14:22:51.051] [default] [info] Iteration failed on: Automri finished with too many resources on context_14
[2026-04-13 14:23:07.523] [default] [info] Iteration failed on: Too many inputs/outputs for hexapod_v3_1_simplified_context_10, try to reduce number of inputs or outputs
Number of DDRs: 0
Number of inputs: 19
Number of outputs: 20

[2026-04-13 14:23:07.827] [default] [info] Iteration failed on: Automri finished with too many resources on context_11
[2026-04-13 14:23:08.090] [default] [info] Iteration failed on: Automri finished with too many resources on context_12
[2026-04-13 14:23:08.348] [default] [info] Iteration failed on: Automri finished with too many resources on context_13
[2026-04-13 14:23:08.603] [default] [info] Iteration failed on: Automri finished with too many resources on context_14
[2026-04-13 14:23:08.831] [default] [info] Iteration failed on: Automri finished with too many resources on context_14
[2026-04-13 14:23:22.702] [default] [info] Iteration failed on: Too many inputs/outputs for hexapod_v3_1_simplified_context_10, try to reduce number of inputs or outputs
Number of DDRs: 0
Number of inputs: 19
Number of outputs: 20

[2026-04-13 14:23:22.952] [default] [info] Iteration failed on: Automri finished with too many resources on context_11
[2026-04-13 14:23:23.178] [default] [info] Iteration failed on: Automri finished with too many resources on context_12
[2026-04-13 14:23:39.827] [default] [info] Iteration failed on: Too many inputs/outputs for hexapod_v3_1_simplified_context_10, try to reduce number of inputs or outputs
Number of DDRs: 0
Number of inputs: 18
Number of outputs: 20

[2026-04-13 14:23:40.079] [default] [info] Iteration failed on: Automri finished with too many resources on context_11
[2026-04-13 14:23:40.308] [default] [info] Iteration failed on: Automri finished with too many resources on context_12
[2026-04-13 14:23:40.537] [default] [info] Iteration failed on: Automri finished with too many resources on context_13
[2026-04-13 14:23:40.763] [default] [info] Iteration failed on: Automri finished with too many resources on context_14
[2026-04-13 14:23:54.188] [default] [info] Iteration failed on: Too many inputs/outputs for hexapod_v3_1_simplified_context_10, try to reduce number of inputs or outputs
Number of DDRs: 0
Number of inputs: 18
Number of outputs: 20

[2026-04-13 14:23:54.430] [default] [info] Iteration failed on: Automri finished with too many resources on context_11
[2026-04-13 14:23:54.660] [default] [info] Iteration failed on: Automri finished with too many resources on context_12
[2026-04-13 14:24:11.198] [default] [info] Iteration failed on: Too many inputs/outputs for hexapod_v3_1_simplified_context_10, try to reduce number of inputs or outputs
Number of DDRs: 0
Number of inputs: 18
Number of outputs: 20

[2026-04-13 14:24:11.511] [default] [info] Iteration failed on: Automri finished with too many resources on context_11
[2026-04-13 14:24:11.771] [default] [info] Iteration failed on: Automri finished with too many resources on context_12
[2026-04-13 14:24:12.016] [default] [info] Iteration failed on: Automri finished with too many resources on context_13
[2026-04-13 14:24:12.242] [default] [info] Iteration failed on: Automri finished with too many resources on context_14
[2026-04-13 14:24:25.900] [default] [info] Iteration failed on: Too many inputs/outputs for hexapod_v3_1_simplified_context_10, try to reduce number of inputs or outputs
Number of DDRs: 0
Number of inputs: 18
Number of outputs: 20

[2026-04-13 14:24:26.144] [default] [info] Iteration failed on: Automri finished with too many resources on context_11
[2026-04-13 14:24:40.457] [default] [info] Iteration failed on: Too many inputs/outputs for hexapod_v3_1_simplified_context_10, try to reduce number of inputs or outputs
Number of DDRs: 0
Number of inputs: 18
Number of outputs: 21

[2026-04-13 14:24:40.744] [default] [info] Iteration failed on: Automri finished with too many resources on context_11
[2026-04-13 14:24:40.980] [default] [info] Iteration failed on: Automri finished with too many resources on context_12
[2026-04-13 14:24:41.225] [default] [info] Iteration failed on: Automri finished with too many resources on context_13
[2026-04-13 14:24:41.476] [default] [info] Iteration failed on: Automri finished with too many resources on context_14
[2026-04-13 14:24:57.726] [default] [info] Iteration failed on: Too many inputs/outputs for hexapod_v3_1_simplified_context_10, try to reduce number of inputs or outputs
Number of DDRs: 0
Number of inputs: 18
Number of outputs: 21

[2026-04-13 14:24:57.976] [default] [info] Iteration failed on: Automri finished with too many resources on context_11
[2026-04-13 14:24:58.196] [default] [info] Iteration failed on: Automri finished with too many resources on context_12
[2026-04-13 14:24:58.415] [default] [info] Iteration failed on: Automri finished with too many resources on context_13
[2026-04-13 14:24:58.632] [default] [info] Iteration failed on: Automri finished with too many resources on context_14
[2026-04-13 14:25:15.413] [default] [info] Iteration failed on: Too many inputs/outputs for hexapod_v3_1_simplified_context_10, try to reduce number of inputs or outputs
Number of DDRs: 0
Number of inputs: 18
Number of outputs: 21

[2026-04-13 14:25:15.682] [default] [info] Iteration failed on: Automri finished with too many resources on context_11
[2026-04-13 14:25:15.933] [default] [info] Iteration failed on: Automri finished with too many resources on context_12
[2026-04-13 14:25:16.174] [default] [info] Iteration failed on: Automri finished with too many resources on context_13
[2026-04-13 14:25:16.419] [default] [info] Iteration failed on: Automri finished with too many resources on context_14
[2026-04-13 14:25:32.817] [default] [info] Iteration failed on: Too many inputs/outputs for hexapod_v3_1_simplified_context_10, try to reduce number of inputs or outputs
Number of DDRs: 0
Number of inputs: 18
Number of outputs: 21

[2026-04-13 14:25:33.054] [default] [info] Iteration failed on: Automri finished with too many resources on context_11
[2026-04-13 14:25:33.271] [default] [info] Iteration failed on: Automri finished with too many resources on context_12
[2026-04-13 14:25:33.487] [default] [info] Iteration failed on: Automri finished with too many resources on context_13
[2026-04-13 14:25:33.707] [default] [info] Iteration failed on: Automri finished with too many resources on context_14
[2026-04-13 14:25:47.908] [default] [info] Iteration failed on: Too many inputs/outputs for hexapod_v3_1_simplified_context_10, try to reduce number of inputs or outputs
Number of DDRs: 0
Number of inputs: 18
Number of outputs: 21

[2026-04-13 14:25:48.169] [default] [info] Iteration failed on: Automri finished with too many resources on context_11
[2026-04-13 14:25:48.396] [default] [info] Iteration failed on: Automri finished with too many resources on context_12
[2026-04-13 14:25:48.628] [default] [info] Iteration failed on: Automri finished with too many resources on context_13
[2026-04-13 14:25:48.861] [default] [info] Iteration failed on: Automri finished with too many resources on context_14
[2026-04-13 14:26:06.754] [default] [info] Iteration failed on: Too many inputs/outputs for hexapod_v3_1_simplified_context_10, try to reduce number of inputs or outputs
Number of DDRs: 0
Number of inputs: 18
Number of outputs: 20

[2026-04-13 14:26:07.004] [default] [info] Iteration failed on: Automri finished with too many resources on context_11
[2026-04-13 14:26:07.224] [default] [info] Iteration failed on: Automri finished with too many resources on context_12
[2026-04-13 14:26:07.440] [default] [info] Iteration failed on: Automri finished with too many resources on context_13
[2026-04-13 14:26:07.665] [default] [info] Iteration failed on: Automri finished with too many resources on context_14
[2026-04-13 14:26:23.666] [default] [info] Iteration failed on: Too many inputs/outputs for hexapod_v3_1_simplified_context_10, try to reduce number of inputs or outputs
Number of DDRs: 0
Number of inputs: 18
Number of outputs: 20

[2026-04-13 14:26:23.925] [default] [info] Iteration failed on: Automri finished with too many resources on context_11
[2026-04-13 14:26:24.220] [default] [info] Iteration failed on: Automri finished with too many resources on context_12
[2026-04-13 14:26:24.464] [default] [info] Iteration failed on: Automri finished with too many resources on context_13
[2026-04-13 14:26:24.703] [default] [info] Iteration failed on: Automri finished with too many resources on context_14
[2026-04-13 14:26:41.426] [default] [info] Iteration failed on: Too many inputs/outputs for hexapod_v3_1_simplified_context_10, try to reduce number of inputs or outputs
Number of DDRs: 0
Number of inputs: 18
Number of outputs: 20

[2026-04-13 14:26:41.674] [default] [info] Iteration failed on: Automri finished with too many resources on context_11
[2026-04-13 14:26:41.897] [default] [info] Iteration failed on: Automri finished with too many resources on context_12
[2026-04-13 14:26:42.109] [default] [info] Iteration failed on: Automri finished with too many resources on context_13
[2026-04-13 14:26:42.326] [default] [info] Iteration failed on: Automri finished with too many resources on context_14
[2026-04-13 14:26:56.134] [default] [info] Iteration failed on: Too many inputs/outputs for hexapod_v3_1_simplified_context_10, try to reduce number of inputs or outputs
Number of DDRs: 0
Number of inputs: 18
Number of outputs: 20

[2026-04-13 14:26:56.398] [default] [info] Iteration failed on: Automri finished with too many resources on context_11
[2026-04-13 14:26:56.631] [default] [info] Iteration failed on: Automri finished with too many resources on context_12
[2026-04-13 14:26:56.868] [default] [info] Iteration failed on: Automri finished with too many resources on context_13
[2026-04-13 14:26:57.112] [default] [info] Iteration failed on: Automri finished with too many resources on context_14
[2026-04-13 14:27:13.360] [default] [info] Iteration failed on: Too many inputs/outputs for hexapod_v3_1_simplified_context_10, try to reduce number of inputs or outputs
Number of DDRs: 0
Number of inputs: 17
Number of outputs: 20

[2026-04-13 14:27:13.620] [default] [info] Iteration failed on: Automri finished with too many resources on context_11
[2026-04-13 14:27:13.841] [default] [info] Iteration failed on: Automri finished with too many resources on context_12
[2026-04-13 14:27:14.066] [default] [info] Iteration failed on: Automri finished with too many resources on context_13
[2026-04-13 14:27:14.290] [default] [info] Iteration failed on: Automri finished with too many resources on context_14
[2026-04-13 14:27:32.546] [default] [info] Iteration failed on: Too many inputs/outputs for hexapod_v3_1_simplified_context_10, try to reduce number of inputs or outputs
Number of DDRs: 0
Number of inputs: 17
Number of outputs: 20

[2026-04-13 14:27:32.826] [default] [info] Iteration failed on: Automri finished with too many resources on context_11
[2026-04-13 14:27:33.062] [default] [info] Iteration failed on: Automri finished with too many resources on context_12
[2026-04-13 14:27:33.301] [default] [info] Iteration failed on: Automri finished with too many resources on context_13
[2026-04-13 14:27:33.538] [default] [info] Iteration failed on: Automri finished with too many resources on context_14
[2026-04-13 14:27:56.177] [default] [info] Iteration failed on: Too many inputs/outputs for hexapod_v3_1_simplified_context_10, try to reduce number of inputs or outputs
Number of DDRs: 0
Number of inputs: 17
Number of outputs: 20

[2026-04-13 14:27:56.449] [default] [info] Iteration failed on: Automri finished with too many resources on context_11
[2026-04-13 14:27:56.692] [default] [info] Iteration failed on: Automri finished with too many resources on context_12
[2026-04-13 14:27:56.934] [default] [info] Iteration failed on: Automri finished with too many resources on context_13
[2026-04-13 14:27:57.171] [default] [info] Iteration failed on: Automri finished with too many resources on context_14
[2026-04-13 14:31:08.756] [default] [info] Iteration failed on: Too many inputs/outputs for hexapod_v3_1_simplified_context_10, try to reduce number of inputs or outputs
Number of DDRs: 0
Number of inputs: 17
Number of outputs: 20

[2026-04-13 14:31:09.018] [default] [info] Iteration failed on: Automri finished with too many resources on context_11
[2026-04-13 14:31:09.242] [default] [info] Iteration failed on: Automri finished with too many resources on context_12
[2026-04-13 14:31:09.463] [default] [info] Iteration failed on: Automri finished with too many resources on context_13
[2026-04-13 14:31:09.674] [default] [info] Iteration failed on: Automri finished with too many resources on context_14
[2026-04-13 14:31:27.341] [default] [info] Iteration failed on: Too many inputs/outputs for hexapod_v3_1_simplified_context_10, try to reduce number of inputs or outputs
Number of DDRs: 0
Number of inputs: 17
Number of outputs: 20

[2026-04-13 14:31:27.615] [default] [info] Iteration failed on: Automri finished with too many resources on context_11
[2026-04-13 14:31:27.857] [default] [info] Iteration failed on: Automri finished with too many resources on context_12
[2026-04-13 14:31:28.087] [default] [info] Iteration failed on: Automri finished with too many resources on context_13
[2026-04-13 14:31:28.303] [default] [info] Iteration failed on: Automri finished with too many resources on context_14
[2026-04-13 14:31:44.865] [default] [info] Iteration failed on: Too many inputs/outputs for hexapod_v3_1_simplified_context_10, try to reduce number of inputs or outputs
Number of DDRs: 0
Number of inputs: 17
Number of outputs: 20

[2026-04-13 14:31:45.133] [default] [info] Iteration failed on: Automri finished with too many resources on context_11
[2026-04-13 14:31:45.371] [default] [info] Iteration failed on: Automri finished with too many resources on context_12
[2026-04-13 14:31:45.604] [default] [info] Iteration failed on: Automri finished with too many resources on context_13
[2026-04-13 14:31:45.820] [default] [info] Iteration failed on: Automri finished with too many resources on context_14
[2026-04-13 14:32:01.779] [default] [info] Iteration failed on: Too many inputs/outputs for hexapod_v3_1_simplified_context_10, try to reduce number of inputs or outputs
Number of DDRs: 0
Number of inputs: 17
Number of outputs: 20

[2026-04-13 14:32:02.037] [default] [info] Iteration failed on: Automri finished with too many resources on context_11
[2026-04-13 14:32:02.273] [default] [info] Iteration failed on: Automri finished with too many resources on context_12
[2026-04-13 14:32:02.507] [default] [info] Iteration failed on: Automri finished with too many resources on context_13
[2026-04-13 14:32:02.726] [default] [info] Iteration failed on: Automri finished with too many resources on context_14
[2026-04-13 14:32:18.596] [default] [info] Iteration failed on: Too many inputs/outputs for hexapod_v3_1_simplified_context_10, try to reduce number of inputs or outputs
Number of DDRs: 0
Number of inputs: 17
Number of outputs: 20

[2026-04-13 14:32:18.857] [default] [info] Iteration failed on: Automri finished with too many resources on context_11
[2026-04-13 14:32:19.089] [default] [info] Iteration failed on: Automri finished with too many resources on context_12
[2026-04-13 14:32:19.315] [default] [info] Iteration failed on: Automri finished with too many resources on context_13
[2026-04-13 14:32:19.533] [default] [info] Iteration failed on: Automri finished with too many resources on context_13
[2026-04-13 14:32:19.754] [default] [info] Iteration failed on: Automri finished with too many resources on context_14
[2026-04-13 14:32:19.968] [default] [info] Iteration failed on: Automri finished with too many resources on context_14
[2026-04-13 14:32:36.265] [default] [info] Iteration failed on: Too many inputs/outputs for hexapod_v3_1_simplified_context_10, try to reduce number of inputs or outputs
Number of DDRs: 0
Number of inputs: 17
Number of outputs: 19

[2026-04-13 14:32:36.517] [default] [info] Iteration failed on: Automri finished with too many resources on context_11
[2026-04-13 14:32:52.318] [default] [info] Iteration failed on: Too many inputs/outputs for hexapod_v3_1_simplified_context_10, try to reduce number of inputs or outputs
Number of DDRs: 0
Number of inputs: 16
Number of outputs: 19

[2026-04-13 14:32:52.572] [default] [info] Iteration failed on: Automri finished with too many resources on context_11
[2026-04-13 14:32:52.804] [default] [info] Iteration failed on: Automri finished with too many resources on context_12
[2026-04-13 14:32:53.037] [default] [info] Iteration failed on: Automri finished with too many resources on context_13
[2026-04-13 14:32:53.266] [default] [info] Iteration failed on: Automri finished with too many resources on context_14
[2026-04-13 14:33:06.581] [default] [info] Iteration failed on: Too many inputs/outputs for hexapod_v3_1_simplified_context_10, try to reduce number of inputs or outputs
Number of DDRs: 0
Number of inputs: 16
Number of outputs: 19

[2026-04-13 14:33:06.842] [default] [info] Iteration failed on: Automri finished with too many resources on context_11
[2026-04-13 14:33:07.075] [default] [info] Iteration failed on: Automri finished with too many resources on context_12
[2026-04-13 14:33:07.312] [default] [info] Iteration failed on: Automri finished with too many resources on context_13
[2026-04-13 14:33:07.535] [default] [info] Iteration failed on: Automri finished with too many resources on context_14
[2026-04-13 14:33:22.753] [default] [info] Iteration failed on: Too many inputs/outputs for hexapod_v3_1_simplified_context_10, try to reduce number of inputs or outputs
Number of DDRs: 0
Number of inputs: 16
Number of outputs: 19

[2026-04-13 14:33:23.063] [default] [info] Iteration failed on: Automri finished with too many resources on context_11
[2026-04-13 14:33:23.294] [default] [info] Iteration failed on: Automri finished with too many resources on context_12
[2026-04-13 14:33:23.526] [default] [info] Iteration failed on: Automri finished with too many resources on context_13
[2026-04-13 14:33:23.763] [default] [info] Iteration failed on: Automri finished with too many resources on context_14
[2026-04-13 14:33:38.408] [default] [info] Iteration failed on: Too many inputs/outputs for hexapod_v3_1_simplified_context_10, try to reduce number of inputs or outputs
Number of DDRs: 0
Number of inputs: 16
Number of outputs: 19

[2026-04-13 14:33:38.665] [default] [info] Iteration failed on: Automri finished with too many resources on context_11
[2026-04-13 14:33:38.900] [default] [info] Iteration failed on: Automri finished with too many resources on context_12
[2026-04-13 14:33:39.126] [default] [info] Iteration failed on: Automri finished with too many resources on context_13
[2026-04-13 14:33:39.350] [default] [info] Iteration failed on: Automri finished with too many resources on context_14
[2026-04-13 14:33:57.648] [default] [info] Iteration failed on: Too many inputs/outputs for hexapod_v3_1_simplified_context_10, try to reduce number of inputs or outputs
Number of DDRs: 0
Number of inputs: 15
Number of outputs: 19

[2026-04-13 14:33:57.907] [default] [info] Iteration failed on: Automri finished with too many resources on context_11
[2026-04-13 14:33:58.139] [default] [info] Iteration failed on: Automri finished with too many resources on context_12
[2026-04-13 14:33:58.361] [default] [info] Iteration failed on: Automri finished with too many resources on context_13
[2026-04-13 14:33:58.590] [default] [info] Iteration failed on: Automri finished with too many resources on context_14
[2026-04-13 14:34:16.248] [default] [info] Iteration failed on: Too many inputs/outputs for hexapod_v3_1_simplified_context_10, try to reduce number of inputs or outputs
Number of DDRs: 0
Number of inputs: 15
Number of outputs: 19

[2026-04-13 14:34:16.510] [default] [info] Iteration failed on: Automri finished with too many resources on context_11
[2026-04-13 14:34:16.743] [default] [info] Iteration failed on: Automri finished with too many resources on context_12
[2026-04-13 14:34:16.968] [default] [info] Iteration failed on: Automri finished with too many resources on context_13
[2026-04-13 14:34:17.192] [default] [info] Iteration failed on: Automri finished with too many resources on context_14
[2026-04-13 14:34:35.142] [default] [info] Iteration failed on: Too many inputs/outputs for hexapod_v3_1_simplified_context_10, try to reduce number of inputs or outputs
Number of DDRs: 0
Number of inputs: 15
Number of outputs: 19

[2026-04-13 14:34:35.380] [default] [info] Iteration failed on: Automri finished with too many resources on context_11
[2026-04-13 14:34:35.600] [default] [info] Iteration failed on: Automri finished with too many resources on context_12
[2026-04-13 14:34:35.812] [default] [info] Iteration failed on: Automri finished with too many resources on context_13
[2026-04-13 14:34:36.029] [default] [info] Iteration failed on: Automri finished with too many resources on context_14
[2026-04-13 14:34:50.784] [default] [info] Iteration failed on: Too many inputs/outputs for hexapod_v3_1_simplified_context_10, try to reduce number of inputs or outputs
Number of DDRs: 0
Number of inputs: 15
Number of outputs: 19

[2026-04-13 14:34:51.023] [default] [info] Iteration failed on: Automri finished with too many resources on context_11
[2026-04-13 14:34:51.244] [default] [info] Iteration failed on: Automri finished with too many resources on context_12
[2026-04-13 14:34:51.453] [default] [info] Iteration failed on: Automri finished with too many resources on context_13
[2026-04-13 14:34:51.662] [default] [info] Iteration failed on: Automri finished with too many resources on context_14
[2026-04-13 14:35:08.441] [default] [info] Iteration failed on: Too many inputs/outputs for hexapod_v3_1_simplified_context_10, try to reduce number of inputs or outputs
Number of DDRs: 0
Number of inputs: 15
Number of outputs: 19

[2026-04-13 14:35:08.681] [default] [info] Iteration failed on: Automri finished with too many resources on context_11
[2026-04-13 14:35:08.896] [default] [info] Iteration failed on: Automri finished with too many resources on context_12
[2026-04-13 14:35:09.100] [default] [info] Iteration failed on: Automri finished with too many resources on context_13
[2026-04-13 14:35:09.311] [default] [info] Iteration failed on: Automri finished with too many resources on context_14
[2026-04-13 14:35:29.624] [default] [info] Iteration failed on: Too many inputs/outputs for hexapod_v3_1_simplified_context_10, try to reduce number of inputs or outputs
Number of DDRs: 0
Number of inputs: 15
Number of outputs: 19

[2026-04-13 14:35:29.862] [default] [info] Iteration failed on: Automri finished with too many resources on context_11
[2026-04-13 14:35:30.088] [default] [info] Iteration failed on: Automri finished with too many resources on context_12
[2026-04-13 14:35:30.304] [default] [info] Iteration failed on: Automri finished with too many resources on context_13
[2026-04-13 14:35:30.516] [default] [info] Iteration failed on: Automri finished with too many resources on context_14
[2026-04-13 14:35:48.303] [default] [info] Iteration failed on: Too many inputs/outputs for hexapod_v3_1_simplified_context_10, try to reduce number of inputs or outputs
Number of DDRs: 0
Number of inputs: 15
Number of outputs: 19

[2026-04-13 14:35:48.539] [default] [info] Iteration failed on: Automri finished with too many resources on context_11
[2026-04-13 14:35:48.753] [default] [info] Iteration failed on: Automri finished with too many resources on context_12
[2026-04-13 14:35:48.961] [default] [info] Iteration failed on: Automri finished with too many resources on context_13
[2026-04-13 14:35:49.192] [default] [info] Iteration failed on: Automri finished with too many resources on context_14
[2026-04-13 14:36:01.703] [default] [info] Iteration failed on: Too many inputs/outputs for hexapod_v3_1_simplified_context_10, try to reduce number of inputs or outputs
Number of DDRs: 0
Number of inputs: 15
Number of outputs: 18

[2026-04-13 14:36:01.944] [default] [info] Iteration failed on: Automri finished with too many resources on context_11
[2026-04-13 14:36:02.148] [default] [info] Iteration failed on: Automri finished with too many resources on context_12
[2026-04-13 14:36:02.357] [default] [info] Iteration failed on: Automri finished with too many resources on context_13
[2026-04-13 14:36:02.584] [default] [info] Iteration failed on: Automri finished with too many resources on context_14
[2026-04-13 14:36:17.095] [default] [info] Iteration failed on: Too many inputs/outputs for hexapod_v3_1_simplified_context_10, try to reduce number of inputs or outputs
Number of DDRs: 0
Number of inputs: 15
Number of outputs: 17

[2026-04-13 14:36:17.330] [default] [info] Iteration failed on: Automri finished with too many resources on context_11
[2026-04-13 14:36:17.543] [default] [info] Iteration failed on: Automri finished with too many resources on context_12
[2026-04-13 14:36:17.752] [default] [info] Iteration failed on: Automri finished with too many resources on context_13
[2026-04-13 14:36:17.972] [default] [info] Iteration failed on: Automri finished with too many resources on context_14
[2026-04-13 14:36:30.518] [default] [info] Iteration failed on: Too many inputs/outputs for hexapod_v3_1_simplified_context_10, try to reduce number of inputs or outputs
Number of DDRs: 0
Number of inputs: 15
Number of outputs: 16

[2026-04-13 14:36:30.761] [default] [info] Iteration failed on: Automri finished with too many resources on context_11
[2026-04-13 14:36:30.954] [default] [info] Iteration failed on: Automri finished with too many resources on context_12
[2026-04-13 14:36:31.156] [default] [info] Iteration failed on: Automri finished with too many resources on context_13
[2026-04-13 14:36:31.367] [default] [info] Iteration failed on: Automri finished with too many resources on context_14
[2026-04-13 14:36:44.615] [default] [info] Iteration failed on: Too many inputs/outputs for hexapod_v3_1_simplified_context_10, try to reduce number of inputs or outputs
Number of DDRs: 0
Number of inputs: 14
Number of outputs: 15

[2026-04-13 14:36:44.845] [default] [info] Iteration failed on: Automri finished with too many resources on context_11
[2026-04-13 14:36:45.037] [default] [info] Iteration failed on: Automri finished with too many resources on context_12
[2026-04-13 14:36:45.239] [default] [info] Iteration failed on: Automri finished with too many resources on context_13
[2026-04-13 14:36:45.448] [default] [info] Iteration failed on: Automri finished with too many resources on context_14
[2026-04-13 14:37:00.800] [default] [info] Iteration failed on: Too many inputs/outputs for hexapod_v3_1_simplified_context_10, try to reduce number of inputs or outputs
Number of DDRs: 0
Number of inputs: 13
Number of outputs: 14

[2026-04-13 14:37:01.019] [default] [info] Iteration failed on: Automri finished with too many resources on context_11
[2026-04-13 14:37:01.202] [default] [info] Iteration failed on: Automri finished with too many resources on context_12
[2026-04-13 14:37:01.388] [default] [info] Iteration failed on: Automri finished with too many resources on context_13
[2026-04-13 14:37:01.586] [default] [info] Iteration failed on: Automri finished with too many resources on context_14
[2026-04-13 14:37:14.297] [default] [info] Iteration failed on: Too many inputs/outputs for hexapod_v3_1_simplified_context_10, try to reduce number of inputs or outputs
Number of DDRs: 0
Number of inputs: 12
Number of outputs: 13

[2026-04-13 14:37:14.521] [default] [info] Iteration failed on: Automri finished with too many resources on context_11
[2026-04-13 14:37:14.710] [default] [info] Iteration failed on: Automri finished with too many resources on context_12
[2026-04-13 14:37:14.899] [default] [info] Iteration failed on: Automri finished with too many resources on context_13
[2026-04-13 14:37:15.098] [default] [info] Iteration failed on: Automri finished with too many resources on context_14
[2026-04-13 14:37:29.885] [default] [info] Iteration failed on: Too many inputs/outputs for hexapod_v3_1_simplified_context_10, try to reduce number of inputs or outputs
Number of DDRs: 0
Number of inputs: 11
Number of outputs: 12

[2026-04-13 14:37:30.114] [default] [info] Iteration failed on: Automri finished with too many resources on context_11
[2026-04-13 14:37:30.302] [default] [info] Iteration failed on: Automri finished with too many resources on context_12
[2026-04-13 14:37:30.489] [default] [info] Iteration failed on: Automri finished with too many resources on context_13
[2026-04-13 14:37:30.688] [default] [info] Iteration failed on: Automri finished with too many resources on context_14
[2026-04-13 14:37:42.672] [default] [info] Iteration failed on: Too many inputs/outputs for hexapod_v3_1_simplified_context_10, try to reduce number of inputs or outputs
Number of DDRs: 0
Number of inputs: 10
Number of outputs: 11

[2026-04-13 14:37:42.889] [default] [info] Iteration failed on: Automri finished with too many resources on context_11
[2026-04-13 14:37:43.075] [default] [info] Iteration failed on: Automri finished with too many resources on context_12
[2026-04-13 14:37:43.272] [default] [info] Iteration failed on: Automri finished with too many resources on context_13
[2026-04-13 14:37:43.474] [default] [info] Iteration failed on: Automri finished with too many resources on context_14
[2026-04-13 14:37:57.738] [default] [info] Iteration failed on: Too many inputs/outputs for hexapod_v3_1_simplified_context_10, try to reduce number of inputs or outputs
Number of DDRs: 0
Number of inputs: 9
Number of outputs: 10

[2026-04-13 14:37:57.950] [default] [info] Iteration failed on: Automri finished with too many resources on context_11
[2026-04-13 14:37:58.140] [default] [info] Iteration failed on: Automri finished with too many resources on context_12
[2026-04-13 14:37:58.330] [default] [info] Iteration failed on: Automri finished with too many resources on context_13
[2026-04-13 14:37:58.523] [default] [info] Iteration failed on: Automri finished with too many resources on context_14
[2026-04-13 14:37:58.719] [default] [info] Iteration failed on: Automri finished with too many resources on context_15
[2026-04-13 14:38:10.812] [default] [info] Iteration failed on: Too many inputs/outputs for hexapod_v3_1_simplified_context_11, try to reduce number of inputs or outputs
Number of DDRs: 0
Number of inputs: 30
Number of outputs: 7

[2026-04-13 14:38:11.027] [default] [info] Iteration failed on: Automri finished with too many resources on context_12
[2026-04-13 14:38:11.210] [default] [info] Iteration failed on: Automri finished with too many resources on context_13
[2026-04-13 14:38:11.394] [default] [info] Iteration failed on: Automri finished with too many resources on context_14
[2026-04-13 14:38:11.598] [default] [info] Iteration failed on: Automri finished with too many resources on context_15
[2026-04-13 14:38:23.891] [default] [info] Iteration failed on: Too many inputs/outputs for hexapod_v3_1_simplified_context_11, try to reduce number of inputs or outputs
Number of DDRs: 0
Number of inputs: 30
Number of outputs: 7

[2026-04-13 14:38:24.113] [default] [info] Iteration failed on: Automri finished with too many resources on context_12
[2026-04-13 14:38:24.304] [default] [info] Iteration failed on: Automri finished with too many resources on context_13
[2026-04-13 14:38:24.495] [default] [info] Iteration failed on: Automri finished with too many resources on context_14
[2026-04-13 14:38:24.694] [default] [info] Iteration failed on: Automri finished with too many resources on context_15
[2026-04-13 14:38:39.363] [default] [info] Iteration failed on: Too many inputs/outputs for hexapod_v3_1_simplified_context_11, try to reduce number of inputs or outputs
Number of DDRs: 0
Number of inputs: 30
Number of outputs: 5

[2026-04-13 14:38:39.583] [default] [info] Iteration failed on: Automri finished with too many resources on context_12
[2026-04-13 14:38:39.781] [default] [info] Iteration failed on: Automri finished with too many resources on context_13
[2026-04-13 14:38:39.962] [default] [info] Iteration failed on: Automri finished with too many resources on context_14
[2026-04-13 14:38:40.149] [default] [info] Iteration failed on: Automri finished with too many resources on context_15
[2026-04-13 14:38:52.493] [default] [info] Iteration failed on: Too many inputs/outputs for hexapod_v3_1_simplified_context_11, try to reduce number of inputs or outputs
Number of DDRs: 0
Number of inputs: 30
Number of outputs: 6

[2026-04-13 14:38:52.711] [default] [info] Iteration failed on: Automri finished with too many resources on context_12
[2026-04-13 14:38:52.898] [default] [info] Iteration failed on: Automri finished with too many resources on context_13
[2026-04-13 14:38:53.097] [default] [info] Iteration failed on: Automri finished with too many resources on context_14
[2026-04-13 14:38:53.292] [default] [info] Iteration failed on: Automri finished with too many resources on context_15
[2026-04-13 14:39:07.943] [default] [info] Iteration failed on: Too many inputs/outputs for hexapod_v3_1_simplified_context_11, try to reduce number of inputs or outputs
Number of DDRs: 0
Number of inputs: 28
Number of outputs: 6

[2026-04-13 14:39:08.157] [default] [info] Iteration failed on: Automri finished with too many resources on context_12
[2026-04-13 14:39:08.344] [default] [info] Iteration failed on: Automri finished with too many resources on context_13
[2026-04-13 14:39:08.534] [default] [info] Iteration failed on: Automri finished with too many resources on context_14
[2026-04-13 14:39:08.726] [default] [info] Iteration failed on: Automri finished with too many resources on context_15
[2026-04-13 14:39:21.299] [default] [info] Iteration failed on: Too many inputs/outputs for hexapod_v3_1_simplified_context_11, try to reduce number of inputs or outputs
Number of DDRs: 0
Number of inputs: 28
Number of outputs: 6

[2026-04-13 14:39:21.575] [default] [info] Iteration failed on: Automri finished with too many resources on context_12
[2026-04-13 14:39:21.774] [default] [info] Iteration failed on: Automri finished with too many resources on context_13
[2026-04-13 14:39:21.965] [default] [info] Iteration failed on: Automri finished with too many resources on context_14
[2026-04-13 14:39:22.156] [default] [info] Iteration failed on: Automri finished with too many resources on context_15
[2026-04-13 14:39:34.930] [default] [info] Iteration failed on: Too many inputs/outputs for hexapod_v3_1_simplified_context_11, try to reduce number of inputs or outputs
Number of DDRs: 0
Number of inputs: 28
Number of outputs: 6

[2026-04-13 14:39:35.164] [default] [info] Iteration failed on: Automri finished with too many resources on context_12
[2026-04-13 14:39:35.361] [default] [info] Iteration failed on: Automri finished with too many resources on context_13
[2026-04-13 14:39:35.568] [default] [info] Iteration failed on: Automri finished with too many resources on context_14
[2026-04-13 14:39:35.775] [default] [info] Iteration failed on: Automri finished with too many resources on context_15
[2026-04-13 14:39:50.727] [default] [info] Iteration failed on: Too many inputs/outputs for hexapod_v3_1_simplified_context_11, try to reduce number of inputs or outputs
Number of DDRs: 0
Number of inputs: 25
Number of outputs: 6

[2026-04-13 14:39:50.957] [default] [info] Iteration failed on: Automri finished with too many resources on context_12
[2026-04-13 14:39:51.163] [default] [info] Iteration failed on: Automri finished with too many resources on context_13
[2026-04-13 14:39:51.360] [default] [info] Iteration failed on: Automri finished with too many resources on context_14
[2026-04-13 14:39:51.554] [default] [info] Iteration failed on: Automri finished with too many resources on context_15
[2026-04-13 14:40:04.531] [default] [info] Iteration failed on: Too many inputs/outputs for hexapod_v3_1_simplified_context_11, try to reduce number of inputs or outputs
Number of DDRs: 0
Number of inputs: 25
Number of outputs: 6

[2026-04-13 14:40:04.765] [default] [info] Iteration failed on: Automri finished with too many resources on context_12
[2026-04-13 14:40:04.969] [default] [info] Iteration failed on: Automri finished with too many resources on context_13
[2026-04-13 14:40:05.169] [default] [info] Iteration failed on: Automri finished with too many resources on context_14
[2026-04-13 14:40:05.381] [default] [info] Iteration failed on: Automri finished with too many resources on context_15
[2026-04-13 14:40:20.768] [default] [info] Iteration failed on: Too many inputs/outputs for hexapod_v3_1_simplified_context_11, try to reduce number of inputs or outputs
Number of DDRs: 0
Number of inputs: 25
Number of outputs: 6

[2026-04-13 14:40:21.002] [default] [info] Iteration failed on: Automri finished with too many resources on context_12
[2026-04-13 14:40:21.220] [default] [info] Iteration failed on: Automri finished with too many resources on context_13
[2026-04-13 14:40:21.421] [default] [info] Iteration failed on: Automri finished with too many resources on context_14
[2026-04-13 14:40:21.622] [default] [info] Iteration failed on: Automri finished with too many resources on context_15
[2026-04-13 14:40:34.657] [default] [info] Iteration failed on: Too many inputs/outputs for hexapod_v3_1_simplified_context_11, try to reduce number of inputs or outputs
Number of DDRs: 0
Number of inputs: 25
Number of outputs: 9

[2026-04-13 14:40:34.902] [default] [info] Iteration failed on: Automri finished with too many resources on context_12
[2026-04-13 14:40:35.107] [default] [info] Iteration failed on: Automri finished with too many resources on context_13
[2026-04-13 14:40:35.311] [default] [info] Iteration failed on: Automri finished with too many resources on context_14
[2026-04-13 14:40:35.512] [default] [info] Iteration failed on: Automri finished with too many resources on context_15
[2026-04-13 14:40:50.842] [default] [info] Iteration failed on: Too many inputs/outputs for hexapod_v3_1_simplified_context_11, try to reduce number of inputs or outputs
Number of DDRs: 0
Number of inputs: 25
Number of outputs: 9

[2026-04-13 14:40:51.087] [default] [info] Iteration failed on: Automri finished with too many resources on context_12
[2026-04-13 14:40:51.299] [default] [info] Iteration failed on: Automri finished with too many resources on context_13
[2026-04-13 14:40:51.512] [default] [info] Iteration failed on: Automri finished with too many resources on context_14
[2026-04-13 14:40:51.738] [default] [info] Iteration failed on: Automri finished with too many resources on context_15
[2026-04-13 14:41:04.899] [default] [info] Iteration failed on: Too many inputs/outputs for hexapod_v3_1_simplified_context_11, try to reduce number of inputs or outputs
Number of DDRs: 0
Number of inputs: 25
Number of outputs: 9

[2026-04-13 14:41:05.145] [default] [info] Iteration failed on: Automri finished with too many resources on context_12
[2026-04-13 14:41:05.356] [default] [info] Iteration failed on: Automri finished with too many resources on context_13
[2026-04-13 14:41:05.569] [default] [info] Iteration failed on: Automri finished with too many resources on context_14
[2026-04-13 14:41:05.788] [default] [info] Iteration failed on: Automri finished with too many resources on context_15
[2026-04-13 14:41:18.363] [default] [info] Iteration failed on: Too many inputs/outputs for hexapod_v3_1_simplified_context_11, try to reduce number of inputs or outputs
Number of DDRs: 0
Number of inputs: 25
Number of outputs: 12

[2026-04-13 14:41:18.604] [default] [info] Iteration failed on: Automri finished with too many resources on context_12
[2026-04-13 14:41:18.820] [default] [info] Iteration failed on: Automri finished with too many resources on context_13
[2026-04-13 14:41:19.029] [default] [info] Iteration failed on: Automri finished with too many resources on context_14
[2026-04-13 14:41:19.239] [default] [info] Iteration failed on: Automri finished with too many resources on context_15
[2026-04-13 14:41:33.775] [default] [info] Iteration failed on: Too many inputs/outputs for hexapod_v3_1_simplified_context_11, try to reduce number of inputs or outputs
Number of DDRs: 0
Number of inputs: 25
Number of outputs: 12

[2026-04-13 14:41:34.024] [default] [info] Iteration failed on: Automri finished with too many resources on context_12
[2026-04-13 14:41:34.231] [default] [info] Iteration failed on: Automri finished with too many resources on context_13
[2026-04-13 14:41:34.438] [default] [info] Iteration failed on: Automri finished with too many resources on context_14
[2026-04-13 14:41:34.646] [default] [info] Iteration failed on: Automri finished with too many resources on context_15
[2026-04-13 14:41:48.175] [default] [info] Iteration failed on: Too many inputs/outputs for hexapod_v3_1_simplified_context_11, try to reduce number of inputs or outputs
Number of DDRs: 0
Number of inputs: 25
Number of outputs: 12

[2026-04-13 14:41:48.470] [default] [info] Iteration failed on: Automri finished with too many resources on context_12
[2026-04-13 14:41:48.700] [default] [info] Iteration failed on: Automri finished with too many resources on context_13
[2026-04-13 14:41:48.951] [default] [info] Iteration failed on: Automri finished with too many resources on context_14
[2026-04-13 14:42:05.256] [default] [info] Iteration failed on: Too many inputs/outputs for hexapod_v3_1_simplified_context_11, try to reduce number of inputs or outputs
Number of DDRs: 0
Number of inputs: 25
Number of outputs: 15

[2026-04-13 14:42:05.547] [default] [info] Iteration failed on: Automri finished with too many resources on context_12
[2026-04-13 14:42:05.785] [default] [info] Iteration failed on: Automri finished with too many resources on context_13
[2026-04-13 14:42:06.017] [default] [info] Iteration failed on: Automri finished with too many resources on context_14
[2026-04-13 14:42:19.484] [default] [info] Iteration failed on: Too many inputs/outputs for hexapod_v3_1_simplified_context_11, try to reduce number of inputs or outputs
Number of DDRs: 0
Number of inputs: 25
Number of outputs: 15

[2026-04-13 14:42:19.741] [default] [info] Iteration failed on: Automri finished with too many resources on context_12
[2026-04-13 14:42:19.957] [default] [info] Iteration failed on: Automri finished with too many resources on context_13
[2026-04-13 14:42:20.174] [default] [info] Iteration failed on: Automri finished with too many resources on context_14
[2026-04-13 14:42:20.391] [default] [info] Iteration failed on: Automri finished with too many resources on context_15
[2026-04-13 14:42:36.214] [default] [info] Iteration failed on: Too many inputs/outputs for hexapod_v3_1_simplified_context_11, try to reduce number of inputs or outputs
Number of DDRs: 0
Number of inputs: 25
Number of outputs: 14

[2026-04-13 14:42:36.479] [default] [info] Iteration failed on: Automri finished with too many resources on context_12
[2026-04-13 14:42:36.705] [default] [info] Iteration failed on: Automri finished with too many resources on context_13
[2026-04-13 14:42:36.930] [default] [info] Iteration failed on: Automri finished with too many resources on context_14
[2026-04-13 14:42:37.157] [default] [info] Iteration failed on: Automri finished with too many resources on context_15
[2026-04-13 14:42:50.664] [default] [info] Iteration failed on: Too many inputs/outputs for hexapod_v3_1_simplified_context_11, try to reduce number of inputs or outputs
Number of DDRs: 0
Number of inputs: 25
Number of outputs: 17

[2026-04-13 14:42:50.928] [default] [info] Iteration failed on: Automri finished with too many resources on context_12
[2026-04-13 14:42:51.159] [default] [info] Iteration failed on: Automri finished with too many resources on context_13
[2026-04-13 14:42:51.386] [default] [info] Iteration failed on: Automri finished with too many resources on context_14
[2026-04-13 14:42:51.624] [default] [info] Iteration failed on: Automri finished with too many resources on context_15
[2026-04-13 14:43:07.918] [default] [info] Iteration failed on: Too many inputs/outputs for hexapod_v3_1_simplified_context_11, try to reduce number of inputs or outputs
Number of DDRs: 0
Number of inputs: 23
Number of outputs: 16

[2026-04-13 14:43:08.194] [default] [info] Iteration failed on: Automri finished with too many resources on context_12
[2026-04-13 14:43:08.441] [default] [info] Iteration failed on: Automri finished with too many resources on context_13
[2026-04-13 14:43:08.685] [default] [info] Iteration failed on: Automri finished with too many resources on context_14
[2026-04-13 14:43:08.934] [default] [info] Iteration failed on: Automri finished with too many resources on context_15
[2026-04-13 14:43:22.431] [default] [info] Iteration failed on: Too many inputs/outputs for hexapod_v3_1_simplified_context_11, try to reduce number of inputs or outputs
Number of DDRs: 0
Number of inputs: 23
Number of outputs: 16

[2026-04-13 14:43:22.706] [default] [info] Iteration failed on: Automri finished with too many resources on context_12
[2026-04-13 14:43:22.937] [default] [info] Iteration failed on: Automri finished with too many resources on context_13
[2026-04-13 14:43:23.166] [default] [info] Iteration failed on: Automri finished with too many resources on context_14
[2026-04-13 14:43:23.396] [default] [info] Iteration failed on: Automri finished with too many resources on context_15
[2026-04-13 14:43:37.351] [default] [info] Iteration failed on: Too many inputs/outputs for hexapod_v3_1_simplified_context_11, try to reduce number of inputs or outputs
Number of DDRs: 0
Number of inputs: 22
Number of outputs: 18

[2026-04-13 14:43:37.634] [default] [info] Iteration failed on: Automri finished with too many resources on context_12
[2026-04-13 14:43:37.889] [default] [info] Iteration failed on: Automri finished with too many resources on context_13
[2026-04-13 14:43:38.150] [default] [info] Iteration failed on: Automri finished with too many resources on context_14
[2026-04-13 14:43:38.409] [default] [info] Iteration failed on: Automri finished with too many resources on context_15
[2026-04-13 14:43:54.521] [default] [info] Iteration failed on: Too many inputs/outputs for hexapod_v3_1_simplified_context_11, try to reduce number of inputs or outputs
Number of DDRs: 0
Number of inputs: 22
Number of outputs: 18

[2026-04-13 14:43:54.787] [default] [info] Iteration failed on: Automri finished with too many resources on context_12
[2026-04-13 14:43:55.030] [default] [info] Iteration failed on: Automri finished with too many resources on context_13
[2026-04-13 14:43:55.277] [default] [info] Iteration failed on: Automri finished with too many resources on context_14
[2026-04-13 14:43:55.514] [default] [info] Iteration failed on: Automri finished with too many resources on context_15
[2026-04-13 14:44:08.719] [default] [info] Iteration failed on: Too many inputs/outputs for hexapod_v3_1_simplified_context_11, try to reduce number of inputs or outputs
Number of DDRs: 0
Number of inputs: 22
Number of outputs: 18

[2026-04-13 14:44:08.988] [default] [info] Iteration failed on: Automri finished with too many resources on context_12
[2026-04-13 14:44:09.240] [default] [info] Iteration failed on: Automri finished with too many resources on context_13
[2026-04-13 14:44:09.477] [default] [info] Iteration failed on: Automri finished with too many resources on context_14
[2026-04-13 14:44:09.715] [default] [info] Iteration failed on: Automri finished with too many resources on context_15
[2026-04-13 14:44:09.961] [default] [info] Iteration failed on: Automri finished with too many resources on context_15
[2026-04-13 14:44:26.929] [default] [info] Iteration failed on: Too many inputs/outputs for hexapod_v3_1_simplified_context_11, try to reduce number of inputs or outputs
Number of DDRs: 0
Number of inputs: 21
Number of outputs: 20

[2026-04-13 14:44:27.196] [default] [info] Iteration failed on: Automri finished with too many resources on context_12
[2026-04-13 14:44:27.451] [default] [info] Iteration failed on: Automri finished with too many resources on context_13
[2026-04-13 14:44:40.726] [default] [info] Iteration failed on: Too many inputs/outputs for hexapod_v3_1_simplified_context_11, try to reduce number of inputs or outputs
Number of DDRs: 0
Number of inputs: 21
Number of outputs: 20

[2026-04-13 14:44:41.006] [default] [info] Iteration failed on: Automri finished with too many resources on context_12
[2026-04-13 14:44:41.271] [default] [info] Iteration failed on: Automri finished with too many resources on context_13
[2026-04-13 14:44:41.537] [default] [info] Iteration failed on: Automri finished with too many resources on context_14
[2026-04-13 14:44:57.935] [default] [info] Iteration failed on: Too many inputs/outputs for hexapod_v3_1_simplified_context_11, try to reduce number of inputs or outputs
Number of DDRs: 0
Number of inputs: 21
Number of outputs: 21

[2026-04-13 14:44:58.223] [default] [info] Iteration failed on: Automri finished with too many resources on context_12
[2026-04-13 14:44:58.488] [default] [info] Iteration failed on: Automri finished with too many resources on context_13
[2026-04-13 14:44:58.740] [default] [info] Iteration failed on: Automri finished with too many resources on context_14
[2026-04-13 14:45:12.526] [default] [info] Iteration failed on: Too many inputs/outputs for hexapod_v3_1_simplified_context_11, try to reduce number of inputs or outputs
Number of DDRs: 0
Number of inputs: 21
Number of outputs: 21

[2026-04-13 14:45:12.819] [default] [info] Iteration failed on: Automri finished with too many resources on context_12
[2026-04-13 14:45:13.069] [default] [info] Iteration failed on: Automri finished with too many resources on context_13
[2026-04-13 14:45:13.321] [default] [info] Iteration failed on: Automri finished with too many resources on context_14
[2026-04-13 14:45:13.583] [default] [info] Iteration failed on: Automri finished with too many resources on context_15
[2026-04-13 14:45:13.848] [default] [info] Iteration failed on: Automri finished with too many resources on context_15
[2026-04-13 14:45:30.440] [default] [info] Iteration failed on: Too many inputs/outputs for hexapod_v3_1_simplified_context_11, try to reduce number of inputs or outputs
Number of DDRs: 0
Number of inputs: 21
Number of outputs: 21

[2026-04-13 14:45:30.746] [default] [info] Iteration failed on: Automri finished with too many resources on context_12
[2026-04-13 14:45:31.040] [default] [info] Iteration failed on: Automri finished with too many resources on context_13
[2026-04-13 14:45:47.528] [default] [info] Iteration failed on: Too many inputs/outputs for hexapod_v3_1_simplified_context_11, try to reduce number of inputs or outputs
Number of DDRs: 0
Number of inputs: 21
Number of outputs: 21

[2026-04-13 14:45:47.834] [default] [info] Iteration failed on: Automri finished with too many resources on context_12
[2026-04-13 14:45:48.112] [default] [info] Iteration failed on: Automri finished with too many resources on context_13
[2026-04-13 14:45:48.408] [default] [info] Iteration failed on: Automri finished with too many resources on context_14
[2026-04-13 14:45:48.686] [default] [info] Iteration failed on: Automri finished with too many resources on context_15
[2026-04-13 14:46:05.593] [default] [info] Iteration failed on: Too many inputs/outputs for hexapod_v3_1_simplified_context_11, try to reduce number of inputs or outputs
Number of DDRs: 0
Number of inputs: 21
Number of outputs: 21

[2026-04-13 14:46:05.884] [default] [info] Iteration failed on: Automri finished with too many resources on context_12
[2026-04-13 14:46:06.152] [default] [info] Iteration failed on: Automri finished with too many resources on context_13
[2026-04-13 14:46:06.424] [default] [info] Iteration failed on: Automri finished with too many resources on context_14
[2026-04-13 14:46:06.693] [default] [info] Iteration failed on: Automri finished with too many resources on context_15
[2026-04-13 14:46:20.793] [default] [info] Iteration failed on: Too many inputs/outputs for hexapod_v3_1_simplified_context_11, try to reduce number of inputs or outputs
Number of DDRs: 0
Number of inputs: 21
Number of outputs: 21

[2026-04-13 14:46:21.073] [default] [info] Iteration failed on: Automri finished with too many resources on context_12
[2026-04-13 14:46:21.331] [default] [info] Iteration failed on: Automri finished with too many resources on context_13
[2026-04-13 14:46:21.600] [default] [info] Iteration failed on: Automri finished with too many resources on context_14
[2026-04-13 14:46:21.853] [default] [info] Iteration failed on: Automri finished with too many resources on context_15
[2026-04-13 14:46:38.820] [default] [info] Iteration failed on: Too many inputs/outputs for hexapod_v3_1_simplified_context_11, try to reduce number of inputs or outputs
Number of DDRs: 0
Number of inputs: 21
Number of outputs: 20

[2026-04-13 14:46:39.110] [default] [info] Iteration failed on: Automri finished with too many resources on context_12
[2026-04-13 14:46:39.379] [default] [info] Iteration failed on: Automri finished with too many resources on context_13
[2026-04-13 14:46:39.649] [default] [info] Iteration failed on: Automri finished with too many resources on context_14
[2026-04-13 14:46:39.907] [default] [info] Iteration failed on: Automri finished with too many resources on context_15
[2026-04-13 14:46:40.129] [default] [info] Iteration failed on: Automri finished with too many resources on context_15
[2026-04-13 14:46:56.951] [default] [info] Iteration failed on: Too many inputs/outputs for hexapod_v3_1_simplified_context_11, try to reduce number of inputs or outputs
Number of DDRs: 0
Number of inputs: 21
Number of outputs: 20

[2026-04-13 14:46:57.210] [default] [info] Iteration failed on: Automri finished with too many resources on context_12
[2026-04-13 14:46:57.436] [default] [info] Iteration failed on: Automri finished with too many resources on context_13
[2026-04-13 14:47:14.227] [default] [info] Iteration failed on: Too many inputs/outputs for hexapod_v3_1_simplified_context_11, try to reduce number of inputs or outputs
Number of DDRs: 0
Number of inputs: 20
Number of outputs: 20

[2026-04-13 14:47:14.486] [default] [info] Iteration failed on: Automri finished with too many resources on context_12
[2026-04-13 14:47:14.714] [default] [info] Iteration failed on: Automri finished with too many resources on context_13
[2026-04-13 14:47:14.934] [default] [info] Iteration failed on: Automri finished with too many resources on context_14
[2026-04-13 14:47:15.152] [default] [info] Iteration failed on: Automri finished with too many resources on context_15
[2026-04-13 14:47:29.127] [default] [info] Iteration failed on: Too many inputs/outputs for hexapod_v3_1_simplified_context_11, try to reduce number of inputs or outputs
Number of DDRs: 0
Number of inputs: 20
Number of outputs: 20

[2026-04-13 14:47:29.372] [default] [info] Iteration failed on: Automri finished with too many resources on context_12
[2026-04-13 14:47:29.599] [default] [info] Iteration failed on: Automri finished with too many resources on context_13
[2026-04-13 14:47:57.882] [default] [info] Iteration failed on: Too many inputs/outputs for hexapod_v3_1_simplified_context_11, try to reduce number of inputs or outputs
Number of DDRs: 0
Number of inputs: 20
Number of outputs: 20

[2026-04-13 14:47:58.135] [default] [info] Iteration failed on: Automri finished with too many resources on context_12
[2026-04-13 14:47:58.364] [default] [info] Iteration failed on: Automri finished with too many resources on context_13
[2026-04-13 14:47:58.587] [default] [info] Iteration failed on: Automri finished with too many resources on context_14
[2026-04-13 14:47:58.803] [default] [info] Iteration failed on: Automri finished with too many resources on context_15
[2026-04-13 14:48:13.641] [default] [info] Iteration failed on: Too many inputs/outputs for hexapod_v3_1_simplified_context_11, try to reduce number of inputs or outputs
Number of DDRs: 0
Number of inputs: 20
Number of outputs: 20

[2026-04-13 14:48:13.913] [default] [info] Iteration failed on: Automri finished with too many resources on context_12
[2026-04-13 14:48:32.709] [default] [info] Iteration failed on: Too many inputs/outputs for hexapod_v3_1_simplified_context_11, try to reduce number of inputs or outputs
Number of DDRs: 0
Number of inputs: 20
Number of outputs: 21

[2026-04-13 14:48:32.951] [default] [info] Iteration failed on: Automri finished with too many resources on context_12
[2026-04-13 14:48:33.174] [default] [info] Iteration failed on: Automri finished with too many resources on context_13
[2026-04-13 14:48:33.392] [default] [info] Iteration failed on: Automri finished with too many resources on context_14
[2026-04-13 14:48:33.607] [default] [info] Iteration failed on: Automri finished with too many resources on context_15
[2026-04-13 14:48:47.948] [default] [info] Iteration failed on: Too many inputs/outputs for hexapod_v3_1_simplified_context_11, try to reduce number of inputs or outputs
Number of DDRs: 0
Number of inputs: 20
Number of outputs: 21

[2026-04-13 14:48:48.211] [default] [info] Iteration failed on: Automri finished with too many resources on context_12
[2026-04-13 14:48:48.451] [default] [info] Iteration failed on: Automri finished with too many resources on context_13
[2026-04-13 14:48:48.695] [default] [info] Iteration failed on: Automri finished with too many resources on context_14
[2026-04-13 14:48:48.932] [default] [info] Iteration failed on: Automri finished with too many resources on context_15
[2026-04-13 14:49:06.733] [default] [info] Iteration failed on: Too many inputs/outputs for hexapod_v3_1_simplified_context_11, try to reduce number of inputs or outputs
Number of DDRs: 0
Number of inputs: 20
Number of outputs: 21

[2026-04-13 14:49:06.985] [default] [info] Iteration failed on: Automri finished with too many resources on context_12
[2026-04-13 14:49:07.223] [default] [info] Iteration failed on: Automri finished with too many resources on context_13
[2026-04-13 14:49:07.455] [default] [info] Iteration failed on: Automri finished with too many resources on context_14
[2026-04-13 14:49:07.680] [default] [info] Iteration failed on: Automri finished with too many resources on context_15
[2026-04-13 14:49:43.814] [default] [info] Iteration failed on: Too many inputs/outputs for hexapod_v3_1_simplified_context_11, try to reduce number of inputs or outputs
Number of DDRs: 0
Number of inputs: 20
Number of outputs: 21

[2026-04-13 14:49:44.062] [default] [info] Iteration failed on: Automri finished with too many resources on context_12
[2026-04-13 14:49:44.291] [default] [info] Iteration failed on: Automri finished with too many resources on context_13
[2026-04-13 14:49:44.507] [default] [info] Iteration failed on: Automri finished with too many resources on context_14
[2026-04-13 14:49:44.724] [default] [info] Iteration failed on: Automri finished with too many resources on context_15
[2026-04-13 14:50:03.568] [default] [info] Iteration failed on: Too many inputs/outputs for hexapod_v3_1_simplified_context_11, try to reduce number of inputs or outputs
Number of DDRs: 0
Number of inputs: 20
Number of outputs: 21

[2026-04-13 14:50:03.823] [default] [info] Iteration failed on: Automri finished with too many resources on context_12
[2026-04-13 14:50:04.058] [default] [info] Iteration failed on: Automri finished with too many resources on context_13
[2026-04-13 14:50:04.279] [default] [info] Iteration failed on: Automri finished with too many resources on context_14
[2026-04-13 14:50:04.506] [default] [info] Iteration failed on: Automri finished with too many resources on context_15
[2026-04-13 14:50:18.745] [default] [info] Iteration failed on: Too many inputs/outputs for hexapod_v3_1_simplified_context_11, try to reduce number of inputs or outputs
Number of DDRs: 0
Number of inputs: 20
Number of outputs: 20

[2026-04-13 14:50:19.006] [default] [info] Iteration failed on: Automri finished with too many resources on context_12
[2026-04-13 14:50:19.228] [default] [info] Iteration failed on: Automri finished with too many resources on context_13
[2026-04-13 14:50:19.446] [default] [info] Iteration failed on: Automri finished with too many resources on context_14
[2026-04-13 14:50:19.666] [default] [info] Iteration failed on: Automri finished with too many resources on context_15
[2026-04-13 14:50:36.229] [default] [info] Iteration failed on: Too many inputs/outputs for hexapod_v3_1_simplified_context_11, try to reduce number of inputs or outputs
Number of DDRs: 0
Number of inputs: 20
Number of outputs: 20

[2026-04-13 14:50:36.484] [default] [info] Iteration failed on: Automri finished with too many resources on context_12
[2026-04-13 14:50:36.726] [default] [info] Iteration failed on: Automri finished with too many resources on context_13
[2026-04-13 14:50:36.966] [default] [info] Iteration failed on: Automri finished with too many resources on context_14
[2026-04-13 14:50:37.196] [default] [info] Iteration failed on: Automri finished with too many resources on context_15
[2026-04-13 14:50:51.585] [default] [info] Iteration failed on: Too many inputs/outputs for hexapod_v3_1_simplified_context_11, try to reduce number of inputs or outputs
Number of DDRs: 0
Number of inputs: 20
Number of outputs: 20

[2026-04-13 14:50:51.841] [default] [info] Iteration failed on: Automri finished with too many resources on context_12
[2026-04-13 14:50:52.078] [default] [info] Iteration failed on: Automri finished with too many resources on context_13
[2026-04-13 14:50:52.304] [default] [info] Iteration failed on: Automri finished with too many resources on context_14
[2026-04-13 14:50:52.529] [default] [info] Iteration failed on: Automri finished with too many resources on context_15
[2026-04-13 14:51:06.886] [default] [info] Iteration failed on: Too many inputs/outputs for hexapod_v3_1_simplified_context_11, try to reduce number of inputs or outputs
Number of DDRs: 0
Number of inputs: 20
Number of outputs: 20

[2026-04-13 14:51:09.463] [default] [info] Iteration failed on: Automri finished with too many resources on context_12
[2026-04-13 14:51:09.715] [default] [info] Iteration failed on: Automri finished with too many resources on context_13
[2026-04-13 14:51:09.977] [default] [info] Iteration failed on: Automri finished with too many resources on context_14
[2026-04-13 14:51:10.227] [default] [info] Iteration failed on: Automri finished with too many resources on context_15
[2026-04-13 14:51:24.568] [default] [info] Iteration failed on: Too many inputs/outputs for hexapod_v3_1_simplified_context_11, try to reduce number of inputs or outputs
Number of DDRs: 0
Number of inputs: 19
Number of outputs: 20

[2026-04-13 14:51:24.818] [default] [info] Iteration failed on: Automri finished with too many resources on context_12
[2026-04-13 14:51:25.048] [default] [info] Iteration failed on: Automri finished with too many resources on context_13
[2026-04-13 14:51:25.266] [default] [info] Iteration failed on: Automri finished with too many resources on context_14
[2026-04-13 14:51:25.482] [default] [info] Iteration failed on: Automri finished with too many resources on context_15
[2026-04-13 14:51:39.823] [default] [info] Iteration failed on: Too many inputs/outputs for hexapod_v3_1_simplified_context_11, try to reduce number of inputs or outputs
Number of DDRs: 0
Number of inputs: 19
Number of outputs: 20

[2026-04-13 14:51:40.100] [default] [info] Iteration failed on: Automri finished with too many resources on context_12
[2026-04-13 14:51:40.345] [default] [info] Iteration failed on: Automri finished with too many resources on context_13
[2026-04-13 14:51:40.584] [default] [info] Iteration failed on: Automri finished with too many resources on context_14
[2026-04-13 14:51:40.815] [default] [info] Iteration failed on: Automri finished with too many resources on context_15
[2026-04-13 14:51:58.041] [default] [info] Iteration failed on: Too many inputs/outputs for hexapod_v3_1_simplified_context_11, try to reduce number of inputs or outputs
Number of DDRs: 0
Number of inputs: 19
Number of outputs: 20

[2026-04-13 14:51:58.314] [default] [info] Iteration failed on: Automri finished with too many resources on context_12
[2026-04-13 14:51:58.551] [default] [info] Iteration failed on: Automri finished with too many resources on context_13
[2026-04-13 14:51:58.797] [default] [info] Iteration failed on: Automri finished with too many resources on context_14
[2026-04-13 14:51:59.033] [default] [info] Iteration failed on: Automri finished with too many resources on context_15
[2026-04-13 14:52:12.927] [default] [info] Iteration failed on: Too many inputs/outputs for hexapod_v3_1_simplified_context_11, try to reduce number of inputs or outputs
Number of DDRs: 0
Number of inputs: 19
Number of outputs: 20

[2026-04-13 14:52:13.193] [default] [info] Iteration failed on: Automri finished with too many resources on context_12
[2026-04-13 14:52:13.432] [default] [info] Iteration failed on: Automri finished with too many resources on context_13
[2026-04-13 14:52:13.674] [default] [info] Iteration failed on: Automri finished with too many resources on context_14
[2026-04-13 14:52:13.898] [default] [info] Iteration failed on: Automri finished with too many resources on context_15
[2026-04-13 14:52:31.650] [default] [info] Iteration failed on: Too many inputs/outputs for hexapod_v3_1_simplified_context_11, try to reduce number of inputs or outputs
Number of DDRs: 0
Number of inputs: 19
Number of outputs: 20

[2026-04-13 14:52:31.938] [default] [info] Iteration failed on: Automri finished with too many resources on context_12
[2026-04-13 14:52:32.202] [default] [info] Iteration failed on: Automri finished with too many resources on context_13
[2026-04-13 14:52:32.446] [default] [info] Iteration failed on: Automri finished with too many resources on context_14
[2026-04-13 14:52:32.676] [default] [info] Iteration failed on: Automri finished with too many resources on context_15
[2026-04-13 14:52:47.063] [default] [info] Iteration failed on: Too many inputs/outputs for hexapod_v3_1_simplified_context_11, try to reduce number of inputs or outputs
Number of DDRs: 0
Number of inputs: 19
Number of outputs: 20

[2026-04-13 14:52:47.328] [default] [info] Iteration failed on: Automri finished with too many resources on context_12
[2026-04-13 14:52:47.571] [default] [info] Iteration failed on: Automri finished with too many resources on context_13
[2026-04-13 14:52:47.814] [default] [info] Iteration failed on: Automri finished with too many resources on context_14
[2026-04-13 14:52:48.044] [default] [info] Iteration failed on: Automri finished with too many resources on context_15
[2026-04-13 14:53:11.617] [default] [info] Iteration failed on: Too many inputs/outputs for hexapod_v3_1_simplified_context_11, try to reduce number of inputs or outputs
Number of DDRs: 0
Number of inputs: 19
Number of outputs: 20

[2026-04-13 14:53:11.873] [default] [info] Iteration failed on: Automri finished with too many resources on context_12
[2026-04-13 14:53:12.105] [default] [info] Iteration failed on: Automri finished with too many resources on context_13
[2026-04-13 14:53:12.335] [default] [info] Iteration failed on: Automri finished with too many resources on context_14
[2026-04-13 14:53:12.551] [default] [info] Iteration failed on: Automri finished with too many resources on context_15
[2026-04-13 14:53:29.684] [default] [info] Iteration failed on: Too many inputs/outputs for hexapod_v3_1_simplified_context_11, try to reduce number of inputs or outputs
Number of DDRs: 0
Number of inputs: 19
Number of outputs: 20

[2026-04-13 14:53:29.943] [default] [info] Iteration failed on: Automri finished with too many resources on context_12
[2026-04-13 14:53:30.170] [default] [info] Iteration failed on: Automri finished with too many resources on context_13
[2026-04-13 14:53:30.393] [default] [info] Iteration failed on: Automri finished with too many resources on context_14
[2026-04-13 14:53:30.609] [default] [info] Iteration failed on: Automri finished with too many resources on context_14
[2026-04-13 14:53:30.835] [default] [info] Iteration failed on: Automri finished with too many resources on context_15
[2026-04-13 14:53:31.067] [default] [info] Iteration failed on: Automri finished with too many resources on context_15
[2026-04-13 14:53:44.618] [default] [info] Iteration failed on: Too many inputs/outputs for hexapod_v3_1_simplified_context_11, try to reduce number of inputs or outputs
Number of DDRs: 0
Number of inputs: 19
Number of outputs: 19

[2026-04-13 14:53:44.866] [default] [info] Iteration failed on: Automri finished with too many resources on context_12
[2026-04-13 14:54:02.904] [default] [info] Iteration failed on: Too many inputs/outputs for hexapod_v3_1_simplified_context_11, try to reduce number of inputs or outputs
Number of DDRs: 0
Number of inputs: 18
Number of outputs: 19

[2026-04-13 14:54:03.164] [default] [info] Iteration failed on: Automri finished with too many resources on context_12
[2026-04-13 14:54:03.394] [default] [info] Iteration failed on: Automri finished with too many resources on context_13
[2026-04-13 14:54:03.616] [default] [info] Iteration failed on: Automri finished with too many resources on context_14
[2026-04-13 14:54:03.831] [default] [info] Iteration failed on: Automri finished with too many resources on context_15
[2026-04-13 14:54:17.265] [default] [info] Iteration failed on: Too many inputs/outputs for hexapod_v3_1_simplified_context_11, try to reduce number of inputs or outputs
Number of DDRs: 0
Number of inputs: 18
Number of outputs: 19

[2026-04-13 14:54:17.517] [default] [info] Iteration failed on: Automri finished with too many resources on context_12
[2026-04-13 14:54:17.752] [default] [info] Iteration failed on: Automri finished with too many resources on context_13
[2026-04-13 14:54:17.973] [default] [info] Iteration failed on: Automri finished with too many resources on context_14
[2026-04-13 14:54:18.190] [default] [info] Iteration failed on: Automri finished with too many resources on context_15
[2026-04-13 14:54:31.496] [default] [info] Iteration failed on: Too many inputs/outputs for hexapod_v3_1_simplified_context_11, try to reduce number of inputs or outputs
Number of DDRs: 0
Number of inputs: 17
Number of outputs: 18

[2026-04-13 14:54:31.750] [default] [info] Iteration failed on: Automri finished with too many resources on context_12
[2026-04-13 14:54:31.986] [default] [info] Iteration failed on: Automri finished with too many resources on context_13
[2026-04-13 14:54:32.207] [default] [info] Iteration failed on: Automri finished with too many resources on context_14
[2026-04-13 14:54:32.415] [default] [info] Iteration failed on: Automri finished with too many resources on context_15
[2026-04-13 14:54:48.900] [default] [info] Iteration failed on: Too many inputs/outputs for hexapod_v3_1_simplified_context_11, try to reduce number of inputs or outputs
Number of DDRs: 0
Number of inputs: 16
Number of outputs: 17

[2026-04-13 14:54:49.159] [default] [info] Iteration failed on: Automri finished with too many resources on context_12
[2026-04-13 14:54:49.389] [default] [info] Iteration failed on: Automri finished with too many resources on context_13
[2026-04-13 14:54:49.624] [default] [info] Iteration failed on: Automri finished with too many resources on context_14
[2026-04-13 14:54:49.840] [default] [info] Iteration failed on: Automri finished with too many resources on context_15
[2026-04-13 14:55:14.367] [default] [info] Iteration failed on: Too many inputs/outputs for hexapod_v3_1_simplified_context_11, try to reduce number of inputs or outputs
Number of DDRs: 0
Number of inputs: 14
Number of outputs: 16

[2026-04-13 14:55:14.626] [default] [info] Iteration failed on: Automri finished with too many resources on context_12
[2026-04-13 14:55:14.848] [default] [info] Iteration failed on: Automri finished with too many resources on context_13
[2026-04-13 14:55:15.077] [default] [info] Iteration failed on: Automri finished with too many resources on context_14
[2026-04-13 14:55:15.301] [default] [info] Iteration failed on: Automri finished with too many resources on context_15
[2026-04-13 14:55:29.825] [default] [info] Iteration failed on: Too many inputs/outputs for hexapod_v3_1_simplified_context_11, try to reduce number of inputs or outputs
Number of DDRs: 0
Number of inputs: 13
Number of outputs: 15

[2026-04-13 14:55:30.074] [default] [info] Iteration failed on: Automri finished with too many resources on context_12
[2026-04-13 14:55:30.300] [default] [info] Iteration failed on: Automri finished with too many resources on context_13
[2026-04-13 14:55:30.533] [default] [info] Iteration failed on: Automri finished with too many resources on context_14
[2026-04-13 14:55:30.749] [default] [info] Iteration failed on: Automri finished with too many resources on context_15
[2026-04-13 14:55:49.498] [default] [info] Iteration failed on: Too many inputs/outputs for hexapod_v3_1_simplified_context_11, try to reduce number of inputs or outputs
Number of DDRs: 0
Number of inputs: 12
Number of outputs: 14

[2026-04-13 14:55:49.740] [default] [info] Iteration failed on: Automri finished with too many resources on context_12
[2026-04-13 14:55:49.955] [default] [info] Iteration failed on: Automri finished with too many resources on context_13
[2026-04-13 14:55:50.174] [default] [info] Iteration failed on: Automri finished with too many resources on context_14
[2026-04-13 14:55:50.389] [default] [info] Iteration failed on: Automri finished with too many resources on context_15
[2026-04-13 14:58:14.362] [default] [info] Iteration failed on: Too many inputs/outputs for hexapod_v3_1_simplified_context_11, try to reduce number of inputs or outputs
Number of DDRs: 0
Number of inputs: 11
Number of outputs: 13

[2026-04-13 14:58:14.591] [default] [info] Iteration failed on: Automri finished with too many resources on context_12
[2026-04-13 14:58:14.793] [default] [info] Iteration failed on: Automri finished with too many resources on context_13
[2026-04-13 14:58:14.992] [default] [info] Iteration failed on: Automri finished with too many resources on context_14
[2026-04-13 14:58:15.187] [default] [info] Iteration failed on: Automri finished with too many resources on context_15
[2026-04-13 14:58:30.338] [default] [info] Iteration failed on: Too many inputs/outputs for hexapod_v3_1_simplified_context_11, try to reduce number of inputs or outputs
Number of DDRs: 0
Number of inputs: 10
Number of outputs: 12

[2026-04-13 14:58:30.577] [default] [info] Iteration failed on: Automri finished with too many resources on context_12
[2026-04-13 14:58:30.790] [default] [info] Iteration failed on: Automri finished with too many resources on context_13
[2026-04-13 14:58:30.999] [default] [info] Iteration failed on: Automri finished with too many resources on context_14
[2026-04-13 14:58:31.200] [default] [info] Iteration failed on: Automri finished with too many resources on context_15
[2026-04-13 14:58:47.427] [default] [info] Iteration failed on: Too many inputs/outputs for hexapod_v3_1_simplified_context_11, try to reduce number of inputs or outputs
Number of DDRs: 0
Number of inputs: 9
Number of outputs: 11

[2026-04-13 14:58:47.657] [default] [info] Iteration failed on: Automri finished with too many resources on context_12
[2026-04-13 14:58:47.855] [default] [info] Iteration failed on: Automri finished with too many resources on context_13
[2026-04-13 14:58:48.065] [default] [info] Iteration failed on: Automri finished with too many resources on context_14
[2026-04-13 14:58:48.260] [default] [info] Iteration failed on: Automri finished with too many resources on context_15
[2026-04-13 14:59:02.531] [default] [info] Iteration failed on: Too many inputs/outputs for hexapod_v3_1_simplified_context_11, try to reduce number of inputs or outputs
Number of DDRs: 0
Number of inputs: 9
Number of outputs: 10

[2026-04-13 14:59:02.771] [default] [info] Iteration failed on: Automri finished with too many resources on context_12
[2026-04-13 14:59:02.981] [default] [info] Iteration failed on: Automri finished with too many resources on context_13
[2026-04-13 14:59:03.190] [default] [info] Iteration failed on: Automri finished with too many resources on context_14
[2026-04-13 14:59:03.395] [default] [info] Iteration failed on: Automri finished with too many resources on context_15
[2026-04-13 14:59:18.880] [default] [info] Iteration failed on: Too many inputs/outputs for hexapod_v3_1_simplified_context_11, try to reduce number of inputs or outputs
Number of DDRs: 0
Number of inputs: 9
Number of outputs: 9

[2026-04-13 14:59:19.121] [default] [info] Iteration failed on: Automri finished with too many resources on context_12
[2026-04-13 14:59:19.329] [default] [info] Iteration failed on: Automri finished with too many resources on context_13
[2026-04-13 14:59:19.541] [default] [info] Iteration failed on: Automri finished with too many resources on context_14
[2026-04-13 14:59:19.765] [default] [info] Iteration failed on: Automri finished with too many resources on context_15
[2026-04-13 14:59:32.301] [default] [info] Iteration failed on: Too many inputs/outputs for hexapod_v3_1_simplified_context_11, try to reduce number of inputs or outputs
Number of DDRs: 0
Number of inputs: 9
Number of outputs: 8

[2026-04-13 14:59:32.539] [default] [info] Iteration failed on: Automri finished with too many resources on context_12
[2026-04-13 14:59:32.747] [default] [info] Iteration failed on: Automri finished with too many resources on context_13
[2026-04-13 14:59:32.953] [default] [info] Iteration failed on: Automri finished with too many resources on context_14
[2026-04-13 14:59:33.166] [default] [info] Iteration failed on: Automri finished with too many resources on context_15
[2026-04-13 14:59:48.032] [default] [info] Iteration failed on: Too many inputs/outputs for hexapod_v3_1_simplified_context_12, try to reduce number of inputs or outputs
Number of DDRs: 0
Number of inputs: 31
Number of outputs: 9

[2026-04-13 14:59:48.265] [default] [info] Iteration failed on: Automri finished with too many resources on context_13
[2026-04-13 14:59:48.475] [default] [info] Iteration failed on: Automri finished with too many resources on context_14
[2026-04-13 14:59:48.685] [default] [info] Iteration failed on: Automri finished with too many resources on context_15
[2026-04-13 15:00:02.177] [default] [info] Iteration failed on: Too many inputs/outputs for hexapod_v3_1_simplified_context_12, try to reduce number of inputs or outputs
Number of DDRs: 0
Number of inputs: 31
Number of outputs: 9

[2026-04-13 15:00:02.412] [default] [info] Iteration failed on: Automri finished with too many resources on context_13
[2026-04-13 15:00:02.619] [default] [info] Iteration failed on: Automri finished with too many resources on context_14
[2026-04-13 15:00:02.831] [default] [info] Iteration failed on: Automri finished with too many resources on context_15
[2026-04-13 15:00:16.334] [default] [info] Iteration failed on: Too many inputs/outputs for hexapod_v3_1_simplified_context_12, try to reduce number of inputs or outputs
Number of DDRs: 0
Number of inputs: 31
Number of outputs: 8

[2026-04-13 15:00:16.573] [default] [info] Iteration failed on: Automri finished with too many resources on context_13
[2026-04-13 15:00:16.779] [default] [info] Iteration failed on: Automri finished with too many resources on context_14
[2026-04-13 15:00:16.988] [default] [info] Iteration failed on: Automri finished with too many resources on context_15
[2026-04-13 15:00:32.500] [default] [info] Iteration failed on: Too many inputs/outputs for hexapod_v3_1_simplified_context_12, try to reduce number of inputs or outputs
Number of DDRs: 0
Number of inputs: 31
Number of outputs: 8

[2026-04-13 15:00:32.741] [default] [info] Iteration failed on: Automri finished with too many resources on context_13
[2026-04-13 15:00:32.956] [default] [info] Iteration failed on: Automri finished with too many resources on context_14
[2026-04-13 15:00:33.160] [default] [info] Iteration failed on: Automri finished with too many resources on context_15
[2026-04-13 15:00:46.392] [default] [info] Iteration failed on: Too many inputs/outputs for hexapod_v3_1_simplified_context_12, try to reduce number of inputs or outputs
Number of DDRs: 0
Number of inputs: 31
Number of outputs: 7

[2026-04-13 15:00:46.627] [default] [info] Iteration failed on: Automri finished with too many resources on context_13
[2026-04-13 15:00:46.840] [default] [info] Iteration failed on: Automri finished with too many resources on context_14
[2026-04-13 15:00:47.052] [default] [info] Iteration failed on: Automri finished with too many resources on context_15
[2026-04-13 15:01:02.135] [default] [info] Iteration failed on: Too many inputs/outputs for hexapod_v3_1_simplified_context_12, try to reduce number of inputs or outputs
Number of DDRs: 0
Number of inputs: 31
Number of outputs: 6

[2026-04-13 15:01:02.374] [default] [info] Iteration failed on: Automri finished with too many resources on context_13
[2026-04-13 15:01:02.585] [default] [info] Iteration failed on: Automri finished with too many resources on context_14
[2026-04-13 15:01:02.791] [default] [info] Iteration failed on: Automri finished with too many resources on context_15
[2026-04-13 15:01:15.686] [default] [info] Iteration failed on: Too many inputs/outputs for hexapod_v3_1_simplified_context_12, try to reduce number of inputs or outputs
Number of DDRs: 0
Number of inputs: 31
Number of outputs: 6

[2026-04-13 15:01:15.924] [default] [info] Iteration failed on: Automri finished with too many resources on context_13
[2026-04-13 15:01:16.133] [default] [info] Iteration failed on: Automri finished with too many resources on context_14
[2026-04-13 15:01:16.346] [default] [info] Iteration failed on: Automri finished with too many resources on context_15
[2026-04-13 15:01:16.557] [default] [info] Iteration failed on: Automri finished with too many resources on context_16
[2026-04-13 15:01:32.031] [default] [info] Iteration failed on: Too many inputs/outputs for hexapod_v3_1_simplified_context_12, try to reduce number of inputs or outputs
Number of DDRs: 0
Number of inputs: 31
Number of outputs: 7

[2026-04-13 15:01:32.288] [default] [info] Iteration failed on: Automri finished with too many resources on context_13
[2026-04-13 15:01:32.508] [default] [info] Iteration failed on: Automri finished with too many resources on context_14
[2026-04-13 15:01:32.719] [default] [info] Iteration failed on: Automri finished with too many resources on context_15
[2026-04-13 15:01:32.932] [default] [info] Iteration failed on: Automri finished with too many resources on context_16
[2026-04-13 15:01:46.377] [default] [info] Iteration failed on: Too many inputs/outputs for hexapod_v3_1_simplified_context_12, try to reduce number of inputs or outputs
Number of DDRs: 0
Number of inputs: 31
Number of outputs: 7

[2026-04-13 15:01:46.619] [default] [info] Iteration failed on: Automri finished with too many resources on context_13
[2026-04-13 15:01:46.829] [default] [info] Iteration failed on: Automri finished with too many resources on context_14
[2026-04-13 15:01:47.029] [default] [info] Iteration failed on: Automri finished with too many resources on context_15
[2026-04-13 15:01:47.232] [default] [info] Iteration failed on: Automri finished with too many resources on context_16
[2026-04-13 15:02:00.982] [default] [info] Iteration failed on: Too many inputs/outputs for hexapod_v3_1_simplified_context_12, try to reduce number of inputs or outputs
Number of DDRs: 0
Number of inputs: 31
Number of outputs: 5

[2026-04-13 15:02:01.219] [default] [info] Iteration failed on: Automri finished with too many resources on context_13
[2026-04-13 15:02:01.434] [default] [info] Iteration failed on: Automri finished with too many resources on context_14
[2026-04-13 15:02:01.668] [default] [info] Iteration failed on: Automri finished with too many resources on context_15
[2026-04-13 15:02:01.902] [default] [info] Iteration failed on: Automri finished with too many resources on context_16
[2026-04-13 15:02:17.828] [default] [info] Iteration failed on: Too many inputs/outputs for hexapod_v3_1_simplified_context_12, try to reduce number of inputs or outputs
Number of DDRs: 0
Number of inputs: 31
Number of outputs: 6

[2026-04-13 15:02:18.068] [default] [info] Iteration failed on: Automri finished with too many resources on context_13
[2026-04-13 15:02:18.274] [default] [info] Iteration failed on: Automri finished with too many resources on context_14
[2026-04-13 15:02:18.486] [default] [info] Iteration failed on: Automri finished with too many resources on context_15
[2026-04-13 15:02:18.691] [default] [info] Iteration failed on: Automri finished with too many resources on context_16
[2026-04-13 15:02:32.612] [default] [info] Iteration failed on: Too many inputs/outputs for hexapod_v3_1_simplified_context_12, try to reduce number of inputs or outputs
Number of DDRs: 0
Number of inputs: 29
Number of outputs: 6

[2026-04-13 15:02:32.878] [default] [info] Iteration failed on: Automri finished with too many resources on context_13
[2026-04-13 15:02:33.093] [default] [info] Iteration failed on: Automri finished with too many resources on context_14
[2026-04-13 15:02:33.310] [default] [info] Iteration failed on: Automri finished with too many resources on context_15
[2026-04-13 15:02:33.522] [default] [info] Iteration failed on: Automri finished with too many resources on context_16
[2026-04-13 15:02:49.702] [default] [info] Iteration failed on: Too many inputs/outputs for hexapod_v3_1_simplified_context_12, try to reduce number of inputs or outputs
Number of DDRs: 0
Number of inputs: 29
Number of outputs: 6

[2026-04-13 15:02:49.943] [default] [info] Iteration failed on: Automri finished with too many resources on context_13
[2026-04-13 15:02:50.155] [default] [info] Iteration failed on: Automri finished with too many resources on context_14
[2026-04-13 15:02:50.366] [default] [info] Iteration failed on: Automri finished with too many resources on context_15
[2026-04-13 15:02:50.581] [default] [info] Iteration failed on: Automri finished with too many resources on context_16
[2026-04-13 15:03:04.712] [default] [info] Iteration failed on: Too many inputs/outputs for hexapod_v3_1_simplified_context_12, try to reduce number of inputs or outputs
Number of DDRs: 0
Number of inputs: 29
Number of outputs: 6

[2026-04-13 15:03:04.977] [default] [info] Iteration failed on: Automri finished with too many resources on context_13
[2026-04-13 15:03:05.222] [default] [info] Iteration failed on: Automri finished with too many resources on context_14
[2026-04-13 15:03:05.477] [default] [info] Iteration failed on: Automri finished with too many resources on context_15
[2026-04-13 15:03:05.726] [default] [info] Iteration failed on: Automri finished with too many resources on context_16
[2026-04-13 15:03:22.287] [default] [info] Iteration failed on: Too many inputs/outputs for hexapod_v3_1_simplified_context_12, try to reduce number of inputs or outputs
Number of DDRs: 0
Number of inputs: 26
Number of outputs: 6

[2026-04-13 15:03:22.564] [default] [info] Iteration failed on: Automri finished with too many resources on context_13
[2026-04-13 15:03:22.796] [default] [info] Iteration failed on: Automri finished with too many resources on context_14
[2026-04-13 15:03:23.031] [default] [info] Iteration failed on: Automri finished with too many resources on context_15
[2026-04-13 15:03:23.274] [default] [info] Iteration failed on: Automri finished with too many resources on context_16
[2026-04-13 15:03:37.397] [default] [info] Iteration failed on: Too many inputs/outputs for hexapod_v3_1_simplified_context_12, try to reduce number of inputs or outputs
Number of DDRs: 0
Number of inputs: 26
Number of outputs: 6

[2026-04-13 15:03:37.651] [default] [info] Iteration failed on: Automri finished with too many resources on context_13
[2026-04-13 15:03:37.877] [default] [info] Iteration failed on: Automri finished with too many resources on context_14
[2026-04-13 15:03:38.102] [default] [info] Iteration failed on: Automri finished with too many resources on context_15
[2026-04-13 15:03:38.336] [default] [info] Iteration failed on: Automri finished with too many resources on context_16
[2026-04-13 15:03:55.146] [default] [info] Iteration failed on: Too many inputs/outputs for hexapod_v3_1_simplified_context_12, try to reduce number of inputs or outputs
Number of DDRs: 0
Number of inputs: 26
Number of outputs: 6

[2026-04-13 15:03:55.416] [default] [info] Iteration failed on: Automri finished with too many resources on context_13
[2026-04-13 15:03:55.649] [default] [info] Iteration failed on: Automri finished with too many resources on context_14
[2026-04-13 15:03:55.882] [default] [info] Iteration failed on: Automri finished with too many resources on context_15
[2026-04-13 15:03:56.113] [default] [info] Iteration failed on: Automri finished with too many resources on context_16
[2026-04-13 15:04:10.359] [default] [info] Iteration failed on: Too many inputs/outputs for hexapod_v3_1_simplified_context_12, try to reduce number of inputs or outputs
Number of DDRs: 0
Number of inputs: 24
Number of outputs: 7

[2026-04-13 15:04:10.619] [default] [info] Iteration failed on: Automri finished with too many resources on context_13
[2026-04-13 15:04:10.841] [default] [info] Iteration failed on: Automri finished with too many resources on context_14
[2026-04-13 15:04:11.059] [default] [info] Iteration failed on: Automri finished with too many resources on context_15
[2026-04-13 15:04:11.280] [default] [info] Iteration failed on: Automri finished with too many resources on context_16
[2026-04-13 15:04:28.163] [default] [info] Iteration failed on: Too many inputs/outputs for hexapod_v3_1_simplified_context_12, try to reduce number of inputs or outputs
Number of DDRs: 0
Number of inputs: 24
Number of outputs: 7

[2026-04-13 15:04:28.438] [default] [info] Iteration failed on: Automri finished with too many resources on context_13
[2026-04-13 15:04:28.689] [default] [info] Iteration failed on: Automri finished with too many resources on context_14
[2026-04-13 15:04:28.935] [default] [info] Iteration failed on: Automri finished with too many resources on context_15
[2026-04-13 15:04:29.167] [default] [info] Iteration failed on: Automri finished with too many resources on context_16
[2026-04-13 15:04:43.245] [default] [info] Iteration failed on: Too many inputs/outputs for hexapod_v3_1_simplified_context_12, try to reduce number of inputs or outputs
Number of DDRs: 0
Number of inputs: 24
Number of outputs: 7

[2026-04-13 15:04:43.510] [default] [info] Iteration failed on: Automri finished with too many resources on context_13
[2026-04-13 15:04:43.771] [default] [info] Iteration failed on: Automri finished with too many resources on context_14
[2026-04-13 15:04:44.020] [default] [info] Iteration failed on: Automri finished with too many resources on context_15
[2026-04-13 15:04:44.262] [default] [info] Iteration failed on: Automri finished with too many resources on context_16
[2026-04-13 15:05:00.636] [default] [info] Iteration failed on: Too many inputs/outputs for hexapod_v3_1_simplified_context_12, try to reduce number of inputs or outputs
Number of DDRs: 0
Number of inputs: 23
Number of outputs: 9

[2026-04-13 15:05:00.899] [default] [info] Iteration failed on: Automri finished with too many resources on context_13
[2026-04-13 15:05:01.133] [default] [info] Iteration failed on: Automri finished with too many resources on context_14
[2026-04-13 15:05:01.366] [default] [info] Iteration failed on: Automri finished with too many resources on context_15
[2026-04-13 15:05:01.594] [default] [info] Iteration failed on: Automri finished with too many resources on context_16
[2026-04-13 15:05:15.105] [default] [info] Iteration failed on: Too many inputs/outputs for hexapod_v3_1_simplified_context_12, try to reduce number of inputs or outputs
Number of DDRs: 0
Number of inputs: 23
Number of outputs: 9

[2026-04-13 15:05:15.418] [default] [info] Iteration failed on: Automri finished with too many resources on context_13
[2026-04-13 15:05:15.692] [default] [info] Iteration failed on: Automri finished with too many resources on context_14
[2026-04-13 15:05:15.929] [default] [info] Iteration failed on: Automri finished with too many resources on context_15
[2026-04-13 15:05:16.170] [default] [info] Iteration failed on: Automri finished with too many resources on context_16
[2026-04-13 15:05:32.994] [default] [info] Iteration failed on: Too many inputs/outputs for hexapod_v3_1_simplified_context_12, try to reduce number of inputs or outputs
Number of DDRs: 0
Number of inputs: 23
Number of outputs: 9

[2026-04-13 15:05:33.296] [default] [info] Iteration failed on: Automri finished with too many resources on context_13
[2026-04-13 15:05:33.547] [default] [info] Iteration failed on: Automri finished with too many resources on context_14
[2026-04-13 15:05:33.813] [default] [info] Iteration failed on: Automri finished with too many resources on context_15
[2026-04-13 15:05:47.365] [default] [info] Iteration failed on: Too many inputs/outputs for hexapod_v3_1_simplified_context_12, try to reduce number of inputs or outputs
Number of DDRs: 0
Number of inputs: 23
Number of outputs: 12

[2026-04-13 15:05:47.615] [default] [info] Iteration failed on: Automri finished with too many resources on context_13
[2026-04-13 15:05:47.839] [default] [info] Iteration failed on: Automri finished with too many resources on context_14
[2026-04-13 15:05:48.074] [default] [info] Iteration failed on: Automri finished with too many resources on context_15
[2026-04-13 15:06:01.965] [default] [info] Iteration failed on: Too many inputs/outputs for hexapod_v3_1_simplified_context_12, try to reduce number of inputs or outputs
Number of DDRs: 0
Number of inputs: 23
Number of outputs: 12

[2026-04-13 15:06:02.262] [default] [info] Iteration failed on: Automri finished with too many resources on context_13
[2026-04-13 15:06:02.518] [default] [info] Iteration failed on: Automri finished with too many resources on context_14
[2026-04-13 15:06:02.764] [default] [info] Iteration failed on: Automri finished with too many resources on context_15
[2026-04-13 15:06:03.017] [default] [info] Iteration failed on: Automri finished with too many resources on context_16
[2026-04-13 15:06:20.578] [default] [info] Iteration failed on: Too many inputs/outputs for hexapod_v3_1_simplified_context_12, try to reduce number of inputs or outputs
Number of DDRs: 0
Number of inputs: 23
Number of outputs: 11

[2026-04-13 15:06:20.864] [default] [info] Iteration failed on: Automri finished with too many resources on context_13
[2026-04-13 15:06:21.138] [default] [info] Iteration failed on: Automri finished with too many resources on context_14
[2026-04-13 15:06:21.404] [default] [info] Iteration failed on: Automri finished with too many resources on context_15
[2026-04-13 15:06:21.656] [default] [info] Iteration failed on: Automri finished with too many resources on context_16
[2026-04-13 15:06:36.313] [default] [info] Iteration failed on: Too many inputs/outputs for hexapod_v3_1_simplified_context_12, try to reduce number of inputs or outputs
Number of DDRs: 0
Number of inputs: 23
Number of outputs: 14

[2026-04-13 15:06:36.605] [default] [info] Iteration failed on: Automri finished with too many resources on context_13
[2026-04-13 15:06:36.861] [default] [info] Iteration failed on: Automri finished with too many resources on context_14
[2026-04-13 15:06:37.126] [default] [info] Iteration failed on: Automri finished with too many resources on context_15
[2026-04-13 15:06:37.376] [default] [info] Iteration failed on: Automri finished with too many resources on context_16
[2026-04-13 15:06:54.216] [default] [info] Iteration failed on: Too many inputs/outputs for hexapod_v3_1_simplified_context_12, try to reduce number of inputs or outputs
Number of DDRs: 0
Number of inputs: 21
Number of outputs: 13

[2026-04-13 15:06:54.486] [default] [info] Iteration failed on: Automri finished with too many resources on context_13
[2026-04-13 15:06:54.731] [default] [info] Iteration failed on: Automri finished with too many resources on context_14
[2026-04-13 15:06:54.984] [default] [info] Iteration failed on: Automri finished with too many resources on context_15
[2026-04-13 15:06:55.225] [default] [info] Iteration failed on: Automri finished with too many resources on context_16
[2026-04-13 15:07:08.966] [default] [info] Iteration failed on: Too many inputs/outputs for hexapod_v3_1_simplified_context_12, try to reduce number of inputs or outputs
Number of DDRs: 0
Number of inputs: 21
Number of outputs: 13

[2026-04-13 15:07:09.244] [default] [info] Iteration failed on: Automri finished with too many resources on context_13
[2026-04-13 15:07:09.504] [default] [info] Iteration failed on: Automri finished with too many resources on context_14
[2026-04-13 15:07:09.753] [default] [info] Iteration failed on: Automri finished with too many resources on context_15
[2026-04-13 15:07:10.006] [default] [info] Iteration failed on: Automri finished with too many resources on context_16
[2026-04-13 15:07:27.158] [default] [info] Iteration failed on: Too many inputs/outputs for hexapod_v3_1_simplified_context_12, try to reduce number of inputs or outputs
Number of DDRs: 0
Number of inputs: 20
Number of outputs: 15

[2026-04-13 15:07:27.432] [default] [info] Iteration failed on: Automri finished with too many resources on context_13
[2026-04-13 15:07:27.686] [default] [info] Iteration failed on: Automri finished with too many resources on context_14
[2026-04-13 15:07:27.934] [default] [info] Iteration failed on: Automri finished with too many resources on context_15
[2026-04-13 15:07:28.175] [default] [info] Iteration failed on: Automri finished with too many resources on context_16
[2026-04-13 15:07:44.597] [default] [info] Iteration failed on: Too many inputs/outputs for hexapod_v3_1_simplified_context_12, try to reduce number of inputs or outputs
Number of DDRs: 0
Number of inputs: 20
Number of outputs: 15

[2026-04-13 15:07:44.891] [default] [info] Iteration failed on: Automri finished with too many resources on context_13
[2026-04-13 15:07:45.152] [default] [info] Iteration failed on: Automri finished with too many resources on context_14
[2026-04-13 15:07:45.410] [default] [info] Iteration failed on: Automri finished with too many resources on context_15
[2026-04-13 15:07:45.671] [default] [info] Iteration failed on: Automri finished with too many resources on context_16
[2026-04-13 15:08:01.921] [default] [info] Iteration failed on: Too many inputs/outputs for hexapod_v3_1_simplified_context_12, try to reduce number of inputs or outputs
Number of DDRs: 0
Number of inputs: 20
Number of outputs: 15

[2026-04-13 15:08:02.191] [default] [info] Iteration failed on: Automri finished with too many resources on context_13
[2026-04-13 15:08:02.425] [default] [info] Iteration failed on: Automri finished with too many resources on context_14
[2026-04-13 15:08:02.664] [default] [info] Iteration failed on: Automri finished with too many resources on context_15
[2026-04-13 15:08:02.905] [default] [info] Iteration failed on: Automri finished with too many resources on context_16
[2026-04-13 15:08:03.153] [default] [info] Iteration failed on: Automri finished with too many resources on context_16
[2026-04-13 15:08:17.330] [default] [info] Iteration failed on: Too many inputs/outputs for hexapod_v3_1_simplified_context_12, try to reduce number of inputs or outputs
Number of DDRs: 0
Number of inputs: 19
Number of outputs: 17

[2026-04-13 15:08:17.624] [default] [info] Iteration failed on: Automri finished with too many resources on context_13
[2026-04-13 15:08:17.897] [default] [info] Iteration failed on: Automri finished with too many resources on context_14
