t,frame,mode,bx,by,bz,roll,pitch,yaw,vx,vy,vz,wx,wy,wz,cmd_vx,cmd_yaw,roll_bal,pitch_bal,front_right_fx,front_right_fy,front_right_fz,front_right_contact,front_right_force,front_right_tau_coxa,front_right_tau_femur,front_right_tau_tibia,front_right_state,front_left_fx,front_left_fy,front_left_fz,front_left_contact,front_left_force,front_left_tau_coxa,front_left_tau_femur,front_left_tau_tibia,front_left_state,mid_right_fx,mid_right_fy,mid_right_fz,mid_right_contact,mid_right_force,mid_right_tau_coxa,mid_right_tau_femur,mid_right_tau_tibia,mid_right_state,mid_left_fx,mid_left_fy,mid_left_fz,mid_left_contact,mid_left_force,mid_left_tau_coxa,mid_left_tau_femur,mid_left_tau_tibia,mid_left_state,rear_right_fx,rear_right_fy,rear_right_fz,rear_right_contact,rear_right_force,rear_right_tau_coxa,rear_right_tau_femur,rear_right_tau_tibia,rear_right_state,rear_left_fx,rear_left_fy,rear_left_fz,rear_left_contact,rear_left_force,rear_left_tau_coxa,rear_left_tau_femur,rear_left_tau_tibia,rear_left_state
0.000,4,tripod,0.0003,0.0033,0.1344,0.0001,-0.0001,0.0000,0.0000,0.0000,-0.0000,0.0000,-0.0000,0.0001,0.000,0.000,0.0000,0.0000,0.2997,-0.1845,0.0144,1,2.25,0.504,0.422,0.096,STANCE,0.2976,0.1946,0.0144,1,1.94,0.449,0.979,0.818,STANCE,0.0023,-0.3408,0.0144,1,2.17,0.436,0.835,0.597,STANCE,-0.0017,0.3473,0.0144,1,2.06,0.477,0.682,0.429,STANCE,-0.2970,-0.1880,0.0144,1,2.20,0.624,1.089,0.896,STANCE,-0.2992,0.1911,0.0144,1,2.04,0.505,1.023,0.851,STANCE
0.038,8,tripod,0.0003,0.0033,0.1344,0.0001,-0.0001,0.0000,0.0000,0.0000,-0.0000,0.0000,-0.0000,0.0001,0.000,0.000,0.0000,0.0000,0.2997,-0.1845,0.0144,1,2.25,0.505,0.422,0.096,STANCE,0.2976,0.1946,0.0144,1,1.94,0.449,0.979,0.818,STANCE,0.0023,-0.3408,0.0144,1,2.17,0.436,0.835,0.597,STANCE,-0.0017,0.3473,0.0144,1,2.06,0.477,0.682,0.429,STANCE,-0.2970,-0.1880,0.0144,1,2.20,0.625,1.090,0.896,STANCE,-0.2992,0.1911,0.0144,1,2.04,0.505,1.023,0.851,STANCE
0.060,12,tripod,0.0003,0.0033,0.1344,0.0001,-0.0001,0.0000,0.0000,0.0000,-0.0000,0.0000,-0.0000,0.0001,0.000,0.000,0.0000,0.0000,0.2997,-0.1845,0.0144,1,2.25,0.504,0.422,0.096,STANCE,0.2976,0.1946,0.0144,1,1.94,0.449,0.979,0.818,STANCE,0.0023,-0.3408,0.0144,1,2.17,0.436,0.835,0.597,STANCE,-0.0017,0.3473,0.0144,1,2.06,0.478,0.682,0.429,STANCE,-0.2970,-0.1880,0.0144,1,2.21,0.625,1.090,0.897,STANCE,-0.2992,0.1911,0.0144,1,2.04,0.505,1.023,0.851,STANCE
0.098,16,tripod,0.0003,0.0033,0.1344,0.0001,-0.0001,0.0000,0.0000,0.0000,-0.0000,0.0000,-0.0000,0.0001,0.000,0.000,0.0000,0.0000,0.2997,-0.1845,0.0144,1,2.25,0.505,0.422,0.096,STANCE,0.2976,0.1946,0.0144,1,1.94,0.449,0.979,0.818,STANCE,0.0023,-0.3408,0.0144,1,2.17,0.436,0.835,0.597,STANCE,-0.0017,0.3473,0.0144,1,2.06,0.478,0.682,0.429,STANCE,-0.2970,-0.1880,0.0144,1,2.21,0.625,1.090,0.897,STANCE,-0.2992,0.1911,0.0144,1,2.04,0.505,1.023,0.851,STANCE
0.120,20,tripod,0.0003,0.0033,0.1344,0.0001,-0.0001,0.0000,0.0000,0.0000,-0.0000,0.0000,-0.0000,0.0001,0.000,0.000,0.0000,0.0000,0.2997,-0.1845,0.0144,1,2.25,0.504,0.422,0.096,STANCE,0.2976,0.1946,0.0144,1,1.94,0.449,0.979,0.818,STANCE,0.0023,-0.3408,0.0144,1,2.17,0.436,0.835,0.597,STANCE,-0.0017,0.3473,0.0144,1,2.06,0.478,0.682,0.429,STANCE,-0.2970,-0.1880,0.0144,1,2.20,0.625,1.090,0.896,STANCE,-0.2992,0.1911,0.0144,1,2.04,0.505,1.023,0.851,STANCE
0.154,24,tripod,0.0003,0.0033,0.1344,0.0001,-0.0001,0.0000,0.0000,0.0000,-0.0000,0.0000,-0.0000,0.0001,0.000,0.000,0.0000,0.0000,0.2997,-0.1845,0.0144,1,2.25,0.504,0.422,0.096,STANCE,0.2976,0.1946,0.0144,1,1.94,0.449,0.978,0.818,STANCE,0.0023,-0.3408,0.0144,1,2.17,0.437,0.835,0.596,STANCE,-0.0017,0.3473,0.0144,1,2.06,0.478,0.682,0.429,STANCE,-0.2970,-0.1880,0.0144,1,2.20,0.624,1.089,0.896,STANCE,-0.2992,0.1911,0.0144,1,2.04,0.505,1.024,0.851,STANCE
0.176,28,tripod,0.0003,0.0033,0.1344,0.0001,-0.0001,0.0000,0.0000,0.0000,0.0000,0.0000,-0.0000,0.0001,0.000,0.000,0.0000,0.0000,0.2997,-0.1845,0.0144,1,2.25,0.505,0.422,0.096,STANCE,0.2976,0.1946,0.0144,1,1.94,0.449,0.979,0.818,STANCE,0.0023,-0.3408,0.0144,1,2.17,0.436,0.835,0.596,STANCE,-0.0017,0.3473,0.0144,1,2.06,0.477,0.682,0.429,STANCE,-0.2970,-0.1880,0.0144,1,2.20,0.625,1.090,0.896,STANCE,-0.2992,0.1911,0.0144,1,2.04,0.504,1.023,0.851,STANCE
0.213,32,tripod,0.0003,0.0033,0.1344,0.0001,-0.0001,0.0000,0.0000,0.0000,-0.0000,0.0000,-0.0000,0.0001,0.000,0.000,0.0000,0.0000,0.2997,-0.1845,0.0144,1,2.25,0.506,0.422,0.096,STANCE,0.2976,0.1946,0.0144,1,1.94,0.449,0.979,0.818,STANCE,0.0023,-0.3408,0.0144,1,2.17,0.436,0.835,0.597,STANCE,-0.0017,0.3473,0.0144,1,2.06,0.477,0.681,0.429,STANCE,-0.2970,-0.1880,0.0144,1,2.20,0.625,1.089,0.895,STANCE,-0.2992,0.1911,0.0144,1,2.04,0.505,1.024,0.851,STANCE
0.235,36,tripod,0.0003,0.0033,0.1344,0.0001,-0.0001,0.0000,0.0000,0.0000,-0.0000,0.0000,-0.0000,0.0001,0.000,0.000,0.0000,0.0000,0.2997,-0.1845,0.0144,1,2.25,0.502,0.421,0.096,STANCE,0.2976,0.1946,0.0144,1,1.94,0.449,0.978,0.818,STANCE,0.0023,-0.3408,0.0144,1,2.17,0.437,0.835,0.596,STANCE,-0.0017,0.3473,0.0144,1,2.06,0.479,0.683,0.430,STANCE,-0.2970,-0.1880,0.0144,1,2.20,0.623,1.090,0.896,STANCE,-0.2992,0.1911,0.0144,1,2.04,0.504,1.022,0.850,STANCE
0.268,40,tripod,0.0003,0.0033,0.1344,0.0001,-0.0001,0.0000,0.0000,0.0000,0.0000,-0.0002,0.0001,-0.0003,0.000,0.000,0.0000,0.0000,0.2997,-0.1845,0.0144,1,2.25,0.511,0.422,0.096,STANCE,0.2976,0.1946,0.0144,1,1.94,0.449,0.980,0.819,STANCE,0.0023,-0.3408,0.0144,1,2.17,0.435,0.835,0.597,STANCE,-0.0017,0.3473,0.0144,1,2.06,0.474,0.681,0.428,STANCE,-0.2970,-0.1880,0.0144,1,2.20,0.626,1.088,0.894,STANCE,-0.2992,0.1911,0.0144,1,2.04,0.504,1.024,0.852,STANCE
0.290,44,tripod,0.0003,0.0033,0.1344,0.0001,-0.0001,0.0000,0.0000,-0.0000,0.0000,-0.0001,0.0001,-0.0003,0.000,0.000,0.0000,0.0000,0.2997,-0.1845,0.0144,1,2.25,0.511,0.421,0.095,STANCE,0.2976,0.1946,0.0144,1,1.94,0.449,0.979,0.818,STANCE,0.0023,-0.3408,0.0144,1,2.17,0.436,0.835,0.597,STANCE,-0.0017,0.3473,0.0144,1,2.06,0.475,0.681,0.428,STANCE,-0.2970,-0.1880,0.0144,1,2.20,0.626,1.089,0.896,STANCE,-0.2992,0.1911,0.0144,1,2.04,0.504,1.023,0.851,STANCE
0.324,48,tripod,0.0003,0.0033,0.1344,0.0001,-0.0001,0.0000,0.0000,-0.0000,0.0000,-0.0001,0.0001,-0.0003,0.000,0.000,0.0000,0.0000,0.2997,-0.1845,0.0144,1,2.25,0.510,0.421,0.095,STANCE,0.2976,0.1946,0.0144,1,1.94,0.449,0.979,0.818,STANCE,0.0023,-0.3408,0.0144,1,2.17,0.436,0.835,0.597,STANCE,-0.0017,0.3473,0.0144,1,2.06,0.476,0.681,0.428,STANCE,-0.2970,-0.1880,0.0144,1,2.20,0.626,1.090,0.896,STANCE,-0.2992,0.1911,0.0144,1,2.04,0.504,1.023,0.851,STANCE
0.378,52,tripod,0.0042,0.0033,0.1349,-0.0010,-0.0024,0.0023,0.4149,-0.0075,0.0584,-0.1044,-0.1942,0.0443,1.000,0.000,0.0000,0.0000,0.2969,-0.1839,0.0153,0,0.00,0.288,0.237,0.073,STANCE,0.3013,0.1935,0.0200,0,0.00,0.126,0.048,0.029,SWING,0.0045,-0.3407,0.0198,0,0.00,0.160,0.065,0.006,SWING,-0.0018,0.3473,0.0143,1,4.45,2.940,0.821,0.126,STANCE,-0.2968,-0.1878,0.0142,1,11.27,2.940,0.543,2.940,STANCE,-0.2952,0.1918,0.0188,0,0.00,0.107,0.158,0.029,SWING
0.437,56,tripod,0.0143,0.0034,0.1360,-0.0041,-0.0076,0.0005,0.6874,0.0152,0.0529,-0.1386,-0.2507,-0.2083,1.000,0.000,0.0000,0.0000,0.2975,-0.1844,0.0178,0,0.00,0.293,0.097,0.038,STANCE,0.3100,0.1917,0.0332,0,0.00,0.048,0.077,0.110,SWING,0.0140,-0.3389,0.0331,0,0.00,0.008,0.043,0.109,SWING,-0.0028,0.3471,0.0143,1,1.15,0.608,0.267,0.134,STANCE,-0.2961,-0.1874,0.0140,0,0.10,0.161,0.044,0.121,STANCE,-0.2830,0.1912,0.0290,0,0.00,0.041,0.182,0.091,SWING
0.467,60,tripod,0.0261,0.0035,0.1360,-0.0044,-0.0074,-0.0008,0.6969,-0.0056,-0.0515,0.1175,0.2278,0.0111,1.000,0.000,0.0000,0.0000,0.2995,-0.1849,0.0163,0,0.00,0.340,0.131,0.043,STANCE,0.3190,0.1896,0.0446,0,0.00,0.073,0.117,0.058,SWING,0.0251,-0.3355,0.0447,0,0.00,0.012,0.086,0.053,SWING,-0.0018,0.3469,0.0143,1,0.98,0.989,0.149,0.021,STANCE,-0.2952,-0.1873,0.0141,0,0.00,0.271,0.083,0.132,STANCE,-0.2681,0.1900,0.0400,0,0.00,0.080,0.199,0.038,SWING
0.510,64,tripod,0.0362,0.0036,0.1358,-0.0056,-0.0062,-0.0009,0.5187,-0.0051,-0.0117,-0.1436,0.1427,0.0046,1.000,0.000,0.0000,0.0000,0.3001,-0.1850,0.0144,1,5.45,2.569,1.677,0.914,STANCE,0.3298,0.1898,0.0546,0,0.00,0.046,0.092,0.038,SWING,0.0354,-0.3357,0.0555,0,0.00,0.155,0.130,0.000,SWING,-0.0014,0.3470,0.0142,1,6.08,2.940,2.238,1.455,STANCE,-0.2952,-0.1875,0.0149,0,0.00,0.218,0.124,0.133,STANCE,-0.2578,0.1903,0.0508,0,0.00,0.118,0.213,0.023,SWING
0.529,68,tripod,0.0445,0.0033,0.1345,-0.0059,-0.0067,0.0001,0.4724,-0.0341,-0.1008,0.0714,-0.1379,0.0445,1.000,0.000,0.0000,0.0000,0.2991,-0.1850,0.0146,1,6.04,2.369,1.839,1.038,STANCE,0.3472,0.1919,0.0647,0,0.00,0.242,0.291,0.119,SWING,0.0498,-0.3399,0.0658,0,0.00,0.620,0.252,0.057,SWING,-0.0025,0.3467,0.0143,1,7.56,2.722,2.227,1.188,STANCE,-0.2968,-0.1884,0.0152,0,0.00,0.223,0.159,0.134,STANCE,-0.2475,0.1919,0.0604,0,0.00,0.353,0.001,0.034,SWING
0.573,72,tripod,0.0536,0.0032,0.1334,-0.0072,-0.0047,0.0006,0.5132,-0.0148,-0.0868,0.0100,-0.0028,-0.0424,1.000,0.000,0.0000,0.0000,0.2983,-0.1852,0.0147,1,8.23,1.321,0.858,0.516,STANCE,0.3681,0.1911,0.0663,0,0.00,0.187,0.137,0.106,SWING,0.0720,-0.3413,0.0694,0,0.00,0.185,0.076,0.029,SWING,-0.0036,0.3464,0.0142,1,6.62,1.146,1.716,0.750,STANCE,-0.2971,-0.1886,0.0152,0,0.00,0.056,0.068,0.125,STANCE,-0.2283,0.1937,0.0640,0,0.00,0.329,0.038,0.107,SWING
0.594,76,tripod,0.0624,0.0029,0.1319,-0.0080,-0.0032,0.0016,0.5181,-0.0207,-0.0885,-0.0267,0.0743,0.0730,1.000,0.000,0.0000,0.0000,0.2976,-0.1853,0.0147,1,6.84,1.492,2.940,2.188,STANCE,0.3881,0.1882,0.0640,0,0.00,0.303,0.206,0.124,SWING,0.0966,-0.3420,0.0700,0,0.00,0.012,0.063,0.024,SWING,-0.0049,0.3460,0.0143,1,7.65,2.676,2.940,2.051,STANCE,-0.2972,-0.1891,0.0151,0,0.00,0.176,0.094,0.129,STANCE,-0.2062,0.1962,0.0640,0,0.00,0.576,0.015,0.104,SWING
0.634,80,tripod,0.0712,0.0027,0.1301,-0.0084,-0.0025,0.0021,0.5171,-0.0267,-0.1105,-0.0482,0.0772,0.0738,1.000,0.000,0.0000,0.0000,0.2969,-0.1853,0.0147,1,6.97,1.452,2.940,2.167,STANCE,0.4071,0.1863,0.0614,0,0.00,0.241,0.167,0.119,SWING,0.1213,-0.3421,0.0703,0,0.00,0.140,0.070,0.019,SWING,-0.0061,0.3457,0.0143,1,8.23,2.654,2.940,1.982,STANCE,-0.2972,-0.1894,0.0149,0,0.00,0.257,0.114,0.135,STANCE,-0.1840,0.1974,0.0634,0,0.00,0.511,0.027,0.104,SWING
0.660,84,tripod,0.0801,0.0024,0.1281,-0.0093,-0.0010,0.0021,0.5179,-0.0227,-0.1150,-0.1430,0.1518,0.0192,1.000,0.000,0.0000,0.0000,0.2961,-0.1856,0.0146,1,13.73,1.929,1.887,0.314,STANCE,0.4254,0.1872,0.0611,0,0.00,0.126,0.068,0.085,SWING,0.1389,-0.3420,0.0704,0,0.00,0.219,0.049,0.004,SWING,-0.0072,0.3452,0.0142,1,7.57,2.559,2.940,2.163,STANCE,-0.2969,-0.1896,0.0149,0,0.00,0.168,0.210,0.159,STANCE,-0.1650,0.1947,0.0640,0,0.00,0.195,0.004,0.092,SWING
0.715,88,tripod,0.0889,0.0020,0.1260,-0.0105,0.0006,0.0023,0.5229,-0.0245,-0.1279,-0.0463,0.0669,0.0568,1.000,0.000,0.0000,0.0000,0.2952,-0.1860,0.0148,1,6.40,0.465,2.802,2.008,STANCE,0.4408,0.1895,0.0553,0,0.00,0.062,0.518,0.204,SWING,0.1485,-0.3426,0.0635,0,0.00,0.019,0.019,0.019,SWING,-0.0084,0.3447,0.0143,1,6.56,1.013,2.940,2.428,STANCE,-0.2962,-0.1898,0.0148,0,0.00,0.226,0.061,0.125,STANCE,-0.1516,0.1909,0.0582,0,0.00,0.096,0.074,0.050,SWING
0.742,92,tripod,0.0976,0.0018,0.1235,-0.0122,0.0039,0.0023,0.5138,-0.0218,-0.1470,-0.0962,0.1402,-0.0031,1.000,0.000,0.0000,0.0000,0.2942,-0.1863,0.0149,1,13.27,0.921,2.432,0.404,STANCE,0.4534,0.1908,0.0411,0,0.00,0.022,0.132,0.121,SWING,0.1576,-0.3449,0.0506,0,0.00,0.109,0.157,0.045,SWING,-0.0098,0.3441,0.0144,1,10.73,1.169,2.940,1.508,STANCE,-0.2954,-0.1898,0.0149,0,0.00,0.129,0.044,0.110,STANCE,-0.1451,0.1920,0.0463,0,0.00,0.070,0.122,0.014,SWING
0.796,96,tripod,0.1063,0.0014,0.1208,-0.0146,0.0082,0.0020,0.5157,-0.0180,-0.1660,-0.1009,0.2037,-0.0131,1.000,0.000,0.0000,0.0000,0.2929,-0.1868,0.0149,1,13.14,0.497,2.180,0.096,STANCE,0.4642,0.1912,0.0250,0,0.00,0.026,0.096,0.026,SWING,0.1663,-0.3473,0.0374,0,0.00,0.051,0.167,0.031,SWING,-0.0112,0.3435,0.0144,1,8.09,0.557,2.425,1.423,STANCE,-0.2944,-0.1897,0.0149,1,1.64,1.279,0.597,0.236,STANCE,-0.1392,0.1934,0.0335,0,0.00,0.001,0.143,0.021,SWING
0.853,100,tripod,0.1138,0.0011,0.1181,-0.0099,0.0060,0.0006,0.3400,-0.0242,-0.1700,0.7475,-0.5524,-0.2586,1.000,0.000,0.0000,0.0000,0.2945,-0.1871,0.0149,1,1.02,0.131,0.081,0.306,SWING,0.4682,0.1900,0.0144,0,0.00,0.169,0.023,0.045,STANCE,0.1707,-0.3445,0.0235,0,0.00,0.341,0.171,0.048,STANCE,-0.0088,0.3436,0.0157,0,0.00,0.035,0.178,0.018,SWING,-0.2944,-0.1902,0.0156,0,0.00,0.022,0.202,0.040,SWING,-0.1306,0.1910,0.0218,0,0.00,0.286,0.013,0.023,STANCE
0.917,104,tripod,0.1197,0.0009,0.1143,0.0025,0.0021,-0.0028,0.3937,0.0242,-0.0958,0.4066,0.6929,-0.1869,1.000,0.000,0.0000,0.0000,0.3004,-0.1860,0.0192,0,0.00,0.133,0.479,0.149,SWING,0.4669,0.1900,0.0147,1,7.66,2.940,2.940,2.940,STANCE,0.1679,-0.3433,0.0143,1,28.94,2.940,2.940,2.940,STANCE,-0.0007,0.3444,0.0249,0,0.00,0.153,0.023,0.006,SWING,-0.2948,-0.1901,0.0220,0,0.00,0.037,0.547,0.096,SWING,-0.1294,0.1907,0.0142,1,28.50,0.306,2.112,2.940,STANCE
0.938,108,tripod,0.1282,0.0020,0.1191,-0.0034,0.0078,-0.0044,0.6037,0.0415,0.4682,-0.5490,-0.4009,0.3243,1.000,0.000,0.0000,0.0000,0.3063,-0.1843,0.0337,0,0.00,0.337,0.295,0.121,SWING,0.4675,0.1903,0.0146,1,6.21,2.940,2.940,2.464,STANCE,0.1680,-0.3434,0.0138,1,6.47,2.940,2.940,2.277,STANCE,0.0083,0.3441,0.0397,0,0.00,0.325,0.080,0.005,SWING,-0.2876,-0.1882,0.0426,0,0.00,0.549,0.161,0.007,SWING,-0.1289,0.1905,0.0136,1,10.91,1.865,2.940,1.633,STANCE
0.989,112,tripod,0.1388,0.0030,0.1271,-0.0042,0.0004,0.0026,0.6277,0.0692,0.4273,0.0549,0.0322,0.4399,1.000,0.000,0.0000,0.0000,0.3180,-0.1812,0.0540,0,0.00,0.029,0.075,0.002,SWING,0.4658,0.1921,0.0152,0,0.00,0.228,0.192,0.063,STANCE,0.1678,-0.3417,0.0143,0,0.00,0.560,0.176,0.037,STANCE,0.0166,0.3452,0.0582,0,0.00,0.022,0.068,0.035,SWING,-0.2762,-0.1906,0.0609,0,0.00,0.012,0.178,0.073,SWING,-0.1278,0.1894,0.0139,0,0.00,0.286,0.206,0.135,STANCE
1.008,116,tripod,0.1490,0.0040,0.1328,0.0001,0.0014,0.0084,0.5886,0.0530,0.2679,0.3617,-0.0571,0.2773,1.000,0.000,0.0000,0.0000,0.3358,-0.1816,0.0632,0,0.00,0.030,0.053,0.074,SWING,0.4647,0.1956,0.0175,0,0.00,0.319,0.093,0.043,STANCE,0.1702,-0.3401,0.0159,0,0.00,0.460,0.132,0.022,STANCE,0.0296,0.3466,0.0688,0,0.00,0.664,0.018,0.050,SWING,-0.2622,-0.1927,0.0703,0,0.00,0.335,0.368,0.211,SWING,-0.1287,0.1893,0.0172,0,0.00,0.345,0.087,0.110,STANCE
1.056,120,tripod,0.1587,0.0050,0.1356,0.0057,-0.0006,0.0113,0.5574,0.0454,0.1077,-0.0130,0.0924,-0.0858,1.000,0.000,0.0000,0.0000,0.3621,-0.1829,0.0665,0,0.00,0.125,0.175,0.095,SWING,0.4639,0.1990,0.0198,0,0.00,0.520,0.111,0.005,STANCE,0.1725,-0.3383,0.0147,1,6.14,2.940,1.751,1.244,STANCE,0.0564,0.3471,0.0745,0,0.00,0.165,0.297,0.162,SWING,-0.2440,-0.2021,0.0818,0,0.00,1.051,0.446,0.013,SWING,-0.1300,0.1898,0.0184,0,0.00,0.369,0.082,0.118,STANCE
1.091,124,tripod,0.1681,0.0058,0.1360,0.0044,-0.0006,0.0096,0.5627,0.0465,-0.0469,-0.1868,-0.0086,-0.0526,1.000,0.000,0.0000,0.0000,0.3884,-0.1849,0.0702,0,0.00,0.069,0.108,0.092,SWING,0.4636,0.1998,0.0176,0,0.00,0.316,0.140,0.045,STANCE,0.1725,-0.3377,0.0147,1,0.55,0.736,0.051,0.004,STANCE,0.0849,0.3456,0.0748,0,0.00,0.070,0.053,0.113,SWING,-0.2228,-0.2170,0.0936,0,0.00,0.058,0.152,0.091,SWING,-0.1305,0.1904,0.0161,0,0.00,0.295,0.115,0.126,STANCE
1.155,128,tripod,0.1781,0.0060,0.1359,0.0043,0.0013,0.0077,0.5712,-0.0110,0.0318,0.1755,0.0740,-0.1730,1.000,0.000,0.0000,0.0000,0.4132,-0.1833,0.0678,0,0.00,0.064,0.138,0.098,SWING,0.4636,0.2002,0.0145,1,4.19,2.437,0.826,0.148,STANCE,0.1729,-0.3376,0.0147,1,5.19,2.940,1.103,0.241,STANCE,0.1125,0.3436,0.0736,0,0.00,0.014,0.065,0.031,SWING,-0.1987,-0.2327,0.1048,0,0.00,0.024,0.236,0.065,SWING,-0.1303,0.1903,0.0143,0,0.00,0.277,0.184,0.141,STANCE
1.175,132,tripod,0.1870,0.0061,0.1357,0.0056,0.0028,0.0055,0.5043,0.0154,-0.0377,0.0217,0.0203,-0.0753,1.000,0.000,0.0000,0.0000,0.4345,-0.1784,0.0595,0,0.00,0.097,0.247,0.111,SWING,0.4631,0.2002,0.0145,1,5.40,1.876,1.692,1.032,STANCE,0.1720,-0.3375,0.0148,1,5.78,2.011,2.132,1.432,STANCE,0.1365,0.3512,0.0747,0,0.00,0.009,0.034,0.017,SWING,-0.1734,-0.2461,0.1047,0,0.00,0.063,0.097,0.076,SWING,-0.1322,0.1913,0.0154,0,0.00,0.215,0.004,0.108,STANCE
1.213,136,tripod,0.1959,0.0063,0.1350,0.0058,0.0028,0.0041,0.5146,0.0163,-0.0341,0.0428,0.0792,-0.0976,1.000,0.000,0.0000,0.0000,0.4568,-0.1727,0.0535,0,0.00,0.136,0.293,0.108,SWING,0.4624,0.2003,0.0146,1,8.48,2.940,1.415,0.080,STANCE,0.1712,-0.3373,0.0147,1,7.13,2.663,2.586,1.692,STANCE,0.1610,0.3559,0.0721,0,0.00,0.121,0.313,0.033,SWING,-0.1459,-0.2571,0.0926,0,0.00,0.089,0.523,0.031,SWING,-0.1332,0.1917,0.0148,0,0.00,0.101,0.074,0.134,STANCE
1.233,140,tripod,0.2048,0.0065,0.1342,0.0061,0.0028,0.0033,0.5019,0.0188,-0.0670,-0.0414,-0.0706,-0.0074,1.000,0.000,0.0000,0.0000,0.4763,-0.1640,0.0427,0,0.00,0.099,0.057,0.075,SWING,0.4616,0.2005,0.0146,1,8.39,2.025,1.369,0.055,STANCE,0.1706,-0.3371,0.0146,1,7.13,2.280,1.974,1.001,STANCE,0.1858,0.3593,0.0615,0,0.00,0.034,0.145,0.050,SWING,-0.1224,-0.2562,0.0711,0,0.00,0.141,0.047,0.086,SWING,-0.1343,0.1921,0.0150,0,0.00,0.166,0.077,0.116,STANCE
1.262,144,tripod,0.2138,0.0067,0.1332,0.0063,0.0028,0.0032,0.5193,0.0205,-0.0781,-0.0633,-0.1205,-0.0308,1.000,0.000,0.0000,0.0000,0.4944,-0.1534,0.0306,0,0.00,0.046,0.004,0.086,SWING,0.4608,0.2009,0.0147,1,4.60,0.937,2.078,1.684,STANCE,0.1703,-0.3369,0.0146,1,6.79,1.907,1.582,0.596,STANCE,0.2106,0.3637,0.0497,0,0.00,0.154,0.152,0.030,SWING,-0.1024,-0.2474,0.0507,0,0.00,0.163,0.091,0.105,SWING,-0.1350,0.1920,0.0151,0,0.00,0.342,0.009,0.110,STANCE
1.282,148,tripod,0.2229,0.0071,0.1321,0.0069,0.0034,0.0029,0.5135,0.0289,-0.0842,-0.0477,-0.0853,-0.0806,1.000,0.000,0.0000,0.0000,0.5081,-0.1492,0.0180,0,0.00,0.117,0.024,0.093,SWING,0.4602,0.2014,0.0148,1,5.01,0.847,2.250,1.804,STANCE,0.1699,-0.3366,0.0145,1,6.04,1.815,2.010,1.279,STANCE,0.2359,0.3647,0.0374,0,0.00,0.146,0.159,0.003,SWING,-0.0815,-0.2369,0.0325,0,0.00,0.137,0.101,0.106,SWING,-0.1353,0.1921,0.0152,0,0.00,0.323,0.009,0.107,STANCE
1.351,152,tripod,0.2283,0.0080,0.1308,-0.0044,-0.0018,0.0053,0.2234,0.1119,-0.1096,-0.6741,-0.1652,0.3311,1.000,0.000,0.0000,0.0000,0.5145,-0.1506,0.0145,1,6.52,0.623,1.280,2.940,STANCE,0.4654,0.2013,0.0178,0,0.00,0.082,0.009,0.037,SWING,0.1761,-0.3368,0.0214,0,0.00,0.126,0.064,0.003,SWING,0.2571,0.3568,0.0215,0,0.00,0.026,0.283,0.066,STANCE,-0.0650,-0.2226,0.0174,0,0.00,0.275,0.031,0.093,STANCE,-0.1309,0.1915,0.0158,0,0.00,0.047,0.202,0.021,SWING
1.383,156,tripod,0.2299,0.0090,0.1293,-0.0133,0.0008,0.0142,-0.0037,-0.0044,0.0005,0.2337,0.0831,0.5280,1.000,0.000,0.0000,0.0000,0.5208,-0.1522,0.0145,1,7.65,0.821,1.102,2.940,STANCE,0.4641,0.2024,0.0248,0,0.00,0.128,0.181,0.106,SWING,0.1816,-0.3350,0.0344,0,0.00,0.266,0.152,0.114,SWING,0.2664,0.3536,0.0137,1,7.32,2.940,2.940,2.217,STANCE,-0.0625,-0.2185,0.0148,1,3.94,2.473,2.940,2.777,STANCE,-0.1293,0.1877,0.0244,0,0.00,0.252,0.109,0.081,SWING
1.423,160,tripod,0.2296,0.0097,0.1303,-0.0069,-0.0002,0.0164,-0.0335,0.0532,0.0931,0.2756,-0.0685,0.1378,1.000,0.000,0.0000,0.0000,0.5207,-0.1520,0.0146,1,6.10,0.954,1.402,2.940,STANCE,0.4610,0.2025,0.0384,0,0.00,0.073,0.012,0.119,SWING,0.1832,-0.3309,0.0437,0,0.00,0.054,0.369,0.044,SWING,0.2657,0.3524,0.0136,1,4.33,2.940,1.029,0.379,STANCE,-0.0648,-0.2142,0.0145,1,6.46,2.665,2.940,2.220,STANCE,-0.1280,0.1871,0.0379,0,0.00,0.149,0.220,0.027,SWING
1.455,164,tripod,0.2301,0.0098,0.1318,-0.0061,-0.0013,0.0161,0.0828,-0.0422,0.0874,-0.0321,0.0603,-0.2615,1.000,0.000,0.0000,0.0000,0.5285,-0.1576,0.0150,0,0.00,0.013,0.016,0.109,STANCE,0.4613,0.2027,0.0505,0,0.00,0.082,0.064,0.030,SWING,0.1836,-0.3320,0.0553,0,0.00,0.117,0.197,0.007,SWING,0.2634,0.3516,0.0135,1,5.93,2.940,2.200,1.515,STANCE,-0.0693,-0.2110,0.0150,1,5.80,2.514,2.915,2.351,STANCE,-0.1295,0.1882,0.0528,0,0.00,0.038,0.037,0.019,SWING
1.530,168,tripod,0.2314,0.0094,0.1328,-0.0051,-0.0009,0.0122,0.0924,-0.0347,0.0436,0.0089,-0.0445,-0.5006,1.000,0.000,0.0000,0.0000,0.5361,-0.1654,0.0151,0,0.00,0.224,0.018,0.108,STANCE,0.4764,0.2036,0.0581,0,0.00,0.293,0.078,0.077,SWING,0.1925,-0.3351,0.0644,0,0.00,0.198,0.003,0.008,SWING,0.2557,0.3520,0.0138,1,3.65,2.940,0.778,0.235,STANCE,-0.0645,-0.2000,0.0149,1,2.97,1.234,1.449,1.280,STANCE,-0.1213,0.1922,0.0599,0,0.00,0.072,0.220,0.176,SWING
1.558,172,tripod,0.2340,0.0080,0.1334,-0.0046,-0.0023,-0.0007,0.2056,-0.1065,0.0437,-0.0246,-0.2145,-0.6427,1.000,0.000,0.0000,0.0000,0.5395,-0.1759,0.0148,1,8.60,2.940,0.297,1.206,STANCE,0.4984,0.1960,0.0612,0,0.00,0.235,0.112,0.099,SWING,0.2063,-0.3354,0.0649,0,0.00,0.474,0.115,0.002,SWING,0.2527,0.3513,0.0137,1,4.33,2.940,1.185,0.591,STANCE,-0.0594,-0.1889,0.0148,1,6.92,2.746,2.934,2.267,STANCE,-0.1044,0.2043,0.0637,0,0.00,0.659,0.270,0.170,SWING
1.596,176,tripod,0.2403,0.0060,0.1346,-0.0066,-0.0070,-0.0060,0.5536,-0.1216,0.0961,-0.2373,-0.4570,-0.3214,1.000,0.000,0.0000,0.0000,0.5361,-0.1804,0.0163,0,0.00,0.337,0.205,0.072,STANCE,0.5201,0.1856,0.0601,0,0.00,0.231,0.242,0.148,SWING,0.2254,-0.3388,0.0660,0,0.00,0.238,0.063,0.019,SWING,0.2505,0.3499,0.0137,1,5.02,2.940,1.199,0.464,STANCE,-0.0590,-0.1875,0.0146,1,11.88,2.940,0.426,2.940,STANCE,-0.0813,0.2150,0.0624,0,0.00,0.220,0.051,0.125,SWING
1.623,180,tripod,0.2520,0.0041,0.1364,-0.0104,-0.0141,-0.0107,0.7481,-0.1052,0.0789,-0.1230,-0.2465,-0.3860,1.000,0.000,0.0000,0.0000,0.5377,-0.1845,0.0196,0,0.00,0.197,0.137,0.045,STANCE,0.5458,0.1729,0.0574,0,0.00,0.221,0.240,0.139,SWING,0.2510,-0.3450,0.0691,0,0.00,0.027,0.040,0.027,SWING,0.2491,0.3482,0.0137,1,1.23,0.318,0.555,0.469,STANCE,-0.0583,-0.1870,0.0144,0,0.33,0.267,0.130,0.050,STANCE,-0.0499,0.2223,0.0555,0,0.00,0.234,0.254,0.058,SWING
1.661,184,tripod,0.2650,0.0021,0.1368,-0.0102,-0.0140,-0.0173,0.7948,-0.1286,-0.0210,0.1286,0.1821,-0.5016,1.000,0.000,0.0000,0.0000,0.5394,-0.1890,0.0179,0,0.00,0.212,0.148,0.048,STANCE,0.5711,0.1630,0.0540,0,0.00,0.010,0.083,0.120,SWING,0.2774,-0.3493,0.0697,0,0.00,0.059,0.014,0.004,SWING,0.2489,0.3465,0.0138,1,0.85,0.201,0.383,0.332,STANCE,-0.0569,-0.1860,0.0145,0,0.17,0.013,0.057,0.009,STANCE,-0.0167,0.2280,0.0511,0,0.00,0.439,0.180,0.074,SWING
1.706,188,tripod,0.2774,0.0006,0.1365,-0.0097,-0.0122,-0.0195,0.6311,-0.0418,0.0037,-0.0826,0.0980,0.1846,1.000,0.000,0.0000,0.0000,0.5407,-0.1923,0.0146,1,8.78,1.808,1.065,2.940,STANCE,0.5906,0.1617,0.0464,0,0.00,0.076,0.103,0.071,SWING,0.3047,-0.3502,0.0620,0,0.00,0.096,0.122,0.055,SWING,0.2495,0.3448,0.0138,1,3.73,2.252,1.000,0.437,STANCE,-0.0554,-0.1848,0.0145,0,0.00,0.184,0.189,0.098,STANCE,0.0104,0.2215,0.0430,0,0.00,0.117,0.058,0.068,SWING
1.743,192,tripod,0.2869,0.0004,0.1357,-0.0110,-0.0105,-0.0153,0.5006,-0.0139,-0.0705,-0.0630,0.1025,0.2230,1.000,0.000,0.0000,0.0000,0.5406,-0.1928,0.0146,1,10.14,2.361,1.043,0.709,STANCE,0.6029,0.1638,0.0339,0,0.00,0.051,0.083,0.070,SWING,0.3320,-0.3505,0.0508,0,0.00,0.109,0.086,0.032,SWING,0.2493,0.3445,0.0140,1,9.65,2.571,1.755,0.111,STANCE,-0.0556,-0.1850,0.0160,0,0.00,0.226,0.053,0.056,STANCE,0.0316,0.2096,0.0332,0,0.00,0.086,0.019,0.092,SWING
1.770,196,tripod,0.2957,0.0000,0.1340,-0.0118,-0.0095,-0.0116,0.5490,-0.0152,-0.0710,-0.0933,0.1782,0.1139,1.000,0.000,0.0000,0.0000,0.5398,-0.1931,0.0147,1,12.57,2.488,0.359,1.968,STANCE,0.6135,0.1656,0.0206,0,0.00,0.055,0.083,0.072,SWING,0.3521,-0.3515,0.0383,0,0.00,0.403,0.173,0.039,SWING,0.2485,0.3443,0.0140,1,7.96,1.947,2.393,1.305,STANCE,-0.0559,-0.1850,0.0148,0,0.00,0.044,0.200,0.159,STANCE,0.0508,0.1986,0.0243,0,0.00,0.014,0.008,0.047,SWING
1.842,200,tripod,0.3030,-0.0006,0.1330,-0.0008,-0.0149,-0.0104,0.2380,-0.0829,-0.0097,0.9503,0.2444,-0.1947,1.000,0.000,0.0000,0.0000,0.5426,-0.1924,0.0153,0,0.00,0.251,0.311,0.032,SWING,0.6191,0.1662,0.0136,1,20.52,2.257,1.151,2.940,STANCE,0.3587,-0.3476,0.0226,0,0.00,0.121,0.169,0.048,STANCE,0.2509,0.3449,0.0176,0,0.00,0.314,0.008,0.000,SWING,-0.0555,-0.1854,0.0141,1,5.85,1.256,2.940,2.325,SWING,0.0619,0.1944,0.0143,1,9.56,0.730,2.940,2.916,STANCE
1.880,204,tripod,0.3076,-0.0018,0.1333,0.0104,-0.0085,-0.0173,0.4088,-0.0848,0.0819,-0.0965,-0.0769,-0.2411,1.000,0.000,0.0000,0.0000,0.5441,-0.1932,0.0205,0,0.00,0.172,0.172,0.088,SWING,0.6301,0.1697,0.0155,0,0.00,0.116,0.029,0.095,STANCE,0.3537,-0.3454,0.0143,1,6.80,2.940,2.940,2.239,STANCE,0.2569,0.3446,0.0321,0,0.00,0.039,0.186,0.051,SWING,-0.0517,-0.1821,0.0223,0,0.00,0.232,0.203,0.084,SWING,0.0625,0.1940,0.0143,1,19.47,2.491,0.640,2.940,STANCE
1.931,208,tripod,0.3165,-0.0038,0.1343,0.0107,-0.0123,-0.0181,0.5767,-0.1108,0.0411,0.1405,-0.2100,0.2119,1.000,0.000,0.0000,0.0000,0.5509,-0.1942,0.0340,0,0.00,0.436,0.089,0.122,SWING,0.6486,0.1737,0.0208,0,0.00,0.402,0.047,0.104,STANCE,0.3487,-0.3471,0.0146,1,10.05,2.940,0.636,2.940,STANCE,0.2670,0.3394,0.0441,0,0.00,0.321,0.180,0.071,SWING,-0.0407,-0.1825,0.0336,0,0.00,0.254,0.128,0.113,SWING,0.0630,0.1935,0.0143,1,3.58,0.099,1.620,1.176,STANCE
1.952,212,tripod,0.3273,-0.0043,0.1351,0.0126,-0.0156,-0.0127,0.6614,-0.0193,0.0192,-0.0054,0.0322,0.2755,1.000,0.000,0.0000,0.0000,0.5605,-0.1917,0.0466,0,0.00,0.105,0.063,0.108,SWING,0.6596,0.1781,0.0229,0,0.00,0.214,0.033,0.038,STANCE,0.3492,-0.3475,0.0144,1,1.25,1.183,0.107,0.090,STANCE,0.2765,0.3363,0.0564,0,0.00,0.023,0.124,0.003,SWING,-0.0274,-0.1843,0.0445,0,0.00,0.103,0.261,0.029,SWING,0.0641,0.1930,0.0143,1,0.58,0.482,0.243,0.131,STANCE
1.984,216,tripod,0.3388,-0.0045,0.1350,0.0106,-0.0119,-0.0097,0.6944,-0.0027,-0.0342,-0.2012,0.3953,0.1126,1.000,0.000,0.0000,0.0000,0.5757,-0.1916,0.0549,0,0.00,0.428,0.037,0.078,SWING,0.6617,0.1782,0.0189,0,0.00,0.204,0.093,0.042,STANCE,0.3506,-0.3478,0.0144,1,0.77,0.962,0.032,0.065,STANCE,0.2890,0.3389,0.0674,0,0.00,0.521,0.107,0.014,SWING,-0.0156,-0.1876,0.0584,0,0.00,0.283,0.189,0.045,SWING,0.0655,0.1926,0.0143,0,0.33,0.412,0.119,0.054,STANCE
2.024,220,tripod,0.3498,-0.0046,0.1351,0.0097,-0.0087,-0.0069,0.5487,-0.0166,0.0548,0.1517,0.0433,0.1503,1.000,0.000,0.0000,0.0000,0.6049,-0.1916,0.0604,0,0.00,0.054,0.018,0.064,SWING,0.6629,0.1783,0.0147,1,8.85,2.224,0.325,2.265,STANCE,0.3517,-0.3480,0.0143,1,4.80,2.940,0.824,0.005,STANCE,0.3133,0.3403,0.0740,0,0.00,0.136,0.035,0.011,SWING,0.0049,-0.1947,0.0679,0,0.00,0.666,0.158,0.129,SWING,0.0665,0.1924,0.0144,0,0.00,0.066,0.107,0.004,STANCE
2.112,224,tripod,0.3598,-0.0048,0.1352,0.0105,-0.0099,-0.0050,0.6411,-0.0129,-0.0179,-0.0255,0.0480,0.0688,1.000,0.000,0.0000,0.0000,0.6327,-0.1870,0.0641,0,0.00,0.026,0.010,0.090,SWING,0.6632,0.1784,0.0152,0,0.00,0.274,0.024,0.020,STANCE,0.3525,-0.3481,0.0143,1,1.35,1.182,0.177,0.017,STANCE,0.3380,0.3397,0.0756,0,0.00,0.119,0.043,0.018,SWING,0.0288,-0.2062,0.0714,0,0.00,0.004,0.036,0.116,SWING,0.0670,0.1921,0.0147,0,0.39,0.479,0.081,0.001,STANCE
2.139,228,tripod,0.3699,-0.0051,0.1354,0.0111,-0.0094,-0.0035,0.5242,-0.0009,0.0157,0.0851,0.0900,0.0766,1.000,0.000,0.0000,0.0000,0.6573,-0.1788,0.0599,0,0.00,0.068,0.216,0.107,SWING,0.6639,0.1783,0.0147,1,7.93,2.535,1.228,0.096,STANCE,0.3530,-0.3483,0.0143,1,7.05,2.940,1.892,0.826,STANCE,0.3631,0.3422,0.0761,0,0.00,0.018,0.039,0.017,SWING,0.0563,-0.2169,0.0694,0,0.00,0.016,0.154,0.066,SWING,0.0675,0.1920,0.0150,0,0.00,0.209,0.029,0.008,STANCE
2.184,232,tripod,0.3786,-0.0049,0.1350,0.0110,-0.0099,-0.0029,0.5301,0.0146,-0.0154,0.0206,0.0356,0.0661,1.000,0.000,0.0000,0.0000,0.6778,-0.1712,0.0543,0,0.00,0.299,0.145,0.104,SWING,0.6632,0.1784,0.0147,1,7.94,2.511,1.285,0.038,STANCE,0.3525,-0.3481,0.0143,1,6.59,2.940,2.353,1.531,STANCE,0.3872,0.3460,0.0764,0,0.00,0.045,0.002,0.008,SWING,0.0834,-0.2244,0.0641,0,0.00,0.022,0.175,0.065,SWING,0.0669,0.1922,0.0149,0,0.00,0.052,0.119,0.103,STANCE
2.206,236,tripod,0.3880,-0.0047,0.1348,0.0114,-0.0097,-0.0017,0.5143,0.0116,-0.0258,0.0100,0.0319,0.0489,1.000,0.000,0.0000,0.0000,0.6959,-0.1719,0.0506,0,0.00,0.086,0.317,0.130,SWING,0.6628,0.1788,0.0148,1,8.39,2.110,1.509,0.194,STANCE,0.3523,-0.3479,0.0142,1,7.36,2.940,2.101,1.041,STANCE,0.4120,0.3464,0.0744,0,0.00,0.020,0.325,0.030,SWING,0.1084,-0.2254,0.0587,0,0.00,0.255,0.437,0.021,SWING,0.0667,0.1922,0.0151,0,0.00,0.243,0.021,0.050,STANCE
2.241,240,tripod,0.3971,-0.0045,0.1343,0.0120,-0.0090,-0.0014,0.5354,0.0152,-0.0417,-0.0083,-0.0014,0.0122,1.000,0.000,0.0000,0.0000,0.7093,-0.1732,0.0401,0,0.00,0.095,0.034,0.089,SWING,0.6621,0.1790,0.0149,1,4.62,1.427,1.985,1.544,STANCE,0.3517,-0.3476,0.0142,1,5.38,2.392,1.903,1.237,STANCE,0.4368,0.3461,0.0642,0,0.00,0.137,0.174,0.052,SWING,0.1295,-0.2163,0.0477,0,0.00,0.172,0.078,0.100,SWING,0.0662,0.1924,0.0150,0,0.00,0.338,0.016,0.092,STANCE
2.268,244,tripod,0.4061,-0.0043,0.1335,0.0121,-0.0089,-0.0008,0.5146,0.0305,-0.0622,-0.0378,-0.0522,-0.0718,1.000,0.000,0.0000,0.0000,0.7216,-0.1738,0.0281,0,0.00,0.128,0.031,0.089,SWING,0.6615,0.1794,0.0149,1,5.83,1.813,2.443,1.834,STANCE,0.3512,-0.3473,0.0142,1,6.99,2.614,2.314,1.416,STANCE,0.4620,0.3467,0.0528,0,0.00,0.331,0.127,0.034,SWING,0.1509,-0.2062,0.0382,0,0.00,0.210,0.071,0.104,SWING,0.0656,0.1925,0.0150,0,0.00,0.402,0.039,0.102,STANCE
2.309,248,tripod,0.4151,-0.0039,0.1324,0.0123,-0.0088,-0.0007,0.5231,0.0293,-0.0795,-0.0644,-0.0957,-0.0076,1.000,0.000,0.0000,0.0000,0.7330,-0.1744,0.0156,0,0.00,0.036,0.028,0.103,SWING,0.6609,0.1797,0.0149,1,4.69,0.951,2.063,1.620,STANCE,0.3505,-0.3470,0.0142,1,5.69,1.468,1.880,1.171,STANCE,0.4763,0.3469,0.0406,0,0.00,0.033,0.148,0.003,SWING,0.1684,-0.1987,0.0293,0,0.00,0.090,0.108,0.011,SWING,0.0652,0.1929,0.0151,0,0.00,0.283,0.013,0.106,STANCE
2.371,252,tripod,0.4204,-0.0029,0.1318,-0.0045,-0.0154,0.0012,0.2700,0.0793,-0.0995,-0.9111,0.0718,0.0972,1.000,0.000,0.0000,0.0000,0.7393,-0.1769,0.0144,0,0.00,0.157,0.065,0.084,STANCE,0.6662,0.1791,0.0183,0,0.00,0.019,0.057,0.036,SWING,0.3567,-0.3477,0.0232,0,0.00,0.045,0.052,0.009,SWING,0.4749,0.3418,0.0237,0,0.00,0.462,0.228,0.056,STANCE,0.1744,-0.1951,0.0200,0,0.00,0.319,0.087,0.040,STANCE,0.0686,0.1925,0.0158,0,0.00,0.008,0.344,0.004,SWING
2.415,256,tripod,0.4253,-0.0021,0.1296,-0.0151,-0.0147,0.0040,0.3498,-0.0475,0.0104,0.2337,0.4449,0.3235,1.000,0.000,0.0000,0.0000,0.7528,-0.1844,0.0167,0,0.00,0.186,0.022,0.106,STANCE,0.6690,0.1784,0.0248,0,0.00,0.124,0.358,0.116,SWING,0.3625,-0.3460,0.0364,0,0.00,0.194,0.058,0.107,SWING,0.4709,0.3406,0.0144,1,28.16,2.940,2.940,2.363,STANCE,0.1736,-0.1940,0.0146,1,22.68,2.940,1.167,2.940,STANCE,0.0749,0.1903,0.0216,0,0.00,0.122,0.465,0.076,SWING
2.449,260,tripod,0.4344,-0.0021,0.1314,-0.0108,-0.0118,0.0052,0.6675,0.0290,0.1546,-0.0126,-0.1954,-0.2091,1.000,0.000,0.0000,0.0000,0.7650,-0.1890,0.0153,0,0.00,0.299,0.031,0.086,STANCE,0.6743,0.1778,0.0375,0,0.00,0.012,0.077,0.093,SWING,0.3721,-0.3429,0.0475,0,0.00,0.111,0.242,0.019,SWING,0.4706,0.3405,0.0142,0,0.00,0.246,0.068,0.024,STANCE,0.1742,-0.1937,0.0143,1,8.11,0.781,1.083,2.940,STANCE,0.0846,0.1888,0.0370,0,0.00,0.022,0.192,0.009,SWING
2.500,264,tripod,0.4466,-0.0012,0.1334,-0.0117,-0.0140,0.0028,0.7380,0.0354,0.0850,-0.0335,0.0146,-0.0980,1.000,0.000,0.0000,0.0000,0.7708,-0.1904,0.0171,0,0.00,0.217,0.160,0.047,STANCE,0.6860,0.1772,0.0504,0,0.00,0.084,0.089,0.037,SWING,0.3831,-0.3433,0.0610,0,0.00,0.121,0.111,0.003,SWING,0.4701,0.3414,0.0146,0,0.00,0.563,0.059,0.005,STANCE,0.1751,-0.1932,0.0143,0,0.00,0.281,0.014,0.075,STANCE,0.0959,0.1914,0.0510,0,0.00,0.049,0.154,0.023,SWING
2.554,268,tripod,0.4578,-0.0007,0.1347,-0.0121,-0.0126,0.0017,0.6001,0.0265,0.0847,-0.1582,-0.0628,-0.1442,1.000,0.000,0.0000,0.0000,0.7726,-0.1900,0.0148,0,0.00,0.092,0.051,0.033,STANCE,0.7101,0.1799,0.0577,0,0.00,0.456,0.065,0.092,SWING,0.4037,-0.3454,0.0709,0,0.00,0.038,0.056,0.009,SWING,0.4713,0.3421,0.0146,0,0.08,0.630,0.021,0.010,STANCE,0.1761,-0.1930,0.0148,0,0.00,0.143,0.032,0.031,STANCE,0.1132,0.1944,0.0597,0,0.00,0.279,0.205,0.155,SWING
2.621,272,tripod,0.4681,-0.0003,0.1352,-0.0129,-0.0139,0.0009,0.6520,0.0133,0.0135,0.0634,0.1136,-0.0896,1.000,0.000,0.0000,0.0000,0.7734,-0.1900,0.0153,0,0.00,0.166,0.090,0.025,STANCE,0.7378,0.1774,0.0626,0,0.00,0.096,0.057,0.086,SWING,0.4298,-0.3438,0.0728,0,0.00,0.007,0.015,0.001,SWING,0.4726,0.3422,0.0145,0,0.44,0.753,0.006,0.023,STANCE,0.1769,-0.1926,0.0149,0,0.12,0.172,0.062,0.050,STANCE,0.1354,0.2021,0.0638,0,0.00,0.649,0.117,0.136,SWING
2.662,276,tripod,0.4777,-0.0004,0.1357,-0.0137,-0.0133,0.0007,0.5121,-0.0111,0.0032,-0.0427,0.0599,-0.0021,1.000,0.000,0.0000,0.0000,0.7735,-0.1901,0.0145,1,6.80,1.650,0.669,0.531,STANCE,0.7621,0.1703,0.0606,0,0.00,0.436,0.168,0.104,SWING,0.4549,-0.3450,0.0737,0,0.00,0.084,0.017,0.018,SWING,0.4727,0.3421,0.0145,1,4.05,2.005,1.413,0.879,STANCE,0.1769,-0.1927,0.0154,0,0.00,0.123,0.033,0.023,STANCE,0.1608,0.2117,0.0646,0,0.00,0.118,0.033,0.092,SWING
2.709,280,tripod,0.4864,-0.0005,0.1352,-0.0138,-0.0132,0.0011,0.5459,-0.0047,-0.0140,-0.0622,0.0927,-0.0577,1.000,0.000,0.0000,0.0000,0.7728,-0.1902,0.0145,1,8.42,1.952,0.752,0.738,STANCE,0.7817,0.1650,0.0549,0,0.00,0.280,0.249,0.118,SWING,0.4788,-0.3497,0.0741,0,0.00,0.108,0.016,0.024,SWING,0.4719,0.3420,0.0146,1,7.04,1.980,1.826,0.791,STANCE,0.1765,-0.1929,0.0146,0,0.00,0.029,0.101,0.117,STANCE,0.1873,0.2194,0.0603,0,0.00,0.112,0.183,0.064,SWING
2.730,284,tripod,0.4963,-0.0006,0.1351,-0.0148,-0.0126,-0.0002,0.5585,0.0035,-0.0168,-0.0279,0.0712,-0.0579,1.000,0.000,0.0000,0.0000,0.7726,-0.1906,0.0148,1,8.54,0.925,0.858,0.623,STANCE,0.8007,0.1642,0.0508,0,0.00,0.285,0.106,0.093,SWING,0.5038,-0.3528,0.0749,0,0.00,0.150,0.064,0.002,SWING,0.4721,0.3418,0.0145,1,5.66,2.940,1.233,0.327,STANCE,0.1765,-0.1927,0.0149,0,0.00,0.369,0.037,0.066,STANCE,0.2135,0.2227,0.0564,0,0.00,0.449,0.130,0.069,SWING
2.772,288,tripod,0.5052,-0.0008,0.1346,-0.0150,-0.0129,-0.0003,0.5424,-0.0186,-0.0258,-0.0110,0.0255,-0.0136,1.000,0.000,0.0000,0.0000,0.7720,-0.1908,0.0149,1,2.78,1.537,0.485,0.023,STANCE,0.8159,0.1662,0.0441,0,0.00,0.021,0.031,0.093,SWING,0.5286,-0.3526,0.0681,0,0.00,0.004,0.168,0.053,SWING,0.4718,0.3417,0.0144,1,3.71,1.499,1.390,0.982,STANCE,0.1759,-0.1928,0.0149,0,0.00,0.103,0.141,0.141,STANCE,0.2339,0.2149,0.0475,0,0.00,0.023,0.007,0.087,SWING
2.793,292,tripod,0.5143,-0.0011,0.1340,-0.0151,-0.0129,-0.0006,0.5090,-0.0272,-0.0617,0.0716,-0.1185,0.0463,1.000,0.000,0.0000,0.0000,0.7714,-0.1913,0.0149,1,4.53,1.148,2.058,1.631,STANCE,0.8285,0.1670,0.0323,0,0.00,0.108,0.025,0.092,SWING,0.5538,-0.3537,0.0570,0,0.00,0.165,0.135,0.028,SWING,0.4713,0.3414,0.0144,1,5.71,2.286,1.718,0.963,STANCE,0.1754,-0.1929,0.0150,0,0.00,0.362,0.015,0.098,STANCE,0.2554,0.2046,0.0375,0,0.00,0.177,0.082,0.102,SWING
2.835,296,tripod,0.5240,-0.0012,0.1332,-0.0156,-0.0124,-0.0004,0.5754,0.0029,-0.0442,-0.0630,0.1539,0.0248,1.000,0.000,0.0000,0.0000,0.7714,-0.1915,0.0150,1,14.21,2.940,0.532,2.068,STANCE,0.8407,0.1677,0.0201,0,0.00,0.066,0.138,0.058,SWING,0.5801,-0.3543,0.0454,0,0.00,0.584,0.109,0.032,SWING,0.4713,0.3411,0.0144,1,8.79,2.940,2.369,1.079,STANCE,0.1757,-0.1930,0.0150,0,0.00,0.141,0.277,0.193,STANCE,0.2760,0.1950,0.0291,0,0.00,0.141,0.004,0.049,SWING
2.887,300,tripod,0.5318,-0.0016,0.1328,-0.0031,-0.0212,-0.0007,0.2935,-0.0715,0.0113,0.9714,-0.1735,-0.1354,1.000,0.000,0.0000,0.0000,0.7750,-0.1905,0.0161,0,0.00,0.114,0.298,0.023,SWING,0.8468,0.1680,0.0134,1,12.54,0.984,0.160,2.940,STANCE,0.5915,-0.3497,0.0299,0,0.00,0.207,0.052,0.004,STANCE,0.4747,0.3421,0.0185,0,0.00,0.316,0.115,0.005,SWING,0.1783,-0.1925,0.0139,1,6.05,0.786,2.940,2.307,SWING,0.2877,0.1919,0.0192,0,0.00,0.072,0.079,0.023,STANCE
2.961,304,tripod,0.5369,-0.0027,0.1315,0.0156,-0.0167,-0.0047,0.3355,-0.0390,-0.0678,0.6302,0.2511,-0.1808,1.000,0.000,0.0000,0.0000,0.7783,-0.1898,0.0199,0,0.00,0.304,0.687,0.106,SWING,0.8589,0.1745,0.0156,0,0.00,0.044,0.103,0.078,STANCE,0.5856,-0.3455,0.0143,1,40.07,2.940,2.940,2.940,STANCE,0.4806,0.3423,0.0336,0,0.00,0.126,0.374,0.083,SWING,0.1823,-0.1901,0.0183,0,0.00,0.240,0.439,0.017,SWING,0.2892,0.1900,0.0144,1,14.21,0.774,0.158,2.940,STANCE
2.985,308,tripod,0.5455,-0.0030,0.1326,0.0124,-0.0147,-0.0071,0.6298,-0.0544,0.0875,-0.1424,0.1000,0.1117,1.000,0.000,0.0000,0.0000,0.7835,-0.1898,0.0318,0,0.00,0.133,0.051,0.096,SWING,0.8753,0.1805,0.0175,0,0.00,0.065,0.067,0.087,STANCE,0.5842,-0.3456,0.0141,0,0.00,0.283,0.118,0.033,STANCE,0.4900,0.3387,0.0450,0,0.00,0.180,0.146,0.065,SWING,0.1917,-0.1885,0.0316,0,0.00,0.310,0.304,0.035,SWING,0.2897,0.1896,0.0141,1,9.01,1.283,0.970,2.940,STANCE
3.037,312,tripod,0.5574,-0.0038,0.1338,0.0123,-0.0144,-0.0050,0.7269,-0.0491,0.0361,-0.0694,0.1736,0.0694,1.000,0.000,0.0000,0.0000,0.7931,-0.1883,0.0444,0,0.00,0.047,0.080,0.106,SWING,0.8864,0.1843,0.0175,0,0.00,0.220,0.118,0.053,STANCE,0.5847,-0.3465,0.0142,0,0.32,0.685,0.013,0.033,STANCE,0.5012,0.3362,0.0573,0,0.00,0.008,0.129,0.003,SWING,0.2045,-0.1899,0.0451,0,0.00,0.040,0.186,0.014,SWING,0.2908,0.1892,0.0141,0,0.00,0.287,0.062,0.017,STANCE
3.070,316,tripod,0.5685,-0.0044,0.1346,0.0122,-0.0123,-0.0038,0.5740,-0.0281,0.0639,0.1363,0.0416,0.1462,1.000,0.000,0.0000,0.0000,0.8088,-0.1897,0.0532,0,0.00,0.377,0.024,0.076,SWING,0.8887,0.1839,0.0145,1,2.53,0.371,0.349,0.958,STANCE,0.5858,-0.3472,0.0142,0,0.17,0.573,0.009,0.012,STANCE,0.5146,0.3388,0.0693,0,0.00,0.616,0.132,0.019,SWING,0.2159,-0.1926,0.0592,0,0.00,0.199,0.284,0.137,SWING,0.2922,0.1888,0.0144,0,0.00,0.212,0.025,0.032,STANCE
3.113,320,tripod,0.5777,-0.0047,0.1347,0.0131,-0.0131,-0.0019,0.5278,0.0025,-0.0146,-0.0048,-0.0100,0.1129,1.000,0.000,0.0000,0.0000,0.8361,-0.1898,0.0598,0,0.00,0.099,0.083,0.060,SWING,0.8884,0.1843,0.0149,1,5.46,1.352,2.345,1.665,STANCE,0.5862,-0.3473,0.0142,1,6.92,2.940,1.022,0.215,STANCE,0.5376,0.3394,0.0758,0,0.00,0.024,0.061,0.014,SWING,0.2349,-0.1988,0.0652,0,0.00,0.658,0.180,0.151,SWING,0.2917,0.1883,0.0149,1,5.80,0.944,0.680,0.241,STANCE
3.198,324,tripod,0.5877,-0.0047,0.1347,0.0132,-0.0133,-0.0012,0.6137,-0.0048,-0.0094,-0.0383,0.0671,-0.0226,1.000,0.000,0.0000,0.0000,0.8631,-0.1848,0.0620,0,0.00,0.081,0.029,0.096,SWING,0.8885,0.1843,0.0150,0,0.00,0.254,0.005,0.019,STANCE,0.5865,-0.3473,0.0142,1,0.78,0.862,0.090,0.008,STANCE,0.5627,0.3392,0.0765,0,0.00,0.073,0.028,0.018,SWING,0.2587,-0.2092,0.0686,0,0.00,0.063,0.045,0.118,SWING,0.2923,0.1880,0.0149,1,0.61,0.556,0.005,0.161,STANCE
3.248,328,tripod,0.5968,-0.0047,0.1349,0.0139,-0.0115,0.0001,0.3941,-0.0044,0.0471,0.1564,0.3554,0.1418,0.000,0.000,0.0000,0.0000,0.8864,-0.1761,0.0571,0,0.00,0.651,0.036,0.062,STANCE,0.8888,0.1845,0.0148,1,13.88,1.822,0.120,2.940,STANCE,0.5868,-0.3472,0.0141,1,5.71,2.940,1.527,0.681,STANCE,0.5870,0.3425,0.0758,0,0.00,0.126,0.069,0.024,STANCE,0.2857,-0.2190,0.0656,0,0.00,0.197,0.070,0.074,STANCE,0.2923,0.1880,0.0154,0,0.00,0.048,0.074,0.049,STANCE
3.268,332,tripod,0.5995,-0.0053,0.1362,0.0190,-0.0016,0.0003,0.0282,-0.0588,0.0869,0.3309,0.6005,-0.0579,0.000,0.000,0.0000,0.0000,0.8949,-0.1743,0.0440,0,0.00,0.056,0.022,0.090,STANCE,0.8891,0.1845,0.0146,1,7.73,0.051,1.213,2.940,STANCE,0.5881,-0.3471,0.0141,1,3.09,0.084,0.398,1.104,STANCE,0.6053,0.3479,0.0686,0,0.00,0.002,0.099,0.089,STANCE,0.3039,-0.2158,0.0544,0,0.00,0.064,0.097,0.094,STANCE,0.2930,0.1879,0.0196,0,0.00,0.069,0.034,0.013,STANCE
3.323,336,tripod,0.5999,-0.0058,0.1368,0.0219,0.0034,0.0003,0.0086,-0.0054,-0.0023,0.0400,0.0777,-0.0076,0.000,0.000,0.0000,0.0000,0.8981,-0.1757,0.0313,0,0.00,0.006,0.027,0.096,STANCE,0.8892,0.1846,0.0145,1,3.65,0.027,0.353,1.104,STANCE,0.5881,-0.3473,0.0141,1,3.85,0.183,0.198,1.007,STANCE,0.6215,0.3515,0.0599,0,0.00,0.071,0.111,0.093,STANCE,0.3164,-0.2075,0.0444,0,0.00,0.040,0.050,0.024,STANCE,0.2926,0.1877,0.0210,0,0.00,0.003,0.035,0.012,STANCE
3.344,340,tripod,0.5996,-0.0056,0.1362,0.0208,0.0015,0.0002,-0.0359,0.0200,-0.0582,-0.1507,-0.2580,-0.0028,0.000,0.000,0.0000,0.0000,0.9006,-0.1767,0.0199,0,0.00,0.003,0.039,0.096,STANCE,0.8891,0.1846,0.0145,1,4.70,0.148,0.427,1.407,STANCE,0.5880,-0.3472,0.0141,1,4.25,0.327,0.136,1.023,STANCE,0.6341,0.3530,0.0480,0,0.00,0.224,0.143,0.000,STANCE,0.3222,-0.2031,0.0331,0,0.00,0.023,0.107,0.013,STANCE,0.2926,0.1878,0.0178,0,0.00,0.004,0.061,0.013,STANCE
3.422,344,tripod,0.5987,-0.0052,0.1369,0.0127,-0.0145,0.0001,-0.0477,0.0113,0.2669,-0.4618,-0.9871,-0.0126,0.000,0.000,0.0000,0.0000,0.9016,-0.1770,0.0143,1,27.81,0.083,2.546,2.940,STANCE,0.8901,0.1841,0.0175,0,0.00,0.013,0.073,0.010,STANCE,0.5889,-0.3478,0.0167,0,0.00,0.013,0.076,0.006,STANCE,0.6355,0.3485,0.0339,0,0.00,0.020,0.103,0.000,STANCE,0.3274,-0.2001,0.0203,0,0.00,0.028,0.097,0.014,STANCE,0.2928,0.1877,0.0131,1,30.53,0.154,2.940,2.940,STANCE
3.466,348,tripod,0.5973,-0.0048,0.1430,0.0094,-0.0209,-0.0001,-0.1182,0.0174,0.3087,-0.4935,0.1501,0.0656,0.000,0.000,0.0000,0.0000,0.9043,-0.1784,0.0159,0,0.00,0.049,0.108,0.084,STANCE,0.8898,0.1841,0.0259,0,0.00,0.041,0.429,0.052,STANCE,0.5885,-0.3478,0.0242,0,0.00,0.013,0.308,0.038,STANCE,0.6345,0.3421,0.0277,0,0.00,0.145,0.064,0.017,STANCE,0.3330,-0.1958,0.0148,1,6.30,0.607,2.940,2.785,STANCE,0.2930,0.1877,0.0144,0,0.00,0.207,0.045,0.019,STANCE
3.502,352,tripod,0.5953,-0.0045,0.1465,-0.0010,-0.0190,0.0010,-0.1202,0.0146,0.1334,-0.5969,0.0305,0.0497,0.000,0.000,0.0000,0.0000,0.9120,-0.1840,0.0222,0,0.00,0.000,0.035,0.091,STANCE,0.8874,0.1834,0.0277,0,0.00,0.001,0.025,0.002,STANCE,0.5865,-0.3487,0.0320,0,0.00,0.000,0.009,0.000,STANCE,0.6317,0.3396,0.0260,0,0.00,0.001,0.004,0.003,STANCE,0.3344,-0.1947,0.0184,0,0.00,0.002,0.046,0.002,STANCE,0.2908,0.1862,0.0190,0,0.00,0.000,0.037,0.014,STANCE
3.520,356,tripod,0.5933,-0.0043,0.1474,-0.0111,-0.0183,0.0019,-0.1195,0.0146,-0.0166,-0.6111,0.0535,0.0432,0.000,0.000,0.0000,0.0000,0.9182,-0.1886,0.0244,0,0.00,0.002,0.093,0.123,STANCE,0.8852,0.1827,0.0253,0,0.00,0.002,0.070,0.010,STANCE,0.5848,-0.3496,0.0353,0,0.00,0.003,0.074,0.012,STANCE,0.6293,0.3386,0.0221,0,0.00,0.001,0.076,0.012,STANCE,0.3327,-0.1959,0.0207,0,0.00,0.003,0.072,0.007,STANCE,0.2886,0.1848,0.0173,0,0.00,0.001,0.078,0.013,STANCE
3.558,360,tripod,0.5917,-0.0041,0.1459,-0.0154,-0.0131,0.0000,-0.0798,0.0134,-0.1518,-0.0452,0.4631,-0.2031,0.000,0.000,0.0000,0.0000,0.9234,-0.1931,0.0221,0,0.00,0.002,0.026,0.109,STANCE,0.8832,0.1820,0.0200,0,0.00,0.000,0.022,0.007,STANCE,0.5823,-0.3500,0.0341,0,0.00,0.002,0.023,0.007,STANCE,0.6275,0.3380,0.0170,0,0.00,0.000,0.036,0.009,STANCE,0.3303,-0.1961,0.0198,0,0.00,0.003,0.034,0.007,STANCE,0.2867,0.1846,0.0151,0,0.00,0.002,0.027,0.003,STANCE
3.586,364,tripod,0.5905,-0.0043,0.1423,-0.0099,-0.0088,-0.0040,-0.0738,-0.0581,-0.2642,0.5509,0.1476,-0.2534,0.000,0.000,0.0000,0.0000,0.9242,-0.1956,0.0162,0,0.00,0.071,0.036,0.014,STANCE,0.8821,0.1812,0.0153,0,0.00,0.062,0.037,0.004,STANCE,0.5792,-0.3496,0.0286,0,0.00,0.007,0.028,0.015,STANCE,0.6270,0.3383,0.0148,1,5.73,0.062,1.054,2.424,STANCE,0.3277,-0.1946,0.0162,0,0.00,0.073,0.015,0.008,STANCE,0.2854,0.1863,0.0150,0,0.00,0.087,0.006,0.011,STANCE
3.713,368,tripod,0.5902,-0.0047,0.1404,-0.0068,-0.0087,-0.0034,0.0029,0.0013,-0.1467,0.0242,-0.0058,0.0674,0.000,0.000,0.0000,0.0000,0.9238,-0.1959,0.0146,0,0.27,0.236,0.117,0.005,STANCE,0.8818,0.1811,0.0152,0,0.00,0.015,0.091,0.008,STANCE,0.5785,-0.3496,0.0254,0,0.00,0.056,0.006,0.005,STANCE,0.6268,0.3384,0.0164,0,0.00,0.011,0.066,0.017,STANCE,0.3271,-0.1944,0.0148,1,3.33,0.321,0.514,1.313,STANCE,0.2852,0.1865,0.0154,0,0.00,0.004,0.122,0.023,STANCE
3.798,372,tripod,0.5902,-0.0048,0.1371,-0.0059,-0.0092,-0.0028,0.0076,-0.0317,-0.1436,0.2270,0.0337,0.0405,0.000,0.000,0.0000,0.0000,0.9238,-0.1959,0.0149,1,19.39,0.656,2.782,0.681,STANCE,0.8818,0.1811,0.0149,0,0.00,0.025,0.067,0.014,STANCE,0.5785,-0.3495,0.0231,0,0.00,0.050,0.131,0.010,STANCE,0.6269,0.3384,0.0150,1,6.42,0.497,0.929,0.095,STANCE,0.3271,-0.1943,0.0148,1,6.67,0.544,0.316,0.928,STANCE,0.2852,0.1867,0.0145,1,17.28,0.090,2.166,0.867,STANCE
3.837,376,tripod,0.5903,-0.0049,0.1355,-0.0047,-0.0090,-0.0021,0.0009,-0.0034,-0.0646,0.0205,0.0051,0.0279,0.000,0.000,0.0000,0.0000,0.9237,-0.1959,0.0147,1,7.14,0.200,0.649,0.649,STANCE,0.8818,0.1811,0.0150,1,3.34,0.024,0.035,0.674,STANCE,0.5785,-0.3496,0.0204,0,0.00,0.010,0.110,0.006,STANCE,0.6269,0.3384,0.0150,1,2.38,0.128,0.337,0.032,STANCE,0.3271,-0.1943,0.0148,1,5.95,0.037,0.366,0.681,STANCE,0.2852,0.1866,0.0144,1,5.32,0.202,0.322,0.662,STANCE
3.858,380,tripod,0.5903,-0.0050,0.1346,-0.0046,-0.0089,-0.0016,0.0002,-0.0015,-0.0353,0.0070,0.0025,0.0217,0.000,0.000,0.0000,0.0000,0.9237,-0.1959,0.0146,1,5.07,0.302,0.245,0.713,STANCE,0.8818,0.1811,0.0149,1,2.96,0.080,0.195,0.789,STANCE,0.5785,-0.3496,0.0179,0,0.00,0.001,0.112,0.009,STANCE,0.6269,0.3384,0.0149,1,1.60,0.091,0.118,0.141,STANCE,0.3272,-0.1943,0.0147,1,5.39,0.074,0.017,0.994,STANCE,0.2853,0.1866,0.0144,1,3.81,0.204,0.054,0.816,STANCE
3.903,384,tripod,0.5903,-0.0050,0.1341,-0.0045,-0.0089,-0.0012,0.0007,-0.0008,-0.0204,0.0051,0.0030,0.0171,0.000,0.000,0.0000,0.0000,0.9237,-0.1959,0.0146,1,4.39,0.032,0.046,0.811,STANCE,0.8818,0.1811,0.0149,1,2.47,0.147,0.175,0.242,STANCE,0.5786,-0.3496,0.0155,0,0.00,0.001,0.115,0.011,STANCE,0.6269,0.3384,0.0149,1,1.42,0.257,0.042,0.304,STANCE,0.3272,-0.1943,0.0147,1,4.71,0.216,0.091,0.995,STANCE,0.2853,0.1866,0.0144,1,3.19,0.349,0.178,0.843,STANCE
4.006,388,tripod,0.5903,-0.0049,0.1341,-0.0056,-0.0088,-0.0009,0.0011,0.0025,-0.0099,-0.0170,0.0035,0.0122,0.000,0.000,0.0000,0.0000,0.9238,-0.1959,0.0150,0,0.00,0.006,0.024,0.000,STANCE,0.8818,0.1811,0.0149,1,1.70,0.085,0.187,0.090,STANCE,0.5786,-0.3496,0.0147,1,5.41,0.119,0.699,0.246,STANCE,0.6269,0.3384,0.0148,1,3.60,0.387,0.428,0.175,STANCE,0.3271,-0.1943,0.0151,0,0.00,0.003,0.019,0.003,STANCE,0.2852,0.1866,0.0144,1,2.35,0.042,0.013,0.451,STANCE
4.091,392,tripod,0.5903,-0.0048,0.1342,-0.0061,-0.0088,-0.0007,-0.0020,0.0050,0.0072,-0.0369,-0.0201,0.0099,0.000,0.000,0.0000,0.0000,0.9238,-0.1959,0.0148,1,3.77,0.028,0.485,0.187,STANCE,0.8818,0.1811,0.0150,0,0.00,0.004,0.019,0.002,STANCE,0.5786,-0.3496,0.0149,0,0.00,0.003,0.009,0.000,STANCE,0.6269,0.3384,0.0148,1,1.19,0.248,0.108,0.082,STANCE,0.3271,-0.1943,0.0149,1,1.32,0.058,0.270,0.090,STANCE,0.2852,0.1866,0.0145,1,3.08,0.049,0.099,0.510,STANCE
4.148,396,tripod,0.5903,-0.0048,0.1340,-0.0064,-0.0088,-0.0006,0.0001,0.0058,0.0063,-0.0784,0.0038,0.0040,0.000,0.000,0.0000,0.0000,0.9238,-0.1959,0.0147,0,0.00,0.006,0.094,0.007,STANCE,0.8818,0.1811,0.0150,0,0.22,0.117,0.052,0.052,STANCE,0.5786,-0.3496,0.0149,1,14.40,0.151,1.847,0.520,STANCE,0.6269,0.3384,0.0148,1,8.43,0.799,1.499,0.019,STANCE,0.3271,-0.1943,0.0149,0,0.00,0.017,0.086,0.005,STANCE,0.2853,0.1866,0.0145,1,1.68,0.820,0.012,0.337,STANCE
4.205,400,tripod,0.5903,-0.0047,0.1339,-0.0068,-0.0088,-0.0004,-0.0000,0.0006,-0.0098,-0.0011,-0.0000,0.0054,0.000,0.000,0.0000,0.0000,0.9238,-0.1959,0.0149,1,1.66,0.120,0.097,0.188,STANCE,0.8818,0.1811,0.0150,1,1.52,0.029,0.153,0.078,STANCE,0.5786,-0.3496,0.0147,1,4.43,0.111,0.633,0.097,STANCE,0.6269,0.3384,0.0147,1,2.87,0.352,0.338,0.145,STANCE,0.3271,-0.1943,0.0151,0,0.00,0.001,0.027,0.003,STANCE,0.2852,0.1866,0.0145,1,3.29,0.216,0.075,0.551,STANCE
4.282,404,tripod,0.5904,-0.0047,0.1339,-0.0070,-0.0083,-0.0003,0.0016,0.0005,-0.0072,-0.0017,0.0052,0.0046,0.000,0.000,0.0000,0.0000,0.9238,-0.1959,0.0149,1,1.91,0.205,0.159,0.170,STANCE,0.8819,0.1811,0.0149,1,2.32,0.043,0.341,0.030,STANCE,0.5786,-0.3496,0.0149,1,0.74,0.033,0.051,0.057,STANCE,0.6269,0.3384,0.0147,1,2.18,0.092,0.265,0.096,STANCE,0.3271,-0.1943,0.0148,1,4.90,0.135,0.718,0.052,STANCE,0.2852,0.1866,0.0147,1,1.21,0.324,0.159,0.417,STANCE
4.319,408,tripod,0.5904,-0.0047,0.1338,-0.0070,-0.0083,-0.0003,0.0003,-0.0001,-0.0067,0.0007,0.0011,0.0034,0.000,0.000,0.0000,0.0000,0.9238,-0.1959,0.0148,1,2.12,0.210,0.115,0.262,STANCE,0.8818,0.1811,0.0149,1,2.06,0.051,0.229,0.097,STANCE,0.5786,-0.3496,0.0149,1,1.99,0.092,0.232,0.092,STANCE,0.6269,0.3384,0.0146,1,2.54,0.269,0.262,0.164,STANCE,0.3271,-0.1943,0.0147,1,2.59,0.028,0.406,0.014,STANCE,0.2853,0.1866,0.0147,1,2.25,0.312,0.167,0.637,STANCE
4.341,412,tripod,0.5904,-0.0047,0.1337,-0.0070,-0.0083,-0.0002,0.0002,-0.0000,-0.0046,0.0008,0.0009,0.0027,0.000,0.000,0.0000,0.0000,0.9238,-0.1959,0.0148,1,2.03,0.214,0.078,0.287,STANCE,0.8818,0.1811,0.0148,1,2.00,0.040,0.195,0.126,STANCE,0.5786,-0.3496,0.0148,1,2.03,0.130,0.229,0.104,STANCE,0.6269,0.3384,0.0146,1,2.54,0.313,0.246,0.186,STANCE,0.3271,-0.1943,0.0147,1,2.38,0.010,0.359,0.009,STANCE,0.2853,0.1866,0.0147,1,2.23,0.289,0.211,0.687,STANCE
4.375,416,tripod,0.5904,-0.0047,0.1336,-0.0070,-0.0082,-0.0001,0.0002,-0.0001,-0.0032,0.0007,0.0008,0.0021,0.000,0.000,0.0000,0.0000,0.9238,-0.1959,0.0148,1,1.98,0.216,0.058,0.299,STANCE,0.8818,0.1811,0.0148,1,1.98,0.038,0.178,0.142,STANCE,0.5786,-0.3496,0.0148,1,2.00,0.159,0.218,0.111,STANCE,0.6269,0.3384,0.0146,1,2.52,0.339,0.233,0.195,STANCE,0.3271,-0.1943,0.0147,1,2.33,0.045,0.345,0.018,STANCE,0.2853,0.1866,0.0146,1,2.17,0.282,0.230,0.698,STANCE
4.396,420,tripod,0.5904,-0.0047,0.1336,-0.0070,-0.0082,-0.0001,0.0001,-0.0001,-0.0023,0.0007,0.0008,0.0015,0.000,0.000,0.0000,0.0000,0.9238,-0.1959,0.0147,1,1.96,0.218,0.051,0.303,STANCE,0.8818,0.1811,0.0148,1,1.97,0.035,0.169,0.151,STANCE,0.5786,-0.3496,0.0148,1,1.98,0.167,0.211,0.115,STANCE,0.6269,0.3384,0.0146,1,2.49,0.346,0.225,0.200,STANCE,0.3271,-0.1943,0.0146,1,2.32,0.050,0.336,0.024,STANCE,0.2853,0.1866,0.0146,1,2.13,0.281,0.240,0.703,STANCE
4.430,424,tripod,0.5904,-0.0047,0.1335,-0.0070,-0.0082,-0.0001,0.0001,-0.0001,-0.0018,0.0006,0.0007,0.0011,0.000,0.000,0.0000,0.0000,0.9238,-0.1959,0.0147,1,1.94,0.223,0.047,0.305,STANCE,0.8818,0.1811,0.0147,1,1.95,0.036,0.166,0.152,STANCE,0.5786,-0.3496,0.0148,1,1.97,0.165,0.207,0.118,STANCE,0.6269,0.3384,0.0146,1,2.47,0.348,0.222,0.201,STANCE,0.3271,-0.1943,0.0146,1,2.31,0.071,0.333,0.027,STANCE,0.2853,0.1866,0.0146,1,2.11,0.282,0.244,0.705,STANCE
4.452,428,tripod,0.5904,-0.0047,0.1335,-0.0070,-0.0082,-0.0001,0.0001,-0.0001,-0.0015,0.0006,0.0007,0.0009,0.000,0.000,0.0000,0.0000,0.9238,-0.1959,0.0147,1,1.94,0.227,0.045,0.307,STANCE,0.8818,0.1811,0.0147,1,1.95,0.039,0.164,0.153,STANCE,0.5786,-0.3496,0.0147,1,1.96,0.165,0.204,0.120,STANCE,0.6269,0.3384,0.0145,1,2.46,0.354,0.220,0.201,STANCE,0.3271,-0.1943,0.0146,1,2.31,0.100,0.331,0.028,STANCE,0.2853,0.1866,0.0146,1,2.10,0.283,0.246,0.704,STANCE
4.488,432,tripod,0.5904,-0.0047,0.1335,-0.0069,-0.0082,-0.0001,0.0001,-0.0001,-0.0012,0.0006,0.0006,0.0007,0.000,0.000,0.0000,0.0000,0.9238,-0.1959,0.0147,1,1.93,0.231,0.043,0.308,STANCE,0.8818,0.1811,0.0147,1,1.95,0.043,0.163,0.153,STANCE,0.5786,-0.3496,0.0147,1,1.96,0.166,0.203,0.122,STANCE,0.6269,0.3384,0.0145,1,2.46,0.358,0.219,0.201,STANCE,0.3271,-0.1943,0.0146,1,2.30,0.118,0.330,0.029,STANCE,0.2853,0.1866,0.0146,1,2.09,0.284,0.247,0.704,STANCE
4.510,436,tripod,0.5904,-0.0047,0.1335,-0.0069,-0.0082,-0.0000,0.0001,-0.0001,-0.0011,0.0005,0.0006,0.0005,0.000,0.000,0.0000,0.0000,0.9238,-0.1959,0.0146,1,1.94,0.231,0.043,0.308,STANCE,0.8818,0.1811,0.0147,1,1.94,0.042,0.163,0.153,STANCE,0.5786,-0.3496,0.0147,1,1.96,0.165,0.202,0.123,STANCE,0.6269,0.3384,0.0145,1,2.45,0.357,0.218,0.201,STANCE,0.3271,-0.1943,0.0146,1,2.30,0.118,0.329,0.030,STANCE,0.2853,0.1866,0.0146,1,2.09,0.284,0.248,0.703,STANCE
4.548,440,tripod,0.5904,-0.0047,0.1334,-0.0069,-0.0082,-0.0000,0.0001,-0.0001,-0.0010,0.0005,0.0005,0.0004,0.000,0.000,0.0000,0.0000,0.9238,-0.1959,0.0146,1,1.94,0.232,0.044,0.309,STANCE,0.8818,0.1811,0.0147,1,1.94,0.040,0.162,0.152,STANCE,0.5786,-0.3496,0.0147,1,1.97,0.165,0.202,0.123,STANCE,0.6269,0.3384,0.0145,1,2.44,0.355,0.217,0.201,STANCE,0.3271,-0.1943,0.0145,1,2.31,0.116,0.329,0.030,STANCE,0.2853,0.1866,0.0145,1,2.08,0.286,0.248,0.703,STANCE
4.570,444,tripod,0.5904,-0.0047,0.1334,-0.0069,-0.0082,-0.0000,0.0001,-0.0001,-0.0009,0.0005,0.0005,0.0003,0.000,0.000,0.0000,0.0000,0.9238,-0.1959,0.0146,1,1.94,0.233,0.044,0.309,STANCE,0.8818,0.1811,0.0147,1,1.94,0.042,0.162,0.153,STANCE,0.5786,-0.3496,0.0146,1,1.97,0.165,0.202,0.124,STANCE,0.6269,0.3384,0.0145,1,2.44,0.355,0.217,0.201,STANCE,0.3271,-0.1943,0.0145,1,2.31,0.116,0.329,0.030,STANCE,0.2853,0.1866,0.0145,1,2.08,0.287,0.248,0.703,STANCE
4.605,448,tripod,0.5904,-0.0047,0.1334,-0.0069,-0.0082,-0.0000,0.0001,-0.0001,-0.0008,0.0004,0.0005,0.0002,0.000,0.000,0.0000,0.0000,0.9238,-0.1959,0.0146,1,1.94,0.233,0.044,0.309,STANCE,0.8818,0.1811,0.0146,1,1.94,0.046,0.162,0.153,STANCE,0.5786,-0.3496,0.0146,1,1.97,0.166,0.202,0.124,STANCE,0.6269,0.3384,0.0145,1,2.43,0.354,0.216,0.200,STANCE,0.3271,-0.1943,0.0145,1,2.31,0.115,0.328,0.030,STANCE,0.2853,0.1866,0.0145,1,2.07,0.288,0.248,0.702,STANCE
4.627,452,tripod,0.5904,-0.0047,0.1334,-0.0069,-0.0081,-0.0000,0.0001,-0.0000,-0.0007,0.0004,0.0004,0.0000,0.000,0.000,0.0000,0.0000,0.9238,-0.1959,0.0146,1,1.94,0.231,0.045,0.308,STANCE,0.8818,0.1811,0.0146,1,1.94,0.037,0.162,0.153,STANCE,0.5786,-0.3496,0.0146,1,1.97,0.165,0.202,0.124,STANCE,0.6269,0.3384,0.0145,1,2.43,0.354,0.216,0.201,STANCE,0.3271,-0.1943,0.0145,1,2.31,0.114,0.328,0.030,STANCE,0.2853,0.1866,0.0145,1,2.07,0.285,0.250,0.703,STANCE
4.661,456,tripod,0.5904,-0.0047,0.1334,-0.0069,-0.0081,-0.0000,0.0001,-0.0001,-0.0006,0.0004,0.0004,0.0000,0.000,0.000,0.0000,0.0000,0.9238,-0.1959,0.0145,1,1.95,0.231,0.046,0.308,STANCE,0.8818,0.1811,0.0146,1,1.94,0.034,0.162,0.152,STANCE,0.5786,-0.3496,0.0146,1,1.97,0.165,0.203,0.124,STANCE,0.6269,0.3384,0.0145,1,2.43,0.354,0.215,0.201,STANCE,0.3271,-0.1943,0.0145,1,2.31,0.114,0.328,0.030,STANCE,0.2853,0.1866,0.0145,1,2.07,0.285,0.250,0.704,STANCE
4.683,460,tripod,0.5904,-0.0047,0.1334,-0.0069,-0.0081,-0.0000,0.0000,-0.0000,-0.0006,0.0004,0.0004,0.0000,0.000,0.000,0.0000,0.0000,0.9238,-0.1959,0.0145,1,1.95,0.231,0.046,0.308,STANCE,0.8818,0.1811,0.0146,1,1.94,0.033,0.162,0.152,STANCE,0.5786,-0.3496,0.0146,1,1.97,0.165,0.203,0.124,STANCE,0.6269,0.3384,0.0144,1,2.43,0.354,0.215,0.201,STANCE,0.3271,-0.1943,0.0145,1,2.31,0.114,0.328,0.030,STANCE,0.2853,0.1866,0.0145,1,2.07,0.285,0.251,0.704,STANCE
4.717,464,tripod,0.5904,-0.0047,0.1334,-0.0069,-0.0081,-0.0000,0.0000,-0.0000,-0.0005,0.0003,0.0003,0.0000,0.000,0.000,0.0000,0.0000,0.9238,-0.1959,0.0145,1,1.95,0.231,0.047,0.308,STANCE,0.8818,0.1811,0.0146,1,1.94,0.032,0.163,0.152,STANCE,0.5786,-0.3496,0.0146,1,1.97,0.165,0.203,0.124,STANCE,0.6269,0.3384,0.0144,1,2.42,0.354,0.215,0.201,STANCE,0.3271,-0.1943,0.0145,1,2.31,0.114,0.328,0.030,STANCE,0.2853,0.1866,0.0145,1,2.07,0.285,0.251,0.704,STANCE
4.739,468,tripod,0.5904,-0.0047,0.1334,-0.0069,-0.0081,-0.0000,0.0000,-0.0000,-0.0005,0.0003,0.0003,0.0000,0.000,0.000,0.0000,0.0000,0.9238,-0.1959,0.0145,1,1.95,0.232,0.047,0.308,STANCE,0.8818,0.1811,0.0146,1,1.94,0.032,0.163,0.152,STANCE,0.5786,-0.3496,0.0146,1,1.97,0.165,0.203,0.124,STANCE,0.6269,0.3384,0.0144,1,2.42,0.354,0.215,0.201,STANCE,0.3271,-0.1943,0.0145,1,2.31,0.114,0.329,0.030,STANCE,0.2853,0.1866,0.0145,1,2.06,0.285,0.251,0.704,STANCE
4.772,472,tripod,0.5904,-0.0047,0.1334,-0.0069,-0.0081,-0.0000,0.0000,-0.0000,-0.0005,0.0003,0.0003,-0.0000,0.000,0.000,0.0000,0.0000,0.9238,-0.1959,0.0145,1,1.95,0.232,0.047,0.308,STANCE,0.8818,0.1811,0.0146,1,1.94,0.032,0.163,0.152,STANCE,0.5786,-0.3496,0.0146,1,1.98,0.165,0.203,0.124,STANCE,0.6269,0.3384,0.0144,1,2.42,0.354,0.215,0.201,STANCE,0.3271,-0.1943,0.0145,1,2.31,0.114,0.329,0.030,STANCE,0.2853,0.1866,0.0145,1,2.06,0.285,0.252,0.704,STANCE
4.794,476,tripod,0.5904,-0.0047,0.1333,-0.0069,-0.0081,-0.0000,0.0000,-0.0000,-0.0004,0.0003,0.0003,-0.0000,0.000,0.000,0.0000,0.0000,0.9238,-0.1959,0.0145,1,1.96,0.232,0.047,0.308,STANCE,0.8818,0.1811,0.0146,1,1.94,0.032,0.163,0.152,STANCE,0.5786,-0.3496,0.0146,1,1.98,0.165,0.203,0.124,STANCE,0.6269,0.3384,0.0144,1,2.42,0.354,0.215,0.201,STANCE,0.3271,-0.1943,0.0144,1,2.31,0.114,0.329,0.030,STANCE,0.2853,0.1866,0.0145,1,2.06,0.285,0.252,0.703,STANCE
4.828,480,tripod,0.5904,-0.0047,0.1333,-0.0069,-0.0081,-0.0000,0.0000,-0.0000,-0.0004,0.0003,0.0002,-0.0000,0.000,0.000,0.0000,0.0000,0.9238,-0.1959,0.0145,1,1.96,0.232,0.048,0.308,STANCE,0.8818,0.1811,0.0146,1,1.94,0.032,0.163,0.151,STANCE,0.5786,-0.3496,0.0145,1,1.98,0.165,0.203,0.124,STANCE,0.6269,0.3384,0.0144,1,2.42,0.354,0.214,0.201,STANCE,0.3271,-0.1943,0.0144,1,2.31,0.114,0.329,0.030,STANCE,0.2853,0.1866,0.0145,1,2.06,0.285,0.252,0.703,STANCE
4.868,484,ripple,0.5902,-0.0047,0.1334,-0.0032,-0.0050,0.0002,-0.0670,-0.0134,0.0448,1.0774,0.9357,-0.1179,0.000,0.000,0.0000,0.0000,0.9225,-0.1975,0.0152,0,0.00,0.521,0.701,0.166,STANCE,0.8822,0.1812,0.0145,1,8.37,2.030,0.989,2.940,STANCE,0.5787,-0.3493,0.0145,1,7.15,2.940,2.940,2.133,STANCE,0.6268,0.3381,0.0144,1,7.11,2.940,2.863,2.042,STANCE,0.3248,-0.1938,0.0146,0,0.00,0.458,0.016,0.005,STANCE,0.2880,0.1855,0.0145,1,5.93,1.650,2.940,2.296,STANCE
4.941,488,ripple,0.5860,-0.0058,0.1351,0.0016,0.0030,-0.0087,-0.3376,-0.0582,0.0853,0.1373,0.0769,-0.4467,0.000,0.000,0.0000,0.0000,0.9035,-0.2078,0.0147,1,0.73,0.106,0.338,0.411,STANCE,0.8825,0.1807,0.0144,0,0.00,0.160,0.003,0.014,STANCE,0.5807,-0.3495,0.0145,0,0.00,0.429,0.028,0.002,STANCE,0.6113,0.3373,0.0155,0,0.00,0.068,0.003,0.000,STANCE,0.3027,-0.1864,0.0167,0,0.00,0.372,0.038,0.091,STANCE,0.2893,0.1864,0.0163,0,0.00,0.016,0.031,0.002,STANCE
5.000,492,ripple,0.5807,-0.0067,0.1351,0.0013,0.0009,-0.0140,-0.2968,-0.0522,-0.0656,-0.1975,-0.3107,-0.0958,0.000,0.000,0.0000,0.0000,0.8853,-0.2051,0.0146,0,0.00,0.097,0.079,0.109,STANCE,0.8818,0.1789,0.0151,0,0.00,0.086,0.012,0.006,STANCE,0.5762,-0.3504,0.0146,1,1.47,0.730,0.157,0.071,STANCE,0.5930,0.3374,0.0158,0,0.00,0.163,0.034,0.007,STANCE,0.2865,-0.1884,0.0156,0,0.00,0.121,0.009,0.095,STANCE,0.2855,0.1872,0.0160,0,0.00,0.076,0.048,0.007,STANCE
5.103,496,ripple,0.5794,-0.0070,0.1347,-0.0000,-0.0004,-0.0139,0.0395,0.0246,-0.0004,-0.0001,0.0030,-0.0477,0.000,0.000,0.0000,0.0000,0.8760,-0.2012,0.0148,1,0.69,0.161,0.273,0.284,STANCE,0.8802,0.1783,0.0148,1,1.37,0.388,0.283,0.582,STANCE,0.5746,-0.3510,0.0147,1,0.78,0.434,0.162,0.082,STANCE,0.5847,0.3369,0.0147,1,1.36,0.645,0.145,0.073,STANCE,0.2824,-0.1902,0.0148,1,6.52,0.017,1.334,2.940,STANCE,0.2838,0.1866,0.0146,1,0.92,0.598,0.104,0.031,STANCE
5.160,500,ripple,0.5800,-0.0067,0.1347,-0.0001,-0.0002,-0.0143,-0.0002,-0.0023,-0.0010,0.0014,0.0031,0.0015,0.000,0.000,0.0000,0.0000,0.8756,-0.2005,0.0148,1,1.70,0.085,0.878,0.752,STANCE,0.8809,0.1785,0.0148,1,2.40,0.026,0.172,0.656,STANCE,0.5751,-0.3507,0.0148,1,1.64,0.357,0.228,0.025,STANCE,0.5849,0.3372,0.0147,1,2.22,0.935,0.010,0.412,STANCE,0.2796,-0.1916,0.0147,1,3.30,0.486,0.632,1.442,STANCE,0.2844,0.1870,0.0146,1,1.23,0.214,0.239,0.082,STANCE
5.199,504,ripple,0.5800,-0.0067,0.1347,-0.0001,-0.0002,-0.0143,-0.0004,0.0005,-0.0013,-0.0014,0.0004,-0.0019,0.000,0.000,0.0000,0.0000,0.8756,-0.2005,0.0148,1,2.20,0.049,0.384,0.043,STANCE,0.8809,0.1785,0.0147,1,1.98,0.355,0.085,0.466,STANCE,0.5751,-0.3507,0.0147,1,1.77,0.059,0.214,0.063,STANCE,0.5849,0.3372,0.0147,1,2.14,1.043,0.134,0.556,STANCE,0.2790,-0.1919,0.0146,1,2.25,0.257,0.511,1.046,STANCE,0.2844,0.1870,0.0146,1,2.00,0.537,0.305,0.018,STANCE
5.221,508,ripple,0.5799,-0.0067,0.1347,-0.0001,-0.0002,-0.0143,-0.0006,-0.0009,-0.0015,0.0007,-0.0003,-0.0003,0.000,0.000,0.0000,0.0000,0.8756,-0.2005,0.0148,1,2.02,0.194,0.389,0.079,STANCE,0.8809,0.1785,0.0147,1,1.94,0.247,0.089,0.244,STANCE,0.5751,-0.3507,0.0147,1,2.44,0.461,0.217,0.193,STANCE,0.5849,0.3372,0.0146,1,2.37,0.585,0.075,0.535,STANCE,0.2789,-0.1920,0.0146,1,1.13,0.108,0.570,0.495,STANCE,0.2844,0.1870,0.0146,1,2.60,1.100,0.387,0.024,STANCE
5.260,512,ripple,0.5799,-0.0067,0.1346,-0.0001,-0.0002,-0.0143,-0.0000,-0.0002,-0.0012,0.0004,0.0006,0.0003,0.000,0.000,0.0000,0.0000,0.8756,-0.2005,0.0147,1,1.95,0.295,0.371,0.072,STANCE,0.8809,0.1785,0.0147,1,2.03,0.174,0.168,0.167,STANCE,0.5751,-0.3507,0.0147,1,2.13,0.463,0.142,0.228,STANCE,0.5849,0.3372,0.0146,1,2.31,0.425,0.057,0.499,STANCE,0.2789,-0.1920,0.0146,1,1.95,0.244,0.879,0.694,STANCE,0.2844,0.1870,0.0146,1,2.30,1.155,0.361,0.008,STANCE
5.282,516,ripple,0.5799,-0.0067,0.1346,-0.0001,-0.0002,-0.0143,0.0001,-0.0001,-0.0011,0.0004,0.0006,0.0001,0.000,0.000,0.0000,0.0000,0.8756,-0.2005,0.0147,1,1.95,0.295,0.368,0.069,STANCE,0.8809,0.1785,0.0147,1,2.06,0.168,0.183,0.155,STANCE,0.5751,-0.3507,0.0147,1,2.09,0.452,0.133,0.230,STANCE,0.5849,0.3372,0.0146,1,2.32,0.419,0.053,0.496,STANCE,0.2789,-0.1920,0.0146,1,2.01,0.254,0.906,0.715,STANCE,0.2844,0.1870,0.0146,1,2.24,1.149,0.353,0.006,STANCE
5.317,520,ripple,0.5799,-0.0067,0.1346,-0.0001,-0.0002,-0.0143,0.0001,-0.0001,-0.0010,0.0003,0.0005,-0.0001,0.000,0.000,0.0000,0.0000,0.8756,-0.2005,0.0147,1,1.95,0.294,0.368,0.069,STANCE,0.8809,0.1785,0.0147,1,2.07,0.177,0.188,0.150,STANCE,0.5751,-0.3507,0.0146,1,2.09,0.450,0.132,0.230,STANCE,0.5849,0.3372,0.0146,1,2.32,0.418,0.053,0.496,STANCE,0.2789,-0.1920,0.0146,1,2.01,0.259,0.912,0.720,STANCE,0.2844,0.1870,0.0145,1,2.23,1.146,0.351,0.007,STANCE
5.339,524,placemove,0.5800,-0.0067,0.1346,-0.0001,-0.0002,-0.0143,0.0028,0.0010,-0.0010,-0.0002,0.0026,-0.0034,0.000,0.000,0.0000,0.0000,0.8750,-0.2014,0.0147,1,2.54,2.779,0.298,0.145,STANCE,0.8805,0.1794,0.0146,1,2.72,2.874,0.160,0.318,STANCE,0.5751,-0.3507,0.0146,1,2.08,0.579,0.133,0.231,STANCE,0.5849,0.3372,0.0146,1,2.21,1.279,0.089,0.312,STANCE,0.2789,-0.1920,0.0146,1,1.42,0.182,0.729,0.626,STANCE,0.2844,0.1870,0.0145,1,1.70,0.710,0.463,0.248,STANCE
5.377,528,placemove,0.5800,-0.0067,0.1346,-0.0001,-0.0002,-0.0143,0.0000,0.0000,-0.0008,0.0007,0.0002,0.0004,0.000,0.000,0.0000,0.0000,0.8667,-0.2142,0.0147,1,2.03,1.338,0.252,0.088,STANCE,0.8725,0.1924,0.0146,1,2.06,1.356,0.211,0.137,STANCE,0.5751,-0.3507,0.0146,1,2.18,0.125,0.124,0.259,STANCE,0.5849,0.3372,0.0146,1,2.16,0.557,0.164,0.205,STANCE,0.2789,-0.1920,0.0146,1,2.07,0.304,1.048,0.876,STANCE,0.2844,0.1870,0.0145,1,2.18,0.863,0.462,0.136,STANCE
5.398,532,placemove,0.5800,-0.0067,0.1346,-0.0001,-0.0002,-0.0143,0.0001,-0.0001,-0.0007,0.0005,-0.0000,-0.0003,0.000,0.000,0.0000,0.0000,0.8576,-0.2264,0.0146,1,2.03,1.343,0.289,0.041,STANCE,0.8637,0.2049,0.0146,1,2.07,1.368,0.283,0.059,STANCE,0.5751,-0.3507,0.0146,1,2.19,0.051,0.134,0.249,STANCE,0.5849,0.3372,0.0145,1,2.16,0.626,0.155,0.216,STANCE,0.2789,-0.1920,0.0145,1,2.08,0.274,1.059,0.887,STANCE,0.2844,0.1870,0.0145,1,2.15,0.838,0.471,0.152,STANCE
5.432,536,placemove,0.5800,-0.0067,0.1346,-0.0001,-0.0002,-0.0143,0.0001,-0.0001,-0.0006,0.0005,-0.0000,-0.0002,0.000,0.000,0.0000,0.0000,0.8477,-0.2380,0.0146,1,2.05,1.362,0.345,0.022,STANCE,0.8541,0.2168,0.0146,1,2.10,1.392,0.334,0.003,STANCE,0.5751,-0.3507,0.0146,1,2.18,0.030,0.136,0.245,STANCE,0.5849,0.3372,0.0145,1,2.16,0.720,0.149,0.222,STANCE,0.2789,-0.1920,0.0145,1,2.06,0.241,1.075,0.910,STANCE,0.2844,0.1870,0.0145,1,2.15,0.818,0.487,0.171,STANCE
5.454,540,placemove,0.5800,-0.0067,0.1345,-0.0001,-0.0002,-0.0143,0.0003,0.0002,-0.0006,0.0004,0.0001,0.0003,0.000,0.000,0.0000,0.0000,0.8370,-0.2489,0.0146,1,2.10,1.393,0.410,0.089,STANCE,0.8437,0.2280,0.0146,1,2.10,1.395,0.387,0.062,STANCE,0.5751,-0.3507,0.0146,1,2.18,0.189,0.143,0.237,STANCE,0.5849,0.3372,0.0145,1,2.11,0.854,0.133,0.231,STANCE,0.2789,-0.1920,0.0145,1,2.03,0.236,1.063,0.900,STANCE,0.2844,0.1870,0.0145,1,2.19,0.797,0.518,0.201,STANCE
5.488,544,placemove,0.5800,-0.0067,0.1345,-0.0000,-0.0001,-0.0143,0.0002,0.0000,-0.0006,0.0005,0.0003,0.0006,0.000,0.000,0.0000,0.0000,0.8256,-0.2590,0.0146,1,2.12,1.400,0.461,0.148,STANCE,0.8326,0.2385,0.0146,1,2.12,1.410,0.433,0.115,STANCE,0.5751,-0.3507,0.0146,1,2.17,0.308,0.151,0.226,STANCE,0.5849,0.3372,0.0145,1,2.13,0.967,0.125,0.243,STANCE,0.2789,-0.1920,0.0145,1,1.98,0.227,1.032,0.875,STANCE,0.2844,0.1870,0.0145,1,2.15,0.774,0.529,0.223,STANCE
5.509,548,placemove,0.5800,-0.0067,0.1345,-0.0000,-0.0001,-0.0143,0.0002,0.0000,-0.0005,0.0005,0.0003,0.0007,0.000,0.000,0.0000,0.0000,0.8136,-0.2684,0.0146,1,2.16,1.414,0.513,0.203,STANCE,0.8209,0.2482,0.0146,1,2.13,1.407,0.487,0.178,STANCE,0.5751,-0.3507,0.0145,1,2.18,0.537,0.146,0.233,STANCE,0.5849,0.3372,0.0145,1,2.19,1.049,0.134,0.241,STANCE,0.2789,-0.1920,0.0145,1,1.93,0.412,0.979,0.821,STANCE,0.2844,0.1870,0.0145,1,2.10,0.838,0.570,0.283,STANCE
5.547,552,placemove,0.5800,-0.0067,0.1345,-0.0000,-0.0001,-0.0143,0.0002,-0.0000,-0.0005,0.0003,0.0005,0.0005,0.000,0.000,0.0000,0.0000,0.8010,-0.2769,0.0146,1,2.18,1.418,0.541,0.235,STANCE,0.8085,0.2571,0.0145,1,2.18,1.431,0.510,0.199,STANCE,0.5751,-0.3507,0.0145,1,2.16,0.615,0.144,0.232,STANCE,0.5849,0.3372,0.0145,1,2.19,1.124,0.135,0.242,STANCE,0.2789,-0.1920,0.0145,1,1.91,0.426,0.966,0.809,STANCE,0.2844,0.1870,0.0145,1,2.05,0.833,0.580,0.306,STANCE
5.569,556,placemove,0.5800,-0.0067,0.1345,-0.0000,-0.0001,-0.0143,0.0001,0.0001,-0.0004,0.0000,-0.0001,-0.0000,0.000,0.000,0.0000,0.0000,0.7915,-0.2826,0.0146,1,2.05,1.083,0.511,0.226,STANCE,0.7993,0.2630,0.0145,1,2.02,1.069,0.508,0.225,STANCE,0.5751,-0.3507,0.0145,1,2.17,0.349,0.131,0.248,STANCE,0.5849,0.3372,0.0145,1,2.13,0.865,0.138,0.223,STANCE,0.2789,-0.1920,0.0145,1,2.08,0.476,1.054,0.879,STANCE,0.2844,0.1870,0.0145,1,2.21,0.911,0.575,0.266,STANCE
5.606,560,placemove,0.5800,-0.0067,0.1345,-0.0000,-0.0001,-0.0143,0.0002,-0.0001,-0.0005,0.0003,0.0010,-0.0001,0.000,0.000,0.0000,0.0000,0.7906,-0.2831,0.0145,1,2.15,1.298,0.529,0.224,STANCE,0.7984,0.2635,0.0145,1,2.14,1.287,0.532,0.231,STANCE,0.5751,-0.3507,0.0145,1,2.20,0.631,0.153,0.229,STANCE,0.5849,0.3372,0.0145,1,2.23,1.089,0.141,0.244,STANCE,0.2789,-0.1920,0.0145,1,1.92,0.445,0.968,0.809,STANCE,0.2844,0.1870,0.0145,1,2.02,0.828,0.568,0.298,STANCE
5.628,564,placemove,0.5800,-0.0067,0.1345,-0.0000,-0.0001,-0.0143,0.0002,0.0001,-0.0004,0.0003,0.0009,-0.0004,0.000,0.000,0.0000,0.0000,0.7906,-0.2831,0.0145,1,2.12,0.758,0.567,0.275,STANCE,0.7984,0.2635,0.0145,1,2.16,0.152,0.437,0.112,STANCE,0.5751,-0.3507,0.0145,1,2.23,0.365,0.188,0.195,STANCE,0.5849,0.3372,0.0145,1,2.24,0.307,0.117,0.277,STANCE,0.2789,-0.1920,0.0145,1,1.91,0.508,0.945,0.784,STANCE,0.2844,0.1870,0.0145,1,2.01,0.979,0.454,0.162,STANCE
5.668,568,placemove,0.5800,-0.0067,0.1345,-0.0000,-0.0001,-0.0143,0.0002,-0.0000,-0.0004,0.0002,0.0008,-0.0000,0.000,0.000,0.0000,0.0000,0.7906,-0.2831,0.0145,1,2.14,0.759,0.595,0.305,STANCE,0.7984,0.2635,0.0145,1,2.15,0.145,0.448,0.125,STANCE,0.5751,-0.3507,0.0145,1,2.21,0.361,0.189,0.190,STANCE,0.5849,0.3372,0.0145,1,2.26,0.319,0.116,0.281,STANCE,0.2789,-0.1920,0.0145,1,1.90,0.487,0.944,0.785,STANCE,0.2844,0.1870,0.0145,1,2.00,0.973,0.449,0.159,STANCE
5.689,572,placemove,0.5800,-0.0067,0.1345,-0.0000,-0.0001,-0.0143,0.0001,-0.0000,-0.0004,0.0003,0.0008,0.0001,0.000,0.000,0.0000,0.0000,0.7906,-0.2831,0.0145,1,2.15,0.761,0.601,0.311,STANCE,0.7984,0.2635,0.0145,1,2.15,0.141,0.452,0.128,STANCE,0.5751,-0.3507,0.0145,1,2.21,0.363,0.189,0.190,STANCE,0.5849,0.3372,0.0145,1,2.26,0.324,0.114,0.282,STANCE,0.2789,-0.1920,0.0145,1,1.89,0.480,0.943,0.785,STANCE,0.2844,0.1870,0.0145,1,1.99,0.973,0.448,0.158,STANCE
5.733,576,placemove,0.5800,-0.0067,0.1345,-0.0000,-0.0001,-0.0143,0.0001,-0.0000,-0.0003,0.0002,0.0007,-0.0000,0.000,0.000,0.0000,0.0000,0.7906,-0.2831,0.0145,1,2.15,0.762,0.603,0.313,STANCE,0.7984,0.2635,0.0145,1,2.16,0.144,0.452,0.128,STANCE,0.5751,-0.3507,0.0145,1,2.21,0.362,0.189,0.189,STANCE,0.5849,0.3372,0.0145,1,2.26,0.325,0.114,0.282,STANCE,0.2789,-0.1920,0.0145,1,1.89,0.477,0.943,0.785,STANCE,0.2844,0.1870,0.0145,1,1.99,0.972,0.448,0.158,STANCE
5.755,580,placemove,0.5800,-0.0067,0.1345,-0.0000,-0.0001,-0.0143,0.0001,-0.0000,-0.0003,0.0002,0.0006,-0.0000,0.000,0.000,0.0000,0.0000,0.7906,-0.2831,0.0145,1,2.15,0.762,0.603,0.314,STANCE,0.7984,0.2635,0.0145,1,2.16,0.146,0.452,0.128,STANCE,0.5751,-0.3507,0.0145,1,2.21,0.361,0.189,0.189,STANCE,0.5849,0.3372,0.0145,1,2.26,0.325,0.113,0.283,STANCE,0.2789,-0.1920,0.0145,1,1.89,0.477,0.942,0.784,STANCE,0.2844,0.1870,0.0145,1,1.99,0.970,0.447,0.157,STANCE
5.790,584,placemove,0.5800,-0.0067,0.1345,-0.0000,-0.0000,-0.0143,0.0001,-0.0000,-0.0003,0.0002,0.0007,0.0001,0.000,0.000,0.0000,0.0000,0.7906,-0.2831,0.0145,1,2.15,0.761,0.604,0.314,STANCE,0.7984,0.2635,0.0145,1,2.16,0.142,0.453,0.128,STANCE,0.5751,-0.3507,0.0145,1,2.21,0.361,0.189,0.188,STANCE,0.5849,0.3372,0.0145,1,2.26,0.325,0.113,0.283,STANCE,0.2789,-0.1920,0.0145,1,1.89,0.475,0.941,0.784,STANCE,0.2844,0.1870,0.0145,1,1.99,0.970,0.447,0.158,STANCE
5.812,588,placemove,0.5800,-0.0067,0.1345,-0.0000,-0.0000,-0.0143,0.0001,-0.0000,-0.0002,0.0002,0.0006,-0.0000,0.000,0.000,0.0000,0.0000,0.7906,-0.2831,0.0145,1,2.16,0.762,0.604,0.314,STANCE,0.7984,0.2635,0.0145,1,2.16,0.145,0.453,0.127,STANCE,0.5751,-0.3507,0.0145,1,2.21,0.360,0.189,0.188,STANCE,0.5849,0.3372,0.0145,1,2.26,0.325,0.112,0.283,STANCE,0.2789,-0.1920,0.0145,1,1.88,0.475,0.940,0.783,STANCE,0.2844,0.1870,0.0145,1,1.99,0.969,0.447,0.157,STANCE
5.858,592,placemove,0.5800,-0.0067,0.1345,0.0000,-0.0000,-0.0143,0.0001,-0.0000,-0.0002,0.0001,0.0005,-0.0000,0.000,0.000,0.0000,0.0000,0.7906,-0.2831,0.0145,1,2.16,0.762,0.605,0.315,STANCE,0.7984,0.2635,0.0145,1,2.17,0.147,0.452,0.126,STANCE,0.5751,-0.3507,0.0145,1,2.20,0.359,0.189,0.188,STANCE,0.5849,0.3372,0.0145,1,2.26,0.325,0.112,0.283,STANCE,0.2789,-0.1920,0.0145,1,1.88,0.474,0.940,0.783,STANCE,0.2844,0.1870,0.0145,1,1.99,0.968,0.446,0.157,STANCE
5.880,596,placemove,0.5800,-0.0067,0.1345,0.0000,-0.0000,-0.0143,0.0001,-0.0000,-0.0002,0.0002,0.0005,0.0001,0.000,0.000,0.0000,0.0000,0.7906,-0.2831,0.0145,1,2.16,0.761,0.605,0.314,STANCE,0.7984,0.2635,0.0145,1,2.17,0.143,0.453,0.127,STANCE,0.5751,-0.3507,0.0145,1,2.20,0.360,0.189,0.188,STANCE,0.5849,0.3372,0.0145,1,2.26,0.325,0.112,0.283,STANCE,0.2789,-0.1920,0.0145,1,1.88,0.473,0.940,0.783,STANCE,0.2844,0.1870,0.0145,1,1.99,0.968,0.446,0.157,STANCE
5.915,600,placemove,0.5800,-0.0067,0.1345,0.0000,-0.0000,-0.0143,0.0001,-0.0000,-0.0002,0.0001,0.0004,-0.0000,0.000,0.000,0.0000,0.0000,0.7906,-0.2831,0.0145,1,2.16,0.761,0.605,0.314,STANCE,0.7984,0.2635,0.0145,1,2.17,0.145,0.453,0.126,STANCE,0.5751,-0.3507,0.0145,1,2.20,0.359,0.189,0.188,STANCE,0.5849,0.3372,0.0145,1,2.26,0.325,0.111,0.283,STANCE,0.2789,-0.1920,0.0145,1,1.88,0.473,0.939,0.782,STANCE,0.2844,0.1870,0.0145,1,1.98,0.967,0.446,0.157,STANCE
5.937,604,placemove,0.5800,-0.0067,0.1345,0.0000,-0.0000,-0.0143,0.0001,-0.0000,-0.0002,0.0001,0.0004,-0.0000,0.000,0.000,0.0000,0.0000,0.7906,-0.2831,0.0145,1,2.16,0.761,0.606,0.315,STANCE,0.7984,0.2635,0.0145,1,2.17,0.147,0.453,0.125,STANCE,0.5751,-0.3507,0.0144,1,2.20,0.358,0.188,0.187,STANCE,0.5849,0.3372,0.0145,1,2.26,0.325,0.111,0.284,STANCE,0.2789,-0.1920,0.0145,1,1.88,0.473,0.938,0.782,STANCE,0.2844,0.1870,0.0145,1,1.99,0.966,0.446,0.157,STANCE
5.969,608,placemove,0.5800,-0.0067,0.1344,0.0000,0.0000,-0.0143,0.0000,-0.0000,-0.0002,0.0001,0.0004,0.0001,0.000,0.000,0.0000,0.0000,0.7906,-0.2831,0.0145,1,2.16,0.761,0.606,0.315,STANCE,0.7984,0.2635,0.0145,1,2.18,0.143,0.454,0.126,STANCE,0.5751,-0.3507,0.0144,1,2.20,0.359,0.188,0.187,STANCE,0.5849,0.3372,0.0144,1,2.25,0.325,0.110,0.283,STANCE,0.2789,-0.1920,0.0145,1,1.88,0.472,0.938,0.782,STANCE,0.2844,0.1870,0.0145,1,1.98,0.966,0.446,0.157,STANCE
5.991,612,placemove,0.5800,-0.0067,0.1344,0.0000,0.0000,-0.0143,0.0000,-0.0000,-0.0001,0.0001,0.0004,-0.0000,0.000,0.000,0.0000,0.0000,0.7906,-0.2831,0.0144,1,2.17,0.761,0.606,0.315,STANCE,0.7984,0.2635,0.0144,1,2.18,0.146,0.454,0.125,STANCE,0.5751,-0.3507,0.0144,1,2.20,0.358,0.188,0.187,STANCE,0.5849,0.3372,0.0144,1,2.25,0.325,0.110,0.283,STANCE,0.2789,-0.1920,0.0145,1,1.88,0.471,0.938,0.781,STANCE,0.2844,0.1870,0.0145,1,1.98,0.966,0.445,0.157,STANCE
6.027,616,placemove,0.5800,-0.0067,0.1344,0.0000,0.0000,-0.0143,0.0001,-0.0000,-0.0001,0.0001,0.0003,-0.0000,0.000,0.000,0.0000,0.0000,0.7906,-0.2831,0.0144,1,2.16,0.761,0.607,0.315,STANCE,0.7984,0.2635,0.0144,1,2.18,0.148,0.454,0.125,STANCE,0.5751,-0.3507,0.0144,1,2.20,0.357,0.188,0.187,STANCE,0.5849,0.3372,0.0144,1,2.25,0.325,0.110,0.284,STANCE,0.2789,-0.1920,0.0145,1,1.88,0.471,0.937,0.781,STANCE,0.2844,0.1870,0.0145,1,1.98,0.965,0.445,0.157,STANCE
6.049,620,placemove,0.5800,-0.0067,0.1344,0.0000,0.0000,-0.0143,0.0000,-0.0000,-0.0001,0.0001,0.0004,0.0001,0.000,0.000,0.0000,0.0000,0.7906,-0.2831,0.0144,1,2.17,0.760,0.607,0.315,STANCE,0.7984,0.2635,0.0144,1,2.18,0.144,0.455,0.125,STANCE,0.5751,-0.3507,0.0144,1,2.20,0.357,0.188,0.187,STANCE,0.5849,0.3372,0.0144,1,2.25,0.325,0.109,0.284,STANCE,0.2789,-0.1920,0.0145,1,1.88,0.470,0.937,0.781,STANCE,0.2844,0.1870,0.0145,1,1.98,0.965,0.445,0.157,STANCE
6.087,624,placemove,0.5800,-0.0067,0.1344,0.0000,0.0000,-0.0143,0.0000,-0.0000,-0.0001,0.0000,0.0003,-0.0000,0.000,0.000,0.0000,0.0000,0.7906,-0.2831,0.0144,1,2.17,0.761,0.607,0.315,STANCE,0.7984,0.2635,0.0144,1,2.19,0.146,0.455,0.125,STANCE,0.5751,-0.3507,0.0144,1,2.20,0.357,0.188,0.187,STANCE,0.5849,0.3372,0.0144,1,2.25,0.325,0.109,0.284,STANCE,0.2789,-0.1920,0.0145,1,1.87,0.470,0.936,0.781,STANCE,0.2844,0.1870,0.0145,1,1.98,0.965,0.445,0.157,STANCE
6.109,628,placemove,0.5800,-0.0067,0.1344,0.0000,0.0000,-0.0143,0.0000,-0.0000,-0.0001,0.0000,0.0003,-0.0000,0.000,0.000,0.0000,0.0000,0.7906,-0.2831,0.0144,1,2.17,0.761,0.607,0.315,STANCE,0.7984,0.2635,0.0144,1,2.19,0.148,0.455,0.124,STANCE,0.5751,-0.3507,0.0144,1,2.19,0.355,0.188,0.186,STANCE,0.5849,0.3372,0.0144,1,2.25,0.325,0.109,0.284,STANCE,0.2789,-0.1920,0.0145,1,1.87,0.470,0.936,0.780,STANCE,0.2844,0.1870,0.0145,1,1.98,0.964,0.445,0.157,STANCE
6.144,632,placemove,0.5800,-0.0067,0.1344,0.0000,0.0000,-0.0143,0.0000,0.0000,-0.0001,0.0001,0.0003,0.0001,0.000,0.000,0.0000,0.0000,0.7906,-0.2831,0.0144,1,2.17,0.760,0.607,0.315,STANCE,0.7984,0.2635,0.0144,1,2.19,0.144,0.456,0.125,STANCE,0.5751,-0.3507,0.0144,1,2.19,0.356,0.188,0.186,STANCE,0.5849,0.3372,0.0144,1,2.25,0.324,0.108,0.284,STANCE,0.2789,-0.1920,0.0145,1,1.87,0.469,0.936,0.780,STANCE,0.2844,0.1870,0.0145,1,1.98,0.964,0.445,0.157,STANCE
6.166,636,placemove,0.5800,-0.0067,0.1344,0.0000,0.0000,-0.0143,0.0000,-0.0000,-0.0001,0.0000,0.0002,-0.0000,0.000,0.000,0.0000,0.0000,0.7906,-0.2831,0.0144,1,2.17,0.760,0.608,0.315,STANCE,0.7984,0.2635,0.0144,1,2.19,0.147,0.456,0.124,STANCE,0.5751,-0.3507,0.0144,1,2.19,0.355,0.188,0.186,STANCE,0.5849,0.3372,0.0144,1,2.25,0.325,0.108,0.284,STANCE,0.2789,-0.1920,0.0145,1,1.87,0.469,0.936,0.780,STANCE,0.2844,0.1870,0.0145,1,1.98,0.964,0.445,0.157,STANCE
6.200,640,placemove,0.5800,-0.0067,0.1344,0.0000,0.0000,-0.0143,0.0000,-0.0000,-0.0001,0.0000,0.0002,-0.0000,0.000,0.000,0.0000,0.0000,0.7906,-0.2831,0.0144,1,2.17,0.760,0.608,0.315,STANCE,0.7984,0.2635,0.0144,1,2.19,0.149,0.455,0.124,STANCE,0.5751,-0.3507,0.0144,1,2.19,0.354,0.188,0.186,STANCE,0.5849,0.3372,0.0144,1,2.25,0.324,0.108,0.284,STANCE,0.2789,-0.1920,0.0145,1,1.87,0.469,0.935,0.780,STANCE,0.2844,0.1870,0.0145,1,1.98,0.963,0.445,0.157,STANCE
6.221,644,placemove,0.5800,-0.0067,0.1344,0.0000,0.0001,-0.0143,0.0000,0.0000,-0.0001,0.0001,0.0003,0.0001,0.000,0.000,0.0000,0.0000,0.7906,-0.2831,0.0144,1,2.17,0.760,0.608,0.315,STANCE,0.7984,0.2635,0.0144,1,2.20,0.145,0.456,0.124,STANCE,0.5751,-0.3507,0.0144,1,2.19,0.355,0.188,0.186,STANCE,0.5849,0.3372,0.0144,1,2.24,0.324,0.108,0.284,STANCE,0.2789,-0.1920,0.0145,1,1.87,0.468,0.935,0.779,STANCE,0.2844,0.1870,0.0145,1,1.98,0.963,0.445,0.157,STANCE
6.256,648,placemove,0.5800,-0.0067,0.1344,0.0000,0.0001,-0.0143,0.0000,-0.0000,-0.0001,0.0000,0.0002,-0.0000,0.000,0.000,0.0000,0.0000,0.7906,-0.2831,0.0144,1,2.18,0.760,0.608,0.315,STANCE,0.7984,0.2635,0.0144,1,2.20,0.147,0.456,0.124,STANCE,0.5751,-0.3507,0.0144,1,2.19,0.355,0.188,0.186,STANCE,0.5849,0.3372,0.0144,1,2.24,0.325,0.107,0.284,STANCE,0.2789,-0.1920,0.0145,1,1.87,0.468,0.935,0.779,STANCE,0.2844,0.1870,0.0145,1,1.98,0.963,0.445,0.158,STANCE
6.278,652,placemove,0.5800,-0.0067,0.1344,0.0000,0.0001,-0.0143,0.0000,-0.0000,-0.0001,0.0000,0.0002,-0.0000,0.000,0.000,0.0000,0.0000,0.7906,-0.2831,0.0144,1,2.17,0.760,0.608,0.315,STANCE,0.7984,0.2635,0.0144,1,2.20,0.149,0.456,0.123,STANCE,0.5751,-0.3507,0.0144,1,2.19,0.354,0.187,0.186,STANCE,0.5849,0.3372,0.0144,1,2.24,0.324,0.107,0.284,STANCE,0.2789,-0.1920,0.0145,1,1.87,0.468,0.934,0.779,STANCE,0.2844,0.1870,0.0145,1,1.98,0.962,0.444,0.157,STANCE
6.313,656,placemove,0.5800,-0.0067,0.1344,0.0000,0.0001,-0.0143,0.0000,0.0000,-0.0001,0.0000,0.0002,0.0001,0.000,0.000,0.0000,0.0000,0.7906,-0.2831,0.0144,1,2.18,0.760,0.608,0.315,STANCE,0.7984,0.2635,0.0144,1,2.20,0.145,0.457,0.124,STANCE,0.5751,-0.3507,0.0144,1,2.19,0.355,0.188,0.186,STANCE,0.5849,0.3372,0.0144,1,2.24,0.324,0.107,0.284,STANCE,0.2789,-0.1920,0.0145,1,1.87,0.468,0.934,0.779,STANCE,0.2844,0.1870,0.0145,1,1.98,0.962,0.445,0.158,STANCE
6.334,660,placemove,0.5800,-0.0067,0.1344,0.0000,0.0001,-0.0143,0.0000,-0.0000,-0.0001,0.0000,0.0002,-0.0000,0.000,0.000,0.0000,0.0000,0.7906,-0.2831,0.0144,1,2.18,0.760,0.609,0.315,STANCE,0.7984,0.2635,0.0144,1,2.20,0.147,0.457,0.123,STANCE,0.5751,-0.3507,0.0144,1,2.19,0.354,0.187,0.186,STANCE,0.5849,0.3372,0.0144,1,2.24,0.324,0.107,0.284,STANCE,0.2789,-0.1920,0.0145,1,1.87,0.467,0.934,0.779,STANCE,0.2844,0.1870,0.0145,1,1.97,0.962,0.444,0.158,STANCE
6.370,664,placemove,0.5800,-0.0067,0.1344,0.0000,0.0001,-0.0143,0.0000,-0.0000,-0.0001,-0.0000,0.0001,-0.0000,0.000,0.000,0.0000,0.0000,0.7906,-0.2831,0.0144,1,2.18,0.760,0.609,0.315,STANCE,0.7984,0.2635,0.0144,1,2.20,0.150,0.457,0.123,STANCE,0.5751,-0.3507,0.0144,1,2.19,0.353,0.187,0.185,STANCE,0.5849,0.3372,0.0144,1,2.24,0.324,0.106,0.284,STANCE,0.2789,-0.1920,0.0145,1,1.87,0.468,0.934,0.778,STANCE,0.2844,0.1870,0.0145,1,1.98,0.961,0.444,0.157,STANCE
6.392,668,placemove,0.5800,-0.0067,0.1344,0.0000,0.0001,-0.0143,0.0000,0.0000,-0.0000,0.0000,0.0002,0.0001,0.000,0.000,0.0000,0.0000,0.7906,-0.2831,0.0144,1,2.18,0.759,0.609,0.315,STANCE,0.7984,0.2635,0.0144,1,2.21,0.145,0.457,0.124,STANCE,0.5751,-0.3507,0.0144,1,2.19,0.354,0.187,0.185,STANCE,0.5849,0.3372,0.0144,1,2.24,0.324,0.106,0.284,STANCE,0.2789,-0.1920,0.0145,1,1.87,0.467,0.933,0.778,STANCE,0.2844,0.1870,0.0145,1,1.98,0.962,0.445,0.158,STANCE
6.428,672,placemove,0.5800,-0.0067,0.1344,0.0000,0.0001,-0.0143,0.0000,0.0000,-0.0000,-0.0000,0.0001,-0.0000,0.000,0.000,0.0000,0.0000,0.7906,-0.2831,0.0144,1,2.18,0.760,0.609,0.315,STANCE,0.7984,0.2635,0.0144,1,2.21,0.148,0.457,0.123,STANCE,0.5751,-0.3507,0.0144,1,2.19,0.353,0.187,0.186,STANCE,0.5849,0.3372,0.0144,1,2.24,0.324,0.106,0.284,STANCE,0.2789,-0.1920,0.0145,1,1.87,0.467,0.933,0.778,STANCE,0.2844,0.1870,0.0145,1,1.97,0.962,0.444,0.158,STANCE
6.450,676,placemove,0.5800,-0.0067,0.1344,0.0000,0.0001,-0.0143,0.0000,-0.0000,-0.0000,-0.0000,0.0001,-0.0000,0.000,0.000,0.0000,0.0000,0.7906,-0.2831,0.0144,1,2.18,0.760,0.609,0.315,STANCE,0.7984,0.2635,0.0144,1,2.21,0.150,0.457,0.123,STANCE,0.5751,-0.3507,0.0144,1,2.19,0.353,0.187,0.185,STANCE,0.5849,0.3372,0.0144,1,2.24,0.324,0.106,0.284,STANCE,0.2789,-0.1920,0.0145,1,1.87,0.467,0.933,0.778,STANCE,0.2844,0.1870,0.0145,1,1.97,0.961,0.444,0.157,STANCE
6.488,680,placemove,0.5800,-0.0067,0.1344,0.0000,0.0001,-0.0143,0.0000,0.0000,-0.0000,0.0000,0.0002,0.0001,0.000,0.000,0.0000,0.0000,0.7906,-0.2831,0.0144,1,2.18,0.759,0.609,0.315,STANCE,0.7984,0.2635,0.0144,1,2.21,0.146,0.458,0.123,STANCE,0.5751,-0.3507,0.0144,1,2.19,0.353,0.187,0.185,STANCE,0.5849,0.3372,0.0144,1,2.24,0.324,0.106,0.284,STANCE,0.2789,-0.1920,0.0145,1,1.87,0.466,0.933,0.778,STANCE,0.2844,0.1870,0.0145,1,1.97,0.961,0.444,0.158,STANCE
6.509,684,placemove,0.5800,-0.0067,0.1344,0.0000,0.0001,-0.0143,0.0000,0.0000,-0.0000,-0.0000,0.0001,-0.0000,0.000,0.000,0.0000,0.0000,0.7906,-0.2831,0.0144,1,2.18,0.759,0.609,0.314,STANCE,0.7984,0.2635,0.0144,1,2.21,0.148,0.458,0.123,STANCE,0.5751,-0.3507,0.0144,1,2.19,0.353,0.187,0.185,STANCE,0.5849,0.3372,0.0144,1,2.23,0.324,0.105,0.284,STANCE,0.2789,-0.1920,0.0145,1,1.87,0.466,0.932,0.777,STANCE,0.2844,0.1870,0.0145,1,1.97,0.961,0.444,0.158,STANCE
6.544,688,placemove,0.5800,-0.0067,0.1344,0.0000,0.0001,-0.0143,0.0000,-0.0000,-0.0000,-0.0000,0.0001,-0.0000,0.000,0.000,0.0000,0.0000,0.7906,-0.2831,0.0144,1,2.18,0.760,0.610,0.315,STANCE,0.7984,0.2635,0.0144,1,2.21,0.150,0.458,0.122,STANCE,0.5751,-0.3507,0.0144,1,2.19,0.352,0.187,0.185,STANCE,0.5849,0.3372,0.0144,1,2.24,0.324,0.105,0.284,STANCE,0.2789,-0.1920,0.0145,1,1.87,0.467,0.932,0.777,STANCE,0.2844,0.1870,0.0145,1,1.97,0.960,0.444,0.158,STANCE
6.565,692,placemove,0.5800,-0.0067,0.1344,0.0000,0.0001,-0.0143,0.0000,0.0000,-0.0000,0.0000,0.0001,0.0001,0.000,0.000,0.0000,0.0000,0.7906,-0.2831,0.0144,1,2.18,0.759,0.610,0.315,STANCE,0.7984,0.2635,0.0144,1,2.21,0.146,0.458,0.123,STANCE,0.5751,-0.3507,0.0144,1,2.19,0.353,0.187,0.185,STANCE,0.5849,0.3372,0.0144,1,2.23,0.324,0.105,0.284,STANCE,0.2789,-0.1920,0.0145,1,1.87,0.466,0.932,0.777,STANCE,0.2844,0.1870,0.0145,1,1.97,0.961,0.444,0.158,STANCE
6.598,696,placemove,0.5800,-0.0067,0.1344,0.0000,0.0001,-0.0143,0.0000,0.0000,-0.0000,-0.0000,0.0001,-0.0000,0.000,0.000,0.0000,0.0000,0.7906,-0.2831,0.0144,1,2.18,0.759,0.610,0.314,STANCE,0.7984,0.2635,0.0144,1,2.21,0.148,0.458,0.123,STANCE,0.5751,-0.3507,0.0144,1,2.19,0.352,0.187,0.185,STANCE,0.5849,0.3372,0.0144,1,2.23,0.324,0.105,0.284,STANCE,0.2789,-0.1920,0.0145,1,1.87,0.466,0.932,0.777,STANCE,0.2844,0.1870,0.0145,1,1.97,0.961,0.444,0.158,STANCE
6.620,700,placemove,0.5800,-0.0067,0.1344,0.0000,0.0001,-0.0143,0.0000,-0.0000,-0.0000,-0.0000,0.0001,-0.0000,0.000,0.000,0.0000,0.0000,0.7906,-0.2831,0.0144,1,2.18,0.759,0.610,0.315,STANCE,0.7984,0.2635,0.0144,1,2.21,0.150,0.458,0.122,STANCE,0.5751,-0.3507,0.0144,1,2.19,0.352,0.187,0.185,STANCE,0.5849,0.3372,0.0144,1,2.23,0.324,0.105,0.284,STANCE,0.2789,-0.1920,0.0145,1,1.87,0.467,0.932,0.777,STANCE,0.2844,0.1870,0.0145,1,1.97,0.960,0.444,0.158,STANCE
6.651,704,placemove,0.5800,-0.0067,0.1344,0.0000,0.0001,-0.0143,0.0000,0.0000,-0.0000,0.0000,0.0001,0.0001,0.000,0.000,0.0000,0.0000,0.7906,-0.2831,0.0144,1,2.18,0.759,0.610,0.314,STANCE,0.7984,0.2635,0.0144,1,2.21,0.146,0.459,0.123,STANCE,0.5751,-0.3507,0.0144,1,2.19,0.353,0.187,0.185,STANCE,0.5849,0.3372,0.0144,1,2.23,0.324,0.105,0.284,STANCE,0.2789,-0.1920,0.0145,1,1.86,0.466,0.932,0.777,STANCE,0.2844,0.1870,0.0145,1,1.97,0.961,0.444,0.158,STANCE
6.673,708,placemove,0.5800,-0.0067,0.1344,0.0000,0.0001,-0.0143,0.0000,0.0000,-0.0000,-0.0000,0.0001,-0.0000,0.000,0.000,0.0000,0.0000,0.7906,-0.2831,0.0144,1,2.19,0.759,0.610,0.314,STANCE,0.7984,0.2635,0.0144,1,2.22,0.148,0.459,0.123,STANCE,0.5751,-0.3507,0.0144,1,2.19,0.352,0.187,0.185,STANCE,0.5849,0.3372,0.0144,1,2.23,0.324,0.105,0.284,STANCE,0.2789,-0.1920,0.0145,1,1.86,0.466,0.931,0.777,STANCE,0.2844,0.1870,0.0145,1,1.97,0.961,0.444,0.158,STANCE
6.705,712,placemove,0.5800,-0.0067,0.1344,0.0000,0.0001,-0.0143,0.0000,-0.0000,-0.0000,-0.0000,0.0001,-0.0000,0.000,0.000,0.0000,0.0000,0.7906,-0.2831,0.0144,1,2.18,0.759,0.610,0.315,STANCE,0.7984,0.2635,0.0144,1,2.22,0.150,0.458,0.122,STANCE,0.5751,-0.3507,0.0144,1,2.18,0.351,0.187,0.185,STANCE,0.5849,0.3372,0.0144,1,2.23,0.324,0.105,0.284,STANCE,0.2789,-0.1920,0.0145,1,1.86,0.466,0.931,0.777,STANCE,0.2844,0.1870,0.0145,1,1.97,0.960,0.444,0.158,STANCE
6.727,716,placemove,0.5800,-0.0067,0.1344,0.0000,0.0001,-0.0143,-0.0000,0.0000,-0.0000,0.0000,0.0001,0.0001,0.000,0.000,0.0000,0.0000,0.7906,-0.2831,0.0144,1,2.19,0.759,0.610,0.314,STANCE,0.7984,0.2635,0.0144,1,2.22,0.146,0.459,0.123,STANCE,0.5751,-0.3507,0.0144,1,2.19,0.352,0.187,0.185,STANCE,0.5849,0.3372,0.0144,1,2.23,0.324,0.104,0.284,STANCE,0.2789,-0.1920,0.0145,1,1.86,0.465,0.931,0.777,STANCE,0.2844,0.1870,0.0145,1,1.97,0.960,0.444,0.158,STANCE
6.763,720,placemove,0.5800,-0.0067,0.1344,0.0000,0.0001,-0.0143,0.0000,0.0000,-0.0000,-0.0000,0.0001,-0.0000,0.000,0.000,0.0000,0.0000,0.7906,-0.2831,0.0144,1,2.19,0.759,0.610,0.314,STANCE,0.7984,0.2635,0.0144,1,2.22,0.148,0.459,0.123,STANCE,0.5751,-0.3507,0.0144,1,2.19,0.352,0.187,0.185,STANCE,0.5849,0.3372,0.0144,1,2.23,0.324,0.104,0.284,STANCE,0.2789,-0.1920,0.0145,1,1.86,0.465,0.931,0.776,STANCE,0.2844,0.1870,0.0145,1,1.97,0.960,0.444,0.158,STANCE
6.784,724,placemove,0.5800,-0.0067,0.1344,0.0000,0.0001,-0.0143,0.0000,-0.0000,-0.0000,-0.0000,0.0000,-0.0000,0.000,0.000,0.0000,0.0000,0.7906,-0.2831,0.0144,1,2.19,0.759,0.610,0.315,STANCE,0.7984,0.2635,0.0144,1,2.22,0.150,0.459,0.122,STANCE,0.5751,-0.3507,0.0144,1,2.18,0.351,0.187,0.185,STANCE,0.5849,0.3372,0.0144,1,2.23,0.324,0.104,0.284,STANCE,0.2789,-0.1920,0.0145,1,1.86,0.466,0.931,0.776,STANCE,0.2844,0.1870,0.0145,1,1.97,0.960,0.444,0.158,STANCE
6.821,728,placemove,0.5800,-0.0067,0.1344,0.0000,0.0001,-0.0143,-0.0000,0.0000,-0.0000,0.0000,0.0001,0.0001,0.000,0.000,0.0000,0.0000,0.7906,-0.2831,0.0144,1,2.19,0.759,0.610,0.314,STANCE,0.7984,0.2635,0.0144,1,2.22,0.146,0.459,0.123,STANCE,0.5751,-0.3507,0.0144,1,2.19,0.352,0.187,0.185,STANCE,0.5849,0.3372,0.0144,1,2.23,0.324,0.104,0.284,STANCE,0.2789,-0.1920,0.0145,1,1.86,0.465,0.931,0.776,STANCE,0.2844,0.1870,0.0145,1,1.97,0.960,0.444,0.158,STANCE
6.843,732,placemove,0.5800,-0.0067,0.1344,0.0000,0.0001,-0.0143,0.0000,0.0000,-0.0000,-0.0000,0.0000,-0.0000,0.000,0.000,0.0000,0.0000,0.7906,-0.2831,0.0144,1,2.19,0.759,0.610,0.314,STANCE,0.7984,0.2635,0.0144,1,2.22,0.148,0.459,0.122,STANCE,0.5751,-0.3507,0.0144,1,2.19,0.352,0.187,0.185,STANCE,0.5849,0.3372,0.0144,1,2.23,0.324,0.104,0.284,STANCE,0.2789,-0.1920,0.0145,1,1.86,0.465,0.931,0.776,STANCE,0.2844,0.1870,0.0145,1,1.97,0.960,0.444,0.158,STANCE
6.880,736,placemove,0.5800,-0.0067,0.1344,0.0000,0.0001,-0.0143,0.0000,-0.0000,-0.0000,-0.0000,0.0000,-0.0000,0.000,0.000,0.0000,0.0000,0.7906,-0.2831,0.0144,1,2.19,0.759,0.610,0.315,STANCE,0.7984,0.2635,0.0144,1,2.22,0.151,0.459,0.122,STANCE,0.5751,-0.3507,0.0144,1,2.18,0.351,0.187,0.185,STANCE,0.5849,0.3372,0.0144,1,2.23,0.324,0.104,0.284,STANCE,0.2789,-0.1920,0.0145,1,1.86,0.466,0.931,0.776,STANCE,0.2844,0.1870,0.0145,1,1.97,0.959,0.444,0.158,STANCE
6.901,740,placemove,0.5800,-0.0067,0.1344,0.0000,0.0001,-0.0143,-0.0000,0.0000,-0.0000,0.0000,0.0001,0.0001,0.000,0.000,0.0000,0.0000,0.7906,-0.2831,0.0144,1,2.19,0.759,0.610,0.314,STANCE,0.7984,0.2635,0.0144,1,2.22,0.146,0.460,0.123,STANCE,0.5751,-0.3507,0.0144,1,2.19,0.352,0.187,0.185,STANCE,0.5849,0.3372,0.0144,1,2.23,0.324,0.104,0.284,STANCE,0.2789,-0.1920,0.0145,1,1.86,0.465,0.931,0.776,STANCE,0.2844,0.1870,0.0145,1,1.97,0.960,0.444,0.158,STANCE
6.941,744,placemove,0.5800,-0.0067,0.1344,0.0000,0.0001,-0.0143,0.0000,0.0000,-0.0000,-0.0000,0.0000,-0.0000,0.000,0.000,0.0000,0.0000,0.7906,-0.2831,0.0144,1,2.19,0.759,0.610,0.314,STANCE,0.7984,0.2635,0.0144,1,2.22,0.148,0.459,0.122,STANCE,0.5751,-0.3507,0.0144,1,2.19,0.351,0.187,0.185,STANCE,0.5849,0.3372,0.0144,1,2.23,0.324,0.104,0.284,STANCE,0.2789,-0.1920,0.0145,1,1.86,0.465,0.930,0.776,STANCE,0.2844,0.1870,0.0145,1,1.97,0.960,0.444,0.158,STANCE
6.963,748,placemove,0.5800,-0.0067,0.1344,0.0000,0.0001,-0.0143,0.0000,-0.0000,-0.0000,-0.0000,0.0000,-0.0000,0.000,0.000,0.0000,0.0000,0.7906,-0.2831,0.0144,1,2.19,0.759,0.610,0.315,STANCE,0.7984,0.2635,0.0144,1,2.22,0.151,0.459,0.122,STANCE,0.5751,-0.3507,0.0144,1,2.18,0.351,0.187,0.185,STANCE,0.5849,0.3372,0.0144,1,2.23,0.324,0.104,0.284,STANCE,0.2789,-0.1920,0.0145,1,1.86,0.466,0.930,0.776,STANCE,0.2844,0.1870,0.0145,1,1.97,0.959,0.444,0.158,STANCE
6.998,752,placemove,0.5800,-0.0067,0.1344,0.0000,0.0001,-0.0143,-0.0000,0.0000,-0.0000,0.0000,0.0001,0.0001,0.000,0.000,0.0000,0.0000,0.7906,-0.2831,0.0144,1,2.19,0.758,0.610,0.314,STANCE,0.7984,0.2635,0.0144,1,2.22,0.146,0.460,0.123,STANCE,0.5751,-0.3507,0.0144,1,2.18,0.352,0.187,0.185,STANCE,0.5849,0.3372,0.0144,1,2.23,0.324,0.104,0.284,STANCE,0.2789,-0.1920,0.0145,1,1.86,0.465,0.930,0.776,STANCE,0.2844,0.1870,0.0145,1,1.97,0.960,0.444,0.158,STANCE
7.021,756,placemove,0.5800,-0.0067,0.1344,0.0000,0.0001,-0.0143,0.0000,0.0000,-0.0000,-0.0000,0.0000,-0.0000,0.000,0.000,0.0000,0.0000,0.7906,-0.2831,0.0144,1,2.19,0.759,0.610,0.314,STANCE,0.7984,0.2635,0.0144,1,2.22,0.148,0.460,0.122,STANCE,0.5751,-0.3507,0.0144,1,2.19,0.351,0.187,0.185,STANCE,0.5849,0.3372,0.0144,1,2.23,0.324,0.104,0.284,STANCE,0.2789,-0.1920,0.0145,1,1.86,0.465,0.930,0.776,STANCE,0.2844,0.1870,0.0145,1,1.97,0.960,0.444,0.158,STANCE
7.055,760,placemove,0.5800,-0.0067,0.1344,0.0000,0.0001,-0.0143,0.0000,-0.0000,-0.0000,-0.0000,0.0000,-0.0000,0.000,0.000,0.0000,0.0000,0.7906,-0.2831,0.0144,1,2.19,0.759,0.611,0.315,STANCE,0.7984,0.2635,0.0144,1,2.22,0.151,0.459,0.122,STANCE,0.5751,-0.3507,0.0144,1,2.18,0.351,0.187,0.185,STANCE,0.5849,0.3372,0.0144,1,2.23,0.324,0.104,0.284,STANCE,0.2789,-0.1920,0.0145,1,1.86,0.466,0.930,0.775,STANCE,0.2844,0.1870,0.0145,1,1.97,0.959,0.444,0.158,STANCE
7.076,764,placemove,0.5800,-0.0067,0.1344,0.0000,0.0001,-0.0143,-0.0000,0.0000,0.0001,0.0000,0.0001,0.0001,0.000,0.000,0.0000,0.0000,0.7906,-0.2831,0.0144,1,2.19,0.759,0.610,0.315,STANCE,0.7984,0.2635,0.0144,1,2.22,0.146,0.460,0.123,STANCE,0.5751,-0.3507,0.0144,1,2.18,0.351,0.186,0.185,STANCE,0.5849,0.3372,0.0144,1,2.22,0.323,0.103,0.283,STANCE,0.2789,-0.1920,0.0145,1,1.86,0.465,0.930,0.775,STANCE,0.2844,0.1870,0.0145,1,1.97,0.960,0.444,0.159,STANCE
7.112,768,placemove,0.5800,-0.0067,0.1344,0.0000,0.0001,-0.0143,0.0000,0.0000,0.0002,-0.0000,0.0000,-0.0000,0.000,0.000,0.0000,0.0000,0.7906,-0.2831,0.0144,1,2.18,0.759,0.611,0.316,STANCE,0.7984,0.2635,0.0144,1,2.22,0.149,0.459,0.123,STANCE,0.5751,-0.3507,0.0144,1,2.18,0.352,0.187,0.184,STANCE,0.5849,0.3372,0.0144,1,2.22,0.325,0.103,0.283,STANCE,0.2789,-0.1920,0.0145,1,1.86,0.464,0.928,0.774,STANCE,0.2844,0.1870,0.0145,1,1.96,0.959,0.444,0.160,STANCE
7.135,772,placemove,0.5800,-0.0067,0.1344,0.0000,0.0001,-0.0143,0.0000,-0.0000,0.0001,-0.0000,0.0000,-0.0000,0.000,0.000,0.0000,0.0000,0.7906,-0.2831,0.0144,1,2.18,0.759,0.612,0.318,STANCE,0.7984,0.2635,0.0144,1,2.22,0.151,0.460,0.123,STANCE,0.5751,-0.3507,0.0144,1,2.18,0.351,0.188,0.183,STANCE,0.5849,0.3372,0.0144,1,2.22,0.325,0.104,0.283,STANCE,0.2789,-0.1920,0.0145,1,1.86,0.465,0.928,0.774,STANCE,0.2844,0.1870,0.0145,1,1.97,0.959,0.445,0.160,STANCE
7.174,776,placemove,0.5800,-0.0067,0.1344,0.0000,0.0001,-0.0143,-0.0000,0.0000,0.0001,0.0000,0.0001,0.0001,0.000,0.000,0.0000,0.0000,0.7906,-0.2831,0.0144,1,2.19,0.759,0.613,0.317,STANCE,0.7984,0.2635,0.0144,1,2.22,0.148,0.461,0.124,STANCE,0.5751,-0.3507,0.0144,1,2.18,0.352,0.188,0.183,STANCE,0.5849,0.3372,0.0144,1,2.22,0.325,0.104,0.283,STANCE,0.2789,-0.1920,0.0145,1,1.86,0.464,0.929,0.775,STANCE,0.2844,0.1870,0.0145,1,1.97,0.959,0.446,0.161,STANCE
7.195,780,placemove,0.5800,-0.0067,0.1344,0.0000,0.0001,-0.0143,0.0000,0.0000,0.0000,-0.0000,0.0000,-0.0000,0.000,0.000,0.0000,0.0000,0.7906,-0.2831,0.0144,1,2.19,0.759,0.613,0.318,STANCE,0.7984,0.2635,0.0144,1,2.22,0.149,0.462,0.125,STANCE,0.5751,-0.3507,0.0144,1,2.18,0.352,0.188,0.183,STANCE,0.5849,0.3372,0.0144,1,2.22,0.325,0.104,0.282,STANCE,0.2789,-0.1920,0.0145,1,1.86,0.464,0.929,0.775,STANCE,0.2844,0.1870,0.0145,1,1.97,0.960,0.446,0.161,STANCE
7.230,784,placemove,0.5800,-0.0067,0.1344,0.0000,0.0001,-0.0143,0.0000,-0.0000,0.0000,-0.0000,0.0000,-0.0000,0.000,0.000,0.0000,0.0000,0.7906,-0.2831,0.0144,1,2.19,0.760,0.613,0.318,STANCE,0.7984,0.2635,0.0144,1,2.22,0.152,0.461,0.124,STANCE,0.5751,-0.3507,0.0144,1,2.18,0.351,0.188,0.182,STANCE,0.5849,0.3372,0.0144,1,2.23,0.325,0.105,0.282,STANCE,0.2789,-0.1920,0.0145,1,1.86,0.465,0.930,0.775,STANCE,0.2844,0.1870,0.0145,1,1.97,0.959,0.446,0.161,STANCE
7.252,788,placemove,0.5800,-0.0067,0.1344,0.0000,0.0001,-0.0143,-0.0000,0.0000,0.0000,0.0000,0.0001,0.0001,0.000,0.000,0.0000,0.0000,0.7906,-0.2831,0.0144,1,2.19,0.759,0.613,0.318,STANCE,0.7984,0.2635,0.0144,1,2.23,0.148,0.462,0.125,STANCE,0.5751,-0.3507,0.0144,1,2.18,0.352,0.189,0.183,STANCE,0.5849,0.3372,0.0144,1,2.22,0.324,0.105,0.282,STANCE,0.2789,-0.1920,0.0145,1,1.86,0.464,0.930,0.775,STANCE,0.2844,0.1870,0.0145,1,1.97,0.960,0.446,0.161,STANCE
7.287,792,placemove,0.5800,-0.0067,0.1344,0.0000,0.0001,-0.0143,0.0000,0.0000,0.0000,-0.0000,0.0000,-0.0000,0.000,0.000,0.0000,0.0000,0.7906,-0.2831,0.0144,1,2.19,0.760,0.614,0.318,STANCE,0.7984,0.2635,0.0144,1,2.23,0.149,0.462,0.125,STANCE,0.5751,-0.3507,0.0144,1,2.18,0.352,0.189,0.183,STANCE,0.5849,0.3372,0.0144,1,2.22,0.325,0.105,0.282,STANCE,0.2789,-0.1920,0.0145,1,1.86,0.464,0.930,0.775,STANCE,0.2844,0.1870,0.0145,1,1.97,0.960,0.446,0.161,STANCE
7.309,796,placemove,0.5800,-0.0067,0.1344,0.0000,0.0001,-0.0143,0.0000,-0.0000,-0.0000,-0.0000,0.0000,-0.0001,0.000,0.000,0.0000,0.0000,0.7906,-0.2831,0.0144,1,2.19,0.760,0.614,0.318,STANCE,0.7984,0.2635,0.0144,1,2.23,0.152,0.462,0.124,STANCE,0.5751,-0.3507,0.0144,1,2.18,0.351,0.189,0.182,STANCE,0.5849,0.3372,0.0144,1,2.23,0.325,0.105,0.282,STANCE,0.2789,-0.1920,0.0145,1,1.86,0.465,0.930,0.775,STANCE,0.2844,0.1870,0.0145,1,1.97,0.959,0.446,0.161,STANCE
7.342,800,placemove,0.5800,-0.0067,0.1344,0.0000,0.0001,-0.0143,-0.0000,0.0000,-0.0000,0.0000,0.0001,0.0001,0.000,0.000,0.0000,0.0000,0.7906,-0.2831,0.0144,1,2.19,0.759,0.614,0.318,STANCE,0.7984,0.2635,0.0144,1,2.23,0.148,0.462,0.125,STANCE,0.5751,-0.3507,0.0144,1,2.18,0.352,0.189,0.182,STANCE,0.5849,0.3372,0.0144,1,2.22,0.324,0.105,0.282,STANCE,0.2789,-0.1920,0.0145,1,1.86,0.464,0.930,0.775,STANCE,0.2844,0.1870,0.0145,1,1.97,0.959,0.447,0.161,STANCE
7.364,804,placemove,0.5800,-0.0067,0.1344,0.0000,0.0001,-0.0143,0.0000,0.0000,-0.0000,-0.0000,0.0000,-0.0000,0.000,0.000,0.0000,0.0000,0.7906,-0.2831,0.0144,1,2.19,0.760,0.614,0.318,STANCE,0.7984,0.2635,0.0144,1,2.23,0.150,0.462,0.125,STANCE,0.5751,-0.3507,0.0144,1,2.18,0.352,0.189,0.183,STANCE,0.5849,0.3372,0.0144,1,2.22,0.325,0.105,0.282,STANCE,0.2789,-0.1920,0.0145,1,1.86,0.464,0.930,0.775,STANCE,0.2844,0.1870,0.0145,1,1.97,0.959,0.446,0.161,STANCE
7.399,808,placemove,0.5800,-0.0067,0.1344,0.0000,0.0001,-0.0143,0.0000,-0.0000,-0.0000,-0.0000,0.0000,-0.0001,0.000,0.000,0.0000,0.0000,0.7906,-0.2831,0.0144,1,2.19,0.760,0.614,0.318,STANCE,0.7984,0.2635,0.0144,1,2.23,0.152,0.462,0.124,STANCE,0.5751,-0.3507,0.0144,1,2.18,0.351,0.189,0.182,STANCE,0.5849,0.3372,0.0144,1,2.23,0.325,0.105,0.282,STANCE,0.2789,-0.1920,0.0145,1,1.86,0.465,0.930,0.775,STANCE,0.2844,0.1870,0.0145,1,1.97,0.959,0.446,0.161,STANCE
7.421,812,placemove,0.5800,-0.0067,0.1344,0.0000,0.0001,-0.0143,-0.0000,0.0000,-0.0000,0.0000,0.0000,0.0001,0.000,0.000,0.0000,0.0000,0.7906,-0.2831,0.0144,1,2.19,0.759,0.614,0.318,STANCE,0.7984,0.2635,0.0144,1,2.23,0.148,0.462,0.125,STANCE,0.5751,-0.3507,0.0144,1,2.18,0.352,0.189,0.182,STANCE,0.5849,0.3372,0.0144,1,2.22,0.324,0.104,0.282,STANCE,0.2789,-0.1920,0.0145,1,1.86,0.464,0.930,0.775,STANCE,0.2844,0.1870,0.0145,1,1.97,0.959,0.447,0.161,STANCE
7.454,816,placemove,0.5800,-0.0067,0.1344,0.0000,0.0001,-0.0143,0.0000,0.0000,-0.0000,-0.0000,0.0000,-0.0000,0.000,0.000,0.0000,0.0000,0.7906,-0.2831,0.0144,1,2.19,0.759,0.614,0.318,STANCE,0.7984,0.2635,0.0144,1,2.23,0.150,0.462,0.125,STANCE,0.5751,-0.3507,0.0144,1,2.18,0.352,0.189,0.183,STANCE,0.5849,0.3372,0.0144,1,2.22,0.325,0.104,0.282,STANCE,0.2789,-0.1920,0.0145,1,1.86,0.464,0.929,0.775,STANCE,0.2844,0.1870,0.0145,1,1.97,0.959,0.446,0.161,STANCE
7.475,820,placemove,0.5800,-0.0067,0.1344,0.0000,0.0001,-0.0143,0.0000,-0.0000,-0.0000,-0.0000,0.0000,-0.0000,0.000,0.000,0.0000,0.0000,0.7906,-0.2831,0.0144,1,2.19,0.760,0.614,0.318,STANCE,0.7984,0.2635,0.0144,1,2.23,0.152,0.462,0.124,STANCE,0.5751,-0.3507,0.0144,1,2.18,0.351,0.189,0.182,STANCE,0.5849,0.3372,0.0144,1,2.22,0.325,0.105,0.282,STANCE,0.2789,-0.1920,0.0145,1,1.86,0.465,0.929,0.775,STANCE,0.2844,0.1870,0.0145,1,1.97,0.959,0.446,0.161,STANCE
7.508,824,placemove,0.5800,-0.0067,0.1344,0.0000,0.0001,-0.0143,-0.0000,0.0000,-0.0000,0.0000,0.0000,0.0001,0.000,0.000,0.0000,0.0000,0.7906,-0.2831,0.0144,1,2.19,0.759,0.614,0.318,STANCE,0.7984,0.2635,0.0144,1,2.23,0.148,0.463,0.125,STANCE,0.5751,-0.3507,0.0144,1,2.18,0.352,0.189,0.182,STANCE,0.5849,0.3372,0.0144,1,2.22,0.324,0.104,0.282,STANCE,0.2789,-0.1920,0.0145,1,1.86,0.464,0.930,0.775,STANCE,0.2844,0.1870,0.0145,1,1.97,0.959,0.447,0.161,STANCE
7.530,828,placemove,0.5800,-0.0067,0.1344,0.0000,0.0001,-0.0143,0.0000,0.0000,-0.0000,-0.0000,0.0000,-0.0000,0.000,0.000,0.0000,0.0000,0.7906,-0.2831,0.0144,1,2.19,0.759,0.614,0.318,STANCE,0.7984,0.2635,0.0144,1,2.23,0.150,0.462,0.125,STANCE,0.5751,-0.3507,0.0144,1,2.18,0.352,0.189,0.183,STANCE,0.5849,0.3372,0.0144,1,2.22,0.325,0.104,0.282,STANCE,0.2789,-0.1920,0.0145,1,1.86,0.464,0.929,0.775,STANCE,0.2844,0.1870,0.0145,1,1.97,0.959,0.446,0.161,STANCE
7.563,832,placemove,0.5800,-0.0067,0.1344,0.0000,0.0001,-0.0143,0.0000,-0.0000,-0.0000,-0.0000,-0.0000,-0.0001,0.000,0.000,0.0000,0.0000,0.7906,-0.2831,0.0144,1,2.19,0.760,0.614,0.318,STANCE,0.7984,0.2635,0.0144,1,2.23,0.152,0.462,0.124,STANCE,0.5751,-0.3507,0.0144,1,2.18,0.351,0.189,0.182,STANCE,0.5849,0.3372,0.0144,1,2.22,0.325,0.105,0.282,STANCE,0.2789,-0.1920,0.0145,1,1.86,0.465,0.929,0.775,STANCE,0.2844,0.1870,0.0145,1,1.97,0.959,0.446,0.161,STANCE
7.585,836,placemove,0.5800,-0.0067,0.1344,0.0000,0.0001,-0.0143,-0.0000,0.0000,-0.0000,0.0000,0.0000,0.0001,0.000,0.000,0.0000,0.0000,0.7906,-0.2831,0.0144,1,2.19,0.759,0.614,0.318,STANCE,0.7984,0.2635,0.0144,1,2.23,0.148,0.463,0.125,STANCE,0.5751,-0.3507,0.0144,1,2.18,0.352,0.189,0.182,STANCE,0.5849,0.3372,0.0144,1,2.22,0.324,0.104,0.282,STANCE,0.2789,-0.1920,0.0145,1,1.86,0.464,0.929,0.775,STANCE,0.2844,0.1870,0.0145,1,1.97,0.959,0.447,0.161,STANCE
7.626,840,placemove,0.5800,-0.0067,0.1344,0.0000,0.0001,-0.0143,0.0000,0.0000,-0.0000,-0.0000,-0.0000,-0.0000,0.000,0.000,0.0000,0.0000,0.7906,-0.2831,0.0144,1,2.19,0.759,0.614,0.318,STANCE,0.7984,0.2635,0.0144,1,2.23,0.150,0.462,0.125,STANCE,0.5751,-0.3507,0.0144,1,2.18,0.351,0.189,0.183,STANCE,0.5849,0.3372,0.0144,1,2.22,0.325,0.104,0.282,STANCE,0.2789,-0.1920,0.0145,1,1.86,0.464,0.929,0.775,STANCE,0.2844,0.1870,0.0145,1,1.97,0.959,0.446,0.161,STANCE
7.648,844,placemove,0.5800,-0.0067,0.1344,0.0000,0.0001,-0.0143,0.0000,-0.0000,-0.0000,-0.0000,-0.0000,-0.0001,0.000,0.000,0.0000,0.0000,0.7906,-0.2831,0.0144,1,2.19,0.760,0.614,0.318,STANCE,0.7984,0.2635,0.0144,1,2.23,0.152,0.462,0.124,STANCE,0.5751,-0.3507,0.0144,1,2.18,0.351,0.189,0.182,STANCE,0.5849,0.3372,0.0144,1,2.22,0.325,0.104,0.282,STANCE,0.2789,-0.1920,0.0145,1,1.86,0.465,0.929,0.775,STANCE,0.2844,0.1870,0.0145,1,1.97,0.959,0.446,0.161,STANCE
7.697,848,placemove,0.5800,-0.0067,0.1344,0.0000,0.0001,-0.0143,-0.0000,0.0000,-0.0000,0.0000,0.0000,0.0001,0.000,0.000,0.0000,0.0000,0.7906,-0.2831,0.0144,1,2.19,0.759,0.614,0.318,STANCE,0.7984,0.2635,0.0144,1,2.23,0.148,0.463,0.125,STANCE,0.5751,-0.3507,0.0144,1,2.18,0.352,0.189,0.182,STANCE,0.5849,0.3372,0.0144,1,2.22,0.324,0.104,0.282,STANCE,0.2789,-0.1920,0.0145,1,1.86,0.464,0.929,0.775,STANCE,0.2844,0.1870,0.0145,1,1.97,0.959,0.447,0.161,STANCE
7.718,852,placemove,0.5800,-0.0067,0.1344,0.0000,0.0001,-0.0143,0.0000,0.0000,-0.0000,-0.0000,-0.0000,-0.0000,0.000,0.000,0.0000,0.0000,0.7906,-0.2831,0.0144,1,2.19,0.759,0.614,0.318,STANCE,0.7984,0.2635,0.0144,1,2.23,0.150,0.463,0.125,STANCE,0.5751,-0.3507,0.0144,1,2.18,0.351,0.189,0.183,STANCE,0.5849,0.3372,0.0144,1,2.22,0.325,0.104,0.282,STANCE,0.2789,-0.1920,0.0145,1,1.86,0.464,0.929,0.775,STANCE,0.2844,0.1870,0.0145,1,1.97,0.959,0.446,0.161,STANCE
7.766,856,placemove,0.5800,-0.0067,0.1344,0.0000,0.0001,-0.0143,0.0000,-0.0000,-0.0000,-0.0000,-0.0000,-0.0001,0.000,0.000,0.0000,0.0000,0.7906,-0.2831,0.0144,1,2.19,0.760,0.614,0.318,STANCE,0.7984,0.2635,0.0144,1,2.23,0.152,0.462,0.124,STANCE,0.5751,-0.3507,0.0144,1,2.18,0.351,0.188,0.182,STANCE,0.5849,0.3372,0.0144,1,2.22,0.325,0.104,0.282,STANCE,0.2789,-0.1920,0.0145,1,1.86,0.465,0.929,0.775,STANCE,0.2844,0.1870,0.0145,1,1.97,0.959,0.446,0.161,STANCE
7.788,860,placemove,0.5800,-0.0067,0.1344,0.0000,0.0001,-0.0143,-0.0000,0.0000,-0.0000,0.0000,0.0000,0.0001,0.000,0.000,0.0000,0.0000,0.7906,-0.2831,0.0144,1,2.19,0.759,0.614,0.318,STANCE,0.7984,0.2635,0.0144,1,2.23,0.148,0.463,0.125,STANCE,0.5751,-0.3507,0.0144,1,2.18,0.352,0.189,0.182,STANCE,0.5849,0.3372,0.0144,1,2.22,0.324,0.104,0.282,STANCE,0.2789,-0.1920,0.0145,1,1.86,0.464,0.929,0.775,STANCE,0.2844,0.1870,0.0145,1,1.97,0.959,0.447,0.161,STANCE
7.838,864,placemove,0.5800,-0.0067,0.1344,0.0000,0.0001,-0.0143,0.0000,0.0000,-0.0000,-0.0000,-0.0000,-0.0000,0.000,0.000,0.0000,0.0000,0.7906,-0.2831,0.0144,1,2.19,0.759,0.614,0.318,STANCE,0.7984,0.2635,0.0144,1,2.23,0.150,0.463,0.125,STANCE,0.5751,-0.3507,0.0144,1,2.18,0.351,0.189,0.183,STANCE,0.5849,0.3372,0.0144,1,2.22,0.325,0.104,0.282,STANCE,0.2789,-0.1920,0.0145,1,1.86,0.464,0.929,0.775,STANCE,0.2844,0.1870,0.0145,1,1.97,0.959,0.446,0.161,STANCE
7.860,868,placemove,0.5800,-0.0067,0.1344,0.0000,0.0001,-0.0143,0.0000,-0.0000,-0.0000,-0.0000,-0.0000,-0.0001,0.000,0.000,0.0000,0.0000,0.7906,-0.2831,0.0144,1,2.19,0.760,0.614,0.318,STANCE,0.7984,0.2635,0.0144,1,2.23,0.152,0.462,0.124,STANCE,0.5751,-0.3507,0.0144,1,2.18,0.351,0.188,0.182,STANCE,0.5849,0.3372,0.0144,1,2.22,0.325,0.104,0.282,STANCE,0.2789,-0.1920,0.0145,1,1.86,0.465,0.929,0.775,STANCE,0.2844,0.1870,0.0145,1,1.97,0.959,0.446,0.161,STANCE
7.905,872,placemove,0.5800,-0.0067,0.1344,0.0000,0.0001,-0.0143,-0.0000,0.0000,-0.0000,0.0000,0.0000,0.0001,0.000,0.000,0.0000,0.0000,0.7906,-0.2831,0.0144,1,2.19,0.759,0.614,0.318,STANCE,0.7984,0.2635,0.0144,1,2.23,0.148,0.463,0.125,STANCE,0.5751,-0.3507,0.0144,1,2.18,0.352,0.189,0.182,STANCE,0.5849,0.3372,0.0144,1,2.22,0.324,0.104,0.282,STANCE,0.2789,-0.1920,0.0145,1,1.86,0.464,0.929,0.775,STANCE,0.2844,0.1870,0.0145,1,1.97,0.959,0.447,0.161,STANCE
7.926,876,placemove,0.5800,-0.0067,0.1344,0.0000,0.0001,-0.0143,0.0000,0.0000,-0.0000,-0.0000,-0.0000,-0.0000,0.000,0.000,0.0000,0.0000,0.7906,-0.2831,0.0144,1,2.19,0.759,0.614,0.318,STANCE,0.7984,0.2635,0.0144,1,2.23,0.150,0.463,0.125,STANCE,0.5751,-0.3507,0.0144,1,2.18,0.351,0.189,0.182,STANCE,0.5849,0.3372,0.0144,1,2.22,0.325,0.104,0.282,STANCE,0.2789,-0.1920,0.0145,1,1.86,0.464,0.929,0.775,STANCE,0.2844,0.1870,0.0145,1,1.97,0.959,0.446,0.161,STANCE
7.958,880,placemove,0.5800,-0.0067,0.1344,0.0000,0.0001,-0.0143,0.0000,-0.0000,-0.0000,-0.0000,-0.0000,-0.0001,0.000,0.000,0.0000,0.0000,0.7906,-0.2831,0.0144,1,2.19,0.760,0.614,0.318,STANCE,0.7984,0.2635,0.0144,1,2.23,0.152,0.462,0.124,STANCE,0.5751,-0.3507,0.0144,1,2.18,0.351,0.188,0.182,STANCE,0.5849,0.3372,0.0144,1,2.22,0.325,0.104,0.282,STANCE,0.2789,-0.1920,0.0145,1,1.86,0.465,0.929,0.775,STANCE,0.2844,0.1870,0.0145,1,1.97,0.959,0.446,0.161,STANCE
7.980,884,placemove,0.5800,-0.0067,0.1344,0.0000,0.0001,-0.0143,-0.0000,0.0000,-0.0000,0.0000,0.0000,0.0001,0.000,0.000,0.0000,0.0000,0.7906,-0.2831,0.0144,1,2.19,0.759,0.614,0.318,STANCE,0.7984,0.2635,0.0144,1,2.23,0.148,0.463,0.125,STANCE,0.5751,-0.3507,0.0144,1,2.18,0.352,0.189,0.182,STANCE,0.5849,0.3372,0.0144,1,2.22,0.324,0.104,0.282,STANCE,0.2789,-0.1920,0.0145,1,1.86,0.464,0.929,0.775,STANCE,0.2844,0.1870,0.0145,1,1.97,0.959,0.447,0.161,STANCE
8.018,888,placemove,0.5800,-0.0067,0.1344,0.0000,0.0001,-0.0143,0.0000,0.0000,-0.0000,-0.0000,-0.0000,-0.0000,0.000,0.000,0.0000,0.0000,0.7906,-0.2831,0.0144,1,2.19,0.759,0.614,0.318,STANCE,0.7984,0.2635,0.0144,1,2.23,0.150,0.463,0.125,STANCE,0.5751,-0.3507,0.0144,1,2.18,0.351,0.189,0.183,STANCE,0.5849,0.3372,0.0144,1,2.22,0.325,0.104,0.282,STANCE,0.2789,-0.1920,0.0145,1,1.86,0.464,0.929,0.775,STANCE,0.2844,0.1870,0.0145,1,1.97,0.959,0.446,0.161,STANCE
8.040,892,placemove,0.5800,-0.0067,0.1344,0.0000,0.0001,-0.0143,0.0000,-0.0000,-0.0000,-0.0000,-0.0000,-0.0000,0.000,0.000,0.0000,0.0000,0.7906,-0.2831,0.0144,1,2.19,0.760,0.614,0.318,STANCE,0.7984,0.2635,0.0144,1,2.23,0.152,0.462,0.124,STANCE,0.5751,-0.3507,0.0144,1,2.18,0.351,0.188,0.182,STANCE,0.5849,0.3372,0.0144,1,2.22,0.325,0.104,0.282,STANCE,0.2789,-0.1920,0.0145,1,1.86,0.465,0.929,0.775,STANCE,0.2844,0.1870,0.0145,1,1.97,0.959,0.446,0.161,STANCE
8.075,896,placemove,0.5800,-0.0067,0.1344,0.0000,0.0001,-0.0143,-0.0000,0.0000,-0.0000,0.0000,0.0000,0.0001,0.000,0.000,0.0000,0.0000,0.7906,-0.2831,0.0144,1,2.19,0.759,0.614,0.318,STANCE,0.7984,0.2635,0.0144,1,2.23,0.148,0.463,0.125,STANCE,0.5751,-0.3507,0.0144,1,2.18,0.352,0.189,0.182,STANCE,0.5849,0.3372,0.0144,1,2.22,0.324,0.104,0.282,STANCE,0.2789,-0.1920,0.0145,1,1.86,0.464,0.929,0.775,STANCE,0.2844,0.1870,0.0145,1,1.97,0.959,0.447,0.161,STANCE
8.097,900,placemove,0.5800,-0.0067,0.1344,0.0000,0.0001,-0.0143,0.0000,0.0000,-0.0000,-0.0000,-0.0000,-0.0000,0.000,0.000,0.0000,0.0000,0.7906,-0.2831,0.0144,1,2.19,0.759,0.614,0.318,STANCE,0.7984,0.2635,0.0144,1,2.23,0.150,0.463,0.125,STANCE,0.5751,-0.3507,0.0144,1,2.18,0.351,0.189,0.183,STANCE,0.5849,0.3372,0.0144,1,2.22,0.325,0.104,0.282,STANCE,0.2789,-0.1920,0.0145,1,1.86,0.464,0.929,0.775,STANCE,0.2844,0.1870,0.0145,1,1.97,0.959,0.446,0.161,STANCE
8.133,904,placemove,0.5800,-0.0067,0.1344,0.0000,0.0001,-0.0143,0.0000,-0.0000,-0.0000,-0.0000,-0.0000,-0.0001,0.000,0.000,0.0000,0.0000,0.7906,-0.2831,0.0144,1,2.19,0.759,0.614,0.318,STANCE,0.7984,0.2635,0.0144,1,2.23,0.152,0.462,0.124,STANCE,0.5751,-0.3507,0.0144,1,2.18,0.351,0.188,0.182,STANCE,0.5849,0.3372,0.0144,1,2.22,0.325,0.104,0.282,STANCE,0.2789,-0.1920,0.0145,1,1.86,0.465,0.929,0.775,STANCE,0.2844,0.1870,0.0145,1,1.97,0.959,0.446,0.161,STANCE
8.155,908,placemove,0.5800,-0.0067,0.1344,0.0000,0.0001,-0.0143,-0.0000,0.0000,-0.0000,0.0000,0.0000,0.0001,0.000,0.000,0.0000,0.0000,0.7906,-0.2831,0.0144,1,2.19,0.759,0.614,0.318,STANCE,0.7984,0.2635,0.0144,1,2.23,0.148,0.463,0.125,STANCE,0.5751,-0.3507,0.0144,1,2.18,0.352,0.189,0.182,STANCE,0.5849,0.3372,0.0144,1,2.22,0.324,0.104,0.282,STANCE,0.2789,-0.1920,0.0145,1,1.86,0.464,0.929,0.775,STANCE,0.2844,0.1870,0.0145,1,1.97,0.959,0.447,0.161,STANCE
8.191,912,placemove,0.5800,-0.0067,0.1344,0.0000,0.0001,-0.0143,0.0000,0.0000,-0.0000,-0.0000,-0.0000,-0.0000,0.000,0.000,0.0000,0.0000,0.7906,-0.2831,0.0144,1,2.19,0.759,0.614,0.318,STANCE,0.7984,0.2635,0.0144,1,2.23,0.150,0.463,0.125,STANCE,0.5751,-0.3507,0.0144,1,2.18,0.351,0.189,0.182,STANCE,0.5849,0.3372,0.0144,1,2.22,0.325,0.104,0.282,STANCE,0.2789,-0.1920,0.0145,1,1.86,0.464,0.929,0.775,STANCE,0.2844,0.1870,0.0145,1,1.97,0.959,0.446,0.161,STANCE
8.220,916,placemove,0.5800,-0.0068,0.1344,0.0000,0.0001,-0.0143,-0.0007,-0.0019,-0.0013,0.0031,0.0061,0.0002,1.000,0.000,0.0000,0.0000,0.7906,-0.2831,0.0146,0,0.00,0.001,0.020,0.001,SWING,0.7984,0.2635,0.0144,1,3.05,0.134,0.722,0.270,STANCE,0.5751,-0.3507,0.0144,1,3.98,0.214,0.396,0.307,STANCE,0.5849,0.3372,0.0144,1,2.15,0.070,0.179,0.190,STANCE,0.2789,-0.1920,0.0145,1,2.08,0.525,1.038,0.861,STANCE,0.2844,0.1870,0.0145,1,1.24,0.673,0.369,0.224,STANCE
8.261,920,placemove,0.5800,-0.0068,0.1345,0.0001,0.0003,-0.0143,0.0007,-0.0000,0.0022,0.0037,0.0041,-0.0012,1.000,0.000,0.0000,0.0000,0.7904,-0.2828,0.0218,0,0.00,0.001,0.179,0.020,SWING,0.7984,0.2635,0.0144,1,2.98,0.342,0.811,0.388,STANCE,0.5751,-0.3507,0.0143,1,3.97,0.317,0.382,0.323,STANCE,0.5849,0.3372,0.0144,1,1.96,0.198,0.193,0.138,STANCE,0.2789,-0.1920,0.0144,1,1.97,0.491,0.983,0.816,STANCE,0.2844,0.1870,0.0145,1,1.01,0.294,0.341,0.236,STANCE
8.284,924,placemove,0.5800,-0.0068,0.1344,0.0002,0.0003,-0.0143,0.0006,-0.0004,-0.0025,0.0033,0.0045,-0.0000,1.000,0.000,0.0000,0.0000,0.7892,-0.2806,0.0330,0,0.00,0.000,0.130,0.103,SWING,0.7984,0.2635,0.0143,1,3.20,0.317,0.838,0.376,STANCE,0.5751,-0.3507,0.0143,1,4.22,0.313,0.411,0.339,STANCE,0.5849,0.3372,0.0144,1,2.15,0.188,0.218,0.142,STANCE,0.2789,-0.1921,0.0144,1,2.10,0.544,1.045,0.865,STANCE,0.2844,0.1870,0.0145,1,1.20,0.322,0.397,0.266,STANCE
8.317,928,placemove,0.5800,-0.0068,0.1344,0.0002,0.0004,-0.0143,0.0005,-0.0004,-0.0021,0.0030,0.0042,-0.0001,1.000,0.000,0.0000,0.0000,0.7876,-0.2777,0.0440,0,0.00,0.000,0.194,0.012,SWING,0.7984,0.2635,0.0143,1,3.20,0.343,0.827,0.363,STANCE,0.5751,-0.3507,0.0143,1,4.19,0.320,0.412,0.332,STANCE,0.5849,0.3372,0.0144,1,2.14,0.214,0.205,0.157,STANCE,0.2789,-0.1921,0.0144,1,2.11,0.558,1.052,0.870,STANCE,0.2844,0.1870,0.0145,1,1.20,0.314,0.387,0.254,STANCE
8.339,932,placemove,0.5800,-0.0068,0.1344,0.0003,0.0005,-0.0143,0.0006,-0.0003,-0.0016,0.0028,0.0044,0.0002,1.000,0.000,0.0000,0.0000,0.7893,-0.2797,0.0549,0,0.00,0.140,0.126,0.022,SWING,0.7984,0.2635,0.0143,1,3.27,0.324,0.834,0.353,STANCE,0.5751,-0.3507,0.0142,1,4.17,0.203,0.403,0.340,STANCE,0.5849,0.3372,0.0144,1,2.14,0.190,0.208,0.153,STANCE,0.2789,-0.1921,0.0144,1,2.05,0.523,1.026,0.853,STANCE,0.2844,0.1870,0.0145,1,1.10,0.355,0.381,0.271,STANCE
8.371,936,placemove,0.5800,-0.0068,0.1343,0.0003,0.0005,-0.0143,0.0008,0.0002,-0.0010,0.0015,0.0047,0.0005,1.000,0.000,0.0000,0.0000,0.7991,-0.2830,0.0632,0,0.00,0.527,0.075,0.060,SWING,0.7984,0.2635,0.0143,1,3.41,0.369,0.801,0.281,STANCE,0.5751,-0.3507,0.0142,1,3.75,0.186,0.366,0.296,STANCE,0.5849,0.3372,0.0144,1,2.22,0.192,0.190,0.193,STANCE,0.2789,-0.1921,0.0144,1,1.76,0.441,0.875,0.733,STANCE,0.2844,0.1870,0.0145,1,0.97,0.315,0.365,0.280,STANCE
8.394,940,placemove,0.5801,-0.0068,0.1343,0.0003,0.0005,-0.0143,0.0011,0.0001,-0.0012,0.0024,0.0065,0.0009,1.000,0.000,0.0000,0.0000,0.8143,-0.2832,0.0639,0,0.00,0.585,0.100,0.099,SWING,0.7984,0.2635,0.0143,1,3.79,0.426,0.836,0.241,STANCE,0.5751,-0.3507,0.0142,1,4.30,0.263,0.474,0.281,STANCE,0.5849,0.3372,0.0144,1,2.24,0.243,0.174,0.217,STANCE,0.2789,-0.1921,0.0144,1,1.75,0.448,0.870,0.729,STANCE,0.2844,0.1870,0.0145,1,0.67,0.252,0.284,0.247,STANCE
8.429,944,placemove,0.5801,-0.0068,0.1343,0.0004,0.0006,-0.0143,0.0011,0.0001,-0.0011,0.0023,0.0067,0.0008,1.000,0.000,0.0000,0.0000,0.8308,-0.2823,0.0636,0,0.00,0.629,0.133,0.119,SWING,0.7984,0.2635,0.0143,1,3.88,0.445,0.841,0.227,STANCE,0.5751,-0.3507,0.0142,1,4.38,0.324,0.494,0.275,STANCE,0.5849,0.3372,0.0144,1,2.27,0.259,0.172,0.225,STANCE,0.2789,-0.1921,0.0144,1,1.73,0.449,0.855,0.716,STANCE,0.2844,0.1870,0.0145,1,0.62,0.217,0.264,0.234,STANCE
8.451,948,placemove,0.5801,-0.0068,0.1343,0.0004,0.0007,-0.0143,0.0008,-0.0000,-0.0009,0.0024,0.0052,0.0000,1.000,0.000,0.0000,0.0000,0.8445,-0.2827,0.0635,0,0.00,0.362,0.110,0.118,SWING,0.7984,0.2635,0.0143,1,3.64,0.391,0.832,0.271,STANCE,0.5751,-0.3507,0.0142,1,4.36,0.076,0.468,0.299,STANCE,0.5849,0.3372,0.0144,1,2.22,0.221,0.182,0.201,STANCE,0.2789,-0.1921,0.0144,1,1.88,0.492,0.932,0.776,STANCE,0.2844,0.1870,0.0146,1,0.80,0.262,0.327,0.271,STANCE
8.492,952,placemove,0.5801,-0.0068,0.1343,0.0004,0.0007,-0.0143,0.0005,-0.0005,-0.0008,0.0026,0.0040,0.0005,1.000,0.000,0.0000,0.0000,0.8502,-0.2839,0.0630,0,0.00,0.037,0.205,0.030,SWING,0.7984,0.2635,0.0143,1,3.41,0.334,0.842,0.333,STANCE,0.5751,-0.3507,0.0141,1,4.56,0.267,0.475,0.339,STANCE,0.5849,0.3372,0.0144,1,2.03,0.202,0.180,0.163,STANCE,0.2789,-0.1921,0.0144,1,2.00,0.530,0.987,0.817,STANCE,0.2844,0.1870,0.0146,1,0.81,0.295,0.334,0.279,STANCE
8.513,956,placemove,0.5801,-0.0068,0.1343,0.0004,0.0007,-0.0143,0.0002,-0.0003,-0.0006,0.0017,0.0021,-0.0001,1.000,0.000,0.0000,0.0000,0.8510,-0.2845,0.0536,0,0.00,0.002,0.161,0.049,SWING,0.7984,0.2635,0.0142,1,3.13,0.276,0.819,0.367,STANCE,0.5751,-0.3507,0.0141,1,4.06,0.259,0.365,0.361,STANCE,0.5849,0.3372,0.0144,1,2.11,0.146,0.216,0.136,STANCE,0.2789,-0.1921,0.0144,1,2.07,0.525,1.032,0.856,STANCE,0.2844,0.1870,0.0146,1,1.18,0.333,0.407,0.283,STANCE
8.549,960,placemove,0.5801,-0.0068,0.1343,0.0005,0.0008,-0.0143,0.0003,-0.0002,-0.0005,0.0017,0.0023,-0.0001,1.000,0.000,0.0000,0.0000,0.8530,-0.2868,0.0423,0,0.00,0.000,0.068,0.099,SWING,0.7984,0.2635,0.0142,1,3.17,0.318,0.827,0.367,STANCE,0.5751,-0.3507,0.0141,1,4.16,0.328,0.391,0.350,STANCE,0.5849,0.3372,0.0144,1,2.11,0.189,0.206,0.148,STANCE,0.2789,-0.1921,0.0144,1,2.08,0.540,1.036,0.858,STANCE,0.2844,0.1870,0.0146,1,1.13,0.324,0.392,0.275,STANCE
8.571,964,placemove,0.5801,-0.0068,0.1343,0.0005,0.0008,-0.0143,0.0003,-0.0002,-0.0004,0.0013,0.0015,0.0002,1.000,0.000,0.0000,0.0000,0.8549,-0.2890,0.0310,0,0.00,0.000,0.171,0.013,SWING,0.7984,0.2635,0.0142,1,3.11,0.284,0.823,0.376,STANCE,0.5751,-0.3507,0.0141,1,4.04,0.312,0.362,0.360,STANCE,0.5849,0.3372,0.0144,1,2.11,0.157,0.214,0.138,STANCE,0.2789,-0.1921,0.0144,1,2.07,0.523,1.037,0.861,STANCE,0.2844,0.1870,0.0146,1,1.19,0.349,0.412,0.287,STANCE
8.633,968,placemove,0.5811,-0.0068,0.1343,0.0005,0.0008,-0.0143,0.0930,0.0038,-0.0008,0.0121,0.0355,-0.0161,1.000,0.000,0.0000,0.0000,0.8523,-0.2861,0.0179,0,0.00,0.016,0.118,0.016,SHIFT,0.7983,0.2634,0.0142,1,5.62,1.416,1.101,0.169,SHIFT,0.5750,-0.3507,0.0141,1,5.69,1.672,0.958,0.010,SHIFT,0.5849,0.3372,0.0144,0,0.12,0.092,0.028,0.014,SHIFT,0.2789,-0.1920,0.0144,0,0.00,0.038,0.049,0.009,SHIFT,0.2844,0.1869,0.0146,0,0.00,0.034,0.072,0.024,SHIFT
8.697,972,placemove,0.5830,-0.0068,0.1350,-0.0018,-0.0009,-0.0145,0.1135,-0.0007,0.0494,-0.1797,-0.0968,0.0067,1.000,0.000,0.0000,0.0000,0.8510,-0.2847,0.0146,1,5.29,0.288,2.940,2.380,SHIFT,0.7986,0.2632,0.0147,0,0.00,0.014,0.006,0.002,SHIFT,0.5751,-0.3509,0.0155,0,0.00,0.114,0.029,0.001,SHIFT,0.5852,0.3370,0.0145,1,3.13,1.711,0.733,0.255,SHIFT,0.2791,-0.1921,0.0150,0,0.00,0.082,0.040,0.000,SHIFT,0.2846,0.1869,0.0145,1,3.42,0.968,1.531,1.212,SHIFT
8.740,976,placemove,0.5848,-0.0068,0.1351,-0.0031,-0.0016,-0.0147,0.1057,-0.0050,-0.0174,-0.0082,-0.0083,0.0085,1.000,0.000,0.0000,0.0000,0.8506,-0.2845,0.0145,1,6.12,0.668,1.771,0.808,SHIFT,0.7987,0.2630,0.0150,0,0.00,0.010,0.026,0.001,SHIFT,0.5751,-0.3511,0.0160,0,0.00,0.072,0.079,0.003,SHIFT,0.5852,0.3369,0.0145,1,3.19,1.746,0.752,0.282,SHIFT,0.2791,-0.1922,0.0151,0,0.00,0.048,0.083,0.006,SHIFT,0.2847,0.1868,0.0145,1,3.20,0.844,0.529,0.025,SHIFT
8.833,980,placemove,0.5869,-0.0067,0.1353,-0.0044,-0.0003,-0.0145,0.0989,0.0107,0.0073,-0.0790,0.0334,0.0070,1.000,0.000,0.0000,0.0000,0.8507,-0.2844,0.0149,0,0.00,0.006,0.065,0.015,SHIFT,0.7987,0.2630,0.0149,1,2.31,0.167,0.353,0.070,SHIFT,0.5752,-0.3511,0.0148,1,3.53,1.161,0.744,0.181,SHIFT,0.5853,0.3369,0.0145,1,3.38,1.327,0.461,0.100,SHIFT,0.2792,-0.1922,0.0150,0,0.00,0.018,0.066,0.013,SHIFT,0.2847,0.1868,0.0151,0,0.00,0.000,0.085,0.009,SHIFT
8.944,984,placemove,0.5889,-0.0067,0.1351,-0.0047,-0.0001,-0.0144,0.1010,0.0044,0.0121,-0.0767,0.0089,0.0105,1.000,0.000,0.0000,0.0000,0.8507,-0.2844,0.0149,1,15.01,2.072,1.800,0.895,SHIFT,0.7987,0.2631,0.0149,1,0.93,0.328,0.357,0.288,SHIFT,0.5752,-0.3511,0.0148,0,0.00,0.023,0.124,0.001,SHIFT,0.5853,0.3369,0.0146,1,4.59,2.243,0.953,0.216,SHIFT,0.2792,-0.1922,0.0152,0,0.00,0.036,0.073,0.009,SHIFT,0.2848,0.1867,0.0148,1,5.74,0.767,0.374,0.705,SHIFT
9.013,988,placemove,0.5909,-0.0067,0.1351,-0.0053,0.0004,-0.0144,0.1129,0.0042,0.0010,-0.0202,0.0843,0.0033,1.000,0.000,0.0000,0.0000,0.8508,-0.2845,0.0148,1,2.92,1.803,0.726,0.240,SHIFT,0.7988,0.2630,0.0149,1,6.78,2.133,0.515,0.777,SHIFT,0.5752,-0.3511,0.0152,0,0.00,0.007,0.007,0.000,SHIFT,0.5854,0.3368,0.0146,0,0.00,0.018,0.045,0.002,SHIFT,0.2793,-0.1922,0.0148,1,1.01,0.161,0.144,0.003,SHIFT,0.2848,0.1867,0.0149,0,0.00,0.033,0.039,0.009,SHIFT
9.082,992,placemove,0.5929,-0.0066,0.1351,-0.0061,0.0004,-0.0143,0.0989,0.0040,-0.0065,-0.0266,0.0217,0.0030,1.000,0.000,0.0000,0.0000,0.8508,-0.2844,0.0153,0,0.00,0.007,0.037,0.011,SHIFT,0.7988,0.2630,0.0149,1,2.73,0.015,0.844,0.458,SHIFT,0.5753,-0.3511,0.0147,1,4.86,1.329,0.848,0.039,SHIFT,0.5854,0.3368,0.0146,1,3.56,1.279,0.132,0.543,SHIFT,0.2793,-0.1922,0.0149,0,0.00,0.020,0.088,0.040,SHIFT,0.2848,0.1867,0.0150,0,0.00,0.005,0.078,0.010,SHIFT
9.172,996,placemove,0.5948,-0.0065,0.1353,-0.0070,0.0007,-0.0143,0.0996,0.0041,0.0109,-0.0707,0.0003,0.0169,1.000,0.000,0.0000,0.0000,0.8508,-0.2845,0.0148,1,2.79,0.598,0.503,0.001,SHIFT,0.7988,0.2630,0.0150,0,0.00,0.005,0.021,0.002,SHIFT,0.5753,-0.3511,0.0152,0,0.00,0.100,0.013,0.003,SHIFT,0.5854,0.3368,0.0147,1,2.86,1.122,0.577,0.143,SHIFT,0.2793,-0.1922,0.0155,0,0.00,0.075,0.005,0.000,SHIFT,0.2848,0.1867,0.0148,0,0.30,0.198,0.044,0.085,SHIFT
9.260,1000,placemove,0.5970,-0.0065,0.1355,-0.0072,0.0017,-0.0143,0.1199,-0.0079,0.0237,0.0347,0.1001,0.0380,1.000,0.000,0.0000,0.0000,0.8508,-0.2845,0.0148,1,2.40,1.480,0.675,0.296,SHIFT,0.7989,0.2630,0.0147,1,4.75,1.939,0.093,0.866,SHIFT,0.5753,-0.3511,0.0151,0,0.00,0.037,0.076,0.010,SHIFT,0.5854,0.3368,0.0149,0,0.00,0.032,0.012,0.005,SHIFT,0.2793,-0.1922,0.0148,0,0.00,0.061,0.059,0.032,SHIFT,0.2849,0.1867,0.0153,0,0.00,0.061,0.019,0.006,SHIFT
9.331,1004,placemove,0.5988,-0.0065,0.1354,-0.0078,0.0015,-0.0142,0.1162,-0.0126,-0.0080,0.0704,0.1363,0.0020,1.000,0.000,0.0000,0.0000,0.8508,-0.2844,0.0155,0,0.00,0.023,0.086,0.011,SHIFT,0.7988,0.2631,0.0148,0,0.00,0.082,0.071,0.010,SHIFT,0.5753,-0.3511,0.0147,1,4.86,0.519,0.934,0.154,SHIFT,0.5853,0.3368,0.0149,1,4.54,0.368,0.512,0.247,SHIFT,0.2793,-0.1922,0.0149,0,0.00,0.041,0.163,0.039,SHIFT,0.2848,0.1867,0.0149,1,4.78,0.105,0.211,0.506,SHIFT
9.414,1008,placemove,0.6006,-0.0065,0.1354,-0.0082,0.0021,-0.0142,0.0533,0.0050,-0.0051,-0.0467,0.0435,0.0047,1.000,0.000,0.0000,0.0000,0.8509,-0.2845,0.0147,1,5.95,1.325,0.845,0.222,STANCE,0.7990,0.2630,0.0151,0,0.00,0.081,0.007,0.014,SWING,0.5754,-0.3512,0.0151,0,0.00,0.038,0.004,0.002,STANCE,0.5854,0.3368,0.0149,1,5.29,1.267,1.042,0.210,STANCE,0.2793,-0.1923,0.0154,0,0.00,0.018,0.051,0.013,STANCE,0.2849,0.1866,0.0149,0,0.00,0.017,0.015,0.015,STANCE
9.449,1012,placemove,0.6011,-0.0063,0.1353,-0.0093,0.0041,-0.0142,0.0086,0.0034,-0.0263,-0.0241,0.0445,-0.0004,1.000,0.000,0.0000,0.0000,0.8509,-0.2845,0.0146,1,4.69,0.733,0.894,0.109,STANCE,0.7992,0.2627,0.0216,0,0.00,0.030,0.214,0.012,SWING,0.5754,-0.3511,0.0152,0,0.00,0.036,0.048,0.004,STANCE,0.5854,0.3368,0.0148,1,5.33,0.729,0.889,0.010,STANCE,0.2794,-0.1923,0.0151,0,0.00,0.006,0.042,0.003,STANCE,0.2849,0.1867,0.0154,0,0.00,0.028,0.024,0.000,STANCE
9.554,1016,placemove,0.6014,-0.0062,0.1350,-0.0103,0.0063,-0.0142,0.0092,0.0040,-0.0248,-0.0247,0.0683,-0.0001,1.000,0.000,0.0000,0.0000,0.8509,-0.2845,0.0147,1,6.04,0.376,1.037,0.002,STANCE,0.7981,0.2604,0.0319,0,0.00,0.013,0.164,0.105,SWING,0.5754,-0.3511,0.0148,0,0.37,0.071,0.074,0.020,STANCE,0.5854,0.3368,0.0148,1,3.82,0.198,0.568,0.059,STANCE,0.2794,-0.1923,0.0151,0,0.00,0.002,0.064,0.009,STANCE,0.2849,0.1866,0.0148,1,4.05,0.165,0.584,0.122,STANCE
9.610,1020,placemove,0.6016,-0.0061,0.1346,-0.0113,0.0083,-0.0142,0.0031,0.0016,-0.0390,-0.0138,0.0245,-0.0006,1.000,0.000,0.0000,0.0000,0.8510,-0.2844,0.0146,1,5.75,0.151,0.880,0.101,STANCE,0.7966,0.2573,0.0419,0,0.00,0.004,0.207,0.001,SWING,0.5755,-0.3511,0.0153,0,0.00,0.005,0.019,0.004,STANCE,0.5855,0.3368,0.0148,1,6.58,0.273,0.972,0.152,STANCE,0.2794,-0.1923,0.0149,1,4.79,0.084,0.661,0.162,STANCE,0.2849,0.1867,0.0154,0,0.00,0.004,0.019,0.003,STANCE
9.743,1024,placemove,0.6018,-0.0060,0.1343,-0.0124,0.0098,-0.0142,0.0094,0.0041,-0.0257,-0.0341,0.0719,-0.0011,1.000,0.000,0.0000,0.0000,0.8510,-0.2844,0.0148,1,3.89,0.290,0.483,0.209,STANCE,0.7983,0.2589,0.0515,0,0.00,0.204,0.150,0.025,SWING,0.5755,-0.3511,0.0149,1,3.20,0.007,0.448,0.097,STANCE,0.5855,0.3368,0.0147,1,5.79,0.467,0.751,0.256,STANCE,0.2794,-0.1923,0.0157,0,0.00,0.002,0.001,0.003,STANCE,0.2849,0.1867,0.0148,1,1.99,0.099,0.226,0.124,STANCE
9.803,1028,placemove,0.6020,-0.0059,0.1340,-0.0129,0.0109,-0.0142,0.0135,0.0049,-0.0113,-0.0421,0.0992,-0.0037,1.000,0.000,0.0000,0.0000,0.8510,-0.2844,0.0148,1,3.58,0.316,0.494,0.134,STANCE,0.8108,0.2629,0.0609,0,0.00,0.310,0.199,0.101,SWING,0.5755,-0.3511,0.0150,0,0.00,0.020,0.009,0.002,STANCE,0.5855,0.3369,0.0146,1,4.15,0.360,0.376,0.385,STANCE,0.2794,-0.1923,0.0148,1,2.63,0.358,0.460,0.028,STANCE,0.2849,0.1867,0.0150,0,0.00,0.001,0.003,0.004,STANCE
9.922,1032,placemove,0.6020,-0.0058,0.1337,-0.0134,0.0116,-0.0142,0.0124,0.0065,-0.0097,-0.0314,0.1138,0.0046,1.000,0.000,0.0000,0.0000,0.8510,-0.2844,0.0149,1,4.50,0.242,0.782,0.060,STANCE,0.8287,0.2637,0.0623,0,0.00,0.143,0.057,0.105,SWING,0.5755,-0.3511,0.0149,1,1.95,0.601,0.197,0.138,STANCE,0.5855,0.3368,0.0145,0,0.00,0.030,0.047,0.001,STANCE,0.2794,-0.1923,0.0149,0,0.00,0.020,0.086,0.002,STANCE,0.2849,0.1867,0.0150,1,9.95,0.538,1.115,0.591,STANCE
9.948,1036,placemove,0.6021,-0.0058,0.1333,-0.0136,0.0122,-0.0142,0.0013,0.0003,-0.0093,-0.0027,0.0093,-0.0002,1.000,0.000,0.0000,0.0000,0.8510,-0.2844,0.0148,1,4.15,0.254,0.349,0.386,STANCE,0.8470,0.2622,0.0611,0,0.00,0.109,0.163,0.121,SWING,0.5755,-0.3511,0.0149,1,2.95,0.126,0.334,0.162,STANCE,0.5855,0.3368,0.0145,1,4.66,0.011,0.443,0.391,STANCE,0.2794,-0.1923,0.0151,0,0.00,0.000,0.089,0.000,STANCE,0.2850,0.1867,0.0149,1,3.43,0.117,0.417,0.155,STANCE
10.011,1040,placemove,0.6023,-0.0057,0.1333,-0.0143,0.0138,-0.0143,0.0029,0.0009,-0.0123,-0.0080,0.0227,-0.0001,1.000,0.000,0.0000,0.0000,0.8510,-0.2844,0.0147,1,5.17,0.032,0.461,0.483,STANCE,0.8655,0.2588,0.0594,0,0.00,0.139,0.139,0.118,SWING,0.5755,-0.3511,0.0151,0,0.00,0.004,0.080,0.002,STANCE,0.5855,0.3368,0.0145,1,5.63,0.229,0.576,0.436,STANCE,0.2795,-0.1923,0.0149,1,3.59,0.031,0.455,0.154,STANCE,0.2850,0.1867,0.0152,0,0.00,0.005,0.081,0.001,STANCE
10.109,1044,placemove,0.6026,-0.0056,0.1333,-0.0155,0.0155,-0.0143,0.0044,0.0023,-0.0220,-0.0147,0.0341,0.0007,1.000,0.000,0.0000,0.0000,0.8511,-0.2844,0.0149,1,3.89,0.196,0.217,0.530,STANCE,0.8771,0.2606,0.0591,0,0.00,0.077,0.231,0.135,SWING,0.5755,-0.3511,0.0149,1,3.69,0.109,0.436,0.205,STANCE,0.5856,0.3369,0.0144,1,5.54,0.165,0.559,0.451,STANCE,0.2795,-0.1923,0.0159,0,0.00,0.005,0.021,0.002,STANCE,0.2850,0.1867,0.0149,1,2.40,0.037,0.330,0.070,STANCE
10.162,1048,placemove,0.6027,-0.0055,0.1333,-0.0159,0.0165,-0.0143,0.0136,0.0053,-0.0028,-0.0402,0.1031,-0.0008,1.000,0.000,0.0000,0.0000,0.8511,-0.2844,0.0148,1,3.98,0.255,0.366,0.383,STANCE,0.8800,0.2630,0.0502,0,0.00,0.018,0.133,0.041,SWING,0.5755,-0.3511,0.0150,0,0.00,0.020,0.002,0.000,STANCE,0.5856,0.3369,0.0144,1,4.41,0.272,0.339,0.483,STANCE,0.2795,-0.1923,0.0148,1,1.69,0.055,0.244,0.048,STANCE,0.2850,0.1867,0.0151,0,0.00,0.012,0.001,0.001,STANCE
10.235,1052,placemove,0.6028,-0.0055,0.1331,-0.0161,0.0176,-0.0143,0.0211,0.0022,0.0138,-0.0039,0.1630,0.0000,1.000,0.000,0.0000,0.0000,0.8511,-0.2844,0.0148,1,5.38,0.093,0.660,0.326,STANCE,0.8819,0.2650,0.0384,0,0.00,0.005,0.108,0.055,SWING,0.5755,-0.3511,0.0149,0,0.00,0.003,0.050,0.005,STANCE,0.5856,0.3369,0.0144,0,0.00,0.001,0.009,0.003,STANCE,0.2795,-0.1923,0.0150,0,0.00,0.005,0.014,0.001,STANCE,0.2850,0.1867,0.0149,1,5.05,0.015,0.545,0.339,STANCE
10.280,1056,placemove,0.6030,-0.0055,0.1330,-0.0163,0.0186,-0.0143,0.0010,-0.0006,0.0013,0.0026,0.0075,0.0005,1.000,0.000,0.0000,0.0000,0.8511,-0.2843,0.0147,1,4.27,0.110,0.295,0.477,STANCE,0.8834,0.2667,0.0263,0,0.00,0.003,0.153,0.016,SWING,0.5756,-0.3511,0.0150,1,2.26,0.036,0.299,0.056,STANCE,0.5856,0.3369,0.0145,1,2.89,0.092,0.080,0.473,STANCE,0.2795,-0.1923,0.0150,0,0.00,0.003,0.110,0.010,STANCE,0.2850,0.1867,0.0148,1,3.98,0.171,0.525,0.141,STANCE
10.354,1060,placemove,0.6041,-0.0054,0.1333,-0.0165,0.0195,-0.0142,0.0932,-0.0173,0.0559,0.2333,-0.1094,0.0193,1.000,0.000,0.0000,0.0000,0.8510,-0.2843,0.0150,0,0.00,0.088,0.023,0.012,SHIFT,0.8809,0.2642,0.0143,1,11.37,0.211,2.940,1.023,SHIFT,0.5755,-0.3511,0.0154,0,0.00,0.099,0.027,0.012,SHIFT,0.5855,0.3369,0.0147,0,0.00,0.047,0.130,0.004,SHIFT,0.2794,-0.1923,0.0147,1,12.86,0.446,2.378,0.263,SHIFT,0.2849,0.1867,0.0154,0,0.00,0.011,0.116,0.003,SHIFT
10.442,1064,placemove,0.6059,-0.0055,0.1346,-0.0140,0.0169,-0.0139,0.1036,-0.0104,0.0822,0.2897,-0.2312,0.0036,1.000,0.000,0.0000,0.0000,0.8514,-0.2840,0.0161,0,0.00,0.032,0.050,0.003,SHIFT,0.8804,0.2638,0.0142,1,5.43,0.215,2.940,2.421,SHIFT,0.5758,-0.3509,0.0149,1,2.18,1.201,0.606,0.292,SHIFT,0.5856,0.3372,0.0166,0,0.00,0.106,0.058,0.001,SHIFT,0.2797,-0.1922,0.0148,1,4.05,1.062,1.940,1.501,SHIFT,0.2851,0.1868,0.0150,0,0.00,0.065,0.040,0.015,SHIFT
10.503,1068,placemove,0.6076,-0.0057,0.1349,-0.0101,0.0147,-0.0132,0.0933,-0.0132,-0.0482,0.0680,0.0236,0.0088,1.000,0.000,0.0000,0.0000,0.8517,-0.2835,0.0152,0,0.00,0.019,0.111,0.016,SHIFT,0.8793,0.2632,0.0148,0,0.14,0.089,0.103,0.024,SHIFT,0.5762,-0.3506,0.0150,1,4.20,0.362,0.310,0.422,SHIFT,0.5855,0.3374,0.0178,0,0.00,0.117,0.043,0.003,SHIFT,0.2797,-0.1922,0.0148,0,0.00,0.007,0.043,0.009,SHIFT,0.2851,0.1869,0.0162,0,0.00,0.080,0.015,0.012,SHIFT
10.604,1072,placemove,0.6095,-0.0056,0.1343,-0.0116,0.0144,-0.0134,0.1215,-0.0003,-0.0297,-0.0073,0.0300,0.0014,1.000,0.000,0.0000,0.0000,0.8517,-0.2836,0.0149,1,5.69,2.940,0.712,0.299,SHIFT,0.8793,0.2632,0.0149,1,4.80,0.701,2.624,2.226,SHIFT,0.5762,-0.3506,0.0158,0,0.00,0.038,0.042,0.008,SHIFT,0.5854,0.3374,0.0154,0,0.00,0.005,0.116,0.011,SHIFT,0.2799,-0.1922,0.0154,0,0.00,0.023,0.018,0.004,SHIFT,0.2851,0.1868,0.0148,1,3.97,1.995,0.851,0.255,SHIFT
10.673,1076,placemove,0.6116,-0.0057,0.1348,-0.0115,0.0150,-0.0135,0.1506,0.0094,0.0331,-0.0531,0.2205,0.0297,1.000,0.000,0.0000,0.0000,0.8517,-0.2836,0.0152,0,0.00,0.119,0.022,0.003,SHIFT,0.8791,0.2629,0.0153,0,0.00,0.004,0.030,0.005,SHIFT,0.5763,-0.3506,0.0148,0,0.00,0.131,0.015,0.002,SHIFT,0.5855,0.3374,0.0147,1,0.90,0.537,0.139,0.039,SHIFT,0.2800,-0.1922,0.0149,0,0.00,0.087,0.089,0.028,SHIFT,0.2851,0.1868,0.0153,0,0.00,0.021,0.026,0.004,SHIFT
10.751,1080,placemove,0.6136,-0.0056,0.1347,-0.0117,0.0145,-0.0135,0.0941,0.0109,-0.0142,-0.0549,-0.0642,-0.0032,1.000,0.000,0.0000,0.0000,0.8520,-0.2834,0.0150,1,1.24,0.651,0.449,0.288,SHIFT,0.8792,0.2630,0.0148,1,6.41,1.160,0.134,1.248,SHIFT,0.5765,-0.3505,0.0153,0,0.00,0.017,0.007,0.002,SHIFT,0.5856,0.3374,0.0152,0,0.00,0.037,0.036,0.005,SHIFT,0.2803,-0.1922,0.0149,1,3.88,0.377,0.313,0.386,SHIFT,0.2852,0.1868,0.0154,0,0.00,0.000,0.128,0.016,SHIFT
10.848,1084,placemove,0.6156,-0.0056,0.1346,-0.0115,0.0155,-0.0137,0.1135,-0.0009,0.0031,0.0051,0.1358,-0.0073,1.000,0.000,0.0000,0.0000,0.8520,-0.2834,0.0150,0,0.00,0.026,0.072,0.014,SHIFT,0.8792,0.2630,0.0150,0,0.00,0.017,0.083,0.017,SHIFT,0.5765,-0.3506,0.0149,1,3.83,0.990,0.514,0.128,SHIFT,0.5856,0.3374,0.0148,1,3.72,1.018,0.528,0.081,SHIFT,0.2803,-0.1922,0.0156,0,0.00,0.011,0.101,0.014,SHIFT,0.2852,0.1868,0.0149,0,0.00,0.008,0.107,0.018,SHIFT
10.936,1088,placemove,0.6176,-0.0057,0.1347,-0.0111,0.0163,-0.0137,0.1018,0.0015,0.0202,-0.0475,0.0205,0.0043,1.000,0.000,0.0000,0.0000,0.8520,-0.2834,0.0148,1,7.86,2.109,0.670,0.665,SHIFT,0.8792,0.2631,0.0149,1,3.67,1.908,0.298,0.422,SHIFT,0.5766,-0.3505,0.0149,0,0.00,0.053,0.087,0.007,SHIFT,0.5856,0.3375,0.0151,0,0.00,0.006,0.069,0.008,SHIFT,0.2802,-0.1922,0.0148,0,0.00,0.030,0.035,0.012,SHIFT,0.2852,0.1868,0.0155,0,0.00,0.020,0.025,0.000,SHIFT
10.993,1092,placemove,0.6196,-0.0057,0.1346,-0.0111,0.0171,-0.0138,0.1016,-0.0215,-0.0210,0.1248,-0.0027,0.0073,1.000,0.000,0.0000,0.0000,0.8520,-0.2834,0.0148,1,7.82,1.209,2.270,1.089,SHIFT,0.8791,0.2631,0.0149,0,0.00,0.015,0.142,0.001,SHIFT,0.5765,-0.3505,0.0154,0,0.00,0.064,0.022,0.009,SHIFT,0.5855,0.3375,0.0150,1,14.69,1.510,1.984,0.322,SHIFT,0.2802,-0.1922,0.0153,0,0.00,0.076,0.075,0.010,SHIFT,0.2851,0.1868,0.0148,0,0.00,0.051,0.043,0.006,SHIFT
11.089,1096,placemove,0.6216,-0.0057,0.1346,-0.0112,0.0184,-0.0138,0.1239,-0.0036,0.0318,0.0757,0.1443,0.0014,1.000,0.000,0.0000,0.0000,0.8520,-0.2833,0.0150,1,2.31,1.281,0.543,0.270,SHIFT,0.8791,0.2631,0.0149,1,19.62,0.536,2.184,1.358,SHIFT,0.5765,-0.3505,0.0148,0,0.00,0.001,0.036,0.001,SHIFT,0.5854,0.3374,0.0148,0,0.00,0.060,0.165,0.000,SHIFT,0.2802,-0.1922,0.0149,1,12.18,0.733,1.421,0.815,SHIFT,0.2851,0.1867,0.0154,0,0.00,0.006,0.028,0.003,SHIFT
11.137,1100,placemove,0.6235,-0.0058,0.1344,-0.0107,0.0193,-0.0140,0.0525,-0.0093,-0.0317,0.0006,0.0198,-0.0097,1.000,0.000,0.0000,0.0000,0.8521,-0.2834,0.0149,1,4.98,2.296,0.847,0.047,STANCE,0.8791,0.2631,0.0148,1,7.13,2.940,0.390,1.066,STANCE,0.5767,-0.3505,0.0151,0,0.00,0.090,0.012,0.008,SWING,0.5855,0.3375,0.0153,0,0.00,0.166,0.049,0.001,STANCE,0.2802,-0.1922,0.0149,0,0.04,0.050,0.009,0.031,STANCE,0.2851,0.1868,0.0152,0,0.00,0.136,0.074,0.036,STANCE
11.209,1104,placemove,0.6238,-0.0061,0.1343,-0.0089,0.0199,-0.0141,-0.0172,-0.0147,-0.0126,0.1007,-0.1396,0.0005,1.000,0.000,0.0000,0.0000,0.8521,-0.2835,0.0148,1,5.74,0.472,1.093,0.207,STANCE,0.8792,0.2630,0.0154,0,0.00,0.020,0.057,0.002,STANCE,0.5772,-0.3502,0.0218,0,0.00,0.028,0.160,0.001,SWING,0.5855,0.3374,0.0149,1,4.78,0.458,1.174,0.492,STANCE,0.2803,-0.1922,0.0152,0,0.00,0.012,0.055,0.001,STANCE,0.2852,0.1867,0.0151,0,0.00,0.008,0.009,0.000,STANCE
11.281,1108,placemove,0.6241,-0.0060,0.1346,-0.0091,0.0209,-0.0140,-0.0004,-0.0134,-0.0398,0.0778,-0.0612,0.0195,1.000,0.000,0.0000,0.0000,0.8522,-0.2834,0.0153,0,0.00,0.040,0.027,0.007,STANCE,0.8793,0.2631,0.0149,1,3.28,0.096,0.342,1.091,STANCE,0.5781,-0.3478,0.0336,0,0.00,0.024,0.089,0.100,SWING,0.5857,0.3374,0.0153,0,0.00,0.027,0.004,0.008,STANCE,0.2804,-0.1923,0.0152,0,0.00,0.008,0.030,0.003,STANCE,0.2853,0.1867,0.0153,0,0.00,0.032,0.015,0.004,STANCE
11.383,1112,placemove,0.6242,-0.0062,0.1342,-0.0080,0.0218,-0.0140,-0.0023,-0.0115,-0.0144,0.1336,-0.0092,-0.0110,1.000,0.000,0.0000,0.0000,0.8523,-0.2834,0.0146,1,10.65,0.719,1.971,0.153,STANCE,0.8794,0.2631,0.0150,0,0.00,0.006,0.143,0.002,STANCE,0.5790,-0.3444,0.0439,0,0.00,0.031,0.094,0.066,SWING,0.5857,0.3374,0.0149,1,16.82,0.974,1.930,0.930,STANCE,0.2805,-0.1923,0.0155,0,0.00,0.016,0.044,0.009,STANCE,0.2853,0.1867,0.0149,0,0.00,0.044,0.078,0.008,STANCE
11.431,1116,placemove,0.6242,-0.0063,0.1342,-0.0076,0.0221,-0.0143,0.0045,0.0036,-0.0413,-0.0100,0.0382,0.0090,1.000,0.000,0.0000,0.0000,0.8522,-0.2834,0.0146,1,0.61,0.046,0.120,0.037,STANCE,0.8794,0.2630,0.0153,0,0.00,0.093,0.016,0.001,STANCE,0.5800,-0.3457,0.0547,0,0.00,0.182,0.118,0.005,SWING,0.5857,0.3374,0.0149,1,0.68,0.295,0.094,0.051,STANCE,0.2804,-0.1922,0.0148,0,0.03,0.078,0.028,0.001,STANCE,0.2854,0.1867,0.0154,0,0.00,0.097,0.023,0.001,STANCE
11.536,1120,placemove,0.6243,-0.0064,0.1341,-0.0068,0.0225,-0.0143,0.0231,-0.0028,0.0457,0.0364,0.1551,0.0031,1.000,0.000,0.0000,0.0000,0.8522,-0.2835,0.0147,1,4.88,0.270,0.362,0.559,STANCE,0.8795,0.2630,0.0148,1,1.25,0.272,0.033,0.280,STANCE,0.5913,-0.3497,0.0640,0,0.00,0.084,0.084,0.028,SWING,0.5858,0.3374,0.0154,0,0.00,0.004,0.015,0.001,STANCE,0.2804,-0.1922,0.0149,0,0.00,0.013,0.038,0.003,STANCE,0.2854,0.1868,0.0148,1,4.86,0.168,0.716,0.070,STANCE
11.611,1124,placemove,0.6244,-0.0065,0.1340,-0.0056,0.0230,-0.0143,-0.0187,-0.0180,-0.0048,0.1439,-0.1405,-0.0012,1.000,0.000,0.0000,0.0000,0.8523,-0.2834,0.0147,1,5.44,0.288,0.465,0.509,STANCE,0.8795,0.2630,0.0152,0,0.00,0.018,0.045,0.004,STANCE,0.6068,-0.3506,0.0653,0,0.00,0.074,0.025,0.015,SWING,0.5858,0.3374,0.0148,1,4.61,0.298,0.505,0.306,STANCE,0.2805,-0.1922,0.0153,0,0.00,0.003,0.055,0.002,STANCE,0.2854,0.1868,0.0151,0,0.00,0.016,0.005,0.005,STANCE
11.720,1128,placemove,0.6245,-0.0065,0.1337,-0.0052,0.0234,-0.0143,-0.0009,-0.0108,-0.0347,0.1038,-0.0345,0.0064,1.000,0.000,0.0000,0.0000,0.8523,-0.2834,0.0148,0,0.00,0.031,0.002,0.006,STANCE,0.8795,0.2630,0.0149,1,17.68,0.443,1.895,1.167,STANCE,0.6221,-0.3529,0.0651,0,0.00,0.085,0.055,0.028,SWING,0.5858,0.3374,0.0149,0,0.00,0.039,0.090,0.006,STANCE,0.2805,-0.1922,0.0146,1,10.40,0.384,2.418,0.606,STANCE,0.2854,0.1868,0.0155,0,0.00,0.053,0.033,0.004,STANCE
11.810,1132,placemove,0.6246,-0.0066,0.1340,-0.0044,0.0245,-0.0143,0.0158,-0.0010,0.0085,0.0251,0.1056,-0.0155,1.000,0.000,0.0000,0.0000,0.8523,-0.2834,0.0147,1,2.08,0.184,0.100,0.556,STANCE,0.8795,0.2630,0.0149,0,0.00,0.006,0.020,0.000,STANCE,0.6378,-0.3561,0.0648,0,0.00,0.074,0.002,0.014,SWING,0.5858,0.3374,0.0155,0,0.00,0.002,0.008,0.000,STANCE,0.2805,-0.1922,0.0151,0,0.00,0.028,0.016,0.002,STANCE,0.2854,0.1868,0.0150,0,0.00,0.015,0.017,0.013,STANCE
11.899,1136,placemove,0.6247,-0.0067,0.1341,-0.0034,0.0250,-0.0143,0.0242,0.0042,0.0782,-0.0289,0.1661,0.0018,1.000,0.000,0.0000,0.0000,0.8523,-0.2834,0.0146,1,3.56,0.148,0.529,0.036,STANCE,0.8796,0.2630,0.0153,0,0.00,0.007,0.086,0.004,STANCE,0.6536,-0.3563,0.0634,0,0.00,0.098,0.239,0.013,SWING,0.5859,0.3374,0.0147,1,3.80,0.080,0.590,0.011,STANCE,0.2805,-0.1921,0.0147,1,2.71,0.029,0.268,0.122,STANCE,0.2855,0.1868,0.0151,0,0.00,0.005,0.120,0.007,STANCE
11.956,1140,placemove,0.6249,-0.0068,0.1343,-0.0036,0.0256,-0.0140,-0.0010,-0.0171,-0.0457,0.0634,-0.0695,0.0326,1.000,0.000,0.0000,0.0000,0.8525,-0.2835,0.0153,0,0.00,0.023,0.032,0.007,STANCE,0.8797,0.2630,0.0149,1,2.11,0.060,0.150,0.623,STANCE,0.6693,-0.3545,0.0543,0,0.00,0.092,0.173,0.055,SWING,0.5859,0.3373,0.0153,0,0.00,0.017,0.019,0.009,STANCE,0.2806,-0.1923,0.0154,0,0.00,0.010,0.039,0.008,STANCE,0.2855,0.1867,0.0153,0,0.00,0.023,0.025,0.007,STANCE
12.061,1144,placemove,0.6249,-0.0069,0.1340,-0.0023,0.0257,-0.0140,-0.0043,-0.0206,-0.0103,0.1520,-0.0240,-0.0076,1.000,0.000,0.0000,0.0000,0.8526,-0.2834,0.0149,1,6.62,0.375,0.849,0.319,STANCE,0.8797,0.2630,0.0152,0,0.00,0.001,0.003,0.009,STANCE,0.6781,-0.3559,0.0424,0,0.00,0.084,0.039,0.097,SWING,0.5860,0.3373,0.0149,1,7.62,0.085,0.892,0.453,STANCE,0.2807,-0.1923,0.0149,1,1.30,0.575,0.423,0.222,STANCE,0.2856,0.1866,0.0151,0,0.00,0.038,0.022,0.010,STANCE
12.104,1148,placemove,0.6249,-0.0071,0.1334,-0.0012,0.0254,-0.0141,-0.0022,-0.0228,0.0008,0.1751,-0.0074,-0.0032,1.000,0.000,0.0000,0.0000,0.8526,-0.2835,0.0148,1,9.57,0.867,1.180,0.585,STANCE,0.8797,0.2629,0.0148,1,15.44,0.754,2.143,0.375,STANCE,0.6790,-0.3585,0.0301,0,0.00,0.024,0.169,0.016,SWING,0.5860,0.3373,0.0149,0,0.00,0.029,0.212,0.004,STANCE,0.2807,-0.1923,0.0149,1,1.51,0.662,0.431,0.228,STANCE,0.2856,0.1866,0.0149,1,17.07,0.812,2.139,0.763,STANCE
12.144,1152,placemove,0.6258,-0.0072,0.1330,-0.0002,0.0253,-0.0140,0.0946,-0.0055,-0.0348,0.0124,0.0026,-0.0122,1.000,0.000,0.0000,0.0000,0.8525,-0.2835,0.0148,1,5.00,0.085,0.965,0.125,SHIFT,0.8795,0.2630,0.0148,1,3.76,0.764,0.895,0.319,SHIFT,0.6776,-0.3545,0.0175,0,0.00,0.057,0.008,0.011,SHIFT,0.5858,0.3373,0.0154,0,0.00,0.110,0.065,0.007,SHIFT,0.2805,-0.1924,0.0149,1,2.49,0.933,1.097,0.820,SHIFT,0.2855,0.1866,0.0148,1,5.21,0.143,0.577,1.726,SHIFT
12.211,1156,placemove,0.6276,-0.0074,0.1336,-0.0010,0.0244,-0.0140,0.1056,-0.0220,0.0509,-0.1350,-0.0419,0.0299,1.000,0.000,0.0000,0.0000,0.8526,-0.2836,0.0160,0,0.00,0.045,0.002,0.002,SHIFT,0.8796,0.2628,0.0157,0,0.00,0.032,0.039,0.010,SHIFT,0.6773,-0.3533,0.0146,1,5.72,0.934,2.940,2.428,SHIFT,0.5858,0.3371,0.0147,1,5.69,0.551,2.910,2.415,SHIFT,0.2807,-0.1926,0.0156,0,0.00,0.039,0.104,0.016,SHIFT,0.2855,0.1864,0.0153,0,0.00,0.003,0.078,0.011,SHIFT
12.297,1160,placemove,0.6297,-0.0079,0.1341,-0.0017,0.0246,-0.0138,0.1198,-0.0274,0.0461,0.1895,0.1349,-0.0062,1.000,0.000,0.0000,0.0000,0.8528,-0.2842,0.0157,0,0.00,0.024,0.021,0.000,SHIFT,0.8797,0.2623,0.0147,1,10.31,2.033,2.382,0.725,SHIFT,0.6773,-0.3530,0.0146,1,3.84,1.025,1.827,1.472,SHIFT,0.5859,0.3364,0.0149,0,0.00,0.074,0.069,0.010,SHIFT,0.2809,-0.1933,0.0150,1,12.43,1.492,1.254,0.785,SHIFT,0.2856,0.1857,0.0150,0,0.00,0.081,0.225,0.048,SHIFT
12.356,1164,placemove,0.6316,-0.0080,0.1341,-0.0025,0.0240,-0.0138,0.1178,0.0198,0.0537,-0.0664,0.0759,0.0128,1.000,0.000,0.0000,0.0000,0.8528,-0.2843,0.0149,1,3.03,1.763,0.669,0.266,SHIFT,0.8796,0.2622,0.0149,1,13.48,1.172,2.940,0.721,SHIFT,0.6773,-0.3530,0.0154,0,0.00,0.040,0.038,0.012,SHIFT,0.5858,0.3363,0.0154,0,0.00,0.020,0.233,0.003,SHIFT,0.2809,-0.1935,0.0149,1,12.09,0.707,2.067,0.016,SHIFT,0.2856,0.1855,0.0151,0,0.00,0.004,0.256,0.024,SHIFT
12.459,1168,placemove,0.6337,-0.0081,0.1344,-0.0024,0.0256,-0.0139,0.1116,0.0053,-0.0352,-0.2108,0.0604,-0.0208,1.000,0.000,0.0000,0.0000,0.8528,-0.2843,0.0150,0,0.00,0.086,0.133,0.002,SHIFT,0.8796,0.2622,0.0153,0,0.00,0.024,0.086,0.007,SHIFT,0.6773,-0.3529,0.0149,1,11.25,0.163,0.138,2.314,SHIFT,0.5858,0.3363,0.0150,0,0.00,0.097,0.139,0.005,SHIFT,0.2809,-0.1935,0.0157,0,0.00,0.045,0.032,0.003,SHIFT,0.2855,0.1854,0.0156,0,0.00,0.103,0.114,0.015,SHIFT
12.526,1172,placemove,0.6356,-0.0081,0.1349,-0.0019,0.0258,-0.0140,0.1311,-0.0096,0.0423,0.1136,0.1128,0.0111,1.000,0.000,0.0000,0.0000,0.8528,-0.2844,0.0151,0,0.00,0.074,0.038,0.014,SHIFT,0.8796,0.2621,0.0149,0,0.00,0.073,0.003,0.015,SHIFT,0.6773,-0.3530,0.0150,0,0.00,0.087,0.034,0.006,SHIFT,0.5858,0.3363,0.0155,0,0.00,0.090,0.030,0.003,SHIFT,0.2809,-0.1935,0.0149,0,0.00,0.037,0.013,0.015,SHIFT,0.2855,0.1854,0.0153,0,0.00,0.037,0.009,0.015,SHIFT
12.605,1176,placemove,0.6376,-0.0081,0.1347,-0.0029,0.0253,-0.0144,0.1106,-0.0073,0.0627,0.0407,0.0832,-0.0016,1.000,0.000,0.0000,0.0000,0.8528,-0.2844,0.0149,1,15.75,0.160,2.763,0.028,SHIFT,0.8798,0.2620,0.0149,1,26.86,0.365,2.940,1.902,SHIFT,0.6773,-0.3530,0.0156,0,0.00,0.059,0.093,0.012,SHIFT,0.5860,0.3363,0.0151,0,0.00,0.082,0.562,0.016,SHIFT,0.2809,-0.1935,0.0150,1,15.37,0.003,1.305,1.131,SHIFT,0.2857,0.1855,0.0146,1,27.74,0.354,2.794,1.686,SHIFT
12.730,1180,placemove,0.6394,-0.0082,0.1344,-0.0026,0.0250,-0.0148,0.1001,0.0041,-0.0753,-0.0273,-0.0067,0.0114,1.000,0.000,0.0000,0.0000,0.8526,-0.2846,0.0157,0,0.00,0.071,0.051,0.004,SHIFT,0.8798,0.2618,0.0154,0,0.00,0.075,0.018,0.005,SHIFT,0.6770,-0.3531,0.0150,0,0.44,0.114,0.046,0.079,SHIFT,0.5861,0.3362,0.0151,0,0.00,0.091,0.068,0.008,SHIFT,0.2808,-0.1933,0.0154,0,0.00,0.028,0.046,0.010,SHIFT,0.2857,0.1857,0.0151,0,0.00,0.040,0.058,0.011,SHIFT
12.808,1184,placemove,0.6411,-0.0082,0.1331,-0.0023,0.0241,-0.0147,0.1005,0.0086,-0.0600,-0.0597,-0.0524,-0.0061,1.000,0.000,0.0000,0.0000,0.8525,-0.2845,0.0149,1,2.76,1.366,0.540,0.131,SHIFT,0.8797,0.2619,0.0148,1,7.56,0.684,1.068,0.327,SHIFT,0.6769,-0.3530,0.0153,0,0.00,0.058,0.002,0.011,SHIFT,0.5860,0.3363,0.0150,0,0.00,0.117,0.067,0.007,SHIFT,0.2808,-0.1932,0.0145,1,7.68,0.421,0.032,1.497,SHIFT,0.2856,0.1857,0.0154,0,0.00,0.064,0.004,0.014,SHIFT
12.880,1188,placemove,0.6430,-0.0084,0.1331,-0.0016,0.0241,-0.0145,0.1246,0.0029,0.0090,-0.0513,0.1976,-0.0010,1.000,0.000,0.0000,0.0000,0.8525,-0.2846,0.0150,0,0.00,0.081,0.089,0.001,SHIFT,0.8797,0.2619,0.0154,0,0.00,0.113,0.060,0.010,SHIFT,0.6770,-0.3531,0.0147,1,2.91,0.044,0.581,0.112,SHIFT,0.5860,0.3363,0.0147,0,0.00,0.129,0.050,0.000,SHIFT,0.2807,-0.1933,0.0147,0,0.00,0.056,0.275,0.066,SHIFT,0.2856,0.1857,0.0148,1,9.66,0.069,0.733,0.818,SHIFT
12.952,1192,placemove,0.6446,-0.0084,0.1325,-0.0013,0.0240,-0.0144,0.0520,0.0108,-0.0114,-0.1075,-0.0394,-0.0004,1.000,0.000,0.0000,0.0000,0.8525,-0.2846,0.0147,1,20.37,1.615,2.130,1.507,STANCE,0.8796,0.2619,0.0149,1,4.16,2.171,0.856,0.239,STANCE,0.6769,-0.3531,0.0148,0,0.00,0.034,0.158,0.010,STANCE,0.5860,0.3363,0.0153,0,0.00,0.045,0.025,0.005,SWING,0.2806,-0.1933,0.0151,0,0.00,0.053,0.164,0.022,STANCE,0.2856,0.1856,0.0149,1,13.58,0.767,0.796,1.833,STANCE
12.977,1196,placemove,0.6448,-0.0083,0.1322,-0.0025,0.0243,-0.0143,0.0000,0.0051,-0.0575,-0.0194,0.0079,-0.0039,1.000,0.000,0.0000,0.0000,0.8526,-0.2845,0.0149,1,1.58,0.346,0.225,0.081,STANCE,0.8797,0.2619,0.0149,1,6.23,0.257,0.769,0.315,STANCE,0.6770,-0.3530,0.0155,0,0.00,0.014,0.006,0.008,STANCE,0.5867,0.3359,0.0219,0,0.00,0.021,0.218,0.021,SWING,0.2807,-0.1934,0.0148,1,3.71,0.170,0.711,0.039,STANCE,0.2856,0.1856,0.0151,0,0.00,0.011,0.014,0.001,STANCE
13.048,1200,placemove,0.6449,-0.0081,0.1318,-0.0040,0.0244,-0.0143,0.0029,0.0042,-0.0232,-0.0322,0.0242,0.0008,1.000,0.000,0.0000,0.0000,0.8526,-0.2845,0.0156,0,0.00,0.009,0.005,0.003,STANCE,0.8797,0.2619,0.0148,1,4.78,0.186,0.502,0.333,STANCE,0.6770,-0.3530,0.0149,1,4.59,0.239,0.673,0.127,STANCE,0.5876,0.3334,0.0322,0,0.00,0.006,0.144,0.103,SWING,0.2807,-0.1934,0.0154,0,0.00,0.007,0.001,0.003,STANCE,0.2856,0.1856,0.0146,1,3.58,0.125,0.453,0.197,STANCE
13.094,1204,placemove,0.6449,-0.0079,0.1317,-0.0054,0.0243,-0.0143,0.0087,0.0147,0.0540,-0.1076,0.0861,0.0042,1.000,0.000,0.0000,0.0000,0.8526,-0.2845,0.0148,1,0.88,0.433,0.285,0.206,STANCE,0.8797,0.2619,0.0148,1,7.71,0.322,1.100,0.327,STANCE,0.6770,-0.3530,0.0154,0,0.00,0.029,0.049,0.001,STANCE,0.5887,0.3301,0.0426,0,0.00,0.040,0.236,0.009,SWING,0.2807,-0.1933,0.0148,1,11.39,0.284,1.286,0.635,STANCE,0.2856,0.1856,0.0145,0,0.00,0.001,0.148,0.012,STANCE
13.172,1208,placemove,0.6449,-0.0078,0.1313,-0.0060,0.0247,-0.0141,0.0019,0.0014,-0.0571,-0.0014,0.0082,-0.0147,1.000,0.000,0.0000,0.0000,0.8526,-0.2844,0.0150,1,5.25,0.512,0.736,0.140,STANCE,0.8796,0.2620,0.0148,1,6.71,0.104,0.541,0.711,STANCE,0.6770,-0.3530,0.0150,0,0.00,0.047,0.096,0.005,STANCE,0.5897,0.3320,0.0532,0,0.00,0.215,0.176,0.012,SWING,0.2807,-0.1934,0.0149,1,5.69,0.079,0.811,0.197,STANCE,0.2855,0.1856,0.0149,1,2.63,0.333,0.339,0.127,STANCE
13.217,1212,placemove,0.6449,-0.0076,0.1310,-0.0077,0.0245,-0.0142,-0.0002,0.0025,-0.0077,-0.0157,-0.0025,-0.0022,1.000,0.000,0.0000,0.0000,0.8526,-0.2844,0.0156,0,0.00,0.004,0.083,0.003,STANCE,0.8796,0.2620,0.0147,1,3.96,0.763,0.090,0.902,STANCE,0.6770,-0.3530,0.0147,1,6.50,0.576,1.134,0.067,STANCE,0.6022,0.3353,0.0624,0,0.00,0.088,0.128,0.028,SWING,0.2807,-0.1934,0.0152,0,0.00,0.004,0.093,0.005,STANCE,0.2856,0.1856,0.0149,1,3.07,1.123,0.497,0.036,STANCE
13.298,1216,placemove,0.6449,-0.0075,0.1308,-0.0089,0.0246,-0.0143,-0.0060,0.0080,-0.0248,-0.0560,-0.0238,0.0038,1.000,0.000,0.0000,0.0000,0.8526,-0.2844,0.0147,1,2.41,0.227,0.444,0.083,STANCE,0.8796,0.2620,0.0147,1,6.51,0.130,0.394,0.869,STANCE,0.6770,-0.3530,0.0153,0,0.00,0.006,0.009,0.003,STANCE,0.6179,0.3349,0.0639,0,0.00,0.101,0.030,0.011,SWING,0.2807,-0.1933,0.0148,1,5.52,0.381,0.638,0.369,STANCE,0.2856,0.1856,0.0150,0,0.00,0.007,0.034,0.001,STANCE
13.350,1220,placemove,0.6450,-0.0074,0.1308,-0.0096,0.0253,-0.0143,0.0003,0.0092,-0.0124,-0.0684,0.0034,0.0002,1.000,0.000,0.0000,0.0000,0.8526,-0.2844,0.0150,0,0.00,0.008,0.000,0.003,STANCE,0.8797,0.2620,0.0147,1,4.59,0.188,0.376,0.484,STANCE,0.6770,-0.3530,0.0149,1,4.58,0.176,0.780,0.013,STANCE,0.6332,0.3371,0.0636,0,0.00,0.100,0.025,0.029,SWING,0.2807,-0.1934,0.0154,0,0.00,0.011,0.008,0.003,STANCE,0.2856,0.1856,0.0149,1,3.54,0.218,0.580,0.041,STANCE
13.433,1224,placemove,0.6451,-0.0073,0.1311,-0.0100,0.0260,-0.0143,0.0100,0.0007,-0.0262,-0.0081,0.0425,0.0075,1.000,0.000,0.0000,0.0000,0.8526,-0.2844,0.0150,0,0.00,0.004,0.010,0.001,STANCE,0.8797,0.2620,0.0147,0,0.15,0.041,0.015,0.052,STANCE,0.6770,-0.3530,0.0151,0,0.00,0.003,0.041,0.001,STANCE,0.6487,0.3415,0.0633,0,0.00,0.098,0.037,0.018,SWING,0.2807,-0.1934,0.0150,0,0.00,0.002,0.019,0.005,STANCE,0.2856,0.1856,0.0153,0,0.00,0.004,0.023,0.000,STANCE
13.472,1228,placemove,0.6450,-0.0072,0.1308,-0.0111,0.0255,-0.0142,0.0001,0.0002,-0.0298,-0.0098,0.0192,0.0029,1.000,0.000,0.0000,0.0000,0.8526,-0.2844,0.0148,1,5.26,0.176,0.645,0.251,STANCE,0.8797,0.2620,0.0148,1,2.49,0.407,0.010,0.557,STANCE,0.6771,-0.3530,0.0152,0,0.00,0.003,0.093,0.007,STANCE,0.6644,0.3428,0.0619,0,0.00,0.081,0.168,0.007,SWING,0.2807,-0.1934,0.0152,0,0.00,0.023,0.023,0.002,STANCE,0.2856,0.1856,0.0147,1,4.40,0.152,0.568,0.236,STANCE
13.576,1232,placemove,0.6451,-0.0071,0.1311,-0.0120,0.0260,-0.0142,0.0076,0.0004,0.0165,-0.0081,0.0722,0.0007,1.000,0.000,0.0000,0.0000,0.8526,-0.2844,0.0152,0,0.00,0.014,0.005,0.004,STANCE,0.8797,0.2621,0.0147,1,1.34,0.100,0.168,0.507,STANCE,0.6770,-0.3530,0.0147,0,0.00,0.011,0.007,0.007,STANCE,0.6800,0.3421,0.0526,0,0.00,0.098,0.151,0.052,SWING,0.2807,-0.1934,0.0149,0,0.00,0.005,0.005,0.016,STANCE,0.2856,0.1856,0.0149,0,0.00,0.013,0.009,0.004,STANCE
13.644,1236,placemove,0.6450,-0.0070,0.1305,-0.0130,0.0255,-0.0142,-0.0025,0.0034,-0.0310,-0.0305,-0.0105,0.0006,1.000,0.000,0.0000,0.0000,0.8526,-0.2844,0.0148,1,7.34,0.009,0.897,0.363,STANCE,0.8797,0.2621,0.0149,1,3.40,0.303,0.096,0.565,STANCE,0.6771,-0.3530,0.0152,0,0.00,0.001,0.013,0.005,STANCE,0.6959,0.3423,0.0405,0,0.00,0.116,0.068,0.049,SWING,0.2807,-0.1935,0.0150,0,0.00,0.009,0.026,0.003,STANCE,0.2856,0.1855,0.0149,1,6.13,0.298,0.900,0.212,STANCE
13.755,1240,placemove,0.6450,-0.0069,0.1305,-0.0142,0.0254,-0.0142,-0.0017,0.0118,0.0194,-0.0835,-0.0047,0.0047,1.000,0.000,0.0000,0.0000,0.8526,-0.2844,0.0151,0,0.00,0.008,0.025,0.002,STANCE,0.8797,0.2621,0.0148,1,2.79,0.322,0.206,0.878,STANCE,0.6771,-0.3530,0.0149,0,0.20,0.070,0.077,0.036,STANCE,0.7081,0.3422,0.0287,0,0.00,0.214,0.135,0.017,SWING,0.2807,-0.1934,0.0149,0,0.00,0.056,0.020,0.016,STANCE,0.2856,0.1856,0.0148,1,0.77,0.213,0.025,0.100,STANCE
13.836,1244,placemove,0.6459,-0.0068,0.1301,-0.0149,0.0250,-0.0143,0.0912,0.0090,-0.0310,-0.1346,-0.0410,-0.0095,1.000,0.000,0.0000,0.0000,0.8524,-0.2844,0.0149,1,16.48,1.143,1.555,1.445,SHIFT,0.8795,0.2621,0.0149,1,2.43,1.294,0.854,0.564,SHIFT,0.6769,-0.3530,0.0150,0,0.00,0.069,0.135,0.001,SHIFT,0.7077,0.3381,0.0163,0,0.00,0.051,0.104,0.006,SHIFT,0.2806,-0.1934,0.0149,0,0.00,0.009,0.091,0.006,SHIFT,0.2856,0.1855,0.0147,1,12.41,0.298,0.622,1.839,SHIFT
13.943,1248,placemove,0.6478,-0.0070,0.1309,-0.0112,0.0237,-0.0144,0.1116,-0.0019,0.0649,0.2159,-0.0397,-0.0874,1.000,0.000,0.0000,0.0000,0.8526,-0.2843,0.0148,0,0.00,0.061,0.099,0.007,SHIFT,0.8797,0.2623,0.0167,0,0.00,0.125,0.033,0.012,SHIFT,0.6770,-0.3528,0.0148,1,11.46,1.679,2.940,1.521,SHIFT,0.7076,0.3374,0.0145,1,5.84,0.796,2.940,2.481,SHIFT,0.2808,-0.1933,0.0148,0,0.00,0.265,0.130,0.028,SHIFT,0.2856,0.1858,0.0158,0,0.00,0.133,0.007,0.010,SHIFT
13.981,1252,placemove,0.6497,-0.0072,0.1318,-0.0082,0.0221,-0.0150,0.1088,-0.0163,0.0197,0.1549,-0.0737,-0.0537,1.000,0.000,0.0000,0.0000,0.8526,-0.2842,0.0154,0,0.00,0.077,0.049,0.005,SHIFT,0.8801,0.2623,0.0174,0,0.00,0.077,0.037,0.012,SHIFT,0.6770,-0.3527,0.0147,0,0.09,0.095,0.040,0.027,SHIFT,0.7075,0.3353,0.0145,0,0.00,0.096,0.016,0.010,SHIFT,0.2808,-0.1927,0.0150,0,0.00,0.039,0.017,0.001,SHIFT,0.2860,0.1863,0.0156,0,0.00,0.032,0.043,0.016,SHIFT
14.065,1256,placemove,0.6517,-0.0073,0.1318,-0.0083,0.0224,-0.0152,0.1095,0.0066,0.0064,-0.0511,0.0982,0.0111,1.000,0.000,0.0000,0.0000,0.8525,-0.2843,0.0147,1,6.62,1.970,0.727,0.462,SHIFT,0.8803,0.2621,0.0159,0,0.00,0.021,0.101,0.006,SHIFT,0.6769,-0.3527,0.0154,0,0.00,0.017,0.015,0.007,SHIFT,0.7076,0.3350,0.0148,1,5.27,1.900,1.036,0.223,SHIFT,0.2808,-0.1926,0.0152,0,0.00,0.022,0.135,0.033,SHIFT,0.2861,0.1864,0.0147,0,0.00,0.007,0.099,0.042,SHIFT
14.140,1260,placemove,0.6536,-0.0074,0.1317,-0.0075,0.0227,-0.0149,0.0900,0.0105,-0.0131,-0.1287,-0.0789,0.0023,1.000,0.000,0.0000,0.0000,0.8526,-0.2843,0.0150,0,0.00,0.041,0.197,0.007,SHIFT,0.8802,0.2621,0.0149,1,8.99,1.149,2.497,1.174,SHIFT,0.6769,-0.3526,0.0148,1,18.90,1.296,1.846,1.364,SHIFT,0.7076,0.3350,0.0158,0,0.00,0.021,0.076,0.007,SHIFT,0.2808,-0.1926,0.0149,0,0.00,0.069,0.064,0.006,SHIFT,0.2861,0.1864,0.0157,0,0.00,0.089,0.090,0.014,SHIFT
14.209,1264,placemove,0.6555,-0.0074,0.1317,-0.0072,0.0225,-0.0148,0.1001,-0.0161,-0.0282,0.0666,0.0045,0.0023,1.000,0.000,0.0000,0.0000,0.8525,-0.2843,0.0155,0,0.00,0.089,0.049,0.002,SHIFT,0.8803,0.2622,0.0154,0,0.00,0.065,0.029,0.001,SHIFT,0.6769,-0.3526,0.0147,1,2.23,0.074,0.327,0.086,SHIFT,0.7076,0.3350,0.0150,1,0.73,0.140,0.384,0.304,SHIFT,0.2808,-0.1925,0.0153,0,0.00,0.024,0.038,0.009,SHIFT,0.2861,0.1865,0.0151,0,0.00,0.043,0.040,0.003,SHIFT
14.294,1268,placemove,0.6573,-0.0074,0.1313,-0.0078,0.0217,-0.0147,0.1059,-0.0050,-0.0032,0.1001,-0.0094,0.0231,1.000,0.000,0.0000,0.0000,0.8525,-0.2843,0.0149,0,0.00,0.063,0.025,0.005,SHIFT,0.8802,0.2621,0.0149,1,15.08,0.297,1.235,1.588,SHIFT,0.6768,-0.3526,0.0155,0,0.00,0.091,0.087,0.005,SHIFT,0.7076,0.3350,0.0150,0,0.00,0.059,0.140,0.002,SHIFT,0.2807,-0.1925,0.0148,1,8.36,0.777,1.327,0.240,SHIFT,0.2861,0.1864,0.0151,0,0.00,0.044,0.040,0.003,SHIFT
14.383,1272,placemove,0.6593,-0.0074,0.1311,-0.0080,0.0216,-0.0145,0.1136,0.0159,0.0424,-0.1235,0.1131,0.0063,1.000,0.000,0.0000,0.0000,0.8526,-0.2843,0.0152,0,0.00,0.066,0.105,0.007,SHIFT,0.8802,0.2622,0.0148,1,7.95,0.150,1.518,0.183,SHIFT,0.6769,-0.3526,0.0148,1,8.34,0.615,1.345,0.051,SHIFT,0.7076,0.3350,0.0153,0,0.00,0.100,0.185,0.003,SHIFT,0.2806,-0.1926,0.0148,0,0.00,0.031,0.257,0.092,SHIFT,0.2861,0.1864,0.0149,1,14.32,0.518,1.443,0.835,SHIFT
14.451,1276,placemove,0.6611,-0.0074,0.1309,-0.0074,0.0215,-0.0144,0.0973,-0.0072,-0.0177,0.0295,-0.0198,0.0043,1.000,0.000,0.0000,0.0000,0.8525,-0.2842,0.0154,0,0.00,0.019,0.064,0.007,SHIFT,0.8802,0.2622,0.0156,0,0.00,0.011,0.017,0.014,SHIFT,0.6769,-0.3526,0.0149,1,9.37,1.166,1.482,0.078,SHIFT,0.7075,0.3351,0.0148,1,8.20,1.196,1.510,0.158,SHIFT,0.2808,-0.1925,0.0155,0,0.00,0.006,0.215,0.033,SHIFT,0.2860,0.1865,0.0153,0,0.00,0.000,0.156,0.029,SHIFT
14.563,1280,placemove,0.6629,-0.0073,0.1313,-0.0081,0.0207,-0.0144,0.0909,-0.0023,-0.0348,0.0753,-0.1278,0.0219,1.000,0.000,0.0000,0.0000,0.8524,-0.2841,0.0155,0,0.00,0.035,0.062,0.003,SHIFT,0.8801,0.2623,0.0149,1,8.30,0.624,0.169,1.926,SHIFT,0.6768,-0.3525,0.0161,0,0.00,0.056,0.116,0.008,SHIFT,0.7075,0.3351,0.0154,0,0.00,0.018,0.052,0.007,SHIFT,0.2807,-0.1925,0.0155,0,0.00,0.082,0.133,0.019,SHIFT,0.2860,0.1865,0.0153,0,0.00,0.060,0.045,0.007,SHIFT
14.649,1284,placemove,0.6646,-0.0074,0.1309,-0.0071,0.0203,-0.0146,0.1013,0.0073,-0.0360,-0.0710,0.1257,-0.0644,1.000,0.000,0.0000,0.0000,0.8525,-0.2841,0.0148,1,0.70,0.282,0.005,0.192,STANCE,0.8802,0.2623,0.0151,0,0.00,0.046,0.071,0.012,STANCE,0.6768,-0.3524,0.0146,0,0.00,0.002,0.021,0.003,STANCE,0.7076,0.3352,0.0152,0,0.00,0.050,0.008,0.001,STANCE,0.2807,-0.1924,0.0145,0,0.24,0.011,0.068,0.060,SWING,0.2861,0.1866,0.0150,0,0.00,0.037,0.047,0.004,STANCE
14.714,1288,placemove,0.6649,-0.0075,0.1303,-0.0063,0.0205,-0.0148,-0.0069,-0.0036,-0.0209,0.0111,-0.0540,0.0020,1.000,0.000,0.0000,0.0000,0.8525,-0.2842,0.0148,0,0.00,0.005,0.032,0.012,STANCE,0.8805,0.2622,0.0151,0,0.00,0.004,0.098,0.002,STANCE,0.6769,-0.3524,0.0146,1,7.93,0.126,1.133,0.229,STANCE,0.7079,0.3352,0.0147,1,8.16,0.117,1.187,0.211,STANCE,0.2816,-0.1921,0.0208,0,0.00,0.006,0.162,0.044,SWING,0.2863,0.1868,0.0153,0,0.00,0.001,0.112,0.017,STANCE
14.823,1292,placemove,0.6649,-0.0076,0.1314,-0.0050,0.0198,-0.0147,0.0021,-0.0014,0.0342,0.0203,0.0074,0.0069,1.000,0.000,0.0000,0.0000,0.8525,-0.2842,0.0149,0,0.03,0.006,0.030,0.002,STANCE,0.8805,0.2622,0.0148,1,1.62,0.040,0.712,0.584,STANCE,0.6768,-0.3525,0.0145,1,2.11,0.407,0.462,0.170,STANCE,0.7079,0.3351,0.0154,0,0.00,0.002,0.024,0.004,STANCE,0.2831,-0.1916,0.0328,0,0.00,0.003,0.115,0.101,SWING,0.2863,0.1868,0.0144,1,1.40,0.418,0.193,0.033,STANCE
14.901,1296,placemove,0.6649,-0.0077,0.1317,-0.0043,0.0196,-0.0146,-0.0021,-0.0045,0.0128,0.0292,-0.0212,0.0039,1.000,0.000,0.0000,0.0000,0.8525,-0.2842,0.0149,0,0.00,0.005,0.039,0.000,STANCE,0.8805,0.2622,0.0151,0,0.00,0.003,0.024,0.001,STANCE,0.6768,-0.3525,0.0144,1,5.02,0.037,0.810,0.014,STANCE,0.7079,0.3351,0.0148,1,4.21,0.053,0.876,0.231,STANCE,0.2854,-0.1908,0.0443,0,0.00,0.009,0.149,0.082,SWING,0.2863,0.1868,0.0146,0,0.02,0.026,0.017,0.002,STANCE
14.964,1300,placemove,0.6647,-0.0078,0.1317,-0.0034,0.0186,-0.0145,-0.0087,-0.0080,0.0036,0.0505,-0.0632,0.0057,1.000,0.000,0.0000,0.0000,0.8525,-0.2842,0.0151,0,0.00,0.014,0.027,0.004,STANCE,0.8805,0.2622,0.0149,1,3.52,0.255,0.915,0.448,STANCE,0.6768,-0.3525,0.0144,1,5.49,0.246,0.769,0.156,STANCE,0.7079,0.3351,0.0152,0,0.00,0.011,0.013,0.003,STANCE,0.2858,-0.1914,0.0567,0,0.00,0.152,0.215,0.010,SWING,0.2863,0.1868,0.0146,1,2.79,0.242,0.545,0.094,STANCE
15.057,1304,placemove,0.6647,-0.0079,0.1316,-0.0033,0.0181,-0.0146,-0.0107,-0.0102,0.0034,0.0978,-0.0940,0.0041,1.000,0.000,0.0000,0.0000,0.8524,-0.2843,0.0150,1,6.90,1.051,1.115,0.022,STANCE,0.8805,0.2621,0.0149,0,0.00,0.014,0.174,0.003,STANCE,0.6767,-0.3525,0.0146,1,3.58,0.232,0.911,0.308,STANCE,0.7079,0.3351,0.0148,1,16.79,0.066,2.119,0.633,STANCE,0.2921,-0.1970,0.0675,0,0.00,0.597,0.061,0.109,SWING,0.2863,0.1869,0.0146,0,0.00,0.035,0.067,0.003,STANCE
15.099,1308,placemove,0.6646,-0.0079,0.1317,-0.0027,0.0174,-0.0145,-0.0001,-0.0002,-0.0170,0.0019,0.0021,0.0036,1.000,0.000,0.0000,0.0000,0.8524,-0.2843,0.0149,1,2.15,0.621,0.168,0.208,STANCE,0.8805,0.2621,0.0153,0,0.00,0.005,0.040,0.001,STANCE,0.6768,-0.3525,0.0145,1,2.08,0.783,0.318,0.020,STANCE,0.7079,0.3351,0.0147,1,4.21,0.142,0.683,0.020,STANCE,0.3032,-0.2098,0.0772,0,0.00,0.073,0.363,0.208,SWING,0.2863,0.1868,0.0146,1,0.70,0.056,0.198,0.112,STANCE
15.168,1312,placemove,0.6645,-0.0080,0.1317,-0.0021,0.0167,-0.0144,-0.0014,-0.0018,0.0046,0.0128,-0.0121,0.0031,1.000,0.000,0.0000,0.0000,0.8524,-0.2843,0.0150,1,0.72,0.354,0.005,0.110,STANCE,0.8805,0.2621,0.0148,1,3.79,0.083,0.762,0.156,STANCE,0.6767,-0.3525,0.0145,1,4.38,0.429,0.651,0.083,STANCE,0.7079,0.3351,0.0151,0,0.00,0.000,0.030,0.000,STANCE,0.3188,-0.2231,0.0773,0,0.00,0.087,0.081,0.094,SWING,0.2863,0.1868,0.0146,1,2.62,0.033,0.572,0.144,STANCE
15.236,1316,placemove,0.6645,-0.0081,0.1317,-0.0016,0.0165,-0.0144,-0.0016,-0.0028,0.0043,0.0194,-0.0149,0.0015,1.000,0.000,0.0000,0.0000,0.8524,-0.2843,0.0150,1,0.64,0.092,0.080,0.007,STANCE,0.8805,0.2621,0.0150,0,0.00,0.004,0.028,0.000,STANCE,0.6767,-0.3525,0.0144,1,5.45,0.144,0.810,0.108,STANCE,0.7079,0.3351,0.0148,1,4.39,0.181,0.761,0.056,STANCE,0.3372,-0.2333,0.0692,0,0.00,0.086,0.234,0.057,SWING,0.2863,0.1868,0.0147,1,1.07,0.018,0.093,0.076,STANCE
15.276,1320,placemove,0.6645,-0.0081,0.1318,-0.0015,0.0165,-0.0143,0.0001,-0.0003,0.0011,0.0026,-0.0005,0.0013,1.000,0.000,0.0000,0.0000,0.8524,-0.2843,0.0149,1,2.13,0.180,0.237,0.129,STANCE,0.8805,0.2621,0.0150,1,1.09,0.162,0.126,0.025,STANCE,0.6767,-0.3525,0.0143,1,4.68,0.594,0.662,0.143,STANCE,0.7079,0.3351,0.0147,1,2.50,0.122,0.520,0.149,STANCE,0.3563,-0.2411,0.0617,0,0.00,0.677,0.317,0.045,SWING,0.2863,0.1868,0.0147,1,2.22,0.364,0.357,0.013,STANCE
15.298,1324,placemove,0.6645,-0.0081,0.1318,-0.0015,0.0165,-0.0143,0.0001,0.0002,-0.0000,-0.0003,-0.0001,0.0009,1.000,0.000,0.0000,0.0000,0.8524,-0.2843,0.0149,1,1.61,0.003,0.252,0.007,STANCE,0.8805,0.2621,0.0149,1,1.70,0.065,0.206,0.055,STANCE,0.6767,-0.3525,0.0143,1,3.92,0.281,0.605,0.046,STANCE,0.7079,0.3351,0.0147,1,2.60,0.186,0.493,0.092,STANCE,0.3703,-0.2355,0.0480,0,0.00,0.037,0.058,0.102,SWING,0.2863,0.1868,0.0147,1,2.50,0.046,0.335,0.085,STANCE
15.333,1328,placemove,0.6645,-0.0081,0.1318,-0.0015,0.0165,-0.0143,0.0000,0.0001,-0.0008,-0.0003,-0.0001,0.0007,1.000,0.000,0.0000,0.0000,0.8524,-0.2843,0.0149,1,1.61,0.013,0.265,0.023,STANCE,0.8805,0.2621,0.0149,1,1.74,0.057,0.218,0.048,STANCE,0.6767,-0.3525,0.0143,1,3.94,0.271,0.617,0.035,STANCE,0.7079,0.3351,0.0147,1,2.63,0.196,0.494,0.087,STANCE,0.3830,-0.2255,0.0352,0,0.00,0.003,0.059,0.103,SWING,0.2863,0.1868,0.0146,1,2.58,0.077,0.343,0.090,STANCE
15.355,1332,placemove,0.6645,-0.0081,0.1318,-0.0015,0.0165,-0.0143,0.0000,0.0000,-0.0011,-0.0003,-0.0002,0.0004,1.000,0.000,0.0000,0.0000,0.8524,-0.2843,0.0148,1,1.64,0.012,0.271,0.025,STANCE,0.8805,0.2621,0.0149,1,1.76,0.054,0.226,0.042,STANCE,0.6767,-0.3525,0.0142,1,3.96,0.275,0.622,0.032,STANCE,0.7079,0.3351,0.0146,1,2.65,0.200,0.498,0.088,STANCE,0.3962,-0.2148,0.0248,0,0.00,0.001,0.060,0.104,SWING,0.2863,0.1868,0.0146,1,2.60,0.079,0.347,0.090,STANCE
15.404,1336,placemove,0.6655,-0.0081,0.1318,-0.0015,0.0164,-0.0143,0.0883,-0.0001,-0.0035,0.0016,0.0175,-0.0016,1.000,0.000,0.0000,0.0000,0.8524,-0.2843,0.0148,1,2.76,0.242,0.785,0.438,SHIFT,0.8805,0.2621,0.0149,1,3.19,0.596,0.880,0.449,SHIFT,0.6767,-0.3525,0.0142,1,4.02,1.658,0.547,0.109,SHIFT,0.7079,0.3351,0.0146,1,2.57,1.370,0.525,0.158,SHIFT,0.4102,-0.2034,0.0168,0,0.00,0.008,0.039,0.094,SHIFT,0.2864,0.1868,0.0145,0,0.00,0.001,0.101,0.043,SHIFT
15.465,1340,placemove,0.6672,-0.0083,0.1316,-0.0018,0.0173,-0.0144,0.1033,-0.0215,-0.0124,-0.0155,0.1201,-0.0029,1.000,0.000,0.0000,0.0000,0.8522,-0.2845,0.0149,0,0.19,0.014,0.048,0.005,SHIFT,0.8803,0.2619,0.0148,1,5.75,0.827,2.940,2.503,SHIFT,0.6765,-0.3527,0.0144,0,0.00,0.104,0.019,0.006,SHIFT,0.7077,0.3349,0.0146,0,0.00,0.062,0.040,0.002,SHIFT,0.4167,-0.1980,0.0143,1,5.92,0.353,2.940,2.305,SHIFT,0.2862,0.1867,0.0149,0,0.00,0.017,0.050,0.010,SHIFT
15.538,1344,placemove,0.6691,-0.0087,0.1315,-0.0020,0.0195,-0.0145,0.1144,-0.0027,0.0220,0.0023,0.0883,0.0081,1.000,0.000,0.0000,0.0000,0.8519,-0.2850,0.0149,1,4.19,0.057,0.321,0.436,SHIFT,0.8800,0.2614,0.0147,1,5.67,0.373,2.940,2.548,SHIFT,0.6761,-0.3531,0.0148,0,0.00,0.054,0.055,0.010,SHIFT,0.7074,0.3344,0.0148,0,0.00,0.029,0.062,0.002,SHIFT,0.4176,-0.1974,0.0142,1,6.69,0.228,2.940,2.200,SHIFT,0.2858,0.1863,0.0159,0,0.00,0.044,0.155,0.026,SHIFT
15.594,1348,placemove,0.6712,-0.0089,0.1325,-0.0023,0.0214,-0.0144,0.1253,-0.0154,0.0619,-0.0585,0.2824,-0.0023,1.000,0.000,0.0000,0.0000,0.8518,-0.2851,0.0150,0,0.00,0.089,0.000,0.004,SHIFT,0.8800,0.2614,0.0146,1,5.68,0.893,2.864,2.400,SHIFT,0.6761,-0.3532,0.0152,0,0.00,0.094,0.004,0.003,SHIFT,0.7074,0.3344,0.0150,0,0.00,0.074,0.038,0.008,SHIFT,0.4181,-0.1971,0.0140,1,5.80,0.464,2.940,2.232,SHIFT,0.2858,0.1862,0.0149,0,0.00,0.022,0.092,0.040,SHIFT
15.676,1352,placemove,0.6734,-0.0093,0.1328,-0.0038,0.0271,-0.0147,0.1292,-0.0246,-0.0324,0.0136,0.2454,-0.0066,1.000,0.000,0.0000,0.0000,0.8513,-0.2857,0.0160,0,0.00,0.107,0.006,0.012,SHIFT,0.8797,0.2607,0.0147,1,1.10,0.086,0.534,0.474,SHIFT,0.6756,-0.3538,0.0169,0,0.00,0.109,0.028,0.011,SHIFT,0.7071,0.3338,0.0155,0,0.00,0.084,0.078,0.005,SHIFT,0.4200,-0.1957,0.0146,0,0.00,0.064,0.086,0.009,SHIFT,0.2854,0.1857,0.0181,0,0.00,0.049,0.014,0.013,SHIFT
15.776,1356,placemove,0.6752,-0.0095,0.1327,-0.0032,0.0274,-0.0146,0.0968,0.0136,0.0632,-0.1118,-0.0035,0.0070,1.000,0.000,0.0000,0.0000,0.8512,-0.2858,0.0147,0,0.00,0.062,0.142,0.005,SHIFT,0.8796,0.2606,0.0153,0,0.00,0.024,0.019,0.005,SHIFT,0.6755,-0.3539,0.0149,1,18.47,0.787,2.344,0.803,SHIFT,0.7070,0.3337,0.0147,1,11.27,1.028,2.519,0.716,SHIFT,0.4202,-0.1956,0.0147,0,0.00,0.018,0.164,0.007,SHIFT,0.2853,0.1856,0.0170,0,0.00,0.033,0.244,0.065,SHIFT
15.849,1360,placemove,0.6771,-0.0095,0.1333,-0.0029,0.0271,-0.0144,0.1146,-0.0257,0.0526,0.2049,0.1253,-0.0032,1.000,0.000,0.0000,0.0000,0.8512,-0.2858,0.0153,0,0.00,0.007,0.020,0.008,SHIFT,0.8795,0.2606,0.0148,1,6.94,1.992,1.174,0.079,SHIFT,0.6754,-0.3539,0.0148,1,6.86,2.008,1.169,0.095,SHIFT,0.7069,0.3337,0.0149,0,0.00,0.019,0.012,0.000,SHIFT,0.4202,-0.1956,0.0152,0,0.00,0.024,0.040,0.001,SHIFT,0.2852,0.1856,0.0149,0,0.00,0.012,0.210,0.076,SHIFT
15.913,1364,placemove,0.6790,-0.0096,0.1331,-0.0034,0.0285,-0.0143,0.1185,0.0201,0.0475,-0.1071,0.1336,0.0099,1.000,0.000,0.0000,0.0000,0.8510,-0.2858,0.0149,0,0.00,0.155,0.053,0.017,SHIFT,0.8792,0.2605,0.0148,1,26.98,0.657,2.936,1.739,SHIFT,0.6752,-0.3540,0.0157,0,0.00,0.060,0.052,0.025,SHIFT,0.7067,0.3335,0.0157,0,0.00,0.139,0.445,0.012,SHIFT,0.4201,-0.1957,0.0148,1,23.50,0.665,1.305,2.940,SHIFT,0.2849,0.1855,0.0154,0,0.00,0.092,0.255,0.027,SHIFT
15.985,1368,placemove,0.6812,-0.0095,0.1333,-0.0033,0.0296,-0.0140,0.1201,0.0114,-0.0449,-0.1417,0.0745,-0.0454,1.000,0.000,0.0000,0.0000,0.8512,-0.2856,0.0153,0,0.00,0.010,0.050,0.005,SHIFT,0.8793,0.2607,0.0154,0,0.00,0.123,0.101,0.007,SHIFT,0.6755,-0.3538,0.0148,1,3.55,0.626,0.207,0.932,SHIFT,0.7066,0.3337,0.0151,0,0.00,0.140,0.080,0.000,SHIFT,0.4202,-0.1957,0.0152,0,0.00,0.049,0.040,0.009,SHIFT,0.2850,0.1855,0.0153,0,0.00,0.138,0.019,0.007,SHIFT
16.057,1372,placemove,0.6831,-0.0095,0.1323,-0.0035,0.0298,-0.0146,0.1036,-0.0031,0.0011,-0.0244,-0.0010,-0.0250,1.000,0.000,0.0000,0.0000,0.8511,-0.2857,0.0145,1,6.03,1.823,0.107,1.062,SHIFT,0.8795,0.2606,0.0149,1,2.14,1.161,0.476,0.119,SHIFT,0.6754,-0.3539,0.0148,0,0.00,0.028,0.017,0.003,SHIFT,0.7069,0.3337,0.0149,0,0.00,0.015,0.028,0.004,SHIFT,0.4201,-0.1955,0.0153,0,0.00,0.038,0.079,0.003,SHIFT,0.2852,0.1857,0.0148,0,0.31,0.275,0.044,0.064,SHIFT
16.137,1376,placemove,0.6850,-0.0094,0.1316,-0.0040,0.0317,-0.0145,0.0647,-0.0009,-0.0619,-0.0027,0.1449,-0.0166,1.000,0.000,0.0000,0.0000,0.8512,-0.2857,0.0148,1,7.60,2.860,1.184,0.035,STANCE,0.8795,0.2607,0.0149,1,10.04,2.940,0.788,1.114,STANCE,0.6754,-0.3538,0.0157,0,0.00,0.172,0.006,0.004,STANCE,0.7069,0.3338,0.0153,0,0.00,0.110,0.011,0.016,STANCE,0.4202,-0.1955,0.0149,0,0.00,0.083,0.023,0.023,STANCE,0.2853,0.1857,0.0158,0,0.00,0.073,0.048,0.044,SWING
16.213,1380,placemove,0.6853,-0.0094,0.1326,-0.0041,0.0315,-0.0144,0.0053,0.0115,0.0904,-0.0384,-0.0136,0.0026,1.000,0.000,0.0000,0.0000,0.8512,-0.2857,0.0152,0,0.00,0.002,0.024,0.003,STANCE,0.8796,0.2607,0.0153,0,0.00,0.001,0.033,0.004,STANCE,0.6754,-0.3538,0.0147,0,0.00,0.002,0.050,0.013,STANCE,0.7070,0.3338,0.0147,0,0.00,0.001,0.050,0.009,STANCE,0.4202,-0.1955,0.0153,0,0.00,0.001,0.028,0.003,STANCE,0.2859,0.1857,0.0237,0,0.00,0.002,0.082,0.081,SWING
16.309,1384,placemove,0.6852,-0.0094,0.1336,-0.0041,0.0306,-0.0144,0.0030,0.0068,0.1092,-0.0506,0.0127,0.0014,1.000,0.000,0.0000,0.0000,0.8512,-0.2857,0.0150,0,0.00,0.101,0.147,0.004,STANCE,0.8796,0.2607,0.0149,1,9.93,1.006,2.491,0.951,STANCE,0.6754,-0.3538,0.0147,0,0.00,0.098,0.171,0.001,STANCE,0.7070,0.3338,0.0148,0,0.00,0.086,0.077,0.004,STANCE,0.4201,-0.1955,0.0147,1,22.18,1.163,1.984,1.758,STANCE,0.2868,0.1856,0.0359,0,0.00,0.057,0.369,0.058,SWING
16.380,1388,placemove,0.6851,-0.0092,0.1343,-0.0055,0.0298,-0.0144,-0.0010,0.0023,0.0060,-0.0145,-0.0101,0.0022,1.000,0.000,0.0000,0.0000,0.8511,-0.2856,0.0150,1,3.24,0.028,0.510,0.002,STANCE,0.8795,0.2607,0.0149,1,2.00,0.149,0.414,0.125,STANCE,0.6754,-0.3538,0.0155,0,0.00,0.001,0.078,0.001,STANCE,0.7070,0.3338,0.0149,1,2.40,0.000,0.387,0.012,STANCE,0.4201,-0.1954,0.0148,1,2.99,0.144,0.512,0.037,STANCE,0.2884,0.1851,0.0478,0,0.00,0.003,0.135,0.097,SWING
16.462,1392,placemove,0.6851,-0.0090,0.1346,-0.0068,0.0297,-0.0143,-0.0003,0.0051,0.0006,-0.0364,-0.0034,0.0018,1.000,0.000,0.0000,0.0000,0.8512,-0.2856,0.0156,0,0.00,0.005,0.011,0.001,STANCE,0.8795,0.2608,0.0149,1,1.39,0.034,0.149,0.075,STANCE,0.6754,-0.3538,0.0149,1,4.17,0.114,0.785,0.105,STANCE,0.7070,0.3338,0.0148,1,3.96,0.157,0.564,0.104,STANCE,0.4202,-0.1954,0.0153,0,0.00,0.004,0.010,0.002,STANCE,0.2897,0.1856,0.0603,0,0.00,0.163,0.130,0.054,SWING
16.536,1396,placemove,0.6851,-0.0088,0.1354,-0.0083,0.0295,-0.0140,0.0021,0.0224,0.0553,-0.1317,0.0023,0.0366,1.000,0.000,0.0000,0.0000,0.8512,-0.2856,0.0149,0,0.00,0.066,0.022,0.016,STANCE,0.8795,0.2608,0.0149,0,0.00,0.082,0.010,0.006,STANCE,0.6755,-0.3537,0.0155,0,0.00,0.077,0.011,0.002,STANCE,0.7069,0.3339,0.0147,0,0.06,0.056,0.001,0.007,STANCE,0.4202,-0.1955,0.0149,0,0.00,0.093,0.013,0.012,STANCE,0.2959,0.1921,0.0716,0,0.00,0.580,0.098,0.107,SWING
16.612,1400,placemove,0.6852,-0.0087,0.1352,-0.0090,0.0292,-0.0135,0.0013,0.0114,0.0001,-0.1306,0.0020,-0.0005,1.000,0.000,0.0000,0.0000,0.8515,-0.2854,0.0148,1,4.05,0.050,0.433,1.045,STANCE,0.8794,0.2610,0.0150,0,0.00,0.059,0.029,0.006,STANCE,0.6758,-0.3537,0.0148,1,23.92,0.796,2.608,1.347,STANCE,0.7067,0.3339,0.0147,1,14.84,0.244,2.930,0.418,STANCE,0.4204,-0.1956,0.0149,0,0.00,0.052,0.115,0.006,STANCE,0.3070,0.2065,0.0819,0,0.00,0.121,0.098,0.105,SWING
16.693,1404,placemove,0.6850,-0.0086,0.1349,-0.0095,0.0281,-0.0137,0.0052,0.0013,0.0264,-0.0369,0.0591,-0.0097,1.000,0.000,0.0000,0.0000,0.8515,-0.2854,0.0151,0,0.00,0.036,0.064,0.005,STANCE,0.8794,0.2610,0.0148,1,9.64,0.507,2.052,0.507,STANCE,0.6758,-0.3537,0.0147,0,0.00,0.035,0.114,0.000,STANCE,0.7067,0.3339,0.0148,0,0.16,0.050,0.009,0.026,STANCE,0.4204,-0.1956,0.0148,1,16.52,0.584,1.609,1.098,STANCE,0.3211,0.2225,0.0895,0,0.00,0.121,0.013,0.133,SWING
16.803,1408,placemove,0.6851,-0.0086,0.1347,-0.0098,0.0284,-0.0138,-0.0036,0.0029,-0.0222,-0.0214,-0.0235,-0.0054,1.000,0.000,0.0000,0.0000,0.8515,-0.2854,0.0148,1,3.95,0.022,0.491,0.168,STANCE,0.8794,0.2610,0.0148,1,1.74,0.219,0.263,0.000,STANCE,0.6758,-0.3537,0.0150,0,0.00,0.001,0.020,0.003,STANCE,0.7067,0.3339,0.0149,1,5.12,0.186,0.590,0.306,STANCE,0.4204,-0.1956,0.0148,1,4.63,0.122,0.452,0.342,STANCE,0.3393,0.2346,0.0813,0,0.00,0.085,0.259,0.047,SWING
16.853,1412,placemove,0.6850,-0.0085,0.1344,-0.0100,0.0283,-0.0139,-0.0022,0.0069,0.0053,-0.0781,-0.0212,0.0007,1.000,0.000,0.0000,0.0000,0.8515,-0.2854,0.0148,0,0.00,0.000,0.116,0.002,STANCE,0.8794,0.2610,0.0148,1,2.95,0.006,0.593,0.162,STANCE,0.6758,-0.3537,0.0148,1,14.61,0.458,1.833,0.618,STANCE,0.7067,0.3339,0.0148,1,8.96,0.140,1.408,0.128,STANCE,0.4204,-0.1956,0.0148,0,0.00,0.019,0.079,0.003,STANCE,0.3587,0.2443,0.0711,0,0.00,0.101,0.320,0.035,SWING
16.912,1416,placemove,0.6850,-0.0085,0.1342,-0.0104,0.0284,-0.0140,-0.0004,0.0008,-0.0141,-0.0035,-0.0013,-0.0043,1.000,0.000,0.0000,0.0000,0.8515,-0.2854,0.0150,1,0.96,0.136,0.203,0.093,STANCE,0.8794,0.2610,0.0147,1,3.42,0.073,0.378,0.189,STANCE,0.6758,-0.3537,0.0147,1,4.43,0.073,0.592,0.157,STANCE,0.7067,0.3339,0.0147,1,3.83,0.453,0.296,0.389,STANCE,0.4204,-0.1956,0.0150,1,2.03,0.295,0.043,0.299,STANCE,0.3754,0.2434,0.0538,0,0.00,0.105,0.049,0.099,SWING
16.935,1420,placemove,0.6850,-0.0085,0.1340,-0.0104,0.0283,-0.0141,-0.0004,0.0001,-0.0100,-0.0010,-0.0011,-0.0027,1.000,0.000,0.0000,0.0000,0.8515,-0.2854,0.0150,1,1.63,0.137,0.294,0.068,STANCE,0.8794,0.2610,0.0147,1,3.20,0.083,0.308,0.231,STANCE,0.6758,-0.3537,0.0147,1,3.16,0.047,0.371,0.162,STANCE,0.7067,0.3339,0.0147,1,3.40,0.419,0.207,0.408,STANCE,0.4204,-0.1956,0.0149,1,2.73,0.394,0.001,0.480,STANCE,0.3876,0.2334,0.0372,0,0.00,0.009,0.052,0.101,SWING
16.972,1424,placemove,0.6850,-0.0085,0.1338,-0.0104,0.0283,-0.0141,-0.0003,0.0002,-0.0065,-0.0009,-0.0010,-0.0019,1.000,0.000,0.0000,0.0000,0.8515,-0.2854,0.0149,1,1.54,0.127,0.276,0.056,STANCE,0.8794,0.2610,0.0146,1,3.09,0.077,0.257,0.272,STANCE,0.6758,-0.3537,0.0146,1,2.91,0.020,0.329,0.164,STANCE,0.7067,0.3339,0.0146,1,3.25,0.399,0.165,0.431,STANCE,0.4205,-0.1956,0.0149,1,2.73,0.392,0.045,0.530,STANCE,0.4004,0.2221,0.0230,0,0.00,0.003,0.055,0.103,SWING
17.043,1428,placemove,0.6860,-0.0084,0.1338,-0.0101,0.0287,-0.0136,0.0952,0.0050,-0.0017,0.0731,0.1450,0.0470,1.000,0.000,0.0000,0.0000,0.8514,-0.2853,0.0150,1,7.07,0.905,2.791,2.006,SHIFT,0.8792,0.2611,0.0147,1,1.68,0.783,0.292,0.033,SHIFT,0.6757,-0.3536,0.0146,0,0.00,0.021,0.087,0.032,SHIFT,0.7065,0.3340,0.0147,0,0.00,0.269,0.006,0.004,SHIFT,0.4204,-0.1956,0.0149,0,0.00,0.096,0.017,0.012,SHIFT,0.4100,0.2135,0.0139,1,6.24,0.450,2.940,2.227,SHIFT
17.081,1432,placemove,0.6880,-0.0084,0.1338,-0.0096,0.0305,-0.0135,0.1101,0.0097,0.0187,-0.0194,0.0893,-0.0644,1.000,0.000,0.0000,0.0000,0.8513,-0.2851,0.0149,1,10.65,0.137,2.248,0.569,SHIFT,0.8791,0.2614,0.0148,1,3.44,0.888,0.112,0.820,SHIFT,0.6756,-0.3534,0.0148,0,0.00,0.064,0.071,0.017,SHIFT,0.7063,0.3342,0.0152,0,0.00,0.041,0.054,0.000,SHIFT,0.4203,-0.1956,0.0154,0,0.00,0.055,0.118,0.006,SHIFT,0.4049,0.2178,0.0139,1,4.86,0.743,2.940,2.391,SHIFT
17.111,1436,placemove,0.6904,-0.0082,0.1346,-0.0090,0.0359,-0.0137,0.1568,0.0073,0.0505,0.1620,0.6610,0.1177,1.000,0.000,0.0000,0.0000,0.8514,-0.2850,0.0147,1,5.02,1.318,2.325,1.852,SHIFT,0.8790,0.2616,0.0150,0,0.02,0.122,0.062,0.004,SHIFT,0.6756,-0.3532,0.0154,0,0.00,0.013,0.066,0.009,SHIFT,0.7063,0.3344,0.0150,0,0.00,0.027,0.107,0.008,SHIFT,0.4202,-0.1953,0.0159,0,0.00,0.204,0.093,0.011,SHIFT,0.4082,0.2140,0.0141,1,8.99,0.181,2.940,1.564,SHIFT
17.170,1440,placemove,0.6933,-0.0082,0.1358,-0.0081,0.0457,-0.0128,0.1712,-0.0047,0.0906,0.0599,0.5542,-0.0062,1.000,0.000,0.0000,0.0000,0.8513,-0.2846,0.0146,1,6.04,0.681,2.940,2.386,SHIFT,0.8786,0.2620,0.0149,1,3.36,0.920,0.064,0.564,SHIFT,0.6756,-0.3530,0.0158,0,0.00,0.046,0.121,0.013,SHIFT,0.7056,0.3346,0.0151,0,0.00,0.037,0.090,0.004,SHIFT,0.4201,-0.1954,0.0187,0,0.00,0.051,0.141,0.003,SHIFT,0.4035,0.2176,0.0146,1,6.58,0.683,2.940,1.958,SHIFT
17.218,1444,placemove,0.6961,-0.0081,0.1369,-0.0091,0.0516,-0.0135,0.1287,0.0244,0.0428,-0.1367,0.2284,-0.0503,1.000,0.000,0.0000,0.0000,0.8514,-0.2845,0.0148,0,0.00,0.018,0.062,0.011,SHIFT,0.8787,0.2620,0.0149,1,6.54,1.504,0.962,0.091,SHIFT,0.6757,-0.3531,0.0149,1,4.85,1.511,0.736,0.003,SHIFT,0.7057,0.3346,0.0154,0,0.00,0.001,0.143,0.014,SHIFT,0.4201,-0.1954,0.0195,0,0.00,0.026,0.089,0.011,SHIFT,0.4049,0.2155,0.0148,0,0.00,0.001,0.118,0.233,SHIFT
17.301,1448,placemove,0.6981,-0.0081,0.1366,-0.0090,0.0536,-0.0139,0.0923,0.0011,-0.0269,-0.0607,-0.0200,-0.0013,1.000,0.000,0.0000,0.0000,0.8513,-0.2845,0.0149,1,15.41,1.382,1.632,0.963,SHIFT,0.8786,0.2620,0.0151,0,0.00,0.046,0.039,0.005,SHIFT,0.6755,-0.3530,0.0149,0,0.00,0.022,0.071,0.003,SHIFT,0.7056,0.3346,0.0149,1,9.21,1.365,1.586,0.094,SHIFT,0.4199,-0.1953,0.0185,0,0.00,0.018,0.068,0.005,SHIFT,0.4131,0.2084,0.0159,0,0.00,0.005,0.056,0.105,SHIFT
17.365,1452,placemove,0.6994,-0.0081,0.1364,-0.0085,0.0503,-0.0136,0.0785,0.0078,-0.0077,0.0252,-0.0255,0.0266,1.000,0.000,0.0000,0.0000,0.8512,-0.2843,0.0150,0,0.00,0.003,0.055,0.014,SHIFT,0.8783,0.2621,0.0149,1,2.80,1.346,0.671,0.212,SHIFT,0.6755,-0.3530,0.0148,1,3.84,0.902,1.823,1.380,SHIFT,0.7054,0.3347,0.0151,0,0.00,0.227,0.004,0.003,SHIFT,0.4197,-0.1953,0.0153,0,0.00,0.022,0.065,0.004,SHIFT,0.4210,0.2018,0.0146,1,3.23,0.208,1.758,1.384,SHIFT
17.454,1456,placemove,0.7017,-0.0079,0.1357,-0.0104,0.0493,-0.0143,0.1366,0.0099,-0.1286,-0.1398,-0.2769,-0.0379,1.000,0.000,0.0000,0.0000,0.8516,-0.2844,0.0172,0,0.00,0.087,0.062,0.022,SHIFT,0.8789,0.2620,0.0174,0,0.00,0.084,0.219,0.004,SHIFT,0.6759,-0.3529,0.0183,0,0.00,0.082,0.314,0.038,SHIFT,0.7060,0.3348,0.0162,0,0.00,0.085,0.096,0.032,SHIFT,0.4201,-0.1951,0.0171,0,0.00,0.050,0.174,0.003,SHIFT,0.4284,0.1965,0.0177,0,0.00,0.059,0.165,0.144,SHIFT
17.485,1460,placemove,0.7038,-0.0083,0.1337,-0.0065,0.0477,-0.0142,0.0600,-0.0459,-0.0049,0.1560,-0.3023,0.0099,1.000,0.000,0.0000,0.0000,0.8520,-0.2843,0.0141,1,32.36,2.123,2.940,2.940,SHIFT,0.8795,0.2622,0.0186,0,0.00,0.091,0.136,0.009,SHIFT,0.6763,-0.3528,0.0161,0,0.00,0.064,0.411,0.022,SHIFT,0.7064,0.3348,0.0148,1,18.25,1.607,2.872,0.193,SHIFT,0.4206,-0.1950,0.0160,0,0.00,0.047,0.258,0.009,SHIFT,0.4368,0.1906,0.0191,0,0.00,0.015,0.101,0.073,SHIFT
17.573,1464,placemove,0.7050,-0.0081,0.1348,-0.0085,0.0424,-0.0142,0.0775,0.0211,-0.0046,-0.1194,-0.2708,-0.0022,1.000,0.000,0.0000,0.0000,0.8519,-0.2843,0.0170,0,0.00,0.091,0.092,0.029,SHIFT,0.8793,0.2622,0.0180,0,0.00,0.085,0.050,0.008,SHIFT,0.6762,-0.3528,0.0152,0,0.00,0.090,0.069,0.009,SHIFT,0.7064,0.3349,0.0172,0,0.00,0.087,0.127,0.042,SHIFT,0.4205,-0.1950,0.0168,0,0.00,0.053,0.108,0.043,SHIFT,0.4448,0.1844,0.0184,0,0.00,0.057,0.063,0.015,SHIFT
17.627,1468,placemove,0.7063,-0.0076,0.1334,-0.0106,0.0408,-0.0145,0.0809,0.0142,-0.1260,0.1276,0.5000,0.0156,1.000,0.000,0.0000,0.0000,0.8520,-0.2841,0.0184,0,0.00,0.051,0.273,0.007,SWING,0.8792,0.2623,0.0155,0,0.00,0.015,0.002,0.004,STANCE,0.6762,-0.3525,0.0183,0,0.00,0.122,0.248,0.083,STANCE,0.7065,0.3351,0.0163,0,0.00,0.015,0.191,0.002,STANCE,0.4205,-0.1948,0.0163,0,0.00,0.129,0.360,0.021,STANCE,0.4455,0.1840,0.0150,1,19.77,0.227,0.244,2.940,STANCE
17.745,1472,placemove,0.7072,-0.0084,0.1316,-0.0042,0.0444,-0.0142,0.0555,-0.0609,-0.1220,0.2324,0.3123,-0.0018,1.000,0.000,0.0000,0.0000,0.8527,-0.2835,0.0217,0,0.00,0.003,0.098,0.009,SWING,0.8794,0.2624,0.0159,0,0.00,0.000,0.376,0.004,STANCE,0.6766,-0.3524,0.0209,0,0.00,0.002,0.047,0.033,STANCE,0.7066,0.3352,0.0157,0,0.00,0.002,0.093,0.008,STANCE,0.4207,-0.1946,0.0153,0,0.00,0.002,0.291,0.007,STANCE,0.4461,0.1841,0.0210,0,0.00,0.001,0.162,0.005,STANCE
17.812,1476,placemove,0.7082,-0.0097,0.1295,0.0059,0.0530,-0.0141,0.0792,-0.0344,-0.0222,0.1956,0.6130,-0.0110,1.000,0.000,0.0000,0.0000,0.8525,-0.2810,0.0266,0,0.00,0.103,0.431,0.121,SWING,0.8796,0.2622,0.0165,0,0.00,0.003,0.029,0.007,STANCE,0.6765,-0.3526,0.0145,1,30.23,1.952,2.940,2.940,STANCE,0.7067,0.3350,0.0148,1,21.15,0.859,2.940,0.882,STANCE,0.4207,-0.1947,0.0146,1,14.83,2.237,0.031,2.385,STANCE,0.4462,0.1840,0.0237,0,0.00,0.160,0.202,0.005,STANCE
17.898,1480,placemove,0.7089,-0.0099,0.1305,0.0063,0.0551,-0.0134,0.0168,-0.0372,0.0280,0.2171,-0.0630,0.0516,1.000,0.000,0.0000,0.0000,0.8529,-0.2779,0.0378,0,0.00,0.002,0.157,0.010,SWING,0.8797,0.2621,0.0146,0,0.00,0.002,0.061,0.016,STANCE,0.6772,-0.3528,0.0162,0,0.00,0.002,0.032,0.007,STANCE,0.7070,0.3348,0.0181,0,0.00,0.002,0.019,0.017,STANCE,0.4213,-0.1951,0.0184,0,0.00,0.001,0.002,0.016,STANCE,0.4464,0.1836,0.0226,0,0.00,0.000,0.105,0.009,STANCE
17.971,1484,placemove,0.7086,-0.0100,0.1331,0.0062,0.0504,-0.0134,-0.0180,0.0449,0.2227,-0.3657,-0.1812,-0.0075,1.000,0.000,0.0000,0.0000,0.8557,-0.2814,0.0498,0,0.00,0.218,0.107,0.030,SWING,0.8797,0.2622,0.0145,1,3.92,1.283,1.549,1.073,STANCE,0.6773,-0.3529,0.0143,0,0.00,0.076,0.255,0.037,STANCE,0.7069,0.3348,0.0163,0,0.00,0.095,0.168,0.029,STANCE,0.4214,-0.1953,0.0148,1,15.79,0.582,1.092,1.468,STANCE,0.4462,0.1835,0.0182,0,0.00,0.080,0.308,0.015,STANCE
18.043,1488,placemove,0.7080,-0.0095,0.1354,0.0024,0.0452,-0.0148,-0.0407,0.0148,0.0821,-0.1157,-0.3276,-0.0123,1.000,0.000,0.0000,0.0000,0.8691,-0.2859,0.0600,0,0.00,0.099,0.099,0.072,SWING,0.8800,0.2620,0.0161,0,0.00,0.006,0.030,0.003,STANCE,0.6769,-0.3528,0.0173,0,0.00,0.001,0.008,0.002,STANCE,0.7072,0.3348,0.0147,0,0.00,0.007,0.015,0.007,STANCE,0.4212,-0.1949,0.0156,0,0.00,0.003,0.020,0.000,STANCE,0.4463,0.1838,0.0158,0,0.00,0.001,0.027,0.006,STANCE
18.090,1492,placemove,0.7078,-0.0097,0.1357,0.0024,0.0435,-0.0151,0.0026,-0.0232,-0.0611,-0.2205,-0.2793,-0.0123,1.000,0.000,0.0000,0.0000,0.8860,-0.2907,0.0616,0,0.00,0.103,0.076,0.080,SWING,0.8801,0.2618,0.0172,0,0.00,0.000,0.060,0.004,STANCE,0.6767,-0.3530,0.0173,0,0.00,0.000,0.031,0.001,STANCE,0.7074,0.3344,0.0174,0,0.00,0.001,0.009,0.024,STANCE,0.4210,-0.1949,0.0151,0,0.00,0.001,0.042,0.001,STANCE,0.4465,0.1837,0.0163,0,0.00,0.001,0.004,0.011,STANCE
18.128,1496,placemove,0.7080,-0.0099,0.1333,0.0027,0.0417,-0.0169,0.0094,-0.0140,-0.2101,0.2151,-0.1168,-0.1313,1.000,0.000,0.0000,0.0000,0.9040,-0.2951,0.0622,0,0.00,0.101,0.059,0.084,SWING,0.8811,0.2611,0.0175,0,0.00,0.002,0.064,0.013,STANCE,0.6766,-0.3532,0.0175,0,0.00,0.001,0.112,0.020,STANCE,0.7087,0.3342,0.0236,0,0.00,0.002,0.100,0.031,STANCE,0.4217,-0.1945,0.0182,0,0.00,0.001,0.098,0.103,STANCE,0.4475,0.1839,0.0216,0,0.00,0.002,0.089,0.025,STANCE
18.155,1500,placemove,0.7079,-0.0098,0.1304,0.0021,0.0388,-0.0176,-0.0625,0.0097,-0.0392,0.5403,-0.6226,-0.0261,1.000,0.000,0.0000,0.0000,0.9219,-0.2958,0.0576,0,0.00,0.086,0.310,0.140,SWING,0.8817,0.2607,0.0139,1,29.24,2.306,2.421,2.940,STANCE,0.6763,-0.3530,0.0147,1,14.81,1.442,2.940,0.524,STANCE,0.7095,0.3343,0.0190,0,0.00,0.078,0.374,0.014,STANCE,0.4220,-0.1941,0.0236,0,0.00,0.036,0.040,0.033,STANCE,0.4480,0.1843,0.0167,0,0.00,0.079,0.222,0.001,STANCE
18.223,1504,placemove,0.7076,-0.0102,0.1321,0.0054,0.0361,-0.0170,0.0155,-0.0329,0.0661,0.1309,-0.0223,0.0364,1.000,0.000,0.0000,0.0000,0.9400,-0.2942,0.0556,0,0.00,0.101,0.184,0.132,SWING,0.8818,0.2608,0.0152,0,0.00,0.002,0.218,0.015,STANCE,0.6763,-0.3531,0.0154,0,0.00,0.005,0.262,0.001,STANCE,0.7095,0.3344,0.0179,0,0.00,0.002,0.119,0.022,STANCE,0.4216,-0.1941,0.0207,0,0.00,0.001,0.088,0.014,STANCE,0.4481,0.1845,0.0154,0,0.00,0.003,0.171,0.030,STANCE
18.242,1508,placemove,0.7079,-0.0107,0.1320,0.0060,0.0341,-0.0164,0.0162,-0.0341,-0.0746,0.0190,-0.1551,0.0208,1.000,0.000,0.0000,0.0000,0.9574,-0.2897,0.0472,0,0.00,0.104,0.083,0.095,SWING,0.8824,0.2604,0.0168,0,0.00,0.001,0.060,0.002,STANCE,0.6768,-0.3535,0.0163,0,0.00,0.004,0.067,0.005,STANCE,0.7099,0.3340,0.0157,0,0.00,0.001,0.073,0.013,STANCE,0.4219,-0.1945,0.0177,0,0.00,0.004,0.069,0.011,STANCE,0.4486,0.1841,0.0160,0,0.00,0.002,0.033,0.000,STANCE
18.335,1512,placemove,0.7082,-0.0110,0.1320,0.0071,0.0351,-0.0155,0.0013,-0.0072,0.0116,0.0309,-0.1265,0.0818,1.000,0.000,0.0000,0.0000,0.9706,-0.2848,0.0353,0,0.00,0.213,0.122,0.095,SWING,0.8825,0.2603,0.0149,1,1.11,0.189,0.231,0.492,STANCE,0.6771,-0.3537,0.0156,0,0.00,0.000,0.310,0.004,STANCE,0.7102,0.3337,0.0178,0,0.00,0.005,0.156,0.000,STANCE,0.4222,-0.1948,0.0153,0,0.00,0.009,0.101,0.009,STANCE,0.4488,0.1839,0.0160,0,0.00,0.006,0.264,0.020,STANCE
18.384,1516,placemove,0.7086,-0.0112,0.1318,0.0087,0.0367,-0.0150,0.0269,-0.0119,-0.0738,0.1231,0.1419,0.0249,1.000,0.000,0.0000,0.0000,0.9740,-0.2865,0.0234,0,0.00,0.013,0.110,0.095,SWING,0.8827,0.2603,0.0168,0,0.00,0.002,0.155,0.028,STANCE,0.6775,-0.3538,0.0185,0,0.00,0.003,0.009,0.029,STANCE,0.7104,0.3337,0.0209,0,0.00,0.002,0.060,0.001,STANCE,0.4224,-0.1949,0.0161,0,0.00,0.003,0.117,0.026,STANCE,0.4491,0.1837,0.0200,0,0.00,0.003,0.001,0.030,STANCE
18.461,1520,placemove,0.7088,-0.0107,0.1310,0.0013,0.0319,-0.0143,0.0229,0.0826,0.2323,-0.3252,-0.2638,0.0655,1.000,0.000,0.0000,0.0000,0.9751,-0.2878,0.0140,1,27.65,2.786,2.940,2.940,SHIFT,0.8823,0.2600,0.0142,1,23.59,2.940,1.136,2.316,SHIFT,0.6775,-0.3542,0.0176,0,0.00,0.296,0.385,0.068,SHIFT,0.7098,0.3333,0.0147,1,40.03,2.940,2.940,2.940,SHIFT,0.4225,-0.1953,0.0148,1,25.86,2.940,1.968,2.940,SHIFT,0.4487,0.1831,0.0146,1,40.29,0.331,2.940,2.940,SHIFT
18.522,1524,placemove,0.7099,-0.0096,0.1351,-0.0066,0.0254,-0.0138,0.0642,0.0582,0.1774,-0.4248,-0.3063,0.0406,1.000,0.000,0.0000,0.0000,0.9748,-0.2875,0.0176,0,0.00,0.070,0.000,0.007,SHIFT,0.8820,0.2603,0.0175,0,0.00,0.085,0.004,0.002,SHIFT,0.6775,-0.3540,0.0212,0,0.00,0.092,0.066,0.012,SHIFT,0.7094,0.3335,0.0162,0,0.00,0.086,0.008,0.004,SHIFT,0.4224,-0.1955,0.0185,0,0.00,0.051,0.037,0.013,SHIFT,0.4484,0.1831,0.0157,0,0.00,0.053,0.014,0.012,SHIFT
18.576,1528,placemove,0.7110,-0.0088,0.1367,-0.0116,0.0212,-0.0134,0.0879,0.0052,0.0682,0.0433,-0.0418,0.0161,1.000,0.000,0.0000,0.0000,0.9747,-0.2870,0.0217,0,0.00,0.001,0.161,0.001,SHIFT,0.8815,0.2607,0.0173,0,0.00,0.225,0.289,0.000,SHIFT,0.6774,-0.3537,0.0228,0,0.00,0.177,0.087,0.013,SHIFT,0.7089,0.3338,0.0147,1,17.39,2.940,0.989,2.019,SHIFT,0.4222,-0.1954,0.0190,0,0.00,0.221,0.109,0.004,SHIFT,0.4480,0.1832,0.0150,1,11.83,2.536,1.002,2.940,SHIFT
22.114,1532,placemove,0.7125,-0.0087,0.1361,-0.0146,0.0178,-0.0132,0.0876,0.0060,-0.1019,-0.0995,-0.1416,0.0140,1.000,0.000,0.0000,0.0000,0.9747,-0.2870,0.0217,0,0.00,0.069,0.030,0.007,SHIFT,0.8813,0.2606,0.0154,0,0.00,0.086,0.103,0.011,SHIFT,0.6775,-0.3539,0.0218,0,0.00,0.091,0.036,0.004,SHIFT,0.7088,0.3336,0.0175,0,0.00,0.085,0.033,0.026,SHIFT,0.4222,-0.1958,0.0168,0,0.00,0.050,0.057,0.001,SHIFT,0.4480,0.1830,0.0175,0,0.00,0.053,0.049,0.033,SHIFT
22.176,1536,placemove,0.7146,-0.0092,0.1360,-0.0109,0.0184,-0.0138,0.1612,-0.0240,-0.0305,0.0785,0.1691,-0.0492,1.000,0.000,0.0000,0.0000,0.9746,-0.2872,0.0182,0,0.00,0.066,0.044,0.016,SHIFT,0.8814,0.2603,0.0162,0,0.00,0.093,0.036,0.084,SHIFT,0.6773,-0.3540,0.0181,0,0.00,0.090,0.053,0.012,SHIFT,0.7089,0.3336,0.0176,0,0.00,0.088,0.033,0.007,SHIFT,0.4224,-0.1956,0.0158,0,0.00,0.053,0.072,0.092,SHIFT,0.4480,0.1830,0.0170,0,0.00,0.052,0.028,0.000,SHIFT
22.229,1540,placemove,0.7171,-0.0094,0.1349,-0.0110,0.0198,-0.0146,0.1087,0.0067,0.0544,-0.0240,0.0910,0.0030,1.000,0.000,0.0000,0.0000,0.9747,-0.2876,0.0146,1,17.97,0.536,1.673,1.963,SHIFT,0.8822,0.2602,0.0185,0,0.00,0.003,0.367,0.010,SHIFT,0.6775,-0.3542,0.0147,1,24.79,1.380,2.940,1.320,SHIFT,0.7096,0.3334,0.0144,1,34.54,1.340,2.940,2.940,SHIFT,0.4225,-0.1956,0.0184,0,0.00,0.092,0.449,0.006,SHIFT,0.4486,0.1830,0.0142,1,33.90,0.018,2.505,2.812,SHIFT
22.290,1544,placemove,0.7191,-0.0094,0.1344,-0.0112,0.0203,-0.0145,0.1160,-0.0021,-0.0930,-0.0548,0.0219,0.0135,1.000,0.000,0.0000,0.0000,0.9749,-0.2876,0.0198,0,0.00,0.071,0.024,0.034,SHIFT,0.8821,0.2602,0.0165,0,0.00,0.086,0.088,0.010,SHIFT,0.6776,-0.3542,0.0181,0,0.00,0.093,0.053,0.028,SHIFT,0.7097,0.3334,0.0176,0,0.00,0.085,0.061,0.027,SHIFT,0.4225,-0.1957,0.0168,0,0.00,0.052,0.077,0.005,SHIFT,0.4486,0.1830,0.0176,0,0.00,0.049,0.074,0.031,SHIFT
22.341,1548,placemove,0.7213,-0.0099,0.1336,-0.0075,0.0218,-0.0143,0.1484,-0.0404,-0.0362,0.2444,0.2792,0.0063,1.000,0.000,0.0000,0.0000,0.9750,-0.2876,0.0168,0,0.00,0.068,0.037,0.010,SHIFT,0.8822,0.2601,0.0161,0,0.00,0.090,0.363,0.025,SHIFT,0.6777,-0.3542,0.0168,0,0.00,0.089,0.043,0.003,SHIFT,0.7098,0.3334,0.0184,0,0.00,0.084,0.072,0.006,SHIFT,0.4227,-0.1957,0.0155,0,0.00,0.051,0.405,0.004,SHIFT,0.4488,0.1830,0.0182,0,0.00,0.048,0.071,0.002,SHIFT
22.414,1552,placemove,0.7235,-0.0100,0.1333,-0.0105,0.0220,-0.0143,0.1237,-0.0018,0.1053,0.1005,0.1695,-0.0099,1.000,0.000,0.0000,0.0000,0.9753,-0.2881,0.0148,1,11.94,2.180,2.199,0.274,SHIFT,0.8825,0.2597,0.0168,0,0.00,0.015,0.262,0.006,SHIFT,0.6780,-0.3546,0.0148,1,4.93,0.249,0.110,1.104,SHIFT,0.7100,0.3329,0.0145,1,19.86,2.313,2.181,1.433,SHIFT,0.4230,-0.1962,0.0175,0,0.00,0.017,0.026,0.007,SHIFT,0.4490,0.1824,0.0147,0,0.00,0.043,0.137,0.036,SHIFT
22.459,1556,placemove,0.7256,-0.0101,0.1334,-0.0073,0.0253,-0.0145,0.1233,-0.0017,-0.0587,0.0609,0.1644,-0.0097,1.000,0.000,0.0000,0.0000,0.9751,-0.2877,0.0170,0,0.00,0.072,0.081,0.008,SHIFT,0.8824,0.2600,0.0150,0,0.00,0.087,0.139,0.012,SHIFT,0.6778,-0.3543,0.0176,0,0.00,0.093,0.061,0.016,SHIFT,0.7099,0.3333,0.0161,0,0.00,0.085,0.023,0.006,SHIFT,0.4226,-0.1958,0.0157,0,0.00,0.051,0.108,0.008,SHIFT,0.4488,0.1829,0.0166,0,0.00,0.047,0.046,0.016,SHIFT
22.540,1560,placemove,0.7276,-0.0103,0.1336,-0.0047,0.0251,-0.0150,0.0760,0.0212,-0.0021,-0.0746,-0.1473,-0.1171,1.000,0.000,0.0000,0.0000,0.9752,-0.2878,0.0148,1,1.51,0.148,0.254,0.591,STANCE,0.8829,0.2600,0.0161,0,0.00,0.030,0.164,0.060,SWING,0.6779,-0.3542,0.0151,0,0.00,0.010,0.134,0.013,STANCE,0.7103,0.3333,0.0157,0,0.00,0.033,0.053,0.008,STANCE,0.4229,-0.1956,0.0168,0,0.00,0.010,0.058,0.040,STANCE,0.4492,0.1831,0.0155,0,0.00,0.033,0.086,0.013,STANCE
22.627,1564,placemove,0.7284,-0.0101,0.1340,-0.0065,0.0285,-0.0154,0.0401,0.0137,-0.0334,-0.0899,0.2510,-0.0147,1.000,0.000,0.0000,0.0000,0.9753,-0.2879,0.0167,0,0.00,0.001,0.075,0.039,STANCE,0.8837,0.2596,0.0218,0,0.00,0.005,0.136,0.006,SWING,0.6779,-0.3541,0.0169,0,0.00,0.003,0.073,0.035,STANCE,0.7108,0.3334,0.0163,0,0.00,0.002,0.070,0.034,STANCE,0.4230,-0.1953,0.0184,0,0.00,0.002,0.075,0.007,STANCE,0.4496,0.1834,0.0169,0,0.00,0.000,0.075,0.034,STANCE
22.684,1568,placemove,0.7288,-0.0099,0.1328,-0.0078,0.0313,-0.0154,-0.0451,-0.0183,0.0271,0.0825,-0.3777,0.0231,1.000,0.000,0.0000,0.0000,0.9753,-0.2880,0.0147,1,28.70,1.756,2.926,2.564,STANCE,0.8834,0.2569,0.0306,0,0.00,0.140,0.410,0.122,SWING,0.6779,-0.3541,0.0159,0,0.00,0.133,0.122,0.009,STANCE,0.7110,0.3334,0.0144,1,31.03,1.545,2.940,2.940,STANCE,0.4230,-0.1952,0.0161,0,0.00,0.022,0.006,0.012,STANCE,0.4497,0.1835,0.0161,0,0.00,0.128,0.095,0.003,STANCE
22.771,1572,placemove,0.7289,-0.0099,0.1339,-0.0069,0.0298,-0.0151,0.0156,0.0062,-0.0070,0.0819,-0.1673,0.0088,1.000,0.000,0.0000,0.0000,0.9755,-0.2879,0.0174,0,0.00,0.005,0.342,0.046,STANCE,0.8827,0.2533,0.0434,0,0.00,0.006,0.101,0.039,SWING,0.6780,-0.3540,0.0156,0,0.00,0.004,0.195,0.007,STANCE,0.7112,0.3335,0.0171,0,0.00,0.004,0.345,0.035,STANCE,0.4232,-0.1951,0.0174,0,0.00,0.001,0.244,0.023,STANCE,0.4498,0.1835,0.0158,0,0.00,0.006,0.200,0.013,STANCE
22.805,1576,placemove,0.7291,-0.0098,0.1326,-0.0064,0.0279,-0.0145,0.0090,0.0072,-0.1432,-0.0089,-0.0556,0.0852,1.000,0.000,0.0000,0.0000,0.9761,-0.2876,0.0187,0,0.00,0.032,0.048,0.006,STANCE,0.8848,0.2546,0.0526,0,0.00,0.280,0.086,0.026,SWING,0.6787,-0.3538,0.0185,0,0.00,0.026,0.057,0.047,STANCE,0.7117,0.3337,0.0182,0,0.00,0.046,0.057,0.002,STANCE,0.4238,-0.1950,0.0175,0,0.00,0.030,0.083,0.004,STANCE,0.4504,0.1836,0.0186,0,0.00,0.039,0.044,0.047,STANCE
22.849,1580,placemove,0.7294,-0.0097,0.1312,-0.0067,0.0300,-0.0129,0.0018,-0.0064,0.1231,0.0721,-0.0314,-0.0200,1.000,0.000,0.0000,0.0000,0.9766,-0.2871,0.0146,1,9.52,1.054,1.679,0.075,STANCE,0.8987,0.2603,0.0591,0,0.00,0.072,0.219,0.057,SWING,0.6793,-0.3539,0.0161,0,0.00,0.029,0.083,0.010,STANCE,0.7110,0.3337,0.0147,1,15.75,0.075,2.255,0.498,STANCE,0.4241,-0.1955,0.0144,1,2.15,1.006,0.747,0.469,STANCE,0.4500,0.1832,0.0163,0,0.00,0.067,0.169,0.004,STANCE
22.915,1584,placemove,0.7295,-0.0097,0.1322,-0.0062,0.0313,-0.0131,0.0258,0.0001,0.0163,0.1493,0.3791,-0.0134,1.000,0.000,0.0000,0.0000,0.9767,-0.2871,0.0153,0,0.00,0.000,0.026,0.004,STANCE,0.9162,0.2652,0.0631,0,0.00,0.102,0.046,0.102,SWING,0.6793,-0.3538,0.0150,0,0.00,0.001,0.015,0.013,STANCE,0.7110,0.3337,0.0153,0,0.00,0.003,0.073,0.001,STANCE,0.4241,-0.1955,0.0154,0,0.00,0.002,0.053,0.003,STANCE,0.4500,0.1832,0.0147,0,0.00,0.000,0.101,0.041,STANCE
22.969,1588,placemove,0.7300,-0.0100,0.1313,-0.0015,0.0332,-0.0131,0.0280,-0.0532,-0.0815,0.6222,0.1299,0.0039,1.000,0.000,0.0000,0.0000,0.9770,-0.2867,0.0157,0,0.00,0.048,0.030,0.002,STANCE,0.9340,0.2670,0.0609,0,0.00,0.141,0.159,0.113,SWING,0.6796,-0.3535,0.0156,0,0.00,0.008,0.041,0.001,STANCE,0.7112,0.3339,0.0148,1,4.60,0.010,0.893,2.009,STANCE,0.4244,-0.1952,0.0169,0,0.00,0.055,0.089,0.002,STANCE,0.4502,0.1835,0.0168,0,0.00,0.051,0.024,0.021,STANCE
23.073,1592,placemove,0.7302,-0.0101,0.1326,-0.0004,0.0341,-0.0133,0.0211,0.0068,0.0845,-0.0591,0.1197,-0.0046,1.000,0.000,0.0000,0.0000,0.9770,-0.2867,0.0142,0,0.00,0.004,0.048,0.014,STANCE,0.9514,0.2662,0.0578,0,0.00,0.101,0.164,0.129,SWING,0.6797,-0.3535,0.0143,0,0.00,0.001,0.044,0.013,STANCE,0.7112,0.3340,0.0146,0,0.19,0.017,0.052,0.036,STANCE,0.4244,-0.1952,0.0147,0,0.00,0.002,0.060,0.023,STANCE,0.4502,0.1835,0.0159,0,0.00,0.001,0.092,0.018,STANCE
23.170,1596,placemove,0.7305,-0.0101,0.1334,-0.0001,0.0358,-0.0136,0.0222,-0.0042,0.0265,0.0455,0.0972,-0.0365,1.000,0.000,0.0000,0.0000,0.9771,-0.2867,0.0143,1,1.01,0.263,0.080,0.326,STANCE,0.9698,0.2646,0.0562,0,0.00,0.118,0.149,0.124,SWING,0.6798,-0.3535,0.0148,0,0.00,0.042,0.024,0.005,STANCE,0.7112,0.3341,0.0151,0,0.00,0.012,0.050,0.001,STANCE,0.4245,-0.1952,0.0154,0,0.00,0.038,0.026,0.008,STANCE,0.4502,0.1835,0.0148,0,0.00,0.022,0.014,0.016,STANCE
23.281,1600,placemove,0.7308,-0.0100,0.1332,0.0012,0.0354,-0.0138,0.0003,0.0323,0.1171,-0.1120,0.1896,0.0559,1.000,0.000,0.0000,0.0000,0.9775,-0.2866,0.0148,0,0.39,0.036,0.159,0.209,STANCE,0.9851,0.2603,0.0495,1,25.84,2.940,2.940,2.940,SWING,0.6801,-0.3533,0.0149,1,0.72,0.407,0.140,0.133,STANCE,0.7118,0.3343,0.0159,0,0.00,0.112,0.464,0.017,STANCE,0.4249,-0.1948,0.0148,1,23.43,2.331,1.572,2.940,STANCE,0.4507,0.1838,0.0152,0,0.00,0.094,0.388,0.001,STANCE
23.386,1604,placemove,0.7312,-0.0101,0.1339,0.0026,0.0366,-0.0136,0.0230,-0.0162,-0.0291,0.1358,0.0460,0.0412,1.000,0.000,0.0000,0.0000,0.9778,-0.2863,0.0160,0,0.00,0.020,0.058,0.020,STANCE,0.9656,0.2583,0.0389,0,0.00,0.074,0.097,0.112,SWING,0.6804,-0.3531,0.0160,0,0.00,0.002,0.042,0.017,STANCE,0.7118,0.3344,0.0150,1,2.00,0.061,0.199,0.666,STANCE,0.4251,-0.1948,0.0160,0,0.00,0.012,0.038,0.018,STANCE,0.4509,0.1839,0.0165,0,0.00,0.009,0.052,0.020,STANCE
23.457,1608,placemove,0.7315,-0.0102,0.1334,0.0024,0.0383,-0.0135,0.0021,0.0161,0.0509,-0.0812,-0.0032,-0.0065,1.000,0.000,0.0000,0.0000,0.9781,-0.2864,0.0146,1,2.00,1.007,0.798,0.647,STANCE,0.9462,0.2569,0.0348,0,0.00,0.091,0.142,0.105,SWING,0.6807,-0.3532,0.0146,1,4.82,0.414,0.413,0.485,STANCE,0.7118,0.3344,0.0148,1,8.75,0.486,1.500,0.080,STANCE,0.4253,-0.1950,0.0155,0,0.00,0.011,0.114,0.007,STANCE,0.4509,0.1837,0.0155,0,0.00,0.018,0.177,0.006,STANCE
23.547,1612,placemove,0.7319,-0.0101,0.1341,0.0023,0.0396,-0.0137,0.0234,0.0033,-0.0355,0.0371,-0.0209,-0.0099,1.000,0.000,0.0000,0.0000,0.9782,-0.2863,0.0153,0,0.00,0.001,0.189,0.012,STANCE,0.9318,0.2604,0.0468,0,0.00,0.092,0.078,0.109,SWING,0.6808,-0.3532,0.0157,0,0.00,0.000,0.153,0.002,STANCE,0.7120,0.3344,0.0159,0,0.00,0.003,0.191,0.005,STANCE,0.4254,-0.1950,0.0154,0,0.00,0.000,0.119,0.008,STANCE,0.4510,0.1837,0.0157,0,0.00,0.003,0.144,0.007,STANCE
23.637,1616,placemove,0.7322,-0.0100,0.1328,0.0012,0.0401,-0.0138,0.0103,0.0061,0.0453,-0.0526,0.0561,-0.0060,1.000,0.000,0.0000,0.0000,0.9785,-0.2862,0.0149,1,24.90,0.654,2.592,2.380,STANCE,0.9172,0.2622,0.0561,0,0.00,0.070,0.464,0.100,SWING,0.6812,-0.3532,0.0149,1,17.94,0.370,2.665,0.356,STANCE,0.7123,0.3344,0.0145,1,34.66,0.332,2.940,2.895,STANCE,0.4258,-0.1950,0.0149,1,6.83,0.044,0.674,0.081,STANCE,0.4513,0.1837,0.0145,1,32.02,0.276,2.934,2.202,STANCE
23.695,1620,placemove,0.7322,-0.0100,0.1322,0.0019,0.0391,-0.0133,-0.0086,0.0067,-0.1038,0.0273,-0.0618,0.1542,1.000,0.000,0.0000,0.0000,0.9788,-0.2861,0.0159,0,0.00,0.040,0.031,0.014,STANCE,0.9031,0.2620,0.0668,0,0.00,0.226,0.094,0.103,SWING,0.6815,-0.3531,0.0155,0,0.00,0.031,0.024,0.012,STANCE,0.7124,0.3345,0.0155,0,0.00,0.056,0.034,0.010,STANCE,0.4260,-0.1950,0.0156,0,0.00,0.035,0.023,0.010,STANCE,0.4515,0.1837,0.0153,0,0.00,0.046,0.027,0.008,STANCE
23.785,1624,placemove,0.7321,-0.0093,0.1296,-0.0016,0.0380,-0.0128,-0.0185,0.0687,-0.1862,-0.4212,-0.2924,-0.0857,1.000,0.000,0.0000,0.0000,0.9792,-0.2855,0.0148,1,2.98,0.137,0.327,1.015,STANCE,0.9140,0.2617,0.0735,0,0.00,0.041,0.058,0.039,SWING,0.6820,-0.3530,0.0158,0,0.00,0.001,0.192,0.010,STANCE,0.7120,0.3347,0.0161,0,0.00,0.046,0.043,0.025,STANCE,0.4263,-0.1952,0.0153,0,0.00,0.006,0.196,0.004,STANCE,0.4520,0.1832,0.0195,0,0.00,0.016,0.109,0.088,STANCE
23.845,1628,placemove,0.7317,-0.0092,0.1300,-0.0012,0.0344,-0.0134,-0.0061,-0.0148,0.1051,0.0665,-0.0823,-0.0250,1.000,0.000,0.0000,0.0000,0.9791,-0.2855,0.0146,0,0.00,0.026,0.053,0.002,STANCE,0.9321,0.2657,0.0786,0,0.00,0.118,0.151,0.118,SWING,0.6819,-0.3528,0.0159,0,0.00,0.019,0.123,0.013,STANCE,0.7121,0.3348,0.0141,0,0.00,0.018,0.065,0.020,STANCE,0.4263,-0.1949,0.0148,0,0.22,0.133,0.006,0.005,STANCE,0.4517,0.1838,0.0213,0,0.00,0.018,0.098,0.005,STANCE
23.913,1632,placemove,0.7318,-0.0092,0.1317,-0.0019,0.0345,-0.0136,0.0081,0.0064,0.0689,-0.0362,0.0436,-0.0072,1.000,0.000,0.0000,0.0000,0.9791,-0.2855,0.0149,0,0.00,0.001,0.030,0.008,STANCE,0.9494,0.2657,0.0758,0,0.00,0.111,0.242,0.137,SWING,0.6819,-0.3528,0.0148,0,0.00,0.001,0.041,0.010,STANCE,0.7121,0.3348,0.0141,1,1.57,0.021,0.162,0.092,STANCE,0.4263,-0.1949,0.0153,0,0.00,0.001,0.033,0.007,STANCE,0.4516,0.1838,0.0195,0,0.00,0.002,0.120,0.016,STANCE
23.993,1636,placemove,0.7320,-0.0091,0.1330,-0.0023,0.0356,-0.0137,0.0193,0.0078,0.0596,-0.0380,0.1067,0.0035,1.000,0.000,0.0000,0.0000,0.9791,-0.2855,0.0149,0,0.38,0.152,0.146,0.133,STANCE,0.9673,0.2642,0.0730,0,0.00,0.096,0.116,0.119,SWING,0.6819,-0.3528,0.0149,0,0.00,0.003,0.022,0.009,STANCE,0.7122,0.3348,0.0140,1,1.10,0.189,0.267,0.129,STANCE,0.4263,-0.1949,0.0148,0,0.00,0.004,0.037,0.019,STANCE,0.4515,0.1838,0.0174,0,0.00,0.009,0.100,0.020,STANCE
24.084,1640,placemove,0.7320,-0.0091,0.1334,-0.0023,0.0355,-0.0138,-0.0270,-0.0080,0.0662,0.0411,-0.2124,-0.0068,1.000,0.000,0.0000,0.0000,0.9791,-0.2854,0.0149,0,0.00,0.091,0.231,0.012,STANCE,0.9849,0.2607,0.0679,1,28.34,2.940,2.940,2.940,SWING,0.6819,-0.3528,0.0149,1,15.47,0.836,2.218,0.381,STANCE,0.7122,0.3348,0.0140,0,0.00,0.112,0.156,0.001,STANCE,0.4263,-0.1949,0.0148,1,8.66,0.984,1.278,0.297,STANCE,0.4515,0.1838,0.0152,0,0.00,0.076,0.115,0.008,STANCE
24.133,1644,placemove,0.7321,-0.0093,0.1335,-0.0009,0.0351,-0.0143,0.0071,-0.0050,-0.0556,0.0430,-0.0166,-0.0433,1.000,0.000,0.0000,0.0000,0.9792,-0.2856,0.0155,0,0.00,0.017,0.023,0.008,STANCE,0.9662,0.2591,0.0568,0,0.00,0.085,0.108,0.109,SWING,0.6819,-0.3528,0.0149,1,0.88,0.187,0.070,0.311,STANCE,0.7124,0.3348,0.0155,0,0.00,0.015,0.055,0.003,STANCE,0.4264,-0.1949,0.0153,0,0.00,0.033,0.023,0.002,STANCE,0.4516,0.1838,0.0149,0,0.00,0.025,0.019,0.004,STANCE
24.215,1648,placemove,0.7319,-0.0089,0.1319,-0.0049,0.0314,-0.0144,0.0161,0.0421,0.0404,-0.2133,0.1982,0.0178,1.000,0.000,0.0000,0.0000,0.9793,-0.2857,0.0148,1,29.34,0.793,2.940,2.828,STANCE,0.9458,0.2560,0.0462,0,0.00,0.299,0.201,0.119,SWING,0.6822,-0.3529,0.0174,0,0.00,0.066,0.042,0.049,STANCE,0.7128,0.3347,0.0146,1,37.54,2.940,2.940,2.940,STANCE,0.4267,-0.1949,0.0145,1,23.67,2.940,2.697,1.161,STANCE,0.4520,0.1838,0.0146,1,33.75,0.899,2.504,2.940,STANCE
24.289,1652,placemove,0.7320,-0.0090,0.1324,-0.0043,0.0317,-0.0144,-0.0015,-0.0007,-0.0167,0.0077,0.0061,0.0031,1.000,0.000,0.0000,0.0000,0.9794,-0.2857,0.0148,1,4.35,0.188,0.259,0.572,STANCE,0.9307,0.2587,0.0574,0,0.00,0.092,0.129,0.106,SWING,0.6822,-0.3529,0.0161,0,0.00,0.005,0.105,0.011,STANCE,0.7129,0.3347,0.0146,1,4.66,0.237,0.581,0.245,STANCE,0.4267,-0.1949,0.0145,1,3.90,0.300,0.483,0.184,STANCE,0.4521,0.1838,0.0150,0,0.00,0.002,0.018,0.001,STANCE
24.365,1656,placemove,0.7321,-0.0089,0.1323,-0.0052,0.0326,-0.0144,0.0132,0.0059,-0.0023,-0.0385,0.1005,0.0007,1.000,0.000,0.0000,0.0000,0.9794,-0.2857,0.0150,1,2.69,0.644,0.015,0.585,STANCE,0.9156,0.2596,0.0676,0,0.00,0.097,0.142,0.108,SWING,0.6822,-0.3529,0.0148,1,1.86,0.328,0.257,0.063,STANCE,0.7129,0.3347,0.0145,1,4.32,0.079,0.464,0.309,STANCE,0.4267,-0.1949,0.0151,0,0.00,0.003,0.003,0.000,STANCE,0.4521,0.1838,0.0149,1,1.10,0.182,0.036,0.240,STANCE
24.406,1660,placemove,0.7322,-0.0088,0.1323,-0.0055,0.0334,-0.0144,0.0185,0.0082,0.0282,-0.0636,0.1485,-0.0009,1.000,0.000,0.0000,0.0000,0.9794,-0.2857,0.0149,1,2.97,0.709,0.046,0.592,STANCE,0.9016,0.2584,0.0775,0,0.00,0.203,0.113,0.004,SWING,0.6822,-0.3529,0.0147,0,0.00,0.040,0.126,0.004,STANCE,0.7129,0.3347,0.0144,1,5.39,1.757,0.754,0.232,STANCE,0.4267,-0.1949,0.0148,1,13.69,0.799,1.325,0.884,STANCE,0.4521,0.1838,0.0148,0,0.00,0.056,0.126,0.001,STANCE
24.476,1664,placemove,0.7322,-0.0088,0.1322,-0.0058,0.0343,-0.0142,0.0074,-0.0024,0.0111,0.0189,0.0823,-0.0102,1.000,0.000,0.0000,0.0000,0.9794,-0.2856,0.0149,1,9.47,0.119,1.988,0.397,STANCE,0.9144,0.2611,0.0869,0,0.00,0.128,0.160,0.076,SWING,0.6822,-0.3529,0.0150,0,0.00,0.019,0.055,0.002,STANCE,0.7127,0.3347,0.0144,0,0.00,0.022,0.086,0.000,STANCE,0.4267,-0.1949,0.0147,0,0.00,0.013,0.107,0.006,STANCE,0.4520,0.1838,0.0150,1,15.22,0.147,1.422,1.160,STANCE
24.533,1668,placemove,0.7323,-0.0087,0.1321,-0.0068,0.0348,-0.0142,-0.0007,0.0098,-0.0043,-0.0625,-0.0001,0.0033,1.000,0.000,0.0000,0.0000,0.9794,-0.2857,0.0153,0,0.00,0.005,0.007,0.003,STANCE,0.9329,0.2656,0.0962,0,0.00,0.119,0.065,0.094,SWING,0.6821,-0.3529,0.0148,1,4.38,0.025,0.662,0.077,STANCE,0.7127,0.3347,0.0144,1,5.05,0.122,0.659,0.242,STANCE,0.4267,-0.1949,0.0154,0,0.00,0.011,0.010,0.003,STANCE,0.4520,0.1838,0.0149,0,0.00,0.008,0.027,0.003,STANCE
24.623,1672,placemove,0.7323,-0.0085,0.1315,-0.0082,0.0347,-0.0142,0.0021,0.0205,-0.0142,-0.1517,0.0314,0.0068,1.000,0.000,0.0000,0.0000,0.9795,-0.2856,0.0149,1,4.08,0.311,1.026,0.440,STANCE,0.9505,0.2663,0.0931,0,0.00,0.127,0.304,0.139,SWING,0.6822,-0.3529,0.0156,0,0.00,0.001,0.029,0.013,STANCE,0.7128,0.3348,0.0146,1,8.19,0.552,0.794,0.680,STANCE,0.4267,-0.1949,0.0148,1,2.78,0.349,0.090,0.424,STANCE,0.4520,0.1838,0.0153,0,0.00,0.019,0.022,0.014,STANCE
24.666,1676,placemove,0.7324,-0.0084,0.1318,-0.0089,0.0355,-0.0142,0.0164,0.0033,0.0219,-0.0334,0.1054,-0.0033,1.000,0.000,0.0000,0.0000,0.9795,-0.2856,0.0148,1,3.21,0.070,0.625,0.097,STANCE,0.9685,0.2652,0.0901,0,0.00,0.098,0.099,0.116,SWING,0.6822,-0.3528,0.0157,0,0.00,0.009,0.096,0.010,STANCE,0.7128,0.3348,0.0147,0,0.00,0.007,0.003,0.002,STANCE,0.4267,-0.1949,0.0150,0,0.00,0.012,0.017,0.004,STANCE,0.4520,0.1838,0.0147,1,2.48,0.033,0.592,0.218,STANCE
24.760,1680,placemove,0.7323,-0.0083,0.1318,-0.0098,0.0355,-0.0141,-0.0429,-0.0202,0.0211,0.1229,-0.2602,0.0173,1.000,0.000,0.0000,0.0000,0.9795,-0.2856,0.0154,0,0.00,0.177,0.076,0.001,STANCE,0.9864,0.2620,0.0844,1,34.55,2.940,2.940,2.940,SWING,0.6822,-0.3529,0.0147,1,13.02,1.413,2.230,0.131,STANCE,0.7128,0.3348,0.0148,0,0.00,0.181,0.182,0.005,STANCE,0.4267,-0.1950,0.0157,0,0.00,0.037,0.125,0.001,STANCE,0.4520,0.1838,0.0149,0,0.00,0.184,0.017,0.001,STANCE
24.823,1684,placemove,0.7325,-0.0082,0.1315,-0.0108,0.0350,-0.0142,0.0152,0.0160,-0.0919,-0.0727,-0.1645,0.0075,1.000,0.000,0.0000,0.0000,0.9796,-0.2856,0.0153,0,0.00,0.001,0.052,0.003,STANCE,0.9682,0.2617,0.0715,0,0.00,0.086,0.142,0.114,SWING,0.6823,-0.3529,0.0165,0,0.00,0.004,0.288,0.013,STANCE,0.7129,0.3348,0.0161,0,0.00,0.006,0.245,0.013,STANCE,0.4268,-0.1950,0.0155,0,0.00,0.002,0.178,0.010,STANCE,0.4521,0.1838,0.0163,0,0.00,0.006,0.209,0.003,STANCE
24.869,1688,placemove,0.7320,-0.0076,0.1297,-0.0138,0.0280,-0.0147,-0.0692,0.0107,-0.0094,0.0181,-0.5259,-0.0003,1.000,0.000,0.0000,0.0000,0.9798,-0.2854,0.0147,1,14.41,1.151,2.803,0.503,STANCE,0.9478,0.2591,0.0582,0,0.00,0.036,0.525,0.062,SWING,0.6828,-0.3525,0.0198,0,0.00,0.032,0.037,0.008,STANCE,0.7136,0.3350,0.0143,1,30.59,1.541,2.940,2.940,STANCE,0.4274,-0.1945,0.0199,0,0.00,0.075,0.077,0.058,STANCE,0.4528,0.1842,0.0156,0,0.00,0.117,0.365,0.003,STANCE
24.918,1692,placemove,0.7318,-0.0082,0.1326,-0.0087,0.0246,-0.0145,-0.0104,-0.0423,0.1230,0.2624,-0.2797,0.0085,1.000,0.000,0.0000,0.0000,0.9799,-0.2855,0.0147,0,0.00,0.005,0.053,0.014,STANCE,0.9316,0.2602,0.0713,0,0.00,0.090,0.126,0.105,SWING,0.6827,-0.3526,0.0166,0,0.00,0.004,0.098,0.020,STANCE,0.7136,0.3350,0.0148,0,0.00,0.001,0.079,0.019,STANCE,0.4274,-0.1946,0.0178,0,0.00,0.001,0.078,0.016,STANCE,0.4528,0.1841,0.0148,0,0.00,0.000,0.035,0.011,STANCE
24.981,1696,placemove,0.7317,-0.0083,0.1337,-0.0081,0.0229,-0.0144,0.0008,0.0102,0.0139,-0.0437,-0.0253,0.0235,1.000,0.000,0.0000,0.0000,0.9800,-0.2856,0.0154,0,0.00,0.014,0.010,0.004,STANCE,0.9159,0.2602,0.0833,0,0.00,0.084,0.106,0.107,SWING,0.6828,-0.3527,0.0149,0,0.05,0.055,0.006,0.004,STANCE,0.7137,0.3349,0.0153,0,0.00,0.006,0.057,0.003,STANCE,0.4275,-0.1947,0.0152,0,0.00,0.025,0.083,0.017,STANCE,0.4529,0.1840,0.0149,1,1.41,0.107,0.071,0.374,STANCE
25.061,1700,placemove,0.7320,-0.0081,0.1333,-0.0094,0.0242,-0.0142,-0.0170,0.0299,-0.0675,-0.2564,-0.0642,0.0273,1.000,0.000,0.0000,0.0000,0.9802,-0.2855,0.0148,1,2.28,0.250,0.159,0.626,STANCE,0.9021,0.2590,0.0921,0,0.00,0.065,0.115,0.058,SWING,0.6831,-0.3527,0.0161,0,0.00,0.018,0.027,0.021,STANCE,0.7138,0.3349,0.0154,0,0.00,0.029,0.047,0.017,STANCE,0.4277,-0.1947,0.0157,0,0.00,0.016,0.029,0.017,STANCE,0.4531,0.1841,0.0162,0,0.00,0.008,0.003,0.018,STANCE
25.187,1704,placemove,0.7319,-0.0080,0.1335,-0.0104,0.0236,-0.0140,0.0157,0.0126,0.0100,-0.0977,0.0807,-0.0082,1.000,0.000,0.0000,0.0000,0.9802,-0.2855,0.0149,0,0.00,0.005,0.020,0.000,STANCE,0.9150,0.2625,0.1024,0,0.00,0.093,0.114,0.084,SWING,0.6831,-0.3527,0.0148,0,0.00,0.003,0.012,0.013,STANCE,0.7136,0.3349,0.0150,0,0.00,0.008,0.006,0.002,STANCE,0.4277,-0.1948,0.0153,0,0.00,0.004,0.001,0.005,STANCE,0.4529,0.1839,0.0144,0,0.15,0.039,0.058,0.045,STANCE
25.259,1708,placemove,0.7319,-0.0080,0.1332,-0.0110,0.0243,-0.0141,0.0003,-0.0005,-0.0066,-0.0007,0.0040,-0.0022,1.000,0.000,0.0000,0.0000,0.9802,-0.2854,0.0149,1,2.83,0.575,0.298,0.171,STANCE,0.9332,0.2664,0.1139,0,0.00,0.100,0.119,0.065,SWING,0.6831,-0.3527,0.0149,1,4.04,0.606,0.423,0.294,STANCE,0.7136,0.3349,0.0149,1,2.35,0.276,0.318,0.064,STANCE,0.4276,-0.1948,0.0151,0,0.00,0.001,0.102,0.006,STANCE,0.4529,0.1840,0.0144,1,3.86,0.196,0.718,0.113,STANCE
25.353,1712,placemove,0.7322,-0.0079,0.1330,-0.0116,0.0261,-0.0142,0.0015,0.0010,-0.0351,-0.0166,0.0299,-0.0016,1.000,0.000,0.0000,0.0000,0.9803,-0.2854,0.0149,1,5.81,0.496,0.755,0.253,STANCE,0.9512,0.2672,0.1126,0,0.00,0.113,0.313,0.145,SWING,0.6831,-0.3527,0.0152,0,0.00,0.001,0.076,0.005,STANCE,0.7137,0.3350,0.0149,1,7.34,0.415,0.935,0.357,STANCE,0.4277,-0.1947,0.0149,1,4.36,0.004,0.251,0.541,STANCE,0.4530,0.1840,0.0151,0,0.00,0.000,0.019,0.006,STANCE
25.458,1716,placemove,0.7324,-0.0078,0.1326,-0.0125,0.0277,-0.0142,0.0095,0.0027,-0.0543,-0.0384,0.0922,-0.0005,1.000,0.000,0.0000,0.0000,0.9803,-0.2854,0.0150,1,4.84,0.801,0.424,0.503,STANCE,0.9695,0.2662,0.1094,0,0.00,0.080,0.128,0.115,SWING,0.6831,-0.3527,0.0148,0,0.00,0.042,0.010,0.002,STANCE,0.7137,0.3350,0.0149,1,4.22,0.615,0.464,0.346,STANCE,0.4277,-0.1948,0.0156,0,0.00,0.018,0.036,0.001,STANCE,0.4530,0.1840,0.0150,0,0.00,0.022,0.040,0.004,STANCE
25.578,1720,placemove,0.7325,-0.0078,0.1329,-0.0117,0.0289,-0.0139,-0.0290,-0.0331,0.0941,0.3853,-0.0028,0.0739,1.000,0.000,0.0000,0.0000,0.9803,-0.2854,0.0149,1,0.70,0.176,0.350,0.314,STANCE,0.9856,0.2638,0.1050,1,28.84,2.940,2.940,2.940,SWING,0.6831,-0.3527,0.0151,0,0.00,0.041,0.048,0.001,STANCE,0.7137,0.3350,0.0151,0,0.00,0.140,0.187,0.003,STANCE,0.4277,-0.1948,0.0148,1,16.69,1.618,0.811,2.532,STANCE,0.4529,0.1840,0.0155,0,0.00,0.140,0.107,0.007,STANCE
25.636,1724,placemove,0.7325,-0.0084,0.1334,-0.0066,0.0283,-0.0140,0.0016,-0.0232,-0.0395,0.3004,-0.0548,-0.0102,1.000,0.000,0.0000,0.0000,0.9804,-0.2854,0.0154,0,0.00,0.002,0.105,0.005,STANCE,0.9681,0.2639,0.0935,0,0.00,0.106,0.135,0.113,SWING,0.6832,-0.3527,0.0153,0,0.00,0.001,0.130,0.001,STANCE,0.7137,0.3350,0.0179,0,0.00,0.001,0.053,0.003,STANCE,0.4277,-0.1948,0.0153,0,0.00,0.003,0.143,0.000,STANCE,0.4529,0.1840,0.0169,0,0.00,0.001,0.005,0.004,STANCE
25.687,1728,placemove,0.7324,-0.0085,0.1327,-0.0043,0.0258,-0.0141,0.0227,0.0068,0.0703,-0.0406,0.1622,-0.0013,1.000,0.000,0.0000,0.0000,0.9805,-0.2851,0.0147,1,8.24,0.168,1.599,0.207,STANCE,0.9480,0.2618,0.0806,0,0.00,0.051,0.048,0.107,SWING,0.6835,-0.3524,0.0180,0,0.00,0.038,0.138,0.005,STANCE,0.7139,0.3352,0.0165,0,0.00,0.050,0.114,0.009,STANCE,0.4280,-0.1945,0.0178,0,0.00,0.041,0.092,0.007,STANCE,0.4532,0.1842,0.0145,1,12.57,0.090,0.589,1.747,STANCE
25.743,1732,placemove,0.7327,-0.0083,0.1332,-0.0059,0.0285,-0.0139,0.0025,-0.0054,0.0208,0.1129,-0.0964,-0.0477,1.000,0.000,0.0000,0.0000,0.9806,-0.2851,0.0146,1,3.40,0.301,0.425,0.184,STANCE,0.9314,0.2623,0.0870,0,0.00,0.045,0.150,0.100,SWING,0.6835,-0.3525,0.0174,0,0.00,0.035,0.078,0.008,STANCE,0.7136,0.3351,0.0144,0,0.00,0.069,0.067,0.014,STANCE,0.4280,-0.1947,0.0177,0,0.00,0.063,0.057,0.005,STANCE,0.4530,0.1840,0.0148,1,3.51,0.591,0.305,0.351,STANCE
25.810,1736,placemove,0.7327,-0.0083,0.1335,-0.0058,0.0282,-0.0141,0.0012,0.0110,0.0448,-0.1494,0.0285,0.0126,1.000,0.000,0.0000,0.0000,0.9806,-0.2851,0.0146,0,0.00,0.033,0.170,0.007,STANCE,0.9155,0.2615,0.0968,0,0.00,0.105,0.083,0.105,SWING,0.6834,-0.3524,0.0148,1,22.16,0.367,2.463,1.267,STANCE,0.7138,0.3352,0.0145,1,13.67,0.030,2.498,0.185,STANCE,0.4279,-0.1945,0.0150,0,0.00,0.015,0.262,0.019,STANCE,0.4531,0.1842,0.0148,0,0.00,0.000,0.059,0.002,STANCE
25.875,1740,placemove,0.7330,-0.0081,0.1331,-0.0070,0.0303,-0.0133,0.0028,0.0143,-0.0972,-0.0714,0.0579,0.2097,1.000,0.000,0.0000,0.0000,0.9809,-0.2849,0.0160,0,0.00,0.004,0.079,0.031,STANCE,0.9026,0.2616,0.1052,0,0.00,0.081,0.083,0.054,SWING,0.6837,-0.3524,0.0161,0,0.00,0.002,0.054,0.026,STANCE,0.7138,0.3352,0.0156,0,0.00,0.005,0.076,0.028,STANCE,0.4281,-0.1946,0.0160,0,0.00,0.002,0.037,0.023,STANCE,0.4532,0.1841,0.0166,0,0.00,0.004,0.055,0.025,STANCE
25.998,1744,placemove,0.7329,-0.0080,0.1324,-0.0067,0.0303,-0.0110,0.0055,0.0119,0.0763,-0.0823,0.0175,-0.0357,1.000,0.000,0.0000,0.0000,0.9816,-0.2840,0.0147,0,0.47,0.029,0.214,0.209,STANCE,0.9160,0.2656,0.1158,0,0.00,0.085,0.116,0.089,SWING,0.6846,-0.3524,0.0145,0,0.00,0.001,0.020,0.015,STANCE,0.7126,0.3353,0.0146,0,0.00,0.003,0.018,0.007,STANCE,0.4286,-0.1954,0.0144,0,0.00,0.000,0.030,0.017,STANCE,0.4524,0.1834,0.0147,1,0.64,0.028,0.290,0.259,STANCE
26.031,1748,placemove,0.7330,-0.0078,0.1320,-0.0071,0.0296,-0.0117,0.0062,0.0134,-0.0937,-0.0169,-0.0156,-0.0322,1.000,0.000,0.0000,0.0000,0.9818,-0.2838,0.0155,0,0.00,0.004,0.008,0.003,STANCE,0.9340,0.2683,0.1294,0,0.00,0.092,0.101,0.092,SWING,0.6849,-0.3522,0.0156,0,0.00,0.004,0.034,0.003,STANCE,0.7127,0.3355,0.0154,0,0.00,0.005,0.006,0.005,STANCE,0.4288,-0.1953,0.0153,0,0.00,0.004,0.030,0.002,STANCE,0.4526,0.1835,0.0152,0,0.00,0.004,0.009,0.004,STANCE
26.109,1752,placemove,0.7330,-0.0079,0.1324,-0.0052,0.0294,-0.0120,-0.0025,-0.0058,0.0410,0.0313,-0.0394,-0.0289,1.000,0.000,0.0000,0.0000,0.9819,-0.2836,0.0144,1,2.70,0.166,0.506,0.069,STANCE,0.9520,0.2689,0.1321,0,0.00,0.111,0.331,0.152,SWING,0.6851,-0.3521,0.0176,0,0.00,0.006,0.104,0.003,STANCE,0.7126,0.3357,0.0149,1,1.12,0.222,0.514,0.440,STANCE,0.4289,-0.1953,0.0175,0,0.00,0.005,0.108,0.002,STANCE,0.4525,0.1835,0.0148,1,2.61,0.137,0.071,0.572,STANCE
26.130,1756,placemove,0.7330,-0.0079,0.1330,-0.0051,0.0292,-0.0125,0.0001,-0.0004,0.0203,0.0031,-0.0056,-0.0235,1.000,0.000,0.0000,0.0000,0.9819,-0.2837,0.0144,1,4.18,0.453,0.916,0.249,STANCE,0.9704,0.2679,0.1297,0,0.00,0.101,0.161,0.127,SWING,0.6850,-0.3521,0.0155,0,0.00,0.002,0.120,0.016,STANCE,0.7126,0.3357,0.0148,1,1.98,0.312,0.650,0.437,STANCE,0.4289,-0.1953,0.0154,0,0.00,0.001,0.117,0.016,STANCE,0.4525,0.1835,0.0147,1,3.61,0.038,0.077,0.585,STANCE
26.244,1760,placemove,0.7329,-0.0079,0.1332,-0.0033,0.0282,-0.0123,-0.0513,-0.0344,0.0238,0.4862,-0.1344,0.0944,1.000,0.000,0.0000,0.0000,0.9822,-0.2834,0.0154,0,0.00,0.108,0.066,0.035,STANCE,0.9868,0.2658,0.1261,1,25.56,2.940,2.940,2.940,SWING,0.6852,-0.3520,0.0150,0,0.00,0.109,0.158,0.001,STANCE,0.7127,0.3358,0.0162,0,0.00,0.083,0.027,0.023,STANCE,0.4291,-0.1952,0.0148,1,27.85,2.485,2.493,2.497,STANCE,0.4526,0.1837,0.0158,0,0.00,0.059,0.235,0.000,STANCE
26.295,1764,placemove,0.7327,-0.0083,0.1328,0.0013,0.0246,-0.0129,-0.0312,-0.0042,-0.0670,-0.0185,-0.4002,-0.0546,1.000,0.000,0.0000,0.0000,0.9823,-0.2832,0.0146,1,15.86,0.399,0.022,2.940,STANCE,0.9700,0.2671,0.1134,0,0.00,0.235,0.164,0.117,SWING,0.6855,-0.3518,0.0166,0,0.00,0.116,0.141,0.040,STANCE,0.7128,0.3360,0.0180,0,0.00,0.037,0.178,0.016,STANCE,0.4293,-0.1950,0.0165,0,0.00,0.112,0.069,0.052,STANCE,0.4527,0.1838,0.0160,0,0.00,0.038,0.156,0.005,STANCE
26.332,1768,placemove,0.7327,-0.0082,0.1330,0.0005,0.0248,-0.0132,0.0124,0.0102,0.0042,-0.0768,0.0888,-0.0141,1.000,0.000,0.0000,0.0000,0.9823,-0.2832,0.0144,1,4.28,0.216,0.387,0.425,STANCE,0.9505,0.2664,0.0987,0,0.00,0.114,0.069,0.105,SWING,0.6855,-0.3518,0.0172,0,0.00,0.005,0.094,0.008,STANCE,0.7128,0.3360,0.0156,0,0.00,0.007,0.103,0.014,STANCE,0.4293,-0.1950,0.0168,0,0.00,0.003,0.088,0.008,STANCE,0.4528,0.1838,0.0145,1,4.59,0.080,0.403,0.426,STANCE
26.422,1772,placemove,0.7328,-0.0082,0.1331,0.0006,0.0255,-0.0135,0.0196,0.0161,0.0352,-0.1455,0.1378,-0.0088,1.000,0.000,0.0000,0.0000,0.9823,-0.2832,0.0144,0,0.00,0.118,0.137,0.004,STANCE,0.9334,0.2662,0.1049,0,0.00,0.039,0.015,0.099,SWING,0.6854,-0.3518,0.0150,1,19.68,1.487,2.081,1.211,STANCE,0.7128,0.3360,0.0146,1,12.97,0.588,2.592,0.424,STANCE,0.4293,-0.1950,0.0147,1,12.26,0.997,0.787,1.088,STANCE,0.4528,0.1839,0.0148,0,0.00,0.113,0.136,0.006,STANCE
26.475,1776,placemove,0.7331,-0.0080,0.1324,-0.0000,0.0265,-0.0136,0.0163,0.0126,-0.1114,-0.0293,0.1011,0.0069,1.000,0.000,0.0000,0.0000,0.9825,-0.2831,0.0155,0,0.00,0.002,0.000,0.010,STANCE,0.9171,0.2649,0.1125,0,0.00,0.088,0.102,0.106,SWING,0.6856,-0.3517,0.0156,0,0.00,0.001,0.001,0.009,STANCE,0.7130,0.3361,0.0153,0,0.00,0.001,0.012,0.011,STANCE,0.4295,-0.1949,0.0155,0,0.00,0.001,0.005,0.010,STANCE,0.4530,0.1840,0.0159,0,0.00,0.001,0.038,0.013,STANCE
26.569,1780,placemove,0.7334,-0.0078,0.1329,-0.0008,0.0277,-0.0129,0.0091,0.0162,0.0172,-0.0310,-0.0357,0.1987,1.000,0.000,0.0000,0.0000,0.9827,-0.2829,0.0152,0,0.00,0.001,0.094,0.000,STANCE,0.9046,0.2663,0.1218,0,0.00,0.112,0.078,0.047,SWING,0.6859,-0.3516,0.0152,0,0.00,0.001,0.072,0.008,STANCE,0.7129,0.3362,0.0150,0,0.00,0.001,0.092,0.004,STANCE,0.4296,-0.1949,0.0153,0,0.00,0.001,0.065,0.009,STANCE,0.4529,0.1839,0.0151,0,0.00,0.002,0.068,0.012,STANCE
26.643,1784,placemove,0.7334,-0.0075,0.1324,-0.0018,0.0281,-0.0092,0.0126,0.0173,0.0211,-0.1554,0.0534,-0.0530,1.000,0.000,0.0000,0.0000,0.9841,-0.2814,0.0148,1,15.14,0.605,1.862,0.798,STANCE,0.9178,0.2699,0.1337,0,0.00,0.009,0.211,0.102,SWING,0.6875,-0.3516,0.0149,0,0.28,0.134,0.038,0.002,STANCE,0.7113,0.3363,0.0148,1,9.31,0.615,1.076,0.567,STANCE,0.4305,-0.1962,0.0150,1,2.66,0.616,0.539,0.175,STANCE,0.4520,0.1828,0.0146,1,4.25,0.451,0.534,0.225,STANCE
26.731,1788,placemove,0.7335,-0.0069,0.1317,-0.0062,0.0286,-0.0104,0.0012,0.0064,-0.0123,-0.0325,0.0045,-0.0495,1.000,0.000,0.0000,0.0000,0.9841,-0.2814,0.0148,1,11.44,1.223,2.115,0.177,STANCE,0.9355,0.2714,0.1467,0,0.00,0.142,0.440,0.130,SWING,0.6875,-0.3515,0.0152,0,0.00,0.011,0.033,0.000,STANCE,0.7114,0.3363,0.0146,1,33.65,0.569,2.940,2.940,STANCE,0.4305,-0.1961,0.0150,1,10.18,1.416,2.284,0.645,STANCE,0.4521,0.1829,0.0151,0,0.00,0.142,0.279,0.018,STANCE
26.855,1792,placemove,0.7337,-0.0069,0.1321,-0.0063,0.0300,-0.0113,0.0085,-0.0023,-0.0161,-0.0143,0.1094,-0.0378,1.000,0.000,0.0000,0.0000,0.9841,-0.2814,0.0150,0,0.00,0.009,0.025,0.005,STANCE,0.9538,0.2716,0.1497,0,0.00,0.116,0.401,0.164,SWING,0.6876,-0.3515,0.0148,1,5.34,0.041,0.757,0.151,STANCE,0.7115,0.3364,0.0149,1,7.26,0.172,0.959,0.310,STANCE,0.4306,-0.1960,0.0156,0,0.00,0.007,0.088,0.007,STANCE,0.4522,0.1829,0.0151,0,0.00,0.002,0.038,0.006,STANCE
26.939,1796,placemove,0.7340,-0.0068,0.1325,-0.0071,0.0314,-0.0119,0.0192,0.0080,-0.0175,-0.0878,0.1302,-0.0205,1.000,0.000,0.0000,0.0000,0.9842,-0.2814,0.0151,0,0.00,0.001,0.047,0.000,STANCE,0.9727,0.2709,0.1464,0,0.00,0.106,0.114,0.120,SWING,0.6876,-0.3515,0.0152,0,0.00,0.001,0.022,0.004,STANCE,0.7115,0.3364,0.0149,0,0.00,0.001,0.068,0.000,STANCE,0.4306,-0.1961,0.0149,0,0.00,0.001,0.001,0.011,STANCE,0.4522,0.1829,0.0151,0,0.00,0.002,0.031,0.007,STANCE
27.062,1800,placemove,0.7340,-0.0069,0.1325,-0.0062,0.0317,-0.0123,0.0121,-0.0122,0.0667,0.0878,0.0696,-0.0298,1.000,0.000,0.0000,0.0000,0.9843,-0.2813,0.0150,0,0.00,0.013,0.035,0.002,STANCE,0.9830,0.2699,0.1427,0,0.00,0.019,0.020,0.001,SWING,0.6878,-0.3515,0.0149,1,2.36,0.174,0.119,0.298,STANCE,0.7114,0.3364,0.0153,0,0.00,0.004,0.009,0.001,STANCE,0.4307,-0.1961,0.0150,0,0.00,0.015,0.032,0.000,STANCE,0.4522,0.1828,0.0148,1,0.70,0.179,0.248,0.234,STANCE
27.093,1804,placemove,0.7342,-0.0070,0.1320,-0.0044,0.0295,-0.0131,-0.0163,0.0070,-0.1039,0.0855,-0.4901,-0.1545,1.000,0.000,0.0000,0.0000,0.9846,-0.2813,0.0150,1,10.26,1.271,0.679,2.940,STANCE,0.9648,0.2724,0.1260,0,0.00,0.110,0.212,0.130,SWING,0.6881,-0.3513,0.0159,0,0.00,0.235,0.042,0.055,STANCE,0.7118,0.3364,0.0160,0,0.00,0.031,0.106,0.009,STANCE,0.4310,-0.1960,0.0163,0,0.00,0.220,0.174,0.021,STANCE,0.4527,0.1829,0.0162,0,0.00,0.108,0.118,0.070,STANCE
27.172,1808,placemove,0.7336,-0.0072,0.1327,-0.0024,0.0245,-0.0138,0.0065,-0.0149,0.1209,0.0814,-0.0067,-0.0167,1.000,0.000,0.0000,0.0000,0.9844,-0.2814,0.0147,0,0.00,0.004,0.060,0.016,STANCE,0.9457,0.2720,0.1140,0,0.00,0.099,0.061,0.099,SWING,0.6879,-0.3513,0.0165,0,0.00,0.001,0.093,0.015,STANCE,0.7121,0.3366,0.0145,0,0.00,0.005,0.072,0.026,STANCE,0.4310,-0.1957,0.0147,0,0.00,0.003,0.041,0.017,STANCE,0.4528,0.1833,0.0164,0,0.00,0.003,0.079,0.012,STANCE
27.253,1812,placemove,0.7338,-0.0071,0.1337,-0.0030,0.0256,-0.0138,0.0290,0.0191,0.0729,-0.1121,0.2171,0.0032,1.000,0.000,0.0000,0.0000,0.9845,-0.2814,0.0149,0,0.00,0.072,0.095,0.008,STANCE,0.9284,0.2709,0.1216,0,0.00,0.002,0.128,0.096,SWING,0.6879,-0.3513,0.0149,1,5.44,1.200,0.736,0.187,STANCE,0.7121,0.3366,0.0145,0,0.00,0.056,0.095,0.003,STANCE,0.4311,-0.1957,0.0151,0,0.00,0.030,0.112,0.001,STANCE,0.4528,0.1832,0.0148,1,12.02,1.315,0.973,1.005,STANCE
27.352,1816,placemove,0.7341,-0.0069,0.1336,-0.0040,0.0274,-0.0137,-0.0068,0.0067,-0.0143,-0.0588,-0.0481,-0.0042,1.000,0.000,0.0000,0.0000,0.9847,-0.2812,0.0149,1,8.95,0.256,1.059,0.489,STANCE,0.9124,0.2697,0.1291,0,0.00,0.099,0.172,0.020,SWING,0.6881,-0.3513,0.0151,0,0.00,0.030,0.002,0.004,STANCE,0.7121,0.3366,0.0146,1,3.05,0.416,0.337,0.167,STANCE,0.4312,-0.1958,0.0159,0,0.00,0.031,0.072,0.005,STANCE,0.4529,0.1832,0.0150,1,5.41,0.454,0.960,0.054,STANCE
27.457,1820,placemove,0.7341,-0.0067,0.1332,-0.0063,0.0276,-0.0138,0.0063,0.0185,0.0053,-0.1814,0.0419,0.0001,1.000,0.000,0.0000,0.0000,0.9847,-0.2812,0.0150,0,0.00,0.000,0.125,0.008,STANCE,0.9087,0.2732,0.1397,0,0.00,0.108,0.082,0.046,SWING,0.6882,-0.3513,0.0148,1,18.78,0.330,2.293,0.852,STANCE,0.7121,0.3366,0.0147,1,13.94,0.131,2.330,0.059,STANCE,0.4312,-0.1958,0.0146,0,0.00,0.017,0.121,0.009,STANCE,0.4529,0.1832,0.0152,0,0.00,0.012,0.074,0.010,STANCE
27.547,1824,placemove,0.7345,-0.0066,0.1326,-0.0070,0.0299,-0.0138,0.0222,-0.0040,-0.0994,0.0379,0.1439,0.0298,1.000,0.000,0.0000,0.0000,0.9848,-0.2812,0.0150,0,0.00,0.015,0.056,0.016,STANCE,0.9255,0.2741,0.1533,0,0.00,0.084,0.156,0.097,SWING,0.6883,-0.3512,0.0150,0,0.00,0.035,0.085,0.009,STANCE,0.7122,0.3366,0.0149,1,4.75,0.328,0.053,1.039,STANCE,0.4313,-0.1958,0.0157,0,0.00,0.063,0.036,0.007,STANCE,0.4530,0.1832,0.0151,0,0.00,0.074,0.027,0.004,STANCE
27.607,1828,placemove,0.7344,-0.0062,0.1321,-0.0103,0.0282,-0.0140,-0.0014,0.0071,0.0424,-0.0378,-0.0075,0.0003,1.000,0.000,0.0000,0.0000,0.9848,-0.2811,0.0145,1,3.38,0.399,0.168,0.461,STANCE,0.9422,0.2735,0.1676,0,0.00,0.114,0.050,0.088,SWING,0.6884,-0.3512,0.0166,0,0.00,0.003,0.097,0.007,STANCE,0.7124,0.3367,0.0150,0,0.00,0.002,0.050,0.002,STANCE,0.4314,-0.1958,0.0155,0,0.00,0.013,0.113,0.011,STANCE,0.4531,0.1832,0.0148,1,4.41,0.267,0.041,0.803,STANCE
27.731,1832,placemove,0.7345,-0.0060,0.1326,-0.0114,0.0294,-0.0141,0.0059,0.0157,0.0231,-0.1574,0.0380,0.0024,1.000,0.000,0.0000,0.0000,0.9849,-0.2811,0.0145,0,0.00,0.035,0.157,0.011,STANCE,0.9607,0.2744,0.1655,0,0.00,0.090,0.222,0.153,SWING,0.6883,-0.3512,0.0150,1,20.00,0.142,2.332,1.037,STANCE,0.7124,0.3367,0.0150,1,14.15,0.147,2.649,0.277,STANCE,0.4314,-0.1957,0.0149,0,0.00,0.030,0.145,0.007,STANCE,0.4531,0.1832,0.0151,0,0.00,0.029,0.031,0.004,STANCE
27.790,1836,placemove,0.7348,-0.0059,0.1328,-0.0123,0.0312,-0.0142,0.0202,0.0097,0.0164,-0.0749,0.1492,-0.0054,1.000,0.000,0.0000,0.0000,0.9849,-0.2811,0.0148,1,3.97,0.024,0.331,0.416,STANCE,0.9796,0.2733,0.1637,0,0.00,0.098,0.212,0.138,SWING,0.6883,-0.3512,0.0151,0,0.00,0.006,0.048,0.001,STANCE,0.7124,0.3367,0.0151,0,0.00,0.003,0.003,0.001,STANCE,0.4314,-0.1957,0.0158,0,0.00,0.013,0.083,0.001,STANCE,0.4531,0.1832,0.0149,1,3.41,0.020,0.307,0.303,STANCE
27.898,1840,placemove,0.7347,-0.0063,0.1334,-0.0105,0.0307,-0.0146,0.0073,-0.0189,0.0099,0.1062,-0.0962,-0.0610,1.000,0.000,0.0000,0.0000,0.9848,-0.2813,0.0159,0,0.00,0.037,0.227,0.017,STANCE,0.9807,0.2742,0.1560,0,0.00,0.126,0.140,0.112,SWING,0.6882,-0.3513,0.0150,1,2.18,0.114,0.223,0.694,STANCE,0.7125,0.3366,0.0158,0,0.00,0.012,0.003,0.002,STANCE,0.4314,-0.1957,0.0155,0,0.00,0.002,0.149,0.006,STANCE,0.4531,0.1832,0.0163,0,0.00,0.001,0.209,0.004,STANCE
27.930,1844,placemove,0.7349,-0.0068,0.1325,-0.0064,0.0308,-0.0151,0.0088,-0.0524,-0.0550,0.3684,0.0743,-0.0019,1.000,0.000,0.0000,0.0000,0.9849,-0.2815,0.0166,0,0.00,0.001,0.223,0.010,STANCE,0.9630,0.2771,0.1382,0,0.00,0.128,0.105,0.106,SWING,0.6881,-0.3513,0.0147,1,12.69,0.066,1.736,0.527,STANCE,0.7129,0.3365,0.0149,1,9.17,0.252,1.399,0.161,STANCE,0.4314,-0.1955,0.0161,0,0.00,0.015,0.190,0.000,STANCE,0.4535,0.1834,0.0179,0,0.00,0.009,0.096,0.007,STANCE
28.024,1848,placemove,0.7351,-0.0067,0.1333,-0.0072,0.0322,-0.0149,0.0145,0.0103,0.0382,-0.0889,0.0988,0.0096,1.000,0.000,0.0000,0.0000,0.9849,-0.2816,0.0148,1,1.32,0.538,0.469,0.338,STANCE,0.9447,0.2775,0.1284,0,0.00,0.087,0.058,0.103,SWING,0.6882,-0.3513,0.0161,0,0.00,0.011,0.019,0.000,STANCE,0.7129,0.3365,0.0147,1,3.81,0.626,0.472,0.154,STANCE,0.4314,-0.1955,0.0151,0,0.00,0.010,0.003,0.009,STANCE,0.4535,0.1834,0.0163,0,0.00,0.026,0.095,0.012,STANCE
28.066,1852,placemove,0.7353,-0.0067,0.1341,-0.0072,0.0336,-0.0148,0.0272,-0.0047,0.0732,0.0149,0.1029,-0.0143,1.000,0.000,0.0000,0.0000,0.9849,-0.2816,0.0147,1,0.55,0.149,0.034,0.122,STANCE,0.9271,0.2758,0.1363,0,0.00,0.081,0.122,0.104,SWING,0.6882,-0.3513,0.0155,0,0.00,0.019,0.081,0.016,STANCE,0.7129,0.3366,0.0150,0,0.00,0.008,0.023,0.008,STANCE,0.4314,-0.1955,0.0151,0,0.00,0.018,0.055,0.012,STANCE,0.4535,0.1834,0.0148,0,0.00,0.012,0.029,0.018,STANCE
28.138,1856,placemove,0.7357,-0.0065,0.1338,-0.0087,0.0356,-0.0150,0.0229,0.0152,-0.0986,0.0205,0.2152,-0.0322,1.000,0.000,0.0000,0.0000,0.9850,-0.2816,0.0164,0,0.00,0.004,0.173,0.034,STANCE,0.9125,0.2779,0.1456,0,0.00,0.084,0.081,0.031,SWING,0.6883,-0.3513,0.0151,0,0.00,0.002,0.072,0.002,STANCE,0.7133,0.3365,0.0162,0,0.00,0.005,0.112,0.027,STANCE,0.4315,-0.1955,0.0167,0,0.00,0.003,0.109,0.021,STANCE,0.4537,0.1835,0.0165,0,0.00,0.005,0.126,0.020,STANCE
28.189,1860,placemove,0.7357,-0.0065,0.1321,-0.0055,0.0368,-0.0145,-0.0119,-0.0053,0.0543,-0.0228,-0.1170,0.0071,1.000,0.000,0.0000,0.0000,0.9850,-0.2812,0.0145,1,23.16,1.747,1.746,2.387,STANCE,0.9170,0.2790,0.1577,0,0.00,0.042,0.020,0.039,SWING,0.6883,-0.3510,0.0146,1,24.68,1.938,2.940,1.549,STANCE,0.7131,0.3367,0.0147,1,30.65,0.408,2.940,2.940,STANCE,0.4315,-0.1951,0.0154,0,0.00,0.099,0.385,0.012,STANCE,0.4536,0.1838,0.0165,0,0.00,0.024,0.067,0.010,STANCE
28.302,1864,placemove,0.7359,-0.0066,0.1331,-0.0060,0.0378,-0.0145,0.0141,0.0002,0.0443,0.0592,0.1331,0.0143,1.000,0.000,0.0000,0.0000,0.9850,-0.2813,0.0145,1,11.68,0.132,2.245,0.158,STANCE,0.9335,0.2774,0.1750,0,0.00,0.142,0.165,0.113,SWING,0.6883,-0.3511,0.0149,0,0.00,0.019,0.050,0.002,STANCE,0.7131,0.3368,0.0146,0,0.00,0.025,0.118,0.023,STANCE,0.4314,-0.1953,0.0150,0,0.00,0.011,0.133,0.006,STANCE,0.4536,0.1837,0.0147,1,20.80,0.536,1.638,1.886,STANCE
28.340,1868,placemove,0.7360,-0.0066,0.1324,-0.0040,0.0373,-0.0150,-0.0155,0.0082,-0.0838,0.0564,-0.2723,-0.0692,1.000,0.000,0.0000,0.0000,0.9850,-0.2812,0.0148,1,4.40,0.072,0.217,1.155,STANCE,0.9503,0.2746,0.1883,0,0.00,0.065,0.317,0.145,SWING,0.6883,-0.3508,0.0150,0,0.00,0.020,0.112,0.009,STANCE,0.7134,0.3370,0.0163,0,0.00,0.035,0.061,0.011,STANCE,0.4315,-0.1949,0.0154,0,0.00,0.027,0.079,0.008,STANCE,0.4538,0.1840,0.0154,0,0.00,0.000,0.036,0.007,STANCE
28.456,1872,placemove,0.7363,-0.0064,0.1327,-0.0036,0.0408,-0.0150,0.0244,-0.0012,-0.0315,0.2156,0.3189,-0.0168,1.000,0.000,0.0000,0.0000,0.9850,-0.2811,0.0152,0,0.00,0.010,0.063,0.025,STANCE,0.9697,0.2758,0.1836,0,0.00,0.118,0.167,0.135,SWING,0.6882,-0.3506,0.0152,0,0.00,0.006,0.006,0.016,STANCE,0.7135,0.3372,0.0151,0,0.00,0.006,0.053,0.001,STANCE,0.4315,-0.1946,0.0162,0,0.00,0.006,0.005,0.017,STANCE,0.4539,0.1843,0.0165,0,0.00,0.006,0.052,0.019,STANCE
28.508,1876,placemove,0.7363,-0.0063,0.1332,-0.0036,0.0406,-0.0149,-0.0022,0.0056,0.1118,-0.0380,-0.0740,0.0204,1.000,0.000,0.0000,0.0000,0.9849,-0.2810,0.0150,0,0.00,0.011,0.068,0.013,STANCE,0.9887,0.2741,0.1823,0,0.00,0.109,0.167,0.131,SWING,0.6881,-0.3505,0.0146,0,0.08,0.055,0.051,0.009,STANCE,0.7135,0.3373,0.0146,1,0.52,0.071,0.031,0.005,STANCE,0.4314,-0.1945,0.0151,0,0.00,0.006,0.120,0.020,STANCE,0.4538,0.1844,0.0156,0,0.00,0.007,0.122,0.017,STANCE
28.646,1880,placemove,0.7367,-0.0063,0.1408,-0.0023,0.0412,-0.0131,0.0062,-0.0003,0.6532,0.5164,-0.2781,0.2043,1.000,0.000,0.0000,0.0000,0.9848,-0.2808,0.0149,0,0.00,0.133,0.286,0.048,SHIFT,0.9918,0.2742,0.1816,1,22.16,2.940,2.940,2.940,SHIFT,0.6880,-0.3505,0.0146,0,0.00,0.126,0.008,0.024,SHIFT,0.7127,0.3374,0.0150,0,0.00,0.067,0.619,0.081,SHIFT,0.4313,-0.1945,0.0145,1,9.26,2.940,0.969,2.940,SHIFT,0.4530,0.1841,0.0145,0,0.00,0.077,0.342,0.085,SHIFT
28.690,1884,placemove,0.7345,-0.0073,0.1502,0.0057,0.0407,0.0030,-0.1872,-0.0780,0.4617,0.6156,0.1709,1.1636,1.000,0.000,0.0000,0.0000,0.9852,-0.2768,0.0179,0,0.00,0.046,0.096,0.019,SHIFT,0.9982,0.2760,0.1844,0,0.00,0.089,0.104,0.093,SHIFT,0.6895,-0.3510,0.0168,0,0.00,0.070,0.025,0.012,SHIFT,0.7040,0.3372,0.0219,0,0.00,0.118,0.087,0.017,SHIFT,0.4303,-0.1990,0.0174,0,0.00,0.022,0.001,0.008,SHIFT,0.4467,0.1802,0.0201,0,0.00,0.072,0.044,0.002,SHIFT
28.728,1888,placemove,0.7315,-0.0088,0.1563,0.0155,0.0457,0.0177,-0.1732,-0.0963,0.2959,0.5876,0.3560,0.7164,1.000,0.000,0.0000,0.0000,0.9847,-0.2721,0.0183,0,0.00,0.020,0.093,0.020,SHIFT,1.0046,0.2796,0.1853,0,0.00,0.033,0.092,0.098,SHIFT,0.6905,-0.3519,0.0182,0,0.00,0.046,0.063,0.012,SHIFT,0.6917,0.3363,0.0295,0,0.00,0.147,0.086,0.013,SHIFT,0.4284,-0.2051,0.0220,0,0.00,0.001,0.038,0.004,SHIFT,0.4375,0.1744,0.0276,0,0.00,0.100,0.047,0.004,SHIFT
28.754,1892,placemove,0.7289,-0.0110,0.1601,0.0310,0.0442,0.0195,-0.1386,-0.1704,0.1766,1.4129,-0.6504,-0.5891,1.000,0.000,0.0000,0.0000,0.9828,-0.2693,0.0161,0,0.00,0.125,0.105,0.028,SHIFT,1.0031,0.2863,0.1846,1,2.13,1.480,0.576,0.649,SHIFT,0.6895,-0.3525,0.0151,0,0.00,0.075,0.004,0.006,SHIFT,0.6829,0.3355,0.0361,0,0.00,0.365,0.142,0.015,SHIFT,0.4258,-0.2087,0.0212,0,0.00,0.152,0.045,0.007,SHIFT,0.4305,0.1707,0.0320,0,0.00,0.297,0.023,0.006,SHIFT
28.823,1896,placemove,0.7290,-0.0114,0.1676,0.0197,0.0287,0.0069,0.0885,0.0092,0.5574,-0.9990,-0.4215,-0.7331,1.000,0.000,0.0000,0.0000,0.9828,-0.2733,0.0180,0,0.00,0.197,0.193,0.067,SHIFT,1.0031,0.2869,0.1844,1,11.90,1.012,2.940,2.940,SHIFT,0.6880,-0.3533,0.0151,0,0.00,0.155,0.198,0.073,SHIFT,0.6838,0.3345,0.0297,0,0.00,0.036,0.109,0.122,SHIFT,0.4258,-0.2081,0.0143,1,8.68,0.084,2.940,1.230,SHIFT,0.4325,0.1698,0.0224,0,0.00,0.023,0.069,0.114,SHIFT
28.845,1900,placemove,0.7307,-0.0112,0.1777,0.0137,0.0199,-0.0014,0.1127,0.0076,0.6385,0.1489,-0.5632,-0.2569,1.000,0.000,0.0000,0.0000,0.9820,-0.2747,0.0207,0,0.00,0.199,0.244,0.080,SHIFT,1.0034,0.2876,0.1843,1,11.07,0.110,2.940,2.940,SHIFT,0.6875,-0.3538,0.0159,0,0.00,0.170,0.048,0.109,SHIFT,0.6860,0.3334,0.0248,0,0.00,0.007,0.113,0.123,SHIFT,0.4258,-0.2079,0.0142,1,8.35,0.562,2.940,1.211,SHIFT,0.4363,0.1689,0.0167,0,0.00,0.009,0.178,0.135,SHIFT
28.903,1904,placemove,0.7332,-0.0110,0.1877,0.0206,0.0056,-0.0051,0.1494,0.0186,0.5323,0.5024,-1.0148,-0.1825,1.000,0.000,0.0000,0.0000,0.9835,-0.2727,0.0281,0,0.00,0.059,0.109,0.027,SHIFT,1.0035,0.2877,0.1844,0,0.00,0.074,0.075,0.000,SHIFT,0.6896,-0.3531,0.0177,0,0.00,0.083,0.084,0.025,SHIFT,0.6886,0.3350,0.0303,0,0.00,0.107,0.092,0.028,SHIFT,0.4272,-0.2070,0.0144,0,0.00,0.037,0.003,0.014,SHIFT,0.4368,0.1716,0.0178,0,0.00,0.060,0.074,0.084,SHIFT
28.965,1908,placemove,0.7357,-0.0106,0.1950,0.0356,-0.0071,-0.0080,0.1485,0.0234,0.3799,1.3083,-0.4175,-0.1045,1.000,0.000,0.0000,0.0000,0.9858,-0.2704,0.0333,1,6.19,2.940,0.373,1.237,SHIFT,1.0038,0.2879,0.1845,1,9.76,2.120,2.875,2.940,SHIFT,0.6924,-0.3503,0.0176,0,0.00,0.112,0.055,0.014,SHIFT,0.6917,0.3376,0.0393,0,0.00,0.001,0.151,0.024,SHIFT,0.4301,-0.2040,0.0148,1,2.59,1.056,1.411,0.851,SHIFT,0.4383,0.1755,0.0210,0,0.00,0.032,0.150,0.025,SHIFT
29.042,1912,placemove,0.7379,-0.0108,0.2010,0.0545,-0.0135,-0.0102,0.1038,-0.0446,0.3359,0.9076,-0.1794,-0.1275,1.000,0.000,0.0000,0.0000,0.9863,-0.2680,0.0336,1,5.74,2.940,0.388,0.956,SHIFT,1.0043,0.2884,0.1844,1,9.73,2.940,2.940,2.940,SHIFT,0.6939,-0.3471,0.0147,1,4.30,0.129,2.940,1.911,SHIFT,0.6934,0.3407,0.0495,0,0.00,0.014,0.064,0.012,SHIFT,0.4317,-0.2004,0.0149,0,0.00,0.036,0.141,0.023,SHIFT,0.4400,0.1791,0.0262,0,0.00,0.024,0.165,0.028,SHIFT
29.064,1916,placemove,0.7393,-0.0122,0.2060,0.0662,-0.0163,-0.0116,0.0651,-0.1110,0.2567,0.6578,-0.1382,-0.0345,1.000,0.000,0.0000,0.0000,0.9867,-0.2669,0.0339,1,5.64,2.940,0.137,1.028,SHIFT,1.0045,0.2886,0.1844,1,9.44,2.940,2.940,2.940,SHIFT,0.6940,-0.3457,0.0146,1,3.55,0.153,2.378,1.514,SHIFT,0.6936,0.3414,0.0563,0,0.00,0.008,0.110,0.020,SHIFT,0.4319,-0.1992,0.0165,0,0.00,0.047,0.118,0.012,SHIFT,0.4402,0.1802,0.0303,0,0.00,0.018,0.153,0.028,SHIFT
29.124,1920,placemove,0.7402,-0.0143,0.2097,0.0764,-0.0210,-0.0124,0.0593,-0.1090,0.2210,0.5027,-0.1077,-0.0045,1.000,0.000,0.0000,0.0000,0.9867,-0.2668,0.0339,1,10.49,2.940,0.254,0.183,STANCE,1.0047,0.2888,0.1844,1,8.92,1.631,2.940,2.940,STANCE,0.6939,-0.3457,0.0145,0,0.00,0.073,0.115,0.006,STANCE,0.6934,0.3411,0.0612,0,0.00,0.047,0.123,0.027,STANCE,0.4318,-0.1990,0.0149,1,16.86,1.224,0.392,1.854,STANCE,0.4401,0.1802,0.0323,0,0.00,0.047,0.299,0.042,STANCE
29.146,1924,placemove,0.7400,-0.0158,0.2133,0.0856,-0.0254,-0.0131,-0.0514,-0.0930,0.1934,0.5608,-0.2598,-0.0352,1.000,0.000,0.0000,0.0000,0.9868,-0.2667,0.0339,1,4.92,2.940,0.415,0.975,STANCE,1.0048,0.2889,0.1844,1,8.48,1.602,2.940,2.940,STANCE,0.6941,-0.3467,0.0234,0,0.00,0.039,0.090,0.103,SWING,0.6934,0.3410,0.0654,0,0.00,0.014,0.139,0.025,STANCE,0.4319,-0.1990,0.0148,1,2.20,1.060,1.284,0.750,STANCE,0.4403,0.1804,0.0340,0,0.00,0.003,0.171,0.033,STANCE
29.196,1928,placemove,0.7389,-0.0175,0.2162,0.0930,-0.0303,-0.0138,-0.0610,-0.0993,0.1531,0.4238,-0.2591,-0.0146,1.000,0.000,0.0000,0.0000,0.9868,-0.2667,0.0338,1,5.58,2.940,0.199,0.766,STANCE,1.0048,0.2889,0.1844,1,8.14,0.711,2.940,2.940,STANCE,0.6934,-0.3482,0.0352,0,0.00,0.041,0.079,0.105,SWING,0.6932,0.3407,0.0685,0,0.00,0.008,0.141,0.025,STANCE,0.4319,-0.1988,0.0147,1,4.17,1.943,0.646,0.070,STANCE,0.4402,0.1805,0.0346,0,0.00,0.003,0.161,0.026,STANCE
29.218,1932,placemove,0.7379,-0.0189,0.2186,0.0988,-0.0351,-0.0145,-0.0552,-0.0750,0.1314,0.3251,-0.2463,-0.0219,1.000,0.000,0.0000,0.0000,0.9868,-0.2667,0.0337,1,6.92,2.940,0.281,0.484,STANCE,1.0048,0.2889,0.1844,1,7.63,0.763,2.940,2.940,STANCE,0.6928,-0.3492,0.0472,0,0.00,0.027,0.080,0.104,SWING,0.6931,0.3404,0.0705,0,0.00,0.008,0.138,0.025,STANCE,0.4318,-0.1989,0.0147,1,3.04,1.954,0.634,0.067,STANCE,0.4402,0.1804,0.0344,0,0.00,0.001,0.163,0.028,STANCE
29.261,1936,placemove,0.7369,-0.0198,0.2207,0.1027,-0.0397,-0.0152,-0.0523,-0.0500,0.1069,0.2141,-0.2310,-0.0331,1.000,0.000,0.0000,0.0000,0.9869,-0.2667,0.0336,1,7.35,2.940,0.144,0.411,STANCE,1.0048,0.2889,0.1844,1,8.11,0.784,2.940,2.940,STANCE,0.6924,-0.3494,0.0594,0,0.00,0.084,0.073,0.107,SWING,0.6931,0.3403,0.0715,0,0.00,0.023,0.153,0.028,STANCE,0.4317,-0.1989,0.0146,1,2.58,1.674,0.661,0.160,STANCE,0.4403,0.1806,0.0336,0,0.00,0.026,0.170,0.030,STANCE
29.284,1940,placemove,0.7360,-0.0204,0.2224,0.1047,-0.0441,-0.0158,-0.0423,-0.0244,0.0878,0.1244,-0.2237,-0.0298,1.000,0.000,0.0000,0.0000,0.9869,-0.2667,0.0336,1,6.26,1.786,0.643,0.123,STANCE,1.0048,0.2890,0.1844,1,7.52,0.391,2.940,2.940,STANCE,0.7009,-0.3506,0.0720,0,0.00,0.087,0.073,0.112,SWING,0.6933,0.3402,0.0713,0,0.00,0.032,0.159,0.030,STANCE,0.4316,-0.1989,0.0146,1,2.97,1.742,1.329,0.644,STANCE,0.4406,0.1809,0.0320,0,0.00,0.034,0.174,0.030,STANCE
29.332,1944,placemove,0.7353,-0.0206,0.2238,0.1058,-0.0484,-0.0164,-0.0381,-0.0066,0.0772,0.0737,-0.2166,-0.0353,1.000,0.000,0.0000,0.0000,0.9869,-0.2667,0.0335,1,4.89,1.950,0.327,0.077,STANCE,1.0048,0.2890,0.1844,1,7.27,0.097,2.940,2.940,STANCE,0.7157,-0.3512,0.0851,0,0.00,0.100,0.071,0.111,SWING,0.6937,0.3405,0.0707,0,0.00,0.025,0.157,0.029,STANCE,0.4315,-0.1986,0.0146,1,2.78,1.482,1.441,0.768,STANCE,0.4410,0.1814,0.0300,0,0.00,0.026,0.173,0.031,STANCE
29.354,1948,placemove,0.7346,-0.0205,0.2251,0.1058,-0.0526,-0.0170,-0.0379,0.0078,0.0635,0.0112,-0.2110,-0.0419,1.000,0.000,0.0000,0.0000,0.9869,-0.2667,0.0334,1,5.35,2.047,0.355,0.032,STANCE,1.0048,0.2891,0.1845,1,7.20,0.104,2.940,2.940,STANCE,0.7302,-0.3499,0.0984,0,0.00,0.099,0.065,0.111,SWING,0.6941,0.3408,0.0695,0,0.00,0.027,0.161,0.030,STANCE,0.4316,-0.1982,0.0145,1,2.75,1.537,1.295,0.649,STANCE,0.4414,0.1820,0.0277,0,0.00,0.029,0.172,0.031,STANCE
29.403,1952,placemove,0.7339,-0.0203,0.2261,0.1048,-0.0568,-0.0175,-0.0351,0.0208,0.0505,-0.0489,-0.2041,-0.0410,1.000,0.000,0.0000,0.0000,0.9868,-0.2667,0.0333,1,5.84,2.131,0.447,0.035,STANCE,1.0047,0.2891,0.1845,1,7.11,0.025,2.940,2.940,STANCE,0.7441,-0.3468,0.1118,0,0.00,0.103,0.067,0.110,SWING,0.6947,0.3412,0.0676,0,0.00,0.026,0.157,0.030,STANCE,0.4315,-0.1977,0.0145,1,2.90,1.712,1.186,0.528,STANCE,0.4419,0.1827,0.0250,0,0.00,0.024,0.171,0.031,STANCE
29.425,1956,placemove,0.7333,-0.0197,0.2269,0.1029,-0.0608,-0.0180,-0.0320,0.0355,0.0370,-0.1113,-0.1968,-0.0433,1.000,0.000,0.0000,0.0000,0.9867,-0.2666,0.0332,1,5.80,2.013,0.511,0.104,STANCE,1.0047,0.2892,0.1845,1,7.04,0.118,2.940,2.940,STANCE,0.7580,-0.3490,0.1247,0,0.00,0.107,0.073,0.002,SWING,0.6953,0.3417,0.0653,0,0.00,0.028,0.159,0.031,STANCE,0.4315,-0.1972,0.0145,1,2.96,1.714,1.239,0.556,STANCE,0.4425,0.1834,0.0220,0,0.00,0.028,0.172,0.032,STANCE
29.465,1960,placemove,0.7327,-0.0190,0.2275,0.0999,-0.0648,-0.0185,-0.0286,0.0503,0.0245,-0.1692,-0.1893,-0.0471,1.000,0.000,0.0000,0.0000,0.9867,-0.2666,0.0331,1,5.61,1.984,0.504,0.077,STANCE,1.0047,0.2893,0.1845,1,6.99,0.122,2.940,2.940,STANCE,0.7723,-0.3516,0.1382,0,0.00,0.110,0.040,0.062,SWING,0.6960,0.3423,0.0623,0,0.00,0.026,0.156,0.031,STANCE,0.4314,-0.1966,0.0145,1,2.96,1.702,1.236,0.556,STANCE,0.4432,0.1843,0.0185,0,0.00,0.024,0.171,0.033,STANCE
29.506,1964,placemove,0.7323,-0.0178,0.2279,0.0956,-0.0679,-0.0187,0.0083,0.0466,0.0688,-0.1773,0.1301,0.0840,1.000,0.000,0.0000,0.0000,0.9866,-0.2665,0.0330,1,3.42,0.797,1.555,0.006,STANCE,1.0047,0.2894,0.1845,1,7.02,2.509,2.940,2.940,STANCE,0.7883,-0.3557,0.1392,0,0.00,0.267,0.153,0.103,SWING,0.6970,0.3430,0.0586,0,0.00,0.053,0.368,0.040,STANCE,0.4314,-0.1959,0.0145,0,0.00,0.186,0.300,0.012,STANCE,0.4440,0.1853,0.0146,1,33.04,2.692,1.263,2.940,STANCE
29.567,1968,placemove,0.7322,-0.0171,0.2294,0.0940,-0.0699,-0.0191,-0.0221,0.0421,0.0648,-0.0178,-0.1789,-0.1436,1.000,0.000,0.0000,0.0000,0.9865,-0.2664,0.0330,1,5.19,2.940,0.764,0.807,STANCE,1.0047,0.2894,0.1846,1,6.33,1.595,2.814,2.940,STANCE,0.7938,-0.3587,0.1312,0,0.00,0.160,0.188,0.083,SWING,0.6977,0.3437,0.0570,0,0.00,0.156,0.193,0.040,STANCE,0.4314,-0.1952,0.0158,0,0.00,0.177,0.026,0.011,STANCE,0.4445,0.1860,0.0145,0,0.00,0.188,0.032,0.005,STANCE
29.640,1972,placemove,0.7323,-0.0166,0.2307,0.0917,-0.0725,-0.0186,0.0655,0.0270,0.0738,-0.0972,-0.1175,-0.0464,1.000,0.000,0.0000,0.0000,0.9864,-0.2662,0.0329,1,5.91,1.833,0.379,0.165,SHIFT,1.0042,0.2887,0.1851,1,5.47,0.540,2.585,2.673,SHIFT,0.7955,-0.3622,0.1223,0,0.00,0.033,0.150,0.090,SHIFT,0.6981,0.3441,0.0550,0,0.00,0.195,0.145,0.030,SHIFT,0.4314,-0.1946,0.0147,1,1.95,1.266,0.644,0.227,SHIFT,0.4447,0.1863,0.0145,0,0.00,0.178,0.051,0.008,SHIFT
29.736,1976,placemove,0.7336,-0.0163,0.2319,0.0893,-0.0750,-0.0184,0.0815,0.0377,0.0775,0.0138,-0.2317,-0.1515,1.000,0.000,0.0000,0.0000,0.9864,-0.2663,0.0328,1,10.99,1.828,0.644,0.609,SHIFT,1.0029,0.2873,0.1849,1,5.36,0.346,2.477,2.664,SHIFT,0.7968,-0.3657,0.1132,0,0.00,0.069,0.179,0.075,SHIFT,0.6985,0.3443,0.0527,0,0.00,0.311,0.205,0.045,SHIFT,0.4312,-0.1946,0.0153,0,0.00,0.255,0.087,0.015,SHIFT,0.4449,0.1863,0.0145,0,0.00,0.339,0.055,0.017,SHIFT
29.761,1980,placemove,0.7350,-0.0158,0.2332,0.0866,-0.0774,-0.0180,0.0815,0.0442,0.0746,-0.0373,-0.1803,-0.0967,1.000,0.000,0.0000,0.0000,0.9863,-0.2662,0.0328,1,11.62,1.514,1.061,0.953,SHIFT,1.0017,0.2862,0.1849,1,6.93,0.532,2.574,2.759,SHIFT,0.7980,-0.3683,0.1041,0,0.00,0.092,0.235,0.067,SHIFT,0.6989,0.3446,0.0505,0,0.00,0.290,0.268,0.058,SHIFT,0.4312,-0.1942,0.0151,0,0.00,0.226,0.065,0.011,SHIFT,0.4451,0.1866,0.0144,0,0.00,0.331,0.076,0.028,SHIFT
29.860,1984,placemove,0.7368,-0.0148,0.2346,0.0832,-0.0788,-0.0184,0.1002,0.0653,0.0762,-0.0973,-0.1434,-0.1436,1.000,0.000,0.0000,0.0000,0.9862,-0.2661,0.0328,1,10.60,1.768,0.648,0.567,SHIFT,1.0012,0.2857,0.1848,1,6.31,0.245,2.683,2.940,SHIFT,0.7988,-0.3699,0.0949,0,0.00,0.092,0.230,0.068,SHIFT,0.6997,0.3452,0.0481,0,0.00,0.286,0.248,0.055,SHIFT,0.4311,-0.1934,0.0153,0,0.00,0.224,0.110,0.018,SHIFT,0.4454,0.1873,0.0146,0,0.00,0.320,0.056,0.014,SHIFT
29.923,1988,placemove,0.7385,-0.0139,0.2359,0.0803,-0.0808,-0.0189,0.0939,0.0553,0.0786,-0.0935,-0.1427,-0.1033,1.000,0.000,0.0000,0.0000,0.9861,-0.2660,0.0328,1,12.30,1.980,0.828,0.708,SHIFT,1.0002,0.2843,0.1846,1,6.11,0.296,2.839,2.940,SHIFT,0.7995,-0.3709,0.0856,0,0.00,0.108,0.251,0.063,SHIFT,0.7007,0.3459,0.0458,0,0.00,0.314,0.263,0.058,SHIFT,0.4310,-0.1925,0.0157,0,0.00,0.273,0.055,0.009,SHIFT,0.4460,0.1881,0.0147,0,0.00,0.351,0.074,0.020,SHIFT
29.994,1992,placemove,0.7401,-0.0131,0.2372,0.0773,-0.0829,-0.0189,0.0918,0.0538,0.0793,-0.0643,-0.1638,-0.1304,1.000,0.000,0.0000,0.0000,0.9861,-0.2658,0.0328,1,13.30,2.085,0.778,0.773,SHIFT,0.9998,0.2838,0.1850,1,5.98,0.355,2.877,2.866,SHIFT,0.8001,-0.3711,0.0762,0,0.00,0.097,0.225,0.066,SHIFT,0.7014,0.3464,0.0435,0,0.00,0.327,0.237,0.054,SHIFT,0.4311,-0.1918,0.0152,0,0.00,0.294,0.094,0.009,SHIFT,0.4464,0.1887,0.0147,0,0.00,0.404,0.070,0.023,SHIFT
30.024,1996,placemove,0.7416,-0.0124,0.2385,0.0738,-0.0845,-0.0181,0.0788,0.0493,0.0683,-0.2099,0.0108,0.0060,1.000,0.000,0.0000,0.0000,0.9860,-0.2657,0.0328,1,9.92,0.593,1.823,1.892,SHIFT,0.9990,0.2832,0.1849,0,0.00,0.040,0.094,0.067,SHIFT,0.8006,-0.3708,0.0668,0,0.00,0.001,0.157,0.082,SHIFT,0.7019,0.3468,0.0410,0,0.00,0.055,0.171,0.046,SHIFT,0.4310,-0.1913,0.0156,0,0.00,0.085,0.129,0.026,SHIFT,0.4467,0.1890,0.0147,0,0.00,0.080,0.183,0.074,SHIFT
30.073,2000,placemove,0.7431,-0.0116,0.2399,0.0704,-0.0861,-0.0173,0.0805,0.0484,0.0706,-0.1929,-0.0387,0.0468,1.000,0.000,0.0000,0.0000,0.9859,-0.2656,0.0328,1,8.08,0.306,1.745,1.711,SHIFT,0.9976,0.2821,0.1847,1,1.25,0.014,0.136,0.128,SHIFT,0.8005,-0.3664,0.0573,0,0.00,0.026,0.240,0.029,SHIFT,0.7021,0.3470,0.0385,0,0.00,0.038,0.183,0.050,SHIFT,0.4310,-0.1911,0.0150,0,0.00,0.037,0.058,0.025,SHIFT,0.4467,0.1891,0.0148,0,0.00,0.059,0.175,0.073,SHIFT
30.094,2004,placemove,0.7444,-0.0109,0.2412,0.0669,-0.0875,-0.0166,0.0741,0.0479,0.0695,-0.1664,-0.0454,-0.0070,1.000,0.000,0.0000,0.0000,0.9859,-0.2655,0.0327,1,8.58,0.495,1.736,1.701,SHIFT,0.9952,0.2799,0.1839,1,0.52,0.046,0.173,0.183,SHIFT,0.7997,-0.3572,0.0476,0,0.00,0.011,0.205,0.030,SHIFT,0.7021,0.3472,0.0360,0,0.00,0.059,0.172,0.049,SHIFT,0.4307,-0.1910,0.0158,0,0.00,0.068,0.096,0.011,SHIFT,0.4467,0.1891,0.0148,0,0.00,0.018,0.268,0.166,SHIFT
30.153,2008,placemove,0.7460,-0.0102,0.2424,0.0632,-0.0889,-0.0164,0.0797,0.0574,0.0706,-0.1886,-0.0236,-0.0037,1.000,0.000,0.0000,0.0000,0.9858,-0.2655,0.0327,1,12.10,0.473,2.367,2.543,SHIFT,0.9904,0.2734,0.1819,0,0.00,0.007,0.009,0.100,SHIFT,0.7988,-0.3473,0.0385,0,0.00,0.006,0.156,0.023,SHIFT,0.7026,0.3474,0.0333,0,0.00,0.024,0.201,0.057,SHIFT,0.4307,-0.1908,0.0150,0,0.00,0.083,0.142,0.038,SHIFT,0.4466,0.1892,0.0147,0,0.00,0.055,0.179,0.081,SHIFT
30.182,2012,placemove,0.7477,-0.0091,0.2435,0.0584,-0.0902,-0.0164,0.0745,0.0784,0.0244,-0.1445,-0.2275,-0.1446,1.000,0.000,0.0000,0.0000,0.9858,-0.2654,0.0327,1,10.21,0.539,2.101,2.080,STANCE,0.9884,0.2710,0.1809,0,0.00,0.035,0.002,0.000,STANCE,0.7984,-0.3429,0.0353,0,0.00,0.018,0.025,0.010,STANCE,0.7029,0.3477,0.0301,0,0.00,0.024,0.218,0.061,STANCE,0.4305,-0.1906,0.0168,0,0.00,0.095,0.092,0.044,STANCE,0.4464,0.1895,0.0159,0,0.00,0.081,0.184,0.054,STANCE
30.242,2016,placemove,0.7478,-0.0069,0.2431,0.0518,-0.0948,-0.0186,-0.0411,0.1240,-0.0599,-0.3145,-0.4830,-0.2769,1.000,0.000,0.0000,0.0000,0.9858,-0.2653,0.0326,0,0.00,0.159,0.105,0.040,STANCE,0.9891,0.2718,0.1798,1,14.67,0.536,0.235,2.940,STANCE,0.7981,-0.3419,0.0347,0,0.00,0.155,0.009,0.015,STANCE,0.7032,0.3511,0.0351,0,0.00,0.105,0.232,0.091,SWING,0.4279,-0.1903,0.0276,0,0.00,0.091,0.059,0.120,STANCE,0.4437,0.1919,0.0239,0,0.00,0.071,0.090,0.109,STANCE
30.263,2020,placemove,0.7460,-0.0058,0.2411,0.0497,-0.1052,-0.0214,-0.1175,0.0528,-0.1831,-0.0083,-0.7279,-0.1625,1.000,0.000,0.0000,0.0000,0.9854,-0.2657,0.0315,0,0.00,0.003,0.063,0.023,STANCE,0.9892,0.2718,0.1796,1,0.60,0.150,0.086,0.087,STANCE,0.7973,-0.3414,0.0320,0,0.00,0.001,0.045,0.017,STANCE,0.7025,0.3557,0.0426,0,0.00,0.039,0.139,0.096,SWING,0.4251,-0.1895,0.0345,0,0.00,0.016,0.061,0.108,STANCE,0.4412,0.1947,0.0296,0,0.00,0.018,0.107,0.101,STANCE
30.336,2024,placemove,0.7430,-0.0039,0.2377,0.0445,-0.1230,-0.0227,-0.1948,0.1286,-0.2593,-0.3800,-0.9302,-0.1184,1.000,0.000,0.0000,0.0000,0.9855,-0.2656,0.0313,0,0.00,0.020,0.038,0.020,STANCE,0.9885,0.2724,0.1793,0,0.00,0.017,0.057,0.006,STANCE,0.7971,-0.3407,0.0289,0,0.00,0.016,0.088,0.022,STANCE,0.7015,0.3597,0.0479,0,0.00,0.016,0.110,0.099,SWING,0.4233,-0.1882,0.0379,0,0.00,0.004,0.317,0.205,STANCE,0.4393,0.1971,0.0314,0,0.00,0.030,0.179,0.088,STANCE
30.379,2028,placemove,0.7395,-0.0017,0.2326,0.0400,-0.1445,-0.0255,-0.2348,0.1530,-0.3382,-0.2775,-1.5001,-0.2337,1.000,0.000,0.0000,0.0000,0.9851,-0.2656,0.0301,1,0.84,0.048,0.016,0.157,STANCE,0.9877,0.2730,0.1780,0,0.00,0.014,0.007,0.001,STANCE,0.7965,-0.3397,0.0243,0,0.00,0.017,0.030,0.013,STANCE,0.7010,0.3636,0.0515,0,0.00,0.095,0.174,0.089,SWING,0.4261,-0.1839,0.0283,0,0.00,0.015,0.120,0.014,STANCE,0.4382,0.2002,0.0306,0,0.00,0.003,0.362,0.217,STANCE
30.433,2032,placemove,0.7354,0.0008,0.2256,0.0344,-0.1616,-0.0241,-0.2033,0.1575,-0.4271,-1.0475,0.2388,0.2622,1.000,0.000,0.0000,0.0000,0.9847,-0.2646,0.0271,0,0.00,0.021,0.044,0.027,STANCE,0.9855,0.2745,0.1752,0,0.00,0.161,0.912,0.082,STANCE,0.7960,-0.3381,0.0177,0,0.00,0.160,0.673,0.101,STANCE,0.7090,0.3699,0.0555,0,0.00,0.269,0.203,0.160,SWING,0.4263,-0.1810,0.0137,1,49.05,1.168,2.940,2.940,STANCE,0.4457,0.1992,0.0185,0,0.00,0.430,0.885,0.075,STANCE
30.452,2036,placemove,0.7326,0.0037,0.2166,0.0245,-0.1639,-0.0161,-0.1687,0.1748,-0.6132,-0.5195,-0.1532,0.3777,1.000,0.000,0.0000,0.0000,0.9833,-0.2654,0.0293,0,0.00,0.003,0.081,0.106,STANCE,0.9815,0.2778,0.1640,0,0.00,0.013,0.022,0.003,STANCE,0.7936,-0.3389,0.0204,0,0.00,0.003,0.082,0.145,STANCE,0.7183,0.3752,0.0570,0,0.00,0.106,0.098,0.106,SWING,0.4233,-0.1817,0.0154,0,0.00,0.006,0.138,0.089,STANCE,0.4422,0.1977,0.0155,0,0.00,0.016,0.144,0.156,STANCE
30.491,2040,placemove,0.7312,0.0060,0.2059,0.0231,-0.1658,-0.0135,0.0067,0.0816,-0.6565,-0.0261,-0.1743,0.0677,1.000,0.000,0.0000,0.0000,0.9829,-0.2666,0.0306,0,0.00,0.023,0.124,0.094,STANCE,0.9792,0.2808,0.1532,0,0.00,0.152,0.008,0.001,STANCE,0.7916,-0.3390,0.0212,0,0.00,0.066,0.084,0.144,STANCE,0.7305,0.3801,0.0598,0,0.00,0.229,0.092,0.120,SWING,0.4209,-0.1805,0.0162,0,0.00,0.081,0.136,0.108,STANCE,0.4403,0.1979,0.0149,1,11.52,0.026,1.562,2.940,STANCE
30.511,2044,placemove,0.7323,0.0067,0.1943,0.0233,-0.1661,-0.0135,0.0815,0.0330,-0.7462,0.0241,0.1435,-0.0356,1.000,0.000,0.0000,0.0000,0.9838,-0.2682,0.0296,0,0.00,0.032,0.470,0.239,STANCE,0.9801,0.2817,0.1420,0,0.00,0.034,0.024,0.004,STANCE,0.7913,-0.3379,0.0186,0,0.00,0.025,0.271,0.182,STANCE,0.7464,0.3818,0.0627,0,0.00,0.128,0.080,0.112,SWING,0.4213,-0.1795,0.0161,0,0.00,0.022,0.276,0.013,STANCE,0.4403,0.1979,0.0147,1,3.83,0.159,0.500,0.072,STANCE
30.572,2048,placemove,0.7341,0.0080,0.1819,0.0191,-0.1627,-0.0133,0.1129,0.1228,-0.7456,-0.3683,0.4084,-0.0014,1.000,0.000,0.0000,0.0000,0.9833,-0.2674,0.0253,0,0.00,0.023,0.151,0.156,STANCE,0.9817,0.2826,0.1279,0,0.00,0.001,0.059,0.007,STANCE,0.7909,-0.3355,0.0142,0,0.00,0.017,0.104,0.082,STANCE,0.7629,0.3815,0.0633,0,0.00,0.092,0.063,0.112,SWING,0.4188,-0.1798,0.0160,0,0.00,0.009,0.242,0.059,STANCE,0.4406,0.1978,0.0147,0,0.37,0.051,0.055,0.257,STANCE
30.629,2052,placemove,0.7366,0.0103,0.1689,0.0128,-0.1539,-0.0107,0.2096,0.1273,-0.7759,-0.7082,1.0540,-0.0138,1.000,0.000,0.0000,0.0000,0.9841,-0.2669,0.0224,0,0.00,0.003,0.430,0.221,STANCE,0.9830,0.2850,0.1117,0,0.00,0.064,0.352,0.031,STANCE,0.7909,-0.3353,0.0143,0,0.00,0.044,0.346,0.090,STANCE,0.7786,0.3804,0.0622,0,0.00,0.163,0.122,0.136,SWING,0.4187,-0.1793,0.0149,1,20.21,0.533,0.834,2.664,STANCE,0.4408,0.1978,0.0146,0,0.00,0.060,0.519,0.128,STANCE
30.690,2056,placemove,0.7408,0.0130,0.1569,-0.0029,-0.1322,-0.0093,0.2142,0.1093,-0.5272,-0.4508,1.0841,-0.0154,1.000,0.000,0.0000,0.0000,0.9822,-0.2629,0.0140,1,11.88,1.284,2.940,1.142,STANCE,0.9854,0.2865,0.0917,1,12.71,1.326,2.940,2.940,STANCE,0.7902,-0.3352,0.0177,0,0.00,0.014,0.134,0.127,STANCE,0.7955,0.3769,0.0564,0,0.00,0.026,0.626,0.102,SWING,0.4191,-0.1790,0.0146,1,7.07,2.005,2.940,2.024,STANCE,0.4366,0.2000,0.0143,1,35.03,2.940,2.940,2.940,STANCE
30.725,2060,placemove,0.7431,0.0123,0.1537,0.0079,-0.1213,-0.0101,0.0798,-0.1038,0.0239,1.2704,0.2825,0.1361,1.000,0.000,0.0000,0.0000,0.9825,-0.2630,0.0162,0,0.00,0.005,0.178,0.107,STANCE,0.9858,0.2866,0.0918,1,19.88,0.892,2.940,2.940,STANCE,0.7900,-0.3338,0.0218,0,0.00,0.002,0.114,0.108,STANCE,0.8136,0.3711,0.0467,0,0.00,0.068,0.177,0.109,SWING,0.4194,-0.1791,0.0144,1,22.99,0.604,2.940,1.347,STANCE,0.4366,0.2005,0.0161,0,0.00,0.073,0.131,0.003,STANCE
30.780,2064,placemove,0.7434,0.0094,0.1568,0.0288,-0.1138,-0.0113,0.0017,-0.2017,0.1783,0.8444,0.8138,-0.0266,1.000,0.000,0.0000,0.0000,0.9794,-0.2581,0.0160,0,0.00,0.048,0.329,0.010,SHIFT,0.9858,0.2863,0.0920,0,0.00,0.073,0.080,0.042,SHIFT,0.7886,-0.3324,0.0283,0,0.00,0.060,0.051,0.107,SHIFT,0.8231,0.3706,0.0464,0,0.00,0.021,0.077,0.102,SHIFT,0.4194,-0.1794,0.0144,0,0.00,0.008,0.118,0.033,SHIFT,0.4353,0.2000,0.0248,0,0.00,0.050,0.030,0.003,SHIFT
30.831,2068,placemove,0.7439,0.0075,0.1598,0.0292,-0.1190,-0.0133,0.0346,-0.1070,0.1045,0.0805,-0.2023,-0.1136,1.000,0.000,0.0000,0.0000,0.9772,-0.2587,0.0208,0,0.00,0.074,0.120,0.102,SHIFT,0.9853,0.2845,0.0954,0,0.00,0.075,0.007,0.003,SHIFT,0.7863,-0.3340,0.0388,0,0.00,0.086,0.118,0.030,SHIFT,0.8248,0.3704,0.0389,0,0.00,0.091,0.130,0.093,SHIFT,0.4190,-0.1805,0.0148,0,0.00,0.027,0.016,0.001,SHIFT,0.4347,0.1985,0.0271,0,0.00,0.039,0.022,0.007,SHIFT
30.896,2072,placemove,0.7450,0.0065,0.1605,0.0280,-0.1213,-0.0154,0.0930,-0.0010,0.0052,-0.0052,-0.0303,0.0051,1.000,0.000,0.0000,0.0000,0.9749,-0.2610,0.0323,0,0.00,0.218,0.041,0.062,SHIFT,0.9852,0.2827,0.0964,1,2.61,1.347,0.439,0.687,SHIFT,0.7855,-0.3354,0.0349,0,0.00,0.199,0.188,0.023,SHIFT,0.8265,0.3698,0.0278,0,0.00,0.043,0.023,0.121,SHIFT,0.4184,-0.1810,0.0148,1,2.91,0.765,0.161,0.746,SHIFT,0.4345,0.1978,0.0268,0,0.00,0.006,0.130,0.017,SHIFT
30.917,2076,placemove,0.7473,0.0066,0.1606,0.0289,-0.1210,-0.0151,0.1378,-0.0176,-0.0064,0.2413,0.1611,0.0416,1.000,0.000,0.0000,0.0000,0.9752,-0.2595,0.0260,0,0.00,0.052,0.178,0.037,SHIFT,0.9853,0.2827,0.0964,1,16.78,0.771,1.023,2.607,SHIFT,0.7869,-0.3349,0.0257,0,0.00,0.067,0.218,0.044,SHIFT,0.8280,0.3703,0.0163,0,0.00,0.058,0.015,0.109,SHIFT,0.4186,-0.1809,0.0146,1,6.61,0.526,1.193,2.714,SHIFT,0.4347,0.1980,0.0268,0,0.00,0.001,0.152,0.015,SHIFT
30.989,2080,placemove,0.7503,0.0045,0.1617,0.0495,-0.1123,-0.0139,0.2009,-0.1520,0.0372,1.4541,0.7332,0.2387,1.000,0.000,0.0000,0.0000,0.9763,-0.2578,0.0179,0,0.00,0.053,0.119,0.007,SHIFT,0.9851,0.2829,0.1005,0,0.00,0.087,0.010,0.000,SHIFT,0.7882,-0.3339,0.0174,0,0.00,0.063,0.122,0.011,SHIFT,0.8267,0.3679,0.0170,0,0.00,0.126,0.266,0.163,SHIFT,0.4189,-0.1811,0.0144,1,0.55,0.190,0.249,0.209,SHIFT,0.4342,0.1977,0.0333,0,0.00,0.052,0.003,0.003,SHIFT
31.067,2084,placemove,0.7532,0.0030,0.1620,0.0597,-0.1044,-0.0127,0.1133,-0.0351,0.0107,-0.1027,0.1359,0.0429,1.000,0.000,0.0000,0.0000,0.9765,-0.2570,0.0149,0,0.00,0.080,0.054,0.007,SHIFT,0.9849,0.2827,0.1022,0,0.00,0.076,0.003,0.003,SHIFT,0.7887,-0.3336,0.0151,0,0.00,0.085,0.063,0.015,SHIFT,0.8237,0.3621,0.0237,0,0.00,0.096,0.052,0.110,SHIFT,0.4192,-0.1818,0.0150,0,0.00,0.036,0.001,0.002,SHIFT,0.4337,0.1968,0.0389,0,0.00,0.038,0.015,0.005,SHIFT
31.109,2088,placemove,0.7553,0.0025,0.1604,0.0628,-0.0980,-0.0119,0.1628,-0.0041,-0.1375,0.1032,0.4663,0.0138,1.000,0.000,0.0000,0.0000,0.9755,-0.2578,0.0209,0,0.00,0.163,0.097,0.101,SHIFT,0.9843,0.2826,0.1002,0,0.00,0.154,0.036,0.018,SHIFT,0.7877,-0.3343,0.0208,0,0.00,0.156,0.082,0.068,SHIFT,0.8209,0.3561,0.0249,0,0.00,0.201,0.039,0.043,SHIFT,0.4189,-0.1824,0.0149,1,7.69,0.511,1.222,2.940,SHIFT,0.4328,0.1960,0.0397,0,0.00,0.165,0.005,0.012,SHIFT
31.157,2092,placemove,0.7586,0.0030,0.1578,0.0586,-0.0904,-0.0117,0.1222,0.0531,-0.0950,-1.2041,0.0382,-0.1595,1.000,0.000,0.0000,0.0000,0.9750,-0.2584,0.0281,0,0.00,0.153,0.528,0.106,SHIFT,0.9850,0.2831,0.0950,1,31.29,2.940,2.940,2.940,SHIFT,0.7886,-0.3337,0.0144,1,30.32,2.347,2.940,2.940,SHIFT,0.8212,0.3559,0.0158,0,0.00,0.055,0.330,0.034,SHIFT,0.4191,-0.1825,0.0152,0,0.00,0.137,0.014,0.018,SHIFT,0.4331,0.1960,0.0393,0,0.00,0.016,0.171,0.006,SHIFT
31.219,2096,placemove,0.7600,0.0033,0.1586,0.0584,-0.0929,-0.0128,0.0763,0.0156,-0.0074,0.1721,-0.1285,-0.0703,1.000,0.000,0.0000,0.0000,0.9733,-0.2587,0.0414,0,0.00,0.077,0.095,0.104,SHIFT,0.9849,0.2832,0.0952,0,0.00,0.080,0.011,0.005,SHIFT,0.7879,-0.3332,0.0183,0,0.00,0.087,0.098,0.103,SHIFT,0.8212,0.3564,0.0186,0,0.00,0.093,0.093,0.104,SHIFT,0.4188,-0.1823,0.0155,0,0.00,0.033,0.001,0.001,SHIFT,0.4331,0.1963,0.0385,0,0.00,0.039,0.005,0.003,SHIFT
31.239,2100,placemove,0.7620,0.0039,0.1575,0.0590,-0.0904,-0.0120,0.1547,0.0528,-0.1177,-0.0222,0.3474,0.1044,1.000,0.000,0.0000,0.0000,0.9718,-0.2575,0.0511,0,0.00,0.060,0.147,0.008,SHIFT,0.9845,0.2840,0.0940,0,0.00,0.085,0.015,0.000,SHIFT,0.7868,-0.3311,0.0283,0,0.00,0.066,0.101,0.104,SHIFT,0.8197,0.3574,0.0294,0,0.00,0.095,0.088,0.105,SHIFT,0.4188,-0.1819,0.0147,1,0.55,0.139,0.219,0.188,SHIFT,0.4327,0.1967,0.0381,0,0.00,0.051,0.029,0.003,SHIFT
31.285,2104,placemove,0.7649,0.0051,0.1546,0.0529,-0.0849,-0.0114,0.1834,0.0833,-0.2306,-0.5450,0.3906,-0.0520,1.000,0.000,0.0000,0.0000,0.9729,-0.2575,0.0479,0,0.00,0.068,0.221,0.025,STANCE,0.9848,0.2851,0.0885,0,0.00,0.086,0.012,0.001,STANCE,0.7866,-0.3333,0.0368,0,0.00,0.079,0.154,0.042,STANCE,0.8187,0.3575,0.0361,0,0.00,0.096,0.093,0.104,STANCE,0.4191,-0.1817,0.0147,0,0.17,0.061,0.032,0.044,STANCE,0.4328,0.1970,0.0361,0,0.00,0.043,0.030,0.003,STANCE
31.320,2108,placemove,0.7662,0.0050,0.1502,0.0596,-0.0921,-0.0110,0.0038,-0.0889,-0.3047,0.6918,-0.4745,0.0607,1.000,0.000,0.0000,0.0000,0.9756,-0.2562,0.0367,0,0.00,0.103,0.154,0.046,STANCE,0.9855,0.2852,0.0865,1,11.25,0.383,1.019,2.940,STANCE,0.7888,-0.3332,0.0328,0,0.00,0.082,0.023,0.006,STANCE,0.8190,0.3565,0.0404,0,0.00,0.025,0.094,0.018,STANCE,0.4222,-0.1810,0.0163,0,0.00,0.040,0.110,0.088,SWING,0.4342,0.1972,0.0307,0,0.00,0.075,0.043,0.009,STANCE
31.353,2112,placemove,0.7657,0.0028,0.1438,0.0728,-0.1000,-0.0114,-0.0347,-0.1330,-0.4524,0.8044,-0.4698,0.0593,1.000,0.000,0.0000,0.0000,0.9768,-0.2562,0.0257,0,0.00,0.005,0.080,0.013,STANCE,0.9854,0.2849,0.0859,0,0.00,0.006,0.014,0.000,STANCE,0.7898,-0.3338,0.0227,0,0.00,0.005,0.003,0.000,STANCE,0.8189,0.3556,0.0373,0,0.00,0.004,0.079,0.013,STANCE,0.4252,-0.1809,0.0165,0,0.00,0.011,0.110,0.100,SWING,0.4344,0.1961,0.0244,0,0.00,0.006,0.010,0.002,STANCE
31.392,2116,placemove,0.7649,0.0012,0.1364,0.0736,-0.1107,-0.0120,-0.0787,-0.0298,-0.2471,-0.4463,-0.7426,-0.0798,1.000,0.000,0.0000,0.0000,0.9777,-0.2574,0.0159,0,0.00,0.209,0.097,0.066,STANCE,0.9852,0.2837,0.0820,1,14.10,2.863,2.940,0.945,STANCE,0.7903,-0.3342,0.0146,1,31.98,0.968,2.940,2.940,STANCE,0.8195,0.3543,0.0280,0,0.00,0.038,1.022,0.091,STANCE,0.4223,-0.1842,0.0177,0,0.00,0.028,0.408,0.057,SWING,0.4348,0.1945,0.0138,1,42.17,2.940,2.940,2.940,STANCE
31.506,2120,placemove,0.7646,0.0021,0.1387,0.0645,-0.1116,-0.0128,-0.0282,0.0828,0.2250,-0.5908,0.1688,-0.0396,1.000,0.000,0.0000,0.0000,0.9780,-0.2576,0.0135,0,0.00,0.006,0.148,0.040,STANCE,0.9853,0.2833,0.0807,0,0.00,0.004,0.016,0.001,STANCE,0.7902,-0.3352,0.0157,0,0.00,0.003,0.125,0.028,STANCE,0.8208,0.3545,0.0185,0,0.00,0.007,0.214,0.046,STANCE,0.4082,-0.1906,0.0374,0,0.00,0.029,0.029,0.004,SWING,0.4348,0.1946,0.0134,0,0.00,0.003,0.086,0.027,STANCE
31.525,2124,placemove,0.7640,0.0032,0.1413,0.0611,-0.1097,-0.0136,-0.0395,0.0429,0.1027,0.2313,0.0295,-0.0438,1.000,0.000,0.0000,0.0000,0.9772,-0.2572,0.0146,0,0.00,0.047,0.082,0.015,STANCE,0.9848,0.2839,0.0815,0,0.00,0.037,0.004,0.001,STANCE,0.7894,-0.3348,0.0173,0,0.00,0.052,0.009,0.018,STANCE,0.8207,0.3551,0.0148,0,0.00,0.040,0.053,0.029,STANCE,0.4094,-0.1935,0.0546,0,0.00,0.340,0.093,0.106,SWING,0.4344,0.1953,0.0152,0,0.00,0.060,0.002,0.000,STANCE
31.565,2128,placemove,0.7633,0.0040,0.1411,0.0644,-0.1052,-0.0161,-0.0407,0.0494,-0.0816,0.1672,0.2653,-0.1258,1.000,0.000,0.0000,0.0000,0.9739,-0.2559,0.0233,0,0.00,0.093,0.091,0.102,STANCE,0.9845,0.2845,0.0818,0,0.00,0.073,0.001,0.001,STANCE,0.7874,-0.3338,0.0178,0,0.00,0.103,0.001,0.015,STANCE,0.8191,0.3555,0.0262,0,0.00,0.080,0.099,0.107,STANCE,0.4183,-0.2005,0.0659,0,0.00,0.628,0.102,0.108,SWING,0.4336,0.1972,0.0173,0,0.00,0.118,0.009,0.000,STANCE
31.611,2132,placemove,0.7627,0.0051,0.1386,0.0589,-0.1029,-0.0174,-0.0246,0.0917,-0.1630,-1.2357,-0.0533,0.0146,1.000,0.000,0.0000,0.0000,0.9704,-0.2551,0.0323,0,0.00,0.010,0.106,0.056,STANCE,0.9844,0.2847,0.0782,0,0.00,0.007,0.016,0.001,STANCE,0.7857,-0.3329,0.0145,0,0.00,0.006,0.191,0.054,STANCE,0.8176,0.3545,0.0344,0,0.00,0.012,0.213,0.006,STANCE,0.4308,-0.2110,0.0753,0,0.00,0.074,0.095,0.109,SWING,0.4331,0.1987,0.0155,0,0.00,0.013,0.015,0.002,STANCE
31.746,2136,placemove,0.7639,0.0073,0.1387,0.0406,-0.0935,-0.0160,0.0072,0.0708,0.0936,-0.5545,0.0378,-0.0609,1.000,0.000,0.0000,0.0000,0.9714,-0.2573,0.0345,0,0.00,0.217,0.245,0.020,STANCE,0.9851,0.2856,0.0707,1,13.44,0.153,2.940,2.940,STANCE,0.7859,-0.3328,0.0146,1,8.44,1.763,0.862,0.923,STANCE,0.8183,0.3557,0.0256,0,0.00,0.039,0.721,0.049,STANCE,0.4467,-0.2211,0.0920,0,0.00,0.103,0.244,0.140,SWING,0.4331,0.1989,0.0145,1,4.18,2.710,0.788,0.092,STANCE
31.831,2140,placemove,0.7633,0.0082,0.1410,0.0319,-0.0959,-0.0154,-0.0386,0.0356,0.1485,-0.2359,-0.3167,0.0224,1.000,0.000,0.0000,0.0000,0.9717,-0.2573,0.0323,0,0.00,0.079,0.171,0.030,STANCE,0.9850,0.2858,0.0699,1,1.47,0.153,0.731,0.083,STANCE,0.7859,-0.3328,0.0148,0,0.08,0.130,0.042,0.039,STANCE,0.8190,0.3559,0.0174,0,0.00,0.028,0.395,0.056,STANCE,0.4603,-0.2267,0.1054,0,0.00,0.066,0.007,0.121,SWING,0.4331,0.1990,0.0144,1,2.63,0.344,0.253,0.882,STANCE
31.901,2144,placemove,0.7618,0.0081,0.1446,0.0317,-0.1037,-0.0155,-0.0968,-0.0219,0.1927,0.1224,-0.3612,0.0137,1.000,0.000,0.0000,0.0000,0.9716,-0.2573,0.0315,0,0.00,0.002,0.084,0.034,STANCE,0.9848,0.2858,0.0695,0,0.00,0.002,0.075,0.031,STANCE,0.7856,-0.3329,0.0150,0,0.00,0.001,0.022,0.024,STANCE,0.8193,0.3559,0.0151,0,0.00,0.008,0.042,0.041,STANCE,0.4661,-0.2226,0.1153,0,0.00,0.007,0.125,0.098,SWING,0.4327,0.1991,0.0148,0,0.00,0.004,0.016,0.012,STANCE
31.920,2148,placemove,0.7602,0.0078,0.1465,0.0310,-0.1047,-0.0153,-0.0895,-0.0157,0.0501,-0.1925,0.2547,-0.0037,1.000,0.000,0.0000,0.0000,0.9706,-0.2576,0.0309,0,0.00,0.001,0.109,0.030,STANCE,0.9838,0.2855,0.0689,0,0.00,0.003,0.103,0.028,STANCE,0.7845,-0.3332,0.0158,0,0.00,0.000,0.110,0.026,STANCE,0.8183,0.3556,0.0155,0,0.00,0.006,0.095,0.029,STANCE,0.4716,-0.2176,0.1157,0,0.00,0.001,0.079,0.101,SWING,0.4316,0.1988,0.0155,0,0.00,0.003,0.103,0.022,STANCE
31.963,2152,placemove,0.7590,0.0075,0.1456,0.0329,-0.1008,-0.0179,-0.0719,-0.0215,-0.1306,0.1158,0.3245,-0.1581,1.000,0.000,0.0000,0.0000,0.9680,-0.2584,0.0319,0,0.00,0.011,0.188,0.030,STANCE,0.9826,0.2847,0.0705,0,0.00,0.004,0.264,0.041,STANCE,0.7816,-0.3335,0.0175,0,0.00,0.012,0.225,0.038,STANCE,0.8169,0.3550,0.0198,0,0.00,0.007,0.077,0.107,STANCE,0.4785,-0.2111,0.1008,0,0.00,0.024,0.109,0.105,SWING,0.4302,0.1994,0.0173,0,0.00,0.007,0.107,0.025,STANCE
31.981,2156,placemove,0.7578,0.0071,0.1423,0.0324,-0.0998,-0.0204,-0.0675,-0.0227,-0.2704,-0.0540,0.0060,-0.1502,1.000,0.000,0.0000,0.0000,0.9652,-0.2595,0.0292,0,0.00,0.068,0.054,0.008,SHIFT,0.9817,0.2835,0.0678,0,0.00,0.059,0.072,0.011,SHIFT,0.7785,-0.3339,0.0152,0,0.00,0.072,0.056,0.006,SHIFT,0.8149,0.3533,0.0281,0,0.00,0.066,0.102,0.102,SHIFT,0.4860,-0.2034,0.0850,0,0.00,0.046,0.089,0.101,SHIFT,0.4289,0.2002,0.0150,0,0.00,0.026,0.016,0.004,SHIFT
32.044,2160,placemove,0.7605,0.0082,0.1418,0.0223,-0.0915,-0.0188,0.2617,0.0909,0.0259,-0.6175,0.6349,0.1692,1.000,0.000,0.0000,0.0000,0.9646,-0.2597,0.0249,0,0.00,0.070,0.169,0.027,SHIFT,0.9822,0.2835,0.0588,0,0.00,0.081,0.170,0.027,SHIFT,0.7781,-0.3340,0.0141,0,0.00,0.141,0.118,0.027,SHIFT,0.8145,0.3538,0.0289,0,0.00,0.089,0.104,0.002,SHIFT,0.4947,-0.1956,0.0765,0,0.00,0.051,0.072,0.013,SHIFT,0.4289,0.2004,0.0141,0,0.00,0.045,0.113,0.035,SHIFT
32.065,2164,placemove,0.7650,0.0097,0.1414,0.0103,-0.0751,-0.0167,0.2716,0.0937,-0.0884,-0.7462,1.1373,0.0275,1.000,0.000,0.0000,0.0000,0.9658,-0.2594,0.0193,0,0.00,0.078,0.160,0.029,SHIFT,0.9837,0.2842,0.0468,0,0.00,0.074,0.127,0.025,SHIFT,0.7785,-0.3339,0.0145,0,0.00,0.100,0.102,0.028,SHIFT,0.8155,0.3542,0.0196,0,0.00,0.083,0.128,0.025,SHIFT,0.5000,-0.1923,0.0728,0,0.00,0.052,0.082,0.004,SHIFT,0.4294,0.2005,0.0144,0,0.00,0.048,0.106,0.035,SHIFT
32.135,2168,placemove,0.7687,0.0105,0.1410,0.0048,-0.0627,-0.0157,0.1217,-0.0250,0.0736,0.0322,0.2533,0.0165,1.000,0.000,0.0000,0.0000,0.9663,-0.2592,0.0144,1,4.11,1.256,0.748,0.013,SHIFT,0.9846,0.2846,0.0375,0,0.00,0.041,0.004,0.002,SHIFT,0.7789,-0.3338,0.0148,0,0.00,0.005,0.011,0.013,SHIFT,0.8159,0.3543,0.0136,1,5.78,1.220,0.225,0.929,SHIFT,0.5046,-0.1892,0.0673,0,0.00,0.042,0.030,0.010,SHIFT,0.4297,0.2007,0.0161,0,0.00,0.032,0.017,0.013,SHIFT
32.170,2172,placemove,0.7708,0.0101,0.1403,0.0062,-0.0557,-0.0154,0.1246,-0.0252,-0.1266,0.1632,0.5688,0.0219,1.000,0.000,0.0000,0.0000,0.9653,-0.2594,0.0186,0,0.00,0.085,0.080,0.106,SHIFT,0.9841,0.2843,0.0369,0,0.00,0.083,0.058,0.005,SHIFT,0.7779,-0.3333,0.0205,0,0.00,0.089,0.158,0.010,SHIFT,0.8149,0.3538,0.0192,0,0.00,0.096,0.138,0.076,SHIFT,0.5082,-0.1868,0.0587,0,0.00,0.052,0.110,0.007,SHIFT,0.4289,0.2005,0.0211,0,0.00,0.041,0.063,0.021,SHIFT
32.206,2176,placemove,0.7729,0.0097,0.1370,0.0067,-0.0479,-0.0151,0.1212,-0.0253,-0.2507,0.0059,0.3456,0.0151,1.000,0.000,0.0000,0.0000,0.9642,-0.2597,0.0210,0,0.00,0.083,0.026,0.014,SHIFT,0.9834,0.2841,0.0319,0,0.00,0.082,0.079,0.011,SHIFT,0.7769,-0.3342,0.0211,0,0.00,0.085,0.055,0.001,SHIFT,0.8137,0.3538,0.0239,0,0.00,0.091,0.011,0.019,SHIFT,0.5121,-0.1840,0.0480,0,0.00,0.052,0.110,0.007,SHIFT,0.4281,0.2002,0.0207,0,0.00,0.037,0.064,0.011,SHIFT
32.254,2180,placemove,0.7749,0.0095,0.1320,0.0022,-0.0452,-0.0148,0.1359,0.0588,-0.2233,-0.9972,-0.1414,-0.0389,1.000,0.000,0.0000,0.0000,0.9639,-0.2600,0.0143,1,25.78,2.847,1.837,2.940,SHIFT,0.9832,0.2835,0.0229,0,0.00,0.195,0.309,0.046,SHIFT,0.7766,-0.3346,0.0147,1,0.71,0.560,0.130,0.239,SHIFT,0.8134,0.3534,0.0163,0,0.00,0.254,0.396,0.046,SHIFT,0.5168,-0.1811,0.0349,0,0.00,0.086,0.041,0.043,SHIFT,0.4278,0.1996,0.0142,1,37.96,2.940,2.940,2.940,SHIFT
32.330,2184,placemove,0.7771,0.0097,0.1334,0.0024,-0.0429,-0.0147,0.1201,0.0041,0.0590,0.0136,0.1225,-0.0320,1.000,0.000,0.0000,0.0000,0.9640,-0.2601,0.0140,1,1.85,0.587,0.214,0.610,SHIFT,0.9834,0.2836,0.0200,0,0.00,0.103,0.063,0.013,SHIFT,0.7768,-0.3347,0.0149,0,0.00,0.013,0.051,0.006,SHIFT,0.8136,0.3534,0.0148,0,0.00,0.114,0.005,0.009,SHIFT,0.5223,-0.1772,0.0274,0,0.00,0.015,0.070,0.004,SHIFT,0.4280,0.1997,0.0142,0,0.00,0.088,0.042,0.017,SHIFT
32.369,2188,placemove,0.7790,0.0096,0.1338,0.0024,-0.0426,-0.0145,0.0987,0.0007,0.0114,-0.0767,0.0093,-0.0100,1.000,0.000,0.0000,0.0000,0.9640,-0.2602,0.0141,0,0.00,0.011,0.097,0.003,SHIFT,0.9835,0.2836,0.0178,0,0.00,0.073,0.093,0.010,SHIFT,0.7767,-0.3348,0.0149,1,13.31,0.727,1.357,0.994,SHIFT,0.8136,0.3534,0.0149,1,8.97,0.490,1.540,0.063,SHIFT,0.5255,-0.1751,0.0228,0,0.00,0.030,0.107,0.001,SHIFT,0.4281,0.1996,0.0143,0,0.00,0.063,0.074,0.051,SHIFT
32.408,2192,placemove,0.7810,0.0096,0.1338,0.0020,-0.0421,-0.0145,0.1037,-0.0005,-0.0040,-0.0149,0.0376,0.0054,1.000,0.000,0.0000,0.0000,0.9640,-0.2602,0.0143,1,5.91,0.792,0.574,0.526,SHIFT,0.9836,0.2836,0.0153,0,0.00,0.010,0.097,0.007,SHIFT,0.7767,-0.3348,0.0148,1,0.88,0.489,0.092,0.046,SHIFT,0.8136,0.3534,0.0148,1,6.27,1.187,0.679,0.521,SHIFT,0.5258,-0.1749,0.0227,0,0.00,0.018,0.040,0.002,SHIFT,0.4280,0.1997,0.0145,0,0.00,0.014,0.068,0.019,SHIFT
32.500,2196,placemove,0.7827,0.0094,0.1334,0.0030,-0.0434,-0.0145,0.1163,-0.0140,-0.0709,0.0548,-0.0653,-0.0119,1.000,0.000,0.0000,0.0000,0.9638,-0.2603,0.0149,1,2.87,0.801,0.643,0.186,STANCE,0.9835,0.2836,0.0151,0,0.00,0.184,0.003,0.004,STANCE,0.7766,-0.3348,0.0151,0,0.00,0.165,0.026,0.014,STANCE,0.8134,0.3534,0.0158,0,0.00,0.195,0.011,0.013,STANCE,0.5256,-0.1750,0.0219,0,0.00,0.101,0.006,0.019,STANCE,0.4278,0.1996,0.0150,1,7.66,0.770,0.085,1.557,STANCE
32.598,2200,placemove,0.7834,0.0094,0.1325,0.0033,-0.0444,-0.0150,0.0089,-0.0049,-0.0452,0.0587,0.0241,0.0171,1.000,0.000,0.0000,0.0000,0.9640,-0.2604,0.0150,0,0.07,0.011,0.023,0.031,STANCE,0.9841,0.2834,0.0152,0,0.00,0.002,0.046,0.001,STANCE,0.7767,-0.3348,0.0150,0,0.10,0.045,0.073,0.016,STANCE,0.8141,0.3533,0.0148,0,0.00,0.002,0.043,0.002,STANCE,0.5259,-0.1748,0.0206,0,0.00,0.010,0.007,0.000,STANCE,0.4298,0.1992,0.0224,0,0.00,0.005,0.081,0.106,SWING
32.633,2204,placemove,0.7835,0.0093,0.1300,0.0043,-0.0423,-0.0148,0.0072,-0.0045,-0.2026,0.0585,-0.0344,0.0161,1.000,0.000,0.0000,0.0000,0.9637,-0.2603,0.0160,0,0.00,0.001,0.027,0.010,STANCE,0.9837,0.2835,0.0164,0,0.00,0.002,0.040,0.004,STANCE,0.7764,-0.3348,0.0164,0,0.00,0.001,0.032,0.008,STANCE,0.8137,0.3534,0.0167,0,0.00,0.001,0.027,0.009,STANCE,0.5258,-0.1748,0.0188,0,0.00,0.001,0.006,0.000,STANCE,0.4322,0.1978,0.0325,0,0.00,0.002,0.102,0.102,SWING
32.718,2208,placemove,0.7829,0.0094,0.1293,0.0028,-0.0480,-0.0147,-0.0406,0.0006,0.0016,-0.1549,-0.3841,0.0000,1.000,0.000,0.0000,0.0000,0.9636,-0.2604,0.0185,0,0.00,0.001,0.135,0.039,STANCE,0.9839,0.2834,0.0150,0,0.00,0.001,0.045,0.005,STANCE,0.7765,-0.3349,0.0150,0,0.00,0.002,0.014,0.010,STANCE,0.8139,0.3533,0.0146,0,0.00,0.002,0.062,0.003,STANCE,0.5259,-0.1748,0.0165,0,0.00,0.000,0.007,0.001,STANCE,0.4307,0.1980,0.0423,0,0.00,0.001,0.058,0.008,SWING
32.748,2212,placemove,0.7821,0.0094,0.1296,0.0030,-0.0541,-0.0144,-0.0435,0.0022,0.0713,-0.0205,-0.2954,0.0031,1.000,0.000,0.0000,0.0000,0.9636,-0.2604,0.0196,0,0.00,0.014,0.157,0.011,STANCE,0.9838,0.2834,0.0154,0,0.00,0.015,0.128,0.008,STANCE,0.7765,-0.3349,0.0146,1,5.10,0.190,0.986,0.240,STANCE,0.8138,0.3533,0.0145,1,4.91,0.147,0.824,0.077,STANCE,0.5258,-0.1749,0.0151,0,0.00,0.011,0.043,0.002,STANCE,0.4181,0.2030,0.0589,0,0.00,0.038,0.078,0.039,SWING
32.790,2216,placemove,0.7811,0.0093,0.1309,0.0033,-0.0603,-0.0137,-0.0701,-0.0123,0.0204,-0.0096,-0.3368,0.0734,1.000,0.000,0.0000,0.0000,0.9637,-0.2604,0.0185,0,0.00,0.047,0.073,0.014,STANCE,0.9835,0.2834,0.0155,0,0.00,0.058,0.043,0.014,STANCE,0.7765,-0.3350,0.0149,0,0.00,0.056,0.078,0.001,STANCE,0.8133,0.3532,0.0151,0,0.00,0.065,0.051,0.008,STANCE,0.5257,-0.1751,0.0150,0,0.00,0.065,0.001,0.002,STANCE,0.4214,0.2064,0.0704,0,0.00,0.414,0.118,0.101,SWING
32.849,2220,placemove,0.7806,0.0095,0.1318,0.0034,-0.0623,-0.0131,-0.0521,-0.0123,0.1876,0.0047,-0.2762,-0.0097,1.000,0.000,0.0000,0.0000,0.9639,-0.2600,0.0155,0,0.00,0.000,0.388,0.034,STANCE,0.9831,0.2838,0.0147,1,4.30,0.533,0.444,0.293,STANCE,0.7766,-0.3349,0.0147,1,13.80,0.103,2.801,0.590,STANCE,0.8128,0.3534,0.0145,1,6.80,0.131,0.882,0.282,STANCE,0.5256,-0.1751,0.0150,0,0.00,0.019,0.179,0.002,STANCE,0.4321,0.2165,0.0808,0,0.00,0.229,0.104,0.109,SWING
32.917,2224,placemove,0.7797,0.0094,0.1335,0.0028,-0.0663,-0.0132,-0.0531,-0.0025,0.0246,-0.0414,-0.1684,0.0014,1.000,0.000,0.0000,0.0000,0.9637,-0.2602,0.0153,0,0.00,0.003,0.028,0.012,STANCE,0.9828,0.2837,0.0156,0,0.00,0.003,0.038,0.006,STANCE,0.7763,-0.3349,0.0154,0,0.00,0.004,0.048,0.003,STANCE,0.8125,0.3533,0.0149,0,0.00,0.003,0.043,0.004,STANCE,0.5252,-0.1753,0.0161,0,0.00,0.004,0.004,0.000,STANCE,0.4458,0.2291,0.0917,0,0.00,0.081,0.099,0.108,SWING
32.940,2228,placemove,0.7789,0.0094,0.1324,0.0015,-0.0677,-0.0131,-0.0310,0.0105,-0.1082,-0.2228,0.1287,0.0249,1.000,0.000,0.0000,0.0000,0.9630,-0.2603,0.0166,0,0.00,0.118,0.050,0.000,STANCE,0.9820,0.2836,0.0166,0,0.00,0.002,0.137,0.005,STANCE,0.7756,-0.3351,0.0166,0,0.00,0.124,0.211,0.010,STANCE,0.8116,0.3532,0.0164,0,0.00,0.022,0.057,0.014,STANCE,0.5246,-0.1755,0.0149,1,15.42,0.070,0.044,2.940,STANCE,0.4606,0.2403,0.1000,0,0.00,0.164,0.299,0.079,SWING
33.030,2232,placemove,0.7781,0.0095,0.1341,0.0009,-0.0713,-0.0132,-0.0563,0.0118,0.0902,-0.0806,-0.2094,-0.0302,1.000,0.000,0.0000,0.0000,0.9629,-0.2602,0.0154,0,0.00,0.007,0.001,0.011,STANCE,0.9817,0.2836,0.0154,0,0.00,0.008,0.002,0.008,STANCE,0.7756,-0.3351,0.0149,0,0.00,0.008,0.005,0.011,STANCE,0.8113,0.3532,0.0149,0,0.00,0.009,0.000,0.008,STANCE,0.5242,-0.1756,0.0156,0,0.00,0.009,0.002,0.001,STANCE,0.4764,0.2497,0.1098,0,0.00,0.048,0.107,0.106,SWING
33.049,2236,placemove,0.7773,0.0099,0.1339,-0.0005,-0.0726,-0.0167,-0.0432,0.0273,-0.0771,-0.0874,-0.1023,-0.2661,1.000,0.000,0.0000,0.0000,0.9614,-0.2606,0.0179,0,0.00,0.003,0.001,0.026,STANCE,0.9818,0.2832,0.0172,0,0.00,0.006,0.001,0.026,STANCE,0.7738,-0.3349,0.0176,0,0.00,0.004,0.022,0.031,STANCE,0.8116,0.3533,0.0168,0,0.00,0.007,0.022,0.032,STANCE,0.5231,-0.1746,0.0156,0,0.00,0.006,0.003,0.001,STANCE,0.4866,0.2505,0.1178,0,0.00,0.034,0.094,0.103,SWING
33.129,2240,placemove,0.7772,0.0098,0.1340,-0.0000,-0.0723,-0.0171,-0.0270,-0.0023,0.2068,-0.0221,-0.0682,0.0323,1.000,0.000,0.0000,0.0000,0.9609,-0.2608,0.0146,0,0.00,0.021,0.105,0.038,STANCE,0.9822,0.2830,0.0143,0,0.00,0.014,0.118,0.023,STANCE,0.7732,-0.3348,0.0146,1,10.52,0.130,0.781,1.218,STANCE,0.8120,0.3533,0.0145,1,5.91,0.164,1.635,0.762,STANCE,0.5226,-0.1742,0.0151,0,0.00,0.069,0.055,0.010,STANCE,0.4936,0.2455,0.1161,0,0.00,0.095,0.046,0.089,SWING
33.163,2244,placemove,0.7767,0.0098,0.1355,0.0000,-0.0698,-0.0165,-0.0237,-0.0019,0.0019,0.0162,0.3464,0.0335,1.000,0.000,0.0000,0.0000,0.9602,-0.2609,0.0171,0,0.00,0.012,0.287,0.003,STANCE,0.9815,0.2829,0.0172,0,0.00,0.007,0.295,0.006,STANCE,0.7725,-0.3348,0.0173,0,0.00,0.010,0.348,0.014,STANCE,0.8114,0.3533,0.0174,0,0.00,0.005,0.344,0.014,STANCE,0.5219,-0.1742,0.0175,0,0.00,0.001,0.048,0.004,STANCE,0.5013,0.2392,0.1028,0,0.00,0.007,0.140,0.109,SWING
33.195,2248,placemove,0.7764,0.0098,0.1345,0.0000,-0.0692,-0.0160,-0.0188,-0.0015,-0.1278,-0.0038,-0.0436,0.0274,1.000,0.000,0.0000,0.0000,0.9591,-0.2609,0.0172,0,0.00,0.070,0.059,0.007,SHIFT,0.9804,0.2829,0.0173,0,0.00,0.061,0.059,0.008,SHIFT,0.7714,-0.3348,0.0177,0,0.00,0.071,0.065,0.006,SHIFT,0.8103,0.3533,0.0177,0,0.00,0.066,0.064,0.007,SHIFT,0.5209,-0.1742,0.0170,0,0.00,0.046,0.005,0.007,SHIFT,0.5097,0.2317,0.0888,0,0.00,0.047,0.083,0.100,SHIFT
33.282,2252,placemove,0.7769,0.0098,0.1337,-0.0004,-0.0718,-0.0154,0.0943,0.0161,0.0749,0.0039,-0.1197,0.0505,1.000,0.000,0.0000,0.0000,0.9581,-0.2608,0.0145,0,0.00,0.073,0.005,0.016,SHIFT,0.9793,0.2830,0.0144,0,0.00,0.091,0.009,0.019,SHIFT,0.7704,-0.3349,0.0146,0,0.00,0.070,0.016,0.015,SHIFT,0.8092,0.3533,0.0145,0,0.00,0.100,0.030,0.017,SHIFT,0.5198,-0.1742,0.0147,0,0.32,0.167,0.072,0.028,SHIFT,0.5137,0.2274,0.0757,0,0.00,0.070,0.094,0.012,SHIFT
33.333,2256,placemove,0.7788,0.0100,0.1336,-0.0006,-0.0727,-0.0147,0.1333,-0.0113,-0.0370,0.0109,0.1213,0.0147,1.000,0.000,0.0000,0.0000,0.9583,-0.2605,0.0152,0,0.00,0.079,0.090,0.006,SHIFT,0.9792,0.2833,0.0151,0,0.00,0.015,0.012,0.005,SHIFT,0.7706,-0.3346,0.0150,0,0.00,0.091,0.058,0.005,SHIFT,0.8090,0.3534,0.0148,1,4.72,0.963,0.457,1.576,SHIFT,0.5200,-0.1741,0.0147,1,1.45,0.708,0.102,0.403,SHIFT,0.5160,0.2258,0.0652,0,0.00,0.017,0.004,0.002,SHIFT
33.412,2260,placemove,0.7804,0.0100,0.1340,-0.0004,-0.0740,-0.0144,0.1031,0.0269,0.0178,0.0192,-0.0979,0.0529,1.000,0.000,0.0000,0.0000,0.9583,-0.2605,0.0151,0,0.00,0.144,0.016,0.001,SHIFT,0.9791,0.2833,0.0150,0,0.00,0.136,0.002,0.017,SHIFT,0.7705,-0.3347,0.0152,0,0.00,0.125,0.007,0.010,SHIFT,0.8089,0.3534,0.0151,0,0.00,0.167,0.009,0.011,SHIFT,0.5200,-0.1741,0.0147,1,7.84,0.212,1.012,2.889,SHIFT,0.5181,0.2242,0.0550,0,0.00,0.166,0.057,0.009,SHIFT
33.577,2264,placemove,0.7823,0.0106,0.1349,-0.0017,-0.0740,-0.0134,0.0777,0.0119,0.1354,-0.0399,-0.2462,-0.0176,1.000,0.000,0.0000,0.0000,0.9586,-0.2599,0.0146,0,0.00,0.087,0.035,0.033,SHIFT,0.9789,0.2840,0.0139,0,0.00,0.082,0.047,0.028,SHIFT,0.7710,-0.3342,0.0145,0,0.00,0.092,0.061,0.032,SHIFT,0.8086,0.3540,0.0141,0,0.00,0.086,0.064,0.026,SHIFT,0.5201,-0.1739,0.0147,0,0.00,0.049,0.001,0.011,SHIFT,0.5203,0.2228,0.0451,0,0.00,0.061,0.116,0.003,SHIFT
33.596,2268,placemove,0.7837,0.0108,0.1355,-0.0020,-0.0776,-0.0137,0.0772,0.0125,-0.0355,-0.0362,-0.2149,-0.0180,1.000,0.000,0.0000,0.0000,0.9584,-0.2597,0.0162,0,0.00,0.089,0.042,0.007,SHIFT,0.9788,0.2841,0.0156,0,0.00,0.083,0.002,0.003,SHIFT,0.7708,-0.3340,0.0155,0,0.00,0.087,0.013,0.007,SHIFT,0.8085,0.3542,0.0151,0,0.00,0.087,0.003,0.005,SHIFT,0.5199,-0.1737,0.0152,0,0.00,0.051,0.022,0.012,SHIFT,0.5238,0.2205,0.0347,0,0.00,0.061,0.108,0.018,SHIFT
33.703,2272,placemove,0.7856,0.0117,0.1352,-0.0100,-0.0754,-0.0137,0.0917,0.0312,0.1131,-0.1855,-0.0247,0.0090,1.000,0.000,0.0000,0.0000,0.9582,-0.2598,0.0142,1,1.00,0.523,0.050,0.174,SHIFT,0.9785,0.2840,0.0149,1,3.86,0.047,0.156,0.840,SHIFT,0.7705,-0.3341,0.0148,0,0.00,0.071,0.034,0.043,SHIFT,0.8082,0.3541,0.0147,1,3.95,0.878,0.514,1.395,SHIFT,0.5198,-0.1736,0.0147,0,0.00,0.076,0.090,0.060,SHIFT,0.5269,0.2185,0.0226,0,0.00,0.069,0.042,0.001,SHIFT
33.788,2276,placemove,0.7872,0.0122,0.1357,-0.0095,-0.0725,-0.0135,0.0988,0.0492,0.0188,0.3717,0.5215,0.1161,1.000,0.000,0.0000,0.0000,0.9578,-0.2594,0.0145,1,18.71,2.940,2.940,0.469,SHIFT,0.9779,0.2845,0.0152,0,0.00,0.051,0.184,0.008,SHIFT,0.7701,-0.3336,0.0153,0,0.00,0.319,0.176,0.011,SHIFT,0.8076,0.3546,0.0155,0,0.00,0.045,0.025,0.006,SHIFT,0.5191,-0.1733,0.0160,0,0.00,0.194,0.135,0.036,SHIFT,0.5306,0.2158,0.0139,1,9.86,1.280,2.940,1.790,SHIFT
33.889,2280,placemove,0.7889,0.0125,0.1363,-0.0009,-0.0611,-0.0141,0.0896,0.0106,-0.0088,0.9190,1.2083,-0.0298,1.000,0.000,0.0000,0.0000,0.9562,-0.2581,0.0177,0,0.00,0.100,0.006,0.067,SHIFT,0.9764,0.2859,0.0160,0,0.00,0.100,0.245,0.005,SHIFT,0.7687,-0.3323,0.0161,0,0.00,0.101,0.321,0.045,SHIFT,0.8059,0.3559,0.0212,0,0.00,0.095,0.051,0.021,SHIFT,0.5179,-0.1721,0.0168,0,0.00,0.051,0.006,0.004,SHIFT,0.5364,0.2115,0.0143,0,0.01,0.058,0.094,0.032,SHIFT
33.931,2284,placemove,0.7903,0.0132,0.1358,0.0081,-0.0442,-0.0148,0.0995,0.0650,0.0001,-0.1842,0.1780,0.0368,1.000,0.000,0.0000,0.0000,0.9532,-0.2562,0.0134,1,6.09,1.290,2.940,2.260,SHIFT,0.9737,0.2877,0.0163,0,0.00,0.099,0.039,0.001,SHIFT,0.7657,-0.3304,0.0140,0,0.00,0.042,0.081,0.019,SHIFT,0.8034,0.3578,0.0228,0,0.00,0.107,0.083,0.015,SHIFT,0.5152,-0.1701,0.0172,0,0.00,0.012,0.151,0.013,SHIFT,0.5404,0.2087,0.0143,1,6.70,0.799,2.940,2.302,SHIFT
33.991,2288,placemove,0.7919,0.0141,0.1359,0.0088,-0.0410,-0.0137,0.0881,0.0427,-0.0287,0.1356,0.2106,0.1050,1.000,0.000,0.0000,0.0000,0.9528,-0.2552,0.0137,0,0.00,0.106,0.107,0.043,STANCE,0.9727,0.2889,0.0155,0,0.00,0.094,0.148,0.005,STANCE,0.7653,-0.3294,0.0150,0,0.00,0.094,0.145,0.007,STANCE,0.8025,0.3588,0.0212,0,0.00,0.088,0.008,0.004,STANCE,0.5148,-0.1693,0.0165,0,0.00,0.049,0.008,0.003,STANCE,0.5409,0.2084,0.0146,0,0.00,0.056,0.093,0.008,STANCE
34.041,2292,placemove,0.7929,0.0143,0.1343,0.0082,-0.0389,-0.0151,0.0170,-0.0253,-0.1232,0.4715,-0.1072,0.0450,1.000,0.000,0.0000,0.0000,0.9526,-0.2548,0.0170,0,0.00,0.071,0.040,0.043,SWING,0.9732,0.2887,0.0147,1,8.18,0.686,1.213,2.940,STANCE,0.7649,-0.3291,0.0158,0,0.00,0.035,0.054,0.009,STANCE,0.8032,0.3590,0.0183,0,0.00,0.053,0.083,0.004,STANCE,0.5147,-0.1687,0.0150,0,0.00,0.039,0.040,0.014,STANCE,0.5418,0.2085,0.0150,0,0.00,0.092,0.037,0.008,STANCE
34.120,2296,placemove,0.7933,0.0144,0.1342,0.0066,-0.0357,-0.0150,0.0069,0.0100,0.0160,-0.0829,0.0618,0.0077,1.000,0.000,0.0000,0.0000,0.9519,-0.2532,0.0275,0,0.00,0.019,0.123,0.105,SWING,0.9732,0.2888,0.0149,1,7.09,0.277,0.522,0.750,STANCE,0.7650,-0.3291,0.0146,1,1.87,0.265,0.036,0.294,STANCE,0.8034,0.3590,0.0155,0,0.00,0.013,0.163,0.016,STANCE,0.5148,-0.1687,0.0143,1,3.99,0.189,0.672,0.060,STANCE,0.5419,0.2085,0.0165,0,0.00,0.017,0.087,0.007,STANCE
34.176,2300,placemove,0.7934,0.0143,0.1350,0.0077,-0.0351,-0.0148,0.0199,-0.0052,0.0343,0.0974,0.2071,0.0298,1.000,0.000,0.0000,0.0000,0.9507,-0.2506,0.0393,0,0.00,0.085,0.049,0.105,SWING,0.9732,0.2888,0.0155,0,0.00,0.042,0.029,0.004,STANCE,0.7650,-0.3291,0.0145,1,6.06,1.471,1.208,0.294,STANCE,0.8034,0.3590,0.0146,0,0.00,0.048,0.111,0.010,STANCE,0.5148,-0.1687,0.0143,0,0.00,0.060,0.139,0.004,STANCE,0.5419,0.2085,0.0150,1,14.24,1.451,1.007,1.254,STANCE
34.264,2304,placemove,0.7935,0.0141,0.1359,0.0085,-0.0339,-0.0147,-0.0044,-0.0034,0.0208,0.0253,-0.0210,0.0066,1.000,0.000,0.0000,0.0000,0.9500,-0.2483,0.0506,0,0.00,0.074,0.136,0.028,SWING,0.9733,0.2888,0.0147,1,2.14,0.040,0.479,0.151,STANCE,0.7650,-0.3291,0.0144,1,2.14,0.211,0.305,0.038,STANCE,0.8034,0.3590,0.0151,0,0.00,0.007,0.014,0.006,STANCE,0.5148,-0.1687,0.0148,1,1.46,0.301,0.197,0.033,STANCE,0.5419,0.2085,0.0151,0,0.00,0.005,0.025,0.004,STANCE
34.331,2308,placemove,0.7935,0.0140,0.1361,0.0094,-0.0334,-0.0146,-0.0014,-0.0186,0.0457,0.1227,0.0024,0.0083,1.000,0.000,0.0000,0.0000,0.9605,-0.2535,0.0596,0,0.00,0.090,0.124,0.059,SWING,0.9733,0.2889,0.0148,0,0.00,0.006,0.005,0.005,STANCE,0.7650,-0.3291,0.0143,1,6.45,0.170,1.214,0.147,STANCE,0.8034,0.3590,0.0149,1,6.48,0.115,0.863,0.217,STANCE,0.5148,-0.1687,0.0150,0,0.00,0.004,0.056,0.000,STANCE,0.5419,0.2085,0.0149,0,0.00,0.004,0.019,0.001,STANCE
34.394,2312,placemove,0.7936,0.0139,0.1361,0.0099,-0.0332,-0.0145,0.0167,-0.0022,-0.0170,-0.0121,0.1482,-0.0064,1.000,0.000,0.0000,0.0000,0.9777,-0.2603,0.0657,0,0.00,0.154,0.049,0.087,SWING,0.9732,0.2888,0.0151,0,0.00,0.059,0.020,0.006,STANCE,0.7650,-0.3292,0.0143,0,0.00,0.040,0.052,0.001,STANCE,0.8034,0.3590,0.0148,1,6.50,1.082,1.272,0.240,STANCE,0.5148,-0.1687,0.0149,1,10.69,1.157,1.005,0.722,STANCE,0.5419,0.2085,0.0150,0,0.00,0.041,0.142,0.011,STANCE
34.505,2316,placemove,0.7937,0.0138,0.1365,0.0112,-0.0328,-0.0141,-0.0057,-0.0021,-0.0046,0.0302,0.0274,-0.0395,1.000,0.000,0.0000,0.0000,0.9826,-0.2659,0.0618,0,0.00,0.229,0.097,0.095,SWING,0.9732,0.2889,0.0149,1,5.78,0.436,0.440,0.619,STANCE,0.7653,-0.3292,0.0150,1,1.53,0.520,0.344,0.090,STANCE,0.8033,0.3590,0.0161,0,0.00,0.028,0.076,0.006,STANCE,0.5150,-0.1689,0.0149,1,1.16,0.077,0.512,0.429,STANCE,0.5420,0.2084,0.0149,0,0.00,0.028,0.041,0.001,STANCE
34.597,2320,placemove,0.7936,0.0136,0.1366,0.0121,-0.0327,-0.0143,-0.0040,-0.0111,0.0091,0.0821,-0.0025,-0.0054,1.000,0.000,0.0000,0.0000,0.9680,-0.2682,0.0504,0,0.00,0.083,0.054,0.051,SWING,0.9732,0.2888,0.0151,0,0.00,0.002,0.008,0.001,STANCE,0.7651,-0.3292,0.0149,1,4.27,0.049,0.417,0.380,STANCE,0.8034,0.3590,0.0147,1,3.61,0.042,0.313,0.341,STANCE,0.5149,-0.1688,0.0149,0,0.00,0.001,0.018,0.001,STANCE,0.5420,0.2084,0.0152,0,0.00,0.006,0.004,0.001,STANCE
34.659,2324,placemove,0.7936,0.0135,0.1368,0.0131,-0.0325,-0.0144,-0.0023,-0.0200,0.0771,0.1521,0.0085,0.0036,1.000,0.000,0.0000,0.0000,0.9547,-0.2612,0.0491,0,0.00,0.178,0.106,0.103,SWING,0.9732,0.2888,0.0149,1,3.30,0.660,0.258,0.224,STANCE,0.7650,-0.3292,0.0147,1,4.73,0.651,0.556,0.247,STANCE,0.8034,0.3590,0.0147,0,0.00,0.034,0.070,0.001,STANCE,0.5149,-0.1688,0.0149,0,0.00,0.018,0.092,0.002,STANCE,0.5419,0.2084,0.0149,1,7.91,0.261,0.923,0.281,STANCE
34.722,2328,placemove,0.7936,0.0134,0.1367,0.0139,-0.0324,-0.0144,0.0161,0.0091,-0.0410,-0.0472,0.1291,0.0094,1.000,0.000,0.0000,0.0000,0.9522,-0.2575,0.0598,0,0.00,0.043,0.121,0.103,SWING,0.9732,0.2888,0.0150,0,0.00,0.022,0.019,0.002,STANCE,0.7650,-0.3292,0.0147,1,4.58,0.465,0.446,0.346,STANCE,0.8034,0.3590,0.0154,0,0.00,0.029,0.045,0.004,STANCE,0.5149,-0.1689,0.0150,0,0.00,0.002,0.057,0.006,STANCE,0.5420,0.2084,0.0149,1,4.94,0.542,0.362,0.478,STANCE
34.821,2332,placemove,0.7937,0.0132,0.1365,0.0148,-0.0320,-0.0147,0.0129,0.0044,-0.0633,-0.0243,0.0347,0.0104,1.000,0.000,0.0000,0.0000,0.9515,-0.2527,0.0699,0,0.00,0.149,0.180,0.015,SWING,0.9733,0.2887,0.0150,0,0.00,0.081,0.036,0.006,STANCE,0.7649,-0.3293,0.0149,1,3.69,1.127,0.382,1.170,STANCE,0.8035,0.3589,0.0152,0,0.00,0.062,0.032,0.001,STANCE,0.5148,-0.1688,0.0149,1,4.14,0.866,0.218,0.518,STANCE,0.5420,0.2084,0.0157,0,0.00,0.026,0.010,0.007,STANCE
34.922,2336,placemove,0.7941,0.0131,0.1358,0.0167,-0.0288,-0.0148,0.0318,-0.0234,0.0213,0.1637,0.2415,0.0100,1.000,0.000,0.0000,0.0000,0.9643,-0.2560,0.0778,0,0.00,0.084,0.183,0.019,SWING,0.9733,0.2887,0.0152,0,0.00,0.009,0.027,0.013,STANCE,0.7648,-0.3292,0.0148,1,13.11,0.353,1.793,0.490,STANCE,0.8036,0.3590,0.0149,1,11.40,0.276,1.671,0.279,STANCE,0.5147,-0.1687,0.0157,0,0.00,0.017,0.065,0.006,STANCE,0.5421,0.2085,0.0150,0,0.00,0.001,0.035,0.003,STANCE
34.967,2340,placemove,0.7942,0.0129,0.1354,0.0171,-0.0271,-0.0147,-0.0007,-0.0107,-0.0920,-0.1368,0.0889,-0.0039,1.000,0.000,0.0000,0.0000,0.9817,-0.2620,0.0832,0,0.00,0.097,0.017,0.090,SWING,0.9733,0.2885,0.0160,0,0.00,0.003,0.193,0.047,STANCE,0.7648,-0.3292,0.0162,0,0.00,0.002,0.199,0.036,STANCE,0.8035,0.3587,0.0163,0,0.00,0.004,0.167,0.043,STANCE,0.5147,-0.1688,0.0150,0,0.00,0.001,0.015,0.001,STANCE,0.5420,0.2084,0.0154,0,0.00,0.000,0.009,0.001,STANCE
35.031,2344,placemove,0.7950,0.0131,0.1349,0.0147,-0.0202,-0.0147,0.0718,0.0024,-0.0574,-0.0027,0.5040,0.0238,1.000,0.000,0.0000,0.0000,0.9797,-0.2698,0.0761,0,0.00,0.118,0.094,0.095,SWING,0.9732,0.2884,0.0162,0,0.00,0.017,0.090,0.001,STANCE,0.7645,-0.3295,0.0195,0,0.00,0.006,0.102,0.007,STANCE,0.8035,0.3587,0.0170,0,0.00,0.015,0.097,0.007,STANCE,0.5146,-0.1688,0.0155,0,0.00,0.007,0.049,0.006,STANCE,0.5421,0.2084,0.0149,1,1.36,0.064,0.176,0.432,STANCE
35.080,2348,placemove,0.7959,0.0126,0.1338,0.0175,-0.0145,-0.0149,0.0693,-0.0488,-0.0697,0.4311,0.5104,0.0111,1.000,0.000,0.0000,0.0000,0.9655,-0.2724,0.0624,0,0.00,0.019,0.253,0.093,SWING,0.9735,0.2882,0.0166,0,0.00,0.043,0.110,0.035,STANCE,0.7647,-0.3296,0.0163,0,0.00,0.119,0.079,0.006,STANCE,0.8038,0.3586,0.0150,1,17.20,0.293,1.581,1.238,STANCE,0.5149,-0.1689,0.0149,1,7.50,0.834,1.151,0.118,STANCE,0.5423,0.2083,0.0184,0,0.00,0.117,0.149,0.046,STANCE
35.129,2352,placemove,0.7969,0.0127,0.1338,0.0161,-0.0072,-0.0148,0.0477,0.0123,0.0546,-0.0708,0.3557,0.0051,1.000,0.000,0.0000,0.0000,0.9557,-0.2647,0.0600,0,0.00,0.050,0.104,0.101,SWING,0.9736,0.2881,0.0159,0,0.00,0.006,0.143,0.001,STANCE,0.7649,-0.3296,0.0146,1,2.75,0.113,0.698,0.349,STANCE,0.8039,0.3585,0.0148,1,5.67,0.326,0.695,0.254,STANCE,0.5150,-0.1690,0.0177,0,0.00,0.011,0.019,0.003,STANCE,0.5424,0.2082,0.0191,0,0.00,0.025,0.138,0.006,STANCE
35.183,2356,placemove,0.7970,0.0125,0.1346,0.0171,-0.0059,-0.0147,-0.0072,-0.0203,-0.0122,0.0202,0.0043,0.0011,1.000,0.000,0.0000,0.0000,0.9537,-0.2597,0.0706,0,0.00,0.004,0.106,0.103,SWING,0.9736,0.2881,0.0154,0,0.00,0.001,0.136,0.012,STANCE,0.7648,-0.3297,0.0153,0,0.00,0.002,0.211,0.005,STANCE,0.8039,0.3585,0.0163,0,0.00,0.002,0.172,0.000,STANCE,0.5150,-0.1690,0.0172,0,0.00,0.001,0.021,0.005,STANCE,0.5424,0.2082,0.0179,0,0.00,0.000,0.045,0.007,STANCE
35.261,2360,placemove,0.7971,0.0122,0.1337,0.0175,-0.0030,-0.0150,0.0296,-0.0108,0.0760,0.1494,0.1896,0.0167,1.000,0.000,0.0000,0.0000,0.9548,-0.2542,0.0790,0,0.00,0.539,0.248,0.077,SWING,0.9734,0.2877,0.0144,1,35.86,0.548,2.940,2.940,STANCE,0.7643,-0.3300,0.0148,1,32.18,1.270,2.940,2.940,STANCE,0.8037,0.3582,0.0148,1,21.04,0.697,1.931,1.213,STANCE,0.5148,-0.1690,0.0145,1,13.96,0.085,0.250,2.620,STANCE,0.5422,0.2081,0.0150,1,11.69,1.279,0.988,0.661,STANCE
35.322,2364,placemove,0.7971,0.0121,0.1338,0.0175,-0.0028,-0.0149,-0.0002,-0.0056,-0.0618,0.0861,-0.0162,0.0378,1.000,0.000,0.0000,0.0000,0.9698,-0.2584,0.0890,0,0.00,0.082,0.095,0.072,SWING,0.9735,0.2877,0.0147,1,3.31,0.097,0.063,0.535,STANCE,0.7644,-0.3300,0.0152,0,0.00,0.003,0.060,0.008,STANCE,0.8038,0.3581,0.0151,0,0.00,0.012,0.036,0.001,STANCE,0.5146,-0.1691,0.0151,0,0.00,0.008,0.055,0.005,STANCE,0.5423,0.2081,0.0153,0,0.00,0.016,0.001,0.003,STANCE
35.423,2368,placemove,0.7970,0.0121,0.1337,0.0177,-0.0028,-0.0150,-0.0646,0.0324,0.0185,-0.1538,-0.0818,-0.1503,1.000,0.000,0.0000,0.0000,0.9853,-0.2631,0.0947,1,17.31,2.940,0.395,2.940,SWING,0.9734,0.2877,0.0149,0,0.00,0.009,0.004,0.009,STANCE,0.7644,-0.3300,0.0150,0,0.00,0.277,0.047,0.005,STANCE,0.8038,0.3582,0.0149,1,4.78,1.022,0.070,1.044,STANCE,0.5146,-0.1692,0.0151,0,0.00,0.229,0.016,0.015,STANCE,0.5423,0.2081,0.0149,0,0.00,0.086,0.075,0.027,STANCE
35.472,2372,placemove,0.7970,0.0123,0.1331,0.0143,-0.0042,-0.0146,0.0037,0.0060,-0.1140,-0.4593,-0.1208,0.0263,1.000,0.000,0.0000,0.0000,0.9760,-0.2737,0.0870,0,0.00,0.122,0.176,0.086,SWING,0.9734,0.2875,0.0161,0,0.00,0.004,0.271,0.007,STANCE,0.7643,-0.3302,0.0161,0,0.00,0.004,0.099,0.013,STANCE,0.8038,0.3579,0.0157,0,0.00,0.002,0.208,0.018,STANCE,0.5146,-0.1693,0.0154,0,0.00,0.003,0.042,0.005,STANCE,0.5423,0.2079,0.0159,0,0.00,0.002,0.172,0.041,STANCE
35.548,2376,placemove,0.7974,0.0125,0.1318,0.0108,-0.0003,-0.0144,-0.0124,0.0166,0.0945,-0.0756,-0.1023,0.0012,1.000,0.000,0.0000,0.0000,0.9613,-0.2740,0.0749,0,0.00,0.311,0.081,0.101,SWING,0.9734,0.2872,0.0144,1,26.47,1.737,2.661,2.189,STANCE,0.7644,-0.3304,0.0145,1,21.69,0.557,2.940,0.995,STANCE,0.8038,0.3577,0.0153,0,0.00,0.098,0.213,0.003,STANCE,0.5147,-0.1695,0.0146,0,0.00,0.054,0.059,0.016,STANCE,0.5422,0.2076,0.0171,0,0.00,0.065,0.098,0.004,STANCE
35.639,2380,placemove,0.7973,0.0125,0.1332,0.0105,-0.0009,-0.0144,-0.0007,-0.0010,0.0357,-0.0011,-0.0005,0.0024,1.000,0.000,0.0000,0.0000,0.9556,-0.2662,0.0786,0,0.00,0.019,0.112,0.103,SWING,0.9734,0.2872,0.0147,0,0.00,0.004,0.034,0.004,STANCE,0.7644,-0.3305,0.0144,1,2.66,0.030,0.664,0.292,STANCE,0.8038,0.3577,0.0149,1,2.66,0.004,0.800,0.438,STANCE,0.5146,-0.1696,0.0151,0,0.00,0.005,0.025,0.003,STANCE,0.5422,0.2076,0.0155,0,0.00,0.001,0.103,0.010,STANCE
35.783,2384,placemove,0.7976,0.0124,0.1331,0.0106,0.0013,-0.0143,0.0198,-0.0080,-0.0724,-0.0513,0.1193,-0.0012,1.000,0.000,0.0000,0.0000,0.9537,-0.2598,0.0878,0,0.00,0.000,0.086,0.104,SWING,0.9734,0.2871,0.0149,0,0.00,0.000,0.072,0.002,STANCE,0.7644,-0.3305,0.0149,0,0.00,0.000,0.116,0.009,STANCE,0.8038,0.3576,0.0154,0,0.00,0.001,0.071,0.004,STANCE,0.5146,-0.1697,0.0153,0,0.00,0.000,0.033,0.001,STANCE,0.5422,0.2075,0.0153,0,0.00,0.001,0.072,0.003,STANCE
35.886,2388,placemove,0.7983,0.0121,0.1330,0.0127,0.0062,-0.0142,0.0375,-0.0105,0.0361,0.1002,0.2789,0.0027,1.000,0.000,0.0000,0.0000,0.9589,-0.2555,0.0956,0,0.00,0.086,0.131,0.065,SWING,0.9734,0.2871,0.0149,1,2.03,0.557,0.748,0.523,STANCE,0.7645,-0.3306,0.0147,1,4.90,0.726,0.631,0.188,STANCE,0.8038,0.3576,0.0149,1,0.52,0.222,0.194,0.155,STANCE,0.5147,-0.1697,0.0149,0,0.00,0.034,0.034,0.002,STANCE,0.5423,0.2074,0.0164,0,0.00,0.017,0.071,0.006,STANCE
35.947,2392,placemove,0.7985,0.0121,0.1334,0.0134,0.0080,-0.0142,0.0237,-0.0066,0.0261,0.0890,0.2322,0.0175,1.000,0.000,0.0000,0.0000,0.9754,-0.2604,0.1061,0,0.00,0.199,0.047,0.094,SWING,0.9735,0.2872,0.0149,1,0.77,0.371,0.181,0.095,STANCE,0.7646,-0.3306,0.0146,1,6.18,1.584,1.502,0.578,STANCE,0.8038,0.3576,0.0149,0,0.00,0.053,0.121,0.006,STANCE,0.5147,-0.1697,0.0151,0,0.00,0.069,0.212,0.003,STANCE,0.5423,0.2075,0.0149,1,16.89,1.212,1.153,1.555,STANCE
36.015,2396,placemove,0.7988,0.0123,0.1329,0.0103,0.0101,-0.0150,0.0125,0.0034,-0.0104,-0.0222,-0.0008,0.0456,1.000,0.000,0.0000,0.0000,0.9854,-0.2648,0.1111,0,0.00,0.030,0.147,0.005,SWING,0.9737,0.2869,0.0148,0,0.00,0.072,0.169,0.005,STANCE,0.7643,-0.3306,0.0168,0,0.00,0.045,0.150,0.012,STANCE,0.8041,0.3575,0.0149,1,18.59,2.422,2.122,1.045,STANCE,0.5146,-0.1695,0.0149,1,7.30,1.980,2.031,1.002,STANCE,0.5425,0.2076,0.0152,0,0.00,0.058,0.195,0.020,STANCE
36.093,2400,placemove,0.7993,0.0122,0.1317,0.0104,0.0133,-0.0148,0.0349,0.0080,-0.1062,-0.4320,0.2154,-0.0284,1.000,0.000,0.0000,0.0000,0.9750,-0.2780,0.1011,0,0.00,0.109,0.182,0.113,SWING,0.9738,0.2868,0.0156,0,0.00,0.002,0.344,0.021,STANCE,0.7645,-0.3307,0.0147,1,20.63,0.313,0.781,2.940,STANCE,0.8042,0.3574,0.0158,0,0.00,0.031,0.379,0.028,STANCE,0.5147,-0.1697,0.0161,0,0.00,0.124,0.108,0.002,STANCE,0.5426,0.2075,0.0150,0,0.00,0.100,0.195,0.005,STANCE
36.143,2404,placemove,0.7994,0.0123,0.1314,0.0092,0.0141,-0.0148,-0.0050,-0.0012,-0.0037,0.0070,-0.0396,0.0068,1.000,0.000,0.0000,0.0000,0.9607,-0.2741,0.0890,0,0.00,0.192,0.065,0.103,SWING,0.9739,0.2867,0.0145,1,0.56,0.127,0.086,0.198,STANCE,0.7645,-0.3307,0.0145,1,5.68,0.372,0.261,0.887,STANCE,0.8043,0.3573,0.0147,1,4.08,0.143,0.393,0.353,STANCE,0.5148,-0.1697,0.0159,0,0.00,0.002,0.099,0.005,STANCE,0.5427,0.2075,0.0153,0,0.00,0.004,0.008,0.003,STANCE
36.244,2408,placemove,0.7999,0.0122,0.1323,0.0100,0.0172,-0.0146,0.0240,-0.0064,0.0253,0.0655,0.1793,0.0046,1.000,0.000,0.0000,0.0000,0.9572,-0.2665,0.0938,0,0.00,0.015,0.119,0.104,SWING,0.9740,0.2867,0.0144,1,2.81,0.534,0.146,0.385,STANCE,0.7645,-0.3307,0.0145,1,3.05,0.417,0.094,0.507,STANCE,0.8044,0.3573,0.0151,0,0.00,0.031,0.014,0.006,STANCE,0.5148,-0.1697,0.0150,0,0.00,0.024,0.030,0.012,STANCE,0.5427,0.2075,0.0150,0,0.00,0.009,0.037,0.017,STANCE
36.322,2412,placemove,0.8000,0.0122,0.1322,0.0104,0.0178,-0.0146,0.0090,-0.0130,0.0750,0.1286,0.0718,0.0002,1.000,0.000,0.0000,0.0000,0.9554,-0.2588,0.1020,0,0.00,0.002,0.061,0.000,SWING,0.9740,0.2867,0.0146,0,0.00,0.116,0.170,0.001,STANCE,0.7646,-0.3307,0.0147,1,10.67,0.907,1.758,0.054,STANCE,0.8044,0.3573,0.0149,1,13.28,2.162,1.283,0.887,STANCE,0.5148,-0.1697,0.0150,0,0.00,0.098,0.238,0.009,STANCE,0.5427,0.2075,0.0146,1,16.45,1.217,1.066,1.529,STANCE
36.407,2416,placemove,0.8003,0.0120,0.1322,0.0103,0.0195,-0.0158,0.0138,-0.0096,-0.0747,0.0047,0.0548,-0.1205,1.000,0.000,0.0000,0.0000,0.9648,-0.2588,0.1116,0,0.00,0.086,0.070,0.065,SWING,0.9744,0.2864,0.0152,0,0.00,0.005,0.027,0.009,STANCE,0.7643,-0.3308,0.0156,0,0.00,0.001,0.029,0.009,STANCE,0.8049,0.3572,0.0152,0,0.00,0.004,0.022,0.008,STANCE,0.5147,-0.1695,0.0151,0,0.00,0.001,0.013,0.004,STANCE,0.5430,0.2076,0.0154,0,0.00,0.000,0.018,0.007,STANCE
36.490,2420,placemove,0.8004,0.0121,0.1314,0.0087,0.0204,-0.0158,0.0202,0.0035,0.0395,-0.0030,0.1706,0.0287,1.000,0.000,0.0000,0.0000,0.9816,-0.2630,0.1231,0,0.00,0.163,0.055,0.095,SWING,0.9747,0.2862,0.0148,1,1.45,0.715,0.226,0.027,STANCE,0.7642,-0.3309,0.0146,1,5.64,1.007,1.253,0.403,STANCE,0.8052,0.3571,0.0148,0,0.00,0.054,0.110,0.005,STANCE,0.5147,-0.1694,0.0163,0,0.00,0.057,0.113,0.014,STANCE,0.5432,0.2077,0.0147,1,13.23,0.065,1.100,1.025,STANCE
36.561,2424,placemove,0.8006,0.0121,0.1316,0.0088,0.0217,-0.0153,0.0016,-0.0006,-0.0008,0.0036,0.0110,0.0148,1.000,0.000,0.0000,0.0000,0.9799,-0.2725,0.1219,0,0.00,0.129,0.072,0.097,SWING,0.9747,0.2862,0.0147,1,3.22,0.274,0.287,0.276,STANCE,0.7642,-0.3309,0.0145,1,5.12,0.123,0.875,0.039,STANCE,0.8052,0.3571,0.0149,1,0.56,0.252,0.178,0.136,STANCE,0.5148,-0.1695,0.0155,0,0.00,0.006,0.104,0.008,STANCE,0.5432,0.2077,0.0148,1,3.18,0.016,0.469,0.025,STANCE
36.642,2428,placemove,0.8008,0.0121,0.1315,0.0087,0.0232,-0.0150,0.0011,0.0004,-0.0273,0.0079,0.0378,0.0110,1.000,0.000,0.0000,0.0000,0.9667,-0.2798,0.1120,0,0.00,0.418,0.029,0.055,SWING,0.9747,0.2862,0.0146,1,6.60,0.334,1.081,0.006,STANCE,0.7643,-0.3310,0.0149,1,3.80,0.153,0.296,0.387,STANCE,0.8052,0.3570,0.0151,0,0.00,0.017,0.015,0.005,STANCE,0.5148,-0.1695,0.0149,1,5.44,0.526,0.544,0.411,STANCE,0.5433,0.2076,0.0153,0,0.00,0.006,0.002,0.006,STANCE
36.735,2432,placemove,0.8011,0.0120,0.1317,0.0098,0.0252,-0.0148,0.0239,-0.0099,-0.0323,0.0695,0.1825,0.0005,1.000,0.000,0.0000,0.0000,0.9597,-0.2711,0.1029,0,0.00,0.005,0.041,0.095,SWING,0.9747,0.2862,0.0149,1,0.80,0.281,0.316,0.152,STANCE,0.7643,-0.3309,0.0148,1,4.15,0.039,0.373,0.384,STANCE,0.8052,0.3571,0.0152,0,0.00,0.045,0.081,0.002,STANCE,0.5148,-0.1695,0.0153,0,0.00,0.037,0.027,0.001,STANCE,0.5432,0.2076,0.0151,0,0.00,0.048,0.081,0.003,STANCE
36.803,2436,placemove,0.8012,0.0119,0.1318,0.0101,0.0262,-0.0147,0.0212,-0.0060,0.0277,0.0476,0.1385,0.0083,1.000,0.000,0.0000,0.0000,0.9574,-0.2630,0.1106,0,0.00,0.001,0.107,0.076,SWING,0.9747,0.2862,0.0148,0,0.00,0.006,0.009,0.006,STANCE,0.7643,-0.3309,0.0147,0,0.00,0.000,0.001,0.005,STANCE,0.8052,0.3571,0.0148,0,0.42,0.027,0.115,0.070,STANCE,0.5148,-0.1695,0.0146,0,0.21,0.032,0.081,0.067,STANCE,0.5433,0.2076,0.0149,0,0.00,0.002,0.020,0.013,STANCE
36.879,2440,placemove,0.8014,0.0119,0.1314,0.0103,0.0270,-0.0147,0.0009,-0.0011,0.0019,0.0055,0.0166,0.0018,1.000,0.000,0.0000,0.0000,0.9606,-0.2610,0.1193,0,0.00,0.413,0.117,0.037,SWING,0.9749,0.2861,0.0149,1,4.32,0.077,0.718,0.034,STANCE,0.7644,-0.3309,0.0149,1,4.63,0.663,0.512,0.266,STANCE,0.8053,0.3570,0.0149,1,3.13,0.167,0.485,0.013,STANCE,0.5148,-0.1695,0.0148,1,2.48,0.374,0.687,0.376,STANCE,0.5434,0.2077,0.0151,0,0.00,0.002,0.097,0.010,STANCE
36.929,2444,placemove,0.8017,0.0118,0.1314,0.0112,0.0295,-0.0146,0.0005,0.0002,-0.0370,0.0046,0.0174,0.0034,1.000,0.000,0.0000,0.0000,0.9759,-0.2634,0.1305,0,0.00,0.061,0.177,0.090,SWING,0.9749,0.2861,0.0149,1,6.77,0.764,0.830,0.293,STANCE,0.7644,-0.3309,0.0148,1,6.26,0.646,0.870,0.182,STANCE,0.8054,0.3570,0.0153,0,0.00,0.033,0.049,0.005,STANCE,0.5149,-0.1695,0.0156,0,0.00,0.026,0.017,0.004,STANCE,0.5434,0.2077,0.0152,0,0.00,0.010,0.029,0.001,STANCE
37.065,2448,placemove,0.8021,0.0117,0.1318,0.0121,0.0316,-0.0142,0.0383,-0.0068,0.0102,0.0098,0.1166,0.0808,1.000,0.000,0.0000,0.0000,0.9855,-0.2669,0.1384,0,0.00,0.075,0.005,0.005,SWING,0.9749,0.2862,0.0149,1,3.82,0.287,0.452,1.347,STANCE,0.7645,-0.3310,0.0147,0,0.00,0.039,0.013,0.008,STANCE,0.8054,0.3571,0.0147,0,0.00,0.006,0.027,0.003,STANCE,0.5149,-0.1695,0.0150,0,0.00,0.004,0.008,0.013,STANCE,0.5434,0.2077,0.0150,0,0.33,0.144,0.104,0.071,STANCE
37.143,2452,placemove,0.8027,0.0116,0.1310,0.0123,0.0333,-0.0132,0.0183,-0.0009,0.0258,0.0028,0.1317,-0.0079,1.000,0.000,0.0000,0.0000,0.9757,-0.2810,0.1309,0,0.00,0.253,0.048,0.009,SWING,0.9751,0.2863,0.0147,1,25.66,1.344,2.940,1.380,STANCE,0.7654,-0.3311,0.0147,1,11.65,0.981,1.879,0.012,STANCE,0.8054,0.3570,0.0149,0,0.00,0.100,0.151,0.004,STANCE,0.5156,-0.1699,0.0149,1,7.24,0.204,1.268,0.084,STANCE,0.5436,0.2072,0.0151,0,0.00,0.076,0.078,0.009,STANCE
37.231,2456,placemove,0.8028,0.0115,0.1310,0.0126,0.0338,-0.0137,-0.0081,0.0029,-0.0512,0.0056,0.0087,0.0230,1.000,0.000,0.0000,0.0000,0.9642,-0.2771,0.1171,0,0.00,0.095,0.052,0.107,SWING,0.9753,0.2862,0.0149,1,4.63,1.174,0.584,0.205,STANCE,0.7654,-0.3311,0.0148,1,6.35,0.720,0.693,0.426,STANCE,0.8057,0.3569,0.0165,0,0.00,0.118,0.018,0.010,STANCE,0.5157,-0.1699,0.0151,0,0.00,0.015,0.048,0.000,STANCE,0.5438,0.2073,0.0151,0,0.00,0.074,0.024,0.003,STANCE
37.310,2460,placemove,0.8029,0.0114,0.1311,0.0137,0.0345,-0.0136,0.0108,-0.0153,0.0079,0.1120,0.0247,-0.0101,1.000,0.000,0.0000,0.0000,0.9610,-0.2683,0.1180,0,0.00,0.008,0.100,0.102,SWING,0.9752,0.2863,0.0152,0,0.00,0.004,0.041,0.002,STANCE,0.7655,-0.3311,0.0147,0,0.00,0.001,0.028,0.004,STANCE,0.8056,0.3570,0.0149,0,0.07,0.038,0.008,0.014,STANCE,0.5157,-0.1699,0.0148,0,0.00,0.002,0.019,0.006,STANCE,0.5437,0.2073,0.0150,0,0.00,0.004,0.023,0.007,STANCE
37.415,2464,placemove,0.8030,0.0113,0.1308,0.0144,0.0351,-0.0139,0.0051,-0.0176,0.0413,0.1435,0.0377,-0.0139,1.000,0.000,0.0000,0.0000,0.9608,-0.2659,0.1265,0,0.00,0.086,0.090,0.004,SWING,0.9753,0.2862,0.0149,1,15.70,0.869,2.005,0.555,STANCE,0.7655,-0.3311,0.0147,1,10.63,0.025,1.837,0.058,STANCE,0.8057,0.3569,0.0149,0,0.00,0.006,0.201,0.000,STANCE,0.5157,-0.1699,0.0150,0,0.00,0.037,0.055,0.012,STANCE,0.5438,0.2073,0.0149,1,13.32,0.852,1.146,0.976,STANCE
37.482,2468,placemove,0.8030,0.0112,0.1304,0.0151,0.0353,-0.0142,0.0038,-0.0005,-0.0241,0.0067,0.0250,0.0079,1.000,0.000,0.0000,0.0000,0.9710,-0.2666,0.1374,0,0.00,0.024,0.112,0.047,SWING,0.9754,0.2861,0.0150,1,11.97,0.390,1.420,0.616,STANCE,0.7654,-0.3311,0.0148,1,8.65,0.768,1.129,0.377,STANCE,0.8058,0.3569,0.0154,0,0.00,0.021,0.145,0.006,STANCE,0.5157,-0.1698,0.0151,0,0.00,0.005,0.041,0.008,STANCE,0.5439,0.2073,0.0149,1,5.25,0.829,0.588,0.268,STANCE
37.660,2472,placemove,0.8035,0.0111,0.1301,0.0180,0.0410,-0.0150,0.0165,-0.0021,-0.0513,0.3810,0.4598,-0.1762,1.000,0.000,0.0000,0.0000,0.9857,-0.2679,0.1491,1,14.94,2.940,2.940,2.940,SWING,0.9754,0.2862,0.0149,1,16.28,0.359,0.678,2.518,STANCE,0.7651,-0.3310,0.0144,1,32.99,2.940,2.940,2.940,STANCE,0.8058,0.3570,0.0154,0,0.00,0.053,0.084,0.022,STANCE,0.5155,-0.1696,0.0153,0,0.00,0.086,0.075,0.027,STANCE,0.5438,0.2076,0.0166,0,0.00,0.056,0.227,0.037,STANCE
37.796,2476,placemove,0.8037,0.0109,0.1317,0.0184,0.0410,-0.0146,0.0149,-0.0205,0.0905,0.0671,0.0125,0.0070,1.000,0.000,0.0000,0.0000,0.9768,-0.2809,0.1458,0,0.00,0.124,0.077,0.097,SWING,0.9755,0.2862,0.0151,0,0.00,0.001,0.026,0.008,STANCE,0.7652,-0.3310,0.0142,0,0.00,0.007,0.048,0.012,STANCE,0.8058,0.3571,0.0149,0,0.00,0.000,0.037,0.019,STANCE,0.5154,-0.1695,0.0149,0,0.00,0.004,0.022,0.011,STANCE,0.5438,0.2077,0.0151,0,0.00,0.002,0.072,0.014,STANCE
37.853,2480,placemove,0.8041,0.0104,0.1319,0.0195,0.0410,-0.0162,0.0158,-0.0326,-0.0651,0.0504,-0.2086,-0.1865,1.000,0.000,0.0000,0.0000,0.9661,-0.2809,0.1326,0,0.00,0.073,0.114,0.106,SWING,0.9762,0.2856,0.0165,0,0.00,0.008,0.038,0.015,STANCE,0.7651,-0.3313,0.0160,0,0.00,0.020,0.231,0.022,STANCE,0.8067,0.3567,0.0170,0,0.00,0.004,0.173,0.021,STANCE,0.5156,-0.1694,0.0167,0,0.00,0.017,0.114,0.011,STANCE,0.5444,0.2077,0.0163,0,0.00,0.006,0.151,0.002,STANCE
37.919,2484,placemove,0.8044,0.0100,0.1324,0.0232,0.0424,-0.0170,0.0208,-0.0118,0.1476,0.0051,0.0626,0.0401,1.000,0.000,0.0000,0.0000,0.9625,-0.2731,0.1260,0,0.00,0.009,0.121,0.099,SWING,0.9768,0.2852,0.0144,0,0.00,0.000,0.081,0.021,STANCE,0.7646,-0.3312,0.0142,0,0.00,0.002,0.089,0.025,STANCE,0.8074,0.3567,0.0159,0,0.00,0.002,0.094,0.021,STANCE,0.5154,-0.1689,0.0142,0,0.00,0.011,0.063,0.027,STANCE,0.5449,0.2082,0.0152,0,0.00,0.003,0.066,0.014,STANCE
37.948,2488,placemove,0.8049,0.0097,0.1333,0.0245,0.0446,-0.0162,0.0318,-0.0149,-0.0175,0.0617,0.0806,0.0384,1.000,0.000,0.0000,0.0000,0.9631,-0.2720,0.1366,0,0.00,0.002,0.076,0.023,SWING,0.9770,0.2852,0.0153,0,0.00,0.002,0.109,0.003,STANCE,0.7648,-0.3313,0.0149,0,0.00,0.000,0.079,0.003,STANCE,0.8075,0.3567,0.0152,0,0.00,0.000,0.022,0.008,STANCE,0.5156,-0.1690,0.0155,0,0.00,0.002,0.069,0.001,STANCE,0.5450,0.2081,0.0156,0,0.00,0.003,0.068,0.007,STANCE
37.983,2492,placemove,0.8050,0.0095,0.1328,0.0265,0.0448,-0.0155,-0.0004,-0.0056,0.0106,0.0256,-0.0087,0.0161,1.000,0.000,0.0000,0.0000,0.9708,-0.2729,0.1475,0,0.00,0.062,0.105,0.041,SWING,0.9771,0.2852,0.0158,0,0.00,0.319,0.141,0.013,STANCE,0.7652,-0.3314,0.0147,1,6.78,0.146,0.778,0.425,STANCE,0.8076,0.3566,0.0148,1,5.24,0.159,0.750,0.147,STANCE,0.5159,-0.1691,0.0152,0,0.00,0.010,0.112,0.002,STANCE,0.5452,0.2080,0.0154,0,0.00,0.006,0.106,0.002,STANCE
38.077,2496,placemove,0.8051,0.0092,0.1329,0.0312,0.0494,-0.0149,-0.0517,-0.0018,-0.1253,0.9731,1.0956,-0.1038,1.000,0.000,0.0000,0.0000,0.9851,-0.2729,0.1601,1,15.05,2.940,2.940,2.940,SWING,0.9769,0.2854,0.0162,0,0.00,1.950,0.390,0.044,STANCE,0.7652,-0.3314,0.0157,0,0.00,0.197,0.633,0.046,STANCE,0.8074,0.3567,0.0175,0,0.00,0.093,0.006,0.026,STANCE,0.5158,-0.1692,0.0161,0,0.00,0.188,0.107,0.031,STANCE,0.5449,0.2080,0.0164,0,0.00,0.016,0.282,0.065,STANCE
38.113,2500,placemove,0.8047,0.0097,0.1319,0.0323,0.0584,-0.0123,-0.0432,0.0202,0.1244,-0.0918,-0.4386,-0.0290,1.000,0.000,0.0000,0.0000,0.9764,-0.2851,0.1526,0,0.00,0.308,0.102,0.071,SWING,0.9745,0.2866,0.0148,1,32.18,1.344,2.940,2.940,STANCE,0.7643,-0.3306,0.0144,1,15.72,0.965,2.914,0.411,STANCE,0.8048,0.3576,0.0169,0,0.00,0.104,0.500,0.033,STANCE,0.5144,-0.1690,0.0176,0,0.00,0.029,0.036,0.011,STANCE,0.5427,0.2082,0.0187,0,0.00,0.086,0.241,0.008,STANCE
38.216,2504,placemove,0.8039,0.0099,0.1351,0.0304,0.0513,-0.0131,-0.0294,0.0134,0.1502,-0.1018,-0.2940,-0.0500,1.000,0.000,0.0000,0.0000,0.9672,-0.2825,0.1426,0,0.00,0.026,0.077,0.100,SWING,0.9745,0.2866,0.0152,0,0.00,0.008,0.003,0.011,STANCE,0.7641,-0.3306,0.0156,0,0.00,0.009,0.003,0.010,STANCE,0.8047,0.3577,0.0150,0,0.00,0.009,0.008,0.020,STANCE,0.5142,-0.1688,0.0151,0,0.00,0.006,0.005,0.015,STANCE,0.5426,0.2085,0.0151,0,0.00,0.006,0.044,0.018,STANCE
38.245,2508,placemove,0.8037,0.0098,0.1357,0.0310,0.0478,-0.0141,-0.0144,-0.0131,-0.0581,0.1251,-0.2516,-0.0821,1.000,0.000,0.0000,0.0000,0.9635,-0.2746,0.1370,0,0.00,0.008,0.089,0.103,SWING,0.9750,0.2862,0.0214,0,0.00,0.000,0.252,0.049,STANCE,0.7643,-0.3307,0.0212,0,0.00,0.005,0.302,0.064,STANCE,0.8053,0.3575,0.0204,0,0.00,0.002,0.304,0.071,STANCE,0.5145,-0.1688,0.0196,0,0.00,0.006,0.264,0.056,STANCE,0.5431,0.2084,0.0189,0,0.00,0.001,0.142,0.087,STANCE
38.274,2512,placemove,0.8034,0.0097,0.1337,0.0348,0.0460,-0.0150,-0.0134,-0.0097,-0.1894,0.2487,-0.0830,-0.0646,1.000,0.000,0.0000,0.0000,0.9637,-0.2762,0.1463,0,0.00,0.004,0.072,0.006,SWING,0.9754,0.2863,0.0226,0,0.00,0.007,0.061,0.003,STANCE,0.7640,-0.3305,0.0197,0,0.00,0.002,0.074,0.007,STANCE,0.8058,0.3577,0.0214,0,0.00,0.007,0.054,0.004,STANCE,0.5144,-0.1683,0.0181,0,0.00,0.004,0.056,0.003,STANCE,0.5446,0.2080,0.0288,0,0.00,0.001,0.142,0.002,STANCE
38.308,2516,placemove,0.8035,0.0097,0.1298,0.0310,0.0523,-0.0152,0.0176,0.0393,-0.2423,-0.9114,0.2481,0.0697,1.000,0.000,0.0000,0.0000,0.9710,-0.2768,0.1553,0,0.00,0.031,0.104,0.037,SWING,0.9748,0.2861,0.0156,0,0.00,0.014,0.095,0.004,STANCE,0.7631,-0.3304,0.0149,1,1.47,0.067,0.384,0.705,STANCE,0.8052,0.3575,0.0153,0,0.00,0.009,0.085,0.005,STANCE,0.5139,-0.1682,0.0165,0,0.00,0.001,0.020,0.020,STANCE,0.5435,0.2084,0.0294,0,0.00,0.005,0.058,0.010,STANCE
38.422,2520,placemove,0.8035,0.0095,0.1313,0.0331,0.0524,-0.0152,0.0248,-0.0019,0.0820,0.0724,0.2720,-0.0524,1.000,0.000,0.0000,0.0000,0.9851,-0.2753,0.1693,1,17.80,2.940,2.940,2.940,SWING,0.9747,0.2860,0.0141,1,4.52,0.406,0.232,1.258,STANCE,0.7631,-0.3306,0.0145,1,16.86,2.940,2.478,0.662,STANCE,0.8051,0.3575,0.0137,0,0.00,0.008,0.052,0.011,STANCE,0.5139,-0.1685,0.0212,0,0.00,0.006,0.069,0.001,STANCE,0.5433,0.2085,0.0268,0,0.00,0.002,0.145,0.013,STANCE
38.468,2524,placemove,0.8037,0.0095,0.1322,0.0331,0.0530,-0.0148,0.0001,-0.0022,0.0316,0.0041,-0.0094,0.0102,1.000,0.000,0.0000,0.0000,0.9755,-0.2873,0.1652,0,0.00,0.118,0.052,0.142,SWING,0.9747,0.2860,0.0141,1,1.02,0.205,0.119,0.330,STANCE,0.7631,-0.3306,0.0145,1,3.72,0.122,0.365,1.243,STANCE,0.8051,0.3575,0.0140,1,2.60,0.340,0.294,0.830,STANCE,0.5139,-0.1686,0.0199,0,0.00,0.010,0.113,0.013,STANCE,0.5432,0.2085,0.0249,0,0.00,0.002,0.112,0.011,STANCE
38.521,2528,placemove,0.8037,0.0094,0.1326,0.0332,0.0526,-0.0146,-0.0013,-0.0016,0.0148,0.0056,-0.0170,0.0051,1.000,0.000,0.0000,0.0000,0.9672,-0.2847,0.1492,0,0.00,0.024,0.071,0.098,SWING,0.9747,0.2860,0.0141,1,1.36,0.234,0.036,0.205,STANCE,0.7631,-0.3306,0.0144,1,5.28,0.156,0.166,1.317,STANCE,0.8051,0.3574,0.0140,1,3.72,0.427,0.224,0.972,STANCE,0.5137,-0.1685,0.0174,0,0.00,0.008,0.114,0.012,STANCE,0.5431,0.2086,0.0224,0,0.00,0.000,0.108,0.009,STANCE
38.572,2532,placemove,0.8038,0.0094,0.1329,0.0333,0.0530,-0.0145,0.0207,0.0005,0.0406,-0.0582,0.1583,0.0029,1.000,0.000,0.0000,0.0000,0.9643,-0.2771,0.1415,0,0.00,0.076,0.146,0.089,SWING,0.9747,0.2860,0.0141,1,11.45,0.873,2.512,0.612,STANCE,0.7631,-0.3306,0.0143,0,0.00,0.046,0.158,0.014,STANCE,0.8051,0.3574,0.0140,0,0.00,0.066,0.053,0.005,STANCE,0.5136,-0.1684,0.0150,1,21.45,0.969,2.086,1.471,STANCE,0.5430,0.2086,0.0200,0,0.00,0.047,0.218,0.000,STANCE
38.612,2536,placemove,0.8040,0.0095,0.1319,0.0337,0.0551,-0.0142,0.0155,0.0050,-0.1245,0.0571,0.1317,0.0203,1.000,0.000,0.0000,0.0000,0.9645,-0.2748,0.1508,0,0.00,0.005,0.079,0.021,SWING,0.9748,0.2861,0.0153,0,0.00,0.005,0.033,0.014,STANCE,0.7633,-0.3307,0.0158,0,0.00,0.001,0.025,0.012,STANCE,0.8052,0.3575,0.0155,0,0.00,0.005,0.044,0.017,STANCE,0.5137,-0.1684,0.0162,0,0.00,0.002,0.037,0.013,STANCE,0.5429,0.2087,0.0180,0,0.00,0.001,0.056,0.005,STANCE
38.713,2540,placemove,0.8044,0.0098,0.1306,0.0290,0.0584,-0.0142,0.0536,0.0061,0.0035,-0.0751,0.3723,0.0431,1.000,0.000,0.0000,0.0000,0.9718,-0.2733,0.1626,0,0.00,0.054,0.068,0.053,SWING,0.9749,0.2858,0.0147,1,3.40,0.508,0.264,1.051,STANCE,0.7633,-0.3307,0.0148,0,0.00,0.024,0.023,0.013,STANCE,0.8052,0.3573,0.0143,0,0.00,0.065,0.001,0.000,STANCE,0.5137,-0.1687,0.0148,0,0.00,0.058,0.010,0.027,STANCE,0.5427,0.2085,0.0138,0,0.00,0.077,0.036,0.023,STANCE
38.759,2544,placemove,0.8050,0.0100,0.1286,0.0303,0.0637,-0.0133,-0.0206,0.0258,-0.2465,0.9842,1.2017,0.0084,1.000,0.000,0.0000,0.0000,0.9863,-0.2712,0.1753,1,8.86,2.940,2.940,2.940,SWING,0.9753,0.2859,0.0171,0,0.00,2.205,0.396,0.030,STANCE,0.7642,-0.3310,0.0177,0,0.00,0.175,0.570,0.050,STANCE,0.8055,0.3572,0.0169,0,0.00,0.111,0.160,0.029,STANCE,0.5144,-0.1690,0.0183,0,0.00,0.167,0.075,0.020,STANCE,0.5431,0.2083,0.0170,0,0.00,0.002,0.298,0.050,STANCE
38.807,2548,placemove,0.8049,0.0106,0.1267,0.0349,0.0684,-0.0116,-0.0353,0.0016,0.1783,0.4225,-0.5285,-0.0952,1.000,0.000,0.0000,0.0000,0.9773,-0.2827,0.1668,0,0.00,0.159,0.171,0.190,SWING,0.9736,0.2873,0.0143,1,27.66,0.407,2.384,2.940,STANCE,0.7638,-0.3301,0.0142,1,30.17,0.053,2.940,2.940,STANCE,0.8035,0.3582,0.0146,0,0.00,0.066,0.252,0.080,STANCE,0.5136,-0.1682,0.0150,0,0.00,0.058,0.350,0.023,STANCE,0.5427,0.2084,0.0275,0,0.00,0.030,0.161,0.102,STANCE
38.854,2552,placemove,0.8047,0.0101,0.1316,0.0313,0.0655,-0.0128,-0.0157,-0.0306,0.2204,-0.1983,-0.2204,-0.0827,1.000,0.000,0.0000,0.0000,0.9690,-0.2814,0.1562,0,0.00,0.020,0.082,0.101,SWING,0.9737,0.2870,0.0152,0,0.00,0.008,0.037,0.011,STANCE,0.7637,-0.3303,0.0153,0,0.00,0.008,0.053,0.016,STANCE,0.8038,0.3580,0.0159,0,0.00,0.007,0.018,0.009,STANCE,0.5135,-0.1686,0.0157,0,0.00,0.007,0.015,0.010,STANCE,0.5425,0.2082,0.0300,0,0.00,0.007,0.063,0.008,STANCE
38.873,2556,placemove,0.8044,0.0095,0.1337,0.0311,0.0648,-0.0146,-0.0136,-0.0450,0.0444,0.2420,0.1194,-0.1500,1.000,0.000,0.0000,0.0000,0.9653,-0.2757,0.1478,0,0.00,0.003,0.001,0.100,SWING,0.9739,0.2862,0.0157,0,0.00,0.001,0.080,0.011,STANCE,0.7630,-0.3308,0.0161,0,0.00,0.000,0.095,0.015,STANCE,0.8041,0.3574,0.0157,0,0.00,0.003,0.071,0.016,STANCE,0.5130,-0.1688,0.0156,0,0.00,0.002,0.067,0.014,STANCE,0.5424,0.2080,0.0285,0,0.00,0.001,0.055,0.013,STANCE
38.983,2560,placemove,0.8046,0.0093,0.1346,0.0322,0.0658,-0.0151,0.0100,-0.0143,0.0344,0.0587,-0.0315,0.0177,1.000,0.000,0.0000,0.0000,0.9647,-0.2728,0.1577,0,0.00,0.006,0.081,0.027,SWING,0.9739,0.2859,0.0152,0,0.00,0.003,0.025,0.005,STANCE,0.7625,-0.3309,0.0149,0,0.00,0.002,0.008,0.007,STANCE,0.8042,0.3573,0.0151,0,0.00,0.004,0.017,0.012,STANCE,0.5127,-0.1686,0.0149,0,0.00,0.003,0.025,0.007,STANCE,0.5424,0.2082,0.0277,0,0.00,0.000,0.027,0.009,STANCE
39.002,2564,placemove,0.8045,0.0090,0.1336,0.0331,0.0641,-0.0154,-0.0117,-0.0160,-0.1240,0.0680,-0.1097,-0.0325,1.000,0.000,0.0000,0.0000,0.9714,-0.2720,0.1698,0,0.00,0.037,0.090,0.042,SWING,0.9743,0.2856,0.0166,0,0.00,0.006,0.037,0.003,STANCE,0.7626,-0.3311,0.0159,0,0.00,0.019,0.051,0.005,STANCE,0.8046,0.3571,0.0160,0,0.00,0.006,0.028,0.003,STANCE,0.5129,-0.1687,0.0156,0,0.00,0.019,0.031,0.010,STANCE,0.5426,0.2082,0.0253,0,0.00,0.011,0.047,0.003,STANCE
39.102,2568,placemove,0.8046,0.0090,0.1331,0.0327,0.0640,-0.0151,-0.0020,-0.0045,-0.0392,-0.1180,-0.1611,0.0301,1.000,0.000,0.0000,0.0000,0.9865,-0.2698,0.1839,0,0.00,0.102,0.005,0.083,SWING,0.9744,0.2855,0.0154,0,0.00,0.004,0.177,0.005,STANCE,0.7626,-0.3312,0.0155,0,0.00,0.001,0.169,0.004,STANCE,0.8046,0.3570,0.0149,0,0.00,0.003,0.178,0.003,STANCE,0.5129,-0.1688,0.0151,0,0.00,0.001,0.170,0.003,STANCE,0.5425,0.2082,0.0227,0,0.00,0.002,0.046,0.006,STANCE
39.143,2572,placemove,0.8040,0.0093,0.1327,0.0292,0.0583,-0.0149,-0.0406,0.0176,0.1967,-0.0502,-0.3698,-0.0378,1.000,0.000,0.0000,0.0000,0.9971,-0.2713,0.1843,1,10.18,2.940,2.940,2.545,SWING,0.9745,0.2857,0.0146,1,38.04,1.547,2.940,2.940,STANCE,0.7629,-0.3317,0.0160,0,0.00,0.151,0.033,0.016,STANCE,0.8047,0.3568,0.0147,1,19.17,1.349,0.776,2.940,STANCE,0.5134,-0.1692,0.0149,1,30.20,2.940,2.940,2.940,STANCE,0.5423,0.2081,0.0173,0,0.00,0.130,0.197,0.038,STANCE
39.212,2576,placemove,0.8055,0.0088,0.1431,0.0292,0.0584,-0.0147,0.1068,-0.0553,0.6819,0.0053,0.0414,-0.0079,1.000,0.000,0.0000,0.0000,1.0145,-0.2756,0.1890,0,0.00,0.125,0.075,0.103,SHIFT,0.9747,0.2866,0.0143,1,6.90,0.190,1.170,2.940,SHIFT,0.7625,-0.3328,0.0146,1,2.97,1.157,0.141,1.023,SHIFT,0.8046,0.3569,0.0148,0,0.00,0.011,0.246,0.087,SHIFT,0.5133,-0.1691,0.0146,1,1.33,0.564,0.060,0.387,SHIFT,0.5423,0.2078,0.0148,1,3.32,0.994,1.566,0.872,SHIFT
39.260,2580,placemove,0.8074,0.0077,0.1529,0.0271,0.0516,-0.0153,0.1130,-0.0636,0.4949,-0.1030,-0.6619,-0.0096,1.000,0.000,0.0000,0.0000,1.0349,-0.2782,0.1955,0,0.00,0.125,0.143,0.084,SHIFT,0.9750,0.2843,0.0220,0,0.00,0.070,0.194,0.013,SHIFT,0.7630,-0.3329,0.0227,0,0.00,0.093,0.260,0.034,SHIFT,0.8058,0.3553,0.0293,0,0.00,0.070,0.201,0.053,SHIFT,0.5135,-0.1702,0.0195,0,0.00,0.050,0.189,0.013,SHIFT,0.5429,0.2068,0.0206,0,0.00,0.047,0.163,0.015,SHIFT
39.290,2584,placemove,0.8094,0.0067,0.1600,0.0277,0.0439,-0.0140,0.1302,-0.0550,0.3602,0.0463,-0.3513,0.1751,1.000,0.000,0.0000,0.0000,1.0513,-0.2820,0.1990,0,0.00,0.025,0.115,0.063,SHIFT,0.9760,0.2832,0.0321,0,0.00,0.074,0.063,0.006,SHIFT,0.7645,-0.3337,0.0310,0,0.00,0.117,0.072,0.005,SHIFT,0.8067,0.3543,0.0377,0,0.00,0.074,0.051,0.006,SHIFT,0.5148,-0.1714,0.0255,0,0.00,0.075,0.036,0.004,SHIFT,0.5439,0.2058,0.0271,0,0.00,0.039,0.013,0.007,SHIFT
39.309,2588,placemove,0.8117,0.0058,0.1645,0.0281,0.0379,-0.0109,0.1341,-0.0550,0.2021,0.0019,-0.3784,0.1856,1.000,0.000,0.0000,0.0000,1.0563,-0.2867,0.1939,0,0.00,0.046,0.081,0.006,SHIFT,0.9761,0.2829,0.0361,0,0.00,0.089,0.082,0.013,SHIFT,0.7666,-0.3346,0.0334,0,0.00,0.095,0.085,0.014,SHIFT,0.8066,0.3535,0.0405,0,0.00,0.089,0.066,0.012,SHIFT,0.5164,-0.1731,0.0265,0,0.00,0.056,0.046,0.005,SHIFT,0.5443,0.2041,0.0285,0,0.00,0.053,0.027,0.002,SHIFT
39.348,2592,placemove,0.8137,0.0051,0.1666,0.0254,0.0283,-0.0087,0.0586,0.0159,0.0894,-0.9220,-1.4859,0.0440,1.000,0.000,0.0000,0.0000,1.0585,-0.2888,0.1849,1,11.00,1.120,2.940,1.771,SHIFT,0.9763,0.2826,0.0370,0,0.00,0.045,0.025,0.001,SHIFT,0.7689,-0.3356,0.0333,0,0.00,0.059,0.390,0.030,SHIFT,0.8065,0.3527,0.0402,0,0.00,0.078,0.217,0.008,SHIFT,0.5183,-0.1750,0.0244,0,0.00,0.081,0.072,0.006,SHIFT,0.5448,0.2024,0.0263,0,0.00,0.123,0.413,0.016,SHIFT
39.395,2596,placemove,0.8154,0.0054,0.1694,0.0121,0.0169,-0.0096,0.1709,0.0527,0.3310,-0.0977,1.3023,-0.2932,1.000,0.000,0.0000,0.0000,1.0587,-0.2892,0.1848,1,12.94,1.070,2.940,0.302,SHIFT,0.9778,0.2823,0.0275,0,0.00,0.225,0.125,0.115,SHIFT,0.7708,-0.3381,0.0297,0,0.00,0.072,0.208,0.061,SHIFT,0.8075,0.3516,0.0267,0,0.00,0.274,0.263,0.136,SHIFT,0.5218,-0.1764,0.0140,0,0.00,0.506,0.052,0.102,SHIFT,0.5473,0.1999,0.0142,1,29.30,2.940,2.149,2.899,SHIFT
39.432,2600,placemove,0.8184,0.0067,0.1765,0.0050,0.0344,-0.0144,0.1897,0.0796,0.4919,-0.7648,0.8223,-0.2763,1.000,0.000,0.0000,0.0000,1.0592,-0.2894,0.1847,1,12.83,0.210,2.940,2.940,SHIFT,0.9771,0.2827,0.0182,0,0.00,0.129,0.149,0.073,SHIFT,0.7677,-0.3376,0.0277,0,0.00,0.014,0.079,0.118,SHIFT,0.8069,0.3519,0.0202,0,0.00,0.111,0.162,0.076,SHIFT,0.5212,-0.1735,0.0157,0,0.00,0.032,0.028,0.111,SHIFT,0.5477,0.1999,0.0140,1,9.74,0.064,2.940,0.921,SHIFT
39.463,2604,placemove,0.8208,0.0075,0.1869,0.0001,0.0345,-0.0151,0.0936,0.0301,0.6830,-0.1412,-0.2973,0.0363,1.000,0.000,0.0000,0.0000,1.0597,-0.2901,0.1846,1,10.82,0.920,2.683,2.940,SHIFT,0.9771,0.2822,0.0148,1,1.85,0.748,0.947,0.408,SHIFT,0.7672,-0.3370,0.0283,0,0.00,0.030,0.044,0.103,SHIFT,0.8072,0.3509,0.0165,0,0.00,0.129,0.072,0.094,SHIFT,0.5237,-0.1716,0.0159,0,0.00,0.073,0.024,0.106,SHIFT,0.5488,0.1995,0.0140,1,4.40,0.268,2.940,1.715,SHIFT
39.504,2608,placemove,0.8226,0.0080,0.1984,-0.0019,0.0312,-0.0142,0.1158,0.0241,0.6985,-0.1137,-0.1206,0.0014,1.000,0.000,0.0000,0.0000,1.0601,-0.2908,0.1846,1,9.06,0.348,2.484,2.940,SHIFT,0.9767,0.2816,0.0148,1,1.07,0.330,0.727,0.294,SHIFT,0.7679,-0.3355,0.0288,0,0.00,0.003,0.053,0.104,SHIFT,0.8071,0.3492,0.0157,0,0.00,0.171,0.070,0.093,SHIFT,0.5276,-0.1697,0.0153,0,0.00,0.055,0.039,0.105,SHIFT,0.5507,0.1982,0.0139,1,4.39,0.311,2.930,1.596,SHIFT
39.535,2612,placemove,0.8250,0.0081,0.2100,-0.0046,0.0290,-0.0140,0.1686,-0.0128,0.6773,-0.3154,-0.1185,-0.0455,1.000,0.000,0.0000,0.0000,1.0605,-0.2915,0.1845,1,6.32,0.386,2.049,2.940,SHIFT,0.9769,0.2806,0.0151,0,0.00,0.207,0.111,0.054,SHIFT,0.7688,-0.3337,0.0297,0,0.00,0.052,0.016,0.111,SHIFT,0.8076,0.3463,0.0151,0,0.00,0.214,0.157,0.082,SHIFT,0.5323,-0.1678,0.0154,0,0.00,0.012,0.066,0.131,SHIFT,0.5501,0.1987,0.0131,1,3.04,0.584,2.143,1.054,SHIFT
39.614,2616,placemove,0.8276,0.0072,0.2203,-0.0121,0.0194,-0.0128,0.1520,-0.0709,0.5493,-0.6643,-0.8027,0.1184,1.000,0.000,0.0000,0.0000,1.0592,-0.2887,0.1843,0,0.00,0.026,0.070,0.023,STANCE,0.9792,0.2791,0.0236,0,0.00,0.021,0.158,0.033,SWING,0.7713,-0.3361,0.0337,0,0.00,0.051,0.134,0.144,STANCE,0.8094,0.3458,0.0159,0,0.00,0.053,0.151,0.138,STANCE,0.5336,-0.1710,0.0188,0,0.00,0.010,0.096,0.136,STANCE,0.5489,0.1982,0.0156,0,0.00,0.048,0.068,0.031,STANCE
39.654,2620,placemove,0.8301,0.0060,0.2278,-0.0250,0.0086,-0.0120,0.1419,-0.0772,0.3802,-0.8194,-0.6789,-0.0435,1.000,0.000,0.0000,0.0000,1.0600,-0.2869,0.1849,1,1.80,0.840,0.533,0.465,STANCE,0.9841,0.2779,0.0402,0,0.00,0.108,0.065,0.115,SWING,0.7755,-0.3421,0.0425,0,0.00,0.099,0.139,0.038,STANCE,0.8130,0.3453,0.0175,0,0.00,0.128,0.001,0.007,STANCE,0.5326,-0.1783,0.0230,0,0.00,0.071,0.122,0.138,STANCE,0.5518,0.1947,0.0166,0,0.00,0.087,0.025,0.002,STANCE
39.761,2624,placemove,0.8313,0.0043,0.2330,-0.0447,0.0065,-0.0094,0.0153,-0.1475,0.3741,0.0422,-0.8491,0.0753,1.000,0.000,0.0000,0.0000,1.0608,-0.2865,0.1847,1,8.76,2.940,2.940,2.940,STANCE,0.9853,0.2749,0.0490,1,13.15,2.940,2.940,0.133,SWING,0.7784,-0.3480,0.0527,0,0.00,0.020,0.052,0.002,STANCE,0.8137,0.3403,0.0141,0,0.00,0.059,0.467,0.076,STANCE,0.5291,-0.1886,0.0295,0,0.00,0.010,0.314,0.019,STANCE,0.5529,0.1876,0.0152,0,0.00,0.035,0.070,0.000,STANCE
39.792,2628,placemove,0.8308,0.0020,0.2383,-0.0561,-0.0057,-0.0054,-0.0040,-0.1124,0.2301,-1.4203,0.2048,0.2332,1.000,0.000,0.0000,0.0000,1.0606,-0.2859,0.1845,1,8.21,1.958,2.940,2.940,STANCE,0.9865,0.2722,0.0531,1,9.97,2.355,2.618,1.416,SWING,0.7822,-0.3523,0.0582,0,0.00,0.023,0.303,0.054,STANCE,0.8148,0.3349,0.0154,0,0.00,0.210,0.176,0.010,STANCE,0.5310,-0.1951,0.0302,0,0.00,0.049,0.566,0.104,STANCE,0.5547,0.1829,0.0147,1,6.19,2.940,2.940,1.285,STANCE
39.873,2632,placemove,0.8323,0.0011,0.2413,-0.0696,-0.0036,-0.0065,0.0451,-0.0864,0.2414,0.4662,-0.6728,0.0599,1.000,0.000,0.0000,0.0000,1.0609,-0.2861,0.1844,1,8.18,2.940,2.940,2.940,STANCE,0.9870,0.2692,0.0591,1,19.04,2.940,2.940,2.940,SWING,0.7832,-0.3565,0.0652,0,0.00,0.072,0.539,0.082,STANCE,0.8145,0.3339,0.0147,1,1.22,0.635,1.258,0.722,STANCE,0.5316,-0.2002,0.0355,0,0.00,0.109,0.547,0.086,STANCE,0.5550,0.1769,0.0148,0,0.00,0.163,0.174,0.003,STANCE
39.912,2636,placemove,0.8317,-0.0009,0.2451,-0.0697,-0.0177,-0.0062,-0.0316,-0.0956,0.1174,-1.1178,0.6286,0.1884,1.000,0.000,0.0000,0.0000,1.0609,-0.2865,0.1843,1,7.46,1.864,2.940,2.940,STANCE,0.9881,0.2645,0.0612,1,10.33,2.940,2.940,1.515,SWING,0.7864,-0.3582,0.0650,0,0.00,0.055,0.349,0.066,STANCE,0.8175,0.3288,0.0169,0,0.00,0.338,0.153,0.012,STANCE,0.5351,-0.2023,0.0316,0,0.00,0.110,0.684,0.129,STANCE,0.5581,0.1756,0.0148,1,6.21,2.940,2.940,1.267,STANCE
39.971,2640,placemove,0.8321,-0.0025,0.2473,-0.0766,-0.0190,-0.0058,-0.0049,-0.1476,0.2041,0.8159,-1.1102,0.0473,1.000,0.000,0.0000,0.0000,1.0612,-0.2865,0.1843,1,7.50,2.415,2.940,2.940,STANCE,0.9886,0.2623,0.0690,1,19.12,2.940,2.940,2.940,SWING,0.7873,-0.3619,0.0686,0,0.00,0.020,0.245,0.031,STANCE,0.8165,0.3258,0.0146,0,0.00,0.132,0.697,0.098,STANCE,0.5355,-0.2070,0.0341,0,0.00,0.008,0.471,0.070,STANCE,0.5575,0.1704,0.0149,0,0.00,0.109,0.131,0.040,STANCE
40.018,2644,placemove,0.8309,-0.0050,0.2501,-0.0674,-0.0357,-0.0028,-0.0777,-0.1276,0.0937,-0.1443,-0.2974,0.1044,1.000,0.000,0.0000,0.0000,1.0607,-0.2842,0.1833,1,6.70,1.789,2.940,2.940,STANCE,0.9892,0.2599,0.0704,0,0.00,0.395,0.886,0.191,SWING,0.7915,-0.3628,0.0645,0,0.00,0.114,0.031,0.001,STANCE,0.8180,0.3245,0.0199,0,0.00,0.344,0.206,0.023,STANCE,0.5395,-0.2088,0.0272,0,0.00,0.216,0.054,0.007,STANCE,0.5597,0.1688,0.0149,1,6.54,2.940,2.940,1.282,STANCE
40.078,2648,placemove,0.8307,-0.0061,0.2506,-0.0724,-0.0346,-0.0031,-0.0399,-0.0889,0.0963,0.7327,-0.8133,-0.1217,1.000,0.000,0.0000,0.0000,1.0597,-0.2832,0.1821,1,7.56,2.605,2.940,2.808,STANCE,0.9897,0.2587,0.0786,1,19.17,2.940,2.940,2.940,SWING,0.7918,-0.3656,0.0652,0,0.00,0.020,0.248,0.034,STANCE,0.8163,0.3214,0.0160,0,0.00,0.061,0.575,0.068,STANCE,0.5393,-0.2126,0.0273,0,0.00,0.035,0.365,0.053,STANCE,0.5586,0.1657,0.0148,1,1.11,0.369,0.771,0.430,STANCE
40.099,2652,placemove,0.8283,-0.0086,0.2529,-0.0579,-0.0525,-0.0012,-0.1373,-0.1375,0.0625,-0.0061,-0.2419,0.2771,1.000,0.000,0.0000,0.0000,1.0596,-0.2826,0.1822,1,7.04,2.172,2.940,2.857,STANCE,0.9896,0.2575,0.0797,1,6.10,1.475,2.940,0.060,SWING,0.7949,-0.3653,0.0588,0,0.00,0.002,0.301,0.060,STANCE,0.8173,0.3225,0.0210,0,0.00,0.051,0.115,0.002,STANCE,0.5425,-0.2128,0.0186,0,0.00,0.021,0.356,0.072,STANCE,0.5600,0.1654,0.0148,1,7.89,2.940,1.915,0.412,STANCE
40.135,2656,placemove,0.8277,-0.0098,0.2534,-0.0545,-0.0573,-0.0025,-0.0314,-0.0575,0.0765,0.8547,-0.8484,-0.2138,1.000,0.000,0.0000,0.0000,1.0595,-0.2827,0.1822,1,7.71,2.857,2.940,2.628,STANCE,0.9902,0.2573,0.0899,1,22.32,2.940,2.940,2.940,SWING,0.7959,-0.3666,0.0563,0,0.00,0.004,0.203,0.027,STANCE,0.8164,0.3213,0.0195,0,0.00,0.022,0.542,0.067,STANCE,0.5432,-0.2147,0.0155,0,0.00,0.003,0.318,0.046,STANCE,0.5599,0.1644,0.0147,1,1.27,0.712,0.564,0.265,STANCE
40.201,2660,placemove,0.8265,-0.0116,0.2576,-0.0421,-0.0581,-0.0013,-0.0855,-0.1264,0.1952,0.4590,0.1984,0.1338,1.000,0.000,0.0000,0.0000,1.0594,-0.2821,0.1824,0,0.46,0.222,0.106,0.093,STANCE,0.9895,0.2571,0.0910,0,0.00,0.050,0.094,0.098,SWING,0.7970,-0.3659,0.0531,0,0.00,0.028,0.090,0.028,STANCE,0.8147,0.3225,0.0254,0,0.00,0.018,0.074,0.024,STANCE,0.5435,-0.2147,0.0147,0,0.00,0.026,0.009,0.017,STANCE,0.5583,0.1640,0.0200,0,0.00,0.011,0.007,0.009,STANCE
40.237,2664,placemove,0.8250,-0.0136,0.2596,-0.0362,-0.0576,0.0010,-0.0981,-0.1032,0.0531,0.2336,-0.0864,0.1768,1.000,0.000,0.0000,0.0000,1.0594,-0.2822,0.1826,1,1.35,0.067,0.103,0.469,STANCE,0.9867,0.2576,0.1064,0,0.00,0.057,0.108,0.100,SWING,0.7974,-0.3669,0.0508,0,0.00,0.008,0.095,0.027,STANCE,0.8112,0.3217,0.0273,0,0.00,0.019,0.073,0.026,STANCE,0.5431,-0.2166,0.0157,0,0.00,0.001,0.021,0.007,STANCE,0.5556,0.1618,0.0216,0,0.00,0.019,0.032,0.015,STANCE
40.298,2668,placemove,0.8244,-0.0141,0.2601,-0.0356,-0.0565,-0.0005,0.0088,0.0156,-0.0049,-0.1289,0.0853,-0.1845,1.000,0.000,0.0000,0.0000,1.0592,-0.2822,0.1827,1,1.27,0.189,0.094,0.119,STANCE,0.9853,0.2573,0.1189,1,1.21,0.222,0.463,0.191,SWING,0.7976,-0.3676,0.0487,0,0.00,0.030,0.166,0.043,STANCE,0.8093,0.3212,0.0260,0,0.00,0.040,0.001,0.015,STANCE,0.5430,-0.2177,0.0148,0,0.00,0.041,0.027,0.019,STANCE,0.5542,0.1604,0.0204,0,0.00,0.051,0.042,0.019,STANCE
40.367,2672,placemove,0.8246,-0.0133,0.2587,-0.0435,-0.0539,-0.0030,0.0231,0.0730,-0.1631,-1.1024,0.5178,-0.0323,1.000,0.000,0.0000,0.0000,1.0593,-0.2821,0.1829,1,0.99,0.114,0.349,0.366,STANCE,0.9854,0.2561,0.1276,1,0.78,0.181,0.224,0.251,SWING,0.7974,-0.3683,0.0474,0,0.00,0.033,0.153,0.042,STANCE,0.8092,0.3202,0.0205,0,0.00,0.001,0.012,0.015,STANCE,0.5425,-0.2188,0.0154,0,0.00,0.044,0.003,0.001,STANCE,0.5540,0.1595,0.0163,0,0.00,0.030,0.022,0.014,STANCE
40.411,2676,placemove,0.8250,-0.0126,0.2588,-0.0437,-0.0528,-0.0061,-0.0700,-0.0610,0.1471,1.2969,-0.9892,-0.0450,1.000,0.000,0.0000,0.0000,1.0595,-0.2817,0.1828,1,3.63,1.880,1.062,0.718,STANCE,0.9862,0.2555,0.1246,1,18.66,2.940,0.368,2.940,SWING,0.7972,-0.3686,0.0465,0,0.00,0.053,0.017,0.017,STANCE,0.8090,0.3198,0.0160,0,0.00,0.129,0.206,0.045,STANCE,0.5420,-0.2191,0.0166,0,0.00,0.008,0.015,0.010,STANCE,0.5540,0.1592,0.0147,0,0.00,0.094,0.070,0.016,STANCE
40.491,2680,placemove,0.8239,-0.0138,0.2608,-0.0386,-0.0592,-0.0053,-0.0616,-0.0669,0.0435,-0.1006,-0.2451,0.1079,1.000,0.000,0.0000,0.0000,1.0597,-0.2815,0.1847,0,0.00,0.001,0.111,0.013,STANCE,0.9862,0.2554,0.1235,0,0.00,0.051,0.037,0.042,SWING,0.7988,-0.3682,0.0433,0,0.00,0.042,0.013,0.011,STANCE,0.8084,0.3225,0.0243,0,0.00,0.025,0.354,0.229,STANCE,0.5414,-0.2201,0.0178,0,0.00,0.066,0.101,0.102,STANCE,0.5524,0.1603,0.0200,0,0.00,0.029,0.266,0.204,STANCE
40.511,2684,placemove,0.8227,-0.0147,0.2606,-0.0401,-0.0585,-0.0033,-0.0793,-0.0440,-0.0707,-0.1949,-0.0684,0.1376,1.000,0.000,0.0000,0.0000,1.0596,-0.2816,0.1850,1,1.47,0.024,0.043,0.369,STANCE,0.9835,0.2540,0.1347,0,0.00,0.038,0.113,0.100,SWING,0.7992,-0.3697,0.0414,0,0.00,0.014,0.096,0.032,STANCE,0.8059,0.3195,0.0251,0,0.00,0.025,0.067,0.009,STANCE,0.5421,-0.2216,0.0211,0,0.00,0.001,0.047,0.012,STANCE,0.5517,0.1572,0.0217,0,0.00,0.020,0.019,0.001,STANCE
40.541,2688,placemove,0.8212,-0.0152,0.2581,-0.0457,-0.0622,-0.0014,-0.0985,-0.0206,-0.2070,-0.4349,-0.3728,0.1056,1.000,0.000,0.0000,0.0000,1.0595,-0.2815,0.1849,1,1.42,0.023,0.115,0.475,STANCE,0.9808,0.2517,0.1432,0,0.00,0.051,0.113,0.099,SWING,0.8000,-0.3716,0.0387,0,0.00,0.011,0.095,0.032,STANCE,0.8039,0.3174,0.0190,0,0.00,0.027,0.077,0.026,STANCE,0.5428,-0.2244,0.0171,0,0.00,0.003,0.045,0.020,STANCE,0.5504,0.1540,0.0157,0,0.00,0.023,0.028,0.014,STANCE
40.589,2692,placemove,0.8214,-0.0152,0.2583,-0.0454,-0.0605,-0.0045,0.0440,0.0157,0.0274,-0.1100,0.1812,-0.2030,1.000,0.000,0.0000,0.0000,1.0595,-0.2816,0.1847,1,3.97,0.507,0.265,1.482,STANCE,0.9832,0.2482,0.1544,0,0.00,0.638,0.053,0.097,SWING,0.8001,-0.3719,0.0362,0,0.00,0.041,0.179,0.040,STANCE,0.8037,0.3171,0.0161,0,0.00,0.027,0.106,0.034,STANCE,0.5429,-0.2248,0.0148,1,12.41,0.081,0.437,1.478,STANCE,0.5504,0.1535,0.0142,0,0.00,0.079,0.116,0.026,STANCE
40.676,2696,placemove,0.8218,-0.0153,0.2586,-0.0477,-0.0601,-0.0062,0.0137,-0.0290,-0.0343,-0.1781,-0.6418,-0.0294,1.000,0.000,0.0000,0.0000,1.0599,-0.2817,0.1850,0,0.00,0.008,0.008,0.001,STANCE,0.9824,0.2493,0.1504,0,0.00,0.119,0.091,0.100,SWING,0.8003,-0.3726,0.0351,0,0.00,0.008,0.078,0.032,STANCE,0.8035,0.3170,0.0153,0,0.00,0.018,0.006,0.018,STANCE,0.5422,-0.2258,0.0167,0,0.00,0.000,0.018,0.000,STANCE,0.5495,0.1533,0.0160,0,0.00,0.007,0.005,0.001,STANCE
40.705,2700,placemove,0.8218,-0.0156,0.2568,-0.0493,-0.0638,-0.0064,-0.0296,0.0097,-0.1429,-0.2892,-0.2377,-0.0661,1.000,0.000,0.0000,0.0000,1.0607,-0.2817,0.1850,1,6.95,0.154,0.424,2.228,STANCE,0.9833,0.2508,0.1378,0,0.00,0.081,0.272,0.162,SWING,0.8021,-0.3734,0.0316,0,0.00,0.008,0.191,0.050,STANCE,0.8037,0.3164,0.0183,0,0.00,0.011,0.014,0.031,STANCE,0.5436,-0.2267,0.0185,0,0.00,0.007,0.075,0.015,STANCE,0.5503,0.1522,0.0178,0,0.00,0.009,0.038,0.020,STANCE
40.763,2704,placemove,0.8216,-0.0155,0.2558,-0.0526,-0.0637,-0.0073,0.0026,-0.0073,0.0141,0.0406,0.0039,-0.0893,1.000,0.000,0.0000,0.0000,1.0606,-0.2817,0.1848,1,2.84,0.062,0.060,0.880,STANCE,0.9824,0.2493,0.1443,0,0.00,0.036,0.116,0.102,SWING,0.8023,-0.3743,0.0293,0,0.00,0.010,0.126,0.041,STANCE,0.8034,0.3150,0.0143,1,1.09,0.686,0.021,0.079,STANCE,0.5441,-0.2276,0.0160,0,0.00,0.007,0.109,0.029,STANCE,0.5504,0.1509,0.0143,1,5.23,0.641,0.085,0.561,STANCE
40.842,2708,placemove,0.8219,-0.0154,0.2558,-0.0538,-0.0648,-0.0090,0.0318,0.0107,-0.0478,-0.1965,-0.3767,-0.0805,1.000,0.000,0.0000,0.0000,1.0609,-0.2818,0.1851,0,0.00,0.001,0.123,0.013,STANCE,0.9816,0.2466,0.1556,0,0.00,0.032,0.108,0.099,SWING,0.8028,-0.3746,0.0273,0,0.00,0.072,0.048,0.028,STANCE,0.8036,0.3156,0.0153,0,0.00,0.059,0.339,0.096,STANCE,0.5439,-0.2281,0.0157,0,0.00,0.065,0.354,0.085,STANCE,0.5502,0.1511,0.0154,0,0.00,0.002,0.405,0.114,STANCE
40.882,2712,placemove,0.8221,-0.0151,0.2539,-0.0573,-0.0670,-0.0101,-0.0138,0.0362,-0.1593,-0.3735,-0.2375,-0.0759,1.000,0.000,0.0000,0.0000,1.0613,-0.2817,0.1849,1,1.99,0.323,0.082,0.573,STANCE,0.9839,0.2425,0.1649,0,0.00,0.588,0.122,0.103,SWING,0.8037,-0.3752,0.0244,0,0.00,0.011,0.099,0.040,STANCE,0.8044,0.3147,0.0152,0,0.00,0.077,0.055,0.001,STANCE,0.5450,-0.2281,0.0166,0,0.00,0.022,0.007,0.013,STANCE,0.5513,0.1506,0.0152,0,0.00,0.064,0.001,0.011,STANCE
40.948,2716,placemove,0.8223,-0.0152,0.2544,-0.0556,-0.0662,-0.0114,0.0103,-0.0007,0.0162,-0.0611,0.1722,-0.0479,1.000,0.000,0.0000,0.0000,1.0614,-0.2818,0.1848,1,1.41,0.763,0.204,0.027,STANCE,0.9831,0.2434,0.1621,0,0.00,0.163,0.091,0.090,SWING,0.8039,-0.3752,0.0217,0,0.00,0.002,0.132,0.050,STANCE,0.8047,0.3147,0.0146,1,4.16,0.664,0.717,0.947,STANCE,0.5454,-0.2279,0.0146,0,0.00,0.000,0.312,0.170,STANCE,0.5515,0.1507,0.0145,0,0.00,0.063,0.007,0.009,STANCE
41.008,2720,placemove,0.8222,-0.0150,0.2532,-0.0592,-0.0679,-0.0117,-0.0208,0.0277,-0.1208,-0.2995,-0.1607,-0.0294,1.000,0.000,0.0000,0.0000,1.0614,-0.2818,0.1849,1,1.77,0.063,0.135,0.167,STANCE,0.9836,0.2464,0.1493,0,0.00,0.004,0.094,0.097,SWING,0.8043,-0.3759,0.0196,0,0.00,0.014,0.123,0.049,STANCE,0.8046,0.3143,0.0150,0,0.00,0.022,0.019,0.018,STANCE,0.5453,-0.2285,0.0162,0,0.00,0.003,0.009,0.023,STANCE,0.5515,0.1503,0.0152,0,0.00,0.013,0.012,0.021,STANCE
41.076,2724,placemove,0.8224,-0.0151,0.2535,-0.0587,-0.0666,-0.0125,0.0223,0.0056,0.0148,-0.0251,0.1028,-0.0411,1.000,0.000,0.0000,0.0000,1.0615,-0.2819,0.1849,1,2.91,1.323,0.157,0.563,STANCE,0.9837,0.2476,0.1547,0,0.00,0.037,0.135,0.105,SWING,0.8043,-0.3761,0.0173,0,0.00,0.008,0.126,0.050,STANCE,0.8047,0.3141,0.0144,1,3.34,0.730,0.512,0.015,STANCE,0.5455,-0.2286,0.0149,1,2.68,0.662,0.862,0.836,STANCE,0.5516,0.1501,0.0147,0,0.00,0.013,0.009,0.003,STANCE
41.164,2728,placemove,0.8224,-0.0149,0.2529,-0.0606,-0.0681,-0.0132,-0.0203,0.0381,0.0171,-0.1724,-0.0673,-0.0303,1.000,0.000,0.0000,0.0000,1.0615,-0.2819,0.1849,0,0.00,0.063,0.190,0.004,STANCE,0.9823,0.2443,0.1649,0,0.00,0.007,0.119,0.099,SWING,0.8047,-0.3764,0.0148,1,32.99,0.469,0.677,1.943,STANCE,0.8051,0.3141,0.0149,1,14.57,0.167,2.754,0.398,STANCE,0.5456,-0.2286,0.0155,0,0.00,0.040,0.230,0.000,STANCE,0.5519,0.1502,0.0150,0,0.00,0.062,0.123,0.015,STANCE
41.239,2732,placemove,0.8230,-0.0142,0.2529,-0.0622,-0.0661,-0.0127,0.0457,0.0510,-0.0474,-0.0870,0.3057,-0.0917,1.000,0.000,0.0000,0.0000,1.0621,-0.2812,0.1852,1,1.84,0.628,0.651,0.499,STANCE,0.9837,0.2403,0.1754,0,0.00,0.424,0.154,0.030,SWING,0.8045,-0.3788,0.0191,0,0.00,0.152,0.104,0.100,STANCE,0.8044,0.3160,0.0192,0,0.00,0.167,0.487,0.256,STANCE,0.5461,-0.2287,0.0146,0,0.00,0.152,0.082,0.044,STANCE,0.5509,0.1507,0.0182,0,0.00,0.152,0.222,0.151,STANCE
41.290,2736,placemove,0.8229,-0.0138,0.2509,-0.0671,-0.0685,-0.0130,-0.0282,0.0220,-0.1166,-0.0553,-0.4034,-0.0680,1.000,0.000,0.0000,0.0000,1.0622,-0.2812,0.1850,1,3.69,0.100,0.134,0.673,STANCE,0.9860,0.2426,0.1754,0,0.00,0.136,0.115,0.095,SWING,0.8031,-0.3858,0.0288,0,0.00,0.002,0.154,0.092,STANCE,0.8040,0.3175,0.0248,0,0.00,0.051,0.175,0.159,STANCE,0.5432,-0.2305,0.0214,0,0.00,0.010,0.149,0.164,STANCE,0.5499,0.1512,0.0243,0,0.00,0.033,0.004,0.038,STANCE
41.315,2740,placemove,0.8222,-0.0135,0.2479,-0.0737,-0.0740,-0.0120,-0.0494,0.0255,-0.2447,-0.5490,-0.4008,0.0507,1.000,0.000,0.0000,0.0000,1.0620,-0.2810,0.1849,1,1.48,0.201,0.007,0.316,STANCE,0.9835,0.2478,0.1609,0,0.00,0.032,0.087,0.097,SWING,0.8046,-0.3812,0.0282,0,0.00,0.002,0.287,0.021,STANCE,0.8048,0.3137,0.0196,0,0.00,0.026,0.077,0.013,STANCE,0.5463,-0.2301,0.0177,0,0.00,0.013,0.045,0.010,STANCE,0.5518,0.1492,0.0189,0,0.00,0.025,0.027,0.006,STANCE
41.379,2744,placemove,0.8221,-0.0133,0.2464,-0.0772,-0.0758,-0.0119,0.0148,-0.0076,0.0248,0.0410,0.0557,-0.0243,1.000,0.000,0.0000,0.0000,1.0621,-0.2810,0.1848,1,2.22,0.783,0.021,0.669,STANCE,0.9845,0.2510,0.1548,0,0.00,0.027,0.111,0.001,SWING,0.8059,-0.3783,0.0246,0,0.00,0.016,0.147,0.041,STANCE,0.8052,0.3125,0.0144,1,2.74,0.061,0.600,0.100,STANCE,0.5471,-0.2312,0.0142,1,1.89,0.717,0.202,0.043,STANCE,0.5523,0.1481,0.0136,0,0.00,0.007,0.019,0.012,STANCE
41.404,2748,placemove,0.8222,-0.0133,0.2465,-0.0770,-0.0755,-0.0125,0.0048,-0.0021,-0.0003,0.0061,0.0116,-0.0238,1.000,0.000,0.0000,0.0000,1.0622,-0.2810,0.1848,1,3.09,0.283,0.631,0.175,STANCE,0.9826,0.2471,0.1658,0,0.00,0.010,0.124,0.104,SWING,0.8061,-0.3782,0.0223,0,0.00,0.022,0.138,0.047,STANCE,0.8052,0.3125,0.0143,1,2.91,0.291,0.672,0.157,STANCE,0.5471,-0.2312,0.0142,1,2.61,0.519,0.174,0.124,STANCE,0.5524,0.1481,0.0137,1,3.65,0.058,0.267,0.267,STANCE
41.445,2752,placemove,0.8222,-0.0133,0.2464,-0.0769,-0.0754,-0.0129,0.0021,-0.0005,-0.0012,0.0030,0.0081,-0.0190,1.000,0.000,0.0000,0.0000,1.0622,-0.2810,0.1847,1,4.10,0.408,0.587,0.207,STANCE,0.9820,0.2436,0.1762,0,0.00,0.312,0.139,0.036,SWING,0.8063,-0.3784,0.0199,0,0.00,0.010,0.142,0.050,STANCE,0.8052,0.3125,0.0143,1,2.75,0.010,0.750,0.225,STANCE,0.5471,-0.2312,0.0142,1,2.13,0.605,0.049,0.147,STANCE,0.5524,0.1481,0.0137,1,3.70,0.029,0.311,0.243,STANCE
41.466,2756,placemove,0.8223,-0.0133,0.2464,-0.0769,-0.0753,-0.0132,0.0014,-0.0002,-0.0012,0.0021,0.0060,-0.0145,1.000,0.000,0.0000,0.0000,1.0622,-0.2810,0.1846,1,3.77,0.663,0.451,0.291,STANCE,0.9946,0.2479,0.1860,0,0.00,0.101,0.095,0.065,SWING,0.8065,-0.3786,0.0175,0,0.00,0.007,0.145,0.053,STANCE,0.8052,0.3125,0.0143,1,2.87,0.243,0.701,0.186,STANCE,0.5471,-0.2312,0.0143,1,2.37,0.698,0.057,0.167,STANCE,0.5524,0.1481,0.0138,1,4.12,0.030,0.286,0.316,STANCE
41.507,2760,placemove,0.8223,-0.0133,0.2464,-0.0768,-0.0752,-0.0135,0.0015,-0.0005,-0.0012,0.0027,0.0067,-0.0113,1.000,0.000,0.0000,0.0000,1.0622,-0.2810,0.1846,1,3.93,0.708,0.300,0.492,STANCE,1.0115,0.2554,0.1972,0,0.00,0.103,0.142,0.094,SWING,0.8067,-0.3788,0.0151,0,0.00,0.006,0.148,0.056,STANCE,0.8052,0.3125,0.0143,1,2.75,0.268,0.723,0.216,STANCE,0.5471,-0.2312,0.0143,1,2.43,0.858,0.007,0.220,STANCE,0.5524,0.1480,0.0138,1,4.01,0.053,0.230,0.340,STANCE
41.598,2764,placemove,0.8223,-0.0127,0.2463,-0.0785,-0.0807,-0.0133,0.0054,0.0366,-0.0925,-0.0602,-0.6596,0.0305,1.000,0.000,0.0000,0.0000,1.0625,-0.2805,0.1860,0,0.00,0.001,0.001,0.000,STANCE,1.0293,0.2617,0.2112,0,0.00,0.094,0.115,0.093,SWING,0.8071,-0.3811,0.0180,0,0.00,0.005,0.100,0.101,STANCE,0.8056,0.3143,0.0178,0,0.00,0.004,0.096,0.103,STANCE,0.5462,-0.2317,0.0174,0,0.00,0.003,0.100,0.102,STANCE,0.5519,0.1491,0.0165,0,0.00,0.000,0.099,0.102,STANCE
41.652,2768,placemove,0.8223,-0.0120,0.2435,-0.0796,-0.0855,-0.0131,-0.0058,0.0359,-0.2054,-0.4197,-0.2597,-0.0581,1.000,0.000,0.0000,0.0000,1.0630,-0.2798,0.1850,1,9.67,0.008,1.031,0.375,STANCE,1.0471,0.2658,0.2258,0,0.00,0.069,0.110,0.091,SWING,0.8077,-0.3831,0.0220,0,0.00,0.055,0.196,0.073,STANCE,0.8064,0.3142,0.0199,0,0.00,0.079,0.127,0.044,STANCE,0.5480,-0.2304,0.0185,0,0.00,0.054,0.071,0.030,STANCE,0.5530,0.1499,0.0204,0,0.00,0.016,0.274,0.100,STANCE
41.704,2772,placemove,0.8221,-0.0117,0.2414,-0.0834,-0.0889,-0.0132,0.0100,-0.0256,0.0718,0.1287,0.0797,-0.0085,1.000,0.000,0.0000,0.0000,1.0630,-0.2797,0.1848,1,1.39,0.472,0.028,0.294,STANCE,1.0649,0.2660,0.2344,0,0.00,0.140,0.134,0.115,SWING,0.8092,-0.3786,0.0180,0,0.00,0.010,0.194,0.046,STANCE,0.8073,0.3131,0.0143,1,6.63,1.180,0.418,0.416,STANCE,0.5495,-0.2307,0.0143,1,5.39,0.582,1.429,0.443,STANCE,0.5542,0.1490,0.0155,0,0.00,0.001,0.098,0.007,STANCE
41.781,2776,placemove,0.8223,-0.0119,0.2421,-0.0827,-0.0872,-0.0136,0.0232,-0.0017,0.0248,-0.0063,0.1170,-0.0339,1.000,0.000,0.0000,0.0000,1.0630,-0.2798,0.1848,1,2.15,0.272,0.102,0.783,STANCE,1.0842,0.2618,0.2290,0,0.00,0.094,0.088,0.094,SWING,0.8093,-0.3784,0.0160,0,0.00,0.004,0.135,0.051,STANCE,0.8073,0.3131,0.0147,0,0.00,0.007,0.001,0.002,STANCE,0.5494,-0.2306,0.0148,0,0.00,0.006,0.010,0.002,STANCE,0.5543,0.1488,0.0148,1,2.55,0.247,0.253,0.534,STANCE
41.867,2780,placemove,0.8226,-0.0115,0.2422,-0.0835,-0.0888,-0.0141,0.0208,0.0261,-0.0498,0.0398,-0.4962,-0.0598,1.000,0.000,0.0000,0.0000,1.0632,-0.2797,0.1853,0,0.00,0.032,0.082,0.007,STANCE,1.1021,0.2572,0.2221,0,0.00,0.218,0.110,0.094,SWING,0.8094,-0.3793,0.0160,0,0.00,0.071,0.060,0.011,STANCE,0.8075,0.3136,0.0159,0,0.00,0.009,0.249,0.070,STANCE,0.5490,-0.2307,0.0164,0,0.00,0.064,0.126,0.038,STANCE,0.5543,0.1492,0.0158,0,0.00,0.031,0.291,0.077,STANCE
41.906,2784,placemove,0.8228,-0.0110,0.2404,-0.0857,-0.0915,-0.0159,0.0026,0.0451,-0.1499,-0.3242,-0.2506,-0.0991,1.000,0.000,0.0000,0.0000,1.0631,-0.2798,0.1849,1,1.65,0.029,0.007,0.390,STANCE,1.1103,0.2600,0.2122,0,0.00,0.027,0.081,0.101,SWING,0.8094,-0.3788,0.0182,0,0.00,0.011,0.131,0.014,STANCE,0.8089,0.3137,0.0170,0,0.00,0.010,0.036,0.004,STANCE,0.5498,-0.2296,0.0165,0,0.00,0.001,0.042,0.002,STANCE,0.5556,0.1500,0.0162,0,0.00,0.010,0.007,0.007,STANCE
41.968,2788,placemove,0.8239,-0.0108,0.2404,-0.0866,-0.0906,-0.0159,0.1055,-0.0011,0.0290,0.0124,0.0230,-0.0071,1.000,0.000,0.0000,0.0000,1.0630,-0.2797,0.1849,1,0.94,0.355,0.377,0.342,SHIFT,1.1162,0.2644,0.2015,0,0.00,0.081,0.117,0.092,SHIFT,0.8094,-0.3782,0.0161,0,0.00,0.025,0.114,0.044,SHIFT,0.8092,0.3136,0.0145,1,0.59,0.407,0.117,0.009,SHIFT,0.5499,-0.2295,0.0148,1,1.26,0.188,0.168,0.267,SHIFT,0.5558,0.1500,0.0147,0,0.00,0.053,0.020,0.002,SHIFT
42.037,2792,placemove,0.8257,-0.0105,0.2410,-0.0879,-0.0905,-0.0154,0.1045,0.0334,0.0380,-0.0973,0.0002,0.0574,1.000,0.000,0.0000,0.0000,1.0629,-0.2796,0.1854,0,0.00,0.096,0.020,0.003,SHIFT,1.1218,0.2690,0.1916,0,0.00,0.032,0.115,0.089,SHIFT,0.8096,-0.3782,0.0147,0,0.00,0.090,0.070,0.060,SHIFT,0.8092,0.3136,0.0145,1,4.70,0.530,0.735,1.127,SHIFT,0.5498,-0.2294,0.0153,0,0.00,0.111,0.032,0.006,SHIFT,0.5557,0.1501,0.0149,0,0.00,0.053,0.035,0.002,SHIFT
42.068,2796,placemove,0.8268,-0.0106,0.2412,-0.0828,-0.1003,-0.0143,-0.0088,-0.0785,0.1761,0.2510,-0.2281,0.0313,1.000,0.000,0.0000,0.0000,1.0632,-0.2788,0.1863,0,0.00,0.034,0.098,0.008,SHIFT,1.1250,0.2721,0.1848,1,20.90,0.381,2.940,2.940,SHIFT,0.8113,-0.3773,0.0157,0,0.00,0.098,0.603,0.071,SHIFT,0.8100,0.3149,0.0186,0,0.00,0.175,0.044,0.059,SHIFT,0.5512,-0.2287,0.0145,1,42.10,1.598,2.940,2.940,SHIFT,0.5567,0.1511,0.0160,0,0.00,0.237,0.405,0.003,SHIFT
42.156,2800,placemove,0.8256,-0.0125,0.2457,-0.0730,-0.1121,-0.0138,-0.1194,-0.1150,0.2575,0.4850,-0.8590,0.0870,1.000,0.000,0.0000,0.0000,1.0613,-0.2797,0.1905,0,0.00,0.074,0.016,0.005,SHIFT,1.1259,0.2736,0.1850,0,0.00,0.071,0.105,0.056,SHIFT,0.8115,-0.3768,0.0147,0,0.00,0.077,0.047,0.049,SHIFT,0.8092,0.3150,0.0238,0,0.00,0.092,0.064,0.017,SHIFT,0.5493,-0.2289,0.0197,0,0.00,0.050,0.101,0.100,SHIFT,0.5562,0.1509,0.0170,0,0.00,0.045,0.040,0.007,SHIFT
42.186,2804,placemove,0.8239,-0.0141,0.2485,-0.0556,-0.1319,-0.0134,-0.0902,-0.0885,0.1037,1.2104,-1.4993,0.1570,1.000,0.000,0.0000,0.0000,1.0593,-0.2800,0.1936,0,0.00,0.055,0.027,0.005,SHIFT,1.1245,0.2730,0.1847,1,2.24,0.064,0.612,0.600,SHIFT,0.8111,-0.3803,0.0199,0,0.00,0.085,0.071,0.107,SHIFT,0.8091,0.3166,0.0292,0,0.00,0.125,0.095,0.023,SHIFT,0.5473,-0.2281,0.0249,0,0.00,0.053,0.032,0.114,SHIFT,0.5567,0.1520,0.0150,0,0.00,0.079,0.011,0.002,SHIFT
42.245,2808,placemove,0.8239,-0.0167,0.2507,-0.0327,-0.1497,-0.0073,0.0243,-0.1664,0.0984,1.4975,-1.1910,0.6432,1.000,0.000,0.0000,0.0000,1.0603,-0.2792,0.1942,0,0.00,0.089,0.004,0.003,SHIFT,1.1226,0.2727,0.1854,1,1.07,0.330,0.607,0.459,SHIFT,0.8137,-0.3833,0.0234,0,0.00,0.084,0.092,0.102,SHIFT,0.8084,0.3187,0.0358,0,0.00,0.082,0.096,0.023,SHIFT,0.5486,-0.2281,0.0282,0,0.00,0.054,0.116,0.100,SHIFT,0.5578,0.1523,0.0144,1,0.80,0.421,0.323,0.122,SHIFT
42.274,2812,placemove,0.8249,-0.0196,0.2518,-0.0052,-0.1695,-0.0016,0.0900,-0.1776,0.0479,1.8069,-1.2857,0.6653,1.000,0.000,0.0000,0.0000,1.0635,-0.2777,0.1929,0,0.00,0.033,0.009,0.002,SHIFT,1.1181,0.2709,0.1850,1,7.00,2.238,2.932,2.727,SHIFT,0.8203,-0.3806,0.0204,0,0.00,0.082,0.107,0.131,SHIFT,0.8080,0.3212,0.0428,0,0.00,0.161,0.211,0.038,SHIFT,0.5572,-0.2259,0.0223,0,0.00,0.060,0.062,0.043,SHIFT,0.5594,0.1526,0.0145,1,3.37,1.763,1.238,0.380,SHIFT
42.340,2816,placemove,0.8269,-0.0219,0.2529,0.0139,-0.1765,-0.0016,0.1684,-0.0705,0.1109,0.4574,0.2087,-0.1092,1.000,0.000,0.0000,0.0000,1.0662,-0.2771,0.1906,0,0.00,0.105,0.025,0.004,SHIFT,1.1137,0.2675,0.1829,1,5.66,0.381,2.940,2.790,SHIFT,0.8271,-0.3695,0.0135,0,0.00,0.063,0.248,0.273,SHIFT,0.8077,0.3228,0.0481,0,0.00,0.095,0.167,0.037,SHIFT,0.5623,-0.2252,0.0142,1,3.16,0.246,2.123,1.165,SHIFT,0.5601,0.1529,0.0171,0,0.00,0.079,0.252,0.003,SHIFT
42.383,2820,placemove,0.8296,-0.0227,0.2544,0.0204,-0.1757,-0.0051,0.1395,-0.0186,0.0701,0.2223,0.1206,-0.0376,1.000,0.000,0.0000,0.0000,1.0672,-0.2774,0.1901,0,0.00,0.236,0.020,0.017,SHIFT,1.1082,0.2583,0.1789,1,10.37,2.422,2.940,2.940,SHIFT,0.8283,-0.3657,0.0136,1,4.05,1.541,2.649,1.232,SHIFT,0.8088,0.3233,0.0492,0,0.00,0.108,0.153,0.043,SHIFT,0.5629,-0.2247,0.0144,0,0.00,0.099,0.072,0.010,SHIFT,0.5605,0.1534,0.0213,0,0.00,0.063,0.158,0.025,SHIFT
42.436,2824,placemove,0.8318,-0.0224,0.2552,0.0218,-0.1762,-0.0075,0.1132,0.0342,0.0401,0.0490,-0.1064,-0.0713,1.000,0.000,0.0000,0.0000,1.0675,-0.2771,0.1903,0,0.00,0.145,0.010,0.002,SHIFT,1.1082,0.2583,0.1793,1,9.33,0.284,2.940,1.591,SHIFT,0.8288,-0.3648,0.0137,0,0.11,0.056,0.169,0.089,SHIFT,0.8095,0.3238,0.0479,0,0.00,0.006,0.207,0.039,SHIFT,0.5634,-0.2241,0.0147,1,4.49,0.637,2.907,1.557,SHIFT,0.5612,0.1540,0.0200,0,0.00,0.037,0.108,0.018,SHIFT
42.465,2828,placemove,0.8338,-0.0220,0.2559,0.0234,-0.1779,-0.0088,0.1011,0.0128,0.0370,0.2865,-0.1044,0.0403,1.000,0.000,0.0000,0.0000,1.0680,-0.2766,0.1908,0,0.00,0.044,0.055,0.006,STANCE,1.1083,0.2585,0.1796,1,9.09,0.239,2.940,1.670,STANCE,0.8296,-0.3641,0.0145,0,0.00,0.024,0.237,0.002,SWING,0.8104,0.3244,0.0461,0,0.00,0.008,0.140,0.032,STANCE,0.5638,-0.2238,0.0146,1,4.14,0.187,2.940,1.615,STANCE,0.5622,0.1545,0.0177,0,0.00,0.020,0.122,0.028,STANCE
42.501,2832,placemove,0.8354,-0.0218,0.2565,0.0318,-0.1803,-0.0088,0.0893,0.0112,0.0288,0.5292,-0.1624,0.1223,1.000,0.000,0.0000,0.0000,1.0705,-0.2752,0.1882,0,0.00,0.013,0.115,0.009,STANCE,1.1084,0.2586,0.1799,1,7.81,0.676,2.940,2.017,STANCE,0.8297,-0.3666,0.0218,0,0.00,0.035,0.123,0.102,SWING,0.8117,0.3262,0.0468,0,0.00,0.007,0.119,0.028,STANCE,0.5642,-0.2237,0.0145,1,3.94,0.494,2.940,1.719,STANCE,0.5640,0.1558,0.0166,0,0.00,0.002,0.106,0.022,STANCE
42.530,2836,placemove,0.8365,-0.0216,0.2571,0.0383,-0.1819,-0.0090,-0.0071,0.0241,0.0588,-0.1528,-0.0176,-0.0998,1.000,0.000,0.0000,0.0000,1.0729,-0.2739,0.1850,1,9.35,2.940,1.391,0.514,STANCE,1.1086,0.2587,0.1801,1,6.56,2.278,2.940,2.010,STANCE,0.8292,-0.3693,0.0300,0,0.00,0.131,0.385,0.057,SWING,0.8130,0.3280,0.0476,0,0.00,0.104,0.047,0.000,STANCE,0.5648,-0.2234,0.0145,1,3.89,0.397,2.940,1.749,STANCE,0.5658,0.1572,0.0155,0,0.00,0.055,0.104,0.031,STANCE
42.567,2840,placemove,0.8368,-0.0213,0.2582,0.0383,-0.1812,-0.0106,0.0414,0.0277,0.0585,0.1030,-0.1231,0.0026,1.000,0.000,0.0000,0.0000,1.0733,-0.2735,0.1852,0,0.00,0.048,0.045,0.003,STANCE,1.1086,0.2587,0.1804,1,6.48,0.824,2.940,2.341,STANCE,0.8261,-0.3732,0.0417,0,0.00,0.073,0.113,0.097,SWING,0.8134,0.3282,0.0462,0,0.00,0.008,0.102,0.027,STANCE,0.5617,-0.2261,0.0140,1,3.91,0.718,2.683,1.454,STANCE,0.5661,0.1573,0.0151,0,0.00,0.001,0.004,0.001,STANCE
42.597,2844,placemove,0.8373,-0.0213,0.2590,0.0394,-0.1821,-0.0106,0.0269,-0.0161,0.0386,0.0988,0.1167,-0.0041,1.000,0.000,0.0000,0.0000,1.0743,-0.2730,0.1862,0,0.00,0.021,0.031,0.000,STANCE,1.1086,0.2588,0.1808,1,5.95,1.067,1.948,1.252,STANCE,0.8258,-0.3765,0.0528,0,0.00,0.264,0.100,0.101,SWING,0.8142,0.3286,0.0449,0,0.00,0.012,0.175,0.037,STANCE,0.5562,-0.2308,0.0140,1,2.19,0.584,1.532,0.847,STANCE,0.5668,0.1573,0.0150,1,7.40,0.055,0.409,0.551,STANCE
42.656,2848,placemove,0.8376,-0.0215,0.2594,0.0395,-0.1815,-0.0110,0.0011,-0.0002,0.0236,-0.1124,-0.0269,-0.0089,1.000,0.000,0.0000,0.0000,1.0749,-0.2729,0.1850,0,0.00,0.082,0.064,0.025,STANCE,1.1087,0.2588,0.1811,1,7.60,0.849,2.940,2.136,STANCE,0.8364,-0.3816,0.0663,0,0.00,0.201,0.103,0.106,SWING,0.8145,0.3284,0.0431,0,0.00,0.003,0.119,0.030,STANCE,0.5511,-0.2347,0.0149,1,4.31,1.076,2.747,1.506,STANCE,0.5669,0.1569,0.0150,0,0.00,0.013,0.004,0.004,STANCE
42.726,2852,placemove,0.8376,-0.0217,0.2597,0.0400,-0.1815,-0.0109,0.0022,-0.0135,0.0088,0.0223,0.0029,-0.0380,1.000,0.000,0.0000,0.0000,1.0752,-0.2729,0.1850,0,0.03,0.029,0.036,0.015,STANCE,1.1085,0.2587,0.1814,1,8.07,0.780,2.504,1.464,STANCE,0.8517,-0.3855,0.0808,0,0.00,0.151,0.125,0.101,SWING,0.8148,0.3284,0.0411,0,0.00,0.000,0.115,0.029,STANCE,0.5502,-0.2354,0.0149,1,4.41,1.000,2.786,1.542,STANCE,0.5670,0.1567,0.0148,1,0.56,0.304,0.230,0.124,STANCE
42.765,2856,placemove,0.8376,-0.0218,0.2598,0.0405,-0.1818,-0.0116,0.0014,-0.0062,0.0005,0.0298,-0.0064,-0.0506,1.000,0.000,0.0000,0.0000,1.0752,-0.2729,0.1850,0,0.22,0.047,0.055,0.095,STANCE,1.1086,0.2587,0.1817,1,7.70,0.934,2.819,1.912,STANCE,0.8667,-0.3874,0.0950,0,0.00,0.149,0.118,0.103,SWING,0.8152,0.3285,0.0390,0,0.00,0.008,0.124,0.032,STANCE,0.5496,-0.2357,0.0149,1,4.60,0.997,2.822,1.552,STANCE,0.5670,0.1567,0.0148,1,0.55,0.236,0.218,0.119,STANCE
42.839,2860,placemove,0.8376,-0.0219,0.2598,0.0411,-0.1821,-0.0119,0.0039,-0.0069,0.0004,0.0125,-0.0043,-0.0238,1.000,0.000,0.0000,0.0000,1.0753,-0.2730,0.1850,1,0.81,0.227,0.091,0.322,STANCE,1.1086,0.2587,0.1819,1,7.65,0.810,2.836,1.931,STANCE,0.8819,-0.3873,0.1093,0,0.00,0.118,0.132,0.107,SWING,0.8157,0.3285,0.0368,0,0.00,0.005,0.118,0.035,STANCE,0.5493,-0.2360,0.0147,1,4.52,0.911,2.873,1.718,STANCE,0.5672,0.1566,0.0148,0,0.43,0.125,0.197,0.111,STANCE
42.908,2864,placemove,0.8377,-0.0220,0.2598,0.0414,-0.1823,-0.0122,-0.0017,-0.0090,0.0038,0.0796,-0.0596,0.0742,1.000,0.000,0.0000,0.0000,1.0754,-0.2730,0.1850,1,1.74,0.473,0.116,0.647,STANCE,1.1086,0.2587,0.1822,1,8.01,0.551,2.528,1.457,STANCE,0.8967,-0.3853,0.1235,0,0.00,0.125,0.125,0.110,SWING,0.8161,0.3286,0.0345,0,0.00,0.004,0.161,0.041,STANCE,0.5477,-0.2373,0.0150,0,0.00,0.249,1.324,0.624,STANCE,0.5673,0.1564,0.0148,1,1.94,0.960,0.480,0.059,STANCE
42.970,2868,placemove,0.8377,-0.0221,0.2599,0.0420,-0.1826,-0.0127,-0.0018,-0.0032,0.0015,0.0072,0.0088,-0.0150,1.000,0.000,0.0000,0.0000,1.0755,-0.2730,0.1850,1,0.90,0.198,0.101,0.346,STANCE,1.1086,0.2587,0.1824,1,7.63,0.611,2.771,1.872,STANCE,0.9112,-0.3814,0.1376,0,0.00,0.137,0.150,0.105,SWING,0.8166,0.3287,0.0324,0,0.00,0.010,0.110,0.034,STANCE,0.5477,-0.2374,0.0148,1,4.45,1.008,2.940,1.635,STANCE,0.5674,0.1564,0.0148,1,0.65,0.088,0.277,0.147,STANCE
43.045,2872,placemove,0.8378,-0.0221,0.2601,0.0415,-0.1831,-0.0126,0.0068,-0.0099,0.0077,-0.0177,0.0032,-0.0037,1.000,0.000,0.0000,0.0000,1.0758,-0.2731,0.1854,0,0.00,0.001,0.032,0.000,STANCE,1.1085,0.2587,0.1825,1,7.88,0.813,2.513,1.453,STANCE,0.9208,-0.3750,0.1329,0,0.00,0.090,0.069,0.099,SWING,0.8171,0.3287,0.0301,0,0.00,0.001,0.118,0.037,STANCE,0.5475,-0.2377,0.0148,1,4.35,0.687,2.865,1.730,STANCE,0.5674,0.1562,0.0148,0,0.35,0.160,0.114,0.063,STANCE
43.114,2876,placemove,0.8379,-0.0224,0.2600,0.0425,-0.1832,-0.0123,0.0063,-0.0227,-0.0156,0.1402,-0.0198,0.0626,1.000,0.000,0.0000,0.0000,1.0761,-0.2731,0.1852,0,0.00,0.009,0.033,0.001,STANCE,1.1085,0.2586,0.1827,1,9.37,0.560,2.640,1.308,STANCE,0.9242,-0.3757,0.1210,0,0.00,0.008,0.043,0.087,SWING,0.8175,0.3287,0.0279,0,0.00,0.037,0.144,0.041,STANCE,0.5477,-0.2380,0.0147,1,3.57,0.695,2.940,1.889,STANCE,0.5675,0.1560,0.0149,1,0.67,0.319,0.126,0.036,STANCE
43.225,2880,placemove,0.8389,-0.0225,0.2601,0.0433,-0.1835,-0.0131,0.1008,-0.0001,0.0150,0.0324,-0.0063,0.1277,1.000,0.000,0.0000,0.0000,1.0761,-0.2732,0.1850,0,0.00,0.109,0.013,0.003,SHIFT,1.1084,0.2586,0.1828,1,5.39,0.213,1.923,1.162,SHIFT,0.9265,-0.3758,0.1091,0,0.00,0.101,0.122,0.088,SHIFT,0.8179,0.3287,0.0256,0,0.00,0.048,0.204,0.059,SHIFT,0.5470,-0.2389,0.0151,0,0.00,0.332,1.535,0.700,SHIFT,0.5675,0.1559,0.0148,0,0.00,0.001,0.055,0.008,SHIFT
43.294,2884,placemove,0.8409,-0.0226,0.2604,0.0435,-0.1834,-0.0132,0.0928,-0.0115,0.0216,0.0053,0.0092,0.1428,1.000,0.000,0.0000,0.0000,1.0764,-0.2732,0.1850,1,3.30,1.537,0.577,0.281,SHIFT,1.1084,0.2586,0.1829,1,6.75,1.829,2.067,0.830,SHIFT,0.9289,-0.3756,0.0974,0,0.00,0.025,0.067,0.090,SHIFT,0.8184,0.3288,0.0233,0,0.00,0.037,0.180,0.057,SHIFT,0.5470,-0.2392,0.0152,0,0.00,0.383,1.434,0.675,SHIFT,0.5676,0.1558,0.0148,0,0.00,0.044,0.063,0.011,SHIFT
43.383,2888,placemove,0.8428,-0.0228,0.2608,0.0438,-0.1835,-0.0131,0.1170,-0.0091,0.0195,-0.0161,0.0443,0.0368,1.000,0.000,0.0000,0.0000,1.0766,-0.2732,0.1850,0,0.24,0.230,0.011,0.019,SHIFT,1.1083,0.2585,0.1830,1,7.56,0.317,2.725,1.743,SHIFT,0.9310,-0.3746,0.0858,0,0.00,0.144,0.076,0.097,SHIFT,0.8188,0.3288,0.0211,0,0.00,0.001,0.141,0.050,SHIFT,0.5487,-0.2380,0.0148,1,4.48,0.929,2.842,1.696,SHIFT,0.5676,0.1556,0.0148,0,0.00,0.052,0.057,0.011,SHIFT
43.454,2892,placemove,0.8449,-0.0229,0.2611,0.0440,-0.1837,-0.0129,0.1191,-0.0063,0.0160,0.0174,-0.0129,0.0263,1.000,0.000,0.0000,0.0000,1.0768,-0.2732,0.1849,1,0.65,0.462,0.100,0.037,SHIFT,1.1085,0.2586,0.1831,1,5.26,0.158,2.115,1.469,SHIFT,0.9329,-0.3728,0.0744,0,0.00,0.210,0.103,0.105,SHIFT,0.8193,0.3288,0.0188,0,0.00,0.027,0.153,0.053,SHIFT,0.5506,-0.2368,0.0146,1,4.98,0.455,1.779,1.041,SHIFT,0.5677,0.1555,0.0148,0,0.00,0.096,0.068,0.013,SHIFT
43.594,2896,placemove,0.8469,-0.0229,0.2615,0.0443,-0.1838,-0.0129,0.1020,-0.0030,0.0190,-0.0056,0.0178,0.1373,1.000,0.000,0.0000,0.0000,1.0770,-0.2732,0.1849,1,3.41,1.642,0.866,0.108,SHIFT,1.1085,0.2586,0.1831,1,6.11,2.229,2.021,0.879,SHIFT,0.9348,-0.3702,0.0631,0,0.00,0.030,0.068,0.089,SHIFT,0.8198,0.3289,0.0165,0,0.00,0.065,0.180,0.065,SHIFT,0.5505,-0.2373,0.0151,0,0.00,0.392,1.445,0.694,SHIFT,0.5678,0.1554,0.0148,0,0.00,0.047,0.068,0.021,SHIFT
43.686,2900,placemove,0.8487,-0.0233,0.2620,0.0451,-0.1835,-0.0132,0.1016,-0.0413,0.0435,0.0490,0.0567,0.0913,1.000,0.000,0.0000,0.0000,1.0771,-0.2733,0.1849,1,2.68,0.690,0.341,0.988,SHIFT,1.1084,0.2584,0.1834,0,0.00,0.054,0.031,0.005,SHIFT,0.9362,-0.3670,0.0520,0,0.00,0.058,0.055,0.092,SHIFT,0.8201,0.3288,0.0146,1,1.99,0.660,0.065,0.097,SHIFT,0.5522,-0.2362,0.0150,0,0.00,0.384,1.324,0.807,SHIFT,0.5677,0.1552,0.0151,0,0.00,0.049,0.015,0.001,SHIFT
43.822,2904,placemove,0.8506,-0.0236,0.2626,0.0458,-0.1832,-0.0136,0.1224,-0.0115,0.0546,0.0139,0.1586,0.0005,1.000,0.000,0.0000,0.0000,1.0770,-0.2736,0.1848,1,3.08,0.755,0.137,1.055,SHIFT,1.1083,0.2582,0.1837,1,1.85,1.084,0.444,0.024,SHIFT,0.9373,-0.3631,0.0412,0,0.00,0.011,0.028,0.103,SHIFT,0.8200,0.3287,0.0147,0,0.00,0.058,0.023,0.003,SHIFT,0.5540,-0.2351,0.0149,1,1.55,0.556,1.277,0.867,SHIFT,0.5677,0.1550,0.0149,1,4.04,0.826,1.192,1.227,SHIFT
43.862,2908,placemove,0.8527,-0.0237,0.2631,0.0459,-0.1826,-0.0133,0.1034,-0.0052,0.0203,0.0028,0.0122,0.1054,1.000,0.000,0.0000,0.0000,1.0773,-0.2736,0.1848,1,2.80,1.208,0.334,0.425,SHIFT,1.1084,0.2581,0.1838,1,4.70,2.049,1.115,0.087,SHIFT,0.9385,-0.3583,0.0309,0,0.00,0.041,0.080,0.091,SHIFT,0.8200,0.3287,0.0150,0,0.00,0.033,0.054,0.014,SHIFT,0.5560,-0.2340,0.0153,0,0.00,0.355,1.351,0.677,SHIFT,0.5679,0.1549,0.0148,1,2.52,0.429,1.061,0.990,SHIFT
43.930,2912,placemove,0.8546,-0.0239,0.2635,0.0463,-0.1827,-0.0139,0.1000,-0.0168,0.0407,0.0691,0.0659,-0.0438,1.000,0.000,0.0000,0.0000,1.0773,-0.2738,0.1848,1,7.96,0.915,0.689,1.189,SHIFT,1.1085,0.2579,0.1839,0,0.00,0.026,0.092,0.021,SHIFT,0.9394,-0.3529,0.0209,0,0.00,0.050,0.087,0.105,SHIFT,0.8201,0.3286,0.0149,1,12.93,0.326,1.219,0.187,SHIFT,0.5595,-0.2318,0.0145,1,3.72,0.298,0.577,0.388,SHIFT,0.5680,0.1548,0.0147,0,0.00,0.077,0.216,0.045,SHIFT
43.989,2916,placemove,0.8562,-0.0236,0.2652,0.0412,-0.1835,-0.0139,0.0601,0.0656,0.1828,-0.6717,-0.1217,-0.1251,1.000,0.000,0.0000,0.0000,1.0768,-0.2741,0.1868,0,0.00,0.070,0.018,0.001,SHIFT,1.1085,0.2577,0.1841,0,0.00,0.067,0.025,0.005,SHIFT,0.9398,-0.3491,0.0146,1,6.41,0.054,2.940,1.100,SHIFT,0.8201,0.3284,0.0146,1,5.11,0.213,2.940,1.388,SHIFT,0.5625,-0.2299,0.0154,0,0.00,0.069,0.198,0.056,SHIFT,0.5679,0.1545,0.0150,0,0.00,0.013,0.081,0.012,SHIFT
44.037,2920,placemove,0.8573,-0.0224,0.2662,0.0317,-0.1858,-0.0145,0.0634,0.0735,-0.0141,-0.6002,0.1318,-0.1464,1.000,0.000,0.0000,0.0000,1.0750,-0.2743,0.1950,0,0.00,0.039,0.013,0.012,STANCE,1.1077,0.2572,0.1891,0,0.00,0.032,0.063,0.022,STANCE,0.9401,-0.3577,0.0200,0,0.00,0.046,0.058,0.074,STANCE,0.8191,0.3299,0.0181,0,0.00,0.006,0.243,0.182,SWING,0.5681,-0.2262,0.0204,0,0.00,0.009,0.187,0.017,STANCE,0.5679,0.1540,0.0167,0,0.00,0.037,0.050,0.005,STANCE
44.065,2924,placemove,0.8589,-0.0215,0.2650,0.0243,-0.1810,-0.0151,0.1251,0.0380,-0.1143,-0.3491,0.1728,-0.0950,1.000,0.000,0.0000,0.0000,1.0756,-0.2743,0.1931,0,0.00,0.004,0.069,0.008,STANCE,1.1062,0.2555,0.1959,0,0.00,0.001,0.115,0.100,STANCE,0.9386,-0.3653,0.0309,0,0.00,0.010,0.073,0.107,STANCE,0.8162,0.3348,0.0236,0,0.00,0.008,0.117,0.098,SWING,0.5708,-0.2248,0.0203,0,0.00,0.000,0.080,0.020,STANCE,0.5679,0.1538,0.0158,0,0.00,0.008,0.009,0.009,STANCE
44.099,2928,placemove,0.8609,-0.0209,0.2617,0.0191,-0.1790,-0.0155,0.1163,0.0309,-0.2545,-0.2851,0.1691,-0.0696,1.000,0.000,0.0000,0.0000,1.0775,-0.2743,0.1886,0,0.00,0.002,0.076,0.009,STANCE,1.1079,0.2564,0.1982,0,0.00,0.002,0.005,0.014,STANCE,0.9386,-0.3704,0.0385,0,0.00,0.005,0.215,0.181,STANCE,0.8144,0.3396,0.0285,0,0.00,0.006,0.105,0.101,SWING,0.5725,-0.2248,0.0166,0,0.00,0.004,0.116,0.032,STANCE,0.5663,0.1540,0.0222,0,0.00,0.008,0.109,0.119,STANCE
44.139,2932,placemove,0.8630,-0.0191,0.2579,0.0056,-0.1746,-0.0177,0.1301,0.1702,-0.2240,-1.0779,0.1020,-0.3902,1.000,0.000,0.0000,0.0000,1.0784,-0.2745,0.1848,1,1.02,0.243,0.107,0.407,STANCE,1.1113,0.2563,0.1885,0,0.00,0.009,0.065,0.011,STANCE,0.9372,-0.3640,0.0365,0,0.00,0.007,0.173,0.013,STANCE,0.8132,0.3435,0.0306,0,0.00,0.002,0.081,0.105,SWING,0.5731,-0.2248,0.0147,1,1.15,0.193,0.036,0.149,STANCE,0.5698,0.1533,0.0175,0,0.00,0.005,0.085,0.017,STANCE
44.249,2936,placemove,0.8636,-0.0185,0.2572,0.0019,-0.1737,-0.0177,-0.0166,-0.0413,0.0520,0.2041,-0.0438,0.1167,1.000,0.000,0.0000,0.0000,1.0786,-0.2745,0.1847,0,0.36,0.135,0.035,0.112,STANCE,1.1129,0.2562,0.1839,0,0.00,0.053,0.036,0.025,STANCE,0.9372,-0.3635,0.0349,0,0.00,0.006,0.142,0.037,STANCE,0.8125,0.3481,0.0376,0,0.00,0.316,0.061,0.112,SWING,0.5730,-0.2246,0.0149,1,4.64,0.126,0.396,0.748,STANCE,0.5711,0.1535,0.0140,0,0.00,0.052,0.014,0.014,STANCE
44.295,2940,placemove,0.8635,-0.0187,0.2575,0.0028,-0.1739,-0.0166,-0.0002,-0.0020,0.0011,0.0108,-0.0068,0.0344,1.000,0.000,0.0000,0.0000,1.0786,-0.2746,0.1847,1,2.61,0.415,0.335,0.169,STANCE,1.1127,0.2562,0.1841,1,2.23,0.578,0.122,0.394,STANCE,0.9377,-0.3633,0.0324,0,0.00,0.008,0.127,0.036,STANCE,0.8234,0.3566,0.0516,0,0.00,0.137,0.119,0.105,SWING,0.5731,-0.2247,0.0148,1,3.72,0.281,0.200,0.557,STANCE,0.5711,0.1534,0.0142,1,3.81,0.242,0.202,0.565,STANCE
44.330,2944,placemove,0.8635,-0.0187,0.2574,0.0029,-0.1740,-0.0161,-0.0004,-0.0011,-0.0014,0.0027,-0.0036,0.0254,1.000,0.000,0.0000,0.0000,1.0786,-0.2746,0.1847,1,3.04,0.417,0.304,0.297,STANCE,1.1127,0.2562,0.1841,1,2.32,0.487,0.176,0.323,STANCE,0.9382,-0.3633,0.0300,0,0.00,0.010,0.127,0.037,STANCE,0.8378,0.3641,0.0656,0,0.00,0.133,0.125,0.105,SWING,0.5731,-0.2247,0.0147,1,3.52,0.300,0.147,0.504,STANCE,0.5711,0.1534,0.0142,1,4.13,0.169,0.222,0.624,STANCE
44.351,2948,placemove,0.8634,-0.0188,0.2574,0.0029,-0.1740,-0.0156,-0.0004,-0.0009,-0.0014,0.0020,-0.0028,0.0196,1.000,0.000,0.0000,0.0000,1.0786,-0.2746,0.1847,1,3.00,0.436,0.238,0.384,STANCE,1.1127,0.2562,0.1841,1,2.55,0.356,0.275,0.215,STANCE,0.9386,-0.3633,0.0276,0,0.00,0.010,0.128,0.038,STANCE,0.8530,0.3699,0.0799,0,0.00,0.129,0.127,0.105,SWING,0.5731,-0.2247,0.0147,1,3.34,0.303,0.078,0.433,STANCE,0.5711,0.1534,0.0141,1,4.15,0.042,0.212,0.625,STANCE
44.391,2952,placemove,0.8634,-0.0188,0.2574,0.0029,-0.1741,-0.0153,-0.0003,-0.0007,-0.0013,0.0017,-0.0022,0.0150,1.000,0.000,0.0000,0.0000,1.0786,-0.2746,0.1846,1,2.93,0.452,0.185,0.447,STANCE,1.1127,0.2562,0.1841,1,2.78,0.244,0.366,0.118,STANCE,0.9390,-0.3633,0.0252,0,0.00,0.011,0.130,0.040,STANCE,0.8688,0.3737,0.0944,0,0.00,0.125,0.128,0.105,SWING,0.5731,-0.2247,0.0146,1,3.19,0.306,0.014,0.369,STANCE,0.5711,0.1534,0.0141,1,4.15,0.064,0.194,0.615,STANCE
44.412,2956,placemove,0.8634,-0.0188,0.2574,0.0029,-0.1741,-0.0151,-0.0003,-0.0006,-0.0012,0.0015,-0.0019,0.0115,1.000,0.000,0.0000,0.0000,1.0786,-0.2746,0.1846,1,2.85,0.463,0.143,0.493,STANCE,1.1127,0.2562,0.1841,1,2.96,0.157,0.441,0.040,STANCE,0.9394,-0.3633,0.0228,0,0.00,0.011,0.131,0.041,STANCE,0.8849,0.3756,0.1090,0,0.00,0.121,0.130,0.105,SWING,0.5731,-0.2247,0.0146,1,3.08,0.308,0.040,0.316,STANCE,0.5711,0.1534,0.0141,1,4.15,0.148,0.173,0.604,STANCE
44.452,2960,placemove,0.8634,-0.0188,0.2574,0.0029,-0.1741,-0.0149,-0.0003,-0.0006,-0.0010,0.0015,-0.0019,0.0088,1.000,0.000,0.0000,0.0000,1.0786,-0.2746,0.1846,1,2.79,0.444,0.108,0.525,STANCE,1.1127,0.2562,0.1841,1,3.02,0.087,0.499,0.027,STANCE,0.9399,-0.3633,0.0204,0,0.00,0.011,0.133,0.043,STANCE,0.9012,0.3754,0.1238,0,0.00,0.118,0.131,0.105,SWING,0.5731,-0.2247,0.0146,1,3.07,0.300,0.090,0.280,STANCE,0.5711,0.1534,0.0141,1,4.16,0.199,0.151,0.593,STANCE
44.504,2964,placemove,0.8634,-0.0188,0.2574,0.0032,-0.1742,-0.0147,0.0028,-0.0008,-0.0008,-0.0004,-0.0009,0.0009,1.000,0.000,0.0000,0.0000,1.0786,-0.2746,0.1846,1,2.65,0.335,0.004,0.640,STANCE,1.1127,0.2562,0.1843,1,2.35,0.224,0.563,0.325,STANCE,0.9403,-0.3633,0.0179,0,0.00,0.017,0.136,0.045,STANCE,0.9183,0.3672,0.1285,0,0.00,0.111,0.071,0.106,SWING,0.5731,-0.2247,0.0145,1,2.68,0.331,0.160,0.180,STANCE,0.5711,0.1534,0.0142,1,4.00,0.276,0.151,0.578,STANCE
44.544,2968,placemove,0.8634,-0.0188,0.2574,0.0032,-0.1742,-0.0146,0.0003,-0.0001,-0.0011,-0.0008,-0.0012,0.0039,1.000,0.000,0.0000,0.0000,1.0786,-0.2746,0.1845,1,2.68,0.463,0.087,0.788,STANCE,1.1127,0.2562,0.1843,1,3.28,0.233,0.781,0.344,STANCE,0.9407,-0.3633,0.0156,0,0.00,0.011,0.137,0.047,STANCE,0.9378,0.3623,0.1195,0,0.00,0.115,0.071,0.095,SWING,0.5731,-0.2247,0.0145,1,2.85,0.338,0.284,0.112,STANCE,0.5711,0.1534,0.0141,1,4.24,0.437,0.190,0.638,STANCE
44.610,2972,placemove,0.8642,-0.0186,0.2579,0.0022,-0.1753,-0.0143,0.1048,-0.0029,0.0227,-0.0324,-0.0034,0.0032,1.000,0.000,0.0000,0.0000,1.0785,-0.2744,0.1853,0,0.00,0.056,0.006,0.010,SHIFT,1.1125,0.2564,0.1846,1,1.09,0.046,0.031,0.284,SHIFT,0.9410,-0.3632,0.0150,0,0.00,0.033,0.047,0.020,SHIFT,0.9577,0.3581,0.1113,0,0.00,0.623,0.136,0.082,SHIFT,0.5732,-0.2247,0.0147,0,0.00,0.073,0.075,0.017,SHIFT,0.5712,0.1534,0.0140,1,1.98,0.908,0.218,0.094,SHIFT
44.658,2976,placemove,0.8662,-0.0187,0.2584,0.0024,-0.1747,-0.0144,0.1018,0.0007,0.0255,0.0244,0.1036,0.0015,1.000,0.000,0.0000,0.0000,1.0786,-0.2745,0.1854,0,0.00,0.011,0.024,0.009,SHIFT,1.1127,0.2564,0.1847,1,6.37,1.924,1.293,0.149,SHIFT,0.9410,-0.3633,0.0150,1,4.30,1.903,1.091,0.240,SHIFT,0.9650,0.3558,0.1009,0,0.00,0.068,0.069,0.096,SHIFT,0.5732,-0.2246,0.0149,0,0.00,0.035,0.179,0.055,SHIFT,0.5712,0.1534,0.0142,0,0.00,0.030,0.202,0.061,SHIFT
44.680,2980,placemove,0.8681,-0.0187,0.2587,0.0025,-0.1744,-0.0144,0.0992,0.0042,0.0157,0.0146,0.0585,0.0069,1.000,0.000,0.0000,0.0000,1.0785,-0.2745,0.1853,0,0.00,0.075,0.004,0.011,SHIFT,1.1126,0.2562,0.1846,1,5.52,1.693,1.932,1.068,SHIFT,0.9409,-0.3633,0.0150,1,5.42,1.679,1.220,0.251,SHIFT,0.9666,0.3541,0.0896,0,0.00,0.033,0.053,0.104,SHIFT,0.5731,-0.2247,0.0151,0,0.00,0.020,0.083,0.017,SHIFT,0.5712,0.1534,0.0145,0,0.00,0.008,0.185,0.081,SHIFT
44.716,2984,placemove,0.8702,-0.0187,0.2592,0.0025,-0.1736,-0.0142,0.1064,-0.0008,0.0212,0.0169,0.0750,0.0123,1.000,0.000,0.0000,0.0000,1.0787,-0.2744,0.1852,0,0.00,0.001,0.007,0.005,SHIFT,1.1127,0.2565,0.1846,1,6.94,1.702,1.065,0.547,SHIFT,0.9410,-0.3632,0.0150,1,3.41,1.539,1.176,0.380,SHIFT,0.9678,0.3519,0.0784,0,0.00,0.022,0.059,0.097,SHIFT,0.5732,-0.2246,0.0148,0,0.00,0.008,0.115,0.036,SHIFT,0.5711,0.1535,0.0147,0,0.00,0.004,0.157,0.048,SHIFT
44.755,2988,placemove,0.8722,-0.0187,0.2595,0.0026,-0.1733,-0.0143,0.1307,-0.0002,0.0093,0.0611,0.0474,-0.0080,1.000,0.000,0.0000,0.0000,1.0788,-0.2744,0.1852,0,0.00,0.095,0.054,0.004,SHIFT,1.1128,0.2564,0.1845,1,1.35,0.693,0.190,0.153,SHIFT,0.9410,-0.3632,0.0150,0,0.00,0.049,0.072,0.016,SHIFT,0.9688,0.3488,0.0673,0,0.00,0.031,0.034,0.110,SHIFT,0.5733,-0.2246,0.0149,1,2.03,0.548,0.044,0.209,SHIFT,0.5712,0.1534,0.0149,0,0.00,0.057,0.129,0.048,SHIFT
44.855,2992,placemove,0.8742,-0.0187,0.2598,0.0026,-0.1731,-0.0141,0.0920,-0.0018,0.0145,-0.0263,-0.0102,0.0113,1.000,0.000,0.0000,0.0000,1.0790,-0.2743,0.1851,0,0.00,0.024,0.025,0.000,SHIFT,1.1129,0.2565,0.1845,1,6.76,1.588,0.717,0.986,SHIFT,0.9412,-0.3632,0.0149,1,2.65,1.162,1.488,0.668,SHIFT,0.9696,0.3451,0.0565,0,0.00,0.032,0.094,0.090,SHIFT,0.5735,-0.2246,0.0149,0,0.00,0.030,0.152,0.073,SHIFT,0.5707,0.1537,0.0150,0,0.00,0.066,0.101,0.016,SHIFT
44.892,2996,placemove,0.8761,-0.0186,0.2601,0.0025,-0.1732,-0.0141,0.1015,-0.0027,0.0172,-0.0089,0.0332,0.0090,1.000,0.000,0.0000,0.0000,1.0790,-0.2742,0.1851,0,0.00,0.015,0.027,0.001,SHIFT,1.1129,0.2566,0.1844,1,6.72,1.533,1.018,0.531,SHIFT,0.9411,-0.3632,0.0150,1,3.05,1.317,1.740,0.772,SHIFT,0.9698,0.3382,0.0452,0,0.00,0.015,0.200,0.025,SHIFT,0.5735,-0.2245,0.0148,0,0.00,0.023,0.157,0.070,SHIFT,0.5711,0.1536,0.0149,0,0.00,0.035,0.078,0.021,SHIFT
44.927,3000,placemove,0.8781,-0.0186,0.2605,0.0024,-0.1730,-0.0139,0.1032,-0.0082,0.0177,-0.0003,0.0426,0.0354,1.000,0.000,0.0000,0.0000,1.0791,-0.2742,0.1851,0,0.00,0.040,0.005,0.002,SHIFT,1.1129,0.2566,0.1844,1,7.35,1.850,0.515,1.482,SHIFT,0.9412,-0.3630,0.0149,1,2.12,1.063,0.758,0.255,SHIFT,0.9694,0.3275,0.0337,0,0.00,0.089,0.450,0.144,SHIFT,0.5736,-0.2245,0.0149,0,0.00,0.094,0.169,0.071,SHIFT,0.5712,0.1535,0.0150,0,0.00,0.092,0.115,0.037,SHIFT
44.981,3004,placemove,0.8800,-0.0187,0.2608,0.0024,-0.1730,-0.0140,0.1005,-0.0031,0.0178,0.0080,0.0580,0.0084,1.000,0.000,0.0000,0.0000,1.0791,-0.2742,0.1851,0,0.00,0.011,0.012,0.003,SHIFT,1.1129,0.2566,0.1843,1,7.13,1.662,1.111,0.517,SHIFT,0.9413,-0.3631,0.0149,1,3.48,1.454,1.322,0.469,SHIFT,0.9696,0.3249,0.0293,0,0.00,0.041,0.136,0.042,SHIFT,0.5736,-0.2246,0.0149,0,0.00,0.016,0.156,0.057,SHIFT,0.5712,0.1535,0.0149,0,0.00,0.013,0.141,0.047,SHIFT
45.052,3008,placemove,0.8819,-0.0187,0.2611,0.0025,-0.1729,-0.0140,0.1007,-0.0020,0.0168,0.0098,0.0497,0.0001,1.000,0.000,0.0000,0.0000,1.0791,-0.2742,0.1850,0,0.00,0.019,0.014,0.004,SHIFT,1.1129,0.2567,0.1843,1,7.24,1.578,1.397,0.123,SHIFT,0.9413,-0.3631,0.0149,1,3.74,1.495,1.462,0.529,SHIFT,0.9699,0.3247,0.0268,0,0.00,0.030,0.132,0.040,SHIFT,0.5736,-0.2246,0.0149,0,0.00,0.002,0.133,0.044,SHIFT,0.5712,0.1534,0.0149,0,0.00,0.003,0.131,0.040,SHIFT
45.100,3012,placemove,0.8835,-0.0188,0.2613,0.0025,-0.1729,-0.0142,0.0479,-0.0013,0.0058,-0.0150,0.0069,0.0112,1.000,0.000,0.0000,0.0000,1.0791,-0.2742,0.1850,1,1.87,0.712,0.097,0.390,STANCE,1.1129,0.2566,0.1843,1,6.65,0.912,1.533,0.336,STANCE,0.9413,-0.3631,0.0149,1,1.35,0.522,0.824,0.393,STANCE,0.9704,0.3247,0.0244,0,0.00,0.070,0.105,0.033,STANCE,0.5735,-0.2246,0.0157,0,0.00,0.078,0.201,0.016,SWING,0.5711,0.1535,0.0149,1,3.10,0.690,0.393,0.647,STANCE
45.140,3016,placemove,0.8837,-0.0188,0.2613,0.0024,-0.1730,-0.0141,0.0017,-0.0001,-0.0027,-0.0043,-0.0061,-0.0027,1.000,0.000,0.0000,0.0000,1.0791,-0.2742,0.1850,1,0.98,0.133,0.098,0.289,STANCE,1.1130,0.2567,0.1842,1,5.17,0.332,1.575,0.905,STANCE,0.9413,-0.3632,0.0148,1,2.31,0.988,0.932,0.372,STANCE,0.9708,0.3246,0.0220,0,0.00,0.010,0.137,0.047,STANCE,0.5699,-0.2259,0.0256,0,0.00,0.005,0.132,0.100,SWING,0.5712,0.1534,0.0148,1,4.48,0.426,0.392,0.779,STANCE
45.162,3020,placemove,0.8837,-0.0188,0.2613,0.0023,-0.1731,-0.0142,-0.0006,0.0005,-0.0030,-0.0035,-0.0046,-0.0018,1.000,0.000,0.0000,0.0000,1.0791,-0.2742,0.1849,1,1.09,0.366,0.014,0.149,STANCE,1.1130,0.2567,0.1842,1,5.34,0.240,1.609,0.927,STANCE,0.9413,-0.3632,0.0148,1,2.47,1.246,0.914,0.336,STANCE,0.9712,0.3246,0.0195,0,0.00,0.011,0.140,0.049,STANCE,0.5661,-0.2269,0.0365,0,0.00,0.007,0.133,0.100,SWING,0.5712,0.1534,0.0147,1,4.16,0.651,0.374,0.722,STANCE
45.197,3024,placemove,0.8837,-0.0188,0.2612,0.0023,-0.1732,-0.0142,-0.0004,0.0005,-0.0027,-0.0030,-0.0027,-0.0014,1.000,0.000,0.0000,0.0000,1.0791,-0.2742,0.1849,1,1.19,0.532,0.053,0.048,STANCE,1.1130,0.2567,0.1842,1,5.52,0.226,1.639,0.926,STANCE,0.9413,-0.3632,0.0148,1,2.52,1.392,0.875,0.306,STANCE,0.9716,0.3246,0.0171,0,0.00,0.011,0.143,0.052,STANCE,0.5629,-0.2275,0.0477,0,0.00,0.007,0.133,0.101,SWING,0.5712,0.1534,0.0147,1,3.83,0.654,0.344,0.664,STANCE
45.246,3028,placemove,0.8837,-0.0188,0.2613,0.0026,-0.1732,-0.0142,-0.0132,-0.0278,0.0366,0.1419,0.0059,0.0170,1.000,0.000,0.0000,0.0000,1.0791,-0.2742,0.1849,1,1.54,0.805,0.289,0.196,STANCE,1.1130,0.2567,0.1841,0,0.00,0.046,0.158,0.014,STANCE,0.9413,-0.3632,0.0148,1,8.08,0.782,2.554,1.022,STANCE,0.9720,0.3246,0.0147,1,27.54,0.583,0.293,1.763,STANCE,0.5605,-0.2279,0.0590,0,0.00,0.023,0.164,0.094,SWING,0.5712,0.1534,0.0146,0,0.00,0.057,0.173,0.023,STANCE
45.315,3032,placemove,0.8834,-0.0192,0.2610,0.0034,-0.1743,-0.0142,-0.0234,0.0018,-0.0367,0.0093,-0.1246,0.0009,1.000,0.000,0.0000,0.0000,1.0788,-0.2746,0.1853,0,0.00,0.010,0.035,0.009,STANCE,1.1126,0.2563,0.1851,0,0.00,0.006,0.031,0.002,STANCE,0.9412,-0.3633,0.0149,1,9.35,0.323,0.822,0.156,STANCE,0.9720,0.3245,0.0149,1,6.52,0.122,1.326,0.397,STANCE,0.5595,-0.2297,0.0701,0,0.00,0.177,0.146,0.100,SWING,0.5709,0.1532,0.0150,0,0.00,0.016,0.029,0.006,STANCE
45.361,3036,placemove,0.8837,-0.0192,0.2608,0.0037,-0.1732,-0.0141,0.0035,-0.0017,-0.0101,0.0090,0.0082,0.0000,1.000,0.000,0.0000,0.0000,1.0790,-0.2745,0.1851,0,0.00,0.004,0.034,0.003,STANCE,1.1127,0.2563,0.1850,1,1.93,0.876,0.124,0.386,STANCE,0.9413,-0.3633,0.0148,1,5.50,0.014,1.014,0.261,STANCE,0.9719,0.3245,0.0149,1,1.69,0.714,0.366,0.174,STANCE,0.5607,-0.2333,0.0821,0,0.00,0.270,0.134,0.101,SWING,0.5710,0.1532,0.0148,1,4.91,0.478,0.824,0.057,STANCE
45.406,3040,placemove,0.8837,-0.0193,0.2608,0.0037,-0.1732,-0.0141,-0.0001,-0.0003,-0.0031,0.0024,-0.0015,-0.0012,1.000,0.000,0.0000,0.0000,1.0790,-0.2745,0.1850,1,1.97,0.058,0.321,0.016,STANCE,1.1127,0.2563,0.1849,1,1.44,0.031,0.258,0.073,STANCE,0.9413,-0.3633,0.0147,1,3.68,0.027,0.750,0.253,STANCE,0.9719,0.3245,0.0149,1,2.29,0.115,0.457,0.159,STANCE,0.5629,-0.2372,0.0940,0,0.00,0.280,0.132,0.102,SWING,0.5710,0.1532,0.0147,1,3.25,0.284,0.702,0.194,STANCE
45.428,3044,placemove,0.8837,-0.0193,0.2607,0.0038,-0.1732,-0.0142,-0.0003,-0.0006,-0.0025,0.0025,-0.0019,-0.0009,1.000,0.000,0.0000,0.0000,1.0790,-0.2746,0.1849,1,2.02,0.101,0.328,0.045,STANCE,1.1127,0.2563,0.1849,1,1.41,0.002,0.313,0.130,STANCE,0.9413,-0.3633,0.0147,1,3.74,0.104,0.777,0.262,STANCE,0.9719,0.3245,0.0148,1,2.28,0.062,0.439,0.156,STANCE,0.5655,-0.2398,0.1060,0,0.00,0.173,0.133,0.101,SWING,0.5710,0.1532,0.0147,1,3.14,0.246,0.699,0.201,STANCE
45.472,3048,placemove,0.8837,-0.0193,0.2607,0.0038,-0.1733,-0.0142,-0.0003,-0.0003,-0.0024,0.0018,-0.0016,-0.0005,1.000,0.000,0.0000,0.0000,1.0790,-0.2746,0.1849,1,2.00,0.202,0.332,0.074,STANCE,1.1127,0.2563,0.1849,1,1.52,0.065,0.359,0.180,STANCE,0.9413,-0.3633,0.0146,1,3.57,0.174,0.798,0.279,STANCE,0.9719,0.3245,0.0148,1,2.37,0.047,0.399,0.135,STANCE,0.5671,-0.2394,0.1176,0,0.00,0.000,0.133,0.101,SWING,0.5710,0.1532,0.0146,1,3.19,0.064,0.703,0.197,STANCE
45.495,3052,placemove,0.8837,-0.0193,0.2606,0.0038,-0.1733,-0.0142,-0.0003,-0.0003,-0.0021,0.0016,-0.0013,-0.0005,1.000,0.000,0.0000,0.0000,1.0790,-0.2746,0.1849,1,2.01,0.306,0.325,0.074,STANCE,1.1127,0.2563,0.1849,1,1.57,0.130,0.400,0.239,STANCE,0.9413,-0.3633,0.0146,1,3.56,0.260,0.823,0.283,STANCE,0.9719,0.3245,0.0148,1,2.41,0.072,0.383,0.122,STANCE,0.5685,-0.2372,0.1289,0,0.00,0.015,0.133,0.101,SWING,0.5710,0.1532,0.0146,1,3.13,0.007,0.706,0.204,STANCE
45.544,3056,placemove,0.8837,-0.0193,0.2606,0.0038,-0.1731,-0.0142,-0.0001,-0.0003,-0.0022,0.0015,-0.0030,-0.0002,1.000,0.000,0.0000,0.0000,1.0790,-0.2745,0.1848,1,2.01,0.047,0.265,0.046,STANCE,1.1127,0.2563,0.1848,1,1.52,0.173,0.331,0.101,STANCE,0.9413,-0.3633,0.0146,1,3.65,0.083,0.833,0.280,STANCE,0.9719,0.3245,0.0148,1,2.18,0.174,0.418,0.132,STANCE,0.5793,-0.2311,0.1229,0,0.00,0.013,0.056,0.102,SWING,0.5710,0.1532,0.0146,1,3.38,0.056,0.642,0.140,STANCE
45.566,3060,placemove,0.8837,-0.0193,0.2606,0.0039,-0.1732,-0.0142,-0.0003,-0.0001,-0.0019,0.0009,-0.0022,-0.0002,1.000,0.000,0.0000,0.0000,1.0790,-0.2745,0.1848,1,1.93,0.026,0.248,0.028,STANCE,1.1127,0.2563,0.1848,1,1.56,0.092,0.355,0.138,STANCE,0.9413,-0.3633,0.0145,1,3.70,0.007,0.838,0.301,STANCE,0.9719,0.3245,0.0147,1,2.23,0.115,0.383,0.129,STANCE,0.5826,-0.2302,0.1109,0,0.00,0.011,0.069,0.098,SWING,0.5710,0.1532,0.0146,1,3.24,0.027,0.648,0.156,STANCE
45.675,3064,placemove,0.8846,-0.0193,0.2608,0.0040,-0.1736,-0.0142,0.0910,-0.0016,0.0135,-0.0071,0.0136,-0.0074,1.000,0.000,0.0000,0.0000,1.0790,-0.2746,0.1848,1,2.19,0.600,0.311,0.167,SHIFT,1.1126,0.2563,0.1849,1,2.74,0.457,1.339,1.146,SHIFT,0.9413,-0.3633,0.0145,1,2.15,0.789,0.817,0.306,SHIFT,0.9718,0.3244,0.0148,1,1.13,0.623,0.299,0.090,SHIFT,0.5825,-0.2313,0.0993,0,0.00,0.016,0.033,0.108,SHIFT,0.5711,0.1532,0.0144,1,1.79,0.179,0.578,0.581,SHIFT
45.707,3068,placemove,0.8865,-0.0194,0.2611,0.0040,-0.1736,-0.0143,0.1001,-0.0026,0.0173,0.0010,0.0314,0.0035,1.000,0.000,0.0000,0.0000,1.0790,-0.2747,0.1848,1,3.35,0.711,0.803,0.225,SHIFT,1.1126,0.2562,0.1849,1,3.66,1.585,1.417,0.827,SHIFT,0.9413,-0.3633,0.0145,1,2.37,1.024,0.658,0.174,SHIFT,0.9719,0.3244,0.0148,1,0.81,0.260,0.249,0.099,SHIFT,0.5838,-0.2315,0.0879,0,0.00,0.021,0.016,0.116,SHIFT,0.5711,0.1531,0.0144,0,0.00,0.010,0.138,0.050,SHIFT
45.742,3072,placemove,0.8884,-0.0195,0.2614,0.0039,-0.1736,-0.0145,0.1041,-0.0029,0.0182,0.0049,0.0364,-0.0035,1.000,0.000,0.0000,0.0000,1.0790,-0.2748,0.1849,1,4.05,0.629,0.990,0.335,SHIFT,1.1127,0.2561,0.1849,1,3.61,1.584,1.376,0.785,SHIFT,0.9413,-0.3634,0.0145,1,2.24,1.128,0.332,0.023,SHIFT,0.9721,0.3243,0.0148,1,0.68,0.282,0.251,0.107,SHIFT,0.5858,-0.2312,0.0765,0,0.00,0.008,0.014,0.116,SHIFT,0.5713,0.1531,0.0144,0,0.00,0.002,0.157,0.062,SHIFT
45.809,3076,placemove,0.8904,-0.0196,0.2618,0.0039,-0.1735,-0.0146,0.1086,-0.0036,0.0181,-0.0040,0.0613,-0.0047,1.000,0.000,0.0000,0.0000,1.0790,-0.2749,0.1849,1,5.79,0.575,0.724,0.457,SHIFT,1.1129,0.2560,0.1849,0,0.00,0.004,0.007,0.000,SHIFT,0.9413,-0.3634,0.0145,1,1.68,0.333,0.609,0.506,SHIFT,0.9722,0.3242,0.0148,1,3.30,0.956,0.558,0.080,SHIFT,0.5885,-0.2306,0.0651,0,0.00,0.005,0.066,0.061,SHIFT,0.5714,0.1530,0.0144,0,0.00,0.006,0.170,0.065,SHIFT
45.857,3080,placemove,0.8924,-0.0197,0.2621,0.0040,-0.1735,-0.0147,0.1039,-0.0024,0.0177,0.0056,0.0344,-0.0048,1.000,0.000,0.0000,0.0000,1.0791,-0.2750,0.1848,1,3.34,1.083,0.799,0.169,SHIFT,1.1130,0.2558,0.1849,1,3.01,1.498,0.864,0.236,SHIFT,0.9413,-0.3634,0.0145,1,2.70,0.456,0.377,0.454,SHIFT,0.9723,0.3242,0.0148,0,0.30,0.125,0.085,0.038,SHIFT,0.5951,-0.2276,0.0537,0,0.00,0.012,0.102,0.004,SHIFT,0.5715,0.1530,0.0145,0,0.00,0.045,0.155,0.069,SHIFT
45.879,3084,placemove,0.8944,-0.0198,0.2625,0.0040,-0.1733,-0.0148,0.1089,-0.0035,0.0170,0.0052,0.0238,-0.0284,1.000,0.000,0.0000,0.0000,1.0791,-0.2751,0.1848,1,2.99,1.047,0.700,0.121,SHIFT,1.1131,0.2557,0.1849,1,2.54,1.312,0.650,0.080,SHIFT,0.9413,-0.3635,0.0144,1,3.18,0.350,0.770,0.725,SHIFT,0.9724,0.3241,0.0148,0,0.05,0.040,0.013,0.001,SHIFT,0.6039,-0.2235,0.0425,0,0.00,0.041,0.108,0.009,SHIFT,0.5716,0.1530,0.0145,0,0.00,0.075,0.150,0.072,SHIFT
45.922,3088,placemove,0.8964,-0.0201,0.2628,0.0038,-0.1732,-0.0147,0.1105,-0.0241,0.0214,-0.0269,0.0310,0.0375,1.000,0.000,0.0000,0.0000,1.0792,-0.2753,0.1848,0,0.00,0.155,0.007,0.010,SHIFT,1.1133,0.2555,0.1849,1,4.42,2.042,1.384,0.486,SHIFT,0.9413,-0.3646,0.0147,1,3.74,0.975,2.770,1.370,SHIFT,0.9726,0.3239,0.0148,1,1.25,0.277,1.012,0.554,SHIFT,0.6134,-0.2191,0.0317,0,0.00,0.134,0.096,0.007,SHIFT,0.5717,0.1529,0.0146,0,0.00,0.126,0.157,0.064,SHIFT
45.969,3092,placemove,0.8985,-0.0205,0.2632,0.0035,-0.1732,-0.0151,0.1082,-0.0135,0.0207,-0.0099,0.0642,0.0644,1.000,0.000,0.0000,0.0000,1.0792,-0.2758,0.1850,0,0.00,0.155,0.002,0.011,SHIFT,1.1137,0.2550,0.1849,1,6.56,1.967,2.330,1.308,SHIFT,0.9413,-0.3647,0.0148,1,3.77,1.312,2.534,1.190,SHIFT,0.9730,0.3233,0.0148,0,0.00,0.142,0.042,0.010,SHIFT,0.6235,-0.2146,0.0214,0,0.00,0.112,0.094,0.008,SHIFT,0.5719,0.1526,0.0146,0,0.00,0.107,0.138,0.045,SHIFT
46.052,3096,placemove,0.9006,-0.0206,0.2638,0.0033,-0.1716,-0.0150,0.1290,-0.0043,0.0616,0.0193,0.2642,0.0768,1.000,0.000,0.0000,0.0000,1.0793,-0.2760,0.1851,0,0.00,0.096,0.045,0.005,SHIFT,1.1138,0.2548,0.1848,1,9.90,0.412,2.464,1.086,SHIFT,0.9412,-0.3646,0.0150,0,0.00,0.039,0.049,0.019,SHIFT,0.9729,0.3231,0.0148,0,0.00,0.036,0.124,0.035,SHIFT,0.6315,-0.2109,0.0139,1,3.91,0.518,2.940,1.527,SHIFT,0.5718,0.1525,0.0151,0,0.00,0.004,0.158,0.035,SHIFT
46.098,3100,placemove,0.9029,-0.0207,0.2637,-0.0010,-0.1604,-0.0147,0.1496,0.0035,-0.0040,0.1102,0.2761,0.0504,1.000,0.000,0.0000,0.0000,1.0781,-0.2765,0.1875,0,0.00,0.140,0.019,0.017,SHIFT,1.1128,0.2545,0.1849,1,10.57,0.193,2.018,0.292,SHIFT,0.9380,-0.3662,0.0194,0,0.00,0.153,0.004,0.061,SHIFT,0.9702,0.3230,0.0161,0,0.00,0.014,0.229,0.034,SHIFT,0.6380,-0.2073,0.0138,1,3.36,0.783,2.256,1.260,SHIFT,0.5690,0.1516,0.0211,0,0.00,0.075,0.095,0.005,SHIFT
46.172,3104,placemove,0.9049,-0.0209,0.2639,0.0008,-0.1585,-0.0144,0.0327,-0.0067,0.0482,0.0164,-0.0317,0.0226,1.000,0.000,0.0000,0.0000,1.0788,-0.2764,0.1849,1,7.08,0.504,0.532,0.972,STANCE,1.1129,0.2544,0.1850,0,0.00,0.007,0.023,0.002,STANCE,0.9384,-0.3653,0.0167,0,0.00,0.015,0.124,0.035,STANCE,0.9700,0.3224,0.0148,1,2.19,0.307,0.711,0.242,STANCE,0.6391,-0.2066,0.0136,0,0.00,0.024,0.073,0.006,STANCE,0.5690,0.1517,0.0214,0,0.00,0.015,0.253,0.041,SWING
46.224,3108,placemove,0.9050,-0.0208,0.2643,0.0000,-0.1589,-0.0142,-0.0128,0.0478,0.0531,-0.1420,-0.0234,-0.0246,1.000,0.000,0.0000,0.0000,1.0787,-0.2764,0.1851,0,0.00,0.026,0.004,0.013,STANCE,1.1127,0.2544,0.1853,0,0.00,0.016,0.089,0.011,STANCE,0.9387,-0.3653,0.0148,1,10.18,0.201,0.339,1.087,STANCE,0.9700,0.3224,0.0147,1,3.95,0.120,1.301,0.555,STANCE,0.6394,-0.2064,0.0139,0,0.00,0.051,0.009,0.006,STANCE,0.5653,0.1525,0.0315,0,0.00,0.072,0.156,0.094,SWING
46.284,3112,placemove,0.9048,-0.0201,0.2637,-0.0008,-0.1593,-0.0142,-0.0136,0.0382,-0.1008,-0.0501,-0.0336,-0.0066,1.000,0.000,0.0000,0.0000,1.0782,-0.2758,0.1867,0,0.00,0.001,0.021,0.009,STANCE,1.1123,0.2550,0.1864,0,0.00,0.000,0.026,0.011,STANCE,0.9384,-0.3649,0.0158,0,0.00,0.001,0.023,0.030,STANCE,0.9697,0.3227,0.0157,0,0.00,0.001,0.031,0.039,STANCE,0.6391,-0.2058,0.0154,0,0.00,0.001,0.025,0.020,STANCE,0.5614,0.1537,0.0420,0,0.00,0.000,0.097,0.103,SWING
46.334,3116,placemove,0.9042,-0.0201,0.2630,0.0009,-0.1607,-0.0141,-0.0417,-0.0153,-0.0428,0.1697,0.0545,0.0378,1.000,0.000,0.0000,0.0000,1.0777,-0.2754,0.1865,0,0.00,0.000,0.119,0.071,STANCE,1.1120,0.2553,0.1852,0,0.00,0.003,0.017,0.009,STANCE,0.9383,-0.3653,0.0150,0,0.00,0.006,0.018,0.015,STANCE,0.9695,0.3238,0.0158,0,0.00,0.005,0.035,0.011,STANCE,0.6361,-0.2064,0.0207,0,0.00,0.008,0.102,0.103,STANCE,0.5580,0.1545,0.0520,0,0.00,0.005,0.075,0.107,SWING
46.364,3120,placemove,0.9036,-0.0203,0.2612,0.0050,-0.1645,-0.0156,-0.0405,-0.0197,-0.1577,0.3377,-0.3109,-0.0369,1.000,0.000,0.0000,0.0000,1.0767,-0.2756,0.1881,0,0.00,0.014,0.022,0.006,STANCE,1.1119,0.2552,0.1849,1,1.89,0.194,0.012,0.399,STANCE,0.9365,-0.3712,0.0218,0,0.00,0.004,0.075,0.107,STANCE,0.9690,0.3312,0.0251,0,0.00,0.011,0.135,0.096,STANCE,0.6353,-0.2054,0.0255,0,0.00,0.010,0.042,0.043,STANCE,0.5559,0.1560,0.0615,0,0.00,0.153,0.094,0.104,SWING
46.404,3124,placemove,0.9027,-0.0208,0.2577,0.0102,-0.1746,-0.0162,-0.0971,0.0029,-0.2166,-0.0602,-1.1068,0.0197,1.000,0.000,0.0000,0.0000,1.0764,-0.2757,0.1849,1,6.77,0.111,0.239,1.114,STANCE,1.1118,0.2551,0.1849,1,1.20,0.586,0.357,0.182,STANCE,0.9365,-0.3719,0.0232,0,0.00,0.005,0.029,0.112,STANCE,0.9693,0.3347,0.0314,0,0.00,0.030,0.046,0.124,STANCE,0.6379,-0.2037,0.0177,0,0.00,0.051,0.043,0.005,STANCE,0.5580,0.1646,0.0682,0,0.00,0.683,0.014,0.119,SWING
46.451,3128,placemove,0.9022,-0.0206,0.2568,0.0090,-0.1792,-0.0158,0.0260,0.0087,0.0459,-0.0131,0.1766,0.0441,1.000,0.000,0.0000,0.0000,1.0761,-0.2757,0.1850,0,0.00,0.006,0.002,0.001,STANCE,1.1117,0.2551,0.1847,1,0.96,0.111,0.114,0.384,STANCE,0.9380,-0.3639,0.0199,0,0.00,0.020,0.125,0.016,STANCE,0.9699,0.3256,0.0270,0,0.00,0.016,0.190,0.023,STANCE,0.6393,-0.2037,0.0133,1,1.91,0.090,0.441,0.573,STANCE,0.5642,0.1801,0.0770,0,0.00,0.108,0.075,0.113,SWING
46.476,3132,placemove,0.9024,-0.0206,0.2570,0.0092,-0.1780,-0.0153,0.0003,-0.0007,0.0004,-0.0039,0.0141,0.0130,1.000,0.000,0.0000,0.0000,1.0763,-0.2756,0.1850,1,1.40,0.246,0.208,0.035,STANCE,1.1117,0.2551,0.1846,1,3.86,0.257,0.358,0.420,STANCE,0.9384,-0.3631,0.0176,0,0.00,0.011,0.128,0.036,STANCE,0.9700,0.3246,0.0248,0,0.00,0.012,0.131,0.038,STANCE,0.6393,-0.2037,0.0133,1,7.31,0.145,0.270,1.124,STANCE,0.5721,0.1964,0.0911,0,0.00,0.109,0.124,0.106,SWING
46.513,3136,placemove,0.9024,-0.0206,0.2569,0.0091,-0.1779,-0.0150,0.0002,0.0003,-0.0020,-0.0045,0.0042,0.0099,1.000,0.000,0.0000,0.0000,1.0763,-0.2756,0.1849,1,1.54,0.349,0.280,0.019,STANCE,1.1117,0.2551,0.1846,1,4.23,0.311,0.317,0.524,STANCE,0.9388,-0.3631,0.0152,0,0.00,0.011,0.128,0.038,STANCE,0.9705,0.3246,0.0224,0,0.00,0.012,0.130,0.040,STANCE,0.6393,-0.2037,0.0133,1,7.51,0.207,0.400,1.234,STANCE,0.5818,0.2116,0.1045,0,0.00,0.106,0.132,0.105,SWING
46.572,3140,placemove,0.9020,-0.0201,0.2572,0.0064,-0.1797,-0.0152,-0.0156,0.0095,0.0032,-0.0838,-0.0807,-0.0150,1.000,0.000,0.0000,0.0000,1.0759,-0.2755,0.1862,0,0.00,0.021,0.004,0.000,STANCE,1.1117,0.2552,0.1845,1,4.09,0.106,0.103,1.107,STANCE,0.9389,-0.3632,0.0151,0,0.00,0.017,0.017,0.008,STANCE,0.9712,0.3244,0.0196,0,0.00,0.015,0.143,0.044,STANCE,0.6392,-0.2036,0.0136,1,7.77,0.159,0.630,1.392,STANCE,0.5868,0.2167,0.1160,0,0.00,0.041,0.157,0.098,SWING
46.639,3144,placemove,0.9018,-0.0199,0.2574,0.0050,-0.1805,-0.0150,-0.0166,0.0256,0.0085,-0.1395,-0.1302,-0.0287,1.000,0.000,0.0000,0.0000,1.0757,-0.2754,0.1868,0,0.00,0.000,0.052,0.006,STANCE,1.1117,0.2553,0.1845,1,3.96,0.347,0.329,1.351,STANCE,0.9389,-0.3632,0.0148,0,0.00,0.032,0.102,0.047,STANCE,0.9717,0.3243,0.0170,0,0.00,0.056,0.085,0.033,STANCE,0.6391,-0.2037,0.0139,1,5.08,0.533,0.436,0.921,STANCE,0.5873,0.2134,0.1269,0,0.00,0.067,0.072,0.115,SWING
46.711,3148,placemove,0.9018,-0.0199,0.2577,0.0053,-0.1805,-0.0148,-0.0167,-0.0422,0.0531,0.1582,-0.0154,0.0338,1.000,0.000,0.0000,0.0000,1.0756,-0.2753,0.1871,0,0.00,0.010,0.060,0.004,STANCE,1.1116,0.2554,0.1847,0,0.00,0.025,0.007,0.010,STANCE,0.9389,-0.3632,0.0148,1,3.63,0.160,0.024,0.248,STANCE,0.9721,0.3243,0.0147,1,7.63,0.389,1.066,1.245,STANCE,0.6391,-0.2036,0.0141,0,0.00,0.047,0.029,0.002,STANCE,0.5963,0.2065,0.1216,0,0.00,0.038,0.100,0.110,SWING
46.768,3152,placemove,0.9018,-0.0203,0.2569,0.0054,-0.1839,-0.0149,0.0035,-0.0243,-0.1285,0.0161,-0.3067,-0.0056,1.000,0.000,0.0000,0.0000,1.0757,-0.2758,0.1870,0,0.00,0.001,0.012,0.002,STANCE,1.1103,0.2544,0.1917,0,0.00,0.009,0.258,0.086,STANCE,0.9383,-0.3675,0.0203,0,0.00,0.021,0.050,0.113,STANCE,0.9723,0.3282,0.0199,0,0.00,0.009,0.159,0.090,STANCE,0.6370,-0.2047,0.0195,0,0.00,0.001,0.039,0.111,STANCE,0.6015,0.2034,0.1077,0,0.00,0.035,0.108,0.095,SWING
46.792,3156,placemove,0.9018,-0.0207,0.2536,0.0037,-0.1902,-0.0130,-0.0031,0.0007,-0.2189,-0.4673,-0.6240,0.1403,1.000,0.000,0.0000,0.0000,1.0757,-0.2760,0.1849,1,5.47,0.882,0.455,2.064,SHIFT,1.1093,0.2547,0.1924,0,0.00,0.058,0.027,0.003,SHIFT,0.9378,-0.3703,0.0249,0,0.00,0.022,0.002,0.122,SHIFT,0.9713,0.3316,0.0247,0,0.00,0.071,0.148,0.156,SHIFT,0.6376,-0.2051,0.0214,0,0.00,0.068,0.078,0.023,SHIFT,0.6024,0.2052,0.0914,0,0.00,0.101,0.113,0.103,SHIFT
46.844,3160,placemove,0.9019,-0.0204,0.2496,-0.0066,-0.1990,-0.0092,0.0304,0.0179,-0.0809,-0.1839,0.1225,-0.1135,1.000,0.000,0.0000,0.0000,1.0755,-0.2759,0.1849,1,17.30,2.940,2.940,0.832,SHIFT,1.1073,0.2549,0.1870,0,0.00,0.563,0.854,0.035,SHIFT,0.9398,-0.3667,0.0226,0,0.00,0.038,0.305,0.092,SHIFT,0.9706,0.3222,0.0147,1,66.71,2.940,2.940,2.940,SHIFT,0.6397,-0.2074,0.0146,1,36.69,1.716,2.940,2.940,SHIFT,0.6033,0.2030,0.0699,0,0.00,0.436,0.495,0.137,SHIFT
46.929,3164,placemove,0.9044,-0.0200,0.2505,-0.0054,-0.1981,-0.0097,0.1573,0.0201,0.0301,0.0601,0.1247,0.0457,1.000,0.000,0.0000,0.0000,1.0757,-0.2754,0.1849,0,0.00,0.108,0.008,0.006,SHIFT,1.1076,0.2554,0.1864,0,0.00,0.057,0.069,0.003,SHIFT,0.9405,-0.3658,0.0204,0,0.00,0.067,0.111,0.037,SHIFT,0.9708,0.3221,0.0144,1,4.97,0.279,1.032,1.121,SHIFT,0.6399,-0.2073,0.0143,0,0.00,0.094,0.052,0.016,SHIFT,0.6079,0.2016,0.0590,0,0.00,0.020,0.098,0.009,SHIFT
46.990,3168,placemove,0.9064,-0.0200,0.2510,-0.0048,-0.1978,-0.0107,0.1106,0.0031,0.0280,0.0531,-0.0103,-0.0320,1.000,0.000,0.0000,0.0000,1.0759,-0.2753,0.1848,1,1.18,0.541,0.305,0.044,SHIFT,1.1080,0.2556,0.1850,1,1.62,0.720,0.146,0.324,SHIFT,0.9412,-0.3656,0.0180,0,0.00,0.039,0.095,0.031,SHIFT,0.9707,0.3222,0.0145,0,0.00,0.035,0.033,0.004,SHIFT,0.6400,-0.2073,0.0144,1,3.93,0.074,0.332,0.756,SHIFT,0.6155,0.1980,0.0477,0,0.00,0.054,0.092,0.009,SHIFT
47.014,3172,placemove,0.9084,-0.0199,0.2514,-0.0045,-0.1980,-0.0115,0.1105,0.0042,0.0180,0.0093,0.0059,-0.0426,1.000,0.000,0.0000,0.0000,1.0760,-0.2752,0.1848,1,2.74,1.122,0.432,0.254,SHIFT,1.1081,0.2557,0.1849,1,2.09,0.945,0.233,0.369,SHIFT,0.9419,-0.3655,0.0156,0,0.00,0.015,0.118,0.036,SHIFT,0.9708,0.3222,0.0146,0,0.06,0.097,0.047,0.018,SHIFT,0.6402,-0.2072,0.0143,1,4.07,0.060,0.702,1.047,SHIFT,0.6240,0.1939,0.0364,0,0.00,0.067,0.128,0.014,SHIFT
47.116,3176,placemove,0.9101,-0.0195,0.2522,-0.0059,-0.1984,-0.0117,0.1013,0.0152,0.0311,-0.0479,-0.0118,0.0288,1.000,0.000,0.0000,0.0000,1.0759,-0.2749,0.1856,0,0.00,0.097,0.023,0.006,SHIFT,1.1081,0.2560,0.1850,1,0.52,0.249,0.024,0.043,SHIFT,0.9422,-0.3654,0.0147,0,0.00,0.053,0.024,0.021,SHIFT,0.9707,0.3223,0.0145,1,4.50,0.534,0.898,0.984,SHIFT,0.6401,-0.2072,0.0149,0,0.00,0.098,0.120,0.042,SHIFT,0.6330,0.1895,0.0255,0,0.00,0.021,0.070,0.009,SHIFT
47.192,3180,placemove,0.9120,-0.0194,0.2524,-0.0051,-0.1974,-0.0121,0.1062,0.0013,-0.0286,0.4094,0.6754,0.0469,1.000,0.000,0.0000,0.0000,1.0760,-0.2747,0.1857,0,0.00,0.090,0.391,0.003,SHIFT,1.1078,0.2562,0.1857,0,0.00,0.101,0.249,0.007,SHIFT,0.9421,-0.3661,0.0158,0,0.00,0.242,0.261,0.056,SHIFT,0.9705,0.3231,0.0156,0,0.00,0.213,0.347,0.060,SHIFT,0.6400,-0.2071,0.0162,0,0.00,0.132,0.472,0.086,SHIFT,0.6427,0.1847,0.0147,1,20.95,0.413,2.940,0.335,SHIFT
47.232,3184,placemove,0.9142,-0.0195,0.2530,-0.0055,-0.1922,-0.0123,0.1461,-0.0052,0.0641,-0.0985,0.4430,-0.0380,1.000,0.000,0.0000,0.0000,1.0761,-0.2747,0.1847,1,10.51,1.539,2.073,0.935,SHIFT,1.1072,0.2563,0.1865,0,0.00,0.085,0.015,0.001,SHIFT,0.9392,-0.3698,0.0240,0,0.00,0.081,0.136,0.163,SHIFT,0.9677,0.3275,0.0241,0,0.00,0.061,0.124,0.163,SHIFT,0.6373,-0.2071,0.0259,0,0.00,0.037,0.051,0.048,SHIFT,0.6475,0.1808,0.0147,1,4.58,1.154,2.940,1.685,SHIFT
47.253,3188,placemove,0.9170,-0.0195,0.2544,-0.0068,-0.1826,-0.0128,0.1729,0.0056,0.0983,-0.0691,0.7034,-0.0854,1.000,0.000,0.0000,0.0000,1.0762,-0.2748,0.1845,1,10.87,0.689,2.038,0.600,SHIFT,1.1075,0.2562,0.1855,0,0.00,0.109,0.010,0.005,SHIFT,0.9385,-0.3658,0.0241,0,0.00,0.010,0.174,0.031,SHIFT,0.9666,0.3227,0.0231,0,0.00,0.104,0.112,0.017,SHIFT,0.6362,-0.2074,0.0286,0,0.00,0.058,0.183,0.027,SHIFT,0.6505,0.1784,0.0148,1,3.85,0.904,2.940,1.686,SHIFT
47.303,3192,placemove,0.9199,-0.0196,0.2565,-0.0064,-0.1708,-0.0127,0.1674,-0.0190,0.1420,0.1031,0.7796,0.0820,1.000,0.000,0.0000,0.0000,1.0764,-0.2749,0.1843,1,11.21,0.316,2.228,0.704,SHIFT,1.1077,0.2562,0.1850,1,1.22,0.470,0.412,0.278,SHIFT,0.9372,-0.3655,0.0232,0,0.00,0.033,0.144,0.029,SHIFT,0.9653,0.3223,0.0219,0,0.00,0.097,0.105,0.029,SHIFT,0.6351,-0.2075,0.0313,0,0.00,0.051,0.176,0.027,SHIFT,0.6531,0.1767,0.0146,1,4.15,0.868,2.771,1.385,SHIFT
47.342,3196,placemove,0.9229,-0.0199,0.2588,-0.0051,-0.1579,-0.0130,0.1618,-0.0070,0.0983,0.1805,0.7515,-0.0753,1.000,0.000,0.0000,0.0000,1.0767,-0.2750,0.1848,0,0.00,0.025,0.193,0.007,SWING,1.1081,0.2562,0.1850,1,1.02,0.460,0.209,0.020,STANCE,0.9358,-0.3654,0.0223,0,0.00,0.104,0.091,0.036,STANCE,0.9637,0.3223,0.0214,0,0.00,0.022,0.088,0.031,STANCE,0.6339,-0.2076,0.0345,0,0.00,0.110,0.011,0.018,STANCE,0.6553,0.1751,0.0137,0,0.00,0.053,0.173,0.007,STANCE
47.371,3200,placemove,0.9251,-0.0205,0.2590,0.0013,-0.1469,-0.0118,0.1091,-0.0656,-0.0440,0.4708,0.4789,0.1878,1.000,0.000,0.0000,0.0000,1.0766,-0.2719,0.1922,0,0.00,0.017,0.099,0.101,SWING,1.1084,0.2565,0.1849,1,2.26,0.274,0.223,0.906,STANCE,0.9364,-0.3645,0.0182,0,0.00,0.005,0.082,0.034,STANCE,0.9626,0.3233,0.0211,0,0.00,0.001,0.117,0.037,STANCE,0.6341,-0.2074,0.0348,0,0.00,0.019,0.044,0.019,STANCE,0.6609,0.1708,0.0176,0,0.00,0.015,0.013,0.005,STANCE
47.402,3204,placemove,0.9258,-0.0209,0.2588,0.0041,-0.1431,-0.0114,0.0007,0.0210,0.0117,-0.0255,-0.0020,-0.0496,1.000,0.000,0.0000,0.0000,1.0751,-0.2683,0.2009,0,0.00,0.028,0.128,0.104,SWING,1.1085,0.2565,0.1848,1,2.28,0.241,0.164,0.865,STANCE,0.9371,-0.3641,0.0147,1,3.50,0.087,0.466,0.625,STANCE,0.9621,0.3237,0.0195,0,0.00,0.016,0.100,0.035,STANCE,0.6347,-0.2077,0.0328,0,0.00,0.015,0.070,0.021,STANCE,0.6611,0.1703,0.0177,0,0.00,0.008,0.056,0.015,STANCE
47.477,3208,placemove,0.9255,-0.0207,0.2586,0.0039,-0.1447,-0.0124,0.0034,0.0061,0.0193,0.0994,0.1127,0.0475,1.000,0.000,0.0000,0.0000,1.0749,-0.2744,0.2088,0,0.00,0.272,0.031,0.094,SWING,1.1085,0.2565,0.1848,0,0.00,0.060,0.096,0.017,STANCE,0.9371,-0.3641,0.0146,1,9.12,2.940,1.625,0.434,STANCE,0.9628,0.3237,0.0168,0,0.00,0.056,0.316,0.068,STANCE,0.6350,-0.2075,0.0298,0,0.00,0.163,0.317,0.032,STANCE,0.6617,0.1705,0.0146,1,34.65,2.312,1.529,2.940,STANCE
47.530,3212,placemove,0.9258,-0.0209,0.2588,0.0046,-0.1435,-0.0128,-0.0057,-0.0259,0.0360,0.1482,0.0129,0.0051,1.000,0.000,0.0000,0.0000,1.0787,-0.2881,0.2161,0,0.00,0.375,0.117,0.099,SWING,1.1086,0.2566,0.1848,0,0.00,0.001,0.165,0.006,STANCE,0.9371,-0.3641,0.0145,1,10.48,0.501,2.320,0.596,STANCE,0.9630,0.3238,0.0148,1,25.89,0.104,0.650,1.890,STANCE,0.6354,-0.2075,0.0279,0,0.00,0.047,0.144,0.025,STANCE,0.6618,0.1705,0.0144,0,0.00,0.049,0.154,0.012,STANCE
47.600,3216,placemove,0.9255,-0.0214,0.2580,0.0044,-0.1483,-0.0137,-0.0181,-0.0237,-0.1209,0.0794,-0.3965,0.0543,1.000,0.000,0.0000,0.0000,1.0922,-0.2991,0.2276,0,0.00,0.199,0.046,0.076,SWING,1.1089,0.2559,0.1850,1,3.09,0.772,0.889,0.619,STANCE,0.9364,-0.3684,0.0203,0,0.00,0.115,0.062,0.138,STANCE,0.9632,0.3272,0.0198,0,0.00,0.130,0.272,0.065,STANCE,0.6363,-0.2078,0.0239,0,0.00,0.076,0.012,0.006,STANCE,0.6598,0.1712,0.0195,0,0.00,0.079,0.162,0.090,STANCE
47.620,3220,placemove,0.9251,-0.0220,0.2550,0.0116,-0.1537,-0.0147,-0.0301,-0.0487,-0.2287,0.5980,-0.3318,-0.0096,1.000,0.000,0.0000,0.0000,1.1081,-0.3073,0.2381,0,0.00,0.084,0.110,0.095,SWING,1.1088,0.2558,0.1849,1,1.46,0.144,0.082,0.446,STANCE,0.9367,-0.3667,0.0208,0,0.00,0.013,0.182,0.007,STANCE,0.9632,0.3277,0.0246,0,0.00,0.008,0.154,0.039,STANCE,0.6377,-0.2071,0.0161,0,0.00,0.007,0.042,0.018,STANCE,0.6614,0.1711,0.0210,0,0.00,0.003,0.053,0.012,STANCE
47.659,3224,placemove,0.9261,-0.0226,0.2548,0.0153,-0.1479,-0.0137,0.0655,-0.0361,-0.0183,0.3034,0.3214,0.1285,1.000,0.000,0.0000,0.0000,1.1257,-0.3131,0.2515,0,0.00,0.075,0.124,0.098,SWING,1.1089,0.2558,0.1847,1,4.14,0.346,0.029,1.148,STANCE,0.9374,-0.3636,0.0166,0,0.00,0.014,0.122,0.031,STANCE,0.9628,0.3247,0.0231,0,0.00,0.001,0.119,0.027,STANCE,0.6379,-0.2069,0.0145,1,4.26,0.194,0.101,0.417,STANCE,0.6616,0.1710,0.0204,0,0.00,0.016,0.101,0.019,STANCE
47.693,3228,placemove,0.9264,-0.0225,0.2551,0.0154,-0.1456,-0.0133,-0.0055,0.0120,0.0081,-0.0494,-0.0286,-0.0284,1.000,0.000,0.0000,0.0000,1.1432,-0.3157,0.2691,0,0.00,0.053,0.143,0.101,SWING,1.1089,0.2559,0.1846,1,3.99,0.396,0.394,1.651,STANCE,0.9378,-0.3632,0.0147,1,2.79,0.100,0.356,0.497,STANCE,0.9627,0.3247,0.0212,0,0.00,0.002,0.098,0.030,STANCE,0.6377,-0.2071,0.0154,0,0.00,0.018,0.004,0.002,STANCE,0.6615,0.1709,0.0193,0,0.00,0.029,0.071,0.017,STANCE
47.754,3232,placemove,0.9264,-0.0225,0.2552,0.0149,-0.1453,-0.0137,0.0160,0.0005,0.0127,0.0156,0.1010,0.0110,1.000,0.000,0.0000,0.0000,1.1593,-0.3153,0.2895,0,0.00,0.087,0.125,0.097,SWING,1.1089,0.2558,0.1846,1,3.19,0.581,0.156,1.134,STANCE,0.9376,-0.3632,0.0149,0,0.00,0.004,0.006,0.002,STANCE,0.9631,0.3247,0.0187,0,0.00,0.005,0.123,0.039,STANCE,0.6378,-0.2070,0.0148,1,4.49,0.360,0.413,0.853,STANCE,0.6619,0.1710,0.0169,0,0.00,0.018,0.100,0.021,STANCE
47.809,3236,placemove,0.9266,-0.0224,0.2553,0.0153,-0.1445,-0.0135,0.0276,-0.0041,0.0237,0.0905,0.1658,0.0606,1.000,0.000,0.0000,0.0000,1.1749,-0.3116,0.3109,0,0.00,0.233,0.216,0.035,SWING,1.1090,0.2560,0.1845,0,0.00,0.062,0.070,0.005,STANCE,0.9377,-0.3632,0.0149,1,6.11,2.105,1.175,0.342,STANCE,0.9633,0.3248,0.0164,0,0.00,0.010,0.237,0.057,STANCE,0.6378,-0.2070,0.0147,0,0.00,0.089,0.123,0.003,STANCE,0.6622,0.1710,0.0148,1,23.21,1.912,1.238,1.846,STANCE
47.897,3240,placemove,0.9268,-0.0227,0.2556,0.0162,-0.1433,-0.0135,0.0041,-0.0287,0.0248,0.0858,0.0323,0.0034,1.000,0.000,0.0000,0.0000,1.1916,-0.3036,0.3043,0,0.00,0.352,0.077,0.022,SWING,1.1090,0.2559,0.1849,0,0.00,0.005,0.002,0.001,STANCE,0.9377,-0.3631,0.0148,1,4.23,0.416,0.031,0.401,STANCE,0.9634,0.3248,0.0148,1,3.41,0.220,0.077,0.248,STANCE,0.6378,-0.2071,0.0152,0,0.00,0.005,0.028,0.000,STANCE,0.6622,0.1709,0.0149,0,0.00,0.016,0.008,0.001,STANCE
47.935,3244,placemove,0.9270,-0.0232,0.2542,0.0176,-0.1495,-0.0122,-0.0055,-0.0465,-0.1198,0.2950,-0.1840,0.1306,1.000,0.000,0.0000,0.0000,1.2013,-0.3078,0.2978,0,0.00,0.088,0.108,0.099,SWING,1.1092,0.2558,0.1850,1,3.49,0.071,0.209,1.099,STANCE,0.9385,-0.3663,0.0209,0,0.00,0.035,0.167,0.160,STANCE,0.9634,0.3287,0.0214,0,0.00,0.033,0.162,0.175,STANCE,0.6384,-0.2081,0.0184,0,0.00,0.022,0.002,0.042,STANCE,0.6617,0.1705,0.0197,0,0.00,0.018,0.015,0.071,STANCE
47.975,3248,placemove,0.9279,-0.0239,0.2527,0.0215,-0.1490,-0.0127,0.1521,-0.0051,0.0384,0.2454,0.2122,0.1280,1.000,0.000,0.0000,0.0000,1.2080,-0.3149,0.2873,0,0.00,0.273,0.158,0.081,SHIFT,1.1089,0.2557,0.1848,1,10.93,0.267,2.940,1.729,SHIFT,0.9388,-0.3635,0.0167,0,0.00,0.278,0.113,0.038,SHIFT,0.9632,0.3250,0.0197,0,0.00,0.067,0.453,0.090,SHIFT,0.6392,-0.2077,0.0146,1,20.95,0.478,0.317,2.940,SHIFT,0.6621,0.1702,0.0176,0,0.00,0.113,0.224,0.018,SHIFT
48.015,3252,placemove,0.9303,-0.0237,0.2535,0.0223,-0.1468,-0.0120,0.1048,0.0185,0.0445,-0.1021,-0.0078,-0.0091,1.000,0.000,0.0000,0.0000,1.2140,-0.3179,0.2752,0,0.00,0.024,0.080,0.010,SHIFT,1.1089,0.2559,0.1847,1,2.24,0.055,0.215,0.891,SHIFT,0.9397,-0.3627,0.0146,0,0.00,0.047,0.061,0.039,SHIFT,0.9631,0.3253,0.0183,0,0.00,0.131,0.080,0.030,SHIFT,0.6392,-0.2078,0.0151,0,0.00,0.025,0.041,0.004,SHIFT,0.6623,0.1703,0.0168,0,0.00,0.063,0.023,0.008,SHIFT
48.076,3256,placemove,0.9321,-0.0236,0.2539,0.0221,-0.1468,-0.0124,0.1270,-0.0123,0.0330,0.0509,0.2094,0.0294,1.000,0.000,0.0000,0.0000,1.2160,-0.3175,0.2609,0,0.00,0.043,0.122,0.015,SHIFT,1.1088,0.2561,0.1847,1,4.13,1.395,0.461,0.626,SHIFT,0.9398,-0.3627,0.0146,1,2.72,0.920,0.700,0.146,SHIFT,0.9634,0.3254,0.0159,0,0.00,0.052,0.107,0.038,SHIFT,0.6393,-0.2077,0.0148,0,0.00,0.041,0.140,0.048,SHIFT,0.6627,0.1704,0.0145,0,0.00,0.038,0.149,0.056,SHIFT
48.137,3260,placemove,0.9343,-0.0240,0.2543,0.0234,-0.1479,-0.0129,0.1261,-0.0332,-0.0357,0.0725,-0.5188,-0.0194,1.000,0.000,0.0000,0.0000,1.2177,-0.3167,0.2458,0,0.00,0.068,0.107,0.006,SHIFT,1.1090,0.2559,0.1852,0,0.00,0.090,0.001,0.002,SHIFT,0.9398,-0.3634,0.0156,0,0.00,0.073,0.001,0.001,SHIFT,0.9636,0.3262,0.0160,0,0.00,0.067,0.015,0.018,SHIFT,0.6392,-0.2079,0.0162,0,0.00,0.039,0.008,0.019,SHIFT,0.6625,0.1704,0.0161,0,0.00,0.037,0.009,0.018,SHIFT
48.175,3264,placemove,0.9363,-0.0245,0.2527,0.0271,-0.1504,-0.0133,0.1135,-0.0338,-0.1380,0.4769,-0.0934,0.0697,1.000,0.000,0.0000,0.0000,1.2188,-0.3151,0.2297,0,0.00,0.099,0.129,0.012,SHIFT,1.1093,0.2556,0.1850,1,2.25,0.752,0.077,0.740,SHIFT,0.9402,-0.3632,0.0180,0,0.00,0.112,0.022,0.031,SHIFT,0.9637,0.3265,0.0202,0,0.00,0.005,0.146,0.031,SHIFT,0.6397,-0.2079,0.0170,0,0.00,0.096,0.034,0.003,SHIFT,0.6628,0.1703,0.0188,0,0.00,0.037,0.054,0.012,SHIFT
48.219,3268,placemove,0.9385,-0.0247,0.2524,0.0298,-0.1485,-0.0134,0.1140,-0.0015,0.0353,0.0013,0.1380,0.0221,1.000,0.000,0.0000,0.0000,1.2194,-0.3125,0.2128,0,0.00,0.029,0.127,0.016,SHIFT,1.1094,0.2557,0.1848,1,5.47,1.246,0.872,0.249,SHIFT,0.9405,-0.3622,0.0146,1,2.55,1.022,0.983,0.324,SHIFT,0.9638,0.3261,0.0186,0,0.00,0.023,0.142,0.039,SHIFT,0.6402,-0.2074,0.0145,0,0.00,0.025,0.143,0.079,SHIFT,0.6629,0.1707,0.0171,0,0.00,0.012,0.157,0.035,SHIFT
48.253,3272,placemove,0.9405,-0.0247,0.2527,0.0297,-0.1480,-0.0133,0.0996,-0.0031,0.0130,-0.0011,0.0493,-0.0011,1.000,0.000,0.0000,0.0000,1.2191,-0.3089,0.1984,0,0.00,0.003,0.113,0.014,SHIFT,1.1093,0.2558,0.1847,1,8.31,1.583,1.128,0.685,SHIFT,0.9406,-0.3622,0.0146,1,3.02,1.231,1.719,0.763,SHIFT,0.9640,0.3262,0.0163,0,0.00,0.048,0.129,0.039,SHIFT,0.6402,-0.2074,0.0146,0,0.00,0.008,0.177,0.088,SHIFT,0.6632,0.1708,0.0150,0,0.00,0.051,0.177,0.039,SHIFT
48.331,3276,placemove,0.9428,-0.0252,0.2536,0.0307,-0.1456,-0.0131,0.0678,-0.0285,0.0790,-0.1517,-0.1740,0.0230,1.000,0.000,0.0000,0.0000,1.2187,-0.3055,0.1850,1,20.82,1.838,2.940,1.495,SHIFT,1.1095,0.2556,0.1850,0,0.00,0.165,0.001,0.002,SHIFT,0.9406,-0.3622,0.0145,0,0.00,0.039,0.223,0.025,SHIFT,0.9639,0.3262,0.0149,1,5.21,2.155,2.940,1.270,SHIFT,0.6399,-0.2077,0.0156,0,0.00,0.035,0.054,0.010,SHIFT,0.6631,0.1706,0.0151,0,0.00,0.074,0.107,0.004,SHIFT
48.390,3280,placemove,0.9447,-0.0261,0.2542,0.0200,-0.1648,-0.0151,0.1452,-0.0586,0.0399,-0.3815,-0.6959,-0.1698,1.000,0.000,0.0000,0.0000,1.2179,-0.3046,0.1842,1,5.87,1.019,2.940,2.823,SHIFT,1.1114,0.2535,0.1855,0,0.00,0.113,0.001,0.002,SHIFT,0.9429,-0.3658,0.0229,0,0.00,0.076,0.068,0.030,SHIFT,0.9684,0.3233,0.0163,0,0.00,0.065,0.080,0.052,SHIFT,0.6430,-0.2103,0.0156,0,0.00,0.069,0.131,0.008,SHIFT,0.6649,0.1688,0.0148,1,4.28,0.799,2.940,1.652,SHIFT
48.429,3284,placemove,0.9471,-0.0265,0.2554,0.0182,-0.1654,-0.0156,0.1232,-0.0131,0.0871,-0.0461,0.1280,-0.0137,1.000,0.000,0.0000,0.0000,1.2178,-0.3045,0.1840,1,9.25,0.436,2.940,1.814,SHIFT,1.1124,0.2527,0.1859,0,0.00,0.121,0.016,0.005,SHIFT,0.9438,-0.3666,0.0229,0,0.00,0.033,0.200,0.038,SHIFT,0.9703,0.3217,0.0147,0,0.00,0.108,0.024,0.018,SHIFT,0.6440,-0.2108,0.0152,0,0.00,0.002,0.065,0.011,SHIFT,0.6667,0.1679,0.0147,1,4.25,0.695,2.940,1.519,SHIFT
48.468,3288,placemove,0.9496,-0.0270,0.2563,0.0132,-0.1680,-0.0163,0.1651,-0.0420,0.0276,-0.4533,-0.1912,-0.1603,1.000,0.000,0.0000,0.0000,1.2168,-0.3031,0.1828,1,1.72,0.002,0.790,0.709,STANCE,1.1137,0.2517,0.1867,0,0.00,0.031,0.170,0.001,SWING,0.9448,-0.3679,0.0227,0,0.00,0.023,0.009,0.017,STANCE,0.9717,0.3202,0.0155,0,0.00,0.069,0.085,0.010,STANCE,0.6447,-0.2118,0.0172,0,0.00,0.076,0.063,0.017,STANCE,0.6691,0.1665,0.0147,1,1.65,0.339,1.146,0.648,STANCE
48.504,3292,placemove,0.9506,-0.0275,0.2567,0.0102,-0.1662,-0.0158,0.0099,-0.0148,-0.0023,-0.0023,0.0058,0.0320,1.000,0.000,0.0000,0.0000,1.2171,-0.3034,0.1830,1,5.24,0.882,0.946,0.121,STANCE,1.1127,0.2477,0.1958,0,0.00,0.042,0.149,0.103,SWING,0.9456,-0.3693,0.0221,0,0.00,0.024,0.087,0.026,STANCE,0.9727,0.3187,0.0146,1,2.95,0.703,1.088,0.416,STANCE,0.6456,-0.2129,0.0167,0,0.00,0.025,0.069,0.024,STANCE,0.6700,0.1652,0.0155,0,0.00,0.005,0.002,0.009,STANCE
48.566,3296,placemove,0.9508,-0.0275,0.2568,0.0097,-0.1655,-0.0154,0.0201,0.0095,0.0194,-0.0587,0.1076,-0.0137,1.000,0.000,0.0000,0.0000,1.2171,-0.3035,0.1830,1,3.81,0.595,0.706,0.040,STANCE,1.1099,0.2434,0.2061,0,0.00,0.017,0.141,0.104,SWING,0.9460,-0.3694,0.0199,0,0.00,0.001,0.094,0.029,STANCE,0.9727,0.3186,0.0145,1,2.10,0.696,1.145,0.605,STANCE,0.6460,-0.2131,0.0148,0,0.00,0.005,0.017,0.020,STANCE,0.6703,0.1649,0.0149,1,2.17,1.322,0.685,0.177,STANCE
48.648,3300,placemove,0.9509,-0.0275,0.2563,0.0092,-0.1657,-0.0151,0.0096,0.0052,0.0020,-0.0122,0.0955,0.0212,1.000,0.000,0.0000,0.0000,1.2171,-0.3035,0.1837,1,10.78,1.150,1.931,0.136,STANCE,1.1101,0.2506,0.2152,0,0.00,0.135,0.112,0.104,SWING,0.9466,-0.3695,0.0172,0,0.00,0.012,0.220,0.039,STANCE,0.9728,0.3184,0.0148,0,0.00,0.063,0.081,0.003,STANCE,0.6460,-0.2131,0.0147,1,13.44,0.462,0.556,1.012,STANCE,0.6704,0.1649,0.0148,1,16.75,2.075,1.019,1.132,STANCE
48.745,3304,placemove,0.9511,-0.0273,0.2561,0.0085,-0.1652,-0.0150,-0.0034,0.0266,0.0292,-0.1534,0.0236,-0.0239,1.000,0.000,0.0000,0.0000,1.2171,-0.3035,0.1837,0,0.00,0.044,0.172,0.005,STANCE,1.1131,0.2641,0.2264,0,0.00,0.350,0.108,0.103,SWING,0.9469,-0.3695,0.0148,1,27.38,0.263,1.168,1.849,STANCE,0.9727,0.3185,0.0148,1,10.86,0.214,2.846,0.926,STANCE,0.6460,-0.2131,0.0148,0,0.00,0.060,0.169,0.013,STANCE,0.6705,0.1649,0.0147,0,0.00,0.065,0.061,0.001,STANCE
48.775,3308,placemove,0.9510,-0.0268,0.2551,0.0095,-0.1710,-0.0137,-0.0065,0.0338,-0.1395,0.0421,-0.3291,0.1050,1.000,0.000,0.0000,0.0000,1.2161,-0.3023,0.1913,0,0.00,0.006,0.350,0.114,STANCE,1.1269,0.2737,0.2423,0,0.00,0.102,0.000,0.018,SWING,0.9468,-0.3723,0.0195,0,0.00,0.048,0.176,0.089,STANCE,0.9721,0.3229,0.0205,0,0.00,0.059,0.070,0.109,STANCE,0.6448,-0.2135,0.0192,0,0.00,0.007,0.363,0.229,STANCE,0.6687,0.1660,0.0194,0,0.00,0.029,0.340,0.216,STANCE
48.814,3312,placemove,0.9508,-0.0262,0.2517,0.0078,-0.1714,-0.0122,-0.0144,0.0383,-0.2611,-0.1125,0.0559,0.0728,1.000,0.000,0.0000,0.0000,1.2162,-0.3018,0.1921,0,0.00,0.000,0.060,0.004,STANCE,1.1426,0.2801,0.2570,0,0.00,0.096,0.119,0.094,SWING,0.9471,-0.3699,0.0206,0,0.00,0.007,0.118,0.019,STANCE,0.9711,0.3215,0.0212,0,0.00,0.011,0.179,0.016,STANCE,0.6463,-0.2131,0.0170,0,0.00,0.001,0.056,0.008,STANCE,0.6693,0.1651,0.0191,0,0.00,0.005,0.045,0.005,STANCE
48.845,3316,placemove,0.9517,-0.0256,0.2484,0.0056,-0.1633,-0.0110,0.0903,-0.0001,0.0149,0.1397,0.0802,-0.0199,1.000,0.000,0.0000,0.0000,1.2172,-0.3009,0.1848,1,27.43,2.940,2.940,2.940,STANCE,1.1597,0.2841,0.2709,0,0.00,0.021,0.239,0.099,SWING,0.9471,-0.3686,0.0157,0,0.00,0.198,0.452,0.072,STANCE,0.9701,0.3194,0.0145,1,23.32,2.940,0.438,2.788,STANCE,0.6464,-0.2131,0.0146,1,6.80,1.169,1.997,2.338,STANCE,0.6683,0.1647,0.0151,0,0.00,0.050,0.054,0.004,STANCE
48.937,3320,placemove,0.9522,-0.0251,0.2491,0.0020,-0.1599,-0.0124,0.0329,0.0529,0.0126,-0.2453,0.1560,-0.0661,1.000,0.000,0.0000,0.0000,1.2173,-0.3010,0.1847,0,0.00,0.117,0.091,0.007,STANCE,1.1772,0.2840,0.2918,0,0.00,0.052,0.119,0.109,SWING,0.9469,-0.3688,0.0150,1,13.44,1.254,0.218,1.393,STANCE,0.9683,0.3238,0.0228,0,0.00,0.016,0.125,0.098,STANCE,0.6427,-0.2138,0.0264,0,0.00,0.013,0.133,0.111,STANCE,0.6686,0.1648,0.0148,1,5.17,0.830,0.878,0.076,STANCE
48.972,3324,placemove,0.9528,-0.0243,0.2488,-0.0026,-0.1562,-0.0134,0.0444,0.0472,-0.0202,-0.2899,0.2468,-0.1074,1.000,0.000,0.0000,0.0000,1.2174,-0.3008,0.1847,1,4.70,0.152,0.748,0.130,STANCE,1.1940,0.2812,0.3127,0,0.00,0.097,0.147,0.102,SWING,0.9464,-0.3690,0.0156,0,0.00,0.014,0.031,0.005,STANCE,0.9666,0.3278,0.0309,0,0.00,0.010,0.304,0.212,STANCE,0.6408,-0.2136,0.0379,0,0.00,0.009,0.005,0.059,STANCE,0.6687,0.1648,0.0147,1,5.43,0.288,0.215,0.475,STANCE
49.005,3328,placemove,0.9535,-0.0236,0.2485,-0.0068,-0.1527,-0.0142,0.0245,0.0265,-0.0159,-0.1643,0.1356,-0.0555,1.000,0.000,0.0000,0.0000,1.2175,-0.3007,0.1846,1,5.44,0.009,0.786,0.258,STANCE,1.2062,0.2680,0.3215,0,0.00,0.100,0.215,0.081,SWING,0.9460,-0.3694,0.0152,0,0.00,0.009,0.119,0.030,STANCE,0.9677,0.3201,0.0288,0,0.00,0.008,0.177,0.002,STANCE,0.6416,-0.2129,0.0389,0,0.00,0.004,0.118,0.018,STANCE,0.6687,0.1649,0.0146,1,7.34,0.111,0.687,0.351,STANCE
49.058,3332,placemove,0.9539,-0.0230,0.2483,-0.0103,-0.1503,-0.0146,0.0370,0.0340,-0.0210,-0.2431,0.2043,-0.0874,1.000,0.000,0.0000,0.0000,1.2175,-0.3006,0.1847,1,5.83,0.028,0.999,0.028,STANCE,1.2216,0.2548,0.3052,0,0.00,0.121,0.132,0.119,SWING,0.9458,-0.3695,0.0149,0,0.00,0.013,0.033,0.008,STANCE,0.9684,0.3186,0.0252,0,0.00,0.006,0.129,0.027,STANCE,0.6417,-0.2127,0.0378,0,0.00,0.007,0.120,0.024,STANCE,0.6688,0.1650,0.0145,1,7.50,0.103,0.981,0.154,STANCE
49.089,3336,placemove,0.9546,-0.0224,0.2480,-0.0147,-0.1467,-0.0152,0.0395,0.0413,-0.0212,-0.2628,0.2208,-0.0746,1.000,0.000,0.0000,0.0000,1.2176,-0.3006,0.1846,1,5.96,0.111,1.039,0.004,STANCE,1.2361,0.2555,0.2965,0,0.00,0.052,0.074,0.104,SWING,0.9451,-0.3699,0.0158,0,0.00,0.010,0.087,0.002,STANCE,0.9690,0.3182,0.0210,0,0.00,0.008,0.121,0.028,STANCE,0.6417,-0.2126,0.0370,0,0.00,0.006,0.122,0.025,STANCE,0.6688,0.1650,0.0144,1,7.11,0.098,1.016,0.081,STANCE
49.137,3340,placemove,0.9561,-0.0218,0.2480,-0.0185,-0.1443,-0.0155,0.1259,0.0669,0.0266,-0.2665,0.1314,-0.0634,1.000,0.000,0.0000,0.0000,1.2176,-0.3005,0.1848,0,0.00,0.056,0.033,0.007,SHIFT,1.2444,0.2620,0.2871,0,0.00,0.048,0.149,0.058,SHIFT,0.9449,-0.3701,0.0149,1,4.34,0.650,1.169,1.200,SHIFT,0.9696,0.3179,0.0171,0,0.00,0.076,0.142,0.040,SHIFT,0.6418,-0.2125,0.0360,0,0.00,0.046,0.126,0.027,SHIFT,0.6689,0.1651,0.0142,0,0.48,0.380,0.062,0.076,SHIFT
49.214,3344,placemove,0.9583,-0.0217,0.2485,-0.0196,-0.1423,-0.0156,0.0980,-0.0324,0.0444,0.0777,0.0044,0.0466,1.000,0.000,0.0000,0.0000,1.2177,-0.3006,0.1849,1,3.35,0.759,0.222,0.523,SHIFT,1.2489,0.2641,0.2732,0,0.00,0.036,0.120,0.002,SHIFT,0.9447,-0.3703,0.0150,1,1.85,0.992,0.012,0.221,SHIFT,0.9701,0.3176,0.0145,1,0.76,0.359,0.133,0.024,SHIFT,0.6419,-0.2124,0.0349,0,0.00,0.031,0.150,0.035,SHIFT,0.6689,0.1652,0.0148,0,0.00,0.008,0.027,0.007,SHIFT
49.257,3348,placemove,0.9600,-0.0222,0.2475,-0.0181,-0.1429,-0.0149,0.0986,-0.0319,-0.1194,0.0634,0.0062,0.0414,1.000,0.000,0.0000,0.0000,1.2171,-0.3007,0.1876,0,0.00,0.072,0.025,0.008,SHIFT,1.2501,0.2628,0.2572,0,0.00,0.059,0.075,0.004,SHIFT,0.9442,-0.3706,0.0174,0,0.00,0.083,0.023,0.037,SHIFT,0.9693,0.3177,0.0177,0,0.00,0.086,0.033,0.026,SHIFT,0.6423,-0.2128,0.0310,0,0.00,0.038,0.071,0.023,SHIFT,0.6682,0.1649,0.0179,0,0.00,0.041,0.001,0.025,SHIFT
49.351,3352,placemove,0.9617,-0.0223,0.2463,-0.0196,-0.1426,-0.0144,0.1178,0.0223,0.0703,0.0503,0.0427,-0.0361,1.000,0.000,0.0000,0.0000,1.2171,-0.3009,0.1850,0,0.00,0.031,0.007,0.001,SHIFT,1.2503,0.2608,0.2394,0,0.00,0.095,0.087,0.005,SHIFT,0.9444,-0.3706,0.0145,1,5.24,0.759,1.204,1.364,SHIFT,0.9691,0.3171,0.0138,0,0.00,0.119,0.115,0.049,SHIFT,0.6424,-0.2134,0.0272,0,0.00,0.101,0.125,0.032,SHIFT,0.6681,0.1643,0.0144,0,0.00,0.170,0.115,0.047,SHIFT
49.375,3356,placemove,0.9637,-0.0219,0.2458,-0.0189,-0.1424,-0.0151,0.1183,0.0225,-0.0944,0.0148,0.0318,-0.0423,1.000,0.000,0.0000,0.0000,1.2168,-0.3006,0.1860,0,0.00,0.074,0.036,0.002,SHIFT,1.2506,0.2582,0.2239,0,0.00,0.063,0.068,0.005,SHIFT,0.9439,-0.3703,0.0154,0,0.00,0.083,0.017,0.018,SHIFT,0.9692,0.3177,0.0154,0,0.00,0.086,0.003,0.010,SHIFT,0.6427,-0.2127,0.0243,0,0.00,0.035,0.067,0.024,SHIFT,0.6680,0.1651,0.0157,0,0.00,0.042,0.023,0.012,SHIFT
49.438,3360,placemove,0.9664,-0.0212,0.2456,-0.0246,-0.1379,-0.0160,0.1674,0.0496,-0.0078,-0.3992,0.3430,-0.1167,1.000,0.000,0.0000,0.0000,1.2169,-0.3006,0.1849,1,3.97,0.878,0.027,1.291,SHIFT,1.2508,0.2547,0.2060,0,0.00,0.027,0.131,0.011,SHIFT,0.9433,-0.3707,0.0157,0,0.00,0.005,0.077,0.017,SHIFT,0.9678,0.3212,0.0223,0,0.00,0.029,0.080,0.105,SHIFT,0.6426,-0.2126,0.0234,0,0.00,0.015,0.196,0.052,SHIFT,0.6683,0.1652,0.0145,1,2.58,0.526,0.572,0.105,SHIFT
49.458,3364,placemove,0.9695,-0.0203,0.2453,-0.0319,-0.1321,-0.0169,0.1784,0.0649,-0.0262,-0.4895,0.4207,-0.1337,1.000,0.000,0.0000,0.0000,1.2170,-0.3007,0.1848,1,4.94,1.106,0.053,1.632,SHIFT,1.2507,0.2502,0.1876,0,0.00,0.028,0.127,0.011,SHIFT,0.9424,-0.3713,0.0166,0,0.00,0.013,0.170,0.040,SHIFT,0.9665,0.3245,0.0302,0,0.00,0.033,0.087,0.105,SHIFT,0.6423,-0.2125,0.0237,0,0.00,0.018,0.210,0.056,SHIFT,0.6686,0.1652,0.0144,1,4.44,0.697,0.430,0.220,SHIFT
49.538,3368,placemove,0.9718,-0.0200,0.2460,-0.0303,-0.1338,-0.0159,0.1108,0.0587,0.0669,0.0364,-0.1098,-0.0243,1.000,0.000,0.0000,0.0000,1.2177,-0.3002,0.1851,0,0.00,0.081,0.007,0.010,SHIFT,1.2508,0.2497,0.1848,1,6.35,1.350,2.940,2.820,SHIFT,0.9435,-0.3710,0.0146,1,4.37,1.669,2.940,1.328,SHIFT,0.9656,0.3260,0.0399,0,0.00,0.075,0.028,0.127,SHIFT,0.6434,-0.2122,0.0213,0,0.00,0.046,0.117,0.032,SHIFT,0.6691,0.1655,0.0145,0,0.00,0.081,0.065,0.009,SHIFT
49.612,3372,placemove,0.9741,-0.0189,0.2472,-0.0285,-0.1376,-0.0156,0.1396,0.0689,0.0689,0.1958,-0.3442,0.0650,1.000,0.000,0.0000,0.0000,1.2182,-0.2991,0.1864,0,0.00,0.210,0.024,0.004,SHIFT,1.2509,0.2499,0.1846,1,8.54,1.431,2.940,2.400,SHIFT,0.9431,-0.3715,0.0150,0,0.00,0.666,0.799,0.339,SHIFT,0.9678,0.3202,0.0406,0,0.00,0.021,0.208,0.013,SHIFT,0.6447,-0.2109,0.0183,0,0.00,0.176,0.002,0.005,SHIFT,0.6702,0.1669,0.0146,1,4.03,2.498,0.704,0.025,SHIFT
49.698,3376,placemove,0.9764,-0.0177,0.2485,-0.0256,-0.1425,-0.0155,0.1382,0.0641,0.0977,0.1009,-0.2864,0.0981,1.000,0.000,0.0000,0.0000,1.2192,-0.2976,0.1862,0,0.00,0.192,0.196,0.034,SHIFT,1.2511,0.2502,0.1845,1,12.48,2.236,2.940,1.211,SHIFT,0.9448,-0.3696,0.0148,1,1.13,0.165,0.199,0.054,SHIFT,0.9697,0.3213,0.0403,0,0.00,0.017,0.085,0.004,SHIFT,0.6467,-0.2090,0.0147,1,13.51,2.687,2.940,0.890,SHIFT,0.6717,0.1687,0.0146,0,0.00,0.382,0.016,0.003,SHIFT
49.751,3380,placemove,0.9790,-0.0168,0.2501,-0.0228,-0.1470,-0.0140,0.1488,0.0517,0.0994,0.4828,-0.3497,0.2320,1.000,0.000,0.0000,0.0000,1.2210,-0.2962,0.1857,0,0.00,0.028,0.090,0.008,STANCE,1.2513,0.2505,0.1845,1,10.82,0.538,2.940,1.502,STANCE,0.9485,-0.3665,0.0156,0,0.00,0.025,0.394,0.086,SWING,0.9712,0.3226,0.0400,0,0.00,0.001,0.190,0.032,STANCE,0.6480,-0.2083,0.0147,1,4.69,0.387,2.940,1.482,STANCE,0.6733,0.1699,0.0151,0,0.00,0.013,0.072,0.015,STANCE
49.820,3384,placemove,0.9800,-0.0163,0.2515,-0.0203,-0.1463,-0.0135,0.0238,0.0146,0.0427,0.0312,0.0905,-0.0316,1.000,0.000,0.0000,0.0000,1.2226,-0.2952,0.1850,0,0.01,0.005,0.038,0.007,STANCE,1.2514,0.2506,0.1844,1,0.95,0.002,0.066,0.337,STANCE,0.9478,-0.3696,0.0252,0,0.00,0.034,0.104,0.096,SWING,0.9721,0.3237,0.0402,0,0.00,0.012,0.065,0.018,STANCE,0.6490,-0.2079,0.0150,1,0.67,0.021,0.052,0.041,STANCE,0.6742,0.1708,0.0166,0,0.00,0.033,0.036,0.007,STANCE
49.893,3388,placemove,0.9800,-0.0164,0.2518,-0.0201,-0.1456,-0.0135,0.0148,-0.0014,0.0357,0.0358,0.1549,-0.0023,1.000,0.000,0.0000,0.0000,1.2227,-0.2951,0.1850,1,9.35,0.087,1.414,0.423,STANCE,1.2514,0.2506,0.1844,1,3.00,0.582,1.286,1.308,STANCE,0.9448,-0.3741,0.0358,0,0.00,0.015,0.163,0.100,SWING,0.9723,0.3237,0.0382,0,0.00,0.044,0.203,0.031,STANCE,0.6496,-0.2076,0.0150,0,0.00,0.049,0.001,0.055,STANCE,0.6744,0.1707,0.0149,1,20.60,0.194,1.419,1.362,STANCE
49.937,3392,placemove,0.9801,-0.0164,0.2519,-0.0199,-0.1449,-0.0136,-0.0003,-0.0013,-0.0018,0.0102,-0.0029,-0.0059,1.000,0.000,0.0000,0.0000,1.2227,-0.2951,0.1849,1,3.12,0.744,0.308,0.399,STANCE,1.2514,0.2506,0.1845,1,2.74,0.081,0.974,0.776,STANCE,0.9420,-0.3779,0.0467,0,0.00,0.013,0.127,0.101,SWING,0.9726,0.3237,0.0361,0,0.00,0.007,0.115,0.024,STANCE,0.6501,-0.2072,0.0150,0,0.00,0.008,0.092,0.006,STANCE,0.6744,0.1707,0.0147,1,6.20,0.555,0.227,0.579,STANCE
49.988,3396,placemove,0.9803,-0.0164,0.2522,-0.0198,-0.1437,-0.0137,0.0010,0.0004,0.0010,0.0017,0.0068,-0.0072,1.000,0.000,0.0000,0.0000,1.2228,-0.2951,0.1849,1,0.88,0.451,0.141,0.030,STANCE,1.2515,0.2506,0.1845,1,4.86,0.033,0.825,0.007,STANCE,0.9407,-0.3813,0.0581,0,0.00,0.330,0.126,0.102,SWING,0.9728,0.3237,0.0341,0,0.00,0.010,0.115,0.025,STANCE,0.6502,-0.2072,0.0148,1,5.78,0.048,0.599,0.184,STANCE,0.6742,0.1708,0.0154,0,0.00,0.003,0.023,0.000,STANCE
50.044,3400,placemove,0.9803,-0.0164,0.2524,-0.0196,-0.1430,-0.0139,0.0023,-0.0013,0.0057,0.0104,0.0248,-0.0050,1.000,0.000,0.0000,0.0000,1.2229,-0.2951,0.1848,1,2.92,0.350,0.331,0.294,STANCE,1.2515,0.2506,0.1845,1,1.67,0.309,0.357,0.086,STANCE,0.9517,-0.3869,0.0714,0,0.00,0.115,0.116,0.106,SWING,0.9730,0.3236,0.0320,0,0.00,0.004,0.111,0.025,STANCE,0.6501,-0.2072,0.0150,0,0.00,0.004,0.015,0.001,STANCE,0.6743,0.1707,0.0147,1,5.57,0.026,0.063,0.619,STANCE
50.077,3404,placemove,0.9804,-0.0164,0.2525,-0.0195,-0.1426,-0.0139,0.0049,0.0008,0.0101,0.0051,0.0401,0.0010,1.000,0.000,0.0000,0.0000,1.2229,-0.2951,0.1848,1,0.59,0.345,0.043,0.084,STANCE,1.2515,0.2506,0.1845,1,3.93,0.063,0.719,0.023,STANCE,0.9664,-0.3915,0.0853,0,0.00,0.122,0.115,0.107,SWING,0.9733,0.3236,0.0297,0,0.00,0.007,0.111,0.026,STANCE,0.6501,-0.2072,0.0148,1,5.55,0.304,0.257,0.404,STANCE,0.6743,0.1708,0.0148,0,0.00,0.001,0.009,0.001,STANCE
50.120,3408,placemove,0.9804,-0.0164,0.2525,-0.0194,-0.1425,-0.0140,-0.0001,-0.0003,-0.0016,0.0013,-0.0044,-0.0043,1.000,0.000,0.0000,0.0000,1.2229,-0.2951,0.1848,1,1.61,0.591,0.113,0.265,STANCE,1.2515,0.2506,0.1845,1,4.10,0.621,0.700,0.003,STANCE,0.9817,-0.3943,0.0993,0,0.00,0.114,0.127,0.106,SWING,0.9736,0.3235,0.0274,0,0.00,0.009,0.120,0.027,STANCE,0.6501,-0.2072,0.0147,1,4.30,0.009,0.366,0.182,STANCE,0.6743,0.1707,0.0148,1,2.88,0.013,0.593,0.750,STANCE
50.171,3412,placemove,0.9804,-0.0164,0.2525,-0.0193,-0.1426,-0.0140,-0.0019,-0.0004,-0.0020,0.0013,-0.0043,-0.0057,1.000,0.000,0.0000,0.0000,1.2229,-0.2950,0.1847,1,1.97,0.456,0.086,0.372,STANCE,1.2515,0.2506,0.1845,1,4.23,0.218,0.744,0.092,STANCE,0.9760,-0.3929,0.0946,0,0.00,0.084,0.074,0.094,SWING,0.9740,0.3235,0.0250,0,0.00,0.010,0.121,0.028,STANCE,0.6501,-0.2072,0.0146,1,3.97,0.244,0.295,0.201,STANCE,0.6743,0.1707,0.0148,1,2.87,0.541,0.389,0.607,STANCE
50.208,3416,placemove,0.9804,-0.0164,0.2524,-0.0193,-0.1426,-0.0141,-0.0005,-0.0011,-0.0035,0.0076,-0.0052,-0.0016,1.000,0.000,0.0000,0.0000,1.2229,-0.2950,0.1846,1,4.28,0.690,0.349,0.568,STANCE,1.2515,0.2506,0.1845,1,3.96,0.055,0.758,0.189,STANCE,0.9615,-0.3843,0.0819,0,0.00,0.086,0.916,0.129,SWING,0.9743,0.3234,0.0226,0,0.00,0.013,0.116,0.028,STANCE,0.6501,-0.2072,0.0145,1,6.08,0.373,0.647,0.151,STANCE,0.6743,0.1707,0.0148,1,3.14,0.835,0.406,0.657,STANCE
50.229,3420,placemove,0.9804,-0.0165,0.2524,-0.0192,-0.1427,-0.0142,-0.0009,-0.0006,-0.0017,0.0026,-0.0047,-0.0013,1.000,0.000,0.0000,0.0000,1.2229,-0.2951,0.1846,1,1.80,0.294,0.046,0.516,STANCE,1.2515,0.2506,0.1845,1,4.26,0.019,0.976,0.331,STANCE,0.9432,-0.3820,0.0909,0,0.00,0.092,0.127,0.106,SWING,0.9747,0.3234,0.0202,0,0.00,0.010,0.122,0.029,STANCE,0.6501,-0.2072,0.0145,1,4.32,0.485,0.446,0.131,STANCE,0.6743,0.1707,0.0147,1,2.68,0.716,0.385,0.584,STANCE
50.264,3424,placemove,0.9803,-0.0165,0.2524,-0.0192,-0.1428,-0.0142,-0.0005,-0.0005,-0.0016,0.0018,-0.0039,-0.0011,1.000,0.000,0.0000,0.0000,1.2229,-0.2951,0.1846,1,1.80,0.113,0.045,0.494,STANCE,1.2515,0.2505,0.1845,1,4.40,0.104,1.024,0.374,STANCE,0.9335,-0.3802,0.1012,0,0.00,0.091,0.133,0.102,SWING,0.9750,0.3233,0.0178,0,0.00,0.009,0.122,0.030,STANCE,0.6501,-0.2072,0.0144,1,4.27,0.502,0.507,0.083,STANCE,0.6743,0.1707,0.0147,1,2.66,0.801,0.347,0.557,STANCE
50.286,3428,placemove,0.9803,-0.0165,0.2523,-0.0191,-0.1428,-0.0142,-0.0002,-0.0003,-0.0013,0.0016,-0.0020,-0.0007,1.000,0.000,0.0000,0.0000,1.2229,-0.2951,0.1846,1,2.00,0.518,0.042,0.594,STANCE,1.2515,0.2505,0.1845,1,4.68,0.232,1.049,0.338,STANCE,0.9349,-0.3805,0.1132,0,0.00,0.629,0.131,0.105,SWING,0.9753,0.3233,0.0154,0,0.00,0.010,0.124,0.031,STANCE,0.6501,-0.2072,0.0144,1,3.87,0.842,0.576,0.013,STANCE,0.6743,0.1707,0.0146,1,2.25,0.780,0.283,0.460,STANCE
50.342,3432,placemove,0.9803,-0.0167,0.2526,-0.0180,-0.1430,-0.0142,-0.0011,-0.0038,0.0026,0.0176,-0.0007,0.0023,1.000,0.000,0.0000,0.0000,1.2229,-0.2952,0.1846,1,3.07,0.373,0.343,0.236,STANCE,1.2513,0.2504,0.1851,0,0.00,0.004,0.023,0.003,STANCE,0.9486,-0.3828,0.1267,0,0.00,0.107,0.132,0.107,SWING,0.9754,0.3232,0.0147,1,4.80,0.002,0.150,0.597,STANCE,0.6501,-0.2072,0.0143,1,3.08,0.549,0.212,0.127,STANCE,0.6742,0.1707,0.0150,0,0.00,0.011,0.025,0.001,STANCE
50.397,3436,placemove,0.9803,-0.0167,0.2526,-0.0180,-0.1425,-0.0142,0.0096,0.0040,0.0075,-0.0196,0.0608,-0.0087,1.000,0.000,0.0000,0.0000,1.2229,-0.2952,0.1845,1,3.61,0.312,0.411,0.354,STANCE,1.2513,0.2504,0.1850,1,0.88,0.036,0.378,0.402,STANCE,0.9636,-0.3834,0.1406,0,0.00,0.102,0.127,0.106,SWING,0.9754,0.3233,0.0147,0,0.20,0.087,0.053,0.038,STANCE,0.6501,-0.2072,0.0145,0,0.00,0.002,0.018,0.000,STANCE,0.6742,0.1707,0.0148,1,5.43,0.475,0.318,0.424,STANCE
50.443,3440,placemove,0.9804,-0.0167,0.2526,-0.0181,-0.1423,-0.0142,0.0006,-0.0002,-0.0012,0.0006,-0.0004,0.0010,1.000,0.000,0.0000,0.0000,1.2229,-0.2952,0.1845,1,2.71,1.178,0.152,0.541,STANCE,1.2515,0.2505,0.1850,1,2.70,0.262,1.255,1.280,STANCE,0.9787,-0.3821,0.1543,0,0.00,0.102,0.131,0.106,SWING,0.9754,0.3233,0.0147,1,1.93,0.277,0.124,0.280,STANCE,0.6501,-0.2072,0.0146,1,2.43,0.322,0.061,0.266,STANCE,0.6742,0.1707,0.0147,1,2.80,0.627,0.233,0.154,STANCE
50.511,3444,placemove,0.9804,-0.0167,0.2526,-0.0180,-0.1423,-0.0141,-0.0055,-0.0000,-0.0008,-0.0024,0.0008,-0.0139,1.000,0.000,0.0000,0.0000,1.2230,-0.2952,0.1844,1,2.71,1.245,0.170,0.527,STANCE,1.2515,0.2506,0.1850,1,2.75,0.270,1.270,1.301,STANCE,0.9807,-0.3809,0.1565,0,0.00,0.100,0.070,0.095,SWING,0.9754,0.3233,0.0147,1,2.41,0.311,0.110,0.304,STANCE,0.6502,-0.2073,0.0146,1,2.37,0.552,0.042,0.179,STANCE,0.6742,0.1707,0.0147,1,2.49,0.594,0.360,0.007,STANCE
50.543,3448,placemove,0.9804,-0.0167,0.2526,-0.0180,-0.1423,-0.0142,-0.0010,0.0001,-0.0011,0.0026,-0.0038,-0.0005,1.000,0.000,0.0000,0.0000,1.2229,-0.2952,0.1844,1,2.39,1.272,0.103,0.546,STANCE,1.2515,0.2506,0.1850,1,3.26,0.402,1.505,1.533,STANCE,0.9657,-0.3825,0.1429,0,0.00,0.095,0.071,0.094,SWING,0.9754,0.3233,0.0147,1,1.91,0.375,0.201,0.335,STANCE,0.6501,-0.2072,0.0146,1,2.72,0.447,0.046,0.225,STANCE,0.6742,0.1707,0.0147,1,2.34,0.691,0.214,0.103,STANCE
50.566,3452,placemove,0.9804,-0.0167,0.2526,-0.0179,-0.1423,-0.0142,-0.0007,-0.0008,-0.0017,0.0034,-0.0023,-0.0001,1.000,0.000,0.0000,0.0000,1.2229,-0.2952,0.1844,1,3.59,1.224,0.206,0.664,STANCE,1.2515,0.2506,0.1850,1,3.40,0.430,1.574,1.596,STANCE,0.9512,-0.3770,0.1317,0,0.00,0.084,0.088,0.082,SWING,0.9754,0.3233,0.0146,1,1.80,0.311,0.186,0.323,STANCE,0.6501,-0.2072,0.0145,1,3.78,0.409,0.186,0.243,STANCE,0.6742,0.1707,0.0146,1,2.49,0.731,0.202,0.135,STANCE
50.600,3456,placemove,0.9804,-0.0167,0.2526,-0.0179,-0.1424,-0.0142,-0.0010,0.0000,-0.0008,-0.0008,-0.0037,-0.0000,1.000,0.000,0.0000,0.0000,1.2229,-0.2952,0.1844,1,1.93,0.694,0.098,0.368,STANCE,1.2515,0.2506,0.1850,1,3.39,0.494,1.552,1.583,STANCE,0.9342,-0.3712,0.1407,0,0.00,0.695,0.130,0.106,SWING,0.9754,0.3233,0.0146,1,1.98,0.360,0.237,0.370,STANCE,0.6501,-0.2072,0.0145,1,3.17,0.652,0.088,0.237,STANCE,0.6742,0.1707,0.0146,1,2.73,0.910,0.196,0.174,STANCE
50.623,3460,placemove,0.9803,-0.0167,0.2525,-0.0179,-0.1424,-0.0142,0.0004,0.0003,-0.0007,0.0007,-0.0001,0.0002,1.000,0.000,0.0000,0.0000,1.2229,-0.2952,0.1844,1,2.67,1.327,0.192,0.494,STANCE,1.2515,0.2506,0.1850,1,3.79,0.615,1.729,1.759,STANCE,0.9305,-0.3675,0.1515,0,0.00,0.286,0.131,0.103,SWING,0.9754,0.3233,0.0146,1,1.63,0.580,0.265,0.359,STANCE,0.6501,-0.2072,0.0145,1,2.52,0.097,0.136,0.149,STANCE,0.6742,0.1707,0.0146,1,1.88,0.716,0.226,0.051,STANCE
50.656,3464,placemove,0.9803,-0.0167,0.2525,-0.0179,-0.1425,-0.0142,-0.0001,0.0001,-0.0006,-0.0001,-0.0006,-0.0002,1.000,0.000,0.0000,0.0000,1.2229,-0.2952,0.1844,1,2.48,1.196,0.135,0.511,STANCE,1.2515,0.2506,0.1850,1,3.82,0.660,1.735,1.766,STANCE,0.9421,-0.3666,0.1643,0,0.00,0.101,0.131,0.106,SWING,0.9754,0.3233,0.0146,1,1.70,0.570,0.266,0.367,STANCE,0.6501,-0.2072,0.0144,1,2.61,0.263,0.137,0.156,STANCE,0.6742,0.1707,0.0146,1,2.02,0.814,0.217,0.074,STANCE
50.679,3468,placemove,0.9803,-0.0167,0.2525,-0.0179,-0.1425,-0.0142,-0.0001,0.0000,-0.0006,0.0001,-0.0004,0.0000,1.000,0.000,0.0000,0.0000,1.2229,-0.2952,0.1843,1,2.43,1.205,0.112,0.536,STANCE,1.2515,0.2506,0.1850,1,3.87,0.683,1.752,1.784,STANCE,0.9567,-0.3648,0.1773,0,0.00,0.099,0.131,0.106,SWING,0.9754,0.3233,0.0146,1,1.72,0.572,0.268,0.370,STANCE,0.6501,-0.2072,0.0144,1,2.63,0.279,0.147,0.152,STANCE,0.6742,0.1707,0.0146,1,1.99,0.823,0.209,0.077,STANCE
50.717,3472,placemove,0.9803,-0.0167,0.2525,-0.0179,-0.1425,-0.0142,-0.0001,0.0000,-0.0005,0.0001,-0.0003,0.0001,1.000,0.000,0.0000,0.0000,1.2229,-0.2952,0.1843,1,2.43,1.206,0.110,0.539,STANCE,1.2515,0.2506,0.1850,1,3.90,0.696,1.765,1.797,STANCE,0.9709,-0.3611,0.1898,0,0.00,0.097,0.131,0.106,SWING,0.9754,0.3233,0.0146,1,1.72,0.581,0.269,0.371,STANCE,0.6501,-0.2072,0.0144,1,2.62,0.276,0.152,0.148,STANCE,0.6742,0.1707,0.0146,1,1.97,0.827,0.207,0.075,STANCE
50.739,3476,placemove,0.9804,-0.0167,0.2525,-0.0179,-0.1425,-0.0142,0.0037,0.0031,-0.0011,-0.0026,-0.0075,-0.0059,1.000,0.000,0.0000,0.0000,1.2229,-0.2952,0.1843,1,2.31,0.953,0.039,0.590,STANCE,1.2515,0.2506,0.1849,1,4.04,0.796,1.785,1.799,STANCE,0.9844,-0.3625,0.2028,0,0.00,0.108,0.115,0.030,SWING,0.9754,0.3233,0.0146,1,0.62,0.322,0.194,0.189,STANCE,0.6501,-0.2072,0.0144,1,3.01,0.230,0.272,0.110,STANCE,0.6742,0.1707,0.0145,1,2.23,0.962,0.281,0.055,STANCE
50.780,3480,placemove,0.9804,-0.0167,0.2525,-0.0179,-0.1425,-0.0142,0.0009,0.0012,0.0003,0.0007,0.0025,-0.0042,1.000,0.000,0.0000,0.0000,1.2230,-0.2952,0.1844,1,2.06,0.708,0.438,0.053,STANCE,1.2515,0.2505,0.1849,1,3.35,0.722,1.196,1.062,STANCE,0.9985,-0.3674,0.2152,0,0.00,0.099,0.180,0.032,SWING,0.9754,0.3233,0.0146,1,1.31,0.376,0.320,0.099,STANCE,0.6501,-0.2072,0.0144,1,1.45,0.061,0.370,0.136,STANCE,0.6742,0.1707,0.0145,1,1.24,0.872,0.295,0.092,STANCE
50.803,3484,placemove,0.9804,-0.0167,0.2525,-0.0179,-0.1425,-0.0142,0.0001,-0.0001,-0.0005,0.0008,0.0013,-0.0010,1.000,0.000,0.0000,0.0000,1.2230,-0.2952,0.1844,1,3.32,0.661,0.590,0.019,STANCE,1.2515,0.2505,0.1849,1,3.35,0.500,1.208,1.045,STANCE,1.0159,-0.3718,0.2090,0,0.00,0.125,0.069,0.095,SWING,0.9754,0.3234,0.0146,1,1.66,0.427,0.386,0.100,STANCE,0.6501,-0.2072,0.0144,1,2.61,0.231,0.487,0.122,STANCE,0.6743,0.1708,0.0145,1,1.69,0.470,0.239,0.000,STANCE
50.838,3488,placemove,0.9804,-0.0167,0.2525,-0.0179,-0.1425,-0.0142,0.0002,-0.0001,-0.0005,0.0007,0.0010,-0.0004,1.000,0.000,0.0000,0.0000,1.2230,-0.2952,0.1843,1,3.26,0.693,0.568,0.034,STANCE,1.2515,0.2505,0.1849,1,3.30,0.446,1.198,1.038,STANCE,1.0341,-0.3751,0.2014,0,0.00,0.124,0.069,0.095,SWING,0.9754,0.3234,0.0146,1,1.71,0.374,0.376,0.091,STANCE,0.6501,-0.2072,0.0144,1,2.64,0.275,0.487,0.119,STANCE,0.6743,0.1708,0.0145,1,1.72,0.456,0.230,0.017,STANCE
50.860,3492,placemove,0.9804,-0.0167,0.2525,-0.0179,-0.1424,-0.0142,0.0003,-0.0001,-0.0004,0.0005,0.0013,0.0000,1.000,0.000,0.0000,0.0000,1.2230,-0.2952,0.1843,1,3.25,0.851,0.542,0.073,STANCE,1.2515,0.2505,0.1849,1,3.38,0.379,1.191,0.991,STANCE,1.0474,-0.3779,0.1927,0,0.00,0.119,0.070,0.100,SWING,0.9754,0.3234,0.0146,1,1.70,0.328,0.354,0.081,STANCE,0.6501,-0.2072,0.0144,1,2.54,0.263,0.484,0.126,STANCE,0.6743,0.1708,0.0145,1,1.63,0.428,0.217,0.019,STANCE
50.956,3496,placemove,0.9811,-0.0162,0.2533,-0.0206,-0.1431,-0.0143,0.0365,0.1167,0.1753,-0.6311,-0.0808,-0.1036,1.000,0.000,0.0000,0.0000,1.2227,-0.2951,0.1852,0,0.00,0.052,0.226,0.001,SHIFT,1.2513,0.2506,0.1850,0,0.00,0.060,0.030,0.010,SHIFT,1.0501,-0.3812,0.1848,1,24.53,0.009,2.940,2.940,SHIFT,0.9754,0.3233,0.0145,1,17.81,0.454,2.940,0.280,SHIFT,0.6500,-0.2072,0.0148,0,0.00,0.078,0.278,0.049,SHIFT,0.6743,0.1707,0.0145,0,0.00,0.072,0.127,0.028,SHIFT
50.977,3500,placemove,0.9813,-0.0123,0.2584,-0.0354,-0.1467,-0.0144,0.0039,0.2466,0.3175,-0.8987,-0.1539,-0.1404,1.000,0.000,0.0000,0.0000,1.2208,-0.2928,0.1942,0,0.00,0.093,0.059,0.003,SHIFT,1.2505,0.2527,0.1866,0,0.00,0.041,0.007,0.003,SHIFT,1.0500,-0.3817,0.1845,1,3.06,0.205,0.143,1.300,SHIFT,0.9753,0.3235,0.0143,1,7.94,0.318,1.041,1.420,SHIFT,0.6488,-0.2062,0.0209,0,0.00,0.079,0.159,0.028,SHIFT,0.6738,0.1717,0.0154,0,0.00,0.029,0.072,0.012,SHIFT
51.024,3504,placemove,0.9815,-0.0082,0.2619,-0.0577,-0.1544,-0.0145,0.0070,0.2423,0.1364,-1.3458,-0.4691,-0.2103,1.000,0.000,0.0000,0.0000,1.2188,-0.2910,0.2034,0,0.00,0.077,0.080,0.016,SHIFT,1.2502,0.2543,0.1864,0,0.00,0.073,0.021,0.005,SHIFT,1.0498,-0.3835,0.1856,0,0.00,0.096,0.124,0.095,SHIFT,0.9745,0.3262,0.0191,0,0.00,0.085,0.117,0.098,SHIFT,0.6483,-0.2061,0.0244,0,0.00,0.033,0.084,0.039,SHIFT,0.6726,0.1723,0.0221,0,0.00,0.045,0.106,0.099,SHIFT
51.053,3508,placemove,0.9813,-0.0046,0.2632,-0.0798,-0.1677,-0.0148,-0.0459,0.2128,0.0566,-1.4264,-1.2101,-0.1999,1.000,0.000,0.0000,0.0000,1.2167,-0.2895,0.2111,0,0.00,0.088,0.104,0.011,SHIFT,1.2501,0.2553,0.1849,1,2.24,0.206,0.186,0.866,SHIFT,1.0494,-0.3849,0.1847,1,3.03,0.184,0.218,1.296,SHIFT,0.9741,0.3293,0.0231,0,0.00,0.045,0.141,0.093,SHIFT,0.6486,-0.2064,0.0237,0,0.00,0.028,0.101,0.046,SHIFT,0.6721,0.1729,0.0271,0,0.00,0.028,0.120,0.094,SHIFT
51.101,3512,placemove,0.9802,-0.0008,0.2635,-0.1047,-0.1918,-0.0141,-0.0906,0.2461,-0.0066,-1.5629,-1.5727,-0.2235,1.000,0.000,0.0000,0.0000,1.2143,-0.2881,0.2212,0,0.00,0.206,0.215,0.013,SHIFT,1.2499,0.2560,0.1849,1,2.10,0.241,0.251,0.856,SHIFT,1.0489,-0.3862,0.1845,1,8.91,1.422,0.608,2.940,SHIFT,0.9754,0.3312,0.0253,0,0.00,0.021,0.076,0.100,SHIFT,0.6510,-0.2077,0.0188,0,0.00,0.093,0.097,0.042,SHIFT,0.6746,0.1723,0.0225,0,0.00,0.001,0.052,0.033,SHIFT
51.129,3516,placemove,0.9794,0.0031,0.2653,-0.1270,-0.2078,-0.0136,0.0639,0.2371,0.3307,-0.9592,-0.0428,-0.0764,1.000,0.000,0.0000,0.0000,1.2113,-0.2862,0.2307,0,0.00,0.405,0.233,0.033,SHIFT,1.2497,0.2569,0.1847,0,0.00,0.068,0.175,0.035,SHIFT,1.0485,-0.3864,0.1843,1,8.85,2.781,0.381,1.317,SHIFT,0.9761,0.3319,0.0278,0,0.00,0.159,0.129,0.162,SHIFT,0.6522,-0.2082,0.0160,0,0.00,0.284,0.151,0.008,SHIFT,0.6775,0.1716,0.0128,1,15.17,1.293,1.545,2.940,SHIFT
51.176,3520,placemove,0.9808,0.0064,0.2702,-0.1467,-0.2099,-0.0129,0.0581,0.1560,0.2860,-1.2304,-0.1612,-0.1862,1.000,0.000,0.0000,0.0000,1.2104,-0.2843,0.2388,0,0.00,0.067,0.143,0.025,SHIFT,1.2499,0.2582,0.1850,1,2.68,1.056,0.223,0.615,SHIFT,1.0488,-0.3861,0.1851,1,5.40,0.523,2.940,2.170,SHIFT,0.9788,0.3214,0.0270,0,0.00,0.065,0.168,0.015,SHIFT,0.6516,-0.2085,0.0233,0,0.00,0.095,0.130,0.047,SHIFT,0.6779,0.1711,0.0129,1,2.88,1.653,1.388,0.653,SHIFT
51.226,3524,placemove,0.9818,0.0089,0.2743,-0.1640,-0.2124,-0.0127,0.0648,0.1359,0.2150,-0.9085,-0.1267,-0.1749,1.000,0.000,0.0000,0.0000,1.2093,-0.2834,0.2460,0,0.00,0.072,0.130,0.023,SHIFT,1.2501,0.2584,0.1850,1,2.35,1.085,0.385,0.333,SHIFT,1.0471,-0.3772,0.1833,1,5.34,0.251,2.940,2.251,SHIFT,0.9804,0.3175,0.0234,0,0.00,0.033,0.091,0.013,SHIFT,0.6513,-0.2097,0.0279,0,0.00,0.117,0.154,0.081,SHIFT,0.6781,0.1701,0.0130,1,2.46,1.317,1.339,0.663,SHIFT
51.273,3528,placemove,0.9831,0.0109,0.2775,-0.1776,-0.2145,-0.0129,0.0737,0.1071,0.1670,-0.7022,-0.0975,-0.1270,1.000,0.000,0.0000,0.0000,1.2083,-0.2827,0.2511,0,0.00,0.107,0.130,0.023,SHIFT,1.2504,0.2585,0.1849,1,2.41,1.109,0.423,0.316,SHIFT,1.0460,-0.3704,0.1824,1,4.33,0.463,2.940,2.343,SHIFT,0.9816,0.3156,0.0197,0,0.00,0.002,0.085,0.015,SHIFT,0.6534,-0.2094,0.0313,0,0.00,0.155,0.139,0.051,SHIFT,0.6784,0.1695,0.0131,1,2.28,1.255,1.185,0.564,SHIFT
51.293,3532,placemove,0.9846,0.0125,0.2799,-0.1871,-0.2160,-0.0134,0.0889,0.0750,0.1303,-0.5163,-0.0635,-0.1273,1.000,0.000,0.0000,0.0000,1.2078,-0.2822,0.2540,0,0.00,0.057,0.113,0.016,SHIFT,1.2506,0.2587,0.1850,1,3.62,1.719,0.925,0.193,SHIFT,1.0452,-0.3655,0.1816,1,4.98,0.772,2.940,1.952,SHIFT,0.9828,0.3143,0.0165,0,0.00,0.029,0.088,0.017,SHIFT,0.6568,-0.2084,0.0332,0,0.00,0.080,0.226,0.061,SHIFT,0.6788,0.1692,0.0132,1,1.56,0.851,0.978,0.507,SHIFT
51.392,3536,placemove,0.9861,0.0132,0.2819,-0.1933,-0.2166,-0.0138,0.0797,-0.0030,0.0957,-0.5301,0.0073,-0.1297,1.000,0.000,0.0000,0.0000,1.2076,-0.2823,0.2553,0,0.00,0.032,0.037,0.006,STANCE,1.2508,0.2585,0.1853,0,0.00,0.043,0.051,0.003,STANCE,1.0450,-0.3616,0.1798,0,0.09,0.032,0.004,0.013,STANCE,0.9836,0.3133,0.0152,0,0.00,0.010,0.179,0.039,SWING,0.6603,-0.2077,0.0342,0,0.00,0.019,0.089,0.032,STANCE,0.6789,0.1690,0.0137,0,0.08,0.007,0.002,0.000,STANCE
51.445,3540,placemove,0.9865,0.0132,0.2824,-0.1965,-0.2165,-0.0135,-0.0003,-0.0034,0.0084,-0.0392,-0.0095,-0.0661,1.000,0.000,0.0000,0.0000,1.2083,-0.2829,0.2549,0,0.00,0.008,0.097,0.017,STANCE,1.2512,0.2581,0.1849,1,1.66,0.836,0.727,0.385,STANCE,1.0453,-0.3611,0.1804,1,4.82,0.327,2.940,2.209,STANCE,0.9816,0.3166,0.0241,0,0.00,0.005,0.131,0.104,SWING,0.6631,-0.2082,0.0339,0,0.00,0.032,0.135,0.041,STANCE,0.6792,0.1680,0.0138,1,4.20,1.311,1.141,0.315,STANCE
51.479,3544,placemove,0.9865,0.0133,0.2826,-0.1971,-0.2166,-0.0136,0.0008,0.0051,0.0047,-0.0253,-0.0014,-0.0125,1.000,0.000,0.0000,0.0000,1.2088,-0.2834,0.2529,0,0.00,0.005,0.116,0.017,STANCE,1.2512,0.2580,0.1849,1,2.30,0.549,0.174,0.883,STANCE,1.0453,-0.3610,0.1806,1,7.33,1.220,2.529,1.504,STANCE,0.9790,0.3207,0.0345,0,0.00,0.018,0.131,0.104,SWING,0.6656,-0.2079,0.0321,0,0.00,0.008,0.153,0.044,STANCE,0.6792,0.1680,0.0139,1,3.38,2.067,1.861,0.913,STANCE
51.499,3548,placemove,0.9865,0.0133,0.2826,-0.1976,-0.2166,-0.0135,0.0003,0.0013,0.0038,-0.0262,0.0004,-0.0011,1.000,0.000,0.0000,0.0000,1.2093,-0.2839,0.2508,0,0.00,0.006,0.116,0.016,STANCE,1.2512,0.2580,0.1848,1,2.84,0.182,0.130,0.513,STANCE,1.0453,-0.3610,0.1809,1,7.31,1.068,2.398,1.352,STANCE,0.9763,0.3242,0.0452,0,0.00,0.014,0.131,0.104,SWING,0.6681,-0.2077,0.0303,0,0.00,0.010,0.154,0.044,STANCE,0.6790,0.1681,0.0139,1,3.04,1.570,1.948,1.028,STANCE
51.536,3552,placemove,0.9866,0.0134,0.2827,-0.1980,-0.2165,-0.0135,0.0013,0.0033,0.0040,-0.0188,0.0012,-0.0080,1.000,0.000,0.0000,0.0000,1.2098,-0.2843,0.2487,0,0.00,0.009,0.119,0.017,STANCE,1.2513,0.2580,0.1848,1,2.13,0.510,0.052,0.573,STANCE,1.0453,-0.3610,0.1811,1,7.56,1.202,2.415,1.342,STANCE,0.9751,0.3272,0.0564,0,0.00,0.337,0.127,0.105,SWING,0.6706,-0.2074,0.0284,0,0.00,0.011,0.146,0.042,STANCE,0.6789,0.1681,0.0140,1,3.12,1.625,1.948,1.022,STANCE
51.566,3556,placemove,0.9865,0.0134,0.2827,-0.1985,-0.2167,-0.0136,-0.0105,0.0162,-0.0227,-0.0961,-0.0556,-0.0473,1.000,0.000,0.0000,0.0000,1.2103,-0.2848,0.2466,0,0.00,0.018,0.143,0.013,STANCE,1.2513,0.2580,0.1847,1,24.25,1.229,2.940,1.550,STANCE,1.0453,-0.3610,0.1813,1,2.66,1.208,1.027,0.801,STANCE,0.9857,0.3322,0.0697,1,15.13,2.940,2.940,2.741,SWING,0.6732,-0.2072,0.0266,0,0.00,0.068,0.122,0.042,STANCE,0.6786,0.1682,0.0140,1,5.02,2.940,2.940,1.491,STANCE
51.622,3560,placemove,0.9866,0.0134,0.2828,-0.1987,-0.2164,-0.0136,0.0002,0.0000,0.0050,-0.0192,0.0064,-0.0001,1.000,0.000,0.0000,0.0000,1.2108,-0.2852,0.2444,0,0.00,0.007,0.115,0.017,STANCE,1.2513,0.2580,0.1847,1,2.57,0.342,0.226,0.213,STANCE,1.0453,-0.3610,0.1815,1,7.42,1.141,2.261,1.201,STANCE,0.9757,0.3275,0.0588,0,0.00,0.359,0.071,0.095,SWING,0.6758,-0.2068,0.0247,0,0.00,0.004,0.154,0.045,STANCE,0.6785,0.1683,0.0141,1,3.24,1.627,2.106,1.119,STANCE
51.643,3564,placemove,0.9866,0.0135,0.2829,-0.1990,-0.2164,-0.0137,0.0019,-0.0014,0.0061,-0.0170,0.0168,0.0103,1.000,0.000,0.0000,0.0000,1.2113,-0.2857,0.2423,0,0.00,0.002,0.118,0.018,STANCE,1.2513,0.2580,0.1846,1,2.80,0.208,0.041,0.616,STANCE,1.0453,-0.3610,0.1817,1,6.81,1.033,2.309,1.345,STANCE,0.9732,0.3272,0.0612,0,0.00,0.030,0.126,0.105,SWING,0.6785,-0.2065,0.0229,0,0.00,0.014,0.154,0.045,STANCE,0.6786,0.1682,0.0141,1,3.00,1.566,1.918,1.010,STANCE
51.691,3568,placemove,0.9866,0.0135,0.2829,-0.1993,-0.2163,-0.0136,-0.0006,0.0009,0.0014,-0.0178,-0.0050,0.0003,1.000,0.000,0.0000,0.0000,1.2118,-0.2861,0.2401,0,0.00,0.007,0.114,0.017,STANCE,1.2513,0.2580,0.1846,1,3.18,0.070,0.220,0.400,STANCE,1.0453,-0.3610,0.1818,1,7.09,1.014,2.232,1.210,STANCE,0.9707,0.3289,0.0725,0,0.00,0.017,0.133,0.104,SWING,0.6812,-0.2062,0.0210,0,0.00,0.008,0.160,0.046,STANCE,0.6783,0.1683,0.0142,1,2.92,1.280,1.987,1.082,STANCE
51.712,3572,placemove,0.9866,0.0135,0.2830,-0.1996,-0.2164,-0.0135,-0.0003,0.0010,0.0010,-0.0173,-0.0044,0.0091,1.000,0.000,0.0000,0.0000,1.2123,-0.2866,0.2379,0,0.00,0.009,0.112,0.017,STANCE,1.2513,0.2580,0.1845,1,3.43,0.268,0.281,0.334,STANCE,1.0453,-0.3610,0.1820,1,7.22,1.060,2.210,1.171,STANCE,0.9686,0.3298,0.0837,0,0.00,0.018,0.135,0.104,SWING,0.6840,-0.2059,0.0191,0,0.00,0.008,0.165,0.048,STANCE,0.6773,0.1689,0.0144,1,3.05,1.143,2.115,1.159,STANCE
51.753,3576,placemove,0.9866,0.0135,0.2830,-0.2000,-0.2165,-0.0130,0.0010,-0.0005,0.0022,-0.0161,0.0040,0.0345,1.000,0.000,0.0000,0.0000,1.2128,-0.2871,0.2358,0,0.00,0.013,0.111,0.017,STANCE,1.2513,0.2580,0.1845,1,3.21,0.104,0.266,0.383,STANCE,1.0453,-0.3610,0.1821,1,7.71,1.239,2.262,1.165,STANCE,0.9731,0.3315,0.0960,0,0.00,0.234,0.135,0.107,SWING,0.6870,-0.2057,0.0172,0,0.00,0.008,0.169,0.048,STANCE,0.6746,0.1708,0.0149,1,3.51,1.140,2.264,1.200,STANCE
51.792,3580,placemove,0.9865,0.0136,0.2829,-0.2005,-0.2168,-0.0135,-0.0178,0.0094,-0.0255,-0.0372,-0.1121,0.0204,1.000,0.000,0.0000,0.0000,1.2132,-0.2876,0.2336,0,0.00,0.097,0.134,0.024,STANCE,1.2513,0.2580,0.1844,1,7.88,2.940,0.727,0.062,STANCE,1.0451,-0.3609,0.1822,1,5.29,2.017,2.088,1.513,STANCE,0.9850,0.3334,0.1091,0,0.00,2.347,0.654,0.044,SWING,0.6897,-0.2052,0.0153,0,0.00,0.093,0.008,0.013,STANCE,0.6743,0.1708,0.0148,1,4.27,1.624,2.940,1.704,STANCE
51.873,3584,placemove,0.9867,0.0136,0.2832,-0.2002,-0.2154,-0.0140,0.0043,0.0010,0.0075,-0.0111,0.0286,0.0159,1.000,0.000,0.0000,0.0000,1.2139,-0.2880,0.2312,0,0.00,0.004,0.125,0.017,STANCE,1.2513,0.2580,0.1843,1,4.14,0.130,1.008,0.298,STANCE,1.0452,-0.3610,0.1824,1,4.02,0.881,1.145,0.619,STANCE,0.9768,0.3319,0.0989,0,0.00,0.185,0.091,0.093,SWING,0.6910,-0.2049,0.0149,1,1.96,0.759,1.553,0.739,STANCE,0.6766,0.1690,0.0149,1,0.89,0.027,0.116,0.028,STANCE
51.928,3588,placemove,0.9867,0.0136,0.2832,-0.2006,-0.2154,-0.0140,0.0014,0.0050,-0.0007,-0.0120,-0.0029,0.0089,1.000,0.000,0.0000,0.0000,1.2144,-0.2885,0.2291,0,0.00,0.027,0.095,0.018,STANCE,1.2513,0.2581,0.1842,1,5.79,1.282,0.750,0.005,STANCE,1.0453,-0.3609,0.1826,1,6.64,1.718,1.723,0.863,STANCE,0.9689,0.3294,0.0886,0,0.00,0.136,0.042,0.088,SWING,0.6911,-0.2049,0.0148,1,1.13,0.304,0.864,0.470,STANCE,0.6769,0.1687,0.0148,1,3.42,1.126,2.428,1.412,STANCE
51.998,3592,placemove,0.9867,0.0137,0.2832,-0.2009,-0.2156,-0.0137,0.0020,0.0021,0.0017,-0.0114,0.0083,0.0265,1.000,0.000,0.0000,0.0000,1.2149,-0.2889,0.2269,0,0.00,0.010,0.113,0.018,STANCE,1.2513,0.2581,0.1842,1,3.83,0.587,0.086,0.586,STANCE,1.0453,-0.3609,0.1827,1,7.06,1.381,1.929,0.955,STANCE,0.9663,0.3292,0.0997,0,0.00,0.031,0.141,0.103,SWING,0.6913,-0.2050,0.0148,0,0.00,0.027,0.060,0.013,STANCE,0.6760,0.1694,0.0150,1,3.33,1.099,2.353,1.281,STANCE
52.055,3596,placemove,0.9867,0.0137,0.2832,-0.2011,-0.2158,-0.0137,-0.0012,0.0043,0.0008,-0.0051,0.0053,0.0022,1.000,0.000,0.0000,0.0000,1.2155,-0.2894,0.2247,0,0.00,0.015,0.113,0.017,STANCE,1.2513,0.2581,0.1842,1,3.97,0.519,0.226,0.420,STANCE,1.0454,-0.3609,0.1828,1,7.28,1.120,1.802,0.747,STANCE,0.9647,0.3283,0.1110,0,0.00,0.030,0.140,0.103,SWING,0.6914,-0.2051,0.0148,0,0.00,0.032,0.043,0.007,STANCE,0.6763,0.1691,0.0148,1,3.15,1.014,2.195,1.298,STANCE
52.132,3600,placemove,0.9867,0.0137,0.2832,-0.2014,-0.2161,-0.0135,-0.0015,0.0022,-0.0010,-0.0142,-0.0256,0.0277,1.000,0.000,0.0000,0.0000,1.2159,-0.2899,0.2225,0,0.00,0.013,0.120,0.020,STANCE,1.2513,0.2581,0.1842,1,3.62,0.026,0.172,0.574,STANCE,1.0454,-0.3609,0.1828,1,6.43,1.158,1.719,0.827,STANCE,0.9695,0.3282,0.1233,0,0.00,0.224,0.119,0.109,SWING,0.6914,-0.2052,0.0148,1,0.54,0.370,0.137,0.040,STANCE,0.6751,0.1699,0.0150,1,2.23,0.660,1.360,0.748,STANCE
52.169,3604,placemove,0.9867,0.0137,0.2832,-0.2017,-0.2164,-0.0136,-0.0038,0.0032,-0.0007,-0.0163,-0.0228,0.0251,1.000,0.000,0.0000,0.0000,1.2165,-0.2904,0.2204,0,0.00,0.004,0.130,0.022,STANCE,1.2513,0.2581,0.1841,1,3.79,0.173,0.175,0.576,STANCE,1.0454,-0.3609,0.1830,1,5.55,0.839,1.596,0.815,STANCE,0.9826,0.3288,0.1369,0,0.00,0.067,0.106,0.111,SWING,0.6915,-0.2053,0.0148,0,0.06,0.124,0.017,0.007,STANCE,0.6753,0.1697,0.0148,1,2.14,0.604,1.245,0.672,STANCE
52.278,3608,placemove,0.9866,0.0138,0.2832,-0.2022,-0.2166,-0.0137,-0.0014,0.0050,-0.0009,0.0040,-0.0221,0.0172,1.000,0.000,0.0000,0.0000,1.2169,-0.2908,0.2183,0,0.00,0.024,0.114,0.016,STANCE,1.2513,0.2581,0.1840,1,3.15,0.631,0.198,0.612,STANCE,1.0454,-0.3609,0.1832,1,5.68,1.247,1.505,0.737,STANCE,0.9779,0.3284,0.1322,0,0.00,0.230,0.093,0.095,SWING,0.6915,-0.2053,0.0149,1,2.28,1.455,0.209,0.069,STANCE,0.6750,0.1698,0.0146,1,2.15,0.067,0.085,0.097,STANCE
52.313,3612,placemove,0.9866,0.0138,0.2832,-0.2023,-0.2167,-0.0137,-0.0052,-0.0043,-0.0024,-0.0217,-0.0218,0.0405,1.000,0.000,0.0000,0.0000,1.2175,-0.2913,0.2161,0,0.00,0.117,0.106,0.013,STANCE,1.2512,0.2581,0.1840,1,4.93,0.515,0.708,0.317,STANCE,1.0454,-0.3609,0.1833,1,5.58,0.346,1.204,0.188,STANCE,0.9662,0.3275,0.1184,0,0.00,0.168,0.090,0.099,SWING,0.6915,-0.2054,0.0149,0,0.00,0.112,0.033,0.001,STANCE,0.6745,0.1700,0.0147,1,2.86,0.214,0.478,0.294,STANCE
52.378,3616,placemove,0.9866,0.0138,0.2832,-0.2026,-0.2168,-0.0139,-0.0015,0.0012,0.0021,0.0147,0.0039,-0.1577,1.000,0.000,0.0000,0.0000,1.2179,-0.2918,0.2139,0,0.00,0.001,0.122,0.022,STANCE,1.2513,0.2581,0.1840,1,4.73,0.826,0.765,0.176,STANCE,1.0454,-0.3609,0.1834,1,3.64,0.417,0.787,0.135,STANCE,0.9631,0.3298,0.1198,0,0.00,0.187,0.144,0.104,SWING,0.6916,-0.2054,0.0150,1,0.79,0.770,0.059,0.046,STANCE,0.6725,0.1715,0.0150,0,0.00,0.513,1.278,0.625,STANCE
52.447,3620,placemove,0.9866,0.0138,0.2832,-0.2026,-0.2167,-0.0141,-0.0007,0.0047,-0.0001,0.0200,-0.0076,-0.1555,1.000,0.000,0.0000,0.0000,1.2184,-0.2923,0.2116,0,0.00,0.001,0.121,0.022,STANCE,1.2513,0.2581,0.1840,1,3.90,0.626,0.601,0.069,STANCE,1.0453,-0.3609,0.1834,1,4.88,0.017,1.060,0.251,STANCE,0.9618,0.3276,0.1310,0,0.00,0.161,0.142,0.103,SWING,0.6916,-0.2055,0.0150,0,0.00,0.179,0.040,0.011,STANCE,0.6721,0.1715,0.0151,0,0.00,0.479,1.262,0.618,STANCE
52.505,3624,placemove,0.9866,0.0139,0.2832,-0.2026,-0.2169,-0.0142,0.0003,0.0063,-0.0032,-0.0007,-0.0223,0.0135,1.000,0.000,0.0000,0.0000,1.2189,-0.2928,0.2094,0,0.00,0.012,0.116,0.018,STANCE,1.2513,0.2581,0.1840,1,3.78,0.927,0.193,0.861,STANCE,1.0453,-0.3609,0.1835,1,6.21,1.746,1.674,0.895,STANCE,0.9638,0.3266,0.1424,0,0.00,0.647,0.160,0.013,SWING,0.6915,-0.2053,0.0150,1,3.25,1.567,0.435,0.007,STANCE,0.6736,0.1704,0.0146,1,2.31,0.053,0.122,0.099,STANCE
52.544,3628,placemove,0.9866,0.0139,0.2832,-0.2027,-0.2169,-0.0141,-0.0009,0.0044,-0.0021,-0.0145,-0.0207,0.0341,1.000,0.000,0.0000,0.0000,1.2194,-0.2932,0.2071,0,0.00,0.006,0.131,0.022,STANCE,1.2512,0.2581,0.1840,1,3.60,0.392,0.081,0.811,STANCE,1.0454,-0.3609,0.1835,1,5.98,1.539,1.649,0.882,STANCE,0.9755,0.3300,0.1549,0,0.00,0.048,0.143,0.016,SWING,0.6915,-0.2054,0.0150,1,1.36,1.079,0.248,0.024,STANCE,0.6734,0.1705,0.0147,1,2.85,0.258,0.522,0.308,STANCE
52.605,3632,placemove,0.9866,0.0139,0.2832,-0.2028,-0.2169,-0.0142,-0.0002,0.0035,0.0010,-0.0087,-0.0110,0.0426,1.000,0.000,0.0000,0.0000,1.2198,-0.2937,0.2048,0,0.00,0.001,0.148,0.024,STANCE,1.2512,0.2581,0.1839,1,4.00,0.073,0.219,1.205,STANCE,1.0453,-0.3608,0.1835,1,6.09,1.398,1.376,0.582,STANCE,0.9835,0.3332,0.1629,0,0.00,0.161,0.014,0.029,SWING,0.6915,-0.2053,0.0150,0,0.00,0.234,0.015,0.012,STANCE,0.6733,0.1706,0.0147,1,3.58,0.535,1.075,0.632,STANCE
52.635,3636,placemove,0.9866,0.0139,0.2832,-0.2028,-0.2166,-0.0143,0.0003,0.0020,0.0054,0.0157,0.0441,0.0172,1.000,0.000,0.0000,0.0000,1.2203,-0.2942,0.2025,0,0.00,0.005,0.120,0.021,STANCE,1.2512,0.2581,0.1839,1,6.81,0.423,0.487,0.827,STANCE,1.0453,-0.3608,0.1835,1,4.76,2.721,0.962,0.571,STANCE,0.9703,0.3348,0.1493,0,0.00,0.251,0.079,0.093,SWING,0.6917,-0.2052,0.0149,1,3.88,1.523,2.940,1.427,STANCE,0.6730,0.1708,0.0148,1,1.83,0.117,0.017,0.066,STANCE
52.725,3640,placemove,0.9867,0.0139,0.2833,-0.2028,-0.2162,-0.0144,0.0017,-0.0051,0.0006,-0.0011,0.0147,-0.0898,1.000,0.000,0.0000,0.0000,1.2208,-0.2947,0.2002,0,0.00,0.041,0.120,0.028,STANCE,1.2513,0.2581,0.1839,1,7.50,2.087,1.339,0.552,STANCE,1.0453,-0.3608,0.1836,0,0.03,0.074,0.042,0.014,STANCE,0.9603,0.3354,0.1363,0,0.00,0.255,0.057,0.091,SWING,0.6917,-0.2053,0.0149,1,3.01,1.946,1.415,0.765,STANCE,0.6726,0.1710,0.0151,0,0.00,0.523,1.232,0.613,STANCE
52.793,3644,placemove,0.9867,0.0139,0.2833,-0.2030,-0.2162,-0.0142,0.0011,0.0016,0.0015,-0.0025,-0.0003,0.0523,1.000,0.000,0.0000,0.0000,1.2214,-0.2952,0.1980,0,0.00,0.015,0.119,0.023,STANCE,1.2513,0.2581,0.1838,1,4.31,0.567,0.292,0.448,STANCE,1.0453,-0.3609,0.1837,1,6.22,1.410,1.355,0.516,STANCE,0.9583,0.3345,0.1425,0,0.00,0.030,0.128,0.103,SWING,0.6920,-0.2054,0.0149,1,0.95,0.373,0.665,0.334,STANCE,0.6739,0.1701,0.0149,1,2.07,0.660,1.429,0.894,STANCE
52.860,3648,placemove,0.9867,0.0139,0.2833,-0.2033,-0.2165,-0.0141,0.0052,-0.0049,-0.0026,-0.0206,-0.0205,-0.0505,1.000,0.000,0.0000,0.0000,1.2219,-0.2957,0.1958,0,0.00,0.095,0.144,0.034,STANCE,1.2513,0.2581,0.1838,1,5.70,1.854,0.999,0.450,STANCE,1.0454,-0.3609,0.1838,0,0.00,0.118,0.053,0.012,STANCE,0.9571,0.3335,0.1530,0,0.00,0.009,0.148,0.011,SWING,0.6922,-0.2055,0.0149,1,3.67,2.324,0.432,0.137,STANCE,0.6734,0.1705,0.0150,0,0.00,0.546,1.257,0.611,STANCE
52.958,3652,placemove,0.9867,0.0139,0.2833,-0.2034,-0.2166,-0.0140,0.0041,-0.0033,-0.0013,-0.0131,-0.0316,-0.0413,1.000,0.000,0.0000,0.0000,1.2224,-0.2962,0.1935,0,0.00,0.129,0.148,0.033,STANCE,1.2513,0.2581,0.1838,1,5.20,1.489,0.881,0.322,STANCE,1.0454,-0.3609,0.1838,0,0.20,0.287,0.010,0.015,STANCE,0.9644,0.3374,0.1647,0,0.00,0.132,0.172,0.018,SWING,0.6922,-0.2055,0.0149,1,3.34,2.209,0.060,0.060,STANCE,0.6732,0.1707,0.0150,0,0.00,0.593,1.292,0.623,STANCE
53.066,3656,placemove,0.9867,0.0139,0.2833,-0.2034,-0.2166,-0.0141,0.0001,-0.0034,0.0010,0.0089,0.0041,-0.1334,1.000,0.000,0.0000,0.0000,1.2229,-0.2966,0.1913,0,0.00,0.002,0.128,0.027,STANCE,1.2512,0.2581,0.1838,1,5.97,1.027,0.941,0.203,STANCE,1.0454,-0.3609,0.1838,1,2.08,0.900,0.302,0.151,STANCE,0.9775,0.3399,0.1775,0,0.00,0.232,0.170,0.002,SWING,0.6923,-0.2055,0.0149,1,1.93,1.597,0.033,0.062,STANCE,0.6728,0.1710,0.0151,0,0.00,0.510,1.266,0.622,STANCE
53.111,3660,placemove,0.9867,0.0139,0.2833,-0.2036,-0.2167,-0.0139,-0.0040,-0.0005,-0.0017,-0.0081,-0.0202,0.0331,1.000,0.000,0.0000,0.0000,1.2235,-0.2972,0.1891,0,0.00,0.105,0.089,0.015,STANCE,1.2512,0.2581,0.1838,1,4.74,0.867,0.582,0.532,STANCE,1.0455,-0.3609,0.1839,1,5.67,0.217,1.117,0.123,STANCE,0.9902,0.3448,0.1905,0,0.00,0.016,0.111,0.023,SWING,0.6923,-0.2056,0.0149,1,1.04,0.745,0.253,0.071,STANCE,0.6742,0.1698,0.0146,1,2.16,0.046,0.047,0.091,STANCE
53.167,3664,placemove,0.9867,0.0139,0.2833,-0.2036,-0.2168,-0.0139,-0.0039,0.0028,-0.0013,0.0030,-0.0177,0.0049,1.000,0.000,0.0000,0.0000,1.2241,-0.2976,0.1868,0,0.00,0.143,0.100,0.019,STANCE,1.2512,0.2581,0.1838,1,4.83,0.621,0.518,0.563,STANCE,1.0456,-0.3609,0.1840,1,5.45,0.192,1.093,0.134,STANCE,1.0027,0.3528,0.2046,0,0.00,0.035,0.090,0.027,SWING,0.6923,-0.2056,0.0149,1,1.66,0.803,0.208,0.010,STANCE,0.6738,0.1699,0.0147,1,2.17,0.007,0.046,0.091,STANCE
53.240,3668,placemove,0.9865,0.0142,0.2835,-0.2039,-0.2172,-0.0143,-0.0266,0.0485,0.0209,-0.0388,-0.0332,0.0055,1.000,0.000,0.0000,0.0000,1.2243,-0.2980,0.1849,1,7.07,1.387,2.707,1.491,STANCE,1.2512,0.2582,0.1839,0,0.00,0.005,0.005,0.001,STANCE,1.0453,-0.3608,0.1842,0,0.00,0.060,0.024,0.004,STANCE,1.0164,0.3576,0.2161,0,0.00,0.125,0.168,0.020,SWING,0.6922,-0.2053,0.0149,0,0.00,0.106,0.116,0.040,STANCE,0.6736,0.1703,0.0147,1,4.00,1.061,2.712,1.588,STANCE
53.318,3672,placemove,0.9865,0.0145,0.2836,-0.2039,-0.2174,-0.0148,0.0029,0.0019,-0.0021,-0.0082,-0.0182,0.0378,1.000,0.000,0.0000,0.0000,1.2242,-0.2979,0.1848,1,2.82,1.612,0.925,0.529,STANCE,1.2512,0.2584,0.1841,1,1.79,0.336,0.427,0.828,STANCE,1.0451,-0.3604,0.1843,1,4.35,0.446,0.010,0.741,STANCE,1.0343,0.3576,0.2105,0,0.00,0.000,0.069,0.052,SWING,0.6921,-0.2048,0.0150,0,0.27,0.323,0.071,0.015,STANCE,0.6737,0.1706,0.0147,1,4.28,0.653,1.605,0.931,STANCE
53.358,3676,placemove,0.9865,0.0146,0.2836,-0.2039,-0.2174,-0.0148,0.0039,0.0080,-0.0032,0.0034,-0.0148,0.0143,1.000,0.000,0.0000,0.0000,1.2242,-0.2978,0.1848,1,1.78,0.552,0.929,0.641,STANCE,1.2512,0.2584,0.1841,1,1.86,0.202,0.280,0.814,STANCE,1.0451,-0.3603,0.1843,1,4.33,1.699,0.450,0.078,STANCE,1.0533,0.3615,0.2050,0,0.00,0.038,0.091,0.097,SWING,0.6921,-0.2047,0.0150,1,2.64,1.701,0.402,0.005,STANCE,0.6736,0.1708,0.0147,1,2.73,0.142,0.446,0.270,STANCE
53.415,3680,placemove,0.9865,0.0146,0.2836,-0.2039,-0.2174,-0.0147,0.0062,0.0035,-0.0026,-0.0067,-0.0151,0.0243,1.000,0.000,0.0000,0.0000,1.2242,-0.2978,0.1847,1,1.54,0.587,0.429,0.216,STANCE,1.2513,0.2584,0.1842,1,1.78,0.435,0.151,0.690,STANCE,1.0451,-0.3603,0.1843,1,4.11,1.442,0.556,0.038,STANCE,1.0726,0.3635,0.1994,0,0.00,0.539,0.097,0.097,SWING,0.6921,-0.2047,0.0150,1,1.60,1.163,0.538,0.165,STANCE,0.6735,0.1710,0.0147,1,2.48,0.064,0.250,0.153,STANCE
53.464,3684,placemove,0.9870,0.0146,0.2836,-0.2039,-0.2177,-0.0144,0.0771,-0.0016,0.0078,0.0034,-0.0252,0.0039,1.000,0.000,0.0000,0.0000,1.2241,-0.2977,0.1847,0,0.43,0.165,0.274,0.228,SHIFT,1.2511,0.2585,0.1842,1,3.91,1.871,0.010,0.421,SHIFT,1.0451,-0.3603,0.1843,1,6.51,2.940,1.266,0.537,SHIFT,1.0800,0.3674,0.1903,0,0.00,0.051,0.102,0.095,SHIFT,0.6923,-0.2046,0.0149,1,0.79,0.139,0.732,0.404,SHIFT,0.6735,0.1710,0.0146,1,6.20,1.008,2.695,1.566,SHIFT
53.594,3688,placemove,0.9878,0.0138,0.2855,-0.1988,-0.2199,-0.0144,-0.0338,-0.1226,0.2684,0.7728,-0.4342,0.1940,1.000,0.000,0.0000,0.0000,1.2240,-0.2976,0.1850,0,0.00,0.088,0.093,0.013,SHIFT,1.2503,0.2587,0.1863,0,0.00,0.228,0.251,0.000,SHIFT,1.0450,-0.3604,0.1841,1,17.03,0.448,0.950,2.204,SHIFT,1.0822,0.3697,0.1847,1,24.09,1.843,2.940,2.940,SHIFT,0.6934,-0.2042,0.0151,0,0.00,0.202,0.315,0.169,SHIFT,0.6770,0.1683,0.0149,0,0.00,0.077,0.238,0.193,SHIFT
53.681,3692,placemove,0.9870,0.0102,0.2905,-0.1820,-0.2280,-0.0136,-0.0460,-0.2430,0.2375,1.3066,-0.7560,0.4393,1.000,0.000,0.0000,0.0000,1.2234,-0.2986,0.1883,0,0.00,0.066,0.007,0.011,SHIFT,1.2474,0.2579,0.1967,0,0.00,0.077,0.005,0.002,SHIFT,1.0444,-0.3623,0.1850,0,0.00,0.081,0.002,0.015,SHIFT,1.0821,0.3707,0.1847,0,0.00,0.094,0.102,0.098,SHIFT,0.6939,-0.2039,0.0155,0,0.00,0.035,0.014,0.010,SHIFT,0.6771,0.1671,0.0207,0,0.00,0.024,0.000,0.018,SHIFT
53.726,3696,placemove,0.9862,0.0062,0.2931,-0.1594,-0.2402,-0.0117,-0.0477,-0.2431,0.0925,1.2530,-0.7145,0.3969,1.000,0.000,0.0000,0.0000,1.2232,-0.2993,0.1968,0,0.00,0.069,0.117,0.145,SHIFT,1.2442,0.2577,0.2071,0,0.00,0.080,0.058,0.009,SHIFT,1.0435,-0.3636,0.1915,0,0.00,0.081,0.120,0.099,SHIFT,1.0818,0.3734,0.1856,0,0.00,0.100,0.124,0.094,SHIFT,0.6897,-0.2041,0.0181,0,0.00,0.038,0.135,0.092,SHIFT,0.6746,0.1682,0.0319,0,0.00,0.028,0.071,0.068,SHIFT
53.751,3700,placemove,0.9853,0.0013,0.2938,-0.1343,-0.2526,-0.0126,-0.0759,-0.3451,0.0065,1.6002,-0.7900,0.2548,1.000,0.000,0.0000,0.0000,1.2224,-0.2976,0.1918,0,0.00,0.094,0.080,0.013,SHIFT,1.2415,0.2562,0.2145,0,0.00,0.049,0.085,0.015,SHIFT,1.0421,-0.3629,0.1915,0,0.00,0.108,0.046,0.045,SHIFT,1.0816,0.3745,0.1848,1,0.62,0.293,0.097,0.309,SHIFT,0.6854,-0.2041,0.0189,0,0.00,0.054,0.125,0.094,SHIFT,0.6742,0.1678,0.0315,0,0.00,0.001,0.105,0.029,SHIFT
53.812,3704,placemove,0.9835,-0.0049,0.2953,-0.1145,-0.2590,-0.0164,-0.1291,-0.3088,0.2868,0.5655,-0.2525,-0.1150,1.000,0.000,0.0000,0.0000,1.2206,-0.3013,0.1856,0,0.00,0.354,0.038,0.009,SHIFT,1.2386,0.2518,0.2202,0,0.00,0.014,0.281,0.051,SHIFT,1.0415,-0.3641,0.1841,1,16.19,2.940,0.508,2.940,SHIFT,1.0814,0.3741,0.1845,1,19.10,2.441,2.940,0.395,SHIFT,0.6879,-0.2030,0.0150,1,4.57,0.719,2.940,1.555,SHIFT,0.6730,0.1663,0.0309,0,0.00,0.035,0.328,0.057,SHIFT
53.885,3708,placemove,0.9818,-0.0094,0.2987,-0.0930,-0.2674,-0.0188,-0.0877,-0.1736,0.2247,0.8210,-0.9680,0.3405,1.000,0.000,0.0000,0.0000,1.2173,-0.3031,0.1894,0,0.00,0.426,0.492,0.011,SHIFT,1.2356,0.2487,0.2278,0,0.00,0.131,0.067,0.036,SHIFT,1.0372,-0.3671,0.1849,1,29.36,2.940,1.779,2.940,SHIFT,1.0799,0.3682,0.1838,1,6.16,0.782,2.940,2.375,SHIFT,0.6889,-0.2014,0.0157,0,0.00,0.285,0.235,0.014,SHIFT,0.6715,0.1658,0.0329,0,0.00,0.021,0.187,0.032,SHIFT
53.946,3712,placemove,0.9809,-0.0112,0.3027,-0.0831,-0.2738,-0.0175,-0.0253,-0.0931,0.2198,0.5446,-0.1778,0.1837,1.000,0.000,0.0000,0.0000,1.2167,-0.3030,0.1902,0,0.00,0.121,0.100,0.020,SHIFT,1.2330,0.2482,0.2338,0,0.00,0.192,0.178,0.031,SHIFT,1.0362,-0.3679,0.1853,0,0.00,0.122,0.032,0.006,SHIFT,1.0784,0.3637,0.1820,1,9.95,2.940,2.940,2.940,SHIFT,0.6919,-0.2007,0.0141,1,3.77,2.583,1.564,0.753,SHIFT,0.6709,0.1653,0.0333,0,0.00,0.196,0.076,0.021,SHIFT
53.981,3716,placemove,0.9813,-0.0125,0.3061,-0.0742,-0.2768,-0.0166,0.0623,-0.0683,0.1836,0.5239,-0.1528,0.2411,1.000,0.000,0.0000,0.0000,1.2169,-0.3029,0.1891,0,0.00,0.226,0.088,0.019,SHIFT,1.2316,0.2479,0.2375,0,0.00,0.017,0.128,0.024,SHIFT,1.0359,-0.3682,0.1852,0,0.00,0.237,0.000,0.001,SHIFT,1.0769,0.3587,0.1811,1,6.11,1.854,2.940,2.566,SHIFT,0.6919,-0.2008,0.0144,1,4.19,2.728,1.892,0.937,SHIFT,0.6703,0.1653,0.0344,0,0.00,0.054,0.131,0.037,SHIFT
54.059,3720,placemove,0.9828,-0.0134,0.3086,-0.0631,-0.2796,-0.0165,0.0984,-0.0314,0.0878,1.2455,-0.4965,0.3091,1.000,0.000,0.0000,0.0000,1.2178,-0.3027,0.1886,0,0.00,0.121,0.673,0.138,SHIFT,1.2309,0.2482,0.2421,0,0.00,0.078,0.241,0.024,SHIFT,1.0362,-0.3679,0.1857,0,0.00,0.114,0.263,0.051,SHIFT,1.0769,0.3557,0.1805,0,0.00,0.052,1.108,0.404,SHIFT,0.6914,-0.1998,0.0155,0,0.00,0.022,0.099,0.004,SHIFT,0.6703,0.1661,0.0370,0,0.00,0.061,0.443,0.008,SHIFT
54.086,3724,placemove,0.9847,-0.0133,0.3086,-0.0287,-0.2913,-0.0190,0.1048,0.0079,-0.0632,2.1053,-0.8262,0.4812,1.000,0.000,0.0000,0.0000,1.2191,-0.2999,0.1931,0,0.00,0.076,0.020,0.119,STANCE,1.2267,0.2517,0.2631,0,0.00,0.092,0.201,0.073,STANCE,1.0365,-0.3632,0.1862,0,0.00,0.084,0.075,0.105,STANCE,1.0751,0.3378,0.1793,0,0.00,0.203,0.121,0.364,STANCE,0.6901,-0.1923,0.0156,0,0.00,0.077,0.075,0.108,STANCE,0.6694,0.1730,0.0496,0,0.00,0.029,0.026,0.068,STANCE
54.142,3728,placemove,0.9862,-0.0133,0.3063,-0.0025,-0.3005,-0.0179,0.0914,-0.0055,-0.2202,1.1723,-0.4965,0.4527,1.000,0.000,0.0000,0.0000,1.2209,-0.2954,0.1952,0,0.00,0.004,0.098,0.102,STANCE,1.2256,0.2551,0.2729,0,0.00,0.000,0.008,0.005,STANCE,1.0382,-0.3586,0.1856,0,0.00,0.007,0.096,0.102,STANCE,1.0732,0.3317,0.1859,0,0.00,0.003,0.098,0.105,STANCE,0.6890,-0.1883,0.0152,0,0.00,0.001,0.097,0.102,SWING,0.6682,0.1780,0.0587,0,0.00,0.014,0.098,0.103,STANCE
54.166,3732,placemove,0.9880,-0.0133,0.3013,0.0148,-0.3082,-0.0145,0.1319,0.0035,-0.3404,0.7534,-0.4289,0.5534,1.000,0.000,0.0000,0.0000,1.2227,-0.2932,0.1987,0,0.00,0.025,0.117,0.100,STANCE,1.2254,0.2573,0.2751,0,0.00,0.018,0.018,0.001,STANCE,1.0399,-0.3548,0.1863,0,0.00,0.029,0.126,0.102,STANCE,1.0694,0.3330,0.1990,0,0.00,0.022,0.081,0.105,STANCE,0.6882,-0.1869,0.0148,1,4.49,0.175,0.429,0.471,SWING,0.6668,0.1798,0.0659,0,0.00,0.010,0.109,0.104,STANCE
54.200,3736,placemove,0.9906,-0.0130,0.2946,0.0261,-0.3134,-0.0098,0.1772,0.0302,-0.4525,0.5524,-0.2328,0.4420,1.000,0.000,0.0000,0.0000,1.2249,-0.2908,0.2017,0,0.00,0.009,0.107,0.102,STANCE,1.2258,0.2598,0.2729,0,0.00,0.025,0.016,0.001,STANCE,1.0422,-0.3509,0.1873,0,0.00,0.012,0.158,0.049,STANCE,1.0657,0.3328,0.2076,0,0.00,0.031,0.086,0.104,STANCE,0.6881,-0.1871,0.0147,1,3.82,0.205,0.326,0.387,SWING,0.6662,0.1794,0.0710,0,0.00,0.028,0.117,0.102,STANCE
54.221,3740,placemove,0.9939,-0.0123,0.2860,0.0337,-0.3155,-0.0065,0.2140,0.0589,-0.5603,0.3422,-0.0698,0.2140,1.000,0.000,0.0000,0.0000,1.2268,-0.2881,0.2029,0,0.00,0.027,0.116,0.102,STANCE,1.2271,0.2624,0.2672,0,0.00,0.006,0.004,0.001,STANCE,1.0453,-0.3523,0.1861,0,0.00,0.033,0.133,0.041,STANCE,1.0630,0.3334,0.2126,0,0.00,0.009,0.333,0.095,STANCE,0.6881,-0.1872,0.0147,1,3.52,0.082,0.071,0.209,SWING,0.6657,0.1787,0.0748,0,0.00,0.008,0.205,0.021,STANCE
54.268,3744,placemove,0.9964,-0.0095,0.2774,0.0122,-0.3155,-0.0078,0.1340,0.2571,-0.5388,-1.4963,0.0228,-0.4694,1.000,0.000,0.0000,0.0000,1.2242,-0.2878,0.2100,0,0.00,0.060,0.126,0.115,STANCE,1.2312,0.2632,0.2538,0,0.00,0.070,0.020,0.005,STANCE,1.0458,-0.3520,0.1847,1,5.63,0.166,0.792,2.518,STANCE,1.0666,0.3349,0.2009,0,0.00,0.051,0.035,0.001,STANCE,0.6872,-0.1933,0.0203,0,0.00,0.593,0.157,0.099,SWING,0.6664,0.1795,0.0679,0,0.00,0.015,0.013,0.006,STANCE
54.305,3748,placemove,0.9987,-0.0055,0.2676,-0.0153,-0.3178,-0.0077,0.1182,0.1869,-0.5177,-1.0928,-0.4197,-0.4659,1.000,0.000,0.0000,0.0000,1.2204,-0.2855,0.2189,0,0.00,0.052,0.121,0.153,STANCE,1.2354,0.2650,0.2368,0,0.00,0.141,0.320,0.007,STANCE,1.0458,-0.3514,0.1847,1,19.74,1.496,2.940,0.355,STANCE,1.0707,0.3362,0.1838,1,29.99,2.060,2.940,2.940,STANCE,0.6903,-0.2078,0.0282,0,0.00,0.129,0.061,0.127,SWING,0.6701,0.1801,0.0528,0,0.00,0.000,0.128,0.004,STANCE
57.217,3752,placemove,0.9984,-0.0041,0.2637,-0.0200,-0.3307,-0.0093,-0.1081,0.0067,-0.0145,0.3042,-0.9496,0.0429,1.000,0.000,0.0000,0.0000,1.2203,-0.2812,0.2137,0,0.00,0.004,0.095,0.066,STANCE,1.2367,0.2658,0.2324,0,0.00,0.035,0.235,0.001,STANCE,1.0456,-0.3512,0.1845,1,21.77,0.388,2.940,1.242,STANCE,1.0705,0.3362,0.1833,1,27.80,0.020,2.940,2.940,STANCE,0.6974,-0.2236,0.0357,0,0.00,0.206,0.166,0.102,SWING,0.6734,0.1810,0.0425,0,0.00,0.079,0.186,0.021,STANCE
57.256,3756,placemove,0.9952,-0.0057,0.2667,-0.0108,-0.3474,-0.0098,-0.2137,-0.1622,0.2033,0.1008,-0.9952,0.0924,1.000,0.000,0.0000,0.0000,1.2233,-0.2819,0.2069,0,0.00,0.001,0.051,0.101,STANCE,1.2332,0.2657,0.2413,0,0.00,0.003,0.005,0.000,STANCE,1.0454,-0.3513,0.1844,0,0.00,0.009,0.155,0.034,STANCE,1.0702,0.3364,0.1831,0,0.00,0.006,0.075,0.057,STANCE,0.7054,-0.2395,0.0461,0,0.00,0.112,0.045,0.116,SWING,0.6745,0.1805,0.0382,0,0.00,0.014,0.309,0.067,STANCE
57.286,3760,placemove,0.9917,-0.0084,0.2686,-0.0078,-0.3623,-0.0091,-0.2154,-0.1639,0.0391,0.2069,-0.9014,0.1313,1.000,0.000,0.0000,0.0000,1.2256,-0.2845,0.2011,0,0.00,0.004,0.071,0.100,STANCE,1.2293,0.2636,0.2476,0,0.00,0.002,0.022,0.002,STANCE,1.0443,-0.3531,0.1856,0,0.00,0.010,0.036,0.005,STANCE,1.0678,0.3345,0.1853,0,0.00,0.005,0.161,0.003,STANCE,0.7134,-0.2569,0.0588,0,0.00,0.108,0.104,0.105,SWING,0.6775,0.1774,0.0258,0,0.00,0.011,0.027,0.007,STANCE
57.335,3764,placemove,0.9880,-0.0097,0.2718,-0.0022,-0.3776,-0.0102,-0.1803,-0.0008,0.4455,0.2337,0.3530,0.0970,1.000,0.000,0.0000,0.0000,1.2279,-0.2851,0.1955,0,0.00,0.261,0.345,0.062,STANCE,1.2253,0.2626,0.2555,0,0.00,0.089,0.132,0.015,STANCE,1.0438,-0.3537,0.1846,1,19.18,2.940,0.494,2.940,STANCE,1.0672,0.3340,0.1847,0,0.10,0.073,0.019,0.019,STANCE,0.7184,-0.2653,0.0690,0,0.00,0.065,0.633,0.049,SWING,0.6817,0.1761,0.0135,1,33.34,2.262,2.794,2.048,STANCE
57.390,3768,placemove,0.9851,-0.0097,0.2773,0.0011,-0.3736,-0.0096,-0.1676,-0.0034,0.2536,0.2151,0.2407,0.1295,1.000,0.000,0.0000,0.0000,1.2277,-0.2831,0.1922,0,0.00,0.008,0.099,0.030,STANCE,1.2216,0.2632,0.2612,0,0.00,0.006,0.001,0.001,STANCE,1.0426,-0.3539,0.1865,0,0.00,0.006,0.004,0.005,STANCE,1.0643,0.3339,0.1878,0,0.00,0.005,0.029,0.009,STANCE,0.7141,-0.2636,0.0869,0,0.00,0.008,0.094,0.103,SWING,0.6792,0.1759,0.0169,0,0.00,0.009,0.046,0.020,STANCE
57.409,3772,placemove,0.9823,-0.0097,0.2803,0.0005,-0.3608,-0.0089,-0.1732,-0.0021,0.1110,-0.1188,0.9592,0.0020,1.000,0.000,0.0000,0.0000,1.2251,-0.2826,0.1906,0,0.00,0.010,0.073,0.014,STANCE,1.2181,0.2636,0.2617,0,0.00,0.006,0.001,0.000,STANCE,1.0396,-0.3538,0.1885,0,0.00,0.009,0.066,0.008,STANCE,1.0603,0.3339,0.1889,0,0.00,0.005,0.081,0.011,STANCE,0.7197,-0.2572,0.0893,0,0.00,0.011,0.103,0.104,SWING,0.6734,0.1752,0.0228,0,0.00,0.010,0.079,0.021,STANCE
57.456,3776,placemove,0.9795,-0.0098,0.2807,-0.0011,-0.3457,-0.0090,-0.1419,0.0075,-0.0372,0.1366,0.5582,-0.2769,1.000,0.000,0.0000,0.0000,1.2214,-0.2825,0.1857,0,0.00,0.145,0.180,0.034,SHIFT,1.2142,0.2638,0.2579,0,0.00,0.508,0.241,0.028,SHIFT,1.0360,-0.3540,0.1869,0,0.00,0.215,0.009,0.000,SHIFT,1.0560,0.3338,0.1852,1,7.49,2.940,1.406,1.780,SHIFT,0.7309,-0.2474,0.0834,0,0.00,0.328,0.391,0.158,SHIFT,0.6666,0.1742,0.0258,0,0.00,0.607,0.172,0.045,SHIFT
57.494,3780,placemove,0.9780,-0.0096,0.2798,0.0036,-0.3614,-0.0148,-0.0807,0.0082,-0.1375,0.2742,-0.9488,-0.2266,1.000,0.000,0.0000,0.0000,1.2174,-0.2837,0.1906,0,0.00,0.061,0.093,0.105,SHIFT,1.2121,0.2632,0.2605,0,0.00,0.083,0.028,0.000,SHIFT,1.0322,-0.3538,0.1868,0,0.00,0.074,0.218,0.032,SHIFT,1.0534,0.3332,0.1904,0,0.00,0.095,0.077,0.107,SHIFT,0.7476,-0.2338,0.0700,0,0.00,0.071,0.035,0.098,SHIFT,0.6666,0.1763,0.0230,0,0.00,0.034,0.221,0.061,SHIFT
57.543,3784,placemove,0.9769,-0.0092,0.2770,-0.0004,-0.3749,-0.0148,-0.0187,0.0691,-0.0619,-0.7074,-0.0373,0.1081,1.000,0.000,0.0000,0.0000,1.2114,-0.2855,0.2022,0,0.00,0.171,0.371,0.148,SHIFT,1.2099,0.2630,0.2600,0,0.00,0.530,0.021,0.022,SHIFT,1.0298,-0.3535,0.1848,1,25.70,2.940,2.474,1.739,SHIFT,1.0493,0.3338,0.1954,0,0.00,0.581,0.293,0.006,SHIFT,0.7654,-0.2211,0.0583,0,0.00,0.083,0.862,0.034,SHIFT,0.6679,0.1769,0.0142,1,59.44,2.940,2.940,2.940,SHIFT
57.581,3788,placemove,0.9783,-0.0088,0.2764,-0.0024,-0.3739,-0.0112,0.0882,0.0215,-0.0961,-0.2042,-0.0665,0.1126,1.000,0.000,0.0000,0.0000,1.2079,-0.2831,0.2091,0,0.00,0.077,0.009,0.037,SHIFT,1.2086,0.2641,0.2578,0,0.00,0.082,0.015,0.001,SHIFT,1.0285,-0.3533,0.1885,0,0.00,0.087,0.110,0.033,SHIFT,1.0474,0.3345,0.1940,0,0.00,0.091,0.021,0.003,SHIFT,0.7752,-0.2135,0.0606,0,0.00,0.061,0.037,0.096,SHIFT,0.6653,0.1759,0.0165,0,0.00,0.054,0.130,0.051,SHIFT
57.612,3792,placemove,0.9798,-0.0084,0.2732,-0.0078,-0.3799,-0.0082,0.0864,0.0230,-0.2580,-0.4152,-0.3237,0.0074,1.000,0.000,0.0000,0.0000,1.2074,-0.2817,0.2096,0,0.00,0.069,0.011,0.003,SHIFT,1.2079,0.2648,0.2541,0,0.00,0.089,0.000,0.003,SHIFT,1.0285,-0.3532,0.1889,0,0.00,0.080,0.004,0.009,SHIFT,1.0469,0.3346,0.1892,0,0.00,0.097,0.042,0.004,SHIFT,0.7829,-0.2081,0.0626,0,0.00,0.050,0.097,0.088,SHIFT,0.6629,0.1742,0.0199,0,0.00,0.045,0.311,0.174,SHIFT
57.649,3796,placemove,0.9811,-0.0085,0.2698,-0.0061,-0.3807,-0.0104,0.0737,-0.0150,0.0289,0.0526,0.5204,-0.1486,1.000,0.000,0.0000,0.0000,1.2087,-0.2817,0.2015,0,0.00,0.416,0.384,0.032,SHIFT,1.2074,0.2649,0.2500,0,0.00,0.185,0.155,0.001,SHIFT,1.0293,-0.3532,0.1834,1,31.89,2.940,2.940,2.940,SHIFT,1.0466,0.3345,0.1847,1,12.00,2.940,1.760,0.732,SHIFT,0.7930,-0.1999,0.0604,0,0.00,0.348,0.948,0.035,SHIFT,0.6624,0.1744,0.0145,1,45.00,1.885,2.940,2.940,SHIFT
57.707,3800,placemove,0.9827,-0.0072,0.2745,-0.0168,-0.3741,-0.0104,0.0765,0.0943,0.2808,-0.6143,0.1578,-0.2151,1.000,0.000,0.0000,0.0000,1.2096,-0.2820,0.1996,0,0.00,0.080,0.123,0.031,SHIFT,1.2079,0.2651,0.2493,0,0.00,0.091,0.058,0.008,SHIFT,1.0294,-0.3532,0.1836,0,0.00,0.101,0.097,0.041,SHIFT,1.0468,0.3347,0.1846,0,0.00,0.100,0.056,0.010,SHIFT,0.7953,-0.1982,0.0629,0,0.00,0.047,0.072,0.009,SHIFT,0.6624,0.1741,0.0145,0,0.00,0.053,0.097,0.043,SHIFT
57.726,3804,placemove,0.9840,-0.0061,0.2779,-0.0245,-0.3730,-0.0110,0.0819,0.0525,0.1421,-0.2831,-0.0044,-0.2109,1.000,0.000,0.0000,0.0000,1.2097,-0.2821,0.2008,0,0.00,0.081,0.107,0.023,SHIFT,1.2081,0.2655,0.2495,0,0.00,0.090,0.079,0.005,SHIFT,1.0285,-0.3528,0.1870,0,0.00,0.081,0.015,0.007,SHIFT,1.0470,0.3350,0.1846,0,0.00,0.096,0.017,0.003,SHIFT,0.7955,-0.1982,0.0642,0,0.00,0.050,0.061,0.005,SHIFT,0.6625,0.1739,0.0149,0,0.00,0.045,0.060,0.031,SHIFT
57.791,3808,placemove,0.9852,-0.0059,0.2792,-0.0259,-0.3721,-0.0124,0.0876,-0.0203,0.0662,0.0983,0.5723,-0.0941,1.000,0.000,0.0000,0.0000,1.2097,-0.2822,0.1998,0,0.00,0.172,0.034,0.008,SHIFT,1.2086,0.2655,0.2479,0,0.00,0.177,0.192,0.001,SHIFT,1.0282,-0.3528,0.1867,0,0.00,0.268,0.201,0.007,SHIFT,1.0469,0.3351,0.1846,0,0.00,0.168,0.102,0.000,SHIFT,0.7957,-0.1981,0.0628,0,0.00,0.226,0.485,0.020,SHIFT,0.6624,0.1742,0.0147,1,26.10,1.168,0.246,2.940,SHIFT
57.867,3812,placemove,0.9872,-0.0059,0.2802,-0.0265,-0.3704,-0.0132,0.1427,-0.0101,0.0390,-0.0143,-0.0429,-0.0074,1.000,0.000,0.0000,0.0000,1.2105,-0.2826,0.1965,0,0.00,0.100,0.036,0.013,SHIFT,1.2100,0.2652,0.2444,0,0.00,0.053,0.091,0.017,SHIFT,1.0285,-0.3529,0.1851,0,0.00,0.105,0.034,0.000,SHIFT,1.0469,0.3350,0.1847,0,0.50,0.273,0.126,0.002,SHIFT,0.7962,-0.1982,0.0608,0,0.00,0.071,0.051,0.004,SHIFT,0.6624,0.1742,0.0148,0,0.15,0.043,0.026,0.019,SHIFT
57.922,3816,placemove,0.9893,-0.0061,0.2805,-0.0254,-0.3704,-0.0134,0.0974,-0.0051,0.0182,0.0470,0.0588,0.0015,1.000,0.000,0.0000,0.0000,1.2118,-0.2826,0.1942,0,0.00,0.019,0.054,0.003,STANCE,1.2110,0.2651,0.2425,0,0.00,0.003,0.055,0.007,STANCE,1.0290,-0.3530,0.1848,1,5.69,1.276,1.420,0.012,STANCE,1.0472,0.3350,0.1846,1,4.35,1.335,1.567,0.574,STANCE,0.7975,-0.1983,0.0584,0,0.00,0.006,0.159,0.008,STANCE,0.6626,0.1741,0.0149,0,0.00,0.013,0.217,0.080,STANCE
57.943,3820,placemove,0.9896,-0.0061,0.2807,-0.0260,-0.3703,-0.0136,-0.0274,0.0287,0.0640,-0.1801,-0.0209,-0.0820,1.000,0.000,0.0000,0.0000,1.2127,-0.2827,0.1917,0,0.00,0.062,0.152,0.011,STANCE,1.2119,0.2650,0.2400,0,0.00,0.017,0.375,0.023,STANCE,1.0290,-0.3530,0.1846,1,11.65,0.758,1.563,0.429,STANCE,1.0472,0.3350,0.1845,1,11.60,0.528,2.601,0.936,STANCE,0.7983,-0.1984,0.0561,0,0.00,0.008,0.165,0.017,STANCE,0.6600,0.1744,0.0232,0,0.00,0.052,0.210,0.085,SWING
58.001,3824,placemove,0.9880,-0.0056,0.2842,-0.0282,-0.3712,-0.0138,-0.1223,0.0194,0.2504,0.0136,-0.0557,-0.0001,1.000,0.000,0.0000,0.0000,1.2136,-0.2830,0.1891,0,0.00,0.000,0.190,0.044,STANCE,1.2134,0.2649,0.2360,0,0.00,0.003,0.253,0.039,STANCE,1.0289,-0.3530,0.1843,0,0.00,0.001,0.078,0.017,STANCE,1.0472,0.3351,0.1842,0,0.00,0.001,0.106,0.016,STANCE,0.7994,-0.1986,0.0529,0,0.00,0.005,0.220,0.033,STANCE,0.6556,0.1746,0.0368,0,0.00,0.001,0.118,0.097,SWING
58.020,3828,placemove,0.9861,-0.0054,0.2878,-0.0280,-0.3754,-0.0139,-0.1064,0.0107,0.1541,0.0157,-0.3385,-0.0004,1.000,0.000,0.0000,0.0000,1.2143,-0.2829,0.1878,0,0.00,0.001,0.144,0.037,STANCE,1.2139,0.2649,0.2347,0,0.00,0.002,0.184,0.032,STANCE,1.0288,-0.3530,0.1845,0,0.00,0.003,0.055,0.004,STANCE,1.0470,0.3352,0.1845,0,0.00,0.001,0.101,0.010,STANCE,0.8006,-0.1985,0.0501,0,0.00,0.003,0.165,0.028,STANCE,0.6518,0.1747,0.0508,0,0.00,0.002,0.110,0.099,SWING
58.070,3832,placemove,0.9844,-0.0053,0.2895,-0.0280,-0.3833,-0.0141,-0.0994,0.0048,0.0518,-0.0146,-0.5723,-0.0069,1.000,0.000,0.0000,0.0000,1.2150,-0.2830,0.1870,0,0.00,0.013,0.135,0.032,STANCE,1.2143,0.2648,0.2338,0,0.00,0.009,0.145,0.024,STANCE,1.0287,-0.3529,0.1846,0,0.39,0.129,0.109,0.146,STANCE,1.0470,0.3352,0.1847,0,0.18,0.058,0.020,0.066,STANCE,0.8024,-0.1986,0.0462,0,0.00,0.009,0.109,0.020,STANCE,0.6483,0.1751,0.0620,0,0.00,0.052,0.185,0.034,SWING
58.104,3836,placemove,0.9826,-0.0053,0.2900,-0.0281,-0.3943,-0.0141,-0.1079,0.0045,0.0014,-0.0179,-0.7458,-0.0016,1.000,0.000,0.0000,0.0000,1.2158,-0.2831,0.1867,0,0.00,0.028,0.125,0.026,STANCE,1.2146,0.2647,0.2333,0,0.00,0.022,0.136,0.022,STANCE,1.0285,-0.3529,0.1845,1,3.16,0.553,0.945,0.713,STANCE,1.0468,0.3352,0.1846,1,2.31,0.110,0.740,0.442,STANCE,0.8046,-0.1987,0.0415,0,0.00,0.007,0.091,0.011,STANCE,0.6490,0.1804,0.0713,0,0.00,0.600,0.088,0.109,SWING
58.138,3840,placemove,0.9806,-0.0052,0.2897,-0.0283,-0.4086,-0.0141,-0.1249,0.0044,-0.0335,-0.0246,-0.9524,-0.0021,1.000,0.000,0.0000,0.0000,1.2165,-0.2832,0.1870,0,0.00,0.023,0.124,0.024,STANCE,1.2146,0.2647,0.2334,0,0.00,0.022,0.130,0.018,STANCE,1.0283,-0.3529,0.1844,1,4.43,0.248,1.232,0.661,STANCE,1.0466,0.3352,0.1845,1,4.21,0.231,1.127,0.632,STANCE,0.8074,-0.1988,0.0361,0,0.00,0.014,0.088,0.010,STANCE,0.6553,0.1948,0.0800,0,0.00,0.083,0.102,0.109,SWING
58.158,3844,placemove,0.9783,-0.0051,0.2889,-0.0286,-0.4264,-0.0140,-0.1444,0.0047,-0.0557,-0.0303,-1.1572,-0.0026,1.000,0.000,0.0000,0.0000,1.2171,-0.2832,0.1879,0,0.00,0.022,0.122,0.022,STANCE,1.2145,0.2646,0.2341,0,0.00,0.027,0.132,0.016,STANCE,1.0281,-0.3529,0.1844,1,5.62,0.245,1.506,0.723,STANCE,1.0464,0.3352,0.1844,1,5.76,0.235,1.390,0.620,STANCE,0.8107,-0.1990,0.0299,0,0.00,0.016,0.086,0.007,STANCE,0.6645,0.2116,0.0883,0,0.00,0.094,0.117,0.107,SWING
58.195,3848,placemove,0.9757,-0.0050,0.2878,-0.0289,-0.4477,-0.0139,-0.1660,0.0048,-0.0778,-0.0353,-1.3712,-0.0031,1.000,0.000,0.0000,0.0000,1.2177,-0.2833,0.1897,0,0.00,0.022,0.120,0.021,STANCE,1.2141,0.2646,0.2354,0,0.00,0.022,0.123,0.015,STANCE,1.0277,-0.3529,0.1844,1,5.58,0.234,1.514,0.733,STANCE,1.0461,0.3352,0.1844,1,5.45,0.202,1.398,0.668,STANCE,0.8147,-0.1991,0.0232,0,0.00,0.018,0.085,0.007,STANCE,0.6752,0.2267,0.0957,0,0.00,0.090,0.119,0.106,SWING
58.216,3852,placemove,0.9727,-0.0049,0.2864,-0.0292,-0.4728,-0.0139,-0.1898,0.0052,-0.0982,-0.0410,-1.6029,-0.0037,1.000,0.000,0.0000,0.0000,1.2182,-0.2834,0.1921,0,0.00,0.023,0.120,0.021,STANCE,1.2135,0.2645,0.2374,0,0.00,0.022,0.122,0.015,STANCE,1.0274,-0.3529,0.1843,1,5.82,0.247,1.560,0.735,STANCE,1.0457,0.3352,0.1844,1,5.70,0.209,1.449,0.673,STANCE,0.8194,-0.1993,0.0157,0,0.00,0.019,0.083,0.006,STANCE,0.6871,0.2402,0.1025,0,0.00,0.089,0.123,0.105,SWING
58.279,3856,placemove,0.9705,-0.0044,0.2854,-0.0319,-0.4773,-0.0151,-0.1188,0.0385,-0.1303,-0.0666,-0.3018,-0.2002,1.000,0.000,0.0000,0.0000,1.2152,-0.2836,0.1952,0,0.00,0.062,0.134,0.033,STANCE,1.2113,0.2645,0.2391,0,0.00,0.107,0.168,0.028,STANCE,1.0225,-0.3519,0.1896,0,0.00,0.083,0.116,0.104,STANCE,1.0422,0.3345,0.1881,0,0.00,0.117,0.175,0.010,STANCE,0.8161,-0.1994,0.0180,0,0.00,0.090,0.075,0.108,STANCE,0.6975,0.2525,0.1149,0,0.00,0.599,0.067,0.114,SWING
58.298,3860,placemove,0.9686,-0.0036,0.2819,-0.0286,-0.4784,-0.0205,-0.1231,0.0440,-0.2483,0.4043,0.2351,-0.1633,1.000,0.000,0.0000,0.0000,1.2096,-0.2837,0.1972,0,0.00,0.000,0.053,0.023,STANCE,1.2079,0.2645,0.2423,0,0.00,0.001,0.002,0.018,STANCE,1.0144,-0.3507,0.1952,0,0.00,0.002,0.125,0.063,STANCE,1.0393,0.3362,0.1910,0,0.00,0.001,0.057,0.014,STANCE,0.8075,-0.1979,0.0237,0,0.00,0.008,0.113,0.103,STANCE,0.7028,0.2540,0.1202,0,0.00,0.016,0.069,0.105,SWING
58.327,3864,placemove,0.9664,-0.0029,0.2764,-0.0231,-0.4757,-0.0262,-0.1281,0.0456,-0.4031,0.2814,0.1478,-0.1972,1.000,0.000,0.0000,0.0000,1.2067,-0.2833,0.1883,0,0.00,0.010,0.051,0.013,STANCE,1.2076,0.2644,0.2366,0,0.00,0.021,0.075,0.012,STANCE,1.0105,-0.3503,0.1879,0,0.00,0.014,0.059,0.008,STANCE,1.0383,0.3373,0.1880,0,0.00,0.017,0.003,0.000,STANCE,0.7979,-0.1949,0.0279,0,0.00,0.016,0.104,0.102,STANCE,0.7167,0.2493,0.1036,0,0.00,0.024,0.072,0.099,SWING
58.376,3868,placemove,0.9647,-0.0024,0.2727,-0.0244,-0.4898,-0.0239,-0.0720,-0.0260,-0.1509,0.5196,-1.3721,0.2368,1.000,0.000,0.0000,0.0000,1.2047,-0.2835,0.1876,0,0.00,0.068,0.017,0.033,SHIFT,1.2067,0.2646,0.2335,0,0.00,0.042,0.109,0.000,SHIFT,1.0087,-0.3495,0.1851,0,0.00,0.155,0.011,0.016,SHIFT,1.0377,0.3376,0.1846,0,0.00,0.143,0.039,0.008,SHIFT,0.7930,-0.1935,0.0321,0,0.00,0.059,0.089,0.100,SHIFT,0.7324,0.2410,0.0850,0,0.00,0.056,0.096,0.103,SHIFT
58.412,3872,placemove,0.9634,-0.0029,0.2689,-0.0135,-0.5148,-0.0259,-0.0912,-0.0458,-0.2588,0.5029,-1.5239,0.0396,1.000,0.000,0.0000,0.0000,1.2000,-0.2845,0.1958,0,0.00,0.082,0.041,0.102,SHIFT,1.2058,0.2649,0.2354,0,0.00,0.056,0.363,0.036,SHIFT,1.0036,-0.3486,0.1865,0,0.00,0.111,0.134,0.036,SHIFT,1.0363,0.3383,0.1849,1,4.90,0.167,0.288,1.002,SHIFT,0.7934,-0.1903,0.0307,0,0.00,0.108,0.161,0.072,SHIFT,0.7509,0.2317,0.0696,0,0.00,0.021,0.018,0.097,SHIFT
58.440,3876,placemove,0.9606,-0.0023,0.2688,-0.0212,-0.5447,-0.0246,-0.2158,0.1227,0.2028,-0.9316,-2.0594,-0.0977,1.000,0.000,0.0000,0.0000,1.1991,-0.2830,0.1952,0,0.00,0.413,0.219,0.131,SHIFT,1.2093,0.2639,0.2306,0,0.00,0.019,0.320,0.062,SHIFT,1.0028,-0.3488,0.1842,1,18.19,2.281,0.602,2.940,SHIFT,1.0359,0.3384,0.1845,1,14.11,1.094,2.940,1.131,SHIFT,0.7999,-0.1898,0.0178,0,0.00,0.162,0.125,0.072,SHIFT,0.7696,0.2223,0.0555,0,0.00,0.056,0.041,0.084,SHIFT
58.531,3880,placemove,0.9573,0.0002,0.2737,-0.0389,-0.5612,-0.0223,-0.1654,0.1488,0.2788,-0.8039,-0.6261,-0.5610,1.000,0.000,0.0000,0.0000,1.1976,-0.2837,0.2004,0,0.00,0.085,0.084,0.057,SHIFT,1.2119,0.2631,0.2275,0,0.00,0.065,0.147,0.049,SHIFT,0.9995,-0.3485,0.1872,0,0.00,0.104,0.032,0.022,SHIFT,1.0356,0.3387,0.1844,0,0.00,0.094,0.019,0.005,SHIFT,0.8024,-0.1900,0.0145,0,0.00,0.064,0.057,0.035,SHIFT,0.7772,0.2214,0.0437,0,0.00,0.050,0.111,0.010,SHIFT
58.572,3884,placemove,0.9545,0.0022,0.2771,-0.0509,-0.5724,-0.0241,-0.1818,0.1024,0.1545,-0.5013,-0.6655,-0.4991,1.000,0.000,0.0000,0.0000,1.1927,-0.2852,0.2061,0,0.00,0.089,0.181,0.011,SHIFT,1.2121,0.2619,0.2279,0,0.00,0.062,0.283,0.003,SHIFT,0.9932,-0.3478,0.1924,0,0.00,0.098,0.198,0.004,SHIFT,1.0355,0.3390,0.1844,0,0.00,0.077,0.039,0.008,SHIFT,0.7993,-0.1891,0.0164,0,0.00,0.058,0.186,0.030,SHIFT,0.7862,0.2193,0.0346,0,0.00,0.052,0.117,0.071,SHIFT
58.661,3888,placemove,0.9519,0.0035,0.2807,-0.0597,-0.5789,-0.0226,-0.1159,0.0730,0.1912,-0.4270,-0.5864,0.1860,1.000,0.000,0.0000,0.0000,1.1906,-0.2861,0.2061,0,0.00,0.078,0.002,0.048,SHIFT,1.2136,0.2608,0.2245,0,0.00,0.067,0.037,0.038,SHIFT,0.9908,-0.3477,0.1915,0,0.00,0.091,0.022,0.025,SHIFT,1.0342,0.3393,0.1850,0,0.00,0.085,0.021,0.002,SHIFT,0.7992,-0.1888,0.0144,0,0.00,0.106,0.061,0.004,SHIFT,0.7916,0.2185,0.0255,0,0.00,0.061,0.098,0.013,SHIFT
58.680,3892,placemove,0.9500,0.0047,0.2822,-0.0663,-0.5890,-0.0154,-0.1140,0.0739,0.0203,-0.3186,-0.5786,0.1847,1.000,0.000,0.0000,0.0000,1.1884,-0.2850,0.2109,0,0.00,0.078,0.013,0.002,SHIFT,1.2101,0.2623,0.2269,0,0.00,0.073,0.038,0.004,SHIFT,0.9888,-0.3468,0.1947,0,0.00,0.093,0.009,0.003,SHIFT,1.0309,0.3402,0.1853,0,0.00,0.080,0.014,0.002,SHIFT,0.7970,-0.1890,0.0162,0,0.00,0.061,0.096,0.020,SHIFT,0.8014,0.2120,0.0183,0,0.00,0.062,0.089,0.003,SHIFT
58.783,3896,placemove,0.9491,0.0053,0.2848,-0.0596,-0.5828,-0.0152,-0.0165,0.0260,0.1592,0.7497,0.7240,0.8316,1.000,0.000,0.0000,0.0000,1.1885,-0.2837,0.2065,0,0.00,0.057,0.006,0.038,SHIFT,1.2092,0.2634,0.2245,0,0.00,0.085,0.003,0.030,SHIFT,0.9890,-0.3459,0.1906,0,0.00,0.069,0.009,0.020,SHIFT,1.0272,0.3415,0.1874,0,0.00,0.102,0.008,0.003,SHIFT,0.7962,-0.1883,0.0148,0,0.00,0.180,0.085,0.009,SHIFT,0.8058,0.2096,0.0144,0,0.00,0.080,0.083,0.032,SHIFT
58.802,3900,placemove,0.9490,0.0058,0.2855,-0.0419,-0.5734,-0.0101,0.0009,0.0266,-0.0423,0.8440,0.2668,0.8381,1.000,0.000,0.0000,0.0000,1.1876,-0.2793,0.2043,0,0.00,0.080,0.425,0.226,SHIFT,1.2007,0.2688,0.2294,0,0.00,0.112,0.243,0.055,SHIFT,0.9891,-0.3432,0.1887,0,0.00,0.084,0.198,0.041,SHIFT,1.0195,0.3445,0.1918,0,0.00,0.097,0.028,0.006,SHIFT,0.7905,-0.1849,0.0195,0,0.00,0.067,0.119,0.101,SHIFT,0.8086,0.2042,0.0201,0,0.00,0.066,0.275,0.147,SHIFT
58.840,3904,placemove,0.9489,0.0063,0.2836,-0.0290,-0.5718,-0.0052,-0.0205,0.0392,-0.1326,-0.1356,-0.0185,0.4905,1.000,0.000,0.0000,0.0000,1.1877,-0.2736,0.2000,0,0.00,0.401,0.720,0.073,SHIFT,1.1949,0.2733,0.2300,0,0.00,0.034,0.330,0.041,SHIFT,0.9915,-0.3409,0.1822,1,28.90,1.854,2.940,1.394,SHIFT,1.0130,0.3470,0.1932,0,0.00,0.114,0.544,0.058,SHIFT,0.7859,-0.1818,0.0254,0,0.00,0.429,0.479,0.005,SHIFT,0.8070,0.2006,0.0279,0,0.00,0.191,0.363,0.134,SHIFT
58.887,3908,placemove,0.9484,0.0070,0.2807,-0.0419,-0.5691,0.0043,-0.0295,0.0162,-0.1630,-0.3334,-0.0829,0.2849,1.000,0.000,0.0000,0.0000,1.1866,-0.2725,0.1989,0,0.00,0.278,0.018,0.009,STANCE,1.1925,0.2746,0.2204,0,0.00,0.436,0.604,0.044,STANCE,0.9912,-0.3411,0.1818,1,12.63,2.743,1.955,0.773,STANCE,1.0089,0.3470,0.1851,1,40.57,2.940,2.940,2.940,STANCE,0.7798,-0.1860,0.0272,0,0.00,0.145,0.291,0.063,STANCE,0.8077,0.1935,0.0249,0,0.00,0.211,0.100,0.051,STANCE
58.924,3912,placemove,0.9474,0.0077,0.2820,-0.0440,-0.5749,-0.0008,-0.0755,0.0540,0.1090,-0.1150,-0.4830,-0.4764,1.000,0.000,0.0000,0.0000,1.1807,-0.2750,0.2086,0,0.00,0.073,0.080,0.109,SWING,1.1946,0.2744,0.2162,0,0.00,0.003,0.247,0.044,STANCE,0.9914,-0.3411,0.1814,0,0.00,0.005,0.119,0.025,STANCE,1.0089,0.3471,0.1845,1,0.67,0.288,0.184,0.047,STANCE,0.7818,-0.1866,0.0233,0,0.00,0.011,0.162,0.027,STANCE,0.8109,0.1926,0.0196,0,0.00,0.011,0.184,0.023,STANCE
58.952,3916,placemove,0.9452,0.0080,0.2845,-0.0433,-0.5798,-0.0050,-0.1399,0.0109,0.1244,0.0282,-0.3873,-0.1602,1.000,0.000,0.0000,0.0000,1.1722,-0.2780,0.2221,0,0.00,0.036,0.131,0.099,SWING,1.1967,0.2740,0.2144,0,0.00,0.032,0.170,0.038,STANCE,0.9912,-0.3411,0.1814,0,0.00,0.016,0.114,0.018,STANCE,1.0088,0.3472,0.1844,0,0.00,0.019,0.061,0.009,STANCE,0.7840,-0.1865,0.0202,0,0.00,0.012,0.144,0.027,STANCE,0.8138,0.1926,0.0160,0,0.00,0.018,0.109,0.021,STANCE
58.991,3920,placemove,0.9431,0.0080,0.2864,-0.0412,-0.5823,-0.0081,-0.1147,-0.0095,0.0599,0.0676,-0.1716,-0.1300,1.000,0.000,0.0000,0.0000,1.1639,-0.2800,0.2343,0,0.00,0.015,0.089,0.105,SWING,1.1967,0.2738,0.2144,0,0.00,0.008,0.005,0.014,STANCE,0.9899,-0.3411,0.1826,0,0.00,0.011,0.092,0.005,STANCE,1.0075,0.3472,0.1859,0,0.00,0.011,0.086,0.005,STANCE,0.7845,-0.1865,0.0188,0,0.00,0.014,0.006,0.012,STANCE,0.8141,0.1926,0.0154,0,0.00,0.012,0.055,0.009,STANCE
59.011,3924,placemove,0.9412,0.0078,0.2858,-0.0397,-0.5863,-0.0111,-0.1191,-0.0115,-0.1007,0.1088,-0.1358,-0.1166,1.000,0.000,0.0000,0.0000,1.1557,-0.2815,0.2447,0,0.00,0.087,0.102,0.103,SWING,1.1948,0.2735,0.2160,0,0.00,0.002,0.036,0.006,STANCE,0.9861,-0.3411,0.1854,0,0.00,0.008,0.001,0.025,STANCE,1.0051,0.3471,0.1879,0,0.00,0.002,0.031,0.006,STANCE,0.7830,-0.1864,0.0186,0,0.00,0.006,0.049,0.005,STANCE,0.8116,0.1928,0.0175,0,0.00,0.003,0.009,0.028,STANCE
59.071,3928,placemove,0.9392,0.0074,0.2833,-0.0354,-0.5851,-0.0177,-0.0700,-0.0456,-0.0223,0.1900,0.1994,-0.1855,1.000,0.000,0.0000,0.0000,1.1539,-0.2801,0.2559,0,0.00,0.581,0.284,0.094,SWING,1.1946,0.2724,0.2125,0,0.00,0.175,0.279,0.036,STANCE,0.9834,-0.3413,0.1806,0,0.00,0.504,0.179,0.010,STANCE,1.0051,0.3468,0.1849,1,14.13,0.027,2.940,0.507,STANCE,0.7815,-0.1856,0.0142,1,33.24,2.940,0.818,2.940,STANCE,0.8108,0.1936,0.0146,1,13.79,1.523,2.739,2.940,STANCE
59.111,3932,placemove,0.9391,0.0070,0.2822,-0.0364,-0.5933,-0.0158,0.0035,-0.0105,-0.1196,0.0183,-0.4519,0.0984,1.000,0.000,0.0000,0.0000,1.1588,-0.2751,0.2736,0,0.00,0.124,0.042,0.116,SWING,1.1939,0.2721,0.2146,0,0.00,0.037,0.057,0.010,STANCE,0.9831,-0.3417,0.1815,0,0.00,0.020,0.115,0.028,STANCE,1.0041,0.3464,0.1863,0,0.00,0.085,0.011,0.007,STANCE,0.7810,-0.1859,0.0147,1,9.24,0.274,0.901,1.914,STANCE,0.8104,0.1933,0.0153,0,0.00,0.096,0.063,0.019,STANCE
59.150,3936,placemove,0.9392,0.0066,0.2787,-0.0327,-0.6061,-0.0150,-0.0132,-0.0658,-0.2452,0.5127,-0.8913,0.2482,1.000,0.000,0.0000,0.0000,1.1638,-0.2680,0.2890,0,0.00,0.018,0.080,0.100,SWING,1.1915,0.2727,0.2187,0,0.00,0.073,0.184,0.067,STANCE,0.9825,-0.3416,0.1819,0,0.00,0.035,0.144,0.032,STANCE,1.0042,0.3464,0.1849,1,5.57,0.387,0.483,1.810,STANCE,0.7795,-0.1853,0.0174,0,0.00,0.003,0.100,0.099,STANCE,0.8079,0.1934,0.0192,0,0.00,0.004,0.135,0.109,STANCE
59.189,3940,placemove,0.9382,0.0055,0.2766,-0.0268,-0.6118,-0.0184,-0.1346,-0.0207,0.1624,-0.4421,0.0000,-0.2682,1.000,0.000,0.0000,0.0000,1.1687,-0.2647,0.3029,0,0.00,0.365,0.328,0.107,SWING,1.1956,0.2714,0.2127,0,0.00,0.008,0.426,0.124,STANCE,0.9864,-0.3419,0.1735,1,16.34,2.940,2.940,2.940,STANCE,1.0041,0.3462,0.1846,1,28.69,1.981,2.940,2.702,STANCE,0.7793,-0.1846,0.0143,0,0.00,0.203,0.307,0.081,STANCE,0.8083,0.1941,0.0171,0,0.00,0.050,0.170,0.005,STANCE
59.237,3944,placemove,0.9349,0.0071,0.2813,-0.0368,-0.6154,-0.0151,-0.2134,0.1420,0.2510,-0.2947,-0.2265,-0.0734,1.000,0.000,0.0000,0.0000,1.1752,-0.2686,0.3312,0,0.00,0.093,0.085,0.001,SWING,1.1967,0.2713,0.2117,0,0.00,0.011,0.110,0.032,STANCE,0.9864,-0.3420,0.1738,0,0.00,0.018,0.163,0.046,STANCE,1.0039,0.3463,0.1845,0,0.00,0.002,0.071,0.019,STANCE,0.7773,-0.1854,0.0177,0,0.00,0.004,0.027,0.010,STANCE,0.8092,0.1935,0.0160,0,0.00,0.001,0.087,0.015,STANCE
59.303,3948,placemove,0.9305,0.0085,0.2867,-0.0401,-0.6184,-0.0146,-0.2767,0.0680,0.3198,-0.2657,-0.2445,-0.1080,1.000,0.000,0.0000,0.0000,1.1802,-0.2685,0.3600,0,0.00,0.104,0.117,0.094,SWING,1.1972,0.2718,0.2113,0,0.00,0.009,0.093,0.081,STANCE,0.9860,-0.3415,0.1741,0,0.00,0.004,0.104,0.062,STANCE,1.0034,0.3470,0.1850,0,0.00,0.001,0.013,0.036,STANCE,0.7771,-0.1846,0.0179,0,0.00,0.003,0.062,0.048,STANCE,0.8100,0.1943,0.0149,0,0.00,0.001,0.016,0.050,STANCE
59.334,3952,placemove,0.9259,0.0097,0.2906,-0.0529,-0.6316,-0.0116,-0.2761,0.0801,0.1736,-0.7671,-0.8906,-0.1875,1.000,0.000,0.0000,0.0000,1.1879,-0.2651,0.3780,0,0.00,0.244,0.104,0.096,SWING,1.1951,0.2713,0.2155,0,0.00,0.031,0.057,0.001,STANCE,0.9817,-0.3416,0.1814,0,0.00,0.051,0.040,0.004,STANCE,1.0007,0.3470,0.1880,0,0.00,0.032,0.019,0.013,STANCE,0.7752,-0.1853,0.0215,0,0.00,0.043,0.037,0.007,STANCE,0.8087,0.1935,0.0168,0,0.00,0.030,0.015,0.018,STANCE
59.363,3956,placemove,0.9215,0.0111,0.2923,-0.0642,-0.6451,-0.0069,-0.2425,0.0809,0.0507,-0.2501,-0.8068,-0.1256,1.000,0.000,0.0000,0.0000,1.1911,-0.2649,0.3794,0,0.00,0.005,0.144,0.091,SWING,1.1926,0.2713,0.2175,0,0.00,0.012,0.176,0.029,STANCE,0.9787,-0.3415,0.1871,0,0.00,0.017,0.202,0.013,STANCE,0.9985,0.3471,0.1868,0,0.00,0.006,0.164,0.011,STANCE,0.7747,-0.1866,0.0228,0,0.00,0.014,0.150,0.023,STANCE,0.8086,0.1920,0.0149,0,0.00,0.007,0.173,0.023,STANCE
59.401,3960,placemove,0.9176,0.0124,0.2915,-0.0710,-0.6624,-0.0060,-0.2360,0.0818,-0.1089,-0.3173,-0.9991,-0.1860,1.000,0.000,0.0000,0.0000,1.1929,-0.2664,0.3768,0,0.00,0.051,0.112,0.095,SHIFT,1.1863,0.2722,0.2245,0,0.00,0.069,0.034,0.062,SHIFT,0.9718,-0.3405,0.1944,0,0.00,0.061,0.048,0.047,SHIFT,0.9929,0.3481,0.1899,0,0.00,0.076,0.068,0.033,SHIFT,0.7708,-0.1863,0.0257,0,0.00,0.033,0.049,0.051,SHIFT,0.8033,0.1921,0.0200,0,0.00,0.052,0.118,0.100,SHIFT
59.419,3964,placemove,0.9136,0.0138,0.2884,-0.0754,-0.6762,-0.0058,-0.2461,0.0817,-0.2505,-0.1539,-0.6792,-0.1037,1.000,0.000,0.0000,0.0000,1.1943,-0.2678,0.3704,0,0.00,0.058,0.110,0.095,SHIFT,1.1827,0.2729,0.2224,0,0.00,0.092,0.072,0.016,SHIFT,0.9680,-0.3397,0.1925,0,0.00,0.083,0.075,0.011,SHIFT,0.9898,0.3488,0.1849,0,0.00,0.094,0.070,0.009,SHIFT,0.7696,-0.1862,0.0201,0,0.00,0.046,0.055,0.002,SHIFT,0.7977,0.1931,0.0181,0,0.00,0.062,0.011,0.020,SHIFT
59.459,3968,placemove,0.9109,0.0148,0.2854,-0.0748,-0.6858,-0.0106,-0.0224,0.0380,-0.0383,-0.5985,-1.1626,-0.6413,1.000,0.000,0.0000,0.0000,1.1967,-0.2695,0.3599,0,0.00,0.260,0.231,0.167,SHIFT,1.1798,0.2734,0.2193,0,0.00,0.344,0.253,0.018,SHIFT,0.9642,-0.3388,0.1873,0,0.00,0.387,0.230,0.030,SHIFT,0.9874,0.3497,0.1801,0,0.00,0.309,0.289,0.032,SHIFT,0.7684,-0.1852,0.0144,1,26.93,2.940,0.568,2.940,SHIFT,0.7967,0.1934,0.0146,1,13.41,2.940,2.940,2.940,SHIFT
59.499,3972,placemove,0.9103,0.0150,0.2836,-0.0762,-0.7081,-0.0142,-0.0741,-0.0446,-0.1334,0.4012,-1.1233,0.0037,1.000,0.000,0.0000,0.0000,1.1995,-0.2722,0.3563,0,0.00,0.056,0.153,0.091,SHIFT,1.1783,0.2724,0.2240,0,0.00,0.037,0.059,0.038,SHIFT,0.9616,-0.3390,0.1883,0,0.00,0.113,0.069,0.001,SHIFT,0.9885,0.3493,0.1788,1,4.39,0.391,0.433,1.338,SHIFT,0.7649,-0.1837,0.0161,0,0.00,0.129,0.104,0.072,SHIFT,0.7951,0.1937,0.0166,0,0.00,0.026,0.181,0.023,SHIFT
59.547,3976,placemove,0.9097,0.0143,0.2824,-0.0737,-0.7179,-0.0128,-0.0212,-0.0396,-0.1130,-0.0163,-0.5808,0.3325,1.000,0.000,0.0000,0.0000,1.2050,-0.2736,0.3476,0,0.00,0.075,0.117,0.094,SHIFT,1.1752,0.2726,0.2263,0,0.00,0.087,0.035,0.013,SHIFT,0.9618,-0.3394,0.1848,0,0.00,0.094,0.012,0.001,SHIFT,0.9873,0.3490,0.1774,0,0.00,0.090,0.039,0.002,SHIFT,0.7631,-0.1830,0.0164,0,0.00,0.067,0.154,0.019,SHIFT,0.7909,0.1954,0.0151,0,0.00,0.056,0.024,0.016,SHIFT
59.594,3980,placemove,0.9098,0.0128,0.2823,-0.0601,-0.7151,-0.0187,0.0366,-0.1078,0.1415,0.3843,0.6619,0.0090,1.000,0.000,0.0000,0.0000,1.2119,-0.2749,0.3340,0,0.00,0.329,0.113,0.090,SHIFT,1.1736,0.2727,0.2259,0,0.00,0.068,0.062,0.016,SHIFT,0.9640,-0.3398,0.1768,0,0.00,0.365,0.453,0.031,SHIFT,0.9868,0.3489,0.1762,1,6.46,1.308,2.940,2.696,SHIFT,0.7590,-0.1829,0.0146,1,32.12,2.940,2.153,2.940,SHIFT,0.7909,0.1952,0.0144,1,11.24,2.940,2.940,2.940,SHIFT
59.643,3984,placemove,0.9111,0.0120,0.2857,-0.0517,-0.7069,-0.0163,0.0920,-0.0232,0.1680,0.3563,0.4618,0.5335,1.000,0.000,0.0000,0.0000,1.2207,-0.2740,0.3223,0,0.00,0.070,0.104,0.096,SHIFT,1.1725,0.2737,0.2261,0,0.00,0.085,0.044,0.014,SHIFT,0.9679,-0.3399,0.1726,0,0.00,0.095,0.133,0.026,SHIFT,0.9865,0.3488,0.1765,0,0.00,0.082,0.129,0.023,SHIFT,0.7592,-0.1830,0.0143,0,0.00,0.059,0.030,0.011,SHIFT,0.7879,0.1961,0.0161,0,0.00,0.046,0.002,0.000,SHIFT
59.662,3988,placemove,0.9129,0.0118,0.2871,-0.0428,-0.6983,-0.0118,0.1101,-0.0158,0.0063,0.4797,0.5980,0.6617,1.000,0.000,0.0000,0.0000,1.2289,-0.2724,0.3132,0,0.00,0.061,0.027,0.047,SHIFT,1.1701,0.2763,0.2258,0,0.00,0.082,0.005,0.001,SHIFT,0.9726,-0.3390,0.1679,0,0.00,0.089,0.094,0.016,SHIFT,0.9846,0.3498,0.1764,0,0.00,0.086,0.081,0.013,SHIFT,0.7587,-0.1829,0.0150,0,0.00,0.052,0.049,0.024,SHIFT,0.7851,0.1965,0.0175,0,0.00,0.049,0.064,0.001,SHIFT
59.701,3992,placemove,0.9153,0.0122,0.2870,-0.0379,-0.6884,-0.0063,0.1747,0.0647,-0.0160,0.0709,0.6213,0.3727,1.000,0.000,0.0000,0.0000,1.2335,-0.2696,0.3072,0,0.00,0.054,0.039,0.011,SHIFT,1.1680,0.2794,0.2229,0,0.00,0.118,0.011,0.002,SHIFT,0.9774,-0.3377,0.1624,0,0.00,0.082,0.133,0.019,SHIFT,0.9828,0.3512,0.1738,0,0.00,0.132,0.077,0.014,SHIFT,0.7587,-0.1828,0.0147,1,4.68,0.317,0.195,0.837,SHIFT,0.7832,0.1966,0.0163,0,0.00,0.097,0.085,0.003,SHIFT
59.731,3996,placemove,0.9189,0.0135,0.2868,-0.0360,-0.6773,-0.0026,0.2509,0.0434,0.0014,0.1129,0.5917,0.1337,1.000,0.000,0.0000,0.0000,1.2378,-0.2661,0.3018,0,0.00,0.076,0.081,0.024,SHIFT,1.1676,0.2824,0.2184,0,0.00,0.179,0.004,0.003,SHIFT,0.9820,-0.3360,0.1580,0,0.00,0.160,0.127,0.027,SHIFT,0.9828,0.3528,0.1694,0,0.00,0.160,0.074,0.003,SHIFT,0.7591,-0.1827,0.0146,0,0.00,0.123,0.002,0.008,SHIFT,0.7827,0.1967,0.0146,1,12.50,0.075,1.449,2.940,SHIFT
59.791,4000,placemove,0.9226,0.0137,0.2880,-0.0362,-0.6694,-0.0046,0.0728,0.0168,0.2173,0.1235,0.4883,-0.0506,1.000,0.000,0.0000,0.0000,1.2406,-0.2657,0.2992,0,0.00,0.083,0.090,0.037,STANCE,1.1694,0.2827,0.2154,0,0.00,0.015,0.359,0.023,STANCE,0.9852,-0.3358,0.1558,1,15.85,0.574,1.644,2.364,STANCE,0.9852,0.3530,0.1667,1,22.85,0.837,2.940,2.940,STANCE,0.7592,-0.1829,0.0162,0,0.00,0.067,0.020,0.012,STANCE,0.7827,0.1967,0.0148,0,0.00,0.006,0.279,0.000,STANCE
59.831,4004,placemove,0.9227,0.0137,0.2910,-0.0330,-0.6579,-0.0074,0.0050,-0.0076,0.1132,0.1194,0.7477,-0.0550,1.000,0.000,0.0000,0.0000,1.2406,-0.2654,0.2984,0,0.00,0.003,0.007,0.002,STANCE,1.1642,0.2849,0.2233,0,0.00,0.011,0.107,0.101,SWING,0.9851,-0.3359,0.1558,0,0.00,0.005,0.071,0.014,STANCE,0.9852,0.3530,0.1669,0,0.00,0.018,0.084,0.015,STANCE,0.7567,-0.1827,0.0200,0,0.00,0.009,0.049,0.007,STANCE,0.7791,0.1969,0.0196,0,0.00,0.017,0.014,0.009,STANCE
59.861,4008,placemove,0.9228,0.0135,0.2914,-0.0306,-0.6444,-0.0097,0.0042,-0.0073,-0.0491,0.1110,0.7953,-0.0348,1.000,0.000,0.0000,0.0000,1.2408,-0.2654,0.2946,0,0.00,0.001,0.022,0.004,STANCE,1.1572,0.2875,0.2308,0,0.00,0.002,0.109,0.101,SWING,0.9849,-0.3359,0.1535,0,0.00,0.003,0.075,0.016,STANCE,0.9849,0.3529,0.1652,0,0.00,0.010,0.079,0.014,STANCE,0.7545,-0.1827,0.0209,0,0.00,0.008,0.050,0.010,STANCE,0.7765,0.1969,0.0210,0,0.00,0.009,0.048,0.008,STANCE
59.880,4012,placemove,0.9228,0.0134,0.2891,-0.0286,-0.6307,-0.0114,0.0044,-0.0067,-0.2125,0.1004,0.7983,-0.0180,1.000,0.000,0.0000,0.0000,1.2409,-0.2654,0.2879,0,0.00,0.004,0.023,0.004,STANCE,1.1501,0.2894,0.2356,0,0.00,0.002,0.109,0.102,SWING,0.9846,-0.3359,0.1483,0,0.00,0.000,0.075,0.016,STANCE,0.9845,0.3529,0.1609,0,0.00,0.007,0.079,0.014,STANCE,0.7523,-0.1827,0.0191,0,0.00,0.005,0.050,0.011,STANCE,0.7742,0.1970,0.0194,0,0.00,0.006,0.050,0.009,STANCE
59.937,4016,placemove,0.9230,0.0133,0.2842,-0.0270,-0.6162,-0.0125,0.0468,-0.0011,-0.2843,0.0217,1.1328,-0.0348,1.000,0.000,0.0000,0.0000,1.2410,-0.2654,0.2785,0,0.00,0.173,0.031,0.016,STANCE,1.1432,0.2905,0.2379,0,0.00,0.170,0.061,0.103,SWING,0.9842,-0.3359,0.1404,0,0.00,0.259,0.232,0.020,STANCE,0.9840,0.3529,0.1538,0,0.00,0.321,0.125,0.006,STANCE,0.7501,-0.1826,0.0146,1,31.54,2.940,0.370,2.940,STANCE,0.7718,0.1971,0.0150,1,28.49,2.940,0.214,2.940,STANCE
59.982,4020,placemove,0.9246,0.0139,0.2808,-0.0340,-0.6135,-0.0101,0.0278,0.0665,-0.1213,-0.3378,-0.0742,-0.1834,1.000,0.000,0.0000,0.0000,1.2413,-0.2652,0.2760,0,0.00,0.012,0.020,0.031,STANCE,1.1461,0.2884,0.2468,0,0.00,0.262,0.459,0.099,SWING,0.9851,-0.3362,0.1377,1,7.49,1.012,2.817,0.649,STANCE,0.9855,0.3527,0.1475,1,13.99,1.581,2.940,2.735,STANCE,0.7467,-0.1829,0.0187,0,0.00,0.011,0.301,0.111,STANCE,0.7688,0.1962,0.0171,0,0.00,0.112,0.064,0.098,STANCE
60.056,4024,placemove,0.9233,0.0146,0.2814,-0.0341,-0.6152,-0.0110,-0.1288,0.0313,0.0909,0.1136,-0.1671,0.0010,1.000,0.000,0.0000,0.0000,1.2400,-0.2645,0.2774,0,0.00,0.001,0.020,0.002,STANCE,1.1497,0.2842,0.2644,0,0.00,0.089,0.100,0.106,SWING,0.9852,-0.3359,0.1369,0,0.00,0.002,0.078,0.016,STANCE,0.9859,0.3533,0.1458,0,0.00,0.010,0.103,0.020,STANCE,0.7450,-0.1826,0.0194,0,0.00,0.006,0.042,0.005,STANCE,0.7672,0.1970,0.0172,0,0.00,0.008,0.036,0.003,STANCE
60.074,4028,placemove,0.9211,0.0152,0.2814,-0.0319,-0.6172,-0.0123,-0.1278,0.0332,-0.0718,0.0971,-0.1451,0.0036,1.000,0.000,0.0000,0.0000,1.2380,-0.2638,0.2781,0,0.00,0.005,0.023,0.004,STANCE,1.1510,0.2785,0.2827,0,0.00,0.090,0.110,0.106,SWING,0.9850,-0.3352,0.1349,0,0.00,0.003,0.076,0.017,STANCE,0.9854,0.3537,0.1446,0,0.00,0.009,0.080,0.015,STANCE,0.7447,-0.1819,0.0173,0,0.00,0.005,0.050,0.010,STANCE,0.7667,0.1977,0.0156,0,0.00,0.007,0.050,0.009,STANCE
60.141,4032,placemove,0.9199,0.0153,0.2803,-0.0301,-0.6180,-0.0132,-0.0349,0.0237,-0.0059,-0.0670,-0.0466,0.0166,1.000,0.000,0.0000,0.0000,1.2364,-0.2635,0.2771,0,0.00,0.135,0.155,0.015,STANCE,1.1567,0.2793,0.3001,0,0.00,0.223,0.235,0.089,SWING,0.9850,-0.3349,0.1317,1,5.63,0.659,2.313,0.149,STANCE,0.9850,0.3539,0.1424,1,4.57,0.587,1.832,0.173,STANCE,0.7448,-0.1815,0.0143,1,12.15,0.653,1.809,2.940,STANCE,0.7642,0.1981,0.0166,0,0.00,0.134,0.174,0.078,STANCE
60.181,4036,placemove,0.9182,0.0154,0.2810,-0.0300,-0.6203,-0.0136,-0.1153,0.0108,0.0011,-0.0496,0.0194,-0.0442,1.000,0.000,0.0000,0.0000,1.2346,-0.2633,0.2789,0,0.00,0.000,0.004,0.003,STANCE,1.1662,0.2863,0.3226,0,0.00,0.099,0.042,0.010,SWING,0.9849,-0.3348,0.1309,0,0.00,0.001,0.093,0.018,STANCE,0.9850,0.3540,0.1416,0,0.00,0.001,0.072,0.013,STANCE,0.7406,-0.1812,0.0189,0,0.00,0.000,0.059,0.050,STANCE,0.7608,0.1986,0.0201,0,0.00,0.001,0.043,0.005,STANCE
60.219,4040,placemove,0.9162,0.0156,0.2795,-0.0317,-0.6175,-0.0137,-0.1166,0.0118,-0.1583,-0.1016,0.1908,-0.0765,1.000,0.000,0.0000,0.0000,1.2323,-0.2634,0.2775,0,0.00,0.010,0.019,0.003,STANCE,1.1730,0.2865,0.3420,0,0.00,0.104,0.102,0.010,SWING,0.9836,-0.3350,0.1282,0,0.00,0.007,0.076,0.018,STANCE,0.9844,0.3539,0.1379,0,0.00,0.004,0.078,0.015,STANCE,0.7382,-0.1812,0.0179,0,0.00,0.001,0.046,0.007,STANCE,0.7594,0.1985,0.0176,0,0.00,0.002,0.053,0.008,STANCE
60.255,4044,placemove,0.9150,0.0159,0.2774,-0.0307,-0.6147,-0.0138,0.0419,0.0181,0.0138,0.0186,0.1999,0.0057,1.000,0.000,0.0000,0.0000,1.2309,-0.2631,0.2740,0,0.00,0.191,0.139,0.031,STANCE,1.1872,0.2831,0.3485,0,0.00,0.275,0.005,0.122,SWING,0.9832,-0.3347,0.1234,0,0.00,0.238,0.112,0.013,STANCE,0.9837,0.3542,0.1334,0,0.00,0.220,0.132,0.010,STANCE,0.7377,-0.1811,0.0145,1,17.76,2.940,1.004,2.940,STANCE,0.7589,0.1986,0.0143,1,17.50,2.940,1.080,2.940,STANCE
60.337,4048,placemove,0.9150,0.0156,0.2778,-0.0257,-0.6153,-0.0151,-0.1035,-0.0251,0.1700,0.0003,-0.0295,-0.0196,1.000,0.000,0.0000,0.0000,1.2320,-0.2627,0.2724,0,0.00,0.039,0.455,0.062,STANCE,1.2016,0.2787,0.3465,0,0.00,0.104,0.105,0.092,SWING,0.9854,-0.3346,0.1200,1,15.74,0.878,2.940,2.940,STANCE,0.9851,0.3544,0.1325,1,11.71,0.702,2.408,2.115,STANCE,0.7367,-0.1803,0.0152,0,0.00,0.045,0.365,0.004,STANCE,0.7571,0.1995,0.0166,0,0.00,0.030,0.039,0.026,STANCE
60.371,4052,placemove,0.9128,0.0153,0.2802,-0.0263,-0.6157,-0.0157,-0.1282,-0.0205,0.0714,-0.0119,-0.0501,-0.0461,1.000,0.000,0.0000,0.0000,1.2295,-0.2633,0.2746,0,0.00,0.060,0.024,0.009,SHIFT,1.2080,0.2795,0.3410,0,0.00,0.045,0.090,0.098,SHIFT,0.9846,-0.3348,0.1198,0,0.00,0.077,0.080,0.021,SHIFT,0.9846,0.3540,0.1324,0,0.00,0.076,0.078,0.016,SHIFT,0.7353,-0.1806,0.0157,0,0.00,0.038,0.046,0.003,SHIFT,0.7558,0.1991,0.0173,0,0.00,0.040,0.042,0.000,SHIFT
60.443,4056,placemove,0.9114,0.0155,0.2808,-0.0275,-0.6175,-0.0129,-0.0363,0.0280,0.0291,0.2080,-0.1552,0.2239,1.000,0.000,0.0000,0.0000,1.2267,-0.2628,0.2753,0,0.00,0.085,0.156,0.018,SHIFT,1.2130,0.2820,0.3326,0,0.00,0.356,0.169,0.089,SHIFT,0.9837,-0.3349,0.1182,0,0.00,0.023,0.052,0.015,SHIFT,0.9827,0.3540,0.1299,0,0.00,0.350,0.170,0.015,SHIFT,0.7335,-0.1808,0.0156,0,0.00,0.053,0.102,0.010,SHIFT,0.7542,0.1986,0.0148,1,21.92,1.381,0.471,2.940,SHIFT
60.485,4060,placemove,0.9115,0.0154,0.2808,-0.0262,-0.6216,-0.0147,0.0180,-0.0177,-0.0452,-0.0257,-0.2591,-0.1749,1.000,0.000,0.0000,0.0000,1.2251,-0.2628,0.2753,0,0.00,0.064,0.025,0.004,SHIFT,1.2193,0.2834,0.3247,0,0.00,0.064,0.119,0.094,SHIFT,0.9840,-0.3347,0.1152,0,0.00,0.081,0.071,0.018,SHIFT,0.9831,0.3541,0.1278,0,0.00,0.087,0.107,0.018,SHIFT,0.7299,-0.1805,0.0170,0,0.00,0.047,0.034,0.014,SHIFT,0.7531,0.1989,0.0148,0,0.00,0.048,0.168,0.025,SHIFT
60.566,4064,placemove,0.9126,0.0145,0.2814,-0.0245,-0.6193,-0.0189,0.1060,-0.0625,0.1340,0.2599,0.3491,0.2547,1.000,0.000,0.0000,0.0000,1.2237,-0.2649,0.2732,0,0.00,0.366,0.071,0.013,SHIFT,1.2276,0.2821,0.3148,0,0.00,0.138,0.073,0.113,SHIFT,0.9835,-0.3357,0.1113,0,0.00,0.344,0.099,0.016,SHIFT,0.9855,0.3531,0.1247,1,2.11,0.985,0.043,0.400,SHIFT,0.7298,-0.1804,0.0145,1,11.65,0.511,1.761,2.940,SHIFT,0.7526,0.1991,0.0148,0,0.00,0.065,0.035,0.017,SHIFT
60.664,4068,placemove,0.9133,0.0142,0.2849,-0.0228,-0.6171,-0.0171,-0.0081,0.0042,0.2182,-0.0212,0.1140,0.0505,1.000,0.000,0.0000,0.0000,1.2242,-0.2646,0.2732,0,0.00,0.075,0.038,0.012,SHIFT,1.2336,0.2827,0.3077,0,0.00,0.064,0.107,0.096,SHIFT,0.9851,-0.3357,0.1098,0,0.00,0.093,0.103,0.031,SHIFT,0.9856,0.3531,0.1249,0,0.00,0.088,0.103,0.023,SHIFT,0.7289,-0.1806,0.0159,0,0.00,0.051,0.001,0.001,SHIFT,0.7508,0.1991,0.0174,0,0.00,0.044,0.047,0.005,SHIFT
60.704,4072,placemove,0.9132,0.0143,0.2871,-0.0234,-0.6148,-0.0159,-0.0071,0.0053,0.0550,-0.0154,0.1549,0.0467,1.000,0.000,0.0000,0.0000,1.2228,-0.2645,0.2736,0,0.00,0.076,0.030,0.007,SHIFT,1.2387,0.2827,0.2990,0,0.00,0.069,0.101,0.096,SHIFT,0.9847,-0.3356,0.1089,0,0.00,0.096,0.036,0.024,SHIFT,0.9850,0.3531,0.1238,0,0.00,0.091,0.070,0.016,SHIFT,0.7272,-0.1806,0.0170,0,0.00,0.048,0.046,0.004,SHIFT,0.7498,0.1990,0.0172,0,0.00,0.045,0.044,0.004,SHIFT
60.746,4076,placemove,0.9133,0.0144,0.2869,-0.0235,-0.6108,-0.0151,0.0625,0.0098,0.0312,-0.0142,0.3513,0.0225,1.000,0.000,0.0000,0.0000,1.2213,-0.2642,0.2712,0,0.00,0.269,0.168,0.036,SHIFT,1.2432,0.2822,0.2871,0,0.00,0.264,0.060,0.134,SHIFT,0.9829,-0.3355,0.1070,0,0.00,0.327,0.004,0.010,SHIFT,0.9841,0.3532,0.1205,0,0.00,0.331,0.103,0.009,SHIFT,0.7263,-0.1806,0.0147,1,16.59,2.940,1.251,2.940,SHIFT,0.7488,0.1991,0.0149,1,16.97,2.940,1.147,2.940,SHIFT
60.819,4080,placemove,0.9153,0.0142,0.2876,-0.0201,-0.6131,-0.0144,0.1068,-0.0288,-0.0084,0.3396,0.0183,0.2866,1.000,0.000,0.0000,0.0000,1.2218,-0.2636,0.2712,0,0.00,0.066,0.003,0.005,SHIFT,1.2486,0.2810,0.2778,0,0.00,0.058,0.240,0.018,SHIFT,0.9839,-0.3350,0.1064,0,0.00,0.081,0.008,0.005,SHIFT,0.9850,0.3535,0.1194,0,0.00,0.084,0.079,0.014,SHIFT,0.7252,-0.1803,0.0164,0,0.00,0.051,0.044,0.031,SHIFT,0.7470,0.1993,0.0173,0,0.00,0.049,0.054,0.031,SHIFT
60.845,4084,placemove,0.9174,0.0140,0.2865,-0.0184,-0.6050,-0.0123,0.1603,0.0267,-0.0802,-0.0831,0.6408,0.1474,1.000,0.000,0.0000,0.0000,1.2230,-0.2629,0.2664,0,0.00,0.146,0.045,0.005,SHIFT,1.2492,0.2789,0.2682,0,0.00,0.121,0.131,0.039,SHIFT,0.9842,-0.3346,0.1031,0,0.00,0.131,0.022,0.014,SHIFT,0.9846,0.3539,0.1157,0,0.00,0.206,0.115,0.024,SHIFT,0.7254,-0.1803,0.0148,1,11.58,0.373,1.533,2.940,SHIFT,0.7454,0.1991,0.0160,0,0.00,0.158,0.058,0.004,SHIFT
60.923,4088,placemove,0.9206,0.0144,0.2861,-0.0180,-0.5962,-0.0111,0.1888,0.0269,0.0568,-0.0503,0.3512,-0.1551,1.000,0.000,0.0000,0.0000,1.2253,-0.2616,0.2616,0,0.00,0.012,0.010,0.001,SHIFT,1.2502,0.2800,0.2629,0,0.00,0.069,0.082,0.014,SHIFT,0.9851,-0.3340,0.1006,1,2.21,0.254,0.319,0.015,SHIFT,0.9850,0.3546,0.1114,0,0.00,0.087,0.221,0.047,SHIFT,0.7238,-0.1805,0.0158,0,0.00,0.014,0.100,0.002,SHIFT,0.7450,0.1990,0.0150,0,0.00,0.076,0.115,0.000,SHIFT
60.966,4092,placemove,0.9224,0.0139,0.2883,-0.0141,-0.5895,-0.0119,0.0952,-0.0406,0.0753,0.1621,0.4667,0.0672,1.000,0.000,0.0000,0.0000,1.2260,-0.2615,0.2599,0,0.00,0.068,0.031,0.008,STANCE,1.2501,0.2802,0.2623,0,0.00,0.075,0.008,0.003,STANCE,0.9849,-0.3339,0.1002,0,0.00,0.087,0.010,0.003,STANCE,0.9853,0.3545,0.1106,0,0.00,0.092,0.065,0.018,STANCE,0.7221,-0.1806,0.0181,0,0.00,0.041,0.049,0.002,STANCE,0.7430,0.1991,0.0178,0,0.00,0.046,0.031,0.002,STANCE
61.003,4096,placemove,0.9240,0.0132,0.2878,-0.0067,-0.5810,-0.0126,0.0937,-0.0402,-0.1012,0.3952,0.4930,0.2250,1.000,0.000,0.0000,0.0000,1.2277,-0.2609,0.2554,0,0.00,0.005,0.032,0.005,STANCE,1.2500,0.2808,0.2606,0,0.00,0.017,0.010,0.001,STANCE,0.9808,-0.3349,0.1043,0,0.00,0.018,0.104,0.101,SWING,0.9850,0.3550,0.1095,0,0.00,0.013,0.062,0.017,STANCE,0.7228,-0.1805,0.0165,0,0.00,0.000,0.063,0.014,STANCE,0.7423,0.1993,0.0181,0,0.00,0.004,0.046,0.011,STANCE
61.042,4100,placemove,0.9259,0.0129,0.2854,-0.0014,-0.5705,-0.0125,0.1337,-0.0049,-0.1619,0.4557,0.5293,0.2712,1.000,0.000,0.0000,0.0000,1.2300,-0.2602,0.2489,0,0.00,0.014,0.000,0.000,STANCE,1.2506,0.2816,0.2562,0,0.00,0.006,0.064,0.012,STANCE,0.9752,-0.3364,0.1092,0,0.00,0.007,0.141,0.096,SWING,0.9851,0.3556,0.1062,0,0.00,0.004,0.035,0.014,STANCE,0.7230,-0.1803,0.0149,0,0.00,0.002,0.229,0.013,STANCE,0.7419,0.1994,0.0166,0,0.00,0.000,0.066,0.012,STANCE
61.101,4104,placemove,0.9286,0.0130,0.2824,0.0045,-0.5579,-0.0107,0.2209,0.0117,-0.1387,0.2505,0.9367,0.3070,1.000,0.000,0.0000,0.0000,1.2335,-0.2583,0.2408,0,0.00,0.014,0.168,0.035,STANCE,1.2514,0.2835,0.2507,0,0.00,0.193,0.008,0.001,STANCE,0.9709,-0.3366,0.1133,0,0.00,0.105,0.204,0.088,SWING,0.9851,0.3569,0.1022,0,0.00,0.152,0.009,0.002,STANCE,0.7225,-0.1799,0.0146,1,3.73,1.793,0.628,0.224,STANCE,0.7418,0.1999,0.0147,1,14.23,2.030,1.550,2.940,STANCE
61.139,4108,placemove,0.9322,0.0129,0.2788,0.0153,-0.5469,-0.0089,0.2088,-0.0107,-0.2750,0.6660,0.7707,0.4837,1.000,0.000,0.0000,0.0000,1.2384,-0.2556,0.2324,0,0.00,0.007,0.011,0.009,STANCE,1.2521,0.2862,0.2465,0,0.00,0.005,0.037,0.014,STANCE,0.9690,-0.3357,0.1165,0,0.00,0.071,0.119,0.100,SWING,0.9849,0.3587,0.0995,0,0.00,0.009,0.076,0.013,STANCE,0.7219,-0.1795,0.0162,0,0.00,0.008,0.049,0.034,STANCE,0.7387,0.2005,0.0185,0,0.00,0.005,0.056,0.034,STANCE
61.169,4112,placemove,0.9360,0.0131,0.2738,0.0201,-0.5252,-0.0072,0.2715,0.0525,-0.2896,-0.1668,1.4805,0.0798,1.000,0.000,0.0000,0.0000,1.2430,-0.2534,0.2193,0,0.00,0.093,0.188,0.031,STANCE,1.2537,0.2885,0.2360,0,0.00,0.083,0.151,0.036,STANCE,0.9734,-0.3366,0.1235,0,0.00,0.192,0.106,0.115,SWING,0.9843,0.3601,0.0927,0,0.00,0.128,0.118,0.028,STANCE,0.7224,-0.1790,0.0141,1,11.74,0.390,1.580,2.940,STANCE,0.7367,0.2008,0.0172,0,0.00,0.100,0.054,0.000,STANCE
61.218,4116,placemove,0.9416,0.0144,0.2698,0.0219,-0.4987,-0.0035,0.3881,0.0522,-0.2519,0.5362,1.7323,0.5750,1.000,0.000,0.0000,0.0000,1.2490,-0.2505,0.2058,0,0.00,0.060,0.290,0.014,STANCE,1.2575,0.2914,0.2220,0,0.00,0.019,0.017,0.023,STANCE,0.9845,-0.3368,0.1362,1,9.83,2.940,1.456,1.483,SWING,0.9853,0.3616,0.0836,0,0.00,0.048,0.268,0.061,STANCE,0.7228,-0.1790,0.0140,1,6.76,2.723,0.128,0.781,STANCE,0.7365,0.2009,0.0149,0,0.00,0.084,0.203,0.034,STANCE
61.267,4120,placemove,0.9484,0.0154,0.2645,0.0197,-0.4724,0.0074,0.4034,0.0550,-0.3807,-0.1003,1.7050,0.6026,1.000,0.000,0.0000,0.0000,1.2572,-0.2459,0.1933,0,0.00,0.039,0.075,0.001,STANCE,1.2593,0.2961,0.2083,0,0.00,0.028,0.038,0.008,STANCE,0.9832,-0.3343,0.1164,0,0.00,0.065,0.074,0.097,SWING,0.9837,0.3627,0.0749,0,0.00,0.020,0.112,0.013,STANCE,0.7237,-0.1816,0.0174,0,0.00,0.023,0.039,0.008,STANCE,0.7332,0.1988,0.0168,0,0.00,0.024,0.070,0.012,STANCE
61.294,4124,placemove,0.9543,0.0165,0.2565,0.0105,-0.4563,0.0115,0.3301,0.0747,-0.5689,-0.7667,0.4157,-0.3826,1.000,0.000,0.0000,0.0000,1.2622,-0.2445,0.1865,0,0.00,0.077,0.088,0.106,STANCE,1.2613,0.2995,0.1961,0,0.00,0.051,0.096,0.102,STANCE,0.9781,-0.3292,0.1051,0,0.00,0.204,0.095,0.105,SWING,0.9827,0.3631,0.0655,0,0.00,0.051,0.103,0.101,STANCE,0.7257,-0.1840,0.0192,0,0.00,0.071,0.109,0.088,STANCE,0.7327,0.1958,0.0145,0,0.00,0.064,0.104,0.101,STANCE
61.355,4128,placemove,0.9598,0.0178,0.2456,0.0002,-0.4469,0.0081,0.3234,0.0880,-0.7100,-0.3471,0.6741,-0.4315,1.000,0.000,0.0000,0.0000,1.2632,-0.2470,0.1876,0,0.00,0.019,0.085,0.108,STANCE,1.2634,0.3013,0.1901,0,0.00,0.041,0.367,0.223,STANCE,0.9738,-0.3285,0.1080,0,0.00,0.088,0.049,0.112,SWING,0.9832,0.3622,0.0585,0,0.00,0.053,0.069,0.045,STANCE,0.7243,-0.1855,0.0210,0,0.00,0.041,0.140,0.038,STANCE,0.7332,0.1936,0.0147,0,0.00,0.049,0.117,0.067,STANCE
61.430,4132,placemove,0.9638,0.0173,0.2378,0.0160,-0.4387,0.0022,0.1990,-0.0332,-0.2133,-0.0080,1.7712,-0.0737,1.000,0.000,0.0000,0.0000,1.2646,-0.2471,0.1849,1,7.12,2.940,1.317,1.316,STANCE,1.2635,0.3006,0.1851,0,0.00,0.088,0.554,0.094,STANCE,0.9727,-0.3254,0.1050,0,0.00,0.241,0.604,0.080,SWING,0.9853,0.3617,0.0529,0,0.00,0.032,0.182,0.055,STANCE,0.7273,-0.1845,0.0130,1,32.66,2.940,2.940,2.940,STANCE,0.7295,0.1955,0.0168,0,0.00,0.182,0.041,0.015,STANCE
61.506,4136,placemove,0.9681,0.0169,0.2355,0.0211,-0.4142,-0.0042,0.2534,-0.0298,-0.1914,0.5377,1.4163,-0.1356,1.000,0.000,0.0000,0.0000,1.2632,-0.2487,0.1854,0,0.00,0.058,0.094,0.102,STANCE,1.2623,0.3017,0.1868,0,0.00,0.017,0.083,0.103,STANCE,0.9733,-0.3244,0.1143,0,0.00,0.401,0.100,0.106,SWING,0.9853,0.3627,0.0503,0,0.00,0.036,0.005,0.001,STANCE,0.7264,-0.1843,0.0146,0,0.00,0.062,0.049,0.026,STANCE,0.7267,0.1959,0.0231,0,0.00,0.040,0.004,0.006,STANCE
61.565,4140,placemove,0.9726,0.0163,0.2314,0.0294,-0.3950,-0.0066,0.2805,-0.0482,-0.2702,0.4933,1.3420,0.0897,1.000,0.000,0.0000,0.0000,1.2632,-0.2488,0.1849,1,15.31,2.940,2.940,1.251,STANCE,1.2610,0.3028,0.1901,0,0.00,0.080,0.111,0.105,STANCE,0.9853,-0.3234,0.1239,1,13.04,2.940,2.189,2.636,SWING,0.9853,0.3635,0.0485,0,0.00,0.032,0.134,0.014,STANCE,0.7267,-0.1840,0.0147,1,10.70,0.636,2.940,0.925,STANCE,0.7266,0.1961,0.0253,0,0.00,0.031,0.147,0.012,STANCE
61.636,4144,placemove,0.9776,0.0155,0.2259,0.0255,-0.3734,-0.0030,0.2998,-0.0511,-0.3963,-0.3039,1.1760,0.0807,1.000,0.000,0.0000,0.0000,1.2635,-0.2485,0.1849,1,0.94,0.164,0.177,0.354,STANCE,1.2596,0.3029,0.1887,0,0.00,0.018,0.114,0.100,STANCE,0.9791,-0.3246,0.1063,0,0.00,0.061,0.083,0.095,SWING,0.9847,0.3623,0.0421,0,0.00,0.012,0.023,0.004,STANCE,0.7278,-0.1863,0.0154,0,0.00,0.012,0.020,0.004,STANCE,0.7263,0.1939,0.0250,0,0.00,0.002,0.036,0.005,STANCE
61.686,4148,placemove,0.9825,0.0149,0.2200,0.0280,-0.3538,-0.0042,0.2601,-0.0328,-0.2440,0.6555,0.9923,0.0764,1.000,0.000,0.0000,0.0000,1.2638,-0.2485,0.1848,1,7.37,0.961,2.940,2.940,STANCE,1.2588,0.3007,0.1845,1,23.30,2.793,2.940,1.831,STANCE,0.9775,-0.3256,0.0893,0,0.00,0.115,0.076,0.088,SWING,0.9853,0.3616,0.0356,0,0.00,0.014,0.188,0.003,STANCE,0.7289,-0.1876,0.0144,1,19.49,2.919,2.940,0.799,STANCE,0.7269,0.1925,0.0238,0,0.00,0.062,0.037,0.014,STANCE
61.727,4152,placemove,0.9857,0.0138,0.2177,0.0404,-0.3384,-0.0069,0.1485,-0.0905,-0.0996,0.7896,0.7918,0.1543,1.000,0.000,0.0000,0.0000,1.2625,-0.2472,0.1854,0,0.00,0.002,0.168,0.099,STANCE,1.2590,0.3006,0.1843,1,13.48,0.596,2.940,0.766,STANCE,0.9756,-0.3226,0.0937,0,0.00,0.057,0.133,0.103,SWING,0.9846,0.3625,0.0367,0,0.00,0.002,0.092,0.001,STANCE,0.7293,-0.1877,0.0142,1,10.27,0.551,2.940,1.184,STANCE,0.7267,0.1927,0.0271,0,0.00,0.027,0.056,0.002,STANCE
61.748,4156,placemove,0.9876,0.0120,0.2169,0.0536,-0.3249,-0.0090,0.0866,-0.1127,-0.0277,0.6292,0.8310,0.1022,1.000,0.000,0.0000,0.0000,1.2597,-0.2457,0.1875,0,0.00,0.004,0.198,0.152,STANCE,1.2592,0.3004,0.1841,1,9.57,0.781,2.940,2.007,STANCE,0.9738,-0.3197,0.0994,0,0.00,0.032,0.176,0.100,SWING,0.9829,0.3630,0.0400,0,0.00,0.004,0.004,0.005,STANCE,0.7295,-0.1879,0.0141,1,5.13,0.497,2.940,2.072,STANCE,0.7255,0.1923,0.0318,0,0.00,0.006,0.021,0.002,STANCE
61.819,4160,placemove,0.9888,0.0112,0.2158,0.0557,-0.3168,-0.0113,0.0536,0.0230,-0.0648,-0.2476,0.0779,-0.1370,1.000,0.000,0.0000,0.0000,1.2587,-0.2450,0.1849,1,3.77,0.533,0.317,0.371,STANCE,1.2577,0.2981,0.1868,0,0.00,0.042,0.004,0.024,STANCE,0.9765,-0.3179,0.1097,0,0.00,0.449,0.158,0.108,SWING,0.9825,0.3625,0.0403,0,0.00,0.023,0.030,0.003,STANCE,0.7295,-0.1880,0.0143,1,1.48,0.840,0.426,0.125,STANCE,0.7251,0.1918,0.0339,0,0.00,0.005,0.017,0.001,STANCE
61.858,4164,placemove,0.9889,0.0113,0.2154,0.0549,-0.3168,-0.0119,-0.0028,-0.0071,0.0019,0.0445,-0.0050,-0.0217,1.000,0.000,0.0000,0.0000,1.2587,-0.2449,0.1849,1,4.63,2.212,1.180,1.533,STANCE,1.2582,0.2980,0.1848,1,3.74,0.384,0.614,0.169,STANCE,0.9858,-0.3156,0.1238,0,0.00,2.038,0.448,0.026,SWING,0.9828,0.3624,0.0392,0,0.00,0.025,0.026,0.006,STANCE,0.7296,-0.1880,0.0141,1,9.59,0.443,1.465,0.198,STANCE,0.7253,0.1918,0.0331,0,0.00,0.032,0.016,0.004,STANCE
61.895,4168,placemove,0.9890,0.0112,0.2155,0.0537,-0.3179,-0.0115,0.0001,-0.0020,-0.0058,0.0207,0.0105,-0.0309,1.000,0.000,0.0000,0.0000,1.2589,-0.2448,0.1856,0,0.00,0.024,0.033,0.002,STANCE,1.2582,0.2980,0.1847,1,5.30,0.178,0.851,0.052,STANCE,0.9786,-0.3181,0.1134,0,0.00,0.076,0.071,0.092,SWING,0.9828,0.3620,0.0388,0,0.00,0.021,0.030,0.000,STANCE,0.7301,-0.1886,0.0141,1,7.24,0.101,0.658,0.554,STANCE,0.7255,0.1912,0.0327,0,0.00,0.011,0.030,0.003,STANCE
61.931,4172,placemove,0.9892,0.0113,0.2151,0.0533,-0.3173,-0.0122,0.0103,0.0017,-0.0176,0.0015,0.0368,-0.0306,1.000,0.000,0.0000,0.0000,1.2590,-0.2448,0.1852,0,0.00,0.017,0.034,0.002,STANCE,1.2581,0.2980,0.1848,1,6.65,0.345,1.435,0.357,STANCE,0.9733,-0.3203,0.1000,0,0.00,0.114,0.075,0.096,SWING,0.9829,0.3620,0.0383,0,0.00,0.019,0.049,0.001,STANCE,0.7301,-0.1886,0.0140,1,8.79,0.299,1.097,0.365,STANCE,0.7256,0.1912,0.0324,0,0.00,0.004,0.042,0.002,STANCE
61.974,4176,placemove,0.9892,0.0113,0.2150,0.0535,-0.3171,-0.0127,0.0006,0.0013,-0.0046,-0.0012,-0.0023,-0.0225,1.000,0.000,0.0000,0.0000,1.2591,-0.2448,0.1850,1,1.22,0.020,0.157,0.004,STANCE,1.2582,0.2980,0.1848,1,4.93,0.340,1.189,0.444,STANCE,0.9700,-0.3211,0.1074,0,0.00,0.035,0.128,0.104,SWING,0.9830,0.3620,0.0382,0,0.00,0.021,0.033,0.000,STANCE,0.7301,-0.1886,0.0139,1,6.70,0.126,0.976,0.136,STANCE,0.7256,0.1912,0.0323,0,0.00,0.011,0.032,0.003,STANCE
61.994,4180,placemove,0.9892,0.0113,0.2149,0.0536,-0.3171,-0.0131,-0.0001,0.0008,-0.0037,0.0001,-0.0024,-0.0164,1.000,0.000,0.0000,0.0000,1.2591,-0.2448,0.1849,1,1.34,0.017,0.233,0.096,STANCE,1.2582,0.2980,0.1847,1,4.79,0.259,1.104,0.326,STANCE,0.9675,-0.3172,0.1178,0,0.00,0.028,0.168,0.032,SWING,0.9830,0.3620,0.0381,0,0.00,0.022,0.032,0.000,STANCE,0.7301,-0.1886,0.0139,1,6.51,0.065,1.004,0.082,STANCE,0.7256,0.1912,0.0322,0,0.00,0.012,0.031,0.003,STANCE
62.033,4184,placemove,0.9892,0.0113,0.2148,0.0536,-0.3172,-0.0134,0.0007,0.0006,-0.0031,0.0005,-0.0005,-0.0112,1.000,0.000,0.0000,0.0000,1.2591,-0.2448,0.1849,1,1.49,0.104,0.280,0.082,STANCE,1.2582,0.2980,0.1846,1,4.85,0.310,1.094,0.309,STANCE,0.9693,-0.3200,0.1295,0,0.00,0.421,0.153,0.012,SWING,0.9830,0.3620,0.0380,0,0.00,0.028,0.036,0.000,STANCE,0.7301,-0.1886,0.0138,1,6.26,0.313,0.965,0.106,STANCE,0.7256,0.1913,0.0321,0,0.00,0.012,0.037,0.003,STANCE
62.054,4188,placemove,0.9892,0.0113,0.2148,0.0535,-0.3172,-0.0136,0.0000,0.0003,-0.0029,-0.0008,-0.0017,-0.0095,1.000,0.000,0.0000,0.0000,1.2591,-0.2448,0.1849,1,1.58,0.201,0.375,0.277,STANCE,1.2582,0.2980,0.1845,1,4.73,0.143,1.034,0.219,STANCE,0.9795,-0.3232,0.1438,0,0.00,0.116,0.151,0.002,SWING,0.9830,0.3620,0.0379,0,0.00,0.022,0.032,0.000,STANCE,0.7301,-0.1886,0.0138,1,6.38,0.173,1.009,0.075,STANCE,0.7256,0.1912,0.0320,0,0.00,0.012,0.031,0.003,STANCE
62.101,4192,placemove,0.9892,0.0113,0.2148,0.0534,-0.3174,-0.0136,-0.0026,0.0023,-0.0023,0.0024,0.0029,-0.0175,1.000,0.000,0.0000,0.0000,1.2591,-0.2448,0.1850,1,2.07,0.457,0.528,0.476,STANCE,1.2582,0.2980,0.1845,1,4.55,0.071,0.867,0.096,STANCE,0.9806,-0.3268,0.1463,0,0.00,0.088,0.071,0.094,SWING,0.9830,0.3620,0.0378,0,0.00,0.021,0.030,0.000,STANCE,0.7302,-0.1886,0.0137,1,5.81,0.230,0.957,0.067,STANCE,0.7257,0.1912,0.0319,0,0.00,0.009,0.030,0.003,STANCE
62.122,4196,placemove,0.9892,0.0113,0.2147,0.0534,-0.3174,-0.0138,-0.0002,0.0007,-0.0023,-0.0010,0.0012,-0.0077,1.000,0.000,0.0000,0.0000,1.2591,-0.2449,0.1849,1,1.98,0.367,0.558,0.547,STANCE,1.2582,0.2980,0.1844,1,4.77,0.143,0.867,0.024,STANCE,0.9682,-0.3303,0.1318,0,0.00,0.092,0.070,0.094,SWING,0.9831,0.3620,0.0377,0,0.00,0.021,0.029,0.000,STANCE,0.7301,-0.1886,0.0137,1,5.87,0.529,0.984,0.047,STANCE,0.7258,0.1913,0.0315,0,0.00,0.011,0.093,0.002,STANCE
62.160,4200,placemove,0.9892,0.0113,0.2147,0.0534,-0.3174,-0.0139,0.0001,0.0004,-0.0034,-0.0015,-0.0018,-0.0050,1.000,0.000,0.0000,0.0000,1.2591,-0.2449,0.1849,1,2.48,0.522,0.615,0.563,STANCE,1.2582,0.2980,0.1844,1,5.13,0.071,0.971,0.067,STANCE,0.9627,-0.3324,0.1218,0,0.00,0.096,0.053,0.073,SWING,0.9831,0.3620,0.0377,0,0.00,0.024,0.020,0.001,STANCE,0.7301,-0.1886,0.0136,1,7.25,0.560,1.171,0.086,STANCE,0.7265,0.1914,0.0294,0,0.00,0.018,0.115,0.009,STANCE
62.181,4204,placemove,0.9892,0.0113,0.2146,0.0534,-0.3173,-0.0140,-0.0000,0.0004,-0.0021,-0.0025,-0.0000,-0.0035,1.000,0.000,0.0000,0.0000,1.2591,-0.2449,0.1849,1,1.94,0.378,0.595,0.634,STANCE,1.2582,0.2980,0.1843,1,4.85,0.242,0.861,0.029,STANCE,0.9603,-0.3269,0.1318,0,0.00,0.025,0.127,0.102,SWING,0.9831,0.3620,0.0376,0,0.00,0.022,0.030,0.000,STANCE,0.7301,-0.1886,0.0136,1,6.04,0.601,1.006,0.059,STANCE,0.7272,0.1915,0.0271,0,0.00,0.012,0.116,0.011,STANCE
62.216,4208,placemove,0.9892,0.0113,0.2146,0.0534,-0.3173,-0.0141,0.0001,0.0002,-0.0019,-0.0027,0.0004,-0.0029,1.000,0.000,0.0000,0.0000,1.2591,-0.2449,0.1848,1,2.09,0.252,0.652,0.638,STANCE,1.2582,0.2980,0.1843,1,4.90,0.220,0.838,0.078,STANCE,0.9585,-0.3257,0.1423,0,0.00,0.241,0.146,0.007,SWING,0.9831,0.3620,0.0376,0,0.00,0.024,0.031,0.000,STANCE,0.7301,-0.1886,0.0136,1,5.90,0.775,0.968,0.084,STANCE,0.7279,0.1916,0.0247,0,0.00,0.012,0.120,0.010,STANCE
62.237,4212,placemove,0.9892,0.0113,0.2146,0.0533,-0.3173,-0.0141,0.0002,-0.0001,-0.0017,-0.0010,0.0000,-0.0018,1.000,0.000,0.0000,0.0000,1.2591,-0.2449,0.1848,1,2.03,0.352,0.651,0.697,STANCE,1.2582,0.2980,0.1842,1,4.63,0.299,0.852,0.002,STANCE,0.9665,-0.3280,0.1560,0,0.00,0.108,0.157,0.013,SWING,0.9831,0.3620,0.0375,0,0.00,0.022,0.030,0.000,STANCE,0.7301,-0.1886,0.0136,1,6.22,0.660,0.928,0.172,STANCE,0.7287,0.1917,0.0224,0,0.00,0.013,0.116,0.011,STANCE
62.270,4216,placemove,0.9892,0.0113,0.2146,0.0533,-0.3173,-0.0141,0.0000,0.0002,-0.0014,-0.0014,-0.0003,-0.0016,1.000,0.000,0.0000,0.0000,1.2591,-0.2449,0.1848,1,2.12,0.393,0.698,0.770,STANCE,1.2582,0.2980,0.1842,1,4.52,0.355,0.835,0.014,STANCE,0.9777,-0.3300,0.1708,0,0.00,0.110,0.138,0.009,SWING,0.9831,0.3620,0.0375,0,0.00,0.022,0.030,0.000,STANCE,0.7301,-0.1886,0.0136,1,6.21,0.744,0.895,0.211,STANCE,0.7294,0.1918,0.0201,0,0.00,0.013,0.116,0.011,STANCE
62.291,4220,placemove,0.9892,0.0113,0.2145,0.0533,-0.3173,-0.0142,-0.0000,0.0002,-0.0013,-0.0016,-0.0005,-0.0014,1.000,0.000,0.0000,0.0000,1.2591,-0.2449,0.1848,1,2.13,0.415,0.707,0.793,STANCE,1.2582,0.2980,0.1842,1,4.48,0.392,0.828,0.020,STANCE,0.9884,-0.3340,0.1866,0,0.00,0.114,0.110,0.028,SWING,0.9831,0.3620,0.0375,0,0.00,0.022,0.030,0.000,STANCE,0.7301,-0.1886,0.0135,1,6.20,0.798,0.861,0.248,STANCE,0.7302,0.1919,0.0178,0,0.00,0.013,0.116,0.011,STANCE
62.327,4224,placemove,0.9892,0.0113,0.2145,0.0533,-0.3173,-0.0142,-0.0000,0.0003,-0.0012,-0.0017,-0.0006,-0.0012,1.000,0.000,0.0000,0.0000,1.2591,-0.2449,0.1848,1,2.11,0.415,0.715,0.813,STANCE,1.2582,0.2980,0.1841,1,4.45,0.419,0.814,0.037,STANCE,0.9991,-0.3388,0.2039,0,0.00,0.113,0.105,0.019,SWING,0.9831,0.3620,0.0375,0,0.00,0.022,0.030,0.000,STANCE,0.7301,-0.1886,0.0135,1,6.19,0.823,0.838,0.272,STANCE,0.7309,0.1921,0.0155,0,0.00,0.013,0.115,0.011,STANCE
62.401,4228,placemove,0.9892,0.0114,0.2147,0.0529,-0.3164,-0.0141,0.0072,0.0074,-0.0043,-0.0183,0.0056,-0.0027,1.000,0.000,0.0000,0.0000,1.2590,-0.2449,0.1848,1,1.59,0.263,0.719,0.688,STANCE,1.2581,0.2980,0.1842,1,1.57,0.261,0.223,0.014,STANCE,1.0117,-0.3393,0.2165,0,0.00,0.155,0.153,0.028,SWING,0.9829,0.3619,0.0376,0,0.00,0.035,0.057,0.002,STANCE,0.7299,-0.1887,0.0141,1,3.36,0.251,0.534,1.078,STANCE,0.7311,0.1921,0.0149,1,3.29,0.347,0.812,0.203,STANCE
62.444,4232,placemove,0.9893,0.0114,0.2147,0.0528,-0.3164,-0.0141,0.0013,0.0006,-0.0014,0.0018,-0.0016,-0.0014,1.000,0.000,0.0000,0.0000,1.2591,-0.2448,0.1848,1,2.33,0.582,0.824,0.540,STANCE,1.2582,0.2980,0.1842,1,2.80,0.234,0.391,0.180,STANCE,1.0303,-0.3398,0.2117,0,0.00,0.140,0.072,0.052,SWING,0.9830,0.3620,0.0375,0,0.00,0.022,0.032,0.000,STANCE,0.7301,-0.1886,0.0140,1,6.28,0.157,0.438,1.495,STANCE,0.7312,0.1921,0.0148,1,1.34,0.256,0.641,0.373,STANCE
62.465,4236,placemove,0.9893,0.0114,0.2147,0.0529,-0.3164,-0.0142,0.0006,-0.0001,-0.0006,0.0012,-0.0009,-0.0020,1.000,0.000,0.0000,0.0000,1.2591,-0.2448,0.1848,1,2.11,0.938,0.827,0.487,STANCE,1.2582,0.2980,0.1842,1,3.03,0.390,0.363,0.327,STANCE,1.0489,-0.3450,0.2094,0,0.00,0.308,0.074,0.100,SWING,0.9830,0.3620,0.0375,0,0.00,0.020,0.032,0.000,STANCE,0.7301,-0.1885,0.0140,1,5.59,0.079,0.499,1.453,STANCE,0.7312,0.1921,0.0148,1,1.01,0.233,0.561,0.355,STANCE
62.499,4240,placemove,0.9893,0.0114,0.2146,0.0529,-0.3164,-0.0142,-0.0002,-0.0002,-0.0010,0.0016,-0.0012,-0.0004,1.000,0.000,0.0000,0.0000,1.2591,-0.2448,0.1848,1,2.30,0.585,0.827,0.558,STANCE,1.2582,0.2980,0.1842,1,2.80,0.262,0.384,0.190,STANCE,1.0563,-0.3518,0.2027,0,0.00,0.001,0.075,0.102,SWING,0.9830,0.3620,0.0375,0,0.00,0.023,0.032,0.000,STANCE,0.7301,-0.1885,0.0140,1,6.26,0.072,0.468,1.528,STANCE,0.7312,0.1921,0.0148,1,1.20,0.292,0.635,0.385,STANCE
62.530,4244,placemove,0.9903,0.0114,0.2149,0.0528,-0.3166,-0.0142,0.1043,0.0018,0.0260,-0.0001,0.0073,-0.0280,1.000,0.000,0.0000,0.0000,1.2592,-0.2448,0.1848,1,1.78,0.674,0.753,0.567,SHIFT,1.2581,0.2981,0.1842,1,1.92,0.987,0.437,0.148,SHIFT,1.0611,-0.3589,0.1946,0,0.00,0.021,0.080,0.099,SHIFT,0.9830,0.3620,0.0374,0,0.00,0.091,0.021,0.001,SHIFT,0.7302,-0.1885,0.0139,1,3.57,0.686,0.046,0.705,SHIFT,0.7313,0.1921,0.0147,0,0.47,0.318,0.076,0.016,SHIFT
62.590,4248,placemove,0.9923,0.0114,0.2155,0.0528,-0.3166,-0.0144,0.1097,-0.0013,0.0300,0.0053,0.0083,-0.0281,1.000,0.000,0.0000,0.0000,1.2593,-0.2448,0.1848,1,2.06,0.915,0.775,0.403,SHIFT,1.2584,0.2981,0.1842,1,2.44,1.314,0.674,0.022,SHIFT,1.0657,-0.3658,0.1859,0,0.00,0.004,0.072,0.098,SHIFT,0.9833,0.3620,0.0374,0,0.00,0.089,0.021,0.000,SHIFT,0.7303,-0.1885,0.0139,1,2.85,0.610,0.343,0.191,SHIFT,0.7316,0.1922,0.0147,0,0.00,0.086,0.031,0.012,SHIFT
62.700,4252,placemove,0.9928,0.0131,0.2182,0.0366,-0.3199,-0.0141,0.0058,0.1214,0.1265,-1.2570,-0.2295,-0.3989,1.000,0.000,0.0000,0.0000,1.2572,-0.2448,0.1906,0,0.00,0.070,0.008,0.004,SHIFT,1.2571,0.2977,0.1872,0,0.00,0.072,0.095,0.104,SHIFT,1.0664,-0.3687,0.1851,0,0.00,0.084,0.102,0.098,SHIFT,0.9841,0.3612,0.0348,0,0.00,0.086,0.007,0.003,SHIFT,0.7289,-0.1886,0.0176,0,0.00,0.046,0.008,0.004,SHIFT,0.7317,0.1912,0.0180,0,0.00,0.042,0.102,0.100,SHIFT
62.742,4256,placemove,0.9928,0.0155,0.2193,0.0133,-0.3247,-0.0123,-0.0187,0.1847,0.0305,-1.4140,-0.1943,-0.2891,1.000,0.000,0.0000,0.0000,1.2541,-0.2445,0.1982,0,0.00,0.063,0.021,0.001,SHIFT,1.2529,0.2968,0.1935,0,0.00,0.060,0.110,0.014,SHIFT,1.0667,-0.3730,0.1850,1,3.06,0.098,0.278,1.065,SHIFT,0.9851,0.3595,0.0278,0,0.00,0.084,0.029,0.003,SHIFT,0.7268,-0.1891,0.0215,0,0.00,0.018,0.093,0.006,SHIFT,0.7278,0.1908,0.0240,0,0.00,0.092,0.227,0.072,SHIFT
62.763,4260,placemove,0.9924,0.0170,0.2199,-0.0195,-0.3329,-0.0069,-0.0362,0.0143,0.0331,-2.1127,-0.5889,-0.3616,1.000,0.000,0.0000,0.0000,1.2508,-0.2443,0.2077,0,0.00,0.050,0.270,0.042,SHIFT,1.2513,0.2976,0.1914,0,0.00,0.137,0.132,0.032,SHIFT,1.0667,-0.3707,0.1838,1,5.87,0.167,2.589,2.940,SHIFT,0.9858,0.3555,0.0176,0,0.00,0.051,0.358,0.071,SHIFT,0.7250,-0.1919,0.0258,0,0.00,0.154,0.128,0.017,SHIFT,0.7261,0.1883,0.0191,0,0.00,0.060,0.190,0.036,SHIFT
62.814,4264,placemove,0.9926,0.0163,0.2219,-0.0360,-0.3412,-0.0058,0.0608,-0.0560,0.1719,-0.8094,0.1446,-0.2805,1.000,0.000,0.0000,0.0000,1.2483,-0.2458,0.2163,0,0.00,0.170,0.064,0.003,SHIFT,1.2513,0.2957,0.1879,0,0.00,0.084,0.014,0.014,SHIFT,1.0666,-0.3689,0.1827,1,11.16,2.940,2.940,2.940,SHIFT,0.9849,0.3527,0.0170,0,0.00,0.090,0.181,0.092,SHIFT,0.7245,-0.1954,0.0283,0,0.00,0.101,0.196,0.010,SHIFT,0.7267,0.1854,0.0146,1,6.63,2.940,2.940,1.916,SHIFT
62.841,4268,placemove,0.9939,0.0157,0.2251,-0.0490,-0.3416,-0.0070,0.0703,-0.0292,0.2059,-0.6699,-0.1845,-0.4036,1.000,0.000,0.0000,0.0000,1.2469,-0.2474,0.2222,0,0.00,0.008,0.091,0.015,SHIFT,1.2523,0.2936,0.1849,1,1.36,0.903,0.612,0.265,SHIFT,1.0667,-0.3689,0.1828,1,8.17,0.921,2.940,2.940,SHIFT,0.9813,0.3506,0.0259,0,0.00,0.189,0.051,0.116,SHIFT,0.7232,-0.1976,0.0338,0,0.00,0.022,0.087,0.005,SHIFT,0.7270,0.1827,0.0145,1,3.94,2.534,1.302,0.725,SHIFT
62.891,4272,placemove,0.9953,0.0151,0.2288,-0.0631,-0.3446,-0.0088,0.0860,-0.0445,0.2256,-0.8445,-0.1908,-0.3736,1.000,0.000,0.0000,0.0000,1.2451,-0.2492,0.2294,0,0.00,0.060,0.048,0.012,SHIFT,1.2535,0.2912,0.1847,1,1.63,0.932,0.714,0.340,SHIFT,1.0667,-0.3693,0.1829,1,6.53,0.350,2.553,2.940,SHIFT,0.9791,0.3482,0.0353,0,0.00,0.096,0.096,0.110,SHIFT,0.7222,-0.1994,0.0389,0,0.00,0.081,0.030,0.001,SHIFT,0.7279,0.1803,0.0145,1,2.76,1.601,1.029,0.598,SHIFT
62.977,4276,placemove,0.9969,0.0143,0.2315,-0.0721,-0.3466,-0.0105,0.0970,-0.0479,0.1065,-0.3247,-0.0832,-0.2041,1.000,0.000,0.0000,0.0000,1.2438,-0.2508,0.2348,0,0.00,0.137,0.055,0.013,SHIFT,1.2543,0.2890,0.1848,1,0.90,0.444,0.387,0.201,SHIFT,1.0652,-0.3626,0.1833,1,5.98,1.244,2.139,2.673,SHIFT,0.9794,0.3440,0.0394,0,0.00,0.066,0.033,0.020,SHIFT,0.7215,-0.2010,0.0427,0,0.00,0.145,0.014,0.006,SHIFT,0.7286,0.1782,0.0145,1,2.82,1.625,1.082,0.609,SHIFT
63.026,4280,placemove,0.9989,0.0135,0.2327,-0.0748,-0.3473,-0.0116,0.1355,-0.0612,0.0656,-0.1422,-0.0322,-0.0435,1.000,0.000,0.0000,0.0000,1.2435,-0.2520,0.2365,0,0.00,0.075,0.055,0.008,SHIFT,1.2549,0.2877,0.1847,1,2.73,1.280,1.108,0.475,SHIFT,1.0645,-0.3594,0.1836,1,6.33,0.280,2.698,2.940,SHIFT,0.9809,0.3422,0.0373,0,0.00,0.078,0.104,0.011,SHIFT,0.7214,-0.2019,0.0439,0,0.00,0.078,0.008,0.003,SHIFT,0.7292,0.1772,0.0145,1,3.15,1.885,1.065,0.547,SHIFT
63.057,4284,placemove,1.0012,0.0121,0.2337,-0.0773,-0.3476,-0.0122,0.1206,-0.0991,0.0503,-0.2684,0.0394,-0.1751,1.000,0.000,0.0000,0.0000,1.2441,-0.2534,0.2376,0,0.00,0.036,0.066,0.012,STANCE,1.2558,0.2862,0.1846,0,0.00,0.144,0.095,0.024,STANCE,1.0645,-0.3594,0.1843,1,5.82,0.508,2.454,2.798,STANCE,0.9824,0.3405,0.0359,0,0.00,0.014,0.322,0.000,SWING,0.7220,-0.2034,0.0447,0,0.00,0.022,0.123,0.024,STANCE,0.7301,0.1756,0.0145,1,2.52,1.173,1.055,0.629,STANCE
63.098,4288,placemove,1.0023,0.0103,0.2344,-0.0805,-0.3479,-0.0124,0.0413,-0.1228,0.0262,-0.1126,-0.0264,-0.0516,1.000,0.000,0.0000,0.0000,1.2447,-0.2554,0.2392,0,0.00,0.040,0.005,0.005,STANCE,1.2571,0.2839,0.1843,1,4.03,1.634,1.729,0.970,STANCE,1.0647,-0.3575,0.1850,1,6.65,0.260,2.830,2.940,STANCE,0.9806,0.3388,0.0456,0,0.00,0.060,0.202,0.094,SWING,0.7228,-0.2056,0.0461,0,0.00,0.054,0.036,0.007,STANCE,0.7312,0.1733,0.0145,1,2.71,1.546,1.005,0.576,STANCE
63.133,4292,placemove,1.0029,0.0079,0.2346,-0.0816,-0.3481,-0.0132,0.0414,-0.1586,0.0074,-0.0231,-0.0123,-0.0701,1.000,0.000,0.0000,0.0000,1.2452,-0.2578,0.2399,0,0.00,0.009,0.025,0.005,STANCE,1.2579,0.2815,0.1842,1,1.70,0.798,0.825,0.502,STANCE,1.0650,-0.3570,0.1851,1,6.25,0.617,2.614,2.940,STANCE,0.9780,0.3364,0.0565,0,0.00,0.023,0.126,0.107,SWING,0.7233,-0.2079,0.0466,0,0.00,0.019,0.027,0.001,STANCE,0.7320,0.1709,0.0144,1,3.44,1.872,1.207,0.652,STANCE
63.164,4296,placemove,1.0037,0.0051,0.2348,-0.0826,-0.3482,-0.0142,0.0418,-0.1794,0.0112,-0.0526,-0.0128,-0.0701,1.000,0.000,0.0000,0.0000,1.2456,-0.2609,0.2403,0,0.00,0.003,0.021,0.002,STANCE,1.2590,0.2783,0.1841,1,3.57,1.544,1.650,1.000,STANCE,1.0649,-0.3572,0.1848,1,6.92,0.296,2.940,2.940,STANCE,0.9758,0.3329,0.0675,0,0.00,0.017,0.171,0.099,SWING,0.7238,-0.2106,0.0469,0,0.00,0.016,0.003,0.002,STANCE,0.7329,0.1682,0.0144,1,2.98,1.656,1.087,0.613,STANCE
63.202,4300,placemove,1.0044,0.0019,0.2350,-0.0839,-0.3483,-0.0148,0.0473,-0.2031,0.0115,-0.0987,0.0057,-0.0665,1.000,0.000,0.0000,0.0000,1.2464,-0.2644,0.2399,0,0.00,0.019,0.124,0.021,STANCE,1.2600,0.2748,0.1841,0,0.00,0.122,0.023,0.003,STANCE,1.0650,-0.3574,0.1847,1,8.54,2.085,2.630,2.940,STANCE,0.9751,0.3289,0.0789,0,0.00,0.288,0.080,0.116,SWING,0.7243,-0.2137,0.0473,0,0.00,0.020,0.064,0.001,STANCE,0.7338,0.1651,0.0144,1,4.33,2.345,1.586,0.874,STANCE
63.268,4304,placemove,1.0051,-0.0015,0.2351,-0.0862,-0.3478,-0.0144,0.0374,-0.1673,-0.0319,-0.4594,0.3179,0.1170,1.000,0.000,0.0000,0.0000,1.2477,-0.2683,0.2384,0,0.00,0.385,0.072,0.017,STANCE,1.2609,0.2710,0.1839,1,6.79,0.945,2.940,2.293,STANCE,1.0650,-0.3576,0.1846,1,4.08,0.061,1.700,2.114,STANCE,0.9855,0.3275,0.0938,1,13.14,2.940,2.523,2.628,SWING,0.7249,-0.2172,0.0478,0,0.00,0.188,0.292,0.038,STANCE,0.7347,0.1615,0.0143,1,6.45,2.940,2.443,1.352,STANCE
63.306,4308,placemove,1.0058,-0.0045,0.2352,-0.0866,-0.3478,-0.0149,0.0212,-0.1689,0.0141,-0.0422,-0.0293,-0.0140,1.000,0.000,0.0000,0.0000,1.2491,-0.2716,0.2363,0,0.00,0.028,0.137,0.011,STANCE,1.2617,0.2679,0.1834,1,2.70,1.017,1.295,0.872,STANCE,1.0651,-0.3572,0.1846,1,9.68,0.226,2.940,2.285,STANCE,0.9774,0.3221,0.0815,0,0.00,0.407,0.070,0.097,SWING,0.7254,-0.2202,0.0482,0,0.00,0.001,0.045,0.001,STANCE,0.7354,0.1585,0.0143,1,3.79,2.154,1.304,0.692,STANCE
63.346,4312,placemove,1.0059,-0.0053,0.2352,-0.0871,-0.3480,-0.0150,-0.0004,-0.0031,-0.0003,0.0087,-0.0089,0.0043,1.000,0.000,0.0000,0.0000,1.2500,-0.2731,0.2343,0,0.00,0.016,0.119,0.013,STANCE,1.2620,0.2666,0.1835,1,2.83,0.593,0.860,0.360,STANCE,1.0651,-0.3573,0.1845,1,6.69,0.439,1.905,1.467,STANCE,0.9736,0.3221,0.0830,0,0.00,0.054,0.130,0.103,SWING,0.7255,-0.2214,0.0484,0,0.00,0.001,0.032,0.001,STANCE,0.7357,0.1573,0.0143,1,3.43,1.369,0.894,0.336,STANCE
63.366,4316,placemove,1.0059,-0.0053,0.2352,-0.0870,-0.3482,-0.0148,-0.0008,-0.0013,-0.0011,0.0068,-0.0082,0.0082,1.000,0.000,0.0000,0.0000,1.2508,-0.2733,0.2321,0,0.00,0.016,0.116,0.015,STANCE,1.2621,0.2666,0.1835,1,3.05,0.151,0.937,0.522,STANCE,1.0651,-0.3573,0.1844,1,6.38,0.481,1.834,1.440,STANCE,0.9707,0.3197,0.0941,0,0.00,0.026,0.129,0.105,SWING,0.7256,-0.2214,0.0483,0,0.00,0.018,0.033,0.000,STANCE,0.7357,0.1573,0.0143,1,3.50,0.934,1.110,0.519,STANCE
63.404,4320,placemove,1.0059,-0.0054,0.2352,-0.0869,-0.3483,-0.0147,-0.0007,-0.0012,-0.0010,0.0065,-0.0068,0.0070,1.000,0.000,0.0000,0.0000,1.2516,-0.2736,0.2298,0,0.00,0.016,0.116,0.015,STANCE,1.2621,0.2666,0.1836,1,3.41,0.095,1.058,0.697,STANCE,1.0651,-0.3573,0.1843,1,6.25,0.427,1.765,1.343,STANCE,0.9680,0.3176,0.1049,0,0.00,0.024,0.160,0.041,SWING,0.7256,-0.2214,0.0482,0,0.00,0.018,0.033,0.000,STANCE,0.7357,0.1573,0.0142,1,3.23,0.667,1.216,0.652,STANCE
63.425,4324,placemove,1.0059,-0.0054,0.2352,-0.0868,-0.3484,-0.0146,-0.0006,-0.0011,-0.0011,0.0059,-0.0057,0.0058,1.000,0.000,0.0000,0.0000,1.2524,-0.2738,0.2275,0,0.00,0.016,0.115,0.015,STANCE,1.2621,0.2666,0.1837,1,3.74,0.362,1.140,0.833,STANCE,1.0651,-0.3573,0.1843,1,6.23,0.359,1.741,1.281,STANCE,0.9704,0.3217,0.1172,0,0.00,0.080,0.189,0.038,SWING,0.7256,-0.2214,0.0481,0,0.00,0.020,0.035,0.000,STANCE,0.7357,0.1573,0.0142,1,3.19,0.288,1.332,0.760,STANCE
63.463,4328,placemove,1.0059,-0.0054,0.2352,-0.0867,-0.3485,-0.0146,-0.0005,-0.0010,-0.0009,0.0055,-0.0047,0.0048,1.000,0.000,0.0000,0.0000,1.2532,-0.2740,0.2253,0,0.00,0.014,0.116,0.015,STANCE,1.2621,0.2666,0.1837,1,3.90,0.504,1.215,0.958,STANCE,1.0651,-0.3573,0.1842,1,6.09,0.259,1.691,1.193,STANCE,0.9818,0.3235,0.1323,0,0.00,0.109,0.191,0.024,SWING,0.7257,-0.2214,0.0479,0,0.00,0.018,0.087,0.004,STANCE,0.7357,0.1573,0.0142,1,2.94,0.074,1.377,0.832,STANCE
63.491,4332,placemove,1.0060,-0.0054,0.2352,-0.0865,-0.3487,-0.0148,-0.0070,0.0026,-0.0013,0.0064,-0.0115,0.0254,1.000,0.000,0.0000,0.0000,1.2541,-0.2743,0.2230,0,0.00,0.013,0.118,0.016,STANCE,1.2622,0.2665,0.1838,1,2.23,0.806,0.780,0.238,STANCE,1.0651,-0.3573,0.1842,1,5.68,0.178,1.740,1.336,STANCE,0.9779,0.3246,0.1280,0,0.00,0.084,0.072,0.091,SWING,0.7264,-0.2215,0.0459,0,0.00,0.018,0.120,0.017,STANCE,0.7359,0.1574,0.0142,1,5.24,1.152,0.430,0.383,STANCE
63.530,4336,placemove,1.0059,-0.0054,0.2352,-0.0865,-0.3489,-0.0146,-0.0024,-0.0001,-0.0013,0.0037,-0.0122,0.0083,1.000,0.000,0.0000,0.0000,1.2548,-0.2745,0.2208,0,0.00,0.015,0.116,0.015,STANCE,1.2621,0.2665,0.1839,1,2.09,0.574,0.793,0.419,STANCE,1.0651,-0.3573,0.1842,1,5.92,0.229,1.807,1.396,STANCE,0.9663,0.3243,0.1129,0,0.00,0.426,0.071,0.094,SWING,0.7272,-0.2217,0.0436,0,0.00,0.017,0.122,0.018,STANCE,0.7359,0.1574,0.0141,1,6.06,1.515,0.629,0.325,STANCE
63.551,4340,placemove,1.0059,-0.0054,0.2352,-0.0865,-0.3490,-0.0145,-0.0010,-0.0008,-0.0008,0.0048,-0.0087,0.0044,1.000,0.000,0.0000,0.0000,1.2556,-0.2747,0.2186,0,0.00,0.015,0.116,0.015,STANCE,1.2621,0.2666,0.1839,1,2.15,0.746,0.844,0.410,STANCE,1.0650,-0.3573,0.1841,1,6.08,0.158,1.830,1.387,STANCE,0.9610,0.3234,0.1199,0,0.00,0.045,0.128,0.104,SWING,0.7281,-0.2219,0.0412,0,0.00,0.018,0.122,0.018,STANCE,0.7359,0.1574,0.0141,1,5.01,1.134,0.730,0.070,STANCE
63.591,4344,placemove,1.0059,-0.0054,0.2352,-0.0864,-0.3492,-0.0144,-0.0008,-0.0007,-0.0008,0.0046,-0.0073,0.0031,1.000,0.000,0.0000,0.0000,1.2565,-0.2749,0.2163,0,0.00,0.015,0.116,0.015,STANCE,1.2620,0.2666,0.1839,1,2.37,0.517,0.892,0.509,STANCE,1.0650,-0.3573,0.1841,1,6.10,0.145,1.813,1.354,STANCE,0.9562,0.3268,0.1302,0,0.00,0.022,0.090,0.042,SWING,0.7289,-0.2222,0.0389,0,0.00,0.018,0.122,0.018,STANCE,0.7359,0.1574,0.0140,1,4.75,0.910,0.813,0.039,STANCE
63.612,4348,placemove,1.0059,-0.0054,0.2352,-0.0863,-0.3493,-0.0144,-0.0003,-0.0006,-0.0005,0.0044,-0.0034,0.0024,1.000,0.000,0.0000,0.0000,1.2573,-0.2752,0.2141,0,0.00,0.018,0.113,0.016,STANCE,1.2620,0.2666,0.1840,1,2.90,0.776,1.058,0.504,STANCE,1.0650,-0.3573,0.1841,1,6.08,0.111,1.775,1.301,STANCE,0.9545,0.3328,0.1421,0,0.00,0.605,0.172,0.037,SWING,0.7297,-0.2224,0.0366,0,0.00,0.021,0.128,0.019,STANCE,0.7359,0.1574,0.0140,1,3.85,0.384,0.859,0.216,STANCE
63.650,4352,placemove,1.0058,-0.0054,0.2351,-0.0863,-0.3494,-0.0144,-0.0005,-0.0007,-0.0007,0.0041,-0.0047,0.0021,1.000,0.000,0.0000,0.0000,1.2581,-0.2754,0.2118,0,0.00,0.015,0.116,0.016,STANCE,1.2620,0.2666,0.1840,1,2.85,0.260,1.051,0.714,STANCE,1.0650,-0.3573,0.1841,1,6.05,0.135,1.735,1.240,STANCE,0.9662,0.3339,0.1568,0,0.00,0.104,0.198,0.035,SWING,0.7306,-0.2226,0.0343,0,0.00,0.018,0.121,0.019,STANCE,0.7359,0.1574,0.0140,1,4.32,0.663,0.999,0.272,STANCE
63.671,4356,placemove,1.0058,-0.0054,0.2351,-0.0862,-0.3494,-0.0143,-0.0004,-0.0005,-0.0007,0.0040,-0.0040,0.0018,1.000,0.000,0.0000,0.0000,1.2589,-0.2756,0.2096,0,0.00,0.015,0.116,0.016,STANCE,1.2620,0.2666,0.1841,1,3.01,0.108,1.088,0.785,STANCE,1.0650,-0.3573,0.1840,1,6.02,0.115,1.719,1.213,STANCE,0.9781,0.3347,0.1715,0,0.00,0.110,0.152,0.009,SWING,0.7314,-0.2228,0.0320,0,0.00,0.018,0.121,0.018,STANCE,0.7359,0.1574,0.0140,1,4.18,0.523,1.023,0.312,STANCE
63.708,4360,placemove,1.0058,-0.0054,0.2351,-0.0862,-0.3495,-0.0143,-0.0003,-0.0004,-0.0006,0.0037,-0.0033,0.0016,1.000,0.000,0.0000,0.0000,1.2597,-0.2758,0.2073,0,0.00,0.015,0.116,0.016,STANCE,1.2620,0.2666,0.1841,1,3.15,0.032,1.107,0.829,STANCE,1.0650,-0.3573,0.1840,1,5.95,0.079,1.707,1.201,STANCE,0.9882,0.3408,0.1877,0,0.00,0.116,0.102,0.039,SWING,0.7322,-0.2230,0.0298,0,0.00,0.018,0.121,0.019,STANCE,0.7359,0.1574,0.0139,1,4.06,0.367,1.031,0.332,STANCE
63.729,4364,placemove,1.0058,-0.0054,0.2351,-0.0862,-0.3495,-0.0143,-0.0003,-0.0005,-0.0006,0.0031,-0.0025,0.0013,1.000,0.000,0.0000,0.0000,1.2605,-0.2761,0.2051,0,0.00,0.015,0.116,0.016,STANCE,1.2620,0.2666,0.1841,1,3.26,0.112,1.140,0.877,STANCE,1.0650,-0.3573,0.1840,1,5.89,0.044,1.687,1.175,STANCE,0.9978,0.3488,0.2057,0,0.00,0.115,0.101,0.017,SWING,0.7330,-0.2232,0.0275,0,0.00,0.019,0.121,0.019,STANCE,0.7359,0.1574,0.0139,1,3.96,0.254,1.050,0.363,STANCE
63.766,4368,placemove,1.0058,-0.0054,0.2351,-0.0861,-0.3496,-0.0143,-0.0002,-0.0005,-0.0006,0.0030,-0.0022,0.0012,1.000,0.000,0.0000,0.0000,1.2613,-0.2763,0.2028,0,0.00,0.015,0.116,0.016,STANCE,1.2620,0.2666,0.1841,1,3.39,0.128,1.195,0.929,STANCE,1.0650,-0.3573,0.1840,1,5.89,0.014,1.668,1.126,STANCE,1.0089,0.3492,0.2222,0,0.00,0.105,0.178,0.048,SWING,0.7338,-0.2235,0.0252,0,0.00,0.018,0.121,0.019,STANCE,0.7359,0.1574,0.0139,1,3.95,0.162,1.099,0.411,STANCE
63.796,4372,placemove,1.0058,-0.0055,0.2351,-0.0860,-0.3497,-0.0143,0.0006,0.0007,-0.0009,0.0016,-0.0007,0.0000,1.000,0.000,0.0000,0.0000,1.2621,-0.2765,0.2006,0,0.00,0.015,0.117,0.016,STANCE,1.2620,0.2666,0.1842,1,3.53,0.379,1.202,1.001,STANCE,1.0650,-0.3573,0.1840,1,5.70,0.136,1.602,1.004,STANCE,1.0271,0.3474,0.2187,0,0.00,0.142,0.113,0.060,SWING,0.7347,-0.2237,0.0229,0,0.00,0.019,0.121,0.019,STANCE,0.7359,0.1574,0.0139,1,4.00,0.235,1.072,0.369,STANCE
63.834,4376,placemove,1.0058,-0.0055,0.2351,-0.0859,-0.3497,-0.0143,0.0000,-0.0001,-0.0007,0.0014,-0.0011,0.0008,1.000,0.000,0.0000,0.0000,1.2630,-0.2767,0.1983,0,0.00,0.015,0.116,0.017,STANCE,1.2620,0.2666,0.1842,1,3.66,0.409,1.280,1.094,STANCE,1.0650,-0.3573,0.1839,1,5.64,0.152,1.593,1.003,STANCE,1.0458,0.3542,0.2169,0,0.00,0.143,0.070,0.098,SWING,0.7355,-0.2239,0.0207,0,0.00,0.018,0.121,0.019,STANCE,0.7359,0.1574,0.0139,1,3.92,0.257,1.104,0.411,STANCE
63.854,4380,placemove,1.0058,-0.0055,0.2351,-0.0859,-0.3497,-0.0143,-0.0001,-0.0002,-0.0006,0.0014,-0.0010,0.0009,1.000,0.000,0.0000,0.0000,1.2638,-0.2769,0.1961,0,0.00,0.015,0.116,0.017,SHIFT,1.2620,0.2666,0.1842,1,3.72,0.439,1.301,1.120,SHIFT,1.0650,-0.3573,0.1839,1,5.62,0.159,1.590,1.000,SHIFT,1.0655,0.3593,0.2151,0,0.00,0.144,0.069,0.098,SWING,0.7363,-0.2241,0.0184,0,0.00,0.018,0.121,0.019,SHIFT,0.7359,0.1574,0.0139,1,3.86,0.286,1.115,0.429,SHIFT
63.891,4384,placemove,1.0072,-0.0056,0.2356,-0.0859,-0.3499,-0.0144,0.0972,-0.0101,0.0325,-0.0049,0.0167,-0.0315,1.000,0.000,0.0000,0.0000,1.2646,-0.2772,0.1939,0,0.00,0.003,0.117,0.017,SHIFT,1.2619,0.2664,0.1842,1,2.88,1.299,0.737,0.222,SHIFT,1.0650,-0.3574,0.1839,1,3.86,0.963,1.203,0.438,SHIFT,1.0864,0.3628,0.2134,0,0.00,0.352,0.087,0.093,SHIFT,0.7371,-0.2244,0.0161,0,0.00,0.006,0.152,0.031,SHIFT,0.7360,0.1573,0.0138,1,0.59,0.149,0.269,0.177,SHIFT
63.971,4388,placemove,1.0088,-0.0053,0.2368,-0.0881,-0.3503,-0.0144,0.0736,0.0419,0.0807,-0.2043,-0.0336,-0.0627,1.000,0.000,0.0000,0.0000,1.2651,-0.2775,0.1925,1,7.12,0.472,0.760,1.001,SHIFT,1.2620,0.2663,0.1843,1,0.63,0.300,0.144,0.065,SHIFT,1.0647,-0.3573,0.1849,0,0.00,0.032,0.041,0.009,SHIFT,1.0947,0.3688,0.2060,0,0.00,0.027,0.067,0.104,SHIFT,0.7376,-0.2245,0.0150,0,0.00,0.020,0.047,0.015,SHIFT,0.7361,0.1573,0.0139,0,0.22,0.117,0.135,0.108,SHIFT
64.032,4392,placemove,1.0102,-0.0046,0.2383,-0.0924,-0.3514,-0.0140,0.0672,0.0489,0.0789,-0.1816,-0.0121,-0.0798,1.000,0.000,0.0000,0.0000,1.2652,-0.2774,0.1925,1,9.70,0.371,1.317,1.625,SHIFT,1.2619,0.2665,0.1843,1,1.56,0.028,0.117,0.590,SHIFT,1.0639,-0.3568,0.1873,0,0.00,0.021,0.058,0.012,SHIFT,1.0998,0.3754,0.1966,0,0.00,0.070,0.042,0.108,SHIFT,0.7374,-0.2245,0.0158,0,0.00,0.077,0.111,0.024,SHIFT,0.7361,0.1574,0.0138,0,0.00,0.054,0.123,0.052,SHIFT
64.079,4396,placemove,1.0116,-0.0037,0.2395,-0.0980,-0.3520,-0.0136,0.0816,0.0697,0.0772,-0.2954,0.0617,-0.1131,1.000,0.000,0.0000,0.0000,1.2652,-0.2773,0.1924,1,12.97,1.027,1.883,1.975,SHIFT,1.2613,0.2670,0.1855,0,0.00,0.060,0.038,0.009,SHIFT,1.0630,-0.3563,0.1896,0,0.00,0.013,0.046,0.007,SHIFT,1.1048,0.3815,0.1858,0,0.00,0.103,0.081,0.100,SHIFT,0.7376,-0.2246,0.0152,0,0.00,0.060,0.177,0.040,SHIFT,0.7361,0.1575,0.0138,1,2.44,0.700,0.910,1.180,SHIFT
64.146,4400,placemove,1.0115,-0.0044,0.2434,-0.0852,-0.3600,-0.0154,-0.0548,-0.0393,0.2490,1.3316,-0.9652,0.2216,1.000,0.000,0.0000,0.0000,1.2653,-0.2772,0.1923,1,4.59,1.756,2.231,1.151,SHIFT,1.2577,0.2676,0.1963,0,0.00,0.148,0.050,0.066,SHIFT,1.0624,-0.3562,0.1898,0,0.00,0.030,0.048,0.014,SHIFT,1.1055,0.3797,0.1831,1,6.51,1.739,2.940,2.940,SHIFT,0.7373,-0.2230,0.0178,0,0.00,0.065,0.080,0.129,SHIFT,0.7352,0.1585,0.0164,0,0.00,0.153,0.071,0.012,SHIFT
64.172,4404,placemove,1.0102,-0.0047,0.2470,-0.0553,-0.3851,-0.0228,-0.0773,-0.0174,0.1884,1.1974,-1.3980,0.2792,1.000,0.000,0.0000,0.0000,1.2653,-0.2755,0.1918,1,6.22,2.940,1.624,0.176,SHIFT,1.2538,0.2697,0.2163,0,0.00,0.003,0.146,0.013,SHIFT,1.0619,-0.3548,0.1847,1,18.63,2.940,2.940,0.723,SHIFT,1.1061,0.3673,0.1816,1,8.04,0.856,2.940,2.940,SHIFT,0.7387,-0.2155,0.0197,0,0.00,0.091,0.476,0.003,SHIFT,0.7374,0.1638,0.0173,0,0.00,0.022,0.335,0.042,SHIFT
64.218,4408,placemove,1.0096,-0.0055,0.2502,-0.0421,-0.3973,-0.0230,-0.0031,-0.0733,0.1973,0.4216,-0.2154,0.2420,1.000,0.000,0.0000,0.0000,1.2654,-0.2746,0.1921,1,5.19,2.544,0.864,0.475,SHIFT,1.2507,0.2702,0.2265,0,0.00,0.117,0.087,0.008,SHIFT,1.0617,-0.3550,0.1844,1,14.84,2.940,2.940,1.796,SHIFT,1.1059,0.3627,0.1809,1,6.14,0.074,2.940,2.940,SHIFT,0.7340,-0.2147,0.0232,0,0.00,0.083,0.143,0.002,SHIFT,0.7378,0.1655,0.0180,0,0.00,0.022,0.157,0.013,SHIFT
64.240,4412,placemove,1.0099,-0.0067,0.2537,-0.0370,-0.4002,-0.0207,0.0103,-0.0640,0.2080,0.3689,-0.1526,0.2259,1.000,0.000,0.0000,0.0000,1.2656,-0.2749,0.1919,1,15.93,2.487,1.779,1.429,SHIFT,1.2486,0.2697,0.2315,0,0.00,0.095,0.006,0.001,SHIFT,1.0616,-0.3553,0.1842,1,10.91,2.940,2.940,2.940,SHIFT,1.1058,0.3599,0.1795,1,6.34,0.548,2.940,2.940,SHIFT,0.7337,-0.2156,0.0227,0,0.00,0.017,0.199,0.036,SHIFT,0.7366,0.1649,0.0208,0,0.00,0.048,0.143,0.017,SHIFT
64.278,4416,placemove,1.0100,-0.0076,0.2571,-0.0291,-0.4063,-0.0202,0.0005,-0.0544,0.1859,0.4971,-0.3715,0.1437,1.000,0.000,0.0000,0.0000,1.2658,-0.2749,0.1918,1,10.35,2.847,0.606,0.002,SHIFT,1.2464,0.2696,0.2376,0,0.00,0.162,0.021,0.004,SHIFT,1.0612,-0.3552,0.1842,1,10.05,2.940,2.372,2.296,SHIFT,1.1055,0.3559,0.1784,1,6.10,0.141,2.940,2.940,SHIFT,0.7348,-0.2155,0.0200,0,0.00,0.015,0.186,0.033,SHIFT,0.7359,0.1652,0.0231,0,0.00,0.071,0.111,0.006,SHIFT
64.308,4420,placemove,1.0101,-0.0083,0.2598,-0.0220,-0.4140,-0.0204,0.0099,-0.0277,0.1158,0.2036,-0.3507,0.1398,1.000,0.000,0.0000,0.0000,1.2660,-0.2748,0.1917,1,13.62,2.646,0.725,0.689,SHIFT,1.2446,0.2693,0.2437,0,0.00,0.034,0.111,0.010,SHIFT,1.0609,-0.3552,0.1842,1,4.60,2.940,0.056,0.107,SHIFT,1.1045,0.3478,0.1784,0,0.00,0.064,0.028,0.056,SHIFT,0.7362,-0.2148,0.0162,0,0.00,0.109,0.250,0.050,SHIFT,0.7359,0.1659,0.0244,0,0.00,0.037,0.109,0.015,SHIFT
64.396,4424,placemove,1.0096,-0.0068,0.2632,-0.0223,-0.4232,-0.0232,-0.1018,0.1620,0.2232,0.4359,-0.8275,-0.2855,1.000,0.000,0.0000,0.0000,1.2663,-0.2747,0.1916,1,2.58,1.226,0.916,0.674,STANCE,1.2447,0.2696,0.2467,0,0.00,0.055,0.352,0.038,STANCE,1.0579,-0.3543,0.1869,0,0.00,0.029,0.233,0.031,STANCE,1.1046,0.3405,0.1779,1,7.30,1.656,2.940,2.940,STANCE,0.7361,-0.2129,0.0177,0,0.00,0.108,0.023,0.044,SWING,0.7369,0.1679,0.0246,0,0.00,0.033,0.239,0.042,STANCE
64.434,4428,placemove,1.0075,-0.0040,0.2656,-0.0205,-0.4426,-0.0318,-0.1423,0.1709,0.0943,-0.0744,-1.3943,-0.5629,1.000,0.000,0.0000,0.0000,1.2659,-0.2742,0.1914,0,0.00,0.014,0.339,0.133,STANCE,1.2482,0.2700,0.2486,0,0.00,0.025,0.266,0.039,STANCE,1.0538,-0.3517,0.1893,0,0.00,0.032,0.006,0.000,STANCE,1.1054,0.3351,0.1835,0,0.00,0.029,0.109,0.032,STANCE,0.7339,-0.2063,0.0262,0,0.00,0.044,0.181,0.087,SWING,0.7408,0.1740,0.0229,0,0.00,0.029,0.071,0.011,STANCE
64.508,4432,placemove,1.0033,-0.0019,0.2670,-0.0155,-0.4679,-0.0361,-0.2880,0.1119,0.0308,0.2206,-1.4585,-0.0370,1.000,0.000,0.0000,0.0000,1.2659,-0.2736,0.1902,0,0.00,0.025,0.396,0.190,STANCE,1.2505,0.2703,0.2495,0,0.00,0.037,0.220,0.044,STANCE,1.0494,-0.3495,0.1903,0,0.00,0.038,0.019,0.002,STANCE,1.1077,0.3359,0.1844,0,0.00,0.066,0.141,0.029,STANCE,0.7326,-0.2009,0.0314,0,0.00,0.068,0.161,0.090,SWING,0.7448,0.1792,0.0176,0,0.00,0.030,0.222,0.025,STANCE
64.569,4436,placemove,0.9996,-0.0013,0.2686,-0.0113,-0.4728,-0.0333,-0.1548,-0.0171,0.2558,-0.1382,-0.0768,0.3027,1.000,0.000,0.0000,0.0000,1.2657,-0.2728,0.1852,1,13.69,0.031,0.737,2.940,STANCE,1.2501,0.2709,0.2479,0,0.00,0.018,0.206,0.040,STANCE,1.0458,-0.3481,0.1895,0,0.00,0.219,0.032,0.004,STANCE,1.1069,0.3371,0.1845,0,0.00,0.000,0.231,0.027,STANCE,0.7272,-0.1991,0.0407,0,0.00,0.069,0.414,0.040,SWING,0.7462,0.1808,0.0137,1,27.37,0.938,1.109,2.940,STANCE
64.639,4440,placemove,0.9972,-0.0015,0.2707,-0.0177,-0.4721,-0.0274,-0.1416,-0.0108,0.0544,-0.2787,0.2289,0.1412,1.000,0.000,0.0000,0.0000,1.2608,-0.2749,0.1953,0,0.00,0.035,0.084,0.103,STANCE,1.2485,0.2704,0.2484,0,0.00,0.040,0.056,0.007,STANCE,1.0432,-0.3486,0.1932,0,0.00,0.047,0.003,0.001,STANCE,1.1010,0.3353,0.1924,0,0.00,0.038,0.160,0.011,STANCE,0.7164,-0.2035,0.0554,0,0.00,0.166,0.163,0.003,SWING,0.7407,0.1809,0.0198,0,0.00,0.055,0.074,0.037,STANCE
64.657,4444,placemove,0.9947,-0.0017,0.2703,-0.0213,-0.4697,-0.0240,-0.1544,-0.0104,-0.0887,-0.2218,0.0326,0.0496,1.000,0.000,0.0000,0.0000,1.2539,-0.2749,0.2024,0,0.00,0.069,0.032,0.046,STANCE,1.2472,0.2700,0.2450,0,0.00,0.063,0.085,0.014,STANCE,1.0405,-0.3490,0.1931,0,0.00,0.076,0.062,0.008,STANCE,1.0961,0.3364,0.1970,0,0.00,0.062,0.037,0.014,STANCE,0.7151,-0.2074,0.0694,0,0.00,0.387,0.105,0.104,SWING,0.7371,0.1806,0.0210,0,0.00,0.086,0.009,0.001,STANCE
64.692,4448,placemove,0.9921,-0.0017,0.2673,-0.0255,-0.4702,-0.0225,-0.1597,-0.0061,-0.2498,-0.2177,-0.0157,-0.0300,1.000,0.000,0.0000,0.0000,1.2506,-0.2746,0.1993,0,0.00,0.090,0.042,0.010,STANCE,1.2463,0.2691,0.2396,0,0.00,0.082,0.081,0.015,STANCE,1.0380,-0.3495,0.1894,0,0.00,0.106,0.065,0.014,STANCE,1.0941,0.3360,0.1938,0,0.00,0.080,0.006,0.003,STANCE,0.7170,-0.2145,0.0815,0,0.00,0.564,0.112,0.105,SWING,0.7350,0.1804,0.0178,0,0.00,0.119,0.034,0.004,STANCE
64.728,4452,placemove,0.9900,-0.0014,0.2635,-0.0299,-0.4665,-0.0227,-0.0320,0.0905,-0.0291,-0.8308,0.4625,-0.3557,1.000,0.000,0.0000,0.0000,1.2484,-0.2755,0.1921,0,0.00,0.382,0.618,0.047,STANCE,1.2461,0.2682,0.2315,0,0.00,0.088,0.107,0.018,STANCE,1.0361,-0.3497,0.1842,1,33.15,2.940,2.940,2.925,STANCE,1.0933,0.3356,0.1875,0,0.00,0.132,0.045,0.005,STANCE,0.7210,-0.2229,0.0934,0,0.00,0.535,0.465,0.104,SWING,0.7337,0.1805,0.0141,1,29.69,2.940,1.290,2.940,STANCE
64.783,4456,placemove,0.9880,-0.0007,0.2677,-0.0363,-0.4685,-0.0189,-0.2382,-0.0267,0.4180,0.3000,-0.2551,0.3029,1.000,0.000,0.0000,0.0000,1.2498,-0.2756,0.1902,0,0.00,0.014,0.322,0.180,STANCE,1.2488,0.2680,0.2257,0,0.00,0.084,0.558,0.070,STANCE,1.0361,-0.3498,0.1838,1,6.21,0.097,1.869,1.085,STANCE,1.0946,0.3356,0.1842,1,15.47,0.856,2.551,0.371,STANCE,0.7266,-0.2289,0.1130,0,0.00,0.329,0.021,0.120,SWING,0.7321,0.1805,0.0151,0,0.00,0.030,0.273,0.024,STANCE
64.815,4460,placemove,0.9837,-0.0011,0.2738,-0.0335,-0.4711,-0.0156,-0.2482,-0.0234,0.2864,0.1176,-0.0576,0.2802,1.000,0.000,0.0000,0.0000,1.2503,-0.2754,0.1900,0,0.00,0.003,0.172,0.057,STANCE,1.2470,0.2684,0.2273,0,0.00,0.016,0.157,0.040,STANCE,1.0356,-0.3499,0.1845,0,0.00,0.014,0.120,0.025,STANCE,1.0926,0.3356,0.1857,0,0.00,0.014,0.096,0.026,STANCE,0.7273,-0.2279,0.1295,0,0.00,0.048,0.114,0.100,SWING,0.7298,0.1800,0.0172,0,0.00,0.015,0.193,0.042,STANCE
64.850,4464,placemove,0.9796,-0.0015,0.2771,-0.0323,-0.4693,-0.0122,-0.2444,-0.0176,0.1346,-0.1366,0.5488,0.1194,1.000,0.000,0.0000,0.0000,1.2493,-0.2748,0.1889,0,0.00,0.006,0.119,0.037,STANCE,1.2438,0.2690,0.2272,0,0.00,0.005,0.089,0.024,STANCE,1.0338,-0.3500,0.1855,0,0.00,0.002,0.047,0.011,STANCE,1.0884,0.3357,0.1872,0,0.00,0.005,0.078,0.014,STANCE,0.7280,-0.2243,0.1407,0,0.00,0.017,0.120,0.101,SWING,0.7268,0.1788,0.0174,0,0.00,0.005,0.120,0.030,STANCE
64.879,4468,placemove,0.9758,-0.0017,0.2780,-0.0324,-0.4637,-0.0133,-0.1951,-0.0012,-0.0083,0.2523,-0.0933,-0.4649,1.000,0.000,0.0000,0.0000,1.2463,-0.2751,0.1858,0,0.00,0.005,0.093,0.024,STANCE,1.2407,0.2687,0.2235,0,0.00,0.000,0.090,0.018,STANCE,1.0300,-0.3503,0.1856,0,0.00,0.004,0.085,0.009,STANCE,1.0850,0.3353,0.1850,0,0.03,0.016,0.036,0.006,STANCE,0.7376,-0.2186,0.1345,0,0.00,0.002,0.091,0.103,SWING,0.7223,0.1780,0.0174,0,0.00,0.002,0.110,0.023,STANCE
64.937,4472,placemove,0.9738,-0.0013,0.2764,-0.0346,-0.4748,-0.0147,-0.1105,0.0272,-0.1766,-0.1245,-0.6085,-0.1080,1.000,0.000,0.0000,0.0000,1.2427,-0.2768,0.1922,0,0.00,0.003,0.027,0.116,SHIFT,1.2382,0.2684,0.2278,0,0.00,0.009,0.284,0.054,SHIFT,1.0255,-0.3492,0.1898,0,0.00,0.000,0.037,0.110,SHIFT,1.0818,0.3346,0.1892,0,0.00,0.001,0.171,0.096,SHIFT,0.7374,-0.2212,0.1212,0,0.00,0.006,0.116,0.095,SWING,0.7216,0.1789,0.0166,0,0.00,0.006,0.288,0.064,SHIFT
64.960,4476,placemove,0.9725,-0.0012,0.2731,-0.0288,-0.4747,-0.0167,-0.0193,-0.0458,-0.1784,0.6067,0.6020,0.0834,1.000,0.000,0.0000,0.0000,1.2369,-0.2796,0.1988,0,0.00,0.136,0.250,0.073,SHIFT,1.2351,0.2688,0.2265,0,0.00,0.218,0.132,0.003,SHIFT,1.0178,-0.3478,0.1947,0,0.00,0.180,0.104,0.051,SHIFT,1.0744,0.3356,0.1965,0,0.00,0.209,0.270,0.076,SHIFT,0.7381,-0.2221,0.1059,0,0.00,0.133,0.118,0.040,SHIFT,0.7206,0.1794,0.0142,1,12.29,0.386,1.538,2.940,SHIFT
64.993,4480,placemove,0.9736,-0.0030,0.2709,-0.0193,-0.4625,-0.0217,0.1318,-0.1437,-0.1183,0.4760,0.6369,-0.0676,1.000,0.000,0.0000,0.0000,1.2320,-0.2764,0.1905,0,0.00,0.166,0.294,0.032,SHIFT,1.2361,0.2674,0.2185,0,0.00,0.183,0.183,0.037,SHIFT,1.0149,-0.3498,0.1893,0,0.00,0.189,0.181,0.024,SHIFT,1.0723,0.3355,0.1969,0,0.00,0.171,0.068,0.005,SHIFT,0.7394,-0.2220,0.0938,0,0.00,0.153,0.166,0.034,SHIFT,0.7206,0.1793,0.0139,1,10.61,0.663,1.746,2.940,SHIFT
65.050,4484,placemove,0.9767,-0.0051,0.2702,-0.0199,-0.4599,-0.0255,0.2161,-0.1074,-0.0431,-0.1991,-0.2351,-0.2896,1.000,0.000,0.0000,0.0000,1.2314,-0.2792,0.1869,0,0.00,0.084,0.064,0.026,SHIFT,1.2396,0.2639,0.2139,0,0.00,0.079,0.002,0.014,SHIFT,1.0142,-0.3520,0.1864,0,0.00,0.093,0.269,0.015,SHIFT,1.0757,0.3329,0.1939,0,0.00,0.080,0.018,0.012,SHIFT,0.7454,-0.2210,0.0834,0,0.00,0.071,0.077,0.019,SHIFT,0.7202,0.1794,0.0147,0,0.00,0.029,0.018,0.044,SHIFT
65.085,4488,placemove,0.9802,-0.0069,0.2683,-0.0254,-0.4635,-0.0282,0.2039,-0.1088,-0.1791,-0.3556,-0.1238,-0.3524,1.000,0.000,0.0000,0.0000,1.2286,-0.2829,0.1921,0,0.00,0.082,0.059,0.018,SHIFT,1.2444,0.2599,0.2098,0,0.00,0.067,0.053,0.013,SHIFT,1.0127,-0.3543,0.1875,0,0.00,0.094,0.009,0.003,SHIFT,1.0811,0.3301,0.1890,0,0.00,0.075,0.057,0.011,SHIFT,0.7541,-0.2195,0.0719,0,0.00,0.078,0.097,0.014,SHIFT,0.7181,0.1803,0.0165,0,0.00,0.024,0.002,0.016,SHIFT
65.133,4492,placemove,0.9827,-0.0085,0.2676,-0.0231,-0.4572,-0.0274,-0.0191,-0.0246,0.2804,-0.1049,0.0274,0.1415,1.000,0.000,0.0000,0.0000,1.2296,-0.2846,0.1849,1,26.23,2.178,2.940,2.940,SHIFT,1.2476,0.2577,0.2031,0,0.00,0.019,0.487,0.044,SHIFT,1.0123,-0.3556,0.1847,1,8.78,1.936,0.992,2.940,SHIFT,1.0837,0.3286,0.1848,1,11.49,2.940,2.940,0.743,SHIFT,0.7606,-0.2184,0.0608,0,0.00,0.082,0.013,0.064,SHIFT,0.7193,0.1800,0.0141,1,22.26,2.940,0.232,2.940,SHIFT
65.197,4496,placemove,0.9822,-0.0085,0.2713,-0.0248,-0.4605,-0.0256,-0.0264,-0.0022,0.1452,-0.1039,-0.1504,0.0252,1.000,0.000,0.0000,0.0000,1.2286,-0.2852,0.1862,0,0.00,0.082,0.024,0.015,SHIFT,1.2478,0.2570,0.2034,0,0.00,0.069,0.076,0.021,SHIFT,1.0106,-0.3559,0.1863,0,0.00,0.095,0.020,0.005,SHIFT,1.0834,0.3281,0.1858,0,0.00,0.076,0.001,0.005,SHIFT,0.7661,-0.2163,0.0543,0,0.00,0.077,0.114,0.014,SHIFT,0.7188,0.1802,0.0146,0,0.00,0.027,0.017,0.005,SHIFT
65.227,4500,placemove,0.9825,-0.0089,0.2726,-0.0300,-0.4667,-0.0244,0.0111,-0.0260,0.0134,-0.2456,-0.3423,-0.0771,1.000,0.000,0.0000,0.0000,1.2251,-0.2866,0.1925,0,0.00,0.081,0.017,0.038,SHIFT,1.2487,0.2555,0.2025,0,0.00,0.067,0.086,0.020,SHIFT,1.0091,-0.3567,0.1868,0,0.00,0.092,0.071,0.010,SHIFT,1.0817,0.3272,0.1897,0,0.00,0.079,0.010,0.024,SHIFT,0.7742,-0.2137,0.0462,0,0.00,0.074,0.114,0.016,SHIFT,0.7172,0.1801,0.0175,0,0.00,0.028,0.054,0.036,SHIFT
65.276,4504,placemove,0.9831,-0.0090,0.2725,-0.0338,-0.4690,-0.0227,0.1089,0.0164,0.0649,-0.1638,0.0897,0.0707,1.000,0.000,0.0000,0.0000,1.2239,-0.2875,0.1917,0,0.00,0.336,0.138,0.025,SHIFT,1.2493,0.2544,0.1995,0,0.00,0.164,0.193,0.039,SHIFT,1.0084,-0.3572,0.1849,1,6.71,2.940,0.341,0.219,SHIFT,1.0820,0.3266,0.1870,0,0.00,0.171,0.136,0.019,SHIFT,0.7827,-0.2106,0.0373,0,0.00,0.257,0.197,0.045,SHIFT,0.7175,0.1799,0.0147,1,14.26,2.366,0.382,2.285,SHIFT
65.339,4508,placemove,0.9851,-0.0090,0.2735,-0.0351,-0.4675,-0.0205,0.0734,-0.0097,0.0730,0.0341,0.0501,0.1048,1.000,0.000,0.0000,0.0000,1.2251,-0.2876,0.1896,0,0.00,0.030,0.084,0.015,SHIFT,1.2507,0.2543,0.1970,0,0.00,0.037,0.057,0.012,SHIFT,1.0085,-0.3572,0.1847,1,3.35,0.694,1.115,0.345,SHIFT,1.0833,0.3265,0.1849,1,2.72,0.664,1.079,0.475,SHIFT,0.7928,-0.2071,0.0306,0,0.00,0.025,0.043,0.010,SHIFT,0.7175,0.1799,0.0148,0,0.00,0.033,0.088,0.018,SHIFT
65.451,4512,placemove,0.9856,-0.0090,0.2767,-0.0354,-0.4672,-0.0189,-0.0268,0.0159,0.2661,-0.0485,-0.0221,0.0589,1.000,0.000,0.0000,0.0000,1.2262,-0.2877,0.1871,0,0.00,0.073,0.205,0.047,SHIFT,1.2517,0.2542,0.1947,0,0.00,0.069,0.212,0.047,SHIFT,1.0085,-0.3574,0.1845,0,0.00,0.084,0.063,0.011,SHIFT,1.0833,0.3266,0.1847,0,0.22,0.068,0.072,0.083,SHIFT,0.8009,-0.2043,0.0246,0,0.00,0.052,0.166,0.038,SHIFT,0.7175,0.1799,0.0149,0,0.00,0.030,0.192,0.045,SHIFT
65.473,4516,placemove,0.9851,-0.0088,0.2809,-0.0366,-0.4704,-0.0170,-0.0372,0.0149,0.1731,-0.0893,-0.3736,0.1374,1.000,0.000,0.0000,0.0000,1.2276,-0.2877,0.1859,0,0.00,0.004,0.156,0.044,STANCE,1.2530,0.2542,0.1934,0,0.00,0.001,0.154,0.041,STANCE,1.0089,-0.3573,0.1849,0,0.00,0.021,0.113,0.021,STANCE,1.0835,0.3265,0.1849,0,0.00,0.012,0.100,0.018,STANCE,0.8084,-0.2021,0.0196,0,0.00,0.014,0.137,0.023,STANCE,0.7166,0.1797,0.0183,0,0.00,0.009,0.129,0.029,SWING
65.538,4520,placemove,0.9835,-0.0085,0.2829,-0.0365,-0.4681,-0.0161,-0.0878,0.0201,0.0195,0.1681,0.2706,0.0998,1.000,0.000,0.0000,0.0000,1.2266,-0.2878,0.1871,0,0.00,0.032,0.017,0.043,STANCE,1.2519,0.2545,0.1937,0,0.00,0.010,0.163,0.008,STANCE,1.0070,-0.3566,0.1877,0,0.00,0.010,0.010,0.035,STANCE,1.0813,0.3266,0.1876,0,0.00,0.005,0.083,0.025,STANCE,0.8171,-0.1977,0.0168,0,0.00,0.002,0.096,0.089,STANCE,0.7116,0.1790,0.0320,0,0.00,0.012,0.065,0.110,SWING
65.556,4524,placemove,0.9820,-0.0082,0.2818,-0.0331,-0.4668,-0.0158,-0.0999,0.0198,-0.1163,0.1041,-0.0871,0.0686,1.000,0.000,0.0000,0.0000,1.2215,-0.2879,0.1938,0,0.00,0.007,0.000,0.061,STANCE,1.2486,0.2556,0.1957,0,0.00,0.003,0.057,0.001,STANCE,1.0016,-0.3556,0.1941,0,0.00,0.002,0.097,0.035,STANCE,1.0745,0.3276,0.1967,0,0.00,0.004,0.103,0.047,STANCE,0.8175,-0.1951,0.0171,0,0.00,0.007,0.063,0.001,STANCE,0.7072,0.1787,0.0437,0,0.00,0.005,0.075,0.107,SWING
65.603,4528,placemove,0.9806,-0.0077,0.2787,-0.0373,-0.4651,-0.0138,-0.0640,0.0290,-0.2566,-0.3321,0.3298,0.0034,1.000,0.000,0.0000,0.0000,1.2178,-0.2868,0.1953,0,0.00,0.006,0.069,0.105,STANCE,1.2461,0.2564,0.1946,0,0.00,0.002,0.098,0.100,STANCE,0.9996,-0.3556,0.1932,0,0.00,0.000,0.032,0.007,STANCE,1.0720,0.3283,0.1954,0,0.00,0.001,0.092,0.039,STANCE,0.8146,-0.1952,0.0176,0,0.00,0.002,0.072,0.105,STANCE,0.6897,0.1832,0.0517,0,0.00,0.004,0.118,0.098,SWING
65.622,4532,placemove,0.9795,-0.0073,0.2730,-0.0429,-0.4614,-0.0105,-0.0811,0.0254,-0.4006,-0.2802,0.0778,0.0929,1.000,0.000,0.0000,0.0000,1.2124,-0.2865,0.1988,0,0.00,0.018,0.049,0.029,STANCE,1.2403,0.2573,0.1952,0,0.00,0.041,0.005,0.062,STANCE,0.9982,-0.3556,0.1896,0,0.00,0.030,0.004,0.001,STANCE,1.0696,0.3285,0.1890,0,0.00,0.035,0.005,0.001,STANCE,0.8065,-0.1962,0.0239,0,0.00,0.033,0.076,0.106,STANCE,0.6725,0.1882,0.0597,0,0.00,0.214,0.176,0.120,SWING
65.662,4536,placemove,0.9780,-0.0075,0.2671,-0.0386,-0.4709,-0.0108,-0.0898,-0.0213,-0.1573,0.0724,-1.3936,-0.0143,1.000,0.000,0.0000,0.0000,1.2129,-0.2844,0.1903,0,0.00,0.162,0.700,0.117,STANCE,1.2397,0.2571,0.1882,0,0.00,0.163,0.466,0.096,STANCE,0.9981,-0.3554,0.1839,1,32.41,2.940,2.940,2.940,STANCE,1.0682,0.3285,0.1843,1,26.85,2.940,2.424,2.456,STANCE,0.8017,-0.1959,0.0262,0,0.00,0.050,0.247,0.135,STANCE,0.6755,0.1953,0.0649,0,0.00,0.575,0.141,0.119,SWING
65.711,4540,placemove,0.9747,-0.0074,0.2673,-0.0395,-0.4948,-0.0091,-0.2690,-0.0006,0.0275,0.0671,-1.1555,0.3073,1.000,0.000,0.0000,0.0000,1.2165,-0.2834,0.1873,0,0.00,0.010,0.110,0.094,STANCE,1.2425,0.2564,0.1852,0,0.00,0.042,0.007,0.050,STANCE,0.9978,-0.3554,0.1835,0,0.22,0.109,0.029,0.009,STANCE,1.0671,0.3288,0.1845,0,0.00,0.002,0.035,0.027,STANCE,0.8003,-0.1954,0.0321,0,0.00,0.002,0.099,0.052,STANCE,0.6852,0.2077,0.0717,0,0.00,0.067,0.170,0.093,SWING
65.769,4544,placemove,0.9706,-0.0073,0.2661,-0.0425,-0.5102,-0.0057,-0.2041,0.0193,-0.1106,-0.0612,-1.3052,-0.3572,1.000,0.000,0.0000,0.0000,1.2155,-0.2836,0.1903,0,0.00,0.206,0.227,0.034,STANCE,1.2350,0.2587,0.1947,0,0.00,0.494,0.245,0.056,STANCE,0.9965,-0.3555,0.1838,0,0.00,0.311,0.101,0.017,STANCE,1.0620,0.3291,0.1850,1,6.99,2.940,1.102,1.940,STANCE,0.7994,-0.1963,0.0324,0,0.00,0.383,0.026,0.068,STANCE,0.6926,0.2192,0.0813,0,0.00,0.518,0.006,0.136,SWING
65.794,4548,placemove,0.9669,-0.0073,0.2650,-0.0403,-0.5403,-0.0074,-0.2830,-0.0363,0.0232,0.2882,-2.0040,0.1922,1.000,0.000,0.0000,0.0000,1.2180,-0.2826,0.1880,0,0.00,0.021,0.286,0.165,STANCE,1.2319,0.2588,0.2032,0,0.00,0.064,0.262,0.013,STANCE,0.9952,-0.3555,0.1833,1,10.89,0.523,2.053,0.462,STANCE,1.0616,0.3291,0.1847,1,8.99,0.497,1.468,0.090,STANCE,0.8070,-0.1967,0.0185,0,0.00,0.040,0.154,0.023,STANCE,0.7050,0.2309,0.0880,0,0.00,0.083,0.094,0.114,SWING
65.865,4552,placemove,0.9631,-0.0071,0.2686,-0.0405,-0.5465,-0.0109,-0.1804,0.0419,0.2231,-0.1321,0.0202,-0.3688,1.000,0.000,0.0000,0.0000,1.2183,-0.2839,0.1880,0,0.00,0.027,0.030,0.046,STANCE,1.2323,0.2581,0.2032,0,0.00,0.028,0.110,0.037,STANCE,0.9916,-0.3555,0.1867,0,0.00,0.025,0.009,0.001,STANCE,1.0614,0.3290,0.1848,0,0.00,0.037,0.053,0.017,STANCE,0.8089,-0.1967,0.0145,0,0.00,0.023,0.099,0.035,STANCE,0.7114,0.2369,0.1029,0,0.00,0.117,0.092,0.104,SWING
65.884,4556,placemove,0.9602,-0.0064,0.2706,-0.0432,-0.5458,-0.0161,-0.1701,0.0446,0.0459,-0.1511,0.0639,-0.3937,1.000,0.000,0.0000,0.0000,1.2135,-0.2855,0.1918,0,0.00,0.002,0.105,0.022,STANCE,1.2316,0.2570,0.2036,0,0.00,0.003,0.028,0.003,STANCE,0.9866,-0.3551,0.1900,0,0.00,0.002,0.008,0.000,STANCE,1.0598,0.3288,0.1870,0,0.00,0.003,0.117,0.016,STANCE,0.8044,-0.1957,0.0179,0,0.00,0.001,0.099,0.010,STANCE,0.7121,0.2345,0.1156,0,0.00,0.008,0.102,0.102,SWING
65.921,4560,placemove,0.9573,-0.0057,0.2702,-0.0408,-0.5362,-0.0211,-0.1753,0.0375,-0.0883,0.1934,0.6926,-0.1878,1.000,0.000,0.0000,0.0000,1.2082,-0.2858,0.1901,0,0.00,0.005,0.009,0.001,STANCE,1.2301,0.2564,0.2006,0,0.00,0.007,0.062,0.013,STANCE,0.9815,-0.3544,0.1891,0,0.00,0.006,0.013,0.001,STANCE,1.0581,0.3291,0.1862,0,0.00,0.009,0.059,0.008,STANCE,0.7989,-0.1939,0.0183,0,0.00,0.010,0.074,0.007,STANCE,0.7193,0.2305,0.1132,0,0.00,0.010,0.108,0.105,SWING
65.993,4564,placemove,0.9542,-0.0059,0.2692,-0.0330,-0.5345,-0.0266,-0.1740,-0.0325,-0.0207,-0.0442,-0.1589,-0.0320,1.000,0.000,0.0000,0.0000,1.2044,-0.2860,0.1851,0,0.00,0.075,0.315,0.045,SHIFT,1.2293,0.2559,0.1979,0,0.00,0.052,0.201,0.068,SHIFT,0.9770,-0.3538,0.1849,0,0.00,0.046,0.002,0.000,SHIFT,1.0570,0.3293,0.1857,0,0.00,0.043,0.299,0.022,SHIFT,0.7957,-0.1914,0.0139,0,0.00,0.070,0.227,0.011,SHIFT,0.7300,0.2242,0.1043,0,0.00,0.298,0.095,0.105,SWING
66.022,4568,placemove,0.9515,-0.0065,0.2672,-0.0303,-0.5407,-0.0247,-0.1706,-0.0381,-0.1857,0.2364,-0.4203,0.2590,1.000,0.000,0.0000,0.0000,1.1967,-0.2893,0.1931,0,0.00,0.087,0.086,0.104,SHIFT,1.2258,0.2556,0.1979,0,0.00,0.059,0.080,0.015,SHIFT,0.9737,-0.3541,0.1818,0,0.00,0.096,0.005,0.001,SHIFT,1.0496,0.3293,0.1913,0,0.00,0.067,0.067,0.023,SHIFT,0.7888,-0.1901,0.0198,0,0.00,0.068,0.108,0.100,SHIFT,0.7406,0.2135,0.0935,0,0.00,0.060,0.083,0.100,SHIFT
66.041,4572,placemove,0.9487,-0.0072,0.2627,-0.0262,-0.5487,-0.0226,-0.1735,-0.0429,-0.3330,0.0389,-0.4700,0.1276,1.000,0.000,0.0000,0.0000,1.1889,-0.2909,0.1977,0,0.00,0.078,0.134,0.150,SHIFT,1.2225,0.2559,0.1943,0,0.00,0.068,0.026,0.011,SHIFT,0.9708,-0.3543,0.1750,0,0.00,0.096,0.055,0.005,SHIFT,1.0446,0.3294,0.1893,0,0.00,0.076,0.054,0.006,SHIFT,0.7812,-0.1896,0.0211,0,0.00,0.067,0.126,0.068,SHIFT,0.7481,0.2074,0.0812,0,0.00,0.060,0.109,0.021,SHIFT
66.088,4576,placemove,0.9462,-0.0079,0.2573,-0.0264,-0.5525,-0.0237,-0.0784,-0.0507,-0.1508,-0.1603,0.3475,-0.2966,1.000,0.000,0.0000,0.0000,1.1827,-0.2867,0.1911,0,0.00,0.370,0.283,0.016,SHIFT,1.2205,0.2547,0.1872,0,0.00,0.288,0.235,0.031,SHIFT,0.9663,-0.3549,0.1679,0,0.00,0.399,0.113,0.001,SHIFT,1.0421,0.3289,0.1848,1,20.02,2.940,2.940,0.959,SHIFT,0.7783,-0.1902,0.0142,1,33.10,2.940,1.047,2.940,SHIFT,0.7520,0.2055,0.0657,0,0.00,0.176,0.035,0.059,SHIFT
66.132,4580,placemove,0.9463,-0.0078,0.2582,-0.0232,-0.5557,-0.0286,0.0325,0.0268,0.0388,0.3015,-0.3866,-0.2520,1.000,0.000,0.0000,0.0000,1.1811,-0.2874,0.1874,0,0.00,0.085,0.043,0.015,SHIFT,1.2196,0.2542,0.1896,0,0.00,0.045,0.213,0.135,SHIFT,0.9637,-0.3548,0.1650,0,0.00,0.088,0.057,0.007,SHIFT,1.0419,0.3283,0.1847,0,0.00,0.157,0.055,0.011,SHIFT,0.7745,-0.1886,0.0147,0,0.00,0.170,0.222,0.066,SHIFT,0.7581,0.2054,0.0575,0,0.00,0.054,0.072,0.009,SHIFT
66.176,4584,placemove,0.9477,-0.0075,0.2594,-0.0265,-0.5629,-0.0239,0.0887,0.0114,0.0559,-0.1032,-0.0703,0.1540,1.000,0.000,0.0000,0.0000,1.1825,-0.2873,0.1874,0,0.00,0.049,0.007,0.011,SHIFT,1.2190,0.2537,0.1924,0,0.00,0.049,0.063,0.008,SHIFT,0.9652,-0.3546,0.1634,0,0.00,0.073,0.061,0.010,SHIFT,1.0419,0.3286,0.1849,1,1.12,0.230,0.004,0.405,SHIFT,0.7739,-0.1881,0.0146,1,1.87,0.367,0.079,0.296,SHIFT,0.7668,0.2033,0.0485,0,0.00,0.065,0.019,0.007,SHIFT
66.203,4588,placemove,0.9495,-0.0075,0.2603,-0.0276,-0.5626,-0.0208,0.1108,-0.0037,0.0422,0.0022,0.1190,0.1375,1.000,0.000,0.0000,0.0000,1.1841,-0.2872,0.1853,1,1.52,0.508,0.345,0.157,SHIFT,1.2202,0.2538,0.1905,0,0.00,0.033,0.102,0.019,SHIFT,0.9669,-0.3546,0.1613,0,0.00,0.073,0.083,0.011,SHIFT,1.0418,0.3287,0.1848,1,2.07,0.557,0.422,0.308,SHIFT,0.7740,-0.1881,0.0145,1,2.29,0.132,0.139,0.470,SHIFT,0.7748,0.2004,0.0411,0,0.00,0.040,0.044,0.009,SHIFT
66.260,4592,placemove,0.9508,-0.0075,0.2605,-0.0264,-0.5655,-0.0203,0.0663,-0.0212,-0.0450,0.1982,-0.1607,0.0324,1.000,0.000,0.0000,0.0000,1.1829,-0.2869,0.1866,0,0.00,0.095,0.078,0.029,SHIFT,1.2214,0.2539,0.1889,0,0.00,0.028,0.103,0.021,SHIFT,0.9681,-0.3545,0.1581,0,0.00,0.115,0.061,0.012,SHIFT,1.0417,0.3289,0.1848,1,1.76,0.292,0.025,0.625,SHIFT,0.7728,-0.1876,0.0156,0,0.00,0.093,0.043,0.021,SHIFT,0.7835,0.1975,0.0335,0,0.00,0.006,0.063,0.013,SHIFT
66.298,4596,placemove,0.9524,-0.0077,0.2609,-0.0255,-0.5651,-0.0196,0.0946,-0.0102,0.0270,0.0237,0.0121,0.0933,1.000,0.000,0.0000,0.0000,1.1830,-0.2870,0.1850,1,3.32,0.683,1.684,0.558,SHIFT,1.2227,0.2537,0.1866,0,0.00,0.024,0.098,0.013,SHIFT,0.9694,-0.3546,0.1547,0,0.00,0.071,0.128,0.018,SHIFT,1.0418,0.3288,0.1847,1,3.36,1.078,1.160,0.033,SHIFT,0.7727,-0.1873,0.0147,0,0.00,0.083,0.025,0.002,SHIFT,0.7923,0.1941,0.0266,0,0.00,0.012,0.089,0.014,SHIFT
66.409,4600,placemove,0.9541,-0.0079,0.2618,-0.0253,-0.5659,-0.0175,0.0683,-0.0061,0.0704,0.0554,-0.0571,0.1199,1.000,0.000,0.0000,0.0000,1.1833,-0.2868,0.1850,0,0.00,0.099,0.023,0.004,SHIFT,1.2237,0.2538,0.1849,0,0.00,0.107,0.059,0.038,SHIFT,0.9712,-0.3547,0.1522,0,0.00,0.098,0.094,0.007,SHIFT,1.0415,0.3289,0.1848,0,0.00,0.132,0.014,0.006,SHIFT,0.7729,-0.1874,0.0145,1,7.31,0.258,0.602,1.648,SHIFT,0.8015,0.1900,0.0204,0,0.00,0.121,0.067,0.015,SHIFT
66.469,4604,placemove,0.9555,-0.0082,0.2612,-0.0196,-0.5650,-0.0185,0.0752,-0.0394,-0.0683,0.6777,0.7504,0.2720,1.000,0.000,0.0000,0.0000,1.1787,-0.2891,0.1916,0,0.00,0.001,0.380,0.148,SHIFT,1.2193,0.2576,0.1937,0,0.00,0.157,0.027,0.108,SHIFT,0.9727,-0.3545,0.1475,0,0.00,0.156,0.030,0.002,SHIFT,1.0411,0.3290,0.1849,0,0.00,0.064,0.263,0.017,SHIFT,0.7699,-0.1852,0.0219,0,0.00,0.158,0.605,0.014,SHIFT,0.8100,0.1867,0.0145,1,25.36,0.445,1.235,2.895,SHIFT
66.511,4608,placemove,0.9572,-0.0095,0.2598,-0.0096,-0.5570,-0.0219,0.1021,-0.0905,-0.1461,0.5716,0.5817,0.1436,1.000,0.000,0.0000,0.0000,1.1747,-0.2877,0.1920,0,0.00,0.016,0.045,0.102,SWING,1.2155,0.2551,0.1953,0,0.00,0.006,0.088,0.012,STANCE,0.9739,-0.3547,0.1400,0,0.00,0.030,0.076,0.013,STANCE,1.0404,0.3286,0.1853,0,0.00,0.008,0.005,0.000,STANCE,0.7640,-0.1855,0.0226,0,0.00,0.022,0.023,0.002,STANCE,0.8097,0.1870,0.0144,0,0.00,0.000,0.003,0.005,STANCE
66.551,4612,placemove,0.9592,-0.0116,0.2567,0.0009,-0.5492,-0.0239,0.1462,-0.1571,-0.2008,0.6400,0.4181,0.2623,1.000,0.000,0.0000,0.0000,1.1714,-0.2898,0.1948,0,0.00,0.007,0.085,0.100,SWING,1.2171,0.2536,0.1911,0,0.00,0.048,0.118,0.017,STANCE,0.9766,-0.3554,0.1313,0,0.00,0.038,0.065,0.013,STANCE,1.0411,0.3276,0.1850,0,0.43,0.189,0.142,0.057,STANCE,0.7651,-0.1855,0.0176,0,0.00,0.032,0.080,0.005,STANCE,0.8093,0.1872,0.0145,1,8.10,0.296,0.847,1.805,STANCE
66.654,4616,placemove,0.9623,-0.0136,0.2541,0.0114,-0.5338,-0.0231,0.1925,-0.0808,-0.0434,0.6938,0.9829,0.5668,1.000,0.000,0.0000,0.0000,1.1692,-0.2911,0.1965,0,0.00,0.091,0.227,0.099,SWING,1.2194,0.2530,0.1853,1,26.00,1.021,1.618,2.940,STANCE,0.9802,-0.3562,0.1225,0,0.00,0.040,0.116,0.016,STANCE,1.0416,0.3268,0.1849,0,0.00,0.077,0.170,0.017,STANCE,0.7665,-0.1858,0.0142,1,17.43,0.699,2.940,0.241,STANCE,0.8082,0.1870,0.0157,0,0.00,0.002,0.060,0.023,STANCE
66.674,4620,placemove,0.9644,-0.0158,0.2540,0.0245,-0.5218,-0.0228,0.1256,-0.1325,-0.0149,0.6702,0.6846,0.3586,1.000,0.000,0.0000,0.0000,1.1670,-0.2913,0.2007,0,0.00,0.003,0.131,0.102,SWING,1.2197,0.2531,0.1848,1,2.77,0.215,0.224,0.830,STANCE,0.9839,-0.3564,0.1158,0,0.00,0.023,0.116,0.012,STANCE,1.0414,0.3257,0.1878,0,0.00,0.037,0.020,0.002,STANCE,0.7667,-0.1860,0.0141,1,8.87,0.357,0.232,1.532,STANCE,0.8067,0.1871,0.0196,0,0.00,0.033,0.080,0.002,STANCE
66.742,4624,placemove,0.9657,-0.0173,0.2535,0.0197,-0.5138,-0.0224,0.0606,-0.0775,-0.0900,-0.4704,0.6003,-0.3628,1.000,0.000,0.0000,0.0000,1.1649,-0.2918,0.2109,0,0.00,0.579,0.093,0.108,SWING,1.2182,0.2524,0.1887,0,0.00,0.067,0.094,0.099,STANCE,0.9846,-0.3581,0.1134,0,0.00,0.112,0.094,0.014,STANCE,1.0430,0.3239,0.1865,0,0.00,0.067,0.009,0.000,STANCE,0.7630,-0.1873,0.0204,0,0.00,0.091,0.122,0.047,STANCE,0.8077,0.1858,0.0185,0,0.00,0.072,0.078,0.007,STANCE
66.778,4628,placemove,0.9664,-0.0181,0.2510,0.0258,-0.5056,-0.0246,0.0366,-0.0468,-0.2111,0.6238,0.2831,0.1355,1.000,0.000,0.0000,0.0000,1.1701,-0.2876,0.2220,0,0.00,0.027,0.121,0.098,SWING,1.2147,0.2506,0.1922,0,0.00,0.069,0.071,0.044,STANCE,0.9846,-0.3584,0.1074,0,0.00,0.014,0.076,0.018,STANCE,1.0438,0.3232,0.1850,1,2.46,0.406,0.253,0.822,STANCE,0.7606,-0.1869,0.0203,0,0.00,0.001,0.053,0.005,STANCE,0.8079,0.1862,0.0163,0,0.00,0.019,0.045,0.003,STANCE
66.833,4632,placemove,0.9669,-0.0191,0.2481,0.0340,-0.5002,-0.0260,0.0470,-0.0476,-0.0908,0.2567,0.1715,0.2580,1.000,0.000,0.0000,0.0000,1.1760,-0.2814,0.2316,0,0.00,0.230,0.064,0.113,SWING,1.2152,0.2494,0.1889,0,0.00,0.032,0.320,0.042,STANCE,0.9854,-0.3581,0.0990,0,0.00,0.197,0.254,0.048,STANCE,1.0439,0.3229,0.1849,1,7.49,0.716,2.940,2.940,STANCE,0.7598,-0.1857,0.0169,0,0.00,0.140,0.149,0.026,STANCE,0.8083,0.1871,0.0147,1,7.27,1.535,2.109,2.940,STANCE
66.865,4636,placemove,0.9664,-0.0185,0.2491,0.0292,-0.5002,-0.0230,-0.0553,0.0426,0.0509,-0.1740,-0.0640,-0.0201,1.000,0.000,0.0000,0.0000,1.1868,-0.2857,0.2494,0,0.00,0.040,0.098,0.097,SWING,1.2162,0.2493,0.1869,0,0.00,0.042,0.099,0.015,STANCE,0.9858,-0.3580,0.0983,0,0.00,0.014,0.071,0.016,STANCE,1.0439,0.3230,0.1847,1,2.02,0.346,0.020,0.357,STANCE,0.7591,-0.1856,0.0181,0,0.00,0.009,0.014,0.001,STANCE,0.8079,0.1874,0.0147,0,0.00,0.023,0.005,0.001,STANCE
66.924,4640,placemove,0.9655,-0.0181,0.2501,0.0243,-0.5024,-0.0208,-0.0460,0.0227,0.0503,-0.2137,-0.1123,-0.0257,1.000,0.000,0.0000,0.0000,1.1991,-0.2927,0.2712,0,0.00,0.087,0.084,0.095,SWING,1.2172,0.2491,0.1854,0,0.00,0.042,0.118,0.018,STANCE,0.9857,-0.3579,0.0983,0,0.00,0.034,0.059,0.021,STANCE,1.0439,0.3230,0.1847,1,1.58,0.290,0.239,0.200,STANCE,0.7584,-0.1855,0.0192,0,0.00,0.026,0.011,0.004,STANCE,0.8079,0.1875,0.0147,1,4.24,0.220,0.389,0.878,STANCE
66.948,4644,placemove,0.9647,-0.0178,0.2509,0.0204,-0.5041,-0.0195,-0.0420,0.0178,0.0369,-0.1609,-0.0931,-0.0365,1.000,0.000,0.0000,0.0000,1.2109,-0.2972,0.2951,0,0.00,0.094,0.034,0.027,SWING,1.2174,0.2488,0.1852,0,0.00,0.037,0.052,0.006,STANCE,0.9857,-0.3580,0.0980,0,0.08,0.027,0.014,0.020,STANCE,1.0438,0.3231,0.1846,1,0.94,0.268,0.223,0.359,STANCE,0.7579,-0.1854,0.0197,0,0.00,0.024,0.051,0.000,STANCE,0.8079,0.1875,0.0146,1,4.52,0.242,0.257,0.825,STANCE
66.998,4648,placemove,0.9639,-0.0174,0.2516,0.0168,-0.5059,-0.0186,-0.0582,0.0189,0.0426,-0.1607,-0.1443,-0.0540,1.000,0.000,0.0000,0.0000,1.2222,-0.2966,0.3172,0,0.00,0.106,0.026,0.077,SWING,1.2172,0.2485,0.1856,0,0.00,0.030,0.048,0.004,STANCE,0.9857,-0.3581,0.0975,0,0.00,0.043,0.048,0.013,STANCE,1.0438,0.3231,0.1846,0,0.00,0.029,0.053,0.001,STANCE,0.7582,-0.1852,0.0185,0,0.00,0.043,0.076,0.006,STANCE,0.8079,0.1875,0.0146,1,6.65,0.032,0.245,1.041,STANCE
67.041,4652,placemove,0.9632,-0.0170,0.2524,0.0131,-0.5074,-0.0178,-0.0442,0.0233,0.0439,-0.1754,-0.0910,-0.0661,1.000,0.000,0.0000,0.0000,1.2356,-0.2937,0.3154,0,0.00,0.124,0.131,0.099,SWING,1.2173,0.2483,0.1855,0,0.00,0.041,0.105,0.009,STANCE,0.9856,-0.3581,0.0971,0,0.00,0.023,0.049,0.014,STANCE,1.0438,0.3231,0.1846,1,2.31,0.577,0.085,0.079,STANCE,0.7587,-0.1851,0.0174,0,0.00,0.023,0.071,0.007,STANCE,0.8078,0.1876,0.0145,1,2.89,0.352,0.087,0.510,STANCE
67.126,4656,placemove,0.9624,-0.0167,0.2531,0.0098,-0.5090,-0.0174,-0.0401,0.0122,0.0289,-0.1202,-0.0797,-0.0636,1.000,0.000,0.0000,0.0000,1.2426,-0.2962,0.3094,0,0.00,0.004,0.128,0.098,SWING,1.2177,0.2479,0.1850,0,0.00,0.033,0.055,0.008,SHIFT,0.9856,-0.3582,0.0967,0,0.05,0.038,0.024,0.017,SHIFT,1.0438,0.3231,0.1845,1,1.18,0.405,0.262,0.431,SHIFT,0.7591,-0.1849,0.0161,0,0.00,0.034,0.067,0.006,SHIFT,0.8078,0.1876,0.0145,1,4.85,0.434,0.309,0.945,SHIFT
67.214,4660,placemove,0.9628,-0.0167,0.2542,0.0079,-0.5099,-0.0184,0.0606,0.0386,0.1029,-0.1540,-0.0832,-0.1106,1.000,0.000,0.0000,0.0000,1.2488,-0.3001,0.3020,0,0.00,0.030,0.189,0.081,SHIFT,1.2175,0.2471,0.1851,0,0.00,0.111,0.025,0.005,SHIFT,0.9851,-0.3585,0.0953,1,2.99,0.845,0.365,0.336,SHIFT,1.0438,0.3228,0.1845,0,0.00,0.167,0.061,0.023,SHIFT,0.7591,-0.1847,0.0146,0,0.00,0.065,0.048,0.014,SHIFT,0.8077,0.1876,0.0145,0,0.00,0.122,0.069,0.021,SHIFT
67.261,4664,placemove,0.9636,-0.0162,0.2560,0.0040,-0.5121,-0.0175,0.0474,0.0282,0.1024,-0.2030,-0.0972,-0.0616,1.000,0.000,0.0000,0.0000,1.2551,-0.3031,0.2956,0,0.00,0.105,0.119,0.090,SHIFT,1.2175,0.2470,0.1858,0,0.00,0.058,0.029,0.005,SHIFT,0.9852,-0.3584,0.0952,1,3.91,0.791,0.656,1.520,SHIFT,1.0438,0.3230,0.1846,1,0.97,0.436,0.317,0.017,SHIFT,0.7586,-0.1845,0.0151,0,0.00,0.043,0.033,0.007,SHIFT,0.8078,0.1877,0.0144,1,3.76,0.284,0.950,1.308,SHIFT
67.282,4668,placemove,0.9646,-0.0158,0.2578,0.0003,-0.5140,-0.0169,0.0472,0.0305,0.1000,-0.1848,-0.0819,-0.0657,1.000,0.000,0.0000,0.0000,1.2611,-0.3056,0.2888,0,0.00,0.105,0.131,0.085,SHIFT,1.2179,0.2467,0.1854,0,0.00,0.038,0.114,0.018,SHIFT,0.9852,-0.3586,0.0949,1,5.05,0.944,0.486,1.530,SHIFT,1.0439,0.3230,0.1846,1,1.75,0.690,0.648,0.086,SHIFT,0.7583,-0.1844,0.0155,0,0.00,0.025,0.099,0.000,SHIFT,0.8079,0.1878,0.0144,1,2.09,0.217,0.936,1.001,SHIFT
67.345,4672,placemove,0.9643,-0.0148,0.2604,-0.0063,-0.5200,-0.0154,-0.1484,0.1149,0.2728,-0.6533,-0.7112,-0.2530,1.000,0.000,0.0000,0.0000,1.2653,-0.3069,0.2843,1,21.49,1.066,0.238,2.940,SHIFT,1.2175,0.2468,0.1861,0,0.00,0.106,0.021,0.011,SHIFT,0.9850,-0.3585,0.0958,0,0.00,0.006,0.230,0.027,SHIFT,1.0433,0.3234,0.1848,0,0.00,0.106,0.026,0.006,SHIFT,0.7586,-0.1843,0.0149,0,0.00,0.013,0.145,0.013,SHIFT,0.8079,0.1878,0.0141,1,18.18,0.048,0.216,2.570,SHIFT
67.366,4676,placemove,0.9615,-0.0128,0.2648,-0.0168,-0.5332,-0.0141,-0.1912,0.1175,0.2483,-0.5271,-0.7855,-0.2460,1.000,0.000,0.0000,0.0000,1.2655,-0.3068,0.2842,1,14.12,1.020,1.483,2.747,SHIFT,1.2155,0.2470,0.1899,0,0.00,0.104,0.035,0.003,SHIFT,0.9825,-0.3582,0.1007,0,0.00,0.074,0.164,0.028,SHIFT,1.0413,0.3244,0.1861,0,0.00,0.105,0.013,0.008,SHIFT,0.7569,-0.1837,0.0168,0,0.00,0.056,0.125,0.000,SHIFT,0.8078,0.1879,0.0139,1,11.82,0.389,1.656,2.940,SHIFT
67.414,4680,placemove,0.9584,-0.0110,0.2686,-0.0264,-0.5488,-0.0135,-0.1742,0.0947,0.1829,-0.4912,-1.0124,-0.2686,1.000,0.000,0.0000,0.0000,1.2655,-0.3069,0.2842,1,7.50,0.219,2.848,2.757,SHIFT,1.2140,0.2471,0.1925,0,0.00,0.019,0.110,0.026,SHIFT,0.9799,-0.3578,0.1048,0,0.00,0.137,0.003,0.008,SHIFT,1.0392,0.3252,0.1873,0,0.00,0.062,0.083,0.006,SHIFT,0.7562,-0.1831,0.0164,0,0.00,0.119,0.129,0.009,SHIFT,0.8069,0.1883,0.0141,1,9.38,0.198,2.331,2.940,SHIFT
67.435,4684,placemove,0.9553,-0.0097,0.2724,-0.0341,-0.5647,-0.0134,-0.1812,0.0595,0.2608,-0.3945,-0.9179,-0.2042,1.000,0.000,0.0000,0.0000,1.2655,-0.3069,0.2838,1,13.09,0.395,1.518,2.940,SHIFT,1.2129,0.2469,0.1954,0,0.00,0.026,0.166,0.026,SHIFT,0.9778,-0.3577,0.1083,0,0.00,0.205,0.094,0.009,SHIFT,1.0372,0.3257,0.1889,0,0.00,0.025,0.064,0.004,SHIFT,0.7562,-0.1828,0.0151,0,0.00,0.134,0.089,0.002,SHIFT,0.8070,0.1883,0.0138,1,15.19,0.255,1.193,2.940,SHIFT
67.479,4688,placemove,0.9525,-0.0089,0.2770,-0.0408,-0.5802,-0.0134,-0.1658,0.0303,0.2821,-0.3659,-0.8947,-0.2069,1.000,0.000,0.0000,0.0000,1.2655,-0.3069,0.2837,1,12.95,0.406,1.870,2.940,SHIFT,1.2117,0.2463,0.1993,0,0.00,0.025,0.138,0.025,SHIFT,0.9759,-0.3581,0.1122,0,0.00,0.190,0.109,0.011,SHIFT,1.0351,0.3258,0.1916,0,0.00,0.033,0.042,0.004,SHIFT,0.7558,-0.1829,0.0154,0,0.00,0.115,0.033,0.009,SHIFT,0.8070,0.1883,0.0137,1,14.20,0.224,1.450,2.940,SHIFT
67.516,4692,placemove,0.9500,-0.0086,0.2811,-0.0462,-0.5935,-0.0149,-0.1386,0.0074,0.1997,-0.2096,-0.6373,-0.2966,1.000,0.000,0.0000,0.0000,1.2644,-0.3043,0.2805,0,0.00,0.080,0.214,0.019,SHIFT,1.2111,0.2451,0.2029,0,0.00,0.054,0.083,0.020,SHIFT,0.9739,-0.3587,0.1155,0,0.00,0.092,0.069,0.017,SHIFT,1.0336,0.3254,0.1943,0,0.00,0.068,0.016,0.001,SHIFT,0.7552,-0.1830,0.0159,0,0.00,0.059,0.092,0.008,SHIFT,0.8070,0.1883,0.0136,1,0.55,0.163,0.253,0.076,SHIFT
67.580,4696,placemove,0.9482,-0.0088,0.2838,-0.0490,-0.6019,-0.0183,-0.0866,-0.0175,0.1101,-0.0731,-0.3804,-0.1718,1.000,0.000,0.0000,0.0000,1.2615,-0.2996,0.2725,0,0.00,0.069,0.169,0.090,SHIFT,1.2109,0.2432,0.2046,0,0.00,0.053,0.019,0.027,SHIFT,0.9712,-0.3595,0.1167,0,0.00,0.077,0.020,0.015,SHIFT,1.0326,0.3246,0.1960,0,0.00,0.078,0.027,0.003,SHIFT,0.7542,-0.1829,0.0149,0,0.00,0.042,0.021,0.003,SHIFT,0.8068,0.1883,0.0138,0,0.00,0.045,0.024,0.002,SHIFT
67.601,4700,placemove,0.9469,-0.0091,0.2840,-0.0503,-0.6073,-0.0204,-0.0596,-0.0313,-0.0496,-0.1147,-0.3675,-0.3425,1.000,0.000,0.0000,0.0000,1.2581,-0.2996,0.2722,0,0.00,0.021,0.180,0.038,STANCE,1.2083,0.2427,0.2079,0,0.00,0.317,0.101,0.052,SWING,0.9683,-0.3600,0.1167,0,0.00,0.039,0.023,0.005,STANCE,1.0316,0.3240,0.1959,0,0.00,0.285,0.016,0.004,STANCE,0.7513,-0.1826,0.0153,0,0.00,0.049,0.216,0.040,STANCE,0.8049,0.1885,0.0146,1,15.02,0.949,1.865,2.940,STANCE
67.646,4704,placemove,0.9467,-0.0095,0.2828,-0.0528,-0.6121,-0.0216,0.0352,0.0017,-0.0612,-0.0847,-0.0353,0.0517,1.000,0.000,0.0000,0.0000,1.2560,-0.3014,0.2733,0,0.00,0.100,0.056,0.016,STANCE,1.2036,0.2444,0.2173,0,0.00,0.020,0.118,0.095,SWING,0.9668,-0.3608,0.1165,0,0.00,0.084,0.019,0.009,STANCE,1.0332,0.3230,0.1947,0,0.00,0.030,0.056,0.007,STANCE,0.7505,-0.1824,0.0148,1,10.39,0.488,0.644,1.894,STANCE,0.8052,0.1885,0.0147,1,3.25,0.371,0.138,0.239,STANCE
67.666,4708,placemove,0.9479,-0.0095,0.2816,-0.0541,-0.6098,-0.0193,0.0994,-0.0070,-0.0821,-0.0151,0.2804,0.0692,1.000,0.000,0.0000,0.0000,1.2572,-0.3013,0.2716,0,0.00,0.023,0.026,0.003,STANCE,1.1982,0.2475,0.2251,0,0.00,0.087,0.101,0.104,SWING,0.9684,-0.3608,0.1143,0,0.00,0.044,0.083,0.013,STANCE,1.0341,0.3230,0.1933,0,0.00,0.073,0.023,0.001,STANCE,0.7505,-0.1824,0.0147,1,4.51,0.180,0.114,0.572,STANCE,0.8052,0.1885,0.0146,1,7.93,0.247,0.712,1.530,STANCE
67.702,4712,placemove,0.9501,-0.0098,0.2799,-0.0540,-0.6030,-0.0184,0.1576,-0.0232,-0.1105,0.0468,0.5259,0.0439,1.000,0.000,0.0000,0.0000,1.2590,-0.3016,0.2682,0,0.00,0.032,0.016,0.003,STANCE,1.1935,0.2494,0.2316,0,0.00,0.075,0.104,0.103,SWING,0.9704,-0.3611,0.1108,0,0.00,0.045,0.090,0.015,STANCE,1.0356,0.3228,0.1915,0,0.00,0.062,0.020,0.000,STANCE,0.7506,-0.1824,0.0146,1,4.82,0.006,0.044,0.756,STANCE,0.8053,0.1884,0.0146,1,6.36,0.051,0.635,1.301,STANCE
67.722,4716,placemove,0.9532,-0.0102,0.2778,-0.0531,-0.5922,-0.0180,0.2126,-0.0302,-0.1420,0.0787,0.7434,0.0384,1.000,0.000,0.0000,0.0000,1.2617,-0.3019,0.2628,0,0.00,0.005,0.002,0.003,STANCE,1.1918,0.2494,0.2386,0,0.00,0.459,0.092,0.108,SWING,0.9729,-0.3614,0.1063,0,0.00,0.042,0.101,0.021,STANCE,1.0377,0.3226,0.1890,0,0.00,0.087,0.017,0.003,STANCE,0.7508,-0.1824,0.0146,1,3.34,0.030,0.031,0.509,STANCE,0.8054,0.1884,0.0145,1,6.55,0.394,0.599,1.397,STANCE
67.775,4720,placemove,0.9567,-0.0106,0.2756,-0.0534,-0.5812,-0.0172,0.0918,0.0194,-0.0162,-0.3189,0.1233,-0.0836,1.000,0.000,0.0000,0.0000,1.2651,-0.3024,0.2565,1,38.65,2.747,2.641,2.517,STANCE,1.1980,0.2447,0.2499,0,0.00,0.172,0.204,0.133,SWING,0.9758,-0.3618,0.1013,0,0.00,0.162,0.394,0.044,STANCE,1.0403,0.3222,0.1859,0,0.00,0.040,0.078,0.012,STANCE,0.7513,-0.1826,0.0146,0,0.00,0.164,0.216,0.017,STANCE,0.8056,0.1884,0.0144,1,32.13,1.563,2.940,2.940,STANCE
67.814,4724,placemove,0.9563,-0.0098,0.2770,-0.0571,-0.5777,-0.0157,-0.0699,0.0512,0.1250,-0.1260,0.1510,-0.0075,1.000,0.000,0.0000,0.0000,1.2654,-0.3022,0.2564,0,0.00,0.020,0.048,0.009,STANCE,1.2015,0.2389,0.2660,0,0.00,0.108,0.132,0.103,SWING,0.9767,-0.3618,0.1003,0,0.00,0.011,0.140,0.035,STANCE,1.0403,0.3226,0.1858,0,0.00,0.001,0.019,0.002,STANCE,0.7507,-0.1825,0.0158,0,0.00,0.000,0.038,0.008,STANCE,0.8057,0.1884,0.0143,0,0.00,0.002,0.076,0.013,STANCE
67.842,4728,placemove,0.9550,-0.0092,0.2789,-0.0579,-0.5759,-0.0155,-0.0778,0.0280,0.0457,0.0454,0.0136,0.0274,1.000,0.000,0.0000,0.0000,1.2646,-0.3018,0.2567,0,0.00,0.012,0.087,0.006,STANCE,1.2054,0.2352,0.2839,0,0.00,0.111,0.045,0.134,SWING,0.9769,-0.3616,0.0994,0,0.00,0.007,0.002,0.018,STANCE,1.0390,0.3230,0.1874,0,0.00,0.004,0.006,0.001,STANCE,0.7504,-0.1821,0.0159,0,0.00,0.003,0.001,0.010,STANCE,0.8048,0.1888,0.0152,0,0.00,0.001,0.074,0.001,STANCE
67.861,4732,placemove,0.9537,-0.0088,0.2782,-0.0571,-0.5750,-0.0155,-0.0791,0.0294,-0.1138,0.0183,0.1157,0.0179,1.000,0.000,0.0000,0.0000,1.2623,-0.3011,0.2574,0,0.00,0.012,0.010,0.014,STANCE,1.2169,0.2423,0.3032,0,0.00,0.113,0.126,0.095,SWING,0.9758,-0.3610,0.0983,0,0.00,0.008,0.053,0.007,STANCE,1.0376,0.3236,0.1872,0,0.00,0.003,0.005,0.001,STANCE,0.7492,-0.1815,0.0151,0,0.00,0.001,0.042,0.004,STANCE,0.8025,0.1895,0.0162,0,0.00,0.000,0.034,0.003,STANCE
67.920,4736,placemove,0.9541,-0.0081,0.2773,-0.0593,-0.5713,-0.0124,0.0764,0.0154,-0.0293,0.0053,0.1896,0.1168,1.000,0.000,0.0000,0.0000,1.2625,-0.2999,0.2561,0,0.00,0.009,0.032,0.008,STANCE,1.2274,0.2452,0.3218,0,0.00,0.176,0.098,0.014,SWING,0.9768,-0.3607,0.0962,0,0.00,0.043,0.109,0.011,STANCE,1.0368,0.3243,0.1853,0,0.00,0.065,0.033,0.003,STANCE,0.7491,-0.1815,0.0146,0,0.00,0.040,0.003,0.004,STANCE,0.8020,0.1894,0.0146,1,9.82,0.156,0.992,2.192,STANCE
67.977,4740,placemove,0.9555,-0.0082,0.2770,-0.0561,-0.5624,-0.0128,0.0876,-0.0153,-0.0185,0.2542,0.5909,0.1879,1.000,0.000,0.0000,0.0000,1.2649,-0.2996,0.2516,0,0.00,0.052,0.085,0.024,STANCE,1.2363,0.2487,0.3369,0,0.00,0.113,0.041,0.090,SWING,0.9793,-0.3606,0.0918,0,0.00,0.052,0.143,0.035,STANCE,1.0370,0.3246,0.1850,0,0.00,0.015,0.001,0.002,STANCE,0.7493,-0.1815,0.0145,1,5.02,0.182,0.249,0.808,STANCE,0.8016,0.1896,0.0148,0,0.00,0.005,0.039,0.003,STANCE
68.062,4744,placemove,0.9551,-0.0079,0.2780,-0.0574,-0.5610,-0.0129,-0.0305,0.0102,0.0420,0.0033,0.0344,-0.0195,1.000,0.000,0.0000,0.0000,1.2654,-0.2994,0.2507,0,0.26,0.027,0.085,0.018,STANCE,1.2449,0.2507,0.3293,0,0.00,0.017,0.057,0.103,SWING,0.9806,-0.3607,0.0896,0,0.00,0.044,0.106,0.032,STANCE,1.0366,0.3248,0.1854,0,0.00,0.025,0.026,0.001,STANCE,0.7491,-0.1815,0.0149,0,0.04,0.019,0.015,0.013,STANCE,0.8015,0.1897,0.0148,1,4.38,0.096,0.376,0.835,STANCE
68.120,4748,placemove,0.9546,-0.0078,0.2786,-0.0569,-0.5615,-0.0131,-0.0232,0.0029,-0.0075,0.0751,-0.0795,0.0343,1.000,0.000,0.0000,0.0000,1.2653,-0.2993,0.2510,0,0.00,0.005,0.075,0.008,SHIFT,1.2523,0.2524,0.3217,0,0.00,0.004,0.106,0.097,SWING,0.9819,-0.3608,0.0878,0,0.00,0.003,0.025,0.034,SHIFT,1.0361,0.3249,0.1862,0,0.00,0.002,0.002,0.000,SHIFT,0.7491,-0.1814,0.0150,0,0.00,0.002,0.060,0.003,SHIFT,0.8014,0.1897,0.0149,0,0.00,0.000,0.054,0.009,SHIFT
68.170,4752,placemove,0.9549,-0.0075,0.2777,-0.0557,-0.5648,-0.0111,0.0807,0.0414,-0.0219,0.0408,-0.1189,0.2095,1.000,0.000,0.0000,0.0000,1.2638,-0.2981,0.2522,0,0.00,0.134,0.004,0.014,SHIFT,1.2585,0.2550,0.3127,0,0.00,0.314,0.069,0.115,SHIFT,0.9824,-0.3603,0.0860,0,0.00,0.177,0.063,0.011,SHIFT,1.0345,0.3254,0.1852,0,0.00,0.377,0.051,0.003,SHIFT,0.7483,-0.1812,0.0148,1,18.51,2.106,0.636,2.940,SHIFT,0.7995,0.1899,0.0149,1,17.19,2.940,1.274,2.940,SHIFT
68.257,4756,placemove,0.9567,-0.0076,0.2794,-0.0521,-0.5639,-0.0116,-0.0297,-0.0711,0.2163,0.5866,-0.2351,0.2870,1.000,0.000,0.0000,0.0000,1.2650,-0.2974,0.2512,1,0.79,0.251,0.448,0.254,SHIFT,1.2652,0.2569,0.3055,1,37.36,1.086,2.940,2.940,SHIFT,0.9847,-0.3600,0.0832,0,0.25,0.010,0.070,0.003,SHIFT,1.0342,0.3258,0.1859,0,0.00,0.055,0.309,0.004,SHIFT,0.7486,-0.1812,0.0146,1,18.34,0.612,2.940,0.473,SHIFT,0.7998,0.1901,0.0149,0,0.00,0.086,0.151,0.002,SHIFT
68.338,4760,placemove,0.9529,-0.0088,0.2843,-0.0444,-0.5758,-0.0135,-0.2843,-0.0975,0.2260,0.4580,-0.8061,0.1835,1.000,0.000,0.0000,0.0000,1.2615,-0.2974,0.2561,0,0.00,0.112,0.067,0.016,SHIFT,1.2657,0.2568,0.3054,1,2.68,0.433,0.201,0.321,SHIFT,0.9845,-0.3599,0.0827,0,0.00,0.109,0.003,0.009,SHIFT,1.0292,0.3255,0.1926,0,0.00,0.038,0.039,0.003,SHIFT,0.7474,-0.1813,0.0146,0,0.00,0.073,0.101,0.013,SHIFT,0.7974,0.1902,0.0178,0,0.00,0.010,0.014,0.008,SHIFT
68.368,4764,placemove,0.9487,-0.0102,0.2878,-0.0377,-0.5929,-0.0138,-0.2467,-0.0657,0.2191,0.3042,-0.9869,0.2086,1.000,0.000,0.0000,0.0000,1.2564,-0.2975,0.2632,0,0.00,0.145,0.051,0.022,SHIFT,1.2657,0.2567,0.3052,1,11.77,1.145,0.667,1.945,SHIFT,0.9833,-0.3601,0.0838,0,0.00,0.110,0.036,0.019,SHIFT,1.0238,0.3249,0.1981,0,0.00,0.112,0.062,0.009,SHIFT,0.7469,-0.1814,0.0144,1,15.44,1.163,1.055,2.940,SHIFT,0.7957,0.1897,0.0183,0,0.00,0.098,0.113,0.001,SHIFT
68.418,4768,placemove,0.9448,-0.0111,0.2917,-0.0317,-0.6094,-0.0137,-0.2338,-0.0437,0.2437,0.2931,-0.9510,0.2475,1.000,0.000,0.0000,0.0000,1.2518,-0.2973,0.2704,0,0.00,0.141,0.046,0.018,SHIFT,1.2658,0.2565,0.3050,1,11.31,0.977,1.072,2.071,SHIFT,0.9820,-0.3600,0.0861,0,0.00,0.107,0.042,0.020,SHIFT,1.0185,0.3246,0.2037,0,0.00,0.104,0.063,0.009,SHIFT,0.7467,-0.1814,0.0141,1,13.90,0.832,1.315,2.940,SHIFT,0.7948,0.1894,0.0182,0,0.00,0.088,0.126,0.005,SHIFT
68.439,4772,placemove,0.9412,-0.0117,0.2960,-0.0261,-0.6255,-0.0130,-0.2138,-0.0186,0.2624,0.2638,-0.9403,0.2630,1.000,0.000,0.0000,0.0000,1.2477,-0.2966,0.2777,0,0.00,0.144,0.034,0.013,SHIFT,1.2657,0.2564,0.3048,1,10.92,0.919,1.230,2.030,SHIFT,0.9812,-0.3595,0.0888,0,0.00,0.113,0.038,0.018,SHIFT,1.0133,0.3246,0.2095,0,0.00,0.104,0.059,0.008,SHIFT,0.7466,-0.1815,0.0139,1,13.51,0.765,1.439,2.940,SHIFT,0.7943,0.1893,0.0182,0,0.00,0.084,0.125,0.006,SHIFT
68.476,4776,placemove,0.9379,-0.0118,0.3006,-0.0207,-0.6412,-0.0118,-0.1890,0.0062,0.2810,0.2683,-0.9174,0.2955,1.000,0.000,0.0000,0.0000,1.2442,-0.2952,0.2850,0,0.00,0.035,0.053,0.007,SHIFT,1.2656,0.2565,0.3046,1,14.36,0.303,1.609,2.575,SHIFT,0.9810,-0.3586,0.0917,0,0.00,0.071,0.022,0.001,SHIFT,1.0083,0.3252,0.2152,0,0.00,0.168,0.079,0.003,SHIFT,0.7466,-0.1815,0.0137,1,14.48,0.078,1.346,2.940,SHIFT,0.7941,0.1895,0.0184,0,0.00,0.108,0.087,0.001,SHIFT
68.498,4780,placemove,0.9350,-0.0115,0.3054,-0.0152,-0.6565,-0.0103,-0.1775,0.0130,0.2887,0.2540,-0.9131,0.2567,1.000,0.000,0.0000,0.0000,1.2413,-0.2933,0.2925,0,0.00,0.007,0.064,0.010,SHIFT,1.2655,0.2566,0.3044,1,13.22,0.322,1.851,2.478,SHIFT,0.9814,-0.3573,0.0949,0,0.00,0.057,0.040,0.005,SHIFT,1.0044,0.3261,0.2197,0,0.00,0.166,0.090,0.004,SHIFT,0.7466,-0.1815,0.0135,1,12.69,0.174,1.547,2.940,SHIFT,0.7942,0.1901,0.0189,0,0.00,0.098,0.077,0.000,SHIFT
68.552,4784,placemove,0.9326,-0.0110,0.3097,-0.0110,-0.6698,-0.0085,-0.1263,0.0420,0.2127,0.1129,-0.6793,0.2549,1.000,0.000,0.0000,0.0000,1.2388,-0.2912,0.2994,0,0.00,0.057,0.020,0.003,SHIFT,1.2636,0.2580,0.3078,0,0.00,0.071,0.003,0.023,SHIFT,0.9820,-0.3560,0.0980,0,0.00,0.075,0.020,0.002,SHIFT,1.0012,0.3271,0.2232,0,0.00,0.094,0.049,0.009,SHIFT,0.7467,-0.1815,0.0134,0,0.13,0.061,0.075,0.027,SHIFT,0.7945,0.1906,0.0192,0,0.00,0.054,0.052,0.007,SHIFT
68.575,4788,placemove,0.9308,-0.0101,0.3124,-0.0097,-0.6785,-0.0054,-0.0869,0.0731,0.1282,-0.0100,-0.4300,0.2008,1.000,0.000,0.0000,0.0000,1.2368,-0.2887,0.3039,0,0.00,0.055,0.016,0.003,SHIFT,1.2591,0.2606,0.3124,0,0.00,0.089,0.042,0.006,SHIFT,0.9823,-0.3547,0.1002,0,0.00,0.066,0.032,0.003,SHIFT,0.9984,0.3284,0.2240,0,0.00,0.125,0.052,0.010,SHIFT,0.7468,-0.1815,0.0134,1,3.33,0.280,0.008,0.435,SHIFT,0.7942,0.1909,0.0180,0,0.00,0.082,0.072,0.008,SHIFT
68.636,4792,placemove,0.9298,-0.0086,0.3138,-0.0098,-0.6832,-0.0017,-0.0634,0.0927,0.0131,0.0028,-0.0714,0.2729,1.000,0.000,0.0000,0.0000,1.2360,-0.2857,0.3068,0,0.00,0.001,0.018,0.000,STANCE,1.2553,0.2638,0.3146,0,0.00,0.023,0.059,0.014,STANCE,0.9810,-0.3536,0.1037,0,0.00,0.044,0.092,0.048,SWING,0.9962,0.3300,0.2228,0,0.00,0.029,0.042,0.008,STANCE,0.7469,-0.1814,0.0135,1,2.06,0.025,0.158,0.137,STANCE,0.7939,0.1912,0.0159,0,0.00,0.012,0.074,0.015,STANCE
68.671,4796,placemove,0.9293,-0.0072,0.3131,-0.0094,-0.6868,-0.0000,-0.0016,0.0698,-0.0959,-0.0695,-0.7676,-0.0520,1.000,0.000,0.0000,0.0000,1.2357,-0.2827,0.3085,0,0.00,0.013,0.139,0.030,STANCE,1.2523,0.2669,0.3155,0,0.00,0.031,0.126,0.031,STANCE,0.9737,-0.3545,0.1113,0,0.00,0.044,0.078,0.108,SWING,0.9946,0.3316,0.2212,0,0.00,0.022,0.060,0.003,STANCE,0.7463,-0.1812,0.0148,0,0.00,0.026,0.019,0.025,STANCE,0.7926,0.1914,0.0154,0,0.00,0.026,0.013,0.024,STANCE
68.700,4800,placemove,0.9292,-0.0060,0.3102,-0.0094,-0.6983,-0.0004,-0.0138,0.0685,-0.2363,0.0300,-0.4545,0.0338,1.000,0.000,0.0000,0.0000,1.2348,-0.2809,0.3119,0,0.00,0.037,0.008,0.002,STANCE,1.2502,0.2687,0.3178,0,0.00,0.011,0.037,0.002,STANCE,0.9679,-0.3554,0.1176,0,0.00,0.029,0.126,0.098,SWING,0.9951,0.3327,0.2183,0,0.00,0.020,0.081,0.014,STANCE,0.7440,-0.1810,0.0181,0,0.00,0.023,0.047,0.041,STANCE,0.7897,0.1916,0.0178,0,0.00,0.018,0.031,0.040,STANCE
68.739,4804,placemove,0.9298,-0.0051,0.3065,-0.0083,-0.6977,-0.0018,0.1148,0.0633,-0.1453,-0.1794,0.2556,-0.2241,1.000,0.000,0.0000,0.0000,1.2352,-0.2792,0.3092,0,0.00,0.125,0.056,0.034,STANCE,1.2493,0.2704,0.3147,0,0.00,0.000,0.029,0.023,STANCE,0.9606,-0.3554,0.1219,0,0.00,0.164,0.111,0.113,SWING,0.9957,0.3337,0.2131,0,0.00,0.057,0.071,0.002,STANCE,0.7445,-0.1808,0.0146,1,16.18,0.103,0.990,2.940,STANCE,0.7892,0.1918,0.0156,0,0.00,0.082,0.075,0.033,STANCE
68.777,4808,placemove,0.9323,-0.0034,0.3045,-0.0144,-0.6854,-0.0017,0.1656,0.1148,-0.1292,-0.4454,1.1690,-0.1933,1.000,0.000,0.0000,0.0000,1.2380,-0.2781,0.3046,0,0.00,0.068,0.177,0.035,STANCE,1.2530,0.2715,0.3066,0,0.00,0.051,0.134,0.032,STANCE,0.9552,-0.3568,0.1324,0,0.00,0.611,0.104,0.107,SWING,1.0000,0.3346,0.2055,0,0.00,0.054,0.207,0.024,STANCE,0.7445,-0.1807,0.0143,0,0.00,0.086,0.212,0.066,STANCE,0.7824,0.1920,0.0211,0,0.00,0.063,0.010,0.053,STANCE
68.803,4812,placemove,0.9359,-0.0008,0.3024,-0.0232,-0.6659,0.0000,0.2446,0.1732,-0.1583,-0.5078,1.1729,-0.2606,1.000,0.000,0.0000,0.0000,1.2437,-0.2761,0.2957,0,0.00,0.034,0.181,0.052,STANCE,1.2594,0.2735,0.2926,0,0.00,0.033,0.104,0.042,STANCE,0.9587,-0.3605,0.1510,0,0.00,0.149,0.113,0.105,SWING,1.0060,0.3360,0.1940,0,0.00,0.013,0.157,0.030,STANCE,0.7447,-0.1806,0.0142,0,0.00,0.021,0.131,0.039,STANCE,0.7827,0.1925,0.0167,0,0.00,0.017,0.145,0.030,STANCE
68.854,4816,placemove,0.9405,0.0014,0.2999,-0.0217,-0.6426,-0.0002,0.2803,0.0476,-0.1349,0.8851,1.0953,0.4777,1.000,0.000,0.0000,0.0000,1.2498,-0.2732,0.2851,0,0.00,0.149,0.029,0.023,STANCE,1.2644,0.2764,0.2796,0,0.00,0.311,0.249,0.046,STANCE,0.9655,-0.3617,0.1678,0,0.00,0.059,0.057,0.116,SWING,1.0100,0.3376,0.1849,1,16.22,0.962,0.453,2.940,STANCE,0.7440,-0.1797,0.0150,0,0.00,0.082,0.181,0.017,STANCE,0.7830,0.1930,0.0144,0,0.00,0.145,0.028,0.051,STANCE
68.893,4820,placemove,0.9436,0.0000,0.2982,-0.0082,-0.6324,-0.0054,0.1245,-0.1109,-0.0792,0.5868,0.5363,0.1489,1.000,0.000,0.0000,0.0000,1.2540,-0.2722,0.2781,0,0.00,0.084,0.020,0.009,STANCE,1.2651,0.2775,0.2777,1,2.40,0.192,1.466,0.396,STANCE,0.9753,-0.3628,0.1808,0,0.00,0.214,0.108,0.115,SWING,1.0098,0.3383,0.1859,0,0.00,0.085,0.010,0.001,STANCE,0.7444,-0.1793,0.0148,1,13.38,0.056,0.521,1.413,STANCE,0.7809,0.1941,0.0167,0,0.00,0.070,0.047,0.019,STANCE
68.928,4824,placemove,0.9448,-0.0018,0.2984,0.0044,-0.6242,-0.0098,0.0230,-0.1149,0.0808,0.5818,0.5076,0.1927,1.000,0.000,0.0000,0.0000,1.2566,-0.2723,0.2728,0,0.00,0.015,0.115,0.019,STANCE,1.2653,0.2774,0.2773,1,0.64,0.035,0.457,0.155,STANCE,0.9837,-0.3632,0.1957,0,0.00,0.160,0.161,0.100,SWING,1.0093,0.3379,0.1876,0,0.00,0.002,0.100,0.009,STANCE,0.7445,-0.1794,0.0145,1,4.85,0.090,0.421,0.296,STANCE,0.7802,0.1941,0.0181,0,0.00,0.006,0.161,0.019,STANCE
68.958,4828,placemove,0.9449,-0.0036,0.3001,0.0157,-0.6166,-0.0129,0.0157,-0.0945,0.0787,0.4754,0.3795,0.1987,1.000,0.000,0.0000,0.0000,1.2590,-0.2726,0.2679,0,0.00,0.038,0.135,0.034,STANCE,1.2653,0.2772,0.2772,0,0.00,0.037,0.073,0.028,STANCE,0.9913,-0.3622,0.2124,0,0.00,0.133,0.128,0.105,SWING,1.0096,0.3374,0.1882,0,0.00,0.035,0.107,0.023,STANCE,0.7446,-0.1796,0.0143,1,4.19,0.133,0.514,0.899,STANCE,0.7799,0.1941,0.0192,0,0.00,0.030,0.083,0.018,STANCE
69.000,4832,placemove,0.9452,-0.0048,0.3012,0.0233,-0.6112,-0.0144,0.0019,-0.0439,0.0488,0.2136,0.1804,0.1007,1.000,0.000,0.0000,0.0000,1.2608,-0.2726,0.2643,0,0.00,0.037,0.068,0.018,STANCE,1.2653,0.2771,0.2772,0,0.39,0.243,0.099,0.071,STANCE,1.0007,-0.3595,0.2270,0,0.00,0.132,0.081,0.150,SWING,1.0103,0.3370,0.1881,0,0.00,0.012,0.106,0.022,STANCE,0.7446,-0.1797,0.0143,1,3.13,0.264,0.307,0.634,STANCE,0.7801,0.1941,0.0194,0,0.00,0.016,0.095,0.020,STANCE
69.026,4836,placemove,0.9452,-0.0054,0.3018,0.0265,-0.6088,-0.0148,0.0005,-0.0241,0.0263,0.1107,0.0999,0.0611,1.000,0.000,0.0000,0.0000,1.2616,-0.2726,0.2627,0,0.00,0.035,0.070,0.015,STANCE,1.2653,0.2770,0.2772,1,1.02,0.015,0.661,0.191,STANCE,1.0208,-0.3616,0.2266,0,0.00,0.140,0.066,0.094,SWING,1.0114,0.3369,0.1870,0,0.00,0.025,0.099,0.018,STANCE,0.7447,-0.1797,0.0143,1,5.99,0.072,0.295,0.558,STANCE,0.7810,0.1941,0.0185,0,0.00,0.020,0.095,0.015,STANCE
69.059,4840,placemove,0.9451,-0.0056,0.3022,0.0278,-0.6076,-0.0148,-0.0052,-0.0066,0.0140,0.0222,0.0285,0.0179,1.000,0.000,0.0000,0.0000,1.2620,-0.2726,0.2619,0,0.00,0.031,0.070,0.012,SHIFT,1.2653,0.2770,0.2772,1,1.64,0.148,0.975,0.230,SHIFT,1.0411,-0.3626,0.2267,0,0.00,0.137,0.057,0.095,SWING,1.0126,0.3369,0.1853,0,0.00,0.034,0.100,0.015,SHIFT,0.7447,-0.1797,0.0143,1,7.32,0.017,0.636,0.486,SHIFT,0.7821,0.1941,0.0169,0,0.00,0.024,0.094,0.012,SHIFT
69.094,4844,placemove,0.9453,-0.0057,0.3007,0.0262,-0.6087,-0.0151,0.0155,-0.0057,-0.1564,-0.1290,-0.0593,-0.0105,1.000,0.000,0.0000,0.0000,1.2591,-0.2732,0.2628,0,0.00,0.201,0.125,0.040,SHIFT,1.2631,0.2764,0.2776,0,0.00,0.025,0.098,0.038,SHIFT,1.0610,-0.3618,0.2261,0,0.00,0.588,0.110,0.092,SHIFT,1.0104,0.3366,0.1858,0,0.00,0.013,0.117,0.028,SHIFT,0.7415,-0.1799,0.0156,0,0.00,0.153,0.160,0.047,SHIFT,0.7814,0.1940,0.0151,0,0.00,0.044,0.042,0.017,SHIFT
69.137,4848,placemove,0.9463,-0.0061,0.2977,0.0283,-0.6031,-0.0175,0.0706,-0.0184,-0.2573,-0.0623,0.2220,-0.1293,1.000,0.000,0.0000,0.0000,1.2554,-0.2743,0.2610,0,0.00,0.106,0.386,0.204,SHIFT,1.2603,0.2763,0.2769,0,0.00,0.085,0.455,0.236,SHIFT,1.0705,-0.3627,0.2144,0,0.00,0.073,0.070,0.100,SHIFT,1.0063,0.3359,0.1871,0,0.00,0.097,0.097,0.105,SHIFT,0.7370,-0.1795,0.0156,0,0.00,0.055,0.252,0.054,SHIFT,0.7776,0.1937,0.0172,0,0.00,0.043,0.055,0.109,SHIFT
69.162,4852,placemove,0.9479,-0.0061,0.2928,0.0218,-0.5934,-0.0155,0.1366,0.0358,-0.2651,-0.5535,1.0730,-0.0690,1.000,0.000,0.0000,0.0000,1.2519,-0.2750,0.2568,0,0.00,0.186,0.110,0.014,SHIFT,1.2581,0.2749,0.2705,0,0.00,0.150,0.225,0.011,SHIFT,1.0757,-0.3643,0.1994,0,0.00,0.187,0.139,0.088,SHIFT,0.9996,0.3340,0.1889,0,0.00,0.219,0.012,0.075,SHIFT,0.7345,-0.1795,0.0143,1,13.03,0.778,1.574,2.940,SHIFT,0.7707,0.1916,0.0226,0,0.00,0.164,0.140,0.047,SHIFT
69.213,4856,placemove,0.9510,-0.0057,0.2908,0.0202,-0.5727,-0.0102,0.1940,-0.0323,0.0987,0.5297,0.6844,0.2177,1.000,0.000,0.0000,0.0000,1.2550,-0.2733,0.2448,0,0.00,0.239,0.876,0.145,SHIFT,1.2595,0.2764,0.2566,0,0.00,0.780,0.286,0.042,SHIFT,1.0827,-0.3638,0.1842,1,29.14,2.940,2.940,2.940,SHIFT,0.9983,0.3352,0.1841,1,27.50,2.940,1.891,2.940,SHIFT,0.7347,-0.1795,0.0139,1,9.37,2.940,2.675,2.940,SHIFT,0.7614,0.1923,0.0234,0,0.00,0.538,0.306,0.066,SHIFT
69.257,4860,placemove,0.9528,-0.0066,0.2930,-0.0001,-0.5778,-0.0109,0.0970,-0.0823,0.0814,-1.7247,-0.5364,-0.9952,1.000,0.000,0.0000,0.0000,1.2519,-0.2772,0.2522,0,0.00,0.084,0.045,0.023,SHIFT,1.2611,0.2725,0.2569,0,0.00,0.086,0.170,0.051,SHIFT,1.0832,-0.3626,0.1839,1,0.86,0.016,0.693,0.469,SHIFT,0.9972,0.3313,0.1862,0,0.00,0.093,0.047,0.110,SHIFT,0.7281,-0.1829,0.0221,0,0.00,0.058,0.046,0.050,SHIFT,0.7636,0.1898,0.0221,0,0.00,0.010,0.110,0.022,SHIFT
69.298,4864,placemove,0.9547,-0.0079,0.2923,-0.0301,-0.5803,-0.0089,0.1135,-0.0849,-0.1078,-1.3275,0.0128,-0.7613,1.000,0.000,0.0000,0.0000,1.2443,-0.2863,0.2688,0,0.00,0.069,0.009,0.123,SHIFT,1.2614,0.2689,0.2589,0,0.00,0.047,0.112,0.100,SHIFT,1.0756,-0.3647,0.1957,0,0.00,0.078,0.019,0.118,SHIFT,0.9966,0.3277,0.1850,0,0.00,0.098,0.148,0.056,SHIFT,0.7229,-0.1887,0.0277,0,0.00,0.029,0.010,0.006,SHIFT,0.7627,0.1838,0.0236,0,0.00,0.055,0.217,0.113,SHIFT
69.322,4868,placemove,0.9561,-0.0091,0.2906,-0.0250,-0.5858,-0.0140,0.0650,-0.0683,-0.1580,0.5441,-0.4240,0.0268,1.000,0.000,0.0000,0.0000,1.2411,-0.2862,0.2682,0,0.00,0.057,0.265,0.025,SHIFT,1.2600,0.2647,0.2584,0,0.00,0.081,0.327,0.035,SHIFT,1.0683,-0.3664,0.2033,0,0.00,0.067,0.055,0.107,SHIFT,0.9967,0.3274,0.1842,1,2.77,0.041,0.303,0.199,SHIFT,0.7231,-0.1893,0.0241,0,0.00,0.024,0.000,0.002,SHIFT,0.7651,0.1834,0.0177,0,0.00,0.057,0.373,0.046,SHIFT
69.375,4872,placemove,0.9576,-0.0112,0.2885,-0.0077,-0.5686,-0.0213,0.1425,-0.1697,-0.1313,0.7503,1.0189,-0.0020,1.000,0.000,0.0000,0.0000,1.2442,-0.2865,0.2514,0,0.00,0.147,0.375,0.087,SHIFT,1.2618,0.2632,0.2493,0,0.00,0.209,0.188,0.055,SHIFT,1.0612,-0.3663,0.2032,0,0.00,0.199,0.225,0.077,SHIFT,0.9942,0.3272,0.1854,0,0.00,0.150,0.113,0.021,SHIFT,0.7195,-0.1878,0.0216,0,0.00,0.134,0.095,0.026,SHIFT,0.7668,0.1837,0.0145,1,8.88,0.380,2.305,2.940,SHIFT
69.396,4876,placemove,0.9606,-0.0143,0.2850,0.0025,-0.5607,-0.0283,0.1587,-0.1570,-0.2635,0.9019,0.4171,0.2475,1.000,0.000,0.0000,0.0000,1.2446,-0.2902,0.2415,0,0.00,0.124,0.096,0.044,SHIFT,1.2640,0.2593,0.2443,0,0.00,0.040,0.240,0.021,SHIFT,1.0542,-0.3677,0.2043,0,0.00,0.113,0.523,0.220,SHIFT,0.9957,0.3252,0.1841,1,3.74,0.081,1.727,1.547,SHIFT,0.7178,-0.1875,0.0179,0,0.00,0.014,0.009,0.003,SHIFT,0.7626,0.1841,0.0191,0,0.00,0.060,0.073,0.087,SHIFT
69.461,4880,placemove,0.9621,-0.0174,0.2834,0.0234,-0.5623,-0.0297,0.0083,-0.2344,0.1819,1.0915,0.1931,0.7063,1.000,0.000,0.0000,0.0000,1.2501,-0.2904,0.2273,0,0.00,0.140,0.353,0.118,SHIFT,1.2659,0.2586,0.2409,1,17.54,1.786,0.735,2.940,SHIFT,1.0585,-0.3620,0.1893,0,0.00,0.069,0.630,0.059,SHIFT,0.9950,0.3242,0.1857,0,0.00,0.342,0.252,0.013,SHIFT,0.7178,-0.1867,0.0139,1,36.45,1.771,2.940,2.940,SHIFT,0.7627,0.1862,0.0148,1,11.87,2.219,0.016,1.544,SHIFT
69.512,4884,placemove,0.9616,-0.0195,0.2895,0.0259,-0.5533,-0.0268,-0.0312,-0.0844,0.3216,-0.2149,0.4364,0.0672,1.000,0.000,0.0000,0.0000,1.2510,-0.2917,0.2243,0,0.00,0.036,0.001,0.018,STANCE,1.2658,0.2577,0.2415,0,0.00,0.003,0.016,0.023,STANCE,1.0600,-0.3628,0.1860,0,0.00,0.042,0.013,0.021,STANCE,0.9919,0.3221,0.1922,0,0.00,0.042,0.067,0.008,SWING,0.7171,-0.1877,0.0151,0,0.00,0.025,0.030,0.036,STANCE,0.7607,0.1853,0.0188,0,0.00,0.012,0.008,0.015,STANCE
69.546,4888,placemove,0.9611,-0.0209,0.2933,0.0220,-0.5454,-0.0233,-0.0337,-0.0835,0.1576,-0.1937,0.4917,0.0515,1.000,0.000,0.0000,0.0000,1.2494,-0.2935,0.2267,0,0.00,0.025,0.004,0.001,STANCE,1.2651,0.2559,0.2428,0,0.00,0.012,0.022,0.002,STANCE,1.0585,-0.3644,0.1893,0,0.00,0.019,0.060,0.006,STANCE,0.9848,0.3169,0.2047,0,0.00,0.031,0.101,0.103,SWING,0.7145,-0.1893,0.0205,0,0.00,0.016,0.040,0.008,STANCE,0.7590,0.1837,0.0228,0,0.00,0.016,0.061,0.012,STANCE
69.564,4892,placemove,0.9605,-0.0223,0.2944,0.0177,-0.5368,-0.0204,-0.0347,-0.0826,-0.0052,-0.1935,0.5044,0.0323,1.000,0.000,0.0000,0.0000,1.2479,-0.2953,0.2263,0,0.00,0.021,0.003,0.000,STANCE,1.2643,0.2541,0.2410,0,0.00,0.007,0.030,0.005,STANCE,1.0577,-0.3662,0.1888,0,0.00,0.013,0.071,0.014,STANCE,0.9781,0.3109,0.2144,0,0.00,0.021,0.104,0.102,SWING,0.7125,-0.1911,0.0226,0,0.00,0.011,0.050,0.014,STANCE,0.7575,0.1819,0.0236,0,0.00,0.010,0.065,0.015,STANCE
69.601,4896,placemove,0.9599,-0.0238,0.2928,0.0130,-0.5282,-0.0180,-0.0342,-0.0885,-0.1687,-0.2299,0.4980,-0.0113,1.000,0.000,0.0000,0.0000,1.2464,-0.2973,0.2234,0,0.00,0.017,0.005,0.001,STANCE,1.2636,0.2521,0.2362,0,0.00,0.002,0.029,0.005,STANCE,1.0570,-0.3680,0.1857,0,0.00,0.009,0.073,0.014,STANCE,0.9699,0.3192,0.2207,0,0.00,0.012,0.114,0.098,SWING,0.7106,-0.1931,0.0219,0,0.00,0.006,0.051,0.014,STANCE,0.7560,0.1798,0.0214,0,0.00,0.005,0.064,0.015,STANCE
69.629,4900,placemove,0.9593,-0.0242,0.2889,0.0013,-0.5283,-0.0092,-0.0352,-0.0198,-0.3187,-0.5324,-0.0599,0.2675,1.000,0.000,0.0000,0.0000,1.2442,-0.2981,0.2255,0,0.00,0.033,0.301,0.097,STANCE,1.2605,0.2517,0.2333,0,0.00,0.068,0.323,0.123,STANCE,1.0546,-0.3688,0.1889,0,0.00,0.037,0.100,0.106,STANCE,0.9626,0.3323,0.2258,0,0.00,0.388,0.072,0.010,SWING,0.7091,-0.1965,0.0216,0,0.00,0.061,0.192,0.044,STANCE,0.7538,0.1765,0.0176,0,0.00,0.077,0.178,0.039,STANCE
69.668,4904,placemove,0.9591,-0.0246,0.2830,0.0016,-0.5247,-0.0055,0.0537,-0.0466,-0.3305,0.6571,0.3485,-0.0423,1.000,0.000,0.0000,0.0000,1.2430,-0.2969,0.2234,0,0.00,0.028,0.098,0.003,STANCE,1.2561,0.2527,0.2295,0,0.00,0.089,0.181,0.031,STANCE,1.0499,-0.3676,0.1937,0,0.00,0.087,0.172,0.061,STANCE,0.9659,0.3389,0.2374,0,0.00,0.148,0.117,0.019,SWING,0.7080,-0.1990,0.0186,0,0.00,0.110,0.088,0.009,STANCE,0.7517,0.1738,0.0141,1,15.82,0.355,1.009,2.940,STANCE
69.702,4908,placemove,0.9606,-0.0250,0.2767,0.0031,-0.5156,-0.0097,0.1459,0.0105,-0.3443,-0.4402,1.0599,-0.2959,1.000,0.000,0.0000,0.0000,1.2421,-0.2977,0.2165,0,0.00,0.154,0.020,0.025,STANCE,1.2560,0.2519,0.2241,0,0.00,0.030,0.112,0.000,STANCE,1.0465,-0.3696,0.1926,0,0.00,0.144,0.023,0.027,STANCE,0.9757,0.3426,0.2521,0,0.00,0.145,0.117,0.014,SWING,0.7078,-0.1981,0.0145,1,13.55,0.074,1.296,2.940,STANCE,0.7466,0.1735,0.0194,0,0.00,0.071,0.160,0.043,STANCE
69.747,4912,placemove,0.9641,-0.0238,0.2718,-0.0115,-0.4935,-0.0102,0.2394,0.1698,-0.2384,-1.6456,0.6707,-0.9988,1.000,0.000,0.0000,0.0000,1.2442,-0.2989,0.2049,0,0.00,0.252,0.746,0.103,STANCE,1.2610,0.2507,0.2063,0,0.00,0.128,0.206,0.055,STANCE,1.0485,-0.3702,0.1849,1,25.05,1.969,1.755,2.940,STANCE,0.9889,0.3478,0.2639,0,0.00,0.056,0.239,0.053,SWING,0.7079,-0.1980,0.0143,1,6.66,1.856,2.225,2.940,STANCE,0.7432,0.1738,0.0167,0,0.00,0.158,0.265,0.033,STANCE
69.797,4916,placemove,0.9661,-0.0220,0.2714,-0.0197,-0.4841,-0.0128,-0.0607,0.0037,0.0627,0.0611,-0.0682,-0.0466,1.000,0.000,0.0000,0.0000,1.2448,-0.2997,0.2023,0,0.00,0.082,0.039,0.013,STANCE,1.2654,0.2496,0.1977,1,8.92,0.305,1.608,1.990,STANCE,1.0487,-0.3700,0.1846,0,0.00,0.058,0.102,0.022,STANCE,1.0029,0.3524,0.2805,0,0.00,0.061,0.057,0.027,SWING,0.7046,-0.1978,0.0160,0,0.00,0.025,0.081,0.026,STANCE,0.7456,0.1747,0.0136,0,0.00,0.073,0.064,0.018,STANCE
69.836,4920,placemove,0.9655,-0.0218,0.2712,-0.0192,-0.4841,-0.0133,0.0155,0.0427,-0.0209,-0.1264,0.1780,0.0035,1.000,0.000,0.0000,0.0000,1.2440,-0.2995,0.2024,0,0.00,0.127,0.057,0.000,STANCE,1.2649,0.2499,0.1978,0,0.00,0.067,0.096,0.017,STANCE,1.0461,-0.3696,0.1878,0,0.00,0.117,0.035,0.033,STANCE,1.0115,0.3469,0.2989,0,0.00,0.148,0.113,0.072,SWING,0.7043,-0.1976,0.0146,1,12.25,0.484,1.422,2.873,STANCE,0.7431,0.1752,0.0170,0,0.00,0.079,0.065,0.044,STANCE
69.897,4924,placemove,0.9650,-0.0217,0.2725,-0.0180,-0.4822,-0.0134,-0.0337,-0.0219,0.0840,0.1893,0.1335,0.1110,1.000,0.000,0.0000,0.0000,1.2444,-0.2992,0.2014,0,0.00,0.038,0.093,0.024,STANCE,1.2650,0.2502,0.1969,0,0.00,0.042,0.086,0.026,STANCE,1.0470,-0.3694,0.1864,0,0.00,0.035,0.150,0.024,STANCE,1.0192,0.3351,0.3105,0,0.00,0.170,0.208,0.083,SWING,0.7043,-0.1976,0.0144,1,2.88,0.169,0.403,0.673,STANCE,0.7433,0.1753,0.0164,0,0.00,0.026,0.107,0.018,STANCE
69.976,4928,placemove,0.9646,-0.0218,0.2731,-0.0179,-0.4796,-0.0133,-0.0050,0.0039,0.0141,0.0480,0.1872,0.0572,1.000,0.000,0.0000,0.0000,1.2442,-0.2992,0.2006,0,0.00,0.206,0.096,0.013,STANCE,1.2646,0.2503,0.1963,0,0.00,0.071,0.202,0.041,STANCE,1.0473,-0.3695,0.1850,1,11.10,2.940,1.438,0.625,STANCE,1.0258,0.3299,0.2989,0,0.00,0.130,0.040,0.029,SWING,0.7036,-0.1977,0.0150,0,0.00,0.087,0.001,0.026,STANCE,0.7435,0.1751,0.0150,1,22.22,2.940,1.153,1.907,STANCE
70.023,4932,placemove,0.9650,-0.0218,0.2724,-0.0171,-0.4789,-0.0133,0.0490,0.0054,-0.0837,-0.0459,0.2473,-0.0284,1.000,0.000,0.0000,0.0000,1.2443,-0.2989,0.2004,0,0.00,0.022,0.094,0.018,SHIFT,1.2643,0.2505,0.1965,0,0.00,0.037,0.318,0.054,SHIFT,1.0469,-0.3693,0.1859,0,0.00,0.065,0.254,0.007,SHIFT,1.0318,0.3380,0.2926,0,0.00,0.101,0.238,0.082,SWING,0.7037,-0.1977,0.0148,1,16.76,0.360,0.339,1.932,SHIFT,0.7430,0.1752,0.0159,0,0.00,0.028,0.144,0.002,SHIFT
70.060,4936,placemove,0.9673,-0.0208,0.2713,-0.0188,-0.4726,-0.0105,0.1916,0.0989,-0.0592,-0.0557,0.4924,0.2205,1.000,0.000,0.0000,0.0000,1.2451,-0.2978,0.1976,0,0.00,0.152,0.026,0.005,SHIFT,1.2641,0.2517,0.1927,0,0.00,0.101,0.111,0.026,SHIFT,1.0470,-0.3685,0.1860,0,0.00,0.154,0.065,0.001,SHIFT,1.0379,0.3467,0.2832,0,0.00,0.117,0.137,0.020,SHIFT,0.7039,-0.1977,0.0146,1,8.85,0.213,0.914,2.053,SHIFT,0.7411,0.1752,0.0169,0,0.00,0.106,0.106,0.000,SHIFT
70.129,4940,placemove,0.9700,-0.0198,0.2712,-0.0245,-0.4651,-0.0098,0.1060,-0.0060,0.0767,0.0470,0.1072,-0.0426,1.000,0.000,0.0000,0.0000,1.2459,-0.2971,0.1951,0,0.00,0.068,0.003,0.003,SHIFT,1.2651,0.2524,0.1871,1,6.55,1.333,1.110,0.359,SHIFT,1.0480,-0.3679,0.1848,1,2.57,1.082,1.020,0.211,SHIFT,1.0451,0.3495,0.2686,0,0.00,0.009,0.079,0.002,SHIFT,0.7029,-0.1979,0.0160,0,0.00,0.039,0.021,0.008,SHIFT,0.7415,0.1751,0.0144,0,0.00,0.011,0.071,0.032,SHIFT
70.207,4944,placemove,0.9719,-0.0199,0.2713,-0.0238,-0.4645,-0.0109,0.1228,0.0082,-0.0347,-0.0634,0.3459,-0.0580,1.000,0.000,0.0000,0.0000,1.2458,-0.2971,0.1950,0,0.00,0.145,0.074,0.016,SHIFT,1.2650,0.2523,0.1871,0,0.00,0.025,0.181,0.027,SHIFT,1.0472,-0.3678,0.1859,0,0.00,0.227,0.008,0.034,SHIFT,1.0507,0.3481,0.2562,0,0.00,0.160,0.185,0.012,SHIFT,0.7032,-0.1979,0.0150,1,20.28,0.019,0.241,2.940,SHIFT,0.7407,0.1751,0.0155,0,0.00,0.068,0.133,0.022,SHIFT
70.256,4948,placemove,0.9745,-0.0197,0.2710,-0.0222,-0.4610,-0.0111,0.1368,-0.0205,-0.0326,0.2819,0.0465,0.0512,1.000,0.000,0.0000,0.0000,1.2461,-0.2965,0.1936,0,0.00,0.066,0.212,0.010,SHIFT,1.2647,0.2529,0.1858,0,0.00,0.083,0.300,0.010,SHIFT,1.0474,-0.3674,0.1857,0,0.00,0.089,0.204,0.007,SHIFT,1.0563,0.3460,0.2427,0,0.00,0.088,0.093,0.038,SHIFT,0.7031,-0.1978,0.0152,0,0.00,0.034,0.235,0.018,SHIFT,0.7397,0.1752,0.0165,0,0.00,0.041,0.210,0.010,SHIFT
70.294,4952,placemove,0.9769,-0.0201,0.2687,-0.0155,-0.4600,-0.0127,0.1395,-0.0241,-0.1999,0.2872,0.2242,0.0553,1.000,0.000,0.0000,0.0000,1.2452,-0.2958,0.1932,0,0.00,0.066,0.018,0.017,SHIFT,1.2616,0.2567,0.1945,0,0.00,0.071,0.053,0.111,SHIFT,1.0439,-0.3650,0.1902,0,0.00,0.089,0.191,0.005,SHIFT,1.0610,0.3405,0.2292,0,0.00,0.087,0.129,0.014,SHIFT,0.6995,-0.1968,0.0215,0,0.00,0.028,0.187,0.083,SHIFT,0.7387,0.1759,0.0172,0,0.00,0.043,0.077,0.004,SHIFT
70.325,4956,placemove,0.9794,-0.0206,0.2648,-0.0101,-0.4501,-0.0152,0.1556,-0.0039,-0.1398,0.0805,0.3082,0.0009,1.000,0.000,0.0000,0.0000,1.2451,-0.2958,0.1846,1,45.03,2.940,2.940,2.940,SHIFT,1.2579,0.2596,0.1993,0,0.00,0.002,0.513,0.046,SHIFT,1.0409,-0.3666,0.1897,0,0.00,0.490,0.363,0.014,SHIFT,1.0659,0.3367,0.2138,0,0.00,0.110,0.025,0.017,SHIFT,0.6964,-0.1962,0.0204,0,0.00,0.214,0.205,0.086,SHIFT,0.7387,0.1761,0.0143,1,35.55,2.449,2.940,2.940,SHIFT
70.375,4960,placemove,0.9814,-0.0201,0.2615,-0.0138,-0.4572,-0.0144,0.1149,0.0329,-0.2744,-0.1366,-0.4416,-0.0212,1.000,0.000,0.0000,0.0000,1.2433,-0.2975,0.1901,0,0.00,0.075,0.101,0.103,SHIFT,1.2553,0.2555,0.1977,0,0.00,0.084,0.116,0.013,SHIFT,1.0411,-0.3665,0.1876,0,0.00,0.088,0.009,0.001,SHIFT,1.0713,0.3327,0.1979,0,0.00,0.094,0.129,0.012,SHIFT,0.6979,-0.1962,0.0156,0,0.00,0.034,0.010,0.000,SHIFT,0.7373,0.1757,0.0178,0,0.00,0.037,0.149,0.032,SHIFT
70.424,4964,placemove,0.9842,-0.0191,0.2586,-0.0189,-0.4486,-0.0120,0.1334,0.0049,0.0018,-0.0736,0.0520,-0.0284,1.000,0.000,0.0000,0.0000,1.2401,-0.2991,0.1960,0,0.00,0.090,0.280,0.091,SHIFT,1.2561,0.2550,0.1879,0,0.00,0.152,0.360,0.023,SHIFT,1.0415,-0.3660,0.1849,1,12.11,2.940,2.940,0.688,SHIFT,1.0747,0.3297,0.1837,1,24.62,0.462,2.940,2.940,SHIFT,0.6983,-0.1962,0.0144,1,13.32,2.877,1.398,2.940,SHIFT,0.7315,0.1767,0.0203,0,0.00,0.081,0.024,0.031,SHIFT
70.473,4968,placemove,0.9854,-0.0191,0.2612,-0.0129,-0.4518,-0.0116,0.0789,0.0570,0.2053,0.4872,-0.1607,0.2659,1.000,0.000,0.0000,0.0000,1.2365,-0.2999,0.2079,0,0.00,0.127,0.120,0.163,SHIFT,1.2561,0.2559,0.1890,0,0.00,0.157,0.059,0.009,SHIFT,1.0424,-0.3655,0.1847,1,5.56,1.972,2.125,0.622,SHIFT,1.0747,0.3297,0.1835,1,5.33,1.072,2.940,2.416,SHIFT,0.6984,-0.1962,0.0141,0,0.00,0.209,0.122,0.029,SHIFT,0.7308,0.1770,0.0221,0,0.00,0.222,0.076,0.013,SHIFT
70.581,4972,placemove,0.9864,-0.0177,0.2648,-0.0023,-0.4551,-0.0114,0.0080,0.0745,0.2316,0.6027,-0.1281,0.2414,1.000,0.000,0.0000,0.0000,1.2346,-0.2915,0.2088,0,0.00,0.002,0.297,0.004,SHIFT,1.2559,0.2593,0.1915,0,0.00,0.065,0.238,0.038,SHIFT,1.0439,-0.3631,0.1845,1,5.68,1.050,2.674,1.875,SHIFT,1.0748,0.3294,0.1835,1,5.48,0.956,2.940,2.307,SHIFT,0.6991,-0.1943,0.0142,0,0.00,0.036,0.144,0.028,SHIFT,0.7299,0.1791,0.0257,0,0.00,0.072,0.108,0.016,SHIFT
70.621,4976,placemove,0.9850,-0.0172,0.2693,0.0081,-0.4596,-0.0128,-0.1465,0.0241,0.2810,0.4616,-0.3155,0.1511,1.000,0.000,0.0000,0.0000,1.2364,-0.2882,0.2040,0,0.00,0.043,0.321,0.054,STANCE,1.2564,0.2617,0.1918,0,0.00,0.065,0.284,0.069,STANCE,1.0439,-0.3630,0.1844,1,6.27,0.213,2.940,2.772,STANCE,1.0748,0.3293,0.1834,1,5.66,0.172,2.940,2.627,STANCE,0.6978,-0.1923,0.0179,0,0.00,0.030,0.142,0.044,SWING,0.7279,0.1809,0.0303,0,0.00,0.020,0.005,0.004,STANCE
70.652,4980,placemove,0.9821,-0.0168,0.2739,0.0113,-0.4664,-0.0137,-0.1828,0.0106,0.2529,-0.0789,-0.4923,-0.0488,1.000,0.000,0.0000,0.0000,1.2373,-0.2871,0.2029,0,0.00,0.025,0.379,0.072,STANCE,1.2566,0.2627,0.1929,0,0.00,0.046,0.037,0.031,STANCE,1.0441,-0.3619,0.1836,1,5.91,0.415,2.940,2.710,STANCE,1.0750,0.3284,0.1828,1,3.08,0.156,1.575,1.370,STANCE,0.6941,-0.1902,0.0313,0,0.00,0.103,0.200,0.090,SWING,0.7261,0.1819,0.0339,0,0.00,0.067,0.092,0.021,STANCE
70.703,4984,placemove,0.9790,-0.0167,0.2768,0.0090,-0.4741,-0.0139,-0.1818,0.0069,0.0984,-0.0957,-0.4067,-0.0559,1.000,0.000,0.0000,0.0000,1.2365,-0.2874,0.2047,0,0.00,0.001,0.110,0.028,STANCE,1.2565,0.2624,0.1937,0,0.00,0.001,0.110,0.037,STANCE,1.0430,-0.3609,0.1846,0,0.00,0.001,0.050,0.012,STANCE,1.0742,0.3275,0.1835,0,0.00,0.000,0.033,0.010,STANCE,0.6904,-0.1891,0.0441,0,0.00,0.000,0.166,0.039,SWING,0.7255,0.1818,0.0340,0,0.00,0.001,0.099,0.016,STANCE
70.736,4988,placemove,0.9761,-0.0166,0.2770,0.0087,-0.4832,-0.0155,-0.1612,0.0109,-0.0602,0.0659,-0.6605,-0.2295,1.000,0.000,0.0000,0.0000,1.2353,-0.2876,0.2048,0,0.00,0.021,0.093,0.022,STANCE,1.2561,0.2621,0.1936,0,0.00,0.048,0.120,0.033,STANCE,1.0408,-0.3608,0.1851,0,0.00,0.030,0.002,0.001,STANCE,1.0729,0.3274,0.1838,1,0.91,0.315,0.253,0.312,STANCE,0.6713,-0.1927,0.0537,0,0.00,0.051,0.083,0.092,SWING,0.7262,0.1820,0.0297,0,0.00,0.058,0.091,0.019,STANCE
70.781,4992,placemove,0.9739,-0.0165,0.2756,0.0081,-0.5030,-0.0150,-0.1443,0.0050,-0.1010,-0.0609,-1.3108,0.0129,1.000,0.000,0.0000,0.0000,1.2354,-0.2877,0.2060,0,0.00,0.021,0.131,0.023,STANCE,1.2568,0.2620,0.1949,0,0.00,0.026,0.134,0.030,STANCE,1.0402,-0.3608,0.1849,1,4.50,0.050,0.857,0.050,STANCE,1.0726,0.3274,0.1838,1,5.02,0.271,0.939,0.180,STANCE,0.6586,-0.1970,0.0600,0,0.00,0.274,0.177,0.074,SWING,0.7299,0.1821,0.0213,0,0.00,0.007,0.093,0.015,STANCE
70.815,4996,placemove,0.9717,-0.0165,0.2745,0.0082,-0.5190,-0.0143,-0.0435,-0.0176,0.0751,0.0796,0.0911,0.1483,1.000,0.000,0.0000,0.0000,1.2358,-0.2875,0.2074,0,0.00,0.290,0.160,0.031,STANCE,1.2564,0.2622,0.1976,0,0.00,0.073,0.066,0.014,STANCE,1.0399,-0.3608,0.1847,1,12.17,2.940,1.847,1.150,STANCE,1.0720,0.3275,0.1839,0,0.00,0.098,0.063,0.003,STANCE,0.6638,-0.2053,0.0662,0,0.00,0.505,0.248,0.110,SWING,0.7334,0.1820,0.0136,1,23.64,2.940,0.633,2.480,STANCE
70.870,5000,placemove,0.9714,-0.0165,0.2756,0.0087,-0.5179,-0.0143,-0.0149,-0.0004,0.0379,0.0039,0.0286,-0.0001,1.000,0.000,0.0000,0.0000,1.2371,-0.2875,0.2052,0,0.00,0.032,0.124,0.028,STANCE,1.2563,0.2622,0.1977,0,0.00,0.033,0.048,0.013,STANCE,1.0399,-0.3608,0.1847,1,3.31,0.715,0.823,0.722,STANCE,1.0718,0.3275,0.1844,1,0.65,0.128,0.243,0.277,STANCE,0.6704,-0.2190,0.0827,0,0.00,0.099,0.102,0.112,SWING,0.7334,0.1820,0.0136,1,2.24,0.623,0.421,0.122,STANCE
70.891,5004,placemove,0.9711,-0.0166,0.2761,0.0087,-0.5177,-0.0143,-0.0106,-0.0007,0.0207,0.0035,0.0062,0.0005,1.000,0.000,0.0000,0.0000,1.2383,-0.2875,0.2030,0,0.00,0.033,0.118,0.026,STANCE,1.2563,0.2622,0.1977,0,0.00,0.034,0.039,0.009,STANCE,1.0399,-0.3608,0.1847,1,4.57,0.667,1.107,0.739,STANCE,1.0718,0.3275,0.1844,1,1.45,0.121,0.491,0.389,STANCE,0.6789,-0.2321,0.0988,0,0.00,0.101,0.121,0.109,SWING,0.7334,0.1820,0.0136,1,3.24,0.561,0.525,0.068,STANCE
70.928,5008,placemove,0.9710,-0.0166,0.2764,0.0088,-0.5176,-0.0144,-0.0058,-0.0006,0.0113,0.0030,0.0047,0.0010,1.000,0.000,0.0000,0.0000,1.2395,-0.2875,0.2009,0,0.00,0.033,0.116,0.024,STANCE,1.2563,0.2622,0.1977,0,0.00,0.033,0.036,0.006,STANCE,1.0399,-0.3608,0.1846,1,5.24,0.571,1.273,0.731,STANCE,1.0718,0.3275,0.1844,1,1.96,0.040,0.667,0.440,STANCE,0.6888,-0.2434,0.1148,0,0.00,0.101,0.128,0.107,SWING,0.7334,0.1820,0.0136,1,3.69,0.531,0.506,0.010,STANCE
70.949,5012,placemove,0.9709,-0.0166,0.2765,0.0088,-0.5176,-0.0144,-0.0025,-0.0008,0.0064,0.0028,0.0078,0.0010,1.000,0.000,0.0000,0.0000,1.2407,-0.2875,0.1987,0,0.00,0.032,0.115,0.023,STANCE,1.2563,0.2622,0.1977,0,0.00,0.033,0.035,0.005,STANCE,1.0399,-0.3608,0.1846,1,5.56,0.171,1.415,0.618,STANCE,1.0718,0.3275,0.1844,1,2.22,0.090,0.850,0.540,STANCE,0.6995,-0.2524,0.1303,0,0.00,0.393,0.129,0.104,SWING,0.7334,0.1820,0.0136,1,3.12,0.854,0.360,0.009,STANCE
70.986,5016,placemove,0.9709,-0.0166,0.2766,0.0088,-0.5175,-0.0143,-0.0015,-0.0007,0.0032,0.0020,0.0042,0.0010,1.000,0.000,0.0000,0.0000,1.2419,-0.2875,0.1966,0,0.00,0.032,0.115,0.023,STANCE,1.2563,0.2622,0.1976,0,0.00,0.033,0.033,0.004,STANCE,1.0399,-0.3608,0.1846,1,5.60,0.398,1.376,0.679,STANCE,1.0718,0.3275,0.1844,1,2.41,0.125,0.875,0.503,STANCE,0.7038,-0.2497,0.1415,0,0.00,0.002,0.127,0.102,SWING,0.7334,0.1820,0.0137,1,4.23,0.529,0.354,0.206,STANCE
71.017,5020,placemove,0.9709,-0.0166,0.2767,0.0088,-0.5167,-0.0144,-0.0012,-0.0005,0.0012,0.0020,-0.0034,0.0028,1.000,0.000,0.0000,0.0000,1.2431,-0.2875,0.1944,0,0.00,0.030,0.115,0.023,STANCE,1.2564,0.2622,0.1975,0,0.00,0.031,0.035,0.004,STANCE,1.0399,-0.3608,0.1846,1,4.90,0.212,1.211,0.471,STANCE,1.0719,0.3275,0.1844,1,1.99,0.748,0.941,0.338,STANCE,0.7166,-0.2447,0.1322,0,0.00,0.015,0.062,0.102,SWING,0.7333,0.1820,0.0139,1,5.80,0.904,0.511,1.130,STANCE
71.059,5024,placemove,0.9709,-0.0166,0.2767,0.0088,-0.5168,-0.0144,-0.0005,-0.0008,0.0003,0.0015,-0.0026,0.0009,1.000,0.000,0.0000,0.0000,1.2442,-0.2875,0.1923,0,0.00,0.032,0.115,0.023,SHIFT,1.2564,0.2622,0.1975,0,0.00,0.030,0.034,0.003,SHIFT,1.0399,-0.3608,0.1845,1,4.90,0.234,1.076,0.310,SHIFT,1.0719,0.3274,0.1844,1,2.14,0.600,0.822,0.237,SHIFT,0.7312,-0.2387,0.1218,0,0.00,0.018,0.062,0.104,SWING,0.7334,0.1820,0.0139,1,5.79,0.765,0.427,1.084,SHIFT
71.096,5028,placemove,0.9722,-0.0167,0.2774,0.0089,-0.5170,-0.0145,0.0837,-0.0010,0.0476,-0.0005,0.0733,0.0084,1.000,0.000,0.0000,0.0000,1.2453,-0.2876,0.1905,0,0.00,0.021,0.023,0.014,SHIFT,1.2564,0.2621,0.1976,0,0.00,0.002,0.005,0.005,SHIFT,1.0399,-0.3609,0.1845,1,3.96,0.896,1.372,0.302,SHIFT,1.0719,0.3274,0.1844,1,3.31,1.000,1.391,0.392,SHIFT,0.7464,-0.2310,0.1138,0,0.00,0.033,0.024,0.088,SHIFT,0.7335,0.1819,0.0138,0,0.00,0.007,0.116,0.029,SHIFT
71.152,5032,placemove,0.9740,-0.0168,0.2783,0.0089,-0.5168,-0.0145,0.0933,-0.0031,0.0492,-0.0003,0.0955,0.0056,1.000,0.000,0.0000,0.0000,1.2455,-0.2877,0.1902,0,0.00,0.021,0.013,0.008,SHIFT,1.2566,0.2620,0.1976,0,0.00,0.017,0.009,0.006,SHIFT,1.0400,-0.3609,0.1845,1,4.05,0.985,1.313,0.154,SHIFT,1.0721,0.3273,0.1844,1,3.28,1.147,1.425,0.365,SHIFT,0.7565,-0.2266,0.1064,0,0.00,0.038,0.032,0.007,SHIFT,0.7336,0.1819,0.0138,0,0.00,0.002,0.135,0.036,SHIFT
71.190,5036,placemove,0.9758,-0.0169,0.2792,0.0089,-0.5167,-0.0146,0.0949,-0.0038,0.0471,-0.0003,0.0897,0.0064,1.000,0.000,0.0000,0.0000,1.2456,-0.2878,0.1902,0,0.00,0.027,0.021,0.010,SHIFT,1.2567,0.2619,0.1976,0,0.00,0.023,0.009,0.005,SHIFT,1.0401,-0.3610,0.1845,1,4.03,0.913,1.055,0.135,SHIFT,1.0723,0.3271,0.1844,1,3.05,1.123,1.216,0.178,SHIFT,0.7631,-0.2252,0.0981,0,0.00,0.046,0.037,0.004,SHIFT,0.7337,0.1819,0.0139,0,0.00,0.001,0.135,0.039,SHIFT
71.282,5040,placemove,0.9777,-0.0170,0.2801,0.0089,-0.5166,-0.0147,0.0958,-0.0019,0.0460,-0.0006,0.0969,0.0085,1.000,0.000,0.0000,0.0000,1.2457,-0.2879,0.1901,0,0.00,0.020,0.018,0.010,SHIFT,1.2569,0.2617,0.1975,0,0.00,0.016,0.010,0.006,SHIFT,1.0401,-0.3611,0.1845,1,4.26,0.966,1.217,0.017,SHIFT,1.0724,0.3271,0.1844,1,3.42,1.112,1.358,0.261,SHIFT,0.7699,-0.2235,0.0899,0,0.00,0.036,0.033,0.004,SHIFT,0.7339,0.1818,0.0139,0,0.00,0.006,0.141,0.040,SHIFT
71.331,5044,placemove,0.9795,-0.0171,0.2809,0.0089,-0.5161,-0.0147,0.0960,-0.0018,0.0453,0.0005,0.0807,0.0034,1.000,0.000,0.0000,0.0000,1.2457,-0.2880,0.1900,0,0.00,0.042,0.013,0.007,SHIFT,1.2570,0.2617,0.1974,0,0.00,0.001,0.002,0.003,SHIFT,1.0401,-0.3612,0.1845,1,3.31,0.737,0.998,0.079,SHIFT,1.0725,0.3270,0.1844,1,2.55,0.898,1.173,0.368,SHIFT,0.7772,-0.2215,0.0820,0,0.00,0.046,0.054,0.008,SHIFT,0.7339,0.1818,0.0141,0,0.00,0.016,0.138,0.054,SHIFT
71.460,5048,placemove,0.9815,-0.0172,0.2818,0.0088,-0.5157,-0.0149,0.0977,-0.0017,0.0474,0.0036,0.1357,-0.0050,1.000,0.000,0.0000,0.0000,1.2458,-0.2882,0.1900,0,0.00,0.031,0.036,0.015,SHIFT,1.2573,0.2615,0.1974,0,0.00,0.042,0.000,0.003,SHIFT,1.0402,-0.3613,0.1845,1,4.87,1.000,0.839,0.671,SHIFT,1.0728,0.3269,0.1844,1,3.33,1.197,1.207,0.053,SHIFT,0.7850,-0.2191,0.0743,0,0.00,0.032,0.023,0.007,SHIFT,0.7341,0.1817,0.0142,0,0.00,0.027,0.176,0.058,SHIFT
71.557,5052,placemove,0.9834,-0.0173,0.2826,0.0087,-0.5155,-0.0149,0.1240,-0.0122,0.0443,-0.0128,-0.0082,0.0081,1.000,0.000,0.0000,0.0000,1.2458,-0.2883,0.1899,0,0.00,0.125,0.024,0.007,SHIFT,1.2574,0.2613,0.1973,0,0.00,0.112,0.006,0.001,SHIFT,1.0402,-0.3613,0.1845,0,0.00,0.162,0.009,0.007,SHIFT,1.0730,0.3268,0.1844,0,0.36,0.263,0.148,0.019,SHIFT,0.7933,-0.2163,0.0669,0,0.00,0.127,0.104,0.018,SHIFT,0.7342,0.1817,0.0144,1,7.36,0.244,0.827,1.725,SHIFT
71.697,5056,placemove,0.9853,-0.0174,0.2835,0.0085,-0.5152,-0.0150,0.1226,-0.0124,0.0459,-0.0195,-0.0181,0.0092,1.000,0.000,0.0000,0.0000,1.2459,-0.2885,0.1898,0,0.00,0.141,0.032,0.009,SHIFT,1.2576,0.2612,0.1972,0,0.00,0.120,0.010,0.001,SHIFT,1.0402,-0.3614,0.1845,0,0.00,0.183,0.005,0.002,SHIFT,1.0732,0.3267,0.1844,0,0.50,0.310,0.202,0.027,SHIFT,0.8021,-0.2131,0.0599,0,0.00,0.147,0.107,0.019,SHIFT,0.7343,0.1817,0.0145,1,8.90,0.312,1.056,2.127,SHIFT
71.772,5060,placemove,0.9872,-0.0175,0.2843,0.0084,-0.5146,-0.0150,0.0943,0.0014,0.0432,0.0004,0.0982,0.0049,1.000,0.000,0.0000,0.0000,1.2460,-0.2886,0.1898,0,0.00,0.019,0.019,0.010,SHIFT,1.2578,0.2610,0.1972,0,0.00,0.000,0.007,0.005,SHIFT,1.0403,-0.3615,0.1845,1,4.22,0.924,1.179,0.036,SHIFT,1.0734,0.3266,0.1844,1,3.32,0.958,1.415,0.429,SHIFT,0.8114,-0.2097,0.0533,0,0.00,0.014,0.030,0.010,SHIFT,0.7344,0.1817,0.0146,0,0.00,0.029,0.178,0.079,SHIFT
71.913,5064,placemove,0.9892,-0.0176,0.2852,0.0083,-0.5142,-0.0150,0.0999,-0.0073,0.0443,0.0030,0.1253,0.0118,1.000,0.000,0.0000,0.0000,1.2461,-0.2888,0.1898,0,0.00,0.039,0.041,0.014,SHIFT,1.2581,0.2609,0.1971,0,0.00,0.041,0.005,0.002,SHIFT,1.0404,-0.3617,0.1846,1,4.64,0.908,1.168,0.139,SHIFT,1.0737,0.3265,0.1844,1,3.41,1.160,1.510,0.418,SHIFT,0.8211,-0.2059,0.0471,0,0.00,0.035,0.025,0.011,SHIFT,0.7346,0.1816,0.0147,0,0.00,0.000,0.194,0.071,SHIFT
71.995,5068,placemove,0.9907,-0.0177,0.2856,0.0081,-0.5140,-0.0154,0.0223,0.0009,0.0015,-0.0041,0.0011,0.0110,1.000,0.000,0.0000,0.0000,1.2462,-0.2891,0.1896,0,0.00,0.014,0.053,0.002,STANCE,1.2586,0.2606,0.1970,0,0.00,0.022,0.056,0.002,STANCE,1.0405,-0.3618,0.1845,1,6.03,0.030,1.097,0.183,STANCE,1.0742,0.3263,0.1844,1,5.95,0.002,0.973,0.327,STANCE,0.8275,-0.2035,0.0429,0,0.00,0.010,0.121,0.015,STANCE,0.7340,0.1816,0.0174,0,0.00,0.004,0.078,0.003,SWING
72.025,5072,placemove,0.9907,-0.0177,0.2854,0.0080,-0.5156,-0.0151,-0.0136,0.0010,-0.0306,-0.0134,-0.1888,0.0105,1.000,0.000,0.0000,0.0000,1.2462,-0.2891,0.1898,0,0.00,0.021,0.034,0.001,STANCE,1.2585,0.2606,0.1971,0,0.00,0.022,0.035,0.000,STANCE,1.0405,-0.3618,0.1845,1,6.56,0.473,0.917,0.242,STANCE,1.0742,0.3263,0.1843,1,6.31,0.493,0.861,0.245,STANCE,0.8292,-0.2033,0.0403,0,0.00,0.010,0.088,0.003,STANCE,0.7306,0.1804,0.0279,0,0.00,0.013,0.116,0.104,SWING
72.045,5076,placemove,0.9902,-0.0177,0.2847,0.0077,-0.5209,-0.0148,-0.0428,0.0022,-0.0442,-0.0233,-0.4222,0.0074,1.000,0.000,0.0000,0.0000,1.2461,-0.2890,0.1907,0,0.00,0.023,0.039,0.001,STANCE,1.2584,0.2606,0.1980,0,0.00,0.024,0.040,0.000,STANCE,1.0404,-0.3618,0.1844,1,6.66,0.522,0.888,0.278,STANCE,1.0741,0.3263,0.1842,1,6.41,0.535,0.829,0.285,STANCE,0.8310,-0.2033,0.0371,0,0.00,0.012,0.085,0.002,STANCE,0.7285,0.1789,0.0372,0,0.00,0.011,0.113,0.105,SWING
72.082,5080,placemove,0.9892,-0.0176,0.2838,0.0072,-0.5306,-0.0145,-0.0768,0.0038,-0.0583,-0.0352,-0.7003,0.0041,1.000,0.000,0.0000,0.0000,1.2459,-0.2890,0.1924,0,0.00,0.024,0.042,0.000,STANCE,1.2581,0.2606,0.1996,0,0.00,0.024,0.043,0.001,STANCE,1.0402,-0.3618,0.1843,1,6.28,0.517,0.805,0.288,STANCE,1.0740,0.3263,0.1842,1,6.03,0.520,0.746,0.301,STANCE,0.8334,-0.2034,0.0330,0,0.00,0.013,0.082,0.002,STANCE,0.7156,0.1822,0.0441,0,0.00,0.007,0.118,0.095,SWING
72.102,5084,placemove,0.9877,-0.0176,0.2827,0.0067,-0.5444,-0.0141,-0.1036,0.0055,-0.0719,-0.0436,-0.9302,0.0009,1.000,0.000,0.0000,0.0000,1.2455,-0.2890,0.1950,0,0.00,0.028,0.040,0.000,STANCE,1.2577,0.2606,0.2020,0,0.00,0.026,0.046,0.003,STANCE,1.0400,-0.3617,0.1842,1,6.24,0.643,0.747,0.284,STANCE,1.0738,0.3263,0.1841,1,5.56,0.384,0.690,0.324,STANCE,0.8365,-0.2035,0.0280,0,0.00,0.012,0.081,0.002,STANCE,0.7038,0.1863,0.0508,0,0.00,0.216,0.120,0.018,SWING
72.141,5088,placemove,0.9856,-0.0175,0.2814,0.0059,-0.5627,-0.0138,-0.1363,0.0083,-0.0882,-0.0560,-1.2243,-0.0024,1.000,0.000,0.0000,0.0000,1.2450,-0.2890,0.1986,0,0.00,0.032,0.035,0.001,STANCE,1.2571,0.2607,0.2053,0,0.00,0.025,0.045,0.004,STANCE,1.0398,-0.3617,0.1842,1,6.27,0.864,0.727,0.192,STANCE,1.0735,0.3263,0.1841,1,4.95,0.117,0.630,0.396,STANCE,0.8403,-0.2036,0.0222,0,0.00,0.009,0.084,0.001,STANCE,0.7080,0.1918,0.0578,0,0.00,0.615,0.118,0.105,SWING
72.162,5092,placemove,0.9830,-0.0173,0.2797,0.0051,-0.5861,-0.0134,-0.1696,0.0083,-0.1137,-0.0701,-1.5376,-0.0064,1.000,0.000,0.0000,0.0000,1.2443,-0.2890,0.2031,0,0.00,0.027,0.044,0.001,STANCE,1.2562,0.2607,0.2095,0,0.00,0.024,0.046,0.003,STANCE,1.0394,-0.3617,0.1842,1,5.67,0.547,0.671,0.288,STANCE,1.0732,0.3264,0.1841,1,5.24,0.463,0.615,0.305,STANCE,0.8450,-0.2038,0.0156,0,0.00,0.016,0.077,0.002,STANCE,0.7162,0.2026,0.0651,0,0.00,0.025,0.111,0.108,SWING
72.224,5096,placemove,0.9811,-0.0168,0.2790,0.0018,-0.5937,-0.0127,-0.1026,0.0385,-0.0991,-0.1378,-0.5818,-0.0218,1.000,0.000,0.0000,0.0000,1.2416,-0.2889,0.2074,0,0.00,0.001,0.102,0.027,STANCE,1.2539,0.2608,0.2124,0,0.00,0.004,0.131,0.035,STANCE,1.0366,-0.3616,0.1869,0,0.00,0.004,0.131,0.025,STANCE,1.0710,0.3265,0.1853,0,0.00,0.010,0.153,0.029,STANCE,0.8447,-0.2039,0.0150,0,0.00,0.002,0.121,0.016,STANCE,0.7242,0.2147,0.0778,0,0.00,0.081,0.098,0.107,SWING
72.242,5100,placemove,0.9794,-0.0161,0.2757,-0.0019,-0.6053,-0.0118,-0.1009,0.0417,-0.2677,-0.2744,-0.8465,-0.1309,1.000,0.000,0.0000,0.0000,1.2385,-0.2886,0.2111,0,0.00,0.006,0.034,0.025,STANCE,1.2512,0.2611,0.2145,0,0.00,0.005,0.032,0.026,STANCE,1.0342,-0.3612,0.1879,0,0.00,0.004,0.041,0.005,STANCE,1.0665,0.3263,0.1881,0,0.00,0.001,0.102,0.020,STANCE,0.8419,-0.2039,0.0170,0,0.00,0.009,0.045,0.057,STANCE,0.7337,0.2253,0.0882,0,0.00,0.077,0.110,0.105,SWING
72.326,5104,placemove,0.9777,-0.0150,0.2714,-0.0114,-0.6136,-0.0102,-0.1042,0.0737,-0.0629,-0.5273,0.2614,-0.1368,1.000,0.000,0.0000,0.0000,1.2365,-0.2889,0.2112,0,0.00,0.221,0.056,0.032,STANCE,1.2510,0.2607,0.2105,0,0.00,0.172,0.449,0.029,STANCE,1.0337,-0.3610,0.1848,1,6.35,2.940,0.564,0.164,STANCE,1.0652,0.3270,0.1849,1,34.33,2.940,2.940,2.940,STANCE,0.8409,-0.2042,0.0145,1,36.54,0.272,2.940,2.940,STANCE,0.7393,0.2274,0.0927,0,0.00,0.025,0.625,0.056,SWING
72.382,5108,placemove,0.9765,-0.0152,0.2730,-0.0072,-0.6161,-0.0116,-0.0607,-0.0234,0.0528,0.1777,-0.2922,0.0806,1.000,0.000,0.0000,0.0000,1.2358,-0.2886,0.2123,0,0.00,0.087,0.022,0.002,STANCE,1.2497,0.2611,0.2124,0,0.00,0.020,0.012,0.001,STANCE,1.0332,-0.3609,0.1851,0,0.00,0.090,0.008,0.000,STANCE,1.0645,0.3271,0.1852,0,0.00,0.013,0.022,0.006,STANCE,0.8408,-0.2041,0.0143,1,1.54,0.472,0.219,0.225,STANCE,0.7392,0.2225,0.1047,0,0.00,0.073,0.048,0.115,SWING
72.440,5112,placemove,0.9757,-0.0157,0.2728,-0.0033,-0.6151,-0.0098,-0.0500,-0.0283,-0.0666,0.0241,0.0563,0.2810,1.000,0.000,0.0000,0.0000,1.2354,-0.2878,0.2124,0,0.00,0.062,0.026,0.006,STANCE,1.2469,0.2620,0.2142,0,0.00,0.015,0.071,0.014,STANCE,1.0330,-0.3609,0.1850,1,3.76,0.271,0.032,0.681,STANCE,1.0618,0.3273,0.1864,0,0.00,0.026,0.034,0.003,STANCE,0.8399,-0.2045,0.0147,0,0.00,0.031,0.045,0.009,STANCE,0.7477,0.2160,0.1027,0,0.00,0.014,0.148,0.110,SWING
72.495,5116,placemove,0.9755,-0.0155,0.2717,-0.0022,-0.6169,-0.0088,0.0047,0.0017,-0.0231,0.0907,-0.0637,-0.0017,1.000,0.000,0.0000,0.0000,1.2352,-0.2867,0.2127,0,0.00,0.017,0.058,0.000,SHIFT,1.2450,0.2630,0.2147,0,0.00,0.102,0.018,0.022,SHIFT,1.0331,-0.3604,0.1850,1,2.64,0.439,1.347,0.831,SHIFT,1.0610,0.3278,0.1849,1,9.11,0.476,0.766,1.157,SHIFT,0.8398,-0.2046,0.0145,1,8.66,0.505,0.538,1.248,SHIFT,0.7625,0.2092,0.0933,0,0.00,0.016,0.038,0.108,SWING
72.555,5120,placemove,0.9765,-0.0153,0.2723,-0.0017,-0.6191,-0.0103,0.0820,0.0127,0.0472,0.0160,-0.0212,-0.0267,1.000,0.000,0.0000,0.0000,1.2349,-0.2866,0.2134,0,0.00,0.081,0.053,0.008,SHIFT,1.2447,0.2631,0.2153,0,0.00,0.040,0.008,0.001,SHIFT,1.0328,-0.3603,0.1852,0,0.00,0.109,0.023,0.004,SHIFT,1.0610,0.3279,0.1848,1,1.85,0.305,0.035,0.608,SHIFT,0.8400,-0.2044,0.0143,1,4.74,0.109,0.242,0.911,SHIFT,0.7783,0.2011,0.0870,0,0.00,0.043,0.001,0.094,SHIFT
72.576,5124,placemove,0.9783,-0.0152,0.2733,-0.0010,-0.6188,-0.0111,0.1107,-0.0007,0.0478,0.0662,0.1216,0.0219,1.000,0.000,0.0000,0.0000,1.2350,-0.2864,0.2134,0,0.00,0.081,0.048,0.007,SHIFT,1.2448,0.2633,0.2152,0,0.00,0.037,0.014,0.003,SHIFT,1.0330,-0.3602,0.1852,0,0.00,0.106,0.020,0.004,SHIFT,1.0610,0.3281,0.1847,1,1.46,0.347,0.119,0.399,SHIFT,0.8401,-0.2044,0.0142,1,3.32,0.138,0.076,0.590,SHIFT,0.7890,0.1964,0.0810,0,0.00,0.042,0.029,0.013,SHIFT
72.641,5128,placemove,0.9801,-0.0152,0.2743,-0.0002,-0.6180,-0.0118,0.0943,0.0051,0.0570,0.0227,0.0261,-0.0033,1.000,0.000,0.0000,0.0000,1.2354,-0.2863,0.2129,0,0.00,0.091,0.015,0.005,SHIFT,1.2449,0.2635,0.2149,0,0.00,0.042,0.026,0.004,SHIFT,1.0333,-0.3601,0.1850,1,1.06,0.427,0.454,0.068,SHIFT,1.0611,0.3282,0.1846,1,1.28,0.481,0.472,0.001,SHIFT,0.8402,-0.2044,0.0142,1,3.10,0.014,0.434,0.743,SHIFT,0.7962,0.1947,0.0739,0,0.00,0.050,0.066,0.011,SHIFT
72.663,5132,placemove,0.9817,-0.0152,0.2754,0.0001,-0.6181,-0.0122,0.0923,0.0040,0.0587,0.0197,0.0357,-0.0004,1.000,0.000,0.0000,0.0000,1.2355,-0.2861,0.2129,0,0.00,0.080,0.012,0.004,SHIFT,1.2449,0.2636,0.2149,0,0.00,0.037,0.026,0.004,SHIFT,1.0335,-0.3600,0.1849,1,1.26,0.491,0.519,0.049,SHIFT,1.0611,0.3283,0.1845,1,1.59,0.559,0.467,0.143,SHIFT,0.8404,-0.2043,0.0141,1,2.02,0.003,0.381,0.536,SHIFT,0.8037,0.1929,0.0667,0,0.00,0.040,0.064,0.011,SHIFT
72.709,5136,placemove,0.9834,-0.0151,0.2765,0.0004,-0.6177,-0.0126,0.0892,0.0016,0.0627,0.0203,0.1094,-0.0111,1.000,0.000,0.0000,0.0000,1.2357,-0.2860,0.2129,0,0.00,0.031,0.015,0.004,SHIFT,1.2450,0.2637,0.2148,0,0.00,0.030,0.005,0.001,SHIFT,1.0337,-0.3599,0.1849,1,2.00,0.658,0.860,0.160,SHIFT,1.0612,0.3284,0.1845,1,2.57,0.624,0.853,0.025,SHIFT,0.8405,-0.2043,0.0142,0,0.00,0.020,0.073,0.012,SHIFT,0.8116,0.1907,0.0598,0,0.00,0.045,0.040,0.008,SHIFT
72.767,5140,placemove,0.9851,-0.0151,0.2777,0.0006,-0.6174,-0.0128,0.1001,0.0054,0.0618,0.0167,0.0374,0.0052,1.000,0.000,0.0000,0.0000,1.2359,-0.2859,0.2128,0,0.00,0.083,0.015,0.002,SHIFT,1.2451,0.2638,0.2146,0,0.00,0.063,0.018,0.005,SHIFT,1.0339,-0.3598,0.1849,0,0.37,0.208,0.141,0.006,SHIFT,1.0612,0.3284,0.1844,1,0.60,0.282,0.190,0.020,SHIFT,0.8406,-0.2043,0.0142,1,2.44,0.104,0.242,0.551,SHIFT,0.8199,0.1882,0.0533,0,0.00,0.068,0.075,0.013,SHIFT
72.854,5144,placemove,0.9868,-0.0150,0.2789,0.0008,-0.6170,-0.0129,0.0992,0.0063,0.0617,0.0153,0.0380,-0.0016,1.000,0.000,0.0000,0.0000,1.2362,-0.2857,0.2127,0,0.00,0.061,0.004,0.000,SHIFT,1.2452,0.2640,0.2145,0,0.00,0.083,0.006,0.004,SHIFT,1.0342,-0.3598,0.1849,1,0.55,0.231,0.205,0.021,SHIFT,1.0613,0.3285,0.1844,1,0.52,0.268,0.155,0.030,SHIFT,0.8407,-0.2043,0.0143,1,2.42,0.179,0.292,0.595,SHIFT,0.8286,0.1853,0.0472,0,0.00,0.089,0.079,0.013,SHIFT
72.934,5148,placemove,0.9885,-0.0150,0.2801,0.0009,-0.6166,-0.0130,0.1015,0.0056,0.0619,0.0147,0.0270,0.0005,1.000,0.000,0.0000,0.0000,1.2364,-0.2856,0.2126,0,0.00,0.092,0.011,0.001,SHIFT,1.2453,0.2641,0.2144,0,0.00,0.075,0.019,0.005,SHIFT,1.0344,-0.3597,0.1849,0,0.13,0.154,0.066,0.015,SHIFT,1.0613,0.3286,0.1843,0,0.30,0.208,0.093,0.010,SHIFT,0.8409,-0.2042,0.0143,1,3.17,0.116,0.318,0.718,SHIFT,0.8377,0.1821,0.0415,0,0.00,0.077,0.084,0.015,SHIFT
73.047,5152,placemove,0.9902,-0.0149,0.2813,0.0011,-0.6161,-0.0130,0.0942,0.0011,0.0626,0.0153,0.0882,0.0313,1.000,0.000,0.0000,0.0000,1.2366,-0.2855,0.2125,0,0.00,0.043,0.009,0.001,SHIFT,1.2453,0.2643,0.2143,0,0.00,0.048,0.004,0.000,SHIFT,1.0347,-0.3596,0.1848,1,1.33,0.460,0.527,0.058,SHIFT,1.0614,0.3287,0.1843,1,2.10,0.460,0.470,0.202,SHIFT,0.8410,-0.2042,0.0144,0,0.00,0.044,0.048,0.012,SHIFT,0.8473,0.1784,0.0362,0,0.00,0.042,0.056,0.013,SHIFT
73.103,5156,placemove,0.9919,-0.0148,0.2825,0.0013,-0.6157,-0.0129,0.0971,0.0043,0.0608,0.0139,0.0528,0.0339,1.000,0.000,0.0000,0.0000,1.2369,-0.2853,0.2124,0,0.00,0.055,0.000,0.000,SHIFT,1.2454,0.2645,0.2141,0,0.00,0.061,0.013,0.002,SHIFT,1.0350,-0.3595,0.1848,1,0.95,0.345,0.381,0.049,SHIFT,1.0614,0.3288,0.1842,1,1.55,0.532,0.336,0.263,SHIFT,0.8412,-0.2042,0.0145,0,0.49,0.229,0.122,0.188,SHIFT,0.8549,0.1756,0.0321,0,0.00,0.049,0.167,0.018,SHIFT
73.150,5160,placemove,0.9932,-0.0149,0.2834,0.0016,-0.6129,-0.0135,0.0402,-0.0061,0.0282,0.0239,0.2943,-0.0414,1.000,0.000,0.0000,0.0000,1.2358,-0.2857,0.2143,0,0.00,0.025,0.072,0.052,SWING,1.2455,0.2645,0.2137,0,0.00,0.019,0.048,0.002,STANCE,1.0350,-0.3596,0.1848,1,4.51,0.301,1.481,0.850,STANCE,1.0614,0.3288,0.1842,1,4.38,0.203,1.615,0.928,STANCE,0.8408,-0.2042,0.0148,0,0.00,0.023,0.004,0.002,STANCE,0.8566,0.1753,0.0303,0,0.00,0.005,0.081,0.007,STANCE
73.176,5164,placemove,0.9932,-0.0149,0.2838,0.0019,-0.6112,-0.0140,-0.0460,-0.0003,0.0801,-0.0113,0.1316,-0.0179,1.000,0.000,0.0000,0.0000,1.2299,-0.2886,0.2237,0,0.00,0.082,0.159,0.100,SWING,1.2456,0.2644,0.2131,0,0.00,0.071,0.074,0.007,STANCE,1.0349,-0.3597,0.1847,1,4.87,1.373,0.995,1.031,STANCE,1.0615,0.3288,0.1841,1,13.63,1.637,2.811,1.226,STANCE,0.8405,-0.2042,0.0149,1,14.50,0.250,1.838,0.571,STANCE,0.8577,0.1753,0.0286,0,0.00,0.047,0.256,0.012,STANCE
73.225,5168,placemove,0.9928,-0.0148,0.2841,0.0014,-0.6117,-0.0141,0.0007,0.0022,-0.0107,-0.0067,-0.0157,-0.0152,1.000,0.000,0.0000,0.0000,1.2233,-0.2907,0.2342,0,0.00,0.041,0.091,0.103,SWING,1.2455,0.2643,0.2132,0,0.00,0.044,0.009,0.001,STANCE,1.0346,-0.3596,0.1849,1,0.64,0.362,0.065,0.007,STANCE,1.0614,0.3288,0.1841,1,5.95,1.262,0.900,0.501,STANCE,0.8405,-0.2042,0.0148,1,4.59,0.916,0.846,0.096,STANCE,0.8590,0.1753,0.0267,0,0.00,0.025,0.115,0.002,STANCE
73.247,5172,placemove,0.9930,-0.0149,0.2838,0.0014,-0.6117,-0.0142,0.0074,-0.0006,-0.0150,0.0012,0.0000,-0.0011,1.000,0.000,0.0000,0.0000,1.2172,-0.2920,0.2436,0,0.00,0.037,0.133,0.103,SWING,1.2455,0.2643,0.2132,0,0.00,0.035,0.026,0.002,STANCE,1.0346,-0.3596,0.1849,1,3.91,0.351,0.495,0.133,STANCE,1.0614,0.3288,0.1840,1,6.94,0.836,1.446,0.560,STANCE,0.8405,-0.2042,0.0147,1,3.70,0.482,0.715,0.105,STANCE,0.8604,0.1753,0.0247,0,0.00,0.020,0.100,0.000,STANCE
73.282,5176,placemove,0.9931,-0.0149,0.2836,0.0014,-0.6117,-0.0142,0.0048,0.0007,-0.0103,-0.0014,0.0019,-0.0001,1.000,0.000,0.0000,0.0000,1.2132,-0.2916,0.2548,0,0.00,0.556,0.130,0.106,SWING,1.2455,0.2643,0.2132,0,0.00,0.034,0.027,0.000,STANCE,1.0346,-0.3596,0.1848,1,3.03,0.102,0.541,0.123,STANCE,1.0615,0.3288,0.1840,1,7.02,0.906,1.373,0.522,STANCE,0.8405,-0.2042,0.0146,1,2.90,0.383,0.739,0.206,STANCE,0.8618,0.1753,0.0226,0,0.00,0.025,0.101,0.001,STANCE
73.304,5180,placemove,0.9931,-0.0149,0.2835,0.0015,-0.6117,-0.0143,0.0025,-0.0000,-0.0073,0.0003,-0.0003,0.0000,1.000,0.000,0.0000,0.0000,1.2167,-0.2870,0.2712,0,0.00,0.137,0.125,0.106,SWING,1.2455,0.2643,0.2131,0,0.00,0.038,0.029,0.000,STANCE,1.0346,-0.3595,0.1847,1,3.77,0.392,0.358,0.235,STANCE,1.0615,0.3288,0.1839,1,6.48,0.925,1.341,0.591,STANCE,0.8405,-0.2042,0.0146,1,3.24,0.515,0.683,0.152,STANCE,0.8631,0.1753,0.0206,0,0.00,0.023,0.099,0.001,STANCE
73.344,5184,placemove,0.9932,-0.0149,0.2834,0.0015,-0.6117,-0.0143,0.0013,-0.0000,-0.0053,0.0001,-0.0005,0.0000,1.000,0.000,0.0000,0.0000,1.2202,-0.2805,0.2877,0,0.00,0.134,0.125,0.106,SWING,1.2455,0.2643,0.2130,0,0.00,0.038,0.029,0.001,STANCE,1.0346,-0.3595,0.1847,1,3.68,0.386,0.325,0.249,STANCE,1.0615,0.3288,0.1839,1,6.41,0.940,1.312,0.591,STANCE,0.8405,-0.2042,0.0145,1,3.12,0.532,0.682,0.169,STANCE,0.8645,0.1753,0.0186,0,0.00,0.023,0.099,0.002,STANCE
73.366,5188,placemove,0.9932,-0.0149,0.2833,0.0015,-0.6117,-0.0143,0.0007,-0.0001,-0.0041,0.0002,-0.0005,-0.0001,1.000,0.000,0.0000,0.0000,1.2244,-0.2750,0.3041,0,0.00,0.143,0.076,0.155,SWING,1.2455,0.2643,0.2130,0,0.00,0.040,0.030,0.001,STANCE,1.0346,-0.3595,0.1846,1,3.67,0.399,0.306,0.263,STANCE,1.0615,0.3288,0.1838,1,6.42,0.930,1.320,0.592,STANCE,0.8405,-0.2042,0.0145,1,3.07,0.526,0.691,0.179,STANCE,0.8659,0.1752,0.0166,0,0.00,0.023,0.100,0.002,STANCE
73.429,5192,placemove,0.9932,-0.0149,0.2834,0.0019,-0.6105,-0.0142,0.0134,-0.0107,0.0355,0.0774,0.2628,0.0501,1.000,0.000,0.0000,0.0000,1.2363,-0.2819,0.3240,0,0.00,0.126,0.186,0.108,SWING,1.2454,0.2644,0.2129,0,0.00,0.116,0.008,0.005,STANCE,1.0346,-0.3595,0.1845,1,3.12,0.634,0.580,0.436,STANCE,1.0613,0.3288,0.1839,0,0.00,0.098,0.013,0.006,STANCE,0.8403,-0.2042,0.0146,0,0.00,0.037,0.007,0.008,STANCE,0.8671,0.1752,0.0148,1,10.15,0.842,0.807,1.868,STANCE
73.464,5196,placemove,0.9937,-0.0151,0.2821,0.0019,-0.6128,-0.0143,0.0239,-0.0147,-0.1416,0.0007,-0.0093,-0.0112,1.000,0.000,0.0000,0.0000,1.2468,-0.2845,0.3451,0,0.00,0.102,0.014,0.039,SWING,1.2448,0.2642,0.2141,0,0.00,0.015,0.061,0.022,STANCE,1.0320,-0.3596,0.1882,0,0.00,0.001,0.106,0.038,STANCE,1.0581,0.3285,0.1885,0,0.00,0.004,0.146,0.055,STANCE,0.8375,-0.2042,0.0188,0,0.00,0.004,0.108,0.052,STANCE,0.8645,0.1751,0.0185,0,0.00,0.001,0.071,0.048,STANCE
73.527,5200,placemove,0.9938,-0.0152,0.2790,0.0023,-0.6089,-0.0138,-0.0180,0.0108,-0.0626,0.1804,0.1634,0.1854,1.000,0.000,0.0000,0.0000,1.2573,-0.2858,0.3609,0,0.00,0.151,0.215,0.076,SWING,1.2450,0.2641,0.2096,0,0.00,0.274,0.720,0.077,STANCE,1.0319,-0.3598,0.1850,1,36.37,2.940,2.940,2.940,STANCE,1.0581,0.3285,0.1849,1,40.37,2.940,2.940,2.940,STANCE,0.8373,-0.2045,0.0154,0,0.00,0.119,0.142,0.052,STANCE,0.8643,0.1749,0.0150,1,40.23,0.641,2.855,2.940,STANCE
73.580,5204,placemove,0.9935,-0.0152,0.2789,0.0010,-0.6105,-0.0142,-0.0165,0.0027,-0.0708,-0.0751,-0.1427,-0.0697,1.000,0.000,0.0000,0.0000,1.2664,-0.2873,0.3546,0,0.00,0.014,0.134,0.093,SWING,1.2446,0.2640,0.2100,0,0.00,0.013,0.024,0.007,STANCE,1.0311,-0.3598,0.1857,0,0.00,0.003,0.046,0.016,STANCE,1.0572,0.3285,0.1858,0,0.00,0.000,0.075,0.029,STANCE,0.8366,-0.2045,0.0160,0,0.00,0.001,0.056,0.027,STANCE,0.8636,0.1749,0.0158,0,0.00,0.002,0.042,0.028,STANCE
73.662,5208,placemove,0.9914,-0.0147,0.2803,-0.0014,-0.6132,-0.0138,-0.2634,0.0960,0.3186,-0.4383,-0.4831,-0.2909,1.000,0.000,0.0000,0.0000,1.2705,-0.2886,0.3497,1,21.27,0.267,1.381,2.940,SHIFT,1.2445,0.2640,0.2088,0,0.00,0.096,0.151,0.046,SHIFT,1.0296,-0.3597,0.1864,0,0.00,0.062,0.049,0.014,SHIFT,1.0557,0.3282,0.1863,0,0.00,0.066,0.058,0.027,SHIFT,0.8366,-0.2045,0.0146,0,0.00,0.098,0.091,0.023,SHIFT,0.8638,0.1749,0.0140,1,18.19,0.310,0.840,1.741,SHIFT
73.701,5212,placemove,0.9871,-0.0130,0.2839,-0.0106,-0.6311,-0.0127,-0.2764,0.1170,0.1415,-0.4317,-1.3160,-0.1553,1.000,0.000,0.0000,0.0000,1.2708,-0.2900,0.3513,0,0.00,0.068,0.118,0.080,SHIFT,1.2417,0.2640,0.2131,0,0.00,0.080,0.027,0.007,SHIFT,1.0235,-0.3589,0.1933,0,0.00,0.087,0.021,0.004,SHIFT,1.0477,0.3292,0.1950,0,0.00,0.083,0.083,0.030,SHIFT,0.8315,-0.2038,0.0214,0,0.00,0.047,0.017,0.005,SHIFT,0.8602,0.1750,0.0182,0,0.00,0.053,0.037,0.007,SHIFT
73.731,5216,placemove,0.9826,-0.0111,0.2847,-0.0161,-0.6502,-0.0106,-0.2691,0.1150,-0.0260,-0.2339,-1.0938,-0.0398,1.000,0.000,0.0000,0.0000,1.2670,-0.2893,0.3547,0,0.00,0.068,0.067,0.018,SHIFT,1.2374,0.2653,0.2165,0,0.00,0.084,0.012,0.004,SHIFT,1.0188,-0.3575,0.1959,0,0.00,0.091,0.013,0.002,SHIFT,1.0432,0.3308,0.1952,0,0.00,0.092,0.002,0.001,SHIFT,0.8257,-0.2011,0.0301,0,0.00,0.048,0.155,0.021,SHIFT,0.8542,0.1744,0.0253,0,0.00,0.056,0.132,0.072,SHIFT
73.750,5220,placemove,0.9781,-0.0091,0.2829,-0.0207,-0.6644,-0.0089,-0.2763,0.1150,-0.1722,-0.2184,-0.5171,-0.0747,1.000,0.000,0.0000,0.0000,1.2612,-0.2873,0.3559,0,0.00,0.060,0.065,0.017,SHIFT,1.2325,0.2669,0.2165,0,0.00,0.078,0.002,0.002,SHIFT,1.0141,-0.3559,0.1953,0,0.00,0.084,0.011,0.001,SHIFT,1.0387,0.3323,0.1920,0,0.00,0.090,0.008,0.000,SHIFT,0.8171,-0.2019,0.0296,0,0.00,0.047,0.002,0.017,SHIFT,0.8466,0.1768,0.0238,0,0.00,0.057,0.002,0.020,SHIFT
73.779,5224,placemove,0.9735,-0.0072,0.2786,-0.0252,-0.6714,-0.0077,-0.2781,0.1152,-0.3326,-0.2091,-0.3949,-0.0871,1.000,0.000,0.0000,0.0000,1.2559,-0.2853,0.3520,0,0.00,0.062,0.091,0.021,SHIFT,1.2270,0.2684,0.2120,0,0.00,0.091,0.017,0.004,SHIFT,1.0084,-0.3544,0.1919,0,0.00,0.083,0.016,0.002,SHIFT,1.0334,0.3338,0.1858,0,0.00,0.090,0.005,0.000,SHIFT,0.8134,-0.2012,0.0227,0,0.00,0.047,0.049,0.003,SHIFT,0.8432,0.1779,0.0155,0,0.00,0.057,0.051,0.001,SHIFT
73.828,5228,placemove,0.9708,-0.0080,0.2757,-0.0135,-0.6690,-0.0237,-0.0392,-0.0586,-0.0092,0.1547,0.2431,-0.2399,1.000,0.000,0.0000,0.0000,1.2508,-0.2886,0.3428,0,0.00,0.837,0.430,0.075,SHIFT,1.2246,0.2665,0.2090,0,0.00,0.262,0.063,0.018,SHIFT,1.0016,-0.3543,0.1849,1,5.96,2.940,2.070,1.646,SHIFT,1.0326,0.3336,0.1847,1,7.98,2.940,2.160,2.915,SHIFT,0.8086,-0.1984,0.0145,1,44.96,2.940,2.940,2.940,SHIFT,0.8427,0.1780,0.0139,1,15.73,1.485,1.871,2.940,SHIFT
73.878,5232,placemove,0.9718,-0.0087,0.2803,-0.0130,-0.6631,-0.0227,0.0800,-0.0546,0.3107,-0.0737,0.1448,0.1634,1.000,0.000,0.0000,0.0000,1.2540,-0.2898,0.3381,0,0.00,0.243,0.480,0.098,SHIFT,1.2261,0.2656,0.2076,0,0.00,0.086,0.134,0.029,SHIFT,0.9993,-0.3549,0.1862,0,0.00,0.324,0.064,0.014,SHIFT,1.0327,0.3332,0.1844,1,1.12,0.282,0.606,0.198,SHIFT,0.8090,-0.1985,0.0142,0,0.00,0.287,0.038,0.012,SHIFT,0.8419,0.1795,0.0130,1,6.56,0.869,2.613,2.940,SHIFT
73.909,5236,placemove,0.9734,-0.0100,0.2846,-0.0143,-0.6606,-0.0205,0.1032,-0.0810,0.1883,-0.0682,0.1316,0.0456,1.000,0.000,0.0000,0.0000,1.2575,-0.2911,0.3367,0,0.00,0.076,0.129,0.035,SHIFT,1.2277,0.2644,0.2082,0,0.00,0.071,0.042,0.019,SHIFT,0.9991,-0.3561,0.1895,0,0.00,0.097,0.006,0.001,SHIFT,1.0340,0.3318,0.1851,0,0.00,0.081,0.046,0.011,SHIFT,0.8102,-0.1998,0.0156,0,0.00,0.058,0.040,0.006,SHIFT,0.8422,0.1791,0.0135,0,0.00,0.041,0.028,0.005,SHIFT
73.938,5240,placemove,0.9752,-0.0113,0.2863,-0.0148,-0.6580,-0.0207,0.1068,-0.0675,0.0327,0.1469,0.1831,-0.0971,1.000,0.000,0.0000,0.0000,1.2595,-0.2929,0.3342,0,0.00,0.078,0.084,0.023,SHIFT,1.2287,0.2627,0.2078,0,0.00,0.075,0.045,0.012,SHIFT,0.9997,-0.3574,0.1888,0,0.00,0.094,0.061,0.010,SHIFT,1.0350,0.3304,0.1851,0,0.00,0.080,0.040,0.006,SHIFT,0.8107,-0.2008,0.0153,0,0.00,0.055,0.060,0.006,SHIFT,0.8425,0.1781,0.0139,0,0.00,0.044,0.009,0.001,SHIFT
73.984,5244,placemove,0.9776,-0.0115,0.2875,-0.0147,-0.6519,-0.0187,0.1575,-0.0057,0.0441,0.0704,0.3355,0.1900,1.000,0.000,0.0000,0.0000,1.2623,-0.2932,0.3301,0,0.00,0.076,0.043,0.016,SHIFT,1.2291,0.2627,0.2064,0,0.00,0.054,0.029,0.007,SHIFT,1.0016,-0.3576,0.1862,0,0.00,0.097,0.059,0.011,SHIFT,1.0353,0.3303,0.1849,0,0.48,0.191,0.023,0.133,SHIFT,0.8110,-0.2008,0.0148,0,0.19,0.102,0.085,0.021,SHIFT,0.8418,0.1781,0.0146,0,0.00,0.031,0.035,0.002,SHIFT
74.049,5248,placemove,0.9790,-0.0114,0.2894,-0.0154,-0.6480,-0.0176,0.0340,0.0067,0.1357,-0.0502,0.0618,0.0200,1.000,0.000,0.0000,0.0000,1.2645,-0.2932,0.3266,0,0.00,0.074,0.123,0.030,SHIFT,1.2293,0.2628,0.2053,0,0.00,0.075,0.055,0.014,SHIFT,1.0025,-0.3576,0.1848,0,0.00,0.085,0.039,0.002,SHIFT,1.0353,0.3304,0.1847,0,0.00,0.078,0.051,0.002,SHIFT,0.8104,-0.2007,0.0152,0,0.00,0.053,0.035,0.003,SHIFT,0.8412,0.1782,0.0152,0,0.00,0.045,0.040,0.001,SHIFT
74.115,5252,placemove,0.9773,-0.0112,0.2929,-0.0172,-0.6482,-0.0163,-0.1891,0.0204,0.2352,-0.0704,-0.1435,0.0158,1.000,0.000,0.0000,0.0000,1.2655,-0.2933,0.3255,0,0.00,0.016,0.159,0.062,STANCE,1.2249,0.2644,0.2119,0,0.00,0.008,0.115,0.100,SWING,1.0021,-0.3576,0.1855,0,0.00,0.011,0.034,0.023,STANCE,1.0351,0.3304,0.1849,0,0.00,0.007,0.085,0.029,STANCE,0.8105,-0.2008,0.0152,0,0.00,0.007,0.053,0.036,STANCE,0.8414,0.1781,0.0148,0,0.00,0.004,0.078,0.040,STANCE
74.146,5256,placemove,0.9742,-0.0109,0.2952,-0.0184,-0.6515,-0.0152,-0.1863,0.0208,0.0663,-0.0465,-0.1623,0.0232,1.000,0.000,0.0000,0.0000,1.2641,-0.2930,0.3267,0,0.00,0.006,0.086,0.023,STANCE,1.2159,0.2683,0.2243,0,0.00,0.004,0.110,0.101,SWING,0.9998,-0.3573,0.1878,0,0.00,0.003,0.039,0.001,STANCE,1.0329,0.3306,0.1867,0,0.00,0.002,0.066,0.004,STANCE,0.8091,-0.2007,0.0162,0,0.00,0.002,0.054,0.008,STANCE,0.8398,0.1782,0.0159,0,0.00,0.000,0.051,0.001,STANCE
74.196,5260,placemove,0.9715,-0.0106,0.2953,-0.0192,-0.6540,-0.0142,-0.1261,0.0205,-0.0164,-0.0121,-0.2469,0.0588,1.000,0.000,0.0000,0.0000,1.2624,-0.2926,0.3263,0,0.00,0.004,0.065,0.016,STANCE,1.2066,0.2716,0.2343,0,0.00,0.008,0.087,0.104,SWING,0.9982,-0.3571,0.1871,0,0.00,0.000,0.044,0.013,STANCE,1.0311,0.3308,0.1857,0,0.00,0.002,0.053,0.012,STANCE,0.8080,-0.2007,0.0149,0,0.00,0.007,0.079,0.010,STANCE,0.8385,0.1783,0.0147,0,0.00,0.009,0.083,0.009,STANCE
74.235,5264,placemove,0.9694,-0.0102,0.2934,-0.0189,-0.6597,-0.0132,-0.1275,0.0214,-0.1775,-0.0156,-0.2159,0.0485,1.000,0.000,0.0000,0.0000,1.2593,-0.2918,0.3279,0,0.00,0.003,0.005,0.022,STANCE,1.1979,0.2744,0.2434,0,0.00,0.007,0.092,0.104,SWING,0.9960,-0.3567,0.1872,0,0.00,0.001,0.019,0.014,STANCE,1.0280,0.3313,0.1861,0,0.00,0.001,0.018,0.014,STANCE,0.8054,-0.2004,0.0154,0,0.00,0.001,0.001,0.028,STANCE,0.8354,0.1786,0.0154,0,0.00,0.001,0.000,0.029,STANCE
74.302,5268,placemove,0.9691,-0.0102,0.2925,-0.0190,-0.6614,-0.0132,0.0253,0.0039,-0.0397,-0.0112,-0.0646,0.0089,1.000,0.000,0.0000,0.0000,1.2592,-0.2917,0.3267,0,0.00,0.025,0.003,0.007,STANCE,1.1958,0.2742,0.2562,0,0.00,0.125,0.085,0.108,SWING,0.9962,-0.3566,0.1854,0,0.00,0.052,0.055,0.005,STANCE,1.0274,0.3314,0.1851,0,0.00,0.072,0.022,0.007,STANCE,0.8050,-0.2004,0.0144,1,5.18,1.026,0.071,0.512,STANCE,0.8350,0.1787,0.0143,1,6.52,1.084,0.207,0.791,STANCE
74.380,5272,placemove,0.9694,-0.0101,0.2920,-0.0197,-0.6615,-0.0137,-0.0039,0.0036,0.0013,-0.0217,-0.0001,-0.0473,1.000,0.000,0.0000,0.0000,1.2602,-0.2918,0.3251,0,0.00,0.043,0.112,0.021,STANCE,1.2005,0.2705,0.2735,0,0.00,0.141,0.134,0.105,SWING,0.9969,-0.3566,0.1843,1,5.25,0.364,0.397,0.528,STANCE,1.0275,0.3314,0.1849,1,3.01,0.228,0.504,0.046,STANCE,0.8047,-0.2003,0.0145,0,0.00,0.033,0.014,0.009,STANCE,0.8350,0.1786,0.0143,1,5.24,0.004,0.506,1.000,STANCE
74.412,5276,placemove,0.9693,-0.0101,0.2921,-0.0197,-0.6614,-0.0140,-0.0042,0.0002,0.0063,0.0016,0.0078,-0.0055,1.000,0.000,0.0000,0.0000,1.2616,-0.2920,0.3233,0,0.00,0.036,0.124,0.028,STANCE,1.2041,0.2652,0.2914,0,0.00,0.140,0.118,0.105,SWING,0.9968,-0.3566,0.1842,1,2.84,0.101,0.164,0.419,STANCE,1.0275,0.3314,0.1849,1,2.05,0.118,0.369,0.075,STANCE,0.8046,-0.2003,0.0146,1,1.32,0.381,0.070,0.122,STANCE,0.8350,0.1787,0.0143,1,5.64,0.187,0.474,1.107,STANCE
74.454,5280,placemove,0.9692,-0.0101,0.2922,-0.0197,-0.6613,-0.0141,-0.0028,-0.0000,0.0037,0.0019,0.0061,-0.0016,1.000,0.000,0.0000,0.0000,1.2631,-0.2921,0.3213,0,0.00,0.036,0.123,0.028,STANCE,1.2070,0.2583,0.3087,0,0.00,0.138,0.119,0.105,SWING,0.9968,-0.3566,0.1842,1,2.49,0.296,0.187,0.365,STANCE,1.0276,0.3314,0.1848,1,1.78,0.116,0.474,0.105,STANCE,0.8046,-0.2003,0.0146,1,2.13,0.502,0.068,0.222,STANCE,0.8350,0.1786,0.0143,1,5.99,0.377,0.636,1.219,STANCE
74.476,5284,placemove,0.9692,-0.0101,0.2922,-0.0196,-0.6612,-0.0141,-0.0012,-0.0000,0.0016,0.0019,0.0047,-0.0006,1.000,0.000,0.0000,0.0000,1.2646,-0.2921,0.3194,0,0.00,0.036,0.122,0.028,STANCE,1.2135,0.2585,0.3278,0,0.00,0.147,0.086,0.013,SWING,0.9968,-0.3566,0.1842,1,2.48,0.379,0.234,0.335,STANCE,1.0276,0.3314,0.1848,1,1.68,0.232,0.537,0.120,STANCE,0.8046,-0.2003,0.0145,1,2.42,0.547,0.066,0.255,STANCE,0.8350,0.1786,0.0143,1,6.25,0.479,0.738,1.299,STANCE
74.578,5288,placemove,0.9682,-0.0098,0.2929,-0.0214,-0.6640,-0.0138,-0.0704,0.0126,0.0326,-0.0523,-0.1981,-0.0481,1.000,0.000,0.0000,0.0000,1.2651,-0.2921,0.3191,0,0.00,0.022,0.079,0.027,STANCE,1.2209,0.2606,0.3497,0,0.00,0.162,0.078,0.032,SWING,0.9961,-0.3565,0.1852,0,0.00,0.045,0.019,0.000,STANCE,1.0273,0.3315,0.1850,0,0.00,0.047,0.037,0.001,STANCE,0.8044,-0.2003,0.0149,0,0.00,0.037,0.003,0.005,STANCE,0.8349,0.1787,0.0142,1,7.26,0.069,0.523,1.174,STANCE
74.625,5292,placemove,0.9673,-0.0098,0.2930,-0.0207,-0.6685,-0.0140,-0.0353,-0.0056,-0.0086,0.0232,-0.2360,0.0084,1.000,0.000,0.0000,0.0000,1.2651,-0.2921,0.3190,1,5.31,1.437,1.166,0.990,STANCE,1.2326,0.2605,0.3670,0,0.00,0.166,0.140,0.095,SWING,0.9960,-0.3565,0.1850,0,0.00,0.078,0.072,0.005,STANCE,1.0264,0.3315,0.1860,0,0.00,0.074,0.036,0.006,STANCE,0.8044,-0.2002,0.0148,1,12.72,1.899,0.758,1.866,STANCE,0.8348,0.1787,0.0143,1,2.78,0.705,0.793,0.694,STANCE
74.694,5296,placemove,0.9671,-0.0098,0.2922,-0.0206,-0.6742,-0.0137,-0.0129,0.0028,-0.0276,-0.0259,-0.2271,-0.0267,1.000,0.000,0.0000,0.0000,1.2651,-0.2919,0.3196,1,7.96,0.578,0.283,1.181,STANCE,1.2499,0.2523,0.3681,0,0.00,0.421,0.090,0.099,SWING,0.9964,-0.3565,0.1846,0,0.00,0.066,0.007,0.005,STANCE,1.0263,0.3316,0.1859,0,0.00,0.064,0.101,0.002,STANCE,0.8044,-0.2002,0.0149,1,5.66,0.880,0.761,1.099,STANCE,0.8346,0.1787,0.0145,1,9.74,0.183,0.383,0.928,STANCE
74.723,5300,placemove,0.9663,-0.0097,0.2926,-0.0211,-0.6784,-0.0137,-0.0405,0.0019,0.0752,-0.0001,-0.2247,-0.0022,1.000,0.000,0.0000,0.0000,1.2653,-0.2919,0.3196,1,4.56,1.644,1.698,0.942,SHIFT,1.2591,0.2516,0.3628,0,0.00,0.096,0.141,0.094,SHIFT,0.9958,-0.3565,0.1852,0,0.00,0.094,0.004,0.002,SHIFT,1.0269,0.3316,0.1850,0,0.00,0.138,0.052,0.003,SHIFT,0.8044,-0.2002,0.0148,1,7.01,1.546,1.172,1.467,SHIFT,0.8347,0.1787,0.0144,1,6.10,0.222,1.396,1.671,SHIFT
74.762,5304,placemove,0.9665,-0.0097,0.2942,-0.0211,-0.6828,-0.0138,0.0262,-0.0001,0.0813,-0.0010,-0.2023,-0.0049,1.000,0.000,0.0000,0.0000,1.2655,-0.2918,0.3195,1,14.50,2.283,2.485,2.284,SHIFT,1.2663,0.2530,0.3567,0,0.00,0.074,0.153,0.087,SHIFT,0.9961,-0.3565,0.1847,0,0.00,0.080,0.069,0.013,SHIFT,1.0262,0.3316,0.1856,0,0.00,0.089,0.008,0.003,SHIFT,0.8045,-0.2002,0.0147,1,5.64,0.909,1.892,1.890,SHIFT,0.8348,0.1786,0.0143,1,5.30,1.030,1.496,1.906,SHIFT
74.821,5308,placemove,0.9660,-0.0100,0.2965,-0.0178,-0.6886,-0.0139,-0.1560,-0.0734,0.2435,0.5471,-0.7013,0.5200,1.000,0.000,0.0000,0.0000,1.2656,-0.2918,0.3196,0,0.00,0.177,0.229,0.029,SHIFT,1.2718,0.2539,0.3517,1,31.38,0.599,2.801,2.940,SHIFT,0.9959,-0.3564,0.1846,0,0.00,0.197,0.004,0.008,SHIFT,1.0252,0.3317,0.1866,0,0.00,0.000,0.326,0.008,SHIFT,0.8045,-0.2002,0.0145,1,23.91,1.132,2.940,1.001,SHIFT,0.8344,0.1788,0.0147,0,0.00,0.081,0.075,0.022,SHIFT
74.878,5312,placemove,0.9636,-0.0113,0.2985,0.0014,-0.7055,-0.0166,-0.1440,-0.0810,0.0468,0.8689,-1.0504,0.5795,1.000,0.000,0.0000,0.0000,1.2656,-0.2907,0.3201,0,0.03,0.087,0.082,0.017,SHIFT,1.2724,0.2551,0.3529,0,0.00,0.069,0.119,0.095,SHIFT,0.9909,-0.3544,0.1893,0,0.00,0.088,0.090,0.026,SHIFT,1.0213,0.3323,0.1918,0,0.00,0.093,0.073,0.012,SHIFT,0.8021,-0.1977,0.0194,0,0.00,0.048,0.144,0.038,SHIFT,0.8284,0.1789,0.0253,0,0.00,0.043,0.149,0.030,SHIFT
74.900,5316,placemove,0.9613,-0.0127,0.2977,0.0101,-0.7070,-0.0189,-0.1432,-0.0784,-0.1095,0.3525,0.1565,0.1700,1.000,0.000,0.0000,0.0000,1.2643,-0.2911,0.3156,0,0.00,0.075,0.098,0.026,SHIFT,1.2624,0.2556,0.3619,0,0.00,0.063,0.080,0.107,SHIFT,0.9859,-0.3560,0.1881,0,0.00,0.091,0.022,0.008,SHIFT,1.0182,0.3321,0.1913,0,0.00,0.084,0.076,0.013,SHIFT,0.7955,-0.1985,0.0179,0,0.00,0.047,0.034,0.005,SHIFT,0.8204,0.1806,0.0270,0,0.00,0.044,0.016,0.009,SHIFT
74.933,5320,placemove,0.9594,-0.0137,0.2952,0.0096,-0.7021,-0.0164,-0.0671,-0.0211,-0.1418,-0.3494,0.2593,0.0684,1.000,0.000,0.0000,0.0000,1.2628,-0.2918,0.3081,0,0.00,0.176,0.139,0.032,SHIFT,1.2516,0.2553,0.3665,0,0.00,0.148,0.147,0.082,SHIFT,0.9831,-0.3570,0.1826,0,0.00,0.139,0.079,0.004,SHIFT,1.0151,0.3312,0.1862,0,0.00,0.246,0.093,0.021,SHIFT,0.7932,-0.1986,0.0143,1,15.88,0.770,1.188,2.940,SHIFT,0.8163,0.1798,0.0228,0,0.00,0.205,0.039,0.007,SHIFT
74.960,5324,placemove,0.9598,-0.0139,0.2963,0.0095,-0.7036,-0.0152,0.0946,0.0305,0.1342,0.0017,-0.2072,-0.0523,1.000,0.000,0.0000,0.0000,1.2632,-0.2918,0.3059,0,0.00,0.162,0.064,0.020,SHIFT,1.2469,0.2557,0.3697,0,0.00,0.095,0.068,0.014,SHIFT,0.9837,-0.3573,0.1802,0,0.00,0.155,0.075,0.001,SHIFT,1.0149,0.3311,0.1847,0,0.00,0.074,0.046,0.005,SHIFT,0.7932,-0.1986,0.0138,1,14.06,0.158,1.116,2.940,SHIFT,0.8165,0.1793,0.0201,0,0.00,0.131,0.124,0.003,SHIFT
75.008,5328,placemove,0.9614,-0.0128,0.2989,0.0075,-0.7060,-0.0144,0.0092,0.0565,0.1775,-0.1059,-0.1982,-0.0214,1.000,0.000,0.0000,0.0000,1.2652,-0.2910,0.3058,1,13.58,2.940,0.408,0.756,SHIFT,1.2489,0.2567,0.3695,0,0.00,0.060,0.289,0.045,SHIFT,0.9860,-0.3564,0.1797,0,0.00,0.100,0.038,0.011,SHIFT,1.0155,0.3318,0.1849,1,2.95,1.032,1.048,0.248,SHIFT,0.7935,-0.1985,0.0136,1,9.29,1.763,2.739,2.940,SHIFT,0.8195,0.1801,0.0185,0,0.00,0.014,0.237,0.018,SHIFT
75.033,5332,placemove,0.9605,-0.0127,0.3020,0.0064,-0.7100,-0.0143,-0.0425,0.0054,0.1445,-0.0543,-0.1943,0.0029,1.000,0.000,0.0000,0.0000,1.2655,-0.2909,0.3057,1,11.29,2.940,2.395,1.604,SHIFT,1.2493,0.2568,0.3689,0,0.00,0.019,0.164,0.042,SHIFT,0.9868,-0.3563,0.1786,0,0.00,0.165,0.039,0.016,SHIFT,1.0154,0.3319,0.1850,0,0.00,0.034,0.133,0.015,SHIFT,0.7935,-0.1985,0.0135,1,9.94,2.940,2.940,2.940,SHIFT,0.8214,0.1802,0.0163,0,0.00,0.015,0.201,0.024,SHIFT
75.087,5336,placemove,0.9599,-0.0126,0.3048,0.0060,-0.7129,-0.0144,-0.0114,-0.0158,0.1532,0.0939,-0.1447,0.1144,1.000,0.000,0.0000,0.0000,1.2658,-0.2908,0.3057,1,11.05,2.940,2.044,1.384,SHIFT,1.2496,0.2568,0.3684,0,0.00,0.039,0.112,0.036,SHIFT,0.9873,-0.3562,0.1777,0,0.00,0.160,0.002,0.014,SHIFT,1.0147,0.3320,0.1855,0,0.00,0.061,0.042,0.011,SHIFT,0.7936,-0.1985,0.0133,1,9.79,2.940,2.940,2.940,SHIFT,0.8225,0.1802,0.0147,0,0.00,0.002,0.070,0.030,SHIFT
75.142,5340,placemove,0.9601,-0.0125,0.3066,0.0043,-0.7152,-0.0146,0.0202,0.0079,0.0930,-0.1028,-0.1417,-0.1725,1.000,0.000,0.0000,0.0000,1.2655,-0.2911,0.3058,0,0.00,0.075,0.049,0.019,SHIFT,1.2496,0.2567,0.3680,0,0.00,0.064,0.051,0.014,SHIFT,0.9873,-0.3563,0.1772,0,0.00,0.124,0.082,0.013,SHIFT,1.0140,0.3319,0.1858,0,0.00,0.080,0.074,0.003,SHIFT,0.7910,-0.1991,0.0137,0,0.00,0.080,0.017,0.004,SHIFT,0.8220,0.1801,0.0149,1,3.52,0.190,0.199,0.675,SHIFT
75.184,5344,placemove,0.9600,-0.0123,0.3073,0.0024,-0.7179,-0.0150,-0.0277,0.0143,0.0033,-0.0687,-0.1576,-0.0446,1.000,0.000,0.0000,0.0000,1.2654,-0.2914,0.3058,1,5.14,0.358,1.207,1.234,STANCE,1.2505,0.2564,0.3671,0,0.00,0.043,0.077,0.015,STANCE,0.9835,-0.3555,0.1821,0,0.00,0.032,0.087,0.101,SWING,1.0146,0.3318,0.1852,0,0.00,0.044,0.025,0.001,STANCE,0.7901,-0.1990,0.0141,0,0.00,0.035,0.004,0.005,STANCE,0.8221,0.1801,0.0148,1,9.57,0.294,1.088,1.842,STANCE
75.211,5348,placemove,0.9593,-0.0122,0.3074,0.0016,-0.7217,-0.0147,-0.0460,0.0005,0.0056,-0.0054,-0.2121,0.0083,1.000,0.000,0.0000,0.0000,1.2656,-0.2914,0.3057,1,13.36,2.640,2.377,2.300,STANCE,1.2508,0.2564,0.3667,0,0.00,0.059,0.070,0.018,STANCE,0.9763,-0.3526,0.1914,0,0.00,0.061,0.096,0.105,SWING,1.0141,0.3318,0.1856,0,0.00,0.066,0.015,0.004,STANCE,0.7900,-0.1990,0.0141,1,10.82,2.708,1.842,2.210,STANCE,0.8221,0.1801,0.0147,1,7.62,0.574,0.941,1.462,STANCE
75.250,5352,placemove,0.9590,-0.0122,0.3074,0.0016,-0.7230,-0.0145,-0.0111,0.0022,0.0105,-0.0101,-0.0094,0.0057,1.000,0.000,0.0000,0.0000,1.2658,-0.2914,0.3057,1,10.02,1.747,1.638,1.704,STANCE,1.2517,0.2564,0.3656,0,0.00,0.052,0.119,0.025,STANCE,0.9696,-0.3490,0.2004,0,0.00,0.046,0.113,0.104,SWING,1.0141,0.3318,0.1855,0,0.00,0.057,0.096,0.006,STANCE,0.7900,-0.1990,0.0140,1,7.99,2.026,1.458,1.784,STANCE,0.8221,0.1801,0.0147,1,7.57,0.654,0.687,1.411,STANCE
75.273,5356,placemove,0.9592,-0.0122,0.3071,0.0015,-0.7230,-0.0143,0.0181,0.0030,-0.0197,-0.0115,0.0061,0.0027,1.000,0.000,0.0000,0.0000,1.2659,-0.2914,0.3057,1,9.37,1.125,0.745,1.210,STANCE,1.2533,0.2564,0.3638,0,0.00,0.033,0.105,0.022,STANCE,0.9615,-0.3530,0.2080,0,0.00,0.049,0.099,0.024,SWING,1.0145,0.3318,0.1850,0,0.00,0.048,0.014,0.002,STANCE,0.7900,-0.1990,0.0140,1,7.78,1.414,0.946,1.525,STANCE,0.8221,0.1801,0.0146,1,8.58,0.572,0.221,1.310,STANCE
75.311,5360,placemove,0.9595,-0.0122,0.3068,0.0015,-0.7230,-0.0143,0.0131,0.0007,-0.0131,-0.0037,0.0041,0.0032,1.000,0.000,0.0000,0.0000,1.2659,-0.2914,0.3057,1,7.94,0.953,0.629,1.028,STANCE,1.2549,0.2564,0.3620,0,0.00,0.037,0.113,0.024,STANCE,0.9578,-0.3593,0.2199,0,0.00,0.194,0.166,0.020,SWING,1.0146,0.3318,0.1850,1,2.59,0.526,0.110,0.130,STANCE,0.7900,-0.1990,0.0139,1,6.78,0.990,0.555,1.189,STANCE,0.8221,0.1801,0.0146,1,6.18,0.084,0.280,1.063,STANCE
75.332,5364,placemove,0.9596,-0.0122,0.3066,0.0014,-0.7230,-0.0142,0.0070,0.0006,-0.0079,-0.0035,0.0023,0.0006,1.000,0.000,0.0000,0.0000,1.2660,-0.2914,0.3057,1,6.12,0.591,0.384,0.821,STANCE,1.2565,0.2564,0.3601,0,0.00,0.038,0.117,0.024,STANCE,0.9621,-0.3624,0.2383,0,0.00,0.138,0.165,0.008,SWING,1.0146,0.3318,0.1849,1,2.11,0.229,0.130,0.178,STANCE,0.7901,-0.1990,0.0139,1,6.54,0.752,0.561,1.198,STANCE,0.8221,0.1801,0.0145,1,5.49,0.082,0.298,0.972,STANCE
75.369,5368,placemove,0.9597,-0.0122,0.3065,0.0014,-0.7230,-0.0142,0.0037,0.0006,-0.0046,-0.0022,0.0015,0.0000,1.000,0.000,0.0000,0.0000,1.2660,-0.2914,0.3057,1,5.32,0.495,0.319,0.735,STANCE,1.2581,0.2564,0.3583,0,0.00,0.037,0.119,0.025,STANCE,0.9661,-0.3663,0.2572,0,0.00,0.142,0.125,0.021,SWING,1.0146,0.3318,0.1849,1,1.72,0.052,0.134,0.177,STANCE,0.7901,-0.1990,0.0139,1,6.52,0.577,0.611,1.256,STANCE,0.8221,0.1801,0.0145,1,5.01,0.145,0.316,0.898,STANCE
75.390,5372,placemove,0.9598,-0.0122,0.3065,0.0014,-0.7230,-0.0142,0.0021,0.0005,-0.0027,-0.0016,0.0009,-0.0005,1.000,0.000,0.0000,0.0000,1.2660,-0.2914,0.3057,1,4.94,0.477,0.303,0.685,STANCE,1.2597,0.2564,0.3565,0,0.00,0.038,0.119,0.026,STANCE,0.9692,-0.3729,0.2774,0,0.00,0.145,0.094,0.031,SWING,1.0146,0.3318,0.1849,1,1.52,0.039,0.124,0.189,STANCE,0.7901,-0.1990,0.0139,1,6.58,0.512,0.652,1.302,STANCE,0.8221,0.1801,0.0145,1,4.82,0.181,0.330,0.869,STANCE
75.428,5376,placemove,0.9598,-0.0121,0.3064,0.0013,-0.7230,-0.0142,0.0012,0.0004,-0.0016,-0.0012,0.0006,-0.0007,1.000,0.000,0.0000,0.0000,1.2660,-0.2914,0.3057,1,4.80,0.498,0.279,0.649,STANCE,1.2613,0.2564,0.3547,0,0.00,0.038,0.120,0.026,STANCE,0.9723,-0.3782,0.2988,0,0.00,0.141,0.111,0.004,SWING,1.0146,0.3318,0.1849,1,1.45,0.085,0.116,0.205,STANCE,0.7901,-0.1990,0.0139,1,6.64,0.490,0.671,1.328,STANCE,0.8221,0.1801,0.0145,1,4.68,0.185,0.344,0.857,STANCE
75.450,5380,placemove,0.9598,-0.0121,0.3064,0.0013,-0.7230,-0.0142,0.0007,0.0003,-0.0011,-0.0011,0.0006,-0.0006,1.000,0.000,0.0000,0.0000,1.2660,-0.2914,0.3057,1,4.78,0.527,0.257,0.629,STANCE,1.2629,0.2564,0.3529,0,0.00,0.038,0.120,0.027,STANCE,0.9778,-0.3731,0.3172,0,0.00,0.128,0.124,0.103,SWING,1.0146,0.3318,0.1848,1,1.40,0.122,0.112,0.217,STANCE,0.7901,-0.1990,0.0139,1,6.68,0.482,0.691,1.349,STANCE,0.8221,0.1801,0.0145,1,4.61,0.192,0.349,0.848,STANCE
75.517,5384,placemove,0.9598,-0.0121,0.3064,0.0012,-0.7231,-0.0142,0.0009,0.0001,-0.0010,-0.0003,-0.0028,-0.0004,1.000,0.000,0.0000,0.0000,1.2659,-0.2914,0.3058,1,4.51,0.549,0.124,0.513,STANCE,1.2644,0.2564,0.3511,0,0.00,0.041,0.118,0.027,STANCE,0.9896,-0.3634,0.3267,0,0.00,0.157,0.073,0.086,SWING,1.0146,0.3319,0.1848,1,1.18,0.038,0.112,0.109,STANCE,0.7900,-0.1990,0.0139,1,6.57,0.641,0.781,1.364,STANCE,0.8221,0.1801,0.0145,1,4.80,0.218,0.160,0.756,STANCE
75.538,5388,placemove,0.9598,-0.0121,0.3064,0.0012,-0.7231,-0.0142,0.0012,0.0005,-0.0004,-0.0012,0.0019,0.0004,1.000,0.000,0.0000,0.0000,1.2659,-0.2914,0.3058,1,5.29,0.798,0.050,0.475,STANCE,1.2660,0.2564,0.3493,0,0.00,0.037,0.119,0.028,STANCE,1.0082,-0.3673,0.3315,0,0.00,0.161,0.079,0.098,SWING,1.0146,0.3318,0.1848,1,1.36,0.170,0.067,0.273,STANCE,0.7901,-0.1990,0.0139,1,6.41,0.363,0.862,1.439,STANCE,0.8221,0.1801,0.0144,1,4.03,0.184,0.140,0.638,STANCE
75.615,5392,placemove,0.9598,-0.0121,0.3066,0.0014,-0.7237,-0.0142,-0.0022,-0.0096,0.0627,0.0730,-0.1315,0.0495,1.000,0.000,0.0000,0.0000,1.2659,-0.2914,0.3059,0,0.00,0.047,0.033,0.005,SHIFT,1.2675,0.2563,0.3476,1,11.70,0.892,1.404,0.487,SHIFT,1.0193,-0.3737,0.3299,0,0.00,0.012,0.094,0.102,SHIFT,1.0145,0.3318,0.1849,0,0.00,0.086,0.102,0.002,SHIFT,0.7901,-0.1990,0.0139,1,11.36,0.725,1.228,0.788,SHIFT,0.8221,0.1801,0.0144,0,0.00,0.041,0.081,0.008,SHIFT
75.654,5396,placemove,0.9599,-0.0121,0.3084,0.0016,-0.7279,-0.0142,0.0095,0.0050,0.1023,-0.0291,-0.2370,-0.0145,1.000,0.000,0.0000,0.0000,1.2649,-0.2913,0.3077,0,0.00,0.058,0.001,0.001,SHIFT,1.2677,0.2564,0.3477,1,1.32,0.718,0.466,0.424,SHIFT,1.0257,-0.3811,0.3251,0,0.00,0.086,0.089,0.097,SHIFT,1.0138,0.3319,0.1858,0,0.00,0.108,0.011,0.002,SHIFT,0.7901,-0.1990,0.0138,1,2.65,1.223,0.411,0.835,SHIFT,0.8221,0.1801,0.0145,1,2.15,0.517,0.836,0.907,SHIFT
75.713,5400,placemove,0.9598,-0.0121,0.3107,0.0018,-0.7320,-0.0141,-0.0203,0.0035,0.1393,0.0044,-0.2474,0.0029,1.000,0.000,0.0000,0.0000,1.2637,-0.2912,0.3096,0,0.00,0.081,0.065,0.015,SHIFT,1.2679,0.2564,0.3477,0,0.00,0.123,0.166,0.060,SHIFT,1.0318,-0.3878,0.3200,0,0.00,0.093,0.155,0.008,SHIFT,1.0138,0.3319,0.1858,0,0.00,0.136,0.079,0.013,SHIFT,0.7902,-0.1989,0.0137,1,3.96,0.313,0.533,0.966,SHIFT,0.8222,0.1801,0.0145,0,0.00,0.079,0.088,0.019,SHIFT
75.748,5404,placemove,0.9597,-0.0120,0.3129,0.0011,-0.7373,-0.0138,0.0061,0.0050,0.1050,-0.0714,-0.3142,-0.0255,1.000,0.000,0.0000,0.0000,1.2623,-0.2912,0.3121,0,0.00,0.069,0.052,0.005,SHIFT,1.2680,0.2565,0.3482,0,0.00,0.033,0.022,0.015,SHIFT,1.0383,-0.3878,0.3121,0,0.00,0.121,0.121,0.004,SHIFT,1.0142,0.3320,0.1854,0,0.00,0.057,0.003,0.005,SHIFT,0.7903,-0.1990,0.0137,0,0.00,0.098,0.056,0.016,SHIFT,0.8222,0.1801,0.0146,1,1.25,0.295,0.212,0.101,SHIFT
75.808,5408,placemove,0.9602,-0.0119,0.3145,0.0007,-0.7417,-0.0138,0.0266,-0.0032,0.0954,0.0693,-0.1147,0.0486,1.000,0.000,0.0000,0.0000,1.2609,-0.2911,0.3144,0,0.00,0.008,0.002,0.013,SHIFT,1.2682,0.2566,0.3485,1,14.48,0.159,0.068,1.535,SHIFT,1.0458,-0.3851,0.3026,0,0.00,0.009,0.139,0.016,SHIFT,1.0139,0.3320,0.1859,0,0.00,0.074,0.177,0.002,SHIFT,0.7904,-0.1990,0.0137,1,7.28,0.218,0.648,0.688,SHIFT,0.8224,0.1801,0.0145,0,0.00,0.045,0.113,0.012,SHIFT
75.831,5412,placemove,0.9602,-0.0121,0.3169,0.0029,-0.7447,-0.0141,-0.0065,-0.0102,0.1368,0.0847,-0.1905,0.0628,1.000,0.000,0.0000,0.0000,1.2602,-0.2909,0.3155,0,0.00,0.096,0.044,0.011,SHIFT,1.2684,0.2566,0.3486,0,0.00,0.117,0.165,0.059,SHIFT,1.0531,-0.3823,0.2931,0,0.00,0.111,0.109,0.014,SHIFT,1.0142,0.3321,0.1857,0,0.00,0.148,0.093,0.018,SHIFT,0.7905,-0.1989,0.0136,1,5.65,0.312,0.725,1.347,SHIFT,0.8220,0.1802,0.0150,0,0.00,0.104,0.004,0.005,SHIFT
75.868,5416,placemove,0.9603,-0.0121,0.3189,0.0042,-0.7484,-0.0135,0.0194,0.0170,0.0928,0.0252,-0.2025,0.1130,1.000,0.000,0.0000,0.0000,1.2593,-0.2905,0.3171,0,0.00,0.050,0.018,0.000,SHIFT,1.2682,0.2571,0.3490,0,0.00,0.086,0.025,0.017,SHIFT,1.0603,-0.3783,0.2838,0,0.00,0.089,0.093,0.005,SHIFT,1.0141,0.3322,0.1857,0,0.00,0.114,0.023,0.003,SHIFT,0.7906,-0.1989,0.0135,1,2.60,0.230,0.004,0.402,SHIFT,0.8219,0.1803,0.0150,0,0.00,0.071,0.067,0.004,SHIFT
75.927,5420,placemove,0.9611,-0.0123,0.3207,0.0062,-0.7500,-0.0131,0.0382,-0.0173,0.0966,0.1084,-0.0625,0.0833,1.000,0.000,0.0000,0.0000,1.2590,-0.2900,0.3180,0,0.00,0.005,0.001,0.007,SHIFT,1.2684,0.2576,0.3489,1,15.91,0.252,0.216,1.610,SHIFT,1.0683,-0.3730,0.2739,0,0.00,0.017,0.123,0.012,SHIFT,1.0137,0.3324,0.1859,0,0.00,0.045,0.191,0.013,SHIFT,0.7906,-0.1989,0.0136,1,6.52,0.170,1.110,0.251,SHIFT,0.8221,0.1803,0.0148,0,0.00,0.012,0.116,0.017,SHIFT
75.964,5424,placemove,0.9615,-0.0126,0.3227,0.0086,-0.7527,-0.0136,0.0221,-0.0121,0.1142,0.0989,-0.1613,0.0653,1.000,0.000,0.0000,0.0000,1.2584,-0.2899,0.3190,0,0.00,0.094,0.013,0.002,SHIFT,1.2686,0.2576,0.3489,0,0.00,0.128,0.141,0.052,SHIFT,1.0755,-0.3674,0.2644,0,0.00,0.110,0.111,0.014,SHIFT,1.0141,0.3324,0.1856,0,0.00,0.166,0.082,0.016,SHIFT,0.7907,-0.1989,0.0137,1,7.13,0.406,0.800,1.608,SHIFT,0.8216,0.1803,0.0154,0,0.00,0.122,0.009,0.008,SHIFT
76.004,5428,placemove,0.9604,-0.0133,0.3259,0.0114,-0.7539,-0.0142,-0.0735,-0.0473,0.1327,0.0567,-0.0946,0.0158,1.000,0.000,0.0000,0.0000,1.2572,-0.2900,0.3200,0,0.00,0.067,0.041,0.005,SHIFT,1.2681,0.2575,0.3493,0,0.00,0.073,0.017,0.023,SHIFT,1.0812,-0.3620,0.2562,0,0.00,0.091,0.094,0.005,SHIFT,1.0133,0.3322,0.1862,0,0.00,0.087,0.059,0.004,SHIFT,0.7897,-0.1992,0.0142,0,0.00,0.039,0.049,0.003,SHIFT,0.8212,0.1801,0.0155,0,0.00,0.039,0.015,0.009,SHIFT
76.053,5432,placemove,0.9598,-0.0135,0.3280,0.0139,-0.7551,-0.0129,0.0102,0.0090,0.1398,0.1436,-0.1535,0.2018,1.000,0.000,0.0000,0.0000,1.2558,-0.2896,0.3206,0,0.00,0.029,0.020,0.022,SHIFT,1.2670,0.2579,0.3490,0,0.00,0.103,0.057,0.043,SHIFT,1.0851,-0.3576,0.2501,0,0.00,0.050,0.122,0.040,SHIFT,1.0114,0.3322,0.1865,0,0.00,0.134,0.071,0.027,SHIFT,0.7886,-0.1995,0.0144,1,1.58,0.424,0.001,0.282,SHIFT,0.8205,0.1798,0.0148,0,0.00,0.124,0.065,0.042,SHIFT
76.091,5436,placemove,0.9601,-0.0133,0.3287,0.0143,-0.7588,-0.0112,0.0194,0.0209,-0.0326,-0.0103,-0.0974,-0.0210,1.000,0.000,0.0000,0.0000,1.2554,-0.2886,0.3227,0,0.00,0.119,0.109,0.024,STANCE,1.2666,0.2590,0.3497,0,0.00,0.072,0.040,0.003,STANCE,1.0870,-0.3567,0.2495,0,0.00,0.106,0.034,0.001,STANCE,1.0076,0.3323,0.1912,0,0.00,0.084,0.121,0.099,SWING,0.7889,-0.1997,0.0147,1,1.73,0.879,0.313,0.142,STANCE,0.8202,0.1799,0.0151,0,0.00,0.128,0.054,0.005,STANCE
76.138,5440,placemove,0.9602,-0.0135,0.3285,0.0164,-0.7583,-0.0120,-0.0144,-0.0240,-0.0172,0.1258,-0.1101,0.0572,1.000,0.000,0.0000,0.0000,1.2556,-0.2884,0.3223,0,0.00,0.043,0.004,0.004,STANCE,1.2679,0.2591,0.3479,1,3.77,0.318,0.589,0.872,STANCE,1.0888,-0.3565,0.2474,0,0.00,0.052,0.096,0.012,STANCE,0.9998,0.3309,0.2000,0,0.00,0.044,0.085,0.105,SWING,0.7889,-0.1997,0.0147,1,11.69,0.393,0.590,1.813,STANCE,0.8201,0.1799,0.0150,0,0.00,0.043,0.022,0.009,STANCE
76.158,5444,placemove,0.9596,-0.0137,0.3286,0.0190,-0.7610,-0.0129,-0.1028,-0.0231,0.0769,0.0986,-0.0745,0.0336,1.000,0.000,0.0000,0.0000,1.2549,-0.2882,0.3231,0,0.00,0.067,0.169,0.003,STANCE,1.2680,0.2590,0.3477,1,15.44,0.214,1.453,2.940,STANCE,1.0902,-0.3565,0.2459,0,0.00,0.018,0.306,0.025,STANCE,0.9919,0.3287,0.2093,0,0.00,0.002,0.074,0.118,SWING,0.7889,-0.1997,0.0144,1,14.41,0.031,0.782,1.126,STANCE,0.8199,0.1799,0.0151,0,0.00,0.040,0.218,0.003,STANCE
76.249,5448,placemove,0.9572,-0.0141,0.3299,0.0231,-0.7633,-0.0132,-0.1161,-0.0125,0.0275,0.1496,-0.3681,0.2212,1.000,0.000,0.0000,0.0000,1.2537,-0.2879,0.3239,0,0.00,0.251,0.056,0.008,STANCE,1.2673,0.2596,0.3484,0,0.00,0.035,0.194,0.055,STANCE,1.0909,-0.3563,0.2445,0,0.00,0.232,0.061,0.012,STANCE,0.9819,0.3258,0.2204,0,0.00,0.038,0.078,0.103,SWING,0.7881,-0.1997,0.0145,1,15.21,0.300,1.723,2.873,STANCE,0.8188,0.1800,0.0157,0,0.00,0.019,0.180,0.032,STANCE
76.304,5452,placemove,0.9560,-0.0138,0.3310,0.0238,-0.7613,-0.0104,-0.0492,0.0086,0.0408,0.1013,0.1942,0.3509,1.000,0.000,0.0000,0.0000,1.2543,-0.2867,0.3235,0,0.00,0.024,0.026,0.029,STANCE,1.2667,0.2609,0.3475,0,0.00,0.041,0.002,0.037,STANCE,1.0933,-0.3555,0.2424,0,0.00,0.027,0.055,0.035,STANCE,0.9769,0.3240,0.2346,0,0.00,0.200,0.105,0.107,SWING,0.7881,-0.1998,0.0145,0,0.00,0.039,0.028,0.013,STANCE,0.8187,0.1800,0.0147,0,0.00,0.048,0.012,0.025,STANCE
76.346,5456,placemove,0.9552,-0.0136,0.3300,0.0265,-0.7587,-0.0061,-0.0459,0.0096,-0.1315,0.1236,0.1573,0.3684,1.000,0.000,0.0000,0.0000,1.2543,-0.2845,0.3229,0,0.00,0.013,0.072,0.021,STANCE,1.2630,0.2632,0.3475,0,0.00,0.014,0.080,0.024,STANCE,1.0952,-0.3543,0.2404,0,0.00,0.012,0.017,0.002,STANCE,0.9775,0.3229,0.2529,0,0.00,0.077,0.157,0.016,SWING,0.7867,-0.2005,0.0153,0,0.00,0.009,0.067,0.016,STANCE,0.8148,0.1796,0.0156,0,0.00,0.011,0.066,0.015,STANCE
76.390,5460,placemove,0.9556,-0.0131,0.3289,0.0276,-0.7544,-0.0046,0.0775,0.0189,-0.0384,0.0562,0.0350,0.0184,1.000,0.000,0.0000,0.0000,1.2552,-0.2826,0.3206,0,0.00,0.033,0.047,0.017,STANCE,1.2617,0.2650,0.3450,0,0.00,0.136,0.021,0.002,STANCE,1.0977,-0.3531,0.2372,0,0.00,0.052,0.092,0.028,STANCE,0.9795,0.3265,0.2697,0,0.00,0.139,0.086,0.038,SWING,0.7864,-0.2007,0.0147,0,0.00,0.055,0.091,0.017,STANCE,0.8132,0.1793,0.0145,1,11.89,0.063,1.578,2.631,STANCE
76.450,5464,placemove,0.9572,-0.0131,0.3276,0.0296,-0.7533,-0.0075,0.1157,-0.0087,-0.0928,0.0876,0.1849,-0.0839,1.000,0.000,0.0000,0.0000,1.2557,-0.2825,0.3204,0,0.00,0.052,0.074,0.018,STANCE,1.2621,0.2651,0.3448,0,0.00,0.040,0.056,0.017,STANCE,1.0998,-0.3530,0.2353,0,0.00,0.070,0.033,0.006,STANCE,0.9840,0.3349,0.2876,0,0.00,0.144,0.106,0.035,SWING,0.7865,-0.2008,0.0148,1,5.33,0.625,0.264,0.773,STANCE,0.8133,0.1793,0.0144,1,9.01,0.555,0.290,1.356,STANCE
76.471,5468,placemove,0.9596,-0.0132,0.3258,0.0317,-0.7485,-0.0102,0.1669,-0.0095,-0.1063,0.0756,0.4062,-0.0474,1.000,0.000,0.0000,0.0000,1.2570,-0.2828,0.3183,0,0.00,0.049,0.038,0.010,STANCE,1.2636,0.2649,0.3429,0,0.00,0.042,0.038,0.010,STANCE,1.1024,-0.3531,0.2321,0,0.00,0.063,0.064,0.010,STANCE,0.9894,0.3421,0.3064,0,0.00,0.149,0.102,0.007,SWING,0.7866,-0.2008,0.0147,1,6.43,0.279,0.331,1.027,STANCE,0.8134,0.1793,0.0143,1,6.75,0.258,0.306,1.090,STANCE
76.539,5472,placemove,0.9618,-0.0137,0.3246,0.0354,-0.7432,-0.0122,0.0501,-0.0454,-0.0231,0.2213,0.2499,0.1021,1.000,0.000,0.0000,0.0000,1.2591,-0.2828,0.3153,0,0.00,0.040,0.009,0.006,STANCE,1.2653,0.2648,0.3409,1,2.66,0.426,1.806,0.595,STANCE,1.1056,-0.3531,0.2281,0,0.00,0.048,0.101,0.013,STANCE,0.9959,0.3390,0.3243,0,0.00,0.088,0.188,0.023,SWING,0.7867,-0.2008,0.0145,1,7.05,0.569,1.662,0.312,STANCE,0.8134,0.1794,0.0147,0,0.00,0.015,0.035,0.006,STANCE
76.571,5476,placemove,0.9625,-0.0142,0.3242,0.0405,-0.7393,-0.0126,0.0527,-0.0208,-0.0342,0.2243,0.2987,0.2636,1.000,0.000,0.0000,0.0000,1.2603,-0.2825,0.3132,0,0.00,0.061,0.017,0.000,STANCE,1.2649,0.2650,0.3406,0,0.00,0.023,0.025,0.002,STANCE,1.1084,-0.3529,0.2245,0,0.00,0.064,0.110,0.015,STANCE,1.0047,0.3354,0.3383,0,0.00,0.151,0.075,0.015,SWING,0.7868,-0.2009,0.0144,1,9.26,0.121,0.375,1.414,STANCE,0.8121,0.1794,0.0158,0,0.00,0.039,0.009,0.008,STANCE
76.632,5480,placemove,0.9610,-0.0149,0.3265,0.0451,-0.7356,-0.0138,-0.1682,-0.0685,0.1942,0.2160,0.2172,0.1211,1.000,0.000,0.0000,0.0000,1.2621,-0.2823,0.3106,0,0.00,0.022,0.134,0.040,STANCE,1.2655,0.2651,0.3397,0,0.00,0.034,0.138,0.047,STANCE,1.1117,-0.3526,0.2204,0,0.00,0.024,0.223,0.050,STANCE,1.0217,0.3391,0.3462,0,0.00,0.087,0.107,0.091,SWING,0.7868,-0.2009,0.0140,0,0.48,0.262,0.165,0.093,STANCE,0.8127,0.1796,0.0152,0,0.00,0.037,0.247,0.050,STANCE
76.667,5484,placemove,0.9586,-0.0160,0.3292,0.0497,-0.7330,-0.0153,-0.1166,-0.0577,0.0996,0.2487,0.0542,0.1223,1.000,0.000,0.0000,0.0000,1.2621,-0.2826,0.3093,0,0.00,0.038,0.047,0.039,SHIFT,1.2646,0.2647,0.3403,0,0.00,0.049,0.034,0.043,SHIFT,1.1130,-0.3528,0.2175,0,0.00,0.045,0.034,0.047,SHIFT,1.0313,0.3432,0.3489,0,0.00,0.001,0.095,0.098,SHIFT,0.7861,-0.2010,0.0142,0,0.00,0.013,0.048,0.006,SHIFT,0.8125,0.1795,0.0151,0,0.00,0.034,0.012,0.028,SHIFT
76.707,5488,placemove,0.9572,-0.0166,0.3300,0.0526,-0.7335,-0.0149,-0.0497,0.0037,0.0639,-0.0556,0.0082,0.1353,1.000,0.000,0.0000,0.0000,1.2591,-0.2828,0.3092,0,0.00,0.206,0.067,0.002,SHIFT,1.2605,0.2645,0.3419,0,0.00,0.119,0.185,0.031,SHIFT,1.1118,-0.3529,0.2155,0,0.00,0.203,0.110,0.007,SHIFT,1.0357,0.3490,0.3439,0,0.00,0.150,0.056,0.117,SHIFT,0.7836,-0.2010,0.0145,1,15.15,0.150,1.431,2.940,SHIFT,0.8093,0.1794,0.0156,0,0.00,0.153,0.114,0.003,SHIFT
76.745,5492,placemove,0.9574,-0.0161,0.3313,0.0559,-0.7371,-0.0111,0.0389,0.0451,0.0314,0.1968,-0.4525,0.4419,1.000,0.000,0.0000,0.0000,1.2586,-0.2807,0.3102,0,0.00,0.211,0.050,0.016,SHIFT,1.2570,0.2666,0.3439,0,0.00,0.086,0.047,0.013,SHIFT,1.1136,-0.3513,0.2142,0,0.00,0.227,0.008,0.000,SHIFT,1.0401,0.3560,0.3382,0,0.00,0.087,0.085,0.103,SHIFT,0.7829,-0.2010,0.0145,1,8.60,0.160,1.036,1.848,SHIFT,0.8076,0.1796,0.0157,0,0.00,0.032,0.221,0.052,SHIFT
76.799,5496,placemove,0.9585,-0.0148,0.3323,0.0567,-0.7356,-0.0059,0.1006,0.0729,0.1142,0.1206,0.4345,0.4401,1.000,0.000,0.0000,0.0000,1.2597,-0.2776,0.3100,0,0.00,0.109,0.252,0.049,SHIFT,1.2546,0.2696,0.3438,0,0.00,0.269,0.195,0.035,SHIFT,1.1168,-0.3490,0.2121,0,0.00,0.139,0.248,0.050,SHIFT,1.0450,0.3633,0.3309,0,0.00,0.231,0.102,0.094,SHIFT,0.7833,-0.2010,0.0143,0,0.12,0.006,0.079,0.035,SHIFT,0.8067,0.1799,0.0149,1,12.10,0.221,2.248,2.940,SHIFT
76.833,5500,placemove,0.9604,-0.0136,0.3324,0.0617,-0.7307,-0.0016,0.1151,0.0768,-0.0675,0.2542,0.3062,0.4852,1.000,0.000,0.0000,0.0000,1.2613,-0.2736,0.3085,0,0.00,0.060,0.108,0.028,SHIFT,1.2514,0.2734,0.3434,0,0.00,0.079,0.117,0.032,SHIFT,1.1201,-0.3460,0.2093,0,0.00,0.073,0.019,0.005,SHIFT,1.0499,0.3682,0.3220,0,0.00,0.107,0.121,0.013,SHIFT,0.7821,-0.2009,0.0158,0,0.00,0.026,0.106,0.031,SHIFT,0.8024,0.1804,0.0165,0,0.00,0.050,0.112,0.031,SHIFT
76.879,5504,placemove,0.9628,-0.0122,0.3314,0.0637,-0.7216,0.0020,0.2119,0.0843,-0.0034,0.1006,0.3411,0.1238,1.000,0.000,0.0000,0.0000,1.2640,-0.2698,0.3031,0,0.00,0.067,0.060,0.047,SHIFT,1.2501,0.2772,0.3381,0,0.00,0.278,0.064,0.020,SHIFT,1.1242,-0.3432,0.2035,0,0.00,0.106,0.130,0.055,SHIFT,1.0555,0.3679,0.3080,0,0.00,0.303,0.145,0.006,SHIFT,0.7823,-0.2007,0.0146,1,4.94,0.519,0.636,0.212,SHIFT,0.8003,0.1805,0.0145,1,13.90,0.903,2.022,2.940,SHIFT
76.925,5508,placemove,0.9665,-0.0111,0.3303,0.0653,-0.7196,-0.0005,0.2128,0.0359,-0.0419,-0.0479,0.1202,-0.2670,1.000,0.000,0.0000,0.0000,1.2651,-0.2682,0.3023,1,9.79,0.527,0.125,1.176,SHIFT,1.2501,0.2788,0.3368,0,0.00,0.017,0.042,0.022,SHIFT,1.1268,-0.3418,0.2013,0,0.00,0.169,0.029,0.009,SHIFT,1.0648,0.3630,0.2936,0,0.00,0.072,0.013,0.005,SHIFT,0.7817,-0.2007,0.0154,0,0.00,0.099,0.023,0.020,SHIFT,0.7990,0.1808,0.0146,1,16.08,0.195,0.420,1.896,SHIFT
76.984,5512,placemove,0.9703,-0.0104,0.3279,0.0642,-0.7169,-0.0040,0.2302,0.0517,-0.1790,-0.2616,0.5140,-0.2824,1.000,0.000,0.0000,0.0000,1.2627,-0.2688,0.3042,0,0.00,0.173,0.282,0.120,SHIFT,1.2486,0.2788,0.3374,0,0.00,0.032,0.499,0.148,SHIFT,1.1255,-0.3420,0.2017,0,0.00,0.203,0.009,0.034,SHIFT,1.0750,0.3527,0.2771,0,0.00,0.107,0.152,0.002,SHIFT,0.7815,-0.2006,0.0147,1,24.36,0.282,0.256,2.940,SHIFT,0.7963,0.1797,0.0189,0,0.00,0.030,0.337,0.080,SHIFT
77.022,5516,placemove,0.9744,-0.0084,0.3261,0.0518,-0.7105,-0.0035,0.1971,0.2009,-0.0348,-1.2053,-0.0465,-0.9269,1.000,0.000,0.0000,0.0000,1.2651,-0.2683,0.3000,1,22.79,1.025,0.318,2.940,SHIFT,1.2537,0.2792,0.3279,0,0.00,0.186,0.224,0.034,SHIFT,1.1285,-0.3419,0.1971,0,0.00,0.034,0.506,0.071,SHIFT,1.0862,0.3485,0.2596,0,0.00,0.159,0.274,0.049,SHIFT,0.7817,-0.2005,0.0143,0,0.00,0.199,0.096,0.030,SHIFT,0.7903,0.1792,0.0222,0,0.00,0.185,0.233,0.073,SHIFT
77.083,5520,placemove,0.9767,-0.0033,0.3264,0.0249,-0.7062,-0.0017,0.1141,0.2866,0.1065,-0.9540,0.9412,-0.5952,1.000,0.000,0.0000,0.0000,1.2653,-0.2679,0.3002,1,7.12,0.484,2.940,0.184,SHIFT,1.2618,0.2801,0.3160,0,0.00,0.095,0.225,0.050,SHIFT,1.1290,-0.3418,0.1977,0,0.00,0.203,0.125,0.039,SHIFT,1.0993,0.3469,0.2407,0,0.00,0.170,0.148,0.007,SHIFT,0.7815,-0.2000,0.0146,0,0.00,0.227,0.501,0.071,SHIFT,0.7950,0.1802,0.0142,1,38.91,0.682,2.940,2.940,SHIFT
77.142,5524,placemove,0.9793,-0.0002,0.3288,0.0137,-0.6937,-0.0027,0.1198,0.0818,0.1186,-0.1651,0.2146,-0.3373,1.000,0.000,0.0000,0.0000,1.2649,-0.2665,0.3000,0,0.00,0.017,0.087,0.001,SHIFT,1.2651,0.2816,0.3092,1,22.14,1.114,1.566,2.725,SHIFT,1.1283,-0.3407,0.1984,0,0.00,0.003,0.027,0.024,SHIFT,1.1047,0.3466,0.2315,0,0.00,0.011,0.113,0.016,SHIFT,0.7777,-0.1990,0.0202,0,0.00,0.104,0.058,0.007,SHIFT,0.7949,0.1807,0.0140,0,0.00,0.181,0.055,0.002,SHIFT
77.179,5528,placemove,0.9809,0.0007,0.3290,0.0102,-0.6933,-0.0052,0.0429,0.0143,-0.0584,0.0189,-0.0575,-0.1501,1.000,0.000,0.0000,0.0000,1.2632,-0.2665,0.3029,0,0.00,0.051,0.052,0.028,STANCE,1.2651,0.2817,0.3094,1,8.61,0.205,0.454,1.160,STANCE,1.1278,-0.3407,0.2000,0,0.00,0.048,0.007,0.007,STANCE,1.1065,0.3467,0.2296,0,0.00,0.019,0.138,0.001,STANCE,0.7744,-0.1979,0.0263,0,0.00,0.038,0.058,0.087,SWING,0.7913,0.1813,0.0180,0,0.00,0.011,0.006,0.026,STANCE
77.216,5532,placemove,0.9811,0.0005,0.3268,0.0151,-0.6955,-0.0094,0.0149,-0.0352,-0.1492,0.3872,0.4582,0.1084,1.000,0.000,0.0000,0.0000,1.2633,-0.2665,0.3016,0,0.00,0.021,0.360,0.038,STANCE,1.2651,0.2816,0.3091,0,0.00,0.052,0.160,0.022,STANCE,1.1297,-0.3406,0.1964,0,0.00,0.010,0.045,0.000,STANCE,1.1083,0.3468,0.2271,0,0.00,0.010,0.206,0.015,STANCE,0.7703,-0.1955,0.0336,0,0.00,0.195,0.604,0.035,SWING,0.7933,0.1817,0.0148,1,31.90,1.065,1.028,2.940,STANCE
77.254,5536,placemove,0.9820,-0.0004,0.3235,0.0215,-0.6925,-0.0137,0.0549,-0.0569,-0.2688,0.3129,0.1548,0.0243,1.000,0.000,0.0000,0.0000,1.2634,-0.2671,0.2973,0,0.00,0.006,0.048,0.014,STANCE,1.2649,0.2811,0.3072,0,0.00,0.001,0.037,0.013,STANCE,1.1311,-0.3408,0.1903,0,0.00,0.008,0.040,0.007,STANCE,1.1092,0.3465,0.2241,0,0.00,0.002,0.055,0.008,STANCE,0.7645,-0.1938,0.0405,0,0.00,0.010,0.101,0.109,SWING,0.7909,0.1820,0.0154,0,0.00,0.005,0.071,0.027,STANCE
77.324,5540,placemove,0.9829,-0.0012,0.3205,0.0256,-0.6897,-0.0163,0.0305,-0.0069,-0.1119,-0.1391,-0.0365,-0.1546,1.000,0.000,0.0000,0.0000,1.2634,-0.2680,0.2935,0,0.00,0.018,0.487,0.103,STANCE,1.2645,0.2809,0.3058,0,0.00,0.009,0.437,0.108,STANCE,1.1318,-0.3409,0.1852,0,0.00,0.020,0.310,0.006,STANCE,1.1101,0.3461,0.2214,0,0.00,0.010,0.248,0.019,STANCE,0.7444,-0.1994,0.0440,0,0.00,0.003,0.087,0.091,SWING,0.7898,0.1821,0.0153,0,0.00,0.004,0.439,0.055,STANCE
77.360,5544,placemove,0.9835,-0.0012,0.3168,0.0237,-0.6890,-0.0179,0.0192,-0.0048,-0.2741,0.0369,-0.0931,-0.1126,1.000,0.000,0.0000,0.0000,1.2573,-0.2698,0.2979,0,0.00,0.036,0.096,0.060,STANCE,1.2603,0.2803,0.3093,0,0.00,0.038,0.043,0.051,STANCE,1.1246,-0.3441,0.1907,0,0.00,0.037,0.077,0.106,STANCE,1.1069,0.3454,0.2232,0,0.00,0.037,0.019,0.035,STANCE,0.7332,-0.2031,0.0519,0,0.00,0.252,0.108,0.082,SWING,0.7840,0.1818,0.0210,0,0.00,0.047,0.178,0.087,STANCE
77.379,5548,placemove,0.9836,-0.0013,0.3109,0.0278,-0.6886,-0.0219,0.0057,-0.0008,-0.4265,0.2103,0.0536,-0.0701,1.000,0.000,0.0000,0.0000,1.2556,-0.2695,0.2922,0,0.00,0.082,0.005,0.004,STANCE,1.2598,0.2787,0.3054,0,0.00,0.072,0.016,0.006,STANCE,1.1169,-0.3460,0.1929,0,0.00,0.093,0.107,0.099,STANCE,1.1087,0.3454,0.2178,0,0.00,0.079,0.067,0.010,STANCE,0.7343,-0.2081,0.0595,0,0.00,0.545,0.112,0.104,SWING,0.7813,0.1836,0.0185,0,0.00,0.109,0.016,0.008,STANCE
77.418,5552,placemove,0.9840,-0.0016,0.3031,0.0362,-0.6801,-0.0261,0.0767,-0.0724,-0.4351,0.6172,0.9325,0.2475,1.000,0.000,0.0000,0.0000,1.2557,-0.2698,0.2805,0,0.00,0.059,0.181,0.009,STANCE,1.2606,0.2782,0.2975,0,0.00,0.154,0.143,0.004,STANCE,1.1088,-0.3468,0.1910,0,0.00,0.098,0.127,0.092,STANCE,1.1105,0.3457,0.2095,0,0.00,0.154,0.226,0.009,STANCE,0.7376,-0.2175,0.0680,0,0.00,0.153,0.136,0.115,SWING,0.7812,0.1849,0.0142,1,17.39,0.056,1.155,2.940,STANCE
77.448,5556,placemove,0.9858,-0.0033,0.2981,0.0439,-0.6687,-0.0282,0.0291,-0.0524,-0.0254,0.0171,-0.0834,0.2543,1.000,0.000,0.0000,0.0000,1.2605,-0.2710,0.2644,0,0.00,0.374,0.304,0.059,STANCE,1.2653,0.2769,0.2867,1,21.85,1.621,2.940,1.421,STANCE,1.1071,-0.3437,0.1834,1,32.71,2.940,2.940,2.940,STANCE,1.1156,0.3451,0.1992,0,0.00,0.014,0.283,0.086,STANCE,0.7438,-0.2295,0.0806,0,0.00,0.150,0.246,0.111,SWING,0.7812,0.1848,0.0138,1,28.01,2.940,0.954,2.940,STANCE
77.506,5560,placemove,0.9874,-0.0048,0.2976,0.0466,-0.6685,-0.0258,0.0951,-0.1071,-0.0238,0.2924,-0.1467,0.4101,1.000,0.000,0.0000,0.0000,1.2612,-0.2720,0.2641,0,0.00,0.028,0.129,0.026,STANCE,1.2653,0.2758,0.2880,1,18.19,2.940,2.476,2.940,STANCE,1.1042,-0.3437,0.1862,0,0.00,0.001,0.181,0.040,STANCE,1.1171,0.3443,0.1993,0,0.00,0.026,0.162,0.018,STANCE,0.7526,-0.2389,0.0957,0,0.00,0.328,0.165,0.091,SWING,0.7813,0.1847,0.0135,1,12.53,2.940,2.178,2.940,STANCE
77.541,5564,placemove,0.9877,-0.0055,0.2978,0.0457,-0.6698,-0.0235,0.0688,0.0200,-0.0413,-0.1489,0.2207,0.0966,1.000,0.000,0.0000,0.0000,1.2622,-0.2728,0.2638,0,0.00,0.133,0.171,0.023,STANCE,1.2655,0.2754,0.2883,1,5.17,2.940,0.098,0.593,STANCE,1.1053,-0.3440,0.1855,0,0.00,0.118,0.180,0.026,STANCE,1.1195,0.3437,0.1981,0,0.00,0.005,0.048,0.023,STANCE,0.7552,-0.2372,0.1068,0,0.00,0.001,0.085,0.119,SWING,0.7814,0.1847,0.0134,1,12.62,2.342,2.173,2.940,STANCE
77.587,5568,placemove,0.9892,-0.0054,0.2968,0.0454,-0.6666,-0.0196,0.0025,-0.0472,0.0076,0.0947,-0.1540,0.1239,1.000,0.000,0.0000,0.0000,1.2628,-0.2721,0.2632,0,0.00,0.293,0.460,0.004,STANCE,1.2657,0.2755,0.2884,1,27.41,2.940,0.595,2.940,STANCE,1.1058,-0.3436,0.1853,1,9.83,2.940,2.940,0.576,STANCE,1.1201,0.3442,0.1965,0,0.00,0.125,0.043,0.052,STANCE,0.7588,-0.2327,0.1156,0,0.00,0.232,0.449,0.025,SWING,0.7814,0.1846,0.0132,1,13.78,0.602,1.478,2.940,STANCE
77.617,5572,placemove,0.9901,-0.0055,0.2963,0.0441,-0.6643,-0.0180,0.0983,-0.0075,-0.0546,0.0055,0.2171,0.1208,1.000,0.000,0.0000,0.0000,1.2626,-0.2724,0.2634,0,0.00,0.081,0.095,0.019,STANCE,1.2658,0.2753,0.2887,1,7.96,1.571,0.317,0.095,STANCE,1.1055,-0.3439,0.1857,0,0.00,0.082,0.133,0.021,STANCE,1.1214,0.3440,0.1951,0,0.00,0.042,0.093,0.010,STANCE,0.7743,-0.2272,0.1081,0,0.00,0.049,0.129,0.113,SWING,0.7815,0.1846,0.0131,1,13.67,1.042,1.481,2.940,STANCE
77.652,5576,placemove,0.9913,-0.0059,0.2959,0.0453,-0.6632,-0.0165,0.0124,0.0164,0.0380,-0.1127,-0.0077,-0.0442,1.000,0.000,0.0000,0.0000,1.2638,-0.2723,0.2625,0,0.00,0.118,0.039,0.014,SHIFT,1.2659,0.2752,0.2888,1,9.41,2.940,0.320,0.049,SHIFT,1.1067,-0.3438,0.1848,1,5.64,0.216,0.571,1.737,SHIFT,1.1229,0.3441,0.1936,0,0.00,0.074,0.106,0.056,SHIFT,0.7913,-0.2208,0.1011,0,0.00,0.014,0.052,0.113,SHIFT,0.7816,0.1846,0.0129,1,12.31,2.940,2.178,2.940,SHIFT
77.689,5580,placemove,0.9928,-0.0063,0.2965,0.0449,-0.6618,-0.0178,0.1336,-0.0294,0.0192,0.0105,0.1561,-0.0129,1.000,0.000,0.0000,0.0000,1.2620,-0.2732,0.2632,0,0.00,0.248,0.120,0.024,SHIFT,1.2655,0.2744,0.2895,1,4.85,2.779,0.571,0.924,SHIFT,1.1049,-0.3445,0.1856,0,0.00,0.245,0.128,0.025,SHIFT,1.1238,0.3435,0.1925,0,0.00,0.033,0.061,0.017,SHIFT,0.8059,-0.2122,0.0971,0,0.00,0.136,0.063,0.034,SHIFT,0.7817,0.1846,0.0128,1,11.50,1.787,2.060,2.940,SHIFT
77.736,5584,placemove,0.9949,-0.0070,0.2973,0.0463,-0.6610,-0.0179,0.0668,0.0095,0.0851,-0.1011,-0.0283,-0.0297,1.000,0.000,0.0000,0.0000,1.2624,-0.2739,0.2624,0,0.00,0.136,0.037,0.016,SHIFT,1.2657,0.2737,0.2897,1,7.88,2.940,0.327,0.519,SHIFT,1.1052,-0.3450,0.1847,1,1.08,0.413,0.234,0.153,SHIFT,1.1255,0.3430,0.1912,0,0.00,0.110,0.104,0.053,SHIFT,0.8159,-0.2088,0.0909,0,0.00,0.034,0.093,0.018,SHIFT,0.7819,0.1845,0.0128,1,10.87,2.439,2.286,2.940,SHIFT
77.761,5588,placemove,0.9971,-0.0069,0.2981,0.0450,-0.6588,-0.0168,0.1662,-0.0059,0.0254,-0.0069,0.1826,0.0891,1.000,0.000,0.0000,0.0000,1.2617,-0.2740,0.2631,0,0.00,0.169,0.076,0.015,SHIFT,1.2656,0.2736,0.2900,1,11.20,2.736,0.193,0.254,SHIFT,1.1045,-0.3451,0.1856,0,0.00,0.176,0.092,0.016,SHIFT,1.1266,0.3430,0.1897,0,0.00,0.054,0.059,0.011,SHIFT,0.8242,-0.2059,0.0851,0,0.00,0.118,0.115,0.012,SHIFT,0.7820,0.1845,0.0128,1,11.55,1.843,2.059,2.940,SHIFT
77.815,5592,placemove,0.9990,-0.0072,0.2992,0.0455,-0.6586,-0.0164,0.0999,0.0105,0.0587,-0.0901,0.0930,-0.0345,1.000,0.000,0.0000,0.0000,1.2622,-0.2741,0.2627,0,0.00,0.177,0.069,0.000,SHIFT,1.2657,0.2735,0.2902,1,5.42,2.940,0.191,0.547,SHIFT,1.1052,-0.3452,0.1850,0,0.00,0.180,0.057,0.005,SHIFT,1.1282,0.3430,0.1881,0,0.00,0.057,0.011,0.025,SHIFT,0.8333,-0.2030,0.0790,0,0.00,0.095,0.065,0.013,SHIFT,0.7822,0.1844,0.0129,1,10.70,2.303,2.314,2.940,SHIFT
77.836,5596,placemove,1.0016,-0.0072,0.2998,0.0452,-0.6555,-0.0157,0.1836,-0.0145,0.0108,0.0706,0.1976,0.1283,1.000,0.000,0.0000,0.0000,1.2619,-0.2742,0.2629,0,0.00,0.171,0.078,0.017,SHIFT,1.2656,0.2734,0.2902,1,13.29,2.835,0.221,0.452,SHIFT,1.1046,-0.3453,0.1856,0,0.00,0.175,0.106,0.018,SHIFT,1.1284,0.3430,0.1877,0,0.00,0.047,0.010,0.003,SHIFT,0.8425,-0.1996,0.0738,0,0.00,0.124,0.137,0.012,SHIFT,0.7824,0.1844,0.0130,1,11.43,1.867,2.112,2.940,SHIFT
77.880,5600,placemove,1.0033,-0.0073,0.3009,0.0453,-0.6554,-0.0154,0.1309,0.0133,0.0414,-0.0629,0.1487,0.0142,1.000,0.000,0.0000,0.0000,1.2622,-0.2743,0.2627,0,0.00,0.198,0.086,0.012,SHIFT,1.2657,0.2733,0.2903,1,7.87,2.940,0.003,0.402,SHIFT,1.1051,-0.3454,0.1852,0,0.00,0.195,0.092,0.014,SHIFT,1.1285,0.3429,0.1878,0,0.00,0.045,0.027,0.002,SHIFT,0.8521,-0.1959,0.0689,0,0.00,0.114,0.114,0.015,SHIFT,0.7826,0.1844,0.0130,1,10.68,2.115,2.287,2.940,SHIFT
77.908,5604,placemove,1.0057,-0.0076,0.3016,0.0461,-0.6534,-0.0152,0.0393,-0.0203,0.0987,-0.0645,-0.0875,-0.1380,1.000,0.000,0.0000,0.0000,1.2626,-0.2742,0.2622,0,0.00,0.006,0.475,0.005,SHIFT,1.2658,0.2733,0.2903,1,22.27,2.940,2.940,0.105,SHIFT,1.1055,-0.3454,0.1850,1,21.65,2.151,2.940,2.940,SHIFT,1.1283,0.3429,0.1882,0,0.00,0.063,0.086,0.048,SHIFT,0.8622,-0.1920,0.0641,0,0.00,0.115,0.200,0.023,SHIFT,0.7828,0.1843,0.0131,1,10.50,0.895,2.132,2.940,SHIFT
77.946,5608,placemove,1.0078,-0.0076,0.3027,0.0454,-0.6522,-0.0149,0.1671,0.0124,0.0175,0.0018,0.2039,0.0953,1.000,0.000,0.0000,0.0000,1.2623,-0.2745,0.2628,0,0.00,0.161,0.079,0.014,SHIFT,1.2659,0.2731,0.2906,1,13.26,2.940,0.280,0.400,SHIFT,1.1051,-0.3456,0.1856,0,0.00,0.160,0.110,0.017,SHIFT,1.1284,0.3427,0.1886,0,0.00,0.060,0.008,0.002,SHIFT,0.8685,-0.1895,0.0616,0,0.00,0.107,0.006,0.000,SHIFT,0.7829,0.1843,0.0132,1,11.26,2.085,2.186,2.940,SHIFT
77.977,5612,placemove,1.0109,-0.0078,0.3027,0.0474,-0.6484,-0.0145,0.1529,-0.0143,0.0154,0.0548,0.1694,0.0432,1.000,0.000,0.0000,0.0000,1.2631,-0.2743,0.2617,0,0.00,0.149,0.053,0.015,SHIFT,1.2660,0.2733,0.2905,1,13.72,2.866,2.797,1.203,SHIFT,1.1058,-0.3455,0.1850,1,5.54,1.796,1.993,0.233,SHIFT,1.1279,0.3428,0.1890,0,0.00,0.042,0.006,0.011,SHIFT,0.8703,-0.1892,0.0601,0,0.00,0.073,0.034,0.014,SHIFT,0.7831,0.1843,0.0133,1,12.49,0.604,1.705,2.940,SHIFT
78.014,5616,placemove,1.0137,-0.0081,0.3032,0.0485,-0.6455,-0.0144,0.1621,-0.0134,0.0252,0.0493,0.1430,0.0732,1.000,0.000,0.0000,0.0000,1.2634,-0.2743,0.2613,0,0.00,0.112,0.007,0.009,SHIFT,1.2661,0.2732,0.2905,1,16.45,2.912,0.516,0.417,SHIFT,1.1059,-0.3456,0.1849,1,2.28,0.802,0.854,0.085,SHIFT,1.1277,0.3427,0.1896,0,0.00,0.061,0.006,0.012,SHIFT,0.8715,-0.1893,0.0590,0,0.00,0.083,0.021,0.007,SHIFT,0.7834,0.1842,0.0133,1,11.97,1.492,1.975,2.940,SHIFT
78.053,5620,placemove,1.0155,-0.0083,0.3028,0.0484,-0.6454,-0.0134,0.0042,0.0146,-0.0484,-0.0053,-0.1136,-0.0860,1.000,0.000,0.0000,0.0000,1.2643,-0.2744,0.2612,0,0.00,0.012,0.062,0.025,STANCE,1.2662,0.2731,0.2905,1,5.68,0.774,2.940,1.234,STANCE,1.1068,-0.3458,0.1850,1,9.80,1.340,1.281,1.775,STANCE,1.1276,0.3425,0.1896,0,0.00,0.009,0.072,0.005,STANCE,0.8735,-0.1897,0.0573,0,0.00,0.130,0.080,0.007,STANCE,0.7811,0.1833,0.0176,0,0.00,0.116,0.112,0.063,SWING
78.092,5624,placemove,1.0153,-0.0079,0.3007,0.0492,-0.6493,-0.0143,-0.0111,0.0271,-0.2018,0.1153,-0.2403,0.0383,1.000,0.000,0.0000,0.0000,1.2621,-0.2742,0.2628,0,0.00,0.007,0.170,0.034,STANCE,1.2643,0.2733,0.2921,0,0.00,0.005,0.138,0.033,STANCE,1.1035,-0.3452,0.1877,0,0.00,0.001,0.088,0.105,STANCE,1.1261,0.3428,0.1908,0,0.00,0.007,0.153,0.037,STANCE,0.8736,-0.1892,0.0554,0,0.00,0.001,0.123,0.011,STANCE,0.7779,0.1822,0.0258,0,0.00,0.002,0.091,0.105,SWING
78.111,5628,placemove,1.0150,-0.0074,0.2959,0.0517,-0.6540,-0.0152,-0.0156,0.0248,-0.3518,0.1140,-0.3776,0.0306,1.000,0.000,0.0000,0.0000,1.2607,-0.2736,0.2609,0,0.00,0.001,0.021,0.009,STANCE,1.2623,0.2738,0.2914,0,0.00,0.005,0.001,0.006,STANCE,1.0969,-0.3432,0.1922,0,0.00,0.003,0.085,0.104,STANCE,1.1246,0.3434,0.1895,0,0.00,0.004,0.001,0.007,STANCE,0.8745,-0.1883,0.0502,0,0.00,0.000,0.058,0.003,STANCE,0.7722,0.1821,0.0308,0,0.00,0.003,0.020,0.137,SWING
78.157,5632,placemove,1.0147,-0.0073,0.2888,0.0585,-0.6621,-0.0183,-0.0316,-0.0467,-0.4458,0.9975,-0.7707,0.1664,1.000,0.000,0.0000,0.0000,1.2607,-0.2731,0.2550,0,0.00,0.069,0.024,0.012,STANCE,1.2618,0.2742,0.2874,0,0.00,0.114,0.075,0.010,STANCE,1.0906,-0.3420,0.1937,0,0.00,0.050,0.113,0.003,STANCE,1.1248,0.3439,0.1848,1,9.07,0.372,1.437,2.940,STANCE,0.8775,-0.1871,0.0398,0,0.00,0.037,0.052,0.010,STANCE,0.7528,0.1873,0.0309,0,0.00,0.045,0.129,0.091,SWING
78.180,5636,placemove,1.0145,-0.0081,0.2794,0.0736,-0.6692,-0.0262,-0.0219,-0.0475,-0.6334,0.5683,-0.2872,0.0559,1.000,0.000,0.0000,0.0000,1.2549,-0.2742,0.2523,0,0.00,0.026,0.109,0.100,STANCE,1.2554,0.2736,0.2921,0,0.00,0.027,0.077,0.107,STANCE,1.0875,-0.3447,0.1858,0,0.00,0.025,0.033,0.013,STANCE,1.1189,0.3445,0.1892,0,0.00,0.029,0.082,0.104,STANCE,0.8768,-0.1849,0.0305,0,0.00,0.034,0.020,0.013,STANCE,0.7436,0.1926,0.0336,0,0.00,0.291,0.105,0.087,SWING
78.264,5640,placemove,1.0138,-0.0069,0.2700,0.0457,-0.6926,-0.0109,-0.0390,0.1606,-0.5432,-1.1741,-2.0271,-0.4326,1.000,0.000,0.0000,0.0000,1.2535,-0.2742,0.2523,0,0.00,0.040,0.363,0.015,STANCE,1.2548,0.2734,0.2826,0,0.00,0.370,0.493,0.062,STANCE,1.0873,-0.3457,0.1840,1,17.49,1.838,0.666,2.940,STANCE,1.1141,0.3430,0.1850,1,15.87,2.940,2.940,2.251,STANCE,0.8806,-0.1881,0.0212,0,0.00,0.315,0.088,0.054,STANCE,0.7500,0.1973,0.0301,0,0.00,0.134,0.013,0.135,SWING
78.305,5644,placemove,1.0137,-0.0033,0.2635,0.0230,-0.7177,-0.0110,0.0556,0.2507,-0.2481,-1.0586,-0.7852,-0.9454,1.000,0.000,0.0000,0.0000,1.2519,-0.2741,0.2543,0,0.00,0.176,0.105,0.010,STANCE,1.2599,0.2737,0.2749,0,0.00,0.147,0.083,0.025,STANCE,1.0847,-0.3451,0.1849,0,0.00,0.192,0.059,0.007,STANCE,1.1137,0.3432,0.1846,1,10.29,2.940,2.417,2.940,STANCE,0.8855,-0.1876,0.0142,1,24.64,2.940,0.460,2.940,STANCE,0.7640,0.2124,0.0291,0,0.00,0.241,0.255,0.100,SWING
78.363,5648,placemove,1.0141,-0.0001,0.2618,0.0042,-0.7290,-0.0102,-0.1199,0.0590,0.0882,-0.3883,-0.8298,-0.0786,1.000,0.000,0.0000,0.0000,1.2518,-0.2737,0.2561,0,0.00,0.070,0.154,0.022,STANCE,1.2652,0.2742,0.2694,1,23.79,2.224,2.940,2.940,STANCE,1.0819,-0.3436,0.1888,0,0.00,0.104,0.047,0.004,STANCE,1.1112,0.3430,0.1856,0,0.00,0.119,0.472,0.105,STANCE,0.8855,-0.1871,0.0139,1,27.19,2.940,2.940,1.587,STANCE,0.7764,0.2274,0.0380,0,0.00,0.122,0.363,0.079,SWING
78.388,5652,placemove,1.0095,-0.0007,0.2640,0.0055,-0.7444,-0.0093,-0.2903,-0.0238,0.1239,0.1181,-0.9187,0.0947,1.000,0.000,0.0000,0.0000,1.2520,-0.2736,0.2578,0,0.00,0.109,0.237,0.034,STANCE,1.2653,0.2742,0.2694,0,0.00,0.096,0.351,0.106,STANCE,1.0795,-0.3440,0.1922,0,0.00,0.086,0.014,0.011,STANCE,1.0991,0.3405,0.1967,0,0.00,0.117,0.190,0.013,STANCE,0.8853,-0.1871,0.0140,1,14.86,0.256,1.385,2.940,STANCE,0.7820,0.2365,0.0541,0,0.00,0.186,0.115,0.111,SWING
78.430,5656,placemove,1.0049,-0.0006,0.2660,0.0072,-0.7593,-0.0089,-0.2526,0.0231,0.1006,0.0277,-0.8152,0.1410,1.000,0.000,0.0000,0.0000,1.2533,-0.2730,0.2579,0,0.00,0.076,0.228,0.043,STANCE,1.2653,0.2749,0.2699,0,0.00,0.004,0.242,0.059,STANCE,1.0767,-0.3438,0.1951,0,0.00,0.081,0.005,0.003,STANCE,1.0891,0.3434,0.2064,0,0.00,0.019,0.084,0.019,STANCE,0.8850,-0.1872,0.0140,1,7.10,0.278,0.481,1.122,STANCE,0.7845,0.2392,0.0678,0,0.00,0.082,0.135,0.100,SWING
78.488,5660,placemove,0.9999,-0.0003,0.2696,0.0067,-0.7668,-0.0097,-0.3233,0.0090,0.2894,0.0376,-0.1662,-0.0778,1.000,0.000,0.0000,0.0000,1.2537,-0.2727,0.2583,0,0.00,0.006,0.197,0.047,STANCE,1.2654,0.2752,0.2697,0,0.00,0.014,0.277,0.076,STANCE,1.0736,-0.3435,0.1984,0,0.00,0.016,0.193,0.012,STANCE,1.0842,0.3440,0.2105,0,0.00,0.007,0.030,0.002,STANCE,0.8848,-0.1872,0.0139,0,0.00,0.012,0.176,0.023,STANCE,0.7839,0.2345,0.0771,0,0.00,0.025,0.407,0.056,SWING
78.527,5664,placemove,0.9949,0.0002,0.2737,0.0058,-0.7703,-0.0088,-0.2833,0.0413,0.1908,-0.0619,-0.2705,0.0730,1.000,0.000,0.0000,0.0000,1.2526,-0.2720,0.2599,0,0.00,0.010,0.103,0.032,STANCE,1.2640,0.2760,0.2706,0,0.00,0.004,0.135,0.040,STANCE,1.0736,-0.3431,0.1985,0,0.00,0.009,0.199,0.034,STANCE,1.0824,0.3444,0.2111,0,0.00,0.009,0.223,0.035,STANCE,0.8843,-0.1872,0.0143,0,0.00,0.005,0.135,0.027,STANCE,0.7958,0.2294,0.0731,0,0.00,0.011,0.085,0.102,SWING
78.553,5668,placemove,0.9906,0.0013,0.2761,0.0029,-0.7771,-0.0049,-0.2173,0.0925,0.1245,-0.2009,-0.5505,0.1600,1.000,0.000,0.0000,0.0000,1.2511,-0.2704,0.2624,0,0.00,0.158,0.087,0.022,SHIFT,1.2610,0.2777,0.2717,0,0.00,0.110,0.137,0.042,SHIFT,1.0744,-0.3422,0.1985,0,0.00,0.144,0.155,0.021,SHIFT,1.0812,0.3454,0.2092,0,0.00,0.127,0.187,0.037,SHIFT,0.8842,-0.1873,0.0144,1,13.18,0.196,1.254,2.482,SHIFT,0.8084,0.2230,0.0685,0,0.00,0.091,0.101,0.110,SHIFT
78.601,5672,placemove,0.9876,0.0035,0.2782,-0.0032,-0.7851,0.0032,-0.1636,0.1590,0.0935,-0.3001,-0.4145,0.2935,1.000,0.000,0.0000,0.0000,1.2496,-0.2670,0.2659,0,0.00,0.066,0.040,0.014,SHIFT,1.2565,0.2812,0.2721,0,0.00,0.092,0.046,0.015,SHIFT,1.0754,-0.3400,0.1993,0,0.00,0.073,0.122,0.021,SHIFT,1.0786,0.3476,0.2060,0,0.00,0.102,0.131,0.022,SHIFT,0.8843,-0.1872,0.0144,0,0.00,0.039,0.034,0.017,SHIFT,0.8209,0.2147,0.0643,0,0.00,0.067,0.075,0.072,SHIFT
78.631,5676,placemove,0.9853,0.0067,0.2793,-0.0111,-0.7915,0.0124,-0.1263,0.2096,0.0318,-0.3914,-0.3630,0.1884,1.000,0.000,0.0000,0.0000,1.2485,-0.2623,0.2690,0,0.00,0.064,0.027,0.009,SHIFT,1.2516,0.2860,0.2706,0,0.00,0.115,0.033,0.012,SHIFT,1.0770,-0.3370,0.2002,0,0.00,0.069,0.109,0.018,SHIFT,1.0755,0.3507,0.2012,0,0.00,0.130,0.119,0.020,SHIFT,0.8843,-0.1871,0.0144,1,2.03,0.118,0.181,0.405,SHIFT,0.8284,0.2104,0.0574,0,0.00,0.092,0.093,0.010,SHIFT
78.670,5680,placemove,0.9836,0.0107,0.2793,-0.0217,-0.7971,0.0211,-0.0911,0.2623,-0.0280,-0.5247,-0.3048,0.0541,1.000,0.000,0.0000,0.0000,1.2475,-0.2569,0.2720,0,0.00,0.070,0.029,0.007,SHIFT,1.2474,0.2914,0.2672,0,0.00,0.117,0.020,0.009,SHIFT,1.0786,-0.3335,0.2014,0,0.00,0.078,0.110,0.017,SHIFT,1.0729,0.3541,0.1943,0,0.00,0.131,0.104,0.017,SHIFT,0.8844,-0.1869,0.0145,1,2.81,0.023,0.188,0.484,SHIFT,0.8344,0.2082,0.0480,0,0.00,0.090,0.100,0.009,SHIFT
78.699,5684,placemove,0.9824,0.0155,0.2786,-0.0342,-0.8013,0.0294,-0.0768,0.2510,-0.0282,-0.3308,-0.1745,0.1382,1.000,0.000,0.0000,0.0000,1.2467,-0.2508,0.2747,0,0.00,0.001,0.069,0.010,SHIFT,1.2438,0.2973,0.2616,0,0.00,0.339,0.269,0.009,SHIFT,1.0802,-0.3294,0.2028,0,0.00,0.068,0.046,0.025,SHIFT,1.0711,0.3580,0.1853,1,34.21,2.940,1.883,2.940,SHIFT,0.8844,-0.1866,0.0145,1,7.80,2.513,2.189,0.989,SHIFT,0.8413,0.2059,0.0377,0,0.00,0.019,0.157,0.033,SHIFT
78.750,5688,placemove,0.9816,0.0179,0.2783,-0.0313,-0.8134,0.0185,-0.0442,0.0898,-0.0464,0.4064,-0.9288,-0.7977,1.000,0.000,0.0000,0.0000,1.2446,-0.2482,0.2776,0,0.00,0.045,0.031,0.007,SHIFT,1.2417,0.2998,0.2610,0,0.00,0.083,0.049,0.006,SHIFT,1.0805,-0.3273,0.2029,0,0.00,0.059,0.057,0.010,SHIFT,1.0679,0.3596,0.1849,1,0.88,0.305,0.071,0.272,SHIFT,0.8822,-0.1856,0.0158,0,0.00,0.039,0.057,0.029,SHIFT,0.8513,0.2039,0.0295,0,0.00,0.062,0.047,0.006,SHIFT
78.790,5692,placemove,0.9810,0.0188,0.2785,-0.0311,-0.8204,0.0091,-0.0144,0.0606,0.0641,-0.0499,-0.2422,-0.3803,1.000,0.000,0.0000,0.0000,1.2418,-0.2485,0.2791,0,0.00,0.087,0.116,0.025,SHIFT,1.2418,0.2994,0.2600,0,0.00,0.438,0.193,0.016,SHIFT,1.0798,-0.3272,0.2017,0,0.00,0.106,0.122,0.026,SHIFT,1.0654,0.3602,0.1849,1,18.29,2.940,0.506,2.704,SHIFT,0.8821,-0.1850,0.0146,1,18.93,1.931,0.830,2.940,SHIFT,0.8624,0.2009,0.0229,0,0.00,0.228,0.056,0.040,SHIFT
78.841,5696,placemove,0.9810,0.0194,0.2811,-0.0272,-0.8229,0.0017,0.0127,0.0460,0.1535,0.1217,-0.0963,-0.1568,1.000,0.000,0.0000,0.0000,1.2413,-0.2482,0.2801,0,0.00,0.089,0.042,0.013,SHIFT,1.2421,0.2997,0.2601,0,0.00,0.077,0.058,0.018,SHIFT,1.0811,-0.3269,0.2008,0,0.00,0.099,0.122,0.024,SHIFT,1.0654,0.3607,0.1849,0,0.00,0.088,0.038,0.009,SHIFT,0.8822,-0.1849,0.0143,0,0.43,0.179,0.012,0.004,SHIFT,0.8723,0.1977,0.0207,0,0.00,0.042,0.101,0.007,SHIFT
78.870,5700,placemove,0.9813,0.0198,0.2834,-0.0245,-0.8246,-0.0032,0.0168,0.0147,0.1117,0.0815,-0.0940,-0.1326,1.000,0.000,0.0000,0.0000,1.2411,-0.2478,0.2809,0,0.00,0.071,0.033,0.011,SHIFT,1.2420,0.3000,0.2604,0,0.00,0.088,0.028,0.011,SHIFT,1.0828,-0.3266,0.1998,0,0.00,0.080,0.114,0.022,SHIFT,1.0654,0.3610,0.1849,0,0.00,0.096,0.028,0.003,SHIFT,0.8823,-0.1849,0.0143,0,0.24,0.015,0.083,0.035,SHIFT,0.8794,0.1951,0.0198,0,0.00,0.056,0.055,0.008,SHIFT
78.920,5704,placemove,0.9818,0.0200,0.2852,-0.0226,-0.8262,-0.0066,0.0357,0.0088,0.0945,0.0558,-0.0530,-0.0780,1.000,0.000,0.0000,0.0000,1.2407,-0.2478,0.2815,0,0.00,0.082,0.002,0.005,SHIFT,1.2418,0.3001,0.2606,0,0.00,0.068,0.020,0.009,SHIFT,1.0843,-0.3266,0.1985,0,0.00,0.094,0.095,0.018,SHIFT,1.0654,0.3611,0.1848,0,0.14,0.101,0.052,0.024,SHIFT,0.8824,-0.1848,0.0142,1,1.03,0.075,0.066,0.083,SHIFT,0.8797,0.1949,0.0198,0,0.00,0.044,0.015,0.005,SHIFT
78.950,5708,placemove,0.9826,0.0201,0.2869,-0.0211,-0.8271,-0.0089,0.0572,0.0053,0.0849,0.0515,0.0080,-0.0354,1.000,0.000,0.0000,0.0000,1.2405,-0.2477,0.2818,0,0.00,0.086,0.017,0.001,SHIFT,1.2417,0.3002,0.2607,0,0.00,0.056,0.024,0.008,SHIFT,1.0860,-0.3266,0.1971,0,0.00,0.097,0.080,0.015,SHIFT,1.0654,0.3612,0.1847,1,0.92,0.033,0.420,0.280,SHIFT,0.8825,-0.1848,0.0141,1,1.30,0.198,0.308,0.042,SHIFT,0.8804,0.1949,0.0192,0,0.00,0.040,0.115,0.000,SHIFT
78.986,5712,placemove,0.9837,0.0200,0.2876,-0.0186,-0.8243,-0.0106,0.0599,-0.0171,0.0044,0.1283,0.2714,0.0488,1.000,0.000,0.0000,0.0000,1.2376,-0.2487,0.2852,0,0.00,0.048,0.117,0.102,SWING,1.2420,0.3004,0.2602,0,0.00,0.044,0.027,0.003,STANCE,1.0884,-0.3266,0.1949,0,0.00,0.044,0.110,0.018,STANCE,1.0654,0.3612,0.1847,1,4.24,0.763,0.562,0.075,STANCE,0.8826,-0.1848,0.0141,1,4.99,0.736,0.459,0.225,STANCE,0.8819,0.1948,0.0179,0,0.00,0.018,0.100,0.003,STANCE
79.006,5716,placemove,0.9846,0.0197,0.2876,-0.0156,-0.8197,-0.0119,0.0537,-0.0165,-0.0083,0.1122,0.2605,0.0575,1.000,0.000,0.0000,0.0000,1.2311,-0.2511,0.2919,0,0.00,0.060,0.126,0.102,SWING,1.2425,0.3005,0.2592,0,0.00,0.048,0.029,0.003,STANCE,1.0912,-0.3267,0.1920,0,0.00,0.051,0.113,0.017,STANCE,1.0655,0.3612,0.1846,1,5.22,0.977,0.732,0.154,STANCE,0.8827,-0.1848,0.0141,1,7.10,0.922,0.491,0.450,STANCE,0.8832,0.1947,0.0168,0,0.00,0.023,0.100,0.001,STANCE
79.043,5720,placemove,0.9855,0.0195,0.2874,-0.0131,-0.8156,-0.0128,0.0495,-0.0146,-0.0099,0.0930,0.2332,0.0579,1.000,0.000,0.0000,0.0000,1.2244,-0.2528,0.2987,0,0.00,0.056,0.125,0.102,SWING,1.2430,0.3006,0.2583,0,0.00,0.048,0.028,0.002,STANCE,1.0940,-0.3267,0.1892,0,0.00,0.051,0.111,0.016,STANCE,1.0655,0.3612,0.1845,1,5.42,0.995,0.738,0.122,STANCE,0.8827,-0.1849,0.0140,1,7.31,0.918,0.502,0.475,STANCE,0.8845,0.1947,0.0156,0,0.00,0.024,0.101,0.000,STANCE
79.103,5724,placemove,0.9864,0.0191,0.2874,-0.0101,-0.8101,-0.0133,0.0661,-0.0259,0.0050,0.1364,0.3784,0.0859,1.000,0.000,0.0000,0.0000,1.2177,-0.2537,0.3052,0,0.00,0.057,0.129,0.101,SWING,1.2434,0.3008,0.2572,0,0.00,0.050,0.047,0.006,STANCE,1.0969,-0.3267,0.1862,0,0.00,0.052,0.128,0.019,STANCE,1.0655,0.3612,0.1845,1,4.49,0.969,0.611,0.230,STANCE,0.8828,-0.1849,0.0139,1,6.38,0.902,0.369,0.413,STANCE,0.8852,0.1946,0.0149,0,0.00,0.025,0.033,0.001,STANCE
79.161,5728,placemove,0.9870,0.0190,0.2866,-0.0086,-0.8103,-0.0148,0.0337,-0.0069,-0.1246,0.0513,-0.2535,-0.0573,1.000,0.000,0.0000,0.0000,1.2134,-0.2522,0.3158,0,0.00,0.534,0.074,0.112,SWING,1.2430,0.3007,0.2577,0,0.00,0.070,0.127,0.019,STANCE,1.0950,-0.3268,0.1875,0,0.00,0.089,0.321,0.117,STANCE,1.0627,0.3609,0.1873,0,0.00,0.058,0.139,0.060,STANCE,0.8801,-0.1845,0.0165,0,0.00,0.083,0.018,0.040,STANCE,0.8827,0.1946,0.0178,0,0.00,0.057,0.139,0.061,STANCE
79.179,5732,placemove,0.9873,0.0188,0.2831,-0.0046,-0.8097,-0.0184,0.0101,-0.0119,-0.2670,0.1451,0.2589,-0.0632,1.000,0.000,0.0000,0.0000,1.2137,-0.2468,0.3288,0,0.00,0.094,0.102,0.105,SWING,1.2422,0.3004,0.2567,0,0.00,0.001,0.013,0.008,STANCE,1.0897,-0.3266,0.1886,0,0.00,0.005,0.006,0.026,STANCE,1.0578,0.3612,0.1905,0,0.00,0.003,0.018,0.022,STANCE,0.8747,-0.1838,0.0180,0,0.00,0.005,0.015,0.022,STANCE,0.8816,0.1955,0.0163,0,0.00,0.004,0.054,0.000,STANCE
79.248,5736,placemove,0.9879,0.0190,0.2803,-0.0046,-0.8036,-0.0189,0.0747,0.0403,-0.0694,-0.1994,0.2417,0.0234,1.000,0.000,0.0000,0.0000,1.2141,-0.2394,0.3404,0,0.00,0.156,0.091,0.108,SWING,1.2424,0.3002,0.2529,0,0.00,0.005,0.015,0.011,STANCE,1.0885,-0.3264,0.1855,0,0.00,0.159,0.008,0.010,STANCE,1.0587,0.3615,0.1869,0,0.00,0.022,0.067,0.005,STANCE,0.8736,-0.1832,0.0148,1,9.25,0.201,0.769,1.940,STANCE,0.8807,0.1958,0.0149,0,0.00,0.032,0.016,0.050,STANCE
79.298,5740,placemove,0.9886,0.0189,0.2808,-0.0029,-0.7929,-0.0160,-0.0020,-0.0721,0.1241,0.3798,0.9924,0.3845,1.000,0.000,0.0000,0.0000,1.2200,-0.2370,0.3566,0,0.00,0.102,0.109,0.072,SWING,1.2432,0.3010,0.2500,0,0.00,0.000,0.133,0.025,STANCE,1.0859,-0.3259,0.1872,0,0.00,0.002,0.173,0.009,STANCE,1.0599,0.3618,0.1845,0,0.00,0.000,0.161,0.031,STANCE,0.8737,-0.1832,0.0146,0,0.00,0.001,0.139,0.017,STANCE,0.8756,0.1962,0.0182,0,0.00,0.003,0.010,0.008,STANCE
79.366,5744,placemove,0.9874,0.0185,0.2834,-0.0048,-0.7858,-0.0158,-0.1006,0.0001,0.1193,-0.3107,-0.1015,-0.2399,0.000,0.000,0.0000,0.0000,1.2318,-0.2388,0.3716,0,0.00,0.099,0.097,0.094,STANCE,1.2438,0.3004,0.2485,0,0.00,0.005,0.039,0.008,STANCE,1.0862,-0.3264,0.1865,0,0.00,0.001,0.148,0.021,STANCE,1.0597,0.3614,0.1851,0,0.00,0.002,0.197,0.005,STANCE,0.8717,-0.1836,0.0167,0,0.00,0.002,0.164,0.011,STANCE,0.8743,0.1959,0.0199,0,0.00,0.002,0.063,0.011,STANCE
79.384,5748,placemove,0.9859,0.0186,0.2839,-0.0148,-0.7865,-0.0122,-0.0882,0.0127,-0.0330,-0.5215,0.0089,-0.1308,0.000,0.000,0.0000,0.0000,1.2444,-0.2339,0.3732,0,0.00,0.135,0.083,0.098,STANCE,1.2426,0.2993,0.2486,0,0.00,0.011,0.009,0.007,STANCE,1.0794,-0.3271,0.1935,0,0.00,0.033,0.188,0.104,STANCE,1.0556,0.3604,0.1878,0,0.00,0.019,0.198,0.087,STANCE,0.8686,-0.1848,0.0197,0,0.00,0.025,0.041,0.003,STANCE,0.8745,0.1947,0.0187,0,0.00,0.019,0.058,0.001,STANCE
79.430,5752,placemove,0.9843,0.0186,0.2826,-0.0186,-0.7856,-0.0104,-0.0933,-0.0653,-0.0565,0.6229,0.3557,0.1129,0.000,0.000,0.0000,0.0000,1.2519,-0.2342,0.3661,0,0.00,0.001,0.244,0.104,STANCE,1.2414,0.2989,0.2455,0,0.00,0.057,0.035,0.030,STANCE,1.0773,-0.3277,0.1942,0,0.00,0.104,0.251,0.026,STANCE,1.0541,0.3600,0.1849,1,4.20,2.378,1.281,0.404,STANCE,0.8685,-0.1861,0.0177,0,0.00,0.174,0.460,0.016,STANCE,0.8749,0.1934,0.0146,1,23.14,2.940,0.819,2.940,STANCE
79.467,5756,placemove,0.9836,0.0174,0.2836,-0.0096,-0.7756,-0.0150,-0.0091,-0.0203,0.1155,0.2012,0.5366,0.2378,0.000,0.000,0.0000,0.0000,1.2607,-0.2361,0.3544,0,0.00,0.056,0.054,0.102,STANCE,1.2421,0.2983,0.2432,0,0.00,0.022,0.148,0.038,STANCE,1.0802,-0.3283,0.1876,0,0.00,0.056,0.163,0.032,STANCE,1.0540,0.3597,0.1847,0,0.00,0.003,0.100,0.012,STANCE,0.8692,-0.1858,0.0145,1,2.39,0.176,0.519,0.587,STANCE,0.8742,0.1935,0.0146,0,0.00,0.011,0.017,0.010,STANCE
79.526,5760,placemove,0.9824,0.0175,0.2852,-0.0115,-0.7754,-0.0156,-0.2086,0.0549,0.0919,-0.5161,-1.1049,-0.5576,0.000,0.000,0.0000,0.0000,1.2675,-0.2360,0.3469,1,14.40,0.846,0.900,2.940,STANCE,1.2426,0.2982,0.2426,0,0.00,0.066,0.080,0.030,STANCE,1.0818,-0.3284,0.1858,0,0.00,0.074,0.016,0.016,STANCE,1.0544,0.3595,0.1848,1,1.58,0.363,0.746,0.131,STANCE,0.8687,-0.1858,0.0150,0,0.00,0.094,0.030,0.009,STANCE,0.8737,0.1936,0.0152,0,0.00,0.016,0.004,0.020,STANCE
79.559,5764,placemove,0.9774,0.0187,0.2875,-0.0213,-0.7903,-0.0154,-0.3400,0.0635,0.1801,-0.3421,-0.7881,-0.3390,0.000,0.000,0.0000,0.0000,1.2675,-0.2358,0.3464,1,1.91,0.201,1.245,0.474,STANCE,1.2400,0.2972,0.2472,0,0.00,0.072,0.091,0.000,STANCE,1.0756,-0.3287,0.1924,0,0.00,0.038,0.123,0.003,STANCE,1.0527,0.3595,0.1866,0,0.00,0.054,0.055,0.008,STANCE,0.8657,-0.1857,0.0177,0,0.00,0.026,0.064,0.015,STANCE,0.8743,0.1937,0.0145,1,6.03,0.211,0.507,0.413,STANCE
79.593,5768,placemove,0.9716,0.0195,0.2903,-0.0274,-0.8044,-0.0160,-0.3483,0.0337,0.1505,-0.2151,-0.9159,-0.2699,0.000,0.000,0.0000,0.0000,1.2670,-0.2352,0.3455,1,1.11,0.148,0.785,0.215,STANCE,1.2370,0.2964,0.2517,0,0.00,0.050,0.066,0.011,STANCE,1.0715,-0.3289,0.1960,0,0.00,0.034,0.111,0.021,STANCE,1.0519,0.3593,0.1872,0,0.00,0.041,0.134,0.016,STANCE,0.8647,-0.1856,0.0180,0,0.00,0.028,0.086,0.008,STANCE,0.8741,0.1937,0.0144,1,5.52,0.116,0.312,0.475,STANCE
79.614,5772,placemove,0.9657,0.0197,0.2926,-0.0307,-0.8204,-0.0175,-0.3509,0.0022,0.1221,-0.0964,-1.0038,-0.2015,0.000,0.000,0.0000,0.0000,1.2663,-0.2345,0.3441,1,1.36,0.258,0.989,0.281,STANCE,1.2334,0.2954,0.2571,0,0.00,0.051,0.057,0.008,STANCE,1.0679,-0.3293,0.1987,0,0.00,0.047,0.104,0.020,STANCE,1.0514,0.3589,0.1879,0,0.00,0.045,0.131,0.015,STANCE,0.8644,-0.1856,0.0171,0,0.00,0.038,0.084,0.007,STANCE,0.8738,0.1938,0.0144,1,7.12,0.135,0.436,0.588,STANCE
79.662,5776,placemove,0.9600,0.0195,0.2943,-0.0311,-0.8371,-0.0199,-0.3432,-0.0321,0.0871,0.0189,-1.0261,-0.1390,0.000,0.000,0.0000,0.0000,1.2657,-0.2337,0.3418,1,1.29,0.229,0.943,0.206,STANCE,1.2294,0.2943,0.2631,0,0.00,0.053,0.051,0.005,STANCE,1.0645,-0.3300,0.2004,0,0.00,0.053,0.097,0.018,STANCE,1.0505,0.3583,0.1892,0,0.00,0.050,0.128,0.014,STANCE,0.8646,-0.1857,0.0154,0,0.00,0.042,0.081,0.005,STANCE,0.8736,0.1938,0.0144,1,8.49,0.078,0.352,0.808,STANCE
79.710,5780,placemove,0.9550,0.0195,0.2955,-0.0323,-0.8534,-0.0183,-0.2629,0.0164,0.0444,-0.1205,-1.0783,-0.0110,0.000,0.000,0.0000,0.0000,1.2651,-0.2365,0.3458,0,0.00,0.063,0.152,0.129,STANCE,1.2244,0.2941,0.2692,0,0.00,0.197,0.165,0.034,STANCE,1.0621,-0.3303,0.2021,0,0.00,0.007,0.191,0.026,STANCE,1.0486,0.3581,0.1908,0,0.00,0.193,0.097,0.010,STANCE,0.8645,-0.1857,0.0147,1,6.44,0.336,1.063,0.293,STANCE,0.8726,0.1938,0.0147,1,7.49,0.920,1.708,1.468,STANCE
79.752,5784,placemove,0.9512,0.0196,0.2960,-0.0340,-0.8699,-0.0168,-0.2088,0.0027,0.0289,-0.0523,-0.8460,0.0145,0.000,0.000,0.0000,0.0000,1.2635,-0.2450,0.3584,0,0.00,0.042,0.078,0.081,STANCE,1.2199,0.2941,0.2749,0,0.00,0.055,0.037,0.010,STANCE,1.0603,-0.3303,0.2041,0,0.00,0.071,0.061,0.007,STANCE,1.0473,0.3580,0.1920,0,0.00,0.078,0.072,0.007,STANCE,0.8643,-0.1857,0.0146,1,6.52,0.513,0.110,0.824,STANCE,0.8725,0.1938,0.0146,1,8.12,0.382,0.295,1.000,STANCE
79.772,5788,placemove,0.9482,0.0196,0.2964,-0.0350,-0.8820,-0.0158,-0.1543,0.0057,0.0260,-0.0452,-0.5994,0.0132,0.000,0.000,0.0000,0.0000,1.2623,-0.2533,0.3698,0,0.00,0.047,0.044,0.090,STANCE,1.2165,0.2942,0.2792,0,0.00,0.054,0.021,0.005,STANCE,1.0596,-0.3304,0.2050,0,0.00,0.070,0.077,0.011,STANCE,1.0468,0.3579,0.1925,0,0.00,0.072,0.080,0.010,STANCE,0.8641,-0.1857,0.0146,1,6.72,0.426,0.302,0.979,STANCE,0.8723,0.1938,0.0145,1,6.86,0.347,0.327,0.945,STANCE
79.810,5792,placemove,0.9461,0.0197,0.2968,-0.0357,-0.8901,-0.0150,-0.1009,0.0015,0.0208,-0.0176,-0.3824,0.0092,0.000,0.000,0.0000,0.0000,1.2617,-0.2611,0.3799,0,0.00,0.043,0.020,0.096,STANCE,1.2141,0.2943,0.2820,0,0.00,0.062,0.008,0.003,STANCE,1.0596,-0.3304,0.2053,0,0.00,0.067,0.083,0.014,STANCE,1.0470,0.3579,0.1924,0,0.00,0.074,0.089,0.011,STANCE,0.8640,-0.1857,0.0146,1,5.36,0.361,0.331,0.814,STANCE,0.8722,0.1938,0.0145,1,7.76,0.310,0.393,1.133,STANCE
79.831,5796,placemove,0.9449,0.0197,0.2970,-0.0359,-0.8949,-0.0148,-0.0518,-0.0005,0.0113,-0.0074,-0.1941,0.0059,0.000,0.000,0.0000,0.0000,1.2610,-0.2660,0.3863,0,0.00,0.050,0.040,0.006,STANCE,1.2126,0.2943,0.2838,0,0.00,0.054,0.001,0.000,STANCE,1.0604,-0.3305,0.2048,0,0.00,0.068,0.087,0.015,STANCE,1.0479,0.3578,0.1919,0,0.00,0.065,0.093,0.013,STANCE,0.8639,-0.1857,0.0146,1,5.73,0.311,0.379,0.909,STANCE,0.8721,0.1938,0.0146,1,6.66,0.209,0.357,0.994,STANCE
79.869,5800,placemove,0.9445,0.0197,0.2971,-0.0359,-0.8966,-0.0146,-0.0049,-0.0005,0.0014,-0.0035,-0.0248,0.0050,0.000,0.000,0.0000,0.0000,1.2603,-0.2664,0.3875,0,0.00,0.045,0.001,0.002,STANCE,1.2120,0.2943,0.2846,0,0.00,0.054,0.005,0.001,STANCE,1.0619,-0.3306,0.2037,0,0.00,0.062,0.091,0.016,STANCE,1.0493,0.3577,0.1908,0,0.00,0.064,0.097,0.013,STANCE,0.8639,-0.1857,0.0147,1,5.55,0.349,0.382,0.905,STANCE,0.8721,0.1938,0.0146,1,6.84,0.281,0.432,1.138,STANCE
79.890,5804,placemove,0.9447,0.0196,0.2971,-0.0360,-0.8961,-0.0145,0.0230,-0.0013,-0.0047,0.0007,0.0744,0.0033,0.000,0.000,0.0000,0.0000,1.2604,-0.2664,0.3874,0,0.00,0.045,0.012,0.004,STANCE,1.2121,0.2943,0.2846,0,0.00,0.053,0.011,0.001,STANCE,1.0638,-0.3308,0.2022,0,0.00,0.060,0.096,0.017,STANCE,1.0513,0.3576,0.1893,0,0.00,0.060,0.100,0.013,STANCE,0.8639,-0.1857,0.0147,1,5.42,0.462,0.367,0.938,STANCE,0.8721,0.1938,0.0147,1,7.00,0.386,0.432,1.227,STANCE
79.926,5808,placemove,0.9453,0.0196,0.2970,-0.0360,-0.8942,-0.0145,0.0468,-0.0019,-0.0103,0.0038,0.1573,0.0027,0.000,0.000,0.0000,0.0000,1.2610,-0.2664,0.3867,0,0.00,0.044,0.014,0.004,STANCE,1.2126,0.2943,0.2840,0,0.00,0.054,0.013,0.001,STANCE,1.0660,-0.3309,0.2004,0,0.00,0.059,0.097,0.017,STANCE,1.0535,0.3574,0.1875,0,0.00,0.060,0.101,0.014,STANCE,0.8639,-0.1857,0.0147,1,5.44,0.495,0.378,0.939,STANCE,0.8722,0.1938,0.0147,1,7.01,0.441,0.432,1.247,STANCE
79.947,5812,placemove,0.9462,0.0196,0.2967,-0.0359,-0.8909,-0.0145,0.0702,-0.0023,-0.0165,0.0051,0.2378,0.0025,0.000,0.000,0.0000,0.0000,1.2622,-0.2665,0.3855,0,0.00,0.044,0.015,0.005,STANCE,1.2135,0.2942,0.2830,0,0.00,0.053,0.013,0.001,STANCE,1.0685,-0.3310,0.1983,0,0.00,0.059,0.097,0.018,STANCE,1.0559,0.3573,0.1855,0,0.00,0.058,0.100,0.014,STANCE,0.8639,-0.1857,0.0148,1,5.48,0.474,0.371,0.951,STANCE,0.8722,0.1938,0.0148,1,6.81,0.416,0.428,1.215,STANCE
80.010,5816,placemove,0.9471,0.0191,0.2958,-0.0323,-0.8866,-0.0129,0.0499,-0.0319,-0.1226,0.1617,0.2651,0.3010,0.000,0.000,0.0000,0.0000,1.2636,-0.2658,0.3837,0,0.00,0.004,0.128,0.038,STANCE,1.2122,0.2949,0.2826,0,0.00,0.009,0.066,0.018,STANCE,1.0712,-0.3308,0.1956,0,0.00,0.007,0.009,0.002,STANCE,1.0542,0.3576,0.1857,0,0.00,0.000,0.090,0.030,STANCE,0.8626,-0.1858,0.0155,0,0.00,0.000,0.106,0.028,STANCE,0.8694,0.1938,0.0162,0,0.00,0.001,0.084,0.023,STANCE
80.030,5820,placemove,0.9480,0.0185,0.2925,-0.0256,-0.8819,-0.0130,0.0682,-0.0501,-0.2042,0.5568,0.4350,0.3584,0.000,0.000,0.0000,0.0000,1.2650,-0.2649,0.3794,0,0.00,0.052,0.074,0.015,STANCE,1.2103,0.2959,0.2803,0,0.00,0.148,0.025,0.009,STANCE,1.0739,-0.3304,0.1904,0,0.00,0.105,0.091,0.018,STANCE,1.0479,0.3581,0.1873,0,0.00,0.126,0.044,0.055,STANCE,0.8583,-0.1856,0.0163,0,0.00,0.092,0.094,0.052,STANCE,0.8677,0.1936,0.0146,1,17.50,0.402,1.460,2.940,STANCE
80.109,5824,placemove,0.9492,0.0181,0.2922,-0.0240,-0.8696,-0.0169,0.0563,0.0227,0.0733,-0.2283,0.6500,-0.3562,0.000,0.000,0.0000,0.0000,1.2677,-0.2661,0.3733,0,0.00,0.061,0.284,0.011,STANCE,1.2125,0.2950,0.2764,0,0.00,0.063,0.019,0.047,STANCE,1.0759,-0.3307,0.1851,0,0.00,0.018,0.220,0.006,STANCE,1.0497,0.3577,0.1850,1,1.93,0.315,1.022,0.209,STANCE,0.8572,-0.1853,0.0151,0,0.00,0.040,0.166,0.016,STANCE,0.8674,0.1937,0.0144,0,0.00,0.025,0.026,0.012,STANCE
80.132,5828,placemove,0.9506,0.0185,0.2914,-0.0292,-0.8654,-0.0177,0.0735,0.0221,-0.1097,-0.1521,0.2867,-0.2423,0.000,0.000,0.0000,0.0000,1.2652,-0.2670,0.3744,0,0.00,0.000,0.054,0.030,STANCE,1.2125,0.2941,0.2761,0,0.00,0.006,0.024,0.019,STANCE,1.0670,-0.3323,0.1918,0,0.00,0.003,0.090,0.105,STANCE,1.0445,0.3564,0.1899,0,0.00,0.000,0.204,0.010,STANCE,0.8491,-0.1838,0.0232,0,0.00,0.007,0.152,0.022,STANCE,0.8616,0.1942,0.0192,0,0.00,0.002,0.113,0.038,STANCE
80.166,5832,placemove,0.9514,0.0189,0.2884,-0.0354,-0.8556,-0.0185,0.0468,0.0226,-0.2461,-0.2402,0.7061,-0.3519,0.000,0.000,0.0000,0.0000,1.2649,-0.2682,0.3700,0,0.00,0.007,0.004,0.002,STANCE,1.2147,0.2929,0.2704,0,0.00,0.003,0.006,0.000,STANCE,1.0626,-0.3317,0.1911,0,0.00,0.005,0.052,0.000,STANCE,1.0435,0.3573,0.1877,0,0.00,0.005,0.053,0.001,STANCE,0.8428,-0.1845,0.0235,0,0.00,0.003,0.039,0.001,STANCE,0.8599,0.1945,0.0174,0,0.00,0.003,0.011,0.002,STANCE
80.225,5836,placemove,0.9516,0.0184,0.2847,-0.0271,-0.8528,-0.0234,-0.0067,-0.0412,-0.1249,0.1824,-0.0537,0.2400,0.000,0.000,0.0000,0.0000,1.2647,-0.2692,0.3636,0,0.00,0.066,0.319,0.023,STANCE,1.2144,0.2925,0.2674,0,0.00,0.223,0.195,0.008,STANCE,1.0631,-0.3315,0.1847,1,19.82,2.940,2.940,0.752,STANCE,1.0434,0.3571,0.1853,0,0.00,0.316,0.065,0.080,STANCE,0.8426,-0.1834,0.0180,0,0.00,0.030,0.115,0.012,STANCE,0.8590,0.1957,0.0148,1,36.66,2.940,1.811,2.940,STANCE
80.279,5840,placemove,0.9522,0.0169,0.2829,-0.0198,-0.8515,-0.0255,0.0492,-0.1321,-0.0820,0.3236,0.1340,0.0776,0.000,0.000,0.0000,0.0000,1.2632,-0.2702,0.3622,0,0.00,0.012,0.138,0.033,STANCE,1.2114,0.2920,0.2695,0,0.00,0.113,0.099,0.051,STANCE,1.0561,-0.3322,0.1872,0,0.00,0.048,0.119,0.097,STANCE,1.0345,0.3552,0.1931,0,0.00,0.112,0.182,0.013,STANCE,0.8424,-0.1833,0.0158,0,0.00,0.041,0.223,0.020,STANCE,0.8590,0.1956,0.0144,1,14.91,0.199,1.133,2.940,STANCE
80.321,5844,placemove,0.9531,0.0157,0.2827,-0.0277,-0.8343,-0.0265,0.0888,-0.0042,0.0059,-0.4153,0.9620,-0.4662,0.000,0.000,0.0000,0.0000,1.2671,-0.2741,0.3536,0,0.00,0.219,0.318,0.108,STANCE,1.2183,0.2883,0.2610,0,0.00,0.068,0.459,0.091,STANCE,1.0458,-0.3337,0.1919,0,0.00,0.145,0.081,0.088,STANCE,1.0312,0.3554,0.1957,0,0.00,0.047,0.060,0.004,STANCE,0.8435,-0.1836,0.0139,1,9.94,0.304,2.366,2.940,STANCE,0.8570,0.1947,0.0150,0,0.00,0.052,0.083,0.008,STANCE
80.404,5848,placemove,0.9525,0.0171,0.2847,-0.0422,-0.8236,-0.0213,-0.1812,0.1230,0.2113,-0.5149,0.2531,-0.1564,0.000,0.000,0.0000,0.0000,1.2697,-0.2752,0.3495,0,0.00,0.109,0.294,0.112,STANCE,1.2244,0.2868,0.2533,0,0.00,0.075,0.262,0.059,STANCE,1.0458,-0.3340,0.1912,0,0.00,0.058,0.173,0.041,STANCE,1.0360,0.3552,0.1908,0,0.00,0.023,0.266,0.035,STANCE,0.8435,-0.1838,0.0139,0,0.00,0.051,0.653,0.164,STANCE,0.8567,0.1946,0.0147,1,4.93,0.102,0.602,1.014,STANCE
80.443,5852,placemove,0.9497,0.0185,0.2877,-0.0519,-0.8203,-0.0178,-0.1416,0.0593,0.1410,-0.2999,0.0361,-0.2165,0.000,0.000,0.0000,0.0000,1.2688,-0.2751,0.3505,0,0.00,0.018,0.197,0.068,STANCE,1.2255,0.2866,0.2512,0,0.00,0.076,0.110,0.030,STANCE,1.0454,-0.3338,0.1918,0,0.00,0.028,0.186,0.042,STANCE,1.0387,0.3554,0.1876,0,0.00,0.047,0.161,0.027,STANCE,0.8402,-0.1845,0.0153,0,0.00,0.014,0.024,0.010,STANCE,0.8566,0.1947,0.0146,1,3.95,0.108,0.676,0.844,STANCE
80.478,5856,placemove,0.9477,0.0189,0.2895,-0.0551,-0.8188,-0.0175,-0.1032,-0.0058,0.0911,0.0036,0.0980,-0.0566,0.000,0.000,0.0000,0.0000,1.2678,-0.2756,0.3508,0,0.00,0.031,0.221,0.066,STANCE,1.2261,0.2861,0.2504,0,0.00,0.087,0.132,0.028,STANCE,1.0459,-0.3341,0.1909,0,0.00,0.045,0.194,0.041,STANCE,1.0412,0.3551,0.1852,0,0.00,0.054,0.179,0.025,STANCE,0.8394,-0.1845,0.0155,0,0.00,0.030,0.097,0.010,STANCE,0.8566,0.1947,0.0144,1,5.65,0.026,0.781,1.095,STANCE
80.555,5860,placemove,0.9461,0.0189,0.2908,-0.0547,-0.8182,-0.0162,-0.0671,0.0117,0.0351,-0.0851,-0.2315,-0.0936,0.000,0.000,0.0000,0.0000,1.2678,-0.2754,0.3503,0,0.00,0.068,0.246,0.065,STANCE,1.2253,0.2864,0.2505,0,0.00,0.230,0.072,0.011,STANCE,1.0475,-0.3341,0.1890,0,0.00,0.016,0.239,0.042,STANCE,1.0408,0.3552,0.1851,0,0.00,0.200,0.116,0.010,STANCE,0.8398,-0.1845,0.0149,1,4.87,0.385,1.051,0.052,STANCE,0.8557,0.1948,0.0149,1,6.13,1.118,1.802,1.401,STANCE
80.593,5864,placemove,0.9455,0.0189,0.2910,-0.0556,-0.8205,-0.0161,-0.0130,-0.0010,-0.0001,-0.0213,-0.0534,-0.0045,0.000,0.000,0.0000,0.0000,1.2667,-0.2757,0.3515,0,0.00,0.048,0.002,0.003,STANCE,1.2251,0.2860,0.2513,0,0.00,0.048,0.011,0.003,STANCE,1.0485,-0.3344,0.1880,0,0.00,0.062,0.089,0.017,STANCE,1.0409,0.3550,0.1854,0,0.00,0.058,0.016,0.000,STANCE,0.8397,-0.1845,0.0148,1,5.09,0.750,0.072,0.464,STANCE,0.8560,0.1948,0.0148,1,5.77,0.575,0.252,0.664,STANCE
80.614,5868,placemove,0.9456,0.0189,0.2909,-0.0562,-0.8200,-0.0155,0.0264,-0.0005,-0.0149,-0.0136,0.0880,0.0101,0.000,0.000,0.0000,0.0000,1.2668,-0.2757,0.3513,0,0.00,0.040,0.014,0.004,STANCE,1.2252,0.2860,0.2511,0,0.00,0.053,0.014,0.001,STANCE,1.0503,-0.3346,0.1862,0,0.00,0.056,0.097,0.017,STANCE,1.0410,0.3550,0.1852,0,0.00,0.061,0.017,0.001,STANCE,0.8397,-0.1845,0.0147,1,5.11,0.988,0.213,0.390,STANCE,0.8561,0.1948,0.0147,1,6.88,0.862,0.275,0.907,STANCE
80.700,5872,placemove,0.9462,0.0189,0.2901,-0.0560,-0.8190,-0.0150,0.0350,-0.0042,-0.1085,0.0329,0.0134,0.0637,0.000,0.000,0.0000,0.0000,1.2664,-0.2756,0.3513,0,0.00,0.002,0.201,0.053,STANCE,1.2246,0.2861,0.2513,0,0.00,0.005,0.157,0.029,STANCE,1.0511,-0.3346,0.1852,0,0.00,0.001,0.140,0.014,STANCE,1.0403,0.3551,0.1856,0,0.00,0.000,0.154,0.019,STANCE,0.8389,-0.1844,0.0152,0,0.00,0.004,0.142,0.013,STANCE,0.8552,0.1949,0.0152,0,0.00,0.001,0.141,0.009,STANCE
80.719,5876,placemove,0.9470,0.0188,0.2864,-0.0549,-0.8195,-0.0146,0.0603,-0.0058,-0.3013,0.0793,0.0233,0.0984,0.000,0.000,0.0000,0.0000,1.2630,-0.2761,0.3535,0,0.00,0.012,0.034,0.115,STANCE,1.2203,0.2882,0.2534,0,0.00,0.019,0.098,0.102,STANCE,1.0471,-0.3345,0.1866,0,0.00,0.010,0.077,0.106,STANCE,1.0356,0.3552,0.1876,0,0.00,0.000,0.160,0.025,STANCE,0.8351,-0.1837,0.0168,0,0.00,0.002,0.134,0.072,STANCE,0.8511,0.1953,0.0168,0,0.00,0.002,0.201,0.061,STANCE
80.769,5880,placemove,0.9480,0.0187,0.2812,-0.0514,-0.8137,-0.0160,0.1128,-0.0042,-0.1678,-0.4022,1.0141,-0.6038,0.000,0.000,0.0000,0.0000,1.2599,-0.2755,0.3508,0,0.00,0.140,0.542,0.053,STANCE,1.2154,0.2888,0.2524,0,0.00,0.202,0.376,0.114,STANCE,1.0400,-0.3339,0.1874,0,0.00,0.360,0.694,0.046,STANCE,1.0323,0.3563,0.1857,0,0.00,0.275,0.196,0.047,STANCE,0.8321,-0.1831,0.0144,1,43.34,2.940,2.940,2.940,STANCE,0.8489,0.1959,0.0145,1,16.91,2.940,2.525,2.940,STANCE
80.816,5884,placemove,0.9485,0.0178,0.2840,-0.0448,-0.7953,-0.0162,-0.0901,-0.0336,0.2700,0.0941,0.2022,0.0759,0.000,0.000,0.0000,0.0000,1.2653,-0.2746,0.3412,1,59.01,1.997,2.289,2.940,STANCE,1.2176,0.2878,0.2470,0,0.00,0.258,0.027,0.039,STANCE,1.0317,-0.3332,0.1942,0,0.00,0.280,0.933,0.039,STANCE,1.0334,0.3561,0.1842,1,1.37,0.353,0.948,0.063,STANCE,0.8323,-0.1832,0.0138,0,0.00,0.314,0.075,0.036,STANCE,0.8458,0.1960,0.0167,0,0.00,0.151,0.697,0.004,STANCE
80.876,5888,placemove,0.9462,0.0176,0.2871,-0.0459,-0.7946,-0.0175,-0.1388,-0.0083,0.1137,-0.1697,0.0402,-0.2439,0.000,0.000,0.0000,0.0000,1.2647,-0.2754,0.3422,0,0.00,0.007,0.077,0.031,STANCE,1.2179,0.2869,0.2482,0,0.00,0.002,0.043,0.017,STANCE,1.0226,-0.3323,0.2035,0,0.00,0.004,0.012,0.033,STANCE,1.0347,0.3554,0.1847,0,0.16,0.002,0.051,0.044,STANCE,0.8314,-0.1836,0.0148,0,0.00,0.002,0.036,0.010,STANCE,0.8462,0.1958,0.0174,0,0.00,0.002,0.100,0.013,STANCE
80.913,5892,placemove,0.9439,0.0177,0.2878,-0.0466,-0.7950,-0.0203,-0.1117,0.0130,0.0336,-0.0534,-0.1019,-0.1130,0.000,0.000,0.0000,0.0000,1.2619,-0.2768,0.3424,0,0.00,0.415,0.259,0.055,STANCE,1.2175,0.2857,0.2483,0,0.00,0.064,0.086,0.017,STANCE,1.0202,-0.3326,0.2030,0,0.00,0.440,0.237,0.018,STANCE,1.0346,0.3549,0.1847,1,8.79,1.993,1.356,0.929,STANCE,0.8291,-0.1832,0.0148,1,31.02,2.940,0.347,2.940,STANCE,0.8471,0.1960,0.0159,0,0.00,0.049,0.065,0.024,STANCE
80.985,5896,placemove,0.9428,0.0178,0.2885,-0.0479,-0.7962,-0.0181,-0.0399,-0.0049,0.0311,0.0012,-0.0522,0.1179,0.000,0.000,0.0000,0.0000,1.2610,-0.2767,0.3431,0,0.00,0.015,0.063,0.018,STANCE,1.2167,0.2858,0.2489,0,0.00,0.065,0.008,0.002,STANCE,1.0212,-0.3327,0.2019,0,0.00,0.031,0.127,0.019,STANCE,1.0340,0.3550,0.1850,0,0.00,0.064,0.001,0.000,STANCE,0.8290,-0.1832,0.0147,1,3.33,1.006,0.310,0.048,STANCE,0.8480,0.1959,0.0147,1,4.53,1.148,0.147,0.441,STANCE
81.006,5900,placemove,0.9426,0.0178,0.2886,-0.0485,-0.7959,-0.0166,0.0079,0.0010,-0.0030,-0.0230,0.0631,0.0363,0.000,0.000,0.0000,0.0000,1.2611,-0.2766,0.3430,0,0.00,0.038,0.037,0.012,STANCE,1.2165,0.2859,0.2490,0,0.00,0.056,0.020,0.004,STANCE,1.0230,-0.3328,0.2001,0,0.00,0.054,0.110,0.017,STANCE,1.0338,0.3551,0.1851,0,0.00,0.059,0.017,0.001,STANCE,0.8291,-0.1832,0.0146,1,4.87,1.456,0.523,0.069,STANCE,0.8480,0.1959,0.0146,1,5.80,1.432,0.020,0.453,STANCE
81.059,5904,placemove,0.9429,0.0177,0.2886,-0.0485,-0.7945,-0.0160,0.0168,-0.0085,-0.0060,0.0190,0.0922,0.0391,0.000,0.000,0.0000,0.0000,1.2616,-0.2766,0.3423,0,0.00,0.043,0.038,0.009,STANCE,1.2168,0.2859,0.2485,0,0.00,0.053,0.029,0.004,STANCE,1.0250,-0.3330,0.1979,0,0.00,0.054,0.108,0.015,STANCE,1.0339,0.3550,0.1849,1,5.30,0.989,0.834,0.438,STANCE,0.8291,-0.1832,0.0144,1,6.98,0.935,0.526,0.383,STANCE,0.8479,0.1959,0.0146,0,0.00,0.031,0.019,0.007,STANCE
81.080,5908,placemove,0.9432,0.0176,0.2885,-0.0481,-0.7927,-0.0155,0.0219,-0.0073,-0.0078,0.0271,0.1090,0.0461,0.000,0.000,0.0000,0.0000,1.2622,-0.2767,0.3414,0,0.00,0.039,0.033,0.008,STANCE,1.2170,0.2859,0.2480,0,0.00,0.051,0.027,0.002,STANCE,1.0272,-0.3332,0.1957,0,0.00,0.052,0.107,0.015,STANCE,1.0339,0.3550,0.1848,1,5.59,1.053,0.831,0.362,STANCE,0.8291,-0.1832,0.0143,1,6.84,0.974,0.566,0.339,STANCE,0.8478,0.1959,0.0147,0,0.00,0.028,0.021,0.008,STANCE
81.115,5912,placemove,0.9436,0.0174,0.2883,-0.0475,-0.7909,-0.0152,0.0238,-0.0075,-0.0088,0.0323,0.1128,0.0446,0.000,0.000,0.0000,0.0000,1.2629,-0.2766,0.3404,0,0.00,0.039,0.033,0.007,STANCE,1.2172,0.2860,0.2475,0,0.00,0.051,0.026,0.002,STANCE,1.0293,-0.3333,0.1935,0,0.00,0.051,0.107,0.015,STANCE,1.0340,0.3550,0.1847,1,5.81,1.199,0.801,0.270,STANCE,0.8292,-0.1833,0.0142,1,6.81,1.063,0.586,0.298,STANCE,0.8476,0.1959,0.0148,0,0.00,0.027,0.021,0.007,STANCE
81.136,5916,placemove,0.9439,0.0173,0.2882,-0.0468,-0.7890,-0.0149,0.0237,-0.0078,-0.0090,0.0333,0.1083,0.0406,0.000,0.000,0.0000,0.0000,1.2636,-0.2766,0.3395,0,0.00,0.039,0.034,0.007,STANCE,1.2173,0.2861,0.2470,0,0.00,0.052,0.025,0.002,STANCE,1.0314,-0.3335,0.1912,0,0.00,0.052,0.107,0.016,STANCE,1.0340,0.3550,0.1846,1,5.90,1.224,0.785,0.229,STANCE,0.8292,-0.1833,0.0141,1,6.85,1.083,0.587,0.298,STANCE,0.8474,0.1959,0.0149,0,0.00,0.026,0.020,0.007,STANCE
81.166,5920,placemove,0.9443,0.0172,0.2880,-0.0461,-0.7873,-0.0148,0.0234,-0.0076,-0.0089,0.0337,0.1052,0.0381,0.000,0.000,0.0000,0.0000,1.2642,-0.2766,0.3386,0,0.00,0.039,0.034,0.007,STANCE,1.2175,0.2861,0.2466,0,0.00,0.051,0.025,0.001,STANCE,1.0336,-0.3336,0.1890,0,0.00,0.052,0.107,0.016,STANCE,1.0340,0.3550,0.1845,1,5.88,1.205,0.772,0.206,STANCE,0.8292,-0.1833,0.0141,1,6.90,1.069,0.574,0.317,STANCE,0.8472,0.1959,0.0151,0,0.00,0.026,0.019,0.009,STANCE
81.205,5924,placemove,0.9448,0.0170,0.2878,-0.0451,-0.7852,-0.0146,0.0123,0.0010,-0.0006,-0.0064,0.0247,0.0049,0.000,0.000,0.0000,0.0000,1.2651,-0.2765,0.3375,1,9.56,0.992,2.315,0.259,STANCE,1.2177,0.2862,0.2460,0,0.00,0.017,0.090,0.002,STANCE,1.0358,-0.3337,0.1867,0,0.00,0.036,0.203,0.012,STANCE,1.0340,0.3550,0.1844,1,3.88,1.090,0.119,0.058,STANCE,0.8292,-0.1833,0.0140,1,1.95,0.075,0.494,0.015,STANCE,0.8473,0.1958,0.0149,1,4.70,0.038,2.300,0.466,STANCE
81.280,5928,placemove,0.9449,0.0170,0.2876,-0.0452,-0.7851,-0.0145,0.0098,-0.0004,-0.0520,0.0113,-0.0188,0.0163,0.000,0.000,0.0000,0.0000,1.2649,-0.2765,0.3376,0,0.00,0.000,0.114,0.007,STANCE,1.2175,0.2862,0.2462,0,0.00,0.002,0.083,0.003,STANCE,1.0372,-0.3339,0.1852,0,0.00,0.000,0.060,0.017,STANCE,1.0338,0.3550,0.1845,0,0.00,0.002,0.083,0.000,STANCE,0.8291,-0.1833,0.0142,0,0.00,0.002,0.086,0.002,STANCE,0.8471,0.1959,0.0150,0,0.00,0.001,0.076,0.006,STANCE
81.301,5932,placemove,0.9455,0.0171,0.2853,-0.0448,-0.7901,-0.0126,0.0551,0.0127,-0.2036,0.0443,-0.5322,0.2525,0.000,0.000,0.0000,0.0000,1.2632,-0.2758,0.3392,0,0.00,0.008,0.144,0.052,STANCE,1.2153,0.2869,0.2476,0,0.00,0.011,0.119,0.034,STANCE,1.0353,-0.3334,0.1869,0,0.00,0.003,0.028,0.035,STANCE,1.0305,0.3552,0.1865,0,0.00,0.001,0.114,0.067,STANCE,0.8275,-0.1829,0.0154,0,0.00,0.002,0.058,0.035,STANCE,0.8458,0.1960,0.0152,0,0.00,0.000,0.094,0.015,STANCE
81.352,5936,placemove,0.9465,0.0168,0.2837,-0.0394,-0.7844,-0.0145,0.0758,-0.0282,-0.0332,-0.0942,0.0353,-0.1913,0.000,0.000,0.0000,0.0000,1.2651,-0.2753,0.3348,0,0.00,0.002,0.082,0.025,STANCE,1.2150,0.2876,0.2458,0,0.00,0.091,0.099,0.013,STANCE,1.0350,-0.3329,0.1850,0,0.00,0.052,0.021,0.007,STANCE,1.0280,0.3560,0.1875,0,0.00,0.087,0.029,0.003,STANCE,0.8253,-0.1825,0.0154,0,0.00,0.052,0.019,0.005,STANCE,0.8459,0.1960,0.0145,1,13.76,0.110,1.173,2.940,STANCE
81.385,5940,placemove,0.9480,0.0164,0.2817,-0.0415,-0.7841,-0.0153,0.0914,0.0097,-0.1161,-0.2194,0.4153,-0.1592,0.000,0.000,0.0000,0.0000,1.2636,-0.2762,0.3358,0,0.00,0.134,0.023,0.040,STANCE,1.2149,0.2867,0.2460,0,0.00,0.029,0.070,0.020,STANCE,1.0294,-0.3331,0.1899,0,0.00,0.113,0.044,0.078,STANCE,1.0296,0.3553,0.1862,0,0.00,0.044,0.134,0.002,STANCE,0.8255,-0.1827,0.0149,1,13.02,0.171,1.528,2.940,STANCE,0.8416,0.1961,0.0184,0,0.00,0.045,0.067,0.056,STANCE
81.461,5944,placemove,0.9471,0.0165,0.2832,-0.0402,-0.7798,-0.0149,-0.1478,0.0139,0.1415,0.0283,-0.0591,0.0068,0.000,0.000,0.0000,0.0000,1.2652,-0.2761,0.3335,0,0.00,0.006,0.150,0.046,STANCE,1.2156,0.2869,0.2442,0,0.00,0.006,0.109,0.028,STANCE,1.0309,-0.3331,0.1880,0,0.00,0.003,0.167,0.029,STANCE,1.0307,0.3554,0.1845,0,0.00,0.006,0.118,0.019,STANCE,0.8256,-0.1827,0.0145,0,0.00,0.003,0.077,0.020,STANCE,0.8413,0.1964,0.0178,0,0.00,0.000,0.154,0.015,STANCE
81.487,5948,placemove,0.9449,0.0167,0.2851,-0.0405,-0.7814,-0.0146,-0.1072,0.0134,0.0797,-0.0408,-0.1508,-0.0195,0.000,0.000,0.0000,0.0000,1.2647,-0.2759,0.3340,0,0.00,0.062,0.106,0.037,STANCE,1.2152,0.2870,0.2448,0,0.00,0.020,0.095,0.026,STANCE,1.0323,-0.3331,0.1867,0,0.00,0.048,0.136,0.027,STANCE,1.0305,0.3554,0.1847,0,0.00,0.013,0.073,0.018,STANCE,0.8255,-0.1827,0.0145,1,3.82,0.066,0.382,0.666,STANCE,0.8429,0.1964,0.0162,0,0.00,0.008,0.112,0.013,STANCE
81.558,5952,placemove,0.9435,0.0168,0.2863,-0.0400,-0.7810,-0.0148,-0.0820,0.0100,0.0807,-0.0710,0.1229,-0.1843,0.000,0.000,0.0000,0.0000,1.2645,-0.2758,0.3341,0,0.00,0.192,0.343,0.067,STANCE,1.2147,0.2871,0.2451,0,0.00,0.125,0.216,0.033,STANCE,1.0337,-0.3332,0.1850,1,13.54,0.285,1.139,2.236,STANCE,1.0300,0.3555,0.1850,0,0.00,0.147,0.206,0.012,STANCE,0.8253,-0.1827,0.0145,0,0.00,0.207,0.304,0.010,STANCE,0.8440,0.1963,0.0149,1,3.57,0.763,0.392,0.037,STANCE
81.591,5956,placemove,0.9424,0.0169,0.2859,-0.0414,-0.7801,-0.0165,-0.0694,0.0093,-0.0979,-0.0546,0.0511,-0.1550,0.000,0.000,0.0000,0.0000,1.2613,-0.2765,0.3351,0,0.00,0.000,0.104,0.036,STANCE,1.2131,0.2865,0.2457,0,0.00,0.004,0.084,0.022,STANCE,1.0308,-0.3333,0.1858,0,0.00,0.002,0.078,0.015,STANCE,1.0285,0.3554,0.1858,0,0.00,0.001,0.084,0.015,STANCE,0.8220,-0.1824,0.0159,0,0.00,0.003,0.075,0.012,STANCE,0.8421,0.1966,0.0156,0,0.00,0.002,0.072,0.008,STANCE
81.682,5960,placemove,0.9412,0.0171,0.2854,-0.0435,-0.7818,-0.0169,-0.0487,0.0212,-0.0227,-0.1699,-0.3841,-0.1241,0.000,0.000,0.0000,0.0000,1.2586,-0.2769,0.3356,0,0.00,0.051,0.120,0.028,STANCE,1.2118,0.2861,0.2457,0,0.00,0.005,0.029,0.004,STANCE,1.0284,-0.3334,0.1860,0,0.00,0.051,0.294,0.007,STANCE,1.0273,0.3554,0.1857,0,0.00,0.014,0.238,0.004,STANCE,0.8209,-0.1822,0.0150,1,4.80,0.100,0.461,0.978,STANCE,0.8411,0.1968,0.0152,0,0.00,0.010,0.220,0.008,STANCE
81.703,5964,placemove,0.9406,0.0178,0.2846,-0.0475,-0.7856,-0.0136,-0.0087,0.0498,-0.0184,-0.0468,0.1229,0.1941,0.000,0.000,0.0000,0.0000,1.2567,-0.2763,0.3381,0,0.00,0.081,0.184,0.035,STANCE,1.2107,0.2865,0.2463,0,0.00,0.129,0.155,0.012,STANCE,1.0265,-0.3330,0.1880,0,0.00,0.135,0.073,0.012,STANCE,1.0258,0.3558,0.1859,0,0.00,0.176,0.293,0.008,STANCE,0.8208,-0.1821,0.0148,1,4.77,2.456,0.809,0.355,STANCE,0.8403,0.1969,0.0149,1,28.16,2.940,0.749,2.940,STANCE
81.781,5968,placemove,0.9404,0.0178,0.2854,-0.0452,-0.7801,-0.0137,-0.0510,-0.0029,0.0710,0.1358,0.5224,-0.1159,0.000,0.000,0.0000,0.0000,1.2585,-0.2757,0.3358,0,0.00,0.213,0.176,0.033,STANCE,1.2108,0.2872,0.2451,0,0.00,0.056,0.049,0.007,STANCE,1.0292,-0.3328,0.1853,1,9.25,1.286,1.730,1.482,STANCE,1.0262,0.3560,0.1849,1,5.24,0.148,2.153,1.006,STANCE,0.8209,-0.1821,0.0147,0,0.00,0.231,0.290,0.016,STANCE,0.8399,0.1969,0.0149,0,0.00,0.179,0.135,0.013,STANCE
81.810,5972,placemove,0.9400,0.0178,0.2850,-0.0456,-0.7769,-0.0121,-0.0224,-0.0003,-0.1006,-0.0138,0.2178,0.0841,0.000,0.000,0.0000,0.0000,1.2576,-0.2753,0.3355,0,0.00,0.000,0.157,0.029,STANCE,1.2089,0.2875,0.2448,0,0.00,0.003,0.131,0.014,STANCE,1.0281,-0.3327,0.1856,0,0.00,0.001,0.137,0.013,STANCE,1.0239,0.3562,0.1855,0,0.00,0.004,0.143,0.014,STANCE,0.8185,-0.1822,0.0162,0,0.00,0.000,0.089,0.011,STANCE,0.8372,0.1969,0.0162,0,0.00,0.002,0.087,0.008,STANCE
81.859,5976,placemove,0.9400,0.0178,0.2829,-0.0459,-0.7703,-0.0110,0.0560,0.0103,0.0057,0.0049,0.4192,0.0173,0.000,0.000,0.0000,0.0000,1.2574,-0.2747,0.3322,0,0.00,0.223,0.244,0.051,STANCE,1.2074,0.2879,0.2416,0,0.00,0.305,0.173,0.018,STANCE,1.0224,-0.3322,0.1885,0,0.00,0.251,0.051,0.042,STANCE,1.0170,0.3564,0.1884,0,0.00,0.284,0.031,0.036,STANCE,0.8177,-0.1824,0.0145,1,22.85,2.880,0.633,2.940,STANCE,0.8359,0.1967,0.0143,1,22.40,2.940,0.761,2.940,STANCE
81.894,5980,placemove,0.9413,0.0178,0.2832,-0.0445,-0.7633,-0.0126,0.0919,-0.0060,-0.0134,0.0500,0.4272,-0.0272,0.000,0.000,0.0000,0.0000,1.2597,-0.2748,0.3294,0,0.00,0.042,0.061,0.020,STANCE,1.2091,0.2879,0.2394,0,0.00,0.037,0.044,0.011,STANCE,1.0244,-0.3322,0.1866,0,0.00,0.047,0.112,0.018,STANCE,1.0189,0.3566,0.1870,0,0.00,0.032,0.113,0.015,STANCE,0.8178,-0.1824,0.0144,1,3.39,1.058,0.011,0.168,STANCE,0.8360,0.1967,0.0142,1,3.81,1.034,0.098,0.318,STANCE
81.959,5984,placemove,0.9420,0.0179,0.2834,-0.0454,-0.7558,-0.0134,0.0012,0.0108,0.0109,0.0083,0.2721,-0.0026,0.000,0.000,0.0000,0.0000,1.2608,-0.2750,0.3271,0,0.00,0.017,0.041,0.012,STANCE,1.2101,0.2877,0.2371,0,0.00,0.097,0.030,0.004,STANCE,1.0255,-0.3323,0.1849,1,0.58,0.358,0.117,0.022,STANCE,1.0207,0.3565,0.1849,1,1.35,0.728,0.305,0.147,STANCE,0.8165,-0.1824,0.0154,0,0.00,0.028,0.082,0.007,STANCE,0.8351,0.1967,0.0148,0,0.00,0.061,0.105,0.007,STANCE
82.007,5988,placemove,0.9424,0.0179,0.2824,-0.0449,-0.7560,-0.0142,0.0387,-0.0053,-0.0697,0.0704,-0.0417,0.1208,0.000,0.000,0.0000,0.0000,1.2600,-0.2751,0.3271,0,0.00,0.184,0.183,0.035,STANCE,1.2096,0.2876,0.2372,0,0.00,0.036,0.035,0.009,STANCE,1.0247,-0.3323,0.1848,1,9.88,2.786,1.251,1.075,STANCE,1.0204,0.3565,0.1849,0,0.00,0.075,0.057,0.002,STANCE,0.8160,-0.1822,0.0152,0,0.00,0.135,0.028,0.019,STANCE,0.8346,0.1969,0.0149,1,17.18,2.212,0.933,1.543,STANCE
82.051,5992,placemove,0.9436,0.0179,0.2817,-0.0455,-0.7521,-0.0145,0.0841,0.0046,-0.0274,-0.0129,0.3677,-0.0073,0.000,0.000,0.0000,0.0000,1.2605,-0.2752,0.3260,0,0.00,0.049,0.050,0.004,STANCE,1.2101,0.2875,0.2361,0,0.00,0.057,0.046,0.001,STANCE,1.0217,-0.3321,0.1877,0,0.00,0.062,0.043,0.021,STANCE,1.0178,0.3568,0.1876,0,0.00,0.057,0.034,0.015,STANCE,0.8164,-0.1822,0.0147,1,4.83,0.729,0.017,0.499,STANCE,0.8346,0.1969,0.0148,1,6.33,0.675,0.212,0.858,STANCE
82.106,5996,placemove,0.9449,0.0180,0.2815,-0.0463,-0.7433,-0.0146,-0.0127,0.0133,0.0525,-0.1593,0.4454,-0.1101,0.000,0.000,0.0000,0.0000,1.2627,-0.2754,0.3223,0,0.00,0.267,0.479,0.082,STANCE,1.2118,0.2874,0.2328,0,0.00,0.111,0.377,0.024,STANCE,1.0238,-0.3322,0.1850,1,29.36,2.321,2.514,2.940,STANCE,1.0201,0.3568,0.1850,1,29.34,1.222,2.940,2.940,STANCE,0.8160,-0.1822,0.0148,0,0.00,0.193,0.102,0.033,STANCE,0.8344,0.1969,0.0147,0,0.00,0.074,0.064,0.035,STANCE
82.159,6000,placemove,0.9442,0.0181,0.2818,-0.0458,-0.7419,-0.0137,-0.0202,0.0024,-0.0438,0.0076,-0.1263,0.0424,0.000,0.000,0.0000,0.0000,1.2623,-0.2750,0.3222,0,0.00,0.034,0.038,0.013,STANCE,1.2107,0.2877,0.2328,0,0.00,0.081,0.012,0.001,STANCE,1.0236,-0.3321,0.1849,1,1.14,0.611,0.109,0.054,STANCE,1.0193,0.3568,0.1849,1,1.35,0.769,0.230,0.067,STANCE,0.8149,-0.1822,0.0156,0,0.00,0.006,0.065,0.011,STANCE,0.8330,0.1969,0.0155,0,0.00,0.036,0.072,0.010,STANCE
82.222,6004,placemove,0.9444,0.0181,0.2815,-0.0456,-0.7392,-0.0137,0.0340,0.0027,0.0249,0.0189,0.3548,-0.0019,0.000,0.000,0.0000,0.0000,1.2621,-0.2748,0.3216,0,0.00,0.054,0.137,0.012,STANCE,1.2102,0.2879,0.2324,0,0.00,0.072,0.098,0.004,STANCE,1.0215,-0.3318,0.1866,0,0.00,0.061,0.104,0.013,STANCE,1.0171,0.3571,0.1866,0,0.00,0.056,0.012,0.010,STANCE,0.8152,-0.1822,0.0148,1,4.12,1.126,0.175,0.136,STANCE,0.8331,0.1969,0.0147,1,5.48,1.084,0.224,0.624,STANCE
82.309,6008,placemove,0.9451,0.0183,0.2814,-0.0462,-0.7347,-0.0142,0.0108,0.0043,-0.0070,0.0435,0.1675,0.0650,0.000,0.000,0.0000,0.0000,1.2629,-0.2750,0.3200,0,0.00,0.099,0.059,0.002,STANCE,1.2111,0.2877,0.2307,0,0.00,0.031,0.204,0.023,STANCE,1.0227,-0.3319,0.1850,1,6.67,0.825,2.101,1.168,STANCE,1.0186,0.3570,0.1850,1,15.94,0.345,1.652,1.953,STANCE,0.8146,-0.1821,0.0152,0,0.00,0.152,0.202,0.009,STANCE,0.8329,0.1970,0.0148,0,0.00,0.114,0.005,0.013,STANCE
82.361,6012,placemove,0.9449,0.0177,0.2804,-0.0388,-0.7364,-0.0160,-0.0971,-0.0577,-0.0094,0.4633,0.0169,0.1697,0.000,0.000,0.0000,0.0000,1.2640,-0.2746,0.3179,0,0.00,0.026,0.694,0.086,STANCE,1.2106,0.2883,0.2311,0,0.00,0.052,0.062,0.037,STANCE,1.0213,-0.3315,0.1854,1,28.56,0.176,2.940,2.940,STANCE,1.0184,0.3570,0.1849,1,17.38,0.212,2.130,1.661,STANCE,0.8131,-0.1815,0.0159,0,0.00,0.037,0.469,0.022,STANCE,0.8300,0.1977,0.0176,0,0.00,0.076,0.108,0.040,STANCE
82.433,6016,placemove,0.9437,0.0179,0.2810,-0.0398,-0.7382,-0.0151,-0.0510,0.0248,-0.0064,-0.0904,-0.1845,0.0488,0.000,0.000,0.0000,0.0000,1.2634,-0.2746,0.3180,0,0.00,0.041,0.007,0.004,STANCE,1.2100,0.2884,0.2315,0,0.00,0.021,0.026,0.001,STANCE,1.0209,-0.3315,0.1852,0,0.00,0.044,0.019,0.001,STANCE,1.0178,0.3572,0.1850,0,0.00,0.031,0.031,0.000,STANCE,0.8134,-0.1815,0.0149,1,6.69,0.111,0.305,1.065,STANCE,0.8308,0.1977,0.0162,0,0.00,0.028,0.068,0.004,STANCE
82.510,6020,placemove,0.9434,0.0179,0.2810,-0.0395,-0.7377,-0.0152,-0.0080,-0.0103,0.0452,0.0139,0.3355,-0.1058,1.000,0.000,0.0000,0.0000,1.2634,-0.2734,0.3207,0,0.00,0.001,0.305,0.038,SWING,1.2094,0.2885,0.2317,0,0.00,0.107,0.081,0.032,STANCE,1.0206,-0.3314,0.1851,1,18.37,0.988,1.233,2.364,STANCE,1.0172,0.3573,0.1852,0,0.00,0.114,0.112,0.013,STANCE,0.8132,-0.1814,0.0149,0,0.00,0.208,0.275,0.014,STANCE,0.8318,0.1976,0.0146,1,9.18,1.332,0.619,0.630,STANCE
82.566,6024,placemove,0.9436,0.0180,0.2812,-0.0404,-0.7363,-0.0145,0.0274,-0.0035,-0.0095,-0.0168,0.0765,-0.0436,1.000,0.000,0.0000,0.0000,1.2629,-0.2695,0.3347,0,0.00,0.091,0.140,0.089,SWING,1.2096,0.2885,0.2312,0,0.00,0.117,0.009,0.006,STANCE,1.0209,-0.3313,0.1849,1,4.08,0.976,0.092,0.397,STANCE,1.0174,0.3573,0.1850,1,6.91,2.630,0.762,0.501,STANCE,0.8129,-0.1814,0.0151,0,0.00,0.034,0.077,0.009,STANCE,0.8319,0.1976,0.0146,1,4.50,1.357,1.213,0.287,STANCE
82.602,6028,placemove,0.9441,0.0180,0.2810,-0.0407,-0.7340,-0.0147,0.0226,0.0002,-0.0148,-0.0063,0.0646,0.0022,1.000,0.000,0.0000,0.0000,1.2573,-0.2706,0.3437,0,0.00,0.020,0.149,0.095,SWING,1.2100,0.2884,0.2306,0,0.00,0.037,0.029,0.002,STANCE,1.0209,-0.3314,0.1848,1,5.31,0.892,0.018,0.667,STANCE,1.0177,0.3572,0.1849,1,6.50,0.842,0.367,0.700,STANCE,0.8132,-0.1814,0.0148,1,1.75,0.074,0.614,0.078,STANCE,0.8317,0.1976,0.0149,0,0.00,0.016,0.012,0.008,STANCE
82.646,6032,placemove,0.9443,0.0180,0.2808,-0.0408,-0.7339,-0.0146,0.0074,-0.0011,-0.0114,-0.0026,0.0033,-0.0014,1.000,0.000,0.0000,0.0000,1.2512,-0.2704,0.3509,0,0.00,0.069,0.087,0.099,SWING,1.2101,0.2884,0.2305,0,0.00,0.046,0.015,0.003,STANCE,1.0208,-0.3314,0.1848,1,2.79,1.475,0.860,0.498,STANCE,1.0178,0.3572,0.1848,1,3.02,1.275,0.696,0.595,STANCE,0.8132,-0.1814,0.0148,1,3.34,0.005,0.689,0.060,STANCE,0.8317,0.1976,0.0148,1,2.80,0.120,0.448,0.111,STANCE
82.667,6036,placemove,0.9445,0.0180,0.2806,-0.0409,-0.7337,-0.0144,0.0075,-0.0000,-0.0083,-0.0017,0.0134,0.0056,1.000,0.000,0.0000,0.0000,1.2570,-0.2688,0.3417,0,0.00,0.032,0.064,0.104,SWING,1.2101,0.2884,0.2304,0,0.00,0.046,0.025,0.001,SHIFT,1.0209,-0.3314,0.1848,1,4.40,0.910,0.229,0.664,SHIFT,1.0178,0.3572,0.1847,1,4.41,0.543,0.047,0.809,SHIFT,0.8132,-0.1814,0.0148,1,2.37,0.121,0.473,0.060,SHIFT,0.8317,0.1976,0.0148,1,2.34,0.256,0.006,0.297,SHIFT
82.725,6040,placemove,0.9456,0.0179,0.2815,-0.0410,-0.7338,-0.0144,0.0762,-0.0005,0.0610,-0.0009,0.0721,0.0013,1.000,0.000,0.0000,0.0000,1.2639,-0.2681,0.3324,0,0.00,0.032,0.142,0.085,SHIFT,1.2101,0.2884,0.2304,0,0.00,0.030,0.002,0.002,SHIFT,1.0209,-0.3314,0.1847,1,2.34,0.478,0.840,0.010,SHIFT,1.0178,0.3573,0.1847,1,2.25,0.512,0.887,0.083,SHIFT,0.8133,-0.1814,0.0147,0,0.00,0.044,0.065,0.002,SHIFT,0.8318,0.1976,0.0147,0,0.00,0.031,0.064,0.003,SHIFT
82.782,6044,placemove,0.9434,0.0190,0.2847,-0.0487,-0.7441,-0.0144,-0.1567,0.0499,0.1854,-0.3126,-0.5547,-0.3748,1.000,0.000,0.0000,0.0000,1.2651,-0.2681,0.3309,0,0.00,0.071,0.144,0.109,SHIFT,1.2087,0.2878,0.2330,0,0.00,0.081,0.005,0.000,SHIFT,1.0171,-0.3313,0.1889,0,0.00,0.124,0.007,0.002,SHIFT,1.0171,0.3574,0.1852,0,0.00,0.091,0.013,0.003,SHIFT,0.8117,-0.1813,0.0162,0,0.00,0.099,0.015,0.005,SHIFT,0.8318,0.1976,0.0145,1,3.85,0.139,0.425,0.843,SHIFT
82.823,6048,placemove,0.9412,0.0188,0.2884,-0.0493,-0.7450,-0.0195,-0.1222,-0.0447,0.2048,0.0932,0.0614,-0.3141,1.000,0.000,0.0000,0.0000,1.2630,-0.2703,0.3308,0,0.00,0.074,0.154,0.058,SHIFT,1.2086,0.2861,0.2334,0,0.00,0.085,0.150,0.038,SHIFT,1.0147,-0.3321,0.1884,0,0.00,0.096,0.177,0.034,SHIFT,1.0175,0.3566,0.1851,0,0.00,0.082,0.141,0.022,SHIFT,0.8105,-0.1812,0.0151,0,0.00,0.056,0.154,0.021,SHIFT,0.8318,0.1977,0.0142,0,0.00,0.047,0.109,0.039,SHIFT
82.851,6052,placemove,0.9401,0.0186,0.2921,-0.0517,-0.7491,-0.0206,-0.0469,0.0071,0.1692,-0.0835,-0.4155,-0.0150,1.000,0.000,0.0000,0.0000,1.2606,-0.2720,0.3327,0,0.00,0.071,0.019,0.014,SHIFT,1.2088,0.2846,0.2349,0,0.00,0.076,0.039,0.016,SHIFT,1.0140,-0.3330,0.1879,0,0.00,0.100,0.091,0.022,SHIFT,1.0182,0.3559,0.1859,0,0.00,0.080,0.035,0.008,SHIFT,0.8104,-0.1812,0.0147,0,0.00,0.063,0.012,0.013,SHIFT,0.8323,0.1977,0.0145,0,0.00,0.042,0.014,0.001,SHIFT
82.911,6056,placemove,0.9396,0.0188,0.2938,-0.0533,-0.7571,-0.0176,-0.0093,-0.0003,0.0675,-0.1048,-0.5712,0.0943,1.000,0.000,0.0000,0.0000,1.2581,-0.2716,0.3364,0,0.00,0.059,0.147,0.036,SHIFT,1.2067,0.2850,0.2379,0,0.00,0.048,0.084,0.016,SHIFT,1.0143,-0.3329,0.1879,0,0.00,0.123,0.031,0.007,SHIFT,1.0171,0.3561,0.1867,0,0.00,0.084,0.043,0.000,SHIFT,0.8103,-0.1811,0.0148,0,0.23,0.222,0.033,0.062,SHIFT,0.8319,0.1978,0.0147,1,6.04,0.347,0.091,1.032,SHIFT
82.935,6060,placemove,0.9399,0.0187,0.2949,-0.0546,-0.7651,-0.0161,0.0343,-0.0059,0.0570,-0.0518,-0.3025,0.0337,1.000,0.000,0.0000,0.0000,1.2555,-0.2714,0.3402,0,0.00,0.079,0.103,0.030,SHIFT,1.2049,0.2851,0.2410,0,0.00,0.043,0.062,0.014,SHIFT,1.0147,-0.3330,0.1880,0,0.00,0.132,0.055,0.007,SHIFT,1.0173,0.3559,0.1864,0,0.00,0.071,0.061,0.004,SHIFT,0.8105,-0.1813,0.0147,1,1.74,0.820,0.372,0.653,SHIFT,0.8321,0.1976,0.0146,1,3.77,1.012,0.276,0.959,SHIFT
82.969,6064,placemove,0.9410,0.0186,0.2960,-0.0551,-0.7688,-0.0155,0.0763,-0.0059,0.0551,-0.0102,-0.0766,0.0052,1.000,0.000,0.0000,0.0000,1.2542,-0.2714,0.3420,0,0.00,0.053,0.074,0.020,SHIFT,1.2040,0.2850,0.2425,0,0.00,0.067,0.036,0.007,SHIFT,1.0157,-0.3332,0.1871,0,0.00,0.094,0.069,0.010,SHIFT,1.0184,0.3558,0.1854,0,0.00,0.093,0.080,0.009,SHIFT,0.8106,-0.1813,0.0146,1,1.39,0.492,0.155,0.402,SHIFT,0.8322,0.1976,0.0145,1,2.19,0.467,0.088,0.478,SHIFT
83.035,6068,placemove,0.9424,0.0185,0.2974,-0.0542,-0.7665,-0.0145,0.0832,-0.0061,0.0507,-0.0534,0.1564,0.0353,1.000,0.000,0.0000,0.0000,1.2548,-0.2712,0.3411,0,0.00,0.127,0.005,0.016,SHIFT,1.2037,0.2853,0.2422,0,0.00,0.061,0.066,0.010,SHIFT,1.0176,-0.3333,0.1850,1,3.22,0.281,0.021,0.466,SHIFT,1.0184,0.3558,0.1850,0,0.04,0.026,0.079,0.004,SHIFT,0.8104,-0.1813,0.0146,0,0.00,0.097,0.064,0.003,SHIFT,0.8315,0.1976,0.0148,0,0.00,0.017,0.105,0.003,SHIFT
83.081,6072,placemove,0.9439,0.0184,0.2965,-0.0552,-0.7673,-0.0130,0.0819,-0.0060,-0.1112,-0.0323,0.1810,0.0391,1.000,0.000,0.0000,0.0000,1.2539,-0.2709,0.3411,0,0.00,0.063,0.025,0.022,SHIFT,1.2024,0.2855,0.2417,0,0.00,0.084,0.021,0.015,SHIFT,1.0150,-0.3331,0.1867,0,0.00,0.091,0.006,0.025,SHIFT,1.0150,0.3560,0.1865,0,0.00,0.086,0.004,0.020,SHIFT,0.8076,-0.1814,0.0164,0,0.00,0.051,0.002,0.026,SHIFT,0.8284,0.1976,0.0163,0,0.00,0.046,0.006,0.026,SHIFT
83.167,6076,placemove,0.9441,0.0186,0.2974,-0.0552,-0.7682,-0.0134,-0.0124,0.0192,0.1180,-0.0246,-0.3934,-0.0570,1.000,0.000,0.0000,0.0000,1.2533,-0.2707,0.3397,0,0.00,0.051,0.061,0.000,SHIFT,1.2018,0.2856,0.2403,0,0.00,0.067,0.037,0.007,SHIFT,1.0147,-0.3331,0.1852,0,0.00,0.094,0.127,0.024,SHIFT,1.0145,0.3561,0.1852,0,0.00,0.104,0.145,0.009,SHIFT,0.8074,-0.1814,0.0146,0,0.00,0.054,0.123,0.008,SHIFT,0.8282,0.1976,0.0145,0,0.00,0.046,0.128,0.009,SHIFT
83.205,6080,placemove,0.9440,0.0186,0.2983,-0.0560,-0.7719,-0.0148,-0.0013,-0.0238,0.0385,0.0295,0.1689,-0.1541,1.000,0.000,0.0000,0.0000,1.2511,-0.2710,0.3420,0,0.00,0.064,0.119,0.002,STANCE,1.1995,0.2859,0.2439,0,0.00,0.053,0.078,0.046,SWING,1.0128,-0.3330,0.1866,0,0.00,0.088,0.101,0.010,STANCE,1.0135,0.3561,0.1860,0,0.00,0.056,0.164,0.007,STANCE,0.8064,-0.1812,0.0151,0,0.00,0.072,0.076,0.015,STANCE,0.8277,0.1977,0.0149,1,9.04,0.314,0.835,1.821,STANCE
83.284,6084,placemove,0.9436,0.0186,0.2999,-0.0556,-0.7627,-0.0142,-0.0331,-0.0023,0.0445,0.0153,0.3782,0.1881,1.000,0.000,0.0000,0.0000,1.2522,-0.2712,0.3393,0,0.00,0.008,0.064,0.001,STANCE,1.1914,0.2895,0.2517,0,0.00,0.006,0.086,0.105,SWING,1.0133,-0.3332,0.1853,0,0.00,0.001,0.103,0.013,STANCE,1.0136,0.3559,0.1854,0,0.00,0.000,0.120,0.003,STANCE,0.8050,-0.1813,0.0161,0,0.00,0.004,0.087,0.008,STANCE,0.8256,0.1977,0.0165,0,0.00,0.002,0.097,0.007,STANCE
83.315,6088,placemove,0.9433,0.0185,0.2988,-0.0521,-0.7580,-0.0114,-0.0238,-0.0032,-0.1300,0.2226,0.3824,0.3602,1.000,0.000,0.0000,0.0000,1.2506,-0.2697,0.3398,0,0.00,0.010,0.131,0.101,STANCE,1.1820,0.2936,0.2590,0,0.00,0.006,0.092,0.105,SWING,1.0084,-0.3322,0.1895,0,0.00,0.002,0.111,0.102,STANCE,1.0062,0.3569,0.1902,0,0.00,0.005,0.128,0.051,STANCE,0.7994,-0.1810,0.0208,0,0.00,0.001,0.095,0.067,STANCE,0.8207,0.1979,0.0191,0,0.00,0.002,0.012,0.034,STANCE
83.334,6092,placemove,0.9428,0.0185,0.2953,-0.0469,-0.7487,-0.0092,-0.0320,-0.0026,-0.2823,0.2293,0.5769,0.3365,1.000,0.000,0.0000,0.0000,1.2512,-0.2678,0.3338,0,0.00,0.001,0.015,0.002,STANCE,1.1720,0.2971,0.2633,0,0.00,0.000,0.108,0.103,SWING,1.0013,-0.3301,0.1930,0,0.00,0.000,0.093,0.103,STANCE,1.0017,0.3577,0.1886,0,0.00,0.006,0.012,0.003,STANCE,0.7977,-0.1810,0.0181,0,0.00,0.007,0.047,0.006,STANCE,0.8173,0.1980,0.0169,0,0.00,0.006,0.053,0.006,STANCE
83.385,6096,placemove,0.9428,0.0183,0.2920,-0.0400,-0.7345,-0.0120,0.0374,-0.0517,0.0639,0.3925,0.8743,0.1532,1.000,0.000,0.0000,0.0000,1.2531,-0.2671,0.3236,0,0.00,0.461,0.211,0.038,STANCE,1.1659,0.2980,0.2690,0,0.00,0.680,0.459,0.075,SWING,0.9949,-0.3295,0.1933,0,0.00,0.453,0.094,0.058,STANCE,0.9994,0.3582,0.1847,1,14.22,2.282,2.940,1.554,STANCE,0.7973,-0.1809,0.0139,1,27.88,2.940,0.225,2.940,STANCE,0.8157,0.1980,0.0142,1,10.80,2.940,2.940,2.940,STANCE
83.424,6100,placemove,0.9437,0.0178,0.2945,-0.0342,-0.7213,-0.0103,0.0600,-0.0267,0.1066,0.3100,0.7453,0.2749,1.000,0.000,0.0000,0.0000,1.2583,-0.2660,0.3181,0,0.00,0.007,0.107,0.038,STANCE,1.1673,0.2956,0.2875,0,0.00,0.097,0.117,0.103,SWING,0.9992,-0.3298,0.1904,0,0.00,0.010,0.144,0.027,STANCE,0.9995,0.3583,0.1848,0,0.00,0.008,0.140,0.031,STANCE,0.7975,-0.1810,0.0138,0,0.00,0.009,0.061,0.021,STANCE,0.8133,0.1982,0.0155,0,0.00,0.014,0.079,0.015,STANCE
83.470,6104,placemove,0.9448,0.0172,0.2957,-0.0279,-0.7095,-0.0112,0.0791,-0.0406,0.0416,0.2827,0.6497,0.1918,1.000,0.000,0.0000,0.0000,1.2626,-0.2655,0.3123,0,0.00,0.052,0.117,0.036,STANCE,1.1699,0.2906,0.3053,0,0.00,0.090,0.114,0.102,SWING,1.0036,-0.3299,0.1858,0,0.00,0.036,0.148,0.026,STANCE,0.9997,0.3583,0.1849,0,0.00,0.002,0.074,0.015,STANCE,0.7976,-0.1810,0.0138,1,2.88,0.141,0.250,0.499,STANCE,0.8126,0.1981,0.0163,0,0.00,0.000,0.108,0.015,STANCE
83.534,6108,placemove,0.9447,0.0173,0.2967,-0.0290,-0.6996,-0.0134,-0.0075,0.0121,-0.0051,-0.0500,0.5126,-0.1597,1.000,0.000,0.0000,0.0000,1.2626,-0.2660,0.3100,0,0.00,0.008,0.024,0.005,STANCE,1.1728,0.2835,0.3213,0,0.00,0.096,0.154,0.014,SWING,1.0031,-0.3301,0.1851,0,0.00,0.004,0.014,0.003,STANCE,0.9995,0.3581,0.1850,0,0.00,0.004,0.052,0.005,STANCE,0.7948,-0.1809,0.0162,0,0.00,0.002,0.036,0.003,STANCE,0.8120,0.1982,0.0166,0,0.00,0.002,0.034,0.008,STANCE
83.577,6112,placemove,0.9448,0.0174,0.2959,-0.0285,-0.6968,-0.0157,0.0092,-0.0013,-0.0379,-0.0153,-0.0986,0.0112,1.000,0.000,0.0000,0.0000,1.2615,-0.2666,0.3086,0,0.00,0.026,0.027,0.003,STANCE,1.1819,0.2893,0.3402,0,0.00,0.150,0.132,0.070,SWING,1.0015,-0.3301,0.1847,1,8.19,0.852,1.089,0.312,STANCE,0.9993,0.3581,0.1848,1,8.73,0.913,1.129,0.298,STANCE,0.7934,-0.1805,0.0159,0,0.00,0.017,0.098,0.001,STANCE,0.8122,0.1985,0.0154,0,0.00,0.022,0.103,0.001,STANCE
83.645,6116,placemove,0.9452,0.0174,0.2956,-0.0291,-0.6944,-0.0151,0.0529,0.0136,-0.0342,-0.1054,0.0410,-0.1101,1.000,0.000,0.0000,0.0000,1.2615,-0.2665,0.3082,0,0.00,0.042,0.149,0.029,STANCE,1.1899,0.2927,0.3612,0,0.00,0.264,0.099,0.041,SWING,1.0012,-0.3300,0.1848,0,0.00,0.054,0.015,0.002,STANCE,0.9988,0.3582,0.1849,0,0.00,0.168,0.106,0.017,STANCE,0.7941,-0.1805,0.0149,1,7.09,1.003,0.316,0.704,STANCE,0.8123,0.1985,0.0149,1,6.85,1.344,1.391,1.528,STANCE
83.695,6120,placemove,0.9461,0.0173,0.2947,-0.0294,-0.6942,-0.0153,0.0442,-0.0077,-0.0506,-0.0020,0.0266,-0.0109,1.000,0.000,0.0000,0.0000,1.2613,-0.2667,0.3083,0,0.00,0.019,0.021,0.002,STANCE,1.2015,0.2938,0.3798,0,0.00,0.183,0.027,0.092,SWING,1.0010,-0.3301,0.1850,0,0.00,0.046,0.040,0.003,STANCE,0.9991,0.3581,0.1849,0,0.00,0.083,0.071,0.012,STANCE,0.7942,-0.1805,0.0148,1,7.73,0.692,0.174,0.934,STANCE,0.8125,0.1985,0.0149,1,4.56,0.721,0.627,0.866,STANCE
83.731,6124,placemove,0.9467,0.0173,0.2940,-0.0296,-0.6939,-0.0151,0.0256,-0.0019,-0.0295,-0.0084,0.0181,0.0036,1.000,0.000,0.0000,0.0000,1.2614,-0.2668,0.3081,0,0.00,0.034,0.021,0.003,STANCE,1.2212,0.2856,0.3806,0,0.00,0.150,0.065,0.099,SWING,1.0010,-0.3302,0.1849,1,4.42,0.090,0.791,0.274,STANCE,0.9993,0.3581,0.1848,1,5.18,0.296,0.637,0.319,STANCE,0.7942,-0.1805,0.0147,1,4.13,0.188,0.576,0.937,STANCE,0.8126,0.1985,0.0149,1,3.39,0.208,0.137,0.568,STANCE
83.766,6128,placemove,0.9470,0.0172,0.2936,-0.0298,-0.6937,-0.0149,0.0135,-0.0007,-0.0171,-0.0070,0.0092,0.0058,1.000,0.000,0.0000,0.0000,1.2614,-0.2669,0.3080,0,0.00,0.035,0.028,0.001,SHIFT,1.2355,0.2813,0.3773,0,0.00,0.052,0.069,0.103,SWING,1.0010,-0.3302,0.1849,1,3.13,0.306,0.540,0.347,SHIFT,0.9993,0.3581,0.1848,1,3.48,0.050,0.433,0.320,SHIFT,0.7942,-0.1804,0.0147,1,4.65,0.267,0.773,1.127,SHIFT,0.8126,0.1985,0.0148,1,3.78,0.094,0.259,0.718,SHIFT
83.832,6132,placemove,0.9484,0.0172,0.2944,-0.0299,-0.6938,-0.0147,0.0850,-0.0020,0.0509,-0.0043,0.1009,0.0003,1.000,0.000,0.0000,0.0000,1.2615,-0.2668,0.3080,0,0.00,0.022,0.042,0.013,SHIFT,1.2449,0.2826,0.3697,0,0.00,0.021,0.146,0.084,SHIFT,1.0010,-0.3302,0.1848,1,2.32,0.548,1.035,0.199,SHIFT,0.9993,0.3581,0.1847,1,2.79,0.557,1.022,0.245,SHIFT,0.7943,-0.1805,0.0146,0,0.00,0.037,0.099,0.018,SHIFT,0.8127,0.1985,0.0148,0,0.00,0.031,0.088,0.012,SHIFT
83.900,6136,placemove,0.9500,0.0172,0.2955,-0.0300,-0.6940,-0.0146,0.0963,0.0028,0.0596,0.0030,0.0228,-0.0033,1.000,0.000,0.0000,0.0000,1.2616,-0.2668,0.3080,0,0.00,0.033,0.006,0.002,SHIFT,1.2539,0.2841,0.3618,0,0.00,0.099,0.141,0.091,SHIFT,1.0012,-0.3301,0.1848,0,0.23,0.117,0.069,0.006,SHIFT,0.9995,0.3581,0.1847,0,0.00,0.145,0.003,0.005,SHIFT,0.7944,-0.1804,0.0146,1,1.91,0.691,0.223,0.563,SHIFT,0.8129,0.1985,0.0147,1,0.91,0.477,0.207,0.332,SHIFT
83.942,6140,placemove,0.9516,0.0172,0.2966,-0.0301,-0.6942,-0.0144,0.0921,-0.0051,0.0628,-0.0037,0.0182,0.0127,1.000,0.000,0.0000,0.0000,1.2617,-0.2668,0.3081,0,0.00,0.090,0.027,0.005,SHIFT,1.2624,0.2850,0.3535,0,0.00,0.036,0.128,0.092,SHIFT,1.0013,-0.3301,0.1848,0,0.00,0.115,0.025,0.010,SHIFT,0.9996,0.3581,0.1847,0,0.19,0.119,0.045,0.006,SHIFT,0.7946,-0.1805,0.0146,1,0.63,0.351,0.126,0.222,SHIFT,0.8130,0.1985,0.0147,1,1.66,0.490,0.112,0.401,SHIFT
84.053,6144,placemove,0.9519,0.0167,0.2988,-0.0259,-0.6979,-0.0145,-0.1716,-0.0833,0.2447,0.5695,-0.6195,0.4844,1.000,0.000,0.0000,0.0000,1.2614,-0.2667,0.3088,0,0.00,0.044,0.070,0.003,SHIFT,1.2680,0.2853,0.3478,1,31.63,0.353,1.978,2.940,SHIFT,1.0014,-0.3301,0.1848,0,0.00,0.086,0.026,0.014,SHIFT,0.9986,0.3581,0.1860,0,0.00,0.003,0.233,0.003,SHIFT,0.7947,-0.1805,0.0144,1,16.62,0.467,2.940,0.154,SHIFT,0.8127,0.1986,0.0152,0,0.00,0.055,0.131,0.007,SHIFT
84.083,6148,placemove,0.9484,0.0152,0.3027,-0.0124,-0.7110,-0.0143,-0.1903,-0.0861,0.1731,0.8325,-1.1213,0.7747,1.000,0.000,0.0000,0.0000,1.2583,-0.2657,0.3134,0,0.00,0.070,0.084,0.017,SHIFT,1.2679,0.2856,0.3481,0,0.00,0.072,0.100,0.098,SHIFT,0.9997,-0.3299,0.1864,0,0.00,0.090,0.015,0.010,SHIFT,0.9921,0.3580,0.1929,0,0.00,0.087,0.034,0.006,SHIFT,0.7943,-0.1802,0.0151,0,0.00,0.049,0.051,0.048,SHIFT,0.8096,0.1986,0.0183,0,0.00,0.048,0.051,0.011,SHIFT
84.113,6152,placemove,0.9452,0.0138,0.3044,0.0029,-0.7259,-0.0136,-0.2046,-0.0817,0.0327,0.5434,-0.7584,0.5291,1.000,0.000,0.0000,0.0000,1.2558,-0.2637,0.3164,0,0.00,0.070,0.027,0.003,SHIFT,1.2668,0.2868,0.3481,0,0.00,0.074,0.112,0.096,SHIFT,0.9969,-0.3294,0.1880,0,0.00,0.093,0.042,0.007,SHIFT,0.9860,0.3584,0.1975,0,0.00,0.087,0.060,0.009,SHIFT,0.7919,-0.1800,0.0154,0,0.00,0.045,0.007,0.015,SHIFT,0.8081,0.1991,0.0181,0,0.00,0.048,0.040,0.002,SHIFT
84.152,6156,placemove,0.9416,0.0131,0.3082,0.0080,-0.7362,-0.0134,-0.2135,-0.0034,0.3060,0.2717,-0.7498,0.2974,1.000,0.000,0.0000,0.0000,1.2522,-0.2633,0.3200,0,0.00,0.159,0.012,0.003,SHIFT,1.2670,0.2866,0.3465,1,3.79,0.628,0.509,0.858,SHIFT,0.9962,-0.3296,0.1873,0,0.00,0.144,0.084,0.005,SHIFT,0.9826,0.3581,0.1991,0,0.00,0.106,0.186,0.031,SHIFT,0.7920,-0.1801,0.0143,1,10.73,0.349,1.189,2.387,SHIFT,0.8072,0.1988,0.0173,0,0.00,0.081,0.153,0.014,SHIFT
84.239,6160,placemove,0.9381,0.0132,0.3128,0.0119,-0.7482,-0.0115,-0.1959,0.0163,0.2155,0.0785,-0.6477,0.2482,1.000,0.000,0.0000,0.0000,1.2491,-0.2618,0.3258,0,0.00,0.059,0.050,0.015,SHIFT,1.2657,0.2856,0.3457,0,0.00,0.073,0.167,0.081,SHIFT,0.9967,-0.3289,0.1880,0,0.00,0.089,0.129,0.022,SHIFT,0.9797,0.3587,0.2015,0,0.00,0.089,0.078,0.015,SHIFT,0.7920,-0.1801,0.0143,0,0.00,0.044,0.036,0.012,SHIFT,0.8073,0.1991,0.0171,0,0.00,0.044,0.079,0.012,SHIFT
84.272,6164,placemove,0.9353,0.0139,0.3158,0.0132,-0.7572,-0.0073,-0.1516,0.0642,0.1464,0.0191,-0.4584,0.3344,1.000,0.000,0.0000,0.0000,1.2466,-0.2594,0.3299,0,0.00,0.063,0.034,0.009,SHIFT,1.2605,0.2874,0.3489,0,0.00,0.094,0.014,0.010,SHIFT,0.9975,-0.3278,0.1880,0,0.00,0.085,0.115,0.016,SHIFT,0.9766,0.3597,0.2017,0,0.00,0.128,0.083,0.015,SHIFT,0.7920,-0.1801,0.0143,1,3.58,0.272,0.105,0.555,SHIFT,0.8068,0.1992,0.0156,0,0.00,0.083,0.083,0.009,SHIFT
84.352,6168,placemove,0.9337,0.0147,0.3182,0.0149,-0.7687,-0.0044,-0.0652,0.0260,0.0991,0.0586,-1.2128,0.1427,1.000,0.000,0.0000,0.0000,1.2445,-0.2568,0.3346,0,0.00,0.068,0.058,0.010,SHIFT,1.2551,0.2900,0.3535,0,0.00,0.084,0.054,0.012,SHIFT,0.9989,-0.3266,0.1884,0,0.00,0.089,0.002,0.004,SHIFT,0.9740,0.3608,0.2019,0,0.00,0.106,0.005,0.004,SHIFT,0.7919,-0.1800,0.0153,0,0.00,0.035,0.056,0.091,SHIFT,0.8060,0.1991,0.0156,0,0.00,0.057,0.006,0.096,SHIFT
84.370,6172,placemove,0.9325,0.0151,0.3185,0.0185,-0.7820,-0.0035,-0.0757,0.0233,-0.0571,0.2794,-0.6538,0.3529,1.000,0.000,0.0000,0.0000,1.2425,-0.2549,0.3394,0,0.00,0.003,0.014,0.005,STANCE,1.2503,0.2919,0.3587,0,0.00,0.033,0.007,0.009,STANCE,0.9986,-0.3257,0.1904,0,0.00,0.028,0.042,0.034,SWING,0.9727,0.3614,0.2013,0,0.00,0.032,0.062,0.010,STANCE,0.7917,-0.1803,0.0158,0,0.00,0.003,0.032,0.001,STANCE,0.8041,0.1992,0.0162,0,0.00,0.023,0.017,0.004,STANCE
84.450,6176,placemove,0.9319,0.0156,0.3184,0.0204,-0.7821,-0.0035,-0.0004,0.0211,-0.0145,0.0613,-0.1422,-0.0124,1.000,0.000,0.0000,0.0000,1.2429,-0.2532,0.3392,0,0.00,0.034,0.035,0.001,STANCE,1.2485,0.2937,0.3585,0,0.00,0.006,0.064,0.006,STANCE,0.9908,-0.3234,0.1981,0,0.00,0.029,0.120,0.101,SWING,0.9726,0.3622,0.1991,0,0.00,0.015,0.071,0.016,STANCE,0.7924,-0.1803,0.0150,0,0.00,0.018,0.144,0.004,STANCE,0.8037,0.1992,0.0150,0,0.00,0.016,0.148,0.008,STANCE
84.494,6180,placemove,0.9321,0.0159,0.3175,0.0228,-0.7807,-0.0052,0.0483,-0.0035,-0.0070,0.1293,0.2221,-0.0207,1.000,0.000,0.0000,0.0000,1.2437,-0.2523,0.3379,0,0.00,0.029,0.094,0.034,STANCE,1.2484,0.2946,0.3571,0,0.00,0.150,0.050,0.024,STANCE,0.9830,-0.3208,0.2051,0,0.00,0.111,0.134,0.101,SWING,0.9738,0.3626,0.1961,0,0.00,0.136,0.100,0.014,STANCE,0.7920,-0.1803,0.0149,1,4.71,1.711,0.068,0.267,STANCE,0.8030,0.1992,0.0146,1,14.06,1.854,0.796,2.246,STANCE
84.528,6184,placemove,0.9333,0.0157,0.3169,0.0256,-0.7776,-0.0085,0.0898,-0.0089,-0.0471,0.0848,0.2632,-0.0683,1.000,0.000,0.0000,0.0000,1.2450,-0.2524,0.3363,0,0.00,0.054,0.007,0.002,STANCE,1.2496,0.2945,0.3558,0,0.00,0.032,0.005,0.003,STANCE,0.9758,-0.3180,0.2122,0,0.00,0.099,0.117,0.105,SWING,0.9763,0.3626,0.1939,0,0.00,0.050,0.098,0.014,STANCE,0.7920,-0.1803,0.0148,1,6.42,0.929,0.398,0.932,STANCE,0.8030,0.1992,0.0145,1,5.35,0.852,0.159,0.555,STANCE
84.549,6188,placemove,0.9351,0.0156,0.3159,0.0272,-0.7719,-0.0107,0.1296,-0.0045,-0.0623,0.0542,0.3991,-0.0374,1.000,0.000,0.0000,0.0000,1.2468,-0.2525,0.3337,0,0.00,0.075,0.004,0.001,STANCE,1.2515,0.2943,0.3534,0,0.00,0.032,0.011,0.005,STANCE,0.9715,-0.3150,0.2210,0,0.00,0.396,0.112,0.109,SWING,0.9790,0.3626,0.1913,0,0.00,0.060,0.102,0.015,STANCE,0.7921,-0.1803,0.0147,1,5.94,0.558,0.277,0.859,STANCE,0.8031,0.1992,0.0144,1,5.15,1.041,0.030,0.558,STANCE
84.585,6192,placemove,0.9376,0.0155,0.3147,0.0283,-0.7642,-0.0120,0.1688,-0.0039,-0.0803,0.0373,0.5311,-0.0242,1.000,0.000,0.0000,0.0000,1.2493,-0.2526,0.3301,0,0.00,0.043,0.013,0.003,STANCE,1.2541,0.2943,0.3500,0,0.00,0.042,0.008,0.003,STANCE,0.9752,-0.3153,0.2363,0,0.00,0.167,0.140,0.004,SWING,0.9821,0.3626,0.1882,0,0.00,0.054,0.098,0.013,STANCE,0.7922,-0.1803,0.0146,1,5.16,0.790,0.287,0.723,STANCE,0.8032,0.1992,0.0143,1,6.03,0.802,0.021,0.770,STANCE
84.606,6196,placemove,0.9409,0.0154,0.3132,0.0290,-0.7539,-0.0129,0.2136,-0.0068,-0.1014,0.0346,0.6799,-0.0189,1.000,0.000,0.0000,0.0000,1.2525,-0.2527,0.3255,0,0.00,0.039,0.013,0.004,STANCE,1.2576,0.2942,0.3454,0,0.00,0.043,0.007,0.003,STANCE,0.9806,-0.3206,0.2517,0,0.00,0.164,0.109,0.021,SWING,0.9856,0.3626,0.1846,0,0.00,0.056,0.098,0.013,STANCE,0.7924,-0.1803,0.0145,1,5.02,0.746,0.278,0.710,STANCE,0.8034,0.1992,0.0143,1,5.98,0.772,0.021,0.759,STANCE
84.665,6200,placemove,0.9448,0.0152,0.3114,0.0302,-0.7411,-0.0136,0.2453,-0.0361,-0.0890,0.2270,0.8700,0.1621,1.000,0.000,0.0000,0.0000,1.2565,-0.2528,0.3197,0,0.00,0.047,0.083,0.011,STANCE,1.2618,0.2940,0.3398,0,0.00,0.082,0.197,0.026,STANCE,0.9870,-0.3283,0.2676,0,0.00,0.201,0.039,0.033,SWING,0.9895,0.3625,0.1807,1,18.32,1.856,1.492,1.629,STANCE,0.7926,-0.1803,0.0145,1,8.46,2.253,1.713,0.369,STANCE,0.8036,0.1992,0.0143,0,0.00,0.023,0.192,0.002,STANCE
84.702,6204,placemove,0.9489,0.0141,0.3087,0.0371,-0.7313,-0.0140,0.2399,-0.0730,-0.2197,0.3460,0.7177,0.2827,1.000,0.000,0.0000,0.0000,1.2610,-0.2527,0.3137,0,0.00,0.012,0.055,0.019,STANCE,1.2643,0.2940,0.3364,0,0.00,0.010,0.034,0.017,STANCE,0.9956,-0.3362,0.2828,0,0.00,0.107,0.066,0.016,SWING,0.9879,0.3621,0.1829,0,0.00,0.001,0.066,0.038,STANCE,0.7910,-0.1807,0.0166,0,0.00,0.002,0.068,0.036,STANCE,0.8004,0.1989,0.0181,0,0.00,0.000,0.050,0.036,STANCE
84.761,6208,placemove,0.9500,0.0130,0.3072,0.0454,-0.7302,-0.0154,-0.1821,0.0146,0.1442,-0.0377,-0.0596,-0.0991,1.000,0.000,0.0000,0.0000,1.2652,-0.2523,0.3077,0,0.00,0.025,0.134,0.028,STANCE,1.2657,0.2941,0.3340,1,20.16,1.334,1.966,1.307,STANCE,1.0034,-0.3367,0.2971,0,0.00,0.253,0.292,0.051,SWING,0.9892,0.3620,0.1813,0,0.00,0.098,0.403,0.047,STANCE,0.7917,-0.1807,0.0144,1,37.40,1.738,2.940,2.940,STANCE,0.8021,0.1990,0.0159,0,0.00,0.132,0.664,0.051,STANCE
84.798,6212,placemove,0.9459,0.0134,0.3111,0.0368,-0.7277,-0.0158,-0.2488,0.0342,0.1817,-0.7195,0.0854,-0.6683,1.000,0.000,0.0000,0.0000,1.2616,-0.2536,0.3102,0,0.00,0.007,0.002,0.009,STANCE,1.2651,0.2931,0.3341,0,0.00,0.007,0.015,0.007,STANCE,1.0042,-0.3328,0.3184,0,0.00,0.108,0.018,0.089,SWING,0.9890,0.3617,0.1809,0,0.00,0.001,0.044,0.005,STANCE,0.7895,-0.1809,0.0161,0,0.00,0.004,0.014,0.008,STANCE,0.8017,0.1989,0.0156,0,0.00,0.007,0.045,0.015,STANCE
84.846,6216,placemove,0.9421,0.0141,0.3130,0.0222,-0.7271,-0.0160,-0.2055,0.0422,0.0598,-0.4388,-0.0987,-0.6157,1.000,0.000,0.0000,0.0000,1.2543,-0.2561,0.3157,0,0.00,0.019,0.113,0.007,STANCE,1.2634,0.2908,0.3334,0,0.00,0.007,0.103,0.006,STANCE,1.0097,-0.3376,0.3236,0,0.00,0.052,0.102,0.098,SWING,0.9881,0.3604,0.1795,0,0.00,0.005,0.035,0.004,STANCE,0.7832,-0.1819,0.0207,0,0.00,0.011,0.053,0.001,STANCE,0.8001,0.1976,0.0149,0,0.00,0.007,0.083,0.006,STANCE
84.874,6220,placemove,0.9387,0.0148,0.3126,0.0180,-0.7329,-0.0222,-0.2113,0.0335,-0.0625,0.2187,-0.2781,-0.3403,1.000,0.000,0.0000,0.0000,1.2462,-0.2585,0.3207,0,0.00,0.005,0.061,0.032,SHIFT,1.2607,0.2884,0.3361,0,0.00,0.014,0.039,0.031,SHIFT,1.0107,-0.3441,0.3199,0,0.00,0.013,0.115,0.095,SWING,0.9884,0.3601,0.1788,0,0.00,0.005,0.083,0.014,SHIFT,0.7790,-0.1808,0.0212,0,0.00,0.008,0.058,0.000,SHIFT,0.7940,0.1983,0.0207,0,0.00,0.007,0.145,0.079,SHIFT
84.921,6224,placemove,0.9353,0.0144,0.3112,0.0302,-0.7372,-0.0359,-0.1958,-0.0846,-0.0383,0.3972,0.0003,-0.4636,1.000,0.000,0.0000,0.0000,1.2395,-0.2609,0.3175,0,0.00,0.278,0.230,0.048,SHIFT,1.2577,0.2857,0.3385,0,0.00,0.221,0.235,0.041,SHIFT,1.0115,-0.3514,0.3082,0,0.00,0.482,0.183,0.153,SHIFT,0.9884,0.3606,0.1788,1,13.33,2.199,0.126,2.940,SHIFT,0.7760,-0.1769,0.0147,1,43.55,2.940,1.951,2.940,SHIFT,0.7919,0.2023,0.0194,0,0.00,0.003,0.204,0.032,SHIFT
84.951,6228,placemove,0.9332,0.0127,0.3143,0.0318,-0.7376,-0.0328,-0.0611,-0.0850,0.2677,-0.3481,-0.2775,0.6480,1.000,0.000,0.0000,0.0000,1.2368,-0.2630,0.3153,0,0.00,0.517,0.272,0.058,SHIFT,1.2559,0.2834,0.3396,0,0.00,0.113,0.201,0.058,SHIFT,1.0148,-0.3592,0.3003,0,0.00,0.498,0.019,0.114,SHIFT,0.9883,0.3600,0.1785,0,0.00,0.091,0.090,0.023,SHIFT,0.7759,-0.1771,0.0141,1,15.77,2.271,1.643,2.940,SHIFT,0.7914,0.2027,0.0184,0,0.00,0.216,0.005,0.004,SHIFT
84.991,6232,placemove,0.9328,0.0127,0.3188,0.0306,-0.7405,-0.0229,0.0025,0.0395,0.2560,0.0195,-0.1734,0.4871,1.000,0.000,0.0000,0.0000,1.2381,-0.2613,0.3176,0,0.00,0.081,0.103,0.029,SHIFT,1.2537,0.2852,0.3426,0,0.00,0.068,0.051,0.020,SHIFT,1.0231,-0.3643,0.2962,0,0.00,0.102,0.078,0.100,SHIFT,0.9876,0.3603,0.1790,0,0.00,0.077,0.098,0.023,SHIFT,0.7761,-0.1771,0.0138,0,0.00,0.070,0.038,0.023,SHIFT,0.7923,0.2020,0.0181,0,0.00,0.028,0.092,0.018,SHIFT
85.010,6236,placemove,0.9329,0.0134,0.3217,0.0301,-0.7409,-0.0155,0.0040,0.0445,0.1071,-0.0546,0.0260,0.3592,1.000,0.000,0.0000,0.0000,1.2391,-0.2588,0.3185,0,0.00,0.074,0.081,0.021,SHIFT,1.2515,0.2877,0.3441,0,0.00,0.078,0.020,0.009,SHIFT,1.0317,-0.3675,0.2900,0,0.00,0.100,0.167,0.004,SHIFT,0.9868,0.3616,0.1787,0,0.00,0.083,0.068,0.017,SHIFT,0.7764,-0.1771,0.0141,0,0.00,0.055,0.028,0.011,SHIFT,0.7925,0.2023,0.0174,0,0.00,0.030,0.064,0.013,SHIFT
85.050,6240,placemove,0.9333,0.0146,0.3229,0.0289,-0.7394,-0.0087,0.0428,0.0937,0.0417,-0.0922,0.1284,0.3265,1.000,0.000,0.0000,0.0000,1.2400,-0.2558,0.3179,0,0.00,0.058,0.052,0.013,SHIFT,1.2493,0.2908,0.3431,0,0.00,0.110,0.001,0.004,SHIFT,1.0411,-0.3637,0.2802,0,0.00,0.086,0.101,0.009,SHIFT,0.9855,0.3630,0.1762,0,0.00,0.135,0.066,0.016,SHIFT,0.7765,-0.1771,0.0141,1,3.43,0.362,0.197,0.610,SHIFT,0.7919,0.2024,0.0154,0,0.00,0.087,0.074,0.011,SHIFT
85.095,6244,placemove,0.9348,0.0158,0.3232,0.0282,-0.7426,-0.0053,0.0973,0.0610,-0.0424,-0.0442,-0.2853,0.1255,1.000,0.000,0.0000,0.0000,1.2402,-0.2533,0.3192,0,0.00,0.045,0.118,0.031,SHIFT,1.2470,0.2934,0.3437,0,0.00,0.064,0.130,0.037,SHIFT,1.0509,-0.3559,0.2693,0,0.00,0.087,0.092,0.002,SHIFT,0.9850,0.3643,0.1743,0,0.00,0.091,0.003,0.003,SHIFT,0.7754,-0.1771,0.0158,0,0.00,0.031,0.149,0.063,SHIFT,0.7903,0.2026,0.0157,0,0.00,0.048,0.146,0.061,SHIFT
85.150,6248,placemove,0.9367,0.0166,0.3223,0.0301,-0.7414,-0.0046,0.1560,0.0105,0.0292,0.1253,0.1903,0.0457,1.000,0.000,0.0000,0.0000,1.2409,-0.2512,0.3176,0,0.00,0.080,0.072,0.027,SHIFT,1.2457,0.2954,0.3419,0,0.00,0.308,0.072,0.010,SHIFT,1.0604,-0.3479,0.2565,0,0.00,0.144,0.066,0.016,SHIFT,0.9850,0.3654,0.1707,1,6.02,1.489,1.751,0.674,SHIFT,0.7754,-0.1770,0.0149,1,7.13,2.814,2.680,1.097,SHIFT,0.7896,0.2026,0.0145,1,9.65,1.175,2.940,2.940,SHIFT
85.200,6252,placemove,0.9393,0.0165,0.3222,0.0364,-0.7389,-0.0052,0.1756,0.0176,-0.0244,0.1655,0.3179,0.2138,1.000,0.000,0.0000,0.0000,1.2426,-0.2499,0.3159,0,0.00,0.063,0.021,0.009,SHIFT,1.2448,0.2968,0.3418,0,0.00,0.102,0.091,0.020,SHIFT,1.0706,-0.3394,0.2436,0,0.00,0.096,0.068,0.006,SHIFT,0.9849,0.3660,0.1696,0,0.00,0.136,0.025,0.005,SHIFT,0.7756,-0.1769,0.0148,1,6.65,0.282,0.168,1.035,SHIFT,0.7876,0.2028,0.0151,0,0.00,0.089,0.017,0.014,SHIFT
85.277,6256,placemove,0.9427,0.0171,0.3220,0.0397,-0.7305,-0.0034,0.2071,0.0309,-0.0062,0.1809,0.5981,0.2725,1.000,0.000,0.0000,0.0000,1.2456,-0.2476,0.3119,0,0.00,0.046,0.015,0.017,SHIFT,1.2450,0.2990,0.3384,0,0.00,0.090,0.025,0.010,SHIFT,1.0807,-0.3301,0.2309,0,0.00,0.064,0.110,0.003,SHIFT,0.9850,0.3671,0.1665,0,0.00,0.103,0.060,0.023,SHIFT,0.7759,-0.1769,0.0146,0,0.18,0.108,0.059,0.001,SHIFT,0.7861,0.2029,0.0148,0,0.00,0.057,0.022,0.005,SHIFT
85.320,6260,placemove,0.9465,0.0180,0.3212,0.0432,-0.7214,-0.0014,0.2534,0.0704,-0.0759,0.1037,0.6607,0.2776,1.000,0.000,0.0000,0.0000,1.2491,-0.2449,0.3074,0,0.00,0.066,0.039,0.008,SHIFT,1.2453,0.3017,0.3345,0,0.00,0.088,0.053,0.010,SHIFT,1.0901,-0.3207,0.2188,0,0.00,0.084,0.211,0.053,SHIFT,0.9850,0.3684,0.1632,0,0.00,0.117,0.062,0.012,SHIFT,0.7761,-0.1769,0.0146,1,4.52,0.155,0.005,0.611,SHIFT,0.7840,0.2030,0.0150,0,0.00,0.071,0.006,0.008,SHIFT
85.412,6264,placemove,0.9512,0.0189,0.3197,0.0450,-0.7105,-0.0010,0.2956,0.0402,-0.1246,0.0271,0.7536,-0.0457,1.000,0.000,0.0000,0.0000,1.2532,-0.2426,0.3026,0,0.00,0.019,0.039,0.008,STANCE,1.2471,0.3040,0.3294,0,0.00,0.048,0.026,0.011,STANCE,1.0957,-0.3179,0.2129,0,0.00,0.037,0.068,0.017,STANCE,0.9847,0.3696,0.1620,0,0.00,0.042,0.063,0.039,SWING,0.7768,-0.1769,0.0147,0,0.00,0.047,0.018,0.001,STANCE,0.7830,0.2031,0.0149,1,6.73,0.303,0.409,1.246,STANCE
85.447,6268,placemove,0.9564,0.0192,0.3169,0.0471,-0.6958,-0.0040,0.3283,-0.0038,-0.1945,0.0932,1.0071,-0.1289,1.000,0.000,0.0000,0.0000,1.2578,-0.2420,0.2961,0,0.00,0.026,0.007,0.000,STANCE,1.2517,0.3046,0.3227,0,0.00,0.055,0.013,0.004,STANCE,1.1008,-0.3173,0.2068,0,0.00,0.042,0.086,0.018,STANCE,0.9806,0.3697,0.1683,0,0.00,0.001,0.116,0.107,SWING,0.7773,-0.1768,0.0148,1,2.53,0.671,0.032,0.204,STANCE,0.7832,0.2031,0.0148,1,7.70,0.502,0.456,1.310,STANCE
85.481,6272,placemove,0.9624,0.0190,0.3133,0.0493,-0.6773,-0.0075,0.3825,-0.0117,-0.2285,0.0948,1.2013,-0.0864,1.000,0.000,0.0000,0.0000,1.2630,-0.2422,0.2873,0,0.00,0.045,0.005,0.001,STANCE,1.2575,0.3043,0.3142,0,0.00,0.034,0.001,0.000,STANCE,1.1058,-0.3174,0.1989,0,0.00,0.054,0.087,0.017,STANCE,0.9774,0.3686,0.1742,0,0.00,0.017,0.117,0.104,SWING,0.7775,-0.1768,0.0148,1,5.07,0.618,0.224,0.733,STANCE,0.7835,0.2031,0.0147,1,5.05,0.509,0.137,0.729,STANCE
85.520,6276,placemove,0.9661,0.0199,0.3120,0.0425,-0.6677,-0.0087,0.0382,0.1288,0.0335,-0.4607,0.4433,-0.2779,1.000,0.000,0.0000,0.0000,1.2656,-0.2423,0.2836,1,18.76,0.357,0.289,2.940,STANCE,1.2629,0.3038,0.3077,0,0.00,0.224,0.119,0.015,STANCE,1.1092,-0.3178,0.1954,0,0.00,0.003,0.046,0.013,STANCE,0.9752,0.3667,0.1801,0,0.00,0.129,0.292,0.068,SWING,0.7779,-0.1771,0.0161,0,0.00,0.065,0.116,0.011,STANCE,0.7838,0.2031,0.0146,1,5.00,0.309,2.940,1.328,STANCE
85.560,6280,placemove,0.9663,0.0223,0.3113,0.0327,-0.6593,-0.0054,0.0059,0.1422,-0.1259,-0.5490,0.3858,-0.1264,1.000,0.000,0.0000,0.0000,1.2645,-0.2414,0.2841,0,0.00,0.058,0.073,0.021,STANCE,1.2626,0.3055,0.3037,0,0.00,0.113,0.079,0.027,STANCE,1.1082,-0.3167,0.1961,0,0.00,0.061,0.007,0.005,STANCE,0.9718,0.3668,0.1887,0,0.00,0.593,0.092,0.107,SWING,0.7749,-0.1769,0.0194,0,0.00,0.092,0.042,0.014,STANCE,0.7804,0.2027,0.0179,0,0.00,0.116,0.076,0.110,STANCE
85.579,6284,placemove,0.9662,0.0246,0.3078,0.0201,-0.6501,0.0012,-0.0099,0.1403,-0.2787,-0.5598,0.6692,-0.0319,1.000,0.000,0.0000,0.0000,1.2636,-0.2392,0.2822,0,0.00,0.012,0.015,0.006,STANCE,1.2616,0.3078,0.2956,0,0.00,0.023,0.022,0.000,STANCE,1.1081,-0.3156,0.1945,0,0.00,0.017,0.056,0.012,STANCE,0.9763,0.3689,0.2002,0,0.00,0.064,0.108,0.104,SWING,0.7731,-0.1779,0.0192,0,0.00,0.023,0.053,0.011,STANCE,0.7736,0.2016,0.0192,0,0.00,0.025,0.016,0.010,STANCE
85.620,6288,placemove,0.9662,0.0269,0.3021,0.0152,-0.6358,0.0034,0.0498,0.1100,-0.3294,0.3030,1.0179,0.0436,1.000,0.000,0.0000,0.0000,1.2637,-0.2365,0.2748,0,0.00,0.095,0.056,0.015,STANCE,1.2607,0.3107,0.2839,0,0.00,0.121,0.095,0.013,STANCE,1.1086,-0.3138,0.1879,0,0.00,0.126,0.092,0.028,STANCE,0.9813,0.3701,0.2110,0,0.00,0.094,0.130,0.118,SWING,0.7710,-0.1782,0.0161,0,0.00,0.137,0.032,0.001,STANCE,0.7712,0.2008,0.0142,1,15.50,0.985,1.387,2.940,STANCE
85.683,6292,placemove,0.9684,0.0292,0.2969,0.0100,-0.6330,0.0023,0.1609,0.1425,-0.3593,-0.1512,-0.2165,-0.1627,1.000,0.000,0.0000,0.0000,1.2638,-0.2346,0.2719,0,0.00,0.006,0.141,0.041,STANCE,1.2609,0.3126,0.2778,0,0.00,0.048,0.134,0.042,STANCE,1.1075,-0.3127,0.1872,0,0.00,0.011,0.104,0.103,STANCE,0.9903,0.3697,0.2226,0,0.00,0.043,0.109,0.106,SWING,0.7697,-0.1771,0.0169,0,0.00,0.030,0.149,0.005,STANCE,0.7675,0.2012,0.0154,0,0.00,0.039,0.052,0.109,STANCE
85.735,6296,placemove,0.9708,0.0316,0.2903,0.0046,-0.6362,0.0010,0.0885,0.1482,-0.2845,-0.5221,-0.2969,-0.4607,1.000,0.000,0.0000,0.0000,1.2653,-0.2328,0.2690,1,20.58,0.460,2.940,2.076,STANCE,1.2630,0.3146,0.2714,0,0.00,0.179,0.085,0.001,STANCE,1.1033,-0.3118,0.1923,0,0.00,0.114,0.093,0.173,STANCE,1.0002,0.3724,0.2323,0,0.00,0.178,0.126,0.039,SWING,0.7685,-0.1768,0.0153,0,0.00,0.064,0.187,0.012,STANCE,0.7642,0.2023,0.0148,1,37.50,0.005,2.940,2.940,STANCE
85.768,6300,placemove,0.9679,0.0323,0.2926,0.0016,-0.6433,-0.0028,-0.2928,-0.0458,0.3535,0.2805,-0.0790,-0.0572,1.000,0.000,0.0000,0.0000,1.2658,-0.2327,0.2688,1,2.63,0.234,1.260,0.987,STANCE,1.2653,0.3143,0.2681,0,0.00,0.066,0.503,0.226,STANCE,1.1031,-0.3108,0.1929,0,0.00,0.056,0.259,0.070,STANCE,1.0062,0.3760,0.2500,0,0.00,0.147,0.208,0.010,SWING,0.7676,-0.1767,0.0161,0,0.00,0.074,0.110,0.001,STANCE,0.7641,0.2024,0.0140,1,14.14,0.816,1.365,2.940,STANCE
85.819,6304,placemove,0.9626,0.0316,0.2996,0.0088,-0.6443,-0.0076,-0.3348,-0.0409,0.3674,0.6113,-0.1359,0.1730,1.000,0.000,0.0000,0.0000,1.2656,-0.2328,0.2690,0,0.00,0.000,0.171,0.068,STANCE,1.2644,0.3141,0.2701,0,0.00,0.008,0.317,0.125,STANCE,1.1042,-0.3108,0.1910,0,0.00,0.011,0.248,0.089,STANCE,1.0099,0.3805,0.2735,0,0.00,0.088,0.046,0.097,SWING,0.7672,-0.1767,0.0164,0,0.00,0.023,0.232,0.054,STANCE,0.7632,0.2027,0.0146,0,0.00,0.019,0.217,0.049,STANCE
85.838,6308,placemove,0.9572,0.0310,0.3045,0.0171,-0.6441,-0.0099,-0.3054,-0.0245,0.2385,0.2488,0.1146,0.1980,1.000,0.000,0.0000,0.0000,1.2642,-0.2320,0.2689,0,0.00,0.003,0.066,0.040,STANCE,1.2609,0.3152,0.2736,0,0.00,0.006,0.130,0.056,STANCE,1.1045,-0.3102,0.1883,0,0.00,0.004,0.134,0.049,STANCE,1.0227,0.3844,0.2833,0,0.00,0.097,0.079,0.096,SWING,0.7668,-0.1761,0.0148,0,0.00,0.013,0.083,0.040,STANCE,0.7602,0.2033,0.0168,0,0.00,0.011,0.135,0.029,STANCE
85.868,6312,placemove,0.9521,0.0306,0.3069,0.0229,-0.6421,-0.0097,-0.3013,-0.0226,0.0682,0.2912,0.1210,0.2419,1.000,0.000,0.0000,0.0000,1.2610,-0.2309,0.2688,0,0.00,0.003,0.011,0.009,SHIFT,1.2553,0.3163,0.2757,0,0.00,0.011,0.039,0.016,SHIFT,1.1030,-0.3094,0.1864,0,0.00,0.001,0.081,0.026,SHIFT,1.0361,0.3868,0.2895,0,0.00,0.097,0.089,0.095,SWING,0.7633,-0.1762,0.0155,0,0.00,0.010,0.036,0.006,SHIFT,0.7558,0.2032,0.0179,0,0.00,0.010,0.082,0.020,SHIFT
85.920,6316,placemove,0.9485,0.0307,0.3075,0.0268,-0.6439,-0.0060,-0.1736,0.0109,-0.0319,0.3291,-0.2800,0.4921,1.000,0.000,0.0000,0.0000,1.2564,-0.2296,0.2713,0,0.00,0.051,0.302,0.181,SHIFT,1.2470,0.3189,0.2794,0,0.00,0.091,0.172,0.159,SHIFT,1.0996,-0.3086,0.1869,0,0.00,0.071,0.034,0.062,SHIFT,1.0429,0.3905,0.2878,0,0.00,0.033,0.082,0.099,SHIFT,0.7595,-0.1764,0.0166,0,0.00,0.023,0.053,0.011,SHIFT,0.7495,0.2025,0.0188,0,0.00,0.051,0.315,0.049,SHIFT
85.953,6320,placemove,0.9456,0.0308,0.3056,0.0352,-0.6496,-0.0030,-0.1827,0.0112,-0.1676,0.3913,-0.2775,0.4789,1.000,0.000,0.0000,0.0000,1.2508,-0.2264,0.2740,0,0.00,0.047,0.008,0.033,SHIFT,1.2361,0.3219,0.2851,0,0.00,0.079,0.040,0.049,SHIFT,1.0926,-0.3085,0.1927,0,0.00,0.065,0.124,0.100,SHIFT,1.0428,0.3964,0.2799,0,0.00,0.096,0.132,0.092,SHIFT,0.7517,-0.1769,0.0211,0,0.00,0.034,0.205,0.082,SHIFT,0.7428,0.2022,0.0190,0,0.00,0.042,0.068,0.001,SHIFT
85.978,6324,placemove,0.9428,0.0309,0.3020,0.0458,-0.6487,-0.0039,-0.1279,-0.0196,-0.2008,0.7077,0.4291,0.1176,1.000,0.000,0.0000,0.0000,1.2479,-0.2229,0.2680,0,0.00,0.169,0.187,0.027,SHIFT,1.2287,0.3239,0.2824,0,0.00,0.217,0.086,0.003,SHIFT,1.0852,-0.3062,0.1934,0,0.00,0.222,0.149,0.013,SHIFT,1.0426,0.4018,0.2692,0,0.00,0.204,0.124,0.089,SHIFT,0.7471,-0.1771,0.0166,0,0.00,0.175,0.050,0.024,SHIFT,0.7396,0.2019,0.0143,1,14.89,1.022,1.599,2.940,SHIFT
86.035,6328,placemove,0.9429,0.0304,0.3013,0.0533,-0.6404,-0.0095,0.0535,0.0128,0.1643,-0.3416,0.4367,-0.5277,1.000,0.000,0.0000,0.0000,1.2477,-0.2224,0.2593,0,0.00,0.165,0.681,0.092,SHIFT,1.2274,0.3241,0.2776,0,0.00,0.388,0.099,0.021,SHIFT,1.0846,-0.3041,0.1849,1,33.28,2.940,2.689,2.940,SHIFT,1.0468,0.4053,0.2596,0,0.00,0.370,0.296,0.080,SHIFT,0.7443,-0.1764,0.0148,0,0.00,0.062,0.167,0.054,SHIFT,0.7395,0.2019,0.0139,1,27.69,2.689,0.504,2.940,SHIFT
86.059,6332,placemove,0.9452,0.0298,0.3034,0.0445,-0.6475,-0.0150,0.1860,-0.0679,0.0993,-0.4967,-0.6380,-0.7304,1.000,0.000,0.0000,0.0000,1.2450,-0.2261,0.2652,0,0.00,0.122,0.032,0.008,SHIFT,1.2299,0.3208,0.2792,0,0.00,0.241,0.187,0.029,SHIFT,1.0813,-0.3066,0.1908,0,0.00,0.162,0.124,0.011,SHIFT,1.0582,0.4063,0.2495,0,0.00,0.242,0.132,0.087,SHIFT,0.7433,-0.1768,0.0159,0,0.00,0.104,0.051,0.019,SHIFT,0.7391,0.2021,0.0137,1,11.67,0.180,1.493,2.940,SHIFT
86.106,6336,placemove,0.9483,0.0290,0.3040,0.0347,-0.6583,-0.0220,0.1850,-0.0318,0.0089,-0.5587,-0.2496,-0.8830,1.000,0.000,0.0000,0.0000,1.2442,-0.2311,0.2695,0,0.00,0.058,0.125,0.020,SHIFT,1.2359,0.3160,0.2792,0,0.00,0.046,0.153,0.028,SHIFT,1.0741,-0.3106,0.2019,0,0.00,0.082,0.021,0.085,SHIFT,1.0724,0.4052,0.2384,0,0.00,0.085,0.113,0.094,SHIFT,0.7455,-0.1773,0.0148,0,0.00,0.046,0.085,0.024,SHIFT,0.7386,0.2018,0.0173,0,0.00,0.027,0.079,0.060,SHIFT
86.165,6340,placemove,0.9519,0.0284,0.3046,0.0272,-0.6448,-0.0250,0.2334,-0.0514,0.0263,-0.0759,1.4598,-0.2082,1.000,0.000,0.0000,0.0000,1.2465,-0.2347,0.2628,0,0.00,0.083,0.166,0.053,SHIFT,1.2440,0.3125,0.2695,0,0.00,0.057,0.248,0.072,SHIFT,1.0748,-0.3126,0.1975,0,0.00,0.091,0.220,0.045,SHIFT,1.0845,0.4039,0.2251,0,0.00,0.077,0.074,0.103,SHIFT,0.7436,-0.1772,0.0157,0,0.00,0.047,0.136,0.029,SHIFT,0.7412,0.2022,0.0148,0,0.00,0.023,0.257,0.103,SHIFT
86.216,6344,placemove,0.9565,0.0271,0.3045,0.0256,-0.6228,-0.0266,0.3172,-0.0815,-0.0254,-0.0527,1.2826,-0.1072,1.000,0.000,0.0000,0.0000,1.2498,-0.2373,0.2512,0,0.00,0.245,0.117,0.037,SHIFT,1.2501,0.3100,0.2584,0,0.00,0.034,0.145,0.057,SHIFT,1.0776,-0.3142,0.1879,0,0.00,0.267,0.214,0.040,SHIFT,1.0940,0.4013,0.2115,0,0.00,0.071,0.211,0.020,SHIFT,0.7422,-0.1771,0.0148,1,16.95,0.575,1.000,2.940,SHIFT,0.7411,0.2023,0.0149,0,0.00,0.024,0.197,0.055,SHIFT
86.296,6348,placemove,0.9616,0.0269,0.3040,0.0096,-0.6062,-0.0228,0.2967,0.0162,-0.0800,-0.8560,0.9570,-0.3918,1.000,0.000,0.0000,0.0000,1.2509,-0.2402,0.2464,0,0.00,0.079,0.118,0.010,SHIFT,1.2552,0.3070,0.2485,0,0.00,0.062,0.171,0.024,SHIFT,1.0781,-0.3162,0.1855,0,0.00,0.103,0.106,0.004,SHIFT,1.1044,0.3919,0.1927,0,0.00,0.073,0.086,0.019,SHIFT,0.7401,-0.1786,0.0180,0,0.00,0.054,0.114,0.018,SHIFT,0.7410,0.2009,0.0150,0,0.00,0.035,0.133,0.020,SHIFT
86.346,6352,placemove,0.9659,0.0267,0.3020,0.0246,-0.6000,-0.0235,0.2491,-0.0185,-0.1721,1.4314,0.2830,0.7548,1.000,0.000,0.0000,0.0000,1.2514,-0.2404,0.2449,0,0.00,0.043,0.054,0.106,SHIFT,1.2536,0.3102,0.2519,0,0.00,0.045,0.011,0.127,SHIFT,1.0765,-0.3155,0.1858,0,0.00,0.082,0.124,0.098,SHIFT,1.1063,0.3814,0.1856,0,0.00,0.051,0.135,0.197,SHIFT,0.7383,-0.1770,0.0197,0,0.00,0.056,0.181,0.079,SHIFT,0.7362,0.2023,0.0226,0,0.00,0.008,0.122,0.083,SHIFT
86.411,6356,placemove,0.9702,0.0259,0.2979,0.0417,-0.5984,-0.0210,0.2534,-0.0587,-0.3175,0.6939,-0.0692,0.6110,1.000,0.000,0.0000,0.0000,1.2525,-0.2409,0.2454,0,0.00,0.011,0.133,0.096,STANCE,1.2488,0.3168,0.2619,0,0.00,0.025,0.063,0.112,STANCE,1.0765,-0.3139,0.1849,1,0.56,0.163,0.207,0.263,STANCE,1.0991,0.3855,0.1964,0,0.00,0.020,0.061,0.111,STANCE,0.7405,-0.1757,0.0171,0,0.00,0.031,0.160,0.067,SWING,0.7354,0.2038,0.0234,0,0.00,0.002,0.028,0.005,STANCE
86.460,6360,placemove,0.9744,0.0247,0.2912,0.0512,-0.5995,-0.0181,0.2536,-0.0802,-0.4719,0.3000,-0.1332,0.4356,1.000,0.000,0.0000,0.0000,1.2533,-0.2422,0.2467,0,0.00,0.025,0.136,0.096,STANCE,1.2454,0.3201,0.2687,0,0.00,0.009,0.074,0.109,STANCE,1.0765,-0.3129,0.1849,1,0.75,0.114,0.224,0.419,STANCE,1.0942,0.3866,0.2032,0,0.00,0.017,0.064,0.110,STANCE,0.7426,-0.1754,0.0195,0,0.00,0.016,0.106,0.101,SWING,0.7384,0.2036,0.0185,0,0.00,0.037,0.025,0.005,STANCE
86.484,6364,placemove,0.9796,0.0228,0.2840,0.0569,-0.5899,-0.0132,0.3797,-0.1455,-0.3437,0.2987,1.0982,0.5614,1.000,0.000,0.0000,0.0000,1.2541,-0.2438,0.2456,0,0.00,0.145,0.337,0.203,STANCE,1.2423,0.3215,0.2709,0,0.00,0.014,0.268,0.191,STANCE,1.0766,-0.3127,0.1848,1,9.23,2.880,2.136,2.438,STANCE,1.0894,0.3855,0.2065,0,0.00,0.023,0.147,0.099,STANCE,0.7439,-0.1763,0.0238,0,0.00,0.106,0.174,0.045,SWING,0.7405,0.2027,0.0140,1,5.37,2.940,2.301,1.345,STANCE
86.523,6368,placemove,0.9863,0.0202,0.2784,0.0650,-0.5723,-0.0122,0.4199,-0.1239,-0.3257,0.5003,1.0732,0.2181,1.000,0.000,0.0000,0.0000,1.2578,-0.2370,0.2320,0,0.00,0.066,0.211,0.026,STANCE,1.2436,0.3130,0.2605,0,0.00,0.017,0.353,0.022,STANCE,1.0768,-0.3126,0.1846,1,15.11,2.654,0.521,2.940,STANCE,1.0859,0.3827,0.2110,0,0.00,0.087,0.176,0.072,STANCE,0.7309,-0.1843,0.0301,0,0.00,0.177,0.156,0.083,SWING,0.7416,0.2015,0.0140,1,4.25,2.940,1.115,0.627,STANCE
86.562,6372,placemove,0.9923,0.0210,0.2744,0.0654,-0.5571,-0.0139,0.2557,0.1310,-0.0943,-1.0320,0.3824,-0.6368,1.000,0.000,0.0000,0.0000,1.2651,-0.2346,0.2180,1,29.82,1.536,2.940,2.940,STANCE,1.2517,0.3119,0.2470,0,0.00,0.155,0.208,0.015,STANCE,1.0774,-0.3134,0.1845,0,0.00,0.043,0.412,0.075,STANCE,1.0845,0.3811,0.2157,0,0.00,0.106,0.047,0.134,STANCE,0.7206,-0.1879,0.0403,0,0.00,0.268,0.373,0.054,SWING,0.7424,0.2006,0.0140,1,26.30,0.747,2.940,1.476,STANCE
86.599,6376,placemove,0.9935,0.0241,0.2764,0.0325,-0.5563,-0.0135,-0.0468,0.2597,0.1951,-1.4847,0.5655,-0.6543,1.000,0.000,0.0000,0.0000,1.2655,-0.2345,0.2181,1,10.22,1.164,1.027,2.940,STANCE,1.2626,0.3094,0.2336,0,0.00,0.337,0.530,0.149,STANCE,1.0768,-0.3162,0.1900,0,0.00,0.087,0.038,0.013,STANCE,1.0863,0.3776,0.2162,0,0.00,0.207,0.089,0.118,STANCE,0.7205,-0.1897,0.0604,0,0.00,0.386,0.269,0.079,SWING,0.7427,0.2009,0.0137,1,4.70,1.230,2.940,1.833,STANCE
86.652,6380,placemove,0.9898,0.0268,0.2810,0.0240,-0.5570,-0.0141,-0.3147,0.0843,0.2765,0.1406,-0.4828,-0.0340,1.000,0.000,0.0000,0.0000,1.2654,-0.2339,0.2176,0,0.00,0.048,0.371,0.209,STANCE,1.2652,0.3100,0.2276,0,0.00,0.085,0.358,0.194,STANCE,1.0769,-0.3147,0.1894,0,0.00,0.084,0.182,0.031,STANCE,1.0870,0.3726,0.2113,0,0.00,0.070,0.306,0.034,STANCE,0.7208,-0.1939,0.0818,0,0.00,0.535,0.175,0.091,SWING,0.7441,0.2019,0.0140,0,0.00,0.112,0.152,0.037,STANCE
86.708,6384,placemove,0.9845,0.0275,0.2854,0.0254,-0.5616,-0.0136,-0.3055,0.0383,0.2852,0.1510,0.0192,0.2973,1.000,0.000,0.0000,0.0000,1.2652,-0.2337,0.2170,1,9.58,0.295,2.940,2.940,STANCE,1.2642,0.3116,0.2276,0,0.00,0.229,0.257,0.085,STANCE,1.0775,-0.3134,0.1856,0,0.00,0.069,0.165,0.030,STANCE,1.0868,0.3731,0.2087,0,0.00,0.166,0.415,0.070,STANCE,0.7244,-0.2016,0.0997,0,0.00,0.572,0.143,0.101,SWING,0.7429,0.2027,0.0144,0,0.00,0.078,0.498,0.154,STANCE
86.764,6388,placemove,0.9804,0.0276,0.2894,0.0243,-0.5652,-0.0135,-0.2341,-0.0017,0.1590,-0.1015,-0.1946,0.0268,1.000,0.000,0.0000,0.0000,1.2637,-0.2350,0.2199,0,0.00,0.044,0.003,0.015,STANCE,1.2618,0.3120,0.2298,0,0.00,0.038,0.010,0.011,STANCE,1.0760,-0.3131,0.1863,0,0.00,0.055,0.023,0.015,STANCE,1.0857,0.3732,0.2083,0,0.00,0.040,0.080,0.020,STANCE,0.7279,-0.2070,0.1178,0,0.00,0.294,0.111,0.102,SWING,0.7407,0.2029,0.0151,0,0.00,0.062,0.008,0.008,STANCE
86.803,6392,placemove,0.9768,0.0274,0.2910,0.0243,-0.5679,-0.0127,-0.1541,-0.0423,0.0956,0.2111,-0.1216,-0.0014,1.000,0.000,0.0000,0.0000,1.2611,-0.2351,0.2217,0,0.00,0.081,0.205,0.033,STANCE,1.2586,0.3121,0.2312,0,0.00,0.173,0.121,0.013,STANCE,1.0742,-0.3132,0.1867,0,0.00,0.102,0.224,0.030,STANCE,1.0838,0.3732,0.2070,0,0.00,0.152,0.160,0.016,STANCE,0.7279,-0.2048,0.1304,0,0.00,0.054,0.074,0.118,SWING,0.7386,0.2022,0.0148,1,13.58,0.538,1.612,2.940,STANCE
86.845,6396,placemove,0.9751,0.0268,0.2930,0.0247,-0.5683,-0.0149,-0.0883,-0.0235,0.0719,-0.0881,-0.0186,-0.1565,1.000,0.000,0.0000,0.0000,1.2599,-0.2361,0.2223,0,0.00,0.000,0.046,0.005,STANCE,1.2581,0.3111,0.2322,0,0.00,0.001,0.062,0.001,STANCE,1.0738,-0.3138,0.1856,0,0.00,0.000,0.033,0.011,STANCE,1.0846,0.3725,0.2060,0,0.00,0.000,0.025,0.016,STANCE,0.7277,-0.1995,0.1422,0,0.00,0.001,0.102,0.102,SWING,0.7380,0.2022,0.0152,0,0.00,0.002,0.064,0.002,STANCE
86.879,6400,placemove,0.9737,0.0265,0.2930,0.0175,-0.5592,-0.0161,-0.0899,-0.0159,-0.0690,-0.3592,0.5514,-0.3043,1.000,0.000,0.0000,0.0000,1.2558,-0.2381,0.2230,0,0.00,0.005,0.003,0.008,STANCE,1.2567,0.3091,0.2300,0,0.00,0.002,0.015,0.011,STANCE,1.0694,-0.3152,0.1876,0,0.00,0.004,0.061,0.002,STANCE,1.0847,0.3712,0.2028,0,0.00,0.003,0.065,0.008,STANCE,0.7369,-0.1938,0.1379,0,0.00,0.006,0.099,0.103,SWING,0.7346,0.2017,0.0172,0,0.00,0.003,0.040,0.003,STANCE
86.909,6404,placemove,0.9723,0.0264,0.2909,0.0109,-0.5496,-0.0175,-0.0312,0.0357,-0.0447,-0.2566,0.5397,-0.2634,1.000,0.000,0.0000,0.0000,1.2521,-0.2402,0.2197,0,0.00,0.355,0.186,0.017,SHIFT,1.2561,0.3070,0.2238,0,0.00,0.174,0.213,0.040,SHIFT,1.0666,-0.3164,0.1849,1,20.66,2.940,1.141,1.414,SHIFT,1.0853,0.3700,0.1959,0,0.00,0.183,0.186,0.034,SHIFT,0.7473,-0.1873,0.1310,0,0.00,0.117,0.082,0.141,SWING,0.7327,0.2012,0.0148,1,26.44,2.143,0.387,2.940,SHIFT
86.956,6408,placemove,0.9741,0.0264,0.2906,0.0089,-0.5516,-0.0173,0.1559,-0.0359,-0.0263,-0.1037,-0.0642,-0.1313,1.000,0.000,0.0000,0.0000,1.2508,-0.2407,0.2212,0,0.00,0.052,0.156,0.029,SHIFT,1.2557,0.3065,0.2242,0,0.00,0.051,0.130,0.032,SHIFT,1.0653,-0.3167,0.1855,0,0.00,0.111,0.105,0.017,SHIFT,1.0864,0.3697,0.1941,0,0.00,0.089,0.012,0.003,SHIFT,0.7583,-0.1824,0.1230,0,0.00,0.093,0.011,0.003,SHIFT,0.7328,0.2012,0.0145,1,5.89,0.190,0.357,0.578,SHIFT
86.985,6412,placemove,0.9771,0.0255,0.2896,0.0073,-0.5488,-0.0196,0.1759,-0.0293,-0.0195,-0.3326,0.5818,-0.4055,1.000,0.000,0.0000,0.0000,1.2502,-0.2424,0.2205,0,0.00,0.150,0.437,0.009,SHIFT,1.2568,0.3048,0.2234,0,0.00,0.141,0.126,0.051,SHIFT,1.0644,-0.3178,0.1849,1,32.79,2.940,2.348,2.940,SHIFT,1.0889,0.3685,0.1914,0,0.00,0.159,0.088,0.016,SHIFT,0.7658,-0.1807,0.1136,0,0.00,0.061,0.198,0.035,SHIFT,0.7331,0.2012,0.0144,1,13.65,2.819,2.149,0.052,SHIFT
87.023,6416,placemove,0.9806,0.0260,0.2889,0.0019,-0.5438,-0.0180,0.2274,0.0335,-0.0711,-0.2749,0.3884,-0.0813,1.000,0.000,0.0000,0.0000,1.2503,-0.2430,0.2194,0,0.00,0.034,0.020,0.008,SHIFT,1.2585,0.3042,0.2201,0,0.00,0.061,0.153,0.031,SHIFT,1.0643,-0.3180,0.1848,1,2.53,0.599,0.040,0.810,SHIFT,1.0918,0.3682,0.1867,0,0.00,0.085,0.031,0.003,SHIFT,0.7728,-0.1788,0.1062,0,0.00,0.043,0.016,0.000,SHIFT,0.7333,0.2012,0.0143,1,3.92,0.590,0.114,0.516,SHIFT
87.077,6420,placemove,0.9838,0.0261,0.2874,0.0008,-0.5404,-0.0164,0.1784,-0.0095,-0.1521,0.0156,0.1560,0.0940,1.000,0.000,0.0000,0.0000,1.2502,-0.2430,0.2187,0,0.00,0.078,0.111,0.029,SHIFT,1.2584,0.3042,0.2187,0,0.00,0.077,0.096,0.031,SHIFT,1.0625,-0.3176,0.1874,0,0.00,0.089,0.129,0.059,SHIFT,1.0906,0.3681,0.1875,0,0.00,0.092,0.135,0.079,SHIFT,0.7817,-0.1762,0.0978,0,0.00,0.056,0.098,0.006,SHIFT,0.7315,0.2011,0.0165,0,0.00,0.035,0.121,0.061,SHIFT
87.121,6424,placemove,0.9867,0.0259,0.2839,0.0028,-0.5359,-0.0157,0.1961,-0.0316,-0.2254,0.2574,0.7031,0.0479,1.000,0.000,0.0000,0.0000,1.2507,-0.2426,0.2144,0,0.00,0.122,0.047,0.012,SHIFT,1.2583,0.3046,0.2152,0,0.00,0.188,0.030,0.011,SHIFT,1.0616,-0.3178,0.1861,0,0.00,0.170,0.094,0.009,SHIFT,1.0890,0.3684,0.1869,0,0.00,0.198,0.034,0.009,SHIFT,0.7905,-0.1738,0.0867,0,0.00,0.139,0.061,0.020,SHIFT,0.7312,0.2010,0.0145,1,14.06,0.423,1.108,2.940,SHIFT
87.175,6428,placemove,0.9883,0.0259,0.2843,0.0023,-0.5341,-0.0156,0.0810,-0.0154,0.0529,-0.0430,-0.0543,-0.0640,1.000,0.000,0.0000,0.0000,1.2510,-0.2426,0.2117,0,0.00,0.146,0.059,0.019,SHIFT,1.2586,0.3046,0.2127,0,0.00,0.186,0.026,0.004,SHIFT,1.0612,-0.3178,0.1849,0,0.00,0.190,0.019,0.007,SHIFT,1.0889,0.3685,0.1856,0,0.00,0.185,0.078,0.025,SHIFT,0.7972,-0.1718,0.0787,0,0.00,0.153,0.092,0.017,SHIFT,0.7305,0.2011,0.0144,1,12.84,0.544,1.265,2.940,SHIFT
87.241,6432,placemove,0.9903,0.0251,0.2851,0.0016,-0.5327,-0.0170,0.0721,-0.0238,0.0586,-0.0790,0.2554,0.0658,1.000,0.000,0.0000,0.0000,1.2506,-0.2440,0.2115,0,0.00,0.177,0.081,0.028,SHIFT,1.2595,0.3032,0.2124,0,0.00,0.273,0.170,0.011,SHIFT,1.0606,-0.3187,0.1850,1,21.26,0.867,2.181,2.940,SHIFT,1.0900,0.3675,0.1852,1,14.78,2.390,2.940,1.219,SHIFT,0.8052,-0.1694,0.0717,0,0.00,0.137,0.050,0.018,SHIFT,0.7309,0.2010,0.0143,0,0.00,0.170,0.260,0.066,SHIFT
87.288,6436,placemove,0.9922,0.0248,0.2859,0.0018,-0.5326,-0.0174,0.1361,-0.0393,0.0146,0.0008,0.1336,-0.0763,1.000,0.000,0.0000,0.0000,1.2503,-0.2444,0.2117,0,0.00,0.080,0.045,0.006,SHIFT,1.2595,0.3028,0.2127,0,0.00,0.055,0.037,0.007,SHIFT,1.0601,-0.3190,0.1855,0,0.00,0.096,0.045,0.008,SHIFT,1.0901,0.3672,0.1854,0,0.00,0.071,0.028,0.006,SHIFT,0.8139,-0.1665,0.0652,0,0.00,0.070,0.088,0.010,SHIFT,0.7309,0.2010,0.0144,1,0.53,0.138,0.203,0.095,SHIFT
87.344,6440,placemove,0.9949,0.0242,0.2858,0.0017,-0.5285,-0.0184,0.1340,-0.0001,0.0188,-0.0105,0.2549,0.0430,1.000,0.000,0.0000,0.0000,1.2500,-0.2455,0.2103,0,0.00,0.026,0.016,0.014,SHIFT,1.2603,0.3016,0.2115,0,0.00,0.005,0.015,0.011,SHIFT,1.0595,-0.3197,0.1848,1,9.04,0.982,1.730,0.632,SHIFT,1.0910,0.3664,0.1849,1,7.78,0.979,1.920,0.130,SHIFT,0.8230,-0.1631,0.0588,0,0.00,0.008,0.015,0.011,SHIFT,0.7312,0.2009,0.0144,0,0.00,0.027,0.140,0.037,SHIFT
87.365,6444,placemove,0.9972,0.0241,0.2862,0.0014,-0.5260,-0.0174,0.1231,-0.0022,0.0252,-0.0088,0.1954,0.0346,1.000,0.000,0.0000,0.0000,1.2501,-0.2455,0.2097,0,0.00,0.023,0.017,0.014,SHIFT,1.2604,0.3016,0.2110,0,0.00,0.006,0.020,0.010,SHIFT,1.0595,-0.3197,0.1847,1,5.48,1.120,1.491,0.116,SHIFT,1.0910,0.3664,0.1849,1,3.54,1.169,1.682,0.528,SHIFT,0.8293,-0.1608,0.0547,0,0.00,0.006,0.178,0.012,SHIFT,0.7313,0.2009,0.0146,0,0.00,0.029,0.152,0.051,SHIFT
87.400,6448,placemove,0.9990,0.0240,0.2864,0.0011,-0.5236,-0.0166,0.0388,0.0010,-0.0111,-0.0135,0.0911,0.0277,1.000,0.000,0.0000,0.0000,1.2503,-0.2456,0.2092,0,0.00,0.006,0.042,0.007,STANCE,1.2606,0.3016,0.2105,0,0.00,0.013,0.044,0.006,STANCE,1.0596,-0.3198,0.1847,1,5.84,0.307,1.477,0.190,STANCE,1.0911,0.3664,0.1849,1,5.90,0.282,1.465,0.159,STANCE,0.8306,-0.1607,0.0530,0,0.00,0.000,0.075,0.005,STANCE,0.7304,0.2008,0.0174,0,0.00,0.008,0.162,0.083,SWING
87.436,6452,placemove,0.9993,0.0240,0.2852,0.0009,-0.5227,-0.0160,0.0230,0.0002,-0.1553,0.0002,0.0610,0.0288,1.000,0.000,0.0000,0.0000,1.2498,-0.2455,0.2089,0,0.00,0.009,0.046,0.016,STANCE,1.2601,0.3016,0.2104,0,0.00,0.003,0.044,0.017,STANCE,1.0574,-0.3189,0.1877,0,0.00,0.005,0.097,0.103,STANCE,1.0887,0.3659,0.1879,0,0.00,0.001,0.103,0.103,STANCE,0.8312,-0.1606,0.0511,0,0.00,0.005,0.012,0.001,STANCE,0.7270,0.1997,0.0278,0,0.00,0.007,0.081,0.106,SWING
87.473,6456,placemove,0.9996,0.0241,0.2813,0.0007,-0.5220,-0.0155,0.0100,0.0012,-0.2969,-0.0129,-0.0013,0.0188,1.000,0.000,0.0000,0.0000,1.2497,-0.2455,0.2056,0,0.00,0.010,0.007,0.001,STANCE,1.2600,0.3017,0.2070,0,0.00,0.007,0.014,0.000,STANCE,1.0541,-0.3195,0.1900,0,0.00,0.003,0.005,0.013,STANCE,1.0855,0.3663,0.1903,0,0.00,0.002,0.017,0.013,STANCE,0.8322,-0.1606,0.0461,0,0.00,0.004,0.056,0.006,STANCE,0.7247,0.1982,0.0358,0,0.00,0.005,0.150,0.031,SWING
87.503,6460,placemove,0.9996,0.0241,0.2763,-0.0002,-0.5273,-0.0151,-0.0539,0.0004,-0.1247,-0.0319,-0.8022,0.0193,1.000,0.000,0.0000,0.0000,1.2501,-0.2456,0.2012,0,0.00,0.099,0.231,0.006,STANCE,1.2606,0.3015,0.2024,0,0.00,0.099,0.295,0.010,STANCE,1.0548,-0.3197,0.1848,1,30.86,2.511,2.940,2.940,STANCE,1.0863,0.3664,0.1848,1,31.04,2.611,2.940,2.940,STANCE,0.8344,-0.1607,0.0380,0,0.00,0.047,0.204,0.024,STANCE,0.7089,0.2016,0.0398,0,0.00,0.033,0.232,0.102,SWING
87.534,6464,placemove,0.9977,0.0242,0.2754,-0.0008,-0.5426,-0.0146,-0.1569,0.0078,0.0156,-0.0483,-0.9974,0.0133,1.000,0.000,0.0000,0.0000,1.2507,-0.2456,0.2022,0,0.00,0.053,0.104,0.020,STANCE,1.2611,0.3016,0.2031,0,0.00,0.037,0.120,0.028,STANCE,1.0545,-0.3197,0.1845,1,1.73,0.675,0.080,0.038,STANCE,1.0861,0.3664,0.1845,1,0.59,0.318,0.140,0.037,STANCE,0.8387,-0.1609,0.0307,0,0.00,0.020,0.103,0.010,STANCE,0.6983,0.2053,0.0464,0,0.00,0.286,0.035,0.053,SWING
87.556,6468,placemove,0.9947,0.0243,0.2756,-0.0014,-0.5618,-0.0142,-0.1849,0.0086,-0.0222,-0.0484,-1.3180,-0.0043,1.000,0.000,0.0000,0.0000,1.2501,-0.2455,0.2056,0,0.00,0.027,0.064,0.015,STANCE,1.2605,0.3016,0.2063,0,0.00,0.038,0.085,0.023,STANCE,1.0542,-0.3197,0.1844,1,1.15,0.632,0.020,0.183,STANCE,1.0858,0.3664,0.1845,0,0.00,0.038,0.061,0.012,STANCE,0.8427,-0.1610,0.0244,0,0.00,0.004,0.090,0.010,STANCE,0.7028,0.2140,0.0547,0,0.00,0.614,0.067,0.116,SWING
87.623,6472,placemove,0.9914,0.0244,0.2747,-0.0024,-0.5867,-0.0137,-0.2006,0.0089,-0.0871,-0.0735,-1.6524,-0.0045,1.000,0.000,0.0000,0.0000,1.2492,-0.2455,0.2102,0,0.00,0.028,0.057,0.011,STANCE,1.2595,0.3017,0.2106,0,0.00,0.025,0.059,0.014,STANCE,1.0539,-0.3197,0.1844,1,1.34,0.304,0.175,0.132,STANCE,1.0854,0.3665,0.1845,1,0.80,0.265,0.145,0.201,STANCE,0.8475,-0.1612,0.0172,0,0.00,0.015,0.071,0.008,STANCE,0.7112,0.2277,0.0622,0,0.00,0.085,0.066,0.115,SWING
87.672,6476,placemove,0.9887,0.0249,0.2744,-0.0054,-0.6003,-0.0127,-0.1185,0.0513,-0.0370,-0.0841,-0.6907,0.0522,1.000,0.000,0.0000,0.0000,1.2470,-0.2454,0.2147,0,0.00,0.003,0.072,0.008,STANCE,1.2577,0.3017,0.2137,0,0.00,0.004,0.075,0.010,STANCE,1.0514,-0.3192,0.1869,0,0.00,0.006,0.019,0.001,STANCE,1.0835,0.3664,0.1857,0,0.00,0.016,0.009,0.012,STANCE,0.8489,-0.1611,0.0150,0,0.00,0.003,0.020,0.000,STANCE,0.7194,0.2408,0.0729,0,0.00,0.077,0.090,0.109,SWING
87.711,6480,placemove,0.9865,0.0258,0.2725,-0.0083,-0.6096,-0.0111,-0.1384,0.0548,-0.1716,-0.2032,-0.4736,-0.0445,1.000,0.000,0.0000,0.0000,1.2448,-0.2445,0.2173,0,0.00,0.004,0.007,0.006,STANCE,1.2553,0.3026,0.2151,0,0.00,0.006,0.006,0.006,STANCE,1.0467,-0.3186,0.1920,0,0.00,0.006,0.022,0.010,STANCE,1.0784,0.3673,0.1893,0,0.00,0.007,0.025,0.010,STANCE,0.8458,-0.1611,0.0172,0,0.00,0.007,0.023,0.012,STANCE,0.7278,0.2523,0.0844,0,0.00,0.076,0.100,0.107,SWING
87.741,6484,placemove,0.9847,0.0266,0.2690,-0.0133,-0.6171,-0.0101,-0.0661,0.0153,-0.2044,0.1029,-0.9992,-0.2829,1.000,0.000,0.0000,0.0000,1.2420,-0.2441,0.2184,0,0.00,0.105,0.105,0.027,STANCE,1.2529,0.3030,0.2134,0,0.00,0.183,0.006,0.033,STANCE,1.0450,-0.3183,0.1907,0,0.00,0.117,0.096,0.010,STANCE,1.0775,0.3677,0.1849,1,7.76,1.037,0.236,1.750,STANCE,0.8448,-0.1611,0.0153,0,0.00,0.083,0.051,0.039,STANCE,0.7368,0.2620,0.0947,0,0.00,0.128,0.136,0.109,SWING
87.800,6488,placemove,0.9832,0.0265,0.2648,-0.0067,-0.6335,-0.0172,-0.1273,-0.0283,-0.2104,0.2233,-1.1846,-0.0190,1.000,0.000,0.0000,0.0000,1.2398,-0.2446,0.2182,0,0.00,0.397,0.460,0.022,STANCE,1.2525,0.3025,0.2158,0,0.00,0.036,0.137,0.000,STANCE,1.0445,-0.3181,0.1850,1,40.46,2.940,2.940,2.940,STANCE,1.0773,0.3678,0.1849,1,23.37,1.456,2.126,2.581,STANCE,0.8408,-0.1588,0.0176,0,0.00,0.311,0.192,0.077,STANCE,0.7447,0.2648,0.1009,0,0.00,0.146,0.018,0.130,SWING
87.837,6492,placemove,0.9793,0.0267,0.2663,-0.0098,-0.6495,-0.0162,-0.2645,0.0469,0.1864,-0.3282,-0.6205,-0.2597,1.000,0.000,0.0000,0.0000,1.2387,-0.2450,0.2209,0,0.00,0.023,0.121,0.035,STANCE,1.2519,0.3021,0.2180,0,0.00,0.135,0.130,0.005,STANCE,1.0441,-0.3182,0.1844,0,0.00,0.088,0.354,0.054,STANCE,1.0770,0.3677,0.1845,1,6.93,2.615,0.995,1.557,STANCE,0.8408,-0.1598,0.0150,1,26.30,1.992,0.931,2.596,STANCE,0.7579,0.2593,0.0898,0,0.00,0.290,0.106,0.089,SWING
87.899,6496,placemove,0.9754,0.0278,0.2683,-0.0163,-0.6619,-0.0145,-0.2230,0.0687,0.0534,-0.3112,-0.7824,-0.0847,1.000,0.000,0.0000,0.0000,1.2354,-0.2450,0.2265,0,0.00,0.001,0.017,0.009,SHIFT,1.2503,0.3021,0.2210,0,0.00,0.003,0.005,0.011,SHIFT,1.0415,-0.3180,0.1874,0,0.00,0.002,0.037,0.006,SHIFT,1.0760,0.3679,0.1849,0,0.00,0.002,0.005,0.006,SHIFT,0.8405,-0.1597,0.0149,0,0.00,0.002,0.016,0.007,SHIFT,0.7721,0.2532,0.0806,0,0.00,0.004,0.089,0.104,SWING
87.938,6500,placemove,0.9720,0.0290,0.2680,-0.0242,-0.6756,-0.0120,-0.1650,0.0755,0.0169,-0.4497,-0.6737,-0.2012,1.000,0.000,0.0000,0.0000,1.2305,-0.2446,0.2311,0,0.00,0.258,0.006,0.005,SHIFT,1.2467,0.3024,0.2225,0,0.00,0.282,0.219,0.022,SHIFT,1.0383,-0.3175,0.1882,0,0.00,0.281,0.050,0.002,SHIFT,1.0725,0.3684,0.1850,1,17.49,2.940,1.803,0.339,SHIFT,0.8383,-0.1597,0.0147,1,23.86,2.940,0.166,2.940,SHIFT,0.7863,0.2451,0.0708,0,0.00,0.154,0.058,0.118,SHIFT
87.998,6504,placemove,0.9709,0.0303,0.2699,-0.0330,-0.6917,-0.0128,-0.0486,0.0723,0.1135,-0.3557,-0.8798,-0.3496,1.000,0.000,0.0000,0.0000,1.2267,-0.2449,0.2377,0,0.00,0.083,0.045,0.006,SHIFT,1.2461,0.3018,0.2252,0,0.00,0.040,0.013,0.003,SHIFT,1.0362,-0.3172,0.1905,0,0.00,0.099,0.052,0.009,SHIFT,1.0726,0.3686,0.1848,0,0.48,0.239,0.161,0.015,SHIFT,0.8383,-0.1595,0.0144,0,0.26,0.065,0.154,0.049,SHIFT,0.8004,0.2393,0.0629,0,0.00,0.035,0.049,0.010,SHIFT
88.029,6508,placemove,0.9702,0.0312,0.2716,-0.0390,-0.7032,-0.0129,-0.0344,0.0475,0.0882,-0.2299,-0.5437,-0.1775,1.000,0.000,0.0000,0.0000,1.2237,-0.2451,0.2428,0,0.00,0.083,0.056,0.007,SHIFT,1.2455,0.3015,0.2277,0,0.00,0.040,0.013,0.004,SHIFT,1.0351,-0.3170,0.1918,0,0.00,0.102,0.057,0.009,SHIFT,1.0725,0.3688,0.1847,1,1.72,0.143,0.616,0.481,SHIFT,0.8382,-0.1594,0.0143,1,1.15,0.291,0.490,0.228,SHIFT,0.8097,0.2373,0.0542,0,0.00,0.050,0.042,0.011,SHIFT
88.067,6512,placemove,0.9701,0.0318,0.2732,-0.0431,-0.7112,-0.0128,0.0007,0.0353,0.0834,-0.1505,-0.3594,-0.1110,1.000,0.000,0.0000,0.0000,1.2216,-0.2452,0.2462,0,0.00,0.082,0.047,0.005,SHIFT,1.2448,0.3013,0.2294,0,0.00,0.046,0.015,0.005,SHIFT,1.0348,-0.3168,0.1921,0,0.00,0.100,0.063,0.010,SHIFT,1.0724,0.3689,0.1846,1,1.63,0.165,0.568,0.456,SHIFT,0.8383,-0.1593,0.0143,1,1.11,0.291,0.461,0.213,SHIFT,0.8182,0.2353,0.0462,0,0.00,0.053,0.049,0.011,SHIFT
88.089,6516,placemove,0.9705,0.0323,0.2747,-0.0456,-0.7163,-0.0128,0.0334,0.0228,0.0783,-0.0776,-0.1958,-0.0590,1.000,0.000,0.0000,0.0000,1.2203,-0.2451,0.2484,0,0.00,0.082,0.042,0.004,SHIFT,1.2444,0.3013,0.2304,0,0.00,0.050,0.016,0.005,SHIFT,1.0352,-0.3168,0.1917,0,0.00,0.098,0.066,0.010,SHIFT,1.0723,0.3691,0.1846,1,1.57,0.181,0.545,0.450,SHIFT,0.8383,-0.1592,0.0142,1,1.07,0.290,0.438,0.198,SHIFT,0.8269,0.2330,0.0391,0,0.00,0.056,0.053,0.012,SHIFT
88.130,6520,placemove,0.9714,0.0325,0.2761,-0.0467,-0.7188,-0.0129,0.0639,0.0108,0.0736,-0.0105,-0.0547,-0.0182,1.000,0.000,0.0000,0.0000,1.2197,-0.2450,0.2495,0,0.00,0.075,0.030,0.002,SHIFT,1.2442,0.3014,0.2309,0,0.00,0.073,0.016,0.005,SHIFT,1.0363,-0.3168,0.1905,0,0.00,0.088,0.072,0.011,SHIFT,1.0723,0.3692,0.1845,1,1.90,0.401,0.600,0.556,SHIFT,0.8384,-0.1592,0.0141,1,1.22,0.395,0.477,0.217,SHIFT,0.8357,0.2301,0.0330,0,0.00,0.073,0.062,0.013,SHIFT
88.151,6524,placemove,0.9727,0.0326,0.2775,-0.0465,-0.7192,-0.0131,0.0870,0.0020,0.0694,0.0382,0.0498,0.0175,1.000,0.000,0.0000,0.0000,1.2197,-0.2449,0.2497,0,0.00,0.079,0.027,0.002,SHIFT,1.2442,0.3015,0.2310,0,0.00,0.076,0.020,0.006,SHIFT,1.0379,-0.3168,0.1888,0,0.00,0.088,0.073,0.011,SHIFT,1.0723,0.3693,0.1845,1,2.02,0.465,0.719,0.718,SHIFT,0.8386,-0.1591,0.0140,1,1.38,0.459,0.563,0.254,SHIFT,0.8447,0.2269,0.0278,0,0.00,0.078,0.065,0.014,SHIFT
88.201,6528,placemove,0.9744,0.0325,0.2788,-0.0457,-0.7185,-0.0133,0.0985,-0.0032,0.0661,0.0558,0.1107,0.0420,1.000,0.000,0.0000,0.0000,1.2200,-0.2448,0.2494,0,0.00,0.087,0.037,0.003,SHIFT,1.2442,0.3016,0.2309,0,0.00,0.040,0.013,0.006,SHIFT,1.0398,-0.3169,0.1868,0,0.00,0.101,0.071,0.011,SHIFT,1.0723,0.3693,0.1845,0,1.07,0.055,0.487,0.397,SHIFT,0.8387,-0.1591,0.0140,1,0.97,0.234,0.417,0.184,SHIFT,0.8540,0.2233,0.0232,0,0.00,0.043,0.056,0.013,SHIFT
88.255,6532,placemove,0.9759,0.0326,0.2801,-0.0455,-0.7169,-0.0139,0.0708,0.0163,0.0568,-0.0453,0.0502,-0.0995,1.000,0.000,0.0000,0.0000,1.2201,-0.2448,0.2489,0,0.00,0.062,0.013,0.009,SHIFT,1.2443,0.3017,0.2306,0,0.00,0.133,0.032,0.004,SHIFT,1.0413,-0.3170,0.1849,0,0.01,0.051,0.002,0.014,SHIFT,1.0722,0.3694,0.1845,0,0.65,0.249,0.012,0.086,SHIFT,0.8384,-0.1590,0.0142,0,0.00,0.013,0.069,0.006,SHIFT,0.8635,0.2194,0.0192,0,0.00,0.104,0.130,0.007,SHIFT
88.339,6536,placemove,0.9773,0.0328,0.2794,-0.0461,-0.7202,-0.0149,0.0660,0.0060,-0.0692,0.2825,0.5273,-0.0101,1.000,0.000,0.0000,0.0000,1.2192,-0.2449,0.2493,0,0.00,0.109,0.425,0.041,SHIFT,1.2443,0.3015,0.2303,0,0.00,0.097,0.065,0.009,SHIFT,1.0378,-0.3166,0.1876,0,0.00,0.022,0.194,0.040,SHIFT,1.0696,0.3696,0.1867,0,0.00,0.282,0.335,0.004,SHIFT,0.8357,-0.1586,0.0161,0,0.00,0.034,0.312,0.012,SHIFT,0.8696,0.2176,0.0147,1,26.40,1.305,1.016,2.940,SHIFT
88.391,6540,placemove,0.9792,0.0322,0.2786,-0.0435,-0.7180,-0.0184,0.1454,-0.0437,-0.0622,0.2312,0.0274,0.1522,1.000,0.000,0.0000,0.0000,1.2176,-0.2460,0.2487,0,0.00,0.018,0.046,0.054,SWING,1.2450,0.3006,0.2290,0,0.00,0.070,0.021,0.010,STANCE,1.0369,-0.3170,0.1855,0,0.00,0.048,0.317,0.005,STANCE,1.0712,0.3691,0.1850,1,1.20,0.290,0.384,0.067,STANCE,0.8347,-0.1580,0.0151,0,0.00,0.049,0.214,0.007,STANCE,0.8693,0.2177,0.0151,0,0.00,0.041,0.200,0.010,STANCE
88.477,6544,placemove,0.9800,0.0318,0.2780,-0.0404,-0.7147,-0.0177,0.0063,0.0072,-0.0152,-0.1040,0.2243,-0.0291,1.000,0.000,0.0000,0.0000,1.2125,-0.2477,0.2557,0,0.00,0.061,0.180,0.098,SWING,1.2453,0.3008,0.2282,0,0.00,0.026,0.089,0.006,STANCE,1.0368,-0.3169,0.1852,0,0.00,0.095,0.027,0.002,STANCE,1.0711,0.3691,0.1852,0,0.00,0.059,0.242,0.001,STANCE,0.8344,-0.1579,0.0150,1,17.64,0.122,0.627,2.940,STANCE,0.8679,0.2182,0.0163,0,0.00,0.062,0.104,0.007,STANCE
88.553,6548,placemove,0.9804,0.0319,0.2783,-0.0408,-0.7080,-0.0163,-0.0052,-0.0037,0.0717,-0.0142,0.5067,-0.1208,1.000,0.000,0.0000,0.0000,1.2061,-0.2486,0.2637,0,0.00,0.133,0.409,0.093,SWING,1.2459,0.3012,0.2259,0,0.00,0.082,0.029,0.022,STANCE,1.0368,-0.3167,0.1850,1,19.86,0.987,2.867,2.472,STANCE,1.0705,0.3694,0.1850,1,13.24,0.251,2.929,0.058,STANCE,0.8344,-0.1579,0.0148,0,0.00,0.162,0.285,0.013,STANCE,0.8686,0.2181,0.0149,0,0.00,0.132,0.082,0.014,STANCE
88.594,6552,placemove,0.9801,0.0320,0.2789,-0.0415,-0.7063,-0.0162,-0.0062,0.0036,-0.0005,-0.0204,0.0010,0.0130,1.000,0.000,0.0000,0.0000,1.1984,-0.2493,0.2730,0,0.00,0.034,0.114,0.099,SWING,1.2462,0.3009,0.2253,0,0.00,0.066,0.003,0.003,STANCE,1.0366,-0.3167,0.1849,1,3.45,0.734,0.386,0.728,STANCE,1.0708,0.3692,0.1849,1,2.50,1.224,0.658,0.414,STANCE,0.8338,-0.1578,0.0152,0,0.00,0.027,0.077,0.006,STANCE,0.8684,0.2182,0.0150,1,5.15,0.499,0.571,0.461,STANCE
88.649,6556,placemove,0.9803,0.0320,0.2789,-0.0421,-0.7047,-0.0158,0.0127,0.0021,0.0010,-0.0159,0.0598,0.0320,1.000,0.000,0.0000,0.0000,1.1933,-0.2482,0.2837,0,0.00,0.554,0.140,0.104,SWING,1.2463,0.3008,0.2249,0,0.00,0.044,0.035,0.001,STANCE,1.0364,-0.3168,0.1849,1,3.50,0.335,0.070,0.697,STANCE,1.0708,0.3692,0.1848,1,5.79,0.777,0.040,1.044,STANCE,0.8340,-0.1578,0.0148,1,0.90,0.263,0.417,0.088,STANCE,0.8682,0.2182,0.0152,0,0.00,0.017,0.004,0.008,STANCE
88.722,6560,placemove,0.9803,0.0320,0.2793,-0.0419,-0.7024,-0.0151,0.0115,-0.0016,0.0026,-0.0014,0.0840,0.0135,1.000,0.000,0.0000,0.0000,1.1953,-0.2426,0.2999,0,0.00,0.130,0.120,0.103,SWING,1.2462,0.3010,0.2246,0,0.00,0.054,0.004,0.001,STANCE,1.0366,-0.3167,0.1848,1,3.59,0.777,0.056,0.280,STANCE,1.0706,0.3693,0.1849,1,1.67,0.958,0.345,0.113,STANCE,0.8338,-0.1578,0.0151,0,0.00,0.022,0.016,0.005,STANCE,0.8684,0.2182,0.0149,1,4.38,0.202,0.517,0.383,STANCE
88.768,6564,placemove,0.9807,0.0321,0.2791,-0.0428,-0.7005,-0.0151,0.0325,0.0039,-0.0105,-0.0263,0.1694,-0.0184,1.000,0.000,0.0000,0.0000,1.1976,-0.2355,0.3160,0,0.00,0.130,0.097,0.104,SWING,1.2465,0.3008,0.2241,0,0.00,0.042,0.046,0.000,STANCE,1.0361,-0.3167,0.1851,0,0.00,0.049,0.029,0.009,STANCE,1.0706,0.3693,0.1848,1,5.56,0.786,0.634,0.012,STANCE,0.8339,-0.1578,0.0149,1,5.60,0.847,0.233,0.561,STANCE,0.8681,0.2182,0.0151,0,0.00,0.009,0.012,0.014,STANCE
88.841,6568,placemove,0.9810,0.0320,0.2791,-0.0425,-0.6982,-0.0145,0.0040,0.0054,0.0285,0.0420,0.2243,0.0915,1.000,0.000,0.0000,0.0000,1.2024,-0.2320,0.3324,0,0.00,0.195,0.058,0.025,SWING,1.2467,0.3009,0.2234,0,0.00,0.014,0.057,0.008,STANCE,1.0364,-0.3167,0.1849,1,9.79,1.822,1.386,0.623,STANCE,1.0707,0.3693,0.1847,0,0.00,0.056,0.104,0.011,STANCE,0.8340,-0.1578,0.0148,0,0.00,0.046,0.121,0.006,STANCE,0.8682,0.2182,0.0150,1,12.58,1.783,1.273,0.783,STANCE
88.872,6572,placemove,0.9813,0.0320,0.2791,-0.0423,-0.6967,-0.0144,0.0159,-0.0034,-0.0109,0.0049,0.0428,-0.0039,1.000,0.000,0.0000,0.0000,1.2129,-0.2384,0.3536,0,0.00,0.142,0.141,0.096,SWING,1.2467,0.3010,0.2231,0,0.00,0.035,0.029,0.000,STANCE,1.0366,-0.3167,0.1848,1,6.63,0.988,0.633,0.222,STANCE,1.0706,0.3693,0.1847,1,4.79,1.038,0.122,0.370,STANCE,0.8339,-0.1579,0.0151,0,0.00,0.020,0.019,0.007,STANCE,0.8683,0.2182,0.0149,1,1.78,0.047,0.868,0.238,STANCE
88.929,6576,placemove,0.9819,0.0320,0.2788,-0.0425,-0.6946,-0.0145,0.0315,-0.0018,-0.0131,0.0030,0.0962,0.0217,1.000,0.000,0.0000,0.0000,1.2226,-0.2418,0.3767,0,0.00,0.121,0.077,0.041,SWING,1.2471,0.3009,0.2225,0,0.00,0.037,0.041,0.002,STANCE,1.0365,-0.3167,0.1849,1,6.38,0.768,0.623,0.236,STANCE,1.0707,0.3693,0.1847,1,6.63,0.481,0.680,0.633,STANCE,0.8340,-0.1579,0.0149,1,1.18,0.415,0.460,0.038,STANCE,0.8680,0.2182,0.0152,0,0.00,0.016,0.012,0.011,STANCE
88.973,6580,placemove,0.9818,0.0321,0.2791,-0.0428,-0.6935,-0.0139,-0.0083,0.0135,0.0080,-0.0388,-0.0142,0.0068,1.000,0.000,0.0000,0.0000,1.2320,-0.2425,0.3922,0,0.00,0.170,0.061,0.100,SWING,1.2470,0.3011,0.2222,0,0.00,0.041,0.008,0.002,STANCE,1.0366,-0.3166,0.1850,0,0.00,0.025,0.015,0.001,STANCE,1.0705,0.3695,0.1847,0,0.00,0.045,0.004,0.000,STANCE,0.8339,-0.1579,0.0152,0,0.00,0.017,0.004,0.002,STANCE,0.8683,0.2181,0.0147,1,5.44,0.358,0.342,0.925,STANCE
89.036,6584,placemove,0.9820,0.0320,0.2788,-0.0431,-0.6919,-0.0151,0.0317,0.0010,-0.0084,-0.0172,0.1544,-0.0376,1.000,0.000,0.0000,0.0000,1.2415,-0.2454,0.3854,0,0.00,0.053,0.098,0.100,SWING,1.2473,0.3006,0.2218,0,0.00,0.033,0.052,0.005,STANCE,1.0358,-0.3167,0.1852,0,0.00,0.076,0.023,0.010,STANCE,1.0707,0.3693,0.1847,1,5.57,1.061,1.093,0.765,STANCE,0.8339,-0.1578,0.0148,1,7.30,1.220,0.318,0.696,STANCE,0.8681,0.2182,0.0149,0,0.00,0.019,0.017,0.011,STANCE
89.061,6588,placemove,0.9825,0.0319,0.2785,-0.0429,-0.6902,-0.0150,0.0064,0.0004,-0.0089,-0.0097,0.0170,0.0059,1.000,0.000,0.0000,0.0000,1.2509,-0.2481,0.3771,0,0.00,0.027,0.053,0.105,SWING,1.2476,0.3006,0.2212,0,0.00,0.038,0.037,0.000,SHIFT,1.0359,-0.3167,0.1850,1,3.11,0.022,0.394,0.297,SHIFT,1.0708,0.3693,0.1846,1,6.50,0.771,1.101,0.308,SHIFT,0.8339,-0.1578,0.0147,1,4.23,0.785,0.317,0.289,SHIFT,0.8679,0.2182,0.0151,0,0.00,0.020,0.013,0.009,SHIFT
89.139,6592,placemove,0.9834,0.0319,0.2796,-0.0426,-0.6907,-0.0144,0.0801,-0.0014,0.0573,0.0088,-0.0167,0.0351,1.000,0.000,0.0000,0.0000,1.2595,-0.2508,0.3697,0,0.00,0.089,0.142,0.090,SHIFT,1.2473,0.3008,0.2213,0,0.00,0.057,0.012,0.001,SHIFT,1.0360,-0.3166,0.1849,0,0.00,0.131,0.030,0.021,SHIFT,1.0704,0.3693,0.1848,0,0.00,0.081,0.001,0.002,SHIFT,0.8339,-0.1578,0.0146,1,1.95,0.304,0.201,0.485,SHIFT,0.8681,0.2182,0.0148,1,1.60,0.387,0.124,0.406,SHIFT
89.188,6596,placemove,0.9851,0.0319,0.2807,-0.0426,-0.6908,-0.0143,0.0929,0.0040,0.0614,0.0017,0.0331,0.0149,1.000,0.000,0.0000,0.0000,1.2683,-0.2534,0.3619,0,0.00,0.054,0.139,0.090,SHIFT,1.2474,0.3008,0.2214,0,0.00,0.081,0.013,0.000,SHIFT,1.0362,-0.3166,0.1849,0,0.08,0.094,0.001,0.008,SHIFT,1.0705,0.3694,0.1848,0,0.18,0.158,0.059,0.003,SHIFT,0.8341,-0.1578,0.0146,1,1.40,0.357,0.001,0.288,SHIFT,0.8682,0.2182,0.0147,0,0.43,0.218,0.129,0.168,SHIFT
89.327,6600,placemove,0.9865,0.0320,0.2820,-0.0431,-0.6912,-0.0140,0.0017,0.0305,0.1053,-0.1840,-0.1896,-0.1539,1.000,0.000,0.0000,0.0000,1.2767,-0.2552,0.3537,1,25.86,1.401,2.940,2.940,SHIFT,1.2475,0.3009,0.2213,0,0.00,0.033,0.065,0.016,SHIFT,1.0364,-0.3166,0.1849,0,0.00,0.072,0.308,0.000,SHIFT,1.0705,0.3694,0.1847,1,2.94,0.645,1.428,0.375,SHIFT,0.8343,-0.1578,0.0145,0,0.00,0.103,0.143,0.009,SHIFT,0.8683,0.2181,0.0147,1,13.17,0.112,2.082,0.987,SHIFT
89.375,6604,placemove,0.9847,0.0334,0.2841,-0.0553,-0.7082,-0.0131,-0.1202,0.0896,0.0554,-0.6093,-1.2400,-0.4298,1.000,0.000,0.0000,0.0000,1.2775,-0.2561,0.3540,1,0.97,0.176,0.138,0.369,SHIFT,1.2470,0.3001,0.2238,0,0.00,0.095,0.042,0.005,SHIFT,1.0281,-0.3147,0.1951,0,0.00,0.073,0.095,0.098,SHIFT,1.0665,0.3690,0.1894,0,0.00,0.083,0.161,0.071,SHIFT,0.8310,-0.1562,0.0217,0,0.00,0.031,0.153,0.006,SHIFT,0.8671,0.2170,0.0190,0,0.00,0.061,0.130,0.043,SHIFT
89.424,6608,placemove,0.9826,0.0350,0.2836,-0.0642,-0.7208,-0.0126,-0.1320,0.0972,-0.0932,-0.3723,-0.2662,-0.3332,1.000,0.000,0.0000,0.0000,1.2700,-0.2563,0.3618,0,0.00,0.063,0.060,0.111,SHIFT,1.2458,0.2999,0.2241,0,0.00,0.075,0.001,0.001,SHIFT,1.0199,-0.3147,0.2014,0,0.00,0.088,0.023,0.007,SHIFT,1.0638,0.3705,0.1893,0,0.00,0.088,0.011,0.006,SHIFT,0.8235,-0.1562,0.0247,0,0.00,0.047,0.033,0.029,SHIFT,0.8620,0.2188,0.0198,0,0.00,0.052,0.042,0.033,SHIFT
89.454,6612,placemove,0.9805,0.0361,0.2813,-0.0669,-0.7215,-0.0174,-0.1015,-0.0309,-0.1070,0.4158,0.2488,-0.4720,1.000,0.000,0.0000,0.0000,1.2573,-0.2564,0.3690,0,0.00,0.061,0.167,0.072,SHIFT,1.2439,0.2994,0.2199,0,0.00,0.317,0.031,0.009,SHIFT,1.0155,-0.3141,0.1979,0,0.00,0.196,0.092,0.025,SHIFT,1.0626,0.3709,0.1849,1,8.41,2.940,0.270,0.548,SHIFT,0.8195,-0.1552,0.0205,0,0.00,0.164,0.037,0.011,SHIFT,0.8605,0.2198,0.0146,1,14.61,2.940,0.604,2.940,SHIFT
92.954,6616,placemove,0.9800,0.0346,0.2802,-0.0590,-0.7206,-0.0275,0.0131,-0.1305,-0.0396,0.2871,-0.0027,-0.0785,1.000,0.000,0.0000,0.0000,1.2458,-0.2594,0.3731,0,0.00,0.122,0.097,0.092,SHIFT,1.2434,0.2969,0.2190,0,0.00,0.226,0.068,0.007,SHIFT,1.0125,-0.3152,0.1912,0,0.00,0.188,0.060,0.011,SHIFT,1.0623,0.3697,0.1846,1,6.02,2.838,0.888,1.667,SHIFT,0.8173,-0.1538,0.0152,0,0.00,0.112,0.053,0.011,SHIFT,0.8605,0.2198,0.0143,1,12.63,2.940,0.782,2.940,SHIFT
92.984,6620,placemove,0.9814,0.0331,0.2820,-0.0617,-0.7199,-0.0277,0.1151,-0.1009,0.1333,-0.0982,0.0007,-0.0341,1.000,0.000,0.0000,0.0000,1.2401,-0.2573,0.3722,0,0.00,0.113,0.168,0.023,SHIFT,1.2442,0.2943,0.2192,0,0.00,0.135,0.002,0.004,SHIFT,1.0122,-0.3170,0.1892,0,0.00,0.181,0.103,0.019,SHIFT,1.0633,0.3681,0.1848,0,0.00,0.134,0.015,0.007,SHIFT,0.8171,-0.1544,0.0144,0,0.00,0.132,0.015,0.007,SHIFT,0.8607,0.2197,0.0141,1,12.71,0.120,1.303,2.940,SHIFT
93.056,6624,placemove,0.9835,0.0320,0.2855,-0.0623,-0.7055,-0.0290,0.1216,-0.0277,0.2627,-0.4721,1.0344,-0.4953,1.000,0.000,0.0000,0.0000,1.2442,-0.2583,0.3642,0,0.00,0.250,0.537,0.089,SHIFT,1.2477,0.2920,0.2155,0,0.00,0.149,0.206,0.047,SHIFT,1.0149,-0.3184,0.1849,1,10.88,0.390,0.717,2.940,SHIFT,1.0647,0.3668,0.1858,0,0.00,0.102,0.071,0.012,SHIFT,0.8168,-0.1546,0.0146,0,0.00,0.102,0.110,0.010,SHIFT,0.8610,0.2198,0.0141,1,8.69,0.160,1.207,2.012,SHIFT
93.121,6628,placemove,0.9850,0.0319,0.2895,-0.0654,-0.6925,-0.0256,0.0695,0.0088,0.2138,-0.0432,0.6099,0.1561,1.000,0.000,0.0000,0.0000,1.2480,-0.2593,0.3596,0,0.00,0.085,0.154,0.037,SHIFT,1.2494,0.2910,0.2124,0,0.00,0.069,0.081,0.022,SHIFT,1.0152,-0.3191,0.1848,0,0.00,0.103,0.052,0.011,SHIFT,1.0665,0.3662,0.1847,0,0.00,0.070,0.086,0.014,SHIFT,0.8146,-0.1549,0.0174,0,0.00,0.058,0.099,0.007,SHIFT,0.8594,0.2200,0.0160,0,0.00,0.035,0.053,0.005,SHIFT
93.174,6632,placemove,0.9860,0.0320,0.2921,-0.0669,-0.6841,-0.0226,0.0482,-0.0010,0.0947,-0.0280,0.5973,0.0742,1.000,0.000,0.0000,0.0000,1.2511,-0.2595,0.3561,0,0.00,0.013,0.155,0.032,STANCE,1.2479,0.2919,0.2135,0,0.00,0.063,0.043,0.047,SWING,1.0154,-0.3191,0.1849,0,0.47,0.054,0.223,0.173,STANCE,1.0666,0.3662,0.1848,1,0.64,0.237,0.133,0.222,STANCE,0.8146,-0.1549,0.0178,0,0.00,0.000,0.081,0.019,STANCE,0.8588,0.2201,0.0169,0,0.00,0.025,0.080,0.013,STANCE
93.199,6636,placemove,0.9864,0.0320,0.2931,-0.0680,-0.6774,-0.0204,0.0027,0.0010,0.0333,-0.0398,0.1912,0.0660,1.000,0.000,0.0000,0.0000,1.2539,-0.2599,0.3524,0,0.00,0.007,0.173,0.034,STANCE,1.2412,0.2963,0.2215,0,0.00,0.070,0.128,0.104,SWING,1.0155,-0.3191,0.1848,1,3.20,0.335,0.927,0.405,STANCE,1.0667,0.3662,0.1848,1,3.35,0.441,0.833,0.499,STANCE,0.8149,-0.1550,0.0174,0,0.00,0.000,0.069,0.012,STANCE,0.8591,0.2200,0.0165,0,0.00,0.017,0.068,0.009,STANCE
93.259,6640,placemove,0.9861,0.0320,0.2936,-0.0686,-0.6760,-0.0185,-0.0122,-0.0084,0.0497,0.0559,0.2140,0.1245,1.000,0.000,0.0000,0.0000,1.2556,-0.2600,0.3501,0,0.00,0.013,0.203,0.046,STANCE,1.2340,0.3001,0.2304,0,0.00,0.145,0.102,0.111,SWING,1.0155,-0.3191,0.1847,1,3.95,1.249,1.481,1.488,STANCE,1.0665,0.3662,0.1848,0,0.00,0.099,0.004,0.006,STANCE,0.8162,-0.1552,0.0158,0,0.00,0.043,0.064,0.005,STANCE,0.8602,0.2198,0.0149,1,9.32,1.318,0.153,1.181,STANCE
93.305,6644,placemove,0.9862,0.0321,0.2935,-0.0695,-0.6735,-0.0171,0.0297,0.0219,-0.0317,-0.0930,0.1341,0.0538,1.000,0.000,0.0000,0.0000,1.2572,-0.2602,0.3479,0,0.00,0.101,0.093,0.021,STANCE,1.2269,0.3029,0.2390,0,0.00,0.045,0.152,0.094,SWING,1.0151,-0.3190,0.1849,0,0.00,0.088,0.055,0.011,STANCE,1.0660,0.3663,0.1851,0,0.00,0.021,0.011,0.002,STANCE,0.8168,-0.1553,0.0148,1,7.21,0.068,1.003,1.633,STANCE,0.8598,0.2198,0.0151,0,0.00,0.016,0.064,0.008,STANCE
93.388,6648,placemove,0.9870,0.0320,0.2928,-0.0702,-0.6722,-0.0165,0.0472,-0.0092,-0.0336,-0.0018,0.1390,0.0142,1.000,0.000,0.0000,0.0000,1.2588,-0.2603,0.3457,0,0.00,0.012,0.121,0.025,STANCE,1.2233,0.3039,0.2493,0,0.00,0.601,0.120,0.111,SWING,1.0150,-0.3190,0.1850,1,8.11,0.996,0.870,0.401,STANCE,1.0661,0.3663,0.1849,1,4.61,0.210,0.380,0.576,STANCE,0.8167,-0.1553,0.0148,0,0.00,0.016,0.018,0.008,STANCE,0.8599,0.2198,0.0149,1,4.03,0.144,0.325,0.323,STANCE
93.419,6652,placemove,0.9875,0.0319,0.2922,-0.0705,-0.6715,-0.0159,0.0219,-0.0034,-0.0297,-0.0133,0.0096,0.0191,1.000,0.000,0.0000,0.0000,1.2604,-0.2606,0.3436,0,0.00,0.032,0.109,0.020,STANCE,1.2269,0.3010,0.2661,0,0.00,0.152,0.132,0.107,SWING,1.0150,-0.3190,0.1849,1,5.11,0.499,1.035,0.411,STANCE,1.0662,0.3662,0.1848,1,4.46,0.433,0.065,0.740,STANCE,0.8166,-0.1553,0.0149,1,3.06,0.998,1.486,1.190,STANCE,0.8599,0.2198,0.0148,1,4.41,0.199,0.894,0.079,STANCE
93.459,6656,placemove,0.9878,0.0318,0.2918,-0.0708,-0.6714,-0.0155,0.0134,-0.0020,-0.0187,-0.0092,0.0108,0.0133,1.000,0.000,0.0000,0.0000,1.2619,-0.2608,0.3416,0,0.00,0.032,0.112,0.022,STANCE,1.2302,0.2964,0.2834,0,0.00,0.150,0.128,0.107,SWING,1.0150,-0.3190,0.1848,1,4.67,0.219,0.316,0.602,STANCE,1.0662,0.3662,0.1848,1,4.40,0.202,0.136,0.798,STANCE,0.8166,-0.1553,0.0148,1,3.16,0.344,0.107,0.464,STANCE,0.8599,0.2198,0.0148,1,3.15,0.377,0.059,0.377,STANCE
93.481,6660,placemove,0.9880,0.0318,0.2915,-0.0710,-0.6713,-0.0151,0.0074,-0.0012,-0.0113,-0.0065,0.0060,0.0095,1.000,0.000,0.0000,0.0000,1.2634,-0.2610,0.3396,0,0.00,0.033,0.115,0.024,STANCE,1.2328,0.2901,0.3005,0,0.00,0.145,0.125,0.106,SWING,1.0151,-0.3190,0.1847,1,3.91,0.104,0.190,0.617,STANCE,1.0662,0.3662,0.1847,1,3.59,0.050,0.003,0.836,STANCE,0.8166,-0.1553,0.0148,1,3.42,0.361,0.182,0.547,STANCE,0.8599,0.2198,0.0147,1,3.34,0.439,0.140,0.458,STANCE
93.542,6664,placemove,0.9881,0.0318,0.2914,-0.0712,-0.6714,-0.0148,-0.0085,0.0064,0.0018,-0.0382,-0.0588,-0.0108,1.000,0.000,0.0000,0.0000,1.2649,-0.2612,0.3377,1,3.94,0.575,1.994,0.332,STANCE,1.2407,0.2937,0.3199,0,0.00,0.131,0.084,0.034,SWING,1.0151,-0.3190,0.1847,0,0.00,0.038,0.073,0.002,STANCE,1.0662,0.3662,0.1847,1,0.54,0.080,0.074,0.227,STANCE,0.8166,-0.1553,0.0148,1,1.42,0.586,0.148,0.395,STANCE,0.8599,0.2198,0.0147,1,7.03,0.021,1.480,0.053,STANCE
93.604,6668,placemove,0.9872,0.0321,0.2918,-0.0730,-0.6741,-0.0143,-0.0614,0.0128,0.0234,-0.0372,-0.2082,0.0019,1.000,0.000,0.0000,0.0000,1.2653,-0.2612,0.3373,1,0.94,0.659,0.232,0.052,STANCE,1.2484,0.2971,0.3420,0,0.00,0.174,0.075,0.060,SWING,1.0142,-0.3189,0.1856,0,0.00,0.057,0.054,0.003,STANCE,1.0659,0.3663,0.1848,0,0.00,0.055,0.055,0.000,STANCE,0.8163,-0.1552,0.0150,1,1.65,0.560,0.616,0.484,STANCE,0.8599,0.2198,0.0145,1,7.36,0.003,0.195,0.992,STANCE
93.656,6672,placemove,0.9857,0.0323,0.2926,-0.0734,-0.6786,-0.0137,-0.1060,0.0154,0.0737,-0.0147,-0.2932,0.0442,1.000,0.000,0.0000,0.0000,1.2654,-0.2612,0.3373,0,0.14,0.167,0.178,0.060,STANCE,1.2587,0.2981,0.3615,0,0.00,0.129,0.010,0.102,SWING,1.0139,-0.3188,0.1860,0,0.00,0.084,0.084,0.006,STANCE,1.0650,0.3665,0.1856,0,0.00,0.038,0.056,0.006,STANCE,0.8164,-0.1552,0.0149,1,7.03,0.544,0.466,1.009,STANCE,0.8598,0.2198,0.0144,1,2.36,0.478,0.021,0.216,STANCE
93.693,6676,placemove,0.9840,0.0325,0.2935,-0.0734,-0.6844,-0.0132,-0.0795,0.0009,0.0021,-0.0099,-0.4904,0.0581,1.000,0.000,0.0000,0.0000,1.2652,-0.2610,0.3379,0,0.00,0.081,0.066,0.028,STANCE,1.2742,0.2898,0.3647,0,0.00,0.444,0.122,0.094,SWING,1.0143,-0.3188,0.1855,0,0.00,0.112,0.003,0.017,STANCE,1.0641,0.3667,0.1864,0,0.00,0.020,0.048,0.005,STANCE,0.8163,-0.1552,0.0149,1,4.02,0.962,0.163,0.409,STANCE,0.8595,0.2199,0.0146,0,0.00,0.062,0.110,0.012,STANCE
93.745,6680,placemove,0.9833,0.0324,0.2929,-0.0738,-0.6920,-0.0133,-0.0130,-0.0048,-0.0321,-0.0125,-0.2248,-0.0240,1.000,0.000,0.0000,0.0000,1.2641,-0.2611,0.3397,0,0.00,0.057,0.001,0.003,SHIFT,1.2829,0.2886,0.3602,0,0.00,0.028,0.138,0.099,SWING,1.0135,-0.3188,0.1864,0,0.00,0.079,0.044,0.005,SHIFT,1.0641,0.3665,0.1864,0,0.00,0.079,0.063,0.003,SHIFT,0.8163,-0.1552,0.0148,1,7.98,0.715,0.329,1.167,SHIFT,0.8596,0.2199,0.0147,1,6.57,0.727,0.204,0.861,SHIFT
93.806,6684,placemove,0.9833,0.0322,0.2941,-0.0713,-0.6970,-0.0132,-0.1335,-0.0551,0.1819,0.4309,-0.5124,0.4073,1.000,0.000,0.0000,0.0000,1.2644,-0.2611,0.3394,0,0.00,0.014,0.166,0.015,SHIFT,1.2891,0.2891,0.3547,1,13.91,0.201,2.940,2.940,SHIFT,1.0145,-0.3189,0.1852,1,0.94,0.345,0.413,0.098,SHIFT,1.0644,0.3664,0.1859,0,0.00,0.017,0.296,0.010,SHIFT,0.8164,-0.1552,0.0146,1,20.18,0.299,2.940,0.693,SHIFT,0.8593,0.2199,0.0149,0,0.00,0.050,0.139,0.015,SHIFT
93.893,6688,placemove,0.9809,0.0312,0.2954,-0.0627,-0.7178,-0.0131,-0.1492,-0.0613,0.0053,0.6309,-1.3040,0.5574,1.000,0.000,0.0000,0.0000,1.2628,-0.2609,0.3419,0,0.00,0.078,0.071,0.020,SHIFT,1.2910,0.2902,0.3547,0,0.00,0.068,0.089,0.103,SHIFT,1.0133,-0.3187,0.1859,0,0.00,0.087,0.014,0.011,SHIFT,1.0565,0.3670,0.1945,0,0.00,0.091,0.042,0.021,SHIFT,0.8145,-0.1533,0.0201,0,0.00,0.043,0.127,0.035,SHIFT,0.8550,0.2189,0.0233,0,0.00,0.048,0.178,0.010,SHIFT
93.928,6692,placemove,0.9783,0.0301,0.2941,-0.0476,-0.7370,-0.0151,-0.1493,-0.0735,-0.1528,0.5064,-0.5350,0.2548,1.000,0.000,0.0000,0.0000,1.2620,-0.2601,0.3406,0,0.00,0.064,0.045,0.017,SHIFT,1.2898,0.2916,0.3562,0,0.00,0.054,0.122,0.060,SHIFT,1.0075,-0.3155,0.1892,0,0.00,0.085,0.098,0.102,SHIFT,1.0512,0.3677,0.1981,0,0.00,0.088,0.010,0.000,SHIFT,0.8096,-0.1533,0.0185,0,0.00,0.041,0.085,0.045,SHIFT,0.8483,0.2217,0.0249,0,0.00,0.050,0.044,0.024,SHIFT
93.994,6696,placemove,0.9762,0.0291,0.2910,-0.0460,-0.7379,-0.0140,-0.0790,-0.0131,-0.1641,-0.3610,0.2364,0.0077,1.000,0.000,0.0000,0.0000,1.2605,-0.2608,0.3343,0,0.00,0.195,0.120,0.028,SHIFT,1.2779,0.2924,0.3624,0,0.00,0.136,0.147,0.081,SHIFT,0.9974,-0.3150,0.1923,0,0.00,0.166,0.114,0.029,SHIFT,1.0469,0.3672,0.1950,0,0.00,0.227,0.020,0.009,SHIFT,0.8082,-0.1533,0.0138,1,16.17,0.690,1.140,2.940,SHIFT,0.8440,0.2214,0.0212,0,0.00,0.190,0.023,0.018,SHIFT
94.013,6700,placemove,0.9761,0.0300,0.2888,-0.0557,-0.7356,-0.0075,0.0310,0.1002,-0.1058,-0.4091,0.1606,0.0618,1.000,0.000,0.0000,0.0000,1.2604,-0.2599,0.3303,0,0.00,0.163,0.097,0.025,SHIFT,1.2703,0.2937,0.3622,0,0.00,0.124,0.025,0.019,SHIFT,0.9912,-0.3173,0.1949,0,0.00,0.153,0.020,0.019,SHIFT,1.0448,0.3671,0.1888,0,0.00,0.200,0.029,0.007,SHIFT,0.8081,-0.1533,0.0135,1,15.18,0.612,1.053,2.940,SHIFT,0.8423,0.2201,0.0158,0,0.00,0.153,0.095,0.004,SHIFT
94.092,6704,placemove,0.9777,0.0315,0.2902,-0.0561,-0.7271,-0.0038,0.0186,0.0728,0.2718,0.0539,0.2847,-0.0189,1.000,0.000,0.0000,0.0000,1.2652,-0.2571,0.3246,1,57.43,2.940,2.940,2.940,SHIFT,1.2717,0.2965,0.3560,0,0.00,0.263,0.805,0.081,SHIFT,0.9947,-0.3163,0.1922,0,0.00,0.204,0.624,0.055,SHIFT,1.0442,0.3685,0.1849,1,15.73,2.940,2.940,2.940,SHIFT,0.8083,-0.1532,0.0132,1,10.68,1.004,1.483,2.940,SHIFT,0.8422,0.2200,0.0141,1,10.46,0.169,1.956,2.940,SHIFT
94.135,6708,placemove,0.9739,0.0320,0.2974,-0.0536,-0.7308,-0.0074,-0.2270,-0.0015,0.3921,0.2505,-0.2692,0.0507,1.000,0.000,0.0000,0.0000,1.2659,-0.2570,0.3245,1,8.99,2.940,2.940,1.762,SHIFT,1.2727,0.2965,0.3560,0,0.00,0.014,0.284,0.078,SHIFT,0.9958,-0.3162,0.1915,0,0.00,0.165,0.109,0.032,SHIFT,1.0446,0.3688,0.1854,0,0.00,0.057,0.314,0.055,SHIFT,0.8080,-0.1534,0.0131,1,10.51,2.940,2.940,2.940,SHIFT,0.8419,0.2203,0.0142,0,0.00,0.026,0.337,0.093,SHIFT
94.175,6712,placemove,0.9710,0.0319,0.3026,-0.0489,-0.7366,-0.0096,-0.1365,-0.0025,0.2409,0.1985,-0.2184,0.1581,1.000,0.000,0.0000,0.0000,1.2661,-0.2570,0.3244,1,11.65,2.940,2.940,2.008,SHIFT,1.2717,0.2965,0.3577,0,0.00,0.004,0.177,0.055,SHIFT,0.9970,-0.3163,0.1902,0,0.00,0.177,0.097,0.025,SHIFT,1.0431,0.3689,0.1875,0,0.00,0.042,0.212,0.029,SHIFT,0.8082,-0.1533,0.0130,1,11.70,2.940,2.940,2.940,SHIFT,0.8413,0.2205,0.0149,0,0.00,0.012,0.189,0.039,SHIFT
94.197,6716,placemove,0.9692,0.0318,0.3057,-0.0465,-0.7409,-0.0110,-0.0697,0.0006,0.1587,0.1049,-0.1856,0.0081,1.000,0.000,0.0000,0.0000,1.2663,-0.2569,0.3243,1,12.41,2.940,2.871,2.016,SHIFT,1.2709,0.2965,0.3579,0,0.00,0.008,0.118,0.038,SHIFT,0.9977,-0.3165,0.1885,0,0.00,0.146,0.060,0.018,SHIFT,1.0427,0.3689,0.1871,0,0.00,0.040,0.200,0.032,SHIFT,0.8082,-0.1533,0.0129,1,10.95,2.940,2.940,2.940,SHIFT,0.8404,0.2205,0.0149,0,0.00,0.000,0.186,0.045,SHIFT
94.240,6720,placemove,0.9686,0.0319,0.3084,-0.0464,-0.7456,-0.0122,-0.0184,0.0070,0.1403,-0.0344,-0.2453,-0.0561,1.000,0.000,0.0000,0.0000,1.2665,-0.2568,0.3242,1,18.81,2.940,2.940,2.704,SHIFT,1.2711,0.2963,0.3579,0,0.00,0.052,0.119,0.032,SHIFT,0.9985,-0.3166,0.1874,0,0.00,0.139,0.114,0.019,SHIFT,1.0437,0.3687,0.1861,0,0.00,0.080,0.119,0.019,SHIFT,0.8083,-0.1533,0.0127,1,11.12,2.940,2.940,2.940,SHIFT,0.8406,0.2205,0.0148,1,5.18,0.296,0.816,1.228,SHIFT
94.277,6724,placemove,0.9683,0.0322,0.3101,-0.0469,-0.7495,-0.0118,-0.0325,0.0250,0.0504,-0.0572,-0.2563,0.0079,1.000,0.000,0.0000,0.0000,1.2668,-0.2568,0.3242,1,18.90,2.940,2.940,2.940,STANCE,1.2714,0.2965,0.3578,0,0.00,0.081,0.061,0.017,STANCE,0.9974,-0.3162,0.1894,0,0.00,0.018,0.095,0.018,SWING,1.0442,0.3687,0.1854,0,0.00,0.081,0.018,0.002,STANCE,0.8083,-0.1533,0.0127,1,12.26,2.061,2.532,2.940,STANCE,0.8405,0.2205,0.0148,1,6.30,0.079,1.307,1.657,STANCE
94.310,6728,placemove,0.9675,0.0325,0.3106,-0.0474,-0.7535,-0.0116,-0.0544,0.0099,0.0204,-0.0128,-0.2265,-0.0230,1.000,0.000,0.0000,0.0000,1.2669,-0.2567,0.3241,1,16.39,2.940,2.940,2.940,STANCE,1.2717,0.2969,0.3576,0,0.00,0.049,0.099,0.023,STANCE,0.9897,-0.3135,0.1989,0,0.00,0.067,0.095,0.105,SWING,1.0438,0.3690,0.1859,0,0.00,0.053,0.023,0.002,STANCE,0.8083,-0.1533,0.0127,1,10.53,0.616,2.940,2.940,STANCE,0.8407,0.2204,0.0147,1,8.61,1.456,1.048,2.026,STANCE
94.333,6732,placemove,0.9660,0.0326,0.3114,-0.0477,-0.7576,-0.0122,-0.0946,0.0087,0.0495,-0.0055,-0.2592,-0.0210,1.000,0.000,0.0000,0.0000,1.2670,-0.2567,0.3240,1,16.42,2.940,2.940,2.940,STANCE,1.2720,0.2968,0.3575,0,0.00,0.045,0.127,0.031,STANCE,0.9813,-0.3102,0.2085,0,0.00,0.065,0.103,0.105,SWING,1.0442,0.3689,0.1853,0,0.00,0.053,0.110,0.014,STANCE,0.8082,-0.1533,0.0126,1,11.47,0.940,2.940,2.940,STANCE,0.8406,0.2205,0.0146,1,7.14,1.107,0.819,1.622,STANCE
94.376,6736,placemove,0.9648,0.0328,0.3118,-0.0477,-0.7628,-0.0122,-0.0594,0.0099,0.0119,-0.0117,-0.2625,-0.0087,1.000,0.000,0.0000,0.0000,1.2670,-0.2566,0.3239,1,16.61,2.940,2.940,2.940,STANCE,1.2718,0.2970,0.3579,0,0.00,0.054,0.061,0.017,STANCE,0.9736,-0.3060,0.2175,0,0.00,0.066,0.124,0.103,SWING,1.0437,0.3691,0.1857,0,0.00,0.061,0.002,0.004,STANCE,0.8082,-0.1533,0.0126,1,12.15,0.853,2.740,2.940,STANCE,0.8406,0.2205,0.0146,1,8.53,1.170,1.027,1.955,STANCE
94.400,6740,placemove,0.9636,0.0329,0.3122,-0.0477,-0.7661,-0.0128,-0.0876,0.0041,0.0473,-0.0046,-0.2198,-0.0302,1.000,0.000,0.0000,0.0000,1.2670,-0.2566,0.3238,1,16.85,2.940,2.940,2.940,STANCE,1.2723,0.2969,0.3575,0,0.00,0.018,0.170,0.040,STANCE,0.9682,-0.3021,0.2286,0,0.00,0.467,0.128,0.025,SWING,1.0439,0.3690,0.1855,0,0.00,0.045,0.142,0.018,STANCE,0.8081,-0.1533,0.0126,1,10.49,0.123,2.940,2.940,STANCE,0.8405,0.2205,0.0145,1,6.90,1.532,0.902,1.605,STANCE
94.441,6744,placemove,0.9626,0.0331,0.3124,-0.0471,-0.7700,-0.0122,-0.0146,0.0162,-0.0212,0.0210,-0.0987,0.0842,1.000,0.000,0.0000,0.0000,1.2670,-0.2565,0.3237,1,11.42,2.940,2.940,2.229,STANCE,1.2720,0.2973,0.3576,0,0.00,0.196,0.004,0.013,STANCE,0.9699,-0.3036,0.2459,0,0.00,0.135,0.225,0.014,SWING,1.0431,0.3692,0.1859,0,0.00,0.197,0.132,0.017,STANCE,0.8081,-0.1533,0.0125,1,19.62,2.666,1.763,2.940,STANCE,0.8400,0.2206,0.0145,1,5.23,1.067,1.724,1.518,STANCE
94.465,6748,placemove,0.9626,0.0331,0.3125,-0.0467,-0.7703,-0.0129,0.0129,-0.0007,-0.0139,0.0075,-0.0516,-0.0251,1.000,0.000,0.0000,0.0000,1.2669,-0.2565,0.3237,1,20.15,2.940,2.940,2.685,STANCE,1.2735,0.2972,0.3561,0,0.00,0.077,0.084,0.025,STANCE,0.9724,-0.3073,0.2638,0,0.00,0.155,0.131,0.019,SWING,1.0437,0.3693,0.1853,0,0.00,0.079,0.009,0.000,STANCE,0.8081,-0.1532,0.0124,1,11.45,2.418,2.940,2.940,STANCE,0.8401,0.2206,0.0146,1,12.67,0.091,1.443,2.475,STANCE
94.505,6752,placemove,0.9630,0.0331,0.3121,-0.0462,-0.7708,-0.0132,0.0241,0.0049,-0.0232,-0.0010,-0.0059,0.0017,1.000,0.000,0.0000,0.0000,1.2669,-0.2565,0.3237,1,23.60,2.940,2.940,2.669,STANCE,1.2750,0.2972,0.3547,0,0.00,0.009,0.090,0.019,STANCE,0.9751,-0.3144,0.2820,0,0.00,0.143,0.117,0.035,SWING,1.0438,0.3693,0.1854,0,0.00,0.028,0.005,0.004,STANCE,0.8081,-0.1532,0.0124,1,11.16,1.679,2.853,2.940,STANCE,0.8402,0.2206,0.0147,1,13.92,0.595,1.246,2.940,STANCE
94.537,6756,placemove,0.9631,0.0330,0.3119,-0.0456,-0.7713,-0.0136,0.0001,-0.0028,-0.0026,0.0085,-0.0203,-0.0023,1.000,0.000,0.0000,0.0000,1.2669,-0.2566,0.3237,1,14.03,2.940,2.940,2.020,STANCE,1.2758,0.2972,0.3540,1,3.09,1.366,0.461,0.494,STANCE,0.9773,-0.3214,0.3019,0,0.00,0.148,0.099,0.015,SWING,1.0437,0.3693,0.1855,0,0.00,0.042,0.023,0.001,STANCE,0.8081,-0.1533,0.0123,1,15.17,0.912,1.878,2.940,STANCE,0.8403,0.2205,0.0148,1,9.30,0.213,2.589,2.940,STANCE
94.579,6760,placemove,0.9631,0.0330,0.3118,-0.0453,-0.7714,-0.0138,-0.0005,0.0004,-0.0033,0.0068,-0.0055,-0.0069,1.000,0.000,0.0000,0.0000,1.2668,-0.2566,0.3237,1,17.42,2.940,2.940,2.424,STANCE,1.2758,0.2972,0.3540,1,1.44,0.513,0.635,0.281,STANCE,0.9806,-0.3212,0.3213,0,0.00,0.138,0.169,0.046,SWING,1.0437,0.3693,0.1855,0,0.00,0.051,0.024,0.002,STANCE,0.8081,-0.1532,0.0122,1,13.17,0.865,2.278,2.940,STANCE,0.8404,0.2205,0.0148,1,10.66,0.896,2.006,2.940,STANCE
94.610,6764,placemove,0.9631,0.0330,0.3118,-0.0453,-0.7715,-0.0143,-0.0035,-0.0063,0.0030,0.0128,-0.0040,-0.0167,1.000,0.000,0.0000,0.0000,1.2668,-0.2565,0.3237,1,17.76,2.940,2.940,2.631,STANCE,1.2758,0.2970,0.3540,0,0.00,0.067,0.055,0.010,STANCE,0.9867,-0.3170,0.3371,0,0.00,0.150,0.022,0.072,SWING,1.0438,0.3693,0.1855,0,0.00,0.063,0.049,0.001,STANCE,0.8081,-0.1532,0.0121,1,9.91,1.014,2.940,2.940,STANCE,0.8404,0.2205,0.0147,1,13.46,1.257,1.304,2.940,STANCE
94.651,6768,placemove,0.9630,0.0329,0.3120,-0.0450,-0.7716,-0.0148,-0.0034,-0.0053,0.0069,0.0021,0.0039,-0.0194,1.000,0.000,0.0000,0.0000,1.2668,-0.2565,0.3237,1,19.00,2.940,2.940,2.678,STANCE,1.2759,0.2968,0.3542,0,0.00,0.043,0.028,0.003,STANCE,1.0048,-0.3217,0.3429,0,0.00,0.165,0.080,0.097,SWING,1.0438,0.3691,0.1857,0,0.00,0.050,0.022,0.001,STANCE,0.8081,-0.1532,0.0122,1,10.97,1.401,2.940,2.940,STANCE,0.8403,0.2205,0.0149,1,12.02,0.982,1.137,2.614,STANCE
94.686,6772,placemove,0.9630,0.0328,0.3121,-0.0451,-0.7714,-0.0150,0.0000,-0.0030,0.0050,-0.0049,0.0080,-0.0196,1.000,0.000,0.0000,0.0000,1.2668,-0.2565,0.3237,1,19.78,2.940,2.940,2.626,SHIFT,1.2759,0.2966,0.3542,0,0.00,0.049,0.030,0.003,SHIFT,1.0166,-0.3279,0.3423,0,0.00,0.006,0.082,0.102,SWING,1.0446,0.3690,0.1850,0,0.40,0.165,0.166,0.020,SHIFT,0.8081,-0.1533,0.0122,1,11.00,1.594,2.940,2.940,SHIFT,0.8403,0.2205,0.0150,1,12.20,0.672,1.483,2.838,SHIFT
94.738,6776,placemove,0.9637,0.0326,0.3127,-0.0441,-0.7720,-0.0160,0.0595,-0.0095,0.0582,-0.0062,-0.0265,-0.0007,1.000,0.000,0.0000,0.0000,1.2667,-0.2566,0.3237,1,21.16,2.940,2.940,2.472,SHIFT,1.2757,0.2962,0.3543,0,0.00,0.023,0.062,0.011,SHIFT,1.0239,-0.3354,0.3364,0,0.00,0.202,0.067,0.103,SHIFT,1.0446,0.3690,0.1849,1,0.86,0.191,0.431,0.354,SHIFT,0.8081,-0.1533,0.0121,1,12.99,2.940,2.465,2.940,SHIFT,0.8404,0.2205,0.0149,1,12.73,0.082,1.597,2.940,SHIFT
94.769,6780,placemove,0.9650,0.0325,0.3140,-0.0444,-0.7723,-0.0157,0.0818,-0.0035,0.0848,-0.0484,-0.0316,0.0252,1.000,0.000,0.0000,0.0000,1.2667,-0.2566,0.3238,1,21.91,2.940,2.940,2.564,SHIFT,1.2757,0.2960,0.3543,0,0.00,0.065,0.050,0.007,SHIFT,1.0314,-0.3424,0.3304,0,0.00,0.178,0.058,0.105,SHIFT,1.0447,0.3688,0.1848,0,0.00,0.087,0.002,0.015,SHIFT,0.8082,-0.1532,0.0120,1,12.21,2.940,2.648,2.940,SHIFT,0.8405,0.2205,0.0148,1,14.03,0.292,1.390,2.940,SHIFT
94.811,6784,placemove,0.9665,0.0324,0.3155,-0.0450,-0.7729,-0.0151,0.0831,-0.0065,0.0926,-0.0215,-0.0378,0.0162,1.000,0.000,0.0000,0.0000,1.2667,-0.2565,0.3238,1,23.03,2.940,2.940,2.663,SHIFT,1.2758,0.2960,0.3546,0,0.00,0.048,0.070,0.011,SHIFT,1.0393,-0.3486,0.3242,0,0.00,0.163,0.166,0.004,SHIFT,1.0449,0.3687,0.1850,0,0.00,0.081,0.044,0.001,SHIFT,0.8084,-0.1532,0.0120,1,11.00,2.706,2.878,2.940,SHIFT,0.8407,0.2205,0.0147,1,12.90,0.126,0.934,2.503,SHIFT
94.834,6788,placemove,0.9679,0.0323,0.3169,-0.0452,-0.7732,-0.0151,0.0767,-0.0035,0.0792,-0.0136,-0.0209,0.0084,1.000,0.000,0.0000,0.0000,1.2667,-0.2565,0.3239,1,22.66,2.940,2.940,2.640,SHIFT,1.2759,0.2958,0.3548,0,0.00,0.050,0.067,0.011,SHIFT,1.0478,-0.3483,0.3147,0,0.00,0.172,0.100,0.008,SHIFT,1.0450,0.3685,0.1851,0,0.00,0.083,0.039,0.000,SHIFT,0.8085,-0.1532,0.0120,1,11.49,2.793,2.791,2.940,SHIFT,0.8408,0.2205,0.0147,1,12.66,0.204,1.040,2.507,SHIFT
94.869,6792,placemove,0.9693,0.0322,0.3182,-0.0454,-0.7735,-0.0152,0.0769,-0.0045,0.0802,-0.0138,-0.0229,0.0064,1.000,0.000,0.0000,0.0000,1.2667,-0.2565,0.3239,1,22.71,2.940,2.940,2.653,SHIFT,1.2763,0.2956,0.3545,0,0.00,0.054,0.073,0.013,SHIFT,1.0564,-0.3456,0.3043,0,0.00,0.179,0.096,0.009,SHIFT,1.0452,0.3684,0.1851,0,0.00,0.088,0.040,0.000,SHIFT,0.8087,-0.1532,0.0119,1,11.38,2.793,2.816,2.940,SHIFT,0.8410,0.2204,0.0146,1,13.61,0.199,1.115,2.690,SHIFT
94.892,6796,placemove,0.9706,0.0321,0.3196,-0.0457,-0.7737,-0.0153,0.0788,-0.0035,0.0810,-0.0305,-0.0111,-0.0051,1.000,0.000,0.0000,0.0000,1.2667,-0.2565,0.3240,1,22.44,2.940,2.940,2.637,SHIFT,1.2765,0.2954,0.3545,0,0.00,0.048,0.067,0.010,SHIFT,1.0647,-0.3419,0.2940,0,0.00,0.187,0.097,0.010,SHIFT,1.0454,0.3683,0.1851,0,0.00,0.079,0.038,0.000,SHIFT,0.8088,-0.1532,0.0120,1,11.70,2.938,2.777,2.940,SHIFT,0.8411,0.2204,0.0146,1,12.69,0.303,1.061,2.496,SHIFT
94.928,6800,placemove,0.9720,0.0320,0.3210,-0.0462,-0.7737,-0.0153,0.0798,-0.0006,0.0799,-0.0319,-0.0066,0.0010,1.000,0.000,0.0000,0.0000,1.2667,-0.2565,0.3240,1,22.53,2.940,2.940,2.657,SHIFT,1.2766,0.2952,0.3545,0,0.00,0.049,0.068,0.011,SHIFT,1.0727,-0.3374,0.2839,0,0.00,0.187,0.098,0.011,SHIFT,1.0456,0.3682,0.1851,0,0.00,0.080,0.038,0.000,SHIFT,0.8090,-0.1532,0.0121,1,11.70,2.940,2.784,2.940,SHIFT,0.8413,0.2204,0.0146,1,12.75,0.304,1.076,2.507,SHIFT
94.951,6804,placemove,0.9734,0.0320,0.3223,-0.0467,-0.7737,-0.0152,0.0809,0.0013,0.0813,-0.0282,-0.0036,0.0120,1.000,0.000,0.0000,0.0000,1.2666,-0.2565,0.3241,1,22.48,2.940,2.940,2.666,SHIFT,1.2768,0.2950,0.3545,0,0.00,0.056,0.067,0.011,SHIFT,1.0806,-0.3320,0.2739,0,0.00,0.188,0.096,0.011,SHIFT,1.0458,0.3682,0.1850,0,0.00,0.083,0.035,0.000,SHIFT,0.8091,-0.1532,0.0122,1,11.69,2.940,2.786,2.940,SHIFT,0.8414,0.2204,0.0146,1,13.20,0.297,1.150,2.611,SHIFT
94.992,6808,placemove,0.9749,0.0320,0.3238,-0.0472,-0.7738,-0.0147,0.0872,0.0038,0.0871,-0.0340,-0.0095,0.0221,1.000,0.000,0.0000,0.0000,1.2666,-0.2565,0.3241,1,22.20,2.940,2.940,2.661,SHIFT,1.2768,0.2949,0.3544,0,0.00,0.044,0.132,0.058,SHIFT,1.0885,-0.3258,0.2642,0,0.00,0.174,0.097,0.012,SHIFT,1.0459,0.3682,0.1851,0,0.00,0.094,0.027,0.002,SHIFT,0.8092,-0.1532,0.0123,1,11.54,2.940,2.819,2.940,SHIFT,0.8415,0.2204,0.0147,1,12.65,0.316,1.151,2.518,SHIFT
95.016,6812,placemove,0.9764,0.0321,0.3252,-0.0478,-0.7737,-0.0143,0.0893,0.0079,0.0859,-0.0346,0.0020,0.0204,1.000,0.000,0.0000,0.0000,1.2666,-0.2564,0.3242,1,23.20,2.940,2.940,2.770,SHIFT,1.2770,0.2952,0.3545,0,0.00,0.057,0.066,0.011,SHIFT,1.0943,-0.3210,0.2574,0,0.00,0.179,0.175,0.035,SHIFT,1.0460,0.3682,0.1851,0,0.00,0.086,0.036,0.001,SHIFT,0.8094,-0.1532,0.0124,1,12.11,2.851,2.679,2.940,SHIFT,0.8417,0.2203,0.0147,1,12.74,0.208,1.349,2.659,SHIFT
95.074,6816,placemove,0.9776,0.0323,0.3263,-0.0485,-0.7735,-0.0138,0.0290,0.0101,0.0259,-0.0146,0.0176,0.0226,1.000,0.000,0.0000,0.0000,1.2666,-0.2564,0.3242,1,22.41,2.940,2.940,2.787,STANCE,1.2773,0.2954,0.3545,1,0.84,0.005,0.101,0.273,STANCE,1.0965,-0.3206,0.2556,0,0.00,0.025,0.098,0.017,STANCE,1.0447,0.3683,0.1872,0,0.00,0.011,0.075,0.022,SWING,0.8095,-0.1531,0.0125,1,9.83,1.432,2.940,2.940,STANCE,0.8418,0.2203,0.0148,1,8.52,1.213,1.352,2.240,STANCE
95.116,6820,placemove,0.9778,0.0323,0.3265,-0.0485,-0.7732,-0.0139,0.0024,-0.0010,0.0053,0.0041,0.0105,-0.0060,1.000,0.000,0.0000,0.0000,1.2667,-0.2564,0.3242,1,21.10,2.940,2.940,2.814,STANCE,1.2774,0.2954,0.3546,0,0.36,0.033,0.184,0.160,STANCE,1.0983,-0.3207,0.2540,0,0.00,0.046,0.107,0.018,STANCE,1.0371,0.3671,0.1960,0,0.00,0.040,0.123,0.105,SWING,0.8096,-0.1532,0.0126,1,11.49,1.542,2.940,2.940,STANCE,0.8418,0.2203,0.0150,1,11.45,0.774,1.298,2.535,STANCE
95.157,6824,placemove,0.9778,0.0322,0.3266,-0.0485,-0.7732,-0.0142,0.0000,-0.0043,-0.0001,0.0059,-0.0007,-0.0019,1.000,0.000,0.0000,0.0000,1.2667,-0.2564,0.3242,1,19.53,2.940,2.940,2.940,STANCE,1.2775,0.2953,0.3546,0,0.00,0.048,0.039,0.009,STANCE,1.0999,-0.3209,0.2523,0,0.00,0.053,0.101,0.017,STANCE,1.0296,0.3651,0.2046,0,0.00,0.044,0.125,0.104,SWING,0.8096,-0.1532,0.0127,1,11.61,1.392,2.940,2.940,STANCE,0.8419,0.2203,0.0150,1,9.95,0.781,1.110,2.201,STANCE
95.199,6828,placemove,0.9778,0.0322,0.3266,-0.0484,-0.7733,-0.0144,0.0004,-0.0044,0.0007,0.0019,0.0023,-0.0012,1.000,0.000,0.0000,0.0000,1.2667,-0.2564,0.3242,1,18.71,2.940,2.940,2.940,STANCE,1.2775,0.2951,0.3546,0,0.17,0.087,0.015,0.013,STANCE,1.1015,-0.3211,0.2506,0,0.00,0.064,0.102,0.017,STANCE,1.0223,0.3623,0.2133,0,0.00,0.037,0.130,0.104,SWING,0.8095,-0.1531,0.0128,1,12.64,1.307,2.674,2.940,STANCE,0.8419,0.2203,0.0150,1,9.29,0.849,1.106,2.112,STANCE
95.245,6832,placemove,0.9778,0.0322,0.3266,-0.0486,-0.7733,-0.0144,0.0020,0.0004,0.0036,-0.0088,0.0016,-0.0185,1.000,0.000,0.0000,0.0000,1.2666,-0.2564,0.3242,1,17.51,2.940,2.940,2.940,STANCE,1.2775,0.2951,0.3546,0,0.00,0.088,0.023,0.001,STANCE,1.1032,-0.3213,0.2489,0,0.00,0.051,0.109,0.020,STANCE,1.0174,0.3595,0.2239,0,0.00,0.460,0.181,0.007,SWING,0.8095,-0.1532,0.0129,1,13.65,1.801,2.547,2.940,STANCE,0.8419,0.2203,0.0150,1,6.72,0.831,0.973,1.666,STANCE
95.278,6836,placemove,0.9778,0.0322,0.3267,-0.0489,-0.7732,-0.0143,0.0001,0.0017,0.0024,-0.0096,0.0028,0.0012,1.000,0.000,0.0000,0.0000,1.2666,-0.2564,0.3242,1,16.72,2.940,2.940,2.813,STANCE,1.2776,0.2951,0.3546,1,1.19,0.138,0.137,0.139,STANCE,1.1048,-0.3215,0.2473,0,0.00,0.052,0.107,0.019,STANCE,1.0196,0.3625,0.2408,0,0.00,0.142,0.154,0.006,SWING,0.8095,-0.1532,0.0130,1,15.90,1.572,2.179,2.940,STANCE,0.8419,0.2203,0.0150,1,5.45,0.432,1.167,1.535,STANCE
95.321,6840,placemove,0.9778,0.0322,0.3267,-0.0491,-0.7732,-0.0142,0.0013,0.0021,0.0022,-0.0103,0.0031,-0.0093,1.000,0.000,0.0000,0.0000,1.2665,-0.2564,0.3242,1,16.67,2.940,2.940,2.766,STANCE,1.2776,0.2951,0.3546,1,1.67,0.135,0.353,0.132,STANCE,1.1064,-0.3216,0.2457,0,0.00,0.054,0.111,0.020,STANCE,1.0227,0.3672,0.2584,0,0.00,0.148,0.123,0.018,SWING,0.8095,-0.1532,0.0131,1,16.34,1.736,2.066,2.940,STANCE,0.8419,0.2203,0.0150,1,4.88,0.488,1.054,1.397,STANCE
95.344,6844,placemove,0.9778,0.0322,0.3267,-0.0493,-0.7732,-0.0141,0.0007,0.0017,0.0017,-0.0065,0.0030,-0.0015,1.000,0.000,0.0000,0.0000,1.2665,-0.2564,0.3242,1,16.27,2.940,2.940,2.767,STANCE,1.2776,0.2951,0.3546,1,1.74,0.015,0.189,0.139,STANCE,1.1081,-0.3217,0.2441,0,0.00,0.054,0.108,0.020,STANCE,1.0257,0.3746,0.2768,0,0.00,0.146,0.099,0.032,SWING,0.8095,-0.1532,0.0132,1,16.81,1.780,2.050,2.940,STANCE,0.8419,0.2203,0.0150,1,4.17,0.361,1.037,1.262,STANCE
95.383,6848,placemove,0.9778,0.0323,0.3267,-0.0494,-0.7731,-0.0141,0.0002,0.0014,0.0012,-0.0044,0.0021,-0.0018,1.000,0.000,0.0000,0.0000,1.2665,-0.2564,0.3242,1,15.91,2.940,2.940,2.766,STANCE,1.2776,0.2951,0.3545,1,1.54,0.100,0.064,0.294,STANCE,1.1098,-0.3219,0.2424,0,0.00,0.054,0.108,0.020,STANCE,1.0285,0.3820,0.2965,0,0.00,0.144,0.104,0.014,SWING,0.8095,-0.1532,0.0133,1,17.22,1.861,2.017,2.940,STANCE,0.8419,0.2203,0.0150,1,3.97,0.179,1.055,1.216,STANCE
95.409,6852,placemove,0.9778,0.0323,0.3268,-0.0495,-0.7731,-0.0141,0.0002,0.0012,0.0011,-0.0035,0.0016,-0.0017,1.000,0.000,0.0000,0.0000,1.2664,-0.2564,0.3242,1,15.89,2.940,2.940,2.765,STANCE,1.2777,0.2952,0.3545,1,1.50,0.190,0.065,0.326,STANCE,1.1114,-0.3220,0.2407,0,0.00,0.051,0.109,0.021,STANCE,1.0318,0.3824,0.3159,0,0.00,0.133,0.171,0.044,SWING,0.8095,-0.1531,0.0133,1,17.25,1.879,2.018,2.940,STANCE,0.8419,0.2203,0.0150,1,4.01,0.080,1.059,1.209,STANCE
95.458,6856,placemove,0.9777,0.0323,0.3268,-0.0493,-0.7728,-0.0137,-0.0126,0.0120,-0.0049,0.0315,0.0489,0.1254,1.000,0.000,0.0000,0.0000,1.2664,-0.2564,0.3242,1,16.79,2.940,2.940,2.940,STANCE,1.2776,0.2953,0.3545,1,1.30,0.809,0.032,0.032,STANCE,1.1132,-0.3221,0.2390,0,0.00,0.045,0.182,0.029,STANCE,1.0379,0.3786,0.3316,0,0.00,0.154,0.041,0.079,SWING,0.8095,-0.1531,0.0133,1,16.22,2.821,2.338,2.940,STANCE,0.8417,0.2203,0.0150,0,0.00,0.049,0.057,0.017,STANCE
95.490,6860,placemove,0.9778,0.0324,0.3267,-0.0493,-0.7729,-0.0143,0.0007,0.0001,0.0004,-0.0016,-0.0001,-0.0178,1.000,0.000,0.0000,0.0000,1.2664,-0.2564,0.3242,1,17.76,2.940,2.940,2.940,STANCE,1.2776,0.2953,0.3545,1,1.90,0.791,0.048,0.025,STANCE,1.1147,-0.3222,0.2372,0,0.00,0.053,0.110,0.021,STANCE,1.0559,0.3818,0.3364,0,0.00,0.275,0.079,0.099,SWING,0.8095,-0.1531,0.0134,1,16.41,2.940,2.229,2.940,STANCE,0.8417,0.2205,0.0150,1,0.62,0.354,0.150,0.024,STANCE
95.531,6864,placemove,0.9778,0.0324,0.3267,-0.0494,-0.7728,-0.0143,0.0002,0.0008,-0.0003,-0.0050,0.0016,-0.0036,1.000,0.000,0.0000,0.0000,1.2663,-0.2564,0.3242,1,17.03,2.940,2.940,2.940,SHIFT,1.2777,0.2952,0.3545,1,2.90,0.981,0.306,0.181,SHIFT,1.1163,-0.3224,0.2355,0,0.00,0.052,0.109,0.021,SHIFT,1.0659,0.3875,0.3328,0,0.00,0.029,0.081,0.101,SWING,0.8095,-0.1531,0.0134,1,16.91,2.940,2.202,2.940,SHIFT,0.8417,0.2205,0.0150,1,0.81,0.138,0.171,0.005,SHIFT
95.558,6868,placemove,0.9786,0.0327,0.3274,-0.0471,-0.7722,-0.0169,0.0531,0.0456,0.0351,0.2062,0.0773,-0.0744,1.000,0.000,0.0000,0.0000,1.2663,-0.2564,0.3242,1,20.67,2.940,2.940,2.568,SHIFT,1.2778,0.2953,0.3544,1,3.62,0.487,0.361,0.155,SHIFT,1.1175,-0.3223,0.2330,0,0.00,0.142,0.115,0.022,SHIFT,1.0743,0.3939,0.3271,0,0.00,0.023,0.075,0.100,SHIFT,0.8096,-0.1531,0.0134,1,16.36,2.940,2.252,2.940,SHIFT,0.8415,0.2212,0.0150,0,0.00,0.013,0.007,0.005,SHIFT
95.646,6872,placemove,0.9800,0.0332,0.3287,-0.0479,-0.7725,-0.0161,0.0983,0.0141,0.0795,-0.0221,0.0423,0.1032,1.000,0.000,0.0000,0.0000,1.2665,-0.2572,0.3271,1,20.27,2.940,2.940,2.575,SHIFT,1.2778,0.2956,0.3544,1,1.46,0.543,0.342,0.464,SHIFT,1.1189,-0.3219,0.2311,0,0.00,0.050,0.071,0.015,SHIFT,1.0827,0.4001,0.3207,0,0.00,0.067,0.070,0.101,SHIFT,0.8098,-0.1531,0.0134,1,11.87,2.940,2.724,2.940,SHIFT,0.8416,0.2220,0.0149,0,0.00,0.047,0.033,0.004,SHIFT
95.670,6876,placemove,0.9814,0.0332,0.3300,-0.0477,-0.7720,-0.0161,0.0766,0.0033,0.0681,0.0370,0.0431,0.0334,1.000,0.000,0.0000,0.0000,1.2666,-0.2573,0.3272,1,18.04,2.817,2.514,2.167,SHIFT,1.2779,0.2956,0.3544,1,2.62,0.539,0.447,0.884,SHIFT,1.1206,-0.3219,0.2291,0,0.00,0.055,0.082,0.019,SHIFT,1.0911,0.4052,0.3140,0,0.00,0.081,0.159,0.011,SHIFT,0.8099,-0.1531,0.0135,1,13.03,2.940,2.477,2.940,SHIFT,0.8416,0.2222,0.0150,0,0.00,0.027,0.033,0.002,SHIFT
95.706,6880,placemove,0.9829,0.0332,0.3313,-0.0480,-0.7717,-0.0154,0.0793,0.0013,0.0718,-0.0058,0.0207,0.0306,1.000,0.000,0.0000,0.0000,1.2667,-0.2572,0.3272,1,17.47,2.940,2.123,1.866,SHIFT,1.2780,0.2956,0.3543,1,2.87,0.299,0.233,0.813,SHIFT,1.1223,-0.3220,0.2273,0,0.00,0.070,0.092,0.021,SHIFT,1.0996,0.4037,0.3046,0,0.00,0.070,0.081,0.007,SHIFT,0.8101,-0.1531,0.0135,1,13.15,2.940,2.459,2.940,SHIFT,0.8416,0.2223,0.0151,0,0.00,0.012,0.029,0.000,SHIFT
95.751,6884,placemove,0.9842,0.0332,0.3327,-0.0485,-0.7709,-0.0156,0.0786,-0.0178,0.0618,-0.0130,0.0706,-0.0926,1.000,0.000,0.0000,0.0000,1.2666,-0.2575,0.3272,0,0.00,0.093,0.002,0.002,SHIFT,1.2741,0.2964,0.3585,0,0.00,0.082,0.104,0.071,SHIFT,1.1237,-0.3222,0.2256,0,0.00,0.112,0.091,0.024,SHIFT,1.1080,0.3994,0.2944,0,0.00,0.100,0.109,0.012,SHIFT,0.8007,-0.1529,0.0151,0,0.00,0.124,0.168,0.051,SHIFT,0.8418,0.2223,0.0148,1,3.65,0.271,0.423,0.806,SHIFT
95.805,6888,placemove,0.9858,0.0324,0.3335,-0.0479,-0.7687,-0.0187,0.1206,-0.0531,0.0398,-0.0189,0.2581,-0.1971,1.000,0.000,0.0000,0.0000,1.2659,-0.2589,0.3260,0,0.00,0.241,0.020,0.002,SHIFT,1.2749,0.2945,0.3575,0,0.00,0.044,0.064,0.023,SHIFT,1.1244,-0.3233,0.2228,0,0.00,0.259,0.126,0.023,SHIFT,1.1171,0.3932,0.2838,0,0.00,0.089,0.139,0.008,SHIFT,0.7981,-0.1528,0.0149,1,17.51,0.431,1.062,2.940,SHIFT,0.8420,0.2222,0.0147,0,0.00,0.030,0.056,0.007,SHIFT
95.857,6892,placemove,0.9876,0.0326,0.3347,-0.0502,-0.7675,-0.0175,0.0884,0.0139,0.0674,-0.1067,0.0817,-0.0220,1.000,0.000,0.0000,0.0000,1.2659,-0.2593,0.3256,1,6.70,0.406,0.133,0.455,SHIFT,1.2773,0.2939,0.3551,0,0.00,0.058,0.043,0.011,SHIFT,1.1258,-0.3237,0.2210,0,0.00,0.048,0.148,0.028,SHIFT,1.1257,0.3868,0.2733,0,0.00,0.081,0.156,0.018,SHIFT,0.7982,-0.1528,0.0148,0,0.00,0.007,0.133,0.037,SHIFT,0.8422,0.2222,0.0146,1,3.49,0.198,0.286,0.330,SHIFT
95.959,6896,placemove,0.9890,0.0325,0.3361,-0.0504,-0.7680,-0.0165,0.0814,-0.0053,0.0685,-0.0188,0.0013,0.0174,1.000,0.000,0.0000,0.0000,1.2660,-0.2593,0.3257,1,11.56,1.779,0.466,0.778,SHIFT,1.2778,0.2938,0.3546,0,0.18,0.135,0.025,0.034,SHIFT,1.1276,-0.3238,0.2193,0,0.00,0.049,0.119,0.026,SHIFT,1.1330,0.3800,0.2637,0,0.00,0.081,0.131,0.016,SHIFT,0.7984,-0.1528,0.0147,1,3.09,0.200,1.673,1.483,SHIFT,0.8423,0.2222,0.0146,1,2.93,1.551,0.091,0.666,SHIFT
96.035,6900,placemove,0.9904,0.0324,0.3374,-0.0508,-0.7681,-0.0158,0.0790,-0.0021,0.0695,-0.0282,0.0200,0.0022,1.000,0.000,0.0000,0.0000,1.2661,-0.2593,0.3257,1,9.27,0.860,1.038,1.202,SHIFT,1.2778,0.2937,0.3546,0,0.16,0.153,0.001,0.073,SHIFT,1.1293,-0.3240,0.2176,0,0.00,0.047,0.132,0.028,SHIFT,1.1400,0.3724,0.2543,0,0.00,0.068,0.144,0.016,SHIFT,0.7985,-0.1528,0.0146,0,0.00,0.027,0.100,0.035,SHIFT,0.8424,0.2222,0.0146,1,4.75,0.585,0.845,1.248,SHIFT
96.099,6904,placemove,0.9919,0.0324,0.3387,-0.0512,-0.7682,-0.0153,0.0827,0.0011,0.0700,-0.0356,0.0355,-0.0102,1.000,0.000,0.0000,0.0000,1.2661,-0.2592,0.3257,1,10.69,1.039,1.540,1.566,SHIFT,1.2779,0.2938,0.3547,0,0.31,0.114,0.100,0.053,SHIFT,1.1311,-0.3241,0.2159,0,0.00,0.051,0.142,0.030,SHIFT,1.1455,0.3662,0.2470,0,0.00,0.050,0.133,0.034,SHIFT,0.7986,-0.1528,0.0146,0,0.00,0.028,0.120,0.040,SHIFT,0.8426,0.2221,0.0146,1,5.45,0.802,1.110,1.528,SHIFT
96.127,6908,placemove,0.9929,0.0324,0.3397,-0.0515,-0.7681,-0.0149,0.0200,-0.0009,0.0164,-0.0075,0.0045,0.0079,1.000,0.000,0.0000,0.0000,1.2663,-0.2592,0.3257,1,8.46,0.402,0.982,1.304,STANCE,1.2781,0.2939,0.3547,1,0.64,0.232,0.183,0.037,STANCE,1.1329,-0.3243,0.2142,0,0.00,0.032,0.119,0.025,STANCE,1.1476,0.3655,0.2448,0,0.00,0.036,0.111,0.018,STANCE,0.7973,-0.1526,0.0169,0,0.00,0.006,0.160,0.057,SWING,0.8427,0.2221,0.0146,1,10.10,0.121,1.064,2.043,STANCE
96.225,6912,placemove,0.9931,0.0324,0.3393,-0.0543,-0.7687,-0.0146,0.0113,0.0006,-0.0847,-0.1497,-0.0434,-0.1267,1.000,0.000,0.0000,0.0000,1.2660,-0.2597,0.3260,0,0.00,0.002,0.067,0.011,STANCE,1.2759,0.2939,0.3571,0,0.00,0.010,0.175,0.084,STANCE,1.1342,-0.3248,0.2128,0,0.00,0.005,0.026,0.014,STANCE,1.1499,0.3649,0.2423,0,0.00,0.003,0.149,0.024,STANCE,0.7910,-0.1513,0.0266,0,0.00,0.006,0.096,0.103,SWING,0.8404,0.2221,0.0169,0,0.00,0.004,0.191,0.094,STANCE
96.268,6916,placemove,0.9931,0.0324,0.3367,-0.0550,-0.7689,-0.0144,0.0031,-0.0124,-0.1316,0.1765,0.2547,0.0694,1.000,0.000,0.0000,0.0000,1.2658,-0.2600,0.3242,1,5.79,1.235,2.940,0.422,STANCE,1.2750,0.2936,0.3555,0,0.00,0.278,0.159,0.016,STANCE,1.1357,-0.3253,0.2091,0,0.00,0.075,0.032,0.007,STANCE,1.1520,0.3645,0.2378,0,0.00,0.300,0.315,0.030,STANCE,0.7857,-0.1496,0.0343,0,0.00,0.065,0.391,0.090,SWING,0.8398,0.2220,0.0150,1,48.31,1.006,2.940,2.940,STANCE
96.353,6920,placemove,0.9929,0.0318,0.3362,-0.0528,-0.7695,-0.0155,-0.0163,-0.0437,-0.0488,0.0280,-0.1528,-0.0397,1.000,0.000,0.0000,0.0000,1.2658,-0.2603,0.3229,0,0.00,0.006,0.042,0.007,STANCE,1.2753,0.2932,0.3547,0,0.00,0.011,0.178,0.012,STANCE,1.1374,-0.3256,0.2060,0,0.00,0.011,0.052,0.020,STANCE,1.1533,0.3641,0.2361,0,0.00,0.007,0.118,0.021,STANCE,0.7751,-0.1495,0.0418,0,0.00,0.003,0.039,0.054,SWING,0.8394,0.2220,0.0149,0,0.00,0.000,0.176,0.008,STANCE
96.384,6924,placemove,0.9927,0.0309,0.3347,-0.0494,-0.7707,-0.0174,0.0038,-0.0736,-0.0590,0.1821,-0.0213,0.0010,1.000,0.000,0.0000,0.0000,1.2656,-0.2611,0.3212,1,2.15,0.544,0.797,0.012,STANCE,1.2745,0.2924,0.3548,0,0.00,0.090,0.091,0.008,STANCE,1.1381,-0.3262,0.2032,0,0.00,0.082,0.057,0.010,STANCE,1.1549,0.3634,0.2339,0,0.00,0.096,0.111,0.017,STANCE,0.7624,-0.1515,0.0478,0,0.00,0.149,0.259,0.071,SWING,0.8386,0.2220,0.0147,1,15.67,0.531,0.261,1.720,STANCE
96.458,6928,placemove,0.9927,0.0297,0.3339,-0.0457,-0.7715,-0.0195,-0.0126,-0.0571,-0.0786,0.1108,-0.0894,0.0327,1.000,0.000,0.0000,0.0000,1.2656,-0.2622,0.3195,0,0.00,0.052,0.013,0.002,STANCE,1.2753,0.2911,0.3542,0,0.00,0.053,0.092,0.009,STANCE,1.1382,-0.3269,0.2012,0,0.00,0.057,0.001,0.001,STANCE,1.1566,0.3624,0.2326,0,0.00,0.057,0.087,0.016,STANCE,0.7605,-0.1557,0.0591,0,0.00,0.370,0.111,0.103,SWING,0.8384,0.2220,0.0147,0,0.00,0.076,0.093,0.007,STANCE
96.510,6932,placemove,0.9926,0.0286,0.3330,-0.0425,-0.7735,-0.0207,0.0039,-0.0746,-0.0529,0.1817,-0.0260,0.0698,1.000,0.000,0.0000,0.0000,1.2655,-0.2632,0.3184,0,0.00,0.028,0.011,0.002,STANCE,1.2751,0.2899,0.3547,0,0.00,0.073,0.075,0.008,STANCE,1.1384,-0.3276,0.1996,0,0.00,0.039,0.008,0.000,STANCE,1.1584,0.3615,0.2312,0,0.00,0.074,0.106,0.019,STANCE,0.7612,-0.1635,0.0718,0,0.00,0.730,0.124,0.110,SWING,0.8385,0.2219,0.0146,1,8.55,0.932,0.421,1.223,STANCE
96.571,6936,placemove,0.9926,0.0275,0.3320,-0.0393,-0.7749,-0.0218,0.0056,-0.0723,-0.0681,0.1581,-0.1036,0.0777,1.000,0.000,0.0000,0.0000,1.2656,-0.2644,0.3168,0,0.00,0.006,0.037,0.002,STANCE,1.2754,0.2886,0.3547,0,0.00,0.066,0.016,0.010,STANCE,1.1386,-0.3283,0.1976,0,0.00,0.013,0.020,0.003,STANCE,1.1602,0.3605,0.2300,0,0.00,0.066,0.117,0.020,STANCE,0.7634,-0.1724,0.0855,0,0.00,0.369,0.147,0.102,SWING,0.8384,0.2218,0.0145,1,9.00,0.590,0.247,1.206,STANCE
96.597,6940,placemove,0.9925,0.0264,0.3312,-0.0362,-0.7760,-0.0223,-0.0094,-0.0683,-0.0413,0.1470,-0.0580,0.0948,1.000,0.000,0.0000,0.0000,1.2656,-0.2653,0.3153,1,2.32,0.600,0.865,0.015,STANCE,1.2758,0.2875,0.3545,0,0.00,0.050,0.114,0.018,STANCE,1.1388,-0.3289,0.1958,0,0.00,0.069,0.030,0.001,STANCE,1.1618,0.3597,0.2288,0,0.00,0.060,0.118,0.022,STANCE,0.7659,-0.1790,0.0989,0,0.00,0.626,0.137,0.111,SWING,0.8385,0.2217,0.0144,1,9.11,1.391,0.709,0.490,STANCE
96.658,6944,placemove,0.9923,0.0254,0.3304,-0.0341,-0.7785,-0.0218,-0.0050,-0.0597,-0.0517,0.1382,-0.0830,0.0858,1.000,0.000,0.0000,0.0000,1.2656,-0.2660,0.3144,0,0.00,0.002,0.005,0.005,STANCE,1.2753,0.2867,0.3552,0,0.00,0.077,0.020,0.007,STANCE,1.1392,-0.3294,0.1943,0,0.00,0.012,0.012,0.002,STANCE,1.1633,0.3590,0.2276,0,0.00,0.074,0.093,0.018,STANCE,0.7655,-0.1750,0.1078,0,0.00,0.247,0.148,0.101,SWING,0.8384,0.2216,0.0143,1,10.88,0.290,0.446,1.659,STANCE
96.700,6948,placemove,0.9922,0.0244,0.3296,-0.0313,-0.7785,-0.0228,0.0057,-0.0707,-0.0562,0.0862,0.0817,-0.0706,1.000,0.000,0.0000,0.0000,1.2655,-0.2670,0.3128,0,0.00,0.092,0.103,0.022,STANCE,1.2758,0.2855,0.3548,0,0.00,0.118,0.113,0.017,STANCE,1.1391,-0.3300,0.1924,0,0.00,0.119,0.054,0.013,STANCE,1.1649,0.3582,0.2263,0,0.00,0.121,0.067,0.015,STANCE,0.7671,-0.1723,0.1165,0,0.00,0.289,0.058,0.118,SWING,0.8384,0.2216,0.0141,1,11.61,0.144,1.344,2.302,STANCE
96.779,6952,placemove,0.9918,0.0238,0.3291,-0.0305,-0.7816,-0.0206,-0.0162,-0.0317,-0.0389,0.0717,-0.2174,0.0829,1.000,0.000,0.0000,0.0000,1.2654,-0.2673,0.3124,0,0.00,0.008,0.043,0.019,STANCE,1.2754,0.2851,0.3552,0,0.00,0.115,0.074,0.023,STANCE,1.1395,-0.3302,0.1916,0,0.00,0.003,0.053,0.010,STANCE,1.1661,0.3579,0.2252,0,0.00,0.106,0.061,0.012,STANCE,0.7820,-0.1707,0.1106,0,0.00,0.235,0.033,0.124,SWING,0.8380,0.2215,0.0142,1,14.36,0.077,0.775,2.399,STANCE
96.818,6956,placemove,0.9916,0.0231,0.3287,-0.0286,-0.7834,-0.0204,-0.0087,-0.0448,-0.0137,0.0769,-0.0860,0.0852,1.000,0.000,0.0000,0.0000,1.2654,-0.2679,0.3119,1,3.32,0.927,0.785,0.293,SHIFT,1.2756,0.2844,0.3554,0,0.00,0.019,0.127,0.021,SHIFT,1.1397,-0.3305,0.1907,0,0.00,0.104,0.042,0.000,SHIFT,1.1677,0.3574,0.2243,0,0.00,0.037,0.128,0.025,SHIFT,0.7840,-0.1766,0.0991,0,0.00,0.298,0.060,0.090,SWING,0.8382,0.2215,0.0142,1,11.00,1.127,0.900,0.639,SHIFT
96.869,6960,placemove,0.9923,0.0215,0.3289,-0.0242,-0.7839,-0.0236,0.0665,-0.1226,0.0149,0.2655,-0.0420,0.0481,1.000,0.000,0.0000,0.0000,1.2648,-0.2695,0.3102,0,0.00,0.160,0.015,0.002,SHIFT,1.2770,0.2826,0.3544,1,1.45,0.535,0.689,0.316,SHIFT,1.1391,-0.3315,0.1886,0,0.00,0.165,0.038,0.008,SHIFT,1.1695,0.3561,0.2232,0,0.00,0.084,0.154,0.030,SHIFT,0.7897,-0.1809,0.0894,0,0.00,0.093,0.152,0.022,SHIFT,0.8383,0.2214,0.0142,1,8.06,0.110,0.708,1.551,SHIFT
96.921,6964,placemove,0.9937,0.0193,0.3285,-0.0193,-0.7846,-0.0277,0.0815,-0.1053,0.0006,0.1132,0.0358,-0.0601,1.000,0.000,0.0000,0.0000,1.2642,-0.2722,0.3071,0,0.00,0.381,0.144,0.009,SHIFT,1.2768,0.2796,0.3551,0,0.00,0.083,0.139,0.024,SHIFT,1.1386,-0.3333,0.1851,1,29.15,2.940,0.780,2.940,SHIFT,1.1720,0.3539,0.2217,0,0.00,0.001,0.145,0.041,SHIFT,0.7984,-0.1813,0.0788,0,0.00,0.053,0.014,0.032,SHIFT,0.8379,0.2213,0.0144,1,9.40,2.177,2.538,0.638,SHIFT
96.971,6968,placemove,0.9951,0.0187,0.3283,-0.0199,-0.7848,-0.0253,0.0852,-0.0273,-0.0828,-0.0303,0.1835,0.0903,1.000,0.000,0.0000,0.0000,1.2641,-0.2730,0.3054,0,0.00,0.077,0.001,0.002,SHIFT,1.2747,0.2797,0.3573,0,0.00,0.061,0.064,0.109,SHIFT,1.1337,-0.3359,0.1881,0,0.00,0.091,0.106,0.102,SHIFT,1.1739,0.3533,0.2194,0,0.00,0.064,0.075,0.020,SHIFT,0.8079,-0.1806,0.0699,0,0.00,0.057,0.101,0.012,SHIFT,0.8355,0.2215,0.0160,0,0.00,0.027,0.044,0.027,SHIFT
96.994,6972,placemove,0.9968,0.0180,0.3261,-0.0175,-0.7797,-0.0253,0.1325,-0.0753,-0.1321,0.2428,0.4413,0.0293,1.000,0.000,0.0000,0.0000,1.2642,-0.2735,0.2998,0,0.00,0.146,0.074,0.019,SHIFT,1.2677,0.2808,0.3620,0,0.00,0.185,0.075,0.109,SHIFT,1.1253,-0.3393,0.1908,0,0.00,0.186,0.160,0.090,SHIFT,1.1754,0.3530,0.2145,0,0.00,0.180,0.060,0.013,SHIFT,0.8169,-0.1793,0.0599,0,0.00,0.135,0.093,0.021,SHIFT,0.8345,0.2215,0.0147,1,15.31,0.341,1.251,2.940,SHIFT
97.031,6976,placemove,0.9998,0.0158,0.3243,-0.0124,-0.7712,-0.0303,0.2130,-0.1840,-0.0851,0.2086,0.5200,-0.2103,1.000,0.000,0.0000,0.0000,1.2646,-0.2761,0.2927,0,0.00,0.159,0.085,0.019,SHIFT,1.2626,0.2789,0.3665,0,0.00,0.182,0.297,0.185,SHIFT,1.1171,-0.3428,0.1919,0,0.00,0.201,0.174,0.168,SHIFT,1.1786,0.3511,0.2101,0,0.00,0.181,0.080,0.015,SHIFT,0.8260,-0.1777,0.0506,0,0.00,0.141,0.109,0.024,SHIFT,0.8347,0.2214,0.0144,1,15.48,0.315,1.135,2.940,SHIFT
97.052,6980,placemove,1.0040,0.0117,0.3232,-0.0084,-0.7618,-0.0375,0.2659,-0.2659,-0.0900,0.2416,0.6401,-0.2845,1.000,0.000,0.0000,0.0000,1.2649,-0.2815,0.2862,0,0.00,0.089,0.001,0.002,SHIFT,1.2655,0.2704,0.3631,0,0.00,0.052,0.061,0.005,SHIFT,1.1164,-0.3393,0.1863,0,0.00,0.102,0.128,0.002,SHIFT,1.1843,0.3466,0.2063,0,0.00,0.053,0.072,0.022,SHIFT,0.8357,-0.1769,0.0425,0,0.00,0.063,0.109,0.013,SHIFT,0.8351,0.2213,0.0141,0,0.00,0.021,0.007,0.013,SHIFT
97.116,6984,placemove,1.0072,0.0109,0.3240,-0.0172,-0.7551,-0.0329,0.1677,0.0753,0.0805,-0.4085,0.2986,0.2317,1.000,0.000,0.0000,0.0000,1.2648,-0.2847,0.2837,0,0.00,0.113,0.008,0.004,SHIFT,1.2710,0.2670,0.3582,0,0.00,0.024,0.090,0.021,SHIFT,1.1166,-0.3397,0.1845,1,3.92,0.135,1.161,1.665,SHIFT,1.1893,0.3437,0.2019,0,0.00,0.045,0.096,0.029,SHIFT,0.8458,-0.1757,0.0375,0,0.00,0.022,0.102,0.018,SHIFT,0.8358,0.2208,0.0142,0,0.00,0.065,0.031,0.009,SHIFT
97.169,6988,placemove,1.0097,0.0118,0.3251,-0.0266,-0.7499,-0.0261,0.0672,0.0064,0.0766,-0.1236,-0.0598,0.1966,1.000,0.000,0.0000,0.0000,1.2650,-0.2845,0.2833,1,15.22,1.883,2.838,0.690,SHIFT,1.2747,0.2674,0.3537,1,29.53,1.056,2.940,2.940,SHIFT,1.1157,-0.3404,0.1848,0,0.00,0.068,0.094,0.020,SHIFT,1.1924,0.3437,0.1975,0,0.00,0.030,0.491,0.050,SHIFT,0.8565,-0.1732,0.0339,0,0.00,0.113,0.353,0.025,SHIFT,0.8359,0.2209,0.0141,1,5.45,1.472,0.850,0.427,SHIFT
97.241,6992,placemove,1.0109,0.0117,0.3265,-0.0280,-0.7515,-0.0223,0.0710,-0.0051,0.0684,-0.0642,-0.0230,0.0999,1.000,0.000,0.0000,0.0000,1.2651,-0.2844,0.2836,1,5.26,0.359,0.068,0.432,SHIFT,1.2747,0.2674,0.3538,0,0.00,0.069,0.017,0.001,SHIFT,1.1160,-0.3404,0.1848,1,0.62,0.088,0.009,0.116,SHIFT,1.1937,0.3437,0.1964,0,0.00,0.064,0.072,0.020,SHIFT,0.8691,-0.1708,0.0290,0,0.00,0.020,0.435,0.084,SHIFT,0.8360,0.2209,0.0140,1,3.01,0.166,0.431,0.135,SHIFT
97.268,6996,placemove,1.0123,0.0116,0.3278,-0.0296,-0.7518,-0.0197,0.0834,0.0022,0.0699,-0.0761,0.0302,0.0489,1.000,0.000,0.0000,0.0000,1.2652,-0.2844,0.2836,1,7.35,0.382,0.606,1.059,SHIFT,1.2747,0.2674,0.3540,0,0.00,0.037,0.001,0.002,SHIFT,1.1161,-0.3404,0.1847,0,0.00,0.084,0.030,0.005,SHIFT,1.1953,0.3436,0.1948,0,0.00,0.040,0.088,0.024,SHIFT,0.8737,-0.1702,0.0265,0,0.00,0.029,0.140,0.016,SHIFT,0.8362,0.2209,0.0139,1,3.23,0.175,0.056,0.427,SHIFT
97.346,7000,placemove,1.0134,0.0117,0.3285,-0.0314,-0.7521,-0.0178,0.0109,0.0195,-0.0205,-0.0897,-0.1578,0.0286,1.000,0.000,0.0000,0.0000,1.2653,-0.2843,0.2836,0,0.02,0.032,0.049,0.005,STANCE,1.2749,0.2675,0.3537,1,3.20,0.106,0.678,0.093,STANCE,1.1162,-0.3403,0.1848,1,1.19,0.257,0.669,0.163,STANCE,1.1972,0.3436,0.1928,0,0.00,0.034,0.097,0.024,STANCE,0.8756,-0.1702,0.0247,0,0.00,0.002,0.061,0.014,STANCE,0.8349,0.2207,0.0160,0,0.00,0.024,0.111,0.078,SWING
97.391,7004,placemove,1.0131,0.0122,0.3271,-0.0342,-0.7574,-0.0167,-0.0101,0.0380,-0.1539,-0.1072,-0.2760,-0.0607,1.000,0.000,0.0000,0.0000,1.2648,-0.2842,0.2841,0,0.00,0.009,0.011,0.002,STANCE,1.2738,0.2678,0.3545,0,0.00,0.004,0.004,0.004,STANCE,1.1151,-0.3405,0.1856,0,0.00,0.008,0.002,0.002,STANCE,1.1996,0.3435,0.1903,0,0.00,0.002,0.079,0.024,STANCE,0.8782,-0.1701,0.0213,0,0.00,0.008,0.074,0.014,STANCE,0.8305,0.2198,0.0236,0,0.00,0.008,0.078,0.106,SWING
97.433,7008,placemove,1.0129,0.0128,0.3231,-0.0348,-0.7621,-0.0165,-0.0421,0.0019,-0.2748,0.4566,-0.4319,0.2914,1.000,0.000,0.0000,0.0000,1.2644,-0.2840,0.2819,0,0.00,0.050,0.263,0.046,STANCE,1.2657,0.2683,0.3599,0,0.00,0.213,0.589,0.086,STANCE,1.1070,-0.3418,0.1910,0,0.00,0.091,0.286,0.152,STANCE,1.2022,0.3436,0.1852,1,26.06,1.025,0.236,2.940,STANCE,0.8808,-0.1698,0.0154,0,0.00,0.063,0.166,0.014,STANCE,0.8268,0.2186,0.0291,0,0.00,0.034,0.329,0.085,SWING
97.476,7012,placemove,1.0123,0.0125,0.3217,-0.0367,-0.7609,-0.0155,-0.0029,0.0114,-0.0843,-0.1010,-0.1557,0.0224,1.000,0.000,0.0000,0.0000,1.2637,-0.2844,0.2798,0,0.00,0.101,0.008,0.007,STANCE,1.2568,0.2678,0.3661,0,0.00,0.039,0.080,0.064,STANCE,1.0981,-0.3430,0.1974,0,0.00,0.100,0.188,0.179,STANCE,1.1975,0.3458,0.1881,0,0.00,0.057,0.138,0.094,STANCE,0.8800,-0.1699,0.0142,1,18.17,0.242,1.238,2.940,STANCE,0.8095,0.2230,0.0339,0,0.00,0.087,0.195,0.095,SWING
97.527,7016,placemove,1.0125,0.0133,0.3203,-0.0398,-0.7635,-0.0122,0.0323,0.0777,-0.0894,-0.2237,-0.0282,0.0280,1.000,0.000,0.0000,0.0000,1.2642,-0.2835,0.2797,0,0.00,0.064,0.030,0.003,STANCE,1.2556,0.2698,0.3667,0,0.00,0.045,0.022,0.008,STANCE,1.0977,-0.3389,0.1986,0,0.00,0.071,0.134,0.000,STANCE,1.1906,0.3504,0.1949,0,0.00,0.050,0.074,0.105,STANCE,0.8793,-0.1699,0.0143,1,13.85,0.231,0.780,2.153,STANCE,0.7967,0.2267,0.0400,0,0.00,0.059,0.227,0.050,SWING
97.548,7020,placemove,1.0134,0.0151,0.3186,-0.0473,-0.7616,-0.0080,0.0730,0.1248,-0.1127,-0.4436,0.1052,-0.2553,1.000,0.000,0.0000,0.0000,1.2650,-0.2820,0.2792,1,1.67,0.642,0.827,0.555,STANCE,1.2580,0.2717,0.3618,0,0.00,0.103,0.043,0.009,STANCE,1.0999,-0.3375,0.1972,0,0.00,0.016,0.171,0.026,STANCE,1.1839,0.3548,0.1996,0,0.00,0.116,0.029,0.113,STANCE,0.8794,-0.1698,0.0142,1,9.73,0.696,1.128,1.836,STANCE,0.7959,0.2294,0.0503,0,0.00,0.316,0.056,0.120,SWING
97.589,7024,placemove,1.0151,0.0174,0.3164,-0.0588,-0.7596,-0.0063,0.1219,0.1491,-0.1444,-0.5720,0.1482,-0.4497,1.000,0.000,0.0000,0.0000,1.2650,-0.2813,0.2793,1,0.78,0.454,0.189,0.187,STANCE,1.2625,0.2730,0.3551,0,0.00,0.061,0.065,0.016,STANCE,1.1011,-0.3369,0.1964,0,0.00,0.064,0.124,0.019,STANCE,1.1792,0.3579,0.2025,0,0.00,0.073,0.073,0.104,STANCE,0.8794,-0.1697,0.0141,1,10.58,1.038,1.105,1.880,STANCE,0.8000,0.2370,0.0614,0,0.00,0.576,0.096,0.115,SWING
97.623,7028,placemove,1.0171,0.0198,0.3141,-0.0710,-0.7582,-0.0061,0.0501,0.0825,-0.0555,-0.1221,-0.2036,-0.3323,1.000,0.000,0.0000,0.0000,1.2650,-0.2809,0.2795,0,0.00,0.095,0.008,0.009,STANCE,1.2679,0.2740,0.3480,1,33.81,2.584,2.940,2.940,STANCE,1.1022,-0.3364,0.1959,0,0.00,0.079,0.033,0.010,STANCE,1.1758,0.3602,0.2043,0,0.00,0.244,0.456,0.088,STANCE,0.8794,-0.1695,0.0139,1,21.31,2.940,2.940,0.753,STANCE,0.8081,0.2475,0.0730,0,0.00,0.696,0.327,0.090,SWING
97.672,7032,placemove,1.0175,0.0203,0.3118,-0.0700,-0.7656,-0.0081,0.0350,0.0239,-0.1893,-0.1532,-0.6671,-0.0241,1.000,0.000,0.0000,0.0000,1.2620,-0.2802,0.2828,0,0.00,0.261,0.035,0.041,STANCE,1.2667,0.2746,0.3488,0,0.00,0.026,0.099,0.008,STANCE,1.1013,-0.3358,0.1964,0,0.00,0.272,0.023,0.021,STANCE,1.1691,0.3620,0.2114,0,0.00,0.001,0.027,0.112,STANCE,0.8781,-0.1687,0.0146,1,12.52,1.273,1.274,2.015,STANCE,0.8150,0.2547,0.0854,0,0.00,0.477,0.049,0.144,SWING
97.693,7036,placemove,1.0185,0.0212,0.3083,-0.0744,-0.7737,-0.0053,0.0827,0.0897,-0.2005,-0.2699,-0.2075,-0.0148,1.000,0.000,0.0000,0.0000,1.2599,-0.2788,0.2865,0,0.00,0.038,0.106,0.042,STANCE,1.2652,0.2761,0.3485,0,0.00,0.045,0.147,0.013,STANCE,1.1016,-0.3351,0.1972,0,0.00,0.058,0.048,0.013,STANCE,1.1628,0.3627,0.2159,0,0.00,0.052,0.336,0.186,STANCE,0.8784,-0.1688,0.0145,1,16.11,0.308,0.179,2.122,STANCE,0.8191,0.2536,0.0917,0,0.00,0.001,0.195,0.093,SWING
97.741,7040,placemove,1.0200,0.0230,0.3051,-0.0805,-0.7764,-0.0020,0.0287,0.0520,-0.1003,-0.0505,-0.3615,-0.0807,1.000,0.000,0.0000,0.0000,1.2595,-0.2767,0.2878,0,0.00,0.040,0.049,0.008,STANCE,1.2662,0.2782,0.3448,1,27.05,2.940,2.390,2.940,STANCE,1.1032,-0.3338,0.1968,0,0.00,0.003,0.082,0.008,STANCE,1.1614,0.3564,0.2119,0,0.00,0.231,0.226,0.106,STANCE,0.8785,-0.1687,0.0143,1,23.30,2.940,2.940,1.018,STANCE,0.8215,0.2503,0.0977,0,0.00,0.076,0.274,0.098,SWING
97.763,7044,placemove,1.0199,0.0228,0.3045,-0.0768,-0.7798,-0.0057,-0.0203,-0.0162,-0.0209,0.1288,-0.1984,-0.0616,1.000,0.000,0.0000,0.0000,1.2586,-0.2764,0.2890,0,0.00,0.049,0.012,0.012,STANCE,1.2661,0.2785,0.3443,1,1.67,0.436,0.848,0.347,STANCE,1.1043,-0.3339,0.1957,0,0.00,0.059,0.094,0.008,STANCE,1.1612,0.3528,0.2112,0,0.00,0.037,0.040,0.001,STANCE,0.8784,-0.1686,0.0142,1,8.84,0.427,0.636,0.532,STANCE,0.8368,0.2448,0.0926,0,0.00,0.020,0.051,0.103,SWING
97.812,7048,placemove,1.0194,0.0226,0.3044,-0.0735,-0.7833,-0.0083,-0.0410,-0.0072,-0.0027,0.0908,-0.1838,-0.0086,1.000,0.000,0.0000,0.0000,1.2577,-0.2763,0.2901,0,0.00,0.040,0.004,0.004,SHIFT,1.2661,0.2784,0.3442,0,0.48,0.150,0.212,0.069,SHIFT,1.1055,-0.3340,0.1946,0,0.00,0.049,0.109,0.014,SHIFT,1.1616,0.3525,0.2109,0,0.00,0.022,0.029,0.007,SHIFT,0.8784,-0.1686,0.0141,1,6.91,0.197,0.082,0.681,SHIFT,0.8527,0.2379,0.0881,0,0.00,0.010,0.075,0.106,SWING
97.839,7052,placemove,1.0195,0.0233,0.3048,-0.0733,-0.7852,-0.0058,0.0376,0.0817,0.0324,-0.0371,-0.0014,0.2632,1.000,0.000,0.0000,0.0000,1.2573,-0.2749,0.2906,0,0.00,0.142,0.027,0.008,SHIFT,1.2656,0.2796,0.3427,0,0.00,0.118,0.079,0.021,SHIFT,1.1072,-0.3334,0.1931,0,0.00,0.141,0.070,0.006,SHIFT,1.1610,0.3532,0.2091,0,0.00,0.139,0.095,0.020,SHIFT,0.8785,-0.1686,0.0138,1,12.22,0.195,1.091,2.523,SHIFT,0.8642,0.2316,0.0835,0,0.00,0.118,0.048,0.013,SHIFT
97.877,7056,placemove,1.0205,0.0252,0.3051,-0.0752,-0.7837,0.0005,0.0754,0.1325,-0.0073,-0.1391,0.1848,0.2889,1.000,0.000,0.0000,0.0000,1.2586,-0.2717,0.2904,0,0.00,0.085,0.005,0.000,SHIFT,1.2651,0.2829,0.3393,0,0.00,0.115,0.061,0.014,SHIFT,1.1105,-0.3315,0.1916,0,0.00,0.090,0.097,0.016,SHIFT,1.1599,0.3555,0.2056,0,0.00,0.119,0.059,0.013,SHIFT,0.8786,-0.1685,0.0137,1,4.07,0.197,0.236,0.696,SHIFT,0.8709,0.2289,0.0769,0,0.00,0.091,0.094,0.007,SHIFT
97.914,7060,placemove,1.0219,0.0276,0.3049,-0.0785,-0.7812,0.0062,0.0693,0.1429,-0.0125,-0.1532,0.1235,0.1581,1.000,0.000,0.0000,0.0000,1.2603,-0.2678,0.2897,0,0.00,0.051,0.073,0.010,SHIFT,1.2651,0.2868,0.3342,1,3.47,0.973,1.080,0.272,SHIFT,1.1139,-0.3293,0.1899,0,0.00,0.066,0.136,0.024,SHIFT,1.1591,0.3581,0.2005,0,0.00,0.179,0.103,0.007,SHIFT,0.8788,-0.1684,0.0137,1,5.94,0.729,1.380,0.218,SHIFT,0.8777,0.2263,0.0696,0,0.00,0.085,0.085,0.014,SHIFT
97.957,7064,placemove,1.0230,0.0301,0.3048,-0.0815,-0.7794,0.0101,0.0686,0.1588,-0.0180,-0.1709,0.1188,0.1086,1.000,0.000,0.0000,0.0000,1.2615,-0.2642,0.2895,0,0.00,0.084,0.010,0.002,SHIFT,1.2652,0.2906,0.3291,0,0.00,0.120,0.076,0.014,SHIFT,1.1169,-0.3271,0.1886,0,0.00,0.088,0.094,0.018,SHIFT,1.1585,0.3606,0.1953,0,0.00,0.118,0.066,0.014,SHIFT,0.8790,-0.1683,0.0137,1,2.89,0.061,0.223,0.506,SHIFT,0.8850,0.2233,0.0625,0,0.00,0.085,0.105,0.008,SHIFT
97.983,7068,placemove,1.0241,0.0329,0.3047,-0.0847,-0.7782,0.0131,0.0550,0.1625,-0.0130,-0.1678,0.0428,0.0344,1.000,0.000,0.0000,0.0000,1.2627,-0.2603,0.2895,0,0.00,0.061,0.063,0.008,SHIFT,1.2652,0.2944,0.3239,1,2.88,0.773,0.847,0.267,SHIFT,1.1199,-0.3248,0.1876,0,0.00,0.072,0.125,0.023,SHIFT,1.1580,0.3631,0.1898,0,0.00,0.173,0.102,0.009,SHIFT,0.8791,-0.1682,0.0138,1,5.65,0.655,1.040,0.036,SHIFT,0.8926,0.2202,0.0557,0,0.00,0.088,0.093,0.015,SHIFT
98.045,7072,placemove,1.0251,0.0354,0.3044,-0.0870,-0.7793,0.0126,0.0621,0.0865,-0.0187,0.0295,-0.3774,-0.4701,1.000,0.000,0.0000,0.0000,1.2629,-0.2569,0.2902,0,0.00,0.038,0.089,0.024,SHIFT,1.2652,0.2980,0.3193,0,0.00,0.259,0.054,0.003,SHIFT,1.1220,-0.3227,0.1871,0,0.00,0.013,0.031,0.035,SHIFT,1.1576,0.3650,0.1849,1,9.11,0.629,1.308,2.940,SHIFT,0.8790,-0.1680,0.0140,0,0.00,0.013,0.148,0.003,SHIFT,0.9012,0.2169,0.0491,0,0.00,0.099,0.073,0.020,SHIFT
98.074,7076,placemove,1.0263,0.0368,0.3024,-0.0877,-0.7888,0.0043,0.0681,0.0856,-0.1919,-0.1129,-0.6575,-0.5134,1.000,0.000,0.0000,0.0000,1.2582,-0.2561,0.2939,0,0.00,0.069,0.043,0.041,SHIFT,1.2643,0.2986,0.3188,0,0.00,0.111,0.018,0.014,SHIFT,1.1196,-0.3221,0.1882,0,0.00,0.071,0.024,0.022,SHIFT,1.1524,0.3660,0.1888,0,0.00,0.112,0.089,0.104,SHIFT,0.8750,-0.1649,0.0197,0,0.00,0.019,0.154,0.034,SHIFT,0.9140,0.2134,0.0411,0,0.00,0.076,0.118,0.009,SHIFT
98.171,7080,placemove,1.0265,0.0379,0.2985,-0.0855,-0.8090,-0.0043,-0.0254,0.0746,-0.2672,-0.1351,-1.3183,-0.4437,1.000,0.000,0.0000,0.0000,1.2546,-0.2562,0.2952,0,0.00,0.071,0.025,0.012,SHIFT,1.2639,0.2987,0.3179,0,0.00,0.097,0.202,0.046,SHIFT,1.1190,-0.3217,0.1856,0,0.00,0.073,0.100,0.015,SHIFT,1.1481,0.3674,0.1922,0,0.00,0.100,0.034,0.003,SHIFT,0.8708,-0.1642,0.0163,0,0.00,0.032,0.103,0.029,SHIFT,0.9280,0.2105,0.0317,0,0.00,0.066,0.110,0.022,SHIFT
98.199,7084,placemove,1.0265,0.0398,0.2948,-0.1009,-0.8123,0.0008,0.0137,0.1546,-0.1849,-0.6576,0.0807,-0.1397,1.000,0.000,0.0000,0.0000,1.2454,-0.2558,0.3011,0,0.00,0.182,0.144,0.040,SHIFT,1.2586,0.3001,0.3157,0,0.00,0.151,0.220,0.007,SHIFT,1.1080,-0.3217,0.1928,0,0.00,0.170,0.088,0.114,SHIFT,1.1431,0.3680,0.1892,0,0.00,0.176,0.184,0.019,SHIFT,0.8711,-0.1639,0.0140,1,14.12,0.266,1.281,2.940,SHIFT,0.9306,0.2088,0.0235,0,0.00,0.143,0.016,0.012,SHIFT
98.254,7088,placemove,1.0264,0.0416,0.2953,-0.0984,-0.8115,0.0057,0.0007,0.0777,0.1792,0.4470,-0.0661,0.5352,1.000,0.000,0.0000,0.0000,1.2495,-0.2512,0.2966,0,0.00,0.172,0.134,0.031,SHIFT,1.2608,0.3033,0.3077,0,0.00,0.156,0.215,0.052,SHIFT,1.1009,-0.3188,0.2003,0,0.00,0.160,0.110,0.110,SHIFT,1.1429,0.3695,0.1845,0,0.00,0.414,0.264,0.010,SHIFT,0.8712,-0.1638,0.0136,1,13.95,0.563,1.227,2.940,SHIFT,0.9276,0.2091,0.0215,0,0.00,0.145,0.022,0.014,SHIFT
98.294,7092,placemove,1.0270,0.0438,0.2983,-0.0863,-0.8110,0.0076,0.0443,0.1473,0.1287,0.5764,0.2836,0.8273,1.000,0.000,0.0000,0.0000,1.2522,-0.2466,0.2975,0,0.00,0.035,0.083,0.031,SWING,1.2617,0.3078,0.3062,0,0.00,0.039,0.228,0.028,STANCE,1.0967,-0.3141,0.2086,0,0.00,0.015,0.190,0.090,STANCE,1.1391,0.3743,0.1852,0,0.00,0.048,0.220,0.025,STANCE,0.8717,-0.1637,0.0134,0,0.00,0.018,0.060,0.020,STANCE,0.9248,0.2111,0.0243,0,0.00,0.036,0.028,0.002,STANCE
98.367,7096,placemove,1.0278,0.0454,0.2992,-0.0765,-0.8092,0.0058,0.0334,0.0224,0.0119,0.2725,0.0810,0.0123,1.000,0.000,0.0000,0.0000,1.2471,-0.2444,0.3044,0,0.00,0.008,0.175,0.083,SWING,1.2638,0.3117,0.3036,0,0.00,0.091,0.074,0.000,STANCE,1.0926,-0.3093,0.2161,0,0.00,0.037,0.184,0.079,STANCE,1.1383,0.3772,0.1849,1,7.92,0.006,1.298,2.940,STANCE,0.8734,-0.1627,0.0138,1,0.81,0.093,0.384,0.204,STANCE,0.9230,0.2129,0.0262,0,0.00,0.048,0.017,0.011,STANCE
98.415,7100,placemove,1.0271,0.0447,0.2999,-0.0664,-0.8092,-0.0014,-0.0818,-0.0472,0.0617,0.4056,-0.0653,0.1153,1.000,0.000,0.0000,0.0000,1.2384,-0.2456,0.3113,0,0.00,0.124,0.129,0.103,SWING,1.2651,0.3117,0.3025,0,0.00,0.015,0.084,0.021,STANCE,1.0914,-0.3086,0.2173,0,0.00,0.061,0.129,0.008,STANCE,1.1376,0.3775,0.1858,0,0.00,0.017,0.008,0.005,STANCE,0.8733,-0.1627,0.0138,1,6.47,0.316,0.283,0.952,STANCE,0.9219,0.2130,0.0274,0,0.00,0.010,0.017,0.004,STANCE
98.462,7104,placemove,1.0248,0.0441,0.3019,-0.0559,-0.8107,-0.0062,-0.2511,-0.0477,0.2562,0.4846,0.0663,0.2543,1.000,0.000,0.0000,0.0000,1.2288,-0.2457,0.3194,0,0.00,0.015,0.244,0.086,SWING,1.2652,0.3116,0.3025,1,15.79,0.641,0.535,2.940,STANCE,1.0947,-0.3087,0.2140,0,0.00,0.011,0.548,0.064,STANCE,1.1366,0.3779,0.1869,0,0.00,0.035,0.288,0.009,STANCE,0.8733,-0.1628,0.0135,1,16.04,1.190,2.940,0.051,STANCE,0.9196,0.2132,0.0297,0,0.00,0.032,0.108,0.014,STANCE
98.504,7108,placemove,1.0188,0.0432,0.3078,-0.0449,-0.8076,-0.0102,-0.3654,-0.0554,0.3340,0.3325,0.0520,0.2731,1.000,0.000,0.0000,0.0000,1.2183,-0.2443,0.3327,0,0.00,0.555,0.106,0.105,SWING,1.2652,0.3114,0.3025,0,0.00,0.040,0.302,0.100,STANCE,1.0973,-0.3092,0.2106,0,0.00,0.090,0.305,0.058,STANCE,1.1356,0.3778,0.1881,0,0.00,0.045,0.259,0.056,STANCE,0.8730,-0.1629,0.0135,0,0.00,0.079,0.218,0.050,STANCE,0.9121,0.2135,0.0369,0,0.00,0.051,0.046,0.002,STANCE
98.537,7112,placemove,1.0131,0.0427,0.3126,-0.0371,-0.8101,-0.0110,-0.3193,-0.0168,0.2330,0.2546,-0.3038,0.3120,1.000,0.000,0.0000,0.0000,1.2143,-0.2388,0.3534,0,0.00,0.104,0.133,0.103,SWING,1.2634,0.3121,0.3041,0,0.00,0.016,0.177,0.041,STANCE,1.0989,-0.3093,0.2091,0,0.00,0.001,0.230,0.047,STANCE,1.1334,0.3781,0.1898,0,0.00,0.012,0.159,0.040,STANCE,0.8725,-0.1631,0.0139,0,0.00,0.002,0.105,0.032,STANCE,0.9082,0.2135,0.0403,0,0.00,0.005,0.125,0.014,STANCE
98.568,7116,placemove,1.0082,0.0429,0.3157,-0.0329,-0.8164,-0.0092,-0.2725,0.0298,0.1431,0.0811,-0.4546,0.2583,1.000,0.000,0.0000,0.0000,1.2108,-0.2308,0.3739,0,0.00,0.145,0.141,0.105,SWING,1.2607,0.3133,0.3060,0,0.00,0.037,0.153,0.035,STANCE,1.1003,-0.3086,0.2084,0,0.00,0.043,0.168,0.032,STANCE,1.1311,0.3789,0.1911,0,0.00,0.039,0.122,0.032,STANCE,0.8725,-0.1631,0.0139,1,4.14,0.011,0.450,0.745,STANCE,0.9075,0.2134,0.0400,0,0.00,0.024,0.085,0.012,STANCE
98.609,7120,placemove,1.0041,0.0438,0.3173,-0.0326,-0.8229,-0.0052,-0.2280,0.0801,0.0631,-0.0614,-0.3906,0.2429,1.000,0.000,0.0000,0.0000,1.2112,-0.2307,0.3961,0,0.00,0.185,0.148,0.096,SWING,1.2580,0.3154,0.3067,0,0.00,0.041,0.114,0.029,STANCE,1.1014,-0.3075,0.2083,0,0.00,0.053,0.146,0.026,STANCE,1.1288,0.3802,0.1909,0,0.00,0.044,0.094,0.025,STANCE,0.8724,-0.1631,0.0138,1,6.57,0.023,0.500,1.058,STANCE,0.9070,0.2135,0.0384,0,0.00,0.029,0.078,0.008,STANCE
98.629,7124,placemove,1.0007,0.0456,0.3178,-0.0352,-0.8284,-0.0000,-0.1807,0.1272,-0.0005,-0.1885,-0.3254,0.1648,1.000,0.000,0.0000,0.0000,1.2144,-0.2352,0.4217,0,0.00,0.212,0.152,0.097,SWING,1.2557,0.3182,0.3056,0,0.00,0.044,0.088,0.024,STANCE,1.1027,-0.3057,0.2083,0,0.00,0.055,0.140,0.024,STANCE,1.1268,0.3820,0.1889,0,0.00,0.047,0.073,0.020,STANCE,0.8723,-0.1631,0.0138,1,7.82,0.014,0.526,1.236,STANCE,0.9067,0.2137,0.0357,0,0.00,0.031,0.068,0.005,STANCE
98.671,7128,placemove,0.9981,0.0481,0.3174,-0.0403,-0.8330,0.0054,-0.1468,0.1242,-0.0049,-0.1356,-0.3158,0.0619,1.000,0.000,0.0000,0.0000,1.2166,-0.2359,0.4490,0,0.00,0.052,0.173,0.132,SWING,1.2540,0.3215,0.3027,0,0.00,0.342,0.195,0.003,STANCE,1.1041,-0.3036,0.2086,0,0.00,0.023,0.142,0.039,STANCE,1.1254,0.3841,0.1850,1,29.30,2.940,0.083,2.940,STANCE,0.8723,-0.1630,0.0138,1,11.44,2.365,1.500,0.024,STANCE,0.9067,0.2140,0.0319,0,0.00,0.063,0.122,0.030,STANCE
98.704,7132,placemove,0.9958,0.0502,0.3156,-0.0527,-0.8523,0.0083,-0.1445,0.1237,-0.1726,-0.5419,-1.2582,-0.4048,1.000,0.000,0.0000,0.0000,1.2249,-0.2300,0.4648,0,0.00,0.175,0.097,0.093,SWING,1.2498,0.3230,0.3052,0,0.00,0.036,0.043,0.057,STANCE,1.1001,-0.3027,0.2152,0,0.00,0.038,0.035,0.051,STANCE,1.1201,0.3854,0.1875,0,0.00,0.033,0.103,0.102,STANCE,0.8690,-0.1628,0.0188,0,0.00,0.042,0.175,0.008,STANCE,0.9070,0.2134,0.0296,0,0.00,0.035,0.039,0.040,STANCE
98.750,7136,placemove,0.9932,0.0522,0.3118,-0.0600,-0.8702,0.0104,-0.1642,0.0682,-0.2150,0.4433,-1.4377,-0.0046,1.000,0.000,0.0000,0.0000,1.2344,-0.2236,0.4683,0,0.00,0.435,0.073,0.147,SWING,1.2488,0.3248,0.3020,0,0.00,0.536,0.133,0.007,STANCE,1.1002,-0.3018,0.2162,0,0.00,0.240,0.123,0.033,STANCE,1.1176,0.3854,0.1849,1,17.85,2.512,1.723,2.940,STANCE,0.8675,-0.1643,0.0173,0,0.00,0.239,0.100,0.020,STANCE,0.9107,0.2124,0.0217,0,0.00,0.321,0.075,0.028,STANCE
98.774,7140,placemove,0.9912,0.0536,0.3072,-0.0624,-0.8919,0.0069,-0.1060,0.1235,-0.2336,-0.5398,-0.5893,-0.4803,1.000,0.000,0.0000,0.0000,1.2377,-0.2256,0.4641,0,0.00,0.240,0.075,0.105,SWING,1.2416,0.3266,0.3068,0,0.00,0.075,0.032,0.082,SHIFT,1.0944,-0.3007,0.2198,0,0.00,0.126,0.121,0.098,SHIFT,1.1113,0.3868,0.1876,0,0.00,0.094,0.073,0.102,SHIFT,0.8685,-0.1633,0.0142,1,20.11,0.016,0.794,2.940,SHIFT,0.9101,0.2129,0.0192,0,0.00,0.078,0.061,0.087,SHIFT
98.810,7144,placemove,0.9902,0.0563,0.3062,-0.0681,-0.8861,0.0115,0.0205,0.1633,0.1291,-0.0808,0.5223,0.3802,1.000,0.000,0.0000,0.0000,1.2465,-0.2246,0.4571,0,0.00,0.287,0.136,0.152,SHIFT,1.2439,0.3289,0.2968,0,0.00,0.385,0.374,0.070,SHIFT,1.0975,-0.2990,0.2158,0,0.00,0.405,0.296,0.057,SHIFT,1.0992,0.3887,0.1889,0,0.00,0.364,0.079,0.114,SHIFT,0.8685,-0.1632,0.0138,1,20.96,2.940,1.332,2.940,SHIFT,0.9118,0.2123,0.0140,1,20.05,2.940,1.203,2.940,SHIFT
98.830,7148,placemove,0.9915,0.0587,0.3105,-0.0662,-0.8807,0.0125,0.1028,0.1000,0.2725,-0.0349,0.1604,0.1228,1.000,0.000,0.0000,0.0000,1.2593,-0.2224,0.4530,0,0.00,0.107,0.011,0.124,SHIFT,1.2467,0.3328,0.2926,0,0.00,0.168,0.135,0.033,SHIFT,1.1041,-0.2963,0.2149,0,0.00,0.206,0.278,0.062,SHIFT,1.0927,0.3924,0.1922,0,0.00,0.128,0.036,0.014,SHIFT,0.8694,-0.1634,0.0142,0,0.00,0.189,0.081,0.017,SHIFT,0.9120,0.2125,0.0137,1,12.85,0.601,1.685,2.940,SHIFT
98.873,7152,placemove,0.9936,0.0596,0.3151,-0.0636,-0.8788,0.0110,0.1314,0.0283,0.2558,0.1208,0.0977,0.0066,1.000,0.000,0.0000,0.0000,1.2715,-0.2217,0.4503,0,0.00,0.032,0.102,0.096,SHIFT,1.2497,0.3347,0.2913,0,0.00,0.116,0.116,0.034,SHIFT,1.1100,-0.2954,0.2161,0,0.00,0.062,0.155,0.036,SHIFT,1.0946,0.3933,0.1915,0,0.00,0.117,0.111,0.022,SHIFT,0.8720,-0.1643,0.0169,0,0.00,0.025,0.056,0.011,SHIFT,0.9123,0.2125,0.0135,0,0.00,0.068,0.008,0.012,SHIFT
98.893,7156,placemove,0.9959,0.0601,0.3178,-0.0609,-0.8784,0.0081,0.1386,0.0275,0.0852,0.0579,0.0375,-0.0304,1.000,0.000,0.0000,0.0000,1.2830,-0.2216,0.4456,0,0.00,0.035,0.127,0.092,SHIFT,1.2512,0.3357,0.2907,0,0.00,0.107,0.028,0.010,SHIFT,1.1133,-0.2949,0.2175,0,0.00,0.062,0.029,0.008,SHIFT,1.0958,0.3936,0.1909,0,0.00,0.114,0.032,0.005,SHIFT,0.8742,-0.1651,0.0186,0,0.00,0.027,0.036,0.003,SHIFT,0.9119,0.2122,0.0147,0,0.00,0.063,0.063,0.012,SHIFT
98.936,7160,placemove,0.9984,0.0603,0.3185,-0.0549,-0.8793,0.0016,0.1543,-0.0097,0.0213,0.2365,0.0856,-0.0974,1.000,0.000,0.0000,0.0000,1.2937,-0.2217,0.4380,0,0.00,0.069,0.164,0.089,SHIFT,1.2530,0.3364,0.2893,0,0.00,0.087,0.030,0.008,SHIFT,1.1161,-0.2945,0.2163,0,0.00,0.115,0.071,0.015,SHIFT,1.0975,0.3940,0.1894,0,0.00,0.095,0.069,0.004,SHIFT,0.8769,-0.1652,0.0172,0,0.00,0.109,0.136,0.015,SHIFT,0.9122,0.2122,0.0146,1,8.04,0.418,0.358,1.507,SHIFT
98.957,7164,placemove,1.0012,0.0597,0.3188,-0.0478,-0.8761,-0.0070,0.1805,-0.0457,0.0327,0.0998,0.4719,-0.3600,1.000,0.000,0.0000,0.0000,1.3041,-0.2230,0.4280,0,0.00,0.170,0.059,0.105,SHIFT,1.2559,0.3357,0.2869,0,0.00,0.103,0.112,0.001,SHIFT,1.1187,-0.2950,0.2130,0,0.00,0.214,0.294,0.034,SHIFT,1.1002,0.3935,0.1875,0,0.00,0.138,0.056,0.001,SHIFT,0.8790,-0.1653,0.0148,1,22.75,1.544,0.101,2.940,SHIFT,0.9125,0.2123,0.0144,1,1.84,0.924,0.622,0.376,SHIFT
99.029,7168,placemove,1.0046,0.0593,0.3199,-0.0441,-0.8681,-0.0112,0.1966,-0.0401,0.0372,0.2586,0.4392,0.2080,1.000,0.000,0.0000,0.0000,1.3149,-0.2236,0.4169,0,0.00,0.035,0.133,0.092,SHIFT,1.2601,0.3349,0.2830,0,0.00,0.081,0.024,0.027,SHIFT,1.1215,-0.2956,0.2097,0,0.00,0.085,0.030,0.031,SHIFT,1.1036,0.3930,0.1850,1,2.66,0.299,0.457,1.131,SHIFT,0.8791,-0.1652,0.0146,0,0.00,0.101,0.037,0.004,SHIFT,0.9125,0.2123,0.0147,0,0.00,0.002,0.039,0.001,SHIFT
99.064,7172,placemove,1.0082,0.0591,0.3196,-0.0399,-0.8639,-0.0103,0.2299,0.0096,-0.0464,0.1067,0.3939,0.2792,1.000,0.000,0.0000,0.0000,1.3258,-0.2194,0.4028,0,0.00,0.092,0.361,0.158,SHIFT,1.2610,0.3358,0.2810,0,0.00,0.038,0.009,0.005,SHIFT,1.1249,-0.2951,0.2067,0,0.00,0.103,0.029,0.009,SHIFT,1.1023,0.3935,0.1851,0,0.00,0.078,0.029,0.009,SHIFT,0.8794,-0.1653,0.0145,1,6.79,0.162,0.224,1.112,SHIFT,0.9110,0.2124,0.0154,0,0.00,0.041,0.046,0.012,SHIFT
99.140,7176,placemove,1.0126,0.0587,0.3187,-0.0359,-0.8592,-0.0113,0.2848,-0.0368,-0.0329,0.1773,0.4646,0.1070,1.000,0.000,0.0000,0.0000,1.3298,-0.2161,0.3952,0,0.00,0.020,0.013,0.015,SHIFT,1.2622,0.3364,0.2786,0,0.00,0.168,0.109,0.030,SHIFT,1.1281,-0.2948,0.2034,0,0.00,0.103,0.108,0.006,SHIFT,1.1010,0.3940,0.1852,0,0.00,0.181,0.100,0.038,SHIFT,0.8789,-0.1652,0.0146,1,1.35,0.315,0.409,0.027,SHIFT,0.9112,0.2125,0.0148,1,13.20,0.252,1.367,2.735,SHIFT
99.170,7180,placemove,1.0174,0.0579,0.3188,-0.0298,-0.8492,-0.0135,0.2763,-0.0609,0.0137,0.3019,0.7309,0.2152,1.000,0.000,0.0000,0.0000,1.3340,-0.2161,0.3903,0,0.00,0.060,0.085,0.021,SHIFT,1.2640,0.3364,0.2764,0,0.00,0.068,0.008,0.002,SHIFT,1.1324,-0.2949,0.1988,0,0.00,0.087,0.045,0.009,SHIFT,1.1015,0.3939,0.1849,1,2.66,0.064,0.162,0.435,SHIFT,0.8792,-0.1652,0.0145,1,2.83,0.082,0.253,0.224,SHIFT,0.9108,0.2125,0.0152,0,0.00,0.023,0.059,0.007,SHIFT
99.210,7184,placemove,1.0220,0.0568,0.3186,-0.0228,-0.8357,-0.0153,0.2781,-0.0661,-0.0699,0.3415,0.9513,0.2156,1.000,0.000,0.0000,0.0000,1.3390,-0.2163,0.3843,0,0.00,0.012,0.097,0.024,STANCE,1.2643,0.3370,0.2755,0,0.00,0.010,0.103,0.039,SWING,1.1370,-0.2950,0.1936,0,0.00,0.013,0.024,0.003,STANCE,1.1017,0.3939,0.1848,1,3.16,0.055,0.156,0.585,STANCE,0.8791,-0.1653,0.0147,0,0.00,0.021,0.081,0.010,STANCE,0.9099,0.2126,0.0164,0,0.00,0.001,0.061,0.002,STANCE
99.235,7188,placemove,1.0267,0.0556,0.3169,-0.0148,-0.8207,-0.0167,0.2791,-0.0788,-0.1024,0.3621,0.9472,0.3031,1.000,0.000,0.0000,0.0000,1.3447,-0.2165,0.3772,0,0.00,0.036,0.047,0.015,STANCE,1.2592,0.3403,0.2798,0,0.00,0.065,0.133,0.103,SWING,1.1419,-0.2951,0.1873,0,0.00,0.050,0.061,0.007,STANCE,1.1019,0.3938,0.1847,1,7.87,1.126,0.696,0.451,STANCE,0.8792,-0.1653,0.0147,1,8.64,1.048,0.740,0.435,STANCE,0.9100,0.2126,0.0166,0,0.00,0.018,0.120,0.002,STANCE
99.304,7192,placemove,1.0300,0.0550,0.3160,-0.0146,-0.8085,-0.0163,0.1652,-0.0178,-0.0886,-0.0875,0.5979,-0.0525,1.000,0.000,0.0000,0.0000,1.3470,-0.2171,0.3738,0,0.00,0.007,0.349,0.112,STANCE,1.2538,0.3424,0.2843,0,0.00,0.009,0.061,0.109,SWING,1.1426,-0.2956,0.1856,0,0.00,0.007,0.074,0.021,STANCE,1.1008,0.3934,0.1858,0,0.00,0.000,0.005,0.042,STANCE,0.8771,-0.1657,0.0171,0,0.00,0.009,0.119,0.036,STANCE,0.9090,0.2123,0.0179,0,0.00,0.004,0.194,0.016,STANCE
99.322,7196,placemove,1.0327,0.0547,0.3130,-0.0175,-0.7971,-0.0154,0.1588,-0.0171,-0.2447,-0.1392,0.7240,-0.1083,1.000,0.000,0.0000,0.0000,1.3448,-0.2176,0.3733,0,0.00,0.004,0.052,0.063,STANCE,1.2483,0.3436,0.2868,0,0.00,0.010,0.093,0.104,SWING,1.1351,-0.2976,0.1902,0,0.00,0.011,0.111,0.102,STANCE,1.0945,0.3916,0.1902,0,0.00,0.002,0.086,0.104,STANCE,0.8751,-0.1661,0.0175,0,0.00,0.003,0.009,0.004,STANCE,0.9050,0.2119,0.0200,0,0.00,0.002,0.004,0.019,STANCE
99.364,7200,placemove,1.0352,0.0544,0.3074,-0.0208,-0.7832,-0.0135,0.1574,-0.0089,-0.3626,0.3999,1.2263,0.1093,1.000,0.000,0.0000,0.0000,1.3469,-0.2178,0.3653,0,0.00,0.363,0.464,0.071,STANCE,1.2456,0.3434,0.2891,0,0.00,0.114,0.378,0.083,SWING,1.1273,-0.2989,0.1928,0,0.00,0.372,0.252,0.155,STANCE,1.0880,0.3893,0.1915,0,0.00,0.683,0.617,0.015,STANCE,0.8735,-0.1671,0.0150,0,0.00,0.458,0.057,0.017,STANCE,0.9050,0.2108,0.0148,1,35.57,2.913,0.927,2.940,STANCE
99.406,7204,placemove,1.0392,0.0547,0.3051,-0.0193,-0.7663,-0.0127,0.1249,0.0436,0.0272,-0.2734,0.6853,-0.2066,1.000,0.000,0.0000,0.0000,1.3539,-0.2171,0.3545,1,17.83,0.062,2.940,2.940,STANCE,1.2505,0.3416,0.3012,0,0.00,0.139,0.208,0.118,SWING,1.1223,-0.2976,0.1951,0,0.00,0.024,0.093,0.166,STANCE,1.0825,0.3932,0.1940,0,0.00,0.036,0.081,0.036,STANCE,0.8731,-0.1668,0.0144,0,0.00,0.001,0.155,0.005,STANCE,0.9051,0.2108,0.0143,1,33.27,0.101,2.940,2.940,STANCE
99.462,7208,placemove,1.0389,0.0560,0.3066,-0.0314,-0.7623,-0.0126,-0.0188,0.0803,0.0235,-0.5183,0.2258,-0.4958,1.000,0.000,0.0000,0.0000,1.3484,-0.2185,0.3618,0,0.00,0.006,0.090,0.105,STANCE,1.2548,0.3370,0.3175,0,0.00,0.096,0.107,0.105,SWING,1.1190,-0.2956,0.1997,0,0.00,0.001,0.063,0.005,STANCE,1.0839,0.3936,0.1929,0,0.00,0.005,0.005,0.001,STANCE,0.8698,-0.1666,0.0184,0,0.00,0.000,0.012,0.002,STANCE,0.9008,0.2106,0.0201,0,0.00,0.009,0.143,0.022,STANCE
99.481,7212,placemove,1.0386,0.0573,0.3055,-0.0422,-0.7553,-0.0127,-0.0227,0.0811,-0.1322,-0.4279,0.5202,-0.4229,1.000,0.000,0.0000,0.0000,1.3393,-0.2200,0.3707,0,0.00,0.005,0.078,0.106,STANCE,1.2584,0.3311,0.3310,0,0.00,0.093,0.105,0.105,SWING,1.1168,-0.2957,0.1997,0,0.00,0.004,0.068,0.014,STANCE,1.0853,0.3937,0.1891,0,0.00,0.003,0.027,0.002,STANCE,0.8659,-0.1663,0.0206,0,0.00,0.003,0.005,0.001,STANCE,0.8950,0.2116,0.0217,0,0.00,0.004,0.022,0.009,STANCE
99.525,7216,placemove,1.0380,0.0579,0.3025,-0.0397,-0.7495,-0.0179,-0.0490,-0.0440,-0.1849,0.6371,0.0288,-0.0251,1.000,0.000,0.0000,0.0000,1.3308,-0.2205,0.3748,0,0.00,0.057,0.320,0.198,STANCE,1.2653,0.3363,0.3467,0,0.00,0.194,0.080,0.007,SWING,1.1158,-0.2952,0.1947,0,0.00,0.035,0.156,0.036,STANCE,1.0864,0.3937,0.1848,1,7.81,0.452,1.057,2.940,STANCE,0.8625,-0.1648,0.0190,0,0.00,0.098,0.013,0.001,STANCE,0.8928,0.2130,0.0199,0,0.00,0.077,0.054,0.017,STANCE
99.552,7220,placemove,1.0372,0.0562,0.2996,-0.0284,-0.7483,-0.0269,0.0092,-0.0550,-0.0855,0.2082,0.2891,-0.0035,1.000,0.000,0.0000,0.0000,1.3270,-0.2204,0.3675,0,0.00,0.405,0.179,0.022,STANCE,1.2711,0.3384,0.3682,0,0.00,0.137,0.098,0.024,SWING,1.1157,-0.2961,0.1863,0,0.00,0.384,0.110,0.001,STANCE,1.0864,0.3935,0.1846,1,7.78,1.980,1.555,1.254,STANCE,0.8618,-0.1637,0.0143,1,26.68,2.940,0.071,2.940,STANCE,0.8922,0.2144,0.0184,0,0.00,0.007,0.012,0.027,STANCE
99.600,7224,placemove,1.0373,0.0564,0.2999,-0.0324,-0.7496,-0.0213,0.0010,0.0240,0.0296,-0.1790,-0.1168,0.1458,1.000,0.000,0.0000,0.0000,1.3286,-0.2200,0.3661,0,0.00,0.071,0.117,0.028,STANCE,1.2804,0.3415,0.3870,0,0.00,0.246,0.063,0.084,SWING,1.1170,-0.2962,0.1856,0,0.00,0.045,0.064,0.013,STANCE,1.0864,0.3935,0.1846,1,1.83,0.410,0.572,0.743,STANCE,0.8618,-0.1637,0.0141,1,1.89,0.163,0.074,0.252,STANCE,0.8923,0.2142,0.0184,0,0.00,0.059,0.002,0.005,STANCE
99.649,7228,placemove,1.0362,0.0564,0.3010,-0.0334,-0.7484,-0.0183,-0.0964,0.0098,0.0480,-0.0681,0.0777,0.1051,1.000,0.000,0.0000,0.0000,1.3308,-0.2197,0.3638,0,0.00,0.011,0.075,0.032,STANCE,1.2981,0.3351,0.3907,0,0.00,0.122,0.105,0.093,SWING,1.1179,-0.2961,0.1849,0,0.00,0.007,0.008,0.018,STANCE,1.0861,0.3936,0.1845,0,0.00,0.011,0.032,0.012,STANCE,0.8606,-0.1636,0.0150,0,0.00,0.010,0.001,0.001,STANCE,0.8910,0.2142,0.0195,0,0.00,0.009,0.018,0.002,STANCE
99.719,7232,placemove,1.0352,0.0566,0.3008,-0.0349,-0.7502,-0.0172,-0.0168,0.0081,-0.0049,-0.0942,-0.1009,-0.0261,1.000,0.000,0.0000,0.0000,1.3309,-0.2198,0.3627,0,0.00,0.067,0.049,0.019,SHIFT,1.3154,0.3265,0.3932,0,0.00,0.180,0.090,0.100,SWING,1.1168,-0.2960,0.1851,0,0.00,0.080,0.027,0.006,SHIFT,1.0851,0.3937,0.1845,1,5.87,1.360,0.492,0.195,SHIFT,0.8598,-0.1635,0.0148,1,8.09,1.417,0.194,0.715,SHIFT,0.8903,0.2143,0.0192,0,0.00,0.025,0.055,0.008,SHIFT
99.740,7236,placemove,1.0361,0.0567,0.3017,-0.0369,-0.7518,-0.0162,0.0808,0.0072,0.0564,-0.0461,0.0126,0.0174,1.000,0.000,0.0000,0.0000,1.3316,-0.2199,0.3620,0,0.00,0.074,0.006,0.009,SHIFT,1.3300,0.3214,0.3916,0,0.00,0.062,0.115,0.094,SHIFT,1.1161,-0.2960,0.1859,0,0.00,0.092,0.048,0.008,SHIFT,1.0851,0.3938,0.1844,1,1.45,0.018,0.422,0.137,SHIFT,0.8598,-0.1635,0.0146,1,1.50,0.219,0.282,0.043,SHIFT,0.8907,0.2142,0.0186,0,0.00,0.021,0.069,0.002,SHIFT
99.812,7240,placemove,1.0362,0.0568,0.3037,-0.0362,-0.7507,-0.0158,0.0088,0.0077,0.0619,-0.0112,-0.0011,0.0654,1.000,0.000,0.0000,0.0000,1.3332,-0.2200,0.3595,0,0.00,0.100,0.063,0.025,SHIFT,1.3385,0.3224,0.3852,0,0.00,0.039,0.092,0.098,SHIFT,1.1162,-0.2959,0.1849,0,0.37,0.111,0.029,0.001,SHIFT,1.0846,0.3939,0.1844,0,0.00,0.071,0.001,0.002,SHIFT,0.8585,-0.1633,0.0153,0,0.00,0.074,0.017,0.005,SHIFT,0.8893,0.2145,0.0196,0,0.00,0.015,0.008,0.007,SHIFT
99.862,7244,placemove,1.0372,0.0574,0.3043,-0.0382,-0.7510,-0.0126,0.0867,0.0699,0.0202,-0.0868,0.1490,0.2111,1.000,0.000,0.0000,0.0000,1.3336,-0.2191,0.3586,0,0.00,0.086,0.030,0.003,SHIFT,1.3463,0.3242,0.3767,0,0.00,0.066,0.120,0.095,SHIFT,1.1126,-0.2952,0.1885,0,0.00,0.103,0.086,0.107,SHIFT,1.0816,0.3945,0.1856,0,0.00,0.111,0.067,0.034,SHIFT,0.8585,-0.1633,0.0148,1,4.12,0.062,0.124,0.698,SHIFT,0.8886,0.2145,0.0187,0,0.00,0.054,0.041,0.005,SHIFT
99.922,7248,placemove,1.0384,0.0584,0.3050,-0.0416,-0.7520,-0.0101,0.0123,0.0133,0.0988,-0.0966,-0.3499,-0.2042,1.000,0.000,0.0000,0.0000,1.3373,-0.2176,0.3549,0,0.00,0.062,0.048,0.065,SHIFT,1.3543,0.3261,0.3670,0,0.00,0.065,0.113,0.095,SHIFT,1.1089,-0.2940,0.1932,0,0.00,0.084,0.023,0.001,SHIFT,1.0803,0.3952,0.1848,1,1.26,0.390,0.014,0.407,SHIFT,0.8586,-0.1632,0.0146,1,2.55,0.302,0.023,0.389,SHIFT,0.8892,0.2146,0.0165,0,0.00,0.037,0.174,0.018,SHIFT
99.968,7252,placemove,1.0391,0.0583,0.3067,-0.0412,-0.7529,-0.0126,0.0613,-0.0294,0.0889,0.0629,0.1125,-0.1346,1.000,0.000,0.0000,0.0000,1.3369,-0.2181,0.3551,0,0.00,0.091,0.036,0.013,SHIFT,1.3618,0.3251,0.3594,0,0.00,0.093,0.101,0.096,SHIFT,1.1091,-0.2943,0.1923,0,0.00,0.134,0.090,0.017,SHIFT,1.0802,0.3952,0.1850,0,0.00,0.098,0.005,0.006,SHIFT,0.8579,-0.1631,0.0148,0,0.00,0.090,0.003,0.004,SHIFT,0.8910,0.2145,0.0148,1,4.87,0.291,0.500,1.098,SHIFT
100.061,7256,placemove,1.0391,0.0579,0.3095,-0.0328,-0.7573,-0.0125,-0.0616,-0.0285,0.2334,0.3931,-0.1501,0.3245,1.000,0.000,0.0000,0.0000,1.3363,-0.2175,0.3572,0,0.00,0.034,0.023,0.012,SHIFT,1.3661,0.3249,0.3549,1,7.95,1.806,2.940,2.940,SHIFT,1.1119,-0.2938,0.1903,0,0.00,0.091,0.213,0.025,SHIFT,1.0778,0.3957,0.1880,0,0.00,0.237,0.073,0.008,SHIFT,0.8582,-0.1631,0.0146,1,3.20,0.905,2.185,1.243,SHIFT,0.8895,0.2149,0.0168,0,0.00,0.149,0.295,0.013,SHIFT
100.111,7260,placemove,1.0390,0.0580,0.3127,-0.0279,-0.7605,-0.0133,0.0015,0.0124,0.1348,0.0870,-0.2718,0.0677,1.000,0.000,0.0000,0.0000,1.3297,-0.2168,0.3657,0,0.00,0.090,0.026,0.050,SHIFT,1.3629,0.3247,0.3579,0,0.00,0.061,0.223,0.182,SHIFT,1.1135,-0.2932,0.1895,0,0.00,0.102,0.039,0.009,SHIFT,1.0754,0.3963,0.1916,0,0.00,0.084,0.035,0.002,SHIFT,0.8590,-0.1624,0.0149,0,0.14,0.033,0.111,0.046,SHIFT,0.8863,0.2156,0.0211,0,0.00,0.030,0.033,0.013,SHIFT
100.159,7264,placemove,1.0392,0.0585,0.3143,-0.0286,-0.7633,-0.0113,0.0247,0.0536,0.0594,-0.0594,-0.0638,0.1393,1.000,0.000,0.0000,0.0000,1.3291,-0.2151,0.3658,0,0.00,0.083,0.052,0.014,SHIFT,1.3595,0.3233,0.3580,0,0.00,0.065,0.079,0.012,SHIFT,1.1149,-0.2927,0.1885,0,0.00,0.098,0.070,0.013,SHIFT,1.0740,0.3967,0.1919,0,0.00,0.108,0.018,0.002,SHIFT,0.8592,-0.1623,0.0148,1,3.36,0.054,0.157,0.583,SHIFT,0.8856,0.2157,0.0210,0,0.00,0.050,0.032,0.004,SHIFT
100.191,7268,placemove,1.0399,0.0598,0.3149,-0.0308,-0.7637,-0.0072,0.0108,0.0425,0.0627,-0.0127,-0.2400,0.0405,1.000,0.000,0.0000,0.0000,1.3311,-0.2127,0.3640,0,0.00,0.207,0.386,0.070,SHIFT,1.3595,0.3256,0.3550,1,19.98,2.940,1.151,2.940,SHIFT,1.1171,-0.2915,0.1869,0,0.00,0.033,0.198,0.040,SHIFT,1.0722,0.3979,0.1905,0,0.00,0.244,0.111,0.035,SHIFT,0.8593,-0.1623,0.0147,1,18.93,2.400,2.940,0.332,SHIFT,0.8844,0.2159,0.0200,0,0.00,0.052,0.040,0.038,SHIFT
100.250,7272,placemove,1.0406,0.0607,0.3160,-0.0340,-0.7672,-0.0074,0.0580,0.0727,0.0331,-0.1608,-0.0758,-0.0529,1.000,0.000,0.0000,0.0000,1.3314,-0.2122,0.3640,0,0.00,0.080,0.062,0.019,SHIFT,1.3581,0.3261,0.3559,0,0.00,0.065,0.033,0.016,SHIFT,1.1180,-0.2913,0.1864,0,0.00,0.095,0.074,0.014,SHIFT,1.0722,0.3983,0.1894,0,0.00,0.100,0.017,0.001,SHIFT,0.8594,-0.1622,0.0145,1,3.02,0.014,0.069,0.358,SHIFT,0.8852,0.2159,0.0185,0,0.00,0.041,0.094,0.002,SHIFT
100.272,7276,placemove,1.0412,0.0615,0.3164,-0.0361,-0.7686,-0.0074,0.0175,0.0140,0.0033,-0.0224,-0.0563,-0.1340,1.000,0.000,0.0000,0.0000,1.3327,-0.2112,0.3630,0,0.00,0.036,0.178,0.036,STANCE,1.3579,0.3271,0.3549,1,3.26,0.979,0.022,0.377,STANCE,1.1172,-0.2907,0.1878,0,0.00,0.025,0.103,0.025,SWING,1.0722,0.3989,0.1879,0,0.00,0.084,0.043,0.013,STANCE,0.8595,-0.1621,0.0143,1,5.54,0.839,0.348,0.387,STANCE,0.8868,0.2159,0.0157,0,0.00,0.030,0.055,0.005,STANCE
100.364,7280,placemove,1.0415,0.0613,0.3166,-0.0330,-0.7669,-0.0099,0.0294,-0.0170,-0.0002,0.1308,0.0636,0.0332,1.000,0.000,0.0000,0.0000,1.3346,-0.2114,0.3607,0,0.00,0.035,0.128,0.025,STANCE,1.3579,0.3271,0.3548,1,1.98,0.002,0.164,0.465,STANCE,1.1088,-0.2905,0.1956,0,0.00,0.061,0.135,0.104,SWING,1.0720,0.3988,0.1882,0,0.00,0.037,0.007,0.001,STANCE,0.8592,-0.1621,0.0145,1,8.95,0.079,0.164,0.990,STANCE,0.8877,0.2159,0.0149,0,0.00,0.022,0.028,0.002,STANCE
100.402,7284,placemove,1.0417,0.0612,0.3166,-0.0312,-0.7665,-0.0113,0.0043,-0.0033,-0.0049,0.0478,0.0072,-0.0157,1.000,0.000,0.0000,0.0000,1.3367,-0.2115,0.3585,0,0.00,0.040,0.120,0.026,STANCE,1.3579,0.3271,0.3548,1,2.96,0.269,0.314,0.277,STANCE,1.1010,-0.2895,0.2034,0,0.00,0.068,0.122,0.104,SWING,1.0719,0.3988,0.1884,0,0.00,0.043,0.023,0.002,STANCE,0.8595,-0.1621,0.0144,1,8.27,0.442,0.107,0.900,STANCE,0.8878,0.2158,0.0149,1,1.61,0.152,0.083,0.146,STANCE
100.436,7288,placemove,1.0417,0.0611,0.3165,-0.0303,-0.7665,-0.0123,0.0015,-0.0020,-0.0046,0.0300,0.0032,-0.0144,1.000,0.000,0.0000,0.0000,1.3385,-0.2116,0.3566,0,0.00,0.041,0.117,0.027,STANCE,1.3579,0.3271,0.3547,1,2.96,0.236,0.362,0.222,STANCE,1.0930,-0.2877,0.2116,0,0.00,0.064,0.119,0.104,SWING,1.0719,0.3988,0.1884,0,0.00,0.046,0.025,0.002,STANCE,0.8595,-0.1621,0.0143,1,7.71,0.391,0.183,0.776,STANCE,0.8878,0.2158,0.0148,1,2.24,0.141,0.047,0.318,STANCE
100.479,7292,placemove,1.0417,0.0611,0.3164,-0.0298,-0.7667,-0.0130,-0.0227,0.0052,0.0069,-0.0127,-0.0745,-0.0283,1.000,0.000,0.0000,0.0000,1.3400,-0.2117,0.3550,1,4.01,0.730,0.708,0.778,STANCE,1.3579,0.3271,0.3547,0,0.00,0.016,0.070,0.010,STANCE,1.0871,-0.2856,0.2216,0,0.00,0.413,0.138,0.109,SWING,1.0719,0.3988,0.1883,0,0.00,0.034,0.062,0.001,STANCE,0.8595,-0.1621,0.0142,1,3.99,0.661,1.111,1.152,STANCE,0.8878,0.2158,0.0148,1,7.57,0.410,1.300,0.077,STANCE
100.530,7296,placemove,1.0421,0.0617,0.3157,-0.0315,-0.7649,-0.0115,0.0467,0.0546,-0.0687,-0.1531,0.1454,-0.0138,1.000,0.000,0.0000,0.0000,1.3346,-0.2123,0.3623,0,0.00,0.041,0.314,0.206,STANCE,1.3519,0.3294,0.3612,0,0.00,0.039,0.252,0.184,STANCE,1.0893,-0.2834,0.2387,0,0.00,0.139,0.159,0.107,SWING,1.0731,0.3990,0.1859,0,0.00,0.050,0.052,0.009,STANCE,0.8595,-0.1621,0.0141,1,7.31,0.148,0.059,1.022,STANCE,0.8847,0.2160,0.0172,0,0.00,0.037,0.055,0.021,STANCE
100.556,7300,placemove,1.0426,0.0616,0.3154,-0.0289,-0.7617,-0.0117,0.0392,-0.0170,-0.0147,0.1110,0.1891,0.0513,1.000,0.000,0.0000,0.0000,1.3338,-0.2101,0.3611,0,0.00,0.057,0.087,0.009,STANCE,1.3501,0.3290,0.3609,0,0.00,0.032,0.084,0.013,STANCE,1.0935,-0.2799,0.2561,0,0.00,0.168,0.113,0.108,SWING,1.0735,0.3992,0.1848,1,2.24,0.157,0.022,0.587,STANCE,0.8596,-0.1622,0.0140,1,8.75,0.074,0.515,1.475,STANCE,0.8838,0.2160,0.0177,0,0.00,0.025,0.017,0.007,STANCE
100.592,7304,placemove,1.0435,0.0613,0.3150,-0.0265,-0.7579,-0.0125,0.0668,-0.0165,-0.0270,0.1158,0.2729,0.0657,1.000,0.000,0.0000,0.0000,1.3366,-0.2100,0.3577,0,0.00,0.043,0.094,0.023,STANCE,1.3522,0.3289,0.3582,0,0.00,0.044,0.105,0.026,STANCE,1.0977,-0.2750,0.2728,0,0.00,0.159,0.106,0.106,SWING,1.0735,0.3991,0.1848,1,3.44,0.270,0.202,1.087,STANCE,0.8596,-0.1622,0.0141,1,8.44,0.187,0.550,1.487,STANCE,0.8833,0.2160,0.0182,0,0.00,0.013,0.030,0.006,STANCE
100.621,7308,placemove,1.0439,0.0612,0.3148,-0.0255,-0.7563,-0.0131,-0.0262,0.0098,0.0111,-0.0302,-0.0966,-0.0247,1.000,0.000,0.0000,0.0000,1.3390,-0.2101,0.3550,0,0.00,0.047,0.031,0.025,STANCE,1.3543,0.3288,0.3557,0,0.00,0.051,0.097,0.027,STANCE,1.1017,-0.2764,0.2901,0,0.00,0.167,0.093,0.016,SWING,1.0736,0.3991,0.1847,1,2.55,0.235,0.450,1.012,STANCE,0.8596,-0.1622,0.0141,1,8.68,0.080,0.741,1.697,STANCE,0.8831,0.2160,0.0184,0,0.00,0.016,0.034,0.007,STANCE
100.702,7312,placemove,1.0440,0.0614,0.3144,-0.0268,-0.7536,-0.0132,0.0314,0.0168,-0.0665,-0.0656,0.1134,0.0199,1.000,0.000,0.0000,0.0000,1.3364,-0.2105,0.3573,0,0.00,0.275,0.229,0.161,STANCE,1.3528,0.3291,0.3567,0,0.00,0.037,0.037,0.084,STANCE,1.1050,-0.2787,0.3087,0,0.00,0.268,0.088,0.023,SWING,1.0720,0.3992,0.1856,0,0.00,0.068,0.073,0.034,STANCE,0.8586,-0.1623,0.0144,1,15.93,0.258,1.538,2.940,STANCE,0.8826,0.2159,0.0182,0,0.00,0.020,0.135,0.034,STANCE
100.729,7316,placemove,1.0447,0.0619,0.3137,-0.0287,-0.7519,-0.0118,0.0331,-0.0025,-0.0177,0.0453,0.1095,0.0088,1.000,0.000,0.0000,0.0000,1.3358,-0.2093,0.3575,0,0.00,0.002,0.073,0.013,STANCE,1.3522,0.3296,0.3559,0,0.00,0.081,0.091,0.010,STANCE,1.1127,-0.2826,0.3213,0,0.00,0.158,0.069,0.103,SWING,1.0716,0.3995,0.1849,1,6.10,0.370,0.545,2.076,STANCE,0.8589,-0.1623,0.0143,1,6.01,0.574,0.325,1.095,STANCE,0.8840,0.2159,0.0161,0,0.00,0.001,0.127,0.006,STANCE
100.814,7320,placemove,1.0446,0.0618,0.3137,-0.0267,-0.7505,-0.0129,-0.0666,0.0063,0.0431,-0.0387,-0.0495,-0.0917,1.000,0.000,0.0000,0.0000,1.3377,-0.2093,0.3550,1,18.22,0.710,1.527,2.940,STANCE,1.3529,0.3297,0.3549,0,0.00,0.053,0.111,0.001,STANCE,1.1219,-0.2885,0.3153,0,0.00,0.016,0.151,0.108,SWING,1.0712,0.3996,0.1853,0,0.00,0.016,0.031,0.001,STANCE,0.8587,-0.1623,0.0143,0,0.00,0.053,0.086,0.003,STANCE,0.8850,0.2159,0.0149,1,11.71,0.830,2.751,0.322,STANCE
100.843,7324,placemove,1.0442,0.0618,0.3140,-0.0262,-0.7514,-0.0132,0.0031,0.0024,-0.0056,0.0117,0.0140,0.0073,1.000,0.000,0.0000,0.0000,1.3376,-0.2093,0.3550,0,0.00,0.040,0.010,0.006,SHIFT,1.3523,0.3296,0.3554,0,0.00,0.043,0.005,0.004,SHIFT,1.1292,-0.2939,0.3091,0,0.00,0.059,0.096,0.099,SWING,1.0708,0.3996,0.1856,0,0.00,0.053,0.014,0.002,SHIFT,0.8584,-0.1623,0.0144,1,4.61,0.478,0.208,0.633,SHIFT,0.8850,0.2159,0.0148,1,5.05,0.498,0.127,0.735,SHIFT
100.912,7328,placemove,1.0454,0.0620,0.3146,-0.0268,-0.7509,-0.0127,0.0994,0.0203,0.0325,-0.0340,0.1109,0.0430,1.000,0.000,0.0000,0.0000,1.3362,-0.2090,0.3565,0,0.00,0.026,0.082,0.056,SHIFT,1.3507,0.3300,0.3567,0,0.00,0.159,0.089,0.067,SHIFT,1.1374,-0.2989,0.3020,0,0.00,0.070,0.096,0.104,SHIFT,1.0708,0.3997,0.1851,1,5.02,0.441,0.752,2.040,SHIFT,0.8586,-0.1622,0.0143,1,4.11,0.405,0.110,0.714,SHIFT,0.8833,0.2159,0.0162,0,0.00,0.025,0.073,0.054,SHIFT
100.934,7332,placemove,1.0474,0.0619,0.3156,-0.0257,-0.7490,-0.0132,0.1301,-0.0080,0.0467,0.0754,0.1824,0.0291,1.000,0.000,0.0000,0.0000,1.3369,-0.2088,0.3557,0,0.00,0.058,0.065,0.012,SHIFT,1.3511,0.3302,0.3561,0,0.00,0.088,0.060,0.013,SHIFT,1.1462,-0.3033,0.2940,0,0.00,0.081,0.105,0.094,SHIFT,1.0709,0.3998,0.1849,0,0.09,0.154,0.027,0.011,SHIFT,0.8587,-0.1622,0.0142,1,2.32,0.238,0.080,0.412,SHIFT,0.8831,0.2160,0.0163,0,0.00,0.062,0.093,0.006,SHIFT
101.023,7336,placemove,1.0487,0.0619,0.3170,-0.0257,-0.7487,-0.0136,0.0603,-0.0000,0.1115,-0.0119,0.2185,-0.0546,1.000,0.000,0.0000,0.0000,1.3375,-0.2088,0.3550,1,6.43,0.680,1.149,0.087,SHIFT,1.3517,0.3301,0.3553,0,0.00,0.097,0.054,0.006,SHIFT,1.1542,-0.3072,0.2863,0,0.00,0.136,0.012,0.106,SHIFT,1.0709,0.3998,0.1849,0,0.00,0.101,0.026,0.008,SHIFT,0.8586,-0.1622,0.0143,0,0.00,0.067,0.007,0.006,SHIFT,0.8846,0.2159,0.0148,1,6.71,0.547,0.682,0.498,SHIFT
101.112,7340,placemove,1.0502,0.0618,0.3185,-0.0252,-0.7483,-0.0142,0.0955,-0.0053,0.0696,0.0240,-0.0046,-0.0097,1.000,0.000,0.0000,0.0000,1.3374,-0.2090,0.3549,0,0.12,0.125,0.035,0.011,SHIFT,1.3518,0.3300,0.3554,0,0.00,0.080,0.017,0.005,SHIFT,1.1621,-0.3104,0.2784,0,0.00,0.105,0.108,0.095,SHIFT,1.0709,0.3998,0.1852,0,0.00,0.103,0.004,0.001,SHIFT,0.8583,-0.1622,0.0147,1,2.26,0.114,0.265,0.510,SHIFT,0.8848,0.2159,0.0147,0,0.16,0.107,0.088,0.029,SHIFT
101.173,7344,placemove,1.0518,0.0618,0.3198,-0.0257,-0.7480,-0.0144,0.0915,0.0019,0.0643,-0.0496,0.0519,-0.0612,1.000,0.000,0.0000,0.0000,1.3376,-0.2091,0.3549,1,1.94,0.250,0.360,0.365,SHIFT,1.3522,0.3298,0.3552,0,0.00,0.056,0.037,0.008,SHIFT,1.1702,-0.3129,0.2701,0,0.00,0.066,0.046,0.101,SHIFT,1.0713,0.3997,0.1851,0,0.00,0.073,0.016,0.003,SHIFT,0.8584,-0.1622,0.0147,0,0.00,0.016,0.123,0.037,SHIFT,0.8851,0.2159,0.0146,1,1.23,0.103,0.686,0.259,SHIFT
101.227,7348,placemove,1.0535,0.0618,0.3210,-0.0257,-0.7480,-0.0146,0.0952,-0.0022,0.0688,0.0136,-0.0124,-0.0163,1.000,0.000,0.0000,0.0000,1.3378,-0.2092,0.3549,0,0.26,0.151,0.095,0.006,SHIFT,1.3526,0.3297,0.3551,0,0.00,0.116,0.013,0.004,SHIFT,1.1782,-0.3144,0.2616,0,0.00,0.091,0.200,0.002,SHIFT,1.0716,0.3997,0.1850,0,0.00,0.150,0.021,0.010,SHIFT,0.8586,-0.1621,0.0147,1,3.46,0.267,0.340,0.752,SHIFT,0.8854,0.2159,0.0145,0,0.00,0.084,0.019,0.010,SHIFT
101.324,7352,placemove,1.0551,0.0617,0.3223,-0.0257,-0.7481,-0.0149,0.0981,-0.0033,0.0681,0.0109,-0.0074,-0.0254,1.000,0.000,0.0000,0.0000,1.3379,-0.2094,0.3548,0,0.18,0.121,0.042,0.019,SHIFT,1.3529,0.3296,0.3551,0,0.00,0.098,0.014,0.004,SHIFT,1.1861,-0.3095,0.2513,0,0.00,0.093,0.134,0.013,SHIFT,1.0720,0.3996,0.1850,0,0.00,0.127,0.009,0.007,SHIFT,0.8588,-0.1621,0.0146,1,2.21,0.188,0.214,0.473,SHIFT,0.8857,0.2159,0.0145,0,0.01,0.069,0.016,0.006,SHIFT
101.429,7356,placemove,1.0567,0.0616,0.3236,-0.0259,-0.7480,-0.0148,0.0950,-0.0056,0.0660,-0.0229,0.0256,-0.0238,1.000,0.000,0.0000,0.0000,1.3380,-0.2094,0.3548,0,0.42,0.116,0.068,0.086,SHIFT,1.3531,0.3295,0.3551,0,0.00,0.074,0.004,0.001,SHIFT,1.1936,-0.3020,0.2407,0,0.00,0.085,0.130,0.014,SHIFT,1.0722,0.3996,0.1850,0,0.04,0.090,0.019,0.006,SHIFT,0.8589,-0.1621,0.0146,0,0.00,0.059,0.073,0.036,SHIFT,0.8859,0.2159,0.0145,0,0.28,0.058,0.178,0.070,SHIFT
101.583,7360,placemove,1.0583,0.0615,0.3249,-0.0260,-0.7480,-0.0149,0.0889,-0.0052,0.0669,-0.0166,0.0217,-0.0148,1.000,0.000,0.0000,0.0000,1.3381,-0.2096,0.3548,1,0.71,0.229,0.215,0.061,SHIFT,1.3534,0.3294,0.3551,0,0.00,0.068,0.006,0.000,SHIFT,1.2009,-0.2937,0.2305,0,0.00,0.080,0.127,0.014,SHIFT,1.0725,0.3995,0.1850,0,0.46,0.182,0.209,0.045,SHIFT,0.8590,-0.1621,0.0147,0,0.00,0.047,0.072,0.036,SHIFT,0.8862,0.2159,0.0145,0,0.27,0.093,0.137,0.045,SHIFT
101.676,7364,placemove,1.0600,0.0615,0.3262,-0.0261,-0.7479,-0.0150,0.0901,-0.0071,0.0665,-0.0171,0.0209,-0.0201,1.000,0.000,0.0000,0.0000,1.3383,-0.2097,0.3548,1,1.23,0.303,0.341,0.145,SHIFT,1.3537,0.3292,0.3551,0,0.00,0.067,0.019,0.002,SHIFT,1.2051,-0.2897,0.2250,0,0.00,0.071,0.131,0.032,SHIFT,1.0728,0.3995,0.1850,1,0.57,0.194,0.255,0.062,SHIFT,0.8592,-0.1620,0.0147,0,0.00,0.051,0.078,0.041,SHIFT,0.8864,0.2160,0.0145,0,0.31,0.147,0.167,0.050,SHIFT
101.787,7368,placemove,1.0613,0.0614,0.3272,-0.0266,-0.7475,-0.0150,0.0220,0.0014,0.0151,-0.0027,0.0075,0.0054,1.000,0.000,0.0000,0.0000,1.3386,-0.2098,0.3548,1,2.52,0.563,0.825,0.169,STANCE,1.3542,0.3291,0.3550,1,1.75,0.324,0.454,0.221,STANCE,1.2071,-0.2897,0.2231,0,0.00,0.018,0.129,0.021,STANCE,1.0719,0.3992,0.1871,0,0.00,0.003,0.152,0.083,SWING,0.8593,-0.1621,0.0148,1,2.77,0.821,0.488,0.816,STANCE,0.8868,0.2159,0.0146,1,2.12,0.951,0.735,0.092,STANCE
101.831,7372,placemove,1.0615,0.0616,0.3270,-0.0272,-0.7469,-0.0143,0.0316,0.0265,-0.0343,-0.0620,0.1054,0.0348,1.000,0.000,0.0000,0.0000,1.3378,-0.2097,0.3555,0,0.00,0.061,0.048,0.032,STANCE,1.3535,0.3292,0.3556,0,0.00,0.010,0.053,0.029,STANCE,1.2088,-0.2896,0.2211,0,0.00,0.060,0.097,0.020,STANCE,1.0653,0.3965,0.1960,0,0.00,0.037,0.106,0.102,SWING,0.8593,-0.1621,0.0148,1,7.35,0.077,0.286,1.056,STANCE,0.8859,0.2160,0.0154,0,0.00,0.017,0.041,0.028,STANCE
101.899,7376,placemove,1.0619,0.0618,0.3264,-0.0284,-0.7441,-0.0137,0.0134,-0.0060,-0.0591,-0.0089,0.3670,-0.0295,1.000,0.000,0.0000,0.0000,1.3370,-0.2094,0.3562,0,0.00,0.018,0.342,0.071,STANCE,1.3526,0.3297,0.3557,0,0.00,0.024,0.282,0.037,STANCE,1.2106,-0.2896,0.2188,0,0.00,0.023,0.093,0.023,STANCE,1.0593,0.3928,0.2042,0,0.00,0.000,0.092,0.105,SWING,0.8590,-0.1621,0.0149,0,0.00,0.003,0.090,0.022,STANCE,0.8855,0.2160,0.0152,0,0.00,0.006,0.000,0.002,STANCE
101.929,7380,placemove,1.0628,0.0617,0.3258,-0.0269,-0.7404,-0.0136,0.0771,-0.0032,-0.0426,0.0491,0.2338,0.0526,1.000,0.000,0.0000,0.0000,1.3360,-0.2090,0.3564,0,0.00,0.042,0.058,0.001,STANCE,1.3511,0.3299,0.3563,0,0.00,0.036,0.045,0.002,STANCE,1.2129,-0.2895,0.2155,0,0.00,0.046,0.101,0.024,STANCE,1.0495,0.3992,0.2112,0,0.00,0.049,0.041,0.041,SWING,0.8587,-0.1621,0.0149,1,4.19,0.001,0.201,0.626,STANCE,0.8856,0.2160,0.0146,1,4.52,0.047,0.366,0.863,STANCE
102.001,7384,placemove,1.0628,0.0618,0.3258,-0.0267,-0.7405,-0.0135,-0.0145,0.0057,0.0059,-0.0010,-0.0475,0.0118,1.000,0.000,0.0000,0.0000,1.3373,-0.2089,0.3550,0,0.00,0.035,0.025,0.017,STANCE,1.3521,0.3300,0.3550,0,0.00,0.088,0.004,0.009,STANCE,1.2147,-0.2895,0.2135,0,0.00,0.051,0.090,0.029,STANCE,1.0425,0.4066,0.2216,0,0.00,0.590,0.146,0.032,SWING,0.8588,-0.1621,0.0148,1,2.58,0.127,0.351,0.479,STANCE,0.8856,0.2160,0.0145,1,6.17,0.614,0.215,0.935,STANCE
102.037,7388,placemove,1.0627,0.0618,0.3258,-0.0266,-0.7407,-0.0137,-0.0004,0.0000,-0.0021,0.0065,-0.0021,-0.0049,1.000,0.000,0.0000,0.0000,1.3373,-0.2089,0.3549,1,2.08,0.212,0.202,0.121,STANCE,1.3521,0.3300,0.3550,1,2.12,0.246,0.271,0.026,STANCE,1.2151,-0.2894,0.2131,0,0.00,0.049,0.030,0.004,STANCE,1.0474,0.4080,0.2401,0,0.00,0.126,0.187,0.012,SWING,0.8588,-0.1621,0.0147,1,2.99,0.222,0.072,0.422,STANCE,0.8856,0.2160,0.0144,1,5.30,0.305,0.179,0.629,STANCE
102.069,7392,placemove,1.0627,0.0618,0.3257,-0.0265,-0.7407,-0.0138,-0.0000,-0.0000,-0.0025,0.0036,0.0003,-0.0044,1.000,0.000,0.0000,0.0000,1.3373,-0.2089,0.3549,1,1.99,0.175,0.194,0.129,STANCE,1.3521,0.3300,0.3549,1,2.17,0.253,0.257,0.039,STANCE,1.2151,-0.2894,0.2131,0,0.00,0.049,0.027,0.002,STANCE,1.0528,0.4088,0.2588,0,0.00,0.132,0.152,0.008,SWING,0.8588,-0.1621,0.0147,1,3.17,0.150,0.053,0.443,STANCE,0.8856,0.2160,0.0144,1,5.34,0.307,0.142,0.653,STANCE
102.090,7396,placemove,1.0627,0.0618,0.3257,-0.0264,-0.7407,-0.0140,-0.0000,0.0000,-0.0023,0.0021,-0.0000,-0.0032,1.000,0.000,0.0000,0.0000,1.3373,-0.2089,0.3549,1,1.91,0.145,0.203,0.117,STANCE,1.3521,0.3300,0.3549,1,2.13,0.284,0.228,0.052,STANCE,1.2151,-0.2894,0.2130,0,0.00,0.049,0.027,0.002,STANCE,1.0558,0.4150,0.2781,0,0.00,0.139,0.095,0.040,SWING,0.8588,-0.1621,0.0147,1,3.21,0.086,0.055,0.453,STANCE,0.8856,0.2160,0.0144,1,5.39,0.319,0.101,0.687,STANCE
102.138,7400,placemove,1.0627,0.0618,0.3256,-0.0264,-0.7407,-0.0141,0.0000,-0.0000,-0.0021,0.0014,-0.0004,-0.0024,1.000,0.000,0.0000,0.0000,1.3373,-0.2089,0.3548,1,1.89,0.139,0.202,0.121,STANCE,1.3521,0.3300,0.3548,1,2.04,0.276,0.216,0.052,STANCE,1.2151,-0.2894,0.2130,0,0.00,0.049,0.028,0.002,STANCE,1.0576,0.4231,0.2991,0,0.00,0.139,0.093,0.018,SWING,0.8588,-0.1621,0.0146,1,3.24,0.083,0.054,0.457,STANCE,0.8856,0.2160,0.0143,1,5.41,0.325,0.088,0.695,STANCE
102.160,7404,placemove,1.0627,0.0618,0.3256,-0.0263,-0.7407,-0.0141,0.0000,-0.0001,-0.0019,0.0012,-0.0003,-0.0016,1.000,0.000,0.0000,0.0000,1.3373,-0.2089,0.3548,1,1.93,0.175,0.173,0.150,STANCE,1.3521,0.3300,0.3548,1,2.04,0.208,0.266,0.039,STANCE,1.2151,-0.2894,0.2130,0,0.00,0.048,0.027,0.002,STANCE,1.0618,0.4231,0.3189,0,0.00,0.125,0.187,0.055,SWING,0.8588,-0.1621,0.0146,1,3.24,0.126,0.066,0.472,STANCE,0.8856,0.2160,0.0143,1,5.48,0.262,0.110,0.686,STANCE
102.228,7408,placemove,1.0626,0.0618,0.3256,-0.0261,-0.7408,-0.0142,0.0005,-0.0006,-0.0016,0.0018,-0.0004,-0.0010,1.000,0.000,0.0000,0.0000,1.3373,-0.2089,0.3548,1,1.99,0.259,0.135,0.146,STANCE,1.3521,0.3301,0.3548,1,1.29,0.069,0.236,0.034,STANCE,1.2151,-0.2894,0.2129,0,0.00,0.052,0.030,0.002,STANCE,1.0731,0.4149,0.3304,0,0.00,0.148,0.029,0.021,SWING,0.8588,-0.1621,0.0145,1,3.49,0.258,0.137,0.377,STANCE,0.8856,0.2160,0.0143,1,4.96,0.166,0.144,0.755,STANCE
102.250,7412,placemove,1.0627,0.0618,0.3256,-0.0261,-0.7408,-0.0142,0.0001,0.0001,-0.0016,0.0007,-0.0003,-0.0005,1.000,0.000,0.0000,0.0000,1.3373,-0.2089,0.3547,1,1.78,0.175,0.169,0.102,STANCE,1.3521,0.3300,0.3548,1,1.94,0.110,0.268,0.073,STANCE,1.2151,-0.2894,0.2129,0,0.00,0.048,0.027,0.002,STANCE,1.0917,0.4183,0.3343,0,0.00,0.164,0.078,0.097,SWING,0.8588,-0.1621,0.0145,1,3.16,0.197,0.075,0.365,STANCE,0.8856,0.2160,0.0143,1,5.81,0.212,0.098,0.871,STANCE
102.289,7416,placemove,1.0627,0.0618,0.3255,-0.0261,-0.7408,-0.0142,0.0000,0.0001,-0.0015,-0.0007,0.0003,-0.0007,1.000,0.000,0.0000,0.0000,1.3373,-0.2089,0.3547,1,1.81,0.170,0.183,0.094,SHIFT,1.3521,0.3300,0.3548,1,1.86,0.097,0.248,0.090,SHIFT,1.2151,-0.2894,0.2129,0,0.00,0.048,0.028,0.002,SHIFT,1.1101,0.4242,0.3401,0,0.00,0.165,0.078,0.097,SWING,0.8588,-0.1621,0.0145,1,3.20,0.201,0.074,0.373,SHIFT,0.8856,0.2160,0.0142,1,5.80,0.224,0.110,0.873,SHIFT
102.321,7420,placemove,1.0639,0.0618,0.3265,-0.0261,-0.7409,-0.0143,0.0913,-0.0027,0.0650,0.0038,0.0114,-0.0676,1.000,0.000,0.0000,0.0000,1.3374,-0.2089,0.3547,1,1.03,0.155,0.167,0.213,SHIFT,1.3521,0.3301,0.3548,0,0.10,0.192,0.075,0.021,SHIFT,1.2152,-0.2894,0.2128,0,0.00,0.046,0.040,0.006,SHIFT,1.1304,0.4282,0.3468,0,0.00,0.499,0.190,0.011,SHIFT,0.8589,-0.1621,0.0144,0,0.00,0.011,0.058,0.014,SHIFT,0.8857,0.2159,0.0141,1,0.82,0.568,0.149,0.057,SHIFT
102.360,7424,placemove,1.0655,0.0617,0.3278,-0.0262,-0.7409,-0.0143,0.0903,-0.0026,0.0674,-0.0048,0.0141,0.0135,1.000,0.000,0.0000,0.0000,1.3375,-0.2089,0.3547,1,0.67,0.269,0.270,0.007,SHIFT,1.3524,0.3300,0.3547,1,0.64,0.229,0.263,0.020,SHIFT,1.2154,-0.2895,0.2128,0,0.00,0.096,0.007,0.000,SHIFT,1.1426,0.4279,0.3413,0,0.00,0.023,0.095,0.006,SHIFT,0.8591,-0.1621,0.0144,0,0.00,0.084,0.041,0.014,SHIFT,0.8860,0.2160,0.0141,1,1.38,0.319,0.235,0.061,SHIFT
102.388,7428,placemove,1.0671,0.0617,0.3290,-0.0262,-0.7409,-0.0143,0.0896,-0.0040,0.0672,-0.0045,0.0156,0.0093,1.000,0.000,0.0000,0.0000,1.3377,-0.2090,0.3547,1,0.62,0.250,0.237,0.007,SHIFT,1.3526,0.3299,0.3547,1,0.71,0.195,0.210,0.070,SHIFT,1.2155,-0.2895,0.2128,0,0.00,0.098,0.005,0.000,SHIFT,1.1514,0.4265,0.3317,0,0.00,0.052,0.090,0.008,SHIFT,0.8593,-0.1621,0.0144,0,0.00,0.098,0.047,0.018,SHIFT,0.8861,0.2159,0.0141,1,1.36,0.343,0.247,0.050,SHIFT
102.442,7432,placemove,1.0687,0.0617,0.3303,-0.0263,-0.7409,-0.0141,0.0931,0.0015,0.0681,-0.0038,0.0093,0.0311,1.000,0.000,0.0000,0.0000,1.3379,-0.2089,0.3547,0,0.07,0.127,0.036,0.013,SHIFT,1.3527,0.3300,0.3547,0,0.35,0.147,0.097,0.035,SHIFT,1.2157,-0.2895,0.2128,0,0.00,0.108,0.006,0.001,SHIFT,1.1598,0.4243,0.3218,0,0.00,0.070,0.094,0.008,SHIFT,0.8594,-0.1621,0.0144,0,0.00,0.092,0.022,0.010,SHIFT,0.8863,0.2159,0.0141,1,1.49,0.249,0.008,0.226,SHIFT
102.482,7436,placemove,1.0703,0.0617,0.3317,-0.0263,-0.7408,-0.0141,0.0953,-0.0056,0.0687,-0.0001,0.0179,-0.0096,1.000,0.000,0.0000,0.0000,1.3381,-0.2089,0.3547,0,0.23,0.160,0.087,0.001,SHIFT,1.3529,0.3300,0.3547,0,0.39,0.144,0.131,0.008,SHIFT,1.2159,-0.2895,0.2129,0,0.00,0.105,0.006,0.001,SHIFT,1.1679,0.4214,0.3120,0,0.00,0.059,0.095,0.008,SHIFT,0.8597,-0.1622,0.0145,0,0.00,0.088,0.048,0.023,SHIFT,0.8865,0.2159,0.0141,0,0.47,0.271,0.130,0.000,SHIFT
102.554,7440,placemove,1.0719,0.0616,0.3330,-0.0264,-0.7407,-0.0144,0.0928,-0.0010,0.0681,-0.0030,0.0143,0.0376,1.000,0.000,0.0000,0.0000,1.3382,-0.2090,0.3547,0,0.01,0.118,0.005,0.005,SHIFT,1.3532,0.3299,0.3547,0,0.45,0.127,0.107,0.057,SHIFT,1.2160,-0.2896,0.2129,0,0.00,0.120,0.016,0.002,SHIFT,1.1760,0.4175,0.3022,0,0.00,0.051,0.089,0.008,SHIFT,0.8598,-0.1621,0.0145,0,0.00,0.111,0.042,0.026,SHIFT,0.8867,0.2159,0.0142,0,0.60,0.344,0.062,0.065,SHIFT
102.627,7444,placemove,1.0735,0.0616,0.3343,-0.0264,-0.7406,-0.0141,0.0950,-0.0006,0.0683,-0.0032,0.0102,0.0382,1.000,0.000,0.0000,0.0000,1.3385,-0.2090,0.3547,0,0.00,0.119,0.003,0.001,SHIFT,1.3534,0.3300,0.3547,0,0.49,0.156,0.129,0.055,SHIFT,1.2163,-0.2895,0.2129,0,0.00,0.125,0.016,0.002,SHIFT,1.1836,0.4130,0.2925,0,0.00,0.053,0.089,0.009,SHIFT,0.8600,-0.1622,0.0146,0,0.00,0.117,0.019,0.016,SHIFT,0.8868,0.2159,0.0142,1,0.92,0.348,0.017,0.161,SHIFT
102.700,7448,placemove,1.0752,0.0616,0.3356,-0.0265,-0.7405,-0.0139,0.0941,0.0008,0.0702,-0.0104,0.0075,0.0264,1.000,0.000,0.0000,0.0000,1.3388,-0.2089,0.3547,0,0.00,0.119,0.016,0.006,SHIFT,1.3535,0.3301,0.3547,0,0.37,0.128,0.096,0.035,SHIFT,1.2166,-0.2895,0.2129,0,0.00,0.127,0.005,0.000,SHIFT,1.1909,0.4078,0.2830,0,0.00,0.063,0.098,0.010,SHIFT,0.8602,-0.1622,0.0146,0,0.00,0.110,0.033,0.019,SHIFT,0.8870,0.2158,0.0143,1,1.77,0.378,0.097,0.332,SHIFT
102.726,7452,placemove,1.0768,0.0617,0.3370,-0.0266,-0.7405,-0.0138,0.0937,-0.0004,0.0695,-0.0101,0.0053,0.0250,1.000,0.000,0.0000,0.0000,1.3390,-0.2088,0.3548,0,0.00,0.147,0.007,0.007,SHIFT,1.3537,0.3302,0.3546,1,1.29,0.355,0.451,0.067,SHIFT,1.2168,-0.2894,0.2130,0,0.00,0.140,0.012,0.001,SHIFT,1.1978,0.4021,0.2739,0,0.00,0.047,0.313,0.065,SHIFT,0.8604,-0.1622,0.0147,0,0.00,0.129,0.024,0.016,SHIFT,0.8872,0.2158,0.0143,1,2.63,0.276,0.060,0.415,SHIFT
102.764,7456,placemove,1.0784,0.0617,0.3383,-0.0267,-0.7404,-0.0137,0.0975,-0.0015,0.0691,-0.0014,0.0113,0.0268,1.000,0.000,0.0000,0.0000,1.3392,-0.2087,0.3549,0,0.00,0.125,0.004,0.005,SHIFT,1.3539,0.3303,0.3546,1,0.64,0.205,0.194,0.057,SHIFT,1.2170,-0.2894,0.2131,0,0.00,0.123,0.008,0.001,SHIFT,1.2006,0.4008,0.2707,0,0.00,0.062,0.120,0.018,SHIFT,0.8607,-0.1622,0.0148,0,0.00,0.107,0.031,0.017,SHIFT,0.8874,0.2158,0.0143,1,1.81,0.280,0.042,0.289,SHIFT
102.791,7460,placemove,1.0796,0.0616,0.3392,-0.0265,-0.7403,-0.0139,0.0176,-0.0025,0.0150,0.0086,0.0078,-0.0019,1.000,0.000,0.0000,0.0000,1.3396,-0.2087,0.3549,1,3.32,0.229,0.619,0.448,STANCE,1.3542,0.3302,0.3546,1,1.42,0.285,0.526,0.029,STANCE,1.2174,-0.2894,0.2131,0,0.00,0.009,0.041,0.001,STANCE,1.2025,0.4006,0.2689,0,0.00,0.009,0.119,0.015,STANCE,0.8596,-0.1621,0.0171,0,0.00,0.018,0.224,0.091,SWING,0.8875,0.2158,0.0144,1,4.61,0.101,0.749,0.116,STANCE
102.857,7464,placemove,1.0799,0.0616,0.3387,-0.0268,-0.7384,-0.0140,0.0214,-0.0010,-0.0989,-0.0138,0.3242,-0.0243,1.000,0.000,0.0000,0.0000,1.3369,-0.2091,0.3576,0,0.00,0.004,0.078,0.105,STANCE,1.3516,0.3306,0.3572,0,0.00,0.002,0.075,0.105,STANCE,1.2172,-0.2895,0.2126,0,0.00,0.010,0.000,0.000,STANCE,1.2042,0.4004,0.2665,0,0.00,0.001,0.081,0.014,STANCE,0.8528,-0.1608,0.0268,0,0.00,0.002,0.137,0.095,SWING,0.8852,0.2159,0.0165,0,0.00,0.000,0.113,0.060,STANCE
102.875,7468,placemove,1.0802,0.0616,0.3355,-0.0265,-0.7316,-0.0142,0.0197,-0.0015,-0.2597,0.0171,0.4333,-0.0021,1.000,0.000,0.0000,0.0000,1.3299,-0.2096,0.3620,0,0.00,0.000,0.105,0.102,STANCE,1.3443,0.3312,0.3614,0,0.00,0.003,0.082,0.105,STANCE,1.2167,-0.2895,0.2088,0,0.00,0.002,0.014,0.002,STANCE,1.2057,0.4003,0.2612,0,0.00,0.001,0.071,0.013,STANCE,0.8456,-0.1589,0.0356,0,0.00,0.002,0.108,0.101,SWING,0.8824,0.2160,0.0161,0,0.00,0.000,0.011,0.004,STANCE
102.908,7472,placemove,1.0813,0.0610,0.3314,-0.0213,-0.7230,-0.0161,0.1200,-0.0700,-0.2059,0.3227,0.5224,0.0899,1.000,0.000,0.0000,0.0000,1.3255,-0.2086,0.3607,0,0.00,0.058,0.047,0.021,STANCE,1.3394,0.3309,0.3619,0,0.00,0.134,0.003,0.030,STANCE,1.2171,-0.2893,0.2022,0,0.00,0.085,0.042,0.009,STANCE,1.2071,0.4003,0.2552,0,0.00,0.133,0.087,0.011,STANCE,0.8290,-0.1606,0.0426,0,0.00,0.068,0.003,0.053,SWING,0.8816,0.2160,0.0147,1,17.48,0.676,1.113,2.940,STANCE
102.932,7476,placemove,1.0838,0.0597,0.3294,-0.0186,-0.7167,-0.0189,0.0839,-0.0196,0.0497,-0.3492,0.0852,-0.3866,1.000,0.000,0.0000,0.0000,1.3281,-0.2094,0.3548,1,14.06,0.447,1.571,2.940,STANCE,1.3430,0.3292,0.3576,0,0.00,0.074,0.120,0.011,STANCE,1.2185,-0.2902,0.1974,0,0.00,0.087,0.276,0.019,STANCE,1.2108,0.3991,0.2513,0,0.00,0.093,0.073,0.009,STANCE,0.8168,-0.1623,0.0524,0,0.00,0.161,0.285,0.040,SWING,0.8817,0.2159,0.0142,1,29.62,0.140,1.357,2.940,STANCE
102.981,7480,placemove,1.0848,0.0596,0.3297,-0.0225,-0.7148,-0.0184,-0.0055,-0.0088,0.0035,0.0299,-0.0712,0.1283,1.000,0.000,0.0000,0.0000,1.3290,-0.2108,0.3548,1,1.69,0.261,0.244,0.406,STANCE,1.3467,0.3280,0.3550,1,2.30,0.034,0.089,0.872,STANCE,1.2180,-0.2913,0.1985,0,0.00,0.040,0.079,0.011,STANCE,1.2147,0.3980,0.2486,0,0.00,0.067,0.079,0.007,STANCE,0.8142,-0.1622,0.0659,0,0.00,0.182,0.162,0.089,SWING,0.8818,0.2159,0.0141,1,7.15,0.018,0.201,0.783,STANCE
103.034,7484,placemove,1.0854,0.0591,0.3290,-0.0211,-0.7127,-0.0181,0.0601,-0.0470,-0.0487,0.1106,0.1183,0.0431,1.000,0.000,0.0000,0.0000,1.3264,-0.2110,0.3572,0,0.00,0.023,0.002,0.017,STANCE,1.3440,0.3278,0.3580,0,0.00,0.058,0.010,0.018,STANCE,1.2185,-0.2914,0.1972,0,0.00,0.027,0.003,0.001,STANCE,1.2164,0.3978,0.2465,0,0.00,0.059,0.094,0.015,STANCE,0.8129,-0.1621,0.0774,0,0.00,0.286,0.133,0.101,SWING,0.8817,0.2159,0.0141,1,7.37,0.218,0.296,1.104,STANCE
103.075,7488,placemove,1.0859,0.0587,0.3285,-0.0214,-0.7113,-0.0183,-0.0208,0.0239,0.0126,-0.1350,0.0318,-0.0298,1.000,0.000,0.0000,0.0000,1.3277,-0.2116,0.3548,1,0.58,0.012,0.076,0.269,STANCE,1.3460,0.3270,0.3560,0,0.00,0.058,0.104,0.017,STANCE,1.2187,-0.2920,0.1960,0,0.00,0.051,0.010,0.001,STANCE,1.2189,0.3971,0.2442,0,0.00,0.062,0.112,0.017,STANCE,0.8145,-0.1670,0.0912,0,0.00,0.198,0.105,0.108,SWING,0.8819,0.2159,0.0139,1,8.41,0.160,0.384,1.234,STANCE
103.123,7492,placemove,1.0860,0.0587,0.3283,-0.0225,-0.7105,-0.0171,0.0317,-0.0121,-0.0304,0.0180,0.0937,0.0413,1.000,0.000,0.0000,0.0000,1.3271,-0.2117,0.3556,0,0.00,0.022,0.047,0.020,STANCE,1.3461,0.3270,0.3556,0,0.00,0.061,0.045,0.022,STANCE,1.2185,-0.2920,0.1960,0,0.00,0.030,0.013,0.002,STANCE,1.2205,0.3971,0.2420,0,0.00,0.062,0.094,0.015,STANCE,0.8129,-0.1627,0.1022,0,0.00,0.197,0.128,0.102,SWING,0.8819,0.2159,0.0139,1,8.81,0.482,0.330,1.351,STANCE
103.170,7496,placemove,1.0864,0.0585,0.3278,-0.0222,-0.7092,-0.0166,-0.0052,-0.0080,-0.0048,0.0186,-0.0298,0.0559,1.000,0.000,0.0000,0.0000,1.3272,-0.2119,0.3549,1,0.95,0.050,0.006,0.331,STANCE,1.3465,0.3268,0.3550,1,4.03,0.539,0.442,0.023,STANCE,1.2188,-0.2921,0.1950,0,0.00,0.032,0.047,0.007,STANCE,1.2224,0.3968,0.2397,0,0.00,0.091,0.098,0.012,STANCE,0.8114,-0.1557,0.1117,0,0.00,0.059,0.139,0.100,SWING,0.8819,0.2159,0.0138,1,9.93,0.735,0.007,1.336,STANCE
103.201,7500,placemove,1.0865,0.0585,0.3277,-0.0223,-0.7091,-0.0160,0.0020,-0.0011,-0.0041,-0.0112,0.0037,0.0199,1.000,0.000,0.0000,0.0000,1.3272,-0.2119,0.3549,1,3.11,0.143,0.279,0.435,STANCE,1.3465,0.3268,0.3550,1,2.08,0.293,0.396,0.275,STANCE,1.2189,-0.2921,0.1948,0,0.00,0.045,0.029,0.001,STANCE,1.2240,0.3968,0.2379,0,0.00,0.047,0.112,0.017,STANCE,0.8117,-0.1512,0.1223,0,0.00,0.014,0.131,0.102,SWING,0.8819,0.2159,0.0137,1,7.95,0.368,0.409,0.733,STANCE
103.244,7504,placemove,1.0866,0.0585,0.3277,-0.0226,-0.7089,-0.0155,0.0001,-0.0005,-0.0036,-0.0088,-0.0040,0.0130,1.000,0.000,0.0000,0.0000,1.3272,-0.2119,0.3548,1,2.64,0.028,0.232,0.455,STANCE,1.3465,0.3268,0.3549,1,1.52,0.123,0.348,0.229,STANCE,1.2189,-0.2921,0.1947,0,0.00,0.046,0.027,0.001,STANCE,1.2255,0.3967,0.2360,0,0.00,0.047,0.112,0.017,STANCE,0.8276,-0.1482,0.1139,0,0.00,0.017,0.059,0.103,SWING,0.8819,0.2159,0.0137,1,8.86,0.370,0.198,0.991,STANCE
103.265,7508,placemove,1.0866,0.0585,0.3277,-0.0228,-0.7090,-0.0151,-0.0001,-0.0003,-0.0031,-0.0066,-0.0020,0.0095,1.000,0.000,0.0000,0.0000,1.3272,-0.2119,0.3548,1,2.39,0.021,0.140,0.562,SHIFT,1.3465,0.3268,0.3549,1,1.99,0.309,0.427,0.348,SHIFT,1.2189,-0.2921,0.1947,0,0.00,0.046,0.027,0.001,SHIFT,1.2271,0.3966,0.2342,0,0.00,0.047,0.112,0.017,SHIFT,0.8461,-0.1444,0.1048,0,0.00,0.019,0.060,0.105,SWING,0.8819,0.2159,0.0137,1,8.63,0.563,0.235,0.956,SHIFT
103.315,7512,placemove,1.0877,0.0583,0.3285,-0.0225,-0.7094,-0.0151,0.0859,-0.0085,0.0599,-0.0141,0.0228,-0.0267,1.000,0.000,0.0000,0.0000,1.3273,-0.2120,0.3547,1,1.93,0.118,0.117,0.599,SHIFT,1.3464,0.3267,0.3550,0,0.00,0.078,0.032,0.001,SHIFT,1.2190,-0.2921,0.1945,0,0.00,0.065,0.062,0.006,SHIFT,1.2286,0.3965,0.2324,0,0.00,0.086,0.058,0.013,SHIFT,0.8617,-0.1409,0.0972,0,0.00,0.019,0.024,0.006,SHIFT,0.8820,0.2158,0.0135,1,4.05,0.022,0.337,0.304,SHIFT
103.340,7516,placemove,1.0893,0.0582,0.3297,-0.0226,-0.7093,-0.0151,0.0936,-0.0062,0.0661,-0.0167,0.0287,-0.0179,1.000,0.000,0.0000,0.0000,1.3274,-0.2122,0.3546,1,1.10,0.279,0.241,0.196,SHIFT,1.3467,0.3264,0.3549,1,0.57,0.225,0.194,0.054,SHIFT,1.2191,-0.2923,0.1944,0,0.00,0.072,0.041,0.004,SHIFT,1.2304,0.3962,0.2306,0,0.00,0.080,0.076,0.014,SHIFT,0.8722,-0.1396,0.0896,0,0.00,0.034,0.076,0.003,SHIFT,0.8822,0.2158,0.0135,1,1.95,0.092,0.245,0.097,SHIFT
103.372,7520,placemove,1.0910,0.0581,0.3310,-0.0227,-0.7091,-0.0152,0.0945,-0.0067,0.0660,-0.0154,0.0268,-0.0145,1.000,0.000,0.0000,0.0000,1.3275,-0.2124,0.3546,1,1.12,0.287,0.254,0.194,SHIFT,1.3469,0.3263,0.3549,1,0.60,0.226,0.186,0.080,SHIFT,1.2191,-0.2924,0.1944,0,0.00,0.068,0.042,0.004,SHIFT,1.2323,0.3960,0.2287,0,0.00,0.080,0.075,0.014,SHIFT,0.8827,-0.1382,0.0823,0,0.00,0.033,0.076,0.003,SHIFT,0.8823,0.2158,0.0136,1,1.78,0.091,0.268,0.057,SHIFT
103.393,7524,placemove,1.0926,0.0579,0.3323,-0.0228,-0.7089,-0.0152,0.0934,-0.0047,0.0658,-0.0131,0.0213,-0.0001,1.000,0.000,0.0000,0.0000,1.3276,-0.2126,0.3545,1,0.69,0.237,0.170,0.104,SHIFT,1.3472,0.3261,0.3549,1,0.65,0.236,0.205,0.074,SHIFT,1.2192,-0.2925,0.1944,0,0.00,0.086,0.022,0.002,SHIFT,1.2341,0.3958,0.2269,0,0.00,0.075,0.089,0.016,SHIFT,0.8936,-0.1365,0.0755,0,0.00,0.051,0.090,0.006,SHIFT,0.8825,0.2158,0.0136,1,1.89,0.133,0.137,0.162,SHIFT
103.432,7528,placemove,1.0942,0.0578,0.3335,-0.0230,-0.7087,-0.0152,0.0937,-0.0076,0.0661,-0.0106,0.0223,-0.0096,1.000,0.000,0.0000,0.0000,1.3277,-0.2127,0.3545,1,0.89,0.238,0.171,0.182,SHIFT,1.3475,0.3260,0.3549,1,0.68,0.237,0.266,0.004,SHIFT,1.2193,-0.2927,0.1944,0,0.00,0.086,0.016,0.000,SHIFT,1.2359,0.3956,0.2251,0,0.00,0.061,0.093,0.018,SHIFT,0.9051,-0.1344,0.0692,0,0.00,0.046,0.095,0.006,SHIFT,0.8827,0.2157,0.0137,1,0.72,0.087,0.242,0.067,SHIFT
103.476,7532,placemove,1.0959,0.0577,0.3348,-0.0231,-0.7085,-0.0152,0.0956,-0.0083,0.0657,-0.0117,0.0229,-0.0141,1.000,0.000,0.0000,0.0000,1.3278,-0.2129,0.3544,1,1.31,0.302,0.267,0.260,SHIFT,1.3477,0.3258,0.3549,1,0.54,0.187,0.176,0.039,SHIFT,1.2194,-0.2928,0.1943,0,0.00,0.076,0.024,0.001,SHIFT,1.2377,0.3954,0.2233,0,0.00,0.062,0.090,0.017,SHIFT,0.9169,-0.1320,0.0636,0,0.00,0.040,0.143,0.036,SHIFT,0.8829,0.2157,0.0137,1,1.21,0.165,0.499,0.169,SHIFT
103.522,7536,placemove,1.0976,0.0576,0.3360,-0.0232,-0.7083,-0.0152,0.0936,-0.0063,0.0656,-0.0172,0.0232,-0.0157,1.000,0.000,0.0000,0.0000,1.3280,-0.2130,0.3544,1,1.03,0.282,0.237,0.168,SHIFT,1.3480,0.3256,0.3548,1,0.58,0.209,0.181,0.064,SHIFT,1.2195,-0.2929,0.1943,0,0.00,0.074,0.035,0.003,SHIFT,1.2395,0.3952,0.2215,0,0.00,0.075,0.076,0.015,SHIFT,0.9211,-0.1311,0.0618,0,0.00,0.037,0.048,0.005,SHIFT,0.8830,0.2157,0.0138,1,1.18,0.116,0.277,0.029,SHIFT
103.549,7540,placemove,1.0992,0.0575,0.3373,-0.0234,-0.7081,-0.0153,0.0943,-0.0070,0.0658,-0.0110,0.0190,-0.0044,1.000,0.000,0.0000,0.0000,1.3281,-0.2132,0.3544,1,0.59,0.202,0.112,0.120,SHIFT,1.3483,0.3255,0.3548,1,0.59,0.211,0.231,0.009,SHIFT,1.2195,-0.2930,0.1943,0,0.00,0.094,0.009,0.000,SHIFT,1.2414,0.3950,0.2196,0,0.00,0.061,0.093,0.019,SHIFT,0.9214,-0.1311,0.0618,0,0.00,0.051,0.005,0.003,SHIFT,0.8832,0.2157,0.0139,0,0.39,0.108,0.162,0.055,SHIFT
103.627,7544,placemove,1.1008,0.0574,0.3386,-0.0237,-0.7079,-0.0152,0.0939,-0.0057,0.0676,-0.0222,0.0151,-0.0104,1.000,0.000,0.0000,0.0000,1.3281,-0.2133,0.3543,0,0.00,0.118,0.023,0.006,SHIFT,1.3485,0.3253,0.3548,0,0.28,0.149,0.086,0.024,SHIFT,1.2195,-0.2931,0.1943,0,0.00,0.114,0.012,0.002,SHIFT,1.2432,0.3948,0.2178,0,0.00,0.082,0.079,0.017,SHIFT,0.9215,-0.1311,0.0618,0,0.00,0.067,0.002,0.005,SHIFT,0.8834,0.2156,0.0139,1,1.97,0.196,0.146,0.364,SHIFT
103.649,7548,placemove,1.1024,0.0573,0.3399,-0.0240,-0.7078,-0.0153,0.0957,-0.0077,0.0667,-0.0178,0.0152,-0.0106,1.000,0.000,0.0000,0.0000,1.3282,-0.2135,0.3544,0,0.00,0.115,0.029,0.014,SHIFT,1.3488,0.3251,0.3548,0,0.34,0.158,0.123,0.006,SHIFT,1.2195,-0.2933,0.1944,0,0.00,0.113,0.004,0.001,SHIFT,1.2450,0.3945,0.2160,0,0.00,0.075,0.087,0.018,SHIFT,0.9215,-0.1312,0.0619,0,0.00,0.066,0.002,0.005,SHIFT,0.8836,0.2156,0.0140,1,1.50,0.176,0.107,0.273,SHIFT
103.710,7552,placemove,1.1041,0.0572,0.3406,-0.0248,-0.7095,-0.0150,0.0979,-0.0051,-0.0309,-0.1111,-0.3353,-0.0637,1.000,0.000,0.0000,0.0000,1.3286,-0.2137,0.3546,0,0.00,0.020,0.022,0.002,STANCE,1.3495,0.3250,0.3549,0,0.00,0.024,0.009,0.002,STANCE,1.2200,-0.2935,0.1945,0,0.00,0.024,0.019,0.003,STANCE,1.2474,0.3943,0.2141,0,0.00,0.027,0.064,0.016,STANCE,0.9222,-0.1313,0.0617,0,0.00,0.009,0.006,0.002,STANCE,0.8832,0.2155,0.0159,0,0.00,0.004,0.130,0.078,SWING
103.752,7556,placemove,1.1053,0.0571,0.3386,-0.0252,-0.7157,-0.0140,0.0707,-0.0069,-0.1973,-0.0075,-0.1907,0.0425,1.000,0.000,0.0000,0.0000,1.3288,-0.2136,0.3556,0,0.00,0.001,0.007,0.002,STANCE,1.3495,0.3250,0.3557,0,0.00,0.000,0.017,0.005,STANCE,1.2223,-0.2936,0.1937,0,0.00,0.001,0.014,0.002,STANCE,1.2508,0.3941,0.2113,0,0.00,0.001,0.068,0.017,STANCE,0.9253,-0.1316,0.0589,0,0.00,0.001,0.007,0.001,STANCE,0.8809,0.2147,0.0231,0,0.00,0.000,0.091,0.104,SWING
103.783,7560,placemove,1.1065,0.0569,0.3338,-0.0251,-0.7189,-0.0133,0.0704,-0.0067,-0.3604,-0.0028,-0.1887,0.0408,1.000,0.000,0.0000,0.0000,1.3223,-0.2126,0.3604,0,0.00,0.003,0.106,0.102,STANCE,1.3423,0.3244,0.3604,0,0.00,0.000,0.084,0.104,STANCE,1.2242,-0.2936,0.1896,0,0.00,0.001,0.014,0.002,STANCE,1.2537,0.3940,0.2055,0,0.00,0.001,0.068,0.017,STANCE,0.9275,-0.1319,0.0539,0,0.00,0.001,0.007,0.001,STANCE,0.8783,0.2137,0.0286,0,0.00,0.002,0.091,0.104,SWING
103.810,7564,placemove,1.1074,0.0573,0.3268,-0.0319,-0.7276,-0.0113,0.0135,0.0957,-0.4242,-0.8932,-0.8133,-0.4274,1.000,0.000,0.0000,0.0000,1.3182,-0.2128,0.3615,0,0.00,0.104,0.029,0.033,STANCE,1.3391,0.3255,0.3599,0,0.00,0.093,0.032,0.000,STANCE,1.2258,-0.2937,0.1849,1,9.16,0.434,1.996,2.940,STANCE,1.2577,0.3934,0.1968,0,0.00,0.059,0.129,0.033,STANCE,0.9303,-0.1325,0.0464,0,0.00,0.023,0.037,0.007,STANCE,0.8665,0.2156,0.0276,0,0.00,0.036,0.021,0.036,SWING
103.859,7568,placemove,1.1073,0.0583,0.3187,-0.0351,-0.7512,-0.0116,-0.0316,0.0184,-0.5186,0.3827,-2.0378,-0.1608,1.000,0.000,0.0000,0.0000,1.3179,-0.2121,0.3585,0,0.00,0.057,0.088,0.012,STANCE,1.3401,0.3264,0.3544,0,0.38,0.102,0.083,0.103,STANCE,1.2211,-0.2955,0.1888,0,0.00,0.075,0.116,0.100,STANCE,1.2628,0.3934,0.1884,0,0.00,0.069,0.062,0.018,STANCE,0.9357,-0.1325,0.0359,0,0.00,0.063,0.016,0.000,STANCE,0.8611,0.2195,0.0235,0,0.00,0.267,0.103,0.051,SWING
103.896,7572,placemove,1.1052,0.0574,0.3100,-0.0237,-0.7912,-0.0117,-0.2069,-0.1641,-0.4936,0.1750,-2.9705,0.7092,1.000,0.000,0.0000,0.0000,1.3177,-0.2120,0.3545,1,2.35,0.857,0.223,0.749,STANCE,1.3336,0.3272,0.3580,0,0.00,0.031,0.019,0.026,STANCE,1.2185,-0.2961,0.1899,0,0.00,0.041,0.219,0.076,STANCE,1.2654,0.3935,0.1865,1,6.92,0.034,2.350,2.940,STANCE,0.9463,-0.1318,0.0194,0,0.00,0.134,0.049,0.004,STANCE,0.8697,0.2302,0.0205,0,0.00,0.502,0.098,0.115,SWING
103.968,7576,placemove,1.1023,0.0554,0.3040,-0.0233,-0.8063,-0.0097,-0.1037,-0.0662,-0.1511,-0.7140,0.9190,-1.1451,1.000,0.000,0.0000,0.0000,1.3086,-0.2120,0.3583,0,0.00,0.166,0.275,0.008,STANCE,1.3289,0.3264,0.3556,0,0.00,0.250,0.162,0.001,STANCE,1.2120,-0.2984,0.1933,0,0.00,0.146,0.408,0.079,STANCE,1.2640,0.3940,0.1848,1,6.47,2.940,0.694,1.447,STANCE,0.9510,-0.1333,0.0125,1,31.74,2.520,1.518,2.940,STANCE,0.8745,0.2425,0.0244,0,0.00,0.353,0.169,0.115,SWING
104.022,7580,placemove,1.1006,0.0557,0.3047,-0.0257,-0.8078,-0.0110,-0.0593,0.0759,0.0867,-0.0096,-0.2410,0.1386,1.000,0.000,0.0000,0.0000,1.3029,-0.2130,0.3621,0,0.00,0.128,0.035,0.006,STANCE,1.3287,0.3256,0.3546,0,0.00,0.030,0.064,0.014,STANCE,1.2000,-0.2997,0.2029,0,0.00,0.122,0.066,0.114,STANCE,1.2578,0.3928,0.1877,0,0.00,0.065,0.000,0.032,STANCE,0.9508,-0.1333,0.0122,1,14.99,0.011,1.175,2.940,STANCE,0.8772,0.2570,0.0407,0,0.00,0.104,0.149,0.107,SWING
104.064,7584,placemove,1.1004,0.0579,0.3065,-0.0254,-0.8113,-0.0065,0.0189,0.1734,0.1203,0.0003,-0.1660,0.3838,1.000,0.000,0.0000,0.0000,1.3050,-0.2101,0.3633,0,0.00,0.123,0.075,0.006,STANCE,1.3269,0.3285,0.3568,0,0.00,0.032,0.069,0.011,STANCE,1.1932,-0.2968,0.2132,0,0.00,0.115,0.093,0.111,STANCE,1.2567,0.3954,0.1892,0,0.00,0.049,0.111,0.023,STANCE,0.9509,-0.1332,0.0121,1,14.55,0.190,1.204,2.940,STANCE,0.8816,0.2704,0.0586,0,0.00,0.025,0.146,0.107,SWING
104.092,7588,placemove,1.1007,0.0609,0.3072,-0.0259,-0.8125,-0.0025,0.0160,0.1820,-0.0215,-0.1432,-0.0077,0.0407,1.000,0.000,0.0000,0.0000,1.3085,-0.2059,0.3634,0,0.00,0.030,0.106,0.013,STANCE,1.3270,0.3328,0.3564,0,0.00,0.043,0.009,0.006,STANCE,1.1885,-0.2910,0.2217,0,0.00,0.035,0.045,0.127,STANCE,1.2570,0.3990,0.1884,0,0.00,0.035,0.019,0.011,STANCE,0.9517,-0.1322,0.0123,0,0.48,0.309,0.081,0.076,STANCE,0.8852,0.2794,0.0750,0,0.00,0.347,0.106,0.104,SWING
104.148,7592,placemove,1.0998,0.0620,0.3072,-0.0282,-0.8165,-0.0035,-0.0728,0.0004,0.0171,-0.0947,-0.2418,-0.2829,1.000,0.000,0.0000,0.0000,1.3094,-0.2043,0.3633,0,0.00,0.072,0.055,0.009,STANCE,1.3275,0.3342,0.3548,1,3.32,1.041,0.530,1.153,STANCE,1.1885,-0.2862,0.2228,0,0.00,0.071,0.054,0.002,STANCE,1.2584,0.4000,0.1859,0,0.00,0.047,0.112,0.028,STANCE,0.9517,-0.1320,0.0124,1,4.76,0.412,0.171,0.685,STANCE,0.8865,0.2780,0.0847,0,0.00,0.382,0.109,0.143,SWING
104.217,7596,placemove,1.0994,0.0622,0.3069,-0.0304,-0.8179,-0.0066,0.0067,0.0381,-0.0370,-0.0868,-0.0951,-0.1515,1.000,0.000,0.0000,0.0000,1.3096,-0.2047,0.3628,0,0.00,0.150,0.002,0.000,STANCE,1.3260,0.3340,0.3558,0,0.00,0.001,0.039,0.027,STANCE,1.1886,-0.2865,0.2224,0,0.00,0.144,0.008,0.002,STANCE,1.2583,0.3993,0.1858,0,0.00,0.003,0.023,0.047,STANCE,0.9513,-0.1321,0.0127,1,16.54,0.106,0.883,2.940,STANCE,0.8994,0.2652,0.0750,0,0.00,0.332,0.024,0.096,SWING
104.270,7600,placemove,1.0996,0.0630,0.3065,-0.0315,-0.8182,-0.0069,-0.0211,0.0094,0.0053,0.0365,-0.0883,-0.0673,1.000,0.000,0.0000,0.0000,1.3116,-0.2038,0.3613,0,0.00,0.053,0.104,0.014,SHIFT,1.3259,0.3349,0.3549,1,2.02,0.226,0.156,0.828,SHIFT,1.1906,-0.2859,0.2211,0,0.00,0.065,0.113,0.017,SHIFT,1.2579,0.3998,0.1851,0,0.00,0.057,0.021,0.005,SHIFT,0.9516,-0.1320,0.0126,1,11.81,0.150,0.256,1.618,SHIFT,0.9048,0.2662,0.0643,0,0.00,0.101,0.080,0.004,SWING
104.312,7604,placemove,1.1002,0.0635,0.3075,-0.0328,-0.8208,-0.0082,0.0531,0.0318,0.0751,-0.0361,-0.1026,-0.0924,1.000,0.000,0.0000,0.0000,1.3125,-0.2035,0.3606,0,0.00,0.103,0.044,0.011,SHIFT,1.3254,0.3354,0.3550,0,0.00,0.087,0.010,0.005,SHIFT,1.1918,-0.2858,0.2203,0,0.00,0.104,0.056,0.011,SHIFT,1.2578,0.3999,0.1849,1,0.70,0.122,0.130,0.255,SHIFT,0.9517,-0.1320,0.0125,1,4.20,0.017,0.167,0.719,SHIFT,0.9116,0.2665,0.0547,0,0.00,0.043,0.051,0.001,SHIFT
104.351,7608,placemove,1.1013,0.0639,0.3090,-0.0330,-0.8222,-0.0093,0.0689,0.0135,0.0770,0.0161,-0.0114,-0.0322,1.000,0.000,0.0000,0.0000,1.3138,-0.2033,0.3597,0,0.00,0.090,0.047,0.012,SHIFT,1.3252,0.3357,0.3551,0,0.00,0.090,0.012,0.003,SHIFT,1.1933,-0.2856,0.2193,0,0.00,0.096,0.061,0.013,SHIFT,1.2579,0.4001,0.1848,1,1.39,0.100,0.246,0.510,SHIFT,0.9518,-0.1319,0.0126,1,2.62,0.016,0.004,0.382,SHIFT,0.9218,0.2650,0.0473,0,0.00,0.029,0.044,0.001,SHIFT
104.372,7612,placemove,1.1026,0.0640,0.3104,-0.0323,-0.8224,-0.0104,0.0850,0.0048,0.0743,0.0442,0.0483,-0.0077,1.000,0.000,0.0000,0.0000,1.3156,-0.2031,0.3583,0,0.00,0.094,0.050,0.011,SHIFT,1.3251,0.3360,0.3551,0,0.00,0.092,0.009,0.004,SHIFT,1.1952,-0.2856,0.2179,0,0.00,0.096,0.063,0.012,SHIFT,1.2579,0.4003,0.1847,1,0.90,0.122,0.175,0.341,SHIFT,0.9519,-0.1319,0.0126,1,2.90,0.049,0.047,0.463,SHIFT,0.9324,0.2629,0.0409,0,0.00,0.041,0.051,0.002,SHIFT
104.430,7616,placemove,1.1042,0.0641,0.3118,-0.0312,-0.8219,-0.0114,0.0913,-0.0043,0.0749,0.0646,0.0766,0.0135,1.000,0.000,0.0000,0.0000,1.3177,-0.2031,0.3565,0,0.00,0.095,0.054,0.011,SHIFT,1.3253,0.3361,0.3550,1,1.21,0.084,0.118,0.374,SHIFT,1.1972,-0.2856,0.2162,0,0.00,0.098,0.065,0.013,SHIFT,1.2579,0.4005,0.1846,0,0.00,0.075,0.023,0.009,SHIFT,0.9521,-0.1319,0.0127,1,2.92,0.150,0.248,0.245,SHIFT,0.9434,0.2604,0.0352,0,0.00,0.023,0.050,0.002,SHIFT
104.493,7620,placemove,1.1057,0.0641,0.3132,-0.0305,-0.8216,-0.0121,0.0769,0.0063,0.0802,-0.0313,-0.0536,-0.0919,1.000,0.000,0.0000,0.0000,1.3198,-0.2030,0.3549,1,2.75,0.444,0.695,0.431,SHIFT,1.3254,0.3363,0.3549,0,0.00,0.097,0.002,0.002,SHIFT,1.1994,-0.2855,0.2145,0,0.00,0.042,0.167,0.022,SHIFT,1.2579,0.4006,0.1846,1,0.95,0.290,0.480,0.030,SHIFT,0.9522,-0.1319,0.0128,0,0.22,0.045,0.094,0.027,SHIFT,0.9547,0.2576,0.0302,0,0.00,0.066,0.151,0.011,SHIFT
104.554,7624,placemove,1.1075,0.0647,0.3138,-0.0338,-0.8190,-0.0110,0.1194,0.0609,0.0272,-0.1142,0.1752,0.0682,1.000,0.000,0.0000,0.0000,1.3169,-0.2026,0.3572,0,0.00,0.112,0.006,0.015,SHIFT,1.3230,0.3367,0.3561,0,0.00,0.100,0.018,0.010,SHIFT,1.2009,-0.2856,0.2128,0,0.00,0.106,0.077,0.012,SHIFT,1.2552,0.4007,0.1859,0,0.00,0.097,0.036,0.020,SHIFT,0.9518,-0.1319,0.0129,1,4.40,0.069,0.157,0.751,SHIFT,0.9665,0.2544,0.0247,0,0.00,0.062,0.070,0.006,SHIFT
104.579,7628,placemove,1.1092,0.0649,0.3150,-0.0330,-0.8177,-0.0110,0.0939,-0.0025,0.0757,0.0560,0.0440,-0.0325,1.000,0.000,0.0000,0.0000,1.3189,-0.2020,0.3555,0,0.00,0.094,0.086,0.011,SHIFT,1.3235,0.3374,0.3551,0,0.00,0.115,0.008,0.005,SHIFT,1.2034,-0.2852,0.2108,0,0.00,0.087,0.095,0.015,SHIFT,1.2553,0.4010,0.1848,0,0.00,0.129,0.009,0.013,SHIFT,0.9520,-0.1319,0.0129,1,4.51,0.212,0.025,0.728,SHIFT,0.9777,0.2511,0.0208,0,0.00,0.082,0.234,0.050,SHIFT
104.648,7632,placemove,1.1105,0.0652,0.3163,-0.0339,-0.8185,-0.0111,0.0833,0.0425,0.0529,-0.0859,0.0287,-0.0004,1.000,0.000,0.0000,0.0000,1.3190,-0.2018,0.3557,0,0.00,0.107,0.043,0.013,SHIFT,1.3228,0.3376,0.3555,0,0.00,0.099,0.035,0.012,SHIFT,1.2050,-0.2852,0.2095,0,0.00,0.100,0.077,0.013,SHIFT,1.2548,0.4012,0.1852,0,0.00,0.095,0.021,0.023,SHIFT,0.9521,-0.1319,0.0129,1,3.79,0.056,0.015,0.560,SHIFT,0.9803,0.2504,0.0197,0,0.00,0.057,0.048,0.001,SHIFT
104.679,7636,placemove,1.1120,0.0655,0.3175,-0.0348,-0.8185,-0.0112,0.0911,0.0086,0.0742,0.0224,0.0411,-0.0167,1.000,0.000,0.0000,0.0000,1.3193,-0.2013,0.3557,0,0.00,0.092,0.032,0.003,SHIFT,1.3227,0.3381,0.3553,0,0.00,0.095,0.012,0.004,SHIFT,1.2069,-0.2850,0.2081,0,0.00,0.084,0.055,0.012,SHIFT,1.2547,0.4015,0.1849,0,0.23,0.140,0.007,0.053,SHIFT,0.9523,-0.1318,0.0129,1,1.84,0.114,0.024,0.297,SHIFT,0.9807,0.2504,0.0192,0,0.00,0.052,0.042,0.000,SHIFT
104.740,7640,placemove,1.1137,0.0657,0.3188,-0.0346,-0.8178,-0.0118,0.1069,0.0073,0.0653,0.0238,0.0981,0.0052,1.000,0.000,0.0000,0.0000,1.3203,-0.2012,0.3550,0,0.00,0.083,0.043,0.001,SHIFT,1.3229,0.3383,0.3552,0,0.00,0.087,0.023,0.003,SHIFT,1.2090,-0.2850,0.2065,0,0.00,0.081,0.048,0.013,SHIFT,1.2548,0.4016,0.1848,1,2.40,0.071,0.007,0.472,SHIFT,0.9525,-0.1318,0.0130,0,0.50,0.022,0.271,0.121,SHIFT,0.9809,0.2505,0.0192,0,0.00,0.020,0.065,0.002,SHIFT
104.791,7644,placemove,1.1152,0.0656,0.3197,-0.0333,-0.8160,-0.0125,0.0775,-0.0250,0.0076,0.1327,0.2369,0.0595,1.000,0.000,0.0000,0.0000,1.3193,-0.2009,0.3565,0,0.00,0.016,0.032,0.027,SWING,1.3232,0.3384,0.3550,0,0.00,0.055,0.017,0.003,STANCE,1.2113,-0.2850,0.2045,0,0.00,0.036,0.094,0.019,STANCE,1.2548,0.4017,0.1847,1,3.81,0.309,0.159,0.699,STANCE,0.9526,-0.1318,0.0132,1,3.94,0.238,0.224,0.322,STANCE,0.9808,0.2505,0.0194,0,0.00,0.009,0.030,0.000,STANCE
104.839,7648,placemove,1.1159,0.0652,0.3198,-0.0293,-0.8124,-0.0132,0.0306,-0.0210,0.0007,0.1330,0.1728,0.1093,1.000,0.000,0.0000,0.0000,1.3122,-0.1996,0.3628,0,0.00,0.052,0.129,0.103,SWING,1.3234,0.3383,0.3549,1,2.87,0.090,0.226,0.639,STANCE,1.2141,-0.2850,0.2016,0,0.00,0.051,0.114,0.017,STANCE,1.2542,0.4020,0.1850,0,0.00,0.049,0.018,0.001,STANCE,0.9527,-0.1318,0.0133,1,9.87,0.144,0.149,1.143,STANCE,0.9800,0.2505,0.0203,0,0.00,0.024,0.015,0.006,STANCE
104.860,7652,placemove,1.1162,0.0650,0.3198,-0.0272,-0.8105,-0.0136,0.0112,-0.0057,0.0013,0.0423,0.0639,0.0327,1.000,0.000,0.0000,0.0000,1.3042,-0.1975,0.3694,0,0.00,0.049,0.137,0.103,SWING,1.3234,0.3384,0.3548,1,2.17,0.107,0.161,0.740,STANCE,1.2165,-0.2850,0.1993,0,0.00,0.048,0.124,0.017,STANCE,1.2538,0.4021,0.1852,0,0.00,0.050,0.013,0.001,STANCE,0.9527,-0.1319,0.0134,1,11.00,0.093,0.012,1.486,STANCE,0.9804,0.2504,0.0200,0,0.00,0.028,0.092,0.006,STANCE
104.901,7656,placemove,1.1163,0.0650,0.3198,-0.0269,-0.8100,-0.0137,0.0040,0.0020,0.0019,0.0069,0.0190,0.0067,1.000,0.000,0.0000,0.0000,1.2956,-0.1946,0.3764,0,0.00,0.049,0.119,0.102,SWING,1.3235,0.3385,0.3548,1,1.98,0.063,0.121,0.631,STANCE,1.2183,-0.2851,0.1975,0,0.00,0.052,0.107,0.017,STANCE,1.2537,0.4022,0.1852,0,0.00,0.052,0.023,0.000,STANCE,0.9527,-0.1319,0.0134,1,11.17,0.094,0.118,1.559,STANCE,0.9820,0.2504,0.0185,0,0.00,0.023,0.110,0.008,STANCE
104.922,7660,placemove,1.1163,0.0650,0.3199,-0.0268,-0.8097,-0.0137,0.0029,0.0018,0.0022,0.0028,0.0183,0.0050,1.000,0.000,0.0000,0.0000,1.2887,-0.1901,0.3849,0,0.00,0.431,0.111,0.104,SWING,1.3235,0.3385,0.3547,1,2.72,0.330,0.042,0.721,STANCE,1.2202,-0.2851,0.1959,0,0.00,0.071,0.099,0.016,STANCE,1.2537,0.4023,0.1852,0,0.00,0.058,0.027,0.001,STANCE,0.9527,-0.1319,0.0135,1,9.56,0.149,0.096,1.414,STANCE,0.9836,0.2503,0.0169,0,0.00,0.029,0.115,0.008,STANCE
104.985,7664,placemove,1.1164,0.0650,0.3199,-0.0255,-0.8081,-0.0142,0.0162,-0.0186,0.0024,0.1932,0.2788,0.0798,1.000,0.000,0.0000,0.0000,1.2895,-0.1862,0.3992,0,0.00,0.126,0.083,0.097,SWING,1.3235,0.3385,0.3547,1,2.24,0.681,0.055,0.183,STANCE,1.2220,-0.2851,0.1940,0,0.00,0.052,0.072,0.018,STANCE,1.2535,0.4024,0.1853,0,0.00,0.051,0.009,0.001,STANCE,0.9525,-0.1318,0.0137,1,0.79,0.396,0.238,0.209,STANCE,0.9850,0.2503,0.0155,1,1.04,0.262,0.105,0.285,STANCE
105.023,7668,placemove,1.1173,0.0643,0.3199,-0.0191,-0.8019,-0.0149,0.0743,-0.0539,-0.0068,0.3208,0.4127,0.3009,1.000,0.000,0.0000,0.0000,1.2986,-0.1936,0.4156,0,0.00,0.141,0.139,0.096,SWING,1.3235,0.3385,0.3547,1,3.84,0.440,0.564,0.031,STANCE,1.2249,-0.2849,0.1902,0,0.00,0.051,0.100,0.017,STANCE,1.2522,0.4028,0.1859,0,0.00,0.043,0.019,0.001,STANCE,0.9521,-0.1317,0.0138,1,6.38,0.352,0.448,0.469,STANCE,0.9851,0.2504,0.0154,0,0.00,0.025,0.086,0.008,STANCE
105.064,7672,placemove,1.1185,0.0634,0.3197,-0.0117,-0.7950,-0.0151,0.0672,-0.0487,-0.0090,0.2861,0.3723,0.2754,1.000,0.000,0.0000,0.0000,1.3082,-0.1994,0.4337,0,0.00,0.138,0.145,0.098,SWING,1.3236,0.3384,0.3546,1,5.02,0.452,0.737,0.139,STANCE,1.2287,-0.2846,0.1858,0,0.00,0.046,0.119,0.019,STANCE,1.2520,0.4032,0.1855,0,0.00,0.047,0.096,0.016,STANCE,0.9522,-0.1318,0.0137,1,8.17,0.333,0.688,0.537,STANCE,0.9850,0.2504,0.0155,0,0.00,0.026,0.098,0.009,STANCE
105.153,7676,placemove,1.1182,0.0634,0.3201,-0.0128,-0.7896,-0.0152,0.0055,-0.0079,-0.0152,0.0420,0.3704,-0.0449,1.000,0.000,0.0000,0.0000,1.3141,-0.2022,0.4559,0,0.00,0.077,0.076,0.106,SWING,1.3204,0.3376,0.3567,0,0.00,0.188,0.202,0.101,STANCE,1.2254,-0.2853,0.1877,0,0.00,0.048,0.028,0.111,STANCE,1.2490,0.4040,0.1874,0,0.00,0.198,0.199,0.098,STANCE,0.9503,-0.1318,0.0149,0,0.00,0.010,0.064,0.021,STANCE,0.9850,0.2504,0.0149,1,18.75,0.317,1.096,2.940,STANCE
105.192,7680,placemove,1.1187,0.0630,0.3198,-0.0111,-0.7871,-0.0162,0.0415,-0.0135,-0.0211,0.0305,0.1386,0.0222,1.000,0.000,0.0000,0.0000,1.3190,-0.2028,0.4791,0,0.00,0.255,0.115,0.096,SWING,1.3169,0.3379,0.3606,0,0.00,0.031,0.021,0.001,STANCE,1.2213,-0.2850,0.1907,0,0.00,0.077,0.056,0.017,STANCE,1.2449,0.4033,0.1913,0,0.00,0.040,0.048,0.010,STANCE,0.9497,-0.1318,0.0149,1,5.96,0.243,0.210,0.914,STANCE,0.9850,0.2503,0.0148,1,2.40,0.608,0.154,0.370,STANCE
105.213,7684,placemove,1.1195,0.0630,0.3193,-0.0115,-0.7844,-0.0155,0.0584,0.0000,-0.0331,-0.0076,0.1820,0.0223,1.000,0.000,0.0000,0.0000,1.3238,-0.2066,0.4894,0,0.00,0.005,0.113,0.103,SWING,1.3191,0.3380,0.3584,0,0.00,0.064,0.084,0.011,STANCE,1.2231,-0.2848,0.1887,0,0.00,0.051,0.095,0.017,STANCE,1.2466,0.4030,0.1893,0,0.00,0.062,0.089,0.015,STANCE,0.9498,-0.1318,0.0149,1,3.49,0.548,0.047,0.392,STANCE,0.9851,0.2503,0.0147,1,7.33,0.599,0.325,1.125,STANCE
105.269,7688,placemove,1.1209,0.0628,0.3186,-0.0110,-0.7799,-0.0151,0.0716,-0.0077,-0.0486,0.1223,0.3640,0.2170,1.000,0.000,0.0000,0.0000,1.3357,-0.2119,0.4846,0,0.00,0.059,0.180,0.080,SWING,1.3222,0.3378,0.3553,1,6.01,1.015,1.490,0.999,STANCE,1.2256,-0.2849,0.1858,0,0.00,0.057,0.020,0.005,STANCE,1.2490,0.4029,0.1865,0,0.00,0.105,0.308,0.041,STANCE,0.9498,-0.1318,0.0148,1,8.93,0.382,1.188,0.442,STANCE,0.9851,0.2503,0.0146,0,0.00,0.076,0.183,0.023,STANCE
105.348,7692,placemove,1.1203,0.0628,0.3188,-0.0114,-0.7817,-0.0152,-0.0082,0.0011,0.0040,-0.0121,-0.0500,0.0149,1.000,0.000,0.0000,0.0000,1.3450,-0.2169,0.4809,0,0.00,0.048,0.117,0.100,SWING,1.3223,0.3377,0.3551,0,0.00,0.052,0.010,0.004,SHIFT,1.2262,-0.2850,0.1850,0,0.25,0.118,0.102,0.003,SHIFT,1.2504,0.4028,0.1852,0,0.00,0.051,0.048,0.020,SHIFT,0.9498,-0.1318,0.0147,1,4.17,0.548,0.387,0.679,SHIFT,0.9850,0.2503,0.0146,1,8.02,0.412,0.021,0.635,SHIFT
105.400,7696,placemove,1.1213,0.0637,0.3191,-0.0144,-0.7812,-0.0112,0.0770,0.0860,0.0211,-0.0840,0.1580,0.2915,1.000,0.000,0.0000,0.0000,1.3553,-0.2208,0.4765,0,0.00,0.090,0.122,0.093,SHIFT,1.3194,0.3389,0.3564,0,0.00,0.111,0.022,0.006,SHIFT,1.2241,-0.2843,0.1874,0,0.00,0.100,0.031,0.019,SHIFT,1.2476,0.4036,0.1861,0,0.00,0.113,0.034,0.014,SHIFT,0.9499,-0.1318,0.0145,1,5.57,0.196,0.288,1.015,SHIFT,0.9821,0.2504,0.0161,0,0.00,0.073,0.050,0.015,SHIFT
105.497,7700,placemove,1.1225,0.0641,0.3203,-0.0127,-0.7800,-0.0097,0.0760,-0.0154,0.0887,0.1812,0.0452,0.1041,1.000,0.000,0.0000,0.0000,1.3667,-0.2243,0.4712,0,0.00,0.071,0.123,0.092,SHIFT,1.3191,0.3402,0.3550,0,0.00,0.108,0.001,0.007,SHIFT,1.2262,-0.2833,0.1857,0,0.00,0.081,0.090,0.016,SHIFT,1.2469,0.4045,0.1849,0,0.00,0.110,0.003,0.009,SHIFT,0.9500,-0.1318,0.0144,1,2.91,0.147,0.013,0.427,SHIFT,0.9820,0.2506,0.0150,0,0.00,0.072,0.055,0.015,SHIFT
105.575,7704,placemove,1.1238,0.0644,0.3217,-0.0133,-0.7808,-0.0108,0.0828,0.0375,0.0587,-0.0736,-0.0589,-0.0165,1.000,0.000,0.0000,0.0000,1.3764,-0.2286,0.4664,0,0.00,0.075,0.138,0.090,SHIFT,1.3184,0.3403,0.3559,0,0.00,0.105,0.051,0.016,SHIFT,1.2260,-0.2833,0.1860,0,0.00,0.084,0.050,0.030,SHIFT,1.2463,0.4047,0.1857,0,0.00,0.098,0.035,0.029,SHIFT,0.9500,-0.1317,0.0145,1,2.61,0.116,0.008,0.372,SHIFT,0.9815,0.2506,0.0155,0,0.00,0.056,0.015,0.023,SHIFT
105.617,7708,placemove,1.1257,0.0652,0.3224,-0.0143,-0.7790,-0.0084,0.1430,0.0313,0.0608,0.0234,0.1633,0.1585,1.000,0.000,0.0000,0.0000,1.3874,-0.2309,0.4601,0,0.00,0.100,0.059,0.114,SHIFT,1.3175,0.3416,0.3554,0,0.00,0.175,0.008,0.012,SHIFT,1.2263,-0.2824,0.1865,0,0.00,0.181,0.064,0.008,SHIFT,1.2447,0.4056,0.1854,0,0.00,0.169,0.054,0.036,SHIFT,0.9503,-0.1317,0.0145,0,0.00,0.112,0.002,0.010,SHIFT,0.9814,0.2507,0.0147,1,13.61,0.273,1.394,2.940,SHIFT
105.714,7712,placemove,1.1275,0.0653,0.3237,-0.0132,-0.7769,-0.0100,0.0545,-0.0047,0.0932,-0.0397,-0.0938,-0.1913,1.000,0.000,0.0000,0.0000,1.3977,-0.2306,0.4497,0,0.00,0.117,0.145,0.002,SHIFT,1.3178,0.3419,0.3550,0,0.00,0.103,0.003,0.001,SHIFT,1.2280,-0.2822,0.1849,0,0.00,0.173,0.056,0.030,SHIFT,1.2444,0.4059,0.1854,0,0.00,0.089,0.001,0.007,SHIFT,0.9503,-0.1316,0.0148,0,0.00,0.106,0.050,0.009,SHIFT,0.9813,0.2507,0.0147,1,7.20,0.392,0.478,1.417,SHIFT
105.745,7716,placemove,1.1291,0.0653,0.3252,-0.0125,-0.7778,-0.0113,0.1072,0.0002,0.0629,0.0122,0.0679,-0.0187,1.000,0.000,0.0000,0.0000,1.4051,-0.2270,0.4376,0,0.00,0.088,0.145,0.013,SHIFT,1.3180,0.3418,0.3553,0,0.00,0.072,0.005,0.002,SHIFT,1.2283,-0.2823,0.1851,0,0.00,0.101,0.000,0.001,SHIFT,1.2448,0.4057,0.1856,0,0.00,0.059,0.005,0.001,SHIFT,0.9507,-0.1317,0.0148,0,0.00,0.083,0.046,0.015,SHIFT,0.9818,0.2507,0.0146,1,0.51,0.258,0.142,0.012,SHIFT
105.864,7720,placemove,1.1307,0.0653,0.3265,-0.0119,-0.7771,-0.0122,0.0857,0.0060,0.0782,0.0242,-0.0548,-0.0668,1.000,0.000,0.0000,0.0000,1.4125,-0.2222,0.4242,0,0.00,0.096,0.126,0.010,SHIFT,1.3183,0.3419,0.3550,0,0.00,0.104,0.003,0.005,SHIFT,1.2286,-0.2821,0.1849,0,0.00,0.158,0.089,0.063,SHIFT,1.2453,0.4057,0.1850,0,0.00,0.094,0.040,0.008,SHIFT,0.9508,-0.1317,0.0149,1,3.04,0.115,0.221,0.587,SHIFT,0.9818,0.2507,0.0147,0,0.13,0.149,0.002,0.030,SHIFT
105.943,7724,placemove,1.1323,0.0653,0.3278,-0.0114,-0.7768,-0.0126,0.0805,-0.0027,0.0761,0.0202,0.1601,-0.0583,1.000,0.000,0.0000,0.0000,1.4191,-0.2166,0.4112,0,0.00,0.008,0.120,0.014,SHIFT,1.3184,0.3420,0.3550,0,0.09,0.117,0.061,0.001,SHIFT,1.2290,-0.2822,0.1850,1,3.49,0.412,2.084,0.711,SHIFT,1.2455,0.4059,0.1849,1,4.08,0.195,1.766,0.454,SHIFT,0.9511,-0.1317,0.0149,0,0.00,0.019,0.145,0.025,SHIFT,0.9820,0.2507,0.0147,0,0.00,0.055,0.137,0.033,SHIFT
106.127,7728,placemove,1.1338,0.0653,0.3292,-0.0111,-0.7767,-0.0134,0.0935,-0.0036,0.0705,-0.0000,0.0075,0.0140,1.000,0.000,0.0000,0.0000,1.4236,-0.2124,0.4012,0,0.00,0.097,0.172,0.050,SHIFT,1.3187,0.3418,0.3550,0,0.00,0.115,0.004,0.019,SHIFT,1.2289,-0.2823,0.1849,0,0.00,0.146,0.010,0.004,SHIFT,1.2457,0.4058,0.1849,0,0.00,0.076,0.011,0.001,SHIFT,0.9511,-0.1316,0.0150,0,0.00,0.088,0.046,0.018,SHIFT,0.9821,0.2507,0.0148,1,3.20,0.296,0.408,0.751,SHIFT
106.248,7732,placemove,1.1354,0.0652,0.3305,-0.0109,-0.7767,-0.0138,0.0909,-0.0057,0.0695,-0.0002,0.0180,0.0109,1.000,0.000,0.0000,0.0000,1.4257,-0.2121,0.3987,0,0.00,0.113,0.080,0.023,SHIFT,1.3189,0.3418,0.3550,0,0.05,0.098,0.003,0.022,SHIFT,1.2290,-0.2823,0.1849,0,0.00,0.158,0.024,0.004,SHIFT,1.2460,0.4057,0.1849,0,0.26,0.101,0.103,0.012,SHIFT,0.9512,-0.1317,0.0150,0,0.00,0.101,0.053,0.025,SHIFT,0.9823,0.2507,0.0147,1,1.70,0.357,0.239,0.438,SHIFT
106.377,7736,placemove,1.1366,0.0652,0.3315,-0.0108,-0.7750,-0.0142,0.0422,0.0012,0.0310,0.0084,0.2078,-0.0235,1.000,0.000,0.0000,0.0000,1.4277,-0.2122,0.3967,0,0.00,0.023,0.129,0.023,STANCE,1.3177,0.3414,0.3567,0,0.00,0.009,0.129,0.082,SWING,1.2291,-0.2824,0.1849,1,4.18,0.392,0.957,0.120,STANCE,1.2461,0.4057,0.1849,1,4.21,0.324,0.892,0.035,STANCE,0.9510,-0.1317,0.0153,0,0.00,0.019,0.004,0.003,STANCE,0.9822,0.2507,0.0150,0,0.00,0.008,0.009,0.001,STANCE
106.416,7740,placemove,1.1370,0.0652,0.3311,-0.0120,-0.7761,-0.0143,0.0327,0.0166,-0.0709,-0.1471,0.0562,-0.1388,1.000,0.000,0.0000,0.0000,1.4294,-0.2124,0.3950,0,0.00,0.070,0.061,0.001,STANCE,1.3100,0.3386,0.3640,0,0.00,0.080,0.012,0.096,SWING,1.2261,-0.2830,0.1879,0,0.00,0.036,0.189,0.101,STANCE,1.2437,0.4062,0.1875,0,0.00,0.020,0.116,0.098,STANCE,0.9514,-0.1317,0.0149,1,20.70,0.315,0.069,2.577,STANCE,0.9804,0.2504,0.0181,0,0.00,0.069,0.372,0.076,STANCE
106.448,7744,placemove,1.1382,0.0661,0.3297,-0.0157,-0.7726,-0.0118,0.0960,0.0724,-0.1048,-0.1698,0.3301,0.0633,1.000,0.000,0.0000,0.0000,1.4322,-0.2117,0.3918,0,0.00,0.068,0.077,0.021,STANCE,1.3030,0.3355,0.3687,0,0.00,0.027,0.098,0.097,SWING,1.2183,-0.2835,0.1954,0,0.00,0.064,0.097,0.108,STANCE,1.2363,0.4077,0.1932,0,0.00,0.031,0.113,0.100,STANCE,0.9514,-0.1317,0.0147,1,7.78,0.114,0.508,1.285,STANCE,0.9740,0.2509,0.0227,0,0.00,0.019,0.057,0.032,STANCE
106.468,7748,placemove,1.1403,0.0677,0.3274,-0.0215,-0.7660,-0.0078,0.1488,0.1148,-0.1631,-0.3129,0.4508,-0.0398,1.000,0.000,0.0000,0.0000,1.4364,-0.2098,0.3872,0,0.00,0.068,0.090,0.023,STANCE,1.2982,0.3376,0.3717,0,0.00,0.015,0.065,0.053,SWING,1.2115,-0.2825,0.2026,0,0.00,0.068,0.107,0.107,STANCE,1.2290,0.4092,0.1973,0,0.00,0.036,0.101,0.101,STANCE,0.9515,-0.1316,0.0146,1,8.15,0.098,0.435,1.277,STANCE,0.9731,0.2511,0.0213,0,0.00,0.021,0.014,0.005,STANCE
106.502,7752,placemove,1.1432,0.0702,0.3241,-0.0306,-0.7573,-0.0030,0.1940,0.1764,-0.2295,-0.4765,0.5823,-0.0882,1.000,0.000,0.0000,0.0000,1.4413,-0.2071,0.3818,0,0.00,0.052,0.110,0.031,STANCE,1.2991,0.3467,0.3759,0,0.00,0.581,0.070,0.020,SWING,1.2052,-0.2803,0.2098,0,0.00,0.076,0.119,0.104,STANCE,1.2228,0.4103,0.1994,0,0.00,0.082,0.086,0.106,STANCE,0.9516,-0.1315,0.0144,1,8.10,0.526,0.430,1.181,STANCE,0.9733,0.2513,0.0182,0,0.00,0.035,0.007,0.009,STANCE
106.539,7756,placemove,1.1468,0.0734,0.3200,-0.0391,-0.7442,0.0016,0.2515,0.1649,-0.2207,-0.1238,1.0588,0.0427,1.000,0.000,0.0000,0.0000,1.4473,-0.2033,0.3747,0,0.00,0.030,0.123,0.039,STANCE,1.3081,0.3558,0.3862,0,0.00,0.170,0.075,0.053,SWING,1.2020,-0.2764,0.2143,0,0.00,0.102,0.007,0.025,STANCE,1.2190,0.4119,0.1975,0,0.00,0.106,0.008,0.040,STANCE,0.9515,-0.1311,0.0145,0,0.00,0.098,0.005,0.009,STANCE,0.9735,0.2515,0.0149,1,15.89,0.348,1.154,2.940,STANCE
106.577,7760,placemove,1.1519,0.0750,0.3168,-0.0399,-0.7268,0.0007,0.3497,0.0433,-0.1783,-0.0096,1.0537,-0.1123,1.000,0.000,0.0000,0.0000,1.4552,-0.2009,0.3652,0,0.00,0.012,0.116,0.037,STANCE,1.3198,0.3649,0.4011,0,0.00,0.156,0.115,0.092,SWING,1.2065,-0.2746,0.2102,0,0.00,0.078,0.098,0.019,STANCE,1.2221,0.4133,0.1909,0,0.00,0.092,0.088,0.002,STANCE,0.9513,-0.1306,0.0153,0,0.00,0.082,0.021,0.005,STANCE,0.9737,0.2516,0.0145,1,14.55,0.302,1.158,2.940,STANCE
106.618,7764,placemove,1.1580,0.0747,0.3142,-0.0359,-0.7091,-0.0020,0.2446,-0.0630,-0.1031,0.6166,0.6825,0.4813,1.000,0.000,0.0000,0.0000,1.4643,-0.2006,0.3552,1,20.53,2.940,2.940,2.940,STANCE,1.3330,0.3697,0.4192,0,0.00,0.046,0.515,0.124,SWING,1.2129,-0.2747,0.2049,0,0.00,0.350,0.305,0.021,STANCE,1.2271,0.4130,0.1849,1,23.11,1.134,2.940,2.940,STANCE,0.9524,-0.1310,0.0164,0,0.00,0.280,0.240,0.033,STANCE,0.9734,0.2516,0.0145,0,0.00,0.142,0.305,0.048,STANCE
106.688,7768,placemove,1.1608,0.0735,0.3125,-0.0271,-0.7035,-0.0065,0.1974,-0.0447,-0.1175,0.1871,0.6093,-0.1395,1.000,0.000,0.0000,0.0000,1.4642,-0.2014,0.3566,0,0.00,0.079,0.132,0.097,STANCE,1.3397,0.3702,0.4441,0,0.00,0.087,0.083,0.098,SWING,1.2182,-0.2751,0.1991,0,0.00,0.075,0.121,0.012,STANCE,1.2233,0.4121,0.1901,0,0.00,0.054,0.081,0.103,STANCE,0.9545,-0.1315,0.0148,1,10.20,0.052,0.528,1.710,STANCE,0.9731,0.2514,0.0148,0,0.00,0.036,0.005,0.007,STANCE
106.715,7772,placemove,1.1645,0.0731,0.3103,-0.0248,-0.6923,-0.0103,0.2352,-0.0165,-0.1520,0.0822,0.7375,-0.0739,1.000,0.000,0.0000,0.0000,1.4625,-0.2015,0.3568,0,0.00,0.055,0.015,0.043,STANCE,1.3482,0.3680,0.4669,0,0.00,0.109,0.105,0.098,SWING,1.2218,-0.2756,0.1941,0,0.00,0.060,0.091,0.013,STANCE,1.2205,0.4127,0.1939,0,0.00,0.037,0.008,0.023,STANCE,0.9546,-0.1315,0.0147,1,5.48,0.794,0.052,0.685,STANCE,0.9736,0.2514,0.0149,1,3.27,0.582,0.142,0.471,STANCE
106.771,7776,placemove,1.1655,0.0735,0.3097,-0.0276,-0.6889,-0.0115,-0.0071,0.0228,0.0103,-0.0518,0.1121,-0.0730,1.000,0.000,0.0000,0.0000,1.4635,-0.2013,0.3548,1,7.16,0.838,2.169,1.879,STANCE,1.3624,0.3601,0.4761,0,0.00,0.151,0.061,0.012,SWING,1.2235,-0.2758,0.1920,0,0.00,0.053,0.086,0.016,STANCE,1.2230,0.4128,0.1909,0,0.00,0.052,0.101,0.008,STANCE,0.9543,-0.1315,0.0153,0,0.00,0.044,0.018,0.009,STANCE,0.9738,0.2515,0.0146,1,3.06,0.616,1.407,0.676,STANCE
106.797,7780,placemove,1.1657,0.0735,0.3094,-0.0271,-0.6872,-0.0123,0.0320,-0.0129,-0.0405,0.0663,0.1029,-0.0250,1.000,0.000,0.0000,0.0000,1.4619,-0.2011,0.3563,0,0.00,0.021,0.110,0.065,STANCE,1.3827,0.3534,0.4795,0,0.00,0.086,0.095,0.096,SWING,1.2249,-0.2758,0.1899,0,0.00,0.053,0.097,0.018,STANCE,1.2244,0.4129,0.1888,0,0.00,0.061,0.101,0.009,STANCE,0.9538,-0.1314,0.0156,0,0.00,0.045,0.019,0.003,STANCE,0.9737,0.2515,0.0146,1,9.87,0.402,0.413,1.668,STANCE
106.834,7784,placemove,1.1662,0.0731,0.3087,-0.0257,-0.6855,-0.0142,-0.0203,0.0063,0.0006,-0.0122,-0.0460,-0.0110,1.000,0.000,0.0000,0.0000,1.4620,-0.2016,0.3549,1,3.28,0.178,0.183,0.785,SHIFT,1.3974,0.3538,0.4787,0,0.00,0.007,0.062,0.110,SWING,1.2265,-0.2762,0.1868,0,0.00,0.062,0.093,0.013,SHIFT,1.2265,0.4124,0.1864,0,0.00,0.049,0.136,0.014,SHIFT,0.9537,-0.1314,0.0150,0,0.00,0.038,0.013,0.006,SHIFT,0.9738,0.2515,0.0144,1,12.02,0.125,0.228,1.336,SHIFT
106.897,7788,placemove,1.1672,0.0730,0.3096,-0.0256,-0.6858,-0.0150,0.0914,0.0011,0.0600,-0.0816,0.0980,-0.2070,1.000,0.000,0.0000,0.0000,1.4616,-0.2019,0.3553,0,0.00,0.055,0.098,0.009,SHIFT,1.4074,0.3585,0.4746,0,0.00,0.092,0.286,0.005,SHIFT,1.2277,-0.2764,0.1850,1,4.80,1.058,0.174,1.360,SHIFT,1.2277,0.4122,0.1850,0,0.00,0.158,0.100,0.003,SHIFT,0.9536,-0.1314,0.0148,0,0.00,0.097,0.191,0.036,SHIFT,0.9739,0.2515,0.0142,0,0.23,0.312,0.001,0.049,SHIFT
106.992,7792,placemove,1.1686,0.0729,0.3110,-0.0261,-0.6859,-0.0152,0.0958,-0.0124,0.0668,-0.0203,0.0105,-0.0191,1.000,0.000,0.0000,0.0000,1.4612,-0.2022,0.3555,0,0.00,0.100,0.018,0.007,SHIFT,1.4169,0.3578,0.4630,0,0.00,0.064,0.100,0.001,SHIFT,1.2275,-0.2765,0.1850,0,0.00,0.156,0.035,0.013,SHIFT,1.2280,0.4121,0.1849,0,0.05,0.100,0.017,0.002,SHIFT,0.9533,-0.1313,0.0150,0,0.00,0.092,0.028,0.001,SHIFT,0.9741,0.2515,0.0143,1,3.98,0.343,0.284,0.816,SHIFT
107.032,7796,placemove,1.1707,0.0727,0.3119,-0.0257,-0.6846,-0.0155,0.1551,-0.0240,0.0299,0.0093,0.1825,-0.0295,1.000,0.000,0.0000,0.0000,1.4592,-0.2029,0.3586,0,0.00,0.072,0.190,0.170,SHIFT,1.4260,0.3552,0.4497,0,0.00,0.054,0.098,0.001,SHIFT,1.2250,-0.2763,0.1880,0,0.00,0.099,0.075,0.052,SHIFT,1.2258,0.4116,0.1881,0,0.00,0.081,0.096,0.071,SHIFT,0.9535,-0.1313,0.0149,0,0.00,0.059,0.052,0.013,SHIFT,0.9743,0.2514,0.0143,0,0.51,0.116,0.281,0.118,SHIFT
107.092,7800,placemove,1.1736,0.0724,0.3123,-0.0253,-0.6808,-0.0158,0.1901,-0.0121,0.0015,0.0332,0.3106,0.0116,1.000,0.000,0.0000,0.0000,1.4586,-0.2027,0.3585,0,0.00,0.052,0.051,0.004,SHIFT,1.4356,0.3516,0.4350,0,0.00,0.076,0.108,0.003,SHIFT,1.2241,-0.2767,0.1889,0,0.00,0.073,0.060,0.003,SHIFT,1.2251,0.4119,0.1894,0,0.00,0.100,0.056,0.002,SHIFT,0.9537,-0.1314,0.0149,0,0.33,0.163,0.138,0.049,SHIFT,0.9746,0.2514,0.0144,0,0.00,0.056,0.032,0.010,SHIFT
107.137,7804,placemove,1.1767,0.0725,0.3127,-0.0278,-0.6757,-0.0155,0.1045,0.0534,0.0845,-0.3552,0.2744,-0.2376,1.000,0.000,0.0000,0.0000,1.4614,-0.2029,0.3548,1,3.73,0.032,0.342,0.990,SHIFT,1.4450,0.3475,0.4193,0,0.00,0.005,0.102,0.002,SHIFT,1.2262,-0.2770,0.1864,0,0.00,0.054,0.104,0.008,SHIFT,1.2279,0.4117,0.1863,0,0.00,0.034,0.143,0.022,SHIFT,0.9537,-0.1314,0.0152,0,0.00,0.001,0.116,0.020,SHIFT,0.9748,0.2514,0.0144,1,2.43,0.068,1.501,0.756,SHIFT
107.247,7808,placemove,1.1780,0.0725,0.3142,-0.0290,-0.6751,-0.0155,0.0827,-0.0288,0.0709,0.0395,-0.0701,-0.0106,1.000,0.000,0.0000,0.0000,1.4613,-0.2031,0.3549,0,0.00,0.121,0.028,0.019,SHIFT,1.4513,0.3428,0.4056,0,0.00,0.043,0.093,0.000,SHIFT,1.2269,-0.2771,0.1853,0,0.00,0.130,0.084,0.017,SHIFT,1.2289,0.4116,0.1850,0,0.00,0.064,0.012,0.001,SHIFT,0.9529,-0.1313,0.0161,0,0.00,0.087,0.020,0.003,SHIFT,0.9748,0.2514,0.0146,1,1.86,0.380,0.105,0.370,SHIFT
107.280,7812,placemove,1.1799,0.0721,0.3150,-0.0305,-0.6725,-0.0176,0.1339,-0.0440,0.0188,-0.1136,0.3077,-0.3009,1.000,0.000,0.0000,0.0000,1.4590,-0.2041,0.3567,0,0.00,0.087,0.035,0.022,SHIFT,1.4563,0.3376,0.3949,0,0.00,0.062,0.079,0.026,SHIFT,1.2245,-0.2776,0.1870,0,0.00,0.116,0.022,0.021,SHIFT,1.2281,0.4111,0.1866,0,0.00,0.080,0.017,0.025,SHIFT,0.9521,-0.1313,0.0164,0,0.00,0.066,0.042,0.006,SHIFT,0.9750,0.2514,0.0146,1,1.85,0.219,0.027,0.289,SHIFT
107.350,7816,placemove,1.1818,0.0713,0.3155,-0.0297,-0.6696,-0.0193,0.0591,-0.0314,0.0846,0.0634,-0.2012,0.0904,1.000,0.000,0.0000,0.0000,1.4589,-0.2057,0.3546,0,0.00,0.098,0.078,0.012,SHIFT,1.4583,0.3356,0.3921,0,0.00,0.143,0.033,0.005,SHIFT,1.2238,-0.2784,0.1854,0,0.00,0.159,0.102,0.014,SHIFT,1.2298,0.4103,0.1849,0,0.00,0.148,0.033,0.004,SHIFT,0.9509,-0.1312,0.0163,0,0.00,0.099,0.046,0.002,SHIFT,0.9750,0.2514,0.0147,1,10.59,0.267,0.763,2.020,SHIFT
107.392,7820,placemove,1.1834,0.0707,0.3167,-0.0277,-0.6713,-0.0186,0.1045,-0.0214,0.0529,-0.0096,0.0253,0.0231,1.000,0.000,0.0000,0.0000,1.4588,-0.2061,0.3549,1,0.59,0.154,0.067,0.162,SHIFT,1.4591,0.3350,0.3918,0,0.00,0.032,0.047,0.014,SHIFT,1.2244,-0.2786,0.1849,1,1.14,0.375,0.075,0.291,SHIFT,1.2294,0.4101,0.1863,0,0.00,0.070,0.038,0.007,SHIFT,0.9518,-0.1314,0.0153,0,0.00,0.034,0.070,0.012,SHIFT,0.9753,0.2513,0.0147,0,0.26,0.117,0.123,0.050,SHIFT
107.448,7824,placemove,1.1854,0.0707,0.3177,-0.0287,-0.6703,-0.0173,0.1150,0.0011,0.0504,-0.0884,0.1071,-0.0200,1.000,0.000,0.0000,0.0000,1.4590,-0.2061,0.3548,1,1.56,0.117,0.167,0.391,SHIFT,1.4611,0.3349,0.3895,0,0.00,0.056,0.053,0.013,SHIFT,1.2244,-0.2787,0.1850,0,0.00,0.087,0.052,0.002,SHIFT,1.2303,0.4100,0.1853,0,0.00,0.079,0.042,0.006,SHIFT,0.9520,-0.1314,0.0153,0,0.00,0.034,0.074,0.013,SHIFT,0.9755,0.2513,0.0147,1,2.57,0.048,0.354,0.116,SHIFT
107.546,7828,placemove,1.1865,0.0704,0.3185,-0.0284,-0.6704,-0.0166,0.0255,0.0027,0.0103,-0.0466,0.0402,0.0021,1.000,0.000,0.0000,0.0000,1.4592,-0.2062,0.3549,1,4.20,0.371,0.461,0.659,STANCE,1.4627,0.3346,0.3878,0,0.00,0.001,0.094,0.016,STANCE,1.2234,-0.2786,0.1871,0,0.00,0.013,0.093,0.020,SWING,1.2308,0.4099,0.1851,0,0.00,0.029,0.008,0.002,STANCE,0.9523,-0.1315,0.0151,0,0.00,0.011,0.062,0.012,STANCE,0.9756,0.2512,0.0148,1,5.87,0.525,0.715,0.271,STANCE
107.592,7832,placemove,1.1866,0.0705,0.3185,-0.0288,-0.6703,-0.0160,0.0014,0.0002,-0.0007,-0.0161,0.0084,0.0163,1.000,0.000,0.0000,0.0000,1.4591,-0.2062,0.3548,1,3.27,0.300,0.384,0.366,STANCE,1.4642,0.3345,0.3858,0,0.00,0.038,0.115,0.021,STANCE,1.2167,-0.2771,0.1965,0,0.00,0.032,0.125,0.104,SWING,1.2308,0.4098,0.1850,1,1.67,0.328,0.027,0.077,STANCE,0.9522,-0.1315,0.0152,0,0.00,0.019,0.032,0.000,STANCE,0.9756,0.2512,0.0148,1,7.79,0.258,0.354,0.762,STANCE
107.615,7836,placemove,1.1866,0.0704,0.3185,-0.0291,-0.6701,-0.0155,0.0007,-0.0000,-0.0013,-0.0106,0.0087,0.0115,1.000,0.000,0.0000,0.0000,1.4591,-0.2062,0.3547,1,2.97,0.174,0.187,0.586,STANCE,1.4657,0.3344,0.3839,0,0.00,0.038,0.115,0.022,STANCE,1.2100,-0.2749,0.2058,0,0.00,0.038,0.124,0.104,SWING,1.2308,0.4098,0.1849,1,1.33,0.280,0.016,0.048,STANCE,0.9522,-0.1314,0.0152,0,0.00,0.020,0.031,0.001,STANCE,0.9756,0.2512,0.0148,1,8.60,0.342,0.189,0.989,STANCE
107.651,7840,placemove,1.1866,0.0704,0.3185,-0.0293,-0.6700,-0.0152,0.0005,0.0001,-0.0009,-0.0087,0.0091,0.0075,1.000,0.000,0.0000,0.0000,1.4591,-0.2062,0.3546,1,2.40,0.089,0.036,0.729,STANCE,1.4672,0.3343,0.3819,0,0.00,0.038,0.115,0.022,STANCE,1.2035,-0.2719,0.2150,0,0.00,0.039,0.125,0.104,SWING,1.2308,0.4098,0.1849,1,1.25,0.229,0.039,0.037,STANCE,0.9522,-0.1314,0.0152,0,0.00,0.020,0.031,0.001,STANCE,0.9756,0.2512,0.0148,1,9.30,0.373,0.006,1.231,STANCE
107.673,7844,placemove,1.1867,0.0704,0.3184,-0.0295,-0.6699,-0.0149,0.0024,-0.0001,-0.0005,-0.0052,0.0097,0.0081,1.000,0.000,0.0000,0.0000,1.4592,-0.2063,0.3546,1,1.69,0.097,0.079,0.534,STANCE,1.4688,0.3342,0.3800,0,0.00,0.046,0.109,0.023,STANCE,1.1996,-0.2688,0.2259,0,0.00,0.479,0.123,0.106,SWING,1.2308,0.4098,0.1849,1,1.25,0.093,0.223,0.067,STANCE,0.9521,-0.1314,0.0152,0,0.00,0.030,0.032,0.002,STANCE,0.9756,0.2512,0.0148,1,8.53,0.316,0.219,1.289,STANCE
107.712,7848,placemove,1.1867,0.0704,0.3184,-0.0296,-0.6698,-0.0147,0.0001,0.0005,-0.0009,-0.0064,0.0064,0.0021,1.000,0.000,0.0000,0.0000,1.4591,-0.2062,0.3546,1,2.35,0.180,0.009,0.713,STANCE,1.4703,0.3341,0.3781,0,0.00,0.037,0.116,0.022,STANCE,1.2040,-0.2667,0.2432,0,0.00,0.131,0.125,0.108,SWING,1.2308,0.4099,0.1849,1,1.43,0.118,0.182,0.004,STANCE,0.9521,-0.1314,0.0152,0,0.00,0.021,0.030,0.001,STANCE,0.9756,0.2513,0.0148,1,9.04,0.054,0.195,1.368,STANCE
107.735,7852,placemove,1.1867,0.0704,0.3184,-0.0297,-0.6698,-0.0146,0.0002,0.0003,-0.0006,-0.0047,0.0044,0.0021,1.000,0.000,0.0000,0.0000,1.4592,-0.2063,0.3546,1,2.32,0.135,0.028,0.667,STANCE,1.4718,0.3340,0.3762,0,0.00,0.036,0.115,0.022,STANCE,1.2092,-0.2634,0.2607,0,0.00,0.132,0.172,0.022,SWING,1.2308,0.4099,0.1849,1,1.35,0.037,0.206,0.002,STANCE,0.9521,-0.1314,0.0152,0,0.00,0.021,0.032,0.001,STANCE,0.9756,0.2513,0.0148,1,9.10,0.012,0.248,1.418,STANCE
107.774,7856,placemove,1.1867,0.0705,0.3184,-0.0298,-0.6697,-0.0145,0.0001,0.0001,-0.0005,-0.0032,0.0026,0.0016,1.000,0.000,0.0000,0.0000,1.4592,-0.2063,0.3545,1,2.35,0.174,0.001,0.694,STANCE,1.4733,0.3339,0.3743,0,0.00,0.037,0.116,0.022,STANCE,1.2138,-0.2683,0.2782,0,0.00,0.140,0.104,0.033,SWING,1.2308,0.4099,0.1849,1,1.13,0.036,0.237,0.032,STANCE,0.9521,-0.1314,0.0152,0,0.00,0.021,0.031,0.001,STANCE,0.9756,0.2513,0.0148,1,9.30,0.101,0.296,1.468,STANCE
107.796,7860,placemove,1.1867,0.0704,0.3184,-0.0298,-0.6697,-0.0145,0.0015,-0.0018,-0.0008,0.0005,0.0029,0.0019,1.000,0.000,0.0000,0.0000,1.4592,-0.2063,0.3545,1,3.15,0.276,0.239,0.452,STANCE,1.4748,0.3338,0.3724,0,0.00,0.035,0.117,0.023,STANCE,1.2185,-0.2752,0.2968,0,0.00,0.139,0.106,0.014,SWING,1.2309,0.4098,0.1849,1,0.79,0.141,0.282,0.067,STANCE,0.9521,-0.1314,0.0152,0,0.00,0.022,0.031,0.001,STANCE,0.9756,0.2513,0.0148,1,8.84,0.304,0.176,1.298,STANCE
107.833,7864,placemove,1.1867,0.0704,0.3184,-0.0298,-0.6696,-0.0144,0.0002,-0.0001,-0.0010,-0.0008,0.0042,0.0009,1.000,0.000,0.0000,0.0000,1.4592,-0.2063,0.3545,1,2.71,0.193,0.126,0.579,STANCE,1.4763,0.3337,0.3705,0,0.00,0.037,0.115,0.023,STANCE,1.2236,-0.2769,0.3156,0,0.00,0.134,0.135,0.004,SWING,1.2309,0.4098,0.1849,1,1.06,0.057,0.277,0.073,STANCE,0.9521,-0.1314,0.0152,0,0.00,0.021,0.032,0.001,STANCE,0.9756,0.2513,0.0148,1,9.15,0.131,0.250,1.411,STANCE
107.872,7868,placemove,1.1867,0.0704,0.3184,-0.0300,-0.6697,-0.0144,0.0045,-0.0011,-0.0005,0.0012,0.0024,0.0043,1.000,0.000,0.0000,0.0000,1.4591,-0.2063,0.3546,1,2.94,0.337,0.230,0.346,STANCE,1.4777,0.3336,0.3686,0,0.00,0.040,0.098,0.021,STANCE,1.2338,-0.2784,0.3287,0,0.00,0.160,0.072,0.057,SWING,1.2309,0.4098,0.1849,0,0.26,0.129,0.127,0.038,STANCE,0.9521,-0.1314,0.0152,0,0.00,0.020,0.041,0.001,STANCE,0.9756,0.2513,0.0148,1,8.68,0.328,0.109,1.226,STANCE
107.913,7872,placemove,1.1867,0.0704,0.3184,-0.0300,-0.6697,-0.0143,0.0005,0.0001,-0.0010,0.0005,0.0041,0.0026,1.000,0.000,0.0000,0.0000,1.4592,-0.2063,0.3545,1,2.73,0.052,0.285,0.407,STANCE,1.4793,0.3335,0.3667,0,0.00,0.038,0.117,0.023,STANCE,1.2499,-0.2830,0.3298,0,0.00,0.110,0.080,0.101,SWING,1.2309,0.4098,0.1848,1,1.09,0.253,0.365,0.049,STANCE,0.9521,-0.1314,0.0152,0,0.00,0.021,0.030,0.001,STANCE,0.9756,0.2512,0.0148,1,8.33,0.383,0.278,1.293,STANCE
107.935,7876,placemove,1.1867,0.0704,0.3184,-0.0299,-0.6696,-0.0143,0.0007,-0.0003,-0.0009,0.0004,0.0043,-0.0012,1.000,0.000,0.0000,0.0000,1.4592,-0.2063,0.3545,1,2.74,0.239,0.097,0.605,SHIFT,1.4808,0.3334,0.3648,0,0.00,0.036,0.116,0.023,SHIFT,1.2580,-0.2893,0.3239,0,0.00,0.034,0.078,0.101,SWING,1.2309,0.4098,0.1848,1,1.25,0.026,0.198,0.022,SHIFT,0.9521,-0.1314,0.0152,0,0.00,0.021,0.032,0.001,SHIFT,0.9756,0.2513,0.0148,1,8.85,0.150,0.182,1.323,SHIFT
108.019,7880,placemove,1.1878,0.0704,0.3195,-0.0301,-0.6701,-0.0142,0.0590,0.0326,0.0962,-0.1361,0.0157,-0.0361,1.000,0.000,0.0000,0.0000,1.4591,-0.2064,0.3547,0,0.00,0.086,0.033,0.003,SHIFT,1.4822,0.3333,0.3632,0,0.00,0.038,0.140,0.026,SHIFT,1.2650,-0.2956,0.3174,0,0.00,0.094,0.514,0.038,SHIFT,1.2309,0.4098,0.1850,1,3.42,0.306,0.576,0.293,SHIFT,0.9522,-0.1315,0.0151,0,0.00,0.062,0.018,0.003,SHIFT,0.9757,0.2512,0.0148,0,0.00,0.024,0.101,0.037,SHIFT
108.052,7884,placemove,1.1862,0.0724,0.3236,-0.0430,-0.6754,-0.0130,-0.1669,0.1302,0.2860,-0.7498,-0.4854,-0.5106,1.000,0.000,0.0000,0.0000,1.4548,-0.2058,0.3608,0,0.00,0.092,0.069,0.004,SHIFT,1.4824,0.3336,0.3628,0,0.00,0.019,0.123,0.018,SHIFT,1.2662,-0.2969,0.3168,1,15.57,2.231,0.020,2.940,SHIFT,1.2308,0.4100,0.1847,1,6.78,1.382,1.418,0.657,SHIFT,0.9497,-0.1310,0.0185,0,0.00,0.086,0.061,0.012,SHIFT,0.9755,0.2514,0.0149,1,7.49,2.366,2.626,2.940,SHIFT
108.222,7888,placemove,1.1837,0.0746,0.3285,-0.0580,-0.6837,-0.0122,-0.1330,0.1093,0.2976,-0.7082,-0.5276,-0.4676,1.000,0.000,0.0000,0.0000,1.4491,-0.2054,0.3687,0,0.00,0.199,0.131,0.037,SHIFT,1.4818,0.3337,0.3638,0,0.00,0.150,0.148,0.030,SHIFT,1.2664,-0.2987,0.3172,0,0.00,0.244,0.113,0.059,SHIFT,1.2308,0.4102,0.1847,0,0.00,0.116,0.011,0.014,SHIFT,0.9464,-0.1304,0.0227,0,0.00,0.233,0.035,0.016,SHIFT,0.9756,0.2517,0.0148,1,16.27,1.222,1.270,2.940,SHIFT
108.368,7892,placemove,1.1812,0.0770,0.3335,-0.0733,-0.6914,-0.0115,-0.1666,0.1692,0.2888,-0.7218,-0.3605,-0.5757,1.000,0.000,0.0000,0.0000,1.4439,-0.2051,0.3762,0,0.00,0.039,0.045,0.002,SHIFT,1.4813,0.3337,0.3649,0,0.00,0.004,0.045,0.019,SHIFT,1.2668,-0.3005,0.3176,1,9.33,0.313,0.502,2.940,SHIFT,1.2308,0.4104,0.1847,1,1.20,0.531,0.347,0.118,SHIFT,0.9431,-0.1299,0.0271,0,0.00,0.135,0.145,0.029,SHIFT,0.9756,0.2518,0.0147,0,0.00,0.151,0.159,0.065,SHIFT
108.475,7896,placemove,1.1785,0.0794,0.3383,-0.0886,-0.6998,-0.0107,-0.1800,0.1570,0.2778,-0.7208,-0.4714,-0.5447,1.000,0.000,0.0000,0.0000,1.4385,-0.2044,0.3835,0,0.00,0.080,0.124,0.018,SHIFT,1.4806,0.3338,0.3660,0,0.00,0.017,0.091,0.016,SHIFT,1.2670,-0.3018,0.3179,1,15.90,2.436,0.608,2.940,SHIFT,1.2307,0.4106,0.1847,1,5.15,0.891,1.519,0.010,SHIFT,0.9396,-0.1290,0.0314,0,0.00,0.062,0.092,0.020,SHIFT,0.9754,0.2522,0.0146,1,7.66,2.940,2.750,2.940,SHIFT
108.520,7900,placemove,1.1759,0.0811,0.3431,-0.1038,-0.7082,-0.0120,-0.1544,0.0801,0.2660,-0.6674,-0.4063,-0.7004,1.000,0.000,0.0000,0.0000,1.4327,-0.2049,0.3910,0,0.00,0.082,0.122,0.023,SHIFT,1.4804,0.3326,0.3672,0,0.00,0.056,0.055,0.014,SHIFT,1.2669,-0.2997,0.3168,1,1.84,0.034,1.336,0.699,SHIFT,1.2312,0.4100,0.1847,1,1.31,0.361,0.798,0.292,SHIFT,0.9360,-0.1286,0.0356,0,0.00,0.073,0.089,0.019,SHIFT,0.9757,0.2522,0.0144,0,0.32,0.222,0.097,0.059,SHIFT
108.607,7904,placemove,1.1736,0.0821,0.3472,-0.1159,-0.7146,-0.0150,-0.1474,0.0529,0.2301,-0.5792,-0.3103,-0.6063,1.000,0.000,0.0000,0.0000,1.4270,-0.2063,0.3965,0,0.00,0.171,0.128,0.017,SHIFT,1.4807,0.3304,0.3678,0,0.00,0.031,0.124,0.022,SHIFT,1.2668,-0.2955,0.3128,1,4.28,0.184,2.940,1.449,SHIFT,1.2320,0.4089,0.1847,1,4.34,0.326,2.769,1.416,SHIFT,0.9318,-0.1279,0.0390,0,0.00,0.151,0.092,0.017,SHIFT,0.9758,0.2522,0.0143,0,0.00,0.083,0.083,0.018,SHIFT
108.668,7908,placemove,1.1714,0.0827,0.3508,-0.1268,-0.7202,-0.0188,-0.1228,0.0213,0.1979,-0.4635,-0.2732,-0.6440,1.000,0.000,0.0000,0.0000,1.4214,-0.2083,0.4010,0,0.00,0.082,0.077,0.020,SHIFT,1.4812,0.3275,0.3681,0,0.00,0.068,0.074,0.019,SHIFT,1.2668,-0.2910,0.3080,0,0.00,0.103,0.139,0.014,SHIFT,1.2328,0.4076,0.1848,0,0.00,0.078,0.000,0.002,SHIFT,0.9276,-0.1271,0.0418,0,0.00,0.052,0.040,0.011,SHIFT,0.9759,0.2523,0.0142,0,0.74,0.112,0.012,0.088,SHIFT
108.771,7912,placemove,1.1693,0.0829,0.3543,-0.1366,-0.7251,-0.0222,-0.1346,0.0102,0.1961,-0.3563,-0.2459,-0.5028,1.000,0.000,0.0000,0.0000,1.4164,-0.2109,0.4043,0,0.00,0.107,0.032,0.012,SHIFT,1.4822,0.3240,0.3680,0,0.00,0.009,0.175,0.033,SHIFT,1.2668,-0.2868,0.3028,0,0.00,0.114,0.248,0.037,SHIFT,1.2341,0.4059,0.1847,1,1.33,0.319,0.668,0.288,SHIFT,0.9233,-0.1263,0.0442,0,0.00,0.062,0.042,0.012,SHIFT,0.9759,0.2523,0.0143,0,0.00,0.009,0.130,0.031,SHIFT
108.839,7916,placemove,1.1670,0.0830,0.3577,-0.1437,-0.7326,-0.0232,-0.1218,-0.0105,0.1784,-0.2280,-0.4205,-0.2364,1.000,0.000,0.0000,0.0000,1.4125,-0.2130,0.4067,0,0.00,0.113,0.112,0.032,SHIFT,1.4827,0.3212,0.3686,0,0.00,0.069,0.145,0.035,SHIFT,1.2667,-0.2842,0.2992,0,0.00,0.131,0.186,0.051,SHIFT,1.2350,0.4045,0.1849,0,0.00,0.078,0.061,0.008,SHIFT,0.9202,-0.1256,0.0456,0,0.00,0.078,0.010,0.004,SHIFT,0.9760,0.2524,0.0143,1,2.87,0.296,0.390,0.606,SHIFT
108.887,7920,placemove,1.1654,0.0825,0.3600,-0.1481,-0.7376,-0.0242,-0.0948,-0.0279,0.0648,-0.2128,-0.1024,-0.3262,1.000,0.000,0.0000,0.0000,1.4102,-0.2152,0.4077,0,0.00,0.023,0.070,0.020,STANCE,1.4835,0.3186,0.3688,0,0.00,0.014,0.138,0.028,STANCE,1.2650,-0.2853,0.2989,0,0.00,0.024,0.079,0.022,STANCE,1.2338,0.4034,0.1875,0,0.00,0.043,0.135,0.057,SWING,0.9195,-0.1257,0.0446,0,0.00,0.013,0.134,0.044,STANCE,0.9761,0.2524,0.0144,1,1.68,0.044,0.029,0.145,STANCE
108.908,7924,placemove,1.1641,0.0818,0.3604,-0.1518,-0.7379,-0.0261,-0.0524,-0.0637,-0.0066,-0.0625,0.0308,-0.2091,1.000,0.000,0.0000,0.0000,1.4098,-0.2181,0.4055,0,0.00,0.046,0.127,0.036,STANCE,1.4865,0.3151,0.3659,0,0.00,0.044,0.218,0.047,STANCE,1.2643,-0.2875,0.2966,0,0.00,0.055,0.118,0.033,STANCE,1.2267,0.4018,0.1961,0,0.00,0.093,0.146,0.103,SWING,0.9199,-0.1260,0.0418,0,0.00,0.039,0.170,0.048,STANCE,0.9760,0.2524,0.0144,1,8.78,0.238,0.574,1.350,STANCE
108.954,7928,placemove,1.1637,0.0804,0.3599,-0.1527,-0.7362,-0.0283,-0.0068,-0.0890,-0.0357,-0.0630,0.1755,-0.2690,1.000,0.000,0.0000,0.0000,1.4111,-0.2215,0.4008,0,0.00,0.021,0.282,0.054,STANCE,1.4904,0.3114,0.3618,0,0.00,0.079,0.124,0.034,STANCE,1.2652,-0.2900,0.2920,1,4.08,0.798,1.342,0.212,STANCE,1.2197,0.3990,0.2046,0,0.00,0.155,0.046,0.113,SWING,0.9214,-0.1266,0.0377,0,0.00,0.013,0.330,0.078,STANCE,0.9760,0.2524,0.0143,1,10.24,1.083,0.657,0.709,STANCE
108.994,7932,placemove,1.1638,0.0788,0.3591,-0.1560,-0.7315,-0.0318,0.0198,-0.1017,-0.0620,-0.1053,0.3435,-0.3753,1.000,0.000,0.0000,0.0000,1.4122,-0.2259,0.3954,0,0.00,0.039,0.115,0.037,STANCE,1.4955,0.3064,0.3562,0,0.00,0.029,0.234,0.052,STANCE,1.2653,-0.2933,0.2871,0,0.00,0.042,0.104,0.034,STANCE,1.2139,0.3951,0.2121,0,0.00,0.106,0.160,0.101,SWING,0.9218,-0.1270,0.0342,0,0.00,0.023,0.171,0.053,STANCE,0.9761,0.2523,0.0143,1,7.75,0.052,0.509,1.242,STANCE
109.061,7936,placemove,1.1617,0.0792,0.3603,-0.1621,-0.7356,-0.0268,-0.1375,0.0342,0.0848,-0.2265,-0.3422,0.1153,1.000,0.000,0.0000,0.0000,1.4123,-0.2272,0.3944,0,0.00,0.084,0.117,0.045,STANCE,1.4969,0.3048,0.3550,0,0.00,0.100,0.083,0.033,STANCE,1.2655,-0.2943,0.2859,0,0.00,0.125,0.135,0.064,STANCE,1.2086,0.3934,0.2231,0,0.00,0.459,0.189,0.002,SWING,0.9234,-0.1276,0.0315,0,0.00,0.090,0.080,0.027,STANCE,0.9760,0.2524,0.0143,1,12.71,1.102,0.798,1.813,STANCE
109.088,7940,placemove,1.1598,0.0796,0.3613,-0.1660,-0.7398,-0.0224,-0.0861,0.0221,0.0461,-0.1466,-0.2044,0.0844,1.000,0.000,0.0000,0.0000,1.4118,-0.2273,0.3952,0,0.00,0.026,0.032,0.020,STANCE,1.4955,0.3050,0.3570,0,0.00,0.042,0.095,0.009,STANCE,1.2655,-0.2942,0.2858,1,6.16,1.868,2.516,2.099,STANCE,1.2104,0.3965,0.2405,0,0.00,0.161,0.197,0.022,SWING,0.9247,-0.1279,0.0297,0,0.00,0.032,0.068,0.025,STANCE,0.9760,0.2523,0.0143,1,12.31,2.607,2.424,2.940,STANCE
109.126,7944,placemove,1.1587,0.0802,0.3620,-0.1706,-0.7420,-0.0193,-0.0583,0.0369,0.0312,-0.1817,-0.0808,-0.0193,1.000,0.000,0.0000,0.0000,1.4117,-0.2275,0.3955,0,0.00,0.034,0.045,0.018,STANCE,1.4959,0.3047,0.3567,0,0.00,0.011,0.116,0.027,STANCE,1.2657,-0.2942,0.2858,1,8.84,1.955,2.940,2.940,STANCE,1.2135,0.4007,0.2576,0,0.00,0.145,0.158,0.010,SWING,0.9258,-0.1282,0.0285,0,0.00,0.015,0.097,0.028,STANCE,0.9759,0.2523,0.0142,1,12.30,2.757,2.445,2.940,STANCE
109.155,7948,placemove,1.1579,0.0810,0.3625,-0.1756,-0.7427,-0.0169,-0.0419,0.0532,0.0207,-0.1822,-0.0157,-0.0385,1.000,0.000,0.0000,0.0000,1.4118,-0.2275,0.3955,0,0.00,0.036,0.031,0.014,STANCE,1.4971,0.3044,0.3552,1,0.88,0.123,0.012,0.207,STANCE,1.2658,-0.2941,0.2858,1,9.45,2.072,2.940,2.940,STANCE,1.2171,0.4095,0.2740,0,0.00,0.116,0.152,0.030,SWING,0.9264,-0.1285,0.0277,0,0.00,0.018,0.065,0.023,STANCE,0.9759,0.2524,0.0141,1,11.66,2.855,2.522,2.940,STANCE
109.204,7952,placemove,1.1569,0.0819,0.3630,-0.1800,-0.7438,-0.0151,-0.0503,0.0608,0.0207,-0.1792,-0.0243,-0.0584,1.000,0.000,0.0000,0.0000,1.4119,-0.2274,0.3954,0,0.00,0.041,0.044,0.017,STANCE,1.4964,0.3047,0.3554,0,0.00,0.004,0.038,0.003,STANCE,1.2660,-0.2941,0.2857,1,9.15,1.948,2.940,2.940,STANCE,1.2203,0.4199,0.2917,0,0.00,0.121,0.131,0.012,SWING,0.9271,-0.1286,0.0268,0,0.00,0.022,0.087,0.027,STANCE,0.9758,0.2525,0.0140,1,12.17,2.864,2.452,2.940,STANCE
109.235,7956,placemove,1.1562,0.0831,0.3634,-0.1850,-0.7437,-0.0136,-0.0334,0.0705,0.0195,-0.2136,0.0117,-0.1696,1.000,0.000,0.0000,0.0000,1.4122,-0.2270,0.3951,0,0.00,0.007,0.110,0.032,STANCE,1.4961,0.3053,0.3551,1,1.65,0.771,0.430,0.289,STANCE,1.2661,-0.2940,0.2857,1,7.91,1.460,2.940,2.940,STANCE,1.2241,0.4245,0.3098,0,0.00,0.181,0.151,0.014,SWING,0.9276,-0.1287,0.0262,0,0.00,0.003,0.094,0.026,STANCE,0.9757,0.2526,0.0139,1,14.35,2.940,2.060,2.940,STANCE
109.287,7960,placemove,1.1555,0.0839,0.3639,-0.1891,-0.7443,-0.0130,-0.0442,0.0496,0.0239,-0.1612,-0.0290,-0.1000,1.000,0.000,0.0000,0.0000,1.4124,-0.2271,0.3950,0,0.00,0.044,0.048,0.018,STANCE,1.4959,0.3054,0.3550,0,0.02,0.006,0.050,0.005,STANCE,1.2663,-0.2939,0.2857,1,9.18,1.866,2.940,2.940,STANCE,1.2354,0.4253,0.3207,0,0.00,0.139,0.101,0.058,SWING,0.9282,-0.1288,0.0255,0,0.00,0.019,0.087,0.027,STANCE,0.9757,0.2526,0.0138,1,12.33,2.802,2.433,2.940,STANCE
109.315,7964,placemove,1.1550,0.0848,0.3645,-0.1931,-0.7447,-0.0132,-0.0244,0.0577,0.0301,-0.1534,-0.0218,-0.1637,1.000,0.000,0.0000,0.0000,1.4124,-0.2272,0.3951,0,0.00,0.024,0.009,0.018,STANCE,1.4960,0.3054,0.3550,1,1.04,0.381,0.159,0.262,STANCE,1.2664,-0.2938,0.2857,1,9.30,1.823,2.940,2.940,STANCE,1.2549,0.4290,0.3249,0,0.00,0.176,0.057,0.098,SWING,0.9288,-0.1289,0.0249,0,0.00,0.002,0.090,0.027,STANCE,0.9757,0.2527,0.0138,1,13.23,2.940,2.240,2.940,STANCE
109.371,7968,placemove,1.1540,0.0853,0.3652,-0.1960,-0.7467,-0.0134,-0.0721,0.0122,0.0408,-0.1021,-0.1868,-0.1042,1.000,0.000,0.0000,0.0000,1.4110,-0.2270,0.3968,0,0.00,0.051,0.014,0.001,STANCE,1.4955,0.3052,0.3557,0,0.00,0.002,0.024,0.004,STANCE,1.2665,-0.2938,0.2857,1,9.29,1.867,2.940,2.940,STANCE,1.2637,0.4335,0.3206,0,0.00,0.100,0.070,0.096,SWING,0.9296,-0.1291,0.0241,0,0.00,0.047,0.119,0.034,STANCE,0.9757,0.2527,0.0137,1,13.31,2.940,2.329,2.940,STANCE
109.403,7972,placemove,1.1531,0.0856,0.3658,-0.1989,-0.7486,-0.0129,-0.0259,0.0030,0.0437,-0.0696,-0.1482,-0.0327,1.000,0.000,0.0000,0.0000,1.4095,-0.2270,0.3986,0,0.00,0.045,0.051,0.016,STANCE,1.4952,0.3049,0.3560,0,0.00,0.136,0.082,0.014,STANCE,1.2664,-0.2943,0.2859,0,0.00,0.075,0.005,0.016,STANCE,1.2594,0.4364,0.3008,0,0.00,0.026,0.081,0.005,SWING,0.9305,-0.1298,0.0230,0,0.00,0.068,0.115,0.029,STANCE,0.9757,0.2527,0.0137,1,18.00,0.342,1.173,2.940,STANCE
109.465,7976,placemove,1.1534,0.0852,0.3665,-0.2015,-0.7488,-0.0149,0.0002,-0.0099,0.0124,0.0405,-0.0333,0.0192,1.000,0.000,0.0000,0.0000,1.4086,-0.2283,0.4002,0,0.00,0.168,0.109,0.043,STANCE,1.4977,0.3028,0.3549,1,7.10,1.563,1.733,0.806,STANCE,1.2654,-0.2964,0.2877,1,11.14,1.222,1.280,2.159,STANCE,1.2472,0.4286,0.2902,0,0.00,0.276,0.408,0.059,SWING,0.9317,-0.1306,0.0225,0,0.00,0.002,0.118,0.017,STANCE,0.9758,0.2527,0.0137,1,4.67,1.025,1.139,1.319,STANCE
109.491,7980,placemove,1.1536,0.0852,0.3665,-0.2019,-0.7482,-0.0149,0.0172,0.0060,-0.0031,-0.0323,0.0586,-0.0188,1.000,0.000,0.0000,0.0000,1.4087,-0.2284,0.4001,0,0.00,0.050,0.028,0.003,STANCE,1.4972,0.3029,0.3555,0,0.00,0.031,0.027,0.000,STANCE,1.2654,-0.2965,0.2877,1,3.64,0.201,0.417,0.925,STANCE,1.2282,0.4257,0.2868,0,0.00,0.048,0.132,0.076,SWING,0.9333,-0.1311,0.0209,0,0.00,0.026,0.126,0.035,STANCE,0.9758,0.2527,0.0137,1,10.68,0.597,0.436,1.576,STANCE
109.537,7984,placemove,1.1539,0.0853,0.3664,-0.2028,-0.7471,-0.0147,0.0019,0.0016,0.0002,-0.0059,0.0108,0.0107,1.000,0.000,0.0000,0.0000,1.4089,-0.2284,0.3999,0,0.00,0.010,0.049,0.007,STANCE,1.4976,0.3029,0.3550,1,2.15,0.288,0.292,0.416,STANCE,1.2655,-0.2965,0.2877,1,4.19,0.586,0.125,0.562,STANCE,1.2086,0.4310,0.2841,0,0.00,0.056,0.163,0.018,SWING,0.9347,-0.1316,0.0195,0,0.00,0.034,0.117,0.035,STANCE,0.9758,0.2528,0.0138,1,11.69,0.605,0.615,1.836,STANCE
109.559,7988,placemove,1.1540,0.0853,0.3665,-0.2029,-0.7469,-0.0145,0.0013,-0.0005,0.0010,-0.0025,0.0072,0.0039,1.000,0.000,0.0000,0.0000,1.4090,-0.2284,0.3999,0,0.00,0.037,0.034,0.005,STANCE,1.4976,0.3029,0.3550,1,0.95,0.079,0.199,0.017,STANCE,1.2655,-0.2965,0.2877,1,2.89,0.171,0.472,0.802,STANCE,1.1894,0.4286,0.2816,0,0.00,0.039,0.177,0.028,SWING,0.9363,-0.1321,0.0178,0,0.00,0.031,0.127,0.037,STANCE,0.9758,0.2528,0.0138,1,10.90,0.442,0.518,1.660,STANCE
109.600,7992,placemove,1.1540,0.0853,0.3665,-0.2029,-0.7468,-0.0145,0.0021,0.0004,0.0010,-0.0024,0.0050,-0.0021,1.000,0.000,0.0000,0.0000,1.4090,-0.2284,0.3999,0,0.00,0.036,0.035,0.006,STANCE,1.4976,0.3029,0.3549,1,0.56,0.175,0.121,0.072,STANCE,1.2655,-0.2965,0.2877,1,2.50,0.112,0.486,0.771,STANCE,1.1892,0.4276,0.2954,0,0.00,0.136,0.148,0.002,SWING,0.9378,-0.1326,0.0161,0,0.00,0.028,0.127,0.037,STANCE,0.9758,0.2528,0.0138,1,11.14,0.274,0.647,1.779,STANCE
109.647,7996,placemove,1.1539,0.0854,0.3666,-0.2029,-0.7461,-0.0146,-0.0069,0.0108,0.0201,-0.0138,0.0625,-0.0264,1.000,0.000,0.0000,0.0000,1.4089,-0.2284,0.3999,0,0.00,0.040,0.042,0.006,STANCE,1.4977,0.3029,0.3549,1,3.03,0.536,0.637,0.364,STANCE,1.2654,-0.2965,0.2878,0,0.00,0.047,0.020,0.003,STANCE,1.1931,0.4310,0.3146,0,0.00,0.115,0.091,0.033,SWING,0.9391,-0.1330,0.0148,1,4.72,0.573,0.277,0.212,STANCE,0.9755,0.2529,0.0141,0,0.00,0.006,0.024,0.009,STANCE
109.713,8000,placemove,1.1542,0.0854,0.3666,-0.2033,-0.7455,-0.0148,0.0192,0.0007,-0.0013,-0.0221,0.0494,-0.0192,1.000,0.000,0.0000,0.0000,1.4091,-0.2285,0.3998,0,0.00,0.040,0.032,0.005,STANCE,1.4933,0.3046,0.3602,0,0.00,0.044,0.011,0.059,STANCE,1.2654,-0.2964,0.2877,1,5.52,0.997,1.304,1.485,STANCE,1.1961,0.4366,0.3351,0,0.00,0.137,0.090,0.023,SWING,0.9338,-0.1316,0.0200,0,0.00,0.032,0.003,0.088,STANCE,0.9757,0.2528,0.0142,1,12.74,1.643,1.496,2.522,STANCE
109.735,8004,placemove,1.1546,0.0855,0.3666,-0.2041,-0.7443,-0.0146,0.0219,0.0067,-0.0044,-0.0356,0.0706,-0.0229,1.000,0.000,0.0000,0.0000,1.4093,-0.2285,0.3996,0,0.00,0.034,0.037,0.006,STANCE,1.4941,0.3040,0.3588,0,0.00,0.052,0.117,0.020,STANCE,1.2655,-0.2964,0.2877,1,6.02,0.870,0.867,1.338,STANCE,1.1994,0.4375,0.3550,0,0.00,0.131,0.201,0.011,SWING,0.9348,-0.1317,0.0196,0,0.00,0.034,0.116,0.029,STANCE,0.9757,0.2528,0.0142,1,12.57,1.392,1.198,2.324,STANCE
109.774,8008,placemove,1.1548,0.0855,0.3666,-0.2044,-0.7439,-0.0145,0.0185,0.0032,-0.0021,-0.0263,0.0535,-0.0223,1.000,0.000,0.0000,0.0000,1.4095,-0.2285,0.3995,0,0.00,0.043,0.030,0.005,STANCE,1.4959,0.3035,0.3569,0,0.00,0.043,0.106,0.025,STANCE,1.2656,-0.2964,0.2877,1,5.36,0.847,1.200,1.467,STANCE,1.2183,0.4304,0.3573,0,0.00,0.158,0.075,0.031,SWING,0.9363,-0.1322,0.0181,0,0.00,0.031,0.132,0.038,STANCE,0.9758,0.2528,0.0143,1,13.31,1.450,1.246,2.434,STANCE
109.803,8012,placemove,1.1549,0.0855,0.3666,-0.2047,-0.7434,-0.0143,-0.0197,-0.0098,0.0080,0.0429,-0.0729,0.0404,1.000,0.000,0.0000,0.0000,1.4096,-0.2285,0.3994,0,0.00,0.027,0.042,0.010,STANCE,1.4976,0.3030,0.3550,0,0.20,0.129,0.027,0.047,STANCE,1.2657,-0.2964,0.2877,1,3.09,0.497,1.064,1.088,STANCE,1.2370,0.4329,0.3622,0,0.00,0.198,0.105,0.093,SWING,0.9379,-0.1327,0.0166,0,0.00,0.031,0.146,0.042,STANCE,0.9758,0.2528,0.0144,1,14.19,0.756,1.311,2.536,STANCE
109.888,8016,placemove,1.1549,0.0853,0.3668,-0.2041,-0.7428,-0.0150,-0.0079,0.0099,0.0458,0.0188,0.1578,-0.0342,1.000,0.000,0.0000,0.0000,1.4095,-0.2288,0.3994,0,0.00,0.084,0.068,0.010,STANCE,1.4978,0.3027,0.3549,1,4.31,0.691,1.146,0.780,STANCE,1.2656,-0.2967,0.2878,0,0.00,0.094,0.032,0.000,STANCE,1.2499,0.4380,0.3629,0,0.00,0.021,0.091,0.102,SWING,0.9393,-0.1332,0.0149,1,7.59,0.867,0.274,0.451,STANCE,0.9756,0.2529,0.0146,0,0.00,0.010,0.047,0.018,STANCE
109.936,8020,placemove,1.1554,0.0851,0.3673,-0.2042,-0.7422,-0.0165,0.0650,-0.0440,0.0397,0.0136,0.0337,-0.1402,1.000,0.000,0.0000,0.0000,1.4089,-0.2293,0.3991,0,0.00,0.127,0.021,0.008,SHIFT,1.4949,0.3032,0.3581,0,0.00,0.101,0.036,0.051,SHIFT,1.2647,-0.2971,0.2876,0,0.00,0.150,0.007,0.004,SHIFT,1.2585,0.4445,0.3578,0,0.00,0.099,0.077,0.099,SHIFT,0.9357,-0.1322,0.0179,0,0.00,0.102,0.091,0.080,SHIFT,0.9754,0.2530,0.0147,1,9.59,0.597,0.686,1.587,SHIFT
109.976,8024,placemove,1.1570,0.0839,0.3679,-0.2030,-0.7405,-0.0201,0.1153,-0.0895,0.0118,0.1003,0.1752,-0.1474,1.000,0.000,0.0000,0.0000,1.4080,-0.2312,0.3978,0,0.00,0.102,0.010,0.001,SHIFT,1.4960,0.3007,0.3567,0,0.00,0.061,0.088,0.019,SHIFT,1.2635,-0.2984,0.2864,0,0.00,0.113,0.009,0.001,SHIFT,1.2680,0.4495,0.3516,0,0.00,0.080,0.091,0.098,SHIFT,0.9353,-0.1323,0.0168,0,0.00,0.065,0.138,0.048,SHIFT,0.9756,0.2529,0.0145,1,3.64,0.293,0.016,0.435,SHIFT
110.033,8028,placemove,1.1570,0.0813,0.3703,-0.1895,-0.7384,-0.0194,-0.1756,-0.1339,0.2852,0.6128,-0.1877,0.7149,1.000,0.000,0.0000,0.0000,1.4094,-0.2321,0.3947,0,0.00,0.032,0.030,0.009,SHIFT,1.4951,0.3003,0.3569,0,0.00,0.007,0.271,0.021,SHIFT,1.2651,-0.2991,0.2829,1,17.70,0.615,0.543,2.056,SHIFT,1.2708,0.4506,0.3497,1,22.13,0.511,2.940,2.940,SHIFT,0.9365,-0.1329,0.0144,0,0.00,0.313,0.188,0.099,SHIFT,0.9726,0.2527,0.0171,0,0.00,0.093,0.157,0.033,SHIFT
110.105,8032,placemove,1.1543,0.0799,0.3746,-0.1733,-0.7459,-0.0190,-0.1989,-0.0510,0.2285,0.9286,-0.7160,0.8069,1.000,0.000,0.0000,0.0000,1.4084,-0.2314,0.3958,0,0.00,0.054,0.041,0.011,SHIFT,1.4905,0.3019,0.3633,0,0.00,0.071,0.190,0.034,SHIFT,1.2653,-0.2991,0.2828,1,4.64,0.944,2.940,2.011,SHIFT,1.2714,0.4533,0.3504,1,6.04,0.813,2.806,2.940,SHIFT,0.9341,-0.1319,0.0165,0,0.00,0.049,0.107,0.097,SHIFT,0.9692,0.2535,0.0211,0,0.00,0.086,0.088,0.019,SHIFT
110.187,8036,placemove,1.1504,0.0796,0.3781,-0.1545,-0.7630,-0.0206,-0.2653,0.0284,0.1998,1.0572,-1.2206,0.7785,1.000,0.000,0.0000,0.0000,1.4061,-0.2294,0.3980,0,0.00,0.138,0.157,0.032,SHIFT,1.4847,0.3046,0.3725,0,0.00,0.073,0.362,0.068,SHIFT,1.2657,-0.2967,0.2815,0,0.00,0.082,0.283,0.088,SHIFT,1.2718,0.4485,0.3484,1,3.98,0.179,2.118,2.662,SHIFT,0.9311,-0.1281,0.0185,0,0.00,0.160,0.185,0.097,SHIFT,0.9680,0.2560,0.0227,0,0.00,0.169,0.098,0.019,SHIFT
110.302,8040,placemove,1.1459,0.0804,0.3819,-0.1411,-0.7786,-0.0202,-0.2537,0.0634,0.2889,0.4411,-0.5449,0.7113,1.000,0.000,0.0000,0.0000,1.4026,-0.2266,0.4011,0,0.00,0.116,0.101,0.015,SHIFT,1.4785,0.3080,0.3814,0,0.00,0.169,0.293,0.052,SHIFT,1.2650,-0.2938,0.2812,0,0.00,0.119,0.144,0.026,SHIFT,1.2709,0.4396,0.3458,1,6.09,2.940,2.940,2.103,SHIFT,0.9342,-0.1257,0.0141,1,3.84,2.940,1.556,0.802,SHIFT,0.9668,0.2593,0.0238,0,0.00,0.120,0.138,0.013,SHIFT
110.366,8044,placemove,1.1416,0.0813,0.3853,-0.1240,-0.7940,-0.0201,-0.2695,0.0605,0.1638,0.8039,-1.0318,0.6524,1.000,0.000,0.0000,0.0000,1.4002,-0.2230,0.4036,0,0.00,0.096,0.064,0.006,SHIFT,1.4719,0.3123,0.3898,0,0.00,0.110,0.141,0.029,SHIFT,1.2652,-0.2904,0.2809,1,3.14,0.173,2.353,1.181,SHIFT,1.2700,0.4380,0.3448,1,4.52,0.310,2.503,2.090,SHIFT,0.9293,-0.1208,0.0178,0,0.00,0.002,0.346,0.187,SHIFT,0.9645,0.2625,0.0257,0,0.00,0.085,0.029,0.002,SHIFT
110.483,8048,placemove,1.1373,0.0825,0.3873,-0.1024,-0.8053,-0.0235,-0.2280,0.0873,0.0995,0.8981,-0.2969,0.9157,1.000,0.000,0.0000,0.0000,1.3966,-0.2198,0.4043,0,0.00,0.078,0.202,0.062,SHIFT,1.4644,0.3170,0.3982,0,0.00,0.074,0.594,0.131,SHIFT,1.2638,-0.2863,0.2785,0,0.00,0.092,0.139,0.043,SHIFT,1.2691,0.4354,0.3433,0,0.00,0.067,0.033,0.060,SHIFT,0.9283,-0.1159,0.0150,0,0.00,0.139,0.503,0.047,SHIFT,0.9616,0.2675,0.0270,0,0.00,0.023,0.017,0.006,SHIFT
110.502,8052,placemove,1.1336,0.0840,0.3874,-0.0802,-0.8102,-0.0239,-0.2337,0.0886,-0.0555,0.8539,-0.3842,0.8622,1.000,0.000,0.0000,0.0000,1.3888,-0.2174,0.4085,0,0.00,0.069,0.331,0.216,SHIFT,1.4500,0.3254,0.4102,0,0.00,0.102,0.224,0.159,SHIFT,1.2565,-0.2836,0.2798,0,0.00,0.098,0.308,0.215,SHIFT,1.2665,0.4260,0.3382,0,0.00,0.085,0.189,0.035,SHIFT,0.9201,-0.1094,0.0176,0,0.00,0.082,0.224,0.159,SHIFT,0.9558,0.2726,0.0282,0,0.00,0.007,0.056,0.011,SHIFT
110.573,8056,placemove,1.1301,0.0857,0.3864,-0.0731,-0.8117,-0.0174,-0.1632,0.1258,-0.0472,-0.0396,0.1191,0.7986,1.000,0.000,0.0000,0.0000,1.3829,-0.2099,0.4061,0,0.00,0.067,0.378,0.152,SHIFT,1.4409,0.3283,0.4104,0,0.00,0.106,0.363,0.001,SHIFT,1.2526,-0.2763,0.2774,0,0.00,0.096,0.381,0.148,SHIFT,1.2654,0.4216,0.3300,0,0.00,0.089,0.007,0.077,SHIFT,0.9166,-0.1066,0.0145,0,0.00,0.086,0.349,0.069,SHIFT,0.9500,0.2754,0.0269,0,0.00,0.007,0.064,0.012,SHIFT
110.592,8060,placemove,1.1277,0.0879,0.3838,-0.0768,-0.8088,-0.0047,-0.1569,0.1258,-0.2234,-0.1708,0.0816,0.5361,1.000,0.000,0.0000,0.0000,1.3753,-0.2066,0.4105,0,0.00,0.006,0.295,0.202,STANCE,1.4288,0.3352,0.4120,0,0.00,0.066,0.141,0.066,STANCE,1.2445,-0.2742,0.2817,0,0.00,0.026,0.304,0.209,STANCE,1.2552,0.4214,0.3271,0,0.00,0.052,0.154,0.063,STANCE,0.9056,-0.1061,0.0204,0,0.00,0.046,0.359,0.166,SWING,0.9434,0.2750,0.0235,0,0.00,0.005,0.027,0.007,STANCE
110.625,8064,placemove,1.1249,0.0899,0.3786,-0.0810,-0.8118,0.0061,-0.1764,0.1248,-0.3777,-0.1891,-0.2169,0.4356,1.000,0.000,0.0000,0.0000,1.3719,-0.1987,0.4083,0,0.00,0.030,0.019,0.010,STANCE,1.4230,0.3394,0.4061,0,0.00,0.028,0.047,0.007,STANCE,1.2430,-0.2685,0.2804,0,0.00,0.029,0.021,0.009,STANCE,1.2496,0.4241,0.3204,0,0.00,0.027,0.053,0.008,STANCE,0.8972,-0.1058,0.0237,0,0.00,0.056,0.120,0.098,SWING,0.9394,0.2737,0.0172,0,0.00,0.031,0.005,0.000,STANCE
110.654,8068,placemove,1.1230,0.0912,0.3731,-0.0693,-0.8064,0.0032,-0.0376,0.0116,-0.2699,0.6267,0.4862,0.1787,1.000,0.000,0.0000,0.0000,1.3720,-0.1945,0.4009,0,0.00,0.085,0.054,0.019,STANCE,1.4198,0.3434,0.3985,0,0.00,0.193,0.004,0.011,STANCE,1.2434,-0.2652,0.2734,0,0.00,0.136,0.041,0.013,STANCE,1.2454,0.4268,0.3137,0,0.00,0.175,0.012,0.004,STANCE,0.8874,-0.1021,0.0266,0,0.00,0.251,0.118,0.112,SWING,0.9378,0.2731,0.0137,1,23.19,0.882,1.286,2.940,STANCE
110.685,8072,placemove,1.1239,0.0901,0.3697,-0.0563,-0.7994,-0.0066,0.1191,-0.1192,-0.1572,0.4418,0.3760,-0.1173,1.000,0.000,0.0000,0.0000,1.3726,-0.1947,0.3945,0,0.00,0.063,0.025,0.007,STANCE,1.4192,0.3433,0.3950,0,0.00,0.152,0.062,0.012,STANCE,1.2432,-0.2650,0.2675,0,0.00,0.098,0.020,0.002,STANCE,1.2452,0.4267,0.3108,0,0.00,0.142,0.010,0.004,STANCE,0.8736,-0.0993,0.0323,0,0.00,0.150,0.084,0.035,SWING,0.9377,0.2731,0.0133,1,19.63,0.747,1.266,2.940,STANCE
110.705,8076,placemove,1.1270,0.0871,0.3678,-0.0477,-0.7938,-0.0166,0.2369,-0.2226,-0.0799,0.2884,0.2918,-0.3074,1.000,0.000,0.0000,0.0000,1.3738,-0.1980,0.3907,0,0.00,0.083,0.012,0.005,STANCE,1.4217,0.3399,0.3936,0,0.00,0.145,0.030,0.009,STANCE,1.2435,-0.2674,0.2641,0,0.00,0.116,0.008,0.002,STANCE,1.2491,0.4239,0.3092,0,0.00,0.137,0.034,0.001,STANCE,0.8536,-0.1007,0.0415,0,0.00,0.071,0.104,0.011,SWING,0.9378,0.2730,0.0131,1,19.32,0.476,1.266,2.940,STANCE
110.736,8080,placemove,1.1320,0.0825,0.3670,-0.0432,-0.7891,-0.0262,0.3223,-0.3043,-0.0590,0.1441,0.3782,-0.3810,1.000,0.000,0.0000,0.0000,1.3756,-0.2041,0.3887,0,0.00,0.063,0.083,0.015,STANCE,1.4271,0.3335,0.3936,0,0.00,0.067,0.060,0.013,STANCE,1.2443,-0.2720,0.2624,0,0.00,0.068,0.067,0.013,STANCE,1.2564,0.4188,0.3086,0,0.00,0.062,0.043,0.003,STANCE,0.8523,-0.1089,0.0540,0,0.00,0.708,0.133,0.098,SWING,0.9383,0.2728,0.0129,1,0.54,0.413,0.311,0.131,STANCE
110.781,8084,placemove,1.1372,0.0777,0.3644,-0.0372,-0.7801,-0.0358,0.2962,-0.2562,-0.2271,0.4557,0.6954,0.1578,1.000,0.000,0.0000,0.0000,1.3774,-0.2111,0.3840,0,0.00,0.346,0.381,0.080,STANCE,1.4336,0.3259,0.3916,0,0.00,0.485,0.247,0.041,STANCE,1.2446,-0.2772,0.2583,0,0.00,0.276,0.412,0.079,STANCE,1.2646,0.4131,0.3068,1,10.74,2.890,2.940,2.940,STANCE,0.8536,-0.1266,0.0696,0,0.00,0.276,0.036,0.142,SWING,0.9412,0.2722,0.0131,0,0.00,0.246,0.235,0.062,STANCE
110.837,8088,placemove,1.1417,0.0742,0.3594,-0.0146,-0.7693,-0.0337,0.2839,-0.2219,-0.3487,0.9620,0.4809,1.0193,1.000,0.000,0.0000,0.0000,1.3847,-0.2119,0.3724,0,0.00,0.131,0.130,0.020,STANCE,1.4341,0.3257,0.3896,0,0.00,0.123,0.063,0.015,STANCE,1.2513,-0.2772,0.2469,0,0.00,0.176,0.091,0.013,STANCE,1.2649,0.4122,0.3065,0,0.00,0.086,0.047,0.008,STANCE,0.8606,-0.1475,0.0825,0,0.00,0.121,0.064,0.125,SWING,0.9395,0.2726,0.0140,1,15.71,0.532,1.757,2.940,STANCE
110.863,8092,placemove,1.1474,0.0704,0.3539,0.0086,-0.7628,-0.0295,0.3763,-0.2139,-0.3372,1.0957,0.3836,1.2806,1.000,0.000,0.0000,0.0000,1.3938,-0.2118,0.3609,0,0.00,0.043,0.045,0.008,STANCE,1.4346,0.3260,0.3884,0,0.00,0.060,0.057,0.009,STANCE,1.2608,-0.2769,0.2349,0,0.00,0.040,0.039,0.013,STANCE,1.2651,0.4113,0.3063,1,2.16,1.281,0.131,0.455,STANCE,0.8730,-0.1682,0.0934,0,0.00,0.002,0.132,0.108,SWING,0.9398,0.2722,0.0138,1,12.63,1.334,0.876,1.840,STANCE
110.924,8096,placemove,1.1498,0.0687,0.3520,0.0157,-0.7606,-0.0245,-0.1086,0.0184,0.1105,-0.2038,-0.1057,0.0338,1.000,0.000,0.0000,0.0000,1.3981,-0.2116,0.3563,0,0.00,0.034,0.179,0.000,STANCE,1.4347,0.3263,0.3882,0,0.00,0.009,0.052,0.003,STANCE,1.2653,-0.2765,0.2301,1,19.88,0.847,1.338,2.931,STANCE,1.2654,0.4112,0.3063,1,5.15,0.500,2.940,1.287,STANCE,0.8843,-0.1859,0.1082,0,0.00,0.962,0.262,0.080,SWING,0.9399,0.2717,0.0137,0,0.00,0.144,0.049,0.002,STANCE
110.962,8100,placemove,1.1478,0.0687,0.3530,0.0146,-0.7625,-0.0210,-0.0890,-0.0257,0.0403,-0.0553,-0.3083,-0.0163,1.000,0.000,0.0000,0.0000,1.3893,-0.2115,0.3653,0,0.00,0.077,0.042,0.061,STANCE,1.4322,0.3267,0.3900,0,0.00,0.146,0.015,0.003,STANCE,1.2648,-0.2763,0.2302,0,0.00,0.106,0.036,0.012,STANCE,1.2650,0.4110,0.3057,0,0.00,0.148,0.099,0.012,STANCE,0.8805,-0.1813,0.1193,0,0.00,0.072,0.129,0.106,SWING,0.9382,0.2716,0.0146,1,17.76,0.295,0.715,2.106,STANCE
111.007,8104,placemove,1.1464,0.0683,0.3534,0.0173,-0.7639,-0.0202,-0.0836,-0.0207,-0.0160,0.1852,0.1757,0.1513,1.000,0.000,0.0000,0.0000,1.3884,-0.2114,0.3654,0,0.00,0.034,0.063,0.009,STANCE,1.4305,0.3265,0.3919,0,0.00,0.033,0.012,0.001,STANCE,1.2642,-0.2763,0.2301,0,0.00,0.037,0.001,0.001,STANCE,1.2650,0.4109,0.3056,0,0.00,0.033,0.082,0.013,STANCE,0.8882,-0.1816,0.1224,0,0.00,0.194,0.078,0.101,SWING,0.9375,0.2718,0.0151,0,0.00,0.048,0.011,0.002,STANCE
111.026,8108,placemove,1.1450,0.0679,0.3516,0.0214,-0.7613,-0.0205,-0.0839,-0.0223,-0.1796,0.1757,0.1626,0.1622,1.000,0.000,0.0000,0.0000,1.3890,-0.2114,0.3605,0,0.00,0.029,0.071,0.014,STANCE,1.4288,0.3264,0.3908,0,0.00,0.029,0.012,0.001,STANCE,1.2630,-0.2760,0.2269,0,0.00,0.031,0.002,0.001,STANCE,1.2646,0.4109,0.3034,0,0.00,0.028,0.081,0.013,STANCE,0.9085,-0.1810,0.1101,0,0.00,0.156,0.082,0.102,SWING,0.9348,0.2725,0.0150,0,0.00,0.041,0.013,0.002,STANCE
111.086,8112,placemove,1.1450,0.0669,0.3504,0.0262,-0.7602,-0.0220,0.0037,-0.0198,0.0698,0.0516,-0.2685,0.1666,1.000,0.000,0.0000,0.0000,1.3899,-0.2120,0.3549,1,7.29,1.075,1.193,2.936,SHIFT,1.4279,0.3254,0.3892,0,0.00,0.000,0.291,0.049,SHIFT,1.2621,-0.2763,0.2228,0,0.00,0.349,0.094,0.032,SHIFT,1.2652,0.4102,0.3009,1,4.23,0.325,1.103,0.516,SHIFT,0.9287,-0.1762,0.0982,0,0.00,0.187,0.185,0.143,SHIFT,0.9345,0.2725,0.0143,1,20.28,0.776,1.102,2.940,SHIFT
111.111,8116,placemove,1.1459,0.0661,0.3516,0.0302,-0.7646,-0.0199,0.0824,-0.0533,0.0525,0.1930,-0.2345,0.2899,1.000,0.000,0.0000,0.0000,1.3876,-0.2122,0.3575,0,0.00,0.120,0.073,0.006,SHIFT,1.4263,0.3255,0.3913,0,0.00,0.120,0.050,0.001,SHIFT,1.2633,-0.2762,0.2219,0,0.00,0.125,0.063,0.007,SHIFT,1.2653,0.4101,0.3008,1,8.85,2.940,0.454,0.238,SHIFT,0.9508,-0.1683,0.0894,0,0.00,0.078,0.030,0.099,SHIFT,0.9346,0.2724,0.0140,1,15.59,2.735,2.234,2.940,SHIFT
111.154,8120,placemove,1.1471,0.0652,0.3527,0.0348,-0.7686,-0.0184,0.0189,-0.0270,0.0829,0.0948,-0.2294,0.1165,1.000,0.000,0.0000,0.0000,1.3898,-0.2121,0.3558,0,0.00,0.051,0.084,0.017,SHIFT,1.4249,0.3256,0.3933,0,0.00,0.065,0.068,0.005,SHIFT,1.2651,-0.2760,0.2207,1,5.95,1.512,0.238,0.357,SHIFT,1.2656,0.4100,0.3008,1,10.72,2.940,0.108,0.109,SHIFT,0.9730,-0.1593,0.0831,0,0.00,0.043,0.014,0.090,SHIFT,0.9347,0.2723,0.0137,1,10.64,1.247,2.940,2.940,SHIFT
111.215,8124,placemove,1.1470,0.0644,0.3540,0.0333,-0.7669,-0.0161,-0.0463,-0.0905,0.0167,-0.5714,1.2633,-0.2708,1.000,0.000,0.0000,0.0000,1.3896,-0.2124,0.3551,0,0.00,0.121,0.098,0.032,SHIFT,1.4232,0.3252,0.3940,0,0.00,0.054,0.413,0.056,SHIFT,1.2644,-0.2764,0.2205,0,0.00,0.113,0.285,0.039,SHIFT,1.2657,0.4096,0.2997,0,0.00,0.044,0.183,0.025,SHIFT,0.9858,-0.1531,0.0811,1,13.31,0.541,2.940,2.940,SHIFT,0.9332,0.2718,0.0137,0,0.00,0.002,0.269,0.077,SHIFT
111.271,8128,placemove,1.1460,0.0634,0.3528,0.0141,-0.7416,-0.0078,-0.0279,-0.0457,-0.1088,-0.7947,0.9032,-0.5424,1.000,0.000,0.0000,0.0000,1.3891,-0.2126,0.3548,1,5.26,2.940,0.695,0.204,SHIFT,1.4228,0.3234,0.3812,0,0.00,0.393,0.188,0.030,SHIFT,1.2570,-0.2797,0.2198,0,0.00,0.133,0.033,0.006,SHIFT,1.2648,0.4072,0.2881,0,0.00,0.409,0.136,0.028,SHIFT,0.9861,-0.1532,0.0809,1,13.87,0.998,2.940,2.940,SHIFT,0.9234,0.2679,0.0147,1,15.54,2.940,2.678,2.940,SHIFT
111.295,8132,placemove,1.1465,0.0626,0.3533,0.0151,-0.7416,-0.0080,0.0443,-0.0396,0.0746,0.2398,-0.2218,0.1186,1.000,0.000,0.0000,0.0000,1.3890,-0.2128,0.3546,1,7.42,2.940,0.645,0.595,SHIFT,1.4218,0.3227,0.3787,0,0.00,0.026,0.098,0.003,SHIFT,1.2556,-0.2808,0.2191,0,0.00,0.069,0.089,0.002,SHIFT,1.2652,0.4063,0.2840,1,7.07,2.367,0.218,0.356,SHIFT,0.9863,-0.1532,0.0808,1,20.62,1.835,2.940,2.940,SHIFT,0.9235,0.2679,0.0143,1,12.20,2.940,2.940,2.940,SHIFT
111.336,8136,placemove,1.1473,0.0618,0.3546,0.0212,-0.7461,-0.0097,0.0416,-0.0400,0.0718,0.2082,-0.1917,0.1173,1.000,0.000,0.0000,0.0000,1.3889,-0.2130,0.3545,1,7.79,2.940,0.460,0.449,SHIFT,1.4202,0.3228,0.3809,0,0.00,0.035,0.096,0.004,SHIFT,1.2568,-0.2807,0.2185,0,0.00,0.059,0.090,0.003,SHIFT,1.2653,0.4062,0.2841,1,8.09,2.411,0.274,0.233,SHIFT,0.9866,-0.1532,0.0809,1,20.71,1.907,2.940,2.940,SHIFT,0.9236,0.2678,0.0140,1,12.38,2.940,2.940,2.940,SHIFT
111.358,8140,placemove,1.1480,0.0610,0.3560,0.0268,-0.7504,-0.0110,0.0395,-0.0409,0.0716,0.1934,-0.1828,0.1269,1.000,0.000,0.0000,0.0000,1.3889,-0.2132,0.3543,1,7.97,2.940,0.413,0.407,SHIFT,1.4185,0.3228,0.3831,0,0.00,0.040,0.097,0.004,SHIFT,1.2579,-0.2807,0.2178,0,0.00,0.059,0.091,0.003,SHIFT,1.2655,0.4061,0.2841,1,8.00,2.404,0.360,0.319,SHIFT,0.9869,-0.1531,0.0810,1,20.68,1.900,2.940,2.940,SHIFT,0.9238,0.2677,0.0138,1,12.66,2.940,2.940,2.940,SHIFT
111.392,8144,placemove,1.1487,0.0602,0.3574,0.0321,-0.7546,-0.0119,0.0368,-0.0409,0.0780,0.1768,-0.1509,0.1259,1.000,0.000,0.0000,0.0000,1.3889,-0.2134,0.3543,1,8.07,2.940,0.293,0.260,SHIFT,1.4168,0.3228,0.3851,0,0.00,0.045,0.098,0.003,SHIFT,1.2589,-0.2807,0.2172,0,0.00,0.060,0.092,0.003,SHIFT,1.2656,0.4060,0.2840,1,7.88,2.428,0.490,0.471,SHIFT,0.9872,-0.1530,0.0810,1,20.66,1.887,2.940,2.940,SHIFT,0.9239,0.2676,0.0136,1,12.94,2.940,2.940,2.940,SHIFT
111.416,8148,placemove,1.1494,0.0594,0.3588,0.0372,-0.7584,-0.0126,0.0320,-0.0432,0.0767,0.1732,-0.1491,0.1375,1.000,0.000,0.0000,0.0000,1.3888,-0.2136,0.3542,1,8.52,2.940,0.033,0.050,SHIFT,1.4152,0.3227,0.3871,0,0.00,0.048,0.101,0.004,SHIFT,1.2598,-0.2806,0.2167,0,0.00,0.056,0.095,0.003,SHIFT,1.2657,0.4059,0.2840,1,8.49,2.550,0.700,0.614,SHIFT,0.9874,-0.1530,0.0811,1,20.74,1.946,2.940,2.940,SHIFT,0.9240,0.2675,0.0136,1,13.20,2.940,2.940,2.940,SHIFT
111.466,8152,placemove,1.1498,0.0585,0.3601,0.0418,-0.7615,-0.0129,-0.0143,-0.0408,0.0491,0.0734,0.0536,0.1206,1.000,0.000,0.0000,0.0000,1.3888,-0.2138,0.3542,1,9.77,2.940,0.694,0.887,STANCE,1.4135,0.3227,0.3891,0,0.00,0.054,0.184,0.022,STANCE,1.2607,-0.2806,0.2161,0,0.00,0.019,0.149,0.017,STANCE,1.2658,0.4057,0.2839,0,0.00,0.051,0.037,0.003,STANCE,0.9876,-0.1529,0.0812,1,17.28,2.940,2.940,2.940,STANCE,0.9227,0.2663,0.0138,0,0.00,0.426,0.198,0.027,SWING
111.489,8156,placemove,1.1487,0.0579,0.3599,0.0405,-0.7571,-0.0117,-0.0882,-0.0202,-0.0749,-0.4096,0.7360,-0.1528,1.000,0.000,0.0000,0.0000,1.3888,-0.2137,0.3542,1,9.41,2.940,0.298,0.663,STANCE,1.4121,0.3223,0.3881,0,0.00,0.065,0.124,0.012,STANCE,1.2595,-0.2812,0.2157,0,0.00,0.002,0.102,0.010,STANCE,1.2656,0.4053,0.2816,0,0.00,0.066,0.004,0.006,STANCE,0.9878,-0.1530,0.0811,1,16.49,2.587,2.940,2.940,STANCE,0.9125,0.2622,0.0222,0,0.00,0.018,0.176,0.083,SWING
111.524,8160,placemove,1.1472,0.0575,0.3567,0.0259,-0.7222,-0.0010,-0.1023,-0.0438,-0.2964,-0.7546,2.5966,0.1403,1.000,0.000,0.0000,0.0000,1.3783,-0.2158,0.3524,0,0.00,1.970,0.079,0.104,STANCE,1.4110,0.3224,0.3744,0,0.00,0.091,0.091,0.012,STANCE,1.2538,-0.2830,0.2131,0,0.00,0.008,0.039,0.008,STANCE,1.2628,0.4042,0.2699,0,0.00,0.103,0.028,0.007,STANCE,0.9879,-0.1533,0.0809,1,10.60,1.418,1.649,2.940,STANCE,0.8942,0.2571,0.0348,0,0.00,0.107,0.149,0.090,SWING
111.564,8164,placemove,1.1455,0.0560,0.3500,0.0144,-0.6843,0.0089,-0.1123,-0.1570,-0.4009,0.2073,0.2373,0.2534,1.000,0.000,0.0000,0.0000,1.3709,-0.2159,0.3492,0,0.00,2.193,0.303,0.086,STANCE,1.4090,0.3224,0.3545,1,22.97,2.940,2.940,0.258,STANCE,1.2476,-0.2857,0.2066,0,0.00,0.071,0.052,0.008,STANCE,1.2571,0.4023,0.2522,0,0.00,0.342,0.268,0.026,STANCE,0.9879,-0.1538,0.0805,1,11.73,0.298,2.940,2.940,STANCE,0.8652,0.2528,0.0484,0,0.00,0.042,0.299,0.053,SWING
111.603,8168,placemove,1.1451,0.0530,0.3428,0.0103,-0.6815,0.0007,0.0205,-0.2009,-0.4486,-0.6886,0.3131,-1.3265,1.000,0.000,0.0000,0.0000,1.3590,-0.2203,0.3494,0,0.00,0.048,0.253,0.086,STANCE,1.4076,0.3223,0.3545,1,12.88,2.940,2.940,2.940,STANCE,1.2453,-0.2895,0.2008,0,0.00,0.013,0.161,0.021,STANCE,1.2589,0.3986,0.2414,0,0.00,0.185,0.048,0.003,STANCE,0.9877,-0.1540,0.0802,1,9.11,2.093,2.940,2.940,STANCE,0.8461,0.2545,0.0552,0,0.00,0.111,0.076,0.051,SWING
111.640,8172,placemove,1.1452,0.0486,0.3360,0.0038,-0.6784,-0.0140,-0.0623,-0.3338,-0.3010,0.4134,0.8197,-0.3873,1.000,0.000,0.0000,0.0000,1.3464,-0.2268,0.3529,0,0.00,0.060,0.028,0.116,STANCE,1.4049,0.3194,0.3550,0,0.00,0.074,0.001,0.113,STANCE,1.2390,-0.2968,0.1968,0,0.00,0.026,0.052,0.008,STANCE,1.2651,0.3937,0.2315,1,5.05,0.758,2.940,0.431,STANCE,0.9876,-0.1538,0.0794,1,7.21,1.407,2.940,0.264,STANCE,0.8484,0.2595,0.0600,0,0.00,0.599,0.667,0.020,SWING
111.719,8176,placemove,1.1453,0.0446,0.3334,0.0026,-0.6430,-0.0154,0.0685,-0.1842,-0.0779,-0.2703,2.1484,-0.4316,1.000,0.000,0.0000,0.0000,1.3399,-0.2311,0.3521,0,0.00,0.077,0.204,0.002,STANCE,1.4001,0.3160,0.3540,1,9.99,2.940,2.063,2.940,STANCE,1.2337,-0.3012,0.1905,0,0.00,0.025,0.061,0.009,STANCE,1.2649,0.3871,0.2205,1,2.54,0.208,1.307,0.227,STANCE,0.9880,-0.1542,0.0777,1,8.47,2.196,2.940,2.940,STANCE,0.8428,0.2692,0.0823,0,0.00,0.078,0.077,0.166,SWING
111.753,8180,placemove,1.1454,0.0432,0.3332,-0.0039,-0.6184,-0.0146,-0.0821,0.0534,-0.0273,-0.7671,1.4586,-0.0374,1.000,0.000,0.0000,0.0000,1.3383,-0.2346,0.3518,1,11.95,2.940,0.743,2.940,STANCE,1.3946,0.3143,0.3549,0,0.00,0.232,0.019,0.097,STANCE,1.2289,-0.3039,0.1892,0,0.00,0.060,0.106,0.007,STANCE,1.2652,0.3842,0.2138,0,0.00,0.238,0.047,0.027,STANCE,0.9880,-0.1544,0.0776,1,17.66,2.727,2.940,2.940,STANCE,0.8443,0.2837,0.1062,0,0.00,0.059,0.106,0.089,SWING
111.802,8184,placemove,1.1448,0.0439,0.3339,-0.0166,-0.5952,-0.0101,-0.0519,-0.0004,0.1723,-0.1241,1.2109,0.0506,1.000,0.000,0.0000,0.0000,1.3386,-0.2344,0.3519,1,13.76,2.940,2.670,2.940,STANCE,1.3880,0.3136,0.3552,0,0.00,0.132,0.419,0.085,STANCE,1.2256,-0.3051,0.1890,0,0.00,0.055,0.062,0.021,STANCE,1.2651,0.3843,0.2038,1,5.53,0.755,2.940,0.330,STANCE,0.9881,-0.1545,0.0775,1,15.91,1.574,2.940,2.931,STANCE,0.8475,0.2977,0.1282,0,0.00,0.002,0.056,0.129,SWING
111.824,8188,placemove,1.1440,0.0435,0.3385,-0.0154,-0.5726,-0.0089,-0.0515,-0.0477,0.3508,0.2644,1.4659,0.1632,1.000,0.000,0.0000,0.0000,1.3389,-0.2342,0.3519,1,10.72,2.940,2.070,2.881,STANCE,1.3803,0.3100,0.3597,0,0.00,0.152,0.221,0.082,STANCE,1.2261,-0.3053,0.1859,0,0.00,0.071,0.318,0.058,STANCE,1.2657,0.3830,0.1972,1,4.14,0.332,1.680,0.191,STANCE,0.9881,-0.1551,0.0770,1,16.30,1.922,2.940,1.598,STANCE,0.8520,0.3099,0.1565,0,0.00,0.234,0.227,0.089,SWING
111.897,8192,placemove,1.1416,0.0421,0.3441,-0.0132,-0.5551,-0.0119,-0.1542,-0.1193,0.2024,0.1274,0.8431,-0.0706,1.000,0.000,0.0000,0.0000,1.3345,-0.2363,0.3522,0,0.00,0.007,0.026,0.005,STANCE,1.3755,0.3025,0.3601,0,0.00,0.024,0.141,0.022,STANCE,1.2200,-0.3070,0.1910,0,0.00,0.020,0.043,0.111,STANCE,1.2624,0.3818,0.1995,0,0.00,0.036,0.153,0.017,STANCE,0.9871,-0.1551,0.0779,0,0.00,0.008,0.154,0.164,STANCE,0.8514,0.3109,0.1817,0,0.00,0.093,0.115,0.099,SWING
111.930,8196,placemove,1.1387,0.0405,0.3463,-0.0085,-0.5451,-0.0093,-0.1881,-0.0902,0.1162,-0.2811,1.4905,0.1061,1.000,0.000,0.0000,0.0000,1.3342,-0.2367,0.3522,1,7.61,2.940,0.718,1.316,STANCE,1.3733,0.3015,0.3581,0,0.00,0.018,0.092,0.003,STANCE,1.2118,-0.3085,0.2005,0,0.00,0.020,0.192,0.173,STANCE,1.2575,0.3813,0.2006,0,0.00,0.043,0.119,0.025,STANCE,0.9868,-0.1548,0.0790,1,14.34,2.444,2.345,2.719,STANCE,0.8528,0.3050,0.1885,0,0.00,0.027,0.109,0.105,SWING
112.012,8200,placemove,1.1352,0.0393,0.3509,-0.0063,-0.5390,-0.0100,-0.2209,-0.0428,0.3595,-0.1106,0.4119,-0.2022,1.000,0.000,0.0000,0.0000,1.3303,-0.2380,0.3538,0,0.00,0.159,0.129,0.007,STANCE,1.3736,0.3015,0.3545,1,9.76,1.583,2.940,2.940,STANCE,1.2100,-0.3079,0.2004,0,0.00,0.164,0.379,0.062,STANCE,1.2558,0.3803,0.1979,0,0.00,0.013,0.126,0.041,STANCE,0.9883,-0.1551,0.0764,1,7.69,1.517,2.940,1.845,STANCE,0.8640,0.2995,0.1794,0,0.00,0.119,0.210,0.134,SWING
112.042,8204,placemove,1.1321,0.0394,0.3573,-0.0080,-0.5370,-0.0125,-0.1502,0.0346,0.3794,-0.0517,-0.1369,-0.1809,1.000,0.000,0.0000,0.0000,1.3255,-0.2386,0.3596,0,0.00,0.087,0.018,0.001,SHIFT,1.3737,0.3016,0.3543,1,1.07,0.118,0.478,0.635,SHIFT,1.2085,-0.3085,0.2005,0,0.00,0.102,0.161,0.044,SHIFT,1.2549,0.3795,0.1982,0,0.00,0.122,0.221,0.057,SHIFT,0.9882,-0.1549,0.0761,0,0.00,0.034,0.106,0.026,SHIFT,0.8773,0.2933,0.1718,0,0.00,0.079,0.120,0.107,SHIFT
112.081,8208,placemove,1.1299,0.0399,0.3618,-0.0124,-0.5368,-0.0149,-0.1390,0.0351,0.1987,-0.1930,-0.0303,-0.2491,1.000,0.000,0.0000,0.0000,1.3205,-0.2388,0.3645,0,0.00,0.083,0.013,0.000,SHIFT,1.3675,0.2996,0.3611,0,0.00,0.081,0.073,0.057,SHIFT,1.2047,-0.3088,0.2030,0,0.00,0.096,0.047,0.009,SHIFT,1.2528,0.3790,0.2003,0,0.00,0.095,0.067,0.005,SHIFT,0.9852,-0.1547,0.0781,0,0.00,0.051,0.011,0.002,SHIFT,0.8920,0.2855,0.1636,0,0.00,0.059,0.090,0.101,SHIFT
112.100,8212,placemove,1.1275,0.0405,0.3637,-0.0150,-0.5392,-0.0169,-0.1431,0.0345,0.0388,-0.1164,-0.1723,-0.1847,1.000,0.000,0.0000,0.0000,1.3155,-0.2389,0.3668,0,0.00,0.090,0.008,0.001,SHIFT,1.3644,0.2992,0.3623,0,0.00,0.078,0.087,0.011,SHIFT,1.2011,-0.3089,0.2031,0,0.00,0.091,0.067,0.018,SHIFT,1.2504,0.3788,0.2009,0,0.00,0.081,0.011,0.003,SHIFT,0.9824,-0.1543,0.0773,0,0.00,0.055,0.047,0.007,SHIFT,0.9071,0.2766,0.1550,0,0.00,0.065,0.085,0.100,SHIFT
112.131,8216,placemove,1.1251,0.0411,0.3628,-0.0175,-0.5425,-0.0186,-0.1437,0.0349,-0.1253,-0.1273,-0.1955,-0.1743,1.000,0.000,0.0000,0.0000,1.3105,-0.2389,0.3664,0,0.00,0.092,0.008,0.002,SHIFT,1.3624,0.2989,0.3591,0,0.00,0.076,0.096,0.015,SHIFT,1.1976,-0.3089,0.2004,0,0.00,0.092,0.069,0.018,SHIFT,1.2481,0.3787,0.1991,0,0.00,0.079,0.008,0.002,SHIFT,0.9798,-0.1538,0.0736,0,0.00,0.057,0.049,0.008,SHIFT,0.9223,0.2669,0.1463,0,0.00,0.061,0.084,0.100,SHIFT
112.170,8220,placemove,1.1230,0.0418,0.3595,-0.0167,-0.5507,-0.0229,-0.0947,0.0579,-0.2490,0.3685,-1.0545,-0.3757,1.000,0.000,0.0000,0.0000,1.3053,-0.2390,0.3635,0,0.00,0.095,0.010,0.001,SHIFT,1.3609,0.2985,0.3549,0,0.00,0.094,0.051,0.023,SHIFT,1.1945,-0.3086,0.1948,0,0.00,0.097,0.043,0.018,SHIFT,1.2468,0.3788,0.1959,0,0.00,0.075,0.006,0.003,SHIFT,0.9782,-0.1525,0.0666,0,0.00,0.060,0.025,0.008,SHIFT,0.9382,0.2573,0.1374,0,0.00,0.060,0.083,0.101,SHIFT
112.215,8224,placemove,1.1215,0.0428,0.3537,-0.0119,-0.5660,-0.0322,-0.0957,0.0579,-0.4127,0.2946,-1.0359,-0.3443,1.000,0.000,0.0000,0.0000,1.2997,-0.2396,0.3585,0,0.00,0.102,0.014,0.001,SHIFT,1.3570,0.2976,0.3580,0,0.00,0.064,0.041,0.012,SHIFT,1.1921,-0.3074,0.1858,0,0.00,0.108,0.060,0.020,SHIFT,1.2491,0.3795,0.1932,0,0.00,0.072,0.029,0.008,SHIFT,0.9792,-0.1488,0.0551,0,0.00,0.067,0.036,0.009,SHIFT,0.9570,0.2495,0.1283,0,0.00,0.048,0.087,0.102,SHIFT
112.258,8228,placemove,1.1201,0.0446,0.3464,-0.0350,-0.5938,-0.0274,-0.0769,0.1159,-0.5217,-1.2923,-1.8279,-0.4976,1.000,0.000,0.0000,0.0000,1.2934,-0.2396,0.3590,0,0.00,0.099,0.003,0.001,SHIFT,1.3524,0.2965,0.3577,0,0.00,0.051,0.094,0.105,SHIFT,1.1860,-0.3094,0.1899,0,0.00,0.104,0.095,0.105,SHIFT,1.2500,0.3796,0.1893,0,0.00,0.064,0.096,0.102,SHIFT,0.9781,-0.1498,0.0513,0,0.00,0.056,0.100,0.100,SHIFT,0.9736,0.2399,0.1168,0,0.00,0.045,0.032,0.094,SHIFT
112.313,8232,placemove,1.1188,0.0465,0.3363,-0.0595,-0.6264,-0.0216,-0.0819,0.1051,-0.6574,-1.0896,-1.9976,-0.5530,1.000,0.000,0.0000,0.0000,1.2870,-0.2392,0.3591,0,0.00,0.005,0.008,0.006,SHIFT,1.3477,0.2973,0.3557,0,0.00,0.234,0.051,0.015,SHIFT,1.1772,-0.3120,0.1973,0,0.00,0.005,0.034,0.113,SHIFT,1.2494,0.3800,0.1855,1,7.09,0.949,0.127,0.252,SHIFT,0.9768,-0.1514,0.0482,0,0.00,0.047,0.199,0.096,SHIFT,0.9829,0.2356,0.1007,0,0.00,0.180,0.018,0.019,SHIFT
112.380,8236,placemove,1.1182,0.0479,0.3289,-0.0522,-0.6449,-0.0245,-0.0088,0.0642,-0.1910,0.2680,-0.2056,0.1994,1.000,0.000,0.0000,0.0000,1.2845,-0.2384,0.3544,1,25.10,2.940,2.940,0.396,SHIFT,1.3473,0.2972,0.3545,1,10.53,2.940,1.217,2.517,SHIFT,1.1704,-0.3101,0.1969,0,0.00,0.385,0.283,0.095,SHIFT,1.2442,0.3840,0.1894,0,0.00,0.234,0.201,0.112,SHIFT,0.9760,-0.1479,0.0412,0,0.00,0.277,0.217,0.072,SHIFT,0.9861,0.2371,0.0921,1,13.01,0.502,2.940,2.940,SHIFT
112.453,8240,placemove,1.1197,0.0478,0.3297,-0.0543,-0.6478,-0.0233,0.1397,-0.0432,0.1880,-0.2129,0.1345,0.0366,1.000,0.000,0.0000,0.0000,1.2844,-0.2385,0.3541,1,14.62,2.940,2.940,2.940,SHIFT,1.3472,0.2973,0.3544,1,7.78,2.940,1.375,2.870,SHIFT,1.1628,-0.3092,0.2049,0,0.00,0.315,0.114,0.109,SHIFT,1.2379,0.3855,0.1981,0,0.00,0.085,0.177,0.098,SHIFT,0.9808,-0.1475,0.0343,0,0.00,0.212,0.410,0.170,SHIFT,0.9874,0.2383,0.0883,1,22.99,1.154,2.940,0.853,SHIFT
112.497,8244,placemove,1.1220,0.0477,0.3345,-0.0565,-0.6373,-0.0217,0.0280,-0.0225,0.4294,0.2781,1.0061,0.2343,1.000,0.000,0.0000,0.0000,1.2837,-0.2385,0.3547,0,0.00,0.025,0.187,0.012,SWING,1.3475,0.2976,0.3541,1,15.58,0.555,2.512,2.198,STANCE,1.1554,-0.3080,0.2177,0,0.00,0.076,0.059,0.113,STANCE,1.2315,0.3857,0.2093,0,0.00,0.121,0.367,0.093,STANCE,0.9852,-0.1479,0.0321,1,12.03,0.373,2.940,0.008,STANCE,0.9866,0.2385,0.0918,0,0.00,0.151,0.172,0.002,STANCE
112.551,8248,placemove,1.1198,0.0462,0.3425,-0.0463,-0.6204,-0.0186,-0.1759,-0.1000,0.4615,0.4814,0.9428,0.4588,1.000,0.000,0.0000,0.0000,1.2781,-0.2353,0.3649,0,0.00,0.001,0.106,0.102,SWING,1.3477,0.2976,0.3539,0,0.00,0.010,0.179,0.001,STANCE,1.1474,-0.3060,0.2311,0,0.00,0.029,0.082,0.104,STANCE,1.2181,0.3860,0.2278,0,0.00,0.009,0.095,0.103,STANCE,0.9853,-0.1479,0.0326,0,0.00,0.006,0.357,0.194,STANCE,0.9792,0.2383,0.1035,0,0.00,0.004,0.038,0.002,STANCE
112.570,8252,placemove,1.1168,0.0446,0.3487,-0.0409,-0.6041,-0.0166,-0.1825,-0.0957,0.3069,0.3750,0.8911,0.3684,1.000,0.000,0.0000,0.0000,1.2701,-0.2314,0.3757,0,0.00,0.004,0.069,0.103,SWING,1.3451,0.2967,0.3561,0,0.00,0.008,0.128,0.016,STANCE,1.1431,-0.3055,0.2372,0,0.00,0.005,0.060,0.014,STANCE,1.2055,0.3837,0.2435,0,0.00,0.001,0.093,0.103,STANCE,0.9803,-0.1496,0.0348,0,0.00,0.003,0.030,0.040,STANCE,0.9715,0.2374,0.1135,0,0.00,0.006,0.017,0.000,STANCE
112.600,8256,placemove,1.1137,0.0430,0.3523,-0.0317,-0.5899,-0.0144,-0.1854,-0.0937,0.1459,0.4974,0.8412,0.4601,1.000,0.000,0.0000,0.0000,1.2636,-0.2304,0.3835,0,0.00,0.001,0.077,0.083,SWING,1.3418,0.2965,0.3567,0,0.00,0.000,0.069,0.009,STANCE,1.1422,-0.3060,0.2359,0,0.00,0.003,0.094,0.016,STANCE,1.1985,0.3811,0.2489,0,0.00,0.001,0.065,0.006,STANCE,0.9744,-0.1497,0.0384,0,0.00,0.003,0.015,0.005,STANCE,0.9639,0.2366,0.1211,0,0.00,0.000,0.002,0.000,STANCE
112.628,8260,placemove,1.1106,0.0414,0.3533,-0.0210,-0.5768,-0.0137,-0.1627,-0.0917,-0.0079,0.6473,0.4645,0.0908,1.000,0.000,0.0000,0.0000,1.2603,-0.2389,0.3901,0,0.00,0.471,0.190,0.007,SWING,1.3382,0.2965,0.3551,1,7.82,2.940,1.002,2.221,STANCE,1.1413,-0.3064,0.2317,0,0.00,0.142,0.112,0.014,STANCE,1.1927,0.3808,0.2501,0,0.00,0.423,0.019,0.012,STANCE,0.9684,-0.1496,0.0399,0,0.00,0.185,0.202,0.039,STANCE,0.9562,0.2359,0.1261,0,0.00,0.362,0.203,0.021,STANCE
112.666,8264,placemove,1.1079,0.0399,0.3516,-0.0075,-0.5695,-0.0233,-0.1622,-0.0900,-0.1704,0.7322,0.3663,-0.1116,1.000,0.000,0.0000,0.0000,1.2635,-0.2458,0.4008,0,0.00,0.084,0.058,0.055,SWING,1.3346,0.2945,0.3572,0,0.00,0.000,0.015,0.020,STANCE,1.1389,-0.3066,0.2233,0,0.00,0.006,0.150,0.023,STANCE,1.1918,0.3802,0.2492,0,0.00,0.002,0.162,0.022,STANCE,0.9636,-0.1472,0.0366,0,0.00,0.009,0.048,0.008,STANCE,0.9522,0.2374,0.1281,0,0.00,0.006,0.016,0.001,STANCE
112.690,8268,placemove,1.1053,0.0388,0.3477,0.0013,-0.5731,-0.0307,-0.1240,-0.0329,-0.2716,0.7141,-0.6925,0.0478,0.000,0.000,0.0000,0.0000,1.2745,-0.2513,0.3963,0,0.00,0.140,0.104,0.096,STANCE,1.3339,0.2922,0.3549,1,2.96,0.670,0.779,1.212,STANCE,1.1364,-0.3070,0.2140,0,0.00,0.045,0.081,0.005,STANCE,1.1926,0.3794,0.2459,0,0.00,0.055,0.166,0.024,STANCE,0.9609,-0.1451,0.0304,0,0.00,0.008,0.057,0.019,STANCE,0.9508,0.2387,0.1259,0,0.00,0.054,0.036,0.003,STANCE
112.732,8272,placemove,1.1033,0.0383,0.3417,0.0152,-0.5845,-0.0365,-0.0952,-0.0105,-0.4127,0.8493,-0.9911,0.1018,0.000,0.000,0.0000,0.0000,1.2796,-0.2577,0.3821,0,0.00,0.003,0.120,0.065,STANCE,1.3323,0.2911,0.3549,1,1.31,0.356,0.246,0.508,STANCE,1.1376,-0.3058,0.2008,0,0.00,0.018,0.132,0.023,STANCE,1.1945,0.3800,0.2423,0,0.00,0.032,0.150,0.027,STANCE,0.9631,-0.1412,0.0194,0,0.00,0.004,0.013,0.006,STANCE,0.9516,0.2414,0.1212,0,0.00,0.026,0.031,0.002,STANCE
112.792,8276,placemove,1.1020,0.0381,0.3381,0.0156,-0.5900,-0.0374,-0.0631,-0.0210,-0.0951,-0.4186,-0.0198,-0.1183,0.000,0.000,0.0000,0.0000,1.2823,-0.2578,0.3681,0,0.00,0.011,0.115,0.000,STANCE,1.3313,0.2904,0.3554,0,0.00,0.020,0.018,0.002,STANCE,1.1377,-0.3054,0.1917,0,0.00,0.012,0.090,0.020,STANCE,1.1975,0.3798,0.2376,0,0.00,0.015,0.095,0.020,STANCE,0.9634,-0.1391,0.0144,0,0.00,0.111,0.038,0.012,STANCE,0.9528,0.2431,0.1169,0,0.00,0.012,0.002,0.001,STANCE
112.822,8280,placemove,1.1009,0.0377,0.3350,0.0076,-0.5910,-0.0346,-0.0686,-0.0221,-0.2545,-0.2986,-0.1453,-0.0924,0.000,0.000,0.0000,0.0000,1.2842,-0.2542,0.3565,0,0.00,0.018,0.112,0.003,STANCE,1.3255,0.2879,0.3602,0,0.00,0.024,0.121,0.048,STANCE,1.1359,-0.3066,0.1882,0,0.00,0.025,0.056,0.013,STANCE,1.2000,0.3785,0.2315,0,0.00,0.019,0.114,0.018,STANCE,0.9531,-0.1404,0.0204,0,0.00,0.021,0.058,0.108,STANCE,0.9531,0.2428,0.1133,0,0.00,0.023,0.005,0.000,STANCE
112.854,8284,placemove,1.1004,0.0361,0.3308,-0.0257,-0.6172,-0.0236,-0.0121,-0.1276,-0.3052,-1.9553,-1.8214,-0.6574,0.000,0.000,0.0000,0.0000,1.2840,-0.2526,0.3547,0,0.00,0.024,0.208,0.049,STANCE,1.3262,0.2849,0.3570,0,0.00,0.017,0.002,0.001,STANCE,1.1363,-0.3116,0.1906,0,0.00,0.008,0.039,0.011,STANCE,1.2067,0.3735,0.2201,0,0.00,0.012,0.119,0.018,STANCE,0.9497,-0.1476,0.0257,0,0.00,0.010,0.099,0.101,STANCE,0.9597,0.2379,0.1015,0,0.00,0.021,0.040,0.000,STANCE
112.889,8288,placemove,1.1006,0.0351,0.3249,-0.0496,-0.6582,-0.0097,0.0400,-0.0265,-0.4085,-0.8614,-2.7509,0.0558,0.000,0.000,0.0000,0.0000,1.2833,-0.2519,0.3591,0,0.00,0.015,0.017,0.004,STANCE,1.3260,0.2836,0.3549,1,1.92,0.465,0.383,0.755,STANCE,1.1419,-0.3159,0.1917,0,0.00,0.008,0.062,0.011,STANCE,1.2138,0.3695,0.2097,0,0.00,0.072,0.097,0.019,STANCE,0.9534,-0.1545,0.0270,0,0.00,0.045,0.059,0.109,STANCE,0.9696,0.2323,0.0863,0,0.00,0.068,0.017,0.004,STANCE
112.910,8292,placemove,1.1016,0.0349,0.3168,-0.0636,-0.7075,-0.0018,0.0655,-0.0096,-0.5475,-0.5409,-3.1185,-0.0964,0.000,0.000,0.0000,0.0000,1.2825,-0.2515,0.3635,0,0.00,0.030,0.001,0.001,STANCE,1.3252,0.2837,0.3548,1,1.63,0.259,0.222,0.237,STANCE,1.1508,-0.3179,0.1887,0,0.00,0.013,0.063,0.012,STANCE,1.2218,0.3676,0.2015,0,0.00,0.053,0.106,0.018,STANCE,0.9612,-0.1579,0.0236,0,0.00,0.036,0.062,0.107,STANCE,0.9822,0.2289,0.0700,0,0.00,0.049,0.012,0.004,STANCE
112.955,8296,placemove,1.1020,0.0346,0.3125,-0.0549,-0.7182,-0.0060,0.0174,-0.0410,0.0687,0.5358,0.8807,0.1343,0.000,0.000,0.0000,0.0000,1.2829,-0.2513,0.3606,0,0.00,0.215,0.134,0.005,STANCE,1.3250,0.2836,0.3547,1,9.63,2.940,1.117,2.648,STANCE,1.1549,-0.3181,0.1841,1,14.45,2.940,2.940,1.661,STANCE,1.2249,0.3680,0.1974,0,0.00,0.224,0.197,0.018,STANCE,0.9606,-0.1568,0.0240,0,0.00,0.146,0.387,0.113,STANCE,0.9860,0.2283,0.0653,1,12.36,0.332,2.940,2.940,STANCE
113.012,8300,placemove,1.1035,0.0334,0.3133,-0.0484,-0.7130,-0.0078,0.0733,-0.0598,0.0055,0.2873,0.2431,0.2026,0.000,0.000,0.0000,0.0000,1.2857,-0.2519,0.3591,0,0.00,0.025,0.083,0.001,STANCE,1.3250,0.2836,0.3547,1,3.90,0.453,1.193,0.345,STANCE,1.1550,-0.3180,0.1844,1,2.37,0.663,1.331,0.332,STANCE,1.2241,0.3678,0.1991,0,0.00,0.007,0.015,0.005,STANCE,0.9564,-0.1555,0.0337,0,0.00,0.034,0.032,0.049,STANCE,0.9860,0.2284,0.0652,0,0.00,0.012,0.017,0.004,STANCE
113.059,8304,placemove,1.1042,0.0328,0.3127,-0.0427,-0.7118,-0.0096,0.0341,-0.0302,-0.0342,0.2055,0.0309,0.0877,0.000,0.000,0.0000,0.0000,1.2876,-0.2522,0.3574,0,0.00,0.050,0.086,0.003,STANCE,1.3251,0.2836,0.3547,1,5.83,0.438,1.101,0.747,STANCE,1.1550,-0.3179,0.1844,1,6.48,0.946,2.258,1.330,STANCE,1.2236,0.3679,0.1997,0,0.00,0.039,0.006,0.005,STANCE,0.9575,-0.1550,0.0344,0,0.00,0.030,0.059,0.009,STANCE,0.9857,0.2283,0.0655,1,4.56,0.480,1.008,0.076,STANCE
113.080,8308,placemove,1.1048,0.0323,0.3123,-0.0379,-0.7104,-0.0111,0.0277,-0.0248,-0.0172,0.1768,0.0913,0.0850,0.000,0.000,0.0000,0.0000,1.2890,-0.2523,0.3558,0,0.00,0.031,0.094,0.003,STANCE,1.3251,0.2835,0.3547,1,4.99,0.167,1.173,0.751,STANCE,1.1550,-0.3179,0.1843,1,6.26,0.965,2.543,1.640,STANCE,1.2234,0.3680,0.1998,0,0.00,0.032,0.016,0.002,STANCE,0.9584,-0.1550,0.0334,0,0.00,0.012,0.065,0.003,STANCE,0.9858,0.2282,0.0654,1,4.11,0.768,1.088,0.307,STANCE
113.142,8312,placemove,1.1049,0.0321,0.3133,-0.0352,-0.7042,-0.0119,-0.0185,-0.0083,0.0958,0.0198,0.4332,0.0449,0.000,0.000,0.0000,0.0000,1.2898,-0.2524,0.3550,0,0.00,0.088,0.029,0.010,STANCE,1.3250,0.2834,0.3547,0,0.13,0.083,0.032,0.017,STANCE,1.1551,-0.3178,0.1842,1,0.94,0.561,0.085,0.111,STANCE,1.2240,0.3680,0.1987,0,0.00,0.029,0.124,0.021,STANCE,0.9589,-0.1551,0.0327,0,0.00,0.077,0.051,0.008,STANCE,0.9858,0.2281,0.0654,0,0.00,0.056,0.046,0.002,STANCE
113.196,8316,placemove,1.1048,0.0321,0.3153,-0.0341,-0.6943,-0.0121,0.0029,-0.0016,0.1130,0.0465,0.5431,0.0209,0.000,0.000,0.0000,0.0000,1.2904,-0.2523,0.3550,0,0.00,0.009,0.054,0.005,STANCE,1.3251,0.2836,0.3547,0,0.66,0.180,0.032,0.078,STANCE,1.1552,-0.3178,0.1841,0,0.35,0.188,0.001,0.084,STANCE,1.2251,0.3680,0.1965,0,0.00,0.029,0.117,0.024,STANCE,0.9590,-0.1553,0.0328,0,0.00,0.008,0.076,0.016,STANCE,0.9858,0.2280,0.0654,0,0.00,0.012,0.051,0.004,STANCE
113.293,8320,placemove,1.1048,0.0321,0.3172,-0.0329,-0.6848,-0.0124,-0.0020,-0.0002,0.0989,0.0418,0.4757,0.0204,0.000,0.000,0.0000,0.0000,1.2910,-0.2521,0.3550,0,0.00,0.028,0.056,0.007,STANCE,1.3252,0.2838,0.3547,0,0.70,0.345,0.116,0.080,STANCE,1.1553,-0.3177,0.1840,0,0.41,0.249,0.035,0.061,STANCE,1.2262,0.3681,0.1944,0,0.00,0.055,0.106,0.024,STANCE,0.9590,-0.1554,0.0329,0,0.00,0.015,0.072,0.016,STANCE,0.9858,0.2279,0.0655,0,0.38,0.040,0.073,0.152,STANCE
113.327,8324,placemove,1.1047,0.0320,0.3189,-0.0319,-0.6768,-0.0121,-0.0061,-0.0080,0.0834,0.0357,0.3987,0.0469,0.000,0.000,0.0000,0.0000,1.2915,-0.2520,0.3550,0,0.00,0.007,0.049,0.006,STANCE,1.3251,0.2840,0.3547,1,0.65,0.336,0.069,0.038,STANCE,1.1554,-0.3176,0.1840,1,0.68,0.363,0.056,0.152,STANCE,1.2271,0.3681,0.1923,0,0.00,0.051,0.102,0.023,STANCE,0.9591,-0.1556,0.0327,0,0.00,0.001,0.067,0.014,STANCE,0.9858,0.2276,0.0654,0,0.37,0.098,0.093,0.038,STANCE
113.405,8328,placemove,1.1045,0.0319,0.3203,-0.0311,-0.6699,-0.0115,-0.0119,-0.0106,0.0701,0.0333,0.3316,0.0555,0.000,0.000,0.0000,0.0000,1.2920,-0.2518,0.3550,0,0.00,0.001,0.049,0.006,STANCE,1.3248,0.2842,0.3547,1,0.71,0.345,0.026,0.119,STANCE,1.1555,-0.3177,0.1840,1,0.91,0.448,0.154,0.238,STANCE,1.2277,0.3680,0.1902,0,0.00,0.050,0.098,0.022,STANCE,0.9595,-0.1560,0.0323,0,0.00,0.009,0.062,0.013,STANCE,0.9857,0.2273,0.0649,1,0.51,0.146,0.146,0.028,STANCE
113.426,8332,placemove,1.1042,0.0317,0.3215,-0.0301,-0.6641,-0.0110,-0.0160,-0.0088,0.0598,0.0339,0.2821,0.0583,0.000,0.000,0.0000,0.0000,1.2924,-0.2517,0.3550,0,0.00,0.006,0.049,0.005,STANCE,1.3243,0.2843,0.3547,1,0.72,0.358,0.033,0.107,STANCE,1.1556,-0.3177,0.1839,1,1.27,0.494,0.168,0.207,STANCE,1.2282,0.3680,0.1881,0,0.00,0.051,0.093,0.021,STANCE,0.9599,-0.1564,0.0316,0,0.00,0.013,0.061,0.012,STANCE,0.9857,0.2269,0.0642,1,0.61,0.164,0.174,0.017,STANCE
113.491,8336,placemove,1.1034,0.0315,0.3227,-0.0282,-0.6609,-0.0110,-0.0572,-0.0145,0.0515,0.0625,0.0571,0.1078,0.000,0.000,0.0000,0.0000,1.2925,-0.2516,0.3550,0,0.00,0.024,0.038,0.003,STANCE,1.3233,0.2845,0.3555,0,0.00,0.001,0.014,0.002,STANCE,1.1556,-0.3176,0.1840,1,2.02,0.396,0.218,0.061,STANCE,1.2285,0.3681,0.1867,0,0.00,0.008,0.118,0.025,STANCE,0.9605,-0.1566,0.0306,0,0.00,0.016,0.094,0.015,STANCE,0.9858,0.2267,0.0635,1,1.05,0.289,0.273,0.077,STANCE
113.529,8340,placemove,1.1022,0.0312,0.3236,-0.0259,-0.6606,-0.0101,-0.0690,-0.0189,-0.0074,0.0788,-0.0663,0.1521,0.000,0.000,0.0000,0.0000,1.2924,-0.2515,0.3552,0,0.00,0.005,0.042,0.006,STANCE,1.3214,0.2847,0.3566,0,0.00,0.003,0.007,0.001,STANCE,1.1555,-0.3177,0.1841,0,0.00,0.000,0.047,0.006,STANCE,1.2280,0.3681,0.1858,0,0.00,0.009,0.004,0.022,STANCE,0.9613,-0.1571,0.0292,0,0.00,0.000,0.014,0.020,STANCE,0.9856,0.2262,0.0626,0,0.00,0.004,0.010,0.016,STANCE
113.575,8344,placemove,1.1011,0.0306,0.3224,-0.0220,-0.6643,-0.0082,-0.1044,-0.0690,-0.0020,0.4391,-0.4485,0.3776,0.000,0.000,0.0000,0.0000,1.2921,-0.2511,0.3547,1,13.59,0.579,2.940,1.114,STANCE,1.3191,0.2853,0.3565,0,0.00,0.253,0.491,0.003,STANCE,1.1507,-0.3174,0.1900,0,0.00,0.053,0.227,0.124,STANCE,1.2264,0.3685,0.1848,1,31.61,1.656,2.279,2.940,STANCE,0.9627,-0.1577,0.0265,0,0.00,0.060,0.077,0.055,STANCE,0.9850,0.2257,0.0606,0,0.00,0.149,0.208,0.055,STANCE
113.627,8348,placemove,1.0997,0.0295,0.3210,-0.0163,-0.6778,-0.0077,-0.0720,-0.0628,-0.1510,0.1354,-0.9145,0.3421,0.000,0.000,0.0000,0.0000,1.2917,-0.2513,0.3548,1,2.48,0.774,0.011,0.067,STANCE,1.3159,0.2851,0.3592,0,0.00,0.065,0.018,0.004,STANCE,1.1497,-0.3176,0.1919,0,0.00,0.107,0.153,0.036,STANCE,1.2206,0.3696,0.1921,0,0.00,0.078,0.090,0.105,STANCE,0.9648,-0.1583,0.0244,0,0.00,0.095,0.121,0.027,STANCE,0.9847,0.2250,0.0603,0,0.00,0.067,0.133,0.018,STANCE
113.668,8352,placemove,1.0979,0.0285,0.3201,-0.0146,-0.6786,-0.0023,-0.1484,-0.0623,0.0738,0.4021,0.4054,0.5602,0.000,0.000,0.0000,0.0000,1.2919,-0.2512,0.3546,1,14.89,1.458,2.940,1.692,STANCE,1.3122,0.2857,0.3584,0,0.00,0.139,0.119,0.004,STANCE,1.1549,-0.3184,0.1861,0,0.00,0.035,0.234,0.037,STANCE,1.2127,0.3692,0.1962,0,0.00,0.165,0.382,0.010,STANCE,0.9695,-0.1605,0.0178,0,0.00,0.023,0.249,0.067,STANCE,0.9861,0.2231,0.0538,1,7.60,1.396,1.989,1.291,STANCE
113.716,8356,placemove,1.0946,0.0288,0.3219,-0.0273,-0.6728,0.0001,-0.1943,0.0231,0.0341,-0.6192,0.1394,-0.3294,0.000,0.000,0.0000,0.0000,1.2886,-0.2508,0.3575,0,0.00,0.015,0.022,0.002,STANCE,1.3096,0.2858,0.3565,0,0.00,0.014,0.001,0.000,STANCE,1.1535,-0.3197,0.1868,0,0.00,0.011,0.027,0.014,STANCE,1.2120,0.3673,0.1905,0,0.00,0.019,0.017,0.015,STANCE,0.9680,-0.1632,0.0173,0,0.00,0.011,0.024,0.020,STANCE,0.9857,0.2206,0.0494,0,0.00,0.015,0.020,0.017,STANCE
113.757,8360,placemove,1.0923,0.0294,0.3215,-0.0290,-0.6722,-0.0061,-0.0754,0.0414,0.0130,0.5980,0.6385,-0.4174,0.000,0.000,0.0000,0.0000,1.2848,-0.2508,0.3589,0,0.00,0.097,0.091,0.014,STANCE,1.3084,0.2857,0.3549,1,9.86,2.626,1.700,2.940,STANCE,1.1437,-0.3197,0.1958,0,0.00,0.146,0.139,0.099,STANCE,1.2115,0.3665,0.1876,0,0.00,0.142,0.265,0.022,STANCE,0.9653,-0.1639,0.0173,0,0.00,0.105,0.224,0.005,STANCE,0.9851,0.2196,0.0477,1,6.28,2.156,0.698,2.353,STANCE
113.824,8364,placemove,1.0914,0.0293,0.3237,-0.0179,-0.6594,-0.0132,-0.0418,-0.0291,0.1707,0.1737,0.1659,0.1100,0.000,0.000,0.0000,0.0000,1.2844,-0.2511,0.3556,0,0.00,0.089,0.139,0.013,STANCE,1.3078,0.2854,0.3558,0,0.00,0.081,0.002,0.002,STANCE,1.1341,-0.3179,0.2030,0,0.00,0.139,0.348,0.131,STANCE,1.2121,0.3677,0.1864,0,0.00,0.043,0.079,0.097,STANCE,0.9638,-0.1616,0.0152,0,0.00,0.125,0.083,0.057,STANCE,0.9850,0.2220,0.0460,1,5.43,0.667,1.210,0.341,STANCE
113.864,8368,placemove,1.0906,0.0288,0.3251,-0.0160,-0.6553,-0.0141,-0.0481,-0.0262,0.0148,0.0561,0.2289,-0.0070,0.000,0.000,0.0000,0.0000,1.2840,-0.2514,0.3562,0,0.00,0.002,0.005,0.000,STANCE,1.3068,0.2851,0.3571,0,0.00,0.000,0.008,0.000,STANCE,1.1324,-0.3186,0.2049,0,0.00,0.000,0.062,0.007,STANCE,1.2035,0.3691,0.1974,0,0.00,0.006,0.097,0.103,STANCE,0.9541,-0.1616,0.0257,0,0.00,0.005,0.079,0.105,STANCE,0.9848,0.2220,0.0460,0,0.00,0.002,0.066,0.011,STANCE
113.888,8372,placemove,1.0899,0.0284,0.3242,-0.0174,-0.6526,-0.0119,-0.0384,-0.0342,-0.0978,-0.2857,-0.0800,0.1535,0.000,0.000,0.0000,0.0000,1.2836,-0.2517,0.3549,1,1.62,0.193,0.265,0.283,STANCE,1.3059,0.2849,0.3556,0,0.00,0.001,0.008,0.000,STANCE,1.1329,-0.3192,0.2024,0,0.00,0.030,0.100,0.017,STANCE,1.1974,0.3679,0.2020,0,0.00,0.005,0.003,0.029,STANCE,0.9485,-0.1618,0.0317,0,0.00,0.033,0.012,0.027,STANCE,0.9843,0.2212,0.0437,0,0.00,0.012,0.027,0.005,STANCE
113.960,8376,placemove,1.0896,0.0282,0.3240,-0.0173,-0.6520,-0.0114,-0.0219,-0.0153,0.0249,0.0286,0.1213,0.0455,0.000,0.000,0.0000,0.0000,1.2836,-0.2517,0.3548,1,3.35,0.449,0.693,0.681,STANCE,1.3053,0.2849,0.3549,0,0.00,0.022,0.027,0.001,STANCE,1.1344,-0.3195,0.2004,0,0.00,0.038,0.096,0.016,STANCE,1.1976,0.3673,0.2001,0,0.00,0.030,0.079,0.011,STANCE,0.9494,-0.1623,0.0303,0,0.00,0.034,0.039,0.005,STANCE,0.9852,0.2206,0.0413,1,1.11,0.210,0.275,0.191,STANCE
113.992,8380,placemove,1.0891,0.0279,0.3245,-0.0159,-0.6501,-0.0111,-0.0341,-0.0233,0.0205,0.0737,0.0464,0.0921,0.000,0.000,0.0000,0.0000,1.2836,-0.2517,0.3547,1,4.24,0.573,0.875,0.791,STANCE,1.3045,0.2849,0.3551,0,0.00,0.026,0.033,0.001,STANCE,1.1357,-0.3197,0.1987,0,0.00,0.041,0.096,0.015,STANCE,1.1978,0.3672,0.1987,0,0.00,0.038,0.089,0.014,STANCE,0.9500,-0.1628,0.0291,0,0.00,0.033,0.044,0.006,STANCE,0.9853,0.2202,0.0401,1,1.51,0.316,0.419,0.213,STANCE
114.033,8384,placemove,1.0884,0.0274,0.3248,-0.0139,-0.6495,-0.0105,-0.0438,-0.0314,0.0182,0.1036,-0.0101,0.1261,0.000,0.000,0.0000,0.0000,1.2836,-0.2517,0.3546,1,3.95,0.616,0.887,0.905,STANCE,1.3032,0.2850,0.3556,0,0.00,0.024,0.025,0.001,STANCE,1.1372,-0.3199,0.1967,0,0.00,0.046,0.100,0.017,STANCE,1.1977,0.3671,0.1974,0,0.00,0.034,0.080,0.013,STANCE,0.9511,-0.1632,0.0274,0,0.00,0.040,0.048,0.007,STANCE,0.9854,0.2198,0.0388,1,1.31,0.288,0.374,0.170,STANCE
114.062,8388,placemove,1.0870,0.0266,0.3273,-0.0095,-0.6395,-0.0091,-0.0952,-0.0623,0.1972,0.2473,0.5983,0.2323,0.000,0.000,0.0000,0.0000,1.2838,-0.2517,0.3544,1,5.38,0.482,1.722,2.006,STANCE,1.3010,0.2851,0.3565,0,0.00,0.071,0.002,0.010,STANCE,1.1413,-0.3203,0.1908,0,0.00,0.060,0.293,0.075,STANCE,1.1987,0.3668,0.1929,0,0.00,0.110,0.088,0.124,STANCE,0.9531,-0.1638,0.0237,0,0.00,0.098,0.122,0.121,STANCE,0.9859,0.2191,0.0359,0,0.41,0.039,0.114,0.217,STANCE
114.151,8392,placemove,1.0847,0.0260,0.3316,-0.0055,-0.6275,-0.0100,-0.1743,0.0004,0.2678,-0.0384,0.5691,-0.1759,0.000,0.000,0.0000,0.0000,1.2833,-0.2518,0.3547,0,0.00,0.007,0.003,0.022,STANCE,1.2983,0.2850,0.3590,0,0.00,0.001,0.020,0.001,STANCE,1.1446,-0.3204,0.1850,0,0.00,0.006,0.083,0.087,STANCE,1.1998,0.3664,0.1885,0,0.00,0.021,0.100,0.069,STANCE,0.9542,-0.1640,0.0207,0,0.00,0.004,0.047,0.065,STANCE,0.9859,0.2186,0.0339,0,0.00,0.013,0.027,0.049,STANCE
