t,frame,mode,bx,by,bz,roll,pitch,yaw,vx,vy,vz,wx,wy,wz,cmd_vx,cmd_yaw,roll_bal,pitch_bal,front_right_fx,front_right_fy,front_right_fz,front_right_contact,front_right_force,front_right_tau_coxa,front_right_tau_femur,front_right_tau_tibia,front_right_state,front_left_fx,front_left_fy,front_left_fz,front_left_contact,front_left_force,front_left_tau_coxa,front_left_tau_femur,front_left_tau_tibia,front_left_state,mid_right_fx,mid_right_fy,mid_right_fz,mid_right_contact,mid_right_force,mid_right_tau_coxa,mid_right_tau_femur,mid_right_tau_tibia,mid_right_state,mid_left_fx,mid_left_fy,mid_left_fz,mid_left_contact,mid_left_force,mid_left_tau_coxa,mid_left_tau_femur,mid_left_tau_tibia,mid_left_state,rear_right_fx,rear_right_fy,rear_right_fz,rear_right_contact,rear_right_force,rear_right_tau_coxa,rear_right_tau_femur,rear_right_tau_tibia,rear_right_state,rear_left_fx,rear_left_fy,rear_left_fz,rear_left_contact,rear_left_force,rear_left_tau_coxa,rear_left_tau_femur,rear_left_tau_tibia,rear_left_state
0.000,4,tripod,0.0003,0.0033,0.1344,0.0001,-0.0001,0.0000,0.0000,0.0000,-0.0000,0.0000,-0.0000,0.0001,0.000,0.000,0.0000,0.0000,0.2997,-0.1845,0.0144,1,2.25,0.503,0.422,0.096,STANCE,0.2976,0.1946,0.0144,1,1.94,0.449,0.978,0.818,STANCE,0.0023,-0.3408,0.0144,1,2.17,0.437,0.835,0.596,STANCE,-0.0017,0.3473,0.0144,1,2.06,0.478,0.682,0.429,STANCE,-0.2970,-0.1880,0.0144,1,2.20,0.624,1.089,0.896,STANCE,-0.2992,0.1911,0.0144,1,2.04,0.505,1.023,0.851,STANCE
0.022,8,tripod,0.0003,0.0033,0.1344,0.0001,-0.0001,0.0000,0.0000,0.0000,-0.0000,0.0000,-0.0000,0.0001,0.000,0.000,0.0000,0.0000,0.2997,-0.1845,0.0144,1,2.25,0.506,0.422,0.096,STANCE,0.2976,0.1946,0.0144,1,1.94,0.449,0.979,0.819,STANCE,0.0023,-0.3408,0.0144,1,2.17,0.436,0.835,0.597,STANCE,-0.0017,0.3473,0.0144,1,2.06,0.476,0.681,0.429,STANCE,-0.2970,-0.1880,0.0144,1,2.20,0.625,1.089,0.896,STANCE,-0.2992,0.1911,0.0144,1,2.04,0.505,1.024,0.851,STANCE
0.043,12,tripod,0.0003,0.0033,0.1344,0.0001,-0.0001,0.0000,-0.0000,-0.0000,-0.0000,0.0000,-0.0000,0.0001,0.000,0.000,0.0000,0.0000,0.2997,-0.1845,0.0144,1,2.25,0.503,0.422,0.096,STANCE,0.2976,0.1946,0.0144,1,1.94,0.449,0.978,0.817,STANCE,0.0023,-0.3408,0.0144,1,2.17,0.437,0.835,0.596,STANCE,-0.0017,0.3473,0.0144,1,2.06,0.478,0.682,0.429,STANCE,-0.2970,-0.1880,0.0144,1,2.20,0.624,1.090,0.896,STANCE,-0.2992,0.1911,0.0144,1,2.04,0.505,1.022,0.850,STANCE
0.065,16,tripod,0.0003,0.0033,0.1344,0.0001,-0.0001,0.0000,0.0000,-0.0000,-0.0000,-0.0001,0.0001,-0.0003,0.000,0.000,0.0000,0.0000,0.2997,-0.1845,0.0144,1,2.25,0.510,0.421,0.095,STANCE,0.2976,0.1946,0.0144,1,1.94,0.449,0.979,0.818,STANCE,0.0023,-0.3408,0.0144,1,2.17,0.437,0.835,0.597,STANCE,-0.0017,0.3473,0.0144,1,2.06,0.476,0.682,0.429,STANCE,-0.2970,-0.1880,0.0144,1,2.20,0.624,1.090,0.896,STANCE,-0.2992,0.1911,0.0144,1,2.04,0.503,1.022,0.850,STANCE
0.087,20,tripod,0.0003,0.0033,0.1344,0.0001,-0.0001,0.0000,-0.0000,-0.0000,0.0000,-0.0001,0.0001,-0.0003,0.000,0.000,0.0000,0.0000,0.2997,-0.1845,0.0144,1,2.25,0.511,0.421,0.095,STANCE,0.2976,0.1946,0.0144,1,1.94,0.449,0.979,0.818,STANCE,0.0023,-0.3408,0.0144,1,2.17,0.436,0.835,0.597,STANCE,-0.0017,0.3473,0.0144,1,2.06,0.475,0.681,0.428,STANCE,-0.2970,-0.1880,0.0144,1,2.20,0.626,1.090,0.896,STANCE,-0.2992,0.1911,0.0144,1,2.04,0.505,1.023,0.851,STANCE
0.109,24,tripod,0.0003,0.0033,0.1344,0.0001,-0.0001,0.0000,-0.0000,-0.0000,0.0000,-0.0001,0.0001,-0.0003,0.000,0.000,0.0000,0.0000,0.2997,-0.1845,0.0144,1,2.25,0.511,0.421,0.095,STANCE,0.2976,0.1946,0.0144,1,1.94,0.449,0.979,0.818,STANCE,0.0023,-0.3408,0.0144,1,2.17,0.436,0.835,0.597,STANCE,-0.0017,0.3473,0.0144,1,2.06,0.475,0.681,0.428,STANCE,-0.2970,-0.1880,0.0144,1,2.20,0.625,1.089,0.896,STANCE,-0.2992,0.1911,0.0144,1,2.04,0.504,1.023,0.851,STANCE
0.130,28,tripod,0.0003,0.0033,0.1344,0.0001,-0.0001,0.0000,0.0000,-0.0000,0.0000,-0.0001,0.0001,-0.0003,0.000,0.000,0.0000,0.0000,0.2997,-0.1845,0.0144,1,2.25,0.510,0.421,0.095,STANCE,0.2976,0.1946,0.0144,1,1.94,0.449,0.979,0.818,STANCE,0.0023,-0.3408,0.0144,1,2.17,0.436,0.835,0.597,STANCE,-0.0017,0.3473,0.0144,1,2.06,0.475,0.681,0.428,STANCE,-0.2970,-0.1880,0.0144,1,2.20,0.625,1.089,0.896,STANCE,-0.2992,0.1911,0.0144,1,2.04,0.504,1.023,0.851,STANCE
0.152,32,tripod,0.0003,0.0033,0.1344,0.0001,-0.0001,0.0000,0.0000,-0.0000,0.0000,-0.0001,0.0001,-0.0003,0.000,0.000,0.0000,0.0000,0.2997,-0.1845,0.0144,1,2.25,0.510,0.421,0.095,STANCE,0.2976,0.1946,0.0144,1,1.94,0.449,0.979,0.819,STANCE,0.0023,-0.3408,0.0144,1,2.17,0.436,0.835,0.597,STANCE,-0.0017,0.3473,0.0144,1,2.06,0.475,0.681,0.428,STANCE,-0.2970,-0.1880,0.0144,1,2.20,0.625,1.089,0.896,STANCE,-0.2992,0.1911,0.0144,1,2.04,0.504,1.023,0.851,STANCE
0.174,36,tripod,0.0003,0.0033,0.1344,0.0001,-0.0001,0.0000,0.0000,-0.0000,0.0000,-0.0001,0.0001,-0.0003,0.000,0.000,0.0000,0.0000,0.2997,-0.1845,0.0144,1,2.25,0.510,0.421,0.095,STANCE,0.2976,0.1946,0.0144,1,1.94,0.449,0.979,0.818,STANCE,0.0023,-0.3408,0.0144,1,2.17,0.436,0.835,0.597,STANCE,-0.0017,0.3473,0.0144,1,2.06,0.475,0.681,0.428,STANCE,-0.2970,-0.1880,0.0144,1,2.20,0.625,1.090,0.896,STANCE,-0.2992,0.1911,0.0144,1,2.04,0.504,1.023,0.851,STANCE
0.196,40,tripod,0.0003,0.0033,0.1344,0.0001,-0.0001,0.0000,0.0000,-0.0000,0.0000,-0.0001,0.0001,-0.0003,0.000,0.000,0.0000,0.0000,0.2997,-0.1845,0.0144,1,2.25,0.510,0.421,0.095,STANCE,0.2976,0.1946,0.0144,1,1.94,0.449,0.979,0.819,STANCE,0.0023,-0.3408,0.0144,1,2.17,0.436,0.835,0.597,STANCE,-0.0017,0.3473,0.0144,1,2.06,0.475,0.681,0.428,STANCE,-0.2970,-0.1880,0.0144,1,2.20,0.625,1.089,0.896,STANCE,-0.2992,0.1911,0.0144,1,2.04,0.504,1.023,0.851,STANCE
0.218,44,tripod,0.0003,0.0033,0.1344,0.0001,-0.0001,0.0000,-0.0000,-0.0000,0.0000,-0.0001,0.0001,-0.0003,0.000,0.000,0.0000,0.0000,0.2997,-0.1845,0.0144,1,2.25,0.511,0.422,0.096,STANCE,0.2976,0.1946,0.0144,1,1.94,0.449,0.979,0.819,STANCE,0.0023,-0.3408,0.0144,1,2.17,0.435,0.835,0.597,STANCE,-0.0017,0.3473,0.0144,1,2.06,0.475,0.681,0.428,STANCE,-0.2970,-0.1880,0.0144,1,2.20,0.625,1.089,0.895,STANCE,-0.2992,0.1911,0.0144,1,2.04,0.504,1.023,0.851,STANCE
0.240,48,tripod,0.0003,0.0033,0.1344,0.0001,-0.0001,0.0000,0.0000,-0.0000,0.0000,-0.0001,0.0001,-0.0003,0.000,0.000,0.0000,0.0000,0.2997,-0.1845,0.0144,1,2.25,0.510,0.421,0.095,STANCE,0.2976,0.1946,0.0144,1,1.94,0.449,0.979,0.819,STANCE,0.0023,-0.3408,0.0144,1,2.17,0.436,0.835,0.597,STANCE,-0.0017,0.3473,0.0144,1,2.06,0.475,0.681,0.428,STANCE,-0.2970,-0.1880,0.0144,1,2.20,0.625,1.089,0.895,STANCE,-0.2992,0.1911,0.0144,1,2.04,0.504,1.023,0.851,STANCE
0.262,52,tripod,0.0003,0.0033,0.1344,0.0001,-0.0001,0.0000,0.0000,-0.0000,0.0000,-0.0001,0.0001,-0.0003,0.000,0.000,0.0000,0.0000,0.2997,-0.1845,0.0144,1,2.25,0.511,0.421,0.095,STANCE,0.2976,0.1946,0.0144,1,1.94,0.449,0.979,0.819,STANCE,0.0023,-0.3408,0.0144,1,2.17,0.436,0.835,0.597,STANCE,-0.0017,0.3473,0.0144,1,2.06,0.475,0.681,0.428,STANCE,-0.2970,-0.1880,0.0144,1,2.20,0.625,1.089,0.895,STANCE,-0.2992,0.1911,0.0144,1,2.04,0.504,1.023,0.851,STANCE
0.284,56,tripod,0.0003,0.0033,0.1344,0.0001,-0.0001,0.0000,0.0000,-0.0000,0.0000,-0.0001,0.0001,-0.0003,0.000,0.000,0.0000,0.0000,0.2997,-0.1845,0.0144,1,2.25,0.510,0.421,0.095,STANCE,0.2976,0.1946,0.0144,1,1.94,0.449,0.979,0.818,STANCE,0.0023,-0.3408,0.0144,1,2.17,0.436,0.835,0.597,STANCE,-0.0017,0.3473,0.0144,1,2.06,0.476,0.681,0.429,STANCE,-0.2970,-0.1880,0.0144,1,2.20,0.625,1.089,0.896,STANCE,-0.2992,0.1911,0.0144,1,2.04,0.504,1.023,0.851,STANCE
0.306,60,tripod,0.0003,0.0033,0.1344,0.0001,-0.0001,0.0000,0.0000,-0.0000,0.0000,-0.0001,0.0001,-0.0003,0.000,0.000,0.0000,0.0000,0.2997,-0.1845,0.0144,1,2.25,0.510,0.421,0.095,STANCE,0.2976,0.1946,0.0144,1,1.94,0.449,0.979,0.818,STANCE,0.0023,-0.3408,0.0144,1,2.17,0.436,0.835,0.597,STANCE,-0.0017,0.3473,0.0144,1,2.06,0.475,0.681,0.428,STANCE,-0.2970,-0.1880,0.0144,1,2.20,0.625,1.090,0.896,STANCE,-0.2992,0.1911,0.0144,1,2.04,0.504,1.023,0.851,STANCE
0.327,64,tripod,0.0003,0.0033,0.1344,0.0001,-0.0001,0.0000,0.0000,-0.0000,0.0000,-0.0001,0.0001,-0.0003,0.000,0.000,0.0000,0.0000,0.2997,-0.1845,0.0144,1,2.25,0.510,0.421,0.095,STANCE,0.2976,0.1946,0.0144,1,1.94,0.449,0.979,0.818,STANCE,0.0023,-0.3408,0.0144,1,2.17,0.436,0.835,0.597,STANCE,-0.0017,0.3473,0.0144,1,2.06,0.475,0.681,0.429,STANCE,-0.2970,-0.1880,0.0144,1,2.20,0.625,1.089,0.896,STANCE,-0.2992,0.1911,0.0144,1,2.04,0.504,1.023,0.851,STANCE
0.349,68,tripod,0.0003,0.0033,0.1344,0.0001,-0.0001,0.0000,-0.0000,-0.0000,0.0000,-0.0001,0.0001,-0.0003,0.000,0.000,0.0000,0.0000,0.2997,-0.1845,0.0144,1,2.25,0.511,0.421,0.095,STANCE,0.2976,0.1946,0.0144,1,1.94,0.449,0.979,0.819,STANCE,0.0023,-0.3408,0.0144,1,2.17,0.435,0.835,0.597,STANCE,-0.0017,0.3473,0.0144,1,2.06,0.475,0.681,0.428,STANCE,-0.2970,-0.1880,0.0144,1,2.20,0.625,1.089,0.896,STANCE,-0.2992,0.1911,0.0144,1,2.04,0.504,1.023,0.851,STANCE
0.372,72,tripod,0.0003,0.0033,0.1344,0.0001,-0.0001,0.0000,0.0000,0.0000,0.0000,-0.0001,0.0001,-0.0003,0.000,0.000,0.0000,0.0000,0.2997,-0.1845,0.0144,1,2.25,0.509,0.421,0.095,STANCE,0.2976,0.1946,0.0144,1,1.94,0.449,0.979,0.818,STANCE,0.0023,-0.3408,0.0144,1,2.17,0.437,0.835,0.596,STANCE,-0.0017,0.3473,0.0144,1,2.05,0.478,0.682,0.429,STANCE,-0.2970,-0.1880,0.0144,1,2.20,0.625,1.090,0.896,STANCE,-0.2992,0.1911,0.0144,1,2.04,0.505,1.024,0.851,STANCE
0.394,76,tripod,0.0003,0.0033,0.1344,0.0001,-0.0001,0.0000,0.0000,-0.0000,0.0000,-0.0001,0.0001,-0.0003,0.000,0.000,0.0000,0.0000,0.2997,-0.1845,0.0144,1,2.25,0.511,0.421,0.095,STANCE,0.2976,0.1946,0.0144,1,1.94,0.449,0.979,0.819,STANCE,0.0023,-0.3408,0.0144,1,2.17,0.436,0.835,0.597,STANCE,-0.0017,0.3473,0.0144,1,2.06,0.475,0.681,0.428,STANCE,-0.2970,-0.1880,0.0144,1,2.20,0.625,1.089,0.896,STANCE,-0.2992,0.1911,0.0144,1,2.04,0.504,1.023,0.851,STANCE
0.415,80,tripod,0.0003,0.0033,0.1344,0.0001,-0.0001,0.0000,-0.0000,-0.0000,0.0000,-0.0001,0.0001,-0.0003,0.000,0.000,0.0000,0.0000,0.2997,-0.1845,0.0144,1,2.25,0.511,0.421,0.095,STANCE,0.2976,0.1946,0.0144,1,1.94,0.449,0.979,0.819,STANCE,0.0023,-0.3408,0.0144,1,2.17,0.436,0.835,0.597,STANCE,-0.0017,0.3473,0.0144,1,2.06,0.475,0.681,0.428,STANCE,-0.2970,-0.1880,0.0144,1,2.20,0.625,1.090,0.896,STANCE,-0.2992,0.1911,0.0144,1,2.04,0.504,1.023,0.851,STANCE
0.437,84,tripod,0.0003,0.0033,0.1344,0.0001,-0.0001,0.0000,0.0000,-0.0000,0.0000,-0.0001,0.0001,-0.0003,0.000,0.000,0.0000,0.0000,0.2997,-0.1845,0.0144,1,2.25,0.510,0.421,0.095,STANCE,0.2976,0.1946,0.0144,1,1.94,0.449,0.979,0.819,STANCE,0.0023,-0.3408,0.0144,1,2.17,0.436,0.835,0.597,STANCE,-0.0017,0.3473,0.0144,1,2.06,0.476,0.681,0.429,STANCE,-0.2970,-0.1880,0.0144,1,2.20,0.625,1.090,0.896,STANCE,-0.2992,0.1911,0.0144,1,2.04,0.505,1.023,0.851,STANCE
0.459,88,tripod,0.0003,0.0033,0.1344,0.0001,-0.0001,0.0000,0.0000,-0.0000,0.0000,-0.0001,0.0001,-0.0003,0.000,0.000,0.0000,0.0000,0.2997,-0.1845,0.0144,1,2.25,0.509,0.421,0.095,STANCE,0.2976,0.1946,0.0144,1,1.94,0.449,0.979,0.818,STANCE,0.0023,-0.3408,0.0144,1,2.17,0.437,0.835,0.596,STANCE,-0.0017,0.3473,0.0144,1,2.06,0.477,0.682,0.429,STANCE,-0.2970,-0.1880,0.0144,1,2.20,0.625,1.090,0.896,STANCE,-0.2992,0.1911,0.0144,1,2.04,0.505,1.023,0.851,STANCE
0.481,92,tripod,0.0003,0.0033,0.1344,0.0001,-0.0001,0.0000,0.0000,-0.0000,0.0000,-0.0001,0.0001,-0.0003,0.000,0.000,0.0000,0.0000,0.2997,-0.1845,0.0144,1,2.25,0.511,0.421,0.095,STANCE,0.2976,0.1946,0.0144,1,1.94,0.449,0.979,0.818,STANCE,0.0023,-0.3408,0.0144,1,2.17,0.436,0.835,0.597,STANCE,-0.0017,0.3473,0.0144,1,2.06,0.476,0.682,0.428,STANCE,-0.2970,-0.1880,0.0144,1,2.20,0.625,1.089,0.896,STANCE,-0.2992,0.1911,0.0144,1,2.04,0.504,1.023,0.851,STANCE
0.502,96,tripod,0.0003,0.0033,0.1344,0.0001,-0.0001,0.0000,-0.0000,-0.0000,0.0000,-0.0001,0.0001,-0.0003,0.000,0.000,0.0000,0.0000,0.2997,-0.1845,0.0144,1,2.25,0.511,0.421,0.095,STANCE,0.2976,0.1946,0.0144,1,1.94,0.449,0.979,0.819,STANCE,0.0023,-0.3408,0.0144,1,2.17,0.436,0.835,0.597,STANCE,-0.0017,0.3473,0.0144,1,2.06,0.475,0.681,0.428,STANCE,-0.2970,-0.1880,0.0144,1,2.20,0.625,1.089,0.895,STANCE,-0.2992,0.1911,0.0144,1,2.04,0.504,1.023,0.851,STANCE
0.524,100,tripod,0.0003,0.0033,0.1344,0.0001,-0.0001,0.0000,0.0000,-0.0000,0.0000,-0.0001,0.0001,-0.0003,0.000,0.000,0.0000,0.0000,0.2997,-0.1845,0.0144,1,2.25,0.510,0.421,0.095,STANCE,0.2976,0.1946,0.0144,1,1.94,0.449,0.979,0.819,STANCE,0.0023,-0.3408,0.0144,1,2.17,0.436,0.835,0.597,STANCE,-0.0017,0.3473,0.0144,1,2.06,0.475,0.681,0.428,STANCE,-0.2970,-0.1880,0.0144,1,2.20,0.625,1.090,0.896,STANCE,-0.2992,0.1911,0.0144,1,2.04,0.504,1.023,0.851,STANCE
0.546,104,tripod,0.0003,0.0033,0.1344,0.0001,-0.0001,0.0000,0.0000,-0.0000,0.0000,-0.0001,0.0001,-0.0003,0.000,0.000,0.0000,0.0000,0.2997,-0.1845,0.0144,1,2.25,0.511,0.421,0.095,STANCE,0.2976,0.1946,0.0144,1,1.94,0.449,0.979,0.819,STANCE,0.0023,-0.3408,0.0144,1,2.17,0.436,0.835,0.597,STANCE,-0.0017,0.3473,0.0144,1,2.06,0.475,0.681,0.428,STANCE,-0.2970,-0.1880,0.0144,1,2.20,0.625,1.089,0.896,STANCE,-0.2992,0.1911,0.0144,1,2.04,0.504,1.023,0.851,STANCE
0.568,108,tripod,0.0003,0.0033,0.1344,0.0001,-0.0001,0.0000,0.0000,-0.0000,0.0000,-0.0001,0.0001,-0.0003,0.000,0.000,0.0000,0.0000,0.2997,-0.1845,0.0144,1,2.25,0.511,0.421,0.095,STANCE,0.2976,0.1946,0.0144,1,1.94,0.449,0.979,0.818,STANCE,0.0023,-0.3408,0.0144,1,2.17,0.436,0.835,0.597,STANCE,-0.0017,0.3473,0.0144,1,2.06,0.475,0.681,0.428,STANCE,-0.2970,-0.1880,0.0144,1,2.20,0.625,1.089,0.896,STANCE,-0.2992,0.1911,0.0144,1,2.04,0.504,1.023,0.851,STANCE
0.589,112,tripod,0.0003,0.0033,0.1344,0.0001,-0.0001,0.0000,0.0000,-0.0000,0.0000,-0.0001,0.0001,-0.0003,0.000,0.000,0.0000,0.0000,0.2997,-0.1845,0.0144,1,2.25,0.511,0.421,0.095,STANCE,0.2976,0.1946,0.0144,1,1.94,0.449,0.979,0.819,STANCE,0.0023,-0.3408,0.0144,1,2.17,0.436,0.835,0.597,STANCE,-0.0017,0.3473,0.0144,1,2.06,0.475,0.681,0.428,STANCE,-0.2970,-0.1880,0.0144,1,2.20,0.625,1.090,0.896,STANCE,-0.2992,0.1911,0.0144,1,2.04,0.504,1.023,0.851,STANCE
0.611,116,tripod,0.0003,0.0033,0.1344,0.0001,-0.0001,0.0000,0.0000,-0.0000,0.0000,-0.0001,0.0001,-0.0003,0.000,0.000,0.0000,0.0000,0.2997,-0.1845,0.0144,1,2.25,0.510,0.421,0.095,STANCE,0.2976,0.1946,0.0144,1,1.94,0.449,0.979,0.819,STANCE,0.0023,-0.3408,0.0144,1,2.17,0.436,0.835,0.597,STANCE,-0.0017,0.3473,0.0144,1,2.06,0.475,0.681,0.428,STANCE,-0.2970,-0.1880,0.0144,1,2.20,0.625,1.089,0.896,STANCE,-0.2992,0.1911,0.0144,1,2.04,0.504,1.023,0.851,STANCE
0.633,120,tripod,0.0003,0.0033,0.1344,0.0001,-0.0001,0.0000,-0.0000,-0.0000,0.0000,-0.0001,0.0001,-0.0003,0.000,0.000,0.0000,0.0000,0.2997,-0.1845,0.0144,1,2.25,0.511,0.422,0.095,STANCE,0.2976,0.1946,0.0144,1,1.94,0.449,0.979,0.819,STANCE,0.0023,-0.3408,0.0144,1,2.17,0.435,0.835,0.597,STANCE,-0.0017,0.3473,0.0144,1,2.06,0.475,0.681,0.428,STANCE,-0.2970,-0.1880,0.0144,1,2.20,0.625,1.089,0.895,STANCE,-0.2992,0.1911,0.0144,1,2.04,0.504,1.023,0.851,STANCE
0.655,124,tripod,0.0003,0.0033,0.1344,0.0001,-0.0001,0.0000,0.0000,-0.0000,0.0000,-0.0001,0.0001,-0.0003,0.000,0.000,0.0000,0.0000,0.2997,-0.1845,0.0144,1,2.25,0.510,0.421,0.095,STANCE,0.2976,0.1946,0.0144,1,1.94,0.449,0.979,0.819,STANCE,0.0023,-0.3408,0.0144,1,2.17,0.436,0.835,0.597,STANCE,-0.0017,0.3473,0.0144,1,2.06,0.475,0.681,0.428,STANCE,-0.2970,-0.1880,0.0144,1,2.20,0.625,1.089,0.895,STANCE,-0.2992,0.1911,0.0144,1,2.04,0.504,1.023,0.851,STANCE
0.677,128,tripod,0.0003,0.0033,0.1344,0.0001,-0.0001,0.0000,0.0000,-0.0000,0.0000,-0.0001,0.0001,-0.0003,0.000,0.000,0.0000,0.0000,0.2997,-0.1845,0.0144,1,2.25,0.510,0.422,0.095,STANCE,0.2976,0.1946,0.0144,1,1.94,0.449,0.979,0.818,STANCE,0.0023,-0.3408,0.0144,1,2.17,0.436,0.835,0.597,STANCE,-0.0017,0.3473,0.0144,1,2.06,0.476,0.681,0.429,STANCE,-0.2970,-0.1880,0.0144,1,2.20,0.625,1.089,0.896,STANCE,-0.2992,0.1911,0.0144,1,2.04,0.504,1.023,0.851,STANCE
0.698,132,tripod,0.0003,0.0033,0.1344,0.0001,-0.0001,0.0000,0.0000,-0.0000,0.0000,-0.0001,0.0001,-0.0003,0.000,0.000,0.0000,0.0000,0.2997,-0.1845,0.0144,1,2.25,0.510,0.421,0.095,STANCE,0.2976,0.1946,0.0144,1,1.94,0.449,0.979,0.818,STANCE,0.0023,-0.3408,0.0144,1,2.17,0.436,0.836,0.597,STANCE,-0.0017,0.3473,0.0144,1,2.06,0.476,0.681,0.429,STANCE,-0.2970,-0.1880,0.0144,1,2.20,0.625,1.088,0.895,STANCE,-0.2992,0.1911,0.0144,1,2.04,0.504,1.023,0.851,STANCE
0.720,136,tripod,0.0003,0.0033,0.1344,0.0001,-0.0001,0.0000,0.0000,-0.0000,0.0000,-0.0001,0.0001,-0.0003,0.000,0.000,0.0000,0.0000,0.2997,-0.1845,0.0144,1,2.25,0.510,0.421,0.095,STANCE,0.2976,0.1946,0.0144,1,1.94,0.449,0.979,0.818,STANCE,0.0023,-0.3408,0.0144,1,2.17,0.436,0.835,0.597,STANCE,-0.0017,0.3473,0.0144,1,2.06,0.475,0.681,0.429,STANCE,-0.2970,-0.1880,0.0144,1,2.20,0.624,1.089,0.895,STANCE,-0.2992,0.1911,0.0144,1,2.04,0.503,1.023,0.851,STANCE
0.742,140,tripod,0.0003,0.0033,0.1344,0.0001,-0.0001,0.0000,-0.0000,-0.0000,0.0000,-0.0001,0.0001,-0.0003,0.000,0.000,0.0000,0.0000,0.2997,-0.1845,0.0144,1,2.25,0.511,0.422,0.096,STANCE,0.2976,0.1946,0.0144,1,1.94,0.449,0.980,0.819,STANCE,0.0023,-0.3408,0.0144,1,2.16,0.435,0.835,0.597,STANCE,-0.0017,0.3473,0.0144,1,2.06,0.474,0.681,0.428,STANCE,-0.2970,-0.1880,0.0144,1,2.20,0.625,1.089,0.895,STANCE,-0.2992,0.1911,0.0144,1,2.04,0.503,1.023,0.851,STANCE
0.764,144,tripod,0.0003,0.0033,0.1344,0.0001,-0.0001,0.0000,0.0000,-0.0000,0.0000,-0.0001,0.0001,-0.0003,0.000,0.000,0.0000,0.0000,0.2997,-0.1845,0.0144,1,2.25,0.510,0.421,0.095,STANCE,0.2976,0.1946,0.0144,1,1.94,0.449,0.979,0.818,STANCE,0.0023,-0.3408,0.0144,1,2.17,0.436,0.836,0.597,STANCE,-0.0017,0.3473,0.0144,1,2.06,0.475,0.681,0.429,STANCE,-0.2970,-0.1880,0.0144,1,2.20,0.625,1.089,0.895,STANCE,-0.2992,0.1911,0.0144,1,2.04,0.504,1.023,0.851,STANCE
0.785,148,tripod,0.0003,0.0033,0.1344,0.0001,-0.0001,0.0000,0.0000,-0.0000,0.0000,-0.0001,0.0001,-0.0003,0.000,0.000,0.0000,0.0000,0.2997,-0.1845,0.0144,1,2.25,0.510,0.421,0.095,STANCE,0.2976,0.1946,0.0144,1,1.94,0.449,0.979,0.818,STANCE,0.0023,-0.3408,0.0144,1,2.17,0.436,0.835,0.597,STANCE,-0.0017,0.3473,0.0144,1,2.06,0.476,0.682,0.429,STANCE,-0.2970,-0.1880,0.0144,1,2.20,0.625,1.089,0.896,STANCE,-0.2992,0.1911,0.0144,1,2.04,0.504,1.023,0.851,STANCE
0.807,152,tripod,0.0003,0.0033,0.1344,0.0001,-0.0001,0.0000,-0.0000,-0.0000,-0.0000,-0.0001,0.0001,-0.0003,0.000,0.000,0.0000,0.0000,0.2997,-0.1845,0.0144,1,2.25,0.512,0.422,0.096,STANCE,0.2976,0.1946,0.0144,1,1.94,0.449,0.980,0.819,STANCE,0.0023,-0.3408,0.0144,1,2.16,0.435,0.835,0.598,STANCE,-0.0017,0.3473,0.0144,1,2.06,0.474,0.681,0.428,STANCE,-0.2970,-0.1880,0.0144,1,2.20,0.625,1.089,0.895,STANCE,-0.2992,0.1911,0.0144,1,2.04,0.504,1.023,0.851,STANCE
0.829,156,tripod,0.0003,0.0033,0.1344,0.0001,-0.0001,0.0000,0.0000,-0.0000,0.0000,-0.0001,0.0001,-0.0003,0.000,0.000,0.0000,0.0000,0.2997,-0.1845,0.0144,1,2.25,0.511,0.421,0.095,STANCE,0.2976,0.1946,0.0144,1,1.94,0.449,0.979,0.819,STANCE,0.0023,-0.3408,0.0144,1,2.17,0.436,0.835,0.597,STANCE,-0.0017,0.3473,0.0144,1,2.06,0.475,0.681,0.428,STANCE,-0.2970,-0.1880,0.0144,1,2.20,0.625,1.090,0.896,STANCE,-0.2992,0.1911,0.0144,1,2.04,0.504,1.023,0.851,STANCE
0.851,160,tripod,0.0003,0.0033,0.1344,0.0001,-0.0001,0.0000,0.0000,-0.0000,0.0000,-0.0001,0.0001,-0.0003,0.000,0.000,0.0000,0.0000,0.2997,-0.1845,0.0144,1,2.25,0.510,0.421,0.095,STANCE,0.2976,0.1946,0.0144,1,1.94,0.449,0.979,0.819,STANCE,0.0023,-0.3408,0.0144,1,2.17,0.436,0.835,0.597,STANCE,-0.0017,0.3473,0.0144,1,2.06,0.475,0.681,0.428,STANCE,-0.2970,-0.1880,0.0144,1,2.20,0.625,1.089,0.896,STANCE,-0.2992,0.1911,0.0144,1,2.04,0.504,1.023,0.851,STANCE
0.872,164,tripod,0.0003,0.0033,0.1344,0.0001,-0.0001,0.0000,0.0000,0.0000,0.0000,-0.0001,0.0001,-0.0003,0.000,0.000,0.0000,0.0000,0.2997,-0.1845,0.0144,1,2.25,0.509,0.421,0.095,STANCE,0.2976,0.1946,0.0144,1,1.94,0.449,0.979,0.818,STANCE,0.0023,-0.3408,0.0144,1,2.17,0.437,0.835,0.596,STANCE,-0.0017,0.3473,0.0144,1,2.06,0.477,0.682,0.429,STANCE,-0.2970,-0.1880,0.0144,1,2.20,0.625,1.090,0.896,STANCE,-0.2992,0.1911,0.0144,1,2.04,0.505,1.024,0.851,STANCE
0.894,168,tripod,0.0003,0.0033,0.1344,0.0001,-0.0001,0.0000,0.0000,-0.0000,0.0000,-0.0001,0.0001,-0.0003,0.000,0.000,0.0000,0.0000,0.2997,-0.1845,0.0144,1,2.25,0.511,0.421,0.095,STANCE,0.2976,0.1946,0.0144,1,1.94,0.449,0.979,0.819,STANCE,0.0023,-0.3408,0.0144,1,2.17,0.436,0.835,0.597,STANCE,-0.0017,0.3473,0.0144,1,2.06,0.475,0.681,0.428,STANCE,-0.2970,-0.1880,0.0144,1,2.20,0.625,1.090,0.896,STANCE,-0.2992,0.1911,0.0144,1,2.04,0.504,1.023,0.851,STANCE
0.916,172,tripod,0.0003,0.0033,0.1344,0.0001,-0.0001,0.0000,-0.0000,-0.0000,-0.0000,-0.0001,0.0001,-0.0003,0.000,0.000,0.0000,0.0000,0.2997,-0.1845,0.0144,1,2.25,0.511,0.422,0.096,STANCE,0.2976,0.1946,0.0144,1,1.94,0.449,0.979,0.819,STANCE,0.0023,-0.3408,0.0144,1,2.17,0.435,0.836,0.597,STANCE,-0.0017,0.3473,0.0144,1,2.06,0.474,0.681,0.428,STANCE,-0.2970,-0.1880,0.0144,1,2.20,0.625,1.088,0.895,STANCE,-0.2992,0.1911,0.0144,1,2.04,0.504,1.023,0.851,STANCE
0.938,176,tripod,0.0003,0.0033,0.1344,0.0001,-0.0001,0.0000,-0.0000,-0.0000,0.0000,-0.0001,0.0001,-0.0003,0.000,0.000,0.0000,0.0000,0.2997,-0.1845,0.0144,1,2.25,0.511,0.421,0.095,STANCE,0.2976,0.1946,0.0144,1,1.94,0.449,0.979,0.819,STANCE,0.0023,-0.3408,0.0144,1,2.17,0.436,0.835,0.597,STANCE,-0.0017,0.3473,0.0144,1,2.06,0.475,0.681,0.428,STANCE,-0.2970,-0.1880,0.0144,1,2.20,0.625,1.090,0.896,STANCE,-0.2992,0.1911,0.0144,1,2.04,0.504,1.023,0.851,STANCE
0.959,180,tripod,0.0003,0.0033,0.1344,0.0001,-0.0001,0.0000,0.0000,-0.0000,0.0000,-0.0001,0.0001,-0.0003,0.000,0.000,0.0000,0.0000,0.2997,-0.1845,0.0144,1,2.25,0.510,0.421,0.095,STANCE,0.2976,0.1946,0.0144,1,1.94,0.449,0.979,0.819,STANCE,0.0023,-0.3408,0.0144,1,2.17,0.435,0.835,0.597,STANCE,-0.0017,0.3473,0.0144,1,2.06,0.475,0.681,0.428,STANCE,-0.2970,-0.1880,0.0144,1,2.20,0.625,1.089,0.895,STANCE,-0.2992,0.1911,0.0144,1,2.04,0.504,1.023,0.851,STANCE
0.981,184,tripod,0.0003,0.0033,0.1344,0.0001,-0.0001,0.0000,0.0000,-0.0000,0.0000,-0.0001,0.0001,-0.0003,0.000,0.000,0.0000,0.0000,0.2997,-0.1845,0.0144,1,2.25,0.510,0.421,0.095,STANCE,0.2976,0.1946,0.0144,1,1.94,0.449,0.979,0.818,STANCE,0.0023,-0.3408,0.0144,1,2.17,0.436,0.835,0.597,STANCE,-0.0017,0.3473,0.0144,1,2.06,0.476,0.681,0.429,STANCE,-0.2970,-0.1880,0.0144,1,2.20,0.625,1.089,0.896,STANCE,-0.2992,0.1911,0.0144,1,2.04,0.504,1.023,0.851,STANCE
1.003,188,tripod,0.0003,0.0033,0.1344,0.0001,-0.0001,0.0000,0.0000,-0.0000,0.0000,-0.0001,0.0001,-0.0003,0.000,0.000,0.0000,0.0000,0.2997,-0.1845,0.0144,1,2.25,0.510,0.421,0.095,STANCE,0.2976,0.1946,0.0144,1,1.94,0.449,0.979,0.818,STANCE,0.0023,-0.3408,0.0144,1,2.17,0.436,0.835,0.597,STANCE,-0.0017,0.3473,0.0144,1,2.06,0.475,0.681,0.428,STANCE,-0.2970,-0.1880,0.0144,1,2.20,0.625,1.089,0.895,STANCE,-0.2992,0.1911,0.0144,1,2.04,0.504,1.023,0.851,STANCE
1.025,192,tripod,0.0003,0.0033,0.1344,0.0001,-0.0001,0.0000,-0.0000,-0.0000,0.0000,-0.0001,0.0001,-0.0003,0.000,0.000,0.0000,0.0000,0.2997,-0.1845,0.0144,1,2.25,0.511,0.422,0.095,STANCE,0.2976,0.1946,0.0144,1,1.94,0.449,0.979,0.819,STANCE,0.0023,-0.3408,0.0144,1,2.17,0.435,0.835,0.597,STANCE,-0.0017,0.3473,0.0144,1,2.06,0.475,0.681,0.428,STANCE,-0.2970,-0.1880,0.0144,1,2.20,0.625,1.088,0.895,STANCE,-0.2992,0.1911,0.0144,1,2.04,0.504,1.023,0.851,STANCE
1.046,196,tripod,0.0003,0.0033,0.1344,0.0001,-0.0001,0.0000,0.0000,-0.0000,0.0000,-0.0001,0.0001,-0.0003,0.000,0.000,0.0000,0.0000,0.2997,-0.1845,0.0144,1,2.25,0.511,0.422,0.095,STANCE,0.2976,0.1946,0.0144,1,1.94,0.449,0.979,0.819,STANCE,0.0023,-0.3408,0.0144,1,2.17,0.435,0.835,0.597,STANCE,-0.0017,0.3473,0.0144,1,2.06,0.475,0.681,0.428,STANCE,-0.2970,-0.1880,0.0144,1,2.20,0.625,1.088,0.895,STANCE,-0.2992,0.1911,0.0144,1,2.04,0.504,1.023,0.851,STANCE
1.068,200,tripod,0.0003,0.0033,0.1344,0.0001,-0.0001,0.0000,0.0000,-0.0000,0.0000,-0.0001,0.0001,-0.0003,0.000,0.000,0.0000,0.0000,0.2997,-0.1845,0.0144,1,2.25,0.510,0.421,0.095,STANCE,0.2976,0.1946,0.0144,1,1.94,0.449,0.979,0.818,STANCE,0.0023,-0.3408,0.0144,1,2.17,0.436,0.836,0.597,STANCE,-0.0017,0.3473,0.0144,1,2.06,0.476,0.682,0.429,STANCE,-0.2970,-0.1880,0.0144,1,2.20,0.624,1.089,0.895,STANCE,-0.2992,0.1911,0.0144,1,2.04,0.504,1.023,0.851,STANCE
1.090,204,tripod,0.0003,0.0033,0.1344,0.0001,-0.0001,0.0000,-0.0000,-0.0000,0.0000,-0.0001,0.0001,-0.0003,0.000,0.000,0.0000,0.0000,0.2997,-0.1845,0.0144,1,2.25,0.511,0.422,0.096,STANCE,0.2976,0.1946,0.0144,1,1.94,0.449,0.980,0.819,STANCE,0.0023,-0.3408,0.0144,1,2.17,0.435,0.835,0.597,STANCE,-0.0017,0.3473,0.0144,1,2.06,0.474,0.681,0.428,STANCE,-0.2970,-0.1880,0.0144,1,2.20,0.625,1.088,0.895,STANCE,-0.2992,0.1911,0.0144,1,2.04,0.504,1.023,0.851,STANCE
1.112,208,tripod,0.0003,0.0033,0.1344,0.0001,-0.0001,0.0000,0.0000,-0.0000,0.0000,-0.0001,0.0001,-0.0003,0.000,0.000,0.0000,0.0000,0.2997,-0.1845,0.0144,1,2.25,0.511,0.421,0.095,STANCE,0.2976,0.1946,0.0144,1,1.94,0.449,0.979,0.819,STANCE,0.0023,-0.3408,0.0144,1,2.17,0.435,0.835,0.597,STANCE,-0.0017,0.3473,0.0144,1,2.06,0.475,0.681,0.428,STANCE,-0.2970,-0.1880,0.0144,1,2.20,0.625,1.088,0.895,STANCE,-0.2992,0.1911,0.0144,1,2.04,0.504,1.023,0.851,STANCE
1.133,212,tripod,0.0003,0.0033,0.1344,0.0001,-0.0001,0.0000,0.0000,-0.0000,0.0000,-0.0001,0.0001,-0.0003,0.000,0.000,0.0000,0.0000,0.2997,-0.1845,0.0144,1,2.25,0.511,0.422,0.095,STANCE,0.2976,0.1946,0.0144,1,1.94,0.449,0.979,0.819,STANCE,0.0023,-0.3408,0.0144,1,2.17,0.435,0.835,0.597,STANCE,-0.0017,0.3473,0.0144,1,2.06,0.475,0.681,0.428,STANCE,-0.2970,-0.1880,0.0144,1,2.20,0.625,1.089,0.895,STANCE,-0.2992,0.1911,0.0144,1,2.04,0.504,1.023,0.851,STANCE
1.155,216,tripod,0.0003,0.0033,0.1344,0.0001,-0.0001,0.0000,0.0000,-0.0000,0.0000,-0.0001,0.0001,-0.0003,0.000,0.000,0.0000,0.0000,0.2997,-0.1845,0.0144,1,2.25,0.511,0.422,0.095,STANCE,0.2976,0.1946,0.0144,1,1.94,0.449,0.979,0.819,STANCE,0.0023,-0.3408,0.0144,1,2.17,0.435,0.835,0.597,STANCE,-0.0017,0.3473,0.0144,1,2.06,0.475,0.681,0.428,STANCE,-0.2970,-0.1880,0.0144,1,2.20,0.625,1.089,0.895,STANCE,-0.2992,0.1911,0.0144,1,2.04,0.504,1.023,0.851,STANCE
1.177,220,tripod,0.0003,0.0033,0.1344,0.0001,-0.0001,0.0000,0.0000,-0.0000,0.0000,-0.0001,0.0001,-0.0003,0.000,0.000,0.0000,0.0000,0.2997,-0.1845,0.0144,1,2.25,0.511,0.422,0.095,STANCE,0.2976,0.1946,0.0144,1,1.94,0.449,0.979,0.819,STANCE,0.0023,-0.3408,0.0144,1,2.17,0.435,0.835,0.597,STANCE,-0.0017,0.3473,0.0144,1,2.06,0.475,0.681,0.428,STANCE,-0.2970,-0.1880,0.0144,1,2.20,0.625,1.088,0.895,STANCE,-0.2992,0.1911,0.0144,1,2.04,0.504,1.023,0.851,STANCE
1.199,224,tripod,0.0003,0.0033,0.1344,0.0001,-0.0001,0.0000,0.0000,-0.0000,0.0000,-0.0001,0.0001,-0.0003,0.000,0.000,0.0000,0.0000,0.2997,-0.1845,0.0144,1,2.25,0.511,0.421,0.095,STANCE,0.2976,0.1946,0.0144,1,1.94,0.449,0.979,0.819,STANCE,0.0023,-0.3408,0.0144,1,2.17,0.436,0.835,0.597,STANCE,-0.0017,0.3473,0.0144,1,2.06,0.475,0.681,0.428,STANCE,-0.2970,-0.1880,0.0144,1,2.20,0.625,1.089,0.896,STANCE,-0.2992,0.1911,0.0144,1,2.04,0.504,1.023,0.851,STANCE
1.221,228,tripod,0.0003,0.0033,0.1344,0.0001,-0.0001,0.0000,-0.0000,-0.0000,0.0000,-0.0001,0.0001,-0.0003,0.000,0.000,0.0000,0.0000,0.2997,-0.1845,0.0144,1,2.25,0.512,0.422,0.096,STANCE,0.2976,0.1946,0.0144,1,1.94,0.449,0.980,0.819,STANCE,0.0023,-0.3408,0.0144,1,2.17,0.435,0.835,0.597,STANCE,-0.0017,0.3473,0.0144,1,2.06,0.474,0.681,0.428,STANCE,-0.2970,-0.1880,0.0144,1,2.20,0.625,1.088,0.895,STANCE,-0.2992,0.1911,0.0144,1,2.04,0.503,1.023,0.851,STANCE
1.243,232,tripod,0.0003,0.0033,0.1344,0.0001,-0.0001,0.0000,0.0000,0.0000,0.0000,-0.0001,0.0000,-0.0002,0.000,0.000,0.0000,0.0000,0.2997,-0.1845,0.0144,1,2.25,0.510,0.421,0.095,STANCE,0.2976,0.1946,0.0144,1,1.94,0.449,0.979,0.818,STANCE,0.0023,-0.3408,0.0144,1,2.17,0.437,0.836,0.597,STANCE,-0.0017,0.3473,0.0144,1,2.06,0.476,0.682,0.429,STANCE,-0.2970,-0.1880,0.0144,1,2.20,0.624,1.089,0.895,STANCE,-0.2992,0.1911,0.0144,1,2.04,0.504,1.023,0.851,STANCE
1.265,236,tripod,0.0003,0.0033,0.1344,0.0001,-0.0001,0.0000,-0.0000,-0.0000,0.0000,-0.0001,0.0001,-0.0003,0.000,0.000,0.0000,0.0000,0.2997,-0.1845,0.0144,1,2.25,0.513,0.422,0.096,STANCE,0.2976,0.1946,0.0144,1,1.94,0.449,0.980,0.819,STANCE,0.0023,-0.3408,0.0144,1,2.16,0.434,0.835,0.598,STANCE,-0.0017,0.3473,0.0144,1,2.06,0.473,0.681,0.428,STANCE,-0.2970,-0.1880,0.0144,1,2.20,0.625,1.088,0.895,STANCE,-0.2992,0.1911,0.0144,1,2.04,0.503,1.023,0.851,STANCE
1.286,240,tripod,0.0003,0.0033,0.1344,0.0001,-0.0001,0.0000,0.0000,-0.0000,0.0000,-0.0001,0.0001,-0.0003,0.000,0.000,0.0000,0.0000,0.2997,-0.1845,0.0144,1,2.25,0.511,0.421,0.095,STANCE,0.2976,0.1946,0.0144,1,1.94,0.449,0.979,0.819,STANCE,0.0023,-0.3408,0.0144,1,2.17,0.436,0.835,0.597,STANCE,-0.0017,0.3473,0.0144,1,2.06,0.475,0.681,0.428,STANCE,-0.2970,-0.1880,0.0144,1,2.20,0.625,1.090,0.896,STANCE,-0.2992,0.1911,0.0144,1,2.04,0.504,1.023,0.851,STANCE
1.308,244,tripod,0.0003,0.0033,0.1344,0.0001,-0.0001,0.0000,-0.0000,-0.0000,0.0000,-0.0001,0.0001,-0.0003,0.000,0.000,0.0000,0.0000,0.2997,-0.1845,0.0144,1,2.25,0.511,0.422,0.096,STANCE,0.2976,0.1946,0.0144,1,1.94,0.449,0.980,0.819,STANCE,0.0023,-0.3408,0.0144,1,2.17,0.435,0.835,0.597,STANCE,-0.0017,0.3473,0.0144,1,2.06,0.474,0.681,0.428,STANCE,-0.2970,-0.1880,0.0144,1,2.20,0.625,1.088,0.895,STANCE,-0.2992,0.1911,0.0144,1,2.04,0.504,1.023,0.851,STANCE
1.330,248,tripod,0.0003,0.0033,0.1344,0.0001,-0.0001,0.0000,0.0000,0.0000,0.0000,-0.0000,0.0000,-0.0001,0.000,0.000,0.0000,0.0000,0.2997,-0.1845,0.0144,1,2.25,0.509,0.421,0.095,STANCE,0.2976,0.1946,0.0144,1,1.94,0.449,0.979,0.818,STANCE,0.0023,-0.3408,0.0144,1,2.17,0.437,0.835,0.596,STANCE,-0.0017,0.3473,0.0144,1,2.06,0.476,0.682,0.429,STANCE,-0.2970,-0.1880,0.0144,1,2.20,0.624,1.089,0.896,STANCE,-0.2992,0.1911,0.0144,1,2.04,0.503,1.022,0.850,STANCE
1.351,252,tripod,0.0003,0.0033,0.1344,0.0001,-0.0001,0.0000,0.0000,-0.0000,-0.0000,-0.0001,0.0001,-0.0003,0.000,0.000,0.0000,0.0000,0.2997,-0.1845,0.0144,1,2.25,0.509,0.421,0.095,STANCE,0.2976,0.1946,0.0144,1,1.94,0.449,0.979,0.818,STANCE,0.0023,-0.3408,0.0144,1,2.17,0.436,0.835,0.597,STANCE,-0.0017,0.3473,0.0144,1,2.06,0.476,0.682,0.429,STANCE,-0.2970,-0.1880,0.0144,1,2.20,0.624,1.089,0.895,STANCE,-0.2992,0.1911,0.0144,1,2.04,0.504,1.023,0.851,STANCE
1.373,256,tripod,0.0003,0.0033,0.1344,0.0001,-0.0001,0.0000,-0.0000,-0.0000,0.0000,-0.0001,0.0001,-0.0003,0.000,0.000,0.0000,0.0000,0.2997,-0.1845,0.0144,1,2.25,0.511,0.422,0.095,STANCE,0.2976,0.1946,0.0144,1,1.94,0.449,0.979,0.819,STANCE,0.0023,-0.3408,0.0144,1,2.17,0.435,0.835,0.597,STANCE,-0.0017,0.3473,0.0144,1,2.06,0.474,0.681,0.428,STANCE,-0.2970,-0.1880,0.0144,1,2.20,0.625,1.088,0.895,STANCE,-0.2992,0.1911,0.0144,1,2.04,0.504,1.023,0.851,STANCE
1.395,260,tripod,0.0003,0.0033,0.1344,0.0001,-0.0001,0.0000,-0.0000,-0.0000,0.0000,-0.0001,0.0001,-0.0003,0.000,0.000,0.0000,0.0000,0.2997,-0.1845,0.0144,1,2.25,0.511,0.422,0.095,STANCE,0.2976,0.1946,0.0144,1,1.94,0.449,0.979,0.819,STANCE,0.0023,-0.3408,0.0144,1,2.17,0.435,0.835,0.597,STANCE,-0.0017,0.3473,0.0144,1,2.06,0.475,0.681,0.428,STANCE,-0.2970,-0.1880,0.0144,1,2.20,0.625,1.089,0.895,STANCE,-0.2992,0.1911,0.0144,1,2.04,0.504,1.023,0.851,STANCE
1.417,264,tripod,0.0003,0.0033,0.1344,0.0001,-0.0001,0.0000,0.0000,0.0000,0.0000,-0.0001,0.0001,-0.0003,0.000,0.000,0.0000,0.0000,0.2997,-0.1845,0.0144,1,2.25,0.509,0.421,0.095,STANCE,0.2976,0.1946,0.0144,1,1.94,0.450,0.978,0.818,STANCE,0.0023,-0.3408,0.0144,1,2.17,0.437,0.835,0.596,STANCE,-0.0017,0.3473,0.0144,1,2.05,0.478,0.682,0.429,STANCE,-0.2970,-0.1880,0.0144,1,2.20,0.625,1.090,0.896,STANCE,-0.2992,0.1911,0.0144,1,2.04,0.505,1.024,0.851,STANCE
1.438,268,tripod,0.0003,0.0033,0.1344,0.0001,-0.0001,0.0000,0.0000,-0.0000,0.0000,-0.0001,0.0001,-0.0003,0.000,0.000,0.0000,0.0000,0.2997,-0.1845,0.0144,1,2.25,0.511,0.421,0.095,STANCE,0.2976,0.1946,0.0144,1,1.94,0.449,0.979,0.819,STANCE,0.0023,-0.3408,0.0144,1,2.17,0.435,0.835,0.597,STANCE,-0.0017,0.3473,0.0144,1,2.06,0.475,0.681,0.428,STANCE,-0.2970,-0.1880,0.0144,1,2.20,0.625,1.089,0.895,STANCE,-0.2992,0.1911,0.0144,1,2.04,0.504,1.023,0.851,STANCE
1.460,272,tripod,0.0003,0.0033,0.1344,0.0001,-0.0001,0.0000,-0.0000,-0.0000,0.0000,-0.0001,0.0001,-0.0003,0.000,0.000,0.0000,0.0000,0.2997,-0.1845,0.0144,1,2.25,0.511,0.422,0.095,STANCE,0.2976,0.1946,0.0144,1,1.94,0.449,0.979,0.819,STANCE,0.0023,-0.3408,0.0144,1,2.17,0.435,0.835,0.597,STANCE,-0.0017,0.3473,0.0144,1,2.06,0.475,0.681,0.428,STANCE,-0.2970,-0.1880,0.0144,1,2.20,0.625,1.088,0.895,STANCE,-0.2992,0.1911,0.0144,1,2.04,0.504,1.023,0.851,STANCE
1.482,276,tripod,0.0003,0.0033,0.1344,0.0001,-0.0001,0.0000,0.0000,-0.0000,0.0000,-0.0001,0.0001,-0.0003,0.000,0.000,0.0000,0.0000,0.2997,-0.1845,0.0144,1,2.25,0.510,0.421,0.095,STANCE,0.2976,0.1946,0.0144,1,1.94,0.449,0.979,0.819,STANCE,0.0023,-0.3408,0.0144,1,2.17,0.436,0.835,0.597,STANCE,-0.0017,0.3473,0.0144,1,2.06,0.475,0.681,0.428,STANCE,-0.2970,-0.1880,0.0144,1,2.20,0.625,1.089,0.896,STANCE,-0.2992,0.1911,0.0144,1,2.04,0.504,1.023,0.851,STANCE
1.503,280,tripod,0.0003,0.0033,0.1344,0.0001,-0.0001,0.0000,0.0000,-0.0000,0.0000,-0.0001,0.0001,-0.0003,0.000,0.000,0.0000,0.0000,0.2997,-0.1845,0.0144,1,2.25,0.511,0.422,0.095,STANCE,0.2976,0.1946,0.0144,1,1.94,0.449,0.979,0.819,STANCE,0.0023,-0.3408,0.0144,1,2.17,0.436,0.835,0.597,STANCE,-0.0017,0.3473,0.0144,1,2.06,0.475,0.681,0.428,STANCE,-0.2970,-0.1880,0.0144,1,2.20,0.625,1.089,0.895,STANCE,-0.2992,0.1911,0.0144,1,2.04,0.504,1.023,0.851,STANCE
1.525,284,tripod,0.0003,0.0033,0.1344,0.0001,-0.0001,0.0000,0.0000,-0.0000,0.0000,-0.0001,0.0001,-0.0003,0.000,0.000,0.0000,0.0000,0.2997,-0.1845,0.0144,1,2.25,0.510,0.421,0.095,STANCE,0.2976,0.1946,0.0144,1,1.94,0.449,0.979,0.819,STANCE,0.0023,-0.3408,0.0144,1,2.17,0.436,0.835,0.597,STANCE,-0.0017,0.3473,0.0144,1,2.06,0.475,0.681,0.428,STANCE,-0.2970,-0.1880,0.0144,1,2.20,0.625,1.089,0.896,STANCE,-0.2992,0.1911,0.0144,1,2.04,0.504,1.023,0.851,STANCE
1.547,288,tripod,0.0003,0.0033,0.1416,0.0000,-0.0001,0.0000,0.0004,0.0002,0.6925,-0.0007,0.0001,-0.0005,0.000,0.000,0.0000,0.0000,0.3000,-0.1846,0.0142,1,2.31,0.127,0.271,0.951,STANCE,0.2979,0.1947,0.0143,1,2.10,0.254,0.102,0.713,STANCE,0.0023,-0.3410,0.0142,1,2.24,0.132,0.259,0.924,STANCE,-0.0017,0.3476,0.0142,1,2.35,0.150,0.275,0.965,STANCE,-0.2972,-0.1881,0.0142,1,2.01,0.168,0.211,0.819,STANCE,-0.2994,0.1913,0.0142,1,2.26,0.338,0.086,0.727,STANCE
1.568,292,tripod,0.0003,0.0033,0.1531,0.0000,-0.0001,-0.0000,0.0003,-0.0042,0.6708,0.0036,0.0007,-0.0027,0.000,0.000,0.0000,0.0000,0.3003,-0.1848,0.0142,0,0.00,0.000,0.043,0.005,STANCE,0.2982,0.1949,0.0143,0,0.00,0.001,0.051,0.003,STANCE,0.0023,-0.3414,0.0142,0,0.00,0.004,0.035,0.008,STANCE,-0.0017,0.3480,0.0142,0,0.00,0.000,0.037,0.002,STANCE,-0.2975,-0.1882,0.0142,0,0.00,0.002,0.043,0.001,STANCE,-0.2998,0.1915,0.0142,0,0.00,0.001,0.054,0.003,STANCE
1.587,296,tripod,0.0003,0.0032,0.1631,0.0000,0.0000,0.0000,0.0003,-0.0035,0.5077,0.0000,0.0034,0.0025,0.000,0.000,0.0000,0.0000,0.2998,-0.1845,0.0162,0,0.00,0.000,0.171,0.042,STANCE,0.2976,0.1945,0.0162,0,0.00,0.000,0.172,0.042,STANCE,0.0023,-0.3408,0.0162,0,0.00,0.000,0.171,0.042,STANCE,-0.0017,0.3473,0.0163,0,0.00,0.000,0.171,0.042,STANCE,-0.2970,-0.1880,0.0162,0,0.00,0.000,0.171,0.042,STANCE,-0.2992,0.1911,0.0163,0,0.00,0.000,0.172,0.042,STANCE
1.606,300,tripod,0.0003,0.0032,0.1705,0.0000,0.0001,0.0001,0.0003,-0.0035,0.3834,-0.0006,0.0035,0.0022,0.000,0.000,0.0000,0.0000,0.2997,-0.1846,0.0150,0,0.00,0.000,0.103,0.097,STANCE,0.2975,0.1944,0.0150,0,0.00,0.000,0.103,0.097,STANCE,0.0023,-0.3408,0.0150,0,0.00,0.000,0.103,0.097,STANCE,-0.0017,0.3472,0.0151,0,0.00,0.000,0.103,0.097,STANCE,-0.2969,-0.1880,0.0151,0,0.00,0.000,0.103,0.097,STANCE,-0.2991,0.1910,0.0151,0,0.00,0.000,0.103,0.097,STANCE
1.626,304,tripod,0.0003,0.0032,0.1812,0.0001,0.0001,0.0001,-0.0004,0.0001,0.5574,0.0100,0.0062,0.0048,0.000,0.000,0.0000,0.0000,0.2996,-0.1845,0.0159,0,0.00,0.001,0.009,0.064,STANCE,0.2975,0.1944,0.0159,0,0.00,0.000,0.014,0.062,STANCE,0.0023,-0.3407,0.0159,0,0.00,0.000,0.012,0.062,STANCE,-0.0017,0.3471,0.0159,0,0.00,0.000,0.011,0.062,STANCE,-0.2968,-0.1880,0.0159,0,0.00,0.000,0.011,0.062,STANCE,-0.2991,0.1910,0.0160,0,0.00,0.001,0.014,0.062,STANCE
1.644,308,tripod,0.0003,0.0032,0.1892,0.0003,0.0002,0.0002,-0.0004,-0.0000,0.4498,0.0083,0.0062,0.0045,0.000,0.000,0.0000,0.0000,0.2996,-0.1844,0.0214,0,0.00,0.000,0.060,0.060,STANCE,0.2973,0.1944,0.0215,0,0.00,0.000,0.060,0.059,STANCE,0.0023,-0.3406,0.0214,0,0.00,0.000,0.060,0.059,STANCE,-0.0018,0.3471,0.0216,0,0.00,0.000,0.060,0.059,STANCE,-0.2968,-0.1880,0.0215,0,0.00,0.000,0.060,0.059,STANCE,-0.2991,0.1909,0.0216,0,0.00,0.000,0.060,0.059,STANCE
1.663,312,tripod,0.0003,0.0032,0.1951,0.0004,0.0004,0.0002,-0.0004,-0.0001,0.2854,0.0083,0.0062,0.0042,0.000,0.000,0.0000,0.0000,0.2983,-0.1836,0.0160,0,0.00,0.000,0.103,0.097,STANCE,0.2960,0.1937,0.0162,0,0.00,0.000,0.104,0.097,STANCE,0.0023,-0.3391,0.0161,0,0.00,0.000,0.104,0.097,STANCE,-0.0018,0.3456,0.0164,0,0.00,0.000,0.103,0.097,STANCE,-0.2955,-0.1872,0.0162,0,0.00,0.000,0.104,0.097,STANCE,-0.2978,0.1901,0.0164,0,0.00,0.000,0.103,0.097,STANCE
1.682,316,tripod,0.0003,0.0032,0.2027,0.0004,0.0003,0.0002,-0.0001,0.0003,0.3797,-0.0022,-0.0015,-0.0036,0.000,0.000,0.0000,0.0000,0.2990,-0.1840,0.0207,0,0.00,0.000,0.065,0.048,STANCE,0.2967,0.1942,0.0208,0,0.00,0.000,0.065,0.049,STANCE,0.0023,-0.3399,0.0207,0,0.00,0.000,0.065,0.048,STANCE,-0.0019,0.3465,0.0210,0,0.00,0.000,0.065,0.048,STANCE,-0.2962,-0.1876,0.0209,0,0.00,0.000,0.065,0.048,STANCE,-0.2985,0.1906,0.0210,0,0.00,0.000,0.065,0.048,STANCE
1.700,320,tripod,0.0003,0.0032,0.2076,0.0004,0.0003,0.0001,-0.0001,0.0003,0.2525,-0.0022,-0.0015,-0.0025,0.000,0.000,0.0000,0.0000,0.3001,-0.1847,0.0368,0,0.00,0.000,0.113,0.079,STANCE,0.2978,0.1948,0.0370,0,0.00,0.000,0.113,0.079,STANCE,0.0023,-0.3412,0.0369,0,0.00,0.000,0.113,0.079,STANCE,-0.0019,0.3478,0.0371,0,0.00,0.000,0.113,0.079,STANCE,-0.2974,-0.1883,0.0370,0,0.00,0.000,0.113,0.079,STANCE,-0.2997,0.1912,0.0372,0,0.00,0.000,0.113,0.079,STANCE
1.719,324,tripod,0.0003,0.0032,0.2107,0.0003,0.0003,0.0001,-0.0001,0.0003,0.1250,-0.0022,-0.0015,-0.0021,0.000,0.000,0.0000,0.0000,0.2997,-0.1844,0.0406,0,0.00,0.000,0.066,0.010,STANCE,0.2974,0.1946,0.0407,0,0.00,0.000,0.066,0.010,STANCE,0.0023,-0.3408,0.0406,0,0.00,0.000,0.066,0.010,STANCE,-0.0018,0.3473,0.0409,0,0.00,0.000,0.066,0.010,STANCE,-0.2969,-0.1881,0.0408,0,0.00,0.000,0.066,0.010,STANCE,-0.2992,0.1910,0.0409,0,0.00,0.000,0.066,0.010,STANCE
1.737,328,tripod,0.0003,0.0032,0.2114,0.0003,0.0003,0.0001,-0.0001,0.0003,-0.0364,-0.0022,-0.0015,-0.0018,0.000,0.000,0.0000,0.0000,0.2997,-0.1844,0.0393,0,0.00,0.000,0.076,0.018,STANCE,0.2974,0.1946,0.0394,0,0.00,0.000,0.076,0.017,STANCE,0.0023,-0.3407,0.0394,0,0.00,0.000,0.076,0.018,STANCE,-0.0018,0.3473,0.0396,0,0.00,0.000,0.076,0.018,STANCE,-0.2969,-0.1881,0.0395,0,0.00,0.000,0.076,0.017,STANCE,-0.2992,0.1909,0.0396,0,0.00,0.000,0.076,0.018,STANCE
1.755,332,tripod,0.0003,0.0032,0.2093,0.0002,0.0002,0.0000,-0.0001,0.0003,-0.1997,-0.0022,-0.0015,-0.0016,0.000,0.000,0.0000,0.0000,0.2997,-0.1844,0.0352,0,0.00,0.000,0.077,0.018,STANCE,0.2974,0.1946,0.0353,0,0.00,0.000,0.077,0.018,STANCE,0.0023,-0.3407,0.0352,0,0.00,0.000,0.077,0.018,STANCE,-0.0018,0.3472,0.0354,0,0.00,0.000,0.077,0.018,STANCE,-0.2969,-0.1880,0.0353,0,0.00,0.000,0.077,0.018,STANCE,-0.2992,0.1909,0.0354,0,0.00,0.000,0.077,0.018,STANCE
1.773,336,tripod,0.0003,0.0032,0.2044,0.0002,0.0002,0.0000,-0.0001,0.0003,-0.3630,-0.0022,-0.0014,-0.0013,0.000,0.000,0.0000,0.0000,0.2997,-0.1844,0.0283,0,0.00,0.000,0.077,0.019,STANCE,0.2974,0.1945,0.0284,0,0.00,0.000,0.077,0.019,STANCE,0.0023,-0.3407,0.0284,0,0.00,0.000,0.077,0.019,STANCE,-0.0018,0.3472,0.0285,0,0.00,0.000,0.077,0.019,STANCE,-0.2969,-0.1880,0.0285,0,0.00,0.000,0.077,0.019,STANCE,-0.2992,0.1909,0.0285,0,0.00,0.000,0.077,0.019,STANCE
1.792,340,tripod,0.0003,0.0032,0.1969,0.0002,0.0002,-0.0000,-0.0001,0.0003,-0.5260,-0.0022,-0.0014,-0.0011,0.000,0.000,0.0000,0.0000,0.2997,-0.1845,0.0187,0,0.00,0.000,0.077,0.019,STANCE,0.2974,0.1945,0.0188,0,0.00,0.000,0.077,0.019,STANCE,0.0023,-0.3407,0.0188,0,0.00,0.000,0.077,0.019,STANCE,-0.0018,0.3472,0.0189,0,0.00,0.000,0.077,0.019,STANCE,-0.2969,-0.1880,0.0189,0,0.00,0.000,0.077,0.019,STANCE,-0.2992,0.1910,0.0189,0,0.00,0.000,0.077,0.019,STANCE
1.811,344,tripod,0.0003,0.0032,0.1948,0.0001,0.0002,-0.0000,0.0000,0.0000,-0.0054,-0.0009,-0.0003,-0.0006,0.000,0.000,0.0000,0.0000,0.3002,-0.1848,0.0187,0,0.00,0.000,0.090,0.103,STANCE,0.2979,0.1948,0.0188,0,0.00,0.000,0.090,0.103,STANCE,0.0023,-0.3413,0.0188,0,0.00,0.000,0.090,0.103,STANCE,-0.0018,0.3478,0.0189,0,0.00,0.000,0.090,0.103,STANCE,-0.2974,-0.1883,0.0188,0,0.00,0.000,0.090,0.103,STANCE,-0.2997,0.1912,0.0189,0,0.00,0.000,0.090,0.103,STANCE
1.829,348,tripod,0.0003,0.0032,0.1933,0.0001,0.0002,-0.0000,0.0000,0.0000,-0.1293,-0.0009,-0.0004,0.0002,0.000,0.000,0.0000,0.0000,0.3008,-0.1851,0.0284,0,0.00,0.000,0.075,0.060,STANCE,0.2985,0.1952,0.0284,0,0.00,0.000,0.074,0.060,STANCE,0.0023,-0.3420,0.0284,0,0.00,0.000,0.074,0.060,STANCE,-0.0018,0.3485,0.0285,0,0.00,0.000,0.074,0.060,STANCE,-0.2980,-0.1887,0.0285,0,0.00,0.000,0.074,0.060,STANCE,-0.3003,0.1916,0.0285,0,0.00,0.000,0.075,0.060,STANCE
1.848,352,tripod,0.0003,0.0032,0.1901,0.0001,0.0002,-0.0000,0.0000,-0.0000,-0.2589,-0.0009,-0.0004,-0.0000,0.000,0.000,0.0000,0.0000,0.2998,-0.1845,0.0256,0,0.00,0.000,0.068,0.010,STANCE,0.2975,0.1946,0.0256,0,0.00,0.000,0.068,0.010,STANCE,0.0023,-0.3408,0.0256,0,0.00,0.000,0.068,0.010,STANCE,-0.0018,0.3473,0.0257,0,0.00,0.000,0.068,0.010,STANCE,-0.2970,-0.1881,0.0257,0,0.00,0.000,0.068,0.010,STANCE,-0.2993,0.1910,0.0257,0,0.00,0.000,0.068,0.010,STANCE
1.866,356,tripod,0.0003,0.0032,0.1843,0.0001,0.0002,-0.0000,0.0000,-0.0000,-0.4202,-0.0009,-0.0004,-0.0000,0.000,0.000,0.0000,0.0000,0.2997,-0.1845,0.0179,0,0.00,0.000,0.076,0.017,STANCE,0.2974,0.1945,0.0179,0,0.00,0.000,0.076,0.017,STANCE,0.0023,-0.3408,0.0179,0,0.00,0.000,0.076,0.017,STANCE,-0.0018,0.3472,0.0180,0,0.00,0.000,0.076,0.017,STANCE,-0.2969,-0.1880,0.0180,0,0.00,0.000,0.076,0.017,STANCE,-0.2992,0.1910,0.0180,0,0.00,0.000,0.076,0.017,STANCE
1.885,360,tripod,0.0003,0.0032,0.1828,0.0001,0.0002,-0.0000,-0.0000,0.0002,0.0089,-0.0008,-0.0003,0.0001,0.000,0.000,0.0000,0.0000,0.2998,-0.1845,0.0181,0,0.00,0.000,0.312,0.089,STANCE,0.2975,0.1946,0.0181,0,0.00,0.000,0.312,0.089,STANCE,0.0023,-0.3409,0.0181,0,0.00,0.000,0.312,0.090,STANCE,-0.0018,0.3473,0.0182,0,0.00,0.000,0.312,0.090,STANCE,-0.2970,-0.1881,0.0182,0,0.00,0.000,0.312,0.089,STANCE,-0.2993,0.1910,0.0182,0,0.00,0.000,0.312,0.090,STANCE
1.903,364,tripod,0.0003,0.0032,0.1820,0.0001,0.0002,-0.0000,-0.0000,0.0002,-0.1050,-0.0008,-0.0002,0.0001,0.000,0.000,0.0000,0.0000,0.2997,-0.1845,0.0195,0,0.00,0.000,0.057,0.005,STANCE,0.2975,0.1945,0.0195,0,0.00,0.000,0.057,0.005,STANCE,0.0023,-0.3408,0.0195,0,0.00,0.000,0.057,0.005,STANCE,-0.0018,0.3472,0.0196,0,0.00,0.000,0.057,0.005,STANCE,-0.2969,-0.1880,0.0196,0,0.00,0.000,0.057,0.005,STANCE,-0.2992,0.1910,0.0196,0,0.00,0.000,0.057,0.005,STANCE
1.922,368,tripod,0.0003,0.0032,0.1795,0.0001,0.0002,-0.0000,-0.0000,0.0002,0.0695,-0.0009,-0.0001,-0.0000,0.000,0.000,0.0000,0.0000,0.2997,-0.1845,0.0145,1,35.07,0.438,2.923,2.457,STANCE,0.2974,0.1945,0.0145,1,35.07,0.367,2.932,2.452,STANCE,0.0023,-0.3408,0.0145,1,33.59,0.087,2.940,2.202,STANCE,-0.0018,0.3472,0.0146,1,33.40,0.054,2.940,2.173,STANCE,-0.2969,-0.1880,0.0146,1,34.72,0.293,2.929,2.397,STANCE,-0.2992,0.1909,0.0146,1,35.13,0.378,2.905,2.485,STANCE
1.943,372,tripod,0.0003,0.0032,0.1801,0.0001,0.0001,-0.0000,-0.0000,0.0001,0.0068,-0.0003,-0.0003,-0.0000,0.000,0.000,0.0000,0.0000,0.2997,-0.1845,0.0144,1,1.91,0.027,0.197,0.101,STANCE,0.2974,0.1945,0.0145,1,1.90,0.033,0.199,0.099,STANCE,0.0023,-0.3408,0.0145,1,1.84,0.007,0.204,0.082,STANCE,-0.0018,0.3472,0.0145,1,1.85,0.002,0.209,0.078,STANCE,-0.2969,-0.1880,0.0145,1,1.72,0.022,0.176,0.090,STANCE,-0.2992,0.1909,0.0145,1,1.71,0.032,0.163,0.101,STANCE
1.965,376,tripod,0.0003,0.0032,0.1801,0.0001,0.0001,-0.0000,-0.0000,0.0001,0.0001,-0.0003,-0.0002,-0.0000,0.000,0.000,0.0000,0.0000,0.2997,-0.1845,0.0144,1,2.21,0.025,0.240,0.108,STANCE,0.2974,0.1945,0.0145,1,2.20,0.043,0.241,0.106,STANCE,0.0023,-0.3408,0.0145,1,2.10,0.015,0.242,0.085,STANCE,-0.0018,0.3472,0.0145,1,2.08,0.007,0.242,0.082,STANCE,-0.2969,-0.1880,0.0145,1,1.99,0.026,0.216,0.094,STANCE,-0.2992,0.1909,0.0145,1,1.98,0.048,0.201,0.107,STANCE
1.987,380,tripod,0.0003,0.0032,0.1801,0.0001,0.0001,-0.0000,-0.0000,0.0001,-0.0002,-0.0002,-0.0002,0.0000,0.000,0.000,0.0000,0.0000,0.2997,-0.1845,0.0144,1,2.23,0.018,0.242,0.109,STANCE,0.2974,0.1945,0.0144,1,2.22,0.052,0.242,0.107,STANCE,0.0023,-0.3408,0.0145,1,2.11,0.017,0.245,0.084,STANCE,-0.0018,0.3472,0.0145,1,2.09,0.010,0.243,0.083,STANCE,-0.2969,-0.1880,0.0145,1,2.01,0.023,0.221,0.093,STANCE,-0.2992,0.1909,0.0145,1,2.00,0.059,0.203,0.107,STANCE
2.009,384,tripod,0.0003,0.0032,0.1801,0.0000,0.0001,-0.0000,-0.0000,0.0000,-0.0002,-0.0002,-0.0002,-0.0000,0.000,0.000,0.0000,0.0000,0.2997,-0.1845,0.0144,1,2.23,0.014,0.242,0.109,STANCE,0.2974,0.1945,0.0144,1,2.22,0.056,0.241,0.108,STANCE,0.0023,-0.3408,0.0145,1,2.11,0.017,0.245,0.084,STANCE,-0.0018,0.3472,0.0145,1,2.10,0.011,0.243,0.084,STANCE,-0.2969,-0.1880,0.0145,1,2.01,0.021,0.222,0.092,STANCE,-0.2992,0.1909,0.0145,1,2.00,0.061,0.203,0.108,STANCE
2.030,388,tripod,0.0003,0.0032,0.1801,0.0000,0.0001,-0.0000,-0.0000,0.0000,-0.0002,-0.0003,-0.0002,0.0001,0.000,0.000,0.0000,0.0000,0.2997,-0.1845,0.0144,1,2.22,0.011,0.241,0.109,STANCE,0.2974,0.1945,0.0144,1,2.22,0.058,0.241,0.108,STANCE,0.0023,-0.3408,0.0145,1,2.11,0.017,0.246,0.084,STANCE,-0.0018,0.3472,0.0145,1,2.10,0.011,0.243,0.084,STANCE,-0.2969,-0.1880,0.0145,1,2.01,0.020,0.222,0.092,STANCE,-0.2992,0.1909,0.0145,1,2.00,0.064,0.203,0.108,STANCE
2.052,392,tripod,0.0003,0.0032,0.1801,0.0000,0.0001,-0.0000,-0.0000,0.0000,-0.0002,-0.0002,-0.0002,-0.0000,0.000,0.000,0.0000,0.0000,0.2997,-0.1845,0.0144,1,2.22,0.012,0.241,0.109,STANCE,0.2974,0.1945,0.0144,1,2.21,0.055,0.241,0.108,STANCE,0.0023,-0.3408,0.0145,1,2.11,0.017,0.245,0.084,STANCE,-0.0018,0.3472,0.0145,1,2.10,0.012,0.244,0.084,STANCE,-0.2969,-0.1880,0.0145,1,2.01,0.020,0.222,0.092,STANCE,-0.2992,0.1909,0.0145,1,2.01,0.060,0.203,0.108,STANCE
2.074,396,tripod,0.0003,0.0032,0.1801,0.0000,0.0001,-0.0000,-0.0000,0.0000,-0.0002,-0.0002,-0.0002,-0.0000,0.000,0.000,0.0000,0.0000,0.2997,-0.1845,0.0144,1,2.22,0.011,0.241,0.108,STANCE,0.2974,0.1945,0.0144,1,2.21,0.059,0.241,0.108,STANCE,0.0023,-0.3408,0.0145,1,2.11,0.016,0.246,0.084,STANCE,-0.0018,0.3472,0.0145,1,2.10,0.011,0.244,0.084,STANCE,-0.2969,-0.1880,0.0145,1,2.01,0.019,0.222,0.092,STANCE,-0.2992,0.1909,0.0145,1,2.01,0.060,0.203,0.109,STANCE
2.095,400,tripod,0.0003,0.0032,0.1801,0.0000,0.0001,-0.0000,-0.0000,0.0000,-0.0002,-0.0002,-0.0002,-0.0000,0.000,0.000,0.0000,0.0000,0.2997,-0.1845,0.0144,1,2.22,0.011,0.240,0.108,STANCE,0.2974,0.1945,0.0144,1,2.21,0.057,0.240,0.108,STANCE,0.0023,-0.3408,0.0144,1,2.10,0.016,0.246,0.084,STANCE,-0.0018,0.3472,0.0145,1,2.10,0.011,0.244,0.084,STANCE,-0.2969,-0.1880,0.0145,1,2.01,0.019,0.222,0.092,STANCE,-0.2992,0.1909,0.0145,1,2.01,0.061,0.204,0.108,STANCE
2.116,404,tripod,0.0003,0.0032,0.1801,0.0000,0.0001,-0.0000,-0.0000,0.0000,-0.0002,-0.0001,-0.0002,0.0000,0.000,0.000,0.0000,0.0000,0.2997,-0.1845,0.0144,1,2.22,0.011,0.240,0.108,STANCE,0.2974,0.1945,0.0144,1,2.21,0.054,0.240,0.108,STANCE,0.0023,-0.3408,0.0144,1,2.10,0.017,0.245,0.084,STANCE,-0.0018,0.3472,0.0145,1,2.10,0.010,0.244,0.084,STANCE,-0.2969,-0.1880,0.0145,1,2.01,0.019,0.222,0.092,STANCE,-0.2992,0.1909,0.0145,1,2.01,0.062,0.204,0.108,STANCE
2.138,408,tripod,0.0003,0.0032,0.1801,0.0000,0.0001,-0.0000,-0.0000,0.0000,-0.0001,-0.0002,-0.0002,-0.0000,0.000,0.000,0.0000,0.0000,0.2997,-0.1845,0.0144,1,2.21,0.011,0.240,0.108,STANCE,0.2974,0.1945,0.0144,1,2.21,0.060,0.240,0.108,STANCE,0.0023,-0.3408,0.0144,1,2.10,0.016,0.246,0.083,STANCE,-0.0018,0.3472,0.0145,1,2.10,0.009,0.244,0.085,STANCE,-0.2969,-0.1880,0.0145,1,2.02,0.017,0.223,0.092,STANCE,-0.2992,0.1909,0.0145,1,2.01,0.063,0.204,0.109,STANCE
2.160,412,tripod,0.0003,0.0032,0.1801,0.0000,0.0001,-0.0000,-0.0000,0.0000,-0.0001,-0.0001,-0.0001,-0.0000,0.000,0.000,0.0000,0.0000,0.2997,-0.1845,0.0144,1,2.21,0.012,0.240,0.108,STANCE,0.2974,0.1945,0.0144,1,2.21,0.058,0.240,0.107,STANCE,0.0023,-0.3408,0.0144,1,2.10,0.015,0.245,0.084,STANCE,-0.0018,0.3472,0.0145,1,2.10,0.009,0.244,0.084,STANCE,-0.2969,-0.1880,0.0145,1,2.02,0.018,0.222,0.092,STANCE,-0.2992,0.1909,0.0145,1,2.01,0.060,0.204,0.109,STANCE
2.181,416,tripod,0.0003,0.0032,0.1801,0.0000,0.0001,-0.0000,-0.0000,0.0000,-0.0001,-0.0001,-0.0001,-0.0000,0.000,0.000,0.0000,0.0000,0.2997,-0.1845,0.0144,1,2.21,0.013,0.240,0.108,STANCE,0.2974,0.1945,0.0144,1,2.21,0.056,0.240,0.107,STANCE,0.0023,-0.3408,0.0144,1,2.10,0.015,0.245,0.084,STANCE,-0.0018,0.3472,0.0145,1,2.10,0.009,0.245,0.084,STANCE,-0.2969,-0.1880,0.0145,1,2.02,0.018,0.222,0.093,STANCE,-0.2992,0.1909,0.0145,1,2.02,0.058,0.204,0.109,STANCE
2.202,420,tripod,0.0003,0.0032,0.1801,0.0000,0.0001,-0.0000,-0.0000,0.0000,-0.0001,-0.0001,-0.0001,-0.0000,0.000,0.000,0.0000,0.0000,0.2997,-0.1845,0.0144,1,2.21,0.013,0.240,0.108,STANCE,0.2974,0.1945,0.0144,1,2.21,0.055,0.240,0.108,STANCE,0.0023,-0.3408,0.0144,1,2.10,0.015,0.245,0.084,STANCE,-0.0018,0.3472,0.0145,1,2.10,0.008,0.245,0.084,STANCE,-0.2969,-0.1880,0.0145,1,2.02,0.018,0.222,0.093,STANCE,-0.2992,0.1909,0.0145,1,2.02,0.058,0.204,0.109,STANCE
2.224,424,tripod,0.0003,0.0032,0.1801,0.0000,0.0001,-0.0000,-0.0000,0.0000,-0.0001,-0.0001,-0.0001,-0.0000,0.000,0.000,0.0000,0.0000,0.2997,-0.1845,0.0144,1,2.21,0.012,0.240,0.108,STANCE,0.2974,0.1945,0.0144,1,2.21,0.059,0.240,0.107,STANCE,0.0023,-0.3408,0.0144,1,2.10,0.014,0.246,0.084,STANCE,-0.0018,0.3472,0.0145,1,2.10,0.008,0.245,0.085,STANCE,-0.2969,-0.1880,0.0145,1,2.02,0.017,0.223,0.093,STANCE,-0.2992,0.1909,0.0145,1,2.02,0.060,0.204,0.110,STANCE
2.245,428,tripod,0.0003,0.0032,0.1801,0.0000,0.0001,-0.0000,-0.0000,0.0000,-0.0001,-0.0001,-0.0001,-0.0001,0.000,0.000,0.0000,0.0000,0.2997,-0.1845,0.0144,1,2.21,0.012,0.240,0.107,STANCE,0.2974,0.1945,0.0144,1,2.21,0.060,0.240,0.107,STANCE,0.0023,-0.3408,0.0144,1,2.10,0.013,0.246,0.083,STANCE,-0.0018,0.3472,0.0145,1,2.10,0.007,0.245,0.085,STANCE,-0.2969,-0.1880,0.0145,1,2.02,0.016,0.223,0.093,STANCE,-0.2992,0.1909,0.0145,1,2.02,0.060,0.204,0.110,STANCE
2.267,432,tripod,0.0003,0.0032,0.1801,0.0000,0.0001,-0.0000,-0.0000,0.0000,-0.0001,-0.0001,-0.0001,-0.0000,0.000,0.000,0.0000,0.0000,0.2997,-0.1845,0.0144,1,2.21,0.013,0.240,0.107,STANCE,0.2974,0.1945,0.0144,1,2.20,0.059,0.240,0.107,STANCE,0.0023,-0.3408,0.0144,1,2.10,0.013,0.245,0.084,STANCE,-0.0018,0.3472,0.0145,1,2.10,0.007,0.245,0.085,STANCE,-0.2969,-0.1880,0.0145,1,2.02,0.017,0.223,0.093,STANCE,-0.2992,0.1909,0.0145,1,2.02,0.058,0.204,0.110,STANCE
2.288,436,tripod,0.0003,0.0032,0.1801,0.0000,0.0001,-0.0000,-0.0000,0.0000,-0.0001,-0.0001,-0.0001,-0.0000,0.000,0.000,0.0000,0.0000,0.2997,-0.1845,0.0144,1,2.20,0.014,0.239,0.107,STANCE,0.2974,0.1945,0.0144,1,2.20,0.058,0.240,0.107,STANCE,0.0023,-0.3408,0.0144,1,2.10,0.013,0.245,0.084,STANCE,-0.0018,0.3472,0.0144,1,2.10,0.006,0.245,0.085,STANCE,-0.2969,-0.1880,0.0145,1,2.02,0.016,0.222,0.093,STANCE,-0.2992,0.1909,0.0145,1,2.02,0.057,0.204,0.110,STANCE
2.310,440,tripod,0.0003,0.0032,0.1801,0.0000,0.0001,-0.0000,-0.0000,0.0000,-0.0001,-0.0001,-0.0001,0.0001,0.000,0.000,0.0000,0.0000,0.2997,-0.1845,0.0144,1,2.20,0.012,0.239,0.107,STANCE,0.2974,0.1945,0.0144,1,2.20,0.060,0.239,0.107,STANCE,0.0023,-0.3408,0.0144,1,2.10,0.013,0.246,0.083,STANCE,-0.0018,0.3472,0.0144,1,2.10,0.006,0.245,0.085,STANCE,-0.2969,-0.1880,0.0145,1,2.02,0.015,0.223,0.093,STANCE,-0.2992,0.1909,0.0145,1,2.02,0.064,0.205,0.110,STANCE
2.331,444,tripod,0.0003,0.0032,0.1801,0.0000,0.0001,-0.0000,-0.0000,0.0000,-0.0001,-0.0001,-0.0001,0.0000,0.000,0.000,0.0000,0.0000,0.2997,-0.1845,0.0144,1,2.20,0.012,0.239,0.107,STANCE,0.2974,0.1945,0.0144,1,2.20,0.060,0.239,0.107,STANCE,0.0023,-0.3408,0.0144,1,2.10,0.013,0.246,0.083,STANCE,-0.0018,0.3472,0.0144,1,2.10,0.005,0.245,0.085,STANCE,-0.2969,-0.1880,0.0145,1,2.02,0.015,0.223,0.093,STANCE,-0.2992,0.1909,0.0145,1,2.03,0.064,0.205,0.110,STANCE
2.353,448,tripod,0.0003,0.0032,0.1801,0.0000,0.0001,-0.0000,-0.0000,0.0000,-0.0001,-0.0001,-0.0001,0.0000,0.000,0.000,0.0000,0.0000,0.2997,-0.1845,0.0144,1,2.20,0.013,0.239,0.107,STANCE,0.2974,0.1945,0.0144,1,2.20,0.059,0.239,0.107,STANCE,0.0023,-0.3408,0.0144,1,2.10,0.012,0.246,0.083,STANCE,-0.0018,0.3472,0.0144,1,2.11,0.005,0.245,0.085,STANCE,-0.2969,-0.1880,0.0145,1,2.02,0.015,0.223,0.093,STANCE,-0.2992,0.1909,0.0145,1,2.03,0.063,0.205,0.110,STANCE
2.374,452,tripod,0.0003,0.0032,0.1801,0.0000,0.0001,-0.0000,-0.0000,0.0000,-0.0001,-0.0001,-0.0001,0.0001,0.000,0.000,0.0000,0.0000,0.2997,-0.1845,0.0144,1,2.20,0.013,0.239,0.107,STANCE,0.2974,0.1945,0.0144,1,2.20,0.057,0.239,0.108,STANCE,0.0023,-0.3408,0.0144,1,2.10,0.013,0.246,0.083,STANCE,-0.0018,0.3472,0.0144,1,2.11,0.005,0.245,0.085,STANCE,-0.2969,-0.1880,0.0145,1,2.02,0.014,0.223,0.093,STANCE,-0.2992,0.1909,0.0145,1,2.03,0.064,0.206,0.110,STANCE
2.396,456,tripod,0.0003,0.0032,0.1801,0.0000,0.0001,-0.0000,-0.0000,0.0000,-0.0000,-0.0001,-0.0001,0.0000,0.000,0.000,0.0000,0.0000,0.2997,-0.1845,0.0144,1,2.20,0.013,0.239,0.107,STANCE,0.2974,0.1945,0.0144,1,2.20,0.057,0.239,0.108,STANCE,0.0023,-0.3408,0.0144,1,2.10,0.013,0.246,0.083,STANCE,-0.0018,0.3472,0.0144,1,2.11,0.005,0.246,0.085,STANCE,-0.2969,-0.1880,0.0145,1,2.03,0.014,0.223,0.093,STANCE,-0.2992,0.1909,0.0145,1,2.03,0.063,0.206,0.110,STANCE
2.417,460,tripod,0.0003,0.0032,0.1801,0.0000,0.0001,-0.0000,-0.0000,0.0000,-0.0000,-0.0000,-0.0001,0.0000,0.000,0.000,0.0000,0.0000,0.2997,-0.1845,0.0144,1,2.19,0.013,0.239,0.106,STANCE,0.2974,0.1945,0.0144,1,2.20,0.057,0.238,0.108,STANCE,0.0023,-0.3408,0.0144,1,2.10,0.013,0.246,0.083,STANCE,-0.0018,0.3472,0.0144,1,2.11,0.004,0.246,0.085,STANCE,-0.2969,-0.1880,0.0145,1,2.03,0.014,0.223,0.093,STANCE,-0.2992,0.1909,0.0145,1,2.03,0.063,0.206,0.110,STANCE
2.439,464,tripod,0.0003,0.0032,0.1801,0.0000,0.0001,-0.0000,-0.0000,0.0000,-0.0000,-0.0000,-0.0001,0.0000,0.000,0.000,0.0000,0.0000,0.2997,-0.1845,0.0144,1,2.19,0.013,0.239,0.106,STANCE,0.2974,0.1945,0.0144,1,2.20,0.059,0.239,0.107,STANCE,0.0023,-0.3408,0.0144,1,2.10,0.012,0.246,0.083,STANCE,-0.0018,0.3472,0.0144,1,2.11,0.004,0.246,0.085,STANCE,-0.2969,-0.1880,0.0145,1,2.03,0.014,0.223,0.093,STANCE,-0.2992,0.1909,0.0145,1,2.03,0.062,0.206,0.110,STANCE
2.460,468,tripod,0.0003,0.0032,0.1801,0.0000,0.0001,-0.0000,-0.0000,0.0000,-0.0000,-0.0000,-0.0001,0.0000,0.000,0.000,0.0000,0.0000,0.2997,-0.1845,0.0144,1,2.19,0.014,0.238,0.106,STANCE,0.2974,0.1945,0.0144,1,2.20,0.059,0.239,0.107,STANCE,0.0023,-0.3408,0.0144,1,2.10,0.011,0.246,0.083,STANCE,-0.0018,0.3472,0.0144,1,2.11,0.004,0.246,0.085,STANCE,-0.2969,-0.1880,0.0145,1,2.03,0.014,0.223,0.093,STANCE,-0.2992,0.1909,0.0145,1,2.03,0.061,0.206,0.110,STANCE
2.482,472,tripod,0.0003,0.0032,0.1801,0.0000,0.0001,-0.0000,-0.0000,0.0000,-0.0000,-0.0000,-0.0001,0.0000,0.000,0.000,0.0000,0.0000,0.2997,-0.1845,0.0144,1,2.19,0.013,0.238,0.106,STANCE,0.2974,0.1945,0.0144,1,2.20,0.060,0.238,0.107,STANCE,0.0023,-0.3408,0.0144,1,2.10,0.012,0.246,0.083,STANCE,-0.0018,0.3472,0.0144,1,2.11,0.003,0.246,0.085,STANCE,-0.2969,-0.1880,0.0145,1,2.03,0.013,0.224,0.093,STANCE,-0.2992,0.1909,0.0145,1,2.03,0.063,0.206,0.110,STANCE
2.503,476,tripod,0.0003,0.0032,0.1801,0.0000,0.0001,-0.0000,-0.0000,0.0000,-0.0000,-0.0001,-0.0001,0.0001,0.000,0.000,0.0000,0.0000,0.2997,-0.1845,0.0144,1,2.19,0.012,0.238,0.106,STANCE,0.2974,0.1945,0.0144,1,2.20,0.061,0.238,0.107,STANCE,0.0023,-0.3408,0.0144,1,2.10,0.011,0.246,0.083,STANCE,-0.0018,0.3472,0.0144,1,2.11,0.003,0.246,0.085,STANCE,-0.2969,-0.1880,0.0145,1,2.03,0.012,0.224,0.093,STANCE,-0.2992,0.1909,0.0145,1,2.04,0.065,0.206,0.110,STANCE
2.525,480,tripod,0.0003,0.0032,0.1801,0.0000,0.0001,-0.0000,-0.0000,0.0000,-0.0000,-0.0000,-0.0001,0.0000,0.000,0.000,0.0000,0.0000,0.2997,-0.1845,0.0144,1,2.19,0.013,0.238,0.106,STANCE,0.2974,0.1945,0.0144,1,2.20,0.057,0.238,0.107,STANCE,0.0023,-0.3408,0.0144,1,2.10,0.012,0.246,0.083,STANCE,-0.0018,0.3472,0.0144,1,2.11,0.003,0.246,0.085,STANCE,-0.2969,-0.1880,0.0145,1,2.03,0.013,0.224,0.093,STANCE,-0.2992,0.1909,0.0145,1,2.04,0.063,0.206,0.110,STANCE
2.547,484,tripod,0.0003,0.0032,0.1801,0.0000,0.0001,-0.0000,-0.0000,0.0000,-0.0000,-0.0001,-0.0001,0.0000,0.000,0.000,0.0000,0.0000,0.2997,-0.1845,0.0144,1,2.19,0.013,0.238,0.106,STANCE,0.2974,0.1945,0.0144,1,2.19,0.060,0.238,0.107,STANCE,0.0023,-0.3408,0.0144,1,2.10,0.011,0.246,0.083,STANCE,-0.0018,0.3472,0.0144,1,2.11,0.003,0.246,0.086,STANCE,-0.2969,-0.1880,0.0145,1,2.03,0.012,0.224,0.093,STANCE,-0.2992,0.1909,0.0145,1,2.04,0.064,0.206,0.111,STANCE
2.568,488,tripod,0.0003,0.0032,0.1801,0.0000,0.0001,-0.0000,-0.0000,0.0000,-0.0000,-0.0000,-0.0001,0.0000,0.000,0.000,0.0000,0.0000,0.2997,-0.1845,0.0144,1,2.19,0.014,0.238,0.106,STANCE,0.2974,0.1945,0.0144,1,2.19,0.055,0.238,0.107,STANCE,0.0023,-0.3408,0.0144,1,2.09,0.011,0.245,0.083,STANCE,-0.0018,0.3472,0.0144,1,2.11,0.003,0.247,0.085,STANCE,-0.2969,-0.1880,0.0145,1,2.03,0.013,0.224,0.094,STANCE,-0.2992,0.1909,0.0145,1,2.04,0.060,0.206,0.111,STANCE
2.589,492,tripod,0.0003,0.0032,0.1801,0.0000,0.0001,-0.0000,-0.0000,0.0000,-0.0000,-0.0000,-0.0001,0.0000,0.000,0.000,0.0000,0.0000,0.2997,-0.1845,0.0144,1,2.18,0.013,0.238,0.106,STANCE,0.2974,0.1945,0.0144,1,2.19,0.058,0.238,0.107,STANCE,0.0023,-0.3408,0.0144,1,2.09,0.011,0.246,0.083,STANCE,-0.0018,0.3472,0.0144,1,2.11,0.002,0.246,0.085,STANCE,-0.2969,-0.1880,0.0145,1,2.03,0.012,0.224,0.093,STANCE,-0.2992,0.1909,0.0145,1,2.04,0.063,0.207,0.111,STANCE
2.611,496,tripod,0.0003,0.0032,0.1801,0.0000,0.0001,-0.0000,-0.0000,0.0000,-0.0000,-0.0000,-0.0001,0.0000,0.000,0.000,0.0000,0.0000,0.2997,-0.1845,0.0144,1,2.18,0.014,0.238,0.105,STANCE,0.2974,0.1945,0.0144,1,2.19,0.060,0.238,0.107,STANCE,0.0023,-0.3408,0.0144,1,2.09,0.010,0.246,0.083,STANCE,-0.0018,0.3472,0.0144,1,2.11,0.002,0.246,0.085,STANCE,-0.2969,-0.1880,0.0145,1,2.03,0.012,0.224,0.094,STANCE,-0.2992,0.1909,0.0145,1,2.04,0.062,0.206,0.111,STANCE
2.633,500,tripod,0.0003,0.0032,0.1801,0.0000,0.0001,-0.0000,-0.0000,0.0000,-0.0000,-0.0001,-0.0001,-0.0001,0.000,0.000,0.0000,0.0000,0.2997,-0.1845,0.0144,1,2.18,0.013,0.238,0.105,STANCE,0.2974,0.1945,0.0144,1,2.19,0.062,0.238,0.107,STANCE,0.0023,-0.3408,0.0144,1,2.09,0.010,0.246,0.083,STANCE,-0.0018,0.3472,0.0144,1,2.11,0.002,0.246,0.086,STANCE,-0.2969,-0.1880,0.0145,1,2.03,0.011,0.224,0.093,STANCE,-0.2992,0.1909,0.0145,1,2.04,0.063,0.206,0.111,STANCE
2.654,504,tripod,0.0003,0.0032,0.1801,0.0000,0.0001,-0.0000,-0.0000,0.0000,-0.0000,-0.0000,-0.0001,0.0000,0.000,0.000,0.0000,0.0000,0.2997,-0.1845,0.0144,1,2.18,0.014,0.237,0.105,STANCE,0.2974,0.1945,0.0144,1,2.19,0.057,0.238,0.107,STANCE,0.0023,-0.3408,0.0144,1,2.09,0.010,0.245,0.083,STANCE,-0.0018,0.3472,0.0144,1,2.11,0.002,0.247,0.085,STANCE,-0.2969,-0.1880,0.0145,1,2.03,0.012,0.224,0.094,STANCE,-0.2992,0.1909,0.0145,1,2.04,0.060,0.206,0.111,STANCE
2.676,508,tripod,0.0003,0.0032,0.1801,-0.0000,0.0001,-0.0000,-0.0000,0.0000,-0.0000,-0.0000,-0.0001,0.0000,0.000,0.000,0.0000,0.0000,0.2997,-0.1845,0.0144,1,2.18,0.013,0.237,0.105,STANCE,0.2974,0.1945,0.0144,1,2.19,0.060,0.237,0.107,STANCE,0.0023,-0.3408,0.0144,1,2.09,0.011,0.246,0.083,STANCE,-0.0018,0.3472,0.0144,1,2.11,0.002,0.247,0.086,STANCE,-0.2969,-0.1880,0.0145,1,2.03,0.011,0.224,0.093,STANCE,-0.2992,0.1909,0.0145,1,2.04,0.064,0.207,0.111,STANCE
2.697,512,tripod,0.0003,0.0032,0.1801,-0.0000,0.0001,-0.0000,-0.0000,0.0000,-0.0000,-0.0000,-0.0001,0.0000,0.000,0.000,0.0000,0.0000,0.2997,-0.1845,0.0144,1,2.18,0.013,0.237,0.105,STANCE,0.2974,0.1945,0.0144,1,2.19,0.060,0.237,0.107,STANCE,0.0023,-0.3408,0.0144,1,2.09,0.010,0.246,0.083,STANCE,-0.0018,0.3472,0.0144,1,2.11,0.001,0.247,0.086,STANCE,-0.2969,-0.1880,0.0145,1,2.03,0.011,0.224,0.094,STANCE,-0.2992,0.1909,0.0145,1,2.05,0.063,0.207,0.111,STANCE
2.719,516,tripod,0.0003,0.0032,0.1801,-0.0000,0.0001,-0.0000,-0.0000,0.0000,-0.0000,-0.0001,-0.0001,-0.0001,0.000,0.000,0.0000,0.0000,0.2997,-0.1845,0.0144,1,2.18,0.013,0.237,0.105,STANCE,0.2974,0.1945,0.0144,1,2.19,0.063,0.238,0.107,STANCE,0.0023,-0.3408,0.0144,1,2.09,0.009,0.246,0.083,STANCE,-0.0018,0.3472,0.0144,1,2.11,0.001,0.247,0.086,STANCE,-0.2969,-0.1880,0.0145,1,2.03,0.010,0.224,0.094,STANCE,-0.2992,0.1909,0.0145,1,2.05,0.062,0.206,0.112,STANCE
2.740,520,tripod,0.0003,0.0032,0.1801,-0.0000,0.0001,-0.0000,-0.0000,0.0000,-0.0000,-0.0000,-0.0001,0.0000,0.000,0.000,0.0000,0.0000,0.2997,-0.1845,0.0144,1,2.18,0.013,0.237,0.105,STANCE,0.2974,0.1945,0.0144,1,2.19,0.059,0.237,0.107,STANCE,0.0023,-0.3408,0.0144,1,2.09,0.010,0.246,0.083,STANCE,-0.0018,0.3472,0.0144,1,2.11,0.001,0.247,0.086,STANCE,-0.2969,-0.1880,0.0145,1,2.04,0.011,0.225,0.094,STANCE,-0.2992,0.1909,0.0145,1,2.05,0.063,0.207,0.111,STANCE
2.762,524,tripod,0.0003,0.0032,0.1801,-0.0000,0.0001,-0.0000,-0.0000,0.0000,-0.0000,-0.0000,-0.0001,-0.0000,0.000,0.000,0.0000,0.0000,0.2997,-0.1845,0.0144,1,2.18,0.013,0.237,0.105,STANCE,0.2974,0.1945,0.0144,1,2.19,0.061,0.237,0.107,STANCE,0.0023,-0.3408,0.0144,1,2.09,0.010,0.246,0.083,STANCE,-0.0018,0.3472,0.0144,1,2.11,0.001,0.247,0.086,STANCE,-0.2969,-0.1880,0.0145,1,2.04,0.010,0.225,0.094,STANCE,-0.2992,0.1909,0.0145,1,2.05,0.062,0.207,0.112,STANCE
2.783,528,tripod,0.0003,0.0032,0.1801,-0.0000,0.0001,-0.0000,-0.0000,0.0000,-0.0000,-0.0001,-0.0001,-0.0001,0.000,0.000,0.0000,0.0000,0.2997,-0.1845,0.0144,1,2.18,0.013,0.237,0.105,STANCE,0.2974,0.1945,0.0144,1,2.19,0.063,0.237,0.107,STANCE,0.0023,-0.3408,0.0144,1,2.09,0.009,0.246,0.083,STANCE,-0.0018,0.3472,0.0144,1,2.11,0.001,0.247,0.086,STANCE,-0.2969,-0.1880,0.0145,1,2.04,0.010,0.224,0.094,STANCE,-0.2992,0.1909,0.0145,1,2.05,0.061,0.206,0.112,STANCE
2.805,532,tripod,0.0003,0.0032,0.1801,-0.0000,0.0001,-0.0000,-0.0000,0.0000,-0.0000,-0.0000,-0.0001,0.0000,0.000,0.000,0.0000,0.0000,0.2997,-0.1845,0.0144,1,2.17,0.012,0.237,0.105,STANCE,0.2974,0.1945,0.0144,1,2.19,0.059,0.236,0.107,STANCE,0.0023,-0.3408,0.0144,1,2.09,0.010,0.246,0.083,STANCE,-0.0018,0.3472,0.0144,1,2.11,0.001,0.247,0.086,STANCE,-0.2969,-0.1880,0.0145,1,2.04,0.010,0.225,0.094,STANCE,-0.2992,0.1909,0.0145,1,2.05,0.064,0.207,0.112,STANCE
2.826,536,tripod,0.0003,0.0032,0.1801,-0.0000,0.0001,-0.0000,-0.0000,-0.0000,-0.0000,-0.0001,-0.0001,-0.0000,0.000,0.000,0.0000,0.0000,0.2997,-0.1845,0.0144,1,2.17,0.011,0.237,0.104,STANCE,0.2974,0.1945,0.0144,1,2.19,0.064,0.237,0.107,STANCE,0.0023,-0.3408,0.0144,1,2.09,0.009,0.246,0.082,STANCE,-0.0018,0.3472,0.0144,1,2.12,0.000,0.247,0.086,STANCE,-0.2969,-0.1880,0.0145,1,2.04,0.008,0.225,0.093,STANCE,-0.2992,0.1909,0.0145,1,2.05,0.066,0.207,0.112,STANCE
2.848,540,tripod,0.0003,0.0032,0.1801,-0.0000,0.0001,-0.0000,-0.0000,0.0000,-0.0000,-0.0000,-0.0000,-0.0000,0.000,0.000,0.0000,0.0000,0.2997,-0.1845,0.0144,1,2.17,0.013,0.237,0.105,STANCE,0.2974,0.1945,0.0144,1,2.19,0.062,0.237,0.107,STANCE,0.0023,-0.3408,0.0144,1,2.09,0.008,0.246,0.082,STANCE,-0.0018,0.3472,0.0144,1,2.12,0.000,0.247,0.086,STANCE,-0.2969,-0.1880,0.0145,1,2.04,0.009,0.225,0.094,STANCE,-0.2992,0.1909,0.0145,1,2.05,0.059,0.206,0.113,STANCE
2.869,544,tripod,0.0003,0.0032,0.1801,-0.0000,0.0001,-0.0000,-0.0000,0.0000,-0.0000,-0.0001,-0.0000,0.0000,0.000,0.000,0.0000,0.0000,0.2997,-0.1845,0.0144,1,2.17,0.011,0.237,0.104,STANCE,0.2974,0.1945,0.0144,1,2.19,0.064,0.236,0.107,STANCE,0.0023,-0.3408,0.0144,1,2.09,0.009,0.246,0.082,STANCE,-0.0018,0.3472,0.0144,1,2.12,0.000,0.247,0.086,STANCE,-0.2969,-0.1880,0.0145,1,2.04,0.007,0.225,0.093,STANCE,-0.2992,0.1909,0.0145,1,2.05,0.066,0.207,0.112,STANCE
2.891,548,tripod,0.0003,0.0032,0.1801,-0.0000,0.0001,-0.0000,-0.0000,0.0000,-0.0000,-0.0001,-0.0000,0.0001,0.000,0.000,0.0000,0.0000,0.2997,-0.1845,0.0144,1,2.17,0.011,0.237,0.104,STANCE,0.2974,0.1945,0.0144,1,2.18,0.063,0.236,0.107,STANCE,0.0023,-0.3408,0.0144,1,2.09,0.009,0.246,0.082,STANCE,-0.0018,0.3472,0.0144,1,2.12,0.000,0.247,0.086,STANCE,-0.2969,-0.1880,0.0145,1,2.04,0.007,0.225,0.093,STANCE,-0.2992,0.1909,0.0144,1,2.05,0.066,0.207,0.112,STANCE
2.912,552,tripod,0.0003,0.0032,0.1801,-0.0000,0.0001,-0.0000,-0.0000,0.0000,-0.0000,-0.0000,-0.0000,0.0000,0.000,0.000,0.0000,0.0000,0.2997,-0.1845,0.0144,1,2.17,0.011,0.237,0.104,STANCE,0.2974,0.1945,0.0144,1,2.18,0.062,0.236,0.107,STANCE,0.0023,-0.3408,0.0144,1,2.09,0.009,0.246,0.082,STANCE,-0.0018,0.3472,0.0144,1,2.12,0.000,0.247,0.086,STANCE,-0.2969,-0.1880,0.0145,1,2.04,0.007,0.225,0.094,STANCE,-0.2992,0.1909,0.0144,1,2.05,0.065,0.207,0.112,STANCE
2.934,556,tripod,0.0003,0.0032,0.1801,-0.0000,0.0001,-0.0000,-0.0000,0.0000,-0.0000,-0.0000,-0.0000,0.0000,0.000,0.000,0.0000,0.0000,0.2997,-0.1845,0.0144,1,2.17,0.011,0.237,0.104,STANCE,0.2974,0.1945,0.0144,1,2.18,0.061,0.236,0.107,STANCE,0.0023,-0.3408,0.0144,1,2.09,0.009,0.246,0.082,STANCE,-0.0018,0.3472,0.0144,1,2.12,0.001,0.247,0.086,STANCE,-0.2969,-0.1880,0.0145,1,2.04,0.007,0.225,0.094,STANCE,-0.2992,0.1909,0.0144,1,2.06,0.065,0.207,0.112,STANCE
2.955,560,tripod,0.0003,0.0032,0.1801,-0.0000,0.0001,-0.0000,-0.0000,0.0000,-0.0000,-0.0000,-0.0000,0.0000,0.000,0.000,0.0000,0.0000,0.2997,-0.1845,0.0144,1,2.17,0.011,0.236,0.104,STANCE,0.2974,0.1945,0.0144,1,2.18,0.062,0.236,0.107,STANCE,0.0023,-0.3408,0.0144,1,2.09,0.008,0.246,0.082,STANCE,-0.0018,0.3472,0.0144,1,2.12,0.001,0.247,0.086,STANCE,-0.2969,-0.1880,0.0145,1,2.04,0.007,0.225,0.094,STANCE,-0.2992,0.1909,0.0144,1,2.06,0.063,0.207,0.113,STANCE
2.976,564,tripod,0.0003,0.0032,0.1801,-0.0000,0.0001,-0.0000,-0.0000,0.0000,-0.0000,0.0000,-0.0000,0.0000,0.000,0.000,0.0000,0.0000,0.2997,-0.1845,0.0144,1,2.17,0.012,0.236,0.104,STANCE,0.2974,0.1945,0.0144,1,2.18,0.057,0.236,0.107,STANCE,0.0023,-0.3408,0.0144,1,2.09,0.009,0.245,0.082,STANCE,-0.0018,0.3472,0.0144,1,2.12,0.000,0.248,0.086,STANCE,-0.2969,-0.1880,0.0145,1,2.04,0.008,0.225,0.094,STANCE,-0.2992,0.1909,0.0144,1,2.06,0.060,0.207,0.113,STANCE
2.998,568,tripod,0.0003,0.0032,0.1801,-0.0000,0.0001,-0.0000,-0.0000,0.0000,-0.0000,-0.0001,-0.0000,0.0001,0.000,0.000,0.0000,0.0000,0.2997,-0.1845,0.0144,1,2.17,0.010,0.236,0.104,STANCE,0.2974,0.1945,0.0144,1,2.18,0.064,0.236,0.107,STANCE,0.0023,-0.3408,0.0144,1,2.09,0.008,0.246,0.082,STANCE,-0.0018,0.3472,0.0144,1,2.12,0.001,0.247,0.087,STANCE,-0.2969,-0.1880,0.0145,1,2.04,0.006,0.226,0.093,STANCE,-0.2992,0.1909,0.0144,1,2.06,0.067,0.207,0.113,STANCE
3.019,572,tripod,0.0003,0.0032,0.1801,-0.0000,0.0001,-0.0000,-0.0000,0.0000,-0.0000,-0.0000,-0.0000,0.0000,0.000,0.000,0.0000,0.0000,0.2997,-0.1845,0.0144,1,2.17,0.010,0.236,0.104,STANCE,0.2974,0.1945,0.0144,1,2.18,0.061,0.235,0.108,STANCE,0.0023,-0.3408,0.0144,1,2.09,0.009,0.246,0.082,STANCE,-0.0018,0.3472,0.0144,1,2.12,0.001,0.247,0.087,STANCE,-0.2969,-0.1880,0.0145,1,2.04,0.006,0.226,0.094,STANCE,-0.2992,0.1909,0.0144,1,2.06,0.066,0.208,0.112,STANCE
3.041,576,tripod,0.0003,0.0032,0.1801,-0.0000,0.0001,-0.0000,-0.0000,-0.0000,-0.0000,-0.0001,-0.0001,-0.0001,0.000,0.000,0.0000,0.0000,0.2997,-0.1845,0.0144,1,2.16,0.011,0.236,0.104,STANCE,0.2974,0.1945,0.0144,1,2.18,0.064,0.236,0.107,STANCE,0.0023,-0.3408,0.0144,1,2.09,0.007,0.246,0.082,STANCE,-0.0018,0.3472,0.0144,1,2.12,0.001,0.247,0.087,STANCE,-0.2969,-0.1880,0.0145,1,2.04,0.006,0.225,0.094,STANCE,-0.2992,0.1909,0.0144,1,2.06,0.062,0.207,0.113,STANCE
3.062,580,tripod,0.0003,0.0032,0.1801,-0.0000,0.0001,-0.0000,-0.0000,0.0000,-0.0000,-0.0000,-0.0000,-0.0000,0.000,0.000,0.0000,0.0000,0.2997,-0.1845,0.0144,1,2.16,0.011,0.236,0.104,STANCE,0.2974,0.1945,0.0144,1,2.18,0.064,0.236,0.107,STANCE,0.0023,-0.3408,0.0144,1,2.09,0.007,0.246,0.082,STANCE,-0.0018,0.3472,0.0144,1,2.12,0.001,0.247,0.087,STANCE,-0.2969,-0.1880,0.0145,1,2.04,0.006,0.226,0.094,STANCE,-0.2992,0.1909,0.0144,1,2.06,0.062,0.207,0.113,STANCE
3.084,584,tripod,0.0003,0.0032,0.1801,-0.0000,0.0001,-0.0000,-0.0000,-0.0000,-0.0000,-0.0001,-0.0001,-0.0001,0.000,0.000,0.0000,0.0000,0.2997,-0.1845,0.0144,1,2.16,0.010,0.236,0.104,STANCE,0.2974,0.1945,0.0144,1,2.18,0.064,0.236,0.107,STANCE,0.0023,-0.3408,0.0144,1,2.09,0.007,0.246,0.082,STANCE,-0.0018,0.3472,0.0144,1,2.12,0.001,0.247,0.087,STANCE,-0.2969,-0.1880,0.0144,1,2.04,0.005,0.226,0.094,STANCE,-0.2992,0.1909,0.0144,1,2.06,0.063,0.207,0.114,STANCE
3.105,588,tripod,0.0003,0.0032,0.1801,-0.0000,0.0001,-0.0000,-0.0000,0.0000,-0.0000,0.0000,-0.0000,-0.0000,0.000,0.000,0.0000,0.0000,0.2997,-0.1845,0.0144,1,2.16,0.010,0.236,0.104,STANCE,0.2974,0.1945,0.0144,1,2.18,0.064,0.235,0.107,STANCE,0.0023,-0.3408,0.0144,1,2.09,0.007,0.246,0.082,STANCE,-0.0018,0.3472,0.0144,1,2.12,0.001,0.247,0.087,STANCE,-0.2969,-0.1880,0.0144,1,2.04,0.005,0.226,0.094,STANCE,-0.2992,0.1909,0.0144,1,2.06,0.062,0.207,0.113,STANCE
3.127,592,tripod,0.0003,0.0032,0.1801,-0.0000,0.0001,-0.0000,-0.0000,0.0000,-0.0000,0.0000,-0.0000,0.0000,0.000,0.000,0.0000,0.0000,0.2997,-0.1845,0.0144,1,2.16,0.011,0.236,0.104,STANCE,0.2974,0.1945,0.0144,1,2.18,0.062,0.235,0.107,STANCE,0.0023,-0.3408,0.0144,1,2.09,0.007,0.246,0.082,STANCE,-0.0018,0.3472,0.0144,1,2.12,0.001,0.248,0.087,STANCE,-0.2969,-0.1880,0.0144,1,2.04,0.005,0.226,0.094,STANCE,-0.2992,0.1909,0.0144,1,2.06,0.062,0.207,0.113,STANCE
3.148,596,tripod,0.0003,0.0032,0.1801,-0.0000,0.0001,-0.0000,-0.0000,0.0000,-0.0000,0.0000,-0.0000,0.0000,0.000,0.000,0.0000,0.0000,0.2997,-0.1845,0.0144,1,2.16,0.010,0.236,0.104,STANCE,0.2974,0.1945,0.0144,1,2.18,0.062,0.235,0.107,STANCE,0.0023,-0.3408,0.0144,1,2.09,0.007,0.246,0.082,STANCE,-0.0018,0.3472,0.0144,1,2.12,0.002,0.248,0.087,STANCE,-0.2969,-0.1880,0.0144,1,2.04,0.005,0.226,0.094,STANCE,-0.2992,0.1909,0.0144,1,2.06,0.062,0.207,0.113,STANCE
3.170,600,tripod,0.0003,0.0032,0.1801,-0.0000,0.0001,-0.0000,-0.0000,0.0000,-0.0000,-0.0000,-0.0000,0.0000,0.000,0.000,0.0000,0.0000,0.2997,-0.1845,0.0144,1,2.16,0.009,0.236,0.103,STANCE,0.2974,0.1945,0.0144,1,2.18,0.062,0.234,0.108,STANCE,0.0023,-0.3408,0.0144,1,2.09,0.008,0.246,0.082,STANCE,-0.0018,0.3472,0.0144,1,2.12,0.002,0.247,0.087,STANCE,-0.2969,-0.1880,0.0144,1,2.04,0.004,0.226,0.094,STANCE,-0.2992,0.1909,0.0144,1,2.06,0.066,0.208,0.113,STANCE
3.192,604,tripod,0.0003,0.0032,0.1801,-0.0000,0.0001,-0.0000,-0.0000,0.0000,-0.0000,0.0000,-0.0000,0.0000,0.000,0.000,0.0000,0.0000,0.2997,-0.1845,0.0144,1,2.16,0.009,0.236,0.103,STANCE,0.2974,0.1945,0.0144,1,2.18,0.064,0.235,0.107,STANCE,0.0023,-0.3408,0.0144,1,2.09,0.007,0.246,0.082,STANCE,-0.0018,0.3472,0.0144,1,2.12,0.002,0.247,0.087,STANCE,-0.2969,-0.1880,0.0144,1,2.04,0.003,0.226,0.094,STANCE,-0.2992,0.1909,0.0144,1,2.06,0.066,0.208,0.114,STANCE
3.213,608,tripod,0.0003,0.0032,0.1801,-0.0000,0.0001,-0.0000,-0.0000,0.0000,-0.0000,0.0000,-0.0000,0.0000,0.000,0.000,0.0000,0.0000,0.2997,-0.1845,0.0144,1,2.16,0.009,0.236,0.103,STANCE,0.2974,0.1945,0.0144,1,2.18,0.064,0.234,0.107,STANCE,0.0023,-0.3408,0.0144,1,2.09,0.007,0.246,0.082,STANCE,-0.0018,0.3472,0.0144,1,2.12,0.002,0.247,0.087,STANCE,-0.2969,-0.1880,0.0144,1,2.05,0.003,0.226,0.094,STANCE,-0.2992,0.1909,0.0144,1,2.06,0.066,0.208,0.113,STANCE
3.235,612,tripod,0.0003,0.0032,0.1801,-0.0000,0.0001,-0.0000,-0.0000,0.0000,-0.0000,-0.0001,-0.0000,0.0001,0.000,0.000,0.0000,0.0000,0.2997,-0.1845,0.0144,1,2.16,0.008,0.236,0.103,STANCE,0.2974,0.1945,0.0144,1,2.18,0.064,0.234,0.108,STANCE,0.0023,-0.3408,0.0144,1,2.09,0.007,0.246,0.082,STANCE,-0.0018,0.3472,0.0144,1,2.12,0.002,0.247,0.087,STANCE,-0.2969,-0.1880,0.0144,1,2.05,0.003,0.226,0.094,STANCE,-0.2992,0.1909,0.0144,1,2.07,0.067,0.208,0.113,STANCE
3.256,616,tripod,0.0003,0.0032,0.1801,-0.0000,0.0001,-0.0000,-0.0000,0.0000,-0.0000,0.0000,-0.0000,-0.0000,0.000,0.000,0.0000,0.0000,0.2997,-0.1845,0.0144,1,2.16,0.010,0.235,0.103,STANCE,0.2974,0.1945,0.0144,1,2.18,0.063,0.235,0.107,STANCE,0.0023,-0.3408,0.0144,1,2.09,0.007,0.246,0.082,STANCE,-0.0018,0.3472,0.0144,1,2.12,0.002,0.248,0.087,STANCE,-0.2969,-0.1880,0.0144,1,2.04,0.004,0.226,0.094,STANCE,-0.2992,0.1909,0.0144,1,2.07,0.060,0.207,0.114,STANCE
3.277,620,tripod,0.0003,0.0032,0.1801,-0.0000,0.0001,-0.0000,-0.0000,0.0000,-0.0000,0.0000,-0.0000,-0.0000,0.000,0.000,0.0000,0.0000,0.2997,-0.1845,0.0144,1,2.16,0.010,0.235,0.103,STANCE,0.2974,0.1945,0.0144,1,2.18,0.063,0.235,0.107,STANCE,0.0023,-0.3408,0.0144,1,2.09,0.007,0.246,0.082,STANCE,-0.0018,0.3472,0.0144,1,2.12,0.002,0.248,0.087,STANCE,-0.2969,-0.1880,0.0144,1,2.05,0.004,0.226,0.094,STANCE,-0.2992,0.1909,0.0144,1,2.07,0.062,0.207,0.114,STANCE
3.299,624,tripod,0.0003,0.0032,0.1801,-0.0000,0.0001,-0.0000,-0.0000,0.0000,-0.0000,0.0000,-0.0000,0.0000,0.000,0.000,0.0000,0.0000,0.2997,-0.1845,0.0144,1,2.16,0.009,0.235,0.103,STANCE,0.2974,0.1945,0.0144,1,2.17,0.063,0.234,0.107,STANCE,0.0023,-0.3408,0.0144,1,2.09,0.007,0.246,0.082,STANCE,-0.0018,0.3472,0.0144,1,2.12,0.002,0.248,0.087,STANCE,-0.2969,-0.1880,0.0144,1,2.05,0.003,0.226,0.094,STANCE,-0.2992,0.1909,0.0144,1,2.07,0.063,0.208,0.114,STANCE
3.320,628,tripod,0.0003,0.0032,0.1801,-0.0000,0.0001,-0.0000,-0.0000,0.0000,-0.0000,0.0000,-0.0000,0.0000,0.000,0.000,0.0000,0.0000,0.2997,-0.1845,0.0144,1,2.16,0.009,0.235,0.103,STANCE,0.2974,0.1945,0.0144,1,2.17,0.064,0.234,0.107,STANCE,0.0023,-0.3408,0.0144,1,2.09,0.007,0.246,0.082,STANCE,-0.0018,0.3472,0.0144,1,2.12,0.002,0.248,0.087,STANCE,-0.2969,-0.1880,0.0144,1,2.05,0.003,0.226,0.094,STANCE,-0.2992,0.1909,0.0144,1,2.07,0.064,0.208,0.114,STANCE
3.342,632,tripod,0.0003,0.0032,0.1801,-0.0000,0.0001,-0.0000,-0.0000,0.0000,-0.0000,0.0000,-0.0000,0.0000,0.000,0.000,0.0000,0.0000,0.2997,-0.1845,0.0144,1,2.15,0.008,0.235,0.103,STANCE,0.2974,0.1945,0.0144,1,2.17,0.064,0.234,0.107,STANCE,0.0023,-0.3408,0.0144,1,2.09,0.007,0.246,0.082,STANCE,-0.0018,0.3472,0.0144,1,2.12,0.002,0.248,0.087,STANCE,-0.2969,-0.1880,0.0144,1,2.05,0.002,0.227,0.094,STANCE,-0.2992,0.1909,0.0144,1,2.07,0.066,0.208,0.114,STANCE
3.363,636,tripod,0.0003,0.0032,0.1801,-0.0000,0.0001,-0.0000,-0.0000,0.0000,-0.0000,0.0000,-0.0000,0.0000,0.000,0.000,0.0000,0.0000,0.2997,-0.1845,0.0144,1,2.15,0.008,0.235,0.103,STANCE,0.2974,0.1945,0.0144,1,2.17,0.065,0.234,0.107,STANCE,0.0023,-0.3408,0.0144,1,2.09,0.007,0.246,0.081,STANCE,-0.0018,0.3472,0.0144,1,2.12,0.002,0.248,0.087,STANCE,-0.2969,-0.1880,0.0144,1,2.05,0.002,0.227,0.094,STANCE,-0.2992,0.1909,0.0144,1,2.07,0.067,0.208,0.114,STANCE
3.385,640,tripod,0.0003,0.0032,0.1801,-0.0000,0.0001,-0.0000,-0.0000,0.0000,-0.0000,-0.0001,-0.0000,0.0001,0.000,0.000,0.0000,0.0000,0.2997,-0.1845,0.0144,1,2.15,0.007,0.235,0.103,STANCE,0.2974,0.1945,0.0144,1,2.17,0.065,0.234,0.108,STANCE,0.0023,-0.3408,0.0144,1,2.09,0.007,0.246,0.081,STANCE,-0.0018,0.3472,0.0144,1,2.12,0.003,0.248,0.088,STANCE,-0.2969,-0.1880,0.0144,1,2.05,0.001,0.227,0.094,STANCE,-0.2992,0.1909,0.0144,1,2.07,0.068,0.208,0.114,STANCE
3.406,644,tripod,0.0003,0.0032,0.1801,-0.0000,0.0001,-0.0000,-0.0000,0.0000,0.0000,0.0000,-0.0000,-0.0000,0.000,0.000,0.0000,0.0000,0.2997,-0.1845,0.0144,1,2.15,0.009,0.235,0.103,STANCE,0.2974,0.1945,0.0144,1,2.17,0.064,0.234,0.107,STANCE,0.0023,-0.3408,0.0144,1,2.09,0.006,0.246,0.082,STANCE,-0.0018,0.3472,0.0144,1,2.12,0.002,0.248,0.087,STANCE,-0.2969,-0.1880,0.0144,1,2.05,0.003,0.226,0.094,STANCE,-0.2992,0.1909,0.0144,1,2.07,0.061,0.208,0.115,STANCE
3.427,648,tripod,0.0003,0.0032,0.1801,-0.0000,0.0001,-0.0000,-0.0000,0.0000,0.0000,0.0000,-0.0000,-0.0000,0.000,0.000,0.0000,0.0000,0.2997,-0.1845,0.0144,1,2.15,0.009,0.235,0.103,STANCE,0.2974,0.1945,0.0144,1,2.17,0.064,0.234,0.107,STANCE,0.0023,-0.3408,0.0144,1,2.09,0.006,0.246,0.082,STANCE,-0.0018,0.3472,0.0144,1,2.12,0.002,0.248,0.087,STANCE,-0.2969,-0.1880,0.0144,1,2.05,0.002,0.226,0.094,STANCE,-0.2992,0.1909,0.0144,1,2.07,0.061,0.208,0.115,STANCE
3.449,652,tripod,0.0003,0.0032,0.1801,-0.0000,0.0001,-0.0000,-0.0000,0.0000,0.0000,0.0000,-0.0000,-0.0000,0.000,0.000,0.0000,0.0000,0.2997,-0.1845,0.0144,1,2.15,0.008,0.235,0.103,STANCE,0.2974,0.1945,0.0144,1,2.17,0.064,0.234,0.107,STANCE,0.0023,-0.3408,0.0144,1,2.09,0.006,0.246,0.082,STANCE,-0.0018,0.3472,0.0144,1,2.13,0.002,0.248,0.087,STANCE,-0.2969,-0.1880,0.0144,1,2.05,0.002,0.227,0.094,STANCE,-0.2992,0.1909,0.0144,1,2.07,0.061,0.208,0.115,STANCE
3.470,656,tripod,0.0003,0.0032,0.1801,-0.0000,0.0001,-0.0000,-0.0000,0.0000,-0.0000,-0.0000,-0.0000,-0.0001,0.000,0.000,0.0000,0.0000,0.2997,-0.1845,0.0144,1,2.15,0.007,0.235,0.103,STANCE,0.2974,0.1945,0.0144,1,2.17,0.066,0.233,0.108,STANCE,0.0023,-0.3408,0.0144,1,2.09,0.007,0.246,0.081,STANCE,-0.0018,0.3472,0.0144,1,2.12,0.002,0.248,0.088,STANCE,-0.2969,-0.1880,0.0144,1,2.05,0.001,0.227,0.094,STANCE,-0.2992,0.1909,0.0144,1,2.07,0.068,0.208,0.114,STANCE
3.492,660,tripod,0.0003,0.0032,0.1801,-0.0000,0.0001,-0.0000,-0.0000,0.0000,0.0000,0.0000,-0.0000,0.0000,0.000,0.000,0.0000,0.0000,0.2997,-0.1845,0.0144,1,2.15,0.008,0.235,0.103,STANCE,0.2974,0.1945,0.0144,1,2.17,0.063,0.233,0.108,STANCE,0.0023,-0.3408,0.0144,1,2.09,0.007,0.246,0.081,STANCE,-0.0018,0.3472,0.0144,1,2.13,0.002,0.248,0.087,STANCE,-0.2969,-0.1880,0.0144,1,2.05,0.001,0.227,0.094,STANCE,-0.2992,0.1909,0.0144,1,2.07,0.065,0.208,0.114,STANCE
3.513,664,tripod,0.0003,0.0032,0.1801,-0.0000,0.0001,-0.0000,-0.0000,0.0000,-0.0000,0.0000,-0.0000,0.0000,0.000,0.000,0.0000,0.0000,0.2997,-0.1845,0.0144,1,2.15,0.007,0.235,0.103,STANCE,0.2974,0.1945,0.0144,1,2.17,0.063,0.233,0.108,STANCE,0.0023,-0.3408,0.0144,1,2.09,0.007,0.246,0.081,STANCE,-0.0018,0.3472,0.0144,1,2.13,0.003,0.248,0.087,STANCE,-0.2969,-0.1880,0.0144,1,2.05,0.001,0.227,0.094,STANCE,-0.2992,0.1909,0.0144,1,2.07,0.066,0.208,0.114,STANCE
3.535,668,tripod,0.0003,0.0032,0.1801,-0.0000,0.0001,-0.0000,-0.0000,0.0000,0.0000,0.0000,-0.0000,0.0000,0.000,0.000,0.0000,0.0000,0.2997,-0.1845,0.0144,1,2.15,0.008,0.234,0.103,STANCE,0.2974,0.1945,0.0144,1,2.17,0.060,0.233,0.108,STANCE,0.0023,-0.3408,0.0144,1,2.09,0.007,0.246,0.082,STANCE,-0.0018,0.3472,0.0144,1,2.13,0.002,0.248,0.087,STANCE,-0.2969,-0.1880,0.0144,1,2.05,0.002,0.227,0.094,STANCE,-0.2992,0.1909,0.0144,1,2.07,0.063,0.208,0.114,STANCE
3.556,672,tripod,0.0003,0.0032,0.1801,-0.0000,0.0000,-0.0000,-0.0000,0.0000,0.0000,0.0000,-0.0000,0.0000,0.000,0.000,0.0000,0.0000,0.2997,-0.1845,0.0144,1,2.15,0.007,0.234,0.103,STANCE,0.2974,0.1945,0.0144,1,2.17,0.063,0.233,0.108,STANCE,0.0023,-0.3408,0.0144,1,2.09,0.007,0.246,0.081,STANCE,-0.0018,0.3472,0.0144,1,2.13,0.003,0.248,0.087,STANCE,-0.2969,-0.1880,0.0144,1,2.05,0.001,0.227,0.094,STANCE,-0.2992,0.1909,0.0144,1,2.07,0.065,0.208,0.114,STANCE
3.577,676,tripod,0.0003,0.0032,0.1801,-0.0000,0.0000,-0.0000,-0.0000,0.0000,-0.0000,0.0000,-0.0000,0.0000,0.000,0.000,0.0000,0.0000,0.2997,-0.1845,0.0144,1,2.15,0.007,0.234,0.103,STANCE,0.2974,0.1945,0.0144,1,2.17,0.064,0.233,0.108,STANCE,0.0023,-0.3408,0.0144,1,2.09,0.007,0.246,0.081,STANCE,-0.0018,0.3472,0.0144,1,2.13,0.003,0.248,0.088,STANCE,-0.2969,-0.1880,0.0144,1,2.05,0.001,0.227,0.094,STANCE,-0.2992,0.1909,0.0144,1,2.07,0.066,0.209,0.114,STANCE
3.599,680,tripod,0.0003,0.0032,0.1801,-0.0000,0.0000,-0.0000,-0.0000,0.0000,0.0000,0.0000,-0.0000,0.0000,0.000,0.000,0.0000,0.0000,0.2997,-0.1845,0.0144,1,2.15,0.007,0.234,0.103,STANCE,0.2974,0.1945,0.0144,1,2.17,0.065,0.233,0.107,STANCE,0.0023,-0.3408,0.0144,1,2.09,0.006,0.246,0.081,STANCE,-0.0018,0.3472,0.0144,1,2.13,0.003,0.248,0.088,STANCE,-0.2969,-0.1880,0.0144,1,2.05,0.001,0.227,0.094,STANCE,-0.2992,0.1909,0.0144,1,2.07,0.065,0.208,0.115,STANCE
3.620,684,tripod,0.0003,0.0032,0.1801,-0.0000,0.0000,-0.0000,-0.0000,0.0000,-0.0000,-0.0000,-0.0000,-0.0001,0.000,0.000,0.0000,0.0000,0.2997,-0.1845,0.0144,1,2.15,0.007,0.234,0.103,STANCE,0.2974,0.1945,0.0144,1,2.17,0.066,0.233,0.107,STANCE,0.0023,-0.3408,0.0144,1,2.09,0.006,0.246,0.081,STANCE,-0.0018,0.3472,0.0144,1,2.13,0.003,0.248,0.088,STANCE,-0.2969,-0.1880,0.0144,1,2.05,0.000,0.228,0.094,STANCE,-0.2992,0.1909,0.0144,1,2.07,0.067,0.209,0.114,STANCE
3.642,688,tripod,0.0003,0.0032,0.1801,-0.0000,0.0000,-0.0000,-0.0000,-0.0000,0.0000,0.0000,-0.0000,0.0000,0.000,0.000,0.0000,0.0000,0.2997,-0.1845,0.0144,1,2.15,0.009,0.234,0.103,STANCE,0.2974,0.1945,0.0144,1,2.17,0.059,0.233,0.108,STANCE,0.0023,-0.3408,0.0144,1,2.08,0.007,0.246,0.082,STANCE,-0.0018,0.3472,0.0144,1,2.13,0.002,0.248,0.087,STANCE,-0.2969,-0.1880,0.0144,1,2.05,0.002,0.227,0.094,STANCE,-0.2992,0.1909,0.0144,1,2.08,0.060,0.208,0.115,STANCE
3.663,692,tripod,0.0003,0.0032,0.1801,-0.0000,0.0000,-0.0000,-0.0000,0.0000,0.0000,0.0000,-0.0000,0.0000,0.000,0.000,0.0000,0.0000,0.2997,-0.1845,0.0144,1,2.15,0.008,0.234,0.103,STANCE,0.2974,0.1945,0.0144,1,2.17,0.061,0.232,0.108,STANCE,0.0023,-0.3408,0.0144,1,2.09,0.007,0.246,0.082,STANCE,-0.0018,0.3472,0.0144,1,2.13,0.002,0.248,0.087,STANCE,-0.2969,-0.1880,0.0144,1,2.05,0.002,0.227,0.094,STANCE,-0.2992,0.1909,0.0144,1,2.08,0.064,0.209,0.114,STANCE
3.685,696,tripod,0.0003,0.0032,0.1801,-0.0000,0.0000,-0.0000,-0.0000,0.0000,0.0000,0.0000,-0.0000,0.0000,0.000,0.000,0.0000,0.0000,0.2997,-0.1845,0.0144,1,2.15,0.007,0.234,0.103,STANCE,0.2974,0.1945,0.0144,1,2.17,0.064,0.232,0.108,STANCE,0.0023,-0.3408,0.0144,1,2.09,0.007,0.246,0.081,STANCE,-0.0018,0.3472,0.0144,1,2.13,0.003,0.248,0.088,STANCE,-0.2969,-0.1880,0.0144,1,2.05,0.001,0.228,0.094,STANCE,-0.2992,0.1909,0.0144,1,2.08,0.067,0.209,0.114,STANCE
3.706,700,tripod,0.0003,0.0032,0.1801,-0.0000,0.0000,-0.0000,-0.0000,-0.0000,0.0000,0.0000,-0.0000,-0.0000,0.000,0.000,0.0000,0.0000,0.2997,-0.1845,0.0144,1,2.15,0.008,0.234,0.103,STANCE,0.2974,0.1945,0.0144,1,2.17,0.065,0.233,0.107,STANCE,0.0023,-0.3408,0.0144,1,2.09,0.006,0.246,0.081,STANCE,-0.0018,0.3472,0.0144,1,2.13,0.003,0.248,0.087,STANCE,-0.2969,-0.1880,0.0144,1,2.05,0.001,0.227,0.094,STANCE,-0.2992,0.1909,0.0144,1,2.08,0.061,0.208,0.115,STANCE
3.728,704,tripod,0.0003,0.0032,0.1801,-0.0000,0.0000,-0.0000,-0.0000,0.0000,0.0000,0.0000,-0.0000,0.0000,0.000,0.000,0.0000,0.0000,0.2997,-0.1845,0.0144,1,2.14,0.008,0.234,0.103,STANCE,0.2974,0.1945,0.0144,1,2.17,0.061,0.232,0.108,STANCE,0.0023,-0.3408,0.0144,1,2.09,0.007,0.246,0.082,STANCE,-0.0018,0.3472,0.0144,1,2.13,0.003,0.248,0.087,STANCE,-0.2969,-0.1880,0.0144,1,2.05,0.001,0.228,0.094,STANCE,-0.2992,0.1909,0.0144,1,2.08,0.064,0.209,0.114,STANCE
3.750,708,tripod,0.0003,0.0032,0.1801,-0.0000,0.0000,-0.0000,-0.0000,0.0000,0.0000,-0.0000,-0.0000,-0.0000,0.000,0.000,0.0000,0.0000,0.2997,-0.1845,0.0144,1,2.14,0.007,0.234,0.102,STANCE,0.2974,0.1945,0.0144,1,2.16,0.066,0.232,0.107,STANCE,0.0023,-0.3408,0.0144,1,2.09,0.006,0.246,0.081,STANCE,-0.0018,0.3472,0.0144,1,2.13,0.003,0.248,0.088,STANCE,-0.2969,-0.1880,0.0144,1,2.06,0.000,0.228,0.094,STANCE,-0.2992,0.1909,0.0144,1,2.08,0.067,0.209,0.115,STANCE
3.771,712,tripod,0.0012,0.0033,0.1801,-0.0003,-0.0009,0.0000,0.1670,0.0134,0.0204,-0.0539,-0.1307,-0.0170,1.000,0.000,0.0000,0.0000,0.2994,-0.1845,0.0147,0,0.00,0.227,0.053,0.027,STANCE,0.2994,0.1930,0.0190,0,0.00,0.260,0.125,0.092,SWING,0.0028,-0.3411,0.0189,0,0.00,0.049,0.117,0.110,SWING,-0.0018,0.3472,0.0144,1,2.50,0.192,0.614,0.200,STANCE,-0.2969,-0.1880,0.0143,1,10.85,1.188,1.291,2.907,STANCE,-0.2978,0.1928,0.0186,0,0.00,0.204,0.158,0.110,SWING
3.791,716,tripod,0.0054,0.0036,0.1803,-0.0008,-0.0019,0.0004,0.2803,0.0130,-0.0196,0.0533,0.1210,0.1169,1.000,0.000,0.0000,0.0000,0.3000,-0.1843,0.0153,0,0.00,0.204,0.009,0.003,STANCE,0.3053,0.1909,0.0312,0,0.00,0.270,0.040,0.116,SWING,0.0108,-0.3412,0.0310,0,0.00,0.189,0.063,0.107,SWING,-0.0016,0.3473,0.0144,1,2.17,1.196,0.039,0.342,STANCE,-0.2965,-0.1879,0.0142,0,0.00,0.219,0.046,0.015,STANCE,-0.2925,0.1957,0.0299,0,0.00,0.293,0.203,0.088,SWING
3.812,720,tripod,0.0094,0.0037,0.1805,-0.0016,-0.0020,0.0002,0.2276,-0.0097,0.0111,-0.0648,0.0704,0.0536,1.000,0.000,0.0000,0.0000,0.3002,-0.1842,0.0146,1,6.41,2.439,1.645,0.512,STANCE,0.3102,0.1888,0.0429,0,0.00,0.156,0.028,0.133,SWING,0.0196,-0.3406,0.0430,0,0.00,0.346,0.175,0.091,SWING,-0.0014,0.3474,0.0143,1,9.17,2.940,1.471,0.110,STANCE,-0.2963,-0.1878,0.0144,0,0.00,0.162,0.168,0.058,STANCE,-0.2866,0.1978,0.0416,0,0.00,0.311,0.207,0.089,SWING
3.832,724,tripod,0.0135,0.0036,0.1805,-0.0018,-0.0018,0.0003,0.2302,-0.0029,0.0069,-0.0443,0.0900,-0.0029,1.000,0.000,0.0000,0.0000,0.3003,-0.1843,0.0146,1,9.64,2.403,1.472,0.135,STANCE,0.3141,0.1862,0.0544,0,0.00,0.198,0.041,0.132,SWING,0.0284,-0.3393,0.0547,0,0.00,0.358,0.181,0.097,SWING,-0.0015,0.3473,0.0143,1,7.02,2.940,2.167,0.861,STANCE,-0.2963,-0.1881,0.0145,0,0.00,0.111,0.151,0.038,STANCE,-0.2803,0.1992,0.0532,0,0.00,0.291,0.191,0.085,SWING
3.853,728,tripod,0.0176,0.0036,0.1805,-0.0020,-0.0014,0.0001,0.2399,-0.0085,0.0010,-0.0239,0.0468,0.0057,1.000,0.000,0.0000,0.0000,0.3003,-0.1844,0.0145,1,6.16,2.589,2.763,1.584,STANCE,0.3175,0.1834,0.0658,0,0.00,0.124,0.080,0.122,SWING,0.0370,-0.3369,0.0664,0,0.00,0.315,0.161,0.094,SWING,-0.0015,0.3473,0.0142,1,7.82,2.940,2.583,1.112,STANCE,-0.2962,-0.1880,0.0148,0,0.00,0.147,0.124,0.061,STANCE,-0.2731,0.2005,0.0648,0,0.00,0.266,0.154,0.097,SWING
3.874,732,tripod,0.0217,0.0035,0.1806,-0.0021,-0.0011,0.0001,0.2221,-0.0145,-0.0061,0.0059,0.0091,-0.0115,1.000,0.000,0.0000,0.0000,0.3003,-0.1844,0.0144,1,6.26,2.099,2.908,1.692,STANCE,0.3205,0.1806,0.0770,0,0.00,0.149,0.126,0.055,SWING,0.0454,-0.3338,0.0778,0,0.00,0.279,0.151,0.097,SWING,-0.0015,0.3473,0.0142,1,7.12,2.940,2.402,1.062,STANCE,-0.2962,-0.1881,0.0150,1,0.85,0.553,0.123,0.194,STANCE,-0.2653,0.2014,0.0763,0,0.00,0.272,0.163,0.096,SWING
3.894,736,tripod,0.0256,0.0034,0.1805,-0.0022,-0.0009,0.0003,0.2270,-0.0113,0.0013,-0.0298,0.0611,0.0464,1.000,0.000,0.0000,0.0000,0.3003,-0.1845,0.0144,1,7.44,2.277,2.149,0.808,STANCE,0.3326,0.1825,0.0882,0,0.00,0.169,0.027,0.051,SWING,0.0535,-0.3299,0.0889,0,0.00,0.291,0.152,0.100,SWING,-0.0016,0.3471,0.0141,1,6.40,2.860,2.604,1.369,STANCE,-0.2962,-0.1883,0.0150,0,0.00,0.133,0.157,0.065,STANCE,-0.2569,0.2018,0.0874,0,0.00,0.281,0.172,0.091,SWING
3.915,740,tripod,0.0297,0.0034,0.1805,-0.0023,-0.0008,0.0001,0.2215,-0.0130,-0.0034,-0.0149,0.0301,0.0343,1.000,0.000,0.0000,0.0000,0.3003,-0.1846,0.0144,1,7.42,1.904,2.372,1.017,STANCE,0.3471,0.1854,0.1004,0,0.00,0.221,0.030,0.050,SWING,0.0613,-0.3252,0.0998,0,0.00,0.215,0.155,0.097,SWING,-0.0015,0.3471,0.0141,1,6.70,2.940,2.430,1.156,STANCE,-0.2963,-0.1884,0.0150,0,0.00,0.212,0.087,0.013,STANCE,-0.2477,0.2018,0.0983,0,0.00,0.336,0.157,0.094,SWING
3.936,744,tripod,0.0339,0.0033,0.1805,-0.0023,-0.0007,0.0001,0.2474,-0.0061,0.0023,-0.0557,0.0860,0.0321,1.000,0.000,0.0000,0.0000,0.3004,-0.1847,0.0143,1,6.56,2.501,2.940,1.657,STANCE,0.3614,0.1881,0.1140,0,0.00,0.116,0.003,0.056,SWING,0.0702,-0.3268,0.1103,0,0.00,0.277,0.163,0.008,SWING,-0.0014,0.3470,0.0141,1,6.86,2.940,2.940,1.599,STANCE,-0.2961,-0.1884,0.0149,0,0.00,0.142,0.161,0.059,STANCE,-0.2379,0.2013,0.1089,0,0.00,0.255,0.146,0.098,SWING
3.957,748,tripod,0.0379,0.0032,0.1805,-0.0023,-0.0007,0.0003,0.2249,-0.0047,0.0070,-0.0427,0.0969,0.0207,1.000,0.000,0.0000,0.0000,0.3005,-0.1847,0.0142,1,9.75,2.194,1.621,0.028,STANCE,0.3754,0.1907,0.1292,0,0.00,0.145,0.014,0.065,SWING,0.0798,-0.3325,0.1211,0,0.00,0.309,0.146,0.018,SWING,-0.0014,0.3469,0.0140,1,5.91,2.569,2.732,1.561,STANCE,-0.2960,-0.1886,0.0149,0,0.00,0.069,0.194,0.067,STANCE,-0.2275,0.2004,0.1191,0,0.00,0.231,0.166,0.088,SWING
3.977,752,tripod,0.0418,0.0031,0.1805,-0.0022,-0.0011,0.0002,0.2355,-0.0103,0.0102,-0.0642,0.1146,0.0345,1.000,0.000,0.0000,0.0000,0.3005,-0.1848,0.0144,1,6.06,1.945,1.816,0.665,STANCE,0.3880,0.1924,0.1402,0,0.00,0.125,0.102,0.017,SWING,0.0896,-0.3384,0.1328,0,0.00,0.251,0.114,0.017,SWING,-0.0014,0.3468,0.0141,1,6.54,2.450,2.354,1.114,STANCE,-0.2961,-0.1887,0.0147,0,0.00,0.122,0.222,0.065,STANCE,-0.2168,0.1990,0.1289,0,0.00,0.238,0.192,0.092,SWING
3.997,756,tripod,0.0458,0.0030,0.1806,-0.0026,-0.0005,0.0004,0.2140,-0.0102,-0.0078,0.0036,0.0159,0.0011,1.000,0.000,0.0000,0.0000,0.3004,-0.1849,0.0144,1,10.12,1.430,1.445,0.242,STANCE,0.3972,0.1925,0.1328,0,0.00,0.173,0.272,0.033,SWING,0.0990,-0.3409,0.1335,0,0.00,0.252,0.287,0.031,SWING,-0.0016,0.3466,0.0141,1,6.62,2.022,2.367,1.110,STANCE,-0.2962,-0.1890,0.0153,0,0.00,0.107,0.101,0.019,STANCE,-0.2034,0.1954,0.1312,0,0.00,0.237,0.326,0.061,SWING
4.018,760,tripod,0.0498,0.0030,0.1807,-0.0028,-0.0001,-0.0002,0.2295,-0.0031,-0.0072,0.0184,0.0332,-0.0255,1.000,0.000,0.0000,0.0000,0.3003,-0.1851,0.0144,1,8.34,0.474,2.940,1.338,STANCE,0.4060,0.1923,0.1274,0,0.00,0.177,0.053,0.000,SWING,0.1076,-0.3412,0.1289,0,0.00,0.209,0.126,0.013,SWING,-0.0015,0.3466,0.0140,1,5.41,2.940,1.737,0.736,STANCE,-0.2963,-0.1889,0.0150,1,3.28,2.077,0.138,0.285,STANCE,-0.1909,0.1926,0.1272,0,0.00,0.212,0.199,0.032,SWING
4.036,764,tripod,0.0534,0.0029,0.1790,-0.0018,0.0002,-0.0012,0.2200,-0.0032,-0.1813,0.0543,-0.0196,-0.0589,1.000,0.000,0.0000,0.0000,0.3084,-0.1848,0.0183,0,0.00,0.263,0.175,0.068,SWING,0.4142,0.1944,0.1168,0,0.00,0.062,0.085,0.102,STANCE,0.1111,-0.3467,0.1182,0,0.00,0.188,0.107,0.096,STANCE,0.0079,0.3472,0.0187,0,0.00,0.456,0.071,0.098,SWING,-0.2909,-0.1900,0.0196,0,0.00,0.179,0.062,0.108,SWING,-0.1912,0.1953,0.1173,0,0.00,0.121,0.107,0.097,STANCE
4.054,768,tripod,0.0571,0.0029,0.1745,-0.0010,0.0001,-0.0021,0.2210,-0.0030,-0.3441,0.0511,-0.0178,-0.0512,1.000,0.000,0.0000,0.0000,0.3155,-0.1818,0.0255,0,0.00,0.265,0.109,0.101,SWING,0.4214,0.1972,0.1020,0,0.00,0.078,0.086,0.102,STANCE,0.1118,-0.3529,0.1034,0,0.00,0.223,0.105,0.097,STANCE,0.0204,0.3491,0.0264,0,0.00,0.483,0.098,0.105,SWING,-0.2863,-0.1932,0.0268,0,0.00,0.199,0.077,0.108,SWING,-0.1931,0.1970,0.1028,0,0.00,0.136,0.110,0.096,STANCE
4.073,772,tripod,0.0607,0.0028,0.1672,-0.0001,0.0000,-0.0029,0.2211,-0.0021,-0.5063,0.0528,-0.0141,-0.0433,1.000,0.000,0.0000,0.0000,0.3215,-0.1783,0.0301,0,0.00,0.253,0.106,0.101,SWING,0.4280,0.1999,0.0842,0,0.00,0.084,0.091,0.101,STANCE,0.1120,-0.3584,0.0855,0,0.00,0.236,0.104,0.097,STANCE,0.0333,0.3500,0.0314,0,0.00,0.487,0.097,0.105,SWING,-0.2808,-0.1964,0.0314,0,0.00,0.216,0.083,0.107,SWING,-0.1944,0.1982,0.0853,0,0.00,0.138,0.109,0.095,STANCE
4.091,776,tripod,0.0644,0.0028,0.1572,0.0007,-0.0001,-0.0035,0.2213,-0.0012,-0.6683,0.0540,-0.0107,-0.0370,1.000,0.000,0.0000,0.0000,0.3266,-0.1745,0.0320,0,0.00,0.240,0.103,0.101,SWING,0.4339,0.2023,0.0635,0,0.00,0.089,0.096,0.100,STANCE,0.1118,-0.3632,0.0646,0,0.00,0.247,0.103,0.097,STANCE,0.0462,0.3497,0.0337,0,0.00,0.485,0.097,0.105,SWING,-0.2744,-0.1994,0.0332,0,0.00,0.231,0.089,0.106,SWING,-0.1952,0.1990,0.0649,0,0.00,0.138,0.107,0.095,STANCE
4.109,780,tripod,0.0680,0.0028,0.1446,0.0016,-0.0002,-0.0040,0.2215,-0.0004,-0.8300,0.0544,-0.0072,-0.0326,1.000,0.000,0.0000,0.0000,0.3309,-0.1705,0.0311,0,0.00,0.225,0.100,0.101,SWING,0.4390,0.2046,0.0400,0,0.00,0.094,0.100,0.099,STANCE,0.1112,-0.3671,0.0407,0,0.00,0.255,0.103,0.097,STANCE,0.0591,0.3483,0.0332,0,0.00,0.479,0.096,0.106,SWING,-0.2672,-0.2022,0.0322,0,0.00,0.245,0.095,0.105,SWING,-0.1953,0.1994,0.0415,0,0.00,0.136,0.105,0.095,STANCE
4.128,784,tripod,0.0715,0.0029,0.1295,0.0021,-0.0016,-0.0043,0.1310,0.0206,-0.8800,-0.2148,-0.6724,0.0641,1.000,0.000,0.0000,0.0000,0.3393,-0.1692,0.0258,0,0.00,0.202,0.685,0.090,SWING,0.4433,0.2065,0.0135,1,47.45,1.179,2.940,2.940,STANCE,0.1103,-0.3701,0.0139,1,47.79,0.761,2.940,2.940,STANCE,0.0719,0.3457,0.0298,0,0.00,0.880,0.085,0.115,SWING,-0.2591,-0.2049,0.0283,0,0.00,0.341,0.027,0.107,SWING,-0.1948,0.1994,0.0153,0,0.00,0.096,0.389,0.097,STANCE
4.149,788,tripod,0.0720,0.0030,0.1255,0.0054,-0.0120,-0.0057,-0.0410,-0.0066,0.2550,0.2194,-0.7023,-0.1839,1.000,0.000,0.0000,0.0000,0.3450,-0.1787,0.0281,0,0.00,0.085,0.244,0.076,SWING,0.4433,0.2065,0.0129,1,18.35,2.940,2.940,0.497,STANCE,0.1102,-0.3700,0.0133,1,29.55,2.940,2.940,2.940,STANCE,0.0623,0.3436,0.0326,0,0.00,0.082,0.139,0.122,SWING,-0.2609,-0.1917,0.0181,0,0.00,0.401,0.360,0.107,SWING,-0.1947,0.1992,0.0111,1,31.05,0.293,2.940,2.940,STANCE
4.169,792,tripod,0.0745,0.0044,0.1351,0.0033,-0.0121,-0.0042,0.2321,0.1318,0.7167,0.0784,-0.1911,0.5372,1.000,0.000,0.0000,0.0000,0.3444,-0.1857,0.0263,0,0.00,0.369,0.435,0.142,SWING,0.4406,0.2070,0.0131,1,5.09,2.940,2.940,2.222,STANCE,0.1102,-0.3701,0.0129,1,10.66,2.940,1.343,0.795,STANCE,0.0492,0.3468,0.0296,0,0.00,0.420,0.030,0.101,SWING,-0.2568,-0.1864,0.0161,0,0.00,0.186,0.296,0.206,SWING,-0.1947,0.1992,0.0109,1,7.99,0.841,2.940,1.739,STANCE
4.190,796,tripod,0.0793,0.0066,0.1475,0.0054,-0.0209,0.0050,0.3127,0.1302,0.7768,0.1873,-0.3481,0.2164,1.000,0.000,0.0000,0.0000,0.3505,-0.1785,0.0466,0,0.00,0.327,0.125,0.108,SWING,0.4347,0.2095,0.0137,1,2.45,0.602,1.337,0.856,STANCE,0.1101,-0.3699,0.0129,1,1.26,0.944,0.404,0.005,STANCE,0.0504,0.3487,0.0478,0,0.00,0.360,0.093,0.114,SWING,-0.2464,-0.1872,0.0311,0,0.00,0.135,0.106,0.094,SWING,-0.1938,0.1987,0.0111,1,1.64,0.956,0.595,0.187,STANCE
4.211,800,tripod,0.0833,0.0081,0.1596,0.0061,-0.0235,0.0052,0.2063,0.0755,0.7134,-0.0155,-0.0113,0.0646,1.000,0.000,0.0000,0.0000,0.3545,-0.1752,0.0641,0,0.00,0.218,0.141,0.103,SWING,0.4307,0.2104,0.0144,1,6.33,0.079,2.940,2.288,STANCE,0.1106,-0.3696,0.0136,1,4.81,0.018,2.940,2.017,STANCE,0.0554,0.3509,0.0619,0,0.00,0.445,0.135,0.103,SWING,-0.2402,-0.1857,0.0443,0,0.00,0.114,0.125,0.108,SWING,-0.1912,0.1988,0.0113,1,5.35,0.293,2.897,1.867,STANCE
4.231,804,tripod,0.0870,0.0093,0.1718,0.0068,-0.0249,0.0059,0.2332,0.0927,0.7437,0.0087,-0.1864,0.1745,1.000,0.000,0.0000,0.0000,0.3569,-0.1709,0.0847,0,0.00,0.664,0.060,0.124,SWING,0.4263,0.2108,0.0151,0,0.00,0.057,0.205,0.058,STANCE,0.1106,-0.3643,0.0148,1,1.95,0.064,0.273,0.017,STANCE,0.0587,0.3512,0.0770,0,0.00,0.500,0.008,0.105,SWING,-0.2362,-0.1833,0.0589,0,0.00,0.160,0.011,0.123,SWING,-0.1886,0.1978,0.0119,1,2.37,0.131,1.500,0.854,STANCE
4.252,808,tripod,0.0902,0.0107,0.1829,0.0080,-0.0241,0.0069,0.1649,0.0855,0.6160,0.0302,0.3273,0.0122,1.000,0.000,0.0000,0.0000,0.3612,-0.1726,0.0929,0,0.00,0.158,0.103,0.032,SWING,0.4197,0.2105,0.0149,1,1.03,0.020,1.156,0.885,STANCE,0.1104,-0.3549,0.0152,0,0.00,0.390,1.433,0.757,STANCE,0.0598,0.3537,0.0859,0,0.00,0.394,0.129,0.073,SWING,-0.2326,-0.1823,0.0673,0,0.00,0.120,0.108,0.100,SWING,-0.1877,0.1976,0.0119,1,2.52,0.219,1.519,0.783,STANCE
4.272,812,tripod,0.0932,0.0121,0.1925,0.0041,-0.0127,0.0072,0.2401,0.0584,0.5514,-0.6242,0.9636,0.1141,1.000,0.000,0.0000,0.0000,0.3618,-0.1659,0.1111,0,0.00,0.242,0.225,0.095,SWING,0.4098,0.2085,0.0162,0,0.00,0.230,0.102,0.078,STANCE,0.1083,-0.3448,0.0148,1,0.83,0.417,0.808,0.610,STANCE,0.0672,0.3527,0.1034,0,0.00,0.493,0.034,0.119,SWING,-0.2280,-0.1816,0.0893,0,0.00,0.552,0.104,0.103,SWING,-0.1853,0.1949,0.0125,0,0.00,0.159,0.253,0.190,STANCE
4.290,816,tripod,0.0968,0.0135,0.2000,-0.0085,-0.0083,0.0120,0.1938,0.0811,0.3300,-0.6478,0.1853,0.2379,1.000,0.000,0.0000,0.0000,0.3664,-0.1701,0.1140,0,0.00,0.089,0.131,0.083,SWING,0.4005,0.2057,0.0172,0,0.00,0.138,0.170,0.017,STANCE,0.1077,-0.3332,0.0218,0,0.00,0.192,0.126,0.000,STANCE,0.0620,0.3548,0.0994,0,0.00,0.273,0.065,0.085,SWING,-0.2272,-0.1819,0.0942,0,0.00,0.119,0.032,0.061,SWING,-0.1904,0.1939,0.0157,0,0.00,0.134,0.045,0.108,STANCE
4.309,820,tripod,0.1000,0.0148,0.2039,-0.0192,-0.0054,0.0157,0.1870,0.0773,0.1674,-0.6337,0.2036,0.2198,1.000,0.000,0.0000,0.0000,0.3692,-0.1641,0.1301,0,0.00,0.193,0.078,0.103,SWING,0.3969,0.2063,0.0162,0,0.00,0.154,0.120,0.034,STANCE,0.1085,-0.3327,0.0276,0,0.00,0.189,0.088,0.018,STANCE,0.0713,0.3522,0.1112,0,0.00,0.465,0.093,0.103,SWING,-0.2192,-0.1841,0.1128,0,0.00,0.178,0.116,0.104,SWING,-0.1980,0.1942,0.0174,0,0.00,0.151,0.074,0.092,STANCE
4.328,824,tripod,0.1030,0.0160,0.2054,-0.0289,-0.0060,0.0165,0.1814,0.0649,0.0167,-0.6497,-0.0282,-0.0432,1.000,0.000,0.0000,0.0000,0.3795,-0.1624,0.1430,0,0.00,0.178,0.113,0.067,SWING,0.3956,0.2075,0.0158,0,0.00,0.158,0.275,0.083,STANCE,0.1093,-0.3332,0.0303,0,0.00,0.197,0.049,0.014,STANCE,0.0828,0.3490,0.1206,0,0.00,0.467,0.127,0.101,SWING,-0.2104,-0.1854,0.1274,0,0.00,0.185,0.058,0.111,SWING,-0.2015,0.1928,0.0151,0,0.00,0.177,0.014,0.000,STANCE
4.347,828,tripod,0.1080,0.0164,0.2057,-0.0357,0.0006,0.0141,0.3263,0.0291,-0.0032,-0.4826,0.2279,-0.0284,1.000,0.000,0.0000,0.0000,0.3893,-0.1689,0.1504,0,0.00,0.103,0.063,0.113,SWING,0.3943,0.2067,0.0172,0,0.00,0.172,0.054,0.015,STANCE,0.1094,-0.3341,0.0308,0,0.00,0.106,0.053,0.014,STANCE,0.0822,0.3488,0.1267,0,0.00,0.082,0.127,0.060,SWING,-0.2095,-0.1794,0.1338,0,0.00,0.280,0.081,0.101,SWING,-0.2021,0.1915,0.0160,0,0.00,0.193,0.155,0.025,STANCE
4.366,832,tripod,0.1124,0.0163,0.2045,-0.0366,-0.0009,0.0111,0.1925,-0.0971,-0.0476,0.4718,0.0462,-0.1737,1.000,0.000,0.0000,0.0000,0.3896,-0.1719,0.1476,0,0.00,0.291,0.148,0.112,SWING,0.3947,0.2061,0.0145,1,22.21,2.517,0.545,2.577,STANCE,0.1105,-0.3346,0.0283,0,0.00,0.095,0.102,0.027,STANCE,0.0812,0.3531,0.1218,0,0.00,0.344,0.476,0.117,SWING,-0.2069,-0.1799,0.1304,0,0.00,0.093,0.471,0.001,SWING,-0.2015,0.1909,0.0143,1,34.32,2.390,1.804,2.940,STANCE
4.385,836,tripod,0.1166,0.0141,0.2029,-0.0290,0.0024,0.0061,0.3037,-0.1480,-0.1288,0.6674,0.7009,-0.4268,1.000,0.000,0.0000,0.0000,0.3920,-0.1694,0.1540,0,0.00,0.222,0.070,0.097,SWING,0.3949,0.2050,0.0157,0,0.00,0.159,0.032,0.006,STANCE,0.1094,-0.3355,0.0219,0,0.00,0.130,0.066,0.014,STANCE,0.0914,0.3487,0.1307,0,0.00,0.014,0.110,0.100,SWING,-0.2001,-0.1794,0.1362,0,0.00,0.541,0.110,0.104,SWING,-0.2015,0.1908,0.0149,0,0.00,0.181,0.039,0.015,STANCE
4.404,840,tripod,0.1205,0.0121,0.2006,-0.0227,0.0011,0.0054,0.1924,-0.0560,-0.0355,-0.0881,0.1290,0.0120,1.000,0.000,0.0000,0.0000,0.3965,-0.1778,0.1433,0,0.00,0.077,0.029,0.148,SWING,0.3950,0.2043,0.0144,1,26.05,2.940,2.940,0.841,STANCE,0.1096,-0.3358,0.0143,1,38.82,0.385,2.940,2.940,STANCE,0.0891,0.3513,0.1231,0,0.00,0.266,0.651,0.198,SWING,-0.2011,-0.1807,0.1258,0,0.00,0.236,0.252,0.160,SWING,-0.2014,0.1900,0.0145,1,37.34,2.940,2.443,2.793,STANCE
4.423,844,tripod,0.1243,0.0125,0.2002,-0.0230,0.0018,0.0040,0.2239,0.0329,-0.0852,0.0122,0.0799,-0.0858,1.000,0.000,0.0000,0.0000,0.3979,-0.1722,0.1509,0,0.00,0.190,0.089,0.051,SWING,0.3948,0.2046,0.0175,0,0.00,0.141,0.011,0.017,STANCE,0.1092,-0.3360,0.0171,0,0.00,0.207,0.060,0.037,STANCE,0.1010,0.3482,0.1331,0,0.00,0.421,0.101,0.104,SWING,-0.1919,-0.1807,0.1365,0,0.00,0.181,0.130,0.101,SWING,-0.2018,0.1902,0.0178,0,0.00,0.113,0.077,0.050,STANCE
4.442,848,tripod,0.1278,0.0130,0.1983,-0.0238,0.0018,0.0027,0.1845,0.0248,0.0644,-0.0999,-0.0686,-0.0370,1.000,0.000,0.0000,0.0000,0.4125,-0.1737,0.1591,0,0.00,0.261,0.060,0.091,SWING,0.3943,0.2048,0.0144,1,37.84,1.787,2.940,2.940,STANCE,0.1085,-0.3357,0.0143,1,27.19,0.937,2.722,1.568,STANCE,0.1133,0.3547,0.1417,0,0.00,0.386,0.514,0.078,SWING,-0.1818,-0.1803,0.1448,0,0.00,0.055,0.528,0.058,SWING,-0.2022,0.1908,0.0147,1,41.37,0.644,2.940,2.940,STANCE
4.461,852,tripod,0.1317,0.0133,0.1986,-0.0244,0.0006,0.0030,0.2360,0.0150,-0.0555,-0.0422,-0.0447,0.0261,1.000,0.000,0.0000,0.0000,0.4292,-0.1757,0.1727,0,0.00,0.172,0.083,0.095,SWING,0.3941,0.2052,0.0161,0,0.00,0.146,0.004,0.002,STANCE,0.1089,-0.3356,0.0162,0,0.00,0.207,0.026,0.020,STANCE,0.1257,0.3682,0.1556,0,0.00,0.412,0.108,0.095,SWING,-0.1789,-0.1852,0.1572,0,0.00,0.196,0.094,0.030,SWING,-0.2023,0.1906,0.0159,0,0.00,0.095,0.037,0.027,STANCE
4.481,856,tripod,0.1359,0.0134,0.1984,-0.0242,0.0015,0.0027,0.2481,0.0075,0.0734,0.0764,0.1714,-0.0639,1.000,0.000,0.0000,0.0000,0.4450,-0.1770,0.1868,0,0.00,0.221,0.053,0.071,SWING,0.3940,0.2054,0.0145,1,7.46,1.524,0.138,0.950,STANCE,0.1091,-0.3355,0.0147,1,2.74,1.229,1.306,0.680,STANCE,0.1361,0.3776,0.1698,0,0.00,0.205,0.154,0.106,SWING,-0.1759,-0.1877,0.1693,0,0.00,0.591,0.176,0.010,SWING,-0.2024,0.1905,0.0149,0,0.00,0.108,0.152,0.037,STANCE
4.499,860,tripod,0.1404,0.0139,0.1987,-0.0257,0.0039,0.0069,0.2643,0.0391,-0.0353,-0.0629,0.1240,0.0866,1.000,0.000,0.0000,0.0000,0.4404,-0.1843,0.1827,0,0.00,0.099,0.090,0.111,SWING,0.3931,0.2068,0.0153,0,0.00,0.197,0.044,0.012,STANCE,0.1108,-0.3355,0.0166,0,0.00,0.130,0.037,0.008,STANCE,0.1230,0.3774,0.1671,0,0.00,0.086,0.072,0.113,SWING,-0.1815,-0.1801,0.1674,0,0.00,0.070,0.100,0.101,SWING,-0.2032,0.1891,0.0173,0,0.00,0.144,0.019,0.011,STANCE
4.519,864,tripod,0.1442,0.0143,0.1984,-0.0257,0.0024,0.0051,0.2607,0.0346,0.0388,-0.0474,0.0736,-0.0364,1.000,0.000,0.0000,0.0000,0.4342,-0.1807,0.1751,0,0.00,0.141,0.018,0.104,SWING,0.3932,0.2072,0.0148,0,0.17,0.123,0.098,0.089,STANCE,0.1109,-0.3350,0.0145,0,0.26,0.279,0.033,0.002,STANCE,0.1184,0.3673,0.1603,0,0.00,0.212,0.083,0.105,SWING,-0.1757,-0.1797,0.1637,0,0.00,0.142,0.122,0.100,SWING,-0.2030,0.1894,0.0147,0,0.00,0.070,0.096,0.072,STANCE
4.537,868,tripod,0.1484,0.0149,0.1974,-0.0261,0.0029,0.0051,0.2506,0.0349,-0.1281,0.0002,0.0755,0.0123,1.000,0.000,0.0000,0.0000,0.4377,-0.1745,0.1838,0,0.00,0.157,0.090,0.008,SWING,0.3932,0.2080,0.0153,0,0.00,0.163,0.074,0.009,STANCE,0.1114,-0.3346,0.0153,0,0.00,0.206,0.010,0.009,STANCE,0.1305,0.3626,0.1688,0,0.00,0.373,0.077,0.117,SWING,-0.1641,-0.1792,0.1729,0,0.00,0.168,0.152,0.060,SWING,-0.2032,0.1896,0.0153,0,0.00,0.094,0.038,0.007,STANCE
4.557,872,tripod,0.1534,0.0131,0.1969,-0.0170,0.0058,0.0051,0.3086,-0.1254,-0.0405,0.3565,0.1071,0.2267,1.000,0.000,0.0000,0.0000,0.4502,-0.1781,0.1941,0,0.00,0.595,0.071,0.053,SWING,0.3933,0.2082,0.0147,1,8.79,0.986,1.218,2.200,STANCE,0.1119,-0.3348,0.0186,0,0.00,0.160,0.074,0.054,STANCE,0.1348,0.3633,0.1773,0,0.00,0.315,0.004,0.095,SWING,-0.1647,-0.1804,0.1789,0,0.00,0.315,0.049,0.024,SWING,-0.2030,0.1893,0.0162,0,0.00,0.062,0.074,0.027,STANCE
4.576,876,tripod,0.1584,0.0115,0.1960,-0.0131,0.0048,0.0035,0.3206,-0.0250,-0.0256,-0.1439,0.2863,-0.2143,1.000,0.000,0.0000,0.0000,0.4483,-0.1866,0.1835,0,0.00,0.115,0.032,0.106,SWING,0.3945,0.2074,0.0150,0,0.00,0.011,0.141,0.029,STANCE,0.1137,-0.3351,0.0147,1,9.56,0.066,1.924,2.940,STANCE,0.1254,0.3662,0.1719,0,0.00,0.265,0.094,0.113,SWING,-0.1686,-0.1812,0.1676,0,0.00,0.179,0.111,0.088,SWING,-0.2020,0.1883,0.0149,0,0.16,0.081,0.026,0.021,STANCE
4.595,880,tripod,0.1624,0.0115,0.1960,-0.0103,0.0045,0.0020,0.2111,-0.0135,-0.0603,0.2297,-0.1050,-0.1234,1.000,0.000,0.0000,0.0000,0.4475,-0.1840,0.1708,0,0.00,0.154,0.100,0.104,SWING,0.3947,0.2075,0.0148,0,0.00,0.169,0.066,0.019,STANCE,0.1133,-0.3351,0.0151,0,0.00,0.213,0.044,0.017,STANCE,0.1315,0.3653,0.1609,0,0.00,0.357,0.089,0.103,SWING,-0.1656,-0.1828,0.1569,0,0.00,0.158,0.108,0.011,SWING,-0.2016,0.1888,0.0163,0,0.00,0.087,0.037,0.016,STANCE
4.616,884,tripod,0.1664,0.0115,0.1957,-0.0102,0.0037,0.0013,0.2593,-0.0077,0.0176,0.1208,0.2394,-0.0608,1.000,0.000,0.0000,0.0000,0.4478,-0.1769,0.1735,0,0.00,0.241,0.006,0.122,SWING,0.3949,0.2075,0.0148,1,9.34,1.551,0.526,0.904,STANCE,0.1133,-0.3349,0.0147,1,5.93,2.150,1.512,0.424,STANCE,0.1452,0.3583,0.1664,0,0.00,0.426,0.178,0.090,SWING,-0.1536,-0.1824,0.1633,0,0.00,0.275,0.230,0.071,SWING,-0.2013,0.1890,0.0145,0,0.00,0.124,0.333,0.113,STANCE
4.636,888,tripod,0.1705,0.0115,0.1958,-0.0096,0.0049,0.0012,0.2191,0.0105,-0.0045,0.0187,0.0652,-0.0292,1.000,0.000,0.0000,0.0000,0.4626,-0.1781,0.1859,0,0.00,0.287,0.080,0.079,SWING,0.3949,0.2077,0.0147,1,10.93,0.912,0.542,1.074,STANCE,0.1133,-0.3349,0.0146,1,5.49,1.757,1.484,0.467,STANCE,0.1582,0.3636,0.1796,0,0.00,0.368,0.174,0.105,SWING,-0.1443,-0.1841,0.1742,0,0.00,0.298,0.147,0.055,SWING,-0.2015,0.1890,0.0153,0,0.00,0.148,0.172,0.047,STANCE
4.657,892,tripod,0.1745,0.0116,0.1958,-0.0092,0.0054,0.0014,0.2417,0.0009,0.0065,0.0656,0.1450,-0.0558,1.000,0.000,0.0000,0.0000,0.4770,-0.1788,0.2009,0,0.00,0.288,0.094,0.084,SWING,0.3946,0.2080,0.0147,1,9.05,0.689,1.081,0.378,STANCE,0.1134,-0.3348,0.0145,1,5.06,1.786,1.551,0.585,STANCE,0.1713,0.3734,0.1960,0,0.00,0.317,0.160,0.105,SWING,-0.1453,-0.1919,0.1903,0,0.00,0.336,0.110,0.007,SWING,-0.2017,0.1890,0.0149,0,0.00,0.203,0.143,0.049,STANCE
4.677,896,tripod,0.1785,0.0117,0.1957,-0.0089,0.0058,0.0014,0.2349,0.0085,-0.0001,0.0424,0.0967,-0.0679,1.000,0.000,0.0000,0.0000,0.4899,-0.1787,0.2175,0,0.00,0.260,0.087,0.082,SWING,0.3945,0.2082,0.0146,1,9.03,0.812,1.303,0.202,STANCE,0.1134,-0.3347,0.0145,1,5.54,1.827,1.947,0.843,STANCE,0.1852,0.3809,0.2141,0,0.00,0.320,0.095,0.012,SWING,-0.1372,-0.1949,0.2022,0,0.00,0.329,0.177,0.014,SWING,-0.2018,0.1890,0.0151,0,0.00,0.196,0.155,0.048,STANCE
4.698,900,tripod,0.1826,0.0119,0.1956,-0.0090,0.0058,0.0010,0.2388,0.0126,-0.0024,0.0439,0.0965,-0.0780,1.000,0.000,0.0000,0.0000,0.5010,-0.1777,0.2358,0,0.00,0.219,0.072,0.077,SWING,0.3946,0.2083,0.0146,1,9.52,1.195,2.182,0.406,STANCE,0.1135,-0.3346,0.0144,1,6.35,2.066,2.745,1.387,STANCE,0.1990,0.3753,0.2240,0,0.00,0.331,0.160,0.069,SWING,-0.1229,-0.1941,0.2094,0,0.00,0.300,0.165,0.081,SWING,-0.2017,0.1891,0.0150,0,0.00,0.169,0.199,0.061,STANCE
4.718,904,tripod,0.1866,0.0120,0.1956,-0.0092,0.0060,0.0005,0.2378,0.0086,0.0071,0.0537,0.1151,-0.0088,1.000,0.000,0.0000,0.0000,0.5108,-0.1763,0.2471,0,0.00,0.083,0.095,0.002,SWING,0.3947,0.2083,0.0145,1,4.89,1.197,1.634,0.634,STANCE,0.1133,-0.3345,0.0145,1,3.47,1.182,1.667,0.856,STANCE,0.2117,0.3647,0.2298,0,0.00,0.377,0.164,0.085,SWING,-0.1082,-0.1929,0.2162,0,0.00,0.172,0.120,0.097,SWING,-0.2015,0.1893,0.0149,0,0.00,0.049,0.289,0.128,STANCE
4.739,908,tripod,0.1906,0.0122,0.1956,-0.0094,0.0066,0.0003,0.2613,0.0140,0.0079,0.0497,0.0789,-0.0437,1.000,0.000,0.0000,0.0000,0.5206,-0.1751,0.2357,0,0.00,0.076,0.013,0.007,SWING,0.3948,0.2086,0.0145,1,4.88,0.367,2.940,1.596,STANCE,0.1132,-0.3343,0.0147,1,2.63,0.129,1.910,1.106,STANCE,0.2237,0.3568,0.2194,0,0.00,0.389,0.063,0.008,SWING,-0.0933,-0.1916,0.2202,0,0.00,0.128,0.234,0.099,SWING,-0.2016,0.1894,0.0149,0,0.00,0.075,0.119,0.110,STANCE
4.759,912,tripod,0.1949,0.0123,0.1957,-0.0090,0.0073,0.0004,0.2213,0.0101,-0.0072,-0.0018,0.0377,0.0103,1.000,0.000,0.0000,0.0000,0.5341,-0.1755,0.2277,0,0.00,0.159,0.153,0.073,SWING,0.3947,0.2087,0.0144,1,11.47,1.367,0.978,0.803,STANCE,0.1134,-0.3341,0.0147,1,5.29,1.530,2.474,1.318,STANCE,0.2370,0.3569,0.2081,0,0.00,0.369,0.075,0.035,SWING,-0.0792,-0.1913,0.2059,0,0.00,0.216,0.034,0.080,SWING,-0.2012,0.1896,0.0149,0,0.00,0.008,0.479,0.226,STANCE
4.780,916,tripod,0.1990,0.0124,0.1957,-0.0088,0.0080,0.0005,0.2388,0.0028,0.0020,0.0280,0.0808,0.0033,1.000,0.000,0.0000,0.0000,0.5479,-0.1762,0.2202,0,0.00,0.158,0.052,0.107,SWING,0.3946,0.2089,0.0143,1,7.04,0.289,0.161,0.796,STANCE,0.1135,-0.3340,0.0146,1,2.39,0.320,1.167,0.651,STANCE,0.2508,0.3615,0.1994,0,0.00,0.349,0.147,0.042,SWING,-0.0643,-0.1901,0.1925,0,0.00,0.217,0.084,0.097,SWING,-0.2010,0.1895,0.0148,0,0.00,0.016,0.183,0.160,STANCE
4.801,920,tripod,0.2031,0.0125,0.1955,-0.0088,0.0087,0.0012,0.2403,0.0017,-0.0549,-0.1265,-0.0616,0.0985,1.000,0.000,0.0000,0.0000,0.5612,-0.1771,0.2120,0,0.00,0.033,0.152,0.090,STANCE,0.3959,0.2090,0.0144,0,0.00,0.410,0.173,0.049,SWING,0.1151,-0.3339,0.0149,0,0.00,0.364,0.060,0.036,SWING,0.2629,0.3649,0.1899,0,0.00,0.033,0.076,0.029,STANCE,-0.0509,-0.1888,0.1816,0,0.00,0.003,0.087,0.103,STANCE,-0.2003,0.1897,0.0160,0,0.00,0.101,0.524,0.042,SWING
4.819,924,tripod,0.2070,0.0125,0.1928,-0.0098,0.0092,0.0038,0.2367,0.0048,-0.2380,-0.0200,0.0320,0.1581,1.000,0.000,0.0000,0.0000,0.5727,-0.1803,0.2014,0,0.00,0.051,0.073,0.107,STANCE,0.4089,0.2075,0.0196,0,0.00,0.285,0.111,0.091,SWING,0.1288,-0.3372,0.0211,0,0.00,0.572,0.092,0.107,SWING,0.2655,0.3739,0.1790,0,0.00,0.187,0.104,0.097,STANCE,-0.0541,-0.1936,0.1716,0,0.00,0.106,0.117,0.094,STANCE,-0.1989,0.1940,0.0240,0,0.00,0.252,0.047,0.116,SWING
4.838,928,tripod,0.2109,0.0126,0.1873,-0.0101,0.0101,0.0063,0.2422,0.0010,-0.4001,-0.0355,0.0199,0.0935,1.000,0.000,0.0000,0.0000,0.5835,-0.1836,0.1872,0,0.00,0.028,0.074,0.106,STANCE,0.4207,0.2034,0.0256,0,0.00,0.423,0.111,0.103,SWING,0.1431,-0.3416,0.0277,0,0.00,0.560,0.097,0.105,SWING,0.2657,0.3827,0.1651,0,0.00,0.244,0.106,0.096,STANCE,-0.0574,-0.1973,0.1582,0,0.00,0.096,0.116,0.094,STANCE,-0.1969,0.1992,0.0302,0,0.00,0.232,0.050,0.115,SWING
4.856,932,tripod,0.2151,0.0126,0.1791,-0.0108,0.0101,0.0075,0.2429,-0.0002,-0.5621,-0.0432,0.0150,0.0712,1.000,0.000,0.0000,0.0000,0.5937,-0.1872,0.1701,0,0.00,0.036,0.079,0.105,STANCE,0.4291,0.2013,0.0292,0,0.00,0.429,0.111,0.103,SWING,0.1534,-0.3438,0.0317,0,0.00,0.566,0.095,0.106,SWING,0.2659,0.3909,0.1478,0,0.00,0.259,0.104,0.096,STANCE,-0.0602,-0.2005,0.1415,0,0.00,0.102,0.115,0.094,STANCE,-0.1943,0.2024,0.0336,0,0.00,0.261,0.060,0.113,SWING
4.874,936,tripod,0.2196,0.0125,0.1682,-0.0117,0.0091,0.0076,0.2516,-0.0045,-0.7237,-0.0589,-0.0198,0.0102,1.000,0.000,0.0000,0.0000,0.6036,-0.1911,0.1504,0,0.00,0.068,0.089,0.101,STANCE,0.4355,0.2041,0.0289,0,0.00,0.228,0.107,0.102,SWING,0.1564,-0.3433,0.0331,0,0.00,0.401,0.094,0.105,SWING,0.2663,0.3982,0.1274,0,0.00,0.239,0.102,0.097,STANCE,-0.0623,-0.2032,0.1214,0,0.00,0.117,0.112,0.095,STANCE,-0.1917,0.2019,0.0341,0,0.00,0.222,0.079,0.107,SWING
4.893,940,tripod,0.2240,0.0123,0.1547,-0.0124,0.0081,0.0079,0.2568,-0.0081,-0.8848,-0.0670,-0.0339,-0.0351,1.000,0.000,0.0000,0.0000,0.6127,-0.1945,0.1276,0,0.00,0.093,0.094,0.099,STANCE,0.4427,0.2053,0.0245,0,0.00,0.080,0.085,0.141,SWING,0.1620,-0.3424,0.0312,0,0.00,0.299,0.095,0.105,SWING,0.2660,0.4048,0.1040,0,0.00,0.225,0.101,0.097,STANCE,-0.0640,-0.2055,0.0981,0,0.00,0.129,0.109,0.096,STANCE,-0.1881,0.2024,0.0319,0,0.00,0.209,0.091,0.103,SWING
4.911,944,tripod,0.2283,0.0123,0.1389,-0.0130,0.0124,0.0088,0.2892,-0.0199,-0.9899,0.2105,0.2200,-0.1398,1.000,0.000,0.0000,0.0000,0.6211,-0.1974,0.1002,0,0.00,0.026,0.021,0.111,STANCE,0.4485,0.2028,0.0165,0,0.00,0.063,0.138,0.107,SWING,0.1678,-0.3377,0.0200,0,0.00,0.548,0.203,0.035,SWING,0.2647,0.4108,0.0773,0,0.00,0.298,0.108,0.096,STANCE,-0.0652,-0.2076,0.0736,0,0.00,0.025,0.171,0.093,STANCE,-0.1798,0.1996,0.0170,0,0.00,0.302,0.399,0.038,SWING
4.931,948,tripod,0.2311,0.0119,0.1288,-0.0172,0.0023,0.0035,0.0889,0.0086,-0.2590,-1.0165,-0.6774,-0.4809,1.000,0.000,0.0000,0.0000,0.6243,-0.2016,0.0786,0,0.00,0.069,0.224,0.066,STANCE,0.4482,0.2040,0.0124,1,33.95,2.940,2.940,2.940,SWING,0.1670,-0.3357,0.0143,1,30.57,0.276,2.940,2.940,SWING,0.2651,0.4153,0.0547,0,0.00,0.203,0.027,0.103,STANCE,-0.0675,-0.2080,0.0492,0,0.00,0.036,0.142,0.119,STANCE,-0.1756,0.1990,0.0131,1,5.64,2.940,2.940,2.275,SWING
4.952,952,tripod,0.2305,0.0125,0.1306,-0.0255,-0.0087,0.0010,-0.1194,-0.0346,0.2819,0.0878,-0.7326,-0.0234,1.000,0.000,0.0000,0.0000,0.6189,-0.2026,0.0677,0,0.00,0.016,0.175,0.019,STANCE,0.4481,0.2042,0.0118,1,9.97,1.290,1.015,2.940,SWING,0.1668,-0.3357,0.0139,1,5.60,2.563,2.465,1.794,SWING,0.2622,0.4193,0.0404,0,0.00,0.057,0.310,0.037,STANCE,-0.0721,-0.2077,0.0380,0,0.00,0.334,0.263,0.152,STANCE,-0.1720,0.1996,0.0136,1,4.32,0.236,2.940,2.621,SWING
4.973,956,tripod,0.2272,0.0108,0.1351,-0.0147,0.0056,-0.0064,-0.2168,-0.1149,0.2394,0.9950,1.6249,-0.2903,1.000,0.000,0.0000,0.0000,0.6069,-0.2056,0.0488,0,0.00,0.323,0.098,0.005,STANCE,0.4470,0.2041,0.0119,0,0.25,0.204,0.094,0.034,SWING,0.1603,-0.3353,0.0146,1,2.91,1.687,0.219,0.299,SWING,0.2560,0.4185,0.0354,0,0.00,0.050,0.138,0.008,STANCE,-0.0817,-0.2060,0.0322,0,0.00,0.324,0.045,0.100,STANCE,-0.1640,0.1976,0.0126,1,2.31,0.389,1.373,0.929,SWING
4.993,960,tripod,0.2234,0.0091,0.1372,-0.0003,0.0353,-0.0096,-0.2148,-0.0969,0.0755,0.6509,1.9890,-0.1073,1.000,0.000,0.0000,0.0000,0.5909,-0.2066,0.0201,0,0.00,0.016,0.107,0.009,STANCE,0.4430,0.1994,0.0210,0,0.00,0.409,0.094,0.106,SWING,0.1544,-0.3349,0.0180,0,0.00,0.351,0.199,0.109,SWING,0.2457,0.4142,0.0290,0,0.00,0.304,0.109,0.010,STANCE,-0.0934,-0.2037,0.0291,0,0.00,0.069,0.104,0.101,STANCE,-0.1641,0.1980,0.0201,0,0.00,0.341,0.050,0.147,SWING
5.012,964,tripod,0.2209,0.0072,0.1371,0.0016,0.0250,-0.0031,-0.0990,-0.1275,-0.0468,-0.8353,-2.3391,0.6197,1.000,0.000,0.0000,0.0000,0.5783,-0.2037,0.0114,1,2.04,0.413,1.405,1.400,STANCE,0.4417,0.1979,0.0321,0,0.00,0.399,0.159,0.106,SWING,0.1593,-0.3362,0.0250,0,0.00,0.570,0.199,0.100,SWING,0.2363,0.4081,0.0169,0,0.00,0.404,0.248,0.039,STANCE,-0.0985,-0.2044,0.0163,0,0.00,0.187,0.181,0.077,STANCE,-0.1629,0.1959,0.0233,0,0.00,0.219,0.123,0.154,SWING
5.034,968,tripod,0.2240,0.0070,0.1412,-0.0070,0.0253,-0.0030,0.2723,0.0470,0.3368,-0.3808,0.4527,0.0788,1.000,0.000,0.0000,0.0000,0.5739,-0.2034,0.0123,1,4.31,0.977,2.940,2.411,STANCE,0.4422,0.1996,0.0319,0,0.00,0.552,0.086,0.093,SWING,0.1559,-0.3379,0.0227,0,0.00,0.191,0.199,0.070,SWING,0.2340,0.4019,0.0139,1,6.26,1.025,2.940,1.985,STANCE,-0.0981,-0.2049,0.0131,1,5.35,0.277,2.940,2.079,STANCE,-0.1618,0.1901,0.0139,1,6.43,0.566,2.940,2.669,SWING
5.055,972,tripod,0.2289,0.0074,0.1469,-0.0133,0.0290,-0.0020,0.2847,0.0214,0.3438,-0.6749,-0.0165,0.0165,1.000,0.000,0.0000,0.0000,0.5645,-0.1997,0.0119,1,6.47,0.258,2.940,2.140,STANCE,0.4474,0.2013,0.0334,0,0.00,0.469,0.023,0.006,SWING,0.1627,-0.3379,0.0349,0,0.00,0.334,0.117,0.107,SWING,0.2329,0.3973,0.0140,1,5.27,1.386,2.940,2.287,STANCE,-0.0961,-0.2039,0.0131,1,5.19,0.424,2.940,2.138,STANCE,-0.1554,0.1897,0.0196,0,0.00,0.311,0.213,0.073,SWING
5.076,976,tripod,0.2338,0.0077,0.1532,-0.0219,0.0282,-0.0013,0.2858,0.0273,0.3722,-0.5781,-0.0156,0.0611,1.000,0.000,0.0000,0.0000,0.5605,-0.1982,0.0119,1,4.59,0.093,2.940,2.276,STANCE,0.4526,0.2005,0.0398,0,0.00,0.368,0.009,0.036,SWING,0.1689,-0.3386,0.0491,0,0.00,0.271,0.062,0.037,SWING,0.2329,0.3949,0.0140,1,4.84,0.706,2.940,2.214,STANCE,-0.0902,-0.2016,0.0130,1,5.91,0.323,2.940,1.775,STANCE,-0.1494,0.1888,0.0285,0,0.00,0.197,0.196,0.080,SWING
5.098,980,tripod,0.2387,0.0081,0.1601,-0.0286,0.0291,-0.0011,0.2714,0.0298,0.3981,-0.4208,-0.0528,-0.0060,1.000,0.000,0.0000,0.0000,0.5555,-0.1962,0.0120,1,5.64,0.170,2.940,1.985,STANCE,0.4573,0.2002,0.0457,0,0.00,0.372,0.014,0.053,SWING,0.1740,-0.3388,0.0610,0,0.00,0.257,0.032,0.019,SWING,0.2327,0.3931,0.0144,1,4.26,0.520,2.940,2.233,STANCE,-0.0824,-0.1978,0.0126,1,4.30,0.261,2.940,2.102,STANCE,-0.1421,0.1872,0.0356,0,0.00,0.216,0.092,0.070,SWING
5.119,984,tripod,0.2436,0.0085,0.1675,-0.0350,0.0299,-0.0016,0.3103,0.0172,0.4822,-0.4263,0.2148,-0.0012,1.000,0.000,0.0000,0.0000,0.5541,-0.1964,0.0125,1,3.63,0.572,2.940,2.232,STANCE,0.4624,0.1989,0.0544,0,0.00,0.233,0.087,0.087,SWING,0.1791,-0.3383,0.0733,0,0.00,0.535,0.023,0.096,SWING,0.2329,0.3891,0.0147,1,3.50,0.411,2.940,2.338,STANCE,-0.0761,-0.1948,0.0124,1,4.46,0.105,2.806,1.854,STANCE,-0.1371,0.1866,0.0447,0,0.00,0.193,0.001,0.127,SWING
8.072,988,tripod,0.2485,0.0088,0.1751,-0.0454,0.0276,-0.0007,0.2799,0.0173,0.4349,-0.8242,-0.0779,0.1559,1.000,0.000,0.0000,0.0000,0.5463,-0.1926,0.0125,1,3.11,0.553,2.782,2.023,STANCE,0.4679,0.1981,0.0602,0,0.00,0.546,0.042,0.112,SWING,0.1858,-0.3396,0.0835,0,0.00,0.458,0.194,0.095,SWING,0.2330,0.3823,0.0143,1,5.41,1.328,2.940,2.065,STANCE,-0.0769,-0.1981,0.0147,1,4.99,0.265,2.940,1.665,STANCE,-0.1307,0.1857,0.0493,0,0.00,0.402,0.294,0.064,SWING
8.093,992,tripod,0.2535,0.0092,0.1826,-0.0483,0.0218,0.0024,0.2725,0.0570,0.3931,0.7410,-0.3828,0.2239,1.000,0.000,0.0000,0.0000,0.5394,-0.1878,0.0127,1,1.22,0.622,0.465,0.286,STANCE,0.4729,0.1983,0.0686,0,0.00,0.529,0.267,0.106,SWING,0.1927,-0.3398,0.0940,0,0.00,0.465,0.225,0.139,SWING,0.2332,0.3777,0.0142,1,4.18,0.882,2.940,2.002,STANCE,-0.0691,-0.1965,0.0147,1,2.00,0.084,0.089,0.187,STANCE,-0.1247,0.1841,0.0549,0,0.00,0.232,0.399,0.051,SWING
8.113,996,tripod,0.2584,0.0101,0.1882,-0.0304,0.0217,0.0050,0.2741,0.0566,0.2577,1.1864,0.0503,0.1435,1.000,0.000,0.0000,0.0000,0.5389,-0.1820,0.0136,1,2.47,1.068,0.880,0.451,STANCE,0.4773,0.2015,0.0783,0,0.00,0.294,0.048,0.105,SWING,0.1986,-0.3375,0.0947,0,0.00,0.646,0.155,0.100,SWING,0.2333,0.3701,0.0141,1,2.47,0.461,1.760,1.185,STANCE,-0.0602,-0.1898,0.0151,0,0.00,0.466,0.658,0.500,STANCE,-0.1197,0.1860,0.0638,0,0.00,0.072,0.163,0.094,SWING
8.134,1000,tripod,0.2632,0.0106,0.1923,-0.0115,0.0237,0.0024,0.2436,0.0164,0.1952,1.0933,0.1090,-0.1874,1.000,0.000,0.0000,0.0000,0.5389,-0.1784,0.0139,1,6.52,2.850,2.613,1.390,STANCE,0.4834,0.2033,0.0907,0,0.00,0.256,0.025,0.041,SWING,0.2022,-0.3347,0.0928,0,0.00,0.574,0.234,0.082,SWING,0.2348,0.3633,0.0141,1,6.13,2.588,2.940,1.646,STANCE,-0.0576,-0.1835,0.0149,0,0.00,0.029,0.097,0.046,STANCE,-0.1144,0.1900,0.0724,0,0.00,0.248,0.160,0.087,SWING
8.154,1004,tripod,0.2672,0.0105,0.1954,0.0054,0.0241,-0.0012,0.2111,-0.0316,0.1188,0.4912,0.0592,0.1265,1.000,0.000,0.0000,0.0000,0.5382,-0.1764,0.0138,0,0.00,0.291,0.165,0.031,STANCE,0.4892,0.2048,0.1011,0,0.00,0.551,0.247,0.022,SWING,0.2047,-0.3325,0.0902,0,0.00,0.110,0.500,0.053,SWING,0.2370,0.3574,0.0142,0,0.08,0.176,0.206,0.011,STANCE,-0.0586,-0.1792,0.0149,1,6.85,2.940,2.069,0.982,STANCE,-0.1094,0.1938,0.0794,0,0.00,0.760,0.100,0.102,SWING
8.173,1008,tripod,0.2710,0.0098,0.1964,0.0105,0.0247,0.0000,0.1991,-0.0376,-0.0358,0.0273,-0.1083,0.0476,1.000,0.000,0.0000,0.0000,0.5380,-0.1756,0.0140,1,4.74,0.597,0.562,1.097,STANCE,0.4931,0.2065,0.1024,0,0.00,0.358,0.029,0.037,SWING,0.2090,-0.3326,0.0897,0,0.00,0.608,0.176,0.093,SWING,0.2363,0.3563,0.0160,0,0.00,0.293,0.060,0.011,STANCE,-0.0587,-0.1791,0.0151,0,0.00,0.010,0.087,0.004,STANCE,-0.1058,0.1933,0.0823,0,0.00,0.126,0.094,0.103,SWING
8.194,1012,tripod,0.2750,0.0095,0.1963,0.0094,0.0258,0.0013,0.2242,0.0094,-0.0577,0.0919,-0.0433,-0.0449,1.000,0.000,0.0000,0.0000,0.5381,-0.1758,0.0143,0,0.00,0.086,0.103,0.011,STANCE,0.4963,0.2074,0.1010,0,0.00,0.092,0.261,0.108,SWING,0.2106,-0.3336,0.0859,0,0.00,0.503,0.095,0.020,SWING,0.2355,0.3555,0.0147,0,0.00,0.407,0.093,0.031,STANCE,-0.0586,-0.1803,0.0149,1,9.65,1.375,1.233,2.370,STANCE,-0.1031,0.1912,0.0779,0,0.00,0.067,0.132,0.065,SWING
8.214,1016,tripod,0.2793,0.0095,0.1960,0.0095,0.0256,0.0005,0.2426,0.0084,-0.0085,0.0018,-0.0144,-0.0270,1.000,0.000,0.0000,0.0000,0.5383,-0.1759,0.0145,1,0.99,0.452,0.324,0.083,STANCE,0.5012,0.2077,0.1002,0,0.00,0.375,0.011,0.014,SWING,0.2150,-0.3338,0.0850,0,0.00,0.003,0.364,0.120,SWING,0.2360,0.3556,0.0149,1,0.72,0.676,0.067,0.001,STANCE,-0.0585,-0.1799,0.0150,1,1.50,1.061,0.122,0.071,STANCE,-0.0991,0.1909,0.0738,0,0.00,0.047,0.038,0.129,SWING
8.235,1020,tripod,0.2837,0.0094,0.1961,0.0093,0.0268,-0.0010,0.2774,-0.0257,0.0176,0.1527,-0.0418,-0.3820,1.000,0.000,0.0000,0.0000,0.5383,-0.1761,0.0145,0,0.00,0.085,0.049,0.018,STANCE,0.5064,0.2050,0.1043,0,0.00,0.061,0.088,0.108,SWING,0.2177,-0.3333,0.0860,0,0.00,0.282,0.102,0.098,SWING,0.2363,0.3555,0.0150,0,0.00,0.213,0.007,0.001,STANCE,-0.0585,-0.1799,0.0157,0,0.00,0.042,0.017,0.000,STANCE,-0.0945,0.1913,0.0771,0,0.00,0.169,0.081,0.104,SWING
8.255,1024,tripod,0.2882,0.0095,0.1960,0.0075,0.0274,-0.0017,0.3051,0.0201,0.0298,-0.2325,0.4214,0.0517,1.000,0.000,0.0000,0.0000,0.5385,-0.1768,0.0148,1,4.65,0.153,0.176,0.461,STANCE,0.5116,0.2039,0.1048,0,0.00,0.391,0.191,0.108,SWING,0.2242,-0.3334,0.0881,0,0.00,0.026,0.055,0.109,SWING,0.2375,0.3554,0.0147,1,1.78,0.338,1.031,0.622,STANCE,-0.0582,-0.1794,0.0153,0,0.00,0.042,0.140,0.016,STANCE,-0.0890,0.1927,0.0819,0,0.00,0.514,0.059,0.112,SWING
8.275,1028,tripod,0.2932,0.0097,0.1957,0.0087,0.0263,-0.0032,0.2756,0.0022,0.0000,-0.1204,0.2779,0.0526,1.000,0.000,0.0000,0.0000,0.5392,-0.1769,0.0148,1,24.98,2.405,0.620,2.940,STANCE,0.5163,0.2056,0.1026,0,0.00,0.484,0.010,0.049,SWING,0.2295,-0.3332,0.0875,0,0.00,0.712,0.294,0.080,SWING,0.2394,0.3558,0.0149,1,13.05,2.940,2.874,0.591,STANCE,-0.0575,-0.1783,0.0143,0,0.00,0.029,0.295,0.095,STANCE,-0.0832,0.1939,0.0844,0,0.00,0.325,0.232,0.063,SWING
8.294,1032,tripod,0.2980,0.0099,0.1954,0.0080,0.0287,-0.0047,0.2508,0.0269,-0.0465,-0.3228,0.2442,0.1385,1.000,0.000,0.0000,0.0000,0.5392,-0.1775,0.0144,1,28.02,1.177,1.543,2.203,STANCE,0.5213,0.2047,0.1033,0,0.00,0.557,0.197,0.023,SWING,0.2337,-0.3328,0.0885,0,0.00,0.351,0.379,0.091,SWING,0.2407,0.3561,0.0151,0,0.00,0.141,0.366,0.066,STANCE,-0.0577,-0.1774,0.0151,0,0.00,0.420,0.359,0.079,STANCE,-0.0788,0.1936,0.0860,0,0.00,0.079,0.567,0.226,SWING
8.315,1036,tripod,0.3022,0.0099,0.1953,0.0073,0.0288,-0.0032,0.2547,0.0041,0.0129,-0.1156,0.2142,0.0759,1.000,0.000,0.0000,0.0000,0.5395,-0.1774,0.0145,1,10.69,1.566,0.694,0.942,STANCE,0.5250,0.2060,0.1009,0,0.00,0.531,0.038,0.045,SWING,0.2385,-0.3329,0.0891,0,0.00,0.541,0.187,0.092,SWING,0.2408,0.3560,0.0146,1,5.99,2.422,2.069,0.929,STANCE,-0.0572,-0.1776,0.0149,0,0.00,0.101,0.296,0.116,STANCE,-0.0742,0.1938,0.0886,0,0.00,0.361,0.273,0.061,SWING
8.335,1040,tripod,0.3064,0.0098,0.1953,0.0068,0.0295,-0.0028,0.2012,-0.0193,-0.0247,0.0263,-0.0365,0.0560,1.000,0.000,0.0000,0.0000,0.5395,-0.1777,0.0147,1,9.69,0.817,1.203,0.356,STANCE,0.5293,0.2063,0.0996,0,0.00,0.604,0.041,0.071,SWING,0.2430,-0.3329,0.0899,0,0.00,0.412,0.166,0.096,SWING,0.2409,0.3558,0.0148,1,6.53,2.306,1.704,0.531,STANCE,-0.0573,-0.1777,0.0155,0,0.00,0.227,0.173,0.034,STANCE,-0.0697,0.1936,0.0936,0,0.00,0.429,0.199,0.078,SWING
8.356,1044,tripod,0.3108,0.0099,0.1953,0.0054,0.0325,-0.0022,0.2545,0.0151,-0.0351,-0.1441,0.2521,0.0354,1.000,0.000,0.0000,0.0000,0.5393,-0.1778,0.0147,0,0.14,0.066,0.040,0.006,STANCE,0.5332,0.2064,0.0984,0,0.00,0.359,0.103,0.071,SWING,0.2472,-0.3330,0.0907,0,0.00,0.519,0.060,0.108,SWING,0.2407,0.3556,0.0149,1,0.72,0.143,0.177,0.011,STANCE,-0.0575,-0.1779,0.0155,0,0.00,0.016,0.115,0.005,STANCE,-0.0657,0.1932,0.0966,0,0.00,0.128,0.097,0.109,SWING
8.376,1048,tripod,0.3157,0.0103,0.1949,0.0059,0.0318,-0.0052,0.2587,0.0538,-0.0424,-0.2480,0.1247,0.0208,1.000,0.000,0.0000,0.0000,0.5396,-0.1782,0.0148,1,12.36,0.342,1.279,2.760,STANCE,0.5377,0.2084,0.0955,0,0.00,0.266,0.524,0.092,SWING,0.2469,-0.3331,0.0831,0,0.00,0.074,0.429,0.144,SWING,0.2431,0.3564,0.0153,0,0.00,0.142,0.191,0.030,STANCE,-0.0571,-0.1760,0.0146,1,22.28,1.734,1.865,0.676,STANCE,-0.0618,0.1934,0.0904,0,0.00,0.297,0.205,0.171,SWING
8.395,1052,tripod,0.3207,0.0105,0.1950,0.0066,0.0316,-0.0066,0.2789,-0.0039,-0.0421,0.3772,-0.5378,-0.1546,1.000,0.000,0.0000,0.0000,0.5399,-0.1784,0.0152,0,0.00,0.187,0.018,0.010,STANCE,0.5428,0.2084,0.0949,0,0.00,0.036,0.141,0.097,SWING,0.2507,-0.3330,0.0814,0,0.00,0.257,0.314,0.113,SWING,0.2445,0.3568,0.0152,0,0.00,0.153,0.017,0.011,STANCE,-0.0570,-0.1750,0.0152,0,0.00,0.100,0.057,0.014,STANCE,-0.0572,0.1940,0.0892,0,0.00,0.126,0.358,0.087,SWING
8.416,1056,tripod,0.3259,0.0107,0.1946,0.0051,0.0360,-0.0055,0.2656,0.0226,-0.0137,-0.1276,0.1926,0.0108,1.000,0.000,0.0000,0.0000,0.5405,-0.1784,0.0148,1,10.03,0.910,1.908,2.853,STANCE,0.5477,0.2087,0.0935,0,0.00,0.005,0.150,0.085,SWING,0.2578,-0.3328,0.0843,0,0.00,0.254,0.106,0.102,SWING,0.2454,0.3569,0.0152,0,0.00,0.179,0.029,0.006,STANCE,-0.0564,-0.1747,0.0158,0,0.00,0.105,0.141,0.051,STANCE,-0.0517,0.1943,0.0930,0,0.00,0.113,0.078,0.131,SWING
8.436,1060,tripod,0.3303,0.0109,0.1944,0.0045,0.0363,-0.0054,0.2632,0.0171,0.0085,-0.1383,0.3176,0.0543,1.000,0.000,0.0000,0.0000,0.5408,-0.1787,0.0148,1,16.96,0.449,1.514,1.194,STANCE,0.5528,0.2073,0.0952,0,0.00,0.257,0.427,0.125,SWING,0.2625,-0.3326,0.0849,0,0.00,0.548,0.164,0.019,SWING,0.2463,0.3571,0.0150,1,4.42,1.858,1.433,0.640,STANCE,-0.0558,-0.1739,0.0147,1,5.81,2.434,2.566,1.177,STANCE,-0.0470,0.1946,0.0935,0,0.00,0.157,0.258,0.068,SWING
8.455,1064,tripod,0.3354,0.0113,0.1939,0.0039,0.0363,-0.0064,0.3053,0.0343,-0.1026,-0.1954,0.1143,0.0658,1.000,0.000,0.0000,0.0000,0.5412,-0.1789,0.0152,0,0.00,0.194,0.061,0.018,STANCE,0.5582,0.2061,0.0975,0,0.00,0.329,0.035,0.024,SWING,0.2693,-0.3321,0.0875,0,0.00,0.522,0.073,0.107,SWING,0.2480,0.3576,0.0152,0,0.00,0.228,0.013,0.011,STANCE,-0.0553,-0.1727,0.0145,0,0.00,0.070,0.153,0.124,STANCE,-0.0411,0.1960,0.0961,0,0.00,0.202,0.096,0.106,SWING
8.475,1068,tripod,0.3399,0.0115,0.1936,0.0081,0.0328,-0.0103,0.1936,0.0370,-0.0753,0.1863,-0.5151,-0.3294,1.000,0.000,0.0000,0.0000,0.5414,-0.1790,0.0144,1,8.18,0.536,1.403,2.181,STANCE,0.5631,0.2071,0.0971,0,0.00,0.206,0.218,0.103,SWING,0.2708,-0.3314,0.0830,0,0.00,0.547,0.090,0.008,SWING,0.2508,0.3589,0.0156,0,0.00,0.151,0.022,0.001,STANCE,-0.0553,-0.1702,0.0197,0,0.00,0.008,0.013,0.113,STANCE,-0.0365,0.1970,0.0926,0,0.00,0.123,0.084,0.022,SWING
8.496,1072,tripod,0.3434,0.0113,0.1932,0.0099,0.0299,-0.0092,0.2159,-0.0269,-0.0085,0.0259,-0.0043,0.1520,1.000,0.000,0.0000,0.0000,0.5412,-0.1791,0.0144,1,6.60,0.041,1.313,1.859,STANCE,0.5675,0.2059,0.0996,0,0.00,0.244,0.105,0.013,SWING,0.2743,-0.3312,0.0815,0,0.00,0.280,0.033,0.114,SWING,0.2521,0.3594,0.0149,1,0.80,0.709,0.062,0.035,STANCE,-0.0547,-0.1687,0.0187,0,0.00,0.169,0.341,0.212,STANCE,-0.0326,0.1969,0.0910,0,0.00,0.500,0.062,0.109,SWING
8.516,1076,tripod,0.3473,0.0112,0.1929,0.0107,0.0281,-0.0085,0.2988,0.0245,0.0286,-0.2027,0.3893,0.1270,1.000,0.000,0.0000,0.0000,0.5411,-0.1794,0.0144,1,4.37,0.291,0.535,0.956,STANCE,0.5719,0.2040,0.1029,0,0.00,0.383,0.219,0.105,SWING,0.2807,-0.3312,0.0832,0,0.00,0.059,0.021,0.115,SWING,0.2528,0.3596,0.0147,1,0.87,0.724,0.115,0.001,STANCE,-0.0525,-0.1671,0.0137,0,0.00,0.002,0.006,0.046,STANCE,-0.0280,0.1971,0.0927,0,0.00,0.519,0.025,0.120,SWING
8.538,1080,tripod,0.3517,0.0112,0.1931,0.0096,0.0305,-0.0070,0.2634,0.0127,0.0060,-0.1060,0.2139,0.1037,1.000,0.000,0.0000,0.0000,0.5410,-0.1797,0.0144,1,8.08,1.467,0.465,0.749,STANCE,0.5752,0.2062,0.0995,0,0.00,0.397,0.044,0.003,SWING,0.2863,-0.3315,0.0847,0,0.00,0.500,0.109,0.114,SWING,0.2529,0.3595,0.0149,1,1.94,1.130,0.702,0.338,STANCE,-0.0515,-0.1667,0.0142,1,3.97,0.284,2.940,1.469,STANCE,-0.0238,0.1967,0.0963,0,0.00,0.167,0.152,0.096,SWING
8.559,1084,tripod,0.3570,0.0116,0.1937,0.0045,0.0399,-0.0043,0.2893,0.0285,0.0099,-0.2017,0.3588,0.1324,1.000,0.000,0.0000,0.0000,0.5409,-0.1800,0.0144,1,8.24,1.070,1.713,0.130,STANCE,0.5781,0.2088,0.0944,0,0.00,0.233,0.054,0.092,SWING,0.2869,-0.3322,0.0813,0,0.00,0.343,0.361,0.090,SWING,0.2519,0.3588,0.0148,1,10.66,1.870,1.751,0.046,STANCE,-0.0462,-0.1659,0.0136,1,4.07,0.052,2.940,1.475,STANCE,-0.0217,0.1940,0.0937,0,0.00,0.028,0.205,0.129,SWING
8.579,1088,tripod,0.3621,0.0119,0.1939,0.0026,0.0446,-0.0041,0.2702,0.0272,-0.0049,-0.1101,0.1810,-0.0882,1.000,0.000,0.0000,0.0000,0.5410,-0.1801,0.0143,1,7.22,1.145,1.084,1.711,STANCE,0.5825,0.2096,0.0918,0,0.00,0.054,0.181,0.086,SWING,0.2937,-0.3320,0.0853,0,0.00,0.247,0.141,0.106,SWING,0.2523,0.3588,0.0151,0,0.00,0.216,0.034,0.006,STANCE,-0.0447,-0.1652,0.0167,0,0.00,0.120,0.194,0.155,STANCE,-0.0163,0.1945,0.0996,0,0.00,0.129,0.016,0.117,SWING
8.599,1092,tripod,0.3663,0.0119,0.1938,0.0019,0.0459,-0.0036,0.2205,-0.0051,-0.0077,-0.0477,0.1016,0.0661,1.000,0.000,0.0000,0.0000,0.5409,-0.1803,0.0142,1,8.13,1.138,0.180,1.158,STANCE,0.5867,0.2098,0.0905,0,0.00,0.022,0.167,0.082,SWING,0.2982,-0.3318,0.0868,0,0.00,0.137,0.310,0.099,SWING,0.2525,0.3588,0.0149,1,3.91,1.155,0.458,0.169,STANCE,-0.0481,-0.1663,0.0253,0,0.00,0.021,0.171,0.144,STANCE,-0.0119,0.1944,0.1019,0,0.00,0.013,0.251,0.136,SWING
8.619,1096,tripod,0.3699,0.0114,0.1935,0.0035,0.0439,-0.0029,0.1961,-0.0185,-0.0257,0.0526,-0.1462,0.0501,1.000,0.000,0.0000,0.0000,0.5407,-0.1805,0.0142,1,4.71,0.748,0.411,0.852,STANCE,0.5904,0.2098,0.0904,0,0.00,0.028,0.114,0.090,SWING,0.3022,-0.3319,0.0867,0,0.00,0.148,0.331,0.084,SWING,0.2525,0.3587,0.0152,0,0.00,0.219,0.065,0.013,STANCE,-0.0477,-0.1663,0.0282,0,0.00,0.040,0.005,0.009,STANCE,-0.0081,0.1938,0.1024,0,0.00,0.083,0.272,0.121,SWING
8.639,1100,tripod,0.3730,0.0108,0.1929,0.0060,0.0389,-0.0020,0.1691,-0.0363,-0.0372,0.1213,-0.2979,0.0403,1.000,0.000,0.0000,0.0000,0.5407,-0.1807,0.0141,1,4.82,0.742,0.537,0.959,STANCE,0.5939,0.2096,0.0911,0,0.00,0.019,0.125,0.090,SWING,0.3062,-0.3323,0.0854,0,0.00,0.144,0.237,0.089,SWING,0.2524,0.3585,0.0150,0,0.00,0.212,0.065,0.012,STANCE,-0.0444,-0.1655,0.0257,0,0.00,0.043,0.041,0.012,STANCE,-0.0046,0.1931,0.1010,0,0.00,0.081,0.272,0.127,SWING
8.659,1104,tripod,0.3756,0.0098,0.1923,0.0102,0.0320,-0.0017,0.1384,-0.0452,-0.0381,0.1701,-0.3831,0.0214,1.000,0.000,0.0000,0.0000,0.5406,-0.1809,0.0140,1,4.66,0.613,0.462,0.895,STANCE,0.5973,0.2092,0.0927,0,0.00,0.005,0.127,0.091,SWING,0.3098,-0.3327,0.0833,0,0.00,0.118,0.153,0.093,SWING,0.2525,0.3583,0.0152,0,0.00,0.199,0.061,0.011,STANCE,-0.0410,-0.1645,0.0218,0,0.00,0.024,0.049,0.013,STANCE,-0.0012,0.1924,0.0990,0,0.00,0.063,0.162,0.119,SWING
8.679,1108,tripod,0.3778,0.0088,0.1916,0.0148,0.0231,-0.0012,0.1200,-0.0573,-0.0425,0.2307,-0.4961,0.0426,1.000,0.000,0.0000,0.0000,0.5404,-0.1811,0.0140,1,4.78,0.617,0.444,0.918,STANCE,0.6004,0.2087,0.0946,0,0.00,0.008,0.141,0.091,SWING,0.3131,-0.3332,0.0807,0,0.00,0.118,0.105,0.098,SWING,0.2523,0.3580,0.0150,0,0.00,0.195,0.062,0.011,STANCE,-0.0377,-0.1637,0.0168,0,0.00,0.026,0.077,0.020,STANCE,0.0018,0.1916,0.0960,0,0.00,0.065,0.094,0.116,SWING
8.699,1112,tripod,0.3803,0.0077,0.1911,0.0185,0.0173,-0.0002,0.1562,-0.0421,-0.0320,0.1235,-0.1006,0.1935,1.000,0.000,0.0000,0.0000,0.5401,-0.1815,0.0146,0,0.00,0.227,0.100,0.047,STANCE,0.6033,0.2081,0.0963,0,0.00,0.014,0.097,0.095,SWING,0.3164,-0.3339,0.0786,0,0.00,0.030,0.011,0.092,SWING,0.2518,0.3576,0.0159,0,0.00,0.180,0.228,0.012,STANCE,-0.0353,-0.1634,0.0144,0,0.00,0.027,0.128,0.026,STANCE,0.0048,0.1907,0.0940,0,0.00,0.006,0.050,0.111,SWING
8.720,1116,tripod,0.3829,0.0077,0.1892,0.0169,0.0162,0.0016,0.2285,-0.0044,-0.0220,0.0697,0.1229,0.0126,1.000,0.000,0.0000,0.0000,0.5392,-0.1816,0.0148,1,19.01,0.812,2.940,0.575,STANCE,0.6080,0.2021,0.1026,0,0.00,0.022,0.526,0.136,SWING,0.3242,-0.3339,0.0828,0,0.00,0.696,0.166,0.121,SWING,0.2497,0.3569,0.0143,1,41.52,2.757,2.940,2.940,STANCE,-0.0342,-0.1640,0.0146,1,3.46,0.052,2.940,1.565,STANCE,0.0086,0.1906,0.0971,0,0.00,0.818,0.463,0.074,SWING
8.741,1120,tripod,0.3864,0.0070,0.1887,0.0193,0.0134,0.0012,0.1867,-0.0349,-0.0334,0.1002,-0.1025,-0.0285,1.000,0.000,0.0000,0.0000,0.5392,-0.1818,0.0148,1,16.43,0.122,0.009,2.199,STANCE,0.6097,0.2065,0.0972,0,0.00,0.276,0.491,0.127,SWING,0.3233,-0.3349,0.0742,0,0.00,0.574,0.156,0.061,SWING,0.2497,0.3567,0.0142,1,4.92,0.125,1.320,0.449,STANCE,-0.0311,-0.1636,0.0141,1,4.02,0.363,2.940,1.593,STANCE,0.0106,0.1894,0.0889,0,0.00,0.191,0.252,0.107,SWING
8.762,1124,tripod,0.3900,0.0065,0.1885,0.0208,0.0115,0.0005,0.1874,-0.0264,-0.0175,0.0786,-0.0959,-0.0347,1.000,0.000,0.0000,0.0000,0.5390,-0.1821,0.0146,1,11.32,0.639,1.397,2.462,STANCE,0.6140,0.2044,0.1005,0,0.00,0.499,0.013,0.031,SWING,0.3291,-0.3353,0.0753,0,0.00,0.522,0.138,0.108,SWING,0.2499,0.3565,0.0143,1,2.43,1.023,0.395,0.025,STANCE,-0.0283,-0.1628,0.0139,0,0.00,0.039,0.371,0.194,STANCE,0.0153,0.1903,0.0903,0,0.00,0.297,0.206,0.076,SWING
8.783,1128,tripod,0.3936,0.0061,0.1884,0.0227,0.0091,-0.0010,0.1792,-0.0286,-0.0179,0.0758,-0.0987,-0.0056,1.000,0.000,0.0000,0.0000,0.5388,-0.1824,0.0146,1,12.68,0.144,0.728,2.177,STANCE,0.6175,0.2049,0.1001,0,0.00,0.265,0.295,0.100,SWING,0.3307,-0.3356,0.0717,0,0.00,0.420,0.142,0.037,SWING,0.2504,0.3566,0.0145,1,3.67,0.358,0.272,0.248,STANCE,-0.0260,-0.1616,0.0144,1,3.19,0.407,2.286,1.156,STANCE,0.0185,0.1899,0.0877,0,0.00,0.213,0.271,0.032,SWING
8.803,1132,tripod,0.3971,0.0056,0.1883,0.0245,0.0070,-0.0013,0.1823,-0.0368,-0.0193,0.0947,-0.1387,0.0314,1.000,0.000,0.0000,0.0000,0.5385,-0.1827,0.0145,1,12.59,1.168,1.479,2.653,STANCE,0.6211,0.2054,0.0992,0,0.00,0.406,0.414,0.130,SWING,0.3345,-0.3357,0.0719,0,0.00,0.399,0.049,0.061,SWING,0.2504,0.3565,0.0148,1,4.07,1.603,0.029,0.501,STANCE,-0.0232,-0.1608,0.0143,0,0.00,0.016,0.362,0.111,STANCE,0.0225,0.1898,0.0891,0,0.00,0.216,0.153,0.075,SWING
8.823,1136,tripod,0.4006,0.0052,0.1881,0.0264,0.0040,-0.0016,0.1850,-0.0156,-0.0270,0.0547,-0.1286,0.0262,1.000,0.000,0.0000,0.0000,0.5384,-0.1829,0.0144,1,15.68,0.460,1.954,0.793,STANCE,0.6250,0.2053,0.0993,0,0.00,0.184,0.379,0.135,SWING,0.3383,-0.3358,0.0713,0,0.00,0.444,0.041,0.073,SWING,0.2506,0.3566,0.0150,1,19.89,0.039,2.264,0.687,STANCE,-0.0207,-0.1600,0.0143,1,2.90,0.503,2.163,1.214,STANCE,0.0265,0.1896,0.0891,0,0.00,0.093,0.282,0.110,SWING
8.844,1140,tripod,0.4040,0.0048,0.1880,0.0276,0.0018,-0.0014,0.1895,-0.0127,-0.0255,0.0443,-0.1243,0.0349,1.000,0.000,0.0000,0.0000,0.5382,-0.1830,0.0143,1,14.79,1.323,2.054,0.606,STANCE,0.6287,0.2052,0.0994,0,0.00,0.176,0.259,0.136,SWING,0.3421,-0.3359,0.0709,0,0.00,0.379,0.113,0.070,SWING,0.2505,0.3565,0.0149,1,20.72,0.835,2.261,0.765,STANCE,-0.0184,-0.1595,0.0150,1,3.93,0.486,2.940,1.562,STANCE,0.0302,0.1893,0.0888,0,0.00,0.078,0.217,0.106,SWING
8.864,1144,tripod,0.4075,0.0045,0.1878,0.0287,-0.0003,-0.0013,0.1759,-0.0219,-0.0303,0.0635,-0.1497,0.0185,1.000,0.000,0.0000,0.0000,0.5380,-0.1832,0.0143,1,18.81,0.721,1.689,1.463,STANCE,0.6325,0.2050,0.0996,0,0.00,0.167,0.255,0.111,SWING,0.3459,-0.3361,0.0705,0,0.00,0.489,0.063,0.088,SWING,0.2505,0.3564,0.0148,1,22.95,0.542,2.791,0.618,STANCE,-0.0156,-0.1588,0.0153,0,0.00,0.131,0.257,0.065,STANCE,0.0340,0.1890,0.0884,0,0.00,0.078,0.307,0.140,SWING
8.884,1148,tripod,0.4111,0.0040,0.1878,0.0304,-0.0027,-0.0015,0.1839,-0.0269,-0.0127,0.0901,-0.1347,0.0279,1.000,0.000,0.0000,0.0000,0.5379,-0.1834,0.0142,1,11.98,1.405,0.855,2.184,STANCE,0.6365,0.2035,0.1029,0,0.00,0.201,0.235,0.084,SWING,0.3487,-0.3365,0.0676,0,0.00,0.139,0.291,0.088,SWING,0.2507,0.3563,0.0149,1,2.09,0.927,0.451,0.104,STANCE,-0.0129,-0.1581,0.0155,0,0.00,0.045,0.277,0.069,STANCE,0.0371,0.1882,0.0855,0,0.00,0.079,0.342,0.166,SWING
8.905,1152,tripod,0.4146,0.0035,0.1878,0.0329,-0.0050,-0.0016,0.1978,-0.0204,-0.0151,0.1524,-0.0885,0.0053,1.000,0.000,0.0000,0.0000,0.5377,-0.1836,0.0142,1,0.76,0.367,0.330,0.113,STANCE,0.6394,0.2045,0.1026,0,0.00,0.027,0.093,0.093,SWING,0.3527,-0.3367,0.0676,0,0.00,0.069,0.266,0.083,SWING,0.2506,0.3562,0.0155,0,0.00,0.190,0.102,0.012,STANCE,-0.0099,-0.1574,0.0150,0,0.00,0.009,0.108,0.026,STANCE,0.0411,0.1883,0.0861,0,0.00,0.026,0.237,0.114,SWING
8.925,1156,tripod,0.4183,0.0033,0.1874,0.0336,-0.0063,-0.0025,0.2541,-0.0288,0.0138,0.4128,-0.2379,-0.4649,1.000,0.000,0.0000,0.0000,0.5375,-0.1838,0.0141,1,10.60,0.368,1.859,2.708,STANCE,0.6444,0.2007,0.1072,0,0.00,0.067,0.114,0.107,SWING,0.3557,-0.3365,0.0675,0,0.00,0.273,0.090,0.086,SWING,0.2506,0.3561,0.0148,0,0.00,0.142,0.059,0.030,STANCE,-0.0072,-0.1569,0.0156,0,0.00,0.038,0.002,0.005,STANCE,0.0448,0.1876,0.0859,0,0.00,0.185,0.032,0.119,SWING
8.946,1160,tripod,0.4221,0.0030,0.1873,0.0362,-0.0096,-0.0046,0.2586,-0.0211,0.0223,0.2055,0.0705,-0.0428,1.000,0.000,0.0000,0.0000,0.5372,-0.1840,0.0140,1,6.86,0.219,1.274,1.781,STANCE,0.6481,0.2017,0.1068,0,0.00,0.055,0.168,0.104,SWING,0.3615,-0.3366,0.0679,0,0.00,0.177,0.071,0.119,SWING,0.2523,0.3569,0.0151,0,0.00,0.020,0.016,0.015,STANCE,-0.0042,-0.1545,0.0146,0,0.00,0.190,0.123,0.021,STANCE,0.0502,0.1895,0.0866,0,0.00,0.228,0.084,0.100,SWING
8.966,1164,tripod,0.4259,0.0029,0.1871,0.0358,-0.0091,-0.0015,0.2554,-0.0068,0.0205,-0.1893,0.5293,0.3691,1.000,0.000,0.0000,0.0000,0.5373,-0.1839,0.0140,1,6.92,0.404,1.284,1.797,STANCE,0.6528,0.1999,0.1087,0,0.00,0.486,0.126,0.108,SWING,0.3659,-0.3366,0.0685,0,0.00,0.392,0.099,0.108,SWING,0.2517,0.3566,0.0147,0,0.00,0.211,0.048,0.026,STANCE,-0.0014,-0.1545,0.0159,0,0.00,0.086,0.011,0.018,STANCE,0.0539,0.1886,0.0873,0,0.00,0.476,0.122,0.095,SWING
8.986,1168,tripod,0.4298,0.0026,0.1870,0.0379,-0.0117,-0.0037,0.2166,-0.0041,-0.0057,0.2279,-0.3370,-0.4088,1.000,0.000,0.0000,0.0000,0.5373,-0.1841,0.0139,1,11.54,1.627,0.926,2.251,STANCE,0.6559,0.2010,0.1086,0,0.00,0.516,0.013,0.112,SWING,0.3673,-0.3369,0.0634,0,0.00,0.348,0.210,0.099,SWING,0.2523,0.3568,0.0149,0,0.00,0.126,0.048,0.025,STANCE,0.0021,-0.1533,0.0159,0,0.00,0.131,0.277,0.073,STANCE,0.0569,0.1881,0.0826,0,0.00,0.048,0.271,0.154,SWING
9.006,1172,tripod,0.4334,0.0022,0.1870,0.0393,-0.0142,-0.0032,0.2051,-0.0154,-0.0029,0.0952,-0.0572,0.0115,1.000,0.000,0.0000,0.0000,0.5372,-0.1842,0.0139,1,11.23,1.031,2.130,2.940,STANCE,0.6596,0.2041,0.1015,0,0.00,0.460,0.069,0.064,SWING,0.3716,-0.3376,0.0601,0,0.00,0.581,0.052,0.085,SWING,0.2529,0.3569,0.0148,0,0.00,0.043,0.187,0.086,STANCE,0.0059,-0.1521,0.0143,0,0.02,0.155,0.130,0.060,STANCE,0.0606,0.1886,0.0793,0,0.00,0.080,0.149,0.050,SWING
9.026,1176,tripod,0.4371,0.0023,0.1863,0.0381,-0.0133,-0.0010,0.2213,0.0462,-0.0589,-0.4030,0.2855,0.3780,1.000,0.000,0.0000,0.0000,0.5369,-0.1843,0.0143,1,8.83,0.616,1.320,2.100,STANCE,0.6638,0.2013,0.1061,0,0.00,0.376,0.097,0.077,SWING,0.3757,-0.3376,0.0608,0,0.00,0.365,0.123,0.105,SWING,0.2521,0.3567,0.0152,0,0.00,0.219,0.082,0.012,STANCE,0.0084,-0.1520,0.0156,0,0.00,0.112,0.014,0.001,STANCE,0.0641,0.1878,0.0799,0,0.00,0.357,0.120,0.094,SWING
9.047,1180,tripod,0.4408,0.0017,0.1866,0.0405,-0.0144,0.0001,0.2030,-0.0166,0.0111,0.1884,-0.2214,-0.1186,1.000,0.000,0.0000,0.0000,0.5370,-0.1843,0.0143,1,12.74,1.647,0.773,2.306,STANCE,0.6667,0.2015,0.1077,0,0.00,0.481,0.043,0.112,SWING,0.3796,-0.3380,0.0598,0,0.00,0.353,0.002,0.114,SWING,0.2512,0.3562,0.0148,0,0.00,0.108,0.085,0.042,STANCE,0.0122,-0.1522,0.0158,0,0.00,0.133,0.348,0.093,STANCE,0.0673,0.1865,0.0795,0,0.00,0.034,0.040,0.146,SWING
9.068,1184,tripod,0.4444,0.0015,0.1867,0.0412,-0.0158,0.0013,0.1941,-0.0133,0.0051,0.0658,-0.0696,0.0536,1.000,0.000,0.0000,0.0000,0.5371,-0.1843,0.0144,1,11.99,0.143,1.822,2.873,STANCE,0.6701,0.2021,0.1078,0,0.00,0.241,0.281,0.104,SWING,0.3848,-0.3381,0.0612,0,0.00,0.474,0.139,0.003,SWING,0.2508,0.3559,0.0148,0,0.00,0.088,0.222,0.093,STANCE,0.0161,-0.1519,0.0149,1,4.63,0.791,2.940,1.686,STANCE,0.0714,0.1864,0.0809,0,0.00,0.146,0.227,0.045,SWING
9.087,1188,tripod,0.4483,0.0013,0.1863,0.0435,-0.0165,0.0001,0.2221,-0.0188,-0.0964,0.3706,-0.4312,-0.1453,1.000,0.000,0.0000,0.0000,0.5368,-0.1844,0.0156,0,0.00,0.296,0.021,0.009,STANCE,0.6741,0.2008,0.1101,0,0.00,0.047,0.037,0.061,SWING,0.3889,-0.3380,0.0619,0,0.00,0.332,0.005,0.041,SWING,0.2508,0.3560,0.0170,0,0.00,0.130,0.037,0.018,STANCE,0.0186,-0.1512,0.0164,0,0.00,0.038,0.003,0.003,STANCE,0.0757,0.1867,0.0826,0,0.00,0.162,0.004,0.046,SWING
9.107,1192,tripod,0.4525,0.0010,0.1855,0.0435,-0.0164,-0.0022,0.2909,-0.0561,0.0159,0.3917,-0.0443,-0.5305,1.000,0.000,0.0000,0.0000,0.5368,-0.1845,0.0146,0,0.00,0.225,0.081,0.014,STANCE,0.6792,0.1961,0.1154,0,0.00,0.093,0.065,0.109,SWING,0.3927,-0.3375,0.0637,0,0.00,0.436,0.059,0.101,SWING,0.2515,0.3561,0.0146,0,0.00,0.180,0.020,0.046,STANCE,0.0217,-0.1503,0.0162,0,0.00,0.042,0.078,0.025,STANCE,0.0804,0.1864,0.0840,0,0.00,0.274,0.099,0.101,SWING
9.127,1196,tripod,0.4568,0.0009,0.1850,0.0465,-0.0190,-0.0067,0.2444,0.0116,-0.0095,0.0975,-0.1117,-0.1995,1.000,0.000,0.0000,0.0000,0.5364,-0.1849,0.0147,1,11.31,1.788,0.300,1.882,STANCE,0.6836,0.1988,0.1116,0,0.00,0.510,0.024,0.115,SWING,0.3931,-0.3373,0.0569,0,0.00,0.040,0.031,0.110,SWING,0.2543,0.3577,0.0149,0,0.41,0.393,0.038,0.001,STANCE,0.0247,-0.1469,0.0156,0,0.00,0.129,0.306,0.082,STANCE,0.0849,0.1882,0.0784,0,0.00,0.203,0.060,0.142,SWING
9.148,1200,tripod,0.4607,0.0007,0.1850,0.0466,-0.0173,-0.0050,0.2514,0.0012,-0.0116,-0.2796,0.7527,0.1462,1.000,0.000,0.0000,0.0000,0.5363,-0.1849,0.0148,0,0.00,0.226,0.065,0.016,STANCE,0.6880,0.2001,0.1082,0,0.00,0.363,0.025,0.062,SWING,0.3984,-0.3379,0.0556,0,0.00,0.344,0.120,0.096,SWING,0.2544,0.3577,0.0154,0,0.00,0.210,0.110,0.015,STANCE,0.0283,-0.1461,0.0159,0,0.00,0.073,0.038,0.011,STANCE,0.0887,0.1884,0.0775,0,0.00,0.340,0.130,0.097,SWING
9.168,1204,tripod,0.4647,0.0007,0.1845,0.0466,-0.0167,-0.0041,0.2525,-0.0244,0.0230,0.1338,0.2407,0.0937,1.000,0.000,0.0000,0.0000,0.5359,-0.1850,0.0149,1,13.22,1.518,0.566,1.571,STANCE,0.6917,0.2000,0.1079,0,0.00,0.536,0.007,0.122,SWING,0.4013,-0.3380,0.0535,0,0.00,0.030,0.029,0.115,SWING,0.2544,0.3577,0.0149,1,9.63,1.197,0.413,0.673,STANCE,0.0312,-0.1454,0.0174,0,0.00,0.031,0.387,0.102,STANCE,0.0920,0.1877,0.0754,0,0.00,0.106,0.179,0.155,SWING
9.188,1208,tripod,0.4687,0.0004,0.1847,0.0490,-0.0183,-0.0036,0.2179,-0.0120,0.0056,0.1066,-0.0157,-0.0490,1.000,0.000,0.0000,0.0000,0.5361,-0.1849,0.0147,1,13.93,2.146,0.779,2.581,STANCE,0.6951,0.2029,0.1009,0,0.00,0.349,0.190,0.036,SWING,0.4071,-0.3387,0.0499,0,0.00,0.776,0.209,0.096,SWING,0.2548,0.3576,0.0147,0,0.00,0.228,0.321,0.181,STANCE,0.0353,-0.1446,0.0168,0,0.00,0.253,0.258,0.070,STANCE,0.0958,0.1882,0.0728,0,0.00,0.016,0.239,0.069,SWING
9.209,1212,tripod,0.4725,0.0004,0.1847,0.0497,-0.0193,-0.0032,0.2185,-0.0007,0.0061,0.0914,-0.0577,-0.0400,1.000,0.000,0.0000,0.0000,0.5360,-0.1849,0.0145,1,10.54,1.898,0.011,1.575,STANCE,0.6998,0.2000,0.1068,0,0.00,0.276,0.015,0.095,SWING,0.4139,-0.3385,0.0554,0,0.00,0.799,0.211,0.092,SWING,0.2552,0.3576,0.0145,0,0.00,0.221,0.099,0.121,STANCE,0.0392,-0.1437,0.0162,0,0.00,0.230,0.287,0.077,STANCE,0.1009,0.1886,0.0784,0,0.00,0.022,0.254,0.068,SWING
9.230,1216,tripod,0.4765,0.0002,0.1851,0.0518,-0.0191,-0.0020,0.2067,-0.0088,0.0071,0.0812,-0.0211,0.0217,1.000,0.000,0.0000,0.0000,0.5361,-0.1847,0.0144,1,10.71,0.298,2.403,0.006,STANCE,0.7030,0.2013,0.1072,0,0.00,0.034,0.393,0.118,SWING,0.4167,-0.3380,0.0557,0,0.00,0.556,0.063,0.001,SWING,0.2559,0.3572,0.0148,1,5.34,1.448,2.940,1.335,STANCE,0.0432,-0.1429,0.0162,0,0.00,0.187,0.164,0.043,STANCE,0.1042,0.1875,0.0783,0,0.00,0.003,0.175,0.038,SWING
9.250,1220,tripod,0.4807,-0.0002,0.1853,0.0524,-0.0212,-0.0027,0.2062,-0.0231,-0.0572,-0.0947,-0.4991,-0.1995,1.000,0.000,0.0000,0.0000,0.5363,-0.1849,0.0145,1,6.39,1.939,0.356,0.676,STANCE,0.7068,0.2034,0.1046,0,0.00,0.021,0.294,0.043,SWING,0.4188,-0.3382,0.0523,0,0.00,0.518,0.250,0.123,SWING,0.2566,0.3569,0.0158,0,0.00,0.182,0.016,0.052,STANCE,0.0472,-0.1422,0.0161,0,0.00,0.247,0.348,0.091,STANCE,0.1075,0.1870,0.0725,0,0.00,0.066,0.165,0.156,SWING
9.270,1224,tripod,0.4842,0.0007,0.1843,0.0481,-0.0220,-0.0007,0.2363,0.0842,-0.0230,-0.2491,0.2449,0.1041,1.000,0.000,0.0000,0.0000,0.5363,-0.1848,0.0143,1,5.97,1.191,2.540,0.821,STANCE,0.7114,0.2011,0.1061,0,0.00,0.073,0.127,0.112,SWING,0.4241,-0.3382,0.0539,0,0.00,0.140,0.128,0.093,SWING,0.2573,0.3561,0.0146,1,4.93,2.940,2.940,1.481,STANCE,0.0505,-0.1420,0.0157,0,0.00,0.385,0.000,0.003,STANCE,0.1116,0.1871,0.0728,0,0.00,0.631,0.126,0.107,SWING
9.290,1228,tripod,0.4878,0.0015,0.1838,0.0457,-0.0236,0.0002,0.2475,0.0706,-0.0256,-0.2103,0.2530,0.0757,1.000,0.000,0.0000,0.0000,0.5363,-0.1844,0.0142,1,6.03,1.585,2.079,0.509,STANCE,0.7149,0.2018,0.1054,0,0.00,0.135,0.164,0.110,SWING,0.4284,-0.3376,0.0557,0,0.00,0.271,0.110,0.099,SWING,0.2578,0.3553,0.0149,1,4.77,2.748,2.940,1.526,STANCE,0.0537,-0.1415,0.0160,0,0.00,0.289,0.073,0.024,STANCE,0.1151,0.1873,0.0712,0,0.00,0.547,0.081,0.116,SWING
9.311,1232,tripod,0.4915,0.0022,0.1833,0.0436,-0.0244,0.0010,0.2506,0.0660,-0.0191,-0.1933,0.3342,0.0880,1.000,0.000,0.0000,0.0000,0.5363,-0.1841,0.0141,1,6.06,1.589,2.144,0.567,STANCE,0.7185,0.2025,0.1048,0,0.00,0.125,0.149,0.110,SWING,0.4325,-0.3371,0.0563,0,0.00,0.259,0.120,0.097,SWING,0.2587,0.3542,0.0149,1,4.76,2.783,2.940,1.534,STANCE,0.0569,-0.1410,0.0166,0,0.00,0.302,0.048,0.017,STANCE,0.1188,0.1875,0.0700,0,0.00,0.554,0.094,0.114,SWING
9.331,1236,tripod,0.4953,0.0028,0.1829,0.0412,-0.0243,0.0025,0.2513,0.0649,-0.0229,-0.2301,0.4184,0.1362,1.000,0.000,0.0000,0.0000,0.5363,-0.1838,0.0139,1,6.15,1.666,2.167,0.586,STANCE,0.7219,0.2032,0.1039,0,0.00,0.110,0.148,0.110,SWING,0.4367,-0.3369,0.0567,0,0.00,0.248,0.123,0.096,SWING,0.2596,0.3525,0.0144,1,4.82,2.940,2.940,1.540,STANCE,0.0601,-0.1409,0.0176,0,0.00,0.323,0.044,0.015,STANCE,0.1223,0.1873,0.0691,0,0.00,0.568,0.095,0.114,SWING
9.352,1240,tripod,0.4991,0.0035,0.1824,0.0387,-0.0239,0.0033,0.2578,0.0739,-0.0168,-0.1914,0.4282,0.0981,1.000,0.000,0.0000,0.0000,0.5363,-0.1835,0.0139,1,6.15,1.818,1.937,0.431,STANCE,0.7256,0.2038,0.1029,0,0.00,0.138,0.160,0.109,SWING,0.4408,-0.3366,0.0572,0,0.00,0.284,0.113,0.099,SWING,0.2606,0.3509,0.0140,1,4.81,2.915,2.940,1.533,STANCE,0.0633,-0.1407,0.0187,0,0.00,0.296,0.066,0.022,STANCE,0.1260,0.1874,0.0683,0,0.00,0.538,0.085,0.116,SWING
9.373,1244,tripod,0.5031,0.0042,0.1821,0.0365,-0.0224,0.0040,0.2680,0.0674,-0.0187,-0.2042,0.5049,0.1121,1.000,0.000,0.0000,0.0000,0.5363,-0.1832,0.0138,1,6.01,1.917,1.557,0.188,STANCE,0.7293,0.2045,0.1018,0,0.00,0.238,0.156,0.108,SWING,0.4448,-0.3362,0.0577,0,0.00,0.383,0.111,0.100,SWING,0.2616,0.3492,0.0141,1,4.58,2.237,2.940,1.541,STANCE,0.0665,-0.1405,0.0204,0,0.00,0.165,0.064,0.021,STANCE,0.1297,0.1876,0.0680,0,0.00,0.416,0.093,0.112,SWING
9.393,1248,tripod,0.5071,0.0048,0.1816,0.0332,-0.0200,0.0044,0.2282,0.0324,-0.0261,-0.1269,0.1095,-0.0562,1.000,0.000,0.0000,0.0000,0.5361,-0.1830,0.0137,1,11.77,0.219,2.291,0.134,STANCE,0.7326,0.2050,0.1020,0,0.00,0.437,0.048,0.114,SWING,0.4480,-0.3360,0.0571,0,0.00,0.215,0.016,0.112,SWING,0.2622,0.3473,0.0141,1,4.10,0.540,2.940,1.538,STANCE,0.0696,-0.1405,0.0228,0,0.00,0.011,0.374,0.097,STANCE,0.1333,0.1874,0.0698,0,0.00,0.120,0.012,0.152,SWING
9.414,1252,tripod,0.5111,0.0058,0.1808,0.0285,-0.0170,0.0058,0.2268,0.0597,-0.0563,-0.2740,0.0480,0.0027,1.000,0.000,0.0000,0.0000,0.5360,-0.1828,0.0137,1,11.31,0.341,2.451,0.064,STANCE,0.7360,0.2063,0.0997,0,0.00,0.043,0.279,0.100,SWING,0.4532,-0.3357,0.0595,0,0.00,0.598,0.082,0.006,SWING,0.2626,0.3457,0.0141,1,4.41,1.572,2.940,1.506,STANCE,0.0727,-0.1408,0.0251,0,0.00,0.213,0.280,0.072,STANCE,0.1373,0.1877,0.0719,0,0.00,0.027,0.259,0.028,SWING
9.434,1256,tripod,0.5154,0.0069,0.1800,0.0229,-0.0088,0.0069,0.2598,0.0795,-0.0749,-0.5829,1.1298,0.1166,1.000,0.000,0.0000,0.0000,0.5357,-0.1825,0.0137,0,0.00,0.148,0.048,0.006,STANCE,0.7399,0.2061,0.0984,0,0.00,0.267,0.003,0.012,SWING,0.4565,-0.3351,0.0608,0,0.00,0.391,0.094,0.100,SWING,0.2630,0.3437,0.0141,0,0.44,0.121,0.129,0.072,STANCE,0.0756,-0.1410,0.0287,0,0.00,0.148,0.013,0.005,STANCE,0.1407,0.1877,0.0727,0,0.00,0.353,0.129,0.097,SWING
9.454,1260,tripod,0.5197,0.0081,0.1789,0.0170,-0.0022,0.0074,0.2585,0.0658,-0.0583,-0.3113,0.3216,-0.0185,1.000,0.000,0.0000,0.0000,0.5351,-0.1823,0.0137,1,9.81,0.969,2.256,0.224,STANCE,0.7430,0.2073,0.0943,0,0.00,0.427,0.023,0.113,SWING,0.4594,-0.3349,0.0610,0,0.00,0.150,0.026,0.114,SWING,0.2631,0.3418,0.0142,1,4.18,0.785,2.940,1.537,STANCE,0.0784,-0.1413,0.0332,0,0.00,0.060,0.276,0.071,STANCE,0.1437,0.1877,0.0723,0,0.00,0.166,0.092,0.144,SWING
9.475,1264,tripod,0.5244,0.0095,0.1777,0.0107,0.0051,0.0079,0.2637,0.0697,-0.0713,-0.3596,0.3524,-0.0191,1.000,0.000,0.0000,0.0000,0.5351,-0.1820,0.0136,1,9.64,0.563,2.155,0.194,STANCE,0.7467,0.2098,0.0876,0,0.00,0.158,0.254,0.088,SWING,0.4626,-0.3344,0.0604,0,0.00,0.329,0.233,0.122,SWING,0.2637,0.3402,0.0142,1,4.23,0.966,2.940,1.539,STANCE,0.0816,-0.1413,0.0372,0,0.00,0.057,0.380,0.099,STANCE,0.1471,0.1881,0.0708,0,0.00,0.127,0.065,0.145,SWING
9.495,1268,tripod,0.5293,0.0111,0.1762,0.0030,0.0133,0.0087,0.2868,0.0922,-0.1006,-0.4869,0.3963,-0.0092,1.000,0.000,0.0000,0.0000,0.5351,-0.1817,0.0136,1,10.37,0.775,2.531,0.387,STANCE,0.7510,0.2102,0.0834,0,0.00,0.025,0.288,0.111,SWING,0.4687,-0.3337,0.0648,0,0.00,0.602,0.086,0.016,SWING,0.2643,0.3386,0.0142,1,4.53,2.046,2.940,1.520,STANCE,0.0851,-0.1416,0.0414,0,0.00,0.244,0.257,0.066,STANCE,0.1517,0.1892,0.0738,0,0.00,0.009,0.252,0.019,SWING
9.515,1272,tripod,0.5346,0.0127,0.1747,-0.0046,0.0253,0.0092,0.3087,0.1019,-0.1131,-0.5356,0.6517,0.0020,1.000,0.000,0.0000,0.0000,0.5351,-0.1813,0.0135,1,10.11,1.312,2.635,0.539,STANCE,0.7550,0.2119,0.0763,0,0.00,0.032,0.390,0.140,SWING,0.4726,-0.3331,0.0655,0,0.00,0.673,0.100,0.049,SWING,0.2652,0.3367,0.0141,1,4.77,2.800,2.940,1.508,STANCE,0.0887,-0.1417,0.0471,0,0.00,0.300,0.150,0.037,STANCE,0.1555,0.1897,0.0742,0,0.00,0.045,0.204,0.033,SWING
9.535,1276,tripod,0.5403,0.0147,0.1726,-0.0157,0.0422,0.0114,0.3496,0.1360,-0.1462,-0.8942,1.5772,0.2016,1.000,0.000,0.0000,0.0000,0.5351,-0.1811,0.0137,0,0.00,0.120,0.053,0.006,STANCE,0.7592,0.2115,0.0720,0,0.00,0.270,0.025,0.031,SWING,0.4772,-0.3322,0.0690,0,0.00,0.389,0.088,0.100,SWING,0.2650,0.3342,0.0142,1,0.55,0.197,0.169,0.091,STANCE,0.0924,-0.1425,0.0544,0,0.00,0.176,0.012,0.005,STANCE,0.1594,0.1896,0.0769,0,0.00,0.353,0.137,0.096,SWING
9.555,1280,tripod,0.5462,0.0169,0.1703,-0.0268,0.0583,0.0121,0.3570,0.1193,-0.1471,-0.6179,0.9816,-0.0213,1.000,0.000,0.0000,0.0000,0.5352,-0.1809,0.0140,1,8.29,1.276,2.214,0.581,STANCE,0.7626,0.2131,0.0640,0,0.00,0.425,0.036,0.113,SWING,0.4813,-0.3314,0.0710,0,0.00,0.137,0.025,0.115,SWING,0.2651,0.3318,0.0142,1,4.24,0.974,2.940,1.562,STANCE,0.0963,-0.1430,0.0626,0,0.00,0.045,0.299,0.077,STANCE,0.1631,0.1898,0.0782,0,0.00,0.180,0.091,0.147,SWING
9.575,1284,tripod,0.5524,0.0193,0.1673,-0.0398,0.0774,0.0132,0.3714,0.1540,-0.1878,-0.7501,1.0253,0.0380,1.000,0.000,0.0000,0.0000,0.5354,-0.1806,0.0142,1,9.77,1.289,2.567,0.680,STANCE,0.7661,0.2150,0.0534,0,0.00,0.023,0.202,0.095,SWING,0.4876,-0.3303,0.0754,0,0.00,0.593,0.069,0.003,SWING,0.2653,0.3296,0.0143,1,4.64,2.603,2.940,1.519,STANCE,0.1007,-0.1436,0.0713,0,0.00,0.280,0.253,0.065,STANCE,0.1678,0.1907,0.0819,0,0.00,0.020,0.221,0.031,SWING
9.594,1288,tripod,0.5591,0.0220,0.1637,-0.0563,0.1043,0.0141,0.4139,0.1745,-0.2518,-1.2924,2.1813,0.1936,1.000,0.000,0.0000,0.0000,0.5353,-0.1804,0.0146,0,0.00,0.129,0.033,0.007,STANCE,0.7700,0.2153,0.0432,0,0.00,0.304,0.017,0.008,SWING,0.4923,-0.3290,0.0791,0,0.00,0.432,0.122,0.096,SWING,0.2651,0.3269,0.0145,0,0.00,0.231,0.010,0.006,STANCE,0.1053,-0.1440,0.0823,0,0.00,0.125,0.003,0.003,STANCE,0.1720,0.1911,0.0851,0,0.00,0.293,0.117,0.099,SWING
9.614,1292,tripod,0.5662,0.0249,0.1595,-0.0722,0.1306,0.0138,0.4278,0.1690,-0.2789,-0.9481,1.5948,-0.0196,1.000,0.000,0.0000,0.0000,0.5355,-0.1801,0.0150,1,11.41,1.266,1.367,0.629,STANCE,0.7729,0.2169,0.0300,0,0.00,0.346,0.020,0.111,SWING,0.4970,-0.3278,0.0813,0,0.00,0.041,0.029,0.108,SWING,0.2651,0.3244,0.0149,1,3.64,0.787,2.473,1.324,STANCE,0.1106,-0.1441,0.0943,0,0.00,0.127,0.180,0.044,STANCE,0.1762,0.1917,0.0874,0,0.00,0.231,0.010,0.126,SWING
9.633,1296,tripod,0.5734,0.0281,0.1540,-0.0891,0.1594,0.0129,0.3706,0.2112,-0.3106,-0.2161,0.9510,0.4017,1.000,0.000,0.0000,0.0000,0.5353,-0.1798,0.0149,1,22.53,0.092,2.940,0.814,STANCE,0.7757,0.2181,0.0135,1,42.04,2.940,2.940,2.940,SWING,0.5037,-0.3260,0.0858,0,0.00,0.107,0.429,0.083,SWING,0.2656,0.3223,0.0148,1,0.80,0.741,0.091,0.128,STANCE,0.1162,-0.1432,0.1067,0,0.00,0.311,0.650,0.181,STANCE,0.1819,0.1938,0.0919,0,0.00,0.702,0.027,0.010,SWING
9.654,1300,tripod,0.5778,0.0287,0.1534,-0.0799,0.1484,0.0100,0.1098,-0.0416,0.0904,0.9547,-1.0696,-0.0305,1.000,0.000,0.0000,0.0000,0.5355,-0.1795,0.0146,1,8.75,0.632,2.940,1.571,STANCE,0.7761,0.2184,0.0130,1,18.09,1.301,0.425,2.940,SWING,0.5033,-0.3258,0.0737,0,0.00,0.117,0.111,0.105,SWING,0.2703,0.3232,0.0152,0,0.00,0.049,0.176,0.043,STANCE,0.1209,-0.1409,0.1020,0,0.00,0.021,0.119,0.031,STANCE,0.1850,0.1950,0.0808,0,0.00,0.123,0.077,0.147,SWING
9.674,1304,tripod,0.5772,0.0269,0.1566,-0.0669,0.1280,0.0162,-0.1111,-0.1723,0.2838,0.5699,-1.3666,-0.0710,1.000,0.000,0.0000,0.0000,0.5355,-0.1793,0.0144,1,5.81,0.582,2.940,1.981,STANCE,0.7761,0.2185,0.0129,1,16.19,1.658,0.078,2.940,SWING,0.5067,-0.3262,0.0660,0,0.00,0.289,0.551,0.069,SWING,0.2696,0.3201,0.0173,0,0.00,0.468,0.114,0.037,STANCE,0.1225,-0.1442,0.0944,0,0.00,0.475,0.051,0.016,STANCE,0.1839,0.1932,0.0743,0,0.00,0.464,0.474,0.071,SWING
9.695,1308,tripod,0.5742,0.0239,0.1611,-0.0584,0.1030,0.0204,-0.2047,-0.1777,0.1817,0.4112,-1.4622,0.2958,1.000,0.000,0.0000,0.0000,0.5350,-0.1797,0.0145,0,0.00,0.143,0.011,0.005,STANCE,0.7762,0.2177,0.0157,0,0.00,0.333,0.059,0.205,SWING,0.5068,-0.3285,0.0644,0,0.00,0.348,0.003,0.006,SWING,0.2677,0.3147,0.0175,0,0.00,0.188,0.001,0.000,STANCE,0.1218,-0.1487,0.0873,0,0.00,0.061,0.025,0.009,STANCE,0.1822,0.1901,0.0696,0,0.00,0.155,0.005,0.006,SWING
9.714,1312,tripod,0.5714,0.0223,0.1638,-0.0491,0.0795,0.0280,-0.1693,-0.0325,0.1430,0.4790,-1.5054,0.4516,1.000,0.000,0.0000,0.0000,0.5341,-0.1804,0.0144,1,10.56,1.528,1.366,0.399,STANCE,0.7775,0.2186,0.0291,0,0.00,0.058,0.240,0.045,SWING,0.5092,-0.3298,0.0635,0,0.00,0.378,0.042,0.049,SWING,0.2644,0.3089,0.0161,0,0.00,0.239,0.121,0.034,STANCE,0.1220,-0.1544,0.0788,0,0.00,0.216,0.188,0.048,STANCE,0.1807,0.1869,0.0663,0,0.00,0.044,0.104,0.078,SWING
9.734,1316,tripod,0.5693,0.0222,0.1659,-0.0430,0.0601,0.0317,-0.0828,-0.0114,0.1292,0.3869,-0.8168,-0.1760,1.000,0.000,0.0000,0.0000,0.5334,-0.1802,0.0146,0,0.00,0.132,0.057,0.013,STANCE,0.7778,0.2201,0.0394,0,0.00,0.450,0.063,0.074,SWING,0.5111,-0.3289,0.0648,0,0.00,0.316,0.068,0.110,SWING,0.2615,0.3049,0.0148,0,0.68,0.341,0.203,0.117,STANCE,0.1227,-0.1582,0.0713,0,0.00,0.115,0.006,0.003,STANCE,0.1803,0.1857,0.0643,0,0.00,0.097,0.146,0.090,SWING
9.754,1320,tripod,0.5689,0.0225,0.1675,-0.0380,0.0472,0.0334,0.0297,0.0314,0.0746,0.0948,-0.1267,0.2007,1.000,0.000,0.0000,0.0000,0.5328,-0.1797,0.0147,0,0.00,0.253,0.027,0.008,STANCE,0.7810,0.2180,0.0512,0,0.00,0.520,0.074,0.108,SWING,0.5157,-0.3276,0.0691,0,0.00,0.059,0.115,0.098,SWING,0.2605,0.3031,0.0151,0,0.00,0.441,0.041,0.012,STANCE,0.1240,-0.1603,0.0665,0,0.00,0.095,0.009,0.001,STANCE,0.1824,0.1876,0.0672,0,0.00,0.332,0.114,0.102,SWING
9.774,1324,tripod,0.5695,0.0225,0.1680,-0.0369,0.0337,0.0329,0.0532,0.0216,0.0089,0.0143,-0.4765,0.1165,1.000,0.000,0.0000,0.0000,0.5323,-0.1793,0.0147,1,6.24,2.816,1.813,0.695,STANCE,0.7820,0.2193,0.0552,0,0.00,0.282,0.011,0.108,SWING,0.5181,-0.3271,0.0714,0,0.00,0.580,0.177,0.092,SWING,0.2600,0.3002,0.0145,1,4.84,2.940,2.940,1.521,STANCE,0.1263,-0.1626,0.0621,0,0.00,0.212,0.206,0.052,STANCE,0.1850,0.1883,0.0661,0,0.00,0.173,0.269,0.079,SWING
9.794,1328,tripod,0.5713,0.0232,0.1682,-0.0368,0.0300,0.0333,0.1222,0.0479,-0.0109,-0.0133,-0.0568,0.0824,1.000,0.000,0.0000,0.0000,0.5324,-0.1792,0.0147,1,6.01,2.940,1.534,0.470,STANCE,0.7849,0.2201,0.0613,0,0.00,0.230,0.030,0.023,SWING,0.5207,-0.3263,0.0746,0,0.00,0.492,0.162,0.095,SWING,0.2594,0.2964,0.0145,1,4.89,2.940,2.940,1.497,STANCE,0.1290,-0.1648,0.0610,0,0.00,0.171,0.174,0.043,STANCE,0.1883,0.1887,0.0679,0,0.00,0.190,0.251,0.082,SWING
9.814,1332,tripod,0.5742,0.0241,0.1678,-0.0389,0.0324,0.0327,0.1829,0.0637,-0.0418,-0.1486,0.1081,-0.1645,1.000,0.000,0.0000,0.0000,0.5325,-0.1790,0.0149,1,5.51,0.623,0.762,0.190,STANCE,0.7871,0.2204,0.0630,0,0.00,0.431,0.171,0.092,SWING,0.5195,-0.3256,0.0723,0,0.00,0.263,0.019,0.103,SWING,0.2588,0.2921,0.0155,0,0.00,0.189,0.004,0.002,STANCE,0.1322,-0.1669,0.0628,0,0.00,0.106,0.119,0.030,STANCE,0.1898,0.1875,0.0652,0,0.00,0.039,0.038,0.117,SWING
9.834,1336,tripod,0.5769,0.0264,0.1664,-0.0451,0.0371,0.0316,0.1964,0.1704,-0.1025,-0.5949,0.9552,0.1303,1.000,0.000,0.0000,0.0000,0.5327,-0.1789,0.0150,0,0.00,0.025,0.030,0.009,STANCE,0.7915,0.2217,0.0619,0,0.00,0.458,0.082,0.106,SWING,0.5243,-0.3240,0.0762,0,0.00,0.154,0.119,0.098,SWING,0.2589,0.2901,0.0150,0,0.00,0.253,0.003,0.003,STANCE,0.1348,-0.1673,0.0646,0,0.00,0.104,0.004,0.003,STANCE,0.1937,0.1908,0.0672,0,0.00,0.339,0.106,0.103,SWING
9.853,1340,tripod,0.5802,0.0293,0.1642,-0.0525,0.0461,0.0292,0.2337,0.1984,-0.1546,-0.7441,1.2159,0.1207,1.000,0.000,0.0000,0.0000,0.5326,-0.1786,0.0149,0,0.00,0.013,0.029,0.009,STANCE,0.7949,0.2235,0.0593,0,0.00,0.411,0.084,0.106,SWING,0.5263,-0.3215,0.0786,0,0.00,0.253,0.119,0.098,SWING,0.2589,0.2888,0.0151,0,0.00,0.237,0.015,0.007,STANCE,0.1373,-0.1667,0.0684,0,0.00,0.108,0.003,0.002,STANCE,0.1970,0.1937,0.0686,0,0.00,0.358,0.110,0.102,SWING
9.873,1344,tripod,0.5840,0.0325,0.1611,-0.0617,0.0564,0.0259,0.2518,0.2142,-0.1965,-0.6414,0.9007,-0.0578,1.000,0.000,0.0000,0.0000,0.5326,-0.1782,0.0147,1,5.97,2.871,1.723,0.715,STANCE,0.7982,0.2253,0.0534,0,0.00,0.311,0.016,0.106,SWING,0.5316,-0.3186,0.0830,0,0.00,0.592,0.148,0.096,SWING,0.2594,0.2882,0.0146,1,4.74,2.940,2.940,1.546,STANCE,0.1400,-0.1654,0.0729,0,0.00,0.182,0.212,0.054,STANCE,0.2017,0.1985,0.0715,0,0.00,0.188,0.286,0.077,SWING
9.893,1348,tripod,0.5890,0.0361,0.1574,-0.0741,0.0748,0.0229,0.2770,0.2260,-0.2612,-0.9169,0.8538,-0.1872,1.000,0.000,0.0000,0.0000,0.5327,-0.1778,0.0149,1,4.53,0.379,1.555,0.810,STANCE,0.7997,0.2298,0.0407,0,0.00,0.235,0.208,0.090,SWING,0.5276,-0.3169,0.0775,0,0.00,0.268,0.180,0.105,SWING,0.2601,0.2870,0.0150,0,0.00,0.125,0.026,0.007,STANCE,0.1435,-0.1639,0.0807,0,0.00,0.098,0.148,0.038,STANCE,0.2024,0.1987,0.0655,0,0.00,0.128,0.143,0.128,SWING
9.912,1352,tripod,0.5943,0.0403,0.1526,-0.0888,0.0986,0.0206,0.3458,0.2312,-0.3195,-0.7370,1.4154,-0.3029,1.000,0.000,0.0000,0.0000,0.5327,-0.1775,0.0151,0,0.00,0.028,0.085,0.025,STANCE,0.8038,0.2303,0.0304,0,0.00,0.424,0.134,0.108,SWING,0.5323,-0.3138,0.0808,0,0.00,0.047,0.195,0.076,SWING,0.2605,0.2864,0.0153,0,0.00,0.114,0.051,0.014,STANCE,0.1472,-0.1621,0.0899,0,0.00,0.014,0.109,0.031,STANCE,0.2063,0.2024,0.0681,0,0.00,0.111,0.217,0.117,SWING
9.932,1356,tripod,0.6002,0.0450,0.1465,-0.1073,0.1261,0.0189,0.4086,0.3072,-0.3929,-1.3145,2.3705,0.2597,1.000,0.000,0.0000,0.0000,0.5330,-0.1769,0.0151,0,0.00,0.084,0.052,0.021,STANCE,0.8081,0.2301,0.0197,0,0.00,0.533,0.089,0.103,SWING,0.5413,-0.3092,0.0883,0,0.00,0.528,0.112,0.100,SWING,0.2613,0.2863,0.0151,0,0.00,0.066,0.016,0.004,STANCE,0.1517,-0.1595,0.0997,0,0.00,0.086,0.016,0.007,STANCE,0.2125,0.2076,0.0750,0,0.00,0.390,0.124,0.102,SWING
9.952,1360,tripod,0.6063,0.0480,0.1430,-0.1077,0.1249,0.0076,0.2504,0.0656,0.0059,0.8121,-1.1058,-0.6503,1.000,0.000,0.0000,0.0000,0.5334,-0.1762,0.0146,1,8.67,0.797,2.940,1.727,STANCE,0.8082,0.2328,0.0116,1,23.02,0.350,1.369,2.940,SWING,0.5353,-0.3076,0.0759,0,0.00,0.229,0.122,0.106,SWING,0.2664,0.2883,0.0149,1,5.98,2.940,2.940,1.656,STANCE,0.1561,-0.1530,0.0999,0,0.00,0.435,0.207,0.055,STANCE,0.2158,0.2111,0.0615,0,0.00,0.591,0.204,0.174,SWING
9.973,1364,tripod,0.6074,0.0481,0.1460,-0.0940,0.1098,0.0070,-0.0547,-0.0375,0.2769,0.5963,-1.0418,-0.1409,1.000,0.000,0.0000,0.0000,0.5335,-0.1762,0.0143,1,5.16,0.707,2.940,2.262,STANCE,0.8084,0.2330,0.0117,1,16.99,0.966,0.302,2.940,SWING,0.5356,-0.3077,0.0658,0,0.00,0.026,0.168,0.006,SWING,0.2709,0.2912,0.0153,0,0.00,0.137,0.072,0.018,STANCE,0.1578,-0.1508,0.0934,0,0.00,0.096,0.040,0.010,STANCE,0.2164,0.2135,0.0503,0,0.00,0.196,0.202,0.115,SWING
9.993,1368,tripod,0.6050,0.0474,0.1513,-0.0873,0.0914,0.0074,-0.1663,-0.0370,0.2549,0.1674,-0.9442,0.0325,1.000,0.000,0.0000,0.0000,0.5330,-0.1764,0.0144,0,0.00,0.014,0.004,0.004,STANCE,0.8108,0.2326,0.0143,0,0.00,0.426,0.037,0.139,SWING,0.5375,-0.3071,0.0668,0,0.00,0.496,0.103,0.102,SWING,0.2705,0.2903,0.0170,0,0.00,0.121,0.007,0.003,STANCE,0.1564,-0.1508,0.0896,0,0.00,0.013,0.029,0.010,STANCE,0.2167,0.2153,0.0526,0,0.00,0.202,0.100,0.106,SWING
10.012,1372,tripod,0.6027,0.0467,0.1544,-0.0832,0.0771,0.0068,-0.1187,-0.0524,0.1477,0.2859,-0.7648,-0.2262,1.000,0.000,0.0000,0.0000,0.5305,-0.1783,0.0158,0,0.00,0.003,0.044,0.018,STANCE,0.8116,0.2320,0.0239,0,0.00,0.451,0.113,0.095,SWING,0.5360,-0.3066,0.0707,0,0.00,0.405,0.102,0.098,SWING,0.2695,0.2885,0.0165,0,0.00,0.029,0.026,0.009,STANCE,0.1547,-0.1511,0.0864,0,0.00,0.059,0.012,0.004,STANCE,0.2163,0.2150,0.0539,0,0.00,0.092,0.102,0.098,SWING
10.031,1376,tripod,0.6014,0.0467,0.1560,-0.0783,0.0627,0.0072,0.0010,0.0803,0.1143,0.3227,-0.6812,0.1549,1.000,0.000,0.0000,0.0000,0.5292,-0.1792,0.0145,1,12.71,1.161,0.665,2.940,STANCE,0.8146,0.2305,0.0322,0,0.00,0.586,0.137,0.098,SWING,0.5419,-0.3054,0.0777,0,0.00,0.478,0.126,0.119,SWING,0.2694,0.2877,0.0148,1,1.54,0.020,1.002,0.556,STANCE,0.1538,-0.1507,0.0813,0,0.00,0.021,0.017,0.001,STANCE,0.2190,0.2185,0.0590,0,0.00,0.255,0.169,0.096,SWING
10.051,1380,tripod,0.6025,0.0488,0.1580,-0.0726,0.0498,0.0085,0.0357,0.1422,0.0629,0.0218,-0.9172,-0.0103,1.000,0.000,0.0000,0.0000,0.5293,-0.1790,0.0144,1,1.20,0.001,0.620,0.470,STANCE,0.8156,0.2373,0.0300,0,0.00,0.069,0.035,0.037,SWING,0.5379,-0.3036,0.0714,0,0.00,0.231,0.375,0.100,SWING,0.2708,0.2885,0.0153,0,0.00,0.033,0.002,0.001,STANCE,0.1558,-0.1490,0.0773,0,0.00,0.015,0.193,0.050,STANCE,0.2188,0.2175,0.0521,0,0.00,0.128,0.256,0.060,SWING
10.070,1384,tripod,0.6040,0.0511,0.1582,-0.0726,0.0483,0.0113,0.1135,0.1283,-0.0041,0.0042,-0.3191,-0.0531,1.000,0.000,0.0000,0.0000,0.5292,-0.1789,0.0149,1,2.65,0.051,1.432,1.024,STANCE,0.8186,0.2377,0.0375,0,0.00,0.508,0.019,0.109,SWING,0.5419,-0.3012,0.0752,0,0.00,0.056,0.056,0.098,SWING,0.2708,0.2882,0.0155,0,0.00,0.027,0.021,0.006,STANCE,0.1577,-0.1481,0.0771,0,0.00,0.001,0.160,0.042,STANCE,0.2214,0.2194,0.0553,0,0.00,0.052,0.024,0.143,SWING
10.090,1388,tripod,0.6060,0.0537,0.1571,-0.0748,0.0486,0.0127,0.1514,0.1803,-0.0885,-0.1838,0.3693,0.1721,1.000,0.000,0.0000,0.0000,0.5294,-0.1787,0.0147,1,3.70,1.543,1.454,0.893,STANCE,0.8201,0.2417,0.0340,0,0.00,0.330,0.001,0.107,SWING,0.5467,-0.2989,0.0773,0,0.00,0.603,0.185,0.090,SWING,0.2716,0.2885,0.0148,1,2.38,1.629,1.400,0.741,STANCE,0.1599,-0.1466,0.0767,0,0.00,0.111,0.173,0.045,STANCE,0.2247,0.2222,0.0562,0,0.00,0.158,0.200,0.090,SWING
10.109,1392,tripod,0.6091,0.0566,0.1549,-0.0777,0.0568,0.0131,0.1694,0.1941,-0.1663,-0.5635,0.3054,0.0205,1.000,0.000,0.0000,0.0000,0.5292,-0.1782,0.0144,1,32.35,2.028,2.940,2.346,STANCE,0.8206,0.2463,0.0269,0,0.00,0.050,0.066,0.093,SWING,0.5456,-0.2969,0.0723,0,0.00,0.280,0.297,0.157,SWING,0.2720,0.2887,0.0161,0,0.00,0.056,0.097,0.025,STANCE,0.1625,-0.1449,0.0796,0,0.00,0.063,0.568,0.145,STANCE,0.2254,0.2228,0.0527,0,0.00,0.005,0.267,0.094,SWING
10.128,1396,tripod,0.6129,0.0608,0.1515,-0.0880,0.0714,0.0161,0.2859,0.2608,-0.2253,-0.7428,1.5380,0.4030,1.000,0.000,0.0000,0.0000,0.5295,-0.1777,0.0148,0,0.00,0.089,0.140,0.017,STANCE,0.8257,0.2446,0.0283,0,0.00,0.572,0.082,0.103,SWING,0.5555,-0.2928,0.0805,0,0.00,0.623,0.116,0.099,SWING,0.2722,0.2884,0.0154,0,0.00,0.025,0.068,0.021,STANCE,0.1658,-0.1435,0.0844,0,0.00,0.114,0.001,0.002,STANCE,0.2298,0.2269,0.0597,0,0.00,0.394,0.123,0.103,SWING
10.147,1400,tripod,0.6174,0.0648,0.1465,-0.0977,0.0870,0.0149,0.2603,0.2921,-0.3407,-1.1480,0.9357,0.0618,1.000,0.000,0.0000,0.0000,0.5298,-0.1768,0.0146,1,12.09,2.347,0.481,2.711,STANCE,0.8270,0.2509,0.0173,0,0.00,0.360,0.142,0.011,SWING,0.5569,-0.2894,0.0791,0,0.00,0.462,0.133,0.120,SWING,0.2732,0.2889,0.0156,0,0.00,0.237,0.012,0.000,STANCE,0.1694,-0.1411,0.0897,0,0.00,0.119,0.012,0.008,STANCE,0.2325,0.2295,0.0590,0,0.00,0.114,0.107,0.108,SWING
10.167,1404,tripod,0.6214,0.0685,0.1434,-0.0964,0.0912,0.0171,0.1393,0.0813,0.0001,1.1803,-0.9302,0.0231,0.000,0.000,0.0000,0.0000,0.5321,-0.1745,0.0144,1,5.58,0.350,2.940,2.179,STANCE,0.8297,0.2506,0.0135,1,23.35,1.945,1.334,2.940,STANCE,0.5669,-0.2879,0.0740,0,0.00,0.228,0.054,0.126,STANCE,0.2749,0.2898,0.0146,1,5.33,2.940,2.627,1.450,STANCE,0.1740,-0.1392,0.0907,0,0.00,0.070,0.120,0.032,STANCE,0.2356,0.2344,0.0545,0,0.00,0.216,0.010,0.123,STANCE
10.188,1408,tripod,0.6212,0.0677,0.1456,-0.0798,0.0729,0.0171,-0.1081,-0.0984,0.2139,0.8514,-1.1802,-0.0892,0.000,0.000,0.0000,0.0000,0.5322,-0.1744,0.0144,1,9.87,0.308,2.940,1.317,STANCE,0.8298,0.2507,0.0132,1,15.87,0.443,0.067,2.940,STANCE,0.5685,-0.2906,0.0573,0,0.00,0.115,0.009,0.105,STANCE,0.2772,0.2909,0.0146,0,0.00,0.056,0.077,0.018,STANCE,0.1756,-0.1397,0.0811,0,0.00,0.027,0.111,0.028,STANCE,0.2347,0.2342,0.0413,0,0.00,0.027,0.041,0.113,STANCE
10.209,1412,tripod,0.6180,0.0655,0.1503,-0.0689,0.0509,0.0157,-0.2124,-0.1317,0.3019,0.6434,-1.3421,-0.0979,0.000,0.000,0.0000,0.0000,0.5319,-0.1745,0.0143,1,5.52,1.528,2.940,2.124,STANCE,0.8296,0.2505,0.0131,1,5.32,0.813,1.642,0.595,STANCE,0.5673,-0.2941,0.0451,0,0.00,0.017,0.086,0.093,STANCE,0.2771,0.2897,0.0147,1,1.45,1.297,0.473,0.221,STANCE,0.1744,-0.1417,0.0737,0,0.00,0.020,0.048,0.011,STANCE,0.2325,0.2320,0.0281,0,0.00,0.027,0.044,0.106,STANCE
10.231,1416,tripod,0.6147,0.0634,0.1554,-0.0575,0.0298,0.0138,-0.1319,-0.1525,0.3506,1.0446,-0.6126,-0.2439,0.000,0.000,0.0000,0.0000,0.5316,-0.1746,0.0143,1,6.25,2.940,2.940,1.983,STANCE,0.8292,0.2504,0.0131,1,12.33,0.469,2.940,0.586,STANCE,0.5663,-0.2966,0.0334,0,0.00,0.076,0.161,0.088,STANCE,0.2767,0.2885,0.0147,0,0.00,0.082,0.791,0.203,STANCE,0.1729,-0.1435,0.0665,0,0.00,0.021,0.651,0.167,STANCE,0.2312,0.2300,0.0147,1,41.28,0.471,2.940,2.940,STANCE
10.252,1420,tripod,0.6144,0.0601,0.1627,-0.0344,0.0298,0.0103,-0.0029,-0.1998,0.4502,1.3346,0.0079,-0.1761,0.000,0.000,0.0000,0.0000,0.5326,-0.1721,0.0142,1,5.38,1.924,2.940,2.055,STANCE,0.8290,0.2499,0.0131,1,5.39,0.055,2.640,1.407,STANCE,0.5651,-0.2975,0.0208,0,0.00,0.010,0.065,0.094,STANCE,0.2766,0.2888,0.0272,0,0.00,0.001,0.055,0.013,STANCE,0.1720,-0.1441,0.0686,0,0.00,0.002,0.048,0.012,STANCE,0.2312,0.2297,0.0145,1,2.57,0.451,1.705,0.994,STANCE
10.272,1424,tripod,0.6145,0.0585,0.1716,-0.0230,0.0292,0.0080,0.0114,0.0139,0.6465,0.0284,-0.0668,-0.1158,0.000,0.000,0.0000,0.0000,0.5330,-0.1710,0.0181,0,0.00,0.022,0.044,0.000,STANCE,0.8289,0.2496,0.0131,1,6.18,0.498,2.940,1.445,STANCE,0.5648,-0.2974,0.0142,1,5.60,0.405,2.940,1.682,STANCE,0.2774,0.2885,0.0378,0,0.00,0.007,0.116,0.032,STANCE,0.1719,-0.1446,0.0740,0,0.00,0.009,0.047,0.010,STANCE,0.2316,0.2294,0.0146,1,4.27,0.106,2.940,1.780,STANCE
10.293,1428,tripod,0.6148,0.0587,0.1826,-0.0215,0.0287,0.0058,0.0236,0.0193,0.6630,0.1322,-0.0221,-0.1249,0.000,0.000,0.0000,0.0000,0.5330,-0.1702,0.0275,0,0.00,0.028,0.109,0.012,STANCE,0.8285,0.2492,0.0131,1,4.81,0.451,2.611,1.260,STANCE,0.5649,-0.2966,0.0141,1,4.71,0.533,2.940,1.728,STANCE,0.2785,0.2888,0.0477,0,0.00,0.005,0.075,0.022,STANCE,0.1721,-0.1440,0.0844,0,0.00,0.014,0.019,0.005,STANCE,0.2333,0.2291,0.0150,1,2.39,0.300,2.940,2.143,STANCE
10.313,1432,tripod,0.6152,0.0589,0.1928,-0.0247,0.0308,0.0042,0.0179,0.0029,0.5389,-0.4086,0.1191,-0.0761,0.000,0.000,0.0000,0.0000,0.5328,-0.1701,0.0363,0,0.00,0.008,0.014,0.005,STANCE,0.8297,0.2501,0.0138,0,0.00,0.014,0.132,0.121,STANCE,0.5654,-0.2932,0.0141,0,0.00,0.060,0.480,0.295,STANCE,0.2794,0.2885,0.0570,0,0.00,0.027,0.065,0.019,STANCE,0.1722,-0.1439,0.0961,0,0.00,0.005,0.087,0.022,STANCE,0.2394,0.2266,0.0167,0,0.00,0.028,0.137,0.036,STANCE
10.331,1436,tripod,0.6155,0.0589,0.2001,-0.0284,0.0332,0.0029,0.0195,0.0039,0.3653,-0.1592,0.1303,-0.0584,0.000,0.000,0.0000,0.0000,0.5325,-0.1706,0.0428,0,0.00,0.009,0.071,0.014,STANCE,0.8351,0.2549,0.0158,0,0.00,0.010,0.032,0.022,STANCE,0.5653,-0.2923,0.0196,0,0.00,0.005,0.014,0.010,STANCE,0.2800,0.2878,0.0633,0,0.00,0.012,0.025,0.009,STANCE,0.1722,-0.1441,0.1057,0,0.00,0.003,0.040,0.011,STANCE,0.2402,0.2255,0.0219,0,0.00,0.011,0.073,0.027,STANCE
10.350,1440,tripod,0.6158,0.0590,0.2047,-0.0314,0.0350,0.0018,0.0204,0.0048,0.2041,-0.1779,0.0774,-0.0501,0.000,0.000,0.0000,0.0000,0.5323,-0.1710,0.0462,0,0.00,0.005,0.071,0.016,STANCE,0.8361,0.2554,0.0179,0,0.00,0.004,0.071,0.008,STANCE,0.5651,-0.2927,0.0239,0,0.00,0.000,0.070,0.019,STANCE,0.2805,0.2874,0.0676,0,0.00,0.007,0.007,0.001,STANCE,0.1722,-0.1441,0.1121,0,0.00,0.003,0.025,0.006,STANCE,0.2402,0.2251,0.0246,0,0.00,0.007,0.090,0.033,STANCE
10.368,1444,tripod,0.6162,0.0591,0.2066,-0.0345,0.0364,0.0009,0.0204,0.0049,0.0408,-0.1770,0.0721,-0.0437,0.000,0.000,0.0000,0.0000,0.5322,-0.1714,0.0468,0,0.00,0.003,0.072,0.017,STANCE,0.8363,0.2548,0.0169,0,0.00,0.002,0.079,0.010,STANCE,0.5650,-0.2932,0.0249,0,0.00,0.001,0.072,0.021,STANCE,0.2808,0.2872,0.0696,0,0.00,0.006,0.010,0.002,STANCE,0.1723,-0.1441,0.1156,0,0.00,0.002,0.023,0.006,STANCE,0.2403,0.2247,0.0245,0,0.00,0.005,0.093,0.035,STANCE
10.387,1448,tripod,0.6162,0.0589,0.2063,-0.0340,0.0350,0.0005,-0.0462,-0.0425,-0.0376,0.2020,-0.2104,-0.0127,0.000,0.000,0.0000,0.0000,0.5323,-0.1715,0.0443,0,0.00,0.005,0.130,0.033,STANCE,0.8363,0.2544,0.0148,1,8.70,0.303,2.110,2.940,STANCE,0.5651,-0.2933,0.0224,0,0.00,0.050,0.137,0.036,STANCE,0.2811,0.2872,0.0691,0,0.00,0.086,0.025,0.007,STANCE,0.1725,-0.1441,0.1152,0,0.00,0.038,0.048,0.013,STANCE,0.2406,0.2246,0.0216,0,0.00,0.082,0.133,0.045,STANCE
10.407,1452,tripod,0.6150,0.0579,0.2047,-0.0296,0.0301,0.0005,-0.0822,-0.0722,-0.1534,0.3506,-0.3924,-0.0095,0.000,0.000,0.0000,0.0000,0.5317,-0.1719,0.0392,0,0.00,0.002,0.069,0.017,STANCE,0.8362,0.2543,0.0148,1,2.98,0.070,0.532,0.838,STANCE,0.5647,-0.2937,0.0170,0,0.00,0.004,0.068,0.021,STANCE,0.2806,0.2868,0.0672,0,0.00,0.011,0.003,0.001,STANCE,0.1718,-0.1447,0.1110,0,0.00,0.007,0.039,0.010,STANCE,0.2402,0.2243,0.0168,0,0.00,0.009,0.095,0.036,STANCE
10.427,1456,tripod,0.6150,0.0577,0.2043,-0.0291,0.0295,0.0003,0.0309,0.0224,-0.0212,-0.1453,0.0285,-0.0051,0.000,0.000,0.0000,0.0000,0.5317,-0.1720,0.0356,0,0.00,0.000,0.076,0.018,STANCE,0.8365,0.2545,0.0160,0,0.00,0.003,0.006,0.002,STANCE,0.5647,-0.2941,0.0155,0,0.00,0.001,0.030,0.014,STANCE,0.2806,0.2867,0.0663,0,0.00,0.003,0.003,0.001,STANCE,0.1716,-0.1448,0.1093,0,0.00,0.001,0.012,0.003,STANCE,0.2398,0.2244,0.0155,0,0.00,0.005,0.014,0.018,STANCE
10.445,1460,tripod,0.6155,0.0581,0.2026,-0.0315,0.0304,0.0002,0.0293,0.0226,-0.1555,-0.0951,0.1214,0.0005,0.000,0.000,0.0000,0.0000,0.5320,-0.1721,0.0325,0,0.00,0.000,0.074,0.018,STANCE,0.8371,0.2546,0.0213,0,0.00,0.000,0.034,0.023,STANCE,0.5652,-0.2941,0.0219,0,0.00,0.003,0.026,0.035,STANCE,0.2810,0.2867,0.0646,0,0.00,0.005,0.001,0.000,STANCE,0.1721,-0.1447,0.1087,0,0.00,0.001,0.015,0.004,STANCE,0.2397,0.2248,0.0213,0,0.00,0.005,0.071,0.055,STANCE
10.463,1464,tripod,0.6160,0.0585,0.1986,-0.0330,0.0327,0.0002,0.0299,0.0226,-0.3132,-0.0837,0.1323,0.0002,0.000,0.000,0.0000,0.0000,0.5320,-0.1721,0.0269,0,0.00,0.001,0.072,0.018,STANCE,0.8370,0.2545,0.0153,0,0.00,0.000,0.077,0.008,STANCE,0.5654,-0.2936,0.0173,0,0.00,0.003,0.070,0.018,STANCE,0.2812,0.2868,0.0613,0,0.00,0.004,0.009,0.002,STANCE,0.1724,-0.1445,0.1063,0,0.00,0.000,0.022,0.006,STANCE,0.2408,0.2244,0.0164,0,0.00,0.004,0.092,0.029,STANCE
10.483,1468,tripod,0.6159,0.0581,0.1982,-0.0303,0.0312,0.0001,-0.0354,-0.0124,0.0157,-0.1728,-0.0670,-0.0051,0.000,0.000,0.0000,0.0000,0.5322,-0.1719,0.0227,0,0.00,0.012,0.089,0.021,STANCE,0.8371,0.2546,0.0152,0,0.00,0.016,0.330,0.036,STANCE,0.5656,-0.2933,0.0148,0,0.00,0.015,0.426,0.018,STANCE,0.2815,0.2870,0.0606,0,0.00,0.002,0.064,0.017,STANCE,0.1725,-0.1444,0.1042,0,0.00,0.008,0.035,0.009,STANCE,0.2407,0.2248,0.0155,0,0.00,0.015,0.528,0.141,STANCE
10.501,1472,tripod,0.6153,0.0579,0.1972,-0.0307,0.0312,0.0000,-0.0350,-0.0120,-0.1365,0.2688,0.0152,0.0074,0.000,0.000,0.0000,0.0000,0.5315,-0.1724,0.0199,0,0.00,0.001,0.081,0.020,STANCE,0.8368,0.2544,0.0163,0,0.00,0.001,0.049,0.003,STANCE,0.5651,-0.2940,0.0185,0,0.00,0.003,0.001,0.012,STANCE,0.2809,0.2866,0.0595,0,0.00,0.000,0.010,0.003,STANCE,0.1720,-0.1447,0.1037,0,0.00,0.001,0.011,0.003,STANCE,0.2407,0.2244,0.0166,0,0.00,0.000,0.059,0.004,STANCE
10.521,1476,tripod,0.6153,0.0570,0.1957,-0.0248,0.0317,0.0005,0.0187,-0.0247,0.0419,-0.0153,0.0528,0.0864,0.000,0.000,0.0000,0.0000,0.5312,-0.1721,0.0145,1,36.42,2.940,2.940,2.940,STANCE,0.8365,0.2546,0.0142,1,4.76,0.149,1.387,0.391,STANCE,0.5651,-0.2935,0.0208,0,0.00,0.059,0.291,0.017,STANCE,0.2807,0.2866,0.0593,0,0.00,0.121,0.064,0.014,STANCE,0.1718,-0.1451,0.1008,0,0.00,0.155,0.262,0.063,STANCE,0.2403,0.2244,0.0146,0,0.00,0.102,0.103,0.028,STANCE
10.540,1480,tripod,0.6155,0.0573,0.1960,-0.0260,0.0332,-0.0002,-0.0081,0.0052,-0.0325,0.0165,-0.0169,-0.0225,0.000,0.000,0.0000,0.0000,0.5311,-0.1721,0.0150,0,0.00,0.002,0.019,0.006,STANCE,0.8365,0.2546,0.0146,1,5.50,0.192,0.710,1.378,STANCE,0.5650,-0.2932,0.0200,0,0.00,0.008,0.069,0.018,STANCE,0.2808,0.2868,0.0600,0,0.00,0.026,0.003,0.000,STANCE,0.1718,-0.1448,0.1021,0,0.00,0.018,0.043,0.012,STANCE,0.2404,0.2247,0.0160,0,0.00,0.026,0.024,0.014,STANCE
10.561,1484,tripod,0.6156,0.0572,0.1959,-0.0254,0.0340,-0.0002,0.0221,-0.0179,0.0025,0.0887,0.1101,0.0095,0.000,0.000,0.0000,0.0000,0.5311,-0.1721,0.0149,1,6.28,0.808,0.670,0.311,STANCE,0.8365,0.2546,0.0145,1,4.65,0.221,0.179,0.814,STANCE,0.5648,-0.2932,0.0173,0,0.00,0.024,0.124,0.022,STANCE,0.2808,0.2868,0.0601,0,0.00,0.006,0.007,0.000,STANCE,0.1718,-0.1448,0.1021,0,0.00,0.022,0.015,0.003,STANCE,0.2404,0.2247,0.0147,0,0.00,0.003,0.037,0.027,STANCE
10.581,1488,tripod,0.6157,0.0573,0.1956,-0.0259,0.0346,-0.0001,-0.0009,0.0475,0.0332,-0.2335,-0.0068,0.0068,0.000,0.000,0.0000,0.0000,0.5311,-0.1721,0.0151,0,0.00,0.004,0.017,0.003,STANCE,0.8365,0.2546,0.0146,1,5.45,0.081,0.274,0.981,STANCE,0.5648,-0.2933,0.0146,1,4.79,0.031,0.102,0.546,STANCE,0.2808,0.2868,0.0600,0,0.00,0.004,0.059,0.014,STANCE,0.1719,-0.1448,0.1021,0,0.00,0.002,0.035,0.008,STANCE,0.2404,0.2247,0.0150,1,3.03,0.044,0.366,0.025,STANCE
10.600,1492,tripod,0.6157,0.0577,0.1949,-0.0276,0.0340,-0.0002,-0.0038,0.0232,-0.1092,-0.1100,-0.0107,-0.0068,0.000,0.000,0.0000,0.0000,0.5312,-0.1720,0.0167,0,0.00,0.002,0.033,0.013,STANCE,0.8367,0.2548,0.0161,0,0.00,0.002,0.026,0.015,STANCE,0.5648,-0.2932,0.0162,0,0.00,0.000,0.036,0.022,STANCE,0.2809,0.2870,0.0590,0,0.00,0.001,0.008,0.002,STANCE,0.1719,-0.1445,0.1018,0,0.00,0.001,0.002,0.001,STANCE,0.2405,0.2249,0.0162,0,0.00,0.001,0.036,0.033,STANCE
10.619,1496,tripod,0.6157,0.0579,0.1943,-0.0284,0.0343,-0.0003,-0.0045,0.0103,0.0387,-0.0943,-0.0083,0.0139,0.000,0.000,0.0000,0.0000,0.5311,-0.1719,0.0144,0,0.00,0.032,0.019,0.014,STANCE,0.8367,0.2548,0.0143,1,2.89,0.275,0.040,0.453,STANCE,0.5647,-0.2931,0.0145,0,0.00,0.039,0.019,0.018,STANCE,0.2809,0.2872,0.0580,0,0.00,0.045,0.011,0.002,STANCE,0.1719,-0.1443,0.1012,0,0.00,0.062,0.021,0.007,STANCE,0.2405,0.2250,0.0146,1,1.55,0.624,0.010,0.172,STANCE
10.638,1500,tripod,0.6157,0.0581,0.1933,-0.0290,0.0344,-0.0001,0.0306,-0.0052,-0.1030,0.0705,0.3021,-0.0033,0.000,0.000,0.0000,0.0000,0.5312,-0.1719,0.0152,0,0.00,0.054,0.022,0.001,STANCE,0.8367,0.2549,0.0151,0,0.00,0.078,0.039,0.006,STANCE,0.5649,-0.2931,0.0153,0,0.00,0.055,0.007,0.013,STANCE,0.2809,0.2872,0.0569,0,0.00,0.002,0.291,0.075,STANCE,0.1719,-0.1443,0.1005,0,0.00,0.052,0.233,0.060,STANCE,0.2405,0.2250,0.0149,1,17.80,0.604,1.013,2.752,STANCE
10.658,1504,tripod,0.6154,0.0584,0.1935,-0.0306,0.0325,-0.0000,-0.0304,0.0180,-0.0103,-0.0887,-0.1380,0.0104,0.000,0.000,0.0000,0.0000,0.5313,-0.1719,0.0150,1,5.67,0.280,0.713,0.188,STANCE,0.8367,0.2549,0.0147,1,4.20,0.006,0.084,0.552,STANCE,0.5649,-0.2931,0.0149,0,0.00,0.009,0.036,0.005,STANCE,0.2808,0.2872,0.0563,0,0.00,0.003,0.026,0.005,STANCE,0.1718,-0.1442,0.1003,0,0.00,0.009,0.030,0.007,STANCE,0.2405,0.2251,0.0178,0,0.00,0.004,0.046,0.056,STANCE
10.679,1508,tripod,0.6148,0.0588,0.1932,-0.0327,0.0293,-0.0000,-0.0480,0.0319,-0.0256,-0.1636,-0.2452,0.0019,0.000,0.000,0.0000,0.0000,0.5312,-0.1719,0.0148,1,6.79,0.528,0.896,0.191,STANCE,0.8366,0.2549,0.0146,1,4.84,0.130,0.058,0.667,STANCE,0.5648,-0.2930,0.0151,0,0.00,0.013,0.038,0.001,STANCE,0.2806,0.2873,0.0546,0,0.00,0.002,0.019,0.004,STANCE,0.1715,-0.1440,0.0991,0,0.00,0.012,0.027,0.006,STANCE,0.2405,0.2251,0.0151,0,0.00,0.002,0.109,0.029,STANCE
10.699,1512,tripod,0.6151,0.0587,0.1932,-0.0323,0.0311,-0.0001,0.0057,0.0101,-0.0101,-0.0407,0.0275,0.0025,0.000,0.000,0.0000,0.0000,0.5312,-0.1719,0.0151,0,0.00,0.001,0.019,0.006,STANCE,0.8367,0.2549,0.0146,1,5.83,0.119,0.297,0.571,STANCE,0.5648,-0.2930,0.0149,1,4.37,0.615,0.450,0.218,STANCE,0.2807,0.2873,0.0550,0,0.00,0.013,0.044,0.010,STANCE,0.1716,-0.1440,0.0996,0,0.00,0.006,0.031,0.007,STANCE,0.2405,0.2250,0.0146,1,3.11,0.532,0.009,0.342,STANCE
10.720,1516,tripod,0.6151,0.0589,0.1931,-0.0333,0.0313,-0.0000,-0.0011,0.0401,0.0320,-0.1965,-0.0035,0.0106,0.000,0.000,0.0000,0.0000,0.5312,-0.1719,0.0148,1,8.43,0.895,0.597,0.676,STANCE,0.8367,0.2549,0.0145,1,3.77,0.216,0.105,0.436,STANCE,0.5648,-0.2930,0.0150,0,0.00,0.017,0.024,0.003,STANCE,0.2807,0.2873,0.0548,0,0.00,0.023,0.033,0.007,STANCE,0.1716,-0.1440,0.0997,0,0.00,0.030,0.027,0.006,STANCE,0.2405,0.2250,0.0146,0,0.00,0.021,0.022,0.000,STANCE
10.740,1520,tripod,0.6151,0.0591,0.1930,-0.0343,0.0312,-0.0001,0.0011,0.0001,-0.0104,0.0010,0.0034,0.0012,0.000,0.000,0.0000,0.0000,0.5312,-0.1719,0.0148,1,6.24,0.602,0.719,0.295,STANCE,0.8367,0.2550,0.0145,1,5.13,0.137,0.170,0.635,STANCE,0.5648,-0.2930,0.0152,0,0.00,0.002,0.100,0.009,STANCE,0.2807,0.2874,0.0544,0,0.00,0.006,0.048,0.011,STANCE,0.1716,-0.1438,0.1000,0,0.00,0.006,0.045,0.010,STANCE,0.2405,0.2251,0.0146,1,2.79,0.273,0.112,0.212,STANCE
10.761,1524,tripod,0.6151,0.0593,0.1930,-0.0356,0.0312,-0.0001,-0.0012,0.0023,-0.0238,-0.0190,0.0015,0.0013,0.000,0.000,0.0000,0.0000,0.5312,-0.1719,0.0154,0,0.00,0.009,0.023,0.008,STANCE,0.8367,0.2550,0.0146,1,6.29,0.062,0.207,0.725,STANCE,0.5648,-0.2930,0.0148,1,5.46,0.111,0.514,0.341,STANCE,0.2807,0.2875,0.0540,0,0.00,0.012,0.063,0.014,STANCE,0.1716,-0.1437,0.1001,0,0.00,0.013,0.050,0.011,STANCE,0.2405,0.2251,0.0146,1,3.96,0.023,0.391,0.118,STANCE
10.781,1528,tripod,0.6151,0.0595,0.1929,-0.0368,0.0311,-0.0001,-0.0030,0.0117,-0.0194,-0.0741,-0.0024,-0.0024,0.000,0.000,0.0000,0.0000,0.5312,-0.1719,0.0147,0,0.00,0.014,0.002,0.011,STANCE,0.8367,0.2550,0.0145,1,3.53,0.229,0.281,0.764,STANCE,0.5648,-0.2930,0.0153,0,0.00,0.009,0.015,0.004,STANCE,0.2806,0.2875,0.0537,0,0.00,0.034,0.034,0.008,STANCE,0.1716,-0.1436,0.1003,0,0.00,0.025,0.028,0.007,STANCE,0.2405,0.2251,0.0147,1,1.83,0.372,0.231,0.027,STANCE
10.801,1532,tripod,0.6151,0.0597,0.1929,-0.0376,0.0311,-0.0001,-0.0009,0.0163,0.0114,-0.0828,-0.0043,0.0022,0.000,0.000,0.0000,0.0000,0.5312,-0.1719,0.0149,0,0.00,0.011,0.013,0.000,STANCE,0.8366,0.2550,0.0145,1,4.55,0.264,0.276,0.881,STANCE,0.5648,-0.2930,0.0148,1,2.53,0.162,0.012,0.344,STANCE,0.2806,0.2875,0.0535,0,0.00,0.016,0.046,0.011,STANCE,0.1716,-0.1435,0.1003,0,0.00,0.018,0.023,0.005,STANCE,0.2405,0.2251,0.0146,1,2.90,0.145,0.389,0.007,STANCE
10.822,1536,tripod,0.6151,0.0598,0.1927,-0.0382,0.0311,-0.0001,-0.0012,0.0141,0.0114,-0.0890,0.0052,0.0037,0.000,0.000,0.0000,0.0000,0.5312,-0.1719,0.0149,1,18.54,0.518,1.909,1.014,STANCE,0.8367,0.2550,0.0145,1,5.79,0.353,0.571,0.376,STANCE,0.5648,-0.2930,0.0148,0,0.00,0.023,0.128,0.010,STANCE,0.2806,0.2876,0.0531,0,0.00,0.019,0.048,0.010,STANCE,0.1716,-0.1435,0.1002,0,0.00,0.032,0.121,0.029,STANCE,0.2405,0.2252,0.0146,1,0.68,0.466,0.239,0.132,STANCE
10.842,1540,tripod,0.6151,0.0599,0.1926,-0.0387,0.0311,-0.0001,0.0008,-0.0008,-0.0068,0.0043,0.0033,0.0011,0.000,0.000,0.0000,0.0000,0.5312,-0.1719,0.0148,1,5.69,0.346,0.504,0.393,STANCE,0.8367,0.2550,0.0145,1,5.23,0.132,0.103,0.711,STANCE,0.5647,-0.2930,0.0151,0,0.00,0.001,0.032,0.000,STANCE,0.2806,0.2876,0.0529,0,0.00,0.006,0.046,0.010,STANCE,0.1716,-0.1434,0.1003,0,0.00,0.005,0.045,0.010,STANCE,0.2405,0.2252,0.0146,1,2.43,0.226,0.449,0.108,STANCE
10.863,1544,tripod,0.6151,0.0600,0.1925,-0.0393,0.0311,-0.0001,0.0009,0.0026,-0.0094,-0.0080,0.0019,0.0026,0.000,0.000,0.0000,0.0000,0.5312,-0.1719,0.0150,1,0.63,0.206,0.108,0.154,STANCE,0.8367,0.2551,0.0144,1,5.53,0.249,0.183,0.685,STANCE,0.5647,-0.2930,0.0148,1,4.55,0.082,0.464,0.232,STANCE,0.2806,0.2876,0.0527,0,0.00,0.003,0.049,0.011,STANCE,0.1716,-0.1434,0.1004,0,0.00,0.002,0.047,0.011,STANCE,0.2405,0.2252,0.0146,1,3.22,0.228,0.558,0.096,STANCE
10.884,1548,tripod,0.6151,0.0600,0.1925,-0.0393,0.0311,-0.0001,0.0003,-0.0004,-0.0025,0.0022,0.0012,0.0008,0.000,0.000,0.0000,0.0000,0.5312,-0.1719,0.0149,1,1.89,0.328,0.025,0.275,STANCE,0.8366,0.2551,0.0144,1,5.10,0.254,0.031,0.753,STANCE,0.5647,-0.2930,0.0148,1,2.98,0.079,0.240,0.195,STANCE,0.2806,0.2876,0.0527,0,0.00,0.004,0.042,0.009,STANCE,0.1716,-0.1434,0.1003,0,0.00,0.002,0.044,0.010,STANCE,0.2405,0.2252,0.0146,1,2.80,0.277,0.500,0.105,STANCE
10.905,1552,tripod,0.6151,0.0600,0.1924,-0.0392,0.0311,-0.0000,0.0002,-0.0005,-0.0019,0.0026,0.0010,0.0006,0.000,0.000,0.0000,0.0000,0.5312,-0.1719,0.0149,1,1.96,0.375,0.048,0.305,STANCE,0.8366,0.2551,0.0143,1,5.08,0.259,0.002,0.778,STANCE,0.5647,-0.2930,0.0147,1,2.90,0.093,0.229,0.193,STANCE,0.2806,0.2876,0.0526,0,0.00,0.004,0.042,0.009,STANCE,0.1716,-0.1434,0.1003,0,0.00,0.002,0.044,0.010,STANCE,0.2405,0.2252,0.0145,1,2.73,0.285,0.489,0.105,STANCE
10.926,1556,tripod,0.6151,0.0600,0.1924,-0.0392,0.0312,-0.0000,0.0002,-0.0005,-0.0017,0.0025,0.0008,0.0004,0.000,0.000,0.0000,0.0000,0.5312,-0.1719,0.0149,1,1.96,0.403,0.058,0.313,STANCE,0.8366,0.2551,0.0143,1,5.08,0.265,0.013,0.785,STANCE,0.5647,-0.2930,0.0147,1,2.91,0.106,0.232,0.192,STANCE,0.2806,0.2876,0.0526,0,0.00,0.004,0.042,0.009,STANCE,0.1716,-0.1434,0.1003,0,0.00,0.002,0.044,0.010,STANCE,0.2405,0.2252,0.0145,1,2.73,0.293,0.485,0.102,STANCE
10.947,1560,tripod,0.6151,0.0600,0.1924,-0.0391,0.0312,-0.0000,0.0002,-0.0005,-0.0016,0.0023,0.0007,0.0002,0.000,0.000,0.0000,0.0000,0.5312,-0.1719,0.0148,1,1.95,0.421,0.062,0.316,STANCE,0.8366,0.2551,0.0143,1,5.07,0.274,0.017,0.787,STANCE,0.5647,-0.2930,0.0146,1,2.91,0.117,0.234,0.191,STANCE,0.2806,0.2876,0.0526,0,0.00,0.004,0.042,0.009,STANCE,0.1716,-0.1434,0.1002,0,0.00,0.002,0.043,0.010,STANCE,0.2405,0.2252,0.0145,1,2.73,0.303,0.483,0.099,STANCE
10.968,1564,tripod,0.6151,0.0600,0.1924,-0.0391,0.0312,-0.0000,0.0001,-0.0004,-0.0014,0.0022,0.0006,0.0001,0.000,0.000,0.0000,0.0000,0.5312,-0.1719,0.0148,1,1.96,0.431,0.063,0.318,STANCE,0.8366,0.2551,0.0143,1,5.06,0.272,0.020,0.788,STANCE,0.5647,-0.2930,0.0146,1,2.92,0.120,0.236,0.191,STANCE,0.2806,0.2876,0.0526,0,0.00,0.004,0.042,0.009,STANCE,0.1716,-0.1434,0.1002,0,0.00,0.002,0.044,0.010,STANCE,0.2405,0.2252,0.0145,1,2.73,0.303,0.480,0.098,STANCE
10.988,1568,tripod,0.6151,0.0600,0.1923,-0.0391,0.0312,-0.0000,0.0001,-0.0004,-0.0013,0.0020,0.0005,0.0000,0.000,0.000,0.0000,0.0000,0.5312,-0.1719,0.0148,1,1.96,0.430,0.063,0.319,STANCE,0.8366,0.2551,0.0143,1,5.05,0.272,0.021,0.788,STANCE,0.5647,-0.2930,0.0146,1,2.93,0.121,0.237,0.191,STANCE,0.2806,0.2876,0.0526,0,0.00,0.004,0.042,0.009,STANCE,0.1716,-0.1434,0.1002,0,0.00,0.002,0.044,0.010,STANCE,0.2405,0.2252,0.0145,1,2.72,0.302,0.480,0.098,STANCE
11.009,1572,tripod,0.6151,0.0600,0.1923,-0.0390,0.0312,-0.0000,0.0001,-0.0004,-0.0012,0.0018,0.0005,0.0000,0.000,0.000,0.0000,0.0000,0.5312,-0.1719,0.0147,1,1.97,0.430,0.063,0.319,STANCE,0.8366,0.2551,0.0142,1,5.04,0.272,0.022,0.787,STANCE,0.5647,-0.2930,0.0145,1,2.93,0.122,0.238,0.191,STANCE,0.2806,0.2876,0.0526,0,0.00,0.004,0.042,0.009,STANCE,0.1716,-0.1434,0.1001,0,0.00,0.002,0.044,0.010,STANCE,0.2405,0.2252,0.0145,1,2.72,0.301,0.480,0.098,STANCE
11.030,1576,tripod,0.6151,0.0600,0.1923,-0.0390,0.0312,-0.0000,0.0001,-0.0003,-0.0011,0.0017,0.0004,0.0000,0.000,0.000,0.0000,0.0000,0.5312,-0.1719,0.0147,1,1.97,0.430,0.063,0.320,STANCE,0.8366,0.2551,0.0142,1,5.03,0.272,0.023,0.787,STANCE,0.5647,-0.2930,0.0145,1,2.94,0.123,0.239,0.192,STANCE,0.2806,0.2876,0.0526,0,0.00,0.004,0.042,0.009,STANCE,0.1716,-0.1434,0.1001,0,0.00,0.002,0.044,0.010,STANCE,0.2405,0.2252,0.0145,1,2.72,0.300,0.481,0.098,STANCE
11.052,1580,tripod,0.6151,0.0599,0.1923,-0.0390,0.0312,-0.0000,0.0001,-0.0003,-0.0010,0.0016,0.0004,0.0000,0.000,0.000,0.0000,0.0000,0.5312,-0.1719,0.0147,1,1.97,0.429,0.063,0.320,STANCE,0.8366,0.2551,0.0142,1,5.02,0.273,0.024,0.786,STANCE,0.5647,-0.2930,0.0145,1,2.94,0.124,0.239,0.192,STANCE,0.2806,0.2876,0.0526,0,0.00,0.004,0.042,0.009,STANCE,0.1716,-0.1434,0.1001,0,0.00,0.002,0.044,0.010,STANCE,0.2405,0.2252,0.0145,1,2.72,0.299,0.481,0.098,STANCE
11.073,1584,tripod,0.6151,0.0599,0.1923,-0.0390,0.0312,-0.0000,0.0001,-0.0003,-0.0009,0.0015,0.0003,0.0000,0.000,0.000,0.0000,0.0000,0.5312,-0.1719,0.0147,1,1.98,0.429,0.063,0.321,STANCE,0.8366,0.2551,0.0142,1,5.02,0.273,0.024,0.786,STANCE,0.5647,-0.2930,0.0144,1,2.95,0.125,0.240,0.192,STANCE,0.2806,0.2876,0.0526,0,0.00,0.004,0.042,0.009,STANCE,0.1716,-0.1434,0.1001,0,0.00,0.002,0.044,0.010,STANCE,0.2405,0.2252,0.0144,1,2.72,0.298,0.481,0.097,STANCE
11.094,1588,tripod,0.6151,0.0599,0.1923,-0.0389,0.0312,-0.0000,0.0000,-0.0003,-0.0008,0.0013,0.0003,0.0000,0.000,0.000,0.0000,0.0000,0.5312,-0.1719,0.0146,1,1.98,0.429,0.063,0.321,STANCE,0.8366,0.2550,0.0142,1,5.01,0.273,0.025,0.785,STANCE,0.5647,-0.2930,0.0144,1,2.95,0.125,0.240,0.192,STANCE,0.2806,0.2876,0.0525,0,0.00,0.004,0.042,0.009,STANCE,0.1716,-0.1434,0.1001,0,0.00,0.002,0.044,0.010,STANCE,0.2405,0.2252,0.0144,1,2.72,0.298,0.481,0.097,STANCE
11.115,1592,tripod,0.6151,0.0599,0.1922,-0.0389,0.0312,-0.0000,0.0000,-0.0002,-0.0008,0.0012,0.0002,0.0000,0.000,0.000,0.0000,0.0000,0.5312,-0.1719,0.0146,1,1.98,0.429,0.063,0.321,STANCE,0.8366,0.2550,0.0142,1,5.01,0.274,0.025,0.785,STANCE,0.5647,-0.2930,0.0144,1,2.95,0.126,0.240,0.193,STANCE,0.2806,0.2876,0.0525,0,0.00,0.004,0.042,0.009,STANCE,0.1716,-0.1434,0.1001,0,0.00,0.002,0.044,0.010,STANCE,0.2405,0.2252,0.0144,1,2.72,0.297,0.481,0.097,STANCE
11.135,1596,tripod,0.6151,0.0599,0.1922,-0.0389,0.0312,-0.0000,0.0000,-0.0002,-0.0007,0.0011,0.0002,0.0000,0.000,0.000,0.0000,0.0000,0.5312,-0.1719,0.0146,1,1.98,0.429,0.063,0.321,STANCE,0.8366,0.2550,0.0142,1,5.00,0.274,0.026,0.784,STANCE,0.5647,-0.2930,0.0144,1,2.95,0.127,0.241,0.193,STANCE,0.2806,0.2876,0.0525,0,0.00,0.004,0.042,0.009,STANCE,0.1716,-0.1434,0.1000,0,0.00,0.002,0.044,0.010,STANCE,0.2405,0.2252,0.0144,1,2.72,0.296,0.481,0.097,STANCE
11.156,1600,tripod,0.6151,0.0599,0.1922,-0.0389,0.0312,-0.0000,0.0000,-0.0002,-0.0006,0.0011,0.0002,0.0000,0.000,0.000,0.0000,0.0000,0.5312,-0.1719,0.0146,1,1.98,0.428,0.063,0.322,STANCE,0.8366,0.2550,0.0142,1,5.00,0.274,0.026,0.784,STANCE,0.5647,-0.2930,0.0144,1,2.96,0.127,0.241,0.193,STANCE,0.2806,0.2876,0.0525,0,0.00,0.004,0.042,0.009,STANCE,0.1716,-0.1434,0.1000,0,0.00,0.002,0.044,0.010,STANCE,0.2405,0.2252,0.0144,1,2.72,0.296,0.482,0.097,STANCE
11.177,1604,tripod,0.6151,0.0599,0.1922,-0.0389,0.0312,-0.0000,0.0000,-0.0002,-0.0006,0.0010,0.0001,0.0000,0.000,0.000,0.0000,0.0000,0.5312,-0.1719,0.0146,1,1.98,0.428,0.063,0.322,STANCE,0.8366,0.2550,0.0142,1,4.99,0.275,0.027,0.784,STANCE,0.5647,-0.2930,0.0144,1,2.96,0.128,0.241,0.193,STANCE,0.2806,0.2876,0.0525,0,0.00,0.004,0.042,0.009,STANCE,0.1716,-0.1434,0.1000,0,0.00,0.002,0.044,0.010,STANCE,0.2405,0.2252,0.0144,1,2.72,0.295,0.482,0.097,STANCE
