# SLARC V8.26-footclamp | rise=0.100 run=0.250 | balance=AN foothold=AN freeze=AN entry=AN | G_Z=-0.120 G_STEP=0.060
t,frame,mode,bx,by,bz,roll,pitch,yaw,vx,vy,vz,wx,wy,wz,cmd_vx,cmd_yaw,roll_bal,pitch_bal,est_roll,est_pitch,est_yaw,est_height,frozen,front_right_fx,front_right_fy,front_right_fz,front_right_contact,front_right_force,front_right_tau_coxa,front_right_tau_femur,front_right_tau_tibia,front_right_state,front_right_th_c,front_right_th_f,front_right_th_t,front_right_rfx,front_right_rfy,front_right_rfz,front_left_fx,front_left_fy,front_left_fz,front_left_contact,front_left_force,front_left_tau_coxa,front_left_tau_femur,front_left_tau_tibia,front_left_state,front_left_th_c,front_left_th_f,front_left_th_t,front_left_rfx,front_left_rfy,front_left_rfz,mid_right_fx,mid_right_fy,mid_right_fz,mid_right_contact,mid_right_force,mid_right_tau_coxa,mid_right_tau_femur,mid_right_tau_tibia,mid_right_state,mid_right_th_c,mid_right_th_f,mid_right_th_t,mid_right_rfx,mid_right_rfy,mid_right_rfz,mid_left_fx,mid_left_fy,mid_left_fz,mid_left_contact,mid_left_force,mid_left_tau_coxa,mid_left_tau_femur,mid_left_tau_tibia,mid_left_state,mid_left_th_c,mid_left_th_f,mid_left_th_t,mid_left_rfx,mid_left_rfy,mid_left_rfz,rear_right_fx,rear_right_fy,rear_right_fz,rear_right_contact,rear_right_force,rear_right_tau_coxa,rear_right_tau_femur,rear_right_tau_tibia,rear_right_state,rear_right_th_c,rear_right_th_f,rear_right_th_t,rear_right_rfx,rear_right_rfy,rear_right_rfz,rear_left_fx,rear_left_fy,rear_left_fz,rear_left_contact,rear_left_force,rear_left_tau_coxa,rear_left_tau_femur,rear_left_tau_tibia,rear_left_state,rear_left_th_c,rear_left_th_f,rear_left_th_t,rear_left_rfx,rear_left_rfy,rear_left_rfz
0.000,4,tripod,-0.0000,0.0006,0.1349,0.0000,0.0000,0.0000,0.0000,0.0004,-0.0004,-0.0001,-0.0001,-0.0000,0.000,0.000,0.0000,0.0000,0.0000,0.0000,0.0000,0.1200,0,0.3028,-0.1915,0.0148,1,2.07,0.080,0.523,0.251,,-0.0000,-0.1720,1.7318,0.3027,-0.1920,-0.1200,0.3029,0.1927,0.0148,1,2.13,0.090,0.541,0.259,,0.0000,-0.1720,1.7316,0.3027,0.1921,-0.1200,-0.0000,-0.3486,0.0148,1,2.11,0.001,0.547,0.269,,-0.0000,-0.1720,1.7316,-0.0000,-0.3491,-0.1200,-0.0000,0.3498,0.0148,1,2.10,0.001,0.542,0.267,,0.0000,-0.1720,1.7318,-0.0000,0.3491,-0.1200,-0.3029,-0.1915,0.0148,1,2.11,0.063,0.534,0.256,,0.0000,-0.1720,1.7315,-0.3027,-0.1921,-0.1200,-0.3029,0.1928,0.0148,1,2.09,0.074,0.529,0.255,,-0.0000,-0.1720,1.7313,-0.3028,0.1921,-0.1200
0.023,8,tripod,-0.0000,0.0006,0.1348,0.0000,0.0000,0.0000,-0.0000,0.0003,-0.0009,-0.0001,-0.0001,-0.0000,0.000,0.000,0.0000,0.0000,0.0000,0.0000,0.0000,0.1200,0,0.3019,-0.1909,0.0148,1,2.08,0.080,0.524,0.248,,-0.0000,-0.1720,1.7392,0.3018,-0.1915,-0.1200,0.3019,0.1922,0.0148,1,2.13,0.091,0.537,0.254,,0.0000,-0.1720,1.7390,0.3018,0.1915,-0.1200,-0.0000,-0.3475,0.0148,1,2.12,0.001,0.547,0.265,,-0.0000,-0.1720,1.7390,-0.0000,-0.3480,-0.1200,-0.0000,0.3487,0.0148,1,2.11,0.003,0.544,0.264,,0.0000,-0.1720,1.7391,-0.0000,0.3480,-0.1200,-0.3019,-0.1910,0.0148,1,2.11,0.062,0.533,0.252,,0.0000,-0.1720,1.7389,-0.3018,-0.1915,-0.1200,-0.3019,0.1922,0.0148,1,2.09,0.075,0.527,0.250,,-0.0000,-0.1720,1.7387,-0.3018,0.1915,-0.1200
0.047,12,tripod,-0.0000,0.0006,0.1348,0.0000,0.0000,0.0000,-0.0000,0.0002,-0.0012,-0.0000,-0.0001,-0.0000,0.000,0.000,0.0000,0.0000,0.0000,0.0000,0.0000,0.1200,0,0.3011,-0.1905,0.0148,1,2.07,0.079,0.521,0.243,,-0.0000,-0.1721,1.7449,0.3010,-0.1911,-0.1200,0.3011,0.1917,0.0148,1,2.13,0.091,0.536,0.250,,0.0000,-0.1720,1.7447,0.3010,0.1911,-0.1200,-0.0000,-0.3466,0.0148,1,2.13,0.002,0.549,0.263,,-0.0000,-0.1720,1.7448,-0.0000,-0.3471,-0.1200,-0.0000,0.3478,0.0148,1,2.12,0.004,0.545,0.261,,0.0000,-0.1720,1.7449,-0.0000,0.3471,-0.1200,-0.3011,-0.1905,0.0148,1,2.11,0.061,0.531,0.248,,0.0000,-0.1720,1.7447,-0.3010,-0.1911,-0.1200,-0.3012,0.1917,0.0148,1,2.09,0.076,0.525,0.246,,-0.0000,-0.1721,1.7445,-0.3011,0.1911,-0.1200
0.070,16,tripod,-0.0000,0.0006,0.1348,0.0000,0.0000,0.0000,-0.0000,0.0001,-0.0012,-0.0000,-0.0000,-0.0000,0.000,0.000,0.0000,0.0000,0.0000,0.0000,0.0000,0.1200,0,0.3005,-0.1901,0.0148,1,2.07,0.079,0.520,0.241,,-0.0000,-0.1721,1.7494,0.3004,-0.1907,-0.1200,0.3005,0.1914,0.0148,1,2.13,0.092,0.537,0.248,,0.0000,-0.1721,1.7493,0.3004,0.1907,-0.1200,-0.0000,-0.3459,0.0148,1,2.14,0.004,0.548,0.260,,-0.0000,-0.1721,1.7493,-0.0000,-0.3464,-0.1200,-0.0000,0.3471,0.0148,1,2.11,0.006,0.541,0.257,,0.0000,-0.1721,1.7494,-0.0000,0.3464,-0.1200,-0.3005,-0.1902,0.0148,1,2.11,0.060,0.530,0.245,,0.0000,-0.1721,1.7492,-0.3005,-0.1907,-0.1200,-0.3005,0.1914,0.0148,1,2.10,0.077,0.526,0.244,,-0.0000,-0.1721,1.7491,-0.3005,0.1907,-0.1200
0.093,20,tripod,-0.0000,0.0006,0.1348,0.0000,0.0000,-0.0000,-0.0000,0.0001,-0.0012,-0.0000,-0.0000,-0.0000,0.000,0.000,0.0000,0.0000,0.0000,0.0000,-0.0000,0.1200,0,0.3000,-0.1899,0.0148,1,2.09,0.078,0.522,0.240,,-0.0000,-0.1721,1.7529,0.3000,-0.1905,-0.1200,0.3000,0.1911,0.0148,1,2.14,0.090,0.537,0.246,,0.0000,-0.1721,1.7529,0.3000,0.1905,-0.1200,-0.0000,-0.3454,0.0148,1,2.12,0.000,0.543,0.256,,-0.0000,-0.1721,1.7529,-0.0000,-0.3459,-0.1200,-0.0000,0.3466,0.0148,1,2.10,0.007,0.537,0.253,,0.0000,-0.1721,1.7529,-0.0000,0.3459,-0.1200,-0.3000,-0.1899,0.0148,1,2.12,0.060,0.531,0.243,,0.0000,-0.1721,1.7528,-0.3000,-0.1905,-0.1200,-0.3001,0.1911,0.0148,1,2.11,0.079,0.528,0.242,,-0.0000,-0.1722,1.7527,-0.3000,0.1905,-0.1200
0.118,24,tripod,-0.0000,0.0006,0.1348,0.0000,0.0000,-0.0000,-0.0000,0.0000,-0.0011,-0.0000,-0.0000,-0.0000,0.000,0.000,0.0000,0.0000,0.0000,0.0000,-0.0000,0.1200,0,0.2997,-0.1897,0.0148,1,2.08,0.081,0.520,0.237,,-0.0000,-0.1722,1.7557,0.2996,-0.1903,-0.1200,0.2997,0.1909,0.0148,1,2.13,0.089,0.533,0.243,,0.0000,-0.1721,1.7557,0.2996,0.1903,-0.1200,-0.0000,-0.3449,0.0148,1,2.15,0.007,0.549,0.257,,-0.0000,-0.1721,1.7557,-0.0000,-0.3455,-0.1200,-0.0000,0.3462,0.0148,1,2.11,0.012,0.538,0.252,,0.0000,-0.1721,1.7557,-0.0000,0.3455,-0.1200,-0.2997,-0.1897,0.0148,1,2.09,0.063,0.523,0.239,,0.0000,-0.1722,1.7556,-0.2996,-0.1903,-0.1200,-0.2997,0.1909,0.0148,1,2.11,0.076,0.529,0.241,,-0.0000,-0.1722,1.7555,-0.2996,0.1903,-0.1200
0.141,28,tripod,-0.0000,0.0006,0.1348,0.0000,0.0000,-0.0000,0.0000,0.0000,-0.0009,-0.0000,-0.0000,-0.0000,0.000,0.000,0.0000,0.0000,0.0000,0.0000,-0.0000,0.1200,0,0.2994,-0.1895,0.0148,1,2.11,0.077,0.528,0.239,,-0.0000,-0.1722,1.7579,0.2993,-0.1901,-0.1200,0.2994,0.1907,0.0148,1,2.12,0.083,0.529,0.240,,0.0000,-0.1722,1.7579,0.2993,0.1901,-0.1200,-0.0000,-0.3446,0.0147,1,2.11,0.007,0.538,0.251,,-0.0000,-0.1722,1.7579,-0.0000,-0.3452,-0.1200,-0.0000,0.3458,0.0148,1,2.10,0.004,0.536,0.250,,0.0000,-0.1722,1.7579,-0.0000,0.3452,-0.1200,-0.2994,-0.1895,0.0148,1,2.11,0.064,0.527,0.239,,0.0000,-0.1722,1.7578,-0.2993,-0.1901,-0.1200,-0.2994,0.1907,0.0148,1,2.12,0.081,0.530,0.240,,-0.0000,-0.1722,1.7578,-0.2994,0.1901,-0.1200
0.165,32,tripod,-0.0000,0.0006,0.1347,0.0000,0.0000,-0.0000,0.0000,0.0000,-0.0008,-0.0000,0.0000,-0.0000,0.000,0.000,0.0000,0.0000,0.0000,0.0000,-0.0000,0.1200,0,0.2991,-0.1894,0.0148,1,2.11,0.076,0.528,0.238,,-0.0000,-0.1722,1.7596,0.2991,-0.1900,-0.1200,0.2991,0.1906,0.0147,1,2.11,0.081,0.528,0.238,,0.0000,-0.1722,1.7596,0.2991,0.1900,-0.1200,-0.0000,-0.3443,0.0147,1,2.11,0.005,0.537,0.250,,-0.0000,-0.1722,1.7596,-0.0000,-0.3449,-0.1200,-0.0000,0.3456,0.0147,1,2.11,0.003,0.538,0.250,,0.0000,-0.1722,1.7596,-0.0000,0.3449,-0.1200,-0.2992,-0.1894,0.0147,1,2.11,0.064,0.528,0.239,,0.0000,-0.1722,1.7596,-0.2991,-0.1900,-0.1200,-0.2992,0.1906,0.0148,1,2.11,0.077,0.527,0.238,,-0.0000,-0.1722,1.7595,-0.2991,0.1900,-0.1200
0.188,36,tripod,-0.0000,0.0006,0.1347,0.0000,0.0000,-0.0000,0.0000,0.0000,-0.0006,-0.0000,-0.0000,0.0000,0.000,0.000,0.0000,0.0000,0.0000,0.0000,-0.0000,0.1200,0,0.2990,-0.1893,0.0147,1,2.10,0.079,0.524,0.236,,-0.0000,-0.1722,1.7610,0.2989,-0.1899,-0.1200,0.2990,0.1905,0.0147,1,2.11,0.086,0.528,0.238,,0.0000,-0.1722,1.7609,0.2989,0.1899,-0.1200,-0.0000,-0.3441,0.0147,1,2.12,0.002,0.541,0.251,,-0.0000,-0.1722,1.7609,-0.0000,-0.3447,-0.1200,-0.0000,0.3454,0.0147,1,2.11,0.006,0.538,0.249,,0.0000,-0.1722,1.7610,-0.0000,0.3447,-0.1200,-0.2990,-0.1893,0.0147,1,2.10,0.063,0.525,0.236,,0.0000,-0.1722,1.7609,-0.2989,-0.1899,-0.1200,-0.2990,0.1905,0.0147,1,2.11,0.077,0.527,0.237,,-0.0000,-0.1722,1.7609,-0.2990,0.1899,-0.1200
0.212,40,tripod,-0.0000,0.0006,0.1347,0.0000,0.0000,-0.0000,-0.0000,0.0000,-0.0005,-0.0000,-0.0000,-0.0000,0.000,0.000,0.0000,0.0000,0.0000,0.0000,-0.0000,0.1200,0,0.2988,-0.1892,0.0147,1,2.09,0.080,0.521,0.234,,-0.0000,-0.1722,1.7620,0.2988,-0.1898,-0.1200,0.2988,0.1904,0.0147,1,2.12,0.088,0.530,0.238,,0.0000,-0.1722,1.7620,0.2988,0.1898,-0.1200,-0.0000,-0.3440,0.0147,1,2.13,0.002,0.544,0.251,,-0.0000,-0.1722,1.7620,-0.0000,-0.3446,-0.1200,-0.0000,0.3452,0.0147,1,2.11,0.008,0.536,0.248,,0.0000,-0.1722,1.7620,-0.0000,0.3446,-0.1200,-0.2988,-0.1892,0.0147,1,2.10,0.062,0.523,0.235,,0.0000,-0.1722,1.7620,-0.2988,-0.1898,-0.1200,-0.2988,0.1904,0.0147,1,2.11,0.076,0.527,0.237,,-0.0000,-0.1722,1.7619,-0.2988,0.1898,-0.1200
0.235,44,tripod,-0.0000,0.0006,0.1347,0.0000,0.0000,-0.0000,-0.0000,0.0000,-0.0004,-0.0000,0.0000,-0.0000,0.000,0.000,0.0000,0.0000,0.0000,0.0000,-0.0000,0.1200,0,0.2987,-0.1891,0.0147,1,2.08,0.081,0.519,0.233,,-0.0000,-0.1723,1.7628,0.2987,-0.1897,-0.1200,0.2987,0.1903,0.0147,1,2.13,0.084,0.530,0.238,,0.0000,-0.1722,1.7628,0.2987,0.1897,-0.1200,-0.0000,-0.3438,0.0147,1,2.14,0.002,0.545,0.251,,-0.0000,-0.1722,1.7628,-0.0000,-0.3444,-0.1200,-0.0000,0.3451,0.0147,1,2.11,0.009,0.536,0.248,,0.0000,-0.1722,1.7628,-0.0000,0.3444,-0.1200,-0.2987,-0.1891,0.0147,1,2.10,0.065,0.524,0.235,,0.0000,-0.1722,1.7628,-0.2987,-0.1897,-0.1200,-0.2987,0.1904,0.0147,1,2.11,0.077,0.525,0.235,,-0.0000,-0.1722,1.7628,-0.2987,0.1897,-0.1200
0.259,48,tripod,-0.0000,0.0006,0.1347,-0.0000,0.0000,-0.0000,0.0000,0.0000,-0.0002,-0.0000,0.0000,-0.0000,0.000,0.000,0.0000,0.0000,-0.0000,0.0000,-0.0000,0.1200,0,0.2986,-0.1891,0.0147,1,2.11,0.081,0.526,0.235,,-0.0000,-0.1722,1.7634,0.2986,-0.1897,-0.1200,0.2986,0.1903,0.0147,1,2.13,0.087,0.532,0.238,,0.0000,-0.1722,1.7634,0.2986,0.1897,-0.1200,-0.0000,-0.3437,0.0147,1,2.09,0.001,0.532,0.245,,-0.0000,-0.1722,1.7635,-0.0000,-0.3443,-0.1200,-0.0000,0.3450,0.0147,1,2.08,0.006,0.529,0.244,,0.0000,-0.1722,1.7635,-0.0000,0.3443,-0.1200,-0.2986,-0.1891,0.0147,1,2.13,0.064,0.530,0.237,,0.0000,-0.1722,1.7634,-0.2986,-0.1897,-0.1200,-0.2986,0.1903,0.0147,1,2.12,0.077,0.529,0.237,,-0.0000,-0.1722,1.7634,-0.2986,0.1897,-0.1200
0.282,52,tripod,-0.0000,0.0006,0.1347,0.0000,0.0000,-0.0000,0.0000,-0.0001,-0.0001,0.0000,0.0000,-0.0000,0.000,0.000,0.0000,0.0000,0.0000,0.0000,-0.0000,0.1200,0,0.2986,-0.1890,0.0147,1,2.12,0.077,0.529,0.237,,-0.0000,-0.1722,1.7639,0.2986,-0.1896,-0.1200,0.2986,0.1903,0.0147,1,2.11,0.087,0.526,0.235,,0.0000,-0.1722,1.7639,0.2986,0.1896,-0.1200,-0.0000,-0.3437,0.0147,1,2.09,0.001,0.532,0.245,,-0.0000,-0.1722,1.7639,-0.0000,-0.3443,-0.1200,-0.0000,0.3449,0.0147,1,2.10,0.009,0.534,0.246,,0.0000,-0.1722,1.7639,-0.0000,0.3443,-0.1200,-0.2986,-0.1890,0.0147,1,2.13,0.060,0.531,0.237,,0.0000,-0.1722,1.7639,-0.2986,-0.1896,-0.1200,-0.2986,0.1903,0.0147,1,2.11,0.081,0.526,0.235,,-0.0000,-0.1722,1.7639,-0.2986,0.1896,-0.1200
0.305,56,tripod,-0.0000,0.0006,0.1347,-0.0000,0.0000,-0.0000,0.0003,0.0003,-0.0002,-0.0005,0.0003,-0.0001,0.000,0.000,0.0000,0.0000,-0.0000,0.0000,-0.0000,0.1200,0,0.2985,-0.1890,0.0147,1,2.06,0.049,0.519,0.236,,-0.0000,-0.1722,1.7643,0.2985,-0.1896,-0.1200,0.2985,0.1902,0.0147,1,2.12,0.103,0.522,0.228,,0.0000,-0.1722,1.7643,0.2985,0.1896,-0.1200,-0.0000,-0.3436,0.0147,1,2.13,0.023,0.540,0.247,,-0.0000,-0.1722,1.7643,-0.0000,-0.3442,-0.1200,-0.0000,0.3448,0.0147,1,2.08,0.026,0.513,0.225,,0.0000,-0.1722,1.7642,-0.0000,0.3442,-0.1200,-0.2985,-0.1890,0.0147,1,2.15,0.059,0.537,0.240,,0.0000,-0.1722,1.7643,-0.2985,-0.1896,-0.1200,-0.2985,0.1902,0.0147,1,2.12,0.075,0.529,0.237,,-0.0000,-0.1722,1.7643,-0.2985,0.1896,-0.1200
0.329,60,tripod,-0.0000,0.0006,0.1347,-0.0000,0.0000,-0.0000,-0.0002,0.0000,-0.0002,-0.0001,-0.0002,0.0004,0.000,0.000,-0.0000,0.0000,-0.0000,0.0000,-0.0000,0.1200,0,0.2985,-0.1890,0.0147,1,2.12,0.099,0.527,0.234,,-0.0000,-0.1722,1.7646,0.2985,-0.1896,-0.1200,0.2985,0.1902,0.0147,1,2.11,0.060,0.529,0.238,,0.0000,-0.1722,1.7646,0.2985,0.1896,-0.1200,-0.0000,-0.3436,0.0147,1,2.11,0.019,0.473,0.169,,-0.0000,-0.1722,1.7646,-0.0000,-0.3442,-0.1200,-0.0000,0.3448,0.0147,1,2.09,0.033,0.478,0.178,,0.0000,-0.1722,1.7643,-0.0000,0.3442,-0.1200,-0.2985,-0.1890,0.0147,1,2.06,0.090,0.486,0.196,,0.0000,-0.1722,1.7645,-0.2985,-0.1896,-0.1200,-0.2985,0.1902,0.0147,1,2.14,0.073,0.535,0.239,,-0.0000,-0.1722,1.7646,-0.2985,0.1896,-0.1200
0.352,64,tripod,-0.0000,0.0006,0.1347,-0.0000,0.0000,0.0000,-0.0000,0.0001,-0.0002,0.0000,-0.0000,0.0000,0.000,0.000,-0.0000,0.0000,-0.0000,0.0000,0.0000,0.1200,0,0.2985,-0.1890,0.0147,1,2.12,0.050,0.431,0.116,,-0.0000,-0.1722,1.7646,0.2985,-0.1896,-0.1200,0.2985,0.1902,0.0147,1,2.12,0.006,0.445,0.133,,0.0000,-0.1722,1.7646,0.2985,0.1896,-0.1200,-0.0000,-0.3436,0.0147,1,2.10,0.007,0.458,0.152,,-0.0000,-0.1722,1.7646,-0.0000,-0.3442,-0.1200,-0.0000,0.3448,0.0147,1,2.08,0.015,0.491,0.197,,0.0000,-0.1722,1.7643,-0.0000,0.3442,-0.1200,-0.2985,-0.1890,0.0147,1,2.10,0.032,0.452,0.146,,0.0000,-0.1722,1.7645,-0.2985,-0.1896,-0.1200,-0.2985,0.1902,0.0147,1,2.14,0.009,0.436,0.118,,-0.0000,-0.1722,1.7646,-0.2985,0.1896,-0.1200
0.375,68,tripod,-0.0000,0.0006,0.1347,-0.0000,0.0000,0.0000,-0.0000,0.0000,-0.0001,0.0000,-0.0000,0.0000,0.000,0.000,-0.0000,0.0000,-0.0000,0.0000,0.0000,0.1200,0,0.2985,-0.1890,0.0147,1,2.12,0.036,0.425,0.108,,-0.0001,-0.1722,1.7646,0.2985,-0.1896,-0.1200,0.2985,0.1902,0.0147,1,2.12,0.007,0.443,0.131,,0.0000,-0.1722,1.7646,0.2985,0.1896,-0.1200,-0.0000,-0.3436,0.0147,1,2.10,0.006,0.456,0.151,,-0.0000,-0.1722,1.7646,-0.0000,-0.3442,-0.1200,-0.0000,0.3448,0.0147,1,2.07,0.014,0.492,0.200,,0.0000,-0.1722,1.7643,-0.0000,0.3442,-0.1200,-0.2985,-0.1890,0.0147,1,2.10,0.023,0.449,0.143,,0.0000,-0.1722,1.7645,-0.2985,-0.1896,-0.1200,-0.2985,0.1902,0.0147,1,2.14,0.003,0.428,0.107,,-0.0000,-0.1722,1.7646,-0.2985,0.1896,-0.1200
0.398,72,tripod,-0.0000,0.0006,0.1347,-0.0000,0.0000,0.0000,-0.0000,0.0000,-0.0000,0.0000,-0.0000,-0.0000,0.000,0.000,-0.0000,0.0000,-0.0000,0.0000,0.0000,0.1200,0,0.2985,-0.1890,0.0147,1,2.12,0.032,0.424,0.108,,-0.0001,-0.1722,1.7646,0.2985,-0.1896,-0.1200,0.2985,0.1902,0.0147,1,2.12,0.012,0.443,0.131,,0.0000,-0.1722,1.7645,0.2985,0.1896,-0.1200,-0.0000,-0.3436,0.0147,1,2.10,0.007,0.456,0.150,,-0.0000,-0.1722,1.7646,-0.0000,-0.3442,-0.1200,-0.0000,0.3448,0.0147,1,2.08,0.013,0.492,0.200,,0.0000,-0.1722,1.7643,-0.0000,0.3442,-0.1200,-0.2985,-0.1890,0.0147,1,2.10,0.022,0.449,0.142,,0.0000,-0.1722,1.7645,-0.2985,-0.1896,-0.1200,-0.2985,0.1902,0.0147,1,2.14,0.008,0.427,0.106,,-0.0000,-0.1722,1.7646,-0.2985,0.1896,-0.1200
0.421,76,tripod,-0.0000,0.0006,0.1347,-0.0000,0.0000,0.0000,-0.0000,0.0000,0.0000,0.0000,-0.0000,-0.0000,0.000,0.000,-0.0000,0.0000,-0.0000,0.0000,0.0000,0.1200,0,0.2985,-0.1890,0.0147,1,2.12,0.031,0.424,0.108,,-0.0001,-0.1722,1.7646,0.2985,-0.1896,-0.1200,0.2985,0.1902,0.0147,1,2.12,0.015,0.443,0.131,,0.0000,-0.1722,1.7645,0.2985,0.1896,-0.1200,-0.0000,-0.3436,0.0147,1,2.10,0.009,0.456,0.151,,-0.0000,-0.1722,1.7646,-0.0000,-0.3442,-0.1200,-0.0000,0.3448,0.0147,1,2.08,0.012,0.492,0.200,,0.0000,-0.1722,1.7643,-0.0000,0.3442,-0.1200,-0.2985,-0.1890,0.0147,1,2.10,0.022,0.449,0.142,,0.0000,-0.1722,1.7645,-0.2985,-0.1896,-0.1200,-0.2985,0.1902,0.0147,1,2.14,0.010,0.426,0.106,,-0.0000,-0.1722,1.7646,-0.2985,0.1896,-0.1200
0.444,80,tripod,-0.0000,0.0006,0.1347,-0.0000,0.0000,0.0000,-0.0000,0.0000,0.0001,0.0000,-0.0000,-0.0000,0.000,0.000,-0.0000,0.0000,-0.0000,0.0000,0.0000,0.1200,0,0.2985,-0.1890,0.0147,1,2.12,0.031,0.424,0.109,,-0.0001,-0.1722,1.7646,0.2985,-0.1896,-0.1200,0.2985,0.1902,0.0147,1,2.12,0.017,0.443,0.131,,0.0000,-0.1722,1.7645,0.2985,0.1896,-0.1200,-0.0000,-0.3436,0.0147,1,2.10,0.010,0.457,0.151,,-0.0000,-0.1722,1.7646,-0.0000,-0.3442,-0.1200,-0.0000,0.3448,0.0147,1,2.08,0.010,0.492,0.200,,0.0000,-0.1722,1.7643,-0.0000,0.3442,-0.1200,-0.2985,-0.1890,0.0147,1,2.10,0.024,0.449,0.142,,0.0000,-0.1722,1.7645,-0.2985,-0.1896,-0.1200,-0.2985,0.1902,0.0147,1,2.14,0.011,0.426,0.106,,-0.0000,-0.1722,1.7646,-0.2985,0.1896,-0.1200
0.467,84,tripod,-0.0000,0.0006,0.1347,-0.0000,0.0000,-0.0000,-0.0000,0.0000,0.0001,0.0000,-0.0000,-0.0000,0.000,0.000,-0.0000,0.0000,-0.0000,0.0000,-0.0000,0.1200,0,0.2985,-0.1890,0.0147,1,2.11,0.031,0.424,0.109,,-0.0001,-0.1722,1.7645,0.2985,-0.1896,-0.1200,0.2985,0.1902,0.0147,1,2.12,0.019,0.443,0.132,,0.0000,-0.1722,1.7645,0.2985,0.1896,-0.1200,-0.0000,-0.3436,0.0147,1,2.10,0.012,0.457,0.151,,-0.0000,-0.1722,1.7645,-0.0000,-0.3442,-0.1200,-0.0000,0.3448,0.0147,1,2.08,0.009,0.492,0.199,,0.0000,-0.1722,1.7643,-0.0000,0.3442,-0.1200,-0.2985,-0.1890,0.0147,1,2.10,0.025,0.449,0.142,,0.0000,-0.1722,1.7645,-0.2985,-0.1896,-0.1200,-0.2985,0.1902,0.0147,1,2.14,0.012,0.426,0.105,,-0.0000,-0.1722,1.7646,-0.2985,0.1896,-0.1200
0.490,88,tripod,-0.0000,0.0006,0.1347,-0.0000,0.0000,-0.0000,-0.0000,0.0000,0.0001,-0.0000,-0.0000,0.0000,0.000,0.000,-0.0000,0.0000,-0.0000,0.0000,-0.0000,0.1200,0,0.2985,-0.1890,0.0147,1,2.11,0.031,0.424,0.110,,-0.0001,-0.1722,1.7645,0.2985,-0.1896,-0.1200,0.2985,0.1902,0.0147,1,2.12,0.020,0.443,0.132,,0.0000,-0.1722,1.7645,0.2985,0.1896,-0.1200,-0.0000,-0.3436,0.0147,1,2.10,0.012,0.457,0.151,,0.0000,-0.1722,1.7645,0.0000,-0.3442,-0.1200,-0.0000,0.3448,0.0147,1,2.08,0.008,0.493,0.199,,0.0000,-0.1722,1.7643,-0.0000,0.3442,-0.1200,-0.2985,-0.1890,0.0147,1,2.10,0.027,0.449,0.142,,0.0000,-0.1722,1.7644,-0.2985,-0.1896,-0.1200,-0.2985,0.1902,0.0147,1,2.14,0.012,0.426,0.105,,-0.0000,-0.1721,1.7646,-0.2985,0.1896,-0.1200
0.512,92,tripod,-0.0000,0.0006,0.1347,-0.0000,0.0000,0.0000,-0.0000,0.0000,0.0001,-0.0000,-0.0000,0.0000,0.000,0.000,-0.0000,0.0000,-0.0000,0.0000,0.0000,0.1200,0,0.2985,-0.1890,0.0147,1,2.11,0.032,0.424,0.110,,-0.0001,-0.1721,1.7645,0.2985,-0.1896,-0.1200,0.2985,0.1902,0.0147,1,2.12,0.021,0.444,0.132,,0.0000,-0.1722,1.7645,0.2985,0.1896,-0.1200,-0.0000,-0.3436,0.0147,1,2.10,0.012,0.457,0.151,,0.0000,-0.1721,1.7645,0.0000,-0.3442,-0.1200,-0.0000,0.3448,0.0147,1,2.08,0.007,0.493,0.199,,0.0000,-0.1722,1.7642,-0.0000,0.3442,-0.1200,-0.2985,-0.1890,0.0147,1,2.10,0.029,0.449,0.142,,0.0000,-0.1721,1.7644,-0.2985,-0.1896,-0.1200,-0.2985,0.1902,0.0147,1,2.14,0.011,0.425,0.105,,-0.0000,-0.1721,1.7645,-0.2985,0.1896,-0.1200
0.535,96,tripod,-0.0000,0.0006,0.1347,-0.0000,0.0000,0.0000,-0.0000,0.0000,0.0001,-0.0000,-0.0000,0.0000,0.000,0.000,-0.0000,0.0000,-0.0000,0.0000,0.0000,0.1200,0,0.2985,-0.1890,0.0147,1,2.11,0.032,0.424,0.110,,-0.0001,-0.1721,1.7645,0.2985,-0.1896,-0.1200,0.2985,0.1902,0.0147,1,2.12,0.021,0.444,0.132,,0.0000,-0.1721,1.7645,0.2985,0.1896,-0.1200,-0.0000,-0.3436,0.0147,1,2.10,0.012,0.457,0.151,,0.0000,-0.1721,1.7645,0.0000,-0.3442,-0.1200,-0.0000,0.3448,0.0147,1,2.08,0.007,0.493,0.199,,0.0000,-0.1722,1.7642,-0.0000,0.3442,-0.1200,-0.2985,-0.1890,0.0147,1,2.10,0.030,0.449,0.141,,0.0000,-0.1721,1.7644,-0.2985,-0.1896,-0.1200,-0.2985,0.1902,0.0147,1,2.14,0.011,0.425,0.105,,-0.0000,-0.1721,1.7645,-0.2985,0.1896,-0.1200
0.557,100,tripod,-0.0000,0.0006,0.1347,-0.0000,0.0000,0.0000,-0.0000,0.0000,0.0001,-0.0000,-0.0000,0.0000,0.000,0.000,-0.0000,0.0000,-0.0000,0.0000,0.0000,0.1200,0,0.2985,-0.1890,0.0147,1,2.11,0.032,0.424,0.110,,-0.0001,-0.1721,1.7645,0.2985,-0.1896,-0.1200,0.2985,0.1902,0.0147,1,2.12,0.022,0.444,0.132,,0.0000,-0.1721,1.7645,0.2985,0.1896,-0.1200,-0.0000,-0.3436,0.0147,1,2.10,0.013,0.457,0.151,,0.0000,-0.1721,1.7645,0.0000,-0.3442,-0.1200,-0.0000,0.3448,0.0147,1,2.08,0.006,0.493,0.199,,0.0000,-0.1721,1.7642,-0.0000,0.3442,-0.1200,-0.2985,-0.1890,0.0147,1,2.10,0.031,0.449,0.141,,0.0000,-0.1721,1.7644,-0.2985,-0.1896,-0.1200,-0.2985,0.1902,0.0147,1,2.14,0.011,0.425,0.105,,-0.0000,-0.1721,1.7645,-0.2985,0.1896,-0.1200
0.580,104,tripod,-0.0000,0.0006,0.1347,-0.0000,0.0000,0.0000,-0.0000,0.0000,0.0001,-0.0000,-0.0000,0.0000,0.000,0.000,-0.0000,0.0000,-0.0000,0.0000,0.0000,0.1200,0,0.2985,-0.1890,0.0147,1,2.11,0.032,0.425,0.110,,-0.0001,-0.1721,1.7645,0.2985,-0.1896,-0.1200,0.2985,0.1902,0.0147,1,2.12,0.022,0.444,0.132,,0.0000,-0.1721,1.7644,0.2985,0.1896,-0.1200,-0.0000,-0.3436,0.0147,1,2.10,0.013,0.457,0.151,,0.0000,-0.1721,1.7645,0.0000,-0.3442,-0.1200,-0.0000,0.3448,0.0147,1,2.08,0.005,0.493,0.199,,0.0000,-0.1721,1.7642,-0.0000,0.3442,-0.1200,-0.2985,-0.1890,0.0147,1,2.11,0.032,0.449,0.141,,0.0000,-0.1721,1.7644,-0.2985,-0.1896,-0.1200,-0.2985,0.1902,0.0147,1,2.14,0.010,0.425,0.105,,-0.0000,-0.1721,1.7645,-0.2985,0.1896,-0.1200
0.602,108,tripod,-0.0000,0.0006,0.1347,-0.0000,0.0000,0.0000,-0.0000,0.0000,0.0001,-0.0000,-0.0000,0.0000,0.000,0.000,-0.0000,0.0000,-0.0000,0.0000,0.0000,0.1200,0,0.2985,-0.1890,0.0147,1,2.11,0.032,0.425,0.110,,-0.0001,-0.1721,1.7644,0.2985,-0.1896,-0.1200,0.2985,0.1902,0.0147,1,2.12,0.023,0.444,0.132,,0.0000,-0.1721,1.7644,0.2985,0.1896,-0.1200,-0.0000,-0.3436,0.0147,1,2.10,0.013,0.457,0.151,,0.0000,-0.1721,1.7645,0.0000,-0.3442,-0.1200,-0.0000,0.3448,0.0147,1,2.08,0.004,0.493,0.199,,0.0000,-0.1721,1.7642,-0.0000,0.3442,-0.1200,-0.2985,-0.1890,0.0147,1,2.11,0.032,0.449,0.141,,0.0000,-0.1721,1.7644,-0.2985,-0.1896,-0.1200,-0.2985,0.1902,0.0147,1,2.14,0.010,0.425,0.105,,-0.0000,-0.1721,1.7645,-0.2985,0.1896,-0.1200
0.625,112,tripod,-0.0000,0.0006,0.1347,-0.0000,0.0000,0.0000,-0.0000,0.0000,0.0001,0.0000,0.0000,0.0000,0.000,0.000,-0.0000,0.0000,-0.0000,0.0000,0.0000,0.1200,0,0.2985,-0.1890,0.0147,1,2.11,0.032,0.425,0.110,,-0.0001,-0.1721,1.7644,0.2985,-0.1896,-0.1200,0.2985,0.1902,0.0147,1,2.12,0.023,0.444,0.132,,0.0000,-0.1721,1.7644,0.2985,0.1896,-0.1200,-0.0000,-0.3436,0.0147,1,2.10,0.014,0.457,0.152,,0.0000,-0.1721,1.7645,0.0000,-0.3442,-0.1200,-0.0000,0.3448,0.0147,1,2.08,0.004,0.493,0.199,,0.0000,-0.1721,1.7642,-0.0000,0.3442,-0.1200,-0.2985,-0.1890,0.0147,1,2.11,0.032,0.449,0.141,,0.0000,-0.1721,1.7644,-0.2985,-0.1896,-0.1200,-0.2985,0.1902,0.0147,1,2.14,0.010,0.425,0.105,,-0.0000,-0.1721,1.7645,-0.2985,0.1896,-0.1200
0.647,116,tripod,-0.0000,0.0006,0.1347,-0.0000,0.0000,0.0000,-0.0000,0.0000,0.0001,0.0000,0.0000,0.0000,0.000,0.000,-0.0000,0.0000,-0.0000,0.0000,0.0000,0.1200,0,0.2985,-0.1890,0.0147,1,2.11,0.032,0.425,0.110,,-0.0001,-0.1721,1.7644,0.2985,-0.1896,-0.1200,0.2985,0.1902,0.0147,1,2.12,0.023,0.444,0.132,,0.0000,-0.1721,1.7644,0.2985,0.1896,-0.1200,-0.0000,-0.3436,0.0147,1,2.10,0.014,0.457,0.152,,0.0000,-0.1721,1.7644,0.0000,-0.3442,-0.1200,-0.0000,0.3448,0.0147,1,2.08,0.003,0.493,0.199,,0.0000,-0.1721,1.7642,-0.0000,0.3442,-0.1200,-0.2985,-0.1890,0.0147,1,2.11,0.033,0.449,0.141,,0.0000,-0.1721,1.7644,-0.2985,-0.1896,-0.1200,-0.2985,0.1902,0.0147,1,2.14,0.009,0.425,0.105,,-0.0000,-0.1720,1.7645,-0.2985,0.1896,-0.1200
0.670,120,tripod,-0.0000,0.0006,0.1347,-0.0000,0.0000,0.0000,-0.0000,0.0000,0.0000,0.0000,0.0000,0.0000,0.000,0.000,-0.0000,0.0000,-0.0000,0.0000,0.0000,0.1200,0,0.2985,-0.1890,0.0147,1,2.11,0.032,0.425,0.111,,-0.0001,-0.1721,1.7644,0.2985,-0.1896,-0.1200,0.2985,0.1902,0.0147,1,2.12,0.023,0.444,0.132,,0.0000,-0.1721,1.7644,0.2985,0.1896,-0.1200,-0.0000,-0.3436,0.0147,1,2.10,0.014,0.457,0.152,,0.0000,-0.1721,1.7644,0.0000,-0.3442,-0.1200,-0.0000,0.3448,0.0147,1,2.08,0.003,0.493,0.199,,0.0000,-0.1721,1.7642,-0.0000,0.3442,-0.1200,-0.2985,-0.1890,0.0147,1,2.11,0.033,0.449,0.141,,0.0000,-0.1721,1.7644,-0.2985,-0.1896,-0.1200,-0.2985,0.1902,0.0147,1,2.14,0.009,0.425,0.105,,-0.0000,-0.1720,1.7645,-0.2985,0.1896,-0.1200
0.692,124,tripod,-0.0000,0.0006,0.1347,-0.0000,0.0000,0.0000,-0.0000,0.0000,0.0000,0.0000,0.0000,0.0000,0.000,0.000,-0.0000,0.0000,-0.0000,0.0000,0.0000,0.1200,0,0.2985,-0.1890,0.0147,1,2.11,0.032,0.425,0.111,,-0.0001,-0.1721,1.7644,0.2985,-0.1896,-0.1200,0.2985,0.1902,0.0147,1,2.12,0.024,0.444,0.132,,-0.0000,-0.1721,1.7644,0.2985,0.1896,-0.1200,-0.0000,-0.3436,0.0147,1,2.10,0.015,0.457,0.152,,0.0000,-0.1721,1.7644,0.0000,-0.3442,-0.1200,-0.0000,0.3448,0.0147,1,2.08,0.002,0.493,0.199,,0.0000,-0.1721,1.7642,-0.0000,0.3442,-0.1200,-0.2985,-0.1890,0.0147,1,2.11,0.033,0.449,0.141,,0.0000,-0.1720,1.7644,-0.2985,-0.1896,-0.1200,-0.2985,0.1902,0.0147,1,2.14,0.009,0.424,0.104,,-0.0000,-0.1720,1.7645,-0.2985,0.1896,-0.1200
0.715,128,tripod,-0.0000,0.0006,0.1347,-0.0000,0.0000,0.0000,-0.0000,-0.0000,0.0000,0.0000,0.0000,0.0000,0.000,0.000,-0.0000,0.0000,-0.0000,0.0000,0.0000,0.1200,0,0.2985,-0.1890,0.0147,1,2.11,0.032,0.425,0.111,,-0.0001,-0.1721,1.7644,0.2985,-0.1896,-0.1200,0.2985,0.1902,0.0147,1,2.12,0.024,0.444,0.132,,-0.0000,-0.1721,1.7644,0.2985,0.1896,-0.1200,-0.0000,-0.3436,0.0147,1,2.10,0.015,0.457,0.152,,0.0000,-0.1721,1.7644,0.0000,-0.3442,-0.1200,-0.0000,0.3448,0.0147,1,2.08,0.002,0.493,0.199,,0.0000,-0.1721,1.7642,-0.0000,0.3442,-0.1200,-0.2985,-0.1890,0.0147,1,2.11,0.033,0.448,0.141,,0.0000,-0.1720,1.7644,-0.2985,-0.1896,-0.1200,-0.2985,0.1902,0.0147,1,2.14,0.009,0.424,0.104,,-0.0000,-0.1720,1.7645,-0.2985,0.1896,-0.1200
0.737,132,tripod,-0.0000,0.0006,0.1347,-0.0000,0.0000,0.0000,-0.0000,-0.0000,-0.0000,0.0000,0.0000,0.0000,0.000,0.000,-0.0000,0.0000,-0.0000,0.0000,0.0000,0.1200,0,0.2985,-0.1890,0.0147,1,2.11,0.032,0.425,0.111,,-0.0001,-0.1721,1.7644,0.2985,-0.1896,-0.1200,0.2985,0.1902,0.0147,1,2.12,0.024,0.444,0.132,,-0.0000,-0.1721,1.7644,0.2985,0.1896,-0.1200,-0.0000,-0.3436,0.0147,1,2.10,0.015,0.457,0.152,,0.0000,-0.1720,1.7644,0.0000,-0.3442,-0.1200,-0.0000,0.3448,0.0147,1,2.08,0.001,0.493,0.199,,0.0000,-0.1721,1.7642,-0.0000,0.3442,-0.1200,-0.2985,-0.1890,0.0147,1,2.11,0.033,0.448,0.141,,0.0000,-0.1720,1.7644,-0.2985,-0.1896,-0.1200,-0.2985,0.1902,0.0147,1,2.14,0.009,0.424,0.104,,-0.0000,-0.1720,1.7645,-0.2985,0.1896,-0.1200
0.760,136,tripod,-0.0000,0.0006,0.1347,-0.0000,0.0000,0.0000,-0.0000,-0.0000,-0.0000,0.0000,0.0000,0.0000,0.000,0.000,-0.0000,0.0000,-0.0000,0.0000,0.0000,0.1200,0,0.2985,-0.1890,0.0147,1,2.11,0.032,0.425,0.111,,-0.0001,-0.1721,1.7644,0.2985,-0.1896,-0.1200,0.2985,0.1902,0.0147,1,2.12,0.024,0.444,0.133,,-0.0000,-0.1721,1.7644,0.2985,0.1896,-0.1200,-0.0000,-0.3436,0.0147,1,2.10,0.016,0.457,0.152,,0.0000,-0.1720,1.7644,0.0000,-0.3442,-0.1200,-0.0000,0.3448,0.0147,1,2.08,0.001,0.493,0.199,,0.0000,-0.1721,1.7642,-0.0000,0.3442,-0.1200,-0.2985,-0.1890,0.0147,1,2.11,0.033,0.448,0.140,,0.0000,-0.1720,1.7644,-0.2985,-0.1896,-0.1200,-0.2985,0.1902,0.0147,1,2.14,0.008,0.424,0.104,,-0.0000,-0.1720,1.7645,-0.2985,0.1896,-0.1200
0.782,140,tripod,-0.0000,0.0006,0.1347,-0.0000,0.0000,0.0000,-0.0000,-0.0000,-0.0000,0.0000,0.0000,0.0000,0.000,0.000,-0.0000,0.0000,-0.0000,0.0000,0.0000,0.1200,0,0.2985,-0.1890,0.0147,1,2.11,0.032,0.425,0.111,,-0.0001,-0.1721,1.7644,0.2985,-0.1896,-0.1200,0.2985,0.1902,0.0147,1,2.12,0.024,0.444,0.133,,-0.0000,-0.1721,1.7644,0.2985,0.1896,-0.1200,-0.0000,-0.3436,0.0147,1,2.10,0.016,0.457,0.152,,0.0000,-0.1721,1.7644,0.0000,-0.3442,-0.1200,-0.0000,0.3448,0.0147,1,2.08,0.001,0.493,0.199,,0.0000,-0.1721,1.7642,-0.0000,0.3442,-0.1200,-0.2985,-0.1890,0.0147,1,2.11,0.033,0.448,0.140,,0.0000,-0.1720,1.7644,-0.2985,-0.1896,-0.1200,-0.2985,0.1902,0.0147,1,2.14,0.008,0.424,0.104,,-0.0000,-0.1720,1.7645,-0.2985,0.1896,-0.1200
0.805,144,tripod,-0.0000,0.0006,0.1347,-0.0000,0.0000,0.0000,-0.0000,-0.0000,-0.0000,0.0000,0.0000,0.0000,0.000,0.000,-0.0000,0.0000,-0.0000,0.0000,0.0000,0.1200,0,0.2985,-0.1890,0.0147,1,2.11,0.032,0.425,0.111,,-0.0001,-0.1721,1.7644,0.2985,-0.1896,-0.1200,0.2985,0.1902,0.0147,1,2.12,0.024,0.444,0.133,,-0.0000,-0.1721,1.7644,0.2985,0.1896,-0.1200,-0.0000,-0.3436,0.0147,1,2.10,0.016,0.457,0.152,,0.0000,-0.1721,1.7644,0.0000,-0.3442,-0.1200,-0.0000,0.3448,0.0147,1,2.08,0.000,0.493,0.199,,0.0000,-0.1721,1.7642,-0.0000,0.3442,-0.1200,-0.2985,-0.1890,0.0147,1,2.11,0.034,0.448,0.140,,0.0000,-0.1720,1.7644,-0.2985,-0.1896,-0.1200,-0.2985,0.1902,0.0147,1,2.14,0.008,0.424,0.104,,-0.0000,-0.1720,1.7645,-0.2985,0.1896,-0.1200
0.827,148,tripod,-0.0000,0.0006,0.1347,-0.0000,0.0000,0.0000,-0.0000,-0.0000,-0.0000,0.0000,0.0000,0.0000,0.000,0.000,-0.0000,0.0000,-0.0000,0.0000,0.0000,0.1200,0,0.2985,-0.1890,0.0147,1,2.11,0.032,0.425,0.111,,-0.0001,-0.1721,1.7644,0.2985,-0.1896,-0.1200,0.2985,0.1902,0.0147,1,2.12,0.025,0.444,0.133,,-0.0000,-0.1721,1.7644,0.2985,0.1896,-0.1200,-0.0000,-0.3436,0.0147,1,2.10,0.016,0.457,0.152,,0.0000,-0.1721,1.7644,0.0000,-0.3442,-0.1200,-0.0000,0.3448,0.0147,1,2.08,0.000,0.493,0.199,,0.0000,-0.1721,1.7642,-0.0000,0.3442,-0.1200,-0.2985,-0.1890,0.0147,1,2.11,0.034,0.448,0.140,,0.0000,-0.1720,1.7644,-0.2985,-0.1896,-0.1200,-0.2985,0.1902,0.0147,1,2.14,0.008,0.424,0.104,,-0.0000,-0.1720,1.7645,-0.2985,0.1896,-0.1200
0.850,152,tripod,-0.0000,0.0006,0.1347,-0.0000,0.0000,0.0000,-0.0000,-0.0000,-0.0000,0.0000,0.0000,0.0000,0.000,0.000,-0.0000,0.0000,-0.0000,0.0000,0.0000,0.1200,0,0.2985,-0.1890,0.0147,1,2.11,0.032,0.425,0.111,,-0.0001,-0.1721,1.7644,0.2985,-0.1896,-0.1200,0.2985,0.1902,0.0147,1,2.12,0.025,0.444,0.133,,-0.0000,-0.1721,1.7644,0.2985,0.1896,-0.1200,-0.0000,-0.3436,0.0147,1,2.10,0.016,0.457,0.152,,0.0000,-0.1721,1.7644,0.0000,-0.3442,-0.1200,-0.0000,0.3448,0.0147,1,2.08,0.000,0.493,0.199,,0.0000,-0.1721,1.7642,-0.0000,0.3442,-0.1200,-0.2985,-0.1890,0.0147,1,2.11,0.034,0.448,0.140,,0.0000,-0.1721,1.7644,-0.2985,-0.1896,-0.1200,-0.2985,0.1902,0.0147,1,2.14,0.008,0.424,0.104,,-0.0000,-0.1720,1.7645,-0.2985,0.1896,-0.1200
0.872,156,tripod,-0.0000,0.0006,0.1347,-0.0000,0.0000,0.0000,-0.0000,-0.0000,-0.0000,0.0000,0.0000,0.0000,0.000,0.000,-0.0000,0.0000,-0.0000,0.0000,0.0000,0.1200,0,0.2985,-0.1890,0.0147,1,2.11,0.032,0.425,0.111,,-0.0001,-0.1721,1.7644,0.2985,-0.1896,-0.1200,0.2985,0.1902,0.0147,1,2.12,0.025,0.444,0.133,,-0.0000,-0.1721,1.7644,0.2985,0.1896,-0.1200,-0.0000,-0.3436,0.0147,1,2.10,0.017,0.457,0.151,,0.0000,-0.1721,1.7644,0.0000,-0.3442,-0.1200,-0.0000,0.3448,0.0147,1,2.08,0.000,0.493,0.199,,0.0000,-0.1721,1.7642,-0.0000,0.3442,-0.1200,-0.2985,-0.1890,0.0147,1,2.11,0.034,0.448,0.140,,0.0000,-0.1721,1.7644,-0.2985,-0.1896,-0.1200,-0.2985,0.1902,0.0147,1,2.14,0.008,0.424,0.104,,-0.0000,-0.1720,1.7645,-0.2985,0.1896,-0.1200
0.895,160,tripod,-0.0000,0.0006,0.1347,-0.0000,0.0000,0.0000,-0.0000,-0.0000,-0.0000,0.0000,0.0000,0.0000,0.000,0.000,-0.0000,0.0000,-0.0000,0.0000,0.0000,0.1200,0,0.2985,-0.1890,0.0147,1,2.11,0.031,0.425,0.111,,-0.0001,-0.1721,1.7644,0.2985,-0.1896,-0.1200,0.2985,0.1902,0.0147,1,2.12,0.025,0.444,0.133,,-0.0000,-0.1721,1.7644,0.2985,0.1896,-0.1200,-0.0000,-0.3436,0.0147,1,2.10,0.017,0.457,0.151,,0.0000,-0.1721,1.7644,0.0000,-0.3442,-0.1200,-0.0000,0.3448,0.0147,1,2.08,0.001,0.493,0.199,,0.0000,-0.1721,1.7642,-0.0000,0.3442,-0.1200,-0.2985,-0.1890,0.0147,1,2.11,0.034,0.448,0.140,,0.0000,-0.1721,1.7644,-0.2985,-0.1896,-0.1200,-0.2985,0.1902,0.0147,1,2.14,0.007,0.424,0.104,,-0.0000,-0.1720,1.7645,-0.2985,0.1896,-0.1200
0.918,164,tripod,-0.0000,0.0006,0.1347,-0.0000,0.0000,0.0000,-0.0000,-0.0000,-0.0000,-0.0000,0.0000,0.0000,0.000,0.000,-0.0000,0.0000,-0.0000,0.0000,0.0000,0.1200,0,0.2985,-0.1890,0.0147,1,2.11,0.031,0.425,0.111,,-0.0001,-0.1721,1.7644,0.2985,-0.1896,-0.1200,0.2985,0.1902,0.0147,1,2.12,0.025,0.445,0.133,,-0.0000,-0.1721,1.7644,0.2985,0.1896,-0.1200,-0.0000,-0.3436,0.0147,1,2.10,0.017,0.457,0.151,,0.0000,-0.1721,1.7644,0.0000,-0.3442,-0.1200,-0.0000,0.3448,0.0147,1,2.08,0.001,0.493,0.199,,0.0000,-0.1721,1.7642,-0.0000,0.3442,-0.1200,-0.2985,-0.1890,0.0147,1,2.11,0.034,0.448,0.140,,0.0000,-0.1721,1.7644,-0.2985,-0.1896,-0.1200,-0.2985,0.1902,0.0147,1,2.14,0.007,0.424,0.104,,-0.0000,-0.1720,1.7645,-0.2985,0.1896,-0.1200
0.940,168,tripod,-0.0000,0.0006,0.1347,-0.0000,0.0000,0.0000,-0.0000,-0.0000,-0.0000,-0.0000,0.0000,0.0000,0.000,0.000,-0.0000,0.0000,-0.0000,0.0000,0.0000,0.1200,0,0.2985,-0.1890,0.0147,1,2.11,0.031,0.425,0.111,,-0.0001,-0.1721,1.7644,0.2985,-0.1896,-0.1200,0.2985,0.1902,0.0147,1,2.12,0.025,0.445,0.133,,-0.0000,-0.1721,1.7644,0.2985,0.1896,-0.1200,-0.0000,-0.3436,0.0147,1,2.10,0.017,0.457,0.151,,0.0000,-0.1721,1.7644,0.0000,-0.3442,-0.1200,-0.0000,0.3448,0.0147,1,2.08,0.001,0.493,0.199,,0.0000,-0.1721,1.7642,-0.0000,0.3442,-0.1200,-0.2985,-0.1890,0.0147,1,2.11,0.034,0.448,0.140,,0.0000,-0.1721,1.7644,-0.2985,-0.1896,-0.1200,-0.2985,0.1902,0.0147,1,2.14,0.007,0.424,0.104,,-0.0000,-0.1720,1.7645,-0.2985,0.1896,-0.1200
0.963,172,tripod,-0.0000,0.0006,0.1347,-0.0000,0.0000,0.0000,-0.0000,-0.0000,-0.0000,-0.0000,0.0000,0.0000,0.000,0.000,-0.0000,0.0000,-0.0000,0.0000,0.0000,0.1200,0,0.2985,-0.1890,0.0147,1,2.11,0.031,0.425,0.111,,-0.0001,-0.1721,1.7644,0.2985,-0.1896,-0.1200,0.2985,0.1902,0.0147,1,2.12,0.025,0.445,0.133,,-0.0000,-0.1721,1.7644,0.2985,0.1896,-0.1200,-0.0000,-0.3436,0.0147,1,2.10,0.017,0.457,0.151,,0.0000,-0.1721,1.7644,0.0000,-0.3442,-0.1200,-0.0000,0.3448,0.0147,1,2.08,0.001,0.493,0.199,,0.0000,-0.1721,1.7642,-0.0000,0.3442,-0.1200,-0.2985,-0.1890,0.0147,1,2.11,0.034,0.448,0.140,,0.0000,-0.1721,1.7644,-0.2985,-0.1896,-0.1200,-0.2985,0.1902,0.0147,1,2.14,0.007,0.424,0.104,,-0.0000,-0.1720,1.7645,-0.2985,0.1896,-0.1200
0.986,176,tripod,-0.0000,0.0006,0.1347,-0.0000,0.0000,0.0000,-0.0000,-0.0000,-0.0000,-0.0000,0.0000,0.0000,0.000,0.000,-0.0000,0.0000,-0.0000,0.0000,0.0000,0.1200,0,0.2985,-0.1890,0.0147,1,2.11,0.031,0.425,0.111,,-0.0001,-0.1721,1.7644,0.2985,-0.1896,-0.1200,0.2985,0.1902,0.0147,1,2.12,0.025,0.445,0.133,,-0.0000,-0.1721,1.7644,0.2985,0.1896,-0.1200,-0.0000,-0.3436,0.0147,1,2.10,0.017,0.457,0.151,,0.0000,-0.1721,1.7644,0.0000,-0.3442,-0.1200,-0.0000,0.3448,0.0147,1,2.08,0.001,0.493,0.199,,0.0000,-0.1721,1.7642,-0.0000,0.3442,-0.1200,-0.2985,-0.1890,0.0147,1,2.11,0.034,0.448,0.140,,0.0000,-0.1721,1.7644,-0.2985,-0.1896,-0.1200,-0.2985,0.1902,0.0147,1,2.14,0.007,0.424,0.104,,-0.0000,-0.1721,1.7645,-0.2985,0.1896,-0.1200
1.008,180,tripod,-0.0000,0.0006,0.1347,-0.0000,0.0000,0.0000,-0.0000,-0.0000,-0.0000,-0.0000,0.0000,0.0000,0.000,0.000,-0.0000,0.0000,-0.0000,0.0000,0.0000,0.1200,0,0.2985,-0.1890,0.0147,1,2.11,0.031,0.425,0.111,,-0.0001,-0.1721,1.7644,0.2985,-0.1896,-0.1200,0.2985,0.1902,0.0147,1,2.12,0.025,0.445,0.133,,-0.0000,-0.1721,1.7644,0.2985,0.1896,-0.1200,-0.0000,-0.3436,0.0147,1,2.10,0.017,0.457,0.151,,0.0000,-0.1721,1.7645,0.0000,-0.3442,-0.1200,-0.0000,0.3448,0.0147,1,2.08,0.002,0.493,0.199,,0.0000,-0.1721,1.7642,-0.0000,0.3442,-0.1200,-0.2985,-0.1890,0.0147,1,2.11,0.034,0.448,0.140,,0.0000,-0.1721,1.7644,-0.2985,-0.1896,-0.1200,-0.2985,0.1902,0.0147,1,2.14,0.007,0.424,0.104,,-0.0000,-0.1721,1.7645,-0.2985,0.1896,-0.1200
1.031,184,tripod,-0.0000,0.0006,0.1347,-0.0000,0.0000,0.0000,-0.0000,-0.0000,-0.0000,-0.0000,0.0000,0.0000,0.000,0.000,-0.0000,0.0000,-0.0000,0.0000,0.0000,0.1200,0,0.2985,-0.1890,0.0147,1,2.11,0.031,0.425,0.111,,-0.0001,-0.1721,1.7644,0.2985,-0.1896,-0.1200,0.2985,0.1902,0.0147,1,2.12,0.025,0.445,0.133,,-0.0000,-0.1721,1.7644,0.2985,0.1896,-0.1200,-0.0000,-0.3436,0.0147,1,2.10,0.018,0.457,0.151,,0.0000,-0.1721,1.7645,0.0000,-0.3442,-0.1200,-0.0000,0.3448,0.0147,1,2.08,0.002,0.493,0.199,,0.0000,-0.1721,1.7642,-0.0000,0.3442,-0.1200,-0.2985,-0.1890,0.0147,1,2.11,0.034,0.448,0.140,,0.0000,-0.1721,1.7644,-0.2985,-0.1896,-0.1200,-0.2985,0.1902,0.0147,1,2.14,0.007,0.424,0.104,,-0.0000,-0.1721,1.7645,-0.2985,0.1896,-0.1200
1.054,188,tripod,-0.0000,0.0006,0.1347,-0.0000,0.0000,0.0000,-0.0000,-0.0000,-0.0000,-0.0000,0.0000,0.0000,0.000,0.000,-0.0000,0.0000,-0.0000,0.0000,0.0000,0.1200,0,0.2985,-0.1890,0.0147,1,2.11,0.031,0.425,0.111,,-0.0001,-0.1721,1.7644,0.2985,-0.1896,-0.1200,0.2985,0.1902,0.0147,1,2.12,0.025,0.445,0.133,,-0.0000,-0.1721,1.7644,0.2985,0.1896,-0.1200,-0.0000,-0.3436,0.0147,1,2.10,0.018,0.457,0.151,,0.0000,-0.1721,1.7645,0.0000,-0.3442,-0.1200,-0.0000,0.3448,0.0147,1,2.08,0.002,0.493,0.199,,0.0000,-0.1721,1.7642,-0.0000,0.3442,-0.1200,-0.2985,-0.1890,0.0147,1,2.11,0.034,0.448,0.140,,0.0000,-0.1721,1.7644,-0.2985,-0.1896,-0.1200,-0.2985,0.1902,0.0147,1,2.14,0.007,0.424,0.104,,-0.0000,-0.1721,1.7645,-0.2985,0.1896,-0.1200
1.077,192,tripod,-0.0000,0.0006,0.1347,-0.0000,0.0000,0.0000,-0.0000,-0.0000,-0.0000,-0.0000,0.0000,0.0000,0.000,0.000,-0.0000,0.0000,-0.0000,0.0000,0.0000,0.1200,0,0.2985,-0.1890,0.0147,1,2.11,0.031,0.425,0.111,,-0.0001,-0.1721,1.7644,0.2985,-0.1896,-0.1200,0.2985,0.1902,0.0147,1,2.12,0.025,0.445,0.133,,-0.0000,-0.1721,1.7644,0.2985,0.1896,-0.1200,-0.0000,-0.3436,0.0147,1,2.10,0.018,0.457,0.151,,0.0000,-0.1721,1.7645,0.0000,-0.3442,-0.1200,-0.0000,0.3448,0.0147,1,2.08,0.002,0.493,0.199,,0.0000,-0.1721,1.7642,-0.0000,0.3442,-0.1200,-0.2985,-0.1890,0.0147,1,2.11,0.034,0.448,0.140,,0.0000,-0.1721,1.7644,-0.2985,-0.1896,-0.1200,-0.2985,0.1902,0.0147,1,2.14,0.007,0.424,0.104,,-0.0000,-0.1721,1.7645,-0.2985,0.1896,-0.1200
1.100,196,tripod,-0.0000,0.0006,0.1347,-0.0000,0.0000,0.0000,-0.0000,-0.0000,-0.0000,-0.0000,0.0000,0.0000,0.000,0.000,-0.0000,0.0000,-0.0000,0.0000,0.0000,0.1200,0,0.2985,-0.1890,0.0147,1,2.11,0.031,0.425,0.111,,-0.0001,-0.1721,1.7644,0.2985,-0.1896,-0.1200,0.2985,0.1902,0.0147,1,2.12,0.026,0.445,0.133,,-0.0000,-0.1721,1.7644,0.2985,0.1896,-0.1200,-0.0000,-0.3436,0.0147,1,2.10,0.018,0.457,0.151,,0.0000,-0.1721,1.7645,0.0000,-0.3442,-0.1200,-0.0000,0.3448,0.0147,1,2.08,0.002,0.493,0.199,,0.0000,-0.1721,1.7642,-0.0000,0.3442,-0.1200,-0.2985,-0.1890,0.0147,1,2.11,0.034,0.448,0.140,,0.0000,-0.1721,1.7644,-0.2985,-0.1896,-0.1200,-0.2985,0.1902,0.0147,1,2.14,0.007,0.424,0.104,,-0.0000,-0.1721,1.7645,-0.2985,0.1896,-0.1200
1.122,200,tripod,-0.0000,0.0006,0.1347,-0.0000,0.0000,0.0000,-0.0000,-0.0000,-0.0000,-0.0000,0.0000,0.0000,0.000,0.000,-0.0000,0.0000,-0.0000,0.0000,0.0000,0.1200,0,0.2985,-0.1890,0.0147,1,2.11,0.031,0.425,0.111,,-0.0001,-0.1721,1.7644,0.2985,-0.1896,-0.1200,0.2985,0.1902,0.0147,1,2.12,0.026,0.445,0.133,,-0.0000,-0.1721,1.7644,0.2985,0.1896,-0.1200,-0.0000,-0.3436,0.0147,1,2.10,0.018,0.457,0.151,,0.0000,-0.1721,1.7645,0.0000,-0.3442,-0.1200,-0.0000,0.3448,0.0147,1,2.08,0.002,0.493,0.199,,0.0000,-0.1721,1.7642,-0.0000,0.3442,-0.1200,-0.2985,-0.1890,0.0147,1,2.11,0.034,0.448,0.140,,0.0000,-0.1721,1.7644,-0.2985,-0.1896,-0.1200,-0.2985,0.1902,0.0147,1,2.14,0.006,0.424,0.104,,-0.0000,-0.1721,1.7645,-0.2985,0.1896,-0.1200
1.145,204,tripod,-0.0000,0.0006,0.1347,-0.0000,0.0000,0.0000,-0.0000,-0.0000,-0.0000,-0.0000,0.0000,0.0000,0.000,0.000,-0.0000,0.0000,-0.0000,0.0000,0.0000,0.1200,0,0.2985,-0.1890,0.0147,1,2.11,0.031,0.425,0.111,,-0.0001,-0.1721,1.7644,0.2985,-0.1896,-0.1200,0.2985,0.1902,0.0147,1,2.12,0.026,0.445,0.133,,-0.0000,-0.1721,1.7644,0.2985,0.1896,-0.1200,-0.0000,-0.3436,0.0147,1,2.10,0.018,0.457,0.151,,0.0000,-0.1721,1.7645,0.0000,-0.3442,-0.1200,-0.0000,0.3448,0.0147,1,2.08,0.002,0.493,0.199,,0.0000,-0.1721,1.7642,-0.0000,0.3442,-0.1200,-0.2985,-0.1890,0.0147,1,2.11,0.034,0.448,0.140,,0.0000,-0.1721,1.7644,-0.2985,-0.1896,-0.1200,-0.2985,0.1902,0.0147,1,2.14,0.006,0.424,0.104,,-0.0000,-0.1721,1.7645,-0.2985,0.1896,-0.1200
1.167,208,tripod,-0.0000,0.0006,0.1347,-0.0000,0.0000,0.0000,-0.0000,-0.0000,0.0000,-0.0000,0.0000,0.0000,0.000,0.000,-0.0000,0.0000,-0.0000,0.0000,0.0000,0.1200,0,0.2985,-0.1890,0.0147,1,2.11,0.031,0.426,0.111,,-0.0001,-0.1721,1.7644,0.2985,-0.1896,-0.1200,0.2985,0.1902,0.0147,1,2.12,0.026,0.445,0.133,,-0.0000,-0.1721,1.7644,0.2985,0.1896,-0.1200,-0.0000,-0.3436,0.0147,1,2.10,0.018,0.457,0.151,,0.0000,-0.1721,1.7645,0.0000,-0.3442,-0.1200,-0.0000,0.3448,0.0147,1,2.08,0.002,0.493,0.199,,0.0000,-0.1721,1.7642,-0.0000,0.3442,-0.1200,-0.2985,-0.1890,0.0147,1,2.11,0.034,0.448,0.140,,0.0000,-0.1721,1.7644,-0.2985,-0.1896,-0.1200,-0.2985,0.1902,0.0147,1,2.14,0.006,0.424,0.104,,-0.0000,-0.1721,1.7645,-0.2985,0.1896,-0.1200
1.190,212,tripod,-0.0000,0.0006,0.1347,-0.0000,0.0000,0.0000,-0.0000,-0.0000,0.0000,-0.0000,0.0000,0.0000,0.000,0.000,-0.0000,0.0000,-0.0000,0.0000,0.0000,0.1200,0,0.2985,-0.1890,0.0147,1,2.11,0.031,0.426,0.111,,-0.0001,-0.1721,1.7644,0.2985,-0.1896,-0.1200,0.2985,0.1902,0.0147,1,2.12,0.026,0.445,0.133,,-0.0000,-0.1721,1.7644,0.2985,0.1896,-0.1200,-0.0000,-0.3436,0.0147,1,2.10,0.018,0.457,0.151,,0.0000,-0.1721,1.7645,0.0000,-0.3442,-0.1200,-0.0000,0.3448,0.0147,1,2.08,0.002,0.493,0.199,,0.0000,-0.1721,1.7642,-0.0000,0.3442,-0.1200,-0.2985,-0.1890,0.0147,1,2.11,0.034,0.448,0.140,,0.0000,-0.1721,1.7644,-0.2985,-0.1896,-0.1200,-0.2985,0.1902,0.0147,1,2.14,0.006,0.424,0.104,,-0.0000,-0.1721,1.7645,-0.2985,0.1896,-0.1200
1.213,216,tripod,-0.0000,0.0006,0.1347,-0.0000,0.0000,0.0000,-0.0000,-0.0000,0.0000,-0.0000,0.0000,0.0000,0.000,0.000,-0.0000,0.0000,-0.0000,0.0000,0.0000,0.1200,0,0.2985,-0.1890,0.0147,1,2.11,0.031,0.426,0.111,,-0.0001,-0.1721,1.7644,0.2985,-0.1896,-0.1200,0.2985,0.1902,0.0147,1,2.12,0.026,0.445,0.133,,-0.0000,-0.1721,1.7644,0.2985,0.1896,-0.1200,-0.0000,-0.3436,0.0147,1,2.10,0.018,0.457,0.151,,0.0000,-0.1721,1.7645,0.0000,-0.3442,-0.1200,-0.0000,0.3448,0.0147,1,2.08,0.003,0.493,0.199,,0.0000,-0.1721,1.7642,-0.0000,0.3442,-0.1200,-0.2985,-0.1890,0.0147,1,2.11,0.035,0.448,0.140,,0.0000,-0.1721,1.7644,-0.2985,-0.1896,-0.1200,-0.2985,0.1902,0.0147,1,2.14,0.006,0.424,0.104,,-0.0000,-0.1721,1.7645,-0.2985,0.1896,-0.1200
1.235,220,tripod,-0.0000,0.0006,0.1347,-0.0000,0.0000,0.0000,-0.0000,-0.0000,0.0000,-0.0000,0.0000,0.0000,0.000,0.000,-0.0000,0.0000,-0.0000,0.0000,0.0000,0.1200,0,0.2985,-0.1890,0.0147,1,2.11,0.031,0.426,0.111,,-0.0001,-0.1721,1.7644,0.2985,-0.1896,-0.1200,0.2985,0.1902,0.0147,1,2.12,0.026,0.445,0.133,,-0.0000,-0.1721,1.7644,0.2985,0.1896,-0.1200,-0.0000,-0.3436,0.0147,1,2.10,0.018,0.457,0.151,,0.0000,-0.1721,1.7645,0.0000,-0.3442,-0.1200,-0.0000,0.3448,0.0147,1,2.08,0.003,0.493,0.199,,0.0000,-0.1721,1.7642,-0.0000,0.3442,-0.1200,-0.2985,-0.1890,0.0147,1,2.11,0.035,0.448,0.140,,0.0000,-0.1721,1.7644,-0.2985,-0.1896,-0.1200,-0.2985,0.1902,0.0147,1,2.14,0.006,0.424,0.104,,-0.0000,-0.1721,1.7645,-0.2985,0.1896,-0.1200
1.259,224,tripod,-0.0000,0.0006,0.1347,-0.0000,0.0000,0.0000,-0.0000,-0.0000,0.0000,-0.0000,0.0000,0.0000,0.000,0.000,-0.0000,0.0000,-0.0000,0.0000,0.0000,0.1200,0,0.2985,-0.1890,0.0147,1,2.11,0.031,0.426,0.111,,-0.0001,-0.1721,1.7644,0.2985,-0.1896,-0.1200,0.2985,0.1902,0.0147,1,2.12,0.026,0.445,0.133,,-0.0000,-0.1721,1.7644,0.2985,0.1896,-0.1200,-0.0000,-0.3436,0.0147,1,2.10,0.018,0.457,0.151,,0.0000,-0.1721,1.7645,0.0000,-0.3442,-0.1200,-0.0000,0.3448,0.0147,1,2.08,0.003,0.493,0.199,,0.0000,-0.1721,1.7642,-0.0000,0.3442,-0.1200,-0.2985,-0.1890,0.0147,1,2.11,0.035,0.448,0.140,,0.0000,-0.1721,1.7644,-0.2985,-0.1896,-0.1200,-0.2985,0.1902,0.0147,1,2.14,0.006,0.424,0.104,,-0.0000,-0.1721,1.7645,-0.2985,0.1896,-0.1200
1.281,228,tripod,-0.0000,0.0006,0.1347,-0.0000,0.0000,0.0000,-0.0000,-0.0000,0.0000,-0.0000,0.0000,0.0000,0.000,0.000,-0.0000,0.0000,-0.0000,0.0000,0.0000,0.1200,0,0.2985,-0.1890,0.0147,1,2.11,0.031,0.426,0.111,,-0.0001,-0.1721,1.7644,0.2985,-0.1896,-0.1200,0.2985,0.1902,0.0147,1,2.12,0.026,0.445,0.133,,-0.0000,-0.1721,1.7644,0.2985,0.1896,-0.1200,-0.0000,-0.3436,0.0147,1,2.10,0.018,0.457,0.151,,0.0000,-0.1721,1.7645,0.0000,-0.3442,-0.1200,-0.0000,0.3448,0.0147,1,2.08,0.003,0.493,0.199,,-0.0000,-0.1721,1.7642,0.0000,0.3442,-0.1200,-0.2985,-0.1890,0.0147,1,2.11,0.035,0.448,0.140,,0.0000,-0.1721,1.7644,-0.2985,-0.1896,-0.1200,-0.2985,0.1902,0.0147,1,2.14,0.006,0.424,0.104,,-0.0000,-0.1721,1.7645,-0.2985,0.1896,-0.1200
1.304,232,tripod,-0.0000,0.0006,0.1347,-0.0000,0.0000,0.0000,-0.0000,-0.0000,0.0000,-0.0000,0.0000,0.0000,0.000,0.000,-0.0000,0.0000,-0.0000,0.0000,0.0000,0.1200,0,0.2985,-0.1890,0.0147,1,2.11,0.031,0.426,0.111,,-0.0001,-0.1721,1.7644,0.2985,-0.1896,-0.1200,0.2985,0.1902,0.0147,1,2.12,0.026,0.445,0.133,,-0.0000,-0.1721,1.7644,0.2985,0.1896,-0.1200,-0.0000,-0.3436,0.0147,1,2.10,0.018,0.457,0.151,,0.0000,-0.1721,1.7645,0.0000,-0.3442,-0.1200,-0.0000,0.3448,0.0147,1,2.08,0.003,0.493,0.199,,-0.0000,-0.1721,1.7642,0.0000,0.3442,-0.1200,-0.2985,-0.1890,0.0147,1,2.11,0.035,0.448,0.140,,0.0000,-0.1721,1.7644,-0.2985,-0.1896,-0.1200,-0.2985,0.1902,0.0147,1,2.14,0.006,0.424,0.104,,-0.0000,-0.1721,1.7645,-0.2985,0.1896,-0.1200
1.326,236,tripod,-0.0000,0.0006,0.1347,-0.0000,0.0000,0.0000,-0.0000,-0.0000,0.0000,-0.0000,0.0000,0.0000,0.000,0.000,-0.0000,0.0000,-0.0000,0.0000,0.0000,0.1200,0,0.2985,-0.1890,0.0147,1,2.11,0.031,0.426,0.111,,-0.0001,-0.1721,1.7644,0.2985,-0.1896,-0.1200,0.2985,0.1902,0.0147,1,2.12,0.026,0.445,0.133,,-0.0000,-0.1721,1.7644,0.2985,0.1896,-0.1200,-0.0000,-0.3436,0.0147,1,2.10,0.018,0.457,0.151,,0.0000,-0.1721,1.7645,0.0000,-0.3442,-0.1200,-0.0000,0.3448,0.0147,1,2.08,0.003,0.493,0.199,,-0.0000,-0.1721,1.7642,0.0000,0.3442,-0.1200,-0.2985,-0.1890,0.0147,1,2.11,0.035,0.448,0.140,,0.0000,-0.1721,1.7644,-0.2985,-0.1896,-0.1200,-0.2985,0.1902,0.0147,1,2.14,0.006,0.423,0.104,,-0.0000,-0.1721,1.7645,-0.2985,0.1896,-0.1200
1.349,240,tripod,-0.0000,0.0006,0.1347,-0.0000,0.0000,0.0000,-0.0000,-0.0000,0.0000,-0.0000,0.0000,0.0000,0.000,0.000,-0.0000,0.0000,-0.0000,0.0000,0.0000,0.1200,0,0.2985,-0.1890,0.0147,1,2.11,0.031,0.426,0.111,,-0.0001,-0.1721,1.7644,0.2985,-0.1896,-0.1200,0.2985,0.1902,0.0147,1,2.12,0.026,0.445,0.133,,-0.0000,-0.1721,1.7644,0.2985,0.1896,-0.1200,-0.0000,-0.3436,0.0147,1,2.10,0.019,0.457,0.151,,0.0000,-0.1721,1.7645,0.0000,-0.3442,-0.1200,-0.0000,0.3448,0.0147,1,2.08,0.003,0.493,0.199,,-0.0000,-0.1721,1.7642,0.0000,0.3442,-0.1200,-0.2985,-0.1890,0.0147,1,2.10,0.035,0.448,0.140,,0.0000,-0.1721,1.7644,-0.2985,-0.1896,-0.1200,-0.2985,0.1902,0.0147,1,2.14,0.006,0.423,0.104,,-0.0000,-0.1721,1.7645,-0.2985,0.1896,-0.1200
1.372,244,tripod,-0.0000,0.0006,0.1347,-0.0000,0.0000,0.0000,-0.0000,-0.0000,0.0000,-0.0000,0.0000,0.0000,0.000,0.000,-0.0000,0.0000,-0.0000,0.0000,0.0000,0.1200,0,0.2985,-0.1890,0.0147,1,2.11,0.031,0.426,0.111,,-0.0001,-0.1721,1.7644,0.2985,-0.1896,-0.1200,0.2985,0.1902,0.0147,1,2.12,0.026,0.445,0.133,,-0.0000,-0.1721,1.7644,0.2985,0.1896,-0.1200,-0.0000,-0.3436,0.0147,1,2.10,0.019,0.457,0.151,,0.0000,-0.1721,1.7645,0.0000,-0.3442,-0.1200,-0.0000,0.3448,0.0147,1,2.08,0.003,0.493,0.199,,-0.0000,-0.1721,1.7642,0.0000,0.3442,-0.1200,-0.2985,-0.1890,0.0147,1,2.10,0.035,0.448,0.140,,0.0000,-0.1721,1.7644,-0.2985,-0.1896,-0.1200,-0.2985,0.1902,0.0147,1,2.14,0.006,0.423,0.104,,-0.0000,-0.1721,1.7645,-0.2985,0.1896,-0.1200
1.394,248,tripod,-0.0000,0.0006,0.1347,-0.0000,0.0000,0.0000,-0.0000,-0.0000,0.0000,-0.0000,0.0000,0.0000,0.000,0.000,-0.0000,0.0000,-0.0000,0.0000,0.0000,0.1200,0,0.2985,-0.1890,0.0147,1,2.11,0.031,0.426,0.111,,-0.0001,-0.1721,1.7644,0.2985,-0.1896,-0.1200,0.2985,0.1902,0.0147,1,2.12,0.026,0.445,0.133,,-0.0000,-0.1721,1.7644,0.2985,0.1896,-0.1200,-0.0000,-0.3436,0.0147,1,2.10,0.019,0.457,0.151,,0.0000,-0.1721,1.7645,0.0000,-0.3442,-0.1200,-0.0000,0.3448,0.0147,1,2.08,0.003,0.493,0.199,,-0.0000,-0.1721,1.7642,0.0000,0.3442,-0.1200,-0.2985,-0.1890,0.0147,1,2.10,0.035,0.448,0.140,,0.0000,-0.1721,1.7644,-0.2985,-0.1896,-0.1200,-0.2985,0.1902,0.0147,1,2.14,0.006,0.423,0.104,,-0.0000,-0.1721,1.7645,-0.2985,0.1896,-0.1200
1.441,252,tripod,-0.0001,0.0007,0.1351,-0.0011,-0.0020,0.0000,-0.0277,0.0139,0.1380,-0.3385,-0.6083,0.0003,0.000,0.000,-0.0000,0.0000,-0.0011,-0.0020,0.0000,0.1195,0,0.2984,-0.1890,0.0167,1,30.64,0.023,2.940,2.940,,-0.0001,-0.1879,1.7785,0.2983,-0.1895,-0.1173,0.2985,0.1902,0.0150,1,0.00,0.026,0.246,0.006,,-0.0000,-0.1721,1.7645,0.2985,0.1896,-0.1200,0.0001,-0.3436,0.0150,1,0.00,0.030,0.243,0.006,,0.0000,-0.1721,1.7645,0.0000,-0.3442,-0.1200,0.0000,0.3448,0.0147,1,0.00,0.029,0.048,0.008,,-0.0000,-0.1721,1.7643,0.0000,0.3442,-0.1200,-0.2984,-0.1890,0.0147,1,0.00,0.028,0.046,0.008,,0.0000,-0.1721,1.7645,-0.2985,-0.1896,-0.1200,-0.2985,0.1902,0.0147,1,22.45,0.011,2.940,1.170,,-0.0000,-0.1737,1.7646,-0.2986,0.1897,-0.1197
1.463,256,tripod,-0.0016,0.0015,0.1406,-0.0096,-0.0182,0.0002,-0.1281,0.0686,0.3454,-0.3866,-0.7574,0.0047,0.000,0.000,-0.0025,-0.0047,-0.0096,-0.0182,0.0002,0.1195,0,0.2986,-0.1890,0.0297,1,0.00,0.005,0.039,0.001,,-0.0000,-0.1904,1.7821,0.2981,-0.1894,-0.1169,0.2991,0.1899,0.0230,1,0.00,0.011,0.019,0.000,,-0.0003,-0.1706,1.7633,0.2985,0.1895,-0.1203,0.0007,-0.3438,0.0228,1,0.00,0.002,0.015,0.001,,0.0003,-0.1706,1.7633,0.0001,-0.3442,-0.1203,0.0007,0.3444,0.0167,1,0.00,0.011,0.019,0.003,,-0.0003,-0.1704,1.7635,0.0001,0.3441,-0.1203,-0.2977,-0.1893,0.0165,1,0.00,0.006,0.022,0.004,,0.0003,-0.1704,1.7636,-0.2984,-0.1896,-0.1203,-0.2985,0.1903,0.0144,1,1.07,0.049,0.205,0.065,,-0.0000,-0.1781,1.7643,-0.2991,0.1900,-0.1190
1.483,260,tripod,-0.0036,0.0025,0.1452,-0.0138,-0.0269,0.0004,-0.1113,0.0543,0.2194,-0.1703,-0.3697,0.0033,0.000,0.000,-0.0069,-0.0133,-0.0138,-0.0269,0.0004,0.1203,0,0.2979,-0.1885,0.0383,1,1.05,0.040,0.272,0.101,,0.0000,-0.1915,1.7806,0.2984,-0.1895,-0.1167,0.2983,0.1903,0.0291,1,0.00,0.013,0.006,0.006,,-0.0013,-0.1664,1.7590,0.2987,0.1894,-0.1210,0.0000,-0.3434,0.0285,1,0.00,0.011,0.006,0.007,,0.0014,-0.1662,1.7590,0.0003,-0.3443,-0.1210,0.0000,0.3448,0.0187,1,0.00,0.011,0.016,0.009,,-0.0014,-0.1626,1.7582,0.0003,0.3440,-0.1216,-0.2983,-0.1890,0.0181,1,0.00,0.013,0.016,0.009,,0.0014,-0.1624,1.7583,-0.2981,-0.1897,-0.1217,-0.2989,0.1905,0.0145,1,2.80,0.051,0.229,0.273,,-0.0001,-0.1715,1.7624,-0.2987,0.1897,-0.1201
1.503,264,tripod,-0.0051,0.0032,0.1481,-0.0152,-0.0310,0.0004,-0.0660,0.0245,0.1558,-0.0298,-0.1926,-0.0017,0.000,0.000,-0.0105,-0.0205,-0.0152,-0.0310,0.0004,0.1215,0,0.2972,-0.1882,0.0439,1,3.94,0.063,0.950,0.394,,0.0002,-0.1959,1.7806,0.2988,-0.1898,-0.1159,0.2977,0.1906,0.0322,1,0.00,0.017,0.017,0.011,,-0.0031,-0.1602,1.7523,0.2992,0.1892,-0.1221,-0.0005,-0.3432,0.0311,1,0.00,0.018,0.009,0.011,,0.0033,-0.1594,1.7521,0.0008,-0.3445,-0.1222,-0.0005,0.3450,0.0192,1,0.00,0.017,0.023,0.013,,-0.0033,-0.1498,1.7490,0.0008,0.3438,-0.1238,-0.2988,-0.1888,0.0180,1,0.00,0.019,0.015,0.013,,0.0033,-0.1491,1.7489,-0.2977,-0.1900,-0.1239,-0.2993,0.1906,0.0145,1,5.37,0.073,0.836,0.085,,-0.0001,-0.1625,1.7591,-0.2981,0.1894,-0.1216
1.524,268,tripod,-0.0060,0.0035,0.1504,-0.0149,-0.0332,0.0004,-0.0516,0.0131,0.1168,0.0424,-0.0968,0.0014,0.000,0.000,-0.0124,-0.0254,-0.0149,-0.0332,0.0004,0.1230,0,0.2969,-0.1881,0.0478,1,4.31,0.083,1.038,0.435,,0.0003,-0.2014,1.7811,0.2993,-0.1900,-0.1150,0.2976,0.1906,0.0339,1,0.00,0.007,0.013,0.013,,-0.0051,-0.1518,1.7433,0.2997,0.1889,-0.1235,-0.0007,-0.3431,0.0319,1,0.00,0.007,0.011,0.014,,0.0056,-0.1503,1.7429,0.0013,-0.3448,-0.1238,-0.0005,0.3451,0.0188,1,0.00,0.007,0.015,0.018,,-0.0056,-0.1337,1.7370,0.0013,0.3436,-0.1266,-0.2989,-0.1888,0.0168,1,0.00,0.008,0.012,0.018,,0.0055,-0.1321,1.7365,-0.2972,-0.1903,-0.1269,-0.2994,0.1907,0.0144,1,4.70,0.059,1.059,0.294,,-0.0003,-0.1527,1.7549,-0.2976,0.1892,-0.1233
1.544,272,tripod,-0.0068,0.0036,0.1521,-0.0145,-0.0340,0.0004,-0.0323,0.0238,0.1086,-0.1902,0.1487,-0.0208,0.000,0.000,-0.0130,-0.0285,-0.0145,-0.0340,0.0004,0.1248,0,0.2968,-0.1881,0.0508,1,5.13,0.723,0.914,0.091,,0.0006,-0.2073,1.7820,0.2998,-0.1902,-0.1140,0.2975,0.1907,0.0346,1,0.00,0.008,0.183,0.002,,-0.0071,-0.1415,1.7324,0.3002,0.1887,-0.1253,-0.0007,-0.3431,0.0314,1,0.00,0.022,0.216,0.027,,0.0079,-0.1386,1.7314,0.0018,-0.3450,-0.1258,-0.0005,0.3451,0.0179,1,0.00,0.046,0.140,0.010,,-0.0080,-0.1157,1.7228,0.0018,0.3434,-0.1297,-0.2989,-0.1889,0.0147,1,14.44,1.005,0.917,1.526,,0.0076,-0.1127,1.7218,-0.2967,-0.1906,-0.1302,-0.2995,0.1907,0.0144,1,0.00,0.070,0.073,0.003,,-0.0005,-0.1433,1.7508,-0.2972,0.1889,-0.1249
1.565,276,tripod,-0.0071,0.0043,0.1535,-0.0175,-0.0318,0.0003,-0.0123,0.0081,0.1075,0.1570,0.0776,0.0264,0.000,0.000,-0.0140,-0.0295,-0.0175,-0.0318,0.0003,0.1265,0,0.2965,-0.1880,0.0534,1,6.86,0.844,1.428,0.371,,0.0009,-0.2146,1.7845,0.3003,-0.1904,-0.1127,0.2975,0.1905,0.0325,1,0.00,0.065,0.250,0.025,,-0.0089,-0.1298,1.7203,0.3007,0.1885,-0.1273,-0.0009,-0.3432,0.0318,1,0.00,0.042,0.141,0.010,,0.0101,-0.1256,1.7187,0.0023,-0.3453,-0.1280,-0.0005,0.3450,0.0148,1,25.75,0.219,2.344,2.004,,-0.0102,-0.0971,1.7079,0.0023,0.3432,-0.1329,-0.2990,-0.1889,0.0148,1,8.01,0.867,1.754,0.344,,0.0096,-0.0980,1.7109,-0.2962,-0.1908,-0.1327,-0.2996,0.1906,0.0145,1,0.00,0.114,0.196,0.003,,-0.0006,-0.1360,1.7482,-0.2967,0.1887,-0.1261
1.586,280,tripod,-0.0075,0.0042,0.1547,-0.0153,-0.0320,0.0004,-0.0281,-0.0036,0.0390,0.0966,-0.0579,0.0080,0.000,0.000,-0.0146,-0.0292,-0.0153,-0.0320,0.0004,0.1276,0,0.2965,-0.1880,0.0557,1,2.91,0.053,0.572,0.149,,0.0010,-0.2227,1.7881,0.3006,-0.1906,-0.1114,0.2976,0.1906,0.0322,1,0.00,0.001,0.007,0.018,,-0.0105,-0.1173,1.7078,0.3011,0.1883,-0.1295,-0.0007,-0.3433,0.0301,1,0.00,0.002,0.011,0.017,,0.0119,-0.1127,1.7061,0.0027,-0.3455,-0.1303,-0.0004,0.3450,0.0147,1,3.13,0.076,0.795,0.278,,-0.0118,-0.0855,1.6989,0.0027,0.3430,-0.1349,-0.2989,-0.1889,0.0147,1,2.92,0.004,0.770,0.309,,0.0110,-0.0936,1.7087,-0.2958,-0.1910,-0.1335,-0.2995,0.1906,0.0154,1,0.00,0.006,0.027,0.003,,-0.0007,-0.1309,1.7470,-0.2963,0.1885,-0.1270
1.607,284,tripod,-0.0079,0.0041,0.1550,-0.0141,-0.0330,0.0004,-0.0208,-0.0024,0.0196,0.0819,-0.0293,0.0049,0.000,0.000,-0.0140,-0.0295,-0.0141,-0.0330,0.0004,0.1280,0,0.2964,-0.1880,0.0577,1,5.42,0.036,1.064,0.260,,0.0011,-0.2322,1.7930,0.3009,-0.1907,-0.1097,0.2977,0.1906,0.0310,1,0.00,0.003,0.016,0.016,,-0.0117,-0.1057,1.6963,0.3014,0.1882,-0.1315,-0.0005,-0.3433,0.0279,1,0.00,0.005,0.019,0.017,,0.0133,-0.1007,1.6945,0.0031,-0.3456,-0.1324,-0.0005,0.3450,0.0151,1,0.00,0.004,0.027,0.003,,-0.0129,-0.0846,1.6992,0.0029,0.3428,-0.1351,-0.2990,-0.1889,0.0152,1,0.00,0.004,0.036,0.010,,0.0120,-0.0982,1.7139,-0.2956,-0.1911,-0.1327,-0.2995,0.1905,0.0148,1,5.36,0.017,1.092,0.198,,-0.0007,-0.1260,1.7452,-0.2960,0.1883,-0.1278
1.628,288,tripod,-0.0083,0.0041,0.1554,-0.0131,-0.0337,0.0005,-0.0198,-0.0015,0.0236,0.0485,-0.0469,0.0049,0.000,0.000,-0.0131,-0.0299,-0.0131,-0.0337,0.0005,0.1285,0,0.2963,-0.1879,0.0596,1,6.00,0.063,1.188,0.305,,0.0012,-0.2406,1.7973,0.3011,-0.1908,-0.1083,0.2978,0.1906,0.0296,1,0.00,0.004,0.019,0.019,,-0.0127,-0.0930,1.6836,0.3017,0.1881,-0.1337,-0.0004,-0.3434,0.0256,1,0.00,0.005,0.019,0.020,,0.0145,-0.0869,1.6813,0.0034,-0.3458,-0.1348,-0.0006,0.3450,0.0158,1,0.00,0.005,0.032,0.000,,-0.0138,-0.0837,1.6992,0.0031,0.3427,-0.1352,-0.2990,-0.1889,0.0158,1,0.00,0.004,0.036,0.005,,0.0127,-0.1009,1.7175,-0.2954,-0.1911,-0.1322,-0.2995,0.1905,0.0147,1,5.90,0.051,1.216,0.240,,-0.0009,-0.1233,1.7443,-0.2957,0.1883,-0.1283
1.648,292,tripod,-0.0086,0.0041,0.1558,-0.0125,-0.0347,0.0005,-0.0196,-0.0015,0.0269,0.0308,-0.0622,0.0049,0.000,0.000,-0.0123,-0.0305,-0.0125,-0.0347,0.0005,0.1295,0,0.2963,-0.1879,0.0614,1,6.01,0.072,1.236,0.369,,0.0014,-0.2472,1.8007,0.3013,-0.1909,-0.1072,0.2979,0.1906,0.0280,1,0.00,0.004,0.018,0.022,,-0.0135,-0.0785,1.6690,0.3020,0.1880,-0.1363,-0.0002,-0.3435,0.0231,1,0.00,0.005,0.016,0.023,,0.0157,-0.0708,1.6659,0.0036,-0.3459,-0.1376,-0.0006,0.3449,0.0157,1,0.00,0.005,0.029,0.007,,-0.0147,-0.0784,1.6949,0.0034,0.3426,-0.1361,-0.2989,-0.1889,0.0154,1,0.00,0.004,0.030,0.003,,0.0133,-0.0977,1.7158,-0.2951,-0.1911,-0.1328,-0.2996,0.1905,0.0146,1,5.86,0.052,1.268,0.304,,-0.0011,-0.1212,1.7435,-0.2956,0.1882,-0.1286
1.670,296,tripod,-0.0089,0.0041,0.1564,-0.0126,-0.0352,0.0006,-0.0144,-0.0054,0.0425,0.0465,-0.0216,0.0070,0.000,0.000,-0.0117,-0.0311,-0.0126,-0.0352,0.0006,0.1307,0,0.2962,-0.1879,0.0631,1,3.64,0.018,0.852,0.390,,0.0017,-0.2529,1.8040,0.3015,-0.1909,-0.1062,0.2981,0.1905,0.0260,1,0.00,0.010,0.012,0.022,,-0.0142,-0.0630,1.6533,0.3023,0.1880,-0.1390,-0.0000,-0.3436,0.0207,1,0.00,0.009,0.012,0.025,,0.0168,-0.0533,1.6491,0.0039,-0.3460,-0.1406,-0.0005,0.3449,0.0148,1,4.10,0.246,0.687,0.021,,-0.0156,-0.0707,1.6881,0.0036,0.3425,-0.1375,-0.2989,-0.1889,0.0148,1,2.95,0.278,0.726,0.242,,0.0137,-0.0922,1.7119,-0.2949,-0.1911,-0.1337,-0.2996,0.1905,0.0149,1,0.00,0.001,0.032,0.002,,-0.0015,-0.1209,1.7444,-0.2954,0.1882,-0.1287
1.691,300,tripod,-0.0092,0.0041,0.1564,-0.0126,-0.0367,0.0007,-0.0213,0.0017,-0.0304,-0.0258,-0.1156,0.0061,0.000,0.000,-0.0115,-0.0317,-0.0126,-0.0367,0.0007,0.1312,0,0.2961,-0.1878,0.0648,1,3.81,0.063,0.893,0.410,,0.0020,-0.2600,1.8086,0.3015,-0.1908,-0.1050,0.2983,0.1905,0.0240,1,0.00,0.004,0.009,0.020,,-0.0147,-0.0487,1.6386,0.3025,0.1880,-0.1415,0.0003,-0.3437,0.0179,1,0.00,0.005,0.010,0.021,,0.0178,-0.0371,1.6334,0.0041,-0.3460,-0.1435,-0.0005,0.3449,0.0148,1,3.40,0.370,0.610,0.044,,-0.0162,-0.0706,1.6881,0.0037,0.3425,-0.1375,-0.2988,-0.1889,0.0148,1,3.22,0.463,0.623,0.099,,0.0140,-0.0946,1.7149,-0.2948,-0.1911,-0.1333,-0.2995,0.1904,0.0152,1,0.00,0.005,0.041,0.004,,-0.0017,-0.1238,1.7481,-0.2952,0.1882,-0.1282
1.712,304,tripod,-0.0094,0.0041,0.1560,-0.0134,-0.0377,0.0008,-0.0070,0.0308,0.0010,-0.3779,0.0573,-0.0188,0.000,0.000,-0.0114,-0.0328,-0.0134,-0.0377,0.0008,0.1313,0,0.2960,-0.1878,0.0662,1,0.00,0.104,0.142,0.009,,0.0022,-0.2687,1.8140,0.3016,-0.1908,-0.1035,0.2985,0.1904,0.0217,1,0.00,0.043,0.152,0.006,,-0.0153,-0.0356,1.6249,0.3028,0.1880,-0.1437,0.0005,-0.3438,0.0149,1,22.42,0.889,1.377,2.304,,0.0188,-0.0221,1.6187,0.0043,-0.3460,-0.1461,-0.0005,0.3449,0.0153,1,0.00,0.031,0.170,0.022,,-0.0167,-0.0763,1.6932,0.0038,0.3425,-0.1365,-0.2989,-0.1889,0.0154,1,0.00,0.064,0.316,0.005,,0.0141,-0.1031,1.7230,-0.2947,-0.1911,-0.1318,-0.2995,0.1904,0.0148,1,8.49,0.902,1.709,0.306,,-0.0020,-0.1271,1.7515,-0.2951,0.1882,-0.1276
1.733,308,tripod,-0.0095,0.0047,0.1560,-0.0173,-0.0375,0.0006,-0.0065,0.0274,-0.0297,-0.1805,-0.0070,-0.0136,0.000,0.000,-0.0127,-0.0334,-0.0173,-0.0375,0.0006,0.1311,0,0.2958,-0.1877,0.0685,1,0.00,0.005,0.036,0.007,,0.0024,-0.2780,1.8202,0.3017,-0.1908,-0.1019,0.2987,0.1903,0.0186,1,0.00,0.013,0.021,0.020,,-0.0159,-0.0225,1.6112,0.3030,0.1879,-0.1460,0.0005,-0.3438,0.0147,1,4.33,0.061,0.731,0.016,,0.0196,-0.0140,1.6109,0.0045,-0.3460,-0.1475,-0.0006,0.3448,0.0148,1,5.33,0.038,0.573,0.334,,-0.0171,-0.0819,1.6985,0.0039,0.3425,-0.1355,-0.2990,-0.1888,0.0173,1,0.00,0.018,0.024,0.008,,0.0143,-0.1083,1.7283,-0.2946,-0.1911,-0.1309,-0.2996,0.1904,0.0153,1,0.00,0.011,0.028,0.012,,-0.0022,-0.1333,1.7575,-0.2950,0.1881,-0.1265
1.755,312,tripod,-0.0095,0.0050,0.1550,-0.0190,-0.0374,0.0006,-0.0244,-0.0040,-0.0201,0.1426,-0.2901,0.0262,0.000,0.000,-0.0148,-0.0336,-0.0190,-0.0374,0.0006,0.1305,0,0.2957,-0.1876,0.0697,1,0.00,0.099,0.247,0.007,,0.0024,-0.2893,1.8275,0.3017,-0.1908,-0.1000,0.2989,0.1901,0.0148,1,29.74,0.280,1.963,2.940,,-0.0167,-0.0103,1.5989,0.3031,0.1878,-0.1482,0.0005,-0.3438,0.0148,1,7.84,1.130,1.528,0.100,,0.0201,-0.0166,1.6134,0.0046,-0.3460,-0.1470,-0.0006,0.3449,0.0150,1,0.00,0.120,0.314,0.009,,-0.0173,-0.0938,1.7092,0.0039,0.3425,-0.1335,-0.2990,-0.1888,0.0175,1,0.00,0.021,0.178,0.016,,0.0148,-0.1111,1.7311,-0.2945,-0.1911,-0.1304,-0.2995,0.1905,0.0149,1,8.38,0.848,1.627,0.223,,-0.0022,-0.1385,1.7626,-0.2949,0.1881,-0.1256
1.776,316,tripod,-0.0102,0.0047,0.1544,-0.0167,-0.0417,0.0007,-0.0273,0.0004,0.0062,0.0100,-0.0532,0.0019,0.000,0.000,-0.0155,-0.0347,-0.0167,-0.0417,0.0007,0.1295,0,0.2954,-0.1875,0.0719,1,0.00,0.091,0.060,0.012,,0.0023,-0.3008,1.8347,0.3018,-0.1909,-0.0981,0.2990,0.1901,0.0147,1,17.75,0.515,2.940,0.196,,-0.0174,-0.0031,1.5914,0.3032,0.1877,-0.1494,0.0006,-0.3437,0.0148,1,0.00,0.056,0.219,0.012,,0.0204,-0.0253,1.6214,0.0047,-0.3461,-0.1455,-0.0008,0.3450,0.0174,1,0.00,0.066,0.041,0.017,,-0.0174,-0.1055,1.7199,0.0040,0.3425,-0.1314,-0.2989,-0.1888,0.0150,1,28.72,0.705,2.558,2.396,,0.0154,-0.1104,1.7311,-0.2943,-0.1912,-0.1305,-0.2996,0.1905,0.0148,1,0.00,0.082,0.198,0.013,,-0.0020,-0.1474,1.7707,-0.2948,0.1880,-0.1241
1.797,320,tripod,-0.0105,0.0049,0.1543,-0.0169,-0.0425,0.0008,-0.0131,0.0069,-0.0101,-0.0182,-0.0346,0.0026,0.000,0.000,-0.0153,-0.0365,-0.0169,-0.0425,0.0008,0.1286,0,0.2952,-0.1874,0.0740,1,0.00,0.001,0.042,0.008,,0.0023,-0.3110,1.8410,0.3018,-0.1909,-0.0963,0.2990,0.1901,0.0146,1,6.34,0.028,0.929,0.149,,-0.0181,-0.0021,1.5899,0.3034,0.1876,-0.1496,0.0005,-0.3437,0.0163,1,0.00,0.004,0.041,0.010,,0.0208,-0.0332,1.6287,0.0048,-0.3461,-0.1441,-0.0009,0.3450,0.0184,1,0.00,0.005,0.039,0.008,,-0.0178,-0.1114,1.7254,0.0040,0.3424,-0.1304,-0.2989,-0.1888,0.0148,1,6.25,0.039,0.951,0.110,,0.0159,-0.1111,1.7322,-0.2942,-0.1913,-0.1304,-0.2998,0.1905,0.0159,1,0.00,0.001,0.040,0.010,,-0.0020,-0.1550,1.7775,-0.2948,0.1880,-0.1228
1.818,324,tripod,-0.0107,0.0050,0.1542,-0.0172,-0.0428,0.0009,-0.0108,0.0064,-0.0084,-0.0210,-0.0177,0.0015,0.000,0.000,-0.0154,-0.0376,-0.0172,-0.0428,0.0009,0.1284,0,0.2951,-0.1873,0.0748,1,0.00,0.001,0.036,0.001,,0.0024,-0.3149,1.8430,0.3019,-0.1909,-0.0957,0.2989,0.1901,0.0145,1,6.39,0.028,0.928,0.158,,-0.0186,-0.0022,1.5895,0.3035,0.1875,-0.1496,0.0005,-0.3436,0.0166,1,0.00,0.004,0.035,0.001,,0.0215,-0.0346,1.6299,0.0050,-0.3462,-0.1439,-0.0009,0.3450,0.0182,1,0.00,0.004,0.034,0.000,,-0.0184,-0.1111,1.7257,0.0042,0.3423,-0.1305,-0.2989,-0.1888,0.0147,1,6.27,0.040,0.955,0.111,,0.0164,-0.1117,1.7332,-0.2941,-0.1914,-0.1303,-0.2998,0.1905,0.0158,1,0.00,0.001,0.034,0.002,,-0.0021,-0.1554,1.7790,-0.2946,0.1879,-0.1227
1.840,328,tripod,-0.0108,0.0050,0.1541,-0.0172,-0.0428,0.0009,-0.0017,-0.0097,-0.0004,0.1392,0.1021,0.0117,0.000,0.000,-0.0155,-0.0383,-0.0172,-0.0428,0.0009,0.1288,0,0.2950,-0.1873,0.0746,1,0.00,0.029,0.083,0.000,,0.0025,-0.3131,1.8412,0.3020,-0.1909,-0.0960,0.2989,0.1901,0.0145,1,5.49,0.722,0.873,0.030,,-0.0191,-0.0026,1.5893,0.3036,0.1874,-0.1495,0.0006,-0.3436,0.0161,1,0.00,0.025,0.069,0.001,,0.0223,-0.0308,1.6260,0.0051,-0.3462,-0.1446,-0.0009,0.3450,0.0172,1,0.00,0.018,0.146,0.009,,-0.0191,-0.1059,1.7215,0.0043,0.3422,-0.1314,-0.2989,-0.1888,0.0146,1,0.24,0.025,0.009,0.001,,0.0169,-0.1118,1.7339,-0.2940,-0.1914,-0.1303,-0.2997,0.1904,0.0148,1,11.02,0.812,0.728,1.142,,-0.0022,-0.1505,1.7762,-0.2944,0.1878,-0.1235
1.861,332,tripod,-0.0109,0.0050,0.1546,-0.0166,-0.0423,0.0009,-0.0008,0.0133,0.0359,-0.1129,0.0815,-0.0017,0.000,0.000,-0.0153,-0.0384,-0.0166,-0.0423,0.0009,0.1295,0,0.2950,-0.1873,0.0742,1,0.34,0.049,0.030,0.034,,0.0026,-0.3106,1.8388,0.3021,-0.1910,-0.0964,0.2988,0.1902,0.0151,1,0.00,0.026,0.054,0.006,,-0.0195,-0.0036,1.5898,0.3037,0.1874,-0.1493,0.0006,-0.3436,0.0149,1,10.66,0.656,0.774,0.984,,0.0230,-0.0235,1.6186,0.0053,-0.3462,-0.1458,-0.0009,0.3450,0.0166,1,0.00,0.017,0.065,0.007,,-0.0198,-0.0974,1.7144,0.0045,0.3422,-0.1328,-0.2990,-0.1888,0.0151,1,0.00,0.021,0.142,0.000,,0.0172,-0.1124,1.7350,-0.2939,-0.1914,-0.1302,-0.2997,0.1904,0.0147,1,5.48,0.612,1.057,0.149,,-0.0023,-0.1453,1.7727,-0.2943,0.1878,-0.1244
1.883,336,tripod,-0.0110,0.0052,0.1552,-0.0177,-0.0415,0.0009,-0.0112,-0.0053,0.0747,0.0805,-0.0009,0.0054,0.000,0.000,-0.0155,-0.0380,-0.0177,-0.0415,0.0009,0.1301,0,0.2950,-0.1872,0.0746,1,0.00,0.019,0.050,0.004,,0.0027,-0.3097,1.8378,0.3022,-0.1910,-0.0965,0.2988,0.1902,0.0151,1,0.00,0.019,0.056,0.001,,-0.0198,-0.0033,1.5889,0.3039,0.1874,-0.1494,0.0006,-0.3436,0.0148,1,7.81,0.144,1.601,0.269,,0.0236,-0.0171,1.6119,0.0055,-0.3463,-0.1470,-0.0008,0.3449,0.0149,1,10.25,0.148,1.237,0.548,,-0.0205,-0.0869,1.7054,0.0047,0.3421,-0.1346,-0.2990,-0.1888,0.0161,1,0.00,0.017,0.038,0.002,,0.0176,-0.1108,1.7341,-0.2938,-0.1915,-0.1304,-0.2998,0.1905,0.0148,1,0.00,0.016,0.041,0.001,,-0.0023,-0.1424,1.7710,-0.2942,0.1877,-0.1249
1.903,340,tripod,-0.0111,0.0051,0.1558,-0.0164,-0.0416,0.0009,-0.0046,-0.0091,-0.0103,0.0650,-0.0165,0.0053,0.000,0.000,-0.0155,-0.0377,-0.0164,-0.0416,0.0009,0.1304,0,0.2949,-0.1872,0.0755,1,0.00,0.001,0.032,0.003,,0.0027,-0.3132,1.8400,0.3022,-0.1910,-0.0959,0.2987,0.1902,0.0158,1,0.00,0.006,0.027,0.004,,-0.0201,-0.0015,1.5870,0.3039,0.1873,-0.1497,0.0006,-0.3436,0.0147,1,4.52,0.033,0.866,0.109,,0.0239,-0.0163,1.6109,0.0055,-0.3463,-0.1471,-0.0008,0.3449,0.0149,1,4.71,0.035,0.824,0.023,,-0.0209,-0.0811,1.7003,0.0047,0.3421,-0.1357,-0.2990,-0.1888,0.0159,1,0.00,0.005,0.018,0.003,,0.0179,-0.1070,1.7311,-0.2937,-0.1915,-0.1311,-0.2998,0.1904,0.0154,1,0.00,0.002,0.017,0.000,,-0.0023,-0.1405,1.7700,-0.2941,0.1877,-0.1252
1.924,344,tripod,-0.0110,0.0050,0.1557,-0.0156,-0.0407,0.0009,0.0053,-0.0083,0.0300,0.0727,0.0391,0.0017,0.000,0.000,-0.0149,-0.0375,-0.0156,-0.0407,0.0009,0.1307,0,0.2948,-0.1872,0.0756,1,0.00,0.031,0.190,0.004,,0.0028,-0.3159,1.8417,0.3022,-0.1910,-0.0955,0.2988,0.1902,0.0148,1,23.99,0.549,2.603,1.421,,-0.0203,0.0032,1.5820,0.3040,0.1873,-0.1505,0.0006,-0.3436,0.0148,1,0.00,0.022,0.068,0.007,,0.0240,-0.0191,1.6137,0.0056,-0.3463,-0.1466,-0.0008,0.3449,0.0148,1,0.00,0.042,0.146,0.002,,-0.0211,-0.0803,1.6997,0.0048,0.3421,-0.1358,-0.2990,-0.1888,0.0148,1,15.68,0.513,2.940,0.192,,0.0181,-0.1013,1.7264,-0.2936,-0.1915,-0.1321,-0.2998,0.1904,0.0149,1,0.00,0.038,0.017,0.001,,-0.0024,-0.1365,1.7670,-0.2941,0.1877,-0.1259
1.944,348,tripod,-0.0110,0.0049,0.1557,-0.0150,-0.0407,0.0009,-0.0007,-0.0015,-0.0134,0.0036,-0.0140,0.0009,0.000,0.000,-0.0143,-0.0370,-0.0150,-0.0407,0.0009,0.1305,0,0.2948,-0.1873,0.0754,1,0.00,0.004,0.036,0.002,,0.0028,-0.3154,1.8415,0.3022,-0.1910,-0.0956,0.2988,0.1901,0.0147,1,6.43,0.098,0.882,0.212,,-0.0203,0.0037,1.5815,0.3040,0.1873,-0.1506,0.0005,-0.3436,0.0157,1,0.00,0.003,0.044,0.011,,0.0239,-0.0259,1.6205,0.0055,-0.3463,-0.1454,-0.0008,0.3449,0.0155,1,0.00,0.003,0.034,0.004,,-0.0211,-0.0830,1.7021,0.0048,0.3421,-0.1353,-0.2990,-0.1889,0.0147,1,6.25,0.083,0.917,0.150,,0.0181,-0.1018,1.7270,-0.2936,-0.1915,-0.1320,-0.2998,0.1904,0.0150,1,0.00,0.003,0.030,0.000,,-0.0025,-0.1357,1.7666,-0.2940,0.1877,-0.1260
1.966,352,tripod,-0.0110,0.0046,0.1552,-0.0136,-0.0402,0.0009,-0.0027,-0.0051,-0.0328,0.0351,-0.0235,0.0071,0.000,0.000,-0.0135,-0.0366,-0.0136,-0.0402,0.0009,0.1303,0,0.2949,-0.1873,0.0744,1,6.15,0.060,0.845,0.243,,0.0029,-0.3146,1.8412,0.3022,-0.1909,-0.0957,0.2987,0.1902,0.0148,1,0.00,0.001,0.035,0.005,,-0.0202,0.0009,1.5842,0.3040,0.1873,-0.1501,0.0005,-0.3435,0.0153,1,0.00,0.001,0.043,0.002,,0.0239,-0.0275,1.6225,0.0055,-0.3462,-0.1451,-0.0008,0.3449,0.0154,1,0.00,0.004,0.025,0.002,,-0.0211,-0.0814,1.7005,0.0048,0.3421,-0.1356,-0.2990,-0.1889,0.0148,1,0.00,0.003,0.039,0.007,,0.0179,-0.1055,1.7302,-0.2936,-0.1915,-0.1314,-0.2997,0.1903,0.0149,1,6.53,0.066,0.741,0.391,,-0.0026,-0.1354,1.7664,-0.2940,0.1877,-0.1261
1.986,356,tripod,-0.0110,0.0045,0.1551,-0.0132,-0.0403,0.0009,-0.0006,-0.0057,0.0056,0.0176,-0.0012,0.0026,0.000,0.000,-0.0127,-0.0364,-0.0132,-0.0403,0.0009,0.1297,0,0.2948,-0.1873,0.0749,1,0.00,0.001,0.039,0.006,,0.0030,-0.3196,1.8447,0.3021,-0.1909,-0.0949,0.2986,0.1903,0.0159,1,0.00,0.002,0.040,0.010,,-0.0198,-0.0057,1.5909,0.3039,0.1874,-0.1490,0.0005,-0.3435,0.0147,1,5.91,0.018,1.049,0.050,,0.0238,-0.0266,1.6219,0.0055,-0.3462,-0.1453,-0.0008,0.3449,0.0149,1,6.32,0.067,0.969,0.107,,-0.0212,-0.0786,1.6978,0.0048,0.3421,-0.1361,-0.2991,-0.1888,0.0157,1,0.00,0.001,0.040,0.010,,0.0175,-0.1126,1.7363,-0.2937,-0.1914,-0.1301,-0.2998,0.1904,0.0157,1,0.00,0.002,0.039,0.009,,-0.0027,-0.1412,1.7709,-0.2941,0.1877,-0.1251
2.007,360,tripod,-0.0110,0.0045,0.1552,-0.0130,-0.0403,0.0010,-0.0004,-0.0044,0.0039,0.0068,-0.0010,0.0020,0.000,0.000,-0.0121,-0.0363,-0.0130,-0.0403,0.0010,0.1297,0,0.2948,-0.1873,0.0752,1,0.00,0.001,0.033,0.001,,0.0031,-0.3202,1.8454,0.3021,-0.1908,-0.0948,0.2986,0.1903,0.0164,1,0.00,0.002,0.035,0.000,,-0.0195,-0.0069,1.5919,0.3039,0.1875,-0.1488,0.0005,-0.3435,0.0147,1,6.00,0.041,1.068,0.053,,0.0238,-0.0261,1.6217,0.0055,-0.3462,-0.1454,-0.0008,0.3449,0.0148,1,6.43,0.097,0.983,0.113,,-0.0212,-0.0772,1.6962,0.0048,0.3422,-0.1363,-0.2991,-0.1888,0.0161,1,0.00,0.002,0.034,0.002,,0.0173,-0.1139,1.7376,-0.2937,-0.1913,-0.1299,-0.2999,0.1904,0.0162,1,0.00,0.001,0.034,0.002,,-0.0029,-0.1430,1.7721,-0.2941,0.1878,-0.1248
2.027,364,tripod,-0.0110,0.0044,0.1553,-0.0129,-0.0403,0.0010,-0.0003,-0.0034,0.0026,0.0014,-0.0009,0.0014,0.000,0.000,-0.0118,-0.0363,-0.0129,-0.0403,0.0010,0.1302,0,0.2948,-0.1873,0.0746,1,0.00,0.001,0.029,0.006,,0.0033,-0.3154,1.8423,0.3021,-0.1908,-0.0956,0.2986,0.1903,0.0159,1,0.00,0.002,0.031,0.007,,-0.0194,-0.0030,1.5878,0.3039,0.1875,-0.1495,0.0005,-0.3435,0.0146,1,6.05,0.052,1.074,0.051,,0.0238,-0.0255,1.6215,0.0055,-0.3461,-0.1455,-0.0008,0.3449,0.0147,1,6.48,0.102,0.990,0.112,,-0.0212,-0.0763,1.6951,0.0048,0.3423,-0.1365,-0.2991,-0.1888,0.0155,1,0.00,0.002,0.030,0.005,,0.0171,-0.1099,1.7343,-0.2937,-0.1913,-0.1306,-0.2998,0.1903,0.0158,1,0.00,0.001,0.030,0.004,,-0.0031,-0.1394,1.7691,-0.2941,0.1878,-0.1254
2.048,368,tripod,-0.0109,0.0043,0.1555,-0.0127,-0.0397,0.0010,-0.0049,-0.0072,0.0285,0.0342,-0.0242,0.0025,0.000,0.000,-0.0117,-0.0361,-0.0127,-0.0397,0.0010,0.1309,0,0.2949,-0.1874,0.0731,1,0.00,0.000,0.028,0.009,,0.0035,-0.3074,1.8369,0.3022,-0.1908,-0.0969,0.2986,0.1903,0.0147,1,5.94,0.044,0.726,0.307,,-0.0193,0.0035,1.5810,0.3039,0.1876,-0.1506,0.0005,-0.3435,0.0148,1,0.00,0.002,0.035,0.003,,0.0237,-0.0268,1.6232,0.0055,-0.3460,-0.1453,-0.0009,0.3449,0.0150,1,0.00,0.003,0.026,0.003,,-0.0212,-0.0775,1.6958,0.0048,0.3423,-0.1363,-0.2991,-0.1889,0.0149,1,5.49,0.023,0.803,0.150,,0.0170,-0.1046,1.7299,-0.2937,-0.1912,-0.1315,-0.2998,0.1903,0.0150,1,0.00,0.000,0.019,0.008,,-0.0033,-0.1325,1.7633,-0.2940,0.1879,-0.1266
2.069,372,tripod,-0.0108,0.0040,0.1552,-0.0107,-0.0386,0.0010,0.0081,-0.0113,-0.0396,0.0649,0.0461,0.0020,0.000,0.000,-0.0110,-0.0356,-0.0107,-0.0386,0.0010,0.1307,0,0.2951,-0.1875,0.0710,1,6.87,0.059,0.755,0.595,,0.0036,-0.2991,1.8313,0.3022,-0.1908,-0.0983,0.2986,0.1903,0.0147,1,0.00,0.021,0.040,0.004,,-0.0190,0.0022,1.5824,0.3039,0.1876,-0.1504,0.0004,-0.3435,0.0150,1,0.22,0.057,0.003,0.016,,0.0234,-0.0324,1.6291,0.0054,-0.3460,-0.1443,-0.0010,0.3449,0.0164,1,0.00,0.015,0.035,0.004,,-0.0210,-0.0827,1.7002,0.0048,0.3424,-0.1354,-0.2991,-0.1889,0.0151,1,0.00,0.029,0.033,0.006,,0.0167,-0.1082,1.7331,-0.2937,-0.1912,-0.1309,-0.2998,0.1903,0.0149,1,5.69,0.067,0.941,0.020,,-0.0035,-0.1296,1.7608,-0.2940,0.1879,-0.1271
2.090,376,tripod,-0.0108,0.0040,0.1545,-0.0111,-0.0390,0.0010,0.0072,0.0101,-0.0517,-0.1145,0.0227,-0.0096,0.000,0.000,-0.0102,-0.0353,-0.0111,-0.0390,0.0010,0.1301,0,0.2951,-0.1875,0.0696,1,12.02,0.671,1.722,0.283,,0.0037,-0.2955,1.8291,0.3022,-0.1907,-0.0989,0.2985,0.1904,0.0153,1,0.00,0.005,0.042,0.011,,-0.0185,-0.0052,1.5898,0.3038,0.1877,-0.1491,0.0003,-0.3434,0.0155,1,0.00,0.024,0.171,0.007,,0.0231,-0.0396,1.6366,0.0053,-0.3459,-0.1430,-0.0011,0.3449,0.0161,1,0.00,0.036,0.016,0.005,,-0.0208,-0.0842,1.7012,0.0047,0.3424,-0.1351,-0.2992,-0.1888,0.0150,1,7.65,0.140,0.678,0.577,,0.0163,-0.1117,1.7360,-0.2937,-0.1911,-0.1303,-0.2999,0.1903,0.0148,1,7.26,0.483,0.861,0.398,,-0.0036,-0.1345,1.7644,-0.2941,0.1880,-0.1263
2.111,380,tripod,-0.0106,0.0039,0.1534,-0.0104,-0.0379,0.0009,0.0116,-0.0136,-0.0284,0.0291,0.0612,0.0029,0.000,0.000,-0.0102,-0.0350,-0.0104,-0.0379,0.0009,0.1295,0,0.2951,-0.1875,0.0684,1,0.00,0.049,0.235,0.004,,0.0038,-0.2980,1.8312,0.3022,-0.1907,-0.0985,0.2984,0.1904,0.0150,1,0.00,0.033,0.082,0.011,,-0.0181,-0.0110,1.5957,0.3038,0.1878,-0.1481,0.0002,-0.3433,0.0148,1,24.96,0.252,2.936,1.239,,0.0228,-0.0421,1.6396,0.0053,-0.3458,-0.1426,-0.0010,0.3449,0.0148,1,16.55,0.107,2.940,0.039,,-0.0207,-0.0826,1.6994,0.0047,0.3425,-0.1354,-0.2992,-0.1887,0.0149,1,0.00,0.020,0.153,0.007,,0.0159,-0.1171,1.7406,-0.2938,-0.1911,-0.1293,-0.2999,0.1904,0.0155,1,0.00,0.015,0.007,0.020,,-0.0037,-0.1433,1.7710,-0.2941,0.1881,-0.1248
2.131,384,tripod,-0.0105,0.0038,0.1527,-0.0101,-0.0377,0.0010,0.0056,-0.0060,-0.0487,0.0119,-0.0004,0.0022,0.000,0.000,-0.0096,-0.0344,-0.0101,-0.0377,0.0010,0.1284,0,0.2951,-0.1875,0.0687,1,0.00,0.001,0.042,0.007,,0.0039,-0.3052,1.8365,0.3021,-0.1906,-0.0973,0.2984,0.1904,0.0155,1,0.00,0.001,0.043,0.010,,-0.0176,-0.0183,1.6031,0.3037,0.1879,-0.1468,0.0002,-0.3433,0.0147,1,6.39,0.154,1.062,0.011,,0.0225,-0.0466,1.6444,0.0052,-0.3457,-0.1418,-0.0010,0.3449,0.0147,1,6.93,0.155,0.968,0.202,,-0.0205,-0.0861,1.7021,0.0047,0.3425,-0.1348,-0.2993,-0.1888,0.0156,1,0.00,0.001,0.043,0.010,,0.0155,-0.1250,1.7470,-0.2939,-0.1910,-0.1280,-0.3000,0.1904,0.0161,1,0.00,0.001,0.041,0.007,,-0.0038,-0.1496,1.7756,-0.2942,0.1881,-0.1237
2.152,388,tripod,-0.0104,0.0037,0.1520,-0.0100,-0.0377,0.0010,0.0048,-0.0046,-0.0385,0.0046,-0.0004,0.0016,0.000,0.000,-0.0093,-0.0341,-0.0100,-0.0377,0.0010,0.1281,0,0.2952,-0.1875,0.0683,1,0.00,0.001,0.036,0.000,,0.0039,-0.3062,1.8376,0.3020,-0.1906,-0.0971,0.2984,0.1905,0.0151,1,0.00,0.001,0.037,0.000,,-0.0173,-0.0192,1.6041,0.3036,0.1879,-0.1466,0.0002,-0.3433,0.0146,1,6.35,0.153,1.067,0.001,,0.0222,-0.0505,1.6485,0.0051,-0.3456,-0.1411,-0.0010,0.3449,0.0146,1,6.89,0.153,0.971,0.193,,-0.0203,-0.0895,1.7048,0.0046,0.3426,-0.1342,-0.2993,-0.1888,0.0152,1,0.00,0.001,0.036,0.002,,0.0151,-0.1264,1.7482,-0.2939,-0.1909,-0.1277,-0.2999,0.1903,0.0156,1,0.00,0.001,0.035,0.000,,-0.0040,-0.1499,1.7756,-0.2942,0.1882,-0.1236
2.173,392,tripod,-0.0104,0.0036,0.1516,-0.0095,-0.0372,0.0010,0.0182,-0.0168,-0.0405,0.0835,0.0912,0.0000,0.000,0.000,-0.0091,-0.0340,-0.0095,-0.0372,0.0010,0.1279,0,0.2952,-0.1876,0.0673,1,0.00,0.006,0.025,0.007,,0.0040,-0.3036,1.8361,0.3020,-0.1906,-0.0976,0.2984,0.1905,0.0148,1,4.05,0.524,0.733,0.071,,-0.0170,-0.0206,1.6055,0.3036,0.1880,-0.1464,0.0001,-0.3433,0.0151,1,0.00,0.020,0.035,0.009,,0.0218,-0.0571,1.6551,0.0050,-0.3456,-0.1400,-0.0011,0.3450,0.0153,1,0.00,0.027,0.032,0.012,,-0.0199,-0.0959,1.7101,0.0045,0.3426,-0.1331,-0.2992,-0.1888,0.0148,1,3.62,0.357,0.358,0.261,,0.0149,-0.1262,1.7481,-0.2940,-0.1909,-0.1278,-0.2999,0.1903,0.0149,1,2.85,0.159,0.265,0.225,,-0.0041,-0.1477,1.7735,-0.2943,0.1882,-0.1240
2.195,396,tripod,-0.0100,0.0034,0.1503,-0.0088,-0.0359,0.0010,0.0175,-0.0006,-0.0855,-0.0338,0.0599,-0.0013,0.000,0.000,-0.0085,-0.0334,-0.0088,-0.0359,0.0010,0.1271,0,0.2954,-0.1877,0.0649,1,0.00,0.001,0.030,0.006,,0.0041,-0.2987,1.8331,0.3020,-0.1905,-0.0984,0.2984,0.1905,0.0148,1,3.67,0.180,0.523,0.069,,-0.0165,-0.0291,1.6140,0.3035,0.1881,-0.1449,0.0001,-0.3433,0.0149,1,4.51,0.168,0.612,0.138,,0.0215,-0.0639,1.6619,0.0049,-0.3455,-0.1388,-0.0011,0.3450,0.0156,1,0.00,0.001,0.039,0.007,,-0.0196,-0.1022,1.7152,0.0045,0.3427,-0.1320,-0.2992,-0.1888,0.0149,1,0.00,0.000,0.038,0.010,,0.0145,-0.1331,1.7537,-0.2941,-0.1908,-0.1266,-0.2999,0.1903,0.0149,1,4.39,0.037,0.609,0.110,,-0.0042,-0.1520,1.7766,-0.2943,0.1883,-0.1233
2.216,400,tripod,-0.0098,0.0032,0.1486,-0.0080,-0.0352,0.0010,0.0223,-0.0227,-0.0992,0.1254,0.1010,0.0012,0.000,0.000,-0.0082,-0.0326,-0.0080,-0.0352,0.0010,0.1258,0,0.2957,-0.1877,0.0618,1,0.00,0.013,0.024,0.006,,0.0042,-0.2923,1.8290,0.3020,-0.1905,-0.0995,0.2984,0.1905,0.0153,1,0.00,0.027,0.014,0.024,,-0.0159,-0.0433,1.6278,0.3034,0.1882,-0.1424,0.0001,-0.3433,0.0148,1,1.42,0.215,0.178,0.003,,0.0209,-0.0750,1.6725,0.0048,-0.3455,-0.1368,-0.0010,0.3449,0.0147,1,5.30,0.681,0.729,0.156,,-0.0193,-0.1058,1.7182,0.0044,0.3427,-0.1314,-0.2992,-0.1888,0.0149,1,7.05,0.372,0.518,0.656,,0.0140,-0.1426,1.7612,-0.2942,-0.1908,-0.1250,-0.2999,0.1903,0.0153,1,0.00,0.029,0.100,0.015,,-0.0042,-0.1630,1.7846,-0.2944,0.1884,-0.1214
2.237,404,tripod,-0.0096,0.0031,0.1469,-0.0074,-0.0357,0.0010,-0.0109,-0.0002,-0.0805,-0.0330,-0.1378,-0.0010,0.000,0.000,-0.0073,-0.0319,-0.0074,-0.0357,0.0010,0.1244,0,0.2959,-0.1878,0.0588,1,3.35,0.178,0.392,0.249,,0.0043,-0.2858,1.8250,0.3020,-0.1904,-0.1006,0.2983,0.1906,0.0161,1,0.00,0.011,0.038,0.017,,-0.0153,-0.0559,1.6400,0.3033,0.1883,-0.1402,0.0001,-0.3433,0.0154,1,0.00,0.002,0.045,0.021,,0.0202,-0.0905,1.6867,0.0047,-0.3454,-0.1341,-0.0010,0.3449,0.0147,1,4.76,0.094,0.434,0.379,,-0.0189,-0.1142,1.7251,0.0043,0.3428,-0.1299,-0.2992,-0.1888,0.0149,1,4.27,0.232,0.237,0.497,,0.0134,-0.1537,1.7698,-0.2943,-0.1907,-0.1231,-0.2999,0.1903,0.0153,1,0.00,0.000,0.049,0.010,,-0.0042,-0.1719,1.7909,-0.2945,0.1884,-0.1199
2.258,408,tripod,-0.0096,0.0030,0.1459,-0.0071,-0.0358,0.0010,0.0046,-0.0056,-0.0476,0.0115,0.0183,-0.0021,0.000,0.000,-0.0069,-0.0321,-0.0071,-0.0358,0.0010,0.1235,0,0.2959,-0.1878,0.0569,1,8.04,0.004,1.237,0.128,,0.0044,-0.2811,1.8221,0.3019,-0.1904,-0.1014,0.2982,0.1906,0.0163,1,0.00,0.006,0.062,0.005,,-0.0148,-0.0616,1.6458,0.3032,0.1883,-0.1392,-0.0001,-0.3433,0.0161,1,0.00,0.008,0.065,0.011,,0.0197,-0.1001,1.6959,0.0045,-0.3453,-0.1325,-0.0011,0.3450,0.0150,1,0.00,0.009,0.038,0.011,,-0.0185,-0.1221,1.7313,0.0042,0.3429,-0.1286,-0.2994,-0.1888,0.0152,1,0.00,0.004,0.041,0.013,,0.0129,-0.1629,1.7769,-0.2944,-0.1906,-0.1215,-0.2999,0.1903,0.0148,1,8.38,0.062,0.939,0.531,,-0.0043,-0.1757,1.7936,-0.2946,0.1885,-0.1192
2.278,412,tripod,-0.0095,0.0028,0.1449,-0.0063,-0.0350,0.0010,0.0016,-0.0191,-0.0477,0.1033,-0.0167,0.0050,0.000,0.000,-0.0065,-0.0319,-0.0063,-0.0350,0.0010,0.1233,0,0.2959,-0.1878,0.0549,1,9.51,0.406,1.280,0.392,,0.0046,-0.2772,1.8198,0.3019,-0.1904,-0.1021,0.2982,0.1907,0.0153,1,0.00,0.018,0.069,0.001,,-0.0145,-0.0613,1.6456,0.3031,0.1884,-0.1393,-0.0002,-0.3432,0.0155,1,0.00,0.002,0.084,0.004,,0.0195,-0.1025,1.6986,0.0045,-0.3452,-0.1320,-0.0012,0.3450,0.0150,1,3.24,0.118,0.205,0.358,,-0.0182,-0.1252,1.7336,0.0042,0.3430,-0.1280,-0.2994,-0.1887,0.0151,1,0.00,0.033,0.042,0.001,,0.0125,-0.1659,1.7793,-0.2945,-0.1906,-0.1210,-0.2999,0.1903,0.0147,1,7.63,0.554,0.826,0.538,,-0.0045,-0.1785,1.7956,-0.2946,0.1885,-0.1188
2.299,416,tripod,-0.0095,0.0027,0.1449,-0.0059,-0.0352,0.0010,-0.0065,0.0017,-0.0090,-0.0358,-0.0621,0.0009,0.000,0.000,-0.0058,-0.0316,-0.0059,-0.0352,0.0010,0.1235,0,0.2959,-0.1879,0.0542,1,0.00,0.002,0.026,0.003,,0.0047,-0.2738,1.8177,0.3019,-0.1903,-0.1026,0.2981,0.1906,0.0148,1,4.59,0.042,0.750,0.038,,-0.0142,-0.0585,1.6431,0.3031,0.1884,-0.1397,-0.0002,-0.3432,0.0149,1,0.59,0.018,0.130,0.057,,0.0193,-0.1007,1.6976,0.0044,-0.3452,-0.1324,-0.0012,0.3450,0.0152,1,0.00,0.003,0.023,0.001,,-0.0181,-0.1253,1.7333,0.0041,0.3430,-0.1280,-0.2994,-0.1888,0.0148,1,4.65,0.008,0.616,0.184,,0.0122,-0.1657,1.7792,-0.2945,-0.1905,-0.1210,-0.3000,0.1903,0.0151,1,0.00,0.004,0.025,0.001,,-0.0046,-0.1801,1.7964,-0.2946,0.1886,-0.1185
2.321,420,tripod,-0.0095,0.0026,0.1446,-0.0053,-0.0353,0.0010,0.0033,-0.0125,-0.0404,0.0517,-0.0068,0.0049,0.000,0.000,-0.0054,-0.0316,-0.0053,-0.0353,0.0010,0.1233,0,0.2960,-0.1879,0.0530,1,0.00,0.003,0.022,0.006,,0.0049,-0.2686,1.8143,0.3019,-0.1903,-0.1035,0.2981,0.1907,0.0151,1,0.00,0.001,0.027,0.005,,-0.0138,-0.0614,1.6460,0.3030,0.1885,-0.1392,-0.0002,-0.3432,0.0148,1,5.35,0.166,0.852,0.045,,0.0191,-0.1038,1.7008,0.0044,-0.3451,-0.1318,-0.0012,0.3450,0.0149,1,5.37,0.165,0.842,0.064,,-0.0179,-0.1248,1.7324,0.0041,0.3431,-0.1281,-0.2995,-0.1888,0.0151,1,0.00,0.001,0.035,0.007,,0.0118,-0.1705,1.7830,-0.2946,-0.1904,-0.1202,-0.3000,0.1903,0.0150,1,0.00,0.003,0.031,0.002,,-0.0048,-0.1817,1.7973,-0.2947,0.1886,-0.1182
2.342,424,tripod,-0.0094,0.0023,0.1437,-0.0042,-0.0353,0.0010,0.0078,-0.0211,-0.0545,0.1191,0.0230,0.0022,0.000,0.000,-0.0049,-0.0317,-0.0042,-0.0353,0.0010,0.1228,0,0.2962,-0.1880,0.0507,1,0.00,0.010,0.023,0.011,,0.0051,-0.2609,1.8089,0.3019,-0.1902,-0.1048,0.2981,0.1907,0.0149,1,3.98,0.557,0.441,0.231,,-0.0134,-0.0643,1.6488,0.3030,0.1886,-0.1387,-0.0002,-0.3432,0.0148,1,3.09,0.507,0.521,0.052,,0.0187,-0.1112,1.7078,0.0043,-0.3450,-0.1305,-0.0012,0.3450,0.0151,1,0.00,0.020,0.038,0.008,,-0.0177,-0.1295,1.7360,0.0040,0.3432,-0.1273,-0.2995,-0.1888,0.0149,1,0.67,0.005,0.012,0.070,,0.0115,-0.1760,1.7873,-0.2946,-0.1903,-0.1192,-0.3000,0.1902,0.0150,1,4.92,0.014,0.768,0.025,,-0.0049,-0.1853,1.7997,-0.2947,0.1887,-0.1176
2.364,428,tripod,-0.0093,0.0020,0.1429,-0.0026,-0.0349,0.0011,0.0073,-0.0169,-0.0403,0.0818,0.0188,0.0031,0.000,0.000,-0.0038,-0.0316,-0.0026,-0.0349,0.0011,0.1225,0,0.2964,-0.1881,0.0477,1,0.00,0.003,0.028,0.013,,0.0054,-0.2501,1.8010,0.3020,-0.1902,-0.1067,0.2981,0.1906,0.0149,1,4.48,0.215,0.542,0.214,,-0.0131,-0.0672,1.6516,0.3029,0.1886,-0.1382,-0.0002,-0.3432,0.0148,1,3.96,0.364,0.642,0.017,,0.0185,-0.1187,1.7147,0.0043,-0.3449,-0.1292,-0.0012,0.3449,0.0155,1,0.00,0.002,0.037,0.002,,-0.0176,-0.1323,1.7379,0.0040,0.3432,-0.1268,-0.2994,-0.1889,0.0149,1,0.89,0.083,0.060,0.056,,0.0111,-0.1817,1.7917,-0.2947,-0.1903,-0.1183,-0.2999,0.1902,0.0149,1,4.10,0.053,0.723,0.078,,-0.0052,-0.1870,1.8003,-0.2948,0.1888,-0.1173
2.386,432,tripod,-0.0092,0.0018,0.1425,-0.0015,-0.0350,0.0011,-0.0210,-0.0114,0.0162,0.0534,-0.1426,0.0043,0.000,0.000,-0.0027,-0.0315,-0.0015,-0.0350,0.0011,0.1227,0,0.2967,-0.1882,0.0446,1,19.74,0.750,2.263,1.350,,0.0057,-0.2361,1.7906,0.3021,-0.1901,-0.1090,0.2981,0.1906,0.0148,1,0.00,0.045,0.201,0.000,,-0.0127,-0.0692,1.6535,0.3029,0.1887,-0.1379,-0.0002,-0.3432,0.0148,1,0.00,0.070,0.108,0.009,,0.0183,-0.1235,1.7196,0.0042,-0.3448,-0.1284,-0.0011,0.3449,0.0149,1,10.33,0.944,1.376,0.389,,-0.0176,-0.1295,1.7350,0.0040,0.3433,-0.1273,-0.2994,-0.1889,0.0149,1,3.54,0.154,0.620,0.029,,0.0107,-0.1855,1.7948,-0.2947,-0.1902,-0.1176,-0.2999,0.1902,0.0148,1,5.84,0.020,0.866,0.136,,-0.0054,-0.1882,1.8009,-0.2948,0.1889,-0.1171
2.408,436,tripod,-0.0094,0.0015,0.1426,-0.0001,-0.0360,0.0011,-0.0051,-0.0170,0.0066,0.0808,-0.0316,0.0050,0.000,0.000,-0.0016,-0.0318,-0.0001,-0.0360,0.0011,0.1230,0,0.2968,-0.1882,0.0426,1,4.70,0.191,0.469,0.430,,0.0061,-0.2235,1.7811,0.3022,-0.1901,-0.1112,0.2980,0.1907,0.0156,1,0.00,0.005,0.044,0.002,,-0.0123,-0.0686,1.6525,0.3029,0.1888,-0.1380,-0.0002,-0.3432,0.0150,1,0.65,0.114,0.091,0.032,,0.0181,-0.1263,1.7227,0.0042,-0.3447,-0.1279,-0.0011,0.3449,0.0148,1,4.98,0.123,0.692,0.171,,-0.0177,-0.1255,1.7309,0.0040,0.3434,-0.1280,-0.2995,-0.1889,0.0149,1,3.61,0.022,0.348,0.291,,0.0102,-0.1876,1.7968,-0.2947,-0.1901,-0.1172,-0.3000,0.1901,0.0150,1,0.00,0.004,0.025,0.000,,-0.0058,-0.1888,1.8010,-0.2948,0.1890,-0.1170
2.429,440,tripod,-0.0094,0.0012,0.1428,0.0011,-0.0358,0.0012,-0.0066,-0.0214,0.0280,0.1060,-0.0409,0.0012,0.000,0.000,-0.0004,-0.0321,0.0011,-0.0358,0.0012,0.1236,0,0.2969,-0.1883,0.0406,1,0.00,0.043,0.099,0.012,,0.0066,-0.2127,1.7730,0.3022,-0.1900,-0.1130,0.2981,0.1907,0.0150,1,13.36,0.162,1.296,0.996,,-0.0119,-0.0628,1.6467,0.3029,0.1889,-0.1390,-0.0002,-0.3432,0.0149,1,4.12,0.242,0.851,0.192,,0.0181,-0.1273,1.7242,0.0042,-0.3446,-0.1277,-0.0011,0.3449,0.0147,1,0.00,0.032,0.094,0.005,,-0.0178,-0.1221,1.7273,0.0041,0.3435,-0.1286,-0.2995,-0.1890,0.0149,1,3.03,0.054,0.587,0.061,,0.0098,-0.1881,1.7975,-0.2947,-0.1900,-0.1172,-0.3000,0.1901,0.0150,1,3.52,0.306,0.793,0.241,,-0.0062,-0.1857,1.7984,-0.2948,0.1891,-0.1176
2.451,444,tripod,-0.0095,0.0009,0.1433,0.0026,-0.0366,0.0011,-0.0087,-0.0173,0.0311,0.0714,-0.0386,0.0008,0.000,0.000,0.0008,-0.0323,0.0026,-0.0366,0.0011,0.1243,0,0.2970,-0.1884,0.0393,1,0.00,0.004,0.024,0.012,,0.0071,-0.2025,1.7652,0.3023,-0.1899,-0.1148,0.2981,0.1907,0.0148,1,5.06,0.139,0.481,0.419,,-0.0115,-0.0563,1.6402,0.3029,0.1891,-0.1401,-0.0003,-0.3432,0.0148,1,1.92,0.247,0.337,0.054,,0.0181,-0.1269,1.7249,0.0041,-0.3445,-0.1278,-0.0011,0.3449,0.0152,1,0.00,0.003,0.028,0.006,,-0.0180,-0.1184,1.7233,0.0041,0.3436,-0.1292,-0.2995,-0.1890,0.0149,1,3.14,0.034,0.338,0.205,,0.0094,-0.1876,1.7977,-0.2947,-0.1899,-0.1173,-0.3000,0.1901,0.0149,1,2.07,0.181,0.402,0.092,,-0.0067,-0.1820,1.7953,-0.2947,0.1892,-0.1182
2.473,448,tripod,-0.0097,0.0006,0.1438,0.0038,-0.0370,0.0011,-0.0051,-0.0217,0.0201,0.0885,-0.0160,0.0085,0.000,0.000,0.0019,-0.0328,0.0038,-0.0370,0.0011,0.1252,0,0.2971,-0.1884,0.0376,1,0.00,0.002,0.014,0.016,,0.0077,-0.1894,1.7548,0.3024,-0.1898,-0.1171,0.2981,0.1907,0.0148,1,0.00,0.002,0.019,0.008,,-0.0111,-0.0517,1.6353,0.3029,0.1892,-0.1409,-0.0003,-0.3432,0.0148,1,5.13,0.005,0.811,0.060,,0.0181,-0.1261,1.7252,0.0042,-0.3443,-0.1279,-0.0011,0.3449,0.0149,1,5.18,0.006,0.797,0.101,,-0.0183,-0.1117,1.7166,0.0042,0.3438,-0.1304,-0.2995,-0.1890,0.0149,1,0.00,0.002,0.027,0.000,,0.0090,-0.1867,1.7975,-0.2947,-0.1897,-0.1174,-0.3000,0.1900,0.0150,1,0.00,0.003,0.024,0.003,,-0.0072,-0.1793,1.7929,-0.2947,0.1893,-0.1186
2.495,452,tripod,-0.0097,0.0003,0.1434,0.0050,-0.0368,0.0012,0.0081,-0.0170,-0.0408,0.0751,0.1155,-0.0061,0.000,0.000,0.0031,-0.0332,0.0050,-0.0368,0.0012,0.1252,0,0.2973,-0.1884,0.0347,1,6.62,0.096,0.785,0.450,,0.0083,-0.1755,1.7436,0.3025,-0.1897,-0.1194,0.2980,0.1907,0.0150,1,0.00,0.011,0.034,0.005,,-0.0106,-0.0535,1.6362,0.3030,0.1893,-0.1406,-0.0003,-0.3433,0.0148,1,0.11,0.034,0.030,0.007,,0.0180,-0.1307,1.7300,0.0041,-0.3442,-0.1271,-0.0011,0.3448,0.0149,1,0.00,0.009,0.027,0.002,,-0.0184,-0.1117,1.7157,0.0042,0.3439,-0.1304,-0.2996,-0.1891,0.0150,1,0.00,0.012,0.047,0.006,,0.0085,-0.1914,1.8014,-0.2947,-0.1896,-0.1166,-0.3000,0.1899,0.0149,1,7.08,0.078,0.700,0.555,,-0.0077,-0.1791,1.7927,-0.2947,0.1894,-0.1187
2.516,456,tripod,-0.0098,0.0001,0.1435,0.0056,-0.0373,0.0011,-0.0092,-0.0109,0.0062,0.0186,-0.0305,-0.0059,0.000,0.000,0.0041,-0.0333,0.0056,-0.0373,0.0011,0.1254,0,0.2973,-0.1884,0.0325,1,10.03,0.053,1.429,0.309,,0.0090,-0.1633,1.7338,0.3026,-0.1895,-0.1215,0.2980,0.1907,0.0153,1,0.00,0.001,0.070,0.004,,-0.0102,-0.0536,1.6356,0.3030,0.1895,-0.1406,-0.0005,-0.3433,0.0154,1,0.00,0.007,0.077,0.005,,0.0180,-0.1352,1.7347,0.0041,-0.3441,-0.1263,-0.0012,0.3448,0.0154,1,0.00,0.006,0.031,0.001,,-0.0185,-0.1126,1.7156,0.0042,0.3440,-0.1303,-0.2997,-0.1891,0.0156,1,0.00,0.001,0.037,0.007,,0.0080,-0.1952,1.8047,-0.2947,-0.1895,-0.1159,-0.3000,0.1899,0.0148,1,9.13,0.017,1.218,0.395,,-0.0083,-0.1780,1.7916,-0.2946,0.1895,-0.1189
2.536,460,tripod,-0.0100,-0.0002,0.1435,0.0064,-0.0377,0.0010,-0.0120,-0.0108,0.0174,0.0032,-0.0625,0.0001,0.000,0.000,0.0048,-0.0335,0.0064,-0.0377,0.0010,0.1260,0,0.2973,-0.1885,0.0306,1,0.00,0.054,0.117,0.014,,0.0096,-0.1537,1.7260,0.3026,-0.1894,-0.1232,0.2980,0.1907,0.0149,1,6.68,0.807,1.003,0.173,,-0.0097,-0.0497,1.6310,0.3031,0.1896,-0.1413,-0.0006,-0.3433,0.0150,1,14.35,0.038,1.849,0.534,,0.0181,-0.1338,1.7344,0.0041,-0.3439,-0.1266,-0.0012,0.3448,0.0151,1,0.00,0.001,0.031,0.003,,-0.0188,-0.1088,1.7114,0.0043,0.3442,-0.1309,-0.2998,-0.1891,0.0150,1,0.00,0.032,0.125,0.002,,0.0077,-0.1929,1.8034,-0.2947,-0.1894,-0.1163,-0.3001,0.1899,0.0147,1,6.29,0.781,0.970,0.099,,-0.0088,-0.1773,1.7909,-0.2946,0.1896,-0.1190
2.558,464,tripod,-0.0099,-0.0004,0.1439,0.0069,-0.0370,0.0010,0.0041,-0.0119,-0.0025,0.0303,0.0408,0.0012,0.000,0.000,0.0055,-0.0336,0.0069,-0.0370,0.0010,0.1265,0,0.2974,-0.1885,0.0295,1,0.00,0.003,0.026,0.010,,0.0101,-0.1459,1.7197,0.3027,-0.1893,-0.1246,0.2980,0.1907,0.0149,1,2.42,0.306,0.252,0.153,,-0.0094,-0.0478,1.6285,0.3031,0.1898,-0.1416,-0.0007,-0.3433,0.0149,1,2.59,0.350,0.391,0.019,,0.0182,-0.1324,1.7341,0.0042,-0.3438,-0.1268,-0.0012,0.3448,0.0149,1,3.00,0.286,0.446,0.070,,-0.0190,-0.1049,1.7072,0.0044,0.3443,-0.1316,-0.2998,-0.1891,0.0149,1,3.07,0.326,0.370,0.165,,0.0073,-0.1896,1.8014,-0.2946,-0.1893,-0.1169,-0.3001,0.1899,0.0154,1,0.00,0.005,0.029,0.003,,-0.0092,-0.1780,1.7913,-0.2946,0.1897,-0.1189
2.580,468,tripod,-0.0098,-0.0005,0.1432,0.0073,-0.0364,0.0010,0.0044,-0.0103,-0.0287,0.0285,0.0799,-0.0062,0.000,0.000,0.0060,-0.0333,0.0073,-0.0364,0.0010,0.1263,0,0.2975,-0.1885,0.0271,1,17.87,0.291,2.711,0.433,,0.0107,-0.1372,1.7125,0.3027,-0.1892,-0.1261,0.2980,0.1907,0.0149,1,0.00,0.005,0.079,0.012,,-0.0089,-0.0526,1.6327,0.3031,0.1899,-0.1408,-0.0007,-0.3433,0.0149,1,0.00,0.019,0.099,0.010,,0.0181,-0.1374,1.7390,0.0041,-0.3437,-0.1260,-0.0011,0.3448,0.0149,1,0.00,0.001,0.111,0.006,,-0.0190,-0.1085,1.7096,0.0044,0.3444,-0.1310,-0.2998,-0.1892,0.0148,1,0.00,0.014,0.132,0.001,,0.0069,-0.1934,1.8046,-0.2947,-0.1892,-0.1162,-0.3001,0.1899,0.0149,1,20.32,0.354,2.592,0.848,,-0.0097,-0.1768,1.7902,-0.2945,0.1898,-0.1191
2.601,472,tripod,-0.0098,-0.0007,0.1426,0.0078,-0.0355,0.0009,0.0056,-0.0089,-0.0348,0.0125,0.0139,-0.0040,0.000,0.000,0.0065,-0.0328,0.0078,-0.0355,0.0009,0.1256,0,0.2975,-0.1885,0.0254,1,14.40,0.005,1.957,0.508,,0.0111,-0.1336,1.7099,0.3027,-0.1891,-0.1267,0.2979,0.1907,0.0154,1,0.00,0.007,0.114,0.007,,-0.0085,-0.0606,1.6399,0.3031,0.1900,-0.1394,-0.0008,-0.3433,0.0152,1,0.00,0.006,0.111,0.006,,0.0179,-0.1435,1.7446,0.0041,-0.3436,-0.1249,-0.0012,0.3448,0.0154,1,0.00,0.004,0.043,0.007,,-0.0189,-0.1138,1.7135,0.0043,0.3445,-0.1301,-0.3000,-0.1892,0.0154,1,0.00,0.013,0.043,0.009,,0.0065,-0.1988,1.8088,-0.2947,-0.1891,-0.1153,-0.3001,0.1899,0.0148,1,12.19,0.078,1.720,0.396,,-0.0100,-0.1779,1.7908,-0.2945,0.1899,-0.1189
2.621,476,tripod,-0.0096,-0.0008,0.1420,0.0077,-0.0342,0.0009,0.0063,-0.0113,-0.0024,0.0430,0.0339,0.0041,0.000,0.000,0.0068,-0.0321,0.0077,-0.0342,0.0009,0.1256,0,0.2975,-0.1885,0.0240,1,0.00,0.029,0.084,0.004,,0.0114,-0.1311,1.7082,0.3027,-0.1890,-0.1271,0.2979,0.1907,0.0149,1,3.16,0.387,0.244,0.231,,-0.0080,-0.0627,1.6416,0.3031,0.1901,-0.1390,-0.0008,-0.3433,0.0149,1,7.66,0.208,1.245,0.049,,0.0178,-0.1443,1.7460,0.0041,-0.3435,-0.1248,-0.0012,0.3448,0.0148,1,7.61,0.572,1.039,0.279,,-0.0188,-0.1134,1.7127,0.0043,0.3446,-0.1301,-0.2999,-0.1892,0.0152,1,0.00,0.001,0.007,0.001,,0.0061,-0.1984,1.8087,-0.2947,-0.1890,-0.1154,-0.3001,0.1899,0.0148,1,0.00,0.029,0.015,0.003,,-0.0103,-0.1797,1.7918,-0.2945,0.1900,-0.1186
2.644,480,tripod,-0.0094,-0.0008,0.1418,0.0076,-0.0330,0.0009,0.0149,-0.0010,-0.0303,-0.0239,0.0799,-0.0030,0.000,0.000,0.0069,-0.0312,0.0076,-0.0330,0.0009,0.1253,0,0.2975,-0.1885,0.0234,1,0.00,0.002,0.030,0.001,,0.0115,-0.1314,1.7090,0.3026,-0.1889,-0.1271,0.2979,0.1907,0.0149,1,4.88,0.080,0.934,0.124,,-0.0076,-0.0663,1.6447,0.3031,0.1902,-0.1384,-0.0009,-0.3433,0.0152,1,0.00,0.002,0.031,0.006,,0.0175,-0.1480,1.7495,0.0040,-0.3434,-0.1241,-0.0012,0.3448,0.0148,1,0.01,0.002,0.027,0.002,,-0.0186,-0.1154,1.7140,0.0043,0.3446,-0.1298,-0.2999,-0.1892,0.0149,1,5.45,0.096,0.819,0.091,,0.0058,-0.1962,1.8070,-0.2947,-0.1890,-0.1158,-0.3001,0.1899,0.0156,1,0.00,0.000,0.031,0.005,,-0.0104,-0.1842,1.7947,-0.2946,0.1901,-0.1178
2.665,484,tripod,-0.0091,-0.0008,0.1407,0.0066,-0.0322,0.0009,0.0072,0.0110,-0.0567,-0.1123,0.0022,-0.0064,0.000,0.000,0.0068,-0.0301,0.0066,-0.0322,0.0009,0.1247,0,0.2976,-0.1885,0.0220,1,0.00,0.001,0.043,0.003,,0.0116,-0.1290,1.7075,0.3026,-0.1888,-0.1275,0.2979,0.1907,0.0149,1,0.00,0.003,0.055,0.013,,-0.0072,-0.0748,1.6529,0.3030,0.1903,-0.1369,-0.0009,-0.3433,0.0148,1,7.24,0.029,0.966,0.277,,0.0172,-0.1495,1.7513,0.0039,-0.3434,-0.1239,-0.0012,0.3448,0.0148,1,6.79,0.026,1.042,0.103,,-0.0182,-0.1232,1.7202,0.0042,0.3447,-0.1284,-0.2999,-0.1892,0.0150,1,0.00,0.003,0.033,0.007,,0.0055,-0.2006,1.8101,-0.2948,-0.1889,-0.1150,-0.3001,0.1899,0.0152,1,0.00,0.002,0.032,0.001,,-0.0105,-0.1857,1.7954,-0.2947,0.1901,-0.1176
2.687,488,tripod,-0.0087,-0.0007,0.1402,0.0058,-0.0300,0.0009,0.0113,0.0076,-0.0132,-0.0784,0.0461,-0.0035,0.000,0.000,0.0062,-0.0289,0.0058,-0.0300,0.0009,0.1243,0,0.2977,-0.1885,0.0199,1,16.07,0.021,1.746,1.095,,0.0116,-0.1233,1.7032,0.3025,-0.1888,-0.1285,0.2979,0.1907,0.0149,1,0.00,0.029,0.111,0.014,,-0.0068,-0.0830,1.6607,0.3029,0.1903,-0.1355,-0.0008,-0.3433,0.0147,1,0.00,0.041,0.102,0.002,,0.0168,-0.1513,1.7529,0.0038,-0.3433,-0.1236,-0.0012,0.3448,0.0152,1,0.00,0.038,0.055,0.011,,-0.0177,-0.1308,1.7265,0.0041,0.3447,-0.1271,-0.2999,-0.1892,0.0159,1,0.00,0.034,0.042,0.003,,0.0052,-0.2046,1.8128,-0.2949,-0.1889,-0.1143,-0.3000,0.1899,0.0149,1,11.19,0.040,2.045,0.160,,-0.0104,-0.1854,1.7946,-0.2947,0.1902,-0.1176
2.708,492,tripod,-0.0086,-0.0006,0.1399,0.0052,-0.0297,0.0009,0.0022,0.0023,-0.0103,-0.0225,-0.0250,-0.0028,0.000,0.000,0.0055,-0.0277,0.0052,-0.0297,0.0009,0.1241,0,0.2977,-0.1885,0.0188,1,12.05,0.123,1.827,0.203,,0.0115,-0.1185,1.6995,0.3024,-0.1888,-0.1293,0.2978,0.1907,0.0154,1,0.00,0.004,0.099,0.005,,-0.0065,-0.0886,1.6667,0.3027,0.1903,-0.1345,-0.0009,-0.3433,0.0151,1,0.00,0.004,0.084,0.002,,0.0164,-0.1534,1.7547,0.0037,-0.3433,-0.1232,-0.0013,0.3448,0.0152,1,0.00,0.005,0.043,0.004,,-0.0173,-0.1332,1.7285,0.0040,0.3447,-0.1267,-0.2999,-0.1891,0.0159,1,0.00,0.005,0.029,0.002,,0.0050,-0.2042,1.8121,-0.2950,-0.1889,-0.1144,-0.3000,0.1899,0.0148,1,10.58,0.133,1.587,0.222,,-0.0102,-0.1863,1.7948,-0.2948,0.1902,-0.1175
2.729,496,tripod,-0.0086,-0.0006,0.1399,0.0054,-0.0300,0.0008,0.0007,-0.0016,0.0077,0.0177,-0.0278,0.0003,0.000,0.000,0.0050,-0.0271,0.0054,-0.0300,0.0008,0.1244,0,0.2977,-0.1885,0.0181,1,0.00,0.002,0.026,0.004,,0.0113,-0.1149,1.6968,0.3024,-0.1888,-0.1299,0.2977,0.1906,0.0155,1,0.00,0.002,0.029,0.001,,-0.0063,-0.0882,1.6671,0.3026,0.1903,-0.1346,-0.0009,-0.3433,0.0149,1,6.16,0.188,0.947,0.096,,0.0160,-0.1525,1.7539,0.0036,-0.3433,-0.1233,-0.0013,0.3448,0.0149,1,6.08,0.188,0.955,0.078,,-0.0169,-0.1311,1.7268,0.0039,0.3447,-0.1271,-0.2999,-0.1891,0.0150,1,0.00,0.002,0.032,0.006,,0.0049,-0.1996,1.8081,-0.2950,-0.1889,-0.1152,-0.3001,0.1899,0.0148,1,0.00,0.002,0.037,0.001,,-0.0100,-0.1875,1.7953,-0.2949,0.1901,-0.1173
2.751,500,tripod,-0.0083,-0.0007,0.1402,0.0060,-0.0282,0.0008,0.0113,-0.0059,0.0203,0.0464,0.0499,-0.0012,0.000,0.000,0.0050,-0.0265,0.0060,-0.0282,0.0008,0.1247,0,0.2977,-0.1885,0.0175,1,0.00,0.003,0.038,0.000,,0.0110,-0.1134,1.6961,0.3023,-0.1888,-0.1302,0.2977,0.1906,0.0149,1,5.83,0.007,1.022,0.033,,-0.0062,-0.0853,1.6650,0.3025,0.1903,-0.1351,-0.0010,-0.3433,0.0150,1,0.00,0.001,0.038,0.002,,0.0156,-0.1531,1.7544,0.0036,-0.3434,-0.1232,-0.0013,0.3448,0.0152,1,0.00,0.002,0.027,0.001,,-0.0165,-0.1304,1.7263,0.0038,0.3447,-0.1272,-0.2999,-0.1891,0.0148,1,5.99,0.011,0.984,0.026,,0.0048,-0.1947,1.8039,-0.2951,-0.1889,-0.1160,-0.3001,0.1899,0.0158,1,0.00,0.002,0.025,0.001,,-0.0098,-0.1875,1.7949,-0.2950,0.1901,-0.1173
2.772,504,tripod,-0.0082,-0.0007,0.1403,0.0063,-0.0280,0.0008,0.0034,-0.0046,0.0221,0.0411,-0.0010,0.0017,0.000,0.000,0.0053,-0.0257,0.0063,-0.0280,0.0008,0.1249,0,0.2977,-0.1885,0.0174,1,0.00,0.007,0.038,0.002,,0.0108,-0.1129,1.6963,0.3022,-0.1888,-0.1303,0.2977,0.1906,0.0149,1,0.00,0.011,0.041,0.001,,-0.0060,-0.0854,1.6656,0.3024,0.1903,-0.1351,-0.0010,-0.3433,0.0149,1,7.19,0.201,1.291,0.085,,0.0152,-0.1523,1.7536,0.0035,-0.3434,-0.1234,-0.0013,0.3448,0.0150,1,8.41,0.211,1.108,0.350,,-0.0161,-0.1274,1.7239,0.0037,0.3447,-0.1277,-0.2999,-0.1891,0.0148,1,0.00,0.010,0.041,0.001,,0.0047,-0.1941,1.8029,-0.2952,-0.1889,-0.1161,-0.3000,0.1899,0.0155,1,0.00,0.006,0.041,0.004,,-0.0096,-0.1839,1.7917,-0.2951,0.1901,-0.1179
2.794,508,tripod,-0.0081,-0.0008,0.1406,0.0070,-0.0273,0.0008,0.0135,-0.0110,0.0290,0.0718,0.0676,0.0028,0.000,0.000,0.0056,-0.0253,0.0070,-0.0273,0.0008,0.1254,0,0.2977,-0.1885,0.0166,1,0.00,0.035,0.085,0.008,,0.0107,-0.1079,1.6923,0.3021,-0.1888,-0.1311,0.2976,0.1906,0.0150,1,9.39,0.337,1.238,0.325,,-0.0057,-0.0839,1.6650,0.3023,0.1903,-0.1353,-0.0010,-0.3433,0.0148,1,5.27,0.274,0.907,0.022,,0.0149,-0.1513,1.7528,0.0034,-0.3434,-0.1235,-0.0013,0.3448,0.0149,1,0.00,0.022,0.077,0.003,,-0.0158,-0.1241,1.7210,0.0036,0.3447,-0.1283,-0.2999,-0.1891,0.0151,1,0.00,0.003,0.006,0.001,,0.0045,-0.1944,1.8028,-0.2953,-0.1889,-0.1161,-0.3000,0.1899,0.0150,1,5.55,0.481,1.030,0.107,,-0.0096,-0.1773,1.7861,-0.2951,0.1902,-0.1190
2.815,512,tripod,-0.0079,-0.0010,0.1411,0.0079,-0.0267,0.0008,-0.0018,-0.0036,0.0396,0.0053,-0.0311,-0.0017,0.000,0.000,0.0062,-0.0247,0.0079,-0.0267,0.0008,0.1260,0,0.2977,-0.1885,0.0153,1,11.02,0.065,1.375,0.549,,0.0107,-0.1004,1.6861,0.3020,-0.1888,-0.1325,0.2976,0.1906,0.0149,1,0.00,0.015,0.066,0.003,,-0.0055,-0.0817,1.6633,0.3022,0.1903,-0.1357,-0.0009,-0.3433,0.0148,1,0.00,0.011,0.066,0.001,,0.0145,-0.1510,1.7527,0.0033,-0.3434,-0.1236,-0.0013,0.3448,0.0152,1,0.00,0.012,0.038,0.004,,-0.0155,-0.1214,1.7185,0.0036,0.3447,-0.1288,-0.2998,-0.1892,0.0153,1,0.00,0.014,0.037,0.002,,0.0043,-0.1921,1.8008,-0.2953,-0.1889,-0.1165,-0.3000,0.1899,0.0149,1,8.82,0.048,1.515,0.005,,-0.0095,-0.1723,1.7815,-0.2952,0.1902,-0.1199
2.837,516,tripod,-0.0079,-0.0010,0.1418,0.0078,-0.0270,0.0008,0.0035,-0.0074,0.0575,0.0327,0.0200,0.0005,0.000,0.000,0.0067,-0.0244,0.0078,-0.0270,0.0008,0.1267,0,0.2977,-0.1885,0.0151,1,4.06,0.031,0.739,0.062,,0.0107,-0.0946,1.6813,0.3020,-0.1888,-0.1335,0.2976,0.1906,0.0152,1,0.00,0.005,0.040,0.004,,-0.0052,-0.0786,1.6609,0.3022,0.1903,-0.1363,-0.0010,-0.3433,0.0155,1,0.00,0.002,0.031,0.001,,0.0142,-0.1502,1.7523,0.0032,-0.3433,-0.1237,-0.0013,0.3448,0.0149,1,5.71,0.052,0.785,0.198,,-0.0153,-0.1155,1.7132,0.0035,0.3448,-0.1298,-0.2998,-0.1892,0.0149,1,4.60,0.062,0.752,0.026,,0.0040,-0.1864,1.7962,-0.2954,-0.1889,-0.1175,-0.3000,0.1899,0.0149,1,0.00,0.004,0.038,0.003,,-0.0095,-0.1694,1.7787,-0.2952,0.1902,-0.1204
2.859,520,tripod,-0.0079,-0.0011,0.1423,0.0085,-0.0272,0.0008,-0.0045,-0.0083,0.0092,0.0456,-0.0559,-0.0004,0.000,0.000,0.0070,-0.0243,0.0085,-0.0272,0.0008,0.1273,0,0.2977,-0.1885,0.0151,1,0.00,0.003,0.030,0.000,,0.0107,-0.0929,1.6803,0.3019,-0.1887,-0.1337,0.2976,0.1906,0.0149,1,5.30,0.038,0.729,0.196,,-0.0049,-0.0730,1.6561,0.3021,0.1904,-0.1372,-0.0010,-0.3434,0.0151,1,0.00,0.001,0.028,0.005,,0.0140,-0.1458,1.7489,0.0032,-0.3433,-0.1245,-0.0013,0.3448,0.0150,1,0.00,0.000,0.021,0.003,,-0.0150,-0.1123,1.7102,0.0035,0.3448,-0.1303,-0.2998,-0.1892,0.0149,1,5.17,0.024,0.759,0.135,,0.0038,-0.1841,1.7942,-0.2954,-0.1888,-0.1179,-0.3000,0.1899,0.0151,1,0.00,0.003,0.022,0.004,,-0.0096,-0.1663,1.7760,-0.2953,0.1903,-0.1209
2.880,524,tripod,-0.0078,-0.0011,0.1426,0.0079,-0.0267,0.0008,0.0073,0.0039,0.0061,-0.0429,0.0352,-0.0009,0.000,0.000,0.0073,-0.0243,0.0079,-0.0267,0.0008,0.1273,0,0.2977,-0.1885,0.0159,1,0.00,0.001,0.032,0.004,,0.0107,-0.0956,1.6832,0.3019,-0.1887,-0.1333,0.2976,0.1906,0.0149,1,3.02,0.076,0.633,0.145,,-0.0047,-0.0723,1.6555,0.3021,0.1904,-0.1373,-0.0010,-0.3434,0.0148,1,3.94,0.008,0.642,0.025,,0.0139,-0.1416,1.7455,0.0032,-0.3433,-0.1252,-0.0013,0.3448,0.0153,1,0.00,0.003,0.031,0.000,,-0.0148,-0.1130,1.7106,0.0034,0.3448,-0.1302,-0.2999,-0.1892,0.0157,1,0.00,0.000,0.028,0.003,,0.0036,-0.1863,1.7958,-0.2955,-0.1888,-0.1175,-0.3000,0.1899,0.0148,1,3.62,0.096,0.578,0.030,,-0.0096,-0.1634,1.7733,-0.2953,0.1903,-0.1214
2.902,528,tripod,-0.0078,-0.0012,0.1423,0.0082,-0.0265,0.0008,0.0038,-0.0078,-0.0325,0.0524,-0.0001,0.0027,0.000,0.000,0.0072,-0.0241,0.0082,-0.0265,0.0008,0.1272,0,0.2977,-0.1885,0.0155,1,0.00,0.003,0.026,0.002,,0.0107,-0.0949,1.6830,0.3018,-0.1887,-0.1334,0.2976,0.1906,0.0152,1,0.00,0.001,0.033,0.008,,-0.0044,-0.0765,1.6596,0.3020,0.1904,-0.1366,-0.0010,-0.3434,0.0147,1,5.37,0.129,0.795,0.119,,0.0136,-0.1437,1.7474,0.0031,-0.3432,-0.1249,-0.0013,0.3448,0.0149,1,5.49,0.129,0.763,0.174,,-0.0146,-0.1119,1.7096,0.0034,0.3449,-0.1304,-0.2998,-0.1892,0.0153,1,0.00,0.001,0.029,0.002,,0.0034,-0.1847,1.7944,-0.2955,-0.1888,-0.1178,-0.3000,0.1899,0.0151,1,0.00,0.003,0.032,0.005,,-0.0096,-0.1666,1.7755,-0.2954,0.1903,-0.1209
2.924,532,tripod,-0.0076,-0.0011,0.1420,0.0077,-0.0255,0.0008,0.0078,0.0022,-0.0189,-0.0217,0.0357,-0.0011,0.000,0.000,0.0072,-0.0237,0.0077,-0.0255,0.0008,0.1268,0,0.2977,-0.1885,0.0153,1,0.00,0.001,0.029,0.004,,0.0106,-0.0975,1.6857,0.3018,-0.1886,-0.1329,0.2976,0.1906,0.0149,1,5.19,0.117,0.938,0.064,,-0.0042,-0.0787,1.6619,0.3019,0.1904,-0.1362,-0.0010,-0.3434,0.0155,1,0.00,0.000,0.032,0.008,,0.0134,-0.1497,1.7524,0.0030,-0.3432,-0.1238,-0.0013,0.3448,0.0149,1,0.00,0.000,0.033,0.004,,-0.0144,-0.1155,1.7125,0.0033,0.3449,-0.1298,-0.2998,-0.1892,0.0149,1,5.60,0.119,0.852,0.087,,0.0033,-0.1824,1.7924,-0.2955,-0.1887,-0.1181,-0.3000,0.1899,0.0155,1,0.00,0.001,0.032,0.002,,-0.0096,-0.1694,1.7775,-0.2954,0.1903,-0.1204
2.945,536,tripod,-0.0073,-0.0011,0.1410,0.0079,-0.0245,0.0008,0.0229,-0.0092,-0.0536,0.0797,0.1358,0.0092,0.000,0.000,0.0070,-0.0232,0.0079,-0.0245,0.0008,0.1259,0,0.2977,-0.1885,0.0155,1,7.36,0.115,1.374,0.171,,0.0105,-0.1060,1.6934,0.3017,-0.1887,-0.1315,0.2975,0.1906,0.0150,1,0.00,0.007,0.050,0.011,,-0.0040,-0.0858,1.6687,0.3019,0.1905,-0.1350,-0.0010,-0.3434,0.0152,1,0.00,0.008,0.044,0.004,,0.0131,-0.1527,1.7551,0.0030,-0.3432,-0.1233,-0.0013,0.3448,0.0150,1,0.00,0.010,0.047,0.007,,-0.0141,-0.1215,1.7176,0.0032,0.3449,-0.1287,-0.2998,-0.1892,0.0149,1,0.00,0.006,0.046,0.008,,0.0031,-0.1875,1.7961,-0.2956,-0.1887,-0.1173,-0.2999,0.1899,0.0149,1,8.59,0.150,1.171,0.287,,-0.0095,-0.1692,1.7771,-0.2954,0.1903,-0.1204
2.967,540,tripod,-0.0070,-0.0011,0.1405,0.0075,-0.0224,0.0009,0.0167,0.0002,-0.0170,-0.0000,0.0866,-0.0004,0.000,0.000,0.0070,-0.0220,0.0075,-0.0224,0.0009,0.1252,0,0.2977,-0.1885,0.0159,1,0.00,0.008,0.055,0.012,,0.0102,-0.1153,1.7021,0.3016,-0.1887,-0.1298,0.2975,0.1906,0.0150,1,0.00,0.002,0.059,0.009,,-0.0038,-0.0932,1.6757,0.3018,0.1905,-0.1337,-0.0009,-0.3433,0.0149,1,7.16,0.004,1.158,0.049,,0.0128,-0.1534,1.7557,0.0029,-0.3432,-0.1232,-0.0013,0.3448,0.0150,1,7.76,0.001,1.105,0.221,,-0.0138,-0.1243,1.7200,0.0032,0.3449,-0.1283,-0.2998,-0.1892,0.0161,1,0.00,0.002,0.032,0.005,,0.0030,-0.1930,1.8000,-0.2957,-0.1887,-0.1163,-0.2999,0.1899,0.0148,1,0.00,0.008,0.033,0.000,,-0.0094,-0.1688,1.7765,-0.2955,0.1903,-0.1205
2.988,544,tripod,-0.0068,-0.0011,0.1399,0.0075,-0.0217,0.0008,0.0092,-0.0005,-0.0349,0.0032,0.0195,-0.0005,0.000,0.000,0.0069,-0.0208,0.0075,-0.0217,0.0008,0.1245,0,0.2976,-0.1885,0.0168,1,0.00,0.000,0.043,0.012,,0.0099,-0.1246,1.7107,0.3015,-0.1887,-0.1282,0.2975,0.1906,0.0152,1,0.00,0.000,0.040,0.007,,-0.0036,-0.0985,1.6812,0.3017,0.1905,-0.1328,-0.0009,-0.3433,0.0148,1,6.28,0.081,0.882,0.189,,0.0124,-0.1564,1.7582,0.0028,-0.3432,-0.1227,-0.0013,0.3448,0.0149,1,5.80,0.192,0.882,0.093,,-0.0134,-0.1270,1.7224,0.0031,0.3449,-0.1278,-0.2997,-0.1892,0.0160,1,0.00,0.000,0.035,0.000,,0.0028,-0.1939,1.8003,-0.2957,-0.1887,-0.1162,-0.2999,0.1899,0.0149,1,0.88,0.107,0.085,0.032,,-0.0092,-0.1714,1.7781,-0.2956,0.1903,-0.1201
3.010,548,tripod,-0.0067,-0.0011,0.1395,0.0077,-0.0219,0.0008,0.0075,0.0022,-0.0020,-0.0308,0.0592,-0.0007,0.000,0.000,0.0069,-0.0200,0.0077,-0.0219,0.0008,0.1241,0,0.2976,-0.1886,0.0176,1,0.00,0.033,0.042,0.014,,0.0096,-0.1325,1.7182,0.3014,-0.1887,-0.1269,0.2975,0.1906,0.0149,1,12.92,0.212,2.940,0.767,,-0.0034,-0.0988,1.6821,0.3016,0.1905,-0.1327,-0.0009,-0.3433,0.0147,1,0.00,0.032,0.134,0.004,,0.0120,-0.1598,1.7610,0.0027,-0.3432,-0.1221,-0.0013,0.3448,0.0149,1,0.00,0.033,0.047,0.005,,-0.0129,-0.1302,1.7251,0.0030,0.3449,-0.1272,-0.2997,-0.1892,0.0149,1,21.11,0.237,2.391,1.191,,0.0026,-0.1906,1.7975,-0.2958,-0.1887,-0.1168,-0.2999,0.1899,0.0149,1,0.00,0.037,0.146,0.001,,-0.0090,-0.1748,1.7803,-0.2957,0.1903,-0.1195
3.032,552,tripod,-0.0065,-0.0011,0.1394,0.0074,-0.0209,0.0008,0.0136,0.0018,-0.0268,-0.0099,0.0561,-0.0014,0.000,0.000,0.0068,-0.0196,0.0074,-0.0209,0.0008,0.1236,0,0.2975,-0.1886,0.0189,1,0.00,0.000,0.036,0.012,,0.0093,-0.1415,1.7263,0.3012,-0.1887,-0.1253,0.2975,0.1906,0.0148,1,5.03,0.078,0.949,0.113,,-0.0032,-0.1009,1.6842,0.3015,0.1905,-0.1324,-0.0010,-0.3433,0.0155,1,0.00,0.001,0.031,0.004,,0.0116,-0.1634,1.7639,0.0026,-0.3432,-0.1215,-0.0013,0.3447,0.0153,1,0.00,0.001,0.031,0.002,,-0.0125,-0.1326,1.7272,0.0029,0.3449,-0.1268,-0.2997,-0.1892,0.0147,1,5.50,0.086,0.855,0.059,,0.0025,-0.1884,1.7953,-0.2959,-0.1887,-0.1171,-0.2999,0.1899,0.0157,1,0.00,0.001,0.030,0.002,,-0.0088,-0.1776,1.7821,-0.2957,0.1903,-0.1190
3.053,556,tripod,-0.0062,-0.0011,0.1390,0.0079,-0.0197,0.0008,0.0121,-0.0002,0.0018,-0.0026,0.0539,-0.0008,0.000,0.000,0.0068,-0.0189,0.0079,-0.0197,0.0008,0.1231,0,0.2975,-0.1886,0.0198,1,0.00,0.001,0.055,0.014,,0.0090,-0.1523,1.7359,0.3011,-0.1887,-0.1234,0.2975,0.1906,0.0149,1,0.00,0.007,0.050,0.008,,-0.0030,-0.1062,1.6896,0.3014,0.1905,-0.1314,-0.0009,-0.3433,0.0148,1,7.02,0.002,1.015,0.190,,0.0112,-0.1630,1.7637,0.0026,-0.3432,-0.1215,-0.0013,0.3447,0.0148,1,6.68,0.007,1.072,0.061,,-0.0121,-0.1317,1.7264,0.0028,0.3449,-0.1270,-0.2996,-0.1892,0.0149,1,0.00,0.006,0.030,0.003,,0.0023,-0.1910,1.7968,-0.2960,-0.1887,-0.1167,-0.2998,0.1899,0.0155,1,0.00,0.001,0.026,0.002,,-0.0087,-0.1762,1.7806,-0.2958,0.1903,-0.1192
3.075,560,tripod,-0.0060,-0.0011,0.1389,0.0079,-0.0185,0.0008,0.0292,-0.0003,-0.0030,-0.0029,0.1716,-0.0004,0.000,0.000,0.0070,-0.0181,0.0079,-0.0185,0.0008,0.1229,0,0.2974,-0.1886,0.0211,1,0.00,0.003,0.035,0.010,,0.0087,-0.1613,1.7439,0.3010,-0.1887,-0.1219,0.2974,0.1906,0.0152,1,0.00,0.014,0.029,0.003,,-0.0027,-0.1089,1.6928,0.3012,0.1905,-0.1310,-0.0009,-0.3433,0.0147,1,5.41,0.291,0.811,0.100,,0.0109,-0.1627,1.7634,0.0025,-0.3432,-0.1216,-0.0013,0.3447,0.0147,1,4.41,0.525,0.663,0.073,,-0.0117,-0.1316,1.7263,0.0027,0.3449,-0.1270,-0.2996,-0.1892,0.0154,1,0.00,0.002,0.038,0.001,,0.0021,-0.1921,1.7973,-0.2960,-0.1887,-0.1165,-0.2998,0.1899,0.0150,1,1.97,0.181,0.346,0.043,,-0.0086,-0.1716,1.7765,-0.2959,0.1903,-0.1200
3.097,564,tripod,-0.0057,-0.0012,0.1391,0.0084,-0.0175,0.0008,0.0107,-0.0058,0.0077,0.0352,0.0375,0.0012,0.000,0.000,0.0071,-0.0169,0.0084,-0.0175,0.0008,0.1229,0,0.2974,-0.1887,0.0220,1,0.00,0.001,0.040,0.009,,0.0085,-0.1684,1.7504,0.3009,-0.1887,-0.1207,0.2975,0.1906,0.0149,1,3.74,0.179,0.734,0.130,,-0.0025,-0.1082,1.6926,0.3012,0.1905,-0.1311,-0.0009,-0.3433,0.0147,1,4.29,0.072,0.604,0.120,,0.0105,-0.1628,1.7636,0.0024,-0.3432,-0.1216,-0.0013,0.3447,0.0151,1,0.00,0.000,0.033,0.001,,-0.0113,-0.1320,1.7267,0.0026,0.3449,-0.1269,-0.2996,-0.1892,0.0153,1,0.00,0.001,0.029,0.004,,0.0019,-0.1888,1.7943,-0.2961,-0.1887,-0.1171,-0.2998,0.1899,0.0149,1,4.32,0.086,0.718,0.010,,-0.0084,-0.1680,1.7730,-0.2960,0.1904,-0.1206
3.118,568,tripod,-0.0055,-0.0012,0.1394,0.0084,-0.0165,0.0008,0.0146,0.0020,0.0261,-0.0243,0.0687,-0.0012,0.000,0.000,0.0074,-0.0160,0.0084,-0.0165,0.0008,0.1231,0,0.2973,-0.1887,0.0229,1,0.00,0.001,0.040,0.007,,0.0082,-0.1738,1.7555,0.3008,-0.1887,-0.1197,0.2975,0.1906,0.0148,1,5.78,0.071,1.141,0.184,,-0.0022,-0.1076,1.6925,0.3011,0.1905,-0.1312,-0.0009,-0.3433,0.0150,1,0.00,0.000,0.033,0.001,,0.0100,-0.1630,1.7639,0.0023,-0.3432,-0.1215,-0.0013,0.3447,0.0151,1,0.00,0.001,0.030,0.004,,-0.0109,-0.1296,1.7245,0.0025,0.3449,-0.1273,-0.2995,-0.1892,0.0148,1,6.30,0.093,1.034,0.014,,0.0017,-0.1827,1.7890,-0.2962,-0.1887,-0.1181,-0.2997,0.1899,0.0151,1,0.00,0.000,0.028,0.003,,-0.0083,-0.1659,1.7707,-0.2961,0.1904,-0.1210
3.141,572,tripod,-0.0053,-0.0013,0.1400,0.0086,-0.0158,0.0009,0.0069,-0.0022,0.0389,0.0098,0.0109,0.0014,0.000,0.000,0.0076,-0.0151,0.0086,-0.0158,0.0009,0.1235,0,0.2973,-0.1887,0.0239,1,3.64,0.202,0.669,0.101,,0.0080,-0.1776,1.7592,0.3006,-0.1887,-0.1191,0.2974,0.1906,0.0150,1,0.00,0.001,0.032,0.000,,-0.0019,-0.1068,1.6925,0.3009,0.1905,-0.1313,-0.0009,-0.3433,0.0152,1,0.00,0.000,0.030,0.003,,0.0097,-0.1611,1.7624,0.0022,-0.3431,-0.1219,-0.0012,0.3447,0.0148,1,4.40,0.073,0.605,0.156,,-0.0105,-0.1246,1.7202,0.0024,0.3449,-0.1282,-0.2995,-0.1892,0.0148,1,3.98,0.123,0.735,0.082,,0.0014,-0.1780,1.7846,-0.2963,-0.1887,-0.1189,-0.2997,0.1899,0.0152,1,0.00,0.001,0.028,0.006,,-0.0081,-0.1614,1.7665,-0.2961,0.1904,-0.1218
3.163,576,tripod,-0.0052,-0.0013,0.1409,0.0086,-0.0156,0.0009,0.0105,0.0061,0.0635,-0.0551,0.0463,0.0035,0.000,0.000,0.0077,-0.0146,0.0086,-0.0156,0.0009,0.1241,0,0.2973,-0.1887,0.0252,1,4.29,0.439,0.802,0.131,,0.0079,-0.1802,1.7618,0.3006,-0.1887,-0.1186,0.2974,0.1906,0.0152,1,0.00,0.006,0.016,0.006,,-0.0016,-0.1025,1.6894,0.3008,0.1905,-0.1321,-0.0008,-0.3434,0.0150,1,1.86,0.242,0.264,0.037,,0.0093,-0.1544,1.7570,0.0021,-0.3431,-0.1230,-0.0013,0.3447,0.0150,1,0.00,0.004,0.018,0.005,,-0.0101,-0.1207,1.7166,0.0023,0.3449,-0.1289,-0.2995,-0.1892,0.0150,1,0.00,0.001,0.039,0.004,,0.0012,-0.1743,1.7813,-0.2964,-0.1887,-0.1196,-0.2997,0.1899,0.0149,1,5.42,0.206,0.826,0.111,,-0.0081,-0.1539,1.7598,-0.2962,0.1904,-0.1231
3.187,580,tripod,-0.0052,-0.0013,0.1419,0.0082,-0.0158,0.0010,-0.0000,-0.0007,0.0543,-0.0039,-0.0380,0.0028,0.000,0.000,0.0076,-0.0142,0.0082,-0.0158,0.0010,0.1249,0,0.2973,-0.1887,0.0267,1,3.85,0.247,0.677,0.069,,0.0077,-0.1825,1.7642,0.3005,-0.1887,-0.1182,0.2974,0.1906,0.0149,1,1.14,0.082,0.194,0.012,,-0.0013,-0.0955,1.6837,0.3007,0.1905,-0.1333,-0.0008,-0.3434,0.0150,1,1.36,0.170,0.214,0.007,,0.0090,-0.1478,1.7516,0.0021,-0.3431,-0.1242,-0.0013,0.3448,0.0151,1,0.00,0.002,0.027,0.007,,-0.0097,-0.1161,1.7125,0.0022,0.3450,-0.1297,-0.2995,-0.1892,0.0154,1,0.00,0.000,0.027,0.005,,0.0010,-0.1700,1.7777,-0.2964,-0.1887,-0.1203,-0.2997,0.1899,0.0148,1,4.88,0.026,0.860,0.032,,-0.0080,-0.1485,1.7546,-0.2963,0.1905,-0.1240
3.210,584,tripod,-0.0052,-0.0013,0.1428,0.0083,-0.0165,0.0010,0.0025,0.0020,0.0634,-0.0198,-0.0022,0.0025,0.000,0.000,0.0075,-0.0143,0.0083,-0.0165,0.0010,0.1256,0,0.2973,-0.1887,0.0283,1,3.69,0.237,0.734,0.175,,0.0075,-0.1853,1.7668,0.3004,-0.1887,-0.1178,0.2974,0.1907,0.0151,1,0.00,0.001,0.024,0.007,,-0.0011,-0.0897,1.6789,0.3007,0.1905,-0.1343,-0.0008,-0.3434,0.0151,1,0.00,0.002,0.026,0.004,,0.0087,-0.1437,1.7482,0.0020,-0.3431,-0.1249,-0.0013,0.3448,0.0149,1,4.00,0.061,0.568,0.128,,-0.0094,-0.1094,1.7066,0.0022,0.3450,-0.1308,-0.2994,-0.1892,0.0149,1,3.71,0.179,0.722,0.109,,0.0008,-0.1631,1.7718,-0.2965,-0.1887,-0.1215,-0.2997,0.1899,0.0149,1,0.00,0.002,0.030,0.004,,-0.0079,-0.1452,1.7515,-0.2964,0.1905,-0.1246
3.233,588,tripod,-0.0053,-0.0012,0.1438,0.0078,-0.0172,0.0010,-0.0077,0.0044,0.0557,-0.0361,-0.0545,-0.0015,0.000,0.000,0.0074,-0.0147,0.0078,-0.0172,0.0010,0.1263,0,0.2972,-0.1887,0.0301,1,0.84,0.083,0.166,0.069,,0.0074,-0.1883,1.7695,0.3003,-0.1887,-0.1172,0.2974,0.1907,0.0149,1,4.38,0.088,0.667,0.096,,-0.0010,-0.0823,1.6723,0.3006,0.1906,-0.1356,-0.0008,-0.3433,0.0154,1,0.00,0.001,0.022,0.007,,0.0086,-0.1379,1.7435,0.0020,-0.3431,-0.1259,-0.0013,0.3448,0.0149,1,0.78,0.059,0.098,0.016,,-0.0093,-0.1046,1.7023,0.0021,0.3450,-0.1317,-0.2995,-0.1892,0.0148,1,5.20,0.050,0.885,0.002,,0.0007,-0.1573,1.7668,-0.2965,-0.1887,-0.1225,-0.2997,0.1899,0.0150,1,0.00,0.001,0.030,0.006,,-0.0079,-0.1411,1.7480,-0.2964,0.1905,-0.1253
3.255,592,tripod,-0.0053,-0.0012,0.1447,0.0073,-0.0174,0.0011,0.0040,0.0186,0.0483,-0.1359,0.0360,-0.0038,0.000,0.000,0.0072,-0.0152,0.0073,-0.0174,0.0011,0.1269,0,0.2972,-0.1887,0.0319,1,2.78,0.351,0.555,0.145,,0.0073,-0.1926,1.7729,0.3003,-0.1887,-0.1165,0.2974,0.1907,0.0150,1,0.00,0.011,0.005,0.005,,-0.0010,-0.0776,1.6683,0.3006,0.1906,-0.1364,-0.0007,-0.3433,0.0149,1,3.14,0.040,0.392,0.146,,0.0086,-0.1292,1.7361,0.0020,-0.3431,-0.1273,-0.0013,0.3448,0.0151,1,0.00,0.010,0.014,0.005,,-0.0092,-0.1014,1.6995,0.0021,0.3450,-0.1322,-0.2994,-0.1892,0.0151,1,0.00,0.008,0.046,0.001,,0.0007,-0.1544,1.7645,-0.2965,-0.1886,-0.1230,-0.2997,0.1899,0.0149,1,4.67,0.309,0.838,0.066,,-0.0079,-0.1365,1.7438,-0.2965,0.1905,-0.1261
3.279,596,tripod,-0.0054,-0.0011,0.1451,0.0067,-0.0179,0.0011,-0.0032,0.0046,-0.0092,-0.0261,-0.0223,-0.0014,0.000,0.000,0.0067,-0.0156,0.0067,-0.0179,0.0011,0.1269,0,0.2972,-0.1887,0.0340,1,0.48,0.075,0.053,0.018,,0.0071,-0.2012,1.7798,0.3003,-0.1887,-0.1150,0.2974,0.1907,0.0150,1,0.00,0.001,0.026,0.001,,-0.0010,-0.0756,1.6666,0.3006,0.1905,-0.1368,-0.0007,-0.3433,0.0149,1,4.59,0.012,0.759,0.017,,0.0086,-0.1255,1.7328,0.0020,-0.3431,-0.1280,-0.0013,0.3448,0.0149,1,4.90,0.050,0.771,0.061,,-0.0092,-0.0997,1.6980,0.0021,0.3450,-0.1325,-0.2994,-0.1892,0.0150,1,0.00,0.000,0.022,0.005,,0.0007,-0.1505,1.7614,-0.2965,-0.1886,-0.1236,-0.2997,0.1899,0.0151,1,0.00,0.000,0.029,0.003,,-0.0078,-0.1368,1.7442,-0.2965,0.1905,-0.1260
3.303,600,tripod,-0.0052,-0.0008,0.1449,0.0055,-0.0165,0.0011,0.0103,0.0100,-0.0207,-0.0427,0.0795,0.0030,0.000,0.000,0.0060,-0.0156,0.0055,-0.0165,0.0011,0.1263,0,0.2971,-0.1887,0.0359,1,5.07,0.002,0.706,0.143,,0.0069,-0.2145,1.7897,0.3003,-0.1888,-0.1127,0.2974,0.1907,0.0150,1,0.00,0.004,0.034,0.007,,-0.0011,-0.0800,1.6706,0.3006,0.1905,-0.1360,-0.0007,-0.3433,0.0154,1,0.00,0.000,0.025,0.003,,0.0086,-0.1276,1.7345,0.0020,-0.3432,-0.1276,-0.0013,0.3448,0.0151,1,0.00,0.001,0.037,0.006,,-0.0091,-0.1042,1.7022,0.0021,0.3450,-0.1317,-0.2994,-0.1892,0.0149,1,0.00,0.003,0.022,0.003,,0.0008,-0.1477,1.7590,-0.2965,-0.1887,-0.1241,-0.2997,0.1899,0.0149,1,5.39,0.000,0.713,0.222,,-0.0077,-0.1361,1.7439,-0.2964,0.1904,-0.1262
3.327,604,tripod,-0.0051,-0.0007,0.1446,0.0051,-0.0161,0.0012,0.0017,0.0064,-0.0134,-0.0178,0.0020,0.0032,0.000,0.000,0.0053,-0.0151,0.0051,-0.0161,0.0012,0.1258,0,0.2971,-0.1886,0.0377,1,6.05,0.075,0.877,0.126,,0.0066,-0.2273,1.7994,0.3002,-0.1888,-0.1106,0.2973,0.1908,0.0151,1,0.00,0.002,0.036,0.005,,-0.0012,-0.0836,1.6742,0.3005,0.1905,-0.1354,-0.0007,-0.3433,0.0152,1,0.00,0.000,0.030,0.002,,0.0086,-0.1264,1.7332,0.0020,-0.3432,-0.1278,-0.0013,0.3449,0.0151,1,0.00,0.001,0.037,0.003,,-0.0091,-0.1066,1.7046,0.0021,0.3449,-0.1313,-0.2993,-0.1891,0.0149,1,0.32,0.009,0.045,0.028,,0.0010,-0.1481,1.7593,-0.2965,-0.1887,-0.1240,-0.2997,0.1900,0.0148,1,5.98,0.073,0.871,0.150,,-0.0075,-0.1367,1.7446,-0.2964,0.1904,-0.1260
3.350,608,tripod,-0.0051,-0.0006,0.1446,0.0044,-0.0161,0.0012,0.0015,0.0067,-0.0134,-0.0276,-0.0002,-0.0014,0.000,0.000,0.0047,-0.0147,0.0044,-0.0161,0.0012,0.1254,0,0.2970,-0.1886,0.0399,1,0.00,0.001,0.036,0.013,,0.0063,-0.2396,1.8083,0.3002,-0.1889,-0.1085,0.2973,0.1908,0.0150,1,0.00,0.002,0.028,0.002,,-0.0014,-0.0842,1.6752,0.3005,0.1904,-0.1353,-0.0006,-0.3432,0.0149,1,5.27,0.093,0.771,0.126,,0.0085,-0.1238,1.7308,0.0019,-0.3432,-0.1283,-0.0013,0.3449,0.0148,1,4.97,0.093,0.836,0.008,,-0.0090,-0.1064,1.7047,0.0021,0.3449,-0.1314,-0.2993,-0.1891,0.0153,1,0.00,0.002,0.030,0.004,,0.0011,-0.1503,1.7609,-0.2965,-0.1887,-0.1237,-0.2997,0.1900,0.0150,1,0.00,0.001,0.029,0.004,,-0.0072,-0.1394,1.7468,-0.2965,0.1903,-0.1256
3.372,612,tripod,-0.0051,-0.0005,0.1440,0.0042,-0.0163,0.0012,0.0058,0.0053,-0.0349,-0.0148,0.0319,0.0003,0.000,0.000,0.0042,-0.0147,0.0042,-0.0163,0.0012,0.1245,0,0.2970,-0.1887,0.0422,1,0.00,0.000,0.043,0.018,,0.0059,-0.2561,1.8199,0.3002,-0.1890,-0.1057,0.2973,0.1908,0.0149,1,5.34,0.056,0.913,0.011,,-0.0016,-0.0864,1.6775,0.3005,0.1903,-0.1349,-0.0007,-0.3432,0.0151,1,0.00,0.001,0.033,0.007,,0.0084,-0.1284,1.7343,0.0019,-0.3433,-0.1275,-0.0014,0.3449,0.0151,1,0.00,0.001,0.036,0.009,,-0.0088,-0.1122,1.7102,0.0020,0.3448,-0.1303,-0.2993,-0.1891,0.0149,1,5.93,0.068,0.815,0.193,,0.0013,-0.1512,1.7615,-0.2965,-0.1888,-0.1235,-0.2997,0.1900,0.0149,1,0.00,0.000,0.031,0.003,,-0.0070,-0.1422,1.7493,-0.2965,0.1903,-0.1251
3.394,616,tripod,-0.0050,-0.0004,0.1434,0.0039,-0.0159,0.0012,0.0042,0.0061,-0.0360,-0.0203,0.0154,-0.0005,0.000,0.000,0.0039,-0.0146,0.0039,-0.0159,0.0012,0.1235,0,0.2970,-0.1887,0.0443,1,1.30,0.149,0.103,0.081,,0.0056,-0.2721,1.8310,0.3001,-0.1891,-0.1030,0.2973,0.1908,0.0148,1,4.79,0.082,0.766,0.035,,-0.0017,-0.0903,1.6813,0.3005,0.1903,-0.1342,-0.0007,-0.3432,0.0153,1,0.00,0.001,0.035,0.003,,0.0083,-0.1318,1.7369,0.0019,-0.3433,-0.1269,-0.0014,0.3449,0.0153,1,0.00,0.002,0.040,0.005,,-0.0087,-0.1164,1.7142,0.0020,0.3448,-0.1296,-0.2993,-0.1891,0.0148,1,5.28,0.038,0.764,0.113,,0.0014,-0.1532,1.7629,-0.2965,-0.1888,-0.1232,-0.2997,0.1899,0.0150,1,1.36,0.035,0.128,0.073,,-0.0067,-0.1455,1.7521,-0.2965,0.1902,-0.1245
3.417,620,tripod,-0.0050,-0.0003,0.1431,0.0036,-0.0159,0.0012,0.0013,0.0054,-0.0143,-0.0207,-0.0002,-0.0011,0.000,0.000,0.0036,-0.0144,0.0036,-0.0159,0.0012,0.1228,0,0.2969,-0.1887,0.0463,1,0.00,0.000,0.039,0.013,,0.0053,-0.2859,1.8405,0.3001,-0.1891,-0.1006,0.2973,0.1908,0.0151,1,0.00,0.001,0.031,0.006,,-0.0018,-0.0945,1.6855,0.3004,0.1902,-0.1334,-0.0006,-0.3432,0.0149,1,5.57,0.100,0.787,0.163,,0.0082,-0.1312,1.7361,0.0019,-0.3434,-0.1270,-0.0014,0.3449,0.0149,1,5.12,0.098,0.871,0.002,,-0.0086,-0.1167,1.7149,0.0020,0.3447,-0.1296,-0.2993,-0.1891,0.0150,1,0.00,0.001,0.029,0.003,,0.0015,-0.1562,1.7650,-0.2966,-0.1889,-0.1227,-0.2997,0.1899,0.0151,1,0.00,0.000,0.032,0.005,,-0.0064,-0.1487,1.7549,-0.2965,0.1902,-0.1240
3.439,624,tripod,-0.0049,-0.0002,0.1427,0.0037,-0.0154,0.0012,0.0070,0.0013,-0.0231,0.0264,0.0542,0.0044,0.000,0.000,0.0034,-0.0143,0.0037,-0.0154,0.0012,0.1221,0,0.2969,-0.1887,0.0483,1,6.06,0.075,0.827,0.183,,0.0050,-0.3007,1.8504,0.3000,-0.1892,-0.0981,0.2973,0.1908,0.0151,1,0.00,0.002,0.036,0.003,,-0.0020,-0.0967,1.6878,0.3004,0.1902,-0.1331,-0.0006,-0.3432,0.0149,1,0.00,0.000,0.037,0.005,,0.0081,-0.1338,1.7380,0.0019,-0.3434,-0.1266,-0.0014,0.3449,0.0151,1,0.00,0.002,0.038,0.007,,-0.0085,-0.1205,1.7184,0.0019,0.3447,-0.1289,-0.2993,-0.1891,0.0152,1,0.00,0.001,0.037,0.003,,0.0017,-0.1588,1.7669,-0.2966,-0.1889,-0.1222,-0.2997,0.1899,0.0149,1,6.57,0.076,0.780,0.355,,-0.0062,-0.1487,1.7551,-0.2965,0.1901,-0.1240
3.463,628,tripod,-0.0049,-0.0003,0.1426,0.0042,-0.0154,0.0013,0.0017,0.0021,-0.0035,-0.0061,0.0076,-0.0005,0.000,0.000,0.0035,-0.0141,0.0042,-0.0154,0.0013,0.1216,0,0.2968,-0.1887,0.0503,1,0.00,0.001,0.040,0.013,,0.0048,-0.3143,1.8594,0.3000,-0.1892,-0.0958,0.2973,0.1908,0.0149,1,5.83,0.058,0.995,0.005,,-0.0021,-0.0964,1.6877,0.3004,0.1901,-0.1331,-0.0006,-0.3432,0.0152,1,0.00,0.000,0.034,0.005,,0.0080,-0.1375,1.7409,0.0018,-0.3435,-0.1259,-0.0014,0.3449,0.0155,1,0.00,0.000,0.037,0.002,,-0.0083,-0.1221,1.7201,0.0019,0.3446,-0.1286,-0.2993,-0.1891,0.0149,1,6.35,0.068,0.910,0.164,,0.0018,-0.1581,1.7661,-0.2966,-0.1890,-0.1224,-0.2997,0.1899,0.0149,1,0.00,0.001,0.036,0.001,,-0.0061,-0.1489,1.7553,-0.2965,0.1901,-0.1239
3.486,632,tripod,-0.0049,-0.0002,0.1426,0.0042,-0.0155,0.0013,-0.0013,-0.0071,0.0148,0.0727,-0.0194,0.0053,0.000,0.000,0.0036,-0.0139,0.0042,-0.0155,0.0013,0.1213,0,0.2967,-0.1887,0.0523,1,4.32,0.147,0.643,0.031,,0.0046,-0.3256,1.8668,0.2999,-0.1892,-0.0940,0.2973,0.1908,0.0149,1,0.00,0.005,0.041,0.001,,-0.0021,-0.0968,1.6884,0.3004,0.1901,-0.1331,-0.0006,-0.3432,0.0152,1,0.00,0.002,0.031,0.002,,0.0079,-0.1368,1.7402,0.0018,-0.3435,-0.1261,-0.0014,0.3449,0.0149,1,5.60,0.155,0.711,0.252,,-0.0083,-0.1191,1.7178,0.0019,0.3446,-0.1291,-0.2993,-0.1891,0.0148,1,4.24,0.036,0.724,0.028,,0.0018,-0.1579,1.7657,-0.2966,-0.1890,-0.1224,-0.2997,0.1899,0.0150,1,0.00,0.004,0.043,0.002,,-0.0059,-0.1499,1.7561,-0.2965,0.1900,-0.1238
3.509,636,tripod,-0.0049,-0.0002,0.1430,0.0043,-0.0157,0.0013,0.0002,0.0021,0.0111,-0.0121,-0.0002,-0.0005,0.000,0.000,0.0038,-0.0140,0.0043,-0.0157,0.0013,0.1213,0,0.2967,-0.1887,0.0543,1,0.00,0.001,0.033,0.009,,0.0045,-0.3355,1.8732,0.2999,-0.1892,-0.0923,0.2972,0.1908,0.0153,1,0.00,0.001,0.026,0.002,,-0.0021,-0.0959,1.6878,0.3003,0.1901,-0.1332,-0.0006,-0.3432,0.0149,1,5.05,0.095,0.771,0.097,,0.0079,-0.1333,1.7371,0.0018,-0.3435,-0.1267,-0.0014,0.3449,0.0148,1,4.91,0.095,0.803,0.043,,-0.0083,-0.1162,1.7153,0.0019,0.3446,-0.1297,-0.2993,-0.1891,0.0151,1,0.00,0.001,0.027,0.001,,0.0018,-0.1581,1.7658,-0.2966,-0.1890,-0.1223,-0.2997,0.1899,0.0153,1,0.00,0.001,0.026,0.001,,-0.0058,-0.1495,1.7557,-0.2966,0.1900,-0.1238
3.532,640,tripod,-0.0049,-0.0003,0.1431,0.0047,-0.0157,0.0013,-0.0019,-0.0068,0.0218,0.0493,-0.0166,0.0004,0.000,0.000,0.0038,-0.0141,0.0047,-0.0157,0.0013,0.1211,0,0.2966,-0.1887,0.0564,1,0.00,0.001,0.044,0.011,,0.0043,-0.3479,1.8810,0.2998,-0.1892,-0.0902,0.2972,0.1908,0.0148,1,6.05,0.103,0.877,0.167,,-0.0022,-0.0920,1.6844,0.3003,0.1901,-0.1339,-0.0006,-0.3432,0.0150,1,0.00,0.000,0.036,0.003,,0.0079,-0.1348,1.7383,0.0018,-0.3435,-0.1264,-0.0014,0.3449,0.0153,1,0.00,0.000,0.033,0.004,,-0.0082,-0.1180,1.7170,0.0019,0.3446,-0.1293,-0.2993,-0.1891,0.0149,1,5.77,0.126,0.867,0.123,,0.0019,-0.1565,1.7643,-0.2966,-0.1890,-0.1226,-0.2997,0.1899,0.0149,1,0.32,0.009,0.052,0.025,,-0.0058,-0.1465,1.7532,-0.2966,0.1900,-0.1244
3.556,644,tripod,-0.0049,-0.0004,0.1433,0.0053,-0.0160,0.0013,-0.0034,0.0006,0.0167,-0.0087,-0.0210,0.0001,0.000,0.000,0.0042,-0.0142,0.0053,-0.0160,0.0013,0.1210,0,0.2965,-0.1887,0.0585,1,0.00,0.017,0.073,0.009,,0.0042,-0.3588,1.8877,0.2998,-0.1892,-0.0884,0.2972,0.1908,0.0147,1,4.85,0.309,0.799,0.025,,-0.0022,-0.0890,1.6817,0.3003,0.1901,-0.1344,-0.0006,-0.3432,0.0150,1,7.66,0.107,1.053,0.234,,0.0079,-0.1337,1.7374,0.0018,-0.3435,-0.1266,-0.0014,0.3449,0.0156,1,0.00,0.004,0.014,0.002,,-0.0082,-0.1166,1.7157,0.0019,0.3445,-0.1296,-0.2993,-0.1891,0.0148,1,0.00,0.017,0.052,0.000,,0.0018,-0.1556,1.7636,-0.2966,-0.1890,-0.1228,-0.2997,0.1899,0.0149,1,3.85,0.207,0.649,0.000,,-0.0058,-0.1447,1.7517,-0.2966,0.1900,-0.1247
3.580,648,tripod,-0.0050,-0.0004,0.1435,0.0052,-0.0163,0.0013,-0.0012,-0.0067,0.0225,0.0648,-0.0014,0.0023,0.000,0.000,0.0045,-0.0143,0.0052,-0.0163,0.0013,0.1210,0,0.2964,-0.1887,0.0604,1,0.00,0.022,0.035,0.008,,0.0041,-0.3684,1.8935,0.2997,-0.1892,-0.0868,0.2972,0.1908,0.0147,1,0.00,0.020,0.087,0.002,,-0.0021,-0.0877,1.6806,0.3003,0.1901,-0.1346,-0.0006,-0.3432,0.0149,1,10.17,0.047,1.985,0.259,,0.0079,-0.1319,1.7358,0.0018,-0.3435,-0.1269,-0.0014,0.3449,0.0149,1,14.63,0.076,1.765,0.746,,-0.0082,-0.1116,1.7114,0.0019,0.3446,-0.1304,-0.2993,-0.1891,0.0149,1,0.00,0.025,0.045,0.002,,0.0018,-0.1558,1.7639,-0.2966,-0.1890,-0.1227,-0.2997,0.1899,0.0149,1,0.00,0.020,0.104,0.001,,-0.0058,-0.1444,1.7514,-0.2966,0.1900,-0.1247
3.606,652,tripod,-0.0049,-0.0005,0.1436,0.0061,-0.0160,0.0013,0.0067,-0.0039,-0.0053,0.0278,0.0469,0.0026,0.000,0.000,0.0048,-0.0145,0.0061,-0.0160,0.0013,0.1207,0,0.2964,-0.1888,0.0620,1,3.45,0.282,0.341,0.291,,0.0041,-0.3790,1.8998,0.2997,-0.1892,-0.0851,0.2972,0.1908,0.0152,1,0.00,0.000,0.036,0.005,,-0.0021,-0.0895,1.6821,0.3003,0.1901,-0.1343,-0.0006,-0.3432,0.0149,1,0.00,0.003,0.035,0.004,,0.0079,-0.1333,1.7371,0.0018,-0.3435,-0.1267,-0.0014,0.3449,0.0148,1,4.61,0.365,0.580,0.210,,-0.0083,-0.1090,1.7090,0.0019,0.3446,-0.1309,-0.2993,-0.1891,0.0150,1,4.30,0.084,0.738,0.035,,0.0018,-0.1556,1.7637,-0.2966,-0.1890,-0.1228,-0.2997,0.1899,0.0152,1,0.00,0.002,0.034,0.001,,-0.0059,-0.1434,1.7506,-0.2966,0.1900,-0.1249
3.629,656,tripod,-0.0049,-0.0005,0.1436,0.0065,-0.0152,0.0014,0.0038,-0.0021,0.0102,0.0243,0.0429,0.0060,0.000,0.000,0.0053,-0.0143,0.0065,-0.0152,0.0014,0.1205,0,0.2963,-0.1888,0.0634,1,5.75,0.040,0.771,0.207,,0.0041,-0.3890,1.9058,0.2997,-0.1892,-0.0834,0.2972,0.1909,0.0150,1,0.00,0.002,0.031,0.002,,-0.0020,-0.0885,1.6812,0.3003,0.1901,-0.1345,-0.0006,-0.3432,0.0151,1,0.00,0.001,0.034,0.002,,0.0078,-0.1350,1.7387,0.0018,-0.3435,-0.1264,-0.0015,0.3449,0.0150,1,0.00,0.002,0.032,0.000,,-0.0083,-0.1089,1.7088,0.0019,0.3446,-0.1309,-0.2993,-0.1891,0.0151,1,0.00,0.001,0.032,0.000,,0.0017,-0.1553,1.7636,-0.2966,-0.1890,-0.1228,-0.2997,0.1899,0.0149,1,6.33,0.087,0.704,0.405,,-0.0060,-0.1397,1.7478,-0.2965,0.1900,-0.1255
3.652,660,tripod,-0.0049,-0.0006,0.1436,0.0066,-0.0155,0.0014,-0.0004,0.0020,-0.0246,-0.0262,-0.0099,0.0001,0.000,0.000,0.0057,-0.0140,0.0066,-0.0155,0.0014,0.1202,0,0.2963,-0.1888,0.0653,1,0.00,0.005,0.042,0.010,,0.0040,-0.4012,1.9127,0.2996,-0.1892,-0.0814,0.2972,0.1909,0.0149,1,5.01,0.065,0.758,0.096,,-0.0019,-0.0879,1.6806,0.3003,0.1901,-0.1346,-0.0006,-0.3431,0.0149,1,0.88,0.114,0.109,0.011,,0.0078,-0.1346,1.7385,0.0018,-0.3434,-0.1264,-0.0015,0.3449,0.0152,1,0.00,0.000,0.025,0.000,,-0.0083,-0.1094,1.7091,0.0019,0.3446,-0.1308,-0.2993,-0.1891,0.0149,1,4.92,0.047,0.680,0.156,,0.0016,-0.1550,1.7634,-0.2966,-0.1889,-0.1229,-0.2997,0.1899,0.0150,1,0.00,0.002,0.025,0.003,,-0.0061,-0.1411,1.7487,-0.2965,0.1901,-0.1253
3.675,664,tripod,-0.0049,-0.0007,0.1431,0.0075,-0.0155,0.0015,0.0012,-0.0093,-0.0314,0.0573,-0.0001,0.0020,0.000,0.000,0.0060,-0.0140,0.0075,-0.0155,0.0015,0.1193,0,0.2963,-0.1888,0.0672,1,0.00,0.002,0.047,0.012,,0.0040,-0.4163,1.9208,0.2996,-0.1892,-0.0789,0.2972,0.1909,0.0152,1,0.00,0.001,0.038,0.005,,-0.0017,-0.0917,1.6839,0.3003,0.1902,-0.1339,-0.0006,-0.3431,0.0148,1,6.22,0.122,0.948,0.108,,0.0077,-0.1388,1.7422,0.0018,-0.3434,-0.1257,-0.0015,0.3449,0.0148,1,6.63,0.124,0.879,0.254,,-0.0082,-0.1091,1.7088,0.0019,0.3446,-0.1309,-0.2993,-0.1891,0.0149,1,0.00,0.001,0.039,0.006,,0.0014,-0.1594,1.7670,-0.2967,-0.1889,-0.1221,-0.2997,0.1899,0.0153,1,0.00,0.002,0.037,0.004,,-0.0062,-0.1447,1.7514,-0.2966,0.1901,-0.1247
3.697,668,tripod,-0.0048,-0.0009,0.1426,0.0086,-0.0154,0.0015,0.0029,-0.0160,-0.0235,0.0953,0.0114,0.0017,0.000,0.000,0.0066,-0.0139,0.0086,-0.0154,0.0015,0.1187,0,0.2962,-0.1889,0.0687,1,0.00,0.002,0.041,0.009,,0.0039,-0.4292,1.9277,0.2996,-0.1892,-0.0768,0.2972,0.1909,0.0150,1,3.69,0.167,0.486,0.141,,-0.0015,-0.0916,1.6839,0.3003,0.1902,-0.1340,-0.0006,-0.3431,0.0147,1,4.01,0.132,0.510,0.166,,0.0077,-0.1431,1.7461,0.0018,-0.3434,-0.1250,-0.0015,0.3449,0.0149,1,0.00,0.001,0.030,0.001,,-0.0082,-0.1104,1.7097,0.0019,0.3447,-0.1307,-0.2993,-0.1891,0.0150,1,0.00,0.001,0.036,0.006,,0.0013,-0.1634,1.7703,-0.2967,-0.1889,-0.1214,-0.2997,0.1899,0.0149,1,4.04,0.057,0.606,0.072,,-0.0063,-0.1439,1.7506,-0.2966,0.1902,-0.1248
3.721,672,tripod,-0.0048,-0.0011,0.1422,0.0095,-0.0151,0.0014,0.0039,-0.0089,-0.0254,0.0398,0.0186,-0.0006,0.000,0.000,0.0075,-0.0138,0.0095,-0.0151,0.0014,0.1181,0,0.2962,-0.1891,0.0700,1,0.00,0.002,0.043,0.009,,0.0039,-0.4413,1.9341,0.2996,-0.1892,-0.0748,0.2972,0.1909,0.0149,1,6.19,0.091,0.882,0.172,,-0.0013,-0.0929,1.6849,0.3003,0.1903,-0.1337,-0.0006,-0.3432,0.0149,1,0.00,0.001,0.039,0.007,,0.0076,-0.1481,1.7506,0.0017,-0.3433,-0.1241,-0.0015,0.3449,0.0152,1,0.00,0.001,0.035,0.001,,-0.0081,-0.1118,1.7105,0.0019,0.3447,-0.1304,-0.2993,-0.1891,0.0149,1,5.91,0.003,0.824,0.185,,0.0010,-0.1652,1.7719,-0.2967,-0.1888,-0.1211,-0.2997,0.1899,0.0149,1,0.58,0.079,0.029,0.042,,-0.0065,-0.1446,1.7509,-0.2966,0.1902,-0.1247
3.744,676,tripod,-0.0047,-0.0013,0.1418,0.0106,-0.0146,0.0015,0.0050,-0.0133,-0.0203,0.0785,0.0235,0.0037,0.000,0.000,0.0083,-0.0136,0.0106,-0.0146,0.0015,0.1176,0,0.2962,-0.1892,0.0709,1,2.72,0.252,0.290,0.186,,0.0040,-0.4508,1.9392,0.2995,-0.1891,-0.0732,0.2972,0.1909,0.0149,1,0.00,0.001,0.035,0.003,,-0.0010,-0.0950,1.6867,0.3002,0.1903,-0.1334,-0.0006,-0.3432,0.0149,1,1.57,0.013,0.192,0.040,,0.0075,-0.1528,1.7549,0.0017,-0.3433,-0.1233,-0.0015,0.3449,0.0149,1,5.11,0.237,0.540,0.362,,-0.0081,-0.1103,1.7089,0.0019,0.3448,-0.1307,-0.2993,-0.1892,0.0148,1,3.28,0.033,0.501,0.030,,0.0008,-0.1676,1.7739,-0.2967,-0.1888,-0.1207,-0.2997,0.1899,0.0151,1,0.00,0.002,0.035,0.003,,-0.0067,-0.1462,1.7519,-0.2966,0.1903,-0.1244
3.768,680,tripod,-0.0046,-0.0014,0.1416,0.0117,-0.0143,0.0016,0.0044,-0.0097,-0.0078,0.0607,0.0324,0.0098,0.000,0.000,0.0093,-0.0133,0.0117,-0.0143,0.0016,0.1172,0,0.2962,-0.1892,0.0715,1,6.33,0.002,0.834,0.256,,0.0040,-0.4582,1.9432,0.2995,-0.1891,-0.0720,0.2972,0.1910,0.0150,1,0.00,0.001,0.036,0.001,,-0.0007,-0.0966,1.6880,0.3002,0.1904,-0.1331,-0.0006,-0.3432,0.0150,1,0.00,0.001,0.040,0.006,,0.0074,-0.1568,1.7586,0.0017,-0.3432,-0.1226,-0.0015,0.3449,0.0149,1,0.00,0.001,0.033,0.001,,-0.0080,-0.1100,1.7082,0.0018,0.3448,-0.1307,-0.2993,-0.1892,0.0148,1,0.00,0.002,0.038,0.004,,0.0005,-0.1702,1.7760,-0.2967,-0.1887,-0.1203,-0.2997,0.1899,0.0149,1,6.74,0.056,0.774,0.407,,-0.0070,-0.1447,1.7505,-0.2966,0.1903,-0.1247
3.790,684,tripod,-0.0046,-0.0016,0.1415,0.0125,-0.0143,0.0017,0.0019,-0.0086,-0.0024,0.0215,0.0030,0.0002,0.000,0.000,0.0103,-0.0131,0.0125,-0.0143,0.0017,0.1170,0,0.2962,-0.1892,0.0723,1,1.20,0.145,0.127,0.049,,0.0041,-0.4643,1.9467,0.2994,-0.1890,-0.0711,0.2971,0.1911,0.0150,1,3.16,0.182,0.405,0.126,,-0.0003,-0.0958,1.6871,0.3002,0.1905,-0.1332,-0.0006,-0.3431,0.0149,1,3.29,0.033,0.501,0.039,,0.0072,-0.1585,1.7606,0.0017,-0.3431,-0.1223,-0.0015,0.3449,0.0151,1,0.00,0.001,0.033,0.001,,-0.0080,-0.1098,1.7073,0.0018,0.3449,-0.1308,-0.2992,-0.1892,0.0150,1,0.00,0.001,0.035,0.004,,0.0001,-0.1726,1.7781,-0.2967,-0.1886,-0.1198,-0.2997,0.1899,0.0148,1,4.76,0.029,0.658,0.145,,-0.0073,-0.1436,1.7493,-0.2966,0.1904,-0.1249
3.812,688,tripod,-0.0045,-0.0018,0.1416,0.0132,-0.0141,0.0017,0.0085,-0.0102,0.0098,0.0322,0.0566,0.0005,0.000,0.000,0.0110,-0.0129,0.0132,-0.0141,0.0017,0.1169,0,0.2961,-0.1893,0.0730,1,3.51,0.328,0.403,0.232,,0.0042,-0.4694,1.9495,0.2994,-0.1890,-0.0702,0.2971,0.1910,0.0151,1,0.00,0.004,0.032,0.000,,0.0001,-0.0956,1.6867,0.3002,0.1906,-0.1333,-0.0006,-0.3432,0.0149,1,0.00,0.010,0.035,0.003,,0.0071,-0.1593,1.7617,0.0016,-0.3430,-0.1222,-0.0015,0.3449,0.0149,1,4.68,0.398,0.542,0.273,,-0.0079,-0.1069,1.7042,0.0018,0.3450,-0.1313,-0.2992,-0.1892,0.0149,1,4.69,0.083,0.715,0.070,,-0.0002,-0.1718,1.7777,-0.2968,-0.1885,-0.1200,-0.2997,0.1899,0.0150,1,0.00,0.005,0.037,0.000,,-0.0076,-0.1436,1.7489,-0.2966,0.1905,-0.1249
3.834,692,tripod,-0.0045,-0.0019,0.1418,0.0136,-0.0139,0.0016,-0.0004,-0.0070,0.0162,0.0093,-0.0085,-0.0010,0.000,0.000,0.0116,-0.0127,0.0136,-0.0139,0.0016,0.1170,0,0.2961,-0.1894,0.0738,1,0.00,0.004,0.037,0.003,,0.0043,-0.4738,1.9519,0.2993,-0.1889,-0.0695,0.2971,0.1910,0.0149,1,6.23,0.041,0.864,0.209,,0.0005,-0.0929,1.6842,0.3001,0.1907,-0.1337,-0.0006,-0.3432,0.0151,1,0.00,0.000,0.037,0.002,,0.0070,-0.1597,1.7627,0.0016,-0.3429,-0.1221,-0.0015,0.3449,0.0150,1,0.00,0.000,0.028,0.003,,-0.0078,-0.1052,1.7020,0.0018,0.3451,-0.1316,-0.2992,-0.1892,0.0148,1,6.00,0.026,0.914,0.118,,-0.0006,-0.1698,1.7762,-0.2968,-0.1885,-0.1203,-0.2997,0.1899,0.0153,1,0.00,0.003,0.028,0.002,,-0.0079,-0.1424,1.7474,-0.2966,0.1906,-0.1251
3.855,696,tripod,-0.0044,-0.0020,0.1422,0.0136,-0.0134,0.0016,0.0090,-0.0055,0.0354,-0.0044,0.0618,0.0008,0.000,0.000,0.0120,-0.0125,0.0136,-0.0134,0.0016,0.1173,0,0.2961,-0.1895,0.0746,1,0.00,0.001,0.033,0.002,,0.0044,-0.4771,1.9538,0.2993,-0.1889,-0.0690,0.2971,0.1910,0.0148,1,3.44,0.023,0.548,0.032,,0.0009,-0.0908,1.6820,0.3001,0.1908,-0.1341,-0.0006,-0.3432,0.0149,1,4.43,0.053,0.670,0.081,,0.0070,-0.1562,1.7603,0.0016,-0.3429,-0.1227,-0.0015,0.3450,0.0151,1,0.00,0.000,0.030,0.004,,-0.0078,-0.1032,1.6995,0.0018,0.3452,-0.1319,-0.2992,-0.1892,0.0150,1,0.00,0.001,0.029,0.001,,-0.0010,-0.1683,1.7751,-0.2968,-0.1884,-0.1206,-0.2997,0.1899,0.0149,1,4.05,0.001,0.583,0.111,,-0.0082,-0.1372,1.7426,-0.2967,0.1907,-0.1260
3.877,700,tripod,-0.0043,-0.0022,0.1426,0.0139,-0.0129,0.0017,0.0029,-0.0082,-0.0028,0.0229,0.0079,0.0010,0.000,0.000,0.0122,-0.0121,0.0139,-0.0129,0.0017,0.1175,0,0.2961,-0.1896,0.0755,1,0.00,0.000,0.034,0.003,,0.0045,-0.4815,1.9562,0.2993,-0.1889,-0.0683,0.2971,0.1910,0.0150,1,0.00,0.003,0.031,0.001,,0.0013,-0.0908,1.6819,0.3001,0.1909,-0.1341,-0.0006,-0.3432,0.0149,1,5.11,0.029,0.721,0.160,,0.0069,-0.1542,1.7592,0.0016,-0.3428,-0.1230,-0.0015,0.3450,0.0149,1,4.93,0.009,0.714,0.138,,-0.0077,-0.0998,1.6959,0.0018,0.3453,-0.1325,-0.2992,-0.1893,0.0151,1,0.00,0.003,0.019,0.004,,-0.0013,-0.1648,1.7724,-0.2968,-0.1883,-0.1212,-0.2997,0.1899,0.0149,1,0.13,0.016,0.008,0.001,,-0.0085,-0.1341,1.7396,-0.2967,0.1908,-0.1265
3.898,704,tripod,-0.0040,-0.0022,0.1423,0.0136,-0.0107,0.0017,0.0182,-0.0003,-0.0455,-0.0200,0.1100,0.0008,0.000,0.000,0.0124,-0.0113,0.0136,-0.0107,0.0017,0.1172,0,0.2962,-0.1896,0.0757,1,0.00,0.001,0.032,0.003,,0.0045,-0.4873,1.9591,0.2992,-0.1888,-0.0673,0.2971,0.1910,0.0149,1,4.97,0.058,0.782,0.055,,0.0016,-0.0961,1.6865,0.3001,0.1909,-0.1332,-0.0006,-0.3432,0.0150,1,0.00,0.002,0.029,0.003,,0.0067,-0.1560,1.7611,0.0015,-0.3427,-0.1227,-0.0015,0.3450,0.0149,1,0.05,0.011,0.022,0.003,,-0.0075,-0.1024,1.6977,0.0017,0.3454,-0.1321,-0.2992,-0.1893,0.0149,1,5.25,0.061,0.742,0.150,,-0.0016,-0.1618,1.7701,-0.2968,-0.1882,-0.1217,-0.2997,0.1898,0.0153,1,0.00,0.002,0.026,0.000,,-0.0086,-0.1345,1.7395,-0.2967,0.1909,-0.1264
3.920,708,tripod,-0.0037,-0.0021,0.1415,0.0124,-0.0086,0.0017,0.0175,0.0056,-0.0503,-0.0760,0.1165,-0.0130,0.000,0.000,0.0120,-0.0100,0.0124,-0.0086,0.0017,0.1165,0,0.2964,-0.1896,0.0748,1,10.16,0.305,1.127,0.869,,0.0045,-0.4891,1.9602,0.2992,-0.1888,-0.0670,0.2972,0.1910,0.0149,1,0.00,0.004,0.067,0.016,,0.0018,-0.1056,1.6951,0.3000,0.1910,-0.1315,-0.0005,-0.3432,0.0149,1,0.00,0.045,0.072,0.001,,0.0064,-0.1580,1.7630,0.0015,-0.3427,-0.1224,-0.0015,0.3450,0.0151,1,0.00,0.013,0.034,0.013,,-0.0071,-0.1102,1.7042,0.0016,0.3455,-0.1307,-0.2992,-0.1893,0.0153,1,0.00,0.030,0.041,0.000,,-0.0019,-0.1640,1.7717,-0.2969,-0.1882,-0.1213,-0.2997,0.1899,0.0149,1,8.32,0.332,1.150,0.313,,-0.0087,-0.1344,1.7390,-0.2968,0.1909,-0.1265
3.941,712,tripod,-0.0035,-0.0020,0.1410,0.0115,-0.0078,0.0016,0.0146,0.0135,-0.0272,-0.1330,0.0919,-0.0088,0.000,0.000,0.0114,-0.0085,0.0115,-0.0078,0.0016,0.1160,0,0.2964,-0.1895,0.0744,1,6.93,0.533,0.907,0.296,,0.0044,-0.4909,1.9617,0.2991,-0.1888,-0.0668,0.2971,0.1910,0.0153,1,0.00,0.015,0.024,0.011,,0.0021,-0.1127,1.7018,0.2999,0.1910,-0.1303,-0.0006,-0.3432,0.0151,1,0.00,0.015,0.129,0.002,,0.0060,-0.1610,1.7656,0.0014,-0.3427,-0.1219,-0.0015,0.3449,0.0152,1,0.00,0.024,0.028,0.008,,-0.0067,-0.1152,1.7084,0.0015,0.3455,-0.1298,-0.2992,-0.1892,0.0149,1,7.36,0.014,0.457,0.804,,-0.0021,-0.1624,1.7701,-0.2970,-0.1882,-0.1216,-0.2996,0.1899,0.0148,1,3.45,0.500,0.459,0.104,,-0.0085,-0.1367,1.7405,-0.2968,0.1909,-0.1261
3.964,716,tripod,-0.0033,-0.0019,0.1407,0.0108,-0.0068,0.0015,0.0064,0.0104,-0.0048,-0.0792,0.0017,-0.0025,0.000,0.000,0.0107,-0.0073,0.0108,-0.0068,0.0015,0.1159,0,0.2965,-0.1895,0.0743,1,0.00,0.004,0.045,0.002,,0.0042,-0.4932,1.9631,0.2990,-0.1888,-0.0664,0.2971,0.1909,0.0149,1,0.00,0.009,0.044,0.004,,0.0023,-0.1147,1.7043,0.2998,0.1910,-0.1299,-0.0006,-0.3432,0.0150,1,7.47,0.019,1.032,0.247,,0.0056,-0.1595,1.7643,0.0013,-0.3427,-0.1221,-0.0015,0.3449,0.0149,1,6.48,0.008,1.167,0.086,,-0.0062,-0.1169,1.7099,0.0014,0.3455,-0.1296,-0.2992,-0.1892,0.0148,1,0.00,0.008,0.032,0.001,,-0.0023,-0.1611,1.7685,-0.2971,-0.1882,-0.1218,-0.2996,0.1899,0.0152,1,0.00,0.003,0.034,0.004,,-0.0083,-0.1396,1.7423,-0.2969,0.1909,-0.1256
3.986,720,tripod,-0.0031,-0.0018,0.1407,0.0098,-0.0065,0.0015,0.0158,0.0067,0.0020,-0.0259,0.0692,0.0019,0.000,0.000,0.0099,-0.0066,0.0098,-0.0065,0.0015,0.1158,0,0.2966,-0.1895,0.0746,1,0.00,0.000,0.030,0.001,,0.0041,-0.4941,1.9638,0.2990,-0.1888,-0.0662,0.2971,0.1909,0.0149,1,3.63,0.080,0.959,0.419,,0.0025,-0.1167,1.7069,0.2997,0.1909,-0.1296,-0.0006,-0.3432,0.0148,1,4.95,0.217,0.840,0.020,,0.0051,-0.1574,1.7625,0.0012,-0.3427,-0.1225,-0.0015,0.3449,0.0149,1,0.00,0.009,0.039,0.003,,-0.0057,-0.1191,1.7119,0.0013,0.3455,-0.1292,-0.2992,-0.1892,0.0151,1,0.00,0.001,0.039,0.001,,-0.0024,-0.1619,1.7685,-0.2972,-0.1882,-0.1217,-0.2996,0.1899,0.0150,1,4.99,0.128,0.566,0.298,,-0.0079,-0.1391,1.7414,-0.2970,0.1909,-0.1257
4.009,724,tripod,-0.0028,-0.0017,0.1401,0.0096,-0.0051,0.0015,0.0299,0.0004,-0.0331,0.0182,0.1752,0.0017,0.000,0.000,0.0092,-0.0059,0.0096,-0.0051,0.0015,0.1155,0,0.2967,-0.1894,0.0733,1,0.00,0.001,0.020,0.004,,0.0039,-0.4905,1.9624,0.2989,-0.1888,-0.0668,0.2971,0.1909,0.0149,1,5.19,0.083,0.887,0.031,,0.0025,-0.1222,1.7123,0.2996,0.1909,-0.1286,-0.0006,-0.3432,0.0148,1,0.00,0.010,0.033,0.005,,0.0047,-0.1605,1.7647,0.0011,-0.3427,-0.1220,-0.0015,0.3449,0.0150,1,1.79,0.282,0.265,0.010,,-0.0052,-0.1228,1.7154,0.0012,0.3454,-0.1285,-0.2992,-0.1892,0.0149,1,7.21,0.366,1.049,0.165,,-0.0025,-0.1608,1.7669,-0.2973,-0.1882,-0.1219,-0.2996,0.1899,0.0150,1,0.00,0.001,0.051,0.005,,-0.0075,-0.1413,1.7428,-0.2971,0.1908,-0.1253
4.031,728,tripod,-0.0026,-0.0016,0.1399,0.0090,-0.0041,0.0014,0.0070,0.0075,-0.0086,-0.0569,0.0092,-0.0064,0.000,0.000,0.0088,-0.0048,0.0090,-0.0041,0.0014,0.1153,0,0.2969,-0.1894,0.0718,1,4.03,0.502,0.719,0.161,,0.0037,-0.4851,1.9601,0.2989,-0.1888,-0.0677,0.2971,0.1908,0.0152,1,0.00,0.016,0.044,0.009,,0.0026,-0.1283,1.7184,0.2995,0.1908,-0.1276,-0.0006,-0.3433,0.0155,1,0.00,0.007,0.043,0.003,,0.0042,-0.1647,1.7678,0.0010,-0.3428,-0.1212,-0.0015,0.3449,0.0149,1,4.53,0.157,0.865,0.136,,-0.0047,-0.1252,1.7176,0.0011,0.3454,-0.1281,-0.2991,-0.1892,0.0148,1,4.32,0.303,0.462,0.294,,-0.0025,-0.1594,1.7652,-0.2973,-0.1883,-0.1221,-0.2996,0.1899,0.0154,1,0.00,0.002,0.027,0.002,,-0.0071,-0.1428,1.7435,-0.2973,0.1908,-0.1250
4.052,732,tripod,-0.0024,-0.0015,0.1397,0.0089,-0.0032,0.0013,0.0072,-0.0022,0.0095,0.0295,0.0127,-0.0026,0.000,0.000,0.0083,-0.0040,0.0089,-0.0032,0.0013,0.1154,0,0.2969,-0.1894,0.0707,1,13.79,0.266,1.950,0.363,,0.0035,-0.4812,1.9586,0.2988,-0.1889,-0.0683,0.2971,0.1908,0.0149,1,2.75,0.184,0.408,0.089,,0.0026,-0.1290,1.7199,0.2993,0.1908,-0.1275,-0.0007,-0.3433,0.0153,1,0.00,0.011,0.082,0.002,,0.0038,-0.1639,1.7669,0.0009,-0.3428,-0.1214,-0.0015,0.3449,0.0149,1,0.00,0.026,0.074,0.004,,-0.0042,-0.1273,1.7198,0.0010,0.3453,-0.1277,-0.2992,-0.1891,0.0149,1,0.00,0.001,0.004,0.004,,-0.0026,-0.1593,1.7645,-0.2974,-0.1883,-0.1221,-0.2996,0.1899,0.0149,1,12.40,0.125,1.834,0.346,,-0.0067,-0.1400,1.7407,-0.2974,0.1907,-0.1255
4.074,736,tripod,-0.0022,-0.0014,0.1398,0.0084,-0.0029,0.0013,0.0084,0.0115,0.0006,-0.0629,0.0162,-0.0001,0.000,0.000,0.0081,-0.0032,0.0084,-0.0029,0.0013,0.1155,0,0.2970,-0.1893,0.0704,1,0.00,0.002,0.027,0.002,,0.0033,-0.4794,1.9580,0.2988,-0.1889,-0.0687,0.2971,0.1908,0.0148,1,3.39,0.089,0.633,0.085,,0.0027,-0.1294,1.7209,0.2992,0.1908,-0.1274,-0.0007,-0.3433,0.0149,1,4.09,0.137,0.659,0.032,,0.0033,-0.1603,1.7636,0.0008,-0.3429,-0.1220,-0.0015,0.3449,0.0152,1,0.00,0.001,0.033,0.001,,-0.0037,-0.1285,1.7212,0.0009,0.3453,-0.1275,-0.2992,-0.1891,0.0153,1,0.00,0.000,0.029,0.000,,-0.0026,-0.1603,1.7645,-0.2975,-0.1884,-0.1220,-0.2996,0.1899,0.0148,1,3.64,0.039,0.443,0.190,,-0.0063,-0.1391,1.7395,-0.2975,0.1907,-0.1257
4.095,740,tripod,-0.0020,-0.0014,0.1397,0.0088,-0.0020,0.0013,0.0322,-0.0047,-0.0013,0.0503,0.2062,0.0037,0.000,0.000,0.0078,-0.0028,0.0088,-0.0020,0.0013,0.1157,0,0.2970,-0.1893,0.0693,1,0.00,0.018,0.002,0.008,,0.0031,-0.4734,1.9554,0.2987,-0.1889,-0.0696,0.2971,0.1908,0.0153,1,0.00,0.020,0.022,0.004,,0.0028,-0.1328,1.7247,0.2991,0.1907,-0.1268,-0.0007,-0.3433,0.0148,1,2.04,0.291,0.300,0.027,,0.0029,-0.1610,1.7638,0.0007,-0.3429,-0.1219,-0.0015,0.3449,0.0148,1,4.79,0.735,0.806,0.010,,-0.0033,-0.1260,1.7195,0.0008,0.3452,-0.1280,-0.2992,-0.1891,0.0149,1,4.41,0.403,0.437,0.336,,-0.0027,-0.1566,1.7609,-0.2976,-0.1884,-0.1226,-0.2996,0.1899,0.0154,1,0.00,0.019,0.052,0.008,,-0.0059,-0.1420,1.7415,-0.2976,0.1906,-0.1252
4.118,744,tripod,-0.0016,-0.0015,0.1399,0.0094,0.0002,0.0013,0.0106,0.0023,0.0193,-0.0236,0.0376,-0.0064,0.000,0.000,0.0080,-0.0016,0.0094,0.0002,0.0013,0.1161,0,0.2973,-0.1893,0.0671,1,5.05,0.463,0.751,0.069,,0.0030,-0.4641,1.9512,0.2987,-0.1889,-0.0711,0.2971,0.1908,0.0149,1,1.21,0.128,0.244,0.089,,0.0029,-0.1330,1.7256,0.2990,0.1907,-0.1268,-0.0006,-0.3433,0.0150,1,0.00,0.027,0.060,0.001,,0.0025,-0.1625,1.7649,0.0006,-0.3430,-0.1216,-0.0014,0.3449,0.0149,1,3.35,0.243,0.728,0.194,,-0.0028,-0.1244,1.7183,0.0006,0.3452,-0.1282,-0.2991,-0.1891,0.0148,1,4.94,0.061,0.684,0.156,,-0.0028,-0.1523,1.7565,-0.2977,-0.1884,-0.1234,-0.2996,0.1899,0.0164,1,0.00,0.006,0.012,0.002,,-0.0056,-0.1414,1.7405,-0.2977,0.1906,-0.1253
4.140,748,tripod,-0.0014,-0.0015,0.1401,0.0094,0.0009,0.0013,0.0119,0.0003,0.0111,0.0038,0.0355,0.0007,0.000,0.000,0.0082,-0.0004,0.0094,0.0009,0.0013,0.1166,0,0.2974,-0.1893,0.0657,1,0.00,0.001,0.025,0.006,,0.0029,-0.4560,1.9476,0.2986,-0.1889,-0.0725,0.2971,0.1908,0.0148,1,5.96,0.085,1.039,0.032,,0.0030,-0.1325,1.7257,0.2989,0.1907,-0.1268,-0.0006,-0.3433,0.0151,1,0.00,0.002,0.032,0.002,,0.0021,-0.1615,1.7640,0.0005,-0.3430,-0.1218,-0.0014,0.3449,0.0149,1,0.00,0.001,0.032,0.001,,-0.0023,-0.1232,1.7174,0.0005,0.3452,-0.1285,-0.2991,-0.1891,0.0147,1,6.44,0.083,0.948,0.144,,-0.0030,-0.1493,1.7533,-0.2979,-0.1884,-0.1239,-0.2996,0.1899,0.0161,1,0.00,0.000,0.028,0.007,,-0.0053,-0.1364,1.7356,-0.2978,0.1906,-0.1261
4.161,752,tripod,-0.0012,-0.0014,0.1405,0.0088,0.0013,0.0013,0.0233,0.0006,0.0427,0.0078,0.1313,0.0064,0.000,0.000,0.0082,0.0004,0.0088,0.0013,0.0013,0.1173,0,0.2975,-0.1893,0.0648,1,0.00,0.017,0.044,0.007,,0.0028,-0.4482,1.9441,0.2986,-0.1889,-0.0738,0.2971,0.1908,0.0148,1,4.22,0.479,1.024,0.348,,0.0033,-0.1317,1.7258,0.2988,0.1906,-0.1270,-0.0006,-0.3433,0.0149,1,7.23,0.816,1.292,0.072,,0.0016,-0.1567,1.7601,0.0004,-0.3430,-0.1226,-0.0014,0.3449,0.0148,1,0.00,0.042,0.109,0.001,,-0.0018,-0.1224,1.7166,0.0004,0.3452,-0.1286,-0.2991,-0.1891,0.0148,1,0.00,0.049,0.117,0.002,,-0.0032,-0.1473,1.7510,-0.2980,-0.1885,-0.1242,-0.2996,0.1900,0.0149,1,13.78,0.267,1.351,1.006,,-0.0050,-0.1279,1.7277,-0.2979,0.1906,-0.1276
4.182,756,tripod,-0.0008,-0.0014,0.1406,0.0090,0.0033,0.0013,0.0214,-0.0002,-0.0137,0.0115,0.1062,0.0005,0.000,0.000,0.0081,0.0013,0.0090,0.0033,0.0013,0.1177,0,0.2977,-0.1892,0.0627,1,0.00,0.001,0.021,0.009,,0.0027,-0.4368,1.9386,0.2985,-0.1889,-0.0756,0.2972,0.1908,0.0148,1,3.51,0.079,0.732,0.186,,0.0034,-0.1340,1.7283,0.2987,0.1906,-0.1266,-0.0005,-0.3433,0.0148,1,4.04,0.191,0.624,0.049,,0.0011,-0.1560,1.7593,0.0003,-0.3430,-0.1227,-0.0014,0.3449,0.0152,1,0.00,0.003,0.032,0.001,,-0.0013,-0.1228,1.7172,0.0003,0.3451,-0.1285,-0.2991,-0.1891,0.0154,1,0.00,0.002,0.026,0.004,,-0.0034,-0.1453,1.7487,-0.2981,-0.1885,-0.1246,-0.2996,0.1900,0.0149,1,3.77,0.105,0.467,0.186,,-0.0047,-0.1229,1.7229,-0.2980,0.1906,-0.1285
4.204,760,tripod,-0.0006,-0.0014,0.1408,0.0088,0.0046,0.0013,0.0257,0.0009,0.0023,-0.0014,0.1414,0.0000,0.000,0.000,0.0081,0.0025,0.0088,0.0046,0.0013,0.1181,0,0.2978,-0.1892,0.0607,1,0.17,0.025,0.058,0.003,,0.0025,-0.4266,1.9337,0.2985,-0.1889,-0.0773,0.2972,0.1907,0.0151,1,0.00,0.013,0.006,0.007,,0.0036,-0.1374,1.7320,0.2986,0.1906,-0.1260,-0.0006,-0.3433,0.0152,1,0.00,0.016,0.002,0.004,,0.0006,-0.1575,1.7605,0.0001,-0.3430,-0.1225,-0.0014,0.3449,0.0149,1,2.86,0.441,0.475,0.008,,-0.0007,-0.1207,1.7154,0.0002,0.3451,-0.1289,-0.2991,-0.1891,0.0149,1,3.07,0.453,0.378,0.154,,-0.0036,-0.1399,1.7435,-0.2982,-0.1885,-0.1255,-0.2996,0.1899,0.0151,1,0.00,0.002,0.049,0.002,,-0.0044,-0.1223,1.7216,-0.2982,0.1906,-0.1286
4.225,764,tripod,-0.0003,-0.0014,0.1406,0.0087,0.0056,0.0013,0.0076,0.0042,0.0090,-0.0322,-0.0002,-0.0010,0.000,0.000,0.0080,0.0038,0.0087,0.0056,0.0013,0.1183,0,0.2979,-0.1892,0.0594,1,0.00,0.003,0.038,0.002,,0.0024,-0.4228,1.9323,0.2984,-0.1889,-0.0779,0.2972,0.1907,0.0150,1,0.00,0.001,0.048,0.006,,0.0039,-0.1397,1.7348,0.2984,0.1906,-0.1256,-0.0005,-0.3433,0.0148,1,8.30,0.100,1.227,0.181,,0.0001,-0.1555,1.7589,0.0000,-0.3430,-0.1228,-0.0014,0.3449,0.0149,1,7.95,0.099,1.309,0.039,,-0.0002,-0.1215,1.7162,0.0000,0.3451,-0.1287,-0.2991,-0.1891,0.0149,1,0.00,0.000,0.042,0.001,,-0.0039,-0.1390,1.7420,-0.2983,-0.1885,-0.1257,-0.2995,0.1899,0.0151,1,0.00,0.003,0.043,0.004,,-0.0041,-0.1205,1.7194,-0.2983,0.1906,-0.1289
4.246,768,tripod,0.0000,-0.0014,0.1404,0.0088,0.0068,0.0013,0.0113,-0.0035,-0.0211,0.0323,0.0263,0.0000,0.000,0.000,0.0079,0.0049,0.0088,0.0068,0.0013,0.1183,0,0.2980,-0.1892,0.0581,1,0.00,0.001,0.026,0.005,,0.0022,-0.4169,1.9297,0.2983,-0.1889,-0.0789,0.2972,0.1907,0.0149,1,3.69,0.017,0.636,0.033,,0.0041,-0.1418,1.7375,0.2983,0.1906,-0.1252,-0.0005,-0.3433,0.0148,1,4.00,0.110,0.546,0.129,,-0.0005,-0.1563,1.7596,-0.0001,-0.3430,-0.1227,-0.0014,0.3449,0.0151,1,0.00,0.002,0.033,0.004,,0.0004,-0.1241,1.7185,-0.0001,0.3451,-0.1283,-0.2990,-0.1891,0.0152,1,0.00,0.002,0.030,0.002,,-0.0041,-0.1389,1.7412,-0.2984,-0.1885,-0.1257,-0.2995,0.1899,0.0149,1,3.89,0.077,0.464,0.207,,-0.0038,-0.1184,1.7169,-0.2984,0.1906,-0.1293
4.267,772,tripod,0.0003,-0.0014,0.1401,0.0088,0.0080,0.0013,0.0180,0.0009,-0.0186,-0.0006,0.0749,0.0014,0.000,0.000,0.0079,0.0059,0.0088,0.0080,0.0013,0.1184,0,0.2981,-0.1892,0.0558,1,0.00,0.001,0.025,0.008,,0.0021,-0.4066,1.9247,0.2982,-0.1889,-0.0806,0.2972,0.1907,0.0148,1,6.23,0.088,0.995,0.060,,0.0043,-0.1454,1.7412,0.2982,0.1906,-0.1246,-0.0005,-0.3433,0.0152,1,0.00,0.002,0.038,0.006,,-0.0010,-0.1607,1.7630,-0.0002,-0.3430,-0.1219,-0.0014,0.3448,0.0150,1,0.00,0.002,0.036,0.000,,0.0010,-0.1246,1.7191,-0.0002,0.3451,-0.1282,-0.2990,-0.1891,0.0149,1,6.63,0.077,0.908,0.224,,-0.0044,-0.1372,1.7391,-0.2986,-0.1885,-0.1260,-0.2995,0.1899,0.0152,1,0.00,0.001,0.036,0.001,,-0.0035,-0.1201,1.7177,-0.2986,0.1906,-0.1290
4.289,776,tripod,0.0006,-0.0015,0.1400,0.0097,0.0092,0.0013,0.0042,-0.0025,0.0016,0.0099,-0.0312,-0.0027,0.000,0.000,0.0082,0.0071,0.0097,0.0092,0.0013,0.1187,0,0.2982,-0.1892,0.0530,1,4.38,0.144,0.893,0.335,,0.0019,-0.3940,1.9181,0.2982,-0.1889,-0.0827,0.2973,0.1906,0.0150,1,0.00,0.004,0.056,0.006,,0.0046,-0.1490,1.7450,0.2980,0.1905,-0.1240,-0.0004,-0.3433,0.0148,1,2.24,0.223,0.226,0.138,,-0.0015,-0.1612,1.7635,-0.0003,-0.3430,-0.1218,-0.0013,0.3448,0.0148,1,5.42,0.439,0.890,0.016,,0.0016,-0.1231,1.7178,-0.0004,0.3451,-0.1285,-0.2990,-0.1891,0.0150,1,1.93,0.071,0.235,0.086,,-0.0046,-0.1375,1.7386,-0.2987,-0.1885,-0.1259,-0.2995,0.1899,0.0152,1,0.00,0.007,0.014,0.004,,-0.0032,-0.1175,1.7146,-0.2987,0.1906,-0.1294
4.310,780,tripod,0.0009,-0.0015,0.1401,0.0098,0.0107,0.0012,0.0229,-0.0031,0.0191,-0.0103,0.0871,-0.0066,0.000,0.000,0.0085,0.0081,0.0098,0.0107,0.0012,0.1192,0,0.2983,-0.1892,0.0509,1,10.39,0.094,1.516,0.238,,0.0018,-0.3833,1.9127,0.2981,-0.1889,-0.0844,0.2973,0.1906,0.0150,1,0.00,0.004,0.075,0.000,,0.0049,-0.1499,1.7466,0.2979,0.1905,-0.1238,-0.0005,-0.3433,0.0149,1,0.00,0.007,0.070,0.001,,-0.0021,-0.1611,1.7634,-0.0005,-0.3430,-0.1218,-0.0013,0.3448,0.0149,1,0.00,0.004,0.033,0.001,,0.0022,-0.1223,1.7171,-0.0005,0.3451,-0.1286,-0.2990,-0.1891,0.0155,1,0.00,0.004,0.030,0.001,,-0.0049,-0.1374,1.7377,-0.2988,-0.1885,-0.1260,-0.2995,0.1899,0.0148,1,9.22,0.095,1.320,0.302,,-0.0029,-0.1120,1.7089,-0.2988,0.1906,-0.1304
4.331,784,tripod,0.0012,-0.0017,0.1404,0.0108,0.0112,0.0012,0.0113,-0.0091,0.0170,0.0552,0.0203,-0.0003,0.000,0.000,0.0089,0.0091,0.0108,0.0112,0.0012,0.1198,0,0.2984,-0.1893,0.0493,1,0.00,0.000,0.025,0.007,,0.0017,-0.3743,1.9083,0.2980,-0.1889,-0.0859,0.2973,0.1906,0.0149,1,3.90,0.002,0.665,0.020,,0.0053,-0.1472,1.7450,0.2978,0.1906,-0.1243,-0.0004,-0.3433,0.0149,1,4.30,0.108,0.547,0.188,,-0.0026,-0.1609,1.7635,-0.0006,-0.3430,-0.1219,-0.0013,0.3448,0.0153,1,0.00,0.002,0.031,0.002,,0.0028,-0.1208,1.7157,-0.0007,0.3451,-0.1289,-0.2990,-0.1891,0.0151,1,0.00,0.003,0.029,0.007,,-0.0053,-0.1329,1.7331,-0.2990,-0.1885,-0.1268,-0.2995,0.1899,0.0148,1,4.11,0.089,0.493,0.221,,-0.0026,-0.1079,1.7045,-0.2990,0.1906,-0.1311
4.352,788,tripod,0.0015,-0.0018,0.1409,0.0112,0.0124,0.0012,0.0234,-0.0135,0.0126,0.1420,0.1394,-0.0114,0.000,0.000,0.0094,0.0099,0.0112,0.0124,0.0012,0.1205,0,0.2985,-0.1892,0.0477,1,0.00,0.041,0.073,0.006,,0.0016,-0.3635,1.9027,0.2979,-0.1888,-0.0877,0.2973,0.1906,0.0148,1,0.00,0.052,0.041,0.000,,0.0057,-0.1459,1.7446,0.2976,0.1906,-0.1245,-0.0004,-0.3433,0.0151,1,0.00,0.005,0.064,0.002,,-0.0032,-0.1596,1.7625,-0.0007,-0.3429,-0.1221,-0.0013,0.3448,0.0149,1,8.95,0.797,0.735,0.811,,0.0035,-0.1152,1.7106,-0.0008,0.3451,-0.1298,-0.2990,-0.1891,0.0148,1,4.34,0.638,0.823,0.095,,-0.0058,-0.1275,1.7279,-0.2991,-0.1884,-0.1277,-0.2995,0.1899,0.0151,1,0.00,0.006,0.134,0.007,,-0.0024,-0.1061,1.7020,-0.2991,0.1906,-0.1314
4.373,792,tripod,0.0018,-0.0018,0.1415,0.0114,0.0135,0.0012,0.0141,-0.0040,0.0348,0.0080,0.0405,-0.0016,0.000,0.000,0.0099,0.0110,0.0114,0.0135,0.0012,0.1213,0,0.2985,-0.1893,0.0456,1,0.00,0.001,0.023,0.012,,0.0016,-0.3494,1.8949,0.2978,-0.1888,-0.0900,0.2974,0.1905,0.0152,1,0.00,0.004,0.036,0.001,,0.0060,-0.1463,1.7457,0.2975,0.1906,-0.1244,-0.0004,-0.3433,0.0148,1,6.03,0.000,0.900,0.134,,-0.0037,-0.1555,1.7595,-0.0008,-0.3429,-0.1228,-0.0013,0.3448,0.0148,1,5.89,0.002,0.915,0.097,,0.0041,-0.1105,1.7062,-0.0009,0.3452,-0.1307,-0.2990,-0.1891,0.0153,1,0.00,0.003,0.026,0.004,,-0.0062,-0.1253,1.7254,-0.2992,-0.1884,-0.1281,-0.2994,0.1899,0.0158,1,0.00,0.001,0.026,0.006,,-0.0023,-0.1035,1.6987,-0.2993,0.1907,-0.1319
4.394,796,tripod,0.0019,-0.0019,0.1421,0.0115,0.0137,0.0012,0.0109,-0.0023,0.0525,-0.0092,0.0182,0.0007,0.000,0.000,0.0101,0.0118,0.0115,0.0137,0.0012,0.1224,0,0.2986,-0.1893,0.0433,1,0.00,0.009,0.052,0.015,,0.0015,-0.3328,1.8852,0.2978,-0.1888,-0.0928,0.2974,0.1905,0.0150,1,12.94,0.227,2.181,0.033,,0.0065,-0.1417,1.7424,0.2974,0.1907,-0.1252,-0.0004,-0.3434,0.0147,1,0.00,0.008,0.079,0.003,,-0.0042,-0.1522,1.7569,-0.0010,-0.3429,-0.1234,-0.0013,0.3448,0.0147,1,0.00,0.003,0.064,0.004,,0.0047,-0.1069,1.7028,-0.0011,0.3452,-0.1313,-0.2990,-0.1891,0.0149,1,15.09,0.223,1.921,0.679,,-0.0066,-0.1191,1.7194,-0.2994,-0.1883,-0.1291,-0.2995,0.1900,0.0154,1,0.00,0.004,0.075,0.010,,-0.0022,-0.0968,1.6917,-0.2994,0.1907,-0.1330
4.415,800,tripod,0.0022,-0.0021,0.1427,0.0123,0.0148,0.0012,0.0167,-0.0093,0.0646,-0.0006,0.0033,0.0013,0.000,0.000,0.0104,0.0123,0.0123,0.0148,0.0012,0.1234,0,0.2986,-0.1892,0.0404,1,22.02,0.187,2.783,1.099,,0.0015,-0.3150,1.8746,0.2977,-0.1887,-0.0958,0.2974,0.1905,0.0149,1,0.00,0.045,0.147,0.002,,0.0069,-0.1394,1.7410,0.2972,0.1907,-0.1256,-0.0004,-0.3433,0.0150,1,0.00,0.031,0.162,0.001,,-0.0047,-0.1521,1.7571,-0.0011,-0.3429,-0.1234,-0.0013,0.3448,0.0155,1,0.00,0.033,0.045,0.004,,0.0052,-0.1067,1.7024,-0.0012,0.3453,-0.1313,-0.2990,-0.1891,0.0150,1,0.00,0.037,0.049,0.000,,-0.0070,-0.1159,1.7160,-0.2995,-0.1883,-0.1297,-0.2995,0.1900,0.0149,1,16.35,0.251,2.721,0.139,,-0.0021,-0.0876,1.6824,-0.2996,0.1908,-0.1346
4.435,804,tripod,0.0025,-0.0022,0.1432,0.0128,0.0157,0.0012,0.0178,-0.0081,0.0280,0.0065,0.0358,-0.0023,0.000,0.000,0.0109,0.0131,0.0128,0.0157,0.0012,0.1241,0,0.2987,-0.1893,0.0384,1,11.54,0.166,1.733,0.194,,0.0015,-0.3021,1.8669,0.2976,-0.1887,-0.0979,0.2974,0.1905,0.0152,1,0.00,0.010,0.077,0.003,,0.0073,-0.1384,1.7408,0.2971,0.1907,-0.1258,-0.0003,-0.3434,0.0153,1,0.00,0.008,0.080,0.002,,-0.0052,-0.1510,1.7564,-0.0012,-0.3428,-0.1236,-0.0012,0.3448,0.0158,1,0.00,0.005,0.029,0.003,,0.0057,-0.1035,1.6993,-0.0013,0.3453,-0.1319,-0.2989,-0.1892,0.0156,1,0.00,0.010,0.033,0.001,,-0.0074,-0.1146,1.7144,-0.2996,-0.1883,-0.1299,-0.2995,0.1900,0.0148,1,9.71,0.190,1.596,0.087,,-0.0020,-0.0821,1.6764,-0.2997,0.1908,-0.1356
4.456,808,tripod,0.0027,-0.0023,0.1437,0.0129,0.0160,0.0011,0.0046,-0.0020,0.0421,-0.0111,-0.0216,-0.0005,0.000,0.000,0.0113,0.0139,0.0129,0.0160,0.0011,0.1251,0,0.2987,-0.1893,0.0369,1,0.00,0.000,0.021,0.009,,0.0015,-0.2915,1.8608,0.2975,-0.1886,-0.0997,0.2975,0.1904,0.0148,1,3.95,0.012,0.662,0.004,,0.0078,-0.1335,1.7371,0.2970,0.1908,-0.1266,-0.0003,-0.3435,0.0149,1,4.32,0.006,0.664,0.068,,-0.0057,-0.1460,1.7525,-0.0013,-0.3428,-0.1244,-0.0012,0.3448,0.0152,1,0.00,0.002,0.026,0.011,,0.0063,-0.0963,1.6924,-0.0015,0.3454,-0.1331,-0.2989,-0.1892,0.0153,1,0.00,0.002,0.027,0.009,,-0.0079,-0.1088,1.7087,-0.2997,-0.1882,-0.1309,-0.2995,0.1900,0.0147,1,3.67,0.037,0.493,0.131,,-0.0019,-0.0782,1.6719,-0.2998,0.1909,-0.1363
4.478,812,tripod,0.0031,-0.0025,0.1443,0.0139,0.0180,0.0012,0.0299,-0.0132,0.0151,0.0724,0.1537,0.0050,0.000,0.000,0.0117,0.0145,0.0139,0.0180,0.0012,0.1260,0,0.2988,-0.1893,0.0350,1,0.00,0.003,0.020,0.011,,0.0015,-0.2796,1.8536,0.2974,-0.1886,-0.1017,0.2975,0.1904,0.0149,1,5.03,0.028,0.728,0.130,,0.0082,-0.1324,1.7366,0.2969,0.1908,-0.1268,-0.0002,-0.3435,0.0150,1,0.18,0.023,0.004,0.001,,-0.0061,-0.1448,1.7518,-0.0014,-0.3427,-0.1246,-0.0012,0.3448,0.0149,1,0.17,0.033,0.007,0.011,,0.0068,-0.0897,1.6862,-0.0016,0.3454,-0.1343,-0.2989,-0.1892,0.0149,1,4.88,0.023,0.740,0.107,,-0.0084,-0.1014,1.7017,-0.2999,-0.1882,-0.1322,-0.2995,0.1900,0.0157,1,0.00,0.002,0.023,0.003,,-0.0018,-0.0766,1.6697,-0.3000,0.1909,-0.1366
4.500,816,tripod,0.0034,-0.0026,0.1442,0.0142,0.0191,0.0012,0.0080,-0.0013,-0.0229,-0.0109,0.0178,-0.0010,0.000,0.000,0.0123,0.0158,0.0142,0.0191,0.0012,0.1262,0,0.2988,-0.1893,0.0325,1,3.53,0.122,0.845,0.347,,0.0015,-0.2686,1.8469,0.2973,-0.1885,-0.1036,0.2975,0.1904,0.0151,1,0.00,0.002,0.033,0.007,,0.0085,-0.1363,1.7404,0.2968,0.1909,-0.1261,-0.0001,-0.3435,0.0152,1,0.00,0.002,0.035,0.006,,-0.0065,-0.1480,1.7547,-0.0015,-0.3427,-0.1241,-0.0012,0.3448,0.0149,1,3.85,0.297,0.638,0.004,,0.0074,-0.0897,1.6858,-0.0017,0.3455,-0.1343,-0.2989,-0.1892,0.0149,1,3.66,0.187,0.458,0.159,,-0.0088,-0.1003,1.7003,-0.3000,-0.1881,-0.1324,-0.2995,0.1900,0.0154,1,0.00,0.001,0.025,0.009,,-0.0018,-0.0715,1.6641,-0.3001,0.1910,-0.1375
4.521,820,tripod,0.0038,-0.0027,0.1440,0.0146,0.0211,0.0012,0.0228,0.0006,0.0021,-0.0279,0.1049,0.0010,0.000,0.000,0.0128,0.0171,0.0146,0.0211,0.0012,0.1263,0,0.2988,-0.1893,0.0308,1,0.00,0.001,0.033,0.001,,0.0014,-0.2641,1.8447,0.2972,-0.1884,-0.1043,0.2976,0.1904,0.0150,1,4.00,0.253,0.569,0.095,,0.0090,-0.1393,1.7433,0.2967,0.1909,-0.1256,-0.0001,-0.3435,0.0149,1,4.85,0.142,0.733,0.077,,-0.0070,-0.1474,1.7545,-0.0016,-0.3427,-0.1242,-0.0012,0.3447,0.0154,1,0.00,0.006,0.038,0.004,,0.0079,-0.0930,1.6884,-0.0018,0.3455,-0.1337,-0.2988,-0.1892,0.0155,1,0.00,0.003,0.036,0.003,,-0.0093,-0.1028,1.7020,-0.3001,-0.1881,-0.1320,-0.2995,0.1900,0.0149,1,4.10,0.118,0.361,0.361,,-0.0017,-0.0667,1.6588,-0.3002,0.1911,-0.1383
4.542,824,tripod,0.0041,-0.0027,0.1438,0.0144,0.0223,0.0012,0.0143,-0.0105,-0.0108,0.0812,0.0419,-0.0057,0.000,0.000,0.0129,0.0185,0.0144,0.0223,0.0012,0.1264,0,0.2989,-0.1892,0.0295,1,0.00,0.044,0.046,0.004,,0.0014,-0.2589,1.8421,0.2970,-0.1884,-0.1052,0.2976,0.1904,0.0149,1,0.00,0.030,0.133,0.006,,0.0094,-0.1434,1.7473,0.2966,0.1910,-0.1249,-0.0001,-0.3435,0.0148,1,11.60,0.021,2.209,0.256,,-0.0075,-0.1478,1.7551,-0.0017,-0.3426,-0.1241,-0.0012,0.3447,0.0148,1,17.04,0.086,1.978,0.943,,0.0085,-0.0912,1.6866,-0.0020,0.3456,-0.1340,-0.2988,-0.1892,0.0156,1,0.00,0.021,0.022,0.002,,-0.0098,-0.1008,1.6995,-0.3002,-0.1880,-0.1323,-0.2994,0.1900,0.0148,1,0.00,0.027,0.102,0.001,,-0.0016,-0.0664,1.6576,-0.3003,0.1911,-0.1384
4.563,828,tripod,0.0045,-0.0029,0.1437,0.0153,0.0242,0.0012,0.0190,0.0038,0.0224,-0.0873,0.0012,-0.0013,0.000,0.000,0.0132,0.0197,0.0153,0.0242,0.0012,0.1266,0,0.2988,-0.1892,0.0270,1,22.90,0.056,2.594,1.318,,0.0013,-0.2492,1.8363,0.2969,-0.1883,-0.1068,0.2976,0.1903,0.0150,1,0.00,0.081,0.219,0.001,,0.0098,-0.1460,1.7501,0.2964,0.1910,-0.1245,-0.0001,-0.3436,0.0148,1,0.00,0.078,0.212,0.004,,-0.0080,-0.1512,1.7581,-0.0018,-0.3426,-0.1235,-0.0012,0.3447,0.0147,1,9.09,1.158,1.767,0.225,,0.0092,-0.0895,1.6847,-0.0021,0.3456,-0.1343,-0.2989,-0.1892,0.0148,1,9.34,1.075,1.196,0.458,,-0.0103,-0.0953,1.6940,-0.3004,-0.1879,-0.1333,-0.2995,0.1900,0.0159,1,0.00,0.015,0.112,0.013,,-0.0014,-0.0684,1.6584,-0.3005,0.1911,-0.1380
4.585,832,tripod,0.0047,-0.0029,0.1439,0.0146,0.0248,0.0012,0.0158,-0.0006,0.0118,-0.0126,0.0446,0.0035,0.000,0.000,0.0134,0.0210,0.0146,0.0248,0.0012,0.1270,0,0.2988,-0.1892,0.0255,1,0.00,0.003,0.020,0.008,,0.0012,-0.2392,1.8301,0.2967,-0.1883,-0.1085,0.2977,0.1903,0.0149,1,6.00,0.129,0.887,0.148,,0.0103,-0.1458,1.7507,0.2963,0.1910,-0.1245,-0.0000,-0.3436,0.0158,1,0.00,0.002,0.030,0.002,,-0.0086,-0.1530,1.7598,-0.0020,-0.3425,-0.1232,-0.0012,0.3447,0.0147,1,0.00,0.002,0.037,0.000,,0.0099,-0.0894,1.6844,-0.0023,0.3457,-0.1343,-0.2989,-0.1892,0.0148,1,6.31,0.111,0.822,0.272,,-0.0109,-0.0915,1.6899,-0.3005,-0.1879,-0.1339,-0.2995,0.1900,0.0159,1,0.00,0.002,0.035,0.006,,-0.0012,-0.0661,1.6551,-0.3007,0.1912,-0.1384
4.606,836,tripod,0.0050,-0.0029,0.1441,0.0147,0.0255,0.0013,0.0149,-0.0040,0.0085,0.0154,0.0382,0.0019,0.000,0.000,0.0133,0.0220,0.0147,0.0255,0.0013,0.1276,0,0.2988,-0.1891,0.0241,1,0.00,0.001,0.025,0.007,,0.0011,-0.2309,1.8252,0.2966,-0.1882,-0.1099,0.2977,0.1903,0.0148,1,6.05,0.069,0.908,0.134,,0.0107,-0.1453,1.7510,0.2962,0.1911,-0.1246,0.0000,-0.3436,0.0154,1,0.00,0.003,0.029,0.004,,-0.0093,-0.1494,1.7571,-0.0021,-0.3425,-0.1239,-0.0012,0.3447,0.0149,1,0.00,0.003,0.034,0.000,,0.0106,-0.0894,1.6841,-0.0024,0.3457,-0.1343,-0.2989,-0.1892,0.0147,1,6.40,0.052,0.842,0.261,,-0.0114,-0.0890,1.6869,-0.3007,-0.1878,-0.1344,-0.2995,0.1900,0.0152,1,0.00,0.001,0.029,0.011,,-0.0010,-0.0598,1.6479,-0.3009,0.1913,-0.1395
4.628,840,tripod,0.0054,-0.0029,0.1446,0.0141,0.0273,0.0013,0.0235,0.0089,0.0369,-0.0716,0.1009,0.0062,0.000,0.000,0.0133,0.0230,0.0141,0.0273,0.0013,0.1282,0,0.2988,-0.1891,0.0231,1,0.00,0.001,0.028,0.004,,0.0009,-0.2248,1.8216,0.2964,-0.1882,-0.1109,0.2977,0.1903,0.0148,1,3.85,0.358,0.415,0.245,,0.0111,-0.1455,1.7518,0.2960,0.1911,-0.1245,0.0000,-0.3436,0.0149,1,4.42,0.114,0.772,0.035,,-0.0100,-0.1425,1.7515,-0.0023,-0.3425,-0.1250,-0.0012,0.3447,0.0153,1,0.00,0.008,0.034,0.000,,0.0112,-0.0893,1.6838,-0.0026,0.3457,-0.1344,-0.2988,-0.1892,0.0155,1,0.00,0.002,0.030,0.002,,-0.0118,-0.0880,1.6852,-0.3008,-0.1878,-0.1346,-0.2996,0.1900,0.0149,1,3.65,0.251,0.277,0.377,,-0.0008,-0.0531,1.6404,-0.3011,0.1913,-0.1407
4.650,844,tripod,0.0057,-0.0029,0.1449,0.0140,0.0284,0.0012,0.0161,-0.0092,0.0122,0.0542,0.0461,-0.0047,0.000,0.000,0.0128,0.0242,0.0140,0.0284,0.0012,0.1287,0,0.2988,-0.1891,0.0216,1,0.00,0.002,0.023,0.009,,0.0007,-0.2157,1.8157,0.2963,-0.1881,-0.1125,0.2978,0.1903,0.0151,1,0.00,0.003,0.033,0.006,,0.0114,-0.1486,1.7551,0.2959,0.1911,-0.1240,0.0000,-0.3436,0.0148,1,5.48,0.004,0.800,0.137,,-0.0106,-0.1403,1.7496,-0.0024,-0.3425,-0.1254,-0.0012,0.3447,0.0149,1,5.35,0.007,0.809,0.116,,0.0120,-0.0854,1.6802,-0.0028,0.3457,-0.1350,-0.2989,-0.1891,0.0157,1,0.00,0.003,0.024,0.007,,-0.0122,-0.0839,1.6805,-0.3010,-0.1878,-0.1353,-0.2996,0.1900,0.0152,1,0.00,0.002,0.025,0.002,,-0.0005,-0.0517,1.6381,-0.3012,0.1913,-0.1409
4.672,848,tripod,0.0060,-0.0029,0.1450,0.0141,0.0293,0.0012,0.0255,0.0105,0.0164,-0.0927,0.0878,-0.0023,0.000,0.000,0.0129,0.0252,0.0141,0.0293,0.0012,0.1292,0,0.2988,-0.1891,0.0199,1,6.80,0.282,1.301,0.251,,0.0004,-0.2071,1.8100,0.2962,-0.1881,-0.1139,0.2979,0.1903,0.0153,1,0.00,0.003,0.063,0.000,,0.0117,-0.1492,1.7563,0.2958,0.1911,-0.1239,0.0001,-0.3436,0.0151,1,0.00,0.018,0.064,0.003,,-0.0111,-0.1423,1.7514,-0.0025,-0.3425,-0.1251,-0.0012,0.3447,0.0148,1,4.87,0.650,0.881,0.082,,0.0127,-0.0842,1.6791,-0.0029,0.3458,-0.1352,-0.2989,-0.1891,0.0147,1,4.76,0.408,0.495,0.347,,-0.0127,-0.0768,1.6731,-0.3012,-0.1878,-0.1365,-0.2996,0.1900,0.0153,1,0.00,0.007,0.001,0.002,,-0.0001,-0.0496,1.6350,-0.3014,0.1913,-0.1413
4.694,852,tripod,0.0063,-0.0030,0.1453,0.0146,0.0300,0.0012,0.0183,-0.0180,0.0264,0.1222,0.0490,-0.0004,0.000,0.000,0.0127,0.0261,0.0146,0.0300,0.0012,0.1295,0,0.2989,-0.1890,0.0194,1,0.00,0.001,0.025,0.001,,0.0002,-0.2041,1.8086,0.2960,-0.1881,-0.1144,0.2979,0.1903,0.0148,1,5.70,0.070,0.789,0.197,,0.0121,-0.1453,1.7539,0.2956,0.1911,-0.1246,0.0002,-0.3436,0.0155,1,0.00,0.002,0.028,0.000,,-0.0117,-0.1425,1.7516,-0.0027,-0.3425,-0.1250,-0.0011,0.3447,0.0156,1,0.00,0.002,0.037,0.004,,0.0133,-0.0869,1.6815,-0.0031,0.3458,-0.1348,-0.2989,-0.1891,0.0147,1,5.21,0.023,0.777,0.118,,-0.0131,-0.0739,1.6696,-0.3014,-0.1878,-0.1370,-0.2996,0.1900,0.0149,1,0.59,0.026,0.020,0.072,,0.0002,-0.0436,1.6282,-0.3016,0.1913,-0.1424
4.716,856,tripod,0.0065,-0.0030,0.1455,0.0148,0.0305,0.0012,0.0112,0.0127,0.0044,-0.0931,0.0203,0.0021,0.000,0.000,0.0132,0.0268,0.0148,0.0305,0.0012,0.1299,0,0.2989,-0.1890,0.0184,1,0.00,0.001,0.024,0.005,,-0.0000,-0.1984,1.8051,0.2959,-0.1881,-0.1154,0.2979,0.1903,0.0147,1,3.66,0.182,0.438,0.187,,0.0124,-0.1449,1.7543,0.2955,0.1911,-0.1246,0.0002,-0.3436,0.0148,1,4.28,0.002,0.714,0.007,,-0.0123,-0.1382,1.7482,-0.0028,-0.3424,-0.1258,-0.0011,0.3447,0.0158,1,0.00,0.009,0.031,0.003,,0.0139,-0.0853,1.6800,-0.0032,0.3458,-0.1350,-0.2989,-0.1891,0.0151,1,0.00,0.002,0.030,0.002,,-0.0134,-0.0753,1.6701,-0.3015,-0.1878,-0.1368,-0.2996,0.1900,0.0149,1,3.33,0.184,0.449,0.118,,0.0005,-0.0416,1.6254,-0.3018,0.1914,-0.1427
4.738,860,tripod,0.0067,-0.0030,0.1456,0.0147,0.0305,0.0012,-0.0022,-0.0151,0.0336,0.0751,-0.1033,0.0047,0.000,0.000,0.0131,0.0273,0.0147,0.0305,0.0012,0.1301,0,0.2989,-0.1890,0.0170,1,6.84,0.364,0.871,0.259,,-0.0002,-0.1896,1.7992,0.2957,-0.1881,-0.1169,0.2980,0.1903,0.0152,1,0.00,0.026,0.099,0.006,,0.0126,-0.1484,1.7578,0.2954,0.1911,-0.1240,0.0002,-0.3436,0.0147,1,1.92,0.234,0.257,0.030,,-0.0128,-0.1371,1.7471,-0.0029,-0.3425,-0.1260,-0.0011,0.3447,0.0148,1,6.02,0.731,0.940,0.076,,0.0146,-0.0795,1.6747,-0.0034,0.3458,-0.1361,-0.2989,-0.1891,0.0153,1,0.00,0.003,0.019,0.001,,-0.0137,-0.0752,1.6693,-0.3016,-0.1878,-0.1368,-0.2996,0.1900,0.0153,1,0.00,0.036,0.023,0.006,,0.0007,-0.0439,1.6269,-0.3019,0.1914,-0.1423
4.760,864,tripod,0.0068,-0.0031,0.1457,0.0153,0.0306,0.0012,0.0140,-0.0002,-0.0027,-0.0067,0.0410,0.0023,0.000,0.000,0.0134,0.0273,0.0153,0.0306,0.0012,0.1304,0,0.2988,-0.1890,0.0163,1,5.39,0.008,0.971,0.111,,-0.0003,-0.1856,1.7967,0.2957,-0.1880,-0.1176,0.2980,0.1902,0.0157,1,0.00,0.010,0.045,0.000,,0.0128,-0.1482,1.7581,0.2953,0.1911,-0.1240,0.0002,-0.3436,0.0150,1,0.00,0.012,0.048,0.004,,-0.0131,-0.1397,1.7494,-0.0030,-0.3424,-0.1255,-0.0011,0.3447,0.0148,1,4.28,0.349,0.681,0.036,,0.0151,-0.0773,1.6725,-0.0035,0.3458,-0.1364,-0.2989,-0.1891,0.0148,1,4.01,0.343,0.587,0.086,,-0.0140,-0.0722,1.6659,-0.3017,-0.1877,-0.1373,-0.2996,0.1900,0.0154,1,0.00,0.001,0.015,0.004,,0.0009,-0.0420,1.6243,-0.3020,0.1914,-0.1426
4.782,868,tripod,0.0070,-0.0033,0.1457,0.0164,0.0311,0.0012,0.0015,-0.0144,0.0137,0.0816,-0.0253,-0.0016,0.000,0.000,0.0137,0.0277,0.0164,0.0311,0.0012,0.1304,0,0.2989,-0.1890,0.0161,1,0.00,0.001,0.033,0.004,,-0.0004,-0.1874,1.7985,0.2956,-0.1880,-0.1173,0.2980,0.1902,0.0149,1,3.96,0.088,0.739,0.092,,0.0132,-0.1437,1.7548,0.2952,0.1912,-0.1248,0.0003,-0.3436,0.0149,1,4.09,0.271,0.509,0.181,,-0.0134,-0.1408,1.7505,-0.0031,-0.3424,-0.1253,-0.0011,0.3447,0.0154,1,0.00,0.003,0.032,0.005,,0.0154,-0.0801,1.6749,-0.0036,0.3458,-0.1360,-0.2988,-0.1891,0.0150,1,0.00,0.004,0.034,0.003,,-0.0142,-0.0742,1.6674,-0.3018,-0.1877,-0.1370,-0.2996,0.1900,0.0149,1,3.44,0.175,0.347,0.253,,0.0011,-0.0377,1.6195,-0.3021,0.1914,-0.1434
4.804,872,tripod,0.0070,-0.0035,0.1456,0.0172,0.0309,0.0012,0.0056,-0.0044,-0.0143,0.0174,0.0118,0.0005,0.000,0.000,0.0145,0.0278,0.0172,0.0309,0.0012,0.1303,0,0.2989,-0.1891,0.0163,1,0.00,0.002,0.034,0.002,,-0.0004,-0.1884,1.7997,0.2955,-0.1880,-0.1171,0.2980,0.1902,0.0148,1,5.80,0.013,0.825,0.167,,0.0135,-0.1423,1.7538,0.2951,0.1912,-0.1251,0.0003,-0.3437,0.0150,1,0.00,0.003,0.036,0.005,,-0.0137,-0.1434,1.7529,-0.0031,-0.3424,-0.1249,-0.0011,0.3447,0.0157,1,0.00,0.002,0.028,0.002,,0.0158,-0.0793,1.6739,-0.0036,0.3458,-0.1361,-0.2988,-0.1891,0.0150,1,5.82,0.004,0.820,0.176,,-0.0145,-0.0750,1.6678,-0.3019,-0.1877,-0.1369,-0.2996,0.1900,0.0149,1,0.00,0.002,0.029,0.000,,0.0011,-0.0378,1.6190,-0.3022,0.1914,-0.1434
4.826,876,tripod,0.0071,-0.0036,0.1453,0.0181,0.0308,0.0012,-0.0085,-0.0175,0.0204,0.0809,-0.1092,0.0008,0.000,0.000,0.0152,0.0279,0.0181,0.0308,0.0012,0.1303,0,0.2989,-0.1890,0.0151,1,5.73,0.155,0.912,0.006,,-0.0004,-0.1842,1.7970,0.2955,-0.1879,-0.1178,0.2980,0.1902,0.0150,1,0.00,0.024,0.085,0.005,,0.0137,-0.1453,1.7565,0.2951,0.1912,-0.1245,0.0003,-0.3437,0.0149,1,4.10,0.527,0.551,0.098,,-0.0139,-0.1462,1.7554,-0.0032,-0.3423,-0.1244,-0.0011,0.3447,0.0148,1,7.35,0.481,1.076,0.176,,0.0161,-0.0743,1.6691,-0.0037,0.3459,-0.1370,-0.2988,-0.1891,0.0149,1,0.65,0.072,0.135,0.045,,-0.0148,-0.0777,1.6701,-0.3019,-0.1876,-0.1364,-0.2996,0.1900,0.0153,1,0.00,0.018,0.011,0.005,,0.0011,-0.0409,1.6216,-0.3022,0.1915,-0.1428
4.848,880,tripod,0.0069,-0.0039,0.1456,0.0192,0.0291,0.0012,-0.0109,-0.0120,0.0185,0.0525,-0.0950,-0.0043,0.000,0.000,0.0161,0.0274,0.0192,0.0291,0.0012,0.1305,0,0.2988,-0.1891,0.0150,1,3.02,0.262,0.600,0.124,,-0.0002,-0.1799,1.7940,0.2954,-0.1879,-0.1185,0.2981,0.1901,0.0163,1,0.00,0.004,0.031,0.001,,0.0140,-0.1463,1.7573,0.2951,0.1913,-0.1244,0.0003,-0.3437,0.0148,1,1.93,0.148,0.247,0.056,,-0.0140,-0.1462,1.7559,-0.0032,-0.3423,-0.1244,-0.0011,0.3447,0.0147,1,4.86,0.018,0.603,0.244,,0.0164,-0.0699,1.6646,-0.0038,0.3460,-0.1377,-0.2988,-0.1892,0.0149,1,2.46,0.158,0.397,0.011,,-0.0150,-0.0798,1.6720,-0.3020,-0.1876,-0.1360,-0.2996,0.1900,0.0151,1,0.00,0.002,0.033,0.005,,0.0010,-0.0392,1.6193,-0.3023,0.1915,-0.1431
4.871,884,tripod,0.0068,-0.0041,0.1459,0.0201,0.0286,0.0012,-0.0000,-0.0114,0.0056,0.0415,-0.0102,0.0012,0.000,0.000,0.0170,0.0266,0.0201,0.0286,0.0012,0.1307,0,0.2988,-0.1891,0.0149,1,6.25,0.001,0.903,0.166,,0.0000,-0.1783,1.7931,0.2954,-0.1878,-0.1188,0.2981,0.1901,0.0164,1,0.00,0.005,0.026,0.005,,0.0144,-0.1425,1.7541,0.2950,0.1914,-0.1250,0.0003,-0.3437,0.0150,1,0.00,0.001,0.039,0.004,,-0.0140,-0.1475,1.7573,-0.0032,-0.3422,-0.1242,-0.0011,0.3447,0.0150,1,0.00,0.001,0.029,0.001,,0.0165,-0.0685,1.6627,-0.0038,0.3460,-0.1380,-0.2988,-0.1892,0.0152,1,0.00,0.005,0.042,0.005,,-0.0153,-0.0823,1.6744,-0.3020,-0.1875,-0.1356,-0.2996,0.1900,0.0148,1,6.16,0.019,0.911,0.144,,0.0007,-0.0363,1.6162,-0.3023,0.1916,-0.1436
4.894,888,tripod,0.0068,-0.0042,0.1460,0.0205,0.0285,0.0012,0.0003,-0.0058,0.0160,-0.0072,-0.0002,-0.0003,0.000,0.000,0.0178,0.0261,0.0205,0.0285,0.0012,0.1310,0,0.2988,-0.1891,0.0149,1,0.00,0.011,0.033,0.002,,0.0003,-0.1783,1.7934,0.2954,-0.1877,-0.1188,0.2980,0.1901,0.0155,1,0.00,0.010,0.025,0.010,,0.0148,-0.1350,1.7475,0.2950,0.1915,-0.1263,0.0003,-0.3438,0.0149,1,7.10,0.006,0.974,0.257,,-0.0139,-0.1470,1.7575,-0.0032,-0.3421,-0.1243,-0.0012,0.3447,0.0149,1,6.56,0.042,1.041,0.079,,0.0165,-0.0661,1.6598,-0.0038,0.3461,-0.1384,-0.2988,-0.1892,0.0150,1,0.00,0.011,0.040,0.002,,-0.0156,-0.0805,1.6731,-0.3020,-0.1874,-0.1359,-0.2996,0.1900,0.0148,1,0.00,0.011,0.037,0.003,,0.0003,-0.0353,1.6148,-0.3023,0.1917,-0.1438
4.917,892,tripod,0.0068,-0.0045,0.1468,0.0212,0.0280,0.0012,-0.0071,-0.0161,0.0433,0.0663,-0.0592,-0.0051,0.000,0.000,0.0183,0.0258,0.0212,0.0280,0.0012,0.1314,0,0.2989,-0.1892,0.0160,1,0.00,0.002,0.027,0.003,,0.0006,-0.1805,1.7952,0.2954,-0.1877,-0.1184,0.2980,0.1901,0.0147,1,5.11,0.024,0.802,0.079,,0.0153,-0.1257,1.7393,0.2950,0.1916,-0.1279,0.0004,-0.3438,0.0151,1,0.00,0.001,0.028,0.000,,-0.0139,-0.1452,1.7565,-0.0031,-0.3421,-0.1246,-0.0011,0.3446,0.0155,1,0.00,0.001,0.025,0.003,,0.0165,-0.0645,1.6577,-0.0038,0.3462,-0.1387,-0.2988,-0.1893,0.0149,1,4.87,0.020,0.854,0.025,,-0.0159,-0.0772,1.6702,-0.3020,-0.1874,-0.1365,-0.2995,0.1900,0.0155,1,0.00,0.002,0.028,0.000,,-0.0000,-0.0353,1.6147,-0.3023,0.1918,-0.1438
4.938,896,tripod,0.0067,-0.0046,0.1472,0.0212,0.0271,0.0012,0.0096,-0.0123,0.0279,0.0406,0.0652,0.0002,0.000,0.000,0.0188,0.0252,0.0212,0.0271,0.0012,0.1319,0,0.2989,-0.1893,0.0172,1,0.00,0.009,0.031,0.002,,0.0009,-0.1828,1.7971,0.2954,-0.1876,-0.1181,0.2980,0.1901,0.0147,1,3.54,0.403,0.644,0.053,,0.0156,-0.1217,1.7354,0.2950,0.1917,-0.1286,0.0003,-0.3438,0.0149,1,3.78,0.208,0.623,0.011,,-0.0138,-0.1417,1.7541,-0.0031,-0.3420,-0.1252,-0.0011,0.3447,0.0151,1,0.00,0.034,0.036,0.007,,0.0165,-0.0590,1.6519,-0.0038,0.3464,-0.1396,-0.2988,-0.1893,0.0150,1,0.00,0.019,0.041,0.003,,-0.0161,-0.0777,1.6711,-0.3020,-0.1873,-0.1364,-0.2995,0.1900,0.0149,1,6.48,0.180,0.591,0.535,,-0.0004,-0.0309,1.6103,-0.3023,0.1919,-0.1446
4.959,900,tripod,0.0068,-0.0049,0.1474,0.0227,0.0277,0.0012,0.0015,-0.0195,0.0163,0.0917,0.0062,0.0035,0.000,0.000,0.0193,0.0249,0.0227,0.0277,0.0012,0.1321,0,0.2989,-0.1893,0.0166,1,11.43,0.025,1.746,0.226,,0.0012,-0.1802,1.7953,0.2955,-0.1875,-0.1185,0.2980,0.1901,0.0152,1,0.00,0.004,0.044,0.005,,0.0158,-0.1235,1.7366,0.2950,0.1917,-0.1283,0.0004,-0.3439,0.0149,1,0.00,0.006,0.058,0.006,,-0.0136,-0.1432,1.7559,-0.0031,-0.3419,-0.1249,-0.0011,0.3447,0.0149,1,0.00,0.007,0.072,0.008,,0.0164,-0.0539,1.6465,-0.0038,0.3464,-0.1405,-0.2987,-0.1893,0.0154,1,0.00,0.000,0.092,0.000,,-0.0163,-0.0785,1.6724,-0.3019,-0.1872,-0.1362,-0.2995,0.1900,0.0150,1,13.30,0.093,1.708,0.557,,-0.0008,-0.0268,1.6061,-0.3023,0.1920,-0.1453
4.980,904,tripod,0.0068,-0.0051,0.1479,0.0234,0.0277,0.0012,0.0039,-0.0008,0.0360,-0.0430,0.0307,0.0046,0.000,0.000,0.0202,0.0249,0.0234,0.0277,0.0012,0.1324,0,0.2989,-0.1893,0.0166,1,5.73,0.528,0.770,0.210,,0.0016,-0.1781,1.7939,0.2955,-0.1874,-0.1188,0.2981,0.1900,0.0160,1,0.00,0.020,0.015,0.000,,0.0160,-0.1237,1.7364,0.2951,0.1918,-0.1283,0.0005,-0.3439,0.0154,1,0.00,0.013,0.084,0.003,,-0.0135,-0.1448,1.7577,-0.0031,-0.3418,-0.1246,-0.0011,0.3446,0.0152,1,0.00,0.014,0.009,0.005,,0.0163,-0.0510,1.6431,-0.0038,0.3465,-0.1410,-0.2987,-0.1893,0.0150,1,5.64,0.190,0.531,0.400,,-0.0166,-0.0740,1.6687,-0.3019,-0.1871,-0.1370,-0.2995,0.1900,0.0148,1,2.71,0.300,0.358,0.088,,-0.0013,-0.0226,1.6017,-0.3022,0.1921,-0.1460
5.001,908,tripod,0.0068,-0.0053,0.1483,0.0238,0.0278,0.0012,-0.0013,-0.0129,0.0075,0.0499,-0.0063,-0.0018,0.000,0.000,0.0207,0.0249,0.0238,0.0278,0.0012,0.1328,0,0.2990,-0.1894,0.0170,1,3.65,0.248,0.286,0.363,,0.0019,-0.1796,1.7952,0.2955,-0.1874,-0.1186,0.2980,0.1900,0.0157,1,0.00,0.004,0.023,0.007,,0.0164,-0.1190,1.7321,0.2951,0.1919,-0.1291,0.0005,-0.3439,0.0152,1,0.00,0.001,0.026,0.004,,-0.0134,-0.1411,1.7551,-0.0030,-0.3418,-0.1253,-0.0011,0.3447,0.0149,1,3.79,0.249,0.402,0.267,,0.0163,-0.0463,1.6381,-0.0038,0.3466,-0.1419,-0.2987,-0.1893,0.0149,1,3.32,0.046,0.612,0.063,,-0.0169,-0.0718,1.6670,-0.3019,-0.1870,-0.1374,-0.2995,0.1900,0.0152,1,0.00,0.003,0.032,0.000,,-0.0017,-0.0219,1.6009,-0.3022,0.1922,-0.1462
5.022,912,tripod,0.0067,-0.0053,0.1487,0.0236,0.0273,0.0012,-0.0104,-0.0156,0.0354,0.0596,-0.0770,-0.0029,0.000,0.000,0.0210,0.0249,0.0236,0.0273,0.0012,0.1330,0,0.2990,-0.1895,0.0184,1,0.00,0.001,0.035,0.008,,0.0022,-0.1857,1.7998,0.2955,-0.1873,-0.1176,0.2980,0.1901,0.0148,1,4.07,0.101,0.698,0.009,,0.0168,-0.1111,1.7249,0.2951,0.1920,-0.1305,0.0004,-0.3439,0.0148,1,3.97,0.126,0.495,0.186,,-0.0134,-0.1369,1.7522,-0.0030,-0.3417,-0.1260,-0.0011,0.3446,0.0152,1,0.00,0.002,0.032,0.002,,0.0162,-0.0473,1.6383,-0.0038,0.3467,-0.1417,-0.2987,-0.1894,0.0154,1,0.00,0.003,0.033,0.002,,-0.0172,-0.0729,1.6684,-0.3019,-0.1870,-0.1372,-0.2995,0.1900,0.0149,1,3.44,0.249,0.507,0.080,,-0.0020,-0.0190,1.5977,-0.3022,0.1923,-0.1467
5.043,916,tripod,0.0066,-0.0055,0.1488,0.0241,0.0268,0.0012,0.0040,-0.0030,0.0107,-0.0126,0.0320,0.0016,0.000,0.000,0.0214,0.0245,0.0241,0.0268,0.0012,0.1329,0,0.2991,-0.1896,0.0204,1,0.00,0.002,0.039,0.012,,0.0024,-0.1956,1.8071,0.2956,-0.1873,-0.1159,0.2980,0.1901,0.0147,1,5.74,0.046,0.933,0.050,,0.0171,-0.1083,1.7221,0.2951,0.1921,-0.1309,0.0004,-0.3440,0.0150,1,0.00,0.001,0.033,0.004,,-0.0133,-0.1385,1.7540,-0.0030,-0.3416,-0.1257,-0.0011,0.3446,0.0156,1,0.00,0.000,0.031,0.003,,0.0162,-0.0467,1.6372,-0.0037,0.3468,-0.1418,-0.2987,-0.1894,0.0148,1,6.08,0.033,0.877,0.172,,-0.0174,-0.0699,1.6661,-0.3018,-0.1869,-0.1377,-0.2995,0.1900,0.0151,1,0.00,0.002,0.032,0.002,,-0.0023,-0.0199,1.5984,-0.3022,0.1924,-0.1465
5.064,920,tripod,0.0068,-0.0057,0.1486,0.0251,0.0280,0.0012,0.0153,-0.0195,0.0000,0.0683,0.0981,-0.0072,0.000,0.000,0.0216,0.0244,0.0251,0.0280,0.0012,0.1325,0,0.2993,-0.1897,0.0218,1,0.00,0.008,0.196,0.007,,0.0026,-0.2086,1.8163,0.2957,-0.1873,-0.1137,0.2980,0.1901,0.0147,1,0.00,0.002,0.076,0.006,,0.0172,-0.1113,1.7244,0.2951,0.1922,-0.1304,0.0004,-0.3440,0.0149,1,19.75,0.098,2.482,0.833,,-0.0131,-0.1407,1.7562,-0.0030,-0.3416,-0.1253,-0.0012,0.3447,0.0149,1,15.53,0.112,2.164,0.615,,0.0162,-0.0420,1.6323,-0.0037,0.3469,-0.1426,-0.2987,-0.1893,0.0148,1,0.00,0.011,0.113,0.003,,-0.0176,-0.0706,1.6671,-0.3018,-0.1868,-0.1376,-0.2995,0.1900,0.0153,1,0.00,0.009,0.004,0.009,,-0.0026,-0.0191,1.5976,-0.3022,0.1924,-0.1466
5.085,924,tripod,0.0070,-0.0059,0.1483,0.0259,0.0299,0.0012,0.0265,-0.0101,-0.0352,0.0531,0.2688,0.0125,0.000,0.000,0.0224,0.0251,0.0259,0.0299,0.0012,0.1318,0,0.2995,-0.1899,0.0235,1,0.00,0.035,0.060,0.020,,0.0027,-0.2235,1.8268,0.2958,-0.1874,-0.1111,0.2981,0.1900,0.0152,1,0.00,0.007,0.057,0.011,,0.0173,-0.1166,1.7287,0.2951,0.1922,-0.1295,0.0005,-0.3440,0.0148,1,4.70,0.501,0.662,0.142,,-0.0130,-0.1436,1.7591,-0.0030,-0.3415,-0.1248,-0.0011,0.3446,0.0148,1,0.00,0.019,0.052,0.002,,0.0161,-0.0419,1.6319,-0.0037,0.3469,-0.1426,-0.2986,-0.1894,0.0155,1,0.00,0.031,0.147,0.000,,-0.0177,-0.0742,1.6707,-0.3018,-0.1868,-0.1370,-0.2995,0.1901,0.0148,1,9.67,0.330,0.534,1.073,,-0.0030,-0.0139,1.5920,-0.3022,0.1925,-0.1476
5.106,928,tripod,0.0073,-0.0061,0.1479,0.0275,0.0322,0.0012,0.0134,-0.0157,-0.0315,0.0937,0.0951,-0.0026,0.000,0.000,0.0233,0.0267,0.0275,0.0322,0.0012,0.1313,0,0.2996,-0.1901,0.0244,1,0.00,0.002,0.046,0.015,,0.0029,-0.2371,1.8363,0.2959,-0.1874,-0.1088,0.2981,0.1900,0.0148,1,3.83,0.043,0.601,0.025,,0.0176,-0.1194,1.7311,0.2951,0.1923,-0.1290,0.0005,-0.3440,0.0148,1,4.23,0.327,0.345,0.381,,-0.0130,-0.1487,1.7635,-0.0030,-0.3414,-0.1239,-0.0011,0.3447,0.0154,1,0.00,0.005,0.032,0.002,,0.0163,-0.0438,1.6332,-0.0038,0.3470,-0.1423,-0.2987,-0.1894,0.0155,1,0.00,0.006,0.030,0.003,,-0.0181,-0.0729,1.6695,-0.3018,-0.1867,-0.1372,-0.2996,0.1901,0.0148,1,3.61,0.316,0.273,0.359,,-0.0032,-0.0100,1.5874,-0.3023,0.1926,-0.1483
5.128,932,tripod,0.0077,-0.0063,0.1476,0.0284,0.0341,0.0013,0.0283,-0.0185,-0.0126,0.1150,0.1502,-0.0027,0.000,0.000,0.0243,0.0283,0.0284,0.0341,0.0013,0.1309,0,0.2998,-0.1901,0.0251,1,2.95,0.135,0.245,0.302,,0.0030,-0.2472,1.8438,0.2959,-0.1873,-0.1071,0.2981,0.1899,0.0147,1,0.00,0.042,0.080,0.004,,0.0180,-0.1234,1.7345,0.2950,0.1923,-0.1283,0.0006,-0.3441,0.0151,1,0.00,0.007,0.014,0.010,,-0.0132,-0.1544,1.7686,-0.0030,-0.3414,-0.1229,-0.0012,0.3447,0.0150,1,9.91,0.946,0.897,0.807,,0.0167,-0.0415,1.6301,-0.0039,0.3471,-0.1427,-0.2987,-0.1893,0.0149,1,5.33,0.741,1.096,0.178,,-0.0187,-0.0692,1.6661,-0.3019,-0.1866,-0.1378,-0.2997,0.1902,0.0151,1,0.00,0.008,0.098,0.002,,-0.0034,-0.0099,1.5865,-0.3024,0.1927,-0.1483
5.149,936,tripod,0.0080,-0.0066,0.1472,0.0294,0.0355,0.0013,0.0127,-0.0073,-0.0189,0.0055,0.0448,-0.0042,0.000,0.000,0.0254,0.0300,0.0294,0.0355,0.0013,0.1303,0,0.3000,-0.1903,0.0259,1,0.00,0.002,0.049,0.014,,0.0031,-0.2588,1.8521,0.2959,-0.1873,-0.1052,0.2982,0.1899,0.0152,1,0.00,0.008,0.046,0.011,,0.0184,-0.1301,1.7404,0.2950,0.1924,-0.1272,0.0007,-0.3442,0.0149,1,6.97,0.009,0.871,0.330,,-0.0135,-0.1571,1.7713,-0.0031,-0.3413,-0.1225,-0.0012,0.3447,0.0149,1,6.49,0.016,0.946,0.161,,0.0172,-0.0411,1.6291,-0.0040,0.3472,-0.1428,-0.2987,-0.1893,0.0149,1,0.00,0.008,0.036,0.003,,-0.0193,-0.0708,1.6673,-0.3020,-0.1865,-0.1376,-0.2996,0.1902,0.0154,1,0.00,0.002,0.033,0.004,,-0.0035,-0.0091,1.5845,-0.3025,0.1929,-0.1484
5.171,940,tripod,0.0082,-0.0067,0.1471,0.0297,0.0364,0.0014,0.0148,-0.0059,0.0147,0.0335,0.0714,0.0134,0.000,0.000,0.0261,0.0313,0.0297,0.0364,0.0014,0.1300,0,0.3001,-0.1904,0.0271,1,6.58,0.043,0.456,0.772,,0.0031,-0.2680,1.8589,0.2959,-0.1873,-0.1036,0.2982,0.1899,0.0154,1,0.00,0.002,0.036,0.002,,0.0190,-0.1319,1.7423,0.2949,0.1925,-0.1269,0.0007,-0.3441,0.0149,1,0.00,0.005,0.037,0.002,,-0.0139,-0.1579,1.7725,-0.0031,-0.3412,-0.1223,-0.0012,0.3447,0.0150,1,0.00,0.001,0.035,0.000,,0.0178,-0.0421,1.6293,-0.0041,0.3473,-0.1426,-0.2987,-0.1893,0.0152,1,0.00,0.005,0.036,0.001,,-0.0199,-0.0714,1.6674,-0.3021,-0.1864,-0.1375,-0.2998,0.1902,0.0148,1,6.51,0.029,0.419,0.736,,-0.0036,-0.0046,1.5785,-0.3027,0.1930,-0.1492
5.191,944,tripod,0.0084,-0.0068,0.1475,0.0298,0.0368,0.0015,0.0098,-0.0047,0.0291,-0.0064,0.0044,0.0037,0.000,0.000,0.0266,0.0323,0.0298,0.0368,0.0015,0.1302,0,0.3002,-0.1904,0.0285,1,6.15,0.034,0.433,0.723,,0.0032,-0.2747,1.8640,0.2958,-0.1872,-0.1025,0.2981,0.1899,0.0150,1,0.00,0.004,0.029,0.004,,0.0198,-0.1279,1.7394,0.2947,0.1926,-0.1275,0.0007,-0.3442,0.0152,1,0.00,0.004,0.031,0.000,,-0.0144,-0.1573,1.7725,-0.0033,-0.3412,-0.1224,-0.0013,0.3448,0.0152,1,0.00,0.004,0.032,0.005,,0.0185,-0.0400,1.6264,-0.0043,0.3475,-0.1430,-0.2987,-0.1893,0.0151,1,0.00,0.005,0.030,0.007,,-0.0207,-0.0671,1.6629,-0.3023,-0.1863,-0.1382,-0.2998,0.1903,0.0147,1,6.10,0.005,0.413,0.660,,-0.0037,-0.0007,1.5733,-0.3028,0.1931,-0.1499
5.213,948,tripod,0.0086,-0.0070,0.1482,0.0302,0.0367,0.0015,0.0121,-0.0137,0.0598,0.0183,0.0003,-0.0054,0.000,0.000,0.0268,0.0328,0.0302,0.0367,0.0015,0.1306,0,0.3004,-0.1905,0.0302,1,0.00,0.008,0.103,0.006,,0.0033,-0.2816,1.8691,0.2957,-0.1872,-0.1013,0.2981,0.1900,0.0150,1,0.00,0.003,0.032,0.001,,0.0205,-0.1236,1.7361,0.2946,0.1927,-0.1283,0.0008,-0.3442,0.0149,1,14.61,0.246,2.005,0.493,,-0.0150,-0.1520,1.7687,-0.0034,-0.3411,-0.1233,-0.0013,0.3448,0.0150,1,12.67,0.264,1.751,0.485,,0.0193,-0.0335,1.6192,-0.0045,0.3476,-0.1441,-0.2987,-0.1893,0.0148,1,0.00,0.009,0.104,0.006,,-0.0214,-0.0629,1.6585,-0.3024,-0.1862,-0.1390,-0.2998,0.1903,0.0152,1,0.00,0.009,0.044,0.001,,-0.0038,0.0000,1.5713,-0.3030,0.1932,-0.1500
5.234,952,tripod,0.0087,-0.0071,0.1490,0.0304,0.0367,0.0014,0.0092,-0.0088,0.0423,0.0074,0.0014,-0.0039,0.000,0.000,0.0271,0.0330,0.0304,0.0367,0.0014,0.1309,0,0.3006,-0.1907,0.0324,1,0.00,0.001,0.038,0.009,,0.0033,-0.2900,1.8750,0.2957,-0.1871,-0.0999,0.2982,0.1899,0.0155,1,0.00,0.005,0.029,0.003,,0.0211,-0.1212,1.7345,0.2945,0.1928,-0.1287,0.0008,-0.3442,0.0148,1,5.84,0.019,0.799,0.220,,-0.0154,-0.1471,1.7653,-0.0035,-0.3410,-0.1242,-0.0013,0.3448,0.0148,1,5.91,0.019,0.783,0.241,,0.0200,-0.0280,1.6133,-0.0046,0.3477,-0.1451,-0.2987,-0.1893,0.0153,1,0.00,0.005,0.030,0.004,,-0.0219,-0.0607,1.6560,-0.3025,-0.1861,-0.1393,-0.2998,0.1902,0.0159,1,0.00,0.001,0.030,0.006,,-0.0038,0.0018,1.5684,-0.3031,0.1933,-0.1503
5.255,956,tripod,0.0089,-0.0073,0.1497,0.0303,0.0370,0.0014,0.0221,-0.0038,0.0407,-0.0136,0.1172,0.0040,0.000,0.000,0.0273,0.0331,0.0303,0.0370,0.0014,0.1315,0,0.3007,-0.1909,0.0342,1,0.00,0.011,0.021,0.007,,0.0033,-0.2965,1.8796,0.2957,-0.1871,-0.0989,0.2982,0.1899,0.0151,1,0.00,0.012,0.011,0.009,,0.0217,-0.1144,1.7289,0.2943,0.1929,-0.1299,0.0008,-0.3442,0.0148,1,0.00,0.022,0.003,0.002,,-0.0158,-0.1432,1.7626,-0.0036,-0.3409,-0.1248,-0.0013,0.3448,0.0147,1,3.17,0.466,0.500,0.039,,0.0205,-0.0238,1.6086,-0.0048,0.3478,-0.1458,-0.2987,-0.1893,0.0149,1,4.03,0.459,0.355,0.354,,-0.0226,-0.0540,1.6494,-0.3027,-0.1860,-0.1405,-0.2998,0.1903,0.0155,1,0.00,0.006,0.062,0.015,,-0.0039,0.0081,1.5608,-0.3033,0.1934,-0.1514
5.276,960,tripod,0.0090,-0.0074,0.1506,0.0309,0.0370,0.0014,0.0067,-0.0079,0.0636,0.0692,0.0868,0.0151,0.000,0.000,0.0274,0.0332,0.0309,0.0370,0.0014,0.1320,0,0.3009,-0.1910,0.0359,1,7.51,0.092,0.547,0.882,,0.0033,-0.3022,1.8835,0.2957,-0.1871,-0.0979,0.2982,0.1899,0.0148,1,0.00,0.006,0.031,0.006,,0.0222,-0.1080,1.7236,0.2942,0.1930,-0.1310,0.0008,-0.3442,0.0152,1,0.00,0.001,0.040,0.001,,-0.0161,-0.1413,1.7613,-0.0036,-0.3408,-0.1252,-0.0013,0.3448,0.0154,1,0.00,0.003,0.039,0.004,,0.0209,-0.0217,1.6061,-0.0049,0.3479,-0.1462,-0.2987,-0.1893,0.0150,1,0.00,0.003,0.041,0.005,,-0.0230,-0.0502,1.6454,-0.3028,-0.1859,-0.1412,-0.2999,0.1903,0.0149,1,7.71,0.056,0.494,0.863,,-0.0040,0.0179,1.5495,-0.3035,0.1936,-0.1531
5.296,964,tripod,0.0091,-0.0075,0.1514,0.0311,0.0380,0.0016,0.0193,0.0036,0.0470,-0.0794,0.0851,0.0054,0.000,0.000,0.0278,0.0335,0.0311,0.0380,0.0016,0.1324,0,0.3010,-0.1910,0.0378,1,3.16,0.103,0.236,0.345,,0.0034,-0.3108,1.8890,0.2957,-0.1871,-0.0965,0.2980,0.1900,0.0151,1,0.00,0.000,0.013,0.003,,0.0226,-0.1060,1.7221,0.2942,0.1930,-0.1313,0.0007,-0.3442,0.0149,1,2.69,0.186,0.283,0.180,,-0.0165,-0.1353,1.7567,-0.0037,-0.3408,-0.1262,-0.0015,0.3449,0.0155,1,0.00,0.016,0.017,0.011,,0.0213,-0.0159,1.5996,-0.0050,0.3480,-0.1472,-0.2988,-0.1893,0.0157,1,0.00,0.011,0.043,0.003,,-0.0234,-0.0483,1.6434,-0.3028,-0.1859,-0.1415,-0.3002,0.1904,0.0148,1,5.20,0.253,0.423,0.478,,-0.0041,0.0250,1.5411,-0.3036,0.1937,-0.1544
5.317,968,tripod,0.0093,-0.0076,0.1521,0.0315,0.0382,0.0015,0.0065,-0.0157,0.0267,0.0657,0.0055,-0.0073,0.000,0.000,0.0279,0.0340,0.0315,0.0382,0.0015,0.1328,0,0.3012,-0.1912,0.0400,1,0.00,0.001,0.037,0.010,,0.0034,-0.3210,1.8953,0.2957,-0.1871,-0.0948,0.2981,0.1900,0.0150,1,0.00,0.006,0.024,0.004,,0.0231,-0.1018,1.7187,0.2941,0.1931,-0.1321,0.0008,-0.3442,0.0149,1,5.25,0.001,0.629,0.287,,-0.0168,-0.1319,1.7542,-0.0038,-0.3407,-0.1268,-0.0016,0.3449,0.0149,1,5.03,0.007,0.657,0.221,,0.0218,-0.0084,1.5917,-0.0051,0.3481,-0.1485,-0.2988,-0.1893,0.0155,1,0.00,0.005,0.021,0.010,,-0.0239,-0.0420,1.6370,-0.3029,-0.1858,-0.1426,-0.3001,0.1904,0.0152,1,0.00,0.001,0.024,0.003,,-0.0041,0.0269,1.5386,-0.3037,0.1937,-0.1547
5.338,972,tripod,0.0095,-0.0078,0.1526,0.0318,0.0388,0.0015,0.0184,-0.0056,0.0327,0.0049,0.0784,0.0057,0.000,0.000,0.0283,0.0343,0.0318,0.0388,0.0015,0.1329,0,0.3014,-0.1914,0.0423,1,0.00,0.001,0.036,0.012,,0.0033,-0.3340,1.9029,0.2958,-0.1872,-0.0926,0.2981,0.1900,0.0149,1,4.99,0.035,0.715,0.148,,0.0235,-0.0986,1.7160,0.2940,0.1932,-0.1326,0.0008,-0.3443,0.0155,1,0.00,0.004,0.028,0.005,,-0.0170,-0.1335,1.7557,-0.0038,-0.3407,-0.1265,-0.0015,0.3449,0.0152,1,0.00,0.004,0.030,0.002,,0.0222,-0.0064,1.5893,-0.0052,0.3481,-0.1489,-0.2989,-0.1892,0.0146,1,5.14,0.019,0.687,0.210,,-0.0245,-0.0341,1.6292,-0.3030,-0.1857,-0.1440,-0.3001,0.1904,0.0155,1,0.00,0.001,0.026,0.007,,-0.0042,0.0296,1.5351,-0.3037,0.1938,-0.1552
5.359,976,tripod,0.0098,-0.0079,0.1526,0.0328,0.0401,0.0016,0.0166,-0.0209,-0.0093,0.1133,0.0729,-0.0043,0.000,0.000,0.0286,0.0349,0.0328,0.0401,0.0016,0.1328,0,0.3018,-0.1916,0.0444,1,3.47,0.256,0.270,0.357,,0.0033,-0.3492,1.9115,0.2958,-0.1872,-0.0901,0.2981,0.1899,0.0150,1,0.00,0.004,0.030,0.005,,0.0237,-0.1003,1.7177,0.2940,0.1932,-0.1323,0.0009,-0.3443,0.0151,1,0.00,0.008,0.028,0.003,,-0.0172,-0.1313,1.7541,-0.0039,-0.3407,-0.1269,-0.0016,0.3450,0.0149,1,4.37,0.310,0.366,0.405,,0.0226,-0.0025,1.5849,-0.0053,0.3482,-0.1496,-0.2988,-0.1892,0.0146,1,3.47,0.061,0.670,0.095,,-0.0248,-0.0324,1.6274,-0.3031,-0.1856,-0.1443,-0.3002,0.1904,0.0151,1,0.00,0.003,0.027,0.013,,-0.0042,0.0364,1.5270,-0.3039,0.1939,-0.1564
5.381,980,tripod,0.0103,-0.0079,0.1528,0.0322,0.0430,0.0016,0.0235,0.0028,-0.0092,-0.0316,0.1365,0.0070,0.000,0.000,0.0290,0.0363,0.0322,0.0430,0.0016,0.1324,0,0.3022,-0.1918,0.0465,1,0.00,0.002,0.046,0.015,,0.0032,-0.3659,1.9206,0.2959,-0.1873,-0.0874,0.2982,0.1899,0.0150,1,3.60,0.309,0.422,0.168,,0.0239,-0.1044,1.7216,0.2939,0.1932,-0.1316,0.0009,-0.3443,0.0148,1,4.17,0.145,0.641,0.054,,-0.0176,-0.1283,1.7519,-0.0040,-0.3406,-0.1274,-0.0016,0.3449,0.0149,1,0.00,0.004,0.032,0.001,,0.0230,-0.0028,1.5847,-0.0054,0.3483,-0.1495,-0.2987,-0.1893,0.0161,1,0.00,0.005,0.029,0.003,,-0.0251,-0.0344,1.6290,-0.3032,-0.1856,-0.1439,-0.3002,0.1905,0.0149,1,3.50,0.182,0.223,0.379,,-0.0043,0.0423,1.5198,-0.3040,0.1939,-0.1574
5.402,984,tripod,0.0106,-0.0079,0.1523,0.0317,0.0440,0.0017,0.0060,-0.0016,-0.0398,0.0212,-0.0076,0.0054,0.000,0.000,0.0289,0.0380,0.0317,0.0440,0.0017,0.1316,0,0.3026,-0.1919,0.0483,1,3.33,0.095,0.247,0.368,,0.0031,-0.3809,1.9288,0.2960,-0.1873,-0.0849,0.2983,0.1899,0.0150,1,2.92,0.292,0.214,0.269,,0.0242,-0.1094,1.7263,0.2938,0.1932,-0.1307,0.0010,-0.3443,0.0150,1,0.59,0.064,0.074,0.003,,-0.0179,-0.1310,1.7543,-0.0040,-0.3406,-0.1269,-0.0015,0.3450,0.0151,1,0.00,0.012,0.052,0.008,,0.0234,-0.0073,1.5890,-0.0055,0.3483,-0.1487,-0.2987,-0.1893,0.0158,1,0.00,0.000,0.018,0.006,,-0.0256,-0.0322,1.6262,-0.3033,-0.1856,-0.1443,-0.3002,0.1905,0.0149,1,4.83,0.256,0.557,0.256,,-0.0041,0.0413,1.5201,-0.3041,0.1940,-0.1572
5.423,988,tripod,0.0108,-0.0078,0.1519,0.0316,0.0451,0.0018,0.0228,0.0010,-0.0174,-0.0099,0.1057,0.0098,0.000,0.000,0.0287,0.0391,0.0316,0.0451,0.0018,0.1308,0,0.3029,-0.1920,0.0503,1,0.19,0.006,0.024,0.008,,0.0030,-0.3976,1.9374,0.2961,-0.1874,-0.0822,0.2983,0.1899,0.0149,1,5.32,0.055,0.628,0.291,,0.0244,-0.1135,1.7304,0.2937,0.1932,-0.1300,0.0012,-0.3443,0.0154,1,0.00,0.005,0.032,0.007,,-0.0183,-0.1362,1.7586,-0.0041,-0.3406,-0.1260,-0.0016,0.3450,0.0150,1,0.00,0.005,0.034,0.003,,0.0240,-0.0096,1.5911,-0.0056,0.3483,-0.1483,-0.2988,-0.1892,0.0149,1,5.50,0.022,0.612,0.344,,-0.0261,-0.0280,1.6217,-0.3034,-0.1855,-0.1451,-0.3002,0.1904,0.0156,1,0.00,0.002,0.038,0.009,,-0.0039,0.0358,1.5252,-0.3042,0.1940,-0.1563
5.444,992,tripod,0.0111,-0.0079,0.1513,0.0318,0.0461,0.0019,0.0115,0.0058,-0.0202,-0.0708,0.0245,0.0031,0.000,0.000,0.0286,0.0403,0.0318,0.0461,0.0019,0.1300,0,0.3033,-0.1922,0.0523,1,0.00,0.027,0.129,0.013,,0.0028,-0.4156,1.9463,0.2961,-0.1875,-0.0792,0.2984,0.1899,0.0151,1,0.00,0.029,0.049,0.012,,0.0245,-0.1194,1.7360,0.2937,0.1932,-0.1290,0.0012,-0.3443,0.0149,1,16.81,0.033,2.066,0.775,,-0.0188,-0.1359,1.7585,-0.0042,-0.3406,-0.1261,-0.0016,0.3450,0.0149,1,11.41,0.003,2.318,0.355,,0.0246,-0.0113,1.5927,-0.0057,0.3483,-0.1480,-0.2987,-0.1892,0.0148,1,0.00,0.030,0.108,0.000,,-0.0264,-0.0296,1.6224,-0.3036,-0.1855,-0.1448,-0.3002,0.1904,0.0159,1,0.00,0.017,0.034,0.001,,-0.0036,0.0344,1.5258,-0.3044,0.1940,-0.1560
5.466,996,tripod,0.0112,-0.0078,0.1509,0.0314,0.0462,0.0019,0.0207,-0.0132,-0.0068,0.0935,0.1097,-0.0024,0.000,0.000,0.0284,0.0410,0.0314,0.0462,0.0019,0.1292,0,0.3037,-0.1923,0.0551,1,0.00,0.004,0.041,0.010,,0.0026,-0.4347,1.9554,0.2962,-0.1876,-0.0761,0.2984,0.1899,0.0149,1,4.19,0.213,0.770,0.084,,0.0248,-0.1211,1.7381,0.2935,0.1932,-0.1287,0.0012,-0.3443,0.0148,1,4.61,0.123,0.653,0.120,,-0.0192,-0.1372,1.7595,-0.0043,-0.3406,-0.1259,-0.0016,0.3450,0.0151,1,0.00,0.027,0.055,0.011,,0.0251,-0.0170,1.5983,-0.0059,0.3483,-0.1470,-0.2987,-0.1892,0.0150,1,0.00,0.019,0.052,0.003,,-0.0266,-0.0323,1.6242,-0.3037,-0.1855,-0.1443,-0.3003,0.1905,0.0147,1,7.28,0.073,0.469,0.772,,-0.0033,0.0378,1.5209,-0.3046,0.1940,-0.1566
5.487,1000,tripod,0.0115,-0.0079,0.1504,0.0325,0.0479,0.0020,0.0192,-0.0017,-0.0411,0.0208,0.1010,0.0077,0.000,0.000,0.0286,0.0418,0.0325,0.0479,0.0020,0.1284,0,0.3040,-0.1925,0.0567,1,0.36,0.007,0.014,0.026,,0.0025,-0.4521,1.9634,0.2963,-0.1877,-0.0733,0.2985,0.1899,0.0149,1,5.54,0.003,0.617,0.335,,0.0249,-0.1254,1.7423,0.2935,0.1932,-0.1280,0.0013,-0.3443,0.0149,1,0.00,0.006,0.039,0.009,,-0.0195,-0.1432,1.7644,-0.0044,-0.3406,-0.1248,-0.0016,0.3450,0.0158,1,0.00,0.005,0.032,0.003,,0.0256,-0.0200,1.6013,-0.0060,0.3483,-0.1465,-0.2988,-0.1892,0.0150,1,5.79,0.045,0.618,0.380,,-0.0269,-0.0328,1.6241,-0.3038,-0.1855,-0.1442,-0.3004,0.1905,0.0147,1,0.00,0.001,0.028,0.002,,-0.0030,0.0389,1.5189,-0.3047,0.1940,-0.1568
5.509,1004,tripod,0.0118,-0.0080,0.1495,0.0334,0.0489,0.0020,0.0125,-0.0215,-0.0463,0.1562,0.0363,-0.0065,0.000,0.000,0.0290,0.0428,0.0334,0.0489,0.0020,0.1272,0,0.3044,-0.1927,0.0584,1,3.69,0.179,0.313,0.378,,0.0023,-0.4706,1.9715,0.2964,-0.1878,-0.0703,0.2985,0.1899,0.0151,1,0.00,0.008,0.037,0.013,,0.0249,-0.1335,1.7496,0.2934,0.1932,-0.1265,0.0014,-0.3443,0.0151,1,0.00,0.011,0.041,0.008,,-0.0197,-0.1508,1.7704,-0.0044,-0.3407,-0.1235,-0.0017,0.3450,0.0149,1,5.06,0.320,0.420,0.476,,0.0263,-0.0182,1.5994,-0.0061,0.3483,-0.1468,-0.2987,-0.1892,0.0149,1,3.59,0.151,0.721,0.140,,-0.0271,-0.0368,1.6272,-0.3039,-0.1855,-0.1435,-0.3005,0.1905,0.0150,1,0.00,0.009,0.040,0.007,,-0.0027,0.0343,1.5229,-0.3049,0.1940,-0.1560
5.529,1008,tripod,0.0120,-0.0082,0.1490,0.0344,0.0496,0.0019,0.0104,-0.0076,-0.0223,0.0349,0.0298,-0.0076,0.000,0.000,0.0299,0.0437,0.0344,0.0496,0.0019,0.1262,0,0.3047,-0.1930,0.0602,1,0.00,0.001,0.049,0.011,,0.0022,-0.4878,1.9788,0.2964,-0.1878,-0.0675,0.2987,0.1898,0.0156,1,0.00,0.007,0.039,0.006,,0.0251,-0.1383,1.7540,0.2933,0.1932,-0.1257,0.0014,-0.3444,0.0147,1,6.64,0.009,0.780,0.365,,-0.0201,-0.1540,1.7734,-0.0045,-0.3406,-0.1230,-0.0016,0.3450,0.0148,1,6.24,0.017,0.842,0.225,,0.0269,-0.0184,1.5995,-0.0063,0.3483,-0.1468,-0.2987,-0.1892,0.0153,1,0.00,0.006,0.039,0.006,,-0.0273,-0.0421,1.6316,-0.3040,-0.1855,-0.1426,-0.3004,0.1905,0.0155,1,0.00,0.000,0.036,0.001,,-0.0025,0.0316,1.5248,-0.3050,0.1940,-0.1555
5.550,1012,tripod,0.0121,-0.0083,0.1487,0.0348,0.0496,0.0019,0.0067,-0.0026,0.0017,0.0156,0.0711,0.0087,0.000,0.000,0.0306,0.0443,0.0348,0.0496,0.0019,0.1260,0,0.3049,-0.1932,0.0619,1,8.72,0.321,0.895,0.864,,0.0022,-0.4998,1.9841,0.2964,-0.1879,-0.0656,0.2987,0.1898,0.0153,1,0.00,0.012,0.012,0.003,,0.0256,-0.1369,1.7533,0.2932,0.1932,-0.1260,0.0014,-0.3444,0.0147,1,0.00,0.030,0.068,0.005,,-0.0204,-0.1561,1.7755,-0.0046,-0.3405,-0.1226,-0.0016,0.3450,0.0147,1,0.00,0.000,0.069,0.003,,0.0275,-0.0190,1.5998,-0.0064,0.3484,-0.1467,-0.2988,-0.1892,0.0149,1,3.40,0.343,0.182,0.308,,-0.0278,-0.0417,1.6306,-0.3042,-0.1854,-0.1427,-0.3005,0.1906,0.0150,1,11.73,0.557,0.706,1.251,,-0.0024,0.0340,1.5211,-0.3052,0.1941,-0.1559
5.572,1016,tripod,0.0121,-0.0084,0.1487,0.0357,0.0491,0.0019,-0.0001,-0.0128,-0.0100,0.0682,-0.0452,-0.0065,0.000,0.000,0.0312,0.0445,0.0357,0.0491,0.0019,0.1255,0,0.3051,-0.1933,0.0638,1,0.00,0.001,0.036,0.008,,0.0021,-0.5121,1.9892,0.2965,-0.1879,-0.0636,0.2986,0.1898,0.0148,1,5.56,0.017,0.791,0.162,,0.0262,-0.1328,1.7504,0.2931,0.1933,-0.1267,0.0015,-0.3444,0.0151,1,0.00,0.003,0.035,0.007,,-0.0207,-0.1601,1.7788,-0.0047,-0.3405,-0.1219,-0.0016,0.3450,0.0155,1,0.00,0.003,0.034,0.006,,0.0279,-0.0221,1.6025,-0.0065,0.3484,-0.1461,-0.2988,-0.1892,0.0149,1,5.22,0.003,0.863,0.019,,-0.0282,-0.0428,1.6310,-0.3043,-0.1854,-0.1425,-0.3005,0.1906,0.0150,1,0.00,0.001,0.031,0.001,,-0.0023,0.0341,1.5199,-0.3053,0.1942,-0.1560
5.593,1020,tripod,0.0121,-0.0086,0.1485,0.0361,0.0486,0.0018,0.0009,-0.0035,-0.0176,0.0027,-0.0109,-0.0011,0.000,0.000,0.0319,0.0442,0.0361,0.0486,0.0018,0.1250,0,0.3052,-0.1935,0.0656,1,0.00,0.001,0.037,0.007,,0.0021,-0.5241,1.9940,0.2965,-0.1879,-0.0617,0.2986,0.1898,0.0148,1,4.09,0.080,0.612,0.060,,0.0266,-0.1327,1.7504,0.2930,0.1934,-0.1267,0.0015,-0.3444,0.0149,1,4.13,0.219,0.525,0.166,,-0.0209,-0.1610,1.7799,-0.0047,-0.3405,-0.1218,-0.0016,0.3450,0.0155,1,0.00,0.004,0.031,0.003,,0.0283,-0.0217,1.6015,-0.0066,0.3485,-0.1462,-0.2988,-0.1892,0.0150,1,0.00,0.003,0.034,0.005,,-0.0285,-0.0468,1.6346,-0.3044,-0.1854,-0.1418,-0.3005,0.1906,0.0149,1,3.39,0.166,0.307,0.263,,-0.0024,0.0324,1.5210,-0.3054,0.1942,-0.1557
5.614,1024,tripod,0.0121,-0.0087,0.1482,0.0371,0.0486,0.0018,0.0029,-0.0168,-0.0105,0.0876,0.0050,-0.0107,0.000,0.000,0.0324,0.0440,0.0371,0.0486,0.0018,0.1244,0,0.3054,-0.1938,0.0671,1,0.00,0.002,0.045,0.007,,0.0021,-0.5363,1.9986,0.2965,-0.1879,-0.0597,0.2986,0.1898,0.0151,1,0.00,0.007,0.037,0.005,,0.0269,-0.1356,1.7529,0.2930,0.1934,-0.1262,0.0015,-0.3444,0.0148,1,6.46,0.001,0.686,0.442,,-0.0210,-0.1640,1.7827,-0.0047,-0.3404,-0.1213,-0.0017,0.3450,0.0149,1,6.20,0.007,0.707,0.370,,0.0287,-0.0183,1.5978,-0.0067,0.3486,-0.1468,-0.2988,-0.1892,0.0151,1,0.00,0.006,0.037,0.003,,-0.0287,-0.0498,1.6374,-0.3044,-0.1853,-0.1413,-0.3005,0.1906,0.0153,1,0.00,0.001,0.037,0.005,,-0.0025,0.0295,1.5236,-0.3055,0.1943,-0.1551
5.635,1028,tripod,0.0123,-0.0089,0.1482,0.0378,0.0493,0.0017,0.0116,-0.0094,0.0049,0.0229,0.0487,-0.0004,0.000,0.000,0.0332,0.0440,0.0378,0.0493,0.0017,0.1242,0,0.3056,-0.1940,0.0682,1,3.92,0.196,0.384,0.364,,0.0022,-0.5450,2.0019,0.2966,-0.1879,-0.0583,0.2987,0.1897,0.0152,1,0.00,0.005,0.033,0.000,,0.0272,-0.1355,1.7528,0.2929,0.1935,-0.1262,0.0016,-0.3445,0.0150,1,0.00,0.005,0.035,0.004,,-0.0210,-0.1666,1.7851,-0.0047,-0.3404,-0.1208,-0.0017,0.3450,0.0148,1,4.50,0.244,0.487,0.296,,0.0290,-0.0162,1.5953,-0.0068,0.3486,-0.1472,-0.2988,-0.1892,0.0149,1,4.02,0.053,0.634,0.044,,-0.0292,-0.0481,1.6358,-0.3044,-0.1852,-0.1416,-0.3005,0.1906,0.0156,1,0.00,0.001,0.034,0.005,,-0.0027,0.0306,1.5218,-0.3055,0.1944,-0.1553
5.656,1032,tripod,0.0124,-0.0091,0.1483,0.0385,0.0494,0.0017,0.0165,-0.0134,0.0225,0.0386,0.0827,0.0020,0.000,0.000,0.0338,0.0442,0.0385,0.0494,0.0017,0.1242,0,0.3057,-0.1942,0.0695,1,0.00,0.040,0.034,0.001,,0.0022,-0.5537,2.0051,0.2966,-0.1879,-0.0569,0.2987,0.1897,0.0149,1,5.99,0.052,1.196,0.192,,0.0277,-0.1326,1.7503,0.2929,0.1936,-0.1267,0.0016,-0.3446,0.0149,1,11.75,0.492,1.580,0.409,,-0.0211,-0.1664,1.7853,-0.0048,-0.3403,-0.1208,-0.0016,0.3450,0.0151,1,0.00,0.039,0.071,0.002,,0.0292,-0.0162,1.5946,-0.0068,0.3487,-0.1472,-0.2988,-0.1892,0.0148,1,0.00,0.017,0.153,0.002,,-0.0295,-0.0483,1.6359,-0.3045,-0.1852,-0.1415,-0.3005,0.1907,0.0149,1,13.89,0.234,1.144,1.200,,-0.0029,0.0361,1.5151,-0.3056,0.1945,-0.1563
5.677,1036,tripod,0.0126,-0.0093,0.1485,0.0390,0.0507,0.0018,0.0125,-0.0082,0.0114,0.0190,0.0706,0.0018,0.000,0.000,0.0344,0.0446,0.0390,0.0507,0.0018,0.1242,0,0.3060,-0.1944,0.0708,1,0.00,0.001,0.040,0.005,,0.0023,-0.5635,2.0085,0.2966,-0.1879,-0.0553,0.2987,0.1897,0.0148,1,4.00,0.203,0.615,0.037,,0.0281,-0.1327,1.7503,0.2928,0.1937,-0.1267,0.0016,-0.3446,0.0148,1,4.47,0.321,0.542,0.207,,-0.0213,-0.1654,1.7850,-0.0048,-0.3402,-0.1210,-0.0017,0.3450,0.0151,1,0.00,0.005,0.031,0.007,,0.0295,-0.0133,1.5908,-0.0069,0.3489,-0.1477,-0.2987,-0.1893,0.0157,1,0.00,0.006,0.033,0.001,,-0.0298,-0.0495,1.6371,-0.3045,-0.1851,-0.1413,-0.3006,0.1908,0.0149,1,3.91,0.151,0.256,0.418,,-0.0032,0.0407,1.5093,-0.3057,0.1946,-0.1571
5.698,1040,tripod,0.0128,-0.0096,0.1488,0.0400,0.0515,0.0017,0.0107,-0.0174,0.0146,0.0692,0.0375,-0.0102,0.000,0.000,0.0350,0.0454,0.0400,0.0515,0.0017,0.1243,0,0.3062,-0.1947,0.0720,1,0.00,0.002,0.039,0.004,,0.0023,-0.5714,2.0113,0.2967,-0.1879,-0.0541,0.2988,0.1896,0.0151,1,0.00,0.007,0.035,0.002,,0.0285,-0.1331,1.7506,0.2928,0.1938,-0.1266,0.0016,-0.3446,0.0147,1,6.31,0.012,0.616,0.496,,-0.0214,-0.1651,1.7854,-0.0048,-0.3401,-0.1211,-0.0017,0.3450,0.0148,1,5.86,0.021,0.664,0.358,,0.0300,-0.0079,1.5848,-0.0070,0.3490,-0.1486,-0.2988,-0.1893,0.0155,1,0.00,0.006,0.029,0.007,,-0.0304,-0.0456,1.6333,-0.3046,-0.1850,-0.1420,-0.3006,0.1908,0.0151,1,0.00,0.001,0.030,0.005,,-0.0034,0.0433,1.5057,-0.3058,0.1948,-0.1575
5.719,1044,tripod,0.0131,-0.0098,0.1493,0.0408,0.0528,0.0017,0.0249,-0.0152,0.0375,0.0484,0.1012,0.0080,0.000,0.000,0.0358,0.0461,0.0408,0.0528,0.0017,0.1246,0,0.3064,-0.1949,0.0729,1,0.00,0.001,0.032,0.003,,0.0024,-0.5782,2.0137,0.2967,-0.1879,-0.0530,0.2988,0.1895,0.0149,1,5.76,0.000,0.684,0.326,,0.0290,-0.1304,1.7486,0.2927,0.1938,-0.1271,0.0017,-0.3447,0.0149,1,0.00,0.006,0.027,0.001,,-0.0216,-0.1654,1.7862,-0.0049,-0.3401,-0.1210,-0.0017,0.3450,0.0149,1,0.00,0.006,0.028,0.007,,0.0304,-0.0046,1.5808,-0.0071,0.3491,-0.1492,-0.2988,-0.1892,0.0149,1,5.52,0.035,0.719,0.248,,-0.0311,-0.0384,1.6262,-0.3047,-0.1848,-0.1433,-0.3007,0.1908,0.0154,1,0.00,0.000,0.028,0.010,,-0.0036,0.0474,1.5002,-0.3059,0.1949,-0.1583
5.741,1048,tripod,0.0134,-0.0100,0.1494,0.0415,0.0544,0.0018,0.0265,-0.0130,0.0141,0.0478,0.1569,0.0049,0.000,0.000,0.0365,0.0473,0.0415,0.0544,0.0018,0.1246,0,0.3068,-0.1951,0.0739,1,0.00,0.003,0.026,0.001,,0.0024,-0.5870,2.0165,0.2967,-0.1879,-0.0516,0.2988,0.1895,0.0148,1,5.43,0.573,0.919,0.021,,0.0295,-0.1310,1.7493,0.2926,0.1939,-0.1270,0.0018,-0.3448,0.0149,1,5.88,0.380,0.887,0.136,,-0.0218,-0.1659,1.7869,-0.0049,-0.3400,-0.1209,-0.0018,0.3451,0.0151,1,0.00,0.037,0.118,0.006,,0.0309,-0.0026,1.5779,-0.0072,0.3492,-0.1495,-0.2988,-0.1892,0.0148,1,0.00,0.040,0.115,0.004,,-0.0317,-0.0358,1.6236,-0.3048,-0.1847,-0.1437,-0.3008,0.1909,0.0149,1,13.71,0.356,0.830,1.450,,-0.0038,0.0551,1.4905,-0.3061,0.1950,-0.1596
5.762,1052,tripod,0.0139,-0.0103,0.1494,0.0428,0.0567,0.0017,0.0261,-0.0181,-0.0117,0.0772,0.1346,-0.0136,0.000,0.000,0.0373,0.0488,0.0428,0.0567,0.0017,0.1245,0,0.3072,-0.1954,0.0746,1,0.00,0.005,0.036,0.005,,0.0025,-0.5965,2.0194,0.2968,-0.1880,-0.0500,0.2989,0.1894,0.0150,1,0.00,0.011,0.032,0.005,,0.0299,-0.1343,1.7522,0.2926,0.1940,-0.1264,0.0019,-0.3448,0.0149,1,5.88,0.020,0.384,0.679,,-0.0221,-0.1674,1.7886,-0.0050,-0.3399,-0.1207,-0.0018,0.3451,0.0149,1,5.13,0.031,0.483,0.414,,0.0316,0.0016,1.5729,-0.0074,0.3493,-0.1503,-0.2988,-0.1892,0.0152,1,0.00,0.010,0.028,0.003,,-0.0323,-0.0343,1.6217,-0.3049,-0.1846,-0.1440,-0.3009,0.1910,0.0151,1,0.00,0.005,0.025,0.010,,-0.0040,0.0600,1.4838,-0.3063,0.1952,-0.1604
5.783,1056,tripod,0.0143,-0.0106,0.1495,0.0437,0.0588,0.0018,0.0291,-0.0147,0.0091,0.0517,0.1236,0.0103,0.000,0.000,0.0382,0.0505,0.0437,0.0588,0.0018,0.1245,0,0.3075,-0.1957,0.0750,1,0.00,0.001,0.032,0.003,,0.0025,-0.6038,2.0216,0.2968,-0.1880,-0.0489,0.2990,0.1893,0.0149,1,5.58,0.002,0.633,0.340,,0.0305,-0.1354,1.7535,0.2924,0.1941,-0.1262,0.0020,-0.3449,0.0150,1,0.00,0.006,0.028,0.004,,-0.0224,-0.1700,1.7910,-0.0050,-0.3399,-0.1202,-0.0018,0.3451,0.0150,1,0.00,0.006,0.029,0.004,,0.0323,0.0030,1.5708,-0.0076,0.3494,-0.1505,-0.2989,-0.1891,0.0149,1,5.39,0.033,0.656,0.285,,-0.0332,-0.0293,1.6164,-0.3051,-0.1845,-0.1449,-0.3009,0.1911,0.0152,1,0.00,0.000,0.027,0.012,,-0.0040,0.0646,1.4770,-0.3065,0.1953,-0.1612
5.804,1060,tripod,0.0148,-0.0109,0.1493,0.0451,0.0612,0.0019,0.0322,-0.0110,-0.0001,0.0115,0.1690,0.0027,0.000,0.000,0.0392,0.0524,0.0451,0.0612,0.0019,0.1243,0,0.3080,-0.1959,0.0750,1,0.00,0.021,0.049,0.004,,0.0025,-0.6108,2.0238,0.2968,-0.1880,-0.0478,0.2991,0.1893,0.0148,1,4.27,0.573,0.716,0.056,,0.0311,-0.1382,1.7563,0.2923,0.1941,-0.1257,0.0021,-0.3450,0.0148,1,6.77,0.471,0.609,0.550,,-0.0228,-0.1719,1.7929,-0.0051,-0.3398,-0.1199,-0.0018,0.3451,0.0154,1,0.00,0.012,0.034,0.006,,0.0331,0.0034,1.5693,-0.0078,0.3496,-0.1506,-0.2989,-0.1891,0.0149,1,0.00,0.029,0.039,0.001,,-0.0340,-0.0281,1.6146,-0.3052,-0.1844,-0.1451,-0.3011,0.1911,0.0149,1,3.69,0.097,0.239,0.400,,-0.0041,0.0717,1.4672,-0.3068,0.1955,-0.1625
5.825,1064,tripod,0.0153,-0.0111,0.1492,0.0459,0.0632,0.0019,0.0259,-0.0219,-0.0052,0.0955,0.0978,-0.0206,0.000,0.000,0.0401,0.0545,0.0459,0.0632,0.0019,0.1241,0,0.3083,-0.1961,0.0751,1,0.00,0.004,0.031,0.002,,0.0026,-0.6163,2.0255,0.2968,-0.1880,-0.0469,0.2992,0.1892,0.0151,1,0.00,0.010,0.033,0.008,,0.0316,-0.1436,1.7611,0.2922,0.1942,-0.1248,0.0021,-0.3450,0.0148,1,5.97,0.023,0.390,0.692,,-0.0233,-0.1734,1.7946,-0.0052,-0.3397,-0.1196,-0.0020,0.3452,0.0149,1,5.32,0.035,0.458,0.477,,0.0343,0.0076,1.5641,-0.0080,0.3497,-0.1513,-0.2989,-0.1891,0.0155,1,0.00,0.008,0.031,0.002,,-0.0348,-0.0284,1.6142,-0.3054,-0.1843,-0.1450,-0.3012,0.1912,0.0152,1,0.00,0.003,0.029,0.007,,-0.0041,0.0740,1.4627,-0.3070,0.1957,-0.1628
5.846,1068,tripod,0.0157,-0.0114,0.1492,0.0472,0.0647,0.0016,0.0249,-0.0178,-0.0044,0.0613,0.0861,-0.0175,0.000,0.000,0.0411,0.0563,0.0472,0.0647,0.0016,0.1241,0,0.3086,-0.1965,0.0749,1,0.00,0.002,0.034,0.001,,0.0026,-0.6198,2.0268,0.2968,-0.1879,-0.0463,0.2994,0.1890,0.0154,1,0.00,0.008,0.034,0.003,,0.0323,-0.1455,1.7633,0.2921,0.1943,-0.1245,0.0022,-0.3451,0.0147,1,6.61,0.022,0.550,0.626,,-0.0238,-0.1756,1.7973,-0.0054,-0.3396,-0.1192,-0.0019,0.3451,0.0148,1,6.05,0.034,0.599,0.449,,0.0354,0.0106,1.5604,-0.0083,0.3498,-0.1518,-0.2990,-0.1890,0.0151,1,0.00,0.007,0.032,0.009,,-0.0358,-0.0242,1.6090,-0.3057,-0.1841,-0.1457,-0.3013,0.1913,0.0155,1,0.00,0.001,0.033,0.010,,-0.0040,0.0766,1.4576,-0.3073,0.1958,-0.1633
5.867,1072,tripod,0.0163,-0.0118,0.1495,0.0484,0.0671,0.0018,0.0332,-0.0247,0.0314,0.0982,0.0956,0.0058,0.000,0.000,0.0421,0.0581,0.0484,0.0671,0.0018,0.1244,0,0.3090,-0.1967,0.0746,1,0.00,0.001,0.029,0.001,,0.0027,-0.6216,2.0276,0.2968,-0.1879,-0.0461,0.2994,0.1890,0.0148,1,6.14,0.004,0.704,0.371,,0.0334,-0.1426,1.7618,0.2918,0.1944,-0.1250,0.0024,-0.3452,0.0148,1,0.00,0.007,0.031,0.003,,-0.0244,-0.1769,1.7986,-0.0055,-0.3396,-0.1190,-0.0019,0.3451,0.0152,1,0.00,0.007,0.033,0.005,,0.0366,0.0123,1.5573,-0.0086,0.3500,-0.1522,-0.2991,-0.1890,0.0149,1,5.85,0.043,0.744,0.272,,-0.0370,-0.0184,1.6021,-0.3060,-0.1840,-0.1468,-0.3014,0.1914,0.0158,1,0.00,0.000,0.030,0.016,,-0.0040,0.0827,1.4482,-0.3077,0.1960,-0.1643
5.889,1076,tripod,0.0169,-0.0122,0.1500,0.0501,0.0685,0.0020,0.0288,-0.0231,0.0262,0.0872,0.0697,0.0041,0.000,0.000,0.0434,0.0598,0.0501,0.0685,0.0020,0.1249,0,0.3094,-0.1969,0.0744,1,0.00,0.002,0.033,0.000,,0.0028,-0.6219,2.0281,0.2967,-0.1879,-0.0460,0.2994,0.1890,0.0147,1,6.06,0.092,0.735,0.313,,0.0344,-0.1396,1.7602,0.2916,0.1946,-0.1255,0.0026,-0.3453,0.0149,1,0.57,0.071,0.047,0.011,,-0.0251,-0.1774,1.7995,-0.0056,-0.3395,-0.1189,-0.0020,0.3452,0.0157,1,0.00,0.008,0.027,0.010,,0.0380,0.0165,1.5515,-0.0089,0.3502,-0.1529,-0.2990,-0.1890,0.0148,1,5.53,0.053,0.686,0.268,,-0.0382,-0.0142,1.5969,-0.3062,-0.1838,-0.1475,-0.3016,0.1915,0.0156,1,0.00,0.002,0.023,0.021,,-0.0039,0.0917,1.4352,-0.3081,0.1962,-0.1659
5.910,1080,tripod,0.0173,-0.0126,0.1501,0.0518,0.0702,0.0021,0.0324,-0.0248,0.0014,0.1389,0.1718,-0.0096,0.000,0.000,0.0447,0.0612,0.0518,0.0702,0.0021,0.1254,0,0.3097,-0.1971,0.0736,1,0.00,0.002,0.028,0.001,,0.0029,-0.6200,2.0280,0.2967,-0.1878,-0.0463,0.2995,0.1889,0.0147,1,3.87,0.100,0.574,0.059,,0.0354,-0.1390,1.7604,0.2914,0.1947,-0.1256,0.0027,-0.3454,0.0149,1,4.45,0.326,0.360,0.400,,-0.0257,-0.1793,1.8015,-0.0058,-0.3394,-0.1186,-0.0022,0.3453,0.0153,1,0.00,0.006,0.023,0.015,,0.0394,0.0240,1.5420,-0.0093,0.3505,-0.1542,-0.2990,-0.1890,0.0149,1,0.00,0.012,0.029,0.002,,-0.0392,-0.0132,1.5950,-0.3065,-0.1836,-0.1477,-0.3019,0.1916,0.0149,1,3.32,0.243,0.267,0.318,,-0.0040,0.1021,1.4202,-0.3085,0.1965,-0.1677
5.931,1084,tripod,0.0177,-0.0131,0.1502,0.0544,0.0711,0.0021,0.0145,-0.0362,0.0045,0.1699,0.0011,-0.0360,0.000,0.000,0.0463,0.0628,0.0544,0.0711,0.0021,0.1256,0,0.3100,-0.1974,0.0727,1,0.94,0.116,0.094,0.047,,0.0030,-0.6189,2.0281,0.2966,-0.1877,-0.0465,0.2997,0.1889,0.0153,1,0.00,0.008,0.035,0.007,,0.0363,-0.1418,1.7631,0.2912,0.1948,-0.1251,0.0029,-0.3455,0.0149,1,5.37,0.187,0.399,0.547,,-0.0261,-0.1839,1.8056,-0.0059,-0.3393,-0.1178,-0.0023,0.3456,0.0148,1,5.84,0.067,0.377,0.647,,0.0410,0.0325,1.5311,-0.0097,0.3508,-0.1557,-0.2990,-0.1890,0.0151,1,0.00,0.011,0.034,0.002,,-0.0402,-0.0137,1.5946,-0.3067,-0.1835,-0.1476,-0.3020,0.1918,0.0149,1,0.00,0.000,0.027,0.012,,-0.0040,0.1073,1.4115,-0.3089,0.1967,-0.1685
5.953,1088,tripod,0.0182,-0.0136,0.1502,0.0561,0.0722,0.0020,0.0261,-0.0245,0.0070,0.0665,0.0415,-0.0091,0.000,0.000,0.0483,0.0638,0.0561,0.0722,0.0020,0.1257,0,0.3102,-0.1978,0.0718,1,7.76,0.533,0.886,0.569,,0.0032,-0.6170,2.0280,0.2966,-0.1877,-0.0468,0.2998,0.1887,0.0154,1,0.00,0.027,0.065,0.002,,0.0374,-0.1403,1.7623,0.2910,0.1950,-0.1253,0.0031,-0.3458,0.0150,1,0.00,0.028,0.071,0.008,,-0.0265,-0.1882,1.8094,-0.0059,-0.3393,-0.1171,-0.0024,0.3456,0.0148,1,5.54,0.011,0.433,0.534,,0.0423,0.0372,1.5243,-0.0100,0.3511,-0.1565,-0.2990,-0.1890,0.0148,1,4.84,0.510,0.804,0.017,,-0.0414,-0.0120,1.5921,-0.3070,-0.1833,-0.1479,-0.3020,0.1919,0.0153,1,0.00,0.009,0.003,0.007,,-0.0042,0.1101,1.4058,-0.3092,0.1970,-0.1690
5.974,1092,tripod,0.0185,-0.0140,0.1502,0.0576,0.0727,0.0019,0.0136,-0.0256,0.0025,0.1114,0.0324,-0.0170,0.000,0.000,0.0499,0.0647,0.0576,0.0727,0.0019,0.1259,0,0.3104,-0.1980,0.0710,1,0.00,0.003,0.027,0.000,,0.0034,-0.6149,2.0278,0.2966,-0.1876,-0.0472,0.2998,0.1887,0.0149,1,3.74,0.073,0.653,0.041,,0.0388,-0.1365,1.7593,0.2908,0.1953,-0.1260,0.0032,-0.3459,0.0149,1,4.35,0.383,0.345,0.398,,-0.0269,-0.1900,1.8117,-0.0060,-0.3391,-0.1168,-0.0023,0.3456,0.0153,1,0.00,0.006,0.030,0.001,,0.0433,0.0365,1.5235,-0.0102,0.3513,-0.1564,-0.2990,-0.1890,0.0150,1,0.00,0.013,0.033,0.003,,-0.0424,-0.0142,1.5937,-0.3071,-0.1831,-0.1475,-0.3021,0.1921,0.0149,1,3.15,0.327,0.295,0.244,,-0.0046,0.1151,1.3973,-0.3095,0.1973,-0.1698
5.997,1096,tripod,0.0187,-0.0144,0.1503,0.0590,0.0731,0.0017,0.0090,-0.0186,-0.0103,0.0674,0.0178,-0.0128,0.000,0.000,0.0514,0.0653,0.0590,0.0731,0.0017,0.1260,0,0.3104,-0.1983,0.0702,1,0.00,0.001,0.026,0.001,,0.0036,-0.6118,2.0273,0.2965,-0.1875,-0.0477,0.2998,0.1887,0.0148,1,3.73,0.065,0.620,0.009,,0.0399,-0.1347,1.7581,0.2907,0.1955,-0.1263,0.0032,-0.3459,0.0149,1,4.16,0.379,0.337,0.372,,-0.0272,-0.1919,1.8142,-0.0061,-0.3390,-0.1164,-0.0023,0.3457,0.0159,1,0.00,0.007,0.028,0.006,,0.0443,0.0370,1.5212,-0.0105,0.3515,-0.1565,-0.2991,-0.1889,0.0151,1,0.00,0.013,0.029,0.003,,-0.0435,-0.0141,1.5932,-0.3073,-0.1829,-0.1475,-0.3022,0.1923,0.0149,1,3.03,0.325,0.288,0.224,,-0.0049,0.1183,1.3910,-0.3098,0.1975,-0.1704
6.018,1100,tripod,0.0189,-0.0146,0.1499,0.0595,0.0742,0.0018,0.0162,-0.0104,-0.0381,-0.0073,0.0545,-0.0050,0.000,0.000,0.0526,0.0658,0.0595,0.0742,0.0018,0.1260,0,0.3105,-0.1983,0.0685,1,3.57,0.287,0.626,0.230,,0.0038,-0.6055,2.0260,0.2965,-0.1874,-0.0487,0.2999,0.1887,0.0148,1,3.79,0.543,0.464,0.116,,0.0408,-0.1380,1.7610,0.2905,0.1956,-0.1257,0.0034,-0.3461,0.0152,1,0.00,0.028,0.072,0.008,,-0.0274,-0.1968,1.8185,-0.0061,-0.3389,-0.1156,-0.0025,0.3459,0.0152,1,0.00,0.011,0.005,0.008,,0.0454,0.0414,1.5146,-0.0108,0.3518,-0.1572,-0.2991,-0.1888,0.0148,1,5.37,0.404,0.663,0.227,,-0.0446,-0.0132,1.5922,-0.3075,-0.1827,-0.1477,-0.3023,0.1923,0.0153,1,0.00,0.024,0.007,0.007,,-0.0054,0.1165,1.3912,-0.3100,0.1978,-0.1700
6.039,1104,tripod,0.0192,-0.0151,0.1500,0.0612,0.0744,0.0016,0.0124,-0.0240,0.0160,0.0668,0.0099,-0.0196,0.000,0.000,0.0537,0.0665,0.0612,0.0744,0.0016,0.1260,0,0.3105,-0.1985,0.0676,1,0.00,0.005,0.028,0.001,,0.0041,-0.6022,2.0255,0.2964,-0.1873,-0.0492,0.3001,0.1885,0.0160,1,0.00,0.010,0.036,0.007,,0.0415,-0.1434,1.7653,0.2905,0.1958,-0.1248,0.0034,-0.3462,0.0149,1,6.64,0.018,0.448,0.761,,-0.0277,-0.1976,1.8199,-0.0062,-0.3388,-0.1154,-0.0025,0.3460,0.0149,1,6.00,0.033,0.475,0.563,,0.0464,0.0467,1.5072,-0.0110,0.3521,-0.1581,-0.2991,-0.1888,0.0151,1,0.00,0.009,0.041,0.004,,-0.0454,-0.0160,1.5945,-0.3076,-0.1826,-0.1472,-0.3023,0.1925,0.0156,1,0.00,0.003,0.035,0.009,,-0.0058,0.1181,1.3873,-0.3102,0.1980,-0.1703
6.060,1108,tripod,0.0194,-0.0154,0.1502,0.0620,0.0747,0.0014,0.0126,-0.0199,0.0118,0.0388,0.0231,-0.0151,0.000,0.000,0.0547,0.0669,0.0620,0.0747,0.0014,0.1265,0,0.3105,-0.1988,0.0666,1,0.00,0.004,0.024,0.003,,0.0043,-0.5957,2.0240,0.2963,-0.1872,-0.0503,0.3002,0.1883,0.0164,1,0.00,0.009,0.030,0.001,,0.0424,-0.1429,1.7649,0.2904,0.1959,-0.1249,0.0034,-0.3462,0.0148,1,6.47,0.016,0.520,0.641,,-0.0280,-0.1971,1.8209,-0.0063,-0.3386,-0.1155,-0.0025,0.3460,0.0148,1,5.84,0.029,0.566,0.437,,0.0473,0.0505,1.5020,-0.0112,0.3523,-0.1588,-0.2991,-0.1888,0.0151,1,0.00,0.008,0.033,0.005,,-0.0465,-0.0139,1.5922,-0.3077,-0.1824,-0.1476,-0.3024,0.1926,0.0152,1,0.00,0.003,0.030,0.017,,-0.0062,0.1243,1.3778,-0.3105,0.1983,-0.1713
6.081,1112,tripod,0.0198,-0.0157,0.1501,0.0626,0.0772,0.0014,0.0281,-0.0239,0.0215,0.0832,0.0300,-0.0022,0.000,0.000,0.0555,0.0676,0.0626,0.0772,0.0014,0.1270,0,0.3105,-0.1988,0.0641,1,1.49,0.171,0.037,0.002,,0.0046,-0.5853,2.0214,0.2963,-0.1871,-0.0520,0.3001,0.1883,0.0149,1,27.71,0.015,2.769,1.962,,0.0436,-0.1380,1.7611,0.2902,0.1961,-0.1257,0.0034,-0.3463,0.0147,1,0.00,0.037,0.073,0.008,,-0.0281,-0.1988,1.8228,-0.0063,-0.3385,-0.1152,-0.0026,0.3460,0.0147,1,0.00,0.043,0.176,0.005,,0.0479,0.0506,1.5004,-0.0114,0.3525,-0.1588,-0.2992,-0.1887,0.0150,1,18.88,0.108,2.940,0.404,,-0.0476,-0.0098,1.5877,-0.3079,-0.1822,-0.1483,-0.3026,0.1928,0.0150,1,0.00,0.030,0.010,0.001,,-0.0067,0.1294,1.3697,-0.3107,0.1986,-0.1722
6.103,1116,tripod,0.0202,-0.0162,0.1504,0.0647,0.0781,0.0015,0.0196,-0.0327,-0.0028,0.1538,0.0700,-0.0028,0.000,0.000,0.0564,0.0689,0.0647,0.0781,0.0015,0.1273,0,0.3106,-0.1989,0.0624,1,0.00,0.000,0.015,0.003,,0.0048,-0.5770,2.0194,0.2962,-0.1870,-0.0533,0.3002,0.1883,0.0147,1,5.44,0.004,0.725,0.212,,0.0447,-0.1345,1.7584,0.2900,0.1963,-0.1263,0.0037,-0.3465,0.0151,1,0.00,0.004,0.028,0.005,,-0.0283,-0.2019,1.8256,-0.0063,-0.3384,-0.1147,-0.0024,0.3459,0.0162,1,0.00,0.005,0.033,0.002,,0.0486,0.0492,1.5005,-0.0116,0.3527,-0.1586,-0.2992,-0.1887,0.0149,1,5.03,0.016,0.796,0.063,,-0.0485,-0.0078,1.5854,-0.3081,-0.1820,-0.1486,-0.3026,0.1928,0.0154,1,0.00,0.001,0.029,0.014,,-0.0071,0.1341,1.3620,-0.3110,0.1988,-0.1730
6.124,1120,tripod,0.0204,-0.0164,0.1504,0.0651,0.0791,0.0015,0.0163,-0.0103,-0.0100,0.0464,0.1023,-0.0014,0.000,0.000,0.0575,0.0698,0.0651,0.0791,0.0015,0.1276,0,0.3106,-0.1990,0.0612,1,0.00,0.000,0.026,0.002,,0.0051,-0.5717,2.0182,0.2961,-0.1869,-0.0542,0.3002,0.1883,0.0147,1,3.84,0.108,0.552,0.076,,0.0454,-0.1353,1.7592,0.2899,0.1965,-0.1262,0.0037,-0.3466,0.0149,1,4.28,0.314,0.388,0.340,,-0.0286,-0.2021,1.8264,-0.0064,-0.3383,-0.1147,-0.0026,0.3460,0.0160,1,0.00,0.006,0.028,0.009,,0.0495,0.0525,1.4952,-0.0118,0.3529,-0.1592,-0.2992,-0.1888,0.0153,1,0.00,0.011,0.032,0.003,,-0.0492,-0.0095,1.5868,-0.3082,-0.1819,-0.1483,-0.3028,0.1930,0.0148,1,3.21,0.217,0.259,0.282,,-0.0074,0.1403,1.3525,-0.3112,0.1991,-0.1740
6.146,1124,tripod,0.0206,-0.0166,0.1500,0.0662,0.0803,0.0014,0.0290,-0.0330,0.0292,0.1253,0.0549,-0.0034,0.000,0.000,0.0583,0.0709,0.0662,0.0803,0.0014,0.1278,0,0.3105,-0.1989,0.0588,1,8.96,1.016,1.505,0.274,,0.0053,-0.5622,2.0156,0.2960,-0.1868,-0.0557,0.3002,0.1882,0.0149,1,0.00,0.016,0.054,0.008,,0.0459,-0.1402,1.7633,0.2899,0.1966,-0.1253,0.0038,-0.3466,0.0148,1,0.00,0.068,0.136,0.002,,-0.0287,-0.2063,1.8301,-0.0064,-0.3383,-0.1140,-0.0029,0.3464,0.0147,1,11.18,0.757,1.089,0.883,,0.0506,0.0598,1.4855,-0.0121,0.3532,-0.1604,-0.2993,-0.1886,0.0149,1,12.64,0.099,1.890,0.206,,-0.0502,-0.0074,1.5842,-0.3083,-0.1817,-0.1487,-0.3030,0.1932,0.0149,1,0.00,0.026,0.083,0.002,,-0.0077,0.1403,1.3506,-0.3114,0.1992,-0.1740
6.167,1128,tripod,0.0211,-0.0171,0.1500,0.0681,0.0818,0.0014,0.0267,-0.0269,-0.0127,0.0662,0.1185,-0.0236,0.000,0.000,0.0595,0.0720,0.0681,0.0818,0.0014,0.1278,0,0.3106,-0.1990,0.0569,1,0.18,0.027,0.039,0.010,,0.0056,-0.5555,2.0139,0.2959,-0.1867,-0.0568,0.3005,0.1880,0.0157,1,0.00,0.001,0.033,0.007,,0.0465,-0.1440,1.7665,0.2898,0.1967,-0.1247,0.0041,-0.3468,0.0150,1,11.90,0.141,0.830,1.281,,-0.0288,-0.2103,1.8335,-0.0064,-0.3382,-0.1133,-0.0029,0.3465,0.0147,1,8.89,0.029,0.848,0.710,,0.0516,0.0645,1.4788,-0.0123,0.3534,-0.1612,-0.2993,-0.1886,0.0148,1,0.00,0.035,0.080,0.005,,-0.0511,-0.0065,1.5827,-0.3085,-0.1816,-0.1489,-0.3029,0.1932,0.0161,1,0.00,0.019,0.039,0.003,,-0.0079,0.1395,1.3498,-0.3116,0.1994,-0.1738
6.188,1132,tripod,0.0215,-0.0175,0.1501,0.0689,0.0835,0.0012,0.0117,-0.0171,0.0174,0.0463,-0.0558,-0.0132,0.000,0.000,0.0608,0.0734,0.0689,0.0835,0.0012,0.1282,0,0.3107,-0.1993,0.0554,1,0.00,0.017,0.136,0.003,,0.0058,-0.5500,2.0127,0.2958,-0.1866,-0.0576,0.3006,0.1879,0.0150,1,11.42,0.926,0.812,1.057,,0.0476,-0.1409,1.7642,0.2896,0.1969,-0.1252,0.0041,-0.3470,0.0148,1,6.61,0.905,0.906,0.144,,-0.0291,-0.2103,1.8341,-0.0065,-0.3381,-0.1133,-0.0028,0.3464,0.0146,1,0.00,0.067,0.056,0.013,,0.0526,0.0672,1.4744,-0.0126,0.3537,-0.1617,-0.2993,-0.1886,0.0153,1,0.00,0.017,0.067,0.003,,-0.0520,-0.0055,1.5813,-0.3087,-0.1814,-0.1490,-0.3029,0.1933,0.0163,1,0.00,0.029,0.058,0.007,,-0.0082,0.1442,1.3418,-0.3119,0.1997,-0.1746
6.209,1136,tripod,0.0218,-0.0177,0.1501,0.0691,0.0837,0.0012,0.0167,-0.0119,-0.0164,0.0321,0.0622,0.0069,0.000,0.000,0.0616,0.0744,0.0691,0.0837,0.0012,0.1286,0,0.3107,-0.1993,0.0542,1,0.00,0.002,0.011,0.003,,0.0060,-0.5419,2.0105,0.2957,-0.1864,-0.0590,0.3006,0.1878,0.0149,1,5.14,0.025,0.567,0.327,,0.0486,-0.1400,1.7638,0.2894,0.1970,-0.1254,0.0043,-0.3471,0.0152,1,0.00,0.007,0.023,0.006,,-0.0293,-0.2129,1.8365,-0.0065,-0.3380,-0.1128,-0.0028,0.3464,0.0151,1,0.00,0.008,0.036,0.001,,0.0534,0.0652,1.4752,-0.0128,0.3538,-0.1613,-0.2993,-0.1886,0.0148,1,4.76,0.055,0.630,0.186,,-0.0531,-0.0026,1.5780,-0.3088,-0.1812,-0.1496,-0.3031,0.1935,0.0153,1,0.00,0.001,0.029,0.021,,-0.0085,0.1519,1.3298,-0.3123,0.2000,-0.1759
6.230,1140,tripod,0.0222,-0.0180,0.1499,0.0703,0.0860,0.0014,0.0211,-0.0071,-0.0113,0.0183,0.1310,0.0040,0.000,0.000,0.0624,0.0755,0.0703,0.0860,0.0014,0.1288,0,0.3106,-0.1991,0.0514,1,0.00,0.001,0.025,0.005,,0.0063,-0.5305,2.0072,0.2956,-0.1863,-0.0608,0.3007,0.1878,0.0148,1,4.26,0.202,0.605,0.078,,0.0492,-0.1433,1.7666,0.2894,0.1971,-0.1248,0.0043,-0.3472,0.0148,1,4.86,0.320,0.533,0.276,,-0.0296,-0.2137,1.8377,-0.0066,-0.3379,-0.1127,-0.0029,0.3465,0.0156,1,0.00,0.007,0.036,0.002,,0.0542,0.0641,1.4752,-0.0130,0.3540,-0.1611,-0.2993,-0.1886,0.0152,1,0.00,0.010,0.035,0.003,,-0.0538,-0.0037,1.5787,-0.3090,-0.1811,-0.1494,-0.3035,0.1937,0.0149,1,3.66,0.144,0.281,0.327,,-0.0087,0.1582,1.3198,-0.3126,0.2002,-0.1769
6.252,1144,tripod,0.0226,-0.0182,0.1500,0.0702,0.0873,0.0014,0.0325,-0.0175,0.0265,-0.0365,0.0189,-0.0089,0.000,0.000,0.0629,0.0770,0.0702,0.0873,0.0014,0.1294,0,0.3106,-0.1990,0.0488,1,13.07,0.090,1.912,0.193,,0.0066,-0.5168,2.0028,0.2955,-0.1861,-0.0630,0.3008,0.1877,0.0149,1,0.00,0.010,0.085,0.003,,0.0498,-0.1457,1.7689,0.2893,0.1972,-0.1244,0.0045,-0.3473,0.0149,1,0.00,0.020,0.087,0.001,,-0.0300,-0.2136,1.8382,-0.0067,-0.3379,-0.1127,-0.0030,0.3465,0.0151,1,0.00,0.000,0.030,0.008,,0.0553,0.0685,1.4688,-0.0132,0.3542,-0.1619,-0.2993,-0.1886,0.0154,1,0.00,0.014,0.035,0.004,,-0.0548,-0.0010,1.5753,-0.3092,-0.1809,-0.1498,-0.3036,0.1938,0.0148,1,10.47,0.097,1.853,0.029,,-0.0088,0.1622,1.3126,-0.3129,0.2004,-0.1776
6.273,1148,tripod,0.0230,-0.0187,0.1506,0.0716,0.0887,0.0010,0.0466,-0.0274,0.0434,0.0516,0.1662,-0.0009,0.000,0.000,0.0635,0.0781,0.0716,0.0887,0.0010,0.1302,0,0.3104,-0.1992,0.0468,1,4.53,0.488,0.677,0.007,,0.0068,-0.5040,1.9989,0.2953,-0.1860,-0.0650,0.3010,0.1874,0.0154,1,0.00,0.021,0.060,0.008,,0.0507,-0.1450,1.7687,0.2891,0.1973,-0.1245,0.0044,-0.3475,0.0149,1,0.00,0.066,0.054,0.002,,-0.0305,-0.2121,1.8375,-0.0068,-0.3378,-0.1129,-0.0030,0.3465,0.0149,1,4.56,0.626,0.799,0.025,,0.0567,0.0761,1.4590,-0.0136,0.3545,-0.1632,-0.2995,-0.1885,0.0149,1,7.29,0.233,0.547,0.765,,-0.0561,0.0068,1.5662,-0.3095,-0.1807,-0.1512,-0.3036,0.1939,0.0154,1,0.00,0.013,0.007,0.003,,-0.0089,0.1664,1.3052,-0.3132,0.2006,-0.1782
6.294,1152,tripod,0.0238,-0.0192,0.1515,0.0728,0.0908,0.0010,0.0364,-0.0334,0.0532,0.1238,0.0929,0.0039,0.000,0.000,0.0642,0.0797,0.0728,0.0908,0.0010,0.1314,0,0.3106,-0.1993,0.0449,1,0.00,0.002,0.007,0.005,,0.0071,-0.4922,1.9952,0.2951,-0.1858,-0.0670,0.3012,0.1873,0.0149,1,5.05,0.013,0.513,0.390,,0.0519,-0.1386,1.7641,0.2889,0.1975,-0.1256,0.0047,-0.3477,0.0150,1,0.00,0.007,0.016,0.002,,-0.0311,-0.2095,1.8362,-0.0069,-0.3377,-0.1134,-0.0030,0.3465,0.0151,1,0.00,0.009,0.024,0.015,,0.0580,0.0827,1.4501,-0.0139,0.3547,-0.1643,-0.2996,-0.1884,0.0148,1,4.53,0.046,0.590,0.205,,-0.0575,0.0154,1.5564,-0.3098,-0.1805,-0.1527,-0.3036,0.1939,0.0160,1,0.00,0.003,0.025,0.023,,-0.0090,0.1747,1.2922,-0.3136,0.2009,-0.1796
6.315,1156,tripod,0.0241,-0.0195,0.1517,0.0740,0.0915,0.0010,0.0139,-0.0228,0.0025,0.1276,0.0230,-0.0432,0.000,0.000,0.0653,0.0811,0.0740,0.0915,0.0010,0.1320,0,0.3106,-0.1993,0.0434,1,0.00,0.077,0.024,0.005,,0.0073,-0.4833,1.9925,0.2950,-0.1857,-0.0684,0.3012,0.1872,0.0148,1,0.00,0.060,0.109,0.000,,0.0528,-0.1375,1.7636,0.2887,0.1977,-0.1258,0.0049,-0.3478,0.0149,1,10.49,0.131,1.416,0.415,,-0.0315,-0.2096,1.8368,-0.0070,-0.3376,-0.1133,-0.0031,0.3466,0.0149,1,15.05,0.173,1.160,1.353,,0.0594,0.0888,1.4416,-0.0143,0.3549,-0.1654,-0.2995,-0.1884,0.0148,1,0.00,0.023,0.035,0.001,,-0.0584,0.0169,1.5541,-0.3100,-0.1804,-0.1530,-0.3039,0.1941,0.0153,1,0.00,0.026,0.100,0.029,,-0.0090,0.1847,1.2766,-0.3140,0.2011,-0.1812
6.336,1160,tripod,0.0245,-0.0200,0.1513,0.0763,0.0936,0.0011,0.0269,-0.0316,0.0088,0.0845,-0.0053,-0.0008,0.000,0.000,0.0665,0.0823,0.0763,0.0936,0.0011,0.1320,0,0.3104,-0.1993,0.0404,1,23.07,0.150,2.720,1.333,,0.0075,-0.4732,1.9893,0.2948,-0.1855,-0.0700,0.3013,0.1871,0.0149,1,0.00,0.040,0.147,0.001,,0.0534,-0.1403,1.7663,0.2886,0.1977,-0.1253,0.0050,-0.3480,0.0149,1,0.00,0.040,0.164,0.010,,-0.0315,-0.2166,1.8419,-0.0070,-0.3376,-0.1122,-0.0033,0.3467,0.0152,1,0.00,0.013,0.040,0.003,,0.0604,0.0896,1.4395,-0.0145,0.3551,-0.1655,-0.2996,-0.1885,0.0155,1,0.00,0.037,0.058,0.010,,-0.0590,0.0127,1.5577,-0.3101,-0.1803,-0.1522,-0.3043,0.1944,0.0148,1,16.42,0.183,2.664,0.186,,-0.0091,0.1927,1.2637,-0.3144,0.2014,-0.1825
6.355,1164,tripod,0.0250,-0.0205,0.1513,0.0779,0.0944,0.0013,0.0294,-0.0304,-0.0047,0.0758,0.0254,-0.0020,0.000,0.000,0.0681,0.0836,0.0779,0.0944,0.0013,0.1323,0,0.3105,-0.1994,0.0384,1,12.99,0.041,1.362,1.035,,0.0078,-0.4642,1.9867,0.2946,-0.1853,-0.0715,0.3015,0.1869,0.0151,1,0.00,0.025,0.077,0.000,,0.0544,-0.1403,1.7667,0.2884,0.1979,-0.1253,0.0054,-0.3484,0.0152,1,0.00,0.024,0.084,0.006,,-0.0316,-0.2210,1.8455,-0.0070,-0.3376,-0.1114,-0.0032,0.3466,0.0157,1,0.00,0.012,0.034,0.005,,0.0616,0.0911,1.4364,-0.0148,0.3553,-0.1658,-0.2994,-0.1887,0.0153,1,0.00,0.023,0.038,0.002,,-0.0600,0.0138,1.5559,-0.3103,-0.1802,-0.1524,-0.3043,0.1943,0.0147,1,9.78,0.052,1.322,0.337,,-0.0092,0.1970,1.2559,-0.3147,0.2016,-0.1832
6.377,1168,tripod,0.0254,-0.0209,0.1512,0.0788,0.0953,0.0015,0.0199,-0.0124,-0.0091,0.0268,0.0704,0.0135,0.000,0.000,0.0696,0.0846,0.0788,0.0953,0.0015,0.1326,0,0.3106,-0.1994,0.0370,1,0.00,0.002,0.030,0.001,,0.0081,-0.4581,1.9850,0.2945,-0.1852,-0.0725,0.3016,0.1869,0.0149,1,5.37,0.184,0.595,0.319,,0.0554,-0.1396,1.7665,0.2882,0.1981,-0.1254,0.0057,-0.3485,0.0149,1,1.32,0.178,0.148,0.033,,-0.0320,-0.2211,1.8462,-0.0071,-0.3375,-0.1114,-0.0033,0.3467,0.0153,1,0.00,0.009,0.022,0.013,,0.0629,0.0962,1.4287,-0.0152,0.3556,-0.1666,-0.2993,-0.1887,0.0148,1,4.47,0.040,0.424,0.343,,-0.0612,0.0172,1.5519,-0.3105,-0.1799,-0.1530,-0.3043,0.1943,0.0151,1,0.00,0.002,0.026,0.003,,-0.0094,0.1971,1.2534,-0.3150,0.2018,-0.1832
6.397,1172,tripod,0.0257,-0.0212,0.1510,0.0805,0.0966,0.0011,0.0192,-0.0206,-0.0320,0.1015,0.0967,-0.0354,0.000,0.000,0.0707,0.0856,0.0805,0.0966,0.0011,0.1326,0,0.3104,-0.1994,0.0349,1,0.00,0.006,0.017,0.004,,0.0084,-0.4494,1.9820,0.2944,-0.1850,-0.0739,0.3018,0.1867,0.0151,1,0.00,0.011,0.026,0.004,,0.0562,-0.1422,1.7688,0.2881,0.1982,-0.1250,0.0057,-0.3486,0.0148,1,6.00,0.031,0.368,0.722,,-0.0321,-0.2253,1.8498,-0.0071,-0.3374,-0.1107,-0.0034,0.3469,0.0149,1,5.11,0.054,0.428,0.436,,0.0642,0.1005,1.4219,-0.0155,0.3559,-0.1674,-0.2994,-0.1885,0.0150,1,0.00,0.009,0.038,0.002,,-0.0620,0.0152,1.5534,-0.3107,-0.1798,-0.1527,-0.3043,0.1945,0.0157,1,0.00,0.002,0.035,0.009,,-0.0096,0.1979,1.2501,-0.3153,0.2021,-0.1833
6.419,1176,tripod,0.0259,-0.0215,0.1506,0.0816,0.0968,0.0009,0.0074,-0.0129,-0.0353,0.0320,-0.0037,-0.0141,0.000,0.000,0.0721,0.0865,0.0816,0.0968,0.0009,0.1328,0,0.3102,-0.1993,0.0325,1,3.49,0.081,0.749,0.324,,0.0088,-0.4395,1.9785,0.2942,-0.1849,-0.0755,0.3018,0.1866,0.0149,1,2.77,0.408,0.320,0.091,,0.0571,-0.1425,1.7694,0.2880,0.1983,-0.1249,0.0058,-0.3488,0.0150,1,0.00,0.018,0.052,0.007,,-0.0320,-0.2308,1.8540,-0.0071,-0.3374,-0.1098,-0.0034,0.3470,0.0149,1,1.40,0.113,0.114,0.110,,0.0651,0.1008,1.4200,-0.0157,0.3561,-0.1674,-0.2994,-0.1884,0.0149,1,4.50,0.539,0.717,0.009,,-0.0628,0.0132,1.5549,-0.3108,-0.1797,-0.1523,-0.3045,0.1949,0.0150,1,0.00,0.014,0.004,0.014,,-0.0100,0.2033,1.2404,-0.3156,0.2024,-0.1841
6.439,1180,tripod,0.0264,-0.0221,0.1505,0.0838,0.0982,0.0012,0.0325,-0.0322,-0.0001,0.0742,0.0781,0.0030,0.000,0.000,0.0734,0.0872,0.0838,0.0982,0.0012,0.1328,0,0.3102,-0.1994,0.0306,1,10.49,0.581,0.890,1.083,,0.0091,-0.4329,1.9764,0.2941,-0.1847,-0.0765,0.3020,0.1865,0.0151,1,0.00,0.023,0.051,0.001,,0.0580,-0.1435,1.7703,0.2878,0.1985,-0.1247,0.0062,-0.3491,0.0150,1,2.56,0.342,0.227,0.087,,-0.0320,-0.2352,1.8575,-0.0071,-0.3373,-0.1090,-0.0034,0.3470,0.0157,1,0.00,0.001,0.014,0.002,,0.0660,0.1007,1.4185,-0.0160,0.3563,-0.1674,-0.2992,-0.1886,0.0153,1,0.00,0.037,0.063,0.002,,-0.0636,0.0113,1.5566,-0.3110,-0.1795,-0.1520,-0.3047,0.1950,0.0147,1,8.66,0.157,0.778,0.657,,-0.0103,0.2099,1.2291,-0.3159,0.2027,-0.1852
6.460,1184,tripod,0.0267,-0.0225,0.1508,0.0850,0.0991,0.0011,0.0163,-0.0231,0.0327,0.0652,0.0278,-0.0171,0.000,0.000,0.0749,0.0882,0.0850,0.0991,0.0011,0.1335,0,0.3102,-0.1995,0.0292,1,0.00,0.004,0.026,0.003,,0.0095,-0.4252,1.9737,0.2940,-0.1845,-0.0778,0.3020,0.1864,0.0149,1,4.25,0.096,0.735,0.043,,0.0593,-0.1398,1.7674,0.2877,0.1987,-0.1254,0.0063,-0.3493,0.0149,1,4.95,0.391,0.453,0.384,,-0.0323,-0.2346,1.8580,-0.0072,-0.3372,-0.1091,-0.0035,0.3471,0.0156,1,0.00,0.008,0.030,0.016,,0.0673,0.1067,1.4094,-0.0163,0.3567,-0.1684,-0.2993,-0.1886,0.0150,1,0.00,0.012,0.031,0.010,,-0.0649,0.0161,1.5510,-0.3112,-0.1793,-0.1528,-0.3049,0.1952,0.0147,1,3.61,0.325,0.356,0.237,,-0.0108,0.2163,1.2181,-0.3163,0.2030,-0.1862
6.481,1188,tripod,0.0273,-0.0229,0.1510,0.0863,0.1012,0.0013,0.0431,-0.0401,-0.0136,0.2150,0.1832,-0.0266,0.000,0.000,0.0759,0.0891,0.0863,0.1012,0.0013,0.1340,0,0.3102,-0.1994,0.0273,1,3.46,0.062,0.747,0.303,,0.0099,-0.4158,1.9702,0.2938,-0.1844,-0.0793,0.3021,0.1864,0.0149,1,0.00,0.040,0.049,0.005,,0.0602,-0.1405,1.7681,0.2875,0.1989,-0.1253,0.0066,-0.3494,0.0150,1,0.00,0.016,0.050,0.002,,-0.0325,-0.2357,1.8594,-0.0072,-0.3371,-0.1089,-0.0038,0.3473,0.0150,1,6.56,0.458,0.721,0.435,,0.0686,0.1152,1.3972,-0.0166,0.3570,-0.1699,-0.2993,-0.1885,0.0149,1,4.30,0.489,0.981,0.216,,-0.0662,0.0204,1.5461,-0.3114,-0.1790,-0.1536,-0.3049,0.1952,0.0156,1,0.00,0.020,0.020,0.007,,-0.0111,0.2171,1.2147,-0.3165,0.2033,-0.1863
6.502,1192,tripod,0.0278,-0.0234,0.1515,0.0873,0.1030,0.0010,0.0346,-0.0276,0.0391,0.0463,0.1055,-0.0264,0.000,0.000,0.0772,0.0907,0.0873,0.1030,0.0010,0.1345,0,0.3102,-0.1995,0.0255,1,0.00,0.006,0.021,0.004,,0.0103,-0.4070,1.9670,0.2937,-0.1842,-0.0807,0.3025,0.1861,0.0154,1,0.00,0.011,0.030,0.002,,0.0611,-0.1419,1.7694,0.2874,0.1990,-0.1250,0.0067,-0.3496,0.0147,1,6.89,0.031,0.424,0.843,,-0.0329,-0.2333,1.8588,-0.0073,-0.3369,-0.1093,-0.0037,0.3474,0.0148,1,5.81,0.047,0.498,0.483,,0.0700,0.1219,1.3873,-0.0170,0.3573,-0.1710,-0.2993,-0.1885,0.0153,1,0.00,0.013,0.036,0.008,,-0.0674,0.0235,1.5423,-0.3116,-0.1788,-0.1541,-0.3048,0.1953,0.0166,1,0.00,0.006,0.038,0.016,,-0.0115,0.2204,1.2078,-0.3168,0.2035,-0.1867
6.523,1196,tripod,0.0284,-0.0239,0.1524,0.0879,0.1043,0.0006,0.0144,-0.0226,0.0620,0.0301,-0.0589,-0.0261,0.000,0.000,0.0782,0.0923,0.0879,0.1043,0.0006,0.1357,0,0.3102,-0.1997,0.0242,1,0.00,0.003,0.044,0.003,,0.0107,-0.3964,1.9629,0.2935,-0.1840,-0.0824,0.3026,0.1859,0.0149,1,4.47,0.352,0.465,0.270,,0.0627,-0.1354,1.7644,0.2872,0.1993,-0.1261,0.0067,-0.3496,0.0146,1,5.64,0.474,0.614,0.325,,-0.0336,-0.2283,1.8565,-0.0074,-0.3367,-0.1101,-0.0037,0.3475,0.0148,1,1.78,0.109,0.162,0.135,,0.0715,0.1293,1.3762,-0.0174,0.3577,-0.1723,-0.2995,-0.1883,0.0151,1,0.00,0.016,0.007,0.019,,-0.0692,0.0330,1.5311,-0.3120,-0.1785,-0.1558,-0.3050,0.1955,0.0168,1,0.00,0.012,0.000,0.027,,-0.0119,0.2304,1.1912,-0.3173,0.2039,-0.1883
6.544,1200,tripod,0.0291,-0.0243,0.1536,0.0885,0.1055,0.0009,0.0379,-0.0303,0.0480,0.0807,0.0926,0.0096,0.000,0.000,0.0788,0.0935,0.0885,0.1055,0.0009,0.1370,0,0.3103,-0.1997,0.0232,1,0.00,0.001,0.011,0.006,,0.0112,-0.3843,1.9580,0.2933,-0.1838,-0.0844,0.3027,0.1859,0.0148,1,5.73,0.009,0.582,0.430,,0.0643,-0.1288,1.7594,0.2869,0.1995,-0.1273,0.0070,-0.3498,0.0150,1,0.00,0.006,0.021,0.000,,-0.0342,-0.2245,1.8544,-0.0076,-0.3366,-0.1108,-0.0037,0.3475,0.0153,1,0.00,0.008,0.037,0.010,,0.0728,0.1345,1.3683,-0.0177,0.3580,-0.1731,-0.2995,-0.1882,0.0148,1,5.44,0.050,0.613,0.328,,-0.0709,0.0425,1.5202,-0.3123,-0.1782,-0.1574,-0.3052,0.1957,0.0164,1,0.00,0.001,0.028,0.036,,-0.0122,0.2441,1.1692,-0.3178,0.2043,-0.1904
6.566,1204,tripod,0.0295,-0.0246,0.1541,0.0889,0.1063,0.0010,0.0229,-0.0123,0.0359,-0.0278,0.0026,-0.0023,0.000,0.000,0.0795,0.0946,0.0889,0.1063,0.0010,0.1382,0,0.3103,-0.1995,0.0212,1,3.62,0.292,0.746,0.243,,0.0116,-0.3702,1.9519,0.2931,-0.1835,-0.0867,0.3027,0.1859,0.0148,1,4.23,0.628,0.527,0.121,,0.0655,-0.1254,1.7571,0.2867,0.1997,-0.1278,0.0072,-0.3499,0.0149,1,0.00,0.023,0.054,0.001,,-0.0348,-0.2210,1.8526,-0.0077,-0.3365,-0.1114,-0.0039,0.3476,0.0152,1,0.00,0.007,0.008,0.015,,0.0743,0.1413,1.3582,-0.0181,0.3583,-0.1743,-0.2995,-0.1882,0.0148,1,5.98,0.466,0.723,0.260,,-0.0722,0.0476,1.5138,-0.3125,-0.1780,-0.1583,-0.3057,0.1960,0.0152,1,0.00,0.020,0.007,0.035,,-0.0125,0.2596,1.1443,-0.3184,0.2048,-0.1928
6.588,1208,tripod,0.0303,-0.0252,0.1552,0.0899,0.1080,0.0012,0.0417,-0.0434,0.0469,0.1369,0.0216,0.0002,0.000,0.000,0.0800,0.0957,0.0899,0.1080,0.0012,0.1393,0,0.3104,-0.1996,0.0199,1,12.62,0.343,0.865,1.502,,0.0119,-0.3596,1.9476,0.2929,-0.1833,-0.0884,0.3030,0.1857,0.0152,1,0.00,0.042,0.158,0.000,,0.0665,-0.1237,1.7560,0.2865,0.1999,-0.1281,0.0076,-0.3502,0.0153,1,0.00,0.033,0.011,0.002,,-0.0354,-0.2179,1.8509,-0.0078,-0.3364,-0.1119,-0.0040,0.3477,0.0149,1,7.11,0.332,0.519,0.581,,0.0760,0.1519,1.3433,-0.0185,0.3586,-0.1760,-0.2993,-0.1885,0.0156,1,0.00,0.006,0.037,0.001,,-0.0734,0.0516,1.5087,-0.3128,-0.1779,-0.1590,-0.3059,0.1961,0.0149,1,4.46,0.175,0.444,0.289,,-0.0126,0.2733,1.1221,-0.3189,0.2051,-0.1949
6.609,1212,tripod,0.0309,-0.0257,0.1553,0.0907,0.1097,0.0012,0.0380,-0.0127,0.0125,-0.0008,0.1599,-0.0116,0.000,0.000,0.0808,0.0968,0.0907,0.1097,0.0012,0.1395,0,0.3107,-0.1998,0.0192,1,0.00,0.003,0.029,0.002,,0.0121,-0.3584,1.9476,0.2928,-0.1832,-0.0886,0.3033,0.1855,0.0152,1,0.00,0.008,0.030,0.000,,0.0674,-0.1231,1.7559,0.2863,0.2000,-0.1282,0.0079,-0.3504,0.0149,1,6.94,0.008,0.701,0.518,,-0.0358,-0.2160,1.8505,-0.0079,-0.3362,-0.1122,-0.0039,0.3476,0.0149,1,5.99,0.013,0.811,0.187,,0.0772,0.1550,1.3381,-0.0189,0.3588,-0.1766,-0.2992,-0.1886,0.0156,1,0.00,0.012,0.037,0.007,,-0.0744,0.0545,1.5046,-0.3130,-0.1777,-0.1595,-0.3058,0.1961,0.0154,1,0.00,0.005,0.041,0.009,,-0.0127,0.2755,1.1170,-0.3192,0.2053,-0.1952
6.631,1216,tripod,0.0312,-0.0258,0.1557,0.0905,0.1098,0.0011,0.0318,-0.0063,0.0345,-0.0456,0.0885,0.0237,0.000,0.000,0.0813,0.0980,0.0905,0.1098,0.0011,0.1401,0,0.3108,-0.1999,0.0190,1,0.00,0.013,0.020,0.002,,0.0123,-0.3553,1.9467,0.2927,-0.1831,-0.0891,0.3033,0.1855,0.0148,1,6.92,0.163,0.898,0.326,,0.0685,-0.1196,1.7534,0.2861,0.2002,-0.1288,0.0079,-0.3505,0.0149,1,0.00,0.016,0.028,0.002,,-0.0363,-0.2143,1.8497,-0.0080,-0.3362,-0.1125,-0.0039,0.3476,0.0149,1,0.00,0.009,0.055,0.007,,0.0783,0.1566,1.3349,-0.0191,0.3590,-0.1768,-0.2994,-0.1884,0.0149,1,8.69,0.117,0.606,0.894,,-0.0759,0.0621,1.4951,-0.3134,-0.1775,-0.1608,-0.3060,0.1962,0.0150,1,0.00,0.010,0.057,0.022,,-0.0128,0.2817,1.1058,-0.3196,0.2055,-0.1961
6.652,1220,tripod,0.0318,-0.0260,0.1556,0.0911,0.1118,0.0015,0.0296,-0.0160,-0.0211,0.0821,0.1353,0.0196,0.000,0.000,0.0815,0.0989,0.0911,0.1118,0.0015,0.1402,0,0.3109,-0.1997,0.0175,1,0.00,0.003,0.020,0.003,,0.0125,-0.3489,1.9442,0.2926,-0.1830,-0.0901,0.3034,0.1855,0.0148,1,6.53,0.005,0.550,0.586,,0.0690,-0.1223,1.7561,0.2860,0.2002,-0.1284,0.0083,-0.3506,0.0150,1,0.00,0.007,0.026,0.002,,-0.0366,-0.2150,1.8504,-0.0081,-0.3361,-0.1124,-0.0040,0.3476,0.0154,1,0.00,0.009,0.044,0.003,,0.0792,0.1556,1.3352,-0.0194,0.3591,-0.1766,-0.2994,-0.1884,0.0148,1,5.94,0.052,0.617,0.388,,-0.0769,0.0654,1.4907,-0.3136,-0.1773,-0.1614,-0.3062,0.1962,0.0151,1,0.00,0.002,0.042,0.013,,-0.0127,0.2866,1.0967,-0.3199,0.2057,-0.1968
6.674,1224,tripod,0.0321,-0.0262,0.1557,0.0909,0.1128,0.0014,0.0127,-0.0171,0.0056,0.0435,0.0020,-0.0236,0.000,0.000,0.0817,0.1003,0.0909,0.1128,0.0014,0.1404,0,0.3109,-0.1996,0.0164,1,1.37,0.200,0.145,0.078,,0.0127,-0.3441,1.9424,0.2924,-0.1829,-0.0909,0.3037,0.1853,0.0152,1,0.00,0.011,0.028,0.008,,0.0691,-0.1273,1.7606,0.2860,0.2003,-0.1275,0.0084,-0.3506,0.0149,1,4.47,0.381,0.324,0.442,,-0.0371,-0.2136,1.8499,-0.0082,-0.3361,-0.1126,-0.0042,0.3476,0.0149,1,4.42,0.151,0.411,0.315,,0.0805,0.1592,1.3300,-0.0197,0.3592,-0.1772,-0.2993,-0.1885,0.0153,1,0.00,0.025,0.029,0.004,,-0.0775,0.0655,1.4897,-0.3138,-0.1772,-0.1614,-0.3064,0.1963,0.0150,1,0.00,0.008,0.029,0.015,,-0.0126,0.2899,1.0899,-0.3202,0.2059,-0.1973
6.696,1228,tripod,0.0325,-0.0264,0.1558,0.0914,0.1134,0.0012,0.0280,-0.0069,-0.0001,-0.0025,0.0637,0.0017,0.000,0.000,0.0819,0.1011,0.0914,0.1134,0.0012,0.1407,0,0.3109,-0.1997,0.0158,1,4.70,0.286,0.340,0.519,,0.0128,-0.3409,1.9414,0.2923,-0.1828,-0.0914,0.3039,0.1850,0.0158,1,0.00,0.009,0.030,0.000,,0.0696,-0.1284,1.7620,0.2858,0.2003,-0.1273,0.0084,-0.3507,0.0149,1,0.00,0.019,0.032,0.001,,-0.0375,-0.2135,1.8503,-0.0083,-0.3360,-0.1126,-0.0042,0.3476,0.0148,1,2.72,0.205,0.305,0.163,,0.0816,0.1620,1.3258,-0.0200,0.3593,-0.1777,-0.2995,-0.1884,0.0149,1,3.56,0.111,0.524,0.077,,-0.0785,0.0694,1.4842,-0.3140,-0.1771,-0.1621,-0.3065,0.1964,0.0150,1,0.00,0.016,0.010,0.018,,-0.0124,0.2942,1.0817,-0.3206,0.2060,-0.1979
6.719,1232,tripod,0.0327,-0.0265,0.1556,0.0917,0.1138,0.0012,-0.0006,-0.0085,-0.0036,0.0356,-0.0600,-0.0192,0.000,0.000,0.0822,0.1019,0.0917,0.1138,0.0012,0.1405,0,0.3111,-0.1998,0.0155,1,0.00,0.001,0.041,0.006,,0.0128,-0.3431,1.9428,0.2923,-0.1828,-0.0911,0.3039,0.1851,0.0149,1,5.35,0.147,0.863,0.011,,0.0705,-0.1254,1.7600,0.2857,0.2004,-0.1278,0.0087,-0.3508,0.0150,1,5.66,0.547,0.505,0.423,,-0.0376,-0.2161,1.8522,-0.0083,-0.3360,-0.1122,-0.0041,0.3476,0.0151,1,0.00,0.016,0.036,0.003,,0.0823,0.1592,1.3286,-0.0202,0.3594,-0.1772,-0.2994,-0.1884,0.0149,1,0.00,0.023,0.038,0.001,,-0.0790,0.0684,1.4844,-0.3142,-0.1771,-0.1619,-0.3065,0.1965,0.0150,1,2.62,0.394,0.387,0.025,,-0.0122,0.2942,1.0799,-0.3208,0.2061,-0.1979
6.741,1236,tripod,0.0326,-0.0265,0.1550,0.0922,0.1128,0.0010,-0.0117,0.0027,-0.0520,0.0223,-0.0501,-0.0147,0.000,0.000,0.0825,0.1020,0.0922,0.1128,0.0010,0.1399,0,0.3112,-0.2000,0.0160,1,0.00,0.003,0.034,0.006,,0.0127,-0.3478,1.9453,0.2924,-0.1828,-0.0903,0.3039,0.1851,0.0149,1,4.48,0.052,0.651,0.099,,0.0709,-0.1262,1.7611,0.2856,0.2005,-0.1277,0.0087,-0.3508,0.0149,1,4.80,0.427,0.325,0.495,,-0.0376,-0.2201,1.8551,-0.0083,-0.3360,-0.1115,-0.0041,0.3477,0.0151,1,0.00,0.010,0.035,0.003,,0.0831,0.1584,1.3290,-0.0204,0.3595,-0.1771,-0.2994,-0.1883,0.0149,1,0.00,0.012,0.040,0.009,,-0.0790,0.0626,1.4903,-0.3143,-0.1771,-0.1609,-0.3065,0.1966,0.0149,1,2.74,0.387,0.438,0.031,,-0.0120,0.2898,1.0849,-0.3210,0.2061,-0.1971
6.763,1240,tripod,0.0326,-0.0267,0.1544,0.0940,0.1127,0.0006,-0.0042,-0.0166,-0.0260,0.0850,-0.1309,-0.0172,0.000,0.000,0.0832,0.1018,0.0940,0.1127,0.0006,0.1393,0,0.3111,-0.2000,0.0150,1,9.53,0.557,1.394,0.079,,0.0128,-0.3469,1.9452,0.2923,-0.1828,-0.0904,0.3040,0.1850,0.0152,1,0.00,0.027,0.140,0.004,,0.0710,-0.1299,1.7643,0.2856,0.2005,-0.1270,0.0087,-0.3509,0.0148,1,1.25,0.211,0.080,0.058,,-0.0372,-0.2270,1.8598,-0.0082,-0.3361,-0.1103,-0.0041,0.3479,0.0148,1,7.77,1.019,1.019,0.200,,0.0838,0.1597,1.3265,-0.0205,0.3596,-0.1773,-0.2994,-0.1882,0.0153,1,0.00,0.045,0.042,0.018,,-0.0788,0.0554,1.4978,-0.3143,-0.1771,-0.1597,-0.3064,0.1968,0.0155,1,0.00,0.055,0.065,0.023,,-0.0119,0.2852,1.0903,-0.3211,0.2062,-0.1964
6.785,1244,tripod,0.0326,-0.0269,0.1545,0.0946,0.1114,0.0006,0.0074,-0.0116,-0.0037,0.0304,-0.0124,0.0036,0.000,0.000,0.0842,0.1012,0.0946,0.1114,0.0006,0.1394,0,0.3111,-0.2000,0.0149,1,3.06,0.080,0.225,0.368,,0.0130,-0.3443,1.9442,0.2923,-0.1827,-0.0909,0.3041,0.1850,0.0155,1,0.00,0.020,0.008,0.004,,0.0717,-0.1275,1.7624,0.2854,0.2006,-0.1274,0.0089,-0.3511,0.0152,1,0.00,0.015,0.000,0.006,,-0.0370,-0.2307,1.8623,-0.0082,-0.3361,-0.1097,-0.0041,0.3479,0.0149,1,0.00,0.014,0.027,0.011,,0.0843,0.1609,1.3242,-0.0207,0.3597,-0.1775,-0.2993,-0.1883,0.0150,1,0.00,0.024,0.012,0.003,,-0.0792,0.0544,1.4988,-0.3143,-0.1771,-0.1595,-0.3064,0.1968,0.0149,1,2.07,0.080,0.539,0.173,,-0.0121,0.2877,1.0857,-0.3212,0.2063,-0.1967
6.807,1248,tripod,0.0325,-0.0270,0.1542,0.0948,0.1107,0.0006,-0.0096,-0.0034,0.0095,-0.0356,-0.1117,-0.0093,0.000,0.000,0.0848,0.1007,0.0948,0.1107,0.0006,0.1392,0,0.3113,-0.2001,0.0152,1,0.00,0.007,0.040,0.005,,0.0131,-0.3474,1.9459,0.2923,-0.1827,-0.0904,0.3040,0.1851,0.0148,1,5.36,0.066,0.785,0.122,,0.0725,-0.1232,1.7587,0.2853,0.2007,-0.1282,0.0090,-0.3512,0.0150,1,4.79,0.130,0.606,0.213,,-0.0371,-0.2304,1.8624,-0.0082,-0.3361,-0.1098,-0.0040,0.3479,0.0152,1,0.00,0.011,0.036,0.002,,0.0843,0.1580,1.3270,-0.0207,0.3598,-0.1770,-0.2991,-0.1884,0.0149,1,1.66,0.229,0.333,0.103,,-0.0793,0.0521,1.5014,-0.3143,-0.1770,-0.1591,-0.3063,0.1968,0.0149,1,1.35,0.050,0.438,0.219,,-0.0124,0.2852,1.0885,-0.3212,0.2064,-0.1963
6.829,1252,tripod,0.0324,-0.0271,0.1541,0.0950,0.1097,0.0005,-0.0030,-0.0111,-0.0168,0.0568,0.0000,-0.0147,0.000,0.000,0.0851,0.0998,0.0950,0.1097,0.0005,0.1388,0,0.3114,-0.2004,0.0163,1,0.00,0.006,0.029,0.005,,0.0132,-0.3526,1.9483,0.2924,-0.1827,-0.0895,0.3040,0.1851,0.0149,1,0.00,0.008,0.023,0.002,,0.0728,-0.1233,1.7587,0.2853,0.2008,-0.1282,0.0090,-0.3512,0.0149,1,5.85,0.170,0.411,0.657,,-0.0369,-0.2314,1.8634,-0.0082,-0.3360,-0.1096,-0.0040,0.3480,0.0149,1,5.29,0.172,0.408,0.461,,0.0844,0.1594,1.3244,-0.0207,0.3599,-0.1772,-0.2990,-0.1884,0.0151,1,0.00,0.009,0.041,0.008,,-0.0792,0.0474,1.5069,-0.3142,-0.1770,-0.1583,-0.3061,0.1968,0.0153,1,0.00,0.005,0.044,0.011,,-0.0127,0.2787,1.0976,-0.3211,0.2064,-0.1953
6.849,1256,tripod,0.0323,-0.0273,0.1537,0.0957,0.1097,0.0004,0.0019,-0.0064,0.0043,0.0002,-0.0007,0.0040,0.000,0.000,0.0855,0.0992,0.0957,0.1097,0.0004,0.1386,0,0.3114,-0.2004,0.0158,1,5.75,0.644,0.826,0.123,,0.0134,-0.3527,1.9484,0.2924,-0.1827,-0.0895,0.3040,0.1850,0.0150,1,0.00,0.002,0.001,0.000,,0.0729,-0.1247,1.7595,0.2854,0.2009,-0.1279,0.0090,-0.3513,0.0148,1,0.00,0.022,0.083,0.007,,-0.0365,-0.2346,1.8658,-0.0081,-0.3360,-0.1090,-0.0040,0.3480,0.0148,1,5.25,0.420,0.712,0.196,,0.0844,0.1597,1.3237,-0.0207,0.3600,-0.1772,-0.2990,-0.1885,0.0150,1,9.81,0.287,1.171,0.408,,-0.0793,0.0461,1.5089,-0.3142,-0.1770,-0.1580,-0.3060,0.1968,0.0157,1,0.00,0.038,0.097,0.006,,-0.0130,0.2759,1.1014,-0.3211,0.2065,-0.1949
6.871,1260,tripod,0.0322,-0.0273,0.1536,0.0954,0.1095,0.0004,-0.0127,0.0074,-0.0332,-0.0227,-0.0149,0.0018,0.000,0.000,0.0858,0.0989,0.0954,0.1095,0.0004,0.1385,0,0.3114,-0.2005,0.0160,1,4.28,0.282,0.366,0.389,,0.0136,-0.3538,1.9489,0.2924,-0.1826,-0.0893,0.3040,0.1850,0.0149,1,1.03,0.109,0.108,0.056,,0.0731,-0.1252,1.7595,0.2854,0.2009,-0.1279,0.0091,-0.3514,0.0151,1,0.00,0.020,0.026,0.004,,-0.0363,-0.2362,1.8670,-0.0080,-0.3360,-0.1088,-0.0040,0.3480,0.0148,1,2.49,0.190,0.243,0.132,,0.0841,0.1584,1.3247,-0.0207,0.3601,-0.1770,-0.2990,-0.1885,0.0149,1,3.36,0.377,0.601,0.077,,-0.0795,0.0458,1.5096,-0.3141,-0.1769,-0.1580,-0.3061,0.1969,0.0150,1,0.00,0.009,0.035,0.015,,-0.0135,0.2801,1.0952,-0.3211,0.2067,-0.1955
6.893,1264,tripod,0.0325,-0.0273,0.1536,0.0950,0.1117,0.0008,0.0148,-0.0020,0.0136,-0.0210,0.0944,0.0142,0.000,0.000,0.0858,0.0992,0.0950,0.1117,0.0008,0.1382,0,0.3116,-0.2005,0.0163,1,2.21,0.085,0.104,0.275,,0.0136,-0.3596,1.9516,0.2926,-0.1827,-0.0884,0.3040,0.1850,0.0150,1,3.46,0.231,0.388,0.155,,0.0729,-0.1292,1.7625,0.2855,0.2009,-0.1272,0.0091,-0.3514,0.0149,1,3.52,0.243,0.590,0.053,,-0.0363,-0.2346,1.8660,-0.0080,-0.3360,-0.1090,-0.0040,0.3479,0.0155,1,0.00,0.016,0.047,0.005,,0.0837,0.1536,1.3302,-0.0206,0.3601,-0.1762,-0.2989,-0.1886,0.0159,1,0.00,0.005,0.036,0.001,,-0.0794,0.0438,1.5122,-0.3140,-0.1769,-0.1577,-0.3064,0.1970,0.0147,1,4.49,0.006,0.386,0.300,,-0.0139,0.2850,1.0880,-0.3211,0.2068,-0.1963
6.915,1268,tripod,0.0327,-0.0273,0.1541,0.0947,0.1128,0.0009,0.0137,-0.0031,0.0404,-0.0164,0.0489,0.0089,0.000,0.000,0.0856,0.1001,0.0947,0.1128,0.0009,0.1387,0,0.3118,-0.2006,0.0168,1,7.04,0.061,0.444,0.886,,0.0137,-0.3615,1.9525,0.2926,-0.1827,-0.0881,0.3040,0.1851,0.0149,1,0.00,0.013,0.036,0.000,,0.0732,-0.1283,1.7616,0.2854,0.2010,-0.1273,0.0091,-0.3514,0.0149,1,0.08,0.020,0.009,0.002,,-0.0366,-0.2304,1.8634,-0.0081,-0.3359,-0.1097,-0.0041,0.3480,0.0155,1,0.00,0.011,0.037,0.012,,0.0840,0.1570,1.3254,-0.0206,0.3602,-0.1768,-0.2989,-0.1886,0.0160,1,0.00,0.014,0.027,0.011,,-0.0801,0.0494,1.5060,-0.3142,-0.1767,-0.1586,-0.3066,0.1970,0.0147,1,5.76,0.036,0.512,0.380,,-0.0142,0.2911,1.0787,-0.3212,0.2069,-0.1972
6.936,1272,tripod,0.0329,-0.0275,0.1551,0.0949,0.1127,0.0009,0.0146,-0.0333,0.0775,0.0690,-0.0552,-0.0129,0.000,0.000,0.0854,0.1010,0.0949,0.1127,0.0009,0.1397,0,0.3119,-0.2007,0.0175,1,1.45,0.146,0.093,0.155,,0.0137,-0.3599,1.9520,0.2925,-0.1827,-0.0883,0.3040,0.1851,0.0153,1,0.00,0.010,0.026,0.002,,0.0738,-0.1243,1.7584,0.2853,0.2011,-0.1280,0.0090,-0.3513,0.0149,1,4.64,0.078,0.751,0.015,,-0.0371,-0.2247,1.8597,-0.0082,-0.3358,-0.1107,-0.0044,0.3482,0.0149,1,6.31,0.050,0.576,0.483,,0.0849,0.1671,1.3118,-0.0209,0.3604,-0.1785,-0.2992,-0.1884,0.0152,1,0.00,0.006,0.031,0.023,,-0.0813,0.0609,1.4927,-0.3144,-0.1766,-0.1606,-0.3067,0.1971,0.0146,1,0.00,0.015,0.034,0.020,,-0.0143,0.2985,1.0672,-0.3214,0.2071,-0.1983
6.957,1276,tripod,0.0335,-0.0278,0.1561,0.0947,0.1139,0.0011,0.0256,-0.0035,0.0168,-0.0224,0.0837,0.0132,0.000,0.000,0.0854,0.1015,0.0947,0.1139,0.0011,0.1404,0,0.3124,-0.2010,0.0186,1,7.57,0.219,0.476,0.964,,0.0137,-0.3623,1.9531,0.2926,-0.1827,-0.0879,0.3042,0.1850,0.0151,1,0.00,0.028,0.020,0.001,,0.0745,-0.1187,1.7540,0.2852,0.2012,-0.1290,0.0094,-0.3515,0.0152,1,0.00,0.071,0.054,0.004,,-0.0376,-0.2202,1.8568,-0.0083,-0.3358,-0.1114,-0.0043,0.3481,0.0149,1,2.39,0.268,0.617,0.235,,0.0855,0.1723,1.3047,-0.0210,0.3606,-0.1793,-0.2992,-0.1885,0.0149,1,6.73,0.650,0.663,0.350,,-0.0822,0.0694,1.4827,-0.3146,-0.1764,-0.1621,-0.3065,0.1969,0.0154,1,0.00,0.049,0.104,0.022,,-0.0142,0.3019,1.0616,-0.3215,0.2071,-0.1988
6.978,1280,tripod,0.0336,-0.0278,0.1563,0.0944,0.1134,0.0011,0.0136,-0.0061,0.0366,-0.0084,0.0189,0.0025,0.000,0.000,0.0853,0.1021,0.0944,0.1134,0.0011,0.1404,0,0.3128,-0.2013,0.0202,1,0.00,0.002,0.014,0.004,,0.0135,-0.3707,1.9567,0.2927,-0.1828,-0.0866,0.3042,0.1850,0.0148,1,5.01,0.369,0.860,0.039,,0.0750,-0.1154,1.7514,0.2851,0.2012,-0.1295,0.0094,-0.3515,0.0149,1,5.41,0.570,1.081,0.134,,-0.0380,-0.2161,1.8541,-0.0084,-0.3357,-0.1121,-0.0042,0.3479,0.0152,1,0.00,0.016,0.113,0.003,,0.0857,0.1708,1.3065,-0.0211,0.3605,-0.1791,-0.2991,-0.1885,0.0148,1,0.00,0.040,0.101,0.003,,-0.0824,0.0704,1.4812,-0.3147,-0.1764,-0.1623,-0.3065,0.1968,0.0150,1,11.30,0.154,0.921,0.714,,-0.0141,0.3056,1.0555,-0.3217,0.2072,-0.1994
7.000,1284,tripod,0.0338,-0.0279,0.1567,0.0944,0.1139,0.0012,0.0122,-0.0064,0.0286,0.0031,0.0238,0.0025,0.000,0.000,0.0851,0.1022,0.0944,0.1139,0.0012,0.1406,0,0.3132,-0.2016,0.0217,1,0.00,0.002,0.038,0.006,,0.0134,-0.3781,1.9599,0.2928,-0.1829,-0.0854,0.3042,0.1850,0.0147,1,4.15,0.414,0.620,0.031,,0.0753,-0.1134,1.7499,0.2850,0.2013,-0.1299,0.0094,-0.3515,0.0148,1,5.02,0.275,0.749,0.061,,-0.0384,-0.2131,1.8520,-0.0085,-0.3357,-0.1126,-0.0042,0.3480,0.0151,1,0.00,0.009,0.032,0.012,,0.0863,0.1751,1.3009,-0.0212,0.3606,-0.1798,-0.2991,-0.1886,0.0152,1,0.00,0.011,0.033,0.006,,-0.0827,0.0722,1.4788,-0.3148,-0.1764,-0.1626,-0.3066,0.1969,0.0149,1,3.42,0.150,0.292,0.219,,-0.0140,0.3099,1.0485,-0.3218,0.2073,-0.2000
7.022,1288,tripod,0.0341,-0.0281,0.1571,0.0949,0.1146,0.0012,0.0143,-0.0037,-0.0016,0.0165,0.0484,0.0019,0.000,0.000,0.0851,0.1025,0.0949,0.1146,0.0012,0.1408,0,0.3136,-0.2020,0.0227,1,4.61,0.297,0.290,0.567,,0.0132,-0.3837,1.9624,0.2929,-0.1830,-0.0845,0.3043,0.1849,0.0150,1,0.00,0.019,0.024,0.004,,0.0754,-0.1136,1.7503,0.2850,0.2013,-0.1298,0.0095,-0.3516,0.0150,1,0.00,0.029,0.021,0.004,,-0.0386,-0.2127,1.8517,-0.0085,-0.3357,-0.1127,-0.0043,0.3480,0.0149,1,2.67,0.016,0.330,0.103,,0.0868,0.1797,1.2949,-0.0214,0.3607,-0.1806,-0.2991,-0.1885,0.0150,1,2.87,0.262,0.538,0.080,,-0.0832,0.0766,1.4734,-0.3149,-0.1763,-0.1634,-0.3066,0.1968,0.0153,1,0.00,0.011,0.039,0.007,,-0.0139,0.3119,1.0451,-0.3219,0.2073,-0.2003
7.043,1292,tripod,0.0341,-0.0280,0.1568,0.0950,0.1152,0.0013,0.0006,0.0089,-0.0135,-0.0168,0.0872,0.0230,0.000,0.000,0.0853,0.1030,0.0950,0.1152,0.0013,0.1403,0,0.3140,-0.2021,0.0237,1,4.70,0.103,0.264,0.599,,0.0130,-0.3940,1.9666,0.2931,-0.1832,-0.0828,0.3043,0.1849,0.0150,1,0.00,0.000,0.006,0.004,,0.0752,-0.1160,1.7525,0.2850,0.2013,-0.1294,0.0095,-0.3516,0.0150,1,3.19,0.295,0.484,0.021,,-0.0385,-0.2147,1.8531,-0.0085,-0.3357,-0.1124,-0.0043,0.3480,0.0151,1,0.00,0.007,0.004,0.011,,0.0869,0.1767,1.2987,-0.0214,0.3606,-0.1801,-0.2991,-0.1885,0.0151,1,0.00,0.000,0.074,0.002,,-0.0831,0.0743,1.4758,-0.3150,-0.1763,-0.1630,-0.3068,0.1969,0.0149,1,6.29,0.412,0.583,0.372,,-0.0138,0.3147,1.0404,-0.3221,0.2073,-0.2007
7.065,1296,tripod,0.0342,-0.0282,0.1570,0.0954,0.1153,0.0013,0.0080,-0.0081,0.0237,0.0172,-0.0000,-0.0040,0.000,0.000,0.0855,0.1034,0.0954,0.1153,0.0013,0.1402,0,0.3143,-0.2025,0.0252,1,2.41,0.182,0.139,0.282,,0.0129,-0.4025,1.9700,0.2932,-0.1833,-0.0815,0.3043,0.1849,0.0149,1,2.72,0.051,0.472,0.034,,0.0756,-0.1135,1.7506,0.2849,0.2013,-0.1299,0.0095,-0.3516,0.0149,1,3.09,0.290,0.397,0.091,,-0.0388,-0.2132,1.8522,-0.0086,-0.3357,-0.1126,-0.0043,0.3479,0.0155,1,0.00,0.008,0.036,0.005,,0.0873,0.1770,1.2982,-0.0215,0.3606,-0.1801,-0.2991,-0.1886,0.0154,1,0.00,0.010,0.035,0.004,,-0.0833,0.0749,1.4747,-0.3150,-0.1763,-0.1631,-0.3069,0.1970,0.0148,1,4.27,0.066,0.390,0.249,,-0.0137,0.3181,1.0348,-0.3222,0.2074,-0.2012
7.087,1300,tripod,0.0344,-0.0282,0.1576,0.0951,0.1153,0.0014,0.0174,-0.0009,0.0305,-0.0458,0.0330,0.0101,0.000,0.000,0.0857,0.1036,0.0951,0.1153,0.0014,0.1407,0,0.3147,-0.2027,0.0267,1,0.00,0.005,0.004,0.005,,0.0128,-0.4076,1.9722,0.2933,-0.1833,-0.0806,0.3043,0.1850,0.0149,1,4.61,0.020,0.435,0.380,,0.0761,-0.1103,1.7482,0.2848,0.2014,-0.1304,0.0096,-0.3516,0.0151,1,0.00,0.002,0.001,0.001,,-0.0391,-0.2107,1.8506,-0.0086,-0.3356,-0.1130,-0.0045,0.3481,0.0150,1,0.00,0.017,0.041,0.020,,0.0881,0.1839,1.2889,-0.0217,0.3608,-0.1813,-0.2992,-0.1885,0.0150,1,4.54,0.002,0.451,0.331,,-0.0841,0.0811,1.4673,-0.3152,-0.1762,-0.1641,-0.3070,0.1970,0.0148,1,0.00,0.008,0.048,0.019,,-0.0136,0.3219,1.0284,-0.3224,0.2074,-0.2017
7.108,1304,tripod,0.0344,-0.0284,0.1579,0.0959,0.1145,0.0014,-0.0001,-0.0049,0.0116,-0.0286,-0.0473,0.0037,0.000,0.000,0.0859,0.1036,0.0959,0.1145,0.0014,0.1405,0,0.3151,-0.2030,0.0283,1,0.00,0.027,0.073,0.004,,0.0126,-0.4163,1.9756,0.2935,-0.1835,-0.0792,0.3044,0.1849,0.0156,1,0.00,0.004,0.020,0.002,,0.0762,-0.1107,1.7487,0.2848,0.2014,-0.1303,0.0097,-0.3516,0.0149,1,12.50,0.474,1.613,0.536,,-0.0393,-0.2091,1.8496,-0.0087,-0.3356,-0.1133,-0.0045,0.3482,0.0148,1,9.17,0.435,1.712,0.108,,0.0885,0.1874,1.2839,-0.0218,0.3609,-0.1819,-0.2991,-0.1885,0.0149,1,0.00,0.004,0.096,0.000,,-0.0841,0.0801,1.4683,-0.3152,-0.1762,-0.1640,-0.3068,0.1969,0.0153,1,0.00,0.001,0.047,0.004,,-0.0135,0.3192,1.0320,-0.3224,0.2074,-0.2013
7.130,1308,tripod,0.0345,-0.0284,0.1583,0.0953,0.1143,0.0014,0.0041,-0.0035,0.0305,-0.0300,-0.0290,0.0039,0.000,0.000,0.0860,0.1033,0.0953,0.1143,0.0014,0.1407,0,0.3155,-0.2033,0.0301,1,3.75,0.265,0.225,0.442,,0.0125,-0.4239,1.9786,0.2936,-0.1835,-0.0780,0.3043,0.1850,0.0151,1,0.00,0.024,0.044,0.006,,0.0769,-0.1052,1.7441,0.2847,0.2015,-0.1313,0.0097,-0.3516,0.0148,1,4.51,0.276,0.714,0.003,,-0.0397,-0.2049,1.8468,-0.0088,-0.3355,-0.1140,-0.0045,0.3482,0.0147,1,5.50,0.059,0.938,0.027,,0.0888,0.1894,1.2810,-0.0219,0.3609,-0.1822,-0.2990,-0.1886,0.0153,1,0.00,0.015,0.022,0.003,,-0.0843,0.0806,1.4676,-0.3152,-0.1761,-0.1641,-0.3068,0.1969,0.0151,1,0.00,0.003,0.021,0.015,,-0.0136,0.3235,1.0251,-0.3225,0.2075,-0.2019
7.152,1312,tripod,0.0347,-0.0287,0.1591,0.0960,0.1140,0.0016,0.0173,-0.0137,0.0597,-0.0117,0.0132,0.0006,0.000,0.000,0.0861,0.1030,0.0960,0.1140,0.0016,0.1412,0,0.3160,-0.2036,0.0318,1,2.30,0.191,0.130,0.263,,0.0124,-0.4304,1.9810,0.2937,-0.1836,-0.0770,0.3043,0.1851,0.0149,1,6.60,0.407,1.146,0.073,,0.0777,-0.0983,1.7383,0.2845,0.2016,-0.1325,0.0098,-0.3516,0.0148,1,0.00,0.019,0.094,0.002,,-0.0400,-0.2019,1.8448,-0.0088,-0.3355,-0.1145,-0.0045,0.3481,0.0154,1,0.00,0.037,0.010,0.000,,0.0890,0.1916,1.2779,-0.0220,0.3610,-0.1826,-0.2990,-0.1886,0.0149,1,11.47,0.026,1.133,0.761,,-0.0849,0.0867,1.4605,-0.3154,-0.1760,-0.1651,-0.3069,0.1969,0.0149,1,0.00,0.031,0.059,0.018,,-0.0137,0.3301,1.0149,-0.3226,0.2076,-0.2029
7.173,1316,tripod,0.0348,-0.0287,0.1594,0.0959,0.1140,0.0016,0.0012,-0.0087,0.0266,0.0693,-0.0319,-0.0013,0.000,0.000,0.0862,0.1028,0.0959,0.1140,0.0016,0.1412,0,0.3165,-0.2039,0.0337,1,6.00,0.310,0.388,0.740,,0.0123,-0.4399,1.9845,0.2938,-0.1838,-0.0754,0.3043,0.1851,0.0150,1,0.00,0.007,0.047,0.004,,0.0778,-0.0975,1.7376,0.2845,0.2016,-0.1326,0.0100,-0.3517,0.0154,1,0.00,0.011,0.037,0.002,,-0.0399,-0.2023,1.8452,-0.0088,-0.3355,-0.1144,-0.0045,0.3482,0.0150,1,5.99,0.604,0.737,0.271,,0.0894,0.1965,1.2712,-0.0220,0.3611,-0.1834,-0.2989,-0.1886,0.0149,1,3.93,0.374,1.052,0.353,,-0.0852,0.0892,1.4576,-0.3154,-0.1760,-0.1655,-0.3068,0.1968,0.0151,1,0.00,0.010,0.052,0.001,,-0.0138,0.3305,1.0142,-0.3226,0.2077,-0.2030
7.195,1320,tripod,0.0348,-0.0288,0.1597,0.0962,0.1136,0.0016,0.0110,0.0019,0.0140,-0.0365,0.0346,0.0050,0.000,0.000,0.0864,0.1025,0.0962,0.1136,0.0016,0.1411,0,0.3169,-0.2043,0.0357,1,5.04,0.331,0.359,0.587,,0.0122,-0.4508,1.9882,0.2941,-0.1839,-0.0737,0.3043,0.1851,0.0152,1,0.00,0.013,0.020,0.003,,0.0781,-0.0950,1.7354,0.2845,0.2017,-0.1330,0.0099,-0.3517,0.0150,1,1.14,0.135,0.194,0.041,,-0.0401,-0.1992,1.8432,-0.0088,-0.3354,-0.1150,-0.0045,0.3482,0.0149,1,0.00,0.007,0.027,0.005,,0.0895,0.1984,1.2685,-0.0221,0.3611,-0.1837,-0.2988,-0.1887,0.0151,1,0.00,0.013,0.040,0.004,,-0.0850,0.0869,1.4604,-0.3154,-0.1760,-0.1651,-0.3068,0.1969,0.0149,1,4.89,0.091,0.437,0.285,,-0.0139,0.3334,1.0097,-0.3227,0.2077,-0.2034
7.216,1324,tripod,0.0348,-0.0289,0.1600,0.0963,0.1129,0.0018,-0.0086,-0.0000,0.0237,0.0166,-0.0582,0.0147,0.000,0.000,0.0865,0.1022,0.0963,0.1129,0.0018,0.1411,0,0.3173,-0.2046,0.0377,1,6.72,0.134,0.465,0.833,,0.0120,-0.4601,1.9914,0.2942,-0.1840,-0.0722,0.3042,0.1853,0.0150,1,0.00,0.016,0.027,0.004,,0.0786,-0.0908,1.7318,0.2844,0.2018,-0.1338,0.0100,-0.3516,0.0149,1,0.04,0.004,0.022,0.002,,-0.0402,-0.1973,1.8420,-0.0089,-0.3354,-0.1153,-0.0045,0.3482,0.0153,1,0.00,0.012,0.038,0.003,,0.0894,0.1984,1.2685,-0.0221,0.3611,-0.1837,-0.2987,-0.1887,0.0154,1,0.00,0.013,0.036,0.002,,-0.0851,0.0870,1.4605,-0.3153,-0.1760,-0.1652,-0.3068,0.1969,0.0148,1,5.56,0.086,0.537,0.271,,-0.0141,0.3350,1.0073,-0.3227,0.2078,-0.2036
7.237,1328,tripod,0.0346,-0.0288,0.1606,0.0959,0.1120,0.0020,-0.0083,0.0088,0.0427,0.0053,-0.0312,-0.0001,0.000,0.000,0.0866,0.1016,0.0959,0.1120,0.0020,0.1415,0,0.3175,-0.2047,0.0396,1,5.56,0.175,0.415,0.688,,0.0120,-0.4669,1.9938,0.2943,-0.1841,-0.0711,0.3039,0.1855,0.0150,1,0.00,0.010,0.096,0.009,,0.0791,-0.0865,1.7279,0.2843,0.2018,-0.1345,0.0099,-0.3515,0.0153,1,0.00,0.001,0.034,0.004,,-0.0403,-0.1952,1.8406,-0.0089,-0.3353,-0.1156,-0.0048,0.3484,0.0150,1,9.17,0.767,1.181,0.315,,0.0895,0.2035,1.2615,-0.0221,0.3613,-0.1845,-0.2989,-0.1886,0.0149,1,4.99,0.666,1.085,0.143,,-0.0856,0.0921,1.4548,-0.3154,-0.1759,-0.1660,-0.3070,0.1969,0.0147,1,0.00,0.027,0.109,0.018,,-0.0143,0.3363,1.0054,-0.3226,0.2078,-0.2038
7.258,1332,tripod,0.0343,-0.0287,0.1611,0.0954,0.1104,0.0020,-0.0254,0.0096,0.0264,-0.0162,-0.0946,0.0105,0.000,0.000,0.0864,0.1009,0.0954,0.1104,0.0020,0.1416,0,0.3177,-0.2048,0.0417,1,8.47,0.069,0.754,0.879,,0.0119,-0.4735,1.9960,0.2944,-0.1842,-0.0700,0.3038,0.1857,0.0151,1,0.00,0.016,0.027,0.004,,0.0795,-0.0820,1.7238,0.2843,0.2019,-0.1353,0.0098,-0.3514,0.0152,1,0.00,0.003,0.015,0.002,,-0.0406,-0.1903,1.8373,-0.0089,-0.3352,-0.1165,-0.0049,0.3485,0.0149,1,0.00,0.022,0.080,0.010,,0.0894,0.2051,1.2592,-0.0221,0.3613,-0.1848,-0.2989,-0.1886,0.0149,1,0.00,0.010,0.065,0.002,,-0.0855,0.0922,1.4550,-0.3153,-0.1759,-0.1661,-0.3069,0.1969,0.0150,1,8.48,0.069,0.951,0.236,,-0.0144,0.3342,1.0091,-0.3225,0.2078,-0.2035
7.280,1336,tripod,0.0340,-0.0285,0.1618,0.0941,0.1082,0.0020,-0.0104,-0.0008,0.0477,-0.0787,-0.1350,0.0030,0.000,0.000,0.0859,0.0996,0.0941,0.1082,0.0020,0.1419,0,0.3178,-0.2049,0.0440,1,0.00,0.001,0.030,0.004,,0.0118,-0.4790,1.9979,0.2945,-0.1843,-0.0691,0.3035,0.1860,0.0148,1,4.20,0.165,0.570,0.172,,0.0800,-0.0747,1.7170,0.2842,0.2020,-0.1366,0.0096,-0.3512,0.0149,1,4.76,0.283,0.803,0.028,,-0.0410,-0.1824,1.8317,-0.0090,-0.3351,-0.1178,-0.0048,0.3484,0.0152,1,0.00,0.007,0.039,0.000,,0.0889,0.2037,1.2613,-0.0220,0.3613,-0.1846,-0.2987,-0.1887,0.0154,1,0.00,0.006,0.038,0.003,,-0.0851,0.0898,1.4583,-0.3152,-0.1759,-0.1657,-0.3068,0.1968,0.0149,1,2.91,0.118,0.981,0.470,,-0.0146,0.3320,1.0129,-0.3224,0.2078,-0.2032
7.301,1340,tripod,0.0338,-0.0286,0.1626,0.0932,0.1065,0.0020,-0.0063,-0.0088,0.0541,0.0000,-0.0747,0.0089,0.000,0.000,0.0850,0.0979,0.0932,0.1065,0.0020,0.1424,0,0.3180,-0.2051,0.0463,1,1.56,0.143,0.112,0.168,,0.0117,-0.4836,1.9993,0.2946,-0.1843,-0.0684,0.3035,0.1860,0.0148,1,0.00,0.002,0.056,0.006,,0.0803,-0.0686,1.7112,0.2842,0.2021,-0.1376,0.0096,-0.3512,0.0148,1,7.23,0.021,1.350,0.125,,-0.0412,-0.1757,1.8268,-0.0091,-0.3351,-0.1189,-0.0047,0.3483,0.0149,1,10.47,0.059,1.288,0.394,,0.0885,0.2080,1.2558,-0.0219,0.3613,-0.1853,-0.2985,-0.1889,0.0152,1,0.00,0.016,0.046,0.008,,-0.0851,0.0933,1.4549,-0.3151,-0.1759,-0.1663,-0.3065,0.1965,0.0148,1,0.00,0.018,0.085,0.005,,-0.0149,0.3314,1.0148,-0.3223,0.2078,-0.2032
7.322,1344,tripod,0.0337,-0.0284,0.1634,0.0922,0.1059,0.0022,-0.0079,0.0164,0.0433,-0.0933,-0.0294,0.0203,0.000,0.000,0.0842,0.0965,0.0922,0.1059,0.0022,0.1427,0,0.3182,-0.2052,0.0482,1,4.33,0.173,0.339,0.502,,0.0116,-0.4887,2.0008,0.2947,-0.1844,-0.0676,0.3034,0.1861,0.0151,1,0.00,0.016,0.025,0.002,,0.0800,-0.0659,1.7085,0.2843,0.2021,-0.1381,0.0096,-0.3512,0.0154,1,0.00,0.010,0.024,0.000,,-0.0411,-0.1733,1.8250,-0.0091,-0.3351,-0.1193,-0.0047,0.3483,0.0149,1,3.18,0.044,0.686,0.149,,0.0879,0.2104,1.2530,-0.0217,0.3613,-0.1857,-0.2985,-0.1889,0.0149,1,3.08,0.160,0.382,0.161,,-0.0852,0.0995,1.4486,-0.3151,-0.1758,-0.1673,-0.3063,0.1963,0.0154,1,0.00,0.003,0.039,0.001,,-0.0151,0.3296,1.0191,-0.3220,0.2077,-0.2030
7.343,1348,tripod,0.0334,-0.0282,0.1640,0.0910,0.1047,0.0022,-0.0226,0.0139,0.0513,-0.0208,-0.0463,0.0133,0.000,0.000,0.0832,0.0955,0.0910,0.1047,0.0022,0.1430,0,0.3183,-0.2053,0.0501,1,6.82,0.048,0.524,0.821,,0.0114,-0.4934,2.0021,0.2948,-0.1845,-0.0668,0.3033,0.1862,0.0150,1,0.00,0.012,0.028,0.004,,0.0799,-0.0616,1.7042,0.2844,0.2021,-0.1388,0.0095,-0.3510,0.0156,1,0.00,0.014,0.023,0.004,,-0.0412,-0.1680,1.8210,-0.0091,-0.3350,-0.1202,-0.0046,0.3482,0.0152,1,0.00,0.012,0.041,0.004,,0.0869,0.2081,1.2569,-0.0214,0.3611,-0.1853,-0.2985,-0.1889,0.0150,1,0.00,0.013,0.032,0.001,,-0.0847,0.1007,1.4479,-0.3149,-0.1759,-0.1675,-0.3063,0.1963,0.0148,1,5.50,0.003,0.629,0.178,,-0.0153,0.3333,1.0154,-0.3218,0.2076,-0.2036
7.364,1352,tripod,0.0330,-0.0280,0.1649,0.0908,0.1033,0.0023,-0.0226,0.0070,0.0494,-0.0023,-0.0875,0.0092,0.000,0.000,0.0824,0.0944,0.0908,0.1033,0.0023,0.1434,0,0.3182,-0.2052,0.0521,1,6.22,0.079,0.711,0.379,,0.0112,-0.4977,2.0034,0.2948,-0.1846,-0.0661,0.3030,0.1864,0.0153,1,0.00,0.006,0.026,0.007,,0.0797,-0.0564,1.6992,0.2844,0.2021,-0.1397,0.0091,-0.3507,0.0151,1,0.00,0.006,0.019,0.009,,-0.0416,-0.1591,1.8142,-0.0092,-0.3350,-0.1217,-0.0046,0.3482,0.0160,1,0.00,0.006,0.037,0.003,,0.0860,0.2082,1.2577,-0.0212,0.3610,-0.1853,-0.2985,-0.1889,0.0155,1,0.00,0.006,0.033,0.001,,-0.0841,0.1008,1.4486,-0.3148,-0.1760,-0.1676,-0.3063,0.1963,0.0147,1,5.32,0.054,0.850,0.038,,-0.0154,0.3353,1.0141,-0.3216,0.2075,-0.2039
7.385,1356,tripod,0.0328,-0.0278,0.1659,0.0894,0.1023,0.0023,-0.0085,0.0051,0.0682,-0.0497,-0.0983,0.0005,0.000,0.000,0.0816,0.0934,0.0894,0.1023,0.0023,0.1442,0,0.3182,-0.2052,0.0542,1,0.00,0.005,0.030,0.001,,0.0111,-0.5017,2.0045,0.2949,-0.1847,-0.0655,0.3027,0.1867,0.0148,1,4.40,0.477,0.514,0.299,,0.0798,-0.0480,1.6910,0.2844,0.2021,-0.1412,0.0088,-0.3504,0.0148,1,4.13,0.495,0.779,0.039,,-0.0420,-0.1495,1.8067,-0.0092,-0.3349,-0.1234,-0.0047,0.3483,0.0155,1,0.00,0.007,0.028,0.011,,0.0855,0.2138,1.2511,-0.0211,0.3610,-0.1863,-0.2986,-0.1888,0.0155,1,0.00,0.011,0.031,0.010,,-0.0839,0.1061,1.4431,-0.3147,-0.1760,-0.1685,-0.3063,0.1963,0.0147,1,3.36,0.004,1.172,0.549,,-0.0155,0.3375,1.0125,-0.3214,0.2074,-0.2043
7.407,1360,tripod,0.0328,-0.0279,0.1670,0.0891,0.1016,0.0023,0.0071,-0.0071,0.0766,0.0125,0.0085,0.0085,0.000,0.000,0.0808,0.0923,0.0891,0.1016,0.0023,0.1451,0,0.3184,-0.2054,0.0562,1,3.94,0.255,0.314,0.439,,0.0109,-0.5054,2.0055,0.2950,-0.1847,-0.0649,0.3027,0.1867,0.0149,1,0.00,0.009,0.019,0.009,,0.0798,-0.0410,1.6842,0.2844,0.2021,-0.1424,0.0087,-0.3504,0.0149,1,0.00,0.008,0.021,0.006,,-0.0421,-0.1426,1.8013,-0.0093,-0.3349,-0.1246,-0.0047,0.3483,0.0149,1,3.45,0.077,0.306,0.261,,0.0851,0.2232,1.2394,-0.0210,0.3610,-0.1879,-0.2986,-0.1888,0.0149,1,3.53,0.139,0.494,0.108,,-0.0840,0.1147,1.4335,-0.3147,-0.1760,-0.1700,-0.3060,0.1961,0.0150,1,0.00,0.002,0.031,0.006,,-0.0156,0.3394,1.0116,-0.3212,0.2073,-0.2047
7.428,1364,tripod,0.0326,-0.0278,0.1679,0.0886,0.1005,0.0024,-0.0237,0.0130,0.0377,-0.0471,-0.0967,0.0063,0.000,0.000,0.0803,0.0916,0.0886,0.1005,0.0024,0.1456,0,0.3185,-0.2055,0.0580,1,4.46,0.053,0.713,0.067,,0.0108,-0.5088,2.0063,0.2950,-0.1848,-0.0643,0.3027,0.1868,0.0154,1,0.00,0.011,0.022,0.003,,0.0794,-0.0377,1.6810,0.2845,0.2020,-0.1430,0.0087,-0.3503,0.0154,1,0.00,0.013,0.022,0.002,,-0.0420,-0.1396,1.7987,-0.0093,-0.3349,-0.1251,-0.0047,0.3483,0.0149,1,3.08,0.364,0.548,0.058,,0.0845,0.2274,1.2348,-0.0208,0.3609,-0.1886,-0.2986,-0.1888,0.0149,1,2.97,0.409,0.484,0.021,,-0.0836,0.1185,1.4297,-0.3146,-0.1760,-0.1706,-0.3059,0.1959,0.0153,1,0.00,0.003,0.038,0.009,,-0.0157,0.3412,1.0109,-0.3209,0.2072,-0.2050
7.448,1368,tripod,0.0324,-0.0277,0.1688,0.0883,0.0996,0.0026,-0.0118,0.0045,0.0603,-0.0068,-0.0411,0.0088,0.000,0.000,0.0798,0.0906,0.0883,0.0996,0.0026,0.1461,0,0.3185,-0.2054,0.0597,1,5.88,0.124,0.593,0.493,,0.0106,-0.5119,2.0073,0.2951,-0.1849,-0.0638,0.3025,0.1870,0.0154,1,0.00,0.007,0.022,0.009,,0.0793,-0.0310,1.6743,0.2845,0.2020,-0.1442,0.0085,-0.3501,0.0153,1,0.00,0.006,0.022,0.007,,-0.0422,-0.1329,1.7933,-0.0093,-0.3348,-0.1262,-0.0046,0.3482,0.0154,1,0.00,0.005,0.034,0.002,,0.0836,0.2278,1.2353,-0.0206,0.3607,-0.1886,-0.2985,-0.1889,0.0155,1,0.00,0.008,0.036,0.004,,-0.0829,0.1173,1.4317,-0.3144,-0.1761,-0.1705,-0.3059,0.1960,0.0148,1,5.39,0.098,0.615,0.187,,-0.0158,0.3471,1.0040,-0.3207,0.2071,-0.2059
7.469,1372,tripod,0.0322,-0.0276,0.1699,0.0877,0.0986,0.0026,-0.0043,-0.0034,0.0672,-0.0446,-0.0870,0.0070,0.000,0.000,0.0795,0.0898,0.0877,0.0986,0.0026,0.1469,0,0.3185,-0.2055,0.0616,1,0.00,0.002,0.027,0.001,,0.0105,-0.5148,2.0082,0.2951,-0.1849,-0.0634,0.3022,0.1872,0.0149,1,3.88,0.196,0.402,0.289,,0.0795,-0.0217,1.6652,0.2845,0.2021,-0.1458,0.0083,-0.3499,0.0150,1,3.87,0.430,0.787,0.089,,-0.0426,-0.1236,1.7858,-0.0094,-0.3348,-0.1278,-0.0046,0.3482,0.0155,1,0.00,0.010,0.025,0.011,,0.0831,0.2329,1.2292,-0.0205,0.3607,-0.1895,-0.2984,-0.1890,0.0161,1,0.00,0.009,0.029,0.006,,-0.0825,0.1199,1.4294,-0.3143,-0.1762,-0.1709,-0.3059,0.1959,0.0147,1,2.81,0.227,0.952,0.428,,-0.0159,0.3513,0.9992,-0.3206,0.2071,-0.2066
7.490,1376,tripod,0.0320,-0.0277,0.1707,0.0881,0.0969,0.0027,-0.0226,-0.0214,0.0446,0.0922,-0.1449,0.0004,0.000,0.000,0.0791,0.0889,0.0881,0.0969,0.0027,0.1475,0,0.3186,-0.2056,0.0633,1,2.35,0.326,0.239,0.164,,0.0103,-0.5175,2.0088,0.2951,-0.1850,-0.0629,0.3022,0.1872,0.0154,1,0.00,0.003,0.019,0.001,,0.0793,-0.0171,1.6606,0.2846,0.2021,-0.1466,0.0083,-0.3499,0.0149,1,3.36,0.568,0.438,0.089,,-0.0425,-0.1197,1.7826,-0.0093,-0.3348,-0.1285,-0.0047,0.3483,0.0149,1,4.76,0.212,0.426,0.325,,0.0827,0.2417,1.2179,-0.0204,0.3607,-0.1910,-0.2984,-0.1890,0.0152,1,0.00,0.019,0.030,0.016,,-0.0825,0.1272,1.4214,-0.3142,-0.1762,-0.1722,-0.3056,0.1957,0.0150,1,0.00,0.000,0.038,0.002,,-0.0160,0.3502,1.0026,-0.3203,0.2069,-0.2065
7.511,1380,tripod,0.0320,-0.0276,0.1716,0.0871,0.0970,0.0029,-0.0110,0.0144,0.0406,-0.0813,-0.0300,0.0129,0.000,0.000,0.0790,0.0880,0.0871,0.0970,0.0029,0.1480,0,0.3187,-0.2057,0.0649,1,4.40,0.308,0.405,0.445,,0.0102,-0.5201,2.0093,0.2952,-0.1851,-0.0625,0.3021,0.1873,0.0152,1,0.00,0.017,0.020,0.008,,0.0792,-0.0107,1.6540,0.2846,0.2021,-0.1477,0.0084,-0.3500,0.0158,1,0.00,0.013,0.023,0.001,,-0.0423,-0.1177,1.7809,-0.0093,-0.3348,-0.1288,-0.0047,0.3483,0.0149,1,3.13,0.204,0.755,0.224,,0.0821,0.2452,1.2137,-0.0202,0.3607,-0.1916,-0.2985,-0.1889,0.0149,1,3.05,0.134,0.290,0.227,,-0.0824,0.1343,1.4136,-0.3142,-0.1761,-0.1734,-0.3054,0.1954,0.0159,1,0.00,0.004,0.039,0.001,,-0.0162,0.3486,1.0069,-0.3200,0.2068,-0.2063
7.533,1384,tripod,0.0316,-0.0275,0.1722,0.0862,0.0952,0.0026,-0.0250,0.0138,0.0131,-0.0704,-0.1194,-0.0120,0.000,0.000,0.0784,0.0872,0.0862,0.0952,0.0026,0.1485,0,0.3186,-0.2058,0.0664,1,2.65,0.416,0.377,0.001,,0.0101,-0.5225,2.0098,0.2952,-0.1851,-0.0621,0.3020,0.1874,0.0149,1,3.64,0.114,0.472,0.148,,0.0792,-0.0048,1.6478,0.2847,0.2021,-0.1488,0.0082,-0.3499,0.0156,1,0.00,0.028,0.021,0.005,,-0.0424,-0.1113,1.7756,-0.0093,-0.3347,-0.1299,-0.0044,0.3481,0.0151,1,0.00,0.002,0.031,0.002,,0.0812,0.2451,1.2148,-0.0200,0.3606,-0.1915,-0.2985,-0.1889,0.0148,1,4.12,0.583,1.028,0.355,,-0.0820,0.1351,1.4131,-0.3141,-0.1762,-0.1735,-0.3053,0.1955,0.0151,1,0.00,0.018,0.030,0.016,,-0.0164,0.3536,1.0009,-0.3199,0.2068,-0.2071
7.553,1388,tripod,0.0316,-0.0274,0.1731,0.0858,0.0956,0.0028,0.0097,0.0122,0.0565,-0.1438,0.0823,0.0207,0.000,0.000,0.0780,0.0863,0.0858,0.0956,0.0028,0.1491,0,0.3186,-0.2058,0.0677,1,2.53,0.043,0.212,0.282,,0.0100,-0.5248,2.0107,0.2953,-0.1851,-0.0618,0.3020,0.1874,0.0154,1,0.00,0.005,0.006,0.002,,0.0787,-0.0033,1.6460,0.2848,0.2020,-0.1490,0.0080,-0.3497,0.0149,1,3.74,0.519,0.561,0.110,,-0.0427,-0.1016,1.7674,-0.0094,-0.3347,-0.1316,-0.0045,0.3482,0.0151,1,0.00,0.024,0.017,0.012,,0.0807,0.2499,1.2090,-0.0198,0.3605,-0.1923,-0.2983,-0.1891,0.0160,1,0.00,0.040,0.052,0.003,,-0.0812,0.1330,1.4166,-0.3139,-0.1763,-0.1732,-0.3054,0.1955,0.0148,1,4.16,0.705,0.951,0.252,,-0.0166,0.3605,0.9921,-0.3197,0.2068,-0.2082
7.574,1392,tripod,0.0317,-0.0275,0.1740,0.0856,0.0955,0.0031,-0.0055,-0.0003,0.0401,0.0165,-0.0150,0.0090,0.000,0.000,0.0775,0.0861,0.0856,0.0955,0.0031,0.1497,0,0.3188,-0.2059,0.0690,1,7.63,0.139,0.834,0.594,,0.0099,-0.5270,2.0111,0.2953,-0.1852,-0.0614,0.3019,0.1874,0.0153,1,0.00,0.001,0.021,0.006,,0.0787,0.0022,1.6403,0.2848,0.2020,-0.1500,0.0080,-0.3497,0.0149,1,0.41,0.030,0.075,0.019,,-0.0429,-0.0956,1.7622,-0.0094,-0.3346,-0.1326,-0.0045,0.3481,0.0149,1,0.00,0.001,0.070,0.015,,0.0802,0.2549,1.2025,-0.0197,0.3605,-0.1932,-0.2981,-0.1893,0.0167,1,0.00,0.022,0.071,0.009,,-0.0809,0.1358,1.4139,-0.3138,-0.1763,-0.1737,-0.3053,0.1953,0.0150,1,9.36,0.229,0.888,0.424,,-0.0167,0.3644,0.9877,-0.3196,0.2067,-0.2088
7.595,1396,tripod,0.0314,-0.0275,0.1744,0.0863,0.0939,0.0033,-0.0269,-0.0031,0.0143,0.0606,-0.1319,0.0096,0.000,0.000,0.0773,0.0857,0.0863,0.0939,0.0033,0.1502,0,0.3188,-0.2059,0.0701,1,5.97,0.050,0.972,0.113,,0.0098,-0.5289,2.0114,0.2954,-0.1852,-0.0611,0.3017,0.1877,0.0150,1,0.00,0.007,0.023,0.010,,0.0788,0.0095,1.6329,0.2848,0.2021,-0.1513,0.0080,-0.3496,0.0150,1,0.00,0.008,0.026,0.003,,-0.0426,-0.0953,1.7619,-0.0094,-0.3347,-0.1327,-0.0046,0.3481,0.0151,1,0.00,0.002,0.033,0.010,,0.0798,0.2580,1.1991,-0.0196,0.3604,-0.1937,-0.2982,-0.1892,0.0155,1,0.00,0.013,0.022,0.014,,-0.0810,0.1430,1.4056,-0.3138,-0.1763,-0.1749,-0.3053,0.1953,0.0149,1,4.75,0.135,1.300,0.476,,-0.0168,0.3653,0.9873,-0.3195,0.2067,-0.2090
7.616,1400,tripod,0.0314,-0.0275,0.1751,0.0859,0.0941,0.0034,0.0001,0.0007,0.0390,-0.0150,0.0009,0.0071,0.000,0.000,0.0774,0.0850,0.0859,0.0941,0.0034,0.1506,0,0.3189,-0.2059,0.0711,1,4.12,0.099,0.344,0.464,,0.0097,-0.5306,2.0117,0.2954,-0.1853,-0.0608,0.3016,0.1877,0.0150,1,0.00,0.010,0.025,0.003,,0.0786,0.0125,1.6297,0.2848,0.2021,-0.1518,0.0080,-0.3496,0.0155,1,0.00,0.014,0.025,0.000,,-0.0425,-0.0938,1.7605,-0.0093,-0.3347,-0.1329,-0.0047,0.3482,0.0148,1,3.30,0.040,0.431,0.101,,0.0794,0.2635,1.1920,-0.0195,0.3604,-0.1946,-0.2983,-0.1891,0.0149,1,3.32,0.055,0.510,0.055,,-0.0812,0.1500,1.3976,-0.3137,-0.1763,-0.1761,-0.3051,0.1951,0.0158,1,0.00,0.005,0.036,0.003,,-0.0168,0.3627,0.9925,-0.3193,0.2066,-0.2086
7.637,1404,tripod,0.0311,-0.0274,0.1754,0.0854,0.0931,0.0033,-0.0205,0.0064,0.0076,-0.0285,-0.0915,-0.0169,0.000,0.000,0.0772,0.0846,0.0854,0.0931,0.0033,0.1510,0,0.3188,-0.2059,0.0720,1,1.94,0.306,0.267,0.001,,0.0097,-0.5322,2.0119,0.2954,-0.1853,-0.0606,0.3016,0.1878,0.0149,1,4.64,0.076,0.627,0.170,,0.0785,0.0159,1.6260,0.2849,0.2021,-0.1524,0.0079,-0.3495,0.0152,1,0.00,0.018,0.023,0.006,,-0.0426,-0.0881,1.7558,-0.0094,-0.3346,-0.1339,-0.0046,0.3481,0.0148,1,0.00,0.007,0.032,0.001,,0.0788,0.2632,1.1929,-0.0194,0.3604,-0.1945,-0.2983,-0.1891,0.0148,1,4.46,0.390,1.127,0.374,,-0.0809,0.1506,1.3972,-0.3137,-0.1763,-0.1762,-0.3051,0.1951,0.0153,1,0.00,0.006,0.032,0.013,,-0.0170,0.3661,0.9885,-0.3191,0.2065,-0.2092
7.659,1408,tripod,0.0312,-0.0272,0.1759,0.0842,0.0936,0.0032,0.0002,0.0132,0.0173,-0.0746,0.0290,-0.0029,0.000,0.000,0.0768,0.0842,0.0842,0.0936,0.0032,0.1510,0,0.3189,-0.2059,0.0728,1,5.99,0.029,0.754,0.272,,0.0096,-0.5336,2.0123,0.2955,-0.1854,-0.0603,0.3016,0.1878,0.0150,1,0.00,0.009,0.033,0.003,,0.0781,0.0154,1.6263,0.2850,0.2020,-0.1523,0.0077,-0.3494,0.0150,1,0.00,0.008,0.019,0.004,,-0.0427,-0.0828,1.7512,-0.0094,-0.3346,-0.1348,-0.0044,0.3480,0.0153,1,0.00,0.009,0.040,0.005,,0.0781,0.2600,1.1980,-0.0192,0.3603,-0.1940,-0.2982,-0.1893,0.0159,1,0.00,0.005,0.029,0.004,,-0.0803,0.1483,1.4007,-0.3135,-0.1764,-0.1758,-0.3051,0.1951,0.0148,1,5.08,0.115,0.902,0.108,,-0.0172,0.3703,0.9831,-0.3190,0.2065,-0.2098
7.679,1412,tripod,0.0311,-0.0271,0.1761,0.0836,0.0934,0.0031,-0.0032,-0.0070,0.0315,0.0038,-0.0399,0.0068,0.000,0.000,0.0760,0.0842,0.0836,0.0934,0.0031,0.1512,0,0.3189,-0.2059,0.0733,1,0.00,0.014,0.066,0.004,,0.0095,-0.5351,2.0125,0.2955,-0.1854,-0.0601,0.3017,0.1877,0.0153,1,0.00,0.013,0.021,0.006,,0.0776,0.0140,1.6275,0.2850,0.2019,-0.1521,0.0076,-0.3493,0.0149,1,13.22,0.342,1.835,0.399,,-0.0427,-0.0800,1.7488,-0.0094,-0.3346,-0.1353,-0.0043,0.3480,0.0149,1,11.12,0.187,1.674,0.167,,0.0778,0.2624,1.1952,-0.0191,0.3602,-0.1944,-0.2982,-0.1892,0.0158,1,0.00,0.018,0.109,0.010,,-0.0801,0.1507,1.3982,-0.3134,-0.1764,-0.1762,-0.3051,0.1951,0.0148,1,0.00,0.017,0.054,0.000,,-0.0171,0.3703,0.9838,-0.3190,0.2065,-0.2098
7.701,1416,tripod,0.0311,-0.0270,0.1763,0.0832,0.0933,0.0033,0.0095,0.0162,0.0223,-0.1124,0.1099,0.0080,0.000,0.000,0.0756,0.0840,0.0832,0.0933,0.0033,0.1515,0,0.3189,-0.2059,0.0739,1,4.67,0.141,0.425,0.488,,0.0094,-0.5363,2.0128,0.2955,-0.1854,-0.0599,0.3016,0.1877,0.0150,1,0.00,0.004,0.029,0.008,,0.0775,0.0180,1.6235,0.2850,0.2019,-0.1528,0.0076,-0.3493,0.0150,1,0.00,0.005,0.042,0.003,,-0.0426,-0.0795,1.7481,-0.0094,-0.3346,-0.1354,-0.0044,0.3479,0.0148,1,3.77,0.279,1.034,0.352,,0.0774,0.2631,1.1948,-0.0190,0.3601,-0.1946,-0.2983,-0.1891,0.0149,1,6.44,0.285,0.482,0.583,,-0.0802,0.1576,1.3899,-0.3135,-0.1764,-0.1774,-0.3049,0.1949,0.0152,1,0.00,0.032,0.051,0.007,,-0.0170,0.3674,0.9893,-0.3188,0.2063,-0.2094
7.722,1420,tripod,0.0312,-0.0271,0.1769,0.0836,0.0935,0.0033,0.0038,-0.0054,0.0116,0.0389,0.0165,-0.0001,0.000,0.000,0.0752,0.0840,0.0836,0.0935,0.0033,0.1516,0,0.3190,-0.2060,0.0746,1,1.40,0.091,0.107,0.139,,0.0093,-0.5375,2.0131,0.2955,-0.1855,-0.0597,0.3015,0.1877,0.0148,1,4.53,0.184,0.560,0.200,,0.0775,0.0222,1.6194,0.2850,0.2019,-0.1535,0.0078,-0.3494,0.0158,1,0.00,0.010,0.033,0.002,,-0.0424,-0.0803,1.7485,-0.0093,-0.3346,-0.1353,-0.0041,0.3477,0.0159,1,0.00,0.007,0.027,0.004,,0.0770,0.2606,1.1990,-0.0189,0.3600,-0.1942,-0.2983,-0.1891,0.0148,1,4.66,0.286,0.739,0.029,,-0.0802,0.1615,1.3853,-0.3135,-0.1764,-0.1781,-0.3048,0.1948,0.0157,1,0.00,0.004,0.023,0.007,,-0.0169,0.3692,0.9876,-0.3187,0.2062,-0.2097
7.743,1424,tripod,0.0312,-0.0271,0.1769,0.0836,0.0939,0.0033,0.0101,-0.0026,0.0140,0.0215,0.0772,0.0031,0.000,0.000,0.0752,0.0840,0.0836,0.0939,0.0033,0.1519,0,0.3190,-0.2060,0.0746,1,6.90,0.131,0.679,0.690,,0.0093,-0.5383,2.0133,0.2955,-0.1855,-0.0596,0.3016,0.1877,0.0148,1,0.00,0.009,0.039,0.004,,0.0770,0.0207,1.6209,0.2851,0.2018,-0.1532,0.0076,-0.3493,0.0151,1,0.00,0.008,0.032,0.004,,-0.0426,-0.0760,1.7447,-0.0094,-0.3346,-0.1360,-0.0042,0.3477,0.0155,1,0.00,0.006,0.036,0.009,,0.0769,0.2634,1.1956,-0.0189,0.3600,-0.1946,-0.2983,-0.1892,0.0151,1,0.00,0.008,0.036,0.005,,-0.0797,0.1595,1.3879,-0.3134,-0.1765,-0.1777,-0.3049,0.1949,0.0149,1,6.83,0.076,0.508,0.456,,-0.0169,0.3758,0.9782,-0.3187,0.2062,-0.2107
7.764,1428,tripod,0.0316,-0.0271,0.1773,0.0830,0.0957,0.0034,0.0173,-0.0061,0.0193,0.0208,0.0743,-0.0027,0.000,0.000,0.0749,0.0847,0.0830,0.0957,0.0034,0.1520,0,0.3192,-0.2061,0.0747,1,1.99,0.123,0.175,0.188,,0.0092,-0.5389,2.0135,0.2955,-0.1855,-0.0595,0.3018,0.1875,0.0155,1,0.00,0.015,0.041,0.011,,0.0763,0.0154,1.6262,0.2852,0.2017,-0.1523,0.0076,-0.3493,0.0149,1,4.18,0.254,0.475,0.213,,-0.0429,-0.0716,1.7409,-0.0094,-0.3346,-0.1367,-0.0043,0.3477,0.0148,1,4.47,0.150,0.678,0.039,,0.0770,0.2689,1.1886,-0.0189,0.3599,-0.1955,-0.2981,-0.1894,0.0163,1,0.00,0.017,0.021,0.002,,-0.0795,0.1592,1.3883,-0.3134,-0.1765,-0.1777,-0.3048,0.1947,0.0153,1,0.00,0.001,0.025,0.003,,-0.0167,0.3777,0.9757,-0.3187,0.2062,-0.2110
7.785,1432,tripod,0.0317,-0.0271,0.1772,0.0836,0.0963,0.0034,0.0058,-0.0057,0.0075,0.0596,0.0753,0.0057,0.000,0.000,0.0749,0.0856,0.0836,0.0963,0.0034,0.1521,0,0.3193,-0.2061,0.0744,1,11.37,0.161,1.240,0.889,,0.0091,-0.5391,2.0135,0.2955,-0.1855,-0.0595,0.3019,0.1874,0.0156,1,0.00,0.009,0.069,0.000,,0.0761,0.0148,1.6270,0.2852,0.2016,-0.1522,0.0076,-0.3493,0.0149,1,0.00,0.001,0.072,0.004,,-0.0429,-0.0733,1.7421,-0.0094,-0.3346,-0.1365,-0.0043,0.3477,0.0149,1,0.00,0.001,0.046,0.002,,0.0771,0.2685,1.1895,-0.0189,0.3599,-0.1955,-0.2983,-0.1893,0.0157,1,0.00,0.001,0.044,0.008,,-0.0797,0.1635,1.3827,-0.3134,-0.1765,-0.1784,-0.3050,0.1948,0.0149,1,10.91,0.118,0.842,0.687,,-0.0165,0.3828,0.9679,-0.3188,0.2062,-0.2118
7.806,1436,tripod,0.0318,-0.0272,0.1774,0.0838,0.0971,0.0035,0.0197,-0.0100,0.0553,0.0115,0.0098,0.0013,0.000,0.000,0.0751,0.0864,0.0838,0.0971,0.0035,0.1523,0,0.3193,-0.2061,0.0741,1,0.00,0.011,0.035,0.000,,0.0091,-0.5388,2.0136,0.2955,-0.1855,-0.0595,0.3017,0.1875,0.0148,1,9.86,0.157,0.939,0.713,,0.0765,0.0195,1.6227,0.2851,0.2016,-0.1530,0.0077,-0.3494,0.0156,1,0.00,0.008,0.039,0.007,,-0.0427,-0.0775,1.7455,-0.0094,-0.3347,-0.1357,-0.0043,0.3476,0.0154,1,0.00,0.013,0.071,0.002,,0.0772,0.2670,1.1919,-0.0189,0.3598,-0.1952,-0.2985,-0.1891,0.0148,1,9.13,0.114,1.018,0.494,,-0.0802,0.1711,1.3730,-0.3136,-0.1764,-0.1797,-0.3051,0.1948,0.0149,1,0.00,0.009,0.065,0.013,,-0.0163,0.3855,0.9636,-0.3188,0.2062,-0.2121
7.826,1440,tripod,0.0322,-0.0275,0.1778,0.0848,0.0977,0.0036,0.0198,-0.0198,0.0184,0.0921,0.0530,0.0005,0.000,0.000,0.0754,0.0871,0.0848,0.0977,0.0036,0.1527,0,0.3195,-0.2062,0.0742,1,0.00,0.002,0.022,0.001,,0.0091,-0.5372,2.0131,0.2955,-0.1855,-0.0598,0.3017,0.1875,0.0147,1,6.20,0.030,0.672,0.369,,0.0769,0.0230,1.6198,0.2849,0.2017,-0.1536,0.0079,-0.3495,0.0158,1,0.00,0.005,0.024,0.001,,-0.0430,-0.0763,1.7444,-0.0095,-0.3347,-0.1360,-0.0042,0.3476,0.0158,1,0.00,0.006,0.036,0.012,,0.0778,0.2710,1.1864,-0.0191,0.3599,-0.1959,-0.2985,-0.1891,0.0148,1,5.67,0.003,0.760,0.168,,-0.0806,0.1744,1.3684,-0.3137,-0.1764,-0.1803,-0.3050,0.1947,0.0158,1,0.00,0.001,0.040,0.009,,-0.0161,0.3867,0.9614,-0.3189,0.2061,-0.2123
7.847,1444,tripod,0.0324,-0.0277,0.1781,0.0855,0.0983,0.0037,0.0041,0.0048,0.0166,-0.0929,-0.0416,0.0028,0.000,0.000,0.0763,0.0878,0.0855,0.0983,0.0037,0.1534,0,0.3196,-0.2062,0.0732,1,0.00,0.010,0.038,0.001,,0.0092,-0.5311,2.0114,0.2954,-0.1854,-0.0607,0.3017,0.1874,0.0146,1,3.81,0.542,0.652,0.063,,0.0773,0.0252,1.6180,0.2848,0.2017,-0.1540,0.0079,-0.3495,0.0149,1,5.13,0.565,0.482,0.345,,-0.0436,-0.0707,1.7400,-0.0096,-0.3346,-0.1369,-0.0044,0.3477,0.0153,1,0.00,0.016,0.007,0.021,,0.0786,0.2792,1.1746,-0.0193,0.3600,-0.1972,-0.2984,-0.1892,0.0148,1,0.00,0.028,0.007,0.004,,-0.0809,0.1763,1.3656,-0.3138,-0.1764,-0.1806,-0.3051,0.1947,0.0158,1,0.00,0.009,0.003,0.018,,-0.0160,0.3932,0.9504,-0.3191,0.2062,-0.2132
7.868,1448,tripod,0.0327,-0.0280,0.1786,0.0864,0.0987,0.0035,0.0273,-0.0232,0.0207,0.0708,0.1629,0.0066,0.000,0.000,0.0768,0.0882,0.0864,0.0987,0.0035,0.1540,0,0.3195,-0.2063,0.0723,1,0.00,0.041,0.050,0.003,,0.0094,-0.5226,2.0088,0.2953,-0.1853,-0.0621,0.3020,0.1872,0.0154,1,0.00,0.011,0.039,0.010,,0.0774,0.0235,1.6198,0.2848,0.2017,-0.1537,0.0079,-0.3495,0.0148,1,4.73,0.460,0.397,0.427,,-0.0439,-0.0690,1.7389,-0.0097,-0.3345,-0.1372,-0.0044,0.3477,0.0147,1,0.55,0.094,0.071,0.009,,0.0794,0.2869,1.1634,-0.0195,0.3601,-0.1984,-0.2983,-0.1893,0.0153,1,0.00,0.014,0.117,0.008,,-0.0812,0.1756,1.3661,-0.3139,-0.1763,-0.1805,-0.3052,0.1949,0.0149,1,6.54,0.244,0.409,0.434,,-0.0160,0.4043,0.9320,-0.3194,0.2064,-0.2147
7.889,1452,tripod,0.0332,-0.0284,0.1789,0.0868,0.0997,0.0035,0.0226,-0.0127,0.0019,0.0113,0.0421,-0.0036,0.000,0.000,0.0775,0.0889,0.0868,0.0997,0.0035,0.1545,0,0.3196,-0.2064,0.0708,1,3.65,0.054,0.358,0.382,,0.0095,-0.5145,2.0065,0.2952,-0.1852,-0.0634,0.3022,0.1870,0.0154,1,0.00,0.015,0.016,0.003,,0.0780,0.0255,1.6181,0.2847,0.2018,-0.1541,0.0082,-0.3498,0.0153,1,0.00,0.005,0.014,0.006,,-0.0440,-0.0708,1.7406,-0.0097,-0.3345,-0.1369,-0.0043,0.3476,0.0150,1,0.00,0.012,0.028,0.005,,0.0799,0.2881,1.1611,-0.0196,0.3602,-0.1986,-0.2982,-0.1894,0.0155,1,0.00,0.009,0.018,0.010,,-0.0818,0.1794,1.3609,-0.3140,-0.1762,-0.1812,-0.3052,0.1949,0.0148,1,3.48,0.012,0.400,0.106,,-0.0161,0.4107,0.9209,-0.3196,0.2065,-0.2156
7.909,1456,tripod,0.0336,-0.0287,0.1792,0.0881,0.1006,0.0036,0.0284,-0.0300,0.0216,0.1145,0.0903,0.0032,0.000,0.000,0.0781,0.0895,0.0881,0.1006,0.0036,0.1550,0,0.3198,-0.2065,0.0700,1,0.00,0.001,0.015,0.001,,0.0097,-0.5106,2.0055,0.2951,-0.1851,-0.0640,0.3022,0.1870,0.0149,1,5.19,0.015,0.472,0.396,,0.0788,0.0300,1.6139,0.2845,0.2019,-0.1549,0.0084,-0.3499,0.0150,1,0.00,0.003,0.018,0.002,,-0.0444,-0.0687,1.7390,-0.0098,-0.3345,-0.1372,-0.0042,0.3475,0.0155,1,0.00,0.005,0.033,0.010,,0.0806,0.2904,1.1573,-0.0198,0.3603,-0.1990,-0.2982,-0.1893,0.0148,1,4.78,0.021,0.530,0.245,,-0.0827,0.1854,1.3532,-0.3142,-0.1761,-0.1822,-0.3051,0.1949,0.0154,1,0.00,0.000,0.036,0.007,,-0.0161,0.4126,0.9168,-0.3198,0.2066,-0.2158
7.930,1460,tripod,0.0338,-0.0289,0.1795,0.0878,0.1005,0.0034,0.0127,-0.0199,0.0199,0.0612,0.0141,-0.0192,0.000,0.000,0.0786,0.0901,0.0878,0.1005,0.0034,0.1554,0,0.3199,-0.2066,0.0699,1,0.00,0.000,0.023,0.001,,0.0098,-0.5080,2.0048,0.2951,-0.1851,-0.0645,0.3024,0.1868,0.0151,1,0.00,0.004,0.026,0.004,,0.0792,0.0293,1.6147,0.2845,0.2020,-0.1547,0.0084,-0.3500,0.0148,1,6.04,0.003,0.429,0.589,,-0.0448,-0.0657,1.7371,-0.0098,-0.3343,-0.1378,-0.0043,0.3476,0.0148,1,5.71,0.023,0.410,0.433,,0.0814,0.2965,1.1479,-0.0200,0.3604,-0.1999,-0.2982,-0.1894,0.0151,1,0.00,0.003,0.037,0.001,,-0.0831,0.1854,1.3527,-0.3143,-0.1760,-0.1822,-0.3052,0.1949,0.0151,1,0.00,0.002,0.033,0.020,,-0.0162,0.4182,0.9068,-0.3200,0.2068,-0.2166
7.950,1464,tripod,0.0341,-0.0292,0.1795,0.0887,0.1019,0.0032,0.0078,-0.0143,-0.0088,0.0923,-0.0087,-0.0330,0.000,0.000,0.0790,0.0907,0.0887,0.1019,0.0032,0.1557,0,0.3198,-0.2067,0.0683,1,0.00,0.029,0.104,0.000,,0.0100,-0.5003,2.0024,0.2950,-0.1850,-0.0657,0.3025,0.1867,0.0149,1,13.08,0.768,0.975,1.027,,0.0798,0.0303,1.6141,0.2844,0.2021,-0.1549,0.0084,-0.3501,0.0147,1,7.87,1.048,0.867,0.387,,-0.0450,-0.0669,1.7384,-0.0099,-0.3343,-0.1375,-0.0042,0.3476,0.0147,1,0.00,0.039,0.096,0.016,,0.0821,0.2990,1.1436,-0.0202,0.3606,-0.2003,-0.2982,-0.1894,0.0153,1,0.00,0.042,0.042,0.002,,-0.0837,0.1867,1.3506,-0.3144,-0.1759,-0.1824,-0.3053,0.1951,0.0150,1,1.24,0.175,0.164,0.031,,-0.0163,0.4236,0.8970,-0.3202,0.2069,-0.2173
7.972,1468,tripod,0.0345,-0.0294,0.1795,0.0895,0.1031,0.0034,0.0305,-0.0172,-0.0006,0.0639,0.1181,0.0167,0.000,0.000,0.0797,0.0914,0.0895,0.1031,0.0034,0.1558,0,0.3197,-0.2065,0.0661,1,0.00,0.002,0.014,0.006,,0.0103,-0.4886,1.9986,0.2948,-0.1848,-0.0676,0.3025,0.1866,0.0148,1,6.19,0.033,0.538,0.478,,0.0803,0.0300,1.6147,0.2843,0.2021,-0.1548,0.0086,-0.3502,0.0153,1,0.00,0.004,0.030,0.010,,-0.0448,-0.0720,1.7428,-0.0098,-0.3343,-0.1367,-0.0042,0.3476,0.0154,1,0.00,0.006,0.044,0.001,,0.0825,0.2974,1.1452,-0.0203,0.3607,-0.2000,-0.2982,-0.1892,0.0148,1,5.82,0.013,0.576,0.355,,-0.0845,0.1911,1.3450,-0.3145,-0.1758,-0.1831,-0.3053,0.1951,0.0155,1,0.00,0.001,0.043,0.006,,-0.0163,0.4235,0.8959,-0.3203,0.2070,-0.2172
7.992,1472,tripod,0.0349,-0.0295,0.1793,0.0894,0.1036,0.0032,0.0144,-0.0222,0.0033,0.0793,-0.0273,-0.0153,0.000,0.000,0.0801,0.0924,0.0894,0.1036,0.0032,0.1562,0,0.3197,-0.2064,0.0640,1,12.71,0.718,2.623,1.064,,0.0105,-0.4777,1.9950,0.2947,-0.1847,-0.0693,0.3028,0.1865,0.0148,1,0.00,0.012,0.107,0.011,,0.0806,0.0272,1.6176,0.2842,0.2022,-0.1544,0.0089,-0.3504,0.0155,1,0.00,0.011,0.122,0.008,,-0.0451,-0.0725,1.7435,-0.0099,-0.3343,-0.1366,-0.0041,0.3476,0.0148,1,10.81,1.400,1.292,0.317,,0.0833,0.3006,1.1397,-0.0205,0.3608,-0.2005,-0.2981,-0.1892,0.0147,1,4.17,0.561,1.088,0.399,,-0.0851,0.1919,1.3434,-0.3147,-0.1757,-0.1833,-0.3052,0.1951,0.0151,1,0.00,0.074,0.036,0.001,,-0.0164,0.4286,0.8863,-0.3206,0.2072,-0.2178
8.013,1476,tripod,0.0354,-0.0298,0.1792,0.0897,0.1054,0.0032,0.0360,0.0023,-0.0127,-0.0425,0.1643,-0.0016,0.000,0.000,0.0806,0.0932,0.0897,0.1054,0.0032,0.1562,0,0.3198,-0.2065,0.0627,1,0.00,0.005,0.020,0.000,,0.0107,-0.4742,1.9939,0.2946,-0.1846,-0.0699,0.3031,0.1862,0.0151,1,0.00,0.009,0.028,0.004,,0.0808,0.0242,1.6209,0.2842,0.2022,-0.1538,0.0090,-0.3504,0.0148,1,5.96,0.025,0.712,0.303,,-0.0456,-0.0697,1.7417,-0.0100,-0.3342,-0.1370,-0.0041,0.3476,0.0149,1,4.88,0.020,0.894,0.098,,0.0840,0.3014,1.1375,-0.0207,0.3610,-0.2006,-0.2979,-0.1894,0.0157,1,0.00,0.010,0.039,0.008,,-0.0853,0.1880,1.3478,-0.3148,-0.1757,-0.1826,-0.3053,0.1952,0.0151,1,0.00,0.005,0.031,0.015,,-0.0164,0.4336,0.8769,-0.3208,0.2073,-0.2185
8.034,1480,tripod,0.0356,-0.0298,0.1789,0.0901,0.1063,0.0031,0.0067,-0.0048,-0.0306,0.0448,0.0427,-0.0083,0.000,0.000,0.0807,0.0944,0.0901,0.1063,0.0031,0.1561,0,0.3199,-0.2065,0.0618,1,0.00,0.002,0.029,0.000,,0.0108,-0.4720,1.9934,0.2945,-0.1845,-0.0703,0.3031,0.1862,0.0148,1,4.05,0.138,0.568,0.084,,0.0813,0.0231,1.6222,0.2841,0.2023,-0.1536,0.0090,-0.3505,0.0147,1,4.63,0.271,0.400,0.342,,-0.0457,-0.0718,1.7438,-0.0100,-0.3342,-0.1367,-0.0040,0.3476,0.0154,1,0.00,0.009,0.038,0.009,,0.0845,0.2972,1.1428,-0.0208,0.3610,-0.2000,-0.2980,-0.1894,0.0159,1,0.00,0.009,0.032,0.003,,-0.0858,0.1878,1.3473,-0.3149,-0.1756,-0.1826,-0.3054,0.1954,0.0149,1,3.03,0.127,0.258,0.144,,-0.0163,0.4361,0.8712,-0.3210,0.2075,-0.2187
8.055,1484,tripod,0.0358,-0.0298,0.1782,0.0906,0.1077,0.0032,0.0380,-0.0048,-0.0313,0.0887,0.2151,0.0118,0.000,0.000,0.0811,0.0953,0.0906,0.1077,0.0032,0.1558,0,0.3197,-0.2062,0.0596,1,0.00,0.030,0.045,0.003,,0.0109,-0.4645,1.9910,0.2944,-0.1844,-0.0715,0.3031,0.1862,0.0147,1,1.29,0.036,0.040,0.124,,0.0813,0.0177,1.6279,0.2840,0.2022,-0.1527,0.0091,-0.3505,0.0150,1,0.00,0.001,0.034,0.014,,-0.0456,-0.0784,1.7493,-0.0100,-0.3342,-0.1355,-0.0042,0.3477,0.0150,1,5.98,0.766,0.885,0.040,,0.0853,0.2973,1.1421,-0.0210,0.3611,-0.2000,-0.2983,-0.1891,0.0149,1,4.80,0.657,0.857,0.011,,-0.0866,0.1917,1.3416,-0.3151,-0.1755,-0.1832,-0.3056,0.1954,0.0152,1,0.00,0.031,0.120,0.007,,-0.0161,0.4320,0.8763,-0.3212,0.2075,-0.2181
8.075,1488,tripod,0.0363,-0.0300,0.1776,0.0911,0.1090,0.0033,0.0139,-0.0045,-0.0372,-0.0109,0.0122,-0.0187,0.000,0.000,0.0816,0.0967,0.0911,0.1090,0.0033,0.1555,0,0.3197,-0.2060,0.0569,1,2.94,0.033,0.672,0.269,,0.0111,-0.4550,1.9876,0.2943,-0.1843,-0.0730,0.3035,0.1860,0.0153,1,0.00,0.006,0.018,0.016,,0.0811,0.0089,1.6369,0.2841,0.2022,-0.1511,0.0095,-0.3508,0.0154,1,0.00,0.019,0.014,0.009,,-0.0455,-0.0845,1.7544,-0.0100,-0.3343,-0.1345,-0.0042,0.3477,0.0149,1,2.37,0.368,0.516,0.162,,0.0861,0.2956,1.1438,-0.0212,0.3611,-0.1997,-0.2982,-0.1891,0.0148,1,2.44,0.365,0.408,0.049,,-0.0871,0.1910,1.3414,-0.3153,-0.1754,-0.1831,-0.3055,0.1954,0.0159,1,0.00,0.007,0.053,0.008,,-0.0159,0.4299,0.8779,-0.3214,0.2076,-0.2178
8.097,1492,tripod,0.0366,-0.0299,0.1768,0.0903,0.1108,0.0032,0.0370,0.0148,-0.0477,-0.1004,0.3197,0.0289,0.000,0.000,0.0818,0.0977,0.0903,0.1108,0.0032,0.1551,0,0.3196,-0.2059,0.0552,1,0.00,0.014,0.010,0.002,,0.0112,-0.4515,1.9867,0.2942,-0.1842,-0.0735,0.3037,0.1859,0.0150,1,0.00,0.012,0.022,0.009,,0.0812,0.0037,1.6423,0.2840,0.2022,-0.1502,0.0095,-0.3508,0.0149,1,3.26,0.307,0.442,0.129,,-0.0459,-0.0848,1.7549,-0.0101,-0.3343,-0.1344,-0.0041,0.3476,0.0149,1,0.00,0.009,0.007,0.016,,0.0866,0.2887,1.1528,-0.0214,0.3612,-0.1986,-0.2982,-0.1892,0.0154,1,0.00,0.003,0.074,0.006,,-0.0872,0.1851,1.3479,-0.3154,-0.1755,-0.1821,-0.3058,0.1956,0.0149,1,3.81,0.352,0.320,0.184,,-0.0157,0.4342,0.8692,-0.3217,0.2077,-0.2183
8.119,1496,tripod,0.0368,-0.0299,0.1763,0.0910,0.1116,0.0032,0.0044,0.0000,-0.0452,0.0398,0.0342,-0.0071,0.000,0.000,0.0817,0.0991,0.0910,0.1116,0.0032,0.1546,0,0.3196,-0.2058,0.0540,1,0.00,0.000,0.030,0.000,,0.0113,-0.4495,1.9863,0.2941,-0.1842,-0.0739,0.3037,0.1859,0.0147,1,4.17,0.176,0.548,0.117,,0.0815,0.0012,1.6456,0.2839,0.2022,-0.1498,0.0095,-0.3508,0.0148,1,4.74,0.274,0.427,0.334,,-0.0461,-0.0883,1.7579,-0.0101,-0.3343,-0.1338,-0.0040,0.3475,0.0158,1,0.00,0.009,0.039,0.009,,0.0872,0.2822,1.1615,-0.0215,0.3612,-0.1975,-0.2982,-0.1893,0.0161,1,0.00,0.011,0.036,0.003,,-0.0875,0.1814,1.3515,-0.3155,-0.1755,-0.1815,-0.3060,0.1957,0.0149,1,3.04,0.082,0.252,0.141,,-0.0154,0.4351,0.8659,-0.3220,0.2078,-0.2183
8.141,1500,tripod,0.0368,-0.0298,0.1752,0.0914,0.1122,0.0031,0.0227,0.0090,-0.0462,-0.0486,0.1347,0.0368,0.000,0.000,0.0819,0.1000,0.0914,0.1122,0.0031,0.1543,0,0.3192,-0.2055,0.0516,1,0.00,0.093,0.047,0.011,,0.0114,-0.4421,1.9838,0.2940,-0.1841,-0.0751,0.3037,0.1859,0.0147,1,13.08,0.530,2.633,0.296,,0.0814,-0.0053,1.6524,0.2839,0.2022,-0.1486,0.0095,-0.3508,0.0148,1,0.00,0.104,0.166,0.011,,-0.0460,-0.0961,1.7642,-0.0101,-0.3344,-0.1325,-0.0043,0.3477,0.0151,1,0.00,0.023,0.047,0.002,,0.0881,0.2823,1.1609,-0.0218,0.3612,-0.1975,-0.2985,-0.1890,0.0149,1,23.82,0.630,1.496,2.244,,-0.0881,0.1832,1.3482,-0.3158,-0.1754,-0.1818,-0.3062,0.1959,0.0148,1,0.00,0.016,0.138,0.004,,-0.0150,0.4290,0.8740,-0.3222,0.2078,-0.2174
