# SLARC V8.25-holdheight | rise=0.100 run=0.250 | balance=AN foothold=AN freeze=AN entry=AN | G_Z=-0.120 G_STEP=0.060
t,frame,mode,bx,by,bz,roll,pitch,yaw,vx,vy,vz,wx,wy,wz,cmd_vx,cmd_yaw,roll_bal,pitch_bal,est_roll,est_pitch,est_yaw,est_height,frozen,front_right_fx,front_right_fy,front_right_fz,front_right_contact,front_right_force,front_right_tau_coxa,front_right_tau_femur,front_right_tau_tibia,front_right_state,front_right_th_c,front_right_th_f,front_right_th_t,front_right_rfx,front_right_rfy,front_right_rfz,front_left_fx,front_left_fy,front_left_fz,front_left_contact,front_left_force,front_left_tau_coxa,front_left_tau_femur,front_left_tau_tibia,front_left_state,front_left_th_c,front_left_th_f,front_left_th_t,front_left_rfx,front_left_rfy,front_left_rfz,mid_right_fx,mid_right_fy,mid_right_fz,mid_right_contact,mid_right_force,mid_right_tau_coxa,mid_right_tau_femur,mid_right_tau_tibia,mid_right_state,mid_right_th_c,mid_right_th_f,mid_right_th_t,mid_right_rfx,mid_right_rfy,mid_right_rfz,mid_left_fx,mid_left_fy,mid_left_fz,mid_left_contact,mid_left_force,mid_left_tau_coxa,mid_left_tau_femur,mid_left_tau_tibia,mid_left_state,mid_left_th_c,mid_left_th_f,mid_left_th_t,mid_left_rfx,mid_left_rfy,mid_left_rfz,rear_right_fx,rear_right_fy,rear_right_fz,rear_right_contact,rear_right_force,rear_right_tau_coxa,rear_right_tau_femur,rear_right_tau_tibia,rear_right_state,rear_right_th_c,rear_right_th_f,rear_right_th_t,rear_right_rfx,rear_right_rfy,rear_right_rfz,rear_left_fx,rear_left_fy,rear_left_fz,rear_left_contact,rear_left_force,rear_left_tau_coxa,rear_left_tau_femur,rear_left_tau_tibia,rear_left_state,rear_left_th_c,rear_left_th_f,rear_left_th_t,rear_left_rfx,rear_left_rfy,rear_left_rfz
0.000,4,tripod,-0.0000,0.0006,0.1349,0.0000,0.0000,0.0000,-0.0000,0.0005,-0.0004,-0.0001,-0.0001,0.0001,0.000,0.000,0.0000,0.0000,0.0000,0.0000,0.0000,0.1200,0,0.2957,-0.2031,0.0148,1,2.17,0.452,0.356,0.027,,-0.0664,-0.1720,1.7318,0.2945,-0.2052,-0.1200,0.2957,0.2043,0.0148,1,2.17,0.452,0.356,0.027,,0.0664,-0.1720,1.7316,0.2945,0.2052,-0.1200,-0.0000,-0.3487,0.0148,1,1.97,0.031,0.507,0.252,,-0.0000,-0.1720,1.7315,-0.0000,-0.3491,-0.1200,-0.0000,0.3498,0.0148,1,1.96,0.023,0.504,0.250,,0.0000,-0.1720,1.7318,-0.0000,0.3491,-0.1200,-0.2958,-0.2031,0.0148,1,2.15,0.450,0.354,0.027,,0.0664,-0.1720,1.7315,-0.2945,-0.2052,-0.1200,-0.2958,0.2043,0.0148,1,2.18,0.455,0.359,0.028,,-0.0664,-0.1720,1.7313,-0.2946,0.2053,-0.1200
0.005,8,tripod,-0.0000,0.0006,0.1348,0.0000,0.0000,0.0000,-0.0000,0.0002,-0.0009,-0.0001,-0.0001,0.0001,0.000,0.000,0.0000,0.0000,0.0000,0.0000,0.0000,0.1200,0,0.2858,-0.2151,0.0148,1,2.16,0.451,0.361,0.032,,-0.1330,-0.1720,1.7392,0.2845,-0.2172,-0.1200,0.2858,0.2164,0.0148,1,2.17,0.452,0.362,0.032,,0.1330,-0.1720,1.7390,0.2845,0.2172,-0.1200,-0.0000,-0.3475,0.0148,1,1.99,0.031,0.511,0.249,,-0.0000,-0.1720,1.7389,-0.0000,-0.3480,-0.1200,-0.0000,0.3487,0.0148,1,1.98,0.027,0.508,0.248,,0.0000,-0.1720,1.7391,-0.0000,0.3480,-0.1200,-0.2858,-0.2152,0.0148,1,2.15,0.450,0.360,0.032,,0.1330,-0.1720,1.7389,-0.2846,-0.2172,-0.1200,-0.2859,0.2164,0.0148,1,2.18,0.453,0.364,0.032,,-0.1330,-0.1720,1.7387,-0.2846,0.2173,-0.1200
0.009,12,tripod,-0.0000,0.0006,0.1348,0.0000,0.0000,0.0000,-0.0000,0.0000,-0.0012,-0.0000,-0.0001,0.0001,0.000,0.000,0.0000,0.0000,0.0000,0.0000,0.0000,0.1200,0,0.2753,-0.2266,0.0148,1,2.16,0.450,0.369,0.040,,-0.1997,-0.1721,1.7449,0.2740,-0.2286,-0.1200,0.2754,0.2279,0.0148,1,2.17,0.451,0.370,0.041,,0.1997,-0.1720,1.7447,0.2740,0.2286,-0.1200,-0.0000,-0.3466,0.0148,1,2.00,0.029,0.513,0.247,,-0.0000,-0.1721,1.7447,-0.0000,-0.3471,-0.1200,-0.0000,0.3478,0.0148,1,2.00,0.029,0.511,0.246,,0.0000,-0.1721,1.7449,-0.0000,0.3471,-0.1200,-0.2754,-0.2266,0.0148,1,2.16,0.450,0.369,0.041,,0.1997,-0.1720,1.7447,-0.2740,-0.2286,-0.1200,-0.2754,0.2279,0.0148,1,2.17,0.451,0.371,0.041,,-0.1997,-0.1721,1.7446,-0.2740,0.2287,-0.1200
0.014,16,tripod,-0.0000,0.0006,0.1348,0.0000,0.0000,0.0000,-0.0000,-0.0001,-0.0012,-0.0000,-0.0000,0.0001,0.000,0.000,0.0000,0.0000,0.0000,0.0000,0.0000,0.1200,0,0.2643,-0.2375,0.0148,1,2.15,0.448,0.378,0.051,,-0.2664,-0.1721,1.7494,0.2629,-0.2394,-0.1200,0.2643,0.2387,0.0148,1,2.17,0.450,0.381,0.052,,0.2664,-0.1721,1.7493,0.2629,0.2394,-0.1200,-0.0000,-0.3459,0.0148,1,2.02,0.027,0.516,0.246,,-0.0000,-0.1721,1.7492,-0.0000,-0.3465,-0.1200,-0.0000,0.3471,0.0148,1,2.01,0.029,0.513,0.245,,0.0000,-0.1721,1.7494,-0.0000,0.3464,-0.1200,-0.2643,-0.2375,0.0148,1,2.16,0.449,0.379,0.051,,0.2664,-0.1721,1.7492,-0.2629,-0.2394,-0.1200,-0.2644,0.2387,0.0148,1,2.16,0.449,0.380,0.052,,-0.2664,-0.1721,1.7491,-0.2629,0.2394,-0.1200
0.019,20,tripod,-0.0000,0.0006,0.1348,0.0000,0.0000,0.0000,-0.0000,-0.0004,-0.0012,-0.0000,-0.0000,0.0001,0.000,0.000,0.0000,0.0000,0.0000,0.0000,0.0000,0.1200,0,0.2527,-0.2477,0.0148,1,2.14,0.444,0.385,0.062,,-0.3331,-0.1721,1.7529,0.2512,-0.2495,-0.1200,0.2527,0.2489,0.0148,1,2.17,0.448,0.391,0.063,,0.3330,-0.1721,1.7529,0.2512,0.2495,-0.1200,-0.0000,-0.3454,0.0148,1,2.04,0.025,0.520,0.246,,-0.0000,-0.1722,1.7528,-0.0000,-0.3459,-0.1200,-0.0000,0.3466,0.0148,1,2.02,0.030,0.515,0.244,,0.0000,-0.1722,1.7529,-0.0000,0.3459,-0.1200,-0.2527,-0.2477,0.0148,1,2.15,0.445,0.387,0.062,,0.3330,-0.1721,1.7528,-0.2513,-0.2495,-0.1200,-0.2528,0.2489,0.0148,1,2.15,0.446,0.389,0.063,,-0.3330,-0.1721,1.7527,-0.2513,0.2495,-0.1200
0.024,24,tripod,-0.0000,0.0006,0.1348,0.0000,0.0000,0.0000,-0.0000,-0.0005,-0.0011,0.0000,-0.0000,0.0000,0.000,0.000,0.0000,0.0000,0.0000,0.0000,0.0000,0.1200,0,0.2406,-0.2571,0.0148,1,2.13,0.440,0.392,0.071,,-0.3997,-0.1721,1.7557,0.2390,-0.2588,-0.1200,0.2406,0.2583,0.0148,1,2.15,0.444,0.397,0.072,,0.3997,-0.1721,1.7557,0.2390,0.2589,-0.1200,-0.0000,-0.3450,0.0148,1,2.05,0.025,0.524,0.246,,-0.0000,-0.1722,1.7556,-0.0000,-0.3455,-0.1200,-0.0000,0.3462,0.0148,1,2.05,0.032,0.521,0.245,,0.0000,-0.1722,1.7557,-0.0000,0.3455,-0.1200,-0.2406,-0.2571,0.0148,1,2.14,0.442,0.395,0.072,,0.3997,-0.1721,1.7556,-0.2390,-0.2589,-0.1200,-0.2406,0.2583,0.0148,1,2.14,0.441,0.394,0.072,,-0.3997,-0.1722,1.7556,-0.2390,0.2589,-0.1200
0.029,28,tripod,-0.0000,0.0006,0.1348,0.0000,0.0000,0.0000,-0.0000,-0.0004,-0.0009,0.0000,-0.0000,0.0000,0.000,0.000,0.0000,0.0000,0.0000,0.0000,0.0000,0.1200,0,0.2279,-0.2658,0.0148,1,2.14,0.438,0.398,0.077,,-0.4664,-0.1722,1.7579,0.2263,-0.2674,-0.1200,0.2279,0.2670,0.0147,1,2.15,0.441,0.401,0.078,,0.4664,-0.1722,1.7579,0.2263,0.2674,-0.1200,-0.0000,-0.3446,0.0148,1,2.05,0.024,0.521,0.244,,-0.0000,-0.1722,1.7578,-0.0000,-0.3452,-0.1200,-0.0000,0.3458,0.0148,1,2.05,0.033,0.522,0.244,,0.0000,-0.1722,1.7579,-0.0000,0.3452,-0.1200,-0.2279,-0.2658,0.0147,1,2.15,0.441,0.402,0.078,,0.4664,-0.1722,1.7578,-0.2263,-0.2674,-0.1200,-0.2279,0.2670,0.0148,1,2.13,0.437,0.397,0.077,,-0.4664,-0.1722,1.7578,-0.2263,0.2674,-0.1200
0.033,32,tripod,-0.0000,0.0006,0.1347,0.0000,0.0000,0.0000,-0.0000,-0.0004,-0.0008,0.0000,-0.0000,-0.0000,0.000,0.000,0.0000,0.0000,0.0000,0.0000,0.0000,0.1200,0,0.2147,-0.2737,0.0147,1,2.13,0.436,0.399,0.079,,-0.5331,-0.1722,1.7596,0.2131,-0.2752,-0.1200,0.2147,0.2749,0.0147,1,2.15,0.439,0.404,0.080,,0.5330,-0.1722,1.7596,0.2131,0.2752,-0.1200,-0.0000,-0.3444,0.0148,1,2.05,0.024,0.521,0.243,,-0.0000,-0.1722,1.7595,-0.0000,-0.3449,-0.1200,-0.0000,0.3455,0.0148,1,2.05,0.034,0.521,0.243,,0.0000,-0.1722,1.7596,-0.0000,0.3449,-0.1200,-0.2148,-0.2737,0.0147,1,2.15,0.439,0.404,0.080,,0.5331,-0.1722,1.7596,-0.2131,-0.2752,-0.1200,-0.2148,0.2749,0.0147,1,2.13,0.435,0.399,0.079,,-0.5330,-0.1722,1.7595,-0.2131,0.2752,-0.1200
0.038,36,tripod,-0.0000,0.0006,0.1347,0.0000,0.0000,0.0000,-0.0000,-0.0004,-0.0006,0.0000,-0.0000,-0.0000,0.000,0.000,0.0000,0.0000,0.0000,0.0000,0.0000,0.1200,0,0.2011,-0.2807,0.0147,1,2.13,0.435,0.398,0.078,,-0.5997,-0.1722,1.7610,0.1994,-0.2821,-0.1200,0.2011,0.2819,0.0147,1,2.16,0.440,0.404,0.079,,0.5997,-0.1722,1.7609,0.1994,0.2821,-0.1200,-0.0000,-0.3442,0.0147,1,2.04,0.025,0.519,0.241,,-0.0000,-0.1723,1.7608,-0.0000,-0.3447,-0.1200,-0.0000,0.3453,0.0147,1,2.04,0.035,0.519,0.241,,0.0000,-0.1723,1.7609,-0.0000,0.3447,-0.1200,-0.2011,-0.2807,0.0147,1,2.16,0.439,0.403,0.079,,0.5997,-0.1722,1.7609,-0.1994,-0.2821,-0.1200,-0.2011,0.2819,0.0147,1,2.13,0.435,0.398,0.078,,-0.5997,-0.1722,1.7609,-0.1994,0.2821,-0.1200
0.042,40,tripod,-0.0000,0.0006,0.1347,0.0000,0.0000,0.0000,0.0000,-0.0004,-0.0005,0.0000,-0.0000,-0.0001,0.000,0.000,0.0000,0.0000,0.0000,0.0000,0.0000,0.1200,0,0.1871,-0.2868,0.0147,1,2.14,0.437,0.395,0.073,,-0.6664,-0.1722,1.7620,0.1853,-0.2881,-0.1200,0.1871,0.2880,0.0147,1,2.17,0.441,0.400,0.074,,0.6664,-0.1722,1.7620,0.1853,0.2881,-0.1200,-0.0000,-0.3440,0.0147,1,2.03,0.025,0.515,0.239,,-0.0000,-0.1723,1.7619,-0.0000,-0.3446,-0.1200,-0.0000,0.3452,0.0147,1,2.03,0.034,0.515,0.239,,-0.0000,-0.1723,1.7620,0.0000,0.3446,-0.1200,-0.1871,-0.2868,0.0147,1,2.17,0.441,0.401,0.074,,0.6664,-0.1722,1.7620,-0.1853,-0.2881,-0.1200,-0.1871,0.2880,0.0147,1,2.14,0.436,0.394,0.073,,-0.6664,-0.1722,1.7619,-0.1853,0.2881,-0.1200
0.047,44,tripod,-0.0000,0.0006,0.1347,0.0000,0.0000,0.0000,-0.0000,-0.0003,-0.0004,0.0000,-0.0000,-0.0001,0.000,0.000,0.0000,0.0000,0.0000,0.0000,0.0000,0.1200,0,0.1727,-0.2921,0.0147,1,2.13,0.437,0.387,0.065,,-0.7331,-0.1722,1.7628,0.1709,-0.2932,-0.1200,0.1727,0.2932,0.0147,1,2.17,0.442,0.394,0.066,,0.7331,-0.1722,1.7628,0.1709,0.2932,-0.1200,-0.0000,-0.3439,0.0147,1,2.03,0.024,0.516,0.239,,-0.0000,-0.1723,1.7627,-0.0000,-0.3445,-0.1200,-0.0000,0.3450,0.0147,1,2.03,0.033,0.515,0.239,,-0.0000,-0.1723,1.7628,0.0000,0.3445,-0.1200,-0.1727,-0.2921,0.0147,1,2.16,0.442,0.393,0.066,,0.7331,-0.1722,1.7628,-0.1709,-0.2932,-0.1200,-0.1727,0.2932,0.0147,1,2.14,0.437,0.388,0.065,,-0.7330,-0.1722,1.7628,-0.1709,0.2932,-0.1200
0.051,48,tripod,-0.0000,0.0006,0.1347,0.0000,0.0000,0.0000,0.0000,-0.0003,-0.0003,0.0000,-0.0000,-0.0001,0.000,0.000,0.0000,0.0000,0.0000,0.0000,0.0000,0.1200,0,0.1582,-0.2963,0.0147,1,2.15,0.363,0.381,0.055,,-0.7985,-0.1722,1.7635,0.1564,-0.2973,-0.1200,0.1582,0.2974,0.0147,1,2.17,0.367,0.386,0.055,,0.7985,-0.1722,1.7634,0.1564,0.2973,-0.1200,-0.0000,-0.3438,0.0147,1,2.01,0.021,0.510,0.236,,-0.0000,-0.1723,1.7633,-0.0000,-0.3444,-0.1200,-0.0000,0.3449,0.0147,1,2.02,0.027,0.511,0.237,,-0.0000,-0.1723,1.7634,0.0000,0.3444,-0.1200,-0.1582,-0.2963,0.0147,1,2.17,0.367,0.386,0.055,,0.7985,-0.1722,1.7635,-0.1564,-0.2973,-0.1200,-0.1582,0.2974,0.0147,1,2.14,0.362,0.380,0.055,,-0.7985,-0.1722,1.7634,-0.1565,0.2973,-0.1200
0.056,52,tripod,-0.0000,0.0006,0.1347,0.0000,0.0000,0.0000,0.0000,-0.0003,-0.0002,0.0000,-0.0000,-0.0001,0.000,0.000,0.0000,0.0000,0.0000,0.0000,0.0000,0.1200,0,0.1458,-0.2991,0.0147,1,2.14,0.358,0.371,0.044,,-0.8523,-0.1722,1.7639,0.1444,-0.2999,-0.1200,0.1458,0.3002,0.0147,1,2.17,0.362,0.376,0.044,,0.8523,-0.1722,1.7639,0.1444,0.2999,-0.1200,-0.0000,-0.3437,0.0147,1,2.03,0.020,0.514,0.238,,-0.0000,-0.1723,1.7638,-0.0000,-0.3443,-0.1200,-0.0000,0.3449,0.0147,1,2.02,0.026,0.513,0.237,,-0.0000,-0.1723,1.7639,0.0000,0.3443,-0.1200,-0.1458,-0.2991,0.0147,1,2.16,0.362,0.376,0.044,,0.8523,-0.1722,1.7640,-0.1444,-0.2999,-0.1200,-0.1458,0.3002,0.0147,1,2.14,0.358,0.371,0.044,,-0.8523,-0.1722,1.7639,-0.1444,0.2999,-0.1200
0.062,56,tripod,-0.0000,0.0006,0.1347,0.0000,0.0000,0.0000,0.0000,-0.0002,-0.0001,0.0000,-0.0000,-0.0001,0.000,0.000,0.0000,0.0000,0.0000,0.0000,0.0000,0.1200,0,0.1359,-0.3008,0.0147,1,2.15,0.358,0.367,0.035,,-0.8945,-0.1722,1.7643,0.1349,-0.3015,-0.1200,0.1359,0.3019,0.0147,1,2.17,0.361,0.371,0.036,,0.8944,-0.1722,1.7643,0.1349,0.3015,-0.1200,-0.0000,-0.3437,0.0147,1,2.00,0.022,0.507,0.234,,-0.0000,-0.1723,1.7642,-0.0000,-0.3442,-0.1200,-0.0000,0.3448,0.0147,1,2.00,0.023,0.508,0.235,,-0.0000,-0.1723,1.7643,0.0000,0.3442,-0.1200,-0.1359,-0.3008,0.0147,1,2.18,0.361,0.371,0.036,,0.8945,-0.1722,1.7643,-0.1349,-0.3015,-0.1200,-0.1360,0.3019,0.0147,1,2.15,0.357,0.366,0.035,,-0.8944,-0.1722,1.7643,-0.1349,0.3015,-0.1200
0.066,60,tripod,-0.0000,0.0006,0.1347,-0.0000,0.0000,0.0000,0.0000,-0.0001,-0.0001,-0.0002,0.0000,-0.0000,0.000,0.000,0.0000,0.0000,-0.0000,0.0000,0.0000,0.1200,0,0.1282,-0.3019,0.0147,1,2.16,0.357,0.364,0.029,,-0.9275,-0.1722,1.7646,0.1274,-0.3025,-0.1200,0.1282,0.3030,0.0147,1,2.18,0.360,0.368,0.029,,0.9275,-0.1722,1.7646,0.1274,0.3025,-0.1200,-0.0000,-0.3437,0.0147,1,1.98,0.023,0.475,0.199,,-0.0000,-0.1723,1.7643,-0.0000,-0.3442,-0.1200,-0.0000,0.3448,0.0147,1,1.98,0.022,0.475,0.199,,-0.0000,-0.1723,1.7644,0.0000,0.3442,-0.1200,-0.1282,-0.3019,0.0147,1,2.18,0.360,0.367,0.029,,0.9275,-0.1722,1.7646,-0.1274,-0.3025,-0.1200,-0.1282,0.3030,0.0147,1,2.16,0.357,0.364,0.029,,-0.9275,-0.1722,1.7646,-0.1274,0.3025,-0.1200
0.070,64,tripod,-0.0000,0.0005,0.1347,-0.0000,0.0000,0.0000,0.0000,-0.0001,-0.0000,-0.0001,0.0000,-0.0000,0.000,0.000,-0.0000,0.0000,-0.0000,0.0000,0.0000,0.1200,0,0.1221,-0.3025,0.0147,1,2.16,0.355,0.361,0.025,,-0.9534,-0.1722,1.7649,0.1215,-0.3031,-0.1200,0.1221,0.3036,0.0147,1,2.18,0.358,0.364,0.025,,0.9534,-0.1722,1.7649,0.1215,0.3031,-0.1200,-0.0000,-0.3437,0.0147,1,1.98,0.023,0.476,0.199,,-0.0000,-0.1723,1.7643,-0.0000,-0.3442,-0.1200,-0.0000,0.3448,0.0147,1,1.98,0.021,0.475,0.199,,0.0000,-0.1723,1.7644,-0.0000,0.3442,-0.1200,-0.1221,-0.3025,0.0147,1,2.18,0.357,0.364,0.025,,0.9534,-0.1722,1.7649,-0.1215,-0.3031,-0.1200,-0.1221,0.3036,0.0147,1,2.16,0.355,0.361,0.025,,-0.9534,-0.1722,1.7648,-0.1215,0.3031,-0.1200
0.075,68,tripod,-0.0000,0.0005,0.1347,-0.0000,0.0000,0.0000,0.0000,-0.0001,0.0000,-0.0001,0.0000,-0.0000,0.000,0.000,-0.0000,0.0000,-0.0000,0.0000,0.0000,0.1200,0,0.1173,-0.3029,0.0147,1,2.16,0.353,0.358,0.022,,-0.9737,-0.1722,1.7650,0.1168,-0.3035,-0.1200,0.1173,0.3040,0.0147,1,2.18,0.356,0.362,0.022,,0.9737,-0.1722,1.7650,0.1168,0.3035,-0.1200,-0.0000,-0.3437,0.0147,1,1.99,0.022,0.476,0.199,,-0.0000,-0.1723,1.7643,-0.0000,-0.3442,-0.1200,-0.0000,0.3448,0.0147,1,1.98,0.021,0.476,0.199,,0.0000,-0.1723,1.7644,-0.0000,0.3442,-0.1200,-0.1174,-0.3029,0.0147,1,2.18,0.356,0.362,0.022,,0.9737,-0.1721,1.7650,-0.1168,-0.3035,-0.1200,-0.1174,0.3040,0.0147,1,2.16,0.353,0.359,0.022,,-0.9736,-0.1722,1.7650,-0.1168,0.3035,-0.1200
0.079,72,tripod,-0.0000,0.0005,0.1347,-0.0000,0.0000,0.0000,0.0000,-0.0000,0.0000,-0.0000,0.0000,0.0000,0.000,0.000,-0.0000,0.0000,-0.0000,0.0000,0.0000,0.1200,0,0.1136,-0.3031,0.0147,1,2.16,0.351,0.357,0.021,,-0.9896,-0.1721,1.7652,0.1132,-0.3037,-0.1200,0.1136,0.3042,0.0147,1,2.18,0.354,0.360,0.021,,0.9896,-0.1721,1.7652,0.1132,0.3037,-0.1200,-0.0000,-0.3437,0.0147,1,1.99,0.022,0.477,0.199,,-0.0000,-0.1723,1.7643,-0.0000,-0.3442,-0.1200,-0.0000,0.3448,0.0147,1,1.99,0.020,0.476,0.199,,0.0000,-0.1723,1.7644,-0.0000,0.3442,-0.1200,-0.1136,-0.3031,0.0147,1,2.18,0.354,0.360,0.021,,0.9896,-0.1721,1.7652,-0.1132,-0.3037,-0.1200,-0.1136,0.3042,0.0147,1,2.16,0.352,0.357,0.021,,-0.9895,-0.1722,1.7652,-0.1132,0.3037,-0.1200
0.083,76,tripod,-0.0000,0.0005,0.1347,-0.0000,0.0000,0.0000,0.0000,-0.0000,0.0001,-0.0000,0.0000,0.0000,0.000,0.000,-0.0000,0.0000,-0.0000,0.0000,0.0000,0.1200,0,0.1107,-0.3033,0.0147,1,2.16,0.350,0.355,0.018,,-1.0020,-0.1721,1.7652,0.1103,-0.3038,-0.1200,0.1107,0.3044,0.0147,1,2.18,0.353,0.360,0.019,,1.0020,-0.1721,1.7653,0.1103,0.3038,-0.1200,-0.0000,-0.3437,0.0147,1,1.99,0.021,0.477,0.199,,-0.0000,-0.1722,1.7643,-0.0000,-0.3442,-0.1200,-0.0000,0.3448,0.0147,1,1.99,0.022,0.476,0.199,,-0.0000,-0.1723,1.7644,0.0000,0.3442,-0.1200,-0.1107,-0.3033,0.0147,1,2.18,0.354,0.359,0.018,,1.0020,-0.1721,1.7653,-0.1103,-0.3038,-0.1200,-0.1107,0.3044,0.0147,1,2.15,0.349,0.357,0.021,,-1.0020,-0.1721,1.7653,-0.1103,0.3038,-0.1200
0.088,80,tripod,-0.0000,0.0005,0.1347,-0.0000,0.0000,-0.0000,-0.0000,-0.0000,0.0001,0.0000,0.0001,-0.0001,0.000,0.000,-0.0000,0.0000,-0.0000,0.0000,-0.0000,0.1200,0,0.1084,-0.3034,0.0147,1,2.17,0.350,0.353,0.014,,-1.0118,-0.1721,1.7653,0.1081,-0.3039,-0.1200,0.1084,0.3044,0.0147,1,2.17,0.350,0.360,0.022,,1.0118,-0.1721,1.7654,0.1081,0.3039,-0.1200,-0.0000,-0.3437,0.0147,1,1.99,0.022,0.478,0.199,,-0.0000,-0.1722,1.7643,-0.0000,-0.3442,-0.1200,-0.0000,0.3448,0.0147,1,1.99,0.022,0.477,0.199,,0.0000,-0.1722,1.7643,-0.0000,0.3442,-0.1200,-0.1084,-0.3034,0.0147,1,2.18,0.353,0.358,0.017,,1.0118,-0.1721,1.7653,-0.1081,-0.3039,-0.1200,-0.1084,0.3045,0.0147,1,2.15,0.347,0.356,0.020,,-1.0118,-0.1721,1.7653,-0.1081,0.3039,-0.1200
0.092,84,tripod,-0.0000,0.0005,0.1347,-0.0000,0.0000,-0.0000,-0.0000,-0.0000,0.0001,0.0000,-0.0001,0.0000,0.000,0.000,-0.0000,0.0000,-0.0000,0.0000,-0.0000,0.1200,0,0.1065,-0.3034,0.0147,1,2.16,0.349,0.351,0.012,,-1.0195,-0.1721,1.7654,0.1064,-0.3040,-0.1200,0.1065,0.3045,0.0147,1,2.17,0.350,0.357,0.018,,1.0194,-0.1721,1.7653,0.1064,0.3040,-0.1200,-0.0000,-0.3437,0.0147,1,2.00,0.022,0.478,0.199,,-0.0000,-0.1722,1.7643,-0.0000,-0.3442,-0.1200,-0.0000,0.3448,0.0147,1,1.99,0.021,0.478,0.199,,0.0000,-0.1722,1.7643,-0.0000,0.3442,-0.1200,-0.1066,-0.3034,0.0147,1,2.18,0.352,0.356,0.014,,1.0195,-0.1721,1.7654,-0.1064,-0.3040,-0.1200,-0.1066,0.3045,0.0147,1,2.15,0.347,0.353,0.017,,-1.0194,-0.1721,1.7653,-0.1064,0.3040,-0.1200
0.097,88,tripod,-0.0000,0.0005,0.1347,-0.0000,-0.0000,-0.0000,-0.0000,-0.0000,0.0001,0.0000,-0.0000,0.0000,0.000,0.000,-0.0000,0.0000,-0.0000,-0.0000,-0.0000,0.1200,0,0.1051,-0.3034,0.0147,1,2.16,0.348,0.347,0.009,,-1.0255,-0.1721,1.7654,0.1050,-0.3040,-0.1200,0.1051,0.3045,0.0147,1,2.17,0.350,0.354,0.014,,1.0254,-0.1721,1.7653,0.1050,0.3040,-0.1200,-0.0000,-0.3437,0.0147,1,2.00,0.021,0.478,0.199,,-0.0000,-0.1722,1.7643,-0.0000,-0.3442,-0.1200,-0.0000,0.3448,0.0147,1,1.99,0.021,0.477,0.199,,0.0000,-0.1722,1.7643,-0.0000,0.3442,-0.1200,-0.1051,-0.3034,0.0147,1,2.18,0.352,0.353,0.011,,1.0255,-0.1721,1.7654,-0.1050,-0.3040,-0.1200,-0.1051,0.3045,0.0147,1,2.15,0.346,0.351,0.015,,-1.0254,-0.1721,1.7653,-0.1050,0.3040,-0.1200
0.102,92,tripod,-0.0000,0.0005,0.1347,-0.0000,-0.0000,0.0000,-0.0000,-0.0000,0.0001,0.0000,-0.0000,0.0000,0.000,0.000,-0.0000,-0.0000,-0.0000,-0.0000,0.0000,0.1200,0,0.1040,-0.3035,0.0147,1,2.16,0.348,0.344,0.005,,-1.0302,-0.1721,1.7654,0.1039,-0.3040,-0.1200,0.1040,0.3046,0.0147,1,2.17,0.350,0.351,0.011,,1.0301,-0.1721,1.7653,0.1039,0.3040,-0.1200,-0.0000,-0.3437,0.0147,1,2.00,0.021,0.478,0.199,,-0.0000,-0.1722,1.7643,-0.0000,-0.3442,-0.1200,-0.0000,0.3448,0.0147,1,1.99,0.022,0.477,0.199,,0.0000,-0.1722,1.7643,-0.0000,0.3442,-0.1200,-0.1040,-0.3035,0.0147,1,2.18,0.352,0.351,0.009,,1.0302,-0.1721,1.7653,-0.1039,-0.3040,-0.1200,-0.1040,0.3046,0.0147,1,2.15,0.346,0.350,0.014,,-1.0301,-0.1721,1.7653,-0.1039,0.3040,-0.1200
0.106,96,tripod,-0.0000,0.0005,0.1347,-0.0000,-0.0000,0.0000,0.0000,-0.0000,0.0001,0.0000,-0.0000,0.0000,0.000,0.000,-0.0000,-0.0000,-0.0000,-0.0000,0.0000,0.1200,0,0.1031,-0.3035,0.0147,1,2.16,0.348,0.342,0.003,,-1.0339,-0.1721,1.7654,0.1031,-0.3040,-0.1200,0.1032,0.3046,0.0147,1,2.17,0.349,0.349,0.009,,1.0338,-0.1721,1.7653,0.1031,0.3040,-0.1200,-0.0000,-0.3437,0.0147,1,2.00,0.022,0.478,0.199,,-0.0000,-0.1722,1.7643,-0.0000,-0.3442,-0.1200,-0.0000,0.3448,0.0147,1,1.99,0.022,0.476,0.199,,0.0000,-0.1722,1.7643,-0.0000,0.3442,-0.1200,-0.1032,-0.3035,0.0147,1,2.18,0.351,0.350,0.008,,1.0338,-0.1721,1.7653,-0.1031,-0.3040,-0.1200,-0.1032,0.3046,0.0147,1,2.15,0.346,0.350,0.014,,-1.0338,-0.1721,1.7653,-0.1031,0.3040,-0.1200
0.110,100,tripod,-0.0000,0.0005,0.1347,-0.0000,-0.0000,0.0000,0.0000,-0.0000,0.0001,0.0000,0.0000,0.0000,0.000,0.000,-0.0000,-0.0000,-0.0000,-0.0000,0.0000,0.1200,0,0.1025,-0.3035,0.0147,1,2.17,0.348,0.339,0.000,,-1.0367,-0.1721,1.7654,0.1024,-0.3040,-0.1200,0.1025,0.3046,0.0147,1,2.17,0.349,0.348,0.008,,1.0367,-0.1721,1.7653,0.1024,0.3040,-0.1200,-0.0000,-0.3437,0.0147,1,2.00,0.022,0.478,0.199,,-0.0000,-0.1722,1.7643,-0.0000,-0.3442,-0.1200,-0.0000,0.3448,0.0147,1,1.99,0.022,0.476,0.199,,0.0000,-0.1722,1.7643,-0.0000,0.3442,-0.1200,-0.1025,-0.3035,0.0147,1,2.19,0.351,0.349,0.006,,1.0367,-0.1721,1.7653,-0.1024,-0.3040,-0.1200,-0.1025,0.3046,0.0147,1,2.15,0.345,0.349,0.013,,-1.0367,-0.1721,1.7653,-0.1024,0.3040,-0.1200
0.115,104,tripod,-0.0000,0.0005,0.1347,-0.0000,-0.0000,0.0000,0.0000,-0.0000,0.0001,0.0000,0.0000,0.0000,0.000,0.000,-0.0000,-0.0000,-0.0000,-0.0000,0.0000,0.1200,0,0.1019,-0.3035,0.0147,1,2.17,0.348,0.338,0.002,,-1.0390,-0.1721,1.7654,0.1019,-0.3040,-0.1200,0.1019,0.3046,0.0147,1,2.17,0.349,0.347,0.007,,1.0390,-0.1721,1.7653,0.1019,0.3040,-0.1200,-0.0000,-0.3437,0.0147,1,2.00,0.022,0.478,0.199,,-0.0000,-0.1722,1.7643,-0.0000,-0.3442,-0.1200,-0.0000,0.3448,0.0147,1,1.98,0.022,0.476,0.199,,0.0000,-0.1722,1.7643,-0.0000,0.3442,-0.1200,-0.1019,-0.3035,0.0147,1,2.19,0.351,0.349,0.006,,1.0390,-0.1720,1.7653,-0.1019,-0.3040,-0.1200,-0.1019,0.3046,0.0147,1,2.15,0.345,0.349,0.013,,-1.0390,-0.1721,1.7652,-0.1019,0.3041,-0.1200
0.119,108,tripod,-0.0000,0.0005,0.1347,-0.0000,-0.0000,0.0000,0.0000,-0.0000,0.0001,0.0000,0.0000,0.0000,0.000,0.000,-0.0000,-0.0000,-0.0000,-0.0000,0.0000,0.1200,0,0.1015,-0.3035,0.0147,1,2.17,0.349,0.337,0.003,,-1.0408,-0.1720,1.7654,0.1015,-0.3040,-0.1200,0.1015,0.3046,0.0147,1,2.17,0.349,0.347,0.007,,1.0408,-0.1721,1.7653,0.1015,0.3040,-0.1200,-0.0000,-0.3437,0.0147,1,2.00,0.022,0.479,0.199,,-0.0000,-0.1722,1.7643,-0.0000,-0.3442,-0.1200,-0.0000,0.3448,0.0147,1,1.98,0.022,0.476,0.199,,0.0000,-0.1722,1.7643,-0.0000,0.3442,-0.1200,-0.1015,-0.3035,0.0147,1,2.19,0.351,0.348,0.005,,1.0408,-0.1720,1.7653,-0.1015,-0.3040,-0.1200,-0.1015,0.3046,0.0147,1,2.14,0.344,0.349,0.013,,-1.0407,-0.1721,1.7652,-0.1015,0.3041,-0.1200
0.123,112,tripod,-0.0000,0.0005,0.1347,-0.0000,-0.0000,0.0000,0.0000,-0.0000,0.0000,0.0000,0.0000,-0.0000,0.000,0.000,-0.0000,-0.0000,-0.0000,-0.0000,0.0000,0.1200,0,0.1012,-0.3035,0.0147,1,2.17,0.349,0.336,0.004,,-1.0422,-0.1720,1.7653,0.1012,-0.3040,-0.1200,0.1012,0.3046,0.0147,1,2.17,0.349,0.347,0.006,,1.0421,-0.1720,1.7653,0.1012,0.3040,-0.1200,-0.0000,-0.3437,0.0147,1,2.00,0.022,0.479,0.199,,-0.0000,-0.1722,1.7642,-0.0000,-0.3442,-0.1200,-0.0000,0.3448,0.0147,1,1.98,0.022,0.476,0.199,,0.0000,-0.1722,1.7643,-0.0000,0.3442,-0.1200,-0.1012,-0.3035,0.0147,1,2.19,0.351,0.348,0.005,,1.0422,-0.1720,1.7653,-0.1012,-0.3040,-0.1200,-0.1012,0.3046,0.0147,1,2.14,0.344,0.349,0.013,,-1.0421,-0.1721,1.7652,-0.1012,0.3041,-0.1200
0.127,116,tripod,-0.0000,0.0005,0.1347,-0.0000,0.0000,0.0000,0.0000,-0.0000,0.0000,0.0000,0.0000,-0.0000,0.000,0.000,-0.0000,-0.0000,-0.0000,0.0000,0.0000,0.1200,0,0.1009,-0.3035,0.0147,1,2.17,0.349,0.336,0.005,,-1.0433,-0.1720,1.7653,0.1009,-0.3040,-0.1200,0.1009,0.3046,0.0147,1,2.17,0.349,0.347,0.006,,1.0432,-0.1720,1.7653,0.1009,0.3040,-0.1200,-0.0000,-0.3437,0.0147,1,2.00,0.023,0.478,0.199,,-0.0000,-0.1722,1.7642,-0.0000,-0.3442,-0.1200,-0.0000,0.3448,0.0147,1,1.98,0.022,0.476,0.199,,0.0000,-0.1722,1.7643,-0.0000,0.3442,-0.1200,-0.1009,-0.3035,0.0147,1,2.19,0.351,0.347,0.004,,1.0432,-0.1720,1.7653,-0.1009,-0.3040,-0.1200,-0.1009,0.3046,0.0147,1,2.14,0.344,0.348,0.013,,-1.0432,-0.1721,1.7652,-0.1009,0.3041,-0.1200
0.132,120,tripod,-0.0000,0.0005,0.1347,-0.0000,0.0000,0.0000,0.0000,-0.0000,0.0000,0.0000,0.0000,0.0000,0.000,0.000,-0.0000,0.0000,-0.0000,0.0000,0.0000,0.1200,0,0.1007,-0.3035,0.0147,1,2.17,0.349,0.336,0.005,,-1.0441,-0.1720,1.7653,0.1007,-0.3040,-0.1200,0.1007,0.3046,0.0147,1,2.17,0.349,0.347,0.006,,1.0441,-0.1720,1.7653,0.1007,0.3041,-0.1200,-0.0000,-0.3437,0.0147,1,2.00,0.023,0.479,0.200,,-0.0000,-0.1722,1.7642,-0.0000,-0.3442,-0.1200,-0.0000,0.3448,0.0147,1,1.98,0.023,0.475,0.199,,0.0000,-0.1722,1.7643,-0.0000,0.3442,-0.1200,-0.1007,-0.3035,0.0147,1,2.18,0.350,0.347,0.004,,1.0441,-0.1720,1.7653,-0.1007,-0.3040,-0.1200,-0.1007,0.3046,0.0147,1,2.14,0.343,0.348,0.013,,-1.0441,-0.1721,1.7652,-0.1007,0.3041,-0.1200
0.137,124,tripod,-0.0000,0.0005,0.1347,-0.0000,0.0000,0.0000,0.0000,-0.0000,0.0000,0.0000,0.0000,-0.0000,0.000,0.000,-0.0000,0.0000,-0.0000,0.0000,0.0000,0.1200,0,0.1006,-0.3035,0.0147,1,2.18,0.349,0.336,0.006,,-1.0448,-0.1720,1.7653,0.1006,-0.3040,-0.1200,0.1006,0.3046,0.0147,1,2.17,0.349,0.347,0.006,,1.0448,-0.1720,1.7653,0.1006,0.3041,-0.1200,-0.0000,-0.3437,0.0147,1,2.00,0.021,0.479,0.200,,-0.0000,-0.1721,1.7642,-0.0000,-0.3442,-0.1200,-0.0000,0.3448,0.0147,1,1.98,0.021,0.475,0.199,,0.0000,-0.1722,1.7643,-0.0000,0.3442,-0.1200,-0.1006,-0.3035,0.0147,1,2.18,0.350,0.347,0.004,,1.0448,-0.1720,1.7653,-0.1006,-0.3040,-0.1200,-0.1006,0.3046,0.0147,1,2.14,0.343,0.348,0.013,,-1.0447,-0.1721,1.7652,-0.1006,0.3041,-0.1200
0.141,128,tripod,-0.0000,0.0005,0.1347,-0.0000,0.0000,0.0000,0.0000,-0.0000,0.0000,0.0000,0.0000,0.0000,0.000,0.000,-0.0000,0.0000,-0.0000,0.0000,0.0000,0.1200,0,0.1004,-0.3035,0.0147,1,2.18,0.349,0.335,0.006,,-1.0453,-0.1720,1.7653,0.1004,-0.3040,-0.1200,0.1004,0.3046,0.0147,1,2.18,0.349,0.347,0.006,,1.0453,-0.1720,1.7653,0.1004,0.3041,-0.1200,-0.0000,-0.3437,0.0147,1,2.00,0.023,0.479,0.199,,-0.0000,-0.1721,1.7642,-0.0000,-0.3442,-0.1200,-0.0000,0.3448,0.0147,1,1.98,0.023,0.475,0.199,,0.0000,-0.1722,1.7643,-0.0000,0.3442,-0.1200,-0.1005,-0.3035,0.0147,1,2.18,0.350,0.346,0.004,,1.0453,-0.1720,1.7653,-0.1004,-0.3040,-0.1200,-0.1005,0.3046,0.0147,1,2.14,0.343,0.348,0.013,,-1.0453,-0.1721,1.7652,-0.1004,0.3041,-0.1200
0.146,132,tripod,-0.0000,0.0005,0.1347,-0.0000,0.0000,0.0000,0.0000,0.0000,0.0000,0.0000,0.0000,-0.0000,0.000,0.000,-0.0000,0.0000,-0.0000,0.0000,0.0000,0.1200,0,0.1003,-0.3035,0.0147,1,2.18,0.349,0.337,0.005,,-1.0457,-0.1720,1.7653,0.1003,-0.3040,-0.1200,0.1004,0.3046,0.0147,1,2.18,0.349,0.347,0.005,,1.0457,-0.1720,1.7653,0.1003,0.3041,-0.1200,-0.0000,-0.3437,0.0147,1,2.00,0.019,0.478,0.199,,-0.0000,-0.1721,1.7642,-0.0000,-0.3442,-0.1200,-0.0000,0.3448,0.0147,1,1.98,0.024,0.475,0.199,,0.0000,-0.1722,1.7643,-0.0000,0.3442,-0.1200,-0.1004,-0.3035,0.0147,1,2.18,0.350,0.346,0.003,,1.0457,-0.1720,1.7653,-0.1003,-0.3040,-0.1200,-0.1004,0.3046,0.0147,1,2.14,0.343,0.348,0.014,,-1.0457,-0.1721,1.7652,-0.1003,0.3041,-0.1200
0.150,136,tripod,-0.0000,0.0005,0.1347,-0.0000,0.0000,0.0000,0.0000,-0.0000,0.0000,0.0000,0.0000,-0.0000,0.000,0.000,-0.0000,0.0000,-0.0000,0.0000,0.0000,0.1200,0,0.1003,-0.3035,0.0147,1,2.18,0.350,0.336,0.006,,-1.0460,-0.1720,1.7653,0.1003,-0.3040,-0.1200,0.1003,0.3046,0.0147,1,2.18,0.349,0.348,0.006,,1.0460,-0.1720,1.7653,0.1003,0.3041,-0.1200,-0.0000,-0.3437,0.0147,1,2.00,0.021,0.478,0.199,,-0.0000,-0.1721,1.7642,-0.0000,-0.3442,-0.1200,-0.0000,0.3448,0.0147,1,1.98,0.023,0.475,0.200,,0.0000,-0.1722,1.7643,-0.0000,0.3442,-0.1200,-0.1003,-0.3035,0.0147,1,2.18,0.350,0.346,0.003,,1.0460,-0.1720,1.7653,-0.1003,-0.3040,-0.1200,-0.1003,0.3046,0.0147,1,2.14,0.343,0.348,0.013,,-1.0460,-0.1721,1.7652,-0.1003,0.3041,-0.1200
0.154,140,tripod,-0.0000,0.0005,0.1347,-0.0000,0.0000,0.0000,0.0000,-0.0000,-0.0000,0.0000,0.0000,-0.0000,0.000,0.000,-0.0000,0.0000,-0.0000,0.0000,0.0000,0.1200,0,0.1002,-0.3035,0.0147,1,2.18,0.350,0.336,0.006,,-1.0463,-0.1720,1.7653,0.1002,-0.3040,-0.1200,0.1002,0.3046,0.0147,1,2.18,0.349,0.348,0.006,,1.0463,-0.1720,1.7653,0.1002,0.3041,-0.1200,-0.0000,-0.3437,0.0147,1,2.00,0.020,0.479,0.200,,-0.0000,-0.1721,1.7642,-0.0000,-0.3442,-0.1200,-0.0000,0.3448,0.0147,1,1.98,0.022,0.475,0.199,,0.0000,-0.1722,1.7643,-0.0000,0.3442,-0.1200,-0.1002,-0.3035,0.0147,1,2.18,0.350,0.345,0.003,,1.0463,-0.1720,1.7653,-0.1002,-0.3040,-0.1200,-0.1002,0.3046,0.0147,1,2.14,0.342,0.348,0.013,,-1.0463,-0.1721,1.7652,-0.1002,0.3041,-0.1200
0.158,144,tripod,-0.0000,0.0005,0.1347,-0.0000,0.0000,0.0000,0.0000,0.0000,-0.0000,0.0000,0.0000,-0.0000,0.000,0.000,-0.0000,0.0000,-0.0000,0.0000,0.0000,0.1200,0,0.1002,-0.3035,0.0147,1,2.18,0.350,0.336,0.006,,-1.0465,-0.1720,1.7653,0.1002,-0.3040,-0.1200,0.1002,0.3046,0.0147,1,2.18,0.349,0.347,0.005,,1.0465,-0.1720,1.7653,0.1002,0.3041,-0.1200,-0.0000,-0.3437,0.0147,1,2.00,0.026,0.477,0.198,,-0.0000,-0.1721,1.7642,-0.0000,-0.3442,-0.1200,-0.0000,0.3448,0.0147,1,1.98,0.028,0.476,0.201,,0.0000,-0.1722,1.7643,-0.0000,0.3442,-0.1200,-0.1002,-0.3035,0.0147,1,2.18,0.350,0.346,0.004,,1.0465,-0.1720,1.7653,-0.1002,-0.3040,-0.1200,-0.1002,0.3046,0.0147,1,2.13,0.342,0.347,0.013,,-1.0465,-0.1721,1.7652,-0.1002,0.3041,-0.1200
0.163,148,tripod,-0.0000,0.0005,0.1347,-0.0000,0.0000,0.0000,0.0000,-0.0000,-0.0000,0.0000,0.0001,0.0000,0.000,0.000,-0.0000,0.0000,-0.0000,0.0000,0.0000,0.1200,0,0.1001,-0.3035,0.0147,1,2.19,0.350,0.337,0.006,,-1.0467,-0.1720,1.7653,0.1001,-0.3040,-0.1200,0.1001,0.3046,0.0147,1,2.18,0.350,0.348,0.006,,1.0466,-0.1720,1.7653,0.1001,0.3041,-0.1200,-0.0000,-0.3437,0.0147,1,2.00,0.020,0.478,0.199,,-0.0000,-0.1721,1.7642,-0.0000,-0.3442,-0.1200,-0.0000,0.3448,0.0147,1,1.98,0.018,0.475,0.200,,0.0000,-0.1722,1.7643,-0.0000,0.3442,-0.1200,-0.1001,-0.3035,0.0147,1,2.18,0.349,0.344,0.003,,1.0466,-0.1720,1.7653,-0.1001,-0.3040,-0.1200,-0.1001,0.3046,0.0147,1,2.13,0.342,0.347,0.014,,-1.0466,-0.1721,1.7652,-0.1001,0.3041,-0.1200
0.167,152,tripod,-0.0000,0.0005,0.1347,-0.0000,0.0000,-0.0000,-0.0000,0.0000,-0.0000,0.0000,0.0000,-0.0001,0.000,0.000,-0.0000,0.0000,-0.0000,0.0000,-0.0000,0.1200,0,0.1001,-0.3035,0.0147,1,2.19,0.351,0.336,0.007,,-1.0468,-0.1720,1.7653,0.1001,-0.3040,-0.1200,0.1001,0.3046,0.0147,1,2.18,0.349,0.348,0.007,,1.0467,-0.1720,1.7653,0.1001,0.3041,-0.1200,-0.0000,-0.3437,0.0147,1,2.00,0.016,0.477,0.198,,-0.0000,-0.1721,1.7642,-0.0000,-0.3442,-0.1200,-0.0000,0.3448,0.0147,1,1.98,0.020,0.476,0.201,,0.0000,-0.1722,1.7643,-0.0000,0.3442,-0.1200,-0.1001,-0.3035,0.0147,1,2.18,0.349,0.346,0.005,,1.0467,-0.1720,1.7653,-0.1001,-0.3040,-0.1200,-0.1001,0.3046,0.0147,1,2.13,0.342,0.347,0.013,,-1.0467,-0.1721,1.7652,-0.1001,0.3041,-0.1200
0.172,156,tripod,-0.0000,0.0005,0.1347,-0.0000,0.0000,-0.0000,-0.0001,-0.0000,-0.0000,0.0000,-0.0000,-0.0001,0.000,0.000,-0.0000,0.0000,-0.0000,0.0000,-0.0000,0.1200,0,0.1001,-0.3035,0.0147,1,2.19,0.351,0.336,0.008,,-1.0469,-0.1720,1.7654,0.1001,-0.3040,-0.1200,0.1001,0.3046,0.0147,1,2.18,0.350,0.347,0.005,,1.0468,-0.1720,1.7653,0.1001,0.3040,-0.1200,-0.0000,-0.3437,0.0147,1,2.00,0.032,0.477,0.197,,-0.0000,-0.1721,1.7642,-0.0000,-0.3442,-0.1200,-0.0000,0.3448,0.0147,1,1.97,0.029,0.476,0.201,,0.0000,-0.1722,1.7643,-0.0000,0.3442,-0.1200,-0.1001,-0.3035,0.0147,1,2.17,0.348,0.345,0.006,,1.0468,-0.1720,1.7653,-0.1001,-0.3040,-0.1200,-0.1001,0.3046,0.0147,1,2.13,0.342,0.347,0.014,,-1.0468,-0.1721,1.7652,-0.1001,0.3041,-0.1200
0.177,160,tripod,-0.0000,0.0005,0.1347,-0.0000,0.0000,-0.0000,0.0001,-0.0000,-0.0000,-0.0000,0.0003,-0.0012,0.000,0.000,-0.0000,0.0000,-0.0000,0.0000,-0.0000,0.1200,0,0.1001,-0.3035,0.0147,1,2.19,0.351,0.339,0.003,,-1.0469,-0.1720,1.7654,0.1001,-0.3040,-0.1200,0.1001,0.3046,0.0147,1,2.18,0.348,0.348,0.008,,1.0469,-0.1720,1.7653,0.1001,0.3040,-0.1200,-0.0000,-0.3437,0.0147,1,2.00,0.038,0.478,0.198,,-0.0000,-0.1721,1.7642,-0.0000,-0.3442,-0.1200,-0.0000,0.3448,0.0147,1,1.98,0.011,0.476,0.201,,0.0000,-0.1722,1.7643,-0.0000,0.3442,-0.1200,-0.1001,-0.3035,0.0147,1,2.18,0.333,0.345,0.005,,1.0469,-0.1720,1.7653,-0.1001,-0.3040,-0.1200,-0.1001,0.3046,0.0147,1,2.14,0.343,0.349,0.016,,-1.0469,-0.1721,1.7652,-0.1001,0.3041,-0.1200
0.181,164,tripod,-0.0000,0.0005,0.1347,-0.0000,0.0000,-0.0000,-0.0000,-0.0000,-0.0000,0.0000,0.0000,-0.0001,0.000,0.000,-0.0000,0.0000,-0.0000,0.0000,-0.0000,0.1200,0,0.1000,-0.3035,0.0147,1,2.19,0.305,0.337,0.005,,-1.0470,-0.1720,1.7654,0.1001,-0.3040,-0.1200,0.1001,0.3046,0.0147,1,2.18,0.328,0.349,0.009,,1.0469,-0.1720,1.7653,0.1001,0.3040,-0.1200,-0.0000,-0.3437,0.0147,1,2.00,0.004,0.478,0.198,,0.0000,-0.1721,1.7642,0.0000,-0.3442,-0.1200,-0.0000,0.3448,0.0147,1,1.98,0.011,0.476,0.201,,0.0000,-0.1722,1.7643,-0.0000,0.3442,-0.1200,-0.1001,-0.3035,0.0147,1,2.18,0.315,0.345,0.006,,1.0469,-0.1720,1.7653,-0.1001,-0.3040,-0.1200,-0.1001,0.3046,0.0147,1,2.13,0.330,0.348,0.016,,-1.0469,-0.1721,1.7652,-0.1001,0.3041,-0.1200
0.185,168,tripod,-0.0000,0.0005,0.1347,-0.0000,0.0000,-0.0000,-0.0000,-0.0000,-0.0000,0.0000,0.0000,-0.0001,0.000,0.000,-0.0000,0.0000,-0.0000,0.0000,-0.0000,0.1200,0,0.1000,-0.3035,0.0147,1,2.19,0.305,0.337,0.005,,-1.0469,-0.1720,1.7654,0.1001,-0.3040,-0.1200,0.1001,0.3046,0.0147,1,2.18,0.332,0.350,0.009,,1.0469,-0.1720,1.7653,0.1001,0.3040,-0.1200,-0.0000,-0.3437,0.0147,1,2.00,0.001,0.478,0.198,,0.0000,-0.1721,1.7642,0.0000,-0.3442,-0.1200,-0.0000,0.3448,0.0147,1,1.98,0.009,0.476,0.201,,0.0000,-0.1722,1.7643,-0.0000,0.3442,-0.1200,-0.1001,-0.3035,0.0147,1,2.18,0.315,0.345,0.006,,1.0469,-0.1720,1.7653,-0.1001,-0.3040,-0.1200,-0.1001,0.3046,0.0147,1,2.13,0.334,0.347,0.016,,-1.0469,-0.1721,1.7652,-0.1001,0.3041,-0.1200
0.189,172,tripod,-0.0000,0.0005,0.1347,-0.0000,0.0000,-0.0000,-0.0000,-0.0000,-0.0000,0.0000,0.0001,-0.0001,0.000,0.000,-0.0000,0.0000,-0.0000,0.0000,-0.0000,0.1200,0,0.1000,-0.3035,0.0147,1,2.19,0.305,0.337,0.005,,-1.0469,-0.1720,1.7654,0.1001,-0.3040,-0.1200,0.1001,0.3046,0.0147,1,2.18,0.333,0.350,0.009,,1.0469,-0.1720,1.7653,0.1001,0.3040,-0.1200,-0.0000,-0.3437,0.0147,1,2.00,0.000,0.478,0.197,,0.0000,-0.1721,1.7642,0.0000,-0.3442,-0.1200,-0.0000,0.3448,0.0147,1,1.97,0.009,0.476,0.201,,0.0000,-0.1722,1.7643,-0.0000,0.3442,-0.1200,-0.1001,-0.3035,0.0147,1,2.17,0.314,0.345,0.006,,1.0469,-0.1720,1.7653,-0.1001,-0.3040,-0.1200,-0.1001,0.3046,0.0147,1,2.13,0.334,0.347,0.016,,-1.0469,-0.1721,1.7652,-0.1001,0.3041,-0.1200
0.193,176,tripod,-0.0000,0.0005,0.1347,-0.0000,0.0000,-0.0000,-0.0000,-0.0000,-0.0000,0.0000,0.0001,-0.0001,0.000,0.000,-0.0000,0.0000,-0.0000,0.0000,-0.0000,0.1200,0,0.1000,-0.3035,0.0147,1,2.19,0.306,0.337,0.006,,-1.0469,-0.1720,1.7654,0.1001,-0.3040,-0.1200,0.1001,0.3046,0.0147,1,2.18,0.333,0.350,0.009,,1.0469,-0.1720,1.7653,0.1001,0.3040,-0.1200,-0.0000,-0.3437,0.0147,1,2.00,0.001,0.478,0.197,,0.0000,-0.1721,1.7642,0.0000,-0.3442,-0.1200,-0.0000,0.3448,0.0147,1,1.97,0.008,0.476,0.201,,0.0000,-0.1722,1.7643,-0.0000,0.3442,-0.1200,-0.1001,-0.3035,0.0147,1,2.17,0.313,0.344,0.006,,1.0469,-0.1720,1.7653,-0.1001,-0.3040,-0.1200,-0.1001,0.3046,0.0147,1,2.12,0.334,0.347,0.016,,-1.0469,-0.1721,1.7653,-0.1001,0.3041,-0.1200
0.197,180,tripod,-0.0000,0.0005,0.1347,-0.0000,0.0000,-0.0000,-0.0000,-0.0000,-0.0000,0.0000,0.0001,-0.0001,0.000,0.000,-0.0000,0.0000,-0.0000,0.0000,-0.0000,0.1200,0,0.1000,-0.3035,0.0147,1,2.20,0.306,0.338,0.006,,-1.0469,-0.1720,1.7654,0.1001,-0.3040,-0.1200,0.1001,0.3046,0.0147,1,2.18,0.334,0.350,0.009,,1.0469,-0.1720,1.7653,0.1001,0.3040,-0.1200,-0.0000,-0.3437,0.0147,1,2.00,0.001,0.478,0.197,,0.0000,-0.1721,1.7642,0.0000,-0.3442,-0.1200,-0.0000,0.3448,0.0147,1,1.97,0.008,0.476,0.201,,0.0000,-0.1722,1.7643,-0.0000,0.3442,-0.1200,-0.1001,-0.3035,0.0147,1,2.17,0.313,0.344,0.006,,1.0469,-0.1720,1.7653,-0.1001,-0.3040,-0.1200,-0.1001,0.3046,0.0147,1,2.12,0.334,0.347,0.016,,-1.0469,-0.1721,1.7653,-0.1001,0.3041,-0.1200
0.201,184,tripod,-0.0000,0.0005,0.1347,-0.0000,0.0000,-0.0000,0.0000,-0.0000,-0.0000,0.0000,0.0000,-0.0000,0.000,0.000,-0.0000,0.0000,-0.0000,0.0000,-0.0000,0.1200,0,0.1000,-0.3035,0.0147,1,2.20,0.307,0.338,0.006,,-1.0469,-0.1720,1.7654,0.1001,-0.3040,-0.1200,0.1001,0.3046,0.0147,1,2.19,0.334,0.350,0.009,,1.0469,-0.1720,1.7653,0.1001,0.3040,-0.1200,-0.0000,-0.3437,0.0147,1,2.00,0.002,0.478,0.197,,0.0000,-0.1721,1.7642,0.0000,-0.3442,-0.1200,-0.0000,0.3448,0.0147,1,1.97,0.008,0.476,0.201,,0.0000,-0.1722,1.7643,-0.0000,0.3442,-0.1200,-0.1001,-0.3035,0.0147,1,2.17,0.312,0.344,0.006,,1.0469,-0.1720,1.7653,-0.1001,-0.3040,-0.1200,-0.1001,0.3046,0.0147,1,2.12,0.334,0.347,0.016,,-1.0469,-0.1721,1.7653,-0.1001,0.3041,-0.1200
0.205,188,tripod,-0.0000,0.0005,0.1347,-0.0000,0.0000,-0.0000,0.0000,-0.0000,-0.0000,0.0000,0.0000,-0.0000,0.000,0.000,-0.0000,0.0000,-0.0000,0.0000,-0.0000,0.1200,0,0.1000,-0.3035,0.0147,1,2.20,0.307,0.338,0.006,,-1.0469,-0.1720,1.7654,0.1001,-0.3040,-0.1200,0.1001,0.3046,0.0147,1,2.19,0.334,0.351,0.009,,1.0470,-0.1720,1.7653,0.1001,0.3040,-0.1200,-0.0000,-0.3437,0.0147,1,2.00,0.002,0.478,0.197,,0.0000,-0.1721,1.7642,0.0000,-0.3442,-0.1200,-0.0000,0.3448,0.0147,1,1.97,0.008,0.476,0.201,,0.0000,-0.1722,1.7643,-0.0000,0.3442,-0.1200,-0.1001,-0.3035,0.0147,1,2.17,0.312,0.344,0.006,,1.0469,-0.1720,1.7653,-0.1001,-0.3040,-0.1200,-0.1001,0.3046,0.0147,1,2.12,0.333,0.347,0.016,,-1.0469,-0.1721,1.7653,-0.1001,0.3041,-0.1200
0.210,192,tripod,-0.0000,0.0005,0.1347,-0.0000,0.0000,-0.0000,0.0000,-0.0000,-0.0000,0.0000,0.0000,-0.0000,0.000,0.000,-0.0000,0.0000,-0.0000,0.0000,-0.0000,0.1200,0,0.1000,-0.3035,0.0147,1,2.20,0.307,0.338,0.006,,-1.0469,-0.1720,1.7654,0.1001,-0.3040,-0.1200,0.1001,0.3046,0.0147,1,2.19,0.334,0.351,0.009,,1.0470,-0.1720,1.7653,0.1001,0.3041,-0.1200,-0.0000,-0.3437,0.0147,1,2.00,0.003,0.478,0.197,,0.0000,-0.1721,1.7642,0.0000,-0.3442,-0.1200,-0.0000,0.3448,0.0147,1,1.97,0.007,0.476,0.201,,0.0000,-0.1722,1.7643,-0.0000,0.3442,-0.1200,-0.1001,-0.3035,0.0147,1,2.17,0.311,0.344,0.006,,1.0469,-0.1720,1.7653,-0.1001,-0.3040,-0.1200,-0.1001,0.3046,0.0147,1,2.12,0.333,0.346,0.016,,-1.0469,-0.1721,1.7653,-0.1001,0.3041,-0.1200
0.215,196,tripod,-0.0000,0.0005,0.1347,-0.0000,0.0000,-0.0000,0.0000,-0.0000,-0.0000,0.0000,0.0000,-0.0000,0.000,0.000,-0.0000,0.0000,-0.0000,0.0000,-0.0000,0.1200,0,0.1000,-0.3035,0.0147,1,2.20,0.308,0.338,0.006,,-1.0469,-0.1720,1.7654,0.1001,-0.3040,-0.1200,0.1001,0.3046,0.0147,1,2.19,0.335,0.351,0.009,,1.0470,-0.1720,1.7653,0.1001,0.3041,-0.1200,-0.0000,-0.3437,0.0147,1,2.01,0.003,0.478,0.197,,0.0000,-0.1721,1.7642,0.0000,-0.3442,-0.1200,-0.0000,0.3448,0.0147,1,1.97,0.007,0.476,0.201,,0.0000,-0.1722,1.7643,-0.0000,0.3442,-0.1200,-0.1001,-0.3035,0.0147,1,2.17,0.311,0.344,0.006,,1.0469,-0.1720,1.7653,-0.1001,-0.3040,-0.1200,-0.1001,0.3046,0.0147,1,2.12,0.333,0.346,0.016,,-1.0469,-0.1721,1.7653,-0.1001,0.3041,-0.1200
0.219,200,tripod,-0.0000,0.0005,0.1347,-0.0000,0.0000,-0.0000,0.0000,-0.0000,-0.0000,0.0000,0.0000,-0.0000,0.000,0.000,-0.0000,0.0000,-0.0000,0.0000,-0.0000,0.1200,0,0.1000,-0.3035,0.0147,1,2.20,0.308,0.338,0.006,,-1.0469,-0.1720,1.7654,0.1001,-0.3040,-0.1200,0.1001,0.3046,0.0147,1,2.19,0.335,0.351,0.009,,1.0470,-0.1720,1.7653,0.1001,0.3041,-0.1200,-0.0000,-0.3437,0.0147,1,2.01,0.003,0.478,0.197,,0.0000,-0.1721,1.7642,0.0000,-0.3442,-0.1200,-0.0000,0.3448,0.0147,1,1.97,0.007,0.476,0.201,,0.0000,-0.1722,1.7643,-0.0000,0.3442,-0.1200,-0.1001,-0.3035,0.0147,1,2.17,0.311,0.343,0.006,,1.0469,-0.1720,1.7653,-0.1001,-0.3040,-0.1200,-0.1001,0.3046,0.0147,1,2.12,0.333,0.346,0.016,,-1.0469,-0.1721,1.7653,-0.1001,0.3041,-0.1200
0.223,204,tripod,-0.0000,0.0005,0.1347,-0.0000,0.0000,-0.0000,0.0000,-0.0000,0.0000,0.0000,0.0000,-0.0000,0.000,0.000,-0.0000,0.0000,-0.0000,0.0000,-0.0000,0.1200,0,0.1000,-0.3035,0.0147,1,2.20,0.308,0.338,0.006,,-1.0469,-0.1720,1.7654,0.1001,-0.3040,-0.1200,0.1001,0.3046,0.0147,1,2.19,0.335,0.352,0.009,,1.0470,-0.1720,1.7653,0.1001,0.3041,-0.1200,-0.0000,-0.3437,0.0147,1,2.01,0.003,0.478,0.197,,0.0000,-0.1721,1.7642,0.0000,-0.3442,-0.1200,-0.0000,0.3448,0.0147,1,1.97,0.007,0.476,0.201,,0.0000,-0.1722,1.7643,-0.0000,0.3442,-0.1200,-0.1001,-0.3035,0.0147,1,2.17,0.310,0.343,0.006,,1.0469,-0.1720,1.7653,-0.1001,-0.3040,-0.1200,-0.1001,0.3046,0.0147,1,2.12,0.333,0.346,0.017,,-1.0469,-0.1721,1.7653,-0.1001,0.3041,-0.1200
0.227,208,tripod,-0.0000,0.0005,0.1347,-0.0000,0.0000,-0.0000,0.0000,-0.0000,0.0000,0.0000,0.0000,-0.0000,0.000,0.000,-0.0000,0.0000,-0.0000,0.0000,-0.0000,0.1200,0,0.1000,-0.3035,0.0147,1,2.20,0.308,0.338,0.006,,-1.0469,-0.1720,1.7654,0.1001,-0.3040,-0.1200,0.1001,0.3046,0.0147,1,2.19,0.335,0.352,0.009,,1.0470,-0.1720,1.7653,0.1001,0.3041,-0.1200,-0.0000,-0.3437,0.0147,1,2.01,0.003,0.478,0.197,,0.0000,-0.1721,1.7642,0.0000,-0.3442,-0.1200,-0.0000,0.3448,0.0147,1,1.97,0.007,0.476,0.202,,0.0000,-0.1722,1.7643,-0.0000,0.3442,-0.1200,-0.1001,-0.3035,0.0147,1,2.17,0.310,0.343,0.006,,1.0469,-0.1720,1.7653,-0.1001,-0.3040,-0.1200,-0.1001,0.3046,0.0147,1,2.11,0.332,0.346,0.017,,-1.0469,-0.1721,1.7653,-0.1001,0.3041,-0.1200
0.231,212,tripod,-0.0000,0.0005,0.1347,-0.0000,0.0000,-0.0000,0.0000,-0.0000,0.0000,0.0000,0.0000,-0.0000,0.000,0.000,-0.0000,0.0000,-0.0000,0.0000,-0.0000,0.1200,0,0.1000,-0.3035,0.0147,1,2.21,0.309,0.339,0.006,,-1.0469,-0.1720,1.7654,0.1001,-0.3040,-0.1200,0.1001,0.3046,0.0147,1,2.19,0.335,0.352,0.009,,1.0470,-0.1720,1.7653,0.1001,0.3041,-0.1200,-0.0000,-0.3437,0.0147,1,2.01,0.004,0.478,0.197,,0.0000,-0.1721,1.7642,0.0000,-0.3442,-0.1200,-0.0000,0.3448,0.0147,1,1.97,0.007,0.476,0.202,,0.0000,-0.1722,1.7643,-0.0000,0.3442,-0.1200,-0.1001,-0.3035,0.0147,1,2.16,0.310,0.343,0.006,,1.0469,-0.1720,1.7653,-0.1001,-0.3040,-0.1200,-0.1001,0.3046,0.0147,1,2.11,0.332,0.346,0.017,,-1.0469,-0.1721,1.7653,-0.1001,0.3041,-0.1200
0.235,216,tripod,-0.0000,0.0005,0.1347,-0.0000,0.0000,-0.0000,0.0000,-0.0000,0.0000,0.0000,0.0000,-0.0000,0.000,0.000,-0.0000,0.0000,-0.0000,0.0000,-0.0000,0.1200,0,0.1000,-0.3035,0.0147,1,2.21,0.309,0.339,0.006,,-1.0469,-0.1720,1.7654,0.1001,-0.3040,-0.1200,0.1001,0.3046,0.0147,1,2.19,0.335,0.352,0.009,,1.0470,-0.1720,1.7653,0.1001,0.3041,-0.1200,-0.0000,-0.3437,0.0147,1,2.01,0.004,0.478,0.197,,0.0000,-0.1721,1.7642,0.0000,-0.3442,-0.1200,-0.0000,0.3448,0.0147,1,1.97,0.007,0.476,0.202,,0.0000,-0.1722,1.7643,-0.0000,0.3442,-0.1200,-0.1001,-0.3035,0.0147,1,2.16,0.310,0.343,0.006,,1.0469,-0.1720,1.7653,-0.1001,-0.3040,-0.1200,-0.1001,0.3046,0.0147,1,2.11,0.332,0.346,0.017,,-1.0469,-0.1721,1.7653,-0.1001,0.3041,-0.1200
0.239,220,tripod,-0.0000,0.0005,0.1347,-0.0000,0.0000,-0.0000,0.0000,-0.0000,0.0000,0.0000,0.0000,-0.0000,0.000,0.000,-0.0000,0.0000,-0.0000,0.0000,-0.0000,0.1200,0,0.1000,-0.3035,0.0147,1,2.21,0.309,0.339,0.006,,-1.0469,-0.1720,1.7654,0.1001,-0.3040,-0.1200,0.1001,0.3046,0.0147,1,2.19,0.335,0.352,0.009,,1.0470,-0.1720,1.7653,0.1001,0.3041,-0.1200,-0.0000,-0.3437,0.0147,1,2.01,0.004,0.478,0.197,,0.0000,-0.1721,1.7642,0.0000,-0.3442,-0.1200,-0.0000,0.3448,0.0147,1,1.97,0.007,0.476,0.202,,0.0000,-0.1722,1.7643,-0.0000,0.3442,-0.1200,-0.1001,-0.3035,0.0147,1,2.16,0.310,0.342,0.006,,1.0469,-0.1720,1.7653,-0.1001,-0.3040,-0.1200,-0.1001,0.3046,0.0147,1,2.11,0.332,0.345,0.017,,-1.0469,-0.1721,1.7653,-0.1001,0.3041,-0.1200
0.244,224,tripod,-0.0000,0.0005,0.1347,-0.0000,0.0000,-0.0000,0.0000,-0.0000,0.0000,0.0000,0.0000,-0.0000,0.000,0.000,-0.0000,0.0000,-0.0000,0.0000,-0.0000,0.1200,0,0.1000,-0.3035,0.0147,1,2.21,0.309,0.339,0.006,,-1.0469,-0.1720,1.7654,0.1001,-0.3040,-0.1200,0.1001,0.3046,0.0147,1,2.20,0.336,0.352,0.009,,1.0470,-0.1720,1.7653,0.1001,0.3041,-0.1200,-0.0000,-0.3437,0.0147,1,2.01,0.004,0.478,0.197,,0.0000,-0.1721,1.7642,0.0000,-0.3442,-0.1200,-0.0000,0.3448,0.0147,1,1.97,0.006,0.476,0.202,,0.0000,-0.1722,1.7643,-0.0000,0.3442,-0.1200,-0.1001,-0.3035,0.0147,1,2.16,0.310,0.342,0.006,,1.0469,-0.1720,1.7653,-0.1001,-0.3040,-0.1200,-0.1001,0.3046,0.0147,1,2.11,0.332,0.345,0.017,,-1.0469,-0.1721,1.7653,-0.1001,0.3041,-0.1200
0.248,228,tripod,-0.0000,0.0005,0.1347,-0.0000,0.0000,-0.0000,0.0000,-0.0000,0.0000,0.0000,0.0000,-0.0000,0.000,0.000,-0.0000,0.0000,-0.0000,0.0000,-0.0000,0.1200,0,0.1000,-0.3035,0.0147,1,2.21,0.309,0.339,0.006,,-1.0469,-0.1720,1.7654,0.1001,-0.3040,-0.1200,0.1001,0.3046,0.0147,1,2.20,0.336,0.353,0.009,,1.0470,-0.1720,1.7653,0.1001,0.3041,-0.1200,-0.0000,-0.3437,0.0147,1,2.01,0.004,0.478,0.197,,0.0000,-0.1721,1.7642,0.0000,-0.3442,-0.1200,-0.0000,0.3448,0.0147,1,1.97,0.006,0.476,0.202,,0.0000,-0.1722,1.7643,-0.0000,0.3442,-0.1200,-0.1001,-0.3035,0.0147,1,2.16,0.310,0.342,0.005,,1.0469,-0.1720,1.7653,-0.1001,-0.3040,-0.1200,-0.1001,0.3046,0.0147,1,2.11,0.332,0.345,0.017,,-1.0469,-0.1721,1.7653,-0.1001,0.3041,-0.1200
0.253,232,tripod,-0.0000,0.0005,0.1347,-0.0000,0.0000,-0.0000,0.0000,-0.0000,0.0000,0.0000,0.0000,-0.0000,0.000,0.000,-0.0000,0.0000,-0.0000,0.0000,-0.0000,0.1200,0,0.1000,-0.3035,0.0147,1,2.21,0.309,0.339,0.006,,-1.0469,-0.1720,1.7654,0.1001,-0.3040,-0.1200,0.1001,0.3046,0.0147,1,2.20,0.336,0.353,0.009,,1.0470,-0.1720,1.7653,0.1001,0.3041,-0.1200,-0.0000,-0.3437,0.0147,1,2.01,0.004,0.478,0.197,,0.0000,-0.1721,1.7642,0.0000,-0.3442,-0.1200,-0.0000,0.3448,0.0147,1,1.97,0.006,0.476,0.202,,0.0000,-0.1722,1.7643,-0.0000,0.3442,-0.1200,-0.1001,-0.3035,0.0147,1,2.16,0.309,0.342,0.005,,1.0469,-0.1720,1.7653,-0.1001,-0.3040,-0.1200,-0.1001,0.3046,0.0147,1,2.11,0.332,0.345,0.017,,-1.0469,-0.1721,1.7653,-0.1001,0.3041,-0.1200
0.258,236,tripod,-0.0000,0.0005,0.1347,-0.0000,0.0000,-0.0000,0.0000,-0.0000,0.0000,0.0000,0.0000,-0.0000,0.000,0.000,-0.0000,0.0000,-0.0000,0.0000,-0.0000,0.1200,0,0.1000,-0.3035,0.0147,1,2.21,0.309,0.339,0.006,,-1.0469,-0.1720,1.7654,0.1001,-0.3040,-0.1200,0.1001,0.3046,0.0147,1,2.20,0.336,0.353,0.009,,1.0470,-0.1720,1.7653,0.1001,0.3041,-0.1200,-0.0000,-0.3437,0.0147,1,2.01,0.004,0.478,0.197,,0.0000,-0.1721,1.7642,0.0000,-0.3442,-0.1200,-0.0000,0.3448,0.0147,1,1.97,0.006,0.476,0.202,,0.0000,-0.1722,1.7643,-0.0000,0.3442,-0.1200,-0.1001,-0.3035,0.0147,1,2.16,0.309,0.342,0.005,,1.0469,-0.1720,1.7653,-0.1001,-0.3040,-0.1200,-0.1001,0.3046,0.0147,1,2.11,0.332,0.345,0.017,,-1.0469,-0.1721,1.7653,-0.1001,0.3041,-0.1200
0.262,240,tripod,-0.0000,0.0005,0.1347,-0.0000,0.0000,-0.0000,0.0000,-0.0000,0.0000,0.0000,0.0000,-0.0000,0.000,0.000,-0.0000,0.0000,-0.0000,0.0000,-0.0000,0.1200,0,0.1000,-0.3035,0.0147,1,2.21,0.309,0.340,0.006,,-1.0469,-0.1720,1.7654,0.1001,-0.3040,-0.1200,0.1001,0.3046,0.0147,1,2.20,0.336,0.353,0.009,,1.0470,-0.1720,1.7653,0.1001,0.3041,-0.1200,-0.0000,-0.3437,0.0147,1,2.01,0.004,0.478,0.197,,0.0000,-0.1721,1.7642,0.0000,-0.3442,-0.1200,-0.0000,0.3448,0.0147,1,1.97,0.006,0.476,0.202,,0.0000,-0.1722,1.7642,-0.0000,0.3442,-0.1200,-0.1001,-0.3035,0.0147,1,2.16,0.309,0.342,0.005,,1.0469,-0.1720,1.7653,-0.1001,-0.3040,-0.1200,-0.1001,0.3046,0.0147,1,2.11,0.332,0.345,0.017,,-1.0469,-0.1721,1.7653,-0.1001,0.3041,-0.1200
0.266,244,tripod,-0.0000,0.0005,0.1347,-0.0000,0.0000,-0.0000,0.0000,-0.0000,0.0000,0.0000,0.0000,-0.0000,0.000,0.000,-0.0000,0.0000,-0.0000,0.0000,-0.0000,0.1200,0,0.1000,-0.3035,0.0147,1,2.21,0.309,0.340,0.007,,-1.0469,-0.1720,1.7654,0.1001,-0.3040,-0.1200,0.1001,0.3046,0.0147,1,2.20,0.336,0.353,0.009,,1.0470,-0.1720,1.7653,0.1001,0.3041,-0.1200,-0.0000,-0.3437,0.0147,1,2.01,0.004,0.478,0.197,,0.0000,-0.1721,1.7642,0.0000,-0.3442,-0.1200,-0.0000,0.3448,0.0147,1,1.97,0.006,0.476,0.202,,0.0000,-0.1722,1.7642,-0.0000,0.3442,-0.1200,-0.1001,-0.3035,0.0147,1,2.16,0.309,0.341,0.005,,1.0469,-0.1720,1.7653,-0.1001,-0.3040,-0.1200,-0.1001,0.3046,0.0147,1,2.10,0.332,0.345,0.017,,-1.0469,-0.1721,1.7653,-0.1001,0.3041,-0.1200
0.270,248,tripod,-0.0000,0.0005,0.1347,-0.0000,0.0000,-0.0000,0.0000,-0.0000,0.0000,0.0000,0.0000,-0.0000,0.000,0.000,-0.0000,0.0000,-0.0000,0.0000,-0.0000,0.1200,0,0.1000,-0.3035,0.0147,1,2.22,0.309,0.340,0.007,,-1.0469,-0.1720,1.7654,0.1001,-0.3040,-0.1200,0.1001,0.3046,0.0147,1,2.20,0.336,0.354,0.009,,1.0470,-0.1720,1.7653,0.1001,0.3041,-0.1200,-0.0000,-0.3437,0.0147,1,2.01,0.004,0.478,0.197,,0.0000,-0.1721,1.7642,0.0000,-0.3442,-0.1200,-0.0000,0.3448,0.0147,1,1.97,0.006,0.476,0.202,,0.0000,-0.1722,1.7642,-0.0000,0.3442,-0.1200,-0.1001,-0.3035,0.0147,1,2.16,0.309,0.341,0.005,,1.0469,-0.1720,1.7653,-0.1001,-0.3040,-0.1200,-0.1001,0.3046,0.0147,1,2.10,0.332,0.344,0.017,,-1.0469,-0.1721,1.7653,-0.1001,0.3041,-0.1200
0.274,252,tripod,-0.0000,0.0005,0.1347,-0.0000,0.0000,-0.0000,0.0000,-0.0000,0.0000,0.0000,0.0000,-0.0000,0.000,0.000,-0.0000,0.0000,-0.0000,0.0000,-0.0000,0.1200,0,0.1000,-0.3035,0.0147,1,2.22,0.309,0.340,0.007,,-1.0469,-0.1720,1.7654,0.1001,-0.3040,-0.1200,0.1001,0.3046,0.0147,1,2.20,0.336,0.354,0.009,,1.0470,-0.1720,1.7653,0.1001,0.3041,-0.1200,-0.0000,-0.3437,0.0147,1,2.01,0.004,0.478,0.197,,0.0000,-0.1721,1.7642,0.0000,-0.3442,-0.1200,-0.0000,0.3448,0.0147,1,1.97,0.006,0.476,0.202,,0.0000,-0.1722,1.7642,-0.0000,0.3442,-0.1200,-0.1001,-0.3035,0.0147,1,2.16,0.309,0.341,0.005,,1.0469,-0.1720,1.7653,-0.1001,-0.3040,-0.1200,-0.1001,0.3046,0.0147,1,2.10,0.332,0.344,0.017,,-1.0469,-0.1721,1.7653,-0.1001,0.3041,-0.1200
0.278,256,tripod,-0.0000,0.0005,0.1347,-0.0000,0.0000,-0.0000,0.0000,-0.0000,0.0000,0.0000,0.0000,-0.0000,0.000,0.000,-0.0000,0.0000,-0.0000,0.0000,-0.0000,0.1200,0,0.1000,-0.3035,0.0147,1,2.22,0.309,0.340,0.007,,-1.0469,-0.1720,1.7654,0.1001,-0.3040,-0.1200,0.1001,0.3046,0.0147,1,2.20,0.336,0.354,0.009,,1.0470,-0.1720,1.7653,0.1001,0.3041,-0.1200,-0.0000,-0.3437,0.0147,1,2.01,0.004,0.478,0.197,,0.0000,-0.1721,1.7642,0.0000,-0.3442,-0.1200,-0.0000,0.3448,0.0147,1,1.97,0.006,0.476,0.202,,0.0000,-0.1722,1.7642,-0.0000,0.3442,-0.1200,-0.1001,-0.3035,0.0147,1,2.15,0.309,0.341,0.005,,1.0469,-0.1720,1.7653,-0.1001,-0.3040,-0.1200,-0.1001,0.3046,0.0147,1,2.10,0.332,0.344,0.017,,-1.0469,-0.1721,1.7653,-0.1001,0.3041,-0.1200
0.282,260,tripod,-0.0000,0.0005,0.1347,-0.0000,0.0000,-0.0000,0.0000,-0.0000,0.0000,0.0000,0.0000,-0.0000,0.000,0.000,-0.0000,0.0000,-0.0000,0.0000,-0.0000,0.1200,0,0.1000,-0.3035,0.0147,1,2.22,0.309,0.340,0.007,,-1.0469,-0.1720,1.7654,0.1001,-0.3040,-0.1200,0.1001,0.3046,0.0147,1,2.20,0.336,0.354,0.009,,1.0470,-0.1720,1.7653,0.1001,0.3041,-0.1200,-0.0000,-0.3437,0.0147,1,2.01,0.004,0.478,0.197,,0.0000,-0.1721,1.7642,0.0000,-0.3442,-0.1200,-0.0000,0.3448,0.0147,1,1.97,0.006,0.476,0.202,,0.0000,-0.1722,1.7642,-0.0000,0.3442,-0.1200,-0.1001,-0.3035,0.0147,1,2.15,0.309,0.341,0.005,,1.0469,-0.1720,1.7653,-0.1001,-0.3040,-0.1200,-0.1001,0.3046,0.0147,1,2.10,0.332,0.344,0.017,,-1.0469,-0.1721,1.7652,-0.1001,0.3041,-0.1200
0.287,264,tripod,-0.0000,0.0005,0.1347,-0.0000,0.0000,-0.0000,0.0000,-0.0000,0.0000,0.0000,0.0000,-0.0000,0.000,0.000,-0.0000,0.0000,-0.0000,0.0000,-0.0000,0.1200,0,0.1000,-0.3035,0.0147,1,2.22,0.310,0.340,0.007,,-1.0469,-0.1720,1.7654,0.1001,-0.3040,-0.1200,0.1001,0.3046,0.0147,1,2.20,0.336,0.354,0.009,,1.0470,-0.1720,1.7653,0.1001,0.3041,-0.1200,-0.0000,-0.3437,0.0147,1,2.01,0.005,0.478,0.197,,0.0000,-0.1721,1.7642,0.0000,-0.3442,-0.1200,-0.0000,0.3448,0.0147,1,1.97,0.006,0.476,0.202,,0.0000,-0.1722,1.7642,-0.0000,0.3442,-0.1200,-0.1001,-0.3035,0.0147,1,2.15,0.309,0.341,0.005,,1.0469,-0.1720,1.7653,-0.1001,-0.3040,-0.1200,-0.1001,0.3046,0.0147,1,2.10,0.332,0.344,0.017,,-1.0469,-0.1721,1.7652,-0.1001,0.3041,-0.1200
0.292,268,tripod,-0.0000,0.0005,0.1347,-0.0000,0.0000,-0.0000,0.0000,-0.0000,0.0000,0.0000,0.0000,-0.0000,0.000,0.000,-0.0000,0.0000,-0.0000,0.0000,-0.0000,0.1200,0,0.1000,-0.3035,0.0147,1,2.22,0.310,0.341,0.007,,-1.0469,-0.1720,1.7654,0.1001,-0.3040,-0.1200,0.1001,0.3046,0.0147,1,2.21,0.336,0.354,0.009,,1.0470,-0.1720,1.7653,0.1001,0.3041,-0.1200,-0.0000,-0.3437,0.0147,1,2.01,0.005,0.478,0.197,,0.0000,-0.1721,1.7642,0.0000,-0.3442,-0.1200,-0.0000,0.3448,0.0147,1,1.97,0.006,0.476,0.202,,0.0000,-0.1722,1.7642,-0.0000,0.3442,-0.1200,-0.1001,-0.3035,0.0147,1,2.15,0.309,0.340,0.005,,1.0469,-0.1720,1.7653,-0.1001,-0.3040,-0.1200,-0.1001,0.3046,0.0147,1,2.10,0.332,0.344,0.017,,-1.0469,-0.1721,1.7652,-0.1001,0.3041,-0.1200
0.296,272,tripod,-0.0000,0.0005,0.1347,-0.0000,0.0000,-0.0000,0.0000,-0.0000,0.0000,0.0000,0.0000,-0.0000,0.000,0.000,-0.0000,0.0000,-0.0000,0.0000,-0.0000,0.1200,0,0.1000,-0.3035,0.0147,1,2.22,0.310,0.341,0.007,,-1.0469,-0.1720,1.7654,0.1001,-0.3040,-0.1200,0.1001,0.3046,0.0147,1,2.21,0.336,0.355,0.009,,1.0470,-0.1720,1.7653,0.1001,0.3041,-0.1200,-0.0000,-0.3437,0.0147,1,2.01,0.005,0.478,0.197,,0.0000,-0.1721,1.7642,0.0000,-0.3442,-0.1200,-0.0000,0.3448,0.0147,1,1.97,0.006,0.476,0.202,,0.0000,-0.1722,1.7642,-0.0000,0.3442,-0.1200,-0.1001,-0.3035,0.0147,1,2.15,0.309,0.340,0.005,,1.0469,-0.1720,1.7653,-0.1001,-0.3040,-0.1200,-0.1001,0.3046,0.0147,1,2.10,0.332,0.343,0.017,,-1.0469,-0.1721,1.7652,-0.1001,0.3041,-0.1200
0.300,276,tripod,-0.0000,0.0005,0.1347,-0.0000,0.0000,-0.0000,0.0000,-0.0000,0.0000,0.0000,0.0000,-0.0000,0.000,0.000,-0.0000,0.0000,-0.0000,0.0000,-0.0000,0.1200,0,0.1000,-0.3035,0.0147,1,2.22,0.310,0.341,0.007,,-1.0469,-0.1720,1.7654,0.1001,-0.3040,-0.1200,0.1001,0.3046,0.0147,1,2.21,0.336,0.355,0.009,,1.0470,-0.1720,1.7653,0.1001,0.3041,-0.1200,-0.0000,-0.3437,0.0147,1,2.01,0.005,0.478,0.197,,0.0000,-0.1721,1.7642,0.0000,-0.3442,-0.1200,-0.0000,0.3448,0.0147,1,1.97,0.006,0.476,0.202,,0.0000,-0.1722,1.7642,-0.0000,0.3442,-0.1200,-0.1001,-0.3035,0.0147,1,2.15,0.309,0.340,0.006,,1.0469,-0.1720,1.7653,-0.1001,-0.3040,-0.1200,-0.1001,0.3046,0.0147,1,2.10,0.332,0.343,0.017,,-1.0469,-0.1721,1.7652,-0.1001,0.3041,-0.1200
0.304,280,tripod,-0.0000,0.0005,0.1347,-0.0000,0.0000,-0.0000,0.0000,-0.0000,0.0000,0.0000,0.0000,-0.0000,0.000,0.000,-0.0000,0.0000,-0.0000,0.0000,-0.0000,0.1200,0,0.1000,-0.3035,0.0147,1,2.22,0.310,0.341,0.007,,-1.0469,-0.1720,1.7654,0.1001,-0.3040,-0.1200,0.1001,0.3046,0.0147,1,2.21,0.336,0.355,0.009,,1.0470,-0.1720,1.7653,0.1001,0.3041,-0.1200,-0.0000,-0.3437,0.0147,1,2.01,0.005,0.478,0.197,,0.0000,-0.1721,1.7642,0.0000,-0.3442,-0.1200,-0.0000,0.3448,0.0147,1,1.97,0.006,0.476,0.202,,0.0000,-0.1722,1.7642,-0.0000,0.3442,-0.1200,-0.1001,-0.3035,0.0147,1,2.15,0.309,0.340,0.006,,1.0469,-0.1720,1.7653,-0.1001,-0.3040,-0.1200,-0.1001,0.3046,0.0147,1,2.09,0.331,0.343,0.017,,-1.0469,-0.1721,1.7652,-0.1001,0.3041,-0.1200
0.308,284,tripod,-0.0000,0.0005,0.1347,-0.0000,0.0000,-0.0000,0.0000,-0.0000,0.0000,0.0000,0.0000,-0.0000,0.000,0.000,-0.0000,0.0000,-0.0000,0.0000,-0.0000,0.1200,0,0.1000,-0.3035,0.0147,1,2.23,0.310,0.341,0.007,,-1.0469,-0.1720,1.7654,0.1001,-0.3040,-0.1200,0.1001,0.3046,0.0147,1,2.21,0.336,0.355,0.009,,1.0470,-0.1720,1.7653,0.1001,0.3041,-0.1200,-0.0000,-0.3437,0.0147,1,2.01,0.005,0.478,0.197,,0.0000,-0.1721,1.7642,0.0000,-0.3442,-0.1200,-0.0000,0.3448,0.0147,1,1.97,0.006,0.476,0.202,,0.0000,-0.1722,1.7642,-0.0000,0.3442,-0.1200,-0.1001,-0.3035,0.0147,1,2.15,0.309,0.340,0.006,,1.0469,-0.1720,1.7653,-0.1001,-0.3040,-0.1200,-0.1001,0.3046,0.0147,1,2.09,0.331,0.343,0.017,,-1.0469,-0.1721,1.7652,-0.1001,0.3041,-0.1200
0.312,288,tripod,-0.0000,0.0005,0.1347,-0.0000,0.0000,-0.0000,0.0000,-0.0000,0.0000,0.0000,0.0000,-0.0000,0.000,0.000,-0.0000,0.0000,-0.0000,0.0000,-0.0000,0.1200,0,0.1000,-0.3035,0.0147,1,2.23,0.310,0.341,0.007,,-1.0469,-0.1720,1.7654,0.1001,-0.3040,-0.1200,0.1001,0.3046,0.0147,1,2.21,0.336,0.355,0.009,,1.0470,-0.1720,1.7653,0.1001,0.3041,-0.1200,-0.0000,-0.3437,0.0147,1,2.01,0.005,0.478,0.196,,0.0000,-0.1721,1.7642,0.0000,-0.3442,-0.1200,-0.0000,0.3448,0.0147,1,1.97,0.006,0.476,0.202,,0.0000,-0.1722,1.7642,-0.0000,0.3442,-0.1200,-0.1001,-0.3035,0.0147,1,2.15,0.309,0.340,0.006,,1.0469,-0.1720,1.7653,-0.1001,-0.3040,-0.1200,-0.1001,0.3046,0.0147,1,2.09,0.331,0.343,0.017,,-1.0469,-0.1721,1.7652,-0.1001,0.3041,-0.1200
0.316,292,tripod,-0.0000,0.0005,0.1347,-0.0000,0.0000,-0.0000,0.0000,-0.0000,0.0000,0.0000,0.0000,-0.0000,0.000,0.000,-0.0000,0.0000,-0.0000,0.0000,-0.0000,0.1200,0,0.1000,-0.3035,0.0147,1,2.23,0.310,0.342,0.007,,-1.0469,-0.1720,1.7654,0.1001,-0.3040,-0.1200,0.1001,0.3046,0.0147,1,2.21,0.336,0.355,0.009,,1.0470,-0.1720,1.7653,0.1001,0.3041,-0.1200,-0.0000,-0.3437,0.0147,1,2.01,0.005,0.478,0.196,,0.0000,-0.1721,1.7642,0.0000,-0.3442,-0.1200,-0.0000,0.3448,0.0147,1,1.97,0.006,0.476,0.202,,0.0000,-0.1722,1.7642,-0.0000,0.3442,-0.1200,-0.1001,-0.3035,0.0147,1,2.15,0.309,0.339,0.006,,1.0469,-0.1720,1.7653,-0.1001,-0.3040,-0.1200,-0.1001,0.3046,0.0147,1,2.09,0.331,0.343,0.017,,-1.0469,-0.1721,1.7652,-0.1001,0.3041,-0.1200
0.320,296,tripod,-0.0000,0.0005,0.1347,-0.0000,0.0000,-0.0000,0.0000,-0.0000,0.0000,0.0000,0.0000,-0.0000,0.000,0.000,-0.0000,0.0000,-0.0000,0.0000,-0.0000,0.1200,0,0.1000,-0.3035,0.0147,1,2.23,0.310,0.342,0.007,,-1.0469,-0.1720,1.7654,0.1001,-0.3040,-0.1200,0.1001,0.3046,0.0147,1,2.21,0.336,0.356,0.009,,1.0470,-0.1720,1.7653,0.1001,0.3041,-0.1200,-0.0000,-0.3437,0.0147,1,2.01,0.005,0.478,0.196,,0.0000,-0.1721,1.7642,0.0000,-0.3442,-0.1200,-0.0000,0.3448,0.0147,1,1.97,0.006,0.476,0.202,,0.0000,-0.1722,1.7642,-0.0000,0.3442,-0.1200,-0.1001,-0.3035,0.0147,1,2.14,0.309,0.339,0.006,,1.0469,-0.1720,1.7653,-0.1001,-0.3040,-0.1200,-0.1001,0.3046,0.0147,1,2.09,0.331,0.343,0.018,,-1.0469,-0.1721,1.7652,-0.1001,0.3041,-0.1200
0.325,300,tripod,-0.0000,0.0005,0.1347,-0.0000,0.0000,-0.0000,0.0000,-0.0000,0.0000,0.0000,0.0000,-0.0000,0.000,0.000,-0.0000,0.0000,-0.0000,0.0000,-0.0000,0.1200,0,0.1000,-0.3035,0.0147,1,2.23,0.310,0.342,0.007,,-1.0469,-0.1720,1.7654,0.1001,-0.3040,-0.1200,0.1001,0.3046,0.0147,1,2.21,0.336,0.356,0.009,,1.0470,-0.1720,1.7653,0.1001,0.3041,-0.1200,-0.0000,-0.3437,0.0147,1,2.01,0.005,0.478,0.196,,0.0000,-0.1721,1.7642,0.0000,-0.3442,-0.1200,-0.0000,0.3448,0.0147,1,1.97,0.006,0.476,0.202,,0.0000,-0.1722,1.7642,-0.0000,0.3442,-0.1200,-0.1001,-0.3035,0.0147,1,2.14,0.309,0.339,0.006,,1.0469,-0.1720,1.7653,-0.1001,-0.3040,-0.1200,-0.1001,0.3046,0.0147,1,2.09,0.331,0.342,0.018,,-1.0469,-0.1721,1.7652,-0.1001,0.3041,-0.1200
0.330,304,tripod,-0.0000,0.0005,0.1347,-0.0000,0.0000,-0.0000,0.0000,-0.0000,0.0000,0.0000,0.0000,-0.0000,0.000,0.000,-0.0000,0.0000,-0.0000,0.0000,-0.0000,0.1200,0,0.1000,-0.3035,0.0147,1,2.23,0.310,0.342,0.007,,-1.0469,-0.1720,1.7654,0.1001,-0.3040,-0.1200,0.1001,0.3046,0.0147,1,2.22,0.336,0.356,0.009,,1.0470,-0.1720,1.7653,0.1001,0.3041,-0.1200,-0.0000,-0.3437,0.0147,1,2.01,0.005,0.478,0.196,,0.0000,-0.1721,1.7642,0.0000,-0.3442,-0.1200,-0.0000,0.3448,0.0147,1,1.97,0.006,0.476,0.202,,0.0000,-0.1722,1.7642,-0.0000,0.3442,-0.1200,-0.1001,-0.3035,0.0147,1,2.14,0.309,0.339,0.006,,1.0469,-0.1720,1.7653,-0.1001,-0.3040,-0.1200,-0.1001,0.3046,0.0147,1,2.09,0.331,0.342,0.018,,-1.0469,-0.1721,1.7652,-0.1001,0.3041,-0.1200
0.334,308,tripod,0.0000,0.0005,0.1347,-0.0000,0.0000,-0.0000,0.0000,-0.0000,0.0000,0.0000,0.0000,-0.0000,0.000,0.000,-0.0000,0.0000,-0.0000,0.0000,-0.0000,0.1200,0,0.1000,-0.3035,0.0147,1,2.23,0.310,0.342,0.007,,-1.0469,-0.1720,1.7654,0.1001,-0.3040,-0.1200,0.1001,0.3046,0.0147,1,2.22,0.336,0.356,0.009,,1.0470,-0.1720,1.7653,0.1001,0.3041,-0.1200,-0.0000,-0.3437,0.0147,1,2.01,0.005,0.478,0.196,,0.0000,-0.1721,1.7642,0.0000,-0.3442,-0.1200,-0.0000,0.3448,0.0147,1,1.97,0.006,0.476,0.202,,0.0000,-0.1722,1.7642,-0.0000,0.3442,-0.1200,-0.1001,-0.3035,0.0147,1,2.14,0.309,0.339,0.006,,1.0469,-0.1720,1.7653,-0.1001,-0.3040,-0.1200,-0.1001,0.3046,0.0147,1,2.09,0.331,0.342,0.018,,-1.0469,-0.1721,1.7652,-0.1001,0.3041,-0.1200
0.338,312,tripod,0.0000,0.0005,0.1347,-0.0000,0.0000,-0.0000,0.0000,-0.0000,0.0000,0.0000,0.0000,-0.0000,0.000,0.000,-0.0000,0.0000,-0.0000,0.0000,-0.0000,0.1200,0,0.1000,-0.3035,0.0147,1,2.23,0.310,0.342,0.007,,-1.0469,-0.1720,1.7654,0.1001,-0.3040,-0.1200,0.1001,0.3046,0.0147,1,2.22,0.336,0.356,0.009,,1.0470,-0.1720,1.7653,0.1001,0.3041,-0.1200,-0.0000,-0.3437,0.0147,1,2.01,0.005,0.478,0.196,,0.0000,-0.1721,1.7642,0.0000,-0.3442,-0.1200,-0.0000,0.3448,0.0147,1,1.97,0.006,0.476,0.202,,0.0000,-0.1722,1.7642,-0.0000,0.3442,-0.1200,-0.1001,-0.3035,0.0147,1,2.14,0.309,0.339,0.006,,1.0469,-0.1720,1.7653,-0.1001,-0.3040,-0.1200,-0.1001,0.3046,0.0147,1,2.09,0.331,0.342,0.018,,-1.0469,-0.1721,1.7652,-0.1001,0.3041,-0.1200
0.342,316,tripod,0.0000,0.0005,0.1347,-0.0000,0.0000,-0.0000,0.0000,-0.0000,0.0000,0.0000,0.0000,-0.0000,0.000,0.000,-0.0000,0.0000,-0.0000,0.0000,-0.0000,0.1200,0,0.1000,-0.3035,0.0147,1,2.23,0.310,0.342,0.007,,-1.0469,-0.1720,1.7654,0.1001,-0.3040,-0.1200,0.1001,0.3046,0.0147,1,2.22,0.336,0.356,0.009,,1.0470,-0.1720,1.7653,0.1001,0.3041,-0.1200,-0.0000,-0.3437,0.0147,1,2.01,0.005,0.478,0.196,,0.0000,-0.1721,1.7642,0.0000,-0.3442,-0.1200,-0.0000,0.3448,0.0147,1,1.97,0.006,0.476,0.202,,0.0000,-0.1722,1.7642,-0.0000,0.3442,-0.1200,-0.1001,-0.3035,0.0147,1,2.14,0.309,0.338,0.006,,1.0469,-0.1720,1.7653,-0.1001,-0.3040,-0.1200,-0.1001,0.3046,0.0147,1,2.08,0.331,0.342,0.018,,-1.0469,-0.1721,1.7652,-0.1001,0.3041,-0.1200
0.346,320,tripod,0.0000,0.0005,0.1347,-0.0000,0.0000,-0.0000,0.0000,-0.0000,0.0000,0.0000,0.0000,-0.0000,0.000,0.000,-0.0000,0.0000,-0.0000,0.0000,-0.0000,0.1200,0,0.1000,-0.3035,0.0147,1,2.23,0.310,0.343,0.007,,-1.0469,-0.1720,1.7654,0.1001,-0.3040,-0.1200,0.1001,0.3046,0.0147,1,2.22,0.336,0.357,0.009,,1.0470,-0.1720,1.7653,0.1001,0.3041,-0.1200,-0.0000,-0.3437,0.0147,1,2.01,0.005,0.478,0.196,,0.0000,-0.1721,1.7642,0.0000,-0.3442,-0.1200,-0.0000,0.3448,0.0147,1,1.97,0.006,0.476,0.202,,0.0000,-0.1722,1.7642,-0.0000,0.3442,-0.1200,-0.1001,-0.3035,0.0147,1,2.14,0.309,0.338,0.006,,1.0469,-0.1720,1.7653,-0.1001,-0.3040,-0.1200,-0.1001,0.3046,0.0147,1,2.08,0.331,0.342,0.018,,-1.0469,-0.1721,1.7652,-0.1001,0.3041,-0.1200
0.350,324,tripod,0.0000,0.0005,0.1347,-0.0000,0.0000,-0.0000,0.0000,-0.0000,0.0000,0.0000,0.0000,-0.0000,0.000,0.000,-0.0000,0.0000,-0.0000,0.0000,-0.0000,0.1200,0,0.1000,-0.3035,0.0147,1,2.24,0.310,0.343,0.007,,-1.0469,-0.1720,1.7654,0.1001,-0.3040,-0.1200,0.1001,0.3046,0.0147,1,2.22,0.336,0.357,0.009,,1.0470,-0.1720,1.7652,0.1001,0.3041,-0.1200,-0.0000,-0.3437,0.0147,1,2.01,0.005,0.478,0.196,,0.0000,-0.1721,1.7642,0.0000,-0.3442,-0.1200,-0.0000,0.3448,0.0147,1,1.97,0.006,0.476,0.202,,0.0000,-0.1722,1.7642,-0.0000,0.3442,-0.1200,-0.1001,-0.3035,0.0147,1,2.14,0.309,0.338,0.006,,1.0469,-0.1720,1.7653,-0.1001,-0.3040,-0.1200,-0.1001,0.3046,0.0147,1,2.08,0.331,0.341,0.018,,-1.0469,-0.1721,1.7652,-0.1001,0.3041,-0.1200
0.354,328,tripod,0.0000,0.0005,0.1347,-0.0000,0.0000,-0.0000,0.0000,-0.0000,0.0000,0.0000,0.0000,-0.0000,0.000,0.000,-0.0000,0.0000,-0.0000,0.0000,-0.0000,0.1200,0,0.1000,-0.3035,0.0147,1,2.24,0.310,0.343,0.007,,-1.0469,-0.1720,1.7654,0.1001,-0.3040,-0.1200,0.1001,0.3046,0.0147,1,2.22,0.337,0.357,0.009,,1.0470,-0.1720,1.7652,0.1001,0.3041,-0.1200,-0.0000,-0.3437,0.0147,1,2.01,0.005,0.478,0.196,,0.0000,-0.1721,1.7642,0.0000,-0.3442,-0.1200,-0.0000,0.3448,0.0147,1,1.97,0.006,0.476,0.202,,0.0000,-0.1722,1.7642,-0.0000,0.3442,-0.1200,-0.1001,-0.3035,0.0147,1,2.14,0.309,0.338,0.006,,1.0469,-0.1720,1.7653,-0.1001,-0.3040,-0.1200,-0.1001,0.3046,0.0147,1,2.08,0.331,0.341,0.018,,-1.0469,-0.1721,1.7652,-0.1001,0.3041,-0.1200
0.358,332,tripod,0.0000,0.0005,0.1347,-0.0000,0.0000,-0.0000,0.0000,-0.0000,0.0000,0.0000,0.0000,-0.0000,0.000,0.000,-0.0000,0.0000,-0.0000,0.0000,-0.0000,0.1200,0,0.1000,-0.3035,0.0147,1,2.24,0.310,0.343,0.007,,-1.0469,-0.1720,1.7654,0.1001,-0.3040,-0.1200,0.1001,0.3046,0.0147,1,2.22,0.337,0.357,0.009,,1.0470,-0.1720,1.7652,0.1001,0.3041,-0.1200,-0.0000,-0.3437,0.0147,1,2.01,0.005,0.478,0.196,,0.0000,-0.1721,1.7642,0.0000,-0.3442,-0.1200,-0.0000,0.3448,0.0147,1,1.97,0.006,0.476,0.202,,0.0000,-0.1722,1.7642,-0.0000,0.3442,-0.1200,-0.1001,-0.3035,0.0147,1,2.13,0.309,0.338,0.006,,1.0469,-0.1720,1.7653,-0.1001,-0.3040,-0.1200,-0.1001,0.3046,0.0147,1,2.08,0.331,0.341,0.018,,-1.0469,-0.1721,1.7652,-0.1001,0.3041,-0.1200
0.363,336,tripod,0.0000,0.0005,0.1347,-0.0000,0.0000,-0.0000,0.0000,-0.0000,0.0000,0.0000,0.0000,-0.0000,0.000,0.000,-0.0000,0.0000,-0.0000,0.0000,-0.0000,0.1200,0,0.1000,-0.3035,0.0147,1,2.24,0.310,0.343,0.007,,-1.0469,-0.1720,1.7654,0.1001,-0.3040,-0.1200,0.1001,0.3046,0.0147,1,2.22,0.337,0.357,0.009,,1.0470,-0.1720,1.7652,0.1001,0.3041,-0.1200,-0.0000,-0.3437,0.0147,1,2.01,0.005,0.478,0.196,,0.0000,-0.1721,1.7642,0.0000,-0.3442,-0.1200,-0.0000,0.3448,0.0147,1,1.97,0.006,0.476,0.202,,0.0000,-0.1722,1.7642,-0.0000,0.3442,-0.1200,-0.1001,-0.3035,0.0147,1,2.13,0.309,0.338,0.006,,1.0469,-0.1720,1.7653,-0.1001,-0.3040,-0.1200,-0.1001,0.3046,0.0147,1,2.08,0.331,0.341,0.018,,-1.0469,-0.1721,1.7652,-0.1001,0.3041,-0.1200
0.368,340,tripod,0.0000,0.0005,0.1347,-0.0000,0.0000,-0.0000,0.0000,-0.0000,0.0000,0.0000,0.0000,-0.0000,0.000,0.000,-0.0000,0.0000,-0.0000,0.0000,-0.0000,0.1200,0,0.1000,-0.3035,0.0147,1,2.24,0.310,0.343,0.007,,-1.0469,-0.1720,1.7654,0.1001,-0.3040,-0.1200,0.1001,0.3046,0.0147,1,2.22,0.337,0.357,0.009,,1.0470,-0.1720,1.7652,0.1001,0.3041,-0.1200,-0.0000,-0.3437,0.0147,1,2.01,0.005,0.478,0.196,,0.0000,-0.1721,1.7642,0.0000,-0.3442,-0.1200,-0.0000,0.3448,0.0147,1,1.97,0.006,0.476,0.202,,0.0000,-0.1722,1.7642,-0.0000,0.3442,-0.1200,-0.1001,-0.3035,0.0147,1,2.13,0.309,0.337,0.006,,1.0469,-0.1720,1.7653,-0.1001,-0.3040,-0.1200,-0.1001,0.3046,0.0147,1,2.08,0.331,0.341,0.018,,-1.0469,-0.1721,1.7652,-0.1001,0.3041,-0.1200
0.372,344,tripod,0.0000,0.0005,0.1347,-0.0000,0.0000,-0.0000,0.0000,-0.0000,0.0000,0.0000,0.0000,-0.0000,0.000,0.000,-0.0000,0.0000,-0.0000,0.0000,-0.0000,0.1200,0,0.1000,-0.3035,0.0147,1,2.24,0.310,0.344,0.007,,-1.0469,-0.1720,1.7654,0.1001,-0.3040,-0.1200,0.1001,0.3046,0.0147,1,2.23,0.337,0.358,0.009,,1.0470,-0.1720,1.7652,0.1001,0.3041,-0.1200,-0.0000,-0.3437,0.0147,1,2.01,0.005,0.478,0.196,,0.0000,-0.1721,1.7642,0.0000,-0.3442,-0.1200,-0.0000,0.3448,0.0147,1,1.97,0.006,0.476,0.202,,0.0000,-0.1722,1.7642,-0.0000,0.3442,-0.1200,-0.1001,-0.3035,0.0147,1,2.13,0.309,0.337,0.006,,1.0469,-0.1720,1.7653,-0.1001,-0.3040,-0.1200,-0.1001,0.3046,0.0147,1,2.08,0.331,0.341,0.018,,-1.0469,-0.1721,1.7652,-0.1001,0.3041,-0.1200
0.376,348,tripod,0.0000,0.0005,0.1347,-0.0000,0.0000,-0.0000,0.0000,-0.0000,0.0000,0.0000,0.0000,-0.0000,0.000,0.000,-0.0000,0.0000,-0.0000,0.0000,-0.0000,0.1200,0,0.1000,-0.3035,0.0147,1,2.24,0.310,0.344,0.007,,-1.0469,-0.1720,1.7654,0.1001,-0.3040,-0.1200,0.1001,0.3046,0.0147,1,2.23,0.337,0.358,0.009,,1.0470,-0.1720,1.7652,0.1001,0.3041,-0.1200,-0.0000,-0.3437,0.0147,1,2.01,0.005,0.478,0.196,,0.0000,-0.1721,1.7642,0.0000,-0.3442,-0.1200,-0.0000,0.3448,0.0147,1,1.97,0.006,0.476,0.202,,0.0000,-0.1722,1.7642,-0.0000,0.3442,-0.1200,-0.1001,-0.3035,0.0147,1,2.13,0.309,0.337,0.006,,1.0469,-0.1720,1.7653,-0.1001,-0.3040,-0.1200,-0.1001,0.3046,0.0147,1,2.08,0.331,0.341,0.018,,-1.0469,-0.1721,1.7652,-0.1001,0.3041,-0.1200
0.380,352,tripod,0.0000,0.0005,0.1347,-0.0000,0.0000,-0.0000,0.0000,-0.0000,0.0000,0.0000,0.0000,0.0000,0.000,0.000,-0.0000,0.0000,-0.0000,0.0000,-0.0000,0.1200,0,0.1000,-0.3035,0.0147,1,2.24,0.310,0.344,0.007,,-1.0469,-0.1720,1.7654,0.1001,-0.3040,-0.1200,0.1001,0.3046,0.0147,1,2.23,0.337,0.358,0.009,,1.0470,-0.1720,1.7652,0.1001,0.3041,-0.1200,-0.0000,-0.3437,0.0147,1,2.01,0.005,0.478,0.196,,0.0000,-0.1721,1.7642,0.0000,-0.3442,-0.1200,-0.0000,0.3448,0.0147,1,1.97,0.006,0.476,0.202,,0.0000,-0.1722,1.7642,-0.0000,0.3442,-0.1200,-0.1001,-0.3035,0.0147,1,2.13,0.309,0.337,0.006,,1.0469,-0.1720,1.7653,-0.1001,-0.3040,-0.1200,-0.1001,0.3046,0.0147,1,2.08,0.331,0.340,0.018,,-1.0469,-0.1721,1.7652,-0.1001,0.3041,-0.1200
0.384,356,tripod,0.0000,0.0005,0.1347,-0.0000,0.0000,-0.0000,0.0000,-0.0000,0.0000,0.0000,0.0000,0.0000,0.000,0.000,-0.0000,0.0000,-0.0000,0.0000,-0.0000,0.1200,0,0.1000,-0.3035,0.0147,1,2.24,0.310,0.344,0.007,,-1.0469,-0.1720,1.7654,0.1001,-0.3040,-0.1200,0.1001,0.3046,0.0147,1,2.23,0.337,0.358,0.009,,1.0470,-0.1720,1.7652,0.1001,0.3041,-0.1200,-0.0000,-0.3437,0.0147,1,2.01,0.005,0.478,0.196,,0.0000,-0.1721,1.7642,0.0000,-0.3442,-0.1200,-0.0000,0.3448,0.0147,1,1.97,0.006,0.476,0.202,,0.0000,-0.1722,1.7642,-0.0000,0.3442,-0.1200,-0.1001,-0.3035,0.0147,1,2.13,0.309,0.337,0.006,,1.0469,-0.1720,1.7653,-0.1001,-0.3040,-0.1200,-0.1001,0.3046,0.0147,1,2.07,0.331,0.340,0.018,,-1.0469,-0.1721,1.7652,-0.1001,0.3041,-0.1200
0.389,360,tripod,0.0000,0.0005,0.1347,-0.0000,0.0000,-0.0000,0.0000,-0.0000,0.0000,0.0000,0.0000,0.0000,0.000,0.000,-0.0000,0.0000,-0.0000,0.0000,-0.0000,0.1200,0,0.1000,-0.3035,0.0147,1,2.25,0.310,0.344,0.007,,-1.0469,-0.1720,1.7654,0.1001,-0.3040,-0.1200,0.1001,0.3046,0.0147,1,2.23,0.337,0.358,0.009,,1.0470,-0.1720,1.7652,0.1001,0.3041,-0.1200,-0.0000,-0.3437,0.0147,1,2.01,0.005,0.478,0.196,,0.0000,-0.1721,1.7642,0.0000,-0.3442,-0.1200,-0.0000,0.3448,0.0147,1,1.97,0.006,0.476,0.202,,0.0000,-0.1721,1.7642,-0.0000,0.3442,-0.1200,-0.1001,-0.3035,0.0147,1,2.13,0.309,0.337,0.006,,1.0469,-0.1720,1.7653,-0.1001,-0.3040,-0.1200,-0.1001,0.3046,0.0147,1,2.07,0.331,0.340,0.018,,-1.0469,-0.1721,1.7652,-0.1001,0.3041,-0.1200
0.393,364,tripod,0.0000,0.0005,0.1347,-0.0000,0.0001,-0.0000,0.0000,-0.0000,0.0000,0.0000,0.0000,0.0000,0.000,0.000,-0.0000,0.0000,-0.0000,0.0001,-0.0000,0.1200,0,0.1000,-0.3035,0.0147,1,2.25,0.310,0.344,0.007,,-1.0469,-0.1720,1.7654,0.1001,-0.3040,-0.1200,0.1001,0.3046,0.0147,1,2.23,0.337,0.358,0.009,,1.0470,-0.1720,1.7652,0.1001,0.3041,-0.1200,-0.0000,-0.3437,0.0147,1,2.01,0.005,0.478,0.196,,0.0000,-0.1721,1.7642,0.0000,-0.3442,-0.1200,-0.0000,0.3448,0.0147,1,1.97,0.005,0.476,0.202,,0.0000,-0.1721,1.7642,-0.0000,0.3442,-0.1200,-0.1001,-0.3035,0.0147,1,2.13,0.308,0.336,0.006,,1.0469,-0.1720,1.7653,-0.1001,-0.3040,-0.1200,-0.1001,0.3046,0.0147,1,2.07,0.331,0.340,0.018,,-1.0469,-0.1721,1.7652,-0.1001,0.3041,-0.1200
0.397,368,tripod,0.0000,0.0005,0.1347,-0.0000,0.0001,-0.0000,0.0000,-0.0000,0.0000,0.0000,0.0000,0.0000,0.000,0.000,-0.0000,0.0000,-0.0000,0.0001,-0.0000,0.1200,0,0.1000,-0.3035,0.0147,1,2.25,0.310,0.345,0.007,,-1.0469,-0.1720,1.7654,0.1001,-0.3040,-0.1200,0.1001,0.3046,0.0147,1,2.23,0.337,0.359,0.009,,1.0470,-0.1720,1.7652,0.1001,0.3041,-0.1200,-0.0000,-0.3437,0.0147,1,2.01,0.005,0.478,0.196,,0.0000,-0.1721,1.7642,0.0000,-0.3442,-0.1200,-0.0000,0.3448,0.0147,1,1.97,0.005,0.476,0.202,,0.0000,-0.1721,1.7642,-0.0000,0.3442,-0.1200,-0.1001,-0.3035,0.0147,1,2.13,0.308,0.336,0.006,,1.0469,-0.1720,1.7653,-0.1001,-0.3040,-0.1200,-0.1001,0.3046,0.0147,1,2.07,0.331,0.340,0.018,,-1.0469,-0.1721,1.7652,-0.1001,0.3041,-0.1200
0.401,372,tripod,0.0000,0.0005,0.1347,-0.0000,0.0001,-0.0000,0.0000,-0.0000,0.0000,0.0000,0.0000,0.0000,0.000,0.000,-0.0000,0.0000,-0.0000,0.0001,-0.0000,0.1200,0,0.1000,-0.3035,0.0147,1,2.25,0.310,0.345,0.007,,-1.0469,-0.1720,1.7654,0.1001,-0.3040,-0.1200,0.1001,0.3046,0.0147,1,2.23,0.337,0.359,0.009,,1.0470,-0.1720,1.7652,0.1001,0.3041,-0.1200,-0.0000,-0.3437,0.0147,1,2.01,0.005,0.478,0.196,,0.0000,-0.1721,1.7642,0.0000,-0.3442,-0.1200,-0.0000,0.3448,0.0147,1,1.97,0.005,0.476,0.202,,0.0000,-0.1721,1.7642,-0.0000,0.3442,-0.1200,-0.1001,-0.3035,0.0147,1,2.12,0.308,0.336,0.006,,1.0469,-0.1720,1.7653,-0.1001,-0.3040,-0.1200,-0.1001,0.3046,0.0147,1,2.07,0.331,0.340,0.018,,-1.0469,-0.1721,1.7652,-0.1001,0.3041,-0.1200
0.406,376,tripod,0.0000,0.0005,0.1347,-0.0000,0.0001,-0.0000,0.0000,-0.0000,0.0000,0.0000,0.0000,0.0000,0.000,0.000,-0.0000,0.0000,-0.0000,0.0001,-0.0000,0.1200,0,0.1000,-0.3035,0.0147,1,2.25,0.310,0.345,0.007,,-1.0469,-0.1720,1.7654,0.1001,-0.3040,-0.1200,0.1001,0.3046,0.0147,1,2.23,0.337,0.359,0.009,,1.0470,-0.1720,1.7652,0.1001,0.3041,-0.1200,-0.0000,-0.3437,0.0147,1,2.01,0.005,0.478,0.196,,0.0000,-0.1721,1.7642,0.0000,-0.3442,-0.1200,-0.0000,0.3448,0.0147,1,1.97,0.005,0.476,0.202,,0.0000,-0.1721,1.7642,-0.0000,0.3442,-0.1200,-0.1001,-0.3035,0.0147,1,2.12,0.308,0.336,0.006,,1.0469,-0.1720,1.7653,-0.1001,-0.3040,-0.1200,-0.1001,0.3046,0.0147,1,2.07,0.331,0.339,0.018,,-1.0469,-0.1721,1.7652,-0.1001,0.3041,-0.1200
0.410,380,tripod,0.0000,0.0005,0.1347,-0.0000,0.0001,-0.0000,0.0000,-0.0000,0.0000,0.0000,0.0000,0.0000,0.000,0.000,-0.0000,0.0000,-0.0000,0.0001,-0.0000,0.1200,0,0.1000,-0.3035,0.0147,1,2.25,0.310,0.345,0.007,,-1.0469,-0.1720,1.7654,0.1001,-0.3040,-0.1200,0.1001,0.3046,0.0147,1,2.23,0.337,0.359,0.009,,1.0470,-0.1720,1.7652,0.1001,0.3041,-0.1200,-0.0000,-0.3437,0.0147,1,2.01,0.005,0.478,0.196,,0.0000,-0.1721,1.7642,0.0000,-0.3442,-0.1200,-0.0000,0.3448,0.0147,1,1.97,0.005,0.476,0.202,,0.0000,-0.1721,1.7642,-0.0000,0.3442,-0.1200,-0.1001,-0.3035,0.0147,1,2.12,0.308,0.336,0.006,,1.0469,-0.1720,1.7653,-0.1001,-0.3040,-0.1200,-0.1001,0.3046,0.0147,1,2.07,0.331,0.339,0.018,,-1.0469,-0.1721,1.7652,-0.1001,0.3041,-0.1200
0.415,384,tripod,0.0000,0.0005,0.1347,-0.0000,0.0001,-0.0000,0.0000,-0.0000,0.0000,0.0000,0.0000,0.0000,0.000,0.000,-0.0000,0.0000,-0.0000,0.0001,-0.0000,0.1200,0,0.1000,-0.3035,0.0147,1,2.25,0.310,0.345,0.007,,-1.0469,-0.1720,1.7654,0.1001,-0.3040,-0.1200,0.1001,0.3046,0.0147,1,2.24,0.337,0.359,0.009,,1.0470,-0.1720,1.7652,0.1001,0.3041,-0.1200,-0.0000,-0.3437,0.0147,1,2.01,0.005,0.478,0.196,,0.0000,-0.1721,1.7642,0.0000,-0.3442,-0.1200,-0.0000,0.3448,0.0147,1,1.97,0.005,0.476,0.202,,0.0000,-0.1721,1.7642,-0.0000,0.3442,-0.1200,-0.1001,-0.3035,0.0147,1,2.12,0.308,0.336,0.006,,1.0469,-0.1720,1.7653,-0.1001,-0.3040,-0.1200,-0.1001,0.3046,0.0147,1,2.07,0.331,0.339,0.018,,-1.0469,-0.1721,1.7652,-0.1001,0.3041,-0.1200
0.419,388,tripod,0.0000,0.0005,0.1347,-0.0000,0.0001,-0.0000,0.0000,-0.0000,0.0000,-0.0000,0.0000,-0.0000,0.000,0.000,-0.0000,0.0000,-0.0000,0.0001,-0.0000,0.1200,0,0.1000,-0.3035,0.0147,1,2.25,0.310,0.345,0.008,,-1.0469,-0.1720,1.7654,0.1001,-0.3040,-0.1200,0.1001,0.3046,0.0147,1,2.24,0.329,0.360,0.009,,1.0470,-0.1720,1.7652,0.1001,0.3041,-0.1200,-0.0000,-0.3437,0.0147,1,2.01,0.006,0.478,0.196,,0.0000,-0.1721,1.7642,0.0000,-0.3442,-0.1200,-0.0000,0.3448,0.0147,1,1.97,0.014,0.476,0.202,,0.0000,-0.1721,1.7642,-0.0000,0.3442,-0.1200,-0.1001,-0.3035,0.0147,1,2.12,0.308,0.336,0.006,,1.0469,-0.1720,1.7653,-0.1001,-0.3040,-0.1200,-0.1001,0.3046,0.0147,1,2.07,0.314,0.339,0.018,,-1.0469,-0.1721,1.7652,-0.1001,0.3041,-0.1200
0.423,392,tripod,0.0000,0.0005,0.1347,-0.0000,0.0001,-0.0000,0.0000,-0.0000,0.0000,0.0000,0.0000,-0.0000,0.000,0.000,-0.0000,0.0000,-0.0000,0.0001,-0.0000,0.1200,0,0.1000,-0.3035,0.0147,1,2.25,0.310,0.345,0.008,,-1.0469,-0.1720,1.7654,0.1001,-0.3040,-0.1200,0.1001,0.3046,0.0147,1,2.24,0.334,0.360,0.009,,1.0470,-0.1720,1.7652,0.1001,0.3041,-0.1200,-0.0000,-0.3437,0.0147,1,2.01,0.005,0.478,0.196,,0.0000,-0.1721,1.7642,0.0000,-0.3442,-0.1200,-0.0000,0.3448,0.0147,1,1.97,0.008,0.476,0.202,,0.0000,-0.1721,1.7642,-0.0000,0.3442,-0.1200,-0.1001,-0.3035,0.0147,1,2.12,0.309,0.335,0.006,,1.0469,-0.1720,1.7653,-0.1001,-0.3040,-0.1200,-0.1001,0.3046,0.0147,1,2.06,0.326,0.339,0.018,,-1.0469,-0.1721,1.7652,-0.1001,0.3041,-0.1200
0.427,396,tripod,0.0000,0.0005,0.1347,-0.0000,0.0001,-0.0000,0.0000,-0.0000,0.0000,0.0000,0.0000,-0.0000,0.000,0.000,-0.0000,0.0001,-0.0000,0.0001,-0.0000,0.1200,0,0.1000,-0.3035,0.0147,1,2.26,0.310,0.346,0.008,,-1.0469,-0.1720,1.7654,0.1001,-0.3040,-0.1200,0.1001,0.3046,0.0147,1,2.24,0.335,0.360,0.009,,1.0470,-0.1720,1.7652,0.1001,0.3041,-0.1200,-0.0000,-0.3437,0.0147,1,2.01,0.005,0.478,0.196,,0.0000,-0.1721,1.7642,0.0000,-0.3442,-0.1200,-0.0000,0.3448,0.0147,1,1.97,0.007,0.476,0.202,,0.0000,-0.1721,1.7642,-0.0000,0.3442,-0.1200,-0.1001,-0.3035,0.0147,1,2.12,0.309,0.335,0.006,,1.0469,-0.1720,1.7653,-0.1001,-0.3040,-0.1200,-0.1001,0.3046,0.0147,1,2.06,0.328,0.339,0.018,,-1.0469,-0.1721,1.7652,-0.1001,0.3041,-0.1200
0.431,400,tripod,0.0000,0.0005,0.1347,-0.0000,0.0001,-0.0000,0.0000,-0.0000,0.0000,0.0000,0.0000,-0.0000,0.000,0.000,-0.0000,0.0001,-0.0000,0.0001,-0.0000,0.1200,0,0.1000,-0.3035,0.0147,1,2.26,0.310,0.346,0.008,,-1.0469,-0.1720,1.7654,0.1001,-0.3040,-0.1200,0.1001,0.3046,0.0147,1,2.24,0.335,0.360,0.009,,1.0470,-0.1720,1.7652,0.1001,0.3041,-0.1200,-0.0000,-0.3437,0.0147,1,2.01,0.005,0.478,0.196,,0.0000,-0.1721,1.7642,0.0000,-0.3442,-0.1200,-0.0000,0.3448,0.0147,1,1.97,0.007,0.476,0.202,,0.0000,-0.1721,1.7642,-0.0000,0.3442,-0.1200,-0.1001,-0.3035,0.0147,1,2.12,0.309,0.335,0.006,,1.0469,-0.1720,1.7653,-0.1001,-0.3040,-0.1200,-0.1001,0.3046,0.0147,1,2.06,0.328,0.338,0.018,,-1.0469,-0.1721,1.7652,-0.1001,0.3041,-0.1200
0.435,404,tripod,0.0000,0.0005,0.1347,-0.0000,0.0001,-0.0000,0.0000,-0.0000,0.0000,0.0000,0.0000,-0.0000,0.000,0.000,-0.0000,0.0001,-0.0000,0.0001,-0.0000,0.1200,0,0.1000,-0.3035,0.0147,1,2.26,0.310,0.346,0.008,,-1.0469,-0.1720,1.7654,0.1001,-0.3040,-0.1200,0.1001,0.3046,0.0147,1,2.24,0.335,0.360,0.009,,1.0470,-0.1720,1.7652,0.1001,0.3041,-0.1200,-0.0000,-0.3437,0.0147,1,2.01,0.005,0.478,0.196,,0.0000,-0.1721,1.7642,0.0000,-0.3442,-0.1200,-0.0000,0.3448,0.0147,1,1.97,0.007,0.476,0.202,,0.0000,-0.1721,1.7642,-0.0000,0.3442,-0.1200,-0.1001,-0.3035,0.0147,1,2.12,0.309,0.335,0.006,,1.0469,-0.1720,1.7653,-0.1001,-0.3040,-0.1200,-0.1001,0.3046,0.0147,1,2.06,0.328,0.338,0.018,,-1.0469,-0.1721,1.7652,-0.1001,0.3041,-0.1200
0.439,408,tripod,0.0000,0.0005,0.1347,-0.0000,0.0001,-0.0000,0.0000,-0.0000,0.0000,0.0000,0.0000,-0.0000,0.000,0.000,-0.0000,0.0001,-0.0000,0.0001,-0.0000,0.1200,0,0.1000,-0.3035,0.0147,1,2.26,0.310,0.346,0.008,,-1.0469,-0.1720,1.7654,0.1001,-0.3040,-0.1200,0.1001,0.3046,0.0147,1,2.24,0.335,0.360,0.009,,1.0470,-0.1720,1.7652,0.1001,0.3041,-0.1200,-0.0000,-0.3437,0.0147,1,2.01,0.005,0.478,0.196,,0.0000,-0.1721,1.7642,0.0000,-0.3442,-0.1200,-0.0000,0.3448,0.0147,1,1.97,0.007,0.476,0.202,,0.0000,-0.1721,1.7642,-0.0000,0.3442,-0.1200,-0.1001,-0.3035,0.0147,1,2.11,0.309,0.335,0.006,,1.0469,-0.1720,1.7653,-0.1001,-0.3040,-0.1200,-0.1001,0.3046,0.0147,1,2.06,0.328,0.338,0.018,,-1.0469,-0.1721,1.7652,-0.1001,0.3041,-0.1200
0.444,412,tripod,0.0000,0.0005,0.1347,-0.0000,0.0001,-0.0000,0.0000,-0.0000,0.0000,0.0000,0.0000,-0.0000,0.000,0.000,-0.0000,0.0001,-0.0000,0.0001,-0.0000,0.1200,0,0.1000,-0.3035,0.0147,1,2.26,0.310,0.346,0.008,,-1.0469,-0.1720,1.7654,0.1001,-0.3040,-0.1200,0.1001,0.3046,0.0147,1,2.24,0.335,0.360,0.009,,1.0470,-0.1720,1.7652,0.1001,0.3041,-0.1200,-0.0000,-0.3437,0.0147,1,2.01,0.005,0.478,0.196,,0.0000,-0.1721,1.7642,0.0000,-0.3442,-0.1200,-0.0000,0.3448,0.0147,1,1.97,0.007,0.476,0.202,,0.0000,-0.1721,1.7642,-0.0000,0.3442,-0.1200,-0.1001,-0.3035,0.0147,1,2.11,0.309,0.335,0.006,,1.0469,-0.1720,1.7653,-0.1001,-0.3040,-0.1200,-0.1001,0.3046,0.0147,1,2.06,0.328,0.338,0.018,,-1.0469,-0.1721,1.7652,-0.1001,0.3041,-0.1200
0.449,416,tripod,0.0000,0.0005,0.1347,-0.0000,0.0001,-0.0000,0.0000,-0.0000,0.0000,0.0000,0.0000,-0.0000,0.000,0.000,-0.0000,0.0001,-0.0000,0.0001,-0.0000,0.1200,0,0.1000,-0.3035,0.0147,1,2.26,0.310,0.346,0.008,,-1.0470,-0.1720,1.7654,0.1001,-0.3040,-0.1200,0.1001,0.3046,0.0147,1,2.24,0.335,0.361,0.009,,1.0470,-0.1720,1.7652,0.1001,0.3041,-0.1200,-0.0000,-0.3437,0.0147,1,2.01,0.005,0.478,0.196,,0.0000,-0.1721,1.7642,0.0000,-0.3442,-0.1200,-0.0000,0.3448,0.0147,1,1.97,0.007,0.476,0.202,,0.0000,-0.1721,1.7642,-0.0000,0.3442,-0.1200,-0.1001,-0.3035,0.0147,1,2.11,0.309,0.334,0.006,,1.0469,-0.1720,1.7653,-0.1001,-0.3040,-0.1200,-0.1001,0.3046,0.0147,1,2.06,0.328,0.338,0.018,,-1.0469,-0.1721,1.7652,-0.1001,0.3041,-0.1200
0.453,420,tripod,0.0000,0.0005,0.1347,-0.0000,0.0001,-0.0000,0.0000,-0.0000,0.0000,0.0000,0.0000,-0.0000,0.000,0.000,-0.0000,0.0001,-0.0000,0.0001,-0.0000,0.1200,0,0.1000,-0.3035,0.0147,1,2.26,0.310,0.347,0.008,,-1.0470,-0.1720,1.7654,0.1001,-0.3040,-0.1200,0.1001,0.3046,0.0147,1,2.25,0.335,0.361,0.009,,1.0470,-0.1720,1.7652,0.1001,0.3041,-0.1200,-0.0000,-0.3437,0.0147,1,2.01,0.005,0.478,0.196,,0.0000,-0.1721,1.7642,0.0000,-0.3442,-0.1200,-0.0000,0.3448,0.0147,1,1.97,0.007,0.476,0.202,,0.0000,-0.1721,1.7642,-0.0000,0.3442,-0.1200,-0.1001,-0.3035,0.0147,1,2.11,0.309,0.334,0.006,,1.0469,-0.1720,1.7653,-0.1001,-0.3040,-0.1200,-0.1001,0.3046,0.0147,1,2.06,0.328,0.338,0.018,,-1.0469,-0.1721,1.7652,-0.1001,0.3041,-0.1200
0.457,424,tripod,0.0000,0.0005,0.1347,-0.0000,0.0001,-0.0000,0.0000,-0.0000,0.0000,0.0000,0.0000,-0.0000,0.000,0.000,-0.0000,0.0001,-0.0000,0.0001,-0.0000,0.1200,0,0.1000,-0.3035,0.0147,1,2.26,0.310,0.347,0.008,,-1.0470,-0.1720,1.7653,0.1001,-0.3040,-0.1200,0.1001,0.3046,0.0147,1,2.25,0.335,0.361,0.009,,1.0470,-0.1720,1.7652,0.1001,0.3041,-0.1200,-0.0000,-0.3437,0.0147,1,2.01,0.005,0.478,0.196,,0.0000,-0.1721,1.7642,0.0000,-0.3442,-0.1200,-0.0000,0.3448,0.0147,1,1.97,0.007,0.476,0.202,,0.0000,-0.1721,1.7642,-0.0000,0.3442,-0.1200,-0.1001,-0.3035,0.0147,1,2.11,0.309,0.334,0.006,,1.0469,-0.1720,1.7653,-0.1001,-0.3040,-0.1200,-0.1001,0.3046,0.0147,1,2.06,0.328,0.337,0.018,,-1.0469,-0.1721,1.7652,-0.1001,0.3041,-0.1200
0.461,428,tripod,0.0000,0.0005,0.1347,-0.0000,0.0001,-0.0000,0.0000,-0.0000,0.0000,0.0000,0.0000,-0.0000,0.000,0.000,-0.0000,0.0001,-0.0000,0.0001,-0.0000,0.1200,0,0.1000,-0.3035,0.0147,1,2.26,0.310,0.347,0.008,,-1.0470,-0.1720,1.7653,0.1001,-0.3040,-0.1200,0.1001,0.3046,0.0147,1,2.25,0.335,0.361,0.009,,1.0470,-0.1720,1.7652,0.1001,0.3041,-0.1200,-0.0000,-0.3437,0.0147,1,2.01,0.005,0.478,0.196,,0.0000,-0.1721,1.7642,0.0000,-0.3442,-0.1200,-0.0000,0.3448,0.0147,1,1.97,0.007,0.476,0.202,,0.0000,-0.1721,1.7642,-0.0000,0.3442,-0.1200,-0.1001,-0.3035,0.0147,1,2.11,0.309,0.334,0.006,,1.0469,-0.1720,1.7653,-0.1001,-0.3040,-0.1200,-0.1001,0.3046,0.0147,1,2.06,0.328,0.337,0.018,,-1.0469,-0.1721,1.7652,-0.1001,0.3041,-0.1200
0.465,432,tripod,0.0000,0.0005,0.1347,-0.0000,0.0001,-0.0000,0.0000,-0.0000,0.0000,0.0000,0.0000,-0.0000,0.000,0.000,-0.0000,0.0001,-0.0000,0.0001,-0.0000,0.1200,0,0.1000,-0.3035,0.0147,1,2.26,0.310,0.347,0.008,,-1.0470,-0.1720,1.7653,0.1001,-0.3040,-0.1200,0.1001,0.3046,0.0147,1,2.25,0.335,0.361,0.009,,1.0470,-0.1720,1.7652,0.1001,0.3041,-0.1200,-0.0000,-0.3437,0.0147,1,2.01,0.005,0.478,0.196,,0.0000,-0.1721,1.7642,0.0000,-0.3442,-0.1200,-0.0000,0.3448,0.0147,1,1.97,0.007,0.476,0.202,,0.0000,-0.1721,1.7642,-0.0000,0.3442,-0.1200,-0.1001,-0.3035,0.0147,1,2.11,0.309,0.334,0.006,,1.0469,-0.1720,1.7653,-0.1001,-0.3040,-0.1200,-0.1001,0.3046,0.0147,1,2.05,0.328,0.337,0.018,,-1.0469,-0.1721,1.7652,-0.1001,0.3041,-0.1200
0.469,436,tripod,0.0000,0.0005,0.1347,-0.0000,0.0001,-0.0000,0.0000,-0.0000,0.0000,0.0000,0.0000,-0.0000,0.000,0.000,-0.0000,0.0001,-0.0000,0.0001,-0.0000,0.1200,0,0.1000,-0.3035,0.0147,1,2.27,0.310,0.347,0.008,,-1.0470,-0.1720,1.7653,0.1001,-0.3040,-0.1200,0.1001,0.3046,0.0147,1,2.25,0.335,0.361,0.009,,1.0470,-0.1720,1.7652,0.1001,0.3041,-0.1200,-0.0000,-0.3437,0.0147,1,2.01,0.005,0.478,0.196,,0.0000,-0.1721,1.7642,0.0000,-0.3442,-0.1200,-0.0000,0.3448,0.0147,1,1.97,0.007,0.476,0.202,,0.0000,-0.1721,1.7642,-0.0000,0.3442,-0.1200,-0.1001,-0.3035,0.0147,1,2.11,0.308,0.334,0.006,,1.0469,-0.1720,1.7653,-0.1001,-0.3040,-0.1200,-0.1001,0.3046,0.0147,1,2.05,0.328,0.337,0.018,,-1.0469,-0.1721,1.7652,-0.1001,0.3041,-0.1200
0.473,440,tripod,0.0000,0.0005,0.1347,-0.0000,0.0001,-0.0000,0.0000,-0.0000,0.0000,0.0000,0.0000,-0.0000,0.000,0.000,-0.0000,0.0001,-0.0000,0.0001,-0.0000,0.1200,0,0.1000,-0.3035,0.0147,1,2.27,0.310,0.347,0.008,,-1.0470,-0.1720,1.7653,0.1001,-0.3040,-0.1200,0.1001,0.3046,0.0147,1,2.25,0.335,0.362,0.009,,1.0470,-0.1720,1.7652,0.1001,0.3041,-0.1200,-0.0000,-0.3437,0.0147,1,2.01,0.005,0.478,0.196,,0.0000,-0.1721,1.7642,0.0000,-0.3442,-0.1200,-0.0000,0.3448,0.0147,1,1.97,0.007,0.476,0.202,,0.0000,-0.1721,1.7642,-0.0000,0.3442,-0.1200,-0.1001,-0.3035,0.0147,1,2.11,0.308,0.333,0.006,,1.0469,-0.1720,1.7653,-0.1001,-0.3040,-0.1200,-0.1001,0.3046,0.0147,1,2.05,0.328,0.337,0.018,,-1.0469,-0.1721,1.7652,-0.1001,0.3041,-0.1200
0.478,444,tripod,0.0000,0.0005,0.1347,-0.0000,0.0001,-0.0000,0.0000,-0.0000,0.0000,0.0000,0.0000,-0.0000,0.000,0.000,-0.0000,0.0001,-0.0000,0.0001,-0.0000,0.1200,0,0.1000,-0.3035,0.0147,1,2.27,0.310,0.348,0.008,,-1.0470,-0.1720,1.7653,0.1001,-0.3040,-0.1200,0.1001,0.3046,0.0147,1,2.25,0.335,0.362,0.009,,1.0470,-0.1720,1.7652,0.1001,0.3041,-0.1200,-0.0000,-0.3437,0.0147,1,2.01,0.005,0.478,0.196,,0.0000,-0.1721,1.7642,0.0000,-0.3442,-0.1200,-0.0000,0.3448,0.0147,1,1.97,0.007,0.476,0.202,,0.0000,-0.1721,1.7642,-0.0000,0.3442,-0.1200,-0.1001,-0.3035,0.0147,1,2.11,0.308,0.333,0.006,,1.0469,-0.1720,1.7653,-0.1001,-0.3040,-0.1200,-0.1001,0.3046,0.0147,1,2.05,0.328,0.337,0.018,,-1.0469,-0.1721,1.7652,-0.1001,0.3041,-0.1200
0.483,448,tripod,0.0000,0.0005,0.1347,-0.0000,0.0001,-0.0000,0.0000,-0.0000,0.0000,0.0000,0.0000,-0.0000,0.000,0.000,-0.0000,0.0001,-0.0000,0.0001,-0.0000,0.1200,0,0.1000,-0.3035,0.0147,1,2.27,0.310,0.348,0.008,,-1.0470,-0.1720,1.7653,0.1001,-0.3040,-0.1200,0.1001,0.3046,0.0147,1,2.25,0.335,0.362,0.009,,1.0470,-0.1720,1.7652,0.1001,0.3041,-0.1200,-0.0000,-0.3437,0.0147,1,2.01,0.005,0.478,0.196,,0.0000,-0.1721,1.7642,0.0000,-0.3442,-0.1200,-0.0000,0.3448,0.0147,1,1.97,0.007,0.476,0.202,,0.0000,-0.1721,1.7642,-0.0000,0.3442,-0.1200,-0.1001,-0.3035,0.0147,1,2.10,0.308,0.333,0.006,,1.0469,-0.1720,1.7653,-0.1001,-0.3040,-0.1200,-0.1001,0.3046,0.0147,1,2.05,0.328,0.336,0.018,,-1.0469,-0.1721,1.7652,-0.1001,0.3041,-0.1200
0.487,452,tripod,0.0000,0.0005,0.1347,-0.0000,0.0001,-0.0000,0.0000,-0.0000,0.0000,0.0000,0.0000,-0.0000,0.000,0.000,-0.0000,0.0001,-0.0000,0.0001,-0.0000,0.1200,0,0.1000,-0.3035,0.0147,1,2.27,0.310,0.348,0.008,,-1.0470,-0.1720,1.7653,0.1001,-0.3040,-0.1200,0.1001,0.3046,0.0147,1,2.25,0.335,0.362,0.009,,1.0470,-0.1720,1.7652,0.1001,0.3041,-0.1200,-0.0000,-0.3437,0.0147,1,2.01,0.005,0.478,0.196,,0.0000,-0.1721,1.7642,0.0000,-0.3442,-0.1200,-0.0000,0.3448,0.0147,1,1.97,0.007,0.476,0.202,,0.0000,-0.1721,1.7642,-0.0000,0.3442,-0.1200,-0.1001,-0.3035,0.0147,1,2.10,0.308,0.333,0.006,,1.0469,-0.1720,1.7653,-0.1001,-0.3040,-0.1200,-0.1001,0.3046,0.0147,1,2.05,0.328,0.336,0.018,,-1.0469,-0.1721,1.7652,-0.1001,0.3041,-0.1200
0.491,456,tripod,0.0000,0.0005,0.1347,-0.0000,0.0001,-0.0000,0.0000,-0.0000,0.0000,0.0000,0.0000,-0.0000,0.000,0.000,-0.0000,0.0001,-0.0000,0.0001,-0.0000,0.1200,0,0.1000,-0.3035,0.0147,1,2.27,0.310,0.348,0.008,,-1.0470,-0.1720,1.7653,0.1001,-0.3040,-0.1200,0.1001,0.3046,0.0147,1,2.25,0.335,0.362,0.009,,1.0470,-0.1720,1.7652,0.1001,0.3041,-0.1200,-0.0000,-0.3437,0.0147,1,2.01,0.005,0.478,0.196,,0.0000,-0.1721,1.7642,0.0000,-0.3442,-0.1200,-0.0000,0.3448,0.0147,1,1.97,0.007,0.476,0.202,,0.0000,-0.1721,1.7642,-0.0000,0.3442,-0.1200,-0.1001,-0.3035,0.0147,1,2.10,0.308,0.333,0.006,,1.0469,-0.1720,1.7653,-0.1001,-0.3040,-0.1200,-0.1001,0.3046,0.0147,1,2.05,0.328,0.336,0.018,,-1.0469,-0.1721,1.7652,-0.1001,0.3041,-0.1200
0.495,460,tripod,0.0000,0.0005,0.1347,-0.0000,0.0001,-0.0000,0.0000,-0.0000,0.0000,-0.0000,0.0000,-0.0000,0.000,0.000,-0.0000,0.0001,-0.0000,0.0001,-0.0000,0.1200,0,0.1000,-0.3035,0.0147,1,2.27,0.310,0.348,0.008,,-1.0470,-0.1720,1.7653,0.1001,-0.3040,-0.1200,0.1001,0.3046,0.0147,1,2.26,0.331,0.362,0.009,,1.0470,-0.1720,1.7652,0.1001,0.3041,-0.1200,-0.0000,-0.3437,0.0147,1,2.01,0.005,0.478,0.196,,0.0000,-0.1721,1.7642,0.0000,-0.3442,-0.1200,-0.0000,0.3448,0.0147,1,1.97,0.012,0.476,0.202,,0.0000,-0.1721,1.7642,-0.0000,0.3442,-0.1200,-0.1001,-0.3035,0.0147,1,2.10,0.309,0.333,0.006,,1.0469,-0.1720,1.7653,-0.1001,-0.3040,-0.1200,-0.1001,0.3046,0.0147,1,2.05,0.320,0.336,0.018,,-1.0469,-0.1721,1.7652,-0.1001,0.3041,-0.1200
0.499,464,tripod,0.0000,0.0005,0.1347,-0.0000,0.0001,-0.0000,0.0000,-0.0000,0.0000,0.0000,0.0000,-0.0000,0.000,0.000,-0.0000,0.0001,-0.0000,0.0001,-0.0000,0.1200,0,0.1000,-0.3035,0.0147,1,2.27,0.310,0.348,0.008,,-1.0470,-0.1720,1.7653,0.1001,-0.3040,-0.1200,0.1001,0.3046,0.0147,1,2.26,0.333,0.363,0.009,,1.0470,-0.1720,1.7652,0.1000,0.3041,-0.1200,-0.0000,-0.3437,0.0147,1,2.01,0.005,0.478,0.196,,0.0000,-0.1721,1.7642,0.0000,-0.3442,-0.1200,-0.0000,0.3448,0.0147,1,1.97,0.009,0.476,0.202,,0.0001,-0.1721,1.7642,-0.0000,0.3442,-0.1200,-0.1001,-0.3035,0.0147,1,2.10,0.309,0.333,0.006,,1.0469,-0.1720,1.7653,-0.1001,-0.3040,-0.1200,-0.1001,0.3046,0.0147,1,2.05,0.324,0.336,0.018,,-1.0469,-0.1721,1.7652,-0.1001,0.3041,-0.1200
0.503,468,tripod,0.0000,0.0005,0.1347,-0.0000,0.0001,-0.0000,0.0000,-0.0000,0.0000,0.0000,0.0000,-0.0000,0.000,0.000,-0.0000,0.0001,-0.0000,0.0001,-0.0000,0.1200,0,0.1000,-0.3035,0.0147,1,2.27,0.310,0.349,0.008,,-1.0470,-0.1720,1.7653,0.1001,-0.3040,-0.1200,0.1001,0.3046,0.0147,1,2.26,0.333,0.363,0.009,,1.0470,-0.1720,1.7652,0.1000,0.3041,-0.1200,-0.0000,-0.3437,0.0147,1,2.01,0.005,0.478,0.196,,0.0000,-0.1721,1.7642,0.0000,-0.3442,-0.1200,-0.0000,0.3448,0.0147,1,1.97,0.009,0.476,0.202,,0.0001,-0.1721,1.7642,-0.0000,0.3442,-0.1200,-0.1001,-0.3035,0.0147,1,2.10,0.309,0.332,0.006,,1.0469,-0.1720,1.7653,-0.1001,-0.3040,-0.1200,-0.1001,0.3046,0.0147,1,2.05,0.325,0.336,0.018,,-1.0469,-0.1721,1.7652,-0.1001,0.3041,-0.1200
0.507,472,tripod,0.0000,0.0005,0.1347,-0.0000,0.0001,-0.0000,0.0000,-0.0000,0.0000,0.0000,0.0000,-0.0000,0.000,0.000,-0.0000,0.0001,-0.0000,0.0001,-0.0000,0.1200,0,0.1000,-0.3035,0.0147,1,2.28,0.310,0.349,0.008,,-1.0470,-0.1720,1.7653,0.1001,-0.3040,-0.1200,0.1001,0.3046,0.0147,1,2.26,0.333,0.363,0.009,,1.0470,-0.1720,1.7652,0.1000,0.3041,-0.1200,-0.0000,-0.3437,0.0147,1,2.01,0.005,0.478,0.196,,0.0000,-0.1721,1.7642,0.0000,-0.3442,-0.1200,-0.0000,0.3448,0.0147,1,1.97,0.009,0.476,0.202,,0.0001,-0.1721,1.7642,-0.0000,0.3442,-0.1200,-0.1001,-0.3035,0.0147,1,2.10,0.309,0.332,0.006,,1.0469,-0.1720,1.7653,-0.1001,-0.3040,-0.1200,-0.1001,0.3046,0.0147,1,2.04,0.325,0.335,0.018,,-1.0469,-0.1721,1.7652,-0.1001,0.3041,-0.1200
0.511,476,tripod,0.0000,0.0005,0.1347,-0.0000,0.0001,-0.0000,0.0000,-0.0000,0.0000,0.0000,0.0000,-0.0000,0.000,0.000,-0.0000,0.0001,-0.0000,0.0001,-0.0000,0.1200,0,0.1000,-0.3035,0.0147,1,2.28,0.310,0.349,0.008,,-1.0470,-0.1720,1.7653,0.1001,-0.3040,-0.1200,0.1001,0.3046,0.0147,1,2.26,0.333,0.363,0.009,,1.0470,-0.1720,1.7652,0.1000,0.3041,-0.1200,-0.0000,-0.3437,0.0147,1,2.01,0.005,0.478,0.196,,0.0000,-0.1721,1.7642,0.0000,-0.3442,-0.1200,-0.0000,0.3448,0.0147,1,1.97,0.009,0.476,0.202,,0.0001,-0.1721,1.7642,-0.0000,0.3442,-0.1200,-0.1001,-0.3035,0.0147,1,2.10,0.309,0.332,0.006,,1.0469,-0.1720,1.7653,-0.1001,-0.3040,-0.1200,-0.1001,0.3046,0.0147,1,2.04,0.325,0.335,0.018,,-1.0469,-0.1721,1.7652,-0.1001,0.3041,-0.1200
0.516,480,tripod,0.0000,0.0005,0.1347,-0.0000,0.0001,-0.0000,0.0000,-0.0000,0.0000,0.0000,0.0000,-0.0000,0.000,0.000,-0.0000,0.0001,-0.0000,0.0001,-0.0000,0.1200,0,0.1000,-0.3035,0.0147,1,2.28,0.310,0.349,0.008,,-1.0470,-0.1720,1.7653,0.1001,-0.3040,-0.1200,0.1001,0.3046,0.0147,1,2.26,0.333,0.363,0.009,,1.0470,-0.1720,1.7652,0.1000,0.3041,-0.1200,-0.0000,-0.3437,0.0147,1,2.01,0.005,0.478,0.196,,0.0000,-0.1721,1.7642,0.0000,-0.3442,-0.1200,-0.0000,0.3448,0.0147,1,1.97,0.009,0.476,0.202,,0.0001,-0.1721,1.7642,-0.0000,0.3442,-0.1200,-0.1001,-0.3035,0.0147,1,2.10,0.309,0.332,0.006,,1.0469,-0.1720,1.7653,-0.1001,-0.3040,-0.1200,-0.1001,0.3046,0.0147,1,2.04,0.325,0.335,0.018,,-1.0469,-0.1721,1.7652,-0.1001,0.3041,-0.1200
0.521,484,tripod,0.0000,0.0005,0.1347,-0.0000,0.0001,-0.0000,0.0000,-0.0000,0.0000,0.0000,0.0000,-0.0000,0.000,0.000,-0.0000,0.0001,-0.0000,0.0001,-0.0000,0.1200,0,0.1000,-0.3035,0.0147,1,2.28,0.310,0.349,0.008,,-1.0470,-0.1720,1.7653,0.1001,-0.3040,-0.1200,0.1001,0.3046,0.0147,1,2.26,0.333,0.363,0.009,,1.0470,-0.1720,1.7652,0.1000,0.3041,-0.1200,-0.0000,-0.3437,0.0147,1,2.01,0.005,0.478,0.196,,0.0000,-0.1721,1.7642,0.0000,-0.3442,-0.1200,-0.0000,0.3448,0.0147,1,1.97,0.009,0.476,0.202,,0.0001,-0.1721,1.7642,-0.0000,0.3442,-0.1200,-0.1001,-0.3035,0.0147,1,2.09,0.309,0.332,0.006,,1.0469,-0.1720,1.7653,-0.1001,-0.3040,-0.1200,-0.1001,0.3046,0.0147,1,2.04,0.325,0.335,0.018,,-1.0469,-0.1721,1.7652,-0.1001,0.3041,-0.1200
0.525,488,tripod,0.0000,0.0005,0.1347,-0.0000,0.0001,-0.0000,0.0000,-0.0000,0.0000,0.0000,0.0000,-0.0000,0.000,0.000,-0.0000,0.0001,-0.0000,0.0001,-0.0000,0.1200,0,0.1000,-0.3035,0.0147,1,2.28,0.310,0.349,0.008,,-1.0470,-0.1720,1.7653,0.1001,-0.3040,-0.1200,0.1001,0.3046,0.0147,1,2.26,0.333,0.364,0.009,,1.0470,-0.1720,1.7652,0.1000,0.3041,-0.1200,-0.0000,-0.3437,0.0147,1,2.01,0.005,0.478,0.196,,0.0000,-0.1721,1.7642,0.0000,-0.3442,-0.1200,-0.0000,0.3448,0.0147,1,1.97,0.009,0.476,0.202,,0.0001,-0.1721,1.7642,-0.0000,0.3442,-0.1200,-0.1001,-0.3035,0.0147,1,2.09,0.309,0.332,0.007,,1.0469,-0.1720,1.7653,-0.1001,-0.3040,-0.1200,-0.1001,0.3046,0.0147,1,2.04,0.325,0.335,0.018,,-1.0469,-0.1721,1.7652,-0.1001,0.3041,-0.1200
0.529,492,tripod,0.0000,0.0005,0.1347,-0.0000,0.0001,-0.0000,0.0000,-0.0000,0.0000,-0.0000,0.0000,0.0000,0.000,0.000,-0.0000,0.0001,-0.0000,0.0001,-0.0000,0.1200,0,0.1000,-0.3035,0.0147,1,2.28,0.310,0.350,0.008,,-1.0470,-0.1720,1.7653,0.1001,-0.3040,-0.1200,0.1001,0.3046,0.0147,1,2.26,0.333,0.364,0.009,,1.0470,-0.1720,1.7652,0.1000,0.3041,-0.1200,-0.0000,-0.3437,0.0147,1,2.01,0.005,0.478,0.196,,0.0000,-0.1721,1.7642,0.0000,-0.3442,-0.1200,-0.0000,0.3448,0.0147,1,1.97,0.009,0.476,0.202,,0.0001,-0.1721,1.7642,-0.0000,0.3442,-0.1200,-0.1001,-0.3035,0.0147,1,2.09,0.309,0.331,0.007,,1.0469,-0.1720,1.7653,-0.1001,-0.3040,-0.1200,-0.1001,0.3046,0.0147,1,2.04,0.325,0.335,0.018,,-1.0469,-0.1721,1.7652,-0.1001,0.3041,-0.1200
0.533,496,tripod,0.0000,0.0005,0.1347,-0.0000,0.0001,-0.0000,0.0000,-0.0000,0.0000,0.0000,0.0000,0.0000,0.000,0.000,-0.0000,0.0001,-0.0000,0.0001,-0.0000,0.1200,0,0.1000,-0.3035,0.0147,1,2.28,0.310,0.350,0.008,,-1.0470,-0.1720,1.7653,0.1001,-0.3040,-0.1200,0.1001,0.3046,0.0147,1,2.26,0.333,0.364,0.009,,1.0470,-0.1720,1.7652,0.1000,0.3041,-0.1200,-0.0000,-0.3437,0.0147,1,2.01,0.005,0.478,0.196,,0.0000,-0.1721,1.7642,0.0000,-0.3442,-0.1200,-0.0000,0.3448,0.0147,1,1.97,0.009,0.476,0.202,,0.0001,-0.1721,1.7642,-0.0000,0.3442,-0.1200,-0.1001,-0.3035,0.0147,1,2.09,0.309,0.331,0.007,,1.0469,-0.1720,1.7653,-0.1001,-0.3040,-0.1200,-0.1001,0.3046,0.0147,1,2.04,0.325,0.335,0.018,,-1.0469,-0.1721,1.7652,-0.1001,0.3041,-0.1200
0.538,500,tripod,0.0000,0.0005,0.1347,-0.0000,0.0001,-0.0000,0.0000,-0.0000,0.0000,0.0000,0.0000,0.0000,0.000,0.000,-0.0000,0.0001,-0.0000,0.0001,-0.0000,0.1200,0,0.1000,-0.3035,0.0147,1,2.28,0.310,0.350,0.008,,-1.0470,-0.1720,1.7653,0.1001,-0.3040,-0.1200,0.1001,0.3046,0.0147,1,2.27,0.333,0.364,0.009,,1.0470,-0.1720,1.7652,0.1000,0.3041,-0.1200,-0.0000,-0.3437,0.0147,1,2.01,0.005,0.478,0.196,,0.0000,-0.1721,1.7642,0.0000,-0.3442,-0.1200,-0.0000,0.3448,0.0147,1,1.97,0.009,0.476,0.202,,0.0001,-0.1721,1.7642,-0.0000,0.3442,-0.1200,-0.1001,-0.3035,0.0147,1,2.09,0.309,0.331,0.007,,1.0469,-0.1720,1.7653,-0.1001,-0.3040,-0.1200,-0.1001,0.3046,0.0147,1,2.04,0.325,0.334,0.019,,-1.0469,-0.1721,1.7652,-0.1001,0.3041,-0.1200
0.542,504,tripod,0.0000,0.0005,0.1347,-0.0000,0.0001,-0.0000,0.0000,-0.0000,0.0000,0.0000,0.0000,0.0000,0.000,0.000,-0.0000,0.0001,-0.0000,0.0001,-0.0000,0.1200,0,0.1000,-0.3035,0.0147,1,2.28,0.310,0.350,0.008,,-1.0470,-0.1720,1.7653,0.1001,-0.3040,-0.1200,0.1001,0.3046,0.0147,1,2.27,0.333,0.364,0.009,,1.0470,-0.1720,1.7652,0.1000,0.3041,-0.1200,-0.0000,-0.3437,0.0147,1,2.01,0.005,0.478,0.196,,0.0000,-0.1721,1.7642,0.0000,-0.3442,-0.1200,-0.0000,0.3448,0.0147,1,1.97,0.009,0.476,0.202,,0.0001,-0.1721,1.7642,-0.0000,0.3442,-0.1200,-0.1001,-0.3035,0.0147,1,2.09,0.309,0.331,0.007,,1.0469,-0.1720,1.7653,-0.1001,-0.3040,-0.1200,-0.1001,0.3046,0.0147,1,2.04,0.325,0.334,0.019,,-1.0469,-0.1721,1.7652,-0.1001,0.3041,-0.1200
0.546,508,tripod,0.0000,0.0005,0.1347,-0.0000,0.0001,-0.0000,0.0000,-0.0000,0.0000,0.0000,0.0000,0.0000,0.000,0.000,-0.0000,0.0001,-0.0000,0.0001,-0.0000,0.1200,0,0.1000,-0.3035,0.0147,1,2.28,0.310,0.350,0.008,,-1.0470,-0.1720,1.7653,0.1001,-0.3040,-0.1200,0.1001,0.3046,0.0147,1,2.27,0.333,0.364,0.009,,1.0470,-0.1720,1.7652,0.1000,0.3041,-0.1200,-0.0000,-0.3437,0.0147,1,2.01,0.005,0.478,0.196,,-0.0000,-0.1721,1.7642,-0.0000,-0.3442,-0.1200,-0.0000,0.3448,0.0147,1,1.97,0.009,0.476,0.202,,0.0001,-0.1721,1.7642,-0.0000,0.3442,-0.1200,-0.1001,-0.3035,0.0147,1,2.09,0.309,0.331,0.007,,1.0469,-0.1720,1.7653,-0.1001,-0.3040,-0.1200,-0.1001,0.3046,0.0147,1,2.03,0.325,0.334,0.019,,-1.0469,-0.1721,1.7652,-0.1001,0.3041,-0.1200
0.550,512,tripod,0.0000,0.0005,0.1347,-0.0000,0.0001,-0.0000,0.0000,-0.0000,0.0000,0.0000,0.0000,0.0000,0.000,0.000,-0.0000,0.0001,-0.0000,0.0001,-0.0000,0.1200,0,0.1000,-0.3035,0.0147,1,2.29,0.310,0.350,0.008,,-1.0470,-0.1720,1.7653,0.1001,-0.3040,-0.1200,0.1001,0.3046,0.0147,1,2.27,0.333,0.365,0.009,,1.0470,-0.1720,1.7652,0.1000,0.3041,-0.1200,-0.0000,-0.3437,0.0147,1,2.01,0.005,0.478,0.196,,-0.0000,-0.1721,1.7642,-0.0000,-0.3442,-0.1200,-0.0000,0.3448,0.0147,1,1.97,0.009,0.476,0.202,,0.0001,-0.1721,1.7642,-0.0000,0.3442,-0.1200,-0.1001,-0.3035,0.0147,1,2.09,0.309,0.331,0.007,,1.0469,-0.1720,1.7653,-0.1001,-0.3040,-0.1200,-0.1001,0.3046,0.0147,1,2.03,0.325,0.334,0.019,,-1.0469,-0.1721,1.7652,-0.1001,0.3041,-0.1200
0.554,516,tripod,0.0000,0.0005,0.1347,-0.0000,0.0001,-0.0000,0.0000,-0.0000,0.0000,0.0000,0.0000,0.0000,0.000,0.000,-0.0000,0.0001,-0.0000,0.0001,-0.0000,0.1200,0,0.1000,-0.3035,0.0147,1,2.29,0.310,0.350,0.008,,-1.0470,-0.1720,1.7653,0.1001,-0.3040,-0.1200,0.1001,0.3046,0.0147,1,2.27,0.333,0.365,0.008,,1.0470,-0.1720,1.7652,0.1000,0.3041,-0.1200,-0.0000,-0.3437,0.0147,1,2.01,0.005,0.478,0.196,,-0.0000,-0.1721,1.7642,-0.0000,-0.3442,-0.1200,-0.0000,0.3448,0.0147,1,1.97,0.009,0.476,0.202,,0.0001,-0.1721,1.7642,-0.0000,0.3442,-0.1200,-0.1001,-0.3035,0.0147,1,2.09,0.309,0.330,0.007,,1.0469,-0.1720,1.7653,-0.1001,-0.3040,-0.1200,-0.1001,0.3046,0.0147,1,2.03,0.325,0.334,0.019,,-1.0469,-0.1721,1.7652,-0.1001,0.3041,-0.1200
0.559,520,tripod,0.0000,0.0005,0.1347,-0.0000,0.0001,-0.0000,0.0000,-0.0000,0.0000,0.0000,0.0000,0.0000,0.000,0.000,-0.0000,0.0001,-0.0000,0.0001,-0.0000,0.1200,0,0.1000,-0.3035,0.0147,1,2.29,0.310,0.351,0.008,,-1.0470,-0.1720,1.7653,0.1001,-0.3040,-0.1200,0.1001,0.3046,0.0147,1,2.27,0.333,0.365,0.008,,1.0470,-0.1720,1.7652,0.1000,0.3041,-0.1200,-0.0000,-0.3437,0.0147,1,2.01,0.005,0.478,0.196,,-0.0000,-0.1721,1.7642,-0.0000,-0.3442,-0.1200,-0.0000,0.3448,0.0147,1,1.97,0.009,0.476,0.202,,0.0001,-0.1721,1.7642,-0.0000,0.3442,-0.1200,-0.1001,-0.3035,0.0147,1,2.09,0.309,0.330,0.007,,1.0469,-0.1720,1.7653,-0.1001,-0.3040,-0.1200,-0.1001,0.3046,0.0147,1,2.03,0.325,0.334,0.019,,-1.0469,-0.1721,1.7652,-0.1001,0.3041,-0.1200
0.564,524,tripod,0.0000,0.0005,0.1347,-0.0000,0.0001,-0.0000,0.0000,0.0000,0.0000,-0.0000,0.0000,0.0000,0.000,0.000,-0.0000,0.0001,-0.0000,0.0001,-0.0000,0.1200,0,0.1000,-0.3035,0.0147,1,2.29,0.310,0.351,0.008,,-1.0470,-0.1720,1.7653,0.1001,-0.3040,-0.1200,0.1001,0.3046,0.0147,1,2.27,0.333,0.365,0.008,,1.0470,-0.1720,1.7652,0.1000,0.3041,-0.1200,-0.0000,-0.3437,0.0147,1,2.01,0.005,0.478,0.196,,-0.0000,-0.1721,1.7642,-0.0000,-0.3442,-0.1200,-0.0000,0.3448,0.0147,1,1.97,0.009,0.476,0.202,,0.0001,-0.1721,1.7642,-0.0000,0.3442,-0.1200,-0.1001,-0.3035,0.0147,1,2.08,0.309,0.330,0.007,,1.0469,-0.1720,1.7653,-0.1001,-0.3040,-0.1200,-0.1001,0.3046,0.0147,1,2.03,0.325,0.333,0.019,,-1.0469,-0.1721,1.7652,-0.1001,0.3041,-0.1200
0.568,528,tripod,0.0000,0.0005,0.1347,-0.0000,0.0001,-0.0000,0.0000,0.0000,0.0000,-0.0000,0.0000,-0.0000,0.000,0.000,-0.0000,0.0001,-0.0000,0.0001,-0.0000,0.1200,0,0.1000,-0.3035,0.0147,1,2.29,0.310,0.351,0.008,,-1.0470,-0.1720,1.7653,0.1001,-0.3040,-0.1200,0.1001,0.3046,0.0147,1,2.27,0.325,0.365,0.009,,1.0470,-0.1720,1.7652,0.1000,0.3041,-0.1200,-0.0000,-0.3437,0.0147,1,2.01,0.006,0.478,0.196,,-0.0000,-0.1721,1.7642,-0.0000,-0.3442,-0.1200,-0.0000,0.3448,0.0147,1,1.97,0.017,0.476,0.202,,0.0001,-0.1721,1.7642,-0.0000,0.3442,-0.1200,-0.1001,-0.3035,0.0147,1,2.08,0.308,0.330,0.007,,1.0469,-0.1720,1.7653,-0.1001,-0.3040,-0.1200,-0.1001,0.3046,0.0147,1,2.03,0.309,0.333,0.018,,-1.0469,-0.1721,1.7652,-0.1001,0.3041,-0.1200
0.572,532,tripod,0.0000,0.0005,0.1347,-0.0000,0.0001,-0.0000,0.0000,0.0000,0.0000,-0.0000,0.0000,-0.0000,0.000,0.000,-0.0000,0.0001,-0.0000,0.0001,-0.0000,0.1200,0,0.1000,-0.3035,0.0147,1,2.29,0.310,0.351,0.008,,-1.0470,-0.1720,1.7653,0.1001,-0.3040,-0.1200,0.1001,0.3046,0.0147,1,2.27,0.331,0.365,0.008,,1.0470,-0.1720,1.7652,0.1000,0.3041,-0.1200,-0.0000,-0.3437,0.0147,1,2.01,0.005,0.478,0.196,,-0.0000,-0.1721,1.7642,-0.0000,-0.3442,-0.1200,-0.0000,0.3448,0.0147,1,1.97,0.012,0.476,0.202,,0.0001,-0.1721,1.7642,-0.0000,0.3442,-0.1200,-0.1001,-0.3035,0.0147,1,2.08,0.309,0.330,0.007,,1.0469,-0.1720,1.7653,-0.1001,-0.3040,-0.1200,-0.1001,0.3046,0.0147,1,2.03,0.320,0.333,0.019,,-1.0469,-0.1721,1.7652,-0.1001,0.3041,-0.1200
0.576,536,tripod,0.0000,0.0005,0.1347,-0.0000,0.0001,-0.0000,0.0000,0.0000,0.0000,-0.0000,0.0000,-0.0000,0.000,0.000,-0.0000,0.0001,-0.0000,0.0001,-0.0000,0.1200,0,0.1000,-0.3035,0.0147,1,2.29,0.310,0.351,0.008,,-1.0470,-0.1720,1.7653,0.1001,-0.3040,-0.1200,0.1001,0.3046,0.0147,1,2.28,0.332,0.366,0.008,,1.0470,-0.1720,1.7652,0.1000,0.3041,-0.1200,-0.0000,-0.3437,0.0147,1,2.01,0.005,0.478,0.196,,-0.0000,-0.1721,1.7642,-0.0000,-0.3442,-0.1200,-0.0000,0.3448,0.0147,1,1.97,0.011,0.476,0.202,,0.0001,-0.1721,1.7642,-0.0000,0.3442,-0.1200,-0.1001,-0.3035,0.0147,1,2.08,0.309,0.330,0.007,,1.0469,-0.1720,1.7653,-0.1001,-0.3040,-0.1200,-0.1001,0.3046,0.0147,1,2.03,0.322,0.333,0.019,,-1.0469,-0.1721,1.7652,-0.1001,0.3041,-0.1200
0.580,540,tripod,0.0000,0.0005,0.1347,-0.0000,0.0001,-0.0000,0.0000,0.0000,0.0000,-0.0000,0.0000,-0.0000,0.000,0.000,-0.0000,0.0001,-0.0000,0.0001,-0.0000,0.1200,0,0.1000,-0.3035,0.0147,1,2.29,0.310,0.351,0.008,,-1.0470,-0.1720,1.7653,0.1001,-0.3040,-0.1200,0.1001,0.3046,0.0147,1,2.28,0.332,0.366,0.008,,1.0470,-0.1720,1.7652,0.1000,0.3041,-0.1200,-0.0000,-0.3437,0.0147,1,2.01,0.005,0.478,0.196,,-0.0000,-0.1721,1.7642,-0.0000,-0.3442,-0.1200,-0.0000,0.3448,0.0147,1,1.97,0.011,0.476,0.202,,0.0001,-0.1721,1.7642,-0.0000,0.3442,-0.1200,-0.1001,-0.3035,0.0147,1,2.08,0.309,0.330,0.007,,1.0469,-0.1720,1.7653,-0.1001,-0.3040,-0.1200,-0.1001,0.3046,0.0147,1,2.03,0.322,0.333,0.019,,-1.0469,-0.1721,1.7652,-0.1001,0.3041,-0.1200
0.584,544,tripod,0.0000,0.0005,0.1347,-0.0000,0.0001,-0.0000,0.0000,0.0000,0.0000,-0.0000,0.0000,-0.0000,0.000,0.000,-0.0000,0.0001,-0.0000,0.0001,-0.0000,0.1200,0,0.1000,-0.3035,0.0147,1,2.29,0.310,0.352,0.008,,-1.0470,-0.1720,1.7653,0.1001,-0.3040,-0.1200,0.1001,0.3046,0.0147,1,2.28,0.332,0.366,0.008,,1.0470,-0.1720,1.7652,0.1000,0.3041,-0.1200,-0.0000,-0.3437,0.0147,1,2.01,0.005,0.478,0.196,,-0.0000,-0.1721,1.7642,-0.0000,-0.3442,-0.1200,-0.0000,0.3448,0.0147,1,1.97,0.011,0.476,0.202,,0.0001,-0.1721,1.7642,-0.0000,0.3442,-0.1200,-0.1001,-0.3035,0.0147,1,2.08,0.309,0.329,0.007,,1.0469,-0.1720,1.7653,-0.1001,-0.3040,-0.1200,-0.1001,0.3046,0.0147,1,2.03,0.322,0.333,0.019,,-1.0469,-0.1721,1.7652,-0.1001,0.3041,-0.1200
0.588,548,tripod,0.0000,0.0005,0.1347,-0.0000,0.0001,-0.0000,0.0000,0.0000,0.0000,-0.0000,0.0000,0.0000,0.000,0.000,-0.0000,0.0001,-0.0000,0.0001,-0.0000,0.1200,0,0.1000,-0.3035,0.0147,1,2.29,0.310,0.352,0.008,,-1.0470,-0.1720,1.7653,0.1001,-0.3040,-0.1200,0.1001,0.3046,0.0147,1,2.28,0.332,0.366,0.008,,1.0470,-0.1720,1.7652,0.1000,0.3041,-0.1200,-0.0000,-0.3437,0.0147,1,2.01,0.005,0.478,0.196,,-0.0000,-0.1721,1.7642,-0.0000,-0.3442,-0.1200,-0.0000,0.3448,0.0147,1,1.97,0.011,0.476,0.202,,0.0001,-0.1721,1.7642,-0.0000,0.3442,-0.1200,-0.1001,-0.3035,0.0147,1,2.08,0.309,0.329,0.007,,1.0469,-0.1720,1.7653,-0.1001,-0.3040,-0.1200,-0.1001,0.3046,0.0147,1,2.02,0.322,0.332,0.019,,-1.0469,-0.1721,1.7652,-0.1001,0.3041,-0.1200
0.593,552,tripod,0.0000,0.0005,0.1347,-0.0000,0.0001,-0.0000,0.0000,0.0000,0.0000,-0.0000,0.0000,0.0000,0.000,0.000,-0.0000,0.0001,-0.0000,0.0001,-0.0000,0.1200,0,0.1000,-0.3035,0.0147,1,2.30,0.310,0.352,0.008,,-1.0470,-0.1720,1.7653,0.1001,-0.3040,-0.1200,0.1001,0.3046,0.0147,1,2.28,0.332,0.366,0.008,,1.0470,-0.1720,1.7652,0.1000,0.3041,-0.1200,-0.0000,-0.3437,0.0147,1,2.01,0.005,0.478,0.196,,-0.0000,-0.1721,1.7642,-0.0000,-0.3442,-0.1200,-0.0000,0.3448,0.0147,1,1.97,0.011,0.476,0.202,,0.0001,-0.1721,1.7642,-0.0000,0.3442,-0.1200,-0.1001,-0.3035,0.0147,1,2.08,0.309,0.329,0.007,,1.0469,-0.1720,1.7653,-0.1001,-0.3040,-0.1200,-0.1001,0.3046,0.0147,1,2.02,0.322,0.332,0.019,,-1.0469,-0.1721,1.7652,-0.1001,0.3041,-0.1200
0.598,556,tripod,0.0000,0.0005,0.1347,-0.0000,0.0001,-0.0000,0.0000,0.0000,0.0000,-0.0000,0.0000,0.0000,0.000,0.000,-0.0000,0.0001,-0.0000,0.0001,-0.0000,0.1200,0,0.1000,-0.3035,0.0147,1,2.30,0.310,0.352,0.008,,-1.0470,-0.1720,1.7653,0.1001,-0.3040,-0.1200,0.1001,0.3046,0.0147,1,2.28,0.332,0.366,0.008,,1.0470,-0.1720,1.7652,0.1000,0.3041,-0.1200,-0.0000,-0.3437,0.0147,1,2.01,0.005,0.478,0.196,,-0.0000,-0.1721,1.7642,-0.0000,-0.3442,-0.1200,-0.0000,0.3448,0.0147,1,1.97,0.011,0.476,0.202,,0.0001,-0.1721,1.7642,-0.0000,0.3442,-0.1200,-0.1001,-0.3035,0.0147,1,2.08,0.309,0.329,0.007,,1.0469,-0.1720,1.7653,-0.1001,-0.3040,-0.1200,-0.1001,0.3046,0.0147,1,2.02,0.322,0.332,0.019,,-1.0469,-0.1721,1.7652,-0.1001,0.3041,-0.1200
0.603,560,tripod,0.0000,0.0005,0.1347,-0.0000,0.0001,-0.0000,0.0000,0.0000,0.0000,-0.0000,0.0000,0.0000,0.000,0.000,-0.0000,0.0001,-0.0000,0.0001,-0.0000,0.1200,0,0.1000,-0.3035,0.0147,1,2.30,0.310,0.352,0.008,,-1.0470,-0.1720,1.7653,0.1001,-0.3040,-0.1200,0.1001,0.3046,0.0147,1,2.28,0.332,0.367,0.008,,1.0470,-0.1720,1.7652,0.1000,0.3041,-0.1200,-0.0000,-0.3437,0.0147,1,2.01,0.005,0.478,0.197,,-0.0000,-0.1721,1.7642,-0.0000,-0.3442,-0.1200,-0.0000,0.3448,0.0147,1,1.97,0.011,0.476,0.202,,0.0001,-0.1721,1.7642,-0.0000,0.3442,-0.1200,-0.1001,-0.3035,0.0147,1,2.07,0.309,0.329,0.007,,1.0469,-0.1720,1.7653,-0.1001,-0.3040,-0.1200,-0.1001,0.3046,0.0147,1,2.02,0.322,0.332,0.019,,-1.0469,-0.1721,1.7652,-0.1001,0.3041,-0.1200
0.607,564,tripod,0.0000,0.0005,0.1347,-0.0000,0.0001,-0.0000,0.0000,0.0000,0.0000,-0.0000,0.0000,0.0000,0.000,0.000,-0.0000,0.0001,-0.0000,0.0001,-0.0000,0.1200,0,0.1000,-0.3035,0.0147,1,2.30,0.310,0.352,0.008,,-1.0470,-0.1720,1.7653,0.1001,-0.3040,-0.1200,0.1001,0.3046,0.0147,1,2.28,0.332,0.367,0.008,,1.0470,-0.1720,1.7652,0.1000,0.3041,-0.1200,-0.0000,-0.3437,0.0147,1,2.01,0.005,0.478,0.197,,-0.0000,-0.1721,1.7642,-0.0000,-0.3442,-0.1200,-0.0000,0.3448,0.0147,1,1.97,0.011,0.476,0.202,,0.0001,-0.1721,1.7642,-0.0000,0.3442,-0.1200,-0.1001,-0.3035,0.0147,1,2.07,0.309,0.329,0.007,,1.0469,-0.1720,1.7653,-0.1001,-0.3040,-0.1200,-0.1001,0.3046,0.0147,1,2.02,0.322,0.332,0.019,,-1.0469,-0.1721,1.7652,-0.1001,0.3041,-0.1200
0.611,568,tripod,0.0000,0.0005,0.1347,-0.0000,0.0001,-0.0000,0.0000,0.0000,0.0000,-0.0000,0.0000,0.0000,0.000,0.000,-0.0000,0.0001,-0.0000,0.0001,-0.0000,0.1200,0,0.1000,-0.3035,0.0147,1,2.30,0.310,0.353,0.008,,-1.0470,-0.1719,1.7653,0.1001,-0.3040,-0.1200,0.1001,0.3046,0.0147,1,2.28,0.332,0.367,0.008,,1.0470,-0.1720,1.7652,0.1000,0.3041,-0.1200,-0.0000,-0.3437,0.0147,1,2.01,0.005,0.478,0.197,,-0.0000,-0.1721,1.7642,-0.0000,-0.3442,-0.1200,-0.0000,0.3448,0.0147,1,1.97,0.011,0.476,0.202,,0.0001,-0.1721,1.7642,-0.0000,0.3442,-0.1200,-0.1001,-0.3035,0.0147,1,2.07,0.309,0.328,0.007,,1.0469,-0.1720,1.7653,-0.1001,-0.3040,-0.1200,-0.1001,0.3046,0.0147,1,2.02,0.322,0.332,0.019,,-1.0469,-0.1721,1.7652,-0.1001,0.3041,-0.1200
0.615,572,tripod,0.0000,0.0005,0.1347,-0.0000,0.0001,-0.0000,0.0000,0.0000,0.0000,-0.0000,0.0000,0.0000,0.000,0.000,-0.0000,0.0001,-0.0000,0.0001,-0.0000,0.1200,0,0.1000,-0.3035,0.0147,1,2.30,0.310,0.353,0.008,,-1.0470,-0.1719,1.7653,0.1001,-0.3040,-0.1200,0.1001,0.3046,0.0147,1,2.29,0.332,0.367,0.008,,1.0470,-0.1720,1.7652,0.1000,0.3041,-0.1200,-0.0000,-0.3437,0.0147,1,2.01,0.005,0.478,0.197,,-0.0000,-0.1721,1.7642,-0.0000,-0.3442,-0.1200,-0.0000,0.3448,0.0147,1,1.97,0.011,0.476,0.202,,0.0001,-0.1721,1.7642,-0.0000,0.3442,-0.1200,-0.1001,-0.3035,0.0147,1,2.07,0.309,0.328,0.007,,1.0469,-0.1720,1.7653,-0.1001,-0.3040,-0.1200,-0.1001,0.3046,0.0147,1,2.02,0.322,0.331,0.019,,-1.0469,-0.1721,1.7652,-0.1001,0.3041,-0.1200
0.619,576,tripod,0.0000,0.0005,0.1347,-0.0000,0.0001,-0.0000,0.0000,0.0000,0.0000,-0.0000,0.0000,0.0000,0.000,0.000,-0.0000,0.0001,-0.0000,0.0001,-0.0000,0.1200,0,0.1000,-0.3035,0.0147,1,2.30,0.310,0.353,0.008,,-1.0470,-0.1719,1.7653,0.1001,-0.3040,-0.1200,0.1001,0.3046,0.0147,1,2.29,0.332,0.367,0.008,,1.0470,-0.1720,1.7652,0.1000,0.3041,-0.1200,-0.0000,-0.3437,0.0147,1,2.01,0.005,0.478,0.197,,-0.0000,-0.1721,1.7642,-0.0000,-0.3442,-0.1200,-0.0000,0.3448,0.0147,1,1.97,0.011,0.476,0.202,,0.0001,-0.1721,1.7642,-0.0000,0.3442,-0.1200,-0.1001,-0.3035,0.0147,1,2.07,0.309,0.328,0.007,,1.0469,-0.1720,1.7653,-0.1001,-0.3040,-0.1200,-0.1001,0.3046,0.0147,1,2.02,0.322,0.331,0.019,,-1.0469,-0.1721,1.7652,-0.1001,0.3041,-0.1200
0.623,580,tripod,0.0000,0.0005,0.1347,-0.0000,0.0001,-0.0000,0.0000,0.0000,0.0000,-0.0000,0.0000,0.0000,0.000,0.000,-0.0000,0.0001,-0.0000,0.0001,-0.0000,0.1200,0,0.1000,-0.3035,0.0147,1,2.30,0.310,0.353,0.008,,-1.0470,-0.1719,1.7653,0.1001,-0.3040,-0.1200,0.1001,0.3046,0.0147,1,2.29,0.332,0.367,0.008,,1.0470,-0.1720,1.7652,0.1000,0.3041,-0.1200,-0.0000,-0.3437,0.0147,1,2.01,0.005,0.478,0.197,,-0.0000,-0.1721,1.7642,-0.0000,-0.3442,-0.1200,-0.0000,0.3448,0.0147,1,1.97,0.011,0.476,0.202,,0.0001,-0.1721,1.7642,-0.0000,0.3442,-0.1200,-0.1001,-0.3035,0.0147,1,2.07,0.309,0.328,0.007,,1.0469,-0.1720,1.7653,-0.1001,-0.3040,-0.1200,-0.1001,0.3046,0.0147,1,2.02,0.322,0.331,0.019,,-1.0469,-0.1721,1.7652,-0.1001,0.3041,-0.1200
0.627,584,tripod,0.0000,0.0005,0.1347,-0.0000,0.0001,-0.0000,0.0000,0.0000,0.0000,-0.0000,0.0000,0.0000,0.000,0.000,-0.0000,0.0001,-0.0000,0.0001,-0.0000,0.1200,0,0.1000,-0.3035,0.0147,1,2.30,0.310,0.353,0.008,,-1.0470,-0.1719,1.7653,0.1001,-0.3040,-0.1200,0.1001,0.3046,0.0147,1,2.29,0.332,0.367,0.008,,1.0470,-0.1720,1.7652,0.1000,0.3041,-0.1200,-0.0000,-0.3437,0.0147,1,2.01,0.005,0.478,0.197,,-0.0000,-0.1721,1.7642,-0.0000,-0.3442,-0.1200,-0.0000,0.3448,0.0147,1,1.97,0.011,0.476,0.202,,0.0001,-0.1721,1.7642,-0.0000,0.3442,-0.1200,-0.1001,-0.3035,0.0147,1,2.07,0.309,0.328,0.007,,1.0469,-0.1720,1.7653,-0.1001,-0.3040,-0.1200,-0.1001,0.3046,0.0147,1,2.02,0.322,0.331,0.019,,-1.0469,-0.1721,1.7652,-0.1001,0.3041,-0.1200
0.632,588,tripod,0.0000,0.0005,0.1347,-0.0000,0.0001,-0.0000,0.0000,0.0000,0.0000,-0.0000,0.0000,0.0000,0.000,0.000,-0.0000,0.0001,-0.0000,0.0001,-0.0000,0.1200,0,0.1000,-0.3035,0.0147,1,2.30,0.310,0.353,0.008,,-1.0470,-0.1719,1.7653,0.1001,-0.3040,-0.1200,0.1001,0.3046,0.0147,1,2.29,0.332,0.368,0.008,,1.0470,-0.1720,1.7652,0.1000,0.3041,-0.1200,-0.0000,-0.3437,0.0147,1,2.01,0.005,0.478,0.197,,-0.0000,-0.1721,1.7642,-0.0000,-0.3442,-0.1200,-0.0000,0.3448,0.0147,1,1.97,0.011,0.476,0.202,,0.0001,-0.1721,1.7642,-0.0000,0.3442,-0.1200,-0.1001,-0.3035,0.0147,1,2.07,0.309,0.328,0.007,,1.0469,-0.1720,1.7653,-0.1001,-0.3040,-0.1200,-0.1001,0.3046,0.0147,1,2.01,0.322,0.331,0.019,,-1.0469,-0.1721,1.7652,-0.1001,0.3041,-0.1200
0.637,592,tripod,0.0000,0.0005,0.1347,-0.0000,0.0001,-0.0000,0.0000,0.0000,0.0000,-0.0000,0.0000,0.0000,0.000,0.000,-0.0000,0.0001,-0.0000,0.0001,-0.0000,0.1200,0,0.1000,-0.3035,0.0147,1,2.31,0.310,0.354,0.008,,-1.0470,-0.1719,1.7653,0.1001,-0.3040,-0.1200,0.1001,0.3046,0.0147,1,2.29,0.332,0.368,0.008,,1.0470,-0.1720,1.7652,0.1000,0.3041,-0.1200,-0.0000,-0.3437,0.0147,1,2.01,0.005,0.478,0.197,,-0.0000,-0.1721,1.7642,-0.0000,-0.3442,-0.1200,-0.0000,0.3448,0.0147,1,1.97,0.011,0.476,0.202,,0.0001,-0.1721,1.7642,-0.0000,0.3442,-0.1200,-0.1001,-0.3035,0.0147,1,2.07,0.309,0.328,0.007,,1.0469,-0.1720,1.7653,-0.1001,-0.3040,-0.1200,-0.1001,0.3046,0.0147,1,2.01,0.322,0.331,0.019,,-1.0469,-0.1721,1.7652,-0.1001,0.3041,-0.1200
0.641,596,tripod,0.0000,0.0005,0.1347,-0.0000,0.0001,-0.0000,0.0000,0.0000,0.0000,-0.0000,0.0000,0.0000,0.000,0.000,-0.0000,0.0001,-0.0000,0.0001,-0.0000,0.1200,0,0.1000,-0.3035,0.0147,1,2.31,0.310,0.354,0.008,,-1.0470,-0.1719,1.7653,0.1001,-0.3040,-0.1200,0.1001,0.3046,0.0147,1,2.29,0.332,0.368,0.008,,1.0470,-0.1720,1.7652,0.1000,0.3041,-0.1200,-0.0000,-0.3437,0.0147,1,2.01,0.005,0.478,0.197,,-0.0000,-0.1721,1.7642,-0.0000,-0.3442,-0.1200,-0.0000,0.3448,0.0147,1,1.97,0.011,0.476,0.202,,0.0001,-0.1721,1.7642,-0.0000,0.3442,-0.1200,-0.1001,-0.3035,0.0147,1,2.06,0.309,0.327,0.007,,1.0469,-0.1720,1.7653,-0.1001,-0.3040,-0.1200,-0.1001,0.3046,0.0147,1,2.01,0.322,0.330,0.019,,-1.0469,-0.1721,1.7652,-0.1001,0.3041,-0.1200
0.645,600,tripod,0.0000,0.0005,0.1347,-0.0000,0.0001,-0.0000,0.0000,0.0000,0.0000,-0.0000,-0.0002,-0.0002,0.000,0.000,-0.0000,0.0001,-0.0000,0.0001,-0.0000,0.1200,0,0.1000,-0.3035,0.0147,1,2.31,0.310,0.354,0.008,,-1.0470,-0.1719,1.7653,0.1001,-0.3040,-0.1200,0.1001,0.3046,0.0147,1,2.29,0.333,0.368,0.008,,1.0470,-0.1720,1.7652,0.1000,0.3041,-0.1200,-0.0000,-0.3437,0.0147,1,2.01,0.005,0.478,0.197,,-0.0000,-0.1721,1.7642,-0.0000,-0.3442,-0.1200,-0.0000,0.3448,0.0147,1,1.97,0.009,0.476,0.202,,0.0001,-0.1721,1.7642,-0.0000,0.3442,-0.1200,-0.1001,-0.3035,0.0147,1,2.06,0.309,0.327,0.007,,1.0469,-0.1720,1.7653,-0.1001,-0.3040,-0.1200,-0.1001,0.3046,0.0147,1,2.01,0.324,0.330,0.019,,-1.0469,-0.1721,1.7653,-0.1001,0.3041,-0.1200
0.650,604,tripod,-0.0000,0.0006,0.1348,-0.0002,-0.0004,-0.0000,-0.0069,0.0049,0.0108,-0.0288,-0.0517,0.0016,0.000,0.000,-0.0000,0.0000,-0.0002,-0.0004,-0.0000,0.1200,0,0.1000,-0.3035,0.0148,1,6.69,0.023,1.111,0.002,,-1.0470,-0.1720,1.7652,0.1000,-0.3040,-0.1200,0.1000,0.3046,0.0147,1,0.00,0.001,0.035,0.000,,1.0470,-0.1719,1.7653,0.1000,0.3040,-0.1200,-0.0000,-0.3436,0.0148,1,0.00,0.001,0.035,0.001,,-0.0000,-0.1721,1.7644,-0.0000,-0.3442,-0.1200,-0.0000,0.3448,0.0147,1,1.59,0.147,0.345,0.129,,0.0000,-0.1721,1.7643,-0.0000,0.3442,-0.1200,-0.1001,-0.3035,0.0148,1,0.00,0.000,0.035,0.000,,1.0470,-0.1720,1.7654,-0.1001,-0.3040,-0.1200,-0.1001,0.3046,0.0147,1,4.80,0.175,0.703,0.108,,-1.0469,-0.1721,1.7653,-0.1001,0.3040,-0.1200
0.653,608,tripod,-0.0002,0.0007,0.1351,-0.0011,-0.0014,0.0000,-0.0093,0.0089,0.0234,-0.0607,-0.0633,0.0020,0.000,0.000,-0.0003,-0.0004,-0.0011,-0.0014,0.0000,0.1200,0,0.1000,-0.3035,0.0155,1,6.25,0.059,1.044,0.003,,-1.0470,-0.1721,1.7652,0.1000,-0.3041,-0.1200,0.1000,0.3046,0.0149,1,0.00,0.000,0.034,0.000,,1.0471,-0.1719,1.7653,0.1000,0.3040,-0.1200,-0.0000,-0.3436,0.0153,1,0.00,0.001,0.031,0.001,,0.0000,-0.1711,1.7639,0.0000,-0.3441,-0.1202,-0.0000,0.3447,0.0147,1,1.18,0.095,0.242,0.089,,0.0000,-0.1720,1.7645,-0.0000,0.3442,-0.1200,-0.1001,-0.3034,0.0152,1,0.00,0.001,0.033,0.000,,1.0470,-0.1717,1.7651,-0.1000,-0.3040,-0.1201,-0.1001,0.3046,0.0146,1,5.01,0.157,0.745,0.099,,-1.0470,-0.1720,1.7653,-0.1000,0.3040,-0.1200
0.657,612,tripod,-0.0004,0.0009,0.1356,-0.0023,-0.0024,0.0001,-0.0096,0.0118,0.0301,-0.0733,-0.0582,0.0017,0.000,0.000,-0.0009,-0.0011,-0.0023,-0.0024,0.0001,0.1203,0,0.1000,-0.3035,0.0164,1,6.04,0.044,1.019,0.013,,-1.0470,-0.1724,1.7654,0.1001,-0.3041,-0.1199,0.1000,0.3046,0.0150,1,0.00,0.001,0.034,0.000,,1.0470,-0.1714,1.7651,0.1000,0.3040,-0.1201,-0.0000,-0.3435,0.0153,1,0.00,0.001,0.026,0.007,,0.0001,-0.1658,1.7597,0.0000,-0.3441,-0.1211,-0.0001,0.3447,0.0147,1,1.05,0.091,0.208,0.074,,-0.0001,-0.1717,1.7647,0.0000,0.3441,-0.1201,-0.1001,-0.3034,0.0153,1,0.00,0.001,0.027,0.006,,1.0472,-0.1674,1.7616,-0.1000,-0.3040,-0.1208,-0.1001,0.3046,0.0146,1,5.02,0.144,0.751,0.096,,-1.0471,-0.1716,1.7651,-0.1000,0.3040,-0.1201
0.660,616,tripod,-0.0006,0.0011,0.1363,-0.0036,-0.0039,0.0001,-0.0142,0.0174,0.0560,-0.1091,-0.0824,-0.0013,0.000,0.000,-0.0018,-0.0020,-0.0036,-0.0039,0.0001,0.1209,0,0.1000,-0.3034,0.0178,1,0.00,0.008,0.049,0.001,,-1.0468,-0.1731,1.7657,0.1001,-0.3041,-0.1198,0.0999,0.3047,0.0149,1,6.58,0.294,1.098,0.014,,1.0468,-0.1677,1.7623,0.1001,0.3040,-0.1207,-0.0000,-0.3435,0.0150,1,5.33,0.077,0.807,0.098,,0.0003,-0.1571,1.7523,0.0001,-0.3442,-0.1226,-0.0001,0.3447,0.0149,1,0.00,0.008,0.025,0.001,,-0.0003,-0.1711,1.7646,0.0001,0.3440,-0.1202,-0.1001,-0.3034,0.0149,1,1.50,0.189,0.182,0.064,,1.0474,-0.1596,1.7549,-0.1000,-0.3041,-0.1221,-0.1001,0.3047,0.0146,1,0.00,0.009,0.022,0.000,,-1.0473,-0.1710,1.7649,-0.1000,0.3040,-0.1202
0.664,620,tripod,-0.0009,0.0014,0.1371,-0.0051,-0.0054,0.0001,-0.0149,0.0145,0.0427,-0.0753,-0.0758,-0.0008,0.000,0.000,-0.0030,-0.0032,-0.0051,-0.0054,0.0001,0.1215,0,0.0999,-0.3034,0.0194,1,0.00,0.002,0.030,0.001,,-1.0466,-0.1743,1.7664,0.1001,-0.3042,-0.1196,0.0999,0.3047,0.0148,1,4.77,0.071,0.778,0.019,,1.0466,-0.1644,1.7598,0.1001,0.3039,-0.1213,-0.0001,-0.3435,0.0149,1,3.42,0.021,0.604,0.035,,0.0006,-0.1489,1.7452,0.0001,-0.3442,-0.1240,-0.0001,0.3447,0.0150,1,0.00,0.002,0.033,0.000,,-0.0005,-0.1700,1.7642,0.0001,0.3440,-0.1204,-0.1001,-0.3034,0.0149,1,2.14,0.074,0.344,0.008,,1.0477,-0.1529,1.7490,-0.0999,-0.3042,-0.1233,-0.1001,0.3047,0.0147,1,1.44,0.121,0.226,0.010,,-1.0476,-0.1699,1.7644,-0.0999,0.3039,-0.1204
0.668,624,tripod,-0.0010,0.0016,0.1378,-0.0058,-0.0058,0.0001,-0.0066,0.0091,0.0357,-0.0291,-0.0142,0.0001,0.000,0.000,-0.0041,-0.0043,-0.0058,-0.0058,0.0001,0.1219,0,0.0999,-0.3033,0.0207,1,1.78,0.191,0.272,0.001,,-1.0463,-0.1760,1.7673,0.1002,-0.3042,-0.1193,0.0999,0.3047,0.0148,1,0.07,0.007,0.012,0.005,,1.0463,-0.1615,1.7582,0.1002,0.3038,-0.1218,-0.0001,-0.3435,0.0148,1,3.92,0.218,0.684,0.033,,0.0009,-0.1434,1.7400,0.0002,-0.3443,-0.1249,-0.0001,0.3448,0.0149,1,5.76,0.079,0.977,0.013,,-0.0009,-0.1666,1.7619,0.0002,0.3439,-0.1209,-0.1001,-0.3034,0.0149,1,0.23,0.037,0.023,0.002,,1.0480,-0.1482,1.7447,-0.0998,-0.3042,-0.1241,-0.1001,0.3047,0.0149,1,0.00,0.001,0.031,0.000,,-1.0480,-0.1687,1.7640,-0.0998,0.3038,-0.1206
0.673,628,tripod,-0.0012,0.0017,0.1383,-0.0062,-0.0069,0.0001,-0.0179,0.0091,0.0286,-0.0235,-0.0974,0.0018,0.000,0.000,-0.0048,-0.0050,-0.0062,-0.0069,0.0001,0.1223,0,0.0999,-0.3033,0.0218,1,4.10,0.242,0.678,0.011,,-1.0459,-0.1781,1.7684,0.1003,-0.3043,-0.1190,0.0999,0.3047,0.0149,1,0.00,0.001,0.031,0.001,,1.0459,-0.1594,1.7570,0.1003,0.3038,-0.1222,-0.0001,-0.3435,0.0148,1,0.00,0.001,0.027,0.005,,0.0013,-0.1395,1.7364,0.0003,-0.3444,-0.1256,-0.0001,0.3448,0.0148,1,5.69,0.097,0.940,0.013,,-0.0012,-0.1638,1.7601,0.0003,0.3438,-0.1214,-0.1001,-0.3034,0.0149,1,2.15,0.338,0.364,0.018,,1.0484,-0.1450,1.7415,-0.0997,-0.3043,-0.1247,-0.1001,0.3047,0.0150,1,0.00,0.001,0.031,0.000,,-1.0483,-0.1676,1.7636,-0.0997,0.3038,-0.1208
0.678,632,tripod,-0.0016,0.0019,0.1388,-0.0066,-0.0090,0.0001,-0.0248,0.0088,0.0248,-0.0214,-0.1440,0.0032,0.000,0.000,-0.0054,-0.0061,-0.0066,-0.0090,0.0001,0.1225,0,0.0999,-0.3033,0.0230,1,5.09,0.136,0.870,0.039,,-1.0456,-0.1804,1.7696,0.1004,-0.3044,-0.1186,0.0999,0.3047,0.0151,1,0.00,0.002,0.031,0.002,,1.0455,-0.1569,1.7555,0.1004,0.3037,-0.1226,-0.0001,-0.3434,0.0150,1,0.00,0.002,0.029,0.003,,0.0017,-0.1372,1.7340,0.0004,-0.3445,-0.1260,-0.0002,0.3448,0.0147,1,2.85,0.056,0.471,0.013,,-0.0016,-0.1617,1.7590,0.0004,0.3437,-0.1218,-0.1001,-0.3034,0.0149,1,1.00,0.160,0.151,0.004,,1.0489,-0.1430,1.7393,-0.0996,-0.3044,-0.1250,-0.1002,0.3047,0.0150,1,3.11,0.113,0.477,0.030,,-1.0487,-0.1667,1.7634,-0.0997,0.3037,-0.1209
0.682,636,tripod,-0.0022,0.0020,0.1392,-0.0068,-0.0122,0.0002,-0.0370,0.0060,0.0263,-0.0072,-0.2152,0.0022,0.000,0.000,-0.0058,-0.0079,-0.0068,-0.0122,0.0002,0.1227,0,0.0998,-0.3033,0.0242,1,2.98,0.416,0.510,0.042,,-1.0451,-0.1830,1.7711,0.1005,-0.3045,-0.1181,0.0998,0.3048,0.0149,1,3.30,0.140,0.535,0.015,,1.0450,-0.1517,1.7517,0.1005,0.3036,-0.1235,-0.0001,-0.3434,0.0150,1,0.00,0.002,0.027,0.005,,0.0022,-0.1339,1.7308,0.0005,-0.3445,-0.1266,-0.0002,0.3448,0.0148,1,0.00,0.007,0.032,0.001,,-0.0021,-0.1602,1.7584,0.0005,0.3437,-0.1220,-0.1001,-0.3033,0.0148,1,2.85,0.447,0.451,0.017,,1.0494,-0.1418,1.7378,-0.0995,-0.3045,-0.1252,-0.1002,0.3047,0.0149,1,2.70,0.103,0.431,0.002,,-1.0492,-0.1660,1.7633,-0.0995,0.3036,-0.1210
0.685,640,tripod,-0.0027,0.0022,0.1397,-0.0075,-0.0150,0.0002,-0.0297,0.0094,0.0247,-0.0338,-0.1386,-0.0018,0.000,0.000,-0.0062,-0.0103,-0.0075,-0.0150,0.0002,0.1229,0,0.0997,-0.3032,0.0257,1,0.00,0.006,0.032,0.003,,-1.0445,-0.1859,1.7731,0.1006,-0.3045,-0.1176,0.0998,0.3048,0.0148,1,3.40,0.166,0.550,0.014,,1.0444,-0.1479,1.7490,0.1006,0.3035,-0.1241,-0.0001,-0.3434,0.0149,1,5.44,0.014,0.893,0.032,,0.0029,-0.1290,1.7261,0.0007,-0.3446,-0.1274,-0.0003,0.3448,0.0150,1,0.00,0.005,0.032,0.000,,-0.0027,-0.1594,1.7583,0.0006,0.3436,-0.1222,-0.1001,-0.3033,0.0151,1,0.00,0.006,0.032,0.001,,1.0500,-0.1408,1.7366,-0.0994,-0.3045,-0.1254,-0.1003,0.3048,0.0149,1,3.01,0.183,0.418,0.077,,-1.0499,-0.1656,1.7635,-0.0994,0.3035,-0.1211
0.689,644,tripod,-0.0031,0.0023,0.1402,-0.0081,-0.0162,0.0002,-0.0116,0.0093,0.0322,-0.0325,0.0041,-0.0020,0.000,0.000,-0.0066,-0.0126,-0.0081,-0.0162,0.0002,0.1232,0,0.0996,-0.3032,0.0270,1,1.80,0.249,0.282,0.015,,-1.0438,-0.1891,1.7752,0.1008,-0.3046,-0.1171,0.0998,0.3048,0.0148,1,0.00,0.005,0.030,0.002,,1.0436,-0.1456,1.7475,0.1008,0.3035,-0.1245,-0.0001,-0.3434,0.0150,1,0.00,0.004,0.027,0.004,,0.0038,-0.1259,1.7230,0.0009,-0.3447,-0.1280,-0.0003,0.3448,0.0149,1,5.56,0.026,0.907,0.035,,-0.0035,-0.1574,1.7571,0.0008,0.3435,-0.1225,-0.1002,-0.3033,0.0149,1,4.49,0.240,0.689,0.079,,1.0509,-0.1367,1.7326,-0.0992,-0.3046,-0.1261,-0.1003,0.3048,0.0149,1,0.00,0.005,0.033,0.000,,-1.0506,-0.1652,1.7636,-0.0992,0.3035,-0.1212
0.693,648,tripod,-0.0033,0.0025,0.1406,-0.0086,-0.0165,0.0002,-0.0144,0.0085,0.0223,-0.0322,-0.0387,0.0051,0.000,0.000,-0.0071,-0.0139,-0.0086,-0.0165,0.0002,0.1234,0,0.0996,-0.3032,0.0283,1,3.99,0.286,0.686,0.054,,-1.0430,-0.1927,1.7775,0.1010,-0.3047,-0.1165,0.0998,0.3048,0.0149,1,0.00,0.001,0.032,0.000,,1.0428,-0.1443,1.7469,0.1010,0.3034,-0.1248,-0.0000,-0.3434,0.0150,1,0.00,0.000,0.027,0.006,,0.0046,-0.1222,1.7194,0.0011,-0.3447,-0.1286,-0.0003,0.3448,0.0148,1,5.65,0.096,0.940,0.005,,-0.0043,-0.1553,1.7558,0.0010,0.3434,-0.1229,-0.1001,-0.3033,0.0149,1,2.24,0.351,0.348,0.024,,1.0517,-0.1331,1.7291,-0.0990,-0.3047,-0.1267,-0.1003,0.3048,0.0151,1,0.00,0.001,0.032,0.001,,-1.0514,-0.1641,1.7632,-0.0990,0.3034,-0.1213
0.696,652,tripod,-0.0033,0.0026,0.1411,-0.0094,-0.0157,0.0002,-0.0006,0.0098,0.0281,-0.0400,0.0595,0.0015,0.000,0.000,-0.0077,-0.0144,-0.0094,-0.0157,0.0002,0.1237,0,0.0996,-0.3031,0.0296,1,4.22,0.199,0.700,0.020,,-1.0424,-0.1965,1.7800,0.1011,-0.3047,-0.1158,0.0998,0.3048,0.0150,1,0.00,0.002,0.033,0.001,,1.0421,-0.1436,1.7468,0.1012,0.3033,-0.1249,-0.0000,-0.3434,0.0149,1,1.45,0.230,0.221,0.015,,0.0055,-0.1172,1.7147,0.0013,-0.3448,-0.1295,-0.0003,0.3448,0.0149,1,0.00,0.003,0.032,0.000,,-0.0050,-0.1542,1.7553,0.0011,0.3434,-0.1231,-0.1001,-0.3033,0.0152,1,0.00,0.002,0.028,0.004,,1.0525,-0.1300,1.7260,-0.0988,-0.3047,-0.1273,-0.1003,0.3048,0.0149,1,6.11,0.058,0.975,0.058,,-1.0521,-0.1609,1.7609,-0.0989,0.3033,-0.1219
0.700,656,tripod,-0.0035,0.0028,0.1416,-0.0100,-0.0157,0.0003,-0.0054,0.0138,0.0324,-0.0615,0.0195,-0.0028,0.000,0.000,-0.0082,-0.0144,-0.0100,-0.0157,0.0003,0.1240,0,0.0996,-0.3031,0.0309,1,0.00,0.003,0.034,0.004,,-1.0418,-0.2003,1.7826,0.1012,-0.3048,-0.1152,0.0998,0.3048,0.0149,1,4.61,0.109,0.701,0.080,,1.0415,-0.1413,1.7454,0.1013,0.3033,-0.1253,0.0000,-0.3433,0.0151,1,0.00,0.003,0.028,0.004,,0.0061,-0.1142,1.7117,0.0014,-0.3449,-0.1300,-0.0003,0.3448,0.0150,1,0.00,0.003,0.033,0.001,,-0.0056,-0.1533,1.7551,0.0013,0.3433,-0.1232,-0.1000,-0.3033,0.0149,1,5.93,0.022,0.915,0.108,,1.0532,-0.1242,1.7205,-0.0986,-0.3048,-0.1283,-0.1003,0.3048,0.0148,1,1.44,0.039,0.178,0.047,,-1.0527,-0.1588,1.7596,-0.0987,0.3033,-0.1223
0.704,660,tripod,-0.0035,0.0030,0.1421,-0.0107,-0.0154,0.0003,-0.0057,0.0092,0.0231,-0.0330,0.0015,-0.0011,0.000,0.000,-0.0089,-0.0142,-0.0107,-0.0154,0.0003,0.1242,0,0.0996,-0.3030,0.0323,1,2.94,0.418,0.469,0.014,,-1.0414,-0.2044,1.7854,0.1013,-0.3048,-0.1145,0.0998,0.3048,0.0150,1,0.00,0.002,0.032,0.000,,1.0411,-0.1402,1.7449,0.1014,0.3032,-0.1255,0.0000,-0.3433,0.0151,1,0.00,0.005,0.026,0.007,,0.0066,-0.1097,1.7073,0.0015,-0.3449,-0.1308,-0.0003,0.3449,0.0149,1,5.44,0.118,0.912,0.009,,-0.0060,-0.1511,1.7538,0.0014,0.3432,-0.1236,-0.1000,-0.3033,0.0148,1,3.40,0.523,0.482,0.103,,1.0537,-0.1198,1.7162,-0.0985,-0.3049,-0.1290,-0.1003,0.3048,0.0149,1,0.00,0.002,0.032,0.000,,-1.0532,-0.1578,1.7593,-0.0986,0.3032,-0.1224
0.708,664,tripod,-0.0036,0.0032,0.1425,-0.0116,-0.0155,0.0002,-0.0089,0.0125,0.0216,-0.0494,-0.0290,-0.0023,0.000,0.000,-0.0095,-0.0141,-0.0116,-0.0155,0.0002,0.1244,0,0.0995,-0.3030,0.0337,1,0.00,0.003,0.036,0.004,,-1.0412,-0.2088,1.7883,0.1014,-0.3049,-0.1137,0.0998,0.3049,0.0150,1,2.75,0.142,0.385,0.070,,1.0407,-0.1392,1.7446,0.1015,0.3031,-0.1256,0.0000,-0.3433,0.0149,1,5.68,0.130,0.880,0.098,,0.0070,-0.1044,1.7021,0.0016,-0.3450,-0.1317,-0.0003,0.3449,0.0148,1,3.43,0.024,0.496,0.075,,-0.0063,-0.1500,1.7533,0.0014,0.3432,-0.1238,-0.1000,-0.3033,0.0151,1,0.00,0.002,0.028,0.003,,1.0540,-0.1175,1.7137,-0.0984,-0.3050,-0.1294,-0.1003,0.3049,0.0150,1,0.00,0.002,0.031,0.001,,-1.0535,-0.1577,1.7597,-0.0986,0.3031,-0.1224
0.712,668,tripod,-0.0037,0.0034,0.1428,-0.0122,-0.0156,0.0002,0.0042,0.0121,0.0203,-0.0520,0.0599,-0.0029,0.000,0.000,-0.0102,-0.0141,-0.0122,-0.0156,0.0002,0.1245,0,0.0995,-0.3029,0.0350,1,0.89,0.107,0.111,0.019,,-1.0410,-0.2134,1.7914,0.1014,-0.3049,-0.1129,0.0998,0.3049,0.0150,1,1.75,0.163,0.363,0.091,,1.0405,-0.1385,1.7445,0.1015,0.3030,-0.1257,0.0001,-0.3433,0.0148,1,0.00,0.015,0.057,0.004,,0.0073,-0.1015,1.6990,0.0017,-0.3451,-0.1322,-0.0003,0.3449,0.0149,1,0.00,0.025,0.021,0.001,,-0.0066,-0.1498,1.7536,0.0015,0.3431,-0.1238,-0.1000,-0.3033,0.0150,1,7.78,0.217,1.038,0.287,,1.0543,-0.1138,1.7099,-0.0984,-0.3051,-0.1301,-0.1003,0.3049,0.0149,1,4.85,0.102,0.821,0.020,,-1.0537,-0.1561,1.7588,-0.0985,0.3031,-0.1227
0.717,672,tripod,-0.0036,0.0036,0.1431,-0.0130,-0.0149,0.0003,0.0019,0.0107,0.0108,-0.0450,0.0230,0.0021,0.000,0.000,-0.0109,-0.0139,-0.0130,-0.0149,0.0003,0.1245,0,0.0995,-0.3029,0.0363,1,4.24,0.208,0.747,0.085,,-1.0408,-0.2182,1.7945,0.1015,-0.3050,-0.1121,0.0998,0.3049,0.0150,1,0.99,0.013,0.146,0.012,,1.0403,-0.1387,1.7451,0.1016,0.3030,-0.1257,0.0001,-0.3433,0.0151,1,0.00,0.000,0.030,0.002,,0.0075,-0.1000,1.6972,0.0017,-0.3452,-0.1325,-0.0003,0.3449,0.0149,1,0.00,0.001,0.034,0.002,,-0.0068,-0.1502,1.7545,0.0015,0.3430,-0.1237,-0.1000,-0.3033,0.0149,1,1.65,0.256,0.229,0.042,,1.0546,-0.1102,1.7063,-0.0983,-0.3051,-0.1307,-0.1003,0.3049,0.0148,1,5.15,0.077,0.825,0.035,,-1.0539,-0.1552,1.7586,-0.0985,0.3030,-0.1229
0.721,676,tripod,-0.0036,0.0038,0.1432,-0.0139,-0.0148,0.0003,0.0010,0.0181,0.0164,-0.0851,0.0201,-0.0028,0.000,0.000,-0.0115,-0.0136,-0.0139,-0.0148,0.0003,0.1245,0,0.0995,-0.3028,0.0376,1,0.00,0.007,0.041,0.006,,-1.0407,-0.2232,1.7978,0.1015,-0.3051,-0.1113,0.0998,0.3049,0.0150,1,1.13,0.028,0.224,0.076,,1.0402,-0.1395,1.7463,0.1016,0.3029,-0.1256,0.0001,-0.3433,0.0149,1,6.69,0.046,0.946,0.210,,0.0077,-0.0960,1.6931,0.0018,-0.3452,-0.1332,-0.0003,0.3449,0.0150,1,0.81,0.094,0.127,0.030,,-0.0069,-0.1512,1.7559,0.0016,0.3429,-0.1235,-0.0999,-0.3033,0.0150,1,0.00,0.006,0.037,0.002,,1.0547,-0.1087,1.7044,-0.0983,-0.3052,-0.1310,-0.1003,0.3049,0.0147,1,4.93,0.048,0.709,0.125,,-1.0540,-0.1553,1.7590,-0.0985,0.3029,-0.1229
0.725,680,tripod,-0.0036,0.0040,0.1434,-0.0151,-0.0145,0.0003,0.0009,0.0135,0.0058,-0.0610,0.0046,0.0010,0.000,0.000,-0.0124,-0.0134,-0.0151,-0.0145,0.0003,0.1245,0,0.0995,-0.3027,0.0389,1,3.02,0.406,0.556,0.116,,-1.0407,-0.2282,1.8011,0.1015,-0.3052,-0.1104,0.0998,0.3049,0.0149,1,0.50,0.045,0.089,0.046,,1.0401,-0.1406,1.7478,0.1016,0.3028,-0.1254,0.0001,-0.3433,0.0149,1,2.85,0.419,0.348,0.144,,0.0078,-0.0923,1.6892,0.0018,-0.3453,-0.1338,-0.0003,0.3449,0.0149,1,0.80,0.033,0.089,0.013,,-0.0069,-0.1526,1.7576,0.0016,0.3428,-0.1233,-0.0999,-0.3033,0.0151,1,0.00,0.000,0.028,0.005,,1.0548,-0.1054,1.7009,-0.0982,-0.3053,-0.1315,-0.1003,0.3050,0.0147,1,4.91,0.074,0.757,0.067,,-1.0540,-0.1559,1.7601,-0.0984,0.3029,-0.1227
0.729,684,tripod,-0.0035,0.0043,0.1436,-0.0165,-0.0139,0.0003,0.0066,0.0183,0.0112,-0.0821,0.0491,-0.0033,0.000,0.000,-0.0134,-0.0131,-0.0165,-0.0139,0.0003,0.1244,0,0.0995,-0.3027,0.0404,1,0.00,0.002,0.036,0.004,,-1.0407,-0.2334,1.8044,0.1015,-0.3052,-0.1095,0.0998,0.3050,0.0149,1,4.01,0.013,0.561,0.108,,1.0401,-0.1420,1.7495,0.1016,0.3027,-0.1251,0.0001,-0.3433,0.0152,1,0.00,0.002,0.030,0.003,,0.0079,-0.0903,1.6867,0.0018,-0.3454,-0.1342,-0.0003,0.3450,0.0149,1,1.88,0.033,0.167,0.139,,-0.0069,-0.1540,1.7594,0.0016,0.3427,-0.1231,-0.0999,-0.3033,0.0149,1,6.01,0.063,0.871,0.176,,1.0549,-0.1002,1.6956,-0.0982,-0.3054,-0.1325,-0.1003,0.3050,0.0147,1,0.31,0.026,0.007,0.027,,-1.0540,-0.1569,1.7615,-0.0984,0.3028,-0.1226
0.733,688,tripod,-0.0035,0.0046,0.1437,-0.0177,-0.0135,0.0002,0.0006,0.0193,0.0134,-0.0918,0.0030,-0.0031,0.000,0.000,-0.0145,-0.0126,-0.0177,-0.0135,0.0002,0.1244,0,0.0995,-0.3026,0.0417,1,0.00,0.008,0.069,0.006,,-1.0408,-0.2385,1.8076,0.1015,-0.3053,-0.1086,0.0998,0.3050,0.0149,1,1.82,0.058,0.364,0.095,,1.0402,-0.1433,1.7512,0.1016,0.3026,-0.1249,0.0002,-0.3433,0.0150,1,10.08,0.047,1.214,0.529,,0.0079,-0.0859,1.6820,0.0018,-0.3456,-0.1349,-0.0003,0.3450,0.0149,1,3.10,0.049,0.532,0.030,,-0.0068,-0.1555,1.7612,0.0016,0.3426,-0.1228,-0.0999,-0.3033,0.0148,1,0.00,0.008,0.064,0.005,,1.0549,-0.0970,1.6922,-0.0982,-0.3055,-0.1330,-0.1003,0.3050,0.0147,1,3.14,0.005,0.514,0.002,,-1.0540,-0.1581,1.7632,-0.0985,0.3027,-0.1224
0.737,692,tripod,-0.0035,0.0049,0.1439,-0.0190,-0.0135,0.0002,0.0008,0.0159,0.0054,-0.0616,0.0008,-0.0025,0.000,0.000,-0.0157,-0.0123,-0.0190,-0.0135,0.0002,0.1243,0,0.0994,-0.3025,0.0431,1,0.04,0.005,0.026,0.006,,-1.0409,-0.2437,1.8108,0.1014,-0.3054,-0.1078,0.0998,0.3050,0.0149,1,1.28,0.069,0.164,0.025,,1.0403,-0.1446,1.7530,0.1016,0.3025,-0.1247,0.0002,-0.3433,0.0149,1,5.85,0.090,0.717,0.301,,0.0078,-0.0818,1.6776,0.0018,-0.3457,-0.1357,-0.0003,0.3450,0.0149,1,2.57,0.044,0.328,0.096,,-0.0067,-0.1568,1.7631,0.0015,0.3425,-0.1226,-0.0999,-0.3033,0.0151,1,0.00,0.001,0.030,0.002,,1.0548,-0.0954,1.6899,-0.0982,-0.3056,-0.1333,-0.1003,0.3050,0.0147,1,2.34,0.021,0.289,0.095,,-1.0539,-0.1593,1.7650,-0.0985,0.3026,-0.1221
0.741,696,tripod,-0.0034,0.0052,0.1440,-0.0201,-0.0132,0.0002,0.0062,0.0183,0.0106,-0.0720,0.0383,-0.0029,0.000,0.000,-0.0167,-0.0122,-0.0201,-0.0132,0.0002,0.1242,0,0.0994,-0.3024,0.0444,1,0.00,0.003,0.036,0.004,,-1.0410,-0.2488,1.8138,0.1014,-0.3055,-0.1069,0.0998,0.3050,0.0148,1,3.35,0.066,0.425,0.133,,1.0404,-0.1458,1.7547,0.1015,0.3024,-0.1245,0.0002,-0.3433,0.0150,1,0.00,0.003,0.030,0.004,,0.0078,-0.0798,1.6749,0.0018,-0.3458,-0.1360,-0.0003,0.3450,0.0148,1,2.82,0.009,0.286,0.191,,-0.0066,-0.1580,1.7648,0.0015,0.3424,-0.1224,-0.0999,-0.3033,0.0149,1,6.12,0.216,0.844,0.225,,1.0548,-0.0914,1.6855,-0.0982,-0.3058,-0.1340,-0.1003,0.3051,0.0147,1,0.00,0.001,0.035,0.003,,-1.0538,-0.1605,1.7667,-0.0985,0.3024,-0.1219
0.744,700,tripod,-0.0034,0.0054,0.1441,-0.0211,-0.0130,0.0002,0.0017,0.0142,0.0048,-0.0533,-0.0007,0.0005,0.000,0.000,-0.0178,-0.0119,-0.0211,-0.0130,0.0002,0.1241,0,0.0994,-0.3023,0.0457,1,3.28,0.426,0.605,0.134,,-1.0411,-0.2538,1.8168,0.1014,-0.3056,-0.1061,0.0998,0.3051,0.0148,1,1.38,0.052,0.215,0.014,,1.0405,-0.1469,1.7564,0.1015,0.3023,-0.1243,0.0002,-0.3433,0.0151,1,0.00,0.000,0.028,0.005,,0.0077,-0.0772,1.6716,0.0018,-0.3459,-0.1365,-0.0003,0.3451,0.0148,1,3.22,0.008,0.455,0.081,,-0.0065,-0.1591,1.7665,0.0015,0.3423,-0.1222,-0.0999,-0.3032,0.0148,1,3.16,0.243,0.258,0.301,,1.0547,-0.0884,1.6820,-0.0983,-0.3059,-0.1345,-0.1003,0.3051,0.0148,1,1.15,0.010,0.153,0.011,,-1.0537,-0.1617,1.7683,-0.0985,0.3023,-0.1217
0.749,704,tripod,-0.0034,0.0057,0.1443,-0.0222,-0.0131,0.0002,0.0003,0.0162,0.0082,-0.0606,-0.0044,-0.0020,0.000,0.000,-0.0188,-0.0118,-0.0222,-0.0131,0.0002,0.1240,0,0.0994,-0.3022,0.0470,1,1.75,0.243,0.317,0.086,,-1.0412,-0.2586,1.8196,0.1014,-0.3057,-0.1052,0.0998,0.3051,0.0148,1,0.92,0.055,0.100,0.026,,1.0406,-0.1478,1.7579,0.1015,0.3022,-0.1241,0.0002,-0.3433,0.0149,1,4.29,0.119,0.421,0.336,,0.0077,-0.0732,1.6672,0.0018,-0.3460,-0.1372,-0.0003,0.3451,0.0147,1,3.92,0.023,0.518,0.144,,-0.0064,-0.1601,1.7681,0.0015,0.3422,-0.1220,-0.0999,-0.3033,0.0151,1,0.00,0.001,0.030,0.003,,1.0547,-0.0870,1.6798,-0.0983,-0.3060,-0.1348,-0.1003,0.3051,0.0148,1,1.30,0.016,0.121,0.077,,-1.0536,-0.1628,1.7700,-0.0986,0.3022,-0.1215
0.754,708,tripod,-0.0034,0.0060,0.1444,-0.0232,-0.0133,0.0002,0.0032,0.0195,0.0154,-0.0778,0.0212,-0.0031,0.000,0.000,-0.0197,-0.0118,-0.0232,-0.0133,0.0002,0.1240,0,0.0993,-0.3021,0.0483,1,0.00,0.011,0.036,0.004,,-1.0413,-0.2633,1.8221,0.1014,-0.3058,-0.1044,0.0998,0.3051,0.0149,1,1.85,0.120,0.229,0.061,,1.0407,-0.1487,1.7594,0.1015,0.3021,-0.1240,0.0002,-0.3433,0.0149,1,0.00,0.009,0.033,0.003,,0.0076,-0.0710,1.6641,0.0018,-0.3462,-0.1375,-0.0003,0.3451,0.0147,1,4.44,0.037,0.571,0.182,,-0.0063,-0.1610,1.7695,0.0014,0.3421,-0.1218,-0.0999,-0.3033,0.0149,1,7.03,0.349,0.895,0.334,,1.0546,-0.0836,1.6758,-0.0983,-0.3062,-0.1353,-0.1003,0.3052,0.0148,1,0.00,0.008,0.041,0.001,,-1.0535,-0.1638,1.7714,-0.0986,0.3021,-0.1214
0.758,712,tripod,-0.0033,0.0062,0.1446,-0.0243,-0.0132,0.0002,0.0008,0.0147,0.0101,-0.0592,-0.0023,0.0003,0.000,0.000,-0.0207,-0.0119,-0.0243,-0.0132,0.0002,0.1240,0,0.0993,-0.3020,0.0496,1,3.68,0.381,0.691,0.164,,-1.0414,-0.2678,1.8246,0.1013,-0.3059,-0.1037,0.0998,0.3051,0.0149,1,0.50,0.057,0.076,0.030,,1.0408,-0.1495,1.7608,0.1015,0.3020,-0.1238,0.0002,-0.3434,0.0151,1,0.00,0.001,0.027,0.006,,0.0076,-0.0682,1.6605,0.0018,-0.3464,-0.1380,-0.0003,0.3451,0.0147,1,4.53,0.011,0.660,0.106,,-0.0062,-0.1617,1.7708,0.0014,0.3420,-0.1217,-0.0999,-0.3033,0.0149,1,2.70,0.194,0.218,0.257,,1.0546,-0.0800,1.6716,-0.0983,-0.3063,-0.1360,-0.1003,0.3052,0.0148,1,0.68,0.001,0.080,0.001,,-1.0534,-0.1646,1.7728,-0.0986,0.3020,-0.1212
0.761,716,tripod,-0.0033,0.0066,0.1449,-0.0256,-0.0133,0.0002,-0.0003,0.0201,0.0167,-0.0751,-0.0005,-0.0023,0.000,0.000,-0.0217,-0.0119,-0.0256,-0.0133,0.0002,0.1240,0,0.0993,-0.3019,0.0510,1,0.00,0.002,0.035,0.003,,-1.0415,-0.2722,1.8270,0.1013,-0.3059,-0.1029,0.0998,0.3052,0.0149,1,0.24,0.033,0.002,0.008,,1.0408,-0.1502,1.7622,0.1014,0.3018,-0.1237,0.0002,-0.3434,0.0149,1,6.11,0.070,0.695,0.381,,0.0076,-0.0628,1.6547,0.0018,-0.3465,-0.1390,-0.0003,0.3452,0.0146,1,5.43,0.008,0.685,0.263,,-0.0062,-0.1623,1.7721,0.0014,0.3418,-0.1216,-0.0999,-0.3033,0.0151,1,0.00,0.001,0.030,0.004,,1.0546,-0.0777,1.6685,-0.0983,-0.3065,-0.1364,-0.1003,0.3053,0.0148,1,0.42,0.015,0.006,0.035,,-1.0533,-0.1653,1.7741,-0.0986,0.3019,-0.1211
0.766,720,tripod,-0.0033,0.0069,0.1452,-0.0268,-0.0131,0.0002,0.0059,0.0194,0.0193,-0.0708,0.0438,-0.0032,0.000,0.000,-0.0228,-0.0119,-0.0268,-0.0131,0.0002,0.1241,0,0.0993,-0.3018,0.0524,1,0.38,0.025,0.057,0.039,,-1.0415,-0.2765,1.8293,0.1013,-0.3060,-0.1022,0.0998,0.3052,0.0149,1,1.53,0.144,0.129,0.112,,1.0409,-0.1507,1.7634,0.1014,0.3017,-0.1236,0.0002,-0.3434,0.0149,1,0.00,0.005,0.026,0.006,,0.0076,-0.0593,1.6503,0.0018,-0.3466,-0.1396,-0.0003,0.3452,0.0146,1,4.48,0.150,0.515,0.257,,-0.0061,-0.1626,1.7733,0.0014,0.3417,-0.1215,-0.0998,-0.3033,0.0149,1,5.77,0.201,0.699,0.321,,1.0546,-0.0728,1.6631,-0.0983,-0.3066,-0.1372,-0.1003,0.3053,0.0148,1,0.00,0.006,0.037,0.002,,-1.0533,-0.1659,1.7753,-0.0986,0.3018,-0.1210
0.769,724,tripod,-0.0033,0.0071,0.1454,-0.0278,-0.0129,0.0001,0.0003,0.0135,0.0135,-0.0561,-0.0047,0.0008,0.000,0.000,-0.0238,-0.0118,-0.0278,-0.0129,0.0001,0.1241,0,0.0993,-0.3017,0.0537,1,3.77,0.373,0.738,0.212,,-1.0416,-0.2806,1.8314,0.1013,-0.3061,-0.1015,0.0998,0.3052,0.0149,1,0.10,0.001,0.007,0.013,,1.0409,-0.1510,1.7645,0.1014,0.3016,-0.1235,0.0002,-0.3434,0.0151,1,0.00,0.001,0.028,0.006,,0.0076,-0.0563,1.6464,0.0018,-0.3468,-0.1401,-0.0003,0.3452,0.0145,1,5.65,0.025,0.842,0.117,,-0.0061,-0.1629,1.7742,0.0014,0.3416,-0.1215,-0.0998,-0.3033,0.0149,1,2.56,0.182,0.215,0.235,,1.0547,-0.0690,1.6585,-0.0983,-0.3068,-0.1379,-0.1003,0.3053,0.0149,1,0.00,0.002,0.035,0.003,,-1.0533,-0.1663,1.7764,-0.0986,0.3017,-0.1209
0.773,728,tripod,-0.0033,0.0075,0.1458,-0.0290,-0.0130,0.0001,-0.0005,0.0195,0.0193,-0.0670,-0.0018,-0.0025,0.000,0.000,-0.0248,-0.0117,-0.0290,-0.0130,0.0001,0.1242,0,0.0992,-0.3016,0.0550,1,0.50,0.058,0.076,0.039,,-1.0416,-0.2846,1.8335,0.1013,-0.3062,-0.1008,0.0998,0.3052,0.0149,1,0.00,0.001,0.034,0.002,,1.0410,-0.1514,1.7655,0.1014,0.3015,-0.1235,0.0002,-0.3434,0.0149,1,5.50,0.034,0.575,0.396,,0.0077,-0.0511,1.6406,0.0018,-0.3470,-0.1410,-0.0003,0.3453,0.0145,1,5.92,0.038,0.724,0.314,,-0.0060,-0.1630,1.7752,0.0014,0.3415,-0.1215,-0.0998,-0.3034,0.0151,1,0.00,0.001,0.029,0.004,,1.0546,-0.0664,1.6550,-0.0983,-0.3069,-0.1384,-0.1003,0.3054,0.0150,1,0.00,0.001,0.034,0.002,,-1.0532,-0.1667,1.7775,-0.0986,0.3016,-0.1208
0.777,732,tripod,-0.0033,0.0078,0.1461,-0.0301,-0.0128,0.0001,0.0064,0.0193,0.0224,-0.0695,0.0466,-0.0033,0.000,0.000,-0.0258,-0.0117,-0.0301,-0.0128,0.0001,0.1243,0,0.0992,-0.3014,0.0563,1,1.01,0.063,0.208,0.106,,-1.0417,-0.2885,1.8356,0.1013,-0.3063,-0.1002,0.0998,0.3053,0.0150,1,0.96,0.006,0.037,0.107,,1.0410,-0.1516,1.7665,0.1014,0.3014,-0.1234,0.0002,-0.3435,0.0150,1,0.00,0.004,0.026,0.006,,0.0077,-0.0475,1.6361,0.0018,-0.3471,-0.1417,-0.0003,0.3453,0.0144,1,4.96,0.069,0.577,0.279,,-0.0060,-0.1630,1.7760,0.0014,0.3413,-0.1215,-0.0998,-0.3034,0.0149,1,5.06,0.155,0.535,0.365,,1.0547,-0.0614,1.6494,-0.0983,-0.3071,-0.1392,-0.1003,0.3054,0.0150,1,0.00,0.004,0.036,0.002,,-1.0532,-0.1669,1.7785,-0.0986,0.3015,-0.1208
0.781,736,tripod,-0.0032,0.0080,0.1465,-0.0309,-0.0122,0.0001,0.0031,0.0118,0.0219,-0.0359,0.0193,-0.0005,0.000,0.000,-0.0268,-0.0115,-0.0309,-0.0122,0.0001,0.1244,0,0.0992,-0.3014,0.0576,1,5.78,0.062,1.073,0.204,,-1.0417,-0.2924,1.8374,0.1013,-0.3064,-0.0995,0.0998,0.3053,0.0150,1,0.00,0.003,0.037,0.002,,1.0411,-0.1518,1.7674,0.1014,0.3013,-0.1234,0.0002,-0.3435,0.0150,1,0.00,0.002,0.025,0.008,,0.0077,-0.0437,1.6313,0.0018,-0.3473,-0.1423,-0.0003,0.3453,0.0145,1,0.00,0.003,0.036,0.002,,-0.0059,-0.1630,1.7767,0.0013,0.3412,-0.1215,-0.0998,-0.3034,0.0149,1,0.00,0.002,0.024,0.007,,1.0547,-0.0575,1.6446,-0.0983,-0.3073,-0.1399,-0.1003,0.3055,0.0149,1,6.23,0.037,1.070,0.031,,-1.0531,-0.1651,1.7776,-0.0987,0.3014,-0.1211
0.785,740,tripod,-0.0031,0.0083,0.1470,-0.0319,-0.0120,0.0001,-0.0032,0.0161,0.0277,-0.0405,-0.0251,-0.0011,0.000,0.000,-0.0277,-0.0111,-0.0319,-0.0120,0.0001,0.1247,0,0.0992,-0.3012,0.0590,1,1.26,0.153,0.241,0.097,,-1.0418,-0.2961,1.8394,0.1012,-0.3065,-0.0989,0.0998,0.3053,0.0149,1,3.53,0.025,0.448,0.151,,1.0411,-0.1498,1.7666,0.1014,0.3011,-0.1237,0.0002,-0.3435,0.0149,1,4.22,0.050,0.424,0.320,,0.0076,-0.0385,1.6253,0.0018,-0.3475,-0.1433,-0.0003,0.3454,0.0147,1,0.00,0.000,0.033,0.002,,-0.0059,-0.1630,1.7773,0.0013,0.3412,-0.1215,-0.0998,-0.3034,0.0152,1,0.00,0.001,0.028,0.006,,1.0546,-0.0542,1.6404,-0.0983,-0.3074,-0.1405,-0.1003,0.3055,0.0148,1,2.82,0.043,0.309,0.169,,-1.0531,-0.1633,1.7772,-0.0987,0.3012,-0.1214
0.789,744,tripod,-0.0032,0.0086,0.1474,-0.0327,-0.0122,0.0001,0.0005,0.0184,0.0282,-0.0559,0.0020,-0.0022,0.000,0.000,-0.0285,-0.0110,-0.0327,-0.0122,0.0001,0.1249,0,0.0992,-0.3011,0.0603,1,0.17,0.017,0.006,0.016,,-1.0419,-0.2997,1.8412,0.1012,-0.3066,-0.0983,0.0998,0.3054,0.0149,1,4.97,0.002,0.667,0.190,,1.0412,-0.1479,1.7659,0.1014,0.3010,-0.1240,0.0002,-0.3436,0.0150,1,0.00,0.001,0.026,0.006,,0.0076,-0.0351,1.6209,0.0018,-0.3476,-0.1438,-0.0003,0.3455,0.0149,1,0.00,0.001,0.033,0.002,,-0.0058,-0.1630,1.7780,0.0013,0.3411,-0.1214,-0.0998,-0.3035,0.0149,1,5.71,0.185,0.662,0.341,,1.0546,-0.0486,1.6342,-0.0983,-0.3076,-0.1415,-0.1003,0.3055,0.0148,1,0.90,0.035,0.045,0.091,,-1.0530,-0.1620,1.7769,-0.0987,0.3011,-0.1216
0.794,748,tripod,-0.0032,0.0089,0.1478,-0.0336,-0.0124,0.0001,-0.0021,0.0196,0.0287,-0.0749,-0.0138,-0.0021,0.000,0.000,-0.0293,-0.0110,-0.0336,-0.0124,0.0001,0.1251,0,0.0991,-0.3009,0.0616,1,0.00,0.002,0.058,0.006,,-1.0420,-0.3033,1.8429,0.1012,-0.3067,-0.0977,0.0998,0.3054,0.0148,1,4.55,0.042,0.745,0.017,,1.0413,-0.1465,1.7655,0.1013,0.3009,-0.1243,0.0003,-0.3436,0.0149,1,9.28,0.131,0.924,0.694,,0.0075,-0.0300,1.6148,0.0018,-0.3478,-0.1447,-0.0003,0.3455,0.0150,1,0.00,0.006,0.029,0.000,,-0.0057,-0.1628,1.7784,0.0013,0.3410,-0.1215,-0.0998,-0.3035,0.0149,1,0.00,0.004,0.060,0.005,,1.0545,-0.0447,1.6294,-0.0983,-0.3077,-0.1422,-0.1003,0.3056,0.0148,1,3.16,0.090,0.494,0.023,,-1.0529,-0.1611,1.7769,-0.0987,0.3010,-0.1218
0.797,752,tripod,-0.0032,0.0091,0.1483,-0.0344,-0.0125,0.0001,-0.0020,0.0147,0.0254,-0.0374,-0.0120,-0.0012,0.000,0.000,-0.0301,-0.0111,-0.0344,-0.0125,0.0001,0.1254,0,0.0991,-0.3008,0.0630,1,2.17,0.254,0.440,0.174,,-1.0420,-0.3070,1.8449,0.1012,-0.3067,-0.0970,0.0998,0.3055,0.0149,1,0.00,0.000,0.033,0.001,,1.0413,-0.1457,1.7656,0.1013,0.3008,-0.1244,0.0003,-0.3436,0.0148,1,3.92,0.153,0.329,0.362,,0.0075,-0.0251,1.6092,0.0018,-0.3479,-0.1456,-0.0003,0.3456,0.0149,1,5.84,0.005,0.799,0.206,,-0.0057,-0.1606,1.7775,0.0013,0.3408,-0.1219,-0.0998,-0.3035,0.0151,1,0.00,0.002,0.028,0.006,,1.0545,-0.0415,1.6253,-0.0983,-0.3079,-0.1427,-0.1003,0.3056,0.0150,1,0.00,0.000,0.033,0.001,,-1.0529,-0.1607,1.7773,-0.0987,0.3009,-0.1218
0.801,756,tripod,-0.0031,0.0094,0.1488,-0.0352,-0.0120,0.0001,0.0099,0.0118,0.0308,-0.0304,0.0781,-0.0047,0.000,0.000,-0.0308,-0.0111,-0.0352,-0.0120,0.0001,0.1256,0,0.0991,-0.3006,0.0643,1,3.73,0.055,0.836,0.372,,-1.0421,-0.3107,1.8468,0.1012,-0.3068,-0.0964,0.0998,0.3055,0.0150,1,0.22,0.019,0.002,0.004,,1.0414,-0.1447,1.7654,0.1013,0.3007,-0.1246,0.0003,-0.3436,0.0150,1,0.00,0.003,0.027,0.007,,0.0075,-0.0222,1.6053,0.0018,-0.3481,-0.1461,-0.0003,0.3456,0.0148,1,0.00,0.010,0.033,0.001,,-0.0056,-0.1591,1.7770,0.0013,0.3407,-0.1221,-0.0998,-0.3035,0.0149,1,1.88,0.257,0.200,0.117,,1.0546,-0.0361,1.6192,-0.0983,-0.3080,-0.1437,-0.1003,0.3057,0.0150,1,6.36,0.009,0.951,0.123,,-1.0529,-0.1586,1.7763,-0.0987,0.3008,-0.1222
0.805,760,tripod,-0.0030,0.0096,0.1493,-0.0357,-0.0114,0.0000,0.0043,0.0164,0.0316,-0.0541,0.0301,-0.0019,0.000,0.000,-0.0314,-0.0108,-0.0357,-0.0114,0.0000,0.1259,0,0.0991,-0.3006,0.0655,1,0.81,0.045,0.139,0.092,,-1.0421,-0.3146,1.8487,0.1012,-0.3069,-0.0957,0.0998,0.3055,0.0150,1,0.00,0.010,0.023,0.001,,1.0414,-0.1433,1.7649,0.1013,0.3006,-0.1248,0.0003,-0.3437,0.0150,1,7.79,0.239,0.695,0.656,,0.0075,-0.0177,1.5998,0.0018,-0.3483,-0.1469,-0.0003,0.3456,0.0150,1,0.00,0.010,0.024,0.001,,-0.0056,-0.1583,1.7769,0.0013,0.3406,-0.1222,-0.0998,-0.3036,0.0149,1,0.00,0.007,0.057,0.005,,1.0545,-0.0325,1.6147,-0.0983,-0.3082,-0.1443,-0.1003,0.3057,0.0149,1,6.84,0.200,1.195,0.047,,-1.0528,-0.1556,1.7743,-0.0987,0.3007,-0.1227
0.808,764,tripod,-0.0031,0.0098,0.1498,-0.0362,-0.0118,0.0000,-0.0065,0.0108,0.0306,-0.0065,-0.0432,-0.0007,0.000,0.000,-0.0320,-0.0105,-0.0362,-0.0118,0.0000,0.1262,0,0.0991,-0.3004,0.0669,1,3.08,0.420,0.614,0.203,,-1.0422,-0.3185,1.8508,0.1012,-0.3070,-0.0951,0.0998,0.3055,0.0149,1,0.00,0.002,0.052,0.002,,1.0415,-0.1405,1.7633,0.1013,0.3005,-0.1253,0.0003,-0.3437,0.0149,1,4.28,0.297,0.483,0.267,,0.0075,-0.0132,1.5945,0.0017,-0.3484,-0.1477,-0.0003,0.3457,0.0150,1,8.12,0.041,1.117,0.262,,-0.0055,-0.1561,1.7757,0.0012,0.3405,-0.1226,-0.0998,-0.3036,0.0150,1,0.00,0.007,0.024,0.006,,1.0545,-0.0287,1.6101,-0.0983,-0.3083,-0.1450,-0.1003,0.3057,0.0148,1,0.00,0.002,0.054,0.001,,-1.0528,-0.1537,1.7735,-0.0987,0.3006,-0.1230
0.812,768,tripod,-0.0030,0.0100,0.1504,-0.0367,-0.0113,0.0000,0.0035,0.0112,0.0289,-0.0286,0.0213,-0.0010,0.000,0.000,-0.0325,-0.0104,-0.0367,-0.0113,0.0000,0.1265,0,0.0991,-0.3003,0.0683,1,2.54,0.126,0.567,0.282,,-1.0423,-0.3225,1.8531,0.1011,-0.3070,-0.0944,0.0998,0.3056,0.0150,1,0.00,0.000,0.031,0.000,,1.0415,-0.1388,1.7624,0.1013,0.3004,-0.1256,0.0002,-0.3437,0.0151,1,0.00,0.003,0.029,0.004,,0.0074,-0.0104,1.5908,0.0017,-0.3485,-0.1482,-0.0003,0.3457,0.0149,1,5.56,0.051,0.820,0.127,,-0.0055,-0.1531,1.7740,0.0012,0.3404,-0.1231,-0.0998,-0.3036,0.0149,1,3.67,0.044,0.328,0.316,,1.0544,-0.0237,1.6044,-0.0983,-0.3085,-0.1458,-0.1003,0.3058,0.0151,1,0.00,0.000,0.032,0.000,,-1.0527,-0.1525,1.7731,-0.0988,0.3005,-0.1232
0.815,772,tripod,-0.0030,0.0102,0.1509,-0.0371,-0.0112,0.0000,-0.0031,0.0124,0.0393,-0.0192,-0.0225,-0.0004,0.000,0.000,-0.0330,-0.0102,-0.0371,-0.0112,0.0000,0.1268,0,0.0991,-0.3002,0.0696,1,0.00,0.009,0.040,0.002,,-1.0424,-0.3266,1.8552,0.1011,-0.3071,-0.0937,0.0998,0.3056,0.0150,1,5.77,0.065,0.746,0.249,,1.0416,-0.1361,1.7608,0.1013,0.3003,-0.1260,0.0003,-0.3438,0.0149,1,5.64,0.033,0.760,0.218,,0.0074,-0.0055,1.5850,0.0017,-0.3487,-0.1490,-0.0003,0.3457,0.0149,1,0.00,0.008,0.031,0.000,,-0.0054,-0.1514,1.7730,0.0012,0.3404,-0.1234,-0.0998,-0.3036,0.0150,1,0.00,0.007,0.029,0.006,,1.0544,-0.0207,1.6007,-0.0983,-0.3086,-0.1464,-0.1003,0.3058,0.0149,1,1.12,0.015,0.057,0.128,,-1.0527,-0.1490,1.7708,-0.0988,0.3004,-0.1238
0.819,776,tripod,-0.0031,0.0104,0.1514,-0.0374,-0.0118,0.0000,-0.0005,0.0084,0.0326,-0.0069,0.0002,-0.0008,0.000,0.000,-0.0333,-0.0103,-0.0374,-0.0118,0.0000,0.1271,0,0.0990,-0.3000,0.0710,1,1.13,0.124,0.197,0.081,,-1.0425,-0.3309,1.8577,0.1011,-0.3071,-0.0930,0.0998,0.3056,0.0149,1,0.00,0.022,0.044,0.002,,1.0416,-0.1329,1.7588,0.1013,0.3002,-0.1266,0.0003,-0.3438,0.0149,1,0.00,0.012,0.040,0.005,,0.0073,-0.0018,1.5807,0.0017,-0.3488,-0.1497,-0.0003,0.3458,0.0150,1,8.66,0.338,1.333,0.136,,-0.0054,-0.1488,1.7714,0.0012,0.3403,-0.1239,-0.0998,-0.3036,0.0150,1,8.82,0.402,1.150,0.359,,1.0543,-0.0176,1.5968,-0.0983,-0.3087,-0.1469,-0.1003,0.3058,0.0149,1,0.00,0.020,0.060,0.000,,-1.0526,-0.1468,1.7696,-0.0988,0.3003,-0.1242
0.823,780,tripod,-0.0031,0.0105,0.1518,-0.0375,-0.0119,0.0001,-0.0012,0.0034,0.0185,-0.0124,-0.0168,0.0038,0.000,0.000,-0.0336,-0.0105,-0.0375,-0.0119,0.0001,0.1273,0,0.0990,-0.2999,0.0723,1,4.08,0.412,0.878,0.379,,-1.0425,-0.3357,1.8604,0.1011,-0.3071,-0.0922,0.0998,0.3056,0.0150,1,0.00,0.001,0.031,0.000,,1.0417,-0.1312,1.7577,0.1012,0.3001,-0.1269,0.0003,-0.3438,0.0150,1,0.00,0.000,0.030,0.003,,0.0073,0.0002,1.5780,0.0017,-0.3489,-0.1500,-0.0003,0.3458,0.0149,1,5.51,0.030,1.012,0.100,,-0.0053,-0.1460,1.7694,0.0012,0.3403,-0.1243,-0.0998,-0.3036,0.0149,1,2.12,0.265,0.216,0.140,,1.0543,-0.0145,1.5932,-0.0983,-0.3088,-0.1475,-0.1003,0.3058,0.0150,1,0.00,0.001,0.032,0.001,,-1.0526,-0.1450,1.7687,-0.0988,0.3002,-0.1245
0.827,784,tripod,-0.0031,0.0106,0.1523,-0.0377,-0.0119,0.0001,0.0006,0.0068,0.0214,-0.0149,0.0062,0.0000,0.000,0.000,-0.0337,-0.0106,-0.0377,-0.0119,0.0001,0.1275,0,0.0990,-0.2998,0.0736,1,2.97,0.274,0.628,0.284,,-1.0425,-0.3407,1.8633,0.1011,-0.3072,-0.0914,0.0998,0.3056,0.0150,1,0.98,0.057,0.146,0.006,,1.0416,-0.1288,1.7561,0.1012,0.3001,-0.1273,0.0003,-0.3438,0.0149,1,2.78,0.255,0.229,0.248,,0.0073,0.0036,1.5740,0.0017,-0.3490,-0.1506,-0.0003,0.3458,0.0150,1,0.00,0.001,0.032,0.000,,-0.0053,-0.1449,1.7689,0.0012,0.3402,-0.1245,-0.0998,-0.3037,0.0151,1,0.00,0.001,0.030,0.002,,1.0543,-0.0130,1.5912,-0.0983,-0.3089,-0.1477,-0.1003,0.3058,0.0149,1,5.02,0.077,0.823,0.020,,-1.0526,-0.1420,1.7666,-0.0988,0.3002,-0.1250
0.831,788,tripod,-0.0031,0.0107,0.1526,-0.0380,-0.0119,0.0001,0.0027,0.0108,0.0205,-0.0326,0.0232,-0.0012,0.000,0.000,-0.0339,-0.0107,-0.0380,-0.0119,0.0001,0.1276,0,0.0989,-0.2998,0.0749,1,1.20,0.086,0.244,0.129,,-1.0426,-0.3460,1.8663,0.1011,-0.3072,-0.0905,0.0998,0.3056,0.0150,1,0.00,0.005,0.031,0.000,,1.0416,-0.1277,1.7556,0.1013,0.3000,-0.1275,0.0003,-0.3439,0.0150,1,0.00,0.006,0.029,0.003,,0.0074,0.0052,1.5719,0.0017,-0.3491,-0.1509,-0.0003,0.3458,0.0149,1,5.62,0.036,0.798,0.162,,-0.0053,-0.1431,1.7676,0.0012,0.3401,-0.1248,-0.0997,-0.3037,0.0149,1,4.98,0.033,0.638,0.222,,1.0544,-0.0094,1.5871,-0.0983,-0.3090,-0.1483,-0.1003,0.3058,0.0148,1,0.00,0.006,0.033,0.000,,-1.0526,-0.1409,1.7658,-0.0988,0.3001,-0.1252
0.835,792,tripod,-0.0032,0.0108,0.1528,-0.0385,-0.0124,0.0001,-0.0087,0.0080,0.0087,-0.0278,-0.0524,-0.0012,0.000,0.000,-0.0342,-0.0108,-0.0385,-0.0124,0.0001,0.1276,0,0.0989,-0.2996,0.0763,1,1.81,0.269,0.318,0.090,,-1.0426,-0.3516,1.8697,0.1011,-0.3072,-0.0895,0.0998,0.3056,0.0149,1,4.59,0.071,0.678,0.094,,1.0416,-0.1260,1.7545,0.1013,0.3000,-0.1278,0.0003,-0.3439,0.0150,1,0.00,0.003,0.028,0.006,,0.0074,0.0082,1.5682,0.0017,-0.3491,-0.1514,-0.0003,0.3459,0.0149,1,1.44,0.087,0.073,0.161,,-0.0054,-0.1424,1.7674,0.0012,0.3401,-0.1249,-0.0997,-0.3037,0.0148,1,4.11,0.272,0.463,0.245,,1.0544,-0.0071,1.5843,-0.0983,-0.3090,-0.1488,-0.1003,0.3059,0.0150,1,0.00,0.002,0.034,0.001,,-1.0526,-0.1411,1.7664,-0.0988,0.3001,-0.1252
0.839,796,tripod,-0.0034,0.0110,0.1530,-0.0395,-0.0136,0.0001,-0.0114,0.0121,0.0053,-0.0559,-0.0653,-0.0021,0.000,0.000,-0.0347,-0.0112,-0.0395,-0.0136,0.0001,0.1276,0,0.0988,-0.2994,0.0779,1,0.00,0.003,0.034,0.004,,-1.0426,-0.3575,1.8732,0.1011,-0.3072,-0.0885,0.0998,0.3057,0.0149,1,2.30,0.091,0.242,0.136,,1.0416,-0.1257,1.7546,0.1013,0.2999,-0.1278,0.0003,-0.3439,0.0149,1,5.58,0.044,0.603,0.362,,0.0075,0.0122,1.5640,0.0018,-0.3492,-0.1521,-0.0003,0.3459,0.0149,1,2.96,0.015,0.256,0.244,,-0.0054,-0.1431,1.7685,0.0012,0.3400,-0.1248,-0.0998,-0.3037,0.0151,1,0.00,0.002,0.032,0.001,,1.0545,-0.0063,1.5831,-0.0983,-0.3091,-0.1489,-0.1003,0.3059,0.0150,1,1.29,0.056,0.064,0.136,,-1.0526,-0.1424,1.7677,-0.0988,0.3001,-0.1249
0.843,800,tripod,-0.0035,0.0113,0.1531,-0.0405,-0.0141,0.0000,-0.0018,0.0138,0.0041,-0.0676,0.0038,-0.0036,0.000,0.000,-0.0354,-0.0120,-0.0405,-0.0141,0.0000,0.1274,0,0.0987,-0.2992,0.0793,1,0.00,0.001,0.036,0.004,,-1.0426,-0.3637,1.8769,0.1011,-0.3072,-0.0875,0.0997,0.3057,0.0148,1,3.95,0.119,0.471,0.198,,1.0415,-0.1266,1.7558,0.1013,0.2998,-0.1276,0.0003,-0.3439,0.0149,1,0.00,0.002,0.031,0.003,,0.0077,0.0138,1.5619,0.0018,-0.3492,-0.1524,-0.0003,0.3459,0.0148,1,2.20,0.062,0.136,0.234,,-0.0055,-0.1445,1.7701,0.0012,0.3400,-0.1246,-0.0998,-0.3037,0.0149,1,6.14,0.046,0.692,0.373,,1.0546,-0.0033,1.5797,-0.0983,-0.3091,-0.1494,-0.1003,0.3060,0.0150,1,0.00,0.001,0.035,0.004,,-1.0527,-0.1443,1.7695,-0.0988,0.3000,-0.1246
0.847,804,tripod,-0.0035,0.0115,0.1530,-0.0414,-0.0137,0.0000,-0.0005,0.0142,-0.0013,-0.0658,0.0120,-0.0034,0.000,0.000,-0.0362,-0.0123,-0.0414,-0.0137,0.0000,0.1271,0,0.0986,-0.2991,0.0806,1,0.00,0.003,0.042,0.005,,-1.0425,-0.3704,1.8808,0.1011,-0.3072,-0.0864,0.0998,0.3057,0.0148,1,2.51,0.093,0.197,0.218,,1.0414,-0.1285,1.7578,0.1013,0.2998,-0.1273,0.0003,-0.3439,0.0150,1,6.32,0.148,0.611,0.477,,0.0079,0.0154,1.5597,0.0018,-0.3493,-0.1527,-0.0003,0.3459,0.0149,1,0.85,0.001,0.023,0.094,,-0.0056,-0.1467,1.7720,0.0013,0.3399,-0.1242,-0.0998,-0.3037,0.0149,1,0.00,0.002,0.035,0.003,,1.0549,-0.0016,1.5776,-0.0982,-0.3092,-0.1497,-0.1003,0.3060,0.0150,1,3.75,0.072,0.446,0.186,,-1.0529,-0.1455,1.7711,-0.0987,0.2999,-0.1244
0.851,808,tripod,-0.0035,0.0117,0.1529,-0.0423,-0.0136,-0.0000,-0.0014,0.0099,-0.0112,-0.0429,0.0013,-0.0027,0.000,0.000,-0.0370,-0.0123,-0.0423,-0.0136,-0.0000,0.1268,0,0.0986,-0.2989,0.0819,1,1.66,0.211,0.302,0.124,,-1.0424,-0.3771,1.8845,0.1011,-0.3072,-0.0853,0.0998,0.3058,0.0148,1,1.62,0.065,0.148,0.103,,1.0413,-0.1307,1.7600,0.1013,0.2997,-0.1269,0.0003,-0.3439,0.0149,1,4.44,0.263,0.289,0.475,,0.0081,0.0169,1.5576,0.0019,-0.3494,-0.1530,-0.0003,0.3460,0.0149,1,0.85,0.004,0.035,0.082,,-0.0057,-0.1491,1.7743,0.0013,0.3399,-0.1238,-0.0998,-0.3037,0.0150,1,0.00,0.002,0.033,0.000,,1.0550,-0.0014,1.5766,-0.0982,-0.3093,-0.1498,-0.1003,0.3060,0.0149,1,3.95,0.053,0.527,0.134,,-1.0530,-0.1473,1.7731,-0.0987,0.2999,-0.1241
0.855,812,tripod,-0.0035,0.0118,0.1527,-0.0431,-0.0135,-0.0000,0.0000,0.0075,-0.0124,-0.0451,-0.0003,0.0011,0.000,0.000,-0.0378,-0.0123,-0.0431,-0.0135,-0.0000,0.1264,0,0.0986,-0.2988,0.0831,1,4.45,0.270,0.809,0.215,,-1.0424,-0.3838,1.8880,0.1011,-0.3072,-0.0841,0.0998,0.3058,0.0148,1,1.48,0.047,0.217,0.001,,1.0412,-0.1332,1.7623,0.1013,0.2997,-0.1265,0.0003,-0.3440,0.0150,1,0.00,0.001,0.033,0.001,,0.0082,0.0167,1.5570,0.0019,-0.3495,-0.1529,-0.0003,0.3460,0.0149,1,1.26,0.004,0.183,0.006,,-0.0058,-0.1517,1.7768,0.0013,0.3399,-0.1233,-0.0998,-0.3038,0.0149,1,1.91,0.218,0.147,0.167,,1.0552,-0.0004,1.5749,-0.0981,-0.3094,-0.1499,-0.1003,0.3060,0.0148,1,3.36,0.059,0.531,0.015,,-1.0530,-0.1494,1.7751,-0.0987,0.2998,-0.1237
0.859,816,tripod,-0.0035,0.0119,0.1525,-0.0439,-0.0138,0.0000,-0.0027,0.0079,-0.0116,-0.0484,-0.0244,0.0032,0.000,0.000,-0.0386,-0.0123,-0.0439,-0.0138,0.0000,0.1260,0,0.0986,-0.2987,0.0843,1,6.16,0.098,1.131,0.269,,-1.0424,-0.3903,1.8912,0.1011,-0.3073,-0.0831,0.0998,0.3058,0.0148,1,0.00,0.001,0.037,0.005,,1.0412,-0.1357,1.7648,0.1014,0.2996,-0.1261,0.0004,-0.3441,0.0150,1,0.00,0.001,0.031,0.003,,0.0083,0.0173,1.5555,0.0020,-0.3497,-0.1530,-0.0003,0.3460,0.0149,1,1.46,0.073,0.242,0.037,,-0.0058,-0.1544,1.7792,0.0013,0.3398,-0.1229,-0.0997,-0.3039,0.0150,1,0.00,0.002,0.032,0.000,,1.0553,-0.0009,1.5746,-0.0981,-0.3096,-0.1498,-0.1003,0.3060,0.0148,1,4.81,0.065,0.799,0.011,,-1.0530,-0.1517,1.7772,-0.0987,0.2998,-0.1233
0.863,820,tripod,-0.0035,0.0122,0.1524,-0.0451,-0.0138,0.0000,-0.0002,0.0096,-0.0072,-0.0609,-0.0053,0.0012,0.000,0.000,-0.0394,-0.0124,-0.0451,-0.0138,0.0000,0.1257,0,0.0986,-0.2986,0.0856,1,4.53,0.299,0.920,0.397,,-1.0424,-0.3966,1.8945,0.1011,-0.3073,-0.0820,0.0998,0.3058,0.0148,1,0.38,0.038,0.055,0.033,,1.0411,-0.1383,1.7674,0.1014,0.2996,-0.1256,0.0004,-0.3442,0.0149,1,1.73,0.200,0.146,0.137,,0.0084,0.0196,1.5522,0.0020,-0.3498,-0.1534,-0.0003,0.3461,0.0148,1,2.41,0.005,0.406,0.036,,-0.0058,-0.1570,1.7817,0.0013,0.3398,-0.1224,-0.0997,-0.3040,0.0152,1,0.00,0.001,0.032,0.003,,1.0553,-0.0004,1.5733,-0.0981,-0.3097,-0.1499,-0.1003,0.3060,0.0147,1,3.33,0.094,0.571,0.040,,-1.0531,-0.1541,1.7795,-0.0987,0.2997,-0.1229
0.868,824,tripod,-0.0035,0.0124,0.1524,-0.0463,-0.0137,0.0000,0.0049,0.0206,0.0043,-0.0890,0.0399,-0.0044,0.000,0.000,-0.0403,-0.0125,-0.0463,-0.0137,0.0000,0.1254,0,0.0985,-0.2984,0.0869,1,0.00,0.004,0.035,0.003,,-1.0424,-0.4026,1.8975,0.1011,-0.3074,-0.0810,0.0998,0.3058,0.0148,1,2.90,0.105,0.201,0.289,,1.0411,-0.1407,1.7699,0.1014,0.2995,-0.1252,0.0004,-0.3443,0.0151,1,0.00,0.003,0.032,0.002,,0.0085,0.0206,1.5503,0.0020,-0.3499,-0.1536,-0.0003,0.3461,0.0148,1,3.44,0.086,0.243,0.351,,-0.0058,-0.1594,1.7841,0.0013,0.3397,-0.1220,-0.0997,-0.3040,0.0149,1,6.00,0.131,0.600,0.450,,1.0555,0.0036,1.5686,-0.0981,-0.3098,-0.1506,-0.1003,0.3061,0.0147,1,0.00,0.003,0.037,0.004,,-1.0531,-0.1562,1.7816,-0.0987,0.2997,-0.1225
0.872,828,tripod,-0.0035,0.0127,0.1524,-0.0476,-0.0135,0.0000,0.0006,0.0114,-0.0007,-0.0644,0.0033,-0.0003,0.000,0.000,-0.0414,-0.0123,-0.0476,-0.0135,0.0000,0.1253,0,0.0985,-0.2982,0.0883,1,3.38,0.276,0.701,0.352,,-1.0424,-0.4084,1.9004,0.1011,-0.3074,-0.0800,0.0998,0.3058,0.0148,1,0.68,0.006,0.140,0.069,,1.0411,-0.1428,1.7722,0.1014,0.2994,-0.1248,0.0004,-0.3444,0.0150,1,0.00,0.001,0.027,0.008,,0.0086,0.0244,1.5452,0.0020,-0.3501,-0.1543,-0.0003,0.3461,0.0148,1,3.36,0.009,0.564,0.027,,-0.0058,-0.1614,1.7864,0.0013,0.3396,-0.1217,-0.0997,-0.3041,0.0149,1,3.12,0.216,0.215,0.322,,1.0556,0.0065,1.5645,-0.0980,-0.3100,-0.1511,-0.1003,0.3061,0.0148,1,1.76,0.130,0.162,0.117,,-1.0531,-0.1582,1.7838,-0.0987,0.2996,-0.1222
0.876,832,tripod,-0.0035,0.0130,0.1526,-0.0491,-0.0134,-0.0000,-0.0003,0.0214,0.0075,-0.0786,0.0011,-0.0030,0.000,0.000,-0.0426,-0.0122,-0.0491,-0.0134,-0.0000,0.1252,0,0.0985,-0.2979,0.0898,1,0.00,0.001,0.034,0.003,,-1.0424,-0.4139,1.9032,0.1011,-0.3074,-0.0791,0.0998,0.3059,0.0148,1,0.36,0.003,0.006,0.034,,1.0411,-0.1445,1.7741,0.1014,0.2994,-0.1245,0.0004,-0.3444,0.0149,1,5.96,0.011,0.455,0.579,,0.0087,0.0293,1.5395,0.0020,-0.3502,-0.1551,-0.0003,0.3461,0.0147,1,4.64,0.006,0.390,0.427,,-0.0058,-0.1631,1.7887,0.0013,0.3395,-0.1214,-0.0997,-0.3041,0.0151,1,0.00,0.001,0.031,0.006,,1.0556,0.0088,1.5611,-0.0980,-0.3101,-0.1515,-0.1003,0.3062,0.0148,1,1.35,0.015,0.075,0.137,,-1.0531,-0.1598,1.7857,-0.0987,0.2995,-0.1219
0.880,836,tripod,-0.0034,0.0134,0.1527,-0.0505,-0.0131,-0.0000,0.0079,0.0233,0.0156,-0.0854,0.0552,-0.0040,0.000,0.000,-0.0438,-0.0121,-0.0505,-0.0131,-0.0000,0.1251,0,0.0985,-0.2977,0.0913,1,0.00,0.005,0.031,0.003,,-1.0424,-0.4192,1.9058,0.1011,-0.3075,-0.0782,0.0998,0.3060,0.0148,1,2.51,0.034,0.131,0.294,,1.0411,-0.1459,1.7758,0.1014,0.2993,-0.1243,0.0004,-0.3444,0.0150,1,0.00,0.004,0.027,0.006,,0.0087,0.0322,1.5353,0.0021,-0.3504,-0.1556,-0.0003,0.3462,0.0147,1,3.62,0.095,0.213,0.423,,-0.0058,-0.1643,1.7905,0.0013,0.3393,-0.1211,-0.0997,-0.3042,0.0149,1,5.89,0.295,0.467,0.569,,1.0557,0.0139,1.5547,-0.0980,-0.3103,-0.1524,-0.1003,0.3063,0.0148,1,0.00,0.004,0.036,0.003,,-1.0531,-0.1612,1.7874,-0.0987,0.2994,-0.1217
0.884,840,tripod,-0.0033,0.0137,0.1529,-0.0515,-0.0122,-0.0001,0.0050,0.0154,0.0083,-0.0537,0.0319,-0.0025,0.000,0.000,-0.0450,-0.0117,-0.0515,-0.0122,-0.0001,0.1251,0,0.0985,-0.2974,0.0926,1,1.12,0.010,0.221,0.138,,-1.0425,-0.4243,1.9081,0.1011,-0.3075,-0.0774,0.0998,0.3061,0.0148,1,2.26,0.026,0.205,0.162,,1.0412,-0.1469,1.7775,0.1014,0.2991,-0.1241,0.0004,-0.3445,0.0151,1,0.00,0.002,0.028,0.008,,0.0087,0.0354,1.5305,0.0021,-0.3506,-0.1562,-0.0003,0.3463,0.0146,1,3.81,0.067,0.307,0.357,,-0.0058,-0.1652,1.7918,0.0013,0.3392,-0.1210,-0.0996,-0.3042,0.0148,1,4.97,0.233,0.383,0.484,,1.0557,0.0179,1.5494,-0.0980,-0.3105,-0.1531,-0.1003,0.3064,0.0150,1,0.00,0.000,0.034,0.003,,-1.0530,-0.1622,1.7890,-0.0987,0.2993,-0.1215
0.888,844,tripod,-0.0033,0.0141,0.1531,-0.0527,-0.0122,-0.0001,0.0004,0.0204,0.0121,-0.0617,-0.0029,-0.0012,0.000,0.000,-0.0461,-0.0113,-0.0527,-0.0122,-0.0001,0.1251,0,0.0985,-0.2971,0.0939,1,0.00,0.001,0.034,0.001,,-1.0426,-0.4290,1.9103,0.1011,-0.3076,-0.0766,0.0998,0.3062,0.0148,1,0.84,0.037,0.032,0.086,,1.0413,-0.1475,1.7787,0.1013,0.2991,-0.1240,0.0004,-0.3445,0.0149,1,5.94,0.140,0.445,0.582,,0.0087,0.0402,1.5246,0.0020,-0.3508,-0.1570,-0.0003,0.3463,0.0146,1,5.52,0.068,0.416,0.572,,-0.0057,-0.1657,1.7934,0.0013,0.3391,-0.1209,-0.0997,-0.3043,0.0150,1,0.00,0.001,0.031,0.006,,1.0556,0.0202,1.5458,-0.0980,-0.3107,-0.1535,-0.1003,0.3065,0.0150,1,0.00,0.001,0.034,0.003,,-1.0529,-0.1630,1.7904,-0.0987,0.2992,-0.1214
0.892,848,tripod,-0.0032,0.0143,0.1533,-0.0535,-0.0120,-0.0001,0.0048,0.0141,0.0132,-0.0546,0.0303,-0.0037,0.000,0.000,-0.0471,-0.0111,-0.0535,-0.0120,-0.0001,0.1251,0,0.0985,-0.2970,0.0951,1,2.26,0.110,0.460,0.271,,-1.0427,-0.4336,1.9121,0.1011,-0.3076,-0.0758,0.0998,0.3062,0.0149,1,0.66,0.086,0.054,0.036,,1.0414,-0.1482,1.7799,0.1013,0.2989,-0.1239,0.0004,-0.3446,0.0148,1,0.00,0.007,0.049,0.006,,0.0086,0.0429,1.5202,0.0020,-0.3510,-0.1575,-0.0003,0.3464,0.0146,1,2.69,0.053,0.336,0.108,,-0.0056,-0.1663,1.7943,0.0013,0.3390,-0.1208,-0.0997,-0.3043,0.0150,1,6.29,0.450,0.499,0.573,,1.0555,0.0230,1.5415,-0.0980,-0.3109,-0.1540,-0.1003,0.3065,0.0149,1,3.10,0.017,0.582,0.093,,-1.0528,-0.1626,1.7908,-0.0987,0.2991,-0.1214
0.896,852,tripod,-0.0032,0.0145,0.1535,-0.0543,-0.0118,-0.0001,0.0012,0.0105,0.0118,-0.0456,-0.0024,-0.0001,0.000,0.000,-0.0479,-0.0108,-0.0543,-0.0118,-0.0001,0.1251,0,0.0985,-0.2968,0.0963,1,5.54,0.234,1.081,0.434,,-1.0427,-0.4380,1.9137,0.1010,-0.3077,-0.0751,0.0998,0.3062,0.0149,1,0.00,0.001,0.034,0.003,,1.0415,-0.1487,1.7810,0.1013,0.2988,-0.1238,0.0004,-0.3447,0.0151,1,0.00,0.000,0.031,0.004,,0.0085,0.0446,1.5169,0.0020,-0.3512,-0.1578,-0.0003,0.3464,0.0146,1,2.25,0.023,0.355,0.002,,-0.0055,-0.1667,1.7951,0.0012,0.3389,-0.1207,-0.0997,-0.3045,0.0149,1,0.85,0.000,0.032,0.096,,1.0554,0.0262,1.5368,-0.0981,-0.3111,-0.1546,-0.1003,0.3065,0.0149,1,3.54,0.072,0.749,0.189,,-1.0527,-0.1623,1.7910,-0.0988,0.2990,-0.1215
0.900,856,tripod,-0.0032,0.0147,0.1538,-0.0553,-0.0120,-0.0001,0.0009,0.0173,0.0189,-0.0690,0.0006,-0.0012,0.000,0.000,-0.0487,-0.0108,-0.0553,-0.0120,-0.0001,0.1251,0,0.0985,-0.2967,0.0976,1,2.43,0.138,0.495,0.276,,-1.0428,-0.4421,1.9152,0.1010,-0.3078,-0.0744,0.0998,0.3062,0.0150,1,0.00,0.002,0.034,0.002,,1.0416,-0.1491,1.7821,0.1013,0.2987,-0.1237,0.0004,-0.3449,0.0149,1,3.78,0.042,0.223,0.425,,0.0084,0.0490,1.5108,0.0020,-0.3514,-0.1586,-0.0003,0.3464,0.0146,1,3.10,0.073,0.336,0.188,,-0.0054,-0.1670,1.7959,0.0012,0.3389,-0.1207,-0.0996,-0.3046,0.0151,1,0.00,0.001,0.030,0.004,,1.0553,0.0280,1.5337,-0.0981,-0.3113,-0.1549,-0.1003,0.3065,0.0148,1,2.85,0.016,0.486,0.028,,-1.0526,-0.1622,1.7913,-0.0988,0.2990,-0.1215
0.904,860,tripod,-0.0032,0.0149,0.1541,-0.0562,-0.0126,-0.0000,-0.0109,0.0102,0.0183,-0.0311,-0.1025,0.0146,0.000,0.000,-0.0496,-0.0108,-0.0562,-0.0126,-0.0000,0.1252,0,0.0985,-0.2966,0.0988,1,4.87,0.208,1.057,0.594,,-1.0429,-0.4460,1.9166,0.1010,-0.3079,-0.0738,0.0998,0.3062,0.0150,1,3.22,0.199,0.605,0.095,,1.0417,-0.1484,1.7821,0.1012,0.2986,-0.1238,0.0005,-0.3451,0.0149,1,1.43,0.189,0.156,0.077,,0.0084,0.0526,1.5055,0.0020,-0.3516,-0.1592,-0.0003,0.3464,0.0146,1,0.00,0.009,0.036,0.001,,-0.0053,-0.1672,1.7965,0.0012,0.3388,-0.1206,-0.0996,-0.3047,0.0151,1,0.00,0.005,0.024,0.009,,1.0553,0.0320,1.5283,-0.0981,-0.3115,-0.1556,-0.1003,0.3065,0.0148,1,2.94,0.081,0.684,0.236,,-1.0526,-0.1621,1.7917,-0.0988,0.2989,-0.1215
0.909,864,tripod,-0.0033,0.0153,0.1546,-0.0573,-0.0129,-0.0001,-0.0030,0.0221,0.0262,-0.0564,-0.0140,-0.0025,0.000,0.000,-0.0504,-0.0112,-0.0573,-0.0129,-0.0001,0.1254,0,0.0984,-0.2963,0.1003,1,0.40,0.036,0.057,0.044,,-1.0429,-0.4496,1.9183,0.1010,-0.3079,-0.0732,0.0998,0.3062,0.0149,1,6.18,0.177,0.630,0.451,,1.0417,-0.1464,1.7816,0.1012,0.2985,-0.1242,0.0005,-0.3451,0.0153,1,0.00,0.001,0.027,0.008,,0.0083,0.0558,1.5008,0.0020,-0.3518,-0.1597,-0.0003,0.3466,0.0148,1,0.00,0.001,0.033,0.002,,-0.0053,-0.1673,1.7972,0.0012,0.3387,-0.1206,-0.0996,-0.3047,0.0149,1,5.18,0.182,0.564,0.333,,1.0553,0.0376,1.5215,-0.0981,-0.3116,-0.1566,-0.1003,0.3066,0.0149,1,0.00,0.002,0.033,0.002,,-1.0525,-0.1619,1.7925,-0.0988,0.2988,-0.1215
0.913,868,tripod,-0.0034,0.0157,0.1550,-0.0583,-0.0136,-0.0000,-0.0087,0.0223,0.0299,-0.0946,-0.0474,-0.0025,0.000,0.000,-0.0513,-0.0115,-0.0583,-0.0136,-0.0000,0.1256,0,0.0983,-0.2960,0.1016,1,0.00,0.007,0.076,0.002,,-1.0429,-0.4533,1.9200,0.1010,-0.3079,-0.0725,0.0998,0.3062,0.0148,1,5.38,0.127,0.928,0.027,,1.0417,-0.1449,1.7813,0.1012,0.2983,-0.1244,0.0005,-0.3452,0.0150,1,10.75,0.277,0.793,1.026,,0.0084,0.0622,1.4924,0.0020,-0.3521,-0.1609,-0.0003,0.3467,0.0149,1,0.70,0.006,0.023,0.082,,-0.0053,-0.1674,1.7978,0.0012,0.3386,-0.1206,-0.0996,-0.3048,0.0148,1,0.00,0.009,0.076,0.007,,1.0554,0.0412,1.5164,-0.0981,-0.3118,-0.1572,-0.1003,0.3067,0.0149,1,2.57,0.037,0.144,0.301,,-1.0525,-0.1618,1.7931,-0.0988,0.2986,-0.1215
0.917,872,tripod,-0.0036,0.0160,0.1554,-0.0597,-0.0143,-0.0001,-0.0083,0.0198,0.0220,-0.0677,-0.0392,-0.0038,0.000,0.000,-0.0523,-0.0121,-0.0597,-0.0143,-0.0001,0.1258,0,0.0982,-0.2957,0.1032,1,0.00,0.002,0.031,0.001,,-1.0429,-0.4570,1.9216,0.1010,-0.3079,-0.0719,0.0997,0.3063,0.0147,1,3.85,0.113,0.283,0.385,,1.0416,-0.1438,1.7813,0.1012,0.2982,-0.1246,0.0005,-0.3453,0.0148,1,5.29,0.037,0.397,0.508,,0.0086,0.0682,1.4844,0.0020,-0.3523,-0.1619,-0.0003,0.3468,0.0149,1,0.25,0.001,0.016,0.028,,-0.0053,-0.1675,1.7984,0.0012,0.3385,-0.1206,-0.0996,-0.3048,0.0152,1,0.00,0.002,0.030,0.008,,1.0555,0.0444,1.5117,-0.0980,-0.3120,-0.1577,-0.1003,0.3068,0.0149,1,2.67,0.040,0.146,0.311,,-1.0526,-0.1617,1.7938,-0.0988,0.2985,-0.1216
0.921,876,tripod,-0.0036,0.0164,0.1558,-0.0609,-0.0146,-0.0002,-0.0027,0.0266,0.0290,-0.0892,0.0015,-0.0062,0.000,0.000,-0.0534,-0.0126,-0.0609,-0.0146,-0.0002,0.1259,0,0.0981,-0.2954,0.1047,1,0.00,0.001,0.032,0.001,,-1.0429,-0.4608,1.9232,0.1010,-0.3080,-0.0713,0.0997,0.3063,0.0147,1,5.10,0.261,0.386,0.515,,1.0415,-0.1430,1.7816,0.1013,0.2981,-0.1247,0.0004,-0.3453,0.0150,1,0.00,0.001,0.029,0.008,,0.0088,0.0721,1.4789,0.0021,-0.3525,-0.1626,-0.0003,0.3469,0.0149,1,1.00,0.044,0.049,0.101,,-0.0054,-0.1674,1.7989,0.0012,0.3385,-0.1206,-0.0996,-0.3049,0.0149,1,6.00,0.166,0.458,0.582,,1.0557,0.0505,1.5041,-0.0980,-0.3122,-0.1588,-0.1003,0.3068,0.0149,1,0.00,0.001,0.032,0.002,,-1.0527,-0.1614,1.7945,-0.0988,0.2984,-0.1216
0.924,880,tripod,-0.0037,0.0168,0.1562,-0.0620,-0.0146,-0.0002,-0.0024,0.0205,0.0184,-0.0555,0.0018,-0.0051,0.000,0.000,-0.0545,-0.0129,-0.0620,-0.0146,-0.0002,0.1261,0,0.0980,-0.2951,0.1061,1,0.00,0.001,0.032,0.000,,-1.0428,-0.4648,1.9248,0.1010,-0.3080,-0.0706,0.0997,0.3064,0.0146,1,4.83,0.213,0.366,0.483,,1.0414,-0.1424,1.7820,0.1013,0.2979,-0.1248,0.0004,-0.3454,0.0152,1,0.00,0.002,0.029,0.010,,0.0090,0.0762,1.4730,0.0022,-0.3527,-0.1633,-0.0003,0.3470,0.0149,1,1.14,0.053,0.060,0.116,,-0.0055,-0.1673,1.7994,0.0012,0.3384,-0.1206,-0.0996,-0.3048,0.0148,1,5.97,0.155,0.483,0.545,,1.0560,0.0554,1.4979,-0.0979,-0.3123,-0.1597,-0.1003,0.3070,0.0149,1,0.21,0.010,0.016,0.020,,-1.0528,-0.1612,1.7951,-0.0987,0.2983,-0.1216
0.929,884,tripod,-0.0038,0.0171,0.1566,-0.0632,-0.0147,-0.0003,-0.0052,0.0206,0.0241,-0.0773,-0.0153,-0.0049,0.000,0.000,-0.0555,-0.0131,-0.0632,-0.0147,-0.0003,0.1262,0,0.0979,-0.2948,0.1075,1,0.00,0.001,0.032,0.001,,-1.0427,-0.4687,1.9263,0.1010,-0.3081,-0.0700,0.0997,0.3064,0.0146,1,2.84,0.137,0.157,0.330,,1.0413,-0.1420,1.7824,0.1013,0.2978,-0.1249,0.0004,-0.3455,0.0149,1,5.50,0.033,0.395,0.544,,0.0093,0.0825,1.4645,0.0022,-0.3530,-0.1644,-0.0003,0.3471,0.0149,1,2.38,0.009,0.172,0.228,,-0.0056,-0.1672,1.8001,0.0013,0.3382,-0.1206,-0.0996,-0.3049,0.0150,1,0.00,0.001,0.029,0.007,,1.0562,0.0585,1.4932,-0.0979,-0.3126,-0.1602,-0.1003,0.3070,0.0149,1,1.40,0.012,0.062,0.162,,-1.0529,-0.1610,1.7957,-0.0987,0.2982,-0.1216
0.932,888,tripod,-0.0038,0.0174,0.1569,-0.0642,-0.0149,-0.0004,-0.0041,0.0156,0.0144,-0.0467,-0.0108,-0.0039,0.000,0.000,-0.0566,-0.0132,-0.0642,-0.0149,-0.0004,0.1264,0,0.0979,-0.2945,0.1088,1,0.00,0.002,0.032,0.000,,-1.0426,-0.4726,1.9279,0.1011,-0.3081,-0.0693,0.0997,0.3065,0.0146,1,2.81,0.124,0.151,0.328,,1.0412,-0.1416,1.7827,0.1013,0.2977,-0.1249,0.0004,-0.3456,0.0148,1,5.49,0.026,0.390,0.538,,0.0095,0.0869,1.4581,0.0023,-0.3532,-0.1651,-0.0003,0.3471,0.0148,1,2.36,0.010,0.147,0.252,,-0.0057,-0.1670,1.8009,0.0013,0.3381,-0.1206,-0.0997,-0.3050,0.0151,1,0.00,0.002,0.030,0.010,,1.0564,0.0620,1.4878,-0.0978,-0.3128,-0.1608,-0.1003,0.3071,0.0149,1,1.56,0.013,0.073,0.180,,-1.0530,-0.1608,1.7963,-0.0987,0.2980,-0.1217
0.936,892,tripod,-0.0039,0.0178,0.1572,-0.0653,-0.0148,-0.0004,-0.0006,0.0201,0.0176,-0.0568,0.0107,-0.0048,0.000,0.000,-0.0576,-0.0133,-0.0653,-0.0148,-0.0004,0.1264,0,0.0978,-0.2943,0.1101,1,0.00,0.001,0.034,0.000,,-1.0426,-0.4765,1.9294,0.1011,-0.3082,-0.0687,0.0997,0.3066,0.0146,1,3.71,0.185,0.227,0.419,,1.0411,-0.1414,1.7832,0.1014,0.2976,-0.1250,0.0004,-0.3457,0.0150,1,0.00,0.001,0.032,0.007,,0.0097,0.0895,1.4539,0.0023,-0.3534,-0.1656,-0.0003,0.3472,0.0148,1,2.60,0.091,0.145,0.302,,-0.0058,-0.1669,1.8015,0.0013,0.3380,-0.1206,-0.0997,-0.3051,0.0148,1,6.09,0.150,0.470,0.576,,1.0566,0.0670,1.4809,-0.0978,-0.3130,-0.1617,-0.1003,0.3072,0.0149,1,0.00,0.001,0.032,0.002,,-1.0531,-0.1607,1.7969,-0.0987,0.2979,-0.1217
0.940,896,tripod,-0.0039,0.0180,0.1574,-0.0661,-0.0148,-0.0005,-0.0032,0.0155,0.0162,-0.0573,-0.0085,-0.0038,0.000,0.000,-0.0585,-0.0133,-0.0661,-0.0148,-0.0005,0.1265,0,0.0978,-0.2940,0.1113,1,0.00,0.000,0.033,0.000,,-1.0425,-0.4804,1.9309,0.1011,-0.3082,-0.0680,0.0997,0.3066,0.0146,1,2.30,0.119,0.121,0.264,,1.0410,-0.1414,1.7838,0.1014,0.2975,-0.1250,0.0004,-0.3458,0.0150,1,5.69,0.041,0.397,0.565,,0.0099,0.0936,1.4479,0.0024,-0.3536,-0.1663,-0.0003,0.3472,0.0148,1,3.42,0.032,0.248,0.343,,-0.0058,-0.1668,1.8022,0.0013,0.3379,-0.1206,-0.0997,-0.3052,0.0148,1,0.00,0.001,0.030,0.008,,1.0568,0.0702,1.4759,-0.0977,-0.3133,-0.1622,-0.1003,0.3072,0.0149,1,0.84,0.030,0.028,0.091,,-1.0532,-0.1607,1.7976,-0.0987,0.2978,-0.1217
0.946,900,tripod,-0.0039,0.0182,0.1577,-0.0669,-0.0152,-0.0004,-0.0038,0.0092,0.0105,-0.0409,-0.0333,0.0053,0.000,0.000,-0.0593,-0.0134,-0.0669,-0.0152,-0.0004,0.1265,0,0.0977,-0.2939,0.1124,1,5.23,0.353,1.093,0.612,,-1.0425,-0.4843,1.9323,0.1011,-0.3082,-0.0674,0.0997,0.3066,0.0146,1,0.07,0.011,0.016,0.005,,1.0410,-0.1414,1.7843,0.1014,0.2974,-0.1250,0.0005,-0.3459,0.0149,1,1.17,0.161,0.126,0.057,,0.0100,0.0968,1.4428,0.0024,-0.3538,-0.1668,-0.0003,0.3472,0.0148,1,3.05,0.005,0.557,0.075,,-0.0059,-0.1668,1.8028,0.0013,0.3378,-0.1206,-0.0996,-0.3053,0.0150,1,0.00,0.001,0.032,0.005,,1.0569,0.0719,1.4727,-0.0977,-0.3135,-0.1625,-0.1003,0.3072,0.0149,1,2.69,0.106,0.617,0.207,,-1.0532,-0.1608,1.7982,-0.0987,0.2978,-0.1217
0.951,904,tripod,-0.0040,0.0184,0.1578,-0.0675,-0.0156,-0.0004,0.0004,0.0152,0.0085,-0.0365,0.0149,-0.0034,0.000,0.000,-0.0600,-0.0137,-0.0675,-0.0156,-0.0004,0.1265,0,0.0977,-0.2938,0.1135,1,0.00,0.005,0.034,0.000,,-1.0425,-0.4881,1.9335,0.1011,-0.3083,-0.0668,0.0997,0.3066,0.0147,1,2.82,0.196,0.181,0.298,,1.0409,-0.1415,1.7851,0.1014,0.2973,-0.1249,0.0005,-0.3461,0.0149,1,0.00,0.004,0.032,0.005,,0.0102,0.0986,1.4396,0.0024,-0.3540,-0.1672,-0.0003,0.3472,0.0147,1,3.52,0.002,0.255,0.354,,-0.0059,-0.1669,1.8034,0.0013,0.3377,-0.1206,-0.0996,-0.3054,0.0149,1,6.08,0.154,0.575,0.459,,1.0570,0.0742,1.4691,-0.0977,-0.3136,-0.1629,-0.1003,0.3072,0.0149,1,0.00,0.003,0.035,0.002,,-1.0533,-0.1609,1.7990,-0.0986,0.2977,-0.1216
0.955,908,tripod,-0.0040,0.0186,0.1579,-0.0680,-0.0152,-0.0004,-0.0012,0.0126,0.0073,-0.0396,0.0026,-0.0033,0.000,0.000,-0.0606,-0.0138,-0.0680,-0.0152,-0.0004,0.1265,0,0.0977,-0.2936,0.1143,1,0.00,0.013,0.057,0.001,,-1.0424,-0.4918,1.9350,0.1011,-0.3083,-0.0661,0.0997,0.3066,0.0147,1,2.51,0.214,0.198,0.222,,1.0408,-0.1418,1.7861,0.1014,0.2972,-0.1249,0.0005,-0.3461,0.0150,1,8.01,0.287,0.687,0.646,,0.0103,0.1004,1.4366,0.0025,-0.3542,-0.1674,-0.0003,0.3472,0.0147,1,4.11,0.090,0.481,0.223,,-0.0060,-0.1671,1.8044,0.0013,0.3376,-0.1206,-0.0996,-0.3054,0.0148,1,0.00,0.009,0.057,0.010,,1.0572,0.0763,1.4661,-0.0976,-0.3137,-0.1633,-0.1003,0.3073,0.0149,1,0.93,0.020,0.042,0.101,,-1.0533,-0.1612,1.7998,-0.0986,0.2976,-0.1216
0.959,912,tripod,-0.0040,0.0188,0.1580,-0.0685,-0.0153,-0.0004,-0.0014,0.0109,0.0025,-0.0260,-0.0017,-0.0023,0.000,0.000,-0.0611,-0.0138,-0.0685,-0.0153,-0.0004,0.1264,0,0.0976,-0.2934,0.1151,1,0.00,0.001,0.033,0.000,,-1.0424,-0.4953,1.9363,0.1011,-0.3084,-0.0656,0.0997,0.3067,0.0147,1,1.78,0.068,0.090,0.200,,1.0408,-0.1423,1.7867,0.1014,0.2972,-0.1248,0.0005,-0.3461,0.0148,1,5.88,0.046,0.473,0.509,,0.0105,0.1026,1.4335,0.0025,-0.3543,-0.1678,-0.0003,0.3473,0.0147,1,3.87,0.023,0.347,0.319,,-0.0060,-0.1674,1.8054,0.0013,0.3375,-0.1205,-0.0996,-0.3055,0.0149,1,0.00,0.002,0.034,0.004,,1.0573,0.0773,1.4638,-0.0976,-0.3139,-0.1634,-0.1003,0.3073,0.0149,1,0.95,0.007,0.035,0.104,,-1.0534,-0.1615,1.8006,-0.0986,0.2975,-0.1215
0.963,916,tripod,-0.0040,0.0190,0.1580,-0.0688,-0.0153,-0.0005,-0.0009,0.0073,-0.0041,-0.0148,-0.0013,-0.0019,0.000,0.000,-0.0615,-0.0138,-0.0688,-0.0153,-0.0005,0.1263,0,0.0976,-0.2932,0.1158,1,0.00,0.001,0.033,0.001,,-1.0424,-0.4983,1.9375,0.1011,-0.3084,-0.0651,0.0998,0.3068,0.0147,1,1.90,0.066,0.099,0.213,,1.0407,-0.1429,1.7876,0.1014,0.2971,-0.1247,0.0005,-0.3461,0.0147,1,5.77,0.045,0.479,0.482,,0.0106,0.1038,1.4317,0.0025,-0.3543,-0.1680,-0.0003,0.3473,0.0147,1,3.81,0.026,0.316,0.342,,-0.0060,-0.1679,1.8064,0.0013,0.3374,-0.1204,-0.0996,-0.3055,0.0150,1,0.00,0.001,0.035,0.003,,1.0574,0.0774,1.4626,-0.0976,-0.3141,-0.1635,-0.1003,0.3074,0.0149,1,0.96,0.008,0.035,0.106,,-1.0534,-0.1621,1.8015,-0.0986,0.2974,-0.1214
0.967,920,tripod,-0.0040,0.0191,0.1578,-0.0691,-0.0152,-0.0005,0.0006,0.0056,-0.0111,-0.0132,0.0061,-0.0020,0.000,0.000,-0.0619,-0.0138,-0.0691,-0.0152,-0.0005,0.1262,0,0.0976,-0.2932,0.1156,1,0.00,0.001,0.030,0.004,,-1.0423,-0.4973,1.9367,0.1011,-0.3085,-0.0652,0.0998,0.3068,0.0147,1,2.31,0.083,0.143,0.239,,1.0407,-0.1441,1.7889,0.1014,0.2971,-0.1245,0.0005,-0.3461,0.0147,1,1.56,0.021,0.090,0.144,,0.0106,0.1037,1.4310,0.0025,-0.3545,-0.1680,-0.0003,0.3473,0.0146,1,3.89,0.079,0.266,0.409,,-0.0060,-0.1690,1.8078,0.0013,0.3373,-0.1202,-0.0996,-0.3056,0.0149,1,4.52,0.032,0.425,0.329,,1.0575,0.0775,1.4619,-0.0975,-0.3142,-0.1635,-0.1003,0.3074,0.0149,1,0.32,0.014,0.013,0.035,,-1.0534,-0.1633,1.8028,-0.0986,0.2974,-0.1212
0.971,924,tripod,-0.0040,0.0192,0.1576,-0.0693,-0.0153,-0.0005,-0.0040,0.0055,-0.0073,-0.0294,-0.0334,0.0032,0.000,0.000,-0.0621,-0.0137,-0.0693,-0.0153,-0.0005,0.1261,0,0.0976,-0.2932,0.1150,1,8.55,0.265,1.322,0.094,,-1.0423,-0.4943,1.9349,0.1011,-0.3085,-0.0657,0.0998,0.3068,0.0147,1,0.00,0.013,0.039,0.004,,1.0407,-0.1457,1.7906,0.1014,0.2970,-0.1242,0.0005,-0.3462,0.0147,1,0.00,0.003,0.062,0.002,,0.0107,0.1027,1.4312,0.0026,-0.3546,-0.1678,-0.0003,0.3473,0.0146,1,4.60,0.040,0.500,0.289,,-0.0060,-0.1705,1.8094,0.0013,0.3372,-0.1200,-0.0996,-0.3056,0.0149,1,0.00,0.006,0.058,0.005,,1.0575,0.0770,1.4620,-0.0975,-0.3142,-0.1634,-0.1003,0.3075,0.0149,1,3.31,0.065,0.511,0.033,,-1.0534,-0.1648,1.8043,-0.0986,0.2973,-0.1209
0.975,928,tripod,-0.0042,0.0192,0.1575,-0.0697,-0.0164,-0.0004,-0.0090,0.0046,-0.0052,-0.0189,-0.0769,0.0108,0.000,0.000,-0.0624,-0.0140,-0.0697,-0.0164,-0.0004,0.1260,0,0.0976,-0.2932,0.1148,1,6.07,0.024,0.990,0.036,,-1.0422,-0.4922,1.9336,0.1012,-0.3086,-0.0660,0.0997,0.3069,0.0149,1,0.00,0.001,0.035,0.003,,1.0407,-0.1471,1.7919,0.1014,0.2970,-0.1239,0.0006,-0.3463,0.0150,1,0.00,0.001,0.036,0.000,,0.0107,0.1016,1.4317,0.0026,-0.3547,-0.1676,-0.0003,0.3473,0.0146,1,1.93,0.100,0.088,0.230,,-0.0061,-0.1717,1.8105,0.0013,0.3372,-0.1197,-0.0995,-0.3057,0.0149,1,0.00,0.001,0.035,0.001,,1.0575,0.0763,1.4620,-0.0975,-0.3143,-0.1633,-0.1003,0.3075,0.0148,1,4.69,0.021,0.735,0.039,,-1.0534,-0.1663,1.8056,-0.0986,0.2973,-0.1207
0.978,932,tripod,-0.0043,0.0194,0.1575,-0.0702,-0.0171,-0.0003,-0.0018,0.0108,0.0024,-0.0440,0.0014,-0.0035,0.000,0.000,-0.0627,-0.0146,-0.0702,-0.0171,-0.0003,0.1260,0,0.0976,-0.2932,0.1148,1,0.44,0.043,0.060,0.039,,-1.0421,-0.4910,1.9327,0.1012,-0.3086,-0.0662,0.0997,0.3069,0.0150,1,0.00,0.002,0.034,0.003,,1.0406,-0.1484,1.7931,0.1015,0.2970,-0.1237,0.0007,-0.3463,0.0149,1,5.61,0.137,0.400,0.536,,0.0109,0.1033,1.4294,0.0026,-0.3548,-0.1679,-0.0004,0.3474,0.0146,1,4.44,0.026,0.371,0.403,,-0.0061,-0.1728,1.8115,0.0014,0.3372,-0.1196,-0.0994,-0.3057,0.0151,1,0.00,0.002,0.036,0.001,,1.0577,0.0759,1.4618,-0.0975,-0.3144,-0.1632,-0.1004,0.3075,0.0148,1,2.05,0.006,0.152,0.184,,-1.0535,-0.1673,1.8069,-0.0986,0.2973,-0.1205
0.983,936,tripod,-0.0043,0.0196,0.1576,-0.0709,-0.0171,-0.0004,-0.0025,0.0162,0.0142,-0.0568,0.0014,-0.0051,0.000,0.000,-0.0631,-0.0151,-0.0709,-0.0171,-0.0004,0.1261,0,0.0975,-0.2931,0.1150,1,0.00,0.001,0.030,0.003,,-1.0420,-0.4903,1.9322,0.1012,-0.3087,-0.0663,0.0997,0.3069,0.0149,1,4.97,0.205,0.521,0.339,,1.0405,-0.1484,1.7936,0.1015,0.2969,-0.1237,0.0007,-0.3463,0.0149,1,0.00,0.002,0.033,0.005,,0.0111,0.1053,1.4266,0.0027,-0.3549,-0.1683,-0.0004,0.3474,0.0146,1,1.33,0.033,0.068,0.143,,-0.0062,-0.1736,1.8123,0.0014,0.3372,-0.1194,-0.0994,-0.3057,0.0149,1,6.38,0.109,0.623,0.464,,1.0579,0.0792,1.4575,-0.0974,-0.3145,-0.1638,-0.1004,0.3075,0.0148,1,0.00,0.002,0.034,0.003,,-1.0536,-0.1680,1.8078,-0.0986,0.2972,-0.1204
0.987,940,tripod,-0.0043,0.0198,0.1578,-0.0717,-0.0171,-0.0004,-0.0023,0.0126,0.0101,-0.0372,0.0012,-0.0042,0.000,0.000,-0.0637,-0.0153,-0.0717,-0.0171,-0.0004,0.1262,0,0.0975,-0.2929,0.1154,1,0.00,0.002,0.029,0.003,,-1.0419,-0.4901,1.9318,0.1012,-0.3087,-0.0664,0.0997,0.3070,0.0149,1,4.66,0.187,0.457,0.350,,1.0404,-0.1480,1.7939,0.1015,0.2968,-0.1238,0.0007,-0.3463,0.0151,1,0.00,0.002,0.032,0.007,,0.0113,0.1075,1.4231,0.0027,-0.3550,-0.1687,-0.0004,0.3476,0.0146,1,1.60,0.042,0.089,0.173,,-0.0063,-0.1740,1.8126,0.0014,0.3372,-0.1194,-0.0994,-0.3057,0.0148,1,6.13,0.109,0.606,0.435,,1.0581,0.0824,1.4535,-0.0974,-0.3146,-0.1643,-0.1004,0.3076,0.0149,1,0.00,0.002,0.033,0.003,,-1.0537,-0.1684,1.8084,-0.0986,0.2972,-0.1203
0.991,944,tripod,-0.0044,0.0201,0.1581,-0.0727,-0.0173,-0.0005,-0.0060,0.0137,0.0144,-0.0631,-0.0216,-0.0046,0.000,0.000,-0.0644,-0.0154,-0.0727,-0.0173,-0.0005,0.1264,0,0.0974,-0.2928,0.1159,1,0.00,0.002,0.027,0.003,,-1.0418,-0.4895,1.9312,0.1013,-0.3088,-0.0665,0.0997,0.3070,0.0148,1,2.43,0.123,0.155,0.252,,1.0403,-0.1477,1.7941,0.1015,0.2968,-0.1238,0.0007,-0.3464,0.0149,1,5.38,0.028,0.408,0.494,,0.0116,0.1124,1.4165,0.0028,-0.3552,-0.1695,-0.0004,0.3477,0.0146,1,3.04,0.008,0.159,0.367,,-0.0064,-0.1743,1.8131,0.0014,0.3372,-0.1193,-0.0994,-0.3057,0.0150,1,0.00,0.002,0.030,0.006,,1.0583,0.0844,1.4505,-0.0973,-0.3147,-0.1647,-0.1004,0.3077,0.0149,1,1.22,0.027,0.046,0.142,,-1.0538,-0.1687,1.8089,-0.0985,0.2971,-0.1203
0.995,948,tripod,-0.0045,0.0203,0.1582,-0.0735,-0.0176,-0.0005,-0.0045,0.0102,0.0083,-0.0382,-0.0139,-0.0039,0.000,0.000,-0.0652,-0.0156,-0.0735,-0.0176,-0.0005,0.1266,0,0.0974,-0.2927,0.1157,1,0.00,0.002,0.026,0.007,,-1.0417,-0.4849,1.9285,0.1013,-0.3089,-0.0672,0.0997,0.3070,0.0148,1,2.49,0.122,0.139,0.281,,1.0403,-0.1478,1.7946,0.1015,0.2967,-0.1238,0.0006,-0.3466,0.0148,1,5.64,0.025,0.423,0.514,,0.0118,0.1157,1.4116,0.0028,-0.3553,-0.1701,-0.0004,0.3477,0.0146,1,3.06,0.006,0.206,0.318,,-0.0065,-0.1748,1.8138,0.0014,0.3371,-0.1192,-0.0995,-0.3059,0.0150,1,0.00,0.002,0.032,0.008,,1.0585,0.0871,1.4464,-0.0973,-0.3149,-0.1651,-0.1004,0.3077,0.0149,1,1.24,0.021,0.046,0.146,,-1.0539,-0.1692,1.8097,-0.0985,0.2971,-0.1202
0.999,952,tripod,-0.0045,0.0205,0.1585,-0.0746,-0.0174,-0.0006,0.0001,0.0159,0.0153,-0.0531,0.0160,-0.0052,0.000,0.000,-0.0660,-0.0157,-0.0746,-0.0174,-0.0006,0.1270,0,0.0974,-0.2927,0.1152,1,0.00,0.002,0.023,0.008,,-1.0415,-0.4777,1.9242,0.1013,-0.3090,-0.0684,0.0997,0.3071,0.0148,1,3.37,0.154,0.241,0.335,,1.0402,-0.1477,1.7949,0.1016,0.2966,-0.1238,0.0006,-0.3466,0.0151,1,0.00,0.002,0.032,0.005,,0.0120,0.1180,1.4079,0.0029,-0.3555,-0.1705,-0.0004,0.3478,0.0146,1,2.96,0.084,0.155,0.357,,-0.0066,-0.1751,1.8144,0.0015,0.3371,-0.1192,-0.0995,-0.3060,0.0149,1,6.15,0.150,0.498,0.546,,1.0587,0.0918,1.4400,-0.0972,-0.3151,-0.1659,-0.1004,0.3078,0.0149,1,0.00,0.002,0.034,0.002,,-1.0539,-0.1695,1.8103,-0.0985,0.2970,-0.1201
1.003,956,tripod,-0.0046,0.0208,0.1588,-0.0756,-0.0177,-0.0006,-0.0043,0.0162,0.0229,-0.0715,-0.0143,-0.0037,0.000,0.000,-0.0669,-0.0157,-0.0756,-0.0177,-0.0006,0.1273,0,0.0974,-0.2928,0.1149,1,1.07,0.130,0.190,0.079,,-1.0414,-0.4722,1.9209,0.1014,-0.3091,-0.0693,0.0997,0.3071,0.0148,1,1.01,0.145,0.087,0.059,,1.0401,-0.1475,1.7951,0.1016,0.2966,-0.1238,0.0007,-0.3468,0.0149,1,4.83,0.133,0.356,0.449,,0.0122,0.1232,1.4007,0.0029,-0.3557,-0.1713,-0.0004,0.3478,0.0146,1,4.56,0.018,0.377,0.417,,-0.0066,-0.1750,1.8149,0.0015,0.3370,-0.1192,-0.0995,-0.3061,0.0149,1,0.00,0.004,0.031,0.008,,1.0589,0.0951,1.4352,-0.0972,-0.3153,-0.1665,-0.1004,0.3078,0.0149,1,0.90,0.070,0.043,0.084,,-1.0540,-0.1694,1.8106,-0.0985,0.2969,-0.1201
1.007,960,tripod,-0.0047,0.0210,0.1592,-0.0765,-0.0179,-0.0007,-0.0030,0.0134,0.0175,-0.0440,-0.0072,-0.0029,0.000,0.000,-0.0678,-0.0159,-0.0765,-0.0179,-0.0007,0.1277,0,0.0973,-0.2927,0.1149,1,1.22,0.136,0.226,0.108,,-1.0413,-0.4682,1.9184,0.1014,-0.3092,-0.0699,0.0997,0.3071,0.0148,1,1.27,0.132,0.075,0.122,,1.0400,-0.1470,1.7950,0.1016,0.2965,-0.1239,0.0007,-0.3470,0.0149,1,4.66,0.156,0.334,0.437,,0.0124,0.1277,1.3942,0.0030,-0.3559,-0.1721,-0.0004,0.3478,0.0146,1,4.42,0.000,0.430,0.332,,-0.0067,-0.1746,1.8152,0.0015,0.3369,-0.1192,-0.0995,-0.3062,0.0151,1,0.00,0.002,0.031,0.009,,1.0591,0.0982,1.4305,-0.0971,-0.3155,-0.1670,-0.1004,0.3079,0.0149,1,0.73,0.023,0.018,0.082,,-1.0541,-0.1690,1.8108,-0.0985,0.2969,-0.1202
1.010,964,tripod,-0.0046,0.0213,0.1595,-0.0773,-0.0175,-0.0007,0.0035,0.0145,0.0197,-0.0394,0.0358,-0.0048,0.000,0.000,-0.0686,-0.0160,-0.0773,-0.0175,-0.0007,0.1280,0,0.0973,-0.2926,0.1150,1,0.00,0.003,0.026,0.005,,-1.0412,-0.4656,1.9165,0.1014,-0.3093,-0.0704,0.0997,0.3072,0.0148,1,3.04,0.124,0.171,0.347,,1.0399,-0.1463,1.7951,0.1016,0.2964,-0.1240,0.0006,-0.3471,0.0150,1,0.00,0.002,0.030,0.008,,0.0125,0.1308,1.3893,0.0030,-0.3561,-0.1726,-0.0004,0.3478,0.0146,1,3.31,0.105,0.174,0.405,,-0.0067,-0.1739,1.8152,0.0015,0.3368,-0.1194,-0.0995,-0.3063,0.0149,1,5.86,0.149,0.491,0.499,,1.0592,0.1031,1.4235,-0.0971,-0.3157,-0.1679,-0.1004,0.3079,0.0150,1,0.00,0.002,0.032,0.002,,-1.0541,-0.1684,1.8109,-0.0985,0.2968,-0.1203
1.014,968,tripod,-0.0046,0.0215,0.1599,-0.0779,-0.0169,-0.0008,0.0078,0.0189,0.0241,-0.0262,0.0589,-0.0011,0.000,0.000,-0.0693,-0.0157,-0.0779,-0.0169,-0.0008,0.1283,0,0.0974,-0.2925,0.1152,1,0.00,0.018,0.026,0.004,,-1.0411,-0.4639,1.9152,0.1014,-0.3094,-0.0706,0.0997,0.3072,0.0148,1,0.00,0.012,0.029,0.001,,1.0399,-0.1456,1.7952,0.1016,0.2963,-0.1242,0.0006,-0.3471,0.0149,1,5.76,0.077,0.643,0.316,,0.0126,0.1345,1.3839,0.0030,-0.3563,-0.1733,-0.0004,0.3479,0.0146,1,0.00,0.012,0.032,0.002,,-0.0068,-0.1731,1.8150,0.0015,0.3367,-0.1195,-0.0995,-0.3064,0.0148,1,0.00,0.013,0.036,0.008,,1.0593,0.1065,1.4187,-0.0971,-0.3158,-0.1685,-0.1004,0.3080,0.0150,1,7.14,0.281,0.734,0.503,,-1.0542,-0.1668,1.8103,-0.0985,0.2967,-0.1206
1.018,972,tripod,-0.0044,0.0218,0.1602,-0.0782,-0.0155,-0.0008,0.0123,0.0135,0.0163,-0.0157,0.0767,0.0000,0.000,0.000,-0.0699,-0.0152,-0.0782,-0.0155,-0.0008,0.1286,0,0.0975,-0.2923,0.1154,1,0.00,0.001,0.029,0.004,,-1.0411,-0.4630,1.9143,0.1014,-0.3095,-0.0708,0.0997,0.3074,0.0148,1,2.51,0.132,0.114,0.308,,1.0399,-0.1450,1.7951,0.1016,0.2963,-0.1242,0.0007,-0.3471,0.0148,1,5.28,0.051,0.546,0.326,,0.0127,0.1377,1.3793,0.0031,-0.3564,-0.1738,-0.0004,0.3481,0.0147,1,0.00,0.000,0.031,0.002,,-0.0068,-0.1725,1.8149,0.0015,0.3367,-0.1196,-0.0994,-0.3064,0.0150,1,0.00,0.000,0.033,0.006,,1.0594,0.1090,1.4148,-0.0971,-0.3160,-0.1689,-0.1003,0.3080,0.0149,1,4.46,0.105,0.453,0.316,,-1.0542,-0.1640,1.8091,-0.0984,0.2965,-0.1210
1.023,976,tripod,-0.0041,0.0220,0.1604,-0.0785,-0.0142,-0.0008,0.0138,0.0108,0.0120,-0.0141,0.0752,-0.0012,0.000,0.000,-0.0703,-0.0142,-0.0785,-0.0142,-0.0008,0.1288,0,0.0977,-0.2922,0.1155,1,0.00,0.001,0.031,0.003,,-1.0412,-0.4627,1.9137,0.1014,-0.3095,-0.0708,0.0998,0.3074,0.0147,1,4.86,0.054,0.343,0.500,,1.0400,-0.1445,1.7954,0.1016,0.2962,-0.1243,0.0007,-0.3471,0.0148,1,0.63,0.090,0.050,0.031,,0.0125,0.1398,1.3758,0.0030,-0.3566,-0.1741,-0.0003,0.3482,0.0148,1,0.00,0.001,0.032,0.002,,-0.0067,-0.1721,1.8150,0.0015,0.3366,-0.1196,-0.0994,-0.3064,0.0149,1,5.04,0.163,0.444,0.397,,1.0593,0.1125,1.4099,-0.0971,-0.3161,-0.1695,-0.1003,0.3081,0.0148,1,1.81,0.101,0.104,0.197,,-1.0541,-0.1621,1.8081,-0.0985,0.2964,-0.1213
1.027,980,tripod,-0.0039,0.0221,0.1605,-0.0787,-0.0132,-0.0008,0.0107,0.0070,0.0020,-0.0076,0.0459,0.0018,0.000,0.000,-0.0706,-0.0131,-0.0787,-0.0132,-0.0008,0.1290,0,0.0978,-0.2922,0.1154,1,0.00,0.000,0.029,0.005,,-1.0413,-0.4613,1.9126,0.1014,-0.3096,-0.0710,0.0998,0.3074,0.0147,1,4.80,0.033,0.336,0.493,,1.0402,-0.1444,1.7961,0.1016,0.2961,-0.1243,0.0007,-0.3472,0.0148,1,0.87,0.126,0.081,0.036,,0.0122,0.1407,1.3738,0.0029,-0.3567,-0.1743,-0.0003,0.3483,0.0149,1,0.00,0.001,0.032,0.002,,-0.0065,-0.1723,1.8153,0.0014,0.3366,-0.1196,-0.0994,-0.3064,0.0148,1,4.90,0.127,0.439,0.371,,1.0590,0.1144,1.4072,-0.0971,-0.3162,-0.1698,-0.1003,0.3081,0.0148,1,1.97,0.072,0.142,0.183,,-1.0539,-0.1611,1.8077,-0.0985,0.2964,-0.1215
1.031,984,tripod,-0.0038,0.0222,0.1605,-0.0787,-0.0127,-0.0007,0.0083,0.0049,-0.0025,-0.0036,0.0244,0.0031,0.000,0.000,-0.0707,-0.0123,-0.0787,-0.0127,-0.0007,0.1290,0,0.0979,-0.2921,0.1151,1,0.00,0.000,0.030,0.004,,-1.0415,-0.4598,1.9114,0.1013,-0.3097,-0.0713,0.0998,0.3074,0.0146,1,4.72,0.035,0.328,0.488,,1.0404,-0.1447,1.7969,0.1015,0.2960,-0.1243,0.0006,-0.3472,0.0148,1,1.00,0.145,0.098,0.040,,0.0117,0.1408,1.3729,0.0028,-0.3568,-0.1743,-0.0003,0.3483,0.0149,1,0.00,0.000,0.033,0.003,,-0.0063,-0.1728,1.8160,0.0014,0.3365,-0.1195,-0.0994,-0.3064,0.0148,1,4.79,0.106,0.423,0.366,,1.0587,0.1153,1.4058,-0.0972,-0.3163,-0.1699,-0.1003,0.3081,0.0148,1,2.09,0.062,0.156,0.187,,-1.0537,-0.1609,1.8080,-0.0986,0.2963,-0.1215
1.035,988,tripod,-0.0037,0.0223,0.1604,-0.0788,-0.0126,-0.0007,0.0020,0.0027,-0.0041,-0.0089,-0.0101,0.0005,0.000,0.000,-0.0709,-0.0117,-0.0788,-0.0126,-0.0007,0.1290,0,0.0979,-0.2922,0.1149,1,3.36,0.159,0.528,0.009,,-1.0417,-0.4589,1.9107,0.1013,-0.3097,-0.0714,0.0998,0.3074,0.0146,1,2.99,0.082,0.218,0.284,,1.0407,-0.1451,1.7975,0.1014,0.2959,-0.1242,0.0006,-0.3472,0.0149,1,0.00,0.001,0.036,0.001,,0.0113,0.1404,1.3728,0.0027,-0.3569,-0.1742,-0.0003,0.3483,0.0149,1,0.00,0.002,0.033,0.003,,-0.0060,-0.1735,1.8167,0.0013,0.3365,-0.1194,-0.0994,-0.3064,0.0147,1,2.54,0.343,0.274,0.128,,1.0582,0.1154,1.4050,-0.0973,-0.3164,-0.1700,-0.1003,0.3081,0.0148,1,3.75,0.002,0.495,0.128,,-1.0534,-0.1612,1.8085,-0.0986,0.2963,-0.1215
1.039,992,tripod,-0.0037,0.0223,0.1603,-0.0790,-0.0128,-0.0007,0.0013,0.0017,-0.0066,-0.0068,-0.0126,0.0008,0.000,0.000,-0.0710,-0.0115,-0.0790,-0.0128,-0.0007,0.1289,0,0.0979,-0.2922,0.1149,1,3.68,0.165,0.577,0.017,,-1.0419,-0.4587,1.9104,0.1012,-0.3097,-0.0715,0.0998,0.3074,0.0146,1,2.93,0.074,0.206,0.285,,1.0409,-0.1458,1.7982,0.1014,0.2959,-0.1241,0.0006,-0.3473,0.0150,1,0.00,0.000,0.036,0.001,,0.0109,0.1397,1.3732,0.0026,-0.3570,-0.1741,-0.0003,0.3484,0.0150,1,0.00,0.000,0.033,0.003,,-0.0058,-0.1744,1.8176,0.0013,0.3365,-0.1192,-0.0995,-0.3065,0.0147,1,2.19,0.309,0.244,0.097,,1.0578,0.1151,1.4047,-0.0974,-0.3165,-0.1699,-0.1003,0.3081,0.0147,1,3.88,0.013,0.515,0.130,,-1.0532,-0.1618,1.8091,-0.0987,0.2962,-0.1214
1.044,996,tripod,-0.0037,0.0223,0.1602,-0.0791,-0.0130,-0.0007,0.0012,0.0026,-0.0063,-0.0121,-0.0104,0.0016,0.000,0.000,-0.0711,-0.0115,-0.0791,-0.0130,-0.0007,0.1288,0,0.0979,-0.2921,0.1148,1,1.85,0.079,0.300,0.052,,-1.0421,-0.4588,1.9104,0.1012,-0.3097,-0.0714,0.0998,0.3074,0.0146,1,2.94,0.081,0.179,0.315,,1.0411,-0.1466,1.7990,0.1013,0.2959,-0.1239,0.0005,-0.3473,0.0150,1,3.90,0.233,0.357,0.268,,0.0106,0.1394,1.3732,0.0026,-0.3570,-0.1741,-0.0003,0.3484,0.0150,1,0.23,0.020,0.017,0.023,,-0.0056,-0.1754,1.8184,0.0012,0.3365,-0.1191,-0.0995,-0.3066,0.0147,1,0.00,0.001,0.037,0.001,,1.0575,0.1144,1.4050,-0.0975,-0.3166,-0.1698,-0.1003,0.3081,0.0147,1,3.85,0.011,0.482,0.161,,-1.0530,-0.1626,1.8099,-0.0987,0.2962,-0.1212
1.048,1000,tripod,-0.0036,0.0224,0.1601,-0.0793,-0.0131,-0.0007,0.0010,0.0015,-0.0081,-0.0074,-0.0070,0.0011,0.000,0.000,-0.0712,-0.0116,-0.0793,-0.0131,-0.0007,0.1286,0,0.0979,-0.2921,0.1148,1,1.80,0.096,0.286,0.038,,-1.0422,-0.4593,1.9104,0.1012,-0.3098,-0.0713,0.0998,0.3074,0.0146,1,2.99,0.079,0.182,0.322,,1.0413,-0.1475,1.7999,0.1013,0.2959,-0.1238,0.0005,-0.3473,0.0149,1,3.89,0.238,0.360,0.263,,0.0104,0.1395,1.3732,0.0025,-0.3570,-0.1741,-0.0003,0.3484,0.0150,1,0.25,0.015,0.018,0.028,,-0.0054,-0.1764,1.8192,0.0012,0.3365,-0.1189,-0.0995,-0.3066,0.0148,1,0.00,0.000,0.036,0.000,,1.0572,0.1136,1.4055,-0.0976,-0.3166,-0.1696,-0.1003,0.3081,0.0147,1,3.77,0.010,0.465,0.164,,-1.0529,-0.1635,1.8107,-0.0987,0.2962,-0.1211
1.052,1004,tripod,-0.0036,0.0224,0.1600,-0.0794,-0.0132,-0.0007,0.0007,0.0007,-0.0091,-0.0039,-0.0050,0.0007,0.000,0.000,-0.0713,-0.0117,-0.0794,-0.0132,-0.0007,0.1285,0,0.0979,-0.2921,0.1149,1,1.81,0.091,0.282,0.026,,-1.0423,-0.4601,1.9107,0.1011,-0.3098,-0.0712,0.0998,0.3074,0.0146,1,3.01,0.080,0.179,0.327,,1.0414,-0.1484,1.8008,0.1013,0.2959,-0.1236,0.0005,-0.3473,0.0148,1,3.88,0.229,0.361,0.259,,0.0102,0.1392,1.3735,0.0025,-0.3570,-0.1740,-0.0003,0.3484,0.0150,1,0.27,0.014,0.017,0.031,,-0.0053,-0.1775,1.8200,0.0012,0.3365,-0.1187,-0.0996,-0.3066,0.0148,1,0.00,0.001,0.037,0.000,,1.0571,0.1126,1.4063,-0.0976,-0.3167,-0.1695,-0.1003,0.3081,0.0147,1,3.76,0.009,0.460,0.167,,-1.0528,-0.1644,1.8116,-0.0988,0.2962,-0.1209
1.056,1008,tripod,-0.0036,0.0224,0.1598,-0.0794,-0.0133,-0.0007,0.0006,0.0001,-0.0095,-0.0016,-0.0029,0.0001,0.000,0.000,-0.0714,-0.0118,-0.0794,-0.0133,-0.0007,0.1283,0,0.0979,-0.2921,0.1149,1,1.82,0.087,0.279,0.021,,-1.0424,-0.4609,1.9111,0.1011,-0.3098,-0.0711,0.0998,0.3074,0.0146,1,3.03,0.082,0.176,0.335,,1.0414,-0.1494,1.8017,0.1013,0.2958,-0.1235,0.0005,-0.3473,0.0148,1,3.78,0.215,0.352,0.251,,0.0102,0.1386,1.3740,0.0025,-0.3570,-0.1739,-0.0003,0.3484,0.0150,1,0.31,0.015,0.015,0.036,,-0.0052,-0.1785,1.8207,0.0012,0.3365,-0.1185,-0.0996,-0.3067,0.0149,1,0.11,0.015,0.022,0.003,,1.0569,0.1116,1.4072,-0.0977,-0.3167,-0.1693,-0.1003,0.3081,0.0146,1,3.74,0.008,0.451,0.173,,-1.0527,-0.1653,1.8124,-0.0988,0.2962,-0.1208
1.062,1012,tripod,-0.0036,0.0224,0.1596,-0.0794,-0.0133,-0.0007,0.0005,-0.0002,-0.0092,-0.0006,-0.0012,-0.0000,0.000,0.000,-0.0714,-0.0119,-0.0794,-0.0133,-0.0007,0.1282,0,0.0979,-0.2921,0.1149,1,1.82,0.087,0.275,0.015,,-1.0424,-0.4618,1.9115,0.1011,-0.3098,-0.0709,0.0998,0.3074,0.0146,1,3.04,0.082,0.174,0.338,,1.0415,-0.1503,1.8025,0.1013,0.2958,-0.1233,0.0005,-0.3473,0.0147,1,3.67,0.196,0.338,0.247,,0.0101,0.1380,1.3747,0.0024,-0.3570,-0.1738,-0.0003,0.3485,0.0150,1,0.32,0.014,0.015,0.037,,-0.0052,-0.1794,1.8214,0.0011,0.3365,-0.1184,-0.0996,-0.3067,0.0149,1,0.21,0.032,0.006,0.006,,1.0568,0.1106,1.4081,-0.0977,-0.3167,-0.1691,-0.1003,0.3081,0.0146,1,3.72,0.008,0.447,0.174,,-1.0526,-0.1662,1.8131,-0.0988,0.2962,-0.1206
1.067,1016,tripod,-0.0036,0.0224,0.1595,-0.0794,-0.0133,-0.0007,0.0004,-0.0004,-0.0087,-0.0001,-0.0006,-0.0001,0.000,0.000,-0.0715,-0.0120,-0.0794,-0.0133,-0.0007,0.1280,0,0.0979,-0.2921,0.1149,1,1.79,0.083,0.271,0.019,,-1.0424,-0.4627,1.9119,0.1011,-0.3098,-0.0708,0.0998,0.3074,0.0146,1,3.03,0.081,0.162,0.348,,1.0415,-0.1512,1.8033,0.1013,0.2958,-0.1232,0.0005,-0.3473,0.0147,1,3.56,0.178,0.330,0.236,,0.0101,0.1373,1.3755,0.0024,-0.3570,-0.1737,-0.0003,0.3485,0.0150,1,0.34,0.011,0.003,0.027,,-0.0051,-0.1803,1.8221,0.0011,0.3365,-0.1182,-0.0996,-0.3067,0.0149,1,0.33,0.050,0.010,0.010,,1.0568,0.1097,1.4090,-0.0977,-0.3167,-0.1690,-0.1003,0.3081,0.0146,1,3.73,0.008,0.438,0.183,,-1.0526,-0.1670,1.8138,-0.0988,0.2962,-0.1205
1.071,1020,tripod,-0.0036,0.0224,0.1593,-0.0794,-0.0133,-0.0007,0.0004,-0.0004,-0.0079,0.0001,-0.0003,0.0002,0.000,0.000,-0.0715,-0.0120,-0.0794,-0.0133,-0.0007,0.1279,0,0.0979,-0.2921,0.1149,1,1.78,0.067,0.267,0.015,,-1.0425,-0.4636,1.9123,0.1011,-0.3098,-0.0706,0.0998,0.3074,0.0146,1,3.02,0.082,0.160,0.349,,1.0416,-0.1520,1.8039,0.1012,0.2958,-0.1230,0.0005,-0.3473,0.0147,1,3.48,0.182,0.319,0.234,,0.0100,0.1367,1.3762,0.0024,-0.3570,-0.1736,-0.0003,0.3485,0.0150,1,0.35,0.010,0.002,0.029,,-0.0051,-0.1811,1.8228,0.0011,0.3365,-0.1181,-0.0996,-0.3067,0.0149,1,0.41,0.030,0.030,0.005,,1.0567,0.1089,1.4099,-0.0977,-0.3168,-0.1688,-0.1003,0.3081,0.0146,1,3.73,0.006,0.437,0.184,,-1.0526,-0.1677,1.8145,-0.0988,0.2962,-0.1203
1.075,1024,tripod,-0.0036,0.0224,0.1592,-0.0794,-0.0133,-0.0007,0.0003,-0.0004,-0.0070,0.0001,-0.0003,0.0001,0.000,0.000,-0.0715,-0.0120,-0.0794,-0.0133,-0.0007,0.1278,0,0.0979,-0.2921,0.1149,1,1.78,0.062,0.265,0.012,,-1.0425,-0.4643,1.9127,0.1011,-0.3098,-0.0705,0.0998,0.3074,0.0146,1,3.02,0.082,0.158,0.350,,1.0416,-0.1527,1.8046,0.1012,0.2958,-0.1229,0.0005,-0.3473,0.0146,1,3.42,0.179,0.312,0.232,,0.0100,0.1361,1.3769,0.0024,-0.3570,-0.1735,-0.0003,0.3485,0.0150,1,0.36,0.009,0.002,0.030,,-0.0051,-0.1818,1.8234,0.0011,0.3365,-0.1180,-0.0996,-0.3067,0.0149,1,0.47,0.026,0.039,0.005,,1.0567,0.1081,1.4107,-0.0977,-0.3168,-0.1687,-0.1003,0.3081,0.0146,1,3.72,0.006,0.435,0.185,,-1.0525,-0.1684,1.8150,-0.0988,0.2962,-0.1202
1.080,1028,tripod,-0.0036,0.0224,0.1591,-0.0794,-0.0134,-0.0007,0.0002,-0.0004,-0.0060,0.0001,-0.0002,0.0001,0.000,0.000,-0.0715,-0.0120,-0.0794,-0.0134,-0.0007,0.1277,0,0.0979,-0.2921,0.1149,1,1.78,0.063,0.264,0.010,,-1.0425,-0.4650,1.9130,0.1011,-0.3098,-0.0704,0.0998,0.3074,0.0146,1,3.01,0.076,0.158,0.351,,1.0416,-0.1533,1.8051,0.1012,0.2958,-0.1228,0.0005,-0.3473,0.0146,1,3.38,0.173,0.306,0.231,,0.0100,0.1356,1.3775,0.0024,-0.3570,-0.1734,-0.0003,0.3485,0.0150,1,0.36,0.004,0.001,0.031,,-0.0051,-0.1824,1.8239,0.0011,0.3365,-0.1179,-0.0996,-0.3067,0.0149,1,0.51,0.020,0.045,0.006,,1.0567,0.1075,1.4114,-0.0977,-0.3168,-0.1686,-0.1003,0.3081,0.0146,1,3.71,0.012,0.433,0.184,,-1.0525,-0.1690,1.8155,-0.0988,0.2962,-0.1201
1.084,1032,tripod,-0.0036,0.0224,0.1590,-0.0794,-0.0134,-0.0007,0.0002,-0.0004,-0.0050,0.0001,-0.0001,0.0000,0.000,0.000,-0.0715,-0.0120,-0.0794,-0.0134,-0.0007,0.1276,0,0.0979,-0.2921,0.1149,1,1.79,0.067,0.265,0.009,,-1.0425,-0.4656,1.9133,0.1011,-0.3098,-0.0703,0.0998,0.3074,0.0146,1,3.02,0.070,0.158,0.351,,1.0416,-0.1538,1.8055,0.1012,0.2958,-0.1227,0.0005,-0.3473,0.0146,1,3.34,0.166,0.301,0.230,,0.0100,0.1351,1.3780,0.0024,-0.3570,-0.1733,-0.0003,0.3485,0.0149,1,0.37,0.002,0.000,0.031,,-0.0051,-0.1830,1.8244,0.0011,0.3365,-0.1178,-0.0996,-0.3067,0.0149,1,0.53,0.012,0.050,0.007,,1.0567,0.1070,1.4120,-0.0977,-0.3168,-0.1685,-0.1003,0.3081,0.0146,1,3.70,0.018,0.431,0.184,,-1.0525,-0.1695,1.8159,-0.0988,0.2962,-0.1201
1.088,1036,tripod,-0.0036,0.0224,0.1590,-0.0794,-0.0134,-0.0007,0.0001,-0.0003,-0.0040,0.0000,-0.0001,0.0000,0.000,0.000,-0.0715,-0.0120,-0.0794,-0.0134,-0.0007,0.1275,0,0.0979,-0.2921,0.1149,1,1.80,0.067,0.266,0.008,,-1.0425,-0.4660,1.9136,0.1011,-0.3098,-0.0702,0.0998,0.3074,0.0146,1,3.01,0.066,0.159,0.350,,1.0416,-0.1543,1.8059,0.1012,0.2958,-0.1226,0.0005,-0.3473,0.0146,1,3.31,0.163,0.296,0.230,,0.0100,0.1348,1.3784,0.0024,-0.3570,-0.1733,-0.0003,0.3485,0.0149,1,0.37,0.005,0.000,0.031,,-0.0051,-0.1834,1.8247,0.0011,0.3365,-0.1177,-0.0996,-0.3067,0.0149,1,0.55,0.009,0.053,0.008,,1.0567,0.1065,1.4125,-0.0977,-0.3168,-0.1684,-0.1003,0.3081,0.0145,1,3.68,0.021,0.429,0.183,,-1.0525,-0.1699,1.8162,-0.0988,0.2962,-0.1200
1.092,1040,tripod,-0.0036,0.0224,0.1589,-0.0794,-0.0134,-0.0007,0.0001,-0.0002,-0.0030,0.0000,-0.0001,0.0000,0.000,0.000,-0.0715,-0.0120,-0.0794,-0.0134,-0.0007,0.1275,0,0.0979,-0.2921,0.1149,1,1.80,0.068,0.267,0.007,,-1.0425,-0.4663,1.9137,0.1011,-0.3098,-0.0702,0.0998,0.3074,0.0146,1,3.01,0.063,0.160,0.350,,1.0416,-0.1546,1.8062,0.1012,0.2958,-0.1226,0.0005,-0.3473,0.0146,1,3.28,0.161,0.292,0.230,,0.0100,0.1345,1.3787,0.0024,-0.3570,-0.1732,-0.0003,0.3485,0.0149,1,0.37,0.008,0.001,0.030,,-0.0051,-0.1837,1.8250,0.0011,0.3365,-0.1177,-0.0996,-0.3067,0.0149,1,0.57,0.006,0.055,0.009,,1.0566,0.1062,1.4128,-0.0977,-0.3168,-0.1683,-0.1003,0.3081,0.0145,1,3.67,0.024,0.429,0.182,,-1.0525,-0.1702,1.8165,-0.0988,0.2962,-0.1199
1.098,1044,tripod,-0.0036,0.0224,0.1589,-0.0794,-0.0134,-0.0007,0.0001,-0.0001,-0.0022,0.0000,-0.0001,0.0000,0.000,0.000,-0.0715,-0.0120,-0.0794,-0.0134,-0.0007,0.1274,0,0.0979,-0.2921,0.1149,1,1.81,0.068,0.269,0.008,,-1.0425,-0.4666,1.9139,0.1011,-0.3098,-0.0701,0.0998,0.3074,0.0146,1,3.01,0.060,0.161,0.349,,1.0416,-0.1548,1.8064,0.1012,0.2958,-0.1225,0.0005,-0.3473,0.0146,1,3.26,0.158,0.289,0.230,,0.0100,0.1343,1.3789,0.0024,-0.3570,-0.1732,-0.0003,0.3485,0.0149,1,0.36,0.011,0.002,0.029,,-0.0050,-0.1840,1.8252,0.0011,0.3365,-0.1176,-0.0996,-0.3067,0.0149,1,0.58,0.003,0.057,0.009,,1.0566,0.1059,1.4131,-0.0977,-0.3168,-0.1683,-0.1003,0.3081,0.0145,1,3.66,0.028,0.428,0.181,,-1.0525,-0.1704,1.8167,-0.0988,0.2962,-0.1199
1.103,1048,tripod,-0.0036,0.0224,0.1588,-0.0794,-0.0134,-0.0007,0.0000,-0.0001,-0.0014,0.0000,-0.0001,0.0000,0.000,0.000,-0.0715,-0.0120,-0.0794,-0.0134,-0.0007,0.1274,0,0.0979,-0.2921,0.1149,1,1.82,0.069,0.270,0.008,,-1.0425,-0.4668,1.9139,0.1011,-0.3098,-0.0701,0.0998,0.3074,0.0146,1,3.01,0.057,0.161,0.348,,1.0416,-0.1550,1.8065,0.1012,0.2958,-0.1225,0.0005,-0.3473,0.0146,1,3.25,0.155,0.286,0.231,,0.0100,0.1342,1.3791,0.0024,-0.3570,-0.1732,-0.0003,0.3485,0.0149,1,0.36,0.015,0.003,0.029,,-0.0050,-0.1841,1.8253,0.0011,0.3365,-0.1176,-0.0996,-0.3067,0.0149,1,0.59,0.000,0.058,0.010,,1.0566,0.1058,1.4133,-0.0977,-0.3168,-0.1683,-0.1003,0.3081,0.0145,1,3.65,0.031,0.428,0.180,,-1.0525,-0.1706,1.8168,-0.0988,0.2962,-0.1199
1.107,1052,tripod,-0.0036,0.0224,0.1588,-0.0794,-0.0134,-0.0007,0.0000,0.0000,-0.0008,0.0000,-0.0001,0.0000,0.000,0.000,-0.0715,-0.0120,-0.0794,-0.0134,-0.0007,0.1274,0,0.0979,-0.2921,0.1149,1,1.82,0.069,0.271,0.009,,-1.0425,-0.4669,1.9140,0.1011,-0.3098,-0.0701,0.0998,0.3074,0.0146,1,3.01,0.055,0.162,0.347,,1.0416,-0.1551,1.8066,0.1012,0.2958,-0.1225,0.0005,-0.3473,0.0146,1,3.24,0.153,0.284,0.232,,0.0100,0.1341,1.3792,0.0024,-0.3570,-0.1732,-0.0003,0.3485,0.0149,1,0.36,0.017,0.003,0.028,,-0.0050,-0.1842,1.8254,0.0011,0.3365,-0.1176,-0.0996,-0.3067,0.0149,1,0.60,0.003,0.059,0.011,,1.0566,0.1057,1.4134,-0.0977,-0.3168,-0.1683,-0.1003,0.3081,0.0145,1,3.65,0.033,0.428,0.179,,-1.0525,-0.1706,1.8169,-0.0988,0.2962,-0.1199
1.111,1056,tripod,-0.0036,0.0224,0.1588,-0.0794,-0.0134,-0.0007,0.0000,0.0001,-0.0003,0.0000,-0.0001,0.0000,0.000,0.000,-0.0715,-0.0120,-0.0794,-0.0134,-0.0007,0.1274,0,0.0979,-0.2921,0.1149,1,1.82,0.070,0.271,0.009,,-1.0425,-0.4669,1.9140,0.1011,-0.3098,-0.0701,0.0998,0.3074,0.0146,1,3.00,0.053,0.163,0.346,,1.0416,-0.1552,1.8067,0.1012,0.2958,-0.1225,0.0005,-0.3473,0.0146,1,3.23,0.151,0.282,0.232,,0.0100,0.1341,1.3792,0.0024,-0.3570,-0.1731,-0.0003,0.3485,0.0149,1,0.36,0.019,0.004,0.026,,-0.0050,-0.1843,1.8254,0.0011,0.3365,-0.1176,-0.0996,-0.3067,0.0149,1,0.61,0.005,0.060,0.013,,1.0566,0.1056,1.4134,-0.0977,-0.3168,-0.1683,-0.1003,0.3081,0.0145,1,3.64,0.035,0.428,0.178,,-1.0525,-0.1707,1.8169,-0.0988,0.2962,-0.1199
1.115,1060,tripod,-0.0036,0.0224,0.1588,-0.0794,-0.0134,-0.0007,-0.0000,0.0001,0.0002,0.0000,-0.0001,-0.0000,0.000,0.000,-0.0715,-0.0120,-0.0794,-0.0134,-0.0007,0.1274,0,0.0979,-0.2921,0.1149,1,1.83,0.070,0.273,0.010,,-1.0425,-0.4669,1.9140,0.1011,-0.3098,-0.0701,0.0998,0.3074,0.0146,1,3.00,0.052,0.163,0.345,,1.0416,-0.1552,1.8067,0.1012,0.2958,-0.1225,0.0005,-0.3473,0.0146,1,3.22,0.148,0.280,0.233,,0.0100,0.1341,1.3791,0.0024,-0.3570,-0.1732,-0.0003,0.3485,0.0149,1,0.35,0.020,0.005,0.025,,-0.0050,-0.1843,1.8254,0.0011,0.3365,-0.1176,-0.0996,-0.3067,0.0149,1,0.62,0.008,0.060,0.013,,1.0566,0.1056,1.4134,-0.0977,-0.3168,-0.1683,-0.1003,0.3081,0.0145,1,3.63,0.036,0.429,0.177,,-1.0525,-0.1707,1.8169,-0.0988,0.2961,-0.1199
1.120,1064,tripod,-0.0036,0.0224,0.1588,-0.0794,-0.0134,-0.0007,-0.0000,0.0002,0.0005,0.0000,-0.0001,-0.0000,0.000,0.000,-0.0715,-0.0120,-0.0794,-0.0134,-0.0007,0.1274,0,0.0979,-0.2921,0.1149,1,1.82,0.071,0.277,0.012,,-1.0425,-0.4669,1.9140,0.1011,-0.3098,-0.0701,0.0998,0.3074,0.0146,1,3.00,0.051,0.163,0.345,,1.0416,-0.1551,1.8067,0.1012,0.2958,-0.1225,0.0005,-0.3473,0.0146,1,3.21,0.146,0.279,0.233,,0.0100,0.1342,1.3791,0.0024,-0.3570,-0.1732,-0.0003,0.3485,0.0149,1,0.36,0.021,0.005,0.026,,-0.0050,-0.1842,1.8254,0.0011,0.3365,-0.1176,-0.0996,-0.3067,0.0149,1,0.62,0.011,0.061,0.013,,1.0566,0.1057,1.4134,-0.0977,-0.3168,-0.1683,-0.1003,0.3081,0.0145,1,3.64,0.037,0.429,0.177,,-1.0525,-0.1706,1.8169,-0.0988,0.2961,-0.1199
1.124,1068,tripod,-0.0036,0.0224,0.1588,-0.0794,-0.0134,-0.0007,-0.0000,0.0002,0.0007,-0.0000,-0.0002,0.0000,0.000,0.000,-0.0715,-0.0120,-0.0794,-0.0134,-0.0007,0.1274,0,0.0979,-0.2921,0.1149,1,1.82,0.070,0.281,0.014,,-1.0425,-0.4668,1.9139,0.1011,-0.3098,-0.0701,0.0998,0.3074,0.0146,1,3.00,0.051,0.163,0.345,,1.0416,-0.1550,1.8066,0.1012,0.2958,-0.1225,0.0005,-0.3473,0.0146,1,3.21,0.144,0.278,0.233,,0.0100,0.1343,1.3790,0.0024,-0.3570,-0.1732,-0.0003,0.3485,0.0149,1,0.36,0.021,0.006,0.026,,-0.0050,-0.1842,1.8254,0.0011,0.3365,-0.1176,-0.0996,-0.3067,0.0149,1,0.63,0.013,0.061,0.013,,1.0566,0.1057,1.4133,-0.0977,-0.3168,-0.1683,-0.1003,0.3081,0.0145,1,3.64,0.037,0.430,0.177,,-1.0525,-0.1705,1.8168,-0.0988,0.2961,-0.1199
1.128,1072,tripod,-0.0036,0.0224,0.1588,-0.0794,-0.0134,-0.0007,-0.0000,0.0002,0.0009,-0.0000,-0.0001,0.0000,0.000,0.000,-0.0715,-0.0120,-0.0794,-0.0134,-0.0007,0.1274,0,0.0979,-0.2921,0.1149,1,1.81,0.070,0.283,0.016,,-1.0425,-0.4667,1.9138,0.1011,-0.3098,-0.0701,0.0998,0.3074,0.0146,1,3.00,0.050,0.163,0.345,,1.0416,-0.1550,1.8066,0.1012,0.2958,-0.1225,0.0005,-0.3473,0.0146,1,3.20,0.142,0.277,0.232,,0.0100,0.1343,1.3788,0.0024,-0.3570,-0.1732,-0.0003,0.3485,0.0149,1,0.36,0.021,0.006,0.026,,-0.0050,-0.1841,1.8253,0.0011,0.3365,-0.1176,-0.0996,-0.3067,0.0149,1,0.63,0.014,0.062,0.013,,1.0566,0.1058,1.4132,-0.0977,-0.3168,-0.1683,-0.1003,0.3081,0.0145,1,3.64,0.037,0.430,0.177,,-1.0525,-0.1704,1.8168,-0.0988,0.2961,-0.1199
1.132,1076,tripod,-0.0036,0.0224,0.1588,-0.0794,-0.0134,-0.0007,-0.0000,0.0002,0.0009,-0.0000,-0.0001,0.0000,0.000,0.000,-0.0715,-0.0120,-0.0794,-0.0134,-0.0007,0.1274,0,0.0979,-0.2921,0.1149,1,1.80,0.069,0.284,0.018,,-1.0425,-0.4666,1.9138,0.1011,-0.3098,-0.0701,0.0998,0.3074,0.0146,1,3.00,0.050,0.163,0.346,,1.0416,-0.1549,1.8065,0.1012,0.2958,-0.1225,0.0005,-0.3473,0.0146,1,3.20,0.142,0.277,0.232,,0.0100,0.1345,1.3787,0.0024,-0.3570,-0.1732,-0.0003,0.3485,0.0149,1,0.37,0.021,0.006,0.026,,-0.0050,-0.1840,1.8253,0.0011,0.3365,-0.1176,-0.0996,-0.3067,0.0149,1,0.63,0.014,0.063,0.013,,1.0566,0.1059,1.4130,-0.0977,-0.3168,-0.1683,-0.1003,0.3081,0.0145,1,3.64,0.037,0.430,0.177,,-1.0525,-0.1703,1.8167,-0.0988,0.2961,-0.1199
1.138,1080,tripod,-0.0036,0.0224,0.1589,-0.0794,-0.0134,-0.0007,-0.0000,0.0002,0.0010,-0.0000,-0.0001,-0.0000,0.000,0.000,-0.0715,-0.0120,-0.0794,-0.0134,-0.0007,0.1275,0,0.0979,-0.2921,0.1149,1,1.80,0.068,0.285,0.019,,-1.0425,-0.4665,1.9137,0.1011,-0.3098,-0.0701,0.0998,0.3074,0.0146,1,3.00,0.050,0.163,0.346,,1.0416,-0.1548,1.8064,0.1012,0.2958,-0.1225,0.0005,-0.3473,0.0145,1,3.20,0.142,0.277,0.232,,0.0100,0.1346,1.3786,0.0024,-0.3571,-0.1732,-0.0003,0.3485,0.0149,1,0.37,0.021,0.006,0.026,,-0.0050,-0.1839,1.8252,0.0011,0.3365,-0.1176,-0.0996,-0.3067,0.0149,1,0.63,0.015,0.064,0.013,,1.0566,0.1060,1.4129,-0.0977,-0.3168,-0.1683,-0.1003,0.3081,0.0145,1,3.64,0.037,0.430,0.178,,-1.0525,-0.1702,1.8166,-0.0988,0.2961,-0.1199
1.142,1084,tripod,-0.0036,0.0224,0.1589,-0.0794,-0.0134,-0.0007,-0.0000,0.0002,0.0009,-0.0000,-0.0001,-0.0000,0.000,0.000,-0.0715,-0.0120,-0.0794,-0.0134,-0.0007,0.1275,0,0.0979,-0.2921,0.1149,1,1.79,0.067,0.285,0.020,,-1.0425,-0.4664,1.9137,0.1011,-0.3098,-0.0702,0.0998,0.3074,0.0146,1,3.00,0.050,0.163,0.346,,1.0416,-0.1547,1.8064,0.1012,0.2958,-0.1225,0.0005,-0.3473,0.0145,1,3.20,0.141,0.277,0.232,,0.0100,0.1347,1.3785,0.0024,-0.3571,-0.1732,-0.0003,0.3485,0.0149,1,0.37,0.021,0.006,0.026,,-0.0050,-0.1838,1.8251,0.0011,0.3365,-0.1176,-0.0996,-0.3067,0.0149,1,0.64,0.015,0.064,0.013,,1.0566,0.1061,1.4128,-0.0977,-0.3168,-0.1683,-0.1003,0.3081,0.0145,1,3.64,0.038,0.430,0.178,,-1.0525,-0.1701,1.8165,-0.0988,0.2961,-0.1199
1.147,1088,tripod,-0.0036,0.0224,0.1589,-0.0794,-0.0134,-0.0007,-0.0000,0.0002,0.0009,0.0000,-0.0001,-0.0000,0.000,0.000,-0.0715,-0.0120,-0.0794,-0.0134,-0.0007,0.1275,0,0.0979,-0.2921,0.1149,1,1.79,0.066,0.285,0.021,,-1.0425,-0.4663,1.9136,0.1011,-0.3098,-0.0702,0.0998,0.3074,0.0146,1,3.00,0.050,0.163,0.346,,1.0416,-0.1546,1.8063,0.1012,0.2958,-0.1226,0.0005,-0.3473,0.0145,1,3.19,0.141,0.277,0.232,,0.0100,0.1347,1.3783,0.0024,-0.3571,-0.1733,-0.0003,0.3485,0.0149,1,0.37,0.021,0.006,0.027,,-0.0050,-0.1837,1.8251,0.0011,0.3365,-0.1177,-0.0996,-0.3067,0.0149,1,0.64,0.015,0.065,0.012,,1.0566,0.1062,1.4127,-0.0977,-0.3168,-0.1683,-0.1003,0.3081,0.0145,1,3.64,0.038,0.430,0.178,,-1.0525,-0.1701,1.8165,-0.0988,0.2961,-0.1200
1.151,1092,tripod,-0.0036,0.0224,0.1589,-0.0794,-0.0134,-0.0007,-0.0000,0.0002,0.0008,0.0000,-0.0001,-0.0000,0.000,0.000,-0.0715,-0.0120,-0.0794,-0.0134,-0.0007,0.1275,0,0.0979,-0.2921,0.1149,1,1.79,0.064,0.284,0.022,,-1.0425,-0.4663,1.9135,0.1011,-0.3098,-0.0702,0.0998,0.3074,0.0146,1,3.00,0.050,0.162,0.346,,1.0416,-0.1545,1.8063,0.1012,0.2958,-0.1226,0.0005,-0.3473,0.0145,1,3.19,0.141,0.277,0.231,,0.0100,0.1348,1.3782,0.0024,-0.3571,-0.1733,-0.0003,0.3485,0.0149,1,0.37,0.022,0.006,0.027,,-0.0051,-0.1836,1.8250,0.0011,0.3365,-0.1177,-0.0996,-0.3067,0.0149,1,0.65,0.016,0.066,0.012,,1.0566,0.1063,1.4126,-0.0977,-0.3168,-0.1684,-0.1003,0.3081,0.0145,1,3.65,0.038,0.430,0.178,,-1.0525,-0.1700,1.8164,-0.0988,0.2961,-0.1200
1.155,1096,tripod,-0.0036,0.0224,0.1589,-0.0794,-0.0134,-0.0007,-0.0000,0.0001,0.0007,0.0000,-0.0001,-0.0000,0.000,0.000,-0.0715,-0.0120,-0.0794,-0.0134,-0.0007,0.1275,0,0.0979,-0.2921,0.1149,1,1.78,0.063,0.282,0.022,,-1.0425,-0.4662,1.9135,0.1011,-0.3098,-0.0702,0.0998,0.3074,0.0146,1,3.00,0.050,0.162,0.346,,1.0416,-0.1544,1.8062,0.1012,0.2958,-0.1226,0.0005,-0.3473,0.0145,1,3.20,0.140,0.277,0.231,,0.0100,0.1349,1.3781,0.0024,-0.3571,-0.1733,-0.0003,0.3485,0.0149,1,0.37,0.022,0.006,0.027,,-0.0051,-0.1835,1.8250,0.0011,0.3365,-0.1177,-0.0996,-0.3067,0.0149,1,0.65,0.016,0.067,0.012,,1.0566,0.1064,1.4125,-0.0977,-0.3168,-0.1684,-0.1003,0.3081,0.0145,1,3.65,0.038,0.430,0.178,,-1.0525,-0.1699,1.8164,-0.0988,0.2961,-0.1200
1.160,1100,tripod,-0.0036,0.0224,0.1589,-0.0794,-0.0134,-0.0007,-0.0000,0.0001,0.0006,0.0000,-0.0001,-0.0000,0.000,0.000,-0.0715,-0.0120,-0.0794,-0.0134,-0.0007,0.1275,0,0.0979,-0.2921,0.1149,1,1.78,0.062,0.281,0.022,,-1.0425,-0.4661,1.9135,0.1011,-0.3098,-0.0702,0.0998,0.3074,0.0146,1,3.00,0.050,0.161,0.346,,1.0416,-0.1544,1.8062,0.1012,0.2958,-0.1226,0.0005,-0.3473,0.0145,1,3.20,0.140,0.277,0.231,,0.0100,0.1350,1.3781,0.0024,-0.3571,-0.1733,-0.0003,0.3485,0.0149,1,0.37,0.022,0.006,0.027,,-0.0051,-0.1835,1.8249,0.0011,0.3365,-0.1177,-0.0996,-0.3067,0.0149,1,0.65,0.016,0.067,0.012,,1.0566,0.1064,1.4124,-0.0977,-0.3168,-0.1684,-0.1003,0.3081,0.0145,1,3.65,0.039,0.430,0.178,,-1.0525,-0.1698,1.8163,-0.0988,0.2961,-0.1200
1.164,1104,tripod,-0.0036,0.0224,0.1589,-0.0794,-0.0134,-0.0007,-0.0000,0.0001,0.0004,0.0000,-0.0001,-0.0000,0.000,0.000,-0.0715,-0.0120,-0.0794,-0.0134,-0.0007,0.1275,0,0.0979,-0.2921,0.1149,1,1.78,0.060,0.279,0.022,,-1.0425,-0.4661,1.9134,0.1011,-0.3098,-0.0702,0.0998,0.3074,0.0146,1,2.99,0.050,0.161,0.346,,1.0416,-0.1543,1.8061,0.1012,0.2958,-0.1226,0.0005,-0.3473,0.0145,1,3.20,0.140,0.277,0.231,,0.0100,0.1350,1.3780,0.0024,-0.3571,-0.1733,-0.0003,0.3485,0.0149,1,0.37,0.023,0.006,0.027,,-0.0051,-0.1834,1.8249,0.0011,0.3365,-0.1177,-0.0996,-0.3067,0.0149,1,0.66,0.016,0.068,0.013,,1.0566,0.1065,1.4124,-0.0977,-0.3168,-0.1684,-0.1003,0.3081,0.0145,1,3.65,0.039,0.430,0.178,,-1.0525,-0.1698,1.8163,-0.0988,0.2961,-0.1200
1.168,1108,tripod,-0.0036,0.0224,0.1589,-0.0794,-0.0134,-0.0007,-0.0000,0.0001,0.0003,0.0000,-0.0001,-0.0000,0.000,0.000,-0.0715,-0.0120,-0.0794,-0.0134,-0.0007,0.1275,0,0.0979,-0.2921,0.1149,1,1.78,0.059,0.278,0.022,,-1.0425,-0.4660,1.9134,0.1011,-0.3098,-0.0702,0.0998,0.3074,0.0146,1,2.99,0.049,0.160,0.346,,1.0416,-0.1543,1.8061,0.1012,0.2958,-0.1226,0.0005,-0.3473,0.0145,1,3.20,0.140,0.277,0.231,,0.0100,0.1351,1.3779,0.0024,-0.3571,-0.1733,-0.0003,0.3485,0.0149,1,0.37,0.023,0.006,0.027,,-0.0051,-0.1834,1.8249,0.0011,0.3365,-0.1177,-0.0996,-0.3067,0.0149,1,0.66,0.017,0.068,0.013,,1.0566,0.1065,1.4123,-0.0977,-0.3168,-0.1684,-0.1003,0.3081,0.0145,1,3.66,0.039,0.431,0.178,,-1.0525,-0.1697,1.8163,-0.0988,0.2961,-0.1200
1.173,1112,tripod,-0.0036,0.0224,0.1589,-0.0794,-0.0134,-0.0007,-0.0000,0.0000,0.0002,0.0000,-0.0001,-0.0000,0.000,0.000,-0.0715,-0.0121,-0.0794,-0.0134,-0.0007,0.1275,0,0.0979,-0.2921,0.1149,1,1.78,0.057,0.277,0.022,,-1.0425,-0.4660,1.9134,0.1011,-0.3098,-0.0702,0.0998,0.3074,0.0146,1,2.99,0.049,0.160,0.346,,1.0416,-0.1543,1.8061,0.1012,0.2958,-0.1226,0.0005,-0.3473,0.0145,1,3.20,0.139,0.277,0.231,,0.0100,0.1351,1.3779,0.0024,-0.3571,-0.1733,-0.0003,0.3485,0.0149,1,0.37,0.023,0.006,0.027,,-0.0051,-0.1834,1.8248,0.0011,0.3365,-0.1177,-0.0996,-0.3067,0.0149,1,0.67,0.017,0.069,0.013,,1.0566,0.1065,1.4123,-0.0977,-0.3168,-0.1684,-0.1003,0.3081,0.0145,1,3.66,0.039,0.431,0.178,,-1.0525,-0.1697,1.8162,-0.0988,0.2961,-0.1200
1.179,1116,tripod,-0.0036,0.0224,0.1590,-0.0794,-0.0134,-0.0007,-0.0000,0.0000,0.0001,0.0000,-0.0001,-0.0000,0.000,0.000,-0.0715,-0.0121,-0.0794,-0.0134,-0.0007,0.1276,0,0.0979,-0.2921,0.1149,1,1.78,0.056,0.276,0.022,,-1.0425,-0.4660,1.9134,0.1011,-0.3098,-0.0702,0.0998,0.3074,0.0146,1,2.98,0.049,0.159,0.346,,1.0416,-0.1542,1.8061,0.1012,0.2958,-0.1226,0.0005,-0.3473,0.0145,1,3.20,0.139,0.277,0.231,,0.0100,0.1351,1.3779,0.0024,-0.3571,-0.1733,-0.0003,0.3485,0.0149,1,0.37,0.023,0.006,0.026,,-0.0051,-0.1833,1.8248,0.0011,0.3365,-0.1177,-0.0996,-0.3067,0.0149,1,0.67,0.017,0.069,0.013,,1.0566,0.1066,1.4123,-0.0977,-0.3168,-0.1684,-0.1003,0.3081,0.0145,1,3.66,0.040,0.431,0.178,,-1.0525,-0.1697,1.8162,-0.0988,0.2961,-0.1200
1.183,1120,tripod,-0.0036,0.0224,0.1590,-0.0794,-0.0134,-0.0007,-0.0000,0.0000,0.0001,0.0000,-0.0001,-0.0000,0.000,0.000,-0.0715,-0.0121,-0.0794,-0.0134,-0.0007,0.1276,0,0.0979,-0.2921,0.1149,1,1.78,0.055,0.274,0.022,,-1.0425,-0.4660,1.9134,0.1011,-0.3098,-0.0702,0.0998,0.3074,0.0146,1,2.98,0.048,0.159,0.345,,1.0416,-0.1542,1.8060,0.1012,0.2958,-0.1226,0.0005,-0.3473,0.0145,1,3.20,0.139,0.277,0.231,,0.0100,0.1351,1.3779,0.0024,-0.3571,-0.1733,-0.0003,0.3485,0.0149,1,0.37,0.024,0.006,0.026,,-0.0051,-0.1833,1.8248,0.0011,0.3365,-0.1177,-0.0996,-0.3067,0.0149,1,0.67,0.017,0.070,0.013,,1.0566,0.1066,1.4123,-0.0977,-0.3168,-0.1684,-0.1003,0.3081,0.0145,1,3.66,0.040,0.431,0.178,,-1.0525,-0.1697,1.8162,-0.0988,0.2961,-0.1200
1.187,1124,tripod,-0.0036,0.0224,0.1590,-0.0794,-0.0134,-0.0007,-0.0000,-0.0000,0.0000,0.0000,-0.0001,-0.0000,0.000,0.000,-0.0715,-0.0121,-0.0794,-0.0134,-0.0007,0.1276,0,0.0979,-0.2921,0.1149,1,1.78,0.054,0.274,0.021,,-1.0425,-0.4660,1.9134,0.1011,-0.3098,-0.0702,0.0998,0.3074,0.0146,1,2.98,0.048,0.159,0.345,,1.0416,-0.1542,1.8060,0.1012,0.2958,-0.1226,0.0005,-0.3473,0.0145,1,3.20,0.138,0.277,0.231,,0.0100,0.1351,1.3779,0.0024,-0.3571,-0.1733,-0.0003,0.3485,0.0149,1,0.36,0.024,0.006,0.026,,-0.0051,-0.1833,1.8248,0.0011,0.3365,-0.1177,-0.0996,-0.3067,0.0149,1,0.67,0.018,0.070,0.013,,1.0566,0.1066,1.4122,-0.0977,-0.3168,-0.1684,-0.1003,0.3081,0.0145,1,3.66,0.040,0.431,0.178,,-1.0525,-0.1697,1.8162,-0.0988,0.2961,-0.1200
1.192,1128,tripod,-0.0036,0.0224,0.1590,-0.0794,-0.0134,-0.0007,-0.0000,-0.0000,-0.0000,0.0000,-0.0001,-0.0000,0.000,0.000,-0.0715,-0.0121,-0.0794,-0.0134,-0.0007,0.1276,0,0.0979,-0.2921,0.1149,1,1.78,0.052,0.273,0.021,,-1.0425,-0.4660,1.9134,0.1011,-0.3098,-0.0702,0.0998,0.3074,0.0146,1,2.98,0.048,0.158,0.345,,1.0416,-0.1542,1.8060,0.1012,0.2958,-0.1226,0.0005,-0.3473,0.0145,1,3.20,0.138,0.277,0.231,,0.0100,0.1351,1.3779,0.0024,-0.3571,-0.1733,-0.0003,0.3485,0.0149,1,0.36,0.024,0.006,0.026,,-0.0051,-0.1833,1.8248,0.0011,0.3365,-0.1177,-0.0996,-0.3067,0.0149,1,0.68,0.018,0.070,0.013,,1.0567,0.1066,1.4122,-0.0977,-0.3168,-0.1684,-0.1003,0.3081,0.0145,1,3.66,0.040,0.432,0.178,,-1.0525,-0.1697,1.8162,-0.0988,0.2961,-0.1200
1.196,1132,tripod,-0.0036,0.0224,0.1590,-0.0794,-0.0134,-0.0007,-0.0000,-0.0000,-0.0001,0.0000,-0.0001,-0.0000,0.000,0.000,-0.0715,-0.0121,-0.0794,-0.0134,-0.0007,0.1276,0,0.0979,-0.2921,0.1149,1,1.78,0.051,0.272,0.021,,-1.0425,-0.4660,1.9134,0.1011,-0.3098,-0.0702,0.0998,0.3074,0.0146,1,2.97,0.048,0.158,0.345,,1.0416,-0.1542,1.8061,0.1012,0.2958,-0.1226,0.0005,-0.3473,0.0145,1,3.20,0.137,0.277,0.231,,0.0100,0.1351,1.3779,0.0024,-0.3571,-0.1733,-0.0003,0.3485,0.0149,1,0.36,0.024,0.006,0.026,,-0.0051,-0.1833,1.8248,0.0011,0.3365,-0.1177,-0.0996,-0.3067,0.0149,1,0.68,0.018,0.070,0.013,,1.0567,0.1066,1.4123,-0.0977,-0.3168,-0.1684,-0.1003,0.3081,0.0145,1,3.66,0.040,0.432,0.178,,-1.0525,-0.1697,1.8162,-0.0988,0.2961,-0.1200
1.200,1136,tripod,-0.0036,0.0224,0.1590,-0.0794,-0.0134,-0.0007,-0.0000,-0.0000,-0.0001,0.0000,-0.0001,-0.0000,0.000,0.000,-0.0715,-0.0121,-0.0794,-0.0134,-0.0007,0.1276,0,0.0979,-0.2921,0.1149,1,1.78,0.050,0.271,0.021,,-1.0425,-0.4660,1.9134,0.1011,-0.3098,-0.0702,0.0998,0.3074,0.0146,1,2.97,0.048,0.157,0.345,,1.0416,-0.1542,1.8061,0.1012,0.2958,-0.1226,0.0005,-0.3473,0.0145,1,3.20,0.137,0.277,0.231,,0.0100,0.1351,1.3779,0.0024,-0.3571,-0.1733,-0.0003,0.3485,0.0149,1,0.36,0.024,0.005,0.026,,-0.0051,-0.1833,1.8248,0.0011,0.3365,-0.1177,-0.0996,-0.3067,0.0149,1,0.68,0.019,0.071,0.013,,1.0567,0.1066,1.4123,-0.0977,-0.3168,-0.1684,-0.1003,0.3081,0.0145,1,3.67,0.040,0.432,0.178,,-1.0525,-0.1697,1.8162,-0.0988,0.2961,-0.1200
1.205,1140,tripod,-0.0036,0.0224,0.1589,-0.0794,-0.0134,-0.0007,-0.0000,-0.0000,-0.0001,0.0000,-0.0001,-0.0000,0.000,0.000,-0.0715,-0.0121,-0.0794,-0.0134,-0.0007,0.1275,0,0.0979,-0.2921,0.1149,1,1.78,0.049,0.271,0.021,,-1.0425,-0.4660,1.9134,0.1011,-0.3098,-0.0702,0.0998,0.3074,0.0146,1,2.97,0.048,0.157,0.345,,1.0416,-0.1543,1.8061,0.1012,0.2958,-0.1226,0.0005,-0.3473,0.0145,1,3.20,0.136,0.277,0.231,,0.0100,0.1351,1.3779,0.0024,-0.3571,-0.1733,-0.0003,0.3485,0.0149,1,0.36,0.025,0.005,0.026,,-0.0051,-0.1834,1.8248,0.0011,0.3365,-0.1177,-0.0996,-0.3067,0.0149,1,0.68,0.019,0.071,0.013,,1.0567,0.1065,1.4123,-0.0977,-0.3168,-0.1684,-0.1003,0.3081,0.0145,1,3.67,0.040,0.432,0.178,,-1.0525,-0.1697,1.8162,-0.0988,0.2961,-0.1200
1.209,1144,tripod,-0.0036,0.0224,0.1589,-0.0794,-0.0134,-0.0007,-0.0000,-0.0000,-0.0001,0.0000,-0.0001,-0.0000,0.000,0.000,-0.0715,-0.0121,-0.0794,-0.0134,-0.0007,0.1275,0,0.0979,-0.2921,0.1149,1,1.78,0.048,0.270,0.020,,-1.0425,-0.4660,1.9134,0.1011,-0.3098,-0.0702,0.0998,0.3074,0.0146,1,2.97,0.048,0.157,0.345,,1.0416,-0.1543,1.8061,0.1012,0.2958,-0.1226,0.0005,-0.3473,0.0145,1,3.20,0.136,0.277,0.231,,0.0100,0.1351,1.3779,0.0024,-0.3571,-0.1733,-0.0003,0.3485,0.0149,1,0.36,0.025,0.005,0.026,,-0.0051,-0.1834,1.8248,0.0011,0.3365,-0.1177,-0.0996,-0.3067,0.0149,1,0.68,0.020,0.071,0.014,,1.0567,0.1065,1.4123,-0.0977,-0.3168,-0.1684,-0.1003,0.3081,0.0145,1,3.67,0.040,0.432,0.178,,-1.0525,-0.1697,1.8162,-0.0988,0.2961,-0.1200
1.214,1148,tripod,-0.0036,0.0224,0.1589,-0.0794,-0.0134,-0.0007,-0.0000,-0.0000,-0.0001,0.0000,-0.0001,-0.0000,0.000,0.000,-0.0715,-0.0121,-0.0794,-0.0134,-0.0007,0.1275,0,0.0979,-0.2921,0.1149,1,1.77,0.047,0.270,0.020,,-1.0425,-0.4660,1.9134,0.1011,-0.3098,-0.0702,0.0998,0.3074,0.0146,1,2.96,0.048,0.156,0.345,,1.0416,-0.1543,1.8061,0.1012,0.2958,-0.1226,0.0005,-0.3473,0.0145,1,3.20,0.135,0.277,0.231,,0.0100,0.1351,1.3779,0.0024,-0.3571,-0.1733,-0.0003,0.3485,0.0149,1,0.36,0.025,0.005,0.026,,-0.0051,-0.1834,1.8248,0.0011,0.3365,-0.1177,-0.0996,-0.3067,0.0149,1,0.69,0.020,0.071,0.014,,1.0567,0.1065,1.4123,-0.0977,-0.3168,-0.1684,-0.1003,0.3081,0.0145,1,3.67,0.041,0.433,0.178,,-1.0525,-0.1697,1.8162,-0.0988,0.2961,-0.1200
1.219,1152,tripod,-0.0036,0.0224,0.1589,-0.0794,-0.0134,-0.0007,-0.0000,-0.0000,-0.0001,0.0000,-0.0001,-0.0000,0.000,0.000,-0.0715,-0.0121,-0.0794,-0.0134,-0.0007,0.1275,0,0.0979,-0.2921,0.1149,1,1.77,0.046,0.270,0.020,,-1.0425,-0.4660,1.9134,0.1011,-0.3098,-0.0702,0.0998,0.3074,0.0146,1,2.96,0.048,0.156,0.345,,1.0416,-0.1543,1.8061,0.1012,0.2958,-0.1226,0.0005,-0.3473,0.0145,1,3.20,0.135,0.277,0.231,,0.0100,0.1351,1.3780,0.0024,-0.3571,-0.1733,-0.0003,0.3485,0.0149,1,0.36,0.025,0.005,0.026,,-0.0051,-0.1834,1.8248,0.0011,0.3365,-0.1177,-0.0996,-0.3067,0.0149,1,0.69,0.021,0.072,0.014,,1.0567,0.1065,1.4123,-0.0977,-0.3168,-0.1684,-0.1003,0.3081,0.0145,1,3.67,0.041,0.433,0.178,,-1.0525,-0.1697,1.8163,-0.0988,0.2961,-0.1200
1.223,1156,tripod,-0.0036,0.0224,0.1589,-0.0794,-0.0134,-0.0007,-0.0000,-0.0000,-0.0001,0.0000,-0.0001,-0.0000,0.000,0.000,-0.0715,-0.0121,-0.0794,-0.0134,-0.0007,0.1275,0,0.0979,-0.2921,0.1149,1,1.77,0.045,0.269,0.020,,-1.0425,-0.4660,1.9134,0.1011,-0.3098,-0.0702,0.0998,0.3074,0.0146,1,2.96,0.047,0.156,0.345,,1.0416,-0.1543,1.8061,0.1012,0.2958,-0.1226,0.0005,-0.3473,0.0145,1,3.20,0.134,0.277,0.231,,0.0100,0.1350,1.3780,0.0024,-0.3571,-0.1733,-0.0003,0.3485,0.0149,1,0.36,0.025,0.005,0.026,,-0.0051,-0.1834,1.8249,0.0011,0.3365,-0.1177,-0.0996,-0.3067,0.0149,1,0.69,0.021,0.072,0.014,,1.0567,0.1065,1.4123,-0.0977,-0.3168,-0.1684,-0.1003,0.3081,0.0145,1,3.68,0.041,0.433,0.178,,-1.0525,-0.1698,1.8163,-0.0988,0.2961,-0.1200
1.228,1160,tripod,-0.0036,0.0224,0.1589,-0.0794,-0.0134,-0.0007,-0.0000,-0.0000,-0.0001,-0.0000,-0.0001,-0.0000,0.000,0.000,-0.0715,-0.0121,-0.0794,-0.0134,-0.0007,0.1275,0,0.0979,-0.2921,0.1149,1,1.77,0.044,0.269,0.020,,-1.0425,-0.4661,1.9134,0.1011,-0.3098,-0.0702,0.0998,0.3074,0.0146,1,2.96,0.047,0.155,0.345,,1.0416,-0.1543,1.8061,0.1012,0.2958,-0.1226,0.0005,-0.3473,0.0145,1,3.20,0.134,0.277,0.231,,0.0100,0.1350,1.3780,0.0024,-0.3571,-0.1733,-0.0003,0.3485,0.0149,1,0.36,0.025,0.005,0.027,,-0.0051,-0.1834,1.8249,0.0011,0.3365,-0.1177,-0.0996,-0.3067,0.0149,1,0.69,0.022,0.072,0.014,,1.0567,0.1065,1.4124,-0.0977,-0.3168,-0.1684,-0.1003,0.3081,0.0145,1,3.68,0.041,0.433,0.178,,-1.0525,-0.1698,1.8163,-0.0988,0.2961,-0.1200
1.233,1164,tripod,-0.0036,0.0224,0.1589,-0.0794,-0.0134,-0.0007,-0.0000,-0.0000,-0.0001,-0.0000,-0.0001,-0.0000,0.000,0.000,-0.0715,-0.0121,-0.0794,-0.0134,-0.0007,0.1275,0,0.0979,-0.2921,0.1149,1,1.76,0.043,0.268,0.020,,-1.0425,-0.4661,1.9134,0.1011,-0.3098,-0.0702,0.0998,0.3074,0.0146,1,2.96,0.047,0.155,0.345,,1.0416,-0.1543,1.8061,0.1012,0.2958,-0.1226,0.0005,-0.3473,0.0145,1,3.20,0.133,0.277,0.231,,0.0100,0.1350,1.3780,0.0024,-0.3571,-0.1733,-0.0003,0.3485,0.0149,1,0.36,0.025,0.005,0.027,,-0.0051,-0.1834,1.8249,0.0011,0.3365,-0.1177,-0.0996,-0.3067,0.0149,1,0.69,0.022,0.073,0.014,,1.0567,0.1065,1.4124,-0.0977,-0.3168,-0.1684,-0.1003,0.3081,0.0145,1,3.68,0.041,0.434,0.178,,-1.0525,-0.1698,1.8163,-0.0988,0.2961,-0.1200
1.237,1168,tripod,-0.0036,0.0224,0.1589,-0.0794,-0.0134,-0.0007,-0.0000,-0.0000,-0.0001,-0.0000,-0.0001,-0.0000,0.000,0.000,-0.0715,-0.0121,-0.0794,-0.0134,-0.0007,0.1275,0,0.0979,-0.2921,0.1149,1,1.76,0.042,0.268,0.020,,-1.0425,-0.4661,1.9134,0.1011,-0.3098,-0.0702,0.0998,0.3074,0.0146,1,2.95,0.047,0.155,0.345,,1.0416,-0.1543,1.8061,0.1012,0.2958,-0.1226,0.0005,-0.3473,0.0145,1,3.20,0.133,0.277,0.231,,0.0100,0.1350,1.3780,0.0024,-0.3571,-0.1733,-0.0003,0.3485,0.0149,1,0.36,0.025,0.005,0.027,,-0.0051,-0.1834,1.8249,0.0011,0.3365,-0.1177,-0.0996,-0.3067,0.0149,1,0.70,0.023,0.073,0.014,,1.0567,0.1065,1.4124,-0.0977,-0.3168,-0.1684,-0.1003,0.3081,0.0145,1,3.68,0.041,0.434,0.178,,-1.0525,-0.1698,1.8163,-0.0988,0.2961,-0.1200
1.241,1172,tripod,-0.0036,0.0224,0.1589,-0.0794,-0.0134,-0.0007,-0.0000,-0.0000,-0.0001,-0.0000,-0.0001,-0.0000,0.000,0.000,-0.0715,-0.0121,-0.0794,-0.0134,-0.0007,0.1275,0,0.0979,-0.2921,0.1149,1,1.76,0.041,0.268,0.021,,-1.0425,-0.4661,1.9134,0.1011,-0.3098,-0.0702,0.0998,0.3074,0.0146,1,2.95,0.047,0.154,0.345,,1.0416,-0.1544,1.8061,0.1012,0.2958,-0.1226,0.0005,-0.3473,0.0145,1,3.20,0.132,0.278,0.231,,0.0100,0.1350,1.3780,0.0024,-0.3571,-0.1733,-0.0003,0.3485,0.0149,1,0.37,0.025,0.005,0.027,,-0.0051,-0.1834,1.8249,0.0011,0.3365,-0.1177,-0.0996,-0.3067,0.0149,1,0.70,0.024,0.074,0.014,,1.0567,0.1065,1.4124,-0.0977,-0.3168,-0.1684,-0.1003,0.3081,0.0145,1,3.69,0.041,0.434,0.178,,-1.0525,-0.1698,1.8163,-0.0988,0.2961,-0.1200
1.245,1176,tripod,-0.0036,0.0224,0.1589,-0.0794,-0.0134,-0.0007,-0.0000,0.0000,-0.0001,-0.0000,-0.0001,-0.0000,0.000,0.000,-0.0715,-0.0121,-0.0794,-0.0134,-0.0007,0.1275,0,0.0979,-0.2921,0.1149,1,1.75,0.040,0.267,0.021,,-1.0425,-0.4661,1.9134,0.1011,-0.3098,-0.0702,0.0998,0.3074,0.0146,1,2.95,0.047,0.154,0.346,,1.0416,-0.1544,1.8061,0.1012,0.2958,-0.1226,0.0005,-0.3473,0.0145,1,3.20,0.132,0.278,0.231,,0.0100,0.1350,1.3780,0.0024,-0.3571,-0.1733,-0.0003,0.3485,0.0149,1,0.37,0.025,0.005,0.027,,-0.0051,-0.1835,1.8249,0.0011,0.3365,-0.1177,-0.0996,-0.3067,0.0149,1,0.70,0.024,0.074,0.014,,1.0567,0.1065,1.4124,-0.0977,-0.3168,-0.1684,-0.1003,0.3081,0.0145,1,3.69,0.041,0.434,0.179,,-1.0525,-0.1698,1.8163,-0.0988,0.2961,-0.1200
1.249,1180,tripod,-0.0036,0.0224,0.1589,-0.0794,-0.0134,-0.0007,-0.0000,0.0000,-0.0000,-0.0000,-0.0001,-0.0000,0.000,0.000,-0.0715,-0.0121,-0.0794,-0.0134,-0.0007,0.1275,0,0.0979,-0.2921,0.1149,1,1.75,0.039,0.267,0.021,,-1.0425,-0.4661,1.9134,0.1011,-0.3098,-0.0702,0.0998,0.3074,0.0146,1,2.95,0.047,0.153,0.346,,1.0416,-0.1544,1.8061,0.1012,0.2958,-0.1226,0.0005,-0.3473,0.0145,1,3.20,0.131,0.278,0.231,,0.0100,0.1350,1.3780,0.0024,-0.3571,-0.1733,-0.0003,0.3485,0.0149,1,0.37,0.025,0.005,0.027,,-0.0051,-0.1835,1.8249,0.0011,0.3365,-0.1177,-0.0996,-0.3067,0.0149,1,0.70,0.024,0.075,0.013,,1.0567,0.1065,1.4124,-0.0977,-0.3168,-0.1684,-0.1003,0.3081,0.0145,1,3.69,0.041,0.435,0.179,,-1.0525,-0.1698,1.8163,-0.0988,0.2961,-0.1200
1.254,1184,tripod,-0.0036,0.0224,0.1589,-0.0794,-0.0134,-0.0007,-0.0000,0.0000,-0.0000,-0.0000,-0.0001,-0.0000,0.000,0.000,-0.0715,-0.0121,-0.0794,-0.0134,-0.0007,0.1275,0,0.0979,-0.2921,0.1149,1,1.74,0.038,0.266,0.021,,-1.0425,-0.4661,1.9134,0.1011,-0.3098,-0.0702,0.0998,0.3074,0.0146,1,2.95,0.047,0.153,0.346,,1.0416,-0.1544,1.8062,0.1012,0.2958,-0.1226,0.0005,-0.3473,0.0145,1,3.20,0.131,0.278,0.231,,0.0100,0.1350,1.3780,0.0024,-0.3571,-0.1733,-0.0003,0.3485,0.0149,1,0.37,0.025,0.005,0.027,,-0.0051,-0.1835,1.8249,0.0011,0.3365,-0.1177,-0.0996,-0.3067,0.0149,1,0.71,0.025,0.075,0.013,,1.0567,0.1065,1.4124,-0.0977,-0.3168,-0.1684,-0.1003,0.3081,0.0145,1,3.69,0.041,0.435,0.179,,-1.0525,-0.1698,1.8163,-0.0988,0.2961,-0.1200
1.259,1188,tripod,-0.0036,0.0224,0.1589,-0.0794,-0.0134,-0.0007,-0.0000,0.0000,-0.0000,-0.0000,-0.0001,-0.0000,0.000,0.000,-0.0715,-0.0121,-0.0794,-0.0134,-0.0007,0.1275,0,0.0979,-0.2921,0.1149,1,1.74,0.037,0.266,0.021,,-1.0425,-0.4661,1.9134,0.1011,-0.3098,-0.0702,0.0998,0.3074,0.0146,1,2.95,0.047,0.153,0.346,,1.0416,-0.1544,1.8062,0.1012,0.2958,-0.1226,0.0005,-0.3473,0.0145,1,3.20,0.130,0.278,0.231,,0.0100,0.1350,1.3780,0.0024,-0.3571,-0.1733,-0.0003,0.3485,0.0149,1,0.37,0.025,0.005,0.027,,-0.0051,-0.1835,1.8249,0.0011,0.3365,-0.1177,-0.0996,-0.3067,0.0149,1,0.71,0.025,0.075,0.013,,1.0567,0.1065,1.4124,-0.0977,-0.3168,-0.1684,-0.1003,0.3081,0.0145,1,3.70,0.041,0.435,0.179,,-1.0525,-0.1698,1.8163,-0.0988,0.2961,-0.1200
1.263,1192,tripod,-0.0036,0.0224,0.1589,-0.0794,-0.0134,-0.0007,-0.0000,0.0000,-0.0000,0.0000,-0.0001,-0.0000,0.000,0.000,-0.0715,-0.0121,-0.0794,-0.0134,-0.0007,0.1275,0,0.0979,-0.2921,0.1149,1,1.74,0.036,0.266,0.021,,-1.0425,-0.4661,1.9134,0.1011,-0.3098,-0.0702,0.0998,0.3074,0.0146,1,2.95,0.047,0.152,0.346,,1.0416,-0.1544,1.8062,0.1012,0.2958,-0.1226,0.0005,-0.3473,0.0145,1,3.20,0.130,0.278,0.231,,0.0100,0.1350,1.3780,0.0024,-0.3571,-0.1733,-0.0003,0.3485,0.0149,1,0.37,0.025,0.005,0.027,,-0.0051,-0.1835,1.8249,0.0011,0.3365,-0.1177,-0.0996,-0.3067,0.0149,1,0.71,0.026,0.076,0.013,,1.0567,0.1065,1.4124,-0.0977,-0.3168,-0.1684,-0.1003,0.3081,0.0145,1,3.70,0.041,0.435,0.179,,-1.0525,-0.1698,1.8163,-0.0988,0.2961,-0.1200
1.267,1196,tripod,-0.0036,0.0224,0.1589,-0.0794,-0.0134,-0.0007,-0.0000,0.0000,-0.0000,0.0000,-0.0001,-0.0000,0.000,0.000,-0.0715,-0.0121,-0.0794,-0.0134,-0.0007,0.1275,0,0.0979,-0.2921,0.1149,1,1.73,0.035,0.265,0.021,,-1.0425,-0.4661,1.9134,0.1011,-0.3098,-0.0702,0.0998,0.3074,0.0146,1,2.94,0.047,0.152,0.346,,1.0416,-0.1544,1.8062,0.1012,0.2958,-0.1226,0.0005,-0.3473,0.0145,1,3.20,0.129,0.279,0.231,,0.0100,0.1350,1.3780,0.0024,-0.3571,-0.1733,-0.0003,0.3485,0.0149,1,0.37,0.025,0.005,0.028,,-0.0051,-0.1835,1.8249,0.0011,0.3365,-0.1177,-0.0996,-0.3067,0.0149,1,0.71,0.026,0.076,0.013,,1.0567,0.1065,1.4124,-0.0977,-0.3168,-0.1684,-0.1003,0.3081,0.0145,1,3.70,0.041,0.436,0.179,,-1.0525,-0.1698,1.8163,-0.0988,0.2961,-0.1200
1.271,1200,tripod,-0.0036,0.0224,0.1589,-0.0794,-0.0134,-0.0007,-0.0000,0.0000,-0.0000,0.0000,-0.0001,-0.0000,0.000,0.000,-0.0715,-0.0121,-0.0794,-0.0134,-0.0007,0.1275,0,0.0979,-0.2921,0.1149,1,1.73,0.034,0.265,0.022,,-1.0425,-0.4661,1.9134,0.1011,-0.3098,-0.0702,0.0998,0.3074,0.0146,1,2.94,0.047,0.152,0.346,,1.0416,-0.1544,1.8062,0.1012,0.2958,-0.1226,0.0005,-0.3473,0.0145,1,3.20,0.129,0.279,0.231,,0.0100,0.1350,1.3780,0.0024,-0.3571,-0.1733,-0.0003,0.3485,0.0149,1,0.37,0.026,0.005,0.028,,-0.0051,-0.1835,1.8249,0.0011,0.3365,-0.1177,-0.0996,-0.3067,0.0149,1,0.71,0.027,0.077,0.013,,1.0567,0.1065,1.4124,-0.0977,-0.3168,-0.1684,-0.1003,0.3081,0.0145,1,3.70,0.041,0.436,0.179,,-1.0525,-0.1698,1.8163,-0.0988,0.2961,-0.1200
