# SLARC V8.26-footclamp | rise=0.100 run=0.250 | balance=AN foothold=AN freeze=AN entry=AN | G_Z=-0.120 G_STEP=0.060
t,frame,mode,bx,by,bz,roll,pitch,yaw,vx,vy,vz,wx,wy,wz,cmd_vx,cmd_yaw,roll_bal,pitch_bal,est_roll,est_pitch,est_yaw,est_height,frozen,front_right_fx,front_right_fy,front_right_fz,front_right_contact,front_right_force,front_right_tau_coxa,front_right_tau_femur,front_right_tau_tibia,front_right_state,front_right_th_c,front_right_th_f,front_right_th_t,front_right_rfx,front_right_rfy,front_right_rfz,front_left_fx,front_left_fy,front_left_fz,front_left_contact,front_left_force,front_left_tau_coxa,front_left_tau_femur,front_left_tau_tibia,front_left_state,front_left_th_c,front_left_th_f,front_left_th_t,front_left_rfx,front_left_rfy,front_left_rfz,mid_right_fx,mid_right_fy,mid_right_fz,mid_right_contact,mid_right_force,mid_right_tau_coxa,mid_right_tau_femur,mid_right_tau_tibia,mid_right_state,mid_right_th_c,mid_right_th_f,mid_right_th_t,mid_right_rfx,mid_right_rfy,mid_right_rfz,mid_left_fx,mid_left_fy,mid_left_fz,mid_left_contact,mid_left_force,mid_left_tau_coxa,mid_left_tau_femur,mid_left_tau_tibia,mid_left_state,mid_left_th_c,mid_left_th_f,mid_left_th_t,mid_left_rfx,mid_left_rfy,mid_left_rfz,rear_right_fx,rear_right_fy,rear_right_fz,rear_right_contact,rear_right_force,rear_right_tau_coxa,rear_right_tau_femur,rear_right_tau_tibia,rear_right_state,rear_right_th_c,rear_right_th_f,rear_right_th_t,rear_right_rfx,rear_right_rfy,rear_right_rfz,rear_left_fx,rear_left_fy,rear_left_fz,rear_left_contact,rear_left_force,rear_left_tau_coxa,rear_left_tau_femur,rear_left_tau_tibia,rear_left_state,rear_left_th_c,rear_left_th_f,rear_left_th_t,rear_left_rfx,rear_left_rfy,rear_left_rfz
0.000,4,tripod,-0.0000,0.0006,0.1349,0.0000,0.0000,0.0000,0.0000,0.0004,-0.0004,-0.0001,-0.0001,-0.0000,0.000,0.000,0.0000,0.0000,0.0000,0.0000,0.0000,0.1200,0,0.3028,-0.1915,0.0148,1,2.07,0.080,0.523,0.251,,-0.0000,-0.1720,1.7318,0.3027,-0.1920,-0.1200,0.3029,0.1927,0.0148,1,2.13,0.090,0.541,0.259,,0.0000,-0.1720,1.7316,0.3027,0.1921,-0.1200,-0.0000,-0.3486,0.0148,1,2.11,0.001,0.547,0.269,,-0.0000,-0.1720,1.7316,-0.0000,-0.3491,-0.1200,-0.0000,0.3498,0.0148,1,2.10,0.001,0.542,0.267,,0.0000,-0.1720,1.7318,-0.0000,0.3491,-0.1200,-0.3029,-0.1915,0.0148,1,2.11,0.063,0.534,0.256,,0.0000,-0.1720,1.7315,-0.3027,-0.1921,-0.1200,-0.3029,0.1928,0.0148,1,2.09,0.074,0.529,0.255,,-0.0000,-0.1720,1.7313,-0.3028,0.1921,-0.1200
0.023,8,tripod,-0.0000,0.0006,0.1348,0.0000,0.0000,0.0000,-0.0000,0.0003,-0.0009,-0.0001,-0.0001,-0.0000,0.000,0.000,0.0000,0.0000,0.0000,0.0000,0.0000,0.1200,0,0.3019,-0.1909,0.0148,1,2.08,0.080,0.524,0.248,,-0.0000,-0.1720,1.7392,0.3018,-0.1915,-0.1200,0.3019,0.1922,0.0148,1,2.13,0.091,0.537,0.254,,0.0000,-0.1720,1.7390,0.3018,0.1915,-0.1200,-0.0000,-0.3475,0.0148,1,2.12,0.001,0.547,0.265,,-0.0000,-0.1720,1.7390,-0.0000,-0.3480,-0.1200,-0.0000,0.3487,0.0148,1,2.11,0.003,0.544,0.264,,0.0000,-0.1720,1.7391,-0.0000,0.3480,-0.1200,-0.3019,-0.1910,0.0148,1,2.11,0.062,0.533,0.252,,0.0000,-0.1720,1.7389,-0.3018,-0.1915,-0.1200,-0.3019,0.1922,0.0148,1,2.09,0.075,0.527,0.250,,-0.0000,-0.1720,1.7387,-0.3018,0.1915,-0.1200
0.045,12,tripod,-0.0000,0.0006,0.1348,0.0000,0.0000,0.0000,-0.0000,0.0002,-0.0012,-0.0000,-0.0001,-0.0000,0.000,0.000,0.0000,0.0000,0.0000,0.0000,0.0000,0.1200,0,0.3011,-0.1905,0.0148,1,2.07,0.079,0.521,0.243,,-0.0000,-0.1721,1.7449,0.3010,-0.1911,-0.1200,0.3011,0.1917,0.0148,1,2.13,0.091,0.536,0.250,,0.0000,-0.1720,1.7447,0.3010,0.1911,-0.1200,-0.0000,-0.3466,0.0148,1,2.13,0.002,0.549,0.263,,-0.0000,-0.1720,1.7448,-0.0000,-0.3471,-0.1200,-0.0000,0.3478,0.0148,1,2.12,0.004,0.545,0.261,,0.0000,-0.1720,1.7449,-0.0000,0.3471,-0.1200,-0.3011,-0.1905,0.0148,1,2.11,0.061,0.531,0.248,,0.0000,-0.1720,1.7447,-0.3010,-0.1911,-0.1200,-0.3012,0.1917,0.0148,1,2.09,0.076,0.525,0.246,,-0.0000,-0.1721,1.7445,-0.3011,0.1911,-0.1200
0.068,16,tripod,-0.0000,0.0006,0.1348,0.0000,0.0000,0.0000,-0.0000,0.0001,-0.0012,-0.0000,-0.0000,-0.0000,0.000,0.000,0.0000,0.0000,0.0000,0.0000,0.0000,0.1200,0,0.3005,-0.1901,0.0148,1,2.07,0.079,0.520,0.241,,-0.0000,-0.1721,1.7494,0.3004,-0.1907,-0.1200,0.3005,0.1914,0.0148,1,2.13,0.092,0.537,0.248,,0.0000,-0.1721,1.7493,0.3004,0.1907,-0.1200,-0.0000,-0.3459,0.0148,1,2.14,0.004,0.548,0.260,,-0.0000,-0.1721,1.7493,-0.0000,-0.3464,-0.1200,-0.0000,0.3471,0.0148,1,2.11,0.006,0.541,0.257,,0.0000,-0.1721,1.7494,-0.0000,0.3464,-0.1200,-0.3005,-0.1902,0.0148,1,2.11,0.060,0.530,0.245,,0.0000,-0.1721,1.7492,-0.3005,-0.1907,-0.1200,-0.3005,0.1914,0.0148,1,2.10,0.077,0.526,0.244,,-0.0000,-0.1721,1.7491,-0.3005,0.1907,-0.1200
0.091,20,tripod,-0.0000,0.0006,0.1348,0.0000,0.0000,-0.0000,-0.0000,0.0001,-0.0012,-0.0000,-0.0000,-0.0000,0.000,0.000,0.0000,0.0000,0.0000,0.0000,-0.0000,0.1200,0,0.3000,-0.1899,0.0148,1,2.09,0.078,0.522,0.240,,-0.0000,-0.1721,1.7529,0.3000,-0.1905,-0.1200,0.3000,0.1911,0.0148,1,2.14,0.090,0.537,0.246,,0.0000,-0.1721,1.7529,0.3000,0.1905,-0.1200,-0.0000,-0.3454,0.0148,1,2.12,0.000,0.543,0.256,,-0.0000,-0.1721,1.7529,-0.0000,-0.3459,-0.1200,-0.0000,0.3466,0.0148,1,2.10,0.007,0.537,0.253,,0.0000,-0.1721,1.7529,-0.0000,0.3459,-0.1200,-0.3000,-0.1899,0.0148,1,2.12,0.060,0.531,0.243,,0.0000,-0.1721,1.7528,-0.3000,-0.1905,-0.1200,-0.3001,0.1911,0.0148,1,2.11,0.079,0.528,0.242,,-0.0000,-0.1722,1.7527,-0.3000,0.1905,-0.1200
0.113,24,tripod,-0.0000,0.0006,0.1348,0.0000,0.0000,-0.0000,-0.0000,0.0000,-0.0011,-0.0000,-0.0000,-0.0000,0.000,0.000,0.0000,0.0000,0.0000,0.0000,-0.0000,0.1200,0,0.2997,-0.1897,0.0148,1,2.08,0.081,0.520,0.237,,-0.0000,-0.1722,1.7557,0.2996,-0.1903,-0.1200,0.2997,0.1909,0.0148,1,2.13,0.089,0.533,0.243,,0.0000,-0.1721,1.7557,0.2996,0.1903,-0.1200,-0.0000,-0.3449,0.0148,1,2.15,0.007,0.549,0.257,,-0.0000,-0.1721,1.7557,-0.0000,-0.3455,-0.1200,-0.0000,0.3462,0.0148,1,2.11,0.012,0.538,0.252,,0.0000,-0.1721,1.7557,-0.0000,0.3455,-0.1200,-0.2997,-0.1897,0.0148,1,2.09,0.063,0.523,0.239,,0.0000,-0.1722,1.7556,-0.2996,-0.1903,-0.1200,-0.2997,0.1909,0.0148,1,2.11,0.076,0.529,0.241,,-0.0000,-0.1722,1.7555,-0.2996,0.1903,-0.1200
0.136,28,tripod,-0.0000,0.0006,0.1348,0.0000,0.0000,-0.0000,0.0000,0.0000,-0.0009,-0.0000,-0.0000,-0.0000,0.000,0.000,0.0000,0.0000,0.0000,0.0000,-0.0000,0.1200,0,0.2994,-0.1895,0.0148,1,2.11,0.077,0.528,0.239,,-0.0000,-0.1722,1.7579,0.2993,-0.1901,-0.1200,0.2994,0.1907,0.0148,1,2.12,0.083,0.529,0.240,,0.0000,-0.1722,1.7579,0.2993,0.1901,-0.1200,-0.0000,-0.3446,0.0147,1,2.11,0.007,0.538,0.251,,-0.0000,-0.1722,1.7579,-0.0000,-0.3452,-0.1200,-0.0000,0.3458,0.0148,1,2.10,0.004,0.536,0.250,,0.0000,-0.1722,1.7579,-0.0000,0.3452,-0.1200,-0.2994,-0.1895,0.0148,1,2.11,0.064,0.527,0.239,,0.0000,-0.1722,1.7578,-0.2993,-0.1901,-0.1200,-0.2994,0.1907,0.0148,1,2.12,0.081,0.530,0.240,,-0.0000,-0.1722,1.7578,-0.2994,0.1901,-0.1200
0.158,32,tripod,-0.0000,0.0006,0.1347,0.0000,0.0000,-0.0000,0.0000,0.0000,-0.0008,-0.0000,0.0000,-0.0000,0.000,0.000,0.0000,0.0000,0.0000,0.0000,-0.0000,0.1200,0,0.2991,-0.1894,0.0148,1,2.11,0.076,0.528,0.238,,-0.0000,-0.1722,1.7596,0.2991,-0.1900,-0.1200,0.2991,0.1906,0.0147,1,2.11,0.081,0.528,0.238,,0.0000,-0.1722,1.7596,0.2991,0.1900,-0.1200,-0.0000,-0.3443,0.0147,1,2.11,0.005,0.537,0.250,,-0.0000,-0.1722,1.7596,-0.0000,-0.3449,-0.1200,-0.0000,0.3456,0.0147,1,2.11,0.003,0.538,0.250,,0.0000,-0.1722,1.7596,-0.0000,0.3449,-0.1200,-0.2992,-0.1894,0.0147,1,2.11,0.064,0.528,0.239,,0.0000,-0.1722,1.7596,-0.2991,-0.1900,-0.1200,-0.2992,0.1906,0.0148,1,2.11,0.077,0.527,0.238,,-0.0000,-0.1722,1.7595,-0.2991,0.1900,-0.1200
0.181,36,tripod,-0.0000,0.0006,0.1347,0.0000,0.0000,-0.0000,0.0000,0.0000,-0.0006,-0.0000,-0.0000,0.0000,0.000,0.000,0.0000,0.0000,0.0000,0.0000,-0.0000,0.1200,0,0.2990,-0.1893,0.0147,1,2.10,0.079,0.524,0.236,,-0.0000,-0.1722,1.7610,0.2989,-0.1899,-0.1200,0.2990,0.1905,0.0147,1,2.11,0.086,0.528,0.238,,0.0000,-0.1722,1.7609,0.2989,0.1899,-0.1200,-0.0000,-0.3441,0.0147,1,2.12,0.002,0.541,0.251,,-0.0000,-0.1722,1.7609,-0.0000,-0.3447,-0.1200,-0.0000,0.3454,0.0147,1,2.11,0.006,0.538,0.249,,0.0000,-0.1722,1.7610,-0.0000,0.3447,-0.1200,-0.2990,-0.1893,0.0147,1,2.10,0.063,0.525,0.236,,0.0000,-0.1722,1.7609,-0.2989,-0.1899,-0.1200,-0.2990,0.1905,0.0147,1,2.11,0.077,0.527,0.237,,-0.0000,-0.1722,1.7609,-0.2990,0.1899,-0.1200
0.203,40,tripod,-0.0000,0.0006,0.1347,0.0000,0.0000,-0.0000,-0.0000,0.0000,-0.0005,-0.0000,-0.0000,-0.0000,0.000,0.000,0.0000,0.0000,0.0000,0.0000,-0.0000,0.1200,0,0.2988,-0.1892,0.0147,1,2.09,0.080,0.521,0.234,,-0.0000,-0.1722,1.7620,0.2988,-0.1898,-0.1200,0.2988,0.1904,0.0147,1,2.12,0.088,0.530,0.238,,0.0000,-0.1722,1.7620,0.2988,0.1898,-0.1200,-0.0000,-0.3440,0.0147,1,2.13,0.002,0.544,0.251,,-0.0000,-0.1722,1.7620,-0.0000,-0.3446,-0.1200,-0.0000,0.3452,0.0147,1,2.11,0.008,0.536,0.248,,0.0000,-0.1722,1.7620,-0.0000,0.3446,-0.1200,-0.2988,-0.1892,0.0147,1,2.10,0.062,0.523,0.235,,0.0000,-0.1722,1.7620,-0.2988,-0.1898,-0.1200,-0.2988,0.1904,0.0147,1,2.11,0.076,0.527,0.237,,-0.0000,-0.1722,1.7619,-0.2988,0.1898,-0.1200
0.226,44,tripod,-0.0000,0.0006,0.1347,0.0000,0.0000,-0.0000,-0.0000,0.0000,-0.0004,-0.0000,0.0000,-0.0000,0.000,0.000,0.0000,0.0000,0.0000,0.0000,-0.0000,0.1200,0,0.2987,-0.1891,0.0147,1,2.08,0.081,0.519,0.233,,-0.0000,-0.1723,1.7628,0.2987,-0.1897,-0.1200,0.2987,0.1903,0.0147,1,2.13,0.084,0.530,0.238,,0.0000,-0.1722,1.7628,0.2987,0.1897,-0.1200,-0.0000,-0.3438,0.0147,1,2.14,0.002,0.545,0.251,,-0.0000,-0.1722,1.7628,-0.0000,-0.3444,-0.1200,-0.0000,0.3451,0.0147,1,2.11,0.009,0.536,0.248,,0.0000,-0.1722,1.7628,-0.0000,0.3444,-0.1200,-0.2987,-0.1891,0.0147,1,2.10,0.065,0.524,0.235,,0.0000,-0.1722,1.7628,-0.2987,-0.1897,-0.1200,-0.2987,0.1904,0.0147,1,2.11,0.077,0.525,0.235,,-0.0000,-0.1722,1.7628,-0.2987,0.1897,-0.1200
0.249,48,tripod,-0.0000,0.0006,0.1347,-0.0000,0.0000,-0.0000,0.0000,0.0000,-0.0002,-0.0000,0.0000,-0.0000,0.000,0.000,0.0000,0.0000,-0.0000,0.0000,-0.0000,0.1200,0,0.2986,-0.1891,0.0147,1,2.11,0.081,0.526,0.235,,-0.0000,-0.1722,1.7634,0.2986,-0.1897,-0.1200,0.2986,0.1903,0.0147,1,2.13,0.087,0.532,0.238,,0.0000,-0.1722,1.7634,0.2986,0.1897,-0.1200,-0.0000,-0.3437,0.0147,1,2.09,0.001,0.532,0.245,,-0.0000,-0.1722,1.7635,-0.0000,-0.3443,-0.1200,-0.0000,0.3450,0.0147,1,2.08,0.006,0.529,0.244,,0.0000,-0.1722,1.7635,-0.0000,0.3443,-0.1200,-0.2986,-0.1891,0.0147,1,2.13,0.064,0.530,0.237,,0.0000,-0.1722,1.7634,-0.2986,-0.1897,-0.1200,-0.2986,0.1903,0.0147,1,2.12,0.077,0.529,0.237,,-0.0000,-0.1722,1.7634,-0.2986,0.1897,-0.1200
0.271,52,tripod,-0.0000,0.0006,0.1347,0.0000,0.0000,-0.0000,0.0000,-0.0001,-0.0001,0.0000,0.0000,-0.0000,0.000,0.000,0.0000,0.0000,0.0000,0.0000,-0.0000,0.1200,0,0.2986,-0.1890,0.0147,1,2.12,0.077,0.529,0.237,,-0.0000,-0.1722,1.7639,0.2986,-0.1896,-0.1200,0.2986,0.1903,0.0147,1,2.11,0.087,0.526,0.235,,0.0000,-0.1722,1.7639,0.2986,0.1896,-0.1200,-0.0000,-0.3437,0.0147,1,2.09,0.001,0.532,0.245,,-0.0000,-0.1722,1.7639,-0.0000,-0.3443,-0.1200,-0.0000,0.3449,0.0147,1,2.10,0.009,0.534,0.246,,0.0000,-0.1722,1.7639,-0.0000,0.3443,-0.1200,-0.2986,-0.1890,0.0147,1,2.13,0.060,0.531,0.237,,0.0000,-0.1722,1.7639,-0.2986,-0.1896,-0.1200,-0.2986,0.1903,0.0147,1,2.11,0.081,0.526,0.235,,-0.0000,-0.1722,1.7639,-0.2986,0.1896,-0.1200
0.293,56,tripod,-0.0000,0.0006,0.1347,-0.0000,0.0000,-0.0000,0.0003,0.0003,-0.0002,-0.0005,0.0003,-0.0001,0.000,0.000,0.0000,0.0000,-0.0000,0.0000,-0.0000,0.1200,0,0.2985,-0.1890,0.0147,1,2.06,0.049,0.519,0.236,,-0.0000,-0.1722,1.7643,0.2985,-0.1896,-0.1200,0.2985,0.1902,0.0147,1,2.12,0.103,0.522,0.228,,0.0000,-0.1722,1.7643,0.2985,0.1896,-0.1200,-0.0000,-0.3436,0.0147,1,2.13,0.023,0.540,0.247,,-0.0000,-0.1722,1.7643,-0.0000,-0.3442,-0.1200,-0.0000,0.3448,0.0147,1,2.08,0.026,0.513,0.225,,0.0000,-0.1722,1.7642,-0.0000,0.3442,-0.1200,-0.2985,-0.1890,0.0147,1,2.15,0.059,0.537,0.240,,0.0000,-0.1722,1.7643,-0.2985,-0.1896,-0.1200,-0.2985,0.1902,0.0147,1,2.12,0.075,0.529,0.237,,-0.0000,-0.1722,1.7643,-0.2985,0.1896,-0.1200
0.316,60,tripod,-0.0000,0.0006,0.1347,-0.0000,0.0000,-0.0000,-0.0002,0.0000,-0.0002,-0.0001,-0.0002,0.0004,0.000,0.000,-0.0000,0.0000,-0.0000,0.0000,-0.0000,0.1200,0,0.2985,-0.1890,0.0147,1,2.12,0.099,0.527,0.234,,-0.0000,-0.1722,1.7646,0.2985,-0.1896,-0.1200,0.2985,0.1902,0.0147,1,2.11,0.060,0.529,0.238,,0.0000,-0.1722,1.7646,0.2985,0.1896,-0.1200,-0.0000,-0.3436,0.0147,1,2.11,0.019,0.473,0.169,,-0.0000,-0.1722,1.7646,-0.0000,-0.3442,-0.1200,-0.0000,0.3448,0.0147,1,2.09,0.033,0.478,0.178,,0.0000,-0.1722,1.7643,-0.0000,0.3442,-0.1200,-0.2985,-0.1890,0.0147,1,2.06,0.090,0.486,0.196,,0.0000,-0.1722,1.7645,-0.2985,-0.1896,-0.1200,-0.2985,0.1902,0.0147,1,2.14,0.073,0.535,0.239,,-0.0000,-0.1722,1.7646,-0.2985,0.1896,-0.1200
0.472,64,tripod,-0.0007,0.0015,0.1390,-0.0065,-0.0049,0.0000,-0.0659,0.0836,0.3621,-0.5821,-0.4311,-0.0005,0.000,0.000,-0.0008,-0.0006,-0.0065,-0.0049,0.0000,0.1196,0,0.2984,-0.1889,0.0217,1,0.00,0.001,0.021,0.001,,-0.0001,-0.1795,1.7705,0.2984,-0.1896,-0.1187,0.2984,0.1903,0.0184,1,0.00,0.001,0.007,0.001,,-0.0000,-0.1719,1.7645,0.2985,0.1896,-0.1200,-0.0001,-0.3434,0.0210,1,0.00,0.002,0.010,0.000,,0.0000,-0.1775,1.7690,0.0000,-0.3442,-0.1191,-0.0001,0.3449,0.0164,1,0.00,0.002,0.013,0.000,,-0.0000,-0.1723,1.7646,0.0000,0.3442,-0.1200,-0.2985,-0.1889,0.0180,1,0.00,0.003,0.012,0.001,,0.0000,-0.1722,1.7647,-0.2984,-0.1896,-0.1200,-0.2985,0.1903,0.0160,1,0.91,0.007,0.055,0.096,,0.0000,-0.1721,1.7646,-0.2985,0.1896,-0.1200
0.491,68,tripod,-0.0017,0.0029,0.1436,-0.0145,-0.0102,0.0000,-0.0592,0.0786,0.2137,-0.3635,-0.2340,-0.0103,0.000,0.000,-0.0054,-0.0040,-0.0145,-0.0102,0.0000,0.1199,0,0.2980,-0.1885,0.0299,1,0.00,0.003,0.023,0.002,,-0.0002,-0.1796,1.7701,0.2985,-0.1897,-0.1187,0.2981,0.1905,0.0228,1,0.00,0.006,0.000,0.006,,-0.0005,-0.1674,1.7610,0.2985,0.1895,-0.1208,-0.0004,-0.3431,0.0288,1,0.00,0.000,0.021,0.002,,0.0003,-0.1778,1.7688,0.0001,-0.3442,-0.1190,-0.0003,0.3451,0.0182,1,0.61,0.078,0.062,0.022,,-0.0003,-0.1705,1.7640,0.0001,0.3441,-0.1203,-0.2988,-0.1886,0.0224,1,0.00,0.001,0.001,0.005,,0.0006,-0.1686,1.7621,-0.2984,-0.1897,-0.1206,-0.2988,0.1905,0.0174,1,0.88,0.065,0.058,0.081,,0.0002,-0.1701,1.7639,-0.2984,0.1895,-0.1203
0.510,72,tripod,-0.0026,0.0041,0.1458,-0.0174,-0.0122,-0.0003,-0.0512,0.0693,0.0725,-0.0224,-0.0354,-0.0250,0.000,0.000,-0.0106,-0.0075,-0.0174,-0.0122,-0.0003,0.1205,0,0.2974,-0.1880,0.0343,1,0.00,0.003,0.024,0.004,,-0.0007,-0.1821,1.7707,0.2986,-0.1899,-0.1183,0.2976,0.1910,0.0240,1,0.00,0.006,0.001,0.011,,-0.0017,-0.1588,1.7539,0.2987,0.1892,-0.1223,-0.0010,-0.3424,0.0328,1,0.00,0.002,0.024,0.002,,0.0010,-0.1791,1.7686,0.0002,-0.3444,-0.1188,-0.0007,0.3457,0.0189,1,0.86,0.103,0.079,0.049,,-0.0010,-0.1667,1.7625,0.0002,0.3438,-0.1209,-0.2993,-0.1879,0.0236,1,0.00,0.003,0.003,0.010,,0.0017,-0.1605,1.7558,-0.2982,-0.1899,-0.1220,-0.2992,0.1912,0.0178,1,0.97,0.093,0.074,0.077,,0.0007,-0.1657,1.7621,-0.2982,0.1892,-0.1211
0.530,76,tripod,-0.0033,0.0049,0.1463,-0.0162,-0.0123,-0.0008,-0.0250,0.0212,-0.0001,0.1275,0.1154,-0.0037,0.000,0.000,-0.0133,-0.0097,-0.0162,-0.0123,-0.0008,0.1214,0,0.2968,-0.1874,0.0355,1,0.00,0.001,0.074,0.009,,-0.0012,-0.1861,1.7721,0.2988,-0.1901,-0.1176,0.2973,0.1915,0.0229,1,0.00,0.008,0.019,0.013,,-0.0032,-0.1473,1.7441,0.2989,0.1890,-0.1243,-0.0017,-0.3417,0.0331,1,0.00,0.011,0.052,0.001,,0.0018,-0.1783,1.7663,0.0004,-0.3446,-0.1189,-0.0010,0.3463,0.0190,1,1.23,0.164,0.112,0.039,,-0.0018,-0.1621,1.7607,0.0004,0.3435,-0.1217,-0.2999,-0.1871,0.0220,1,0.00,0.014,0.023,0.016,,0.0033,-0.1491,1.7466,-0.2980,-0.1902,-0.1239,-0.2995,0.1920,0.0174,1,3.45,0.198,0.205,0.356,,0.0013,-0.1597,1.7593,-0.2980,0.1890,-0.1221
0.552,80,tripod,-0.0034,0.0050,0.1463,-0.0152,-0.0119,-0.0008,-0.0042,0.0048,-0.0008,0.0721,0.0621,-0.0017,0.000,0.000,-0.0140,-0.0106,-0.0152,-0.0119,-0.0008,0.1225,0,0.2967,-0.1873,0.0357,1,7.36,0.057,1.284,0.063,,-0.0017,-0.1891,1.7726,0.2990,-0.1903,-0.1171,0.2973,0.1915,0.0207,1,0.00,0.012,0.015,0.016,,-0.0047,-0.1338,1.7323,0.2991,0.1887,-0.1266,-0.0017,-0.3417,0.0320,1,0.00,0.011,0.027,0.008,,0.0026,-0.1735,1.7609,0.0006,-0.3449,-0.1198,-0.0011,0.3463,0.0188,1,0.00,0.012,0.053,0.002,,-0.0026,-0.1582,1.7593,0.0006,0.3433,-0.1224,-0.2999,-0.1872,0.0197,1,0.00,0.011,0.048,0.017,,0.0048,-0.1353,1.7351,-0.2978,-0.1905,-0.1263,-0.2996,0.1920,0.0169,1,9.12,0.052,1.270,0.286,,0.0019,-0.1539,1.7566,-0.2978,0.1887,-0.1231
0.572,84,tripod,-0.0035,0.0050,0.1460,-0.0142,-0.0107,-0.0008,0.0043,0.0022,-0.0316,0.0652,0.1067,-0.0012,0.000,0.000,-0.0138,-0.0106,-0.0142,-0.0107,-0.0008,0.1237,0,0.2967,-0.1873,0.0354,1,7.90,0.097,1.390,0.086,,-0.0020,-0.1922,1.7735,0.2991,-0.1905,-0.1166,0.2974,0.1914,0.0178,1,0.00,0.009,0.027,0.019,,-0.0059,-0.1189,1.7191,0.2993,0.1885,-0.1292,-0.0017,-0.3417,0.0300,1,0.00,0.012,0.037,0.012,,0.0034,-0.1654,1.7529,0.0008,-0.3451,-0.1212,-0.0011,0.3463,0.0184,1,0.00,0.011,0.045,0.000,,-0.0032,-0.1557,1.7587,0.0007,0.3431,-0.1228,-0.2999,-0.1872,0.0169,1,0.00,0.011,0.038,0.018,,0.0061,-0.1200,1.7221,-0.2977,-0.1907,-0.1290,-0.2996,0.1920,0.0164,1,9.31,0.080,1.219,0.385,,0.0023,-0.1498,1.7548,-0.2976,0.1885,-0.1238
0.592,88,tripod,-0.0034,0.0052,0.1465,-0.0139,-0.0090,-0.0009,-0.0090,0.0071,0.1441,0.0267,-0.0117,0.0011,0.000,0.000,-0.0132,-0.0097,-0.0139,-0.0090,-0.0009,0.1249,0,0.2967,-0.1873,0.0354,1,0.00,0.009,0.047,0.003,,-0.0023,-0.1949,1.7748,0.2992,-0.1906,-0.1161,0.2975,0.1914,0.0148,1,8.68,0.102,1.310,0.200,,-0.0069,-0.1044,1.7058,0.2995,0.1884,-0.1317,-0.0017,-0.3418,0.0282,1,0.00,0.009,0.039,0.016,,0.0039,-0.1545,1.7428,0.0009,-0.3453,-0.1230,-0.0011,0.3463,0.0184,1,0.00,0.010,0.039,0.002,,-0.0037,-0.1547,1.7588,0.0008,0.3429,-0.1229,-0.2999,-0.1873,0.0149,1,8.05,0.108,1.461,0.070,,0.0070,-0.1049,1.7092,-0.2975,-0.1909,-0.1316,-0.2996,0.1920,0.0168,1,0.00,0.010,0.041,0.001,,0.0026,-0.1477,1.7541,-0.2975,0.1884,-0.1242
0.614,92,tripod,-0.0035,0.0053,0.1486,-0.0137,-0.0093,-0.0008,-0.0088,0.0076,0.1150,0.0020,-0.0281,0.0006,0.000,0.000,-0.0129,-0.0089,-0.0137,-0.0093,-0.0008,0.1262,0,0.2966,-0.1873,0.0375,1,0.00,0.000,0.028,0.003,,-0.0025,-0.1937,1.7732,0.2993,-0.1907,-0.1163,0.2975,0.1914,0.0148,1,5.23,0.041,0.945,0.036,,-0.0075,-0.0911,1.6939,0.2996,0.1882,-0.1340,-0.0017,-0.3418,0.0281,1,0.00,0.001,0.018,0.018,,0.0043,-0.1411,1.7306,0.0010,-0.3454,-0.1254,-0.0012,0.3464,0.0202,1,0.00,0.001,0.023,0.004,,-0.0039,-0.1512,1.7567,0.0009,0.3428,-0.1235,-0.2999,-0.1873,0.0148,1,5.28,0.038,0.944,0.030,,0.0076,-0.0933,1.6987,-0.2975,-0.1910,-0.1336,-0.2996,0.1921,0.0183,1,0.00,0.000,0.023,0.004,,0.0028,-0.1435,1.7514,-0.2975,0.1883,-0.1249
0.635,96,tripod,-0.0037,0.0054,0.1503,-0.0138,-0.0098,-0.0008,-0.0075,0.0076,0.0903,-0.0110,-0.0294,0.0004,0.000,0.000,-0.0126,-0.0088,-0.0138,-0.0098,-0.0008,0.1279,0,0.2966,-0.1872,0.0385,1,0.00,0.000,0.024,0.009,,-0.0027,-0.1875,1.7679,0.2993,-0.1908,-0.1174,0.2975,0.1914,0.0148,1,5.50,0.035,1.029,0.083,,-0.0079,-0.0806,1.6844,0.2996,0.1882,-0.1358,-0.0017,-0.3419,0.0272,1,0.00,0.001,0.016,0.021,,0.0045,-0.1255,1.7165,0.0010,-0.3456,-0.1281,-0.0012,0.3464,0.0207,1,0.00,0.001,0.022,0.009,,-0.0041,-0.1436,1.7508,0.0009,0.3427,-0.1249,-0.3000,-0.1873,0.0148,1,5.52,0.025,1.032,0.087,,0.0080,-0.0842,1.6905,-0.2974,-0.1911,-0.1352,-0.2997,0.1921,0.0185,1,0.00,0.000,0.022,0.009,,0.0031,-0.1354,1.7451,-0.2974,0.1882,-0.1263
0.657,100,tripod,-0.0038,0.0055,0.1516,-0.0141,-0.0103,-0.0008,-0.0064,0.0071,0.0714,-0.0166,-0.0246,0.0006,0.000,0.000,-0.0126,-0.0089,-0.0141,-0.0103,-0.0008,0.1297,0,0.2966,-0.1872,0.0384,1,0.00,0.001,0.022,0.013,,-0.0029,-0.1777,1.7595,0.2994,-0.1909,-0.1191,0.2975,0.1914,0.0148,1,5.71,0.022,1.077,0.101,,-0.0083,-0.0724,1.6769,0.2997,0.1881,-0.1373,-0.0017,-0.3420,0.0257,1,0.00,0.001,0.016,0.023,,0.0047,-0.1083,1.7006,0.0011,-0.3457,-0.1311,-0.0012,0.3464,0.0202,1,0.00,0.002,0.020,0.013,,-0.0043,-0.1326,1.7419,0.0010,0.3427,-0.1267,-0.3000,-0.1873,0.0148,1,5.70,0.011,1.083,0.112,,0.0083,-0.0771,1.6839,-0.2974,-0.1912,-0.1364,-0.2997,0.1921,0.0178,1,0.00,0.001,0.020,0.013,,0.0032,-0.1241,1.7358,-0.2974,0.1881,-0.1282
0.678,104,tripod,-0.0039,0.0057,0.1526,-0.0144,-0.0106,-0.0008,-0.0055,0.0067,0.0572,-0.0188,-0.0184,0.0005,0.000,0.000,-0.0127,-0.0092,-0.0144,-0.0106,-0.0008,0.1318,0,0.2966,-0.1873,0.0375,1,0.00,0.001,0.020,0.016,,-0.0031,-0.1651,1.7486,0.2994,-0.1910,-0.1212,0.2975,0.1915,0.0148,1,5.85,0.025,1.103,0.107,,-0.0085,-0.0661,1.6709,0.2997,0.1881,-0.1384,-0.0017,-0.3421,0.0237,1,0.00,0.001,0.015,0.025,,0.0050,-0.0899,1.6834,0.0012,-0.3459,-0.1343,-0.0012,0.3464,0.0189,1,0.00,0.001,0.019,0.017,,-0.0045,-0.1190,1.7305,0.0010,0.3427,-0.1291,-0.3000,-0.1873,0.0148,1,5.87,0.010,1.101,0.104,,0.0086,-0.0715,1.6787,-0.2974,-0.1912,-0.1374,-0.2997,0.1921,0.0164,1,0.00,0.000,0.019,0.017,,0.0034,-0.1102,1.7240,-0.2974,0.1881,-0.1306
0.700,108,tripod,-0.0039,0.0057,0.1533,-0.0134,-0.0099,-0.0008,0.0075,-0.0128,0.0066,0.2200,0.1462,-0.0040,0.000,0.000,-0.0129,-0.0094,-0.0134,-0.0099,-0.0008,0.1337,0,0.2967,-0.1873,0.0357,1,0.00,0.015,0.019,0.018,,-0.0032,-0.1512,1.7365,0.2995,-0.1910,-0.1236,0.2974,0.1915,0.0149,1,1.92,0.252,0.295,0.015,,-0.0088,-0.0631,1.6683,0.2997,0.1880,-0.1389,-0.0016,-0.3422,0.0210,1,0.00,0.000,0.038,0.023,,0.0053,-0.0715,1.6659,0.0012,-0.3460,-0.1375,-0.0012,0.3465,0.0172,1,0.00,0.013,0.031,0.020,,-0.0048,-0.1042,1.7178,0.0011,0.3426,-0.1317,-0.3000,-0.1872,0.0151,1,0.00,0.007,0.010,0.000,,0.0089,-0.0688,1.6765,-0.2973,-0.1913,-0.1379,-0.2997,0.1921,0.0150,1,2.53,0.215,0.204,0.252,,0.0035,-0.0970,1.7128,-0.2974,0.1880,-0.1329
0.721,112,tripod,-0.0036,0.0058,0.1536,-0.0138,-0.0078,-0.0008,0.0152,-0.0088,0.0276,0.0427,0.1068,-0.0005,0.000,0.000,-0.0127,-0.0087,-0.0138,-0.0078,-0.0008,0.1343,0,0.2967,-0.1873,0.0332,1,0.00,0.023,0.105,0.020,,-0.0033,-0.1393,1.7262,0.2996,-0.1911,-0.1257,0.2973,0.1916,0.0154,1,0.00,0.024,0.029,0.017,,-0.0088,-0.0693,1.6744,0.2997,0.1880,-0.1378,-0.0016,-0.3421,0.0195,1,12.62,0.138,2.483,0.442,,0.0054,-0.0624,1.6576,0.0012,-0.3460,-0.1390,-0.0011,0.3465,0.0155,1,11.28,0.146,1.886,0.111,,-0.0049,-0.0938,1.7089,0.0011,0.3426,-0.1335,-0.3000,-0.1871,0.0169,1,0.00,0.023,0.112,0.006,,0.0089,-0.0749,1.6824,-0.2973,-0.1913,-0.1368,-0.2997,0.1922,0.0154,1,0.00,0.025,0.011,0.007,,0.0036,-0.0954,1.7117,-0.2973,0.1880,-0.1332
0.742,116,tripod,-0.0034,0.0056,0.1532,-0.0123,-0.0063,-0.0009,0.0129,-0.0090,-0.0247,0.0288,0.0693,0.0007,0.000,0.000,-0.0122,-0.0074,-0.0123,-0.0063,-0.0009,0.1341,0,0.2968,-0.1874,0.0301,1,0.00,0.010,0.093,0.017,,-0.0035,-0.1275,1.7161,0.2996,-0.1911,-0.1277,0.2973,0.1916,0.0168,1,0.00,0.012,0.044,0.017,,-0.0087,-0.0799,1.6843,0.2997,0.1880,-0.1360,-0.0016,-0.3421,0.0185,1,13.53,0.006,2.063,0.186,,0.0053,-0.0622,1.6577,0.0012,-0.3460,-0.1391,-0.0011,0.3465,0.0153,1,9.99,0.005,2.034,0.330,,-0.0048,-0.0922,1.7076,0.0011,0.3426,-0.1337,-0.3000,-0.1871,0.0178,1,0.00,0.011,0.098,0.005,,0.0088,-0.0799,1.6869,-0.2973,-0.1913,-0.1359,-0.2997,0.1922,0.0164,1,0.00,0.008,0.027,0.007,,0.0037,-0.0986,1.7146,-0.2973,0.1880,-0.1326
0.762,120,tripod,-0.0032,0.0054,0.1527,-0.0113,-0.0055,-0.0008,0.0072,-0.0060,-0.0214,0.0155,0.0227,0.0006,0.000,0.000,-0.0114,-0.0062,-0.0113,-0.0055,-0.0008,0.1345,0,0.2969,-0.1875,0.0267,1,0.00,0.008,0.079,0.020,,-0.0036,-0.1129,1.7035,0.2996,-0.1912,-0.1303,0.2973,0.1916,0.0170,1,0.00,0.010,0.035,0.007,,-0.0085,-0.0837,1.6883,0.2996,0.1880,-0.1353,-0.0016,-0.3420,0.0177,1,12.12,0.007,1.748,0.276,,0.0050,-0.0623,1.6581,0.0012,-0.3459,-0.1391,-0.0011,0.3464,0.0151,1,9.13,0.003,1.712,0.143,,-0.0046,-0.0917,1.7073,0.0010,0.3426,-0.1338,-0.2999,-0.1871,0.0173,1,0.00,0.009,0.082,0.003,,0.0087,-0.0793,1.6864,-0.2973,-0.1912,-0.1360,-0.2996,0.1921,0.0162,1,0.00,0.006,0.021,0.000,,0.0037,-0.0971,1.7131,-0.2974,0.1880,-0.1329
0.784,124,tripod,-0.0033,0.0054,0.1528,-0.0113,-0.0066,-0.0008,-0.0087,0.0049,0.0287,-0.0470,-0.0827,0.0000,0.000,0.000,-0.0106,-0.0056,-0.0113,-0.0066,-0.0008,0.1350,0,0.2969,-0.1875,0.0243,1,5.76,0.066,1.087,0.125,,-0.0037,-0.0987,1.6912,0.2995,-0.1912,-0.1327,0.2972,0.1916,0.0171,1,0.00,0.024,0.033,0.002,,-0.0082,-0.0822,1.6875,0.2995,0.1880,-0.1355,-0.0016,-0.3420,0.0178,1,0.00,0.002,0.046,0.001,,0.0047,-0.0636,1.6599,0.0011,-0.3458,-0.1388,-0.0011,0.3464,0.0153,1,0.00,0.020,0.018,0.006,,-0.0043,-0.0935,1.7088,0.0010,0.3426,-0.1335,-0.2999,-0.1871,0.0165,1,0.00,0.006,0.025,0.002,,0.0084,-0.0767,1.6839,-0.2974,-0.1912,-0.1365,-0.2996,0.1921,0.0154,1,5.99,0.013,0.862,0.188,,0.0038,-0.0942,1.7101,-0.2974,0.1880,-0.1334
0.804,128,tripod,-0.0033,0.0054,0.1522,-0.0114,-0.0070,-0.0008,-0.0018,-0.0078,-0.0632,0.0410,-0.0551,0.0046,0.000,0.000,-0.0104,-0.0058,-0.0114,-0.0070,-0.0008,0.1347,0,0.2969,-0.1875,0.0232,1,1.22,0.145,0.202,0.060,,-0.0037,-0.0950,1.6885,0.2995,-0.1911,-0.1334,0.2972,0.1916,0.0163,1,9.55,0.070,1.172,0.431,,-0.0080,-0.0794,1.6853,0.2994,0.1880,-0.1360,-0.0016,-0.3419,0.0179,1,0.00,0.012,0.029,0.004,,0.0044,-0.0659,1.6625,0.0010,-0.3457,-0.1384,-0.0012,0.3465,0.0158,1,0.00,0.011,0.077,0.007,,-0.0041,-0.0989,1.7134,0.0009,0.3426,-0.1326,-0.2999,-0.1870,0.0168,1,5.69,0.079,1.097,0.134,,0.0081,-0.0821,1.6887,-0.2974,-0.1911,-0.1356,-0.2997,0.1921,0.0155,1,2.13,0.272,0.221,0.116,,0.0037,-0.0996,1.7145,-0.2975,0.1880,-0.1325
0.826,132,tripod,-0.0035,0.0052,0.1509,-0.0104,-0.0088,-0.0007,-0.0106,-0.0100,-0.1003,0.0438,-0.1015,0.0028,0.000,0.000,-0.0100,-0.0065,-0.0104,-0.0088,-0.0007,0.1337,0,0.2969,-0.1874,0.0231,1,0.00,0.001,0.032,0.009,,-0.0036,-0.0998,1.6933,0.2994,-0.1911,-0.1325,0.2971,0.1916,0.0161,1,5.08,0.064,0.581,0.294,,-0.0077,-0.0821,1.6881,0.2993,0.1880,-0.1356,-0.0016,-0.3419,0.0164,1,0.00,0.002,0.029,0.000,,0.0043,-0.0659,1.6630,0.0010,-0.3457,-0.1384,-0.0012,0.3464,0.0154,1,0.00,0.001,0.029,0.003,,-0.0039,-0.1017,1.7157,0.0009,0.3426,-0.1321,-0.2999,-0.1870,0.0169,1,5.19,0.035,0.565,0.310,,0.0078,-0.0945,1.6996,-0.2975,-0.1911,-0.1334,-0.2997,0.1922,0.0160,1,0.00,0.001,0.039,0.017,,0.0036,-0.1121,1.7247,-0.2975,0.1881,-0.1303
0.847,136,tripod,-0.0037,0.0052,0.1496,-0.0110,-0.0105,-0.0007,-0.0137,0.0037,-0.0828,-0.0557,-0.0894,-0.0006,0.000,0.000,-0.0097,-0.0076,-0.0110,-0.0105,-0.0007,0.1320,0,0.2968,-0.1874,0.0230,1,0.00,0.001,0.028,0.005,,-0.0034,-0.1037,1.6971,0.2994,-0.1910,-0.1318,0.2971,0.1916,0.0168,1,0.00,0.004,0.039,0.015,,-0.0075,-0.0929,1.6975,0.2993,0.1881,-0.1337,-0.0016,-0.3419,0.0154,1,5.18,0.017,0.776,0.104,,0.0043,-0.0679,1.6653,0.0010,-0.3456,-0.1381,-0.0012,0.3464,0.0149,1,5.63,0.007,0.739,0.208,,-0.0039,-0.1086,1.7214,0.0009,0.3427,-0.1309,-0.3001,-0.1870,0.0180,1,0.00,0.004,0.043,0.024,,0.0075,-0.1119,1.7146,-0.2976,-0.1910,-0.1304,-0.2998,0.1922,0.0170,1,0.00,0.001,0.049,0.023,,0.0033,-0.1298,1.7391,-0.2976,0.1882,-0.1272
0.869,140,tripod,-0.0040,0.0052,0.1475,-0.0117,-0.0120,-0.0007,-0.0122,-0.0013,-0.1434,-0.0332,-0.0792,-0.0014,0.000,0.000,-0.0099,-0.0090,-0.0117,-0.0120,-0.0007,0.1297,0,0.2968,-0.1875,0.0219,1,0.00,0.000,0.033,0.001,,-0.0032,-0.1050,1.6983,0.2994,-0.1910,-0.1316,0.2971,0.1917,0.0178,1,0.00,0.003,0.046,0.019,,-0.0073,-0.1075,1.7098,0.2994,0.1882,-0.1311,-0.0016,-0.3419,0.0151,1,6.40,0.018,0.643,0.461,,0.0045,-0.0771,1.6741,0.0010,-0.3455,-0.1365,-0.0012,0.3465,0.0149,1,6.66,0.008,0.610,0.542,,-0.0040,-0.1217,1.7323,0.0009,0.3427,-0.1286,-0.3002,-0.1870,0.0192,1,0.00,0.003,0.057,0.027,,0.0072,-0.1321,1.7317,-0.2976,-0.1910,-0.1269,-0.3000,0.1923,0.0181,1,0.00,0.000,0.057,0.026,,0.0031,-0.1510,1.7560,-0.2977,0.1883,-0.1236
0.890,144,tripod,-0.0041,0.0052,0.1452,-0.0121,-0.0128,-0.0007,-0.0055,-0.0010,-0.1451,-0.0294,-0.0287,-0.0015,0.000,0.000,-0.0103,-0.0102,-0.0121,-0.0128,-0.0007,0.1278,0,0.2968,-0.1875,0.0197,1,0.00,0.001,0.032,0.004,,-0.0030,-0.1028,1.6961,0.2994,-0.1909,-0.1320,0.2971,0.1916,0.0175,1,0.00,0.005,0.040,0.013,,-0.0073,-0.1182,1.7186,0.2994,0.1882,-0.1293,-0.0016,-0.3419,0.0150,1,6.51,0.012,0.659,0.461,,0.0047,-0.0884,1.6847,0.0011,-0.3455,-0.1345,-0.0012,0.3464,0.0149,1,6.70,0.017,0.607,0.562,,-0.0042,-0.1358,1.7441,0.0010,0.3428,-0.1262,-0.3002,-0.1870,0.0193,1,0.00,0.005,0.051,0.016,,0.0072,-0.1455,1.7433,-0.2976,-0.1910,-0.1246,-0.3001,0.1924,0.0186,1,0.00,0.001,0.052,0.022,,0.0028,-0.1688,1.7704,-0.2977,0.1884,-0.1205
0.913,148,tripod,-0.0044,0.0055,0.1432,-0.0142,-0.0148,-0.0007,-0.0216,0.0191,-0.1020,-0.1502,-0.1404,0.0002,0.000,0.000,-0.0110,-0.0113,-0.0142,-0.0148,-0.0007,0.1257,0,0.2968,-0.1875,0.0181,1,5.91,0.336,0.453,0.587,,-0.0028,-0.1009,1.6942,0.2995,-0.1909,-0.1323,0.2971,0.1917,0.0179,1,0.00,0.000,0.066,0.015,,-0.0074,-0.1316,1.7295,0.2995,0.1882,-0.1270,-0.0016,-0.3419,0.0159,1,0.00,0.003,0.065,0.018,,0.0050,-0.1026,1.6972,0.0011,-0.3455,-0.1320,-0.0013,0.3465,0.0149,1,5.17,0.294,0.391,0.502,,-0.0044,-0.1519,1.7570,0.0010,0.3428,-0.1234,-0.3003,-0.1870,0.0190,1,4.92,0.056,0.659,0.152,,0.0072,-0.1575,1.7538,-0.2975,-0.1909,-0.1225,-0.3001,0.1924,0.0188,1,0.30,0.018,0.015,0.008,,0.0026,-0.1872,1.7849,-0.2977,0.1884,-0.1174
0.935,152,tripod,-0.0046,0.0057,0.1416,-0.0160,-0.0160,-0.0007,-0.0119,0.0140,-0.0786,-0.1038,-0.0715,-0.0004,0.000,0.000,-0.0124,-0.0128,-0.0160,-0.0160,-0.0007,0.1240,0,0.2969,-0.1876,0.0173,1,9.50,0.426,0.703,0.972,,-0.0027,-0.1014,1.6938,0.2996,-0.1910,-0.1323,0.2971,0.1917,0.0185,1,0.00,0.014,0.089,0.013,,-0.0076,-0.1436,1.7391,0.2996,0.1882,-0.1249,-0.0017,-0.3419,0.0168,1,0.00,0.015,0.082,0.011,,0.0054,-0.1122,1.7054,0.0012,-0.3455,-0.1304,-0.0013,0.3466,0.0150,1,4.30,0.126,0.297,0.452,,-0.0048,-0.1651,1.7677,0.0011,0.3429,-0.1212,-0.3003,-0.1869,0.0192,1,4.04,0.375,0.653,0.009,,0.0075,-0.1679,1.7628,-0.2974,-0.1909,-0.1207,-0.3002,0.1925,0.0190,1,2.45,0.113,0.210,0.213,,0.0025,-0.2019,1.7968,-0.2976,0.1884,-0.1149
0.957,156,tripod,-0.0047,0.0059,0.1405,-0.0170,-0.0161,-0.0007,-0.0068,0.0105,-0.0567,-0.0615,-0.0231,0.0002,0.000,0.000,-0.0138,-0.0138,-0.0170,-0.0161,-0.0007,0.1227,0,0.2969,-0.1876,0.0166,1,9.58,0.201,0.901,0.765,,-0.0026,-0.1028,1.6944,0.2997,-0.1910,-0.1320,0.2971,0.1917,0.0188,1,0.00,0.010,0.083,0.011,,-0.0079,-0.1534,1.7468,0.2997,0.1882,-0.1232,-0.0016,-0.3419,0.0167,1,0.00,0.013,0.074,0.003,,0.0059,-0.1156,1.7081,0.0014,-0.3456,-0.1298,-0.0013,0.3466,0.0152,1,3.43,0.098,0.411,0.145,,-0.0051,-0.1752,1.7760,0.0012,0.3428,-0.1194,-0.3002,-0.1869,0.0196,1,3.15,0.164,0.570,0.096,,0.0078,-0.1762,1.7699,-0.2973,-0.1910,-0.1193,-0.3002,0.1925,0.0195,1,3.88,0.087,0.440,0.231,,0.0025,-0.2130,1.8061,-0.2975,0.1884,-0.1130
0.979,160,tripod,-0.0048,0.0060,0.1397,-0.0176,-0.0157,-0.0006,-0.0012,0.0142,-0.0280,-0.0854,0.0332,-0.0065,0.000,0.000,-0.0148,-0.0142,-0.0176,-0.0157,-0.0006,0.1219,0,0.2969,-0.1875,0.0161,1,3.18,0.391,0.282,0.197,,-0.0027,-0.1044,1.6950,0.2998,-0.1911,-0.1317,0.2971,0.1918,0.0191,1,0.00,0.013,0.051,0.009,,-0.0084,-0.1609,1.7528,0.2998,0.1881,-0.1219,-0.0016,-0.3419,0.0158,1,10.18,0.447,1.183,0.560,,0.0064,-0.1140,1.7062,0.0015,-0.3457,-0.1301,-0.0013,0.3466,0.0155,1,6.67,0.103,1.120,0.006,,-0.0055,-0.1824,1.7823,0.0013,0.3427,-0.1182,-0.3002,-0.1869,0.0201,1,0.00,0.030,0.084,0.008,,0.0083,-0.1826,1.7754,-0.2972,-0.1910,-0.1182,-0.3002,0.1925,0.0200,1,2.91,0.126,0.360,0.121,,0.0025,-0.2210,1.8130,-0.2974,0.1883,-0.1116
1.001,164,tripod,-0.0047,0.0063,0.1395,-0.0191,-0.0149,-0.0007,0.0024,0.0171,-0.0002,-0.0792,0.0472,-0.0046,0.000,0.000,-0.0158,-0.0141,-0.0191,-0.0149,-0.0007,0.1213,0,0.2969,-0.1876,0.0161,1,0.00,0.002,0.039,0.000,,-0.0029,-0.1054,1.6950,0.2999,-0.1912,-0.1316,0.2970,0.1918,0.0194,1,0.00,0.001,0.043,0.006,,-0.0088,-0.1661,1.7570,0.2998,0.1880,-0.1210,-0.0016,-0.3419,0.0157,1,6.52,0.068,0.939,0.188,,0.0068,-0.1119,1.7039,0.0016,-0.3457,-0.1304,-0.0013,0.3466,0.0156,1,6.59,0.051,0.906,0.216,,-0.0058,-0.1872,1.7868,0.0013,0.3426,-0.1174,-0.3002,-0.1868,0.0212,1,0.00,0.002,0.036,0.006,,0.0087,-0.1874,1.7796,-0.2971,-0.1911,-0.1174,-0.3001,0.1926,0.0207,1,0.14,0.015,0.018,0.001,,0.0026,-0.2265,1.8180,-0.2973,0.1882,-0.1107
1.023,168,tripod,-0.0047,0.0066,0.1397,-0.0202,-0.0141,-0.0008,0.0034,0.0156,0.0187,-0.0612,0.0428,-0.0029,0.000,0.000,-0.0169,-0.0136,-0.0202,-0.0141,-0.0008,0.1211,0,0.2969,-0.1876,0.0160,1,0.00,0.002,0.035,0.004,,-0.0032,-0.1037,1.6927,0.3000,-0.1913,-0.1319,0.2970,0.1918,0.0196,1,0.00,0.002,0.040,0.004,,-0.0092,-0.1692,1.7596,0.2999,0.1879,-0.1205,-0.0016,-0.3418,0.0159,1,6.27,0.063,0.917,0.165,,0.0071,-0.1100,1.7016,0.0016,-0.3458,-0.1308,-0.0013,0.3466,0.0159,1,6.35,0.041,0.887,0.195,,-0.0060,-0.1898,1.7896,0.0014,0.3425,-0.1169,-0.3002,-0.1867,0.0225,1,0.00,0.001,0.034,0.004,,0.0092,-0.1909,1.7825,-0.2970,-0.1912,-0.1168,-0.3001,0.1926,0.0216,1,0.15,0.018,0.013,0.001,,0.0028,-0.2301,1.8213,-0.2972,0.1881,-0.1101
1.045,172,tripod,-0.0046,0.0068,0.1402,-0.0211,-0.0134,-0.0008,0.0042,0.0144,0.0317,-0.0480,0.0388,-0.0017,0.000,0.000,-0.0179,-0.0130,-0.0211,-0.0134,-0.0008,0.1211,0,0.2970,-0.1876,0.0153,1,0.00,0.003,0.028,0.011,,-0.0036,-0.0971,1.6860,0.3000,-0.1914,-0.1330,0.2970,0.1918,0.0199,1,0.00,0.002,0.036,0.002,,-0.0097,-0.1704,1.7609,0.2999,0.1878,-0.1203,-0.0015,-0.3418,0.0164,1,5.97,0.071,0.889,0.138,,0.0073,-0.1083,1.6993,0.0017,-0.3459,-0.1311,-0.0013,0.3467,0.0162,1,6.14,0.063,0.856,0.195,,-0.0061,-0.1907,1.7911,0.0014,0.3424,-0.1168,-0.3002,-0.1866,0.0236,1,0.00,0.001,0.030,0.001,,0.0096,-0.1924,1.7836,-0.2970,-0.1912,-0.1165,-0.3001,0.1927,0.0224,1,0.05,0.005,0.023,0.002,,0.0031,-0.2322,1.8235,-0.2971,0.1880,-0.1097
1.067,176,tripod,-0.0046,0.0070,0.1408,-0.0218,-0.0133,-0.0007,-0.0035,0.0129,0.0428,-0.0389,-0.0135,0.0042,0.000,0.000,-0.0187,-0.0124,-0.0218,-0.0133,-0.0007,0.1214,0,0.2970,-0.1876,0.0150,1,4.23,0.179,0.489,0.256,,-0.0040,-0.0909,1.6799,0.3001,-0.1916,-0.1341,0.2970,0.1919,0.0205,1,0.00,0.003,0.032,0.001,,-0.0101,-0.1708,1.7616,0.2999,0.1877,-0.1202,-0.0015,-0.3418,0.0171,1,1.61,0.185,0.185,0.081,,0.0073,-0.1073,1.6976,0.0017,-0.3461,-0.1312,-0.0013,0.3467,0.0166,1,1.62,0.247,0.220,0.028,,-0.0061,-0.1909,1.7920,0.0014,0.3423,-0.1167,-0.3002,-0.1866,0.0240,1,0.00,0.003,0.027,0.004,,0.0101,-0.1891,1.7809,-0.2969,-0.1914,-0.1171,-0.3000,0.1927,0.0233,1,4.13,0.267,0.496,0.222,,0.0034,-0.2337,1.8251,-0.2971,0.1879,-0.1094
1.089,180,tripod,-0.0046,0.0072,0.1415,-0.0224,-0.0132,-0.0007,0.0023,0.0118,0.0445,-0.0345,0.0173,0.0015,0.000,0.000,-0.0194,-0.0122,-0.0224,-0.0132,-0.0007,0.1217,0,0.2970,-0.1876,0.0149,1,3.32,0.192,0.367,0.214,,-0.0045,-0.0860,1.6752,0.3000,-0.1917,-0.1349,0.2970,0.1919,0.0211,1,0.00,0.006,0.033,0.000,,-0.0104,-0.1707,1.7620,0.2998,0.1876,-0.1202,-0.0015,-0.3418,0.0179,1,2.48,0.155,0.328,0.087,,0.0073,-0.1067,1.6964,0.0017,-0.3462,-0.1313,-0.0014,0.3467,0.0171,1,2.33,0.346,0.310,0.066,,-0.0061,-0.1907,1.7924,0.0014,0.3422,-0.1168,-0.3001,-0.1866,0.0238,1,0.00,0.002,0.024,0.007,,0.0106,-0.1828,1.7756,-0.2969,-0.1915,-0.1181,-0.3000,0.1927,0.0241,1,3.67,0.298,0.453,0.175,,0.0038,-0.2348,1.8265,-0.2971,0.1878,-0.1093
1.112,184,tripod,-0.0045,0.0074,0.1423,-0.0230,-0.0127,-0.0007,0.0056,0.0115,0.0479,-0.0331,0.0368,-0.0004,0.000,0.000,-0.0200,-0.0119,-0.0230,-0.0127,-0.0007,0.1220,0,0.2970,-0.1876,0.0149,1,2.42,0.213,0.209,0.213,,-0.0049,-0.0819,1.6711,0.3000,-0.1918,-0.1357,0.2969,0.1919,0.0215,1,0.00,0.001,0.033,0.000,,-0.0108,-0.1700,1.7619,0.2998,0.1875,-0.1204,-0.0015,-0.3418,0.0188,1,3.41,0.167,0.475,0.104,,0.0073,-0.1061,1.6952,0.0017,-0.3463,-0.1314,-0.0014,0.3467,0.0176,1,3.34,0.363,0.473,0.077,,-0.0061,-0.1898,1.7924,0.0014,0.3421,-0.1169,-0.3001,-0.1866,0.0239,1,0.00,0.001,0.024,0.006,,0.0110,-0.1774,1.7711,-0.2969,-0.1916,-0.1191,-0.3000,0.1928,0.0250,1,2.55,0.320,0.305,0.122,,0.0042,-0.2351,1.8270,-0.2971,0.1877,-0.1092
1.134,188,tripod,-0.0044,0.0076,0.1432,-0.0236,-0.0120,-0.0007,0.0067,0.0115,0.0500,-0.0337,0.0410,-0.0003,0.000,0.000,-0.0206,-0.0115,-0.0236,-0.0120,-0.0007,0.1223,0,0.2970,-0.1877,0.0151,1,1.65,0.148,0.136,0.145,,-0.0054,-0.0784,1.6675,0.3000,-0.1919,-0.1363,0.2970,0.1920,0.0218,1,0.00,0.000,0.032,0.000,,-0.0111,-0.1690,1.7615,0.2998,0.1874,-0.1205,-0.0015,-0.3417,0.0198,1,4.11,0.119,0.587,0.116,,0.0072,-0.1057,1.6942,0.0017,-0.3464,-0.1315,-0.0014,0.3468,0.0180,1,4.07,0.250,0.594,0.085,,-0.0060,-0.1886,1.7921,0.0014,0.3420,-0.1171,-0.3001,-0.1866,0.0243,1,0.00,0.001,0.024,0.005,,0.0114,-0.1732,1.7674,-0.2969,-0.1917,-0.1198,-0.3000,0.1928,0.0259,1,1.74,0.222,0.203,0.079,,0.0045,-0.2352,1.8272,-0.2971,0.1876,-0.1092
1.155,192,tripod,-0.0043,0.0078,0.1440,-0.0242,-0.0113,-0.0006,0.0074,0.0114,0.0504,-0.0354,0.0400,-0.0000,0.000,0.000,-0.0211,-0.0109,-0.0242,-0.0113,-0.0006,0.1225,0,0.2971,-0.1877,0.0153,1,0.73,0.081,0.051,0.058,,-0.0058,-0.0756,1.6646,0.3000,-0.1921,-0.1368,0.2970,0.1920,0.0221,1,0.00,0.002,0.032,0.001,,-0.0113,-0.1677,1.7610,0.2998,0.1873,-0.1207,-0.0015,-0.3417,0.0208,1,4.86,0.050,0.736,0.094,,0.0071,-0.1056,1.6934,0.0016,-0.3465,-0.1315,-0.0013,0.3468,0.0185,1,4.96,0.152,0.706,0.135,,-0.0059,-0.1874,1.7918,0.0013,0.3419,-0.1173,-0.3000,-0.1866,0.0250,1,0.00,0.002,0.025,0.004,,0.0117,-0.1702,1.7646,-0.2969,-0.1918,-0.1203,-0.3000,0.1929,0.0269,1,0.91,0.119,0.099,0.033,,0.0048,-0.2353,1.8274,-0.2971,0.1875,-0.1092
1.178,196,tripod,-0.0042,0.0080,0.1449,-0.0248,-0.0106,-0.0006,0.0070,0.0112,0.0502,-0.0368,0.0335,0.0004,0.000,0.000,-0.0216,-0.0103,-0.0248,-0.0106,-0.0006,0.1227,0,0.2971,-0.1877,0.0157,1,0.00,0.001,0.030,0.003,,-0.0063,-0.0733,1.6624,0.3000,-0.1922,-0.1372,0.2970,0.1920,0.0225,1,0.00,0.001,0.032,0.001,,-0.0116,-0.1665,1.7605,0.2997,0.1872,-0.1210,-0.0015,-0.3417,0.0219,1,5.61,0.017,0.848,0.111,,0.0069,-0.1058,1.6930,0.0016,-0.3466,-0.1315,-0.0013,0.3468,0.0189,1,5.70,0.038,0.828,0.142,,-0.0057,-0.1863,1.7915,0.0013,0.3418,-0.1175,-0.3000,-0.1866,0.0258,1,0.00,0.001,0.026,0.002,,0.0120,-0.1683,1.7626,-0.2969,-0.1919,-0.1206,-0.3000,0.1929,0.0279,1,0.15,0.019,0.007,0.005,,0.0052,-0.2355,1.8276,-0.2971,0.1875,-0.1091
1.200,200,tripod,-0.0041,0.0082,0.1457,-0.0254,-0.0102,-0.0006,0.0055,0.0112,0.0504,-0.0384,0.0190,0.0007,0.000,0.000,-0.0222,-0.0098,-0.0254,-0.0102,-0.0006,0.1228,0,0.2971,-0.1877,0.0162,1,0.00,0.004,0.032,0.002,,-0.0068,-0.0717,1.6609,0.2999,-0.1923,-0.1374,0.2970,0.1920,0.0229,1,0.00,0.002,0.034,0.000,,-0.0118,-0.1654,1.7601,0.2997,0.1872,-0.1211,-0.0015,-0.3417,0.0231,1,5.62,0.006,0.874,0.085,,0.0067,-0.1063,1.6928,0.0016,-0.3466,-0.1314,-0.0013,0.3468,0.0194,1,5.92,0.011,0.841,0.171,,-0.0055,-0.1854,1.7913,0.0013,0.3417,-0.1176,-0.3000,-0.1866,0.0267,1,0.00,0.002,0.026,0.001,,0.0122,-0.1669,1.7611,-0.2970,-0.1919,-0.1209,-0.3000,0.1929,0.0288,1,0.02,0.001,0.026,0.000,,0.0055,-0.2359,1.8280,-0.2972,0.1874,-0.1091
1.221,204,tripod,-0.0040,0.0084,0.1466,-0.0261,-0.0100,-0.0006,0.0039,0.0106,0.0496,-0.0387,0.0065,0.0009,0.000,0.000,-0.0228,-0.0094,-0.0261,-0.0100,-0.0006,0.1230,0,0.2971,-0.1877,0.0169,1,0.00,0.004,0.032,0.001,,-0.0072,-0.0706,1.6599,0.2999,-0.1923,-0.1376,0.2970,0.1921,0.0234,1,0.00,0.002,0.033,0.000,,-0.0120,-0.1645,1.7599,0.2996,0.1871,-0.1213,-0.0015,-0.3417,0.0243,1,5.61,0.003,0.865,0.090,,0.0065,-0.1073,1.6931,0.0015,-0.3467,-0.1312,-0.0013,0.3468,0.0199,1,5.86,0.011,0.838,0.162,,-0.0053,-0.1847,1.7912,0.0012,0.3417,-0.1178,-0.2999,-0.1866,0.0270,1,0.00,0.001,0.023,0.007,,0.0125,-0.1623,1.7568,-0.2970,-0.1920,-0.1217,-0.3000,0.1930,0.0297,1,0.04,0.002,0.024,0.000,,0.0058,-0.2366,1.8284,-0.2972,0.1873,-0.1090
1.243,208,tripod,-0.0039,0.0086,0.1474,-0.0268,-0.0099,-0.0006,0.0028,0.0101,0.0482,-0.0386,0.0003,0.0010,0.000,0.000,-0.0234,-0.0091,-0.0268,-0.0099,-0.0006,0.1232,0,0.2971,-0.1877,0.0178,1,0.00,0.003,0.031,0.001,,-0.0077,-0.0701,1.6595,0.2998,-0.1924,-0.1377,0.2970,0.1921,0.0240,1,0.00,0.002,0.032,0.000,,-0.0122,-0.1638,1.7599,0.2996,0.1870,-0.1214,-0.0015,-0.3416,0.0256,1,5.70,0.030,0.853,0.117,,0.0063,-0.1086,1.6937,0.0015,-0.3468,-0.1310,-0.0013,0.3469,0.0204,1,5.80,0.031,0.856,0.134,,-0.0051,-0.1842,1.7913,0.0012,0.3416,-0.1178,-0.2999,-0.1866,0.0268,1,0.00,0.002,0.022,0.009,,0.0128,-0.1553,1.7505,-0.2970,-0.1921,-0.1229,-0.2999,0.1930,0.0306,1,0.00,0.003,0.031,0.001,,0.0061,-0.2374,1.8290,-0.2972,0.1873,-0.1088
1.265,212,tripod,-0.0039,0.0087,0.1482,-0.0274,-0.0099,-0.0006,0.0023,0.0100,0.0465,-0.0389,-0.0004,0.0009,0.000,0.000,-0.0240,-0.0090,-0.0274,-0.0099,-0.0006,0.1232,0,0.2971,-0.1877,0.0187,1,0.00,0.002,0.030,0.000,,-0.0081,-0.0701,1.6595,0.2998,-0.1925,-0.1377,0.2970,0.1921,0.0246,1,0.00,0.003,0.032,0.001,,-0.0124,-0.1634,1.7601,0.2995,0.1869,-0.1215,-0.0015,-0.3416,0.0269,1,5.74,0.046,0.866,0.110,,0.0061,-0.1102,1.6946,0.0014,-0.3469,-0.1307,-0.0013,0.3469,0.0210,1,5.89,0.045,0.865,0.140,,-0.0050,-0.1839,1.7916,0.0011,0.3415,-0.1179,-0.2999,-0.1867,0.0268,1,0.00,0.003,0.025,0.007,,0.0131,-0.1501,1.7457,-0.2971,-0.1922,-0.1238,-0.2999,0.1930,0.0314,1,0.00,0.003,0.032,0.001,,0.0064,-0.2383,1.8297,-0.2973,0.1872,-0.1087
1.287,216,tripod,-0.0039,0.0089,0.1490,-0.0281,-0.0099,-0.0005,0.0019,0.0099,0.0448,-0.0385,-0.0005,0.0008,0.000,0.000,-0.0246,-0.0089,-0.0281,-0.0099,-0.0005,0.1232,0,0.2971,-0.1877,0.0197,1,0.00,0.002,0.031,0.001,,-0.0085,-0.0706,1.6599,0.2997,-0.1926,-0.1376,0.2970,0.1921,0.0252,1,0.00,0.003,0.032,0.001,,-0.0126,-0.1634,1.7605,0.2995,0.1869,-0.1215,-0.0015,-0.3416,0.0282,1,5.73,0.050,0.867,0.107,,0.0059,-0.1121,1.6958,0.0014,-0.3470,-0.1304,-0.0013,0.3469,0.0215,1,5.89,0.051,0.865,0.141,,-0.0048,-0.1838,1.7919,0.0011,0.3415,-0.1179,-0.2999,-0.1867,0.0271,1,0.00,0.003,0.027,0.004,,0.0133,-0.1465,1.7423,-0.2971,-0.1923,-0.1244,-0.2999,0.1931,0.0322,1,0.00,0.003,0.032,0.002,,0.0067,-0.2393,1.8305,-0.2973,0.1872,-0.1085
1.308,220,tripod,-0.0038,0.0091,0.1497,-0.0288,-0.0099,-0.0005,0.0016,0.0097,0.0429,-0.0377,-0.0005,0.0007,0.000,0.000,-0.0252,-0.0089,-0.0288,-0.0099,-0.0005,0.1232,0,0.2971,-0.1876,0.0207,1,0.00,0.002,0.031,0.001,,-0.0089,-0.0715,1.6606,0.2997,-0.1927,-0.1375,0.2970,0.1921,0.0259,1,0.00,0.003,0.032,0.001,,-0.0128,-0.1635,1.7610,0.2995,0.1868,-0.1215,-0.0015,-0.3416,0.0296,1,5.73,0.051,0.868,0.105,,0.0058,-0.1142,1.6971,0.0013,-0.3470,-0.1300,-0.0013,0.3469,0.0220,1,5.90,0.051,0.866,0.140,,-0.0047,-0.1839,1.7924,0.0011,0.3414,-0.1179,-0.2998,-0.1867,0.0275,1,0.00,0.003,0.028,0.003,,0.0136,-0.1442,1.7401,-0.2971,-0.1924,-0.1248,-0.2999,0.1931,0.0330,1,0.00,0.003,0.032,0.002,,0.0070,-0.2404,1.8313,-0.2973,0.1871,-0.1083
1.330,224,tripod,-0.0038,0.0092,0.1504,-0.0294,-0.0099,-0.0005,0.0013,0.0094,0.0411,-0.0364,-0.0003,0.0006,0.000,0.000,-0.0257,-0.0089,-0.0294,-0.0099,-0.0005,0.1231,0,0.2971,-0.1876,0.0218,1,0.00,0.003,0.031,0.002,,-0.0092,-0.0727,1.6616,0.2997,-0.1928,-0.1373,0.2970,0.1921,0.0265,1,0.00,0.003,0.033,0.001,,-0.0130,-0.1639,1.7616,0.2995,0.1867,-0.1214,-0.0015,-0.3416,0.0309,1,5.72,0.047,0.868,0.101,,0.0057,-0.1165,1.6986,0.0013,-0.3471,-0.1296,-0.0013,0.3469,0.0225,1,5.89,0.048,0.866,0.138,,-0.0046,-0.1840,1.7929,0.0010,0.3413,-0.1179,-0.2998,-0.1867,0.0281,1,0.00,0.003,0.029,0.002,,0.0139,-0.1426,1.7384,-0.2971,-0.1925,-0.1251,-0.2999,0.1931,0.0338,1,0.00,0.003,0.032,0.002,,0.0073,-0.2414,1.8321,-0.2974,0.1870,-0.1081
1.352,228,tripod,-0.0038,0.0094,0.1511,-0.0300,-0.0100,-0.0005,0.0011,0.0090,0.0391,-0.0347,-0.0004,0.0006,0.000,0.000,-0.0263,-0.0089,-0.0300,-0.0100,-0.0005,0.1230,0,0.2971,-0.1876,0.0228,1,0.00,0.003,0.032,0.002,,-0.0096,-0.0742,1.6628,0.2997,-0.1928,-0.1370,0.2970,0.1922,0.0272,1,0.00,0.003,0.033,0.001,,-0.0132,-0.1643,1.7624,0.2994,0.1867,-0.1213,-0.0015,-0.3415,0.0322,1,5.73,0.047,0.873,0.099,,0.0056,-0.1189,1.7002,0.0013,-0.3472,-0.1292,-0.0013,0.3470,0.0230,1,5.91,0.048,0.869,0.137,,-0.0046,-0.1842,1.7935,0.0010,0.3413,-0.1178,-0.2998,-0.1868,0.0281,1,0.00,0.003,0.025,0.007,,0.0142,-0.1377,1.7339,-0.2971,-0.1926,-0.1259,-0.2999,0.1932,0.0346,1,0.00,0.003,0.032,0.002,,0.0075,-0.2424,1.8330,-0.2974,0.1870,-0.1080
1.374,232,tripod,-0.0038,0.0095,0.1518,-0.0306,-0.0100,-0.0005,0.0008,0.0087,0.0369,-0.0328,-0.0006,0.0005,0.000,0.000,-0.0269,-0.0089,-0.0306,-0.0100,-0.0005,0.1231,0,0.2971,-0.1876,0.0239,1,0.00,0.002,0.032,0.002,,-0.0099,-0.0758,1.6641,0.2997,-0.1929,-0.1367,0.2970,0.1922,0.0278,1,0.00,0.003,0.033,0.001,,-0.0135,-0.1649,1.7631,0.2994,0.1866,-0.1212,-0.0015,-0.3415,0.0335,1,5.77,0.053,0.883,0.095,,0.0055,-0.1214,1.7018,0.0013,-0.3473,-0.1288,-0.0013,0.3470,0.0235,1,5.94,0.053,0.875,0.137,,-0.0045,-0.1844,1.7941,0.0010,0.3412,-0.1178,-0.2998,-0.1868,0.0276,1,0.00,0.003,0.024,0.010,,0.0147,-0.1304,1.7272,-0.2971,-0.1927,-0.1272,-0.2999,0.1932,0.0353,1,0.00,0.003,0.033,0.002,,0.0078,-0.2434,1.8338,-0.2974,0.1869,-0.1078
1.396,236,tripod,-0.0037,0.0097,0.1519,-0.0312,-0.0097,-0.0005,0.0059,0.0067,0.0022,-0.0314,0.0323,0.0004,0.000,0.000,-0.0274,-0.0089,-0.0312,-0.0097,-0.0005,0.1227,0,0.2971,-0.1876,0.0249,1,0.20,0.026,0.007,0.000,,-0.0101,-0.0803,1.6681,0.2996,-0.1930,-0.1359,0.2970,0.1922,0.0277,1,0.00,0.003,0.032,0.001,,-0.0137,-0.1640,1.7627,0.2994,0.1865,-0.1214,-0.0015,-0.3415,0.0348,1,5.29,0.128,0.796,0.095,,0.0054,-0.1267,1.7060,0.0013,-0.3473,-0.1279,-0.0013,0.3470,0.0240,1,6.11,0.020,0.797,0.248,,-0.0044,-0.1876,1.7970,0.0010,0.3411,-0.1172,-0.2998,-0.1869,0.0274,1,0.57,0.083,0.055,0.020,,0.0150,-0.1276,1.7246,-0.2971,-0.1928,-0.1277,-0.2999,0.1932,0.0359,1,0.00,0.003,0.036,0.004,,0.0080,-0.2463,1.8360,-0.2974,0.1869,-0.1073
1.418,240,tripod,-0.0037,0.0098,0.1520,-0.0317,-0.0100,-0.0004,-0.0029,0.0073,0.0083,-0.0277,-0.0289,0.0014,0.000,0.000,-0.0279,-0.0088,-0.0317,-0.0100,-0.0004,0.1223,0,0.2971,-0.1876,0.0259,1,0.00,0.002,0.035,0.006,,-0.0104,-0.0847,1.6719,0.2996,-0.1930,-0.1352,0.2970,0.1922,0.0277,1,2.05,0.095,0.295,0.035,,-0.0139,-0.1633,1.7623,0.2994,0.1865,-0.1215,-0.0015,-0.3415,0.0360,1,3.97,0.235,0.664,0.021,,0.0054,-0.1319,1.7099,0.0012,-0.3474,-0.1270,-0.0013,0.3470,0.0245,1,4.21,0.044,0.438,0.289,,-0.0044,-0.1906,1.7999,0.0010,0.3411,-0.1167,-0.2997,-0.1869,0.0274,1,2.00,0.287,0.283,0.045,,0.0152,-0.1264,1.7232,-0.2971,-0.1929,-0.1279,-0.2999,0.1933,0.0363,1,0.00,0.002,0.036,0.003,,0.0082,-0.2490,1.8380,-0.2974,0.1868,-0.1068
1.440,244,tripod,-0.0038,0.0099,0.1522,-0.0321,-0.0107,-0.0004,-0.0061,0.0054,0.0060,-0.0257,-0.0525,0.0015,0.000,0.000,-0.0284,-0.0091,-0.0321,-0.0107,-0.0004,0.1220,0,0.2971,-0.1876,0.0270,1,0.00,0.004,0.036,0.005,,-0.0106,-0.0887,1.6753,0.2996,-0.1931,-0.1345,0.2970,0.1922,0.0279,1,0.27,0.043,0.018,0.004,,-0.0142,-0.1630,1.7623,0.2994,0.1864,-0.1215,-0.0015,-0.3414,0.0371,1,5.58,0.038,0.874,0.065,,0.0053,-0.1365,1.7134,0.0012,-0.3475,-0.1262,-0.0013,0.3470,0.0250,1,5.94,0.072,0.764,0.256,,-0.0043,-0.1931,1.8022,0.0010,0.3410,-0.1163,-0.2997,-0.1869,0.0273,1,0.02,0.008,0.026,0.001,,0.0155,-0.1258,1.7225,-0.2971,-0.1929,-0.1280,-0.2999,0.1933,0.0366,1,0.00,0.004,0.032,0.003,,0.0084,-0.2513,1.8397,-0.2974,0.1868,-0.1065
1.461,248,tripod,-0.0039,0.0100,0.1523,-0.0325,-0.0115,-0.0004,-0.0051,0.0051,0.0069,-0.0224,-0.0381,0.0007,0.000,0.000,-0.0288,-0.0096,-0.0325,-0.0115,-0.0004,0.1216,0,0.2971,-0.1875,0.0281,1,0.00,0.002,0.034,0.005,,-0.0108,-0.0924,1.6785,0.2996,-0.1932,-0.1338,0.2970,0.1921,0.0282,1,0.00,0.004,0.032,0.001,,-0.0144,-0.1632,1.7627,0.2994,0.1863,-0.1215,-0.0015,-0.3414,0.0381,1,5.86,0.005,0.893,0.101,,0.0053,-0.1407,1.7166,0.0012,-0.3475,-0.1255,-0.0013,0.3470,0.0253,1,6.28,0.006,0.847,0.226,,-0.0043,-0.1953,1.8042,0.0010,0.3410,-0.1159,-0.2997,-0.1870,0.0272,1,0.00,0.004,0.033,0.000,,0.0158,-0.1257,1.7223,-0.2971,-0.1930,-0.1280,-0.2999,0.1933,0.0367,1,0.00,0.002,0.036,0.003,,0.0086,-0.2532,1.8412,-0.2974,0.1867,-0.1061
1.483,252,tripod,-0.0040,0.0101,0.1524,-0.0329,-0.0123,-0.0004,-0.0079,0.0045,0.0069,-0.0185,-0.0523,0.0009,0.000,0.000,-0.0292,-0.0101,-0.0329,-0.0123,-0.0004,0.1213,0,0.2971,-0.1875,0.0292,1,0.05,0.004,0.027,0.000,,-0.0110,-0.0960,1.6814,0.2996,-0.1932,-0.1332,0.2970,0.1921,0.0286,1,0.00,0.004,0.032,0.001,,-0.0147,-0.1639,1.7633,0.2994,0.1863,-0.1214,-0.0015,-0.3414,0.0390,1,5.72,0.000,0.873,0.100,,0.0054,-0.1445,1.7195,0.0013,-0.3475,-0.1248,-0.0014,0.3470,0.0256,1,6.19,0.008,0.836,0.220,,-0.0044,-0.1972,1.8060,0.0010,0.3409,-0.1156,-0.2997,-0.1870,0.0272,1,0.00,0.004,0.032,0.000,,0.0161,-0.1259,1.7224,-0.2971,-0.1931,-0.1280,-0.3000,0.1933,0.0368,1,0.00,0.002,0.035,0.002,,0.0087,-0.2548,1.8426,-0.2974,0.1867,-0.1059
1.505,256,tripod,-0.0042,0.0101,0.1525,-0.0332,-0.0133,-0.0004,-0.0104,0.0039,0.0057,-0.0144,-0.0646,0.0009,0.000,0.000,-0.0295,-0.0109,-0.0332,-0.0133,-0.0004,0.1209,0,0.2971,-0.1875,0.0303,1,0.00,0.001,0.032,0.004,,-0.0111,-0.0995,1.6841,0.2997,-0.1933,-0.1326,0.2970,0.1921,0.0291,1,0.00,0.004,0.032,0.002,,-0.0149,-0.1650,1.7642,0.2995,0.1862,-0.1212,-0.0015,-0.3414,0.0399,1,5.78,0.002,0.881,0.103,,0.0055,-0.1480,1.7221,0.0013,-0.3476,-0.1242,-0.0014,0.3470,0.0260,1,6.20,0.001,0.840,0.219,,-0.0045,-0.1989,1.8076,0.0010,0.3409,-0.1153,-0.2997,-0.1870,0.0272,1,0.00,0.004,0.033,0.001,,0.0164,-0.1262,1.7227,-0.2971,-0.1931,-0.1279,-0.3000,0.1933,0.0368,1,0.00,0.002,0.035,0.002,,0.0088,-0.2561,1.8438,-0.2974,0.1866,-0.1057
1.527,260,tripod,-0.0044,0.0102,0.1526,-0.0334,-0.0144,-0.0003,-0.0107,0.0029,0.0055,-0.0097,-0.0618,0.0005,0.000,0.000,-0.0298,-0.0117,-0.0334,-0.0144,-0.0003,0.1207,0,0.2971,-0.1875,0.0314,1,0.75,0.069,0.045,0.059,,-0.0111,-0.1029,1.6867,0.2997,-0.1933,-0.1320,0.2970,0.1921,0.0298,1,0.00,0.007,0.030,0.002,,-0.0152,-0.1663,1.7652,0.2995,0.1862,-0.1210,-0.0016,-0.3414,0.0406,1,5.24,0.089,0.749,0.148,,0.0057,-0.1511,1.7245,0.0013,-0.3476,-0.1237,-0.0014,0.3470,0.0262,1,5.43,0.154,0.765,0.147,,-0.0047,-0.2004,1.8090,0.0011,0.3408,-0.1151,-0.2997,-0.1871,0.0268,1,0.00,0.007,0.037,0.003,,0.0168,-0.1249,1.7217,-0.2970,-0.1932,-0.1281,-0.3000,0.1933,0.0367,1,1.30,0.142,0.115,0.083,,0.0089,-0.2570,1.8447,-0.2973,0.1866,-0.1055
1.549,264,tripod,-0.0046,0.0102,0.1527,-0.0336,-0.0155,-0.0003,-0.0117,0.0020,0.0045,-0.0058,-0.0607,-0.0003,0.000,0.000,-0.0300,-0.0127,-0.0336,-0.0155,-0.0003,0.1204,0,0.2970,-0.1875,0.0324,1,1.47,0.081,0.098,0.145,,-0.0111,-0.1063,1.6891,0.2998,-0.1933,-0.1314,0.2970,0.1921,0.0304,1,0.00,0.008,0.029,0.002,,-0.0154,-0.1679,1.7662,0.2995,0.1861,-0.1207,-0.0016,-0.3414,0.0412,1,4.65,0.093,0.637,0.161,,0.0060,-0.1540,1.7266,0.0014,-0.3476,-0.1232,-0.0014,0.3470,0.0265,1,4.76,0.237,0.678,0.111,,-0.0049,-0.2018,1.8102,0.0011,0.3408,-0.1148,-0.2997,-0.1871,0.0262,1,0.00,0.007,0.040,0.002,,0.0172,-0.1230,1.7202,-0.2969,-0.1933,-0.1285,-0.3000,0.1933,0.0365,1,2.17,0.229,0.210,0.146,,0.0089,-0.2575,1.8455,-0.2973,0.1866,-0.1054
1.570,268,tripod,-0.0048,0.0103,0.1527,-0.0337,-0.0167,-0.0003,-0.0117,0.0024,-0.0005,-0.0082,-0.0471,-0.0047,0.000,0.000,-0.0302,-0.0137,-0.0337,-0.0167,-0.0003,0.1203,0,0.2970,-0.1875,0.0334,1,2.68,0.005,0.337,0.116,,-0.0111,-0.1097,1.6916,0.2999,-0.1934,-0.1308,0.2970,0.1921,0.0309,1,0.00,0.009,0.018,0.000,,-0.0157,-0.1680,1.7660,0.2996,0.1861,-0.1207,-0.0016,-0.3413,0.0418,1,2.61,0.370,0.404,0.001,,0.0064,-0.1567,1.7286,0.0015,-0.3477,-0.1227,-0.0014,0.3470,0.0267,1,4.63,0.065,0.591,0.195,,-0.0052,-0.2031,1.8114,0.0012,0.3408,-0.1146,-0.2996,-0.1872,0.0257,1,2.52,0.358,0.382,0.015,,0.0175,-0.1215,1.7193,-0.2969,-0.1933,-0.1287,-0.3001,0.1933,0.0363,1,1.49,0.056,0.083,0.153,,0.0089,-0.2580,1.8462,-0.2972,0.1865,-0.1053
1.592,272,tripod,-0.0050,0.0103,0.1527,-0.0338,-0.0175,-0.0004,-0.0100,0.0037,-0.0023,-0.0163,-0.0259,-0.0074,0.000,0.000,-0.0303,-0.0147,-0.0338,-0.0175,-0.0004,0.1201,0,0.2970,-0.1875,0.0342,1,4.19,0.229,0.609,0.109,,-0.0109,-0.1134,1.6942,0.3000,-0.1934,-0.1302,0.2970,0.1920,0.0305,1,0.00,0.008,0.005,0.003,,-0.0161,-0.1649,1.7632,0.2997,0.1861,-0.1212,-0.0016,-0.3413,0.0422,1,0.00,0.003,0.053,0.003,,0.0067,-0.1594,1.7307,0.0016,-0.3477,-0.1222,-0.0014,0.3470,0.0269,1,5.02,0.186,0.651,0.205,,-0.0055,-0.2047,1.8129,0.0012,0.3407,-0.1143,-0.2996,-0.1872,0.0252,1,6.22,0.120,0.825,0.217,,0.0179,-0.1206,1.7189,-0.2968,-0.1933,-0.1289,-0.3001,0.1933,0.0360,1,0.00,0.020,0.063,0.000,,0.0089,-0.2585,1.8471,-0.2972,0.1865,-0.1052
1.614,276,tripod,-0.0052,0.0103,0.1526,-0.0339,-0.0185,-0.0004,-0.0125,0.0036,-0.0019,-0.0079,-0.0419,0.0007,0.000,0.000,-0.0304,-0.0155,-0.0339,-0.0185,-0.0004,0.1200,0,0.2970,-0.1874,0.0351,1,1.20,0.194,0.201,0.039,,-0.0108,-0.1169,1.6967,0.3001,-0.1934,-0.1296,0.2970,0.1920,0.0304,1,5.20,0.373,0.909,0.029,,-0.0165,-0.1629,1.7610,0.2998,0.1860,-0.1216,-0.0017,-0.3413,0.0426,1,0.00,0.016,0.056,0.002,,0.0071,-0.1620,1.7326,0.0017,-0.3477,-0.1218,-0.0015,0.3470,0.0271,1,1.68,0.210,0.181,0.083,,-0.0058,-0.2063,1.8141,0.0013,0.3407,-0.1141,-0.2997,-0.1872,0.0248,1,8.01,0.031,1.109,0.251,,0.0183,-0.1200,1.7188,-0.2967,-0.1934,-0.1290,-0.3001,0.1933,0.0357,1,0.00,0.006,0.056,0.001,,0.0088,-0.2589,1.8478,-0.2971,0.1865,-0.1052
1.637,280,tripod,-0.0054,0.0104,0.1525,-0.0339,-0.0194,-0.0004,-0.0118,0.0030,-0.0063,-0.0105,-0.0379,-0.0010,0.000,0.000,-0.0305,-0.0164,-0.0339,-0.0194,-0.0004,0.1198,0,0.2969,-0.1874,0.0359,1,0.93,0.070,0.201,0.092,,-0.0106,-0.1205,1.6991,0.3002,-0.1934,-0.1290,0.2970,0.1920,0.0304,1,5.66,0.264,0.934,0.030,,-0.0167,-0.1620,1.7599,0.2999,0.1860,-0.1217,-0.0017,-0.3413,0.0430,1,0.00,0.015,0.057,0.002,,0.0075,-0.1644,1.7344,0.0018,-0.3477,-0.1214,-0.0015,0.3471,0.0272,1,1.46,0.179,0.152,0.073,,-0.0061,-0.2079,1.8153,0.0014,0.3407,-0.1138,-0.2997,-0.1872,0.0243,1,8.32,0.026,1.168,0.242,,0.0186,-0.1196,1.7187,-0.2966,-0.1934,-0.1291,-0.3002,0.1933,0.0354,1,0.00,0.008,0.057,0.001,,0.0088,-0.2592,1.8486,-0.2970,0.1865,-0.1051
1.659,284,tripod,-0.0057,0.0104,0.1523,-0.0339,-0.0203,-0.0004,-0.0110,0.0026,-0.0096,-0.0115,-0.0322,-0.0014,0.000,0.000,-0.0305,-0.0172,-0.0339,-0.0203,-0.0004,0.1195,0,0.2969,-0.1874,0.0366,1,0.83,0.007,0.177,0.085,,-0.0104,-0.1239,1.7014,0.3003,-0.1934,-0.1284,0.2969,0.1920,0.0304,1,5.88,0.187,0.957,0.041,,-0.0170,-0.1620,1.7594,0.3000,0.1860,-0.1217,-0.0018,-0.3413,0.0432,1,0.00,0.016,0.058,0.002,,0.0080,-0.1667,1.7362,0.0019,-0.3478,-0.1210,-0.0015,0.3471,0.0273,1,1.40,0.178,0.159,0.050,,-0.0065,-0.2094,1.8164,0.0015,0.3407,-0.1135,-0.2997,-0.1872,0.0238,1,8.61,0.028,1.209,0.251,,0.0189,-0.1193,1.7189,-0.2965,-0.1935,-0.1291,-0.3002,0.1933,0.0350,1,0.00,0.010,0.058,0.001,,0.0087,-0.2595,1.8492,-0.2970,0.1864,-0.1051
1.680,288,tripod,-0.0059,0.0104,0.1520,-0.0340,-0.0210,-0.0005,-0.0102,0.0021,-0.0137,-0.0113,-0.0258,-0.0017,0.000,0.000,-0.0305,-0.0180,-0.0340,-0.0210,-0.0005,0.1194,0,0.2969,-0.1874,0.0371,1,0.77,0.031,0.157,0.073,,-0.0102,-0.1273,1.7036,0.3004,-0.1934,-0.1278,0.2969,0.1920,0.0305,1,6.06,0.156,0.981,0.048,,-0.0172,-0.1626,1.7594,0.3001,0.1860,-0.1216,-0.0018,-0.3413,0.0431,1,0.00,0.016,0.058,0.001,,0.0084,-0.1668,1.7361,0.0020,-0.3478,-0.1209,-0.0016,0.3471,0.0273,1,1.37,0.178,0.164,0.037,,-0.0068,-0.2110,1.8176,0.0015,0.3407,-0.1133,-0.2997,-0.1872,0.0233,1,8.85,0.023,1.241,0.258,,0.0192,-0.1191,1.7192,-0.2964,-0.1935,-0.1291,-0.3003,0.1933,0.0343,1,0.00,0.011,0.057,0.001,,0.0086,-0.2581,1.8488,-0.2969,0.1864,-0.1053
1.702,292,tripod,-0.0061,0.0105,0.1517,-0.0341,-0.0217,-0.0005,-0.0104,0.0030,-0.0189,-0.0192,-0.0227,-0.0010,0.000,0.000,-0.0306,-0.0187,-0.0341,-0.0217,-0.0005,0.1194,0,0.2968,-0.1874,0.0376,1,0.04,0.013,0.023,0.008,,-0.0100,-0.1305,1.7059,0.3005,-0.1934,-0.1272,0.2969,0.1920,0.0305,1,7.43,0.048,1.220,0.036,,-0.0175,-0.1637,1.7598,0.3002,0.1860,-0.1214,-0.0018,-0.3413,0.0421,1,0.00,0.015,0.054,0.007,,0.0089,-0.1627,1.7325,0.0021,-0.3478,-0.1217,-0.0016,0.3472,0.0272,1,0.53,0.062,0.042,0.013,,-0.0071,-0.2126,1.8188,0.0016,0.3407,-0.1130,-0.2997,-0.1872,0.0228,1,9.36,0.022,1.274,0.317,,0.0195,-0.1190,1.7197,-0.2963,-0.1935,-0.1292,-0.3003,0.1933,0.0334,1,0.00,0.008,0.059,0.001,,0.0085,-0.2562,1.8480,-0.2968,0.1864,-0.1056
1.724,296,tripod,-0.0063,0.0106,0.1513,-0.0346,-0.0226,-0.0006,-0.0098,0.0074,-0.0086,-0.0508,-0.0260,-0.0041,0.000,0.000,-0.0307,-0.0194,-0.0346,-0.0226,-0.0006,0.1194,0,0.2968,-0.1873,0.0382,1,0.00,0.008,0.056,0.003,,-0.0098,-0.1338,1.7081,0.3006,-0.1934,-0.1267,0.2969,0.1920,0.0306,1,3.12,0.127,0.385,0.161,,-0.0177,-0.1652,1.7606,0.3003,0.1859,-0.1212,-0.0018,-0.3413,0.0413,1,9.96,0.305,1.367,0.333,,0.0094,-0.1590,1.7293,0.0022,-0.3478,-0.1223,-0.0016,0.3472,0.0270,1,4.48,0.432,0.423,0.369,,-0.0075,-0.2142,1.8201,0.0017,0.3407,-0.1127,-0.2997,-0.1872,0.0223,1,0.00,0.013,0.103,0.001,,0.0198,-0.1191,1.7202,-0.2962,-0.1935,-0.1291,-0.3003,0.1933,0.0325,1,5.01,0.029,0.849,0.083,,0.0084,-0.2548,1.8474,-0.2967,0.1864,-0.1059
1.745,300,tripod,-0.0064,0.0106,0.1510,-0.0348,-0.0233,-0.0006,-0.0089,0.0028,-0.0184,-0.0198,-0.0051,-0.0013,0.000,0.000,-0.0310,-0.0201,-0.0348,-0.0233,-0.0006,0.1193,0,0.2968,-0.1873,0.0387,1,0.00,0.006,0.034,0.005,,-0.0096,-0.1369,1.7102,0.3006,-0.1934,-0.1261,0.2969,0.1920,0.0307,1,5.83,0.220,0.927,0.054,,-0.0179,-0.1669,1.7614,0.3003,0.1859,-0.1209,-0.0018,-0.3413,0.0406,1,8.14,0.053,1.101,0.291,,0.0099,-0.1565,1.7271,0.0023,-0.3479,-0.1227,-0.0016,0.3472,0.0268,1,0.23,0.032,0.006,0.000,,-0.0078,-0.2156,1.8211,0.0018,0.3407,-0.1125,-0.2997,-0.1871,0.0219,1,0.00,0.014,0.107,0.002,,0.0201,-0.1193,1.7209,-0.2961,-0.1935,-0.1291,-0.3003,0.1934,0.0317,1,7.91,0.267,1.166,0.120,,0.0083,-0.2536,1.8471,-0.2967,0.1864,-0.1061
1.766,304,tripod,-0.0066,0.0106,0.1505,-0.0347,-0.0239,-0.0007,-0.0080,0.0003,-0.0223,-0.0087,0.0066,-0.0010,0.000,0.000,-0.0312,-0.0208,-0.0347,-0.0239,-0.0007,0.1192,0,0.2968,-0.1873,0.0389,1,0.00,0.011,0.035,0.005,,-0.0094,-0.1399,1.7122,0.3007,-0.1934,-0.1256,0.2969,0.1920,0.0307,1,7.54,0.201,1.351,0.098,,-0.0182,-0.1686,1.7622,0.3004,0.1859,-0.1206,-0.0018,-0.3413,0.0398,1,5.58,0.076,0.566,0.390,,0.0103,-0.1548,1.7257,0.0024,-0.3479,-0.1230,-0.0016,0.3472,0.0266,1,0.00,0.005,0.037,0.005,,-0.0081,-0.2169,1.8221,0.0018,0.3407,-0.1123,-0.2997,-0.1871,0.0212,1,4.53,0.471,0.941,0.332,,0.0204,-0.1194,1.7216,-0.2960,-0.1936,-0.1291,-0.3003,0.1934,0.0309,1,6.11,0.271,0.936,0.020,,0.0083,-0.2527,1.8468,-0.2966,0.1863,-0.1062
1.787,308,tripod,-0.0068,0.0106,0.1500,-0.0348,-0.0243,-0.0007,-0.0073,0.0032,-0.0238,-0.0243,-0.0112,-0.0027,0.000,0.000,-0.0312,-0.0213,-0.0348,-0.0243,-0.0007,0.1191,0,0.2967,-0.1873,0.0387,1,0.00,0.012,0.037,0.001,,-0.0093,-0.1407,1.7122,0.3008,-0.1934,-0.1255,0.2969,0.1920,0.0306,1,7.83,0.020,1.315,0.002,,-0.0184,-0.1703,1.7631,0.3005,0.1859,-0.1203,-0.0018,-0.3414,0.0391,1,0.00,0.014,0.060,0.002,,0.0107,-0.1537,1.7245,0.0025,-0.3479,-0.1232,-0.0016,0.3472,0.0263,1,0.00,0.012,0.032,0.002,,-0.0084,-0.2180,1.8230,0.0019,0.3407,-0.1121,-0.2997,-0.1871,0.0206,1,9.56,0.028,1.252,0.382,,0.0207,-0.1195,1.7220,-0.2959,-0.1936,-0.1291,-0.3003,0.1933,0.0301,1,0.00,0.010,0.055,0.000,,0.0082,-0.2518,1.8467,-0.2965,0.1863,-0.1064
1.809,312,tripod,-0.0069,0.0107,0.1495,-0.0351,-0.0248,-0.0007,-0.0064,0.0027,-0.0217,-0.0183,-0.0102,-0.0025,0.000,0.000,-0.0313,-0.0218,-0.0351,-0.0248,-0.0007,0.1192,0,0.2967,-0.1873,0.0381,1,0.00,0.009,0.025,0.004,,-0.0092,-0.1385,1.7098,0.3009,-0.1935,-0.1258,0.2969,0.1920,0.0306,1,7.16,0.001,1.172,0.030,,-0.0185,-0.1719,1.7640,0.3006,0.1859,-0.1200,-0.0018,-0.3414,0.0385,1,0.00,0.019,0.051,0.004,,0.0111,-0.1520,1.7229,0.0026,-0.3480,-0.1235,-0.0017,0.3472,0.0259,1,1.34,0.172,0.161,0.022,,-0.0086,-0.2189,1.8237,0.0020,0.3407,-0.1119,-0.2998,-0.1871,0.0201,1,9.47,0.183,1.316,0.284,,0.0210,-0.1195,1.7224,-0.2958,-0.1936,-0.1291,-0.3004,0.1933,0.0293,1,0.00,0.005,0.067,0.001,,0.0081,-0.2510,1.8466,-0.2965,0.1863,-0.1065
1.830,316,tripod,-0.0071,0.0107,0.1491,-0.0353,-0.0253,-0.0007,-0.0065,0.0034,-0.0209,-0.0226,-0.0110,-0.0024,0.000,0.000,-0.0315,-0.0222,-0.0353,-0.0253,-0.0007,0.1194,0,0.2967,-0.1874,0.0376,1,0.00,0.010,0.031,0.003,,-0.0091,-0.1371,1.7080,0.3010,-0.1935,-0.1261,0.2968,0.1920,0.0305,1,7.56,0.001,1.265,0.005,,-0.0187,-0.1733,1.7647,0.3007,0.1859,-0.1198,-0.0018,-0.3415,0.0372,1,0.00,0.016,0.053,0.009,,0.0116,-0.1460,1.7175,0.0027,-0.3480,-0.1245,-0.0017,0.3472,0.0255,1,0.49,0.057,0.043,0.002,,-0.0089,-0.2195,1.8243,0.0020,0.3407,-0.1118,-0.2998,-0.1871,0.0196,1,9.45,0.066,1.286,0.320,,0.0212,-0.1193,1.7226,-0.2958,-0.1936,-0.1291,-0.3004,0.1933,0.0286,1,0.00,0.007,0.059,0.000,,0.0080,-0.2502,1.8464,-0.2964,0.1863,-0.1066
1.851,320,tripod,-0.0072,0.0108,0.1487,-0.0357,-0.0258,-0.0008,-0.0091,0.0083,-0.0320,-0.0706,-0.0342,-0.0044,0.000,0.000,-0.0317,-0.0227,-0.0357,-0.0258,-0.0008,0.1195,0,0.2967,-0.1874,0.0373,1,0.00,0.014,0.061,0.003,,-0.0090,-0.1365,1.7070,0.3011,-0.1935,-0.1262,0.2968,0.1920,0.0304,1,5.47,0.294,0.978,0.056,,-0.0189,-0.1749,1.7656,0.3007,0.1859,-0.1195,-0.0018,-0.3416,0.0356,1,3.92,0.379,0.367,0.304,,0.0120,-0.1388,1.7109,0.0028,-0.3481,-0.1258,-0.0017,0.3472,0.0251,1,1.41,0.076,0.221,0.022,,-0.0091,-0.2203,1.8250,0.0021,0.3407,-0.1117,-0.2998,-0.1871,0.0190,1,5.64,0.165,0.741,0.177,,0.0214,-0.1195,1.7231,-0.2957,-0.1936,-0.1291,-0.3004,0.1933,0.0278,1,0.00,0.006,0.025,0.000,,0.0080,-0.2490,1.8460,-0.2963,0.1863,-0.1068
1.872,324,tripod,-0.0073,0.0108,0.1478,-0.0358,-0.0261,-0.0009,0.0033,0.0015,-0.0281,0.0018,0.0694,-0.0073,0.000,0.000,-0.0320,-0.0231,-0.0358,-0.0261,-0.0009,0.1194,0,0.2967,-0.1874,0.0368,1,0.00,0.017,0.050,0.001,,-0.0089,-0.1370,1.7069,0.3012,-0.1935,-0.1261,0.2968,0.1920,0.0303,1,6.62,0.387,0.974,0.160,,-0.0190,-0.1789,1.7686,0.3008,0.1859,-0.1188,-0.0017,-0.3417,0.0343,1,10.74,0.506,1.466,0.345,,0.0124,-0.1359,1.7082,0.0029,-0.3481,-0.1263,-0.0017,0.3473,0.0247,1,0.00,0.003,0.037,0.007,,-0.0093,-0.2236,1.8274,0.0021,0.3407,-0.1111,-0.2998,-0.1871,0.0186,1,0.00,0.011,0.142,0.000,,0.0216,-0.1222,1.7258,-0.2956,-0.1936,-0.1286,-0.3003,0.1933,0.0263,1,10.08,0.052,1.729,0.139,,0.0080,-0.2462,1.8444,-0.2963,0.1862,-0.1073
1.893,328,tripod,-0.0073,0.0108,0.1472,-0.0353,-0.0259,-0.0010,-0.0090,0.0039,-0.0250,0.0042,0.0083,0.0095,0.000,0.000,-0.0321,-0.0233,-0.0353,-0.0259,-0.0010,0.1194,0,0.2968,-0.1875,0.0354,1,11.19,0.610,1.375,0.631,,-0.0089,-0.1333,1.7032,0.3013,-0.1936,-0.1267,0.2968,0.1921,0.0302,1,0.89,0.192,0.102,0.003,,-0.0191,-0.1819,1.7707,0.3008,0.1859,-0.1183,-0.0017,-0.3417,0.0331,1,3.22,0.437,0.389,0.094,,0.0127,-0.1334,1.7059,0.0030,-0.3482,-0.1267,-0.0017,0.3473,0.0246,1,0.00,0.041,0.042,0.003,,-0.0095,-0.2258,1.8290,0.0021,0.3407,-0.1107,-0.2998,-0.1870,0.0182,1,0.00,0.003,0.113,0.001,,0.0218,-0.1239,1.7276,-0.2955,-0.1937,-0.1283,-0.3003,0.1934,0.0254,1,11.82,0.091,1.884,0.080,,0.0080,-0.2435,1.8428,-0.2962,0.1862,-0.1077
1.914,332,tripod,-0.0075,0.0108,0.1463,-0.0353,-0.0263,-0.0009,-0.0051,-0.0018,-0.0863,-0.0025,-0.0227,0.0019,0.000,0.000,-0.0319,-0.0234,-0.0353,-0.0263,-0.0009,0.1192,0,0.2967,-0.1874,0.0345,1,5.78,0.090,0.879,0.099,,-0.0088,-0.1325,1.7021,0.3013,-0.1936,-0.1269,0.2967,0.1922,0.0303,1,0.00,0.013,0.031,0.006,,-0.0191,-0.1867,1.7743,0.3009,0.1859,-0.1175,-0.0017,-0.3416,0.0323,1,0.00,0.007,0.043,0.001,,0.0129,-0.1338,1.7062,0.0030,-0.3482,-0.1267,-0.0018,0.3474,0.0240,1,0.00,0.010,0.023,0.002,,-0.0097,-0.2260,1.8292,0.0022,0.3407,-0.1107,-0.2999,-0.1870,0.0179,1,0.00,0.011,0.040,0.006,,0.0219,-0.1276,1.7311,-0.2955,-0.1936,-0.1276,-0.3004,0.1934,0.0245,1,6.45,0.108,0.721,0.425,,0.0079,-0.2439,1.8434,-0.2962,0.1862,-0.1077
1.935,336,tripod,-0.0076,0.0105,0.1452,-0.0337,-0.0270,-0.0007,0.0054,-0.0229,-0.0615,0.1114,0.0381,0.0199,0.000,0.000,-0.0315,-0.0238,-0.0337,-0.0270,-0.0007,0.1188,0,0.2967,-0.1874,0.0336,1,1.31,0.117,0.156,0.099,,-0.0087,-0.1344,1.7035,0.3013,-0.1936,-0.1266,0.2966,0.1922,0.0307,1,0.00,0.028,0.016,0.005,,-0.0191,-0.1924,1.7785,0.3009,0.1859,-0.1165,-0.0017,-0.3417,0.0307,1,0.00,0.019,0.009,0.001,,0.0131,-0.1342,1.7065,0.0031,-0.3482,-0.1266,-0.0018,0.3473,0.0231,1,5.36,0.739,0.974,0.160,,-0.0099,-0.2252,1.8286,0.0022,0.3407,-0.1108,-0.2999,-0.1871,0.0172,1,5.49,0.758,0.709,0.179,,0.0219,-0.1328,1.7357,-0.2955,-0.1936,-0.1267,-0.3004,0.1932,0.0238,1,0.00,0.015,0.076,0.003,,0.0078,-0.2466,1.8455,-0.2962,0.1862,-0.1072
1.955,340,tripod,-0.0075,0.0102,0.1435,-0.0323,-0.0267,-0.0005,-0.0020,-0.0170,-0.0916,0.1009,-0.0438,0.0110,0.000,0.000,-0.0305,-0.0240,-0.0323,-0.0267,-0.0005,0.1180,0,0.2968,-0.1875,0.0324,1,1.67,0.187,0.060,0.091,,-0.0085,-0.1406,1.7087,0.3014,-0.1936,-0.1255,0.2967,0.1921,0.0295,1,18.20,0.142,2.244,0.887,,-0.0190,-0.1945,1.7799,0.3009,0.1859,-0.1162,-0.0015,-0.3418,0.0293,1,0.00,0.030,0.079,0.009,,0.0133,-0.1387,1.7106,0.0031,-0.3481,-0.1258,-0.0018,0.3472,0.0226,1,1.30,0.075,0.011,0.107,,-0.0100,-0.2298,1.8317,0.0022,0.3407,-0.1101,-0.2998,-0.1872,0.0168,1,14.80,0.097,2.445,0.086,,0.0216,-0.1414,1.7431,-0.2955,-0.1936,-0.1253,-0.3004,0.1931,0.0230,1,0.00,0.024,0.053,0.003,,0.0077,-0.2492,1.8474,-0.2961,0.1862,-0.1068
1.976,344,tripod,-0.0077,0.0100,0.1425,-0.0313,-0.0280,-0.0004,-0.0120,-0.0071,-0.0419,0.0215,-0.0808,0.0071,0.000,0.000,-0.0294,-0.0243,-0.0313,-0.0280,-0.0004,0.1174,0,0.2969,-0.1874,0.0324,1,0.00,0.005,0.048,0.005,,-0.0082,-0.1451,1.7125,0.3014,-0.1935,-0.1247,0.2966,0.1921,0.0292,1,7.64,0.062,1.156,0.139,,-0.0190,-0.1948,1.7799,0.3009,0.1860,-0.1161,-0.0015,-0.3418,0.0284,1,0.00,0.005,0.056,0.004,,0.0134,-0.1417,1.7135,0.0031,-0.3481,-0.1253,-0.0019,0.3472,0.0227,1,0.00,0.005,0.036,0.005,,-0.0100,-0.2341,1.8344,0.0023,0.3408,-0.1093,-0.2998,-0.1872,0.0164,1,8.12,0.048,1.154,0.224,,0.0214,-0.1481,1.7489,-0.2955,-0.1935,-0.1241,-0.3004,0.1930,0.0220,1,0.00,0.005,0.042,0.001,,0.0074,-0.2498,1.8479,-0.2961,0.1863,-0.1067
1.997,348,tripod,-0.0079,0.0099,0.1420,-0.0312,-0.0291,-0.0003,-0.0076,-0.0080,-0.0254,0.0304,-0.0327,0.0049,0.000,0.000,-0.0287,-0.0251,-0.0312,-0.0291,-0.0003,0.1175,0,0.2969,-0.1874,0.0320,1,0.00,0.004,0.024,0.004,,-0.0078,-0.1433,1.7109,0.3015,-0.1934,-0.1250,0.2966,0.1921,0.0289,1,7.66,0.353,1.118,0.175,,-0.0189,-0.1943,1.7790,0.3010,0.1860,-0.1162,-0.0014,-0.3419,0.0273,1,0.00,0.010,0.028,0.005,,0.0137,-0.1382,1.7109,0.0032,-0.3480,-0.1259,-0.0019,0.3472,0.0222,1,0.00,0.011,0.056,0.001,,-0.0102,-0.2333,1.8336,0.0023,0.3408,-0.1095,-0.2998,-0.1872,0.0160,1,6.79,0.587,1.032,0.085,,0.0211,-0.1515,1.7522,-0.2954,-0.1934,-0.1235,-0.3004,0.1929,0.0209,1,2.20,0.252,0.389,0.097,,0.0072,-0.2490,1.8475,-0.2961,0.1863,-0.1068
2.018,352,tripod,-0.0080,0.0098,0.1417,-0.0308,-0.0295,-0.0003,-0.0016,-0.0134,0.0003,0.1299,0.0370,0.0038,0.000,0.000,-0.0282,-0.0258,-0.0308,-0.0295,-0.0003,0.1182,0,0.2969,-0.1875,0.0306,1,0.00,0.019,0.044,0.008,,-0.0075,-0.1358,1.7040,0.3016,-0.1934,-0.1263,0.2966,0.1921,0.0285,1,3.28,0.454,0.386,0.126,,-0.0188,-0.1931,1.7775,0.3011,0.1861,-0.1164,-0.0014,-0.3420,0.0255,1,0.00,0.022,0.053,0.008,,0.0141,-0.1291,1.7031,0.0033,-0.3480,-0.1275,-0.0019,0.3471,0.0210,1,8.84,0.527,1.247,0.137,,-0.0106,-0.2275,1.8291,0.0024,0.3409,-0.1105,-0.2998,-0.1872,0.0157,1,7.31,0.986,1.371,0.209,,0.0210,-0.1526,1.7536,-0.2954,-0.1933,-0.1233,-0.3005,0.1929,0.0201,1,0.00,0.022,0.134,0.003,,0.0069,-0.2469,1.8461,-0.2960,0.1864,-0.1072
2.040,356,tripod,-0.0081,0.0099,0.1422,-0.0308,-0.0293,-0.0003,-0.0088,0.0062,0.0462,-0.0159,-0.0035,-0.0050,0.000,0.000,-0.0278,-0.0262,-0.0308,-0.0293,-0.0003,0.1193,0,0.2970,-0.1875,0.0289,1,0.00,0.015,0.028,0.019,,-0.0072,-0.1234,1.6925,0.3017,-0.1934,-0.1285,0.2966,0.1922,0.0285,1,0.00,0.019,0.046,0.003,,-0.0188,-0.1906,1.7750,0.3011,0.1861,-0.1168,-0.0013,-0.3420,0.0237,1,6.99,0.010,1.304,0.110,,0.0146,-0.1170,1.6926,0.0034,-0.3481,-0.1296,-0.0019,0.3472,0.0204,1,8.81,0.008,1.080,0.479,,-0.0109,-0.2212,1.8242,0.0025,0.3409,-0.1115,-0.2999,-0.1870,0.0160,1,0.00,0.018,0.034,0.001,,0.0209,-0.1513,1.7532,-0.2953,-0.1933,-0.1235,-0.3005,0.1929,0.0201,1,0.00,0.015,0.043,0.001,,0.0066,-0.2430,1.8436,-0.2959,0.1864,-0.1078
2.060,360,tripod,-0.0082,0.0099,0.1426,-0.0310,-0.0293,-0.0004,-0.0059,0.0007,0.0061,-0.0013,-0.0069,-0.0039,0.000,0.000,-0.0278,-0.0263,-0.0310,-0.0293,-0.0004,0.1206,0,0.2971,-0.1876,0.0269,1,0.00,0.009,0.011,0.024,,-0.0070,-0.1089,1.6788,0.3019,-0.1935,-0.1310,0.2965,0.1922,0.0285,1,0.00,0.017,0.031,0.006,,-0.0189,-0.1873,1.7720,0.3012,0.1862,-0.1174,-0.0013,-0.3420,0.0225,1,3.26,0.104,0.690,0.137,,0.0151,-0.1073,1.6841,0.0035,-0.3481,-0.1313,-0.0019,0.3472,0.0199,1,4.59,0.105,0.527,0.291,,-0.0112,-0.2161,1.8204,0.0025,0.3409,-0.1124,-0.3000,-0.1869,0.0160,1,0.00,0.016,0.003,0.003,,0.0209,-0.1478,1.7508,-0.2952,-0.1932,-0.1242,-0.3005,0.1930,0.0193,1,0.00,0.008,0.008,0.006,,0.0065,-0.2352,1.8383,-0.2959,0.1864,-0.1091
2.080,364,tripod,-0.0083,0.0100,0.1428,-0.0309,-0.0294,-0.0004,-0.0045,0.0028,0.0517,0.0018,0.0250,-0.0030,0.000,0.000,-0.0278,-0.0265,-0.0309,-0.0294,-0.0004,0.1215,0,0.2972,-0.1876,0.0254,1,12.52,0.104,1.978,0.151,,-0.0068,-0.1003,1.6706,0.3020,-0.1935,-0.1325,0.2965,0.1923,0.0279,1,0.00,0.010,0.079,0.007,,-0.0189,-0.1833,1.7684,0.3013,0.1862,-0.1181,-0.0013,-0.3420,0.0218,1,0.00,0.003,0.085,0.008,,0.0153,-0.1031,1.6806,0.0036,-0.3480,-0.1320,-0.0020,0.3472,0.0199,1,0.00,0.009,0.042,0.002,,-0.0114,-0.2156,1.8198,0.0026,0.3409,-0.1125,-0.3000,-0.1869,0.0152,1,0.00,0.003,0.043,0.002,,0.0210,-0.1431,1.7474,-0.2952,-0.1932,-0.1250,-0.3005,0.1930,0.0179,1,11.80,0.107,1.735,0.336,,0.0063,-0.2262,1.8321,-0.2958,0.1864,-0.1107
2.100,368,tripod,-0.0083,0.0099,0.1428,-0.0304,-0.0286,-0.0005,-0.0005,-0.0056,-0.0119,0.0467,0.0256,0.0016,0.000,0.000,-0.0277,-0.0264,-0.0304,-0.0286,-0.0005,0.1222,0,0.2972,-0.1876,0.0242,1,12.86,0.406,2.103,0.074,,-0.0067,-0.0952,1.6657,0.3021,-0.1935,-0.1334,0.2965,0.1923,0.0271,1,2.39,0.172,0.248,0.096,,-0.0190,-0.1787,1.7644,0.3013,0.1862,-0.1189,-0.0014,-0.3420,0.0208,1,0.00,0.003,0.061,0.008,,0.0156,-0.0968,1.6751,0.0036,-0.3480,-0.1331,-0.0020,0.3473,0.0197,1,0.00,0.009,0.088,0.003,,-0.0116,-0.2121,1.8172,0.0026,0.3409,-0.1131,-0.3000,-0.1868,0.0151,1,0.00,0.008,0.054,0.002,,0.0210,-0.1413,1.7462,-0.2951,-0.1932,-0.1253,-0.3005,0.1930,0.0173,1,14.11,0.278,2.097,0.297,,0.0062,-0.2208,1.8283,-0.2958,0.1864,-0.1116
2.122,372,tripod,-0.0084,0.0098,0.1426,-0.0298,-0.0289,-0.0004,-0.0100,0.0009,-0.0329,0.0265,-0.0248,0.0005,0.000,0.000,-0.0273,-0.0261,-0.0298,-0.0289,-0.0004,0.1226,0,0.2972,-0.1876,0.0237,1,0.00,0.013,0.009,0.007,,-0.0065,-0.0944,1.6652,0.3021,-0.1934,-0.1335,0.2965,0.1922,0.0266,1,0.00,0.015,0.052,0.002,,-0.0190,-0.1767,1.7626,0.3014,0.1862,-0.1192,-0.0013,-0.3420,0.0192,1,7.18,0.130,1.219,0.058,,0.0158,-0.0912,1.6702,0.0037,-0.3480,-0.1341,-0.0020,0.3472,0.0185,1,9.42,0.127,1.524,0.001,,-0.0118,-0.2051,1.8118,0.0027,0.3409,-0.1143,-0.3000,-0.1869,0.0150,1,0.47,0.074,0.042,0.004,,0.0209,-0.1434,1.7482,-0.2951,-0.1932,-0.1249,-0.3005,0.1930,0.0169,1,0.00,0.007,0.095,0.004,,0.0061,-0.2202,1.8279,-0.2957,0.1864,-0.1117
2.143,376,tripod,-0.0085,0.0096,0.1426,-0.0281,-0.0289,-0.0004,-0.0040,-0.0125,0.0074,0.0846,-0.0073,0.0033,0.000,0.000,-0.0266,-0.0260,-0.0281,-0.0289,-0.0004,0.1228,0,0.2971,-0.1876,0.0232,1,0.00,0.009,0.047,0.005,,-0.0063,-0.0926,1.6637,0.3021,-0.1934,-0.1338,0.2964,0.1923,0.0270,1,0.00,0.012,0.044,0.001,,-0.0189,-0.1772,1.7628,0.3014,0.1862,-0.1191,-0.0013,-0.3420,0.0183,1,8.36,0.014,1.642,0.264,,0.0159,-0.0889,1.6682,0.0037,-0.3480,-0.1345,-0.0020,0.3472,0.0179,1,9.13,0.006,1.458,0.083,,-0.0120,-0.1984,1.8065,0.0027,0.3410,-0.1154,-0.3001,-0.1867,0.0153,1,0.00,0.009,0.053,0.004,,0.0206,-0.1471,1.7515,-0.2951,-0.1931,-0.1243,-0.3006,0.1930,0.0174,1,0.00,0.006,0.045,0.002,,0.0059,-0.2211,1.8286,-0.2957,0.1865,-0.1115
2.163,380,tripod,-0.0085,0.0094,0.1425,-0.0269,-0.0292,-0.0004,-0.0041,-0.0099,-0.0069,0.0363,-0.0154,0.0016,0.000,0.000,-0.0256,-0.0261,-0.0269,-0.0292,-0.0004,0.1232,0,0.2971,-0.1876,0.0219,1,0.00,0.002,0.070,0.010,,-0.0061,-0.0868,1.6585,0.3021,-0.1933,-0.1348,0.2964,0.1923,0.0268,1,0.00,0.004,0.039,0.003,,-0.0188,-0.1744,1.7603,0.3014,0.1863,-0.1196,-0.0013,-0.3420,0.0174,1,11.30,0.009,2.019,0.154,,0.0160,-0.0874,1.6672,0.0037,-0.3480,-0.1347,-0.0020,0.3472,0.0174,1,10.61,0.008,1.845,0.072,,-0.0122,-0.1945,1.8031,0.0027,0.3410,-0.1161,-0.3002,-0.1867,0.0155,1,0.00,0.005,0.078,0.004,,0.0203,-0.1506,1.7547,-0.2951,-0.1930,-0.1237,-0.3006,0.1930,0.0170,1,0.00,0.000,0.041,0.001,,0.0057,-0.2181,1.8264,-0.2957,0.1865,-0.1120
2.184,384,tripod,-0.0086,0.0093,0.1421,-0.0262,-0.0295,-0.0004,-0.0046,-0.0085,-0.0131,0.0122,-0.0215,0.0008,0.000,0.000,-0.0246,-0.0262,-0.0262,-0.0295,-0.0004,0.1238,0,0.2972,-0.1876,0.0201,1,0.00,0.001,0.067,0.014,,-0.0059,-0.0779,1.6503,0.3022,-0.1933,-0.1364,0.2965,0.1923,0.0257,1,0.00,0.001,0.038,0.007,,-0.0187,-0.1683,1.7550,0.3014,0.1863,-0.1207,-0.0013,-0.3420,0.0167,1,11.44,0.001,2.019,0.126,,0.0160,-0.0866,1.6669,0.0037,-0.3479,-0.1349,-0.0020,0.3472,0.0170,1,10.61,0.004,1.886,0.127,,-0.0123,-0.1926,1.8012,0.0028,0.3411,-0.1164,-0.3002,-0.1867,0.0155,1,0.00,0.003,0.077,0.004,,0.0200,-0.1539,1.7576,-0.2951,-0.1929,-0.1231,-0.3006,0.1929,0.0157,1,0.00,0.002,0.038,0.005,,0.0055,-0.2120,1.8219,-0.2957,0.1865,-0.1131
2.205,388,tripod,-0.0087,0.0093,0.1426,-0.0262,-0.0295,-0.0004,-0.0066,0.0007,0.0382,-0.0131,-0.0150,-0.0007,0.000,0.000,-0.0240,-0.0264,-0.0262,-0.0295,-0.0004,0.1244,0,0.2972,-0.1876,0.0189,1,9.28,0.081,1.471,0.092,,-0.0056,-0.0692,1.6422,0.3022,-0.1933,-0.1379,0.2964,0.1923,0.0250,1,0.00,0.008,0.065,0.010,,-0.0186,-0.1622,1.7496,0.3015,0.1864,-0.1217,-0.0014,-0.3419,0.0169,1,0.00,0.005,0.069,0.003,,0.0161,-0.0857,1.6668,0.0037,-0.3478,-0.1350,-0.0021,0.3472,0.0173,1,0.00,0.006,0.024,0.002,,-0.0124,-0.1916,1.8001,0.0028,0.3411,-0.1166,-0.3003,-0.1866,0.0162,1,0.00,0.004,0.025,0.005,,0.0197,-0.1553,1.7592,-0.2951,-0.1928,-0.1228,-0.3006,0.1930,0.0152,1,8.18,0.083,1.236,0.209,,0.0052,-0.2066,1.8179,-0.2956,0.1866,-0.1140
2.226,392,tripod,-0.0088,0.0093,0.1430,-0.0261,-0.0292,-0.0004,-0.0035,-0.0011,0.0218,-0.0127,-0.0197,-0.0017,0.000,0.000,-0.0237,-0.0264,-0.0261,-0.0292,-0.0004,0.1251,0,0.2972,-0.1876,0.0180,1,11.27,0.091,1.710,0.175,,-0.0053,-0.0628,1.6361,0.3023,-0.1932,-0.1390,0.2964,0.1923,0.0246,1,0.00,0.001,0.079,0.008,,-0.0185,-0.1579,1.7457,0.3015,0.1864,-0.1225,-0.0015,-0.3418,0.0167,1,0.00,0.004,0.078,0.007,,0.0162,-0.0821,1.6641,0.0038,-0.3477,-0.1356,-0.0021,0.3473,0.0172,1,0.00,0.001,0.025,0.002,,-0.0125,-0.1882,1.7972,0.0028,0.3412,-0.1172,-0.3004,-0.1865,0.0162,1,0.00,0.006,0.023,0.001,,0.0195,-0.1520,1.7568,-0.2951,-0.1928,-0.1234,-0.3007,0.1930,0.0150,1,8.84,0.062,1.614,0.112,,0.0050,-0.2029,1.8150,-0.2956,0.1866,-0.1146
2.247,396,tripod,-0.0087,0.0093,0.1432,-0.0265,-0.0284,-0.0004,0.0100,0.0136,0.0119,-0.1090,0.0697,-0.0025,0.000,0.000,-0.0235,-0.0262,-0.0265,-0.0284,-0.0004,0.1260,0,0.2972,-0.1876,0.0172,1,9.39,0.532,1.644,0.085,,-0.0050,-0.0583,1.6318,0.3023,-0.1932,-0.1398,0.2964,0.1923,0.0241,1,0.00,0.016,0.074,0.009,,-0.0184,-0.1552,1.7433,0.3015,0.1865,-0.1229,-0.0015,-0.3419,0.0158,1,0.00,0.026,0.054,0.008,,0.0164,-0.0749,1.6578,0.0038,-0.3477,-0.1369,-0.0021,0.3472,0.0162,1,0.00,0.010,0.034,0.010,,-0.0127,-0.1815,1.7918,0.0029,0.3412,-0.1183,-0.3004,-0.1865,0.0155,1,2.12,0.253,0.373,0.024,,0.0194,-0.1460,1.7520,-0.2951,-0.1927,-0.1244,-0.3007,0.1930,0.0149,1,7.51,0.206,1.141,0.159,,0.0048,-0.2007,1.8132,-0.2956,0.1867,-0.1150
2.269,400,tripod,-0.0086,0.0093,0.1437,-0.0264,-0.0273,-0.0004,0.0036,0.0035,0.0395,-0.0211,0.0408,-0.0003,0.000,0.000,-0.0236,-0.0256,-0.0264,-0.0273,-0.0004,0.1266,0,0.2972,-0.1876,0.0168,1,0.00,0.001,0.038,0.004,,-0.0049,-0.0553,1.6292,0.3023,-0.1931,-0.1403,0.2964,0.1923,0.0239,1,0.00,0.000,0.039,0.002,,-0.0183,-0.1536,1.7418,0.3015,0.1865,-0.1232,-0.0014,-0.3419,0.0150,1,6.41,0.086,1.119,0.023,,0.0164,-0.0682,1.6518,0.0038,-0.3476,-0.1381,-0.0021,0.3473,0.0157,1,6.54,0.083,1.092,0.007,,-0.0127,-0.1761,1.7872,0.0029,0.3412,-0.1192,-0.3004,-0.1865,0.0156,1,0.00,0.001,0.025,0.004,,0.0193,-0.1419,1.7488,-0.2951,-0.1927,-0.1251,-0.3007,0.1930,0.0156,1,0.00,0.001,0.028,0.000,,0.0047,-0.1998,1.8125,-0.2956,0.1867,-0.1151
2.291,404,tripod,-0.0086,0.0093,0.1437,-0.0269,-0.0271,-0.0004,0.0017,0.0026,-0.0152,-0.0299,-0.0017,0.0005,0.000,0.000,-0.0238,-0.0249,-0.0269,-0.0271,-0.0004,0.1267,0,0.2971,-0.1876,0.0168,1,0.00,0.001,0.034,0.000,,-0.0048,-0.0548,1.6292,0.3023,-0.1931,-0.1404,0.2964,0.1924,0.0236,1,0.00,0.005,0.039,0.002,,-0.0181,-0.1523,1.7409,0.3015,0.1865,-0.1234,-0.0014,-0.3419,0.0150,1,6.78,0.136,1.174,0.028,,0.0163,-0.0668,1.6507,0.0038,-0.3476,-0.1383,-0.0021,0.3473,0.0155,1,7.34,0.125,1.138,0.089,,-0.0127,-0.1758,1.7868,0.0029,0.3413,-0.1193,-0.3004,-0.1865,0.0160,1,0.00,0.004,0.037,0.004,,0.0191,-0.1429,1.7496,-0.2951,-0.1927,-0.1250,-0.3007,0.1930,0.0153,1,0.00,0.001,0.039,0.003,,0.0046,-0.1975,1.8107,-0.2956,0.1867,-0.1155
2.313,408,tripod,-0.0084,0.0094,0.1436,-0.0269,-0.0262,-0.0004,-0.0031,-0.0062,0.0103,0.0522,-0.0297,0.0044,0.000,0.000,-0.0240,-0.0244,-0.0269,-0.0262,-0.0004,0.1270,0,0.2972,-0.1876,0.0158,1,0.00,0.024,0.065,0.008,,-0.0048,-0.0507,1.6256,0.3022,-0.1931,-0.1411,0.2964,0.1923,0.0224,1,8.21,0.014,1.035,0.362,,-0.0181,-0.1474,1.7369,0.3015,0.1865,-0.1243,-0.0014,-0.3419,0.0149,1,5.04,0.199,1.077,0.249,,0.0162,-0.0670,1.6509,0.0038,-0.3476,-0.1383,-0.0021,0.3473,0.0154,1,0.00,0.018,0.067,0.002,,-0.0125,-0.1766,1.7874,0.0028,0.3413,-0.1191,-0.3004,-0.1865,0.0165,1,0.00,0.000,0.010,0.003,,0.0189,-0.1452,1.7514,-0.2951,-0.1926,-0.1246,-0.3007,0.1930,0.0150,1,4.97,0.149,0.871,0.059,,0.0046,-0.1953,1.8087,-0.2956,0.1868,-0.1159
2.336,412,tripod,-0.0085,0.0093,0.1437,-0.0264,-0.0265,-0.0004,-0.0021,-0.0016,0.0062,0.0086,-0.0270,-0.0004,0.000,0.000,-0.0240,-0.0240,-0.0264,-0.0265,-0.0004,0.1270,0,0.2972,-0.1876,0.0152,1,6.63,0.102,1.028,0.109,,-0.0049,-0.0473,1.6226,0.3022,-0.1931,-0.1417,0.2964,0.1923,0.0220,1,0.00,0.001,0.032,0.004,,-0.0180,-0.1440,1.7342,0.3015,0.1865,-0.1249,-0.0015,-0.3418,0.0150,1,0.00,0.002,0.043,0.002,,0.0160,-0.0682,1.6522,0.0037,-0.3476,-0.1381,-0.0021,0.3473,0.0159,1,0.00,0.001,0.032,0.003,,-0.0124,-0.1778,1.7884,0.0028,0.3413,-0.1189,-0.3005,-0.1864,0.0169,1,0.00,0.000,0.039,0.004,,0.0187,-0.1481,1.7537,-0.2952,-0.1926,-0.1241,-0.3007,0.1930,0.0150,1,6.64,0.082,0.974,0.158,,0.0046,-0.1948,1.8080,-0.2957,0.1868,-0.1160
2.357,416,tripod,-0.0084,0.0093,0.1436,-0.0264,-0.0267,-0.0004,0.0034,-0.0026,-0.0293,0.0004,-0.0032,0.0006,0.000,0.000,-0.0239,-0.0240,-0.0264,-0.0267,-0.0004,0.1268,0,0.2972,-0.1876,0.0150,1,4.84,0.027,0.751,0.078,,-0.0049,-0.0468,1.6224,0.3021,-0.1930,-0.1418,0.2964,0.1923,0.0219,1,0.00,0.001,0.024,0.001,,-0.0179,-0.1435,1.7340,0.3014,0.1865,-0.1249,-0.0015,-0.3418,0.0154,1,0.00,0.002,0.031,0.005,,0.0157,-0.0713,1.6553,0.0037,-0.3475,-0.1375,-0.0021,0.3472,0.0156,1,0.00,0.002,0.023,0.002,,-0.0123,-0.1759,1.7869,0.0028,0.3413,-0.1193,-0.3005,-0.1864,0.0175,1,0.00,0.001,0.032,0.006,,0.0184,-0.1527,1.7572,-0.2952,-0.1926,-0.1233,-0.3007,0.1930,0.0151,1,5.23,0.011,0.683,0.211,,0.0046,-0.1966,1.8093,-0.2957,0.1868,-0.1157
2.380,420,tripod,-0.0085,0.0091,0.1432,-0.0253,-0.0273,-0.0003,-0.0048,-0.0155,-0.0109,0.1030,-0.0461,0.0065,0.000,0.000,-0.0237,-0.0241,-0.0253,-0.0273,-0.0003,0.1264,0,0.2972,-0.1875,0.0150,1,0.00,0.001,0.037,0.003,,-0.0049,-0.0489,1.6248,0.3021,-0.1930,-0.1415,0.2964,0.1923,0.0219,1,0.00,0.002,0.032,0.000,,-0.0178,-0.1438,1.7344,0.3014,0.1865,-0.1249,-0.0015,-0.3418,0.0155,1,6.44,0.117,1.196,0.136,,0.0155,-0.0761,1.6599,0.0036,-0.3475,-0.1367,-0.0021,0.3472,0.0149,1,6.51,0.126,1.165,0.091,,-0.0122,-0.1724,1.7841,0.0028,0.3413,-0.1198,-0.3005,-0.1864,0.0179,1,0.00,0.002,0.042,0.007,,0.0182,-0.1588,1.7620,-0.2953,-0.1925,-0.1223,-0.3008,0.1930,0.0155,1,0.00,0.001,0.038,0.005,,0.0046,-0.2007,1.8122,-0.2957,0.1868,-0.1150
2.401,424,tripod,-0.0085,0.0089,0.1431,-0.0241,-0.0279,-0.0002,-0.0034,-0.0098,-0.0059,0.0490,-0.0313,0.0047,0.000,0.000,-0.0229,-0.0244,-0.0241,-0.0279,-0.0002,0.1262,0,0.2971,-0.1875,0.0152,1,0.00,0.001,0.036,0.003,,-0.0048,-0.0510,1.6272,0.3021,-0.1930,-0.1411,0.2964,0.1923,0.0216,1,0.00,0.002,0.029,0.006,,-0.0178,-0.1398,1.7309,0.3014,0.1866,-0.1256,-0.0015,-0.3418,0.0157,1,6.36,0.115,1.152,0.101,,0.0153,-0.0802,1.6637,0.0036,-0.3475,-0.1360,-0.0021,0.3472,0.0149,1,6.46,0.124,1.128,0.059,,-0.0122,-0.1706,1.7823,0.0028,0.3413,-0.1202,-0.3005,-0.1864,0.0182,1,0.00,0.002,0.040,0.006,,0.0179,-0.1639,1.7661,-0.2953,-0.1925,-0.1214,-0.3008,0.1930,0.0160,1,0.00,0.002,0.038,0.005,,0.0045,-0.2045,1.8148,-0.2957,0.1868,-0.1143
2.423,428,tripod,-0.0086,0.0088,0.1431,-0.0237,-0.0283,-0.0002,-0.0022,-0.0050,0.0001,0.0082,-0.0169,0.0033,0.000,0.000,-0.0221,-0.0249,-0.0237,-0.0283,-0.0002,0.1260,0,0.2971,-0.1875,0.0155,1,0.00,0.001,0.035,0.003,,-0.0046,-0.0530,1.6294,0.3020,-0.1929,-0.1407,0.2965,0.1922,0.0205,1,0.00,0.002,0.027,0.010,,-0.0178,-0.1324,1.7244,0.3015,0.1866,-0.1269,-0.0015,-0.3418,0.0160,1,6.28,0.039,1.148,0.109,,0.0153,-0.0834,1.6670,0.0036,-0.3475,-0.1354,-0.0021,0.3472,0.0148,1,6.45,0.062,1.120,0.054,,-0.0122,-0.1698,1.7813,0.0028,0.3414,-0.1203,-0.3006,-0.1864,0.0186,1,0.00,0.002,0.038,0.005,,0.0176,-0.1678,1.7694,-0.2953,-0.1924,-0.1207,-0.3008,0.1930,0.0165,1,0.00,0.001,0.037,0.004,,0.0043,-0.2078,1.8172,-0.2957,0.1869,-0.1138
2.445,432,tripod,-0.0087,0.0087,0.1432,-0.0237,-0.0291,-0.0001,-0.0163,-0.0032,0.0191,0.0111,-0.0959,0.0079,0.000,0.000,-0.0217,-0.0253,-0.0237,-0.0291,-0.0001,0.1260,0,0.2971,-0.1874,0.0161,1,0.00,0.008,0.051,0.003,,-0.0044,-0.0548,1.6313,0.3020,-0.1928,-0.1404,0.2966,0.1922,0.0196,1,6.32,0.670,0.703,0.413,,-0.0178,-0.1253,1.7179,0.3015,0.1866,-0.1281,-0.0015,-0.3418,0.0166,1,4.74,0.437,1.140,0.382,,0.0153,-0.0859,1.6695,0.0036,-0.3474,-0.1350,-0.0021,0.3472,0.0149,1,0.00,0.013,0.056,0.001,,-0.0123,-0.1697,1.7809,0.0028,0.3414,-0.1203,-0.3006,-0.1864,0.0190,1,0.00,0.002,0.018,0.005,,0.0174,-0.1708,1.7720,-0.2953,-0.1924,-0.1202,-0.3009,0.1930,0.0169,1,4.28,0.254,0.336,0.439,,0.0041,-0.2106,1.8191,-0.2957,0.1869,-0.1133
2.467,436,tripod,-0.0088,0.0087,0.1435,-0.0240,-0.0298,-0.0000,-0.0068,-0.0005,0.0224,-0.0101,-0.0384,0.0023,0.000,0.000,-0.0215,-0.0260,-0.0240,-0.0298,-0.0000,0.1260,0,0.2971,-0.1874,0.0166,1,0.00,0.011,0.051,0.003,,-0.0041,-0.0532,1.6298,0.3021,-0.1928,-0.1407,0.2966,0.1922,0.0191,1,6.51,0.409,0.794,0.334,,-0.0178,-0.1201,1.7130,0.3016,0.1866,-0.1290,-0.0015,-0.3418,0.0173,1,4.78,0.350,1.028,0.248,,0.0154,-0.0878,1.6714,0.0036,-0.3474,-0.1346,-0.0022,0.3471,0.0151,1,0.00,0.012,0.059,0.000,,-0.0124,-0.1697,1.7808,0.0028,0.3414,-0.1203,-0.3006,-0.1864,0.0195,1,0.00,0.001,0.013,0.004,,0.0172,-0.1729,1.7741,-0.2953,-0.1923,-0.1198,-0.3009,0.1929,0.0173,1,4.31,0.074,0.502,0.249,,0.0039,-0.2127,1.8207,-0.2957,0.1870,-0.1129
2.489,440,tripod,-0.0089,0.0088,0.1439,-0.0246,-0.0298,0.0000,-0.0023,0.0043,0.0263,-0.0369,-0.0017,0.0017,0.000,0.000,-0.0216,-0.0265,-0.0246,-0.0298,0.0000,0.1261,0,0.2972,-0.1874,0.0164,1,2.47,0.263,0.223,0.192,,-0.0039,-0.0493,1.6258,0.3021,-0.1928,-0.1414,0.2966,0.1922,0.0187,1,3.46,0.468,0.471,0.115,,-0.0178,-0.1163,1.7094,0.3016,0.1867,-0.1297,-0.0015,-0.3418,0.0182,1,2.65,0.014,0.675,0.277,,0.0155,-0.0894,1.6731,0.0036,-0.3473,-0.1344,-0.0022,0.3471,0.0153,1,0.00,0.008,0.048,0.000,,-0.0126,-0.1698,1.7808,0.0028,0.3414,-0.1203,-0.3006,-0.1864,0.0203,1,0.00,0.006,0.021,0.003,,0.0171,-0.1745,1.7756,-0.2953,-0.1923,-0.1195,-0.3009,0.1929,0.0178,1,5.10,0.138,0.570,0.327,,0.0037,-0.2142,1.8220,-0.2957,0.1870,-0.1127
2.511,444,tripod,-0.0089,0.0089,0.1444,-0.0256,-0.0294,0.0000,0.0005,0.0080,0.0312,-0.0575,0.0200,-0.0003,0.000,0.000,-0.0221,-0.0266,-0.0256,-0.0294,0.0000,0.1261,0,0.2972,-0.1874,0.0164,1,6.19,0.071,0.800,0.277,,-0.0038,-0.0464,1.6231,0.3022,-0.1927,-0.1419,0.2966,0.1922,0.0184,1,0.00,0.004,0.033,0.004,,-0.0179,-0.1134,1.7067,0.3017,0.1867,-0.1302,-0.0016,-0.3417,0.0192,1,0.00,0.002,0.035,0.002,,0.0156,-0.0908,1.6749,0.0036,-0.3473,-0.1341,-0.0022,0.3471,0.0155,1,0.00,0.002,0.034,0.001,,-0.0127,-0.1698,1.7808,0.0029,0.3414,-0.1203,-0.3006,-0.1863,0.0212,1,0.00,0.004,0.033,0.002,,0.0171,-0.1758,1.7769,-0.2953,-0.1922,-0.1193,-0.3009,0.1930,0.0184,1,6.37,0.105,0.772,0.343,,0.0036,-0.2153,1.8231,-0.2956,0.1870,-0.1125
2.533,448,tripod,-0.0088,0.0090,0.1448,-0.0264,-0.0292,0.0001,0.0035,0.0052,0.0009,-0.0480,0.0135,0.0006,0.000,0.000,-0.0228,-0.0265,-0.0264,-0.0292,0.0001,0.1259,0,0.2972,-0.1874,0.0167,1,4.36,0.039,0.484,0.278,,-0.0037,-0.0459,1.6225,0.3022,-0.1927,-0.1420,0.2966,0.1922,0.0184,1,0.00,0.004,0.025,0.001,,-0.0180,-0.1126,1.7058,0.3017,0.1866,-0.1303,-0.0016,-0.3416,0.0204,1,0.00,0.003,0.025,0.005,,0.0157,-0.0938,1.6778,0.0036,-0.3472,-0.1336,-0.0022,0.3471,0.0158,1,0.00,0.003,0.025,0.003,,-0.0128,-0.1712,1.7819,0.0029,0.3414,-0.1201,-0.3006,-0.1863,0.0221,1,0.00,0.004,0.023,0.001,,0.0171,-0.1765,1.7776,-0.2952,-0.1922,-0.1192,-0.3009,0.1930,0.0191,1,4.68,0.074,0.438,0.403,,0.0035,-0.2176,1.8250,-0.2956,0.1870,-0.1121
2.554,452,tripod,-0.0088,0.0091,0.1446,-0.0272,-0.0289,0.0001,0.0064,0.0087,-0.0047,-0.0684,0.0293,0.0006,0.000,0.000,-0.0235,-0.0263,-0.0272,-0.0289,0.0001,0.1253,0,0.2972,-0.1874,0.0173,1,6.08,0.196,0.749,0.296,,-0.0037,-0.0497,1.6263,0.3021,-0.1927,-0.1413,0.2967,0.1921,0.0183,1,0.00,0.000,0.032,0.000,,-0.0181,-0.1138,1.7069,0.3017,0.1866,-0.1301,-0.0016,-0.3416,0.0216,1,0.00,0.006,0.046,0.009,,0.0157,-0.1005,1.6839,0.0036,-0.3472,-0.1324,-0.0022,0.3471,0.0162,1,0.00,0.005,0.033,0.006,,-0.0128,-0.1761,1.7859,0.0029,0.3414,-0.1192,-0.3006,-0.1864,0.0219,1,0.82,0.116,0.110,0.004,,0.0173,-0.1750,1.7764,-0.2952,-0.1923,-0.1195,-0.3009,0.1930,0.0198,1,6.00,0.036,0.579,0.487,,0.0035,-0.2235,1.8295,-0.2956,0.1870,-0.1111
2.576,456,tripod,-0.0087,0.0092,0.1447,-0.0283,-0.0285,0.0001,0.0050,0.0082,0.0116,-0.0544,0.0200,0.0011,0.000,0.000,-0.0243,-0.0261,-0.0283,-0.0285,0.0001,0.1250,0,0.2972,-0.1874,0.0179,1,6.24,0.017,0.754,0.325,,-0.0039,-0.0526,1.6292,0.3021,-0.1927,-0.1408,0.2968,0.1921,0.0175,1,0.00,0.004,0.032,0.004,,-0.0184,-0.1105,1.7041,0.3017,0.1866,-0.1307,-0.0015,-0.3415,0.0231,1,0.00,0.001,0.038,0.007,,0.0156,-0.1060,1.6887,0.0036,-0.3472,-0.1315,-0.0022,0.3472,0.0165,1,0.00,0.001,0.038,0.005,,-0.0127,-0.1795,1.7887,0.0029,0.3414,-0.1186,-0.3005,-0.1864,0.0221,1,0.00,0.003,0.032,0.001,,0.0175,-0.1737,1.7753,-0.2952,-0.1923,-0.1197,-0.3009,0.1930,0.0206,1,6.51,0.018,0.728,0.414,,0.0036,-0.2280,1.8329,-0.2956,0.1870,-0.1104
2.597,460,tripod,-0.0086,0.0094,0.1450,-0.0290,-0.0283,0.0002,0.0028,0.0063,0.0248,-0.0322,0.0064,0.0014,0.000,0.000,-0.0251,-0.0258,-0.0290,-0.0283,0.0002,0.1248,0,0.2972,-0.1873,0.0187,1,6.05,0.025,0.744,0.303,,-0.0041,-0.0549,1.6314,0.3021,-0.1928,-0.1404,0.2968,0.1920,0.0170,1,0.00,0.003,0.031,0.004,,-0.0187,-0.1072,1.7013,0.3017,0.1865,-0.1312,-0.0015,-0.3415,0.0244,1,0.00,0.001,0.036,0.005,,0.0155,-0.1107,1.6926,0.0036,-0.3472,-0.1307,-0.0022,0.3472,0.0170,1,0.00,0.002,0.036,0.004,,-0.0126,-0.1817,1.7908,0.0029,0.3414,-0.1183,-0.3004,-0.1864,0.0224,1,0.00,0.003,0.031,0.001,,0.0177,-0.1729,1.7745,-0.2952,-0.1924,-0.1198,-0.3008,0.1930,0.0214,1,6.36,0.009,0.710,0.405,,0.0038,-0.2313,1.8354,-0.2956,0.1869,-0.1098
2.619,464,tripod,-0.0086,0.0095,0.1455,-0.0294,-0.0283,0.0002,0.0014,0.0052,0.0346,-0.0193,-0.0020,0.0014,0.000,0.000,-0.0258,-0.0256,-0.0294,-0.0283,0.0002,0.1246,0,0.2972,-0.1873,0.0197,1,5.91,0.032,0.735,0.288,,-0.0043,-0.0568,1.6331,0.3021,-0.1928,-0.1401,0.2969,0.1920,0.0169,1,0.00,0.003,0.030,0.003,,-0.0189,-0.1043,1.6991,0.3017,0.1864,-0.1317,-0.0015,-0.3415,0.0258,1,0.00,0.002,0.036,0.004,,0.0154,-0.1145,1.6957,0.0036,-0.3473,-0.1300,-0.0022,0.3472,0.0176,1,0.00,0.002,0.034,0.003,,-0.0126,-0.1831,1.7922,0.0028,0.3413,-0.1180,-0.3004,-0.1865,0.0230,1,0.00,0.003,0.032,0.000,,0.0179,-0.1725,1.7740,-0.2952,-0.1924,-0.1199,-0.3008,0.1930,0.0223,1,6.25,0.001,0.696,0.400,,0.0040,-0.2337,1.8373,-0.2956,0.1869,-0.1094
2.641,468,tripod,-0.0086,0.0095,0.1462,-0.0296,-0.0283,0.0002,0.0003,0.0044,0.0421,-0.0121,-0.0071,0.0013,0.000,0.000,-0.0263,-0.0255,-0.0296,-0.0283,0.0002,0.1245,0,0.2972,-0.1873,0.0207,1,5.80,0.042,0.723,0.281,,-0.0046,-0.0583,1.6344,0.3020,-0.1929,-0.1398,0.2969,0.1920,0.0170,1,0.00,0.003,0.029,0.004,,-0.0192,-0.1008,1.6963,0.3017,0.1863,-0.1323,-0.0015,-0.3415,0.0271,1,0.00,0.002,0.035,0.003,,0.0153,-0.1178,1.6983,0.0036,-0.3473,-0.1294,-0.0022,0.3472,0.0183,1,0.00,0.002,0.032,0.002,,-0.0125,-0.1839,1.7932,0.0028,0.3413,-0.1179,-0.3004,-0.1865,0.0236,1,0.00,0.003,0.032,0.000,,0.0181,-0.1723,1.7736,-0.2952,-0.1925,-0.1199,-0.3008,0.1930,0.0232,1,6.15,0.009,0.683,0.396,,0.0042,-0.2356,1.8388,-0.2956,0.1868,-0.1091
2.662,472,tripod,-0.0086,0.0096,0.1470,-0.0298,-0.0285,0.0003,-0.0005,0.0037,0.0477,-0.0078,-0.0105,0.0011,0.000,0.000,-0.0266,-0.0255,-0.0298,-0.0285,0.0003,0.1246,0,0.2972,-0.1873,0.0217,1,5.73,0.054,0.711,0.282,,-0.0048,-0.0596,1.6355,0.3020,-0.1929,-0.1396,0.2970,0.1919,0.0166,1,0.00,0.003,0.024,0.010,,-0.0196,-0.0933,1.6897,0.3018,0.1863,-0.1336,-0.0016,-0.3414,0.0284,1,0.00,0.002,0.035,0.003,,0.0152,-0.1204,1.7003,0.0035,-0.3473,-0.1290,-0.0022,0.3471,0.0188,1,0.00,0.002,0.029,0.001,,-0.0125,-0.1824,1.7925,0.0028,0.3412,-0.1181,-0.3004,-0.1865,0.0243,1,0.00,0.003,0.033,0.000,,0.0184,-0.1722,1.7733,-0.2952,-0.1925,-0.1199,-0.3008,0.1930,0.0241,1,6.06,0.021,0.675,0.389,,0.0044,-0.2369,1.8399,-0.2956,0.1868,-0.1089
2.684,476,tripod,-0.0086,0.0096,0.1475,-0.0299,-0.0287,0.0003,-0.0006,0.0011,0.0351,0.0010,-0.0160,0.0007,0.000,0.000,-0.0268,-0.0256,-0.0299,-0.0287,0.0003,0.1245,0,0.2972,-0.1873,0.0229,1,5.76,0.036,0.706,0.287,,-0.0050,-0.0624,1.6382,0.3020,-0.1930,-0.1391,0.2971,0.1918,0.0161,1,0.00,0.004,0.030,0.007,,-0.0200,-0.0874,1.6845,0.3018,0.1862,-0.1347,-0.0016,-0.3414,0.0297,1,0.00,0.001,0.033,0.004,,0.0152,-0.1244,1.7035,0.0035,-0.3474,-0.1283,-0.0021,0.3471,0.0187,1,0.54,0.073,0.076,0.012,,-0.0125,-0.1786,1.7898,0.0028,0.3411,-0.1188,-0.3003,-0.1865,0.0252,1,0.00,0.004,0.031,0.002,,0.0185,-0.1740,1.7746,-0.2952,-0.1926,-0.1196,-0.3008,0.1930,0.0251,1,5.75,0.002,0.591,0.430,,0.0046,-0.2397,1.8420,-0.2956,0.1867,-0.1084
2.706,480,tripod,-0.0086,0.0097,0.1482,-0.0298,-0.0290,0.0003,-0.0016,0.0009,0.0426,0.0021,-0.0188,0.0004,0.000,0.000,-0.0269,-0.0258,-0.0298,-0.0290,0.0003,0.1245,0,0.2972,-0.1873,0.0240,1,5.78,0.047,0.698,0.304,,-0.0052,-0.0646,1.6402,0.3020,-0.1930,-0.1387,0.2971,0.1917,0.0160,1,0.00,0.003,0.027,0.006,,-0.0203,-0.0828,1.6804,0.3018,0.1861,-0.1355,-0.0016,-0.3414,0.0309,1,0.00,0.003,0.035,0.003,,0.0151,-0.1275,1.7059,0.0035,-0.3474,-0.1277,-0.0021,0.3470,0.0189,1,0.12,0.019,0.004,0.001,,-0.0126,-0.1754,1.7877,0.0028,0.3411,-0.1193,-0.3003,-0.1865,0.0260,1,0.00,0.003,0.034,0.002,,0.0186,-0.1753,1.7754,-0.2952,-0.1926,-0.1194,-0.3008,0.1930,0.0260,1,6.01,0.026,0.652,0.411,,0.0047,-0.2417,1.8435,-0.2956,0.1867,-0.1080
2.728,484,tripod,-0.0086,0.0097,0.1485,-0.0300,-0.0293,0.0003,0.0009,-0.0008,0.0133,-0.0039,-0.0157,0.0001,0.000,0.000,-0.0269,-0.0260,-0.0300,-0.0293,0.0003,0.1241,0,0.2972,-0.1873,0.0252,1,5.97,0.053,0.620,0.423,,-0.0053,-0.0694,1.6448,0.3019,-0.1930,-0.1379,0.2972,0.1917,0.0161,1,0.00,0.002,0.031,0.001,,-0.0205,-0.0811,1.6790,0.3018,0.1861,-0.1358,-0.0016,-0.3414,0.0322,1,0.00,0.001,0.039,0.007,,0.0151,-0.1330,1.7104,0.0035,-0.3474,-0.1268,-0.0020,0.3470,0.0192,1,0.05,0.009,0.022,0.003,,-0.0126,-0.1760,1.7884,0.0028,0.3410,-0.1192,-0.3003,-0.1866,0.0261,1,0.00,0.002,0.032,0.002,,0.0188,-0.1741,1.7744,-0.2952,-0.1927,-0.1196,-0.3008,0.1930,0.0269,1,6.22,0.011,0.604,0.508,,0.0048,-0.2462,1.8467,-0.2956,0.1867,-0.1073
2.750,488,tripod,-0.0086,0.0097,0.1488,-0.0301,-0.0295,0.0003,0.0002,0.0009,0.0247,-0.0116,-0.0109,0.0001,0.000,0.000,-0.0270,-0.0263,-0.0301,-0.0295,0.0003,0.1240,0,0.2972,-0.1873,0.0264,1,5.95,0.062,0.668,0.372,,-0.0054,-0.0736,1.6487,0.3019,-0.1930,-0.1371,0.2973,0.1916,0.0157,1,0.00,0.002,0.026,0.008,,-0.0208,-0.0759,1.6742,0.3019,0.1860,-0.1367,-0.0016,-0.3414,0.0333,1,0.00,0.002,0.037,0.005,,0.0150,-0.1375,1.7143,0.0035,-0.3474,-0.1260,-0.0020,0.3469,0.0196,1,0.00,0.002,0.032,0.002,,-0.0126,-0.1767,1.7891,0.0028,0.3410,-0.1191,-0.3002,-0.1866,0.0261,1,0.00,0.003,0.032,0.002,,0.0190,-0.1722,1.7729,-0.2952,-0.1927,-0.1199,-0.3008,0.1930,0.0278,1,6.28,0.018,0.647,0.468,,0.0048,-0.2500,1.8494,-0.2956,0.1867,-0.1066
2.772,492,tripod,-0.0086,0.0097,0.1493,-0.0304,-0.0296,0.0003,-0.0002,0.0023,0.0322,-0.0181,-0.0066,0.0000,0.000,0.000,-0.0271,-0.0265,-0.0304,-0.0296,0.0003,0.1238,0,0.2972,-0.1873,0.0276,1,5.82,0.050,0.664,0.354,,-0.0054,-0.0769,1.6517,0.3019,-0.1930,-0.1366,0.2974,0.1915,0.0153,1,0.00,0.003,0.027,0.006,,-0.0210,-0.0709,1.6696,0.3019,0.1860,-0.1375,-0.0016,-0.3414,0.0346,1,0.00,0.002,0.035,0.004,,0.0150,-0.1412,1.7172,0.0035,-0.3474,-0.1254,-0.0020,0.3469,0.0201,1,0.00,0.002,0.032,0.001,,-0.0126,-0.1772,1.7896,0.0029,0.3410,-0.1190,-0.3002,-0.1867,0.0263,1,0.00,0.003,0.031,0.001,,0.0192,-0.1707,1.7717,-0.2952,-0.1927,-0.1202,-0.3008,0.1930,0.0287,1,6.18,0.008,0.635,0.465,,0.0049,-0.2528,1.8515,-0.2956,0.1867,-0.1062
2.793,496,tripod,-0.0086,0.0097,0.1499,-0.0307,-0.0298,0.0003,-0.0006,0.0027,0.0365,-0.0182,-0.0061,-0.0000,0.000,0.000,-0.0273,-0.0266,-0.0307,-0.0298,0.0003,0.1237,0,0.2971,-0.1873,0.0287,1,5.74,0.044,0.657,0.347,,-0.0055,-0.0797,1.6542,0.3019,-0.1930,-0.1361,0.2974,0.1914,0.0151,1,0.00,0.003,0.028,0.005,,-0.0213,-0.0671,1.6661,0.3019,0.1859,-0.1382,-0.0016,-0.3414,0.0358,1,0.00,0.003,0.034,0.003,,0.0151,-0.1441,1.7196,0.0035,-0.3475,-0.1249,-0.0020,0.3469,0.0206,1,0.00,0.002,0.032,0.001,,-0.0127,-0.1775,1.7901,0.0029,0.3410,-0.1190,-0.3001,-0.1867,0.0267,1,0.00,0.003,0.031,0.001,,0.0193,-0.1695,1.7708,-0.2951,-0.1928,-0.1204,-0.3008,0.1930,0.0296,1,6.11,0.003,0.626,0.464,,0.0049,-0.2550,1.8532,-0.2956,0.1867,-0.1058
2.817,500,tripod,-0.0086,0.0098,0.1506,-0.0310,-0.0299,0.0003,-0.0009,0.0027,0.0385,-0.0161,-0.0067,-0.0000,0.000,0.000,-0.0275,-0.0267,-0.0310,-0.0299,0.0003,0.1236,0,0.2971,-0.1873,0.0299,1,5.69,0.042,0.653,0.345,,-0.0055,-0.0821,1.6562,0.3019,-0.1931,-0.1357,0.2975,0.1914,0.0152,1,0.00,0.003,0.029,0.004,,-0.0215,-0.0643,1.6634,0.3019,0.1859,-0.1387,-0.0016,-0.3414,0.0370,1,0.00,0.003,0.033,0.003,,0.0151,-0.1467,1.7217,0.0035,-0.3475,-0.1244,-0.0020,0.3469,0.0212,1,0.00,0.003,0.031,0.001,,-0.0127,-0.1778,1.7904,0.0029,0.3410,-0.1189,-0.3001,-0.1867,0.0272,1,0.00,0.003,0.031,0.000,,0.0195,-0.1687,1.7702,-0.2951,-0.1928,-0.1205,-0.3008,0.1930,0.0304,1,6.07,0.002,0.621,0.463,,0.0050,-0.2567,1.8545,-0.2956,0.1866,-0.1055
2.841,504,tripod,-0.0086,0.0098,0.1512,-0.0312,-0.0300,0.0003,-0.0010,0.0026,0.0387,-0.0140,-0.0070,-0.0000,0.000,0.000,-0.0278,-0.0269,-0.0312,-0.0300,0.0003,0.1235,0,0.2971,-0.1873,0.0310,1,5.66,0.043,0.651,0.344,,-0.0056,-0.0842,1.6580,0.3019,-0.1931,-0.1353,0.2975,0.1913,0.0155,1,0.00,0.003,0.029,0.003,,-0.0217,-0.0621,1.6615,0.3020,0.1858,-0.1391,-0.0016,-0.3414,0.0381,1,0.00,0.003,0.033,0.002,,0.0151,-0.1489,1.7234,0.0035,-0.3475,-0.1240,-0.0019,0.3469,0.0218,1,0.00,0.003,0.031,0.001,,-0.0128,-0.1781,1.7908,0.0029,0.3409,-0.1189,-0.3001,-0.1868,0.0278,1,0.00,0.003,0.031,0.000,,0.0197,-0.1682,1.7698,-0.2951,-0.1928,-0.1206,-0.3008,0.1930,0.0313,1,6.05,0.002,0.618,0.463,,0.0050,-0.2580,1.8556,-0.2956,0.1866,-0.1053
2.863,508,tripod,-0.0086,0.0099,0.1519,-0.0315,-0.0301,0.0004,-0.0012,0.0026,0.0391,-0.0124,-0.0067,-0.0000,0.000,0.000,-0.0280,-0.0270,-0.0315,-0.0301,0.0004,0.1236,0,0.2971,-0.1873,0.0321,1,5.74,0.039,0.663,0.345,,-0.0056,-0.0861,1.6597,0.3019,-0.1931,-0.1349,0.2976,0.1913,0.0156,1,0.00,0.003,0.029,0.005,,-0.0219,-0.0587,1.6582,0.3020,0.1858,-0.1397,-0.0016,-0.3413,0.0392,1,0.00,0.002,0.033,0.002,,0.0152,-0.1509,1.7250,0.0035,-0.3475,-0.1237,-0.0019,0.3469,0.0225,1,0.00,0.002,0.032,0.001,,-0.0128,-0.1784,1.7912,0.0029,0.3409,-0.1188,-0.3000,-0.1868,0.0280,1,0.00,0.003,0.029,0.004,,0.0199,-0.1648,1.7670,-0.2951,-0.1929,-0.1212,-0.3008,0.1930,0.0320,1,6.12,0.001,0.631,0.462,,0.0051,-0.2592,1.8565,-0.2956,0.1866,-0.1051
2.885,512,tripod,-0.0086,0.0099,0.1525,-0.0316,-0.0302,0.0004,-0.0013,0.0023,0.0375,-0.0099,-0.0069,-0.0000,0.000,0.000,-0.0282,-0.0271,-0.0316,-0.0302,0.0004,0.1239,0,0.2971,-0.1873,0.0331,1,5.58,0.044,0.640,0.342,,-0.0057,-0.0876,1.6609,0.3019,-0.1931,-0.1347,0.2976,0.1912,0.0151,1,0.00,0.003,0.024,0.010,,-0.0223,-0.0519,1.6517,0.3021,0.1857,-0.1409,-0.0016,-0.3413,0.0402,1,0.00,0.003,0.032,0.001,,0.0152,-0.1525,1.7261,0.0035,-0.3475,-0.1234,-0.0019,0.3469,0.0231,1,0.00,0.003,0.030,0.001,,-0.0129,-0.1783,1.7913,0.0029,0.3409,-0.1188,-0.3000,-0.1869,0.0275,1,0.00,0.004,0.025,0.008,,0.0202,-0.1580,1.7615,-0.2950,-0.1929,-0.1224,-0.3008,0.1930,0.0327,1,5.96,0.003,0.608,0.461,,0.0051,-0.2599,1.8571,-0.2956,0.1866,-0.1050
2.907,516,tripod,-0.0088,0.0100,0.1533,-0.0317,-0.0304,0.0003,-0.0064,0.0060,0.0385,-0.0067,-0.0126,-0.0028,0.000,0.000,-0.0284,-0.0272,-0.0317,-0.0304,0.0003,0.1240,0,0.2971,-0.1872,0.0342,1,0.00,0.000,0.037,0.001,,-0.0057,-0.0894,1.6620,0.3020,-0.1932,-0.1344,0.2977,0.1912,0.0150,1,5.77,0.022,0.919,0.072,,-0.0226,-0.0469,1.6468,0.3021,0.1857,-0.1417,-0.0017,-0.3413,0.0413,1,0.00,0.005,0.035,0.001,,0.0152,-0.1543,1.7275,0.0035,-0.3475,-0.1231,-0.0020,0.3469,0.0238,1,0.00,0.002,0.029,0.002,,-0.0129,-0.1788,1.7918,0.0029,0.3409,-0.1187,-0.3000,-0.1869,0.0273,1,5.71,0.012,0.886,0.096,,0.0205,-0.1530,1.7572,-0.2950,-0.1930,-0.1232,-0.3009,0.1931,0.0335,1,0.25,0.018,0.008,0.024,,0.0052,-0.2609,1.8576,-0.2956,0.1866,-0.1048
2.930,520,tripod,-0.0088,0.0101,0.1538,-0.0318,-0.0305,0.0002,-0.0037,0.0038,0.0240,-0.0025,-0.0060,-0.0002,0.000,0.000,-0.0285,-0.0273,-0.0318,-0.0305,0.0002,0.1240,0,0.2970,-0.1872,0.0352,1,0.10,0.009,0.008,0.010,,-0.0058,-0.0917,1.6637,0.3020,-0.1932,-0.1340,0.2977,0.1912,0.0149,1,5.66,0.009,0.892,0.077,,-0.0228,-0.0437,1.6437,0.3021,0.1856,-0.1423,-0.0018,-0.3412,0.0422,1,0.00,0.002,0.032,0.002,,0.0153,-0.1566,1.7293,0.0036,-0.3475,-0.1227,-0.0020,0.3470,0.0245,1,0.00,0.003,0.033,0.002,,-0.0130,-0.1799,1.7928,0.0029,0.3408,-0.1186,-0.3000,-0.1869,0.0272,1,5.52,0.028,0.863,0.080,,0.0207,-0.1498,1.7546,-0.2950,-0.1930,-0.1238,-0.3010,0.1932,0.0343,1,0.43,0.025,0.004,0.045,,0.0052,-0.2624,1.8584,-0.2956,0.1866,-0.1046
2.954,524,tripod,-0.0089,0.0101,0.1540,-0.0318,-0.0306,0.0002,-0.0027,0.0019,0.0137,-0.0011,-0.0048,-0.0007,0.000,0.000,-0.0286,-0.0274,-0.0318,-0.0306,0.0002,0.1239,0,0.2970,-0.1872,0.0360,1,1.01,0.127,0.163,0.030,,-0.0058,-0.0942,1.6656,0.3021,-0.1933,-0.1335,0.2977,0.1912,0.0149,1,4.88,0.146,0.768,0.063,,-0.0230,-0.0419,1.6419,0.3022,0.1856,-0.1426,-0.0018,-0.3411,0.0430,1,0.00,0.002,0.034,0.003,,0.0153,-0.1591,1.7313,0.0036,-0.3476,-0.1223,-0.0021,0.3470,0.0250,1,0.00,0.002,0.033,0.003,,-0.0130,-0.1814,1.7940,0.0029,0.3408,-0.1183,-0.3001,-0.1869,0.0272,1,4.72,0.092,0.711,0.095,,0.0209,-0.1479,1.7530,-0.2950,-0.1931,-0.1241,-0.3011,0.1933,0.0348,1,1.32,0.072,0.074,0.145,,0.0052,-0.2642,1.8595,-0.2957,0.1866,-0.1043
2.977,528,tripod,-0.0089,0.0102,0.1542,-0.0318,-0.0307,0.0002,-0.0024,0.0004,0.0053,0.0052,-0.0079,-0.0003,0.000,0.000,-0.0286,-0.0275,-0.0318,-0.0307,0.0002,0.1237,0,0.2970,-0.1872,0.0366,1,1.51,0.107,0.210,0.017,,-0.0059,-0.0969,1.6676,0.3021,-0.1933,-0.1331,0.2977,0.1912,0.0150,1,4.35,0.145,0.674,0.062,,-0.0231,-0.0411,1.6411,0.3022,0.1856,-0.1428,-0.0019,-0.3411,0.0436,1,0.00,0.002,0.034,0.003,,0.0153,-0.1614,1.7330,0.0036,-0.3476,-0.1219,-0.0021,0.3471,0.0255,1,0.00,0.003,0.033,0.003,,-0.0130,-0.1831,1.7955,0.0029,0.3408,-0.1180,-0.3001,-0.1869,0.0271,1,4.06,0.128,0.611,0.078,,0.0210,-0.1470,1.7523,-0.2950,-0.1931,-0.1243,-0.3011,0.1933,0.0353,1,2.00,0.097,0.129,0.220,,0.0052,-0.2662,1.8607,-0.2957,0.1866,-0.1039
2.999,532,tripod,-0.0090,0.0101,0.1542,-0.0316,-0.0309,0.0002,-0.0019,-0.0016,-0.0046,0.0126,-0.0102,-0.0003,0.000,0.000,-0.0286,-0.0277,-0.0316,-0.0309,0.0002,0.1234,0,0.2970,-0.1872,0.0372,1,2.08,0.096,0.274,0.056,,-0.0059,-0.0999,1.6701,0.3021,-0.1933,-0.1325,0.2977,0.1912,0.0151,1,3.99,0.147,0.595,0.075,,-0.0232,-0.0414,1.6414,0.3022,0.1856,-0.1427,-0.0019,-0.3411,0.0434,1,0.00,0.002,0.031,0.003,,0.0154,-0.1603,1.7320,0.0036,-0.3476,-0.1221,-0.0021,0.3471,0.0260,1,0.00,0.002,0.035,0.004,,-0.0130,-0.1854,1.7973,0.0029,0.3408,-0.1176,-0.3001,-0.1869,0.0271,1,3.74,0.162,0.562,0.066,,0.0211,-0.1472,1.7525,-0.2949,-0.1931,-0.1242,-0.3012,0.1933,0.0357,1,2.52,0.126,0.165,0.286,,0.0053,-0.2686,1.8623,-0.2957,0.1866,-0.1035
3.021,536,tripod,-0.0090,0.0101,0.1541,-0.0315,-0.0311,0.0002,-0.0033,0.0016,-0.0054,-0.0120,-0.0161,-0.0011,0.000,0.000,-0.0285,-0.0278,-0.0315,-0.0311,0.0002,0.1232,0,0.2970,-0.1872,0.0376,1,0.00,0.002,0.041,0.003,,-0.0059,-0.1029,1.6726,0.3022,-0.1933,-0.1320,0.2976,0.1912,0.0152,1,4.11,0.106,0.653,0.033,,-0.0232,-0.0424,1.6423,0.3022,0.1856,-0.1425,-0.0019,-0.3411,0.0430,1,4.67,0.298,0.531,0.308,,0.0155,-0.1591,1.7310,0.0036,-0.3476,-0.1223,-0.0022,0.3471,0.0263,1,0.00,0.001,0.033,0.004,,-0.0130,-0.1879,1.7992,0.0029,0.3408,-0.1172,-0.3001,-0.1869,0.0270,1,0.00,0.002,0.037,0.002,,0.0212,-0.1479,1.7532,-0.2949,-0.1931,-0.1241,-0.3012,0.1933,0.0360,1,4.26,0.223,0.330,0.450,,0.0053,-0.2712,1.8640,-0.2957,0.1866,-0.1031
3.043,540,tripod,-0.0090,0.0101,0.1540,-0.0316,-0.0314,0.0002,-0.0027,-0.0000,-0.0093,-0.0041,-0.0167,-0.0003,0.000,0.000,-0.0285,-0.0280,-0.0316,-0.0314,0.0002,0.1229,0,0.2970,-0.1872,0.0381,1,0.00,0.000,0.037,0.003,,-0.0058,-0.1059,1.6752,0.3022,-0.1933,-0.1315,0.2976,0.1912,0.0154,1,4.04,0.073,0.593,0.082,,-0.0232,-0.0437,1.6435,0.3022,0.1856,-0.1423,-0.0019,-0.3411,0.0429,1,4.25,0.204,0.551,0.192,,0.0155,-0.1587,1.7309,0.0036,-0.3476,-0.1223,-0.0022,0.3471,0.0266,1,0.00,0.002,0.035,0.004,,-0.0130,-0.1905,1.8011,0.0029,0.3408,-0.1167,-0.3001,-0.1869,0.0270,1,0.00,0.003,0.034,0.002,,0.0212,-0.1489,1.7542,-0.2949,-0.1931,-0.1239,-0.3012,0.1933,0.0362,1,4.20,0.155,0.378,0.373,,0.0052,-0.2737,1.8660,-0.2957,0.1866,-0.1027
3.065,544,tripod,-0.0091,0.0101,0.1537,-0.0314,-0.0317,0.0002,-0.0027,-0.0025,-0.0150,0.0091,-0.0195,-0.0002,0.000,0.000,-0.0284,-0.0282,-0.0314,-0.0317,0.0002,0.1226,0,0.2969,-0.1872,0.0385,1,0.00,0.010,0.052,0.003,,-0.0058,-0.1088,1.6777,0.3022,-0.1933,-0.1310,0.2976,0.1912,0.0156,1,4.33,0.240,0.661,0.071,,-0.0232,-0.0455,1.6451,0.3022,0.1856,-0.1420,-0.0019,-0.3411,0.0426,1,5.83,0.214,0.722,0.290,,0.0156,-0.1590,1.7312,0.0036,-0.3476,-0.1223,-0.0022,0.3471,0.0269,1,0.00,0.001,0.023,0.004,,-0.0130,-0.1931,1.8031,0.0029,0.3408,-0.1163,-0.3001,-0.1868,0.0269,1,0.00,0.002,0.050,0.002,,0.0212,-0.1502,1.7554,-0.2949,-0.1931,-0.1237,-0.3012,0.1933,0.0363,1,4.55,0.015,0.429,0.393,,0.0052,-0.2762,1.8678,-0.2957,0.1866,-0.1022
3.088,548,tripod,-0.0091,0.0100,0.1534,-0.0309,-0.0321,0.0001,-0.0032,-0.0038,-0.0196,0.0153,-0.0237,-0.0004,0.000,0.000,-0.0282,-0.0285,-0.0309,-0.0321,0.0001,0.1222,0,0.2969,-0.1872,0.0387,1,0.00,0.016,0.064,0.003,,-0.0057,-0.1118,1.6803,0.3022,-0.1933,-0.1305,0.2976,0.1912,0.0158,1,4.56,0.261,0.699,0.078,,-0.0232,-0.0475,1.6470,0.3022,0.1856,-0.1416,-0.0019,-0.3411,0.0422,1,6.99,0.156,0.858,0.347,,0.0156,-0.1597,1.7319,0.0036,-0.3475,-0.1222,-0.0022,0.3471,0.0272,1,0.00,0.000,0.015,0.004,,-0.0130,-0.1958,1.8051,0.0029,0.3409,-0.1158,-0.3001,-0.1868,0.0266,1,0.00,0.004,0.063,0.002,,0.0212,-0.1517,1.7567,-0.2949,-0.1931,-0.1235,-0.3012,0.1933,0.0364,1,4.81,0.076,0.502,0.358,,0.0052,-0.2787,1.8695,-0.2956,0.1866,-0.1018
3.110,552,tripod,-0.0092,0.0099,0.1530,-0.0301,-0.0325,0.0001,-0.0039,-0.0055,-0.0232,0.0163,-0.0281,-0.0002,0.000,0.000,-0.0278,-0.0288,-0.0301,-0.0325,0.0001,0.1219,0,0.2969,-0.1872,0.0387,1,0.00,0.018,0.075,0.002,,-0.0056,-0.1147,1.6828,0.3022,-0.1933,-0.1300,0.2976,0.1912,0.0161,1,4.93,0.317,0.723,0.126,,-0.0231,-0.0498,1.6491,0.3022,0.1856,-0.1412,-0.0019,-0.3412,0.0417,1,8.01,0.213,0.930,0.455,,0.0157,-0.1607,1.7329,0.0037,-0.3475,-0.1220,-0.0022,0.3471,0.0275,1,0.00,0.002,0.005,0.005,,-0.0131,-0.1986,1.8071,0.0030,0.3409,-0.1154,-0.3001,-0.1868,0.0261,1,0.00,0.005,0.076,0.002,,0.0212,-0.1532,1.7581,-0.2949,-0.1931,-0.1232,-0.3012,0.1933,0.0364,1,5.10,0.070,0.489,0.446,,0.0051,-0.2812,1.8712,-0.2956,0.1866,-0.1014
3.132,556,tripod,-0.0093,0.0097,0.1524,-0.0292,-0.0331,0.0000,-0.0051,-0.0079,-0.0272,0.0240,-0.0331,-0.0017,0.000,0.000,-0.0272,-0.0292,-0.0292,-0.0331,0.0000,0.1216,0,0.2969,-0.1872,0.0383,1,0.00,0.015,0.072,0.003,,-0.0054,-0.1143,1.6823,0.3022,-0.1932,-0.1300,0.2976,0.1912,0.0164,1,5.03,0.271,0.617,0.258,,-0.0231,-0.0524,1.6514,0.3022,0.1856,-0.1408,-0.0019,-0.3412,0.0411,1,8.02,0.157,0.873,0.526,,0.0158,-0.1617,1.7340,0.0037,-0.3475,-0.1218,-0.0022,0.3471,0.0278,1,0.00,0.000,0.005,0.006,,-0.0131,-0.2015,1.8091,0.0030,0.3409,-0.1149,-0.3001,-0.1868,0.0255,1,0.00,0.008,0.077,0.002,,0.0211,-0.1546,1.7595,-0.2948,-0.1930,-0.1230,-0.3012,0.1933,0.0363,1,5.12,0.101,0.470,0.475,,0.0049,-0.2836,1.8729,-0.2956,0.1867,-0.1010
3.155,560,tripod,-0.0094,0.0096,0.1519,-0.0286,-0.0336,0.0000,-0.0057,-0.0049,-0.0265,-0.0007,-0.0231,0.0004,0.000,0.000,-0.0265,-0.0296,-0.0286,-0.0336,0.0000,0.1214,0,0.2969,-0.1873,0.0375,1,0.00,0.012,0.037,0.002,,-0.0052,-0.1127,1.6808,0.3023,-0.1932,-0.1303,0.2976,0.1912,0.0166,1,7.44,0.043,1.261,0.004,,-0.0229,-0.0553,1.6538,0.3023,0.1857,-0.1403,-0.0019,-0.3412,0.0405,1,0.00,0.012,0.058,0.001,,0.0160,-0.1628,1.7350,0.0037,-0.3474,-0.1216,-0.0022,0.3471,0.0278,1,0.00,0.010,0.030,0.001,,-0.0132,-0.2030,1.8100,0.0030,0.3410,-0.1146,-0.3001,-0.1869,0.0250,1,8.82,0.043,1.197,0.313,,0.0210,-0.1560,1.7608,-0.2948,-0.1930,-0.1227,-0.3013,0.1933,0.0362,1,0.00,0.012,0.050,0.003,,0.0047,-0.2861,1.8744,-0.2956,0.1867,-0.1006
3.177,564,tripod,-0.0095,0.0095,0.1515,-0.0286,-0.0343,0.0000,-0.0049,-0.0055,-0.0226,0.0129,-0.0209,-0.0010,0.000,0.000,-0.0261,-0.0302,-0.0286,-0.0343,0.0000,0.1211,0,0.2969,-0.1873,0.0371,1,0.00,0.006,0.019,0.001,,-0.0049,-0.1120,1.6800,0.3023,-0.1932,-0.1304,0.2976,0.1912,0.0169,1,5.93,0.246,0.851,0.155,,-0.0228,-0.0584,1.6563,0.3023,0.1857,-0.1397,-0.0019,-0.3413,0.0402,1,0.00,0.020,0.041,0.001,,0.0161,-0.1635,1.7358,0.0038,-0.3474,-0.1215,-0.0022,0.3471,0.0275,1,2.51,0.245,0.495,0.156,,-0.0134,-0.2040,1.8105,0.0030,0.3410,-0.1144,-0.3001,-0.1869,0.0245,1,8.52,0.509,1.200,0.230,,0.0209,-0.1572,1.7622,-0.2948,-0.1930,-0.1225,-0.3013,0.1933,0.0359,1,0.00,0.003,0.071,0.003,,0.0045,-0.2885,1.8758,-0.2956,0.1868,-0.1002
3.199,568,tripod,-0.0096,0.0093,0.1511,-0.0280,-0.0347,-0.0000,-0.0046,-0.0074,-0.0145,0.0253,-0.0103,-0.0015,0.000,0.000,-0.0257,-0.0307,-0.0280,-0.0347,-0.0000,0.1211,0,0.2970,-0.1874,0.0366,1,0.00,0.012,0.037,0.003,,-0.0046,-0.1108,1.6787,0.3024,-0.1931,-0.1307,0.2976,0.1911,0.0172,1,7.36,0.070,1.164,0.093,,-0.0226,-0.0612,1.6586,0.3023,0.1858,-0.1392,-0.0019,-0.3413,0.0391,1,0.00,0.014,0.056,0.006,,0.0164,-0.1600,1.7330,0.0038,-0.3474,-0.1221,-0.0022,0.3470,0.0275,1,0.56,0.049,0.089,0.037,,-0.0135,-0.2052,1.8111,0.0031,0.3410,-0.1143,-0.3001,-0.1869,0.0240,1,9.14,0.127,1.196,0.370,,0.0208,-0.1580,1.7632,-0.2947,-0.1929,-0.1224,-0.3014,0.1933,0.0358,1,0.00,0.010,0.054,0.002,,0.0043,-0.2905,1.8769,-0.2956,0.1868,-0.0999
3.221,572,tripod,-0.0097,0.0092,0.1508,-0.0276,-0.0353,-0.0001,-0.0065,-0.0054,-0.0131,0.0107,-0.0220,-0.0016,0.000,0.000,-0.0253,-0.0311,-0.0276,-0.0353,-0.0001,0.1214,0,0.2970,-0.1875,0.0355,1,0.00,0.013,0.030,0.007,,-0.0044,-0.1057,1.6739,0.3025,-0.1931,-0.1315,0.2976,0.1911,0.0176,1,7.16,0.054,1.153,0.075,,-0.0225,-0.0633,1.6600,0.3024,0.1858,-0.1389,-0.0019,-0.3414,0.0376,1,0.00,0.016,0.053,0.008,,0.0168,-0.1535,1.7277,0.0039,-0.3474,-0.1232,-0.0022,0.3470,0.0275,1,0.48,0.049,0.065,0.021,,-0.0137,-0.2057,1.8113,0.0031,0.3411,-0.1142,-0.3001,-0.1869,0.0235,1,9.12,0.113,1.170,0.396,,0.0207,-0.1579,1.7636,-0.2947,-0.1929,-0.1224,-0.3014,0.1933,0.0354,1,0.00,0.011,0.053,0.001,,0.0041,-0.2894,1.8762,-0.2956,0.1869,-0.1000
3.243,576,tripod,-0.0099,0.0091,0.1505,-0.0274,-0.0360,-0.0001,-0.0044,-0.0077,-0.0141,0.0402,0.0025,-0.0050,0.000,0.000,-0.0250,-0.0317,-0.0274,-0.0360,-0.0001,0.1216,0,0.2970,-0.1875,0.0348,1,0.00,0.000,0.006,0.003,,-0.0041,-0.1022,1.6705,0.3026,-0.1931,-0.1321,0.2975,0.1911,0.0180,1,7.21,0.507,1.161,0.057,,-0.0224,-0.0658,1.6619,0.3024,0.1859,-0.1384,-0.0018,-0.3415,0.0364,1,0.00,0.024,0.024,0.004,,0.0171,-0.1490,1.7241,0.0040,-0.3474,-0.1240,-0.0023,0.3470,0.0274,1,0.00,0.034,0.071,0.002,,-0.0139,-0.2070,1.8120,0.0031,0.3411,-0.1139,-0.3001,-0.1869,0.0230,1,7.44,0.982,0.890,0.335,,0.0207,-0.1582,1.7643,-0.2946,-0.1928,-0.1223,-0.3014,0.1932,0.0343,1,4.33,0.482,0.743,0.148,,0.0039,-0.2860,1.8740,-0.2956,0.1869,-0.1006
3.265,580,tripod,-0.0100,0.0089,0.1502,-0.0264,-0.0363,-0.0002,-0.0037,-0.0124,-0.0185,0.0505,0.0068,-0.0001,0.000,0.000,-0.0246,-0.0322,-0.0264,-0.0363,-0.0002,0.1216,0,0.2971,-0.1876,0.0340,1,0.00,0.007,0.017,0.001,,-0.0038,-0.0999,1.6681,0.3026,-0.1930,-0.1326,0.2976,0.1911,0.0184,1,7.71,0.271,1.168,0.164,,-0.0223,-0.0686,1.6640,0.3025,0.1860,-0.1380,-0.0018,-0.3416,0.0352,1,0.27,0.049,0.019,0.020,,0.0174,-0.1459,1.7217,0.0041,-0.3473,-0.1246,-0.0023,0.3470,0.0277,1,0.00,0.011,0.042,0.003,,-0.0141,-0.2088,1.8130,0.0032,0.3412,-0.1136,-0.3002,-0.1869,0.0225,1,8.59,0.552,1.062,0.371,,0.0206,-0.1588,1.7652,-0.2946,-0.1928,-0.1222,-0.3014,0.1932,0.0337,1,2.24,0.248,0.372,0.097,,0.0037,-0.2838,1.8726,-0.2955,0.1869,-0.1010
3.287,584,tripod,-0.0101,0.0088,0.1498,-0.0260,-0.0369,-0.0003,-0.0071,-0.0052,-0.0223,0.0005,-0.0285,-0.0016,0.000,0.000,-0.0240,-0.0326,-0.0260,-0.0369,-0.0003,0.1217,0,0.2971,-0.1877,0.0328,1,0.00,0.015,0.030,0.008,,-0.0035,-0.0949,1.6632,0.3027,-0.1930,-0.1334,0.2975,0.1911,0.0188,1,7.50,0.087,1.223,0.060,,-0.0222,-0.0717,1.6664,0.3025,0.1860,-0.1374,-0.0018,-0.3417,0.0342,1,0.00,0.017,0.060,0.003,,0.0177,-0.1438,1.7203,0.0041,-0.3473,-0.1249,-0.0023,0.3469,0.0278,1,0.00,0.013,0.030,0.001,,-0.0143,-0.2100,1.8136,0.0032,0.3412,-0.1134,-0.3002,-0.1869,0.0219,1,9.33,0.111,1.131,0.479,,0.0205,-0.1595,1.7663,-0.2945,-0.1927,-0.1221,-0.3014,0.1931,0.0330,1,0.27,0.017,0.004,0.015,,0.0034,-0.2827,1.8720,-0.2955,0.1870,-0.1012
3.309,588,tripod,-0.0103,0.0087,0.1493,-0.0259,-0.0378,-0.0003,-0.0087,-0.0028,-0.0192,-0.0116,-0.0356,-0.0019,0.000,0.000,-0.0236,-0.0331,-0.0259,-0.0378,-0.0003,0.1219,0,0.2972,-0.1878,0.0318,1,0.00,0.013,0.030,0.005,,-0.0031,-0.0905,1.6589,0.3028,-0.1930,-0.1342,0.2975,0.1911,0.0192,1,8.09,0.173,1.302,0.079,,-0.0220,-0.0752,1.6691,0.3026,0.1861,-0.1368,-0.0018,-0.3417,0.0333,1,0.00,0.019,0.058,0.005,,0.0181,-0.1407,1.7179,0.0042,-0.3473,-0.1255,-0.0022,0.3469,0.0270,1,0.00,0.016,0.036,0.002,,-0.0146,-0.2081,1.8119,0.0033,0.3412,-0.1138,-0.3002,-0.1870,0.0214,1,9.75,0.258,1.205,0.462,,0.0204,-0.1604,1.7676,-0.2945,-0.1926,-0.1219,-0.3014,0.1931,0.0323,1,0.76,0.082,0.085,0.030,,0.0032,-0.2825,1.8719,-0.2954,0.1870,-0.1012
3.330,592,tripod,-0.0104,0.0085,0.1491,-0.0249,-0.0381,-0.0004,-0.0045,-0.0105,-0.0092,0.0436,-0.0022,-0.0024,0.000,0.000,-0.0232,-0.0337,-0.0249,-0.0381,-0.0004,0.1224,0,0.2973,-0.1879,0.0303,1,0.00,0.017,0.033,0.011,,-0.0028,-0.0834,1.6519,0.3030,-0.1929,-0.1354,0.2975,0.1911,0.0196,1,7.56,0.008,1.271,0.025,,-0.0219,-0.0774,1.6706,0.3026,0.1862,-0.1364,-0.0017,-0.3418,0.0314,1,0.00,0.015,0.059,0.011,,0.0185,-0.1327,1.7112,0.0043,-0.3473,-0.1268,-0.0022,0.3468,0.0267,1,0.00,0.011,0.022,0.002,,-0.0148,-0.2057,1.8098,0.0034,0.3413,-0.1142,-0.3002,-0.1870,0.0208,1,9.66,0.005,1.174,0.496,,0.0203,-0.1601,1.7678,-0.2944,-0.1926,-0.1220,-0.3014,0.1931,0.0319,1,0.00,0.015,0.050,0.000,,0.0029,-0.2813,1.8713,-0.2954,0.1870,-0.1014
3.352,596,tripod,-0.0106,0.0084,0.1485,-0.0248,-0.0391,-0.0005,-0.0115,-0.0050,-0.0620,0.0041,-0.0611,-0.0060,0.000,0.000,-0.0227,-0.0343,-0.0248,-0.0391,-0.0005,0.1224,0,0.2972,-0.1879,0.0294,1,0.00,0.004,0.034,0.005,,-0.0024,-0.0804,1.6489,0.3030,-0.1929,-0.1359,0.2974,0.1911,0.0202,1,1.22,0.176,0.129,0.044,,-0.0217,-0.0823,1.6744,0.3027,0.1862,-0.1356,-0.0017,-0.3418,0.0300,1,4.70,0.032,0.485,0.347,,0.0189,-0.1282,1.7076,0.0044,-0.3472,-0.1276,-0.0022,0.3468,0.0264,1,6.39,0.212,0.732,0.388,,-0.0151,-0.2069,1.8106,0.0034,0.3413,-0.1140,-0.3003,-0.1869,0.0204,1,2.69,0.400,0.372,0.027,,0.0202,-0.1624,1.7701,-0.2944,-0.1925,-0.1216,-0.3015,0.1931,0.0309,1,0.00,0.013,0.042,0.001,,0.0027,-0.2792,1.8701,-0.2953,0.1871,-0.1017
3.373,600,tripod,-0.0106,0.0083,0.1477,-0.0238,-0.0388,-0.0007,-0.0002,-0.0126,-0.0408,0.0533,0.0385,-0.0058,0.000,0.000,-0.0223,-0.0348,-0.0238,-0.0388,-0.0007,0.1221,0,0.2973,-0.1880,0.0280,1,0.00,0.009,0.040,0.003,,-0.0021,-0.0780,1.6464,0.3031,-0.1928,-0.1364,0.2974,0.1911,0.0207,1,5.65,0.465,0.730,0.234,,-0.0215,-0.0891,1.6800,0.3027,0.1863,-0.1344,-0.0017,-0.3418,0.0286,1,7.55,0.349,0.957,0.316,,0.0193,-0.1271,1.7072,0.0045,-0.3472,-0.1278,-0.0022,0.3468,0.0265,1,0.00,0.017,0.030,0.006,,-0.0152,-0.2108,1.8131,0.0034,0.3414,-0.1133,-0.3003,-0.1868,0.0201,1,0.00,0.007,0.096,0.002,,0.0200,-0.1666,1.7739,-0.2944,-0.1925,-0.1209,-0.3014,0.1931,0.0298,1,6.76,0.142,1.344,0.359,,0.0024,-0.2766,1.8683,-0.2953,0.1871,-0.1022
3.394,604,tripod,-0.0107,0.0080,0.1465,-0.0226,-0.0391,-0.0008,-0.0063,-0.0154,-0.0972,0.0708,-0.0279,0.0015,0.000,0.000,-0.0215,-0.0349,-0.0226,-0.0391,-0.0008,0.1216,0,0.2973,-0.1880,0.0266,1,7.02,0.056,1.086,0.114,,-0.0017,-0.0781,1.6463,0.3032,-0.1928,-0.1364,0.2974,0.1911,0.0212,1,0.45,0.066,0.027,0.002,,-0.0211,-0.0976,1.6870,0.3028,0.1864,-0.1329,-0.0018,-0.3419,0.0273,1,0.32,0.039,0.007,0.006,,0.0195,-0.1289,1.7092,0.0045,-0.3471,-0.1275,-0.0022,0.3468,0.0262,1,0.00,0.003,0.039,0.003,,-0.0154,-0.2131,1.8144,0.0035,0.3414,-0.1129,-0.3004,-0.1868,0.0196,1,0.00,0.013,0.058,0.008,,0.0197,-0.1726,1.7790,-0.2944,-0.1924,-0.1199,-0.3014,0.1931,0.0289,1,8.42,0.134,1.079,0.366,,0.0022,-0.2776,1.8690,-0.2953,0.1872,-0.1020
3.416,608,tripod,-0.0108,0.0077,0.1449,-0.0206,-0.0398,-0.0009,-0.0074,-0.0198,-0.0595,0.0863,-0.0457,0.0048,0.000,0.000,-0.0204,-0.0352,-0.0206,-0.0398,-0.0009,0.1206,0,0.2973,-0.1880,0.0254,1,0.00,0.007,0.117,0.000,,-0.0013,-0.0821,1.6500,0.3032,-0.1927,-0.1357,0.2973,0.1912,0.0220,1,0.00,0.003,0.043,0.016,,-0.0207,-0.1086,1.6962,0.3028,0.1866,-0.1310,-0.0018,-0.3418,0.0258,1,14.80,0.004,2.214,0.237,,0.0195,-0.1340,1.7141,0.0045,-0.3470,-0.1266,-0.0022,0.3468,0.0253,1,11.85,0.006,2.015,0.003,,-0.0156,-0.2133,1.8140,0.0035,0.3415,-0.1129,-0.3005,-0.1868,0.0188,1,0.00,0.000,0.117,0.009,,0.0193,-0.1811,1.7859,-0.2944,-0.1923,-0.1184,-0.3014,0.1931,0.0282,1,0.00,0.008,0.035,0.008,,0.0019,-0.2827,1.8724,-0.2953,0.1872,-0.1012
3.438,612,tripod,-0.0108,0.0073,0.1435,-0.0186,-0.0401,-0.0009,0.0045,-0.0224,-0.1025,0.0907,0.0207,0.0030,0.000,0.000,-0.0189,-0.0357,-0.0186,-0.0401,-0.0009,0.1197,0,0.2973,-0.1880,0.0245,1,0.00,0.010,0.041,0.003,,-0.0008,-0.0860,1.6538,0.3033,-0.1926,-0.1350,0.2972,0.1913,0.0230,1,0.00,0.008,0.024,0.012,,-0.0202,-0.1188,1.7045,0.3028,0.1867,-0.1292,-0.0018,-0.3419,0.0246,1,4.63,0.051,0.663,0.094,,0.0196,-0.1385,1.7185,0.0046,-0.3469,-0.1258,-0.0022,0.3468,0.0249,1,5.22,0.407,0.935,0.096,,-0.0158,-0.2151,1.8147,0.0036,0.3416,-0.1126,-0.3006,-0.1868,0.0183,1,2.21,0.327,0.244,0.074,,0.0189,-0.1883,1.7919,-0.2944,-0.1922,-0.1172,-0.3015,0.1930,0.0278,1,0.00,0.010,0.031,0.005,,0.0015,-0.2859,1.8744,-0.2952,0.1873,-0.1006
3.459,616,tripod,-0.0106,0.0069,0.1413,-0.0172,-0.0389,-0.0010,0.0221,-0.0267,-0.1184,0.1184,0.1589,-0.0102,0.000,0.000,-0.0173,-0.0358,-0.0172,-0.0389,-0.0010,0.1184,0,0.2973,-0.1880,0.0233,1,0.00,0.007,0.011,0.016,,-0.0002,-0.0944,1.6617,0.3033,-0.1924,-0.1335,0.2972,0.1913,0.0232,1,7.83,0.898,1.081,0.228,,-0.0195,-0.1328,1.7158,0.3028,0.1869,-0.1268,-0.0018,-0.3419,0.0233,1,2.00,0.310,0.286,0.004,,0.0196,-0.1468,1.7263,0.0045,-0.3468,-0.1244,-0.0022,0.3467,0.0244,1,0.00,0.026,0.088,0.009,,-0.0158,-0.2229,1.8197,0.0036,0.3417,-0.1113,-0.3006,-0.1868,0.0177,1,6.08,0.706,0.511,0.492,,0.0183,-0.1978,1.7997,-0.2944,-0.1920,-0.1155,-0.3014,0.1929,0.0261,1,5.93,0.217,1.244,0.496,,0.0011,-0.2854,1.8740,-0.2952,0.1874,-0.1007
3.482,620,tripod,-0.0104,0.0065,0.1398,-0.0153,-0.0373,-0.0011,0.0060,-0.0185,-0.0734,0.0880,0.0756,0.0006,0.000,0.000,-0.0158,-0.0350,-0.0153,-0.0373,-0.0011,0.1174,0,0.2973,-0.1881,0.0218,1,11.62,0.073,2.126,0.202,,0.0004,-0.1007,1.6676,0.3033,-0.1923,-0.1324,0.2972,0.1913,0.0234,1,0.00,0.030,0.048,0.017,,-0.0188,-0.1443,1.7250,0.3028,0.1870,-0.1248,-0.0018,-0.3419,0.0221,1,0.00,0.012,0.091,0.007,,0.0195,-0.1530,1.7324,0.0045,-0.3466,-0.1233,-0.0021,0.3467,0.0246,1,0.00,0.032,0.047,0.008,,-0.0157,-0.2296,1.8237,0.0036,0.3419,-0.1101,-0.3006,-0.1868,0.0174,1,0.55,0.068,0.016,0.016,,0.0177,-0.2041,1.8049,-0.2944,-0.1919,-0.1145,-0.3013,0.1928,0.0251,1,11.35,0.116,2.127,0.401,,0.0006,-0.2841,1.8727,-0.2952,0.1875,-0.1009
3.503,624,tripod,-0.0102,0.0062,0.1384,-0.0140,-0.0366,-0.0012,0.0108,-0.0177,-0.0746,0.0503,0.0417,-0.0027,0.000,0.000,-0.0143,-0.0341,-0.0140,-0.0366,-0.0012,0.1167,0,0.2973,-0.1881,0.0208,1,0.00,0.012,0.045,0.007,,0.0009,-0.1054,1.6725,0.3033,-0.1921,-0.1316,0.2972,0.1913,0.0238,1,7.43,0.010,1.185,0.063,,-0.0181,-0.1538,1.7326,0.3027,0.1872,-0.1232,-0.0019,-0.3419,0.0211,1,0.00,0.009,0.063,0.007,,0.0193,-0.1576,1.7373,0.0045,-0.3465,-0.1225,-0.0020,0.3466,0.0242,1,0.00,0.007,0.030,0.001,,-0.0157,-0.2318,1.8245,0.0036,0.3420,-0.1098,-0.3007,-0.1867,0.0169,1,8.96,0.019,1.103,0.433,,0.0170,-0.2095,1.8093,-0.2945,-0.1917,-0.1135,-0.3012,0.1928,0.0243,1,0.00,0.012,0.046,0.000,,0.0002,-0.2842,1.8724,-0.2952,0.1877,-0.1009
3.526,628,tripod,-0.0101,0.0059,0.1373,-0.0134,-0.0365,-0.0013,0.0066,-0.0177,-0.0525,0.0620,0.0228,0.0012,0.000,0.000,-0.0131,-0.0334,-0.0134,-0.0365,-0.0013,0.1161,0,0.2973,-0.1881,0.0201,1,0.00,0.005,0.013,0.007,,0.0014,-0.1089,1.6766,0.3032,-0.1919,-0.1310,0.2971,0.1913,0.0241,1,5.79,0.905,0.909,0.013,,-0.0173,-0.1617,1.7390,0.3027,0.1874,-0.1218,-0.0019,-0.3420,0.0204,1,0.00,0.014,0.023,0.006,,0.0191,-0.1611,1.7413,0.0044,-0.3463,-0.1219,-0.0019,0.3466,0.0230,1,3.91,0.538,0.635,0.034,,-0.0157,-0.2298,1.8223,0.0036,0.3421,-0.1101,-0.3007,-0.1867,0.0165,1,8.25,0.394,1.022,0.390,,0.0163,-0.2142,1.8131,-0.2945,-0.1916,-0.1127,-0.3011,0.1927,0.0235,1,0.00,0.012,0.086,0.001,,-0.0002,-0.2854,1.8728,-0.2952,0.1878,-0.1007
3.549,632,tripod,-0.0099,0.0055,0.1367,-0.0113,-0.0356,-0.0013,0.0072,-0.0186,-0.0304,0.0655,0.0259,-0.0015,0.000,0.000,-0.0119,-0.0329,-0.0113,-0.0356,-0.0013,0.1160,0,0.2973,-0.1881,0.0191,1,0.00,0.016,0.078,0.002,,0.0019,-0.1102,1.6787,0.3031,-0.1918,-0.1308,0.2971,0.1913,0.0245,1,6.59,0.558,1.167,0.079,,-0.0166,-0.1669,1.7431,0.3026,0.1875,-0.1209,-0.0018,-0.3420,0.0189,1,3.44,0.432,0.473,0.060,,0.0189,-0.1602,1.7416,0.0044,-0.3461,-0.1221,-0.0018,0.3465,0.0225,1,0.00,0.011,0.004,0.004,,-0.0157,-0.2269,1.8194,0.0036,0.3422,-0.1106,-0.3006,-0.1868,0.0162,1,5.63,0.122,0.676,0.288,,0.0156,-0.2168,1.8153,-0.2946,-0.1914,-0.1123,-0.3010,0.1926,0.0234,1,0.00,0.017,0.007,0.002,,-0.0007,-0.2848,1.8720,-0.2952,0.1879,-0.1008
3.571,636,tripod,-0.0099,0.0053,0.1362,-0.0109,-0.0360,-0.0014,0.0011,-0.0119,-0.0181,0.0204,-0.0133,-0.0026,0.000,0.000,-0.0108,-0.0325,-0.0109,-0.0360,-0.0014,0.1161,0,0.2973,-0.1881,0.0186,1,0.00,0.002,0.047,0.002,,0.0024,-0.1104,1.6798,0.3030,-0.1916,-0.1307,0.2971,0.1912,0.0249,1,5.78,0.130,1.005,0.074,,-0.0159,-0.1711,1.7464,0.3025,0.1877,-0.1202,-0.0018,-0.3420,0.0180,1,2.25,0.147,0.377,0.045,,0.0187,-0.1586,1.7413,0.0043,-0.3460,-0.1224,-0.0017,0.3464,0.0219,1,2.02,0.258,0.337,0.020,,-0.0157,-0.2251,1.8173,0.0036,0.3424,-0.1109,-0.3006,-0.1868,0.0159,1,6.11,0.009,0.768,0.278,,0.0149,-0.2187,1.8169,-0.2946,-0.1913,-0.1120,-0.3009,0.1926,0.0222,1,0.00,0.007,0.037,0.006,,-0.0011,-0.2799,1.8684,-0.2952,0.1880,-0.1016
3.593,640,tripod,-0.0099,0.0051,0.1362,-0.0102,-0.0359,-0.0014,0.0075,-0.0179,0.0246,0.0860,0.0786,-0.0025,0.000,0.000,-0.0101,-0.0324,-0.0102,-0.0359,-0.0014,0.1166,0,0.2974,-0.1881,0.0176,1,0.00,0.010,0.015,0.005,,0.0029,-0.1045,1.6752,0.3030,-0.1914,-0.1317,0.2971,0.1912,0.0253,1,6.12,0.672,1.223,0.271,,-0.0153,-0.1729,1.7476,0.3025,0.1878,-0.1199,-0.0018,-0.3420,0.0172,1,8.26,0.846,1.527,0.216,,0.0186,-0.1553,1.7395,0.0043,-0.3458,-0.1229,-0.0017,0.3464,0.0215,1,0.00,0.020,0.067,0.004,,-0.0157,-0.2224,1.8145,0.0036,0.3425,-0.1114,-0.3007,-0.1868,0.0156,1,0.00,0.009,0.100,0.000,,0.0144,-0.2184,1.8169,-0.2947,-0.1912,-0.1120,-0.3008,0.1925,0.0206,1,9.92,0.154,2.063,0.641,,-0.0015,-0.2706,1.8615,-0.2952,0.1881,-0.1032
3.615,644,tripod,-0.0099,0.0049,0.1368,-0.0096,-0.0359,-0.0015,-0.0081,-0.0070,0.0511,0.0190,-0.0131,-0.0032,0.000,0.000,-0.0093,-0.0323,-0.0096,-0.0359,-0.0015,0.1174,0,0.2974,-0.1882,0.0165,1,11.46,0.063,1.917,0.058,,0.0034,-0.0964,1.6683,0.3031,-0.1913,-0.1332,0.2970,0.1912,0.0259,1,0.00,0.000,0.057,0.000,,-0.0148,-0.1729,1.7473,0.3025,0.1879,-0.1199,-0.0018,-0.3420,0.0167,1,0.00,0.001,0.053,0.004,,0.0185,-0.1509,1.7366,0.0043,-0.3457,-0.1237,-0.0017,0.3464,0.0216,1,0.00,0.001,0.064,0.006,,-0.0157,-0.2179,1.8105,0.0036,0.3426,-0.1121,-0.3007,-0.1867,0.0157,1,0.00,0.001,0.066,0.002,,0.0139,-0.2164,1.8157,-0.2947,-0.1910,-0.1124,-0.3008,0.1926,0.0198,1,12.12,0.084,1.915,0.115,,-0.0019,-0.2615,1.8548,-0.2952,0.1882,-0.1047
3.636,648,tripod,-0.0100,0.0048,0.1373,-0.0093,-0.0364,-0.0016,-0.0081,-0.0078,0.0353,0.0281,-0.0192,-0.0019,0.000,0.000,-0.0088,-0.0324,-0.0093,-0.0364,-0.0016,0.1182,0,0.2974,-0.1882,0.0160,1,11.21,0.063,2.037,0.124,,0.0038,-0.0898,1.6625,0.3031,-0.1912,-0.1343,0.2969,0.1912,0.0267,1,0.00,0.002,0.051,0.001,,-0.0143,-0.1728,1.7472,0.3024,0.1881,-0.1199,-0.0019,-0.3420,0.0164,1,0.00,0.002,0.049,0.002,,0.0184,-0.1470,1.7342,0.0043,-0.3456,-0.1244,-0.0016,0.3464,0.0209,1,0.00,0.004,0.065,0.011,,-0.0158,-0.2098,1.8037,0.0036,0.3427,-0.1135,-0.3008,-0.1867,0.0157,1,0.00,0.002,0.071,0.002,,0.0134,-0.2145,1.8145,-0.2947,-0.1909,-0.1127,-0.3008,0.1926,0.0190,1,12.33,0.059,2.041,0.017,,-0.0023,-0.2545,1.8496,-0.2952,0.1883,-0.1059
3.658,652,tripod,-0.0102,0.0047,0.1378,-0.0088,-0.0371,-0.0016,-0.0179,-0.0202,0.0420,0.1306,-0.0695,0.0030,0.000,0.000,-0.0084,-0.0327,-0.0088,-0.0371,-0.0016,0.1191,0,0.2974,-0.1882,0.0155,1,9.24,1.166,1.986,0.439,,0.0042,-0.0840,1.6572,0.3032,-0.1912,-0.1353,0.2968,0.1912,0.0273,1,0.00,0.032,0.119,0.000,,-0.0139,-0.1724,1.7466,0.3024,0.1881,-0.1200,-0.0020,-0.3420,0.0159,1,0.00,0.024,0.024,0.006,,0.0185,-0.1415,1.7303,0.0043,-0.3455,-0.1253,-0.0016,0.3464,0.0197,1,8.19,0.833,0.979,0.393,,-0.0161,-0.1989,1.7947,0.0037,0.3428,-0.1154,-0.3009,-0.1867,0.0156,1,0.00,0.032,0.008,0.004,,0.0131,-0.2122,1.8131,-0.2947,-0.1908,-0.1131,-0.3008,0.1926,0.0183,1,7.03,0.315,1.004,0.129,,-0.0027,-0.2483,1.8451,-0.2952,0.1884,-0.1069
3.681,656,tripod,-0.0105,0.0044,0.1386,-0.0078,-0.0384,-0.0016,-0.0135,-0.0075,0.0611,0.0308,-0.0530,0.0047,0.000,0.000,-0.0078,-0.0334,-0.0078,-0.0384,-0.0016,0.1200,0,0.2974,-0.1882,0.0155,1,0.00,0.006,0.027,0.007,,0.0046,-0.0783,1.6523,0.3032,-0.1911,-0.1363,0.2967,0.1912,0.0285,1,0.00,0.010,0.054,0.003,,-0.0136,-0.1711,1.7453,0.3024,0.1882,-0.1202,-0.0020,-0.3420,0.0151,1,7.27,0.003,1.389,0.166,,0.0186,-0.1349,1.7252,0.0043,-0.3454,-0.1264,-0.0016,0.3464,0.0191,1,8.71,0.006,1.357,0.109,,-0.0164,-0.1892,1.7864,0.0037,0.3429,-0.1170,-0.3009,-0.1867,0.0152,1,0.00,0.007,0.026,0.002,,0.0128,-0.2088,1.8110,-0.2947,-0.1907,-0.1136,-0.3009,0.1925,0.0179,1,0.00,0.004,0.047,0.006,,-0.0030,-0.2421,1.8409,-0.2951,0.1884,-0.1080
3.703,660,tripod,-0.0107,0.0044,0.1395,-0.0079,-0.0393,-0.0015,-0.0152,-0.0031,0.0573,0.0017,-0.0579,0.0025,0.000,0.000,-0.0073,-0.0343,-0.0079,-0.0393,-0.0015,0.1209,0,0.2973,-0.1881,0.0157,1,0.00,0.004,0.031,0.006,,0.0051,-0.0729,1.6475,0.3032,-0.1910,-0.1373,0.2966,0.1913,0.0292,1,0.00,0.010,0.053,0.006,,-0.0134,-0.1678,1.7421,0.3025,0.1883,-0.1208,-0.0020,-0.3420,0.0150,1,7.70,0.004,1.431,0.133,,0.0189,-0.1287,1.7203,0.0044,-0.3454,-0.1275,-0.0016,0.3464,0.0186,1,9.06,0.015,1.397,0.130,,-0.0167,-0.1811,1.7793,0.0038,0.3430,-0.1184,-0.3010,-0.1867,0.0152,1,0.00,0.007,0.030,0.002,,0.0126,-0.2049,1.8085,-0.2946,-0.1907,-0.1143,-0.3009,0.1925,0.0175,1,0.00,0.003,0.050,0.005,,-0.0034,-0.2363,1.8369,-0.2950,0.1885,-0.1090
3.725,664,tripod,-0.0110,0.0044,0.1404,-0.0082,-0.0404,-0.0015,-0.0165,-0.0014,0.0534,-0.0049,-0.0619,0.0017,0.000,0.000,-0.0072,-0.0351,-0.0082,-0.0404,-0.0015,0.1221,0,0.2973,-0.1881,0.0155,1,0.00,0.004,0.025,0.014,,0.0056,-0.0637,1.6386,0.3033,-0.1909,-0.1389,0.2966,0.1913,0.0290,1,0.00,0.009,0.044,0.013,,-0.0134,-0.1598,1.7348,0.3026,0.1884,-0.1221,-0.0020,-0.3420,0.0149,1,7.35,0.001,1.384,0.145,,0.0192,-0.1226,1.7153,0.0044,-0.3454,-0.1286,-0.0016,0.3464,0.0181,1,8.60,0.018,1.348,0.098,,-0.0172,-0.1736,1.7728,0.0039,0.3431,-0.1197,-0.3010,-0.1867,0.0150,1,0.00,0.007,0.027,0.003,,0.0125,-0.2003,1.8056,-0.2946,-0.1906,-0.1151,-0.3009,0.1924,0.0171,1,0.00,0.003,0.046,0.005,,-0.0038,-0.2303,1.8329,-0.2950,0.1885,-0.1100
3.749,668,tripod,-0.0112,0.0044,0.1412,-0.0085,-0.0413,-0.0014,-0.0183,0.0035,0.0470,-0.0462,-0.0741,0.0008,0.000,0.000,-0.0073,-0.0360,-0.0085,-0.0413,-0.0014,0.1232,0,0.2974,-0.1881,0.0150,1,0.62,0.010,0.022,0.078,,0.0060,-0.0548,1.6298,0.3034,-0.1908,-0.1404,0.2966,0.1913,0.0288,1,5.18,0.064,0.812,0.086,,-0.0134,-0.1528,1.7282,0.3027,0.1884,-0.1234,-0.0020,-0.3420,0.0150,1,0.00,0.003,0.032,0.005,,0.0196,-0.1176,1.7114,0.0045,-0.3453,-0.1294,-0.0016,0.3464,0.0178,1,0.00,0.001,0.019,0.007,,-0.0176,-0.1675,1.7678,0.0040,0.3431,-0.1208,-0.3011,-0.1867,0.0150,1,5.71,0.080,0.803,0.190,,0.0125,-0.1961,1.8030,-0.2945,-0.1906,-0.1158,-0.3009,0.1924,0.0167,1,0.00,0.005,0.021,0.004,,-0.0041,-0.2246,1.8292,-0.2949,0.1886,-0.1109
3.771,672,tripod,-0.0115,0.0044,0.1419,-0.0092,-0.0424,-0.0014,-0.0165,0.0009,0.0407,0.0017,-0.0346,-0.0071,0.000,0.000,-0.0076,-0.0369,-0.0092,-0.0424,-0.0014,0.1240,0,0.2974,-0.1881,0.0151,1,2.84,0.160,0.434,0.076,,0.0064,-0.0487,1.6236,0.3036,-0.1908,-0.1415,0.2966,0.1913,0.0289,1,4.09,0.329,0.694,0.036,,-0.0135,-0.1480,1.7235,0.3028,0.1885,-0.1242,-0.0020,-0.3420,0.0153,1,0.00,0.010,0.006,0.002,,0.0200,-0.1142,1.7089,0.0046,-0.3452,-0.1300,-0.0017,0.3464,0.0175,1,0.00,0.011,0.065,0.006,,-0.0180,-0.1631,1.7641,0.0041,0.3431,-0.1215,-0.3011,-0.1867,0.0149,1,2.72,0.391,0.382,0.052,,0.0125,-0.1930,1.8012,-0.2944,-0.1905,-0.1163,-0.3009,0.1924,0.0158,1,5.04,0.043,1.015,0.263,,-0.0044,-0.2181,1.8248,-0.2948,0.1886,-0.1120
3.795,676,tripod,-0.0117,0.0044,0.1425,-0.0090,-0.0428,-0.0015,-0.0113,-0.0012,0.0332,0.0165,-0.0145,-0.0031,0.000,0.000,-0.0079,-0.0377,-0.0090,-0.0428,-0.0015,0.1245,0,0.2974,-0.1881,0.0151,1,4.65,0.016,0.783,0.014,,0.0067,-0.0448,1.6193,0.3037,-0.1908,-0.1422,0.2966,0.1913,0.0291,1,1.65,0.212,0.310,0.070,,-0.0137,-0.1449,1.7203,0.3029,0.1885,-0.1247,-0.0021,-0.3420,0.0155,1,0.00,0.002,0.022,0.001,,0.0204,-0.1122,1.7074,0.0047,-0.3452,-0.1304,-0.0017,0.3464,0.0176,1,0.00,0.006,0.043,0.004,,-0.0184,-0.1595,1.7613,0.0042,0.3431,-0.1221,-0.3012,-0.1867,0.0150,1,1.53,0.220,0.201,0.028,,0.0126,-0.1908,1.7999,-0.2943,-0.1905,-0.1167,-0.3010,0.1924,0.0154,1,5.20,0.059,1.109,0.315,,-0.0047,-0.2130,1.8213,-0.2947,0.1886,-0.1129
3.819,680,tripod,-0.0119,0.0044,0.1429,-0.0090,-0.0431,-0.0015,-0.0092,0.0009,0.0175,-0.0025,-0.0139,-0.0013,0.000,0.000,-0.0080,-0.0383,-0.0090,-0.0431,-0.0015,0.1249,0,0.2974,-0.1881,0.0153,1,4.77,0.013,0.793,0.014,,0.0070,-0.0431,1.6170,0.3038,-0.1908,-0.1425,0.2965,0.1913,0.0294,1,1.17,0.145,0.215,0.055,,-0.0138,-0.1438,1.7188,0.3030,0.1885,-0.1249,-0.0021,-0.3419,0.0158,1,0.00,0.005,0.030,0.000,,0.0208,-0.1117,1.7072,0.0048,-0.3452,-0.1304,-0.0017,0.3463,0.0171,1,0.00,0.005,0.030,0.007,,-0.0189,-0.1536,1.7565,0.0043,0.3431,-0.1231,-0.3012,-0.1867,0.0151,1,1.31,0.176,0.156,0.039,,0.0127,-0.1900,1.7997,-0.2943,-0.1905,-0.1168,-0.3010,0.1924,0.0152,1,5.11,0.027,0.963,0.144,,-0.0049,-0.2098,1.8193,-0.2946,0.1886,-0.1134
3.842,684,tripod,-0.0121,0.0044,0.1431,-0.0089,-0.0434,-0.0014,-0.0107,-0.0048,0.0214,0.0518,-0.0339,0.0137,0.000,0.000,-0.0081,-0.0387,-0.0089,-0.0434,-0.0014,0.1251,0,0.2974,-0.1881,0.0156,1,2.86,0.392,0.601,0.143,,0.0072,-0.0430,1.6164,0.3039,-0.1907,-0.1425,0.2965,0.1913,0.0297,1,0.00,0.010,0.060,0.002,,-0.0139,-0.1441,1.7187,0.3031,0.1885,-0.1249,-0.0022,-0.3419,0.0162,1,2.62,0.334,0.525,0.123,,0.0211,-0.1124,1.7079,0.0049,-0.3451,-0.1303,-0.0016,0.3463,0.0161,1,7.77,0.205,1.227,0.077,,-0.0194,-0.1471,1.7511,0.0044,0.3431,-0.1243,-0.3013,-0.1867,0.0153,1,3.30,0.152,0.434,0.127,,0.0128,-0.1902,1.8003,-0.2942,-0.1905,-0.1168,-0.3010,0.1924,0.0150,1,0.00,0.007,0.051,0.001,,-0.0051,-0.2083,1.8185,-0.2945,0.1886,-0.1137
3.865,688,tripod,-0.0122,0.0043,0.1434,-0.0085,-0.0440,-0.0013,-0.0089,-0.0023,0.0116,0.0189,-0.0302,0.0065,0.000,0.000,-0.0079,-0.0391,-0.0085,-0.0440,-0.0013,0.1250,0,0.2974,-0.1880,0.0161,1,1.81,0.232,0.385,0.109,,0.0074,-0.0440,1.6171,0.3039,-0.1907,-0.1423,0.2964,0.1914,0.0305,1,0.00,0.003,0.042,0.001,,-0.0140,-0.1456,1.7196,0.3031,0.1885,-0.1246,-0.0022,-0.3419,0.0165,1,3.47,0.178,0.622,0.066,,0.0214,-0.1141,1.7094,0.0049,-0.3451,-0.1300,-0.0016,0.3464,0.0158,1,6.14,0.238,1.008,0.026,,-0.0198,-0.1430,1.7476,0.0045,0.3431,-0.1250,-0.3013,-0.1867,0.0155,1,2.02,0.200,0.186,0.159,,0.0129,-0.1914,1.8015,-0.2942,-0.1905,-0.1166,-0.3011,0.1924,0.0152,1,0.00,0.001,0.040,0.001,,-0.0052,-0.2080,1.8188,-0.2945,0.1886,-0.1137
3.889,692,tripod,-0.0123,0.0044,0.1435,-0.0085,-0.0445,-0.0012,-0.0073,0.0019,0.0033,-0.0108,-0.0299,0.0049,0.000,0.000,-0.0078,-0.0395,-0.0085,-0.0445,-0.0012,0.1248,0,0.2973,-0.1879,0.0167,1,1.01,0.128,0.197,0.061,,0.0076,-0.0461,1.6189,0.3040,-0.1907,-0.1419,0.2963,0.1914,0.0312,1,0.00,0.004,0.038,0.002,,-0.0141,-0.1481,1.7214,0.3032,0.1885,-0.1242,-0.0022,-0.3419,0.0171,1,4.43,0.044,0.754,0.026,,0.0216,-0.1164,1.7115,0.0050,-0.3451,-0.1296,-0.0017,0.3464,0.0156,1,5.99,0.108,0.986,0.018,,-0.0202,-0.1411,1.7459,0.0046,0.3431,-0.1253,-0.3013,-0.1868,0.0158,1,1.33,0.042,0.073,0.143,,0.0130,-0.1932,1.8033,-0.2941,-0.1905,-0.1163,-0.3011,0.1923,0.0153,1,0.00,0.002,0.038,0.002,,-0.0054,-0.2088,1.8198,-0.2944,0.1886,-0.1136
3.912,696,tripod,-0.0124,0.0044,0.1429,-0.0090,-0.0451,-0.0011,-0.0027,0.0042,-0.0556,-0.0327,-0.0342,0.0035,0.000,0.000,-0.0078,-0.0399,-0.0090,-0.0451,-0.0011,0.1240,0,0.2973,-0.1879,0.0175,1,0.00,0.002,0.029,0.010,,0.0078,-0.0523,1.6246,0.3040,-0.1907,-0.1409,0.2963,0.1915,0.0310,1,0.00,0.005,0.029,0.001,,-0.0142,-0.1483,1.7211,0.3032,0.1885,-0.1241,-0.0022,-0.3419,0.0178,1,5.02,0.047,0.769,0.069,,0.0217,-0.1227,1.7169,0.0050,-0.3451,-0.1285,-0.0017,0.3464,0.0154,1,5.73,0.059,0.799,0.170,,-0.0203,-0.1440,1.7484,0.0046,0.3431,-0.1248,-0.3013,-0.1868,0.0162,1,0.65,0.003,0.010,0.069,,0.0129,-0.1990,1.8078,-0.2941,-0.1904,-0.1153,-0.3011,0.1923,0.0153,1,0.00,0.003,0.041,0.007,,-0.0054,-0.2139,1.8237,-0.2944,0.1886,-0.1127
3.935,700,tripod,-0.0127,0.0045,0.1423,-0.0095,-0.0468,-0.0010,-0.0128,0.0031,-0.0319,-0.0232,-0.0955,0.0056,0.000,0.000,-0.0081,-0.0407,-0.0095,-0.0468,-0.0010,0.1230,0,0.2973,-0.1878,0.0188,1,0.00,0.000,0.039,0.010,,0.0079,-0.0603,1.6320,0.3040,-0.1907,-0.1395,0.2963,0.1915,0.0306,1,5.75,0.018,0.574,0.473,,-0.0143,-0.1479,1.7209,0.3032,0.1885,-0.1242,-0.0022,-0.3418,0.0186,1,0.82,0.073,0.080,0.013,,0.0217,-0.1306,1.7237,0.0050,-0.3451,-0.1272,-0.0017,0.3464,0.0154,1,0.00,0.006,0.041,0.007,,-0.0205,-0.1491,1.7527,0.0047,0.3431,-0.1239,-0.3013,-0.1867,0.0164,1,5.20,0.003,0.508,0.398,,0.0129,-0.2064,1.8138,-0.2941,-0.1904,-0.1140,-0.3012,0.1923,0.0152,1,1.16,0.102,0.058,0.108,,-0.0055,-0.2205,1.8287,-0.2944,0.1886,-0.1116
3.959,704,tripod,-0.0128,0.0045,0.1418,-0.0100,-0.0480,-0.0009,-0.0085,0.0044,-0.0262,-0.0304,-0.0605,0.0037,0.000,0.000,-0.0085,-0.0418,-0.0100,-0.0480,-0.0009,0.1221,0,0.2973,-0.1878,0.0202,1,0.00,0.000,0.039,0.010,,0.0080,-0.0680,1.6389,0.3041,-0.1907,-0.1381,0.2963,0.1915,0.0305,1,5.06,0.083,0.444,0.487,,-0.0145,-0.1488,1.7216,0.3032,0.1884,-0.1240,-0.0022,-0.3418,0.0196,1,2.10,0.039,0.283,0.039,,0.0219,-0.1379,1.7299,0.0050,-0.3451,-0.1259,-0.0018,0.3464,0.0156,1,0.00,0.005,0.040,0.006,,-0.0206,-0.1540,1.7568,0.0047,0.3431,-0.1231,-0.3014,-0.1867,0.0167,1,3.23,0.040,0.279,0.273,,0.0129,-0.2128,1.8190,-0.2940,-0.1904,-0.1129,-0.3013,0.1923,0.0153,1,2.35,0.202,0.158,0.235,,-0.0055,-0.2263,1.8331,-0.2943,0.1886,-0.1106
3.982,708,tripod,-0.0129,0.0046,0.1414,-0.0106,-0.0487,-0.0008,-0.0044,0.0057,-0.0227,-0.0372,-0.0316,0.0011,0.000,0.000,-0.0089,-0.0428,-0.0106,-0.0487,-0.0008,0.1212,0,0.2973,-0.1877,0.0214,1,0.00,0.001,0.039,0.009,,0.0081,-0.0754,1.6453,0.3041,-0.1907,-0.1368,0.2963,0.1915,0.0306,1,3.94,0.043,0.315,0.404,,-0.0147,-0.1508,1.7228,0.3033,0.1884,-0.1237,-0.0022,-0.3418,0.0206,1,4.20,0.237,0.581,0.108,,0.0221,-0.1447,1.7356,0.0051,-0.3451,-0.1247,-0.0017,0.3464,0.0156,1,0.00,0.004,0.038,0.003,,-0.0209,-0.1565,1.7590,0.0048,0.3431,-0.1226,-0.3014,-0.1867,0.0172,1,0.25,0.011,0.018,0.022,,0.0130,-0.2185,1.8233,-0.2940,-0.1904,-0.1120,-0.3013,0.1923,0.0154,1,4.14,0.187,0.518,0.171,,-0.0056,-0.2312,1.8371,-0.2943,0.1886,-0.1098
4.006,712,tripod,-0.0130,0.0048,0.1411,-0.0114,-0.0489,-0.0008,-0.0004,0.0078,-0.0149,-0.0489,-0.0008,0.0007,0.000,0.000,-0.0094,-0.0435,-0.0114,-0.0489,-0.0008,0.1205,0,0.2972,-0.1877,0.0226,1,0.00,0.000,0.039,0.008,,0.0081,-0.0824,1.6513,0.3042,-0.1907,-0.1356,0.2964,0.1915,0.0307,1,3.86,0.039,0.322,0.380,,-0.0150,-0.1533,1.7243,0.3034,0.1884,-0.1233,-0.0022,-0.3418,0.0217,1,4.47,0.262,0.607,0.129,,0.0223,-0.1511,1.7408,0.0051,-0.3451,-0.1236,-0.0017,0.3464,0.0151,1,0.00,0.004,0.037,0.002,,-0.0213,-0.1573,1.7598,0.0049,0.3430,-0.1225,-0.3014,-0.1867,0.0178,1,0.00,0.004,0.036,0.006,,0.0132,-0.2235,1.8271,-0.2940,-0.1904,-0.1111,-0.3013,0.1923,0.0156,1,4.32,0.242,0.564,0.153,,-0.0056,-0.2353,1.8405,-0.2942,0.1886,-0.1091
4.029,716,tripod,-0.0130,0.0049,0.1410,-0.0120,-0.0489,-0.0007,-0.0011,0.0071,-0.0024,-0.0340,0.0035,0.0052,0.000,0.000,-0.0101,-0.0438,-0.0120,-0.0489,-0.0007,0.1198,0,0.2972,-0.1877,0.0237,1,0.00,0.000,0.039,0.007,,0.0081,-0.0888,1.6566,0.3043,-0.1907,-0.1345,0.2964,0.1916,0.0309,1,0.00,0.003,0.037,0.002,,-0.0152,-0.1559,1.7260,0.3035,0.1884,-0.1228,-0.0022,-0.3417,0.0228,1,5.99,0.002,0.945,0.049,,0.0225,-0.1570,1.7454,0.0052,-0.3451,-0.1226,-0.0017,0.3464,0.0149,1,5.69,0.094,0.877,0.083,,-0.0216,-0.1583,1.7609,0.0049,0.3430,-0.1223,-0.3014,-0.1867,0.0186,1,0.00,0.003,0.035,0.006,,0.0134,-0.2281,1.8306,-0.2939,-0.1905,-0.1104,-0.3013,0.1923,0.0159,1,0.70,0.082,0.037,0.052,,-0.0056,-0.2389,1.8434,-0.2942,0.1886,-0.1085
4.053,720,tripod,-0.0130,0.0050,0.1410,-0.0127,-0.0487,-0.0005,0.0012,0.0092,0.0028,-0.0461,0.0153,0.0041,0.000,0.000,-0.0106,-0.0439,-0.0127,-0.0487,-0.0005,0.1191,0,0.2972,-0.1876,0.0248,1,0.00,0.000,0.038,0.007,,0.0081,-0.0946,1.6615,0.3043,-0.1908,-0.1335,0.2964,0.1916,0.0311,1,0.00,0.004,0.037,0.002,,-0.0155,-0.1585,1.7278,0.3036,0.1884,-0.1224,-0.0022,-0.3417,0.0240,1,5.86,0.014,0.939,0.036,,0.0227,-0.1624,1.7495,0.0052,-0.3452,-0.1217,-0.0017,0.3464,0.0149,1,5.69,0.082,0.864,0.096,,-0.0218,-0.1593,1.7621,0.0050,0.3429,-0.1222,-0.3014,-0.1867,0.0195,1,0.00,0.003,0.034,0.005,,0.0136,-0.2323,1.8337,-0.2939,-0.1905,-0.1096,-0.3013,0.1923,0.0164,1,0.71,0.061,0.028,0.066,,-0.0056,-0.2421,1.8460,-0.2942,0.1885,-0.1080
4.075,724,tripod,-0.0129,0.0052,0.1411,-0.0136,-0.0483,-0.0004,0.0032,0.0105,0.0089,-0.0532,0.0253,0.0034,0.000,0.000,-0.0113,-0.0438,-0.0136,-0.0483,-0.0004,0.1186,0,0.2972,-0.1875,0.0259,1,0.00,0.001,0.037,0.006,,0.0080,-0.0997,1.6657,0.3043,-0.1908,-0.1326,0.2964,0.1917,0.0314,1,0.00,0.003,0.037,0.002,,-0.0158,-0.1608,1.7295,0.3036,0.1883,-0.1220,-0.0022,-0.3417,0.0252,1,5.83,0.020,0.948,0.022,,0.0228,-0.1674,1.7532,0.0052,-0.3452,-0.1208,-0.0017,0.3464,0.0149,1,5.74,0.068,0.882,0.085,,-0.0220,-0.1603,1.7632,0.0050,0.3429,-0.1220,-0.3014,-0.1867,0.0206,1,0.00,0.003,0.033,0.005,,0.0138,-0.2363,1.8365,-0.2939,-0.1905,-0.1090,-0.3013,0.1923,0.0169,1,0.63,0.045,0.019,0.062,,-0.0055,-0.2449,1.8483,-0.2941,0.1885,-0.1075
4.098,728,tripod,-0.0129,0.0054,0.1413,-0.0146,-0.0478,-0.0003,0.0048,0.0113,0.0151,-0.0554,0.0319,0.0028,0.000,0.000,-0.0121,-0.0436,-0.0146,-0.0478,-0.0003,0.1182,0,0.2972,-0.1875,0.0269,1,0.00,0.001,0.037,0.005,,0.0078,-0.1041,1.6693,0.3043,-0.1909,-0.1318,0.2965,0.1917,0.0314,1,0.00,0.003,0.037,0.000,,-0.0160,-0.1616,1.7301,0.3037,0.1883,-0.1218,-0.0022,-0.3416,0.0265,1,5.82,0.034,0.959,0.007,,0.0228,-0.1718,1.7564,0.0053,-0.3453,-0.1201,-0.0016,0.3464,0.0149,1,5.84,0.053,0.909,0.071,,-0.0221,-0.1611,1.7641,0.0050,0.3428,-0.1219,-0.3014,-0.1867,0.0214,1,0.00,0.003,0.030,0.002,,0.0140,-0.2379,1.8376,-0.2939,-0.1906,-0.1087,-0.3013,0.1924,0.0175,1,0.51,0.020,0.007,0.054,,-0.0053,-0.2473,1.8502,-0.2941,0.1885,-0.1071
4.121,732,tripod,-0.0128,0.0056,0.1417,-0.0155,-0.0472,-0.0003,0.0052,0.0114,0.0210,-0.0518,0.0299,0.0026,0.000,0.000,-0.0129,-0.0431,-0.0155,-0.0472,-0.0003,0.1181,0,0.2972,-0.1874,0.0279,1,0.00,0.002,0.036,0.004,,0.0076,-0.1077,1.6723,0.3043,-0.1909,-0.1312,0.2966,0.1918,0.0309,1,0.00,0.003,0.033,0.005,,-0.0164,-0.1583,1.7274,0.3037,0.1882,-0.1224,-0.0022,-0.3416,0.0279,1,5.73,0.025,0.954,0.004,,0.0228,-0.1758,1.7592,0.0053,-0.3454,-0.1194,-0.0016,0.3464,0.0150,1,5.79,0.017,0.915,0.054,,-0.0222,-0.1614,1.7648,0.0050,0.3428,-0.1218,-0.3013,-0.1867,0.0216,1,0.00,0.003,0.025,0.004,,0.0144,-0.2345,1.8351,-0.2938,-0.1907,-0.1093,-0.3013,0.1924,0.0182,1,0.45,0.001,0.003,0.048,,-0.0051,-0.2493,1.8518,-0.2941,0.1884,-0.1068
4.144,736,tripod,-0.0127,0.0058,0.1422,-0.0163,-0.0470,-0.0002,0.0014,0.0102,0.0337,-0.0413,0.0004,0.0029,0.000,0.000,-0.0137,-0.0427,-0.0163,-0.0470,-0.0002,0.1180,0,0.2972,-0.1874,0.0289,1,0.00,0.004,0.040,0.003,,0.0072,-0.1106,1.6747,0.3043,-0.1910,-0.1307,0.2967,0.1918,0.0306,1,2.85,0.082,0.250,0.266,,-0.0168,-0.1551,1.7249,0.3038,0.1881,-0.1230,-0.0022,-0.3416,0.0292,1,4.75,0.100,0.784,0.014,,0.0228,-0.1793,1.7615,0.0052,-0.3454,-0.1188,-0.0016,0.3464,0.0151,1,2.21,0.046,0.396,0.061,,-0.0221,-0.1614,1.7652,0.0050,0.3427,-0.1218,-0.3012,-0.1867,0.0216,1,0.32,0.036,0.049,0.016,,0.0148,-0.2304,1.8321,-0.2938,-0.1907,-0.1100,-0.3013,0.1924,0.0188,1,2.40,0.104,0.242,0.166,,-0.0048,-0.2508,1.8531,-0.2941,0.1883,-0.1065
4.167,740,tripod,-0.0126,0.0059,0.1428,-0.0170,-0.0467,-0.0001,0.0040,0.0107,0.0393,-0.0412,0.0212,0.0024,0.000,0.000,-0.0144,-0.0424,-0.0170,-0.0467,-0.0001,0.1181,0,0.2972,-0.1874,0.0299,1,0.00,0.006,0.043,0.002,,0.0069,-0.1126,1.6763,0.3043,-0.1911,-0.1303,0.2967,0.1918,0.0304,1,2.47,0.061,0.205,0.232,,-0.0171,-0.1520,1.7225,0.3038,0.1880,-0.1235,-0.0022,-0.3415,0.0306,1,5.15,0.000,0.883,0.037,,0.0227,-0.1821,1.7631,0.0052,-0.3455,-0.1183,-0.0016,0.3465,0.0154,1,3.02,0.033,0.526,0.053,,-0.0221,-0.1607,1.7651,0.0050,0.3426,-0.1219,-0.3011,-0.1867,0.0219,1,0.00,0.001,0.019,0.003,,0.0151,-0.2272,1.8296,-0.2938,-0.1908,-0.1105,-0.3013,0.1924,0.0195,1,2.12,0.038,0.231,0.127,,-0.0045,-0.2516,1.8539,-0.2941,0.1883,-0.1064
4.190,744,tripod,-0.0125,0.0061,0.1435,-0.0178,-0.0460,-0.0000,0.0064,0.0108,0.0450,-0.0437,0.0393,0.0017,0.000,0.000,-0.0151,-0.0420,-0.0178,-0.0460,-0.0000,0.1182,0,0.2972,-0.1873,0.0308,1,0.86,0.113,0.142,0.030,,0.0066,-0.1137,1.6772,0.3043,-0.1911,-0.1301,0.2968,0.1918,0.0302,1,0.00,0.005,0.031,0.004,,-0.0174,-0.1488,1.7201,0.3038,0.1880,-0.1241,-0.0022,-0.3415,0.0319,1,4.69,0.096,0.810,0.048,,0.0226,-0.1841,1.7642,0.0052,-0.3456,-0.1179,-0.0016,0.3465,0.0156,1,4.73,0.009,0.835,0.060,,-0.0220,-0.1594,1.7645,0.0050,0.3426,-0.1221,-0.3011,-0.1867,0.0225,1,0.00,0.005,0.026,0.003,,0.0155,-0.2245,1.8274,-0.2938,-0.1909,-0.1110,-0.3013,0.1924,0.0203,1,1.39,0.009,0.135,0.087,,-0.0042,-0.2517,1.8542,-0.2941,0.1882,-0.1063
4.213,748,tripod,-0.0124,0.0063,0.1443,-0.0185,-0.0455,0.0000,0.0047,0.0100,0.0529,-0.0372,0.0271,0.0014,0.000,0.000,-0.0158,-0.0416,-0.0185,-0.0455,0.0000,0.1184,0,0.2972,-0.1873,0.0317,1,1.91,0.132,0.302,0.000,,0.0062,-0.1141,1.6774,0.3042,-0.1912,-0.1301,0.2968,0.1918,0.0302,1,0.00,0.004,0.030,0.004,,-0.0178,-0.1455,1.7176,0.3038,0.1879,-0.1246,-0.0022,-0.3415,0.0332,1,3.63,0.115,0.644,0.069,,0.0225,-0.1855,1.7647,0.0052,-0.3457,-0.1177,-0.0016,0.3465,0.0159,1,3.58,0.021,0.687,0.115,,-0.0220,-0.1576,1.7635,0.0050,0.3425,-0.1224,-0.3010,-0.1867,0.0232,1,0.00,0.004,0.026,0.002,,0.0158,-0.2223,1.8255,-0.2938,-0.1910,-0.1113,-0.3013,0.1924,0.0211,1,2.39,0.001,0.295,0.102,,-0.0039,-0.2513,1.8540,-0.2942,0.1881,-0.1064
4.236,752,tripod,-0.0124,0.0065,0.1453,-0.0190,-0.0451,0.0001,0.0039,0.0093,0.0586,-0.0310,0.0218,0.0014,0.000,0.000,-0.0164,-0.0411,-0.0190,-0.0451,0.0001,0.1186,0,0.2972,-0.1873,0.0326,1,2.92,0.127,0.461,0.023,,0.0057,-0.1139,1.6770,0.3042,-0.1913,-0.1301,0.2969,0.1918,0.0303,1,0.00,0.004,0.029,0.004,,-0.0181,-0.1420,1.7151,0.3038,0.1878,-0.1252,-0.0022,-0.3415,0.0345,1,2.59,0.111,0.488,0.096,,0.0224,-0.1863,1.7648,0.0052,-0.3458,-0.1176,-0.0016,0.3465,0.0163,1,2.49,0.014,0.538,0.160,,-0.0219,-0.1554,1.7620,0.0050,0.3425,-0.1228,-0.3010,-0.1867,0.0240,1,0.00,0.004,0.026,0.002,,0.0161,-0.2202,1.8237,-0.2938,-0.1911,-0.1117,-0.3013,0.1924,0.0219,1,3.38,0.010,0.450,0.118,,-0.0036,-0.2504,1.8535,-0.2942,0.1880,-0.1066
4.259,756,tripod,-0.0123,0.0066,0.1463,-0.0195,-0.0447,0.0001,0.0037,0.0080,0.0627,-0.0248,0.0207,0.0012,0.000,0.000,-0.0170,-0.0407,-0.0195,-0.0447,0.0001,0.1190,0,0.2972,-0.1873,0.0335,1,3.86,0.095,0.603,0.049,,0.0053,-0.1131,1.6761,0.3042,-0.1914,-0.1302,0.2970,0.1918,0.0301,1,0.00,0.005,0.026,0.009,,-0.0185,-0.1352,1.7095,0.3038,0.1877,-0.1264,-0.0022,-0.3415,0.0358,1,1.62,0.101,0.335,0.113,,0.0223,-0.1866,1.7645,0.0051,-0.3458,-0.1175,-0.0016,0.3465,0.0167,1,1.52,0.000,0.358,0.143,,-0.0218,-0.1527,1.7604,0.0050,0.3424,-0.1233,-0.3009,-0.1867,0.0249,1,0.00,0.004,0.027,0.002,,0.0164,-0.2183,1.8220,-0.2938,-0.1911,-0.1120,-0.3013,0.1924,0.0228,1,4.30,0.003,0.599,0.129,,-0.0033,-0.2491,1.8527,-0.2942,0.1880,-0.1068
4.281,760,tripod,-0.0122,0.0067,0.1473,-0.0199,-0.0444,0.0001,0.0048,0.0067,0.0534,-0.0191,0.0224,0.0009,0.000,0.000,-0.0174,-0.0404,-0.0199,-0.0444,0.0001,0.1195,0,0.2972,-0.1873,0.0343,1,4.65,0.006,0.708,0.088,,0.0050,-0.1124,1.6755,0.3041,-0.1915,-0.1304,0.2971,0.1918,0.0294,1,0.00,0.003,0.024,0.010,,-0.0189,-0.1265,1.7023,0.3038,0.1876,-0.1279,-0.0022,-0.3414,0.0370,1,0.70,0.043,0.148,0.072,,0.0221,-0.1869,1.7644,0.0051,-0.3459,-0.1175,-0.0016,0.3465,0.0172,1,0.54,0.009,0.110,0.050,,-0.0217,-0.1503,1.7591,0.0049,0.3423,-0.1237,-0.3009,-0.1867,0.0254,1,0.00,0.002,0.023,0.005,,0.0167,-0.2138,1.8183,-0.2938,-0.1912,-0.1128,-0.3013,0.1924,0.0236,1,5.00,0.047,0.709,0.141,,-0.0030,-0.2481,1.8520,-0.2942,0.1879,-0.1069
4.304,764,tripod,-0.0122,0.0068,0.1482,-0.0202,-0.0440,0.0002,0.0047,0.0059,0.0536,-0.0118,0.0238,0.0005,0.000,0.000,-0.0178,-0.0400,-0.0202,-0.0440,0.0002,0.1199,0,0.2972,-0.1873,0.0351,1,5.53,0.032,0.856,0.095,,0.0046,-0.1121,1.6752,0.3041,-0.1916,-0.1304,0.2972,0.1918,0.0289,1,0.00,0.003,0.028,0.008,,-0.0192,-0.1198,1.6968,0.3038,0.1875,-0.1291,-0.0022,-0.3414,0.0381,1,0.15,0.015,0.006,0.013,,0.0220,-0.1877,1.7646,0.0051,-0.3459,-0.1173,-0.0016,0.3464,0.0176,1,0.00,0.003,0.032,0.001,,-0.0215,-0.1486,1.7583,0.0049,0.3422,-0.1240,-0.3008,-0.1868,0.0255,1,0.00,0.002,0.023,0.006,,0.0170,-0.2077,1.8134,-0.2938,-0.1913,-0.1138,-0.3013,0.1924,0.0245,1,5.93,0.039,0.834,0.178,,-0.0027,-0.2477,1.8517,-0.2943,0.1879,-0.1070
4.327,768,tripod,-0.0121,0.0069,0.1492,-0.0203,-0.0436,0.0002,0.0041,0.0044,0.0580,-0.0026,0.0240,0.0008,0.000,0.000,-0.0181,-0.0397,-0.0203,-0.0436,0.0002,0.1203,0,0.2973,-0.1873,0.0358,1,5.67,0.020,0.907,0.069,,0.0043,-0.1112,1.6743,0.3041,-0.1917,-0.1306,0.2972,0.1917,0.0286,1,0.00,0.004,0.028,0.008,,-0.0195,-0.1137,1.6918,0.3038,0.1874,-0.1301,-0.0022,-0.3414,0.0391,1,0.00,0.002,0.030,0.001,,0.0218,-0.1877,1.7644,0.0050,-0.3460,-0.1173,-0.0016,0.3464,0.0182,1,0.00,0.002,0.031,0.001,,-0.0214,-0.1464,1.7571,0.0049,0.3421,-0.1243,-0.3007,-0.1868,0.0256,1,0.00,0.004,0.024,0.006,,0.0173,-0.2025,1.8092,-0.2938,-0.1914,-0.1147,-0.3013,0.1925,0.0254,1,6.10,0.004,0.836,0.215,,-0.0024,-0.2467,1.8510,-0.2943,0.1878,-0.1072
4.350,772,tripod,-0.0120,0.0070,0.1502,-0.0203,-0.0431,0.0002,0.0040,0.0028,0.0603,0.0063,0.0244,0.0010,0.000,0.000,-0.0182,-0.0393,-0.0203,-0.0431,0.0002,0.1208,0,0.2973,-0.1873,0.0364,1,5.66,0.031,0.907,0.068,,0.0040,-0.1097,1.6730,0.3040,-0.1917,-0.1308,0.2973,0.1917,0.0285,1,0.00,0.003,0.028,0.007,,-0.0197,-0.1080,1.6871,0.3038,0.1874,-0.1311,-0.0022,-0.3414,0.0400,1,0.00,0.003,0.031,0.002,,0.0217,-0.1872,1.7637,0.0050,-0.3460,-0.1174,-0.0016,0.3464,0.0188,1,0.00,0.002,0.029,0.002,,-0.0213,-0.1440,1.7555,0.0048,0.3420,-0.1248,-0.3007,-0.1868,0.0260,1,0.00,0.004,0.026,0.005,,0.0176,-0.1979,1.8054,-0.2938,-0.1915,-0.1155,-0.3013,0.1925,0.0263,1,6.07,0.013,0.833,0.213,,-0.0021,-0.2453,1.8501,-0.2943,0.1877,-0.1074
4.373,776,tripod,-0.0119,0.0070,0.1512,-0.0201,-0.0427,0.0002,0.0038,0.0013,0.0605,0.0139,0.0250,0.0011,0.000,0.000,-0.0182,-0.0389,-0.0201,-0.0427,0.0002,0.1213,0,0.2973,-0.1873,0.0369,1,5.55,0.046,0.917,0.033,,0.0037,-0.1077,1.6712,0.3040,-0.1918,-0.1312,0.2973,0.1917,0.0284,1,0.00,0.002,0.027,0.008,,-0.0200,-0.1018,1.6819,0.3038,0.1873,-0.1322,-0.0022,-0.3413,0.0408,1,0.00,0.003,0.031,0.002,,0.0215,-0.1861,1.7626,0.0050,-0.3461,-0.1176,-0.0016,0.3464,0.0194,1,0.00,0.002,0.028,0.002,,-0.0212,-0.1414,1.7538,0.0048,0.3420,-0.1252,-0.3006,-0.1869,0.0264,1,0.00,0.003,0.027,0.004,,0.0178,-0.1938,1.8020,-0.2938,-0.1915,-0.1162,-0.3013,0.1925,0.0272,1,6.07,0.032,0.815,0.221,,-0.0019,-0.2437,1.8490,-0.2943,0.1877,-0.1077
4.395,780,tripod,-0.0119,0.0070,0.1522,-0.0198,-0.0422,0.0002,0.0046,0.0006,0.0587,0.0144,0.0301,0.0009,0.000,0.000,-0.0181,-0.0385,-0.0198,-0.0422,0.0002,0.1219,0,0.2973,-0.1873,0.0374,1,5.60,0.054,0.927,0.033,,0.0035,-0.1055,1.6692,0.3040,-0.1918,-0.1316,0.2974,0.1917,0.0277,1,0.00,0.003,0.023,0.014,,-0.0202,-0.0919,1.6731,0.3038,0.1873,-0.1339,-0.0022,-0.3413,0.0415,1,0.00,0.003,0.031,0.002,,0.0214,-0.1847,1.7613,0.0049,-0.3461,-0.1179,-0.0016,0.3464,0.0201,1,0.00,0.003,0.028,0.002,,-0.0211,-0.1388,1.7519,0.0048,0.3419,-0.1256,-0.3006,-0.1869,0.0268,1,0.00,0.003,0.027,0.004,,0.0179,-0.1901,1.7990,-0.2938,-0.1916,-0.1168,-0.3013,0.1925,0.0281,1,6.11,0.042,0.821,0.223,,-0.0017,-0.2420,1.8477,-0.2944,0.1877,-0.1080
4.417,784,tripod,-0.0118,0.0070,0.1532,-0.0192,-0.0419,0.0002,0.0001,-0.0057,0.0604,0.0585,-0.0006,0.0030,0.000,0.000,-0.0179,-0.0381,-0.0192,-0.0419,0.0002,0.1225,0,0.2973,-0.1873,0.0377,1,1.81,0.206,0.385,0.119,,0.0033,-0.1030,1.6671,0.3040,-0.1919,-0.1320,0.2975,0.1916,0.0270,1,3.73,0.411,0.404,0.256,,-0.0204,-0.0826,1.6648,0.3039,0.1872,-0.1355,-0.0022,-0.3413,0.0420,1,2.62,0.061,0.497,0.077,,0.0213,-0.1829,1.7597,0.0049,-0.3461,-0.1182,-0.0016,0.3464,0.0208,1,0.00,0.007,0.042,0.002,,-0.0209,-0.1364,1.7501,0.0048,0.3419,-0.1261,-0.3006,-0.1869,0.0273,1,0.00,0.003,0.016,0.003,,0.0180,-0.1868,1.7962,-0.2938,-0.1916,-0.1174,-0.3013,0.1925,0.0290,1,4.73,0.133,0.601,0.214,,-0.0016,-0.2403,1.8465,-0.2944,0.1876,-0.1083
4.440,788,tripod,-0.0118,0.0069,0.1541,-0.0186,-0.0416,0.0002,0.0033,-0.0040,0.0525,0.0377,0.0226,0.0014,0.000,0.000,-0.0174,-0.0378,-0.0186,-0.0416,0.0002,0.1231,0,0.2973,-0.1873,0.0380,1,3.08,0.128,0.561,0.064,,0.0032,-0.1003,1.6649,0.3039,-0.1919,-0.1325,0.2976,0.1916,0.0266,1,2.53,0.302,0.290,0.147,,-0.0205,-0.0749,1.6577,0.3039,0.1872,-0.1369,-0.0022,-0.3414,0.0423,1,1.76,0.085,0.324,0.052,,0.0211,-0.1809,1.7580,0.0049,-0.3462,-0.1185,-0.0016,0.3464,0.0215,1,0.00,0.005,0.038,0.002,,-0.0208,-0.1341,1.7483,0.0047,0.3419,-0.1265,-0.3005,-0.1869,0.0276,1,0.00,0.002,0.020,0.003,,0.0180,-0.1837,1.7937,-0.2938,-0.1916,-0.1179,-0.3013,0.1924,0.0299,1,5.14,0.079,0.669,0.214,,-0.0015,-0.2388,1.8453,-0.2944,0.1876,-0.1085
4.463,792,tripod,-0.0116,0.0068,0.1544,-0.0182,-0.0409,0.0002,0.0088,-0.0049,0.0108,0.0271,0.0337,0.0004,0.000,0.000,-0.0169,-0.0374,-0.0182,-0.0409,0.0002,0.1232,0,0.2973,-0.1873,0.0380,1,4.39,0.149,0.737,0.012,,0.0031,-0.1007,1.6656,0.3039,-0.1919,-0.1324,0.2977,0.1916,0.0261,1,1.87,0.248,0.291,0.000,,-0.0205,-0.0714,1.6549,0.3038,0.1872,-0.1375,-0.0021,-0.3414,0.0426,1,1.08,0.134,0.178,0.024,,0.0209,-0.1819,1.7589,0.0048,-0.3461,-0.1183,-0.0016,0.3464,0.0222,1,0.00,0.002,0.043,0.002,,-0.0206,-0.1353,1.7492,0.0047,0.3419,-0.1263,-0.3005,-0.1869,0.0274,1,0.00,0.002,0.020,0.004,,0.0180,-0.1796,1.7904,-0.2938,-0.1916,-0.1186,-0.3013,0.1924,0.0308,1,6.02,0.042,0.730,0.310,,-0.0015,-0.2406,1.8464,-0.2944,0.1876,-0.1082
4.486,796,tripod,-0.0114,0.0068,0.1547,-0.0180,-0.0400,0.0002,0.0078,-0.0012,0.0184,0.0205,0.0458,0.0057,0.000,0.000,-0.0166,-0.0369,-0.0180,-0.0400,0.0002,0.1233,0,0.2973,-0.1873,0.0380,1,1.95,0.251,0.419,0.143,,0.0031,-0.1008,1.6660,0.3038,-0.1918,-0.1324,0.2977,0.1916,0.0256,1,6.07,0.448,0.870,0.163,,-0.0203,-0.0687,1.6527,0.3038,0.1872,-0.1380,-0.0021,-0.3414,0.0429,1,0.00,0.003,0.020,0.003,,0.0207,-0.1825,1.7595,0.0048,-0.3461,-0.1182,-0.0016,0.3464,0.0227,1,0.00,0.017,0.061,0.000,,-0.0204,-0.1364,1.7501,0.0046,0.3419,-0.1261,-0.3004,-0.1870,0.0273,1,4.52,0.239,0.871,0.117,,0.0179,-0.1760,1.7872,-0.2939,-0.1916,-0.1192,-0.3013,0.1924,0.0316,1,2.38,0.059,0.139,0.282,,-0.0014,-0.2423,1.8474,-0.2945,0.1877,-0.1079
4.508,800,tripod,-0.0113,0.0068,0.1549,-0.0176,-0.0389,0.0002,0.0093,-0.0052,0.0128,0.0419,0.0485,0.0006,0.000,0.000,-0.0163,-0.0361,-0.0176,-0.0389,0.0002,0.1234,0,0.2973,-0.1873,0.0378,1,0.39,0.019,0.043,0.038,,0.0031,-0.1003,1.6661,0.3038,-0.1918,-0.1325,0.2977,0.1916,0.0252,1,8.38,0.018,1.204,0.216,,-0.0202,-0.0663,1.6506,0.3037,0.1872,-0.1384,-0.0021,-0.3413,0.0430,1,0.00,0.010,0.035,0.000,,0.0204,-0.1826,1.7599,0.0047,-0.3461,-0.1182,-0.0017,0.3464,0.0231,1,0.00,0.004,0.053,0.001,,-0.0201,-0.1373,1.7507,0.0046,0.3419,-0.1259,-0.3004,-0.1870,0.0272,1,6.71,0.036,1.199,0.067,,0.0177,-0.1732,1.7847,-0.2939,-0.1916,-0.1197,-0.3013,0.1925,0.0324,1,0.78,0.048,0.040,0.078,,-0.0014,-0.2438,1.8480,-0.2945,0.1877,-0.1077
4.532,804,tripod,-0.0111,0.0067,0.1550,-0.0170,-0.0379,0.0002,0.0096,-0.0065,0.0086,0.0401,0.0424,-0.0009,0.000,0.000,-0.0159,-0.0353,-0.0170,-0.0379,0.0002,0.1235,0,0.2973,-0.1873,0.0373,1,0.00,0.009,0.058,0.002,,0.0030,-0.0995,1.6660,0.3037,-0.1918,-0.1326,0.2977,0.1916,0.0247,1,8.55,0.083,1.230,0.222,,-0.0200,-0.0640,1.6487,0.3037,0.1872,-0.1388,-0.0021,-0.3413,0.0430,1,0.00,0.008,0.035,0.000,,0.0201,-0.1825,1.7600,0.0047,-0.3460,-0.1182,-0.0017,0.3464,0.0236,1,0.00,0.004,0.051,0.001,,-0.0198,-0.1380,1.7511,0.0045,0.3419,-0.1258,-0.3004,-0.1870,0.0271,1,7.04,0.026,1.217,0.026,,0.0176,-0.1711,1.7827,-0.2940,-0.1916,-0.1201,-0.3013,0.1925,0.0332,1,0.39,0.024,0.007,0.037,,-0.0014,-0.2453,1.8487,-0.2946,0.1877,-0.1074
4.555,808,tripod,-0.0109,0.0066,0.1547,-0.0166,-0.0370,0.0002,0.0133,-0.0081,-0.0308,0.0433,0.0393,-0.0007,0.000,0.000,-0.0155,-0.0344,-0.0166,-0.0370,0.0002,0.1233,0,0.2973,-0.1873,0.0368,1,0.00,0.015,0.069,0.002,,0.0029,-0.1005,1.6676,0.3036,-0.1917,-0.1324,0.2977,0.1916,0.0242,1,9.63,0.135,1.287,0.340,,-0.0196,-0.0641,1.6492,0.3036,0.1873,-0.1388,-0.0021,-0.3414,0.0424,1,0.00,0.012,0.032,0.002,,0.0198,-0.1811,1.7591,0.0046,-0.3460,-0.1185,-0.0017,0.3464,0.0239,1,0.00,0.004,0.065,0.006,,-0.0194,-0.1409,1.7533,0.0044,0.3420,-0.1253,-0.3004,-0.1870,0.0272,1,7.40,0.051,1.272,0.029,,0.0173,-0.1718,1.7830,-0.2940,-0.1915,-0.1200,-0.3013,0.1925,0.0339,1,0.69,0.030,0.025,0.068,,-0.0013,-0.2491,1.8507,-0.2947,0.1877,-0.1068
4.578,812,tripod,-0.0107,0.0065,0.1543,-0.0165,-0.0363,0.0001,0.0100,0.0004,-0.0135,-0.0328,0.0187,-0.0108,0.000,0.000,-0.0151,-0.0336,-0.0165,-0.0363,0.0001,0.1230,0,0.2973,-0.1873,0.0364,1,0.00,0.001,0.094,0.001,,0.0029,-0.1020,1.6697,0.3035,-0.1917,-0.1322,0.2977,0.1916,0.0238,1,3.57,0.460,0.670,0.103,,-0.0193,-0.0650,1.6505,0.3035,0.1873,-0.1386,-0.0020,-0.3414,0.0415,1,9.34,0.370,1.303,0.294,,0.0195,-0.1792,1.7577,0.0045,-0.3460,-0.1188,-0.0017,0.3464,0.0242,1,3.83,0.600,0.589,0.028,,-0.0190,-0.1444,1.7559,0.0043,0.3420,-0.1247,-0.3004,-0.1870,0.0272,1,0.00,0.012,0.054,0.003,,0.0169,-0.1737,1.7843,-0.2941,-0.1915,-0.1196,-0.3013,0.1925,0.0345,1,3.40,0.481,0.400,0.186,,-0.0013,-0.2537,1.8533,-0.2948,0.1878,-0.1060
4.600,816,tripod,-0.0105,0.0065,0.1539,-0.0163,-0.0356,0.0000,0.0108,-0.0035,-0.0136,-0.0152,0.0388,-0.0036,0.000,0.000,-0.0149,-0.0329,-0.0163,-0.0356,0.0000,0.1229,0,0.2973,-0.1873,0.0357,1,0.00,0.011,0.084,0.004,,0.0028,-0.1007,1.6693,0.3034,-0.1917,-0.1324,0.2977,0.1915,0.0233,1,0.00,0.007,0.031,0.003,,-0.0189,-0.0654,1.6514,0.3034,0.1873,-0.1385,-0.0020,-0.3414,0.0408,1,11.24,0.119,1.509,0.409,,0.0192,-0.1774,1.7567,0.0044,-0.3459,-0.1191,-0.0017,0.3465,0.0244,1,8.36,0.017,1.355,0.085,,-0.0186,-0.1472,1.7580,0.0042,0.3421,-0.1242,-0.3004,-0.1869,0.0273,1,0.00,0.004,0.080,0.001,,0.0166,-0.1753,1.7853,-0.2942,-0.1915,-0.1194,-0.3013,0.1925,0.0350,1,0.82,0.061,0.047,0.073,,-0.0013,-0.2575,1.8553,-0.2949,0.1878,-0.1054
4.623,820,tripod,-0.0103,0.0063,0.1536,-0.0157,-0.0351,-0.0000,0.0074,-0.0059,-0.0098,0.0033,0.0185,-0.0029,0.000,0.000,-0.0146,-0.0323,-0.0157,-0.0351,-0.0000,0.1229,0,0.2973,-0.1874,0.0344,1,0.00,0.008,0.091,0.008,,0.0027,-0.0963,1.6659,0.3033,-0.1916,-0.1332,0.2977,0.1915,0.0230,1,0.00,0.005,0.030,0.003,,-0.0186,-0.0654,1.6519,0.3033,0.1874,-0.1385,-0.0020,-0.3414,0.0400,1,12.00,0.076,1.532,0.530,,0.0188,-0.1758,1.7557,0.0044,-0.3459,-0.1194,-0.0017,0.3465,0.0246,1,9.07,0.077,1.364,0.224,,-0.0182,-0.1493,1.7595,0.0041,0.3421,-0.1239,-0.3004,-0.1869,0.0272,1,0.00,0.001,0.088,0.000,,0.0163,-0.1765,1.7860,-0.2943,-0.1914,-0.1192,-0.3013,0.1926,0.0355,1,0.75,0.039,0.033,0.081,,-0.0012,-0.2606,1.8569,-0.2949,0.1879,-0.1049
4.645,824,tripod,-0.0103,0.0062,0.1534,-0.0147,-0.0354,-0.0001,-0.0007,-0.0106,-0.0074,0.0400,-0.0475,-0.0001,0.000,0.000,-0.0141,-0.0319,-0.0147,-0.0354,-0.0001,0.1229,0,0.2973,-0.1874,0.0333,1,7.24,0.436,0.763,0.465,,0.0027,-0.0924,1.6631,0.3032,-0.1916,-0.1339,0.2977,0.1915,0.0229,1,0.00,0.001,0.062,0.000,,-0.0183,-0.0651,1.6521,0.3032,0.1874,-0.1386,-0.0020,-0.3414,0.0391,1,4.73,0.228,0.596,0.158,,0.0185,-0.1742,1.7547,0.0043,-0.3459,-0.1197,-0.0017,0.3465,0.0250,1,3.92,0.217,0.341,0.364,,-0.0179,-0.1509,1.7608,0.0041,0.3421,-0.1236,-0.3004,-0.1869,0.0269,1,0.00,0.001,0.057,0.002,,0.0159,-0.1775,1.7865,-0.2943,-0.1914,-0.1190,-0.3013,0.1926,0.0358,1,6.04,0.035,0.706,0.382,,-0.0012,-0.2632,1.8583,-0.2950,0.1879,-0.1044
4.667,828,tripod,-0.0102,0.0060,0.1532,-0.0136,-0.0354,-0.0001,0.0042,-0.0090,-0.0091,0.0355,-0.0009,-0.0011,0.000,0.000,-0.0134,-0.0319,-0.0136,-0.0354,-0.0001,0.1230,0,0.2973,-0.1874,0.0323,1,7.79,0.350,0.864,0.482,,0.0028,-0.0890,1.6608,0.3031,-0.1915,-0.1344,0.2977,0.1915,0.0224,1,0.00,0.019,0.055,0.006,,-0.0180,-0.0618,1.6492,0.3031,0.1875,-0.1392,-0.0020,-0.3414,0.0383,1,0.00,0.005,0.080,0.002,,0.0183,-0.1726,1.7536,0.0042,-0.3458,-0.1199,-0.0017,0.3464,0.0254,1,5.11,0.057,0.567,0.332,,-0.0176,-0.1525,1.7619,0.0040,0.3421,-0.1233,-0.3004,-0.1869,0.0266,1,5.50,0.170,0.809,0.111,,0.0156,-0.1780,1.7867,-0.2944,-0.1913,-0.1189,-0.3013,0.1925,0.0361,1,0.76,0.089,0.127,0.023,,-0.0013,-0.2653,1.8593,-0.2951,0.1879,-0.1041
4.690,832,tripod,-0.0102,0.0058,0.1530,-0.0126,-0.0352,-0.0002,-0.0040,-0.0126,0.0016,0.0690,-0.0376,0.0048,0.000,0.000,-0.0125,-0.0318,-0.0126,-0.0352,-0.0002,0.1232,0,0.2973,-0.1874,0.0313,1,0.00,0.007,0.071,0.004,,0.0029,-0.0862,1.6587,0.3031,-0.1915,-0.1349,0.2978,0.1915,0.0213,1,11.09,0.066,1.346,0.571,,-0.0177,-0.0563,1.6442,0.3031,0.1875,-0.1401,-0.0020,-0.3415,0.0374,1,0.00,0.010,0.051,0.002,,0.0181,-0.1709,1.7526,0.0042,-0.3458,-0.1202,-0.0017,0.3464,0.0258,1,0.00,0.007,0.059,0.002,,-0.0174,-0.1540,1.7627,0.0039,0.3422,-0.1230,-0.3004,-0.1869,0.0263,1,9.57,0.016,1.438,0.209,,0.0153,-0.1782,1.7868,-0.2944,-0.1913,-0.1189,-0.3013,0.1925,0.0365,1,0.00,0.006,0.039,0.002,,-0.0014,-0.2672,1.8602,-0.2951,0.1880,-0.1038
4.712,836,tripod,-0.0102,0.0056,0.1529,-0.0119,-0.0358,-0.0001,-0.0043,-0.0082,-0.0027,0.0300,-0.0386,0.0024,0.000,0.000,-0.0116,-0.0318,-0.0119,-0.0358,-0.0001,0.1234,0,0.2973,-0.1874,0.0308,1,0.00,0.000,0.058,0.003,,0.0031,-0.0835,1.6567,0.3030,-0.1914,-0.1354,0.2977,0.1914,0.0208,1,9.29,0.060,1.225,0.376,,-0.0174,-0.0523,1.6405,0.3030,0.1876,-0.1408,-0.0020,-0.3415,0.0367,1,0.00,0.002,0.048,0.003,,0.0179,-0.1683,1.7510,0.0041,-0.3457,-0.1207,-0.0018,0.3464,0.0263,1,0.00,0.001,0.048,0.002,,-0.0172,-0.1558,1.7636,0.0039,0.3423,-0.1228,-0.3004,-0.1869,0.0259,1,8.70,0.027,1.256,0.245,,0.0149,-0.1783,1.7870,-0.2945,-0.1912,-0.1189,-0.3014,0.1925,0.0367,1,0.00,0.000,0.039,0.002,,-0.0015,-0.2691,1.8610,-0.2951,0.1881,-0.1034
4.735,840,tripod,-0.0103,0.0055,0.1528,-0.0114,-0.0361,-0.0001,-0.0020,-0.0089,-0.0038,0.0325,-0.0160,0.0011,0.000,0.000,-0.0110,-0.0321,-0.0114,-0.0361,-0.0001,0.1238,0,0.2974,-0.1874,0.0297,1,0.00,0.001,0.053,0.010,,0.0033,-0.0771,1.6510,0.3030,-0.1913,-0.1365,0.2977,0.1914,0.0204,1,9.30,0.051,1.256,0.345,,-0.0171,-0.0493,1.6376,0.3030,0.1876,-0.1414,-0.0019,-0.3415,0.0353,1,0.00,0.000,0.046,0.009,,0.0180,-0.1611,1.7454,0.0041,-0.3457,-0.1219,-0.0018,0.3464,0.0266,1,0.00,0.001,0.047,0.002,,-0.0170,-0.1573,1.7643,0.0039,0.3424,-0.1225,-0.3004,-0.1869,0.0255,1,8.95,0.021,1.274,0.268,,0.0146,-0.1780,1.7869,-0.2945,-0.1911,-0.1189,-0.3014,0.1925,0.0368,1,0.00,0.001,0.040,0.002,,-0.0017,-0.2704,1.8616,-0.2952,0.1881,-0.1032
4.757,844,tripod,-0.0103,0.0054,0.1526,-0.0111,-0.0363,-0.0002,-0.0078,0.0039,0.0003,-0.0761,-0.0387,-0.0109,0.000,0.000,-0.0104,-0.0323,-0.0111,-0.0363,-0.0002,0.1243,0,0.2975,-0.1875,0.0278,1,0.00,0.016,0.101,0.018,,0.0036,-0.0674,1.6420,0.3031,-0.1913,-0.1382,0.2978,0.1914,0.0200,1,0.67,0.068,0.116,0.025,,-0.0168,-0.0472,1.6354,0.3030,0.1877,-0.1417,-0.0019,-0.3416,0.0334,1,13.94,0.098,1.831,0.554,,0.0181,-0.1523,1.7385,0.0042,-0.3456,-0.1234,-0.0018,0.3464,0.0268,1,9.56,0.053,1.645,0.003,,-0.0170,-0.1588,1.7650,0.0039,0.3425,-0.1222,-0.3004,-0.1869,0.0251,1,0.00,0.012,0.100,0.001,,0.0143,-0.1775,1.7868,-0.2945,-0.1910,-0.1190,-0.3015,0.1925,0.0369,1,0.00,0.014,0.021,0.003,,-0.0019,-0.2716,1.8621,-0.2952,0.1882,-0.1030
4.781,848,tripod,-0.0105,0.0054,0.1524,-0.0113,-0.0372,-0.0003,-0.0111,-0.0021,-0.0124,-0.0339,-0.0691,-0.0070,0.000,0.000,-0.0102,-0.0327,-0.0113,-0.0372,-0.0003,0.1247,0,0.2975,-0.1875,0.0265,1,0.47,0.042,0.038,0.052,,0.0039,-0.0596,1.6347,0.3032,-0.1912,-0.1396,0.2978,0.1914,0.0198,1,0.00,0.001,0.029,0.001,,-0.0165,-0.0464,1.6343,0.3030,0.1878,-0.1419,-0.0019,-0.3416,0.0321,1,10.91,0.061,1.634,0.187,,0.0182,-0.1457,1.7334,0.0042,-0.3456,-0.1246,-0.0018,0.3465,0.0269,1,9.09,0.031,1.425,0.157,,-0.0169,-0.1607,1.7661,0.0038,0.3425,-0.1219,-0.3005,-0.1868,0.0248,1,0.00,0.004,0.079,0.001,,0.0140,-0.1775,1.7870,-0.2945,-0.1910,-0.1190,-0.3015,0.1925,0.0367,1,0.00,0.001,0.020,0.004,,-0.0021,-0.2731,1.8629,-0.2952,0.1883,-0.1028
4.803,852,tripod,-0.0106,0.0053,0.1520,-0.0109,-0.0376,-0.0004,-0.0038,-0.0029,-0.0163,-0.0030,-0.0196,-0.0025,0.000,0.000,-0.0101,-0.0332,-0.0109,-0.0376,-0.0004,0.1249,0,0.2975,-0.1876,0.0252,1,7.65,0.182,0.820,0.494,,0.0042,-0.0541,1.6295,0.3032,-0.1912,-0.1405,0.2978,0.1914,0.0196,1,0.00,0.011,0.037,0.001,,-0.0164,-0.0464,1.6340,0.3030,0.1878,-0.1419,-0.0019,-0.3416,0.0308,1,0.00,0.011,0.099,0.008,,0.0184,-0.1410,1.7298,0.0042,-0.3455,-0.1254,-0.0018,0.3465,0.0270,1,6.12,0.233,0.918,0.129,,-0.0169,-0.1627,1.7674,0.0039,0.3426,-0.1216,-0.3005,-0.1868,0.0242,1,7.79,0.105,1.013,0.299,,0.0138,-0.1778,1.7874,-0.2945,-0.1909,-0.1189,-0.3015,0.1926,0.0365,1,0.00,0.010,0.031,0.003,,-0.0023,-0.2746,1.8637,-0.2952,0.1883,-0.1025
4.825,856,tripod,-0.0106,0.0052,0.1516,-0.0104,-0.0377,-0.0005,0.0008,-0.0093,-0.0421,0.0251,0.0015,-0.0006,0.000,0.000,-0.0098,-0.0336,-0.0104,-0.0377,-0.0005,0.1250,0,0.2975,-0.1876,0.0241,1,3.11,0.165,0.276,0.266,,0.0045,-0.0507,1.6264,0.3032,-0.1911,-0.1411,0.2978,0.1914,0.0190,1,0.00,0.009,0.022,0.005,,-0.0162,-0.0445,1.6318,0.3031,0.1879,-0.1422,-0.0019,-0.3416,0.0296,1,0.00,0.016,0.040,0.006,,0.0185,-0.1380,1.7276,0.0043,-0.3455,-0.1259,-0.0018,0.3465,0.0271,1,4.50,0.316,0.602,0.161,,-0.0170,-0.1652,1.7690,0.0039,0.3426,-0.1211,-0.3006,-0.1868,0.0238,1,3.89,0.521,0.501,0.144,,0.0137,-0.1786,1.7883,-0.2945,-0.1909,-0.1188,-0.3015,0.1926,0.0362,1,0.00,0.012,0.022,0.003,,-0.0025,-0.2751,1.8640,-0.2952,0.1883,-0.1024
4.847,860,tripod,-0.0106,0.0050,0.1506,-0.0094,-0.0374,-0.0006,-0.0031,-0.0170,-0.0343,0.1053,0.0083,-0.0061,0.000,0.000,-0.0094,-0.0338,-0.0094,-0.0374,-0.0006,0.1248,0,0.2975,-0.1876,0.0229,1,9.73,0.214,1.665,0.052,,0.0047,-0.0509,1.6267,0.3032,-0.1911,-0.1411,0.2978,0.1914,0.0182,1,3.98,0.167,0.291,0.333,,-0.0161,-0.0453,1.6323,0.3031,0.1879,-0.1421,-0.0019,-0.3416,0.0284,1,0.00,0.009,0.065,0.000,,0.0186,-0.1385,1.7284,0.0043,-0.3454,-0.1258,-0.0019,0.3465,0.0272,1,0.00,0.005,0.082,0.008,,-0.0170,-0.1703,1.7727,0.0039,0.3427,-0.1203,-0.3006,-0.1868,0.0233,1,1.64,0.233,0.162,0.071,,0.0135,-0.1820,1.7911,-0.2945,-0.1908,-0.1182,-0.3015,0.1926,0.0352,1,11.26,0.084,1.768,0.079,,-0.0027,-0.2735,1.8628,-0.2952,0.1884,-0.1027
4.870,864,tripod,-0.0106,0.0047,0.1499,-0.0077,-0.0372,-0.0007,0.0005,-0.0154,-0.0333,0.0799,0.0074,-0.0032,0.000,0.000,-0.0084,-0.0337,-0.0077,-0.0372,-0.0007,0.1246,0,0.2975,-0.1876,0.0217,1,9.88,0.025,1.587,0.066,,0.0050,-0.0511,1.6267,0.3033,-0.1910,-0.1411,0.2978,0.1914,0.0179,1,2.68,0.203,0.234,0.169,,-0.0159,-0.0462,1.6327,0.3031,0.1880,-0.1419,-0.0020,-0.3416,0.0271,1,0.00,0.008,0.076,0.000,,0.0187,-0.1386,1.7289,0.0043,-0.3454,-0.1258,-0.0019,0.3465,0.0278,1,0.00,0.007,0.063,0.006,,-0.0169,-0.1747,1.7757,0.0039,0.3428,-0.1195,-0.3007,-0.1867,0.0227,1,2.50,0.316,0.215,0.167,,0.0132,-0.1846,1.7933,-0.2945,-0.1908,-0.1178,-0.3015,0.1926,0.0347,1,10.47,0.151,1.687,0.010,,-0.0030,-0.2724,1.8620,-0.2952,0.1884,-0.1029
4.892,868,tripod,-0.0106,0.0045,0.1492,-0.0066,-0.0370,-0.0008,0.0021,-0.0129,-0.0303,0.0503,0.0174,-0.0003,0.000,0.000,-0.0073,-0.0335,-0.0066,-0.0370,-0.0008,0.1245,0,0.2975,-0.1876,0.0207,1,0.82,0.028,0.174,0.088,,0.0053,-0.0506,1.6265,0.3033,-0.1909,-0.1411,0.2978,0.1914,0.0175,1,9.35,0.171,1.334,0.272,,-0.0156,-0.0468,1.6331,0.3031,0.1881,-0.1418,-0.0019,-0.3416,0.0258,1,0.00,0.009,0.065,0.002,,0.0187,-0.1370,1.7280,0.0043,-0.3453,-0.1261,-0.0019,0.3465,0.0281,1,0.00,0.010,0.054,0.003,,-0.0169,-0.1774,1.7774,0.0039,0.3428,-0.1191,-0.3007,-0.1868,0.0222,1,10.11,0.245,1.293,0.434,,0.0129,-0.1862,1.7948,-0.2945,-0.1907,-0.1175,-0.3015,0.1925,0.0341,1,1.79,0.145,0.325,0.123,,-0.0032,-0.2717,1.8613,-0.2952,0.1885,-0.1030
4.914,872,tripod,-0.0105,0.0042,0.1481,-0.0057,-0.0369,-0.0008,0.0076,-0.0209,-0.0530,0.1276,0.0585,0.0130,0.000,0.000,-0.0063,-0.0334,-0.0057,-0.0369,-0.0008,0.1242,0,0.2976,-0.1876,0.0198,1,0.00,0.001,0.015,0.007,,0.0057,-0.0526,1.6287,0.3033,-0.1908,-0.1408,0.2978,0.1914,0.0171,1,5.37,0.809,0.751,0.122,,-0.0152,-0.0502,1.6360,0.3031,0.1882,-0.1412,-0.0019,-0.3417,0.0244,1,0.00,0.035,0.003,0.003,,0.0187,-0.1364,1.7282,0.0043,-0.3452,-0.1262,-0.0019,0.3465,0.0272,1,7.88,0.053,1.021,0.258,,-0.0170,-0.1766,1.7763,0.0039,0.3429,-0.1192,-0.3007,-0.1868,0.0216,1,10.28,0.807,1.253,0.501,,0.0126,-0.1899,1.7980,-0.2945,-0.1906,-0.1169,-0.3015,0.1925,0.0336,1,0.00,0.027,0.143,0.002,,-0.0035,-0.2742,1.8628,-0.2952,0.1886,-0.1026
4.936,876,tripod,-0.0105,0.0039,0.1472,-0.0039,-0.0366,-0.0008,0.0002,-0.0178,-0.0725,0.0700,-0.0159,0.0010,0.000,0.000,-0.0052,-0.0332,-0.0039,-0.0366,-0.0008,0.1238,0,0.2975,-0.1876,0.0188,1,0.00,0.009,0.063,0.002,,0.0060,-0.0553,1.6318,0.3033,-0.1907,-0.1403,0.2978,0.1914,0.0171,1,0.00,0.000,0.039,0.005,,-0.0147,-0.0545,1.6397,0.3031,0.1883,-0.1405,-0.0019,-0.3417,0.0228,1,7.42,0.209,1.152,0.079,,0.0187,-0.1370,1.7294,0.0043,-0.3451,-0.1261,-0.0019,0.3464,0.0270,1,6.62,0.171,1.073,0.049,,-0.0170,-0.1775,1.7763,0.0039,0.3430,-0.1190,-0.3007,-0.1868,0.0212,1,0.00,0.008,0.042,0.007,,0.0121,-0.1942,1.8015,-0.2945,-0.1905,-0.1161,-0.3015,0.1924,0.0336,1,0.00,0.000,0.018,0.004,,-0.0038,-0.2760,1.8637,-0.2952,0.1887,-0.1023
4.958,880,tripod,-0.0104,0.0036,0.1455,-0.0028,-0.0363,-0.0008,0.0247,-0.0071,-0.0753,0.0177,0.1875,0.0129,0.000,0.000,-0.0039,-0.0331,-0.0028,-0.0363,-0.0008,0.1229,0,0.2975,-0.1876,0.0181,1,0.00,0.079,0.032,0.010,,0.0064,-0.0618,1.6385,0.3032,-0.1906,-0.1392,0.2977,0.1914,0.0172,1,0.00,0.013,0.041,0.016,,-0.0141,-0.0625,1.6469,0.3031,0.1885,-0.1391,-0.0019,-0.3417,0.0216,1,16.18,2.014,2.487,0.099,,0.0185,-0.1418,1.7341,0.0043,-0.3450,-0.1252,-0.0019,0.3464,0.0268,1,5.05,0.748,0.771,0.055,,-0.0168,-0.1835,1.7803,0.0038,0.3431,-0.1180,-0.3008,-0.1868,0.0206,1,0.00,0.034,0.230,0.010,,0.0116,-0.2022,1.8076,-0.2946,-0.1904,-0.1148,-0.3014,0.1924,0.0320,1,12.09,1.067,2.016,0.226,,-0.0042,-0.2751,1.8627,-0.2952,0.1888,-0.1024
4.980,884,tripod,-0.0101,0.0034,0.1443,-0.0022,-0.0349,-0.0009,0.0032,-0.0139,-0.0499,0.0615,0.0280,-0.0001,0.000,0.000,-0.0029,-0.0324,-0.0022,-0.0349,-0.0009,0.1223,0,0.2975,-0.1876,0.0171,1,10.96,0.132,2.086,0.280,,0.0068,-0.0666,1.6432,0.3032,-0.1905,-0.1384,0.2977,0.1914,0.0163,1,2.43,0.377,0.308,0.009,,-0.0135,-0.0667,1.6506,0.3030,0.1886,-0.1383,-0.0019,-0.3417,0.0207,1,0.00,0.006,0.054,0.005,,0.0183,-0.1450,1.7376,0.0042,-0.3449,-0.1247,-0.0019,0.3464,0.0266,1,0.00,0.010,0.093,0.005,,-0.0167,-0.1887,1.7836,0.0038,0.3432,-0.1171,-0.3008,-0.1868,0.0208,1,0.00,0.009,0.052,0.007,,0.0110,-0.2080,1.8120,-0.2947,-0.1903,-0.1138,-0.3014,0.1923,0.0312,1,12.66,0.482,2.339,0.385,,-0.0045,-0.2742,1.8616,-0.2952,0.1889,-0.1026
5.002,888,tripod,-0.0101,0.0032,0.1432,-0.0010,-0.0349,-0.0010,0.0015,-0.0151,-0.0605,0.0675,-0.0096,-0.0012,0.000,0.000,-0.0021,-0.0318,-0.0010,-0.0349,-0.0010,0.1217,0,0.2975,-0.1876,0.0165,1,12.23,0.008,2.375,0.344,,0.0071,-0.0707,1.6475,0.3032,-0.1904,-0.1376,0.2977,0.1914,0.0160,1,0.00,0.001,0.070,0.005,,-0.0130,-0.0709,1.6542,0.3030,0.1887,-0.1376,-0.0020,-0.3417,0.0197,1,0.00,0.005,0.064,0.006,,0.0181,-0.1480,1.7409,0.0042,-0.3447,-0.1242,-0.0019,0.3464,0.0268,1,0.00,0.007,0.079,0.005,,-0.0165,-0.1940,1.7870,0.0038,0.3434,-0.1162,-0.3009,-0.1868,0.0198,1,0.00,0.000,0.072,0.002,,0.0105,-0.2093,1.8131,-0.2947,-0.1902,-0.1136,-0.3014,0.1923,0.0303,1,13.47,0.022,2.234,0.089,,-0.0048,-0.2748,1.8613,-0.2952,0.1890,-0.1025
5.024,892,tripod,-0.0100,0.0031,0.1424,-0.0013,-0.0346,-0.0010,0.0062,-0.0021,-0.0324,-0.0351,0.0342,-0.0034,0.000,0.000,-0.0014,-0.0315,-0.0013,-0.0346,-0.0010,0.1214,0,0.2975,-0.1877,0.0161,1,0.00,0.009,0.040,0.006,,0.0075,-0.0739,1.6513,0.3031,-0.1903,-0.1371,0.2977,0.1915,0.0158,1,7.82,0.079,1.421,0.099,,-0.0124,-0.0745,1.6574,0.3030,0.1889,-0.1370,-0.0020,-0.3417,0.0193,1,0.00,0.010,0.059,0.004,,0.0178,-0.1500,1.7433,0.0041,-0.3446,-0.1238,-0.0019,0.3464,0.0265,1,0.00,0.010,0.040,0.002,,-0.0163,-0.1969,1.7886,0.0037,0.3435,-0.1157,-0.3009,-0.1868,0.0189,1,9.70,0.074,1.276,0.372,,0.0101,-0.2088,1.8128,-0.2948,-0.1901,-0.1136,-0.3014,0.1923,0.0298,1,0.00,0.010,0.057,0.001,,-0.0051,-0.2760,1.8618,-0.2953,0.1891,-0.1023
5.046,896,tripod,-0.0099,0.0030,0.1420,-0.0016,-0.0343,-0.0010,0.0043,-0.0026,-0.0164,-0.0214,0.0240,-0.0026,0.000,0.000,-0.0013,-0.0312,-0.0016,-0.0343,-0.0010,0.1215,0,0.2974,-0.1876,0.0159,1,0.00,0.009,0.036,0.003,,0.0078,-0.0753,1.6534,0.3030,-0.1901,-0.1368,0.2977,0.1915,0.0155,1,7.59,0.083,1.376,0.088,,-0.0119,-0.0764,1.6589,0.3029,0.1890,-0.1366,-0.0020,-0.3417,0.0184,1,0.00,0.010,0.050,0.004,,0.0177,-0.1464,1.7409,0.0041,-0.3445,-0.1244,-0.0019,0.3464,0.0257,1,0.00,0.010,0.035,0.002,,-0.0162,-0.1953,1.7868,0.0037,0.3435,-0.1160,-0.3009,-0.1868,0.0184,1,9.35,0.076,1.248,0.345,,0.0097,-0.2075,1.8119,-0.2948,-0.1900,-0.1139,-0.3013,0.1923,0.0292,1,0.00,0.010,0.054,0.001,,-0.0054,-0.2752,1.8610,-0.2953,0.1891,-0.1024
5.068,900,tripod,-0.0099,0.0029,0.1416,-0.0016,-0.0341,-0.0011,-0.0026,0.0035,-0.0328,-0.0832,-0.0160,-0.0046,0.000,0.000,-0.0013,-0.0309,-0.0016,-0.0341,-0.0011,0.1218,0,0.2973,-0.1876,0.0156,1,0.00,0.019,0.114,0.003,,0.0080,-0.0767,1.6555,0.3030,-0.1900,-0.1366,0.2977,0.1915,0.0154,1,3.03,0.249,0.711,0.234,,-0.0115,-0.0782,1.6605,0.3029,0.1891,-0.1363,-0.0019,-0.3417,0.0169,1,12.28,0.652,1.524,0.581,,0.0177,-0.1400,1.7361,0.0041,-0.3445,-0.1255,-0.0018,0.3464,0.0252,1,4.90,0.412,1.116,0.298,,-0.0161,-0.1946,1.7857,0.0037,0.3436,-0.1161,-0.3009,-0.1868,0.0180,1,0.00,0.040,0.084,0.003,,0.0093,-0.2071,1.8117,-0.2948,-0.1899,-0.1139,-0.3012,0.1923,0.0281,1,0.00,0.015,0.011,0.008,,-0.0056,-0.2692,1.8568,-0.2952,0.1892,-0.1034
5.091,904,tripod,-0.0098,0.0030,0.1414,-0.0023,-0.0333,-0.0011,0.0107,0.0031,0.0050,-0.0471,0.0906,0.0028,0.000,0.000,-0.0015,-0.0307,-0.0023,-0.0333,-0.0011,0.1220,0,0.2973,-0.1876,0.0156,1,0.00,0.010,0.040,0.003,,0.0081,-0.0770,1.6564,0.3029,-0.1900,-0.1365,0.2976,0.1915,0.0153,1,5.68,0.523,1.149,0.210,,-0.0112,-0.0808,1.6628,0.3028,0.1891,-0.1359,-0.0019,-0.3417,0.0162,1,8.73,0.310,1.261,0.194,,0.0177,-0.1360,1.7330,0.0041,-0.3444,-0.1262,-0.0019,0.3464,0.0248,1,0.00,0.012,0.036,0.002,,-0.0160,-0.1951,1.7858,0.0037,0.3437,-0.1160,-0.3009,-0.1868,0.0183,1,0.00,0.006,0.104,0.002,,0.0090,-0.2081,1.8124,-0.2949,-0.1899,-0.1138,-0.3012,0.1923,0.0267,1,7.76,0.249,1.693,0.586,,-0.0058,-0.2625,1.8517,-0.2953,0.1893,-0.1046
5.113,908,tripod,-0.0096,0.0030,0.1406,-0.0028,-0.0327,-0.0011,0.0072,0.0026,-0.0708,-0.0396,0.0256,0.0035,0.000,0.000,-0.0019,-0.0301,-0.0028,-0.0327,-0.0011,0.1217,0,0.2973,-0.1876,0.0150,1,1.73,0.150,0.380,0.145,,0.0081,-0.0792,1.6589,0.3028,-0.1899,-0.1361,0.2976,0.1915,0.0152,1,3.44,0.511,0.711,0.179,,-0.0108,-0.0863,1.6680,0.3028,0.1892,-0.1349,-0.0019,-0.3417,0.0158,1,5.26,0.154,0.687,0.187,,0.0174,-0.1369,1.7341,0.0040,-0.3444,-0.1261,-0.0018,0.3464,0.0245,1,0.00,0.010,0.035,0.006,,-0.0157,-0.1993,1.7888,0.0036,0.3437,-0.1153,-0.3009,-0.1868,0.0177,1,0.00,0.005,0.059,0.003,,0.0089,-0.2065,1.8112,-0.2949,-0.1898,-0.1140,-0.3011,0.1923,0.0258,1,6.17,0.205,1.411,0.550,,-0.0058,-0.2613,1.8508,-0.2953,0.1893,-0.1048
5.136,912,tripod,-0.0095,0.0032,0.1397,-0.0045,-0.0319,-0.0011,0.0127,0.0144,-0.0237,-0.1096,0.0758,-0.0072,0.000,0.000,-0.0026,-0.0296,-0.0045,-0.0319,-0.0011,0.1210,0,0.2972,-0.1876,0.0150,1,0.00,0.001,0.046,0.007,,0.0080,-0.0843,1.6641,0.3027,-0.1899,-0.1353,0.2976,0.1915,0.0150,1,7.59,0.121,1.395,0.142,,-0.0106,-0.0938,1.6749,0.3027,0.1892,-0.1336,-0.0020,-0.3417,0.0161,1,0.00,0.001,0.044,0.005,,0.0171,-0.1413,1.7378,0.0039,-0.3444,-0.1253,-0.0019,0.3464,0.0241,1,0.00,0.001,0.049,0.007,,-0.0154,-0.2058,1.7937,0.0035,0.3437,-0.1142,-0.3008,-0.1868,0.0166,1,7.98,0.119,1.328,0.010,,0.0088,-0.2030,1.8083,-0.2949,-0.1898,-0.1146,-0.3011,0.1924,0.0252,1,0.00,0.001,0.044,0.003,,-0.0058,-0.2640,1.8524,-0.2953,0.1893,-0.1043
5.158,916,tripod,-0.0093,0.0034,0.1392,-0.0059,-0.0310,-0.0012,0.0113,0.0101,-0.0606,-0.0691,0.0361,-0.0044,0.000,0.000,-0.0037,-0.0289,-0.0059,-0.0310,-0.0012,0.1207,0,0.2972,-0.1876,0.0153,1,0.00,0.005,0.038,0.006,,0.0078,-0.0889,1.6687,0.3027,-0.1899,-0.1345,0.2976,0.1915,0.0149,1,5.04,0.135,0.928,0.104,,-0.0104,-0.0998,1.6805,0.3027,0.1892,-0.1326,-0.0020,-0.3417,0.0162,1,0.00,0.001,0.031,0.002,,0.0169,-0.1415,1.7380,0.0039,-0.3444,-0.1253,-0.0018,0.3465,0.0238,1,0.00,0.005,0.025,0.005,,-0.0151,-0.2091,1.7963,0.0035,0.3437,-0.1137,-0.3008,-0.1868,0.0163,1,4.85,0.162,0.945,0.178,,0.0088,-0.2014,1.8065,-0.2950,-0.1899,-0.1149,-0.3010,0.1924,0.0247,1,0.00,0.011,0.018,0.000,,-0.0056,-0.2636,1.8521,-0.2953,0.1892,-0.1044
5.180,920,tripod,-0.0091,0.0036,0.1382,-0.0066,-0.0304,-0.0012,0.0059,0.0132,0.0017,-0.0832,0.0267,-0.0030,0.000,0.000,-0.0048,-0.0282,-0.0066,-0.0304,-0.0012,0.1203,0,0.2971,-0.1876,0.0154,1,0.00,0.015,0.109,0.009,,0.0074,-0.0964,1.6758,0.3026,-0.1900,-0.1331,0.2976,0.1915,0.0150,1,0.00,0.018,0.100,0.010,,-0.0103,-0.1078,1.6884,0.3026,0.1892,-0.1312,-0.0019,-0.3417,0.0149,1,15.24,0.079,2.114,0.520,,0.0167,-0.1387,1.7353,0.0038,-0.3444,-0.1258,-0.0018,0.3465,0.0226,1,13.90,0.015,2.262,0.057,,-0.0149,-0.2095,1.7969,0.0034,0.3437,-0.1136,-0.3008,-0.1868,0.0161,1,0.00,0.010,0.065,0.005,,0.0088,-0.2046,1.8084,-0.2951,-0.1899,-0.1144,-0.3009,0.1924,0.0232,1,0.00,0.005,0.050,0.003,,-0.0054,-0.2604,1.8499,-0.2954,0.1892,-0.1049
5.201,924,tripod,-0.0090,0.0038,0.1383,-0.0079,-0.0304,-0.0012,0.0026,0.0135,-0.0033,-0.0598,-0.0038,-0.0023,0.000,0.000,-0.0057,-0.0277,-0.0079,-0.0304,-0.0012,0.1202,0,0.2970,-0.1876,0.0167,1,0.00,0.006,0.043,0.009,,0.0070,-0.1019,1.6810,0.3025,-0.1900,-0.1322,0.2975,0.1915,0.0157,1,0.00,0.011,0.078,0.008,,-0.0103,-0.1129,1.6938,0.3024,0.1891,-0.1303,-0.0019,-0.3417,0.0149,1,9.01,0.187,1.485,0.054,,0.0165,-0.1356,1.7324,0.0038,-0.3445,-0.1263,-0.0018,0.3465,0.0221,1,10.82,0.172,1.490,0.352,,-0.0146,-0.2091,1.7969,0.0033,0.3436,-0.1136,-0.3008,-0.1867,0.0166,1,0.00,0.013,0.036,0.002,,0.0088,-0.2055,1.8087,-0.2951,-0.1900,-0.1142,-0.3008,0.1924,0.0225,1,0.00,0.010,0.067,0.002,,-0.0051,-0.2572,1.8477,-0.2954,0.1891,-0.1054
5.222,928,tripod,-0.0090,0.0040,0.1383,-0.0089,-0.0305,-0.0012,0.0009,0.0118,0.0131,-0.0400,-0.0061,-0.0013,0.000,0.000,-0.0068,-0.0275,-0.0089,-0.0305,-0.0012,0.1205,0,0.2970,-0.1876,0.0172,1,0.00,0.006,0.036,0.000,,0.0065,-0.1025,1.6818,0.3024,-0.1901,-0.1321,0.2974,0.1915,0.0155,1,0.00,0.010,0.060,0.002,,-0.0105,-0.1119,1.6937,0.3023,0.1890,-0.1305,-0.0019,-0.3416,0.0148,1,8.26,0.151,1.373,0.037,,0.0163,-0.1331,1.7297,0.0037,-0.3445,-0.1267,-0.0018,0.3465,0.0216,1,9.73,0.148,1.351,0.311,,-0.0144,-0.2077,1.7964,0.0033,0.3435,-0.1139,-0.3008,-0.1867,0.0161,1,0.00,0.011,0.030,0.006,,0.0091,-0.2005,1.8046,-0.2951,-0.1900,-0.1151,-0.3008,0.1925,0.0218,1,0.00,0.008,0.057,0.003,,-0.0048,-0.2540,1.8455,-0.2954,0.1891,-0.1060
5.245,932,tripod,-0.0090,0.0043,0.1382,-0.0101,-0.0304,-0.0012,0.0032,0.0162,0.0173,-0.0697,0.0121,-0.0030,0.000,0.000,-0.0077,-0.0274,-0.0101,-0.0304,-0.0012,0.1209,0,0.2970,-0.1876,0.0170,1,0.00,0.005,0.047,0.001,,0.0061,-0.1011,1.6805,0.3023,-0.1902,-0.1323,0.2974,0.1915,0.0150,1,8.55,0.029,1.612,0.200,,-0.0107,-0.1112,1.6937,0.3023,0.1889,-0.1306,-0.0019,-0.3416,0.0151,1,0.00,0.003,0.041,0.001,,0.0161,-0.1337,1.7297,0.0037,-0.3446,-0.1266,-0.0018,0.3466,0.0211,1,0.00,0.002,0.051,0.003,,-0.0142,-0.2084,1.7974,0.0032,0.3435,-0.1138,-0.3008,-0.1867,0.0152,1,8.27,0.007,1.575,0.234,,0.0094,-0.1948,1.7996,-0.2952,-0.1901,-0.1160,-0.3007,0.1925,0.0206,1,0.00,0.006,0.036,0.005,,-0.0045,-0.2489,1.8421,-0.2954,0.1890,-0.1068
5.267,936,tripod,-0.0090,0.0045,0.1386,-0.0111,-0.0303,-0.0012,0.0005,0.0159,0.0271,-0.0658,-0.0013,-0.0023,0.000,0.000,-0.0088,-0.0273,-0.0111,-0.0303,-0.0012,0.1212,0,0.2969,-0.1876,0.0173,1,0.00,0.001,0.032,0.002,,0.0056,-0.0997,1.6792,0.3023,-0.1903,-0.1326,0.2975,0.1915,0.0149,1,6.42,0.024,1.259,0.197,,-0.0110,-0.1099,1.6928,0.3023,0.1888,-0.1308,-0.0020,-0.3416,0.0159,1,0.00,0.003,0.036,0.000,,0.0159,-0.1340,1.7294,0.0037,-0.3447,-0.1266,-0.0018,0.3466,0.0211,1,0.00,0.004,0.034,0.000,,-0.0140,-0.2079,1.7977,0.0032,0.3434,-0.1138,-0.3008,-0.1867,0.0150,1,6.99,0.013,1.185,0.028,,0.0097,-0.1901,1.7952,-0.2952,-0.1903,-0.1168,-0.3007,0.1926,0.0199,1,0.00,0.002,0.033,0.005,,-0.0041,-0.2436,1.8385,-0.2954,0.1889,-0.1077
5.291,940,tripod,-0.0089,0.0048,0.1384,-0.0123,-0.0305,-0.0012,0.0005,0.0167,-0.0245,-0.0771,-0.0249,-0.0010,0.000,0.000,-0.0097,-0.0273,-0.0123,-0.0305,-0.0012,0.1211,0,0.2969,-0.1876,0.0178,1,0.54,0.066,0.086,0.039,,0.0052,-0.1022,1.6814,0.3022,-0.1904,-0.1321,0.2975,0.1916,0.0150,1,5.48,0.136,0.999,0.108,,-0.0113,-0.1120,1.6952,0.3022,0.1887,-0.1304,-0.0020,-0.3416,0.0168,1,0.00,0.002,0.038,0.006,,0.0157,-0.1382,1.7322,0.0036,-0.3448,-0.1258,-0.0017,0.3466,0.0202,1,0.83,0.123,0.112,0.001,,-0.0139,-0.2048,1.7959,0.0032,0.3433,-0.1144,-0.3008,-0.1866,0.0150,1,6.42,0.052,1.040,0.017,,0.0100,-0.1902,1.7947,-0.2953,-0.1904,-0.1168,-0.3007,0.1926,0.0193,1,0.00,0.001,0.038,0.002,,-0.0037,-0.2428,1.8381,-0.2955,0.1888,-0.1079
5.313,944,tripod,-0.0090,0.0048,0.1382,-0.0120,-0.0310,-0.0011,-0.0025,0.0040,-0.0311,0.0116,-0.0359,0.0024,0.000,0.000,-0.0105,-0.0275,-0.0120,-0.0310,-0.0011,0.1208,0,0.2969,-0.1876,0.0184,1,3.45,0.018,0.598,0.038,,0.0047,-0.1064,1.6848,0.3022,-0.1905,-0.1314,0.2974,0.1916,0.0155,1,0.00,0.004,0.032,0.006,,-0.0115,-0.1154,1.6990,0.3022,0.1886,-0.1298,-0.0020,-0.3416,0.0174,1,0.00,0.001,0.027,0.006,,0.0156,-0.1429,1.7354,0.0036,-0.3449,-0.1250,-0.0017,0.3466,0.0195,1,4.13,0.055,0.723,0.062,,-0.0138,-0.2022,1.7944,0.0032,0.3432,-0.1148,-0.3008,-0.1866,0.0149,1,3.94,0.007,0.582,0.060,,0.0103,-0.1923,1.7961,-0.2953,-0.1904,-0.1165,-0.3007,0.1926,0.0189,1,0.00,0.006,0.037,0.001,,-0.0034,-0.2418,1.8376,-0.2955,0.1887,-0.1081
5.336,948,tripod,-0.0090,0.0049,0.1376,-0.0119,-0.0314,-0.0011,0.0033,-0.0005,-0.0056,0.0480,0.0414,0.0021,0.000,0.000,-0.0107,-0.0278,-0.0119,-0.0314,-0.0011,0.1201,0,0.2969,-0.1875,0.0191,1,9.75,0.103,1.968,0.362,,0.0043,-0.1133,1.6905,0.3022,-0.1906,-0.1302,0.2973,0.1916,0.0160,1,0.00,0.018,0.045,0.009,,-0.0118,-0.1216,1.7049,0.3021,0.1885,-0.1288,-0.0021,-0.3416,0.0179,1,0.00,0.020,0.050,0.008,,0.0154,-0.1498,1.7405,0.0035,-0.3450,-0.1238,-0.0018,0.3466,0.0190,1,0.00,0.021,0.075,0.003,,-0.0137,-0.2034,1.7959,0.0031,0.3431,-0.1146,-0.3008,-0.1866,0.0150,1,0.00,0.021,0.084,0.005,,0.0105,-0.1975,1.7998,-0.2953,-0.1905,-0.1156,-0.3006,0.1926,0.0175,1,12.69,0.106,1.803,0.347,,-0.0030,-0.2377,1.8349,-0.2955,0.1887,-0.1087
5.358,952,tripod,-0.0090,0.0049,0.1377,-0.0115,-0.0313,-0.0011,-0.0013,0.0012,0.0184,0.0262,0.0058,0.0016,0.000,0.000,-0.0107,-0.0280,-0.0115,-0.0313,-0.0011,0.1198,0,0.2969,-0.1876,0.0199,1,7.73,0.052,1.539,0.269,,0.0040,-0.1179,1.6940,0.3022,-0.1907,-0.1294,0.2972,0.1916,0.0166,1,0.00,0.011,0.033,0.003,,-0.0120,-0.1235,1.7071,0.3021,0.1885,-0.1284,-0.0021,-0.3415,0.0187,1,0.00,0.011,0.038,0.005,,0.0153,-0.1543,1.7438,0.0035,-0.3451,-0.1231,-0.0018,0.3466,0.0193,1,0.00,0.012,0.058,0.001,,-0.0137,-0.2030,1.7961,0.0031,0.3430,-0.1147,-0.3008,-0.1866,0.0156,1,0.00,0.012,0.062,0.003,,0.0107,-0.2004,1.8020,-0.2953,-0.1905,-0.1151,-0.3006,0.1926,0.0169,1,9.51,0.064,1.480,0.104,,-0.0028,-0.2332,1.8317,-0.2955,0.1886,-0.1095
5.380,956,tripod,-0.0091,0.0050,0.1380,-0.0113,-0.0318,-0.0011,-0.0056,0.0018,0.0191,0.0129,-0.0232,0.0016,0.000,0.000,-0.0105,-0.0282,-0.0113,-0.0318,-0.0011,0.1200,0,0.2968,-0.1875,0.0209,1,7.10,0.032,1.453,0.299,,0.0038,-0.1211,1.6964,0.3023,-0.1908,-0.1289,0.2972,0.1916,0.0166,1,0.00,0.008,0.025,0.004,,-0.0123,-0.1197,1.7040,0.3021,0.1884,-0.1291,-0.0022,-0.3415,0.0195,1,0.00,0.008,0.032,0.004,,0.0153,-0.1574,1.7460,0.0035,-0.3451,-0.1226,-0.0018,0.3466,0.0189,1,0.00,0.008,0.048,0.006,,-0.0138,-0.1982,1.7927,0.0031,0.3430,-0.1155,-0.3008,-0.1866,0.0158,1,0.00,0.009,0.054,0.001,,0.0109,-0.2002,1.8018,-0.2952,-0.1906,-0.1151,-0.3007,0.1926,0.0164,1,8.49,0.056,1.442,0.062,,-0.0027,-0.2291,1.8288,-0.2955,0.1886,-0.1102
5.401,960,tripod,-0.0092,0.0050,0.1383,-0.0113,-0.0326,-0.0010,-0.0068,0.0021,0.0164,0.0002,-0.0403,0.0011,0.000,0.000,-0.0103,-0.0286,-0.0113,-0.0326,-0.0010,0.1203,0,0.2968,-0.1875,0.0220,1,6.71,0.137,1.338,0.250,,0.0036,-0.1243,1.6989,0.3023,-0.1908,-0.1283,0.2972,0.1916,0.0163,1,0.00,0.008,0.023,0.004,,-0.0125,-0.1158,1.7007,0.3021,0.1883,-0.1298,-0.0022,-0.3415,0.0202,1,0.00,0.011,0.037,0.003,,0.0153,-0.1603,1.7482,0.0035,-0.3452,-0.1220,-0.0017,0.3466,0.0178,1,0.00,0.011,0.037,0.009,,-0.0140,-0.1900,1.7866,0.0032,0.3430,-0.1169,-0.3008,-0.1866,0.0153,1,0.48,0.033,0.070,0.043,,0.0112,-0.1974,1.7998,-0.2952,-0.1906,-0.1156,-0.3007,0.1926,0.0160,1,7.73,0.126,1.222,0.060,,-0.0026,-0.2265,1.8270,-0.2955,0.1885,-0.1106
5.424,964,tripod,-0.0094,0.0050,0.1389,-0.0109,-0.0333,-0.0010,-0.0103,-0.0042,0.0468,0.0506,-0.0358,0.0053,0.000,0.000,-0.0102,-0.0292,-0.0109,-0.0333,-0.0010,0.1207,0,0.2967,-0.1875,0.0231,1,4.11,0.253,1.037,0.421,,0.0036,-0.1268,1.7009,0.3023,-0.1908,-0.1279,0.2972,0.1916,0.0166,1,0.00,0.005,0.046,0.004,,-0.0127,-0.1127,1.6979,0.3021,0.1883,-0.1303,-0.0023,-0.3415,0.0211,1,0.00,0.004,0.018,0.003,,0.0154,-0.1623,1.7497,0.0035,-0.3452,-0.1217,-0.0017,0.3467,0.0171,1,6.32,0.314,1.068,0.029,,-0.0143,-0.1817,1.7801,0.0033,0.3430,-0.1183,-0.3008,-0.1866,0.0152,1,4.30,0.062,0.741,0.032,,0.0113,-0.1948,1.7977,-0.2952,-0.1907,-0.1161,-0.3007,0.1926,0.0160,1,0.00,0.010,0.052,0.002,,-0.0026,-0.2240,1.8255,-0.2954,0.1885,-0.1111
5.446,968,tripod,-0.0096,0.0050,0.1396,-0.0108,-0.0339,-0.0010,-0.0106,0.0016,0.0422,0.0112,-0.0356,0.0067,0.000,0.000,-0.0099,-0.0298,-0.0108,-0.0339,-0.0010,0.1210,0,0.2966,-0.1875,0.0243,1,4.22,0.288,1.035,0.399,,0.0036,-0.1285,1.7024,0.3023,-0.1908,-0.1276,0.2971,0.1916,0.0171,1,0.00,0.006,0.047,0.004,,-0.0129,-0.1102,1.6956,0.3022,0.1883,-0.1307,-0.0023,-0.3415,0.0220,1,0.00,0.008,0.013,0.003,,0.0155,-0.1635,1.7505,0.0036,-0.3452,-0.1215,-0.0017,0.3466,0.0167,1,6.03,0.390,1.120,0.154,,-0.0145,-0.1750,1.7748,0.0033,0.3430,-0.1195,-0.3008,-0.1866,0.0152,1,4.17,0.068,0.716,0.025,,0.0115,-0.1921,1.7959,-0.2951,-0.1907,-0.1165,-0.3007,0.1926,0.0161,1,0.00,0.013,0.053,0.004,,-0.0026,-0.2205,1.8234,-0.2954,0.1885,-0.1116
5.469,972,tripod,-0.0097,0.0051,0.1403,-0.0112,-0.0346,-0.0009,-0.0097,0.0035,0.0368,-0.0167,-0.0364,0.0026,0.000,0.000,-0.0099,-0.0304,-0.0112,-0.0346,-0.0009,0.1214,0,0.2966,-0.1874,0.0255,1,3.97,0.275,0.962,0.369,,0.0037,-0.1304,1.7038,0.3023,-0.1908,-0.1273,0.2971,0.1916,0.0176,1,0.00,0.010,0.045,0.002,,-0.0130,-0.1088,1.6942,0.3022,0.1883,-0.1310,-0.0024,-0.3415,0.0229,1,0.00,0.005,0.018,0.002,,0.0157,-0.1646,1.7514,0.0036,-0.3452,-0.1213,-0.0017,0.3466,0.0163,1,5.99,0.237,1.021,0.042,,-0.0148,-0.1700,1.7709,0.0034,0.3429,-0.1203,-0.3008,-0.1866,0.0154,1,4.21,0.024,0.733,0.042,,0.0116,-0.1901,1.7945,-0.2951,-0.1907,-0.1169,-0.3007,0.1925,0.0154,1,0.00,0.009,0.044,0.006,,-0.0027,-0.2141,1.8191,-0.2953,0.1885,-0.1127
5.491,976,tripod,-0.0098,0.0052,0.1410,-0.0115,-0.0348,-0.0009,-0.0053,0.0024,0.0469,-0.0046,-0.0024,0.0006,0.000,0.000,-0.0101,-0.0309,-0.0115,-0.0348,-0.0009,0.1216,0,0.2966,-0.1874,0.0267,1,5.75,0.091,1.198,0.288,,0.0037,-0.1322,1.7046,0.3024,-0.1909,-0.1269,0.2971,0.1916,0.0181,1,0.00,0.004,0.031,0.003,,-0.0132,-0.1070,1.6923,0.3023,0.1882,-0.1313,-0.0024,-0.3414,0.0239,1,0.05,0.005,0.020,0.001,,0.0159,-0.1656,1.7522,0.0036,-0.3452,-0.1211,-0.0018,0.3467,0.0162,1,0.00,0.003,0.030,0.004,,-0.0151,-0.1662,1.7680,0.0034,0.3429,-0.1210,-0.3009,-0.1866,0.0157,1,0.00,0.004,0.028,0.001,,0.0118,-0.1884,1.7935,-0.2950,-0.1907,-0.1171,-0.3008,0.1926,0.0150,1,5.88,0.060,1.194,0.249,,-0.0027,-0.2088,1.8152,-0.2953,0.1885,-0.1136
5.514,980,tripod,-0.0099,0.0052,0.1417,-0.0119,-0.0349,-0.0009,-0.0034,0.0065,0.0418,-0.0395,0.0002,0.0003,0.000,0.000,-0.0103,-0.0312,-0.0119,-0.0349,-0.0009,0.1219,0,0.2965,-0.1874,0.0278,1,5.47,0.086,1.074,0.194,,0.0038,-0.1340,1.7058,0.3025,-0.1909,-0.1266,0.2971,0.1916,0.0181,1,0.00,0.003,0.027,0.005,,-0.0134,-0.1032,1.6886,0.3023,0.1882,-0.1320,-0.0025,-0.3414,0.0250,1,0.24,0.032,0.012,0.003,,0.0160,-0.1668,1.7531,0.0037,-0.3452,-0.1209,-0.0017,0.3466,0.0163,1,0.00,0.002,0.030,0.003,,-0.0154,-0.1633,1.7659,0.0035,0.3429,-0.1215,-0.3009,-0.1866,0.0164,1,0.00,0.003,0.029,0.000,,0.0119,-0.1872,1.7929,-0.2950,-0.1907,-0.1173,-0.3008,0.1926,0.0149,1,5.73,0.040,1.104,0.174,,-0.0028,-0.2046,1.8121,-0.2953,0.1885,-0.1143
5.537,984,tripod,-0.0100,0.0054,0.1424,-0.0128,-0.0349,-0.0009,-0.0032,0.0096,0.0385,-0.0567,-0.0020,-0.0008,0.000,0.000,-0.0107,-0.0313,-0.0128,-0.0349,-0.0009,0.1221,0,0.2965,-0.1874,0.0290,1,4.76,0.156,0.959,0.205,,0.0038,-0.1359,1.7069,0.3025,-0.1909,-0.1263,0.2971,0.1916,0.0181,1,0.63,0.077,0.051,0.038,,-0.0137,-0.1004,1.6859,0.3024,0.1882,-0.1324,-0.0025,-0.3414,0.0262,1,0.74,0.105,0.101,0.009,,0.0162,-0.1681,1.7540,0.0037,-0.3452,-0.1207,-0.0017,0.3466,0.0159,1,0.00,0.001,0.029,0.007,,-0.0157,-0.1583,1.7620,0.0036,0.3429,-0.1223,-0.3009,-0.1866,0.0171,1,0.00,0.002,0.029,0.000,,0.0121,-0.1865,1.7926,-0.2949,-0.1907,-0.1175,-0.3008,0.1926,0.0149,1,5.49,0.060,1.077,0.194,,-0.0028,-0.2014,1.8098,-0.2953,0.1885,-0.1149
5.560,988,tripod,-0.0100,0.0056,0.1430,-0.0138,-0.0350,-0.0008,-0.0043,0.0104,0.0379,-0.0538,-0.0122,0.0025,0.000,0.000,-0.0114,-0.0314,-0.0138,-0.0350,-0.0008,0.1223,0,0.2965,-0.1874,0.0302,1,2.90,0.238,0.672,0.247,,0.0037,-0.1377,1.7081,0.3026,-0.1909,-0.1260,0.2971,0.1916,0.0183,1,1.15,0.046,0.117,0.059,,-0.0139,-0.0983,1.6839,0.3024,0.1882,-0.1328,-0.0025,-0.3414,0.0274,1,2.43,0.285,0.403,0.026,,0.0164,-0.1695,1.7549,0.0038,-0.3453,-0.1205,-0.0017,0.3466,0.0154,1,1.44,0.199,0.243,0.023,,-0.0159,-0.1534,1.7582,0.0036,0.3428,-0.1232,-0.3008,-0.1865,0.0178,1,0.00,0.004,0.028,0.001,,0.0123,-0.1862,1.7926,-0.2949,-0.1907,-0.1175,-0.3008,0.1926,0.0148,1,4.04,0.217,0.870,0.252,,-0.0028,-0.1989,1.8080,-0.2952,0.1885,-0.1153
5.584,992,tripod,-0.0101,0.0057,0.1437,-0.0145,-0.0353,-0.0006,-0.0045,0.0105,0.0369,-0.0396,-0.0110,0.0074,0.000,0.000,-0.0122,-0.0315,-0.0145,-0.0353,-0.0006,0.1224,0,0.2964,-0.1872,0.0314,1,0.69,0.073,0.132,0.054,,0.0037,-0.1395,1.7097,0.3025,-0.1910,-0.1257,0.2971,0.1917,0.0186,1,0.00,0.006,0.030,0.002,,-0.0142,-0.0968,1.6825,0.3025,0.1881,-0.1331,-0.0025,-0.3413,0.0286,1,4.78,0.127,0.909,0.149,,0.0165,-0.1713,1.7558,0.0038,-0.3454,-0.1202,-0.0017,0.3467,0.0151,1,4.91,0.038,0.845,0.028,,-0.0161,-0.1495,1.7552,0.0037,0.3428,-0.1238,-0.3008,-0.1865,0.0185,1,0.00,0.004,0.029,0.000,,0.0126,-0.1854,1.7921,-0.2948,-0.1908,-0.1176,-0.3008,0.1926,0.0150,1,0.95,0.104,0.185,0.064,,-0.0027,-0.1969,1.8071,-0.2952,0.1884,-0.1156
5.607,996,tripod,-0.0102,0.0059,0.1443,-0.0153,-0.0354,-0.0005,-0.0024,0.0099,0.0371,-0.0398,-0.0037,0.0044,0.000,0.000,-0.0128,-0.0317,-0.0153,-0.0354,-0.0005,0.1225,0,0.2964,-0.1871,0.0326,1,0.00,0.002,0.035,0.002,,0.0035,-0.1416,1.7115,0.3025,-0.1910,-0.1253,0.2971,0.1918,0.0190,1,0.00,0.005,0.033,0.001,,-0.0145,-0.0960,1.6818,0.3025,0.1881,-0.1332,-0.0025,-0.3413,0.0299,1,5.98,0.009,1.047,0.068,,0.0165,-0.1735,1.7571,0.0038,-0.3454,-0.1198,-0.0017,0.3467,0.0150,1,6.14,0.011,1.049,0.018,,-0.0163,-0.1467,1.7531,0.0037,0.3427,-0.1243,-0.3008,-0.1865,0.0187,1,0.00,0.003,0.028,0.002,,0.0129,-0.1827,1.7900,-0.2948,-0.1908,-0.1181,-0.3008,0.1926,0.0152,1,0.00,0.000,0.033,0.000,,-0.0026,-0.1957,1.8068,-0.2951,0.1883,-0.1159
5.631,1000,tripod,-0.0102,0.0061,0.1449,-0.0160,-0.0354,-0.0004,-0.0017,0.0113,0.0387,-0.0485,-0.0008,0.0038,0.000,0.000,-0.0135,-0.0318,-0.0160,-0.0354,-0.0004,0.1226,0,0.2964,-0.1870,0.0337,1,0.00,0.001,0.032,0.002,,0.0034,-0.1435,1.7130,0.3025,-0.1910,-0.1250,0.2970,0.1918,0.0193,1,0.20,0.025,0.001,0.004,,-0.0148,-0.0952,1.6812,0.3025,0.1880,-0.1334,-0.0025,-0.3413,0.0311,1,5.77,0.040,1.005,0.066,,0.0166,-0.1755,1.7581,0.0038,-0.3455,-0.1194,-0.0017,0.3467,0.0149,1,5.35,0.029,0.964,0.071,,-0.0165,-0.1442,1.7513,0.0038,0.3427,-0.1248,-0.3008,-0.1865,0.0191,1,0.00,0.003,0.028,0.002,,0.0132,-0.1806,1.7883,-0.2947,-0.1909,-0.1185,-0.3008,0.1926,0.0155,1,0.44,0.038,0.075,0.035,,-0.0024,-0.1944,1.8065,-0.2950,0.1882,-0.1161
5.654,1004,tripod,-0.0102,0.0063,0.1456,-0.0169,-0.0354,-0.0003,-0.0014,0.0120,0.0412,-0.0512,0.0005,0.0028,0.000,0.000,-0.0143,-0.0318,-0.0169,-0.0354,-0.0003,0.1227,0,0.2963,-0.1870,0.0348,1,0.00,0.000,0.032,0.001,,0.0032,-0.1450,1.7141,0.3025,-0.1911,-0.1247,0.2970,0.1918,0.0197,1,1.31,0.175,0.150,0.050,,-0.0151,-0.0943,1.6805,0.3026,0.1879,-0.1335,-0.0025,-0.3413,0.0324,1,5.21,0.210,0.942,0.116,,0.0167,-0.1772,1.7590,0.0038,-0.3456,-0.1191,-0.0017,0.3468,0.0149,1,3.53,0.082,0.680,0.109,,-0.0166,-0.1417,1.7497,0.0038,0.3426,-0.1252,-0.3007,-0.1865,0.0197,1,0.00,0.004,0.028,0.001,,0.0135,-0.1789,1.7870,-0.2947,-0.1910,-0.1187,-0.3008,0.1925,0.0158,1,1.68,0.118,0.378,0.144,,-0.0022,-0.1931,1.8060,-0.2950,0.1882,-0.1163
5.677,1008,tripod,-0.0103,0.0065,0.1463,-0.0178,-0.0354,-0.0003,-0.0009,0.0117,0.0437,-0.0496,0.0029,0.0012,0.000,0.000,-0.0150,-0.0318,-0.0178,-0.0354,-0.0003,0.1228,0,0.2963,-0.1869,0.0359,1,0.00,0.004,0.032,0.000,,0.0029,-0.1461,1.7149,0.3025,-0.1911,-0.1245,0.2970,0.1918,0.0201,1,2.69,0.225,0.369,0.072,,-0.0155,-0.0932,1.6797,0.3026,0.1878,-0.1337,-0.0025,-0.3412,0.0337,1,4.43,0.197,0.837,0.145,,0.0168,-0.1786,1.7595,0.0039,-0.3457,-0.1189,-0.0017,0.3468,0.0149,1,1.50,0.079,0.351,0.137,,-0.0167,-0.1392,1.7481,0.0038,0.3426,-0.1256,-0.3007,-0.1865,0.0204,1,0.00,0.007,0.029,0.001,,0.0139,-0.1776,1.7859,-0.2947,-0.1910,-0.1190,-0.3007,0.1926,0.0161,1,3.18,0.058,0.556,0.048,,-0.0020,-0.1917,1.8053,-0.2950,0.1881,-0.1165
5.701,1012,tripod,-0.0103,0.0067,0.1471,-0.0186,-0.0353,-0.0002,0.0005,0.0103,0.0391,-0.0402,0.0073,0.0010,0.000,0.000,-0.0158,-0.0318,-0.0186,-0.0353,-0.0002,0.1229,0,0.2963,-0.1868,0.0369,1,0.00,0.002,0.030,0.001,,0.0027,-0.1473,1.7156,0.3025,-0.1912,-0.1243,0.2970,0.1919,0.0204,1,3.52,0.025,0.519,0.073,,-0.0158,-0.0922,1.6789,0.3026,0.1877,-0.1339,-0.0025,-0.3412,0.0349,1,3.88,0.136,0.717,0.107,,0.0169,-0.1801,1.7602,0.0039,-0.3457,-0.1186,-0.0017,0.3468,0.0149,1,0.00,0.003,0.030,0.001,,-0.0168,-0.1369,1.7469,0.0038,0.3425,-0.1260,-0.3007,-0.1865,0.0210,1,0.00,0.004,0.027,0.002,,0.0142,-0.1758,1.7843,-0.2946,-0.1911,-0.1193,-0.3008,0.1926,0.0165,1,3.87,0.128,0.671,0.043,,-0.0018,-0.1904,1.8045,-0.2950,0.1880,-0.1167
5.723,1016,tripod,-0.0102,0.0068,0.1477,-0.0191,-0.0351,-0.0002,0.0012,0.0085,0.0384,-0.0265,0.0107,0.0011,0.000,0.000,-0.0165,-0.0318,-0.0191,-0.0351,-0.0002,0.1229,0,0.2963,-0.1868,0.0379,1,0.00,0.002,0.032,0.001,,0.0024,-0.1488,1.7167,0.3025,-0.1913,-0.1241,0.2971,0.1919,0.0209,1,3.66,0.019,0.546,0.067,,-0.0161,-0.0918,1.6787,0.3026,0.1877,-0.1339,-0.0025,-0.3412,0.0361,1,4.10,0.140,0.745,0.098,,0.0169,-0.1822,1.7613,0.0039,-0.3458,-0.1183,-0.0017,0.3467,0.0151,1,0.00,0.003,0.032,0.000,,-0.0168,-0.1354,1.7463,0.0038,0.3424,-0.1263,-0.3006,-0.1865,0.0212,1,0.00,0.004,0.027,0.004,,0.0146,-0.1723,1.7814,-0.2946,-0.1912,-0.1199,-0.3008,0.1926,0.0170,1,4.05,0.131,0.689,0.030,,-0.0015,-0.1899,1.8043,-0.2950,0.1880,-0.1168
5.746,1020,tripod,-0.0102,0.0070,0.1484,-0.0194,-0.0349,-0.0002,0.0019,0.0068,0.0394,-0.0156,0.0140,0.0010,0.000,0.000,-0.0170,-0.0316,-0.0194,-0.0349,-0.0002,0.1230,0,0.2963,-0.1868,0.0388,1,0.00,0.001,0.032,0.001,,0.0021,-0.1501,1.7175,0.3025,-0.1913,-0.1238,0.2971,0.1919,0.0213,1,3.62,0.018,0.552,0.053,,-0.0165,-0.0912,1.6784,0.3026,0.1876,-0.1340,-0.0025,-0.3412,0.0372,1,4.08,0.154,0.740,0.095,,0.0169,-0.1840,1.7622,0.0039,-0.3459,-0.1180,-0.0017,0.3467,0.0154,1,0.00,0.003,0.031,0.000,,-0.0169,-0.1339,1.7456,0.0038,0.3423,-0.1265,-0.3006,-0.1866,0.0215,1,0.00,0.004,0.028,0.003,,0.0150,-0.1698,1.7792,-0.2946,-0.1913,-0.1203,-0.3008,0.1926,0.0175,1,4.00,0.132,0.677,0.024,,-0.0013,-0.1893,1.8040,-0.2950,0.1879,-0.1169
5.768,1024,tripod,-0.0102,0.0071,0.1490,-0.0196,-0.0346,-0.0001,0.0027,0.0051,0.0387,-0.0063,0.0170,0.0009,0.000,0.000,-0.0174,-0.0314,-0.0196,-0.0346,-0.0001,0.1231,0,0.2963,-0.1868,0.0392,1,0.00,0.001,0.029,0.004,,0.0019,-0.1481,1.7155,0.3025,-0.1914,-0.1242,0.2971,0.1919,0.0218,1,3.59,0.014,0.556,0.044,,-0.0167,-0.0907,1.6782,0.3026,0.1875,-0.1341,-0.0025,-0.3411,0.0382,1,4.06,0.144,0.733,0.089,,0.0169,-0.1857,1.7630,0.0039,-0.3460,-0.1177,-0.0017,0.3467,0.0158,1,0.00,0.002,0.031,0.000,,-0.0169,-0.1326,1.7451,0.0038,0.3422,-0.1267,-0.3006,-0.1866,0.0220,1,0.00,0.003,0.028,0.002,,0.0153,-0.1680,1.7776,-0.2946,-0.1914,-0.1206,-0.3008,0.1926,0.0182,1,3.98,0.124,0.666,0.016,,-0.0010,-0.1888,1.8039,-0.2950,0.1878,-0.1170
5.791,1028,tripod,-0.0101,0.0071,0.1497,-0.0197,-0.0343,-0.0001,0.0034,0.0033,0.0369,0.0022,0.0196,0.0008,0.000,0.000,-0.0176,-0.0312,-0.0197,-0.0343,-0.0001,0.1233,0,0.2964,-0.1868,0.0388,1,0.00,0.001,0.025,0.010,,0.0016,-0.1419,1.7099,0.3025,-0.1915,-0.1252,0.2971,0.1919,0.0222,1,3.59,0.008,0.564,0.035,,-0.0170,-0.0903,1.6781,0.3026,0.1874,-0.1342,-0.0025,-0.3411,0.0392,1,4.09,0.129,0.729,0.078,,0.0168,-0.1873,1.7639,0.0039,-0.3460,-0.1174,-0.0017,0.3467,0.0162,1,0.00,0.002,0.031,0.000,,-0.0169,-0.1316,1.7448,0.0038,0.3421,-0.1269,-0.3005,-0.1866,0.0225,1,0.00,0.003,0.029,0.001,,0.0156,-0.1669,1.7765,-0.2946,-0.1914,-0.1208,-0.3008,0.1926,0.0188,1,3.98,0.116,0.658,0.007,,-0.0008,-0.1887,1.8039,-0.2950,0.1878,-0.1170
5.814,1032,tripod,-0.0101,0.0072,0.1503,-0.0197,-0.0342,-0.0001,-0.0016,0.0049,0.0401,-0.0038,-0.0003,0.0001,0.000,0.000,-0.0177,-0.0310,-0.0197,-0.0342,-0.0001,0.1235,0,0.2964,-0.1868,0.0384,1,5.83,0.051,0.831,0.202,,0.0014,-0.1364,1.7050,0.3026,-0.1916,-0.1262,0.2970,0.1919,0.0228,1,0.00,0.004,0.034,0.000,,-0.0172,-0.0901,1.6782,0.3026,0.1874,-0.1342,-0.0025,-0.3411,0.0401,1,0.00,0.003,0.034,0.001,,0.0168,-0.1888,1.7649,0.0039,-0.3461,-0.1172,-0.0017,0.3467,0.0168,1,0.00,0.003,0.031,0.001,,-0.0168,-0.1310,1.7447,0.0038,0.3420,-0.1270,-0.3005,-0.1866,0.0232,1,0.00,0.004,0.030,0.000,,0.0158,-0.1664,1.7759,-0.2946,-0.1915,-0.1209,-0.3008,0.1926,0.0196,1,6.23,0.019,0.753,0.340,,-0.0005,-0.1888,1.8044,-0.2949,0.1877,-0.1170
5.836,1036,tripod,-0.0101,0.0073,0.1510,-0.0196,-0.0340,-0.0001,0.0012,0.0027,0.0352,0.0056,0.0166,-0.0000,0.000,0.000,-0.0177,-0.0308,-0.0196,-0.0340,-0.0001,0.1237,0,0.2964,-0.1868,0.0382,1,5.70,0.067,0.844,0.155,,0.0012,-0.1322,1.7012,0.3026,-0.1916,-0.1269,0.2970,0.1919,0.0234,1,0.00,0.003,0.033,0.000,,-0.0173,-0.0900,1.6785,0.3026,0.1873,-0.1342,-0.0026,-0.3410,0.0410,1,0.00,0.003,0.034,0.001,,0.0167,-0.1902,1.7659,0.0039,-0.3461,-0.1169,-0.0017,0.3467,0.0169,1,0.00,0.003,0.027,0.004,,-0.0168,-0.1278,1.7424,0.0038,0.3420,-0.1276,-0.3006,-0.1865,0.0238,1,0.00,0.003,0.031,0.000,,0.0159,-0.1663,1.7756,-0.2946,-0.1915,-0.1209,-0.3008,0.1926,0.0203,1,6.25,0.041,0.735,0.352,,-0.0003,-0.1891,1.8050,-0.2949,0.1876,-0.1169
5.859,1040,tripod,-0.0101,0.0073,0.1515,-0.0193,-0.0336,-0.0001,0.0033,-0.0011,0.0297,0.0262,0.0260,0.0005,0.000,0.000,-0.0177,-0.0306,-0.0193,-0.0336,-0.0001,0.1238,0,0.2964,-0.1868,0.0380,1,5.59,0.059,0.789,0.195,,0.0010,-0.1291,1.6985,0.3026,-0.1917,-0.1275,0.2970,0.1919,0.0239,1,0.15,0.018,0.000,0.008,,-0.0174,-0.0901,1.6788,0.3026,0.1873,-0.1342,-0.0026,-0.3410,0.0417,1,0.00,0.002,0.035,0.001,,0.0166,-0.1915,1.7669,0.0038,-0.3461,-0.1167,-0.0017,0.3467,0.0170,1,0.00,0.002,0.027,0.003,,-0.0168,-0.1247,1.7400,0.0038,0.3419,-0.1281,-0.3006,-0.1865,0.0244,1,0.00,0.002,0.031,0.001,,0.0160,-0.1665,1.7756,-0.2946,-0.1915,-0.1209,-0.3007,0.1926,0.0211,1,6.10,0.009,0.728,0.332,,-0.0002,-0.1897,1.8057,-0.2949,0.1876,-0.1168
5.883,1044,tripod,-0.0100,0.0072,0.1519,-0.0186,-0.0330,-0.0001,0.0081,-0.0062,0.0235,0.0472,0.0440,-0.0006,0.000,0.000,-0.0174,-0.0303,-0.0186,-0.0330,-0.0001,0.1238,0,0.2965,-0.1869,0.0377,1,0.00,0.000,0.032,0.003,,0.0009,-0.1267,1.6965,0.3025,-0.1917,-0.1279,0.2970,0.1919,0.0243,1,3.73,0.019,0.593,0.026,,-0.0174,-0.0904,1.6792,0.3025,0.1873,-0.1342,-0.0026,-0.3410,0.0421,1,4.04,0.017,0.604,0.072,,0.0164,-0.1927,1.7678,0.0038,-0.3461,-0.1165,-0.0017,0.3467,0.0173,1,0.00,0.001,0.029,0.002,,-0.0168,-0.1225,1.7384,0.0038,0.3419,-0.1285,-0.3006,-0.1865,0.0250,1,0.00,0.001,0.031,0.001,,0.0161,-0.1670,1.7758,-0.2946,-0.1916,-0.1208,-0.3007,0.1926,0.0220,1,4.06,0.013,0.535,0.147,,-0.0001,-0.1906,1.8064,-0.2949,0.1876,-0.1167
5.905,1048,tripod,-0.0098,0.0071,0.1523,-0.0178,-0.0323,-0.0002,0.0073,-0.0073,0.0226,0.0485,0.0360,-0.0002,0.000,0.000,-0.0169,-0.0298,-0.0178,-0.0323,-0.0002,0.1238,0,0.2965,-0.1869,0.0374,1,0.00,0.000,0.033,0.003,,0.0008,-0.1248,1.6949,0.3025,-0.1917,-0.1282,0.2970,0.1919,0.0247,1,3.77,0.013,0.594,0.033,,-0.0174,-0.0908,1.6797,0.3025,0.1873,-0.1341,-0.0026,-0.3410,0.0423,1,4.12,0.042,0.604,0.089,,0.0163,-0.1936,1.7686,0.0038,-0.3461,-0.1163,-0.0016,0.3466,0.0177,1,0.00,0.001,0.029,0.001,,-0.0167,-0.1212,1.7374,0.0038,0.3419,-0.1287,-0.3006,-0.1866,0.0255,1,0.00,0.001,0.032,0.001,,0.0160,-0.1676,1.7761,-0.2946,-0.1916,-0.1207,-0.3007,0.1926,0.0229,1,4.07,0.026,0.503,0.189,,0.0000,-0.1917,1.8072,-0.2949,0.1875,-0.1165
5.928,1052,tripod,-0.0097,0.0069,0.1527,-0.0169,-0.0317,-0.0002,0.0070,-0.0088,0.0212,0.0518,0.0310,-0.0003,0.000,0.000,-0.0162,-0.0292,-0.0169,-0.0317,-0.0002,0.1238,0,0.2966,-0.1870,0.0372,1,0.00,0.001,0.033,0.002,,0.0008,-0.1231,1.6937,0.3025,-0.1917,-0.1285,0.2970,0.1919,0.0251,1,3.76,0.021,0.594,0.032,,-0.0172,-0.0911,1.6802,0.3025,0.1873,-0.1340,-0.0026,-0.3410,0.0425,1,4.14,0.066,0.595,0.106,,0.0161,-0.1943,1.7693,0.0037,-0.3460,-0.1162,-0.0016,0.3466,0.0183,1,0.00,0.001,0.030,0.000,,-0.0165,-0.1207,1.7368,0.0038,0.3419,-0.1288,-0.3006,-0.1866,0.0260,1,0.00,0.001,0.032,0.001,,0.0159,-0.1683,1.7765,-0.2947,-0.1916,-0.1206,-0.3007,0.1926,0.0239,1,4.07,0.050,0.483,0.212,,0.0001,-0.1931,1.8081,-0.2950,0.1875,-0.1163
5.951,1056,tripod,-0.0096,0.0068,0.1531,-0.0160,-0.0312,-0.0002,0.0068,-0.0103,0.0217,0.0568,0.0283,-0.0005,0.000,0.000,-0.0155,-0.0287,-0.0160,-0.0312,-0.0002,0.1240,0,0.2966,-0.1870,0.0365,1,0.00,0.001,0.030,0.007,,0.0008,-0.1181,1.6896,0.3025,-0.1917,-0.1294,0.2970,0.1919,0.0256,1,3.73,0.018,0.591,0.029,,-0.0170,-0.0913,1.6805,0.3024,0.1873,-0.1340,-0.0026,-0.3410,0.0426,1,4.14,0.085,0.586,0.120,,0.0159,-0.1943,1.7697,0.0037,-0.3460,-0.1162,-0.0016,0.3466,0.0189,1,0.00,0.001,0.030,0.000,,-0.0164,-0.1204,1.7364,0.0037,0.3419,-0.1288,-0.3005,-0.1866,0.0263,1,0.00,0.000,0.031,0.000,,0.0157,-0.1675,1.7758,-0.2947,-0.1915,-0.1207,-0.3007,0.1925,0.0248,1,4.05,0.086,0.467,0.228,,0.0001,-0.1945,1.8089,-0.2950,0.1876,-0.1160
5.974,1060,tripod,-0.0095,0.0066,0.1534,-0.0150,-0.0308,-0.0003,0.0069,-0.0121,0.0184,0.0627,0.0271,-0.0007,0.000,0.000,-0.0146,-0.0283,-0.0150,-0.0308,-0.0003,0.1241,0,0.2967,-0.1871,0.0352,1,0.00,0.002,0.029,0.009,,0.0008,-0.1110,1.6835,0.3025,-0.1917,-0.1306,0.2970,0.1919,0.0260,1,3.76,0.030,0.597,0.028,,-0.0167,-0.0916,1.6809,0.3024,0.1874,-0.1340,-0.0026,-0.3411,0.0426,1,4.20,0.107,0.579,0.143,,0.0156,-0.1942,1.7700,0.0036,-0.3459,-0.1162,-0.0016,0.3466,0.0196,1,0.00,0.001,0.030,0.001,,-0.0162,-0.1207,1.7364,0.0037,0.3420,-0.1288,-0.3005,-0.1866,0.0265,1,0.00,0.000,0.031,0.000,,0.0154,-0.1670,1.7753,-0.2948,-0.1915,-0.1208,-0.3007,0.1925,0.0257,1,4.05,0.098,0.451,0.247,,0.0000,-0.1961,1.8099,-0.2950,0.1876,-0.1158
5.997,1064,tripod,-0.0094,0.0064,0.1537,-0.0137,-0.0307,-0.0003,-0.0010,-0.0149,0.0234,0.0656,-0.0393,-0.0000,0.000,0.000,-0.0137,-0.0279,-0.0137,-0.0307,-0.0003,0.1243,0,0.2967,-0.1871,0.0341,1,11.42,0.045,1.378,0.600,,0.0009,-0.1052,1.6789,0.3024,-0.1916,-0.1316,0.2970,0.1919,0.0265,1,0.00,0.002,0.076,0.001,,-0.0164,-0.0921,1.6814,0.3023,0.1874,-0.1339,-0.0026,-0.3411,0.0424,1,0.00,0.009,0.095,0.003,,0.0154,-0.1939,1.7702,0.0036,-0.3459,-0.1163,-0.0016,0.3466,0.0204,1,0.00,0.001,0.016,0.003,,-0.0160,-0.1206,1.7359,0.0036,0.3420,-0.1288,-0.3005,-0.1866,0.0266,1,0.00,0.008,0.037,0.002,,0.0151,-0.1668,1.7751,-0.2948,-0.1914,-0.1208,-0.3007,0.1925,0.0267,1,9.36,0.073,1.193,0.483,,-0.0001,-0.1980,1.8109,-0.2951,0.1877,-0.1154
6.019,1068,tripod,-0.0093,0.0061,0.1540,-0.0123,-0.0303,-0.0003,0.0060,-0.0138,0.0130,0.0573,0.0182,-0.0008,0.000,0.000,-0.0126,-0.0276,-0.0123,-0.0303,-0.0003,0.1245,0,0.2968,-0.1872,0.0332,1,8.51,0.139,0.966,0.530,,0.0011,-0.1005,1.6754,0.3024,-0.1915,-0.1324,0.2970,0.1918,0.0271,1,0.00,0.014,0.047,0.002,,-0.0160,-0.0928,1.6822,0.3023,0.1875,-0.1338,-0.0025,-0.3411,0.0421,1,0.00,0.007,0.068,0.001,,0.0152,-0.1935,1.7703,0.0035,-0.3458,-0.1164,-0.0016,0.3466,0.0205,1,0.00,0.009,0.011,0.005,,-0.0159,-0.1167,1.7322,0.0036,0.3421,-0.1295,-0.3005,-0.1866,0.0266,1,0.71,0.079,0.087,0.002,,0.0147,-0.1667,1.7750,-0.2949,-0.1914,-0.1209,-0.3007,0.1925,0.0276,1,6.50,0.005,0.871,0.267,,-0.0003,-0.2000,1.8120,-0.2951,0.1877,-0.1151
6.042,1072,tripod,-0.0092,0.0058,0.1541,-0.0109,-0.0296,-0.0004,0.0085,-0.0172,0.0071,0.0809,0.0425,-0.0006,0.000,0.000,-0.0114,-0.0273,-0.0109,-0.0296,-0.0004,0.1246,0,0.2968,-0.1872,0.0322,1,3.58,0.017,0.288,0.343,,0.0014,-0.0967,1.6725,0.3023,-0.1914,-0.1331,0.2970,0.1918,0.0274,1,2.97,0.059,0.451,0.026,,-0.0155,-0.0937,1.6830,0.3022,0.1876,-0.1336,-0.0025,-0.3412,0.0416,1,0.00,0.004,0.044,0.000,,0.0150,-0.1928,1.7704,0.0035,-0.3457,-0.1165,-0.0015,0.3465,0.0205,1,0.94,0.116,0.132,0.013,,-0.0158,-0.1136,1.7289,0.0036,0.3422,-0.1300,-0.3005,-0.1867,0.0267,1,3.94,0.078,0.556,0.107,,0.0143,-0.1667,1.7750,-0.2949,-0.1913,-0.1209,-0.3007,0.1925,0.0285,1,2.08,0.031,0.124,0.246,,-0.0005,-0.2022,1.8132,-0.2952,0.1878,-0.1147
6.065,1076,tripod,-0.0090,0.0055,0.1542,-0.0094,-0.0287,-0.0005,0.0108,-0.0190,0.0038,0.0864,0.0504,-0.0011,0.000,0.000,-0.0102,-0.0267,-0.0094,-0.0287,-0.0005,0.1247,0,0.2969,-0.1872,0.0312,1,0.00,0.002,0.032,0.004,,0.0017,-0.0934,1.6702,0.3023,-0.1913,-0.1337,0.2970,0.1918,0.0277,1,5.96,0.076,0.913,0.099,,-0.0150,-0.0948,1.6839,0.3022,0.1877,-0.1334,-0.0025,-0.3412,0.0410,1,0.00,0.002,0.034,0.000,,0.0148,-0.1920,1.7704,0.0034,-0.3456,-0.1166,-0.0015,0.3465,0.0207,1,0.29,0.040,0.018,0.007,,-0.0156,-0.1118,1.7267,0.0036,0.3423,-0.1303,-0.3005,-0.1867,0.0267,1,6.25,0.028,0.895,0.175,,0.0138,-0.1668,1.7751,-0.2950,-0.1912,-0.1208,-0.3007,0.1924,0.0295,1,0.00,0.002,0.034,0.002,,-0.0008,-0.2047,1.8143,-0.2952,0.1879,-0.1143
6.088,1080,tripod,-0.0088,0.0052,0.1537,-0.0083,-0.0281,-0.0005,0.0115,-0.0180,-0.0316,0.0721,0.0394,-0.0011,0.000,0.000,-0.0089,-0.0261,-0.0083,-0.0281,-0.0005,0.1243,0,0.2969,-0.1873,0.0303,1,0.00,0.002,0.037,0.002,,0.0020,-0.0938,1.6713,0.3022,-0.1912,-0.1336,0.2970,0.1918,0.0280,1,6.12,0.096,0.882,0.154,,-0.0143,-0.0991,1.6878,0.3021,0.1878,-0.1327,-0.0024,-0.3413,0.0399,1,0.00,0.002,0.034,0.002,,0.0146,-0.1898,1.7694,0.0034,-0.3455,-0.1170,-0.0014,0.3465,0.0211,1,0.37,0.049,0.018,0.010,,-0.0154,-0.1145,1.7282,0.0035,0.3424,-0.1299,-0.3005,-0.1867,0.0268,1,6.51,0.031,0.860,0.255,,0.0132,-0.1703,1.7780,-0.2950,-0.1910,-0.1202,-0.3007,0.1924,0.0305,1,0.00,0.002,0.039,0.007,,-0.0011,-0.2107,1.8179,-0.2953,0.1880,-0.1133
6.112,1084,tripod,-0.0087,0.0049,0.1534,-0.0075,-0.0277,-0.0006,0.0060,-0.0129,-0.0176,0.0348,0.0146,-0.0018,0.000,0.000,-0.0079,-0.0255,-0.0075,-0.0277,-0.0006,0.1240,0,0.2969,-0.1873,0.0294,1,0.00,0.001,0.042,0.002,,0.0023,-0.0920,1.6705,0.3022,-0.1911,-0.1339,0.2970,0.1918,0.0283,1,3.73,0.106,0.634,0.031,,-0.0137,-0.1030,1.6912,0.3020,0.1880,-0.1320,-0.0024,-0.3413,0.0388,1,3.45,0.394,0.430,0.162,,0.0144,-0.1875,1.7683,0.0033,-0.3454,-0.1174,-0.0014,0.3465,0.0215,1,2.72,0.065,0.348,0.102,,-0.0151,-0.1175,1.7300,0.0034,0.3425,-0.1293,-0.3005,-0.1867,0.0269,1,3.58,0.193,0.353,0.255,,0.0125,-0.1734,1.7806,-0.2951,-0.1909,-0.1197,-0.3007,0.1924,0.0314,1,0.15,0.010,0.023,0.013,,-0.0014,-0.2164,1.8213,-0.2954,0.1882,-0.1123
6.135,1088,tripod,-0.0085,0.0047,0.1531,-0.0066,-0.0273,-0.0006,0.0090,-0.0160,-0.0157,0.0617,0.0273,-0.0010,0.000,0.000,-0.0070,-0.0251,-0.0066,-0.0273,-0.0006,0.1239,0,0.2970,-0.1873,0.0278,1,0.00,0.002,0.029,0.009,,0.0027,-0.0853,1.6650,0.3021,-0.1910,-0.1351,0.2970,0.1917,0.0286,1,5.94,0.092,0.885,0.120,,-0.0130,-0.1060,1.6939,0.3019,0.1881,-0.1315,-0.0023,-0.3414,0.0378,1,0.00,0.003,0.032,0.001,,0.0142,-0.1852,1.7673,0.0033,-0.3453,-0.1178,-0.0014,0.3465,0.0220,1,0.38,0.047,0.014,0.018,,-0.0148,-0.1202,1.7316,0.0034,0.3426,-0.1289,-0.3005,-0.1867,0.0270,1,6.35,0.031,0.854,0.236,,0.0119,-0.1758,1.7826,-0.2951,-0.1908,-0.1193,-0.3007,0.1924,0.0322,1,0.00,0.002,0.037,0.005,,-0.0017,-0.2212,1.8240,-0.2955,0.1883,-0.1115
6.157,1092,tripod,-0.0085,0.0045,0.1530,-0.0062,-0.0275,-0.0006,-0.0015,-0.0078,0.0057,0.0027,-0.0348,-0.0018,0.000,0.000,-0.0062,-0.0248,-0.0062,-0.0275,-0.0006,0.1239,0,0.2971,-0.1874,0.0263,1,8.84,0.067,0.918,0.632,,0.0031,-0.0777,1.6588,0.3021,-0.1908,-0.1364,0.2970,0.1917,0.0291,1,0.00,0.010,0.063,0.002,,-0.0124,-0.1083,1.6958,0.3019,0.1882,-0.1311,-0.0023,-0.3414,0.0372,1,0.00,0.011,0.065,0.002,,0.0139,-0.1829,1.7662,0.0032,-0.3452,-0.1182,-0.0014,0.3464,0.0225,1,1.99,0.194,0.207,0.126,,-0.0145,-0.1225,1.7328,0.0033,0.3427,-0.1285,-0.3005,-0.1867,0.0271,1,1.69,0.032,0.137,0.143,,0.0114,-0.1774,1.7840,-0.2952,-0.1907,-0.1190,-0.3007,0.1924,0.0328,1,5.12,0.052,0.591,0.321,,-0.0020,-0.2251,1.8263,-0.2955,0.1884,-0.1109
6.180,1096,tripod,-0.0084,0.0043,0.1523,-0.0057,-0.0275,-0.0007,0.0074,-0.0124,-0.0742,0.0317,0.0003,-0.0007,0.000,0.000,-0.0057,-0.0248,-0.0057,-0.0275,-0.0007,0.1233,0,0.2971,-0.1874,0.0251,1,6.03,0.066,0.602,0.450,,0.0034,-0.0760,1.6581,0.3020,-0.1907,-0.1367,0.2970,0.1917,0.0295,1,0.00,0.005,0.050,0.008,,-0.0118,-0.1146,1.7014,0.3018,0.1884,-0.1300,-0.0023,-0.3414,0.0358,1,0.00,0.005,0.043,0.005,,0.0138,-0.1788,1.7636,0.0032,-0.3451,-0.1189,-0.0014,0.3464,0.0230,1,2.03,0.085,0.126,0.212,,-0.0142,-0.1291,1.7376,0.0032,0.3429,-0.1274,-0.3005,-0.1867,0.0272,1,2.01,0.109,0.130,0.209,,0.0108,-0.1831,1.7883,-0.2953,-0.1906,-0.1181,-0.3008,0.1924,0.0335,1,3.67,0.015,0.254,0.422,,-0.0022,-0.2329,1.8311,-0.2956,0.1885,-0.1096
6.203,1100,tripod,-0.0083,0.0043,0.1515,-0.0063,-0.0272,-0.0008,0.0033,0.0006,-0.0325,-0.0617,0.0056,-0.0086,0.000,0.000,-0.0054,-0.0246,-0.0063,-0.0272,-0.0008,0.1225,0,0.2970,-0.1874,0.0244,1,0.00,0.006,0.083,0.001,,0.0037,-0.0769,1.6595,0.3020,-0.1906,-0.1365,0.2970,0.1917,0.0298,1,0.00,0.004,0.035,0.011,,-0.0113,-0.1220,1.7078,0.3017,0.1885,-0.1287,-0.0023,-0.3415,0.0342,1,10.85,0.081,1.494,0.347,,0.0137,-0.1742,1.7607,0.0032,-0.3450,-0.1196,-0.0014,0.3464,0.0234,1,8.39,0.099,1.325,0.115,,-0.0140,-0.1367,1.7433,0.0032,0.3430,-0.1260,-0.3006,-0.1867,0.0277,1,0.00,0.001,0.083,0.007,,0.0103,-0.1898,1.7934,-0.2954,-0.1905,-0.1169,-0.3008,0.1924,0.0341,1,0.77,0.053,0.032,0.073,,-0.0024,-0.2416,1.8366,-0.2957,0.1886,-0.1081
6.225,1104,tripod,-0.0083,0.0042,0.1508,-0.0062,-0.0270,-0.0009,0.0042,-0.0062,-0.0296,-0.0229,0.0126,-0.0059,0.000,0.000,-0.0055,-0.0245,-0.0062,-0.0270,-0.0009,0.1221,0,0.2970,-0.1875,0.0234,1,0.00,0.005,0.091,0.007,,0.0039,-0.0743,1.6575,0.3019,-0.1905,-0.1370,0.2970,0.1917,0.0301,1,0.00,0.003,0.033,0.009,,-0.0109,-0.1276,1.7126,0.3017,0.1885,-0.1277,-0.0023,-0.3415,0.0329,1,11.90,0.140,1.620,0.393,,0.0136,-0.1705,1.7583,0.0031,-0.3449,-0.1203,-0.0014,0.3465,0.0238,1,9.05,0.019,1.336,0.248,,-0.0137,-0.1427,1.7477,0.0031,0.3431,-0.1250,-0.3007,-0.1867,0.0278,1,0.00,0.002,0.091,0.002,,0.0099,-0.1931,1.7959,-0.2954,-0.1904,-0.1163,-0.3008,0.1925,0.0347,1,0.82,0.083,0.057,0.056,,-0.0026,-0.2483,1.8409,-0.2958,0.1887,-0.1070
6.247,1108,tripod,-0.0082,0.0040,0.1503,-0.0055,-0.0271,-0.0010,-0.0101,-0.0049,-0.0130,0.0002,-0.1073,-0.0007,0.000,0.000,-0.0054,-0.0243,-0.0055,-0.0271,-0.0010,0.1219,0,0.2971,-0.1875,0.0216,1,16.71,0.097,1.605,1.269,,0.0041,-0.0683,1.6523,0.3019,-0.1905,-0.1381,0.2969,0.1916,0.0304,1,0.00,0.033,0.123,0.006,,-0.0105,-0.1321,1.7165,0.3016,0.1886,-0.1269,-0.0023,-0.3415,0.0316,1,1.41,0.152,0.126,0.017,,0.0135,-0.1677,1.7564,0.0031,-0.3448,-0.1208,-0.0014,0.3465,0.0242,1,2.53,0.280,0.362,0.055,,-0.0135,-0.1474,1.7512,0.0031,0.3431,-0.1242,-0.3007,-0.1866,0.0271,1,0.00,0.022,0.045,0.000,,0.0096,-0.1927,1.7957,-0.2954,-0.1903,-0.1164,-0.3008,0.1925,0.0352,1,9.93,0.076,1.445,0.308,,-0.0027,-0.2538,1.8443,-0.2958,0.1887,-0.1060
6.270,1112,tripod,-0.0083,0.0040,0.1500,-0.0055,-0.0273,-0.0011,-0.0005,-0.0011,-0.0121,-0.0142,-0.0153,-0.0025,0.000,0.000,-0.0051,-0.0244,-0.0055,-0.0273,-0.0011,0.1218,0,0.2971,-0.1875,0.0206,1,7.45,0.236,0.745,0.533,,0.0043,-0.0634,1.6481,0.3019,-0.1904,-0.1389,0.2969,0.1916,0.0309,1,0.00,0.024,0.061,0.004,,-0.0102,-0.1358,1.7198,0.3016,0.1887,-0.1263,-0.0023,-0.3415,0.0310,1,0.00,0.002,0.074,0.002,,0.0135,-0.1653,1.7547,0.0031,-0.3448,-0.1212,-0.0014,0.3465,0.0247,1,5.08,0.122,0.720,0.146,,-0.0134,-0.1514,1.7542,0.0030,0.3432,-0.1235,-0.3007,-0.1866,0.0267,1,5.67,0.061,0.843,0.106,,0.0094,-0.1926,1.7956,-0.2955,-0.1903,-0.1164,-0.3009,0.1925,0.0356,1,0.00,0.001,0.015,0.005,,-0.0028,-0.2583,1.8472,-0.2958,0.1888,-0.1053
6.293,1116,tripod,-0.0082,0.0039,0.1497,-0.0053,-0.0272,-0.0012,0.0014,-0.0039,-0.0199,0.0006,-0.0081,0.0002,0.000,0.000,-0.0050,-0.0245,-0.0053,-0.0272,-0.0012,0.1217,0,0.2971,-0.1875,0.0196,1,7.45,0.237,0.733,0.540,,0.0044,-0.0603,1.6456,0.3019,-0.1904,-0.1394,0.2969,0.1916,0.0312,1,0.00,0.020,0.057,0.004,,-0.0099,-0.1396,1.7230,0.3015,0.1887,-0.1256,-0.0023,-0.3415,0.0297,1,0.00,0.002,0.076,0.008,,0.0135,-0.1599,1.7505,0.0031,-0.3448,-0.1221,-0.0014,0.3465,0.0251,1,5.39,0.209,0.770,0.149,,-0.0132,-0.1554,1.7572,0.0030,0.3432,-0.1228,-0.3007,-0.1866,0.0264,1,6.07,0.024,0.873,0.137,,0.0092,-0.1932,1.7961,-0.2955,-0.1903,-0.1163,-0.3009,0.1926,0.0361,1,0.00,0.002,0.018,0.006,,-0.0029,-0.2627,1.8499,-0.2959,0.1888,-0.1045
6.315,1120,tripod,-0.0082,0.0038,0.1492,-0.0048,-0.0270,-0.0012,0.0014,-0.0042,-0.0219,-0.0064,-0.0066,-0.0013,0.000,0.000,-0.0047,-0.0244,-0.0048,-0.0270,-0.0012,0.1216,0,0.2971,-0.1875,0.0186,1,5.72,0.546,0.555,0.382,,0.0046,-0.0586,1.6442,0.3019,-0.1903,-0.1397,0.2969,0.1916,0.0315,1,0.00,0.019,0.054,0.005,,-0.0097,-0.1433,1.7261,0.3015,0.1888,-0.1250,-0.0022,-0.3415,0.0277,1,4.16,0.594,0.572,0.091,,0.0136,-0.1517,1.7438,0.0031,-0.3448,-0.1235,-0.0014,0.3465,0.0255,1,6.84,0.232,1.061,0.107,,-0.0131,-0.1594,1.7601,0.0030,0.3433,-0.1222,-0.3007,-0.1866,0.0261,1,4.38,0.275,0.519,0.194,,0.0090,-0.1943,1.7970,-0.2955,-0.1902,-0.1161,-0.3009,0.1925,0.0365,1,0.00,0.007,0.016,0.006,,-0.0030,-0.2669,1.8525,-0.2959,0.1889,-0.1038
6.338,1124,tripod,-0.0082,0.0038,0.1489,-0.0050,-0.0270,-0.0014,-0.0007,0.0001,-0.0124,-0.0406,-0.0027,-0.0084,0.000,0.000,-0.0045,-0.0243,-0.0050,-0.0270,-0.0014,0.1215,0,0.2970,-0.1876,0.0182,1,0.00,0.000,0.084,0.005,,0.0047,-0.0576,1.6435,0.3019,-0.1903,-0.1399,0.2969,0.1916,0.0314,1,0.00,0.002,0.025,0.004,,-0.0095,-0.1446,1.7272,0.3015,0.1888,-0.1248,-0.0022,-0.3415,0.0262,1,10.91,0.125,1.582,0.252,,0.0136,-0.1447,1.7383,0.0031,-0.3447,-0.1247,-0.0014,0.3465,0.0258,1,9.07,0.065,1.341,0.249,,-0.0130,-0.1631,1.7629,0.0030,0.3433,-0.1215,-0.3008,-0.1865,0.0260,1,0.00,0.007,0.083,0.000,,0.0088,-0.1957,1.7981,-0.2955,-0.1902,-0.1159,-0.3009,0.1926,0.0368,1,0.00,0.001,0.026,0.007,,-0.0031,-0.2709,1.8550,-0.2959,0.1889,-0.1032
6.360,1128,tripod,-0.0082,0.0038,0.1486,-0.0048,-0.0271,-0.0015,-0.0004,-0.0034,-0.0171,-0.0208,-0.0043,-0.0058,0.000,0.000,-0.0045,-0.0243,-0.0048,-0.0271,-0.0015,0.1214,0,0.2970,-0.1876,0.0176,1,0.00,0.003,0.089,0.005,,0.0048,-0.0563,1.6423,0.3019,-0.1902,-0.1401,0.2968,0.1915,0.0313,1,0.00,0.002,0.024,0.004,,-0.0093,-0.1457,1.7281,0.3015,0.1888,-0.1246,-0.0022,-0.3415,0.0249,1,11.84,0.155,1.736,0.244,,0.0137,-0.1397,1.7343,0.0031,-0.3447,-0.1256,-0.0014,0.3465,0.0261,1,9.45,0.137,1.541,0.087,,-0.0129,-0.1665,1.7653,0.0029,0.3434,-0.1209,-0.3008,-0.1865,0.0259,1,0.00,0.002,0.091,0.000,,0.0086,-0.1972,1.7993,-0.2955,-0.1901,-0.1156,-0.3009,0.1927,0.0371,1,0.00,0.004,0.028,0.006,,-0.0032,-0.2744,1.8572,-0.2959,0.1889,-0.1026
6.382,1132,tripod,-0.0082,0.0037,0.1481,-0.0042,-0.0271,-0.0016,-0.0013,-0.0048,-0.0245,-0.0079,-0.0140,-0.0042,0.000,0.000,-0.0043,-0.0243,-0.0042,-0.0271,-0.0016,0.1215,0,0.2970,-0.1876,0.0165,1,0.92,0.093,0.001,0.069,,0.0050,-0.0530,1.6392,0.3019,-0.1902,-0.1407,0.2968,0.1915,0.0312,1,0.00,0.014,0.035,0.004,,-0.0092,-0.1471,1.7292,0.3015,0.1889,-0.1243,-0.0022,-0.3416,0.0236,1,12.35,0.008,1.799,0.259,,0.0137,-0.1362,1.7315,0.0031,-0.3447,-0.1262,-0.0014,0.3465,0.0263,1,9.50,0.071,1.712,0.104,,-0.0128,-0.1697,1.7676,0.0029,0.3434,-0.1204,-0.3008,-0.1865,0.0252,1,0.00,0.009,0.086,0.003,,0.0085,-0.1960,1.7984,-0.2955,-0.1901,-0.1159,-0.3009,0.1927,0.0373,1,0.00,0.009,0.020,0.006,,-0.0032,-0.2777,1.8593,-0.2959,0.1890,-0.1020
6.404,1136,tripod,-0.0083,0.0036,0.1477,-0.0042,-0.0275,-0.0017,-0.0007,0.0019,-0.0086,-0.0330,-0.0101,-0.0013,0.000,0.000,-0.0040,-0.0245,-0.0042,-0.0275,-0.0017,0.1214,0,0.2970,-0.1877,0.0159,1,7.27,0.302,0.837,0.389,,0.0051,-0.0511,1.6376,0.3019,-0.1902,-0.1410,0.2968,0.1915,0.0313,1,0.00,0.015,0.041,0.003,,-0.0090,-0.1490,1.7308,0.3014,0.1889,-0.1240,-0.0022,-0.3416,0.0228,1,0.00,0.008,0.085,0.003,,0.0137,-0.1340,1.7299,0.0032,-0.3447,-0.1266,-0.0014,0.3465,0.0266,1,5.46,0.291,0.855,0.061,,-0.0127,-0.1731,1.7701,0.0029,0.3434,-0.1198,-0.3008,-0.1865,0.0244,1,7.18,0.017,1.082,0.097,,0.0084,-0.1947,1.7974,-0.2955,-0.1901,-0.1161,-0.3010,0.1927,0.0370,1,0.00,0.008,0.031,0.002,,-0.0033,-0.2788,1.8599,-0.2959,0.1890,-0.1018
6.427,1140,tripod,-0.0083,0.0036,0.1475,-0.0042,-0.0278,-0.0017,-0.0016,0.0008,-0.0079,-0.0230,-0.0107,-0.0014,0.000,0.000,-0.0039,-0.0247,-0.0042,-0.0278,-0.0017,0.1215,0,0.2970,-0.1877,0.0155,1,6.38,0.356,0.759,0.321,,0.0053,-0.0496,1.6363,0.3019,-0.1901,-0.1413,0.2968,0.1915,0.0314,1,0.00,0.011,0.028,0.002,,-0.0089,-0.1507,1.7321,0.3014,0.1889,-0.1237,-0.0022,-0.3416,0.0220,1,0.00,0.016,0.077,0.006,,0.0138,-0.1303,1.7269,0.0032,-0.3446,-0.1272,-0.0014,0.3465,0.0268,1,5.37,0.404,0.834,0.062,,-0.0127,-0.1758,1.7722,0.0029,0.3434,-0.1193,-0.3008,-0.1865,0.0239,1,7.56,0.077,1.093,0.155,,0.0083,-0.1936,1.7966,-0.2956,-0.1901,-0.1163,-0.3009,0.1927,0.0367,1,0.00,0.013,0.043,0.000,,-0.0034,-0.2784,1.8596,-0.2959,0.1890,-0.1019
6.448,1144,tripod,-0.0083,0.0036,0.1473,-0.0042,-0.0282,-0.0018,-0.0023,0.0007,-0.0022,-0.0158,-0.0105,-0.0018,0.000,0.000,-0.0038,-0.0249,-0.0042,-0.0282,-0.0018,0.1218,0,0.2970,-0.1877,0.0152,1,5.39,0.361,0.678,0.240,,0.0054,-0.0482,1.6351,0.3019,-0.1901,-0.1415,0.2968,0.1915,0.0314,1,0.00,0.005,0.017,0.000,,-0.0088,-0.1507,1.7321,0.3014,0.1889,-0.1237,-0.0022,-0.3416,0.0205,1,0.00,0.019,0.064,0.011,,0.0140,-0.1221,1.7199,0.0032,-0.3446,-0.1286,-0.0014,0.3465,0.0270,1,5.24,0.427,0.791,0.085,,-0.0127,-0.1776,1.7736,0.0029,0.3434,-0.1190,-0.3008,-0.1864,0.0234,1,7.59,0.085,1.048,0.218,,0.0082,-0.1923,1.7958,-0.2955,-0.1901,-0.1165,-0.3009,0.1927,0.0362,1,0.00,0.019,0.054,0.000,,-0.0035,-0.2773,1.8589,-0.2959,0.1890,-0.1021
6.471,1148,tripod,-0.0085,0.0036,0.1474,-0.0047,-0.0287,-0.0019,-0.0069,0.0102,0.0187,-0.0951,-0.0288,-0.0075,0.000,0.000,-0.0038,-0.0253,-0.0047,-0.0287,-0.0019,0.1222,0,0.2970,-0.1877,0.0151,1,0.00,0.020,0.097,0.005,,0.0055,-0.0468,1.6336,0.3019,-0.1901,-0.1418,0.2968,0.1914,0.0310,1,0.00,0.016,0.030,0.003,,-0.0088,-0.1477,1.7293,0.3015,0.1890,-0.1242,-0.0022,-0.3416,0.0190,1,13.04,0.068,1.635,0.596,,0.0142,-0.1134,1.7125,0.0033,-0.3446,-0.1301,-0.0015,0.3465,0.0270,1,9.66,0.026,1.616,0.042,,-0.0128,-0.1786,1.7743,0.0029,0.3435,-0.1189,-0.3009,-0.1864,0.0231,1,0.00,0.002,0.087,0.001,,0.0082,-0.1908,1.7947,-0.2955,-0.1900,-0.1167,-0.3009,0.1927,0.0358,1,0.00,0.012,0.023,0.001,,-0.0036,-0.2760,1.8580,-0.2959,0.1891,-0.1023
6.493,1152,tripod,-0.0086,0.0037,0.1475,-0.0052,-0.0291,-0.0020,-0.0063,0.0054,0.0137,-0.0678,-0.0228,-0.0061,0.000,0.000,-0.0042,-0.0257,-0.0052,-0.0291,-0.0020,0.1226,0,0.2970,-0.1877,0.0153,1,0.00,0.003,0.092,0.005,,0.0056,-0.0456,1.6323,0.3019,-0.1901,-0.1420,0.2968,0.1915,0.0307,1,0.00,0.002,0.023,0.001,,-0.0089,-0.1452,1.7270,0.3015,0.1890,-0.1247,-0.0022,-0.3416,0.0181,1,12.25,0.006,1.741,0.318,,0.0144,-0.1064,1.7064,0.0033,-0.3446,-0.1314,-0.0015,0.3466,0.0271,1,9.63,0.000,1.572,0.097,,-0.0128,-0.1791,1.7745,0.0029,0.3435,-0.1188,-0.3009,-0.1863,0.0229,1,0.00,0.002,0.090,0.003,,0.0082,-0.1892,1.7937,-0.2955,-0.1900,-0.1170,-0.3009,0.1928,0.0354,1,0.00,0.005,0.023,0.002,,-0.0037,-0.2744,1.8571,-0.2959,0.1891,-0.1026
6.514,1156,tripod,-0.0087,0.0038,0.1474,-0.0054,-0.0294,-0.0020,-0.0038,0.0033,-0.0047,-0.0459,-0.0125,-0.0038,0.000,0.000,-0.0045,-0.0260,-0.0054,-0.0294,-0.0020,0.1229,0,0.2969,-0.1877,0.0153,1,0.00,0.013,0.086,0.003,,0.0057,-0.0456,1.6320,0.3020,-0.1901,-0.1420,0.2968,0.1914,0.0304,1,0.00,0.010,0.027,0.000,,-0.0090,-0.1439,1.7257,0.3015,0.1890,-0.1249,-0.0022,-0.3416,0.0173,1,11.41,0.038,1.625,0.291,,0.0146,-0.1017,1.7023,0.0034,-0.3446,-0.1322,-0.0015,0.3466,0.0271,1,8.65,0.012,1.572,0.116,,-0.0129,-0.1799,1.7751,0.0030,0.3435,-0.1186,-0.3009,-0.1863,0.0223,1,0.00,0.001,0.075,0.005,,0.0083,-0.1853,1.7909,-0.2955,-0.1900,-0.1177,-0.3009,0.1929,0.0351,1,0.00,0.009,0.022,0.002,,-0.0037,-0.2733,1.8564,-0.2959,0.1891,-0.1028
6.537,1160,tripod,-0.0087,0.0038,0.1472,-0.0055,-0.0294,-0.0021,-0.0010,0.0066,-0.0002,-0.0313,0.0395,0.0110,0.000,0.000,-0.0047,-0.0263,-0.0055,-0.0294,-0.0021,0.1231,0,0.2969,-0.1877,0.0153,1,0.00,0.040,0.069,0.003,,0.0057,-0.0466,1.6327,0.3020,-0.1901,-0.1418,0.2968,0.1914,0.0302,1,6.76,0.812,1.302,0.175,,-0.0090,-0.1438,1.7255,0.3016,0.1890,-0.1249,-0.0022,-0.3416,0.0166,1,6.19,0.010,0.830,0.160,,0.0148,-0.0991,1.7000,0.0034,-0.3446,-0.1326,-0.0015,0.3466,0.0270,1,3.75,0.605,0.569,0.037,,-0.0130,-0.1814,1.7763,0.0030,0.3435,-0.1184,-0.3009,-0.1863,0.0213,1,8.58,0.166,1.376,0.007,,0.0085,-0.1813,1.7879,-0.2954,-0.1900,-0.1184,-0.3009,0.1929,0.0342,1,0.00,0.008,0.062,0.005,,-0.0038,-0.2699,1.8544,-0.2958,0.1891,-0.1033
6.560,1164,tripod,-0.0087,0.0038,0.1471,-0.0057,-0.0292,-0.0021,-0.0001,0.0042,0.0007,-0.0278,0.0239,-0.0005,0.000,0.000,-0.0049,-0.0263,-0.0057,-0.0292,-0.0021,0.1233,0,0.2969,-0.1877,0.0153,1,2.89,0.392,0.409,0.063,,0.0057,-0.0472,1.6331,0.3021,-0.1901,-0.1417,0.2968,0.1915,0.0300,1,3.31,0.050,0.595,0.043,,-0.0092,-0.1435,1.7250,0.3016,0.1890,-0.1250,-0.0022,-0.3415,0.0162,1,0.00,0.013,0.060,0.003,,0.0150,-0.0968,1.6979,0.0034,-0.3446,-0.1330,-0.0015,0.3466,0.0271,1,3.09,0.436,0.478,0.010,,-0.0131,-0.1821,1.7770,0.0030,0.3435,-0.1183,-0.3009,-0.1863,0.0207,1,8.39,0.004,1.458,0.108,,0.0086,-0.1779,1.7852,-0.2954,-0.1901,-0.1189,-0.3009,0.1929,0.0336,1,0.00,0.010,0.058,0.003,,-0.0038,-0.2666,1.8523,-0.2958,0.1890,-0.1039
6.582,1168,tripod,-0.0088,0.0039,0.1471,-0.0061,-0.0294,-0.0021,-0.0021,0.0062,0.0015,-0.0391,-0.0004,-0.0021,0.000,0.000,-0.0051,-0.0263,-0.0061,-0.0294,-0.0021,0.1235,0,0.2969,-0.1877,0.0154,1,4.62,0.597,0.661,0.123,,0.0057,-0.0475,1.6332,0.3021,-0.1901,-0.1417,0.2968,0.1915,0.0298,1,0.00,0.001,0.006,0.000,,-0.0092,-0.1429,1.7245,0.3016,0.1889,-0.1251,-0.0021,-0.3415,0.0160,1,0.00,0.019,0.063,0.003,,0.0151,-0.0948,1.6960,0.0035,-0.3446,-0.1334,-0.0015,0.3466,0.0269,1,5.05,0.605,0.796,0.043,,-0.0132,-0.1824,1.7774,0.0030,0.3435,-0.1182,-0.3009,-0.1863,0.0202,1,7.73,0.001,1.218,0.032,,0.0087,-0.1750,1.7829,-0.2954,-0.1901,-0.1194,-0.3009,0.1929,0.0330,1,0.00,0.019,0.062,0.002,,-0.0038,-0.2637,1.8505,-0.2958,0.1890,-0.1044
6.605,1172,tripod,-0.0089,0.0040,0.1470,-0.0066,-0.0301,-0.0021,-0.0058,0.0073,0.0027,-0.0429,-0.0232,-0.0026,0.000,0.000,-0.0054,-0.0265,-0.0066,-0.0301,-0.0021,0.1237,0,0.2969,-0.1877,0.0157,1,4.75,0.542,0.713,0.093,,0.0057,-0.0476,1.6332,0.3021,-0.1901,-0.1417,0.2968,0.1915,0.0297,1,0.00,0.007,0.014,0.000,,-0.0094,-0.1423,1.7240,0.3016,0.1889,-0.1252,-0.0021,-0.3415,0.0158,1,0.00,0.016,0.055,0.002,,0.0153,-0.0933,1.6945,0.0035,-0.3447,-0.1336,-0.0015,0.3466,0.0267,1,5.98,0.624,0.884,0.106,,-0.0133,-0.1823,1.7775,0.0030,0.3434,-0.1182,-0.3009,-0.1863,0.0197,1,7.70,0.067,1.279,0.046,,0.0089,-0.1726,1.7810,-0.2954,-0.1901,-0.1198,-0.3009,0.1929,0.0322,1,0.00,0.016,0.071,0.002,,-0.0038,-0.2612,1.8489,-0.2957,0.1890,-0.1048
6.627,1176,tripod,-0.0090,0.0041,0.1470,-0.0073,-0.0311,-0.0021,-0.0080,0.0078,0.0034,-0.0430,-0.0389,-0.0015,0.000,0.000,-0.0059,-0.0270,-0.0073,-0.0311,-0.0021,0.1240,0,0.2969,-0.1877,0.0162,1,4.68,0.417,0.673,0.127,,0.0057,-0.0480,1.6333,0.3021,-0.1902,-0.1416,0.2968,0.1915,0.0298,1,0.00,0.009,0.018,0.000,,-0.0095,-0.1415,1.7232,0.3017,0.1889,-0.1253,-0.0021,-0.3415,0.0154,1,0.00,0.018,0.049,0.006,,0.0155,-0.0893,1.6907,0.0036,-0.3447,-0.1343,-0.0015,0.3467,0.0264,1,6.31,0.591,0.921,0.124,,-0.0134,-0.1820,1.7774,0.0031,0.3434,-0.1183,-0.3009,-0.1863,0.0191,1,7.71,0.157,1.185,0.069,,0.0091,-0.1706,1.7795,-0.2953,-0.1901,-0.1202,-0.3009,0.1929,0.0314,1,0.00,0.014,0.074,0.002,,-0.0038,-0.2589,1.8476,-0.2957,0.1890,-0.1052
6.650,1180,tripod,-0.0092,0.0043,0.1470,-0.0080,-0.0322,-0.0020,-0.0105,0.0105,0.0062,-0.0638,-0.0470,-0.0043,0.000,0.000,-0.0064,-0.0278,-0.0080,-0.0322,-0.0020,0.1243,0,0.2969,-0.1877,0.0168,1,1.83,0.254,0.208,0.082,,0.0056,-0.0486,1.6336,0.3021,-0.1902,-0.1415,0.2968,0.1915,0.0293,1,0.00,0.011,0.015,0.006,,-0.0098,-0.1370,1.7192,0.3017,0.1889,-0.1261,-0.0021,-0.3415,0.0150,1,5.67,0.121,0.733,0.213,,0.0158,-0.0856,1.6871,0.0036,-0.3447,-0.1350,-0.0015,0.3467,0.0261,1,8.41,0.545,1.265,0.146,,-0.0136,-0.1817,1.7773,0.0031,0.3434,-0.1183,-0.3009,-0.1863,0.0186,1,4.53,0.116,0.739,0.059,,0.0093,-0.1690,1.7783,-0.2953,-0.1902,-0.1205,-0.3009,0.1930,0.0305,1,0.00,0.018,0.074,0.001,,-0.0037,-0.2568,1.8464,-0.2957,0.1890,-0.1055
6.674,1184,tripod,-0.0095,0.0045,0.1470,-0.0090,-0.0335,-0.0021,-0.0164,0.0100,0.0017,-0.0444,-0.0855,-0.0045,0.000,0.000,-0.0071,-0.0288,-0.0090,-0.0335,-0.0021,0.1246,0,0.2968,-0.1877,0.0176,1,0.00,0.003,0.034,0.001,,0.0056,-0.0498,1.6341,0.3022,-0.1903,-0.1413,0.2969,0.1915,0.0286,1,0.00,0.008,0.042,0.007,,-0.0101,-0.1319,1.7145,0.3018,0.1888,-0.1270,-0.0021,-0.3415,0.0149,1,7.03,0.000,1.106,0.103,,0.0161,-0.0831,1.6846,0.0037,-0.3448,-0.1354,-0.0016,0.3467,0.0257,1,7.92,0.011,1.072,0.288,,-0.0138,-0.1812,1.7773,0.0031,0.3433,-0.1184,-0.3010,-0.1862,0.0183,1,0.00,0.007,0.032,0.000,,0.0096,-0.1677,1.7776,-0.2952,-0.1902,-0.1207,-0.3009,0.1930,0.0297,1,0.00,0.003,0.044,0.001,,-0.0037,-0.2547,1.8454,-0.2956,0.1889,-0.1059
6.697,1188,tripod,-0.0098,0.0046,0.1470,-0.0098,-0.0351,-0.0021,-0.0178,0.0094,-0.0023,-0.0342,-0.0899,-0.0046,0.000,0.000,-0.0079,-0.0299,-0.0098,-0.0351,-0.0021,0.1248,0,0.2968,-0.1877,0.0184,1,0.12,0.020,0.013,0.005,,0.0055,-0.0514,1.6349,0.3023,-0.1903,-0.1410,0.2969,0.1915,0.0282,1,0.00,0.011,0.040,0.005,,-0.0106,-0.1283,1.7112,0.3019,0.1887,-0.1276,-0.0021,-0.3415,0.0149,1,6.52,0.073,0.988,0.130,,0.0165,-0.0817,1.6829,0.0038,-0.3448,-0.1357,-0.0016,0.3467,0.0253,1,8.13,0.199,1.123,0.257,,-0.0140,-0.1807,1.7773,0.0032,0.3433,-0.1185,-0.3010,-0.1862,0.0177,1,0.93,0.091,0.171,0.059,,0.0099,-0.1665,1.7770,-0.2951,-0.1903,-0.1209,-0.3010,0.1931,0.0287,1,0.00,0.001,0.053,0.001,,-0.0037,-0.2527,1.8445,-0.2956,0.1889,-0.1062
6.721,1192,tripod,-0.0101,0.0048,0.1469,-0.0106,-0.0364,-0.0022,-0.0157,0.0100,-0.0007,-0.0397,-0.0682,-0.0013,0.000,0.000,-0.0086,-0.0312,-0.0106,-0.0364,-0.0022,0.1249,0,0.2968,-0.1877,0.0193,1,1.83,0.152,0.199,0.099,,0.0055,-0.0536,1.6361,0.3024,-0.1904,-0.1406,0.2969,0.1915,0.0280,1,0.00,0.014,0.041,0.003,,-0.0110,-0.1260,1.7089,0.3020,0.1887,-0.1280,-0.0021,-0.3415,0.0150,1,3.93,0.056,0.568,0.097,,0.0169,-0.0811,1.6820,0.0039,-0.3449,-0.1358,-0.0016,0.3467,0.0249,1,8.12,0.463,1.109,0.254,,-0.0144,-0.1802,1.7773,0.0033,0.3432,-0.1186,-0.3010,-0.1861,0.0173,1,3.25,0.368,0.602,0.114,,0.0104,-0.1656,1.7765,-0.2950,-0.1903,-0.1210,-0.3010,0.1931,0.0277,1,0.00,0.005,0.063,0.000,,-0.0036,-0.2507,1.8437,-0.2955,0.1888,-0.1066
6.744,1196,tripod,-0.0104,0.0050,0.1468,-0.0115,-0.0377,-0.0022,-0.0161,0.0105,-0.0009,-0.0423,-0.0666,-0.0025,0.000,0.000,-0.0094,-0.0324,-0.0115,-0.0377,-0.0022,0.1249,0,0.2967,-0.1877,0.0202,1,2.05,0.100,0.240,0.098,,0.0054,-0.0561,1.6376,0.3025,-0.1905,-0.1402,0.2969,0.1915,0.0279,1,0.00,0.017,0.043,0.002,,-0.0116,-0.1245,1.7071,0.3021,0.1886,-0.1283,-0.0021,-0.3415,0.0153,1,3.54,0.039,0.479,0.120,,0.0174,-0.0812,1.6817,0.0040,-0.3449,-0.1357,-0.0016,0.3467,0.0244,1,8.38,0.528,1.155,0.245,,-0.0148,-0.1797,1.7773,0.0034,0.3431,-0.1187,-0.3010,-0.1861,0.0169,1,3.74,0.461,0.703,0.141,,0.0109,-0.1649,1.7763,-0.2949,-0.1904,-0.1212,-0.3010,0.1932,0.0268,1,0.00,0.006,0.068,0.000,,-0.0036,-0.2487,1.8430,-0.2954,0.1887,-0.1069
6.767,1200,tripod,-0.0107,0.0052,0.1467,-0.0125,-0.0391,-0.0022,-0.0165,0.0115,-0.0012,-0.0453,-0.0668,-0.0010,0.000,0.000,-0.0102,-0.0336,-0.0125,-0.0391,-0.0022,0.1250,0,0.2967,-0.1877,0.0213,1,2.09,0.086,0.252,0.094,,0.0054,-0.0591,1.6394,0.3026,-0.1905,-0.1397,0.2969,0.1915,0.0273,1,0.00,0.018,0.041,0.008,,-0.0122,-0.1200,1.7027,0.3023,0.1885,-0.1290,-0.0022,-0.3415,0.0156,1,3.64,0.025,0.470,0.150,,0.0179,-0.0819,1.6818,0.0041,-0.3450,-0.1356,-0.0016,0.3468,0.0240,1,8.62,0.510,1.162,0.281,,-0.0153,-0.1793,1.7775,0.0035,0.3431,-0.1187,-0.3010,-0.1861,0.0165,1,3.72,0.446,0.706,0.148,,0.0114,-0.1643,1.7761,-0.2948,-0.1905,-0.1213,-0.3011,0.1932,0.0258,1,0.00,0.006,0.070,0.000,,-0.0036,-0.2468,1.8424,-0.2953,0.1887,-0.1072
6.790,1204,tripod,-0.0110,0.0055,0.1466,-0.0136,-0.0404,-0.0022,-0.0170,0.0132,-0.0014,-0.0465,-0.0683,-0.0030,0.000,0.000,-0.0110,-0.0348,-0.0136,-0.0404,-0.0022,0.1250,0,0.2967,-0.1877,0.0223,1,1.77,0.043,0.219,0.068,,0.0054,-0.0624,1.6414,0.3028,-0.1906,-0.1391,0.2970,0.1915,0.0267,1,0.00,0.019,0.046,0.006,,-0.0128,-0.1162,1.6988,0.3024,0.1884,-0.1297,-0.0022,-0.3414,0.0161,1,4.22,0.030,0.533,0.192,,0.0185,-0.0832,1.6824,0.0043,-0.3451,-0.1354,-0.0017,0.3468,0.0235,1,8.83,0.458,1.168,0.317,,-0.0158,-0.1789,1.7778,0.0036,0.3430,-0.1188,-0.3011,-0.1861,0.0161,1,3.25,0.372,0.641,0.161,,0.0120,-0.1639,1.7763,-0.2947,-0.1906,-0.1213,-0.3011,0.1932,0.0248,1,0.00,0.004,0.070,0.000,,-0.0035,-0.2450,1.8419,-0.2952,0.1886,-0.1075
6.813,1208,tripod,-0.0113,0.0057,0.1465,-0.0147,-0.0417,-0.0022,-0.0174,0.0139,-0.0018,-0.0481,-0.0712,-0.0023,0.000,0.000,-0.0120,-0.0360,-0.0147,-0.0417,-0.0022,0.1250,0,0.2966,-0.1877,0.0235,1,1.09,0.007,0.109,0.056,,0.0053,-0.0660,1.6435,0.3029,-0.1907,-0.1385,0.2970,0.1915,0.0264,1,0.00,0.018,0.051,0.004,,-0.0135,-0.1138,1.6962,0.3026,0.1883,-0.1301,-0.0022,-0.3414,0.0167,1,5.26,0.091,0.770,0.131,,0.0191,-0.0849,1.6834,0.0044,-0.3452,-0.1351,-0.0017,0.3468,0.0230,1,9.11,0.332,1.179,0.362,,-0.0162,-0.1786,1.7781,0.0037,0.3429,-0.1189,-0.3011,-0.1860,0.0158,1,2.21,0.239,0.436,0.120,,0.0126,-0.1637,1.7766,-0.2946,-0.1906,-0.1213,-0.3011,0.1933,0.0239,1,0.00,0.006,0.067,0.000,,-0.0034,-0.2432,1.8415,-0.2951,0.1885,-0.1078
6.835,1212,tripod,-0.0116,0.0060,0.1464,-0.0158,-0.0430,-0.0021,-0.0176,0.0152,-0.0021,-0.0488,-0.0741,-0.0015,0.000,0.000,-0.0130,-0.0372,-0.0158,-0.0430,-0.0021,0.1249,0,0.2966,-0.1876,0.0247,1,0.08,0.005,0.012,0.007,,0.0052,-0.0698,1.6458,0.3031,-0.1908,-0.1378,0.2970,0.1915,0.0261,1,0.00,0.015,0.056,0.005,,-0.0142,-0.1115,1.6936,0.3027,0.1882,-0.1305,-0.0022,-0.3414,0.0174,1,6.89,0.082,1.076,0.108,,0.0198,-0.0870,1.6846,0.0045,-0.3453,-0.1347,-0.0017,0.3468,0.0224,1,9.35,0.148,1.176,0.420,,-0.0168,-0.1782,1.7785,0.0038,0.3428,-0.1189,-0.3011,-0.1860,0.0156,1,0.71,0.058,0.130,0.050,,0.0132,-0.1637,1.7770,-0.2945,-0.1907,-0.1213,-0.3011,0.1933,0.0229,1,0.00,0.006,0.062,0.000,,-0.0033,-0.2414,1.8411,-0.2950,0.1884,-0.1081
6.858,1216,tripod,-0.0119,0.0063,0.1463,-0.0171,-0.0443,-0.0021,-0.0193,0.0161,-0.0004,-0.0545,-0.0852,-0.0011,0.000,0.000,-0.0140,-0.0384,-0.0171,-0.0443,-0.0021,0.1249,0,0.2966,-0.1876,0.0259,1,0.00,0.009,0.035,0.004,,0.0051,-0.0738,1.6482,0.3032,-0.1909,-0.1371,0.2971,0.1915,0.0254,1,0.00,0.014,0.059,0.009,,-0.0150,-0.1066,1.6886,0.3029,0.1881,-0.1314,-0.0022,-0.3413,0.0182,1,7.44,0.008,1.208,0.072,,0.0204,-0.0894,1.6861,0.0047,-0.3454,-0.1343,-0.0017,0.3469,0.0219,1,9.52,0.018,1.158,0.482,,-0.0173,-0.1778,1.7789,0.0039,0.3427,-0.1190,-0.3011,-0.1859,0.0154,1,0.00,0.010,0.027,0.002,,0.0139,-0.1638,1.7776,-0.2943,-0.1908,-0.1213,-0.3011,0.1934,0.0219,1,0.00,0.007,0.056,0.001,,-0.0032,-0.2397,1.8408,-0.2949,0.1884,-0.1084
6.885,1220,tripod,-0.0122,0.0066,0.1463,-0.0184,-0.0454,-0.0021,-0.0150,0.0173,0.0018,-0.0596,-0.0548,-0.0006,0.000,0.000,-0.0151,-0.0396,-0.0184,-0.0454,-0.0021,0.1248,0,0.2965,-0.1876,0.0272,1,0.00,0.010,0.035,0.004,,0.0050,-0.0779,1.6508,0.3034,-0.1911,-0.1364,0.2971,0.1915,0.0248,1,0.00,0.015,0.062,0.007,,-0.0159,-0.1029,1.6848,0.3031,0.1880,-0.1320,-0.0023,-0.3413,0.0191,1,7.44,0.007,1.214,0.066,,0.0210,-0.0921,1.6877,0.0048,-0.3455,-0.1339,-0.0017,0.3469,0.0213,1,9.64,0.017,1.162,0.498,,-0.0178,-0.1774,1.7793,0.0040,0.3426,-0.1190,-0.3011,-0.1859,0.0153,1,0.00,0.011,0.026,0.003,,0.0146,-0.1640,1.7782,-0.2942,-0.1909,-0.1213,-0.3012,0.1934,0.0210,1,0.00,0.008,0.058,0.000,,-0.0031,-0.2380,1.8406,-0.2948,0.1883,-0.1087
6.908,1224,tripod,-0.0124,0.0069,0.1463,-0.0198,-0.0464,-0.0020,-0.0150,0.0178,0.0045,-0.0621,-0.0571,-0.0001,0.000,0.000,-0.0163,-0.0406,-0.0198,-0.0464,-0.0020,0.1247,0,0.2965,-0.1875,0.0285,1,0.00,0.009,0.030,0.004,,0.0048,-0.0822,1.6534,0.3035,-0.1912,-0.1356,0.2972,0.1915,0.0244,1,0.00,0.018,0.058,0.005,,-0.0167,-0.1005,1.6822,0.3033,0.1879,-0.1324,-0.0023,-0.3413,0.0201,1,7.31,0.072,1.182,0.074,,0.0216,-0.0951,1.6895,0.0050,-0.3456,-0.1333,-0.0018,0.3469,0.0208,1,9.22,0.170,1.104,0.474,,-0.0183,-0.1769,1.7796,0.0042,0.3424,-0.1191,-0.3011,-0.1859,0.0154,1,0.00,0.014,0.031,0.003,,0.0153,-0.1644,1.7788,-0.2941,-0.1910,-0.1212,-0.3012,0.1935,0.0202,1,0.63,0.077,0.039,0.009,,-0.0030,-0.2363,1.8403,-0.2947,0.1882,-0.1090
6.930,1228,tripod,-0.0127,0.0073,0.1463,-0.0212,-0.0473,-0.0019,-0.0143,0.0187,0.0064,-0.0648,-0.0549,0.0004,0.000,0.000,-0.0175,-0.0415,-0.0212,-0.0473,-0.0019,0.1246,0,0.2965,-0.1875,0.0299,1,0.00,0.010,0.033,0.004,,0.0047,-0.0865,1.6560,0.3037,-0.1913,-0.1349,0.2972,0.1916,0.0242,1,0.00,0.017,0.060,0.004,,-0.0175,-0.0990,1.6804,0.3034,0.1877,-0.1327,-0.0023,-0.3412,0.0212,1,7.27,0.043,1.187,0.061,,0.0222,-0.0982,1.6914,0.0051,-0.3457,-0.1328,-0.0018,0.3470,0.0203,1,9.32,0.101,1.115,0.485,,-0.0188,-0.1763,1.7799,0.0043,0.3423,-0.1192,-0.3011,-0.1858,0.0155,1,0.00,0.013,0.028,0.003,,0.0161,-0.1650,1.7796,-0.2939,-0.1912,-0.1211,-0.3012,0.1935,0.0194,1,0.33,0.037,0.004,0.003,,-0.0028,-0.2346,1.8400,-0.2945,0.1880,-0.1092
6.952,1232,tripod,-0.0129,0.0076,0.1464,-0.0227,-0.0482,-0.0018,-0.0138,0.0194,0.0119,-0.0664,-0.0517,0.0009,0.000,0.000,-0.0188,-0.0424,-0.0227,-0.0482,-0.0018,0.1246,0,0.2964,-0.1874,0.0313,1,0.00,0.010,0.033,0.004,,0.0044,-0.0906,1.6584,0.3038,-0.1915,-0.1342,0.2973,0.1916,0.0237,1,0.00,0.016,0.058,0.008,,-0.0184,-0.0948,1.6761,0.3036,0.1876,-0.1334,-0.0023,-0.3412,0.0223,1,7.23,0.037,1.190,0.050,,0.0228,-0.1013,1.6933,0.0053,-0.3459,-0.1323,-0.0018,0.3470,0.0197,1,9.28,0.087,1.118,0.474,,-0.0193,-0.1754,1.7800,0.0044,0.3422,-0.1194,-0.3011,-0.1858,0.0155,1,0.00,0.012,0.026,0.000,,0.0169,-0.1635,1.7787,-0.2938,-0.1913,-0.1214,-0.3012,0.1936,0.0187,1,0.27,0.029,0.012,0.000,,-0.0026,-0.2327,1.8397,-0.2944,0.1879,-0.1095
6.975,1236,tripod,-0.0131,0.0080,0.1466,-0.0242,-0.0490,-0.0018,-0.0138,0.0182,0.0154,-0.0518,-0.0541,0.0013,0.000,0.000,-0.0201,-0.0432,-0.0242,-0.0490,-0.0018,0.1246,0,0.2964,-0.1873,0.0327,1,0.00,0.016,0.035,0.004,,0.0042,-0.0946,1.6608,0.3039,-0.1916,-0.1335,0.2974,0.1916,0.0229,1,0.00,0.020,0.070,0.008,,-0.0194,-0.0899,1.6713,0.3037,0.1874,-0.1343,-0.0023,-0.3411,0.0236,1,7.84,0.003,1.372,0.032,,0.0233,-0.1045,1.6951,0.0054,-0.3460,-0.1317,-0.0018,0.3471,0.0192,1,10.82,0.019,1.270,0.593,,-0.0198,-0.1743,1.7800,0.0045,0.3421,-0.1196,-0.3010,-0.1858,0.0152,1,0.00,0.015,0.022,0.001,,0.0178,-0.1607,1.7768,-0.2936,-0.1914,-0.1218,-0.3012,0.1936,0.0180,1,0.00,0.012,0.065,0.000,,-0.0023,-0.2308,1.8392,-0.2943,0.1878,-0.1099
6.997,1240,tripod,-0.0133,0.0084,0.1467,-0.0256,-0.0499,-0.0017,-0.0107,0.0192,0.0132,-0.0546,-0.0381,0.0019,0.000,0.000,-0.0214,-0.0440,-0.0256,-0.0499,-0.0017,0.1246,0,0.2964,-0.1873,0.0341,1,0.00,0.014,0.029,0.004,,0.0039,-0.0988,1.6633,0.3040,-0.1917,-0.1327,0.2974,0.1916,0.0225,1,0.00,0.022,0.073,0.007,,-0.0203,-0.0865,1.6679,0.3039,0.1873,-0.1349,-0.0023,-0.3411,0.0248,1,7.79,0.092,1.382,0.053,,0.0238,-0.1081,1.6971,0.0055,-0.3462,-0.1311,-0.0018,0.3471,0.0187,1,10.90,0.144,1.295,0.563,,-0.0202,-0.1733,1.7801,0.0046,0.3419,-0.1197,-0.3010,-0.1858,0.0151,1,0.13,0.028,0.008,0.010,,0.0186,-0.1590,1.7756,-0.2935,-0.1916,-0.1221,-0.3012,0.1936,0.0174,1,0.37,0.032,0.000,0.015,,-0.0020,-0.2291,1.8390,-0.2943,0.1877,-0.1101
7.021,1244,tripod,-0.0135,0.0087,0.1469,-0.0272,-0.0506,-0.0015,-0.0102,0.0199,0.0146,-0.0631,-0.0369,0.0020,0.000,0.000,-0.0227,-0.0447,-0.0272,-0.0506,-0.0015,0.1245,0,0.2963,-0.1872,0.0356,1,0.00,0.013,0.029,0.004,,0.0036,-0.1032,1.6661,0.3042,-0.1919,-0.1320,0.2975,0.1916,0.0222,1,0.00,0.023,0.067,0.004,,-0.0212,-0.0844,1.6657,0.3040,0.1871,-0.1352,-0.0023,-0.3410,0.0262,1,8.01,0.088,1.382,0.018,,0.0243,-0.1120,1.6994,0.0056,-0.3463,-0.1304,-0.0018,0.3471,0.0182,1,10.54,0.229,1.267,0.524,,-0.0206,-0.1725,1.7803,0.0047,0.3418,-0.1199,-0.3010,-0.1858,0.0152,1,0.00,0.018,0.033,0.001,,0.0195,-0.1583,1.7752,-0.2934,-0.1917,-0.1223,-0.3012,0.1937,0.0168,1,0.89,0.110,0.066,0.012,,-0.0017,-0.2278,1.8389,-0.2942,0.1876,-0.1104
7.044,1248,tripod,-0.0137,0.0091,0.1471,-0.0287,-0.0512,-0.0014,-0.0086,0.0194,0.0154,-0.0584,-0.0275,0.0022,0.000,0.000,-0.0241,-0.0454,-0.0287,-0.0512,-0.0014,0.1244,0,0.2963,-0.1871,0.0369,1,0.00,0.013,0.029,0.003,,0.0033,-0.1067,1.6680,0.3043,-0.1921,-0.1314,0.2975,0.1916,0.0218,1,0.00,0.022,0.065,0.007,,-0.0221,-0.0811,1.6625,0.3042,0.1869,-0.1358,-0.0024,-0.3410,0.0276,1,7.96,0.088,1.374,0.021,,0.0247,-0.1160,1.7019,0.0057,-0.3465,-0.1297,-0.0018,0.3472,0.0178,1,10.35,0.224,1.263,0.494,,-0.0210,-0.1717,1.7806,0.0048,0.3417,-0.1200,-0.3009,-0.1858,0.0155,1,0.00,0.017,0.034,0.002,,0.0203,-0.1583,1.7752,-0.2933,-0.1919,-0.1223,-0.3012,0.1937,0.0163,1,0.85,0.105,0.065,0.006,,-0.0014,-0.2266,1.8389,-0.2941,0.1874,-0.1106
7.067,1252,tripod,-0.0138,0.0095,0.1472,-0.0301,-0.0516,-0.0013,-0.0072,0.0192,0.0143,-0.0555,-0.0221,0.0021,0.000,0.000,-0.0254,-0.0459,-0.0301,-0.0516,-0.0013,0.1245,0,0.2964,-0.1870,0.0374,1,0.00,0.012,0.026,0.004,,0.0029,-0.1056,1.6656,0.3044,-0.1922,-0.1315,0.2976,0.1916,0.0209,1,0.00,0.020,0.061,0.009,,-0.0231,-0.0757,1.6573,0.3043,0.1867,-0.1367,-0.0024,-0.3409,0.0290,1,7.74,0.098,1.351,0.040,,0.0251,-0.1201,1.7042,0.0058,-0.3467,-0.1290,-0.0018,0.3472,0.0173,1,10.00,0.189,1.227,0.472,,-0.0214,-0.1708,1.7807,0.0048,0.3415,-0.1201,-0.3009,-0.1858,0.0158,1,0.00,0.015,0.032,0.002,,0.0211,-0.1586,1.7755,-0.2932,-0.1920,-0.1222,-0.3012,0.1937,0.0159,1,0.65,0.060,0.071,0.036,,-0.0010,-0.2254,1.8388,-0.2940,0.1873,-0.1108
7.092,1256,tripod,-0.0140,0.0098,0.1474,-0.0314,-0.0522,-0.0011,-0.0115,0.0193,0.0151,-0.0487,-0.0398,0.0107,0.000,0.000,-0.0267,-0.0464,-0.0314,-0.0522,-0.0011,0.1246,0,0.2965,-0.1870,0.0375,1,0.00,0.017,0.044,0.006,,0.0025,-0.1027,1.6616,0.3046,-0.1924,-0.1320,0.2977,0.1916,0.0203,1,6.29,0.310,0.513,0.584,,-0.0240,-0.0720,1.6537,0.3044,0.1866,-0.1374,-0.0024,-0.3409,0.0304,1,5.80,0.034,1.084,0.120,,0.0255,-0.1244,1.7067,0.0059,-0.3468,-0.1283,-0.0019,0.3472,0.0169,1,1.53,0.218,0.136,0.038,,-0.0217,-0.1700,1.7810,0.0049,0.3414,-0.1203,-0.3009,-0.1858,0.0163,1,0.00,0.005,0.017,0.004,,0.0219,-0.1595,1.7763,-0.2931,-0.1922,-0.1220,-0.3013,0.1937,0.0155,1,5.53,0.121,0.570,0.385,,-0.0006,-0.2244,1.8390,-0.2940,0.1871,-0.1109
7.116,1260,tripod,-0.0141,0.0102,0.1475,-0.0326,-0.0524,-0.0009,-0.0035,0.0181,-0.0080,-0.0620,-0.0139,0.0047,0.000,0.000,-0.0279,-0.0468,-0.0326,-0.0524,-0.0009,0.1245,0,0.2965,-0.1869,0.0377,1,0.00,0.001,0.031,0.006,,0.0021,-0.1019,1.6597,0.3047,-0.1926,-0.1322,0.2977,0.1917,0.0199,1,3.76,0.061,0.427,0.210,,-0.0249,-0.0698,1.6517,0.3045,0.1864,-0.1378,-0.0024,-0.3409,0.0317,1,3.86,0.295,0.635,0.005,,0.0258,-0.1292,1.7097,0.0060,-0.3470,-0.1274,-0.0019,0.3473,0.0166,1,0.00,0.020,0.044,0.000,,-0.0220,-0.1699,1.7817,0.0050,0.3413,-0.1203,-0.3009,-0.1858,0.0168,1,0.00,0.006,0.019,0.005,,0.0226,-0.1607,1.7771,-0.2930,-0.1924,-0.1218,-0.3013,0.1937,0.0153,1,4.60,0.267,0.543,0.255,,-0.0003,-0.2242,1.8397,-0.2939,0.1870,-0.1109
7.139,1264,tripod,-0.0141,0.0104,0.1470,-0.0338,-0.0524,-0.0009,0.0048,0.0130,-0.0194,-0.0476,-0.0025,-0.0097,0.000,0.000,-0.0291,-0.0471,-0.0338,-0.0524,-0.0009,0.1239,0,0.2966,-0.1869,0.0380,1,0.00,0.026,0.049,0.000,,0.0017,-0.1048,1.6613,0.3047,-0.1927,-0.1317,0.2978,0.1917,0.0194,1,1.55,0.241,0.169,0.039,,-0.0256,-0.0712,1.6531,0.3046,0.1862,-0.1375,-0.0024,-0.3408,0.0330,1,6.82,0.006,1.072,0.092,,0.0260,-0.1368,1.7150,0.0060,-0.3472,-0.1261,-0.0019,0.3474,0.0162,1,7.62,0.483,0.664,0.646,,-0.0221,-0.1725,1.7846,0.0050,0.3412,-0.1198,-0.3008,-0.1858,0.0166,1,0.00,0.006,0.018,0.002,,0.0234,-0.1606,1.7770,-0.2929,-0.1925,-0.1219,-0.3013,0.1937,0.0151,1,1.41,0.185,0.205,0.022,,0.0002,-0.2270,1.8422,-0.2939,0.1869,-0.1105
7.164,1268,tripod,-0.0140,0.0107,0.1467,-0.0349,-0.0522,-0.0009,0.0026,0.0138,-0.0137,-0.0451,0.0058,0.0004,0.000,0.000,-0.0302,-0.0471,-0.0349,-0.0522,-0.0009,0.1235,0,0.2967,-0.1869,0.0384,1,0.00,0.008,0.035,0.003,,0.0013,-0.1079,1.6631,0.3048,-0.1929,-0.1311,0.2979,0.1916,0.0191,1,0.00,0.011,0.056,0.001,,-0.0263,-0.0725,1.6546,0.3046,0.1861,-0.1373,-0.0024,-0.3408,0.0343,1,6.65,0.153,1.078,0.035,,0.0261,-0.1436,1.7200,0.0061,-0.3473,-0.1250,-0.0019,0.3473,0.0159,1,8.62,0.046,1.082,0.387,,-0.0222,-0.1746,1.7872,0.0050,0.3410,-0.1195,-0.3007,-0.1858,0.0166,1,0.79,0.103,0.134,0.030,,0.0241,-0.1613,1.7774,-0.2929,-0.1927,-0.1217,-0.3012,0.1938,0.0150,1,0.00,0.006,0.054,0.004,,0.0006,-0.2293,1.8444,-0.2939,0.1868,-0.1101
7.188,1272,tripod,-0.0140,0.0109,0.1465,-0.0358,-0.0521,-0.0008,0.0020,0.0134,-0.0097,-0.0428,0.0046,0.0022,0.000,0.000,-0.0311,-0.0471,-0.0358,-0.0521,-0.0008,0.1230,0,0.2967,-0.1869,0.0389,1,0.00,0.008,0.036,0.002,,0.0008,-0.1110,1.6651,0.3048,-0.1930,-0.1306,0.2979,0.1916,0.0189,1,0.00,0.011,0.052,0.001,,-0.0269,-0.0737,1.6560,0.3047,0.1859,-0.1371,-0.0024,-0.3407,0.0355,1,6.40,0.142,1.062,0.001,,0.0261,-0.1499,1.7243,0.0061,-0.3474,-0.1239,-0.0018,0.3473,0.0156,1,8.02,0.042,1.051,0.312,,-0.0222,-0.1762,1.7892,0.0050,0.3409,-0.1192,-0.3006,-0.1859,0.0168,1,0.63,0.087,0.096,0.019,,0.0248,-0.1625,1.7782,-0.2928,-0.1928,-0.1215,-0.3012,0.1938,0.0150,1,0.00,0.006,0.047,0.004,,0.0010,-0.2314,1.8463,-0.2938,0.1867,-0.1097
7.212,1276,tripod,-0.0139,0.0112,0.1463,-0.0367,-0.0520,-0.0007,0.0018,0.0125,-0.0065,-0.0402,0.0021,0.0028,0.000,0.000,-0.0320,-0.0470,-0.0367,-0.0520,-0.0007,0.1226,0,0.2968,-0.1869,0.0393,1,0.00,0.007,0.036,0.000,,0.0004,-0.1129,1.6662,0.3049,-0.1932,-0.1303,0.2980,0.1916,0.0188,1,0.00,0.010,0.047,0.001,,-0.0275,-0.0748,1.6573,0.3047,0.1858,-0.1369,-0.0024,-0.3407,0.0366,1,6.19,0.124,1.038,0.016,,0.0262,-0.1556,1.7280,0.0061,-0.3476,-0.1229,-0.0018,0.3474,0.0154,1,7.47,0.042,1.006,0.266,,-0.0223,-0.1774,1.7910,0.0050,0.3408,-0.1190,-0.3006,-0.1859,0.0171,1,0.47,0.072,0.052,0.001,,0.0253,-0.1641,1.7792,-0.2928,-0.1929,-0.1213,-0.3012,0.1938,0.0150,1,0.00,0.007,0.042,0.004,,0.0014,-0.2331,1.8480,-0.2938,0.1866,-0.1094
7.235,1280,tripod,-0.0139,0.0114,0.1463,-0.0374,-0.0520,-0.0006,0.0013,0.0119,0.0018,-0.0369,0.0019,0.0027,0.000,0.000,-0.0328,-0.0469,-0.0374,-0.0520,-0.0006,0.1225,0,0.2969,-0.1869,0.0390,1,0.00,0.005,0.031,0.007,,-0.0001,-0.1099,1.6626,0.3049,-0.1933,-0.1308,0.2980,0.1916,0.0182,1,0.00,0.008,0.039,0.005,,-0.0282,-0.0722,1.6551,0.3047,0.1856,-0.1374,-0.0024,-0.3406,0.0377,1,5.95,0.111,0.993,0.013,,0.0262,-0.1603,1.7311,0.0061,-0.3477,-0.1221,-0.0018,0.3474,0.0152,1,6.82,0.035,0.968,0.186,,-0.0223,-0.1780,1.7921,0.0050,0.3407,-0.1189,-0.3005,-0.1859,0.0175,1,0.40,0.061,0.039,0.001,,0.0259,-0.1656,1.7800,-0.2928,-0.1931,-0.1210,-0.3012,0.1938,0.0151,1,0.03,0.001,0.030,0.005,,0.0018,-0.2343,1.8492,-0.2938,0.1865,-0.1092
7.259,1284,tripod,-0.0139,0.0116,0.1464,-0.0380,-0.0520,-0.0005,-0.0080,0.0131,0.0100,-0.0163,-0.0334,0.0136,0.000,0.000,-0.0335,-0.0468,-0.0380,-0.0520,-0.0005,0.1226,0,0.2971,-0.1870,0.0382,1,0.00,0.001,0.055,0.006,,-0.0005,-0.1048,1.6571,0.3050,-0.1935,-0.1317,0.2981,0.1915,0.0174,1,8.20,0.751,0.883,0.573,,-0.0289,-0.0683,1.6517,0.3048,0.1855,-0.1380,-0.0024,-0.3406,0.0387,1,3.59,0.262,0.806,0.273,,0.0262,-0.1645,1.7336,0.0061,-0.3478,-0.1214,-0.0018,0.3474,0.0151,1,0.00,0.038,0.060,0.000,,-0.0223,-0.1782,1.7929,0.0050,0.3406,-0.1188,-0.3005,-0.1859,0.0179,1,3.22,0.382,0.491,0.072,,0.0263,-0.1670,1.7808,-0.2928,-0.1932,-0.1208,-0.3012,0.1938,0.0152,1,1.71,0.074,0.104,0.192,,0.0022,-0.2352,1.8501,-0.2939,0.1864,-0.1091
7.282,1288,tripod,-0.0140,0.0118,0.1465,-0.0384,-0.0523,-0.0004,-0.0026,0.0088,0.0107,-0.0122,-0.0167,0.0057,0.000,0.000,-0.0341,-0.0469,-0.0384,-0.0523,-0.0004,0.1226,0,0.2972,-0.1869,0.0379,1,0.00,0.011,0.041,0.007,,-0.0009,-0.1011,1.6530,0.3051,-0.1937,-0.1323,0.2981,0.1915,0.0171,1,6.34,0.116,0.790,0.307,,-0.0294,-0.0652,1.6493,0.3048,0.1853,-0.1386,-0.0024,-0.3406,0.0396,1,2.25,0.021,0.501,0.188,,0.0262,-0.1682,1.7357,0.0061,-0.3479,-0.1207,-0.0019,0.3474,0.0151,1,0.00,0.001,0.047,0.002,,-0.0223,-0.1783,1.7935,0.0050,0.3405,-0.1188,-0.3005,-0.1859,0.0183,1,3.19,0.111,0.465,0.070,,0.0267,-0.1684,1.7817,-0.2928,-0.1933,-0.1205,-0.3013,0.1938,0.0153,1,2.56,0.058,0.252,0.183,,0.0025,-0.2358,1.8510,-0.2938,0.1863,-0.1090
7.305,1292,tripod,-0.0139,0.0119,0.1467,-0.0387,-0.0522,-0.0003,0.0002,0.0074,0.0107,-0.0083,0.0037,0.0045,0.000,0.000,-0.0345,-0.0470,-0.0387,-0.0522,-0.0003,0.1226,0,0.2972,-0.1869,0.0376,1,0.00,0.010,0.041,0.005,,-0.0013,-0.0985,1.6501,0.3051,-0.1938,-0.1328,0.2981,0.1915,0.0168,1,5.94,0.151,0.742,0.284,,-0.0299,-0.0629,1.6474,0.3048,0.1852,-0.1390,-0.0024,-0.3405,0.0405,1,2.62,0.021,0.562,0.185,,0.0262,-0.1714,1.7375,0.0061,-0.3481,-0.1202,-0.0019,0.3475,0.0152,1,0.00,0.001,0.045,0.002,,-0.0223,-0.1782,1.7941,0.0050,0.3404,-0.1188,-0.3005,-0.1859,0.0188,1,2.62,0.065,0.373,0.061,,0.0271,-0.1697,1.7825,-0.2928,-0.1934,-0.1203,-0.3013,0.1938,0.0155,1,2.95,0.097,0.304,0.200,,0.0028,-0.2364,1.8518,-0.2938,0.1862,-0.1089
7.329,1296,tripod,-0.0139,0.0120,0.1468,-0.0388,-0.0519,-0.0002,0.0026,0.0056,0.0115,-0.0015,0.0195,0.0037,0.000,0.000,-0.0348,-0.0469,-0.0388,-0.0519,-0.0002,0.1227,0,0.2973,-0.1870,0.0371,1,0.00,0.009,0.040,0.008,,-0.0016,-0.0946,1.6459,0.3052,-0.1939,-0.1334,0.2981,0.1915,0.0165,1,5.66,0.165,0.720,0.255,,-0.0303,-0.0610,1.6460,0.3048,0.1851,-0.1393,-0.0024,-0.3405,0.0412,1,2.75,0.051,0.585,0.182,,0.0262,-0.1741,1.7390,0.0061,-0.3482,-0.1197,-0.0020,0.3475,0.0153,1,0.00,0.001,0.043,0.002,,-0.0223,-0.1781,1.7945,0.0050,0.3403,-0.1188,-0.3005,-0.1859,0.0193,1,2.36,0.015,0.314,0.073,,0.0274,-0.1709,1.7832,-0.2927,-0.1934,-0.1201,-0.3013,0.1938,0.0158,1,3.14,0.126,0.324,0.213,,0.0031,-0.2367,1.8524,-0.2938,0.1861,-0.1088
7.352,1300,tripod,-0.0138,0.0121,0.1470,-0.0389,-0.0513,-0.0002,0.0044,0.0037,0.0130,0.0060,0.0309,0.0030,0.000,0.000,-0.0349,-0.0467,-0.0389,-0.0513,-0.0002,0.1228,0,0.2975,-0.1870,0.0360,1,0.00,0.008,0.036,0.012,,-0.0019,-0.0875,1.6387,0.3053,-0.1940,-0.1347,0.2981,0.1915,0.0162,1,5.43,0.187,0.715,0.220,,-0.0306,-0.0594,1.6447,0.3048,0.1850,-0.1396,-0.0024,-0.3405,0.0417,1,2.72,0.087,0.576,0.175,,0.0262,-0.1762,1.7401,0.0061,-0.3482,-0.1193,-0.0020,0.3475,0.0154,1,0.00,0.000,0.041,0.001,,-0.0223,-0.1778,1.7947,0.0050,0.3403,-0.1189,-0.3005,-0.1859,0.0198,1,2.26,0.031,0.280,0.090,,0.0277,-0.1719,1.7838,-0.2927,-0.1935,-0.1199,-0.3013,0.1938,0.0162,1,3.18,0.149,0.322,0.223,,0.0033,-0.2369,1.8529,-0.2938,0.1860,-0.1088
7.375,1304,tripod,-0.0138,0.0122,0.1473,-0.0391,-0.0508,-0.0001,-0.0004,0.0094,0.0221,-0.0288,0.0006,0.0030,0.000,0.000,-0.0350,-0.0463,-0.0391,-0.0508,-0.0001,0.1230,0,0.2976,-0.1871,0.0350,1,11.03,0.100,0.942,1.056,,-0.0022,-0.0813,1.6325,0.3053,-0.1941,-0.1358,0.2981,0.1916,0.0160,1,0.05,0.011,0.077,0.006,,-0.0309,-0.0578,1.6434,0.3048,0.1850,-0.1399,-0.0024,-0.3404,0.0423,1,0.00,0.011,0.077,0.000,,0.0261,-0.1778,1.7411,0.0061,-0.3483,-0.1191,-0.0020,0.3475,0.0156,1,0.00,0.008,0.033,0.002,,-0.0223,-0.1774,1.7947,0.0050,0.3402,-0.1190,-0.3005,-0.1859,0.0203,1,0.02,0.012,0.023,0.002,,0.0279,-0.1726,1.7841,-0.2927,-0.1936,-0.1198,-0.3013,0.1938,0.0166,1,8.87,0.005,0.954,0.675,,0.0035,-0.2370,1.8532,-0.2938,0.1860,-0.1088
7.398,1308,tripod,-0.0137,0.0123,0.1476,-0.0389,-0.0500,-0.0000,0.0066,0.0011,0.0192,0.0154,0.0313,0.0042,0.000,0.000,-0.0351,-0.0458,-0.0389,-0.0500,-0.0000,0.1232,0,0.2977,-0.1871,0.0341,1,6.41,0.113,0.597,0.552,,-0.0025,-0.0762,1.6274,0.3053,-0.1942,-0.1367,0.2981,0.1916,0.0157,1,2.57,0.083,0.232,0.167,,-0.0311,-0.0561,1.6420,0.3048,0.1849,-0.1402,-0.0024,-0.3404,0.0427,1,0.00,0.006,0.055,0.000,,0.0260,-0.1788,1.7418,0.0061,-0.3483,-0.1189,-0.0021,0.3476,0.0157,1,0.00,0.011,0.036,0.001,,-0.0222,-0.1768,1.7945,0.0050,0.3402,-0.1191,-0.3005,-0.1858,0.0209,1,1.91,0.063,0.214,0.098,,0.0280,-0.1731,1.7842,-0.2928,-0.1936,-0.1197,-0.3013,0.1938,0.0171,1,5.77,0.046,0.696,0.315,,0.0038,-0.2370,1.8533,-0.2938,0.1859,-0.1088
7.422,1312,tripod,-0.0135,0.0122,0.1478,-0.0383,-0.0491,-0.0000,0.0104,-0.0040,0.0163,0.0462,0.0576,0.0030,0.000,0.000,-0.0350,-0.0452,-0.0383,-0.0491,-0.0000,0.1234,0,0.2978,-0.1872,0.0332,1,0.00,0.001,0.034,0.007,,-0.0027,-0.0717,1.6230,0.3053,-0.1943,-0.1374,0.2982,0.1916,0.0155,1,5.26,0.176,0.776,0.126,,-0.0313,-0.0543,1.6407,0.3048,0.1848,-0.1405,-0.0023,-0.3404,0.0429,1,1.53,0.161,0.297,0.080,,0.0259,-0.1793,1.7422,0.0060,-0.3483,-0.1188,-0.0020,0.3476,0.0161,1,0.00,0.002,0.032,0.000,,-0.0221,-0.1758,1.7939,0.0050,0.3401,-0.1192,-0.3004,-0.1858,0.0214,1,3.64,0.014,0.451,0.167,,0.0281,-0.1735,1.7843,-0.2928,-0.1937,-0.1197,-0.3013,0.1938,0.0177,1,1.99,0.037,0.137,0.208,,0.0039,-0.2370,1.8534,-0.2938,0.1859,-0.1088
7.445,1316,tripod,-0.0133,0.0122,0.1481,-0.0375,-0.0480,-0.0000,0.0114,-0.0061,0.0148,0.0526,0.0607,0.0022,0.000,0.000,-0.0345,-0.0444,-0.0375,-0.0480,-0.0000,0.1237,0,0.2979,-0.1872,0.0323,1,0.00,0.002,0.032,0.006,,-0.0029,-0.0677,1.6193,0.3053,-0.1943,-0.1381,0.2982,0.1916,0.0153,1,5.86,0.035,0.833,0.172,,-0.0314,-0.0526,1.6395,0.3048,0.1848,-0.1408,-0.0023,-0.3403,0.0429,1,0.00,0.001,0.032,0.000,,0.0257,-0.1794,1.7423,0.0060,-0.3483,-0.1188,-0.0020,0.3475,0.0160,1,0.00,0.002,0.028,0.004,,-0.0221,-0.1718,1.7910,0.0050,0.3401,-0.1199,-0.3004,-0.1859,0.0219,1,5.50,0.010,0.762,0.183,,0.0281,-0.1739,1.7843,-0.2928,-0.1937,-0.1196,-0.3013,0.1938,0.0184,1,0.74,0.032,0.023,0.086,,0.0041,-0.2373,1.8533,-0.2939,0.1859,-0.1087
7.467,1320,tripod,-0.0131,0.0121,0.1484,-0.0366,-0.0470,-0.0000,0.0115,-0.0065,0.0162,0.0463,0.0569,0.0017,0.000,0.000,-0.0339,-0.0435,-0.0366,-0.0470,-0.0000,0.1239,0,0.2980,-0.1873,0.0314,1,0.00,0.001,0.034,0.006,,-0.0031,-0.0640,1.6161,0.3053,-0.1944,-0.1388,0.2982,0.1916,0.0152,1,5.76,0.145,0.841,0.141,,-0.0313,-0.0510,1.6383,0.3047,0.1848,-0.1411,-0.0022,-0.3404,0.0428,1,0.00,0.001,0.034,0.001,,0.0255,-0.1792,1.7422,0.0059,-0.3483,-0.1188,-0.0019,0.3475,0.0159,1,0.52,0.064,0.067,0.002,,-0.0220,-0.1686,1.7885,0.0049,0.3401,-0.1205,-0.3004,-0.1859,0.0223,1,6.02,0.062,0.821,0.214,,0.0280,-0.1743,1.7843,-0.2929,-0.1937,-0.1195,-0.3013,0.1938,0.0192,1,0.05,0.002,0.025,0.005,,0.0042,-0.2378,1.8533,-0.2939,0.1859,-0.1086
7.489,1324,tripod,-0.0129,0.0119,0.1487,-0.0359,-0.0461,-0.0000,0.0116,-0.0067,0.0176,0.0402,0.0533,0.0014,0.000,0.000,-0.0332,-0.0426,-0.0359,-0.0461,-0.0000,0.1242,0,0.2981,-0.1873,0.0304,1,0.00,0.001,0.032,0.009,,-0.0032,-0.0586,1.6113,0.3052,-0.1944,-0.1397,0.2982,0.1915,0.0150,1,5.60,0.176,0.833,0.119,,-0.0311,-0.0495,1.6371,0.3047,0.1848,-0.1413,-0.0022,-0.3404,0.0427,1,0.00,0.002,0.033,0.001,,0.0252,-0.1786,1.7419,0.0059,-0.3483,-0.1189,-0.0019,0.3475,0.0160,1,0.65,0.080,0.091,0.006,,-0.0218,-0.1662,1.7866,0.0049,0.3401,-0.1209,-0.3004,-0.1859,0.0228,1,6.01,0.080,0.811,0.222,,0.0277,-0.1746,1.7843,-0.2929,-0.1937,-0.1195,-0.3013,0.1938,0.0200,1,0.00,0.000,0.030,0.001,,0.0043,-0.2387,1.8534,-0.2940,0.1859,-0.1085
7.513,1328,tripod,-0.0127,0.0118,0.1490,-0.0354,-0.0454,-0.0000,0.0110,-0.0064,0.0183,0.0330,0.0429,0.0012,0.000,0.000,-0.0326,-0.0418,-0.0354,-0.0454,-0.0000,0.1246,0,0.2982,-0.1874,0.0289,1,0.00,0.001,0.027,0.013,,-0.0034,-0.0498,1.6031,0.3052,-0.1944,-0.1413,0.2982,0.1915,0.0149,1,5.76,0.086,0.882,0.101,,-0.0309,-0.0480,1.6361,0.3046,0.1848,-0.1416,-0.0021,-0.3404,0.0423,1,0.00,0.002,0.029,0.006,,0.0249,-0.1746,1.7387,0.0058,-0.3483,-0.1196,-0.0019,0.3475,0.0162,1,0.00,0.002,0.030,0.001,,-0.0216,-0.1646,1.7852,0.0049,0.3401,-0.1211,-0.3004,-0.1859,0.0233,1,5.59,0.018,0.788,0.166,,0.0275,-0.1750,1.7843,-0.2930,-0.1936,-0.1194,-0.3013,0.1938,0.0209,1,0.62,0.047,0.021,0.064,,0.0043,-0.2398,1.8537,-0.2941,0.1859,-0.1083
7.536,1332,tripod,-0.0125,0.0117,0.1493,-0.0348,-0.0446,-0.0000,0.0109,-0.0057,0.0180,0.0210,0.0375,0.0014,0.000,0.000,-0.0320,-0.0410,-0.0348,-0.0446,-0.0000,0.1250,0,0.2983,-0.1875,0.0275,1,2.57,0.149,0.230,0.215,,-0.0035,-0.0424,1.5964,0.3052,-0.1944,-0.1426,0.2983,0.1915,0.0149,1,3.79,0.130,0.577,0.053,,-0.0306,-0.0469,1.6354,0.3045,0.1849,-0.1418,-0.0020,-0.3405,0.0413,1,0.00,0.001,0.039,0.008,,0.0248,-0.1683,1.7337,0.0058,-0.3483,-0.1207,-0.0018,0.3474,0.0165,1,0.19,0.022,0.008,0.000,,-0.0213,-0.1637,1.7843,0.0048,0.3401,-0.1213,-0.3004,-0.1859,0.0238,1,4.26,0.098,0.579,0.143,,0.0271,-0.1756,1.7844,-0.2931,-0.1936,-0.1193,-0.3013,0.1938,0.0217,1,2.22,0.074,0.173,0.217,,0.0043,-0.2412,1.8541,-0.2941,0.1860,-0.1081
7.558,1336,tripod,-0.0123,0.0116,0.1495,-0.0342,-0.0438,-0.0001,0.0127,-0.0095,0.0122,0.0471,0.0491,0.0004,0.000,0.000,-0.0315,-0.0403,-0.0342,-0.0438,-0.0001,0.1253,0,0.2984,-0.1876,0.0263,1,0.00,0.001,0.030,0.008,,-0.0035,-0.0364,1.5911,0.3051,-0.1944,-0.1436,0.2983,0.1915,0.0149,1,5.83,0.097,0.889,0.103,,-0.0302,-0.0460,1.6349,0.3044,0.1849,-0.1419,-0.0019,-0.3406,0.0404,1,0.00,0.002,0.028,0.006,,0.0245,-0.1633,1.7298,0.0057,-0.3482,-0.1216,-0.0018,0.3474,0.0169,1,0.00,0.002,0.031,0.000,,-0.0210,-0.1634,1.7838,0.0047,0.3402,-0.1213,-0.3003,-0.1859,0.0242,1,5.60,0.008,0.796,0.160,,0.0267,-0.1764,1.7847,-0.2932,-0.1935,-0.1192,-0.3013,0.1938,0.0226,1,0.62,0.070,0.028,0.054,,0.0042,-0.2429,1.8547,-0.2942,0.1860,-0.1078
7.580,1340,tripod,-0.0121,0.0114,0.1497,-0.0333,-0.0430,-0.0001,0.0131,-0.0106,0.0087,0.0507,0.0495,0.0001,0.000,0.000,-0.0309,-0.0396,-0.0333,-0.0430,-0.0001,0.1255,0,0.2985,-0.1877,0.0252,1,0.00,0.000,0.032,0.007,,-0.0036,-0.0316,1.5870,0.3050,-0.1943,-0.1445,0.2983,0.1915,0.0148,1,5.89,0.088,0.896,0.107,,-0.0298,-0.0455,1.6348,0.3043,0.1850,-0.1420,-0.0018,-0.3407,0.0396,1,0.00,0.001,0.030,0.004,,0.0242,-0.1594,1.7269,0.0057,-0.3482,-0.1222,-0.0018,0.3474,0.0174,1,0.00,0.002,0.031,0.001,,-0.0207,-0.1638,1.7838,0.0047,0.3402,-0.1213,-0.3003,-0.1859,0.0247,1,5.69,0.005,0.810,0.161,,0.0263,-0.1774,1.7853,-0.2933,-0.1935,-0.1190,-0.3012,0.1938,0.0235,1,0.55,0.065,0.024,0.044,,0.0042,-0.2450,1.8556,-0.2943,0.1861,-0.1074
7.602,1344,tripod,-0.0119,0.0112,0.1498,-0.0324,-0.0421,-0.0001,0.0134,-0.0117,0.0061,0.0536,0.0490,-0.0002,0.000,0.000,-0.0302,-0.0389,-0.0324,-0.0421,-0.0001,0.1256,0,0.2986,-0.1877,0.0241,1,0.00,0.000,0.033,0.005,,-0.0036,-0.0277,1.5840,0.3049,-0.1943,-0.1451,0.2983,0.1915,0.0148,1,5.93,0.083,0.900,0.110,,-0.0294,-0.0453,1.6350,0.3042,0.1850,-0.1420,-0.0017,-0.3407,0.0389,1,0.00,0.001,0.031,0.003,,0.0239,-0.1564,1.7248,0.0056,-0.3481,-0.1227,-0.0017,0.3474,0.0180,1,0.00,0.002,0.032,0.001,,-0.0203,-0.1647,1.7842,0.0046,0.3403,-0.1211,-0.3003,-0.1859,0.0251,1,5.74,0.003,0.818,0.161,,0.0258,-0.1787,1.7860,-0.2934,-0.1934,-0.1188,-0.3012,0.1938,0.0244,1,0.52,0.063,0.022,0.039,,0.0041,-0.2474,1.8567,-0.2944,0.1862,-0.1070
7.624,1348,tripod,-0.0117,0.0110,0.1499,-0.0315,-0.0413,-0.0002,0.0131,-0.0125,0.0059,0.0561,0.0476,-0.0005,0.000,0.000,-0.0294,-0.0381,-0.0315,-0.0413,-0.0002,0.1257,0,0.2986,-0.1878,0.0232,1,0.00,0.000,0.034,0.004,,-0.0035,-0.0240,1.5813,0.3048,-0.1942,-0.1458,0.2983,0.1915,0.0148,1,6.00,0.090,0.904,0.117,,-0.0289,-0.0453,1.6353,0.3041,0.1851,-0.1421,-0.0016,-0.3408,0.0379,1,0.00,0.001,0.030,0.006,,0.0236,-0.1520,1.7215,0.0055,-0.3481,-0.1235,-0.0017,0.3474,0.0186,1,0.00,0.002,0.033,0.002,,-0.0200,-0.1660,1.7848,0.0045,0.3404,-0.1209,-0.3003,-0.1859,0.0254,1,5.79,0.007,0.823,0.164,,0.0254,-0.1800,1.7868,-0.2935,-0.1933,-0.1186,-0.3012,0.1938,0.0253,1,0.54,0.068,0.025,0.039,,0.0040,-0.2500,1.8578,-0.2944,0.1862,-0.1066
7.647,1352,tripod,-0.0115,0.0108,0.1501,-0.0305,-0.0405,-0.0002,0.0128,-0.0133,0.0074,0.0590,0.0461,-0.0008,0.000,0.000,-0.0286,-0.0374,-0.0305,-0.0405,-0.0002,0.1260,0,0.2987,-0.1878,0.0218,1,0.00,0.000,0.030,0.010,,-0.0035,-0.0175,1.5755,0.3047,-0.1942,-0.1469,0.2983,0.1915,0.0148,1,5.98,0.075,0.893,0.125,,-0.0284,-0.0450,1.6354,0.3040,0.1852,-0.1421,-0.0015,-0.3409,0.0364,1,0.00,0.001,0.027,0.010,,0.0234,-0.1441,1.7152,0.0055,-0.3481,-0.1249,-0.0017,0.3474,0.0192,1,0.00,0.002,0.032,0.001,,-0.0196,-0.1672,1.7853,0.0044,0.3404,-0.1207,-0.3003,-0.1859,0.0258,1,5.83,0.007,0.823,0.176,,0.0249,-0.1810,1.7873,-0.2936,-0.1933,-0.1184,-0.3012,0.1938,0.0263,1,0.41,0.054,0.014,0.028,,0.0039,-0.2524,1.8588,-0.2945,0.1863,-0.1062
7.669,1356,tripod,-0.0113,0.0106,0.1502,-0.0299,-0.0399,-0.0003,0.0109,-0.0116,0.0093,0.0415,0.0357,-0.0006,0.000,0.000,-0.0278,-0.0367,-0.0299,-0.0399,-0.0003,0.1263,0,0.2988,-0.1879,0.0206,1,0.00,0.001,0.039,0.008,,-0.0034,-0.0118,1.5706,0.3047,-0.1941,-0.1479,0.2984,0.1915,0.0149,1,5.01,0.143,0.837,0.012,,-0.0279,-0.0449,1.6354,0.3039,0.1853,-0.1421,-0.0014,-0.3410,0.0351,1,2.92,0.363,0.422,0.077,,0.0231,-0.1374,1.7098,0.0054,-0.3480,-0.1260,-0.0016,0.3474,0.0198,1,0.00,0.001,0.027,0.002,,-0.0193,-0.1686,1.7859,0.0043,0.3405,-0.1205,-0.3003,-0.1859,0.0262,1,2.70,0.091,0.242,0.218,,0.0243,-0.1820,1.7879,-0.2936,-0.1932,-0.1182,-0.3011,0.1938,0.0272,1,2.39,0.126,0.243,0.162,,0.0038,-0.2549,1.8600,-0.2946,0.1864,-0.1058
7.692,1360,tripod,-0.0111,0.0104,0.1504,-0.0290,-0.0394,-0.0003,0.0084,-0.0109,0.0110,0.0418,0.0200,0.0005,0.000,0.000,-0.0271,-0.0361,-0.0290,-0.0394,-0.0003,0.1265,0,0.2988,-0.1879,0.0195,1,5.16,0.207,0.457,0.430,,-0.0033,-0.0070,1.5667,0.3046,-0.1940,-0.1488,0.2984,0.1915,0.0150,1,2.39,0.176,0.314,0.060,,-0.0274,-0.0448,1.6357,0.3039,0.1854,-0.1421,-0.0013,-0.3411,0.0340,1,0.00,0.004,0.047,0.006,,0.0228,-0.1319,1.7057,0.0053,-0.3480,-0.1270,-0.0016,0.3473,0.0205,1,0.00,0.009,0.026,0.002,,-0.0189,-0.1702,1.7867,0.0043,0.3406,-0.1202,-0.3002,-0.1859,0.0265,1,2.73,0.101,0.356,0.096,,0.0238,-0.1829,1.7884,-0.2937,-0.1931,-0.1181,-0.3011,0.1938,0.0280,1,4.00,0.106,0.531,0.148,,0.0037,-0.2574,1.8611,-0.2947,0.1864,-0.1054
7.714,1364,tripod,-0.0109,0.0102,0.1505,-0.0281,-0.0389,-0.0003,0.0082,-0.0120,0.0107,0.0478,0.0196,0.0002,0.000,0.000,-0.0263,-0.0355,-0.0281,-0.0389,-0.0003,0.1266,0,0.2988,-0.1880,0.0186,1,5.55,0.249,0.524,0.423,,-0.0032,-0.0029,1.5636,0.3044,-0.1939,-0.1495,0.2984,0.1915,0.0151,1,2.17,0.188,0.275,0.060,,-0.0268,-0.0447,1.6359,0.3038,0.1855,-0.1421,-0.0012,-0.3412,0.0330,1,0.00,0.004,0.050,0.005,,0.0226,-0.1273,1.7023,0.0053,-0.3479,-0.1278,-0.0016,0.3473,0.0213,1,0.00,0.009,0.026,0.002,,-0.0186,-0.1718,1.7874,0.0042,0.3407,-0.1199,-0.3002,-0.1860,0.0267,1,2.61,0.133,0.346,0.085,,0.0233,-0.1838,1.7889,-0.2938,-0.1930,-0.1179,-0.3011,0.1937,0.0289,1,4.21,0.110,0.578,0.133,,0.0035,-0.2598,1.8622,-0.2947,0.1865,-0.1050
7.735,1368,tripod,-0.0108,0.0099,0.1507,-0.0271,-0.0384,-0.0004,0.0074,-0.0124,0.0115,0.0492,0.0165,-0.0002,0.000,0.000,-0.0255,-0.0351,-0.0271,-0.0384,-0.0004,0.1268,0,0.2988,-0.1880,0.0178,1,6.04,0.271,0.624,0.403,,-0.0030,0.0007,1.5609,0.3044,-0.1938,-0.1501,0.2984,0.1914,0.0153,1,1.82,0.181,0.213,0.060,,-0.0263,-0.0447,1.6360,0.3037,0.1856,-0.1422,-0.0011,-0.3413,0.0316,1,0.00,0.004,0.050,0.009,,0.0224,-0.1202,1.6966,0.0052,-0.3478,-0.1290,-0.0016,0.3473,0.0220,1,0.00,0.010,0.025,0.001,,-0.0183,-0.1734,1.7881,0.0041,0.3407,-0.1197,-0.3002,-0.1860,0.0269,1,2.33,0.160,0.312,0.070,,0.0227,-0.1844,1.7893,-0.2939,-0.1929,-0.1178,-0.3011,0.1937,0.0298,1,4.56,0.108,0.644,0.126,,0.0034,-0.2620,1.8632,-0.2948,0.1866,-0.1046
7.757,1372,tripod,-0.0106,0.0097,0.1505,-0.0261,-0.0380,-0.0004,0.0095,-0.0130,-0.0252,0.0313,0.0124,0.0008,0.000,0.000,-0.0246,-0.0347,-0.0261,-0.0380,-0.0004,0.1267,0,0.2988,-0.1880,0.0170,1,4.76,0.440,0.489,0.278,,-0.0028,0.0016,1.5610,0.3042,-0.1937,-0.1503,0.2984,0.1914,0.0155,1,2.33,0.186,0.359,0.000,,-0.0257,-0.0470,1.6384,0.3036,0.1857,-0.1417,-0.0010,-0.3414,0.0299,1,4.19,0.533,0.613,0.069,,0.0222,-0.1135,1.6913,0.0052,-0.3478,-0.1302,-0.0015,0.3473,0.0224,1,0.00,0.015,0.012,0.000,,-0.0180,-0.1741,1.7881,0.0041,0.3408,-0.1196,-0.3002,-0.1860,0.0271,1,0.08,0.009,0.045,0.002,,0.0221,-0.1872,1.7913,-0.2940,-0.1928,-0.1174,-0.3011,0.1937,0.0306,1,5.78,0.041,0.717,0.297,,0.0032,-0.2666,1.8656,-0.2949,0.1867,-0.1038
7.779,1376,tripod,-0.0105,0.0094,0.1501,-0.0253,-0.0375,-0.0006,0.0038,-0.0116,-0.0130,0.0333,0.0194,-0.0078,0.000,0.000,-0.0238,-0.0342,-0.0253,-0.0375,-0.0006,0.1265,0,0.2988,-0.1880,0.0164,1,1.40,0.165,0.270,0.098,,-0.0026,0.0014,1.5621,0.3042,-0.1936,-0.1502,0.2984,0.1914,0.0157,1,2.20,0.007,0.553,0.228,,-0.0251,-0.0501,1.6414,0.3035,0.1858,-0.1412,-0.0010,-0.3414,0.0285,1,7.43,0.720,0.846,0.466,,0.0219,-0.1091,1.6881,0.0051,-0.3477,-0.1309,-0.0015,0.3472,0.0223,1,3.41,0.386,0.594,0.019,,-0.0177,-0.1745,1.7878,0.0040,0.3409,-0.1195,-0.3002,-0.1860,0.0273,1,0.00,0.020,0.063,0.002,,0.0215,-0.1905,1.7938,-0.2941,-0.1927,-0.1168,-0.3011,0.1937,0.0314,1,3.13,0.180,0.218,0.355,,0.0030,-0.2718,1.8683,-0.2949,0.1868,-0.1030
7.802,1380,tripod,-0.0104,0.0092,0.1499,-0.0242,-0.0374,-0.0006,0.0043,-0.0152,-0.0067,0.0558,-0.0143,-0.0015,0.000,0.000,-0.0229,-0.0339,-0.0242,-0.0374,-0.0006,0.1264,0,0.2988,-0.1881,0.0158,1,8.32,0.030,1.104,0.296,,-0.0024,0.0018,1.5627,0.3041,-0.1935,-0.1503,0.2984,0.1914,0.0160,1,0.00,0.010,0.058,0.003,,-0.0244,-0.0524,1.6438,0.3034,0.1859,-0.1408,-0.0010,-0.3415,0.0272,1,0.00,0.007,0.059,0.004,,0.0217,-0.1052,1.6853,0.0050,-0.3476,-0.1316,-0.0014,0.3472,0.0225,1,1.58,0.191,0.242,0.007,,-0.0175,-0.1750,1.7877,0.0040,0.3410,-0.1194,-0.3003,-0.1860,0.0273,1,1.44,0.153,0.158,0.068,,0.0210,-0.1930,1.7956,-0.2941,-0.1926,-0.1164,-0.3011,0.1937,0.0322,1,5.35,0.022,0.709,0.210,,0.0027,-0.2761,1.8706,-0.2950,0.1869,-0.1023
7.825,1384,tripod,-0.0103,0.0089,0.1498,-0.0231,-0.0374,-0.0007,0.0029,-0.0145,-0.0006,0.0526,-0.0146,-0.0023,0.000,0.000,-0.0220,-0.0337,-0.0231,-0.0374,-0.0007,0.1263,0,0.2988,-0.1881,0.0154,1,7.02,0.079,1.000,0.185,,-0.0021,0.0025,1.5627,0.3040,-0.1933,-0.1504,0.2984,0.1914,0.0165,1,0.00,0.003,0.047,0.002,,-0.0238,-0.0542,1.6455,0.3033,0.1860,-0.1405,-0.0009,-0.3415,0.0261,1,0.00,0.001,0.045,0.004,,0.0215,-0.1016,1.6828,0.0050,-0.3475,-0.1322,-0.0014,0.3472,0.0229,1,1.19,0.149,0.171,0.007,,-0.0173,-0.1756,1.7875,0.0039,0.3411,-0.1193,-0.3003,-0.1860,0.0273,1,0.98,0.055,0.062,0.088,,0.0204,-0.1946,1.7968,-0.2942,-0.1925,-0.1161,-0.3010,0.1937,0.0328,1,5.45,0.010,0.703,0.234,,0.0025,-0.2796,1.8725,-0.2950,0.1870,-0.1017
7.847,1388,tripod,-0.0103,0.0086,0.1499,-0.0222,-0.0376,-0.0008,0.0015,-0.0143,0.0033,0.0511,-0.0155,-0.0030,0.000,0.000,-0.0211,-0.0337,-0.0222,-0.0376,-0.0008,0.1263,0,0.2988,-0.1881,0.0151,1,6.17,0.001,0.913,0.140,,-0.0018,0.0035,1.5625,0.3039,-0.1932,-0.1506,0.2984,0.1914,0.0170,1,0.00,0.001,0.035,0.002,,-0.0233,-0.0556,1.6468,0.3033,0.1861,-0.1402,-0.0009,-0.3416,0.0250,1,0.00,0.003,0.033,0.005,,0.0213,-0.0972,1.6796,0.0050,-0.3474,-0.1330,-0.0013,0.3471,0.0233,1,0.01,0.003,0.030,0.001,,-0.0172,-0.1764,1.7875,0.0039,0.3412,-0.1192,-0.3003,-0.1860,0.0272,1,0.00,0.001,0.034,0.002,,0.0199,-0.1955,1.7976,-0.2943,-0.1924,-0.1159,-0.3010,0.1936,0.0334,1,6.45,0.026,0.842,0.264,,0.0022,-0.2824,1.8738,-0.2951,0.1871,-0.1012
7.869,1392,tripod,-0.0102,0.0084,0.1500,-0.0215,-0.0378,-0.0009,0.0008,-0.0109,0.0108,0.0296,-0.0127,-0.0028,0.000,0.000,-0.0202,-0.0338,-0.0215,-0.0378,-0.0009,0.1265,0,0.2988,-0.1881,0.0150,1,6.07,0.012,0.946,0.090,,-0.0014,0.0046,1.5620,0.3039,-0.1931,-0.1508,0.2984,0.1914,0.0175,1,0.00,0.001,0.033,0.001,,-0.0227,-0.0567,1.6477,0.3032,0.1863,-0.1400,-0.0008,-0.3417,0.0235,1,0.00,0.004,0.028,0.012,,0.0213,-0.0888,1.6726,0.0050,-0.3473,-0.1345,-0.0013,0.3471,0.0238,1,0.00,0.003,0.032,0.001,,-0.0170,-0.1771,1.7875,0.0039,0.3413,-0.1190,-0.3003,-0.1860,0.0272,1,0.00,0.001,0.035,0.001,,0.0194,-0.1958,1.7979,-0.2943,-0.1923,-0.1159,-0.3010,0.1936,0.0340,1,6.50,0.026,0.859,0.251,,0.0019,-0.2846,1.8749,-0.2951,0.1871,-0.1008
7.892,1396,tripod,-0.0102,0.0083,0.1502,-0.0210,-0.0380,-0.0009,0.0008,-0.0094,0.0132,0.0227,-0.0060,-0.0029,0.000,0.000,-0.0196,-0.0340,-0.0210,-0.0380,-0.0009,0.1267,0,0.2988,-0.1881,0.0149,1,5.93,0.030,0.940,0.071,,-0.0010,0.0059,1.5612,0.3039,-0.1930,-0.1510,0.2984,0.1914,0.0180,1,0.00,0.001,0.034,0.001,,-0.0222,-0.0576,1.6484,0.3032,0.1864,-0.1399,-0.0007,-0.3417,0.0221,1,0.00,0.003,0.028,0.010,,0.0214,-0.0808,1.6659,0.0050,-0.3472,-0.1359,-0.0013,0.3471,0.0243,1,0.09,0.015,0.016,0.000,,-0.0170,-0.1778,1.7874,0.0038,0.3414,-0.1189,-0.3003,-0.1860,0.0272,1,0.00,0.002,0.033,0.001,,0.0190,-0.1955,1.7979,-0.2943,-0.1922,-0.1159,-0.3010,0.1936,0.0345,1,6.31,0.030,0.837,0.241,,0.0016,-0.2862,1.8755,-0.2951,0.1872,-0.1006
7.914,1400,tripod,-0.0102,0.0081,0.1502,-0.0207,-0.0380,-0.0010,0.0063,-0.0102,-0.0341,0.0118,0.0009,-0.0026,0.000,0.000,-0.0191,-0.0341,-0.0207,-0.0380,-0.0010,0.1266,0,0.2988,-0.1881,0.0149,1,4.18,0.008,0.576,0.134,,-0.0006,0.0054,1.5623,0.3038,-0.1929,-0.1509,0.2984,0.1914,0.0184,1,0.00,0.006,0.028,0.003,,-0.0217,-0.0601,1.6505,0.3032,0.1865,-0.1395,-0.0006,-0.3418,0.0211,1,0.00,0.005,0.020,0.005,,0.0214,-0.0759,1.6621,0.0050,-0.3471,-0.1367,-0.0013,0.3471,0.0248,1,0.03,0.011,0.018,0.003,,-0.0169,-0.1802,1.7887,0.0038,0.3415,-0.1185,-0.3003,-0.1861,0.0271,1,0.00,0.003,0.019,0.000,,0.0187,-0.1947,1.7975,-0.2943,-0.1921,-0.1161,-0.3010,0.1936,0.0350,1,4.58,0.021,0.468,0.361,,0.0014,-0.2892,1.8771,-0.2952,0.1873,-0.1001
7.938,1404,tripod,-0.0100,0.0080,0.1494,-0.0209,-0.0375,-0.0011,0.0100,0.0018,-0.0287,-0.0516,0.0744,-0.0090,0.000,0.000,-0.0188,-0.0341,-0.0209,-0.0375,-0.0011,0.1259,0,0.2988,-0.1882,0.0149,1,4.16,0.510,0.924,0.255,,-0.0002,0.0002,1.5681,0.3038,-0.1927,-0.1500,0.2984,0.1913,0.0187,1,0.22,0.022,0.013,0.008,,-0.0212,-0.0669,1.6566,0.3031,0.1866,-0.1383,-0.0006,-0.3418,0.0204,1,0.00,0.005,0.048,0.002,,0.0213,-0.0767,1.6635,0.0050,-0.3470,-0.1366,-0.0012,0.3470,0.0251,1,4.92,0.136,0.431,0.438,,-0.0167,-0.1871,1.7936,0.0038,0.3416,-0.1173,-0.3002,-0.1861,0.0262,1,5.91,0.428,0.941,0.035,,0.0183,-0.1933,1.7966,-0.2944,-0.1920,-0.1163,-0.3010,0.1936,0.0356,1,0.00,0.009,0.049,0.007,,0.0011,-0.2967,1.8814,-0.2952,0.1874,-0.0988
7.960,1408,tripod,-0.0099,0.0080,0.1490,-0.0215,-0.0369,-0.0011,0.0064,0.0004,-0.0119,-0.0316,0.0326,-0.0030,0.000,0.000,-0.0189,-0.0338,-0.0215,-0.0369,-0.0011,0.1255,0,0.2988,-0.1882,0.0150,1,4.20,0.452,0.811,0.122,,0.0001,-0.0031,1.5716,0.3038,-0.1927,-0.1495,0.2984,0.1914,0.0189,1,0.00,0.001,0.028,0.006,,-0.0208,-0.0716,1.6608,0.3031,0.1867,-0.1375,-0.0006,-0.3418,0.0198,1,0.00,0.013,0.048,0.005,,0.0214,-0.0735,1.6610,0.0050,-0.3470,-0.1371,-0.0012,0.3470,0.0254,1,4.98,0.276,0.573,0.283,,-0.0165,-0.1919,1.7971,0.0037,0.3416,-0.1165,-0.3002,-0.1861,0.0258,1,6.38,0.192,0.954,0.100,,0.0181,-0.1916,1.7953,-0.2944,-0.1920,-0.1166,-0.3010,0.1936,0.0362,1,0.00,0.011,0.053,0.005,,0.0010,-0.3019,1.8843,-0.2953,0.1875,-0.0980
7.983,1412,tripod,-0.0099,0.0080,0.1490,-0.0217,-0.0370,-0.0011,0.0017,0.0002,0.0022,-0.0195,0.0001,-0.0021,0.000,0.000,-0.0191,-0.0334,-0.0217,-0.0370,-0.0011,0.1255,0,0.2989,-0.1882,0.0153,1,4.26,0.388,0.802,0.095,,0.0003,-0.0048,1.5735,0.3038,-0.1926,-0.1492,0.2984,0.1914,0.0192,1,0.00,0.002,0.020,0.004,,-0.0204,-0.0742,1.6633,0.3031,0.1868,-0.1370,-0.0005,-0.3419,0.0184,1,0.00,0.014,0.046,0.012,,0.0215,-0.0653,1.6536,0.0050,-0.3469,-0.1386,-0.0012,0.3470,0.0257,1,5.04,0.299,0.617,0.242,,-0.0164,-0.1947,1.7991,0.0037,0.3416,-0.1161,-0.3002,-0.1861,0.0255,1,6.46,0.112,0.954,0.118,,0.0179,-0.1897,1.7938,-0.2944,-0.1919,-0.1169,-0.3010,0.1937,0.0366,1,0.00,0.014,0.056,0.003,,0.0009,-0.3052,1.8861,-0.2953,0.1875,-0.0974
8.006,1416,tripod,-0.0100,0.0081,0.1492,-0.0224,-0.0375,-0.0012,-0.0083,0.0152,0.0371,-0.1042,-0.0381,-0.0128,0.000,0.000,-0.0194,-0.0334,-0.0224,-0.0375,-0.0012,0.1257,0,0.2988,-0.1882,0.0158,1,0.00,0.011,0.072,0.001,,0.0003,-0.0054,1.5744,0.3038,-0.1926,-0.1491,0.2983,0.1914,0.0196,1,0.00,0.008,0.036,0.002,,-0.0203,-0.0754,1.6644,0.3030,0.1868,-0.1368,-0.0004,-0.3419,0.0170,1,10.40,0.120,1.100,0.713,,0.0216,-0.0552,1.6443,0.0050,-0.3469,-0.1403,-0.0013,0.3470,0.0259,1,8.40,0.057,1.127,0.349,,-0.0163,-0.1960,1.8000,0.0037,0.3416,-0.1158,-0.3002,-0.1861,0.0253,1,0.00,0.004,0.063,0.002,,0.0178,-0.1874,1.7922,-0.2944,-0.1919,-0.1173,-0.3011,0.1937,0.0369,1,0.00,0.010,0.031,0.003,,0.0008,-0.3070,1.8870,-0.2953,0.1876,-0.0971
8.028,1420,tripod,-0.0101,0.0082,0.1497,-0.0233,-0.0382,-0.0014,-0.0076,0.0068,0.0076,-0.0433,-0.0504,-0.0075,0.000,0.000,-0.0200,-0.0337,-0.0233,-0.0382,-0.0014,0.1259,0,0.2986,-0.1881,0.0168,1,0.00,0.003,0.033,0.003,,0.0003,-0.0060,1.5753,0.3037,-0.1925,-0.1490,0.2983,0.1914,0.0203,1,0.00,0.004,0.028,0.000,,-0.0202,-0.0762,1.6653,0.3030,0.1868,-0.1366,-0.0005,-0.3419,0.0165,1,3.99,0.146,0.523,0.178,,0.0217,-0.0475,1.6371,0.0050,-0.3469,-0.1417,-0.0013,0.3471,0.0262,1,4.50,0.072,0.390,0.440,,-0.0163,-0.1968,1.8006,0.0037,0.3416,-0.1157,-0.3003,-0.1860,0.0253,1,0.00,0.019,0.014,0.002,,0.0178,-0.1851,1.7904,-0.2944,-0.1919,-0.1177,-0.3011,0.1939,0.0372,1,0.00,0.013,0.011,0.003,,0.0008,-0.3082,1.8877,-0.2953,0.1876,-0.0969
8.049,1424,tripod,-0.0102,0.0083,0.1487,-0.0236,-0.0389,-0.0015,0.0061,-0.0016,-0.0853,-0.0414,0.0369,-0.0213,0.000,0.000,-0.0206,-0.0343,-0.0236,-0.0389,-0.0015,0.1250,0,0.2986,-0.1882,0.0176,1,0.00,0.005,0.012,0.014,,0.0003,-0.0141,1.5836,0.3037,-0.1925,-0.1475,0.2983,0.1914,0.0210,1,0.00,0.032,0.022,0.016,,-0.0200,-0.0843,1.6727,0.3030,0.1868,-0.1352,-0.0005,-0.3419,0.0159,1,3.53,0.544,0.476,0.056,,0.0217,-0.0491,1.6387,0.0050,-0.3469,-0.1414,-0.0013,0.3471,0.0266,1,6.06,0.547,0.592,0.493,,-0.0161,-0.2047,1.8064,0.0036,0.3417,-0.1144,-0.3002,-0.1859,0.0242,1,5.93,0.101,0.526,0.463,,0.0179,-0.1844,1.7899,-0.2944,-0.1919,-0.1178,-0.3012,0.1940,0.0371,1,0.00,0.025,0.083,0.008,,0.0008,-0.3145,1.8914,-0.2954,0.1876,-0.0959
8.073,1428,tripod,-0.0100,0.0083,0.1476,-0.0241,-0.0380,-0.0016,0.0079,0.0039,-0.0532,-0.0384,0.0487,-0.0112,0.000,0.000,-0.0211,-0.0345,-0.0241,-0.0380,-0.0016,0.1239,0,0.2985,-0.1882,0.0180,1,4.07,0.630,0.742,0.089,,0.0002,-0.0236,1.5929,0.3037,-0.1925,-0.1459,0.2983,0.1914,0.0211,1,1.59,0.043,0.235,0.006,,-0.0199,-0.0935,1.6810,0.3030,0.1869,-0.1336,-0.0005,-0.3420,0.0156,1,0.00,0.006,0.067,0.005,,0.0217,-0.0533,1.6426,0.0050,-0.3469,-0.1406,-0.0013,0.3472,0.0268,1,4.56,0.207,0.399,0.405,,-0.0159,-0.2136,1.8129,0.0036,0.3417,-0.1128,-0.3002,-0.1859,0.0236,1,7.83,0.425,1.215,0.062,,0.0179,-0.1861,1.7912,-0.2944,-0.1919,-0.1175,-0.3011,0.1940,0.0368,1,0.00,0.020,0.067,0.003,,0.0008,-0.3190,1.8941,-0.2954,0.1876,-0.0951
8.096,1432,tripod,-0.0100,0.0083,0.1469,-0.0245,-0.0381,-0.0017,0.0003,0.0057,-0.0317,-0.0410,0.0022,-0.0115,0.000,0.000,-0.0215,-0.0343,-0.0245,-0.0381,-0.0017,0.1232,0,0.2985,-0.1882,0.0186,1,4.72,0.701,0.923,0.152,,0.0001,-0.0305,1.5996,0.3037,-0.1926,-0.1447,0.2983,0.1914,0.0214,1,0.04,0.010,0.003,0.013,,-0.0198,-0.1000,1.6869,0.3029,0.1869,-0.1325,-0.0005,-0.3420,0.0156,1,0.00,0.002,0.066,0.003,,0.0217,-0.0563,1.6451,0.0050,-0.3470,-0.1401,-0.0013,0.3472,0.0269,1,5.30,0.309,0.545,0.379,,-0.0157,-0.2197,1.8176,0.0036,0.3417,-0.1118,-0.3002,-0.1859,0.0231,1,7.55,0.441,1.167,0.061,,0.0180,-0.1869,1.7917,-0.2944,-0.1919,-0.1174,-0.3011,0.1940,0.0365,1,0.00,0.025,0.068,0.002,,0.0009,-0.3218,1.8958,-0.2954,0.1876,-0.0947
8.118,1436,tripod,-0.0101,0.0084,0.1465,-0.0250,-0.0389,-0.0018,-0.0058,0.0065,-0.0143,-0.0400,-0.0307,-0.0113,0.000,0.000,-0.0220,-0.0345,-0.0250,-0.0389,-0.0018,0.1227,0,0.2984,-0.1882,0.0193,1,4.86,0.728,0.950,0.147,,0.0000,-0.0353,1.6043,0.3037,-0.1926,-0.1438,0.2982,0.1913,0.0219,1,0.00,0.010,0.007,0.008,,-0.0198,-0.1043,1.6909,0.3029,0.1868,-0.1318,-0.0006,-0.3420,0.0156,1,0.00,0.004,0.066,0.002,,0.0217,-0.0578,1.6463,0.0050,-0.3470,-0.1399,-0.0013,0.3472,0.0270,1,5.27,0.214,0.531,0.407,,-0.0156,-0.2237,1.8207,0.0035,0.3417,-0.1111,-0.3002,-0.1859,0.0226,1,7.46,0.598,1.163,0.051,,0.0182,-0.1871,1.7917,-0.2944,-0.1920,-0.1174,-0.3011,0.1941,0.0360,1,0.00,0.029,0.071,0.000,,0.0010,-0.3231,1.8968,-0.2954,0.1876,-0.0944
8.141,1440,tripod,-0.0102,0.0085,0.1463,-0.0255,-0.0401,-0.0018,-0.0083,0.0062,0.0010,-0.0320,-0.0396,0.0001,0.000,0.000,-0.0224,-0.0350,-0.0255,-0.0401,-0.0018,0.1225,0,0.2984,-0.1883,0.0202,1,6.06,0.486,1.140,0.118,,-0.0001,-0.0388,1.6075,0.3037,-0.1926,-0.1432,0.2982,0.1913,0.0225,1,0.00,0.001,0.005,0.006,,-0.0200,-0.1071,1.6935,0.3029,0.1868,-0.1313,-0.0005,-0.3420,0.0152,1,0.00,0.020,0.059,0.004,,0.0219,-0.0554,1.6437,0.0051,-0.3470,-0.1403,-0.0013,0.3472,0.0271,1,3.02,0.431,0.413,0.057,,-0.0156,-0.2259,1.8225,0.0035,0.3417,-0.1108,-0.3002,-0.1859,0.0220,1,5.70,0.583,0.620,0.340,,0.0183,-0.1864,1.7912,-0.2944,-0.1920,-0.1175,-0.3011,0.1941,0.0354,1,4.01,0.523,0.479,0.157,,0.0010,-0.3233,1.8970,-0.2954,0.1875,-0.0944
8.164,1444,tripod,-0.0104,0.0086,0.1464,-0.0259,-0.0414,-0.0017,-0.0104,0.0070,0.0132,-0.0335,-0.0469,0.0012,0.000,0.000,-0.0228,-0.0359,-0.0259,-0.0414,-0.0017,0.1225,0,0.2984,-0.1882,0.0212,1,5.73,0.232,1.090,0.119,,-0.0002,-0.0412,1.6096,0.3037,-0.1926,-0.1428,0.2982,0.1913,0.0232,1,0.00,0.004,0.016,0.004,,-0.0202,-0.1089,1.6951,0.3029,0.1868,-0.1310,-0.0005,-0.3421,0.0150,1,1.73,0.205,0.168,0.117,,0.0221,-0.0528,1.6409,0.0051,-0.3471,-0.1407,-0.0013,0.3472,0.0272,1,0.64,0.085,0.048,0.012,,-0.0157,-0.2269,1.8234,0.0036,0.3416,-0.1106,-0.3002,-0.1860,0.0216,1,0.00,0.017,0.070,0.002,,0.0186,-0.1851,1.7903,-0.2943,-0.1921,-0.1177,-0.3011,0.1941,0.0349,1,8.23,0.088,1.063,0.343,,0.0011,-0.3223,1.8967,-0.2954,0.1875,-0.0946
8.187,1448,tripod,-0.0107,0.0087,0.1466,-0.0265,-0.0427,-0.0017,-0.0130,0.0076,0.0190,-0.0338,-0.0515,0.0028,0.000,0.000,-0.0232,-0.0370,-0.0265,-0.0427,-0.0017,0.1226,0,0.2983,-0.1882,0.0223,1,6.22,0.225,1.199,0.140,,-0.0002,-0.0430,1.6108,0.3037,-0.1927,-0.1425,0.2981,0.1913,0.0239,1,0.00,0.002,0.013,0.003,,-0.0204,-0.1100,1.6959,0.3030,0.1867,-0.1308,-0.0004,-0.3421,0.0150,1,1.30,0.197,0.163,0.040,,0.0225,-0.0504,1.6382,0.0052,-0.3472,-0.1412,-0.0014,0.3472,0.0272,1,0.13,0.012,0.031,0.003,,-0.0159,-0.2268,1.8236,0.0036,0.3416,-0.1106,-0.3002,-0.1860,0.0213,1,0.00,0.021,0.073,0.003,,0.0190,-0.1832,1.7890,-0.2942,-0.1921,-0.1180,-0.3011,0.1941,0.0343,1,8.99,0.008,1.176,0.359,,0.0011,-0.3205,1.8959,-0.2953,0.1875,-0.0949
8.210,1452,tripod,-0.0109,0.0088,0.1469,-0.0272,-0.0441,-0.0017,-0.0152,0.0085,0.0226,-0.0351,-0.0549,-0.0001,0.000,0.000,-0.0238,-0.0381,-0.0272,-0.0441,-0.0017,0.1227,0,0.2983,-0.1882,0.0234,1,6.27,0.183,1.241,0.175,,-0.0002,-0.0445,1.6116,0.3038,-0.1927,-0.1422,0.2981,0.1914,0.0246,1,0.00,0.008,0.014,0.002,,-0.0207,-0.1107,1.6963,0.3030,0.1867,-0.1307,-0.0004,-0.3421,0.0152,1,1.16,0.151,0.111,0.071,,0.0229,-0.0483,1.6357,0.0053,-0.3473,-0.1415,-0.0014,0.3472,0.0272,1,0.00,0.013,0.051,0.001,,-0.0162,-0.2261,1.8233,0.0037,0.3416,-0.1107,-0.3002,-0.1860,0.0209,1,0.00,0.017,0.071,0.003,,0.0194,-0.1810,1.7875,-0.2942,-0.1922,-0.1184,-0.3012,0.1941,0.0337,1,9.17,0.037,1.193,0.377,,0.0012,-0.3180,1.8949,-0.2953,0.1874,-0.0953
8.232,1456,tripod,-0.0112,0.0090,0.1468,-0.0281,-0.0455,-0.0017,-0.0112,0.0076,-0.0180,-0.0376,-0.0442,-0.0001,0.000,0.000,-0.0244,-0.0393,-0.0281,-0.0455,-0.0017,0.1225,0,0.2983,-0.1882,0.0246,1,8.12,0.159,1.438,0.039,,-0.0002,-0.0485,1.6147,0.3039,-0.1928,-0.1415,0.2981,0.1914,0.0253,1,0.00,0.017,0.037,0.008,,-0.0211,-0.1137,1.6986,0.3031,0.1866,-0.1301,-0.0004,-0.3422,0.0156,1,1.39,0.194,0.164,0.056,,0.0233,-0.0491,1.6360,0.0054,-0.3473,-0.1414,-0.0014,0.3473,0.0271,1,1.35,0.174,0.098,0.038,,-0.0165,-0.2276,1.8245,0.0037,0.3415,-0.1105,-0.3001,-0.1860,0.0202,1,0.00,0.025,0.081,0.004,,0.0199,-0.1778,1.7854,-0.2941,-0.1922,-0.1189,-0.3012,0.1941,0.0330,1,11.66,0.257,1.407,0.597,,0.0012,-0.3178,1.8952,-0.2952,0.1874,-0.0953
8.255,1460,tripod,-0.0114,0.0092,0.1466,-0.0293,-0.0463,-0.0017,-0.0077,0.0159,0.0005,-0.0871,-0.0105,-0.0091,0.000,0.000,-0.0251,-0.0405,-0.0293,-0.0463,-0.0017,0.1222,0,0.2982,-0.1882,0.0257,1,4.53,0.641,0.860,0.113,,-0.0002,-0.0533,1.6185,0.3040,-0.1928,-0.1407,0.2981,0.1914,0.0256,1,0.00,0.008,0.015,0.002,,-0.0214,-0.1159,1.7002,0.3032,0.1866,-0.1297,-0.0004,-0.3422,0.0161,1,0.00,0.011,0.054,0.002,,0.0238,-0.0511,1.6375,0.0055,-0.3474,-0.1410,-0.0015,0.3473,0.0268,1,5.92,0.417,0.713,0.297,,-0.0167,-0.2295,1.8263,0.0038,0.3415,-0.1101,-0.3001,-0.1861,0.0193,1,7.40,0.262,1.205,0.003,,0.0204,-0.1745,1.7831,-0.2940,-0.1923,-0.1195,-0.3012,0.1941,0.0324,1,0.00,0.017,0.072,0.001,,0.0012,-0.3181,1.8959,-0.2951,0.1873,-0.0953
8.277,1464,tripod,-0.0116,0.0094,0.1466,-0.0306,-0.0472,-0.0017,-0.0102,0.0145,0.0029,-0.0715,-0.0272,-0.0064,0.000,0.000,-0.0261,-0.0414,-0.0306,-0.0472,-0.0017,0.1221,0,0.2982,-0.1881,0.0269,1,4.51,0.551,0.861,0.116,,-0.0001,-0.0575,1.6216,0.3041,-0.1929,-0.1399,0.2981,0.1914,0.0258,1,0.00,0.009,0.015,0.002,,-0.0219,-0.1168,1.7005,0.3033,0.1865,-0.1296,-0.0004,-0.3422,0.0169,1,0.00,0.011,0.053,0.002,,0.0244,-0.0530,1.6387,0.0057,-0.3474,-0.1407,-0.0015,0.3473,0.0266,1,6.10,0.376,0.765,0.268,,-0.0171,-0.2306,1.8274,0.0039,0.3414,-0.1100,-0.3000,-0.1861,0.0188,1,7.43,0.217,1.167,0.047,,0.0210,-0.1716,1.7810,-0.2939,-0.1924,-0.1200,-0.3012,0.1942,0.0318,1,0.00,0.018,0.075,0.000,,0.0013,-0.3177,1.8962,-0.2951,0.1873,-0.0953
8.299,1468,tripod,-0.0118,0.0097,0.1466,-0.0316,-0.0482,-0.0017,-0.0128,0.0143,0.0032,-0.0587,-0.0384,-0.0089,0.000,0.000,-0.0272,-0.0423,-0.0316,-0.0482,-0.0017,0.1220,0,0.2982,-0.1881,0.0281,1,4.60,0.601,0.949,0.196,,-0.0002,-0.0615,1.6242,0.3043,-0.1930,-0.1392,0.2981,0.1914,0.0260,1,0.00,0.012,0.019,0.002,,-0.0224,-0.1176,1.7009,0.3034,0.1864,-0.1295,-0.0004,-0.3422,0.0176,1,0.00,0.006,0.048,0.003,,0.0249,-0.0549,1.6399,0.0058,-0.3475,-0.1404,-0.0015,0.3474,0.0263,1,6.42,0.366,0.797,0.289,,-0.0174,-0.2309,1.8282,0.0039,0.3414,-0.1099,-0.3000,-0.1861,0.0183,1,7.29,0.289,1.264,0.090,,0.0216,-0.1693,1.7794,-0.2938,-0.1925,-0.1204,-0.3013,0.1943,0.0312,1,0.00,0.018,0.078,0.001,,0.0014,-0.3167,1.8962,-0.2950,0.1872,-0.0955
8.323,1472,tripod,-0.0120,0.0099,0.1461,-0.0326,-0.0494,-0.0017,-0.0101,0.0110,-0.0368,-0.0518,-0.0479,-0.0066,0.000,0.000,-0.0281,-0.0432,-0.0326,-0.0494,-0.0017,0.1215,0,0.2981,-0.1881,0.0294,1,4.83,0.520,0.936,0.142,,-0.0002,-0.0675,1.6290,0.3044,-0.1930,-0.1382,0.2981,0.1914,0.0263,1,0.00,0.023,0.033,0.006,,-0.0229,-0.1208,1.7033,0.3035,0.1863,-0.1289,-0.0004,-0.3422,0.0183,1,0.00,0.014,0.047,0.008,,0.0254,-0.0593,1.6433,0.0059,-0.3476,-0.1396,-0.0015,0.3474,0.0259,1,8.28,0.509,0.963,0.435,,-0.0177,-0.2332,1.8304,0.0040,0.3413,-0.1095,-0.3000,-0.1861,0.0178,1,8.53,0.072,1.312,0.074,,0.0222,-0.1698,1.7800,-0.2937,-0.1926,-0.1203,-0.3013,0.1943,0.0300,1,0.00,0.014,0.097,0.002,,0.0016,-0.3145,1.8955,-0.2949,0.1871,-0.0959
8.346,1476,tripod,-0.0121,0.0100,0.1458,-0.0331,-0.0498,-0.0016,-0.0037,0.0072,-0.0074,-0.0112,0.0182,-0.0009,0.000,0.000,-0.0290,-0.0440,-0.0331,-0.0498,-0.0016,0.1210,0,0.2981,-0.1881,0.0304,1,9.10,0.025,1.694,0.137,,-0.0004,-0.0742,1.6341,0.3045,-0.1932,-0.1370,0.2980,0.1914,0.0267,1,0.00,0.015,0.032,0.007,,-0.0234,-0.1247,1.7064,0.3036,0.1863,-0.1282,-0.0004,-0.3421,0.0190,1,0.47,0.064,0.054,0.013,,0.0258,-0.0644,1.6475,0.0060,-0.3477,-0.1387,-0.0015,0.3474,0.0259,1,0.00,0.020,0.092,0.002,,-0.0180,-0.2361,1.8327,0.0041,0.3412,-0.1090,-0.3000,-0.1861,0.0177,1,0.00,0.011,0.088,0.002,,0.0227,-0.1715,1.7817,-0.2936,-0.1927,-0.1200,-0.3012,0.1943,0.0289,1,12.68,0.123,1.802,0.291,,0.0017,-0.3119,1.8944,-0.2949,0.1871,-0.0963
8.367,1480,tripod,-0.0122,0.0102,0.1454,-0.0340,-0.0501,-0.0016,-0.0058,0.0119,-0.0489,-0.0620,-0.0203,-0.0017,0.000,0.000,-0.0296,-0.0446,-0.0340,-0.0501,-0.0016,0.1204,0,0.2981,-0.1881,0.0315,1,4.46,0.035,0.879,0.154,,-0.0005,-0.0812,1.6396,0.3046,-0.1932,-0.1358,0.2980,0.1914,0.0270,1,0.38,0.000,0.009,0.032,,-0.0238,-0.1293,1.7101,0.3037,0.1862,-0.1274,-0.0004,-0.3421,0.0199,1,0.65,0.097,0.083,0.007,,0.0262,-0.0702,1.6521,0.0061,-0.3478,-0.1377,-0.0016,0.3475,0.0257,1,0.00,0.005,0.041,0.004,,-0.0182,-0.2387,1.8350,0.0041,0.3412,-0.1086,-0.3000,-0.1861,0.0176,1,0.00,0.004,0.040,0.001,,0.0233,-0.1721,1.7825,-0.2934,-0.1928,-0.1199,-0.3012,0.1943,0.0281,1,5.89,0.083,0.999,0.077,,0.0018,-0.3108,1.8942,-0.2948,0.1870,-0.0965
8.390,1484,tripod,-0.0123,0.0104,0.1445,-0.0349,-0.0504,-0.0016,-0.0008,0.0070,-0.0218,-0.0103,0.0488,-0.0148,0.000,0.000,-0.0305,-0.0451,-0.0349,-0.0504,-0.0016,0.1196,0,0.2980,-0.1880,0.0326,1,4.40,0.303,1.111,0.458,,-0.0006,-0.0908,1.6477,0.3046,-0.1933,-0.1341,0.2980,0.1915,0.0273,1,0.00,0.022,0.038,0.010,,-0.0241,-0.1367,1.7162,0.3037,0.1861,-0.1262,-0.0005,-0.3421,0.0208,1,0.10,0.015,0.029,0.012,,0.0264,-0.0788,1.6594,0.0061,-0.3479,-0.1362,-0.0015,0.3475,0.0247,1,7.45,0.066,0.969,0.289,,-0.0184,-0.2399,1.8363,0.0042,0.3411,-0.1084,-0.2999,-0.1861,0.0166,1,7.20,0.330,1.175,0.003,,0.0239,-0.1709,1.7817,-0.2933,-0.1929,-0.1201,-0.3013,0.1943,0.0273,1,0.00,0.011,0.082,0.003,,0.0020,-0.3135,1.8964,-0.2948,0.1870,-0.0960
8.412,1488,tripod,-0.0123,0.0105,0.1439,-0.0355,-0.0501,-0.0016,0.0021,0.0058,-0.0540,-0.0249,-0.0031,0.0044,0.000,0.000,-0.0312,-0.0452,-0.0355,-0.0501,-0.0016,0.1188,0,0.2979,-0.1880,0.0336,1,0.66,0.069,0.116,0.057,,-0.0008,-0.0999,1.6554,0.3047,-0.1934,-0.1325,0.2979,0.1915,0.0278,1,0.00,0.011,0.060,0.007,,-0.0244,-0.1437,1.7221,0.3037,0.1861,-0.1249,-0.0006,-0.3421,0.0219,1,4.96,0.121,0.733,0.109,,0.0265,-0.0871,1.6665,0.0062,-0.3480,-0.1348,-0.0015,0.3475,0.0243,1,6.94,0.031,0.885,0.295,,-0.0186,-0.2419,1.8381,0.0042,0.3411,-0.1080,-0.2999,-0.1862,0.0163,1,0.53,0.074,0.079,0.004,,0.0245,-0.1713,1.7822,-0.2933,-0.1930,-0.1200,-0.3013,0.1943,0.0270,1,0.00,0.001,0.041,0.002,,0.0021,-0.3146,1.8975,-0.2947,0.1869,-0.0958
8.435,1492,tripod,-0.0123,0.0106,0.1430,-0.0363,-0.0503,-0.0015,0.0003,0.0075,-0.0472,-0.0383,-0.0186,0.0037,0.000,0.000,-0.0318,-0.0452,-0.0363,-0.0503,-0.0015,0.1178,0,0.2979,-0.1879,0.0347,1,0.00,0.010,0.043,0.012,,-0.0010,-0.1098,1.6640,0.3047,-0.1934,-0.1308,0.2979,0.1916,0.0282,1,0.00,0.014,0.067,0.009,,-0.0246,-0.1517,1.7287,0.3038,0.1861,-0.1235,-0.0006,-0.3420,0.0230,1,7.40,0.037,1.214,0.037,,0.0266,-0.0966,1.6745,0.0062,-0.3480,-0.1331,-0.0015,0.3475,0.0238,1,9.29,0.090,1.152,0.442,,-0.0187,-0.2458,1.8414,0.0042,0.3410,-0.1074,-0.2998,-0.1862,0.0160,1,0.00,0.010,0.031,0.005,,0.0248,-0.1745,1.7847,-0.2932,-0.1930,-0.1195,-0.3011,0.1942,0.0255,1,0.00,0.009,0.051,0.002,,0.0023,-0.3116,1.8962,-0.2947,0.1868,-0.0963
8.459,1496,tripod,-0.0122,0.0108,0.1425,-0.0372,-0.0495,-0.0015,0.0080,0.0109,-0.0161,-0.0365,0.0870,-0.0039,0.000,0.000,-0.0325,-0.0452,-0.0372,-0.0495,-0.0015,0.1171,0,0.2979,-0.1878,0.0356,1,1.22,0.045,0.313,0.145,,-0.0012,-0.1181,1.6709,0.3047,-0.1935,-0.1294,0.2979,0.1916,0.0284,1,4.10,0.603,0.625,0.027,,-0.0248,-0.1581,1.7341,0.3038,0.1860,-0.1224,-0.0006,-0.3420,0.0242,1,4.72,0.774,0.820,0.073,,0.0266,-0.1046,1.6811,0.0062,-0.3481,-0.1317,-0.0015,0.3475,0.0234,1,0.00,0.013,0.077,0.002,,-0.0187,-0.2489,1.8438,0.0042,0.3409,-0.1068,-0.2997,-0.1862,0.0163,1,0.00,0.003,0.069,0.002,,0.0252,-0.1774,1.7870,-0.2932,-0.1931,-0.1190,-0.3010,0.1942,0.0243,1,7.96,0.180,1.759,0.690,,0.0025,-0.3075,1.8939,-0.2947,0.1867,-0.0970
8.480,1500,tripod,-0.0121,0.0110,0.1422,-0.0384,-0.0491,-0.0014,0.0020,0.0145,-0.0131,-0.0478,0.0484,0.0006,0.000,0.000,-0.0334,-0.0447,-0.0384,-0.0491,-0.0014,0.1166,0,0.2978,-0.1877,0.0365,1,0.00,0.003,0.013,0.014,,-0.0014,-0.1248,1.6767,0.3046,-0.1935,-0.1282,0.2979,0.1917,0.0286,1,5.00,0.754,0.797,0.003,,-0.0250,-0.1631,1.7385,0.3037,0.1859,-0.1216,-0.0006,-0.3419,0.0254,1,5.75,0.927,1.044,0.124,,0.0266,-0.1115,1.6867,0.0062,-0.3482,-0.1305,-0.0015,0.3475,0.0231,1,0.00,0.007,0.089,0.001,,-0.0187,-0.2512,1.8458,0.0042,0.3409,-0.1065,-0.2997,-0.1862,0.0164,1,0.00,0.011,0.077,0.003,,0.0257,-0.1770,1.7866,-0.2931,-0.1932,-0.1191,-0.3010,0.1942,0.0233,1,8.35,0.174,1.839,0.734,,0.0028,-0.3046,1.8921,-0.2947,0.1867,-0.0975
8.502,1504,tripod,-0.0121,0.0113,0.1419,-0.0398,-0.0493,-0.0013,0.0009,0.0147,-0.0076,-0.0559,0.0221,-0.0001,0.000,0.000,-0.0344,-0.0445,-0.0398,-0.0493,-0.0013,0.1163,0,0.2978,-0.1877,0.0376,1,0.00,0.001,0.022,0.014,,-0.0017,-0.1306,1.6816,0.3046,-0.1936,-0.1272,0.2978,0.1917,0.0288,1,5.11,0.775,0.828,0.007,,-0.0253,-0.1670,1.7421,0.3037,0.1859,-0.1209,-0.0007,-0.3419,0.0268,1,5.99,0.970,1.095,0.134,,0.0266,-0.1177,1.6916,0.0062,-0.3482,-0.1294,-0.0015,0.3476,0.0227,1,0.00,0.009,0.094,0.000,,-0.0186,-0.2531,1.8475,0.0042,0.3408,-0.1061,-0.2996,-0.1863,0.0157,1,0.00,0.007,0.078,0.008,,0.0263,-0.1724,1.7829,-0.2931,-0.1933,-0.1199,-0.3010,0.1942,0.0224,1,8.67,0.216,1.947,0.817,,0.0030,-0.3025,1.8912,-0.2947,0.1866,-0.0978
8.525,1508,tripod,-0.0121,0.0116,0.1419,-0.0414,-0.0493,-0.0015,-0.0016,0.0224,0.0073,-0.1030,0.0116,-0.0196,0.000,0.000,-0.0356,-0.0445,-0.0414,-0.0493,-0.0015,0.1160,0,0.2976,-0.1876,0.0387,1,0.00,0.001,0.044,0.005,,-0.0021,-0.1355,1.6857,0.3046,-0.1937,-0.1263,0.2978,0.1918,0.0290,1,6.19,0.005,1.100,0.085,,-0.0256,-0.1700,1.7446,0.3037,0.1858,-0.1204,-0.0008,-0.3418,0.0282,1,0.00,0.005,0.043,0.005,,0.0265,-0.1232,1.6957,0.0062,-0.3483,-0.1285,-0.0015,0.3477,0.0223,1,0.00,0.001,0.031,0.003,,-0.0186,-0.2538,1.8485,0.0042,0.3408,-0.1060,-0.2995,-0.1863,0.0150,1,6.48,0.019,1.050,0.041,,0.0269,-0.1675,1.7786,-0.2930,-0.1935,-0.1207,-0.3009,0.1943,0.0218,1,0.00,0.002,0.026,0.000,,0.0033,-0.3008,1.8906,-0.2946,0.1865,-0.0981
8.547,1512,tripod,-0.0122,0.0120,0.1421,-0.0434,-0.0495,-0.0016,-0.0043,0.0248,0.0092,-0.1228,-0.0259,-0.0120,0.000,0.000,-0.0370,-0.0444,-0.0434,-0.0495,-0.0016,0.1160,0,0.2975,-0.1876,0.0396,1,0.00,0.002,0.037,0.001,,-0.0026,-0.1366,1.6862,0.3045,-0.1938,-0.1261,0.2978,0.1918,0.0293,1,6.04,0.003,1.021,0.016,,-0.0259,-0.1720,1.7466,0.3037,0.1857,-0.1200,-0.0010,-0.3417,0.0299,1,0.00,0.001,0.039,0.005,,0.0264,-0.1281,1.6992,0.0062,-0.3484,-0.1276,-0.0014,0.3477,0.0214,1,0.00,0.003,0.027,0.002,,-0.0187,-0.2506,1.8470,0.0042,0.3407,-0.1065,-0.2996,-0.1863,0.0149,1,6.28,0.015,0.975,0.088,,0.0276,-0.1641,1.7753,-0.2930,-0.1937,-0.1213,-0.3008,0.1944,0.0213,1,0.00,0.000,0.029,0.000,,0.0037,-0.2989,1.8898,-0.2946,0.1864,-0.0984
8.570,1516,tripod,-0.0122,0.0123,0.1423,-0.0442,-0.0495,-0.0017,-0.0015,0.0127,0.0127,-0.0194,0.0077,0.0008,0.000,0.000,-0.0384,-0.0445,-0.0442,-0.0495,-0.0017,0.1163,0,0.2975,-0.1876,0.0395,1,0.00,0.008,0.017,0.005,,-0.0031,-0.1328,1.6823,0.3046,-0.1940,-0.1268,0.2978,0.1918,0.0295,1,3.29,0.512,0.540,0.045,,-0.0263,-0.1733,1.7480,0.3037,0.1856,-0.1198,-0.0011,-0.3416,0.0312,1,2.74,0.429,0.493,0.076,,0.0263,-0.1326,1.7023,0.0061,-0.3486,-0.1269,-0.0014,0.3477,0.0206,1,4.01,0.536,0.646,0.007,,-0.0188,-0.2472,1.8453,0.0042,0.3405,-0.1071,-0.2996,-0.1863,0.0149,1,3.84,0.350,0.633,0.011,,0.0282,-0.1617,1.7731,-0.2930,-0.1938,-0.1217,-0.3008,0.1944,0.0204,1,0.00,0.021,0.047,0.006,,0.0041,-0.2927,1.8864,-0.2945,0.1863,-0.0995
8.594,1520,tripod,-0.0122,0.0125,0.1425,-0.0449,-0.0498,-0.0016,0.0008,0.0115,0.0168,-0.0105,0.0015,0.0170,0.000,0.000,-0.0394,-0.0446,-0.0449,-0.0498,-0.0016,0.1167,0,0.2976,-0.1877,0.0387,1,0.00,0.008,0.006,0.011,,-0.0036,-0.1255,1.6749,0.3047,-0.1942,-0.1281,0.2978,0.1919,0.0298,1,0.90,0.128,0.094,0.011,,-0.0267,-0.1741,1.7491,0.3037,0.1855,-0.1197,-0.0012,-0.3415,0.0324,1,6.37,0.599,1.476,0.511,,0.0263,-0.1366,1.7047,0.0061,-0.3487,-0.1262,-0.0013,0.3477,0.0201,1,6.54,0.187,0.902,0.158,,-0.0188,-0.2440,1.8438,0.0042,0.3404,-0.1077,-0.2995,-0.1863,0.0149,1,0.00,0.036,0.040,0.001,,0.0288,-0.1601,1.7714,-0.2930,-0.1940,-0.1220,-0.3007,0.1944,0.0192,1,3.28,0.241,0.689,0.273,,0.0046,-0.2857,1.8825,-0.2945,0.1861,-0.1006
8.616,1524,tripod,-0.0125,0.0129,0.1429,-0.0457,-0.0502,-0.0016,-0.0126,0.0189,0.0348,-0.0307,-0.0040,0.0008,0.000,0.000,-0.0402,-0.0448,-0.0457,-0.0502,-0.0016,0.1170,0,0.2976,-0.1877,0.0382,1,7.73,0.011,1.500,0.193,,-0.0042,-0.1190,1.6683,0.3047,-0.1943,-0.1292,0.2976,0.1920,0.0303,1,0.00,0.023,0.030,0.002,,-0.0272,-0.1744,1.7498,0.3037,0.1853,-0.1196,-0.0014,-0.3414,0.0337,1,0.00,0.020,0.032,0.003,,0.0262,-0.1400,1.7068,0.0061,-0.3488,-0.1256,-0.0015,0.3479,0.0197,1,0.00,0.021,0.064,0.001,,-0.0189,-0.2411,1.8424,0.0043,0.3403,-0.1082,-0.2997,-0.1862,0.0151,1,0.00,0.026,0.064,0.001,,0.0294,-0.1589,1.7702,-0.2929,-0.1941,-0.1222,-0.3008,0.1944,0.0184,1,10.84,0.029,1.322,0.558,,0.0050,-0.2798,1.8792,-0.2945,0.1860,-0.1016
8.638,1528,tripod,-0.0126,0.0132,0.1433,-0.0466,-0.0503,-0.0015,-0.0037,0.0188,0.0223,-0.0504,0.0324,-0.0003,0.000,0.000,-0.0409,-0.0450,-0.0466,-0.0503,-0.0015,0.1173,0,0.2976,-0.1876,0.0380,1,7.88,0.052,1.159,0.253,,-0.0046,-0.1142,1.6632,0.3048,-0.1945,-0.1300,0.2974,0.1921,0.0306,1,0.35,0.050,0.031,0.012,,-0.0276,-0.1745,1.7503,0.3037,0.1852,-0.1196,-0.0015,-0.3412,0.0349,1,0.74,0.120,0.112,0.029,,0.0263,-0.1429,1.7085,0.0061,-0.3489,-0.1251,-0.0016,0.3479,0.0194,1,0.00,0.006,0.066,0.003,,-0.0190,-0.2383,1.8412,0.0043,0.3402,-0.1086,-0.2997,-0.1861,0.0155,1,0.00,0.002,0.063,0.002,,0.0300,-0.1579,1.7692,-0.2929,-0.1942,-0.1224,-0.3008,0.1945,0.0177,1,9.92,0.110,1.432,0.220,,0.0054,-0.2749,1.8766,-0.2944,0.1858,-0.1024
8.660,1532,tripod,-0.0126,0.0134,0.1436,-0.0476,-0.0501,-0.0015,0.0015,0.0146,0.0180,-0.0411,0.0375,-0.0015,0.000,0.000,-0.0418,-0.0451,-0.0476,-0.0501,-0.0015,0.1175,0,0.2976,-0.1877,0.0378,1,0.00,0.000,0.009,0.002,,-0.0051,-0.1106,1.6593,0.3049,-0.1947,-0.1307,0.2974,0.1922,0.0306,1,4.72,0.711,0.744,0.016,,-0.0280,-0.1744,1.7505,0.3037,0.1851,-0.1196,-0.0016,-0.3412,0.0360,1,5.21,0.818,0.943,0.116,,0.0263,-0.1455,1.7098,0.0062,-0.3490,-0.1246,-0.0016,0.3479,0.0189,1,0.00,0.010,0.070,0.002,,-0.0191,-0.2357,1.8400,0.0043,0.3401,-0.1090,-0.2997,-0.1861,0.0159,1,0.00,0.013,0.064,0.002,,0.0305,-0.1572,1.7684,-0.2929,-0.1943,-0.1225,-0.3008,0.1945,0.0171,1,7.40,0.117,1.591,0.543,,0.0058,-0.2707,1.8740,-0.2944,0.1857,-0.1031
8.682,1536,tripod,-0.0126,0.0137,0.1438,-0.0486,-0.0501,-0.0014,-0.0007,0.0148,0.0190,-0.0434,0.0213,-0.0010,0.000,0.000,-0.0427,-0.0451,-0.0486,-0.0501,-0.0014,0.1178,0,0.2977,-0.1877,0.0377,1,0.00,0.001,0.004,0.001,,-0.0055,-0.1078,1.6562,0.3049,-0.1948,-0.1311,0.2974,0.1922,0.0306,1,4.62,0.705,0.745,0.007,,-0.0285,-0.1740,1.7505,0.3037,0.1850,-0.1197,-0.0016,-0.3411,0.0370,1,5.09,0.811,0.928,0.123,,0.0264,-0.1478,1.7109,0.0062,-0.3492,-0.1242,-0.0015,0.3479,0.0184,1,0.00,0.006,0.065,0.002,,-0.0191,-0.2332,1.8388,0.0043,0.3400,-0.1095,-0.2997,-0.1861,0.0159,1,0.00,0.013,0.056,0.006,,0.0312,-0.1539,1.7655,-0.2928,-0.1945,-0.1230,-0.3008,0.1945,0.0166,1,6.86,0.106,1.579,0.631,,0.0062,-0.2671,1.8720,-0.2944,0.1856,-0.1037
8.704,1540,tripod,-0.0126,0.0139,0.1441,-0.0496,-0.0502,-0.0014,0.0008,0.0133,0.0187,-0.0438,0.0104,0.0008,0.000,0.000,-0.0436,-0.0451,-0.0496,-0.0502,-0.0014,0.1181,0,0.2978,-0.1877,0.0374,1,0.00,0.005,0.006,0.008,,-0.0060,-0.1026,1.6508,0.3049,-0.1950,-0.1320,0.2974,0.1922,0.0307,1,4.36,0.527,0.627,0.086,,-0.0289,-0.1734,1.7504,0.3037,0.1849,-0.1198,-0.0016,-0.3411,0.0380,1,4.22,0.584,0.809,0.154,,0.0264,-0.1499,1.7119,0.0062,-0.3493,-0.1239,-0.0015,0.3479,0.0179,1,0.00,0.013,0.057,0.001,,-0.0192,-0.2307,1.8378,0.0043,0.3399,-0.1099,-0.2996,-0.1862,0.0157,1,0.04,0.023,0.034,0.004,,0.0318,-0.1506,1.7625,-0.2928,-0.1946,-0.1236,-0.3007,0.1945,0.0162,1,6.24,0.074,1.164,0.216,,0.0065,-0.2640,1.8701,-0.2944,0.1856,-0.1042
8.726,1544,tripod,-0.0127,0.0142,0.1444,-0.0506,-0.0503,-0.0014,-0.0023,0.0139,0.0172,-0.0429,0.0092,-0.0036,0.000,0.000,-0.0445,-0.0452,-0.0506,-0.0503,-0.0014,0.1185,0,0.2979,-0.1879,0.0365,1,0.00,0.007,0.005,0.013,,-0.0065,-0.0938,1.6417,0.3050,-0.1952,-0.1336,0.2974,0.1922,0.0307,1,5.02,0.604,0.793,0.016,,-0.0293,-0.1727,1.7501,0.3037,0.1848,-0.1199,-0.0016,-0.3410,0.0390,1,3.05,0.486,0.557,0.087,,0.0264,-0.1519,1.7128,0.0062,-0.3494,-0.1235,-0.0015,0.3480,0.0175,1,0.00,0.005,0.053,0.000,,-0.0193,-0.2284,1.8367,0.0043,0.3398,-0.1103,-0.2996,-0.1862,0.0157,1,1.51,0.123,0.160,0.079,,0.0324,-0.1481,1.7602,-0.2927,-0.1947,-0.1240,-0.3007,0.1945,0.0158,1,4.91,0.232,0.969,0.252,,0.0069,-0.2612,1.8686,-0.2944,0.1854,-0.1047
8.748,1548,tripod,-0.0127,0.0144,0.1446,-0.0515,-0.0503,-0.0014,-0.0014,0.0127,0.0155,-0.0375,0.0080,-0.0041,0.000,0.000,-0.0453,-0.0453,-0.0515,-0.0503,-0.0014,0.1190,0,0.2981,-0.1881,0.0351,1,0.00,0.007,0.010,0.016,,-0.0070,-0.0832,1.6308,0.3052,-0.1954,-0.1354,0.2974,0.1923,0.0307,1,5.39,0.524,0.889,0.018,,-0.0298,-0.1720,1.7497,0.3037,0.1847,-0.1201,-0.0017,-0.3409,0.0399,1,1.89,0.302,0.330,0.050,,0.0265,-0.1538,1.7137,0.0062,-0.3495,-0.1232,-0.0015,0.3480,0.0171,1,0.00,0.006,0.046,0.000,,-0.0193,-0.2261,1.8357,0.0043,0.3397,-0.1106,-0.2996,-0.1862,0.0158,1,3.16,0.044,0.360,0.173,,0.0329,-0.1464,1.7585,-0.2927,-0.1949,-0.1243,-0.3007,0.1945,0.0155,1,3.35,0.240,0.716,0.253,,0.0073,-0.2588,1.8674,-0.2944,0.1853,-0.1051
8.770,1552,tripod,-0.0128,0.0147,0.1449,-0.0523,-0.0504,-0.0014,-0.0013,0.0118,0.0161,-0.0370,0.0053,-0.0025,0.000,0.000,-0.0461,-0.0453,-0.0523,-0.0504,-0.0014,0.1193,0,0.2982,-0.1882,0.0341,1,2.78,0.233,0.287,0.225,,-0.0076,-0.0748,1.6220,0.3052,-0.1956,-0.1369,0.2974,0.1923,0.0307,1,3.68,0.558,0.653,0.101,,-0.0302,-0.1712,1.7494,0.3037,0.1846,-0.1202,-0.0018,-0.3409,0.0408,1,0.00,0.008,0.030,0.001,,0.0265,-0.1557,1.7146,0.0062,-0.3496,-0.1229,-0.0015,0.3480,0.0167,1,0.00,0.004,0.040,0.001,,-0.0194,-0.2240,1.8349,0.0043,0.3396,-0.1110,-0.2996,-0.1862,0.0160,1,3.31,0.113,0.402,0.150,,0.0335,-0.1452,1.7573,-0.2926,-0.1950,-0.1245,-0.3007,0.1946,0.0152,1,3.58,0.241,0.718,0.192,,0.0076,-0.2567,1.8665,-0.2943,0.1852,-0.1055
8.792,1556,tripod,-0.0127,0.0149,0.1451,-0.0528,-0.0502,-0.0014,0.0017,0.0102,0.0105,-0.0288,0.0129,-0.0036,0.000,0.000,-0.0468,-0.0453,-0.0528,-0.0502,-0.0014,0.1196,0,0.2983,-0.1883,0.0332,1,0.00,0.003,0.027,0.010,,-0.0080,-0.0684,1.6153,0.3053,-0.1957,-0.1380,0.2974,0.1923,0.0306,1,6.10,0.148,0.992,0.030,,-0.0306,-0.1705,1.7491,0.3038,0.1845,-0.1203,-0.0018,-0.3408,0.0415,1,0.00,0.004,0.033,0.001,,0.0265,-0.1575,1.7154,0.0062,-0.3497,-0.1225,-0.0014,0.3480,0.0164,1,0.00,0.004,0.034,0.000,,-0.0194,-0.2221,1.8341,0.0044,0.3395,-0.1113,-0.2996,-0.1861,0.0163,1,6.05,0.100,0.844,0.182,,0.0340,-0.1445,1.7564,-0.2926,-0.1951,-0.1247,-0.3006,0.1946,0.0151,1,0.67,0.029,0.124,0.056,,0.0080,-0.2549,1.8657,-0.2943,0.1851,-0.1057
8.813,1560,tripod,-0.0127,0.0150,0.1452,-0.0533,-0.0500,-0.0014,0.0023,0.0098,0.0108,-0.0270,0.0171,-0.0016,0.000,0.000,-0.0473,-0.0452,-0.0533,-0.0500,-0.0014,0.1198,0,0.2984,-0.1884,0.0325,1,0.00,0.003,0.028,0.008,,-0.0085,-0.0636,1.6101,0.3053,-0.1959,-0.1388,0.2974,0.1923,0.0305,1,6.03,0.149,0.967,0.045,,-0.0309,-0.1699,1.7488,0.3038,0.1844,-0.1204,-0.0018,-0.3408,0.0422,1,0.00,0.003,0.032,0.001,,0.0265,-0.1593,1.7163,0.0062,-0.3498,-0.1222,-0.0014,0.3480,0.0161,1,0.00,0.004,0.034,0.000,,-0.0194,-0.2204,1.8334,0.0044,0.3394,-0.1116,-0.2995,-0.1861,0.0166,1,5.95,0.098,0.817,0.194,,0.0344,-0.1442,1.7559,-0.2926,-0.1952,-0.1247,-0.3006,0.1946,0.0150,1,0.69,0.027,0.129,0.059,,0.0083,-0.2535,1.8652,-0.2943,0.1850,-0.1060
8.835,1564,tripod,-0.0127,0.0152,0.1454,-0.0538,-0.0497,-0.0014,0.0028,0.0098,0.0099,-0.0315,0.0164,-0.0008,0.000,0.000,-0.0478,-0.0450,-0.0538,-0.0497,-0.0014,0.1200,0,0.2985,-0.1885,0.0316,1,0.00,0.003,0.029,0.012,,-0.0089,-0.0568,1.6030,0.3054,-0.1961,-0.1400,0.2974,0.1923,0.0304,1,5.98,0.111,0.947,0.063,,-0.0312,-0.1693,1.7487,0.3037,0.1843,-0.1205,-0.0019,-0.3407,0.0428,1,0.00,0.003,0.034,0.001,,0.0265,-0.1610,1.7171,0.0062,-0.3499,-0.1219,-0.0014,0.3480,0.0159,1,0.00,0.004,0.032,0.000,,-0.0194,-0.2190,1.8329,0.0044,0.3393,-0.1118,-0.2995,-0.1861,0.0169,1,5.98,0.078,0.826,0.192,,0.0348,-0.1443,1.7556,-0.2926,-0.1953,-0.1247,-0.3005,0.1946,0.0150,1,0.47,0.010,0.084,0.043,,0.0086,-0.2524,1.8648,-0.2943,0.1849,-0.1062
8.857,1568,tripod,-0.0126,0.0154,0.1456,-0.0543,-0.0494,-0.0014,0.0033,0.0094,0.0087,-0.0324,0.0180,-0.0001,0.000,0.000,-0.0483,-0.0448,-0.0543,-0.0494,-0.0014,0.1203,0,0.2987,-0.1887,0.0301,1,0.00,0.003,0.026,0.017,,-0.0094,-0.0468,1.5923,0.3055,-0.1962,-0.1418,0.2974,0.1923,0.0303,1,5.98,0.121,0.938,0.072,,-0.0315,-0.1688,1.7486,0.3037,0.1842,-0.1206,-0.0019,-0.3407,0.0435,1,0.00,0.003,0.033,0.001,,0.0264,-0.1627,1.7180,0.0062,-0.3499,-0.1216,-0.0014,0.3480,0.0157,1,0.00,0.004,0.033,0.000,,-0.0194,-0.2177,1.8325,0.0044,0.3392,-0.1121,-0.2995,-0.1861,0.0173,1,5.94,0.075,0.811,0.201,,0.0351,-0.1447,1.7556,-0.2926,-0.1954,-0.1247,-0.3005,0.1946,0.0150,1,0.50,0.021,0.087,0.043,,0.0089,-0.2516,1.8646,-0.2943,0.1849,-0.1063
8.879,1572,tripod,-0.0126,0.0155,0.1457,-0.0549,-0.0491,-0.0014,0.0025,0.0107,0.0102,-0.0447,0.0105,0.0005,0.000,0.000,-0.0488,-0.0445,-0.0549,-0.0491,-0.0014,0.1206,0,0.2988,-0.1889,0.0286,1,2.82,0.218,0.256,0.238,,-0.0099,-0.0373,1.5823,0.3056,-0.1964,-0.1434,0.2975,0.1923,0.0302,1,4.42,0.240,0.648,0.079,,-0.0318,-0.1683,1.7486,0.3037,0.1841,-0.1207,-0.0018,-0.3407,0.0438,1,0.00,0.002,0.048,0.003,,0.0264,-0.1624,1.7171,0.0062,-0.3500,-0.1217,-0.0013,0.3480,0.0155,1,0.00,0.002,0.027,0.001,,-0.0194,-0.2167,1.8322,0.0043,0.3392,-0.1122,-0.2995,-0.1861,0.0178,1,4.78,0.005,0.657,0.150,,0.0354,-0.1453,1.7559,-0.2926,-0.1955,-0.1245,-0.3005,0.1946,0.0151,1,2.12,0.024,0.373,0.048,,0.0092,-0.2512,1.8644,-0.2943,0.1848,-0.1064
8.901,1576,tripod,-0.0125,0.0157,0.1458,-0.0554,-0.0487,-0.0013,0.0058,0.0066,0.0056,-0.0180,0.0304,0.0014,0.000,0.000,-0.0493,-0.0443,-0.0554,-0.0487,-0.0013,0.1209,0,0.2990,-0.1890,0.0274,1,0.00,0.004,0.028,0.012,,-0.0104,-0.0300,1.5746,0.3056,-0.1966,-0.1447,0.2975,0.1923,0.0300,1,5.94,0.126,0.921,0.085,,-0.0320,-0.1679,1.7486,0.3037,0.1841,-0.1207,-0.0017,-0.3407,0.0434,1,0.00,0.003,0.027,0.008,,0.0265,-0.1575,1.7123,0.0062,-0.3502,-0.1225,-0.0013,0.3480,0.0153,1,0.00,0.003,0.033,0.001,,-0.0193,-0.2159,1.8320,0.0043,0.3391,-0.1124,-0.2995,-0.1861,0.0183,1,5.86,0.060,0.786,0.214,,0.0356,-0.1462,1.7563,-0.2926,-0.1955,-0.1244,-0.3005,0.1946,0.0152,1,0.56,0.039,0.090,0.035,,0.0095,-0.2510,1.8644,-0.2943,0.1847,-0.1064
8.922,1580,tripod,-0.0124,0.0158,0.1459,-0.0557,-0.0481,-0.0013,0.0014,0.0123,0.0112,-0.0698,0.0195,-0.0065,0.000,0.000,-0.0497,-0.0439,-0.0557,-0.0481,-0.0013,0.1213,0,0.2991,-0.1891,0.0264,1,0.00,0.005,0.073,0.009,,-0.0108,-0.0245,1.5688,0.3056,-0.1967,-0.1457,0.2975,0.1923,0.0298,1,5.21,0.613,1.113,0.265,,-0.0322,-0.1676,1.7487,0.3037,0.1840,-0.1208,-0.0016,-0.3409,0.0425,1,7.49,0.825,1.031,0.293,,0.0266,-0.1511,1.7061,0.0063,-0.3503,-0.1236,-0.0013,0.3480,0.0152,1,0.00,0.010,0.006,0.001,,-0.0192,-0.2152,1.8319,0.0043,0.3390,-0.1125,-0.2995,-0.1861,0.0188,1,0.04,0.034,0.055,0.004,,0.0358,-0.1473,1.7569,-0.2926,-0.1956,-0.1242,-0.3005,0.1946,0.0154,1,3.99,0.185,0.470,0.234,,0.0097,-0.2511,1.8645,-0.2943,0.1847,-0.1064
8.944,1584,tripod,-0.0123,0.0159,0.1461,-0.0563,-0.0475,-0.0014,0.0005,0.0118,0.0103,-0.0268,0.0306,-0.0182,0.000,0.000,-0.0501,-0.0434,-0.0563,-0.0475,-0.0014,0.1215,0,0.2991,-0.1892,0.0256,1,0.00,0.017,0.073,0.009,,-0.0113,-0.0193,1.5633,0.3056,-0.1968,-0.1466,0.2975,0.1924,0.0296,1,3.09,0.194,0.706,0.266,,-0.0324,-0.1672,1.7486,0.3037,0.1839,-0.1209,-0.0015,-0.3409,0.0420,1,8.25,0.700,0.997,0.515,,0.0266,-0.1464,1.7014,0.0063,-0.3504,-0.1244,-0.0013,0.3480,0.0150,1,4.79,0.227,0.560,0.284,,-0.0191,-0.2147,1.8320,0.0043,0.3390,-0.1126,-0.2995,-0.1860,0.0194,1,0.19,0.062,0.015,0.002,,0.0359,-0.1487,1.7576,-0.2927,-0.1957,-0.1240,-0.3005,0.1946,0.0156,1,1.58,0.213,0.144,0.122,,0.0100,-0.2514,1.8648,-0.2943,0.1846,-0.1063
8.967,1588,tripod,-0.0122,0.0160,0.1461,-0.0563,-0.0466,-0.0015,0.0100,0.0017,0.0010,0.0096,0.0446,0.0042,0.000,0.000,-0.0505,-0.0429,-0.0563,-0.0466,-0.0015,0.1218,0,0.2992,-0.1894,0.0240,1,0.00,0.007,0.052,0.016,,-0.0118,-0.0107,1.5542,0.3056,-0.1970,-0.1481,0.2975,0.1924,0.0293,1,6.29,0.029,0.970,0.086,,-0.0326,-0.1669,1.7488,0.3036,0.1839,-0.1209,-0.0015,-0.3410,0.0415,1,2.43,0.299,0.367,0.038,,0.0266,-0.1432,1.6980,0.0063,-0.3505,-0.1250,-0.0013,0.3480,0.0149,1,0.86,0.087,0.118,0.003,,-0.0189,-0.2143,1.8321,0.0042,0.3389,-0.1126,-0.2996,-0.1859,0.0200,1,4.35,0.122,0.549,0.185,,0.0360,-0.1502,1.7585,-0.2927,-0.1957,-0.1237,-0.3005,0.1947,0.0160,1,1.18,0.028,0.164,0.009,,0.0102,-0.2519,1.8652,-0.2943,0.1846,-0.1062
8.989,1592,tripod,-0.0121,0.0162,0.1463,-0.0566,-0.0464,-0.0012,-0.0031,0.0123,0.0172,-0.0420,-0.0195,0.0092,0.000,0.000,-0.0507,-0.0423,-0.0566,-0.0464,-0.0012,0.1221,0,0.2993,-0.1895,0.0225,1,10.28,0.077,0.950,0.836,,-0.0123,-0.0022,1.5453,0.3056,-0.1971,-0.1496,0.2974,0.1925,0.0293,1,0.00,0.014,0.075,0.001,,-0.0327,-0.1665,1.7490,0.3036,0.1838,-0.1210,-0.0014,-0.3410,0.0413,1,0.00,0.016,0.076,0.007,,0.0264,-0.1409,1.6956,0.0062,-0.3506,-0.1254,-0.0014,0.3481,0.0150,1,0.66,0.101,0.065,0.017,,-0.0188,-0.2142,1.8323,0.0042,0.3389,-0.1126,-0.2996,-0.1859,0.0206,1,0.00,0.008,0.030,0.003,,0.0361,-0.1520,1.7594,-0.2928,-0.1958,-0.1234,-0.3005,0.1948,0.0163,1,8.15,0.184,0.893,0.596,,0.0104,-0.2528,1.8659,-0.2944,0.1845,-0.1061
9.011,1596,tripod,-0.0121,0.0163,0.1464,-0.0568,-0.0460,-0.0011,0.0040,0.0066,0.0130,-0.0247,-0.0051,0.0086,0.000,0.000,-0.0509,-0.0419,-0.0568,-0.0460,-0.0011,0.1223,0,0.2993,-0.1895,0.0214,1,11.21,0.064,1.048,0.879,,-0.0127,0.0043,1.5389,0.3056,-0.1972,-0.1507,0.2973,0.1926,0.0292,1,0.00,0.009,0.088,0.003,,-0.0327,-0.1663,1.7494,0.3035,0.1838,-0.1210,-0.0014,-0.3410,0.0408,1,0.00,0.001,0.082,0.011,,0.0264,-0.1363,1.6911,0.0062,-0.3507,-0.1262,-0.0015,0.3482,0.0150,1,0.18,0.024,0.002,0.001,,-0.0186,-0.2142,1.8325,0.0042,0.3388,-0.1126,-0.2997,-0.1859,0.0212,1,0.07,0.011,0.012,0.008,,0.0361,-0.1538,1.7605,-0.2928,-0.1958,-0.1231,-0.3006,0.1948,0.0167,1,9.42,0.055,0.861,0.908,,0.0106,-0.2538,1.8669,-0.2943,0.1845,-0.1059
9.032,1600,tripod,-0.0120,0.0164,0.1466,-0.0567,-0.0452,-0.0010,0.0064,0.0053,0.0219,-0.0165,0.0111,0.0057,0.000,0.000,-0.0510,-0.0414,-0.0567,-0.0452,-0.0010,0.1228,0,0.2994,-0.1895,0.0203,1,11.22,0.055,1.026,0.900,,-0.0131,0.0100,1.5334,0.3055,-0.1973,-0.1517,0.2973,0.1926,0.0288,1,0.00,0.009,0.084,0.007,,-0.0329,-0.1638,1.7478,0.3035,0.1837,-0.1214,-0.0012,-0.3411,0.0395,1,0.00,0.000,0.078,0.018,,0.0264,-0.1274,1.6826,0.0062,-0.3508,-0.1278,-0.0016,0.3482,0.0151,1,0.00,0.005,0.026,0.003,,-0.0184,-0.2138,1.8324,0.0041,0.3388,-0.1127,-0.2997,-0.1858,0.0218,1,0.00,0.002,0.026,0.004,,0.0361,-0.1550,1.7611,-0.2929,-0.1958,-0.1229,-0.3006,0.1948,0.0172,1,9.57,0.027,0.852,0.953,,0.0108,-0.2543,1.8674,-0.2943,0.1844,-0.1058
9.053,1604,tripod,-0.0118,0.0165,0.1468,-0.0567,-0.0441,-0.0009,0.0108,0.0080,0.0198,-0.0470,0.0551,0.0005,0.000,0.000,-0.0510,-0.0408,-0.0567,-0.0441,-0.0009,0.1233,0,0.2994,-0.1895,0.0194,1,7.05,0.699,0.695,0.476,,-0.0135,0.0146,1.5288,0.3054,-0.1973,-0.1525,0.2973,0.1926,0.0282,1,0.00,0.001,0.060,0.004,,-0.0330,-0.1608,1.7458,0.3034,0.1836,-0.1220,-0.0011,-0.3413,0.0381,1,5.54,0.708,0.792,0.129,,0.0264,-0.1186,1.6742,0.0062,-0.3510,-0.1293,-0.0016,0.3483,0.0153,1,3.45,0.090,0.574,0.002,,-0.0182,-0.2133,1.8323,0.0041,0.3388,-0.1128,-0.2997,-0.1858,0.0224,1,0.00,0.012,0.062,0.002,,0.0361,-0.1562,1.7616,-0.2929,-0.1959,-0.1227,-0.3006,0.1948,0.0178,1,6.50,0.115,0.457,0.781,,0.0110,-0.2549,1.8678,-0.2944,0.1844,-0.1057
9.075,1608,tripod,-0.0116,0.0165,0.1469,-0.0564,-0.0430,-0.0009,0.0085,-0.0030,0.0113,0.0187,0.0278,0.0028,0.000,0.000,-0.0510,-0.0399,-0.0564,-0.0430,-0.0009,0.1235,0,0.2994,-0.1895,0.0185,1,1.91,0.204,0.134,0.120,,-0.0139,0.0180,1.5253,0.3054,-0.1974,-0.1531,0.2973,0.1926,0.0276,1,5.62,0.155,1.016,0.116,,-0.0331,-0.1586,1.7444,0.3034,0.1836,-0.1223,-0.0010,-0.3414,0.0370,1,6.27,0.694,0.821,0.271,,0.0263,-0.1123,1.6680,0.0062,-0.3511,-0.1304,-0.0016,0.3483,0.0155,1,0.00,0.001,0.021,0.004,,-0.0180,-0.2135,1.8325,0.0040,0.3388,-0.1127,-0.2997,-0.1858,0.0232,1,0.00,0.004,0.045,0.002,,0.0359,-0.1579,1.7625,-0.2930,-0.1959,-0.1224,-0.3006,0.1949,0.0185,1,6.54,0.365,0.549,0.660,,0.0112,-0.2562,1.8684,-0.2944,0.1844,-0.1055
9.096,1612,tripod,-0.0114,0.0164,0.1469,-0.0556,-0.0422,-0.0008,0.0077,-0.0032,0.0057,0.0213,0.0138,0.0068,0.000,0.000,-0.0507,-0.0390,-0.0556,-0.0422,-0.0008,0.1237,0,0.2994,-0.1895,0.0176,1,11.63,0.162,1.248,0.727,,-0.0142,0.0206,1.5231,0.3053,-0.1975,-0.1535,0.2974,0.1926,0.0272,1,0.00,0.013,0.076,0.002,,-0.0331,-0.1572,1.7437,0.3033,0.1836,-0.1226,-0.0008,-0.3415,0.0359,1,0.00,0.011,0.088,0.009,,0.0261,-0.1077,1.6637,0.0062,-0.3511,-0.1312,-0.0017,0.3483,0.0159,1,0.00,0.012,0.024,0.003,,-0.0177,-0.2143,1.8332,0.0040,0.3388,-0.1126,-0.2997,-0.1858,0.0236,1,0.00,0.017,0.038,0.004,,0.0357,-0.1601,1.7638,-0.2931,-0.1959,-0.1220,-0.3006,0.1948,0.0192,1,9.17,0.100,1.222,0.390,,0.0113,-0.2581,1.8694,-0.2945,0.1844,-0.1052
9.117,1616,tripod,-0.0112,0.0163,0.1469,-0.0552,-0.0412,-0.0007,0.0122,-0.0006,0.0048,-0.0079,0.0383,0.0063,0.000,0.000,-0.0502,-0.0382,-0.0552,-0.0412,-0.0007,0.1237,0,0.2995,-0.1895,0.0169,1,10.38,0.097,1.178,0.583,,-0.0145,0.0225,1.5218,0.3052,-0.1975,-0.1539,0.2973,0.1926,0.0269,1,0.00,0.008,0.069,0.001,,-0.0329,-0.1563,1.7435,0.3032,0.1836,-0.1227,-0.0008,-0.3416,0.0351,1,0.00,0.010,0.075,0.006,,0.0258,-0.1045,1.6608,0.0061,-0.3511,-0.1317,-0.0017,0.3484,0.0162,1,0.00,0.009,0.027,0.003,,-0.0174,-0.2157,1.8341,0.0039,0.3388,-0.1124,-0.2997,-0.1858,0.0242,1,0.00,0.012,0.036,0.004,,0.0354,-0.1625,1.7653,-0.2932,-0.1959,-0.1216,-0.3007,0.1948,0.0200,1,8.62,0.050,1.124,0.386,,0.0114,-0.2606,1.8707,-0.2946,0.1844,-0.1048
9.139,1620,tripod,-0.0109,0.0163,0.1469,-0.0553,-0.0400,-0.0006,0.0152,0.0014,0.0056,-0.0277,0.0565,0.0065,0.000,0.000,-0.0499,-0.0373,-0.0553,-0.0400,-0.0006,0.1237,0,0.2995,-0.1896,0.0163,1,9.42,0.045,1.047,0.553,,-0.0147,0.0240,1.5210,0.3051,-0.1975,-0.1541,0.2974,0.1926,0.0264,1,0.00,0.007,0.062,0.000,,-0.0327,-0.1558,1.7436,0.3031,0.1836,-0.1228,-0.0006,-0.3417,0.0343,1,0.00,0.010,0.062,0.010,,0.0255,-0.0990,1.6557,0.0060,-0.3512,-0.1327,-0.0017,0.3484,0.0165,1,0.09,0.024,0.018,0.000,,-0.0170,-0.2173,1.8352,0.0038,0.3388,-0.1121,-0.2997,-0.1858,0.0250,1,0.00,0.010,0.035,0.003,,0.0351,-0.1651,1.7669,-0.2933,-0.1958,-0.1212,-0.3006,0.1948,0.0208,1,7.93,0.012,1.033,0.345,,0.0114,-0.2634,1.8721,-0.2946,0.1844,-0.1043
9.161,1624,tripod,-0.0106,0.0163,0.1470,-0.0555,-0.0388,-0.0005,0.0153,0.0002,0.0078,-0.0172,0.0531,0.0058,0.000,0.000,-0.0499,-0.0363,-0.0555,-0.0388,-0.0005,0.1238,0,0.2995,-0.1896,0.0158,1,8.24,0.042,0.956,0.445,,-0.0150,0.0253,1.5204,0.3049,-0.1974,-0.1544,0.2974,0.1926,0.0260,1,0.00,0.003,0.053,0.000,,-0.0325,-0.1554,1.7438,0.3030,0.1836,-0.1229,-0.0004,-0.3418,0.0329,1,0.00,0.008,0.048,0.014,,0.0253,-0.0899,1.6471,0.0060,-0.3513,-0.1343,-0.0017,0.3484,0.0167,1,0.22,0.000,0.015,0.023,,-0.0167,-0.2189,1.8362,0.0037,0.3388,-0.1118,-0.2997,-0.1858,0.0259,1,0.00,0.007,0.034,0.003,,0.0347,-0.1677,1.7685,-0.2934,-0.1958,-0.1207,-0.3006,0.1948,0.0216,1,7.28,0.012,0.910,0.358,,0.0115,-0.2663,1.8737,-0.2947,0.1844,-0.1038
9.183,1628,tripod,-0.0104,0.0163,0.1472,-0.0556,-0.0378,-0.0004,0.0134,0.0006,0.0225,-0.0072,0.0487,0.0062,0.000,0.000,-0.0499,-0.0352,-0.0556,-0.0378,-0.0004,0.1242,0,0.2995,-0.1896,0.0154,1,7.26,0.039,0.903,0.337,,-0.0153,0.0269,1.5195,0.3048,-0.1974,-0.1547,0.2974,0.1926,0.0257,1,0.00,0.000,0.042,0.001,,-0.0323,-0.1543,1.7436,0.3029,0.1836,-0.1231,-0.0002,-0.3421,0.0311,1,0.00,0.002,0.036,0.019,,0.0251,-0.0776,1.6352,0.0059,-0.3514,-0.1364,-0.0017,0.3484,0.0170,1,0.13,0.023,0.013,0.001,,-0.0163,-0.2199,1.8369,0.0036,0.3388,-0.1117,-0.2996,-0.1858,0.0267,1,0.00,0.001,0.036,0.000,,0.0344,-0.1688,1.7689,-0.2935,-0.1958,-0.1205,-0.3006,0.1948,0.0225,1,7.12,0.019,0.838,0.406,,0.0116,-0.2687,1.8749,-0.2948,0.1845,-0.1034
9.205,1632,tripod,-0.0101,0.0163,0.1475,-0.0558,-0.0368,-0.0002,0.0165,0.0020,0.0196,-0.0234,0.0609,0.0064,0.000,0.000,-0.0500,-0.0343,-0.0558,-0.0368,-0.0002,0.1246,0,0.2996,-0.1896,0.0151,1,4.34,0.354,0.507,0.228,,-0.0156,0.0287,1.5185,0.3046,-0.1974,-0.1550,0.2975,0.1926,0.0255,1,0.00,0.001,0.032,0.000,,-0.0322,-0.1530,1.7431,0.3028,0.1836,-0.1233,0.0000,-0.3424,0.0294,1,2.48,0.308,0.349,0.083,,0.0248,-0.0662,1.6239,0.0059,-0.3515,-0.1384,-0.0017,0.3484,0.0174,1,1.85,0.146,0.243,0.049,,-0.0159,-0.2205,1.8373,0.0036,0.3388,-0.1116,-0.2995,-0.1859,0.0268,1,0.00,0.001,0.036,0.005,,0.0343,-0.1653,1.7655,-0.2936,-0.1958,-0.1211,-0.3005,0.1948,0.0234,1,4.82,0.127,0.437,0.427,,0.0117,-0.2709,1.8758,-0.2948,0.1845,-0.1031
9.227,1636,tripod,-0.0099,0.0163,0.1478,-0.0558,-0.0360,-0.0001,0.0129,-0.0004,0.0183,-0.0052,0.0385,0.0067,0.000,0.000,-0.0501,-0.0334,-0.0558,-0.0360,-0.0001,0.1250,0,0.2996,-0.1896,0.0150,1,5.79,0.059,0.766,0.225,,-0.0159,0.0299,1.5181,0.3045,-0.1975,-0.1552,0.2975,0.1926,0.0251,1,0.00,0.003,0.030,0.003,,-0.0321,-0.1502,1.7414,0.3027,0.1835,-0.1238,0.0002,-0.3425,0.0282,1,0.00,0.002,0.028,0.012,,0.0244,-0.0577,1.6156,0.0058,-0.3516,-0.1399,-0.0017,0.3484,0.0178,1,0.12,0.016,0.013,0.001,,-0.0155,-0.2214,1.8380,0.0035,0.3388,-0.1114,-0.2994,-0.1860,0.0266,1,0.00,0.003,0.030,0.005,,0.0342,-0.1616,1.7619,-0.2937,-0.1959,-0.1218,-0.3005,0.1948,0.0243,1,6.31,0.006,0.671,0.446,,0.0118,-0.2734,1.8770,-0.2949,0.1845,-0.1027
9.250,1640,tripod,-0.0096,0.0163,0.1481,-0.0559,-0.0354,-0.0000,0.0138,-0.0012,0.0160,-0.0025,0.0411,0.0063,0.000,0.000,-0.0502,-0.0327,-0.0559,-0.0354,-0.0000,0.1253,0,0.2996,-0.1896,0.0149,1,5.69,0.049,0.744,0.228,,-0.0163,0.0306,1.5181,0.3043,-0.1975,-0.1553,0.2976,0.1925,0.0243,1,0.00,0.004,0.029,0.005,,-0.0321,-0.1450,1.7377,0.3027,0.1835,-0.1247,0.0003,-0.3427,0.0273,1,0.00,0.001,0.030,0.009,,0.0241,-0.0512,1.6093,0.0057,-0.3516,-0.1410,-0.0017,0.3484,0.0183,1,0.30,0.037,0.000,0.021,,-0.0151,-0.2226,1.8388,0.0034,0.3389,-0.1112,-0.2993,-0.1861,0.0267,1,0.00,0.003,0.029,0.003,,0.0341,-0.1594,1.7596,-0.2938,-0.1959,-0.1222,-0.3005,0.1948,0.0253,1,6.07,0.032,0.658,0.410,,0.0119,-0.2761,1.8783,-0.2950,0.1845,-0.1022
9.274,1644,tripod,-0.0094,0.0162,0.1484,-0.0559,-0.0347,0.0001,0.0136,-0.0021,0.0135,0.0004,0.0400,0.0063,0.000,0.000,-0.0502,-0.0320,-0.0559,-0.0347,0.0001,0.1256,0,0.2996,-0.1896,0.0149,1,5.71,0.023,0.753,0.221,,-0.0166,0.0310,1.5185,0.3042,-0.1975,-0.1554,0.2977,0.1924,0.0236,1,0.01,0.006,0.027,0.003,,-0.0321,-0.1413,1.7351,0.3026,0.1835,-0.1253,0.0005,-0.3428,0.0261,1,0.00,0.000,0.027,0.014,,0.0237,-0.0426,1.6006,0.0056,-0.3517,-0.1425,-0.0016,0.3484,0.0188,1,0.32,0.001,0.005,0.020,,-0.0147,-0.2240,1.8398,0.0033,0.3389,-0.1110,-0.2992,-0.1862,0.0270,1,0.00,0.003,0.030,0.001,,0.0339,-0.1586,1.7583,-0.2939,-0.1959,-0.1223,-0.3005,0.1948,0.0262,1,6.02,0.014,0.656,0.404,,0.0119,-0.2790,1.8798,-0.2951,0.1845,-0.1017
9.296,1648,tripod,-0.0092,0.0162,0.1486,-0.0558,-0.0340,0.0002,0.0129,-0.0022,0.0121,0.0003,0.0362,0.0061,0.000,0.000,-0.0503,-0.0313,-0.0558,-0.0340,0.0002,0.1259,0,0.2996,-0.1896,0.0149,1,5.84,0.035,0.722,0.275,,-0.0169,0.0309,1.5194,0.3041,-0.1975,-0.1554,0.2977,0.1924,0.0232,1,0.00,0.003,0.031,0.002,,-0.0320,-0.1386,1.7335,0.3025,0.1834,-0.1258,0.0006,-0.3431,0.0244,1,0.00,0.000,0.025,0.018,,0.0235,-0.0315,1.5892,0.0056,-0.3518,-0.1445,-0.0016,0.3484,0.0193,1,0.29,0.006,0.011,0.032,,-0.0144,-0.2257,1.8410,0.0032,0.3389,-0.1107,-0.2992,-0.1863,0.0274,1,0.00,0.003,0.032,0.000,,0.0337,-0.1587,1.7579,-0.2940,-0.1959,-0.1223,-0.3004,0.1948,0.0271,1,6.07,0.009,0.652,0.421,,0.0120,-0.2822,1.8814,-0.2952,0.1846,-0.1012
9.318,1652,tripod,-0.0090,0.0162,0.1486,-0.0561,-0.0333,0.0003,0.0124,0.0016,0.0051,-0.0515,0.0569,-0.0049,0.000,0.000,-0.0503,-0.0308,-0.0561,-0.0333,0.0003,0.1259,0,0.2997,-0.1896,0.0150,1,2.29,0.352,0.361,0.002,,-0.0172,0.0294,1.5218,0.3039,-0.1975,-0.1551,0.2978,0.1923,0.0229,1,0.00,0.004,0.015,0.004,,-0.0318,-0.1380,1.7335,0.3024,0.1834,-0.1259,0.0008,-0.3434,0.0228,1,5.80,0.583,0.694,0.321,,0.0232,-0.0214,1.5788,0.0055,-0.3519,-0.1462,-0.0016,0.3484,0.0198,1,4.23,0.054,0.626,0.087,,-0.0140,-0.2288,1.8430,0.0031,0.3389,-0.1102,-0.2991,-0.1863,0.0277,1,0.00,0.021,0.067,0.003,,0.0335,-0.1588,1.7575,-0.2941,-0.1959,-0.1223,-0.3004,0.1948,0.0281,1,2.82,0.133,0.161,0.341,,0.0121,-0.2866,1.8837,-0.2953,0.1846,-0.1005
9.340,1656,tripod,-0.0087,0.0161,0.1485,-0.0564,-0.0328,0.0004,0.0136,-0.0054,-0.0280,-0.0122,0.0215,0.0071,0.000,0.000,-0.0505,-0.0302,-0.0564,-0.0328,0.0004,0.1257,0,0.2997,-0.1896,0.0153,1,4.60,0.041,0.421,0.359,,-0.0174,0.0263,1.5259,0.3038,-0.1974,-0.1546,0.2978,0.1923,0.0227,1,0.00,0.008,0.034,0.003,,-0.0316,-0.1394,1.7352,0.3023,0.1834,-0.1256,0.0010,-0.3435,0.0217,1,0.00,0.000,0.018,0.008,,0.0228,-0.0157,1.5730,0.0054,-0.3519,-0.1472,-0.0016,0.3484,0.0203,1,0.85,0.047,0.038,0.084,,-0.0136,-0.2333,1.8461,0.0030,0.3389,-0.1094,-0.2990,-0.1864,0.0279,1,0.00,0.005,0.021,0.001,,0.0333,-0.1587,1.7568,-0.2941,-0.1959,-0.1223,-0.3004,0.1948,0.0290,1,4.63,0.043,0.314,0.556,,0.0121,-0.2925,1.8866,-0.2954,0.1847,-0.0995
9.362,1660,tripod,-0.0085,0.0160,0.1481,-0.0565,-0.0326,0.0005,0.0118,-0.0024,-0.0172,-0.0255,0.0278,0.0074,0.000,0.000,-0.0506,-0.0297,-0.0565,-0.0326,0.0005,0.1253,0,0.2997,-0.1896,0.0157,1,5.88,0.260,0.769,0.228,,-0.0176,0.0217,1.5315,0.3036,-0.1974,-0.1538,0.2979,0.1922,0.0223,1,0.00,0.007,0.023,0.001,,-0.0315,-0.1393,1.7357,0.3022,0.1834,-0.1256,0.0011,-0.3437,0.0209,1,0.00,0.003,0.050,0.004,,0.0224,-0.0136,1.5708,0.0053,-0.3520,-0.1476,-0.0016,0.3483,0.0208,1,1.64,0.165,0.153,0.116,,-0.0132,-0.2392,1.8500,0.0029,0.3390,-0.1084,-0.2988,-0.1866,0.0275,1,2.57,0.309,0.345,0.071,,0.0332,-0.1582,1.7559,-0.2942,-0.1959,-0.1224,-0.3004,0.1948,0.0298,1,4.15,0.038,0.265,0.500,,0.0121,-0.2997,1.8904,-0.2955,0.1848,-0.0983
9.384,1664,tripod,-0.0084,0.0160,0.1482,-0.0568,-0.0324,0.0006,0.0077,-0.0011,0.0064,-0.0159,0.0032,0.0051,0.000,0.000,-0.0508,-0.0294,-0.0568,-0.0324,0.0006,0.1253,0,0.2997,-0.1896,0.0161,1,5.66,0.043,0.695,0.271,,-0.0179,0.0191,1.5348,0.3035,-0.1974,-0.1533,0.2980,0.1921,0.0214,1,0.00,0.004,0.028,0.006,,-0.0316,-0.1342,1.7318,0.3022,0.1834,-0.1265,0.0013,-0.3439,0.0202,1,0.00,0.001,0.028,0.011,,0.0222,-0.0079,1.5648,0.0053,-0.3520,-0.1486,-0.0016,0.3483,0.0213,1,0.50,0.014,0.003,0.054,,-0.0128,-0.2427,1.8524,0.0029,0.3390,-0.1078,-0.2988,-0.1868,0.0274,1,0.22,0.032,0.004,0.007,,0.0332,-0.1569,1.7545,-0.2943,-0.1959,-0.1226,-0.3004,0.1948,0.0307,1,5.74,0.009,0.589,0.434,,0.0121,-0.3045,1.8931,-0.2956,0.1848,-0.0975
9.406,1668,tripod,-0.0082,0.0160,0.1483,-0.0571,-0.0324,0.0007,0.0052,-0.0007,0.0087,-0.0150,-0.0064,0.0034,0.000,0.000,-0.0511,-0.0292,-0.0571,-0.0324,0.0007,0.1254,0,0.2997,-0.1896,0.0167,1,5.66,0.064,0.714,0.247,,-0.0181,0.0167,1.5379,0.3034,-0.1974,-0.1529,0.2981,0.1920,0.0207,1,0.37,0.054,0.044,0.006,,-0.0317,-0.1301,1.7288,0.3021,0.1833,-0.1272,0.0014,-0.3441,0.0189,1,0.00,0.000,0.025,0.015,,0.0220,0.0010,1.5553,0.0052,-0.3521,-0.1502,-0.0016,0.3483,0.0219,1,0.00,0.002,0.036,0.004,,-0.0125,-0.2458,1.8545,0.0028,0.3390,-0.1073,-0.2987,-0.1868,0.0275,1,0.00,0.004,0.030,0.001,,0.0331,-0.1566,1.7538,-0.2943,-0.1959,-0.1227,-0.3004,0.1947,0.0315,1,6.28,0.047,0.663,0.454,,0.0121,-0.3087,1.8955,-0.2956,0.1848,-0.0968
9.428,1672,tripod,-0.0082,0.0160,0.1485,-0.0575,-0.0325,0.0008,0.0048,0.0011,0.0107,-0.0270,-0.0043,0.0038,0.000,0.000,-0.0513,-0.0292,-0.0575,-0.0325,0.0008,0.1254,0,0.2997,-0.1896,0.0174,1,5.87,0.024,0.719,0.284,,-0.0183,0.0142,1.5410,0.3033,-0.1974,-0.1525,0.2981,0.1919,0.0204,1,0.00,0.004,0.029,0.002,,-0.0318,-0.1275,1.7270,0.3021,0.1833,-0.1277,0.0016,-0.3443,0.0177,1,0.00,0.002,0.028,0.013,,0.0219,0.0089,1.5466,0.0052,-0.3522,-0.1515,-0.0016,0.3483,0.0225,1,0.07,0.001,0.028,0.004,,-0.0123,-0.2488,1.8566,0.0027,0.3390,-0.1068,-0.2986,-0.1869,0.0278,1,0.00,0.005,0.034,0.000,,0.0330,-0.1571,1.7538,-0.2944,-0.1960,-0.1226,-0.3003,0.1947,0.0322,1,6.23,0.018,0.674,0.430,,0.0122,-0.3126,1.8978,-0.2957,0.1848,-0.0962
9.450,1676,tripod,-0.0080,0.0160,0.1480,-0.0582,-0.0325,0.0009,0.0078,-0.0042,-0.0505,-0.0377,-0.0036,0.0042,0.000,0.000,-0.0517,-0.0292,-0.0582,-0.0325,0.0009,0.1248,0,0.2998,-0.1896,0.0183,1,4.63,0.081,0.377,0.411,,-0.0184,0.0075,1.5484,0.3032,-0.1974,-0.1513,0.2982,0.1918,0.0203,1,0.00,0.010,0.036,0.005,,-0.0317,-0.1301,1.7295,0.3020,0.1833,-0.1272,0.0017,-0.3445,0.0173,1,0.00,0.001,0.020,0.001,,0.0217,0.0104,1.5450,0.0051,-0.3522,-0.1518,-0.0016,0.3484,0.0230,1,0.78,0.025,0.018,0.085,,-0.0120,-0.2559,1.8612,0.0027,0.3391,-0.1056,-0.2985,-0.1871,0.0275,1,0.00,0.006,0.019,0.002,,0.0331,-0.1558,1.7524,-0.2944,-0.1960,-0.1228,-0.3004,0.1948,0.0330,1,4.71,0.148,0.330,0.556,,0.0122,-0.3206,1.9019,-0.2958,0.1849,-0.0949
9.472,1680,tripod,-0.0079,0.0161,0.1476,-0.0593,-0.0320,0.0008,0.0085,0.0123,-0.0039,-0.0793,0.0436,-0.0091,0.000,0.000,-0.0523,-0.0291,-0.0593,-0.0320,0.0008,0.1242,0,0.2998,-0.1896,0.0192,1,4.18,0.325,0.878,0.204,,-0.0184,0.0001,1.5559,0.3032,-0.1974,-0.1500,0.2982,0.1917,0.0199,1,0.00,0.007,0.041,0.002,,-0.0316,-0.1321,1.7315,0.3020,0.1833,-0.1269,0.0017,-0.3446,0.0172,1,0.00,0.002,0.038,0.002,,0.0215,0.0104,1.5448,0.0051,-0.3523,-0.1518,-0.0016,0.3484,0.0234,1,5.46,0.131,0.394,0.608,,-0.0117,-0.2632,1.8662,0.0026,0.3391,-0.1044,-0.2985,-0.1872,0.0269,1,4.72,0.483,0.678,0.147,,0.0332,-0.1533,1.7501,-0.2945,-0.1960,-0.1232,-0.3004,0.1949,0.0338,1,0.00,0.004,0.046,0.007,,0.0121,-0.3288,1.9064,-0.2959,0.1849,-0.0935
9.493,1684,tripod,-0.0078,0.0162,0.1477,-0.0603,-0.0319,0.0007,0.0016,0.0095,0.0058,-0.0470,-0.0010,-0.0079,0.000,0.000,-0.0531,-0.0289,-0.0603,-0.0319,0.0007,0.1242,0,0.2998,-0.1896,0.0202,1,3.89,0.350,0.841,0.200,,-0.0186,-0.0042,1.5599,0.3032,-0.1974,-0.1493,0.2983,0.1917,0.0192,1,0.00,0.004,0.018,0.003,,-0.0318,-0.1286,1.7288,0.3020,0.1832,-0.1275,0.0017,-0.3447,0.0167,1,0.00,0.001,0.036,0.011,,0.0215,0.0163,1.5380,0.0051,-0.3524,-0.1528,-0.0016,0.3485,0.0238,1,4.70,0.104,0.379,0.484,,-0.0115,-0.2669,1.8689,0.0026,0.3391,-0.1038,-0.2984,-0.1872,0.0266,1,4.94,0.500,0.651,0.215,,0.0334,-0.1500,1.7470,-0.2945,-0.1961,-0.1238,-0.3004,0.1950,0.0345,1,0.00,0.006,0.049,0.003,,0.0122,-0.3333,1.9088,-0.2959,0.1849,-0.0927
9.516,1688,tripod,-0.0078,0.0163,0.1477,-0.0607,-0.0324,0.0008,-0.0018,0.0039,0.0005,-0.0266,-0.0319,-0.0010,0.000,0.000,-0.0539,-0.0288,-0.0607,-0.0324,0.0008,0.1242,0,0.2998,-0.1896,0.0213,1,4.38,0.461,0.783,0.046,,-0.0188,-0.0085,1.5643,0.3032,-0.1975,-0.1485,0.2983,0.1916,0.0189,1,0.00,0.002,0.015,0.001,,-0.0321,-0.1265,1.7275,0.3020,0.1831,-0.1278,0.0018,-0.3449,0.0155,1,0.00,0.003,0.038,0.014,,0.0215,0.0244,1.5287,0.0051,-0.3526,-0.1542,-0.0016,0.3485,0.0242,1,3.81,0.032,0.346,0.339,,-0.0113,-0.2703,1.8716,0.0025,0.3391,-0.1032,-0.2984,-0.1873,0.0263,1,5.03,0.597,0.628,0.257,,0.0337,-0.1485,1.7453,-0.2945,-0.1962,-0.1241,-0.3005,0.1951,0.0350,1,0.45,0.070,0.005,0.037,,0.0123,-0.3377,1.9112,-0.2960,0.1850,-0.0920
9.538,1692,tripod,-0.0079,0.0165,0.1479,-0.0620,-0.0330,0.0007,-0.0048,0.0137,0.0111,-0.0707,-0.0360,-0.0082,0.000,0.000,-0.0546,-0.0291,-0.0620,-0.0330,0.0007,0.1240,0,0.2997,-0.1895,0.0227,1,0.00,0.004,0.037,0.006,,-0.0191,-0.0132,1.5690,0.3031,-0.1975,-0.1477,0.2983,0.1915,0.0188,1,0.00,0.006,0.031,0.002,,-0.0323,-0.1249,1.7263,0.3019,0.1830,-0.1281,0.0019,-0.3451,0.0151,1,5.75,0.096,0.466,0.541,,0.0216,0.0303,1.5216,0.0051,-0.3527,-0.1553,-0.0016,0.3485,0.0246,1,6.19,0.092,0.448,0.713,,-0.0112,-0.2738,1.8743,0.0025,0.3390,-0.1026,-0.2984,-0.1873,0.0265,1,0.00,0.006,0.032,0.000,,0.0339,-0.1485,1.7450,-0.2945,-0.1963,-0.1241,-0.3005,0.1952,0.0355,1,0.00,0.004,0.034,0.004,,0.0124,-0.3419,1.9135,-0.2960,0.1850,-0.0913
9.560,1696,tripod,-0.0080,0.0168,0.1485,-0.0629,-0.0334,0.0006,-0.0036,0.0156,0.0282,-0.0421,-0.0162,-0.0062,0.000,0.000,-0.0555,-0.0296,-0.0629,-0.0334,0.0006,0.1244,0,0.2996,-0.1895,0.0240,1,0.00,0.006,0.029,0.000,,-0.0194,-0.0155,1.5712,0.3031,-0.1976,-0.1473,0.2984,0.1914,0.0181,1,0.00,0.009,0.013,0.011,,-0.0330,-0.1175,1.7202,0.3020,0.1829,-0.1294,0.0018,-0.3451,0.0149,1,4.50,0.084,0.440,0.349,,0.0217,0.0361,1.5150,0.0052,-0.3528,-0.1563,-0.0016,0.3486,0.0250,1,4.96,0.052,0.364,0.577,,-0.0111,-0.2744,1.8754,0.0025,0.3389,-0.1025,-0.2984,-0.1872,0.0264,1,0.00,0.009,0.021,0.009,,0.0345,-0.1433,1.7403,-0.2945,-0.1964,-0.1250,-0.3005,0.1954,0.0360,1,0.00,0.006,0.020,0.001,,0.0126,-0.3432,1.9143,-0.2960,0.1849,-0.0911
9.581,1700,tripod,-0.0080,0.0170,0.1482,-0.0634,-0.0334,0.0005,0.0057,0.0144,-0.0267,-0.0575,0.0775,-0.0200,0.000,0.000,-0.0563,-0.0299,-0.0634,-0.0334,0.0005,0.1241,0,0.2995,-0.1894,0.0251,1,2.01,0.090,0.526,0.242,,-0.0195,-0.0228,1.5782,0.3031,-0.1976,-0.1460,0.2985,0.1913,0.0174,1,5.49,0.666,1.155,0.193,,-0.0333,-0.1159,1.7190,0.3020,0.1828,-0.1297,0.0018,-0.3451,0.0149,1,0.00,0.026,0.073,0.004,,0.0217,0.0353,1.5153,0.0052,-0.3529,-0.1561,-0.0016,0.3488,0.0254,1,1.81,0.102,0.111,0.188,,-0.0110,-0.2798,1.8788,0.0025,0.3389,-0.1016,-0.2984,-0.1873,0.0252,1,11.59,0.482,1.208,0.847,,0.0351,-0.1373,1.7351,-0.2944,-0.1966,-0.1260,-0.3006,0.1956,0.0366,1,0.00,0.026,0.087,0.004,,0.0126,-0.3492,1.9176,-0.2961,0.1849,-0.0901
9.603,1704,tripod,-0.0080,0.0172,0.1472,-0.0644,-0.0331,0.0004,0.0046,0.0063,-0.0839,-0.0613,0.0181,-0.0038,0.000,0.000,-0.0570,-0.0299,-0.0644,-0.0331,0.0004,0.1227,0,0.2994,-0.1892,0.0264,1,0.00,0.004,0.041,0.017,,-0.0196,-0.0353,1.5904,0.3031,-0.1976,-0.1438,0.2984,0.1914,0.0171,1,5.16,0.196,0.677,0.207,,-0.0334,-0.1212,1.7238,0.3020,0.1828,-0.1288,0.0017,-0.3450,0.0156,1,0.00,0.019,0.060,0.008,,0.0216,0.0277,1.5227,0.0052,-0.3529,-0.1548,-0.0017,0.3491,0.0259,1,2.18,0.215,0.162,0.194,,-0.0107,-0.2907,1.8855,0.0024,0.3391,-0.0998,-0.2984,-0.1873,0.0248,1,7.40,0.390,0.892,0.347,,0.0354,-0.1388,1.7362,-0.2944,-0.1966,-0.1257,-0.3007,0.1959,0.0373,1,0.00,0.014,0.056,0.010,,0.0126,-0.3593,1.9230,-0.2962,0.1850,-0.0885
9.624,1708,tripod,-0.0079,0.0172,0.1454,-0.0654,-0.0336,0.0003,0.0028,0.0017,-0.1104,-0.0717,-0.0293,-0.0063,0.000,0.000,-0.0578,-0.0299,-0.0654,-0.0336,0.0003,0.1207,0,0.2994,-0.1891,0.0274,1,4.64,0.498,0.675,0.102,,-0.0196,-0.0494,1.6040,0.3031,-0.1976,-0.1413,0.2985,0.1915,0.0169,1,0.00,0.004,0.015,0.016,,-0.0332,-0.1313,1.7325,0.3020,0.1828,-0.1270,0.0017,-0.3450,0.0161,1,0.00,0.024,0.080,0.013,,0.0215,0.0170,1.5334,0.0051,-0.3530,-0.1530,-0.0017,0.3493,0.0262,1,6.00,0.246,0.432,0.678,,-0.0104,-0.3054,1.8941,0.0023,0.3392,-0.0974,-0.2984,-0.1872,0.0243,1,7.86,0.203,0.757,0.596,,0.0354,-0.1464,1.7423,-0.2945,-0.1966,-0.1244,-0.3007,0.1961,0.0370,1,0.00,0.005,0.081,0.009,,0.0125,-0.3703,1.9288,-0.2962,0.1851,-0.0867
9.646,1712,tripod,-0.0079,0.0172,0.1438,-0.0661,-0.0343,0.0004,0.0031,-0.0036,-0.0846,-0.0424,-0.0305,-0.0001,0.000,0.000,-0.0586,-0.0302,-0.0661,-0.0343,0.0004,0.1190,0,0.2993,-0.1891,0.0284,1,6.67,0.008,0.873,0.264,,-0.0196,-0.0621,1.6163,0.3030,-0.1976,-0.1391,0.2985,0.1914,0.0171,1,0.00,0.005,0.042,0.013,,-0.0331,-0.1411,1.7408,0.3019,0.1828,-0.1253,0.0017,-0.3451,0.0160,1,0.00,0.004,0.046,0.010,,0.0214,0.0097,1.5405,0.0051,-0.3530,-0.1517,-0.0017,0.3494,0.0265,1,0.04,0.001,0.043,0.008,,-0.0101,-0.3186,1.9018,0.0023,0.3393,-0.0952,-0.2984,-0.1873,0.0240,1,0.00,0.006,0.048,0.009,,0.0354,-0.1544,1.7486,-0.2945,-0.1967,-0.1230,-0.3007,0.1961,0.0366,1,7.25,0.068,0.835,0.426,,0.0124,-0.3801,1.9341,-0.2963,0.1851,-0.0851
9.667,1716,tripod,-0.0079,0.0171,0.1426,-0.0669,-0.0348,0.0004,0.0016,-0.0008,-0.0650,-0.0489,-0.0296,-0.0006,0.000,0.000,-0.0593,-0.0307,-0.0669,-0.0348,0.0004,0.1176,0,0.2993,-0.1891,0.0294,1,6.42,0.003,0.876,0.218,,-0.0197,-0.0732,1.6268,0.3030,-0.1976,-0.1372,0.2985,0.1913,0.0169,1,0.00,0.005,0.038,0.006,,-0.0332,-0.1463,1.7453,0.3019,0.1828,-0.1244,0.0018,-0.3452,0.0163,1,0.00,0.004,0.043,0.009,,0.0214,0.0028,1.5470,0.0051,-0.3531,-0.1505,-0.0017,0.3495,0.0268,1,0.16,0.003,0.031,0.009,,-0.0099,-0.3294,1.9082,0.0022,0.3394,-0.0934,-0.2983,-0.1874,0.0240,1,0.00,0.006,0.045,0.008,,0.0355,-0.1615,1.7542,-0.2945,-0.1967,-0.1218,-0.3007,0.1961,0.0364,1,6.95,0.077,0.826,0.372,,0.0124,-0.3882,1.9386,-0.2963,0.1851,-0.0837
9.688,1720,tripod,-0.0079,0.0172,0.1421,-0.0676,-0.0355,0.0004,-0.0031,0.0044,-0.0186,-0.0429,-0.0366,-0.0012,0.000,0.000,-0.0600,-0.0312,-0.0676,-0.0355,0.0004,0.1171,0,0.2993,-0.1891,0.0304,1,5.91,0.003,0.915,0.085,,-0.0198,-0.0798,1.6326,0.3030,-0.1976,-0.1360,0.2986,0.1912,0.0161,1,0.00,0.006,0.028,0.003,,-0.0337,-0.1439,1.7435,0.3019,0.1827,-0.1248,0.0018,-0.3453,0.0166,1,0.00,0.004,0.035,0.002,,0.0215,-0.0004,1.5497,0.0051,-0.3532,-0.1499,-0.0017,0.3495,0.0271,1,0.00,0.004,0.037,0.005,,-0.0098,-0.3350,1.9117,0.0022,0.3394,-0.0925,-0.2983,-0.1875,0.0235,1,0.00,0.007,0.034,0.002,,0.0359,-0.1613,1.7539,-0.2945,-0.1968,-0.1219,-0.3007,0.1961,0.0362,1,6.45,0.014,0.867,0.220,,0.0125,-0.3915,1.9405,-0.2963,0.1851,-0.0832
9.710,1724,tripod,-0.0080,0.0172,0.1417,-0.0680,-0.0363,0.0003,-0.0055,0.0163,-0.0202,-0.0435,-0.0054,-0.0324,0.000,0.000,-0.0606,-0.0318,-0.0680,-0.0363,0.0003,0.1167,0,0.2993,-0.1890,0.0316,1,2.80,0.016,0.710,0.328,,-0.0199,-0.0866,1.6387,0.3030,-0.1977,-0.1348,0.2987,0.1910,0.0157,1,7.24,0.932,1.390,0.117,,-0.0341,-0.1431,1.7430,0.3020,0.1826,-0.1250,0.0019,-0.3454,0.0171,1,0.00,0.029,0.074,0.012,,0.0217,-0.0046,1.5533,0.0052,-0.3533,-0.1492,-0.0018,0.3496,0.0274,1,0.00,0.032,0.048,0.001,,-0.0097,-0.3404,1.9151,0.0022,0.3394,-0.0916,-0.2982,-0.1877,0.0223,1,11.85,1.178,1.511,0.619,,0.0366,-0.1571,1.7504,-0.2944,-0.1969,-0.1226,-0.3007,0.1961,0.0360,1,0.00,0.076,0.087,0.003,,0.0126,-0.3952,1.9426,-0.2963,0.1850,-0.0826
9.731,1728,tripod,-0.0081,0.0176,0.1415,-0.0697,-0.0366,0.0002,-0.0089,0.0260,-0.0127,-0.1344,-0.0295,-0.0088,0.000,0.000,-0.0613,-0.0324,-0.0697,-0.0366,0.0002,0.1161,0,0.2991,-0.1888,0.0330,1,0.00,0.012,0.047,0.008,,-0.0200,-0.0937,1.6448,0.3030,-0.1977,-0.1336,0.2987,0.1911,0.0155,1,7.53,0.003,1.305,0.026,,-0.0344,-0.1440,1.7437,0.3020,0.1825,-0.1248,0.0017,-0.3452,0.0183,1,0.00,0.014,0.072,0.004,,0.0218,-0.0094,1.5577,0.0052,-0.3533,-0.1483,-0.0018,0.3498,0.0276,1,0.00,0.010,0.028,0.006,,-0.0097,-0.3459,1.9184,0.0022,0.3394,-0.0907,-0.2982,-0.1876,0.0217,1,9.47,0.005,1.219,0.414,,0.0372,-0.1537,1.7474,-0.2943,-0.1971,-0.1232,-0.3008,0.1964,0.0361,1,0.00,0.008,0.053,0.004,,0.0127,-0.3992,1.9448,-0.2963,0.1850,-0.0819
9.752,1732,tripod,-0.0083,0.0180,0.1412,-0.0713,-0.0373,0.0001,-0.0052,0.0152,-0.0219,-0.0712,-0.0099,-0.0068,0.000,0.000,-0.0625,-0.0329,-0.0713,-0.0373,0.0001,0.1155,0,0.2990,-0.1887,0.0344,1,0.00,0.007,0.035,0.008,,-0.0201,-0.1005,1.6506,0.3030,-0.1977,-0.1324,0.2987,0.1911,0.0153,1,6.82,0.009,1.174,0.020,,-0.0348,-0.1454,1.7450,0.3020,0.1825,-0.1246,0.0016,-0.3450,0.0194,1,0.00,0.018,0.061,0.005,,0.0220,-0.0145,1.5622,0.0053,-0.3534,-0.1474,-0.0019,0.3500,0.0275,1,1.46,0.155,0.122,0.098,,-0.0097,-0.3505,1.9214,0.0022,0.3393,-0.0899,-0.2982,-0.1876,0.0212,1,9.43,0.182,1.249,0.350,,0.0378,-0.1519,1.7459,-0.2943,-0.1972,-0.1235,-0.3008,0.1967,0.0358,1,0.00,0.002,0.068,0.003,,0.0127,-0.4023,1.9466,-0.2963,0.1850,-0.0814
9.774,1736,tripod,-0.0084,0.0181,0.1406,-0.0718,-0.0377,0.0001,-0.0031,0.0091,-0.0308,-0.0340,-0.0005,-0.0058,0.000,0.000,-0.0636,-0.0334,-0.0718,-0.0377,0.0001,0.1150,0,0.2989,-0.1885,0.0353,1,0.00,0.008,0.038,0.008,,-0.0202,-0.1074,1.6562,0.3031,-0.1978,-0.1312,0.2986,0.1911,0.0151,1,7.13,0.000,1.191,0.019,,-0.0352,-0.1475,1.7468,0.3021,0.1824,-0.1242,0.0015,-0.3450,0.0201,1,0.00,0.017,0.064,0.005,,0.0222,-0.0200,1.5670,0.0053,-0.3535,-0.1465,-0.0019,0.3502,0.0275,1,1.20,0.126,0.089,0.085,,-0.0097,-0.3548,1.9240,0.0022,0.3393,-0.0892,-0.2982,-0.1875,0.0206,1,9.58,0.138,1.238,0.391,,0.0384,-0.1516,1.7457,-0.2942,-0.1973,-0.1235,-0.3009,0.1967,0.0351,1,0.00,0.003,0.062,0.001,,0.0129,-0.4021,1.9468,-0.2963,0.1849,-0.0815
9.796,1740,tripod,-0.0084,0.0183,0.1400,-0.0723,-0.0382,-0.0000,-0.0048,0.0072,-0.0337,-0.0305,-0.0217,-0.0091,0.000,0.000,-0.0644,-0.0338,-0.0723,-0.0382,-0.0000,0.1145,0,0.2988,-0.1885,0.0360,1,0.00,0.005,0.024,0.008,,-0.0203,-0.1128,1.6605,0.3031,-0.1978,-0.1303,0.2986,0.1911,0.0150,1,3.79,0.232,0.560,0.092,,-0.0355,-0.1501,1.7489,0.3021,0.1823,-0.1238,0.0015,-0.3449,0.0207,1,2.80,0.425,0.508,0.086,,0.0224,-0.0256,1.5718,0.0054,-0.3536,-0.1455,-0.0020,0.3502,0.0273,1,3.61,0.117,0.264,0.400,,-0.0097,-0.3586,1.9265,0.0022,0.3393,-0.0886,-0.2982,-0.1875,0.0201,1,4.97,0.577,0.723,0.132,,0.0389,-0.1523,1.7462,-0.2941,-0.1974,-0.1234,-0.3009,0.1968,0.0343,1,0.00,0.009,0.059,0.001,,0.0131,-0.4022,1.9472,-0.2962,0.1849,-0.0815
9.818,1744,tripod,-0.0085,0.0184,0.1395,-0.0731,-0.0387,0.0000,-0.0024,0.0068,-0.0284,-0.0514,-0.0226,-0.0027,0.000,0.000,-0.0650,-0.0343,-0.0731,-0.0387,0.0000,0.1139,0,0.2988,-0.1884,0.0367,1,0.00,0.003,0.035,0.006,,-0.0205,-0.1182,1.6648,0.3031,-0.1979,-0.1293,0.2987,0.1911,0.0150,1,0.96,0.133,0.123,0.012,,-0.0358,-0.1529,1.7513,0.3021,0.1823,-0.1233,0.0015,-0.3449,0.0214,1,5.73,0.064,0.879,0.094,,0.0226,-0.0311,1.5766,0.0054,-0.3536,-0.1445,-0.0020,0.3503,0.0272,1,5.12,0.345,0.579,0.304,,-0.0097,-0.3622,1.9289,0.0022,0.3393,-0.0880,-0.2982,-0.1876,0.0198,1,0.00,0.007,0.037,0.002,,0.0394,-0.1537,1.7474,-0.2941,-0.1975,-0.1232,-0.3009,0.1967,0.0336,1,1.34,0.123,0.245,0.105,,0.0133,-0.4028,1.9477,-0.2962,0.1848,-0.0814
9.839,1748,tripod,-0.0086,0.0185,0.1391,-0.0742,-0.0392,0.0000,-0.0036,0.0087,-0.0222,-0.0695,-0.0302,-0.0027,0.000,0.000,-0.0657,-0.0347,-0.0742,-0.0392,0.0000,0.1133,0,0.2988,-0.1884,0.0375,1,0.00,0.005,0.038,0.005,,-0.0206,-0.1235,1.6690,0.3032,-0.1979,-0.1284,0.2987,0.1911,0.0150,1,0.00,0.007,0.039,0.004,,-0.0360,-0.1559,1.7537,0.3022,0.1822,-0.1228,0.0015,-0.3449,0.0223,1,6.07,0.008,0.901,0.139,,0.0228,-0.0364,1.5814,0.0055,-0.3537,-0.1436,-0.0020,0.3503,0.0269,1,6.81,0.005,0.844,0.336,,-0.0097,-0.3656,1.9312,0.0022,0.3392,-0.0874,-0.2982,-0.1877,0.0197,1,0.00,0.007,0.034,0.003,,0.0398,-0.1553,1.7486,-0.2940,-0.1976,-0.1229,-0.3008,0.1967,0.0329,1,0.00,0.005,0.035,0.002,,0.0134,-0.4038,1.9485,-0.2962,0.1848,-0.0812
9.860,1752,tripod,-0.0086,0.0187,0.1388,-0.0755,-0.0396,0.0000,-0.0033,0.0101,-0.0155,-0.0768,-0.0263,-0.0025,0.000,0.000,-0.0666,-0.0351,-0.0755,-0.0396,0.0000,0.1128,0,0.2988,-0.1884,0.0385,1,0.00,0.005,0.037,0.005,,-0.0207,-0.1287,1.6731,0.3032,-0.1980,-0.1275,0.2987,0.1911,0.0152,1,0.00,0.008,0.039,0.004,,-0.0363,-0.1589,1.7562,0.3022,0.1821,-0.1222,0.0015,-0.3448,0.0234,1,5.97,0.006,0.883,0.142,,0.0230,-0.0417,1.5860,0.0055,-0.3537,-0.1427,-0.0020,0.3503,0.0267,1,6.73,0.003,0.826,0.346,,-0.0097,-0.3686,1.9333,0.0022,0.3392,-0.0869,-0.2981,-0.1878,0.0193,1,0.00,0.007,0.029,0.003,,0.0405,-0.1531,1.7468,-0.2940,-0.1977,-0.1233,-0.3008,0.1968,0.0325,1,0.00,0.005,0.035,0.002,,0.0136,-0.4049,1.9494,-0.2962,0.1847,-0.0810
9.881,1756,tripod,-0.0087,0.0188,0.1386,-0.0769,-0.0400,0.0000,-0.0035,0.0116,-0.0108,-0.0809,-0.0265,-0.0021,0.000,0.000,-0.0677,-0.0355,-0.0769,-0.0400,0.0000,0.1125,0,0.2988,-0.1884,0.0395,1,0.00,0.006,0.036,0.003,,-0.0208,-0.1328,1.6760,0.3032,-0.1981,-0.1268,0.2987,0.1910,0.0154,1,0.00,0.009,0.042,0.004,,-0.0366,-0.1618,1.7586,0.3022,0.1821,-0.1218,0.0015,-0.3448,0.0246,1,6.06,0.005,0.920,0.123,,0.0233,-0.0468,1.5904,0.0056,-0.3538,-0.1418,-0.0020,0.3503,0.0264,1,7.10,0.004,0.860,0.377,,-0.0097,-0.3711,1.9351,0.0022,0.3391,-0.0865,-0.2980,-0.1880,0.0183,1,0.00,0.008,0.024,0.008,,0.0414,-0.1474,1.7419,-0.2939,-0.1979,-0.1243,-0.3008,0.1968,0.0319,1,0.00,0.007,0.037,0.001,,0.0138,-0.4049,1.9497,-0.2962,0.1847,-0.0810
9.902,1760,tripod,-0.0087,0.0191,0.1384,-0.0784,-0.0400,0.0001,0.0017,0.0127,-0.0058,-0.0805,0.0135,-0.0013,0.000,0.000,-0.0689,-0.0359,-0.0784,-0.0400,0.0001,0.1125,0,0.2988,-0.1884,0.0397,1,0.00,0.012,0.035,0.004,,-0.0212,-0.1322,1.6747,0.3033,-0.1982,-0.1269,0.2987,0.1910,0.0154,1,0.00,0.012,0.051,0.003,,-0.0370,-0.1644,1.7607,0.3022,0.1820,-0.1213,0.0015,-0.3448,0.0258,1,6.01,0.056,0.961,0.073,,0.0234,-0.0517,1.5946,0.0056,-0.3539,-0.1409,-0.0020,0.3503,0.0261,1,7.50,0.060,0.887,0.430,,-0.0098,-0.3730,1.9365,0.0022,0.3390,-0.0862,-0.2979,-0.1882,0.0176,1,0.11,0.022,0.001,0.008,,0.0422,-0.1427,1.7378,-0.2938,-0.1981,-0.1251,-0.3007,0.1967,0.0308,1,0.00,0.011,0.030,0.003,,0.0141,-0.4003,1.9478,-0.2961,0.1846,-0.0818
9.923,1764,tripod,-0.0087,0.0193,0.1384,-0.0799,-0.0402,0.0001,-0.0021,0.0137,-0.0018,-0.0778,-0.0151,-0.0009,0.000,0.000,-0.0702,-0.0360,-0.0799,-0.0402,0.0001,0.1126,0,0.2989,-0.1886,0.0392,1,0.00,0.009,0.027,0.009,,-0.0217,-0.1274,1.6694,0.3034,-0.1984,-0.1277,0.2987,0.1910,0.0155,1,0.00,0.013,0.048,0.003,,-0.0373,-0.1665,1.7626,0.3023,0.1819,-0.1209,0.0015,-0.3447,0.0271,1,6.40,0.009,1.028,0.074,,0.0236,-0.0565,1.5983,0.0056,-0.3540,-0.1401,-0.0020,0.3503,0.0258,1,7.91,0.009,0.954,0.423,,-0.0098,-0.3742,1.9377,0.0022,0.3390,-0.0860,-0.2978,-0.1884,0.0173,1,0.00,0.010,0.026,0.003,,0.0431,-0.1395,1.7350,-0.2937,-0.1983,-0.1256,-0.3007,0.1966,0.0297,1,0.00,0.010,0.039,0.002,,0.0145,-0.3958,1.9459,-0.2961,0.1845,-0.0825
9.945,1768,tripod,-0.0087,0.0195,0.1383,-0.0813,-0.0405,0.0002,-0.0027,0.0143,0.0020,-0.0753,-0.0205,-0.0001,0.000,0.000,-0.0715,-0.0362,-0.0813,-0.0405,0.0002,0.1127,0,0.2991,-0.1888,0.0384,1,0.00,0.011,0.024,0.012,,-0.0223,-0.1203,1.6619,0.3035,-0.1986,-0.1289,0.2987,0.1910,0.0156,1,0.00,0.015,0.050,0.002,,-0.0378,-0.1682,1.7641,0.3023,0.1818,-0.1207,0.0015,-0.3447,0.0285,1,6.51,0.016,1.082,0.036,,0.0238,-0.0610,1.6018,0.0057,-0.3541,-0.1393,-0.0020,0.3504,0.0254,1,8.27,0.016,0.993,0.445,,-0.0098,-0.3749,1.9385,0.0022,0.3389,-0.0859,-0.2977,-0.1885,0.0171,1,0.00,0.012,0.026,0.002,,0.0438,-0.1376,1.7331,-0.2937,-0.1984,-0.1260,-0.3006,0.1965,0.0287,1,0.00,0.011,0.042,0.002,,0.0149,-0.3921,1.9445,-0.2960,0.1843,-0.0831
9.966,1772,tripod,-0.0088,0.0198,0.1384,-0.0828,-0.0412,0.0002,-0.0061,0.0151,0.0050,-0.0714,-0.0462,0.0003,0.000,0.000,-0.0728,-0.0365,-0.0828,-0.0412,0.0002,0.1128,0,0.2992,-0.1890,0.0381,1,0.00,0.011,0.024,0.009,,-0.0229,-0.1151,1.6561,0.3036,-0.1989,-0.1298,0.2987,0.1910,0.0158,1,0.00,0.017,0.052,0.002,,-0.0382,-0.1694,1.7653,0.3023,0.1817,-0.1204,0.0014,-0.3447,0.0298,1,6.59,0.048,1.135,0.005,,0.0239,-0.0653,1.6049,0.0057,-0.3542,-0.1385,-0.0020,0.3504,0.0250,1,8.52,0.037,1.015,0.462,,-0.0098,-0.3750,1.9391,0.0022,0.3388,-0.0859,-0.2976,-0.1886,0.0170,1,0.00,0.013,0.027,0.003,,0.0446,-0.1355,1.7310,-0.2936,-0.1986,-0.1263,-0.3006,0.1964,0.0278,1,0.15,0.023,0.013,0.012,,0.0152,-0.3889,1.9433,-0.2960,0.1842,-0.0836
9.988,1776,tripod,-0.0089,0.0201,0.1383,-0.0843,-0.0420,0.0003,-0.0069,0.0128,-0.0111,-0.0682,-0.0571,0.0003,0.000,0.000,-0.0742,-0.0370,-0.0843,-0.0420,0.0003,0.1128,0,0.2993,-0.1891,0.0380,1,0.00,0.014,0.027,0.004,,-0.0235,-0.1121,1.6524,0.3037,-0.1991,-0.1303,0.2988,0.1910,0.0159,1,0.00,0.019,0.058,0.000,,-0.0387,-0.1699,1.7659,0.3023,0.1816,-0.1204,0.0014,-0.3446,0.0312,1,6.89,0.030,1.195,0.012,,0.0241,-0.0702,1.6085,0.0058,-0.3544,-0.1376,-0.0020,0.3504,0.0245,1,9.42,0.053,1.097,0.540,,-0.0099,-0.3755,1.9399,0.0022,0.3388,-0.0858,-0.2975,-0.1888,0.0163,1,0.00,0.014,0.023,0.004,,0.0456,-0.1313,1.7271,-0.2935,-0.1988,-0.1270,-0.3006,0.1964,0.0269,1,0.00,0.015,0.055,0.000,,0.0156,-0.3870,1.9427,-0.2960,0.1841,-0.0839
10.009,1780,tripod,-0.0090,0.0203,0.1382,-0.0856,-0.0426,0.0004,-0.0003,0.0128,-0.0040,-0.0629,-0.0008,-0.0002,0.000,0.000,-0.0755,-0.0376,-0.0856,-0.0426,0.0004,0.1128,0,0.2994,-0.1893,0.0378,1,0.00,0.014,0.026,0.008,,-0.0241,-0.1083,1.6479,0.3038,-0.1993,-0.1310,0.2988,0.1909,0.0157,1,0.00,0.020,0.055,0.000,,-0.0393,-0.1699,1.7661,0.3024,0.1815,-0.1204,0.0014,-0.3446,0.0325,1,6.62,0.058,1.142,0.016,,0.0242,-0.0755,1.6125,0.0058,-0.3545,-0.1367,-0.0021,0.3504,0.0240,1,8.90,0.027,1.074,0.480,,-0.0099,-0.3762,1.9407,0.0022,0.3387,-0.0857,-0.2974,-0.1890,0.0158,1,0.27,0.050,0.018,0.011,,0.0465,-0.1286,1.7246,-0.2934,-0.1990,-0.1275,-0.3005,0.1964,0.0262,1,0.00,0.015,0.052,0.000,,0.0159,-0.3859,1.9425,-0.2960,0.1840,-0.0841
10.031,1784,tripod,-0.0091,0.0206,0.1381,-0.0870,-0.0433,0.0004,-0.0073,0.0163,0.0021,-0.0635,-0.0327,-0.0048,0.000,0.000,-0.0767,-0.0382,-0.0870,-0.0433,0.0004,0.1130,0,0.2995,-0.1895,0.0371,1,0.00,0.019,0.005,0.012,,-0.0248,-0.1011,1.6397,0.3039,-0.1996,-0.1323,0.2988,0.1909,0.0157,1,2.18,0.053,0.299,0.051,,-0.0399,-0.1699,1.7663,0.3024,0.1813,-0.1204,0.0014,-0.3445,0.0338,1,3.91,0.581,0.784,0.173,,0.0244,-0.0803,1.6158,0.0059,-0.3547,-0.1359,-0.0021,0.3505,0.0236,1,7.23,0.160,0.610,0.721,,-0.0099,-0.3763,1.9414,0.0022,0.3386,-0.0857,-0.2974,-0.1891,0.0155,1,4.00,0.512,0.582,0.116,,0.0474,-0.1268,1.7228,-0.2934,-0.1992,-0.1278,-0.3005,0.1964,0.0255,1,0.00,0.001,0.076,0.000,,0.0163,-0.3845,1.9423,-0.2959,0.1839,-0.0843
10.052,1788,tripod,-0.0093,0.0209,0.1381,-0.0884,-0.0442,0.0004,-0.0092,0.0167,0.0028,-0.0586,-0.0454,-0.0055,0.000,0.000,-0.0780,-0.0389,-0.0884,-0.0442,0.0004,0.1132,0,0.2997,-0.1898,0.0360,1,0.00,0.020,0.004,0.016,,-0.0255,-0.0914,1.6291,0.3041,-0.1999,-0.1339,0.2988,0.1909,0.0157,1,2.32,0.041,0.238,0.150,,-0.0404,-0.1700,1.7665,0.3025,0.1812,-0.1203,0.0014,-0.3445,0.0351,1,3.80,0.562,0.780,0.189,,0.0247,-0.0847,1.6186,0.0059,-0.3548,-0.1351,-0.0021,0.3505,0.0231,1,6.68,0.186,0.644,0.544,,-0.0100,-0.3759,1.9416,0.0022,0.3385,-0.0857,-0.2973,-0.1891,0.0153,1,3.64,0.468,0.557,0.078,,0.0483,-0.1255,1.7215,-0.2933,-0.1994,-0.1280,-0.3005,0.1963,0.0243,1,0.00,0.000,0.065,0.003,,0.0167,-0.3800,1.9404,-0.2959,0.1838,-0.0851
10.073,1792,tripod,-0.0095,0.0212,0.1381,-0.0895,-0.0450,0.0005,-0.0042,0.0137,0.0131,-0.0123,0.0272,-0.0140,0.000,0.000,-0.0792,-0.0396,-0.0895,-0.0450,0.0005,0.1135,0,0.2998,-0.1901,0.0352,1,0.00,0.019,0.043,0.006,,-0.0262,-0.0836,1.6202,0.3042,-0.2002,-0.1353,0.2988,0.1909,0.0159,1,5.45,0.634,0.830,0.056,,-0.0411,-0.1702,1.7666,0.3025,0.1811,-0.1203,0.0013,-0.3444,0.0363,1,6.14,0.907,1.266,0.286,,0.0250,-0.0888,1.6213,0.0060,-0.3550,-0.1344,-0.0021,0.3506,0.0226,1,0.00,0.056,0.103,0.002,,-0.0101,-0.3752,1.9417,0.0023,0.3385,-0.0859,-0.2973,-0.1892,0.0152,1,0.00,0.002,0.096,0.003,,0.0492,-0.1247,1.7205,-0.2932,-0.1996,-0.1282,-0.3005,0.1963,0.0230,1,10.91,0.423,1.812,0.179,,0.0172,-0.3750,1.9383,-0.2959,0.1836,-0.0859
10.095,1796,tripod,-0.0096,0.0214,0.1382,-0.0903,-0.0456,0.0004,-0.0077,0.0152,0.0113,-0.0189,0.0056,-0.0168,0.000,0.000,-0.0802,-0.0403,-0.0903,-0.0456,0.0004,0.1136,0,0.2999,-0.1903,0.0345,1,0.00,0.020,0.029,0.005,,-0.0269,-0.0771,1.6126,0.3044,-0.2004,-0.1364,0.2988,0.1910,0.0160,1,5.10,0.596,0.696,0.144,,-0.0417,-0.1704,1.7668,0.3026,0.1810,-0.1203,0.0013,-0.3443,0.0374,1,5.70,0.868,1.133,0.224,,0.0253,-0.0925,1.6235,0.0061,-0.3551,-0.1337,-0.0022,0.3507,0.0223,1,0.00,0.040,0.085,0.003,,-0.0103,-0.3742,1.9415,0.0023,0.3384,-0.0860,-0.2973,-0.1892,0.0152,1,0.00,0.013,0.081,0.002,,0.0500,-0.1241,1.7199,-0.2931,-0.1998,-0.1283,-0.3005,0.1963,0.0221,1,8.65,0.446,1.710,0.524,,0.0176,-0.3707,1.9363,-0.2958,0.1835,-0.0866
10.116,1800,tripod,-0.0098,0.0217,0.1383,-0.0911,-0.0463,0.0004,-0.0089,0.0148,0.0105,-0.0172,-0.0021,-0.0182,0.000,0.000,-0.0810,-0.0409,-0.0911,-0.0463,0.0004,0.1139,0,0.3000,-0.1906,0.0335,1,0.00,0.021,0.034,0.009,,-0.0276,-0.0679,1.6021,0.3045,-0.2007,-0.1380,0.2988,0.1910,0.0163,1,5.17,0.629,0.755,0.083,,-0.0423,-0.1707,1.7670,0.3027,0.1808,-0.1202,0.0012,-0.3442,0.0384,1,5.84,0.902,1.152,0.223,,0.0257,-0.0959,1.6256,0.0062,-0.3553,-0.1331,-0.0022,0.3508,0.0220,1,0.00,0.044,0.086,0.003,,-0.0104,-0.3731,1.9413,0.0023,0.3383,-0.0862,-0.2973,-0.1892,0.0152,1,0.00,0.018,0.083,0.002,,0.0508,-0.1237,1.7194,-0.2930,-0.1999,-0.1284,-0.3006,0.1963,0.0213,1,8.58,0.464,1.761,0.612,,0.0180,-0.3669,1.9345,-0.2958,0.1834,-0.0872
10.138,1804,tripod,-0.0099,0.0219,0.1382,-0.0918,-0.0472,0.0003,-0.0093,0.0086,-0.0326,-0.0392,-0.0441,-0.0126,0.000,0.000,-0.0818,-0.0415,-0.0918,-0.0472,0.0003,0.1141,0,0.3002,-0.1910,0.0322,1,0.00,0.016,0.004,0.012,,-0.0282,-0.0586,1.5914,0.3047,-0.2010,-0.1396,0.2988,0.1910,0.0166,1,3.97,0.524,0.416,0.244,,-0.0427,-0.1724,1.7683,0.3027,0.1808,-0.1199,0.0011,-0.3441,0.0393,1,3.45,0.564,0.682,0.151,,0.0260,-0.1004,1.6288,0.0062,-0.3554,-0.1323,-0.0022,0.3508,0.0213,1,0.00,0.009,0.041,0.001,,-0.0106,-0.3703,1.9403,0.0024,0.3382,-0.0867,-0.2973,-0.1892,0.0152,1,0.00,0.002,0.045,0.000,,0.0515,-0.1248,1.7203,-0.2929,-0.2001,-0.1282,-0.3006,0.1963,0.0205,1,4.72,0.091,1.047,0.440,,0.0183,-0.3651,1.9341,-0.2958,0.1833,-0.0875
10.159,1808,tripod,-0.0101,0.0220,0.1379,-0.0917,-0.0481,0.0004,-0.0095,0.0014,-0.0024,0.0439,-0.0522,0.0058,0.000,0.000,-0.0824,-0.0423,-0.0917,-0.0481,0.0004,0.1139,0,0.3003,-0.1911,0.0313,1,0.00,0.010,0.028,0.009,,-0.0287,-0.0535,1.5852,0.3048,-0.2012,-0.1405,0.2987,0.1911,0.0172,1,0.00,0.016,0.058,0.004,,-0.0430,-0.1760,1.7711,0.3027,0.1807,-0.1193,0.0011,-0.3441,0.0401,1,7.21,0.005,1.640,0.511,,0.0263,-0.1062,1.6329,0.0063,-0.3556,-0.1313,-0.0022,0.3508,0.0204,1,9.08,0.013,1.488,0.077,,-0.0108,-0.3666,1.9385,0.0024,0.3382,-0.0873,-0.2973,-0.1891,0.0152,1,0.00,0.011,0.032,0.005,,0.0520,-0.1276,1.7228,-0.2929,-0.2002,-0.1277,-0.3006,0.1963,0.0200,1,0.00,0.010,0.052,0.002,,0.0185,-0.3654,1.9347,-0.2957,0.1832,-0.0875
10.181,1812,tripod,-0.0103,0.0220,0.1378,-0.0915,-0.0490,0.0004,-0.0083,0.0042,-0.0007,0.0235,-0.0383,0.0028,0.000,0.000,-0.0825,-0.0431,-0.0915,-0.0490,0.0004,0.1140,0,0.3004,-0.1914,0.0303,1,0.00,0.005,0.020,0.013,,-0.0291,-0.0465,1.5769,0.3050,-0.2015,-0.1417,0.2987,0.1912,0.0179,1,0.00,0.017,0.056,0.002,,-0.0433,-0.1789,1.7733,0.3028,0.1807,-0.1188,0.0010,-0.3441,0.0407,1,6.97,0.149,1.615,0.536,,0.0266,-0.1108,1.6359,0.0064,-0.3557,-0.1305,-0.0022,0.3507,0.0198,1,9.25,0.158,1.591,0.196,,-0.0110,-0.3634,1.9370,0.0025,0.3381,-0.0878,-0.2973,-0.1891,0.0151,1,0.65,0.007,0.139,0.074,,0.0525,-0.1295,1.7245,-0.2928,-0.2002,-0.1274,-0.3006,0.1963,0.0195,1,0.00,0.005,0.061,0.000,,0.0187,-0.3640,1.9345,-0.2957,0.1831,-0.0877
10.202,1816,tripod,-0.0104,0.0221,0.1378,-0.0916,-0.0493,0.0005,-0.0050,0.0039,0.0011,0.0102,-0.0072,0.0004,0.000,0.000,-0.0825,-0.0438,-0.0916,-0.0493,0.0005,0.1143,0,0.3007,-0.1917,0.0287,1,0.00,0.009,0.020,0.019,,-0.0295,-0.0361,1.5648,0.3052,-0.2017,-0.1436,0.2986,0.1913,0.0184,1,0.00,0.018,0.056,0.002,,-0.0436,-0.1811,1.7748,0.3028,0.1806,-0.1184,0.0010,-0.3441,0.0413,1,7.04,0.050,1.569,0.458,,0.0270,-0.1141,1.6381,0.0065,-0.3558,-0.1299,-0.0022,0.3507,0.0193,1,9.31,0.095,1.491,0.031,,-0.0112,-0.3606,1.9357,0.0025,0.3381,-0.0882,-0.2973,-0.1891,0.0151,1,0.37,0.025,0.058,0.036,,0.0530,-0.1304,1.7255,-0.2927,-0.2003,-0.1272,-0.3005,0.1961,0.0185,1,0.00,0.010,0.053,0.003,,0.0190,-0.3584,1.9321,-0.2956,0.1830,-0.0886
10.225,1820,tripod,-0.0106,0.0224,0.1379,-0.0919,-0.0497,0.0006,-0.0202,0.0312,0.0268,-0.0260,-0.0141,0.0128,0.000,0.000,-0.0825,-0.0442,-0.0919,-0.0497,0.0006,0.1147,0,0.3008,-0.1919,0.0272,1,13.04,0.141,1.224,1.164,,-0.0299,-0.0260,1.5531,0.3054,-0.2019,-0.1453,0.2985,0.1915,0.0188,1,0.00,0.006,0.077,0.001,,-0.0438,-0.1827,1.7759,0.3029,0.1806,-0.1182,0.0010,-0.3439,0.0419,1,0.00,0.010,0.076,0.002,,0.0273,-0.1163,1.6398,0.0066,-0.3558,-0.1295,-0.0023,0.3508,0.0189,1,0.00,0.005,0.062,0.001,,-0.0115,-0.3580,1.9346,0.0026,0.3380,-0.0887,-0.2973,-0.1891,0.0152,1,0.00,0.009,0.064,0.002,,0.0535,-0.1305,1.7258,-0.2926,-0.2004,-0.1272,-0.3006,0.1961,0.0175,1,13.14,0.020,1.342,1.103,,0.0193,-0.3531,1.9299,-0.2955,0.1829,-0.0895
10.246,1824,tripod,-0.0108,0.0226,0.1378,-0.0918,-0.0497,0.0006,-0.0028,-0.0007,-0.0019,0.0366,0.0147,-0.0050,0.000,0.000,-0.0827,-0.0446,-0.0918,-0.0497,0.0006,0.1148,0,0.3009,-0.1919,0.0261,1,0.00,0.015,0.004,0.009,,-0.0301,-0.0196,1.5456,0.3056,-0.2021,-0.1464,0.2984,0.1917,0.0189,1,5.40,0.246,0.747,0.154,,-0.0441,-0.1829,1.7758,0.3030,0.1805,-0.1181,0.0009,-0.3436,0.0425,1,3.25,0.378,0.764,0.300,,0.0277,-0.1194,1.6426,0.0067,-0.3558,-0.1290,-0.0024,0.3510,0.0187,1,0.00,0.023,0.059,0.001,,-0.0116,-0.3573,1.9345,0.0026,0.3380,-0.0888,-0.2974,-0.1888,0.0154,1,1.72,0.275,0.260,0.040,,0.0538,-0.1318,1.7272,-0.2925,-0.2004,-0.1270,-0.3007,0.1962,0.0170,1,5.27,0.510,1.072,0.326,,0.0195,-0.3502,1.9287,-0.2955,0.1828,-0.0900
10.268,1828,tripod,-0.0108,0.0226,0.1377,-0.0918,-0.0501,0.0006,-0.0047,-0.0016,-0.0299,-0.0206,-0.0352,0.0001,0.000,0.000,-0.0826,-0.0448,-0.0918,-0.0501,0.0006,0.1148,0,0.3010,-0.1921,0.0252,1,0.00,0.002,0.024,0.007,,-0.0303,-0.0156,1.5407,0.3057,-0.2022,-0.1471,0.2984,0.1917,0.0190,1,4.98,0.164,0.678,0.167,,-0.0443,-0.1841,1.7766,0.3030,0.1805,-0.1179,0.0009,-0.3435,0.0428,1,0.00,0.004,0.031,0.004,,0.0279,-0.1228,1.6457,0.0067,-0.3558,-0.1284,-0.0024,0.3509,0.0184,1,0.00,0.004,0.024,0.000,,-0.0118,-0.3556,1.9339,0.0026,0.3379,-0.0891,-0.2974,-0.1889,0.0154,1,4.73,0.202,0.646,0.150,,0.0540,-0.1338,1.7290,-0.2925,-0.2005,-0.1266,-0.3007,0.1961,0.0165,1,0.57,0.054,0.097,0.033,,0.0195,-0.3489,1.9283,-0.2954,0.1828,-0.0902
10.289,1832,tripod,-0.0108,0.0224,0.1371,-0.0911,-0.0500,0.0007,0.0084,-0.0218,-0.0224,0.1416,0.0671,0.0076,0.000,0.000,-0.0826,-0.0450,-0.0911,-0.0500,0.0007,0.1144,0,0.3011,-0.1922,0.0244,1,0.00,0.007,0.003,0.003,,-0.0303,-0.0140,1.5385,0.3058,-0.2022,-0.1474,0.2984,0.1917,0.0193,1,4.42,0.723,0.511,0.179,,-0.0442,-0.1886,1.7799,0.3030,0.1805,-0.1172,0.0009,-0.3434,0.0431,1,0.00,0.022,0.008,0.009,,0.0280,-0.1289,1.6513,0.0068,-0.3557,-0.1273,-0.0024,0.3507,0.0174,1,3.95,0.238,0.813,0.300,,-0.0120,-0.3521,1.9322,0.0027,0.3379,-0.0896,-0.2974,-0.1888,0.0156,1,6.31,0.545,0.874,0.157,,0.0540,-0.1386,1.7333,-0.2925,-0.2004,-0.1258,-0.3007,0.1961,0.0163,1,0.00,0.023,0.072,0.002,,0.0195,-0.3513,1.9298,-0.2954,0.1828,-0.0898
10.311,1836,tripod,-0.0107,0.0221,0.1367,-0.0901,-0.0496,0.0006,0.0035,-0.0138,-0.0416,0.0219,0.0020,-0.0013,0.000,0.000,-0.0820,-0.0449,-0.0901,-0.0496,0.0006,0.1142,0,0.3012,-0.1925,0.0228,1,0.00,0.003,0.025,0.008,,-0.0304,-0.0095,1.5333,0.3058,-0.2023,-0.1482,0.2983,0.1917,0.0196,1,4.71,0.243,0.559,0.243,,-0.0440,-0.1929,1.7832,0.3030,0.1806,-0.1164,0.0009,-0.3434,0.0432,1,0.00,0.002,0.033,0.007,,0.0281,-0.1341,1.6563,0.0068,-0.3556,-0.1264,-0.0023,0.3505,0.0170,1,0.86,0.096,0.144,0.035,,-0.0122,-0.3503,1.9314,0.0027,0.3378,-0.0899,-0.2974,-0.1889,0.0158,1,5.07,0.130,0.602,0.272,,0.0539,-0.1430,1.7373,-0.2924,-0.2004,-0.1250,-0.3006,0.1959,0.0164,1,0.00,0.004,0.026,0.000,,0.0195,-0.3509,1.9298,-0.2954,0.1828,-0.0898
10.333,1840,tripod,-0.0107,0.0218,0.1359,-0.0891,-0.0491,0.0004,0.0112,-0.0265,-0.0294,0.1463,0.0916,-0.0126,0.000,0.000,-0.0814,-0.0448,-0.0891,-0.0491,0.0004,0.1138,0,0.3013,-0.1927,0.0215,1,0.00,0.005,0.019,0.003,,-0.0303,-0.0084,1.5319,0.3059,-0.2023,-0.1484,0.2983,0.1917,0.0200,1,6.28,0.582,0.883,0.128,,-0.0436,-0.1995,1.7881,0.3030,0.1807,-0.1153,0.0008,-0.3434,0.0431,1,0.00,0.016,0.025,0.004,,0.0281,-0.1391,1.6610,0.0068,-0.3555,-0.1256,-0.0022,0.3504,0.0168,1,0.00,0.013,0.055,0.003,,-0.0122,-0.3524,1.9324,0.0027,0.3378,-0.0896,-0.2975,-0.1888,0.0161,1,4.91,0.814,0.655,0.102,,0.0535,-0.1493,1.7429,-0.2925,-0.2003,-0.1239,-0.3005,0.1957,0.0154,1,3.17,0.245,0.615,0.188,,0.0195,-0.3479,1.9283,-0.2953,0.1827,-0.0903
10.354,1844,tripod,-0.0105,0.0216,0.1357,-0.0877,-0.0483,0.0003,0.0029,-0.0074,-0.0116,0.0638,0.0369,-0.0016,0.000,0.000,-0.0804,-0.0443,-0.0877,-0.0483,0.0003,0.1138,0,0.3014,-0.1929,0.0203,1,4.00,0.391,0.551,0.147,,-0.0302,-0.0064,1.5300,0.3059,-0.2023,-0.1487,0.2983,0.1917,0.0205,1,2.74,0.473,0.306,0.104,,-0.0432,-0.2039,1.7913,0.3030,0.1808,-0.1145,0.0009,-0.3435,0.0421,1,0.00,0.025,0.039,0.003,,0.0283,-0.1378,1.6603,0.0068,-0.3555,-0.1258,-0.0022,0.3503,0.0172,1,0.00,0.018,0.032,0.000,,-0.0122,-0.3525,1.9325,0.0027,0.3378,-0.0896,-0.2975,-0.1887,0.0165,1,2.52,0.410,0.403,0.047,,0.0531,-0.1535,1.7465,-0.2925,-0.2002,-0.1232,-0.3004,0.1956,0.0152,1,4.42,0.221,0.872,0.221,,0.0195,-0.3452,1.9269,-0.2953,0.1827,-0.0908
10.376,1848,tripod,-0.0104,0.0213,0.1354,-0.0868,-0.0477,0.0002,0.0076,-0.0155,-0.0157,0.0422,0.0263,0.0012,0.000,0.000,-0.0794,-0.0437,-0.0868,-0.0477,0.0002,0.1138,0,0.3014,-0.1930,0.0194,1,0.00,0.003,0.034,0.003,,-0.0300,-0.0051,1.5289,0.3059,-0.2023,-0.1489,0.2983,0.1917,0.0209,1,6.19,0.213,0.818,0.236,,-0.0428,-0.2081,1.7944,0.3029,0.1809,-0.1138,0.0010,-0.3437,0.0413,1,0.00,0.004,0.034,0.002,,0.0283,-0.1368,1.6598,0.0068,-0.3554,-0.1260,-0.0021,0.3501,0.0167,1,0.00,0.004,0.030,0.003,,-0.0124,-0.3489,1.9304,0.0028,0.3378,-0.0902,-0.2976,-0.1887,0.0168,1,5.68,0.282,0.755,0.199,,0.0526,-0.1574,1.7499,-0.2925,-0.2001,-0.1225,-0.3003,0.1955,0.0150,1,1.12,0.094,0.197,0.060,,0.0195,-0.3442,1.9263,-0.2953,0.1827,-0.0909
10.397,1852,tripod,-0.0103,0.0211,0.1353,-0.0861,-0.0473,0.0003,0.0091,-0.0183,0.0058,0.1461,0.0828,0.0301,0.000,0.000,-0.0785,-0.0432,-0.0861,-0.0473,0.0003,0.1139,0,0.3015,-0.1931,0.0188,1,0.00,0.027,0.019,0.003,,-0.0298,-0.0039,1.5280,0.3059,-0.2022,-0.1492,0.2983,0.1917,0.0213,1,3.94,0.675,0.495,0.108,,-0.0423,-0.2116,1.7970,0.3029,0.1810,-0.1132,0.0010,-0.3438,0.0407,1,0.00,0.037,0.017,0.003,,0.0282,-0.1358,1.6595,0.0068,-0.3554,-0.1261,-0.0019,0.3498,0.0157,1,4.77,0.125,0.996,0.385,,-0.0126,-0.3424,1.9268,0.0028,0.3378,-0.0912,-0.2975,-0.1887,0.0172,1,6.52,0.719,0.959,0.091,,0.0521,-0.1606,1.7527,-0.2926,-0.2000,-0.1220,-0.3003,0.1953,0.0150,1,0.00,0.035,0.092,0.002,,0.0193,-0.3440,1.9261,-0.2953,0.1828,-0.0910
10.419,1856,tripod,-0.0101,0.0207,0.1356,-0.0843,-0.0462,0.0002,0.0092,-0.0156,0.0211,0.0677,0.0460,0.0000,0.000,0.000,-0.0775,-0.0426,-0.0843,-0.0462,0.0002,0.1142,0,0.3015,-0.1932,0.0178,1,0.00,0.001,0.039,0.006,,-0.0296,-0.0011,1.5256,0.3058,-0.2021,-0.1497,0.2983,0.1917,0.0218,1,5.91,0.136,0.816,0.194,,-0.0420,-0.2129,1.7980,0.3029,0.1810,-0.1130,0.0011,-0.3439,0.0398,1,0.00,0.001,0.037,0.005,,0.0281,-0.1332,1.6577,0.0068,-0.3553,-0.1266,-0.0018,0.3495,0.0155,1,0.44,0.052,0.067,0.011,,-0.0127,-0.3360,1.9231,0.0028,0.3377,-0.0923,-0.2975,-0.1887,0.0176,1,5.98,0.069,0.853,0.179,,0.0516,-0.1617,1.7537,-0.2926,-0.1999,-0.1218,-0.3002,0.1952,0.0158,1,0.00,0.001,0.024,0.001,,0.0192,-0.3425,1.9252,-0.2953,0.1828,-0.0912
10.441,1860,tripod,-0.0100,0.0205,0.1360,-0.0837,-0.0457,0.0002,0.0053,-0.0098,0.0250,0.0291,0.0202,0.0024,0.000,0.000,-0.0764,-0.0419,-0.0837,-0.0457,0.0002,0.1146,0,0.3016,-0.1933,0.0174,1,0.00,0.007,0.028,0.004,,-0.0295,0.0018,1.5233,0.3058,-0.2020,-0.1502,0.2983,0.1917,0.0223,1,5.53,0.488,0.732,0.179,,-0.0416,-0.2138,1.7987,0.3028,0.1811,-0.1129,0.0012,-0.3440,0.0394,1,0.00,0.003,0.028,0.003,,0.0279,-0.1303,1.6557,0.0067,-0.3552,-0.1271,-0.0017,0.3493,0.0153,1,1.92,0.222,0.345,0.077,,-0.0128,-0.3314,1.9204,0.0029,0.3377,-0.0930,-0.2975,-0.1887,0.0181,1,6.20,0.263,0.875,0.178,,0.0511,-0.1624,1.7544,-0.2926,-0.1998,-0.1217,-0.3001,0.1950,0.0156,1,0.00,0.008,0.038,0.004,,0.0192,-0.3375,1.9222,-0.2953,0.1828,-0.0920
10.463,1864,tripod,-0.0099,0.0205,0.1369,-0.0832,-0.0453,0.0002,0.0039,-0.0041,0.0828,0.0554,0.0420,0.0029,0.000,0.000,-0.0756,-0.0414,-0.0832,-0.0453,0.0002,0.1157,0,0.3016,-0.1934,0.0168,1,0.00,0.004,0.037,0.016,,-0.0294,0.0096,1.5154,0.3058,-0.2020,-0.1515,0.2983,0.1916,0.0227,1,6.86,0.144,0.994,0.180,,-0.0414,-0.2112,1.7966,0.3028,0.1812,-0.1133,0.0013,-0.3442,0.0385,1,0.00,0.002,0.032,0.017,,0.0279,-0.1202,1.6468,0.0067,-0.3553,-0.1289,-0.0016,0.3492,0.0152,1,0.00,0.003,0.028,0.005,,-0.0130,-0.3247,1.9164,0.0029,0.3377,-0.0941,-0.2975,-0.1887,0.0185,1,6.34,0.228,0.935,0.149,,0.0508,-0.1597,1.7522,-0.2927,-0.1997,-0.1221,-0.3000,0.1948,0.0153,1,0.88,0.083,0.171,0.054,,0.0193,-0.3286,1.9170,-0.2952,0.1827,-0.0935
10.484,1868,tripod,-0.0099,0.0204,0.1383,-0.0825,-0.0448,0.0002,0.0014,-0.0002,0.0893,0.0314,0.0255,0.0029,0.000,0.000,-0.0750,-0.0409,-0.0825,-0.0448,0.0002,0.1174,0,0.3018,-0.1935,0.0159,1,0.00,0.003,0.025,0.019,,-0.0295,0.0213,1.5032,0.3058,-0.2021,-0.1536,0.2983,0.1916,0.0232,1,5.68,0.116,0.848,0.130,,-0.0414,-0.2057,1.7923,0.3028,0.1812,-0.1142,0.0015,-0.3446,0.0370,1,0.00,0.002,0.020,0.025,,0.0281,-0.1037,1.6313,0.0068,-0.3554,-0.1317,-0.0015,0.3491,0.0155,1,0.00,0.003,0.021,0.006,,-0.0132,-0.3162,1.9113,0.0029,0.3377,-0.0955,-0.2975,-0.1888,0.0191,1,5.37,0.173,0.797,0.126,,0.0506,-0.1541,1.7475,-0.2927,-0.1997,-0.1231,-0.2999,0.1946,0.0153,1,0.68,0.063,0.132,0.039,,0.0195,-0.3185,1.9110,-0.2952,0.1827,-0.0952
10.506,1872,tripod,-0.0099,0.0205,0.1398,-0.0823,-0.0446,0.0003,-0.0000,0.0020,0.0760,0.0014,0.0055,0.0026,0.000,0.000,-0.0745,-0.0405,-0.0823,-0.0446,0.0003,0.1189,0,0.3018,-0.1936,0.0154,1,2.71,0.220,0.271,0.206,,-0.0296,0.0313,1.4928,0.3058,-0.2021,-0.1553,0.2984,0.1917,0.0237,1,3.25,0.374,0.443,0.089,,-0.0414,-0.2007,1.7885,0.3028,0.1812,-0.1151,0.0016,-0.3449,0.0356,1,0.00,0.000,0.026,0.022,,0.0282,-0.0883,1.6166,0.0068,-0.3556,-0.1344,-0.0015,0.3490,0.0156,1,0.00,0.000,0.016,0.007,,-0.0134,-0.3071,1.9058,0.0030,0.3376,-0.0970,-0.2975,-0.1888,0.0197,1,3.23,0.358,0.519,0.001,,0.0505,-0.1493,1.7434,-0.2928,-0.1997,-0.1239,-0.2999,0.1945,0.0155,1,2.58,0.217,0.565,0.177,,0.0196,-0.3103,1.9060,-0.2952,0.1826,-0.0965
10.528,1876,tripod,-0.0099,0.0205,0.1410,-0.0822,-0.0444,0.0003,-0.0003,0.0026,0.0725,-0.0012,0.0036,0.0028,0.000,0.000,-0.0742,-0.0402,-0.0822,-0.0444,0.0003,0.1201,0,0.3019,-0.1937,0.0151,1,3.51,0.244,0.339,0.271,,-0.0297,0.0392,1.4846,0.3058,-0.2021,-0.1567,0.2984,0.1917,0.0242,1,3.11,0.384,0.421,0.076,,-0.0413,-0.1970,1.7855,0.3028,0.1812,-0.1157,0.0018,-0.3452,0.0346,1,0.00,0.000,0.034,0.018,,0.0283,-0.0761,1.6052,0.0068,-0.3557,-0.1366,-0.0014,0.3488,0.0152,1,0.00,0.001,0.017,0.008,,-0.0136,-0.2972,1.8998,0.0030,0.3375,-0.0987,-0.2975,-0.1888,0.0202,1,3.17,0.399,0.509,0.010,,0.0503,-0.1456,1.7403,-0.2928,-0.1996,-0.1246,-0.2998,0.1944,0.0157,1,3.13,0.259,0.689,0.218,,0.0196,-0.3042,1.9023,-0.2952,0.1826,-0.0975
10.550,1880,tripod,-0.0099,0.0205,0.1422,-0.0821,-0.0443,0.0004,-0.0023,0.0033,0.0753,0.0119,0.0051,0.0073,0.000,0.000,-0.0740,-0.0400,-0.0821,-0.0443,0.0004,0.1213,0,0.3019,-0.1937,0.0150,1,3.66,0.234,0.508,0.113,,-0.0297,0.0466,1.4770,0.3058,-0.2021,-0.1580,0.2984,0.1917,0.0248,1,1.12,0.191,0.156,0.001,,-0.0413,-0.1929,1.7823,0.3028,0.1812,-0.1164,0.0019,-0.3454,0.0336,1,0.00,0.000,0.025,0.020,,0.0284,-0.0635,1.5930,0.0068,-0.3557,-0.1388,-0.0013,0.3487,0.0150,1,2.74,0.121,0.626,0.229,,-0.0138,-0.2884,1.8944,0.0031,0.3375,-0.1001,-0.2975,-0.1888,0.0208,1,3.22,0.449,0.499,0.008,,0.0502,-0.1417,1.7369,-0.2928,-0.1996,-0.1252,-0.2998,0.1943,0.0161,1,1.54,0.166,0.308,0.079,,0.0197,-0.2984,1.8987,-0.2951,0.1826,-0.0985
10.573,1884,tripod,-0.0099,0.0206,0.1434,-0.0819,-0.0441,0.0005,-0.0004,0.0033,0.0717,0.0090,0.0121,0.0043,0.000,0.000,-0.0739,-0.0399,-0.0819,-0.0441,0.0005,0.1226,0,0.3019,-0.1937,0.0150,1,2.74,0.115,0.323,0.148,,-0.0298,0.0534,1.4700,0.3058,-0.2021,-0.1592,0.2984,0.1917,0.0253,1,2.46,0.383,0.372,0.004,,-0.0413,-0.1888,1.7791,0.3028,0.1812,-0.1171,0.0020,-0.3457,0.0321,1,0.00,0.002,0.018,0.025,,0.0286,-0.0477,1.5771,0.0069,-0.3559,-0.1415,-0.0013,0.3486,0.0150,1,0.85,0.077,0.164,0.047,,-0.0140,-0.2806,1.8896,0.0031,0.3374,-0.1014,-0.2976,-0.1888,0.0214,1,2.91,0.397,0.468,0.014,,0.0501,-0.1377,1.7335,-0.2928,-0.1996,-0.1259,-0.2998,0.1943,0.0165,1,2.47,0.203,0.538,0.174,,0.0198,-0.2931,1.8955,-0.2951,0.1826,-0.0994
10.595,1888,tripod,-0.0099,0.0206,0.1446,-0.0818,-0.0438,0.0005,-0.0012,0.0050,0.0694,-0.0009,0.0173,-0.0057,0.000,0.000,-0.0737,-0.0397,-0.0818,-0.0438,0.0005,0.1238,0,0.3019,-0.1937,0.0149,1,0.88,0.139,0.130,0.004,,-0.0299,0.0595,1.4636,0.3057,-0.2021,-0.1602,0.2984,0.1917,0.0257,1,3.62,0.105,0.693,0.118,,-0.0414,-0.1848,1.7760,0.3029,0.1812,-0.1178,0.0022,-0.3460,0.0303,1,3.25,0.356,0.418,0.183,,0.0288,-0.0306,1.5594,0.0070,-0.3561,-0.1445,-0.0013,0.3485,0.0151,1,0.00,0.003,0.017,0.005,,-0.0141,-0.2739,1.8854,0.0031,0.3373,-0.1025,-0.2976,-0.1888,0.0219,1,0.97,0.180,0.132,0.006,,0.0501,-0.1340,1.7302,-0.2929,-0.1996,-0.1266,-0.2998,0.1943,0.0170,1,3.55,0.103,0.617,0.053,,0.0198,-0.2883,1.8922,-0.2951,0.1826,-0.1002
10.618,1892,tripod,-0.0099,0.0207,0.1458,-0.0817,-0.0436,0.0005,0.0000,0.0035,0.0650,0.0195,0.0147,0.0049,0.000,0.000,-0.0736,-0.0395,-0.0817,-0.0436,0.0005,0.1248,0,0.3019,-0.1938,0.0151,1,3.06,0.248,0.476,0.053,,-0.0300,0.0649,1.4577,0.3057,-0.2021,-0.1612,0.2984,0.1918,0.0262,1,2.32,0.357,0.334,0.024,,-0.0415,-0.1811,1.7730,0.3029,0.1812,-0.1184,0.0023,-0.3463,0.0289,1,0.38,0.048,0.034,0.037,,0.0290,-0.0164,1.5446,0.0070,-0.3563,-0.1470,-0.0012,0.3484,0.0153,1,0.00,0.004,0.023,0.004,,-0.0142,-0.2681,1.8818,0.0032,0.3373,-0.1035,-0.2976,-0.1887,0.0226,1,1.63,0.218,0.319,0.089,,0.0500,-0.1305,1.7272,-0.2929,-0.1996,-0.1272,-0.2998,0.1943,0.0175,1,4.06,0.085,0.734,0.085,,0.0199,-0.2841,1.8895,-0.2951,0.1825,-0.1009
10.640,1896,tripod,-0.0099,0.0208,0.1468,-0.0814,-0.0433,0.0005,-0.0007,0.0029,0.0620,0.0162,0.0125,0.0018,0.000,0.000,-0.0735,-0.0393,-0.0814,-0.0433,0.0005,0.1257,0,0.3019,-0.1937,0.0152,1,4.77,0.070,0.771,0.045,,-0.0300,0.0696,1.4525,0.3057,-0.2022,-0.1620,0.2983,0.1918,0.0267,1,0.91,0.135,0.141,0.022,,-0.0415,-0.1778,1.7705,0.3029,0.1812,-0.1190,0.0024,-0.3465,0.0278,1,0.00,0.002,0.023,0.019,,0.0292,-0.0048,1.5325,0.0070,-0.3563,-0.1490,-0.0012,0.3484,0.0156,1,0.00,0.002,0.024,0.003,,-0.0143,-0.2631,1.8787,0.0032,0.3372,-0.1043,-0.2976,-0.1887,0.0231,1,0.51,0.070,0.075,0.019,,0.0500,-0.1274,1.7246,-0.2929,-0.1996,-0.1277,-0.2998,0.1943,0.0181,1,5.35,0.004,0.845,0.045,,0.0200,-0.2805,1.8872,-0.2951,0.1825,-0.1015
10.662,1900,tripod,-0.0099,0.0208,0.1479,-0.0812,-0.0431,0.0005,0.0001,0.0039,0.0608,0.0002,0.0168,0.0013,0.000,0.000,-0.0733,-0.0391,-0.0812,-0.0431,0.0005,0.1265,0,0.3019,-0.1937,0.0154,1,5.69,0.003,0.999,0.027,,-0.0301,0.0737,1.4480,0.3057,-0.2022,-0.1627,0.2983,0.1918,0.0271,1,0.00,0.006,0.028,0.003,,-0.0415,-0.1748,1.7683,0.3028,0.1811,-0.1195,0.0025,-0.3467,0.0268,1,0.00,0.004,0.026,0.020,,0.0293,0.0066,1.5206,0.0071,-0.3564,-0.1510,-0.0012,0.3484,0.0160,1,0.00,0.004,0.025,0.002,,-0.0144,-0.2591,1.8762,0.0032,0.3372,-0.1050,-0.2976,-0.1887,0.0237,1,0.00,0.006,0.030,0.003,,0.0499,-0.1248,1.7224,-0.2929,-0.1996,-0.1282,-0.2998,0.1943,0.0187,1,6.18,0.002,0.897,0.154,,0.0200,-0.2775,1.8853,-0.2951,0.1825,-0.1020
10.684,1904,tripod,-0.0099,0.0209,0.1489,-0.0815,-0.0427,0.0005,0.0025,0.0065,0.0607,-0.0236,0.0260,0.0015,0.000,0.000,-0.0732,-0.0388,-0.0815,-0.0427,0.0005,0.1273,0,0.3019,-0.1937,0.0157,1,5.66,0.002,0.997,0.031,,-0.0302,0.0771,1.4443,0.3057,-0.2022,-0.1633,0.2983,0.1919,0.0276,1,0.00,0.007,0.029,0.003,,-0.0415,-0.1724,1.7665,0.3028,0.1811,-0.1199,0.0027,-0.3469,0.0255,1,0.00,0.004,0.022,0.024,,0.0295,0.0207,1.5053,0.0071,-0.3566,-0.1535,-0.0012,0.3484,0.0165,1,0.00,0.004,0.026,0.002,,-0.0144,-0.2559,1.8741,0.0032,0.3372,-0.1055,-0.2977,-0.1886,0.0245,1,0.00,0.006,0.030,0.002,,0.0499,-0.1227,1.7206,-0.2929,-0.1996,-0.1285,-0.2999,0.1943,0.0194,1,6.16,0.002,0.890,0.156,,0.0201,-0.2752,1.8838,-0.2951,0.1825,-0.1023
10.706,1908,tripod,-0.0099,0.0211,0.1499,-0.0821,-0.0422,0.0006,0.0044,0.0089,0.0599,-0.0431,0.0334,0.0022,0.000,0.000,-0.0734,-0.0385,-0.0821,-0.0422,0.0006,0.1281,0,0.3019,-0.1937,0.0162,1,5.60,0.004,0.989,0.035,,-0.0302,0.0799,1.4412,0.3057,-0.2022,-0.1638,0.2982,0.1919,0.0280,1,0.00,0.006,0.028,0.002,,-0.0415,-0.1703,1.7650,0.3028,0.1811,-0.1203,0.0029,-0.3473,0.0240,1,0.00,0.003,0.021,0.028,,0.0298,0.0367,1.4874,0.0072,-0.3568,-0.1563,-0.0012,0.3484,0.0169,1,0.00,0.004,0.026,0.001,,-0.0144,-0.2533,1.8725,0.0032,0.3371,-0.1060,-0.2977,-0.1886,0.0255,1,0.00,0.006,0.031,0.002,,0.0498,-0.1212,1.7192,-0.2929,-0.1996,-0.1288,-0.2999,0.1943,0.0202,1,6.11,0.009,0.883,0.151,,0.0201,-0.2734,1.8826,-0.2951,0.1825,-0.1026
10.728,1912,tripod,-0.0098,0.0212,0.1509,-0.0829,-0.0416,0.0007,0.0060,0.0108,0.0588,-0.0558,0.0370,0.0030,0.000,0.000,-0.0738,-0.0381,-0.0829,-0.0416,0.0007,0.1287,0,0.3019,-0.1937,0.0168,1,5.55,0.006,0.979,0.035,,-0.0304,0.0821,1.4389,0.3057,-0.2022,-0.1642,0.2982,0.1919,0.0284,1,0.04,0.000,0.022,0.001,,-0.0415,-0.1685,1.7638,0.3028,0.1811,-0.1206,0.0031,-0.3477,0.0226,1,0.00,0.003,0.021,0.026,,0.0300,0.0520,1.4699,0.0073,-0.3570,-0.1589,-0.0012,0.3484,0.0172,1,0.00,0.003,0.027,0.001,,-0.0143,-0.2513,1.8712,0.0032,0.3371,-0.1063,-0.2977,-0.1886,0.0266,1,0.00,0.006,0.032,0.001,,0.0497,-0.1199,1.7179,-0.2929,-0.1996,-0.1290,-0.2999,0.1943,0.0210,1,6.08,0.017,0.880,0.147,,0.0202,-0.2722,1.8818,-0.2951,0.1825,-0.1028
10.749,1916,tripod,-0.0097,0.0214,0.1520,-0.0839,-0.0410,0.0008,0.0047,0.0148,0.0756,-0.0588,0.0348,0.0037,0.000,0.000,-0.0745,-0.0376,-0.0839,-0.0410,0.0008,0.1295,0,0.3019,-0.1937,0.0175,1,6.23,0.004,1.078,0.019,,-0.0306,0.0844,1.4365,0.3057,-0.2023,-0.1646,0.2982,0.1920,0.0287,1,0.00,0.007,0.031,0.002,,-0.0416,-0.1663,1.7622,0.3027,0.1811,-0.1210,0.0032,-0.3479,0.0218,1,0.00,0.003,0.027,0.025,,0.0301,0.0654,1.4544,0.0073,-0.3572,-0.1612,-0.0012,0.3484,0.0176,1,0.00,0.004,0.030,0.001,,-0.0143,-0.2488,1.8698,0.0032,0.3371,-0.1067,-0.2976,-0.1886,0.0273,1,0.00,0.006,0.032,0.008,,0.0500,-0.1146,1.7130,-0.2930,-0.1997,-0.1299,-0.2998,0.1943,0.0219,1,6.75,0.010,0.976,0.167,,0.0203,-0.2707,1.8808,-0.2951,0.1824,-0.1031
10.770,1920,tripod,-0.0096,0.0218,0.1536,-0.0850,-0.0404,0.0009,0.0031,0.0225,0.1065,-0.0713,0.0391,0.0047,0.000,0.000,-0.0753,-0.0371,-0.0850,-0.0404,0.0009,0.1309,0,0.3019,-0.1937,0.0183,1,5.93,0.004,1.028,0.012,,-0.0311,0.0893,1.4308,0.3056,-0.2024,-0.1654,0.2982,0.1920,0.0291,1,0.00,0.008,0.027,0.006,,-0.0419,-0.1610,1.7583,0.3027,0.1810,-0.1219,0.0034,-0.3483,0.0207,1,0.00,0.004,0.021,0.034,,0.0303,0.0834,1.4326,0.0073,-0.3575,-0.1644,-0.0013,0.3484,0.0179,1,0.00,0.004,0.025,0.004,,-0.0143,-0.2433,1.8664,0.0032,0.3370,-0.1076,-0.2975,-0.1888,0.0273,1,0.00,0.007,0.024,0.017,,0.0508,-0.1028,1.7019,-0.2930,-0.1999,-0.1320,-0.2999,0.1944,0.0227,1,6.47,0.010,0.923,0.182,,0.0206,-0.2663,1.8780,-0.2951,0.1824,-0.1038
10.792,1924,tripod,-0.0096,0.0222,0.1556,-0.0863,-0.0397,0.0010,0.0037,0.0275,0.1191,-0.0864,0.0457,0.0056,0.000,0.000,-0.0762,-0.0365,-0.0863,-0.0397,0.0010,0.1327,0,0.3019,-0.1937,0.0192,1,4.97,0.013,0.890,0.030,,-0.0317,0.0960,1.4230,0.3056,-0.2026,-0.1666,0.2982,0.1921,0.0294,1,0.00,0.007,0.018,0.009,,-0.0424,-0.1537,1.7527,0.3027,0.1808,-0.1232,0.0036,-0.3488,0.0195,1,0.00,0.004,0.011,0.042,,0.0305,0.1051,1.4057,0.0074,-0.3579,-0.1681,-0.0013,0.3484,0.0182,1,0.00,0.004,0.017,0.006,,-0.0144,-0.2357,1.8617,0.0032,0.3369,-0.1089,-0.2975,-0.1891,0.0270,1,0.00,0.008,0.014,0.024,,0.0519,-0.0866,1.6863,-0.2930,-0.2002,-0.1348,-0.2999,0.1944,0.0236,1,5.52,0.019,0.789,0.160,,0.0211,-0.2600,1.8739,-0.2951,0.1822,-0.1049
10.813,1928,tripod,-0.0095,0.0226,0.1574,-0.0878,-0.0389,0.0012,0.0064,0.0254,0.0973,-0.0900,0.0454,0.0065,0.000,0.000,-0.0774,-0.0359,-0.0878,-0.0389,0.0012,0.1342,0,0.3019,-0.1936,0.0202,1,4.78,0.021,0.870,0.051,,-0.0324,0.1010,1.4170,0.3056,-0.2027,-0.1674,0.2982,0.1921,0.0296,1,0.28,0.035,0.026,0.002,,-0.0429,-0.1476,1.7482,0.3027,0.1807,-0.1242,0.0038,-0.3492,0.0187,1,0.00,0.002,0.013,0.034,,0.0306,0.1233,1.3827,0.0074,-0.3583,-0.1712,-0.0013,0.3485,0.0185,1,0.00,0.003,0.022,0.004,,-0.0143,-0.2295,1.8579,0.0032,0.3367,-0.1099,-0.2973,-0.1894,0.0270,1,0.00,0.008,0.016,0.017,,0.0528,-0.0736,1.6737,-0.2930,-0.2004,-0.1371,-0.2999,0.1944,0.0246,1,5.45,0.063,0.810,0.114,,0.0215,-0.2552,1.8708,-0.2951,0.1821,-0.1057
10.836,1932,tripod,-0.0094,0.0230,0.1589,-0.0892,-0.0383,0.0014,0.0063,0.0224,0.0876,-0.0751,0.0344,0.0073,0.000,0.000,-0.0786,-0.0352,-0.0892,-0.0383,0.0014,0.1353,0,0.3019,-0.1936,0.0213,1,4.97,0.064,0.905,0.057,,-0.0331,0.1042,1.4131,0.3055,-0.2029,-0.1680,0.2982,0.1922,0.0299,1,0.00,0.009,0.024,0.005,,-0.0434,-0.1429,1.7449,0.3027,0.1806,-0.1250,0.0040,-0.3496,0.0180,1,0.00,0.002,0.014,0.034,,0.0306,0.1397,1.3614,0.0075,-0.3586,-0.1740,-0.0013,0.3485,0.0188,1,0.40,0.053,0.054,0.010,,-0.0143,-0.2246,1.8551,0.0032,0.3366,-0.1108,-0.2972,-0.1896,0.0274,1,0.00,0.008,0.018,0.015,,0.0537,-0.0640,1.6639,-0.2930,-0.2007,-0.1387,-0.2999,0.1945,0.0256,1,5.34,0.115,0.789,0.109,,0.0220,-0.2519,1.8687,-0.2952,0.1820,-0.1062
10.857,1936,tripod,-0.0092,0.0233,0.1597,-0.0904,-0.0377,0.0016,0.0113,0.0083,0.0194,-0.0598,0.0227,0.0080,0.000,0.000,-0.0799,-0.0346,-0.0904,-0.0377,0.0016,0.1358,0,0.3019,-0.1936,0.0224,1,4.07,0.160,0.743,0.067,,-0.0338,0.1027,1.4150,0.3054,-0.2030,-0.1677,0.2982,0.1922,0.0303,1,0.00,0.010,0.029,0.002,,-0.0436,-0.1427,1.7454,0.3026,0.1805,-0.1250,0.0042,-0.3501,0.0168,1,0.00,0.000,0.006,0.028,,0.0306,0.1543,1.3421,0.0075,-0.3590,-0.1765,-0.0013,0.3485,0.0191,1,0.86,0.055,0.169,0.066,,-0.0140,-0.2244,1.8555,0.0031,0.3366,-0.1108,-0.2971,-0.1897,0.0279,1,0.00,0.007,0.016,0.004,,0.0542,-0.0603,1.6599,-0.2930,-0.2008,-0.1394,-0.2999,0.1945,0.0266,1,4.33,0.205,0.561,0.158,,0.0223,-0.2535,1.8697,-0.2952,0.1820,-0.1060
10.879,1940,tripod,-0.0090,0.0234,0.1599,-0.0916,-0.0373,0.0017,0.0092,0.0184,0.0226,-0.1036,0.0454,-0.0091,0.000,0.000,-0.0810,-0.0341,-0.0916,-0.0373,0.0017,0.1356,0,0.3019,-0.1936,0.0236,1,0.00,0.011,0.041,0.010,,-0.0344,0.0976,1.4212,0.3053,-0.2031,-0.1669,0.2983,0.1922,0.0308,1,0.00,0.000,0.020,0.006,,-0.0436,-0.1459,1.7488,0.3025,0.1804,-0.1245,0.0044,-0.3505,0.0160,1,7.77,0.135,0.666,0.609,,0.0304,0.1626,1.3308,0.0074,-0.3592,-0.1779,-0.0013,0.3485,0.0195,1,6.10,0.028,0.781,0.272,,-0.0137,-0.2276,1.8581,0.0030,0.3365,-0.1102,-0.2970,-0.1900,0.0281,1,0.00,0.026,0.059,0.008,,0.0547,-0.0573,1.6563,-0.2930,-0.2010,-0.1399,-0.2999,0.1945,0.0275,1,0.51,0.088,0.006,0.039,,0.0225,-0.2586,1.8729,-0.2953,0.1820,-0.1051
10.901,1944,tripod,-0.0089,0.0235,0.1601,-0.0924,-0.0371,0.0018,0.0079,0.0037,0.0119,-0.0331,0.0010,0.0078,0.000,0.000,-0.0821,-0.0337,-0.0924,-0.0371,0.0018,0.1354,0,0.3019,-0.1936,0.0248,1,3.60,0.143,0.692,0.103,,-0.0350,0.0928,1.4269,0.3051,-0.2032,-0.1660,0.2983,0.1922,0.0313,1,0.00,0.004,0.032,0.005,,-0.0437,-0.1487,1.7518,0.3024,0.1804,-0.1240,0.0045,-0.3508,0.0156,1,2.27,0.242,0.263,0.108,,0.0301,0.1685,1.3224,0.0074,-0.3594,-0.1789,-0.0013,0.3485,0.0199,1,2.25,0.078,0.342,0.006,,-0.0134,-0.2304,1.8604,0.0030,0.3365,-0.1098,-0.2968,-0.1903,0.0277,1,0.00,0.005,0.032,0.008,,0.0554,-0.0521,1.6506,-0.2930,-0.2012,-0.1408,-0.2998,0.1946,0.0285,1,4.25,0.177,0.443,0.272,,0.0228,-0.2632,1.8759,-0.2953,0.1819,-0.1043
10.923,1948,tripod,-0.0087,0.0235,0.1597,-0.0929,-0.0372,0.0019,0.0131,-0.0112,-0.0603,-0.0286,-0.0031,0.0084,0.000,0.000,-0.0828,-0.0335,-0.0929,-0.0372,0.0019,0.1347,0,0.3019,-0.1936,0.0260,1,3.65,0.108,0.460,0.128,,-0.0355,0.0844,1.4368,0.3050,-0.2033,-0.1646,0.2983,0.1922,0.0314,1,0.00,0.009,0.028,0.004,,-0.0438,-0.1512,1.7546,0.3024,0.1803,-0.1236,0.0047,-0.3510,0.0155,1,0.00,0.005,0.021,0.001,,0.0297,0.1679,1.3222,0.0073,-0.3595,-0.1788,-0.0013,0.3485,0.0205,1,1.03,0.110,0.074,0.076,,-0.0130,-0.2370,1.8650,0.0029,0.3365,-0.1087,-0.2967,-0.1906,0.0275,1,0.00,0.013,0.021,0.002,,0.0558,-0.0527,1.6504,-0.2931,-0.2013,-0.1407,-0.2998,0.1945,0.0294,1,4.07,0.071,0.235,0.509,,0.0228,-0.2716,1.8810,-0.2954,0.1820,-0.1029
10.945,1952,tripod,-0.0086,0.0234,0.1591,-0.0931,-0.0374,0.0021,-0.0004,0.0023,-0.0282,0.0106,-0.0326,0.0033,0.000,0.000,-0.0834,-0.0335,-0.0931,-0.0374,0.0021,0.1337,0,0.3019,-0.1935,0.0272,1,0.30,0.029,0.039,0.046,,-0.0358,0.0743,1.4485,0.3049,-0.2033,-0.1628,0.2984,0.1920,0.0308,1,5.94,0.023,0.869,0.135,,-0.0441,-0.1516,1.7555,0.3023,0.1802,-0.1235,0.0047,-0.3511,0.0156,1,0.00,0.001,0.039,0.005,,0.0294,0.1639,1.3266,0.0072,-0.3596,-0.1781,-0.0013,0.3485,0.0211,1,0.00,0.002,0.040,0.010,,-0.0126,-0.2453,1.8707,0.0028,0.3366,-0.1073,-0.2965,-0.1907,0.0273,1,5.47,0.065,0.812,0.116,,0.0560,-0.0554,1.6523,-0.2931,-0.2014,-0.1403,-0.2999,0.1946,0.0303,1,0.99,0.116,0.044,0.083,,0.0228,-0.2814,1.8869,-0.2955,0.1820,-0.1013
10.967,1956,tripod,-0.0086,0.0234,0.1587,-0.0929,-0.0379,0.0021,0.0002,-0.0022,-0.0251,0.0085,-0.0305,0.0098,0.000,0.000,-0.0836,-0.0337,-0.0929,-0.0379,0.0021,0.1328,0,0.3018,-0.1933,0.0285,1,2.40,0.282,0.588,0.237,,-0.0360,0.0655,1.4587,0.3048,-0.2033,-0.1613,0.2984,0.1920,0.0308,1,3.66,0.304,0.611,0.004,,-0.0442,-0.1526,1.7569,0.3023,0.1801,-0.1233,0.0048,-0.3512,0.0154,1,0.00,0.002,0.034,0.002,,0.0291,0.1626,1.3275,0.0071,-0.3597,-0.1778,-0.0014,0.3487,0.0220,1,0.00,0.003,0.040,0.009,,-0.0123,-0.2526,1.8756,0.0027,0.3366,-0.1061,-0.2965,-0.1908,0.0272,1,2.98,0.376,0.420,0.094,,0.0561,-0.0584,1.6546,-0.2932,-0.2015,-0.1397,-0.2999,0.1948,0.0311,1,3.49,0.371,0.243,0.351,,0.0227,-0.2900,1.8920,-0.2956,0.1821,-0.0999
10.989,1960,tripod,-0.0085,0.0233,0.1583,-0.0929,-0.0384,0.0022,0.0037,-0.0093,-0.0222,0.0004,-0.0238,0.0019,0.000,0.000,-0.0837,-0.0340,-0.0929,-0.0384,0.0022,0.1320,0,0.3018,-0.1932,0.0296,1,5.43,0.115,0.867,0.029,,-0.0361,0.0576,1.4676,0.3047,-0.2033,-0.1599,0.2984,0.1919,0.0308,1,0.59,0.079,0.077,0.010,,-0.0443,-0.1544,1.7587,0.3022,0.1801,-0.1230,0.0049,-0.3514,0.0152,1,0.00,0.002,0.036,0.000,,0.0290,0.1616,1.3281,0.0071,-0.3598,-0.1777,-0.0014,0.3488,0.0227,1,0.00,0.003,0.038,0.008,,-0.0120,-0.2591,1.8799,0.0027,0.3366,-0.1050,-0.2965,-0.1909,0.0272,1,0.00,0.006,0.037,0.004,,0.0562,-0.0615,1.6571,-0.2932,-0.2015,-0.1392,-0.2999,0.1948,0.0318,1,6.50,0.096,0.766,0.344,,0.0227,-0.2974,1.8965,-0.2957,0.1821,-0.0987
11.011,1964,tripod,-0.0084,0.0232,0.1580,-0.0932,-0.0386,0.0022,0.0059,-0.0033,-0.0146,-0.0371,0.0017,0.0007,0.000,0.000,-0.0837,-0.0344,-0.0932,-0.0386,0.0022,0.1313,0,0.3018,-0.1932,0.0306,1,5.69,0.067,0.919,0.028,,-0.0362,0.0506,1.4754,0.3046,-0.2032,-0.1587,0.2985,0.1918,0.0309,1,0.21,0.030,0.009,0.007,,-0.0443,-0.1567,1.7607,0.3022,0.1801,-0.1226,0.0050,-0.3515,0.0152,1,0.00,0.003,0.038,0.000,,0.0290,0.1600,1.3296,0.0071,-0.3598,-0.1774,-0.0014,0.3487,0.0232,1,0.00,0.003,0.036,0.007,,-0.0118,-0.2650,1.8837,0.0026,0.3367,-0.1040,-0.2964,-0.1910,0.0274,1,0.00,0.007,0.039,0.004,,0.0563,-0.0645,1.6598,-0.2932,-0.2016,-0.1387,-0.2999,0.1948,0.0325,1,6.63,0.091,0.799,0.330,,0.0226,-0.3038,1.9005,-0.2957,0.1822,-0.0976
11.032,1968,tripod,-0.0084,0.0232,0.1580,-0.0941,-0.0384,0.0023,0.0065,0.0035,0.0029,-0.0627,0.0196,0.0004,0.000,0.000,-0.0840,-0.0345,-0.0941,-0.0384,0.0023,0.1308,0,0.3018,-0.1932,0.0317,1,5.67,0.055,0.933,0.016,,-0.0362,0.0451,1.4814,0.3046,-0.2032,-0.1578,0.2985,0.1917,0.0309,1,0.06,0.015,0.018,0.004,,-0.0444,-0.1582,1.7621,0.3022,0.1800,-0.1223,0.0051,-0.3517,0.0155,1,0.00,0.003,0.036,0.004,,0.0290,0.1599,1.3293,0.0071,-0.3599,-0.1774,-0.0013,0.3487,0.0237,1,0.00,0.003,0.033,0.005,,-0.0117,-0.2692,1.8866,0.0026,0.3367,-0.1033,-0.2963,-0.1912,0.0277,1,0.00,0.007,0.035,0.001,,0.0565,-0.0647,1.6598,-0.2932,-0.2016,-0.1386,-0.2999,0.1948,0.0331,1,6.43,0.091,0.823,0.267,,0.0226,-0.3085,1.9033,-0.2957,0.1822,-0.0968
11.054,1972,tripod,-0.0082,0.0233,0.1580,-0.0951,-0.0380,0.0023,0.0055,0.0032,0.0046,-0.0524,0.0144,0.0015,0.000,0.000,-0.0846,-0.0345,-0.0951,-0.0380,0.0023,0.1305,0,0.3018,-0.1932,0.0327,1,5.54,0.087,0.896,0.032,,-0.0363,0.0404,1.4864,0.3046,-0.2032,-0.1569,0.2986,0.1916,0.0310,1,0.00,0.008,0.035,0.002,,-0.0445,-0.1597,1.7635,0.3022,0.1800,-0.1221,0.0051,-0.3519,0.0160,1,0.00,0.001,0.032,0.001,,0.0290,0.1596,1.3292,0.0071,-0.3600,-0.1773,-0.0013,0.3487,0.0240,1,0.47,0.012,0.030,0.011,,-0.0116,-0.2726,1.8889,0.0026,0.3367,-0.1027,-0.2962,-0.1914,0.0274,1,0.00,0.007,0.027,0.007,,0.0571,-0.0603,1.6554,-0.2932,-0.2017,-0.1394,-0.2999,0.1948,0.0337,1,6.00,0.136,0.767,0.245,,0.0225,-0.3123,1.9057,-0.2957,0.1822,-0.0962
11.075,1976,tripod,-0.0082,0.0233,0.1581,-0.0958,-0.0380,0.0024,0.0032,0.0010,0.0048,-0.0285,-0.0006,0.0018,0.000,0.000,-0.0854,-0.0343,-0.0958,-0.0380,0.0024,0.1304,0,0.3018,-0.1932,0.0336,1,5.52,0.074,0.903,0.022,,-0.0365,0.0361,1.4910,0.3045,-0.2033,-0.1562,0.2986,0.1916,0.0312,1,0.00,0.008,0.034,0.002,,-0.0446,-0.1611,1.7648,0.3022,0.1800,-0.1218,0.0052,-0.3520,0.0166,1,0.00,0.002,0.034,0.000,,0.0290,0.1585,1.3300,0.0071,-0.3600,-0.1771,-0.0013,0.3487,0.0243,1,0.49,0.002,0.039,0.006,,-0.0114,-0.2756,1.8908,0.0025,0.3367,-0.1022,-0.2960,-0.1918,0.0265,1,0.00,0.007,0.025,0.012,,0.0579,-0.0527,1.6478,-0.2931,-0.2019,-0.1407,-0.2998,0.1948,0.0343,1,6.01,0.105,0.755,0.259,,0.0226,-0.3157,1.9078,-0.2957,0.1822,-0.0956
11.097,1980,tripod,-0.0080,0.0234,0.1581,-0.0968,-0.0373,0.0023,0.0088,0.0079,-0.0395,-0.0515,0.0272,-0.0149,0.000,0.000,-0.0861,-0.0341,-0.0968,-0.0373,0.0023,0.1299,0,0.3018,-0.1932,0.0346,1,1.88,0.117,0.500,0.226,,-0.0366,0.0302,1.4974,0.3045,-0.2033,-0.1551,0.2987,0.1915,0.0311,1,0.00,0.014,0.037,0.001,,-0.0447,-0.1625,1.7661,0.3021,0.1800,-0.1216,0.0052,-0.3520,0.0174,1,0.00,0.002,0.010,0.007,,0.0289,0.1549,1.3339,0.0071,-0.3601,-0.1765,-0.0013,0.3488,0.0247,1,3.03,0.227,0.243,0.299,,-0.0113,-0.2801,1.8938,0.0025,0.3367,-0.1015,-0.2959,-0.1921,0.0258,1,1.07,0.140,0.175,0.040,,0.0585,-0.0476,1.6425,-0.2931,-0.2021,-0.1416,-0.2998,0.1949,0.0351,1,0.00,0.011,0.009,0.007,,0.0225,-0.3209,1.9107,-0.2958,0.1822,-0.0948
11.119,1984,tripod,-0.0080,0.0235,0.1575,-0.0973,-0.0370,0.0022,-0.0010,0.0122,-0.0248,-0.0100,0.0084,0.0169,0.000,0.000,-0.0868,-0.0337,-0.0973,-0.0370,0.0022,0.1291,0,0.3017,-0.1931,0.0355,1,0.59,0.114,0.110,0.070,,-0.0366,0.0221,1.5061,0.3044,-0.2032,-0.1537,0.2987,0.1914,0.0305,1,7.92,0.433,1.264,0.135,,-0.0449,-0.1636,1.7673,0.3021,0.1799,-0.1214,0.0051,-0.3520,0.0182,1,0.00,0.016,0.052,0.012,,0.0287,0.1483,1.3415,0.0070,-0.3601,-0.1754,-0.0013,0.3489,0.0250,1,0.00,0.035,0.051,0.005,,-0.0111,-0.2869,1.8980,0.0025,0.3368,-0.1004,-0.2959,-0.1922,0.0254,1,8.80,0.224,1.310,0.199,,0.0588,-0.0473,1.6418,-0.2931,-0.2022,-0.1417,-0.2999,0.1951,0.0357,1,0.00,0.020,0.063,0.003,,0.0224,-0.3284,1.9148,-0.2958,0.1823,-0.0935
11.141,1988,tripod,-0.0080,0.0236,0.1570,-0.0974,-0.0373,0.0023,0.0000,0.0050,-0.0238,-0.0041,-0.0034,0.0005,0.000,0.000,-0.0873,-0.0336,-0.0974,-0.0373,0.0023,0.1283,0,0.3016,-0.1928,0.0363,1,0.19,0.024,0.011,0.029,,-0.0368,0.0154,1.5134,0.3044,-0.2032,-0.1526,0.2987,0.1915,0.0303,1,6.09,0.076,0.972,0.072,,-0.0450,-0.1647,1.7685,0.3021,0.1799,-0.1212,0.0050,-0.3518,0.0188,1,0.00,0.009,0.059,0.006,,0.0284,0.1425,1.3481,0.0070,-0.3602,-0.1744,-0.0014,0.3491,0.0254,1,1.39,0.161,0.090,0.120,,-0.0108,-0.2923,1.9014,0.0024,0.3368,-0.0995,-0.2959,-0.1922,0.0249,1,8.15,0.102,1.066,0.308,,0.0591,-0.0476,1.6418,-0.2931,-0.2023,-0.1416,-0.3000,0.1954,0.0362,1,0.00,0.001,0.056,0.006,,0.0224,-0.3347,1.9183,-0.2959,0.1823,-0.0925
11.163,1992,tripod,-0.0080,0.0236,0.1566,-0.0974,-0.0376,0.0023,0.0023,-0.0036,-0.0248,-0.0020,-0.0101,0.0007,0.000,0.000,-0.0876,-0.0336,-0.0974,-0.0376,0.0023,0.1277,0,0.3015,-0.1927,0.0369,1,1.10,0.093,0.268,0.132,,-0.0369,0.0098,1.5195,0.3043,-0.2032,-0.1516,0.2987,0.1915,0.0301,1,1.64,0.211,0.288,0.026,,-0.0451,-0.1657,1.7696,0.3021,0.1798,-0.1211,0.0050,-0.3517,0.0192,1,2.49,0.416,0.467,0.092,,0.0283,0.1375,1.3537,0.0069,-0.3602,-0.1735,-0.0014,0.3493,0.0257,1,5.08,0.056,0.405,0.506,,-0.0107,-0.2967,1.9042,0.0024,0.3368,-0.0987,-0.2959,-0.1922,0.0245,1,3.83,0.477,0.530,0.137,,0.0593,-0.0483,1.6421,-0.2931,-0.2024,-0.1415,-0.3000,0.1955,0.0366,1,0.00,0.001,0.049,0.005,,0.0224,-0.3398,1.9211,-0.2959,0.1824,-0.0917
11.186,1996,tripod,-0.0080,0.0236,0.1563,-0.0976,-0.0379,0.0023,-0.0005,-0.0002,-0.0128,-0.0244,-0.0239,0.0004,0.000,0.000,-0.0877,-0.0338,-0.0976,-0.0379,0.0023,0.1272,0,0.3015,-0.1927,0.0376,1,0.00,0.005,0.041,0.006,,-0.0370,0.0051,1.5245,0.3043,-0.2032,-0.1508,0.2987,0.1914,0.0300,1,0.00,0.007,0.037,0.002,,-0.0452,-0.1668,1.7707,0.3021,0.1798,-0.1209,0.0050,-0.3517,0.0197,1,6.18,0.091,0.934,0.091,,0.0281,0.1333,1.3585,0.0069,-0.3602,-0.1728,-0.0014,0.3492,0.0259,1,7.04,0.090,0.832,0.384,,-0.0105,-0.3003,1.9067,0.0023,0.3368,-0.0981,-0.2958,-0.1923,0.0243,1,0.00,0.007,0.035,0.001,,0.0595,-0.0490,1.6425,-0.2931,-0.2024,-0.1414,-0.3000,0.1955,0.0368,1,0.00,0.005,0.037,0.004,,0.0223,-0.3441,1.9234,-0.2960,0.1824,-0.0910
11.207,2000,tripod,-0.0080,0.0236,0.1562,-0.0982,-0.0384,0.0023,-0.0021,0.0036,0.0006,-0.0426,-0.0276,-0.0005,0.000,0.000,-0.0879,-0.0341,-0.0982,-0.0384,0.0023,0.1267,0,0.3015,-0.1926,0.0385,1,0.00,0.005,0.039,0.005,,-0.0371,0.0010,1.5288,0.3042,-0.2032,-0.1500,0.2987,0.1914,0.0301,1,0.00,0.008,0.036,0.002,,-0.0453,-0.1679,1.7717,0.3020,0.1798,-0.1207,0.0050,-0.3517,0.0204,1,5.91,0.089,0.903,0.081,,0.0281,0.1296,1.3626,0.0069,-0.3602,-0.1722,-0.0014,0.3492,0.0261,1,6.84,0.088,0.799,0.384,,-0.0104,-0.3033,1.9088,0.0023,0.3368,-0.0976,-0.2958,-0.1924,0.0243,1,0.00,0.007,0.034,0.001,,0.0597,-0.0495,1.6428,-0.2931,-0.2025,-0.1413,-0.3000,0.1956,0.0370,1,0.00,0.005,0.036,0.004,,0.0223,-0.3475,1.9253,-0.2960,0.1824,-0.0904
