# SLARC V8.14-fwdpush | rise=0.150 run=0.280 | balance=AN foothold=AN freeze=AN entry=AN | G_Z=-0.120 G_STEP=0.060
t,frame,mode,bx,by,bz,roll,pitch,yaw,vx,vy,vz,wx,wy,wz,cmd_vx,cmd_yaw,roll_bal,pitch_bal,est_roll,est_pitch,est_yaw,est_height,frozen,front_right_fx,front_right_fy,front_right_fz,front_right_contact,front_right_force,front_right_tau_coxa,front_right_tau_femur,front_right_tau_tibia,front_right_state,front_right_th_c,front_right_th_f,front_right_th_t,front_right_rfx,front_right_rfy,front_right_rfz,front_left_fx,front_left_fy,front_left_fz,front_left_contact,front_left_force,front_left_tau_coxa,front_left_tau_femur,front_left_tau_tibia,front_left_state,front_left_th_c,front_left_th_f,front_left_th_t,front_left_rfx,front_left_rfy,front_left_rfz,mid_right_fx,mid_right_fy,mid_right_fz,mid_right_contact,mid_right_force,mid_right_tau_coxa,mid_right_tau_femur,mid_right_tau_tibia,mid_right_state,mid_right_th_c,mid_right_th_f,mid_right_th_t,mid_right_rfx,mid_right_rfy,mid_right_rfz,mid_left_fx,mid_left_fy,mid_left_fz,mid_left_contact,mid_left_force,mid_left_tau_coxa,mid_left_tau_femur,mid_left_tau_tibia,mid_left_state,mid_left_th_c,mid_left_th_f,mid_left_th_t,mid_left_rfx,mid_left_rfy,mid_left_rfz,rear_right_fx,rear_right_fy,rear_right_fz,rear_right_contact,rear_right_force,rear_right_tau_coxa,rear_right_tau_femur,rear_right_tau_tibia,rear_right_state,rear_right_th_c,rear_right_th_f,rear_right_th_t,rear_right_rfx,rear_right_rfy,rear_right_rfz,rear_left_fx,rear_left_fy,rear_left_fz,rear_left_contact,rear_left_force,rear_left_tau_coxa,rear_left_tau_femur,rear_left_tau_tibia,rear_left_state,rear_left_th_c,rear_left_th_f,rear_left_th_t,rear_left_rfx,rear_left_rfy,rear_left_rfz
0.000,4,placemove,0.5011,-0.0009,0.1336,-0.0033,0.0009,0.0020,0.0264,-0.0962,0.0524,-0.0340,-0.2605,-0.4227,0.000,0.000,-0.0020,0.0013,-0.0033,0.0009,0.0020,0.1194,0,0.7926,-0.2013,0.0137,1,0.00,0.387,0.147,0.016,,-0.0677,-0.1718,1.7656,0.2901,-0.2026,-0.1200,0.8168,0.2119,0.0147,1,6.06,2.940,2.932,2.354,,0.0471,-0.1742,1.5904,0.3150,0.2130,-0.1179,0.5016,-0.3576,0.0149,1,0.00,0.027,0.343,0.233,,-0.0008,-0.1720,1.6908,-0.0002,-0.3552,-0.1198,0.5000,0.3429,0.0124,1,0.00,0.413,0.093,0.014,,-0.0004,-0.1723,1.7655,0.0001,0.3440,-0.1200,0.1976,-0.1945,0.0144,1,3.54,0.982,1.392,1.158,,-0.0005,-0.1718,1.7303,-0.3029,-0.1920,-0.1201,0.1815,0.1999,0.0150,1,0.00,0.019,0.681,0.575,,-0.0016,-0.1736,1.6159,-0.3177,0.2011,-0.1185
0.021,8,placemove,0.5019,-0.0035,0.1343,-0.0032,-0.0017,-0.0115,0.0715,-0.1884,0.0291,0.0270,-0.0902,-0.8014,0.000,0.000,-0.0025,0.0003,-0.0032,-0.0017,-0.0115,0.1196,0,0.7822,-0.2197,0.0154,1,0.00,0.078,0.010,0.003,,-0.1337,-0.1722,1.7658,0.2813,-0.2149,-0.1200,0.8043,0.2138,0.0148,1,4.41,1.900,2.143,1.778,,0.1127,-0.1724,1.6514,0.2980,0.2213,-0.1194,0.4986,-0.3501,0.0153,1,0.00,0.048,0.088,0.002,,0.0002,-0.1721,1.7535,0.0001,-0.3458,-0.1200,0.5053,0.3405,0.0131,1,0.00,0.007,0.055,0.003,,0.0001,-0.1721,1.7656,-0.0000,0.3440,-0.1200,0.2012,-0.1904,0.0144,1,3.61,1.796,1.371,0.971,,0.0003,-0.1722,1.7623,-0.2987,-0.1898,-0.1200,0.1849,0.2009,0.0149,1,3.13,0.177,1.648,1.459,,0.0009,-0.1752,1.6031,-0.3198,0.2017,-0.1180
0.041,12,placemove,0.5037,-0.0072,0.1346,-0.0033,-0.0029,-0.0235,0.1366,-0.2387,0.0084,0.0108,-0.0375,-0.7786,0.000,0.000,-0.0028,-0.0010,-0.0033,-0.0029,-0.0235,0.1196,0,0.7714,-0.2384,0.0161,1,0.00,0.105,0.017,0.001,,-0.2012,-0.1722,1.7658,0.2714,-0.2268,-0.1200,0.7929,0.2145,0.0148,1,4.96,1.609,2.542,2.135,,0.1773,-0.1728,1.7028,0.2823,0.2288,-0.1198,0.4961,-0.3512,0.0157,1,0.00,0.028,0.028,0.000,,-0.0004,-0.1721,1.7650,-0.0001,-0.3441,-0.1200,0.5113,0.3368,0.0134,1,0.00,0.044,0.043,0.002,,-0.0001,-0.1720,1.7656,0.0000,0.3440,-0.1200,0.2012,-0.1901,0.0144,1,5.48,1.407,1.967,1.267,,0.0001,-0.1722,1.7646,-0.2985,-0.1896,-0.1200,0.1885,0.2018,0.0149,1,1.84,0.020,0.974,0.918,,-0.0003,-0.1750,1.5947,-0.3207,0.2025,-0.1178
0.062,16,placemove,0.5062,-0.0116,0.1346,-0.0028,-0.0028,-0.0376,0.1691,-0.2793,-0.0034,0.0607,0.0334,-0.8964,0.000,0.000,-0.0028,-0.0020,-0.0028,-0.0028,-0.0376,0.1197,0,0.7598,-0.2572,0.0160,1,0.00,0.115,0.014,0.005,,-0.2687,-0.1720,1.7657,0.2608,-0.2380,-0.1200,0.7840,0.2141,0.0148,1,5.54,1.344,2.905,2.449,,0.2416,-0.1733,1.7435,0.2677,0.2360,-0.1198,0.4939,-0.3551,0.0155,1,0.00,0.008,0.004,0.000,,-0.0003,-0.1719,1.7655,-0.0001,-0.3440,-0.1200,0.5185,0.3324,0.0136,1,0.00,0.010,0.054,0.000,,-0.0001,-0.1721,1.7656,0.0000,0.3440,-0.1200,0.2012,-0.1902,0.0143,1,5.06,1.143,2.588,2.129,,0.0000,-0.1721,1.7648,-0.2984,-0.1896,-0.1200,0.1936,0.2020,0.0150,1,0.00,0.020,0.735,0.721,,-0.0000,-0.1737,1.6083,-0.3189,0.2014,-0.1184
0.082,20,placemove,0.5093,-0.0168,0.1345,-0.0022,-0.0024,-0.0544,0.1980,-0.3395,-0.0037,0.0555,0.0244,-1.0875,0.000,0.000,-0.0025,-0.0022,-0.0022,-0.0024,-0.0544,0.1198,0,0.7469,-0.2763,0.0157,1,0.00,0.144,0.004,0.003,,-0.3357,-0.1721,1.7657,0.2495,-0.2484,-0.1200,0.7783,0.2137,0.0147,1,5.83,1.749,2.927,2.375,,0.3068,-0.1729,1.7588,0.2552,0.2449,-0.1199,0.4913,-0.3599,0.0153,1,0.00,0.028,0.018,0.000,,-0.0001,-0.1719,1.7655,-0.0000,-0.3440,-0.1200,0.5271,0.3272,0.0137,1,0.00,0.026,0.041,0.003,,-0.0000,-0.1721,1.7656,0.0000,0.3440,-0.1200,0.2013,-0.1901,0.0142,1,5.25,1.272,2.663,2.168,,0.0000,-0.1721,1.7649,-0.2984,-0.1896,-0.1200,0.2009,0.2015,0.0151,1,0.00,0.136,0.718,0.573,,0.0004,-0.1738,1.6147,-0.3181,0.2008,-0.1185
0.103,24,placemove,0.5130,-0.0230,0.1344,-0.0015,-0.0021,-0.0746,0.2350,-0.3951,-0.0073,0.0876,0.0577,-1.2431,0.000,0.000,-0.0021,-0.0022,-0.0015,-0.0021,-0.0746,0.1198,0,0.7330,-0.2957,0.0155,1,0.00,0.119,0.025,0.009,,-0.4014,-0.1722,1.7658,0.2378,-0.2579,-0.1200,0.7743,0.2123,0.0146,1,4.71,1.301,2.071,1.622,,0.3753,-0.1722,1.7662,0.2425,0.2542,-0.1200,0.4881,-0.3656,0.0150,1,0.00,0.012,0.001,0.003,,0.0003,-0.1720,1.7656,0.0001,-0.3440,-0.1200,0.5375,0.3207,0.0139,1,0.00,0.001,0.043,0.000,,0.0001,-0.1721,1.7657,-0.0000,0.3440,-0.1200,0.2012,-0.1902,0.0141,1,3.86,0.944,1.960,1.606,,0.0003,-0.1724,1.7628,-0.2987,-0.1898,-0.1200,0.2094,0.2010,0.0151,1,0.00,0.115,0.649,0.527,,0.0007,-0.1737,1.6197,-0.3175,0.2004,-0.1186
0.124,28,placemove,0.5175,-0.0284,0.1344,-0.0012,-0.0020,-0.0915,0.2934,-0.2489,-0.0014,0.0171,0.0003,-0.8968,0.000,0.000,-0.0016,-0.0020,-0.0012,-0.0020,-0.0915,0.1198,0,0.7195,-0.3128,0.0152,1,0.00,0.053,0.025,0.015,,-0.4677,-0.1721,1.7658,0.2254,-0.2666,-0.1200,0.7714,0.2125,0.0146,1,2.80,1.769,0.676,0.279,,0.4427,-0.1721,1.7656,0.2302,0.2634,-0.1200,0.4865,-0.3702,0.0148,1,7.16,1.322,1.195,2.940,,0.0002,-0.1720,1.7685,0.0000,-0.3436,-0.1200,0.5479,0.3146,0.0140,1,0.40,0.221,0.034,0.016,,0.0000,-0.1721,1.7656,-0.0000,0.3440,-0.1200,0.2023,-0.1904,0.0141,1,2.25,0.161,1.249,1.064,,0.0000,-0.1726,1.7605,-0.2990,-0.1899,-0.1199,0.2188,0.1999,0.0151,1,0.00,0.213,0.725,0.560,,0.0007,-0.1738,1.6286,-0.3163,0.1997,-0.1187
0.145,32,placemove,0.5225,-0.0318,0.1344,-0.0011,-0.0018,-0.1068,0.3049,-0.1779,-0.0001,0.0049,0.0097,-0.9700,0.000,0.000,-0.0013,-0.0019,-0.0011,-0.0018,-0.1068,0.1198,0,0.7065,-0.3259,0.0151,1,0.00,0.078,0.022,0.011,,-0.5327,-0.1720,1.7658,0.2127,-0.2743,-0.1200,0.7678,0.2150,0.0145,1,3.09,2.007,0.707,0.244,,0.5116,-0.1722,1.7656,0.2169,0.2719,-0.1200,0.4862,-0.3737,0.0148,1,5.89,0.399,1.041,2.476,,0.0008,-0.1719,1.7656,0.0002,-0.3440,-0.1200,0.5580,0.3105,0.0140,1,0.59,0.391,0.052,0.016,,0.0001,-0.1722,1.7656,-0.0000,0.3440,-0.1200,0.2050,-0.1893,0.0141,1,1.86,0.742,0.859,0.704,,0.0006,-0.1725,1.7611,-0.2989,-0.1900,-0.1199,0.2283,0.1999,0.0150,1,1.53,0.345,0.723,0.691,,0.0023,-0.1748,1.6252,-0.3171,0.1997,-0.1185
0.167,36,placemove,0.5276,-0.0345,0.1344,-0.0009,-0.0016,-0.1213,0.3056,-0.1497,-0.0012,0.0065,0.0045,-0.7642,0.000,0.000,-0.0011,-0.0017,-0.0009,-0.0016,-0.1213,0.1198,0,0.6934,-0.3367,0.0150,1,1.76,1.242,0.279,0.026,,-0.5975,-0.1721,1.7658,0.1995,-0.2812,-0.1200,0.7638,0.2179,0.0145,1,3.26,2.135,0.710,0.226,,0.5809,-0.1722,1.7657,0.2030,0.2796,-0.1200,0.4863,-0.3758,0.0147,1,3.35,1.594,0.023,0.643,,0.0007,-0.1719,1.7657,0.0002,-0.3440,-0.1200,0.5683,0.3072,0.0141,1,2.50,1.666,0.358,0.047,,0.0000,-0.1721,1.7656,-0.0000,0.3440,-0.1200,0.2079,-0.1872,0.0141,1,1.01,0.388,0.417,0.336,,0.0007,-0.1724,1.7612,-0.2989,-0.1900,-0.1200,0.2380,0.2006,0.0148,1,1.33,0.063,0.018,0.023,,0.0021,-0.1744,1.6367,-0.3155,0.1989,-0.1188
0.188,40,placemove,0.5325,-0.0368,0.1344,-0.0008,-0.0015,-0.1314,0.2812,-0.1352,0.0006,0.0065,0.0052,-0.4055,0.000,0.000,-0.0009,-0.0015,-0.0008,-0.0015,-0.1314,0.1199,0,0.6809,-0.3452,0.0149,1,3.64,2.193,0.608,0.036,,-0.6625,-0.1721,1.7658,0.1859,-0.2872,-0.1200,0.7579,0.2215,0.0144,1,2.67,1.833,0.509,0.127,,0.6501,-0.1721,1.7657,0.1886,0.2862,-0.1200,0.4875,-0.3778,0.0147,1,0.98,0.697,0.065,0.078,,0.0005,-0.1719,1.7656,0.0001,-0.3440,-0.1200,0.5769,0.3044,0.0141,1,2.39,1.219,0.373,0.011,,0.0000,-0.1721,1.7656,-0.0000,0.3440,-0.1200,0.2108,-0.1862,0.0142,1,2.16,0.034,1.165,0.984,,0.0005,-0.1725,1.7604,-0.2990,-0.1900,-0.1199,0.2449,0.2017,0.0151,1,0.00,0.001,0.703,0.541,,0.0014,-0.1740,1.6434,-0.3146,0.1985,-0.1189
0.210,44,placemove,0.5369,-0.0389,0.1344,-0.0008,-0.0014,-0.1394,0.2563,-0.1152,-0.0005,0.0054,0.0074,-0.5312,0.000,0.000,-0.0008,-0.0014,-0.0008,-0.0014,-0.1394,0.1198,0,0.6684,-0.3517,0.0149,1,2.81,1.896,0.479,0.041,,-0.7276,-0.1721,1.7658,0.1719,-0.2924,-0.1200,0.7507,0.2253,0.0144,1,3.23,2.018,0.700,0.239,,0.7193,-0.1721,1.7658,0.1738,0.2918,-0.1200,0.4892,-0.3795,0.0146,1,3.50,1.837,0.381,0.234,,0.0005,-0.1720,1.7656,0.0001,-0.3440,-0.1200,0.5840,0.3020,0.0141,1,1.70,1.146,0.219,0.046,,0.0000,-0.1721,1.7655,-0.0000,0.3440,-0.1200,0.2140,-0.1858,0.0142,1,0.33,0.170,0.144,0.157,,0.0005,-0.1727,1.7584,-0.2993,-0.1902,-0.1199,0.2525,0.2011,0.0149,1,1.41,0.288,0.731,0.713,,0.0017,-0.1748,1.6416,-0.3149,0.1986,-0.1188
0.231,48,placemove,0.5411,-0.0407,0.1344,-0.0007,-0.0013,-0.1453,0.2421,-0.1010,0.0008,0.0053,0.0093,-0.2124,0.000,0.000,-0.0007,-0.0013,-0.0007,-0.0013,-0.1453,0.1199,0,0.6556,-0.3567,0.0148,1,3.80,2.326,0.564,0.044,,-0.7935,-0.1721,1.7657,0.1575,-0.2967,-0.1200,0.7424,0.2289,0.0144,1,2.55,1.739,0.529,0.167,,0.7875,-0.1721,1.7657,0.1588,0.2963,-0.1200,0.4912,-0.3810,0.0146,1,1.24,0.836,0.155,0.022,,0.0003,-0.1720,1.7656,0.0001,-0.3440,-0.1200,0.5904,0.2998,0.0141,1,2.30,1.201,0.344,0.027,,-0.0000,-0.1721,1.7656,0.0000,0.3440,-0.1200,0.2172,-0.1856,0.0142,1,2.17,0.227,1.188,1.011,,0.0002,-0.1726,1.7596,-0.2991,-0.1900,-0.1199,0.2577,0.2015,0.0151,1,0.00,0.011,0.721,0.560,,0.0010,-0.1741,1.6494,-0.3137,0.1981,-0.1190
0.253,52,placemove,0.5447,-0.0421,0.1344,-0.0006,-0.0011,-0.1490,0.1842,-0.0559,0.0011,0.0186,0.0271,-0.1186,0.000,0.000,-0.0006,-0.0012,-0.0006,-0.0011,-0.1490,0.1199,0,0.6472,-0.3596,0.0148,1,5.23,1.522,0.693,1.911,,-0.8344,-0.1721,1.7656,0.1484,-0.2988,-0.1200,0.7360,0.2312,0.0144,1,2.86,0.288,0.402,0.077,,0.8339,-0.1720,1.7655,0.1485,0.2988,-0.1200,0.4935,-0.3823,0.0146,1,2.62,1.434,0.449,0.040,,0.0001,-0.1721,1.7657,0.0000,-0.3440,-0.1200,0.5955,0.2981,0.0142,1,0.00,0.098,0.047,0.011,,-0.0000,-0.1720,1.7656,0.0000,0.3440,-0.1200,0.2207,-0.1856,0.0142,1,1.14,0.050,0.564,0.501,,0.0000,-0.1724,1.7619,-0.2988,-0.1898,-0.1199,0.2639,0.2001,0.0149,1,1.24,0.058,0.649,0.645,,0.0006,-0.1745,1.6502,-0.3136,0.1982,-0.1189
0.274,56,placemove,0.5458,-0.0421,0.1345,-0.0005,0.0002,-0.1495,0.0051,0.0099,-0.0004,-0.0003,0.0124,0.0117,0.000,0.000,-0.0005,-0.0007,-0.0005,0.0002,-0.1495,0.1199,0,0.6472,-0.3597,0.0146,1,3.92,0.763,0.337,1.193,,-0.8376,-0.1721,1.7664,0.1476,-0.2989,-0.1200,0.7363,0.2314,0.0143,1,2.11,1.188,0.123,0.523,,0.8375,-0.1720,1.7656,0.1477,0.2990,-0.1200,0.4945,-0.3823,0.0147,1,1.84,1.077,0.434,0.186,,-0.0000,-0.1721,1.7657,-0.0000,-0.3440,-0.1200,0.5970,0.2980,0.0143,1,3.41,1.326,0.139,0.854,,-0.0000,-0.1720,1.7658,0.0000,0.3440,-0.1200,0.2225,-0.1851,0.0146,1,0.00,0.010,0.062,0.026,,-0.0000,-0.1721,1.7656,-0.2983,-0.1895,-0.1200,0.2687,0.1979,0.0150,1,0.00,0.102,0.419,0.390,,-0.0001,-0.1732,1.6872,-0.3086,0.1955,-0.1196
0.296,60,placemove,0.5458,-0.0421,0.1345,-0.0004,0.0001,-0.1494,0.0016,0.0011,-0.0000,0.0053,-0.0030,0.0042,0.000,0.000,-0.0005,-0.0002,-0.0004,0.0001,-0.1494,0.1199,0,0.6472,-0.3598,0.0146,1,2.01,1.089,0.017,0.392,,-0.8380,-0.1721,1.7659,0.1475,-0.2990,-0.1200,0.7363,0.2315,0.0143,1,2.86,0.537,0.130,0.385,,0.8376,-0.1719,1.7657,0.1476,0.2990,-0.1200,0.4945,-0.3823,0.0147,1,3.11,0.271,0.704,0.252,,-0.0003,-0.1722,1.7657,-0.0001,-0.3440,-0.1200,0.5970,0.2980,0.0143,1,2.17,0.255,0.021,0.429,,0.0000,-0.1720,1.7658,-0.0000,0.3440,-0.1200,0.2226,-0.1851,0.0146,1,1.75,0.466,0.035,0.281,,-0.0000,-0.1721,1.7657,-0.2983,-0.1895,-0.1200,0.2712,0.1961,0.0149,1,1.21,0.134,0.617,0.549,,-0.0009,-0.1744,1.7000,-0.3070,0.1947,-0.1195
0.317,64,placemove,0.5458,-0.0421,0.1345,-0.0004,0.0002,-0.1494,0.0004,-0.0007,0.0004,0.0041,0.0037,0.0063,0.000,0.000,-0.0004,-0.0000,-0.0004,0.0002,-0.1494,0.1199,0,0.6472,-0.3598,0.0146,1,2.47,1.033,0.213,0.217,,-0.8380,-0.1721,1.7658,0.1475,-0.2990,-0.1200,0.7363,0.2315,0.0143,1,2.40,0.649,0.016,0.427,,0.8375,-0.1719,1.7657,0.1477,0.2990,-0.1200,0.4945,-0.3823,0.0147,1,3.16,0.133,0.754,0.299,,-0.0003,-0.1722,1.7656,-0.0001,-0.3440,-0.1200,0.5970,0.2980,0.0143,1,1.57,0.082,0.175,0.496,,-0.0000,-0.1719,1.7659,0.0000,0.3440,-0.1200,0.2225,-0.1852,0.0146,1,0.00,0.015,0.042,0.013,,0.0000,-0.1721,1.7652,-0.2984,-0.1895,-0.1200,0.2727,0.1950,0.0150,1,3.04,0.379,1.625,1.374,,-0.0011,-0.1747,1.7128,-0.3053,0.1938,-0.1195
0.339,68,placemove,0.5458,-0.0421,0.1345,-0.0004,0.0004,-0.1494,0.0014,0.0018,0.0013,0.0062,0.0167,-0.0042,0.000,0.000,-0.0004,0.0001,-0.0004,0.0004,-0.1494,0.1199,0,0.6472,-0.3598,0.0146,1,2.88,1.337,0.454,0.010,,-0.8379,-0.1721,1.7657,0.1476,-0.2990,-0.1200,0.7363,0.2315,0.0143,1,2.95,0.903,0.018,0.584,,0.8376,-0.1719,1.7659,0.1476,0.2989,-0.1200,0.4945,-0.3823,0.0147,1,2.73,0.021,0.761,0.400,,-0.0002,-0.1721,1.7655,-0.0000,-0.3440,-0.1200,0.5970,0.2981,0.0144,1,0.68,0.099,0.076,0.196,,-0.0000,-0.1720,1.7652,0.0000,0.3440,-0.1200,0.2225,-0.1851,0.0147,1,0.00,0.002,0.035,0.000,,-0.0000,-0.1721,1.7656,-0.2983,-0.1895,-0.1200,0.2753,0.1928,0.0149,1,3.69,0.452,2.001,1.716,,-0.0007,-0.1740,1.7386,-0.3019,0.1918,-0.1197
0.361,72,placemove,0.5458,-0.0421,0.1345,-0.0003,0.0006,-0.1495,0.0004,-0.0028,0.0002,-0.0004,0.0034,0.0048,0.000,0.000,-0.0003,0.0003,-0.0003,0.0006,-0.1495,0.1199,0,0.6472,-0.3598,0.0146,1,2.46,1.370,0.356,0.042,,-0.8378,-0.1721,1.7656,0.1476,-0.2990,-0.1200,0.7363,0.2315,0.0143,1,2.47,1.058,0.035,0.421,,0.8376,-0.1720,1.7658,0.1476,0.2990,-0.1200,0.4945,-0.3823,0.0146,1,2.79,0.173,0.679,0.280,,-0.0001,-0.1721,1.7656,-0.0000,-0.3440,-0.1200,0.5970,0.2980,0.0144,1,1.69,0.504,0.209,0.565,,0.0000,-0.1720,1.7657,-0.0000,0.3440,-0.1200,0.2225,-0.1851,0.0148,1,0.17,0.136,0.029,0.030,,-0.0000,-0.1721,1.7656,-0.2983,-0.1895,-0.1200,0.2778,0.1908,0.0148,1,2.94,0.415,1.547,1.313,,-0.0004,-0.1731,1.7564,-0.2996,0.1903,-0.1198
0.383,76,placemove,0.5458,-0.0421,0.1345,-0.0003,0.0006,-0.1495,0.0001,-0.0007,-0.0001,0.0005,0.0014,-0.0010,0.000,0.000,-0.0003,0.0005,-0.0003,0.0006,-0.1495,0.1200,0,0.6472,-0.3598,0.0145,1,2.22,1.044,0.129,0.265,,-0.8378,-0.1721,1.7657,0.1476,-0.2990,-0.1200,0.7363,0.2315,0.0143,1,2.48,1.130,0.264,0.143,,0.8376,-0.1720,1.7657,0.1476,0.2990,-0.1200,0.4945,-0.3823,0.0146,1,3.20,0.533,0.559,0.056,,-0.0001,-0.1721,1.7657,-0.0000,-0.3440,-0.1200,0.5970,0.2980,0.0144,1,2.14,0.572,0.090,0.509,,0.0000,-0.1720,1.7659,-0.0000,0.3440,-0.1200,0.2225,-0.1851,0.0148,1,0.52,0.204,0.147,0.108,,0.0000,-0.1721,1.7655,-0.2983,-0.1895,-0.1200,0.2784,0.1902,0.0147,1,2.08,0.291,1.090,0.927,,-0.0002,-0.1726,1.7609,-0.2990,0.1899,-0.1199
0.404,80,placemove,0.5458,-0.0421,0.1345,-0.0003,0.0006,-0.1495,0.0001,-0.0004,-0.0002,0.0001,0.0006,-0.0005,0.000,0.000,-0.0003,0.0005,-0.0003,0.0006,-0.1495,0.1200,0,0.6472,-0.3598,0.0145,1,2.17,0.972,0.072,0.312,,-0.8378,-0.1721,1.7658,0.1476,-0.2990,-0.1200,0.7363,0.2315,0.0143,1,2.53,1.189,0.332,0.070,,0.8376,-0.1720,1.7656,0.1476,0.2990,-0.1200,0.4945,-0.3823,0.0146,1,3.24,0.612,0.523,0.007,,-0.0001,-0.1721,1.7657,-0.0000,-0.3440,-0.1200,0.5970,0.2980,0.0144,1,2.26,0.672,0.067,0.506,,0.0001,-0.1720,1.7659,-0.0000,0.3440,-0.1200,0.2225,-0.1851,0.0148,1,0.71,0.253,0.174,0.102,,0.0000,-0.1721,1.7655,-0.2983,-0.1895,-0.1200,0.2786,0.1900,0.0147,1,1.77,0.252,0.924,0.788,,-0.0002,-0.1724,1.7629,-0.2987,0.1898,-0.1200
0.428,84,placemove,0.5458,-0.0421,0.1345,-0.0003,0.0006,-0.1495,0.0001,-0.0002,-0.0002,-0.0001,0.0006,-0.0003,0.000,0.000,-0.0003,0.0006,-0.0003,0.0006,-0.1495,0.1200,0,0.6472,-0.3598,0.0145,1,2.04,0.924,0.035,0.331,,-0.8378,-0.1720,1.7658,0.1476,-0.2990,-0.1200,0.7363,0.2315,0.0143,1,2.64,1.204,0.370,0.043,,0.8376,-0.1720,1.7656,0.1476,0.2990,-0.1200,0.4945,-0.3823,0.0146,1,3.26,0.673,0.510,0.012,,-0.0000,-0.1721,1.7657,-0.0000,-0.3440,-0.1200,0.5970,0.2980,0.0144,1,2.38,0.740,0.044,0.503,,0.0001,-0.1720,1.7659,-0.0000,0.3440,-0.1200,0.2225,-0.1851,0.0148,1,0.81,0.249,0.184,0.092,,0.0000,-0.1721,1.7655,-0.2983,-0.1895,-0.1200,0.2788,0.1899,0.0147,1,1.52,0.219,0.787,0.675,,-0.0001,-0.1723,1.7640,-0.2985,0.1897,-0.1200
0.450,88,placemove,0.5458,-0.0421,0.1345,-0.0003,0.0006,-0.1495,0.0000,-0.0000,-0.0002,-0.0001,0.0004,-0.0001,0.000,0.000,-0.0003,0.0006,-0.0003,0.0006,-0.1495,0.1200,0,0.6472,-0.3598,0.0145,1,1.98,0.892,0.022,0.338,,-0.8378,-0.1720,1.7658,0.1476,-0.2990,-0.1200,0.7363,0.2315,0.0143,1,2.68,1.227,0.386,0.032,,0.8376,-0.1720,1.7656,0.1476,0.2990,-0.1200,0.4945,-0.3823,0.0146,1,3.25,0.684,0.501,0.019,,-0.0000,-0.1721,1.7657,-0.0000,-0.3440,-0.1200,0.5970,0.2980,0.0144,1,2.42,0.762,0.036,0.503,,0.0001,-0.1720,1.7659,-0.0000,0.3440,-0.1200,0.2225,-0.1851,0.0148,1,0.85,0.257,0.192,0.092,,-0.0000,-0.1721,1.7655,-0.2983,-0.1895,-0.1200,0.2789,0.1898,0.0147,1,1.47,0.212,0.759,0.651,,-0.0001,-0.1722,1.7646,-0.2985,0.1896,-0.1200
0.473,92,placemove,0.5458,-0.0421,0.1345,-0.0003,0.0006,-0.1495,0.0000,0.0000,-0.0002,-0.0001,0.0002,-0.0001,0.000,0.000,-0.0003,0.0006,-0.0003,0.0006,-0.1495,0.1200,0,0.6472,-0.3598,0.0145,1,1.97,0.860,0.019,0.342,,-0.8378,-0.1720,1.7658,0.1476,-0.2990,-0.1200,0.7363,0.2315,0.0143,1,2.71,1.230,0.392,0.030,,0.8376,-0.1720,1.7656,0.1476,0.2990,-0.1200,0.4945,-0.3823,0.0146,1,3.24,0.671,0.491,0.029,,-0.0000,-0.1721,1.7657,-0.0000,-0.3440,-0.1200,0.5970,0.2980,0.0144,1,2.45,0.773,0.031,0.502,,0.0001,-0.1720,1.7659,-0.0000,0.3440,-0.1200,0.2225,-0.1851,0.0148,1,0.89,0.253,0.198,0.092,,-0.0000,-0.1721,1.7655,-0.2983,-0.1895,-0.1200,0.2789,0.1898,0.0147,1,1.41,0.202,0.729,0.626,,-0.0001,-0.1721,1.7649,-0.2984,0.1896,-0.1200
0.495,96,placemove,0.5458,-0.0421,0.1345,-0.0003,0.0006,-0.1495,0.0000,0.0000,-0.0002,-0.0002,0.0001,-0.0000,0.000,0.000,-0.0003,0.0006,-0.0003,0.0006,-0.1495,0.1200,0,0.6472,-0.3598,0.0145,1,1.97,0.844,0.017,0.344,,-0.8378,-0.1720,1.7658,0.1476,-0.2990,-0.1200,0.7363,0.2315,0.0143,1,2.72,1.228,0.395,0.028,,0.8376,-0.1720,1.7656,0.1476,0.2990,-0.1200,0.4945,-0.3823,0.0146,1,3.21,0.666,0.483,0.032,,-0.0000,-0.1721,1.7657,-0.0000,-0.3440,-0.1200,0.5970,0.2980,0.0144,1,2.48,0.781,0.026,0.502,,0.0001,-0.1720,1.7659,-0.0000,0.3440,-0.1200,0.2225,-0.1851,0.0148,1,0.93,0.247,0.204,0.091,,-0.0000,-0.1721,1.7655,-0.2983,-0.1895,-0.1200,0.2789,0.1897,0.0147,1,1.36,0.196,0.699,0.602,,-0.0001,-0.1721,1.7650,-0.2984,0.1896,-0.1200
0.518,100,placemove,0.5458,-0.0421,0.1345,-0.0003,0.0006,-0.1495,0.0000,0.0000,-0.0002,-0.0002,0.0001,-0.0000,0.000,0.000,-0.0003,0.0006,-0.0003,0.0006,-0.1495,0.1200,0,0.6472,-0.3598,0.0145,1,1.97,0.839,0.016,0.346,,-0.8378,-0.1720,1.7658,0.1476,-0.2990,-0.1200,0.7363,0.2315,0.0143,1,2.73,1.224,0.397,0.027,,0.8376,-0.1720,1.7656,0.1476,0.2990,-0.1200,0.4945,-0.3823,0.0146,1,3.20,0.667,0.480,0.034,,-0.0000,-0.1721,1.7657,-0.0000,-0.3440,-0.1200,0.5970,0.2980,0.0144,1,2.49,0.785,0.023,0.502,,0.0001,-0.1720,1.7659,-0.0000,0.3440,-0.1200,0.2225,-0.1851,0.0148,1,0.95,0.241,0.206,0.089,,-0.0000,-0.1721,1.7655,-0.2983,-0.1895,-0.1200,0.2789,0.1897,0.0146,1,1.33,0.193,0.681,0.586,,-0.0001,-0.1721,1.7651,-0.2984,0.1896,-0.1200
0.540,104,placemove,0.5458,-0.0421,0.1345,-0.0003,0.0006,-0.1495,0.0000,0.0000,-0.0002,-0.0001,0.0000,-0.0000,0.000,0.000,-0.0003,0.0006,-0.0003,0.0006,-0.1495,0.1200,0,0.6472,-0.3598,0.0145,1,1.96,0.836,0.016,0.345,,-0.8378,-0.1720,1.7658,0.1476,-0.2990,-0.1200,0.7363,0.2315,0.0143,1,2.72,1.227,0.397,0.027,,0.8376,-0.1720,1.7656,0.1476,0.2990,-0.1200,0.4945,-0.3823,0.0146,1,3.20,0.664,0.479,0.035,,-0.0000,-0.1721,1.7657,-0.0000,-0.3440,-0.1200,0.5970,0.2980,0.0144,1,2.49,0.785,0.024,0.502,,0.0001,-0.1720,1.7659,-0.0000,0.3440,-0.1200,0.2225,-0.1851,0.0148,1,0.95,0.245,0.207,0.090,,-0.0000,-0.1721,1.7655,-0.2983,-0.1895,-0.1200,0.2789,0.1897,0.0146,1,1.33,0.195,0.686,0.590,,-0.0001,-0.1721,1.7651,-0.2984,0.1896,-0.1200
0.563,108,placemove,0.5458,-0.0421,0.1345,-0.0003,0.0006,-0.1495,0.0000,0.0000,-0.0002,-0.0001,0.0000,-0.0000,0.000,0.000,-0.0003,0.0006,-0.0003,0.0006,-0.1495,0.1200,0,0.6472,-0.3598,0.0145,1,1.96,0.835,0.016,0.345,,-0.8378,-0.1720,1.7658,0.1476,-0.2990,-0.1200,0.7363,0.2315,0.0143,1,2.72,1.227,0.397,0.027,,0.8376,-0.1720,1.7656,0.1476,0.2990,-0.1200,0.4945,-0.3823,0.0146,1,3.19,0.663,0.478,0.035,,-0.0000,-0.1721,1.7657,-0.0000,-0.3440,-0.1200,0.5970,0.2980,0.0144,1,2.49,0.786,0.024,0.502,,0.0001,-0.1720,1.7659,-0.0000,0.3440,-0.1200,0.2225,-0.1851,0.0148,1,0.95,0.246,0.207,0.090,,-0.0000,-0.1721,1.7655,-0.2983,-0.1895,-0.1200,0.2789,0.1897,0.0146,1,1.33,0.196,0.686,0.590,,-0.0000,-0.1721,1.7651,-0.2984,0.1896,-0.1200
0.585,112,placemove,0.5458,-0.0421,0.1345,-0.0003,0.0006,-0.1495,0.0000,0.0000,-0.0002,-0.0001,0.0000,-0.0000,0.000,0.000,-0.0003,0.0006,-0.0003,0.0006,-0.1495,0.1200,0,0.6472,-0.3598,0.0145,1,1.96,0.834,0.016,0.346,,-0.8378,-0.1720,1.7658,0.1476,-0.2990,-0.1200,0.7363,0.2315,0.0143,1,2.72,1.226,0.397,0.027,,0.8376,-0.1720,1.7656,0.1476,0.2990,-0.1200,0.4945,-0.3823,0.0146,1,3.19,0.663,0.478,0.035,,-0.0000,-0.1721,1.7657,-0.0000,-0.3440,-0.1200,0.5970,0.2980,0.0144,1,2.49,0.787,0.024,0.502,,0.0001,-0.1720,1.7659,-0.0000,0.3440,-0.1200,0.2225,-0.1851,0.0148,1,0.95,0.246,0.208,0.090,,-0.0000,-0.1721,1.7655,-0.2983,-0.1895,-0.1200,0.2789,0.1897,0.0146,1,1.33,0.196,0.684,0.589,,-0.0000,-0.1721,1.7651,-0.2984,0.1896,-0.1200
0.608,116,placemove,0.5458,-0.0421,0.1345,-0.0003,0.0006,-0.1495,0.0000,0.0000,-0.0001,-0.0001,0.0000,-0.0000,0.000,0.000,-0.0003,0.0006,-0.0003,0.0006,-0.1495,0.1200,0,0.6472,-0.3598,0.0145,1,1.96,0.833,0.016,0.346,,-0.8378,-0.1720,1.7658,0.1476,-0.2990,-0.1200,0.7363,0.2315,0.0143,1,2.72,1.226,0.397,0.027,,0.8376,-0.1720,1.7656,0.1476,0.2990,-0.1200,0.4945,-0.3823,0.0146,1,3.19,0.663,0.478,0.035,,-0.0000,-0.1721,1.7657,-0.0000,-0.3440,-0.1200,0.5970,0.2980,0.0144,1,2.49,0.787,0.024,0.502,,0.0001,-0.1720,1.7659,-0.0000,0.3440,-0.1200,0.2225,-0.1851,0.0148,1,0.95,0.245,0.208,0.090,,-0.0000,-0.1721,1.7655,-0.2983,-0.1895,-0.1200,0.2789,0.1897,0.0146,1,1.33,0.196,0.683,0.588,,-0.0000,-0.1721,1.7651,-0.2984,0.1896,-0.1200
0.630,120,placemove,0.5458,-0.0421,0.1345,-0.0003,0.0006,-0.1495,0.0000,0.0000,-0.0001,-0.0001,0.0000,-0.0000,0.000,0.000,-0.0003,0.0006,-0.0003,0.0006,-0.1495,0.1200,0,0.6472,-0.3598,0.0145,1,1.96,0.833,0.016,0.346,,-0.8378,-0.1720,1.7658,0.1476,-0.2990,-0.1200,0.7363,0.2315,0.0143,1,2.72,1.226,0.397,0.027,,0.8376,-0.1720,1.7656,0.1476,0.2990,-0.1200,0.4945,-0.3823,0.0146,1,3.19,0.663,0.478,0.035,,-0.0000,-0.1721,1.7657,-0.0000,-0.3440,-0.1200,0.5970,0.2980,0.0144,1,2.49,0.787,0.024,0.502,,0.0001,-0.1720,1.7659,-0.0000,0.3440,-0.1200,0.2225,-0.1851,0.0147,1,0.95,0.245,0.208,0.090,,-0.0000,-0.1721,1.7655,-0.2983,-0.1895,-0.1200,0.2789,0.1897,0.0146,1,1.33,0.196,0.683,0.588,,-0.0000,-0.1721,1.7651,-0.2984,0.1896,-0.1200
0.651,124,placemove,0.5458,-0.0421,0.1345,-0.0003,0.0006,-0.1495,0.0000,0.0000,-0.0001,-0.0001,0.0000,-0.0000,0.000,0.000,-0.0003,0.0006,-0.0003,0.0006,-0.1495,0.1200,0,0.6472,-0.3598,0.0145,1,1.96,0.833,0.016,0.346,,-0.8378,-0.1720,1.7658,0.1476,-0.2990,-0.1200,0.7363,0.2315,0.0143,1,2.72,1.226,0.397,0.027,,0.8376,-0.1720,1.7656,0.1476,0.2990,-0.1200,0.4945,-0.3823,0.0146,1,3.19,0.663,0.477,0.035,,-0.0000,-0.1721,1.7657,-0.0000,-0.3440,-0.1200,0.5970,0.2980,0.0144,1,2.49,0.787,0.024,0.502,,0.0001,-0.1720,1.7659,-0.0000,0.3440,-0.1200,0.2225,-0.1851,0.0147,1,0.95,0.245,0.208,0.090,,-0.0000,-0.1721,1.7655,-0.2983,-0.1895,-0.1200,0.2789,0.1897,0.0146,1,1.33,0.196,0.682,0.587,,-0.0000,-0.1721,1.7651,-0.2984,0.1896,-0.1200
0.673,128,placemove,0.5458,-0.0421,0.1345,-0.0003,0.0006,-0.1495,0.0000,0.0000,-0.0001,-0.0001,0.0000,-0.0000,0.000,0.000,-0.0003,0.0006,-0.0003,0.0006,-0.1495,0.1200,0,0.6472,-0.3598,0.0145,1,1.96,0.833,0.016,0.346,,-0.8378,-0.1720,1.7658,0.1476,-0.2990,-0.1200,0.7363,0.2315,0.0143,1,2.72,1.226,0.397,0.027,,0.8376,-0.1720,1.7656,0.1476,0.2990,-0.1200,0.4945,-0.3823,0.0146,1,3.19,0.663,0.477,0.035,,-0.0000,-0.1721,1.7657,-0.0000,-0.3440,-0.1200,0.5970,0.2980,0.0144,1,2.49,0.787,0.024,0.502,,0.0001,-0.1720,1.7659,-0.0000,0.3440,-0.1200,0.2225,-0.1851,0.0147,1,0.95,0.245,0.208,0.090,,-0.0000,-0.1721,1.7655,-0.2983,-0.1895,-0.1200,0.2789,0.1897,0.0146,1,1.33,0.196,0.682,0.587,,-0.0000,-0.1721,1.7651,-0.2984,0.1896,-0.1200
0.695,132,placemove,0.5458,-0.0421,0.1345,-0.0003,0.0006,-0.1495,0.0000,0.0000,-0.0001,-0.0001,0.0000,-0.0000,0.000,0.000,-0.0003,0.0006,-0.0003,0.0006,-0.1495,0.1200,0,0.6472,-0.3598,0.0145,1,1.96,0.833,0.016,0.346,,-0.8378,-0.1720,1.7658,0.1476,-0.2990,-0.1200,0.7363,0.2315,0.0143,1,2.72,1.226,0.397,0.027,,0.8376,-0.1720,1.7656,0.1476,0.2990,-0.1200,0.4945,-0.3823,0.0146,1,3.19,0.663,0.477,0.035,,-0.0000,-0.1721,1.7657,-0.0000,-0.3440,-0.1200,0.5970,0.2980,0.0144,1,2.49,0.787,0.024,0.502,,0.0001,-0.1720,1.7659,-0.0000,0.3440,-0.1200,0.2225,-0.1851,0.0147,1,0.95,0.245,0.208,0.090,,-0.0000,-0.1721,1.7655,-0.2983,-0.1895,-0.1200,0.2789,0.1897,0.0146,1,1.33,0.196,0.682,0.587,,-0.0000,-0.1721,1.7651,-0.2984,0.1896,-0.1200
0.717,136,placemove,0.5458,-0.0421,0.1345,-0.0003,0.0006,-0.1495,0.0000,0.0000,-0.0001,-0.0001,0.0000,0.0000,0.000,0.000,-0.0003,0.0006,-0.0003,0.0006,-0.1495,0.1200,0,0.6472,-0.3598,0.0145,1,1.96,0.833,0.016,0.346,,-0.8378,-0.1720,1.7658,0.1476,-0.2990,-0.1200,0.7363,0.2315,0.0143,1,2.73,1.226,0.397,0.027,,0.8376,-0.1720,1.7656,0.1476,0.2990,-0.1200,0.4945,-0.3823,0.0146,1,3.19,0.663,0.477,0.035,,-0.0000,-0.1721,1.7657,-0.0000,-0.3440,-0.1200,0.5970,0.2980,0.0144,1,2.49,0.787,0.024,0.502,,0.0001,-0.1720,1.7659,-0.0000,0.3440,-0.1200,0.2225,-0.1851,0.0147,1,0.95,0.245,0.208,0.090,,-0.0000,-0.1721,1.7655,-0.2983,-0.1895,-0.1200,0.2789,0.1897,0.0146,1,1.33,0.196,0.682,0.587,,-0.0000,-0.1721,1.7651,-0.2984,0.1896,-0.1200
0.739,140,placemove,0.5458,-0.0421,0.1345,-0.0003,0.0006,-0.1495,0.0000,0.0000,-0.0001,-0.0001,0.0000,0.0000,0.000,0.000,-0.0003,0.0006,-0.0003,0.0006,-0.1495,0.1200,0,0.6472,-0.3598,0.0145,1,1.96,0.833,0.016,0.346,,-0.8378,-0.1720,1.7658,0.1476,-0.2990,-0.1200,0.7363,0.2315,0.0143,1,2.73,1.226,0.397,0.027,,0.8376,-0.1720,1.7656,0.1476,0.2990,-0.1200,0.4945,-0.3823,0.0146,1,3.19,0.663,0.477,0.035,,-0.0000,-0.1721,1.7657,-0.0000,-0.3440,-0.1200,0.5970,0.2980,0.0144,1,2.49,0.787,0.024,0.502,,0.0001,-0.1720,1.7659,-0.0000,0.3440,-0.1200,0.2225,-0.1851,0.0147,1,0.95,0.245,0.208,0.090,,-0.0000,-0.1721,1.7655,-0.2983,-0.1895,-0.1200,0.2789,0.1897,0.0146,1,1.33,0.196,0.682,0.587,,-0.0000,-0.1721,1.7651,-0.2984,0.1896,-0.1200
0.760,144,placemove,0.5458,-0.0421,0.1345,-0.0003,0.0006,-0.1495,0.0000,0.0000,-0.0001,-0.0001,0.0000,0.0000,0.000,0.000,-0.0003,0.0006,-0.0003,0.0006,-0.1495,0.1200,0,0.6472,-0.3598,0.0145,1,1.96,0.833,0.016,0.346,,-0.8378,-0.1720,1.7658,0.1476,-0.2990,-0.1200,0.7363,0.2315,0.0143,1,2.73,1.226,0.397,0.027,,0.8376,-0.1720,1.7656,0.1476,0.2990,-0.1200,0.4945,-0.3823,0.0146,1,3.19,0.663,0.477,0.035,,-0.0000,-0.1721,1.7657,-0.0000,-0.3440,-0.1200,0.5970,0.2980,0.0144,1,2.49,0.787,0.024,0.502,,0.0001,-0.1720,1.7659,-0.0000,0.3440,-0.1200,0.2225,-0.1851,0.0147,1,0.95,0.245,0.208,0.090,,-0.0000,-0.1721,1.7655,-0.2983,-0.1895,-0.1200,0.2789,0.1897,0.0146,1,1.33,0.196,0.682,0.587,,-0.0000,-0.1721,1.7651,-0.2984,0.1896,-0.1200
0.782,148,placemove,0.5458,-0.0421,0.1345,-0.0003,0.0006,-0.1495,0.0000,0.0000,-0.0001,-0.0001,0.0000,0.0000,0.000,0.000,-0.0003,0.0006,-0.0003,0.0006,-0.1495,0.1200,0,0.6472,-0.3598,0.0145,1,1.96,0.833,0.016,0.346,,-0.8378,-0.1720,1.7658,0.1476,-0.2990,-0.1200,0.7363,0.2315,0.0143,1,2.73,1.226,0.397,0.027,,0.8376,-0.1720,1.7656,0.1476,0.2990,-0.1200,0.4945,-0.3823,0.0146,1,3.19,0.663,0.477,0.035,,-0.0000,-0.1721,1.7657,-0.0000,-0.3440,-0.1200,0.5970,0.2980,0.0144,1,2.49,0.787,0.024,0.502,,0.0001,-0.1720,1.7659,-0.0000,0.3440,-0.1200,0.2225,-0.1851,0.0147,1,0.95,0.245,0.208,0.090,,-0.0000,-0.1721,1.7655,-0.2983,-0.1895,-0.1200,0.2789,0.1897,0.0146,1,1.33,0.196,0.682,0.587,,-0.0000,-0.1721,1.7651,-0.2984,0.1896,-0.1200
0.804,152,placemove,0.5458,-0.0421,0.1345,-0.0003,0.0006,-0.1495,0.0000,0.0000,-0.0001,-0.0000,0.0000,0.0000,0.000,0.000,-0.0003,0.0006,-0.0003,0.0006,-0.1495,0.1200,0,0.6472,-0.3598,0.0145,1,1.96,0.833,0.016,0.346,,-0.8378,-0.1720,1.7658,0.1476,-0.2990,-0.1200,0.7363,0.2315,0.0143,1,2.73,1.226,0.397,0.027,,0.8376,-0.1720,1.7656,0.1476,0.2990,-0.1200,0.4945,-0.3823,0.0146,1,3.19,0.663,0.477,0.035,,-0.0000,-0.1721,1.7657,-0.0000,-0.3440,-0.1200,0.5970,0.2980,0.0144,1,2.49,0.787,0.024,0.502,,0.0001,-0.1720,1.7659,-0.0000,0.3440,-0.1200,0.2225,-0.1851,0.0147,1,0.95,0.245,0.208,0.090,,-0.0000,-0.1721,1.7655,-0.2983,-0.1895,-0.1200,0.2789,0.1897,0.0146,1,1.33,0.196,0.682,0.587,,-0.0000,-0.1721,1.7651,-0.2984,0.1896,-0.1200
0.826,156,placemove,0.5458,-0.0421,0.1345,-0.0003,0.0006,-0.1495,0.0000,0.0000,-0.0001,-0.0000,0.0000,0.0000,0.000,0.000,-0.0003,0.0006,-0.0003,0.0006,-0.1495,0.1200,0,0.6472,-0.3598,0.0145,1,1.96,0.833,0.016,0.346,,-0.8378,-0.1720,1.7658,0.1476,-0.2990,-0.1200,0.7363,0.2315,0.0143,1,2.73,1.226,0.397,0.027,,0.8376,-0.1720,1.7656,0.1476,0.2990,-0.1200,0.4945,-0.3823,0.0146,1,3.19,0.663,0.477,0.035,,-0.0000,-0.1721,1.7657,-0.0000,-0.3440,-0.1200,0.5970,0.2980,0.0144,1,2.49,0.787,0.024,0.502,,0.0001,-0.1720,1.7659,-0.0000,0.3440,-0.1200,0.2225,-0.1851,0.0147,1,0.95,0.245,0.208,0.090,,-0.0000,-0.1721,1.7655,-0.2983,-0.1895,-0.1200,0.2789,0.1897,0.0146,1,1.33,0.196,0.682,0.587,,-0.0000,-0.1721,1.7651,-0.2984,0.1896,-0.1200
0.848,160,placemove,0.5458,-0.0421,0.1345,-0.0003,0.0006,-0.1495,0.0000,0.0000,-0.0001,-0.0000,0.0000,0.0000,0.000,0.000,-0.0003,0.0006,-0.0003,0.0006,-0.1495,0.1200,0,0.6472,-0.3598,0.0145,1,1.96,0.833,0.016,0.346,,-0.8378,-0.1720,1.7658,0.1476,-0.2990,-0.1200,0.7363,0.2315,0.0143,1,2.73,1.226,0.397,0.027,,0.8376,-0.1720,1.7656,0.1476,0.2990,-0.1200,0.4945,-0.3823,0.0146,1,3.19,0.663,0.477,0.035,,-0.0000,-0.1721,1.7657,-0.0000,-0.3440,-0.1200,0.5970,0.2980,0.0144,1,2.49,0.787,0.024,0.502,,0.0001,-0.1720,1.7659,-0.0000,0.3440,-0.1200,0.2225,-0.1851,0.0147,1,0.95,0.245,0.208,0.090,,-0.0000,-0.1721,1.7655,-0.2983,-0.1895,-0.1200,0.2789,0.1897,0.0146,1,1.33,0.196,0.682,0.587,,-0.0000,-0.1721,1.7651,-0.2984,0.1896,-0.1200
0.870,164,placemove,0.5458,-0.0421,0.1345,-0.0003,0.0006,-0.1495,0.0000,0.0000,-0.0001,-0.0000,0.0000,0.0000,0.000,0.000,-0.0003,0.0006,-0.0003,0.0006,-0.1495,0.1200,0,0.6472,-0.3598,0.0145,1,1.96,0.833,0.016,0.346,,-0.8378,-0.1720,1.7658,0.1476,-0.2990,-0.1200,0.7363,0.2315,0.0143,1,2.73,1.226,0.397,0.027,,0.8376,-0.1720,1.7656,0.1476,0.2990,-0.1200,0.4945,-0.3823,0.0146,1,3.19,0.663,0.477,0.035,,-0.0000,-0.1721,1.7657,-0.0000,-0.3440,-0.1200,0.5970,0.2980,0.0144,1,2.49,0.787,0.024,0.502,,0.0001,-0.1720,1.7659,-0.0000,0.3440,-0.1200,0.2225,-0.1851,0.0147,1,0.95,0.245,0.208,0.090,,-0.0000,-0.1721,1.7655,-0.2983,-0.1895,-0.1200,0.2789,0.1897,0.0146,1,1.33,0.196,0.682,0.587,,-0.0000,-0.1721,1.7651,-0.2984,0.1896,-0.1200
0.892,168,placemove,0.5458,-0.0421,0.1345,-0.0003,0.0006,-0.1495,0.0000,0.0000,-0.0000,-0.0000,0.0000,0.0000,0.000,0.000,-0.0003,0.0006,-0.0003,0.0006,-0.1495,0.1200,0,0.6472,-0.3598,0.0145,1,1.96,0.833,0.016,0.346,,-0.8378,-0.1720,1.7658,0.1476,-0.2990,-0.1200,0.7363,0.2315,0.0143,1,2.73,1.226,0.397,0.027,,0.8376,-0.1720,1.7656,0.1476,0.2990,-0.1200,0.4945,-0.3823,0.0146,1,3.19,0.663,0.477,0.035,,-0.0000,-0.1721,1.7657,-0.0000,-0.3440,-0.1200,0.5970,0.2980,0.0144,1,2.49,0.787,0.024,0.502,,0.0001,-0.1720,1.7659,-0.0000,0.3440,-0.1200,0.2225,-0.1851,0.0147,1,0.95,0.245,0.208,0.090,,-0.0000,-0.1721,1.7655,-0.2983,-0.1895,-0.1200,0.2789,0.1897,0.0146,1,1.33,0.196,0.682,0.587,,-0.0000,-0.1721,1.7651,-0.2984,0.1896,-0.1200
0.913,172,placemove,0.5458,-0.0421,0.1345,-0.0003,0.0006,-0.1495,0.0000,0.0000,-0.0000,-0.0000,0.0000,0.0000,0.000,0.000,-0.0003,0.0006,-0.0003,0.0006,-0.1495,0.1200,0,0.6472,-0.3598,0.0145,1,1.96,0.833,0.016,0.346,,-0.8378,-0.1720,1.7658,0.1476,-0.2990,-0.1200,0.7363,0.2315,0.0143,1,2.73,1.226,0.397,0.027,,0.8376,-0.1720,1.7656,0.1476,0.2990,-0.1200,0.4945,-0.3823,0.0146,1,3.19,0.663,0.477,0.035,,-0.0000,-0.1721,1.7657,-0.0000,-0.3440,-0.1200,0.5970,0.2980,0.0144,1,2.49,0.787,0.024,0.502,,0.0001,-0.1720,1.7659,-0.0000,0.3440,-0.1200,0.2225,-0.1851,0.0147,1,0.95,0.245,0.208,0.090,,-0.0000,-0.1721,1.7655,-0.2983,-0.1895,-0.1200,0.2789,0.1897,0.0146,1,1.33,0.196,0.682,0.587,,-0.0000,-0.1721,1.7651,-0.2984,0.1896,-0.1200
0.935,176,placemove,0.5458,-0.0421,0.1345,-0.0003,0.0006,-0.1495,0.0000,0.0000,-0.0000,-0.0000,0.0000,0.0000,0.000,0.000,-0.0003,0.0006,-0.0003,0.0006,-0.1495,0.1200,0,0.6472,-0.3598,0.0145,1,1.96,0.833,0.016,0.346,,-0.8378,-0.1720,1.7658,0.1476,-0.2990,-0.1200,0.7363,0.2315,0.0143,1,2.73,1.226,0.397,0.027,,0.8376,-0.1720,1.7656,0.1476,0.2990,-0.1200,0.4945,-0.3823,0.0146,1,3.19,0.663,0.477,0.035,,-0.0000,-0.1721,1.7657,-0.0000,-0.3440,-0.1200,0.5970,0.2980,0.0144,1,2.49,0.787,0.024,0.502,,0.0001,-0.1720,1.7659,-0.0000,0.3440,-0.1200,0.2225,-0.1851,0.0147,1,0.95,0.245,0.208,0.090,,-0.0000,-0.1721,1.7655,-0.2983,-0.1895,-0.1200,0.2789,0.1897,0.0146,1,1.33,0.196,0.682,0.587,,-0.0000,-0.1721,1.7651,-0.2984,0.1896,-0.1200
0.957,180,placemove,0.5458,-0.0421,0.1345,-0.0003,0.0006,-0.1495,0.0000,0.0000,-0.0000,-0.0000,0.0000,0.0000,0.000,0.000,-0.0003,0.0006,-0.0003,0.0006,-0.1495,0.1200,0,0.6472,-0.3598,0.0145,1,1.96,0.833,0.016,0.346,,-0.8378,-0.1720,1.7658,0.1476,-0.2990,-0.1200,0.7363,0.2315,0.0143,1,2.73,1.226,0.397,0.027,,0.8376,-0.1720,1.7656,0.1476,0.2990,-0.1200,0.4945,-0.3823,0.0146,1,3.19,0.663,0.477,0.035,,-0.0000,-0.1721,1.7657,-0.0000,-0.3440,-0.1200,0.5970,0.2980,0.0143,1,2.49,0.787,0.024,0.502,,0.0001,-0.1720,1.7659,-0.0000,0.3440,-0.1200,0.2225,-0.1851,0.0147,1,0.95,0.245,0.208,0.090,,-0.0000,-0.1721,1.7655,-0.2983,-0.1895,-0.1200,0.2789,0.1897,0.0146,1,1.33,0.196,0.682,0.587,,-0.0000,-0.1721,1.7651,-0.2984,0.1896,-0.1200
0.979,184,placemove,0.5458,-0.0421,0.1345,-0.0003,0.0006,-0.1495,0.0000,0.0000,-0.0000,-0.0000,0.0000,0.0000,0.000,0.000,-0.0003,0.0006,-0.0003,0.0006,-0.1495,0.1200,0,0.6472,-0.3598,0.0145,1,1.96,0.833,0.016,0.346,,-0.8378,-0.1720,1.7658,0.1476,-0.2990,-0.1200,0.7363,0.2315,0.0143,1,2.73,1.226,0.397,0.027,,0.8376,-0.1720,1.7656,0.1476,0.2990,-0.1200,0.4945,-0.3823,0.0146,1,3.19,0.663,0.477,0.035,,-0.0000,-0.1721,1.7657,-0.0000,-0.3440,-0.1200,0.5970,0.2980,0.0143,1,2.49,0.787,0.024,0.502,,0.0001,-0.1720,1.7659,-0.0000,0.3440,-0.1200,0.2225,-0.1851,0.0147,1,0.95,0.245,0.208,0.090,,-0.0000,-0.1721,1.7655,-0.2983,-0.1895,-0.1200,0.2789,0.1897,0.0146,1,1.33,0.196,0.682,0.587,,-0.0000,-0.1721,1.7651,-0.2984,0.1896,-0.1200
1.000,188,placemove,0.5458,-0.0421,0.1345,-0.0003,0.0006,-0.1495,0.0000,0.0000,-0.0000,-0.0000,0.0000,0.0000,0.000,0.000,-0.0003,0.0006,-0.0003,0.0006,-0.1495,0.1200,0,0.6472,-0.3598,0.0145,1,1.96,0.833,0.016,0.346,,-0.8378,-0.1720,1.7658,0.1476,-0.2990,-0.1200,0.7363,0.2315,0.0143,1,2.73,1.226,0.397,0.027,,0.8376,-0.1720,1.7656,0.1476,0.2990,-0.1200,0.4945,-0.3823,0.0146,1,3.19,0.663,0.477,0.035,,-0.0000,-0.1721,1.7657,-0.0000,-0.3440,-0.1200,0.5970,0.2980,0.0143,1,2.49,0.787,0.024,0.502,,0.0001,-0.1720,1.7659,-0.0000,0.3440,-0.1200,0.2225,-0.1851,0.0147,1,0.95,0.245,0.208,0.090,,-0.0000,-0.1721,1.7655,-0.2983,-0.1895,-0.1200,0.2789,0.1897,0.0146,1,1.33,0.196,0.682,0.587,,-0.0000,-0.1721,1.7651,-0.2984,0.1896,-0.1200
1.022,192,placemove,0.5458,-0.0421,0.1345,-0.0003,0.0006,-0.1495,0.0000,0.0000,-0.0000,-0.0000,0.0000,0.0000,0.000,0.000,-0.0003,0.0006,-0.0003,0.0006,-0.1495,0.1200,0,0.6472,-0.3598,0.0145,1,1.96,0.833,0.016,0.346,,-0.8378,-0.1720,1.7658,0.1476,-0.2990,-0.1200,0.7363,0.2315,0.0143,1,2.73,1.226,0.397,0.027,,0.8376,-0.1720,1.7656,0.1476,0.2990,-0.1200,0.4945,-0.3823,0.0146,1,3.19,0.663,0.477,0.035,,-0.0000,-0.1721,1.7657,-0.0000,-0.3440,-0.1200,0.5970,0.2980,0.0143,1,2.49,0.787,0.024,0.502,,0.0001,-0.1720,1.7659,-0.0000,0.3440,-0.1200,0.2225,-0.1851,0.0147,1,0.95,0.245,0.208,0.090,,-0.0000,-0.1721,1.7655,-0.2983,-0.1895,-0.1200,0.2789,0.1897,0.0146,1,1.33,0.196,0.682,0.587,,-0.0000,-0.1721,1.7651,-0.2984,0.1896,-0.1200
1.044,196,placemove,0.5458,-0.0421,0.1345,-0.0004,0.0006,-0.1495,0.0000,0.0000,-0.0000,-0.0000,0.0000,0.0000,0.000,0.000,-0.0003,0.0006,-0.0004,0.0006,-0.1495,0.1200,0,0.6472,-0.3598,0.0145,1,1.96,0.833,0.016,0.346,,-0.8378,-0.1720,1.7658,0.1476,-0.2990,-0.1200,0.7363,0.2315,0.0143,1,2.73,1.226,0.397,0.027,,0.8376,-0.1720,1.7656,0.1476,0.2990,-0.1200,0.4945,-0.3823,0.0146,1,3.19,0.663,0.477,0.035,,-0.0000,-0.1721,1.7657,-0.0000,-0.3440,-0.1200,0.5970,0.2980,0.0143,1,2.49,0.787,0.024,0.502,,0.0001,-0.1720,1.7659,-0.0000,0.3440,-0.1200,0.2225,-0.1851,0.0147,1,0.95,0.245,0.208,0.090,,-0.0000,-0.1721,1.7655,-0.2983,-0.1895,-0.1200,0.2789,0.1897,0.0146,1,1.33,0.196,0.682,0.587,,-0.0000,-0.1721,1.7651,-0.2984,0.1896,-0.1200
1.065,200,placemove,0.5458,-0.0421,0.1345,-0.0004,0.0006,-0.1495,0.0000,0.0000,-0.0000,-0.0000,0.0000,-0.0000,0.000,0.000,-0.0003,0.0006,-0.0004,0.0006,-0.1495,0.1200,0,0.6472,-0.3598,0.0145,1,1.96,0.833,0.016,0.346,,-0.8378,-0.1720,1.7658,0.1476,-0.2990,-0.1200,0.7363,0.2315,0.0143,1,2.73,1.226,0.397,0.027,,0.8376,-0.1720,1.7656,0.1476,0.2990,-0.1200,0.4945,-0.3823,0.0146,1,3.19,0.663,0.477,0.035,,-0.0000,-0.1721,1.7657,-0.0000,-0.3440,-0.1200,0.5970,0.2980,0.0143,1,2.49,0.787,0.024,0.502,,0.0001,-0.1720,1.7659,-0.0000,0.3440,-0.1200,0.2225,-0.1851,0.0147,1,0.95,0.245,0.208,0.090,,-0.0000,-0.1721,1.7655,-0.2983,-0.1895,-0.1200,0.2789,0.1897,0.0146,1,1.33,0.196,0.682,0.587,,-0.0000,-0.1721,1.7651,-0.2984,0.1896,-0.1200
1.087,204,placemove,0.5458,-0.0421,0.1345,-0.0004,0.0006,-0.1495,0.0000,0.0000,-0.0000,-0.0000,0.0000,0.0000,0.000,0.000,-0.0003,0.0006,-0.0004,0.0006,-0.1495,0.1200,0,0.6472,-0.3598,0.0145,1,1.96,0.833,0.016,0.346,,-0.8378,-0.1720,1.7658,0.1476,-0.2990,-0.1200,0.7363,0.2315,0.0143,1,2.73,1.226,0.397,0.027,,0.8376,-0.1720,1.7656,0.1476,0.2990,-0.1200,0.4945,-0.3823,0.0146,1,3.19,0.663,0.477,0.035,,-0.0000,-0.1721,1.7657,-0.0000,-0.3440,-0.1200,0.5970,0.2980,0.0143,1,2.49,0.787,0.024,0.502,,0.0001,-0.1720,1.7659,-0.0000,0.3440,-0.1200,0.2225,-0.1851,0.0147,1,0.95,0.245,0.208,0.090,,-0.0000,-0.1721,1.7655,-0.2983,-0.1895,-0.1200,0.2789,0.1897,0.0146,1,1.33,0.196,0.682,0.587,,-0.0000,-0.1721,1.7651,-0.2984,0.1896,-0.1200
1.109,208,placemove,0.5458,-0.0421,0.1345,-0.0004,0.0006,-0.1495,0.0000,0.0000,-0.0000,-0.0000,0.0000,-0.0000,0.000,0.000,-0.0003,0.0006,-0.0004,0.0006,-0.1495,0.1200,0,0.6472,-0.3598,0.0145,1,1.96,0.833,0.016,0.346,,-0.8378,-0.1720,1.7658,0.1476,-0.2990,-0.1200,0.7363,0.2315,0.0143,1,2.73,1.226,0.397,0.027,,0.8376,-0.1720,1.7656,0.1476,0.2990,-0.1200,0.4945,-0.3823,0.0146,1,3.19,0.663,0.477,0.035,,-0.0000,-0.1721,1.7657,-0.0000,-0.3440,-0.1200,0.5970,0.2980,0.0143,1,2.49,0.787,0.024,0.502,,0.0001,-0.1720,1.7659,-0.0000,0.3440,-0.1200,0.2225,-0.1851,0.0147,1,0.95,0.245,0.208,0.090,,-0.0000,-0.1721,1.7655,-0.2983,-0.1895,-0.1200,0.2789,0.1897,0.0146,1,1.33,0.196,0.682,0.587,,-0.0000,-0.1721,1.7651,-0.2984,0.1896,-0.1200
1.131,212,placemove,0.5458,-0.0421,0.1345,-0.0004,0.0006,-0.1495,0.0000,0.0000,-0.0000,-0.0000,0.0000,-0.0000,0.000,0.000,-0.0003,0.0006,-0.0004,0.0006,-0.1495,0.1200,0,0.6472,-0.3598,0.0145,1,1.96,0.833,0.016,0.346,,-0.8378,-0.1720,1.7658,0.1476,-0.2990,-0.1200,0.7363,0.2315,0.0143,1,2.73,1.226,0.397,0.027,,0.8376,-0.1720,1.7656,0.1476,0.2990,-0.1200,0.4945,-0.3823,0.0146,1,3.19,0.663,0.477,0.035,,-0.0000,-0.1721,1.7657,-0.0000,-0.3440,-0.1200,0.5970,0.2980,0.0143,1,2.49,0.787,0.024,0.502,,0.0001,-0.1720,1.7659,-0.0000,0.3440,-0.1200,0.2225,-0.1851,0.0147,1,0.95,0.245,0.208,0.090,,-0.0000,-0.1721,1.7655,-0.2983,-0.1895,-0.1200,0.2789,0.1897,0.0146,1,1.33,0.196,0.682,0.587,,-0.0000,-0.1721,1.7651,-0.2984,0.1896,-0.1200
1.152,216,placemove,0.5458,-0.0421,0.1345,-0.0004,0.0006,-0.1495,0.0000,0.0000,-0.0000,-0.0000,0.0000,0.0000,0.000,0.000,-0.0003,0.0006,-0.0004,0.0006,-0.1495,0.1200,0,0.6472,-0.3598,0.0145,1,1.96,0.833,0.016,0.346,,-0.8378,-0.1720,1.7658,0.1476,-0.2990,-0.1200,0.7363,0.2315,0.0143,1,2.73,1.226,0.397,0.027,,0.8376,-0.1720,1.7656,0.1476,0.2990,-0.1200,0.4945,-0.3823,0.0146,1,3.19,0.663,0.477,0.035,,-0.0000,-0.1721,1.7657,-0.0000,-0.3440,-0.1200,0.5970,0.2980,0.0143,1,2.49,0.787,0.024,0.502,,0.0001,-0.1720,1.7659,-0.0000,0.3440,-0.1200,0.2225,-0.1851,0.0147,1,0.95,0.245,0.208,0.090,,-0.0000,-0.1721,1.7655,-0.2983,-0.1895,-0.1200,0.2789,0.1897,0.0146,1,1.33,0.196,0.682,0.587,,-0.0000,-0.1721,1.7651,-0.2984,0.1896,-0.1200
1.174,220,placemove,0.5458,-0.0421,0.1345,-0.0004,0.0006,-0.1495,0.0000,0.0000,-0.0000,-0.0000,0.0000,0.0000,0.000,0.000,-0.0003,0.0006,-0.0004,0.0006,-0.1495,0.1200,0,0.6472,-0.3598,0.0145,1,1.96,0.833,0.016,0.346,,-0.8378,-0.1720,1.7658,0.1476,-0.2990,-0.1200,0.7363,0.2315,0.0143,1,2.73,1.226,0.397,0.027,,0.8376,-0.1720,1.7656,0.1476,0.2990,-0.1200,0.4945,-0.3823,0.0146,1,3.19,0.663,0.477,0.035,,-0.0000,-0.1721,1.7657,-0.0000,-0.3440,-0.1200,0.5970,0.2980,0.0143,1,2.49,0.787,0.024,0.502,,0.0001,-0.1720,1.7659,-0.0000,0.3440,-0.1200,0.2225,-0.1851,0.0147,1,0.95,0.245,0.208,0.090,,-0.0000,-0.1721,1.7655,-0.2983,-0.1895,-0.1200,0.2789,0.1897,0.0146,1,1.33,0.196,0.682,0.587,,-0.0000,-0.1721,1.7651,-0.2984,0.1896,-0.1200
1.196,224,placemove,0.5458,-0.0421,0.1345,-0.0004,0.0006,-0.1495,0.0000,0.0000,-0.0000,-0.0000,0.0000,0.0000,0.000,0.000,-0.0003,0.0006,-0.0004,0.0006,-0.1495,0.1200,0,0.6472,-0.3598,0.0145,1,1.96,0.833,0.016,0.346,,-0.8378,-0.1720,1.7658,0.1476,-0.2990,-0.1200,0.7363,0.2315,0.0143,1,2.73,1.226,0.397,0.027,,0.8376,-0.1720,1.7656,0.1476,0.2990,-0.1200,0.4945,-0.3823,0.0146,1,3.19,0.663,0.477,0.035,,-0.0000,-0.1721,1.7657,-0.0000,-0.3440,-0.1200,0.5970,0.2980,0.0143,1,2.49,0.787,0.024,0.502,,0.0001,-0.1720,1.7659,-0.0000,0.3440,-0.1200,0.2225,-0.1851,0.0147,1,0.95,0.245,0.208,0.090,,-0.0000,-0.1721,1.7655,-0.2983,-0.1895,-0.1200,0.2789,0.1897,0.0146,1,1.33,0.196,0.682,0.587,,-0.0000,-0.1721,1.7651,-0.2984,0.1896,-0.1200
1.217,228,placemove,0.5458,-0.0421,0.1345,-0.0004,0.0006,-0.1495,0.0000,0.0000,-0.0000,-0.0000,0.0000,0.0000,0.000,0.000,-0.0003,0.0006,-0.0004,0.0006,-0.1495,0.1200,0,0.6472,-0.3598,0.0145,1,1.96,0.833,0.016,0.346,,-0.8378,-0.1720,1.7658,0.1476,-0.2990,-0.1200,0.7363,0.2315,0.0143,1,2.73,1.226,0.397,0.027,,0.8376,-0.1720,1.7656,0.1476,0.2990,-0.1200,0.4945,-0.3823,0.0146,1,3.19,0.663,0.477,0.035,,-0.0000,-0.1721,1.7657,-0.0000,-0.3440,-0.1200,0.5970,0.2980,0.0143,1,2.49,0.787,0.024,0.502,,0.0001,-0.1720,1.7659,-0.0000,0.3440,-0.1200,0.2225,-0.1851,0.0147,1,0.95,0.245,0.208,0.090,,-0.0000,-0.1721,1.7655,-0.2983,-0.1895,-0.1200,0.2789,0.1897,0.0146,1,1.33,0.196,0.682,0.587,,-0.0000,-0.1721,1.7651,-0.2984,0.1896,-0.1200
1.239,232,placemove,0.5458,-0.0421,0.1345,-0.0004,0.0006,-0.1495,0.0000,0.0000,-0.0000,-0.0000,0.0000,0.0000,0.000,0.000,-0.0003,0.0006,-0.0004,0.0006,-0.1495,0.1200,0,0.6472,-0.3598,0.0145,1,1.96,0.833,0.016,0.346,,-0.8378,-0.1720,1.7658,0.1476,-0.2990,-0.1200,0.7363,0.2315,0.0143,1,2.73,1.226,0.397,0.027,,0.8376,-0.1720,1.7656,0.1476,0.2990,-0.1200,0.4945,-0.3823,0.0146,1,3.19,0.663,0.477,0.035,,-0.0000,-0.1721,1.7657,-0.0000,-0.3440,-0.1200,0.5970,0.2980,0.0143,1,2.49,0.787,0.024,0.502,,0.0001,-0.1720,1.7659,-0.0000,0.3440,-0.1200,0.2225,-0.1851,0.0147,1,0.95,0.245,0.208,0.090,,-0.0000,-0.1721,1.7655,-0.2983,-0.1895,-0.1200,0.2789,0.1897,0.0146,1,1.33,0.196,0.682,0.587,,-0.0000,-0.1721,1.7651,-0.2984,0.1896,-0.1200
1.261,236,placemove,0.5458,-0.0421,0.1345,-0.0004,0.0006,-0.1495,0.0000,0.0000,-0.0000,-0.0000,0.0000,0.0000,0.000,0.000,-0.0003,0.0006,-0.0004,0.0006,-0.1495,0.1200,0,0.6472,-0.3598,0.0145,1,1.96,0.833,0.016,0.346,,-0.8378,-0.1720,1.7658,0.1476,-0.2990,-0.1200,0.7363,0.2315,0.0143,1,2.73,1.226,0.397,0.027,,0.8376,-0.1720,1.7656,0.1476,0.2990,-0.1200,0.4945,-0.3823,0.0146,1,3.19,0.663,0.477,0.035,,-0.0000,-0.1721,1.7657,-0.0000,-0.3440,-0.1200,0.5970,0.2980,0.0143,1,2.49,0.787,0.024,0.502,,0.0001,-0.1720,1.7659,-0.0000,0.3440,-0.1200,0.2225,-0.1851,0.0147,1,0.95,0.245,0.208,0.090,,-0.0000,-0.1721,1.7655,-0.2983,-0.1895,-0.1200,0.2789,0.1897,0.0146,1,1.33,0.196,0.682,0.587,,-0.0000,-0.1721,1.7651,-0.2984,0.1896,-0.1200
1.283,240,placemove,0.5458,-0.0421,0.1345,-0.0004,0.0006,-0.1495,0.0000,0.0000,-0.0000,-0.0000,0.0000,0.0000,0.000,0.000,-0.0003,0.0006,-0.0004,0.0006,-0.1495,0.1200,0,0.6472,-0.3598,0.0145,1,1.96,0.833,0.016,0.346,,-0.8378,-0.1720,1.7658,0.1476,-0.2990,-0.1200,0.7363,0.2315,0.0143,1,2.73,1.226,0.397,0.027,,0.8376,-0.1720,1.7656,0.1476,0.2990,-0.1200,0.4945,-0.3823,0.0146,1,3.19,0.663,0.477,0.035,,-0.0000,-0.1721,1.7657,-0.0000,-0.3440,-0.1200,0.5970,0.2980,0.0143,1,2.49,0.787,0.024,0.502,,0.0001,-0.1720,1.7659,-0.0000,0.3440,-0.1200,0.2225,-0.1851,0.0147,1,0.95,0.245,0.208,0.090,,-0.0000,-0.1721,1.7655,-0.2983,-0.1895,-0.1200,0.2789,0.1897,0.0146,1,1.33,0.196,0.682,0.587,,-0.0000,-0.1721,1.7651,-0.2984,0.1896,-0.1200
1.334,244,placemove,0.5458,-0.0421,0.1345,-0.0001,0.0003,-0.1311,0.0037,0.0024,0.0063,-0.0016,-0.0011,1.1362,1.000,0.000,-0.0002,0.0005,-0.0001,0.0003,-0.1311,0.1193,0,0.6522,-0.3581,0.0180,1,0.00,0.447,0.260,0.015,SWING,-0.8380,-0.1974,1.7854,0.1476,-0.2990,-0.1157,0.7363,0.2315,0.0143,1,2.33,0.924,0.901,0.669,STANCE,0.8116,-0.1707,1.7746,0.1531,0.2962,-0.1202,0.4944,-0.3823,0.0146,1,3.26,0.203,0.784,0.337,STANCE,-0.0281,-0.1723,1.7653,-0.0064,-0.3440,-0.1200,0.5970,0.2980,0.0143,1,2.58,0.074,0.382,0.958,STANCE,-0.0276,-0.1712,1.7653,0.0063,0.3439,-0.1201,0.2225,-0.1850,0.0147,1,1.22,0.601,0.239,0.080,STANCE,-0.0286,-0.1729,1.7638,-0.3018,-0.1840,-0.1199,0.2789,0.1898,0.0146,1,1.33,0.057,0.680,0.587,STANCE,-0.0284,-0.1723,1.7668,-0.2949,0.1950,-0.1200
1.404,248,placemove,0.5458,-0.0421,0.1345,-0.0001,0.0004,-0.1074,0.0024,0.0021,-0.0015,0.0010,0.0083,1.1860,1.000,0.000,-0.0001,0.0004,-0.0001,0.0004,-0.1074,0.1200,0,0.6596,-0.3548,0.0282,0,0.00,0.482,0.212,0.060,SWING,-0.8379,-0.2610,1.8366,0.1474,-0.2984,-0.1048,0.7363,0.2315,0.0143,1,2.71,0.952,1.111,0.843,STANCE,0.7777,-0.1704,1.7867,0.1601,0.2925,-0.1202,0.4944,-0.3823,0.0145,1,4.87,1.201,0.988,0.237,STANCE,-0.0636,-0.1720,1.7645,-0.0146,-0.3437,-0.1200,0.5970,0.2980,0.0144,1,2.52,0.143,0.263,0.798,STANCE,-0.0633,-0.1713,1.7645,0.0145,0.3436,-0.1201,0.2225,-0.1850,0.0147,1,1.27,0.044,0.082,0.326,STANCE,-0.0650,-0.1726,1.7605,-0.3061,-0.1767,-0.1199,0.2789,0.1898,0.0146,1,0.87,0.262,0.434,0.386,STANCE,-0.0651,-0.1722,1.7682,-0.2902,0.2019,-0.1200
1.427,252,placemove,0.5458,-0.0421,0.1345,-0.0001,0.0005,-0.0836,0.0021,0.0023,-0.0024,0.0043,0.0116,1.1444,1.000,0.000,-0.0001,0.0004,-0.0001,0.0005,-0.0836,0.1200,0,0.6669,-0.3510,0.0394,0,0.00,0.475,0.182,0.040,SWING,-0.8379,-0.3277,1.8862,0.1473,-0.2976,-0.0937,0.7363,0.2316,0.0142,1,2.82,0.767,1.267,1.009,STANCE,0.7432,-0.1701,1.7981,0.1670,0.2886,-0.1201,0.4944,-0.3822,0.0145,1,5.08,1.774,1.114,0.348,STANCE,-0.0994,-0.1721,1.7630,-0.0228,-0.3433,-0.1200,0.5970,0.2981,0.0144,1,2.51,0.341,0.059,0.549,STANCE,-0.0990,-0.1716,1.7630,0.0227,0.3432,-0.1201,0.2225,-0.1850,0.0147,1,0.89,0.308,0.209,0.403,STANCE,-0.1015,-0.1727,1.7563,-0.3103,-0.1694,-0.1199,0.2790,0.1898,0.0146,1,0.88,0.461,0.382,0.320,STANCE,-0.1019,-0.1723,1.7690,-0.2853,0.2088,-0.1200
1.461,256,placemove,0.5459,-0.0420,0.1345,-0.0001,0.0005,-0.0631,0.0020,0.0016,-0.0014,0.0013,0.0022,0.9226,1.000,0.000,-0.0001,0.0004,-0.0001,0.0005,-0.0631,0.1200,0,0.6737,-0.3498,0.0487,0,0.00,0.420,0.090,0.020,SWING,-0.8370,-0.3778,1.9071,0.1478,-0.2988,-0.0853,0.7363,0.2316,0.0142,1,2.67,0.729,1.046,0.767,STANCE,0.7134,-0.1696,1.8076,0.1729,0.2851,-0.1201,0.4945,-0.3822,0.0145,1,4.24,1.090,0.761,0.091,STANCE,-0.1300,-0.1722,1.7614,-0.0298,-0.3427,-0.1200,0.5970,0.2980,0.0144,1,2.62,0.102,0.300,0.870,STANCE,-0.1296,-0.1717,1.7616,0.0297,0.3426,-0.1201,0.2225,-0.1850,0.0147,1,1.11,0.045,0.143,0.366,STANCE,-0.1327,-0.1729,1.7528,-0.3136,-0.1630,-0.1199,0.2790,0.1898,0.0146,1,0.99,0.294,0.491,0.429,STANCE,-0.1335,-0.1724,1.7692,-0.2809,0.2146,-0.1199
1.483,260,placemove,0.5458,-0.0421,0.1344,-0.0000,0.0004,-0.0473,0.0015,-0.0001,-0.0015,0.0015,0.0025,0.7130,1.000,0.000,-0.0001,0.0004,-0.0000,0.0004,-0.0473,0.1199,0,0.6844,-0.3482,0.0499,0,0.00,0.789,0.006,0.011,SWING,-0.8087,-0.3824,1.8987,0.1545,-0.2990,-0.0845,0.7363,0.2315,0.0143,1,2.89,0.514,0.642,0.221,STANCE,0.6901,-0.1693,1.8149,0.1774,0.2823,-0.1201,0.4944,-0.3822,0.0145,1,5.12,0.868,0.572,0.321,STANCE,-0.1537,-0.1723,1.7600,-0.0352,-0.3422,-0.1200,0.5970,0.2980,0.0144,1,2.36,0.123,0.350,0.879,STANCE,-0.1533,-0.1718,1.7600,0.0351,0.3421,-0.1201,0.2225,-0.1850,0.0147,1,0.92,0.185,0.185,0.377,STANCE,-0.1569,-0.1730,1.7494,-0.3162,-0.1580,-0.1199,0.2790,0.1898,0.0146,1,0.88,0.048,0.444,0.394,STANCE,-0.1581,-0.1726,1.7688,-0.2775,0.2190,-0.1199
1.515,264,placemove,0.5458,-0.0421,0.1344,-0.0000,0.0004,-0.0351,0.0020,0.0016,-0.0014,0.0023,0.0026,0.5487,1.000,0.000,-0.0000,0.0004,-0.0000,0.0004,-0.0351,0.1199,0,0.7016,-0.3472,0.0499,0,0.00,0.292,0.002,0.023,SWING,-0.7498,-0.3812,1.8716,0.1687,-0.2992,-0.0844,0.7363,0.2315,0.0143,1,2.63,0.419,0.609,0.232,STANCE,0.6720,-0.1690,1.8199,0.1808,0.2802,-0.1201,0.4944,-0.3822,0.0145,1,5.32,0.520,0.455,0.506,STANCE,-0.1719,-0.1724,1.7587,-0.0393,-0.3417,-0.1200,0.5970,0.2980,0.0144,1,2.41,0.044,0.419,0.972,STANCE,-0.1716,-0.1720,1.7586,0.0393,0.3417,-0.1200,0.2225,-0.1849,0.0147,1,1.16,0.092,0.253,0.513,STANCE,-0.1754,-0.1731,1.7468,-0.3180,-0.1541,-0.1199,0.2790,0.1898,0.0147,1,1.04,0.037,0.525,0.457,STANCE,-0.1770,-0.1727,1.7685,-0.2748,0.2224,-0.1199
1.537,268,placemove,0.5458,-0.0421,0.1344,-0.0000,0.0005,-0.0258,0.0019,0.0012,-0.0011,-0.0003,0.0016,0.4212,1.000,0.000,-0.0000,0.0004,-0.0000,0.0005,-0.0258,0.1199,0,0.7212,-0.3464,0.0499,0,0.00,0.065,0.002,0.025,SWING,-0.6831,-0.3779,1.8314,0.1855,-0.2995,-0.0844,0.7363,0.2316,0.0142,1,2.76,0.697,1.026,0.712,STANCE,0.6581,-0.1689,1.8236,0.1834,0.2785,-0.1201,0.4944,-0.3822,0.0145,1,5.23,0.749,0.472,0.465,STANCE,-0.1858,-0.1725,1.7575,-0.0425,-0.3413,-0.1200,0.5970,0.2980,0.0144,1,2.68,0.209,0.568,1.207,STANCE,-0.1855,-0.1721,1.7569,0.0425,0.3414,-0.1200,0.2225,-0.1849,0.0147,1,1.08,0.010,0.235,0.474,STANCE,-0.1896,-0.1732,1.7444,-0.3195,-0.1512,-0.1198,0.2790,0.1898,0.0147,1,1.02,0.392,0.375,0.293,STANCE,-0.1914,-0.1728,1.7682,-0.2727,0.2249,-0.1199
1.570,272,placemove,0.5459,-0.0420,0.1344,-0.0000,0.0005,-0.0186,0.0019,0.0020,-0.0012,0.0012,0.0043,0.3206,1.000,0.000,-0.0000,0.0004,-0.0000,0.0005,-0.0186,0.1199,0,0.7395,-0.3450,0.0499,0,0.00,0.738,0.009,0.013,SWING,-0.6244,-0.3736,1.7916,0.2008,-0.2991,-0.0844,0.7363,0.2317,0.0142,1,3.60,0.689,0.946,0.430,STANCE,0.6474,-0.1687,1.8266,0.1854,0.2772,-0.1200,0.4945,-0.3821,0.0145,1,5.33,1.335,0.807,0.079,STANCE,-0.1966,-0.1725,1.7563,-0.0450,-0.3410,-0.1199,0.5970,0.2981,0.0144,1,2.68,0.134,0.206,0.260,STANCE,-0.1962,-0.1722,1.7560,0.0449,0.3410,-0.1200,0.2225,-0.1849,0.0147,1,0.33,0.202,0.075,0.064,STANCE,-0.2004,-0.1732,1.7424,-0.3206,-0.1489,-0.1198,0.2790,0.1898,0.0147,1,0.75,0.491,0.045,0.053,STANCE,-0.2025,-0.1728,1.7680,-0.2710,0.2269,-0.1199
1.592,276,placemove,0.5459,-0.0420,0.1344,0.0000,0.0005,-0.0131,0.0010,0.0003,-0.0008,0.0008,0.0020,0.2466,1.000,0.000,-0.0000,0.0004,0.0000,0.0005,-0.0131,0.1199,0,0.7486,-0.3438,0.0497,0,0.00,0.207,0.083,0.013,SWING,-0.6015,-0.3695,1.7723,0.2070,-0.2990,-0.0847,0.7364,0.2317,0.0142,1,3.00,0.742,1.200,0.868,STANCE,0.6392,-0.1686,1.8286,0.1869,0.2762,-0.1200,0.4945,-0.3821,0.0145,1,5.35,1.181,0.803,0.086,STANCE,-0.2049,-0.1726,1.7554,-0.0469,-0.3408,-0.1199,0.5970,0.2981,0.0144,1,2.69,0.513,0.033,0.474,STANCE,-0.2043,-0.1723,1.7555,0.0468,0.3408,-0.1200,0.2225,-0.1849,0.0147,1,0.85,0.513,0.007,0.128,STANCE,-0.2087,-0.1733,1.7409,-0.3214,-0.1471,-0.1198,0.2790,0.1899,0.0147,1,0.87,0.223,0.037,0.180,STANCE,-0.2110,-0.1729,1.7677,-0.2698,0.2284,-0.1198
1.622,280,placemove,0.5459,-0.0420,0.1344,0.0000,0.0005,-0.0089,0.0005,0.0003,-0.0006,0.0009,0.0011,0.1885,1.000,0.000,-0.0000,0.0005,0.0000,0.0005,-0.0089,0.1199,0,0.7508,-0.3433,0.0425,0,0.00,0.091,0.136,0.050,SWING,-0.5996,-0.3202,1.7384,0.2077,-0.2994,-0.0932,0.7363,0.2317,0.0142,1,2.76,0.577,1.170,0.880,STANCE,0.6329,-0.1684,1.8303,0.1881,0.2754,-0.1200,0.4945,-0.3821,0.0145,1,4.93,0.991,0.657,0.177,STANCE,-0.2111,-0.1726,1.7548,-0.0483,-0.3406,-0.1199,0.5970,0.2981,0.0144,1,2.54,0.590,0.079,0.581,STANCE,-0.2106,-0.1723,1.7549,0.0482,0.3405,-0.1200,0.2225,-0.1849,0.0147,1,1.06,0.272,0.022,0.206,STANCE,-0.2151,-0.1734,1.7399,-0.3220,-0.1458,-0.1198,0.2790,0.1899,0.0147,1,1.13,0.221,0.107,0.317,STANCE,-0.2175,-0.1730,1.7675,-0.2688,0.2295,-0.1198
1.643,284,placemove,0.5459,-0.0420,0.1343,0.0000,0.0005,-0.0056,0.0005,0.0001,-0.0006,0.0012,0.0011,0.1441,1.000,0.000,0.0000,0.0005,0.0000,0.0005,-0.0056,0.1199,0,0.7529,-0.3449,0.0312,0,0.00,0.065,0.069,0.100,SWING,-0.5995,-0.2535,1.6740,0.2090,-0.3021,-0.1044,0.7363,0.2317,0.0142,1,2.78,0.643,1.287,1.020,STANCE,0.6281,-0.1684,1.8316,0.1890,0.2748,-0.1200,0.4945,-0.3821,0.0144,1,5.15,1.090,0.681,0.193,STANCE,-0.2159,-0.1726,1.7543,-0.0494,-0.3404,-0.1199,0.5970,0.2981,0.0143,1,2.55,0.696,0.182,0.709,STANCE,-0.2154,-0.1723,1.7545,0.0493,0.3404,-0.1200,0.2225,-0.1849,0.0147,1,1.07,0.263,0.108,0.313,STANCE,-0.2200,-0.1734,1.7391,-0.3225,-0.1447,-0.1198,0.2791,0.1899,0.0147,1,1.08,0.274,0.179,0.398,STANCE,-0.2225,-0.1730,1.7673,-0.2681,0.2303,-0.1198
1.678,288,placemove,0.5459,-0.0420,0.1343,0.0000,0.0005,-0.0031,0.0004,0.0000,-0.0005,0.0010,0.0008,0.1103,1.000,0.000,0.0000,0.0005,0.0000,0.0005,-0.0031,0.1199,0,0.7548,-0.3468,0.0199,0,0.00,0.051,0.068,0.100,SWING,-0.5996,-0.1869,1.6073,0.2101,-0.3044,-0.1158,0.7363,0.2317,0.0142,1,2.81,0.620,1.282,1.006,STANCE,0.6244,-0.1683,1.8325,0.1897,0.2743,-0.1200,0.4945,-0.3821,0.0144,1,5.16,1.124,0.651,0.230,STANCE,-0.2196,-0.1726,1.7539,-0.0503,-0.3403,-0.1199,0.5970,0.2981,0.0143,1,2.54,0.782,0.255,0.795,STANCE,-0.2190,-0.1724,1.7542,0.0501,0.3402,-0.1200,0.2225,-0.1849,0.0147,1,1.07,0.197,0.190,0.413,STANCE,-0.2237,-0.1734,1.7384,-0.3228,-0.1439,-0.1198,0.2791,0.1898,0.0147,1,1.09,0.290,0.221,0.450,STANCE,-0.2263,-0.1731,1.7672,-0.2675,0.2310,-0.1198
1.702,292,placemove,0.5460,-0.0420,0.1347,-0.0011,-0.0001,-0.0022,0.0490,-0.0322,0.0151,-0.0430,-0.0451,-0.0387,1.000,0.000,-0.0002,0.0004,-0.0011,-0.0001,-0.0022,0.1199,0,0.7539,-0.3451,0.0150,1,0.00,0.136,0.054,0.108,SHIFT,-0.6025,-0.1659,1.6136,0.2080,-0.3016,-0.1200,0.7361,0.2314,0.0144,1,0.00,0.097,0.019,0.001,SHIFT,0.6241,-0.1682,1.8353,0.1896,0.2739,-0.1200,0.4938,-0.3822,0.0151,1,0.00,0.191,0.010,0.003,SHIFT,-0.2249,-0.1732,1.7529,-0.0515,-0.3402,-0.1198,0.5969,0.2980,0.0144,1,0.54,0.335,0.177,0.134,SHIFT,-0.2194,-0.1725,1.7545,0.0502,0.3402,-0.1200,0.2220,-0.1847,0.0150,1,0.00,0.144,0.018,0.014,SHIFT,-0.2273,-0.1737,1.7341,-0.3237,-0.1433,-0.1197,0.2789,0.1899,0.0146,1,6.92,0.100,1.296,2.940,SHIFT,-0.2274,-0.1732,1.7650,-0.2676,0.2314,-0.1198
1.741,296,placemove,0.5477,-0.0425,0.1347,-0.0006,0.0004,-0.0018,0.1004,0.0091,0.0088,-0.0215,0.0467,0.0849,1.000,0.000,-0.0004,0.0002,-0.0006,0.0004,-0.0018,0.1199,0,0.7518,-0.3428,0.0150,1,0.00,0.019,0.000,0.013,SHIFT,-0.6115,-0.1691,1.6373,0.2046,-0.2997,-0.1198,0.7364,0.2306,0.0144,1,4.30,0.314,0.497,0.263,SHIFT,0.6289,-0.1678,1.8409,0.1882,0.2735,-0.1200,0.4932,-0.3827,0.0148,1,4.99,1.099,0.953,0.159,SHIFT,-0.2351,-0.1715,1.7483,-0.0539,-0.3402,-0.1201,0.5973,0.2974,0.0145,1,1.99,1.142,0.462,0.185,SHIFT,-0.2145,-0.1723,1.7569,0.0490,0.3401,-0.1200,0.2217,-0.1848,0.0151,1,0.00,0.040,0.040,0.007,SHIFT,-0.2320,-0.1738,1.7223,-0.3257,-0.1428,-0.1197,0.2790,0.1898,0.0147,1,0.00,0.065,0.056,0.005,SHIFT,-0.2247,-0.1730,1.7553,-0.2690,0.2319,-0.1199
1.765,300,placemove,0.5497,-0.0424,0.1348,-0.0008,0.0011,-0.0002,0.1172,0.0136,0.0360,-0.0905,0.1055,0.0621,1.000,0.000,-0.0005,0.0003,-0.0008,0.0011,-0.0002,0.1200,0,0.7517,-0.3424,0.0149,0,10.40,2.364,1.370,0.377,SHIFT,-0.6209,-0.1684,1.6429,0.2021,-0.2998,-0.1200,0.7364,0.2306,0.0144,1,6.67,2.116,1.083,0.036,SHIFT,0.6346,-0.1675,1.8464,0.1868,0.2732,-0.1199,0.4932,-0.3826,0.0148,1,0.00,0.057,0.076,0.002,SHIFT,-0.2454,-0.1713,1.7447,-0.0564,-0.3401,-0.1202,0.5973,0.2974,0.0145,1,0.28,0.129,0.014,0.022,SHIFT,-0.2086,-0.1725,1.7594,0.0476,0.3400,-0.1199,0.2217,-0.1848,0.0149,0,1.49,0.292,0.095,0.119,SHIFT,-0.2366,-0.1697,1.7063,-0.3279,-0.1423,-0.1204,0.2790,0.1899,0.0150,1,0.00,0.007,0.032,0.004,SHIFT,-0.2214,-0.1734,1.7459,-0.2706,0.2324,-0.1198
1.814,304,placemove,0.5517,-0.0423,0.1349,-0.0011,0.0011,0.0011,0.0972,-0.0044,-0.0109,0.0122,-0.0022,0.0548,1.000,0.000,-0.0008,0.0007,-0.0011,0.0011,0.0011,0.1202,0,0.7518,-0.3424,0.0149,1,4.60,2.051,1.306,0.622,SHIFT,-0.6299,-0.1680,1.6470,0.1998,-0.3002,-0.1201,0.7364,0.2307,0.0144,1,4.88,1.533,0.321,0.597,SHIFT,0.6412,-0.1669,1.8521,0.1851,0.2729,-0.1199,0.4932,-0.3826,0.0152,0,0.00,0.023,0.077,0.007,SHIFT,-0.2553,-0.1709,1.7407,-0.0587,-0.3401,-0.1202,0.5973,0.2975,0.0145,1,2.67,0.652,0.374,0.069,SHIFT,-0.2021,-0.1727,1.7622,0.0461,0.3399,-0.1199,0.2217,-0.1847,0.0149,1,0.20,0.099,0.042,0.054,SHIFT,-0.2406,-0.1684,1.6920,-0.3301,-0.1419,-0.1205,0.2791,0.1899,0.0151,0,0.00,0.028,0.088,0.005,SHIFT,-0.2175,-0.1727,1.7358,-0.2723,0.2327,-0.1199
1.846,308,placemove,0.5539,-0.0423,0.1350,-0.0010,0.0022,0.0020,0.1046,0.0011,-0.0072,0.0013,0.0248,0.0293,1.000,0.000,-0.0009,0.0013,-0.0010,0.0022,0.0020,0.1201,0,0.7518,-0.3423,0.0149,1,3.31,1.172,1.314,0.906,SHIFT,-0.6385,-0.1692,1.6530,0.1976,-0.3003,-0.1200,0.7364,0.2307,0.0145,1,6.05,2.022,1.027,0.015,SHIFT,0.6482,-0.1670,1.8577,0.1834,0.2728,-0.1198,0.4933,-0.3826,0.0147,1,2.61,1.103,0.112,0.367,SHIFT,-0.2649,-0.1676,1.7346,-0.0610,-0.3400,-0.1208,0.5973,0.2975,0.0148,1,0.42,0.223,0.077,0.044,SHIFT,-0.1950,-0.1736,1.7655,0.0444,0.3399,-0.1197,0.2218,-0.1848,0.0158,1,0.00,0.022,0.047,0.012,SHIFT,-0.2441,-0.1700,1.6805,-0.3322,-0.1416,-0.1201,0.2791,0.1898,0.0149,1,0.00,0.004,0.075,0.032,SHIFT,-0.2131,-0.1695,1.7238,-0.2740,0.2329,-0.1205
1.890,312,placemove,0.5559,-0.0424,0.1354,-0.0012,0.0055,0.0026,0.1531,0.0010,0.0864,-0.0097,0.5081,0.0421,1.000,0.000,-0.0009,0.0018,-0.0012,0.0055,0.0026,0.1204,0,0.7518,-0.3425,0.0149,1,2.17,1.048,0.850,0.610,SHIFT,-0.6454,-0.1702,1.6576,0.1958,-0.3005,-0.1198,0.7365,0.2306,0.0144,1,4.33,1.232,0.599,0.106,SHIFT,0.6542,-0.1672,1.8622,0.1819,0.2727,-0.1197,0.4933,-0.3826,0.0153,1,0.00,0.044,0.033,0.004,SHIFT,-0.2724,-0.1689,1.7325,-0.0628,-0.3400,-0.1206,0.5974,0.2974,0.0151,1,0.00,0.012,0.039,0.000,SHIFT,-0.1889,-0.1746,1.7683,0.0430,0.3398,-0.1196,0.2218,-0.1848,0.0137,1,0.00,0.031,0.124,0.045,SHIFT,-0.2468,-0.1490,1.6529,-0.3338,-0.1414,-0.1237,0.2791,0.1898,0.0160,1,0.00,0.012,0.041,0.008,SHIFT,-0.2094,-0.1712,1.7169,-0.2755,0.2330,-0.1201
1.946,316,placemove,0.5581,-0.0424,0.1360,-0.0002,0.0083,0.0030,0.0614,-0.0310,0.0612,0.4586,-0.0193,-0.0034,1.000,0.000,-0.0010,0.0044,-0.0002,0.0083,0.0030,0.1210,1,0.7518,-0.3424,0.0149,1,14.12,2.940,2.940,0.554,SHIFT,-0.6531,-0.1719,1.6633,0.1938,-0.3006,-0.1196,0.7365,0.2306,0.0144,1,0.00,0.118,0.407,0.016,SHIFT,0.6615,-0.1673,1.8672,0.1802,0.2726,-0.1196,0.4933,-0.3827,0.0152,0,0.00,0.082,0.130,0.008,SHIFT,-0.2806,-0.1586,1.7205,-0.0648,-0.3400,-0.1224,0.5974,0.2974,0.0143,0,37.19,2.629,2.940,2.940,SHIFT,-0.1817,-0.1641,1.7624,0.0413,0.3398,-0.1214,0.2218,-0.1848,0.0151,1,0.00,0.078,0.166,0.005,SHIFT,-0.2494,-0.1489,1.6407,-0.3358,-0.1413,-0.1236,0.2791,0.1898,0.0166,0,0.00,0.187,0.556,0.033,SHIFT,-0.2049,-0.1599,1.6986,-0.2773,0.2332,-0.1221
2.129,320,placemove,0.5604,-0.0420,0.1405,-0.0025,0.0225,0.0034,0.1757,0.0367,0.2657,-0.1885,1.0726,0.0219,1.000,0.000,-0.0008,0.0082,-0.0025,0.0225,0.0034,0.1237,1,0.7519,-0.3422,0.0173,1,0.00,0.032,0.007,0.002,SHIFT,-0.6552,-0.1737,1.6669,0.1932,-0.3005,-0.1193,0.7363,0.2308,0.0154,0,0.00,0.024,0.327,0.013,SHIFT,0.6641,-0.1584,1.8614,0.1796,0.2726,-0.1211,0.4932,-0.3826,0.0155,1,0.00,0.041,0.005,0.028,SHIFT,-0.2832,-0.1343,1.6993,-0.0655,-0.3400,-0.1266,0.5972,0.2976,0.0158,1,0.00,0.031,0.050,0.001,SHIFT,-0.1792,-0.1570,1.7569,0.0407,0.3398,-0.1226,0.2217,-0.1848,0.0214,0,0.00,0.012,0.288,0.034,SHIFT,-0.2503,-0.1313,1.6219,-0.3364,-0.1413,-0.1266,0.2789,0.1899,0.0161,1,0.00,0.029,0.049,0.034,SHIFT,-0.2033,-0.1190,1.6609,-0.2779,0.2332,-0.1292
2.292,324,placemove,0.5620,-0.0417,0.1458,-0.0015,0.0181,0.0032,0.0540,0.0448,0.3040,-0.5962,-0.3501,-0.1868,1.000,0.000,0.0000,0.0143,-0.0015,0.0181,0.0032,0.1299,1,0.7529,-0.3415,0.0143,1,0.00,0.021,0.197,0.075,SHIFT,-0.6585,-0.1238,1.6285,0.1923,-0.3004,-0.1281,0.7374,0.2314,0.0166,1,0.00,0.028,0.020,0.014,SHIFT,0.6677,-0.1346,1.8438,0.1788,0.2726,-0.1251,0.4945,-0.3820,0.0179,0,0.00,0.038,0.321,0.032,SHIFT,-0.2868,-0.1171,1.6834,-0.0663,-0.3399,-0.1296,0.5983,0.2982,0.0199,0,0.00,0.039,0.355,0.029,SHIFT,-0.1757,-0.1409,1.7440,0.0399,0.3399,-0.1253,0.2226,-0.1843,0.0159,0,0.00,0.019,0.022,0.062,SHIFT,-0.2516,-0.0721,1.5633,-0.3374,-0.1412,-0.1369,0.2800,0.1904,0.0203,0,0.00,0.021,0.263,0.021,SHIFT,-0.2011,-0.1091,1.6477,-0.2788,0.2333,-0.1309
2.393,328,placemove,0.5632,-0.0411,0.1506,-0.0037,0.0219,0.0020,0.0569,0.0221,0.2930,-0.4662,0.1547,-0.0181,1.000,0.000,-0.0016,0.0167,-0.0037,0.0219,0.0020,0.1330,1,0.7530,-0.3417,0.0198,0,0.00,0.018,0.160,0.020,SHIFT,-0.6599,-0.1292,1.6329,0.1920,-0.3006,-0.1271,0.7381,0.2313,0.0165,0,0.00,0.016,0.210,0.028,SHIFT,0.6693,-0.1073,1.8218,0.1784,0.2725,-0.1297,0.4940,-0.3817,0.0145,0,0.00,0.021,0.135,0.099,SHIFT,-0.2888,-0.0638,1.6340,-0.0668,-0.3400,-0.1388,0.5989,0.2981,0.0148,1,0.00,0.010,0.087,0.043,SHIFT,-0.1737,-0.0931,1.7052,0.0394,0.3396,-0.1336,0.2227,-0.1836,0.0188,1,0.00,0.003,0.187,0.019,SHIFT,-0.2515,-0.0645,1.5538,-0.3378,-0.1413,-0.1382,0.2803,0.1910,0.0159,0,0.00,0.010,0.267,0.058,SHIFT,-0.1991,-0.0549,1.5966,-0.2793,0.2331,-0.1403
2.492,332,placemove,0.5640,-0.0414,0.1547,-0.0056,0.0224,0.0025,0.0459,-0.0180,0.1862,-0.1485,0.0082,0.0440,1.000,0.000,-0.0028,0.0188,-0.0056,0.0224,0.0025,0.1352,1,0.7532,-0.3423,0.0184,0,0.00,0.024,0.192,0.040,SHIFT,-0.6618,-0.0895,1.5981,0.1916,-0.3008,-0.1341,0.7383,0.2308,0.0184,1,0.00,0.001,0.120,0.005,SHIFT,0.6702,-0.1055,1.8220,0.1781,0.2723,-0.1300,0.4946,-0.3824,0.0212,0,0.00,0.007,0.024,0.052,SHIFT,-0.2898,-0.0767,1.6442,-0.0671,-0.3402,-0.1366,0.5993,0.2977,0.0213,0,0.00,0.010,0.200,0.027,SHIFT,-0.1728,-0.1107,1.7212,0.0392,0.3396,-0.1306,0.2230,-0.1844,0.0207,0,0.00,0.015,0.207,0.040,SHIFT,-0.2513,-0.0391,1.5268,-0.3382,-0.1415,-0.1426,0.2806,0.1902,0.0189,1,0.00,0.019,0.167,0.021,SHIFT,-0.1977,-0.0576,1.5984,-0.2796,0.2330,-0.1399
2.582,336,placemove,0.5647,-0.0416,0.1586,-0.0068,0.0222,0.0030,0.0906,-0.0445,0.3646,0.4235,0.4311,-0.0008,1.000,0.000,-0.0047,0.0198,-0.0068,0.0222,0.0030,0.1419,1,0.7537,-0.3429,0.0160,1,0.00,0.013,0.061,0.043,SHIFT,-0.6633,-0.0572,1.5680,0.1913,-0.3010,-0.1397,0.7385,0.2301,0.0142,0,16.41,1.470,2.341,0.575,SHIFT,0.6712,-0.0547,1.7784,0.1778,0.2721,-0.1387,0.4950,-0.3832,0.0170,0,0.00,0.013,0.670,0.097,SHIFT,-0.2909,-0.0249,1.5929,-0.0675,-0.3405,-0.1456,0.5993,0.2970,0.0148,0,0.00,0.210,0.101,0.056,SHIFT,-0.1714,-0.0527,1.6703,0.0388,0.3394,-0.1406,0.2232,-0.1854,0.0149,0,32.31,0.224,2.940,2.940,SHIFT,-0.2506,0.0163,1.4692,-0.3386,-0.1418,-0.1523,0.2807,0.1893,0.0149,0,0.00,0.138,0.570,0.070,SHIFT,-0.1959,-0.0112,1.5533,-0.2800,0.2327,-0.1480
2.700,340,placemove,0.5661,-0.0423,0.1624,-0.0097,0.0225,0.0033,0.0870,-0.0406,0.1604,-0.3419,0.0370,0.0292,1.000,0.000,-0.0057,0.0204,-0.0097,0.0225,0.0033,0.1385,1,0.7552,-0.3439,0.0250,0,0.00,0.003,0.039,0.024,SHIFT,-0.6636,-0.0794,1.5873,0.1913,-0.3011,-0.1358,0.7398,0.2290,0.0223,1,0.00,0.020,0.117,0.000,SHIFT,0.6707,-0.0939,1.8152,0.1778,0.2719,-0.1319,0.4961,-0.3844,0.0160,0,0.00,0.008,0.171,0.025,SHIFT,-0.2916,0.0076,1.5590,-0.0677,-0.3407,-0.1513,0.6006,0.2959,0.0219,0,0.00,0.009,0.046,0.044,SHIFT,-0.1716,-0.0804,1.6971,0.0389,0.3392,-0.1358,0.2246,-0.1866,0.0231,0,0.00,0.026,0.117,0.060,SHIFT,-0.2500,-0.0122,1.4974,-0.3386,-0.1420,-0.1473,0.2821,0.1882,0.0232,0,0.00,0.009,0.022,0.047,SHIFT,-0.1955,-0.0421,1.5840,-0.2800,0.2325,-0.1426
2.781,344,placemove,0.5675,-0.0425,0.1646,-0.0157,0.0272,0.0014,0.0811,-0.0116,0.0561,-0.2652,0.2315,-0.1220,1.000,0.000,-0.0089,0.0215,-0.0157,0.0272,0.0014,0.1401,1,0.7552,-0.3458,0.0240,0,0.00,0.030,0.078,0.017,SHIFT,-0.6651,-0.0541,1.5621,0.1910,-0.3015,-0.1402,0.7409,0.2274,0.0221,0,0.00,0.004,0.075,0.009,SHIFT,0.6707,-0.0821,1.8069,0.1777,0.2716,-0.1339,0.4967,-0.3856,0.0227,1,0.00,0.019,0.124,0.099,SHIFT,-0.2900,-0.0149,1.5814,-0.0674,-0.3408,-0.1474,0.6016,0.2943,0.0188,0,0.00,0.001,0.086,0.017,SHIFT,-0.1711,-0.0564,1.6779,0.0387,0.3388,-0.1399,0.2250,-0.1877,0.0260,0,0.00,0.008,0.038,0.007,SHIFT,-0.2486,0.0026,1.4807,-0.3388,-0.1424,-0.1499,0.2829,0.1870,0.0226,0,0.00,0.017,0.060,0.014,SHIFT,-0.1937,-0.0217,1.5653,-0.2801,0.2321,-0.1461
2.841,348,placemove,0.5686,-0.0430,0.1654,-0.0077,0.0297,0.0005,-0.0047,-0.0254,0.0827,0.4935,-0.5309,0.0448,1.000,0.000,-0.0107,0.0243,-0.0077,0.0297,0.0005,0.1466,1,0.7547,-0.3461,0.0136,0,40.61,2.940,2.940,2.940,SHIFT,-0.6687,-0.0064,1.5142,0.1903,-0.3021,-0.1486,0.7413,0.2272,0.0145,0,37.44,2.940,2.940,2.940,SHIFT,0.6725,-0.0246,1.7565,0.1772,0.2713,-0.1438,0.4972,-0.3844,0.0331,0,0.00,0.132,0.243,0.109,SHIFT,-0.2910,-0.0815,1.6481,-0.0674,-0.3402,-0.1357,0.6023,0.2942,0.0168,1,0.00,0.316,0.171,0.015,SHIFT,-0.1705,-0.0393,1.6652,0.0385,0.3383,-0.1429,0.2247,-0.1873,0.0198,0,0.00,0.020,0.052,0.030,SHIFT,-0.2474,0.0480,1.4293,-0.3394,-0.1428,-0.1578,0.2832,0.1873,0.0174,0,0.00,0.134,0.011,0.044,SHIFT,-0.1906,0.0294,1.5131,-0.2807,0.2317,-0.1551
2.951,352,placemove,0.5688,-0.0434,0.1652,-0.0045,0.0327,0.0011,0.0488,-0.0253,-0.0510,0.0068,0.7154,0.0552,1.000,0.000,-0.0078,0.0255,-0.0045,0.0327,0.0011,0.1465,1,0.7553,-0.3454,0.0197,1,0.00,0.045,0.055,0.109,SHIFT,-0.6655,-0.0580,1.5665,0.1909,-0.3015,-0.1396,0.7413,0.2270,0.0227,0,0.00,0.014,0.137,0.098,SHIFT,0.6714,-0.0780,1.8100,0.1772,0.2707,-0.1344,0.4969,-0.3850,0.0355,0,0.00,0.020,0.045,0.010,SHIFT,-0.2925,-0.0931,1.6525,-0.0680,-0.3409,-0.1337,0.6029,0.2936,0.0299,0,0.00,0.005,0.144,0.098,SHIFT,-0.1722,-0.1059,1.7319,0.0387,0.3374,-0.1313,0.2244,-0.1870,0.0148,0,0.00,0.008,0.183,0.117,SHIFT,-0.2490,0.0736,1.4009,-0.3396,-0.1425,-0.1622,0.2827,0.1875,0.0157,1,0.00,0.005,0.256,0.012,SHIFT,-0.1908,0.0392,1.5005,-0.2810,0.2319,-0.1568
3.029,356,placemove,0.5696,-0.0439,0.1625,-0.0042,0.0347,0.0023,0.0485,-0.0236,-0.2257,-0.0822,0.1137,0.0608,1.000,0.000,-0.0056,0.0283,-0.0042,0.0347,0.0023,nan,1,0.7565,-0.3444,0.0283,0,0.00,0.001,0.056,0.109,SHIFT,-0.6639,-0.1246,1.6331,0.1909,-0.3004,-0.1280,0.7411,0.2258,0.0316,0,0.00,0.030,0.136,0.099,SHIFT,0.6726,-0.1447,1.8767,0.1765,0.2696,-0.1228,0.4972,-0.3852,0.0320,0,0.00,0.028,0.300,0.010,SHIFT,-0.2945,-0.0817,1.6430,-0.0684,-0.3407,-0.1357,0.6027,0.2919,0.0393,0,0.00,0.019,0.140,0.098,SHIFT,-0.1712,-0.1726,1.7985,0.0382,0.3359,-0.1197,0.2246,-0.1875,0.0225,0,0.00,0.002,0.063,0.107,SHIFT,-0.2505,0.0122,1.4627,-0.3401,-0.1423,-0.1514,0.2838,0.1879,0.0252,0,0.00,0.014,0.117,0.100,SHIFT,-0.1963,-0.0274,1.5672,-0.2801,0.2330,-0.1451
3.090,360,placemove,0.5704,-0.0444,0.1577,0.0005,0.0323,0.0030,0.0470,-0.0317,-0.3438,0.6627,-0.3111,0.0231,1.000,0.000,-0.0044,0.0300,0.0005,0.0323,0.0030,nan,1,0.7573,-0.3428,0.0347,0,0.00,0.001,0.130,0.098,SHIFT,-0.6644,-0.1913,1.6998,0.1901,-0.2987,-0.1164,0.7421,0.2281,0.0268,0,0.00,0.031,0.153,0.025,SHIFT,0.6755,-0.1221,1.8411,0.1768,0.2721,-0.1270,0.4973,-0.3856,0.0153,0,0.00,0.034,0.059,0.101,SHIFT,-0.2974,-0.0155,1.5776,-0.0692,-0.3409,-0.1473,0.6036,0.2944,0.0406,0,0.00,0.029,0.298,0.013,SHIFT,-0.1686,-0.1880,1.7906,0.0381,0.3389,-0.1172,0.2262,-0.1875,0.0286,0,0.00,0.017,0.121,0.099,SHIFT,-0.2513,-0.0545,1.5294,-0.3399,-0.1420,-0.1398,0.2856,0.1874,0.0326,0,0.00,0.013,0.067,0.106,SHIFT,-0.1967,-0.0941,1.6338,-0.2795,0.2326,-0.1335
3.149,364,placemove,0.5705,-0.0438,0.1544,-0.0120,0.0311,0.0035,-0.0464,0.0077,-0.1236,0.8535,-1.0140,0.1676,1.000,0.000,-0.0064,0.0307,-0.0120,0.0311,0.0035,0.1398,1,0.7585,-0.3455,0.0408,0,0.00,0.075,0.094,0.000,SHIFT,-0.6656,-0.2167,1.7044,0.1906,-0.3009,-0.1119,0.7417,0.2269,0.0130,1,9.85,0.355,1.188,2.940,SHIFT,0.6767,-0.0885,1.8146,0.1764,0.2718,-0.1327,0.4991,-0.3854,0.0157,1,0.00,0.133,0.145,0.086,SHIFT,-0.2931,-0.0312,1.6057,-0.0677,-0.3394,-0.1445,0.6031,0.2938,0.0242,0,0.00,0.002,0.284,0.023,SHIFT,-0.1671,-0.1407,1.7506,0.0378,0.3392,-0.1253,0.2279,-0.1884,0.0383,0,0.00,0.026,0.141,0.088,SHIFT,-0.2513,-0.1212,1.5961,-0.3389,-0.1417,-0.1282,0.2872,0.1852,0.0374,0,0.00,0.056,0.117,0.105,SHIFT,-0.1961,-0.1608,1.7005,-0.2785,0.2315,-0.1219
3.222,368,placemove,0.5697,-0.0437,0.1507,-0.0045,0.0188,0.0072,-0.0419,0.0081,-0.2798,0.3696,-0.4356,0.2129,1.000,0.000,-0.0071,0.0265,-0.0045,0.0188,0.0072,0.1257,1,0.7603,-0.3444,0.0315,0,0.00,0.014,0.171,0.019,SHIFT,-0.6658,-0.1768,1.6704,0.1908,-0.3013,-0.1188,0.7424,0.2271,0.0238,1,0.00,0.041,0.097,0.101,SHIFT,0.6720,-0.1552,1.8813,0.1769,0.2701,-0.1211,0.5026,-0.3838,0.0201,0,0.00,0.045,0.057,0.106,SHIFT,-0.2903,-0.0979,1.6724,-0.0669,-0.3388,-0.1329,0.6028,0.2950,0.0155,0,0.00,0.017,0.121,0.008,SHIFT,-0.1677,-0.0877,1.7055,0.0379,0.3391,-0.1345,0.2299,-0.1885,0.0388,0,0.00,0.016,0.220,0.049,SHIFT,-0.2502,-0.1665,1.6351,-0.3387,-0.1419,-0.1202,0.2878,0.1848,0.0437,0,0.00,0.003,0.195,0.142,SHIFT,-0.1954,-0.2255,1.7494,-0.2788,0.2315,-0.1107
3.290,372,placemove,0.5690,-0.0441,0.1472,0.0160,0.0090,0.0056,-0.1142,0.0165,-0.1360,-1.1351,-1.7723,-0.3997,1.000,0.000,0.0014,0.0202,0.0160,0.0090,0.0056,0.1300,1,0.7608,-0.3417,0.0140,1,30.51,0.385,2.700,2.940,SHIFT,-0.6627,-0.1314,1.6350,0.1914,-0.3008,-0.1267,0.7430,0.2282,0.0390,0,0.00,0.086,0.078,0.040,SHIFT,0.6700,-0.2219,1.9360,0.1771,0.2696,-0.1100,0.5036,-0.3799,0.0194,0,0.00,0.089,0.767,0.055,SHIFT,-0.2885,-0.1646,1.7390,-0.0660,-0.3375,-0.1213,0.6042,0.2967,0.0200,1,0.00,0.076,0.426,0.156,SHIFT,-0.1726,-0.1030,1.7250,0.0389,0.3380,-0.1318,0.2295,-0.1855,0.0196,0,0.00,0.028,0.308,0.064,SHIFT,-0.2524,-0.1046,1.5828,-0.3388,-0.1414,-0.1311,0.2867,0.1891,0.0395,0,0.00,0.032,0.467,0.046,SHIFT,-0.1985,-0.1902,1.7117,-0.2795,0.2331,-0.1167
3.379,376,placemove,0.5683,-0.0435,0.1446,-0.0008,0.0221,0.0032,-0.0167,0.0450,-0.2067,-0.8514,0.8895,-0.1063,1.000,0.000,0.0051,0.0153,-0.0008,0.0221,0.0032,0.1222,1,0.7588,-0.3416,0.0242,0,0.00,0.005,0.089,0.105,SHIFT,-0.6575,-0.1981,1.7017,0.1918,-0.2985,-0.1152,0.7439,0.2298,0.0386,0,0.00,0.008,0.073,0.032,SHIFT,0.6685,-0.2658,1.9431,0.1787,0.2728,-0.1032,0.5021,-0.3795,0.0347,0,0.00,0.001,0.175,0.002,SHIFT,-0.2869,-0.2312,1.8028,-0.0651,-0.3358,-0.1099,0.6039,0.2933,0.0229,0,0.00,0.010,0.103,0.101,SHIFT,-0.1755,-0.1697,1.7917,0.0392,0.3364,-0.1202,0.2290,-0.1853,0.0204,1,0.00,0.024,0.097,0.105,SHIFT,-0.2535,-0.1127,1.6026,-0.3371,-0.1406,-0.1298,0.2855,0.1898,0.0247,0,0.00,0.015,0.138,0.019,SHIFT,-0.2021,-0.1272,1.6558,-0.2795,0.2342,-0.1277
3.441,380,placemove,0.5685,-0.0429,0.1404,-0.0038,0.0438,-0.0011,0.0831,0.0072,-0.2264,0.8133,2.6206,-0.4830,1.000,0.000,0.0001,0.0204,-0.0038,0.0438,-0.0011,0.1270,1,0.7560,-0.3431,0.0293,0,0.00,0.136,0.211,0.053,SHIFT,-0.6591,-0.2543,1.7346,0.1919,-0.2999,-0.1054,0.7428,0.2308,0.0200,0,0.00,0.047,0.067,0.088,SHIFT,0.6705,-0.2017,1.8846,0.1790,0.2746,-0.1140,0.4982,-0.3825,0.0429,0,0.00,0.173,0.164,0.032,SHIFT,-0.2879,-0.2727,1.8076,-0.0664,-0.3393,-0.1028,0.6029,0.2919,0.0273,0,0.00,0.066,0.194,0.031,SHIFT,-0.1744,-0.2364,1.8464,0.0389,0.3358,-0.1089,0.2284,-0.1840,0.0349,0,0.00,0.155,0.147,0.112,SHIFT,-0.2523,-0.1793,1.6693,-0.3354,-0.1405,-0.1183,0.2836,0.1900,0.0134,1,9.95,0.517,0.940,2.940,SHIFT,-0.1989,-0.0655,1.6067,-0.2793,0.2331,-0.1385
3.523,384,placemove,0.5693,-0.0435,0.1369,0.0218,0.0505,-0.0073,0.0095,-0.0736,-0.2195,2.1017,-0.2199,-0.3809,1.000,0.000,0.0019,0.0342,0.0218,0.0505,-0.0073,0.1201,1,0.7522,-0.3430,0.0166,0,0.00,0.037,0.096,0.015,SHIFT,-0.6641,-0.2487,1.7309,0.1908,-0.3003,-0.1063,0.7425,0.2315,0.0146,1,0.00,0.003,0.080,0.036,SHIFT,0.6763,-0.1813,1.8779,0.1773,0.2738,-0.1173,0.4928,-0.3813,0.0232,0,0.00,0.075,0.145,0.069,SHIFT,-0.2948,-0.2108,1.7499,-0.0685,-0.3407,-0.1133,0.6051,0.2976,0.0395,0,0.00,0.077,0.104,0.026,SHIFT,-0.1692,-0.2802,1.8526,0.0384,0.3397,-0.1016,0.2297,-0.1789,0.0438,0,0.00,0.026,0.097,0.101,SHIFT,-0.2533,-0.2460,1.7360,-0.3331,-0.1396,-0.1069,0.2861,0.1930,0.0275,0,0.00,0.012,0.133,0.100,SHIFT,-0.1978,-0.1321,1.6734,-0.2786,0.2321,-0.1269
3.593,388,placemove,0.5687,-0.0430,0.1355,0.0038,0.0320,-0.0126,-0.0339,0.0858,-0.0886,-1.6015,-0.6470,-0.2456,1.000,0.000,0.0099,0.0359,0.0038,0.0320,-0.0126,0.1170,1,0.7517,-0.3441,0.0180,1,0.00,0.006,0.081,0.024,SHIFT,-0.6647,-0.2314,1.7248,0.1903,-0.2994,-0.1094,0.7449,0.2284,0.0244,0,0.00,0.010,0.103,0.056,SHIFT,0.6785,-0.2465,1.9330,0.1765,0.2731,-0.1063,0.4913,-0.3815,0.0158,1,0.00,0.081,0.129,0.043,SHIFT,-0.2986,-0.1813,1.7312,-0.0692,-0.3399,-0.1184,0.6074,0.2979,0.0355,0,0.00,0.028,0.365,0.002,SHIFT,-0.1658,-0.2754,1.8423,0.0378,0.3408,-0.1024,0.2258,-0.1783,0.0437,0,0.00,0.047,0.278,0.076,SHIFT,-0.2574,-0.2631,1.7118,-0.3385,-0.1400,-0.1034,0.2907,0.1922,0.0298,0,0.00,0.014,0.040,0.107,SHIFT,-0.1990,-0.1988,1.7401,-0.2770,0.2311,-0.1154
3.678,392,placemove,0.5681,-0.0416,0.1327,-0.0160,0.0217,-0.0169,-0.0516,0.0664,-0.1867,-0.1595,-0.4386,0.0205,1.000,0.000,0.0017,0.0301,-0.0160,0.0217,-0.0169,nan,1,0.7514,-0.3464,0.0259,0,0.00,0.242,0.783,0.121,SHIFT,-0.6637,-0.2436,1.7292,0.1908,-0.3000,-0.1072,0.7474,0.2268,0.0202,0,0.00,0.386,0.657,0.044,SHIFT,0.6755,-0.2563,1.9388,0.1772,0.2731,-0.1047,0.4927,-0.3803,0.0315,0,0.00,0.224,0.492,0.168,SHIFT,-0.2932,-0.2480,1.7979,-0.0673,-0.3378,-0.1070,0.6095,0.2989,0.0146,0,44.71,2.940,2.940,2.940,SHIFT,-0.1659,-0.2190,1.7877,0.0382,0.3430,-0.1120,0.2227,-0.1786,0.0298,0,0.00,0.317,0.152,0.092,SHIFT,-0.2558,-0.1964,1.6452,-0.3410,-0.1411,-0.1147,0.2942,0.1910,0.0304,0,0.00,0.413,0.848,0.045,SHIFT,-0.1987,-0.2655,1.8008,-0.2757,0.2298,-0.1040
3.736,396,placemove,0.5677,-0.0413,0.1301,0.0006,0.0292,-0.0144,0.0582,0.0304,-0.1329,0.0738,2.5059,0.2622,1.000,0.000,-0.0023,0.0231,0.0006,0.0292,-0.0144,0.1107,1,0.7519,-0.3447,0.0214,0,0.00,0.085,0.007,0.010,SHIFT,-0.6619,-0.2609,1.7358,0.1915,-0.3006,-0.1042,0.7469,0.2285,0.0213,0,0.00,0.039,0.070,0.003,SHIFT,0.6712,-0.2545,1.9394,0.1779,0.2725,-0.1050,0.4931,-0.3798,0.0327,0,0.00,0.073,0.071,0.035,SHIFT,-0.2897,-0.2945,1.8181,-0.0670,-0.3398,-0.0990,0.6091,0.2985,0.0231,1,0.00,0.059,0.103,0.057,SHIFT,-0.1719,-0.2588,1.8340,0.0391,0.3401,-0.1052,0.2213,-0.1782,0.0148,1,8.18,0.649,1.032,2.940,SHIFT,-0.2525,-0.1364,1.5961,-0.3409,-0.1420,-0.1253,0.2901,0.1954,0.0415,0,0.00,0.087,0.003,0.042,SHIFT,-0.1988,-0.3136,1.8041,-0.2789,0.2327,-0.0955
3.828,400,placemove,0.5684,-0.0406,0.1278,-0.0019,0.0460,-0.0115,-0.0269,0.0138,-0.0279,-0.0421,-0.7696,-0.0606,1.000,0.000,-0.0006,0.0308,-0.0019,0.0460,-0.0115,0.1132,1,0.7510,-0.3435,0.0147,1,6.52,2.589,2.419,1.885,SHIFT,-0.6633,-0.2558,1.7334,0.1911,-0.3006,-0.1051,0.7439,0.2298,0.0143,0,32.22,2.940,2.940,2.940,SHIFT,0.6737,-0.2537,1.9391,0.1775,0.2726,-0.1051,0.4917,-0.3806,0.0244,0,0.00,0.126,0.424,0.047,SHIFT,-0.2929,-0.2367,1.7687,-0.0681,-0.3409,-0.1088,0.6062,0.2986,0.0238,0,0.00,0.035,0.491,0.009,SHIFT,-0.1704,-0.2800,1.8510,0.0387,0.3399,-0.1016,0.2225,-0.1785,0.0292,0,0.00,0.016,0.188,0.116,SHIFT,-0.2525,-0.2030,1.6628,-0.3390,-0.1414,-0.1138,0.2863,0.1957,0.0379,0,0.00,0.084,0.067,0.060,SHIFT,-0.1970,-0.2610,1.7575,-0.2805,0.2335,-0.1044
3.888,404,placemove,0.5668,-0.0410,0.1281,-0.0048,0.0303,-0.0113,-0.0918,0.0465,0.0494,-1.8970,-0.1499,0.1307,1.000,0.000,0.0002,0.0324,-0.0048,0.0303,-0.0113,0.1127,1,0.7508,-0.3438,0.0163,1,0.00,0.053,0.251,0.017,SHIFT,-0.6648,-0.2494,1.7308,0.1907,-0.3004,-0.1062,0.7438,0.2294,0.0163,1,0.00,0.036,0.292,0.015,SHIFT,0.6753,-0.2482,1.9358,0.1771,0.2727,-0.1060,0.4901,-0.3820,0.0130,1,17.82,0.368,0.767,2.940,SHIFT,-0.2973,-0.1782,1.7197,-0.0693,-0.3412,-0.1189,0.6060,0.2982,0.0252,0,0.00,0.010,0.273,0.017,SHIFT,-0.1686,-0.2817,1.8523,0.0383,0.3399,-0.1013,0.2256,-0.1780,0.0346,0,0.00,0.099,0.394,0.080,SHIFT,-0.2531,-0.2697,1.7294,-0.3364,-0.1405,-0.1024,0.2836,0.1966,0.0222,0,0.00,0.079,0.142,0.093,SHIFT,-0.1943,-0.1944,1.6908,-0.2829,0.2347,-0.1158
3.976,408,placemove,0.5663,-0.0405,0.1289,-0.0040,0.0379,-0.0124,0.0191,0.0035,0.0153,0.7153,0.7931,-0.1647,1.000,0.000,-0.0039,0.0299,-0.0040,0.0379,-0.0124,0.1119,1,0.7496,-0.3440,0.0187,0,0.00,0.005,0.027,0.010,SHIFT,-0.6643,-0.2569,1.7336,0.1909,-0.3007,-0.1049,0.7429,0.2292,0.0149,1,0.00,0.010,0.018,0.004,SHIFT,0.6736,-0.2466,1.9358,0.1774,0.2724,-0.1062,0.4899,-0.3803,0.0169,1,0.00,0.076,0.014,0.003,SHIFT,-0.2930,-0.2016,1.7497,-0.0678,-0.3399,-0.1149,0.6051,0.2981,0.0235,0,0.00,0.004,0.023,0.007,SHIFT,-0.1699,-0.2762,1.8503,0.0385,0.3396,-0.1023,0.2219,-0.1784,0.0361,0,0.00,0.017,0.114,0.051,SHIFT,-0.2521,-0.2398,1.6877,-0.3393,-0.1416,-0.1073,0.2822,0.1965,0.0156,1,0.00,0.066,0.115,0.043,SHIFT,-0.1940,-0.1658,1.6732,-0.2824,0.2342,-0.1208
4.095,412,placemove,0.5667,-0.0404,0.1287,0.0015,0.0442,-0.0138,0.0282,0.0126,-0.0174,-0.4789,0.0084,-0.0008,1.000,0.000,-0.0013,0.0344,0.0015,0.0442,-0.0138,0.1144,1,0.7483,-0.3434,0.0142,1,0.00,0.009,0.048,0.015,SHIFT,-0.6654,-0.2525,1.7316,0.1906,-0.3007,-0.1057,0.7426,0.2299,0.0151,0,0.00,0.022,0.016,0.002,SHIFT,0.6752,-0.2449,1.9348,0.1770,0.2725,-0.1065,0.4894,-0.3784,0.0241,0,0.00,0.045,0.205,0.078,SHIFT,-0.2941,-0.2461,1.7845,-0.0680,-0.3395,-0.1073,0.6045,0.3003,0.0168,0,0.00,0.058,0.073,0.100,SHIFT,-0.1663,-0.2152,1.7960,0.0380,0.3413,-0.1126,0.2184,-0.1772,0.0263,0,0.00,0.033,0.107,0.099,SHIFT,-0.2536,-0.1732,1.6211,-0.3417,-0.1419,-0.1187,0.2834,0.1972,0.0237,0,0.00,0.017,0.082,0.077,SHIFT,-0.1938,-0.1735,1.6878,-0.2815,0.2333,-0.1195
4.216,416,placemove,0.5665,-0.0421,0.1327,0.0114,0.0385,-0.0148,0.0637,-0.1195,0.5110,0.0762,0.5245,-0.0710,1.000,0.000,0.0022,0.0357,0.0114,0.0385,-0.0148,0.1153,1,0.7481,-0.3437,0.0144,1,0.00,0.198,0.301,0.024,SHIFT,-0.6659,-0.2446,1.7285,0.1904,-0.3004,-0.1071,0.7432,0.2295,0.0220,1,0.00,0.135,0.107,0.005,SHIFT,0.6769,-0.2476,1.9353,0.1768,0.2728,-0.1061,0.4878,-0.3801,0.0139,0,28.54,2.940,2.940,2.940,SHIFT,-0.2971,-0.1851,1.7296,-0.0691,-0.3406,-0.1177,0.6043,0.3006,0.0144,1,29.68,1.143,2.940,2.940,SHIFT,-0.1630,-0.1668,1.7559,0.0373,0.3418,-0.1209,0.2167,-0.1769,0.0147,0,20.00,2.940,1.219,2.940,SHIFT,-0.2565,-0.1096,1.5606,-0.3429,-0.1415,-0.1298,0.2825,0.1979,0.0153,0,0.00,0.173,0.232,0.105,SHIFT,-0.1924,-0.1068,1.6211,-0.2829,0.2341,-0.1311
4.343,420,placemove,0.5681,-0.0433,0.1415,0.0145,0.0396,-0.0133,0.1065,-0.0803,0.4528,0.1345,-0.1905,0.1041,1.000,0.000,0.0072,0.0358,0.0145,0.0396,-0.0133,0.1152,1,0.7495,-0.3439,0.0203,0,0.00,0.011,0.008,0.004,SHIFT,-0.6651,-0.2355,1.7259,0.1903,-0.2997,-0.1087,0.7442,0.2292,0.0326,0,0.00,0.018,0.035,0.006,SHIFT,0.6778,-0.2562,1.9381,0.1768,0.2733,-0.1047,0.4904,-0.3797,0.0252,1,0.00,0.019,0.065,0.106,SHIFT,-0.2955,-0.2192,1.7683,-0.0682,-0.3389,-0.1119,0.6059,0.2986,0.0277,1,0.00,0.016,0.143,0.099,SHIFT,-0.1663,-0.2021,1.7925,0.0378,0.3403,-0.1148,0.2188,-0.1778,0.0269,1,0.00,0.016,0.140,0.097,SHIFT,-0.2572,-0.1429,1.5940,-0.3423,-0.1411,-0.1240,0.2829,0.1973,0.0168,1,0.00,0.050,0.399,0.093,SHIFT,-0.1941,-0.0692,1.5864,-0.2828,0.2346,-0.1377
4.445,424,placemove,0.5699,-0.0446,0.1475,0.0149,0.0347,-0.0113,0.1065,-0.0795,0.2924,-0.1021,-0.2556,0.1163,1.000,0.000,0.0108,0.0347,0.0149,0.0347,-0.0113,nan,1,0.7525,-0.3443,0.0261,0,0.00,0.022,0.044,0.009,SHIFT,-0.6641,-0.2295,1.7240,0.1904,-0.2993,-0.1097,0.7461,0.2287,0.0412,0,0.00,0.004,0.063,0.009,SHIFT,0.6782,-0.2637,1.9407,0.1768,0.2737,-0.1035,0.4941,-0.3805,0.0413,0,0.00,0.011,0.115,0.050,SHIFT,-0.2953,-0.2743,1.8103,-0.0680,-0.3386,-0.1025,0.6077,0.2952,0.0458,0,0.00,0.002,0.132,0.023,SHIFT,-0.1668,-0.2687,1.8509,0.0377,0.3389,-0.1035,0.2236,-0.1793,0.0429,0,0.00,0.019,0.115,0.101,SHIFT,-0.2580,-0.2096,1.6607,-0.3403,-0.1404,-0.1125,0.2870,0.1954,0.0329,0,0.00,0.031,0.091,0.104,SHIFT,-0.1992,-0.1358,1.6531,-0.2811,0.2347,-0.1261
4.484,428,placemove,0.5717,-0.0460,0.1513,0.0138,0.0380,-0.0094,0.1127,-0.0802,0.1718,0.0534,0.2528,0.1069,1.000,0.000,0.0119,0.0334,0.0138,0.0380,-0.0094,nan,1,0.7548,-0.3452,0.0299,0,0.00,0.003,0.021,0.003,SHIFT,-0.6632,-0.2283,1.7239,0.1906,-0.2991,-0.1100,0.7471,0.2283,0.0395,0,0.00,0.018,0.124,0.032,SHIFT,0.6791,-0.2248,1.9083,0.1769,0.2744,-0.1100,0.4964,-0.3823,0.0468,0,0.00,0.003,0.084,0.002,SHIFT,-0.2949,-0.2746,1.8100,-0.0679,-0.3387,-0.1025,0.6094,0.2960,0.0564,0,0.00,0.008,0.033,0.013,SHIFT,-0.1673,-0.3034,1.8599,0.0382,0.3409,-0.0977,0.2258,-0.1808,0.0436,0,0.00,0.018,0.156,0.008,SHIFT,-0.2597,-0.1685,1.6304,-0.3402,-0.1399,-0.1198,0.2901,0.1922,0.0487,0,0.00,0.005,0.116,0.101,SHIFT,-0.1997,-0.2025,1.7198,-0.2795,0.2335,-0.1146
4.546,432,placemove,0.5737,-0.0474,0.1531,0.0184,0.0477,-0.0075,0.1215,-0.0852,0.0441,0.4652,0.7835,0.0998,1.000,0.000,0.0129,0.0354,0.0184,0.0477,-0.0075,nan,1,0.7561,-0.3457,0.0288,0,0.00,0.008,0.061,0.007,SHIFT,-0.6635,-0.2256,1.7228,0.1904,-0.2990,-0.1104,0.7471,0.2299,0.0298,0,0.00,0.041,0.101,0.097,SHIFT,0.6825,-0.1581,1.8424,0.1770,0.2766,-0.1215,0.4968,-0.3841,0.0385,0,0.00,0.036,0.125,0.046,SHIFT,-0.2976,-0.2107,1.7560,-0.0689,-0.3396,-0.1134,0.6094,0.2961,0.0525,0,0.00,0.031,0.179,0.025,SHIFT,-0.1651,-0.2527,1.8194,0.0378,0.3419,-0.1063,0.2250,-0.1821,0.0366,0,0.00,0.025,0.129,0.095,SHIFT,-0.2616,-0.1019,1.5638,-0.3419,-0.1399,-0.1313,0.2894,0.1916,0.0554,0,0.00,0.014,0.121,0.011,SHIFT,-0.1988,-0.1937,1.6987,-0.2813,0.2347,-0.1160
4.586,436,placemove,0.5758,-0.0488,0.1524,0.0250,0.0602,-0.0055,0.1265,-0.0860,-0.1063,0.2672,0.6333,0.1089,1.000,0.000,0.0166,0.0424,0.0250,0.0602,-0.0055,nan,1,0.7563,-0.3458,0.0202,0,0.00,0.035,0.082,0.065,SHIFT,-0.6659,-0.1960,1.7036,0.1897,-0.2988,-0.1156,0.7457,0.2319,0.0177,0,0.00,0.096,0.105,0.096,SHIFT,0.6899,-0.0915,1.7758,0.1760,0.2786,-0.1331,0.4954,-0.3861,0.0253,0,0.00,0.080,0.103,0.097,SHIFT,-0.3037,-0.1440,1.6894,-0.0709,-0.3412,-0.1248,0.6081,0.2980,0.0429,0,0.00,0.078,0.103,0.097,SHIFT,-0.1592,-0.1860,1.7545,0.0368,0.3444,-0.1176,0.2241,-0.1823,0.0282,0,0.00,0.061,0.097,0.100,SHIFT,-0.2656,-0.0352,1.4971,-0.3429,-0.1391,-0.1430,0.2877,0.1914,0.0492,0,0.00,0.021,0.098,0.099,SHIFT,-0.1969,-0.1270,1.6333,-0.2828,0.2355,-0.1275
4.677,440,placemove,0.5761,-0.0494,0.1537,0.0198,0.0521,-0.0049,-0.0315,0.0670,0.1598,-1.6039,-0.2018,0.0607,1.000,0.000,0.0215,0.0474,0.0198,0.0521,-0.0049,0.1362,1,0.7566,-0.3463,0.0166,1,0.00,0.076,0.084,0.079,SHIFT,-0.6686,-0.1783,1.6935,0.1889,-0.2985,-0.1187,0.7465,0.2302,0.0174,1,0.00,0.077,0.091,0.092,SHIFT,0.6880,-0.0975,1.7884,0.1760,0.2774,-0.1319,0.4950,-0.3864,0.0147,1,9.93,0.795,0.905,2.940,SHIFT,-0.3100,-0.0788,1.6365,-0.0721,-0.3402,-0.1362,0.6071,0.2990,0.0319,0,0.00,0.104,0.190,0.014,SHIFT,-0.1527,-0.1193,1.6916,0.0355,0.3458,-0.1292,0.2246,-0.1824,0.0159,0,0.00,0.115,0.186,0.109,SHIFT,-0.2699,0.0230,1.4394,-0.3431,-0.1381,-0.1531,0.2869,0.1910,0.0366,0,0.00,0.133,0.182,0.120,SHIFT,-0.1957,-0.0640,1.5685,-0.2840,0.2361,-0.1385
4.748,444,placemove,0.5754,-0.0483,0.1546,0.0027,0.0415,-0.0059,-0.0521,0.0446,0.0315,-0.1556,-0.5557,0.0680,1.000,0.000,0.0158,0.0453,0.0027,0.0415,-0.0059,nan,1,0.7578,-0.3476,0.0311,0,0.00,0.075,0.748,0.112,SHIFT,-0.6674,-0.2042,1.7131,0.1892,-0.2985,-0.1142,0.7480,0.2269,0.0262,0,0.00,0.238,0.726,0.063,SHIFT,0.6848,-0.1641,1.8551,0.1761,0.2757,-0.1203,0.4979,-0.3872,0.0306,0,0.00,0.022,0.498,0.169,SHIFT,-0.3022,-0.1455,1.7032,-0.0700,-0.3395,-0.1246,0.6069,0.2984,0.0148,0,43.68,0.359,2.940,2.940,SHIFT,-0.1508,-0.0603,1.6343,0.0352,0.3465,-0.1394,0.2257,-0.1843,0.0168,0,0.00,0.034,0.078,0.023,SHIFT,-0.2676,0.0157,1.4485,-0.3428,-0.1385,-0.1519,0.2867,0.1898,0.0209,0,0.00,0.176,0.905,0.140,SHIFT,-0.1942,-0.0147,1.5211,-0.2843,0.2359,-0.1471
4.819,448,placemove,0.5744,-0.0484,0.1547,0.0206,0.0280,-0.0027,-0.0596,-0.0129,-0.0617,0.9702,-0.8037,0.1428,1.000,0.000,0.0126,0.0383,0.0206,0.0280,-0.0027,0.1270,1,0.7598,-0.3459,0.0320,0,0.00,0.045,0.087,0.016,SHIFT,-0.6657,-0.2194,1.7198,0.1898,-0.2990,-0.1115,0.7482,0.2267,0.0445,0,0.00,0.029,0.079,0.096,SHIFT,0.6811,-0.2308,1.9215,0.1760,0.2733,-0.1089,0.5014,-0.3841,0.0361,0,0.00,0.052,0.118,0.100,SHIFT,-0.2977,-0.2122,1.7698,-0.0684,-0.3378,-0.1131,0.6094,0.2988,0.0256,1,0.00,0.096,0.095,0.106,SHIFT,-0.1631,-0.0966,1.6765,0.0378,0.3447,-0.1331,0.2281,-0.1839,0.0159,0,0.00,0.040,0.106,0.036,SHIFT,-0.2634,-0.0183,1.4887,-0.3416,-0.1393,-0.1460,0.2879,0.1903,0.0236,0,0.00,0.037,0.121,0.030,SHIFT,-0.1949,-0.0355,1.5502,-0.2831,0.2352,-0.1436
4.878,452,placemove,0.5734,-0.0488,0.1526,0.0296,0.0248,0.0009,-0.0554,-0.0188,-0.1807,0.3729,-0.1910,0.2080,1.000,0.000,0.0181,0.0305,0.0296,0.0248,0.0009,0.1345,1,0.7612,-0.3440,0.0285,0,0.00,0.049,0.054,0.006,SHIFT,-0.6618,-0.2214,1.7218,0.1907,-0.2986,-0.1112,0.7480,0.2284,0.0545,0,0.00,0.018,0.090,0.026,SHIFT,0.6780,-0.2763,1.9448,0.1771,0.2743,-0.1015,0.5029,-0.3834,0.0375,0,0.00,0.006,0.274,0.018,SHIFT,-0.2955,-0.2404,1.7910,-0.0678,-0.3379,-0.1083,0.6090,0.2980,0.0390,0,0.00,0.030,0.180,0.095,SHIFT,-0.1675,-0.1633,1.7432,0.0386,0.3431,-0.1215,0.2295,-0.1846,0.0173,1,0.00,0.054,0.062,0.107,SHIFT,-0.2602,-0.0598,1.5349,-0.3404,-0.1398,-0.1389,0.2883,0.1906,0.0283,0,0.00,0.060,0.059,0.056,SHIFT,-0.2002,-0.0660,1.5837,-0.2818,0.2357,-0.1382
4.946,456,placemove,0.5725,-0.0491,0.1483,0.0339,0.0219,0.0048,-0.0533,-0.0185,-0.3247,0.2164,-0.2820,0.2174,1.000,0.000,0.0238,0.0253,0.0339,0.0219,0.0048,nan,1,0.7623,-0.3422,0.0213,0,0.00,0.037,0.336,0.016,SHIFT,-0.6587,-0.2028,1.7106,0.1912,-0.2979,-0.1144,0.7470,0.2298,0.0550,0,0.00,0.003,0.015,0.015,SHIFT,0.6764,-0.2914,1.9495,0.1777,0.2750,-0.0992,0.5028,-0.3845,0.0209,0,0.00,0.000,0.152,0.092,SHIFT,-0.2959,-0.1737,1.7289,-0.0684,-0.3395,-0.1197,0.6075,0.2957,0.0480,0,0.00,0.004,0.138,0.099,SHIFT,-0.1695,-0.2299,1.8098,0.0386,0.3407,-0.1101,0.2307,-0.1857,0.0233,0,0.00,0.001,0.115,0.099,SHIFT,-0.2607,-0.1265,1.6016,-0.3394,-0.1394,-0.1272,0.2878,0.1906,0.0259,0,0.00,0.042,0.060,0.006,SHIFT,-0.2051,-0.0709,1.5889,-0.2809,0.2365,-0.1374
5.005,460,placemove,0.5714,-0.0478,0.1440,0.0118,0.0175,0.0041,-0.0775,0.1494,-0.2552,-1.4911,0.0680,-0.2450,1.000,0.000,0.0246,0.0205,0.0118,0.0175,0.0041,0.1266,1,0.7622,-0.3426,0.0157,1,0.00,0.002,0.032,0.045,SHIFT,-0.6564,-0.1729,1.6924,0.1915,-0.2970,-0.1197,0.7467,0.2304,0.0380,0,0.00,0.020,0.167,0.026,SHIFT,0.6764,-0.2326,1.8986,0.1783,0.2763,-0.1090,0.5029,-0.3849,0.0155,1,0.00,0.135,0.069,0.048,SHIFT,-0.2941,-0.1504,1.7193,-0.0676,-0.3383,-0.1238,0.6072,0.2960,0.0423,0,0.00,0.022,0.200,0.016,SHIFT,-0.1700,-0.2434,1.8076,0.0391,0.3425,-0.1078,0.2323,-0.1867,0.0312,0,0.00,0.006,0.099,0.105,SHIFT,-0.2613,-0.1932,1.6682,-0.3377,-0.1388,-0.1157,0.2879,0.1895,0.0151,0,0.00,0.035,0.041,0.007,SHIFT,-0.2082,-0.0673,1.5873,-0.2802,0.2368,-0.1380
5.096,464,placemove,0.5716,-0.0461,0.1397,0.0060,0.0404,-0.0014,0.0227,0.0943,-0.3171,-0.5870,1.4109,-0.3156,1.000,0.000,0.0162,0.0224,0.0060,0.0404,-0.0014,0.1206,1,0.7587,-0.3437,0.0202,0,0.00,0.048,0.126,0.048,SHIFT,-0.6573,-0.2261,1.7247,0.1917,-0.2982,-0.1104,0.7462,0.2327,0.0168,0,0.00,0.012,0.103,0.094,SHIFT,0.6769,-0.1659,1.8320,0.1790,0.2785,-0.1204,0.5006,-0.3822,0.0267,0,0.00,0.021,0.111,0.104,SHIFT,-0.2909,-0.2171,1.7859,-0.0663,-0.3365,-0.1123,0.6066,0.2990,0.0237,0,0.00,0.019,0.119,0.094,SHIFT,-0.1690,-0.1767,1.7420,0.0392,0.3448,-0.1192,0.2302,-0.1844,0.0440,0,0.00,0.007,0.113,0.047,SHIFT,-0.2596,-0.2360,1.7004,-0.3376,-0.1392,-0.1082,0.2873,0.1904,0.0178,1,0.00,0.048,0.054,0.109,SHIFT,-0.2055,-0.0943,1.6219,-0.2795,0.2354,-0.1334
5.159,468,placemove,0.5708,-0.0457,0.1363,0.0263,0.0295,-0.0050,-0.1307,0.0132,-0.1074,0.7432,-1.1461,-0.1580,1.000,0.000,0.0147,0.0284,0.0263,0.0295,-0.0050,0.1147,1,0.7571,-0.3428,0.0140,0,27.49,2.172,2.940,2.100,SHIFT,-0.6603,-0.2335,1.7259,0.1913,-0.2991,-0.1090,0.7470,0.2327,0.0195,1,0.00,0.345,0.360,0.111,SHIFT,0.6765,-0.1856,1.8640,0.1782,0.2762,-0.1168,0.4988,-0.3808,0.0263,0,0.00,0.042,0.063,0.035,SHIFT,-0.2927,-0.2666,1.8092,-0.0672,-0.3381,-0.1038,0.6072,0.3036,0.0147,0,37.93,2.350,2.940,2.940,SHIFT,-0.1638,-0.1154,1.6827,0.0382,0.3462,-0.1298,0.2278,-0.1808,0.0273,0,0.00,0.135,0.020,0.087,SHIFT,-0.2600,-0.1786,1.6453,-0.3392,-0.1396,-0.1181,0.2896,0.1926,0.0281,0,0.00,0.295,0.383,0.067,SHIFT,-0.2027,-0.1610,1.6886,-0.2788,0.2339,-0.1218
5.260,472,placemove,0.5689,-0.0464,0.1369,0.0281,0.0217,-0.0060,0.0192,0.0220,0.1088,-0.7965,1.4386,0.0477,1.000,0.000,0.0217,0.0230,0.0281,0.0217,-0.0060,0.1203,1,0.7564,-0.3426,0.0138,1,3.42,2.022,1.009,0.530,SHIFT,-0.6578,-0.2249,1.7237,0.1916,-0.2983,-0.1106,0.7463,0.2297,0.0347,0,0.00,0.119,0.096,0.083,SHIFT,0.6751,-0.2523,1.9307,0.1776,0.2737,-0.1055,0.4976,-0.3805,0.0229,0,0.00,0.033,0.152,0.001,SHIFT,-0.2923,-0.2582,1.8060,-0.0670,-0.3378,-0.1053,0.6076,0.3016,0.0215,1,0.00,0.105,0.151,0.082,SHIFT,-0.1681,-0.1531,1.7257,0.0389,0.3444,-0.1233,0.2261,-0.1792,0.0133,1,14.98,2.839,0.034,2.940,SHIFT,-0.2641,-0.1273,1.6048,-0.3393,-0.1385,-0.1271,0.2913,0.1915,0.0371,0,0.00,0.201,0.250,0.096,SHIFT,-0.2052,-0.2277,1.7553,-0.2768,0.2328,-0.1104
5.322,476,placemove,0.5693,-0.0460,0.1371,0.0180,0.0340,-0.0049,0.0462,0.0337,-0.0182,-0.6160,0.8722,0.3270,1.000,0.000,0.0217,0.0234,0.0180,0.0340,-0.0049,0.1228,1,0.7554,-0.3429,0.0143,1,1.74,0.281,0.140,0.493,SHIFT,-0.6572,-0.2226,1.7237,0.1917,-0.2980,-0.1110,0.7457,0.2295,0.0380,0,0.00,0.002,0.035,0.019,SHIFT,0.6747,-0.2943,1.9520,0.1781,0.2747,-0.0987,0.4965,-0.3813,0.0230,0,0.00,0.010,0.117,0.030,SHIFT,-0.2927,-0.2225,1.7792,-0.0672,-0.3379,-0.1114,0.6068,0.2984,0.0293,0,0.00,0.026,0.086,0.102,SHIFT,-0.1703,-0.2198,1.7924,0.0391,0.3422,-0.1118,0.2266,-0.1804,0.0268,0,0.00,0.029,0.100,0.102,SHIFT,-0.2627,-0.1758,1.6518,-0.3382,-0.1386,-0.1187,0.2891,0.1921,0.0481,0,0.00,0.022,0.191,0.038,SHIFT,-0.2061,-0.2687,1.7651,-0.2788,0.2349,-0.1031
5.382,480,placemove,0.5700,-0.0452,0.1364,0.0087,0.0458,-0.0001,0.0323,0.0633,-0.0918,-0.5889,0.5111,0.2556,1.000,0.000,0.0167,0.0302,0.0087,0.0458,-0.0001,0.1221,1,0.7557,-0.3427,0.0143,1,2.66,0.599,0.051,0.583,SHIFT,-0.6601,-0.2233,1.7232,0.1911,-0.2984,-0.1109,0.7432,0.2301,0.0315,0,0.00,0.031,0.077,0.009,SHIFT,0.6765,-0.2847,1.9483,0.1775,0.2745,-0.1002,0.4957,-0.3836,0.0151,0,0.00,0.000,0.054,0.102,SHIFT,-0.2971,-0.1558,1.7126,-0.0688,-0.3397,-0.1228,0.6034,0.2988,0.0221,0,0.00,0.079,0.141,0.079,SHIFT,-0.1657,-0.1855,1.7598,0.0382,0.3433,-0.1177,0.2251,-0.1826,0.0222,0,0.00,0.055,0.081,0.103,SHIFT,-0.2630,-0.1120,1.5895,-0.3395,-0.1389,-0.1298,0.2844,0.1919,0.0386,0,0.00,0.088,0.129,0.098,SHIFT,-0.2027,-0.2023,1.6991,-0.2813,0.2361,-0.1144
5.454,484,placemove,0.5712,-0.0435,0.1385,-0.0095,0.0504,0.0005,0.0781,0.1228,0.2291,0.4918,0.0124,0.0108,1.000,0.000,0.0061,0.0377,-0.0095,0.0504,0.0005,0.1207,1,0.7559,-0.3441,0.0219,1,0.00,0.141,0.326,0.061,SHIFT,-0.6646,-0.2305,1.7242,0.1903,-0.2994,-0.1096,0.7423,0.2309,0.0174,0,0.00,0.021,0.202,0.125,SHIFT,0.6803,-0.2237,1.8960,0.1773,0.2761,-0.1104,0.4959,-0.3833,0.0155,1,0.00,0.036,0.416,0.025,SHIFT,-0.2996,-0.1246,1.6966,-0.0689,-0.3381,-0.1283,0.6021,0.2994,0.0141,1,5.91,0.157,2.940,2.326,SHIFT,-0.1617,-0.1754,1.7474,0.0374,0.3441,-0.1195,0.2243,-0.1849,0.0168,0,0.00,0.129,0.272,0.071,SHIFT,-0.2606,-0.0454,1.5229,-0.3402,-0.1397,-0.1414,0.2812,0.1909,0.0255,0,0.00,0.156,0.087,0.125,SHIFT,-0.1955,-0.1355,1.6323,-0.2839,0.2360,-0.1260
5.570,488,placemove,0.5720,-0.0427,0.1417,0.0007,0.0426,0.0019,0.0142,-0.0266,0.1755,0.6385,-0.5473,0.1153,1.000,0.000,-0.0003,0.0409,0.0007,0.0426,0.0019,0.1203,1,0.7574,-0.3427,0.0253,0,0.00,0.019,0.040,0.009,SHIFT,-0.6678,-0.2393,1.7264,0.1898,-0.3003,-0.1080,0.7432,0.2335,0.0166,1,0.00,0.100,0.105,0.055,SHIFT,0.6808,-0.1927,1.8757,0.1770,0.2757,-0.1155,0.4996,-0.3796,0.0265,0,0.00,0.018,0.100,0.101,SHIFT,-0.2966,-0.1911,1.7632,-0.0677,-0.3365,-0.1168,0.6038,0.2981,0.0260,1,0.00,0.022,0.096,0.105,SHIFT,-0.1646,-0.2174,1.8039,0.0374,0.3404,-0.1122,0.2245,-0.1846,0.0159,1,0.00,0.066,0.018,0.009,SHIFT,-0.2555,-0.0572,1.5213,-0.3417,-0.1414,-0.1391,0.2803,0.1924,0.0177,0,0.00,0.038,0.197,0.001,SHIFT,-0.1897,-0.0689,1.5701,-0.2853,0.2353,-0.1376
5.677,492,placemove,0.5719,-0.0430,0.1431,0.0134,0.0349,0.0050,-0.0114,-0.0180,0.0160,0.8450,-0.7194,0.1896,1.000,0.000,0.0024,0.0384,0.0134,0.0349,0.0050,0.1245,1,0.7591,-0.3411,0.0249,0,0.00,0.037,0.013,0.002,SHIFT,-0.6671,-0.2396,1.7267,0.1900,-0.3002,-0.1079,0.7433,0.2324,0.0323,0,0.00,0.011,0.055,0.038,SHIFT,0.6786,-0.2408,1.9282,0.1766,0.2732,-0.1072,0.5022,-0.3779,0.0349,0,0.00,0.030,0.069,0.026,SHIFT,-0.2958,-0.2577,1.8141,-0.0674,-0.3363,-0.1054,0.6043,0.2981,0.0428,0,0.00,0.010,0.148,0.057,SHIFT,-0.1657,-0.2760,1.8493,0.0376,0.3399,-0.1023,0.2272,-0.1845,0.0250,0,0.00,0.022,0.053,0.108,SHIFT,-0.2543,-0.1238,1.5879,-0.3406,-0.1414,-0.1275,0.2832,0.1913,0.0172,1,0.00,0.157,0.052,0.040,SHIFT,-0.1935,-0.0697,1.5891,-0.2826,0.2342,-0.1376
5.752,496,placemove,0.5717,-0.0433,0.1421,0.0233,0.0238,0.0082,-0.0099,-0.0152,-0.1224,0.3695,-0.6109,0.1699,1.000,0.000,0.0101,0.0322,0.0233,0.0238,0.0082,nan,1,0.7616,-0.3389,0.0221,0,0.00,0.066,0.021,0.007,SHIFT,-0.6639,-0.2340,1.7257,0.1905,-0.2995,-0.1090,0.7440,0.2338,0.0399,0,0.00,0.005,0.099,0.020,SHIFT,0.6773,-0.2618,1.9400,0.1770,0.2736,-0.1038,0.5035,-0.3805,0.0322,0,0.00,0.007,0.174,0.072,SHIFT,-0.2952,-0.2552,1.7934,-0.0682,-0.3391,-0.1057,0.6049,0.2998,0.0502,0,0.00,0.013,0.085,0.020,SHIFT,-0.1675,-0.2979,1.8578,0.0382,0.3407,-0.0986,0.2307,-0.1838,0.0303,0,0.00,0.028,0.076,0.105,SHIFT,-0.2567,-0.1905,1.6546,-0.3390,-0.1404,-0.1160,0.2859,0.1918,0.0273,0,0.00,0.043,0.117,0.101,SHIFT,-0.1992,-0.1363,1.6558,-0.2808,0.2345,-0.1260
5.795,500,placemove,0.5716,-0.0435,0.1387,0.0274,0.0204,0.0115,-0.0058,-0.0135,-0.2680,0.2008,0.1054,0.1949,1.000,0.000,0.0171,0.0249,0.0274,0.0204,0.0115,nan,1,0.7637,-0.3371,0.0177,0,0.00,0.064,0.004,0.003,SHIFT,-0.6597,-0.2296,1.7254,0.1913,-0.2987,-0.1097,0.7443,0.2352,0.0423,0,0.00,0.010,0.089,0.018,SHIFT,0.6752,-0.2827,1.9480,0.1778,0.2743,-0.1005,0.5041,-0.3821,0.0158,0,0.00,0.018,0.134,0.093,SHIFT,-0.2951,-0.1885,1.7280,-0.0688,-0.3414,-0.1171,0.6049,0.3007,0.0517,0,0.00,0.016,0.065,0.015,SHIFT,-0.1701,-0.3147,1.8632,0.0389,0.3414,-0.0958,0.2318,-0.1836,0.0263,0,0.00,0.030,0.161,0.051,SHIFT,-0.2602,-0.1819,1.6500,-0.3390,-0.1394,-0.1175,0.2879,0.1904,0.0353,0,0.00,0.031,0.120,0.101,SHIFT,-0.2033,-0.2030,1.7225,-0.2787,0.2339,-0.1145
5.870,504,placemove,0.5718,-0.0425,0.1351,-0.0010,0.0291,0.0109,0.0178,0.0759,-0.2629,-1.4330,0.5746,-0.0325,1.000,0.000,0.0152,0.0229,-0.0010,0.0291,0.0109,0.1133,1,0.7635,-0.3390,0.0202,0,0.00,0.026,0.080,0.014,SHIFT,-0.6582,-0.2317,1.7266,0.1917,-0.2986,-0.1094,0.7439,0.2343,0.0280,0,0.00,0.007,0.145,0.071,SHIFT,0.6745,-0.2581,1.9261,0.1782,0.2749,-0.1046,0.5047,-0.3825,0.0198,1,0.00,0.037,0.099,0.107,SHIFT,-0.2920,-0.1975,1.7527,-0.0673,-0.3390,-0.1156,0.6046,0.2994,0.0401,0,0.00,0.021,0.076,0.007,SHIFT,-0.1716,-0.3174,1.8639,0.0392,0.3415,-0.0953,0.2293,-0.1857,0.0173,0,0.00,0.005,0.085,0.100,SHIFT,-0.2617,-0.1153,1.5835,-0.3407,-0.1395,-0.1291,0.2881,0.1883,0.0384,0,0.00,0.014,0.071,0.111,SHIFT,-0.2044,-0.2575,1.7609,-0.2787,0.2342,-0.1051
5.946,508,placemove,0.5733,-0.0416,0.1319,-0.0105,0.0519,0.0081,0.1040,-0.0069,-0.0404,1.3927,-0.1882,0.0022,1.000,0.000,0.0025,0.0301,-0.0105,0.0519,0.0081,0.1180,1,0.7611,-0.3412,0.0190,0,0.00,0.111,0.219,0.057,SHIFT,-0.6619,-0.2449,1.7302,0.1912,-0.2998,-0.1070,0.7432,0.2347,0.0117,1,31.51,1.507,2.940,2.940,SHIFT,0.6765,-0.2365,1.9029,0.1782,0.2762,-0.1083,0.5038,-0.3811,0.0345,0,0.00,0.097,0.440,0.071,SHIFT,-0.2918,-0.2641,1.8100,-0.0669,-0.3378,-0.1043,0.6036,0.2988,0.0233,0,0.00,0.188,0.585,0.026,SHIFT,-0.1695,-0.2678,1.8302,0.0388,0.3417,-0.1037,0.2287,-0.1864,0.0153,1,0.00,0.010,0.779,0.019,SHIFT,-0.2561,-0.0824,1.5656,-0.3387,-0.1404,-0.1350,0.2847,0.1890,0.0293,0,0.00,0.139,0.046,0.064,SHIFT,-0.1986,-0.1949,1.7017,-0.2811,0.2345,-0.1158
6.064,512,placemove,0.5747,-0.0415,0.1302,0.0005,0.0481,0.0080,0.0344,0.0512,-0.1096,-0.2018,-0.4927,-0.1874,1.000,0.000,-0.0006,0.0389,0.0005,0.0481,0.0080,0.1157,1,0.7618,-0.3402,0.0140,1,5.59,0.816,0.893,2.305,SHIFT,-0.6667,-0.2447,1.7294,0.1901,-0.3003,-0.1071,0.7436,0.2328,0.0152,1,0.00,0.041,0.021,0.002,SHIFT,0.6775,-0.2421,1.9314,0.1767,0.2728,-0.1070,0.5045,-0.3818,0.0354,0,0.00,0.046,0.040,0.023,SHIFT,-0.2948,-0.2995,1.8189,-0.0683,-0.3398,-0.0982,0.6039,0.3030,0.0154,0,0.00,0.027,0.105,0.103,SHIFT,-0.1628,-0.2011,1.7640,0.0377,0.3446,-0.1150,0.2326,-0.1851,0.0221,0,0.00,0.091,0.156,0.090,SHIFT,-0.2535,-0.1491,1.6322,-0.3373,-0.1407,-0.1234,0.2835,0.1905,0.0188,0,0.00,0.083,0.062,0.112,SHIFT,-0.1916,-0.1282,1.6350,-0.2836,0.2345,-0.1273
6.164,516,placemove,0.5751,-0.0424,0.1334,0.0074,0.0464,0.0085,0.0332,-0.0795,0.2020,0.1099,-0.2433,0.0429,1.000,0.000,0.0017,0.0414,0.0074,0.0464,0.0085,0.1138,1,0.7621,-0.3403,0.0143,1,0.00,0.011,0.063,0.017,SHIFT,-0.6680,-0.2397,1.7263,0.1898,-0.3004,-0.1079,0.7439,0.2327,0.0197,1,0.00,0.032,0.014,0.002,SHIFT,0.6793,-0.2417,1.9324,0.1762,0.2728,-0.1070,0.5032,-0.3834,0.0261,0,0.00,0.038,0.116,0.093,SHIFT,-0.2990,-0.2343,1.7591,-0.0699,-0.3416,-0.1092,0.6047,0.3021,0.0194,1,0.00,0.001,0.109,0.102,SHIFT,-0.1642,-0.2136,1.7842,0.0378,0.3429,-0.1129,0.2357,-0.1843,0.0344,0,0.00,0.004,0.100,0.102,SHIFT,-0.2542,-0.2157,1.6989,-0.3353,-0.1400,-0.1120,0.2845,0.1903,0.0202,1,0.00,0.029,0.113,0.100,SHIFT,-0.1925,-0.1338,1.6457,-0.2828,0.2340,-0.1264
6.323,520,placemove,0.5757,-0.0437,0.1352,0.0098,0.0425,0.0091,0.0343,-0.0802,0.0431,0.2750,-0.2597,0.0120,1.000,0.000,0.0047,0.0410,0.0098,0.0425,0.0091,0.1200,1,0.7631,-0.3409,0.0153,1,0.00,0.013,0.005,0.003,SHIFT,-0.6676,-0.2332,1.7243,0.1897,-0.3000,-0.1091,0.7447,0.2320,0.0238,0,0.00,0.008,0.006,0.003,SHIFT,0.6800,-0.2466,1.9341,0.1762,0.2731,-0.1063,0.5022,-0.3864,0.0159,0,0.00,0.045,0.144,0.091,SHIFT,-0.3030,-0.1676,1.6925,-0.0714,-0.3435,-0.1207,0.6056,0.2984,0.0332,0,0.00,0.009,0.102,0.086,SHIFT,-0.1644,-0.2722,1.8419,0.0374,0.3406,-0.1030,0.2393,-0.1849,0.0463,0,0.00,0.009,0.130,0.027,SHIFT,-0.2552,-0.2824,1.7572,-0.3338,-0.1393,-0.1005,0.2876,0.1882,0.0332,0,0.00,0.003,0.155,0.056,SHIFT,-0.1944,-0.2005,1.7114,-0.2811,0.2332,-0.1149
6.388,524,placemove,0.5766,-0.0432,0.1369,-0.0067,0.0560,0.0092,0.0594,0.0552,0.0498,-0.8791,1.2074,0.0269,1.000,0.000,0.0033,0.0417,-0.0067,0.0560,0.0092,0.1133,1,0.7630,-0.3420,0.0191,0,0.00,0.032,0.015,0.004,SHIFT,-0.6676,-0.2329,1.7242,0.1897,-0.3000,-0.1091,0.7442,0.2309,0.0201,0,0.00,0.016,0.073,0.006,SHIFT,0.6800,-0.2467,1.9341,0.1762,0.2731,-0.1062,0.5032,-0.3868,0.0213,1,0.00,0.058,0.078,0.108,SHIFT,-0.2986,-0.1737,1.7102,-0.0699,-0.3420,-0.1197,0.6043,0.2975,0.0225,0,0.00,0.014,0.161,0.027,SHIFT,-0.1622,-0.2175,1.8001,0.0370,0.3411,-0.1122,0.2346,-0.1874,0.0614,0,0.00,0.008,0.183,0.001,SHIFT,-0.2557,-0.3116,1.7401,-0.3390,-0.1406,-0.0948,0.2860,0.1874,0.0313,0,0.00,0.021,0.135,0.010,SHIFT,-0.1930,-0.1649,1.6741,-0.2824,0.2339,-0.1210
6.476,528,placemove,0.5778,-0.0430,0.1375,-0.0015,0.0705,0.0062,0.0666,-0.0350,0.0251,1.1235,0.5527,-0.2992,1.000,0.000,-0.0029,0.0505,-0.0015,0.0705,0.0062,0.1203,1,0.7608,-0.3427,0.0171,0,0.00,0.051,0.016,0.001,SHIFT,-0.6715,-0.2351,1.7237,0.1890,-0.3006,-0.1087,0.7433,0.2303,0.0157,1,0.00,0.040,0.089,0.016,SHIFT,0.6823,-0.2290,1.9270,0.1754,0.2725,-0.1091,0.5032,-0.3839,0.0342,0,0.00,0.032,0.115,0.099,SHIFT,-0.2991,-0.2404,1.7768,-0.0693,-0.3397,-0.1082,0.6033,0.2979,0.0162,1,0.00,0.083,0.124,0.044,SHIFT,-0.1596,-0.1941,1.7846,0.0364,0.3408,-0.1162,0.2312,-0.1870,0.0581,0,0.00,0.011,0.099,0.051,SHIFT,-0.2550,-0.2505,1.6827,-0.3413,-0.1414,-0.1052,0.2833,0.1883,0.0255,0,0.00,0.098,0.098,0.099,SHIFT,-0.1863,-0.0982,1.6075,-0.2846,0.2336,-0.1326
6.548,532,placemove,0.5787,-0.0431,0.1375,-0.0007,0.0696,0.0041,0.0509,0.0095,-0.0367,-0.5235,-0.1935,-0.0537,1.000,0.000,-0.0006,0.0582,-0.0007,0.0696,0.0041,0.1231,1,0.7598,-0.3428,0.0143,1,0.00,0.016,0.006,0.008,SHIFT,-0.6750,-0.2252,1.7191,0.1880,-0.3005,-0.1105,0.7439,0.2302,0.0155,0,0.00,0.041,0.078,0.008,SHIFT,0.6865,-0.2211,1.9229,0.1745,0.2726,-0.1103,0.5026,-0.3830,0.0386,0,0.00,0.072,0.159,0.034,SHIFT,-0.3042,-0.2582,1.7866,-0.0706,-0.3397,-0.1052,0.6054,0.2963,0.0292,0,0.00,0.028,0.072,0.064,SHIFT,-0.1580,-0.2592,1.8425,0.0358,0.3395,-0.1051,0.2284,-0.1861,0.0467,0,0.00,0.031,0.133,0.095,SHIFT,-0.2573,-0.1838,1.6160,-0.3439,-0.1415,-0.1166,0.2825,0.1890,0.0153,0,0.00,0.040,0.055,0.103,SHIFT,-0.1817,-0.0316,1.5409,-0.2859,0.2333,-0.1442
6.632,536,placemove,0.5805,-0.0428,0.1393,-0.0012,0.0739,0.0042,0.1125,0.0123,0.0710,-0.0417,0.0641,-0.0030,1.000,0.000,-0.0008,0.0623,-0.0012,0.0739,0.0042,0.1227,1,0.7604,-0.3427,0.0146,1,0.00,0.010,0.042,0.008,SHIFT,-0.6769,-0.2197,1.7165,0.1875,-0.3005,-0.1115,0.7445,0.2304,0.0153,1,0.00,0.028,0.004,0.003,SHIFT,0.6888,-0.2166,1.9206,0.1740,0.2726,-0.1111,0.5009,-0.3847,0.0301,0,0.00,0.056,0.083,0.099,SHIFT,-0.3103,-0.1915,1.7204,-0.0727,-0.3417,-0.1166,0.6060,0.2972,0.0298,0,0.00,0.067,0.076,0.022,SHIFT,-0.1546,-0.2428,1.8284,0.0350,0.3399,-0.1079,0.2270,-0.1859,0.0385,0,0.00,0.004,0.086,0.100,SHIFT,-0.2591,-0.1171,1.5494,-0.3457,-0.1415,-0.1281,0.2841,0.1892,0.0182,1,0.00,0.033,0.089,0.103,SHIFT,-0.1835,-0.0516,1.5619,-0.2854,0.2334,-0.1407
6.703,540,placemove,0.5815,-0.0424,0.1396,-0.0020,0.0743,0.0028,-0.0029,0.0005,0.0010,0.0232,-0.1153,0.0088,1.000,0.000,-0.0012,0.0653,-0.0020,0.0743,0.0028,0.1249,1,0.7607,-0.3427,0.0146,1,2.15,0.517,0.436,0.169,SHIFT,-0.6784,-0.2167,1.7149,0.1872,-0.3005,-0.1120,0.7456,0.2303,0.0147,1,3.89,0.736,0.076,0.770,SHIFT,0.6906,-0.2123,1.9188,0.1736,0.2725,-0.1117,0.4990,-0.3858,0.0196,0,0.00,0.043,0.100,0.101,SHIFT,-0.3159,-0.1248,1.6537,-0.0745,-0.3431,-0.1281,0.6058,0.2987,0.0188,0,0.00,0.035,0.089,0.093,SHIFT,-0.1489,-0.1761,1.7679,0.0340,0.3416,-0.1193,0.2264,-0.1852,0.0277,0,0.00,0.018,0.202,0.093,SHIFT,-0.2597,-0.0524,1.4890,-0.3460,-0.1415,-0.1395,0.2873,0.1895,0.0301,0,0.00,0.017,0.077,0.104,SHIFT,-0.1841,-0.1182,1.6286,-0.2845,0.2329,-0.1291
6.781,544,placemove,0.5819,-0.0427,0.1419,0.0045,0.0709,0.0027,0.0469,-0.0198,0.2311,0.2723,0.0234,-0.0012,1.000,0.000,-0.0004,0.0654,0.0045,0.0709,0.0027,0.1253,1,0.7612,-0.3423,0.0151,1,0.00,0.005,0.059,0.007,SHIFT,-0.6787,-0.2152,1.7143,0.1871,-0.3005,-0.1122,0.7463,0.2307,0.0187,1,0.00,0.005,0.008,0.001,SHIFT,0.6909,-0.2119,1.9182,0.1735,0.2726,-0.1118,0.4984,-0.3851,0.0133,1,0.00,0.104,0.046,0.104,SHIFT,-0.3175,-0.1001,1.6399,-0.0745,-0.3418,-0.1324,0.6055,0.2994,0.0164,1,0.00,0.118,0.128,0.048,SHIFT,-0.1472,-0.1546,1.7535,0.0335,0.3412,-0.1230,0.2272,-0.1844,0.0224,0,0.00,0.019,0.018,0.010,SHIFT,-0.2601,-0.0302,1.4702,-0.3457,-0.1413,-0.1434,0.2872,0.1901,0.0349,0,0.00,0.033,0.205,0.042,SHIFT,-0.1812,-0.1174,1.6197,-0.2859,0.2331,-0.1292
6.849,548,placemove,0.5827,-0.0431,0.1443,0.0123,0.0694,0.0020,0.0340,-0.0308,0.0924,0.2878,-0.3083,-0.2510,1.000,0.000,0.0038,0.0648,0.0123,0.0694,0.0020,0.1227,1,0.7618,-0.3414,0.0147,0,1.87,0.211,0.007,0.319,SHIFT,-0.6779,-0.2100,1.7126,0.1871,-0.3001,-0.1132,0.7475,0.2316,0.0245,0,0.00,0.012,0.067,0.009,SHIFT,0.6913,-0.2185,1.9206,0.1736,0.2730,-0.1108,0.5020,-0.3820,0.0202,1,0.00,0.223,0.116,0.102,SHIFT,-0.3100,-0.1500,1.6980,-0.0721,-0.3402,-0.1238,0.6080,0.2985,0.0304,0,0.00,0.002,0.066,0.066,SHIFT,-0.1503,-0.1980,1.7942,0.0341,0.3402,-0.1155,0.2282,-0.1831,0.0241,0,0.00,0.038,0.050,0.011,SHIFT,-0.2618,-0.0350,1.4772,-0.3455,-0.1408,-0.1426,0.2865,0.1914,0.0279,0,0.00,0.011,0.103,0.097,SHIFT,-0.1805,-0.0509,1.5533,-0.2868,0.2336,-0.1407
6.928,552,placemove,0.5829,-0.0434,0.1448,0.0146,0.0624,-0.0025,-0.0004,0.0100,-0.0273,0.0572,-0.4514,-0.2710,1.000,0.000,0.0085,0.0622,0.0146,0.0624,-0.0025,0.1300,1,0.7618,-0.3416,0.0148,1,1.33,0.111,0.289,0.570,SHIFT,-0.6762,-0.2041,1.7112,0.1873,-0.2995,-0.1142,0.7502,0.2313,0.0287,0,0.00,0.030,0.036,0.007,SHIFT,0.6911,-0.2290,1.9245,0.1738,0.2735,-0.1091,0.5042,-0.3803,0.0309,0,0.00,0.015,0.076,0.108,SHIFT,-0.3064,-0.2167,1.7646,-0.0707,-0.3384,-0.1123,0.6095,0.2998,0.0230,0,0.00,0.035,0.085,0.102,SHIFT,-0.1467,-0.1352,1.7346,0.0335,0.3417,-0.1263,0.2287,-0.1807,0.0198,0,0.00,0.012,0.103,0.025,SHIFT,-0.2642,-0.0185,1.4636,-0.3453,-0.1401,-0.1456,0.2880,0.1936,0.0208,0,0.00,0.024,0.083,0.029,SHIFT,-0.1826,-0.0195,1.5191,-0.2869,0.2344,-0.1462
6.990,556,placemove,0.5830,-0.0435,0.1444,0.0155,0.0588,-0.0054,-0.0031,-0.0788,0.1146,0.5999,-0.0400,-0.0229,1.000,0.000,0.0108,0.0576,0.0155,0.0588,-0.0054,0.1305,1,0.7619,-0.3418,0.0147,1,26.55,2.940,2.940,1.696,SHIFT,-0.6741,-0.2037,1.7116,0.1878,-0.2992,-0.1143,0.7517,0.2314,0.0243,0,0.00,0.065,0.410,0.004,SHIFT,0.6916,-0.1950,1.8955,0.1739,0.2740,-0.1148,0.5030,-0.3801,0.0293,0,0.00,0.166,0.145,0.007,SHIFT,-0.3085,-0.1968,1.7457,-0.0713,-0.3388,-0.1157,0.6104,0.3010,0.0132,1,32.80,1.375,2.940,2.940,SHIFT,-0.1449,-0.0858,1.6861,0.0332,0.3425,-0.1349,0.2292,-0.1790,0.0140,1,2.15,1.202,0.996,0.618,SHIFT,-0.2653,-0.0004,1.4498,-0.3448,-0.1397,-0.1488,0.2898,0.1952,0.0162,0,0.00,0.101,0.010,0.030,SHIFT,-0.1854,-0.0070,1.5075,-0.2864,0.2349,-0.1484
7.060,560,placemove,0.5828,-0.0447,0.1445,0.0193,0.0517,-0.0054,-0.0305,-0.0537,-0.0502,0.1080,-0.3756,-0.1105,1.000,0.000,0.0136,0.0535,0.0193,0.0517,-0.0054,0.1240,1,0.7630,-0.3422,0.0149,1,11.90,1.597,0.548,2.940,SHIFT,-0.6717,-0.2038,1.7128,0.1882,-0.2989,-0.1143,0.7517,0.2314,0.0174,0,0.00,0.027,0.140,0.016,SHIFT,0.6929,-0.1361,1.8454,0.1738,0.2745,-0.1248,0.5026,-0.3807,0.0165,0,0.00,0.202,0.027,0.046,SHIFT,-0.3099,-0.1314,1.6903,-0.0717,-0.3391,-0.1271,0.6134,0.2987,0.0246,1,0.00,0.034,0.005,0.106,SHIFT,-0.1540,-0.1525,1.7527,0.0351,0.3408,-0.1234,0.2309,-0.1801,0.0216,0,0.00,0.197,0.217,0.079,SHIFT,-0.2635,-0.0671,1.5165,-0.3443,-0.1400,-0.1372,0.2915,0.1948,0.0189,0,0.00,0.069,0.055,0.017,SHIFT,-0.1886,-0.0252,1.5281,-0.2855,0.2352,-0.1452
7.137,564,placemove,0.5824,-0.0444,0.1473,0.0102,0.0515,-0.0052,-0.0314,0.0293,0.1845,-0.3503,0.0356,0.0234,1.000,0.000,0.0135,0.0494,0.0102,0.0515,-0.0052,0.1318,1,0.7633,-0.3430,0.0203,0,0.00,0.013,0.010,0.001,SHIFT,-0.6698,-0.2070,1.7141,0.1887,-0.2989,-0.1137,0.7514,0.2307,0.0144,1,0.00,0.035,0.064,0.013,SHIFT,0.6915,-0.1256,1.8348,0.1741,0.2746,-0.1266,0.5026,-0.3807,0.0156,1,0.00,0.033,0.039,0.025,SHIFT,-0.3086,-0.1063,1.6757,-0.0711,-0.3381,-0.1314,0.6132,0.2983,0.0258,0,0.00,0.015,0.323,0.036,SHIFT,-0.1539,-0.1474,1.7436,0.0352,0.3416,-0.1243,0.2321,-0.1805,0.0268,0,0.00,0.009,0.310,0.037,SHIFT,-0.2646,-0.0664,1.5259,-0.3429,-0.1393,-0.1375,0.2918,0.1940,0.0192,0,0.00,0.009,0.146,0.009,SHIFT,-0.1909,-0.0265,1.5324,-0.2848,0.2353,-0.1451
7.214,568,placemove,0.5818,-0.0439,0.1486,0.0068,0.0533,-0.0054,-0.0310,0.0293,-0.0001,-0.1396,-0.0231,-0.0007,1.000,0.000,0.0104,0.0481,0.0068,0.0533,-0.0054,nan,1,0.7628,-0.3432,0.0238,0,0.00,0.011,0.031,0.008,SHIFT,-0.6694,-0.2134,1.7165,0.1890,-0.2992,-0.1126,0.7518,0.2286,0.0248,0,0.00,0.032,0.106,0.102,SHIFT,0.6850,-0.1923,1.9015,0.1748,0.2724,-0.1151,0.5045,-0.3800,0.0287,0,0.00,0.019,0.094,0.104,SHIFT,-0.3010,-0.1729,1.7424,-0.0690,-0.3371,-0.1199,0.6116,0.2991,0.0152,0,0.00,0.027,0.103,0.093,SHIFT,-0.1524,-0.0823,1.6823,0.0349,0.3424,-0.1355,0.2310,-0.1806,0.0221,0,0.00,0.010,0.037,0.028,SHIFT,-0.2637,-0.0283,1.4900,-0.3428,-0.1396,-0.1442,0.2915,0.1936,0.0220,0,0.00,0.005,0.010,0.009,SHIFT,-0.1908,-0.0351,1.5445,-0.2844,0.2349,-0.1436
7.262,572,placemove,0.5812,-0.0447,0.1486,0.0304,0.0463,-0.0059,-0.0368,-0.0554,-0.0670,1.3428,-0.5646,-0.0559,1.000,0.000,0.0133,0.0467,0.0304,0.0463,-0.0059,0.1258,1,0.7627,-0.3415,0.0192,0,0.00,0.038,0.029,0.002,SHIFT,-0.6688,-0.2131,1.7166,0.1891,-0.2991,-0.1127,0.7534,0.2307,0.0415,0,0.00,0.025,0.182,0.045,SHIFT,0.6843,-0.2481,1.9335,0.1754,0.2737,-0.1060,0.5053,-0.3767,0.0330,0,0.00,0.014,0.111,0.048,SHIFT,-0.3005,-0.2396,1.7997,-0.0685,-0.3362,-0.1085,0.6133,0.2997,0.0205,1,0.00,0.101,0.156,0.100,SHIFT,-0.1591,-0.0869,1.6964,0.0362,0.3407,-0.1347,0.2315,-0.1781,0.0202,0,0.00,0.009,0.152,0.035,SHIFT,-0.2637,-0.0494,1.5127,-0.3425,-0.1395,-0.1405,0.2926,0.1959,0.0292,0,0.00,0.029,0.195,0.045,SHIFT,-0.1920,-0.0625,1.5719,-0.2840,0.2350,-0.1388
7.343,576,placemove,0.5804,-0.0453,0.1470,0.0372,0.0362,-0.0079,-0.0749,-0.0121,-0.1028,-0.2154,-0.8089,-0.2745,1.000,0.000,0.0239,0.0420,0.0372,0.0362,-0.0079,0.1325,1,0.7629,-0.3402,0.0145,1,0.00,0.065,0.076,0.020,SHIFT,-0.6655,-0.2014,1.7135,0.1895,-0.2980,-0.1147,0.7548,0.2320,0.0477,0,0.00,0.030,0.165,0.029,SHIFT,0.6844,-0.2634,1.9350,0.1759,0.2749,-0.1037,0.5038,-0.3784,0.0238,0,0.00,0.021,0.115,0.074,SHIFT,-0.3025,-0.2018,1.7553,-0.0697,-0.3384,-0.1149,0.6155,0.2983,0.0342,0,0.00,0.013,0.100,0.101,SHIFT,-0.1623,-0.1536,1.7630,0.0367,0.3392,-0.1231,0.2325,-0.1757,0.0153,0,0.00,0.044,0.149,0.015,SHIFT,-0.2680,-0.0515,1.5213,-0.3418,-0.1382,-0.1402,0.2943,0.1978,0.0323,0,0.00,0.055,0.004,0.021,SHIFT,-0.1978,-0.0856,1.5911,-0.2833,0.2363,-0.1347
7.391,580,placemove,0.5805,-0.0447,0.1456,0.0255,0.0400,-0.0076,0.0162,0.0628,-0.1041,-1.4820,0.3885,0.0825,1.000,0.000,0.0273,0.0377,0.0255,0.0400,-0.0076,0.1280,1,0.7632,-0.3402,0.0147,1,0.00,0.008,0.532,0.056,SHIFT,-0.6626,-0.1977,1.7128,0.1900,-0.2974,-0.1154,0.7544,0.2330,0.0346,0,0.00,0.025,0.700,0.090,SHIFT,0.6857,-0.2038,1.8844,0.1760,0.2761,-0.1137,0.5021,-0.3805,0.0141,0,38.26,0.282,2.940,2.940,SHIFT,-0.3040,-0.1378,1.6940,-0.0705,-0.3397,-0.1260,0.6158,0.2953,0.0411,0,0.00,0.051,0.500,0.159,SHIFT,-0.1642,-0.2203,1.8297,0.0368,0.3370,-0.1117,0.2332,-0.1761,0.0182,1,0.00,0.018,0.761,0.034,SHIFT,-0.2680,-0.0772,1.5512,-0.3409,-0.1379,-0.1358,0.2949,0.1980,0.0301,0,0.00,0.067,0.195,0.037,SHIFT,-0.2019,-0.0924,1.5976,-0.2826,0.2370,-0.1335
7.476,584,placemove,0.5807,-0.0431,0.1435,0.0052,0.0449,-0.0084,-0.0166,0.0573,-0.0958,0.6996,-0.6823,-0.0395,1.000,0.000,0.0188,0.0384,0.0052,0.0449,-0.0084,0.1187,1,0.7628,-0.3423,0.0200,0,0.00,0.042,0.312,0.062,SHIFT,-0.6634,-0.2075,1.7162,0.1901,-0.2981,-0.1137,0.7535,0.2332,0.0146,0,31.12,0.834,2.940,2.940,SHIFT,0.6875,-0.1511,1.8361,0.1760,0.2771,-0.1227,0.5032,-0.3804,0.0242,1,0.00,0.006,0.432,0.163,SHIFT,-0.3001,-0.1711,1.7351,-0.0690,-0.3380,-0.1202,0.6159,0.2977,0.0371,0,0.00,0.117,1.032,0.060,SHIFT,-0.1629,-0.2476,1.8215,0.0372,0.3412,-0.1071,0.2346,-0.1785,0.0334,0,0.00,0.034,0.387,0.160,SHIFT,-0.2636,-0.1439,1.6178,-0.3394,-0.1387,-0.1242,0.2944,0.1960,0.0236,0,0.00,0.047,0.250,0.031,SHIFT,-0.1999,-0.0876,1.5971,-0.2825,0.2362,-0.1344
7.541,588,placemove,0.5799,-0.0428,0.1415,0.0270,0.0356,-0.0070,-0.0504,0.0167,-0.1878,1.0881,-0.1950,0.0656,1.000,0.000,0.0162,0.0365,0.0270,0.0356,-0.0070,0.1155,1,0.7636,-0.3399,0.0157,0,0.00,0.014,0.006,0.005,SHIFT,-0.6639,-0.2169,1.7195,0.1902,-0.2986,-0.1120,0.7543,0.2333,0.0242,1,0.00,0.044,0.109,0.104,SHIFT,0.6810,-0.1845,1.8795,0.1764,0.2743,-0.1167,0.5056,-0.3759,0.0259,0,0.00,0.021,0.166,0.004,SHIFT,-0.2970,-0.2378,1.7977,-0.0678,-0.3366,-0.1088,0.6157,0.3030,0.0321,0,0.00,0.020,0.096,0.099,SHIFT,-0.1610,-0.1810,1.7556,0.0371,0.3436,-0.1185,0.2345,-0.1764,0.0275,0,0.00,0.006,0.021,0.003,SHIFT,-0.2626,-0.1409,1.6090,-0.3402,-0.1392,-0.1246,0.2948,0.1980,0.0223,0,0.00,0.009,0.010,0.006,SHIFT,-0.1981,-0.0798,1.5936,-0.2824,0.2355,-0.1358
7.632,592,placemove,0.5792,-0.0419,0.1389,0.0186,0.0353,-0.0079,0.0697,0.1269,-0.0839,-1.3132,1.7474,0.1784,1.000,0.000,0.0199,0.0317,0.0186,0.0353,-0.0079,0.1247,1,0.7633,-0.3396,0.0146,1,6.30,2.940,2.074,1.182,SHIFT,-0.6610,-0.2162,1.7200,0.1908,-0.2982,-0.1121,0.7542,0.2312,0.0326,0,0.00,0.074,0.005,0.009,SHIFT,0.6789,-0.2511,1.9385,0.1764,0.2728,-0.1055,0.5048,-0.3770,0.0283,0,0.00,0.149,0.552,0.003,SHIFT,-0.2959,-0.2511,1.7994,-0.0679,-0.3378,-0.1065,0.6152,0.3053,0.0168,0,0.00,0.091,0.168,0.095,SHIFT,-0.1604,-0.1143,1.6889,0.0373,0.3453,-0.1300,0.2330,-0.1751,0.0139,1,23.41,2.940,1.437,2.940,SHIFT,-0.2659,-0.0839,1.5592,-0.3405,-0.1384,-0.1347,0.2950,0.1990,0.0158,0,0.00,0.095,0.261,0.034,SHIFT,-0.2011,-0.0698,1.5851,-0.2819,0.2360,-0.1376
7.695,596,placemove,0.5793,-0.0421,0.1397,0.0253,0.0315,-0.0094,-0.0227,-0.0473,0.0392,0.3981,-0.6258,-0.1924,1.000,0.000,0.0194,0.0317,0.0253,0.0315,-0.0094,0.1218,1,0.7634,-0.3393,0.0145,1,1.86,0.002,0.229,0.641,SHIFT,-0.6612,-0.2184,1.7207,0.1908,-0.2984,-0.1117,0.7557,0.2333,0.0391,0,0.00,0.017,0.108,0.014,SHIFT,0.6784,-0.2752,1.9426,0.1771,0.2746,-0.1017,0.5039,-0.3768,0.0177,0,0.00,0.026,0.125,0.018,SHIFT,-0.2973,-0.1872,1.7459,-0.0685,-0.3385,-0.1174,0.6162,0.3047,0.0195,1,0.00,0.077,0.085,0.103,SHIFT,-0.1631,-0.1376,1.7177,0.0377,0.3439,-0.1260,0.2347,-0.1748,0.0203,0,0.00,0.033,0.119,0.100,SHIFT,-0.2621,-0.1350,1.6115,-0.3391,-0.1390,-0.1258,0.2957,0.1998,0.0179,0,0.00,0.013,0.018,0.008,SHIFT,-0.2015,-0.0743,1.5904,-0.2817,0.2360,-0.1368
7.777,600,placemove,0.5793,-0.0415,0.1413,0.0074,0.0343,-0.0101,0.0134,0.0726,0.0777,-1.3320,0.6172,0.0728,1.000,0.000,0.0186,0.0292,0.0074,0.0343,-0.0101,0.1232,1,0.7633,-0.3407,0.0203,1,0.00,0.009,0.044,0.009,SHIFT,-0.6603,-0.2199,1.7217,0.1910,-0.2983,-0.1115,0.7558,0.2337,0.0271,0,0.00,0.007,0.030,0.093,SHIFT,0.6797,-0.2115,1.8849,0.1775,0.2763,-0.1125,0.5033,-0.3773,0.0145,1,0.00,0.005,0.086,0.061,SHIFT,-0.2975,-0.1367,1.7110,-0.0683,-0.3376,-0.1261,0.6164,0.3022,0.0174,0,0.00,0.005,0.082,0.034,SHIFT,-0.1639,-0.1285,1.7165,0.0377,0.3429,-0.1275,0.2349,-0.1758,0.0291,0,0.00,0.003,0.269,0.008,SHIFT,-0.2628,-0.1511,1.6252,-0.3391,-0.1388,-0.1230,0.2959,0.1986,0.0151,0,0.00,0.016,0.024,0.011,SHIFT,-0.2024,-0.0668,1.5848,-0.2814,0.2360,-0.1381
7.862,604,placemove,0.5795,-0.0413,0.1426,0.0183,0.0330,-0.0110,0.0072,-0.0067,0.0182,0.8288,-0.3792,-0.0290,1.000,0.000,0.0135,0.0304,0.0183,0.0330,-0.0110,0.1199,1,0.7631,-0.3403,0.0211,0,0.00,0.006,0.017,0.006,SHIFT,-0.6615,-0.2278,1.7242,0.1909,-0.2989,-0.1101,0.7563,0.2370,0.0187,0,0.00,0.036,0.103,0.098,SHIFT,0.6814,-0.1448,1.8182,0.1779,0.2784,-0.1240,0.5044,-0.3753,0.0204,0,0.00,0.023,0.101,0.102,SHIFT,-0.2942,-0.1869,1.7606,-0.0671,-0.3366,-0.1175,0.6172,0.3020,0.0194,1,0.00,0.055,0.094,0.105,SHIFT,-0.1673,-0.1363,1.7326,0.0382,0.3413,-0.1262,0.2337,-0.1746,0.0192,0,0.00,0.009,0.106,0.094,SHIFT,-0.2617,-0.0874,1.5634,-0.3400,-0.1394,-0.1341,0.2968,0.1995,0.0222,1,0.00,0.008,0.093,0.104,SHIFT,-0.2016,-0.0994,1.6195,-0.2809,0.2353,-0.1324
7.962,608,placemove,0.5808,-0.0423,0.1443,0.0268,0.0381,-0.0100,0.1102,-0.1067,0.1572,0.5191,0.2049,0.0623,1.000,0.000,0.0169,0.0307,0.0268,0.0381,-0.0100,0.1268,1,0.7638,-0.3397,0.0187,0,0.00,0.006,0.078,0.013,SHIFT,-0.6612,-0.2244,1.7231,0.1909,-0.2987,-0.1107,0.7568,0.2382,0.0163,1,0.00,0.145,0.099,0.043,SHIFT,0.6801,-0.1285,1.8027,0.1783,0.2785,-0.1268,0.5057,-0.3751,0.0304,0,0.00,0.012,0.171,0.069,SHIFT,-0.2941,-0.2519,1.8053,-0.0673,-0.3371,-0.1064,0.6182,0.3001,0.0353,0,0.00,0.021,0.065,0.108,SHIFT,-0.1683,-0.2029,1.7992,0.0381,0.3394,-0.1147,0.2340,-0.1743,0.0149,1,0.00,0.112,0.009,0.043,SHIFT,-0.2608,-0.0707,1.5483,-0.3400,-0.1396,-0.1370,0.2990,0.1985,0.0383,0,0.00,0.007,0.088,0.106,SHIFT,-0.2024,-0.1661,1.6861,-0.2796,0.2345,-0.1209
8.023,612,placemove,0.5827,-0.0441,0.1455,0.0320,0.0421,-0.0088,0.1138,-0.1100,0.0038,0.2598,0.2586,0.0639,1.000,0.000,0.0221,0.0334,0.0320,0.0421,-0.0088,nan,1,0.7653,-0.3400,0.0160,0,0.00,0.001,0.063,0.014,SHIFT,-0.6613,-0.2138,1.7192,0.1906,-0.2981,-0.1125,0.7582,0.2351,0.0303,0,0.00,0.019,0.101,0.103,SHIFT,0.6791,-0.1951,1.8694,0.1778,0.2767,-0.1153,0.5069,-0.3774,0.0329,0,0.00,0.018,0.025,0.003,SHIFT,-0.2957,-0.2594,1.8060,-0.0678,-0.3377,-0.1051,0.6191,0.2966,0.0499,0,0.00,0.019,0.161,0.019,SHIFT,-0.1671,-0.2696,1.8581,0.0376,0.3379,-0.1034,0.2371,-0.1761,0.0285,0,0.00,0.020,0.101,0.102,SHIFT,-0.2606,-0.1373,1.6150,-0.3388,-0.1393,-0.1254,0.3024,0.1953,0.0537,0,0.00,0.006,0.112,0.102,SHIFT,-0.2030,-0.2327,1.7528,-0.2778,0.2330,-0.1094
8.091,616,placemove,0.5837,-0.0449,0.1454,0.0302,0.0414,-0.0096,0.0141,0.0126,-0.0016,-0.1983,-0.1719,-0.0582,1.000,0.000,0.0257,0.0361,0.0302,0.0414,-0.0096,0.1310,1,0.7658,-0.3404,0.0143,1,0.00,0.001,0.145,0.036,SHIFT,-0.6617,-0.2039,1.7168,0.1903,-0.2974,-0.1143,0.7587,0.2312,0.0413,0,0.00,0.010,0.104,0.017,SHIFT,0.6810,-0.2618,1.9340,0.1766,0.2747,-0.1039,0.5076,-0.3782,0.0320,0,0.00,0.010,0.087,0.013,SHIFT,-0.2973,-0.2533,1.8035,-0.0681,-0.3373,-0.1061,0.6209,0.2994,0.0550,0,0.00,0.040,0.290,0.002,SHIFT,-0.1644,-0.2873,1.8425,0.0377,0.3421,-0.1004,0.2404,-0.1766,0.0400,0,0.00,0.015,0.072,0.106,SHIFT,-0.2621,-0.2040,1.6816,-0.3370,-0.1384,-0.1139,0.3016,0.1963,0.0591,0,0.00,0.001,0.303,0.051,SHIFT,-0.2030,-0.2494,1.7388,-0.2807,0.2356,-0.1063
8.137,620,placemove,0.5835,-0.0443,0.1446,0.0295,0.0357,-0.0119,-0.0176,0.0415,-0.0947,-0.0532,-0.4522,-0.1803,1.000,0.000,0.0264,0.0359,0.0295,0.0357,-0.0119,0.1302,1,0.7658,-0.3404,0.0143,1,2.37,0.109,0.141,0.278,SHIFT,-0.6617,-0.2011,1.7145,0.1903,-0.2975,-0.1148,0.7598,0.2323,0.0425,0,0.00,0.001,0.168,0.066,SHIFT,0.6827,-0.2533,1.9209,0.1766,0.2758,-0.1054,0.5073,-0.3774,0.0310,0,0.00,0.015,0.069,0.005,SHIFT,-0.2977,-0.2510,1.8027,-0.0682,-0.3372,-0.1065,0.6212,0.3029,0.0435,0,0.00,0.003,0.142,0.094,SHIFT,-0.1611,-0.2207,1.7769,0.0374,0.3449,-0.1117,0.2413,-0.1754,0.0490,0,0.00,0.042,0.240,0.152,SHIFT,-0.2635,-0.2643,1.7216,-0.3376,-0.1382,-0.1033,0.3001,0.1993,0.0460,0,0.00,0.024,0.104,0.097,SHIFT,-0.2029,-0.1828,1.6721,-0.2826,0.2373,-0.1177
8.195,624,placemove,0.5833,-0.0433,0.1420,0.0225,0.0344,-0.0127,-0.0189,0.0728,-0.2137,-0.5465,-0.0374,0.0142,1.000,0.000,0.0255,0.0335,0.0225,0.0344,-0.0127,0.1274,1,0.7657,-0.3405,0.0146,1,2.76,0.156,0.528,1.226,SHIFT,-0.6609,-0.2040,1.7157,0.1905,-0.2975,-0.1143,0.7600,0.2350,0.0276,0,0.00,0.027,0.088,0.101,SHIFT,0.6849,-0.1866,1.8547,0.1770,0.2783,-0.1168,0.5067,-0.3773,0.0257,0,0.00,0.012,0.142,0.033,SHIFT,-0.2980,-0.2152,1.7741,-0.0683,-0.3375,-0.1126,0.6211,0.3058,0.0278,0,0.00,0.027,0.090,0.101,SHIFT,-0.1592,-0.1540,1.7102,0.0373,0.3471,-0.1231,0.2378,-0.1748,0.0391,0,0.00,0.005,0.105,0.097,SHIFT,-0.2656,-0.2053,1.6608,-0.3404,-0.1384,-0.1133,0.2986,0.2015,0.0302,0,0.00,0.012,0.098,0.102,SHIFT,-0.2033,-0.1161,1.6055,-0.2838,0.2385,-0.1292
8.255,628,placemove,0.5826,-0.0425,0.1395,0.0241,0.0295,-0.0127,-0.0557,-0.1039,0.2091,1.2546,-0.5294,0.0135,1.000,0.000,0.0212,0.0316,0.0241,0.0295,-0.0127,0.1257,1,0.7657,-0.3405,0.0145,1,7.14,2.940,2.940,2.205,SHIFT,-0.6624,-0.2148,1.7186,0.1905,-0.2984,-0.1124,0.7597,0.2369,0.0138,1,20.88,2.940,1.129,2.940,SHIFT,0.6851,-0.1251,1.8015,0.1772,0.2787,-0.1273,0.5053,-0.3779,0.0137,0,29.28,2.051,2.940,2.940,SHIFT,-0.2994,-0.1728,1.7275,-0.0693,-0.3394,-0.1199,0.6204,0.3075,0.0133,1,27.10,1.732,2.118,2.940,SHIFT,-0.1584,-0.0936,1.6576,0.0371,0.3473,-0.1336,0.2351,-0.1740,0.0233,0,0.00,0.160,0.269,0.133,SHIFT,-0.2659,-0.1386,1.5940,-0.3423,-0.1389,-0.1248,0.2977,0.2025,0.0143,0,6.55,2.940,2.940,1.941,SHIFT,-0.2015,-0.0581,1.5537,-0.2841,0.2381,-0.1394
8.355,632,placemove,0.5824,-0.0424,0.1424,0.0110,0.0305,-0.0126,-0.0004,0.0138,0.0976,-0.7814,-0.0241,-0.0154,1.000,0.000,0.0186,0.0293,0.0110,0.0305,-0.0126,0.1182,1,0.7660,-0.3416,0.0209,0,0.00,0.003,0.048,0.009,SHIFT,-0.6604,-0.2194,1.7215,0.1910,-0.2983,-0.1116,0.7604,0.2335,0.0230,0,0.00,0.033,0.096,0.103,SHIFT,0.6778,-0.1917,1.8682,0.1780,0.2764,-0.1158,0.5068,-0.3780,0.0250,1,0.00,0.040,0.104,0.104,SHIFT,-0.2948,-0.2093,1.7696,-0.0676,-0.3377,-0.1136,0.6221,0.3044,0.0219,1,0.00,0.041,0.092,0.103,SHIFT,-0.1678,-0.1603,1.7243,0.0390,0.3455,-0.1221,0.2333,-0.1755,0.0160,0,0.00,0.021,0.106,0.096,SHIFT,-0.2656,-0.0719,1.5274,-0.3435,-0.1393,-0.1364,0.2985,0.2005,0.0212,1,0.00,0.011,0.087,0.105,SHIFT,-0.2028,-0.1050,1.6037,-0.2830,0.2376,-0.1313
8.434,636,placemove,0.5833,-0.0416,0.1433,-0.0020,0.0482,-0.0163,0.0541,0.0518,-0.0166,-0.7105,0.7040,-0.1972,1.000,0.000,0.0108,0.0326,-0.0020,0.0482,-0.0163,0.1195,1,0.7639,-0.3435,0.0246,0,0.00,0.055,0.021,0.010,SHIFT,-0.6622,-0.2288,1.7244,0.1908,-0.2990,-0.1099,0.7597,0.2299,0.0290,0,0.00,0.003,0.254,0.073,SHIFT,0.6770,-0.2551,1.9305,0.1773,0.2742,-0.1050,0.5055,-0.3786,0.0426,0,0.00,0.028,0.256,0.070,SHIFT,-0.2941,-0.2694,1.8093,-0.0676,-0.3383,-0.1034,0.6222,0.3013,0.0294,0,0.00,0.005,0.101,0.104,SHIFT,-0.1681,-0.2269,1.7910,0.0387,0.3433,-0.1106,0.2338,-0.1764,0.0216,1,0.00,0.080,0.079,0.108,SHIFT,-0.2587,-0.0736,1.5432,-0.3410,-0.1404,-0.1364,0.2993,0.1993,0.0353,0,0.00,0.040,0.074,0.107,SHIFT,-0.2009,-0.1717,1.6704,-0.2821,0.2362,-0.1197
8.502,640,placemove,0.5842,-0.0408,0.1418,-0.0087,0.0576,-0.0203,0.0573,0.0436,-0.1413,-0.0234,0.6971,-0.2340,1.000,0.000,0.0017,0.0404,-0.0087,0.0576,-0.0203,nan,1,0.7620,-0.3452,0.0255,0,0.00,0.071,0.024,0.009,SHIFT,-0.6666,-0.2361,1.7256,0.1900,-0.3000,-0.1086,0.7596,0.2287,0.0209,0,0.00,0.026,0.151,0.031,SHIFT,0.6798,-0.2216,1.9095,0.1766,0.2740,-0.1105,0.5037,-0.3795,0.0498,0,0.00,0.038,0.131,0.028,SHIFT,-0.2959,-0.2959,1.8183,-0.0684,-0.3395,-0.0988,0.6227,0.2984,0.0351,0,0.00,0.012,0.054,0.053,SHIFT,-0.1657,-0.2792,1.8464,0.0377,0.3406,-0.1018,0.2351,-0.1759,0.0363,0,0.00,0.014,0.093,0.105,SHIFT,-0.2551,-0.1403,1.6099,-0.3395,-0.1409,-0.1248,0.3012,0.1980,0.0446,0,0.00,0.063,0.154,0.079,SHIFT,-0.1950,-0.2192,1.7194,-0.2817,0.2339,-0.1116
8.551,644,placemove,0.5845,-0.0409,0.1399,0.0127,0.0545,-0.0233,-0.0208,-0.0457,-0.1293,1.6100,-0.4839,-0.1911,1.000,0.000,-0.0007,0.0474,0.0127,0.0545,-0.0233,0.1206,1,0.7604,-0.3444,0.0185,0,0.00,0.016,0.082,0.011,SHIFT,-0.6705,-0.2360,1.7244,0.1892,-0.3005,-0.1086,0.7597,0.2294,0.0170,1,0.00,0.049,0.163,0.033,SHIFT,0.6829,-0.1952,1.8994,0.1754,0.2728,-0.1147,0.5015,-0.3783,0.0392,0,0.00,0.049,0.108,0.061,SHIFT,-0.2996,-0.2696,1.7931,-0.0696,-0.3403,-0.1032,0.6236,0.2992,0.0373,0,0.00,0.057,0.321,0.007,SHIFT,-0.1622,-0.2599,1.8392,0.0368,0.3399,-0.1050,0.2377,-0.1724,0.0430,0,0.00,0.013,0.131,0.097,SHIFT,-0.2541,-0.2069,1.6766,-0.3375,-0.1406,-0.1133,0.3006,0.2005,0.0374,0,0.00,0.053,0.131,0.088,SHIFT,-0.1892,-0.1578,1.6637,-0.2835,0.2336,-0.1222
8.659,648,placemove,0.5835,-0.0412,0.1378,0.0200,0.0356,-0.0284,-0.0858,0.0082,-0.1439,-0.1642,-1.2330,-0.3644,1.000,0.000,0.0087,0.0453,0.0200,0.0356,-0.0284,0.1234,1,0.7599,-0.3436,0.0143,1,0.00,0.057,0.062,0.028,SHIFT,-0.6693,-0.2238,1.7207,0.1892,-0.2997,-0.1107,0.7627,0.2294,0.0296,0,0.00,0.010,0.147,0.034,SHIFT,0.6829,-0.2431,1.9312,0.1756,0.2734,-0.1068,0.4985,-0.3788,0.0208,0,0.00,0.032,0.138,0.093,SHIFT,-0.3042,-0.2029,1.7269,-0.0714,-0.3425,-0.1146,0.6252,0.3017,0.0288,0,0.00,0.049,0.066,0.101,SHIFT,-0.1581,-0.1935,1.7771,0.0362,0.3419,-0.1163,0.2377,-0.1696,0.0438,0,0.00,0.038,0.009,0.101,SHIFT,-0.2576,-0.2573,1.7042,-0.3391,-0.1401,-0.1043,0.3013,0.2040,0.0215,0,0.00,0.033,0.078,0.099,SHIFT,-0.1905,-0.0911,1.5971,-0.2844,0.2348,-0.1338
8.745,652,placemove,0.5839,-0.0408,0.1378,0.0153,0.0402,-0.0291,0.1018,-0.0003,0.1448,0.1749,0.6561,-0.0006,1.000,0.000,0.0127,0.0376,0.0153,0.0402,-0.0291,0.1211,1,0.7603,-0.3435,0.0146,1,10.34,2.940,2.558,0.857,SHIFT,-0.6661,-0.2220,1.7208,0.1898,-0.2992,-0.1111,0.7640,0.2295,0.0309,0,0.00,0.114,0.406,0.018,SHIFT,0.6804,-0.2628,1.9397,0.1764,0.2739,-0.1037,0.4980,-0.3796,0.0157,1,0.00,0.303,0.354,0.025,SHIFT,-0.3007,-0.1828,1.7107,-0.0707,-0.3428,-0.1180,0.6255,0.3035,0.0149,0,38.88,2.940,2.940,2.940,SHIFT,-0.1583,-0.1323,1.7168,0.0365,0.3435,-0.1269,0.2342,-0.1691,0.0346,0,0.00,0.101,0.238,0.098,SHIFT,-0.2606,-0.1913,1.6383,-0.3417,-0.1401,-0.1156,0.3024,0.2051,0.0156,1,0.00,0.255,0.226,0.082,SHIFT,-0.1964,-0.0840,1.5929,-0.2832,0.2357,-0.1350
8.840,656,placemove,0.5843,-0.0421,0.1411,0.0252,0.0401,-0.0316,0.0089,-0.0713,0.1572,0.4567,-0.2261,-0.1747,1.000,0.000,0.0159,0.0371,0.0252,0.0401,-0.0316,0.1210,1,0.7600,-0.3437,0.0145,1,2.11,0.004,0.151,0.594,SHIFT,-0.6644,-0.2191,1.7203,0.1901,-0.2988,-0.1116,0.7649,0.2300,0.0288,0,0.00,0.008,0.094,0.037,SHIFT,0.6823,-0.2070,1.8922,0.1764,0.2750,-0.1131,0.4998,-0.3778,0.0274,0,0.00,0.008,0.078,0.109,SHIFT,-0.2970,-0.2495,1.7773,-0.0691,-0.3407,-0.1067,0.6272,0.3019,0.0246,1,0.00,0.045,0.119,0.067,SHIFT,-0.1609,-0.1572,1.7463,0.0369,0.3421,-0.1226,0.2317,-0.1679,0.0258,0,0.00,0.036,0.118,0.094,SHIFT,-0.2633,-0.1246,1.5716,-0.3437,-0.1399,-0.1271,0.3054,0.2053,0.0332,0,0.00,0.026,0.113,0.099,SHIFT,-0.1996,-0.1507,1.6595,-0.2816,0.2354,-0.1234
8.891,660,placemove,0.5845,-0.0431,0.1432,0.0285,0.0384,-0.0339,0.0557,-0.0131,0.1380,-0.1572,0.7811,0.0896,1.000,0.000,0.0208,0.0356,0.0285,0.0384,-0.0339,0.1285,1,0.7599,-0.3442,0.0147,1,7.85,2.940,1.538,0.182,SHIFT,-0.6626,-0.2123,1.7182,0.1903,-0.2982,-0.1128,0.7659,0.2313,0.0214,0,0.00,0.048,0.485,0.091,SHIFT,0.6860,-0.1403,1.8255,0.1764,0.2772,-0.1245,0.4996,-0.3761,0.0240,0,0.00,0.277,0.354,0.064,SHIFT,-0.2988,-0.2115,1.7588,-0.0691,-0.3392,-0.1132,0.6283,0.3021,0.0202,0,0.00,0.060,0.300,0.080,SHIFT,-0.1589,-0.0983,1.6902,0.0366,0.3431,-0.1328,0.2302,-0.1664,0.0144,0,38.26,2.059,2.940,2.940,SHIFT,-0.2668,-0.0606,1.5090,-0.3447,-0.1392,-0.1383,0.3077,0.2050,0.0446,0,0.00,0.015,0.679,0.026,SHIFT,-0.2009,-0.1941,1.6955,-0.2813,0.2355,-0.1159
8.980,664,placemove,0.5857,-0.0445,0.1476,0.0321,0.0464,-0.0332,0.0081,-0.1659,0.2784,0.2036,-0.1519,0.0012,1.000,0.000,0.0237,0.0380,0.0321,0.0464,-0.0332,0.1298,1,0.7600,-0.3443,0.0150,1,0.00,0.019,0.116,0.019,SHIFT,-0.6628,-0.2056,1.7157,0.1901,-0.2979,-0.1140,0.7653,0.2316,0.0164,1,0.00,0.109,0.115,0.086,SHIFT,0.6858,-0.1092,1.7977,0.1765,0.2774,-0.1299,0.4982,-0.3778,0.0164,0,0.00,0.031,0.168,0.019,SHIFT,-0.3023,-0.1449,1.6972,-0.0702,-0.3402,-0.1247,0.6276,0.3021,0.0169,1,0.00,0.095,0.113,0.061,SHIFT,-0.1594,-0.0683,1.6629,0.0367,0.3431,-0.1380,0.2320,-0.1666,0.0162,1,0.00,0.129,0.065,0.075,SHIFT,-0.2666,-0.0455,1.5080,-0.3428,-0.1388,-0.1412,0.3067,0.2052,0.0438,0,0.00,0.037,0.231,0.048,SHIFT,-0.2012,-0.1424,1.6467,-0.2821,0.2362,-0.1248
9.073,668,placemove,0.5860,-0.0468,0.1515,0.0210,0.0507,-0.0334,0.0156,-0.1324,0.1612,-0.6977,0.1847,-0.0175,1.000,0.000,0.0246,0.0409,0.0210,0.0507,-0.0334,0.1279,1,0.7595,-0.3474,0.0200,0,0.00,0.034,0.026,0.005,SHIFT,-0.6636,-0.1993,1.7131,0.1898,-0.2976,-0.1151,0.7656,0.2262,0.0289,0,0.00,0.013,0.098,0.102,SHIFT,0.6835,-0.1759,1.8643,0.1764,0.2757,-0.1183,0.4986,-0.3793,0.0213,1,0.00,0.085,0.099,0.104,SHIFT,-0.3012,-0.1459,1.7124,-0.0694,-0.3383,-0.1245,0.6283,0.2971,0.0293,0,0.00,0.001,0.091,0.103,SHIFT,-0.1616,-0.1349,1.7296,0.0370,0.3418,-0.1264,0.2333,-0.1710,0.0345,0,0.00,0.003,0.085,0.106,SHIFT,-0.2646,-0.1121,1.5746,-0.3418,-0.1391,-0.1295,0.3053,0.2025,0.0389,0,0.00,0.006,0.018,0.056,SHIFT,-0.2005,-0.0998,1.6045,-0.2828,0.2367,-0.1322
9.143,672,placemove,0.5863,-0.0491,0.1528,0.0132,0.0515,-0.0344,0.0206,-0.1409,0.0340,-0.0610,0.0190,-0.0543,1.000,0.000,0.0193,0.0440,0.0132,0.0515,-0.0344,nan,1,0.7592,-0.3514,0.0246,0,0.00,0.036,0.015,0.004,SHIFT,-0.6656,-0.2027,1.7137,0.1895,-0.2981,-0.1145,0.7652,0.2217,0.0333,0,0.00,0.025,0.275,0.015,SHIFT,0.6865,-0.1939,1.8847,0.1754,0.2750,-0.1152,0.5002,-0.3811,0.0375,0,0.00,0.007,0.186,0.093,SHIFT,-0.3000,-0.2126,1.7790,-0.0685,-0.3364,-0.1131,0.6284,0.2934,0.0370,0,0.00,0.029,0.140,0.063,SHIFT,-0.1582,-0.1776,1.7643,0.0362,0.3420,-0.1191,0.2352,-0.1740,0.0484,0,0.00,0.012,0.002,0.104,SHIFT,-0.2645,-0.1679,1.6281,-0.3408,-0.1388,-0.1198,0.3050,0.1989,0.0378,0,0.00,0.016,0.019,0.006,SHIFT,-0.1976,-0.0956,1.6010,-0.2833,0.2361,-0.1330
9.185,676,placemove,0.5867,-0.0514,0.1522,0.0138,0.0571,-0.0354,0.0254,-0.1408,-0.1009,-0.0894,0.4052,-0.0456,1.000,0.000,0.0156,0.0464,0.0138,0.0571,-0.0354,nan,1,0.7584,-0.3543,0.0241,0,0.00,0.030,0.013,0.002,SHIFT,-0.6674,-0.2074,1.7149,0.1892,-0.2986,-0.1137,0.7645,0.2211,0.0214,0,0.00,0.037,0.133,0.094,SHIFT,0.6905,-0.1272,1.8197,0.1752,0.2768,-0.1267,0.4999,-0.3845,0.0477,0,0.00,0.017,0.151,0.049,SHIFT,-0.3003,-0.2685,1.8087,-0.0690,-0.3379,-0.1035,0.6273,0.2926,0.0266,0,0.00,0.039,0.136,0.093,SHIFT,-0.1540,-0.1124,1.7015,0.0354,0.3434,-0.1303,0.2335,-0.1760,0.0419,0,0.00,0.021,0.074,0.089,SHIFT,-0.2645,-0.1126,1.5743,-0.3419,-0.1391,-0.1294,0.3048,0.1964,0.0386,0,0.00,0.012,0.016,0.001,SHIFT,-0.1948,-0.0936,1.6001,-0.2836,0.2355,-0.1333
9.260,680,placemove,0.5867,-0.0540,0.1504,0.0264,0.0517,-0.0339,-0.0341,-0.1707,-0.1243,1.4092,-0.7902,0.1701,1.000,0.000,0.0146,0.0494,0.0264,0.0517,-0.0339,0.1326,1,0.7587,-0.3558,0.0202,0,0.00,0.018,0.016,0.003,SHIFT,-0.6690,-0.2071,1.7143,0.1889,-0.2988,-0.1137,0.7643,0.2202,0.0156,1,0.00,0.205,0.096,0.059,SHIFT,0.6899,-0.1017,1.7992,0.1753,0.2766,-0.1310,0.4991,-0.3869,0.0369,0,0.00,0.027,0.164,0.013,SHIFT,-0.3036,-0.2231,1.7684,-0.0701,-0.3388,-0.1112,0.6262,0.2928,0.0166,0,0.00,0.065,0.193,0.010,SHIFT,-0.1497,-0.0457,1.6373,0.0345,0.3441,-0.1420,0.2330,-0.1776,0.0310,0,0.00,0.027,0.032,0.018,SHIFT,-0.2647,-0.0808,1.5422,-0.3424,-0.1392,-0.1350,0.3047,0.1945,0.0386,0,0.00,0.040,0.025,0.005,SHIFT,-0.1929,-0.0961,1.6014,-0.2840,0.2353,-0.1329
9.324,684,placemove,0.5857,-0.0567,0.1473,0.0381,0.0371,-0.0326,-0.1084,-0.1098,-0.1899,-0.3087,-1.1171,-0.2103,1.000,0.000,0.0236,0.0453,0.0381,0.0371,-0.0326,0.1334,1,0.7602,-0.3551,0.0138,1,6.69,0.553,1.426,2.940,SHIFT,-0.6670,-0.1985,1.7150,0.1890,-0.2976,-0.1153,0.7660,0.2174,0.0306,0,0.00,0.113,0.152,0.090,SHIFT,0.6858,-0.1684,1.8658,0.1755,0.2748,-0.1195,0.4986,-0.3892,0.0163,0,0.00,0.030,0.142,0.080,SHIFT,-0.3070,-0.1564,1.7020,-0.0715,-0.3406,-0.1227,0.6265,0.2909,0.0152,0,0.00,0.094,0.020,0.004,SHIFT,-0.1503,-0.0311,1.6294,0.0346,0.3432,-0.1445,0.2343,-0.1782,0.0190,0,0.00,0.044,0.174,0.027,SHIFT,-0.2681,-0.0668,1.5330,-0.3421,-0.1383,-0.1375,0.3055,0.1937,0.0360,0,0.00,0.034,0.073,0.011,SHIFT,-0.1966,-0.0995,1.6019,-0.2837,0.2362,-0.1323
9.407,688,placemove,0.5844,-0.0568,0.1472,0.0256,0.0346,-0.0321,-0.0670,0.0168,-0.0320,-0.7932,-0.0245,0.0280,1.000,0.000,0.0272,0.0380,0.0256,0.0346,-0.0321,0.1280,1,0.7604,-0.3567,0.0170,1,0.00,0.037,0.014,0.000,SHIFT,-0.6630,-0.1966,1.7126,0.1899,-0.2974,-0.1156,0.7649,0.2132,0.0392,0,0.00,0.018,0.136,0.056,SHIFT,0.6832,-0.2351,1.9315,0.1753,0.2725,-0.1081,0.4993,-0.3901,0.0201,1,0.00,0.092,0.095,0.105,SHIFT,-0.3020,-0.1777,1.7323,-0.0698,-0.3391,-0.1191,0.6274,0.2895,0.0172,1,0.00,0.084,0.096,0.102,SHIFT,-0.1579,-0.0749,1.6650,0.0364,0.3437,-0.1369,0.2343,-0.1792,0.0153,0,0.00,0.000,0.055,0.013,SHIFT,-0.2702,-0.0506,1.5255,-0.3412,-0.1374,-0.1405,0.3053,0.1927,0.0310,0,0.00,0.028,0.017,0.000,SHIFT,-0.2015,-0.0968,1.6010,-0.2827,0.2369,-0.1328
9.488,692,placemove,0.5837,-0.0562,0.1458,0.0141,0.0335,-0.0349,-0.0063,0.0534,-0.1224,-0.2251,-0.4276,-0.2833,1.000,0.000,0.0220,0.0342,0.0141,0.0335,-0.0349,0.1289,1,0.7597,-0.3586,0.0212,0,0.00,0.026,0.066,0.015,SHIFT,-0.6618,-0.2070,1.7165,0.1904,-0.2978,-0.1137,0.7660,0.2142,0.0380,0,0.00,0.021,0.034,0.043,SHIFT,0.6818,-0.2423,1.9177,0.1766,0.2751,-0.1072,0.4992,-0.3892,0.0224,0,0.00,0.036,0.124,0.014,SHIFT,-0.2999,-0.1586,1.7297,-0.0688,-0.3374,-0.1224,0.6281,0.2872,0.0210,0,0.00,0.027,0.194,0.077,SHIFT,-0.1604,-0.1195,1.7095,0.0369,0.3429,-0.1291,0.2343,-0.1806,0.0159,1,0.00,0.193,0.019,0.006,SHIFT,-0.2648,-0.0623,1.5412,-0.3402,-0.1386,-0.1385,0.3056,0.1919,0.0248,0,0.00,0.020,0.051,0.014,SHIFT,-0.2020,-0.0859,1.5963,-0.2821,0.2365,-0.1347
9.575,696,placemove,0.5836,-0.0556,0.1446,0.0142,0.0295,-0.0370,-0.0096,0.0139,0.1461,0.0290,-0.0084,0.0050,1.000,0.000,0.0169,0.0305,0.0142,0.0295,-0.0370,0.1313,1,0.7597,-0.3591,0.0228,0,0.00,0.007,0.100,0.012,SHIFT,-0.6613,-0.2201,1.7215,0.1908,-0.2984,-0.1114,0.7677,0.2163,0.0258,0,0.00,0.014,0.070,0.093,SHIFT,0.6815,-0.1756,1.8524,0.1774,0.2771,-0.1186,0.4985,-0.3888,0.0134,1,31.35,1.455,2.940,2.940,SHIFT,-0.2993,-0.1229,1.6957,-0.0688,-0.3380,-0.1285,0.6295,0.2878,0.0133,1,31.75,0.638,2.940,2.940,SHIFT,-0.1610,-0.0846,1.6783,0.0370,0.3429,-0.1352,0.2361,-0.1806,0.0240,0,0.00,0.035,0.265,0.102,SHIFT,-0.2595,-0.1290,1.6079,-0.3387,-0.1395,-0.1269,0.3071,0.1925,0.0192,0,0.00,0.023,0.255,0.020,SHIFT,-0.2012,-0.0731,1.5903,-0.2816,0.2358,-0.1370
9.616,700,placemove,0.5834,-0.0554,0.1450,0.0143,0.0288,-0.0368,-0.0114,0.0139,-0.0437,-0.0167,-0.0667,0.0082,1.000,0.000,0.0146,0.0280,0.0143,0.0288,-0.0368,0.1198,1,0.7600,-0.3592,0.0252,0,0.00,0.003,0.025,0.007,SHIFT,-0.6606,-0.2281,1.7246,0.1911,-0.2988,-0.1100,0.7678,0.2184,0.0153,0,0.00,0.008,0.105,0.097,SHIFT,0.6817,-0.1090,1.7858,0.1779,0.2787,-0.1301,0.5004,-0.3877,0.0238,1,0.00,0.023,0.105,0.103,SHIFT,-0.2935,-0.1896,1.7623,-0.0670,-0.3367,-0.1170,0.6310,0.2864,0.0239,1,0.00,0.033,0.089,0.104,SHIFT,-0.1689,-0.1513,1.7450,0.0386,0.3413,-0.1236,0.2381,-0.1805,0.0362,0,0.00,0.009,0.088,0.105,SHIFT,-0.2581,-0.1957,1.6746,-0.3368,-0.1394,-0.1153,0.3073,0.1923,0.0183,0,0.00,0.002,0.027,0.008,SHIFT,-0.2011,-0.0647,1.5864,-0.2812,0.2354,-0.1385
9.706,704,placemove,0.5822,-0.0561,0.1446,0.0360,0.0162,-0.0359,-0.0761,-0.0582,-0.0828,1.0225,-0.4666,0.0537,1.000,0.000,0.0184,0.0235,0.0360,0.0162,-0.0359,0.1222,1,0.7610,-0.3574,0.0217,0,0.00,0.059,0.059,0.009,SHIFT,-0.6588,-0.2289,1.7255,0.1915,-0.2986,-0.1099,0.7685,0.2183,0.0204,1,0.00,0.066,0.035,0.111,SHIFT,0.6762,-0.1121,1.8023,0.1783,0.2763,-0.1294,0.5017,-0.3864,0.0273,0,0.00,0.038,0.205,0.077,SHIFT,-0.2920,-0.2509,1.8046,-0.0668,-0.3373,-0.1065,0.6316,0.2855,0.0422,0,0.00,0.002,0.046,0.110,SHIFT,-0.1707,-0.2179,1.8117,0.0386,0.3391,-0.1121,0.2394,-0.1792,0.0398,0,0.00,0.019,0.047,0.114,SHIFT,-0.2592,-0.2511,1.7154,-0.3369,-0.1392,-0.1057,0.3083,0.1942,0.0186,0,0.00,0.046,0.013,0.002,SHIFT,-0.2034,-0.0614,1.5847,-0.2807,0.2357,-0.1391
9.758,708,placemove,0.5810,-0.0571,0.1422,0.0460,0.0148,-0.0348,-0.0898,-0.0410,-0.1541,-0.2171,-0.6894,-0.0751,1.000,0.000,0.0287,0.0184,0.0460,0.0148,-0.0348,nan,1,0.7609,-0.3556,0.0143,0,36.70,2.268,2.940,2.940,SHIFT,-0.6551,-0.2196,1.7236,0.1920,-0.2975,-0.1115,0.7673,0.2168,0.0332,0,0.00,0.075,0.065,0.139,SHIFT,0.6738,-0.1788,1.8689,0.1782,0.2746,-0.1178,0.5012,-0.3863,0.0206,0,0.00,0.231,0.718,0.060,SHIFT,-0.2910,-0.2438,1.8012,-0.0665,-0.3371,-0.1077,0.6308,0.2864,0.0549,0,0.00,0.068,0.632,0.145,SHIFT,-0.1718,-0.2760,1.8387,0.0392,0.3412,-0.1023,0.2359,-0.1782,0.0269,0,0.00,0.143,0.239,0.069,SHIFT,-0.2644,-0.1895,1.6557,-0.3393,-0.1384,-0.1162,0.3078,0.1956,0.0197,0,0.00,0.081,0.763,0.097,SHIFT,-0.2096,-0.0652,1.5862,-0.2799,0.2370,-0.1384
9.857,712,placemove,0.5805,-0.0568,0.1413,0.0361,0.0146,-0.0355,0.1528,0.0906,0.1152,-1.2536,1.2557,-0.0629,1.000,0.000,0.0347,0.0131,0.0361,0.0146,-0.0355,0.1271,1,0.7608,-0.3558,0.0146,1,0.00,0.039,0.081,0.014,SHIFT,-0.6517,-0.2126,1.7217,0.1926,-0.2968,-0.1128,0.7663,0.2131,0.0418,0,0.00,0.123,0.094,0.095,SHIFT,0.6726,-0.2454,1.9356,0.1775,0.2722,-0.1064,0.5007,-0.3864,0.0140,1,2.17,0.980,0.918,0.677,SHIFT,-0.2903,-0.1946,1.7689,-0.0662,-0.3365,-0.1162,0.6311,0.2894,0.0434,0,0.00,0.139,0.121,0.100,SHIFT,-0.1721,-0.2186,1.7766,0.0399,0.3443,-0.1120,0.2338,-0.1772,0.0137,1,7.60,1.585,1.150,2.940,SHIFT,-0.2700,-0.1237,1.5968,-0.3403,-0.1373,-0.1277,0.3085,0.1963,0.0141,1,0.00,0.110,0.040,0.012,SHIFT,-0.2162,-0.0563,1.5767,-0.2789,0.2383,-0.1400
9.937,716,placemove,0.5829,-0.0553,0.1411,0.0242,0.0126,-0.0388,0.1446,0.0872,-0.0678,-0.5757,-0.2583,-0.1557,1.000,0.000,0.0310,0.0126,0.0242,0.0126,-0.0388,nan,1,0.7623,-0.3566,0.0191,0,0.00,0.020,0.035,0.008,SHIFT,-0.6515,-0.2168,1.7232,0.1927,-0.2970,-0.1120,0.7708,0.2158,0.0409,0,0.00,0.003,0.014,0.017,SHIFT,0.6730,-0.2486,1.9113,0.1789,0.2759,-0.1063,0.5024,-0.3862,0.0230,0,0.00,0.002,0.068,0.023,SHIFT,-0.2891,-0.2286,1.7951,-0.0659,-0.3365,-0.1103,0.6347,0.2919,0.0275,0,0.00,0.005,0.136,0.093,SHIFT,-0.1718,-0.1519,1.7100,0.0402,0.3464,-0.1235,0.2377,-0.1776,0.0247,0,0.00,0.026,0.117,0.101,SHIFT,-0.2639,-0.1904,1.6635,-0.3382,-0.1383,-0.1162,0.3116,0.1954,0.0212,0,0.00,0.005,0.082,0.104,SHIFT,-0.2127,-0.1230,1.6434,-0.2787,0.2370,-0.1283
9.999,720,placemove,0.5853,-0.0541,0.1390,0.0215,0.0136,-0.0402,0.1173,0.0270,-0.0946,1.6037,0.2328,0.1038,1.000,0.000,0.0241,0.0111,0.0215,0.0136,-0.0402,nan,1,0.7643,-0.3571,0.0211,0,0.00,0.007,0.459,0.068,SHIFT,-0.6521,-0.2287,1.7274,0.1929,-0.2977,-0.1099,0.7745,0.2184,0.0257,0,0.00,0.057,0.658,0.139,SHIFT,0.6726,-0.1820,1.8453,0.1799,0.2781,-0.1177,0.5043,-0.3862,0.0257,0,0.00,0.019,0.708,0.075,SHIFT,-0.2877,-0.2423,1.8010,-0.0657,-0.3372,-0.1080,0.6379,0.2936,0.0126,0,30.45,0.184,2.940,2.940,SHIFT,-0.1725,-0.0949,1.6591,0.0404,0.3467,-0.1334,0.2414,-0.1765,0.0272,0,0.00,0.086,0.005,0.015,SHIFT,-0.2625,-0.1987,1.6782,-0.3369,-0.1383,-0.1148,0.3151,0.1954,0.0271,0,0.00,0.093,0.549,0.044,SHIFT,-0.2116,-0.1695,1.6873,-0.2783,0.2363,-0.1203
10.058,724,placemove,0.5868,-0.0541,0.1380,0.0348,0.0195,-0.0397,0.1173,0.0777,0.0524,-1.0324,1.3515,0.1181,1.000,0.000,0.0273,0.0124,0.0348,0.0195,-0.0397,0.1201,1,0.7654,-0.3550,0.0141,1,8.86,2.940,1.579,0.091,SHIFT,-0.6520,-0.2287,1.7281,0.1928,-0.2976,-0.1099,0.7759,0.2226,0.0176,0,0.00,0.033,0.433,0.092,SHIFT,0.6745,-0.1153,1.7786,0.1801,0.2799,-0.1292,0.5055,-0.3842,0.0187,0,0.00,0.167,0.454,0.014,SHIFT,-0.2880,-0.2417,1.8008,-0.0658,-0.3371,-0.1081,0.6391,0.2932,0.0210,1,0.00,0.012,0.039,0.107,SHIFT,-0.1752,-0.1283,1.7022,0.0406,0.3445,-0.1276,0.2418,-0.1740,0.0149,0,30.56,2.940,2.940,2.940,SHIFT,-0.2645,-0.1398,1.6282,-0.3374,-0.1379,-0.1251,0.3156,0.1982,0.0227,0,0.00,0.075,0.372,0.125,SHIFT,-0.2123,-0.1121,1.6336,-0.2789,0.2370,-0.1302
10.153,728,placemove,0.5883,-0.0537,0.1404,0.0291,0.0235,-0.0399,0.0697,0.0527,0.1848,-1.3330,0.4066,0.0128,1.000,0.000,0.0285,0.0167,0.0291,0.0235,-0.0399,0.1206,1,0.7659,-0.3548,0.0149,1,0.00,0.047,0.373,0.033,SHIFT,-0.6535,-0.2200,1.7239,0.1924,-0.2974,-0.1115,0.7762,0.2222,0.0176,1,0.00,0.046,0.283,0.129,SHIFT,0.6755,-0.1339,1.8003,0.1796,0.2792,-0.1260,0.5056,-0.3841,0.0138,0,22.27,0.260,1.569,2.940,SHIFT,-0.2911,-0.1810,1.7543,-0.0665,-0.3370,-0.1185,0.6396,0.2910,0.0326,0,0.00,0.004,0.279,0.133,SHIFT,-0.1739,-0.1949,1.7689,0.0400,0.3427,-0.1161,0.2439,-0.1743,0.0226,1,0.00,0.119,0.502,0.068,SHIFT,-0.2629,-0.1732,1.6638,-0.3361,-0.1380,-0.1194,0.3158,0.1989,0.0162,0,0.00,0.045,0.021,0.030,SHIFT,-0.2119,-0.0672,1.5891,-0.2794,0.2373,-0.1381
10.249,732,placemove,0.5896,-0.0521,0.1422,0.0142,0.0295,-0.0411,0.0882,0.0964,0.0477,-0.5266,0.3708,-0.1180,1.000,0.000,0.0234,0.0204,0.0142,0.0295,-0.0411,0.1226,1,0.7659,-0.3557,0.0208,0,0.00,0.038,0.009,0.004,SHIFT,-0.6553,-0.2216,1.7238,0.1920,-0.2977,-0.1112,0.7762,0.2192,0.0244,0,0.00,0.013,0.018,0.030,SHIFT,0.6757,-0.1880,1.8625,0.1786,0.2766,-0.1165,0.5057,-0.3843,0.0230,1,0.00,0.012,0.206,0.043,SHIFT,-0.2918,-0.1999,1.7683,-0.0667,-0.3371,-0.1153,0.6398,0.2881,0.0401,0,0.00,0.008,0.076,0.106,SHIFT,-0.1725,-0.2616,1.8355,0.0392,0.3402,-0.1047,0.2464,-0.1747,0.0404,0,0.00,0.008,0.153,0.050,SHIFT,-0.2615,-0.2399,1.7205,-0.3352,-0.1381,-0.1078,0.3158,0.1981,0.0149,1,0.00,0.043,0.051,0.010,SHIFT,-0.2090,-0.0623,1.5843,-0.2799,0.2368,-0.1389
10.331,736,placemove,0.5909,-0.0507,0.1421,0.0127,0.0305,-0.0430,0.0296,0.0449,0.0342,1.3815,-0.9079,-0.0094,1.000,0.000,0.0159,0.0246,0.0127,0.0305,-0.0430,nan,1,0.7658,-0.3559,0.0230,0,0.00,0.025,0.239,0.050,SHIFT,-0.6582,-0.2291,1.7257,0.1916,-0.2985,-0.1098,0.7764,0.2188,0.0143,0,30.37,1.363,2.940,2.940,SHIFT,0.6783,-0.1310,1.8244,0.1776,0.2757,-0.1260,0.5061,-0.3840,0.0349,0,0.00,0.029,0.769,0.113,SHIFT,-0.2916,-0.2576,1.8056,-0.0669,-0.3378,-0.1054,0.6416,0.2894,0.0470,0,0.00,0.174,0.795,0.015,SHIFT,-0.1711,-0.3059,1.8587,0.0391,0.3412,-0.0973,0.2438,-0.1740,0.0404,0,0.00,0.117,0.423,0.040,SHIFT,-0.2603,-0.2116,1.6785,-0.3382,-0.1392,-0.1124,0.3176,0.1980,0.0247,0,0.00,0.132,0.252,0.090,SHIFT,-0.2048,-0.1290,1.6510,-0.2797,0.2353,-0.1273
10.382,740,placemove,0.5909,-0.0507,0.1416,0.0345,0.0210,-0.0424,-0.0078,-0.0038,-0.1021,1.1349,-0.5271,0.0065,1.000,0.000,0.0182,0.0240,0.0345,0.0210,-0.0424,0.1143,1,0.7670,-0.3534,0.0183,0,0.00,0.020,0.026,0.004,SHIFT,-0.6586,-0.2290,1.7255,0.1915,-0.2985,-0.1099,0.7774,0.2189,0.0252,1,0.00,0.018,0.108,0.104,SHIFT,0.6750,-0.1643,1.8669,0.1774,0.2733,-0.1201,0.5072,-0.3821,0.0283,0,0.00,0.008,0.042,0.003,SHIFT,-0.2918,-0.2639,1.8081,-0.0670,-0.3381,-0.1043,0.6423,0.2932,0.0453,0,0.00,0.026,0.138,0.006,SHIFT,-0.1693,-0.2418,1.8056,0.0389,0.3427,-0.1081,0.2429,-0.1714,0.0224,0,0.00,0.025,0.110,0.095,SHIFT,-0.2617,-0.1449,1.6130,-0.3401,-0.1393,-0.1239,0.3202,0.1988,0.0383,0,0.00,0.018,0.110,0.102,SHIFT,-0.2044,-0.1956,1.7177,-0.2784,0.2340,-0.1158
10.498,744,placemove,0.5914,-0.0503,0.1405,0.0323,0.0259,-0.0409,0.0867,0.0559,-0.0305,-0.9726,0.7388,0.1109,1.000,0.000,0.0268,0.0211,0.0323,0.0259,-0.0409,0.1247,1,0.7678,-0.3518,0.0144,1,0.00,0.012,0.061,0.015,SHIFT,-0.6561,-0.2194,1.7227,0.1918,-0.2977,-0.1116,0.7767,0.2173,0.0356,0,0.00,0.002,0.115,0.100,SHIFT,0.6745,-0.2310,1.9336,0.1767,0.2712,-0.1086,0.5079,-0.3808,0.0239,0,0.00,0.012,0.071,0.018,SHIFT,-0.2917,-0.2477,1.8024,-0.0667,-0.3373,-0.1071,0.6419,0.2961,0.0335,0,0.00,0.010,0.085,0.092,SHIFT,-0.1683,-0.1752,1.7413,0.0390,0.3447,-0.1195,0.2426,-0.1700,0.0149,1,0.00,0.045,0.116,0.059,SHIFT,-0.2655,-0.1226,1.5959,-0.3401,-0.1384,-0.1279,0.3226,0.1973,0.0496,0,0.00,0.031,0.193,0.004,SHIFT,-0.2074,-0.2623,1.7811,-0.2763,0.2331,-0.1044
10.572,748,placemove,0.5929,-0.0490,0.1394,0.0167,0.0405,-0.0383,0.0890,0.0680,-0.0323,-0.2666,0.3506,-0.0588,1.000,0.000,0.0245,0.0253,0.0167,0.0405,-0.0383,0.1248,1,0.7681,-0.3517,0.0146,1,9.64,0.633,1.157,0.634,SHIFT,-0.6571,-0.2157,1.7214,0.1915,-0.2976,-0.1122,0.7766,0.2197,0.0364,0,0.00,0.405,0.858,0.050,SHIFT,0.6759,-0.2804,1.9464,0.1776,0.2743,-0.1009,0.5079,-0.3816,0.0221,0,0.00,0.300,0.600,0.014,SHIFT,-0.2941,-0.1969,1.7613,-0.0674,-0.3376,-0.1158,0.6396,0.2978,0.0144,0,42.52,2.940,2.940,2.940,SHIFT,-0.1648,-0.1178,1.6844,0.0385,0.3462,-0.1294,0.2444,-0.1719,0.0281,0,0.00,0.325,0.316,0.106,SHIFT,-0.2650,-0.1501,1.6284,-0.3387,-0.1381,-0.1232,0.3186,0.1992,0.0497,0,0.00,0.342,0.070,0.023,SHIFT,-0.2069,-0.2486,1.7410,-0.2798,0.2360,-0.1065
10.702,752,placemove,0.5937,-0.0485,0.1415,0.0135,0.0402,-0.0387,0.0665,0.0976,0.2457,-1.1824,0.3311,0.0653,1.000,0.000,0.0204,0.0310,0.0135,0.0402,-0.0387,0.1261,1,0.7682,-0.3519,0.0166,1,0.00,0.012,0.084,0.004,SHIFT,-0.6601,-0.2163,1.7204,0.1909,-0.2981,-0.1121,0.7774,0.2225,0.0281,0,0.00,0.027,0.020,0.086,SHIFT,0.6802,-0.2159,1.8859,0.1775,0.2767,-0.1118,0.5070,-0.3816,0.0140,1,19.61,0.006,2.411,1.105,SHIFT,-0.2981,-0.1385,1.7094,-0.0685,-0.3380,-0.1258,0.6396,0.2959,0.0144,1,15.67,0.134,2.940,0.281,SHIFT,-0.1626,-0.1123,1.6942,0.0376,0.3442,-0.1304,0.2439,-0.1714,0.0200,0,0.00,0.029,0.018,0.095,SHIFT,-0.2651,-0.0893,1.5691,-0.3397,-0.1384,-0.1338,0.3168,0.2010,0.0396,0,0.00,0.042,0.007,0.105,SHIFT,-0.2033,-0.1819,1.6745,-0.2822,0.2370,-0.1179
10.802,756,placemove,0.5947,-0.0468,0.1436,0.0023,0.0400,-0.0387,0.0316,0.0792,0.1016,0.1783,-0.6101,0.0773,1.000,0.000,0.0129,0.0346,0.0023,0.0400,-0.0387,nan,1,0.7686,-0.3525,0.0239,0,0.00,0.038,0.354,0.064,SHIFT,-0.6628,-0.2228,1.7220,0.1905,-0.2988,-0.1109,0.7777,0.2250,0.0149,0,39.22,1.142,2.940,2.940,SHIFT,0.6836,-0.1535,1.8260,0.1774,0.2785,-0.1225,0.5092,-0.3803,0.0299,0,0.00,0.001,0.498,0.166,SHIFT,-0.2960,-0.2051,1.7761,-0.0675,-0.3363,-0.1144,0.6408,0.2943,0.0223,0,0.00,0.259,0.868,0.044,SHIFT,-0.1654,-0.1790,1.7608,0.0380,0.3424,-0.1188,0.2436,-0.1722,0.0173,0,0.00,0.028,0.498,0.039,SHIFT,-0.2630,-0.0534,1.5305,-0.3404,-0.1391,-0.1400,0.3150,0.2016,0.0277,0,0.00,0.104,0.144,0.106,SHIFT,-0.1989,-0.1152,1.6082,-0.2842,0.2373,-0.1294
10.881,760,placemove,0.5944,-0.0462,0.1447,0.0120,0.0332,-0.0360,-0.0212,0.0346,0.0063,0.1141,0.1358,0.1425,1.000,0.000,0.0097,0.0329,0.0120,0.0332,-0.0360,0.1247,1,0.7702,-0.3508,0.0254,0,0.00,0.015,0.045,0.002,SHIFT,-0.6635,-0.2311,1.7248,0.1906,-0.2993,-0.1095,0.7783,0.2248,0.0242,1,0.00,0.030,0.049,0.109,SHIFT,0.6781,-0.1868,1.8683,0.1777,0.2759,-0.1166,0.5112,-0.3797,0.0386,0,0.00,0.020,0.289,0.085,SHIFT,-0.2946,-0.2691,1.8116,-0.0676,-0.3379,-0.1034,0.6414,0.2938,0.0387,0,0.00,0.003,0.031,0.110,SHIFT,-0.1674,-0.2456,1.8275,0.0380,0.3399,-0.1074,0.2448,-0.1717,0.0144,1,0.08,0.038,0.043,0.019,SHIFT,-0.2604,-0.0530,1.5292,-0.3404,-0.1398,-0.1401,0.3167,0.2006,0.0196,0,0.00,0.004,0.066,0.031,SHIFT,-0.1970,-0.0694,1.5882,-0.2821,0.2349,-0.1377
10.943,764,placemove,0.5940,-0.0457,0.1434,0.0167,0.0282,-0.0340,-0.0227,0.0278,-0.1402,0.4369,-0.3776,0.1175,1.000,0.000,0.0107,0.0305,0.0167,0.0282,-0.0340,nan,1,0.7712,-0.3495,0.0244,0,0.00,0.018,0.022,0.002,SHIFT,-0.6625,-0.2332,1.7259,0.1908,-0.2993,-0.1091,0.7776,0.2236,0.0363,0,0.00,0.013,0.014,0.030,SHIFT,0.6765,-0.2526,1.9311,0.1773,0.2738,-0.1054,0.5118,-0.3802,0.0388,0,0.00,0.013,0.028,0.001,SHIFT,-0.2937,-0.2796,1.8133,-0.0677,-0.3388,-0.1016,0.6410,0.2954,0.0418,0,0.00,0.014,0.193,0.005,SHIFT,-0.1672,-0.2465,1.8211,0.0381,0.3409,-0.1073,0.2465,-0.1722,0.0215,0,0.00,0.007,0.093,0.103,SHIFT,-0.2569,-0.1197,1.5958,-0.3392,-0.1403,-0.1284,0.3169,0.2008,0.0169,0,0.00,0.020,0.006,0.003,SHIFT,-0.1980,-0.0628,1.5856,-0.2816,0.2348,-0.1388
11.014,768,placemove,0.5941,-0.0457,0.1402,0.0245,0.0271,-0.0309,0.0566,-0.0562,-0.2197,0.5806,0.2579,0.1875,1.000,0.000,0.0143,0.0268,0.0245,0.0271,-0.0309,0.1257,1,0.7726,-0.3477,0.0195,0,0.00,0.013,0.038,0.017,SHIFT,-0.6605,-0.2320,1.7260,0.1912,-0.2990,-0.1093,0.7775,0.2251,0.0407,0,0.00,0.116,0.054,0.022,SHIFT,0.6753,-0.2769,1.9457,0.1776,0.2741,-0.1014,0.5123,-0.3801,0.0239,0,0.00,0.066,0.114,0.056,SHIFT,-0.2942,-0.2178,1.7616,-0.0681,-0.3398,-0.1121,0.6401,0.2984,0.0304,0,0.00,0.127,0.069,0.086,SHIFT,-0.1667,-0.1798,1.7581,0.0383,0.3428,-0.1187,0.2490,-0.1719,0.0281,0,0.00,0.063,0.110,0.111,SHIFT,-0.2574,-0.1864,1.6625,-0.3375,-0.1397,-0.1169,0.3172,0.2014,0.0145,1,7.34,0.432,1.412,2.940,SHIFT,-0.2007,-0.0610,1.5866,-0.2808,0.2350,-0.1392
11.078,772,placemove,0.5948,-0.0460,0.1366,0.0165,0.0306,-0.0301,0.0240,-0.0204,-0.1345,0.3504,0.0282,-0.0256,1.000,0.000,0.0176,0.0259,0.0165,0.0306,-0.0301,0.1194,1,0.7735,-0.3482,0.0162,0,0.00,0.009,0.419,0.053,SHIFT,-0.6592,-0.2272,1.7247,0.1914,-0.2985,-0.1102,0.7778,0.2246,0.0358,0,0.00,0.038,0.705,0.028,SHIFT,0.6752,-0.2864,1.9493,0.1778,0.2744,-0.0999,0.5129,-0.3811,0.0162,1,0.00,0.039,0.726,0.031,SHIFT,-0.2939,-0.1955,1.7496,-0.0678,-0.3391,-0.1160,0.6397,0.2992,0.0145,0,30.39,0.202,2.940,2.940,SHIFT,-0.1652,-0.1335,1.7107,0.0382,0.3443,-0.1267,0.2516,-0.1729,0.0381,0,0.00,0.135,0.172,0.071,SHIFT,-0.2591,-0.2530,1.7211,-0.3363,-0.1390,-0.1054,0.3187,0.1994,0.0201,0,0.00,0.089,0.534,0.064,SHIFT,-0.2039,-0.1277,1.6532,-0.2795,0.2348,-0.1276
11.171,776,placemove,0.5942,-0.0465,0.1360,0.0210,0.0257,-0.0303,-0.0461,-0.0121,-0.0677,-0.1998,-0.2769,0.0214,1.000,0.000,0.0183,0.0258,0.0210,0.0257,-0.0303,0.1176,1,0.7735,-0.3481,0.0145,1,0.00,0.017,0.041,0.009,SHIFT,-0.6591,-0.2263,1.7246,0.1914,-0.2985,-0.1103,0.7779,0.2247,0.0377,0,0.00,0.008,0.045,0.005,SHIFT,0.6753,-0.2878,1.9497,0.1778,0.2745,-0.0997,0.5140,-0.3797,0.0241,0,0.00,0.017,0.143,0.067,SHIFT,-0.2927,-0.2540,1.8017,-0.0672,-0.3379,-0.1060,0.6406,0.2975,0.0212,1,0.00,0.046,0.069,0.106,SHIFT,-0.1692,-0.1725,1.7547,0.0389,0.3424,-0.1199,0.2488,-0.1729,0.0317,0,0.00,0.018,0.087,0.061,SHIFT,-0.2608,-0.2142,1.6753,-0.3389,-0.1393,-0.1119,0.3205,0.1982,0.0311,0,0.00,0.004,0.089,0.104,SHIFT,-0.2042,-0.1943,1.7199,-0.2781,0.2336,-0.1161
11.227,780,placemove,0.5931,-0.0462,0.1339,0.0190,0.0188,-0.0306,-0.0817,0.0426,-0.1704,-0.1115,-0.5677,-0.0481,1.000,0.000,0.0182,0.0231,0.0190,0.0188,-0.0306,0.1193,1,0.7734,-0.3481,0.0146,1,2.91,0.115,0.264,0.246,SHIFT,-0.6582,-0.2279,1.7255,0.1916,-0.2984,-0.1101,0.7778,0.2258,0.0298,0,0.00,0.008,0.094,0.083,SHIFT,0.6758,-0.2403,1.9071,0.1782,0.2759,-0.1077,0.5139,-0.3799,0.0244,0,0.00,0.024,0.024,0.002,SHIFT,-0.2918,-0.2615,1.8071,-0.0670,-0.3380,-0.1047,0.6405,0.2956,0.0293,0,0.00,0.001,0.121,0.137,SHIFT,-0.1699,-0.2286,1.8048,0.0388,0.3413,-0.1103,0.2460,-0.1727,0.0165,0,0.00,0.012,0.130,0.091,SHIFT,-0.2626,-0.1475,1.6086,-0.3411,-0.1394,-0.1234,0.3223,0.1963,0.0382,0,0.00,0.005,0.050,0.107,SHIFT,-0.2048,-0.2610,1.7866,-0.2760,0.2320,-0.1047
11.296,784,placemove,0.5943,-0.0447,0.1330,0.0098,0.0327,-0.0291,0.0406,0.0411,0.0056,0.3437,-0.2804,-0.1397,1.000,0.000,0.0150,0.0235,0.0098,0.0327,-0.0291,0.1152,1,0.7734,-0.3477,0.0146,1,6.97,2.275,2.916,2.287,SHIFT,-0.6580,-0.2327,1.7270,0.1917,-0.2987,-0.1092,0.7769,0.2287,0.0134,0,29.94,2.940,2.940,2.940,SHIFT,0.6777,-0.1881,1.8579,0.1784,0.2774,-0.1165,0.5141,-0.3798,0.0281,0,0.00,0.200,0.280,0.011,SHIFT,-0.2911,-0.2660,1.8089,-0.0669,-0.3382,-0.1039,0.6391,0.2981,0.0152,0,0.00,0.003,0.308,0.101,SHIFT,-0.1686,-0.1663,1.7446,0.0388,0.3432,-0.1210,0.2468,-0.1730,0.0199,1,0.00,0.049,0.364,0.153,SHIFT,-0.2609,-0.1571,1.6287,-0.3392,-0.1393,-0.1219,0.3203,0.1976,0.0494,0,0.00,0.134,0.213,0.102,SHIFT,-0.2044,-0.3217,1.8073,-0.2783,0.2339,-0.0941
11.364,788,placemove,0.5932,-0.0467,0.1356,0.0260,0.0223,-0.0292,-0.0798,-0.1386,0.1347,0.5266,-0.5143,0.0738,1.000,0.000,0.0160,0.0244,0.0260,0.0223,-0.0292,0.1152,1,0.7734,-0.3480,0.0145,1,2.96,0.194,0.411,1.128,SHIFT,-0.6590,-0.2330,1.7267,0.1915,-0.2988,-0.1091,0.7768,0.2259,0.0248,1,0.00,0.065,0.120,0.098,SHIFT,0.6755,-0.2145,1.8972,0.1778,0.2746,-0.1118,0.5139,-0.3799,0.0251,0,0.00,0.015,0.030,0.002,SHIFT,-0.2917,-0.2681,1.8096,-0.0670,-0.3383,-0.1036,0.6392,0.2974,0.0186,1,0.00,0.047,0.065,0.044,SHIFT,-0.1676,-0.1488,1.7383,0.0384,0.3420,-0.1240,0.2489,-0.1729,0.0256,0,0.00,0.010,0.001,0.116,SHIFT,-0.2594,-0.2027,1.6721,-0.3380,-0.1394,-0.1140,0.3182,0.1995,0.0456,0,0.00,0.001,0.086,0.061,SHIFT,-0.2035,-0.2653,1.7526,-0.2803,0.2354,-0.1036
11.442,792,placemove,0.5917,-0.0487,0.1376,0.0337,0.0153,-0.0287,-0.0576,-0.0770,0.1251,0.0551,0.3535,0.0623,1.000,0.000,0.0218,0.0204,0.0337,0.0153,-0.0287,0.1231,1,0.7732,-0.3482,0.0145,1,4.16,2.179,1.011,0.399,SHIFT,-0.6569,-0.2271,1.7255,0.1918,-0.2982,-0.1102,0.7761,0.2254,0.0274,0,0.00,0.038,0.614,0.066,SHIFT,0.6763,-0.1773,1.8617,0.1780,0.2756,-0.1182,0.5128,-0.3818,0.0151,0,0.00,0.198,0.451,0.126,SHIFT,-0.2925,-0.2111,1.7585,-0.0676,-0.3397,-0.1133,0.6387,0.2972,0.0184,0,0.00,0.015,0.412,0.069,SHIFT,-0.1678,-0.1059,1.6957,0.0386,0.3429,-0.1315,0.2467,-0.1733,0.0143,0,39.31,2.010,2.940,2.940,SHIFT,-0.2631,-0.1452,1.6187,-0.3394,-0.1388,-0.1240,0.3156,0.2007,0.0360,0,0.00,0.055,0.350,0.134,SHIFT,-0.2062,-0.1986,1.6859,-0.2819,0.2377,-0.1149
11.547,796,placemove,0.5926,-0.0489,0.1433,0.0301,0.0232,-0.0283,0.0420,-0.0530,0.3599,0.5934,-0.0898,-0.0825,1.000,0.000,0.0240,0.0193,0.0301,0.0232,-0.0283,0.1247,1,0.7733,-0.3485,0.0188,0,0.00,0.011,0.016,0.003,SHIFT,-0.6555,-0.2237,1.7246,0.1921,-0.2979,-0.1108,0.7758,0.2269,0.0182,0,0.00,0.018,0.101,0.098,SHIFT,0.6778,-0.1107,1.7950,0.1783,0.2773,-0.1297,0.5132,-0.3810,0.0155,1,0.00,0.035,0.039,0.002,SHIFT,-0.2915,-0.1872,1.7545,-0.0668,-0.3377,-0.1174,0.6381,0.2970,0.0157,1,0.00,0.053,0.102,0.078,SHIFT,-0.1686,-0.0889,1.6799,0.0388,0.3430,-0.1344,0.2473,-0.1736,0.0181,1,0.00,0.058,0.001,0.033,SHIFT,-0.2637,-0.1289,1.6123,-0.3384,-0.1384,-0.1269,0.3140,0.2020,0.0311,0,0.00,0.017,0.100,0.097,SHIFT,-0.2086,-0.1319,1.6192,-0.2829,0.2394,-0.1265
11.639,800,placemove,0.5932,-0.0499,0.1480,0.0417,0.0203,-0.0290,0.0107,-0.0879,0.2676,1.1255,-0.4836,-0.0369,1.000,0.000,0.0279,0.0198,0.0417,0.0203,-0.0290,nan,1,0.7740,-0.3480,0.0201,0,0.00,0.073,0.033,0.009,SHIFT,-0.6551,-0.2180,1.7226,0.1920,-0.2975,-0.1118,0.7765,0.2284,0.0149,0,10.62,0.720,0.787,2.940,SHIFT,0.6807,-0.0440,1.7325,0.1778,0.2778,-0.1413,0.5145,-0.3799,0.0265,0,0.00,0.018,0.111,0.035,SHIFT,-0.2913,-0.2371,1.7971,-0.0665,-0.3370,-0.1089,0.6401,0.2954,0.0359,0,0.00,0.054,0.186,0.110,SHIFT,-0.1716,-0.1556,1.7465,0.0393,0.3415,-0.1229,0.2502,-0.1735,0.0324,0,0.00,0.079,0.101,0.094,SHIFT,-0.2620,-0.1956,1.6790,-0.3364,-0.1383,-0.1154,0.3142,0.2040,0.0264,0,0.00,0.118,0.030,0.104,SHIFT,-0.2100,-0.0652,1.5525,-0.2836,0.2405,-0.1381
11.689,804,placemove,0.5928,-0.0519,0.1510,0.0521,0.0127,-0.0288,-0.0219,-0.1236,0.1031,0.3803,-0.5625,-0.0159,1.000,0.000,0.0362,0.0175,0.0521,0.0127,-0.0288,0.1231,1,0.7748,-0.3476,0.0196,0,0.00,0.042,0.007,0.009,SHIFT,-0.6531,-0.2073,1.7192,0.1922,-0.2967,-0.1137,0.7779,0.2265,0.0259,1,0.00,0.031,0.120,0.101,SHIFT,0.6752,-0.0773,1.7689,0.1787,0.2766,-0.1354,0.5152,-0.3798,0.0245,0,0.00,0.008,0.069,0.014,SHIFT,-0.2916,-0.2279,1.7952,-0.0664,-0.3363,-0.1105,0.6403,0.2921,0.0550,0,0.00,0.012,0.197,0.030,SHIFT,-0.1714,-0.2222,1.8117,0.0389,0.3396,-0.1114,0.2525,-0.1737,0.0432,0,0.00,0.027,0.173,0.022,SHIFT,-0.2646,-0.2623,1.7348,-0.3356,-0.1374,-0.1039,0.3182,0.2016,0.0280,0,0.00,0.041,0.201,0.038,SHIFT,-0.2136,-0.0650,1.5793,-0.2800,0.2384,-0.1384
11.759,808,placemove,0.5925,-0.0541,0.1517,0.0612,0.0140,-0.0284,-0.0161,-0.1301,-0.0230,0.7283,0.2139,0.0253,1.000,0.000,0.0439,0.0139,0.0612,0.0140,-0.0284,nan,1,0.7750,-0.3476,0.0165,0,0.00,0.045,0.069,0.014,SHIFT,-0.6504,-0.1980,1.7166,0.1925,-0.2958,-0.1154,0.7775,0.2236,0.0407,0,0.00,0.010,0.058,0.106,SHIFT,0.6741,-0.1440,1.8356,0.1784,0.2753,-0.1238,0.5154,-0.3799,0.0199,0,0.00,0.018,0.130,0.022,SHIFT,-0.2912,-0.2115,1.7892,-0.0661,-0.3354,-0.1133,0.6409,0.2953,0.0612,0,0.00,0.017,0.327,0.048,SHIFT,-0.1712,-0.2208,1.7767,0.0397,0.3446,-0.1117,0.2499,-0.1742,0.0395,0,0.00,0.051,0.125,0.011,SHIFT,-0.2694,-0.2247,1.6956,-0.3377,-0.1367,-0.1103,0.3188,0.2010,0.0338,0,0.00,0.046,0.054,0.013,SHIFT,-0.2183,-0.0782,1.5915,-0.2792,0.2393,-0.1361
11.810,812,placemove,0.5917,-0.0550,0.1514,0.0550,0.0109,-0.0282,-0.0439,0.0111,0.0127,-1.8413,0.3543,0.1236,1.000,0.000,0.0508,0.0121,0.0550,0.0109,-0.0282,0.1353,1,0.7749,-0.3480,0.0152,1,0.00,0.032,0.413,0.039,SHIFT,-0.6482,-0.1879,1.7136,0.1927,-0.2949,-0.1172,0.7764,0.2197,0.0521,0,0.00,0.025,0.299,0.123,SHIFT,0.6745,-0.2107,1.9022,0.1776,0.2734,-0.1123,0.5152,-0.3799,0.0143,0,24.34,0.126,1.799,2.940,SHIFT,-0.2921,-0.1736,1.7691,-0.0659,-0.3340,-0.1197,0.6406,0.2967,0.0501,0,0.00,0.006,0.522,0.057,SHIFT,-0.1701,-0.1553,1.7113,0.0398,0.3467,-0.1229,0.2471,-0.1738,0.0268,0,0.00,0.021,0.323,0.134,SHIFT,-0.2761,-0.1580,1.6291,-0.3402,-0.1357,-0.1217,0.3188,0.2006,0.0330,0,0.00,0.017,0.081,0.013,SHIFT,-0.2222,-0.0803,1.5901,-0.2789,0.2403,-0.1357
11.897,816,placemove,0.5911,-0.0544,0.1502,0.0291,0.0151,-0.0274,-0.0394,0.0392,-0.1472,-1.1158,0.0590,0.0281,1.000,0.000,0.0443,0.0119,0.0291,0.0151,-0.0274,0.1295,1,0.7741,-0.3510,0.0221,0,0.00,0.035,0.037,0.010,SHIFT,-0.6485,-0.1939,1.7156,0.1928,-0.2953,-0.1161,0.7759,0.2203,0.0503,0,0.00,0.002,0.178,0.027,SHIFT,0.6753,-0.2449,1.9028,0.1787,0.2769,-0.1070,0.5145,-0.3824,0.0188,1,0.00,0.030,0.084,0.013,SHIFT,-0.2912,-0.1672,1.7660,-0.0656,-0.3337,-0.1208,0.6388,0.2955,0.0281,0,0.00,0.016,0.191,0.087,SHIFT,-0.1702,-0.0929,1.6570,0.0398,0.3469,-0.1338,0.2441,-0.1764,0.0197,0,0.00,0.001,0.057,0.103,SHIFT,-0.2775,-0.0914,1.5625,-0.3417,-0.1357,-0.1333,0.3173,0.1973,0.0259,0,0.00,0.029,0.025,0.003,SHIFT,-0.2214,-0.0753,1.5880,-0.2788,0.2399,-0.1366
11.962,820,placemove,0.5910,-0.0535,0.1474,0.0180,0.0303,-0.0308,0.0178,0.0201,-0.1240,0.9826,0.5515,-0.3520,1.000,0.000,0.0310,0.0150,0.0180,0.0303,-0.0308,0.1310,1,0.7712,-0.3538,0.0242,0,0.00,0.139,0.439,0.071,SHIFT,-0.6515,-0.2119,1.7214,0.1926,-0.2967,-0.1129,0.7754,0.2217,0.0300,0,0.00,0.070,0.631,0.137,SHIFT,0.6760,-0.1782,1.8373,0.1794,0.2791,-0.1184,0.5117,-0.3853,0.0323,0,0.00,0.148,0.828,0.113,SHIFT,-0.2899,-0.2235,1.7939,-0.0659,-0.3361,-0.1112,0.6372,0.2927,0.0147,0,31.83,0.688,2.940,2.940,SHIFT,-0.1701,-0.0690,1.6479,0.0395,0.3450,-0.1379,0.2426,-0.1780,0.0151,1,0.00,0.145,0.491,0.041,SHIFT,-0.2683,-0.0600,1.5400,-0.3402,-0.1377,-0.1389,0.3156,0.1955,0.0216,0,0.00,0.039,0.402,0.036,SHIFT,-0.2154,-0.0663,1.5861,-0.2791,0.2382,-0.1382
12.045,824,placemove,0.5913,-0.0537,0.1443,0.0355,0.0359,-0.0353,0.0176,-0.0154,-0.2605,0.8591,0.2871,-0.2752,1.000,0.000,0.0270,0.0229,0.0355,0.0359,-0.0353,0.1198,1,0.7685,-0.3535,0.0160,0,0.00,0.042,0.026,0.002,SHIFT,-0.6555,-0.2155,1.7215,0.1919,-0.2974,-0.1123,0.7759,0.2251,0.0197,0,0.00,0.066,0.107,0.098,SHIFT,0.6811,-0.1115,1.7707,0.1790,0.2811,-0.1299,0.5090,-0.3842,0.0279,0,0.00,0.035,0.041,0.013,SHIFT,-0.2919,-0.2428,1.8006,-0.0667,-0.3370,-0.1079,0.6385,0.2930,0.0230,1,0.00,0.021,0.098,0.105,SHIFT,-0.1707,-0.1100,1.6935,0.0394,0.3437,-0.1308,0.2433,-0.1761,0.0235,0,0.00,0.002,0.115,0.100,SHIFT,-0.2624,-0.1267,1.6066,-0.3388,-0.1388,-0.1273,0.3154,0.1978,0.0250,0,0.00,0.037,0.052,0.010,SHIFT,-0.2094,-0.0693,1.5882,-0.2801,0.2372,-0.1377
12.117,828,placemove,0.5893,-0.0540,0.1427,0.0407,0.0148,-0.0371,-0.2113,-0.0615,-0.0609,0.5912,-1.5475,-0.0980,1.000,0.000,0.0295,0.0247,0.0407,0.0148,-0.0371,0.1262,1,0.7680,-0.3532,0.0145,1,0.00,0.044,0.016,0.009,SHIFT,-0.6567,-0.2091,1.7190,0.1915,-0.2972,-0.1134,0.7763,0.2254,0.0162,1,0.00,0.194,0.106,0.067,SHIFT,0.6819,-0.0929,1.7575,0.1787,0.2807,-0.1331,0.5076,-0.3837,0.0150,0,0.00,0.006,0.163,0.003,SHIFT,-0.2951,-0.1879,1.7545,-0.0676,-0.3375,-0.1173,0.6396,0.2913,0.0350,0,0.00,0.020,0.099,0.105,SHIFT,-0.1699,-0.1767,1.7602,0.0389,0.3420,-0.1192,0.2455,-0.1748,0.0264,0,0.00,0.018,0.110,0.100,SHIFT,-0.2629,-0.1934,1.6733,-0.3371,-0.1382,-0.1158,0.3159,0.1989,0.0207,0,0.00,0.018,0.036,0.006,SHIFT,-0.2084,-0.0760,1.5908,-0.2807,0.2373,-0.1365
12.217,832,placemove,0.5868,-0.0536,0.1429,0.0244,0.0113,-0.0386,-0.0910,0.0196,0.0007,-0.1647,0.6640,-0.2772,1.000,0.000,0.0289,0.0164,0.0244,0.0113,-0.0386,0.1259,1,0.7665,-0.3549,0.0210,0,0.00,0.015,0.056,0.012,SHIFT,-0.6540,-0.2149,1.7218,0.1922,-0.2972,-0.1124,0.7760,0.2213,0.0251,0,0.00,0.054,0.104,0.102,SHIFT,0.6744,-0.1596,1.8241,0.1797,0.2787,-0.1215,0.5068,-0.3834,0.0185,1,0.00,0.047,0.193,0.005,SHIFT,-0.2917,-0.1990,1.7772,-0.0663,-0.3357,-0.1154,0.6381,0.2872,0.0417,0,0.00,0.024,0.085,0.103,SHIFT,-0.1726,-0.2433,1.8269,0.0392,0.3395,-0.1078,0.2458,-0.1758,0.0371,0,0.00,0.018,0.129,0.029,SHIFT,-0.2628,-0.2600,1.7337,-0.3354,-0.1378,-0.1043,0.3154,0.1975,0.0139,1,0.00,0.016,0.128,0.061,SHIFT,-0.2115,-0.0677,1.5885,-0.2796,0.2374,-0.1380
12.276,836,placemove,0.5853,-0.0533,0.1416,0.0204,0.0182,-0.0437,-0.0876,0.0147,-0.1235,0.0816,0.3226,-0.3054,1.000,0.000,0.0237,0.0144,0.0204,0.0182,-0.0437,nan,1,0.7630,-0.3566,0.0220,0,0.00,0.012,0.030,0.010,SHIFT,-0.6535,-0.2267,1.7263,0.1925,-0.2977,-0.1103,0.7746,0.2176,0.0310,0,0.00,0.005,0.186,0.061,SHIFT,0.6729,-0.2049,1.8768,0.1791,0.2762,-0.1136,0.5031,-0.3849,0.0279,0,0.00,0.009,0.065,0.026,SHIFT,-0.2890,-0.2427,1.8008,-0.0660,-0.3372,-0.1079,0.6383,0.2891,0.0420,0,0.00,0.002,0.065,0.032,SHIFT,-0.1734,-0.2457,1.8088,0.0398,0.3424,-0.1074,0.2414,-0.1753,0.0458,0,0.00,0.022,0.020,0.012,SHIFT,-0.2608,-0.2900,1.7435,-0.3368,-0.1387,-0.0989,0.3147,0.1974,0.0237,0,0.00,0.011,0.079,0.106,SHIFT,-0.2093,-0.1343,1.6551,-0.2791,0.2362,-0.1264
12.334,840,placemove,0.5838,-0.0531,0.1382,0.0235,0.0218,-0.0489,-0.0865,0.0116,-0.2701,0.1501,0.2867,-0.3116,1.000,0.000,0.0213,0.0161,0.0235,0.0218,-0.0489,nan,1,0.7595,-0.3574,0.0183,0,0.00,0.016,0.004,0.002,SHIFT,-0.6544,-0.2310,1.7275,0.1924,-0.2981,-0.1095,0.7737,0.2176,0.0182,0,0.00,0.018,0.091,0.093,SHIFT,0.6744,-0.1402,1.8208,0.1790,0.2770,-0.1246,0.4994,-0.3845,0.0259,0,0.00,0.009,0.037,0.008,SHIFT,-0.2889,-0.2519,1.8043,-0.0662,-0.3376,-0.1064,0.6383,0.2918,0.0286,0,0.00,0.017,0.099,0.098,SHIFT,-0.1719,-0.1790,1.7430,0.0399,0.3448,-0.1188,0.2387,-0.1733,0.0443,0,0.00,0.003,0.123,0.003,SHIFT,-0.2597,-0.2904,1.7418,-0.3370,-0.1390,-0.0988,0.3155,0.1976,0.0339,0,0.00,0.006,0.078,0.105,SHIFT,-0.2081,-0.2010,1.7218,-0.2778,0.2347,-0.1149
12.395,844,placemove,0.5816,-0.0534,0.1352,0.0359,0.0016,-0.0534,-0.1617,-0.0348,-0.1787,0.2006,-1.8772,-0.2762,1.000,0.000,0.0243,0.0154,0.0359,0.0016,-0.0534,0.1171,1,0.7578,-0.3571,0.0144,1,0.00,0.040,0.043,0.014,SHIFT,-0.6544,-0.2292,1.7266,0.1924,-0.2980,-0.1098,0.7745,0.2167,0.0198,1,0.00,0.056,0.107,0.104,SHIFT,0.6727,-0.1481,1.8376,0.1788,0.2754,-0.1231,0.4975,-0.3829,0.0175,0,0.00,0.015,0.054,0.008,SHIFT,-0.2893,-0.2492,1.8033,-0.0662,-0.3375,-0.1068,0.6395,0.2948,0.0187,0,0.00,0.028,0.088,0.100,SHIFT,-0.1701,-0.1124,1.6763,0.0398,0.3465,-0.1304,0.2363,-0.1703,0.0244,0,0.00,0.032,0.117,0.067,SHIFT,-0.2618,-0.2274,1.6876,-0.3386,-0.1389,-0.1096,0.3179,0.1980,0.0405,0,0.00,0.021,0.163,0.032,SHIFT,-0.2085,-0.2677,1.7805,-0.2766,0.2337,-0.1035
12.528,848,placemove,0.5806,-0.0542,0.1357,0.0372,-0.0017,-0.0544,0.0531,-0.0712,0.1519,0.0064,0.4457,0.0126,1.000,0.000,0.0292,0.0050,0.0372,-0.0017,-0.0544,0.1198,1,0.7578,-0.3573,0.0150,1,0.00,0.053,0.024,0.004,SHIFT,-0.6501,-0.2296,1.7284,0.1933,-0.2974,-0.1098,0.7745,0.2132,0.0330,0,0.00,0.023,0.112,0.101,SHIFT,0.6686,-0.2147,1.9043,0.1788,0.2731,-0.1117,0.4974,-0.3827,0.0141,1,0.00,0.037,0.086,0.023,SHIFT,-0.2863,-0.2373,1.7999,-0.0653,-0.3369,-0.1089,0.6409,0.2948,0.0157,1,0.00,0.089,0.027,0.043,SHIFT,-0.1758,-0.1068,1.6686,0.0412,0.3467,-0.1313,0.2351,-0.1696,0.0145,1,0.00,0.082,0.101,0.047,SHIFT,-0.2630,-0.2059,1.6723,-0.3386,-0.1386,-0.1134,0.3161,0.2013,0.0348,0,0.00,0.060,0.100,0.089,SHIFT,-0.2138,-0.2278,1.7287,-0.2784,0.2370,-0.1101
12.635,852,placemove,0.5815,-0.0554,0.1368,0.0365,0.0062,-0.0541,0.0475,-0.0444,0.0166,-0.1916,0.4053,0.0585,1.000,0.000,0.0316,0.0027,0.0365,0.0062,-0.0541,0.1221,1,0.7583,-0.3582,0.0149,0,12.40,0.382,0.384,2.940,SHIFT,-0.6480,-0.2291,1.7294,0.1937,-0.2970,-0.1099,0.7744,0.2104,0.0439,0,0.00,0.138,0.136,0.072,SHIFT,0.6673,-0.2814,1.9524,0.1790,0.2729,-0.1006,0.4979,-0.3835,0.0145,1,0.00,0.005,0.125,0.003,SHIFT,-0.2850,-0.2289,1.7966,-0.0649,-0.3366,-0.1103,0.6412,0.2915,0.0281,0,0.00,0.116,0.063,0.096,SHIFT,-0.1782,-0.1735,1.7352,0.0414,0.3450,-0.1198,0.2377,-0.1710,0.0286,0,0.00,0.033,0.197,0.075,SHIFT,-0.2626,-0.2585,1.7273,-0.3362,-0.1381,-0.1045,0.3152,0.2029,0.0270,0,0.00,0.062,0.262,0.089,SHIFT,-0.2178,-0.1611,1.6620,-0.2794,0.2392,-0.1216
12.709,856,placemove,0.5818,-0.0554,0.1371,0.0364,0.0060,-0.0547,0.0020,0.0132,-0.0249,-0.1266,-0.0480,-0.0117,1.000,0.000,0.0325,0.0041,0.0364,0.0060,-0.0547,0.1224,1,0.7583,-0.3582,0.0148,1,1.74,0.088,0.230,0.609,SHIFT,-0.6481,-0.2262,1.7280,0.1936,-0.2970,-0.1104,0.7762,0.2145,0.0387,0,0.00,0.000,0.117,0.097,SHIFT,0.6691,-0.2332,1.8922,0.1801,0.2767,-0.1090,0.4980,-0.3835,0.0147,1,0.69,0.050,0.122,0.049,SHIFT,-0.2855,-0.2267,1.7957,-0.0650,-0.3364,-0.1107,0.6413,0.2914,0.0220,0,0.00,0.004,0.119,0.097,SHIFT,-0.1770,-0.1197,1.6892,0.0412,0.3453,-0.1291,0.2374,-0.1704,0.0230,0,0.00,0.026,0.084,0.081,SHIFT,-0.2646,-0.2109,1.6871,-0.3371,-0.1378,-0.1127,0.3147,0.2047,0.0161,0,0.00,0.018,0.107,0.099,SHIFT,-0.2196,-0.0945,1.5954,-0.2802,0.2406,-0.1331
12.761,860,placemove,0.5830,-0.0559,0.1406,0.0440,0.0174,-0.0540,0.0788,-0.0841,0.3234,0.8678,0.3366,-0.0936,1.000,0.000,0.0340,0.0069,0.0440,0.0174,-0.0540,0.1256,1,0.7585,-0.3582,0.0145,1,9.27,1.541,2.940,1.620,SHIFT,-0.6487,-0.2293,1.7259,0.1937,-0.2976,-0.1098,0.7764,0.2179,0.0299,0,0.00,0.139,0.442,0.099,SHIFT,0.6719,-0.1665,1.8255,0.1804,0.2791,-0.1204,0.4978,-0.3829,0.0161,1,0.00,0.117,0.263,0.011,SHIFT,-0.2866,-0.2251,1.7950,-0.0652,-0.3363,-0.1109,0.6406,0.2936,0.0148,0,34.07,0.557,2.940,2.940,SHIFT,-0.1747,-0.0536,1.6245,0.0408,0.3462,-0.1406,0.2350,-0.1694,0.0172,0,0.00,0.006,0.401,0.069,SHIFT,-0.2678,-0.1443,1.6203,-0.3393,-0.1376,-0.1242,0.3145,0.2051,0.0142,1,0.00,0.022,0.074,0.215,SHIFT,-0.2192,-0.0457,1.5587,-0.2794,0.2397,-0.1417
12.870,864,placemove,0.5847,-0.0579,0.1465,0.0462,0.0252,-0.0558,0.1369,-0.1001,0.2942,0.0704,0.2413,-0.1757,1.000,0.000,0.0383,0.0131,0.0462,0.0252,-0.0558,0.1263,1,0.7578,-0.3587,0.0147,1,0.00,0.033,0.087,0.020,SHIFT,-0.6500,-0.2101,1.7209,0.1929,-0.2965,-0.1132,0.7769,0.2186,0.0241,0,0.00,0.060,0.095,0.098,SHIFT,0.6776,-0.0998,1.7588,0.1798,0.2810,-0.1320,0.4974,-0.3838,0.0204,0,0.00,0.049,0.010,0.005,SHIFT,-0.2893,-0.2196,1.7925,-0.0658,-0.3359,-0.1119,0.6413,0.2914,0.0248,1,0.00,0.029,0.114,0.101,SHIFT,-0.1736,-0.0869,1.6591,0.0404,0.3456,-0.1348,0.2349,-0.1692,0.0167,1,0.00,0.032,0.098,0.082,SHIFT,-0.2703,-0.1112,1.5932,-0.3393,-0.1369,-0.1300,0.3164,0.2017,0.0289,0,0.00,0.053,0.122,0.100,SHIFT,-0.2150,-0.0929,1.6115,-0.2790,0.2380,-0.1336
12.937,868,placemove,0.5869,-0.0595,0.1502,0.0473,0.0326,-0.0581,0.0754,-0.0962,0.2318,0.4979,0.0590,-0.0873,1.000,0.000,0.0404,0.0197,0.0473,0.0326,-0.0581,0.1355,1,0.7576,-0.3602,0.0148,1,15.04,2.607,0.788,1.976,SHIFT,-0.6521,-0.1978,1.7161,0.1922,-0.2960,-0.1154,0.7778,0.2184,0.0150,0,39.87,2.940,2.940,2.940,SHIFT,0.6838,-0.0364,1.6959,0.1788,0.2821,-0.1430,0.4973,-0.3848,0.0243,0,0.00,0.098,0.391,0.052,SHIFT,-0.2924,-0.2171,1.7911,-0.0664,-0.3356,-0.1123,0.6429,0.2880,0.0399,0,0.00,0.236,0.737,0.048,SHIFT,-0.1698,-0.1536,1.7258,0.0393,0.3444,-0.1232,0.2376,-0.1696,0.0276,0,0.00,0.037,0.192,0.039,SHIFT,-0.2718,-0.1234,1.6131,-0.3381,-0.1362,-0.1280,0.3195,0.1989,0.0464,0,0.00,0.182,0.056,0.093,SHIFT,-0.2136,-0.1596,1.6782,-0.2781,0.2367,-0.1220
13.011,872,placemove,0.5876,-0.0610,0.1538,0.0573,0.0268,-0.0612,0.0357,-0.0893,0.1747,0.4409,-0.3860,-0.2087,1.000,0.000,0.0441,0.0240,0.0573,0.0268,-0.0612,0.1369,1,0.7576,-0.3603,0.0147,1,0.00,0.000,0.089,0.015,SHIFT,-0.6535,-0.1870,1.7114,0.1916,-0.2956,-0.1173,0.7780,0.2155,0.0181,1,0.00,0.034,0.082,0.004,SHIFT,0.6874,-0.0168,1.6976,0.1769,0.2795,-0.1462,0.4972,-0.3844,0.0238,0,0.00,0.014,0.011,0.004,SHIFT,-0.2949,-0.2130,1.7892,-0.0669,-0.3353,-0.1130,0.6445,0.2877,0.0523,0,0.00,0.045,0.217,0.009,SHIFT,-0.1654,-0.1704,1.7345,0.0384,0.3453,-0.1203,0.2379,-0.1674,0.0187,0,0.00,0.049,0.224,0.047,SHIFT,-0.2759,-0.0673,1.5604,-0.3387,-0.1354,-0.1378,0.3207,0.1998,0.0602,0,0.00,0.008,0.016,0.036,SHIFT,-0.2135,-0.2006,1.6971,-0.2796,0.2381,-0.1147
13.077,876,placemove,0.5886,-0.0620,0.1566,0.0578,0.0317,-0.0617,0.0848,-0.0321,0.1353,-0.1241,0.4387,0.0165,1.000,0.000,0.0489,0.0247,0.0578,0.0317,-0.0617,0.1418,1,0.7576,-0.3606,0.0148,1,0.00,0.004,0.101,0.020,SHIFT,-0.6530,-0.1775,1.7080,0.1915,-0.2950,-0.1190,0.7786,0.2145,0.0251,0,0.00,0.022,0.140,0.027,SHIFT,0.6887,-0.0413,1.7199,0.1767,0.2798,-0.1419,0.4973,-0.3845,0.0248,0,0.00,0.009,0.047,0.010,SHIFT,-0.2961,-0.2038,1.7856,-0.0670,-0.3347,-0.1146,0.6449,0.2887,0.0469,0,0.00,0.038,0.132,0.047,SHIFT,-0.1627,-0.1155,1.6805,0.0380,0.3466,-0.1298,0.2379,-0.1662,0.0144,1,0.00,0.029,0.044,0.039,SHIFT,-0.2802,-0.0258,1.5213,-0.3390,-0.1343,-0.1451,0.3205,0.2013,0.0567,0,0.00,0.021,0.116,0.030,SHIFT,-0.2158,-0.1489,1.6453,-0.2804,0.2396,-0.1236
13.156,880,placemove,0.5898,-0.0622,0.1575,0.0524,0.0363,-0.0617,0.0724,-0.0065,-0.0209,-0.4957,0.2862,0.0183,1.000,0.000,0.0501,0.0281,0.0524,0.0363,-0.0617,0.1423,1,0.7579,-0.3610,0.0151,1,0.00,0.015,0.022,0.006,SHIFT,-0.6538,-0.1710,1.7051,0.1912,-0.2948,-0.1201,0.7788,0.2139,0.0254,0,0.00,0.029,0.055,0.003,SHIFT,0.6910,-0.0459,1.7237,0.1763,0.2801,-0.1411,0.4976,-0.3849,0.0266,0,0.00,0.027,0.162,0.001,SHIFT,-0.2978,-0.1940,1.7792,-0.0673,-0.3345,-0.1162,0.6448,0.2888,0.0415,0,0.00,0.029,0.061,0.017,SHIFT,-0.1601,-0.0936,1.6590,0.0375,0.3470,-0.1336,0.2380,-0.1667,0.0172,0,0.00,0.025,0.158,0.012,SHIFT,-0.2819,-0.0193,1.5124,-0.3394,-0.1340,-0.1462,0.3205,0.2017,0.0509,0,0.00,0.016,0.005,0.022,SHIFT,-0.2159,-0.1123,1.6091,-0.2810,0.2401,-0.1300
13.209,884,placemove,0.5911,-0.0622,0.1557,0.0424,0.0385,-0.0619,0.0725,-0.0033,-0.1812,-0.5783,0.1471,0.0081,1.000,0.000,0.0466,0.0314,0.0424,0.0385,-0.0619,nan,1,0.7583,-0.3626,0.0160,0,0.00,0.022,0.014,0.002,SHIFT,-0.6556,-0.1714,1.7047,0.1909,-0.2950,-0.1201,0.7790,0.2124,0.0196,0,0.00,0.008,0.038,0.009,SHIFT,0.6927,-0.0386,1.7200,0.1758,0.2797,-0.1423,0.4972,-0.3860,0.0184,0,0.00,0.045,0.096,0.057,SHIFT,-0.3013,-0.1297,1.7224,-0.0683,-0.3349,-0.1273,0.6450,0.2874,0.0353,0,0.00,0.013,0.035,0.008,SHIFT,-0.1581,-0.0866,1.6554,0.0370,0.3467,-0.1349,0.2382,-0.1684,0.0172,0,0.00,0.022,0.029,0.005,SHIFT,-0.2811,-0.0194,1.5086,-0.3399,-0.1344,-0.1461,0.3208,0.2003,0.0474,0,0.00,0.029,0.004,0.001,SHIFT,-0.2135,-0.1112,1.6073,-0.2815,0.2398,-0.1302
13.294,888,placemove,0.5915,-0.0618,0.1545,0.0244,0.0430,-0.0613,-0.0118,0.0427,0.0192,-0.9461,0.2946,0.1204,1.000,0.000,0.0384,0.0343,0.0244,0.0430,-0.0613,0.1374,1,0.7583,-0.3652,0.0199,0,0.00,0.042,0.050,0.010,SHIFT,-0.6580,-0.1797,1.7072,0.1906,-0.2958,-0.1186,0.7795,0.2108,0.0154,1,0.00,0.279,0.006,0.024,SHIFT,0.6877,-0.0659,1.7417,0.1770,0.2799,-0.1377,0.4973,-0.3869,0.0158,1,0.00,0.130,0.048,0.054,SHIFT,-0.3010,-0.1056,1.7101,-0.0679,-0.3337,-0.1315,0.6441,0.2849,0.0252,0,0.00,0.032,0.095,0.019,SHIFT,-0.1569,-0.0723,1.6490,0.0365,0.3458,-0.1374,0.2379,-0.1718,0.0210,0,0.00,0.059,0.082,0.020,SHIFT,-0.2774,-0.0295,1.5142,-0.3404,-0.1354,-0.1443,0.3201,0.1976,0.0420,0,0.00,0.069,0.024,0.004,SHIFT,-0.2096,-0.1065,1.6053,-0.2819,0.2388,-0.1310
13.358,892,placemove,0.5914,-0.0612,0.1534,0.0117,0.0463,-0.0609,-0.0072,0.0089,-0.0838,0.1668,-0.0468,-0.0525,1.000,0.000,0.0261,0.0378,0.0117,0.0463,-0.0609,nan,1,0.7576,-0.3676,0.0255,0,0.00,0.042,0.531,0.076,SHIFT,-0.6615,-0.1955,1.7123,0.1902,-0.2972,-0.1158,0.7799,0.2079,0.0212,0,0.00,0.057,0.873,0.059,SHIFT,0.6826,-0.1325,1.8084,0.1776,0.2784,-0.1260,0.4988,-0.3873,0.0317,0,0.00,0.055,0.518,0.163,SHIFT,-0.2986,-0.1722,1.7768,-0.0669,-0.3323,-0.1199,0.6421,0.2823,0.0150,0,40.05,1.280,2.940,2.940,SHIFT,-0.1558,-0.0507,1.6393,0.0360,0.3443,-0.1411,0.2368,-0.1752,0.0262,0,0.00,0.155,0.469,0.072,SHIFT,-0.2712,-0.0446,1.5228,-0.3408,-0.1371,-0.1416,0.3185,0.1948,0.0369,0,0.00,0.136,0.519,0.055,SHIFT,-0.2035,-0.0964,1.6010,-0.2824,0.2373,-0.1328
13.433,896,placemove,0.5913,-0.0612,0.1511,0.0238,0.0441,-0.0611,-0.0099,-0.0012,-0.2151,0.5781,-0.1661,-0.0464,1.000,0.000,0.0201,0.0397,0.0238,0.0441,-0.0611,0.1270,1,0.7573,-0.3673,0.0226,0,0.00,0.018,0.024,0.008,SHIFT,-0.6639,-0.2064,1.7156,0.1899,-0.2981,-0.1139,0.7800,0.2072,0.0341,0,0.00,0.026,0.091,0.105,SHIFT,0.6828,-0.1992,1.8751,0.1769,0.2766,-0.1145,0.4984,-0.3884,0.0371,0,0.00,0.003,0.122,0.005,SHIFT,-0.2983,-0.2389,1.8052,-0.0678,-0.3355,-0.1086,0.6441,0.2822,0.0227,1,0.00,0.048,0.088,0.105,SHIFT,-0.1631,-0.0935,1.6859,0.0375,0.3429,-0.1336,0.2365,-0.1748,0.0240,0,0.00,0.023,0.036,0.012,SHIFT,-0.2671,-0.0552,1.5287,-0.3411,-0.1382,-0.1396,0.3183,0.1951,0.0356,0,0.00,0.025,0.013,0.005,SHIFT,-0.1993,-0.0896,1.5981,-0.2827,0.2362,-0.1340
13.486,900,placemove,0.5911,-0.0613,0.1464,0.0350,0.0381,-0.0617,-0.0106,-0.0073,-0.3429,0.6505,-0.4742,-0.0639,1.000,0.000,0.0227,0.0389,0.0350,0.0381,-0.0617,nan,1,0.7576,-0.3662,0.0158,0,0.00,0.008,0.021,0.003,SHIFT,-0.6637,-0.2051,1.7152,0.1900,-0.2980,-0.1141,0.7795,0.2071,0.0316,0,0.00,0.035,0.104,0.045,SHIFT,0.6859,-0.1699,1.8608,0.1758,0.2757,-0.1193,0.4978,-0.3900,0.0336,0,0.00,0.001,0.007,0.004,SHIFT,-0.2984,-0.2595,1.8060,-0.0684,-0.3375,-0.1050,0.6455,0.2816,0.0337,0,0.00,0.013,0.105,0.103,SHIFT,-0.1641,-0.1601,1.7526,0.0375,0.3414,-0.1221,0.2370,-0.1731,0.0162,0,0.00,0.018,0.034,0.005,SHIFT,-0.2675,-0.0543,1.5282,-0.3411,-0.1381,-0.1398,0.3191,0.1965,0.0323,0,0.00,0.024,0.011,0.002,SHIFT,-0.1997,-0.0905,1.5985,-0.2827,0.2363,-0.1339
13.569,904,placemove,0.5917,-0.0595,0.1428,0.0204,0.0403,-0.0627,-0.0080,0.1093,-0.2049,-0.4544,-0.2119,-0.1115,1.000,0.000,0.0240,0.0374,0.0204,0.0403,-0.0627,0.1257,1,0.7580,-0.3658,0.0148,1,11.21,2.940,2.458,0.680,SHIFT,-0.6628,-0.2032,1.7148,0.1901,-0.2977,-0.1144,0.7794,0.2089,0.0127,0,45.49,2.940,2.940,2.940,SHIFT,0.6889,-0.1143,1.8066,0.1756,0.2770,-0.1289,0.4971,-0.3899,0.0256,0,0.00,0.203,0.394,0.010,SHIFT,-0.3000,-0.2022,1.7595,-0.0690,-0.3380,-0.1148,0.6459,0.2794,0.0370,0,0.00,0.127,0.575,0.086,SHIFT,-0.1645,-0.2268,1.8193,0.0372,0.3392,-0.1106,0.2380,-0.1733,0.0184,1,0.00,0.125,0.073,0.105,SHIFT,-0.2657,-0.0848,1.5601,-0.3405,-0.1384,-0.1345,0.3197,0.1972,0.0262,0,0.00,0.107,0.242,0.031,SHIFT,-0.2013,-0.0910,1.5986,-0.2825,0.2366,-0.1338
13.647,908,placemove,0.5903,-0.0586,0.1408,0.0145,0.0292,-0.0651,-0.0580,0.1092,-0.0594,-2.1776,0.0655,-0.0016,1.000,0.000,0.0215,0.0340,0.0145,0.0292,-0.0651,0.1241,1,0.7576,-0.3661,0.0163,1,0.00,0.052,0.379,0.026,SHIFT,-0.6621,-0.2096,1.7173,0.1904,-0.2980,-0.1133,0.7807,0.2071,0.0188,1,0.00,0.093,0.340,0.130,SHIFT,0.6838,-0.1607,1.8557,0.1761,0.2752,-0.1208,0.4955,-0.3897,0.0135,1,23.54,0.295,1.627,2.940,SHIFT,-0.3009,-0.1459,1.7112,-0.0693,-0.3385,-0.1246,0.6472,0.2822,0.0381,0,0.00,0.004,0.238,0.043,SHIFT,-0.1636,-0.2341,1.8054,0.0375,0.3421,-0.1094,0.2396,-0.1728,0.0240,0,0.00,0.070,0.524,0.068,SHIFT,-0.2623,-0.1515,1.6268,-0.3389,-0.1389,-0.1229,0.3207,0.1982,0.0189,0,0.00,0.011,0.087,0.009,SHIFT,-0.2013,-0.0840,1.5954,-0.2821,0.2363,-0.1350
13.751,912,placemove,0.5902,-0.0572,0.1391,0.0042,0.0423,-0.0696,0.0130,0.0693,-0.1445,-0.0982,0.9676,-0.3351,1.000,0.000,0.0132,0.0316,0.0042,0.0423,-0.0696,0.1211,1,0.7552,-0.3676,0.0195,0,0.00,0.030,0.057,0.017,SHIFT,-0.6619,-0.2245,1.7229,0.1908,-0.2988,-0.1106,0.7805,0.2051,0.0170,0,0.00,0.013,0.326,0.015,SHIFT,0.6800,-0.1791,1.8744,0.1767,0.2743,-0.1177,0.4942,-0.3887,0.0211,0,0.00,0.071,0.063,0.021,SHIFT,-0.2959,-0.1830,1.7496,-0.0679,-0.3376,-0.1182,0.6468,0.2841,0.0201,0,0.00,0.005,0.154,0.092,SHIFT,-0.1635,-0.1674,1.7398,0.0378,0.3442,-0.1208,0.2382,-0.1721,0.0363,0,0.00,0.015,0.219,0.026,SHIFT,-0.2604,-0.1868,1.6539,-0.3390,-0.1394,-0.1167,0.3204,0.1981,0.0164,1,0.00,0.031,0.068,0.006,SHIFT,-0.2010,-0.0898,1.6080,-0.2813,0.2355,-0.1341
13.828,916,placemove,0.5895,-0.0574,0.1379,0.0232,0.0359,-0.0726,-0.0827,-0.0405,-0.0398,0.3147,-1.0810,-0.1685,1.000,0.000,0.0117,0.0349,0.0232,0.0359,-0.0726,0.1179,1,0.7537,-0.3667,0.0143,0,8.25,0.314,0.032,1.664,SHIFT,-0.6636,-0.2282,1.7240,0.1905,-0.2991,-0.1100,0.7811,0.2049,0.0201,1,0.00,0.050,0.068,0.107,SHIFT,0.6789,-0.1878,1.8932,0.1762,0.2726,-0.1160,0.4941,-0.3852,0.0249,0,0.00,0.059,0.249,0.021,SHIFT,-0.2952,-0.2497,1.8056,-0.0674,-0.3368,-0.1067,0.6475,0.2856,0.0163,1,0.00,0.189,0.170,0.047,SHIFT,-0.1639,-0.1341,1.7188,0.0377,0.3432,-0.1266,0.2358,-0.1691,0.0220,0,0.00,0.041,0.104,0.090,SHIFT,-0.2603,-0.1251,1.5931,-0.3404,-0.1398,-0.1274,0.3227,0.1998,0.0301,0,0.00,0.030,0.004,0.108,SHIFT,-0.2000,-0.1565,1.6747,-0.2804,0.2344,-0.1225
13.934,920,placemove,0.5899,-0.0570,0.1380,0.0155,0.0430,-0.0724,0.1052,0.0744,0.0056,-0.6683,0.9977,0.0704,1.000,0.000,0.0157,0.0332,0.0155,0.0430,-0.0724,0.1217,1,0.7535,-0.3666,0.0143,1,0.00,0.007,0.010,0.004,SHIFT,-0.6622,-0.2230,1.7222,0.1907,-0.2987,-0.1109,0.7811,0.2038,0.0292,0,0.00,0.005,0.082,0.015,SHIFT,0.6783,-0.2544,1.9403,0.1765,0.2729,-0.1050,0.4932,-0.3874,0.0318,0,0.00,0.004,0.018,0.001,SHIFT,-0.2951,-0.2702,1.8099,-0.0679,-0.3382,-0.1032,0.6481,0.2829,0.0258,0,0.00,0.001,0.078,0.105,SHIFT,-0.1670,-0.2008,1.7855,0.0381,0.3412,-0.1151,0.2353,-0.1685,0.0165,1,0.00,0.030,0.368,0.070,SHIFT,-0.2628,-0.0969,1.5724,-0.3400,-0.1391,-0.1324,0.3244,0.1980,0.0410,0,0.00,0.003,0.140,0.099,SHIFT,-0.2014,-0.2231,1.7414,-0.2785,0.2332,-0.1111
13.985,924,placemove,0.5917,-0.0557,0.1372,0.0041,0.0561,-0.0710,0.1070,0.0876,-0.0735,-0.6453,0.8018,0.1262,1.000,0.000,0.0122,0.0390,0.0041,0.0561,-0.0710,0.1229,1,0.7536,-0.3665,0.0143,1,2.85,0.639,0.084,0.450,SHIFT,-0.6645,-0.2216,1.7211,0.1901,-0.2989,-0.1112,0.7814,0.2058,0.0263,0,0.00,0.047,0.079,0.002,SHIFT,0.6799,-0.2655,1.9410,0.1766,0.2740,-0.1033,0.4935,-0.3877,0.0342,0,0.00,0.031,0.201,0.022,SHIFT,-0.2973,-0.2520,1.7938,-0.0685,-0.3386,-0.1063,0.6471,0.2831,0.0258,0,0.00,0.094,0.106,0.077,SHIFT,-0.1630,-0.2131,1.7943,0.0372,0.3414,-0.1130,0.2352,-0.1694,0.0218,0,0.00,0.069,0.054,0.070,SHIFT,-0.2623,-0.0822,1.5544,-0.3407,-0.1394,-0.1349,0.3268,0.1954,0.0527,0,0.00,0.086,0.137,0.002,SHIFT,-0.1998,-0.2898,1.8057,-0.2768,0.2312,-0.0998
14.065,928,placemove,0.5930,-0.0546,0.1363,0.0026,0.0594,-0.0713,0.0063,-0.0077,0.1115,1.1374,-0.4600,-0.1945,1.000,0.000,0.0054,0.0472,0.0026,0.0594,-0.0713,0.1220,1,0.7537,-0.3664,0.0142,1,19.24,1.570,2.940,0.309,SHIFT,-0.6689,-0.2260,1.7206,0.1894,-0.2999,-0.1103,0.7811,0.2062,0.0199,0,0.00,0.059,0.458,0.009,SHIFT,0.6825,-0.2472,1.9336,0.1757,0.2734,-0.1062,0.4918,-0.3884,0.0242,0,0.00,0.025,0.207,0.090,SHIFT,-0.3033,-0.1853,1.7284,-0.0705,-0.3404,-0.1177,0.6458,0.2847,0.0146,1,31.49,1.104,2.940,2.940,SHIFT,-0.1561,-0.1674,1.7570,0.0357,0.3419,-0.1208,0.2341,-0.1694,0.0169,0,0.00,0.001,0.019,0.027,SHIFT,-0.2607,-0.0517,1.5155,-0.3422,-0.1402,-0.1401,0.3251,0.1981,0.0621,0,0.00,0.112,0.331,0.039,SHIFT,-0.1958,-0.3388,1.8086,-0.2807,0.2333,-0.0911
14.129,932,placemove,0.5928,-0.0562,0.1416,0.0156,0.0523,-0.0715,0.0381,-0.0297,0.4864,-0.4697,0.1213,0.0454,1.000,0.000,0.0076,0.0489,0.0156,0.0523,-0.0715,0.1263,1,0.7536,-0.3664,0.0150,1,0.00,0.085,0.440,0.031,SHIFT,-0.6703,-0.2215,1.7189,0.1890,-0.2998,-0.1112,0.7813,0.2070,0.0220,0,0.00,0.047,0.459,0.026,SHIFT,0.6863,-0.1913,1.8889,0.1752,0.2741,-0.1155,0.4902,-0.3884,0.0140,1,30.46,0.356,2.940,2.940,SHIFT,-0.3078,-0.1353,1.6832,-0.0718,-0.3407,-0.1264,0.6457,0.2847,0.0141,1,5.21,0.861,2.940,2.133,SHIFT,-0.1535,-0.1076,1.7087,0.0351,0.3417,-0.1311,0.2340,-0.1687,0.0158,1,0.00,0.144,0.373,0.038,SHIFT,-0.2611,-0.0493,1.5096,-0.3427,-0.1402,-0.1405,0.3228,0.1998,0.0591,0,0.00,0.227,0.214,0.003,SHIFT,-0.1932,-0.2755,1.7506,-0.2830,0.2345,-0.1017
14.231,936,placemove,0.5932,-0.0567,0.1474,0.0118,0.0471,-0.0716,0.0295,-0.0289,0.2764,-0.2323,-0.2865,0.0109,1.000,0.000,0.0102,0.0470,0.0118,0.0471,-0.0716,nan,1,0.7547,-0.3669,0.0223,0,0.00,0.007,0.003,0.002,SHIFT,-0.6693,-0.2167,1.7178,0.1891,-0.2993,-0.1120,0.7814,0.2072,0.0165,0,0.00,0.027,0.102,0.084,SHIFT,0.6893,-0.1246,1.8276,0.1749,0.2753,-0.1269,0.4937,-0.3885,0.0299,0,0.00,0.048,0.096,0.104,SHIFT,-0.3010,-0.2019,1.7498,-0.0696,-0.3393,-0.1149,0.6484,0.2819,0.0284,0,0.00,0.040,0.099,0.103,SHIFT,-0.1609,-0.1742,1.7754,0.0365,0.3399,-0.1196,0.2363,-0.1700,0.0313,0,0.00,0.019,0.098,0.103,SHIFT,-0.2601,-0.1160,1.5763,-0.3417,-0.1402,-0.1288,0.3217,0.2004,0.0517,0,0.00,0.003,0.102,0.082,SHIFT,-0.1932,-0.2088,1.6893,-0.2845,0.2358,-0.1131
14.289,940,placemove,0.5933,-0.0572,0.1514,0.0194,0.0430,-0.0683,0.0042,-0.0301,0.1721,0.2919,0.1475,0.2397,1.000,0.000,0.0121,0.0429,0.0194,0.0430,-0.0683,0.1286,1,0.7567,-0.3661,0.0256,0,0.00,0.037,0.051,0.006,SHIFT,-0.6675,-0.2175,1.7187,0.1894,-0.2991,-0.1119,0.7819,0.2069,0.0209,1,0.00,0.065,0.098,0.104,SHIFT,0.6841,-0.1263,1.8372,0.1755,0.2738,-0.1265,0.4969,-0.3873,0.0428,0,0.00,0.027,0.217,0.089,SHIFT,-0.2990,-0.2667,1.8058,-0.0688,-0.3382,-0.1038,0.6487,0.2796,0.0463,0,0.00,0.001,0.090,0.090,SHIFT,-0.1628,-0.2409,1.8417,0.0365,0.3375,-0.1082,0.2382,-0.1704,0.0378,0,0.00,0.012,0.292,0.014,SHIFT,-0.2615,-0.1320,1.5936,-0.3413,-0.1397,-0.1261,0.3199,0.2015,0.0446,0,0.00,0.003,0.189,0.049,SHIFT,-0.1939,-0.1421,1.6240,-0.2858,0.2371,-0.1246
14.402,944,placemove,0.5934,-0.0577,0.1530,0.0190,0.0477,-0.0641,0.0080,-0.0305,0.0321,-0.0552,-0.0086,0.2375,1.000,0.000,0.0152,0.0419,0.0190,0.0477,-0.0641,nan,1,0.7577,-0.3655,0.0259,0,0.00,0.014,0.065,0.010,SHIFT,-0.6662,-0.2144,1.7179,0.1897,-0.2988,-0.1124,0.7806,0.2051,0.0335,0,0.00,0.009,0.123,0.102,SHIFT,0.6823,-0.1929,1.9039,0.1752,0.2719,-0.1150,0.4976,-0.3887,0.0440,0,0.00,0.025,0.136,0.061,SHIFT,-0.2995,-0.2461,1.7891,-0.0690,-0.3385,-0.1073,0.6481,0.2817,0.0578,0,0.00,0.025,0.104,0.054,SHIFT,-0.1631,-0.2895,1.8534,0.0371,0.3407,-0.1000,0.2374,-0.1716,0.0310,0,0.00,0.019,0.126,0.079,SHIFT,-0.2638,-0.0734,1.5406,-0.3417,-0.1392,-0.1364,0.3199,0.1988,0.0378,0,0.00,0.003,0.065,0.039,SHIFT,-0.1956,-0.0912,1.5979,-0.2835,0.2357,-0.1338
14.470,948,placemove,0.5936,-0.0583,0.1520,0.0219,0.0435,-0.0604,0.0072,-0.0341,-0.1231,0.2371,-0.3718,0.2075,1.000,0.000,0.0168,0.0417,0.0219,0.0435,-0.0604,nan,1,0.7594,-0.3650,0.0248,0,0.00,0.008,0.001,0.000,SHIFT,-0.6658,-0.2115,1.7170,0.1897,-0.2986,-0.1129,0.7811,0.2063,0.0449,0,0.00,0.003,0.240,0.068,SHIFT,0.6825,-0.2559,1.9384,0.1758,0.2736,-0.1048,0.4976,-0.3904,0.0310,0,0.00,0.037,0.158,0.089,SHIFT,-0.3026,-0.1795,1.7251,-0.0703,-0.3402,-0.1187,0.6468,0.2839,0.0490,0,0.00,0.036,0.075,0.044,SHIFT,-0.1603,-0.2276,1.7975,0.0368,0.3427,-0.1105,0.2385,-0.1728,0.0267,0,0.00,0.002,0.026,0.001,SHIFT,-0.2649,-0.0639,1.5334,-0.3415,-0.1389,-0.1380,0.3200,0.1972,0.0356,0,0.00,0.003,0.005,0.001,SHIFT,-0.1964,-0.0878,1.5973,-0.2831,0.2356,-0.1344
14.564,952,placemove,0.5936,-0.0588,0.1488,0.0288,0.0354,-0.0573,-0.0035,-0.0040,-0.2095,-0.3176,0.0806,0.0374,1.000,0.000,0.0202,0.0384,0.0288,0.0354,-0.0573,nan,1,0.7619,-0.3638,0.0207,0,0.00,0.266,0.420,0.040,SHIFT,-0.6643,-0.2095,1.7167,0.1899,-0.2983,-0.1133,0.7817,0.2090,0.0408,0,0.00,0.131,0.792,0.071,SHIFT,0.6839,-0.2138,1.8978,0.1761,0.2751,-0.1119,0.4983,-0.3915,0.0131,0,44.31,1.702,2.940,2.940,SHIFT,-0.3048,-0.1217,1.6679,-0.0712,-0.3414,-0.1287,0.6464,0.2868,0.0377,0,0.00,0.140,0.694,0.041,SHIFT,-0.1585,-0.1609,1.7310,0.0368,0.3449,-0.1220,0.2405,-0.1732,0.0182,0,0.00,0.268,0.907,0.120,SHIFT,-0.2661,-0.0566,1.5296,-0.3411,-0.1385,-0.1394,0.3208,0.1970,0.0319,0,0.00,0.154,0.060,0.013,SHIFT,-0.1985,-0.0872,1.5970,-0.2827,0.2359,-0.1345
14.638,956,placemove,0.5938,-0.0583,0.1454,0.0030,0.0439,-0.0581,0.0037,0.0128,-0.2246,-0.5638,0.2197,-0.0343,1.000,0.000,0.0174,0.0367,0.0030,0.0439,-0.0581,0.1201,1,0.7612,-0.3663,0.0236,0,0.00,0.014,0.452,0.064,SHIFT,-0.6633,-0.2131,1.7183,0.1902,-0.2983,-0.1127,0.7805,0.2086,0.0176,0,0.00,0.021,0.693,0.135,SHIFT,0.6855,-0.1471,1.8323,0.1764,0.2770,-0.1234,0.4996,-0.3930,0.0239,1,0.00,0.028,0.552,0.177,SHIFT,-0.2978,-0.1591,1.7130,-0.0691,-0.3400,-0.1223,0.6448,0.2862,0.0138,0,47.68,0.629,2.940,2.940,SHIFT,-0.1574,-0.1070,1.6757,0.0367,0.3464,-0.1313,0.2397,-0.1758,0.0200,0,0.00,0.029,0.455,0.058,SHIFT,-0.2655,-0.0523,1.5277,-0.3408,-0.1386,-0.1402,0.3200,0.1945,0.0241,0,0.00,0.002,0.442,0.043,SHIFT,-0.1993,-0.0825,1.5948,-0.2824,0.2359,-0.1353
14.765,960,placemove,0.5935,-0.0595,0.1432,0.0264,0.0415,-0.0567,0.0415,-0.0837,-0.1366,0.8885,0.7387,0.1532,1.000,0.000,0.0150,0.0362,0.0264,0.0415,-0.0567,0.1229,1,0.7615,-0.3654,0.0173,0,0.00,0.049,0.042,0.001,SHIFT,-0.6639,-0.2200,1.7206,0.1902,-0.2988,-0.1114,0.7807,0.2086,0.0188,1,0.00,0.034,0.114,0.097,SHIFT,0.6814,-0.1471,1.8447,0.1766,0.2750,-0.1231,0.5014,-0.3900,0.0258,0,0.00,0.040,0.118,0.109,SHIFT,-0.2965,-0.2258,1.7797,-0.0681,-0.3379,-0.1108,0.6466,0.2859,0.0250,1,0.00,0.059,0.107,0.098,SHIFT,-0.1648,-0.1483,1.7220,0.0382,0.3445,-0.1241,0.2402,-0.1750,0.0141,1,5.58,0.655,1.104,2.233,SHIFT,-0.2633,-0.0549,1.5306,-0.3406,-0.1391,-0.1397,0.3202,0.1952,0.0244,0,0.00,0.095,0.007,0.005,SHIFT,-0.1977,-0.0769,1.5923,-0.2823,0.2353,-0.1363
