# SLARC V8.21-servolimits | rise=0.150 run=0.280 | balance=AN foothold=AN freeze=AUS entry=AN | G_Z=-0.120 G_STEP=0.060
t,frame,mode,bx,by,bz,roll,pitch,yaw,vx,vy,vz,wx,wy,wz,cmd_vx,cmd_yaw,roll_bal,pitch_bal,est_roll,est_pitch,est_yaw,est_height,frozen,front_right_fx,front_right_fy,front_right_fz,front_right_contact,front_right_force,front_right_tau_coxa,front_right_tau_femur,front_right_tau_tibia,front_right_state,front_right_th_c,front_right_th_f,front_right_th_t,front_right_rfx,front_right_rfy,front_right_rfz,front_left_fx,front_left_fy,front_left_fz,front_left_contact,front_left_force,front_left_tau_coxa,front_left_tau_femur,front_left_tau_tibia,front_left_state,front_left_th_c,front_left_th_f,front_left_th_t,front_left_rfx,front_left_rfy,front_left_rfz,mid_right_fx,mid_right_fy,mid_right_fz,mid_right_contact,mid_right_force,mid_right_tau_coxa,mid_right_tau_femur,mid_right_tau_tibia,mid_right_state,mid_right_th_c,mid_right_th_f,mid_right_th_t,mid_right_rfx,mid_right_rfy,mid_right_rfz,mid_left_fx,mid_left_fy,mid_left_fz,mid_left_contact,mid_left_force,mid_left_tau_coxa,mid_left_tau_femur,mid_left_tau_tibia,mid_left_state,mid_left_th_c,mid_left_th_f,mid_left_th_t,mid_left_rfx,mid_left_rfy,mid_left_rfz,rear_right_fx,rear_right_fy,rear_right_fz,rear_right_contact,rear_right_force,rear_right_tau_coxa,rear_right_tau_femur,rear_right_tau_tibia,rear_right_state,rear_right_th_c,rear_right_th_f,rear_right_th_t,rear_right_rfx,rear_right_rfy,rear_right_rfz,rear_left_fx,rear_left_fy,rear_left_fz,rear_left_contact,rear_left_force,rear_left_tau_coxa,rear_left_tau_femur,rear_left_tau_tibia,rear_left_state,rear_left_th_c,rear_left_th_f,rear_left_th_t,rear_left_rfx,rear_left_rfy,rear_left_rfz
0.000,4,placemove,0.6128,-0.0029,0.1327,-0.0001,0.0019,0.0124,0.0292,0.0022,0.0087,0.0016,-0.0213,0.0017,0.000,0.000,-0.0002,0.0036,-0.0001,0.0019,0.0124,0.1185,0,0.9163,-0.2066,0.0138,1,1.67,0.363,0.198,0.116,,-0.0667,-0.1803,1.6889,0.3006,-0.2094,-0.1183,0.9116,0.2085,0.0138,1,1.57,0.347,0.185,0.109,,0.0667,-0.1805,1.6859,0.3010,0.2097,-0.1183,0.6169,-0.3584,0.0142,1,2.65,0.201,0.217,0.303,,0.0000,-0.1792,1.6911,0.0000,-0.3560,-0.1185,0.6081,0.3527,0.0141,1,2.81,0.188,0.211,0.341,,0.0000,-0.1795,1.6908,-0.0000,0.3561,-0.1185,0.3058,-0.2024,0.0147,1,1.69,0.110,0.121,0.215,,0.0000,-0.1786,1.6843,-0.3096,-0.1960,-0.1186,0.3007,0.1892,0.0147,1,1.61,0.104,0.116,0.203,,-0.0000,-0.1789,1.6825,-0.3098,0.1961,-0.1185
0.023,8,placemove,0.6134,-0.0028,0.1328,-0.0001,0.0016,0.0124,0.0388,0.0013,0.0024,0.0015,-0.0169,0.0003,0.000,0.000,-0.0001,0.0033,-0.0001,0.0016,0.0124,0.1185,0,0.9108,-0.2220,0.0140,1,1.85,0.399,0.233,0.101,,-0.1333,-0.1785,1.6633,0.2941,-0.2247,-0.1184,0.9056,0.2238,0.0139,1,1.86,0.401,0.237,0.097,,0.1333,-0.1787,1.6610,0.2944,0.2249,-0.1183,0.6175,-0.3622,0.0143,1,2.43,0.243,0.220,0.244,,-0.0000,-0.1777,1.6651,-0.0000,-0.3597,-0.1185,0.6086,0.3565,0.0142,1,2.51,0.237,0.210,0.270,,0.0000,-0.1779,1.6649,-0.0000,0.3598,-0.1185,0.3033,-0.2043,0.0147,1,1.84,0.134,0.141,0.212,,0.0000,-0.1772,1.6598,-0.3126,-0.1977,-0.1186,0.2982,0.1909,0.0148,1,1.81,0.141,0.142,0.205,,-0.0000,-0.1774,1.6584,-0.3128,0.1979,-0.1185
0.045,12,placemove,0.6141,-0.0028,0.1328,-0.0001,0.0014,0.0124,0.0473,0.0004,-0.0007,0.0014,-0.0135,-0.0002,0.000,0.000,-0.0001,0.0027,-0.0001,0.0014,0.0124,0.1184,0,0.9037,-0.2367,0.0141,1,1.99,0.430,0.266,0.080,,-0.2000,-0.1771,1.6433,0.2858,-0.2391,-0.1183,0.8980,0.2383,0.0141,1,2.03,0.439,0.277,0.076,,0.2000,-0.1772,1.6415,0.2860,0.2393,-0.1183,0.6183,-0.3651,0.0143,1,2.35,0.289,0.238,0.196,,-0.0000,-0.1765,1.6447,-0.0000,-0.3626,-0.1185,0.6093,0.3595,0.0143,1,2.37,0.288,0.226,0.213,,0.0000,-0.1766,1.6446,-0.0000,0.3627,-0.1185,0.3016,-0.2057,0.0148,1,1.88,0.144,0.153,0.197,,0.0000,-0.1761,1.6405,-0.3150,-0.1991,-0.1185,0.2965,0.1923,0.0148,1,1.89,0.154,0.157,0.194,,-0.0000,-0.1762,1.6394,-0.3151,0.1992,-0.1185
0.067,16,placemove,0.6149,-0.0028,0.1328,-0.0001,0.0012,0.0124,0.0529,-0.0001,-0.0021,0.0011,-0.0109,0.0000,0.000,0.000,-0.0001,0.0022,-0.0001,0.0012,0.0124,0.1183,0,0.8951,-0.2504,0.0142,1,2.09,0.377,0.299,0.056,,-0.2662,-0.1760,1.6276,0.2761,-0.2526,-0.1183,0.8890,0.2518,0.0142,1,2.16,0.390,0.315,0.050,,0.2662,-0.1761,1.6262,0.2763,0.2528,-0.1182,0.6192,-0.3675,0.0144,1,2.28,0.307,0.258,0.153,,-0.0000,-0.1755,1.6287,-0.0000,-0.3649,-0.1184,0.6102,0.3618,0.0143,1,2.28,0.316,0.244,0.166,,0.0000,-0.1756,1.6286,-0.0000,0.3649,-0.1184,0.3006,-0.2068,0.0148,1,1.88,0.163,0.165,0.178,,-0.0000,-0.1752,1.6254,-0.3168,-0.2002,-0.1184,0.2955,0.1934,0.0148,1,1.90,0.170,0.169,0.176,,0.0000,-0.1753,1.6246,-0.3169,0.2003,-0.1184
0.090,20,placemove,0.6158,-0.0028,0.1327,-0.0001,0.0010,0.0124,0.0520,-0.0004,-0.0025,0.0010,-0.0091,0.0000,0.000,0.000,-0.0001,0.0018,-0.0001,0.0010,0.0124,0.1183,0,0.8869,-0.2618,0.0142,1,2.19,0.395,0.326,0.041,,-0.3219,-0.1752,1.6153,0.2671,-0.2635,-0.1182,0.8806,0.2629,0.0142,1,2.25,0.406,0.341,0.034,,0.3218,-0.1752,1.6142,0.2672,0.2636,-0.1182,0.6201,-0.3693,0.0144,1,2.22,0.317,0.267,0.122,,-0.0000,-0.1748,1.6162,-0.0000,-0.3667,-0.1183,0.6110,0.3636,0.0144,1,2.21,0.323,0.255,0.133,,0.0000,-0.1749,1.6161,-0.0000,0.3667,-0.1183,0.3000,-0.2077,0.0147,1,1.89,0.186,0.178,0.159,,-0.0000,-0.1745,1.6136,-0.3183,-0.2010,-0.1183,0.2949,0.1942,0.0148,1,1.90,0.191,0.183,0.157,,0.0000,-0.1746,1.6129,-0.3184,0.2011,-0.1183
0.112,24,placemove,0.6167,-0.0028,0.1327,-0.0001,0.0009,0.0124,0.0505,-0.0003,-0.0024,0.0008,-0.0076,0.0000,0.000,0.000,-0.0001,0.0014,-0.0001,0.0009,0.0124,0.1182,0,0.8802,-0.2703,0.0143,1,2.27,0.409,0.348,0.028,,-0.3655,-0.1745,1.6057,0.2596,-0.2716,-0.1182,0.8736,0.2712,0.0143,1,2.32,0.419,0.364,0.020,,0.3655,-0.1745,1.6048,0.2596,0.2717,-0.1181,0.6210,-0.3707,0.0145,1,2.18,0.326,0.278,0.097,,-0.0000,-0.1742,1.6064,-0.0000,-0.3681,-0.1182,0.6119,0.3651,0.0144,1,2.16,0.329,0.265,0.107,,0.0000,-0.1743,1.6063,-0.0000,0.3681,-0.1182,0.2997,-0.2084,0.0147,1,1.86,0.206,0.190,0.136,,-0.0000,-0.1740,1.6043,-0.3194,-0.2017,-0.1182,0.2946,0.1948,0.0147,1,1.88,0.214,0.196,0.133,,0.0000,-0.1741,1.6038,-0.3195,0.2017,-0.1182
0.134,28,placemove,0.6175,-0.0028,0.1326,-0.0000,0.0008,0.0124,0.0472,-0.0001,-0.0021,0.0006,-0.0062,0.0000,0.000,0.000,-0.0001,0.0012,-0.0000,0.0008,0.0124,0.1181,0,0.8748,-0.2768,0.0144,1,2.34,0.422,0.368,0.017,,-0.3997,-0.1740,1.5982,0.2534,-0.2778,-0.1181,0.8680,0.2775,0.0144,1,2.38,0.430,0.381,0.009,,0.3997,-0.1740,1.5975,0.2534,0.2779,-0.1181,0.6219,-0.3719,0.0145,1,2.16,0.335,0.289,0.078,,-0.0001,-0.1737,1.5987,-0.0000,-0.3692,-0.1182,0.6127,0.3662,0.0145,1,2.14,0.330,0.276,0.086,,0.0000,-0.1738,1.5986,-0.0000,0.3692,-0.1181,0.2996,-0.2089,0.0147,1,1.81,0.226,0.201,0.110,,-0.0000,-0.1736,1.5971,-0.3203,-0.2022,-0.1182,0.2945,0.1953,0.0147,1,1.84,0.234,0.212,0.102,,0.0000,-0.1736,1.5967,-0.3204,0.2022,-0.1181
0.157,32,placemove,0.6182,-0.0028,0.1326,-0.0000,0.0007,0.0124,0.0417,0.0002,-0.0018,0.0005,-0.0051,0.0000,0.000,0.000,-0.0000,0.0009,-0.0000,0.0007,0.0124,0.1181,0,0.8705,-0.2817,0.0144,1,2.40,0.431,0.383,0.008,,-0.4265,-0.1736,1.5922,0.2484,-0.2825,-0.1180,0.8635,0.2823,0.0144,1,2.43,0.439,0.396,0.000,,0.4265,-0.1736,1.5917,0.2484,0.2826,-0.1180,0.6226,-0.3727,0.0145,1,2.15,0.336,0.296,0.065,,-0.0001,-0.1734,1.5927,-0.0000,-0.3700,-0.1181,0.6135,0.3671,0.0145,1,2.13,0.334,0.283,0.074,,0.0000,-0.1734,1.5926,-0.0000,0.3700,-0.1181,0.2997,-0.2094,0.0147,1,1.78,0.240,0.214,0.083,,-0.0000,-0.1732,1.5914,-0.3210,-0.2026,-0.1181,0.2946,0.1957,0.0147,1,1.79,0.248,0.222,0.077,,0.0000,-0.1733,1.5911,-0.3210,0.2026,-0.1181
0.179,36,placemove,0.6189,-0.0028,0.1326,-0.0000,0.0006,0.0124,0.0352,0.0005,-0.0014,0.0004,-0.0042,0.0000,0.000,0.000,-0.0000,0.0008,-0.0000,0.0006,0.0124,0.1180,0,0.8670,-0.2855,0.0144,1,2.43,0.438,0.394,0.000,,-0.4475,-0.1732,1.5876,0.2443,-0.2861,-0.1180,0.8600,0.2859,0.0144,1,2.46,0.444,0.406,0.007,,0.4475,-0.1733,1.5872,0.2444,0.2862,-0.1180,0.6233,-0.3734,0.0146,1,2.14,0.338,0.301,0.056,,-0.0001,-0.1731,1.5879,-0.0000,-0.3707,-0.1180,0.6141,0.3677,0.0145,1,2.13,0.337,0.289,0.066,,0.0000,-0.1731,1.5879,-0.0000,0.3707,-0.1180,0.2998,-0.2097,0.0147,1,1.75,0.247,0.223,0.064,,-0.0000,-0.1730,1.5869,-0.3215,-0.2029,-0.1180,0.2947,0.1960,0.0147,1,1.76,0.254,0.229,0.060,,0.0000,-0.1730,1.5867,-0.3216,0.2029,-0.1180
0.201,40,placemove,0.6194,-0.0028,0.1326,-0.0000,0.0005,0.0124,0.0285,0.0007,-0.0011,0.0003,-0.0035,0.0000,0.000,0.000,-0.0000,0.0007,-0.0000,0.0005,0.0124,0.1180,0,0.8643,-0.2884,0.0145,1,2.45,0.441,0.402,0.006,,-0.4640,-0.1730,1.5840,0.2411,-0.2889,-0.1180,0.8572,0.2888,0.0145,1,2.48,0.447,0.412,0.013,,0.4639,-0.1730,1.5836,0.2412,0.2889,-0.1180,0.6238,-0.3739,0.0146,1,2.14,0.339,0.304,0.050,,-0.0001,-0.1729,1.5842,-0.0000,-0.3712,-0.1180,0.6146,0.3683,0.0146,1,2.14,0.337,0.292,0.062,,0.0000,-0.1729,1.5842,-0.0000,0.3712,-0.1180,0.2999,-0.2099,0.0148,1,1.73,0.249,0.227,0.054,,-0.0000,-0.1728,1.5835,-0.3220,-0.2032,-0.1180,0.2948,0.1963,0.0148,1,1.74,0.255,0.231,0.051,,0.0000,-0.1728,1.5833,-0.3220,0.2032,-0.1180
0.224,44,placemove,0.6198,-0.0028,0.1326,-0.0000,0.0005,0.0124,0.0224,0.0008,-0.0008,0.0003,-0.0030,0.0000,0.000,0.000,-0.0000,0.0006,-0.0000,0.0005,0.0124,0.1179,0,0.8621,-0.2906,0.0145,1,2.46,0.442,0.407,0.012,,-0.4769,-0.1728,1.5811,0.2386,-0.2910,-0.1179,0.8550,0.2909,0.0145,1,2.49,0.447,0.417,0.018,,0.4768,-0.1728,1.5809,0.2386,0.2911,-0.1179,0.6243,-0.3744,0.0146,1,2.14,0.339,0.306,0.047,,-0.0001,-0.1727,1.5813,-0.0000,-0.3716,-0.1180,0.6151,0.3687,0.0146,1,2.14,0.337,0.293,0.060,,0.0000,-0.1727,1.5813,-0.0000,0.3716,-0.1180,0.3000,-0.2101,0.0148,1,1.72,0.249,0.227,0.051,,-0.0000,-0.1726,1.5807,-0.3223,-0.2033,-0.1180,0.2949,0.1965,0.0148,1,1.73,0.255,0.231,0.049,,0.0000,-0.1727,1.5806,-0.3223,0.2034,-0.1180
0.247,48,placemove,0.6201,-0.0028,0.1325,-0.0000,0.0004,0.0124,0.0174,0.0007,-0.0006,0.0002,-0.0025,0.0000,0.000,0.000,-0.0000,0.0005,-0.0000,0.0004,0.0124,0.1179,0,0.8604,-0.2923,0.0145,1,2.46,0.442,0.411,0.016,,-0.4870,-0.1726,1.5789,0.2365,-0.2927,-0.1179,0.8532,0.2926,0.0145,1,2.49,0.447,0.420,0.022,,0.4869,-0.1726,1.5787,0.2366,0.2927,-0.1179,0.6246,-0.3747,0.0146,1,2.14,0.340,0.306,0.045,,-0.0001,-0.1725,1.5790,-0.0000,-0.3719,-0.1179,0.6154,0.3691,0.0146,1,2.15,0.336,0.294,0.059,,0.0000,-0.1726,1.5790,-0.0000,0.3719,-0.1179,0.3000,-0.2103,0.0148,1,1.71,0.248,0.226,0.050,,-0.0000,-0.1725,1.5786,-0.3226,-0.2035,-0.1179,0.2950,0.1967,0.0148,1,1.72,0.255,0.229,0.049,,0.0000,-0.1725,1.5785,-0.3226,0.2035,-0.1179
0.269,52,placemove,0.6204,-0.0028,0.1325,-0.0000,0.0004,0.0124,0.0134,0.0006,-0.0004,0.0002,-0.0021,0.0000,0.000,0.000,-0.0000,0.0004,-0.0000,0.0004,0.0124,0.1179,0,0.8590,-0.2937,0.0145,1,2.46,0.442,0.414,0.020,,-0.4949,-0.1725,1.5771,0.2349,-0.2940,-0.1179,0.8518,0.2939,0.0145,1,2.49,0.446,0.422,0.025,,0.4949,-0.1725,1.5770,0.2350,0.2940,-0.1179,0.6249,-0.3749,0.0146,1,2.14,0.340,0.307,0.044,,-0.0001,-0.1724,1.5773,-0.0000,-0.3722,-0.1179,0.6157,0.3693,0.0146,1,2.15,0.338,0.295,0.058,,0.0000,-0.1725,1.5772,-0.0000,0.3722,-0.1179,0.3001,-0.2104,0.0148,1,1.71,0.246,0.224,0.052,,-0.0000,-0.1724,1.5769,-0.3228,-0.2036,-0.1179,0.2950,0.1968,0.0148,1,1.72,0.254,0.226,0.051,,0.0000,-0.1724,1.5768,-0.3228,0.2036,-0.1179
0.292,56,placemove,0.6206,-0.0028,0.1325,-0.0000,0.0004,0.0124,0.0104,0.0005,-0.0003,0.0001,-0.0018,0.0000,0.000,0.000,-0.0000,0.0004,-0.0000,0.0004,0.0124,0.1179,0,0.8580,-0.2947,0.0146,1,2.47,0.442,0.416,0.023,,-0.5011,-0.1724,1.5758,0.2337,-0.2950,-0.1179,0.8507,0.2950,0.0146,1,2.49,0.446,0.424,0.028,,0.5011,-0.1724,1.5757,0.2337,0.2950,-0.1179,0.6251,-0.3751,0.0146,1,2.14,0.340,0.308,0.043,,-0.0001,-0.1724,1.5759,-0.0000,-0.3724,-0.1179,0.6159,0.3696,0.0146,1,2.15,0.335,0.296,0.057,,0.0000,-0.1724,1.5759,-0.0000,0.3724,-0.1179,0.3001,-0.2105,0.0148,1,1.71,0.245,0.223,0.052,,-0.0000,-0.1723,1.5756,-0.3229,-0.2037,-0.1179,0.2951,0.1969,0.0148,1,1.71,0.253,0.225,0.051,,0.0000,-0.1723,1.5755,-0.3230,0.2037,-0.1179
0.314,60,placemove,0.6207,-0.0028,0.1325,-0.0000,0.0003,0.0124,0.0081,0.0004,-0.0002,0.0001,-0.0015,0.0000,0.000,0.000,-0.0000,0.0003,-0.0000,0.0003,0.0124,0.1179,0,0.8571,-0.2955,0.0146,1,2.47,0.442,0.418,0.025,,-0.5060,-0.1723,1.5747,0.2327,-0.2957,-0.1179,0.8498,0.2958,0.0146,1,2.49,0.446,0.426,0.030,,0.5059,-0.1723,1.5746,0.2327,0.2958,-0.1179,0.6253,-0.3753,0.0146,1,2.14,0.340,0.308,0.042,,-0.0001,-0.1723,1.5748,-0.0000,-0.3725,-0.1179,0.6160,0.3697,0.0146,1,2.15,0.336,0.297,0.056,,0.0000,-0.1723,1.5748,-0.0000,0.3725,-0.1179,0.3002,-0.2105,0.0148,1,1.71,0.249,0.222,0.053,,-0.0000,-0.1723,1.5745,-0.3231,-0.2038,-0.1179,0.2951,0.1970,0.0148,1,1.71,0.256,0.224,0.051,,0.0000,-0.1723,1.5745,-0.3231,0.2038,-0.1179
0.337,64,placemove,0.6208,-0.0028,0.1325,-0.0000,0.0003,0.0124,0.0063,0.0003,-0.0001,0.0001,-0.0013,0.0000,0.000,0.000,-0.0000,0.0003,-0.0000,0.0003,0.0124,0.1179,0,0.8564,-0.2961,0.0146,1,2.47,0.442,0.419,0.026,,-0.5098,-0.1723,1.5738,0.2319,-0.2964,-0.1179,0.8491,0.2964,0.0146,1,2.49,0.445,0.427,0.031,,0.5098,-0.1723,1.5738,0.2319,0.2964,-0.1179,0.6254,-0.3754,0.0147,1,2.14,0.341,0.310,0.041,,-0.0001,-0.1722,1.5739,-0.0000,-0.3727,-0.1179,0.6161,0.3699,0.0146,1,2.16,0.337,0.299,0.054,,0.0000,-0.1722,1.5739,-0.0000,0.3727,-0.1179,0.3002,-0.2106,0.0148,1,1.70,0.246,0.221,0.053,,-0.0000,-0.1722,1.5737,-0.3232,-0.2038,-0.1179,0.2951,0.1970,0.0148,1,1.70,0.253,0.222,0.052,,0.0000,-0.1722,1.5737,-0.3232,0.2038,-0.1179
0.360,68,placemove,0.6209,-0.0028,0.1325,-0.0000,0.0003,0.0124,0.0050,0.0003,-0.0001,0.0001,-0.0011,0.0000,0.000,0.000,-0.0000,0.0003,-0.0000,0.0003,0.0124,0.1178,0,0.8559,-0.2966,0.0146,1,2.47,0.442,0.420,0.028,,-0.5128,-0.1722,1.5732,0.2313,-0.2968,-0.1179,0.8486,0.2969,0.0146,1,2.49,0.445,0.427,0.032,,0.5128,-0.1722,1.5731,0.2313,0.2968,-0.1178,0.6255,-0.3755,0.0147,1,2.14,0.340,0.311,0.040,,-0.0001,-0.1722,1.5732,-0.0000,-0.3728,-0.1179,0.6162,0.3700,0.0147,1,2.16,0.336,0.301,0.053,,0.0000,-0.1722,1.5732,-0.0000,0.3728,-0.1179,0.3002,-0.2106,0.0148,1,1.70,0.243,0.220,0.054,,-0.0000,-0.1722,1.5731,-0.3232,-0.2039,-0.1179,0.2951,0.1971,0.0148,1,1.70,0.250,0.220,0.053,,0.0000,-0.1722,1.5730,-0.3232,0.2039,-0.1179
0.383,72,placemove,0.6210,-0.0028,0.1325,-0.0000,0.0003,0.0124,0.0039,0.0002,-0.0000,0.0001,-0.0009,0.0000,0.000,0.000,-0.0000,0.0003,-0.0000,0.0003,0.0124,0.1178,0,0.8555,-0.2970,0.0146,1,2.47,0.442,0.421,0.028,,-0.5151,-0.1722,1.5727,0.2308,-0.2972,-0.1178,0.8481,0.2972,0.0146,1,2.49,0.445,0.427,0.033,,0.5151,-0.1722,1.5726,0.2308,0.2972,-0.1178,0.6256,-0.3755,0.0147,1,2.14,0.345,0.311,0.038,,-0.0001,-0.1722,1.5727,-0.0000,-0.3728,-0.1179,0.6163,0.3700,0.0147,1,2.16,0.337,0.302,0.051,,0.0000,-0.1722,1.5727,-0.0000,0.3728,-0.1178,0.3002,-0.2107,0.0148,1,1.70,0.247,0.220,0.053,,-0.0000,-0.1722,1.5726,-0.3233,-0.2039,-0.1178,0.2951,0.1971,0.0148,1,1.70,0.258,0.218,0.054,,0.0000,-0.1722,1.5725,-0.3233,0.2039,-0.1178
0.405,76,placemove,0.6211,-0.0028,0.1325,-0.0000,0.0003,0.0124,0.0031,0.0001,-0.0000,0.0000,-0.0007,0.0000,0.000,0.000,-0.0000,0.0003,-0.0000,0.0003,0.0124,0.1178,0,0.8552,-0.2973,0.0146,1,2.48,0.443,0.422,0.028,,-0.5170,-0.1722,1.5723,0.2304,-0.2975,-0.1178,0.8478,0.2975,0.0146,1,2.48,0.444,0.427,0.033,,0.5169,-0.1722,1.5722,0.2304,0.2975,-0.1178,0.6256,-0.3756,0.0147,1,2.14,0.355,0.312,0.038,,-0.0001,-0.1721,1.5723,-0.0000,-0.3729,-0.1178,0.6164,0.3701,0.0147,1,2.16,0.346,0.304,0.050,,0.0000,-0.1721,1.5723,-0.0000,0.3729,-0.1178,0.3002,-0.2107,0.0148,1,1.69,0.255,0.220,0.052,,-0.0000,-0.1721,1.5722,-0.3234,-0.2039,-0.1178,0.2952,0.1972,0.0148,1,1.69,0.266,0.216,0.056,,0.0000,-0.1721,1.5721,-0.3234,0.2039,-0.1178
0.427,80,placemove,0.6211,-0.0028,0.1325,-0.0000,0.0003,0.0124,0.0024,0.0002,-0.0000,0.0000,-0.0006,-0.0000,0.000,0.000,-0.0000,0.0002,-0.0000,0.0003,0.0124,0.1178,0,0.8549,-0.2976,0.0146,1,2.48,0.443,0.423,0.029,,-0.5184,-0.1721,1.5719,0.2301,-0.2977,-0.1178,0.8475,0.2978,0.0146,1,2.48,0.444,0.427,0.033,,0.5184,-0.1721,1.5719,0.2301,0.2977,-0.1178,0.6257,-0.3757,0.0147,1,2.14,0.338,0.307,0.044,,-0.0001,-0.1721,1.5720,-0.0000,-0.3729,-0.1178,0.6164,0.3702,0.0147,1,2.16,0.342,0.301,0.053,,0.0000,-0.1721,1.5719,-0.0000,0.3729,-0.1178,0.3002,-0.2107,0.0148,1,1.70,0.249,0.222,0.050,,-0.0000,-0.1721,1.5718,-0.3234,-0.2040,-0.1178,0.2952,0.1972,0.0148,1,1.69,0.246,0.217,0.053,,0.0000,-0.1721,1.5718,-0.3234,0.2040,-0.1178
0.450,84,placemove,0.6211,-0.0027,0.1325,-0.0000,0.0002,0.0124,0.0019,0.0001,0.0000,0.0000,-0.0004,-0.0000,0.000,0.000,-0.0000,0.0002,-0.0000,0.0002,0.0124,0.1178,0,0.8547,-0.2977,0.0146,1,2.46,0.440,0.420,0.030,,-0.5195,-0.1721,1.5717,0.2299,-0.2979,-0.1178,0.8473,0.2979,0.0146,1,2.49,0.446,0.429,0.033,,0.5195,-0.1721,1.5717,0.2299,0.2979,-0.1178,0.6257,-0.3757,0.0147,1,2.15,0.351,0.310,0.041,,-0.0001,-0.1721,1.5717,-0.0000,-0.3730,-0.1178,0.6165,0.3702,0.0147,1,2.17,0.335,0.299,0.057,,0.0000,-0.1721,1.5717,-0.0000,0.3730,-0.1178,0.3002,-0.2107,0.0148,1,1.71,0.249,0.219,0.056,,-0.0000,-0.1721,1.5716,-0.3234,-0.2040,-0.1178,0.2952,0.1972,0.0148,1,1.68,0.271,0.219,0.050,,0.0000,-0.1721,1.5716,-0.3234,0.2040,-0.1178
0.472,88,placemove,0.6212,-0.0027,0.1325,-0.0000,0.0002,0.0124,0.0015,0.0002,0.0000,0.0002,-0.0003,-0.0008,0.000,0.000,-0.0000,0.0002,-0.0000,0.0002,0.0124,0.1178,0,0.8545,-0.2979,0.0146,1,2.47,0.441,0.422,0.030,,-0.5204,-0.1721,1.5715,0.2297,-0.2980,-0.1178,0.8472,0.2981,0.0146,1,2.48,0.444,0.426,0.032,,0.5204,-0.1721,1.5715,0.2297,0.2980,-0.1178,0.6257,-0.3757,0.0147,1,2.14,0.348,0.308,0.041,,-0.0001,-0.1721,1.5715,-0.0000,-0.3730,-0.1178,0.6165,0.3702,0.0147,1,2.16,0.330,0.304,0.049,,0.0000,-0.1721,1.5715,-0.0000,0.3730,-0.1178,0.3002,-0.2107,0.0148,1,1.71,0.236,0.224,0.049,,-0.0000,-0.1721,1.5714,-0.3234,-0.2040,-0.1178,0.2952,0.1972,0.0148,1,1.69,0.257,0.214,0.058,,0.0001,-0.1721,1.5714,-0.3235,0.2040,-0.1178
0.495,92,placemove,0.6212,-0.0027,0.1325,-0.0000,0.0002,0.0124,0.0010,0.0003,0.0000,0.0002,-0.0001,-0.0006,0.000,0.000,-0.0000,0.0002,-0.0000,0.0002,0.0124,0.1178,0,0.8544,-0.2980,0.0146,1,2.43,0.433,0.411,0.027,,-0.5211,-0.1721,1.5713,0.2296,-0.2981,-0.1178,0.8470,0.2982,0.0146,1,2.47,0.442,0.425,0.033,,0.5211,-0.1721,1.5713,0.2296,0.2981,-0.1178,0.6258,-0.3757,0.0147,1,2.17,0.316,0.300,0.059,,-0.0001,-0.1721,1.5713,-0.0000,-0.3730,-0.1178,0.6165,0.3702,0.0147,1,2.18,0.325,0.296,0.062,,0.0000,-0.1721,1.5713,-0.0000,0.3730,-0.1178,0.3002,-0.2107,0.0148,1,1.71,0.261,0.230,0.043,,-0.0000,-0.1721,1.5713,-0.3235,-0.2040,-0.1178,0.2952,0.1972,0.0148,1,1.70,0.255,0.213,0.060,,0.0001,-0.1721,1.5712,-0.3235,0.2040,-0.1178
0.517,96,placemove,0.6212,-0.0027,0.1325,-0.0000,0.0002,0.0124,0.0010,0.0001,0.0000,0.0000,0.0000,0.0001,0.000,0.000,-0.0000,0.0002,-0.0000,0.0002,0.0124,0.1178,0,0.8543,-0.2981,0.0146,1,2.45,0.437,0.411,0.021,,-0.5216,-0.1721,1.5712,0.2295,-0.2982,-0.1178,0.8469,0.2983,0.0146,1,2.46,0.440,0.411,0.018,,0.5216,-0.1721,1.5712,0.2295,0.2982,-0.1178,0.6258,-0.3758,0.0147,1,2.15,0.322,0.303,0.052,,-0.0001,-0.1721,1.5711,-0.0000,-0.3730,-0.1178,0.6165,0.3703,0.0147,1,2.18,0.335,0.297,0.060,,0.0001,-0.1721,1.5712,-0.0000,0.3730,-0.1178,0.3003,-0.2107,0.0148,1,1.70,0.235,0.231,0.038,,-0.0001,-0.1721,1.5712,-0.3235,-0.2040,-0.1178,0.2952,0.1972,0.0148,1,1.71,0.228,0.221,0.053,,0.0001,-0.1721,1.5711,-0.3235,0.2040,-0.1178
0.540,100,placemove,0.6212,-0.0027,0.1325,-0.0000,0.0002,0.0124,0.0005,0.0002,0.0000,-0.0000,-0.0000,0.0003,0.000,0.000,-0.0000,0.0002,-0.0000,0.0002,0.0124,0.1178,0,0.8543,-0.2982,0.0146,1,2.44,0.435,0.418,0.033,,-0.5221,-0.1721,1.5711,0.2294,-0.2983,-0.1178,0.8469,0.2984,0.0146,1,2.44,0.435,0.405,0.017,,0.5220,-0.1721,1.5711,0.2294,0.2983,-0.1178,0.6258,-0.3758,0.0147,1,2.16,0.302,0.294,0.064,,-0.0001,-0.1721,1.5710,-0.0000,-0.3731,-0.1178,0.6165,0.3703,0.0147,1,2.21,0.319,0.291,0.074,,0.0000,-0.1721,1.5711,-0.0000,0.3730,-0.1178,0.3003,-0.2107,0.0148,1,1.70,0.245,0.226,0.045,,-0.0001,-0.1720,1.5711,-0.3235,-0.2040,-0.1178,0.2952,0.1972,0.0148,1,1.70,0.233,0.225,0.046,,0.0001,-0.1721,1.5711,-0.3235,0.2040,-0.1178
0.562,104,placemove,0.6212,-0.0027,0.1325,-0.0000,0.0002,0.0124,0.0006,-0.0000,-0.0000,-0.0000,0.0000,-0.0002,0.000,0.000,-0.0000,0.0002,-0.0000,0.0002,0.0124,0.1178,0,0.8542,-0.2982,0.0146,1,2.45,0.436,0.396,0.002,,-0.5224,-0.1721,1.5709,0.2293,-0.2984,-0.1178,0.8468,0.2984,0.0146,1,2.47,0.441,0.414,0.021,,0.5224,-0.1721,1.5709,0.2293,0.2983,-0.1178,0.6258,-0.3758,0.0147,1,2.15,0.329,0.297,0.060,,-0.0001,-0.1721,1.5709,-0.0000,-0.3731,-0.1178,0.6166,0.3703,0.0147,1,2.19,0.295,0.286,0.076,,0.0000,-0.1721,1.5711,-0.0000,0.3731,-0.1178,0.3003,-0.2107,0.0148,1,1.69,0.234,0.226,0.042,,-0.0001,-0.1720,1.5711,-0.3235,-0.2040,-0.1178,0.2952,0.1972,0.0148,1,1.70,0.256,0.218,0.055,,0.0001,-0.1720,1.5710,-0.3235,0.2040,-0.1178
0.585,108,placemove,0.6212,-0.0027,0.1325,0.0000,0.0002,0.0124,0.0002,-0.0001,0.0000,0.0001,0.0001,-0.0000,0.000,0.000,-0.0000,0.0002,0.0000,0.0002,0.0124,0.1178,0,0.8541,-0.2983,0.0147,1,2.44,0.435,0.402,0.013,,-0.5226,-0.1721,1.5708,0.2293,-0.2984,-0.1178,0.8468,0.2985,0.0146,1,2.48,0.440,0.399,0.001,,0.5226,-0.1721,1.5708,0.2293,0.2984,-0.1178,0.6258,-0.3758,0.0147,1,2.18,0.283,0.306,0.055,,-0.0001,-0.1721,1.5709,-0.0000,-0.3731,-0.1178,0.6166,0.3703,0.0147,1,2.20,0.299,0.301,0.061,,0.0001,-0.1721,1.5710,-0.0000,0.3731,-0.1178,0.3003,-0.2107,0.0148,1,1.68,0.248,0.229,0.037,,-0.0001,-0.1720,1.5710,-0.3235,-0.2040,-0.1178,0.2952,0.1972,0.0148,1,1.67,0.247,0.224,0.041,,0.0001,-0.1720,1.5710,-0.3235,0.2040,-0.1178
0.607,112,placemove,0.6212,-0.0027,0.1325,0.0000,0.0002,0.0124,0.0004,0.0000,0.0000,0.0002,0.0003,0.0001,0.000,0.000,-0.0000,0.0002,0.0000,0.0002,0.0124,0.1178,0,0.8541,-0.2983,0.0147,1,2.48,0.430,0.381,0.024,,-0.5229,-0.1721,1.5707,0.2292,-0.2984,-0.1178,0.8467,0.2985,0.0147,1,2.46,0.433,0.395,0.003,,0.5228,-0.1721,1.5706,0.2292,0.2984,-0.1178,0.6258,-0.3758,0.0147,1,2.17,0.294,0.307,0.052,,-0.0001,-0.1721,1.5709,-0.0000,-0.3731,-0.1178,0.6166,0.3703,0.0147,1,2.18,0.286,0.300,0.063,,0.0001,-0.1721,1.5710,-0.0000,0.3731,-0.1178,0.3003,-0.2107,0.0148,1,1.69,0.249,0.230,0.038,,-0.0001,-0.1720,1.5710,-0.3235,-0.2040,-0.1178,0.2952,0.1972,0.0148,1,1.69,0.253,0.225,0.043,,0.0001,-0.1720,1.5710,-0.3235,0.2040,-0.1178
0.629,116,placemove,0.6212,-0.0027,0.1325,0.0000,0.0002,0.0124,0.0001,-0.0000,-0.0000,0.0002,-0.0000,-0.0000,0.000,0.000,0.0000,0.0002,0.0000,0.0002,0.0124,0.1178,0,0.8541,-0.2983,0.0147,1,2.42,0.402,0.381,0.020,,-0.5230,-0.1721,1.5705,0.2292,-0.2985,-0.1178,0.8467,0.2986,0.0147,1,2.42,0.415,0.394,0.004,,0.5230,-0.1721,1.5705,0.2292,0.2985,-0.1178,0.6258,-0.3758,0.0147,1,2.16,0.267,0.306,0.052,,-0.0001,-0.1721,1.5709,-0.0000,-0.3731,-0.1178,0.6166,0.3703,0.0147,1,2.18,0.269,0.299,0.063,,0.0001,-0.1721,1.5710,-0.0000,0.3731,-0.1178,0.3003,-0.2107,0.0148,1,1.74,0.252,0.233,0.044,,-0.0001,-0.1720,1.5710,-0.3235,-0.2040,-0.1178,0.2952,0.1972,0.0148,1,1.73,0.259,0.227,0.049,,0.0001,-0.1720,1.5709,-0.3235,0.2040,-0.1178
0.651,120,placemove,0.6212,-0.0027,0.1325,0.0000,0.0002,0.0124,0.0002,-0.0003,0.0000,-0.0001,-0.0004,-0.0009,0.000,0.000,0.0000,0.0002,0.0000,0.0002,0.0124,0.1178,0,0.8541,-0.2984,0.0147,1,2.38,0.385,0.382,0.015,,-0.5231,-0.1721,1.5704,0.2292,-0.2985,-0.1178,0.8467,0.2986,0.0147,1,2.38,0.386,0.402,0.008,,0.5231,-0.1721,1.5704,0.2292,0.2985,-0.1178,0.6258,-0.3758,0.0147,1,2.13,0.264,0.307,0.045,,-0.0001,-0.1721,1.5709,-0.0000,-0.3731,-0.1178,0.6166,0.3703,0.0147,1,2.17,0.230,0.294,0.069,,0.0001,-0.1721,1.5711,-0.0000,0.3731,-0.1178,0.3003,-0.2107,0.0148,1,1.77,0.232,0.239,0.045,,-0.0001,-0.1720,1.5710,-0.3235,-0.2040,-0.1178,0.2952,0.1972,0.0148,1,1.78,0.258,0.231,0.057,,0.0001,-0.1720,1.5709,-0.3235,0.2040,-0.1178
0.674,124,placemove,0.6212,-0.0027,0.1325,0.0000,0.0002,0.0124,0.0002,-0.0000,0.0000,0.0000,-0.0007,-0.0001,0.000,0.000,0.0000,0.0002,0.0000,0.0002,0.0124,0.1178,0,0.8541,-0.2984,0.0147,1,2.39,0.328,0.402,0.008,,-0.5232,-0.1721,1.5704,0.2292,-0.2985,-0.1178,0.8467,0.2986,0.0147,1,2.37,0.318,0.420,0.034,,0.5231,-0.1721,1.5703,0.2292,0.2985,-0.1178,0.6258,-0.3758,0.0147,1,2.15,0.237,0.308,0.047,,-0.0001,-0.1721,1.5709,-0.0000,-0.3731,-0.1178,0.6166,0.3703,0.0147,1,2.18,0.205,0.297,0.067,,0.0001,-0.1721,1.5710,-0.0000,0.3731,-0.1178,0.3003,-0.2107,0.0148,1,1.79,0.237,0.237,0.051,,-0.0001,-0.1720,1.5709,-0.3235,-0.2040,-0.1178,0.2952,0.1972,0.0148,1,1.79,0.252,0.226,0.065,,0.0002,-0.1720,1.5709,-0.3235,0.2040,-0.1178
0.696,128,placemove,0.6212,-0.0027,0.1325,0.0000,0.0002,0.0124,0.0002,-0.0000,0.0001,-0.0001,-0.0004,-0.0001,0.000,0.000,0.0000,0.0002,0.0000,0.0002,0.0124,0.1178,0,0.8541,-0.2984,0.0147,1,2.39,0.388,0.383,0.015,,-0.5232,-0.1721,1.5704,0.2292,-0.2985,-0.1178,0.8467,0.2986,0.0147,1,2.38,0.374,0.397,0.005,,0.5232,-0.1721,1.5703,0.2292,0.2985,-0.1178,0.6258,-0.3758,0.0147,1,2.14,0.256,0.305,0.050,,-0.0002,-0.1721,1.5709,-0.0000,-0.3731,-0.1178,0.6166,0.3703,0.0147,1,2.16,0.226,0.295,0.064,,0.0001,-0.1720,1.5710,-0.0000,0.3731,-0.1178,0.3003,-0.2107,0.0148,1,1.80,0.251,0.239,0.050,,-0.0001,-0.1720,1.5709,-0.3235,-0.2040,-0.1178,0.2952,0.1972,0.0148,1,1.79,0.262,0.232,0.057,,0.0002,-0.1720,1.5709,-0.3235,0.2040,-0.1178
0.718,132,placemove,0.6212,-0.0027,0.1325,0.0000,0.0002,0.0124,0.0002,-0.0001,0.0000,0.0000,-0.0005,-0.0002,0.000,0.000,0.0000,0.0002,0.0000,0.0002,0.0124,0.1178,0,0.8541,-0.2984,0.0147,1,2.37,0.332,0.398,0.008,,-0.5232,-0.1721,1.5703,0.2292,-0.2985,-0.1178,0.8467,0.2986,0.0147,1,2.39,0.359,0.405,0.012,,0.5232,-0.1721,1.5703,0.2292,0.2985,-0.1178,0.6258,-0.3758,0.0147,1,2.16,0.214,0.300,0.059,,-0.0002,-0.1721,1.5709,-0.0000,-0.3731,-0.1178,0.6166,0.3703,0.0147,1,2.15,0.240,0.301,0.056,,0.0002,-0.1721,1.5710,-0.0000,0.3731,-0.1178,0.3003,-0.2107,0.0148,1,1.81,0.254,0.234,0.058,,-0.0001,-0.1720,1.5709,-0.3235,-0.2040,-0.1178,0.2952,0.1972,0.0148,1,1.78,0.255,0.233,0.054,,0.0002,-0.1720,1.5708,-0.3235,0.2040,-0.1178
0.739,136,placemove,0.6213,-0.0027,0.1325,0.0000,0.0002,0.0124,0.0001,-0.0001,0.0000,0.0000,-0.0004,-0.0001,0.000,0.000,0.0000,0.0002,0.0000,0.0002,0.0124,0.1178,0,0.8541,-0.2984,0.0147,1,2.37,0.360,0.391,0.002,,-0.5233,-0.1721,1.5703,0.2292,-0.2985,-0.1178,0.8467,0.2986,0.0147,1,2.38,0.374,0.400,0.007,,0.5232,-0.1721,1.5703,0.2292,0.2985,-0.1178,0.6258,-0.3758,0.0147,1,2.15,0.231,0.301,0.056,,-0.0002,-0.1721,1.5710,-0.0000,-0.3731,-0.1178,0.6166,0.3703,0.0147,1,2.15,0.240,0.299,0.058,,0.0002,-0.1721,1.5710,-0.0000,0.3731,-0.1178,0.3003,-0.2107,0.0148,1,1.80,0.257,0.237,0.054,,-0.0001,-0.1720,1.5709,-0.3235,-0.2040,-0.1178,0.2952,0.1972,0.0148,1,1.79,0.261,0.234,0.055,,0.0002,-0.1720,1.5708,-0.3235,0.2040,-0.1178
0.760,140,placemove,0.6213,-0.0027,0.1325,0.0000,0.0002,0.0124,0.0001,-0.0000,0.0000,0.0000,-0.0004,-0.0001,0.000,0.000,0.0000,0.0002,0.0000,0.0002,0.0124,0.1178,0,0.8541,-0.2984,0.0147,1,2.37,0.368,0.390,0.003,,-0.5233,-0.1721,1.5703,0.2292,-0.2985,-0.1178,0.8467,0.2986,0.0147,1,2.38,0.379,0.398,0.006,,0.5232,-0.1721,1.5703,0.2292,0.2985,-0.1178,0.6258,-0.3758,0.0147,1,2.15,0.237,0.301,0.055,,-0.0002,-0.1721,1.5710,-0.0000,-0.3731,-0.1178,0.6166,0.3703,0.0147,1,2.16,0.241,0.298,0.059,,0.0002,-0.1720,1.5710,-0.0001,0.3731,-0.1178,0.3003,-0.2107,0.0148,1,1.80,0.258,0.238,0.054,,-0.0002,-0.1720,1.5709,-0.3235,-0.2040,-0.1178,0.2952,0.1972,0.0148,1,1.79,0.263,0.234,0.055,,0.0002,-0.1720,1.5708,-0.3235,0.2040,-0.1178
0.782,144,placemove,0.6213,-0.0027,0.1325,0.0000,0.0002,0.0124,0.0001,-0.0000,0.0000,0.0000,-0.0003,-0.0001,0.000,0.000,0.0000,0.0002,0.0000,0.0002,0.0124,0.1178,0,0.8541,-0.2984,0.0147,1,2.37,0.370,0.390,0.004,,-0.5233,-0.1721,1.5703,0.2292,-0.2985,-0.1178,0.8467,0.2986,0.0147,1,2.38,0.381,0.398,0.006,,0.5232,-0.1721,1.5703,0.2292,0.2985,-0.1178,0.6258,-0.3758,0.0147,1,2.15,0.240,0.301,0.055,,-0.0002,-0.1721,1.5710,-0.0000,-0.3731,-0.1178,0.6166,0.3703,0.0147,1,2.15,0.242,0.298,0.059,,0.0002,-0.1720,1.5710,-0.0001,0.3731,-0.1178,0.3003,-0.2107,0.0148,1,1.80,0.260,0.238,0.053,,-0.0002,-0.1720,1.5709,-0.3235,-0.2040,-0.1178,0.2952,0.1972,0.0148,1,1.79,0.266,0.234,0.056,,0.0002,-0.1720,1.5708,-0.3235,0.2040,-0.1178
0.803,148,placemove,0.6213,-0.0027,0.1325,0.0000,0.0002,0.0124,0.0001,-0.0000,0.0000,0.0000,-0.0002,-0.0000,0.000,0.000,0.0000,0.0002,0.0000,0.0002,0.0124,0.1178,0,0.8541,-0.2984,0.0147,1,2.38,0.371,0.390,0.004,,-0.5233,-0.1721,1.5703,0.2292,-0.2985,-0.1178,0.8467,0.2986,0.0147,1,2.38,0.381,0.398,0.006,,0.5233,-0.1721,1.5703,0.2292,0.2985,-0.1178,0.6258,-0.3758,0.0147,1,2.15,0.241,0.301,0.055,,-0.0002,-0.1721,1.5710,-0.0001,-0.3731,-0.1178,0.6166,0.3703,0.0147,1,2.15,0.243,0.297,0.059,,0.0002,-0.1720,1.5710,-0.0001,0.3731,-0.1178,0.3003,-0.2107,0.0148,1,1.81,0.261,0.238,0.053,,-0.0002,-0.1720,1.5709,-0.3235,-0.2040,-0.1178,0.2952,0.1972,0.0148,1,1.79,0.267,0.234,0.056,,0.0002,-0.1720,1.5708,-0.3235,0.2040,-0.1178
0.824,152,placemove,0.6213,-0.0027,0.1325,0.0000,0.0002,0.0124,0.0001,-0.0000,0.0000,0.0000,-0.0002,-0.0000,0.000,0.000,0.0000,0.0002,0.0000,0.0002,0.0124,0.1178,0,0.8541,-0.2984,0.0147,1,2.37,0.370,0.390,0.004,,-0.5233,-0.1721,1.5703,0.2292,-0.2985,-0.1178,0.8467,0.2986,0.0147,1,2.38,0.381,0.397,0.006,,0.5233,-0.1721,1.5703,0.2292,0.2985,-0.1178,0.6258,-0.3758,0.0147,1,2.15,0.242,0.301,0.055,,-0.0002,-0.1721,1.5710,-0.0001,-0.3731,-0.1178,0.6166,0.3703,0.0147,1,2.15,0.244,0.297,0.059,,0.0002,-0.1720,1.5710,-0.0001,0.3731,-0.1178,0.3003,-0.2107,0.0148,1,1.81,0.261,0.238,0.053,,-0.0002,-0.1720,1.5709,-0.3235,-0.2040,-0.1178,0.2952,0.1972,0.0148,1,1.79,0.268,0.235,0.056,,0.0002,-0.1720,1.5708,-0.3235,0.2040,-0.1178
0.846,156,placemove,0.6213,-0.0027,0.1325,0.0000,0.0002,0.0124,0.0000,-0.0000,0.0000,0.0000,-0.0002,-0.0000,0.000,0.000,0.0000,0.0002,0.0000,0.0002,0.0124,0.1178,0,0.8541,-0.2984,0.0147,1,2.37,0.370,0.390,0.004,,-0.5233,-0.1721,1.5703,0.2292,-0.2985,-0.1178,0.8467,0.2986,0.0147,1,2.37,0.381,0.397,0.006,,0.5233,-0.1721,1.5703,0.2292,0.2985,-0.1178,0.6258,-0.3758,0.0147,1,2.15,0.243,0.301,0.055,,-0.0002,-0.1721,1.5710,-0.0001,-0.3731,-0.1178,0.6166,0.3703,0.0147,1,2.15,0.245,0.296,0.059,,0.0002,-0.1720,1.5710,-0.0001,0.3731,-0.1178,0.3003,-0.2107,0.0148,1,1.81,0.261,0.239,0.053,,-0.0002,-0.1720,1.5709,-0.3235,-0.2040,-0.1178,0.2952,0.1972,0.0148,1,1.79,0.269,0.235,0.056,,0.0002,-0.1720,1.5708,-0.3235,0.2040,-0.1178
0.867,160,placemove,0.6213,-0.0027,0.1325,0.0000,0.0002,0.0124,0.0000,-0.0000,0.0000,0.0000,-0.0001,-0.0000,0.000,0.000,0.0000,0.0002,0.0000,0.0002,0.0124,0.1178,0,0.8541,-0.2984,0.0147,1,2.37,0.369,0.390,0.003,,-0.5233,-0.1721,1.5703,0.2292,-0.2985,-0.1178,0.8467,0.2986,0.0147,1,2.37,0.381,0.397,0.006,,0.5233,-0.1721,1.5703,0.2292,0.2985,-0.1178,0.6258,-0.3758,0.0147,1,2.15,0.243,0.301,0.055,,-0.0002,-0.1721,1.5710,-0.0001,-0.3731,-0.1178,0.6166,0.3703,0.0147,1,2.15,0.245,0.296,0.059,,0.0002,-0.1720,1.5710,-0.0001,0.3731,-0.1178,0.3003,-0.2107,0.0148,1,1.81,0.261,0.239,0.053,,-0.0002,-0.1720,1.5708,-0.3235,-0.2040,-0.1178,0.2952,0.1972,0.0148,1,1.79,0.269,0.236,0.056,,0.0002,-0.1720,1.5708,-0.3235,0.2040,-0.1178
0.888,164,placemove,0.6213,-0.0027,0.1325,0.0000,0.0002,0.0124,0.0000,-0.0000,0.0000,0.0000,-0.0001,-0.0000,0.000,0.000,0.0000,0.0002,0.0000,0.0002,0.0124,0.1178,0,0.8541,-0.2984,0.0147,1,2.37,0.369,0.389,0.003,,-0.5233,-0.1721,1.5703,0.2292,-0.2985,-0.1178,0.8467,0.2986,0.0147,1,2.37,0.381,0.397,0.006,,0.5233,-0.1721,1.5703,0.2292,0.2985,-0.1178,0.6258,-0.3758,0.0147,1,2.15,0.243,0.301,0.055,,-0.0002,-0.1721,1.5710,-0.0001,-0.3731,-0.1178,0.6166,0.3703,0.0147,1,2.15,0.246,0.295,0.059,,0.0002,-0.1720,1.5710,-0.0001,0.3731,-0.1178,0.3003,-0.2107,0.0148,1,1.81,0.261,0.239,0.053,,-0.0002,-0.1720,1.5708,-0.3235,-0.2040,-0.1178,0.2952,0.1972,0.0148,1,1.80,0.270,0.236,0.055,,0.0002,-0.1720,1.5708,-0.3235,0.2040,-0.1178
0.910,168,placemove,0.6213,-0.0027,0.1325,0.0000,0.0002,0.0124,0.0000,0.0000,0.0000,0.0000,-0.0001,-0.0000,0.000,0.000,0.0000,0.0002,0.0000,0.0002,0.0124,0.1178,0,0.8541,-0.2984,0.0147,1,2.37,0.368,0.389,0.003,,-0.5233,-0.1721,1.5703,0.2292,-0.2985,-0.1178,0.8467,0.2986,0.0147,1,2.37,0.381,0.397,0.006,,0.5233,-0.1721,1.5703,0.2292,0.2985,-0.1178,0.6258,-0.3758,0.0147,1,2.15,0.244,0.301,0.054,,-0.0002,-0.1721,1.5710,-0.0001,-0.3731,-0.1178,0.6166,0.3703,0.0147,1,2.15,0.246,0.295,0.059,,0.0002,-0.1720,1.5710,-0.0001,0.3731,-0.1178,0.3003,-0.2107,0.0148,1,1.81,0.261,0.239,0.053,,-0.0002,-0.1720,1.5708,-0.3235,-0.2040,-0.1178,0.2952,0.1972,0.0148,1,1.80,0.270,0.236,0.055,,0.0002,-0.1720,1.5708,-0.3235,0.2040,-0.1178
0.931,172,placemove,0.6213,-0.0027,0.1325,0.0000,0.0002,0.0124,0.0000,0.0000,0.0000,0.0000,-0.0001,-0.0000,0.000,0.000,0.0000,0.0002,0.0000,0.0002,0.0124,0.1178,0,0.8541,-0.2984,0.0147,1,2.37,0.368,0.389,0.003,,-0.5233,-0.1721,1.5703,0.2292,-0.2985,-0.1178,0.8467,0.2986,0.0147,1,2.37,0.381,0.396,0.006,,0.5233,-0.1721,1.5703,0.2292,0.2985,-0.1178,0.6258,-0.3758,0.0147,1,2.15,0.244,0.301,0.054,,-0.0002,-0.1721,1.5710,-0.0001,-0.3731,-0.1178,0.6166,0.3703,0.0147,1,2.15,0.246,0.295,0.059,,0.0002,-0.1720,1.5710,-0.0001,0.3731,-0.1178,0.3003,-0.2107,0.0148,1,1.81,0.261,0.239,0.053,,-0.0002,-0.1720,1.5708,-0.3235,-0.2040,-0.1178,0.2952,0.1972,0.0148,1,1.80,0.270,0.237,0.055,,0.0002,-0.1720,1.5708,-0.3235,0.2040,-0.1178
0.953,176,placemove,0.6213,-0.0027,0.1325,0.0000,0.0002,0.0124,0.0000,0.0000,0.0000,0.0000,-0.0001,-0.0000,0.000,0.000,0.0000,0.0002,0.0000,0.0002,0.0124,0.1178,0,0.8541,-0.2984,0.0147,1,2.37,0.368,0.389,0.003,,-0.5233,-0.1721,1.5703,0.2292,-0.2985,-0.1178,0.8467,0.2986,0.0147,1,2.37,0.381,0.396,0.006,,0.5233,-0.1721,1.5703,0.2292,0.2985,-0.1178,0.6258,-0.3758,0.0147,1,2.15,0.244,0.301,0.054,,-0.0002,-0.1721,1.5710,-0.0001,-0.3731,-0.1178,0.6166,0.3703,0.0147,1,2.15,0.246,0.295,0.059,,0.0002,-0.1720,1.5710,-0.0001,0.3731,-0.1178,0.3003,-0.2107,0.0148,1,1.81,0.261,0.240,0.053,,-0.0002,-0.1720,1.5708,-0.3235,-0.2040,-0.1178,0.2952,0.1972,0.0148,1,1.80,0.271,0.237,0.055,,0.0002,-0.1720,1.5708,-0.3235,0.2040,-0.1178
0.975,180,placemove,0.6213,-0.0027,0.1325,0.0000,0.0002,0.0124,0.0000,0.0000,0.0000,0.0000,-0.0001,0.0000,0.000,0.000,0.0000,0.0002,0.0000,0.0002,0.0124,0.1178,0,0.8541,-0.2984,0.0147,1,2.37,0.367,0.389,0.003,,-0.5233,-0.1721,1.5703,0.2292,-0.2985,-0.1178,0.8467,0.2986,0.0147,1,2.37,0.381,0.396,0.006,,0.5233,-0.1721,1.5703,0.2292,0.2985,-0.1178,0.6258,-0.3758,0.0147,1,2.15,0.244,0.300,0.054,,-0.0002,-0.1721,1.5710,-0.0001,-0.3731,-0.1178,0.6166,0.3703,0.0147,1,2.15,0.246,0.295,0.059,,0.0002,-0.1720,1.5710,-0.0001,0.3731,-0.1178,0.3003,-0.2107,0.0147,1,1.81,0.261,0.240,0.053,,-0.0002,-0.1720,1.5708,-0.3235,-0.2040,-0.1178,0.2952,0.1972,0.0148,1,1.80,0.271,0.237,0.055,,0.0002,-0.1720,1.5708,-0.3235,0.2040,-0.1178
0.997,184,placemove,0.6213,-0.0027,0.1325,0.0000,0.0002,0.0124,0.0000,0.0000,0.0000,0.0000,-0.0001,0.0000,0.000,0.000,0.0000,0.0002,0.0000,0.0002,0.0124,0.1178,0,0.8541,-0.2984,0.0147,1,2.37,0.367,0.389,0.003,,-0.5233,-0.1721,1.5703,0.2292,-0.2985,-0.1178,0.8467,0.2986,0.0147,1,2.37,0.381,0.396,0.006,,0.5233,-0.1721,1.5703,0.2292,0.2985,-0.1178,0.6258,-0.3758,0.0147,1,2.15,0.244,0.300,0.054,,-0.0002,-0.1721,1.5710,-0.0001,-0.3731,-0.1178,0.6166,0.3703,0.0147,1,2.15,0.246,0.294,0.059,,0.0002,-0.1720,1.5710,-0.0001,0.3731,-0.1178,0.3003,-0.2107,0.0147,1,1.82,0.261,0.240,0.053,,-0.0002,-0.1720,1.5708,-0.3235,-0.2040,-0.1178,0.2952,0.1972,0.0148,1,1.80,0.271,0.238,0.055,,0.0002,-0.1720,1.5707,-0.3235,0.2040,-0.1178
1.019,188,placemove,0.6213,-0.0027,0.1325,0.0000,0.0002,0.0124,0.0000,0.0000,0.0000,0.0000,-0.0001,0.0000,0.000,0.000,0.0000,0.0002,0.0000,0.0002,0.0124,0.1178,0,0.8541,-0.2984,0.0147,1,2.37,0.367,0.389,0.003,,-0.5233,-0.1721,1.5703,0.2292,-0.2985,-0.1178,0.8467,0.2986,0.0147,1,2.37,0.382,0.396,0.006,,0.5233,-0.1721,1.5703,0.2292,0.2985,-0.1178,0.6258,-0.3758,0.0147,1,2.15,0.244,0.300,0.054,,-0.0002,-0.1721,1.5710,-0.0001,-0.3731,-0.1178,0.6166,0.3703,0.0147,1,2.15,0.246,0.294,0.059,,0.0002,-0.1720,1.5710,-0.0001,0.3731,-0.1178,0.3003,-0.2107,0.0147,1,1.82,0.261,0.240,0.053,,-0.0002,-0.1720,1.5708,-0.3235,-0.2040,-0.1178,0.2952,0.1972,0.0148,1,1.80,0.271,0.238,0.055,,0.0002,-0.1720,1.5707,-0.3235,0.2040,-0.1178
1.041,192,placemove,0.6213,-0.0027,0.1325,0.0000,0.0002,0.0124,0.0000,0.0000,0.0000,0.0000,-0.0000,0.0000,0.000,0.000,0.0000,0.0002,0.0000,0.0002,0.0124,0.1178,0,0.8541,-0.2984,0.0147,1,2.37,0.367,0.389,0.003,,-0.5233,-0.1721,1.5703,0.2292,-0.2985,-0.1178,0.8467,0.2986,0.0147,1,2.37,0.382,0.396,0.006,,0.5233,-0.1721,1.5703,0.2292,0.2985,-0.1178,0.6258,-0.3758,0.0147,1,2.15,0.244,0.300,0.054,,-0.0002,-0.1721,1.5710,-0.0001,-0.3731,-0.1178,0.6166,0.3703,0.0147,1,2.15,0.246,0.294,0.059,,0.0002,-0.1720,1.5710,-0.0001,0.3731,-0.1178,0.3003,-0.2107,0.0147,1,1.82,0.260,0.240,0.053,,-0.0002,-0.1720,1.5708,-0.3235,-0.2040,-0.1178,0.2952,0.1972,0.0148,1,1.80,0.271,0.238,0.055,,0.0002,-0.1720,1.5707,-0.3235,0.2040,-0.1178
1.063,196,placemove,0.6213,-0.0027,0.1325,0.0000,0.0002,0.0124,0.0000,0.0000,0.0000,0.0000,-0.0000,0.0000,0.000,0.000,0.0000,0.0002,0.0000,0.0002,0.0124,0.1178,0,0.8541,-0.2984,0.0147,1,2.36,0.367,0.388,0.003,,-0.5233,-0.1721,1.5703,0.2292,-0.2985,-0.1178,0.8467,0.2986,0.0147,1,2.37,0.382,0.396,0.006,,0.5233,-0.1721,1.5703,0.2292,0.2985,-0.1178,0.6258,-0.3758,0.0147,1,2.15,0.244,0.300,0.054,,-0.0002,-0.1721,1.5710,-0.0001,-0.3731,-0.1178,0.6166,0.3703,0.0147,1,2.15,0.246,0.294,0.059,,0.0002,-0.1720,1.5710,-0.0001,0.3731,-0.1178,0.3003,-0.2107,0.0147,1,1.82,0.260,0.240,0.053,,-0.0002,-0.1720,1.5708,-0.3235,-0.2040,-0.1178,0.2952,0.1972,0.0148,1,1.80,0.272,0.238,0.055,,0.0002,-0.1720,1.5707,-0.3235,0.2040,-0.1178
1.085,200,placemove,0.6213,-0.0027,0.1325,0.0000,0.0002,0.0124,-0.0000,0.0000,0.0000,0.0000,-0.0000,0.0000,0.000,0.000,0.0000,0.0001,0.0000,0.0002,0.0124,0.1178,0,0.8541,-0.2984,0.0147,1,2.36,0.367,0.388,0.003,,-0.5233,-0.1721,1.5703,0.2292,-0.2985,-0.1178,0.8467,0.2986,0.0147,1,2.37,0.382,0.396,0.006,,0.5233,-0.1721,1.5703,0.2292,0.2985,-0.1178,0.6258,-0.3758,0.0147,1,2.15,0.244,0.300,0.054,,-0.0002,-0.1721,1.5710,-0.0001,-0.3731,-0.1178,0.6166,0.3703,0.0147,1,2.15,0.246,0.294,0.059,,0.0002,-0.1720,1.5710,-0.0001,0.3731,-0.1178,0.3003,-0.2107,0.0147,1,1.82,0.260,0.240,0.053,,-0.0002,-0.1720,1.5708,-0.3235,-0.2040,-0.1178,0.2952,0.1972,0.0148,1,1.80,0.272,0.238,0.055,,0.0002,-0.1720,1.5707,-0.3235,0.2040,-0.1178
1.107,204,placemove,0.6213,-0.0027,0.1325,0.0000,0.0002,0.0124,-0.0000,0.0000,0.0000,-0.0000,-0.0000,0.0000,0.000,0.000,0.0000,0.0001,0.0000,0.0002,0.0124,0.1178,0,0.8541,-0.2984,0.0147,1,2.36,0.367,0.388,0.003,,-0.5233,-0.1721,1.5703,0.2292,-0.2985,-0.1178,0.8467,0.2986,0.0147,1,2.36,0.382,0.396,0.006,,0.5233,-0.1721,1.5703,0.2292,0.2985,-0.1178,0.6258,-0.3758,0.0147,1,2.15,0.244,0.300,0.054,,-0.0002,-0.1721,1.5710,-0.0001,-0.3731,-0.1178,0.6166,0.3703,0.0147,1,2.15,0.246,0.294,0.059,,0.0002,-0.1720,1.5710,-0.0001,0.3731,-0.1178,0.3003,-0.2107,0.0147,1,1.82,0.260,0.240,0.053,,-0.0002,-0.1720,1.5708,-0.3235,-0.2040,-0.1178,0.2952,0.1972,0.0148,1,1.80,0.272,0.238,0.055,,0.0002,-0.1720,1.5707,-0.3235,0.2040,-0.1178
1.129,208,placemove,0.6213,-0.0027,0.1325,0.0000,0.0002,0.0124,-0.0000,0.0000,0.0000,-0.0000,-0.0000,0.0000,0.000,0.000,0.0000,0.0001,0.0000,0.0002,0.0124,0.1178,0,0.8541,-0.2984,0.0147,1,2.36,0.366,0.388,0.003,,-0.5233,-0.1721,1.5703,0.2292,-0.2985,-0.1178,0.8467,0.2986,0.0147,1,2.36,0.382,0.396,0.006,,0.5233,-0.1721,1.5703,0.2292,0.2985,-0.1178,0.6258,-0.3758,0.0147,1,2.15,0.244,0.300,0.054,,-0.0002,-0.1721,1.5710,-0.0001,-0.3731,-0.1178,0.6166,0.3703,0.0147,1,2.15,0.246,0.294,0.060,,0.0002,-0.1720,1.5710,-0.0001,0.3731,-0.1178,0.3003,-0.2107,0.0147,1,1.82,0.260,0.240,0.053,,-0.0002,-0.1720,1.5708,-0.3235,-0.2040,-0.1178,0.2952,0.1972,0.0148,1,1.81,0.272,0.239,0.055,,0.0002,-0.1720,1.5707,-0.3235,0.2040,-0.1178
1.151,212,placemove,0.6213,-0.0027,0.1325,0.0000,0.0002,0.0124,-0.0000,0.0000,0.0000,-0.0000,-0.0000,0.0000,0.000,0.000,0.0000,0.0001,0.0000,0.0002,0.0124,0.1178,0,0.8541,-0.2984,0.0147,1,2.36,0.366,0.388,0.003,,-0.5233,-0.1721,1.5703,0.2292,-0.2985,-0.1178,0.8467,0.2986,0.0147,1,2.36,0.382,0.396,0.006,,0.5233,-0.1721,1.5703,0.2292,0.2985,-0.1178,0.6258,-0.3758,0.0147,1,2.15,0.244,0.300,0.054,,-0.0002,-0.1721,1.5710,-0.0001,-0.3731,-0.1178,0.6166,0.3703,0.0147,1,2.15,0.246,0.294,0.060,,0.0002,-0.1720,1.5710,-0.0001,0.3731,-0.1178,0.3003,-0.2107,0.0147,1,1.82,0.260,0.241,0.053,,-0.0002,-0.1720,1.5708,-0.3235,-0.2040,-0.1178,0.2952,0.1972,0.0148,1,1.81,0.272,0.239,0.055,,0.0002,-0.1720,1.5707,-0.3235,0.2040,-0.1178
1.174,216,placemove,0.6213,-0.0027,0.1325,0.0000,0.0002,0.0124,-0.0000,0.0000,0.0000,-0.0000,-0.0000,0.0000,0.000,0.000,0.0000,0.0001,0.0000,0.0002,0.0124,0.1178,0,0.8541,-0.2984,0.0147,1,2.36,0.366,0.388,0.003,,-0.5233,-0.1721,1.5703,0.2292,-0.2985,-0.1178,0.8467,0.2986,0.0147,1,2.36,0.382,0.395,0.006,,0.5233,-0.1721,1.5703,0.2292,0.2985,-0.1178,0.6258,-0.3758,0.0147,1,2.15,0.244,0.300,0.054,,-0.0002,-0.1721,1.5710,-0.0001,-0.3731,-0.1178,0.6166,0.3703,0.0147,1,2.15,0.246,0.294,0.060,,0.0002,-0.1720,1.5710,-0.0001,0.3731,-0.1178,0.3003,-0.2107,0.0147,1,1.82,0.260,0.241,0.053,,-0.0002,-0.1720,1.5708,-0.3235,-0.2040,-0.1178,0.2952,0.1972,0.0148,1,1.81,0.272,0.239,0.055,,0.0002,-0.1720,1.5707,-0.3235,0.2040,-0.1178
1.197,220,placemove,0.6213,-0.0027,0.1325,0.0000,0.0002,0.0124,-0.0000,0.0000,0.0000,-0.0000,-0.0000,0.0000,0.000,0.000,0.0000,0.0001,0.0000,0.0002,0.0124,0.1178,0,0.8541,-0.2984,0.0147,1,2.36,0.366,0.388,0.003,,-0.5233,-0.1721,1.5703,0.2292,-0.2985,-0.1178,0.8467,0.2986,0.0147,1,2.36,0.382,0.395,0.006,,0.5233,-0.1721,1.5703,0.2292,0.2985,-0.1178,0.6258,-0.3758,0.0147,1,2.15,0.244,0.300,0.054,,-0.0002,-0.1721,1.5710,-0.0001,-0.3731,-0.1178,0.6166,0.3703,0.0147,1,2.15,0.246,0.294,0.060,,0.0002,-0.1720,1.5710,-0.0001,0.3731,-0.1178,0.3003,-0.2107,0.0147,1,1.82,0.260,0.241,0.053,,-0.0002,-0.1720,1.5708,-0.3235,-0.2040,-0.1178,0.2952,0.1972,0.0148,1,1.81,0.272,0.239,0.055,,0.0002,-0.1720,1.5707,-0.3235,0.2040,-0.1178
1.219,224,placemove,0.6213,-0.0027,0.1325,0.0000,0.0002,0.0124,-0.0000,0.0000,0.0000,-0.0000,-0.0000,0.0000,0.000,0.000,0.0000,0.0001,0.0000,0.0002,0.0124,0.1178,0,0.8541,-0.2984,0.0147,1,2.36,0.366,0.388,0.003,,-0.5233,-0.1721,1.5703,0.2292,-0.2985,-0.1178,0.8467,0.2986,0.0147,1,2.36,0.382,0.395,0.006,,0.5233,-0.1721,1.5703,0.2292,0.2985,-0.1178,0.6258,-0.3758,0.0147,1,2.15,0.244,0.300,0.054,,-0.0002,-0.1721,1.5710,-0.0001,-0.3731,-0.1178,0.6166,0.3703,0.0147,1,2.15,0.246,0.293,0.060,,0.0002,-0.1720,1.5710,-0.0001,0.3731,-0.1178,0.3003,-0.2107,0.0147,1,1.82,0.260,0.241,0.053,,-0.0002,-0.1720,1.5708,-0.3235,-0.2040,-0.1178,0.2952,0.1972,0.0148,1,1.81,0.272,0.239,0.055,,0.0002,-0.1720,1.5707,-0.3235,0.2040,-0.1178
1.241,228,placemove,0.6213,-0.0027,0.1325,0.0000,0.0002,0.0124,-0.0000,0.0000,0.0000,-0.0000,-0.0000,0.0000,0.000,0.000,0.0000,0.0001,0.0000,0.0002,0.0124,0.1178,0,0.8541,-0.2984,0.0147,1,2.36,0.366,0.388,0.003,,-0.5233,-0.1721,1.5703,0.2292,-0.2985,-0.1178,0.8467,0.2986,0.0147,1,2.36,0.382,0.395,0.006,,0.5233,-0.1721,1.5703,0.2292,0.2985,-0.1178,0.6258,-0.3758,0.0147,1,2.15,0.244,0.300,0.054,,-0.0002,-0.1721,1.5710,-0.0001,-0.3731,-0.1178,0.6166,0.3703,0.0147,1,2.15,0.246,0.293,0.060,,0.0002,-0.1720,1.5710,-0.0001,0.3731,-0.1178,0.3003,-0.2107,0.0147,1,1.82,0.260,0.241,0.053,,-0.0002,-0.1720,1.5708,-0.3235,-0.2040,-0.1178,0.2952,0.1972,0.0148,1,1.81,0.273,0.239,0.055,,0.0002,-0.1720,1.5707,-0.3235,0.2040,-0.1178
1.264,232,placemove,0.6213,-0.0027,0.1325,0.0000,0.0002,0.0124,-0.0000,0.0000,0.0000,-0.0000,-0.0000,0.0000,0.000,0.000,0.0000,0.0001,0.0000,0.0002,0.0124,0.1178,0,0.8541,-0.2984,0.0147,1,2.36,0.366,0.388,0.003,,-0.5233,-0.1721,1.5703,0.2292,-0.2985,-0.1178,0.8467,0.2986,0.0147,1,2.36,0.382,0.395,0.006,,0.5233,-0.1721,1.5703,0.2292,0.2985,-0.1178,0.6258,-0.3758,0.0147,1,2.15,0.244,0.300,0.054,,-0.0002,-0.1721,1.5710,-0.0001,-0.3731,-0.1178,0.6166,0.3703,0.0147,1,2.15,0.246,0.293,0.060,,0.0002,-0.1720,1.5710,-0.0001,0.3731,-0.1178,0.3003,-0.2107,0.0147,1,1.82,0.260,0.241,0.053,,-0.0002,-0.1720,1.5708,-0.3235,-0.2040,-0.1178,0.2952,0.1972,0.0148,1,1.81,0.273,0.239,0.055,,0.0002,-0.1720,1.5707,-0.3235,0.2040,-0.1178
1.286,236,placemove,0.6213,-0.0027,0.1325,0.0000,0.0002,0.0124,-0.0000,0.0000,0.0000,-0.0000,-0.0000,0.0000,0.000,0.000,0.0000,0.0001,0.0000,0.0002,0.0124,0.1178,0,0.8541,-0.2984,0.0147,1,2.36,0.366,0.388,0.003,,-0.5233,-0.1721,1.5703,0.2292,-0.2985,-0.1178,0.8467,0.2986,0.0147,1,2.36,0.383,0.395,0.006,,0.5233,-0.1721,1.5703,0.2292,0.2985,-0.1178,0.6258,-0.3758,0.0147,1,2.15,0.244,0.300,0.054,,-0.0002,-0.1721,1.5710,-0.0001,-0.3731,-0.1178,0.6166,0.3703,0.0147,1,2.15,0.246,0.293,0.060,,0.0002,-0.1720,1.5710,-0.0001,0.3731,-0.1178,0.3003,-0.2107,0.0147,1,1.82,0.260,0.241,0.053,,-0.0002,-0.1720,1.5708,-0.3235,-0.2040,-0.1178,0.2952,0.1972,0.0148,1,1.81,0.273,0.239,0.055,,0.0002,-0.1720,1.5707,-0.3235,0.2040,-0.1178
1.308,240,placemove,0.6213,-0.0027,0.1325,0.0000,0.0002,0.0124,-0.0000,0.0000,0.0000,-0.0000,-0.0000,0.0000,0.000,0.000,0.0000,0.0001,0.0000,0.0002,0.0124,0.1178,0,0.8541,-0.2984,0.0147,1,2.36,0.366,0.388,0.003,,-0.5233,-0.1721,1.5703,0.2292,-0.2985,-0.1178,0.8467,0.2986,0.0147,1,2.36,0.383,0.395,0.006,,0.5233,-0.1721,1.5703,0.2292,0.2985,-0.1178,0.6258,-0.3758,0.0147,1,2.15,0.244,0.300,0.054,,-0.0002,-0.1721,1.5710,-0.0001,-0.3731,-0.1178,0.6166,0.3703,0.0147,1,2.15,0.246,0.293,0.060,,0.0002,-0.1720,1.5710,-0.0001,0.3731,-0.1178,0.3003,-0.2107,0.0147,1,1.82,0.260,0.241,0.053,,-0.0002,-0.1720,1.5708,-0.3235,-0.2040,-0.1178,0.2952,0.1972,0.0148,1,1.81,0.273,0.239,0.055,,0.0002,-0.1720,1.5707,-0.3235,0.2040,-0.1178
1.363,244,placemove,0.6213,-0.0027,0.1325,0.0001,0.0002,0.0124,0.0003,-0.0004,-0.0008,0.0025,0.0022,-0.0009,1.000,0.000,0.0000,0.0002,0.0001,0.0002,0.0124,0.1177,0,0.8542,-0.2987,0.0153,1,0.00,0.000,0.037,0.000,SWING,-0.5234,-0.1763,1.5704,0.2294,-0.2990,-0.1170,0.8467,0.2986,0.0147,1,3.40,0.261,0.594,0.024,STANCE,0.5233,-0.1720,1.5703,0.2292,0.2985,-0.1178,0.6258,-0.3758,0.0147,1,4.10,0.028,0.621,0.087,STANCE,-0.0002,-0.1721,1.5710,-0.0000,-0.3731,-0.1178,0.6166,0.3703,0.0147,1,2.11,0.306,0.311,0.035,STANCE,0.0003,-0.1720,1.5710,-0.0001,0.3731,-0.1178,0.3003,-0.2107,0.0147,1,2.16,0.183,0.271,0.092,STANCE,-0.0002,-0.1721,1.5709,-0.3235,-0.2040,-0.1178,0.2952,0.1973,0.0148,1,0.97,0.149,0.102,0.041,STANCE,0.0002,-0.1721,1.5707,-0.3236,0.2040,-0.1178
1.433,248,placemove,0.6213,-0.0028,0.1325,0.0001,0.0002,0.0124,0.0003,-0.0004,-0.0002,0.0018,0.0018,-0.0007,1.000,0.000,0.0000,0.0002,0.0001,0.0002,0.0124,0.1178,0,0.8552,-0.3004,0.0185,0,0.00,0.000,0.048,0.003,SWING,-0.5234,-0.1949,1.5705,0.2304,-0.3008,-0.1133,0.8467,0.2986,0.0146,1,3.41,0.273,0.621,0.053,STANCE,0.5233,-0.1720,1.5702,0.2291,0.2985,-0.1178,0.6258,-0.3758,0.0146,1,4.08,0.026,0.648,0.050,STANCE,-0.0002,-0.1720,1.5709,-0.0000,-0.3731,-0.1178,0.6166,0.3703,0.0147,1,2.11,0.283,0.331,0.011,STANCE,0.0003,-0.1720,1.5709,-0.0001,0.3731,-0.1178,0.3003,-0.2107,0.0147,1,2.12,0.173,0.289,0.067,STANCE,-0.0001,-0.1721,1.5708,-0.3235,-0.2040,-0.1178,0.2952,0.1973,0.0148,1,0.98,0.168,0.124,0.017,STANCE,0.0001,-0.1721,1.5707,-0.3236,0.2040,-0.1178
1.454,252,placemove,0.6213,-0.0028,0.1325,0.0001,0.0003,0.0123,0.0002,-0.0003,-0.0001,0.0009,0.0010,-0.0004,1.000,0.000,0.0001,0.0002,0.0001,0.0003,0.0123,0.1178,0,0.8569,-0.3034,0.0248,0,0.00,0.000,0.058,0.005,SWING,-0.5235,-0.2276,1.5706,0.2322,-0.3039,-0.1066,0.8467,0.2986,0.0146,1,3.36,0.261,0.610,0.049,STANCE,0.5233,-0.1719,1.5701,0.2291,0.2986,-0.1178,0.6258,-0.3758,0.0146,1,4.03,0.003,0.648,0.039,STANCE,-0.0002,-0.1719,1.5709,-0.0000,-0.3731,-0.1179,0.6166,0.3703,0.0147,1,2.11,0.301,0.323,0.020,STANCE,0.0003,-0.1720,1.5709,-0.0001,0.3731,-0.1178,0.3003,-0.2107,0.0147,1,2.13,0.117,0.292,0.061,STANCE,-0.0001,-0.1720,1.5708,-0.3235,-0.2040,-0.1178,0.2952,0.1973,0.0148,1,1.01,0.075,0.128,0.018,STANCE,0.0001,-0.1721,1.5707,-0.3235,0.2040,-0.1178
1.483,256,placemove,0.6213,-0.0028,0.1325,0.0001,0.0003,0.0123,0.0001,-0.0003,-0.0001,0.0005,0.0004,-0.0004,1.000,0.000,0.0001,0.0002,0.0001,0.0003,0.0123,0.1178,0,0.8588,-0.3066,0.0322,0,0.00,0.000,0.061,0.004,SWING,-0.5234,-0.2631,1.5706,0.2340,-0.3071,-0.0993,0.8467,0.2986,0.0146,1,3.31,0.271,0.606,0.057,STANCE,0.5234,-0.1718,1.5701,0.2291,0.2986,-0.1178,0.6258,-0.3758,0.0146,1,3.99,0.019,0.641,0.042,STANCE,-0.0002,-0.1719,1.5708,-0.0000,-0.3731,-0.1179,0.6166,0.3703,0.0147,1,2.09,0.278,0.320,0.019,STANCE,0.0003,-0.1720,1.5709,-0.0001,0.3731,-0.1178,0.3003,-0.2107,0.0147,1,2.13,0.115,0.288,0.062,STANCE,-0.0002,-0.1720,1.5708,-0.3235,-0.2040,-0.1178,0.2952,0.1973,0.0148,1,1.03,0.094,0.129,0.020,STANCE,0.0001,-0.1721,1.5707,-0.3236,0.2040,-0.1178
1.505,260,placemove,0.6213,-0.0028,0.1325,0.0001,0.0003,0.0123,0.0001,-0.0003,-0.0002,0.0003,0.0003,-0.0003,1.000,0.000,0.0001,0.0002,0.0001,0.0003,0.0123,0.1178,0,0.8611,-0.3086,0.0383,0,0.00,0.002,0.055,0.002,SWING,-0.5191,-0.2914,1.5706,0.2364,-0.3089,-0.0934,0.8467,0.2986,0.0146,1,3.31,0.276,0.605,0.054,STANCE,0.5234,-0.1718,1.5700,0.2291,0.2986,-0.1179,0.6258,-0.3758,0.0146,1,4.01,0.020,0.644,0.043,STANCE,-0.0002,-0.1718,1.5708,-0.0000,-0.3731,-0.1179,0.6166,0.3703,0.0147,1,2.08,0.272,0.315,0.024,STANCE,0.0003,-0.1720,1.5709,-0.0001,0.3731,-0.1178,0.3003,-0.2107,0.0147,1,2.14,0.119,0.284,0.067,STANCE,-0.0002,-0.1720,1.5708,-0.3235,-0.2040,-0.1178,0.2952,0.1973,0.0148,1,1.01,0.100,0.121,0.026,STANCE,0.0001,-0.1722,1.5707,-0.3236,0.2040,-0.1178
1.538,264,placemove,0.6213,-0.0028,0.1325,0.0001,0.0003,0.0123,0.0001,-0.0003,-0.0003,0.0003,0.0004,-0.0002,1.000,0.000,0.0001,0.0003,0.0001,0.0003,0.0123,0.1178,0,0.8651,-0.3085,0.0430,0,0.00,0.001,0.051,0.000,SWING,-0.5049,-0.3127,1.5707,0.2407,-0.3086,-0.0889,0.8467,0.2986,0.0146,1,3.33,0.276,0.604,0.049,STANCE,0.5234,-0.1718,1.5700,0.2291,0.2986,-0.1179,0.6258,-0.3758,0.0145,1,4.04,0.014,0.647,0.046,STANCE,-0.0002,-0.1717,1.5708,-0.0000,-0.3731,-0.1179,0.6166,0.3703,0.0147,1,2.08,0.272,0.311,0.027,STANCE,0.0003,-0.1720,1.5709,-0.0001,0.3731,-0.1178,0.3003,-0.2107,0.0147,1,2.13,0.127,0.279,0.071,STANCE,-0.0002,-0.1720,1.5708,-0.3235,-0.2040,-0.1178,0.2952,0.1973,0.0148,1,0.99,0.100,0.114,0.029,STANCE,0.0001,-0.1722,1.5707,-0.3236,0.2040,-0.1178
1.560,268,placemove,0.6213,-0.0028,0.1325,0.0002,0.0003,0.0123,0.0001,-0.0003,-0.0003,0.0003,0.0005,-0.0001,1.000,0.000,0.0001,0.0003,0.0002,0.0003,0.0123,0.1178,0,0.8711,-0.3063,0.0463,0,0.00,0.002,0.046,0.001,SWING,-0.4812,-0.3274,1.5707,0.2469,-0.3062,-0.0857,0.8467,0.2986,0.0146,1,3.35,0.272,0.604,0.044,STANCE,0.5234,-0.1718,1.5700,0.2291,0.2986,-0.1179,0.6258,-0.3758,0.0145,1,4.07,0.010,0.648,0.049,STANCE,-0.0002,-0.1717,1.5708,-0.0000,-0.3731,-0.1179,0.6166,0.3703,0.0147,1,2.08,0.274,0.308,0.031,STANCE,0.0003,-0.1720,1.5708,-0.0001,0.3731,-0.1178,0.3003,-0.2107,0.0147,1,2.13,0.135,0.276,0.074,STANCE,-0.0002,-0.1720,1.5708,-0.3235,-0.2040,-0.1178,0.2952,0.1973,0.0148,1,0.97,0.098,0.108,0.033,STANCE,0.0001,-0.1722,1.5707,-0.3236,0.2040,-0.1178
1.589,272,placemove,0.6213,-0.0028,0.1325,0.0002,0.0003,0.0123,0.0001,-0.0002,-0.0003,0.0003,0.0005,0.0000,1.000,0.000,0.0001,0.0003,0.0002,0.0003,0.0123,0.1178,0,0.8780,-0.3027,0.0484,0,0.00,0.005,0.042,0.001,SWING,-0.4525,-0.3365,1.5707,0.2539,-0.3026,-0.0838,0.8467,0.2986,0.0146,1,3.37,0.267,0.604,0.041,STANCE,0.5234,-0.1718,1.5700,0.2291,0.2986,-0.1179,0.6258,-0.3758,0.0145,1,4.10,0.009,0.650,0.053,STANCE,-0.0002,-0.1717,1.5708,-0.0000,-0.3731,-0.1179,0.6166,0.3703,0.0147,1,2.07,0.276,0.305,0.033,STANCE,0.0003,-0.1720,1.5708,-0.0001,0.3731,-0.1178,0.3003,-0.2107,0.0147,1,2.13,0.142,0.273,0.077,STANCE,-0.0002,-0.1720,1.5709,-0.3235,-0.2040,-0.1178,0.2952,0.1973,0.0148,1,0.95,0.093,0.102,0.036,STANCE,0.0001,-0.1723,1.5708,-0.3236,0.2041,-0.1178
1.611,276,placemove,0.6213,-0.0028,0.1325,0.0002,0.0003,0.0123,0.0001,-0.0002,-0.0003,0.0003,0.0005,0.0001,1.000,0.000,0.0001,0.0003,0.0002,0.0003,0.0123,0.1178,0,0.8845,-0.2987,0.0496,0,0.00,0.006,0.040,0.002,SWING,-0.4254,-0.3419,1.5707,0.2603,-0.2987,-0.0826,0.8467,0.2986,0.0146,1,3.38,0.262,0.604,0.040,STANCE,0.5234,-0.1718,1.5699,0.2291,0.2986,-0.1179,0.6258,-0.3758,0.0145,1,4.12,0.014,0.650,0.056,STANCE,-0.0002,-0.1717,1.5708,-0.0000,-0.3731,-0.1179,0.6166,0.3703,0.0147,1,2.07,0.278,0.304,0.034,STANCE,0.0003,-0.1721,1.5708,-0.0001,0.3731,-0.1178,0.3003,-0.2107,0.0147,1,2.13,0.144,0.271,0.080,STANCE,-0.0002,-0.1721,1.5709,-0.3235,-0.2040,-0.1178,0.2952,0.1973,0.0148,1,0.94,0.090,0.098,0.039,STANCE,0.0000,-0.1723,1.5708,-0.3236,0.2041,-0.1178
1.644,280,placemove,0.6213,-0.0028,0.1325,0.0002,0.0003,0.0123,0.0001,-0.0002,-0.0003,0.0003,0.0005,0.0001,1.000,0.000,0.0001,0.0003,0.0002,0.0003,0.0123,0.1178,0,0.8893,-0.2948,0.0490,0,0.00,0.005,0.035,0.005,SWING,-0.4038,-0.3371,1.5707,0.2648,-0.2948,-0.0837,0.8467,0.2986,0.0146,1,3.37,0.264,0.604,0.040,STANCE,0.5234,-0.1718,1.5699,0.2291,0.2986,-0.1179,0.6258,-0.3758,0.0145,1,4.12,0.021,0.651,0.057,STANCE,-0.0002,-0.1717,1.5708,-0.0000,-0.3731,-0.1179,0.6166,0.3703,0.0147,1,2.06,0.277,0.300,0.036,STANCE,0.0003,-0.1721,1.5708,-0.0001,0.3731,-0.1178,0.3003,-0.2107,0.0147,1,2.12,0.142,0.267,0.083,STANCE,-0.0002,-0.1721,1.5709,-0.3235,-0.2040,-0.1178,0.2952,0.1973,0.0148,1,0.92,0.092,0.091,0.044,STANCE,0.0000,-0.1723,1.5708,-0.3236,0.2041,-0.1178
1.666,284,placemove,0.6213,-0.0028,0.1325,0.0002,0.0003,0.0123,0.0001,-0.0002,-0.0003,0.0004,0.0005,0.0001,1.000,0.000,0.0001,0.0003,0.0002,0.0003,0.0123,0.1178,0,0.8920,-0.2906,0.0442,0,0.00,0.004,0.019,0.011,SWING,-0.3869,-0.3121,1.5681,0.2674,-0.2906,-0.0889,0.8467,0.2986,0.0146,1,3.40,0.262,0.609,0.040,STANCE,0.5234,-0.1718,1.5699,0.2291,0.2986,-0.1179,0.6258,-0.3758,0.0145,1,4.18,0.027,0.658,0.060,STANCE,-0.0002,-0.1716,1.5708,-0.0000,-0.3731,-0.1179,0.6166,0.3703,0.0147,1,2.05,0.279,0.299,0.035,STANCE,0.0003,-0.1721,1.5708,-0.0001,0.3731,-0.1178,0.3003,-0.2107,0.0147,1,2.12,0.143,0.266,0.085,STANCE,-0.0002,-0.1721,1.5709,-0.3235,-0.2040,-0.1178,0.2952,0.1973,0.0148,1,0.90,0.091,0.083,0.047,STANCE,0.0000,-0.1724,1.5708,-0.3236,0.2041,-0.1178
1.731,288,placemove,0.6213,-0.0028,0.1325,0.0002,0.0003,0.0123,0.0001,-0.0002,-0.0003,0.0005,0.0005,0.0002,1.000,0.000,0.0001,0.0003,0.0002,0.0003,0.0123,0.1178,0,0.8940,-0.2871,0.0365,0,0.00,0.003,0.004,0.034,SWING,-0.3737,-0.2712,1.5511,0.2694,-0.2873,-0.0968,0.8467,0.2986,0.0146,1,3.43,0.259,0.613,0.039,STANCE,0.5234,-0.1718,1.5699,0.2291,0.2986,-0.1179,0.6258,-0.3758,0.0145,1,4.22,0.032,0.665,0.061,STANCE,-0.0002,-0.1716,1.5708,-0.0000,-0.3730,-0.1179,0.6166,0.3703,0.0147,1,2.05,0.282,0.300,0.034,STANCE,0.0003,-0.1721,1.5708,-0.0001,0.3731,-0.1178,0.3003,-0.2107,0.0147,1,2.13,0.146,0.266,0.087,STANCE,-0.0002,-0.1721,1.5709,-0.3235,-0.2040,-0.1178,0.2952,0.1973,0.0148,1,0.88,0.089,0.079,0.048,STANCE,0.0000,-0.1724,1.5708,-0.3236,0.2041,-0.1178
1.753,292,placemove,0.6214,-0.0028,0.1325,0.0002,0.0003,0.0123,0.0131,-0.0031,-0.0003,0.0004,-0.0005,-0.0001,1.000,0.000,0.0002,0.0003,0.0002,0.0003,0.0123,0.1178,0,0.8955,-0.2843,0.0297,0,0.00,0.013,0.018,0.015,SHIFT,-0.3635,-0.2382,1.5371,0.2708,-0.2846,-0.1032,0.8467,0.2986,0.0146,1,3.61,0.191,0.436,0.219,SHIFT,0.5238,-0.1718,1.5700,0.2291,0.2986,-0.1179,0.6258,-0.3758,0.0145,1,4.32,0.611,0.599,0.163,SHIFT,-0.0005,-0.1716,1.5708,-0.0001,-0.3730,-0.1179,0.6166,0.3703,0.0147,1,1.80,0.257,0.409,0.154,SHIFT,0.0007,-0.1721,1.5708,-0.0002,0.3731,-0.1178,0.3003,-0.2107,0.0147,1,1.97,0.029,0.492,0.224,SHIFT,-0.0004,-0.1721,1.5709,-0.3236,-0.2040,-0.1178,0.2952,0.1972,0.0148,1,1.00,0.095,0.223,0.103,SHIFT,0.0002,-0.1724,1.5708,-0.3236,0.2040,-0.1178
1.797,296,placemove,0.6218,-0.0029,0.1325,0.0002,0.0003,0.0123,0.0340,-0.0087,-0.0002,0.0005,-0.0012,0.0036,1.000,0.000,0.0002,0.0003,0.0002,0.0003,0.0123,0.1178,0,0.8964,-0.2820,0.0253,0,0.00,0.011,0.020,0.013,SHIFT,-0.3567,-0.2167,1.5318,0.2712,-0.2823,-0.1075,0.8467,0.2987,0.0146,1,3.62,0.134,0.432,0.226,SHIFT,0.5255,-0.1717,1.5702,0.2286,0.2988,-0.1179,0.6257,-0.3759,0.0145,1,4.26,0.641,0.616,0.128,SHIFT,-0.0025,-0.1716,1.5708,-0.0007,-0.3730,-0.1179,0.6165,0.3702,0.0147,1,1.84,0.294,0.399,0.131,SHIFT,0.0026,-0.1722,1.5707,-0.0007,0.3731,-0.1178,0.3005,-0.2106,0.0147,1,2.01,0.011,0.500,0.226,SHIFT,-0.0014,-0.1722,1.5708,-0.3237,-0.2037,-0.1178,0.2955,0.1970,0.0148,1,0.95,0.101,0.209,0.095,SHIFT,0.0012,-0.1725,1.5708,-0.3237,0.2038,-0.1177
1.819,300,placemove,0.6225,-0.0031,0.1325,0.0002,0.0003,0.0124,0.0505,-0.0129,-0.0000,0.0006,-0.0010,0.0058,1.000,0.000,0.0002,0.0003,0.0002,0.0003,0.0124,0.1178,0,0.8970,-0.2803,0.0214,0,0.00,0.008,0.022,0.012,SHIFT,-0.3525,-0.1972,1.5272,0.2712,-0.2804,-0.1114,0.8467,0.2989,0.0146,1,3.75,0.124,0.446,0.237,SHIFT,0.5285,-0.1717,1.5703,0.2280,0.2992,-0.1179,0.6256,-0.3761,0.0145,1,4.23,0.616,0.592,0.151,SHIFT,-0.0059,-0.1716,1.5707,-0.0015,-0.3730,-0.1179,0.6164,0.3700,0.0147,1,1.73,0.281,0.369,0.119,SHIFT,0.0060,-0.1722,1.5707,-0.0015,0.3731,-0.1178,0.3010,-0.2105,0.0147,1,2.03,0.011,0.503,0.226,SHIFT,-0.0031,-0.1722,1.5708,-0.3239,-0.2034,-0.1178,0.2960,0.1964,0.0148,1,0.93,0.100,0.205,0.094,SHIFT,0.0028,-0.1725,1.5708,-0.3239,0.2034,-0.1177
1.869,304,placemove,0.6235,-0.0034,0.1325,0.0002,0.0003,0.0124,0.0629,-0.0181,0.0002,0.0006,-0.0000,0.0053,1.000,0.000,0.0002,0.0003,0.0002,0.0003,0.0124,0.1178,0,0.8975,-0.2791,0.0178,0,0.00,0.005,0.023,0.011,SHIFT,-0.3505,-0.1793,1.5232,0.2706,-0.2790,-0.1150,0.8468,0.2991,0.0145,1,3.93,0.119,0.465,0.252,SHIFT,0.5325,-0.1716,1.5704,0.2271,0.2997,-0.1179,0.6255,-0.3764,0.0145,1,4.14,0.605,0.567,0.160,SHIFT,-0.0104,-0.1716,1.5707,-0.0027,-0.3730,-0.1179,0.6162,0.3697,0.0147,1,1.58,0.256,0.330,0.105,SHIFT,0.0104,-0.1722,1.5707,-0.0027,0.3731,-0.1178,0.3017,-0.2103,0.0147,1,2.08,0.022,0.522,0.236,SHIFT,-0.0052,-0.1722,1.5708,-0.3242,-0.2029,-0.1178,0.2967,0.1957,0.0148,1,0.96,0.106,0.216,0.100,SHIFT,0.0050,-0.1725,1.5708,-0.3242,0.2030,-0.1177
1.893,308,placemove,0.6245,-0.0036,0.1326,-0.0003,-0.0002,0.0121,0.0430,0.0031,0.0516,-0.1324,-0.1044,-0.0834,1.000,0.000,0.0002,0.0002,-0.0003,-0.0002,0.0121,0.1179,0,0.8978,-0.2783,0.0148,0,10.52,0.558,2.940,1.298,SHIFT,-0.3501,-0.1639,1.5196,0.2699,-0.2779,-0.1180,0.8468,0.2993,0.0146,1,0.00,0.008,0.040,0.002,SHIFT,0.5372,-0.1715,1.5705,0.2260,0.3002,-0.1179,0.6251,-0.3767,0.0146,1,0.00,0.002,0.080,0.004,SHIFT,-0.0157,-0.1716,1.5706,-0.0040,-0.3730,-0.1179,0.6160,0.3694,0.0147,1,1.24,0.065,0.304,0.147,SHIFT,0.0157,-0.1722,1.5707,-0.0040,0.3731,-0.1178,0.3024,-0.2100,0.0148,1,0.00,0.011,0.076,0.005,SHIFT,-0.0078,-0.1722,1.5707,-0.3245,-0.2023,-0.1178,0.2975,0.1948,0.0148,1,9.31,0.590,2.657,1.255,SHIFT,0.0075,-0.1726,1.5708,-0.3245,0.2024,-0.1177
1.956,312,placemove,0.6253,-0.0035,0.1338,-0.0034,-0.0021,0.0109,0.0502,0.0138,0.0668,-0.1684,-0.1028,-0.0732,1.000,0.000,-0.0007,-0.0004,-0.0034,-0.0021,0.0109,0.1187,0,0.8975,-0.2780,0.0147,1,5.28,0.297,1.574,0.762,SHIFT,-0.3510,-0.1506,1.5180,0.2689,-0.2770,-0.1207,0.8470,0.2994,0.0153,1,0.00,0.004,0.034,0.003,SHIFT,0.5425,-0.1714,1.5706,0.2248,0.3009,-0.1180,0.6242,-0.3769,0.0169,0,0.00,0.003,0.028,0.000,SHIFT,-0.0216,-0.1717,1.5707,-0.0056,-0.3730,-0.1179,0.6160,0.3691,0.0147,1,1.16,0.063,0.288,0.143,SHIFT,0.0216,-0.1721,1.5708,-0.0056,0.3730,-0.1178,0.3028,-0.2092,0.0159,1,0.00,0.001,0.031,0.001,SHIFT,-0.0106,-0.1722,1.5707,-0.3249,-0.2017,-0.1178,0.2984,0.1944,0.0147,1,4.82,0.198,1.367,0.658,SHIFT,0.0104,-0.1724,1.5706,-0.3249,0.2018,-0.1177
1.994,316,placemove,0.6262,-0.0032,0.1347,-0.0057,-0.0034,0.0097,0.0606,0.0176,0.0441,-0.1103,-0.0646,-0.0635,1.000,0.000,-0.0025,-0.0016,-0.0057,-0.0034,0.0097,0.1201,0,0.8970,-0.2777,0.0147,1,5.24,0.330,1.551,0.749,SHIFT,-0.3532,-0.1413,1.5197,0.2676,-0.2764,-0.1226,0.8472,0.2997,0.0156,0,0.00,0.001,0.034,0.003,SHIFT,0.5479,-0.1703,1.5706,0.2235,0.3014,-0.1182,0.6231,-0.3768,0.0186,0,0.00,0.005,0.028,0.001,SHIFT,-0.0281,-0.1705,1.5707,-0.0072,-0.3728,-0.1181,0.6159,0.3690,0.0148,1,1.32,0.224,0.262,0.076,SHIFT,0.0278,-0.1719,1.5708,-0.0072,0.3730,-0.1179,0.3034,-0.2081,0.0166,0,0.00,0.003,0.030,0.001,SHIFT,-0.0136,-0.1708,1.5707,-0.3251,-0.2009,-0.1181,0.2993,0.1940,0.0147,1,4.88,0.078,1.393,0.672,SHIFT,0.0134,-0.1720,1.5705,-0.3253,0.2011,-0.1178
2.037,320,placemove,0.6274,-0.0029,0.1353,-0.0071,-0.0042,0.0088,0.0734,0.0141,0.0230,-0.0661,-0.0352,-0.0463,1.000,0.000,-0.0043,-0.0026,-0.0071,-0.0042,0.0088,0.1206,0,0.8965,-0.2774,0.0146,1,5.30,0.367,1.554,0.749,SHIFT,-0.3563,-0.1362,1.5241,0.2661,-0.2759,-0.1237,0.8473,0.2999,0.0153,0,0.00,0.004,0.033,0.002,SHIFT,0.5534,-0.1670,1.5707,0.2221,0.3018,-0.1188,0.6222,-0.3764,0.0193,0,0.00,0.006,0.030,0.002,SHIFT,-0.0350,-0.1684,1.5707,-0.0090,-0.3725,-0.1185,0.6158,0.3691,0.0148,1,1.53,0.228,0.194,0.052,SHIFT,0.0341,-0.1720,1.5707,-0.0088,0.3729,-0.1178,0.3043,-0.2068,0.0166,0,0.00,0.007,0.030,0.002,SHIFT,-0.0167,-0.1675,1.5707,-0.3252,-0.2001,-0.1187,0.3003,0.1937,0.0146,1,4.95,0.106,1.410,0.679,SHIFT,0.0165,-0.1718,1.5704,-0.3257,0.2003,-0.1179
2.071,324,placemove,0.6286,-0.0028,0.1355,-0.0070,-0.0052,0.0083,0.0710,0.0009,0.0113,0.0425,-0.0794,-0.0246,1.000,0.000,-0.0056,-0.0035,-0.0070,-0.0052,0.0083,0.1207,0,0.8961,-0.2771,0.0146,1,4.95,0.352,1.443,0.699,SHIFT,-0.3604,-0.1343,1.5308,0.2645,-0.2756,-0.1243,0.8473,0.3001,0.0149,1,1.72,0.106,0.194,0.104,SHIFT,0.5589,-0.1628,1.5707,0.2206,0.3020,-0.1196,0.6215,-0.3759,0.0191,0,0.00,0.002,0.032,0.003,SHIFT,-0.0424,-0.1656,1.5707,-0.0109,-0.3721,-0.1191,0.6157,0.3692,0.0151,1,0.00,0.006,0.034,0.001,SHIFT,0.0405,-0.1725,1.5707,-0.0105,0.3729,-0.1177,0.3056,-0.2055,0.0158,0,0.00,0.004,0.032,0.003,SHIFT,-0.0200,-0.1631,1.5708,-0.3251,-0.1990,-0.1196,0.3014,0.1934,0.0146,1,5.34,0.185,1.462,0.668,SHIFT,0.0196,-0.1719,1.5703,-0.3261,0.1997,-0.1178
2.147,328,placemove,0.6298,-0.0031,0.1358,-0.0066,-0.0052,0.0077,0.0780,-0.0319,0.0274,0.0092,0.0875,-0.0370,1.000,0.000,-0.0060,-0.0044,-0.0066,-0.0052,0.0077,0.1210,0,0.8955,-0.2772,0.0146,1,1.19,0.194,0.230,0.071,SHIFT,-0.3651,-0.1347,1.5389,0.2628,-0.2755,-0.1244,0.8473,0.3003,0.0149,1,5.41,0.554,1.402,0.565,SHIFT,0.5645,-0.1605,1.5704,0.2192,0.3024,-0.1201,0.6206,-0.3755,0.0184,0,0.00,0.022,0.031,0.003,SHIFT,-0.0502,-0.1618,1.5708,-0.0129,-0.3716,-0.1198,0.6155,0.3691,0.0156,0,0.00,0.012,0.035,0.001,SHIFT,0.0470,-0.1733,1.5708,-0.0121,0.3730,-0.1176,0.3068,-0.2044,0.0148,1,5.46,0.418,1.538,0.709,SHIFT,-0.0236,-0.1579,1.5707,-0.3250,-0.1979,-0.1206,0.3024,0.1928,0.0149,1,0.00,0.020,0.033,0.000,SHIFT,0.0225,-0.1726,1.5704,-0.3265,0.1990,-0.1177
2.180,332,placemove,0.6312,-0.0037,0.1360,-0.0064,-0.0038,0.0073,0.0805,-0.0459,0.0025,0.0131,0.0762,-0.0114,1.000,0.000,-0.0060,-0.0043,-0.0064,-0.0038,0.0073,0.1213,0,0.8950,-0.2782,0.0146,1,1.57,0.249,0.235,0.003,STANCE,-0.3704,-0.1368,1.5458,0.2613,-0.2758,-0.1242,0.8474,0.3002,0.0148,1,5.26,0.405,1.159,0.310,STANCE,0.5701,-0.1603,1.5699,0.2179,0.3031,-0.1201,0.6195,-0.3755,0.0178,0,0.00,0.003,0.032,0.003,STANCE,-0.0584,-0.1575,1.5708,-0.0150,-0.3709,-0.1207,0.6152,0.3683,0.0159,0,0.00,0.013,0.031,0.001,STANCE,0.0534,-0.1726,1.5708,-0.0138,0.3728,-0.1177,0.3078,-0.2038,0.0148,1,4.94,0.208,1.407,0.663,STANCE,-0.0275,-0.1545,1.5705,-0.3252,-0.1969,-0.1213,0.3031,0.1918,0.0160,0,0.00,0.014,0.032,0.001,STANCE,0.0253,-0.1741,1.5704,-0.3270,0.1985,-0.1174
2.228,336,placemove,0.6323,-0.0045,0.1356,-0.0069,-0.0026,0.0075,0.0535,-0.0462,-0.0494,-0.1028,0.0698,0.0014,1.000,0.000,-0.0059,-0.0036,-0.0069,-0.0026,0.0075,0.1209,0,0.8948,-0.2795,0.0146,1,2.84,0.445,0.399,0.074,STANCE,-0.3755,-0.1404,1.5512,0.2600,-0.2763,-0.1236,0.8474,0.3003,0.0148,1,4.16,0.097,0.386,0.371,SWING,0.5748,-0.1642,1.5700,0.2171,0.3041,-0.1194,0.6186,-0.3757,0.0167,0,0.00,0.036,0.029,0.001,STANCE,-0.0659,-0.1531,1.5708,-0.0169,-0.3703,-0.1216,0.6147,0.3672,0.0152,0,0.00,0.000,0.029,0.003,STANCE,0.0588,-0.1711,1.5708,-0.0152,0.3725,-0.1180,0.3085,-0.2037,0.0147,1,4.05,0.542,0.756,0.087,STANCE,-0.0313,-0.1538,1.5706,-0.3256,-0.1960,-0.1214,0.3038,0.1905,0.0163,0,0.00,0.018,0.029,0.004,STANCE,0.0273,-0.1750,1.5705,-0.3273,0.1981,-0.1172
2.255,340,placemove,0.6333,-0.0049,0.1352,-0.0063,-0.0020,0.0078,0.0626,-0.0061,-0.0195,0.0701,0.0273,0.0249,1.000,0.000,-0.0061,-0.0028,-0.0063,-0.0020,0.0078,0.1197,0,0.8948,-0.2805,0.0146,1,4.30,0.182,0.510,0.258,STANCE,-0.3799,-0.1446,1.5555,0.2591,-0.2769,-0.1229,0.8482,0.3021,0.0173,1,0.00,0.008,0.046,0.001,SWING,0.5786,-0.1822,1.5702,0.2171,0.3064,-0.1158,0.6180,-0.3755,0.0152,0,0.00,0.004,0.033,0.001,STANCE,-0.0723,-0.1485,1.5708,-0.0184,-0.3696,-0.1225,0.6145,0.3666,0.0146,1,4.56,0.650,1.104,0.399,STANCE,0.0627,-0.1702,1.5708,-0.0162,0.3724,-0.1182,0.3089,-0.2035,0.0147,1,3.78,0.435,0.927,0.364,STANCE,-0.0347,-0.1553,1.5706,-0.3261,-0.1953,-0.1211,0.3045,0.1896,0.0160,0,0.00,0.010,0.035,0.003,STANCE,0.0286,-0.1747,1.5706,-0.3274,0.1978,-0.1173
2.314,344,placemove,0.6344,-0.0050,0.1353,-0.0070,-0.0015,0.0085,0.0635,-0.0049,0.0064,-0.0640,0.0485,0.0496,1.000,0.000,-0.0060,-0.0021,-0.0070,-0.0015,0.0085,0.1202,0,0.8952,-0.2811,0.0154,1,0.00,0.005,0.034,0.004,STANCE,-0.3837,-0.1492,1.5588,0.2584,-0.2776,-0.1221,0.8497,0.3056,0.0232,0,0.00,0.003,0.055,0.005,SWING,0.5817,-0.2143,1.5703,0.2180,0.3100,-0.1093,0.6180,-0.3751,0.0147,1,5.86,0.093,1.624,0.736,STANCE,-0.0777,-0.1451,1.5706,-0.0198,-0.3691,-0.1231,0.6145,0.3665,0.0146,1,5.84,0.091,1.604,0.734,STANCE,0.0655,-0.1706,1.5703,-0.0169,0.3724,-0.1181,0.3094,-0.2033,0.0154,1,0.00,0.004,0.036,0.002,STANCE,-0.0378,-0.1582,1.5706,-0.3268,-0.1948,-0.1205,0.3054,0.1890,0.0159,0,0.00,0.001,0.035,0.003,STANCE,0.0293,-0.1733,1.5706,-0.3273,0.1975,-0.1176
2.357,348,placemove,0.6354,-0.0051,0.1352,-0.0079,-0.0003,0.0094,0.0569,-0.0058,-0.0129,-0.0448,0.0786,0.0503,1.000,0.000,-0.0063,-0.0014,-0.0079,-0.0003,0.0094,0.1206,0,0.8957,-0.2817,0.0160,0,0.00,0.005,0.035,0.003,STANCE,-0.3871,-0.1529,1.5614,0.2577,-0.2782,-0.1214,0.8514,0.3093,0.0299,0,0.00,0.003,0.059,0.004,SWING,0.5841,-0.2496,1.5704,0.2191,0.3136,-0.1021,0.6180,-0.3751,0.0146,1,6.09,0.004,0.929,0.138,STANCE,-0.0823,-0.1435,1.5704,-0.0209,-0.3689,-0.1234,0.6145,0.3665,0.0145,1,6.00,0.002,0.931,0.114,STANCE,0.0675,-0.1725,1.5701,-0.0174,0.3727,-0.1177,0.3098,-0.2034,0.0165,0,0.00,0.004,0.038,0.002,STANCE,-0.0405,-0.1611,1.5707,-0.3274,-0.1943,-0.1200,0.3064,0.1883,0.0155,0,0.00,0.000,0.036,0.003,STANCE,0.0296,-0.1709,1.5707,-0.3271,0.1973,-0.1180
2.395,352,placemove,0.6363,-0.0051,0.1348,-0.0084,0.0016,0.0103,0.0612,0.0063,-0.0285,-0.0252,0.2194,0.0664,1.000,0.000,-0.0069,-0.0005,-0.0084,0.0016,0.0103,0.1203,0,0.8960,-0.2820,0.0157,0,0.00,0.019,0.031,0.001,STANCE,-0.3901,-0.1542,1.5634,0.2570,-0.2785,-0.1212,0.8539,0.3118,0.0352,0,0.00,0.018,0.049,0.000,SWING,0.5799,-0.2787,1.5705,0.2214,0.3157,-0.0961,0.6180,-0.3751,0.0146,1,6.01,0.657,0.720,0.367,STANCE,-0.0863,-0.1439,1.5705,-0.0219,-0.3688,-0.1234,0.6145,0.3666,0.0145,1,3.85,0.552,0.540,0.131,STANCE,0.0689,-0.1751,1.5703,-0.0178,0.3729,-0.1172,0.3103,-0.2033,0.0171,0,0.00,0.011,0.039,0.001,STANCE,-0.0428,-0.1623,1.5707,-0.3278,-0.1938,-0.1198,0.3072,0.1877,0.0150,0,1.93,0.140,0.504,0.236,STANCE,0.0297,-0.1677,1.5707,-0.3268,0.1971,-0.1187
2.441,356,placemove,0.6372,-0.0049,0.1345,-0.0094,0.0040,0.0110,0.0411,0.0146,0.0015,-0.0981,0.0780,0.0358,1.000,0.000,-0.0074,0.0013,-0.0094,0.0040,0.0110,0.1197,0,0.8961,-0.2819,0.0148,1,5.85,0.232,1.350,0.404,STANCE,-0.3927,-0.1534,1.5646,0.2563,-0.2787,-0.1214,0.8593,0.3121,0.0391,0,0.00,0.004,0.056,0.001,SWING,0.5618,-0.3021,1.5706,0.2268,0.3153,-0.0911,0.6180,-0.3752,0.0149,1,0.00,0.008,0.033,0.001,STANCE,-0.0897,-0.1456,1.5707,-0.0228,-0.3689,-0.1230,0.6146,0.3669,0.0145,1,1.86,0.024,0.169,0.149,STANCE,0.0700,-0.1781,1.5704,-0.0181,0.3732,-0.1166,0.3108,-0.2030,0.0178,0,0.00,0.004,0.031,0.002,STANCE,-0.0449,-0.1620,1.5707,-0.3280,-0.1933,-0.1198,0.3080,0.1874,0.0149,1,4.60,0.186,1.292,0.609,STANCE,0.0297,-0.1656,1.5706,-0.3266,0.1970,-0.1191
2.483,360,placemove,0.6378,-0.0046,0.1344,-0.0107,0.0049,0.0115,0.0266,0.0162,-0.0104,-0.0628,0.0385,0.0330,1.000,0.000,-0.0083,0.0028,-0.0107,0.0049,0.0115,0.1197,0,0.8961,-0.2819,0.0147,1,5.87,0.263,1.346,0.397,STANCE,-0.3951,-0.1530,1.5653,0.2557,-0.2790,-0.1214,0.8676,0.3100,0.0421,0,0.00,0.003,0.051,0.000,SWING,0.5304,-0.3191,1.5706,0.2350,0.3126,-0.0875,0.6179,-0.3753,0.0159,0,0.00,0.007,0.035,0.001,STANCE,-0.0927,-0.1481,1.5708,-0.0236,-0.3691,-0.1225,0.6145,0.3673,0.0145,1,1.78,0.166,0.177,0.120,STANCE,0.0709,-0.1811,1.5705,-0.0184,0.3736,-0.1160,0.3113,-0.2026,0.0180,0,0.00,0.004,0.032,0.002,STANCE,-0.0465,-0.1606,1.5707,-0.3281,-0.1929,-0.1201,0.3083,0.1873,0.0149,1,4.80,0.069,1.329,0.621,STANCE,0.0297,-0.1656,1.5705,-0.3266,0.1970,-0.1191
2.504,364,placemove,0.6381,-0.0044,0.1342,-0.0114,0.0053,0.0121,0.0185,0.0122,-0.0140,-0.0359,0.0146,0.0321,1.000,0.000,-0.0092,0.0039,-0.0114,0.0053,0.0121,0.1195,0,0.8962,-0.2819,0.0147,1,5.86,0.142,1.077,0.078,STANCE,-0.3972,-0.1533,1.5659,0.2553,-0.2792,-0.1214,0.8771,0.3061,0.0439,0,0.00,0.008,0.045,0.000,SWING,0.4924,-0.3295,1.5707,0.2444,0.3080,-0.0853,0.6177,-0.3752,0.0162,0,0.00,0.003,0.035,0.002,STANCE,-0.0952,-0.1487,1.5708,-0.0243,-0.3691,-0.1224,0.6144,0.3678,0.0146,1,1.76,0.215,0.194,0.098,STANCE,0.0718,-0.1838,1.5705,-0.0186,0.3738,-0.1155,0.3118,-0.2022,0.0176,0,0.00,0.000,0.033,0.003,STANCE,-0.0479,-0.1579,1.5707,-0.3280,-0.1924,-0.1206,0.3084,0.1873,0.0148,1,5.06,0.094,1.021,0.205,STANCE,0.0298,-0.1664,1.5700,-0.3268,0.1971,-0.1189
2.539,368,placemove,0.6384,-0.0042,0.1340,-0.0119,0.0055,0.0126,0.0144,0.0098,-0.0149,-0.0194,0.0040,0.0255,1.000,0.000,-0.0100,0.0045,-0.0119,0.0055,0.0126,0.1193,0,0.8962,-0.2819,0.0146,1,5.88,0.085,0.886,0.149,STANCE,-0.3989,-0.1539,1.5667,0.2549,-0.2795,-0.1213,0.8861,0.3016,0.0449,0,0.00,0.009,0.042,0.001,SWING,0.4566,-0.3357,1.5707,0.2530,0.3031,-0.0840,0.6176,-0.3749,0.0158,0,0.00,0.004,0.034,0.002,STANCE,-0.0973,-0.1470,1.5708,-0.0248,-0.3689,-0.1228,0.6143,0.3681,0.0146,1,1.86,0.220,0.202,0.109,STANCE,0.0725,-0.1860,1.5706,-0.0188,0.3741,-0.1150,0.3125,-0.2018,0.0167,0,0.00,0.001,0.033,0.003,STANCE,-0.0489,-0.1537,1.5708,-0.3276,-0.1920,-0.1214,0.3084,0.1873,0.0147,1,5.02,0.132,0.836,0.001,STANCE,0.0300,-0.1675,1.5700,-0.3269,0.1971,-0.1187
2.561,372,placemove,0.6386,-0.0041,0.1338,-0.0122,0.0055,0.0129,0.0173,-0.0066,0.0015,-0.0882,0.0166,0.0131,1.000,0.000,-0.0105,0.0048,-0.0122,0.0055,0.0129,0.1191,0,0.8961,-0.2819,0.0145,1,0.00,0.031,0.104,0.016,STANCE,-0.4004,-0.1547,1.5676,0.2546,-0.2797,-0.1212,0.8928,0.2971,0.0442,0,0.00,0.060,0.009,0.006,SWING,0.4280,-0.3316,1.5707,0.2592,0.2984,-0.0849,0.6176,-0.3743,0.0149,0,10.62,0.663,2.940,1.393,STANCE,-0.0990,-0.1432,1.5708,-0.0252,-0.3684,-0.1235,0.6142,0.3684,0.0146,1,11.55,0.514,1.937,0.114,STANCE,0.0731,-0.1877,1.5705,-0.0190,0.3743,-0.1147,0.3133,-0.2013,0.0155,0,0.00,0.052,0.103,0.011,STANCE,-0.0497,-0.1481,1.5708,-0.3271,-0.1915,-0.1225,0.3084,0.1873,0.0147,1,0.57,0.121,0.103,0.056,STANCE,0.0303,-0.1687,1.5702,-0.3271,0.1971,-0.1185
2.614,376,placemove,0.6390,-0.0043,0.1338,-0.0136,0.0071,0.0129,0.0279,-0.0032,-0.0018,-0.0715,0.1575,-0.0137,1.000,0.000,-0.0111,0.0051,-0.0136,0.0071,0.0129,0.1189,0,0.8961,-0.2824,0.0149,1,3.34,0.438,0.448,0.135,STANCE,-0.4015,-0.1560,1.5683,0.2544,-0.2799,-0.1209,0.8971,0.2918,0.0389,0,0.00,0.007,0.021,0.011,SWING,0.4056,-0.3073,1.5688,0.2631,0.2933,-0.0899,0.6175,-0.3742,0.0149,1,0.85,0.136,0.143,0.026,STANCE,-0.1003,-0.1400,1.5705,-0.0255,-0.3680,-0.1241,0.6142,0.3684,0.0146,1,4.71,0.691,0.956,0.190,STANCE,0.0736,-0.1896,1.5701,-0.0191,0.3745,-0.1143,0.3141,-0.2012,0.0149,1,3.28,0.145,0.936,0.449,STANCE,-0.0501,-0.1417,1.5707,-0.3265,-0.1910,-0.1238,0.3084,0.1870,0.0152,1,0.00,0.009,0.032,0.000,STANCE,0.0306,-0.1702,1.5703,-0.3272,0.1971,-0.1182
2.642,380,placemove,0.6394,-0.0044,0.1336,-0.0144,0.0092,0.0128,0.0233,-0.0087,-0.0180,-0.0451,0.1100,-0.0052,1.000,0.000,-0.0120,0.0063,-0.0144,0.0092,0.0128,0.1188,0,0.8962,-0.2829,0.0148,1,3.98,0.329,0.413,0.306,STANCE,-0.4025,-0.1583,1.5689,0.2543,-0.2802,-0.1205,0.9003,0.2872,0.0304,0,0.00,0.004,0.006,0.030,SWING,0.3880,-0.2677,1.5536,0.2659,0.2892,-0.0977,0.6173,-0.3742,0.0149,1,0.63,0.100,0.060,0.022,STANCE,-0.1014,-0.1390,1.5706,-0.0257,-0.3678,-0.1243,0.6142,0.3684,0.0145,1,5.29,0.280,0.591,0.385,STANCE,0.0742,-0.1919,1.5703,-0.0193,0.3747,-0.1139,0.3147,-0.2011,0.0149,1,2.69,0.129,0.738,0.340,STANCE,-0.0505,-0.1380,1.5706,-0.3261,-0.1907,-0.1245,0.3084,0.1868,0.0160,0,0.00,0.005,0.035,0.002,STANCE,0.0310,-0.1722,1.5704,-0.3275,0.1971,-0.1178
2.679,384,placemove,0.6397,-0.0045,0.1331,-0.0150,0.0107,0.0125,0.0220,-0.0121,-0.0320,-0.0269,0.0699,-0.0303,1.000,0.000,-0.0127,0.0078,-0.0150,0.0107,0.0125,0.1184,0,0.8962,-0.2836,0.0148,1,3.84,0.430,0.409,0.275,SHIFT,-0.4036,-0.1614,1.5694,0.2542,-0.2806,-0.1199,0.9026,0.2834,0.0233,0,0.00,0.012,0.028,0.003,SHIFT,0.3745,-0.2397,1.5446,0.2679,0.2857,-0.1032,0.6171,-0.3745,0.0149,1,0.59,0.095,0.058,0.015,SHIFT,-0.1027,-0.1402,1.5706,-0.0261,-0.3679,-0.1241,0.6142,0.3685,0.0145,1,5.20,0.512,0.625,0.324,SHIFT,0.0752,-0.1949,1.5704,-0.0196,0.3751,-0.1133,0.3148,-0.2011,0.0149,1,3.16,0.008,0.810,0.347,SHIFT,-0.0508,-0.1372,1.5706,-0.3261,-0.1906,-0.1246,0.3084,0.1866,0.0161,0,0.00,0.001,0.035,0.001,SHIFT,0.0316,-0.1727,1.5705,-0.3276,0.1970,-0.1177
2.701,388,placemove,0.6403,-0.0048,0.1325,-0.0153,0.0116,0.0118,0.0396,-0.0221,-0.0406,-0.0146,0.0475,-0.0485,1.000,0.000,-0.0133,0.0091,-0.0153,0.0116,0.0118,0.1178,0,0.8963,-0.2847,0.0147,1,4.02,0.408,0.415,0.306,SHIFT,-0.4059,-0.1652,1.5698,0.2540,-0.2813,-0.1192,0.9042,0.2799,0.0195,0,0.00,0.012,0.029,0.002,SHIFT,0.3651,-0.2261,1.5464,0.2688,0.2828,-0.1061,0.6165,-0.3751,0.0149,1,0.33,0.050,0.014,0.010,SHIFT,-0.1056,-0.1427,1.5706,-0.0268,-0.3682,-0.1236,0.6142,0.3685,0.0145,1,5.23,0.683,0.735,0.196,SHIFT,0.0778,-0.1984,1.5704,-0.0203,0.3754,-0.1126,0.3149,-0.2010,0.0148,1,3.48,0.216,0.883,0.374,SHIFT,-0.0518,-0.1384,1.5705,-0.3263,-0.1905,-0.1244,0.3089,0.1861,0.0155,0,0.00,0.000,0.035,0.001,SHIFT,0.0330,-0.1717,1.5705,-0.3276,0.1966,-0.1179
2.754,392,placemove,0.6410,-0.0048,0.1320,-0.0151,0.0129,0.0116,0.0295,0.0398,-0.0187,0.0245,0.1088,0.0513,1.000,0.000,-0.0136,0.0101,-0.0151,0.0129,0.0116,0.1171,0,0.8963,-0.2858,0.0146,1,7.73,0.512,0.784,0.648,SHIFT,-0.4092,-0.1692,1.5701,0.2536,-0.2821,-0.1184,0.9052,0.2772,0.0159,0,0.00,0.050,0.024,0.005,SHIFT,0.3590,-0.2133,1.5483,0.2690,0.2805,-0.1088,0.6159,-0.3755,0.0150,1,0.00,0.011,0.041,0.004,SHIFT,-0.1097,-0.1461,1.5706,-0.0279,-0.3685,-0.1229,0.6139,0.3687,0.0147,1,0.00,0.024,0.036,0.007,SHIFT,0.0818,-0.2021,1.5704,-0.0214,0.3757,-0.1118,0.3150,-0.2008,0.0150,1,0.00,0.035,0.041,0.001,SHIFT,-0.0534,-0.1406,1.5706,-0.3267,-0.1902,-0.1240,0.3095,0.1856,0.0149,1,4.97,0.543,1.327,0.565,SHIFT,0.0349,-0.1693,1.5706,-0.3276,0.1960,-0.1184
2.796,396,placemove,0.6414,-0.0042,0.1323,-0.0121,0.0118,0.0136,0.0298,0.0243,0.0499,0.2122,-0.0849,0.1401,1.000,0.000,-0.0131,0.0109,-0.0121,0.0118,0.0136,0.1171,0,0.8967,-0.2853,0.0150,1,0.00,0.009,0.037,0.003,SHIFT,-0.4133,-0.1726,1.5702,0.2530,-0.2831,-0.1177,0.9050,0.2768,0.0146,1,5.85,0.293,1.689,0.812,SHIFT,0.3554,-0.2017,1.5499,0.2688,0.2787,-0.1112,0.6157,-0.3748,0.0149,1,0.90,0.053,0.208,0.104,SHIFT,-0.1149,-0.1495,1.5707,-0.0293,-0.3687,-0.1223,0.6124,0.3699,0.0166,1,0.00,0.007,0.034,0.001,SHIFT,0.0867,-0.2056,1.5705,-0.0227,0.3760,-0.1111,0.3153,-0.2001,0.0149,1,5.50,0.312,1.502,0.676,SHIFT,-0.0555,-0.1425,1.5705,-0.3272,-0.1899,-0.1236,0.3096,0.1853,0.0151,1,0.00,0.003,0.035,0.001,SHIFT,0.0372,-0.1675,1.5705,-0.3277,0.1954,-0.1187
2.857,400,placemove,0.6420,-0.0040,0.1330,-0.0092,0.0106,0.0156,0.0410,0.0074,0.0312,0.1441,-0.0591,0.1064,1.000,0.000,-0.0113,0.0106,-0.0092,0.0106,0.0156,0.1183,0,0.8973,-0.2850,0.0156,0,0.00,0.008,0.038,0.003,SHIFT,-0.4176,-0.1748,1.5703,0.2522,-0.2839,-0.1173,0.9046,0.2765,0.0145,1,5.45,0.369,1.582,0.772,SHIFT,0.3540,-0.1932,1.5536,0.2681,0.2774,-0.1131,0.6157,-0.3744,0.0149,1,1.20,0.075,0.297,0.147,SHIFT,-0.1207,-0.1516,1.5707,-0.0308,-0.3688,-0.1219,0.6109,0.3705,0.0188,0,0.00,0.006,0.029,0.000,SHIFT,0.0925,-0.2073,1.5706,-0.0242,0.3760,-0.1108,0.3159,-0.1997,0.0148,1,4.98,0.264,1.366,0.621,SHIFT,-0.0579,-0.1434,1.5692,-0.3277,-0.1895,-0.1234,0.3098,0.1846,0.0156,0,0.00,0.001,0.030,0.001,SHIFT,0.0397,-0.1659,1.5706,-0.3278,0.1948,-0.1190
2.879,404,placemove,0.6428,-0.0039,0.1333,-0.0074,0.0099,0.0170,0.0540,-0.0004,0.0115,0.0829,-0.0331,0.0623,1.000,0.000,-0.0092,0.0099,-0.0074,0.0099,0.0170,0.1186,0,0.8976,-0.2850,0.0156,0,0.00,0.003,0.037,0.003,SHIFT,-0.4220,-0.1742,1.5704,0.2512,-0.2845,-0.1174,0.9042,0.2763,0.0145,1,5.21,0.399,1.496,0.722,SHIFT,0.3545,-0.1886,1.5572,0.2673,0.2766,-0.1141,0.6156,-0.3742,0.0149,1,1.66,0.290,0.308,0.059,SHIFT,-0.1267,-0.1533,1.5708,-0.0323,-0.3688,-0.1215,0.6095,0.3706,0.0200,0,0.00,0.010,0.030,0.001,SHIFT,0.0990,-0.2074,1.5706,-0.0259,0.3759,-0.1107,0.3163,-0.1996,0.0148,1,4.96,0.075,1.287,0.544,SHIFT,-0.0604,-0.1440,1.5659,-0.3285,-0.1891,-0.1232,0.3104,0.1836,0.0155,0,0.00,0.007,0.028,0.002,SHIFT,0.0424,-0.1627,1.5700,-0.3279,0.1940,-0.1196
2.917,408,placemove,0.6437,-0.0040,0.1334,-0.0065,0.0098,0.0175,0.0598,0.0154,0.0273,0.0154,0.0148,0.0225,1.000,0.000,-0.0075,0.0093,-0.0065,0.0098,0.0175,0.1187,0,0.8977,-0.2852,0.0149,0,14.90,1.520,2.585,0.032,SHIFT,-0.4264,-0.1714,1.5704,0.2501,-0.2849,-0.1179,0.9043,0.2764,0.0145,1,0.00,0.077,0.062,0.007,SHIFT,0.3566,-0.1870,1.5599,0.2665,0.2765,-0.1145,0.6152,-0.3741,0.0149,1,0.00,0.020,0.121,0.001,SHIFT,-0.1327,-0.1548,1.5708,-0.0339,-0.3688,-0.1212,0.6084,0.3703,0.0203,0,0.00,0.022,0.022,0.008,SHIFT,0.1062,-0.2063,1.5707,-0.0278,0.3756,-0.1110,0.3164,-0.1995,0.0148,1,0.00,0.035,0.068,0.004,SHIFT,-0.0628,-0.1445,1.5610,-0.3295,-0.1889,-0.1230,0.3108,0.1828,0.0150,0,11.49,1.449,2.808,0.969,SHIFT,0.0455,-0.1581,1.5655,-0.3284,0.1934,-0.1204
2.957,412,placemove,0.6448,-0.0034,0.1338,-0.0070,0.0104,0.0176,0.0649,0.0349,0.0159,-0.0379,0.0399,-0.0014,1.000,0.000,-0.0066,0.0091,-0.0070,0.0104,0.0176,0.1188,0,0.8977,-0.2853,0.0148,1,4.87,0.195,0.995,0.183,SHIFT,-0.4306,-0.1691,1.5697,0.2491,-0.2854,-0.1184,0.9044,0.2771,0.0146,1,1.77,0.176,0.220,0.078,SHIFT,0.3599,-0.1873,1.5622,0.2657,0.2769,-0.1145,0.6147,-0.3737,0.0157,0,0.00,0.006,0.036,0.002,SHIFT,-0.1388,-0.1562,1.5708,-0.0354,-0.3687,-0.1209,0.6074,0.3702,0.0201,0,0.00,0.006,0.033,0.002,SHIFT,0.1139,-0.2039,1.5707,-0.0298,0.3751,-0.1114,0.3164,-0.1990,0.0157,1,0.00,0.000,0.034,0.010,SHIFT,-0.0652,-0.1450,1.5551,-0.3306,-0.1888,-0.1228,0.3110,0.1827,0.0149,1,5.51,0.031,1.087,0.177,SHIFT,0.0488,-0.1542,1.5589,-0.3292,0.1928,-0.1210
3.001,416,placemove,0.6460,-0.0029,0.1340,-0.0076,0.0110,0.0174,0.0739,0.0313,0.0094,-0.0354,0.0321,-0.0120,1.000,0.000,-0.0065,0.0094,-0.0076,0.0110,0.0174,0.1193,0,0.8978,-0.2853,0.0148,1,4.78,0.026,0.570,0.311,SHIFT,-0.4350,-0.1675,1.5699,0.2481,-0.2859,-0.1187,0.9045,0.2781,0.0146,1,1.81,0.146,0.217,0.090,SHIFT,0.3642,-0.1883,1.5641,0.2647,0.2774,-0.1144,0.6142,-0.3729,0.0161,0,0.00,0.000,0.035,0.003,SHIFT,-0.1449,-0.1551,1.5708,-0.0370,-0.3684,-0.1212,0.6065,0.3700,0.0193,0,0.00,0.000,0.032,0.002,SHIFT,0.1222,-0.1997,1.5707,-0.0319,0.3743,-0.1123,0.3162,-0.1984,0.0162,0,0.00,0.006,0.032,0.014,SHIFT,-0.0673,-0.1435,1.5465,-0.3318,-0.1888,-0.1229,0.3111,0.1827,0.0148,1,5.84,0.145,0.566,0.521,SHIFT,0.0525,-0.1513,1.5517,-0.3303,0.1923,-0.1214
3.023,420,placemove,0.6473,-0.0024,0.1341,-0.0081,0.0115,0.0171,0.0839,0.0239,0.0023,-0.0253,0.0235,-0.0245,1.000,0.000,-0.0067,0.0098,-0.0081,0.0115,0.0171,0.1194,0,0.8979,-0.2855,0.0147,1,4.97,0.007,0.584,0.331,SHIFT,-0.4395,-0.1666,1.5701,0.2471,-0.2864,-0.1189,0.9048,0.2792,0.0146,1,1.75,0.105,0.198,0.099,SHIFT,0.3693,-0.1895,1.5655,0.2636,0.2782,-0.1142,0.6138,-0.3719,0.0158,0,0.00,0.002,0.033,0.003,SHIFT,-0.1512,-0.1517,1.5708,-0.0385,-0.3677,-0.1218,0.6057,0.3694,0.0181,0,0.00,0.004,0.032,0.003,SHIFT,0.1310,-0.1936,1.5707,-0.0340,0.3734,-0.1135,0.3161,-0.1980,0.0161,0,0.00,0.006,0.030,0.019,SHIFT,-0.0693,-0.1395,1.5347,-0.3332,-0.1889,-0.1234,0.3111,0.1827,0.0147,1,5.83,0.081,0.600,0.478,SHIFT,0.0566,-0.1491,1.5434,-0.3316,0.1918,-0.1217
3.056,424,placemove,0.6488,-0.0021,0.1341,-0.0086,0.0118,0.0166,0.0923,0.0103,0.0135,-0.1084,0.0149,-0.0374,1.000,0.000,-0.0071,0.0102,-0.0086,0.0118,0.0166,0.1194,0,0.8982,-0.2860,0.0147,1,0.00,0.029,0.121,0.015,STANCE,-0.4441,-0.1663,1.5702,0.2461,-0.2871,-0.1189,0.9052,0.2802,0.0147,1,8.23,0.049,1.058,0.495,STANCE,0.3750,-0.1907,1.5667,0.2624,0.2791,-0.1140,0.6135,-0.3708,0.0149,0,9.55,1.147,2.419,0.999,STANCE,-0.1575,-0.1465,1.5708,-0.0400,-0.3669,-0.1228,0.6051,0.3686,0.0166,0,0.00,0.004,0.010,0.010,STANCE,0.1400,-0.1861,1.5707,-0.0362,0.3722,-0.1150,0.3160,-0.1977,0.0156,0,0.00,0.032,0.095,0.031,STANCE,-0.0712,-0.1336,1.5204,-0.3346,-0.1890,-0.1242,0.3112,0.1826,0.0146,1,5.60,0.975,1.176,0.249,STANCE,0.0608,-0.1473,1.5342,-0.3331,0.1913,-0.1218
3.084,428,placemove,0.6503,-0.0020,0.1342,-0.0087,0.0124,0.0158,0.0867,0.0192,0.0392,0.1205,0.1072,-0.0623,1.000,0.000,-0.0076,0.0105,-0.0087,0.0124,0.0158,0.1192,0,0.8985,-0.2868,0.0149,1,8.44,0.283,1.071,0.493,STANCE,-0.4480,-0.1670,1.5703,0.2453,-0.2877,-0.1188,0.9057,0.2809,0.0147,1,0.00,0.004,0.108,0.010,STANCE,0.3802,-0.1922,1.5675,0.2614,0.2800,-0.1137,0.6133,-0.3704,0.0151,1,0.00,0.026,0.017,0.008,SWING,-0.1627,-0.1473,1.5708,-0.0413,-0.3668,-0.1227,0.6048,0.3674,0.0149,0,9.29,1.128,2.462,1.005,STANCE,0.1481,-0.1782,1.5708,-0.0382,0.3710,-0.1166,0.3159,-0.1977,0.0149,0,6.21,1.130,1.283,0.253,STANCE,-0.0726,-0.1268,1.5064,-0.3359,-0.1892,-0.1251,0.3113,0.1824,0.0148,1,0.00,0.040,0.090,0.019,STANCE,0.0648,-0.1465,1.5265,-0.3345,0.1909,-0.1217
3.155,432,placemove,0.6515,-0.0014,0.1347,-0.0069,0.0139,0.0145,0.0647,0.0408,0.0219,0.0891,0.0759,-0.0887,1.000,0.000,-0.0073,0.0112,-0.0069,0.0139,0.0145,0.1196,0,0.8988,-0.2869,0.0148,1,4.56,0.311,0.587,0.231,STANCE,-0.4508,-0.1684,1.5705,0.2447,-0.2882,-0.1185,0.9063,0.2821,0.0157,1,0.00,0.011,0.033,0.001,STANCE,0.3846,-0.1943,1.5682,0.2606,0.2808,-0.1133,0.6127,-0.3714,0.0182,0,0.00,0.014,0.047,0.003,SWING,-0.1666,-0.1659,1.5708,-0.0427,-0.3688,-0.1190,0.6047,0.3671,0.0148,1,4.75,0.224,1.015,0.234,STANCE,0.1548,-0.1716,1.5706,-0.0398,0.3700,-0.1179,0.3158,-0.1968,0.0149,1,2.64,0.466,0.539,0.106,STANCE,-0.0734,-0.1218,1.4955,-0.3369,-0.1895,-0.1258,0.3115,0.1831,0.0164,0,0.00,0.005,0.032,0.009,STANCE,0.0681,-0.1470,1.5212,-0.3357,0.1904,-0.1215
3.182,436,placemove,0.6525,-0.0010,0.1348,-0.0058,0.0149,0.0131,0.0540,0.0191,-0.0042,0.0553,0.0500,-0.0705,1.000,0.000,-0.0065,0.0122,-0.0058,0.0149,0.0131,0.1200,0,0.8989,-0.2871,0.0148,1,4.19,0.051,0.374,0.388,STANCE,-0.4529,-0.1705,1.5705,0.2444,-0.2887,-0.1181,0.9068,0.2831,0.0162,0,0.00,0.004,0.034,0.000,STANCE,0.3883,-0.1955,1.5688,0.2598,0.2814,-0.1131,0.6117,-0.3744,0.0248,0,0.00,0.006,0.060,0.004,SWING,-0.1696,-0.2016,1.5708,-0.0441,-0.3727,-0.1119,0.6047,0.3671,0.0148,1,5.04,0.411,0.724,0.172,STANCE,0.1603,-0.1683,1.5707,-0.0411,0.3694,-0.1186,0.3156,-0.1959,0.0149,1,2.74,0.461,0.561,0.120,STANCE,-0.0740,-0.1195,1.4885,-0.3376,-0.1897,-0.1261,0.3116,0.1839,0.0173,0,0.00,0.016,0.032,0.008,STANCE,0.0709,-0.1469,1.5165,-0.3366,0.1901,-0.1214
3.215,440,placemove,0.6533,-0.0008,0.1345,-0.0051,0.0155,0.0122,0.0490,-0.0008,-0.0254,0.0288,0.0332,-0.0456,1.000,0.000,-0.0056,0.0130,-0.0051,0.0155,0.0122,0.1198,0,0.8993,-0.2876,0.0147,1,4.45,0.063,0.404,0.407,STANCE,-0.4545,-0.1736,1.5706,0.2443,-0.2893,-0.1175,0.9072,0.2836,0.0160,0,0.00,0.004,0.034,0.001,STANCE,0.3914,-0.1953,1.5692,0.2592,0.2819,-0.1131,0.6110,-0.3783,0.0325,0,0.00,0.002,0.064,0.004,SWING,-0.1718,-0.2413,1.5708,-0.0454,-0.3769,-0.1038,0.6047,0.3671,0.0147,1,5.15,0.395,0.762,0.141,STANCE,0.1647,-0.1681,1.5708,-0.0422,0.3691,-0.1186,0.3156,-0.1954,0.0148,1,2.68,0.432,0.582,0.164,STANCE,-0.0745,-0.1197,1.4846,-0.3382,-0.1898,-0.1259,0.3118,0.1842,0.0175,0,0.00,0.011,0.034,0.008,STANCE,0.0731,-0.1463,1.5122,-0.3373,0.1898,-0.1214
3.236,444,placemove,0.6541,-0.0010,0.1339,-0.0048,0.0159,0.0115,0.0391,-0.0112,-0.0400,0.0119,0.0226,-0.0404,1.000,0.000,-0.0049,0.0137,-0.0048,0.0159,0.0115,0.1192,0,0.8997,-0.2884,0.0147,1,4.76,0.041,0.434,0.438,STANCE,-0.4558,-0.1773,1.5706,0.2443,-0.2898,-0.1168,0.9074,0.2836,0.0152,0,0.00,0.006,0.035,0.002,STANCE,0.3940,-0.1940,1.5696,0.2585,0.2821,-0.1134,0.6122,-0.3819,0.0387,0,0.00,0.007,0.059,0.003,SWING,-0.1654,-0.2738,1.5708,-0.0443,-0.3804,-0.0971,0.6048,0.3671,0.0146,1,5.09,0.030,0.512,0.423,STANCE,0.1682,-0.1701,1.5709,-0.0432,0.3692,-0.1182,0.3156,-0.1954,0.0148,1,2.86,0.072,0.362,0.125,STANCE,-0.0751,-0.1218,1.4831,-0.3387,-0.1899,-0.1255,0.3120,0.1841,0.0170,0,0.00,0.004,0.036,0.009,STANCE,0.0748,-0.1451,1.5080,-0.3380,0.1896,-0.1215
3.288,448,placemove,0.6545,-0.0012,0.1336,-0.0034,0.0158,0.0112,0.0239,-0.0148,-0.0183,0.0845,-0.0105,-0.0146,1.000,0.000,-0.0043,0.0141,-0.0034,0.0158,0.0112,0.1187,0,0.9002,-0.2891,0.0147,1,1.55,0.017,0.120,0.137,STANCE,-0.4568,-0.1810,1.5706,0.2443,-0.2903,-0.1160,0.9075,0.2835,0.0148,1,5.48,0.004,0.772,0.215,STANCE,0.3959,-0.1925,1.5698,0.2580,0.2823,-0.1137,0.6188,-0.3854,0.0434,0,0.00,0.004,0.056,0.002,SWING,-0.1384,-0.2998,1.5708,-0.0374,-0.3839,-0.0916,0.6046,0.3673,0.0153,1,0.00,0.004,0.037,0.001,STANCE,0.1709,-0.1731,1.5709,-0.0439,0.3694,-0.1176,0.3157,-0.1954,0.0147,1,5.72,0.029,0.756,0.255,STANCE,-0.0756,-0.1246,1.4831,-0.3391,-0.1899,-0.1249,0.3121,0.1840,0.0165,0,0.00,0.001,0.034,0.009,STANCE,0.0760,-0.1427,1.5034,-0.3385,0.1895,-0.1218
3.310,452,placemove,0.6549,-0.0015,0.1332,-0.0023,0.0156,0.0110,0.0172,-0.0130,-0.0197,0.0534,-0.0082,-0.0091,1.000,0.000,-0.0033,0.0142,-0.0023,0.0156,0.0110,0.1186,0,0.9005,-0.2897,0.0147,1,1.62,0.001,0.128,0.146,STANCE,-0.4577,-0.1841,1.5706,0.2443,-0.2907,-0.1154,0.9075,0.2835,0.0147,1,5.53,0.019,0.602,0.414,STANCE,0.3975,-0.1920,1.5703,0.2576,0.2824,-0.1138,0.6315,-0.3888,0.0469,0,0.00,0.002,0.052,0.003,SWING,-0.0895,-0.3201,1.5708,-0.0244,-0.3872,-0.0873,0.6045,0.3673,0.0159,0,0.00,0.003,0.037,0.002,STANCE,0.1729,-0.1752,1.5709,-0.0445,0.3696,-0.1172,0.3157,-0.1954,0.0146,1,5.62,0.093,0.633,0.375,STANCE,-0.0762,-0.1272,1.4836,-0.3394,-0.1899,-0.1244,0.3121,0.1839,0.0158,0,0.00,0.000,0.033,0.011,STANCE,0.0769,-0.1387,1.4978,-0.3388,0.1894,-0.1225
3.354,456,placemove,0.6552,-0.0016,0.1330,-0.0016,0.0161,0.0109,0.0247,-0.0090,0.0020,0.0458,0.0929,-0.0070,1.000,0.000,-0.0024,0.0141,-0.0016,0.0161,0.0109,0.1182,0,0.9007,-0.2902,0.0147,1,5.52,0.074,0.542,0.478,STANCE,-0.4584,-0.1867,1.5706,0.2443,-0.2911,-0.1149,0.9075,0.2835,0.0147,1,1.50,0.043,0.141,0.113,STANCE,0.3987,-0.1924,1.5705,0.2573,0.2826,-0.1138,0.6483,-0.3912,0.0495,0,0.00,0.022,0.049,0.004,SWING,-0.0275,-0.3357,1.5708,-0.0076,-0.3895,-0.0840,0.6044,0.3671,0.0159,0,0.00,0.003,0.034,0.002,STANCE,0.1744,-0.1747,1.5709,-0.0448,0.3695,-0.1173,0.3157,-0.1954,0.0148,1,0.00,0.005,0.038,0.000,STANCE,-0.0769,-0.1294,1.4840,-0.3396,-0.1898,-0.1239,0.3120,0.1838,0.0149,1,5.83,0.120,0.608,0.477,STANCE,0.0773,-0.1335,1.4917,-0.3391,0.1894,-0.1233
3.386,460,placemove,0.6556,-0.0018,0.1330,-0.0010,0.0174,0.0109,0.0212,-0.0060,-0.0078,0.0253,0.0692,0.0017,1.000,0.000,-0.0017,0.0147,-0.0010,0.0174,0.0109,0.1182,0,0.9010,-0.2906,0.0146,1,5.38,0.068,0.511,0.480,STANCE,-0.4590,-0.1893,1.5707,0.2443,-0.2914,-0.1144,0.9077,0.2837,0.0147,1,2.03,0.014,0.181,0.173,STANCE,0.3995,-0.1937,1.5706,0.2572,0.2829,-0.1135,0.6654,-0.3922,0.0515,0,0.00,0.010,0.045,0.002,SWING,0.0322,-0.3474,1.5708,0.0089,-0.3905,-0.0815,0.6044,0.3668,0.0157,0,0.00,0.004,0.034,0.003,STANCE,0.1755,-0.1726,1.5708,-0.0451,0.3692,-0.1177,0.3157,-0.1953,0.0156,0,0.00,0.003,0.038,0.001,STANCE,-0.0776,-0.1319,1.4849,-0.3399,-0.1897,-0.1234,0.3120,0.1838,0.0148,1,5.23,0.035,0.630,0.318,STANCE,0.0775,-0.1301,1.4874,-0.3393,0.1895,-0.1239
3.430,464,placemove,0.6559,-0.0019,0.1328,-0.0007,0.0183,0.0110,0.0162,-0.0046,-0.0071,0.0130,0.0433,0.0057,1.000,0.000,-0.0011,0.0155,-0.0007,0.0183,0.0110,0.1182,0,0.9012,-0.2909,0.0146,1,5.35,0.055,0.511,0.478,STANCE,-0.4597,-0.1912,1.5707,0.2443,-0.2917,-0.1140,0.9078,0.2839,0.0147,1,2.01,0.009,0.173,0.177,STANCE,0.4002,-0.1951,1.5706,0.2572,0.2831,-0.1132,0.6791,-0.3916,0.0515,0,0.00,0.009,0.037,0.003,SWING,0.0795,-0.3470,1.5708,0.0219,-0.3897,-0.0815,0.6044,0.3663,0.0150,0,0.00,0.004,0.034,0.003,STANCE,0.1764,-0.1685,1.5708,-0.0452,0.3687,-0.1185,0.3157,-0.1953,0.0158,0,0.00,0.002,0.034,0.004,STANCE,-0.0784,-0.1318,1.4838,-0.3401,-0.1896,-0.1234,0.3121,0.1838,0.0147,1,5.23,0.026,0.609,0.340,STANCE,0.0776,-0.1281,1.4845,-0.3395,0.1895,-0.1242
3.462,468,placemove,0.6558,-0.0018,0.1330,0.0012,0.0179,0.0110,0.0069,0.0037,0.0185,0.0510,0.0695,0.0123,1.000,0.000,-0.0003,0.0159,0.0012,0.0179,0.0110,0.1180,0,0.9012,-0.2909,0.0145,1,4.49,0.153,0.654,0.140,STANCE,-0.4603,-0.1924,1.5704,0.2443,-0.2919,-0.1138,0.9078,0.2843,0.0157,1,0.00,0.017,0.036,0.003,STANCE,0.4007,-0.1963,1.5707,0.2572,0.2833,-0.1130,0.6892,-0.3886,0.0464,0,0.00,0.012,0.027,0.007,SWING,0.1164,-0.3244,1.5708,0.0318,-0.3868,-0.0864,0.6044,0.3660,0.0148,1,5.28,0.791,1.248,0.406,STANCE,0.1770,-0.1640,1.5708,-0.0453,0.3681,-0.1194,0.3154,-0.1949,0.0150,0,4.13,0.757,0.803,0.116,STANCE,-0.0791,-0.1290,1.4804,-0.3403,-0.1895,-0.1239,0.3120,0.1842,0.0148,1,0.00,0.020,0.042,0.005,STANCE,0.0774,-0.1270,1.4824,-0.3397,0.1896,-0.1244
3.527,472,placemove,0.6560,-0.0016,0.1330,0.0018,0.0189,0.0110,0.0114,0.0051,-0.0046,0.0244,0.0553,0.0019,1.000,0.000,0.0006,0.0163,0.0018,0.0189,0.0110,0.1183,0,0.9012,-0.2909,0.0145,1,4.50,0.137,0.433,0.391,STANCE,-0.4609,-0.1942,1.5705,0.2442,-0.2922,-0.1134,0.9078,0.2847,0.0158,0,0.00,0.000,0.035,0.002,STANCE,0.4010,-0.1968,1.5707,0.2571,0.2834,-0.1129,0.6966,-0.3839,0.0380,0,0.00,0.006,0.008,0.009,SWING,0.1450,-0.2847,1.5708,0.0390,-0.3823,-0.0948,0.6044,0.3659,0.0148,1,4.98,0.444,0.800,0.064,STANCE,0.1774,-0.1620,1.5707,-0.0453,0.3679,-0.1198,0.3153,-0.1945,0.0149,1,2.87,0.502,0.596,0.134,STANCE,-0.0800,-0.1269,1.4779,-0.3405,-0.1893,-0.1242,0.3119,0.1846,0.0155,0,0.00,0.006,0.035,0.002,STANCE,0.0772,-0.1275,1.4817,-0.3398,0.1898,-0.1242
3.549,476,placemove,0.6563,-0.0016,0.1328,0.0020,0.0196,0.0111,0.0253,-0.0036,-0.0167,0.0093,0.0373,0.0035,1.000,0.000,0.0013,0.0169,0.0020,0.0196,0.0111,0.1181,0,0.9014,-0.2912,0.0145,1,4.29,0.007,0.397,0.391,SHIFT,-0.4617,-0.1964,1.5706,0.2442,-0.2925,-0.1130,0.9078,0.2847,0.0153,0,0.00,0.011,0.035,0.003,SHIFT,0.4016,-0.1955,1.5707,0.2569,0.2833,-0.1131,0.7021,-0.3794,0.0301,0,0.00,0.013,0.019,0.007,SHIFT,0.1670,-0.2512,1.5708,0.0444,-0.3781,-0.1018,0.6044,0.3659,0.0147,1,5.03,0.673,0.759,0.125,SHIFT,0.1780,-0.1621,1.5707,-0.0455,0.3679,-0.1198,0.3152,-0.1943,0.0149,1,3.30,0.585,0.648,0.112,SHIFT,-0.0809,-0.1264,1.4763,-0.3408,-0.1891,-0.1243,0.3119,0.1847,0.0156,0,0.00,0.000,0.034,0.004,SHIFT,0.0769,-0.1270,1.4797,-0.3399,0.1899,-0.1243
3.590,480,placemove,0.6569,-0.0018,0.1327,0.0029,0.0198,0.0113,0.0415,-0.0155,-0.0017,0.0750,0.0033,0.0110,1.000,0.000,0.0017,0.0174,0.0029,0.0198,0.0113,0.1179,0,0.9017,-0.2917,0.0145,1,1.86,0.004,0.160,0.162,SHIFT,-0.4639,-0.1987,1.5706,0.2439,-0.2930,-0.1125,0.9078,0.2847,0.0148,1,5.11,0.017,0.626,0.324,SHIFT,0.4033,-0.1932,1.5708,0.2564,0.2834,-0.1136,0.7065,-0.3764,0.0248,0,0.00,0.006,0.021,0.005,SHIFT,0.1826,-0.2284,1.5708,0.0480,-0.3750,-0.1065,0.6043,0.3659,0.0150,1,0.00,0.001,0.035,0.002,SHIFT,0.1800,-0.1633,1.5707,-0.0460,0.3679,-0.1195,0.3152,-0.1943,0.0148,1,5.68,0.038,0.578,0.464,SHIFT,-0.0825,-0.1266,1.4731,-0.3414,-0.1890,-0.1242,0.3119,0.1847,0.0154,0,0.00,0.001,0.034,0.012,SHIFT,0.0773,-0.1244,1.4737,-0.3405,0.1901,-0.1246
3.618,484,placemove,0.6577,-0.0021,0.1326,0.0039,0.0199,0.0114,0.0574,-0.0125,0.0071,0.0659,0.0497,0.0130,1.000,0.000,0.0025,0.0177,0.0039,0.0199,0.0114,0.1180,0,0.9020,-0.2924,0.0146,1,7.84,0.221,0.799,0.688,SHIFT,-0.4671,-0.2005,1.5706,0.2433,-0.2936,-0.1121,0.9079,0.2849,0.0148,1,2.05,0.105,0.225,0.132,SHIFT,0.4059,-0.1917,1.5708,0.2558,0.2837,-0.1139,0.7096,-0.3737,0.0200,0,0.00,0.021,0.021,0.003,SHIFT,0.1929,-0.2075,1.5708,0.0503,-0.3723,-0.1107,0.6043,0.3657,0.0156,0,0.00,0.006,0.075,0.006,SHIFT,0.1834,-0.1642,1.5707,-0.0469,0.3679,-0.1194,0.3151,-0.1943,0.0147,1,0.00,0.004,0.082,0.014,SHIFT,-0.0845,-0.1264,1.4677,-0.3423,-0.1888,-0.1240,0.3118,0.1847,0.0149,0,9.61,0.133,0.988,0.756,SHIFT,0.0781,-0.1195,1.4637,-0.3413,0.1902,-0.1253
3.666,488,placemove,0.6588,-0.0022,0.1326,0.0046,0.0208,0.0117,0.0707,-0.0061,-0.0072,0.0350,0.0461,0.0187,1.000,0.000,0.0033,0.0181,0.0046,0.0208,0.0117,0.1178,0,0.9023,-0.2931,0.0145,1,5.23,0.048,0.498,0.473,SHIFT,-0.4712,-0.2025,1.5707,0.2425,-0.2944,-0.1117,0.9080,0.2854,0.0148,1,1.81,0.062,0.169,0.147,SHIFT,0.4093,-0.1917,1.5708,0.2550,0.2842,-0.1139,0.7119,-0.3712,0.0158,0,0.00,0.004,0.023,0.005,SHIFT,0.1992,-0.1886,1.5708,0.0514,-0.3699,-0.1145,0.6041,0.3653,0.0158,0,0.00,0.001,0.033,0.002,SHIFT,0.1877,-0.1632,1.5707,-0.0480,0.3675,-0.1196,0.3150,-0.1943,0.0151,1,0.00,0.000,0.033,0.011,SHIFT,-0.0869,-0.1264,1.4611,-0.3435,-0.1887,-0.1238,0.3116,0.1847,0.0148,1,5.28,0.022,0.567,0.415,SHIFT,0.0793,-0.1151,1.4528,-0.3424,0.1904,-0.1258
3.698,492,placemove,0.6595,-0.0026,0.1335,0.0008,0.0209,0.0098,0.0384,-0.0288,0.0795,-0.2304,-0.0118,-0.1209,1.000,0.000,0.0032,0.0185,0.0008,0.0209,0.0098,0.1182,0,0.9017,-0.2951,0.0166,1,0.00,0.008,0.019,0.004,SHIFT,-0.4759,-0.2045,1.5707,0.2416,-0.2953,-0.1113,0.9085,0.2849,0.0147,1,0.00,0.020,0.088,0.008,SHIFT,0.4134,-0.1926,1.5708,0.2543,0.2849,-0.1137,0.7125,-0.3702,0.0148,1,9.21,0.018,2.661,1.246,SHIFT,0.2022,-0.1740,1.5708,0.0519,-0.3681,-0.1174,0.6042,0.3641,0.0149,0,10.60,0.127,2.940,1.459,SHIFT,0.1928,-0.1608,1.5708,-0.0492,0.3670,-0.1200,0.3142,-0.1944,0.0167,0,0.00,0.002,0.033,0.014,SHIFT,-0.0895,-0.1256,1.4525,-0.3448,-0.1885,-0.1236,0.3114,0.1847,0.0147,1,0.00,0.004,0.078,0.024,SHIFT,0.0807,-0.1121,1.4419,-0.3437,0.1906,-0.1261
3.749,496,placemove,0.6602,-0.0030,0.1348,-0.0014,0.0201,0.0081,0.0438,-0.0255,0.0637,-0.1025,-0.0744,-0.0851,1.000,0.000,0.0014,0.0186,-0.0014,0.0201,0.0081,0.1197,0,0.9008,-0.2971,0.0191,0,0.00,0.001,0.030,0.001,SHIFT,-0.4815,-0.2055,1.5707,0.2404,-0.2961,-0.1111,0.9089,0.2845,0.0157,1,0.00,0.004,0.035,0.002,SHIFT,0.4177,-0.1938,1.5708,0.2534,0.2857,-0.1135,0.7125,-0.3696,0.0147,1,5.26,0.034,1.527,0.728,SHIFT,0.2026,-0.1627,1.5706,0.0517,-0.3667,-0.1197,0.6042,0.3629,0.0147,1,5.40,0.131,1.521,0.712,SHIFT,0.1984,-0.1578,1.5707,-0.0505,0.3664,-0.1206,0.3131,-0.1944,0.0182,0,0.00,0.001,0.022,0.018,SHIFT,-0.0922,-0.1227,1.4410,-0.3463,-0.1884,-0.1238,0.3111,0.1847,0.0153,1,0.00,0.002,0.026,0.017,SHIFT,0.0825,-0.1099,1.4310,-0.3451,0.1907,-0.1262
3.785,500,placemove,0.6610,-0.0034,0.1356,-0.0026,0.0187,0.0070,0.0542,-0.0221,0.0326,-0.0515,-0.0828,-0.0536,1.000,0.000,-0.0004,0.0180,-0.0026,0.0187,0.0070,0.1210,0,0.9001,-0.2989,0.0206,0,0.00,0.001,0.028,0.001,SHIFT,-0.4878,-0.2054,1.5707,0.2390,-0.2970,-0.1111,0.9093,0.2844,0.0166,0,0.00,0.000,0.029,0.002,SHIFT,0.4219,-0.1938,1.5708,0.2525,0.2863,-0.1135,0.7125,-0.3694,0.0146,1,5.57,0.094,1.589,0.743,SHIFT,0.2009,-0.1560,1.5706,0.0511,-0.3661,-0.1210,0.6042,0.3619,0.0147,1,5.68,0.206,1.591,0.736,SHIFT,0.2042,-0.1561,1.5707,-0.0519,0.3659,-0.1210,0.3122,-0.1945,0.0184,0,0.00,0.000,0.032,0.022,SHIFT,-0.0951,-0.1185,1.4275,-0.3480,-0.1883,-0.1242,0.3109,0.1846,0.0152,0,0.00,0.001,0.033,0.021,SHIFT,0.0843,-0.1064,1.4185,-0.3465,0.1908,-0.1264
3.834,504,placemove,0.6622,-0.0035,0.1358,-0.0032,0.0186,0.0064,0.0818,0.0115,-0.0045,-0.0362,0.0594,-0.0348,1.000,0.000,-0.0016,0.0172,-0.0032,0.0186,0.0064,0.1211,0,0.8995,-0.3001,0.0212,0,0.00,0.008,0.028,0.001,SHIFT,-0.4947,-0.2051,1.5707,0.2374,-0.2979,-0.1112,0.9096,0.2845,0.0166,0,0.00,0.002,0.031,0.005,SHIFT,0.4262,-0.1926,1.5708,0.2516,0.2868,-0.1137,0.7125,-0.3695,0.0146,1,5.92,0.240,0.731,0.352,SHIFT,0.1975,-0.1533,1.5705,0.0502,-0.3659,-0.1215,0.6041,0.3613,0.0147,1,3.72,0.482,0.892,0.314,SHIFT,0.2099,-0.1559,1.5707,-0.0534,0.3656,-0.1210,0.3115,-0.1943,0.0183,0,0.00,0.030,0.027,0.021,SHIFT,-0.0982,-0.1135,1.4127,-0.3497,-0.1881,-0.1247,0.3106,0.1848,0.0149,1,1.60,0.229,0.203,0.078,SHIFT,0.0861,-0.1021,1.4050,-0.3480,0.1910,-0.1268
3.855,508,placemove,0.6636,-0.0032,0.1353,-0.0037,0.0197,0.0060,0.0911,0.0201,-0.0463,-0.0217,0.0704,-0.0180,1.000,0.000,-0.0025,0.0172,-0.0037,0.0197,0.0060,0.1206,0,0.8991,-0.3010,0.0207,0,0.00,0.003,0.032,0.002,SHIFT,-0.5021,-0.2056,1.5708,0.2358,-0.2990,-0.1111,0.9102,0.2852,0.0156,0,0.00,0.000,0.031,0.001,SHIFT,0.4303,-0.1920,1.5708,0.2506,0.2874,-0.1139,0.7125,-0.3696,0.0146,1,5.76,0.103,0.585,0.475,SHIFT,0.1927,-0.1551,1.5706,0.0490,-0.3664,-0.1212,0.6042,0.3616,0.0146,1,5.41,0.084,0.539,0.456,SHIFT,0.2157,-0.1588,1.5707,-0.0549,0.3656,-0.1204,0.3109,-0.1937,0.0180,0,0.00,0.000,0.033,0.023,SHIFT,-0.1016,-0.1093,1.3982,-0.3515,-0.1879,-0.1250,0.3106,0.1854,0.0149,1,0.77,0.100,0.084,0.037,SHIFT,0.0877,-0.1009,1.3939,-0.3495,0.1912,-0.1266
3.895,512,placemove,0.6650,-0.0029,0.1345,-0.0031,0.0196,0.0061,0.0725,0.0027,-0.0441,0.0636,-0.0519,0.0286,1.000,0.000,-0.0030,0.0176,-0.0031,0.0196,0.0061,0.1197,0,0.8987,-0.3019,0.0200,0,0.00,0.011,0.037,0.003,SHIFT,-0.5101,-0.2063,1.5708,0.2341,-0.3001,-0.1110,0.9107,0.2861,0.0149,1,4.66,0.169,0.443,0.417,SHIFT,0.4345,-0.1920,1.5708,0.2498,0.2880,-0.1139,0.7125,-0.3702,0.0145,1,4.70,0.054,0.459,0.396,SHIFT,0.1866,-0.1599,1.5706,0.0476,-0.3672,-0.1202,0.6040,0.3621,0.0150,1,0.00,0.012,0.038,0.000,SHIFT,0.2214,-0.1638,1.5707,-0.0565,0.3659,-0.1194,0.3104,-0.1932,0.0171,0,0.00,0.007,0.036,0.025,SHIFT,-0.1053,-0.1057,1.3836,-0.3534,-0.1877,-0.1251,0.3104,0.1859,0.0149,1,3.43,0.276,0.426,0.182,SHIFT,0.0892,-0.1022,1.3847,-0.3510,0.1915,-0.1260
3.916,516,placemove,0.6663,-0.0030,0.1336,-0.0022,0.0189,0.0068,0.0786,-0.0074,-0.0554,0.0484,-0.0336,0.0416,1.000,0.000,-0.0027,0.0175,-0.0022,0.0189,0.0068,0.1189,0,0.8984,-0.3028,0.0190,0,0.00,0.005,0.037,0.003,STANCE,-0.5184,-0.2057,1.5708,0.2321,-0.3012,-0.1111,0.9110,0.2871,0.0148,1,4.29,0.077,0.400,0.388,STANCE,0.4387,-0.1937,1.5708,0.2490,0.2888,-0.1135,0.7125,-0.3710,0.0145,1,5.00,0.200,0.502,0.411,STANCE,0.1797,-0.1656,1.5707,0.0460,-0.3682,-0.1191,0.6035,0.3625,0.0156,0,0.00,0.001,0.040,0.000,STANCE,0.2271,-0.1695,1.5708,-0.0580,0.3662,-0.1183,0.3099,-0.1931,0.0155,0,0.00,0.001,0.034,0.026,STANCE,-0.1092,-0.1011,1.3678,-0.3554,-0.1874,-0.1255,0.3101,0.1861,0.0148,1,3.68,0.020,0.414,0.249,STANCE,0.0904,-0.1044,1.3759,-0.3526,0.1918,-0.1251
3.960,520,placemove,0.6677,-0.0033,0.1330,-0.0010,0.0209,0.0076,0.0901,-0.0217,-0.0413,0.0817,0.1654,0.0506,1.000,0.000,-0.0021,0.0175,-0.0010,0.0209,0.0076,0.1179,0,0.8980,-0.3036,0.0173,0,0.00,0.007,0.038,0.003,STANCE,-0.5259,-0.2041,1.5708,0.2304,-0.3020,-0.1114,0.9115,0.2880,0.0147,1,5.67,0.055,0.563,0.487,STANCE,0.4421,-0.1973,1.5708,0.2485,0.2897,-0.1128,0.7125,-0.3722,0.0145,1,2.31,0.029,0.222,0.179,STANCE,0.1732,-0.1718,1.5707,0.0445,-0.3692,-0.1179,0.6031,0.3629,0.0170,0,0.00,0.003,0.037,0.001,SWING,0.2316,-0.1784,1.5708,-0.0594,0.3669,-0.1166,0.3095,-0.1931,0.0148,1,4.39,0.012,0.508,0.304,STANCE,-0.1129,-0.0966,1.3537,-0.3571,-0.1870,-0.1258,0.3099,0.1860,0.0159,1,0.00,0.001,0.034,0.010,STANCE,0.0912,-0.1078,1.3696,-0.3539,0.1922,-0.1241
3.981,524,placemove,0.6691,-0.0036,0.1321,0.0001,0.0232,0.0084,0.0755,-0.0167,-0.0538,0.0543,0.1197,0.0474,1.000,0.000,-0.0012,0.0187,0.0001,0.0232,0.0084,0.1174,0,0.8978,-0.3042,0.0151,0,0.00,0.010,0.037,0.002,STANCE,-0.5322,-0.2016,1.5708,0.2288,-0.3026,-0.1119,0.9122,0.2888,0.0147,1,6.01,0.178,0.592,0.518,STANCE,0.4445,-0.2024,1.5708,0.2483,0.2905,-0.1118,0.7127,-0.3734,0.0146,1,2.90,0.047,0.286,0.224,STANCE,0.1677,-0.1786,1.5707,0.0432,-0.3702,-0.1165,0.6026,0.3647,0.0208,0,0.00,0.008,0.050,0.002,SWING,0.2350,-0.2002,1.5708,-0.0609,0.3691,-0.1122,0.3093,-0.1932,0.0148,1,4.21,0.045,0.490,0.275,STANCE,-0.1162,-0.0953,1.3445,-0.3586,-0.1866,-0.1256,0.3099,0.1859,0.0173,0,0.00,0.001,0.040,0.009,STANCE,0.0914,-0.1120,1.3659,-0.3549,0.1926,-0.1230
4.014,528,placemove,0.6700,-0.0034,0.1316,-0.0026,0.0220,0.0094,0.0480,0.0235,-0.0285,-0.1487,-0.0724,0.0686,1.000,0.000,-0.0011,0.0197,-0.0026,0.0220,0.0094,0.1165,0,0.8978,-0.3045,0.0148,1,2.52,0.168,0.374,0.062,STANCE,-0.5375,-0.1982,1.5707,0.2274,-0.3029,-0.1126,0.9129,0.2897,0.0146,1,5.56,0.074,0.567,0.461,STANCE,0.4462,-0.2072,1.5708,0.2482,0.2912,-0.1108,0.7131,-0.3743,0.0161,1,0.00,0.011,0.037,0.000,STANCE,0.1630,-0.1846,1.5707,0.0421,-0.3711,-0.1153,0.6019,0.3680,0.0262,0,0.00,0.011,0.065,0.004,SWING,0.2376,-0.2354,1.5708,-0.0624,0.3727,-0.1050,0.3094,-0.1933,0.0147,1,4.99,0.181,0.816,0.059,STANCE,-0.1192,-0.0956,1.3381,-0.3598,-0.1862,-0.1253,0.3100,0.1859,0.0167,0,0.00,0.004,0.044,0.011,STANCE,0.0913,-0.1139,1.3615,-0.3556,0.1929,-0.1223
4.041,532,placemove,0.6707,-0.0030,0.1311,-0.0046,0.0210,0.0105,0.0353,0.0197,-0.0275,-0.1009,-0.0532,0.0662,1.000,0.000,-0.0022,0.0196,-0.0046,0.0210,0.0105,0.1164,0,0.8978,-0.3045,0.0148,1,2.46,0.051,0.259,0.174,STANCE,-0.5420,-0.1962,1.5708,0.2263,-0.3033,-0.1130,0.9134,0.2906,0.0146,1,5.49,0.009,0.558,0.462,STANCE,0.4473,-0.2110,1.5708,0.2482,0.2917,-0.1100,0.7134,-0.3748,0.0173,0,0.00,0.009,0.037,0.002,STANCE,0.1591,-0.1880,1.5708,0.0412,-0.3717,-0.1146,0.6010,0.3718,0.0328,0,0.00,0.006,0.066,0.004,SWING,0.2392,-0.2737,1.5708,-0.0638,0.3764,-0.0971,0.3094,-0.1932,0.0147,1,4.92,0.021,0.712,0.162,STANCE,-0.1217,-0.0963,1.3336,-0.3607,-0.1858,-0.1249,0.3100,0.1859,0.0156,0,0.00,0.003,0.040,0.013,STANCE,0.0911,-0.1128,1.3558,-0.3562,0.1933,-0.1223
4.088,536,placemove,0.6713,-0.0027,0.1309,-0.0057,0.0215,0.0116,0.0395,0.0156,-0.0080,-0.0460,0.0777,0.0571,1.000,0.000,-0.0036,0.0192,-0.0057,0.0215,0.0116,0.1160,0,0.8978,-0.3045,0.0147,1,4.99,0.084,0.572,0.354,STANCE,-0.5457,-0.1958,1.5708,0.2254,-0.3037,-0.1131,0.9138,0.2914,0.0146,1,2.11,0.029,0.182,0.188,STANCE,0.4478,-0.2143,1.5708,0.2483,0.2921,-0.1094,0.7136,-0.3748,0.0177,0,0.00,0.010,0.034,0.002,STANCE,0.1558,-0.1890,1.5708,0.0404,-0.3719,-0.1144,0.6022,0.3753,0.0389,0,0.00,0.000,0.058,0.003,SWING,0.2312,-0.3051,1.5708,-0.0623,0.3797,-0.0905,0.3095,-0.1932,0.0152,1,0.00,0.006,0.034,0.007,STANCE,-0.1237,-0.0977,1.3307,-0.3615,-0.1855,-0.1245,0.3099,0.1859,0.0148,1,4.98,0.071,0.592,0.320,STANCE,0.0909,-0.1099,1.3497,-0.3566,0.1935,-0.1227
4.124,540,placemove,0.6719,-0.0025,0.1306,-0.0062,0.0226,0.0125,0.0294,0.0125,-0.0150,-0.0206,0.0573,0.0465,1.000,0.000,-0.0046,0.0195,-0.0062,0.0226,0.0125,0.1160,0,0.8979,-0.3046,0.0147,1,5.40,0.060,0.557,0.444,STANCE,-0.5486,-0.1973,1.5708,0.2248,-0.3042,-0.1128,0.9141,0.2922,0.0146,1,2.25,0.038,0.197,0.199,STANCE,0.4482,-0.2178,1.5708,0.2484,0.2924,-0.1087,0.7136,-0.3747,0.0176,0,0.00,0.009,0.036,0.002,STANCE,0.1531,-0.1886,1.5708,0.0397,-0.3720,-0.1145,0.6094,0.3794,0.0437,0,0.00,0.003,0.054,0.003,SWING,0.1999,-0.3296,1.5708,-0.0544,0.3837,-0.0853,0.3095,-0.1931,0.0160,0,0.00,0.007,0.039,0.006,STANCE,-0.1252,-0.0997,1.3291,-0.3621,-0.1853,-0.1239,0.3098,0.1860,0.0148,1,5.22,0.085,0.624,0.325,STANCE,0.0908,-0.1085,1.3458,-0.3570,0.1937,-0.1228
4.170,544,placemove,0.6723,-0.0023,0.1304,-0.0064,0.0234,0.0132,0.0226,0.0101,-0.0087,-0.0070,0.0351,0.0355,1.000,0.000,-0.0052,0.0202,-0.0064,0.0234,0.0132,0.1158,0,0.8980,-0.3047,0.0146,1,5.32,0.034,0.549,0.439,STANCE,-0.5511,-0.1984,1.5708,0.2243,-0.3046,-0.1126,0.9143,0.2928,0.0146,1,2.30,0.065,0.206,0.202,STANCE,0.4484,-0.2199,1.5708,0.2485,0.2927,-0.1082,0.7136,-0.3743,0.0169,0,0.00,0.006,0.035,0.003,STANCE,0.1509,-0.1854,1.5708,0.0390,-0.3717,-0.1152,0.6237,0.3839,0.0473,0,0.00,0.010,0.050,0.004,SWING,0.1434,-0.3482,1.5708,-0.0394,0.3879,-0.0813,0.3094,-0.1931,0.0162,0,0.00,0.005,0.037,0.009,STANCE,-0.1263,-0.0988,1.3255,-0.3626,-0.1852,-0.1239,0.3097,0.1860,0.0147,1,5.21,0.125,0.634,0.311,STANCE,0.0908,-0.1073,1.3426,-0.3572,0.1939,-0.1229
4.191,548,placemove,0.6726,-0.0022,0.1304,-0.0064,0.0238,0.0136,0.0198,0.0058,-0.0031,-0.0007,0.0186,0.0233,1.000,0.000,-0.0056,0.0208,-0.0064,0.0238,0.0136,0.1158,0,0.8980,-0.3048,0.0146,1,5.23,0.091,0.580,0.391,STANCE,-0.5530,-0.1989,1.5708,0.2239,-0.3049,-0.1125,0.9145,0.2932,0.0146,1,2.33,0.015,0.212,0.204,STANCE,0.4487,-0.2210,1.5708,0.2485,0.2928,-0.1080,0.7135,-0.3736,0.0157,0,0.00,0.005,0.032,0.003,STANCE,0.1491,-0.1797,1.5708,0.0385,-0.3711,-0.1163,0.6419,0.3876,0.0498,0,0.00,0.098,0.046,0.003,SWING,0.0767,-0.3617,1.5708,-0.0212,0.3909,-0.0784,0.3094,-0.1931,0.0158,0,0.00,0.001,0.035,0.013,STANCE,-0.1271,-0.0952,1.3199,-0.3630,-0.1851,-0.1245,0.3097,0.1860,0.0146,1,5.17,0.071,0.631,0.306,STANCE,0.0909,-0.1062,1.3399,-0.3575,0.1939,-0.1230
4.251,552,placemove,0.6729,-0.0022,0.1306,-0.0075,0.0238,0.0141,0.0132,0.0003,0.0343,-0.1313,-0.0093,0.0395,1.000,0.000,-0.0058,0.0212,-0.0075,0.0238,0.0141,0.1158,0,0.8981,-0.3049,0.0150,1,0.00,0.004,0.033,0.001,STANCE,-0.5545,-0.1990,1.5708,0.2236,-0.3051,-0.1125,0.9146,0.2934,0.0146,1,3.95,0.535,0.866,0.249,STANCE,0.4491,-0.2212,1.5706,0.2485,0.2929,-0.1079,0.7134,-0.3729,0.0148,1,5.24,0.064,1.483,0.707,STANCE,0.1477,-0.1725,1.5707,0.0380,-0.3703,-0.1177,0.6604,0.3895,0.0514,0,0.00,0.015,0.046,0.001,SWING,0.0103,-0.3713,1.5708,-0.0029,0.3925,-0.0763,0.3094,-0.1932,0.0153,0,0.00,0.007,0.031,0.015,STANCE,-0.1277,-0.0894,1.3125,-0.3633,-0.1851,-0.1254,0.3097,0.1858,0.0146,1,3.32,0.600,0.818,0.278,STANCE,0.0911,-0.1051,1.3375,-0.3577,0.1940,-0.1231
4.283,556,placemove,0.6731,-0.0021,0.1311,-0.0092,0.0240,0.0144,0.0142,0.0072,0.0362,-0.0791,0.0533,0.0039,1.000,0.000,-0.0067,0.0213,-0.0092,0.0240,0.0144,0.1165,0,0.8981,-0.3051,0.0161,0,0.00,0.001,0.033,0.002,STANCE,-0.5555,-0.1988,1.5708,0.2233,-0.3052,-0.1125,0.9146,0.2934,0.0146,1,5.71,0.299,0.937,0.077,STANCE,0.4495,-0.2210,1.5703,0.2484,0.2930,-0.1080,0.7133,-0.3724,0.0147,1,2.49,0.206,0.666,0.302,STANCE,0.1467,-0.1662,1.5707,0.0376,-0.3697,-0.1190,0.6766,0.3895,0.0508,0,0.00,0.015,0.041,0.003,SWING,-0.0462,-0.3691,1.5708,0.0128,0.3920,-0.0768,0.3094,-0.1936,0.0150,0,4.66,0.435,0.675,0.164,STANCE,-0.1279,-0.0819,1.3040,-0.3636,-0.1851,-0.1266,0.3096,0.1855,0.0146,1,0.00,0.003,0.041,0.007,STANCE,0.0915,-0.1041,1.3354,-0.3579,0.1939,-0.1233
4.333,560,placemove,0.6734,-0.0020,0.1307,-0.0094,0.0247,0.0143,0.0149,0.0015,-0.0591,0.0208,0.0594,-0.0039,1.000,0.000,-0.0077,0.0216,-0.0094,0.0247,0.0143,0.1156,0,0.8981,-0.3052,0.0157,0,0.00,0.012,0.039,0.003,STANCE,-0.5563,-0.1984,1.5708,0.2231,-0.3053,-0.1126,0.9149,0.2938,0.0148,1,6.20,0.109,0.626,0.532,STANCE,0.4499,-0.2254,1.5704,0.2486,0.2934,-0.1071,0.7134,-0.3725,0.0149,1,2.45,0.098,0.216,0.208,STANCE,0.1461,-0.1691,1.5707,0.0375,-0.3700,-0.1184,0.6892,0.3872,0.0454,0,0.00,0.010,0.019,0.006,SWING,-0.0901,-0.3445,1.5708,0.0248,0.3893,-0.0821,0.3094,-0.1936,0.0150,1,4.14,0.059,0.494,0.239,STANCE,-0.1279,-0.0822,1.3029,-0.3638,-0.1852,-0.1265,0.3096,0.1855,0.0156,1,0.00,0.003,0.041,0.006,STANCE,0.0920,-0.1103,1.3400,-0.3581,0.1939,-0.1221
4.370,564,placemove,0.6735,-0.0019,0.1300,-0.0102,0.0243,0.0141,0.0018,0.0150,-0.0376,-0.0992,-0.0698,-0.0151,1.000,0.000,-0.0082,0.0220,-0.0102,0.0243,0.0141,0.1149,0,0.8980,-0.3051,0.0149,1,2.52,0.376,0.563,0.188,STANCE,-0.5568,-0.1974,1.5707,0.2229,-0.3053,-0.1128,0.9153,0.2943,0.0147,1,5.85,0.281,0.642,0.441,STANCE,0.4503,-0.2297,1.5705,0.2487,0.2939,-0.1062,0.7135,-0.3731,0.0155,1,0.00,0.006,0.040,0.001,STANCE,0.1458,-0.1747,1.5707,0.0376,-0.3707,-0.1173,0.6985,0.3829,0.0358,0,0.00,0.005,0.011,0.008,SWING,-0.1243,-0.3039,1.5708,0.0337,0.3848,-0.0908,0.3094,-0.1936,0.0149,1,4.99,0.559,0.860,0.004,STANCE,-0.1277,-0.0856,1.3047,-0.3639,-0.1853,-0.1259,0.3097,0.1855,0.0158,0,0.00,0.002,0.047,0.002,STANCE,0.0926,-0.1162,1.3444,-0.3582,0.1937,-0.1210
4.414,568,placemove,0.6736,-0.0017,0.1294,-0.0116,0.0233,0.0138,0.0089,0.0125,-0.0302,-0.0663,-0.0520,-0.0101,1.000,0.000,-0.0091,0.0217,-0.0116,0.0233,0.0138,0.1146,0,0.8979,-0.3052,0.0149,1,2.27,0.380,0.372,0.000,SHIFT,-0.5575,-0.1968,1.5707,0.2228,-0.3053,-0.1129,0.9156,0.2946,0.0147,1,5.50,0.016,0.577,0.453,SHIFT,0.4511,-0.2328,1.5705,0.2487,0.2942,-0.1056,0.7136,-0.3736,0.0163,0,0.00,0.010,0.038,0.001,SHIFT,0.1454,-0.1784,1.5707,0.0375,-0.3711,-0.1166,0.7055,0.3790,0.0276,0,0.00,0.012,0.027,0.006,SHIFT,-0.1507,-0.2739,1.5708,0.0404,0.3810,-0.0971,0.3093,-0.1936,0.0148,1,5.42,0.283,0.733,0.232,SHIFT,-0.1275,-0.0884,1.3058,-0.3641,-0.1854,-0.1253,0.3097,0.1855,0.0150,0,0.00,0.003,0.043,0.004,SHIFT,0.0934,-0.1178,1.3448,-0.3584,0.1936,-0.1206
4.442,572,placemove,0.6741,-0.0014,0.1292,-0.0120,0.0238,0.0138,0.0358,0.0116,-0.0202,-0.0016,0.0200,-0.0037,1.000,0.000,-0.0100,0.0215,-0.0120,0.0238,0.0138,0.1142,0,0.8980,-0.3053,0.0148,1,5.11,0.022,0.501,0.451,SHIFT,-0.5594,-0.1975,1.5707,0.2224,-0.3056,-0.1127,0.9158,0.2953,0.0147,1,2.58,0.129,0.248,0.216,SHIFT,0.4531,-0.2351,1.5706,0.2484,0.2947,-0.1051,0.7135,-0.3736,0.0164,0,0.00,0.000,0.036,0.002,SHIFT,0.1434,-0.1792,1.5707,0.0370,-0.3713,-0.1164,0.7110,0.3767,0.0234,0,0.00,0.007,0.025,0.005,SHIFT,-0.1698,-0.2568,1.5708,0.0452,0.3785,-0.1006,0.3093,-0.1936,0.0153,1,0.00,0.004,0.038,0.005,SHIFT,-0.1276,-0.0906,1.3041,-0.3645,-0.1856,-0.1247,0.3096,0.1855,0.0148,1,4.93,0.106,0.616,0.281,SHIFT,0.0947,-0.1170,1.3409,-0.3590,0.1934,-0.1206
4.479,576,placemove,0.6749,-0.0012,0.1290,-0.0121,0.0243,0.0137,0.0552,0.0142,-0.0071,-0.0168,0.0288,-0.0017,1.000,0.000,-0.0105,0.0215,-0.0121,0.0243,0.0137,0.1142,0,0.8980,-0.3055,0.0147,1,5.31,0.051,0.606,0.385,SHIFT,-0.5624,-0.1983,1.5707,0.2217,-0.3060,-0.1126,0.9159,0.2961,0.0147,1,2.30,0.111,0.217,0.194,SHIFT,0.4561,-0.2369,1.5706,0.2479,0.2953,-0.1047,0.7134,-0.3733,0.0158,0,0.00,0.002,0.036,0.003,SHIFT,0.1402,-0.1768,1.5708,0.0361,-0.3711,-0.1169,0.7150,0.3745,0.0196,0,0.00,0.008,0.025,0.005,SHIFT,-0.1830,-0.2398,1.5708,0.0483,0.3762,-0.1041,0.3093,-0.1935,0.0155,0,0.00,0.002,0.038,0.014,SHIFT,-0.1281,-0.0897,1.2977,-0.3653,-0.1858,-0.1246,0.3095,0.1856,0.0147,1,5.48,0.042,0.686,0.319,SHIFT,0.0966,-0.1154,1.3344,-0.3599,0.1933,-0.1207
4.501,580,placemove,0.6760,-0.0010,0.1290,-0.0127,0.0248,0.0137,0.0773,0.0093,0.0217,-0.1234,0.0201,-0.0185,1.000,0.000,-0.0109,0.0218,-0.0127,0.0248,0.0137,0.1143,0,0.8981,-0.3058,0.0147,1,0.00,0.019,0.133,0.018,SHIFT,-0.5664,-0.1978,1.5708,0.2207,-0.3065,-0.1127,0.9161,0.2969,0.0147,1,6.79,0.251,0.895,0.391,SHIFT,0.4601,-0.2381,1.5707,0.2470,0.2960,-0.1045,0.7132,-0.3726,0.0149,0,10.20,1.045,2.657,1.170,SHIFT,0.1359,-0.1711,1.5708,0.0349,-0.3706,-0.1180,0.7179,0.3725,0.0158,0,0.00,0.046,0.011,0.005,SHIFT,-0.1914,-0.2223,1.5708,0.0502,0.3739,-0.1077,0.3093,-0.1935,0.0153,0,0.00,0.014,0.092,0.029,SHIFT,-0.1289,-0.0843,1.2855,-0.3664,-0.1860,-0.1251,0.3094,0.1856,0.0147,1,7.25,1.372,1.484,0.214,SHIFT,0.0987,-0.1123,1.3248,-0.3610,0.1931,-0.1209
4.544,584,placemove,0.6765,-0.0009,0.1304,-0.0118,0.0239,0.0163,0.0108,0.0038,0.1243,0.1749,-0.2047,0.1600,1.000,0.000,-0.0112,0.0221,-0.0118,0.0239,0.0163,0.1149,0,0.8984,-0.3056,0.0156,1,0.00,0.020,0.048,0.003,SHIFT,-0.5711,-0.1963,1.5708,0.2196,-0.3069,-0.1130,0.9152,0.2983,0.0163,1,0.00,0.001,0.064,0.005,SHIFT,0.4649,-0.2390,1.5707,0.2460,0.2968,-0.1043,0.7133,-0.3719,0.0147,1,7.35,0.420,1.973,0.872,SHIFT,0.1308,-0.1646,1.5707,0.0335,-0.3700,-0.1193,0.7188,0.3711,0.0146,1,7.25,0.460,2.082,1.011,SHIFT,-0.1960,-0.2101,1.5708,0.0511,0.3724,-0.1102,0.3092,-0.1945,0.0153,0,0.00,0.015,0.007,0.026,SHIFT,-0.1299,-0.0754,1.2686,-0.3676,-0.1862,-0.1263,0.3084,0.1847,0.0155,1,0.00,0.007,0.019,0.019,SHIFT,0.1012,-0.1080,1.3128,-0.3624,0.1929,-0.1212
4.592,588,placemove,0.6769,-0.0007,0.1320,-0.0093,0.0230,0.0182,0.0260,0.0166,0.0374,0.1430,0.0168,0.0933,1.000,0.000,-0.0104,0.0214,-0.0093,0.0230,0.0182,0.1166,0,0.8981,-0.3050,0.0163,0,0.00,0.002,0.002,0.001,SHIFT,-0.5761,-0.1927,1.5708,0.2182,-0.3071,-0.1137,0.9139,0.3001,0.0193,0,0.00,0.001,0.000,0.000,SHIFT,0.4705,-0.2399,1.5707,0.2449,0.2977,-0.1041,0.7131,-0.3714,0.0153,1,0.00,0.002,0.007,0.002,SHIFT,0.1254,-0.1653,1.5707,0.0322,-0.3703,-0.1192,0.7188,0.3704,0.0153,1,0.00,0.001,0.015,0.001,SHIFT,-0.1977,-0.2021,1.5708,0.0514,0.3715,-0.1118,0.3086,-0.1950,0.0150,1,0.00,0.001,0.018,0.028,SHIFT,-0.1310,-0.0672,1.2515,-0.3690,-0.1864,-0.1272,0.3070,0.1842,0.0168,0,0.00,0.000,0.007,0.020,SHIFT,0.1039,-0.1021,1.2986,-0.3639,0.1927,-0.1218
4.646,592,placemove,0.6773,-0.0004,0.1312,-0.0083,0.0216,0.0195,0.0185,0.0228,-0.1090,-0.1813,-0.3663,0.0531,1.000,0.000,-0.0088,0.0210,-0.0083,0.0216,0.0195,nan,0,0.8977,-0.3045,0.0148,0,2.08,0.085,0.177,0.168,SHIFT,-0.5811,-0.1899,1.5708,0.2169,-0.3074,-0.1143,0.9127,0.3019,0.0198,0,0.00,0.002,0.010,0.003,SHIFT,0.4768,-0.2414,1.5707,0.2435,0.2987,-0.1038,0.7131,-0.3725,0.0168,0,0.00,0.012,0.063,0.004,SHIFT,0.1202,-0.1784,1.5707,0.0310,-0.3720,-0.1166,0.7189,0.3717,0.0168,0,0.00,0.001,0.026,0.006,SHIFT,-0.1971,-0.2095,1.5708,0.0514,0.3723,-0.1103,0.3081,-0.1952,0.0153,0,0.00,0.008,0.013,0.006,SHIFT,-0.1320,-0.0744,1.2483,-0.3704,-0.1866,-0.1253,0.3056,0.1839,0.0160,0,0.00,0.005,0.048,0.011,SHIFT,0.1069,-0.0971,1.2841,-0.3655,0.1925,-0.1221
4.676,596,placemove,0.6785,0.0004,0.1299,-0.0119,0.0234,0.0201,0.0859,0.0591,-0.1138,-0.2162,0.2298,0.0273,1.000,0.000,-0.0088,0.0202,-0.0119,0.0234,0.0201,0.1148,0,0.8980,-0.3049,0.0151,1,0.00,0.001,0.008,0.002,SHIFT,-0.5859,-0.1946,1.5709,0.2160,-0.3084,-0.1133,0.9120,0.3036,0.0177,0,0.00,0.002,0.001,0.001,SHIFT,0.4839,-0.2431,1.5707,0.2420,0.2999,-0.1035,0.7132,-0.3734,0.0188,0,0.00,0.001,0.008,0.001,SHIFT,0.1150,-0.1876,1.5707,0.0298,-0.3732,-0.1147,0.7191,0.3729,0.0154,0,0.00,0.001,0.002,0.001,SHIFT,-0.1943,-0.2151,1.5708,0.0508,0.3730,-0.1092,0.3079,-0.1954,0.0189,0,0.00,0.000,0.014,0.009,SHIFT,-0.1329,-0.0919,1.2537,-0.3718,-0.1869,-0.1216,0.3047,0.1838,0.0149,1,0.00,0.001,0.003,0.007,SHIFT,0.1102,-0.0980,1.2733,-0.3674,0.1923,-0.1213
4.718,600,placemove,0.6796,0.0011,0.1279,-0.0099,0.0235,0.0200,0.0526,0.0301,-0.0898,0.1149,-0.0339,-0.0262,1.000,0.000,-0.0095,0.0209,-0.0099,0.0235,0.0200,0.1132,0,0.8985,-0.3056,0.0147,1,6.86,0.155,0.712,0.559,SHIFT,-0.5908,-0.2048,1.5709,0.2154,-0.3100,-0.1113,0.9114,0.3055,0.0160,0,0.00,0.001,0.039,0.001,SHIFT,0.4915,-0.2433,1.5708,0.2403,0.3010,-0.1034,0.7131,-0.3735,0.0177,0,0.00,0.011,0.051,0.003,SHIFT,0.1096,-0.1938,1.5708,0.0285,-0.3741,-0.1135,0.7192,0.3744,0.0147,1,4.00,0.294,0.450,0.281,SHIFT,-0.1898,-0.2190,1.5708,0.0497,0.3737,-0.1084,0.3077,-0.1949,0.0198,0,0.00,0.001,0.056,0.006,SHIFT,-0.1335,-0.1037,1.2535,-0.3732,-0.1873,-0.1188,0.3040,0.1843,0.0148,1,4.03,0.256,0.555,0.157,SHIFT,0.1139,-0.1021,1.2660,-0.3692,0.1919,-0.1199
4.739,604,placemove,0.6806,0.0016,0.1267,-0.0081,0.0227,0.0195,0.0672,0.0200,-0.0518,0.1956,-0.1316,-0.0698,1.000,0.000,-0.0088,0.0209,-0.0081,0.0227,0.0195,0.1120,0,0.8987,-0.3064,0.0146,1,6.53,0.004,0.706,0.519,SHIFT,-0.5957,-0.2123,1.5708,0.2146,-0.3113,-0.1098,0.9105,0.3070,0.0149,0,8.31,1.229,1.133,0.243,SHIFT,0.4998,-0.2403,1.5708,0.2383,0.3019,-0.1040,0.7126,-0.3732,0.0162,0,0.00,0.036,0.012,0.003,SHIFT,0.1041,-0.1952,1.5708,0.0271,-0.3744,-0.1132,0.7190,0.3756,0.0147,1,0.00,0.056,0.158,0.014,SHIFT,-0.1839,-0.2219,1.5708,0.0482,0.3743,-0.1078,0.3073,-0.1945,0.0197,0,0.00,0.019,0.050,0.005,SHIFT,-0.1340,-0.1089,1.2471,-0.3746,-0.1878,-0.1172,0.3033,0.1847,0.0148,1,7.14,0.905,1.182,0.095,SHIFT,0.1178,-0.1042,1.2564,-0.3711,0.1915,-0.1188
4.786,608,placemove,0.6820,0.0016,0.1266,-0.0069,0.0204,0.0184,0.0995,-0.0168,0.0350,-0.0473,-0.1349,-0.0689,1.000,0.000,-0.0074,0.0201,-0.0069,0.0204,0.0184,0.1116,0,0.8991,-0.3073,0.0152,1,0.00,0.011,0.038,0.002,STANCE,-0.6006,-0.2161,1.5708,0.2136,-0.3123,-0.1090,0.9103,0.3077,0.0148,1,5.14,0.299,0.726,0.228,STANCE,0.5084,-0.2358,1.5708,0.2361,0.3026,-0.1050,0.7123,-0.3728,0.0148,1,5.16,0.342,1.288,0.501,STANCE,0.0986,-0.1917,1.5705,0.0256,-0.3741,-0.1139,0.7192,0.3763,0.0155,1,0.00,0.016,0.038,0.000,STANCE,-0.1769,-0.2231,1.5708,0.0464,0.3747,-0.1076,0.3072,-0.1943,0.0188,0,0.00,0.012,0.043,0.026,STANCE,-0.1344,-0.1071,1.2344,-0.3761,-0.1882,-0.1168,0.3031,0.1849,0.0147,1,3.12,0.585,0.787,0.273,STANCE,0.1219,-0.1033,1.2433,-0.3731,0.1910,-0.1183
4.820,612,placemove,0.6835,0.0013,0.1272,-0.0077,0.0186,0.0172,0.0780,-0.0123,0.0165,-0.0452,-0.0848,-0.0750,1.000,0.000,-0.0069,0.0187,-0.0077,0.0186,0.0172,0.1125,0,0.8995,-0.3085,0.0167,0,0.00,0.004,0.025,0.001,STANCE,-0.6045,-0.2168,1.5708,0.2127,-0.3128,-0.1088,0.9103,0.3078,0.0147,1,3.79,0.273,0.537,0.163,STANCE,0.5162,-0.2318,1.5703,0.2341,0.3034,-0.1058,0.7123,-0.3729,0.0147,1,4.49,0.150,0.727,0.066,STANCE,0.0942,-0.1867,1.5701,0.0244,-0.3737,-0.1149,0.7196,0.3760,0.0156,0,0.00,0.023,0.029,0.003,STANCE,-0.1704,-0.2210,1.5708,0.0447,0.3748,-0.1080,0.3075,-0.1946,0.0196,0,0.00,0.007,0.034,0.013,SWING,-0.1348,-0.1089,1.2272,-0.3772,-0.1886,-0.1159,0.3033,0.1845,0.0147,1,1.94,0.348,0.488,0.169,STANCE,0.1256,-0.1009,1.2309,-0.3748,0.1906,-0.1180
4.866,616,placemove,0.6846,0.0012,0.1275,-0.0080,0.0174,0.0161,0.0519,-0.0038,0.0367,0.0294,-0.0850,-0.0578,1.000,0.000,-0.0070,0.0174,-0.0080,0.0174,0.0161,0.1127,0,0.8997,-0.3091,0.0170,0,0.00,0.009,0.041,0.003,STANCE,-0.6070,-0.2145,1.5708,0.2120,-0.3129,-0.1093,0.9103,0.3080,0.0148,1,0.00,0.014,0.040,0.002,STANCE,0.5226,-0.2301,1.5704,0.2326,0.3041,-0.1061,0.7123,-0.3729,0.0146,1,6.85,0.244,1.865,0.861,STANCE,0.0913,-0.1837,1.5699,0.0237,-0.3735,-0.1155,0.7198,0.3755,0.0149,1,6.80,0.279,1.863,0.878,STANCE,-0.1650,-0.2165,1.5708,0.0432,0.3746,-0.1089,0.3077,-0.1946,0.0227,0,0.00,0.000,0.048,0.011,SWING,-0.1351,-0.1254,1.2342,-0.3781,-0.1888,-0.1124,0.3034,0.1842,0.0148,1,0.00,0.009,0.036,0.018,STANCE,0.1288,-0.0994,1.2217,-0.3762,0.1901,-0.1178
4.895,620,placemove,0.6852,0.0011,0.1282,-0.0076,0.0157,0.0151,0.0358,-0.0036,0.0345,0.0218,-0.0876,-0.0570,1.000,0.000,-0.0070,0.0160,-0.0076,0.0157,0.0151,0.1134,0,0.8996,-0.3091,0.0169,0,0.00,0.002,0.028,0.003,STANCE,-0.6087,-0.2093,1.5708,0.2114,-0.3125,-0.1104,0.9102,0.3083,0.0156,0,0.00,0.009,0.029,0.002,STANCE,0.5277,-0.2282,1.5705,0.2313,0.3045,-0.1065,0.7123,-0.3726,0.0146,1,5.73,0.084,1.574,0.736,STANCE,0.0894,-0.1808,1.5700,0.0232,-0.3732,-0.1161,0.7198,0.3751,0.0148,1,5.53,0.184,1.513,0.711,STANCE,-0.1606,-0.2117,1.5707,0.0420,0.3742,-0.1099,0.3077,-0.1945,0.0284,0,0.00,0.001,0.061,0.027,SWING,-0.1352,-0.1555,1.2525,-0.3789,-0.1891,-0.1064,0.3034,0.1841,0.0148,1,0.36,0.078,0.049,0.006,STANCE,0.1315,-0.0971,1.2136,-0.3772,0.1896,-0.1178
4.936,624,placemove,0.6857,0.0011,0.1280,-0.0073,0.0148,0.0142,0.0254,0.0037,-0.0161,0.0137,-0.0352,-0.0501,1.000,0.000,-0.0068,0.0147,-0.0073,0.0148,0.0142,0.1133,0,0.8994,-0.3087,0.0157,0,0.00,0.002,0.030,0.003,STANCE,-0.6096,-0.2029,1.5708,0.2109,-0.3120,-0.1117,0.9099,0.3084,0.0153,0,0.00,0.005,0.032,0.002,STANCE,0.5318,-0.2251,1.5706,0.2302,0.3048,-0.1071,0.7123,-0.3727,0.0146,1,6.09,0.120,0.672,0.466,STANCE,0.0884,-0.1820,1.5702,0.0229,-0.3733,-0.1158,0.7198,0.3752,0.0148,1,5.91,0.141,0.670,0.442,STANCE,-0.1572,-0.2116,1.5707,0.0411,0.3744,-0.1099,0.3076,-0.1943,0.0344,0,0.00,0.001,0.065,0.028,SWING,-0.1352,-0.1881,1.2734,-0.3794,-0.1893,-0.0999,0.3033,0.1841,0.0149,1,0.45,0.005,0.027,0.025,STANCE,0.1338,-0.0981,1.2100,-0.3780,0.1892,-0.1174
4.972,628,placemove,0.6861,0.0011,0.1282,-0.0076,0.0133,0.0133,0.0199,-0.0014,0.0334,-0.0450,-0.1198,-0.0563,1.000,0.000,-0.0067,0.0136,-0.0076,0.0133,0.0133,0.1132,0,0.8992,-0.3084,0.0148,1,5.35,0.204,1.560,0.781,STANCE,-0.6101,-0.1966,1.5707,0.2105,-0.3114,-0.1129,0.9098,0.3082,0.0148,1,2.65,0.063,0.744,0.378,STANCE,0.5351,-0.2211,1.5703,0.2292,0.3049,-0.1080,0.7123,-0.3729,0.0150,1,0.00,0.002,0.037,0.001,STANCE,0.0879,-0.1833,1.5703,0.0228,-0.3735,-0.1156,0.7200,0.3753,0.0149,1,0.00,0.008,0.036,0.003,STANCE,-0.1545,-0.2121,1.5707,0.0404,0.3745,-0.1098,0.3097,-0.1941,0.0393,0,0.00,0.003,0.073,0.057,SWING,-0.1317,-0.2208,1.3127,-0.3771,-0.1895,-0.0948,0.3033,0.1841,0.0148,1,4.82,0.264,1.459,0.709,STANCE,0.1356,-0.0989,1.2069,-0.3787,0.1889,-0.1170
5.028,632,placemove,0.6864,0.0011,0.1287,-0.0083,0.0117,0.0125,0.0142,0.0017,0.0330,-0.0320,-0.0781,-0.0421,1.000,0.000,-0.0069,0.0122,-0.0083,0.0117,0.0125,0.1140,0,0.8991,-0.3080,0.0148,1,4.90,0.154,1.427,0.713,STANCE,-0.6103,-0.1907,1.5707,0.2101,-0.3108,-0.1141,0.9097,0.3079,0.0148,1,2.55,0.030,0.727,0.375,STANCE,0.5377,-0.2172,1.5704,0.2284,0.3048,-0.1088,0.7124,-0.3729,0.0159,0,0.00,0.001,0.033,0.002,STANCE,0.0877,-0.1830,1.5704,0.0227,-0.3734,-0.1156,0.7202,0.3752,0.0152,0,0.00,0.005,0.035,0.002,STANCE,-0.1524,-0.2115,1.5707,0.0399,0.3746,-0.1099,0.3153,-0.1956,0.0443,0,0.00,0.003,0.070,0.075,SWING,-0.1179,-0.2582,1.3685,-0.3718,-0.1918,-0.0897,0.3034,0.1841,0.0148,1,4.51,0.149,1.371,0.667,STANCE,0.1371,-0.0982,1.2034,-0.3793,0.1886,-0.1169
5.049,636,placemove,0.6866,0.0012,0.1292,-0.0087,0.0107,0.0118,0.0118,0.0006,0.0203,-0.0198,-0.0441,-0.0345,1.000,0.000,-0.0073,0.0110,-0.0087,0.0107,0.0118,0.1144,0,0.8990,-0.3077,0.0147,1,4.82,0.057,1.400,0.700,STANCE,-0.6102,-0.1866,1.5708,0.2099,-0.3104,-0.1149,0.9096,0.3077,0.0148,1,2.56,0.081,0.720,0.366,STANCE,0.5395,-0.2145,1.5704,0.2278,0.3048,-0.1093,0.7125,-0.3727,0.0160,0,0.00,0.001,0.031,0.003,STANCE,0.0876,-0.1802,1.5705,0.0227,-0.3731,-0.1162,0.7203,0.3750,0.0150,0,0.00,0.002,0.033,0.003,STANCE,-0.1508,-0.2085,1.5707,0.0394,0.3743,-0.1105,0.3214,-0.2012,0.0498,0,0.00,0.002,0.066,0.059,SWING,-0.0894,-0.2928,1.4123,-0.3658,-0.1982,-0.0845,0.3035,0.1841,0.0147,1,4.50,0.177,1.250,0.527,STANCE,0.1383,-0.0973,1.2003,-0.3797,0.1884,-0.1169
5.092,640,placemove,0.6866,0.0011,0.1296,-0.0080,0.0095,0.0114,0.0030,-0.0076,0.0241,0.0422,-0.0629,-0.0252,1.000,0.000,-0.0074,0.0099,-0.0080,0.0095,0.0114,0.1147,0,0.8989,-0.3075,0.0146,1,5.51,0.094,1.596,0.792,STANCE,-0.6101,-0.1840,1.5707,0.2098,-0.3101,-0.1154,0.9095,0.3076,0.0153,1,0.00,0.001,0.033,0.002,STANCE,0.5408,-0.2128,1.5705,0.2274,0.3048,-0.1096,0.7125,-0.3722,0.0153,0,0.00,0.000,0.031,0.003,STANCE,0.0877,-0.1753,1.5706,0.0226,-0.3725,-0.1172,0.7204,0.3746,0.0149,1,3.31,0.140,0.889,0.418,STANCE,-0.1498,-0.2044,1.5707,0.0391,0.3739,-0.1113,0.3293,-0.2106,0.0531,0,0.00,0.001,0.058,0.045,SWING,-0.0467,-0.3161,1.4466,-0.3579,-0.2082,-0.0813,0.3035,0.1840,0.0147,1,3.31,0.186,0.926,0.401,STANCE,0.1392,-0.0962,1.1980,-0.3799,0.1883,-0.1170
5.128,644,placemove,0.6866,0.0009,0.1299,-0.0087,0.0086,0.0112,-0.0016,-0.0099,-0.0090,-0.0691,-0.0395,-0.0031,1.000,0.000,-0.0074,0.0089,-0.0087,0.0086,0.0112,0.1149,0,0.8990,-0.3077,0.0154,1,0.00,0.007,0.000,0.001,STANCE,-0.6100,-0.1846,1.5707,0.2099,-0.3102,-0.1153,0.9094,0.3072,0.0153,0,0.00,0.002,0.003,0.001,STANCE,0.5417,-0.2104,1.5706,0.2271,0.3047,-0.1101,0.7124,-0.3717,0.0149,1,1.11,0.170,0.262,0.082,STANCE,0.0877,-0.1706,1.5706,0.0226,-0.3720,-0.1181,0.7204,0.3742,0.0149,1,0.97,0.077,0.257,0.107,STANCE,-0.1492,-0.2038,1.5707,0.0389,0.3738,-0.1115,0.3382,-0.2210,0.0547,0,0.00,0.002,0.030,0.035,SWING,-0.0012,-0.3288,1.4734,-0.3493,-0.2185,-0.0801,0.3035,0.1838,0.0148,1,0.00,0.001,0.013,0.002,STANCE,0.1397,-0.0972,1.1985,-0.3801,0.1881,-0.1168
5.175,648,placemove,0.6865,0.0009,0.1299,-0.0088,0.0069,0.0110,-0.0140,-0.0031,-0.0006,0.0214,-0.1167,-0.0095,1.000,0.000,-0.0077,0.0079,-0.0088,0.0069,0.0110,0.1149,0,0.8992,-0.3082,0.0163,0,0.00,0.002,0.037,0.001,STANCE,-0.6100,-0.1876,1.5707,0.2101,-0.3105,-0.1147,0.9092,0.3068,0.0148,1,4.45,0.188,1.246,0.606,STANCE,0.5422,-0.2070,1.5705,0.2268,0.3044,-0.1108,0.7124,-0.3719,0.0148,1,5.29,0.268,1.082,0.223,STANCE,0.0878,-0.1701,1.5702,0.0226,-0.3720,-0.1182,0.7204,0.3744,0.0154,1,0.00,0.001,0.038,0.002,STANCE,-0.1489,-0.2069,1.5706,0.0389,0.3742,-0.1108,0.3462,-0.2288,0.0530,0,0.00,0.007,0.045,0.022,SWING,0.0354,-0.3271,1.4945,-0.3413,-0.2259,-0.0817,0.3035,0.1837,0.0148,1,2.80,0.312,0.631,0.188,STANCE,0.1401,-0.1010,1.2016,-0.3801,0.1880,-0.1161
5.205,652,placemove,0.6863,0.0009,0.1296,-0.0085,0.0055,0.0109,-0.0106,-0.0022,-0.0280,0.0169,-0.0666,-0.0039,1.000,0.000,-0.0078,0.0065,-0.0085,0.0055,0.0109,0.1149,0,0.8991,-0.3083,0.0165,0,0.00,0.002,0.036,0.003,STANCE,-0.6099,-0.1879,1.5707,0.2101,-0.3105,-0.1147,0.9091,0.3067,0.0148,1,4.75,0.202,0.605,0.247,STANCE,0.5423,-0.2059,1.5705,0.2267,0.3043,-0.1110,0.7124,-0.3720,0.0148,1,4.97,0.098,0.530,0.390,STANCE,0.0880,-0.1715,1.5702,0.0227,-0.3721,-0.1179,0.7205,0.3747,0.0158,0,0.00,0.000,0.037,0.001,STANCE,-0.1489,-0.2089,1.5707,0.0389,0.3744,-0.1104,0.3542,-0.2334,0.0462,0,0.00,0.012,0.025,0.012,SWING,0.0642,-0.3012,1.5110,-0.3331,-0.2303,-0.0884,0.3035,0.1837,0.0148,1,2.90,0.382,0.526,0.049,STANCE,0.1402,-0.1050,1.2052,-0.3801,0.1880,-0.1154
5.246,656,placemove,0.6861,0.0008,0.1291,-0.0082,0.0047,0.0109,-0.0092,-0.0019,-0.0342,0.0132,-0.0325,0.0011,1.000,0.000,-0.0076,0.0054,-0.0082,0.0047,0.0109,0.1144,0,0.8990,-0.3082,0.0158,0,0.00,0.001,0.035,0.002,STANCE,-0.6098,-0.1865,1.5708,0.2100,-0.3103,-0.1150,0.9091,0.3067,0.0147,1,4.68,0.077,0.471,0.399,STANCE,0.5422,-0.2071,1.5706,0.2268,0.3044,-0.1108,0.7124,-0.3723,0.0147,1,5.37,0.023,0.577,0.418,STANCE,0.0881,-0.1743,1.5703,0.0227,-0.3724,-0.1174,0.7205,0.3747,0.0154,0,0.00,0.000,0.037,0.003,STANCE,-0.1491,-0.2087,1.5707,0.0390,0.3744,-0.1105,0.3625,-0.2356,0.0355,0,0.00,0.005,0.012,0.007,SWING,0.0869,-0.2582,1.5239,-0.3247,-0.2322,-0.0984,0.3035,0.1837,0.0148,1,2.96,0.048,0.483,0.017,STANCE,0.1402,-0.1093,1.2094,-0.3801,0.1880,-0.1146
5.276,660,placemove,0.6860,0.0008,0.1288,-0.0077,0.0035,0.0110,-0.0020,-0.0063,0.0130,0.0142,-0.1450,0.0226,1.000,0.000,-0.0074,0.0045,-0.0077,0.0035,0.0110,0.1139,0,0.8988,-0.3078,0.0149,0,7.28,0.270,2.034,0.961,SHIFT,-0.6101,-0.1834,1.5707,0.2098,-0.3100,-0.1156,0.9091,0.3070,0.0151,1,0.00,0.008,0.043,0.001,SHIFT,0.5423,-0.2091,1.5707,0.2269,0.3046,-0.1104,0.7124,-0.3725,0.0147,1,0.00,0.008,0.061,0.006,SHIFT,0.0879,-0.1772,1.5705,0.0227,-0.3727,-0.1168,0.7205,0.3746,0.0149,1,5.10,0.089,1.399,0.674,SHIFT,-0.1492,-0.2066,1.5706,0.0390,0.3742,-0.1109,0.3698,-0.2364,0.0259,0,0.00,0.031,0.033,0.003,SHIFT,0.1045,-0.2207,1.5341,-0.3176,-0.2330,-0.1067,0.3035,0.1838,0.0147,1,4.50,0.610,0.979,0.242,SHIFT,0.1401,-0.1129,1.2124,-0.3801,0.1880,-0.1139
5.325,664,placemove,0.6862,0.0007,0.1287,-0.0076,0.0017,0.0112,0.0203,-0.0006,-0.0277,0.0022,-0.0831,0.0136,1.000,0.000,-0.0071,0.0033,-0.0076,0.0017,0.0112,0.1137,0,0.8988,-0.3078,0.0148,1,4.92,0.060,0.519,0.405,SHIFT,-0.6119,-0.1817,1.5706,0.2093,-0.3101,-0.1159,0.9093,0.3074,0.0161,0,0.00,0.009,0.027,0.002,SHIFT,0.5436,-0.2118,1.5707,0.2267,0.3050,-0.1099,0.7125,-0.3730,0.0154,1,0.00,0.005,0.032,0.001,SHIFT,0.0860,-0.1811,1.5706,0.0223,-0.3732,-0.1160,0.7204,0.3745,0.0148,1,2.15,0.306,0.296,0.077,SHIFT,-0.1478,-0.2064,1.5706,0.0386,0.3742,-0.1110,0.3757,-0.2368,0.0190,0,0.00,0.003,0.019,0.004,SHIFT,0.1168,-0.1930,1.5420,-0.3123,-0.2332,-0.1128,0.3035,0.1837,0.0147,1,3.43,0.127,0.493,0.113,SHIFT,0.1403,-0.1160,1.2122,-0.3804,0.1881,-0.1132
5.357,668,placemove,0.6867,0.0007,0.1285,-0.0083,0.0032,0.0104,0.0382,-0.0027,0.0449,-0.1642,0.5218,-0.1979,1.000,0.000,-0.0070,0.0020,-0.0083,0.0032,0.0104,0.1136,0,0.8985,-0.3083,0.0147,1,5.59,1.019,1.153,0.232,SHIFT,-0.6150,-0.1824,1.5706,0.2086,-0.3105,-0.1158,0.9093,0.3076,0.0157,0,0.00,0.047,0.017,0.007,SHIFT,0.5461,-0.2120,1.5707,0.2262,0.3054,-0.1098,0.7120,-0.3735,0.0160,0,0.00,0.029,0.097,0.006,SHIFT,0.0828,-0.1842,1.5706,0.0215,-0.3736,-0.1154,0.7203,0.3747,0.0148,1,10.09,0.950,2.522,0.963,SHIFT,-0.1451,-0.2083,1.5704,0.0379,0.3745,-0.1106,0.3801,-0.2365,0.0144,1,9.84,0.246,2.940,1.471,SHIFT,0.1251,-0.1724,1.5482,-0.3084,-0.2330,-0.1171,0.3034,0.1838,0.0153,1,0.00,0.047,0.185,0.032,SHIFT,0.1409,-0.1186,1.2100,-0.3811,0.1881,-0.1124
5.408,672,placemove,0.6873,0.0006,0.1294,-0.0080,0.0109,0.0073,0.0430,-0.0130,0.0645,0.1432,0.3863,-0.1728,1.000,0.000,-0.0075,0.0042,-0.0080,0.0109,0.0073,0.1143,0,0.8964,-0.3101,0.0148,1,1.03,0.166,0.173,0.034,SHIFT,-0.6194,-0.1872,1.5706,0.2078,-0.3115,-0.1148,0.9093,0.3071,0.0146,1,4.57,0.354,1.264,0.600,SHIFT,0.5495,-0.2118,1.5707,0.2254,0.3058,-0.1099,0.7094,-0.3739,0.0166,0,0.00,0.016,0.034,0.003,SHIFT,0.0782,-0.1834,1.5706,0.0203,-0.3736,-0.1156,0.7204,0.3751,0.0162,1,0.00,0.005,0.028,0.000,SHIFT,-0.1413,-0.2139,1.5705,0.0370,0.3753,-0.1094,0.3820,-0.2353,0.0143,1,4.54,0.113,1.325,0.639,SHIFT,0.1299,-0.1576,1.5531,-0.3056,-0.2325,-0.1202,0.3029,0.1849,0.0202,0,0.00,0.012,0.020,0.005,SHIFT,0.1417,-0.1226,1.2067,-0.3820,0.1882,-0.1112
5.438,676,placemove,0.6882,0.0003,0.1301,-0.0059,0.0158,0.0052,0.0598,-0.0178,0.0190,0.1018,0.2258,-0.1091,1.000,0.000,-0.0069,0.0084,-0.0059,0.0158,0.0052,0.1155,0,0.8948,-0.3117,0.0148,1,0.91,0.158,0.128,0.009,SHIFT,-0.6254,-0.1917,1.5707,0.2066,-0.3126,-0.1139,0.9091,0.3070,0.0146,1,5.39,0.574,1.440,0.640,SHIFT,0.5538,-0.2102,1.5707,0.2243,0.3062,-0.1102,0.7072,-0.3735,0.0156,0,0.00,0.003,0.035,0.004,SHIFT,0.0720,-0.1780,1.5707,0.0186,-0.3731,-0.1166,0.7204,0.3756,0.0184,0,0.00,0.010,0.032,0.001,SHIFT,-0.1366,-0.2169,1.5706,0.0358,0.3758,-0.1088,0.3833,-0.2340,0.0144,1,5.35,0.290,1.546,0.745,SHIFT,0.1315,-0.1496,1.5568,-0.3042,-0.2319,-0.1219,0.3025,0.1859,0.0241,0,0.00,0.000,0.024,0.015,SHIFT,0.1426,-0.1218,1.1974,-0.3831,0.1884,-0.1107
5.480,680,placemove,0.6895,0.0001,0.1306,-0.0072,0.0157,0.0050,0.0849,-0.0081,-0.0013,-0.1226,-0.0801,0.0395,1.000,0.000,-0.0061,0.0118,-0.0072,0.0157,0.0050,0.1155,0,0.8943,-0.3132,0.0162,1,0.00,0.009,0.020,0.002,SHIFT,-0.6328,-0.1954,1.5707,0.2050,-0.3137,-0.1132,0.9093,0.3071,0.0146,1,0.03,0.007,0.017,0.001,SHIFT,0.5587,-0.2098,1.5706,0.2232,0.3067,-0.1103,0.7062,-0.3731,0.0149,1,0.62,0.096,0.121,0.023,SHIFT,0.0643,-0.1708,1.5707,0.0166,-0.3724,-0.1181,0.7203,0.3753,0.0184,0,0.00,0.009,0.016,0.002,SHIFT,-0.1312,-0.2154,1.5706,0.0344,0.3758,-0.1091,0.3849,-0.2335,0.0144,1,0.00,0.013,0.001,0.003,SHIFT,0.1304,-0.1466,1.5597,-0.3037,-0.2312,-0.1226,0.3024,0.1861,0.0247,0,0.00,0.012,0.020,0.017,SHIFT,0.1434,-0.1179,1.1837,-0.3845,0.1887,-0.1107
5.505,684,placemove,0.6907,-0.0003,0.1302,-0.0091,0.0140,0.0058,0.0572,-0.0327,-0.0311,-0.1021,-0.1033,0.0214,1.000,0.000,-0.0067,0.0129,-0.0091,0.0140,0.0058,0.1155,0,0.8942,-0.3148,0.0175,0,0.00,0.034,0.036,0.002,SHIFT,-0.6410,-0.1980,1.5707,0.2032,-0.3148,-0.1126,0.9095,0.3076,0.0146,1,6.87,0.088,0.738,0.547,SHIFT,0.5636,-0.2127,1.5707,0.2222,0.3076,-0.1097,0.7057,-0.3735,0.0149,1,2.84,0.516,0.481,0.007,SHIFT,0.0558,-0.1690,1.5707,0.0144,-0.3723,-0.1184,0.7199,0.3745,0.0165,0,0.00,0.009,0.036,0.002,SHIFT,-0.1256,-0.2104,1.5707,0.0329,0.3754,-0.1101,0.3861,-0.2337,0.0145,1,3.60,0.462,0.767,0.214,SHIFT,0.1275,-0.1496,1.5621,-0.3042,-0.2306,-0.1220,0.3022,0.1856,0.0230,0,0.00,0.008,0.039,0.033,SHIFT,0.1440,-0.1110,1.1664,-0.3859,0.1891,-0.1111
5.549,688,placemove,0.6917,-0.0008,0.1301,-0.0093,0.0121,0.0061,0.0913,-0.0091,0.0431,0.1136,-0.1418,0.0659,1.000,0.000,-0.0077,0.0125,-0.0093,0.0121,0.0061,0.1152,0,0.8934,-0.3161,0.0177,0,0.00,0.028,0.039,0.001,SHIFT,-0.6496,-0.1967,1.5707,0.2010,-0.3156,-0.1129,0.9096,0.3078,0.0150,1,0.00,0.007,0.069,0.009,SHIFT,0.5685,-0.2145,1.5707,0.2211,0.3084,-0.1093,0.7047,-0.3741,0.0148,1,7.66,0.709,1.698,0.458,SHIFT,0.0470,-0.1679,1.5706,0.0121,-0.3724,-0.1186,0.7195,0.3734,0.0149,1,8.39,0.604,2.295,1.047,SHIFT,-0.1201,-0.2043,1.5707,0.0314,0.3749,-0.1114,0.3867,-0.2336,0.0145,1,2.04,0.029,0.567,0.297,SHIFT,0.1236,-0.1528,1.5640,-0.3049,-0.2298,-0.1215,0.3018,0.1853,0.0210,0,0.00,0.021,0.052,0.037,SHIFT,0.1445,-0.1009,1.1462,-0.3874,0.1895,-0.1121
5.575,692,placemove,0.6933,-0.0009,0.1308,-0.0076,0.0099,0.0072,0.0956,-0.0088,0.0028,0.1085,-0.1388,0.0622,1.000,0.000,-0.0077,0.0113,-0.0076,0.0099,0.0072,0.1160,0,0.8932,-0.3163,0.0175,0,0.00,0.004,0.002,0.001,SHIFT,-0.6583,-0.1920,1.5708,0.1987,-0.3160,-0.1139,0.9100,0.3087,0.0168,0,0.00,0.000,0.001,0.000,SHIFT,0.5730,-0.2145,1.5707,0.2201,0.3089,-0.1093,0.7047,-0.3741,0.0148,1,0.00,0.005,0.004,0.000,SHIFT,0.0383,-0.1677,1.5703,0.0099,-0.3725,-0.1187,0.7194,0.3728,0.0149,1,0.00,0.001,0.011,0.000,SHIFT,-0.1149,-0.1976,1.5706,0.0299,0.3743,-0.1127,0.3880,-0.2330,0.0146,1,0.00,0.003,0.002,0.003,SHIFT,0.1191,-0.1557,1.5656,-0.3057,-0.2290,-0.1209,0.3020,0.1854,0.0198,0,0.00,0.002,0.013,0.034,SHIFT,0.1449,-0.0877,1.1231,-0.3888,0.1899,-0.1137
5.611,696,placemove,0.6948,-0.0009,0.1306,-0.0064,0.0084,0.0084,0.0889,0.0029,-0.0077,0.0583,-0.0819,0.0694,1.000,0.000,-0.0070,0.0097,-0.0064,0.0084,0.0084,0.1159,0,0.8930,-0.3161,0.0159,0,0.00,0.009,0.030,0.003,SHIFT,-0.6668,-0.1850,1.5708,0.1964,-0.3161,-0.1152,0.9102,0.3093,0.0170,0,0.00,0.005,0.031,0.002,SHIFT,0.5774,-0.2118,1.5707,0.2189,0.3092,-0.1099,0.7047,-0.3743,0.0147,1,6.36,0.071,0.692,0.490,SHIFT,0.0299,-0.1700,1.5704,0.0077,-0.3728,-0.1182,0.7194,0.3728,0.0148,1,6.34,0.090,0.718,0.468,SHIFT,-0.1101,-0.1955,1.5710,0.0287,0.3742,-0.1132,0.3889,-0.2325,0.0147,1,0.10,0.009,0.017,0.011,SHIFT,0.1143,-0.1608,1.5667,-0.3068,-0.2283,-0.1199,0.3021,0.1855,0.0174,0,0.00,0.001,0.032,0.043,SHIFT,0.1451,-0.0726,1.0985,-0.3902,0.1904,-0.1156
5.638,700,placemove,0.6964,-0.0009,0.1309,-0.0067,0.0073,0.0095,0.1267,0.0016,0.0754,-0.1435,0.1694,0.0380,1.000,0.000,-0.0062,0.0081,-0.0067,0.0073,0.0095,0.1158,0,0.8927,-0.3158,0.0148,1,11.50,1.772,2.825,0.963,STANCE,-0.6747,-0.1770,1.5706,0.1941,-0.3160,-0.1168,0.9103,0.3096,0.0166,0,0.00,0.073,0.008,0.000,STANCE,0.5816,-0.2070,1.5707,0.2177,0.3092,-0.1108,0.7047,-0.3745,0.0151,1,0.00,0.036,0.114,0.007,STANCE,0.0219,-0.1712,1.5705,0.0056,-0.3730,-0.1180,0.7194,0.3728,0.0147,1,0.90,0.215,0.179,0.050,STANCE,-0.1055,-0.1939,1.5710,0.0275,0.3741,-0.1135,0.3899,-0.2320,0.0150,1,0.00,0.004,0.156,0.005,STANCE,0.1093,-0.1640,1.5676,-0.3077,-0.2274,-0.1193,0.3022,0.1855,0.0149,0,12.35,1.915,2.523,0.315,STANCE,0.1453,-0.0565,1.0725,-0.3915,0.1909,-0.1176
5.699,704,placemove,0.6983,-0.0007,0.1312,-0.0082,0.0095,0.0107,0.0813,0.0054,0.0064,0.0988,-0.0904,0.0721,1.000,0.000,-0.0066,0.0080,-0.0082,0.0095,0.0107,0.1163,0,0.8929,-0.3160,0.0148,1,5.43,0.603,0.778,0.180,STANCE,-0.6815,-0.1750,1.5706,0.1924,-0.3164,-0.1172,0.9105,0.3097,0.0148,0,4.93,0.234,0.649,0.247,STANCE,0.5849,-0.2016,1.5708,0.2166,0.3091,-0.1119,0.7051,-0.3752,0.0173,0,0.00,0.064,0.032,0.001,STANCE,0.0151,-0.1766,1.5706,0.0039,-0.3736,-0.1169,0.7197,0.3732,0.0150,1,0.00,0.029,0.050,0.001,STANCE,-0.1019,-0.1979,1.5709,0.0265,0.3747,-0.1127,0.3906,-0.2319,0.0181,0,0.00,0.038,0.033,0.004,STANCE,0.1049,-0.1715,1.5683,-0.3090,-0.2269,-0.1179,0.3026,0.1853,0.0149,1,2.78,0.235,0.852,0.384,SWING,0.1453,-0.0478,1.0565,-0.3925,0.1912,-0.1186
5.737,708,placemove,0.6993,-0.0007,0.1303,-0.0064,0.0053,0.0119,0.0513,-0.0001,-0.1133,0.0956,-0.3220,0.0693,1.000,0.000,-0.0066,0.0075,-0.0064,0.0053,0.0119,0.1154,0,0.8936,-0.3163,0.0148,1,0.07,0.004,0.011,0.002,STANCE,-0.6869,-0.1788,1.5707,0.1913,-0.3173,-0.1165,0.9109,0.3101,0.0148,1,0.19,0.013,0.025,0.012,STANCE,0.5874,-0.1993,1.5708,0.2159,0.3091,-0.1124,0.7056,-0.3755,0.0168,0,0.00,0.004,0.001,0.001,STANCE,0.0097,-0.1811,1.5706,0.0025,-0.3742,-0.1160,0.7201,0.3743,0.0165,0,0.00,0.002,0.009,0.001,STANCE,-0.0992,-0.2047,1.5709,0.0259,0.3755,-0.1113,0.3912,-0.2317,0.0171,0,0.00,0.002,0.003,0.002,STANCE,0.1014,-0.1779,1.5688,-0.3101,-0.2266,-0.1166,0.3032,0.1854,0.0151,1,0.00,0.000,0.006,0.012,SWING,0.1453,-0.0587,1.0604,-0.3932,0.1915,-0.1161
5.793,712,placemove,0.7000,-0.0008,0.1285,-0.0054,0.0019,0.0128,0.0298,-0.0268,-0.0308,0.0620,0.1061,0.0310,1.000,0.000,-0.0059,0.0047,-0.0054,0.0019,0.0128,0.1139,0,0.8944,-0.3172,0.0148,1,1.03,0.120,0.076,0.078,STANCE,-0.6909,-0.1857,1.5707,0.1906,-0.3184,-0.1151,0.9115,0.3109,0.0147,1,7.94,0.154,0.866,0.619,STANCE,0.5892,-0.2020,1.5708,0.2156,0.3096,-0.1118,0.7061,-0.3757,0.0150,0,0.00,0.009,0.042,0.004,STANCE,0.0056,-0.1830,1.5707,0.0015,-0.3744,-0.1156,0.7205,0.3750,0.0161,0,0.00,0.009,0.056,0.001,STANCE,-0.0973,-0.2093,1.5709,0.0255,0.3761,-0.1104,0.3919,-0.2316,0.0145,1,7.08,0.168,1.003,0.249,STANCE,0.0987,-0.1816,1.5694,-0.3108,-0.2262,-0.1159,0.3035,0.1855,0.0173,0,0.00,0.006,0.080,0.030,SWING,0.1451,-0.0887,1.0808,-0.3940,0.1919,-0.1101
5.825,716,placemove,0.7003,-0.0011,0.1284,-0.0064,0.0019,0.0133,0.0145,-0.0157,-0.0035,-0.0574,0.0064,0.0170,1.000,0.000,-0.0055,0.0029,-0.0064,0.0019,0.0133,0.1135,0,0.8944,-0.3183,0.0158,1,0.00,0.007,0.039,0.001,STANCE,-0.6937,-0.1904,1.5707,0.1901,-0.3192,-0.1142,0.9114,0.3109,0.0146,1,6.21,0.067,1.059,0.007,STANCE,0.5903,-0.2038,1.5708,0.2155,0.3099,-0.1115,0.7058,-0.3760,0.0149,1,3.11,0.558,0.556,0.044,STANCE,0.0027,-0.1814,1.5707,0.0007,-0.3742,-0.1160,0.7203,0.3746,0.0156,0,0.00,0.002,0.040,0.004,STANCE,-0.0960,-0.2086,1.5709,0.0251,0.3760,-0.1105,0.3921,-0.2317,0.0144,1,3.81,0.457,0.910,0.329,STANCE,0.0967,-0.1811,1.5696,-0.3110,-0.2258,-0.1160,0.3031,0.1852,0.0240,0,0.00,0.006,0.068,0.033,SWING,0.1447,-0.1236,1.1055,-0.3945,0.1922,-0.1032
5.875,720,placemove,0.7006,-0.0013,0.1287,-0.0065,0.0020,0.0136,0.0231,-0.0075,0.0435,0.0602,0.0017,0.0151,1.000,0.000,-0.0057,0.0022,-0.0065,0.0020,0.0136,0.1140,0,0.8943,-0.3188,0.0163,0,0.00,0.006,0.041,0.003,STANCE,-0.6958,-0.1911,1.5707,0.1896,-0.3194,-0.1140,0.9115,0.3109,0.0148,1,0.00,0.003,0.041,0.002,STANCE,0.5912,-0.2046,1.5706,0.2153,0.3101,-0.1113,0.7056,-0.3761,0.0148,1,6.02,0.071,1.739,0.860,STANCE,0.0006,-0.1794,1.5704,0.0002,-0.3740,-0.1163,0.7201,0.3739,0.0148,1,6.65,0.085,1.875,0.909,STANCE,-0.0950,-0.2040,1.5708,0.0248,0.3756,-0.1114,0.3924,-0.2316,0.0145,1,0.93,0.035,0.240,0.132,STANCE,0.0954,-0.1795,1.5697,-0.3111,-0.2253,-0.1163,0.3052,0.1852,0.0299,0,0.00,0.000,0.070,0.074,SWING,0.1409,-0.1605,1.1531,-0.3920,0.1925,-0.0976
5.907,724,placemove,0.7009,-0.0015,0.1296,-0.0056,0.0021,0.0138,0.0181,-0.0109,0.0554,0.0446,0.0050,0.0072,1.000,0.000,-0.0056,0.0019,-0.0056,0.0021,0.0138,0.1149,0,0.8942,-0.3186,0.0161,0,0.00,0.005,0.032,0.003,STANCE,-0.6973,-0.1867,1.5707,0.1891,-0.3191,-0.1149,0.9115,0.3109,0.0158,0,0.00,0.004,0.034,0.002,STANCE,0.5920,-0.2034,1.5706,0.2151,0.3101,-0.1116,0.7056,-0.3758,0.0147,1,5.24,0.116,1.500,0.732,STANCE,-0.0009,-0.1762,1.5702,-0.0002,-0.3737,-0.1170,0.7201,0.3732,0.0147,1,5.78,0.104,1.630,0.785,STANCE,-0.0942,-0.1975,1.5708,0.0245,0.3749,-0.1127,0.3929,-0.2313,0.0145,1,0.94,0.023,0.245,0.133,STANCE,0.0944,-0.1763,1.5701,-0.3108,-0.2249,-0.1170,0.3108,0.1871,0.0367,0,0.00,0.002,0.061,0.107,SWING,0.1272,-0.2056,1.2197,-0.3865,0.1949,-0.0916
5.946,728,placemove,0.7012,-0.0017,0.1301,-0.0050,0.0021,0.0139,0.0141,-0.0129,0.0329,0.0290,0.0072,0.0016,1.000,0.000,-0.0051,0.0018,-0.0050,0.0021,0.0139,0.1155,0,0.8939,-0.3180,0.0150,0,0.00,0.001,0.031,0.003,STANCE,-0.6983,-0.1789,1.5707,0.1885,-0.3183,-0.1165,0.9113,0.3105,0.0157,0,0.00,0.005,0.032,0.003,STANCE,0.5927,-0.1988,1.5706,0.2147,0.3097,-0.1125,0.7056,-0.3757,0.0147,1,5.33,0.202,1.485,0.700,STANCE,-0.0020,-0.1743,1.5698,-0.0005,-0.3735,-0.1173,0.7201,0.3726,0.0146,1,5.85,0.126,1.643,0.787,STANCE,-0.0934,-0.1935,1.5707,0.0243,0.3745,-0.1136,0.3933,-0.2312,0.0146,1,1.07,0.010,0.282,0.150,STANCE,0.0938,-0.1744,1.5703,-0.3107,-0.2246,-0.1173,0.3184,0.1928,0.0433,0,0.00,0.003,0.062,0.106,SWING,0.0987,-0.2496,1.2864,-0.3787,0.2011,-0.0859
5.977,732,placemove,0.7012,-0.0019,0.1309,-0.0058,-0.0001,0.0140,-0.0018,-0.0068,0.0335,-0.0449,-0.1198,-0.0027,1.000,0.000,-0.0050,0.0013,-0.0058,-0.0001,0.0140,0.1161,0,0.8938,-0.3174,0.0148,1,4.43,0.286,1.276,0.621,STANCE,-0.6989,-0.1712,1.5708,0.1880,-0.3175,-0.1180,0.9111,0.3096,0.0153,0,0.00,0.001,0.029,0.004,STANCE,0.5933,-0.1915,1.5707,0.2142,0.3090,-0.1139,0.7058,-0.3758,0.0154,1,0.00,0.013,0.032,0.000,STANCE,-0.0026,-0.1728,1.5700,-0.0007,-0.3733,-0.1176,0.7201,0.3719,0.0146,1,4.93,0.240,1.319,0.593,STANCE,-0.0928,-0.1905,1.5707,0.0241,0.3741,-0.1141,0.3937,-0.2313,0.0146,1,2.63,0.326,0.604,0.204,STANCE,0.0934,-0.1730,1.5704,-0.3107,-0.2244,-0.1176,0.3288,0.2019,0.0466,0,0.00,0.011,0.072,0.080,SWING,0.0552,-0.2809,1.3477,-0.3682,0.2107,-0.0828
6.029,736,placemove,0.7012,-0.0019,0.1317,-0.0056,-0.0020,0.0139,-0.0022,-0.0009,0.0558,0.0422,-0.1010,-0.0088,1.000,0.000,-0.0051,0.0001,-0.0056,-0.0020,0.0139,0.1169,0,0.8936,-0.3169,0.0148,1,1.54,0.037,0.430,0.219,STANCE,-0.6992,-0.1655,1.5708,0.1877,-0.3169,-0.1191,0.9108,0.3087,0.0149,1,5.35,0.247,1.552,0.758,STANCE,0.5939,-0.1832,1.5706,0.2136,0.3082,-0.1156,0.7058,-0.3756,0.0158,0,0.00,0.001,0.033,0.002,STANCE,-0.0029,-0.1708,1.5702,-0.0008,-0.3730,-0.1180,0.7201,0.3717,0.0151,1,0.00,0.002,0.031,0.002,STANCE,-0.0922,-0.1886,1.5707,0.0239,0.3739,-0.1145,0.3940,-0.2312,0.0145,1,4.93,0.206,1.427,0.704,STANCE,0.0933,-0.1720,1.5703,-0.3106,-0.2243,-0.1178,0.3397,0.2122,0.0479,0,0.00,0.003,0.060,0.062,SWING,0.0083,-0.2996,1.3959,-0.3573,0.2207,-0.0818
6.056,740,placemove,0.7012,-0.0019,0.1325,-0.0050,-0.0032,0.0137,-0.0002,-0.0014,0.0308,0.0308,-0.0590,-0.0138,1.000,0.000,-0.0049,-0.0013,-0.0050,-0.0032,0.0137,0.1178,0,0.8935,-0.3164,0.0148,1,1.53,0.004,0.423,0.214,STANCE,-0.6991,-0.1613,1.5708,0.1876,-0.3164,-0.1200,0.9105,0.3080,0.0148,1,4.45,0.107,1.299,0.634,STANCE,0.5942,-0.1766,1.5705,0.2132,0.3076,-0.1169,0.7059,-0.3750,0.0154,0,0.00,0.002,0.030,0.003,STANCE,-0.0028,-0.1658,1.5703,-0.0007,-0.3724,-0.1190,0.7202,0.3715,0.0157,0,0.00,0.003,0.022,0.001,STANCE,-0.0918,-0.1860,1.5707,0.0238,0.3736,-0.1150,0.3942,-0.2310,0.0145,1,4.02,0.106,1.165,0.572,STANCE,0.0935,-0.1705,1.5703,-0.3104,-0.2243,-0.1181,0.3497,0.2199,0.0469,0,0.00,0.001,0.037,0.045,SWING,-0.0295,-0.3014,1.4338,-0.3474,0.2278,-0.0839
6.103,744,placemove,0.7010,-0.0019,0.1329,-0.0057,-0.0050,0.0134,-0.0149,0.0054,0.0007,-0.0860,-0.1398,-0.0188,1.000,0.000,-0.0047,-0.0026,-0.0057,-0.0050,0.0134,0.1180,0,0.8935,-0.3162,0.0153,1,0.00,0.007,0.037,0.003,STANCE,-0.6988,-0.1599,1.5708,0.1876,-0.3162,-0.1202,0.9105,0.3076,0.0147,1,2.67,0.324,0.669,0.256,STANCE,0.5945,-0.1736,1.5705,0.2130,0.3073,-0.1175,0.7060,-0.3743,0.0149,1,2.45,0.179,0.654,0.295,STANCE,-0.0025,-0.1603,1.5704,-0.0007,-0.3717,-0.1201,0.7203,0.3709,0.0152,0,0.00,0.012,0.001,0.000,STANCE,-0.0915,-0.1816,1.5707,0.0237,0.3731,-0.1159,0.3943,-0.2310,0.0146,1,0.72,0.091,0.090,0.042,STANCE,0.0938,-0.1706,1.5703,-0.3104,-0.2244,-0.1181,0.3596,0.2243,0.0400,0,0.00,0.005,0.020,0.036,SWING,-0.0591,-0.2770,1.4634,-0.3376,0.2316,-0.0912
6.146,748,placemove,0.7008,-0.0018,0.1334,-0.0055,-0.0068,0.0131,-0.0162,0.0095,0.0319,0.0392,-0.1057,-0.0160,1.000,0.000,-0.0050,-0.0041,-0.0055,-0.0068,0.0131,0.1184,0,0.8935,-0.3162,0.0161,0,0.00,0.001,0.037,0.002,STANCE,-0.6983,-0.1601,1.5708,0.1877,-0.3162,-0.1202,0.9105,0.3077,0.0155,1,0.00,0.001,0.035,0.002,STANCE,0.5947,-0.1737,1.5706,0.2129,0.3073,-0.1175,0.7059,-0.3739,0.0148,1,5.96,0.122,1.650,0.758,STANCE,-0.0021,-0.1579,1.5704,-0.0005,-0.3715,-0.1206,0.7203,0.3706,0.0147,1,6.00,0.187,1.660,0.765,STANCE,-0.0914,-0.1772,1.5706,0.0236,0.3727,-0.1168,0.3941,-0.2310,0.0147,1,0.00,0.001,0.031,0.001,STANCE,0.0942,-0.1723,1.5704,-0.3105,-0.2246,-0.1178,0.3694,0.2262,0.0294,0,0.00,0.003,0.008,0.021,SWING,-0.0824,-0.2345,1.4866,-0.3278,0.2329,-0.1018
6.194,752,placemove,0.7006,-0.0016,0.1338,-0.0050,-0.0084,0.0129,-0.0027,0.0091,0.0194,0.0276,-0.0847,-0.0159,1.000,0.000,-0.0048,-0.0057,-0.0050,-0.0084,0.0129,0.1191,0,0.8934,-0.3157,0.0163,0,0.00,0.012,0.030,0.002,SHIFT,-0.6980,-0.1578,1.5708,0.1877,-0.3159,-0.1206,0.9104,0.3078,0.0164,0,0.00,0.006,0.030,0.002,SHIFT,0.5951,-0.1731,1.5706,0.2128,0.3073,-0.1176,0.7059,-0.3735,0.0147,1,5.21,0.175,1.434,0.656,SHIFT,-0.0018,-0.1564,1.5703,-0.0005,-0.3713,-0.1209,0.7203,0.3704,0.0146,1,5.87,0.254,1.615,0.739,SHIFT,-0.0911,-0.1736,1.5706,0.0235,0.3722,-0.1175,0.3940,-0.2308,0.0148,1,0.91,0.143,0.174,0.062,SHIFT,0.0945,-0.1735,1.5705,-0.3105,-0.2247,-0.1175,0.3782,0.2267,0.0199,0,0.00,0.004,0.019,0.016,SHIFT,-0.1005,-0.1953,1.5048,-0.3194,0.2330,-0.1110
6.222,756,placemove,0.7008,-0.0015,0.1341,-0.0044,-0.0040,0.0142,0.0212,0.0090,0.0264,0.0414,1.0180,0.2850,1.000,0.000,-0.0045,-0.0069,-0.0044,-0.0040,0.0142,0.1190,0,0.8930,-0.3151,0.0153,0,0.00,0.040,0.033,0.003,SHIFT,-0.6993,-0.1535,1.5708,0.1872,-0.3155,-0.1215,0.9096,0.3081,0.0159,0,0.00,0.005,0.012,0.002,SHIFT,0.5968,-0.1704,1.5706,0.2123,0.3072,-0.1182,0.7058,-0.3732,0.0147,1,5.08,0.671,1.077,0.266,SHIFT,-0.0031,-0.1555,1.5703,-0.0008,-0.3712,-0.1211,0.7195,0.3704,0.0146,1,2.83,0.511,0.562,0.094,SHIFT,-0.0892,-0.1714,1.5702,0.0230,0.3721,-0.1179,0.3938,-0.2308,0.0158,1,0.00,0.036,0.047,0.001,SHIFT,0.0937,-0.1748,1.5706,-0.3108,-0.2246,-0.1173,0.3844,0.2265,0.0146,1,2.66,0.010,0.768,0.404,SHIFT,-0.1134,-0.1676,1.5191,-0.3132,0.2327,-0.1172
6.301,760,placemove,0.7014,-0.0015,0.1355,-0.0042,0.0036,0.0172,0.0431,-0.0056,0.0615,0.0201,0.2926,0.1268,1.000,0.000,-0.0043,-0.0032,-0.0042,0.0036,0.0172,0.1200,0,0.8929,-0.3145,0.0147,1,0.00,0.003,0.004,0.000,SHIFT,-0.7022,-0.1537,1.5708,0.1865,-0.3158,-0.1214,0.9071,0.3087,0.0146,1,0.14,0.021,0.033,0.007,SHIFT,0.6003,-0.1670,1.5707,0.2113,0.3072,-0.1188,0.7058,-0.3735,0.0165,1,0.00,0.003,0.001,0.002,SHIFT,-0.0060,-0.1599,1.5704,-0.0015,-0.3717,-0.1202,0.7169,0.3708,0.0163,1,0.00,0.004,0.002,0.001,SHIFT,-0.0856,-0.1749,1.5704,0.0221,0.3725,-0.1173,0.3934,-0.2318,0.0210,0,0.00,0.003,0.000,0.002,SHIFT,0.0918,-0.1808,1.5706,-0.3116,-0.2246,-0.1161,0.3877,0.2251,0.0146,1,0.00,0.007,0.016,0.013,SHIFT,-0.1218,-0.1509,1.5302,-0.3090,0.2323,-0.1210
6.342,764,placemove,0.7021,-0.0014,0.1357,-0.0038,0.0065,0.0193,0.0338,0.0159,-0.0197,0.0226,0.1179,0.1277,1.000,0.000,-0.0039,0.0010,-0.0038,0.0065,0.0193,0.1210,0,0.8930,-0.3147,0.0147,1,6.26,0.017,0.632,0.520,SHIFT,-0.7065,-0.1559,1.5707,0.1856,-0.3165,-0.1210,0.9056,0.3099,0.0147,1,1.53,0.305,0.240,0.009,SHIFT,0.6056,-0.1685,1.5707,0.2101,0.3080,-0.1185,0.7059,-0.3742,0.0181,0,0.00,0.012,0.033,0.003,SHIFT,-0.0102,-0.1661,1.5705,-0.0026,-0.3724,-0.1190,0.7151,0.3718,0.0181,0,0.00,0.027,0.042,0.004,SHIFT,-0.0801,-0.1816,1.5705,0.0207,0.3734,-0.1159,0.3932,-0.2323,0.0236,0,0.00,0.025,0.032,0.000,SHIFT,0.0892,-0.1870,1.5707,-0.3126,-0.2245,-0.1149,0.3899,0.2243,0.0147,1,3.82,0.168,1.113,0.551,SHIFT,-0.1262,-0.1464,1.5390,-0.3068,0.2321,-0.1221
6.384,768,placemove,0.7026,-0.0009,0.1352,-0.0035,0.0075,0.0214,0.0313,0.0343,-0.0363,0.0126,0.0298,0.1121,1.000,0.000,-0.0036,0.0040,-0.0035,0.0075,0.0214,0.1205,0,0.8930,-0.3146,0.0147,1,5.86,0.408,1.194,0.248,SHIFT,-0.7115,-0.1595,1.5705,0.1846,-0.3173,-0.1203,0.9039,0.3119,0.0147,1,2.04,0.350,0.309,0.012,SHIFT,0.6125,-0.1718,1.5707,0.2087,0.3091,-0.1179,0.7058,-0.3742,0.0182,0,0.00,0.011,0.038,0.001,SHIFT,-0.0151,-0.1694,1.5705,-0.0039,-0.3728,-0.1183,0.7129,0.3729,0.0186,0,0.00,0.009,0.039,0.002,SHIFT,-0.0730,-0.1855,1.5705,0.0189,0.3740,-0.1151,0.3932,-0.2322,0.0244,0,0.00,0.013,0.038,0.001,SHIFT,0.0864,-0.1918,1.5707,-0.3134,-0.2242,-0.1139,0.3908,0.2240,0.0147,1,4.69,0.060,1.372,0.683,SHIFT,-0.1274,-0.1478,1.5457,-0.3060,0.2319,-0.1220
6.405,772,placemove,0.7032,-0.0002,0.1345,-0.0034,0.0074,0.0229,0.0422,0.0426,-0.0447,0.0055,-0.0177,0.0673,1.000,0.000,-0.0033,0.0057,-0.0034,0.0074,0.0229,0.1198,0,0.8930,-0.3146,0.0146,1,5.86,0.418,1.218,0.274,SHIFT,-0.7168,-0.1629,1.5701,0.1834,-0.3182,-0.1196,0.9023,0.3140,0.0147,1,2.33,0.396,0.350,0.027,SHIFT,0.6206,-0.1751,1.5707,0.2069,0.3103,-0.1172,0.7057,-0.3736,0.0177,0,0.00,0.010,0.037,0.002,SHIFT,-0.0203,-0.1701,1.5706,-0.0052,-0.3728,-0.1182,0.7108,0.3738,0.0183,0,0.00,0.008,0.038,0.002,SHIFT,-0.0647,-0.1869,1.5706,0.0168,0.3743,-0.1149,0.3934,-0.2316,0.0244,0,0.00,0.010,0.039,0.002,SHIFT,0.0835,-0.1949,1.5707,-0.3142,-0.2238,-0.1133,0.3911,0.2237,0.0146,1,4.74,0.019,1.378,0.685,SHIFT,-0.1261,-0.1518,1.5510,-0.3059,0.2314,-0.1213
6.443,776,placemove,0.7040,0.0005,0.1337,-0.0034,0.0069,0.0237,0.0524,0.0479,-0.0463,0.0004,-0.0395,0.0267,1.000,0.000,-0.0031,0.0063,-0.0034,0.0069,0.0237,0.1191,0,0.8930,-0.3145,0.0146,1,5.73,0.415,1.210,0.293,SHIFT,-0.7221,-0.1660,1.5698,0.1822,-0.3191,-0.1190,0.9009,0.3162,0.0147,1,2.48,0.416,0.363,0.043,SHIFT,0.6296,-0.1784,1.5707,0.2050,0.3116,-0.1166,0.7055,-0.3727,0.0166,0,0.00,0.009,0.036,0.003,SHIFT,-0.0255,-0.1684,1.5707,-0.0066,-0.3726,-0.1186,0.7090,0.3746,0.0174,0,0.00,0.004,0.037,0.002,SHIFT,-0.0555,-0.1859,1.5706,0.0144,0.3743,-0.1151,0.3939,-0.2307,0.0237,0,0.00,0.007,0.039,0.003,SHIFT,0.0810,-0.1958,1.5708,-0.3146,-0.2233,-0.1131,0.3914,0.2236,0.0146,1,4.96,0.018,1.302,0.578,SHIFT,-0.1228,-0.1568,1.5551,-0.3064,0.2308,-0.1204
6.464,780,placemove,0.7050,0.0014,0.1330,-0.0034,0.0061,0.0238,0.0630,0.0501,-0.0427,-0.0025,-0.0461,-0.0098,1.000,0.000,-0.0031,0.0062,-0.0034,0.0061,0.0238,0.1184,0,0.8929,-0.3145,0.0145,1,5.74,0.421,1.222,0.304,SHIFT,-0.7274,-0.1688,1.5694,0.1811,-0.3198,-0.1184,0.8997,0.3184,0.0147,1,2.55,0.419,0.363,0.058,SHIFT,0.6394,-0.1814,1.5707,0.2028,0.3129,-0.1160,0.7053,-0.3714,0.0152,0,0.00,0.009,0.035,0.003,SHIFT,-0.0305,-0.1645,1.5707,-0.0078,-0.3721,-0.1193,0.7074,0.3752,0.0161,0,0.00,0.003,0.035,0.002,SHIFT,-0.0456,-0.1827,1.5707,0.0118,0.3741,-0.1157,0.3948,-0.2293,0.0225,0,0.00,0.006,0.038,0.003,SHIFT,0.0788,-0.1943,1.5708,-0.3148,-0.2227,-0.1134,0.3916,0.2234,0.0146,1,4.99,0.019,1.302,0.576,SHIFT,-0.1180,-0.1620,1.5583,-0.3073,0.2298,-0.1195
6.518,784,placemove,0.7065,0.0017,0.1331,-0.0040,0.0043,0.0221,0.1003,0.0161,0.0260,0.0781,-0.1275,-0.1215,1.000,0.000,-0.0034,0.0056,-0.0040,0.0043,0.0221,0.1177,0,0.8930,-0.3152,0.0158,1,0.00,0.001,0.034,0.000,SHIFT,-0.7325,-0.1731,1.5697,0.1800,-0.3207,-0.1176,0.8995,0.3199,0.0156,1,0.00,0.008,0.031,0.000,SHIFT,0.6497,-0.1859,1.5707,0.2006,0.3145,-0.1151,0.7052,-0.3707,0.0148,1,6.54,0.106,1.812,0.836,SHIFT,-0.0353,-0.1621,1.5706,-0.0091,-0.3718,-0.1198,0.7068,0.3751,0.0149,1,6.46,0.079,1.796,0.830,SHIFT,-0.0351,-0.1777,1.5704,0.0091,0.3737,-0.1167,0.3961,-0.2279,0.0214,0,0.00,0.002,0.050,0.005,SHIFT,0.0769,-0.1905,1.5708,-0.3147,-0.2220,-0.1142,0.3924,0.2232,0.0151,1,0.00,0.007,0.057,0.001,SHIFT,-0.1120,-0.1687,1.5610,-0.3085,0.2288,-0.1182
6.561,788,placemove,0.7082,0.0019,0.1329,-0.0029,0.0026,0.0200,0.1057,0.0050,-0.0486,0.0644,-0.0819,-0.1227,1.000,0.000,-0.0033,0.0043,-0.0029,0.0026,0.0200,0.1179,0,0.8933,-0.3164,0.0170,0,0.00,0.000,0.004,0.001,SHIFT,-0.7376,-0.1789,1.5700,0.1789,-0.3217,-0.1164,0.8999,0.3215,0.0177,0,0.00,0.006,0.006,0.001,SHIFT,0.6601,-0.1930,1.5707,0.1983,0.3163,-0.1137,0.7051,-0.3707,0.0149,1,0.00,0.000,0.006,0.002,SHIFT,-0.0400,-0.1658,1.5704,-0.0103,-0.3722,-0.1190,0.7068,0.3752,0.0150,1,0.00,0.006,0.007,0.001,SHIFT,-0.0245,-0.1772,1.5702,0.0063,0.3737,-0.1168,0.3978,-0.2262,0.0194,0,0.00,0.002,0.004,0.001,SHIFT,0.0752,-0.1843,1.5708,-0.3144,-0.2213,-0.1154,0.3932,0.2232,0.0165,0,0.00,0.005,0.007,0.004,SHIFT,-0.1053,-0.1775,1.5631,-0.3102,0.2279,-0.1165
6.595,792,placemove,0.7101,0.0020,0.1313,-0.0024,0.0016,0.0180,0.1144,0.0064,-0.0800,0.0403,-0.0210,-0.1163,1.000,0.000,-0.0028,0.0030,-0.0024,0.0016,0.0180,0.1165,0,0.8933,-0.3172,0.0158,0,0.00,0.005,0.042,0.002,STANCE,-0.7427,-0.1803,1.5701,0.1777,-0.3222,-0.1162,0.9000,0.3227,0.0173,0,0.00,0.005,0.042,0.002,STANCE,0.6706,-0.1962,1.5707,0.1959,0.3176,-0.1130,0.7051,-0.3715,0.0148,1,8.13,0.180,0.803,0.704,STANCE,-0.0447,-0.1742,1.5705,-0.0115,-0.3731,-0.1174,0.7067,0.3760,0.0147,1,7.92,0.193,0.827,0.646,STANCE,-0.0139,-0.1827,1.5703,0.0036,0.3744,-0.1157,0.3998,-0.2245,0.0157,0,0.00,0.005,0.050,0.005,STANCE,0.0734,-0.1761,1.5708,-0.3139,-0.2204,-0.1170,0.3943,0.2227,0.0156,0,0.00,0.005,0.058,0.001,STANCE,-0.0983,-0.1818,1.5648,-0.3114,0.2265,-0.1157
6.630,796,placemove,0.7122,0.0018,0.1302,-0.0031,0.0069,0.0157,0.1276,-0.0161,-0.0800,-0.0789,0.3058,-0.1164,1.000,0.000,-0.0025,0.0032,-0.0031,0.0069,0.0157,0.1152,0,0.8932,-0.3186,0.0148,1,3.84,0.072,0.407,0.297,SWING,-0.7468,-0.1851,1.5703,0.1768,-0.3231,-0.1152,0.9000,0.3229,0.0151,0,0.00,0.016,0.033,0.001,STANCE,0.6799,-0.1954,1.5708,0.1936,0.3184,-0.1132,0.7047,-0.3726,0.0157,1,0.00,0.003,0.040,0.001,STANCE,-0.0485,-0.1827,1.5706,-0.0126,-0.3741,-0.1157,0.7067,0.3765,0.0147,1,5.29,0.178,0.583,0.394,STANCE,-0.0046,-0.1893,1.5704,0.0012,0.3751,-0.1144,0.4013,-0.2232,0.0149,1,2.28,0.031,0.589,0.265,STANCE,0.0721,-0.1699,1.5708,-0.3134,-0.2197,-0.1183,0.3955,0.2218,0.0159,0,0.00,0.025,0.032,0.001,STANCE,-0.0920,-0.1815,1.5661,-0.3122,0.2251,-0.1158
6.684,800,placemove,0.7142,0.0010,0.1299,0.0027,0.0127,0.0134,0.1151,-0.0309,0.0033,0.2098,0.2498,-0.0961,1.000,0.000,-0.0015,0.0059,0.0027,0.0127,0.0134,0.1142,0,0.8936,-0.3213,0.0151,1,0.00,0.047,0.357,0.021,SWING,-0.7501,-0.2047,1.5704,0.1767,-0.3254,-0.1113,0.9001,0.3227,0.0146,1,10.64,1.045,2.215,0.418,STANCE,0.6877,-0.1925,1.5705,0.1917,0.3188,-0.1137,0.7043,-0.3736,0.0148,0,21.39,0.656,2.278,1.545,STANCE,-0.0515,-0.1896,1.5706,-0.0134,-0.3748,-0.1143,0.7069,0.3772,0.0177,1,0.00,0.100,0.099,0.012,STANCE,0.0031,-0.1968,1.5705,-0.0008,0.3760,-0.1129,0.4020,-0.2223,0.0147,1,0.00,0.021,0.057,0.003,STANCE,0.0711,-0.1685,1.5707,-0.3134,-0.2194,-0.1185,0.3970,0.2209,0.0178,0,0.00,0.021,0.175,0.021,STANCE,-0.0867,-0.1779,1.5671,-0.3125,0.2236,-0.1166
6.722,804,placemove,0.7156,0.0007,0.1300,0.0047,0.0144,0.0120,0.0779,-0.0177,0.0030,0.0847,0.0667,-0.0784,1.000,0.000,0.0012,0.0094,0.0047,0.0144,0.0120,0.1153,0,0.8949,-0.3254,0.0209,0,0.00,0.004,0.065,0.005,SWING,-0.7529,-0.2401,1.5705,0.1771,-0.3293,-0.1041,0.9001,0.3227,0.0146,1,5.96,0.148,1.198,0.203,STANCE,0.6943,-0.1902,1.5704,0.1900,0.3192,-0.1142,0.7044,-0.3739,0.0147,1,2.94,0.009,0.304,0.221,STANCE,-0.0542,-0.1924,1.5707,-0.0141,-0.3751,-0.1138,0.7070,0.3776,0.0196,0,0.00,0.017,0.034,0.001,STANCE,0.0096,-0.2008,1.5706,-0.0025,0.3764,-0.1121,0.4030,-0.2216,0.0148,1,3.55,0.184,0.984,0.469,STANCE,0.0700,-0.1675,1.5707,-0.3135,-0.2191,-0.1187,0.3987,0.2199,0.0179,0,0.00,0.012,0.025,0.002,STANCE,-0.0825,-0.1722,1.5679,-0.3125,0.2223,-0.1177
6.756,808,placemove,0.7168,0.0005,0.1302,0.0056,0.0150,0.0108,0.0622,-0.0073,0.0152,0.0396,0.0218,-0.0628,1.000,0.000,0.0032,0.0116,0.0056,0.0150,0.0108,0.1155,0,0.8963,-0.3296,0.0286,0,0.00,0.007,0.065,0.004,SWING,-0.7551,-0.2784,1.5705,0.1776,-0.3331,-0.0961,0.9001,0.3227,0.0145,1,6.01,0.176,1.432,0.482,STANCE,0.6998,-0.1880,1.5699,0.1885,0.3195,-0.1146,0.7044,-0.3741,0.0147,1,2.91,0.140,0.446,0.042,STANCE,-0.0566,-0.1931,1.5707,-0.0147,-0.3751,-0.1136,0.7071,0.3775,0.0202,0,0.00,0.012,0.035,0.003,STANCE,0.0150,-0.2008,1.5706,-0.0039,0.3764,-0.1121,0.4037,-0.2210,0.0147,1,3.67,0.248,1.029,0.494,STANCE,0.0687,-0.1664,1.5706,-0.3136,-0.2187,-0.1189,0.4003,0.2189,0.0171,0,0.00,0.006,0.030,0.003,STANCE,-0.0792,-0.1649,1.5685,-0.3122,0.2210,-0.1192
6.779,812,placemove,0.7177,0.0004,0.1305,0.0060,0.0151,0.0100,0.0497,-0.0080,0.0241,0.0142,-0.0009,-0.0424,1.000,0.000,0.0044,0.0128,0.0060,0.0151,0.0100,0.1159,0,0.8986,-0.3325,0.0353,0,0.00,0.004,0.057,0.002,SWING,-0.7512,-0.3085,1.5706,0.1794,-0.3355,-0.0898,0.9001,0.3227,0.0145,1,6.07,0.193,1.738,0.848,STANCE,0.7043,-0.1854,1.5695,0.1874,0.3197,-0.1151,0.7044,-0.3741,0.0147,1,2.95,0.175,0.797,0.379,STANCE,-0.0588,-0.1920,1.5704,-0.0153,-0.3750,-0.1138,0.7072,0.3771,0.0201,0,0.00,0.010,0.033,0.003,STANCE,0.0193,-0.1973,1.5707,-0.0050,0.3760,-0.1128,0.4044,-0.2204,0.0147,1,3.54,0.204,1.006,0.491,STANCE,0.0673,-0.1647,1.5705,-0.3137,-0.2183,-0.1193,0.4019,0.2180,0.0158,0,0.00,0.006,0.029,0.003,STANCE,-0.0768,-0.1561,1.5690,-0.3116,0.2199,-0.1209
6.830,816,placemove,0.7186,0.0003,0.1311,0.0067,0.0166,0.0095,0.0601,-0.0093,0.0430,0.0619,0.1762,-0.0255,1.000,0.000,0.0051,0.0135,0.0067,0.0166,0.0095,0.1163,0,0.9039,-0.3334,0.0404,0,0.00,0.006,0.052,0.000,SWING,-0.7340,-0.3313,1.5706,0.1845,-0.3360,-0.0849,0.9000,0.3225,0.0144,1,3.67,0.441,0.951,0.398,STANCE,0.7078,-0.1826,1.5697,0.1864,0.3197,-0.1157,0.7044,-0.3739,0.0146,1,4.93,0.405,1.319,0.587,STANCE,-0.0608,-0.1899,1.5704,-0.0158,-0.3747,-0.1143,0.7072,0.3763,0.0197,0,0.00,0.011,0.028,0.002,STANCE,0.0226,-0.1912,1.5707,-0.0059,0.3753,-0.1140,0.4049,-0.2198,0.0151,1,0.00,0.005,0.030,0.001,STANCE,0.0658,-0.1626,1.5705,-0.3137,-0.2179,-0.1197,0.4035,0.2170,0.0148,1,3.20,0.101,0.926,0.451,STANCE,-0.0751,-0.1460,1.5694,-0.3108,0.2188,-0.1229
6.855,820,placemove,0.7194,0.0002,0.1310,0.0075,0.0189,0.0092,0.0472,0.0022,-0.0074,0.0382,0.1230,-0.0056,1.000,0.000,0.0059,0.0149,0.0075,0.0189,0.0092,0.1164,0,0.9125,-0.3323,0.0435,0,0.00,0.003,0.051,0.000,SWING,-0.7041,-0.3491,1.5707,0.1928,-0.3347,-0.0811,0.9001,0.3227,0.0145,1,4.61,0.181,0.527,0.323,STANCE,0.7104,-0.1841,1.5699,0.1858,0.3200,-0.1154,0.7044,-0.3740,0.0146,1,5.50,0.255,0.802,0.172,STANCE,-0.0626,-0.1915,1.5705,-0.0163,-0.3749,-0.1139,0.7073,0.3755,0.0186,0,0.00,0.009,0.030,0.003,STANCE,0.0251,-0.1836,1.5707,-0.0065,0.3744,-0.1155,0.4052,-0.2195,0.0159,0,0.00,0.003,0.037,0.002,STANCE,0.0643,-0.1642,1.5706,-0.3140,-0.2176,-0.1194,0.4046,0.2165,0.0148,1,2.63,0.010,0.745,0.365,STANCE,-0.0741,-0.1418,1.5697,-0.3105,0.2183,-0.1237
6.891,824,placemove,0.7201,0.0002,0.1309,0.0080,0.0205,0.0093,0.0369,0.0003,-0.0055,0.0219,0.0733,0.0051,1.000,0.000,0.0066,0.0165,0.0080,0.0205,0.0093,0.1163,0,0.9228,-0.3298,0.0458,0,0.00,0.001,0.047,0.000,SWING,-0.6675,-0.3628,1.5707,0.2026,-0.3321,-0.0781,0.9001,0.3231,0.0145,1,4.56,0.206,0.526,0.316,STANCE,0.7124,-0.1851,1.5701,0.1853,0.3203,-0.1152,0.7044,-0.3740,0.0146,1,5.48,0.269,0.799,0.174,STANCE,-0.0645,-0.1925,1.5707,-0.0168,-0.3749,-0.1137,0.7073,0.3745,0.0170,0,0.00,0.006,0.030,0.003,STANCE,0.0271,-0.1750,1.5707,-0.0070,0.3734,-0.1172,0.4055,-0.2190,0.0161,0,0.00,0.004,0.035,0.003,STANCE,0.0626,-0.1629,1.5706,-0.3141,-0.2172,-0.1196,0.4053,0.2163,0.0148,1,2.67,0.012,0.755,0.371,STANCE,-0.0734,-0.1392,1.5699,-0.3103,0.2179,-0.1242
6.913,828,placemove,0.7207,0.0002,0.1309,0.0082,0.0213,0.0094,0.0286,-0.0007,-0.0042,0.0116,0.0382,0.0134,1.000,0.000,0.0070,0.0179,0.0082,0.0213,0.0094,0.1163,0,0.9327,-0.3267,0.0476,0,0.00,0.004,0.045,0.001,SWING,-0.6331,-0.3729,1.5707,0.2117,-0.3292,-0.0759,0.9002,0.3233,0.0145,1,4.53,0.218,0.524,0.312,STANCE,0.7140,-0.1858,1.5702,0.1850,0.3205,-0.1151,0.7044,-0.3740,0.0145,1,5.47,0.292,0.803,0.169,STANCE,-0.0664,-0.1931,1.5708,-0.0173,-0.3750,-0.1136,0.7073,0.3734,0.0152,0,0.00,0.005,0.029,0.003,STANCE,0.0286,-0.1654,1.5707,-0.0074,0.3722,-0.1191,0.4061,-0.2184,0.0155,0,0.00,0.004,0.033,0.003,STANCE,0.0609,-0.1592,1.5707,-0.3140,-0.2166,-0.1204,0.4059,0.2161,0.0148,1,2.71,0.017,0.763,0.375,STANCE,-0.0732,-0.1379,1.5701,-0.3101,0.2178,-0.1245
6.964,832,placemove,0.7211,0.0003,0.1312,0.0102,0.0231,0.0098,0.0394,0.0022,0.0024,0.1301,0.2729,0.0230,1.000,0.000,0.0077,0.0188,0.0102,0.0231,0.0098,0.1159,0,0.9401,-0.3232,0.0470,0,0.00,0.038,0.031,0.006,SWING,-0.6062,-0.3710,1.5707,0.2185,-0.3259,-0.0763,0.9002,0.3239,0.0155,1,0.00,0.018,0.031,0.002,STANCE,0.7151,-0.1879,1.5703,0.1848,0.3208,-0.1147,0.7044,-0.3739,0.0146,1,3.48,0.572,0.661,0.086,STANCE,-0.0682,-0.1950,1.5706,-0.0178,-0.3752,-0.1132,0.7072,0.3729,0.0149,1,4.92,0.785,1.092,0.284,STANCE,0.0297,-0.1594,1.5707,-0.0076,0.3715,-0.1203,0.4067,-0.2175,0.0148,1,2.22,0.220,0.582,0.256,STANCE,0.0592,-0.1538,1.5707,-0.3137,-0.2158,-0.1214,0.4061,0.2163,0.0160,1,0.00,0.006,0.032,0.003,STANCE,-0.0732,-0.1391,1.5702,-0.3103,0.2179,-0.1243
6.998,836,placemove,0.7219,0.0003,0.1305,0.0120,0.0269,0.0102,0.0474,0.0032,-0.0520,0.0890,0.2168,0.0227,1.000,0.000,0.0090,0.0208,0.0120,0.0269,0.0102,0.1158,0,0.9451,-0.3188,0.0404,0,0.00,0.002,0.022,0.007,SWING,-0.5856,-0.3474,1.5707,0.2228,-0.3218,-0.0814,0.9004,0.3248,0.0158,0,0.00,0.004,0.037,0.001,STANCE,0.7159,-0.1926,1.5704,0.1847,0.3214,-0.1137,0.7044,-0.3742,0.0146,1,6.59,0.102,0.737,0.487,STANCE,-0.0699,-0.2011,1.5707,-0.0183,-0.3758,-0.1120,0.7072,0.3730,0.0148,1,6.47,0.049,0.701,0.499,STANCE,0.0304,-0.1587,1.5708,-0.0078,0.3714,-0.1205,0.4070,-0.2169,0.0149,1,0.00,0.007,0.042,0.003,STANCE,0.0574,-0.1530,1.5707,-0.3138,-0.2154,-0.1216,0.4060,0.2167,0.0179,0,0.00,0.000,0.043,0.002,STANCE,-0.0734,-0.1430,1.5704,-0.3106,0.2182,-0.1235
7.039,840,placemove,0.7227,0.0004,0.1298,0.0131,0.0299,0.0106,0.0418,0.0035,-0.0422,0.0524,0.1712,0.0234,1.000,0.000,0.0103,0.0235,0.0131,0.0299,0.0106,0.1150,0,0.9479,-0.3135,0.0303,0,0.00,0.001,0.011,0.009,SWING,-0.5702,-0.3080,1.5708,0.2250,-0.3169,-0.0899,0.9004,0.3252,0.0150,0,0.00,0.004,0.037,0.002,STANCE,0.7167,-0.1931,1.5705,0.1846,0.3215,-0.1136,0.7044,-0.3747,0.0145,1,6.75,0.061,0.761,0.498,STANCE,-0.0716,-0.2064,1.5707,-0.0188,-0.3764,-0.1110,0.7073,0.3733,0.0147,1,6.62,0.025,0.719,0.511,STANCE,0.0311,-0.1598,1.5708,-0.0080,0.3715,-0.1202,0.4072,-0.2165,0.0150,1,0.00,0.005,0.040,0.003,STANCE,0.0556,-0.1539,1.5707,-0.3142,-0.2151,-0.1214,0.4062,0.2169,0.0187,0,0.00,0.000,0.040,0.002,STANCE,-0.0737,-0.1443,1.5704,-0.3107,0.2183,-0.1233
7.070,844,placemove,0.7232,0.0002,0.1296,0.0145,0.0302,0.0109,0.0370,-0.0122,-0.0048,0.0703,0.0109,0.0161,1.000,0.000,0.0115,0.0256,0.0145,0.0302,0.0109,0.1147,0,0.9492,-0.3086,0.0211,0,0.00,0.009,0.010,0.008,SHIFT,-0.5590,-0.2683,1.5708,0.2259,-0.3121,-0.0982,0.9005,0.3253,0.0148,1,5.99,0.392,1.389,0.428,SHIFT,0.7180,-0.1913,1.5701,0.1842,0.3214,-0.1140,0.7045,-0.3750,0.0145,1,2.93,0.039,0.308,0.219,SHIFT,-0.0738,-0.2097,1.5707,-0.0193,-0.3767,-0.1103,0.7074,0.3734,0.0152,1,0.00,0.003,0.037,0.002,SHIFT,0.0322,-0.1609,1.5708,-0.0083,0.3716,-0.1200,0.4073,-0.2162,0.0149,1,4.13,0.368,1.080,0.467,SHIFT,0.0535,-0.1550,1.5706,-0.3146,-0.2147,-0.1212,0.4067,0.2168,0.0187,0,0.00,0.001,0.037,0.002,SHIFT,-0.0738,-0.1433,1.5705,-0.3106,0.2183,-0.1235
7.127,848,placemove,0.7239,0.0000,0.1298,0.0139,0.0285,0.0107,0.0091,-0.0210,0.0632,-0.4025,-0.4930,-0.1143,1.000,0.000,0.0126,0.0266,0.0139,0.0285,0.0107,0.1149,0,0.9499,-0.3047,0.0143,0,11.06,1.632,2.940,1.203,SHIFT,-0.5520,-0.2365,1.5708,0.2261,-0.3084,-0.1048,0.9005,0.3251,0.0147,1,10.45,1.522,2.312,0.665,SHIFT,0.7208,-0.1890,1.5698,0.1834,0.3215,-0.1144,0.7044,-0.3753,0.0147,1,0.00,0.116,0.227,0.029,SHIFT,-0.0774,-0.2110,1.5708,-0.0203,-0.3767,-0.1100,0.7075,0.3732,0.0154,0,0.00,0.011,0.077,0.020,SHIFT,0.0348,-0.1602,1.5708,-0.0089,0.3715,-0.1202,0.4076,-0.2158,0.0148,1,5.54,0.169,1.496,0.671,SHIFT,0.0505,-0.1554,1.5705,-0.3151,-0.2141,-0.1211,0.4077,0.2163,0.0181,0,0.00,0.006,0.146,0.020,SHIFT,-0.0729,-0.1397,1.5706,-0.3103,0.2178,-0.1242
7.158,852,placemove,0.7234,-0.0004,0.1321,0.0081,0.0192,0.0091,-0.0309,-0.0177,0.1698,-0.2789,-0.3019,-0.1426,1.000,0.000,0.0112,0.0240,0.0081,0.0192,0.0091,0.1171,0,0.9495,-0.3026,0.0143,1,9.56,0.532,2.765,1.285,SHIFT,-0.5482,-0.2057,1.5708,0.2254,-0.3050,-0.1111,0.9006,0.3238,0.0160,1,0.00,0.019,0.006,0.003,SHIFT,0.7247,-0.1857,1.5700,0.1823,0.3214,-0.1151,0.7034,-0.3762,0.0188,0,0.00,0.023,0.078,0.005,SHIFT,-0.0822,-0.2103,1.5708,-0.0215,-0.3766,-0.1102,0.7079,0.3718,0.0147,1,0.00,0.020,0.039,0.003,SHIFT,0.0384,-0.1577,1.5708,-0.0099,0.3712,-0.1207,0.4077,-0.2157,0.0149,1,0.00,0.035,0.146,0.014,SHIFT,0.0471,-0.1542,1.5706,-0.3154,-0.2133,-0.1213,0.4090,0.2149,0.0147,0,10.28,0.518,2.940,1.340,SHIFT,-0.0712,-0.1345,1.5706,-0.3100,0.2171,-0.1252
7.215,856,placemove,0.7230,-0.0005,0.1340,0.0043,0.0185,0.0068,-0.0247,-0.0074,0.0440,-0.1784,0.0162,-0.1451,1.000,0.000,0.0083,0.0202,0.0043,0.0185,0.0068,0.1188,0,0.9480,-0.3020,0.0148,1,0.30,0.057,0.113,0.030,SHIFT,-0.5467,-0.1925,1.5708,0.2250,-0.3035,-0.1137,0.9002,0.3233,0.0176,0,0.00,0.009,0.013,0.001,SHIFT,0.7287,-0.1891,1.5702,0.1815,0.3221,-0.1144,0.7009,-0.3765,0.0222,0,0.00,0.013,0.017,0.003,SHIFT,-0.0875,-0.2087,1.5708,-0.0229,-0.3763,-0.1105,0.7074,0.3715,0.0159,1,0.00,0.011,0.031,0.003,SHIFT,0.0422,-0.1621,1.5708,-0.0108,0.3717,-0.1198,0.4059,-0.2153,0.0187,0,0.00,0.018,0.023,0.000,SHIFT,0.0438,-0.1616,1.5706,-0.3166,-0.2131,-0.1199,0.4093,0.2143,0.0147,1,1.15,0.136,0.228,0.068,SHIFT,-0.0691,-0.1306,1.5706,-0.3099,0.2164,-0.1259
7.243,860,placemove,0.7230,-0.0005,0.1340,0.0026,0.0185,0.0049,0.0305,0.0142,-0.0122,-0.0381,-0.0249,-0.0430,1.000,0.000,0.0054,0.0182,0.0026,0.0185,0.0049,0.1192,0,0.9470,-0.3025,0.0148,1,6.27,0.856,0.911,0.216,SHIFT,-0.5475,-0.1899,1.5707,0.2247,-0.3034,-0.1143,0.8998,0.3231,0.0173,0,0.00,0.033,0.043,0.009,SHIFT,0.7328,-0.1901,1.5703,0.1805,0.3225,-0.1142,0.6984,-0.3764,0.0226,0,0.00,0.052,0.028,0.003,SHIFT,-0.0937,-0.2069,1.5708,-0.0245,-0.3759,-0.1109,0.7071,0.3719,0.0164,0,0.00,0.022,0.045,0.006,SHIFT,0.0463,-0.1671,1.5708,-0.0119,0.3722,-0.1188,0.4042,-0.2146,0.0207,0,0.00,0.021,0.035,0.004,SHIFT,0.0402,-0.1686,1.5707,-0.3178,-0.2127,-0.1185,0.4093,0.2142,0.0147,1,6.11,0.637,1.044,0.017,SHIFT,-0.0667,-0.1322,1.5706,-0.3104,0.2160,-0.1256
7.277,864,placemove,0.7237,0.0000,0.1336,0.0014,0.0191,0.0048,0.0516,0.0449,-0.0339,-0.1212,0.0970,0.0150,1.000,0.000,0.0034,0.0173,0.0014,0.0191,0.0048,0.1189,0,0.9470,-0.3025,0.0147,1,5.73,0.072,0.694,0.351,SHIFT,-0.5502,-0.1904,1.5709,0.2241,-0.3037,-0.1142,0.8993,0.3236,0.0162,0,0.00,0.001,0.009,0.000,SHIFT,0.7372,-0.1882,1.5704,0.1793,0.3226,-0.1146,0.6972,-0.3756,0.0223,0,0.00,0.002,0.049,0.004,SHIFT,-0.1008,-0.2044,1.5708,-0.0263,-0.3755,-0.1113,0.7067,0.3724,0.0159,0,0.00,0.004,0.017,0.000,SHIFT,0.0505,-0.1682,1.5708,-0.0130,0.3723,-0.1186,0.4038,-0.2136,0.0215,0,0.00,0.006,0.059,0.003,SHIFT,0.0360,-0.1724,1.5707,-0.3188,-0.2120,-0.1178,0.4094,0.2142,0.0146,1,5.73,0.169,0.649,0.380,SHIFT,-0.0641,-0.1343,1.5709,-0.3110,0.2155,-0.1252
7.311,868,placemove,0.7246,0.0008,0.1331,0.0013,0.0191,0.0049,0.0416,0.0318,-0.0184,0.1404,-0.1362,0.0001,1.000,0.000,0.0018,0.0174,0.0013,0.0191,0.0049,0.1184,0,0.9470,-0.3025,0.0146,1,5.42,0.178,0.634,0.348,SHIFT,-0.5547,-0.1923,1.5709,0.2231,-0.3045,-0.1138,0.8988,0.3242,0.0147,1,2.97,0.488,0.456,0.059,SHIFT,0.7419,-0.1840,1.5705,0.1780,0.3225,-0.1154,0.6961,-0.3743,0.0214,0,0.00,0.006,0.038,0.005,SHIFT,-0.1086,-0.2012,1.5708,-0.0283,-0.3749,-0.1120,0.7064,0.3728,0.0149,1,0.00,0.026,0.031,0.000,SHIFT,0.0551,-0.1664,1.5708,-0.0142,0.3720,-0.1189,0.4039,-0.2120,0.0216,0,0.00,0.010,0.043,0.005,SHIFT,0.0314,-0.1738,1.5707,-0.3195,-0.2111,-0.1175,0.4096,0.2145,0.0146,1,4.49,0.622,0.752,0.009,SHIFT,-0.0614,-0.1368,1.5709,-0.3116,0.2151,-0.1247
7.350,872,placemove,0.7252,0.0012,0.1326,0.0034,0.0171,0.0058,0.0398,0.0256,-0.0265,0.1150,-0.1102,0.0684,1.000,0.000,0.0018,0.0168,0.0034,0.0171,0.0058,0.1179,0,0.9470,-0.3026,0.0146,1,5.80,0.047,0.596,0.479,SHIFT,-0.5604,-0.1952,1.5709,0.2220,-0.3055,-0.1132,0.8981,0.3251,0.0147,1,2.08,0.364,0.355,0.015,SHIFT,0.7469,-0.1810,1.5706,0.1767,0.3226,-0.1160,0.6951,-0.3729,0.0192,0,0.00,0.004,0.037,0.003,SHIFT,-0.1171,-0.1964,1.5708,-0.0305,-0.3741,-0.1130,0.7058,0.3733,0.0150,1,0.00,0.004,0.033,0.002,SHIFT,0.0599,-0.1652,1.5708,-0.0154,0.3718,-0.1192,0.4043,-0.2104,0.0199,0,0.00,0.003,0.041,0.003,SHIFT,0.0263,-0.1724,1.5707,-0.3201,-0.2099,-0.1177,0.4097,0.2146,0.0146,1,5.18,0.274,0.652,0.258,SHIFT,-0.0588,-0.1399,1.5710,-0.3123,0.2148,-0.1241
7.371,876,placemove,0.7260,0.0017,0.1322,0.0050,0.0155,0.0072,0.0462,0.0349,-0.0243,0.0792,-0.0797,0.0870,1.000,0.000,0.0028,0.0156,0.0050,0.0155,0.0072,0.1175,0,0.9470,-0.3026,0.0145,1,5.69,0.030,0.802,0.200,SHIFT,-0.5669,-0.1976,1.5709,0.2206,-0.3065,-0.1127,0.8973,0.3262,0.0147,1,2.25,0.383,0.368,0.003,SHIFT,0.7521,-0.1791,1.5706,0.1753,0.3228,-0.1164,0.6943,-0.3712,0.0168,0,0.00,0.009,0.036,0.004,SHIFT,-0.1260,-0.1894,1.5708,-0.0327,-0.3731,-0.1144,0.7049,0.3738,0.0150,1,0.00,0.001,0.033,0.001,SHIFT,0.0648,-0.1648,1.5708,-0.0167,0.3717,-0.1193,0.4051,-0.2086,0.0178,0,0.00,0.004,0.039,0.004,SHIFT,0.0208,-0.1681,1.5707,-0.3204,-0.2084,-0.1186,0.4097,0.2146,0.0145,1,5.14,0.254,0.855,0.007,SHIFT,-0.0564,-0.1426,1.5710,-0.3129,0.2145,-0.1236
7.434,880,placemove,0.7270,0.0022,0.1321,0.0054,0.0141,0.0085,0.0974,0.0110,0.0372,-0.1135,-0.0919,0.0437,1.000,0.000,0.0039,0.0143,0.0054,0.0141,0.0085,0.1173,0,0.9470,-0.3027,0.0148,1,0.00,0.013,0.087,0.012,SHIFT,-0.5739,-0.1996,1.5707,0.2191,-0.3076,-0.1123,0.8965,0.3274,0.0148,1,0.00,0.034,0.027,0.004,SHIFT,0.7576,-0.1784,1.5706,0.1739,0.3231,-0.1166,0.6936,-0.3695,0.0148,1,10.78,0.982,2.940,1.288,SHIFT,-0.1350,-0.1823,1.5708,-0.0349,-0.3719,-0.1158,0.7042,0.3742,0.0149,1,11.47,0.897,2.501,0.600,SHIFT,0.0699,-0.1637,1.5707,-0.0180,0.3715,-0.1195,0.4064,-0.2068,0.0156,0,0.00,0.038,0.087,0.007,SHIFT,0.0151,-0.1611,1.5708,-0.3204,-0.2067,-0.1200,0.4099,0.2145,0.0145,1,0.00,0.009,0.053,0.005,SHIFT,-0.0540,-0.1450,1.5707,-0.3135,0.2142,-0.1231
7.473,884,placemove,0.7288,0.0022,0.1326,0.0035,0.0148,0.0091,0.1058,-0.0271,0.0305,-0.0923,0.1429,0.0075,1.000,0.000,0.0040,0.0133,0.0035,0.0148,0.0091,0.1176,0,0.9474,-0.3039,0.0165,0,0.00,0.027,0.035,0.005,STANCE,-0.5813,-0.2024,1.5707,0.2175,-0.3087,-0.1118,0.8966,0.3278,0.0149,1,6.80,0.221,0.793,0.473,STANCE,0.7634,-0.1796,1.5707,0.1725,0.3236,-0.1163,0.6934,-0.3686,0.0147,1,1.63,0.290,0.312,0.052,STANCE,-0.1441,-0.1755,1.5707,-0.0371,-0.3708,-0.1171,0.7043,0.3740,0.0148,1,0.00,0.012,0.035,0.003,STANCE,0.0753,-0.1643,1.5704,-0.0193,0.3715,-0.1193,0.4084,-0.2054,0.0149,1,3.52,0.173,1.007,0.479,STANCE,0.0094,-0.1522,1.5707,-0.3203,-0.2049,-0.1217,0.4108,0.2137,0.0153,1,0.00,0.034,0.037,0.000,STANCE,-0.0516,-0.1483,1.5708,-0.3142,0.2139,-0.1225
7.522,888,placemove,0.7304,0.0016,0.1320,0.0022,0.0169,0.0100,0.0902,-0.0421,-0.0888,-0.2064,0.2501,0.0587,1.000,0.000,0.0034,0.0135,0.0022,0.0169,0.0100,0.1165,0,0.9475,-0.3053,0.0162,0,0.00,0.003,0.002,0.000,STANCE,-0.5879,-0.2027,1.5708,0.2160,-0.3095,-0.1117,0.8969,0.3286,0.0157,1,0.00,0.001,0.025,0.009,SWING,0.7680,-0.1943,1.5707,0.1718,0.3256,-0.1134,0.6930,-0.3691,0.0150,1,0.00,0.003,0.004,0.001,STANCE,-0.1519,-0.1767,1.5707,-0.0391,-0.3707,-0.1169,0.7042,0.3739,0.0154,0,0.00,0.001,0.011,0.000,STANCE,0.0797,-0.1709,1.5705,-0.0206,0.3722,-0.1180,0.4095,-0.2051,0.0151,1,0.00,0.003,0.005,0.000,STANCE,0.0045,-0.1513,1.5707,-0.3208,-0.2038,-0.1219,0.4110,0.2129,0.0170,0,0.00,0.001,0.008,0.001,STANCE,-0.0496,-0.1568,1.5708,-0.3153,0.2140,-0.1208
7.579,892,placemove,0.7318,0.0013,0.1312,0.0011,0.0186,0.0108,0.0664,-0.0011,0.0020,-0.0983,-0.0165,0.0510,1.000,0.000,0.0024,0.0151,0.0011,0.0186,0.0108,0.1164,0,0.9476,-0.3061,0.0147,1,5.30,0.446,0.703,0.275,STANCE,-0.5935,-0.2000,1.5708,0.2145,-0.3099,-0.1122,0.8991,0.3350,0.0270,0,0.00,0.009,0.143,0.002,SWING,0.7706,-0.2610,1.5707,0.1731,0.3326,-0.0998,0.6929,-0.3696,0.0149,1,0.00,0.000,0.040,0.000,STANCE,-0.1583,-0.1780,1.5707,-0.0408,-0.3706,-0.1166,0.7041,0.3737,0.0147,1,5.81,0.569,0.992,0.005,STANCE,0.0832,-0.1744,1.5705,-0.0215,0.3725,-0.1174,0.4105,-0.2050,0.0149,0,3.38,0.082,0.922,0.439,STANCE,0.0005,-0.1504,1.5707,-0.3212,-0.2029,-0.1221,0.4113,0.2120,0.0173,0,0.00,0.004,0.047,0.003,STANCE,-0.0480,-0.1606,1.5708,-0.3159,0.2139,-0.1201
7.644,896,placemove,0.7328,0.0013,0.1311,-0.0002,0.0183,0.0116,0.0520,-0.0037,-0.0089,-0.0614,-0.0220,0.0424,1.000,0.000,0.0013,0.0159,-0.0002,0.0183,0.0116,0.1164,0,0.9476,-0.3064,0.0147,1,4.81,0.229,0.599,0.295,STANCE,-0.5981,-0.1979,1.5708,0.2134,-0.3102,-0.1127,0.9015,0.3412,0.0405,0,0.00,0.007,0.138,0.000,SWING,0.7715,-0.3276,1.5707,0.1746,0.3386,-0.0857,0.6928,-0.3698,0.0156,0,0.00,0.011,0.037,0.002,STANCE,-0.1636,-0.1798,1.5707,-0.0422,-0.3706,-0.1163,0.7041,0.3737,0.0147,1,5.49,0.322,0.736,0.245,STANCE,0.0860,-0.1770,1.5707,-0.0222,0.3727,-0.1168,0.4113,-0.2046,0.0149,1,2.58,0.020,0.674,0.309,STANCE,-0.0028,-0.1500,1.5707,-0.3216,-0.2021,-0.1222,0.4120,0.2112,0.0168,0,0.00,0.002,0.038,0.003,STANCE,-0.0467,-0.1602,1.5708,-0.3161,0.2136,-0.1202
7.666,900,placemove,0.7335,0.0012,0.1309,-0.0009,0.0179,0.0122,0.0401,-0.0049,-0.0116,-0.0335,-0.0189,0.0319,1.000,0.000,0.0003,0.0162,-0.0009,0.0179,0.0122,0.1162,0,0.9477,-0.3069,0.0146,1,5.10,0.297,0.529,0.419,STANCE,-0.6019,-0.1973,1.5707,0.2124,-0.3106,-0.1128,0.9038,0.3463,0.0544,0,0.00,0.007,0.138,0.001,SWING,0.7713,-0.3943,1.5708,0.1761,0.3436,-0.0713,0.6927,-0.3698,0.0157,0,0.00,0.008,0.036,0.002,STANCE,-0.1678,-0.1792,1.5708,-0.0433,-0.3703,-0.1164,0.7041,0.3737,0.0146,1,5.40,0.354,0.715,0.253,STANCE,0.0881,-0.1793,1.5709,-0.0228,0.3729,-0.1164,0.4118,-0.2045,0.0149,1,2.48,0.013,0.636,0.289,STANCE,-0.0053,-0.1508,1.5708,-0.3220,-0.2016,-0.1220,0.4129,0.2104,0.0156,0,0.00,0.000,0.035,0.004,STANCE,-0.0456,-0.1563,1.5708,-0.3158,0.2131,-0.1209
7.707,904,placemove,0.7341,0.0015,0.1309,-0.0016,0.0194,0.0133,0.0302,0.0370,-0.0226,-0.0592,0.1730,0.0937,1.000,0.000,-0.0005,0.0163,-0.0016,0.0194,0.0133,0.1159,0,0.9477,-0.3069,0.0146,1,0.65,0.052,0.112,0.021,STANCE,-0.6049,-0.1979,1.5706,0.2118,-0.3110,-0.1127,0.9087,0.3500,0.0686,0,0.00,0.015,0.102,0.004,SWING,0.7560,-0.4609,1.5708,0.1814,0.3465,-0.0565,0.6927,-0.3692,0.0153,0,0.00,0.029,0.003,0.000,STANCE,-0.1712,-0.1758,1.5708,-0.0440,-0.3698,-0.1171,0.7037,0.3740,0.0148,1,0.00,0.022,0.011,0.001,STANCE,0.0898,-0.1815,1.5709,-0.0232,0.3731,-0.1159,0.4121,-0.2043,0.0156,1,0.00,0.031,0.015,0.001,STANCE,-0.0072,-0.1524,1.5708,-0.3224,-0.2013,-0.1217,0.4135,0.2097,0.0148,1,0.89,0.107,0.203,0.070,STANCE,-0.0446,-0.1516,1.5707,-0.3155,0.2126,-0.1218
7.734,908,placemove,0.7347,0.0019,0.1306,-0.0034,0.0223,0.0138,0.0500,-0.0099,-0.0043,-0.1211,0.1668,0.0106,1.000,0.000,-0.0014,0.0176,-0.0034,0.0223,0.0138,0.1158,0,0.9478,-0.3070,0.0149,1,0.00,0.016,0.031,0.006,STANCE,-0.6073,-0.2009,1.5706,0.2113,-0.3116,-0.1121,0.9222,0.3502,0.0819,0,0.00,0.016,0.139,0.006,SWING,0.7077,-0.5276,1.5708,0.1955,0.3454,-0.0415,0.6926,-0.3682,0.0149,1,5.12,0.231,1.395,0.633,STANCE,-0.1739,-0.1710,1.5707,-0.0446,-0.3691,-0.1180,0.7033,0.3747,0.0147,1,7.46,0.090,1.012,0.332,STANCE,0.0912,-0.1854,1.5709,-0.0237,0.3735,-0.1152,0.4120,-0.2041,0.0172,0,0.00,0.032,0.045,0.005,STANCE,-0.0086,-0.1554,1.5708,-0.3229,-0.2012,-0.1211,0.4137,0.2095,0.0148,1,0.00,0.028,0.044,0.000,STANCE,-0.0437,-0.1501,1.5707,-0.3155,0.2123,-0.1221
7.771,912,placemove,0.7356,0.0017,0.1305,-0.0049,0.0257,0.0139,0.0532,-0.0073,-0.0020,-0.0759,0.2012,0.0077,1.000,0.000,-0.0027,0.0197,-0.0049,0.0257,0.0139,0.1156,0,0.9480,-0.3078,0.0150,1,3.39,0.096,0.366,0.233,STANCE,-0.6093,-0.2027,1.5706,0.2109,-0.3120,-0.1117,0.9418,0.3457,0.0954,0,0.00,0.064,0.155,0.003,SWING,0.6411,-0.5943,1.5707,0.2142,0.3405,-0.0263,0.6926,-0.3682,0.0148,1,4.56,0.191,1.221,0.556,STANCE,-0.1760,-0.1672,1.5700,-0.0451,-0.3687,-0.1188,0.7034,0.3746,0.0147,1,6.42,0.059,1.631,0.660,STANCE,0.0927,-0.1875,1.5700,-0.0241,0.3739,-0.1147,0.4124,-0.2043,0.0186,0,0.00,0.019,0.017,0.000,STANCE,-0.0095,-0.1552,1.5708,-0.3230,-0.2009,-0.1211,0.4141,0.2087,0.0152,1,0.00,0.001,0.016,0.002,STANCE,-0.0425,-0.1488,1.5707,-0.3155,0.2119,-0.1224
7.801,916,placemove,0.7364,0.0017,0.1306,-0.0057,0.0281,0.0139,0.0391,0.0053,0.0118,-0.0416,0.1087,0.0009,1.000,0.000,-0.0039,0.0222,-0.0057,0.0281,0.0139,0.1159,0,0.9481,-0.3082,0.0150,1,1.36,0.097,0.144,0.082,STANCE,-0.6111,-0.2031,1.5706,0.2105,-0.3122,-0.1116,0.9616,0.3403,0.1104,0,0.00,0.088,0.141,0.024,SWING,0.5744,-0.6609,1.5567,0.2329,0.3349,-0.0097,0.6927,-0.3679,0.0147,1,5.30,0.016,1.458,0.677,STANCE,-0.1778,-0.1642,1.5699,-0.0455,-0.3682,-0.1194,0.7034,0.3746,0.0146,1,6.25,0.114,1.590,0.642,STANCE,0.0942,-0.1879,1.5694,-0.0245,0.3740,-0.1146,0.4131,-0.2041,0.0192,0,0.00,0.006,0.031,0.002,STANCE,-0.0102,-0.1525,1.5708,-0.3228,-0.2006,-0.1217,0.4146,0.2081,0.0155,0,0.00,0.001,0.033,0.003,STANCE,-0.0412,-0.1463,1.5707,-0.3154,0.2115,-0.1229
7.840,920,placemove,0.7369,0.0019,0.1310,-0.0062,0.0293,0.0138,0.0300,0.0116,0.0244,-0.0188,0.0529,-0.0022,1.000,0.000,-0.0048,0.0243,-0.0062,0.0293,0.0138,0.1163,0,0.9481,-0.3082,0.0149,1,1.12,0.080,0.287,0.149,STANCE,-0.6127,-0.2019,1.5705,0.2101,-0.3123,-0.1119,0.9820,0.3353,0.1267,0,0.00,0.092,0.075,0.045,SWING,0.5078,-0.7160,1.5191,0.2521,0.3291,0.0069,0.6928,-0.3674,0.0147,1,5.33,0.004,1.493,0.706,STANCE,-0.1794,-0.1610,1.5699,-0.0458,-0.3678,-0.1200,0.7035,0.3746,0.0146,1,6.13,0.025,1.696,0.799,STANCE,0.0958,-0.1865,1.5691,-0.0249,0.3738,-0.1149,0.4139,-0.2036,0.0190,0,0.00,0.004,0.031,0.003,STANCE,-0.0107,-0.1472,1.5708,-0.3223,-0.2002,-0.1227,0.4154,0.2076,0.0151,0,0.00,0.003,0.032,0.003,STANCE,-0.0397,-0.1407,1.5707,-0.3150,0.2108,-0.1240
7.872,924,placemove,0.7376,0.0019,0.1314,-0.0064,0.0313,0.0137,0.0324,0.0174,0.0139,-0.0245,0.1131,0.0010,1.000,0.000,-0.0054,0.0260,-0.0064,0.0313,0.0137,0.1166,0,0.9481,-0.3083,0.0149,1,6.42,0.093,1.100,0.020,STANCE,-0.6140,-0.2007,1.5703,0.2098,-0.3123,-0.1121,0.9747,0.3399,0.1202,0,0.00,0.056,0.063,0.015,SWING,0.5543,-0.6725,1.5223,0.2400,0.3357,-0.0037,0.6928,-0.3670,0.0148,1,0.00,0.020,0.030,0.002,STANCE,-0.1808,-0.1588,1.5701,-0.0461,-0.3674,-0.1204,0.7035,0.3743,0.0147,1,1.62,0.073,0.420,0.201,STANCE,0.0974,-0.1852,1.5695,-0.0253,0.3736,-0.1152,0.4150,-0.2032,0.0188,0,0.00,0.030,0.027,0.003,STANCE,-0.0110,-0.1402,1.5708,-0.3216,-0.1997,-0.1241,0.4163,0.2068,0.0149,1,3.78,0.189,1.071,0.502,STANCE,-0.0383,-0.1349,1.5707,-0.3146,0.2101,-0.1251
7.910,928,placemove,0.7381,0.0021,0.1316,-0.0068,0.0328,0.0135,0.0278,0.0127,0.0074,-0.0195,0.0719,-0.0113,1.000,0.000,-0.0057,0.0277,-0.0068,0.0328,0.0135,0.1167,0,0.9481,-0.3083,0.0148,1,5.85,0.026,1.167,0.194,STANCE,-0.6151,-0.2003,1.5700,0.2095,-0.3124,-0.1121,0.9604,0.3454,0.1079,0,0.00,0.026,0.007,0.007,SWING,0.6043,-0.6329,1.5328,0.2262,0.3410,-0.0140,0.6928,-0.3667,0.0151,1,0.00,0.012,0.024,0.001,STANCE,-0.1819,-0.1581,1.5703,-0.0464,-0.3673,-0.1206,0.7035,0.3743,0.0147,1,3.68,0.034,0.382,0.281,STANCE,0.0990,-0.1847,1.5698,-0.0257,0.3735,-0.1153,0.4160,-0.2024,0.0181,0,0.00,0.003,0.015,0.003,STANCE,-0.0112,-0.1326,1.5708,-0.3208,-0.1992,-0.1255,0.4168,0.2066,0.0149,1,3.16,0.137,0.895,0.426,STANCE,-0.0368,-0.1318,1.5706,-0.3145,0.2096,-0.1257
7.939,932,placemove,0.7385,0.0023,0.1317,-0.0070,0.0337,0.0133,0.0201,0.0102,0.0042,-0.0053,0.0310,-0.0128,1.000,0.000,-0.0061,0.0291,-0.0070,0.0337,0.0133,0.1170,0,0.9481,-0.3082,0.0147,1,5.82,0.248,1.289,0.344,STANCE,-0.6160,-0.2000,1.5698,0.2093,-0.3125,-0.1122,0.9507,0.3497,0.1192,0,0.00,0.012,0.138,0.007,SWING,0.6413,-0.6922,1.5410,0.2160,0.3450,-0.0009,0.6928,-0.3663,0.0151,0,0.00,0.005,0.034,0.002,STANCE,-0.1828,-0.1569,1.5704,-0.0466,-0.3671,-0.1208,0.7036,0.3744,0.0146,1,2.61,0.152,0.279,0.187,STANCE,0.1004,-0.1844,1.5700,-0.0260,0.3733,-0.1154,0.4171,-0.2016,0.0170,0,0.00,0.002,0.028,0.003,STANCE,-0.0113,-0.1246,1.5708,-0.3199,-0.1987,-0.1271,0.4171,0.2064,0.0148,1,4.05,0.128,1.160,0.557,STANCE,-0.0355,-0.1299,1.5705,-0.3145,0.2092,-0.1261
7.979,936,placemove,0.7389,0.0024,0.1318,-0.0076,0.0347,0.0131,0.0250,-0.0045,-0.0042,-0.0404,0.0789,-0.0136,1.000,0.000,-0.0064,0.0300,-0.0076,0.0347,0.0131,0.1170,0,0.9481,-0.3084,0.0147,1,0.68,0.041,0.057,0.048,STANCE,-0.6169,-0.1999,1.5698,0.2091,-0.3126,-0.1122,0.9436,0.3520,0.1341,0,0.00,0.006,0.132,0.006,SWING,0.6685,-0.7588,1.5474,0.2082,0.3470,0.0140,0.6928,-0.3659,0.0149,1,4.51,0.088,1.235,0.564,STANCE,-0.1837,-0.1541,1.5703,-0.0468,-0.3667,-0.1214,0.7036,0.3744,0.0146,1,5.64,0.130,1.170,0.247,STANCE,0.1017,-0.1845,1.5697,-0.0264,0.3734,-0.1153,0.4182,-0.2010,0.0158,0,0.00,0.008,0.025,0.004,STANCE,-0.0114,-0.1159,1.5708,-0.3189,-0.1981,-0.1288,0.4174,0.2061,0.0149,1,0.00,0.013,0.029,0.001,STANCE,-0.0343,-0.1292,1.5705,-0.3146,0.2089,-0.1262
8.020,940,placemove,0.7393,0.0023,0.1318,-0.0085,0.0371,0.0128,0.0353,0.0026,0.0037,-0.0758,0.2115,-0.0200,1.000,0.000,-0.0068,0.0311,-0.0085,0.0371,0.0128,0.1169,0,0.9481,-0.3087,0.0147,1,3.84,0.480,0.548,0.145,STANCE,-0.6175,-0.2009,1.5700,0.2089,-0.3128,-0.1120,0.9390,0.3522,0.1484,0,0.00,0.009,0.134,0.000,SWING,0.6849,-0.8255,1.5525,0.2031,0.3469,0.0289,0.6928,-0.3659,0.0151,1,0.00,0.005,0.031,0.000,STANCE,-0.1844,-0.1531,1.5702,-0.0469,-0.3666,-0.1215,0.7035,0.3744,0.0146,1,4.87,0.803,0.939,0.113,STANCE,0.1029,-0.1856,1.5697,-0.0267,0.3735,-0.1151,0.4193,-0.2005,0.0149,1,3.48,0.174,0.998,0.470,STANCE,-0.0115,-0.1073,1.5708,-0.3180,-0.1975,-0.1304,0.4174,0.2058,0.0155,0,0.00,0.026,0.032,0.000,STANCE,-0.0332,-0.1299,1.5706,-0.3148,0.2087,-0.1261
8.060,944,placemove,0.7398,0.0024,0.1309,-0.0094,0.0400,0.0127,0.0231,-0.0012,-0.0569,-0.0526,0.1486,-0.0224,1.000,0.000,-0.0075,0.0331,-0.0094,0.0400,0.0127,0.1161,0,0.9483,-0.3094,0.0148,1,4.53,0.143,0.450,0.385,STANCE,-0.6181,-0.2071,1.5702,0.2091,-0.3134,-0.1108,0.9417,0.3489,0.1616,0,0.00,0.002,0.139,0.000,SWING,0.6710,-0.8922,1.5564,0.2058,0.3428,0.0438,0.6927,-0.3664,0.0156,0,0.00,0.006,0.041,0.002,STANCE,-0.1849,-0.1574,1.5703,-0.0472,-0.3670,-0.1207,0.7034,0.3749,0.0147,1,5.73,0.420,0.676,0.382,STANCE,0.1039,-0.1917,1.5699,-0.0270,0.3741,-0.1139,0.4196,-0.2004,0.0150,1,3.13,0.189,0.668,0.183,STANCE,-0.0115,-0.1062,1.5707,-0.3179,-0.1975,-0.1306,0.4174,0.2055,0.0155,0,0.00,0.001,0.035,0.001,STANCE,-0.0320,-0.1292,1.5706,-0.3149,0.2084,-0.1262
8.092,948,placemove,0.7401,0.0025,0.1301,-0.0101,0.0425,0.0125,0.0216,0.0339,-0.0374,-0.0654,0.2139,0.0033,1.000,0.000,-0.0082,0.0353,-0.0101,0.0425,0.0125,0.1152,0,0.9485,-0.3099,0.0147,1,6.30,0.059,0.706,0.470,STANCE,-0.6187,-0.2121,1.5703,0.2092,-0.3140,-0.1098,0.9535,0.3410,0.1744,0,0.00,0.005,0.096,0.008,SWING,0.6221,-0.9588,1.5595,0.2172,0.3340,0.0584,0.6925,-0.3665,0.0155,0,0.00,0.003,0.056,0.003,STANCE,-0.1856,-0.1588,1.5704,-0.0474,-0.3672,-0.1204,0.7032,0.3754,0.0147,1,0.44,0.044,0.041,0.023,STANCE,0.1050,-0.1966,1.5701,-0.0274,0.3746,-0.1129,0.4196,-0.2003,0.0151,1,0.00,0.006,0.057,0.003,STANCE,-0.0115,-0.1067,1.5707,-0.3179,-0.1975,-0.1305,0.4176,0.2053,0.0149,1,5.40,0.073,0.697,0.277,STANCE,-0.0309,-0.1270,1.5706,-0.3148,0.2080,-0.1266
8.164,952,placemove,0.7406,0.0029,0.1290,-0.0115,0.0452,0.0125,0.0392,0.0012,-0.0530,-0.1384,0.1970,-0.0049,1.000,0.000,-0.0089,0.0375,-0.0115,0.0452,0.0125,0.1140,0,0.9489,-0.3105,0.0151,1,0.00,0.000,0.035,0.001,STANCE,-0.6194,-0.2207,1.5704,0.2094,-0.3149,-0.1080,0.9701,0.3315,0.1813,0,0.00,0.106,0.060,0.006,SWING,0.5559,-0.9954,1.5552,0.2332,0.3239,0.0672,0.6924,-0.3662,0.0149,1,6.62,0.020,0.806,0.408,STANCE,-0.1865,-0.1581,1.5705,-0.0476,-0.3670,-0.1206,0.7030,0.3766,0.0149,1,6.89,0.035,0.769,0.514,STANCE,0.1059,-0.2053,1.5703,-0.0277,0.3755,-0.1112,0.4191,-0.2004,0.0162,0,0.00,0.006,0.052,0.002,STANCE,-0.0116,-0.1124,1.5707,-0.3186,-0.1978,-0.1294,0.4173,0.2054,0.0149,1,0.00,0.004,0.053,0.002,STANCE,-0.0298,-0.1303,1.5706,-0.3153,0.2080,-0.1260
8.205,956,placemove,0.7414,0.0028,0.1280,-0.0133,0.0492,0.0124,0.0489,-0.0024,-0.0792,-0.0902,0.2567,-0.0034,1.000,0.000,-0.0102,0.0402,-0.0133,0.0492,0.0124,0.1132,0,0.9493,-0.3114,0.0153,0,0.00,0.000,0.006,0.002,STANCE,-0.6201,-0.2262,1.5705,0.2094,-0.3155,-0.1069,0.9890,0.3246,0.1841,0,0.00,0.109,0.018,0.059,SWING,0.4892,-0.9985,1.5158,0.2510,0.3169,0.0729,0.6925,-0.3662,0.0148,1,2.90,0.050,0.323,0.224,STANCE,-0.1874,-0.1580,1.5707,-0.0478,-0.3669,-0.1206,0.7031,0.3770,0.0148,1,3.29,0.035,0.362,0.242,STANCE,0.1069,-0.2120,1.5704,-0.0280,0.3762,-0.1098,0.4191,-0.2008,0.0175,0,0.00,0.001,0.024,0.001,STANCE,-0.0117,-0.1147,1.5707,-0.3188,-0.1980,-0.1290,0.4172,0.2052,0.0156,0,0.00,0.003,0.034,0.002,STANCE,-0.0288,-0.1338,1.5707,-0.3158,0.2080,-0.1253
8.245,960,placemove,0.7417,0.0027,0.1273,-0.0146,0.0495,0.0124,0.0103,-0.0073,-0.0254,-0.0564,-0.0552,0.0007,1.000,0.000,-0.0115,0.0429,-0.0146,0.0495,0.0124,0.1125,0,0.9495,-0.3119,0.0149,1,3.44,0.235,0.394,0.239,STANCE,-0.6212,-0.2268,1.5706,0.2092,-0.3157,-0.1068,1.0070,0.3176,0.1862,0,0.00,0.031,0.035,0.060,SWING,0.4262,-0.9937,1.4766,0.2678,0.3095,0.0770,0.6926,-0.3666,0.0148,1,3.91,0.303,0.463,0.229,STANCE,-0.1884,-0.1593,1.5708,-0.0481,-0.3670,-0.1203,0.7031,0.3774,0.0147,1,6.70,0.062,0.774,0.478,STANCE,0.1079,-0.2175,1.5705,-0.0284,0.3768,-0.1087,0.4196,-0.2010,0.0170,0,0.00,0.004,0.038,0.003,STANCE,-0.0118,-0.1134,1.5708,-0.3187,-0.1979,-0.1292,0.4171,0.2048,0.0152,0,0.00,0.003,0.042,0.003,STANCE,-0.0275,-0.1354,1.5707,-0.3161,0.2078,-0.1250
8.271,964,placemove,0.7421,0.0029,0.1274,-0.0156,0.0506,0.0124,0.0307,0.0080,0.0133,-0.0728,0.0908,0.0054,1.000,0.000,-0.0127,0.0441,-0.0156,0.0506,0.0124,0.1125,0,0.9495,-0.3119,0.0148,1,5.97,0.200,1.473,0.553,STANCE,-0.6223,-0.2252,1.5701,0.2089,-0.3157,-0.1071,1.0206,0.3108,0.1851,0,0.00,0.026,0.028,0.028,SWING,0.3766,-0.9812,1.4610,0.2805,0.3025,0.0762,0.6927,-0.3665,0.0152,1,0.00,0.003,0.037,0.003,STANCE,-0.1894,-0.1587,1.5708,-0.0483,-0.3669,-0.1205,0.7031,0.3776,0.0147,1,3.15,0.289,0.384,0.167,STANCE,0.1090,-0.2190,1.5706,-0.0287,0.3769,-0.1084,0.4204,-0.2006,0.0165,0,0.00,0.006,0.034,0.004,STANCE,-0.0119,-0.1080,1.5708,-0.3181,-0.1975,-0.1303,0.4174,0.2044,0.0148,1,3.80,0.348,1.038,0.466,STANCE,-0.0263,-0.1330,1.5706,-0.3160,0.2074,-0.1255
8.322,968,placemove,0.7426,0.0030,0.1278,-0.0165,0.0517,0.0124,0.0271,0.0062,0.0320,-0.0409,0.0498,0.0032,1.000,0.000,-0.0137,0.0453,-0.0165,0.0517,0.0124,0.1131,0,0.9495,-0.3118,0.0147,1,6.08,0.205,1.740,0.869,STANCE,-0.6234,-0.2224,1.5698,0.2085,-0.3156,-0.1077,1.0309,0.3050,0.1786,0,0.00,0.017,0.019,0.006,SWING,0.3382,-0.9557,1.4650,0.2901,0.2966,0.0698,0.6928,-0.3662,0.0155,0,0.00,0.003,0.035,0.003,STANCE,-0.1904,-0.1561,1.5708,-0.0485,-0.3666,-0.1210,0.7031,0.3775,0.0147,1,2.79,0.265,0.697,0.313,STANCE,0.1100,-0.2183,1.5705,-0.0289,0.3768,-0.1085,0.4215,-0.2002,0.0159,0,0.00,0.001,0.031,0.003,STANCE,-0.0120,-0.1000,1.5708,-0.3172,-0.1969,-0.1318,0.4179,0.2039,0.0148,1,3.93,0.294,1.101,0.510,STANCE,-0.0250,-0.1297,1.5704,-0.3159,0.2069,-0.1261
8.343,972,placemove,0.7430,0.0031,0.1285,-0.0170,0.0525,0.0124,0.0263,0.0069,0.0553,-0.0774,0.1557,0.0053,1.000,0.000,-0.0145,0.0462,-0.0170,0.0525,0.0124,0.1138,0,0.9494,-0.3115,0.0146,1,5.48,0.421,1.532,0.724,SHIFT,-0.6245,-0.2185,1.5700,0.2081,-0.3153,-0.1085,1.0385,0.3002,0.1695,0,0.00,0.032,0.068,0.022,SWING,0.3085,-0.9224,1.4764,0.2975,0.2918,0.0606,0.6930,-0.3654,0.0152,0,0.00,0.006,0.102,0.012,SHIFT,-0.1914,-0.1497,1.5708,-0.0486,-0.3657,-0.1222,0.7032,0.3772,0.0147,1,7.18,0.504,1.970,0.892,SHIFT,0.1110,-0.2155,1.5705,-0.0291,0.3765,-0.1091,0.4229,-0.1995,0.0149,0,6.61,0.268,1.796,0.887,SHIFT,-0.0121,-0.0896,1.5708,-0.3160,-0.1963,-0.1337,0.4185,0.2034,0.0147,1,0.00,0.016,0.106,0.009,SHIFT,-0.0238,-0.1255,1.5704,-0.3156,0.2064,-0.1269
8.417,976,placemove,0.7430,0.0031,0.1295,-0.0176,0.0523,0.0136,-0.0417,-0.0071,0.0776,-0.0255,-0.1567,0.0912,1.000,0.000,-0.0152,0.0481,-0.0176,0.0523,0.0136,0.0895,0,0.9493,-0.3115,0.0156,1,0.00,0.064,0.022,0.002,SHIFT,-0.6265,-0.2186,1.5702,0.2076,-0.3155,-0.1085,1.0469,0.3009,0.1636,1,0.00,0.054,1.061,0.151,SHIFT,0.2884,-0.8685,1.4255,0.3067,0.2930,0.0543,0.6930,-0.3646,0.0149,1,1.76,0.273,0.433,0.172,SHIFT,-0.1935,-0.1422,1.5708,-0.0489,-0.3647,-0.1237,0.7024,0.3771,0.0155,1,0.00,0.035,0.016,0.001,SHIFT,0.1130,-0.2164,1.5706,-0.0297,0.3765,-0.1089,0.4238,-0.1994,0.0149,1,3.47,0.549,0.705,0.152,SHIFT,-0.0127,-0.0843,1.5708,-0.3155,-0.1958,-0.1347,0.4182,0.2026,0.0156,1,0.00,0.038,0.038,0.003,SHIFT,-0.0222,-0.1258,1.5705,-0.3158,0.2061,-0.1269
8.486,980,placemove,0.7418,0.0031,0.1315,-0.0091,0.0419,0.0169,-0.0688,0.0107,0.1753,1.0483,-0.9491,0.2583,1.000,0.000,-0.0148,0.0541,-0.0091,0.0419,0.0169,0.0679,0,0.9492,-0.3107,0.0176,0,0.00,0.046,0.029,0.003,SHIFT,-0.6302,-0.2201,1.5703,0.2068,-0.3160,-0.1082,1.0517,0.3026,0.1607,1,10.43,0.564,2.940,0.726,SHIFT,0.2740,-0.8117,1.3889,0.3138,0.2941,0.0451,0.6930,-0.3645,0.0152,1,0.00,0.043,0.040,0.009,SHIFT,-0.1969,-0.1520,1.5708,-0.0500,-0.3658,-0.1218,0.7004,0.3780,0.0201,0,0.00,0.025,0.132,0.012,SHIFT,0.1168,-0.2199,1.5706,-0.0307,0.3767,-0.1082,0.4229,-0.1998,0.0147,1,15.47,0.311,1.530,1.310,SHIFT,-0.0141,-0.0988,1.5708,-0.3173,-0.1964,-0.1320,0.4168,0.2022,0.0167,0,0.00,0.022,0.111,0.006,SHIFT,-0.0195,-0.1302,1.5705,-0.3166,0.2058,-0.1260
8.527,984,placemove,0.7410,0.0032,0.1350,0.0088,0.0263,0.0219,-0.0510,-0.0051,0.2275,0.9360,-1.0300,0.1575,1.000,0.000,-0.0073,0.0633,0.0088,0.0263,0.0219,0.0472,0,0.9502,-0.3077,0.0177,0,0.00,0.102,0.155,0.020,SHIFT,-0.6350,-0.2160,1.5704,0.2054,-0.3161,-0.1090,1.0541,0.3052,0.1609,1,11.35,0.374,2.940,0.723,SHIFT,0.2649,-0.7454,1.3634,0.3191,0.2955,0.0318,0.6943,-0.3644,0.0149,0,6.41,0.849,1.383,0.386,SHIFT,-0.2013,-0.1695,1.5708,-0.0515,-0.3676,-0.1183,0.6979,0.3800,0.0304,0,0.00,0.026,0.052,0.003,SHIFT,0.1227,-0.2231,1.5707,-0.0323,0.3769,-0.1076,0.4217,-0.2002,0.0147,1,4.97,0.239,0.639,0.348,SHIFT,-0.0163,-0.1247,1.5708,-0.3205,-0.1976,-0.1271,0.4158,0.2026,0.0199,0,0.00,0.027,0.079,0.017,SHIFT,-0.0161,-0.1357,1.5706,-0.3176,0.2054,-0.1249
8.557,988,placemove,0.7404,0.0028,0.1395,0.0230,0.0067,0.0245,-0.0166,-0.0394,0.2953,0.8699,-1.1968,0.1083,1.000,0.000,0.0042,0.0767,0.0230,0.0067,0.0245,0.0759,0,0.9506,-0.3051,0.0190,0,0.00,0.009,0.029,0.007,SHIFT,-0.6409,-0.2027,1.5705,0.2034,-0.3154,-0.1117,1.0553,0.3069,0.1612,1,6.35,0.377,1.803,0.424,SHIFT,0.2612,-0.6789,1.3461,0.3222,0.2969,0.0171,0.6952,-0.3640,0.0148,1,0.70,0.114,0.113,0.043,SHIFT,-0.2073,-0.1786,1.5708,-0.0533,-0.3683,-0.1165,0.6961,0.3812,0.0405,0,0.00,0.013,0.052,0.001,SHIFT,0.1310,-0.2280,1.5707,-0.0345,0.3771,-0.1066,0.4210,-0.2004,0.0146,1,8.82,0.460,1.004,0.596,SHIFT,-0.0196,-0.1480,1.5709,-0.3235,-0.1982,-0.1226,0.4155,0.2028,0.0228,0,0.00,0.001,0.058,0.001,SHIFT,-0.0121,-0.1446,1.5706,-0.3191,0.2051,-0.1232
8.598,992,placemove,0.7403,0.0017,0.1448,0.0362,-0.0143,0.0250,-0.0017,-0.0821,0.3365,0.8028,-1.2475,-0.0067,1.000,0.000,0.0164,0.0879,0.0362,-0.0143,0.0250,0.0811,0,0.9507,-0.3028,0.0204,0,0.00,0.002,0.013,0.003,SHIFT,-0.6474,-0.1820,1.5705,0.2009,-0.3138,-0.1158,1.0558,0.3077,0.1616,1,7.52,0.245,2.121,1.491,SHIFT,0.2620,-0.6124,1.3347,0.3232,0.2983,0.0014,0.6961,-0.3634,0.0148,1,1.39,0.181,0.291,0.096,SHIFT,-0.2143,-0.1816,1.5708,-0.0551,-0.3683,-0.1159,0.6949,0.3817,0.0514,0,0.00,0.002,0.057,0.003,SHIFT,0.1414,-0.2349,1.5707,-0.0374,0.3775,-0.1052,0.4210,-0.2004,0.0145,1,6.22,0.398,1.748,0.819,SHIFT,-0.0237,-0.1683,1.5706,-0.3261,-0.1985,-0.1186,0.4159,0.2027,0.0263,0,0.00,0.003,0.067,0.002,SHIFT,-0.0075,-0.1564,1.5707,-0.3209,0.2048,-0.1209
8.619,996,placemove,0.7404,0.0003,0.1508,0.0487,-0.0357,0.0240,0.0090,-0.0921,0.3800,0.7801,-1.2548,-0.0577,1.000,0.000,0.0285,0.0951,0.0487,-0.0357,0.0240,0.0871,0,0.9506,-0.3005,0.0218,0,0.00,0.012,0.009,0.004,SHIFT,-0.6540,-0.1561,1.5706,0.1982,-0.3117,-0.1210,1.0554,0.3077,0.1619,1,7.39,0.305,2.137,1.464,SHIFT,0.2663,-0.5458,1.3285,0.3224,0.2994,-0.0149,0.6969,-0.3626,0.0148,1,1.29,0.157,0.287,0.102,SHIFT,-0.2217,-0.1797,1.5708,-0.0569,-0.3677,-0.1163,0.6939,0.3817,0.0630,0,0.00,0.005,0.058,0.003,SHIFT,0.1530,-0.2433,1.5707,-0.0405,0.3779,-0.1034,0.4213,-0.2002,0.0144,1,6.19,0.460,1.731,0.791,SHIFT,-0.0280,-0.1850,1.5702,-0.3284,-0.1985,-0.1152,0.4165,0.2026,0.0305,0,0.00,0.002,0.065,0.002,SHIFT,-0.0026,-0.1691,1.5707,-0.3229,0.2045,-0.1184
8.671,1000,placemove,0.7406,-0.0014,0.1574,0.0607,-0.0562,0.0221,0.0134,-0.1000,0.3898,0.7093,-1.1442,-0.0807,1.000,0.000,0.0402,0.0982,0.0607,-0.0562,0.0221,0.0937,0,0.9505,-0.2979,0.0234,0,0.00,0.005,0.018,0.005,SHIFT,-0.6602,-0.1275,1.5706,0.1954,-0.3090,-0.1265,1.0543,0.3070,0.1621,1,0.00,0.002,0.209,0.028,SHIFT,0.2728,-0.4797,1.3276,0.3199,0.2998,-0.0317,0.6978,-0.3613,0.0148,1,0.35,0.033,0.052,0.023,SHIFT,-0.2291,-0.1739,1.5708,-0.0587,-0.3666,-0.1175,0.6929,0.3815,0.0752,0,0.00,0.017,0.013,0.005,SHIFT,0.1651,-0.2525,1.5708,-0.0439,0.3783,-0.1015,0.4221,-0.1995,0.0144,1,1.25,0.083,0.289,0.153,SHIFT,-0.0324,-0.1972,1.5701,-0.3302,-0.1982,-0.1128,0.4176,0.2023,0.0352,0,0.00,0.014,0.043,0.003,SHIFT,0.0022,-0.1807,1.5707,-0.3247,0.2041,-0.1161
8.693,1004,placemove,0.7409,-0.0031,0.1644,0.0728,-0.0756,0.0199,0.0195,-0.1055,0.4544,0.8148,-1.1527,-0.0744,1.000,0.000,0.0513,0.0979,0.0728,-0.0756,0.0199,0.1007,0,0.9504,-0.2949,0.0250,0,0.00,0.022,0.010,0.002,SHIFT,-0.6659,-0.0977,1.5707,0.1926,-0.3059,-0.1322,1.0523,0.3055,0.1619,1,9.53,0.379,2.859,1.876,SHIFT,0.2806,-0.4156,1.3313,0.3161,0.2994,-0.0483,0.6988,-0.3597,0.0148,1,1.70,0.178,0.417,0.142,SHIFT,-0.2363,-0.1649,1.5708,-0.0602,-0.3651,-0.1192,0.6918,0.3810,0.0876,0,0.00,0.000,0.087,0.007,SHIFT,0.1770,-0.2619,1.5708,-0.0472,0.3787,-0.0996,0.4235,-0.1985,0.0144,1,7.63,0.530,2.163,0.954,SHIFT,-0.0369,-0.2046,1.5701,-0.3315,-0.1975,-0.1113,0.4188,0.2020,0.0402,0,0.00,0.006,0.069,0.002,SHIFT,0.0066,-0.1899,1.5707,-0.3262,0.2036,-0.1143
8.728,1008,placemove,0.7413,-0.0049,0.1719,0.0854,-0.0935,0.0177,0.0201,-0.1102,0.4454,0.7477,-1.0025,-0.0678,1.000,0.000,0.0626,0.0949,0.0854,-0.0935,0.0177,0.1083,0,0.9507,-0.2914,0.0270,0,0.00,0.025,0.016,0.002,SHIFT,-0.6709,-0.0677,1.5707,0.1900,-0.3026,-0.1378,1.0496,0.3032,0.1617,1,10.14,0.378,2.940,1.946,SHIFT,0.2889,-0.3510,1.3386,0.3111,0.2978,-0.0650,0.7002,-0.3576,0.0148,1,2.05,0.192,0.524,0.173,SHIFT,-0.2432,-0.1534,1.5708,-0.0616,-0.3633,-0.1215,0.6905,0.3804,0.1009,0,0.00,0.010,0.088,0.008,SHIFT,0.1883,-0.2712,1.5708,-0.0503,0.3790,-0.0976,0.4253,-0.1971,0.0144,1,7.15,0.495,2.050,0.882,SHIFT,-0.0414,-0.2073,1.5702,-0.3323,-0.1966,-0.1108,0.4204,0.2015,0.0458,0,0.00,0.017,0.053,0.001,SHIFT,0.0104,-0.1961,1.5707,-0.3273,0.2031,-0.1130
8.749,1012,placemove,0.7416,-0.0068,0.1785,0.0948,-0.1074,0.0155,0.0163,-0.1139,0.3529,0.4762,-0.7330,-0.0817,1.000,0.000,0.0734,0.0907,0.0948,-0.1074,0.0155,0.1147,0,0.9507,-0.2882,0.0285,0,0.00,0.009,0.004,0.004,SHIFT,-0.6752,-0.0380,1.5707,0.1874,-0.2991,-0.1432,1.0466,0.3004,0.1619,1,4.98,0.160,1.498,0.955,SHIFT,0.2972,-0.3014,1.3489,0.3059,0.2960,-0.0780,0.7013,-0.3556,0.0148,1,1.48,0.104,0.380,0.129,SHIFT,-0.2498,-0.1397,1.5708,-0.0628,-0.3613,-0.1242,0.6892,0.3793,0.1124,0,0.00,0.003,0.036,0.002,SHIFT,0.1988,-0.2801,1.5708,-0.0532,0.3793,-0.0958,0.4273,-0.1958,0.0144,1,3.55,0.224,1.004,0.430,SHIFT,-0.0462,-0.2055,1.5702,-0.3327,-0.1954,-0.1111,0.4220,0.2008,0.0506,0,0.00,0.008,0.030,0.001,SHIFT,0.0133,-0.1990,1.5707,-0.3279,0.2026,-0.1124
8.788,1016,placemove,0.7418,-0.0087,0.1835,0.1010,-0.1169,0.0137,0.0121,-0.1166,0.2565,0.3786,-0.3892,-0.0272,1.000,0.000,0.0821,0.0869,0.1010,-0.1169,0.0137,0.1196,0,0.9502,-0.2853,0.0289,0,0.00,0.004,0.025,0.004,STANCE,-0.6790,-0.0093,1.5707,0.1851,-0.2955,-0.1484,1.0438,0.2975,0.1621,1,0.00,0.009,0.067,0.020,STANCE,0.3051,-0.2673,1.3609,0.3012,0.2944,-0.0870,0.7019,-0.3542,0.0150,1,0.00,0.002,0.011,0.004,SWING,-0.2556,-0.1285,1.5708,-0.0639,-0.3596,-0.1263,0.6877,0.3779,0.1210,0,0.00,0.012,0.004,0.003,STANCE,0.2080,-0.2881,1.5708,-0.0559,0.3796,-0.0941,0.4289,-0.1948,0.0145,1,0.91,0.048,0.221,0.102,STANCE,-0.0510,-0.2006,1.5702,-0.3328,-0.1940,-0.1121,0.4235,0.1996,0.0539,0,0.00,0.011,0.031,0.005,STANCE,0.0152,-0.1991,1.5707,-0.3282,0.2021,-0.1124
8.825,1020,placemove,0.7420,-0.0107,0.1870,0.1099,-0.1203,0.0133,0.0134,-0.1195,0.1666,0.7412,-0.1006,0.0904,1.000,0.000,0.0893,0.0826,0.1099,-0.1203,0.0133,0.0985,0,0.9496,-0.2817,0.0266,0,0.00,0.001,0.016,0.004,STANCE,-0.6811,0.0185,1.5707,0.1831,-0.2918,-0.1532,1.0408,0.2951,0.1624,1,0.00,0.012,0.058,0.017,STANCE,0.3115,-0.2435,1.3712,0.2974,0.2931,-0.0933,0.7016,-0.3565,0.0180,0,0.00,0.001,0.034,0.008,SWING,-0.2574,-0.1496,1.5708,-0.0650,-0.3620,-0.1222,0.6858,0.3764,0.1287,0,0.00,0.015,0.011,0.004,STANCE,0.2151,-0.2939,1.5708,-0.0578,0.3797,-0.0929,0.4300,-0.1941,0.0145,1,0.81,0.078,0.183,0.071,STANCE,-0.0552,-0.1956,1.5702,-0.3328,-0.1928,-0.1131,0.4243,0.1983,0.0576,0,0.00,0.016,0.020,0.004,STANCE,0.0159,-0.1962,1.5707,-0.3280,0.2018,-0.1130
8.866,1024,placemove,0.7423,-0.0128,0.1889,0.1215,-0.1187,0.0143,0.0206,-0.1336,0.0888,0.7041,0.2071,0.1652,1.000,0.000,0.0978,0.0794,0.1215,-0.1187,0.0143,0.1002,0,0.9490,-0.2771,0.0210,0,0.00,0.011,0.011,0.002,STANCE,-0.6816,0.0454,1.5708,0.1815,-0.2880,-0.1578,1.0379,0.2934,0.1627,1,4.89,0.436,1.442,0.868,STANCE,0.3167,-0.2281,1.3803,0.2944,0.2921,-0.0975,0.7004,-0.3661,0.0280,0,0.00,0.015,0.118,0.002,SWING,-0.2518,-0.2162,1.5708,-0.0655,-0.3698,-0.1090,0.6835,0.3748,0.1360,0,0.00,0.010,0.045,0.003,STANCE,0.2202,-0.2982,1.5708,-0.0593,0.3798,-0.0920,0.4302,-0.1940,0.0145,1,4.89,0.396,1.328,0.509,STANCE,-0.0586,-0.1936,1.5702,-0.3330,-0.1919,-0.1135,0.4247,0.1969,0.0614,0,0.00,0.004,0.044,0.004,STANCE,0.0154,-0.1908,1.5707,-0.3274,0.2017,-0.1141
8.888,1028,placemove,0.7427,-0.0151,0.1901,0.1302,-0.1161,0.0151,0.0239,-0.1362,0.1068,-0.1827,-0.3801,-0.1733,1.000,0.000,0.1073,0.0826,0.1302,-0.1161,0.0151,0.1014,0,0.9484,-0.2729,0.0148,0,10.12,0.483,2.940,1.039,STANCE,-0.6815,0.0709,1.5708,0.1801,-0.2841,-0.1620,1.0354,0.2918,0.1628,1,8.48,0.716,2.425,1.455,STANCE,0.3216,-0.2184,1.3882,0.2920,0.2915,-0.1002,0.7004,-0.3759,0.0383,0,0.00,0.064,0.335,0.020,SWING,-0.2425,-0.2829,1.5708,-0.0648,-0.3770,-0.0952,0.6814,0.3728,0.1422,0,0.00,0.116,0.131,0.024,STANCE,0.2244,-0.3026,1.5708,-0.0605,0.3799,-0.0910,0.4304,-0.1943,0.0145,1,10.46,1.658,2.009,0.267,STANCE,-0.0619,-0.1905,1.5700,-0.3331,-0.1910,-0.1141,0.4248,0.1952,0.0651,0,0.00,0.135,0.199,0.035,STANCE,0.0142,-0.1861,1.5707,-0.3268,0.2017,-0.1150
8.927,1032,placemove,0.7430,-0.0170,0.1916,0.1262,-0.1218,0.0113,0.0085,-0.0952,0.0859,-0.2182,-0.2873,-0.2392,1.000,0.000,0.1126,0.0814,0.1262,-0.1218,0.0113,0.1276,0,0.9477,-0.2718,0.0147,1,2.26,0.209,0.569,0.171,STANCE,-0.6809,0.0966,1.5708,0.1787,-0.2801,-0.1662,1.0353,0.2884,0.1629,1,4.14,0.465,1.191,0.684,STANCE,0.3261,-0.2129,1.3954,0.2900,0.2912,-0.1018,0.7000,-0.3865,0.0543,0,0.00,0.016,0.126,0.005,SWING,-0.2313,-0.3496,1.5708,-0.0632,-0.3834,-0.0810,0.6825,0.3709,0.1427,0,0.00,0.024,0.042,0.007,STANCE,0.2281,-0.3063,1.5708,-0.0615,0.3800,-0.0902,0.4310,-0.1946,0.0144,1,4.64,0.490,1.185,0.433,STANCE,-0.0651,-0.1874,1.5701,-0.3331,-0.1901,-0.1147,0.4274,0.1942,0.0633,0,0.00,0.008,0.041,0.006,STANCE,0.0129,-0.1819,1.5707,-0.3262,0.2017,-0.1159
8.948,1036,placemove,0.7429,-0.0183,0.1928,0.1225,-0.1247,0.0088,-0.0155,-0.0655,0.0671,-0.1786,-0.1092,-0.1143,1.000,0.000,0.1129,0.0720,0.1225,-0.1247,0.0088,0.1288,0,0.9468,-0.2709,0.0147,1,2.30,0.211,0.564,0.166,STANCE,-0.6794,0.1158,1.5708,0.1778,-0.2770,-0.1692,1.0350,0.2858,0.1630,1,5.33,0.301,1.568,0.949,STANCE,0.3290,-0.2115,1.4021,0.2887,0.2909,-0.1026,0.7025,-0.3962,0.0709,0,0.00,0.015,0.128,0.005,SWING,-0.2067,-0.4163,1.5708,-0.0576,-0.3897,-0.0664,0.6832,0.3695,0.1424,0,0.00,0.012,0.050,0.009,STANCE,0.2301,-0.3065,1.5708,-0.0621,0.3799,-0.0902,0.4313,-0.1947,0.0144,1,5.57,0.425,1.537,0.618,STANCE,-0.0678,-0.1820,1.5701,-0.3329,-0.1892,-0.1158,0.4297,0.1936,0.0613,0,0.00,0.003,0.044,0.007,STANCE,0.0108,-0.1734,1.5707,-0.3250,0.2017,-0.1176
8.987,1040,placemove,0.7425,-0.0192,0.1938,0.1197,-0.1247,0.0081,-0.0307,-0.0485,0.0401,-0.1991,0.0683,-0.0300,1.000,0.000,0.1113,0.0607,0.1197,-0.1247,0.0081,0.1297,0,0.9460,-0.2701,0.0147,1,1.53,0.191,0.303,0.072,STANCE,-0.6770,0.1279,1.5708,0.1776,-0.2749,-0.1711,1.0343,0.2841,0.1631,1,0.00,0.003,0.043,0.018,STANCE,0.3299,-0.2133,1.4086,0.2880,0.2906,-0.1025,0.7111,-0.4053,0.0881,0,0.00,0.004,0.163,0.004,SWING,-0.1611,-0.4829,1.5708,-0.0457,-0.3960,-0.0516,0.6834,0.3682,0.1415,0,0.00,0.006,0.042,0.006,STANCE,0.2303,-0.3024,1.5708,-0.0620,0.3796,-0.0911,0.4315,-0.1946,0.0144,1,1.67,0.248,0.348,0.099,STANCE,-0.0699,-0.1739,1.5701,-0.3323,-0.1883,-0.1174,0.4316,0.1928,0.0592,0,0.00,0.002,0.015,0.001,STANCE,0.0079,-0.1595,1.5707,-0.3232,0.2015,-0.1203
9.008,1044,placemove,0.7419,-0.0199,0.1945,0.1178,-0.1227,0.0087,-0.0357,-0.0368,0.0432,-0.0816,0.1517,0.0463,1.000,0.000,0.1092,0.0508,0.1178,-0.1227,0.0087,0.1304,0,0.9454,-0.2697,0.0147,1,1.53,0.171,0.307,0.071,STANCE,-0.6741,0.1343,1.5708,0.1778,-0.2737,-0.1721,1.0333,0.2828,0.1631,1,5.43,0.073,1.599,0.989,STANCE,0.3292,-0.2173,1.4147,0.2879,0.2901,-0.1019,0.7254,-0.4133,0.1060,0,0.00,0.075,0.133,0.005,SWING,-0.0986,-0.5496,1.5708,-0.0283,-0.4012,-0.0365,0.6833,0.3670,0.1400,0,0.00,0.006,0.034,0.007,STANCE,0.2289,-0.2947,1.5708,-0.0615,0.3790,-0.0927,0.4316,-0.1946,0.0144,1,5.51,0.066,1.586,0.649,STANCE,-0.0715,-0.1640,1.5700,-0.3314,-0.1874,-0.1194,0.4335,0.1920,0.0569,0,0.00,0.009,0.022,0.005,STANCE,0.0044,-0.1412,1.5701,-0.3209,0.2013,-0.1239
9.046,1048,placemove,0.7413,-0.0204,0.1951,0.1167,-0.1195,0.0099,-0.0311,-0.0295,0.0349,-0.0463,0.2049,0.0787,1.000,0.000,0.1073,0.0433,0.1167,-0.1195,0.0099,0.1310,0,0.9449,-0.2696,0.0147,1,1.53,0.190,0.269,0.046,STANCE,-0.6712,0.1367,1.5708,0.1782,-0.2731,-0.1724,1.0324,0.2819,0.1632,1,5.18,0.146,1.502,0.920,STANCE,0.3276,-0.2223,1.4204,0.2881,0.2896,-0.1011,0.7420,-0.4190,0.1241,0,0.00,0.036,0.135,0.004,SWING,-0.0322,-0.6163,1.5708,-0.0093,-0.4044,-0.0213,0.6832,0.3658,0.1382,0,0.00,0.013,0.027,0.006,STANCE,0.2267,-0.2843,1.5708,-0.0607,0.3781,-0.0949,0.4319,-0.1946,0.0144,1,5.32,0.094,1.522,0.614,STANCE,-0.0728,-0.1534,1.5700,-0.3304,-0.1865,-0.1215,0.4349,0.1913,0.0546,0,0.00,0.015,0.014,0.010,STANCE,0.0006,-0.1204,1.5654,-0.3188,0.2011,-0.1278
9.067,1052,placemove,0.7409,-0.0208,0.1956,0.1160,-0.1158,0.0114,-0.0204,-0.0197,0.0281,-0.0238,0.2174,0.0822,1.000,0.000,0.1059,0.0383,0.1160,-0.1158,0.0114,0.1315,0,0.9447,-0.2696,0.0148,1,1.12,0.147,0.157,0.008,STANCE,-0.6683,0.1366,1.5708,0.1788,-0.2728,-0.1724,1.0316,0.2813,0.1632,1,5.39,0.154,1.549,0.943,STANCE,0.3255,-0.2276,1.4254,0.2884,0.2890,-0.1002,0.7573,-0.4220,0.1402,0,0.00,0.029,0.080,0.006,SWING,0.0249,-0.6716,1.5708,0.0072,-0.4052,-0.0085,0.6833,0.3646,0.1361,0,0.00,0.016,0.029,0.006,STANCE,0.2241,-0.2721,1.5708,-0.0598,0.3771,-0.0975,0.4323,-0.1946,0.0144,1,5.31,0.107,1.516,0.599,STANCE,-0.0737,-0.1433,1.5700,-0.3294,-0.1858,-0.1235,0.4360,0.1908,0.0523,0,0.00,0.017,0.015,0.014,STANCE,-0.0031,-0.0986,1.5573,-0.3169,0.2011,-0.1318
9.107,1056,placemove,0.7406,-0.0210,0.1960,0.1154,-0.1124,0.0126,-0.0127,-0.0098,0.0227,-0.0150,0.2023,0.0723,1.000,0.000,0.1050,0.0351,0.1154,-0.1124,0.0126,0.1318,0,0.9447,-0.2697,0.0149,1,0.00,0.012,0.008,0.005,STANCE,-0.6658,0.1353,1.5708,0.1794,-0.2729,-0.1722,1.0311,0.2808,0.1634,1,5.60,0.157,1.601,0.971,STANCE,0.3234,-0.2325,1.4298,0.2888,0.2886,-0.0993,0.7708,-0.4211,0.1394,0,0.00,0.033,0.006,0.005,SWING,0.0691,-0.6464,1.5708,0.0200,-0.4043,-0.0143,0.6836,0.3635,0.1338,0,0.00,0.013,0.055,0.010,STANCE,0.2216,-0.2589,1.5708,-0.0588,0.3760,-0.1002,0.4327,-0.1945,0.0144,1,5.26,0.082,1.484,0.567,STANCE,-0.0743,-0.1341,1.5700,-0.3284,-0.1851,-0.1252,0.4370,0.1906,0.0499,0,0.00,0.014,0.044,0.021,STANCE,-0.0065,-0.0768,1.5470,-0.3153,0.2012,-0.1358
9.129,1060,placemove,0.7405,-0.0212,0.1963,0.1155,-0.1092,0.0138,-0.0075,-0.0066,0.0175,0.0016,0.1848,0.0593,1.000,0.000,0.1044,0.0333,0.1155,-0.1092,0.0138,0.1321,0,0.9448,-0.2697,0.0149,1,1.58,0.092,0.037,0.177,STANCE,-0.6635,0.1334,1.5707,0.1799,-0.2730,-0.1719,1.0308,0.2805,0.1635,1,5.53,0.168,1.572,0.949,STANCE,0.3216,-0.2368,1.4333,0.2891,0.2882,-0.0986,0.7825,-0.4172,0.1260,0,0.00,0.020,0.066,0.000,SWING,0.1032,-0.5797,1.5697,0.0297,-0.4022,-0.0295,0.6840,0.3624,0.1315,0,0.00,0.011,0.024,0.006,STANCE,0.2194,-0.2451,1.5708,-0.0579,0.3748,-0.1031,0.4332,-0.1943,0.0143,1,5.22,0.125,1.458,0.548,STANCE,-0.0747,-0.1262,1.5701,-0.3276,-0.1846,-0.1268,0.4379,0.1906,0.0476,0,0.00,0.014,0.012,0.019,STANCE,-0.0094,-0.0558,1.5350,-0.3140,0.2012,-0.1396
9.168,1064,placemove,0.7404,-0.0213,0.1966,0.1156,-0.1063,0.0147,-0.0061,-0.0049,0.0138,0.0039,0.1537,0.0431,1.000,0.000,0.1041,0.0326,0.1156,-0.1063,0.0147,0.1323,0,0.9449,-0.2698,0.0149,1,1.43,0.082,0.027,0.162,SHIFT,-0.6614,0.1316,1.5707,0.1805,-0.2731,-0.1717,1.0305,0.2803,0.1636,1,5.62,0.191,1.596,0.958,SHIFT,0.3202,-0.2405,1.4362,0.2894,0.2879,-0.0979,0.7919,-0.4172,0.1147,0,0.00,0.019,0.077,0.069,SWING,0.1296,-0.5131,1.5264,0.0377,-0.4044,-0.0414,0.6844,0.3613,0.1290,0,0.00,0.012,0.024,0.005,SHIFT,0.2177,-0.2311,1.5708,-0.0572,0.3735,-0.1059,0.4336,-0.1940,0.0143,1,5.31,0.147,1.477,0.548,SHIFT,-0.0748,-0.1197,1.5701,-0.3268,-0.1842,-0.1280,0.4386,0.1908,0.0453,0,0.00,0.013,0.014,0.020,SHIFT,-0.0118,-0.0359,1.5220,-0.3129,0.2013,-0.1432
9.190,1068,placemove,0.7404,-0.0214,0.1968,0.1156,-0.1042,0.0153,0.0084,-0.0074,0.0115,-0.0020,0.1147,0.0349,1.000,0.000,0.1041,0.0324,0.1156,-0.1042,0.0153,0.1325,0,0.9449,-0.2699,0.0149,1,1.54,0.163,0.050,0.136,SHIFT,-0.6609,0.1301,1.5707,0.1807,-0.2733,-0.1714,1.0302,0.2801,0.1637,1,5.37,0.487,1.535,0.918,SHIFT,0.3199,-0.2439,1.4401,0.2893,0.2877,-0.0973,0.7989,-0.4112,0.1006,0,0.00,0.016,0.062,0.012,SHIFT,0.1497,-0.4464,1.5360,0.0428,-0.3991,-0.0574,0.6848,0.3600,0.1264,0,0.00,0.018,0.024,0.005,SHIFT,0.2175,-0.2170,1.5708,-0.0568,0.3720,-0.1088,0.4340,-0.1939,0.0143,1,5.56,0.195,1.578,0.609,SHIFT,-0.0751,-0.1145,1.5701,-0.3263,-0.1839,-0.1290,0.4391,0.1909,0.0430,0,0.00,0.017,0.014,0.023,SHIFT,-0.0132,-0.0171,1.5068,-0.3124,0.2014,-0.1465
9.230,1072,placemove,0.7407,-0.0215,0.1970,0.1156,-0.1026,0.0158,0.0237,-0.0082,0.0098,-0.0067,0.0829,0.0204,1.000,0.000,0.1040,0.0324,0.1156,-0.1026,0.0158,0.1327,0,0.9448,-0.2703,0.0149,1,1.62,0.236,0.062,0.138,SHIFT,-0.6621,0.1290,1.5707,0.1805,-0.2736,-0.1713,1.0297,0.2799,0.1638,1,5.34,0.503,1.531,0.919,SHIFT,0.3209,-0.2473,1.4456,0.2888,0.2875,-0.0969,0.8040,-0.4037,0.0863,0,0.00,0.015,0.063,0.009,SHIFT,0.1638,-0.3797,1.5435,0.0460,-0.3931,-0.0729,0.6850,0.3586,0.1237,0,0.00,0.016,0.025,0.005,SHIFT,0.2192,-0.2031,1.5708,-0.0569,0.3704,-0.1116,0.4345,-0.1937,0.0143,1,5.57,0.167,1.582,0.612,SHIFT,-0.0759,-0.1103,1.5701,-0.3259,-0.1835,-0.1298,0.4394,0.1911,0.0405,0,0.00,0.016,0.016,0.026,SHIFT,-0.0133,0.0007,1.4889,-0.3124,0.2014,-0.1496
9.251,1076,placemove,0.7412,-0.0217,0.1971,0.1154,-0.1014,0.0160,0.0380,-0.0079,0.0086,-0.0102,0.0580,0.0060,1.000,0.000,0.1040,0.0326,0.1154,-0.1014,0.0160,0.1328,0,0.9447,-0.2707,0.0148,1,1.71,0.240,0.058,0.154,SHIFT,-0.6649,0.1283,1.5707,0.1800,-0.2739,-0.1712,1.0293,0.2797,0.1639,1,5.31,0.509,1.519,0.914,SHIFT,0.3231,-0.2507,1.4522,0.2879,0.2875,-0.0965,0.8075,-0.3956,0.0726,0,0.00,0.013,0.063,0.008,SHIFT,0.1734,-0.3131,1.5494,0.0476,-0.3866,-0.0878,0.6852,0.3571,0.1209,0,0.00,0.016,0.025,0.005,SHIFT,0.2224,-0.1892,1.5708,-0.0574,0.3687,-0.1144,0.4352,-0.1934,0.0143,1,5.55,0.165,1.575,0.609,SHIFT,-0.0769,-0.1071,1.5701,-0.3256,-0.1830,-0.1304,0.4395,0.1912,0.0381,0,0.00,0.016,0.017,0.029,SHIFT,-0.0124,0.0178,1.4688,-0.3129,0.2014,-0.1526
9.287,1080,placemove,0.7420,-0.0218,0.1972,0.1151,-0.1006,0.0160,0.0509,-0.0061,0.0081,-0.0107,0.0392,-0.0079,1.000,0.000,0.1038,0.0327,0.1151,-0.1006,0.0160,0.1329,0,0.9446,-0.2713,0.0148,1,1.69,0.230,0.051,0.159,SHIFT,-0.6687,0.1277,1.5707,0.1793,-0.2743,-0.1711,1.0288,0.2796,0.1638,1,5.30,0.504,1.515,0.914,SHIFT,0.3262,-0.2539,1.4598,0.2868,0.2875,-0.0962,0.8098,-0.3870,0.0594,0,0.00,0.012,0.064,0.007,SHIFT,0.1793,-0.2464,1.5539,0.0479,-0.3795,-0.1021,0.6855,0.3555,0.1179,0,0.00,0.015,0.025,0.005,SHIFT,0.2269,-0.1753,1.5708,-0.0581,0.3669,-0.1172,0.4359,-0.1932,0.0143,1,5.57,0.172,1.551,0.580,SHIFT,-0.0782,-0.1046,1.5694,-0.3255,-0.1827,-0.1309,0.4396,0.1913,0.0355,0,0.00,0.016,0.017,0.032,SHIFT,-0.0107,0.0344,1.4469,-0.3137,0.2014,-0.1554
9.308,1084,placemove,0.7429,-0.0218,0.1974,0.1149,-0.1001,0.0159,0.0606,-0.0040,0.0083,-0.0089,0.0274,-0.0132,1.000,0.000,0.1036,0.0328,0.1149,-0.1001,0.0159,0.1330,0,0.9445,-0.2719,0.0148,1,2.15,0.289,0.071,0.206,SHIFT,-0.6735,0.1274,1.5707,0.1783,-0.2747,-0.1710,1.0284,0.2794,0.1639,1,4.91,0.513,1.389,0.833,SHIFT,0.3300,-0.2571,1.4681,0.2854,0.2876,-0.0959,0.8113,-0.3781,0.0467,0,0.00,0.011,0.054,0.001,SHIFT,0.1823,-0.1798,1.5554,0.0474,-0.3719,-0.1159,0.6857,0.3541,0.1150,0,0.00,0.013,0.025,0.009,SHIFT,0.2323,-0.1615,1.5683,-0.0592,0.3653,-0.1199,0.4365,-0.1929,0.0143,1,5.59,0.127,1.445,0.469,SHIFT,-0.0795,-0.1025,1.5665,-0.3258,-0.1824,-0.1312,0.4396,0.1916,0.0329,0,0.00,0.015,0.018,0.034,SHIFT,-0.0084,0.0505,1.4234,-0.3148,0.2014,-0.1581
9.346,1088,placemove,0.7440,-0.0219,0.1975,0.1148,-0.0997,0.0156,0.0701,-0.0010,0.0081,-0.0102,0.0178,-0.0204,1.000,0.000,0.1035,0.0329,0.1148,-0.0997,0.0156,0.1332,0,0.9444,-0.2725,0.0148,1,2.37,0.311,0.076,0.232,SHIFT,-0.6790,0.1271,1.5707,0.1772,-0.2752,-0.1710,1.0280,0.2793,0.1640,1,4.81,0.542,1.349,0.801,SHIFT,0.3344,-0.2602,1.4769,0.2839,0.2877,-0.0957,0.8122,-0.3697,0.0356,0,0.00,0.011,0.007,0.009,SHIFT,0.1832,-0.1201,1.5543,0.0463,-0.3649,-0.1276,0.6859,0.3531,0.1123,0,0.00,0.013,0.024,0.013,SHIFT,0.2383,-0.1475,1.5626,-0.0605,0.3641,-0.1225,0.4369,-0.1928,0.0143,1,5.57,0.133,1.447,0.471,SHIFT,-0.0810,-0.1009,1.5617,-0.3264,-0.1823,-0.1315,0.4396,0.1919,0.0304,0,0.00,0.015,0.018,0.036,SHIFT,-0.0056,0.0665,1.3986,-0.3162,0.2014,-0.1608
9.367,1092,placemove,0.7453,-0.0219,0.1977,0.1146,-0.0995,0.0152,0.0793,0.0015,0.0080,-0.0114,0.0102,-0.0268,1.000,0.000,0.1033,0.0330,0.1146,-0.0995,0.0152,0.1333,0,0.9443,-0.2731,0.0148,1,2.35,0.280,0.057,0.249,SHIFT,-0.6850,0.1270,1.5707,0.1760,-0.2757,-0.1710,1.0277,0.2793,0.1640,1,4.86,0.548,1.360,0.808,SHIFT,0.3392,-0.2632,1.4860,0.2822,0.2878,-0.0955,0.8127,-0.3626,0.0267,0,0.00,0.011,0.001,0.011,SHIFT,0.1822,-0.0704,1.5510,0.0449,-0.3590,-0.1371,0.6860,0.3525,0.1096,0,0.00,0.012,0.024,0.016,SHIFT,0.2449,-0.1336,1.5543,-0.0621,0.3632,-0.1250,0.4372,-0.1927,0.0143,1,5.52,0.167,1.439,0.467,SHIFT,-0.0825,-0.0995,1.5553,-0.3273,-0.1823,-0.1316,0.4397,0.1922,0.0278,0,0.00,0.014,0.019,0.038,SHIFT,-0.0025,0.0823,1.3727,-0.3177,0.2014,-0.1634
9.409,1096,placemove,0.7467,-0.0218,0.1978,0.1144,-0.0994,0.0148,0.0875,0.0037,0.0077,-0.0131,0.0041,-0.0308,1.000,0.000,0.1032,0.0330,0.1144,-0.0994,0.0148,0.1334,0,0.9443,-0.2737,0.0148,1,2.37,0.250,0.043,0.266,SHIFT,-0.6916,0.1269,1.5707,0.1747,-0.2762,-0.1709,1.0274,0.2793,0.1641,1,4.91,0.546,1.369,0.816,SHIFT,0.3443,-0.2661,1.4954,0.2804,0.2879,-0.0953,0.8131,-0.3567,0.0196,0,0.00,0.010,0.003,0.012,SHIFT,0.1798,-0.0286,1.5460,0.0434,-0.3540,-0.1448,0.6862,0.3521,0.1069,0,0.00,0.011,0.025,0.019,SHIFT,0.2519,-0.1197,1.5439,-0.0637,0.3626,-0.1275,0.4375,-0.1925,0.0143,1,5.48,0.193,1.431,0.464,SHIFT,-0.0842,-0.0983,1.5477,-0.3284,-0.1823,-0.1317,0.4398,0.1926,0.0254,0,0.00,0.013,0.021,0.036,SHIFT,0.0009,0.0967,1.3474,-0.3193,0.2014,-0.1657
9.440,1100,placemove,0.7480,-0.0217,0.1982,0.1110,-0.1017,0.0137,0.0576,0.0124,0.0605,-0.6922,-0.5348,-0.1966,1.000,0.000,0.1029,0.0330,0.1110,-0.1017,0.0137,0.1458,0,0.9443,-0.2747,0.0156,1,0.00,0.011,0.183,0.008,SHIFT,-0.6987,0.1269,1.5708,0.1733,-0.2767,-0.1709,1.0274,0.2791,0.1641,1,7.63,0.919,1.974,0.990,SHIFT,0.3497,-0.2690,1.5050,0.2786,0.2881,-0.0952,0.8134,-0.3527,0.0149,1,8.19,0.424,2.158,0.594,SHIFT,0.1762,0.0037,1.5397,0.0419,-0.3504,-0.1506,0.6866,0.3519,0.1037,0,0.00,0.017,0.083,0.005,SHIFT,0.2591,-0.1057,1.5318,-0.0655,0.3621,-0.1300,0.4377,-0.1926,0.0143,1,3.20,0.512,0.452,0.067,SHIFT,-0.0860,-0.0972,1.5390,-0.3296,-0.1824,-0.1318,0.4401,0.1928,0.0229,0,0.00,0.015,0.100,0.014,SHIFT,0.0046,0.1084,1.3247,-0.3210,0.2013,-0.1675
9.481,1104,placemove,0.7489,-0.0212,0.1985,0.1012,-0.1093,0.0116,0.0452,0.0549,0.0184,-0.4975,-0.4052,-0.1783,1.000,0.000,0.0990,0.0310,0.1012,-0.1093,0.0116,0.1341,0,0.9444,-0.2779,0.0204,0,0.00,0.009,0.012,0.008,SHIFT,-0.7061,0.1230,1.5708,0.1720,-0.2779,-0.1703,1.0276,0.2782,0.1642,1,4.75,0.486,1.242,0.671,SHIFT,0.3548,-0.2747,1.5172,0.2767,0.2881,-0.0945,0.8134,-0.3504,0.0149,1,2.83,0.156,0.782,0.262,SHIFT,0.1718,0.0281,1.5389,0.0403,-0.3470,-0.1549,0.6879,0.3514,0.0971,0,0.00,0.009,0.038,0.029,SHIFT,0.2663,-0.0906,1.5178,-0.0673,0.3617,-0.1326,0.4382,-0.1932,0.0143,1,4.88,0.734,0.662,0.135,SHIFT,-0.0875,-0.0994,1.5325,-0.3309,-0.1826,-0.1312,0.4416,0.1924,0.0169,0,0.00,0.029,0.042,0.036,SHIFT,0.0084,0.1189,1.3034,-0.3227,0.2011,-0.1691
9.507,1108,placemove,0.7502,-0.0204,0.1994,0.0965,-0.1115,0.0104,0.1038,0.0352,0.0428,-0.1616,-0.0792,-0.0862,1.000,0.000,0.0933,0.0357,0.0965,-0.1115,0.0104,0.1462,0,0.9441,-0.2794,0.0233,0,0.00,0.004,0.001,0.000,STANCE,-0.7142,0.1212,1.5708,0.1705,-0.2787,-0.1701,1.0277,0.2783,0.1647,1,0.00,0.004,0.012,0.017,STANCE,0.3593,-0.2814,1.5281,0.2752,0.2881,-0.0936,0.8131,-0.3482,0.0153,1,0.00,0.003,0.030,0.003,STANCE,0.1666,0.0383,1.5415,0.0387,-0.3453,-0.1567,0.6887,0.3515,0.0933,0,0.00,0.004,0.016,0.015,SWING,0.2734,-0.0795,1.5081,-0.0690,0.3612,-0.1346,0.4380,-0.1933,0.0163,1,0.00,0.003,0.012,0.006,STANCE,-0.0883,-0.1088,1.5299,-0.3324,-0.1831,-0.1293,0.4422,0.1925,0.0147,1,0.00,0.002,0.022,0.027,STANCE,0.0132,0.1216,1.2922,-0.3244,0.2006,-0.1694
9.561,1112,placemove,0.7519,-0.0198,0.1986,0.0919,-0.1140,0.0091,0.1042,0.0343,-0.1170,-0.1128,-0.1519,-0.0846,1.000,0.000,0.0885,0.0461,0.0919,-0.1140,0.0091,0.0331,0,0.9440,-0.2803,0.0239,0,0.00,0.004,0.001,0.001,STANCE,-0.7230,0.1236,1.5708,0.1685,-0.2790,-0.1704,1.0289,0.2785,0.1655,1,0.00,0.002,0.005,0.014,STANCE,0.3630,-0.2929,1.5374,0.2742,0.2886,-0.0916,0.8134,-0.3501,0.0184,0,0.00,0.003,0.019,0.011,STANCE,0.1610,0.0248,1.5478,0.0376,-0.3466,-0.1543,0.6885,0.3529,0.0959,0,0.00,0.002,0.105,0.018,SWING,0.2800,-0.1047,1.5159,-0.0713,0.3628,-0.1298,0.4375,-0.1945,0.0205,0,0.00,0.000,0.028,0.014,STANCE,-0.0879,-0.1348,1.5388,-0.3342,-0.1840,-0.1244,0.4426,0.1916,0.0160,0,0.00,0.004,0.021,0.035,STANCE,0.0193,0.0978,1.3114,-0.3261,0.1998,-0.1651
9.593,1116,placemove,0.7535,-0.0193,0.1953,0.0924,-0.1190,0.0085,0.0863,0.0255,-0.2488,0.1914,-0.4624,0.0105,1.000,0.000,0.0849,0.0423,0.0924,-0.1190,0.0085,0.0305,0,0.9442,-0.2788,0.0202,0,0.00,0.005,0.015,0.000,STANCE,-0.7312,0.1343,1.5708,0.1663,-0.2778,-0.1721,1.0298,0.2789,0.1649,1,1.14,0.042,0.148,0.030,STANCE,0.3658,-0.2998,1.5446,0.2734,0.2888,-0.0904,0.8142,-0.3505,0.0170,0,0.00,0.004,0.014,0.009,STANCE,0.1556,0.0179,1.5528,0.0364,-0.3472,-0.1531,0.6898,0.3525,0.0902,0,0.00,0.007,0.018,0.009,SWING,0.2860,-0.0938,1.5117,-0.0725,0.3616,-0.1318,0.4383,-0.1945,0.0189,0,0.00,0.004,0.024,0.007,STANCE,-0.0883,-0.1475,1.5411,-0.3353,-0.1844,-0.1219,0.4432,0.1911,0.0156,0,0.00,0.002,0.012,0.023,STANCE,0.0248,0.0770,1.3284,-0.3276,0.1990,-0.1614
9.636,1120,placemove,0.7549,-0.0190,0.1936,0.0929,-0.1180,0.0087,0.0724,0.0155,-0.0158,-0.1855,0.0961,-0.0098,1.000,0.000,0.0843,0.0299,0.0929,-0.1180,0.0087,0.1291,0,0.9439,-0.2758,0.0153,0,0.00,0.006,0.024,0.000,STANCE,-0.7368,0.1501,1.5708,0.1643,-0.2755,-0.1745,1.0306,0.2794,0.1646,1,3.23,0.279,0.556,0.023,STANCE,0.3671,-0.3086,1.5503,0.2731,0.2890,-0.0888,0.8147,-0.3496,0.0146,1,6.21,0.609,1.610,0.550,STANCE,0.1517,0.0170,1.5578,0.0354,-0.3467,-0.1530,0.6884,0.3556,0.0960,0,0.00,0.006,0.145,0.017,SWING,0.2883,-0.1426,1.5219,-0.0744,0.3660,-0.1224,0.4390,-0.1941,0.0158,0,0.00,0.000,0.034,0.015,STANCE,-0.0895,-0.1429,1.5322,-0.3361,-0.1845,-0.1226,0.4437,0.1909,0.0143,1,5.07,0.918,1.210,0.399,STANCE,0.0279,0.0737,1.3295,-0.3283,0.1985,-0.1608
9.658,1124,placemove,0.7563,-0.0187,0.1938,0.0882,-0.1173,0.0085,0.0828,0.0220,0.0175,-0.2759,0.0076,-0.0552,1.000,0.000,0.0828,0.0303,0.0882,-0.1173,0.0085,0.1415,0,0.9434,-0.2746,0.0147,1,5.70,0.516,1.453,0.410,STANCE,-0.7420,0.1612,1.5708,0.1627,-0.2740,-0.1761,1.0319,0.2794,0.1646,1,1.39,0.205,0.242,0.027,STANCE,0.3680,-0.3161,1.5547,0.2729,0.2892,-0.0874,0.8147,-0.3494,0.0157,1,0.00,0.004,0.026,0.005,STANCE,0.1479,0.0192,1.5606,0.0344,-0.3461,-0.1533,0.6867,0.3603,0.1080,0,0.00,0.010,0.142,0.012,SWING,0.2868,-0.2093,1.5325,-0.0758,0.3720,-0.1091,0.4394,-0.1942,0.0158,0,0.00,0.012,0.023,0.017,STANCE,-0.0909,-0.1353,1.5210,-0.3369,-0.1844,-0.1238,0.4444,0.1902,0.0142,1,5.16,0.621,1.462,0.583,STANCE,0.0303,0.0703,1.3309,-0.3289,0.1981,-0.1601
9.691,1128,placemove,0.7575,-0.0183,0.1939,0.0849,-0.1173,0.0086,0.0495,0.0192,0.0084,-0.1117,0.1099,0.0264,1.000,0.000,0.0799,0.0300,0.0849,-0.1173,0.0086,0.1293,0,0.9435,-0.2742,0.0147,1,4.00,0.553,0.891,0.211,STANCE,-0.7465,0.1664,1.5708,0.1615,-0.2734,-0.1769,1.0330,0.2795,0.1646,1,12.54,0.585,2.508,0.007,STANCE,0.3684,-0.3211,1.5582,0.2728,0.2892,-0.0865,0.8150,-0.3494,0.0168,0,0.00,0.018,0.069,0.009,STANCE,0.1446,0.0200,1.5628,0.0336,-0.3457,-0.1535,0.6894,0.3659,0.1212,0,0.00,0.017,0.240,0.004,SWING,0.2663,-0.2760,1.5408,-0.0720,0.3789,-0.0954,0.4401,-0.1941,0.0150,0,19.24,0.865,2.814,0.352,STANCE,-0.0923,-0.1270,1.5100,-0.3376,-0.1844,-0.1252,0.4452,0.1895,0.0143,1,0.00,0.011,0.244,0.016,STANCE,0.0323,0.0644,1.3361,-0.3293,0.1977,-0.1591
9.719,1132,placemove,0.7581,-0.0180,0.1942,0.0838,-0.1153,0.0095,0.0367,0.0166,0.0161,-0.0468,0.1118,0.0508,1.000,0.000,0.0775,0.0291,0.0838,-0.1153,0.0095,0.1416,0,0.9432,-0.2741,0.0147,1,1.75,0.281,0.289,0.032,STANCE,-0.7503,0.1669,1.5708,0.1607,-0.2736,-0.1770,1.0333,0.2798,0.1645,1,4.36,0.028,0.798,0.060,STANCE,0.3682,-0.3244,1.5609,0.2728,0.2891,-0.0859,0.8149,-0.3487,0.0169,0,0.00,0.004,0.032,0.002,STANCE,0.1417,0.0225,1.5646,0.0328,-0.3452,-0.1539,0.6986,0.3730,0.1369,0,0.00,0.014,0.135,0.012,SWING,0.2176,-0.3426,1.5473,-0.0601,0.3870,-0.0813,0.4401,-0.1941,0.0148,1,6.15,0.158,0.828,0.228,STANCE,-0.0934,-0.1198,1.5007,-0.3382,-0.1843,-0.1264,0.4450,0.1889,0.0161,1,0.00,0.012,0.036,0.009,STANCE,0.0340,0.0582,1.3425,-0.3295,0.1973,-0.1580
9.766,1136,placemove,0.7587,-0.0178,0.1944,0.0834,-0.1136,0.0105,0.0290,0.0121,0.0125,-0.0203,0.0931,0.0482,1.000,0.000,0.0761,0.0285,0.0834,-0.1136,0.0105,0.1298,0,0.9430,-0.2740,0.0147,1,1.87,0.313,0.282,0.010,STANCE,-0.7535,0.1666,1.5708,0.1601,-0.2738,-0.1769,1.0335,0.2801,0.1645,1,4.34,0.033,0.796,0.059,STANCE,0.3677,-0.3266,1.5630,0.2728,0.2889,-0.0856,0.8148,-0.3477,0.0165,0,0.00,0.004,0.030,0.002,STANCE,0.1392,0.0266,1.5659,0.0321,-0.3444,-0.1546,0.7140,0.3798,0.1539,0,0.00,0.106,0.137,0.009,SWING,0.1512,-0.4093,1.5524,-0.0426,0.3945,-0.0668,0.4402,-0.1941,0.0147,1,6.15,0.348,0.843,0.207,STANCE,-0.0944,-0.1142,1.4934,-0.3386,-0.1842,-0.1273,0.4449,0.1885,0.0172,0,0.00,0.008,0.035,0.002,STANCE,0.0351,0.0559,1.3450,-0.3297,0.1970,-0.1576
9.787,1140,placemove,0.7591,-0.0176,0.1946,0.0832,-0.1122,0.0112,0.0224,0.0092,0.0096,-0.0073,0.0775,0.0441,1.000,0.000,0.0753,0.0280,0.0832,-0.1122,0.0112,0.1300,0,0.9429,-0.2740,0.0147,1,1.87,0.318,0.249,0.016,STANCE,-0.7562,0.1658,1.5708,0.1596,-0.2741,-0.1768,1.0337,0.2803,0.1645,1,4.34,0.044,0.794,0.062,STANCE,0.3671,-0.3282,1.5647,0.2728,0.2887,-0.0853,0.8147,-0.3465,0.0158,0,0.00,0.005,0.029,0.001,STANCE,0.1371,0.0323,1.5670,0.0315,-0.3435,-0.1556,0.7305,0.3848,0.1711,0,0.00,0.104,0.137,0.007,SWING,0.0846,-0.4760,1.5563,-0.0242,0.4002,-0.0521,0.4402,-0.1941,0.0147,1,6.22,0.393,0.837,0.220,STANCE,-0.0951,-0.1099,1.4877,-0.3390,-0.1841,-0.1280,0.4449,0.1882,0.0175,0,0.00,0.009,0.032,0.004,STANCE,0.0359,0.0576,1.3433,-0.3297,0.1969,-0.1579
9.827,1144,placemove,0.7594,-0.0175,0.1948,0.0825,-0.1114,0.0120,0.0030,0.0066,0.0193,-0.1540,-0.0504,0.0326,1.000,0.000,0.0749,0.0276,0.0825,-0.1114,0.0120,0.1301,0,0.9428,-0.2741,0.0149,1,0.00,0.008,0.038,0.004,STANCE,-0.7583,0.1649,1.5708,0.1593,-0.2744,-0.1767,1.0338,0.2804,0.1645,1,5.36,0.694,1.084,0.123,STANCE,0.3665,-0.3294,1.5660,0.2729,0.2886,-0.0851,0.8146,-0.3453,0.0148,0,3.40,0.079,0.924,0.324,STANCE,0.1353,0.0395,1.5670,0.0310,-0.3424,-0.1568,0.7476,0.3876,0.1883,0,0.00,0.043,0.136,0.004,SWING,0.0180,-0.5426,1.5595,-0.0052,0.4037,-0.0372,0.4403,-0.1941,0.0146,1,4.47,0.681,0.591,0.151,STANCE,-0.0958,-0.1064,1.4832,-0.3392,-0.1841,-0.1286,0.4449,0.1880,0.0172,0,0.00,0.008,0.027,0.011,STANCE,0.0363,0.0622,1.3383,-0.3298,0.1968,-0.1587
9.860,1148,placemove,0.7593,-0.0173,0.1951,0.0804,-0.1121,0.0124,-0.0023,0.0113,0.0157,-0.1084,-0.0307,0.0111,1.000,0.000,0.0740,0.0267,0.0804,-0.1121,0.0124,0.1304,0,0.9427,-0.2746,0.0159,0,0.00,0.003,0.035,0.002,STANCE,-0.7599,0.1640,1.5708,0.1590,-0.2746,-0.1766,1.0338,0.2804,0.1645,1,4.09,0.378,0.777,0.014,STANCE,0.3660,-0.3304,1.5669,0.2730,0.2884,-0.0849,0.8145,-0.3445,0.0148,1,2.64,0.297,0.657,0.219,STANCE,0.1340,0.0459,1.5662,0.0305,-0.3416,-0.1579,0.7627,0.3884,0.2012,0,0.00,0.022,0.087,0.000,SWING,-0.0369,-0.5854,1.5619,0.0107,0.4046,-0.0276,0.4403,-0.1944,0.0146,1,4.55,0.592,0.497,0.256,STANCE,-0.0962,-0.1036,1.4796,-0.3394,-0.1841,-0.1291,0.4450,0.1878,0.0156,0,0.00,0.012,0.020,0.013,STANCE,0.0365,0.0693,1.3306,-0.3298,0.1967,-0.1599
9.902,1152,placemove,0.7596,-0.0172,0.1956,0.0797,-0.1115,0.0127,0.0256,0.0037,0.0386,-0.0030,0.0517,0.0138,1.000,0.000,0.0728,0.0323,0.0797,-0.1115,0.0127,0.1433,0,0.9425,-0.2744,0.0163,0,0.00,0.011,0.028,0.002,STANCE,-0.7616,0.1658,1.5708,0.1585,-0.2744,-0.1768,1.0339,0.2804,0.1645,1,2.62,0.345,0.553,0.114,STANCE,0.3657,-0.3299,1.5677,0.2730,0.2883,-0.0851,0.8143,-0.3438,0.0147,1,4.91,0.440,1.272,0.414,STANCE,0.1326,0.0505,1.5659,0.0301,-0.3409,-0.1587,0.7756,0.3874,0.1906,0,0.00,0.021,0.072,0.005,SWING,-0.0755,-0.5247,1.5577,0.0217,0.4025,-0.0411,0.4402,-0.1945,0.0151,1,0.00,0.000,0.030,0.003,STANCE,-0.0965,-0.1026,1.4773,-0.3397,-0.1841,-0.1292,0.4451,0.1877,0.0148,1,4.39,0.756,0.876,0.153,STANCE,0.0369,0.0766,1.3221,-0.3300,0.1967,-0.1612
9.926,1156,placemove,0.7600,-0.0171,0.1961,0.0799,-0.1123,0.0127,0.0279,0.0034,0.0314,0.0122,-0.1090,-0.0079,1.000,0.000,0.0721,0.0439,0.0799,-0.1123,0.0127,0.1315,0,0.9422,-0.2735,0.0161,0,0.00,0.010,0.025,0.001,SHIFT,-0.7651,0.1718,1.5708,0.1576,-0.2736,-0.1777,1.0341,0.2804,0.1645,1,3.06,0.444,0.723,0.267,SHIFT,0.3664,-0.3265,1.5684,0.2726,0.2881,-0.0858,0.8143,-0.3432,0.0147,1,4.68,0.197,1.235,0.396,SHIFT,0.1300,0.0541,1.5657,0.0295,-0.3405,-0.1593,0.7852,0.3923,0.1816,0,0.00,0.020,0.069,0.102,SWING,-0.1008,-0.4581,1.4939,0.0295,0.4069,-0.0517,0.4402,-0.1945,0.0159,0,0.00,0.001,0.037,0.002,SHIFT,-0.0969,-0.1052,1.4763,-0.3401,-0.1842,-0.1286,0.4452,0.1877,0.0147,1,4.26,0.637,0.605,0.056,SHIFT,0.0383,0.0789,1.3165,-0.3305,0.1966,-0.1615
9.960,1160,placemove,0.7608,-0.0171,0.1966,0.0800,-0.1156,0.0122,0.0673,-0.0040,0.0243,0.0124,-0.2307,-0.0434,1.000,0.000,0.0719,0.0561,0.0800,-0.1156,0.0122,0.1320,0,0.9416,-0.2723,0.0156,0,0.00,0.014,0.020,0.000,SHIFT,-0.7728,0.1818,1.5708,0.1556,-0.2723,-0.1792,1.0343,0.2804,0.1645,1,2.66,0.317,0.551,0.077,SHIFT,0.3696,-0.3206,1.5689,0.2715,0.2882,-0.0871,0.8141,-0.3428,0.0146,1,4.87,0.480,1.206,0.363,SHIFT,0.1239,0.0569,1.5662,0.0280,-0.3401,-0.1598,0.7929,0.3933,0.1698,0,0.00,0.016,0.072,0.037,SHIFT,-0.1178,-0.3914,1.4668,0.0344,0.4060,-0.0652,0.4402,-0.1946,0.0161,0,0.00,0.006,0.040,0.008,SHIFT,-0.0984,-0.1088,1.4713,-0.3414,-0.1843,-0.1278,0.4452,0.1877,0.0147,1,4.47,0.762,0.719,0.026,SHIFT,0.0415,0.0764,1.3111,-0.3320,0.1964,-0.1608
9.990,1164,placemove,0.7623,-0.0172,0.1971,0.0796,-0.1204,0.0112,0.0982,-0.0027,0.0398,-0.0728,-0.3171,-0.0767,1.000,0.000,0.0719,0.0664,0.0796,-0.1204,0.0112,0.1448,0,0.9410,-0.2709,0.0149,1,5.94,0.722,1.380,0.327,SHIFT,-0.7846,0.1944,1.5708,0.1526,-0.2708,-0.1810,1.0347,0.2805,0.1646,1,1.38,0.135,0.260,0.015,SHIFT,0.3752,-0.3135,1.5693,0.2699,0.2886,-0.0886,0.8140,-0.3427,0.0148,1,0.00,0.010,0.028,0.003,SHIFT,0.1145,0.0591,1.5672,0.0259,-0.3399,-0.1601,0.7990,0.3925,0.1569,0,0.00,0.012,0.070,0.034,SHIFT,-0.1261,-0.3247,1.4427,0.0367,0.4042,-0.0790,0.4403,-0.1946,0.0158,0,0.00,0.002,0.042,0.015,SHIFT,-0.1010,-0.1122,1.4614,-0.3434,-0.1844,-0.1267,0.4453,0.1875,0.0146,1,5.34,0.704,1.398,0.481,SHIFT,0.0461,0.0706,1.3042,-0.3343,0.1962,-0.1595
10.043,1168,placemove,0.7640,-0.0172,0.1972,0.0796,-0.1255,0.0104,0.1154,0.0041,0.0316,0.0092,-0.1567,-0.0154,1.000,0.000,0.0717,0.0671,0.0796,-0.1255,0.0104,0.1449,0,0.9407,-0.2706,0.0149,1,1.86,0.241,0.384,0.082,SHIFT,-0.7975,0.1999,1.5708,0.1498,-0.2705,-0.1818,1.0353,0.2809,0.1646,1,4.08,0.040,0.754,0.063,SHIFT,0.3815,-0.3071,1.5696,0.2682,0.2892,-0.0900,0.8141,-0.3436,0.0155,0,0.00,0.019,0.033,0.004,SHIFT,0.1041,0.0550,1.5680,0.0236,-0.3407,-0.1594,0.8038,0.3909,0.1432,0,0.00,0.025,0.067,0.032,SHIFT,-0.1295,-0.2581,1.4208,0.0373,0.4013,-0.0930,0.4404,-0.1946,0.0148,1,7.23,0.282,0.487,0.725,SHIFT,-0.1042,-0.1135,1.4482,-0.3457,-0.1845,-0.1260,0.4454,0.1874,0.0151,1,0.00,0.020,0.049,0.001,SHIFT,0.0510,0.0588,1.3027,-0.3367,0.1960,-0.1570
10.068,1172,placemove,0.7660,-0.0171,0.1976,0.0795,-0.1270,0.0104,0.1174,0.0106,0.0184,-0.0072,-0.0510,0.0091,1.000,0.000,0.0716,0.0608,0.0795,-0.1270,0.0104,0.1329,0,0.9406,-0.2706,0.0149,1,2.69,0.001,0.192,0.210,SHIFT,-0.8091,0.2023,1.5708,0.1475,-0.2706,-0.1821,1.0360,0.2818,0.1645,1,4.82,0.039,0.874,0.085,SHIFT,0.3873,-0.3038,1.5699,0.2667,0.2899,-0.0907,0.8142,-0.3439,0.0159,0,0.00,0.005,0.034,0.002,SHIFT,0.0945,0.0540,1.5686,0.0214,-0.3410,-0.1592,0.8078,0.3884,0.1295,0,0.00,0.000,0.063,0.028,SHIFT,-0.1312,-0.1914,1.4004,0.0373,0.3974,-0.1070,0.4406,-0.1945,0.0147,1,5.89,0.026,0.757,0.248,SHIFT,-0.1073,-0.1128,1.4344,-0.3477,-0.1845,-0.1257,0.4454,0.1872,0.0164,0,0.00,0.002,0.049,0.009,SHIFT,0.0551,0.0513,1.2981,-0.3389,0.1959,-0.1553
10.103,1176,placemove,0.7679,-0.0169,0.1978,0.0791,-0.1267,0.0109,0.1149,0.0163,0.0128,-0.0324,0.0550,0.0390,1.000,0.000,0.0715,0.0526,0.0791,-0.1267,0.0109,0.1332,0,0.9407,-0.2707,0.0148,1,2.64,0.078,0.065,0.312,SHIFT,-0.8192,0.2027,1.5707,0.1455,-0.2710,-0.1822,1.0366,0.2829,0.1645,1,4.14,0.127,0.712,0.105,SHIFT,0.3922,-0.3039,1.5701,0.2657,0.2907,-0.0907,0.8143,-0.3436,0.0158,0,0.00,0.001,0.031,0.001,SHIFT,0.0858,0.0558,1.5691,0.0194,-0.3408,-0.1595,0.8111,0.3850,0.1155,0,0.00,0.006,0.069,0.026,SHIFT,-0.1323,-0.1247,1.3811,0.0369,0.3926,-0.1209,0.4407,-0.1944,0.0146,1,5.45,0.131,0.552,0.379,SHIFT,-0.1103,-0.1089,1.4195,-0.3496,-0.1845,-0.1259,0.4453,0.1871,0.0168,0,0.00,0.007,0.032,0.019,SHIFT,0.0582,0.0518,1.2867,-0.3407,0.1959,-0.1550
10.124,1180,placemove,0.7699,-0.0166,0.1980,0.0783,-0.1249,0.0118,0.1171,0.0231,-0.0043,-0.1090,0.1487,0.0396,1.000,0.000,0.0712,0.0451,0.0783,-0.1249,0.0118,0.1334,0,0.9408,-0.2711,0.0148,1,2.74,0.035,0.012,0.369,SHIFT,-0.8279,0.2014,1.5706,0.1438,-0.2717,-0.1820,1.0374,0.2842,0.1645,1,0.00,0.006,0.027,0.004,SHIFT,0.3966,-0.3066,1.5702,0.2649,0.2916,-0.0902,0.8144,-0.3429,0.0153,0,0.00,0.005,0.048,0.004,SHIFT,0.0780,0.0598,1.5684,0.0176,-0.3404,-0.1602,0.8139,0.3807,0.1013,0,0.00,0.003,0.114,0.022,SHIFT,-0.1329,-0.0582,1.3626,0.0363,0.3868,-0.1345,0.4409,-0.1943,0.0146,1,2.03,0.149,0.137,0.196,SHIFT,-0.1132,-0.1024,1.4034,-0.3513,-0.1844,-0.1267,0.4453,0.1871,0.0165,0,0.00,0.012,0.006,0.025,SHIFT,0.0605,0.0588,1.2694,-0.3422,0.1959,-0.1559
10.163,1184,placemove,0.7718,-0.0163,0.1981,0.0763,-0.1228,0.0122,0.1168,0.0170,-0.0027,-0.1945,0.1359,-0.0111,1.000,0.000,0.0704,0.0391,0.0763,-0.1228,0.0122,0.1459,0,0.9410,-0.2719,0.0152,1,0.00,0.000,0.033,0.002,SHIFT,-0.8358,0.1989,1.5706,0.1424,-0.2724,-0.1816,1.0383,0.2854,0.1644,1,0.00,0.001,0.034,0.006,SHIFT,0.4007,-0.3108,1.5703,0.2642,0.2926,-0.0893,0.8145,-0.3426,0.0150,1,1.05,0.181,0.158,0.015,SHIFT,0.0708,0.0649,1.5659,0.0160,-0.3401,-0.1611,0.8163,0.3760,0.0880,0,0.00,0.000,0.079,0.027,SHIFT,-0.1328,0.0013,1.3444,0.0355,0.3811,-0.1464,0.4410,-0.1943,0.0146,1,1.36,0.160,0.110,0.116,SHIFT,-0.1159,-0.0944,1.3864,-0.3529,-0.1842,-0.1277,0.4456,0.1873,0.0152,0,0.00,0.006,0.010,0.032,SHIFT,0.0625,0.0707,1.2473,-0.3437,0.1961,-0.1576
10.197,1188,placemove,0.7742,-0.0163,0.1985,0.0757,-0.1181,0.0127,0.1468,-0.0008,0.0061,-0.0423,0.2848,0.0266,1.000,0.000,0.0693,0.0359,0.0757,-0.1181,0.0127,0.1461,0,0.9411,-0.2731,0.0153,0,0.00,0.018,0.027,0.002,SHIFT,-0.8436,0.1950,1.5707,0.1410,-0.2734,-0.1811,1.0396,0.2863,0.1643,1,0.00,0.000,0.015,0.001,SHIFT,0.4049,-0.3155,1.5704,0.2635,0.2936,-0.0883,0.8145,-0.3426,0.0149,1,4.44,0.769,0.573,0.095,SHIFT,0.0637,0.0670,1.5656,0.0143,-0.3399,-0.1614,0.8184,0.3718,0.0774,0,0.00,0.007,0.039,0.031,SHIFT,-0.1316,0.0511,1.3264,0.0346,0.3763,-0.1561,0.4411,-0.1945,0.0155,1,0.00,0.001,0.054,0.026,SHIFT,-0.1184,-0.0874,1.3700,-0.3545,-0.1842,-0.1285,0.4458,0.1872,0.0148,1,3.61,0.746,0.724,0.121,SHIFT,0.0644,0.0831,1.2247,-0.3451,0.1962,-0.1594
10.240,1192,placemove,0.7766,-0.0164,0.1987,0.0756,-0.1152,0.0129,0.1526,-0.0014,0.0101,-0.0011,0.1181,0.0054,1.000,0.000,0.0686,0.0423,0.0756,-0.1152,0.0129,0.1341,0,0.9412,-0.2738,0.0150,0,0.00,0.006,0.034,0.005,SHIFT,-0.8537,0.1937,1.5707,0.1390,-0.2741,-0.1809,1.0408,0.2874,0.1642,1,5.27,0.130,0.838,0.168,SHIFT,0.4106,-0.3187,1.5705,0.2624,0.2947,-0.0876,0.8146,-0.3426,0.0148,1,6.22,0.042,0.599,0.427,SHIFT,0.0550,0.0668,1.5667,0.0124,-0.3399,-0.1614,0.8199,0.3683,0.0687,0,0.00,0.005,0.038,0.036,SHIFT,-0.1274,0.0936,1.3085,0.0330,0.3723,-0.1642,0.4411,-0.1946,0.0162,0,0.00,0.004,0.007,0.024,SHIFT,-0.1211,-0.0822,1.3526,-0.3565,-0.1842,-0.1289,0.4460,0.1871,0.0148,1,4.22,0.018,0.522,0.188,SHIFT,0.0674,0.0915,1.2039,-0.3469,0.1962,-0.1603
10.271,1196,placemove,0.7792,-0.0162,0.1989,0.0752,-0.1153,0.0131,0.1478,0.0114,-0.0040,0.0042,-0.0729,0.0099,1.000,0.000,0.0681,0.0509,0.0752,-0.1153,0.0131,0.1466,0,0.9413,-0.2741,0.0149,1,6.14,0.153,0.118,0.783,SHIFT,-0.8666,0.1941,1.5709,0.1364,-0.2745,-0.1809,1.0418,0.2887,0.1642,1,2.36,0.066,0.370,0.084,SHIFT,0.4179,-0.3189,1.5706,0.2608,0.2959,-0.0876,0.8148,-0.3428,0.0151,1,0.00,0.006,0.035,0.003,SHIFT,0.0441,0.0647,1.5676,0.0099,-0.3402,-0.1610,0.8209,0.3655,0.0615,0,0.00,0.004,0.011,0.029,SHIFT,-0.1196,0.1292,1.2923,0.0305,0.3690,-0.1709,0.4413,-0.1946,0.0161,0,0.00,0.006,0.032,0.031,SHIFT,-0.1244,-0.0776,1.3326,-0.3590,-0.1843,-0.1290,0.4462,0.1871,0.0147,1,4.11,0.085,0.311,0.332,SHIFT,0.0715,0.0939,1.1865,-0.3493,0.1961,-0.1601
10.325,1200,placemove,0.7817,-0.0159,0.1988,0.0752,-0.1165,0.0133,0.1373,0.0175,-0.0082,0.0081,-0.0725,0.0110,1.000,0.000,0.0678,0.0517,0.0752,-0.1165,0.0133,0.1342,0,0.9413,-0.2745,0.0148,1,6.62,0.210,0.158,0.829,STANCE,-0.8800,0.1930,1.5709,0.1338,-0.2751,-0.1808,1.0424,0.2903,0.1642,1,3.71,0.147,0.562,0.138,STANCE,0.4256,-0.3184,1.5706,0.2591,0.2971,-0.0877,0.8150,-0.3430,0.0152,0,0.00,0.011,0.023,0.004,STANCE,0.0329,0.0623,1.5683,0.0074,-0.3406,-0.1606,0.8215,0.3634,0.0556,0,0.00,0.002,0.044,0.026,STANCE,-0.1106,0.1572,1.2799,0.0279,0.3663,-0.1761,0.4416,-0.1946,0.0156,0,0.00,0.008,0.010,0.022,SWING,-0.1273,-0.0763,1.3156,-0.3614,-0.1844,-0.1285,0.4462,0.1870,0.0147,1,4.34,0.200,0.385,0.305,STANCE,0.0759,0.0932,1.1718,-0.3519,0.1960,-0.1593
10.347,1204,placemove,0.7838,-0.0158,0.1987,0.0749,-0.1172,0.0131,0.1199,0.0015,-0.0003,-0.0243,-0.0187,-0.0266,1.000,0.000,0.0677,0.0483,0.0749,-0.1172,0.0131,0.1466,0,0.9414,-0.2751,0.0148,1,0.00,0.005,0.030,0.003,STANCE,-0.8911,0.1912,1.5709,0.1316,-0.2758,-0.1805,1.0431,0.2914,0.1643,1,3.47,0.070,0.566,0.113,STANCE,0.4322,-0.3188,1.5707,0.2576,0.2982,-0.0876,0.8151,-0.3429,0.0149,1,5.79,0.331,0.712,0.228,STANCE,0.0235,0.0626,1.5687,0.0053,-0.3405,-0.1607,0.8221,0.3615,0.0510,0,0.00,0.005,0.021,0.018,STANCE,-0.1031,0.1791,1.2704,0.0258,0.3640,-0.1801,0.4411,-0.1957,0.0219,0,0.00,0.008,0.062,0.046,SWING,-0.1273,-0.1177,1.3365,-0.3634,-0.1852,-0.1203,0.4463,0.1870,0.0146,1,3.41,0.373,0.663,0.102,STANCE,0.0795,0.0936,1.1584,-0.3540,0.1958,-0.1588
10.404,1208,placemove,0.7857,-0.0157,0.1987,0.0745,-0.1167,0.0128,0.1067,0.0024,-0.0006,-0.0212,0.0490,-0.0143,1.000,0.000,0.0674,0.0436,0.0745,-0.1167,0.0128,0.1465,0,0.9414,-0.2760,0.0149,1,0.00,0.004,0.032,0.003,STANCE,-0.8999,0.1889,1.5709,0.1299,-0.2765,-0.1802,1.0439,0.2923,0.1643,1,3.48,0.065,0.537,0.141,STANCE,0.4377,-0.3204,1.5707,0.2565,0.2991,-0.0872,0.8151,-0.3429,0.0148,1,5.71,0.303,0.726,0.204,STANCE,0.0160,0.0627,1.5692,0.0036,-0.3405,-0.1607,0.8228,0.3598,0.0472,0,0.00,0.003,0.025,0.015,STANCE,-0.0972,0.1962,1.2631,0.0241,0.3622,-0.1832,0.4409,-0.1979,0.0343,0,0.00,0.006,0.145,0.065,SWING,-0.1234,-0.1843,1.3844,-0.3637,-0.1866,-0.1077,0.4465,0.1870,0.0146,1,3.50,0.349,0.679,0.098,STANCE,0.0825,0.0958,1.1454,-0.3557,0.1957,-0.1587
10.426,1212,placemove,0.7874,-0.0156,0.1987,0.0741,-0.1153,0.0128,0.0960,0.0028,-0.0008,-0.0175,0.0970,-0.0050,1.000,0.000,0.0671,0.0393,0.0741,-0.1153,0.0128,0.1465,0,0.9414,-0.2767,0.0149,1,0.41,0.026,0.031,0.053,STANCE,-0.9070,0.1862,1.5707,0.1285,-0.2772,-0.1798,1.0447,0.2932,0.1642,1,3.36,0.059,0.509,0.143,STANCE,0.4423,-0.3230,1.5707,0.2556,0.3000,-0.0867,0.8151,-0.3429,0.0147,1,5.33,0.251,0.668,0.200,STANCE,0.0099,0.0626,1.5696,0.0022,-0.3404,-0.1607,0.8234,0.3584,0.0443,0,0.00,0.001,0.027,0.012,STANCE,-0.0927,0.2096,1.2575,0.0228,0.3606,-0.1856,0.4406,-0.2008,0.0473,0,0.00,0.005,0.141,0.051,SWING,-0.1171,-0.2510,1.4243,-0.3641,-0.1887,-0.0948,0.4466,0.1869,0.0146,1,3.63,0.325,0.663,0.063,STANCE,0.0848,0.0997,1.1326,-0.3570,0.1956,-0.1589
10.467,1216,placemove,0.7889,-0.0156,0.1987,0.0738,-0.1133,0.0128,0.0875,0.0042,0.0005,-0.0146,0.1247,0.0029,1.000,0.000,0.0668,0.0360,0.0738,-0.1133,0.0128,0.1465,0,0.9414,-0.2774,0.0149,1,1.64,0.090,0.026,0.221,STANCE,-0.9128,0.1835,1.5706,0.1274,-0.2779,-0.1794,1.0453,0.2940,0.1643,1,3.09,0.039,0.472,0.126,STANCE,0.4461,-0.3261,1.5707,0.2549,0.3008,-0.0860,0.8151,-0.3429,0.0147,1,4.09,0.086,0.578,0.099,STANCE,0.0049,0.0623,1.5699,0.0011,-0.3404,-0.1606,0.8239,0.3573,0.0419,0,0.00,0.001,0.029,0.009,STANCE,-0.0891,0.2201,1.2532,0.0218,0.3594,-0.1875,0.4396,-0.2042,0.0609,0,0.00,0.005,0.139,0.040,SWING,-0.1106,-0.3177,1.4551,-0.3649,-0.1911,-0.0815,0.4468,0.1869,0.0146,1,3.85,0.243,0.604,0.022,STANCE,0.0866,0.1046,1.1202,-0.3581,0.1956,-0.1594
10.491,1220,placemove,0.7903,-0.0155,0.1987,0.0736,-0.1111,0.0129,0.0799,0.0048,0.0008,-0.0126,0.1283,0.0057,1.000,0.000,0.0665,0.0339,0.0736,-0.1111,0.0129,0.1466,0,0.9415,-0.2781,0.0149,1,2.42,0.129,0.020,0.326,STANCE,-0.9178,0.1808,1.5705,0.1265,-0.2785,-0.1790,1.0459,0.2948,0.1643,1,2.84,0.023,0.435,0.113,STANCE,0.4495,-0.3293,1.5708,0.2542,0.3016,-0.0854,0.8152,-0.3429,0.0147,1,3.40,0.019,0.489,0.077,STANCE,0.0005,0.0620,1.5701,0.0001,-0.3405,-0.1606,0.8243,0.3564,0.0401,0,0.00,0.001,0.030,0.008,STANCE,-0.0860,0.2283,1.2499,0.0210,0.3584,-0.1890,0.4390,-0.2085,0.0750,0,0.00,0.007,0.138,0.031,SWING,-0.0998,-0.3843,1.4801,-0.3651,-0.1946,-0.0678,0.4469,0.1868,0.0146,1,3.94,0.194,0.554,0.078,STANCE,0.0882,0.1099,1.1084,-0.3591,0.1955,-0.1600
10.540,1224,placemove,0.7916,-0.0154,0.1987,0.0734,-0.1090,0.0130,0.0781,0.0102,-0.0033,-0.0329,0.1451,0.0073,1.000,0.000,0.0663,0.0326,0.0734,-0.1090,0.0130,0.1466,0,0.9415,-0.2786,0.0149,1,4.68,0.266,0.000,0.627,STANCE,-0.9223,0.1785,1.5705,0.1256,-0.2790,-0.1787,1.0464,0.2955,0.1644,1,0.00,0.000,0.005,0.002,STANCE,0.4527,-0.3323,1.5708,0.2537,0.3023,-0.0847,0.8152,-0.3429,0.0146,1,1.18,0.012,0.152,0.018,STANCE,-0.0035,0.0616,1.5702,-0.0008,-0.3405,-0.1605,0.8246,0.3557,0.0386,0,0.00,0.008,0.009,0.006,STANCE,-0.0831,0.2348,1.2474,0.0202,0.3576,-0.1901,0.4396,-0.2149,0.0894,0,0.00,0.014,0.155,0.023,SWING,-0.0804,-0.4510,1.4997,-0.3641,-0.2004,-0.0537,0.4470,0.1868,0.0146,1,4.19,0.446,0.452,0.181,STANCE,0.0897,0.1150,1.0974,-0.3599,0.1954,-0.1606
10.563,1228,placemove,0.7928,-0.0153,0.1987,0.0733,-0.1071,0.0131,0.0681,0.0046,0.0012,-0.0082,0.1037,0.0035,1.000,0.000,0.0661,0.0320,0.0733,-0.1071,0.0131,0.1466,0,0.9415,-0.2790,0.0148,1,3.40,0.215,0.008,0.454,STANCE,-0.9266,0.1764,1.5705,0.1248,-0.2795,-0.1784,1.0469,0.2963,0.1644,1,2.59,0.006,0.395,0.103,STANCE,0.4557,-0.3349,1.5708,0.2531,0.3029,-0.0841,0.8152,-0.3429,0.0147,1,2.51,0.224,0.367,0.058,STANCE,-0.0072,0.0612,1.5703,-0.0016,-0.3406,-0.1604,0.8248,0.3552,0.0375,0,0.00,0.002,0.032,0.005,STANCE,-0.0803,0.2399,1.2455,0.0195,0.3570,-0.1910,0.4417,-0.2238,0.1040,0,0.00,0.005,0.137,0.019,SWING,-0.0511,-0.5177,1.5151,-0.3613,-0.2085,-0.0394,0.4471,0.1868,0.0146,1,4.08,0.108,0.455,0.178,STANCE,0.0911,0.1198,1.0871,-0.3607,0.1953,-0.1611
10.602,1232,placemove,0.7939,-0.0152,0.1987,0.0732,-0.1055,0.0132,0.0641,0.0045,0.0013,-0.0065,0.0862,0.0026,1.000,0.000,0.0660,0.0317,0.0732,-0.1055,0.0132,0.1466,0,0.9415,-0.2794,0.0148,1,3.74,0.219,0.005,0.500,STANCE,-0.9307,0.1747,1.5706,0.1240,-0.2799,-0.1781,1.0473,0.2969,0.1644,1,2.43,0.004,0.366,0.099,STANCE,0.4586,-0.3371,1.5708,0.2525,0.3035,-0.0837,0.8153,-0.3429,0.0147,1,2.24,0.231,0.315,0.061,STANCE,-0.0107,0.0609,1.5704,-0.0024,-0.3406,-0.1604,0.8250,0.3548,0.0365,0,0.00,0.002,0.033,0.004,STANCE,-0.0774,0.2440,1.2442,0.0187,0.3565,-0.1918,0.4455,-0.2341,0.1188,0,0.00,0.002,0.136,0.015,SWING,-0.0163,-0.5843,1.5272,-0.3571,-0.2179,-0.0248,0.4472,0.1868,0.0146,1,4.17,0.101,0.427,0.209,STANCE,0.0925,0.1241,1.0775,-0.3615,0.1952,-0.1615
10.625,1236,placemove,0.7949,-0.0152,0.1987,0.0731,-0.1042,0.0132,0.0617,0.0045,0.0017,-0.0049,0.0718,0.0025,1.000,0.000,0.0659,0.0317,0.0731,-0.1042,0.0132,0.1466,0,0.9416,-0.2797,0.0147,1,4.08,0.163,0.002,0.552,STANCE,-0.9347,0.1733,1.5707,0.1232,-0.2802,-0.1779,1.0477,0.2975,0.1644,1,2.38,0.011,0.358,0.097,STANCE,0.4615,-0.3390,1.5708,0.2520,0.3041,-0.0833,0.8153,-0.3429,0.0147,1,1.93,0.199,0.286,0.035,STANCE,-0.0141,0.0605,1.5705,-0.0032,-0.3406,-0.1603,0.8252,0.3545,0.0358,0,0.00,0.002,0.033,0.004,STANCE,-0.0745,0.2471,1.2432,0.0180,0.3561,-0.1923,0.4494,-0.2430,0.1338,0,0.00,0.004,0.135,0.010,SWING,0.0134,-0.6510,1.5366,-0.3527,-0.2255,-0.0101,0.4473,0.1867,0.0146,1,4.18,0.078,0.414,0.220,STANCE,0.0939,0.1278,1.0686,-0.3622,0.1952,-0.1619
10.668,1240,placemove,0.7959,-0.0151,0.1988,0.0730,-0.1031,0.0133,0.0619,0.0103,-0.0023,-0.0241,0.0790,0.0057,1.000,0.000,0.0658,0.0318,0.0730,-0.1031,0.0133,0.1467,0,0.9416,-0.2799,0.0147,1,5.75,0.123,0.029,0.776,STANCE,-0.9386,0.1722,1.5707,0.1224,-0.2805,-0.1778,1.0480,0.2981,0.1645,1,0.00,0.001,0.012,0.004,STANCE,0.4644,-0.3405,1.5708,0.2514,0.3046,-0.0830,0.8154,-0.3429,0.0147,1,0.12,0.026,0.010,0.002,STANCE,-0.0173,0.0601,1.5705,-0.0039,-0.3407,-0.1602,0.8253,0.3542,0.0352,0,0.00,0.009,0.018,0.003,STANCE,-0.0714,0.2496,1.2425,0.0172,0.3558,-0.1928,0.4533,-0.2483,0.1420,0,0.00,0.001,0.084,0.000,SWING,0.0325,-0.6766,1.5440,-0.3493,-0.2299,-0.0048,0.4473,0.1867,0.0147,1,4.32,0.315,0.327,0.298,STANCE,0.0953,0.1311,1.0599,-0.3630,0.1951,-0.1622
10.691,1244,placemove,0.7969,-0.0150,0.1988,0.0729,-0.1023,0.0133,0.0557,0.0044,0.0016,-0.0033,0.0434,-0.0019,1.000,0.000,0.0657,0.0320,0.0729,-0.1023,0.0133,0.1467,0,0.9416,-0.2801,0.0146,1,4.51,0.072,0.019,0.606,STANCE,-0.9424,0.1713,1.5707,0.1216,-0.2807,-0.1776,1.0483,0.2987,0.1645,1,2.35,0.026,0.346,0.106,STANCE,0.4672,-0.3417,1.5708,0.2508,0.3051,-0.0827,0.8155,-0.3429,0.0147,1,1.46,0.151,0.214,0.021,STANCE,-0.0205,0.0598,1.5706,-0.0046,-0.3407,-0.1602,0.8254,0.3541,0.0347,0,0.00,0.004,0.034,0.002,STANCE,-0.0683,0.2516,1.2420,0.0164,0.3555,-0.1931,0.4583,-0.2489,0.1285,0,0.00,0.002,0.064,0.005,SWING,0.0414,-0.6129,1.5498,-0.3466,-0.2313,-0.0202,0.4474,0.1867,0.0147,1,4.29,0.008,0.358,0.277,STANCE,0.0967,0.1340,1.0516,-0.3638,0.1950,-0.1624
10.728,1248,placemove,0.7978,-0.0149,0.1988,0.0729,-0.1016,0.0133,0.0533,0.0047,0.0016,-0.0033,0.0344,-0.0027,1.000,0.000,0.0656,0.0321,0.0729,-0.1016,0.0133,0.1467,0,0.9417,-0.2803,0.0146,1,4.79,0.045,0.031,0.639,SHIFT,-0.9461,0.1706,1.5708,0.1209,-0.2809,-0.1775,1.0486,0.2992,0.1645,1,2.29,0.038,0.334,0.106,SHIFT,0.4700,-0.3426,1.5708,0.2502,0.3056,-0.0825,0.8156,-0.3429,0.0147,1,1.25,0.130,0.180,0.016,SHIFT,-0.0236,0.0594,1.5706,-0.0053,-0.3407,-0.1601,0.8254,0.3540,0.0343,0,0.00,0.003,0.034,0.002,SHIFT,-0.0651,0.2531,1.2417,0.0157,0.3553,-0.1934,0.4632,-0.2471,0.1134,0,0.00,0.002,0.064,0.004,SWING,0.0441,-0.5462,1.5543,-0.3441,-0.2307,-0.0360,0.4474,0.1867,0.0147,1,4.28,0.003,0.359,0.273,SHIFT,0.0981,0.1365,1.0437,-0.3646,0.1949,-0.1625
10.751,1252,placemove,0.7989,-0.0148,0.1989,0.0728,-0.1011,0.0134,0.0678,0.0086,0.0019,-0.0059,0.0302,0.0027,1.000,0.000,0.0656,0.0322,0.0728,-0.1011,0.0134,0.1467,0,0.9417,-0.2803,0.0146,1,5.51,0.027,0.130,0.669,SHIFT,-0.9508,0.1700,1.5711,0.1199,-0.2811,-0.1774,1.0488,0.2999,0.1645,1,2.08,0.083,0.304,0.091,SHIFT,0.4734,-0.3435,1.5708,0.2494,0.3062,-0.0823,0.8157,-0.3428,0.0147,1,0.55,0.054,0.067,0.001,SHIFT,-0.0275,0.0590,1.5706,-0.0062,-0.3408,-0.1601,0.8254,0.3539,0.0340,0,0.00,0.009,0.033,0.002,SHIFT,-0.0612,0.2542,1.2417,0.0147,0.3551,-0.1936,0.4689,-0.2447,0.0986,0,0.00,0.005,0.063,0.003,SHIFT,0.0467,-0.4796,1.5579,-0.3409,-0.2295,-0.0514,0.4474,0.1867,0.0147,1,4.41,0.006,0.373,0.279,SHIFT,0.0997,0.1392,1.0345,-0.3655,0.1948,-0.1626
10.791,1256,placemove,0.8001,-0.0146,0.1989,0.0727,-0.1007,0.0135,0.0781,0.0100,0.0020,-0.0075,0.0264,0.0042,1.000,0.000,0.0655,0.0324,0.0727,-0.1007,0.0135,0.1467,0,0.9417,-0.2803,0.0145,1,6.14,0.113,0.209,0.704,SHIFT,-0.9565,0.1695,1.5716,0.1188,-0.2812,-0.1773,1.0491,0.3007,0.1646,1,2.01,0.090,0.298,0.083,SHIFT,0.4776,-0.3444,1.5708,0.2485,0.3069,-0.0821,0.8158,-0.3427,0.0148,1,0.01,0.002,0.032,0.001,SHIFT,-0.0322,0.0586,1.5706,-0.0073,-0.3408,-0.1600,0.8254,0.3539,0.0337,0,0.00,0.008,0.034,0.001,SHIFT,-0.0563,0.2551,1.2419,0.0135,0.3550,-0.1938,0.4752,-0.2414,0.0843,0,0.00,0.007,0.063,0.003,SHIFT,0.0475,-0.4129,1.5607,-0.3371,-0.2274,-0.0666,0.4474,0.1867,0.0147,1,4.41,0.032,0.387,0.270,SHIFT,0.1016,0.1421,1.0236,-0.3667,0.1947,-0.1627
10.814,1260,placemove,0.8015,-0.0144,0.1989,0.0725,-0.1002,0.0136,0.0845,0.0112,0.0024,-0.0091,0.0221,0.0033,1.000,0.000,0.0654,0.0325,0.0725,-0.1002,0.0136,0.1468,0,0.9417,-0.2803,0.0145,1,6.19,0.133,0.201,0.719,SHIFT,-0.9629,0.1690,1.5719,0.1174,-0.2814,-0.1773,1.0494,0.3016,0.1646,1,2.06,0.097,0.310,0.081,SHIFT,0.4822,-0.3453,1.5708,0.2475,0.3076,-0.0819,0.8160,-0.3427,0.0148,1,0.00,0.004,0.033,0.001,SHIFT,-0.0374,0.0580,1.5707,-0.0085,-0.3409,-0.1599,0.8254,0.3540,0.0334,0,0.00,0.006,0.034,0.001,SHIFT,-0.0509,0.2557,1.2422,0.0122,0.3549,-0.1939,0.4822,-0.2373,0.0705,0,0.00,0.008,0.064,0.003,SHIFT,0.0471,-0.3462,1.5629,-0.3328,-0.2244,-0.0813,0.4474,0.1867,0.0147,1,4.32,0.053,0.389,0.256,SHIFT,0.1038,0.1453,1.0115,-0.3680,0.1946,-0.1627
10.856,1264,placemove,0.8029,-0.0142,0.1989,0.0723,-0.0999,0.0137,0.0866,0.0119,0.0017,-0.0093,0.0142,0.0042,1.000,0.000,0.0653,0.0326,0.0723,-0.0999,0.0137,0.1468,0,0.9417,-0.2803,0.0144,1,6.23,0.141,0.195,0.731,SHIFT,-0.9698,0.1685,1.5722,0.1160,-0.2815,-0.1772,1.0496,0.3026,0.1646,1,2.12,0.120,0.322,0.079,SHIFT,0.4872,-0.3461,1.5708,0.2463,0.3084,-0.0817,0.8161,-0.3426,0.0149,1,0.00,0.003,0.033,0.001,SHIFT,-0.0430,0.0573,1.5707,-0.0097,-0.3409,-0.1598,0.8254,0.3540,0.0331,0,0.00,0.005,0.035,0.001,SHIFT,-0.0450,0.2562,1.2426,0.0108,0.3548,-0.1940,0.4898,-0.2325,0.0571,0,0.00,0.007,0.063,0.003,SHIFT,0.0457,-0.2796,1.5646,-0.3278,-0.2208,-0.0956,0.4474,0.1867,0.0147,1,4.31,0.084,0.396,0.249,SHIFT,0.1060,0.1486,0.9986,-0.3694,0.1945,-0.1626
10.879,1268,placemove,0.8044,-0.0140,0.1990,0.0721,-0.0997,0.0138,0.0881,0.0122,0.0018,-0.0078,0.0114,0.0026,1.000,0.000,0.0651,0.0327,0.0721,-0.0997,0.0138,0.1468,0,0.9417,-0.2803,0.0144,1,6.37,0.168,0.209,0.742,SHIFT,-0.9768,0.1679,1.5724,0.1146,-0.2817,-0.1771,1.0498,0.3036,0.1646,1,2.06,0.119,0.314,0.075,SHIFT,0.4924,-0.3468,1.5708,0.2452,0.3092,-0.0816,0.8163,-0.3425,0.0150,1,0.00,0.004,0.033,0.001,SHIFT,-0.0488,0.0566,1.5707,-0.0110,-0.3410,-0.1597,0.8253,0.3541,0.0328,0,0.00,0.004,0.035,0.001,SHIFT,-0.0389,0.2565,1.2430,0.0093,0.3548,-0.1940,0.4979,-0.2272,0.0445,0,0.00,0.008,0.008,0.008,SHIFT,0.0437,-0.2150,1.5659,-0.3224,-0.2167,-0.1090,0.4474,0.1867,0.0146,1,4.41,0.108,0.419,0.241,SHIFT,0.1083,0.1519,0.9853,-0.3708,0.1944,-0.1626
10.913,1272,placemove,0.8059,-0.0138,0.1990,0.0720,-0.0995,0.0139,0.0881,0.0123,0.0019,-0.0073,0.0105,0.0011,1.000,0.000,0.0649,0.0328,0.0720,-0.0995,0.0139,0.1468,0,0.9417,-0.2803,0.0144,1,6.35,0.179,0.206,0.743,SHIFT,-0.9839,0.1674,1.5726,0.1131,-0.2819,-0.1770,1.0501,0.3046,0.1646,1,2.14,0.127,0.329,0.077,SHIFT,0.4977,-0.3474,1.5708,0.2439,0.3100,-0.0814,0.8164,-0.3424,0.0150,1,0.00,0.004,0.034,0.001,SHIFT,-0.0546,0.0558,1.5707,-0.0123,-0.3410,-0.1595,0.8253,0.3543,0.0326,0,0.00,0.003,0.035,0.001,SHIFT,-0.0327,0.2568,1.2434,0.0078,0.3547,-0.1941,0.5055,-0.2221,0.0343,0,0.00,0.007,0.001,0.007,SHIFT,0.0413,-0.1609,1.5670,-0.3174,-0.2128,-0.1199,0.4473,0.1867,0.0146,1,4.30,0.131,0.421,0.223,SHIFT,0.1107,0.1553,0.9718,-0.3723,0.1943,-0.1625
10.946,1276,placemove,0.8074,-0.0136,0.1990,0.0718,-0.0993,0.0139,0.0875,0.0047,0.0045,-0.0293,0.0134,-0.0260,1.000,0.000,0.0648,0.0329,0.0718,-0.0993,0.0139,0.1345,0,0.9417,-0.2803,0.0144,1,0.39,0.089,0.047,0.048,SHIFT,-0.9909,0.1668,1.5726,0.1117,-0.2821,-0.1769,1.0503,0.3056,0.1646,1,6.14,0.014,1.015,0.191,SHIFT,0.5030,-0.3480,1.5708,0.2427,0.3108,-0.0813,0.8166,-0.3421,0.0150,0,5.35,0.226,1.277,0.308,SHIFT,-0.0603,0.0562,1.5706,-0.0136,-0.3409,-0.1596,0.8252,0.3544,0.0323,0,0.00,0.033,0.034,0.005,SHIFT,-0.0265,0.2571,1.2437,0.0064,0.3547,-0.1941,0.5123,-0.2176,0.0263,0,0.00,0.010,0.007,0.009,SHIFT,0.0386,-0.1160,1.5678,-0.3129,-0.2091,-0.1287,0.4473,0.1867,0.0146,1,4.40,0.096,0.430,0.226,SHIFT,0.1130,0.1588,0.9583,-0.3737,0.1942,-0.1625
10.998,1280,placemove,0.8089,-0.0137,0.1991,0.0714,-0.0991,0.0132,0.0877,-0.0060,0.0036,-0.0192,0.0108,-0.0419,1.000,0.000,0.0646,0.0329,0.0714,-0.0991,0.0132,0.1470,0,0.9416,-0.2809,0.0145,1,1.35,0.191,0.021,0.139,SHIFT,-0.9977,0.1661,1.5722,0.1103,-0.2823,-0.1768,1.0508,0.3061,0.1645,1,5.49,0.271,0.928,0.116,SHIFT,0.5082,-0.3486,1.5708,0.2415,0.3116,-0.0812,0.8166,-0.3421,0.0149,1,5.23,0.259,0.935,0.007,SHIFT,-0.0658,0.0573,1.5702,-0.0149,-0.3407,-0.1598,0.8255,0.3541,0.0321,0,0.00,0.016,0.059,0.003,SHIFT,-0.0204,0.2573,1.2440,0.0049,0.3546,-0.1942,0.5182,-0.2136,0.0198,0,0.00,0.004,0.003,0.005,SHIFT,0.0358,-0.0783,1.5684,-0.3090,-0.2058,-0.1358,0.4475,0.1867,0.0146,1,3.27,0.121,0.619,0.084,SHIFT,0.1153,0.1621,0.9448,-0.3752,0.1940,-0.1624
11.020,1284,placemove,0.8103,-0.0138,0.1992,0.0712,-0.0988,0.0127,0.0716,-0.0221,0.0197,-0.0055,0.1188,0.0070,1.000,0.000,0.0643,0.0330,0.0712,-0.0988,0.0127,0.1471,0,0.9415,-0.2814,0.0145,1,1.30,0.241,0.077,0.081,SHIFT,-1.0043,0.1654,1.5718,0.1089,-0.2826,-0.1767,1.0512,0.3065,0.1645,1,11.32,0.147,2.095,0.204,SHIFT,0.5133,-0.3490,1.5708,0.2403,0.3124,-0.0811,0.8166,-0.3421,0.0148,1,0.00,0.019,0.067,0.006,SHIFT,-0.0711,0.0579,1.5699,-0.0161,-0.3406,-0.1599,0.8258,0.3539,0.0319,0,0.00,0.103,0.058,0.005,SHIFT,-0.0145,0.2575,1.2443,0.0035,0.3546,-0.1942,0.5235,-0.2101,0.0145,0,12.81,0.463,2.940,1.194,SHIFT,0.0328,-0.0490,1.5689,-0.3058,-0.2030,-0.1412,0.4477,0.1866,0.0146,1,0.00,0.119,0.173,0.053,SHIFT,0.1175,0.1655,0.9315,-0.3766,0.1939,-0.1623
11.070,1288,placemove,0.8112,-0.0150,0.2003,0.0730,-0.0914,0.0122,0.0641,-0.0776,0.0735,0.1542,0.4994,0.0033,1.000,0.000,0.0644,0.0349,0.0730,-0.0914,0.0122,0.1546,0,0.9398,-0.2831,0.0147,1,1.29,0.188,0.094,0.067,SHIFT,-1.0106,0.1610,1.5716,0.1076,-0.2834,-0.1761,1.0509,0.3062,0.1644,1,5.04,0.516,1.312,0.783,SHIFT,0.5181,-0.3492,1.5706,0.2392,0.3131,-0.0811,0.8150,-0.3433,0.0157,1,0.00,0.027,0.034,0.002,SHIFT,-0.0762,0.0544,1.5700,-0.0173,-0.3410,-0.1593,0.8244,0.3530,0.0331,0,0.00,0.004,0.027,0.000,SHIFT,-0.0089,0.2576,1.2445,0.0021,0.3545,-0.1942,0.5252,-0.2087,0.0144,1,4.73,0.289,1.322,0.459,SHIFT,0.0302,-0.0307,1.5693,-0.3039,-0.2011,-0.1446,0.4462,0.1857,0.0188,1,0.00,0.005,0.018,0.005,SHIFT,0.1197,0.1638,0.9253,-0.3778,0.1937,-0.1615
11.106,1292,placemove,0.8125,-0.0163,0.2014,0.0753,-0.0850,0.0124,0.0784,-0.0736,0.0560,0.1167,0.3181,0.0401,1.000,0.000,0.0656,0.0408,0.0753,-0.0850,0.0124,0.1369,0,0.9385,-0.2847,0.0147,1,1.87,0.280,0.130,0.122,STANCE,-1.0170,0.1572,1.5714,0.1063,-0.2842,-0.1755,1.0506,0.3057,0.1644,1,5.06,0.401,1.341,0.815,STANCE,0.5228,-0.3484,1.5705,0.2381,0.3137,-0.0812,0.8138,-0.3445,0.0162,0,0.00,0.020,0.029,0.003,STANCE,-0.0815,0.0526,1.5702,-0.0185,-0.3412,-0.1590,0.8229,0.3521,0.0349,0,0.00,0.002,0.036,0.002,STANCE,-0.0030,0.2574,1.2449,0.0007,0.3545,-0.1942,0.5271,-0.2076,0.0144,1,4.85,0.070,1.372,0.492,STANCE,0.0275,-0.0151,1.5696,-0.3023,-0.1993,-0.1473,0.4447,0.1844,0.0243,0,0.00,0.002,0.027,0.002,SWING,0.1219,0.1555,0.9271,-0.3791,0.1936,-0.1596
11.143,1296,placemove,0.8138,-0.0173,0.2022,0.0770,-0.0813,0.0130,0.0829,-0.0541,0.0441,0.0874,0.1662,0.0581,1.000,0.000,0.0672,0.0481,0.0770,-0.0813,0.0130,0.1377,0,0.9380,-0.2858,0.0147,1,2.41,0.324,0.096,0.226,STANCE,-1.0233,0.1557,1.5713,0.1050,-0.2845,-0.1753,1.0504,0.3053,0.1644,1,4.68,0.375,1.247,0.757,STANCE,0.5272,-0.3465,1.5705,0.2369,0.3142,-0.0816,0.8135,-0.3450,0.0162,0,0.00,0.011,0.028,0.001,STANCE,-0.0867,0.0546,1.5695,-0.0196,-0.3409,-0.1593,0.8219,0.3513,0.0363,0,0.00,0.002,0.034,0.001,STANCE,0.0030,0.2564,1.2457,-0.0007,0.3546,-0.1940,0.5290,-0.2070,0.0144,1,4.71,0.062,1.317,0.467,STANCE,0.0247,-0.0051,1.5697,-0.3013,-0.1980,-0.1491,0.4428,0.1823,0.0357,0,0.00,0.013,0.128,0.099,SWING,0.1253,0.0984,0.9833,-0.3808,0.1931,-0.1496
11.164,1300,placemove,0.8152,-0.0180,0.2028,0.0782,-0.0797,0.0136,0.0766,-0.0339,0.0349,0.0625,0.0581,0.0332,1.000,0.000,0.0687,0.0545,0.0782,-0.0797,0.0136,0.1384,0,0.9379,-0.2863,0.0147,1,2.97,0.178,0.003,0.395,STANCE,-1.0294,0.1559,1.5712,0.1037,-0.2845,-0.1753,1.0504,0.3053,0.1644,1,4.65,0.314,1.085,0.421,STANCE,0.5315,-0.3437,1.5701,0.2358,0.3146,-0.0822,0.8137,-0.3451,0.0156,0,0.00,0.006,0.028,0.004,STANCE,-0.0917,0.0595,1.5659,-0.0208,-0.3406,-0.1602,0.8212,0.3509,0.0376,0,0.00,0.003,0.034,0.000,STANCE,0.0091,0.2550,1.2468,-0.0022,0.3547,-0.1938,0.5307,-0.2066,0.0144,1,4.37,0.013,1.216,0.433,STANCE,0.0220,0.0005,1.5699,-0.3009,-0.1970,-0.1501,0.4414,0.1794,0.0487,0,0.00,0.010,0.133,0.098,SWING,0.1308,0.0317,1.0500,-0.3821,0.1919,-0.1380
11.214,1304,placemove,0.8162,-0.0184,0.2035,0.0780,-0.0804,0.0136,0.0388,-0.0056,0.0410,-0.0935,-0.1413,-0.0386,1.000,0.000,0.0698,0.0594,0.0780,-0.0804,0.0136,0.1512,0,0.9379,-0.2864,0.0151,1,0.00,0.005,0.029,0.002,STANCE,-1.0351,0.1572,1.5712,0.1025,-0.2843,-0.1755,1.0505,0.3053,0.1644,1,5.05,0.112,1.209,0.519,STANCE,0.5354,-0.3404,1.5696,0.2348,0.3149,-0.0829,0.8139,-0.3450,0.0149,1,3.93,0.005,0.441,0.208,STANCE,-0.0965,0.0665,1.5599,-0.0218,-0.3402,-0.1614,0.8208,0.3506,0.0384,0,0.00,0.004,0.032,0.000,STANCE,0.0150,0.2532,1.2480,-0.0036,0.3548,-0.1935,0.5319,-0.2062,0.0145,1,2.59,0.054,0.710,0.256,STANCE,0.0195,0.0033,1.5701,-0.3009,-0.1962,-0.1506,0.4408,0.1762,0.0606,0,0.00,0.009,0.130,0.098,SWING,0.1374,-0.0349,1.1166,-0.3829,0.1900,-0.1263
11.239,1308,placemove,0.8167,-0.0184,0.2041,0.0766,-0.0829,0.0130,0.0304,-0.0025,0.0325,-0.0715,-0.1564,-0.0424,1.000,0.000,0.0698,0.0629,0.0766,-0.0829,0.0130,0.1395,0,0.9377,-0.2865,0.0160,0,0.00,0.000,0.026,0.002,STANCE,-1.0401,0.1594,1.5711,0.1015,-0.2839,-0.1759,1.0504,0.3054,0.1644,1,5.53,0.248,1.385,0.698,STANCE,0.5390,-0.3371,1.5691,0.2338,0.3153,-0.0836,0.8139,-0.3450,0.0149,1,3.22,0.077,0.507,0.037,STANCE,-0.1007,0.0725,1.5545,-0.0227,-0.3400,-0.1624,0.8207,0.3504,0.0387,0,0.00,0.001,0.037,0.000,STANCE,0.0205,0.2516,1.2491,-0.0049,0.3549,-0.1932,0.5328,-0.2058,0.0145,1,3.35,0.079,0.901,0.309,STANCE,0.0174,0.0041,1.5702,-0.3010,-0.1957,-0.1507,0.4410,0.1735,0.0715,0,0.00,0.005,0.139,0.097,SWING,0.1423,-0.1016,1.1833,-0.3827,0.1883,-0.1147
11.275,1312,placemove,0.8172,-0.0184,0.2046,0.0757,-0.0864,0.0122,0.0245,-0.0010,0.0289,-0.0354,-0.2511,-0.0595,1.000,0.000,0.0692,0.0730,0.0757,-0.0864,0.0122,0.1400,0,0.9375,-0.2859,0.0164,0,0.00,0.001,0.026,0.001,STANCE,-1.0455,0.1646,1.5710,0.1003,-0.2830,-0.1766,1.0504,0.3053,0.1644,1,5.94,0.232,1.600,0.966,STANCE,0.5426,-0.3323,1.5690,0.2328,0.3154,-0.0846,0.8138,-0.3450,0.0148,1,2.87,0.058,0.737,0.210,STANCE,-0.1050,0.0768,1.5503,-0.0237,-0.3398,-0.1632,0.8207,0.3503,0.0390,0,0.00,0.002,0.035,0.000,STANCE,0.0262,0.2504,1.2499,-0.0063,0.3550,-0.1930,0.5332,-0.2055,0.0145,1,3.49,0.154,0.888,0.273,STANCE,0.0154,0.0019,1.5703,-0.3015,-0.1955,-0.1503,0.4426,0.1727,0.0822,0,0.00,0.004,0.139,0.097,SWING,0.1399,-0.1682,1.2499,-0.3810,0.1884,-0.1031
11.296,1316,placemove,0.8176,-0.0185,0.2050,0.0754,-0.0918,0.0111,0.0249,0.0023,0.0264,-0.0050,-0.3586,-0.0652,1.000,0.000,0.0685,0.0857,0.0754,-0.0918,0.0111,0.1405,0,0.9373,-0.2847,0.0164,0,0.00,0.010,0.021,0.002,STANCE,-1.0523,0.1727,1.5710,0.0989,-0.2816,-0.1778,1.0502,0.3051,0.1644,1,5.36,0.196,1.443,0.862,STANCE,0.5466,-0.3251,1.5693,0.2315,0.3153,-0.0862,0.8138,-0.3449,0.0148,1,2.75,0.263,0.564,0.073,STANCE,-0.1099,0.0795,1.5476,-0.0248,-0.3396,-0.1637,0.8207,0.3502,0.0394,0,0.00,0.003,0.034,0.002,STANCE,0.0331,0.2496,1.2503,-0.0080,0.3551,-0.1928,0.5333,-0.2054,0.0145,1,4.12,0.362,0.589,0.090,STANCE,0.0134,-0.0046,1.5702,-0.3026,-0.1956,-0.1492,0.4461,0.1747,0.0925,0,0.00,0.005,0.154,0.086,SWING,0.1264,-0.2349,1.3159,-0.3773,0.1913,-0.0916
11.335,1320,placemove,0.8181,-0.0183,0.2054,0.0754,-0.0981,0.0103,0.0317,0.0145,0.0222,0.0089,-0.3755,-0.0421,1.000,0.000,0.0682,0.0935,0.0754,-0.0981,0.0103,0.1409,0,0.9373,-0.2828,0.0161,0,0.00,0.001,0.021,0.001,STANCE,-1.0598,0.1828,1.5709,0.0974,-0.2798,-0.1793,1.0501,0.3051,0.1643,1,5.56,0.139,1.356,0.612,STANCE,0.5506,-0.3167,1.5692,0.2302,0.3152,-0.0880,0.8140,-0.3446,0.0148,1,2.80,0.276,0.537,0.042,STANCE,-0.1152,0.0811,1.5458,-0.0260,-0.3395,-0.1639,0.8208,0.3503,0.0398,0,0.00,0.002,0.034,0.001,STANCE,0.0404,0.2490,1.2506,-0.0097,0.3551,-0.1927,0.5333,-0.2054,0.0145,1,4.01,0.386,0.580,0.078,STANCE,0.0112,-0.0135,1.5701,-0.3040,-0.1959,-0.1476,0.4507,0.1802,0.1034,0,0.00,0.001,0.153,0.067,SWING,0.1010,-0.3016,1.3710,-0.3729,0.1977,-0.0796
11.356,1324,placemove,0.8186,-0.0180,0.2058,0.0756,-0.1041,0.0097,0.0274,0.0138,0.0184,0.0119,-0.3308,-0.0262,1.000,0.000,0.0680,0.0963,0.0756,-0.1041,0.0097,0.1413,0,0.9375,-0.2805,0.0156,0,0.00,0.001,0.021,0.001,STANCE,-1.0669,0.1940,1.5709,0.0960,-0.2777,-0.1809,1.0501,0.3052,0.1644,1,5.48,0.114,1.278,0.490,STANCE,0.5540,-0.3088,1.5689,0.2291,0.3151,-0.0896,0.8144,-0.3442,0.0147,1,2.77,0.274,0.521,0.033,STANCE,-0.1202,0.0820,1.5444,-0.0271,-0.3395,-0.1641,0.8210,0.3506,0.0402,0,0.00,0.000,0.034,0.001,STANCE,0.0468,0.2485,1.2508,-0.0112,0.3551,-0.1927,0.5333,-0.2053,0.0145,1,4.14,0.382,0.502,0.168,STANCE,0.0092,-0.0222,1.5700,-0.3054,-0.1961,-0.1461,0.4553,0.1881,0.1152,0,0.00,0.004,0.150,0.052,SWING,0.0683,-0.3682,1.4142,-0.3680,0.2062,-0.0668
11.407,1328,placemove,0.8189,-0.0178,0.2061,0.0751,-0.1095,0.0093,0.0073,0.0222,0.0233,-0.0789,-0.3510,-0.0377,1.000,0.000,0.0680,0.0963,0.0751,-0.1095,0.0093,0.1539,0,0.9377,-0.2781,0.0150,1,3.05,0.010,0.756,0.163,STANCE,-1.0732,0.2055,1.5709,0.0948,-0.2756,-0.1825,1.0500,0.3052,0.1643,1,4.73,0.309,1.232,0.649,STANCE,0.5566,-0.3024,1.5688,0.2282,0.3149,-0.0910,0.8147,-0.3440,0.0149,1,0.00,0.007,0.028,0.002,STANCE,-0.1243,0.0826,1.5433,-0.0280,-0.3394,-0.1642,0.8212,0.3507,0.0403,0,0.00,0.015,0.038,0.004,STANCE,0.0517,0.2482,1.2509,-0.0124,0.3551,-0.1926,0.5333,-0.2053,0.0145,1,4.43,0.158,0.573,0.147,STANCE,0.0073,-0.0295,1.5700,-0.3065,-0.1962,-0.1448,0.4590,0.1953,0.1277,0,0.00,0.005,0.145,0.039,SWING,0.0392,-0.4349,1.4481,-0.3638,0.2138,-0.0536
11.438,1332,placemove,0.8189,-0.0175,0.2064,0.0739,-0.1141,0.0091,0.0004,0.0140,0.0169,-0.0666,-0.2141,-0.0124,1.000,0.000,0.0675,0.0912,0.0739,-0.1141,0.0091,0.1419,0,0.9378,-0.2762,0.0149,1,2.49,0.025,0.610,0.135,STANCE,-1.0777,0.2145,1.5709,0.0939,-0.2740,-0.1838,1.0500,0.3053,0.1644,1,5.14,0.108,1.262,0.598,STANCE,0.5580,-0.2980,1.5685,0.2277,0.3148,-0.0919,0.8148,-0.3438,0.0154,0,0.00,0.002,0.031,0.000,STANCE,-0.1274,0.0832,1.5424,-0.0287,-0.3393,-0.1643,0.8214,0.3508,0.0402,0,0.00,0.005,0.033,0.001,STANCE,0.0548,0.2482,1.2509,-0.0132,0.3550,-0.1926,0.5333,-0.2052,0.0144,1,4.29,0.119,0.791,0.065,STANCE,0.0058,-0.0341,1.5697,-0.3073,-0.1963,-0.1439,0.4616,0.2011,0.1401,0,0.00,0.009,0.095,0.040,SWING,0.0149,-0.4983,1.4746,-0.3600,0.2200,-0.0406
11.471,1336,placemove,0.8189,-0.0173,0.2067,0.0729,-0.1160,0.0092,-0.0066,0.0048,0.0118,-0.0582,-0.0720,0.0098,1.000,0.000,0.0667,0.0830,0.0729,-0.1160,0.0092,0.1421,0,0.9378,-0.2751,0.0149,1,2.87,0.157,0.697,0.161,STANCE,-1.0801,0.2204,1.5708,0.0935,-0.2729,-0.1846,1.0500,0.3053,0.1644,1,5.18,0.060,1.323,0.683,STANCE,0.5581,-0.2962,1.5684,0.2276,0.3147,-0.0923,0.8148,-0.3438,0.0155,0,0.00,0.003,0.031,0.004,STANCE,-0.1293,0.0861,1.5391,-0.0292,-0.3393,-0.1648,0.8215,0.3508,0.0400,0,0.00,0.003,0.029,0.001,STANCE,0.0556,0.2486,1.2506,-0.0134,0.3550,-0.1927,0.5334,-0.2052,0.0145,1,3.75,0.115,0.986,0.326,STANCE,0.0048,-0.0351,1.5698,-0.3075,-0.1962,-0.1438,0.4683,0.2054,0.1350,0,0.00,0.012,0.038,0.026,SWING,-0.0059,-0.4683,1.4954,-0.3535,0.2234,-0.0494
11.492,1340,placemove,0.8187,-0.0173,0.2068,0.0719,-0.1161,0.0096,-0.0147,-0.0008,0.0072,-0.0552,0.0305,0.0213,1.000,0.000,0.0659,0.0750,0.0719,-0.1161,0.0096,0.1423,0,0.9376,-0.2745,0.0148,1,1.91,0.221,0.314,0.016,SHIFT,-1.0806,0.2238,1.5707,0.0934,-0.2722,-0.1851,1.0500,0.3054,0.1644,1,5.60,0.223,1.423,0.734,SHIFT,0.5570,-0.2967,1.5680,0.2279,0.3146,-0.0922,0.8147,-0.3438,0.0151,0,0.00,0.006,0.026,0.007,SHIFT,-0.1301,0.0913,1.5336,-0.0293,-0.3393,-0.1657,0.8215,0.3506,0.0397,0,0.00,0.011,0.035,0.002,SHIFT,0.0543,0.2495,1.2501,-0.0130,0.3549,-0.1928,0.5335,-0.2051,0.0145,1,5.00,0.018,1.413,0.518,SHIFT,0.0043,-0.0331,1.5698,-0.3073,-0.1959,-0.1441,0.4777,0.2082,0.1194,0,0.00,0.013,0.060,0.020,SWING,-0.0240,-0.4016,1.5117,-0.3457,0.2248,-0.0660
11.536,1344,placemove,0.8185,-0.0173,0.2070,0.0699,-0.1160,0.0100,-0.0072,-0.0021,0.0093,-0.1208,0.0168,0.0036,1.000,0.000,0.0648,0.0681,0.0699,-0.1160,0.0100,0.1547,0,0.9374,-0.2745,0.0153,1,0.00,0.013,0.025,0.003,SHIFT,-1.0812,0.2250,1.5707,0.0933,-0.2720,-0.1853,1.0499,0.3054,0.1644,1,5.54,0.374,1.173,0.370,SHIFT,0.5563,-0.2988,1.5681,0.2281,0.3147,-0.0917,0.8145,-0.3441,0.0149,1,2.67,0.432,0.186,0.204,SHIFT,-0.1312,0.0968,1.5273,-0.0296,-0.3392,-0.1667,0.8216,0.3502,0.0390,0,0.00,0.010,0.036,0.003,SHIFT,0.0529,0.2506,1.2495,-0.0127,0.3548,-0.1930,0.5338,-0.2051,0.0145,1,4.14,0.019,1.163,0.423,SHIFT,0.0036,-0.0295,1.5699,-0.3070,-0.1955,-0.1448,0.4871,0.2093,0.1044,0,0.00,0.008,0.059,0.017,SHIFT,-0.0385,-0.3349,1.5245,-0.3378,0.2248,-0.0817
11.567,1348,placemove,0.8185,-0.0174,0.2071,0.0682,-0.1154,0.0102,0.0075,-0.0116,0.0040,-0.0869,0.0324,-0.0016,1.000,0.000,0.0633,0.0650,0.0682,-0.1154,0.0102,0.1426,0,0.9370,-0.2748,0.0157,0,0.00,0.017,0.026,0.003,SHIFT,-1.0831,0.2258,1.5708,0.0929,-0.2719,-0.1854,1.0499,0.3053,0.1644,1,5.80,0.545,1.284,0.515,SHIFT,0.5565,-0.3015,1.5681,0.2282,0.3149,-0.0912,0.8139,-0.3445,0.0149,1,2.37,0.389,0.187,0.155,SHIFT,-0.1333,0.1004,1.5227,-0.0301,-0.3393,-0.1673,0.8217,0.3497,0.0382,0,0.00,0.010,0.036,0.003,SHIFT,0.0523,0.2520,1.2486,-0.0125,0.3547,-0.1933,0.5341,-0.2049,0.0145,1,4.39,0.113,1.240,0.453,SHIFT,0.0023,-0.0256,1.5700,-0.3066,-0.1949,-0.1455,0.4966,0.2089,0.0901,0,0.00,0.007,0.060,0.014,SHIFT,-0.0493,-0.2683,1.5345,-0.3300,0.2234,-0.0967
11.608,1352,placemove,0.8189,-0.0177,0.2072,0.0672,-0.1158,0.0102,0.0299,-0.0140,0.0028,-0.0450,-0.0712,-0.0067,1.000,0.000,0.0619,0.0716,0.0672,-0.1158,0.0102,0.1426,0,0.9365,-0.2747,0.0156,0,0.00,0.014,0.025,0.003,SHIFT,-1.0878,0.2288,1.5708,0.0920,-0.2713,-0.1858,1.0499,0.3054,0.1644,1,5.59,0.496,1.257,0.486,SHIFT,0.5583,-0.3024,1.5680,0.2278,0.3152,-0.0910,0.8134,-0.3450,0.0148,1,2.88,0.455,0.209,0.200,SHIFT,-0.1373,0.1021,1.5194,-0.0310,-0.3394,-0.1676,0.8218,0.3491,0.0376,0,0.00,0.007,0.035,0.003,SHIFT,0.0541,0.2536,1.2476,-0.0130,0.3545,-0.1935,0.5343,-0.2048,0.0144,1,4.36,0.011,1.133,0.356,SHIFT,0.0002,-0.0249,1.5701,-0.3068,-0.1944,-0.1456,0.5063,0.2070,0.0763,0,0.00,0.007,0.008,0.000,SHIFT,-0.0564,-0.2020,1.5423,-0.3223,0.2206,-0.1109
11.629,1356,placemove,0.8195,-0.0179,0.2072,0.0667,-0.1181,0.0100,0.0461,-0.0147,0.0019,-0.0179,-0.1570,-0.0167,1.000,0.000,0.0609,0.0787,0.0667,-0.1181,0.0100,0.1427,0,0.9361,-0.2740,0.0152,0,0.00,0.011,0.023,0.003,SHIFT,-1.0956,0.2342,1.5708,0.0905,-0.2702,-0.1865,1.0499,0.3054,0.1644,1,5.54,0.470,1.232,0.444,SHIFT,0.5618,-0.3009,1.5679,0.2269,0.3156,-0.0913,0.8130,-0.3455,0.0148,1,2.99,0.468,0.207,0.215,SHIFT,-0.1435,0.1021,1.5172,-0.0324,-0.3395,-0.1677,0.8219,0.3486,0.0370,0,0.00,0.004,0.036,0.003,SHIFT,0.0585,0.2550,1.2465,-0.0140,0.3543,-0.1938,0.5346,-0.2047,0.0144,1,4.33,0.021,1.095,0.331,SHIFT,-0.0028,-0.0280,1.5702,-0.3075,-0.1940,-0.1450,0.5156,0.2044,0.0644,0,0.00,0.006,0.003,0.001,SHIFT,-0.0600,-0.1462,1.5485,-0.3155,0.2173,-0.1224
11.668,1360,placemove,0.8203,-0.0181,0.2073,0.0658,-0.1217,0.0096,0.0453,-0.0110,0.0060,-0.0696,-0.2373,-0.0387,1.000,0.000,0.0602,0.0817,0.0658,-0.1217,0.0096,0.1551,0,0.9358,-0.2731,0.0149,1,2.65,0.388,0.436,0.009,SHIFT,-1.1052,0.2405,1.5707,0.0887,-0.2689,-0.1874,1.0499,0.3054,0.1644,1,5.32,0.217,1.274,0.579,SHIFT,0.5665,-0.2984,1.5678,0.2257,0.3160,-0.0918,0.8127,-0.3460,0.0150,1,0.00,0.001,0.031,0.000,SHIFT,-0.1509,0.1012,1.5157,-0.0341,-0.3396,-0.1675,0.8221,0.3481,0.0365,0,0.00,0.001,0.036,0.003,SHIFT,0.0645,0.2562,1.2455,-0.0154,0.3541,-0.1940,0.5348,-0.2047,0.0144,1,4.70,0.147,1.177,0.348,SHIFT,-0.0063,-0.0330,1.5702,-0.3086,-0.1937,-0.1441,0.5238,0.2016,0.0547,0,0.00,0.007,0.011,0.002,SHIFT,-0.0615,-0.1012,1.5533,-0.3100,0.2141,-0.1313
11.697,1364,placemove,0.8212,-0.0184,0.2073,0.0647,-0.1249,0.0092,0.0505,-0.0192,0.0023,-0.0548,-0.1557,-0.0284,1.000,0.000,0.0593,0.0780,0.0647,-0.1249,0.0092,0.1428,0,0.9353,-0.2727,0.0149,1,2.54,0.398,0.283,0.086,SHIFT,-1.1148,0.2447,1.5707,0.0869,-0.2680,-0.1879,1.0498,0.3055,0.1644,1,5.33,0.369,1.237,0.527,SHIFT,0.5713,-0.2967,1.5677,0.2245,0.3165,-0.0921,0.8121,-0.3466,0.0154,0,0.00,0.009,0.032,0.000,SHIFT,-0.1584,0.1000,1.5144,-0.0359,-0.3397,-0.1673,0.8223,0.3475,0.0358,0,0.00,0.000,0.036,0.003,SHIFT,0.0704,0.2574,1.2445,-0.0169,0.3540,-0.1942,0.5351,-0.2045,0.0144,1,4.82,0.017,1.233,0.379,SHIFT,-0.0100,-0.0372,1.5702,-0.3095,-0.1932,-0.1434,0.5307,0.1991,0.0466,0,0.00,0.002,0.013,0.007,SHIFT,-0.0618,-0.0627,1.5533,-0.3056,0.2113,-0.1385
11.738,1368,placemove,0.8220,-0.0188,0.2073,0.0639,-0.1264,0.0089,0.0539,-0.0280,-0.0006,-0.0484,-0.0540,-0.0136,1.000,0.000,0.0585,0.0711,0.0639,-0.1264,0.0089,0.1428,0,0.9348,-0.2727,0.0149,1,2.73,0.420,0.201,0.168,SHIFT,-1.1235,0.2467,1.5707,0.0853,-0.2675,-0.1882,1.0498,0.3055,0.1644,1,5.23,0.414,1.165,0.447,SHIFT,0.5758,-0.2968,1.5678,0.2234,0.3170,-0.0921,0.8116,-0.3473,0.0153,0,0.00,0.011,0.029,0.004,SHIFT,-0.1657,0.1012,1.5105,-0.0376,-0.3398,-0.1676,0.8225,0.3468,0.0351,0,0.00,0.002,0.036,0.003,SHIFT,0.0754,0.2587,1.2433,-0.0180,0.3538,-0.1944,0.5355,-0.2044,0.0144,1,4.77,0.012,1.234,0.386,SHIFT,-0.0136,-0.0389,1.5703,-0.3101,-0.1925,-0.1431,0.5362,0.1969,0.0397,0,0.00,0.002,0.011,0.015,SHIFT,-0.0619,-0.0275,1.5464,-0.3023,0.2091,-0.1450
11.767,1372,placemove,0.8230,-0.0193,0.2074,0.0624,-0.1271,0.0090,0.0529,-0.0280,0.0062,-0.1255,-0.0504,-0.0022,1.000,0.000,0.0576,0.0639,0.0624,-0.1271,0.0090,0.1552,0,0.9343,-0.2733,0.0151,1,0.00,0.000,0.025,0.004,SHIFT,-1.1313,0.2468,1.5707,0.0838,-0.2674,-0.1882,1.0498,0.3055,0.1644,1,5.07,0.270,0.926,0.055,SHIFT,0.5800,-0.2986,1.5681,0.2224,0.3176,-0.0918,0.8110,-0.3481,0.0149,1,3.85,0.532,0.121,0.430,SHIFT,-0.1725,0.1048,1.5043,-0.0392,-0.3399,-0.1682,0.8226,0.3459,0.0343,0,0.00,0.003,0.037,0.004,SHIFT,0.0794,0.2602,1.2421,-0.0190,0.3536,-0.1947,0.5362,-0.2043,0.0144,1,3.66,0.235,0.915,0.274,SHIFT,-0.0172,-0.0382,1.5703,-0.3105,-0.1917,-0.1432,0.5406,0.1949,0.0336,0,0.00,0.007,0.012,0.023,SHIFT,-0.0619,0.0057,1.5337,-0.2998,0.2075,-0.1509
11.809,1376,placemove,0.8238,-0.0198,0.2075,0.0605,-0.1272,0.0091,0.0510,-0.0324,0.0023,-0.0955,0.0145,-0.0100,1.000,0.000,0.0563,0.0583,0.0605,-0.1272,0.0091,0.1429,0,0.9338,-0.2742,0.0156,0,0.00,0.009,0.026,0.004,SHIFT,-1.1385,0.2462,1.5707,0.0824,-0.2674,-0.1881,1.0497,0.3055,0.1644,1,5.56,0.413,1.139,0.313,SHIFT,0.5839,-0.3014,1.5683,0.2216,0.3183,-0.0912,0.8104,-0.3490,0.0149,1,3.09,0.492,0.188,0.252,SHIFT,-0.1790,0.1077,1.4987,-0.0407,-0.3400,-0.1687,0.8228,0.3449,0.0332,0,0.00,0.004,0.037,0.004,SHIFT,0.0827,0.2619,1.2407,-0.0198,0.3534,-0.1950,0.5369,-0.2042,0.0144,1,4.03,0.084,1.118,0.402,SHIFT,-0.0206,-0.0359,1.5704,-0.3106,-0.1908,-0.1436,0.5442,0.1931,0.0278,0,0.00,0.005,0.011,0.028,SHIFT,-0.0617,0.0371,1.5164,-0.2979,0.2062,-0.1565
11.830,1380,placemove,0.8248,-0.0203,0.2075,0.0593,-0.1275,0.0090,0.0626,-0.0314,0.0023,-0.0535,-0.0512,-0.0097,1.000,0.000,0.0549,0.0623,0.0593,-0.1275,0.0090,0.1430,0,0.9332,-0.2747,0.0156,0,0.00,0.012,0.025,0.004,SHIFT,-1.1468,0.2476,1.5707,0.0808,-0.2670,-0.1883,1.0497,0.3055,0.1644,1,5.36,0.455,1.135,0.357,SHIFT,0.5883,-0.3031,1.5684,0.2205,0.3190,-0.0908,0.8098,-0.3499,0.0148,1,3.35,0.518,0.167,0.307,SHIFT,-0.1861,0.1090,1.4944,-0.0424,-0.3401,-0.1690,0.8230,0.3440,0.0324,0,0.00,0.004,0.036,0.004,SHIFT,0.0869,0.2637,1.2390,-0.0208,0.3532,-0.1953,0.5376,-0.2041,0.0144,1,4.07,0.071,1.056,0.333,SHIFT,-0.0243,-0.0349,1.5704,-0.3109,-0.1900,-0.1438,0.5470,0.1917,0.0227,0,0.00,0.004,0.013,0.029,SHIFT,-0.0606,0.0647,1.4969,-0.2969,0.2052,-0.1613
11.872,1384,placemove,0.8259,-0.0208,0.2075,0.0588,-0.1292,0.0090,0.0702,-0.0257,0.0038,-0.0160,-0.1239,0.0110,1.000,0.000,0.0539,0.0690,0.0588,-0.1292,0.0090,0.1430,0,0.9328,-0.2751,0.0158,0,0.00,0.001,0.021,0.006,SWING,-1.1560,0.2458,1.5707,0.0790,-0.2671,-0.1881,1.0497,0.3055,0.1644,1,5.07,0.271,0.932,0.041,STANCE,0.5935,-0.3024,1.5685,0.2192,0.3195,-0.0910,0.8093,-0.3506,0.0148,1,4.37,0.505,0.147,0.461,STANCE,-0.1942,0.1088,1.4913,-0.0443,-0.3403,-0.1689,0.8232,0.3432,0.0317,0,0.00,0.001,0.033,0.004,STANCE,0.0926,0.2654,1.2374,-0.0221,0.3530,-0.1956,0.5383,-0.2040,0.0144,1,3.41,0.203,0.807,0.216,STANCE,-0.0282,-0.0373,1.5704,-0.3116,-0.1893,-0.1434,0.5493,0.1905,0.0182,0,0.00,0.006,0.017,0.029,STANCE,-0.0584,0.0870,1.4774,-0.2966,0.2043,-0.1652
11.894,1388,placemove,0.8271,-0.0211,0.2078,0.0595,-0.1298,0.0095,0.0876,-0.0067,0.0507,0.1856,0.3272,0.1177,1.000,0.000,0.0532,0.0726,0.0595,-0.1298,0.0095,0.1431,0,0.9319,-0.2842,0.0216,0,0.00,0.047,0.103,0.013,SWING,-1.1594,0.1925,1.5708,0.0773,-0.2768,-0.1807,1.0496,0.3056,0.1644,1,3.04,0.635,0.583,0.124,STANCE,0.5978,-0.3004,1.5690,0.2181,0.3198,-0.0914,0.8091,-0.3511,0.0147,1,9.76,1.774,1.207,0.283,STANCE,-0.2015,0.1080,1.4890,-0.0460,-0.3404,-0.1688,0.8232,0.3427,0.0315,0,0.00,0.017,0.095,0.013,STANCE,0.0979,0.2669,1.2359,-0.0234,0.3529,-0.1958,0.5389,-0.2039,0.0147,1,0.00,0.030,0.108,0.000,STANCE,-0.0318,-0.0412,1.5705,-0.3125,-0.1888,-0.1427,0.5511,0.1897,0.0147,0,8.28,0.943,2.038,0.520,STANCE,-0.0562,0.1055,1.4590,-0.2966,0.2037,-0.1684
11.940,1392,placemove,0.8287,-0.0212,0.2078,0.0630,-0.1277,0.0107,0.0889,-0.0189,-0.0471,0.1809,-0.1113,0.0440,1.000,0.000,0.0540,0.0761,0.0630,-0.1277,0.0107,0.1430,0,0.9319,-0.2959,0.0295,0,0.00,0.011,0.157,0.001,SWING,-1.1544,0.1258,1.5708,0.0770,-0.2886,-0.1708,1.0494,0.3064,0.1644,1,4.34,0.149,0.705,0.146,STANCE,0.6021,-0.2981,1.5694,0.2169,0.3201,-0.0919,0.8089,-0.3509,0.0150,1,3.67,0.100,0.935,0.287,STANCE,-0.2081,0.0985,1.4962,-0.0476,-0.3406,-0.1672,0.8224,0.3431,0.0327,0,0.00,0.006,0.012,0.005,STANCE,0.1032,0.2678,1.2348,-0.0246,0.3527,-0.1960,0.5382,-0.2042,0.0170,0,0.00,0.002,0.010,0.003,STANCE,-0.0347,-0.0540,1.5705,-0.3144,-0.1891,-0.1403,0.5519,0.1893,0.0151,1,0.00,0.012,0.033,0.006,STANCE,-0.0539,0.1115,1.4541,-0.2966,0.2031,-0.1695
11.961,1396,placemove,0.8303,-0.0218,0.2073,0.0661,-0.1279,0.0113,0.0951,-0.0305,-0.0274,0.1589,-0.0176,0.0473,1.000,0.000,0.0562,0.0786,0.0661,-0.1279,0.0113,0.1426,0,0.9338,-0.3077,0.0380,0,0.00,0.002,0.136,0.005,SWING,-1.1437,0.0591,1.5708,0.0782,-0.2998,-0.1601,1.0494,0.3066,0.1644,1,3.50,0.235,0.521,0.156,STANCE,0.6071,-0.2963,1.5697,0.2156,0.3205,-0.0923,0.8090,-0.3510,0.0149,1,6.79,0.394,0.533,0.490,STANCE,-0.2150,0.0889,1.5038,-0.0493,-0.3407,-0.1655,0.8223,0.3430,0.0331,0,0.00,0.010,0.033,0.002,STANCE,0.1092,0.2676,1.2344,-0.0261,0.3527,-0.1959,0.5379,-0.2046,0.0176,0,0.00,0.016,0.046,0.002,STANCE,-0.0381,-0.0650,1.5706,-0.3162,-0.1890,-0.1383,0.5530,0.1886,0.0149,1,2.85,0.199,0.727,0.224,STANCE,-0.0514,0.1120,1.4527,-0.2971,0.2027,-0.1696
12.002,1400,placemove,0.8319,-0.0222,0.2069,0.0681,-0.1284,0.0118,0.0950,-0.0183,-0.0212,0.0949,-0.0286,0.0321,1.000,0.000,0.0585,0.0800,0.0681,-0.1284,0.0118,0.1422,0,0.9367,-0.3191,0.0478,0,0.00,0.001,0.137,0.004,SWING,-1.1280,-0.0075,1.5708,0.0809,-0.3104,-0.1487,1.0494,0.3069,0.1644,1,3.64,0.362,0.541,0.148,STANCE,0.6127,-0.2955,1.5699,0.2142,0.3210,-0.0925,0.8091,-0.3511,0.0148,1,6.62,0.459,0.583,0.427,STANCE,-0.2224,0.0821,1.5091,-0.0510,-0.3407,-0.1643,0.8221,0.3430,0.0335,0,0.00,0.013,0.034,0.000,STANCE,0.1156,0.2661,1.2346,-0.0276,0.3527,-0.1957,0.5383,-0.2045,0.0178,0,0.00,0.011,0.043,0.001,STANCE,-0.0421,-0.0710,1.5706,-0.3173,-0.1886,-0.1372,0.5538,0.1881,0.0148,1,2.81,0.156,0.722,0.222,STANCE,-0.0488,0.1110,1.4506,-0.2978,0.2024,-0.1694
12.023,1404,placemove,0.8334,-0.0224,0.2066,0.0693,-0.1289,0.0121,0.0951,-0.0121,-0.0163,0.0501,-0.0284,0.0264,1.000,0.000,0.0604,0.0807,0.0693,-0.1289,0.0121,0.1419,0,0.9470,-0.3300,0.0596,0,0.00,0.039,0.133,0.008,SWING,-1.0792,-0.0742,1.5708,0.0921,-0.3205,-0.1366,1.0494,0.3075,0.1645,1,3.54,0.396,0.530,0.132,STANCE,0.6187,-0.2955,1.5701,0.2127,0.3217,-0.0925,0.8091,-0.3511,0.0147,1,6.56,0.518,0.577,0.429,STANCE,-0.2299,0.0773,1.5123,-0.0528,-0.3406,-0.1635,0.8220,0.3430,0.0338,0,0.00,0.010,0.036,0.000,STANCE,0.1222,0.2639,1.2353,-0.0292,0.3529,-0.1953,0.5393,-0.2039,0.0174,0,0.00,0.004,0.039,0.001,STANCE,-0.0463,-0.0728,1.5707,-0.3180,-0.1878,-0.1369,0.5544,0.1878,0.0148,1,2.92,0.167,0.748,0.228,STANCE,-0.0461,0.1092,1.4475,-0.2988,0.2023,-0.1691
12.059,1408,placemove,0.8351,-0.0226,0.2063,0.0698,-0.1293,0.0124,0.0974,-0.0091,-0.0123,0.0225,-0.0218,0.0147,1.000,0.000,0.0617,0.0810,0.0698,-0.1293,0.0124,0.1417,0,0.9637,-0.3396,0.0732,0,0.00,0.106,0.134,0.006,SWING,-1.0125,-0.1409,1.5708,0.1088,-0.3292,-0.1239,1.0494,0.3081,0.1645,1,3.69,0.340,0.549,0.152,STANCE,0.6249,-0.2961,1.5702,0.2112,0.3224,-0.0924,0.8091,-0.3511,0.0146,1,6.53,0.456,0.573,0.438,STANCE,-0.2374,0.0741,1.5140,-0.0545,-0.3404,-0.1629,0.8219,0.3431,0.0340,0,0.00,0.011,0.036,0.000,STANCE,0.1288,0.2613,1.2362,-0.0308,0.3531,-0.1948,0.5407,-0.2030,0.0168,0,0.00,0.010,0.035,0.000,STANCE,-0.0507,-0.0712,1.5707,-0.3183,-0.1867,-0.1372,0.5549,0.1876,0.0148,1,2.68,0.133,0.688,0.209,STANCE,-0.0435,0.1072,1.4435,-0.2999,0.2023,-0.1687
12.080,1412,placemove,0.8367,-0.0227,0.2061,0.0699,-0.1295,0.0127,0.0987,-0.0057,-0.0089,0.0082,-0.0164,0.0079,1.000,0.000,0.0624,0.0810,0.0699,-0.1295,0.0127,0.1416,0,0.9814,-0.3473,0.0878,0,0.00,0.104,0.136,0.006,SWING,-0.9458,-0.2075,1.5708,0.1265,-0.3358,-0.1107,1.0493,0.3088,0.1644,1,3.83,0.313,0.571,0.163,STANCE,0.6313,-0.2970,1.5703,0.2096,0.3232,-0.0922,0.8091,-0.3511,0.0145,1,6.58,0.442,0.606,0.422,STANCE,-0.2447,0.0718,1.5147,-0.0563,-0.3403,-0.1625,0.8217,0.3431,0.0342,0,0.00,0.010,0.036,0.000,STANCE,0.1354,0.2587,1.2370,-0.0325,0.3532,-0.1943,0.5425,-0.2019,0.0158,0,0.00,0.009,0.034,0.001,STANCE,-0.0551,-0.0669,1.5707,-0.3183,-0.1855,-0.1380,0.5552,0.1874,0.0147,1,2.64,0.139,0.677,0.206,STANCE,-0.0407,0.1053,1.4386,-0.3012,0.2023,-0.1683
12.119,1416,placemove,0.8385,-0.0229,0.2062,0.0701,-0.1288,0.0129,0.0937,-0.0458,0.0134,0.0641,0.2038,-0.0295,1.000,0.000,0.0628,0.0811,0.0701,-0.1288,0.0129,0.1414,0,0.9781,-0.3457,0.0836,0,0.00,0.036,0.079,0.001,SWING,-0.9820,-0.1732,1.5703,0.1168,-0.3328,-0.1176,1.0494,0.3094,0.1644,1,7.96,0.571,1.302,0.244,STANCE,0.6379,-0.2981,1.5704,0.2080,0.3240,-0.0920,0.8092,-0.3513,0.0146,1,0.86,0.167,0.044,0.058,STANCE,-0.2519,0.0699,1.5145,-0.0580,-0.3402,-0.1622,0.8217,0.3430,0.0344,0,0.00,0.007,0.056,0.002,STANCE,0.1421,0.2563,1.2375,-0.0341,0.3534,-0.1939,0.5446,-0.2009,0.0149,0,6.09,0.589,1.564,0.488,STANCE,-0.0594,-0.0606,1.5691,-0.3182,-0.1842,-0.1391,0.5555,0.1871,0.0150,1,0.00,0.025,0.070,0.009,STANCE,-0.0378,0.1036,1.4329,-0.3025,0.2023,-0.1680
12.152,1420,placemove,0.8401,-0.0240,0.2060,0.0720,-0.1261,0.0125,0.1038,-0.0608,-0.0153,0.1151,0.1287,0.0247,1.000,0.000,0.0634,0.0821,0.0720,-0.1261,0.0125,0.1414,0,0.9684,-0.3421,0.0738,0,0.00,0.001,0.008,0.004,SWING,-1.0245,-0.1450,1.5704,0.1058,-0.3298,-0.1231,1.0494,0.3092,0.1644,1,5.25,0.279,1.077,0.239,STANCE,0.6443,-0.2990,1.5702,0.2065,0.3248,-0.0918,0.8085,-0.3520,0.0146,1,4.49,0.425,0.105,0.517,STANCE,-0.2586,0.0649,1.5174,-0.0595,-0.3402,-0.1613,0.8212,0.3424,0.0352,0,0.00,0.001,0.031,0.000,STANCE,0.1487,0.2541,1.2379,-0.0357,0.3535,-0.1935,0.5454,-0.2005,0.0149,1,3.59,0.091,0.960,0.335,STANCE,-0.0632,-0.0584,1.5686,-0.3184,-0.1833,-0.1395,0.5552,0.1864,0.0167,0,0.00,0.004,0.030,0.002,STANCE,-0.0348,0.0984,1.4312,-0.3038,0.2023,-0.1671
12.185,1424,placemove,0.8417,-0.0248,0.2058,0.0736,-0.1244,0.0127,0.0838,-0.0436,-0.0122,0.0759,0.0809,0.0169,1.000,0.000,0.0646,0.0838,0.0736,-0.1244,0.0127,0.1412,0,0.9620,-0.3504,0.0827,0,0.00,0.008,0.139,0.002,SWING,-1.0489,-0.2081,1.5705,0.0996,-0.3373,-0.1106,1.0494,0.3091,0.1644,1,5.13,0.208,0.999,0.135,STANCE,0.6498,-0.2998,1.5702,0.2051,0.3254,-0.0916,0.8084,-0.3526,0.0146,1,4.42,0.289,0.088,0.540,STANCE,-0.2641,0.0603,1.5205,-0.0609,-0.3401,-0.1605,0.8209,0.3419,0.0358,0,0.00,0.001,0.036,0.001,STANCE,0.1542,0.2518,1.2386,-0.0371,0.3537,-0.1931,0.5465,-0.2004,0.0148,1,3.30,0.065,0.878,0.308,STANCE,-0.0663,-0.0581,1.5690,-0.3186,-0.1826,-0.1396,0.5551,0.1857,0.0179,0,0.00,0.008,0.034,0.004,STANCE,-0.0323,0.0950,1.4284,-0.3050,0.2024,-0.1664
12.206,1428,placemove,0.8429,-0.0254,0.2056,0.0746,-0.1235,0.0127,0.0656,-0.0328,-0.0099,0.0440,0.0439,0.0064,1.000,0.000,0.0658,0.0852,0.0746,-0.1235,0.0127,0.1411,0,0.9583,-0.3590,0.0946,0,0.00,0.001,0.138,0.001,SWING,-1.0605,-0.2747,1.5706,0.0964,-0.3441,-0.0969,1.0494,0.3091,0.1644,1,5.22,0.247,0.998,0.128,STANCE,0.6543,-0.3006,1.5700,0.2040,0.3260,-0.0914,0.8084,-0.3530,0.0145,1,4.19,0.294,0.086,0.511,STANCE,-0.2687,0.0570,1.5227,-0.0619,-0.3400,-0.1600,0.8207,0.3416,0.0363,0,0.00,0.002,0.037,0.000,STANCE,0.1589,0.2493,1.2394,-0.0383,0.3538,-0.1927,0.5474,-0.2003,0.0148,1,3.39,0.045,0.905,0.318,STANCE,-0.0689,-0.0582,1.5694,-0.3189,-0.1820,-0.1396,0.5551,0.1853,0.0183,0,0.00,0.008,0.033,0.008,STANCE,-0.0304,0.0944,1.4230,-0.3060,0.2024,-0.1663
12.240,1432,placemove,0.8439,-0.0259,0.2055,0.0751,-0.1230,0.0126,0.0509,-0.0244,-0.0079,0.0229,0.0210,-0.0024,1.000,0.000,0.0667,0.0863,0.0751,-0.1230,0.0126,0.1409,0,0.9566,-0.3665,0.1076,0,0.00,0.001,0.137,0.001,SWING,-1.0621,-0.3414,1.5706,0.0959,-0.3501,-0.0827,1.0494,0.3091,0.1644,1,5.38,0.375,0.992,0.120,STANCE,0.6580,-0.3012,1.5700,0.2031,0.3264,-0.0913,0.8083,-0.3533,0.0145,1,4.05,0.363,0.101,0.475,STANCE,-0.2724,0.0548,1.5242,-0.0628,-0.3399,-0.1596,0.8205,0.3413,0.0367,0,0.00,0.004,0.037,0.000,STANCE,0.1627,0.2469,1.2404,-0.0392,0.3540,-0.1923,0.5480,-0.2002,0.0147,1,3.39,0.005,0.908,0.321,STANCE,-0.0710,-0.0585,1.5696,-0.3191,-0.1815,-0.1395,0.5551,0.1850,0.0181,0,0.00,0.006,0.031,0.011,STANCE,-0.0289,0.0962,1.4154,-0.3069,0.2026,-0.1666
12.263,1436,placemove,0.8446,-0.0262,0.2054,0.0754,-0.1228,0.0125,0.0391,-0.0196,-0.0064,0.0092,0.0065,-0.0064,1.000,0.000,0.0674,0.0869,0.0754,-0.1228,0.0125,0.1408,0,0.9637,-0.3730,0.1223,0,0.00,0.012,0.137,0.003,SWING,-1.0269,-0.4081,1.5706,0.1057,-0.3551,-0.0682,1.0494,0.3091,0.1644,1,5.46,0.522,1.089,0.261,STANCE,0.6610,-0.3019,1.5698,0.2024,0.3268,-0.0911,0.8082,-0.3535,0.0145,1,3.70,0.447,0.140,0.384,STANCE,-0.2754,0.0533,1.5253,-0.0635,-0.3398,-0.1593,0.8204,0.3411,0.0370,0,0.00,0.006,0.037,0.000,STANCE,0.1659,0.2447,1.2414,-0.0400,0.3541,-0.1919,0.5484,-0.2001,0.0147,1,3.67,0.007,0.983,0.344,STANCE,-0.0728,-0.0588,1.5698,-0.3193,-0.1812,-0.1394,0.5551,0.1849,0.0174,0,0.00,0.003,0.028,0.013,STANCE,-0.0278,0.1002,1.4060,-0.3077,0.2027,-0.1672
12.303,1440,placemove,0.8451,-0.0265,0.2053,0.0755,-0.1227,0.0124,0.0323,-0.0140,-0.0048,0.0060,0.0034,-0.0043,1.000,0.000,0.0677,0.0873,0.0755,-0.1227,0.0124,0.1407,0,0.9808,-0.3776,0.1388,0,0.00,0.102,0.139,0.004,SWING,-0.9604,-0.4747,1.5707,0.1246,-0.3582,-0.0534,1.0494,0.3091,0.1644,1,5.23,0.321,0.961,0.076,STANCE,0.6635,-0.3024,1.5698,0.2018,0.3271,-0.0910,0.8082,-0.3537,0.0145,1,4.43,0.285,0.097,0.545,STANCE,-0.2779,0.0523,1.5260,-0.0641,-0.3397,-0.1591,0.8203,0.3409,0.0372,0,0.00,0.006,0.037,0.000,STANCE,0.1685,0.2427,1.2423,-0.0407,0.3543,-0.1915,0.5488,-0.2000,0.0147,1,3.07,0.024,0.813,0.284,STANCE,-0.0743,-0.0592,1.5699,-0.3195,-0.1809,-0.1394,0.5551,0.1849,0.0164,0,0.00,0.008,0.028,0.016,STANCE,-0.0269,0.1061,1.3949,-0.3083,0.2029,-0.1682
12.324,1444,placemove,0.8459,-0.0268,0.2054,0.0750,-0.1229,0.0130,0.0493,-0.0209,0.0094,0.0820,0.1795,0.0304,1.000,0.000,0.0677,0.0873,0.0750,-0.1229,0.0130,0.1407,0,0.9766,-0.3772,0.1350,0,0.00,0.005,0.067,0.003,SWING,-0.9945,-0.4422,1.5698,0.1149,-0.3571,-0.0606,1.0494,0.3091,0.1644,1,3.00,0.241,0.548,0.018,STANCE,0.6655,-0.3028,1.5700,0.2013,0.3273,-0.0909,0.8086,-0.3540,0.0149,1,6.03,0.166,0.530,0.425,STANCE,-0.2798,0.0516,1.5267,-0.0645,-0.3396,-0.1590,0.8203,0.3407,0.0373,0,0.00,0.011,0.042,0.001,STANCE,0.1705,0.2411,1.2431,-0.0412,0.3544,-0.1912,0.5495,-0.2003,0.0148,1,0.00,0.000,0.044,0.001,STANCE,-0.0754,-0.0595,1.5701,-0.3196,-0.1806,-0.1393,0.5553,0.1847,0.0149,0,4.45,0.293,0.100,0.543,STANCE,-0.0263,0.1137,1.3824,-0.3089,0.2031,-0.1694
12.380,1448,placemove,0.8466,-0.0271,0.2051,0.0767,-0.1214,0.0130,0.0458,-0.0208,-0.0232,0.1020,0.0538,0.0045,1.000,0.000,0.0679,0.0878,0.0767,-0.1214,0.0130,0.1527,0,0.9668,-0.3726,0.1189,0,0.00,0.008,0.020,0.009,SWING,-1.0352,-0.3812,1.5700,0.1033,-0.3533,-0.0741,1.0494,0.3091,0.1644,1,3.62,0.123,0.604,0.102,STANCE,0.6679,-0.3032,1.5702,0.2007,0.3276,-0.0909,0.8086,-0.3540,0.0148,1,6.87,0.015,0.413,0.652,STANCE,-0.2818,0.0473,1.5307,-0.0650,-0.3395,-0.1583,0.8201,0.3407,0.0380,0,0.00,0.006,0.034,0.000,STANCE,0.1730,0.2397,1.2436,-0.0418,0.3545,-0.1910,0.5494,-0.2004,0.0154,1,0.00,0.004,0.041,0.001,STANCE,-0.0764,-0.0634,1.5703,-0.3202,-0.1806,-0.1386,0.5552,0.1847,0.0149,1,3.14,0.045,0.091,0.369,STANCE,-0.0253,0.1169,1.3749,-0.3096,0.2032,-0.1700
12.410,1452,placemove,0.8476,-0.0274,0.2048,0.0781,-0.1207,0.0128,0.0614,-0.0173,-0.0175,0.0666,0.0349,-0.0043,1.000,0.000,0.0689,0.0885,0.0781,-0.1207,0.0128,0.1401,0,0.9603,-0.3753,0.1228,0,0.00,0.004,0.138,0.000,SWING,-1.0574,-0.4220,1.5702,0.0971,-0.3562,-0.0651,1.0495,0.3092,0.1644,1,3.36,0.002,0.503,0.155,STANCE,0.6713,-0.3038,1.5703,0.1998,0.3280,-0.0908,0.8086,-0.3540,0.0147,1,6.38,0.025,0.256,0.719,STANCE,-0.2847,0.0431,1.5345,-0.0657,-0.3394,-0.1575,0.8200,0.3406,0.0384,0,0.00,0.009,0.036,0.001,STANCE,0.1764,0.2381,1.2440,-0.0427,0.3546,-0.1907,0.5496,-0.2004,0.0155,0,0.00,0.001,0.038,0.001,STANCE,-0.0778,-0.0658,1.5699,-0.3207,-0.1805,-0.1382,0.5552,0.1847,0.0149,1,3.32,0.011,0.112,0.381,STANCE,-0.0237,0.1180,1.3686,-0.3104,0.2032,-0.1701
12.458,1456,placemove,0.8487,-0.0277,0.2045,0.0790,-0.1202,0.0126,0.0725,-0.0134,-0.0138,0.0401,0.0221,-0.0118,1.000,0.000,0.0699,0.0891,0.0790,-0.1202,0.0126,0.1399,0,0.9566,-0.3806,0.1362,0,0.00,0.002,0.137,0.001,SWING,-1.0669,-0.4887,1.5703,0.0944,-0.3599,-0.0502,1.0495,0.3094,0.1644,1,3.62,0.105,0.535,0.174,STANCE,0.6758,-0.3047,1.5704,0.1987,0.3285,-0.0906,0.8087,-0.3541,0.0146,1,6.58,0.037,0.206,0.802,STANCE,-0.2887,0.0399,1.5362,-0.0666,-0.3394,-0.1570,0.8200,0.3406,0.0387,0,0.00,0.009,0.037,0.001,STANCE,0.1808,0.2361,1.2444,-0.0438,0.3547,-0.1903,0.5500,-0.2002,0.0151,0,0.00,0.008,0.034,0.007,STANCE,-0.0799,-0.0647,1.5651,-0.3214,-0.1803,-0.1383,0.5552,0.1847,0.0148,1,2.60,0.123,0.134,0.264,STANCE,-0.0217,0.1182,1.3618,-0.3115,0.2033,-0.1700
12.486,1460,placemove,0.8501,-0.0281,0.2044,0.0801,-0.1184,0.0123,0.0831,-0.0265,-0.0124,0.0733,0.0947,-0.0090,1.000,0.000,0.0708,0.0899,0.0801,-0.1184,0.0123,0.1520,0,0.9555,-0.3852,0.1501,0,0.00,0.005,0.135,0.000,SWING,-1.0667,-0.5554,1.5704,0.0944,-0.3628,-0.0352,1.0495,0.3095,0.1644,1,4.40,0.000,0.728,0.144,STANCE,0.6810,-0.3057,1.5705,0.1974,0.3290,-0.0904,0.8085,-0.3544,0.0146,1,3.96,0.540,0.188,0.380,STANCE,-0.2932,0.0367,1.5376,-0.0677,-0.3394,-0.1564,0.8199,0.3404,0.0392,0,0.00,0.005,0.039,0.002,STANCE,0.1857,0.2340,1.2446,-0.0451,0.3548,-0.1899,0.5501,-0.2002,0.0149,1,4.38,0.466,0.518,0.204,STANCE,-0.0823,-0.0631,1.5586,-0.3224,-0.1800,-0.1385,0.5550,0.1846,0.0155,1,0.00,0.010,0.037,0.007,STANCE,-0.0195,0.1171,1.3560,-0.3127,0.2034,-0.1697
12.525,1464,placemove,0.8513,-0.0285,0.2042,0.0811,-0.1172,0.0120,0.0661,-0.0202,-0.0102,0.0463,0.0608,-0.0090,1.000,0.000,0.0718,0.0911,0.0811,-0.1172,0.0120,0.1396,0,0.9638,-0.3887,0.1654,0,0.00,0.003,0.137,0.002,SWING,-1.0302,-0.6220,1.5705,0.1049,-0.3646,-0.0199,1.0496,0.3096,0.1644,1,4.50,0.006,0.733,0.157,STANCE,0.6856,-0.3066,1.5705,0.1963,0.3296,-0.0902,0.8084,-0.3546,0.0146,1,4.25,0.550,0.188,0.429,STANCE,-0.2972,0.0337,1.5391,-0.0687,-0.3393,-0.1559,0.8198,0.3403,0.0397,0,0.00,0.003,0.041,0.002,STANCE,0.1901,0.2319,1.2451,-0.0462,0.3550,-0.1896,0.5502,-0.2002,0.0148,1,4.01,0.508,0.562,0.100,STANCE,-0.0844,-0.0628,1.5536,-0.3232,-0.1799,-0.1385,0.5549,0.1845,0.0160,0,0.00,0.007,0.037,0.010,STANCE,-0.0176,0.1167,1.3497,-0.3138,0.2035,-0.1696
12.546,1468,placemove,0.8523,-0.0288,0.2041,0.0817,-0.1165,0.0118,0.0532,-0.0138,-0.0085,0.0265,0.0364,-0.0057,1.000,0.000,0.0726,0.0921,0.0817,-0.1165,0.0118,0.1395,0,0.9817,-0.3901,0.1823,0,0.00,0.094,0.142,0.001,SWING,-0.9635,-0.6887,1.5706,0.1243,-0.3645,-0.0046,1.0496,0.3098,0.1644,1,4.80,0.059,0.733,0.219,STANCE,0.6893,-0.3075,1.5706,0.1954,0.3300,-0.0900,0.8083,-0.3548,0.0146,1,4.62,0.431,0.131,0.544,STANCE,-0.3005,0.0315,1.5401,-0.0695,-0.3393,-0.1555,0.8197,0.3402,0.0401,0,0.00,0.003,0.037,0.001,STANCE,0.1937,0.2297,1.2457,-0.0471,0.3551,-0.1892,0.5502,-0.2002,0.0148,1,3.33,0.304,0.639,0.078,STANCE,-0.0863,-0.0628,1.5495,-0.3240,-0.1797,-0.1385,0.5549,0.1845,0.0159,0,0.00,0.007,0.031,0.013,STANCE,-0.0162,0.1189,1.3413,-0.3147,0.2037,-0.1698
12.589,1472,placemove,0.8531,-0.0290,0.2039,0.0820,-0.1161,0.0117,0.0417,-0.0102,-0.0065,0.0131,0.0178,-0.0050,1.000,0.000,0.0733,0.0929,0.0820,-0.1161,0.0117,0.1394,0,0.9998,-0.3892,0.1995,0,0.00,0.096,0.090,0.011,SWING,-0.8968,-0.7541,1.5706,0.1435,-0.3620,0.0105,1.0497,0.3099,0.1644,1,4.78,0.069,0.726,0.221,STANCE,0.6923,-0.3082,1.5707,0.1946,0.3303,-0.0898,0.8083,-0.3549,0.0145,1,4.53,0.432,0.133,0.531,STANCE,-0.3033,0.0301,1.5408,-0.0702,-0.3392,-0.1553,0.8196,0.3402,0.0404,0,0.00,0.004,0.037,0.001,STANCE,0.1966,0.2277,1.2464,-0.0479,0.3553,-0.1888,0.5503,-0.2002,0.0147,1,3.22,0.305,0.577,0.041,STANCE,-0.0879,-0.0630,1.5464,-0.3246,-0.1796,-0.1384,0.5549,0.1846,0.0153,0,0.00,0.008,0.031,0.016,STANCE,-0.0151,0.1232,1.3310,-0.3156,0.2038,-0.1705
12.621,1476,placemove,0.8538,-0.0292,0.2038,0.0825,-0.1153,0.0117,0.0475,-0.0151,-0.0152,0.0580,0.0376,0.0025,1.000,0.000,0.0737,0.0934,0.0825,-0.1153,0.0117,0.1517,0,1.0181,-0.3861,0.2115,0,0.00,0.094,0.061,0.004,SWING,-0.8301,-0.7932,1.5707,0.1624,-0.3579,0.0195,1.0497,0.3099,0.1644,1,3.43,0.111,0.558,0.111,STANCE,0.6949,-0.3088,1.5707,0.1940,0.3306,-0.0897,0.8083,-0.3549,0.0145,1,5.50,0.161,0.308,0.568,STANCE,-0.3058,0.0285,1.5419,-0.0708,-0.3391,-0.1550,0.8195,0.3401,0.0407,0,0.00,0.003,0.035,0.001,STANCE,0.1992,0.2258,1.2470,-0.0485,0.3554,-0.1885,0.5504,-0.2002,0.0149,1,0.00,0.010,0.028,0.004,STANCE,-0.0893,-0.0639,1.5444,-0.3251,-0.1794,-0.1382,0.5548,0.1847,0.0149,1,2.09,0.048,0.093,0.225,STANCE,-0.0142,0.1266,1.3223,-0.3163,0.2040,-0.1710
12.662,1480,placemove,0.8547,-0.0295,0.2036,0.0833,-0.1149,0.0116,0.0556,-0.0126,-0.0125,0.0395,0.0216,-0.0011,1.000,0.000,0.0742,0.0940,0.0833,-0.1149,0.0116,0.1514,0,1.0368,-0.3815,0.2184,0,0.00,0.107,0.056,0.001,SWING,-0.7635,-0.8125,1.5707,0.1810,-0.3527,0.0239,1.0497,0.3101,0.1644,1,3.63,0.055,0.534,0.179,STANCE,0.6982,-0.3095,1.5707,0.1932,0.3310,-0.0896,0.8083,-0.3550,0.0145,1,6.47,0.044,0.213,0.788,STANCE,-0.3090,0.0256,1.5440,-0.0715,-0.3390,-0.1545,0.8195,0.3401,0.0411,0,0.00,0.010,0.039,0.002,STANCE,0.2023,0.2240,1.2475,-0.0493,0.3555,-0.1881,0.5504,-0.2002,0.0151,1,0.00,0.008,0.036,0.001,STANCE,-0.0908,-0.0663,1.5428,-0.3258,-0.1793,-0.1377,0.5547,0.1848,0.0148,1,2.50,0.082,0.120,0.252,STANCE,-0.0130,0.1273,1.3161,-0.3171,0.2042,-0.1710
12.685,1484,placemove,0.8557,-0.0297,0.2034,0.0838,-0.1147,0.0115,0.0682,-0.0130,-0.0099,0.0244,0.0136,-0.0032,1.000,0.000,0.0748,0.0945,0.0838,-0.1147,0.0115,0.1389,0,1.0564,-0.3757,0.2172,0,0.00,0.121,0.026,0.008,SWING,-0.6968,-0.7916,1.5707,0.1994,-0.3471,0.0191,1.0498,0.3103,0.1645,1,3.43,0.096,0.520,0.152,STANCE,0.7022,-0.3102,1.5707,0.1921,0.3314,-0.0894,0.8083,-0.3551,0.0144,1,6.46,0.011,0.196,0.804,STANCE,-0.3129,0.0234,1.5446,-0.0724,-0.3389,-0.1541,0.8195,0.3400,0.0413,0,0.00,0.009,0.040,0.002,STANCE,0.2061,0.2221,1.2477,-0.0503,0.3556,-0.1878,0.5505,-0.2003,0.0151,0,0.00,0.005,0.034,0.006,STANCE,-0.0928,-0.0671,1.5384,-0.3267,-0.1792,-0.1375,0.5547,0.1848,0.0148,1,2.47,0.088,0.122,0.245,STANCE,-0.0115,0.1276,1.3095,-0.3181,0.2043,-0.1709
12.724,1488,placemove,0.8570,-0.0299,0.2033,0.0843,-0.1139,0.0114,0.0805,-0.0097,-0.0084,0.0336,0.0469,0.0024,1.000,0.000,0.0753,0.0948,0.0843,-0.1139,0.0114,0.1511,0,1.0773,-0.3682,0.2055,0,0.00,0.117,0.061,0.001,SWING,-0.6302,-0.7276,1.5707,0.2177,-0.3406,0.0044,1.0498,0.3105,0.1645,1,4.71,0.022,0.747,0.188,STANCE,0.7068,-0.3111,1.5708,0.1910,0.3319,-0.0892,0.8083,-0.3552,0.0144,1,4.48,0.046,0.140,0.545,STANCE,-0.3175,0.0212,1.5448,-0.0736,-0.3389,-0.1537,0.8195,0.3400,0.0416,0,0.00,0.006,0.037,0.002,STANCE,0.2105,0.2203,1.2477,-0.0514,0.3557,-0.1874,0.5506,-0.2002,0.0149,1,3.52,0.100,0.359,0.220,STANCE,-0.0951,-0.0663,1.5316,-0.3278,-0.1791,-0.1376,0.5548,0.1848,0.0151,1,0.00,0.010,0.035,0.009,STANCE,-0.0097,0.1273,1.3029,-0.3192,0.2044,-0.1707
12.749,1492,placemove,0.8584,-0.0300,0.2032,0.0847,-0.1133,0.0114,0.0728,-0.0085,-0.0068,0.0224,0.0333,-0.0009,1.000,0.000,0.0757,0.0954,0.0847,-0.1133,0.0114,0.1386,0,1.0975,-0.3585,0.1926,0,0.00,0.113,0.059,0.001,SWING,-0.5635,-0.6609,1.5707,0.2350,-0.3319,-0.0110,1.0499,0.3109,0.1644,1,4.94,0.093,0.758,0.221,SHIFT,0.7115,-0.3119,1.5708,0.1898,0.3324,-0.0891,0.8083,-0.3552,0.0144,1,4.99,0.167,0.284,0.506,SHIFT,-0.3222,0.0192,1.5451,-0.0747,-0.3388,-0.1534,0.8196,0.3400,0.0419,0,0.00,0.000,0.037,0.002,SHIFT,0.2148,0.2185,1.2477,-0.0525,0.3558,-0.1871,0.5507,-0.2002,0.0149,1,2.80,0.125,0.216,0.237,SHIFT,-0.0973,-0.0661,1.5250,-0.3289,-0.1789,-0.1375,0.5548,0.1848,0.0153,0,0.00,0.006,0.034,0.011,SHIFT,-0.0079,0.1270,1.2962,-0.3204,0.2046,-0.1705
12.786,1496,placemove,0.8597,-0.0301,0.2031,0.0850,-0.1129,0.0114,0.0835,-0.0058,-0.0065,0.0134,0.0167,-0.0026,1.000,0.000,0.0761,0.0959,0.0850,-0.1129,0.0114,0.1385,0,1.1187,-0.3538,0.1847,0,0.00,0.038,0.067,0.100,SHIFT,-0.5023,-0.5942,1.5041,0.2540,-0.3291,-0.0204,1.0500,0.3112,0.1644,1,4.90,0.105,0.770,0.203,SHIFT,0.7163,-0.3127,1.5708,0.1886,0.3329,-0.0889,0.8084,-0.3552,0.0144,1,4.70,0.224,0.220,0.522,SHIFT,-0.3271,0.0175,1.5447,-0.0759,-0.3387,-0.1531,0.8197,0.3400,0.0421,0,0.00,0.008,0.036,0.002,SHIFT,0.2193,0.2168,1.2475,-0.0537,0.3559,-0.1868,0.5508,-0.2002,0.0148,1,2.94,0.269,0.231,0.246,SHIFT,-0.0996,-0.0662,1.5182,-0.3300,-0.1788,-0.1374,0.5549,0.1849,0.0152,0,0.00,0.009,0.033,0.015,SHIFT,-0.0061,0.1290,1.2863,-0.3216,0.2047,-0.1707
12.809,1500,placemove,0.8612,-0.0302,0.2030,0.0853,-0.1126,0.0113,0.0968,-0.0044,-0.0055,0.0224,0.0276,0.0006,1.000,0.000,0.0764,0.0962,0.0853,-0.1126,0.0113,0.1508,0,1.1368,-0.3504,0.1767,0,0.00,0.029,0.067,0.102,SHIFT,-0.4554,-0.5276,1.4374,0.2692,-0.3267,-0.0303,1.0500,0.3117,0.1644,1,3.82,0.288,0.582,0.157,SHIFT,0.7220,-0.3136,1.5708,0.1871,0.3334,-0.0887,0.8084,-0.3553,0.0144,1,6.59,0.019,0.208,0.818,SHIFT,-0.3327,0.0157,1.5436,-0.0773,-0.3387,-0.1527,0.8198,0.3400,0.0423,0,0.00,0.018,0.036,0.002,SHIFT,0.2245,0.2151,1.2470,-0.0550,0.3560,-0.1865,0.5509,-0.2001,0.0148,1,0.00,0.011,0.033,0.010,SHIFT,-0.1022,-0.0665,1.5105,-0.3314,-0.1787,-0.1372,0.5550,0.1850,0.0150,1,2.17,0.181,0.186,0.161,SHIFT,-0.0039,0.1305,1.2758,-0.3230,0.2049,-0.1708
12.846,1504,placemove,0.8631,-0.0303,0.2029,0.0856,-0.1124,0.0112,0.1207,-0.0042,-0.0074,0.0184,0.0112,-0.0094,1.000,0.000,0.0767,0.0965,0.0856,-0.1124,0.0112,0.1507,0,1.1518,-0.3478,0.1677,0,0.00,0.013,0.067,0.103,SHIFT,-0.4208,-0.4609,1.3707,0.2810,-0.3252,-0.0406,1.0500,0.3123,0.1644,1,4.17,0.261,0.647,0.167,SHIFT,0.7294,-0.3146,1.5708,0.1853,0.3342,-0.0885,0.8084,-0.3553,0.0144,1,6.24,0.065,0.271,0.712,SHIFT,-0.3397,0.0135,1.5422,-0.0791,-0.3387,-0.1523,0.8199,0.3400,0.0425,0,0.00,0.017,0.035,0.003,SHIFT,0.2311,0.2134,1.2460,-0.0567,0.3561,-0.1861,0.5509,-0.2001,0.0148,1,0.53,0.046,0.004,0.072,SHIFT,-0.1054,-0.0672,1.5006,-0.3332,-0.1786,-0.1368,0.5550,0.1851,0.0149,1,1.59,0.169,0.165,0.094,SHIFT,-0.0010,0.1313,1.2642,-0.3247,0.2050,-0.1706
12.869,1508,placemove,0.8643,-0.0305,0.2034,0.0824,-0.1153,0.0089,0.0191,-0.0103,0.0633,-0.3636,-0.3237,-0.3028,1.000,0.000,0.0765,0.0964,0.0824,-0.1153,0.0089,0.1285,0,1.1631,-0.3471,0.1621,1,16.61,1.834,2.940,0.190,SHIFT,-0.3956,-0.4063,1.3090,0.2902,-0.3244,-0.0486,1.0501,0.3123,0.1645,1,3.61,0.375,0.866,0.370,SHIFT,0.7377,-0.3156,1.5708,0.1831,0.3350,-0.0883,0.8076,-0.3561,0.0163,1,0.00,0.140,0.151,0.002,SHIFT,-0.3471,0.0060,1.5445,-0.0810,-0.3388,-0.1510,0.8206,0.3395,0.0420,0,0.00,0.017,0.010,0.003,SHIFT,0.2385,0.2118,1.2445,-0.0587,0.3562,-0.1858,0.5504,-0.2002,0.0157,1,0.00,0.114,0.110,0.015,SHIFT,-0.1084,-0.0730,1.4943,-0.3351,-0.1786,-0.1356,0.5554,0.1851,0.0148,1,9.10,0.556,2.786,1.052,SHIFT,0.0024,0.1264,1.2587,-0.3266,0.2051,-0.1695
12.926,1512,placemove,0.8638,-0.0307,0.2052,0.0742,-0.1209,0.0037,-0.0711,-0.0080,0.1805,-0.7159,-0.3975,-0.5162,1.000,0.000,0.0738,0.0942,0.0742,-0.1209,0.0037,0.0922,0,1.1685,-0.3470,0.1597,1,13.16,1.056,2.940,0.205,SHIFT,-0.3777,-0.3541,1.2662,0.2961,-0.3228,-0.0579,1.0498,0.3115,0.1645,1,1.95,0.052,0.498,0.304,SHIFT,0.7460,-0.3163,1.5707,0.1810,0.3357,-0.0881,0.8043,-0.3577,0.0216,0,0.00,0.070,0.147,0.000,SHIFT,-0.3547,-0.0043,1.5492,-0.0830,-0.3390,-0.1492,0.8214,0.3384,0.0406,0,0.00,0.012,0.014,0.003,SHIFT,0.2459,0.2112,1.2422,-0.0605,0.3562,-0.1856,0.5481,-0.2001,0.0184,0,0.00,0.065,0.110,0.016,SHIFT,-0.1113,-0.0807,1.4893,-0.3370,-0.1786,-0.1339,0.5553,0.1852,0.0147,1,13.11,0.432,2.459,0.240,SHIFT,0.0058,0.1178,1.2578,-0.3284,0.2051,-0.1677
12.948,1516,placemove,0.8626,-0.0304,0.2094,0.0598,-0.1280,-0.0033,-0.0718,0.0353,0.3086,-0.9572,-0.4579,-0.5056,1.000,0.000,0.0671,0.0900,0.0598,-0.1280,-0.0033,0.0964,0,1.1690,-0.3471,0.1596,1,9.41,0.906,2.940,1.689,SHIFT,-0.3668,-0.2994,1.2397,0.2986,-0.3204,-0.0696,1.0497,0.3101,0.1647,1,0.00,0.004,0.030,0.005,SHIFT,0.7543,-0.3157,1.5707,0.1788,0.3363,-0.0882,0.7990,-0.3597,0.0307,0,0.00,0.024,0.072,0.002,SHIFT,-0.3634,-0.0116,1.5498,-0.0853,-0.3392,-0.1479,0.8227,0.3365,0.0387,0,0.00,0.011,0.026,0.005,SHIFT,0.2531,0.2130,1.2381,-0.0623,0.3560,-0.1859,0.5443,-0.1997,0.0230,0,0.00,0.008,0.059,0.016,SHIFT,-0.1149,-0.0832,1.4780,-0.3392,-0.1786,-0.1331,0.5553,0.1853,0.0145,1,9.00,0.734,2.735,1.095,SHIFT,0.0094,0.1130,1.2522,-0.3303,0.2051,-0.1666
12.986,1520,placemove,0.8616,-0.0296,0.2149,0.0439,-0.1348,-0.0088,-0.0473,0.0618,0.3392,-0.9441,-0.3854,-0.4096,1.000,0.000,0.0563,0.0844,0.0439,-0.1348,-0.0088,0.1019,0,1.1674,-0.3460,0.1592,1,9.30,0.998,2.940,1.647,SHIFT,-0.3623,-0.2433,1.2263,0.2980,-0.3174,-0.0827,1.0497,0.3091,0.1652,1,0.00,0.006,0.040,0.007,SHIFT,0.7618,-0.3127,1.5708,0.1768,0.3366,-0.0889,0.7938,-0.3616,0.0416,0,0.00,0.030,0.060,0.001,SHIFT,-0.3732,-0.0181,1.5475,-0.0879,-0.3396,-0.1467,0.8242,0.3344,0.0369,0,0.00,0.017,0.027,0.011,SHIFT,0.2598,0.2189,1.2312,-0.0639,0.3555,-0.1869,0.5408,-0.1993,0.0288,0,0.00,0.010,0.040,0.020,SHIFT,-0.1189,-0.0818,1.4616,-0.3417,-0.1785,-0.1330,0.5556,0.1852,0.0144,1,8.92,0.804,2.680,1.039,SHIFT,0.0129,0.1138,1.2416,-0.3320,0.2050,-0.1664
13.007,1524,placemove,0.8610,-0.0283,0.2206,0.0291,-0.1405,-0.0124,-0.0266,0.0878,0.3512,-0.8572,-0.3043,-0.2999,1.000,0.000,0.0436,0.0788,0.0291,-0.1405,-0.0124,0.1080,0,1.1644,-0.3439,0.1586,1,0.00,0.029,0.744,0.164,SHIFT,-0.3633,-0.1897,1.2233,0.2950,-0.3142,-0.0959,1.0497,0.3085,0.1655,1,0.00,0.020,0.002,0.001,SHIFT,0.7682,-0.3067,1.5708,0.1750,0.3366,-0.0902,0.7891,-0.3630,0.0527,0,0.00,0.042,0.019,0.005,SHIFT,-0.3839,-0.0249,1.5433,-0.0909,-0.3401,-0.1454,0.8257,0.3325,0.0352,0,0.00,0.013,0.023,0.020,SHIFT,0.2656,0.2293,1.2212,-0.0652,0.3547,-0.1887,0.5377,-0.1988,0.0346,0,0.00,0.041,0.038,0.034,SHIFT,-0.1233,-0.0775,1.4412,-0.3443,-0.1784,-0.1332,0.5559,0.1851,0.0144,1,3.00,0.230,0.868,0.322,SHIFT,0.0163,0.1198,1.2259,-0.3336,0.2048,-0.1671
13.053,1528,placemove,0.8608,-0.0267,0.2264,0.0145,-0.1469,-0.0144,-0.0063,0.1018,0.3169,-1.0164,-0.6229,-0.2430,1.000,0.000,0.0305,0.0734,0.0145,-0.1469,-0.0144,0.1396,0,1.1599,-0.3400,0.1571,1,0.89,0.053,0.283,0.158,SHIFT,-0.3685,-0.1449,1.2430,0.2893,-0.3097,-0.1083,1.0498,0.3082,0.1657,0,0.00,0.001,0.013,0.000,SHIFT,0.7732,-0.2980,1.5708,0.1734,0.3362,-0.0920,0.7849,-0.3641,0.0639,0,0.00,0.004,0.019,0.007,SHIFT,-0.3953,-0.0321,1.5377,-0.0942,-0.3408,-0.1441,0.8273,0.3305,0.0332,0,0.00,0.003,0.036,0.015,SHIFT,0.2704,0.2435,1.2085,-0.0661,0.3536,-0.1911,0.5350,-0.1982,0.0402,0,0.00,0.009,0.016,0.030,SHIFT,-0.1281,-0.0711,1.4180,-0.3472,-0.1782,-0.1338,0.5562,0.1849,0.0155,1,0.00,0.005,0.088,0.019,SHIFT,0.0192,0.1126,1.2260,-0.3350,0.2047,-0.1656
13.084,1532,placemove,0.8606,-0.0249,0.2304,0.0015,-0.1584,-0.0142,-0.0182,0.1041,0.1812,-0.5728,-0.8114,0.0213,1.000,0.000,0.0171,0.0651,0.0015,-0.1584,-0.0142,0.0688,0,1.1527,-0.3320,0.1582,1,0.78,0.018,0.224,0.221,SHIFT,-0.3753,-0.1240,1.3094,0.2805,-0.3020,-0.1174,1.0504,0.3079,0.1650,1,1.04,0.099,0.200,0.021,SHIFT,0.7759,-0.2870,1.5708,0.1724,0.3354,-0.0943,0.7822,-0.3652,0.0728,0,0.00,0.010,0.012,0.005,SHIFT,-0.4066,-0.0389,1.5307,-0.0976,-0.3416,-0.1427,0.8301,0.3283,0.0291,0,0.00,0.001,0.004,0.026,SHIFT,0.2734,0.2620,1.1925,-0.0666,0.3523,-0.1943,0.5338,-0.1981,0.0420,0,0.00,0.014,0.043,0.029,SHIFT,-0.1330,-0.0621,1.3927,-0.3500,-0.1779,-0.1348,0.5567,0.1843,0.0215,0,0.00,0.009,0.017,0.069,SHIFT,0.0211,0.0677,1.2715,-0.3358,0.2046,-0.1578
13.129,1536,placemove,0.8602,-0.0232,0.2320,-0.0051,-0.1708,-0.0116,-0.0291,0.1000,0.0307,-0.3252,-0.6682,0.1176,1.000,0.000,0.0061,0.0388,-0.0051,-0.1708,-0.0116,0.0699,0,1.1471,-0.3242,0.1592,1,0.00,0.006,0.002,0.072,STANCE,-0.3829,-0.1144,1.3660,0.2732,-0.2962,-0.1224,1.0504,0.3086,0.1650,1,0.59,0.018,0.083,0.030,SWING,0.7755,-0.2787,1.5708,0.1723,0.3346,-0.0961,0.7811,-0.3654,0.0764,0,0.00,0.008,0.014,0.013,STANCE,-0.4162,-0.0407,1.5198,-0.1005,-0.3424,-0.1422,0.8330,0.3271,0.0241,0,0.00,0.006,0.006,0.037,STANCE,0.2723,0.2869,1.1701,-0.0659,0.3509,-0.1985,0.5341,-0.1978,0.0381,0,0.00,0.003,0.031,0.044,STANCE,-0.1374,-0.0431,1.3611,-0.3523,-0.1776,-0.1377,0.5582,0.1838,0.0219,0,0.00,0.004,0.018,0.030,STANCE,0.0213,0.0487,1.2945,-0.3355,0.2043,-0.1547
13.158,1540,placemove,0.8596,-0.0216,0.2311,-0.0120,-0.1794,-0.0084,-0.0338,0.0984,-0.1229,-0.5451,-0.5055,0.1017,1.000,0.000,-0.0019,0.0037,-0.0120,-0.1794,-0.0084,0.0656,0,1.1429,-0.3183,0.1600,0,0.55,0.025,0.130,0.145,STANCE,-0.3885,-0.1149,1.4102,0.2681,-0.2922,-0.1243,1.0508,0.3105,0.1654,1,0.00,0.004,0.004,0.004,SWING,0.7712,-0.2879,1.5708,0.1737,0.3352,-0.0941,0.7808,-0.3656,0.0762,0,0.00,0.001,0.001,0.023,STANCE,-0.4216,-0.0345,1.5045,-0.1023,-0.3431,-0.1432,0.8367,0.3259,0.0165,0,0.00,0.014,0.043,0.041,STANCE,0.2638,0.3177,1.1414,-0.0634,0.3495,-0.2037,0.5353,-0.1977,0.0303,0,0.00,0.004,0.046,0.056,STANCE,-0.1402,-0.0095,1.3217,-0.3535,-0.1772,-0.1434,0.5607,0.1834,0.0166,0,0.00,0.003,0.034,0.003,STANCE,0.0186,0.0557,1.2969,-0.3338,0.2043,-0.1562
13.222,1544,placemove,0.8591,-0.0218,0.2310,-0.0025,-0.1756,-0.0029,-0.0381,-0.0468,0.0489,0.6282,0.3046,0.4032,1.000,0.000,-0.0060,-0.0240,-0.0025,-0.1756,-0.0029,0.1685,0,1.1413,-0.3145,0.1598,1,9.59,0.244,2.940,1.677,STANCE,-0.3924,-0.1404,1.4450,0.2661,-0.2913,-0.1202,1.0486,0.3163,0.1779,0,0.00,0.049,0.126,0.006,SWING,0.7661,-0.3443,1.5708,0.1764,0.3396,-0.0821,0.7817,-0.3656,0.0712,0,0.00,0.004,0.079,0.036,STANCE,-0.4237,-0.0209,1.4849,-0.1032,-0.3438,-0.1455,0.8382,0.3260,0.0137,1,2.72,0.384,0.515,0.035,STANCE,0.2497,0.3511,1.1104,-0.0595,0.3482,-0.2093,0.5365,-0.1981,0.0216,0,0.00,0.007,0.017,0.076,STANCE,-0.1417,0.0366,1.2736,-0.3538,-0.1769,-0.1513,0.5615,0.1832,0.0141,1,7.17,0.655,2.096,0.697,STANCE,0.0137,0.0813,1.2830,-0.3314,0.2044,-0.1610
13.242,1548,placemove,0.8587,-0.0224,0.2304,0.0022,-0.1680,0.0016,0.0069,-0.0195,-0.0608,-0.1942,1.3984,0.1699,1.000,0.000,-0.0031,-0.0266,0.0022,-0.1680,0.0016,0.1640,0,1.1404,-0.3142,0.1630,1,0.00,0.011,0.020,0.043,STANCE,-0.3962,-0.1803,1.4722,0.2657,-0.2925,-0.1128,1.0457,0.3216,0.1933,0,0.00,0.040,0.064,0.007,SWING,0.7632,-0.4110,1.5708,0.1786,0.3441,-0.0676,0.7821,-0.3663,0.0664,0,0.00,0.003,0.033,0.033,STANCE,-0.4253,-0.0055,1.4654,-0.1038,-0.3442,-0.1481,0.8380,0.3254,0.0172,1,0.00,0.019,0.009,0.044,STANCE,0.2362,0.3380,1.1413,-0.0559,0.3472,-0.2074,0.5376,-0.1987,0.0140,0,4.25,0.178,0.001,0.622,STANCE,-0.1436,0.0807,1.2307,-0.3534,-0.1762,-0.1591,0.5609,0.1824,0.0179,1,0.00,0.026,0.057,0.032,STANCE,0.0081,0.0685,1.3097,-0.3291,0.2048,-0.1592
13.309,1552,placemove,0.8590,-0.0225,0.2284,-0.0065,-0.1491,0.0070,0.0310,0.0042,-0.1656,-0.7314,0.9461,0.2866,1.000,0.000,-0.0022,-0.0115,-0.0065,-0.1491,0.0070,0.1398,0,1.1387,-0.3146,0.1630,1,3.70,0.670,0.733,0.373,STANCE,-0.4011,-0.2082,1.4935,0.2646,-0.2933,-0.1078,1.0439,0.3256,0.2003,0,0.00,0.017,0.069,0.005,SWING,0.7580,-0.4777,1.5708,0.1811,0.3476,-0.0528,0.7799,-0.3681,0.0660,0,0.00,0.058,0.062,0.033,STANCE,-0.4292,0.0095,1.4459,-0.1050,-0.3444,-0.1507,0.8351,0.3228,0.0152,0,0.00,0.014,0.064,0.044,STANCE,0.2270,0.3283,1.1637,-0.0534,0.3464,-0.2060,0.5349,-0.2008,0.0141,1,2.97,0.445,0.326,0.216,STANCE,-0.1470,0.1136,1.1934,-0.3539,-0.1754,-0.1646,0.5576,0.1801,0.0226,0,0.00,0.011,0.069,0.044,STANCE,0.0035,0.0566,1.3297,-0.3276,0.2053,-0.1574
13.341,1556,placemove,0.8611,-0.0219,0.2273,-0.0099,-0.1408,0.0103,0.1357,0.0448,-0.1100,-0.2646,0.2979,0.1786,1.000,0.000,-0.0051,0.0106,-0.0099,-0.1408,0.0103,0.1629,0,1.1386,-0.3141,0.1632,1,0.00,0.007,0.012,0.024,STANCE,-0.4078,-0.2247,1.5102,0.2628,-0.2939,-0.1049,1.0487,0.3280,0.2115,0,0.00,0.004,0.102,0.004,SWING,0.7348,-0.5443,1.5708,0.1883,0.3485,-0.0377,0.7796,-0.3687,0.0649,0,0.00,0.008,0.012,0.026,STANCE,-0.4360,0.0209,1.4276,-0.1070,-0.3446,-0.1525,0.8347,0.3219,0.0151,1,0.00,0.010,0.025,0.055,STANCE,0.2236,0.3127,1.1895,-0.0525,0.3459,-0.2035,0.5344,-0.2014,0.0149,1,0.00,0.009,0.001,0.002,STANCE,-0.1512,0.1219,1.1782,-0.3550,-0.1746,-0.1658,0.5570,0.1793,0.0257,0,0.00,0.010,0.014,0.021,STANCE,0.0015,0.0432,1.3443,-0.3273,0.2057,-0.1550
13.386,1560,placemove,0.8629,-0.0212,0.2251,-0.0135,-0.1425,0.0130,0.0914,0.0322,-0.1375,-0.1998,-0.2506,0.0517,1.000,0.000,-0.0084,0.0297,-0.0135,-0.1425,0.0130,0.1360,0,1.1388,-0.3134,0.1633,1,2.32,0.303,0.584,0.354,STANCE,-0.4156,-0.2328,1.5233,0.2605,-0.2944,-0.1038,1.0602,0.3272,0.2231,0,0.00,0.044,0.046,0.013,SWING,0.6893,-0.5939,1.5708,0.2012,0.3457,-0.0264,0.7802,-0.3691,0.0625,0,0.00,0.020,0.078,0.035,STANCE,-0.4446,0.0275,1.4122,-0.1095,-0.3448,-0.1535,0.8351,0.3211,0.0149,1,0.00,0.023,0.042,0.053,STANCE,0.2259,0.2919,1.2210,-0.0529,0.3453,-0.2001,0.5348,-0.2018,0.0150,0,2.69,0.361,0.369,0.023,STANCE,-0.1555,0.1106,1.1802,-0.3569,-0.1741,-0.1635,0.5577,0.1788,0.0253,0,0.00,0.025,0.003,0.019,STANCE,0.0018,0.0275,1.3561,-0.3279,0.2060,-0.1522
13.414,1564,placemove,0.8642,-0.0206,0.2230,-0.0164,-0.1471,0.0153,0.0729,0.0429,-0.1133,-0.1321,-0.2856,0.0927,1.000,0.000,-0.0114,0.0370,-0.0164,-0.1471,0.0153,0.1586,0,1.1386,-0.3129,0.1635,1,5.97,0.126,1.653,0.928,STANCE,-0.4233,-0.2372,1.5335,0.2582,-0.2948,-0.1033,1.0751,0.3233,0.2364,0,0.00,0.027,0.144,0.002,SWING,0.6287,-0.6606,1.5708,0.2179,0.3402,-0.0111,0.7805,-0.3695,0.0605,0,0.00,0.004,0.037,0.016,STANCE,-0.4529,0.0293,1.4013,-0.1120,-0.3451,-0.1537,0.8353,0.3205,0.0148,1,5.26,0.280,1.418,0.465,STANCE,0.2304,0.2719,1.2498,-0.0539,0.3447,-0.1968,0.5349,-0.2020,0.0149,1,3.44,0.346,0.322,0.162,STANCE,-0.1591,0.0936,1.1870,-0.3590,-0.1738,-0.1601,0.5581,0.1784,0.0241,0,0.00,0.020,0.059,0.014,STANCE,0.0032,0.0112,1.3664,-0.3289,0.2062,-0.1492
13.451,1568,placemove,0.8654,-0.0198,0.2213,-0.0181,-0.1521,0.0171,0.0697,0.0456,-0.0877,-0.0738,-0.2985,0.0867,1.000,0.000,-0.0139,0.0428,-0.0181,-0.1521,0.0171,0.1570,0,1.1384,-0.3123,0.1636,1,5.54,0.111,1.517,0.815,STANCE,-0.4305,-0.2398,1.5415,0.2561,-0.2952,-0.1030,1.0899,0.3174,0.2530,0,0.00,0.025,0.141,0.002,SWING,0.5663,-0.7273,1.5708,0.2344,0.3325,0.0043,0.7807,-0.3695,0.0584,0,0.00,0.007,0.037,0.018,STANCE,-0.4606,0.0318,1.3898,-0.1143,-0.3454,-0.1539,0.8355,0.3202,0.0147,1,5.29,0.284,1.409,0.436,STANCE,0.2362,0.2571,1.2715,-0.0551,0.3440,-0.1944,0.5350,-0.2020,0.0148,1,3.42,0.090,0.181,0.272,STANCE,-0.1620,0.0775,1.1921,-0.3609,-0.1737,-0.1568,0.5585,0.1784,0.0226,0,0.00,0.006,0.054,0.006,STANCE,0.0056,-0.0002,1.3709,-0.3301,0.2061,-0.1470
13.473,1572,placemove,0.8666,-0.0192,0.2201,-0.0189,-0.1569,0.0183,0.0668,0.0334,-0.0670,-0.0359,-0.2889,0.0532,1.000,0.000,-0.0156,0.0469,-0.0189,-0.1569,0.0183,0.1557,0,1.1383,-0.3117,0.1636,1,5.25,0.142,1.426,0.754,STANCE,-0.4370,-0.2412,1.5477,0.2542,-0.2955,-0.1030,1.1019,0.3109,0.2675,0,0.00,0.029,0.076,0.002,SWING,0.5142,-0.7793,1.5708,0.2473,0.3247,0.0163,0.7810,-0.3694,0.0562,0,0.00,0.005,0.038,0.020,STANCE,-0.4675,0.0354,1.3774,-0.1165,-0.3458,-0.1543,0.8355,0.3200,0.0147,1,4.99,0.232,1.346,0.415,STANCE,0.2429,0.2460,1.2877,-0.0566,0.3434,-0.1925,0.5350,-0.2019,0.0148,1,3.30,0.024,0.230,0.219,STANCE,-0.1642,0.0629,1.1957,-0.3628,-0.1737,-0.1538,0.5588,0.1783,0.0209,0,0.00,0.002,0.049,0.002,STANCE,0.0087,-0.0073,1.3706,-0.3314,0.2059,-0.1455
13.505,1576,placemove,0.8677,-0.0187,0.2191,-0.0193,-0.1614,0.0190,0.0648,0.0231,-0.0514,-0.0118,-0.2414,0.0195,1.000,0.000,-0.0167,0.0483,-0.0193,-0.1614,0.0190,0.1547,0,1.1382,-0.3115,0.1637,1,4.98,0.242,1.332,0.670,STANCE,-0.4426,-0.2422,1.5527,0.2526,-0.2959,-0.1030,1.1126,0.3055,0.2700,0,0.00,0.032,0.033,0.010,SWING,0.4743,-0.7741,1.5708,0.2572,0.3187,0.0151,0.7812,-0.3695,0.0540,0,0.00,0.005,0.038,0.022,STANCE,-0.4735,0.0404,1.3641,-0.1184,-0.3461,-0.1550,0.8356,0.3198,0.0146,1,4.92,0.219,1.328,0.400,STANCE,0.2499,0.2375,1.2998,-0.0581,0.3428,-0.1911,0.5351,-0.2019,0.0147,1,3.15,0.044,0.145,0.273,STANCE,-0.1658,0.0507,1.1975,-0.3644,-0.1739,-0.1511,0.5592,0.1783,0.0191,0,0.00,0.000,0.045,0.008,STANCE,0.0123,-0.0103,1.3662,-0.3328,0.2056,-0.1447
13.526,1580,placemove,0.8687,-0.0184,0.2184,-0.0195,-0.1648,0.0191,0.0581,0.0238,-0.0402,-0.0008,-0.1816,-0.0049,1.000,0.000,-0.0173,0.0478,-0.0195,-0.1648,0.0191,0.1540,0,1.1382,-0.3115,0.1638,1,4.55,0.403,0.963,0.182,STANCE,-0.4473,-0.2433,1.5562,0.2514,-0.2963,-0.1029,1.1235,0.3013,0.2580,0,0.00,0.025,0.068,0.004,SWING,0.4444,-0.7108,1.5708,0.2647,0.3143,0.0005,0.7814,-0.3695,0.0517,0,0.00,0.004,0.033,0.023,STANCE,-0.4785,0.0472,1.3498,-0.1201,-0.3465,-0.1560,0.8356,0.3196,0.0146,1,5.35,0.286,1.352,0.398,STANCE,0.2568,0.2311,1.3084,-0.0597,0.3423,-0.1900,0.5351,-0.2018,0.0147,1,3.49,0.653,0.355,0.134,STANCE,-0.1666,0.0412,1.1972,-0.3659,-0.1742,-0.1490,0.5595,0.1782,0.0171,0,0.00,0.001,0.041,0.014,STANCE,0.0162,-0.0093,1.3580,-0.3343,0.2053,-0.1447
13.560,1584,placemove,0.8697,-0.0180,0.2178,-0.0194,-0.1674,0.0187,0.0570,0.0236,-0.0298,0.0047,-0.1296,-0.0255,1.000,0.000,-0.0176,0.0468,-0.0194,-0.1674,0.0187,0.1534,0,1.1382,-0.3115,0.1639,1,4.06,0.214,0.685,0.094,SHIFT,-0.4511,-0.2446,1.5592,0.2503,-0.2966,-0.1027,1.1325,0.2977,0.2443,0,0.00,0.020,0.070,0.013,SWING,0.4219,-0.6442,1.5662,0.2701,0.3106,-0.0144,0.7816,-0.3695,0.0494,0,0.00,0.010,0.031,0.024,SHIFT,-0.4825,0.0556,1.3346,-0.1214,-0.3468,-0.1573,0.8356,0.3197,0.0146,1,5.76,0.525,1.021,0.108,SHIFT,0.2634,0.2261,1.3145,-0.0612,0.3420,-0.1892,0.5350,-0.2016,0.0147,1,3.41,0.720,0.504,0.003,SHIFT,-0.1670,0.0345,1.1950,-0.3672,-0.1745,-0.1474,0.5598,0.1782,0.0150,0,0.00,0.001,0.036,0.018,SHIFT,0.0201,-0.0050,1.3467,-0.3357,0.2048,-0.1452
13.581,1588,placemove,0.8712,-0.0175,0.2179,-0.0204,-0.1659,0.0180,0.1071,0.0266,-0.0121,-0.1171,0.0815,-0.0802,1.000,0.000,-0.0177,0.0463,-0.0204,-0.1659,0.0180,0.1652,0,1.1383,-0.3118,0.1640,1,4.33,0.231,0.656,0.175,SHIFT,-0.4552,-0.2461,1.5618,0.2493,-0.2970,-0.1025,1.1400,0.2937,0.2294,0,0.00,0.031,0.087,0.001,SHIFT,0.4056,-0.5775,1.5672,0.2729,0.3065,-0.0298,0.7814,-0.3695,0.0482,0,0.00,0.021,0.035,0.027,SHIFT,-0.4868,0.0654,1.3176,-0.1229,-0.3471,-0.1588,0.8353,0.3196,0.0152,1,0.00,0.023,0.027,0.020,SHIFT,0.2708,0.2192,1.3226,-0.0629,0.3416,-0.1880,0.5345,-0.2015,0.0166,1,0.00,0.009,0.051,0.000,SHIFT,-0.1674,0.0272,1.1927,-0.3685,-0.1749,-0.1456,0.5597,0.1782,0.0147,1,7.42,0.248,0.320,0.814,SHIFT,0.0244,-0.0020,1.3359,-0.3372,0.2044,-0.1455
13.625,1592,placemove,0.8732,-0.0170,0.2176,-0.0234,-0.1634,0.0167,0.1324,0.0403,-0.0198,-0.2361,0.1872,-0.1193,1.000,0.000,-0.0187,0.0473,-0.0234,-0.1634,0.0167,0.1283,0,1.1386,-0.3124,0.1639,1,5.03,0.220,0.755,0.220,SHIFT,-0.4596,-0.2475,1.5637,0.2483,-0.2976,-0.1023,1.1462,0.2896,0.2128,0,0.00,0.014,0.087,0.001,SHIFT,0.3946,-0.5108,1.5680,0.2739,0.3025,-0.0451,0.7812,-0.3696,0.0472,0,0.00,0.015,0.039,0.029,SHIFT,-0.4913,0.0760,1.2992,-0.1244,-0.3475,-0.1604,0.8353,0.3193,0.0150,0,0.00,0.010,0.028,0.011,SHIFT,0.2788,0.2123,1.3300,-0.0648,0.3413,-0.1868,0.5341,-0.2013,0.0191,0,0.00,0.006,0.055,0.010,SHIFT,-0.1678,0.0213,1.1881,-0.3700,-0.1753,-0.1440,0.5599,0.1782,0.0146,1,7.26,0.235,0.570,0.570,SHIFT,0.0289,-0.0019,1.3272,-0.3389,0.2039,-0.1452
13.647,1596,placemove,0.8751,-0.0165,0.2175,-0.0241,-0.1629,0.0160,0.1119,0.0223,-0.0044,-0.0232,0.0111,-0.0503,1.000,0.000,-0.0202,0.0489,-0.0241,-0.1629,0.0160,0.1530,0,1.1391,-0.3129,0.1640,1,4.80,0.056,0.826,0.114,SHIFT,-0.4644,-0.2489,1.5652,0.2471,-0.2982,-0.1021,1.1505,0.2854,0.1973,0,0.00,0.004,0.063,0.001,SHIFT,0.3876,-0.4442,1.5686,0.2733,0.2985,-0.0601,0.7813,-0.3696,0.0457,0,0.00,0.017,0.024,0.029,SHIFT,-0.4960,0.0868,1.2802,-0.1260,-0.3478,-0.1621,0.8354,0.3193,0.0148,1,2.78,0.370,0.470,0.050,SHIFT,0.2876,0.2090,1.3324,-0.0668,0.3409,-0.1862,0.5339,-0.2012,0.0202,0,0.00,0.016,0.035,0.016,SHIFT,-0.1682,0.0196,1.1781,-0.3715,-0.1758,-0.1431,0.5599,0.1784,0.0146,1,5.10,0.447,0.419,0.400,SHIFT,0.0337,-0.0018,1.3170,-0.3408,0.2034,-0.1448
13.683,1600,placemove,0.8770,-0.0162,0.2174,-0.0242,-0.1628,0.0152,0.1134,0.0178,-0.0022,-0.0078,-0.0026,-0.0413,1.000,0.000,-0.0211,0.0500,-0.0242,-0.1628,0.0152,0.1530,0,1.1396,-0.3135,0.1640,1,5.01,0.023,0.798,0.186,SHIFT,-0.4695,-0.2502,1.5664,0.2460,-0.2989,-0.1018,1.1534,0.2813,0.1837,0,0.00,0.001,0.005,0.011,SHIFT,0.3837,-0.3852,1.5691,0.2717,0.2946,-0.0732,0.7815,-0.3697,0.0438,0,0.00,0.015,0.024,0.030,SHIFT,-0.5009,0.0979,1.2603,-0.1276,-0.3482,-0.1637,0.8354,0.3193,0.0148,1,3.08,0.323,0.518,0.038,SHIFT,0.2965,0.2066,1.3333,-0.0689,0.3406,-0.1858,0.5340,-0.2011,0.0203,0,0.00,0.014,0.033,0.023,SHIFT,-0.1686,0.0215,1.1638,-0.3732,-0.1763,-0.1427,0.5600,0.1784,0.0145,1,4.78,0.360,0.360,0.401,SHIFT,0.0386,-0.0016,1.3063,-0.3428,0.2030,-0.1444
13.706,1604,placemove,0.8789,-0.0159,0.2174,-0.0242,-0.1629,0.0145,0.1119,0.0146,-0.0008,0.0004,-0.0090,-0.0330,1.000,0.000,-0.0216,0.0506,-0.0242,-0.1629,0.0145,0.1530,0,1.1401,-0.3141,0.1640,1,5.02,0.028,0.784,0.202,SHIFT,-0.4746,-0.2514,1.5674,0.2448,-0.2997,-0.1016,1.1554,0.2778,0.1732,0,0.00,0.001,0.004,0.010,SHIFT,0.3819,-0.3389,1.5694,0.2698,0.2914,-0.0832,0.7818,-0.3697,0.0418,0,0.00,0.014,0.024,0.031,SHIFT,-0.5058,0.1095,1.2397,-0.1293,-0.3485,-0.1655,0.8354,0.3193,0.0148,1,3.09,0.228,0.498,0.010,SHIFT,0.3053,0.2046,1.3333,-0.0710,0.3404,-0.1855,0.5341,-0.2011,0.0199,0,0.00,0.013,0.031,0.028,SHIFT,-0.1692,0.0264,1.1460,-0.3749,-0.1767,-0.1429,0.5600,0.1785,0.0145,1,4.72,0.268,0.318,0.423,SHIFT,0.0432,-0.0012,1.2953,-0.3447,0.2025,-0.1441
13.747,1608,placemove,0.8807,-0.0157,0.2174,-0.0234,-0.1638,0.0144,0.0963,0.0142,0.0256,0.3603,-0.3207,0.2204,1.000,0.000,-0.0218,0.0509,-0.0234,-0.1638,0.0144,0.1529,0,1.1406,-0.3148,0.1641,1,5.62,0.751,1.118,0.056,SHIFT,-0.4797,-0.2524,1.5681,0.2437,-0.3004,-0.1014,1.1568,0.2751,0.1651,0,14.08,1.301,2.940,1.183,SHIFT,0.3818,-0.3039,1.5697,0.2679,0.2890,-0.0907,0.7822,-0.3698,0.0397,0,0.00,0.200,0.319,0.039,SHIFT,-0.5107,0.1218,1.2184,-0.1310,-0.3488,-0.1673,0.8354,0.3193,0.0147,1,0.00,0.128,0.323,0.039,SHIFT,0.3138,0.2029,1.3327,-0.0730,0.3401,-0.1852,0.5343,-0.2011,0.0191,0,0.00,0.177,0.314,0.038,SHIFT,-0.1698,0.0340,1.1255,-0.3766,-0.1772,-0.1434,0.5601,0.1785,0.0145,1,8.44,0.600,0.805,0.571,SHIFT,0.0476,-0.0006,1.2842,-0.3466,0.2021,-0.1438
13.778,1612,placemove,0.8822,-0.0156,0.2184,-0.0143,-0.1704,0.0170,0.0943,0.0149,0.1055,0.2894,0.0299,0.1311,1.000,0.000,-0.0192,0.0487,-0.0143,-0.1704,0.0170,0.1038,0,1.1427,-0.3138,0.1639,1,1.98,0.222,0.406,0.076,SHIFT,-0.4845,-0.2532,1.5687,0.2426,-0.3011,-0.1013,1.1566,0.2750,0.1649,1,11.51,0.593,2.940,1.290,SHIFT,0.3828,-0.2786,1.5698,0.2663,0.2873,-0.0960,0.7853,-0.3688,0.0342,0,0.00,0.012,0.078,0.041,SHIFT,-0.5153,0.1354,1.1961,-0.1325,-0.3490,-0.1694,0.8349,0.3208,0.0183,0,0.00,0.004,0.079,0.002,SHIFT,0.3216,0.2013,1.3319,-0.0749,0.3400,-0.1849,0.5365,-0.2011,0.0145,0,12.42,0.692,2.940,0.762,SHIFT,-0.1706,0.0439,1.1023,-0.3783,-0.1775,-0.1444,0.5604,0.1787,0.0147,1,0.00,0.006,0.114,0.026,SHIFT,0.0515,0.0003,1.2732,-0.3484,0.2018,-0.1435
13.828,1616,placemove,0.8839,-0.0155,0.2208,-0.0080,-0.1695,0.0182,0.1055,0.0029,0.1411,0.3430,0.0603,0.1211,1.000,0.000,-0.0144,0.0466,-0.0080,-0.1695,0.0182,0.1064,0,1.1440,-0.3133,0.1640,1,1.93,0.197,0.363,0.060,SHIFT,-0.4888,-0.2532,1.5691,0.2416,-0.3016,-0.1013,1.1567,0.2750,0.1647,1,5.06,0.360,1.426,0.810,SHIFT,0.3853,-0.2604,1.5699,0.2646,0.2863,-0.0998,0.7866,-0.3679,0.0318,0,0.00,0.012,0.046,0.043,SHIFT,-0.5199,0.1518,1.1717,-0.1340,-0.3491,-0.1719,0.8338,0.3220,0.0225,0,0.00,0.006,0.008,0.001,SHIFT,0.3290,0.2008,1.3284,-0.0768,0.3400,-0.1848,0.5371,-0.2008,0.0144,1,4.70,0.486,1.412,0.520,SHIFT,-0.1716,0.0561,1.0780,-0.3799,-0.1778,-0.1457,0.5597,0.1791,0.0184,0,0.00,0.002,0.004,0.011,SHIFT,0.0550,0.0017,1.2615,-0.3502,0.2016,-0.1433
13.849,1620,placemove,0.8856,-0.0155,0.2228,-0.0037,-0.1687,0.0189,0.0954,-0.0079,0.1094,0.1918,0.0470,0.0550,1.000,0.000,-0.0093,0.0460,-0.0037,-0.1687,0.0189,0.1084,0,1.1452,-0.3131,0.1641,1,1.41,0.118,0.262,0.017,SHIFT,-0.4929,-0.2518,1.5695,0.2406,-0.3021,-0.1016,1.1568,0.2751,0.1647,1,4.84,0.316,1.254,0.600,SHIFT,0.3891,-0.2467,1.5694,0.2630,0.2859,-0.1027,0.7877,-0.3671,0.0293,0,0.00,0.003,0.019,0.043,SHIFT,-0.5247,0.1703,1.1451,-0.1354,-0.3490,-0.1748,0.8329,0.3229,0.0258,0,0.00,0.004,0.021,0.008,SHIFT,0.3365,0.2014,1.3223,-0.0788,0.3402,-0.1848,0.5376,-0.2006,0.0144,1,4.30,0.435,1.308,0.471,SHIFT,-0.1729,0.0681,1.0540,-0.3814,-0.1779,-0.1471,0.5591,0.1793,0.0213,0,0.00,0.005,0.022,0.023,SHIFT,0.0583,0.0053,1.2468,-0.3520,0.2015,-0.1434
13.887,1624,placemove,0.8871,-0.0157,0.2244,-0.0015,-0.1681,0.0188,0.0899,-0.0117,0.0871,0.0971,0.0312,0.0040,1.000,0.000,-0.0053,0.0461,-0.0015,-0.1681,0.0188,0.1100,0,1.1459,-0.3134,0.1642,1,1.56,0.082,0.265,0.020,SHIFT,-0.4968,-0.2493,1.5698,0.2395,-0.3024,-0.1021,1.1569,0.2752,0.1647,1,3.93,0.020,0.660,0.116,SHIFT,0.3942,-0.2377,1.5694,0.2614,0.2860,-0.1045,0.7884,-0.3668,0.0269,0,0.00,0.004,0.015,0.044,SHIFT,-0.5296,0.1903,1.1168,-0.1369,-0.3488,-0.1779,0.8322,0.3234,0.0278,0,0.00,0.002,0.025,0.012,SHIFT,0.3441,0.2029,1.3139,-0.0808,0.3405,-0.1851,0.5378,-0.2006,0.0144,1,5.57,0.006,0.605,0.260,SHIFT,-0.1743,0.0795,1.0309,-0.3829,-0.1780,-0.1483,0.5586,0.1794,0.0230,0,0.00,0.002,0.024,0.027,SHIFT,0.0615,0.0108,1.2294,-0.3539,0.2015,-0.1438
13.908,1628,placemove,0.8887,-0.0159,0.2256,-0.0004,-0.1677,0.0184,0.0881,-0.0091,0.0673,0.0406,0.0192,-0.0275,1.000,0.000,-0.0026,0.0465,-0.0004,-0.1677,0.0184,0.1112,0,1.1464,-0.3137,0.1642,1,3.61,0.117,0.576,0.074,STANCE,-0.5004,-0.2463,1.5700,0.2385,-0.3026,-0.1028,1.1571,0.2754,0.1646,1,4.23,0.116,0.734,0.100,STANCE,0.3999,-0.2318,1.5697,0.2598,0.2864,-0.1057,0.7889,-0.3664,0.0251,0,0.00,0.015,0.050,0.036,SWING,-0.5341,0.2040,1.0973,-0.1381,-0.3485,-0.1800,0.8317,0.3238,0.0287,0,0.00,0.016,0.013,0.009,STANCE,0.3518,0.2059,1.3035,-0.0829,0.3408,-0.1855,0.5379,-0.2006,0.0144,1,5.81,0.195,0.766,0.156,STANCE,-0.1757,0.0897,1.0094,-0.3843,-0.1781,-0.1493,0.5583,0.1794,0.0238,0,0.00,0.021,0.016,0.023,STANCE,0.0647,0.0179,1.2101,-0.3559,0.2014,-0.1444
13.939,1632,placemove,0.8900,-0.0160,0.2266,-0.0001,-0.1675,0.0178,0.0748,-0.0053,0.0532,0.0065,0.0060,-0.0426,1.000,0.000,-0.0010,0.0468,-0.0001,-0.1675,0.0178,0.1122,0,1.1469,-0.3141,0.1643,1,1.64,0.059,0.265,0.037,STANCE,-0.5032,-0.2431,1.5701,0.2377,-0.3026,-0.1034,1.1573,0.2756,0.1646,1,4.26,0.030,0.694,0.141,STANCE,0.4055,-0.2279,1.5699,0.2583,0.2869,-0.1066,0.7878,-0.3670,0.0327,0,0.00,0.004,0.131,0.101,SWING,-0.5361,0.1549,1.1488,-0.1392,-0.3493,-0.1717,0.8314,0.3241,0.0289,0,0.00,0.003,0.025,0.017,STANCE,0.3588,0.2104,1.2915,-0.0848,0.3411,-0.1862,0.5381,-0.2005,0.0143,1,5.77,0.028,0.666,0.209,STANCE,-0.1767,0.0984,0.9909,-0.3855,-0.1782,-0.1501,0.5581,0.1794,0.0238,0,0.00,0.002,0.025,0.030,STANCE,0.0678,0.0263,1.1906,-0.3576,0.2013,-0.1453
13.960,1636,placemove,0.8912,-0.0161,0.2274,-0.0001,-0.1674,0.0170,0.0671,-0.0036,0.0435,-0.0050,0.0070,-0.0510,1.000,0.000,-0.0003,0.0470,-0.0001,-0.1674,0.0170,0.1130,0,1.1473,-0.3144,0.1644,1,1.63,0.053,0.259,0.042,STANCE,-0.5054,-0.2402,1.5703,0.2370,-0.3027,-0.1040,1.1575,0.2759,0.1646,1,4.33,0.049,0.695,0.150,STANCE,0.4108,-0.2251,1.5701,0.2570,0.2874,-0.1071,0.7863,-0.3684,0.0448,0,0.00,0.007,0.131,0.101,SWING,-0.5348,0.0882,1.2155,-0.1396,-0.3507,-0.1601,0.8312,0.3243,0.0285,0,0.00,0.005,0.025,0.020,STANCE,0.3652,0.2165,1.2780,-0.0866,0.3414,-0.1872,0.5382,-0.2005,0.0143,1,6.01,0.031,0.649,0.241,STANCE,-0.1774,0.1056,0.9752,-0.3865,-0.1784,-0.1508,0.5580,0.1794,0.0232,0,0.00,0.003,0.025,0.031,STANCE,0.0707,0.0359,1.1709,-0.3592,0.2011,-0.1465
14.004,1640,placemove,0.8922,-0.0161,0.2281,-0.0002,-0.1674,0.0161,0.0604,-0.0022,0.0344,-0.0076,0.0033,-0.0537,1.000,0.000,-0.0000,0.0472,-0.0002,-0.1674,0.0161,0.1136,0,1.1476,-0.3147,0.1644,1,1.66,0.044,0.260,0.047,STANCE,-0.5072,-0.2377,1.5704,0.2365,-0.3027,-0.1046,1.1577,0.2762,0.1646,1,4.36,0.060,0.696,0.154,STANCE,0.4157,-0.2231,1.5702,0.2558,0.2880,-0.1076,0.7855,-0.3695,0.0571,0,0.00,0.008,0.131,0.101,SWING,-0.5312,0.0215,1.2822,-0.1391,-0.3517,-0.1484,0.8312,0.3245,0.0277,0,0.00,0.005,0.024,0.022,STANCE,0.3712,0.2243,1.2630,-0.0882,0.3416,-0.1884,0.5383,-0.2004,0.0144,1,5.97,0.033,0.665,0.214,STANCE,-0.1777,0.1116,0.9616,-0.3874,-0.1786,-0.1513,0.5580,0.1795,0.0223,0,0.00,0.002,0.024,0.032,STANCE,0.0735,0.0466,1.1508,-0.3607,0.2010,-0.1478
14.026,1644,placemove,0.8932,-0.0161,0.2286,-0.0003,-0.1673,0.0152,0.0549,-0.0011,0.0273,-0.0065,0.0013,-0.0524,1.000,0.000,-0.0000,0.0473,-0.0003,-0.1673,0.0152,0.1141,0,1.1479,-0.3150,0.1645,1,1.68,0.036,0.259,0.051,STANCE,-0.5089,-0.2358,1.5704,0.2360,-0.3027,-0.1050,1.1579,0.2764,0.1645,1,4.39,0.077,0.695,0.160,STANCE,0.4203,-0.2216,1.5704,0.2547,0.2886,-0.1079,0.7852,-0.3706,0.0694,0,0.00,0.006,0.143,0.081,SWING,-0.5252,-0.0452,1.3443,-0.1379,-0.3530,-0.1366,0.8312,0.3246,0.0265,0,0.00,0.006,0.023,0.024,STANCE,0.3767,0.2335,1.2468,-0.0897,0.3417,-0.1899,0.5384,-0.2004,0.0144,1,6.08,0.033,0.668,0.216,STANCE,-0.1779,0.1167,0.9497,-0.3882,-0.1788,-0.1517,0.5581,0.1795,0.0211,0,0.00,0.003,0.024,0.033,STANCE,0.0762,0.0584,1.1303,-0.3620,0.2007,-0.1494
14.060,1648,placemove,0.8940,-0.0162,0.2290,-0.0004,-0.1673,0.0144,0.0504,-0.0003,0.0218,-0.0045,0.0004,-0.0483,1.000,0.000,-0.0001,0.0474,-0.0004,-0.1673,0.0144,0.1145,0,1.1481,-0.3153,0.1645,1,1.69,0.027,0.258,0.055,STANCE,-0.5103,-0.2342,1.5705,0.2356,-0.3028,-0.1053,1.1581,0.2767,0.1645,1,4.39,0.087,0.690,0.163,STANCE,0.4244,-0.2204,1.5704,0.2538,0.2891,-0.1081,0.7876,-0.3744,0.0827,0,0.00,0.006,0.140,0.065,SWING,-0.5036,-0.1118,1.3933,-0.1335,-0.3574,-0.1242,0.8313,0.3247,0.0250,0,0.00,0.007,0.023,0.026,STANCE,0.3817,0.2439,1.2294,-0.0910,0.3418,-0.1915,0.5385,-0.2004,0.0144,1,6.17,0.004,0.654,0.232,STANCE,-0.1780,0.1210,0.9392,-0.3889,-0.1790,-0.1520,0.5582,0.1795,0.0196,0,0.00,0.003,0.024,0.033,STANCE,0.0787,0.0710,1.1093,-0.3633,0.2005,-0.1511
14.083,1652,placemove,0.8948,-0.0162,0.2293,-0.0005,-0.1673,0.0136,0.0470,0.0003,0.0175,-0.0027,0.0003,-0.0429,1.000,0.000,-0.0002,0.0474,-0.0005,-0.1673,0.0136,0.1148,0,1.1484,-0.3156,0.1645,1,1.74,0.022,0.264,0.058,STANCE,-0.5118,-0.2331,1.5705,0.2352,-0.3029,-0.1055,1.1583,0.2770,0.1645,1,4.38,0.092,0.685,0.164,STANCE,0.4283,-0.2196,1.5705,0.2529,0.2896,-0.1083,0.7957,-0.3820,0.0972,0,0.00,0.009,0.137,0.054,SWING,-0.4563,-0.1785,1.4316,-0.1230,-0.3655,-0.1114,0.8314,0.3248,0.0233,0,0.00,0.008,0.023,0.027,STANCE,0.3864,0.2553,1.2111,-0.0923,0.3419,-0.1934,0.5386,-0.2003,0.0144,1,6.19,0.035,0.646,0.236,STANCE,-0.1780,0.1247,0.9298,-0.3895,-0.1792,-0.1522,0.5583,0.1795,0.0179,0,0.00,0.004,0.024,0.034,STANCE,0.0810,0.0844,1.0879,-0.3644,0.2003,-0.1530
14.126,1656,placemove,0.8956,-0.0161,0.2295,-0.0005,-0.1673,0.0130,0.0443,0.0010,0.0140,-0.0021,0.0003,-0.0365,1.000,0.000,-0.0003,0.0474,-0.0005,-0.1673,0.0130,0.1150,0,1.1486,-0.3159,0.1646,1,1.76,0.019,0.265,0.059,STANCE,-0.5133,-0.2322,1.5706,0.2348,-0.3030,-0.1057,1.1584,0.2773,0.1645,1,4.48,0.087,0.702,0.167,STANCE,0.4317,-0.2189,1.5706,0.2521,0.2901,-0.1084,0.8093,-0.3917,0.1130,0,0.00,0.109,0.138,0.043,SWING,-0.3904,-0.2452,1.4617,-0.1072,-0.3756,-0.0982,0.8316,0.3249,0.0214,0,0.00,0.007,0.021,0.029,STANCE,0.3906,0.2675,1.1920,-0.0934,0.3420,-0.1953,0.5387,-0.2003,0.0144,1,6.17,0.040,0.669,0.209,STANCE,-0.1780,0.1279,0.9212,-0.3901,-0.1794,-0.1524,0.5585,0.1795,0.0160,0,0.00,0.003,0.023,0.035,STANCE,0.0831,0.0985,1.0661,-0.3654,0.2001,-0.1550
14.149,1660,placemove,0.8965,-0.0162,0.2301,-0.0004,-0.1658,0.0123,0.0630,-0.0063,0.0566,0.0113,0.1724,-0.0412,1.000,0.000,-0.0004,0.0475,-0.0004,-0.1658,0.0123,0.1404,0,1.1488,-0.3162,0.1646,1,4.11,0.056,0.620,0.177,STANCE,-0.5148,-0.2315,1.5706,0.2344,-0.3031,-0.1058,1.1587,0.2776,0.1645,1,1.24,0.087,0.192,0.025,STANCE,0.4349,-0.2185,1.5706,0.2514,0.2905,-0.1085,0.8240,-0.4009,0.1297,0,0.00,0.117,0.135,0.035,SWING,-0.3237,-0.3119,1.4853,-0.0905,-0.3848,-0.0846,0.8317,0.3250,0.0198,0,0.00,0.014,0.015,0.029,STANCE,0.3945,0.2804,1.1720,-0.0945,0.3420,-0.1974,0.5386,-0.2003,0.0151,1,0.00,0.010,0.027,0.014,STANCE,-0.1781,0.1307,0.9132,-0.3907,-0.1796,-0.1525,0.5586,0.1796,0.0147,1,6.55,0.123,0.406,0.535,STANCE,0.0850,0.1128,1.0439,-0.3664,0.1999,-0.1570
14.192,1664,placemove,0.8975,-0.0163,0.2310,-0.0002,-0.1635,0.0117,0.0618,-0.0065,0.0450,0.0073,0.1200,-0.0329,1.000,0.000,-0.0003,0.0487,-0.0002,-0.1635,0.0117,0.1164,0,1.1491,-0.3166,0.1645,1,4.42,0.016,0.688,0.172,STANCE,-0.5165,-0.2308,1.5706,0.2340,-0.3033,-0.1060,1.1591,0.2777,0.1645,1,1.45,0.100,0.236,0.020,STANCE,0.4377,-0.2179,1.5706,0.2507,0.2909,-0.1086,0.8396,-0.4089,0.1472,0,0.00,0.044,0.135,0.028,SWING,-0.2572,-0.3785,1.5038,-0.0731,-0.3928,-0.0707,0.8318,0.3249,0.0187,0,0.00,0.005,0.019,0.031,STANCE,0.3982,0.2938,1.1515,-0.0955,0.3420,-0.1995,0.5384,-0.2003,0.0166,0,0.00,0.005,0.028,0.015,STANCE,-0.1784,0.1337,0.9049,-0.3913,-0.1798,-0.1526,0.5587,0.1795,0.0146,1,5.84,0.157,0.598,0.277,STANCE,0.0867,0.1246,1.0253,-0.3672,0.1998,-0.1587
14.214,1668,placemove,0.8985,-0.0164,0.2316,-0.0002,-0.1619,0.0112,0.0552,-0.0038,0.0363,0.0021,0.0740,-0.0214,1.000,0.000,-0.0002,0.0503,-0.0002,-0.1619,0.0112,0.1171,0,1.1494,-0.3170,0.1645,1,3.80,0.022,0.598,0.144,STANCE,-0.5184,-0.2299,1.5706,0.2335,-0.3035,-0.1062,1.1595,0.2778,0.1646,1,1.65,0.092,0.261,0.032,STANCE,0.4405,-0.2172,1.5706,0.2501,0.2912,-0.1088,0.8537,-0.4141,0.1613,0,0.00,0.027,0.087,0.019,SWING,-0.2034,-0.4227,1.5183,-0.0582,-0.3973,-0.0616,0.8320,0.3249,0.0172,0,0.00,0.001,0.024,0.033,STANCE,0.4018,0.3073,1.1304,-0.0965,0.3421,-0.2016,0.5384,-0.2003,0.0174,0,0.00,0.009,0.015,0.018,STANCE,-0.1788,0.1390,0.8935,-0.3920,-0.1798,-0.1530,0.5588,0.1795,0.0146,1,5.24,0.103,0.526,0.248,STANCE,0.0882,0.1335,1.0099,-0.3680,0.1997,-0.1598
14.247,1672,placemove,0.8994,-0.0164,0.2322,-0.0002,-0.1611,0.0110,0.0488,-0.0022,0.0282,0.0015,0.0385,-0.0104,1.000,0.000,-0.0002,0.0516,-0.0002,-0.1611,0.0110,0.1176,0,1.1496,-0.3173,0.1645,1,4.46,0.052,0.712,0.156,STANCE,-0.5205,-0.2287,1.5706,0.2329,-0.3036,-0.1064,1.1599,0.2779,0.1646,1,1.71,0.076,0.268,0.044,STANCE,0.4429,-0.2163,1.5707,0.2495,0.2915,-0.1089,0.8677,-0.4119,0.1519,0,0.00,0.017,0.072,0.014,SWING,-0.1670,-0.3626,1.5177,-0.0472,-0.3952,-0.0751,0.8321,0.3249,0.0156,0,0.00,0.006,0.017,0.032,STANCE,0.4052,0.3212,1.1088,-0.0974,0.3421,-0.2038,0.5384,-0.2003,0.0175,0,0.00,0.002,0.030,0.026,STANCE,-0.1795,0.1463,0.8792,-0.3927,-0.1799,-0.1538,0.5589,0.1795,0.0145,1,6.04,0.083,0.614,0.265,STANCE,0.0895,0.1401,0.9973,-0.3688,0.1996,-0.1606
14.277,1676,placemove,0.8999,-0.0169,0.2329,0.0025,-0.1624,0.0111,0.0125,-0.0459,0.0449,0.2334,-0.1757,0.0572,1.000,0.000,0.0002,0.0524,0.0025,-0.1624,0.0111,0.1429,0,1.1499,-0.3176,0.1645,1,4.67,0.065,0.711,0.200,SHIFT,-0.5227,-0.2275,1.5707,0.2324,-0.3038,-0.1067,1.1599,0.2781,0.1659,1,0.00,0.008,0.033,0.001,SHIFT,0.4452,-0.2154,1.5707,0.2490,0.2918,-0.1091,0.8769,-0.4164,0.1416,0,0.00,0.011,0.070,0.101,SWING,-0.1431,-0.2960,1.4511,-0.0411,-0.4000,-0.0862,0.8322,0.3250,0.0148,1,4.97,0.233,0.234,0.454,SHIFT,0.4083,0.3347,1.0880,-0.0982,0.3421,-0.2058,0.5387,-0.2004,0.0164,0,0.00,0.013,0.026,0.030,SHIFT,-0.1802,0.1555,0.8627,-0.3934,-0.1799,-0.1548,0.5590,0.1794,0.0148,1,1.40,0.281,0.317,0.084,SHIFT,0.0906,0.1450,0.9868,-0.3695,0.1996,-0.1611
14.332,1680,placemove,0.9002,-0.0174,0.2336,0.0042,-0.1629,0.0109,0.0451,-0.0201,0.0191,-0.1279,0.1231,-0.0615,1.000,0.000,0.0021,0.0517,0.0042,-0.1629,0.0109,0.1809,0,1.1498,-0.3182,0.1644,1,0.34,0.058,0.059,0.003,SHIFT,-0.5249,-0.2262,1.5707,0.2318,-0.3040,-0.1069,1.1597,0.2780,0.1675,0,0.00,0.002,0.025,0.003,SHIFT,0.4473,-0.2153,1.5707,0.2485,0.2921,-0.1092,0.8850,-0.4174,0.1299,0,0.00,0.007,0.090,0.052,SHIFT,-0.1240,-0.2293,1.4108,-0.0355,-0.4001,-0.0990,0.8321,0.3250,0.0151,1,0.00,0.005,0.023,0.023,SHIFT,0.4108,0.3385,1.0801,-0.0990,0.3422,-0.2064,0.5388,-0.2005,0.0149,1,1.46,0.116,0.128,0.083,SHIFT,-0.1812,0.1670,0.8433,-0.3942,-0.1799,-0.1561,0.5588,0.1792,0.0156,1,0.00,0.002,0.008,0.017,SHIFT,0.0913,0.1428,0.9848,-0.3702,0.1997,-0.1604
14.389,1684,placemove,0.9010,-0.0177,0.2325,-0.0001,-0.1640,0.0109,0.0451,-0.0001,-0.1156,-0.4535,0.0149,-0.0616,1.000,0.000,0.0023,0.0514,-0.0001,-0.1640,0.0109,0.0680,0,1.1499,-0.3191,0.1645,1,4.54,0.611,0.555,0.254,SHIFT,-0.5273,-0.2249,1.5707,0.2312,-0.3042,-0.1072,1.1602,0.2776,0.1659,0,0.00,0.024,0.142,0.018,SHIFT,0.4495,-0.2157,1.5707,0.2480,0.2925,-0.1091,0.8920,-0.4167,0.1182,0,0.00,0.033,0.051,0.064,SHIFT,-0.1100,-0.1626,1.3741,-0.0313,-0.3987,-0.1121,0.8321,0.3242,0.0168,0,0.00,0.007,0.008,0.052,SHIFT,0.4123,0.3126,1.1128,-0.0995,0.3425,-0.2022,0.5389,-0.2013,0.0148,0,7.38,1.027,0.990,0.035,SHIFT,-0.1822,0.1639,0.8428,-0.3948,-0.1797,-0.1553,0.5584,0.1786,0.0186,0,0.00,0.050,0.137,0.022,SHIFT,0.0915,0.1136,1.0140,-0.3708,0.1999,-0.1554
14.455,1688,placemove,0.9016,-0.0175,0.2321,-0.0013,-0.1641,0.0112,0.0380,0.0056,-0.0084,-0.0180,0.0091,0.0104,1.000,0.000,0.0007,0.0468,-0.0013,-0.1641,0.0112,0.1174,0,1.1499,-0.3194,0.1645,1,1.98,0.073,0.218,0.144,SHIFT,-0.5298,-0.2254,1.5707,0.2306,-0.3045,-0.1071,1.1605,0.2780,0.1648,1,4.79,0.222,0.584,0.335,SHIFT,0.4514,-0.2169,1.5708,0.2477,0.2928,-0.1088,0.8980,-0.4141,0.1060,0,0.00,0.013,0.072,0.044,SHIFT,-0.0994,-0.0960,1.3400,-0.0280,-0.3959,-0.1253,0.8320,0.3240,0.0181,0,0.00,0.013,0.045,0.027,SHIFT,0.4138,0.2972,1.1322,-0.0999,0.3425,-0.1997,0.5389,-0.2014,0.0147,1,5.86,0.071,0.655,0.146,SHIFT,-0.1831,0.1651,0.8371,-0.3954,-0.1797,-0.1552,0.5581,0.1784,0.0206,0,0.00,0.006,0.049,0.020,SHIFT,0.0919,0.0968,1.0300,-0.3712,0.1999,-0.1524
14.476,1692,placemove,0.9023,-0.0174,0.2320,-0.0014,-0.1639,0.0114,0.0424,0.0049,-0.0064,-0.0027,0.0065,0.0134,1.000,0.000,-0.0004,0.0467,-0.0014,-0.1639,0.0114,0.1174,0,1.1501,-0.3197,0.1645,1,2.04,0.066,0.230,0.143,SHIFT,-0.5326,-0.2266,1.5707,0.2301,-0.3050,-0.1068,1.1607,0.2785,0.1648,1,4.76,0.181,0.585,0.331,SHIFT,0.4533,-0.2179,1.5708,0.2473,0.2932,-0.1086,0.9035,-0.4100,0.0933,0,0.00,0.011,0.071,0.040,SHIFT,-0.0919,-0.0293,1.3093,-0.0255,-0.3918,-0.1386,0.8319,0.3239,0.0193,0,0.00,0.011,0.039,0.013,SHIFT,0.4155,0.2890,1.1424,-0.1003,0.3424,-0.1984,0.5389,-0.2014,0.0146,1,5.81,0.042,0.650,0.145,SHIFT,-0.1839,0.1670,0.8303,-0.3960,-0.1796,-0.1551,0.5580,0.1784,0.0222,0,0.00,0.006,0.042,0.006,SHIFT,0.0925,0.0880,1.0368,-0.3717,0.2000,-0.1507
14.522,1696,placemove,0.9030,-0.0173,0.2319,-0.0014,-0.1640,0.0116,0.0445,0.0051,-0.0046,0.0024,-0.0133,0.0149,1.000,0.000,-0.0009,0.0479,-0.0014,-0.1640,0.0116,0.1173,0,1.1502,-0.3201,0.1646,1,2.11,0.063,0.249,0.139,SHIFT,-0.5357,-0.2276,1.5707,0.2294,-0.3055,-0.1066,1.1610,0.2790,0.1647,1,4.72,0.181,0.620,0.290,SHIFT,0.4553,-0.2182,1.5708,0.2469,0.2935,-0.1086,0.9083,-0.4046,0.0804,0,0.00,0.011,0.071,0.037,SHIFT,-0.0872,0.0374,1.2809,-0.0237,-0.3863,-0.1518,0.8319,0.3239,0.0197,0,0.00,0.010,0.034,0.003,SHIFT,0.4178,0.2860,1.1454,-0.1009,0.3423,-0.1979,0.5390,-0.2014,0.0145,1,5.78,0.048,0.658,0.134,SHIFT,-0.1848,0.1685,0.8232,-0.3967,-0.1796,-0.1549,0.5580,0.1784,0.0230,0,0.00,0.006,0.038,0.003,SHIFT,0.0932,0.0843,1.0371,-0.3722,0.2000,-0.1498
14.544,1700,placemove,0.9038,-0.0173,0.2318,-0.0013,-0.1644,0.0119,0.0454,0.0053,-0.0034,0.0024,-0.0221,0.0145,1.000,0.000,-0.0011,0.0487,-0.0013,-0.1644,0.0119,0.1173,0,1.1503,-0.3204,0.1646,1,2.13,0.056,0.259,0.135,SHIFT,-0.5389,-0.2283,1.5707,0.2287,-0.3060,-0.1065,1.1612,0.2795,0.1647,1,4.71,0.170,0.636,0.273,SHIFT,0.4575,-0.2182,1.5708,0.2464,0.2939,-0.1086,0.9125,-0.3980,0.0677,0,0.00,0.010,0.071,0.034,SHIFT,-0.0846,0.1040,1.2542,-0.0224,-0.3797,-0.1648,0.8320,0.3239,0.0195,0,0.00,0.010,0.031,0.005,SHIFT,0.4204,0.2869,1.1429,-0.1016,0.3423,-0.1980,0.5391,-0.2014,0.0145,1,5.78,0.046,0.663,0.127,SHIFT,-0.1857,0.1698,0.8160,-0.3975,-0.1795,-0.1546,0.5581,0.1784,0.0230,0,0.00,0.005,0.035,0.011,SHIFT,0.0941,0.0848,1.0321,-0.3729,0.2000,-0.1496
14.589,1704,placemove,0.9045,-0.0172,0.2318,-0.0013,-0.1648,0.0121,0.0454,0.0056,-0.0027,0.0010,-0.0237,0.0141,1.000,0.000,-0.0012,0.0490,-0.0013,-0.1648,0.0121,0.1172,0,1.1505,-0.3207,0.1646,1,2.26,0.048,0.281,0.140,SHIFT,-0.5422,-0.2287,1.5707,0.2280,-0.3064,-0.1064,1.1614,0.2800,0.1646,1,4.70,0.187,0.633,0.272,SHIFT,0.4598,-0.2180,1.5708,0.2459,0.2942,-0.1086,0.9162,-0.3912,0.0560,0,0.00,0.010,0.007,0.046,SHIFT,-0.0834,0.1650,1.2287,-0.0216,-0.3731,-0.1764,0.8321,0.3239,0.0187,0,0.00,0.009,0.029,0.012,SHIFT,0.4231,0.2908,1.1360,-0.1023,0.3422,-0.1986,0.5392,-0.2013,0.0145,1,5.84,0.075,0.690,0.111,SHIFT,-0.1866,0.1711,0.8086,-0.3983,-0.1795,-0.1543,0.5582,0.1784,0.0224,0,0.00,0.005,0.033,0.017,SHIFT,0.0951,0.0886,1.0231,-0.3736,0.2000,-0.1499
14.610,1708,placemove,0.9053,-0.0171,0.2317,-0.0014,-0.1651,0.0124,0.0448,0.0060,-0.0025,-0.0018,-0.0235,0.0119,1.000,0.000,-0.0012,0.0491,-0.0014,-0.1651,0.0124,0.1172,0,1.1506,-0.3210,0.1646,1,2.37,0.034,0.299,0.143,SHIFT,-0.5453,-0.2291,1.5707,0.2272,-0.3069,-0.1063,1.1616,0.2804,0.1645,1,5.56,0.205,0.746,0.325,SHIFT,0.4621,-0.2180,1.5708,0.2454,0.2945,-0.1086,0.9192,-0.3854,0.0465,0,0.00,0.011,0.000,0.043,SHIFT,-0.0834,0.2161,1.2039,-0.0211,-0.3676,-0.1858,0.8323,0.3239,0.0176,0,0.00,0.007,0.036,0.017,SHIFT,0.4259,0.2972,1.1256,-0.1031,0.3422,-0.1996,0.5392,-0.2013,0.0144,1,6.58,0.126,0.814,0.094,SHIFT,-0.1874,0.1725,0.8011,-0.3990,-0.1795,-0.1541,0.5584,0.1784,0.0214,0,0.00,0.001,0.040,0.024,SHIFT,0.0961,0.0951,1.0107,-0.3743,0.2000,-0.1507
14.651,1712,placemove,0.9061,-0.0170,0.2317,-0.0014,-0.1654,0.0126,0.0436,0.0051,-0.0012,-0.0012,-0.0190,0.0093,1.000,0.000,-0.0013,0.0491,-0.0014,-0.1654,0.0126,0.1172,0,1.1508,-0.3213,0.1646,1,2.22,0.041,0.278,0.135,SHIFT,-0.5484,-0.2294,1.5707,0.2265,-0.3073,-0.1063,1.1618,0.2809,0.1645,1,4.73,0.168,0.634,0.278,SHIFT,0.4644,-0.2180,1.5708,0.2449,0.2948,-0.1086,0.9215,-0.3806,0.0387,0,0.00,0.009,0.004,0.042,SHIFT,-0.0840,0.2593,1.1796,-0.0209,-0.3630,-0.1936,0.8325,0.3240,0.0161,0,0.00,0.009,0.025,0.021,SHIFT,0.4287,0.3056,1.1123,-0.1038,0.3421,-0.2009,0.5393,-0.2013,0.0144,1,5.80,0.066,0.683,0.108,SHIFT,-0.1883,0.1740,0.7936,-0.3998,-0.1795,-0.1538,0.5586,0.1785,0.0201,0,0.00,0.005,0.029,0.026,SHIFT,0.0971,0.1039,0.9956,-0.3751,0.2000,-0.1518
14.680,1716,placemove,0.9067,-0.0170,0.2319,-0.0005,-0.1658,0.0128,0.0334,-0.0202,0.0377,0.1459,-0.0335,0.0328,1.000,0.000,-0.0012,0.0489,-0.0005,-0.1658,0.0128,0.1422,0,1.1509,-0.3216,0.1646,1,4.10,0.102,0.590,0.200,SHIFT,-0.5512,-0.2297,1.5708,0.2259,-0.3077,-0.1062,1.1619,0.2813,0.1648,1,0.00,0.019,0.035,0.002,SHIFT,0.4667,-0.2181,1.5708,0.2444,0.2952,-0.1086,0.9235,-0.3766,0.0322,0,0.00,0.001,0.012,0.039,SHIFT,-0.0851,0.2957,1.1567,-0.0208,-0.3592,-0.2000,0.8327,0.3240,0.0148,1,6.97,0.043,0.162,0.722,SHIFT,0.4315,0.3154,1.0972,-0.1045,0.3421,-0.2024,0.5394,-0.2013,0.0144,1,1.99,0.154,0.257,0.014,SHIFT,-0.1890,0.1757,0.7862,-0.4005,-0.1795,-0.1536,0.5588,0.1785,0.0188,0,0.00,0.003,0.028,0.029,SHIFT,0.0981,0.1145,0.9782,-0.3759,0.2000,-0.1532
14.719,1720,placemove,0.9073,-0.0173,0.2322,0.0004,-0.1660,0.0128,0.0357,-0.0103,-0.0261,-0.1222,0.0160,-0.0119,1.000,0.000,-0.0004,0.0487,0.0004,-0.1660,0.0128,0.1423,0,1.1510,-0.3222,0.1645,1,2.18,0.289,0.250,0.115,STANCE,-0.5538,-0.2298,1.5708,0.2253,-0.3080,-0.1062,1.1620,0.2815,0.1657,1,0.00,0.012,0.027,0.003,STANCE,0.4688,-0.2184,1.5708,0.2440,0.2955,-0.1085,0.9250,-0.3735,0.0269,0,0.00,0.010,0.031,0.035,STANCE,-0.0864,0.3247,1.1382,-0.0209,-0.3561,-0.2050,0.8327,0.3240,0.0149,1,0.00,0.006,0.038,0.002,SWING,0.4337,0.3174,1.0927,-0.1052,0.3421,-0.2027,0.5394,-0.2014,0.0144,1,1.91,0.284,0.276,0.006,STANCE,-0.1897,0.1775,0.7790,-0.4011,-0.1794,-0.1535,0.5589,0.1784,0.0177,0,0.00,0.003,0.013,0.027,STANCE,0.0990,0.1265,0.9592,-0.3766,0.2000,-0.1548
14.745,1724,placemove,0.9078,-0.0173,0.2318,-0.0009,-0.1660,0.0128,0.0329,0.0065,-0.0025,-0.0205,-0.0087,0.0003,1.000,0.000,-0.0004,0.0486,-0.0009,-0.1660,0.0128,0.1172,0,1.1510,-0.3226,0.1645,1,2.10,0.001,0.263,0.128,STANCE,-0.5560,-0.2298,1.5708,0.2248,-0.3083,-0.1062,1.1622,0.2817,0.1649,1,4.84,0.176,0.641,0.292,STANCE,0.4708,-0.2189,1.5708,0.2436,0.2958,-0.1084,0.9260,-0.3711,0.0231,0,0.00,0.009,0.017,0.025,STANCE,-0.0876,0.3475,1.1237,-0.0209,-0.3535,-0.2089,0.8313,0.3252,0.0218,0,0.00,0.010,0.130,0.102,SWING,0.4333,0.2621,1.1529,-0.1059,0.3440,-0.1935,0.5393,-0.2016,0.0144,1,5.84,0.118,0.672,0.108,STANCE,-0.1904,0.1793,0.7726,-0.4017,-0.1794,-0.1534,0.5591,0.1782,0.0152,0,0.00,0.004,0.026,0.033,STANCE,0.0998,0.1395,0.9394,-0.3772,0.2001,-0.1565
14.787,1728,placemove,0.9087,-0.0173,0.2325,-0.0009,-0.1633,0.0127,0.0534,-0.0042,0.0378,-0.0017,0.1415,-0.0111,1.000,0.000,-0.0006,0.0492,-0.0009,-0.1633,0.0127,0.1425,0,1.1512,-0.3228,0.1645,1,4.18,0.044,0.641,0.170,STANCE,-0.5578,-0.2298,1.5708,0.2244,-0.3085,-0.1062,1.1625,0.2819,0.1649,1,1.60,0.103,0.251,0.037,STANCE,0.4725,-0.2192,1.5708,0.2432,0.2961,-0.1084,0.9267,-0.3690,0.0206,0,0.00,0.012,0.019,0.020,STANCE,-0.0887,0.3653,1.1123,-0.0210,-0.3515,-0.2119,0.8294,0.3281,0.0337,0,0.00,0.015,0.126,0.103,SWING,0.4291,0.1954,1.2195,-0.1061,0.3468,-0.1822,0.5391,-0.2016,0.0159,1,0.00,0.006,0.029,0.011,STANCE,-0.1908,0.1808,0.7671,-0.4021,-0.1794,-0.1533,0.5591,0.1782,0.0148,1,6.18,0.038,0.443,0.405,STANCE,0.1006,0.1518,0.9207,-0.3778,0.2001,-0.1582
14.818,1732,placemove,0.9095,-0.0174,0.2331,-0.0009,-0.1614,0.0126,0.0427,-0.0021,0.0299,0.0000,0.0916,-0.0074,1.000,0.000,-0.0007,0.0506,-0.0009,-0.1614,0.0126,0.1184,0,1.1514,-0.3231,0.1645,1,4.50,0.037,0.693,0.181,STANCE,-0.5596,-0.2296,1.5708,0.2239,-0.3087,-0.1062,1.1629,0.2820,0.1648,1,1.71,0.106,0.275,0.034,STANCE,0.4741,-0.2190,1.5708,0.2428,0.2963,-0.1084,0.9273,-0.3674,0.0188,0,0.00,0.008,0.021,0.015,STANCE,-0.0900,0.3791,1.1034,-0.0212,-0.3498,-0.2142,0.8287,0.3305,0.0459,0,0.00,0.009,0.130,0.102,SWING,0.4226,0.1287,1.2862,-0.1053,0.3492,-0.1706,0.5391,-0.2016,0.0170,0,0.00,0.003,0.031,0.016,STANCE,-0.1913,0.1839,0.7595,-0.4026,-0.1794,-0.1534,0.5592,0.1781,0.0147,1,5.89,0.061,0.585,0.247,STANCE,0.1014,0.1612,0.9059,-0.3783,0.2000,-0.1595
14.863,1736,placemove,0.9101,-0.0174,0.2335,-0.0009,-0.1603,0.0125,0.0345,-0.0010,0.0235,0.0003,0.0515,-0.0054,1.000,0.000,-0.0008,0.0520,-0.0009,-0.1603,0.0125,0.1189,0,1.1515,-0.3233,0.1645,1,4.48,0.022,0.691,0.180,STANCE,-0.5612,-0.2290,1.5708,0.2235,-0.3089,-0.1064,1.1631,0.2822,0.1648,1,1.72,0.102,0.276,0.036,STANCE,0.4756,-0.2184,1.5708,0.2425,0.2965,-0.1085,0.9277,-0.3661,0.0173,0,0.00,0.009,0.024,0.012,STANCE,-0.0914,0.3899,1.0965,-0.0214,-0.3485,-0.2160,0.8283,0.3329,0.0581,0,0.00,0.007,0.142,0.081,SWING,0.4145,0.0621,1.3476,-0.1042,0.3518,-0.1589,0.5390,-0.2016,0.0174,0,0.00,0.003,0.030,0.022,STANCE,-0.1917,0.1895,0.7485,-0.4031,-0.1794,-0.1539,0.5593,0.1781,0.0146,1,6.03,0.063,0.574,0.259,STANCE,0.1021,0.1680,0.8944,-0.3788,0.2000,-0.1603
14.884,1740,placemove,0.9106,-0.0174,0.2339,-0.0009,-0.1597,0.0124,0.0275,-0.0004,0.0185,0.0002,0.0248,-0.0038,1.000,0.000,-0.0008,0.0531,-0.0009,-0.1597,0.0124,0.1192,0,1.1516,-0.3235,0.1645,1,4.47,0.008,0.690,0.177,STANCE,-0.5627,-0.2282,1.5708,0.2232,-0.3090,-0.1065,1.1633,0.2823,0.1648,1,1.74,0.094,0.277,0.040,STANCE,0.4770,-0.2177,1.5708,0.2421,0.2966,-0.1087,0.9280,-0.3650,0.0162,0,0.00,0.010,0.026,0.010,STANCE,-0.0929,0.3983,1.0911,-0.0217,-0.3475,-0.2174,0.8298,0.3374,0.0710,0,0.00,0.009,0.139,0.064,SWING,0.3949,-0.0046,1.3959,-0.1007,0.3566,-0.1468,0.5390,-0.2016,0.0171,0,0.00,0.004,0.029,0.026,STANCE,-0.1921,0.1973,0.7347,-0.4036,-0.1795,-0.1547,0.5594,0.1781,0.0146,1,6.13,0.044,0.559,0.272,STANCE,0.1028,0.1729,0.8855,-0.3792,0.2000,-0.1608
14.921,1744,placemove,0.9110,-0.0174,0.2341,-0.0009,-0.1595,0.0123,0.0217,-0.0001,0.0145,-0.0001,0.0093,-0.0027,1.000,0.000,-0.0008,0.0539,-0.0009,-0.1595,0.0123,0.1195,0,1.1517,-0.3236,0.1644,1,4.46,0.000,0.692,0.174,STANCE,-0.5639,-0.2274,1.5707,0.2228,-0.3091,-0.1067,1.1634,0.2823,0.1648,1,1.78,0.090,0.284,0.042,STANCE,0.4782,-0.2168,1.5707,0.2418,0.2967,-0.1088,0.9283,-0.3642,0.0153,0,0.00,0.010,0.027,0.008,STANCE,-0.0943,0.4049,1.0869,-0.0219,-0.3467,-0.2185,0.8354,0.3444,0.0847,0,0.00,0.013,0.137,0.052,SWING,0.3569,-0.0713,1.4337,-0.0928,0.3639,-0.1343,0.5391,-0.2016,0.0164,0,0.00,0.004,0.028,0.030,STANCE,-0.1925,0.2070,0.7186,-0.4040,-0.1795,-0.1558,0.5594,0.1781,0.0145,1,6.17,0.022,0.552,0.273,STANCE,0.1034,0.1764,0.8787,-0.3796,0.1999,-0.1612
14.947,1748,placemove,0.9113,-0.0174,0.2345,-0.0014,-0.1594,0.0123,0.0080,0.0013,0.0233,-0.0492,0.0014,-0.0088,1.000,0.000,-0.0008,0.0543,-0.0014,-0.1594,0.0123,0.1447,0,1.1517,-0.3237,0.1647,1,0.00,0.009,0.033,0.003,STANCE,-0.5650,-0.2267,1.5708,0.2225,-0.3091,-0.1068,1.1635,0.2824,0.1648,1,3.59,0.400,0.860,0.258,STANCE,0.4792,-0.2160,1.5704,0.2416,0.2968,-0.1090,0.9284,-0.3636,0.0149,1,4.89,0.405,1.498,0.546,STANCE,-0.0955,0.4099,1.0836,-0.0221,-0.3460,-0.2193,0.8461,0.3534,0.0995,0,0.00,0.116,0.137,0.043,SWING,0.2980,-0.1379,1.4633,-0.0792,0.3729,-0.1214,0.5393,-0.2016,0.0155,0,0.00,0.002,0.027,0.026,STANCE,-0.1929,0.2170,0.7042,-0.4042,-0.1794,-0.1571,0.5594,0.1780,0.0145,1,3.81,0.849,0.620,0.060,STANCE,0.1038,0.1790,0.8732,-0.3799,0.1999,-0.1614
14.990,1752,placemove,0.9115,-0.0174,0.2349,-0.0019,-0.1585,0.0122,0.0139,-0.0042,0.0333,-0.0060,0.1081,-0.0019,1.000,0.000,-0.0012,0.0545,-0.0019,-0.1585,0.0122,0.1600,0,1.1515,-0.3239,0.1650,1,0.00,0.009,0.034,0.003,STANCE,-0.5659,-0.2261,1.5708,0.2223,-0.3092,-0.1069,1.1635,0.2824,0.1647,1,5.64,0.414,1.284,0.442,STANCE,0.4799,-0.2153,1.5700,0.2414,0.2969,-0.1091,0.9283,-0.3632,0.0149,1,2.32,0.422,0.446,0.097,STANCE,-0.0965,0.4138,1.0811,-0.0223,-0.3455,-0.2199,0.8602,0.3625,0.1154,0,0.00,0.113,0.135,0.035,SWING,0.2313,-0.2046,1.4866,-0.0628,0.3818,-0.1082,0.5396,-0.2016,0.0149,1,4.19,0.032,1.373,0.546,STANCE,-0.1932,0.2267,0.6923,-0.4041,-0.1793,-0.1586,0.5592,0.1779,0.0148,1,0.00,0.004,0.032,0.010,STANCE,0.1042,0.1810,0.8689,-0.3802,0.1999,-0.1616
15.020,1756,placemove,0.9117,-0.0175,0.2354,-0.0019,-0.1571,0.0122,0.0121,-0.0034,0.0262,-0.0007,0.0742,0.0023,1.000,0.000,-0.0015,0.0553,-0.0019,-0.1571,0.0122,0.1456,0,1.1514,-0.3240,0.1650,1,0.00,0.009,0.035,0.003,STANCE,-0.5667,-0.2256,1.5708,0.2221,-0.3092,-0.1070,1.1635,0.2824,0.1647,1,5.56,0.393,1.288,0.463,STANCE,0.4804,-0.2145,1.5693,0.2413,0.2970,-0.1093,0.9281,-0.3629,0.0148,1,2.48,0.458,0.459,0.093,STANCE,-0.0975,0.4167,1.0793,-0.0225,-0.3451,-0.2204,0.8749,0.3705,0.1320,0,0.00,0.111,0.135,0.028,SWING,0.1646,-0.2713,1.5048,-0.0456,0.3895,-0.0947,0.5397,-0.2016,0.0148,1,4.02,0.086,1.381,0.573,STANCE,-0.1934,0.2341,0.6828,-0.4041,-0.1792,-0.1597,0.5589,0.1778,0.0157,0,0.00,0.005,0.031,0.008,STANCE,0.1045,0.1826,0.8653,-0.3804,0.1999,-0.1617
15.061,1760,placemove,0.9119,-0.0175,0.2358,-0.0019,-0.1561,0.0123,0.0106,-0.0022,0.0205,0.0014,0.0453,0.0043,1.000,0.000,-0.0016,0.0563,-0.0019,-0.1561,0.0123,0.1460,0,1.1514,-0.3241,0.1650,1,0.02,0.004,0.030,0.002,STANCE,-0.5675,-0.2250,1.5708,0.2219,-0.3093,-0.1072,1.1635,0.2824,0.1646,1,5.68,0.383,1.347,0.513,STANCE,0.4809,-0.2136,1.5688,0.2412,0.2970,-0.1094,0.9279,-0.3626,0.0148,1,2.47,0.436,0.505,0.126,STANCE,-0.0985,0.4189,1.0780,-0.0227,-0.3448,-0.2208,0.8904,0.3771,0.1489,0,0.00,0.109,0.136,0.022,SWING,0.0979,-0.3380,1.5191,-0.0276,0.3957,-0.0807,0.5398,-0.2016,0.0148,1,4.07,0.083,1.396,0.584,STANCE,-0.1936,0.2395,0.6759,-0.4041,-0.1792,-0.1604,0.5587,0.1778,0.0160,0,0.00,0.005,0.031,0.014,STANCE,0.1049,0.1864,0.8589,-0.3807,0.1999,-0.1622
15.084,1764,placemove,0.9120,-0.0176,0.2361,-0.0018,-0.1555,0.0124,0.0108,-0.0009,0.0164,0.0019,0.0255,0.0060,1.000,0.000,-0.0016,0.0572,-0.0018,-0.1555,0.0124,0.1463,0,1.1514,-0.3241,0.1650,1,0.28,0.031,0.011,0.005,STANCE,-0.5682,-0.2244,1.5708,0.2217,-0.3093,-0.1073,1.1635,0.2824,0.1646,1,5.45,0.343,1.381,0.611,STANCE,0.4813,-0.2125,1.5686,0.2410,0.2970,-0.1096,0.9278,-0.3624,0.0148,1,2.13,0.288,0.552,0.186,STANCE,-0.0994,0.4205,1.0771,-0.0229,-0.3446,-0.2210,0.9079,0.3798,0.1589,0,0.00,0.108,0.055,0.015,SWING,0.0312,-0.3625,1.5303,-0.0088,0.3973,-0.0759,0.5400,-0.2015,0.0148,1,3.81,0.019,1.308,0.552,STANCE,-0.1938,0.2433,0.6711,-0.4041,-0.1791,-0.1610,0.5586,0.1777,0.0158,0,0.00,0.005,0.025,0.018,STANCE,0.1052,0.1926,0.8494,-0.3809,0.1999,-0.1630
15.122,1768,placemove,0.9122,-0.0176,0.2363,-0.0017,-0.1553,0.0124,0.0066,-0.0006,0.0117,-0.0011,0.0092,0.0025,1.000,0.000,-0.0016,0.0578,-0.0017,-0.1553,0.0124,0.1466,0,1.1514,-0.3241,0.1650,1,0.24,0.040,0.022,0.021,SHIFT,-0.5688,-0.2237,1.5707,0.2215,-0.3093,-0.1074,1.1636,0.2824,0.1646,1,5.86,0.318,1.431,0.572,SHIFT,0.4817,-0.2115,1.5682,0.2409,0.2970,-0.1098,0.9278,-0.3622,0.0148,1,2.29,0.333,0.574,0.189,SHIFT,-0.1003,0.4218,1.0764,-0.0231,-0.3444,-0.2212,0.9276,0.3768,0.1554,0,0.00,0.110,0.010,0.001,SWING,-0.0355,-0.3297,1.5363,0.0099,0.3938,-0.0835,0.5401,-0.2015,0.0148,1,4.00,0.095,1.380,0.588,SHIFT,-0.1940,0.2460,0.6674,-0.4041,-0.1790,-0.1613,0.5586,0.1777,0.0150,0,0.00,0.005,0.028,0.023,SHIFT,0.1056,0.2008,0.8372,-0.3812,0.1999,-0.1641
15.154,1772,placemove,0.9125,-0.0176,0.2368,-0.0014,-0.1540,0.0123,0.0188,-0.0043,0.0270,0.0172,0.0651,-0.0047,1.000,0.000,-0.0015,0.0584,-0.0014,-0.1540,0.0123,0.1619,0,1.1514,-0.3241,0.1649,1,4.18,0.275,0.724,0.075,SHIFT,-0.5693,-0.2230,1.5707,0.2214,-0.3093,-0.1076,1.1636,0.2823,0.1646,1,1.91,0.166,0.486,0.214,SHIFT,0.4822,-0.2105,1.5688,0.2407,0.2969,-0.1101,0.9277,-0.3621,0.0149,1,0.00,0.011,0.030,0.002,SHIFT,-0.1011,0.4226,1.0758,-0.0233,-0.3443,-0.2214,0.9481,0.3785,0.1481,0,0.00,0.120,0.070,0.096,SHIFT,-0.1022,-0.2631,1.4696,0.0288,0.3959,-0.0947,0.5402,-0.2014,0.0153,1,0.00,0.006,0.032,0.007,SHIFT,-0.1941,0.2477,0.6658,-0.4040,-0.1789,-0.1617,0.5585,0.1777,0.0148,1,6.00,0.098,0.455,0.315,SHIFT,0.1060,0.2091,0.8250,-0.3814,0.1999,-0.1652
15.200,1776,placemove,0.9128,-0.0177,0.2372,-0.0011,-0.1532,0.0122,0.0149,-0.0041,0.0206,0.0111,0.0376,-0.0046,1.000,0.000,-0.0013,0.0592,-0.0011,-0.1532,0.0122,0.1474,0,1.1515,-0.3242,0.1648,1,4.34,0.262,0.745,0.088,SHIFT,-0.5697,-0.2221,1.5707,0.2212,-0.3093,-0.1078,1.1637,0.2821,0.1646,1,1.93,0.188,0.478,0.194,SHIFT,0.4827,-0.2095,1.5692,0.2405,0.2969,-0.1103,0.9276,-0.3620,0.0151,1,0.00,0.009,0.030,0.001,SHIFT,-0.1018,0.4232,1.0756,-0.0234,-0.3442,-0.2215,0.9689,0.3790,0.1403,0,0.00,0.116,0.069,0.096,SHIFT,-0.1688,-0.1964,1.4030,0.0479,0.3960,-0.1060,0.5405,-0.2013,0.0156,0,0.00,0.003,0.034,0.007,SHIFT,-0.1944,0.2496,0.6646,-0.4039,-0.1788,-0.1620,0.5586,0.1777,0.0147,1,5.94,0.058,0.491,0.270,SHIFT,0.1063,0.2150,0.8159,-0.3816,0.1999,-0.1660
15.226,1780,placemove,0.9127,-0.0179,0.2377,0.0004,-0.1537,0.0135,-0.0612,-0.0261,0.0554,0.3359,-0.1994,0.3887,1.000,0.000,-0.0010,0.0598,0.0004,-0.1537,0.0135,0.1227,0,1.1517,-0.3240,0.1648,1,11.90,1.694,2.896,0.831,SHIFT,-0.5701,-0.2212,1.5707,0.2211,-0.3092,-0.1080,1.1634,0.2822,0.1650,1,0.00,0.153,0.290,0.026,SHIFT,0.4831,-0.2087,1.5695,0.2403,0.2968,-0.1105,0.9278,-0.3618,0.0151,0,0.00,0.073,0.099,0.024,SHIFT,-0.1026,0.4240,1.0749,-0.0236,-0.3441,-0.2216,0.9874,0.3780,0.1323,0,24.57,2.940,2.928,0.447,SHIFT,-0.2207,-0.1297,1.3363,0.0628,0.3950,-0.1175,0.5412,-0.2013,0.0152,0,0.00,0.119,0.087,0.020,SHIFT,-0.1946,0.2529,0.6638,-0.4035,-0.1786,-0.1628,0.5584,0.1775,0.0147,1,0.00,0.156,0.100,0.029,SHIFT,0.1065,0.2191,0.8094,-0.3818,0.1999,-0.1665
15.294,1784,placemove,0.9098,-0.0184,0.2388,0.0029,-0.1514,0.0303,-0.2392,-0.0353,0.0600,0.0120,0.1613,1.4361,1.000,0.000,0.0003,0.0602,0.0029,-0.1514,0.0303,0.1859,0,1.1536,-0.3206,0.1643,1,4.56,0.598,0.988,0.367,SHIFT,-0.5703,-0.2200,1.5707,0.2210,-0.3091,-0.1082,1.1561,0.2857,0.1666,0,0.00,0.023,0.039,0.012,SHIFT,0.4837,-0.2082,1.5698,0.2401,0.2968,-0.1106,0.9300,-0.3612,0.0149,1,0.00,0.019,0.155,0.026,SHIFT,-0.1031,0.4250,1.0742,-0.0237,-0.3439,-0.2218,0.9900,0.3782,0.1245,0,0.00,0.817,0.222,0.073,SHIFT,-0.2604,-0.0631,1.2696,0.0742,0.3934,-0.1291,0.5417,-0.2063,0.0155,1,0.00,0.055,0.019,0.003,SHIFT,-0.1948,0.2567,0.6632,-0.4030,-0.1784,-0.1638,0.5525,0.1723,0.0167,1,0.00,0.053,0.164,0.029,SHIFT,0.1068,0.2218,0.8046,-0.3820,0.1998,-0.1668
15.334,1788,placemove,0.9051,-0.0191,0.2387,0.0080,-0.1575,0.0591,-0.2933,-0.0458,-0.0614,0.1864,-0.4477,1.7088,1.000,0.000,0.0028,0.0516,0.0080,-0.1575,0.0591,0.0747,0,1.1583,-0.3135,0.1640,1,1.96,0.229,0.382,0.105,SHIFT,-0.5687,-0.2192,1.5707,0.2213,-0.3089,-0.1083,1.1425,0.2926,0.1695,0,0.00,0.040,0.026,0.009,SHIFT,0.4858,-0.2096,1.5700,0.2397,0.2972,-0.1103,0.9361,-0.3604,0.0192,0,0.00,0.022,0.114,0.085,SHIFT,-0.0999,0.3841,1.1321,-0.0230,-0.3443,-0.2154,0.9903,0.3776,0.1177,0,0.00,0.057,0.157,0.087,SHIFT,-0.3092,0.0036,1.2030,0.0878,0.3898,-0.1408,0.5435,-0.2168,0.0177,0,0.00,0.018,0.045,0.095,SHIFT,-0.1933,0.2161,0.7206,-0.4025,-0.1787,-0.1584,0.5424,0.1621,0.0214,0,0.00,0.020,0.028,0.097,SHIFT,0.1077,0.1820,0.8529,-0.3824,0.1997,-0.1607
15.367,1792,placemove,0.9002,-0.0199,0.2364,0.0081,-0.1633,0.0849,-0.2995,-0.0497,-0.2075,-0.0733,-0.2932,1.4412,1.000,0.000,0.0055,0.0258,0.0081,-0.1633,0.0849,0.0724,0,1.1628,-0.3069,0.1640,1,0.00,0.000,0.003,0.002,SHIFT,-0.5624,-0.2230,1.5707,0.2229,-0.3084,-0.1076,1.1289,0.2992,0.1705,0,0.00,0.001,0.005,0.003,SHIFT,0.4902,-0.2176,1.5702,0.2392,0.2985,-0.1087,0.9425,-0.3600,0.0221,0,0.00,0.003,0.023,0.059,SHIFT,-0.0909,0.3558,1.1742,-0.0209,-0.3442,-0.2108,0.9884,0.3762,0.1067,0,0.00,0.010,0.117,0.086,SHIFT,-0.3476,0.0702,1.1370,0.0981,0.3857,-0.1525,0.5463,-0.2277,0.0160,0,0.00,0.002,0.018,0.047,SHIFT,-0.1887,0.1963,0.7560,-0.4009,-0.1797,-0.1564,0.5336,0.1509,0.0207,0,0.00,0.002,0.016,0.038,SHIFT,0.1109,0.1615,0.8812,-0.3824,0.1987,-0.1577
15.404,1796,placemove,0.8952,-0.0205,0.2319,0.0007,-0.1608,0.1017,-0.3043,-0.0376,-0.3308,-0.5939,0.0528,0.7558,1.000,0.000,0.0053,-0.0019,0.0007,-0.1608,0.1017,0.1414,0,1.1653,-0.3027,0.1638,1,1.09,0.141,0.190,0.051,SHIFT,-0.5500,-0.2332,1.5707,0.2264,-0.3079,-0.1055,1.1169,0.3040,0.1667,0,0.00,0.015,0.010,0.008,SHIFT,0.4975,-0.2323,1.5703,0.2384,0.3009,-0.1057,0.9461,-0.3609,0.0244,0,0.00,0.000,0.070,0.048,SHIFT,-0.0739,0.3320,1.2098,-0.0170,-0.3442,-0.2070,0.9856,0.3709,0.0896,0,0.00,0.028,0.080,0.047,SHIFT,-0.3761,0.1291,1.0971,0.1044,0.3793,-0.1637,0.5464,-0.2379,0.0167,1,0.00,0.002,0.033,0.115,SHIFT,-0.1791,0.1670,0.8016,-0.3989,-0.1822,-0.1527,0.5257,0.1405,0.0164,0,0.00,0.004,0.031,0.032,SHIFT,0.1175,0.1552,0.8966,-0.3823,0.1964,-0.1573
15.474,1800,placemove,0.8915,-0.0206,0.2290,0.0049,-0.1554,0.1012,-0.2020,0.0045,-0.0677,0.4480,0.1728,-0.1592,1.000,0.000,0.0033,-0.0092,0.0049,-0.1554,0.1012,0.1146,0,1.1657,-0.3015,0.1631,1,11.49,1.011,2.940,1.322,SHIFT,-0.5331,-0.2530,1.5707,0.2313,-0.3075,-0.1014,1.1094,0.3070,0.1652,1,0.00,0.091,0.164,0.013,SHIFT,0.5096,-0.2471,1.5704,0.2364,0.3038,-0.1026,0.9461,-0.3603,0.0240,0,0.00,0.068,0.032,0.045,SHIFT,-0.0521,0.3135,1.2371,-0.0119,-0.3442,-0.2039,0.9854,0.3660,0.0779,0,10.86,2.940,1.785,0.462,SHIFT,-0.3929,0.1733,1.0729,0.1073,0.3739,-0.1723,0.5442,-0.2419,0.0204,0,0.00,0.078,0.018,0.090,SHIFT,-0.1648,0.1292,0.8595,-0.3959,-0.1860,-0.1478,0.5206,0.1372,0.0143,1,6.20,1.246,0.774,0.070,SHIFT,0.1262,0.1580,0.9003,-0.3825,0.1936,-0.1583
15.496,1804,placemove,0.8882,-0.0207,0.2286,0.0127,-0.1564,0.0945,-0.1905,-0.0104,-0.0007,0.4950,-0.1136,-0.3759,1.000,0.000,0.0056,-0.0034,0.0127,-0.1564,0.0945,0.1399,0,1.1652,-0.3003,0.1631,1,7.41,0.165,1.976,1.035,SHIFT,-0.5139,-0.2612,1.5707,0.2362,-0.3056,-0.0997,1.1038,0.3092,0.1691,0,0.00,0.083,0.111,0.012,SHIFT,0.5269,-0.2582,1.5705,0.2330,0.3071,-0.1003,0.9458,-0.3585,0.0237,0,0.00,0.098,0.003,0.031,SHIFT,-0.0295,0.3023,1.2543,-0.0068,-0.3441,-0.2021,0.9858,0.3626,0.0735,0,6.75,1.816,1.114,0.343,SHIFT,-0.3993,0.2074,1.0570,0.1075,0.3697,-0.1790,0.5427,-0.2429,0.0224,0,0.00,0.092,0.016,0.066,SHIFT,-0.1476,0.1021,0.9012,-0.3927,-0.1906,-0.1443,0.5170,0.1359,0.0143,1,5.00,0.965,0.563,0.101,SHIFT,0.1424,0.1607,0.8990,-0.3841,0.1889,-0.1588
15.530,1808,placemove,0.8854,-0.0210,0.2287,0.0199,-0.1602,0.0845,-0.1424,-0.0172,0.0086,0.3867,-0.2132,-0.6421,1.000,0.000,0.0104,0.0049,0.0199,-0.1602,0.0845,0.1400,0,1.1647,-0.2994,0.1632,1,4.64,0.394,1.171,0.629,SHIFT,-0.4935,-0.2635,1.5707,0.2410,-0.3030,-0.0992,1.0989,0.3106,0.1734,0,0.00,0.098,0.003,0.004,SHIFT,0.5482,-0.2664,1.5706,0.2284,0.3106,-0.0986,0.9455,-0.3569,0.0230,0,0.00,0.001,0.068,0.004,SHIFT,-0.0078,0.2985,1.2624,-0.0018,-0.3437,-0.2015,0.9858,0.3598,0.0713,0,0.00,0.105,0.023,0.013,SHIFT,-0.3961,0.2328,1.0481,0.1054,0.3670,-0.1841,0.5416,-0.2435,0.0229,0,0.00,0.031,0.080,0.035,SHIFT,-0.1291,0.0821,0.9308,-0.3897,-0.1956,-0.1416,0.5141,0.1351,0.0143,1,6.87,0.854,0.649,0.254,SHIFT,0.1610,0.1601,0.8960,-0.3867,0.1837,-0.1585
15.551,1812,placemove,0.8833,-0.0213,0.2290,0.0259,-0.1654,0.0728,-0.1105,-0.0216,0.0198,0.3684,-0.3161,-0.6548,1.000,0.000,0.0160,0.0121,0.0259,-0.1654,0.0728,0.1402,0,1.1642,-0.2988,0.1634,1,6.08,0.080,1.680,0.907,STANCE,-0.4726,-0.2610,1.5706,0.2456,-0.2998,-0.0998,1.0949,0.3114,0.1773,0,0.00,0.009,0.032,0.002,STANCE,0.5716,-0.2729,1.5706,0.2231,0.3141,-0.0973,0.9453,-0.3556,0.0218,0,0.00,0.041,0.036,0.002,STANCE,0.0128,0.3012,1.2628,0.0029,-0.3431,-0.2019,0.9859,0.3576,0.0700,0,3.88,1.161,0.596,0.256,STANCE,-0.3862,0.2507,1.0445,0.1018,0.3654,-0.1878,0.5406,-0.2435,0.0231,0,0.00,0.031,0.057,0.032,SWING,-0.1120,0.0633,0.9556,-0.3871,-0.2003,-0.1388,0.5120,0.1346,0.0143,1,5.56,0.892,0.548,0.171,STANCE,0.1806,0.1566,0.8925,-0.3897,0.1785,-0.1573
15.584,1816,placemove,0.8817,-0.0217,0.2293,0.0309,-0.1711,0.0601,-0.0889,-0.0236,0.0189,0.2509,-0.3080,-0.7011,1.000,0.000,0.0214,0.0172,0.0309,-0.1711,0.0601,0.1405,0,1.1639,-0.2982,0.1634,1,5.99,0.084,1.686,0.916,STANCE,-0.4514,-0.2553,1.5706,0.2500,-0.2962,-0.1009,1.0917,0.3118,0.1810,0,0.00,0.020,0.030,0.003,STANCE,0.5952,-0.2786,1.5707,0.2177,0.3175,-0.0961,0.9455,-0.3544,0.0201,0,0.00,0.043,0.028,0.011,STANCE,0.0326,0.3091,1.2568,0.0074,-0.3423,-0.2032,0.9859,0.3559,0.0697,0,4.12,1.186,0.585,0.273,STANCE,-0.3727,0.2626,1.0445,0.0976,0.3647,-0.1903,0.5377,-0.2430,0.0291,0,0.00,0.032,0.143,0.089,SWING,-0.0989,0.0078,1.0111,-0.3858,-0.2042,-0.1291,0.5104,0.1343,0.0142,1,5.23,0.895,0.530,0.144,STANCE,0.1999,0.1511,0.8900,-0.3928,0.1732,-0.1558
15.606,1820,placemove,0.8804,-0.0220,0.2296,0.0339,-0.1761,0.0477,-0.0736,-0.0176,0.0159,0.1575,-0.2745,-0.7004,1.000,0.000,0.0259,0.0205,0.0339,-0.1761,0.0477,0.1407,0,1.1637,-0.2977,0.1635,1,5.90,0.018,1.682,0.930,STANCE,-0.4309,-0.2480,1.5705,0.2541,-0.2925,-0.1024,1.0889,0.3118,0.1837,0,0.00,0.012,0.034,0.004,STANCE,0.6176,-0.2839,1.5707,0.2125,0.3205,-0.0950,0.9456,-0.3536,0.0185,0,0.00,0.044,0.020,0.017,STANCE,0.0512,0.3209,1.2459,0.0116,-0.3414,-0.2052,0.9858,0.3544,0.0693,0,3.88,1.096,0.548,0.260,STANCE,-0.3578,0.2699,1.0468,0.0933,0.3645,-0.1918,0.5345,-0.2422,0.0386,0,0.00,0.028,0.140,0.098,SWING,-0.0875,-0.0589,1.0778,-0.3840,-0.2074,-0.1174,0.5091,0.1339,0.0142,1,5.50,0.933,0.553,0.155,STANCE,0.2179,0.1448,0.8882,-0.3956,0.1683,-0.1541
15.646,1824,placemove,0.8793,-0.0222,0.2298,0.0357,-0.1805,0.0360,-0.0588,-0.0109,0.0135,0.0992,-0.2370,-0.6511,1.000,0.000,0.0292,0.0225,0.0357,-0.1805,0.0360,0.1409,0,1.1634,-0.2972,0.1636,1,5.92,0.039,1.708,0.941,STANCE,-0.4118,-0.2403,1.5705,0.2577,-0.2889,-0.1040,1.0867,0.3118,0.1859,0,0.00,0.011,0.034,0.004,STANCE,0.6381,-0.2889,1.5707,0.2076,0.3232,-0.0939,0.9457,-0.3529,0.0169,0,0.00,0.042,0.019,0.018,STANCE,0.0682,0.3338,1.2333,0.0154,-0.3404,-0.2073,0.9858,0.3533,0.0691,0,4.06,1.140,0.561,0.276,STANCE,-0.3430,0.2740,1.0502,0.0891,0.3646,-0.1928,0.5316,-0.2412,0.0488,0,0.00,0.026,0.154,0.077,SWING,-0.0773,-0.1256,1.1391,-0.3823,-0.2101,-0.1054,0.5081,0.1336,0.0142,1,5.61,0.917,0.537,0.183,STANCE,0.2343,0.1386,0.8867,-0.3982,0.1638,-0.1524
15.667,1828,placemove,0.8784,-0.0224,0.2300,0.0370,-0.1840,0.0255,-0.0471,-0.0068,0.0115,0.0594,-0.1993,-0.5756,1.000,0.000,0.0314,0.0237,0.0370,-0.1840,0.0255,0.1410,0,1.1632,-0.2967,0.1636,1,5.93,0.062,1.722,0.947,STANCE,-0.3948,-0.2329,1.5705,0.2608,-0.2855,-0.1055,1.0848,0.3117,0.1875,0,0.00,0.009,0.037,0.005,STANCE,0.6561,-0.2935,1.5707,0.2033,0.3255,-0.0930,0.9458,-0.3523,0.0157,0,0.00,0.040,0.018,0.015,STANCE,0.0831,0.3451,1.2224,0.0187,-0.3394,-0.2092,0.9858,0.3524,0.0689,0,4.16,1.168,0.561,0.285,STANCE,-0.3292,0.2761,1.0541,0.0854,0.3649,-0.1934,0.5278,-0.2406,0.0601,0,0.00,0.024,0.150,0.064,SWING,-0.0685,-0.1922,1.1899,-0.3812,-0.2126,-0.0926,0.5073,0.1335,0.0142,1,5.75,0.917,0.502,0.236,STANCE,0.2485,0.1330,0.8855,-0.4004,0.1598,-0.1509
15.716,1832,placemove,0.8778,-0.0224,0.2301,0.0367,-0.1866,0.0168,-0.0240,0.0082,0.0025,-0.1337,-0.0682,-0.4759,1.000,0.000,0.0328,0.0243,0.0367,-0.1866,0.0168,0.1658,0,1.1630,-0.2963,0.1638,1,0.00,0.062,0.012,0.002,STANCE,-0.3804,-0.2263,1.5705,0.2634,-0.2826,-0.1069,1.0834,0.3116,0.1885,0,0.00,0.004,0.003,0.002,STANCE,0.6712,-0.2975,1.5707,0.1996,0.3273,-0.0921,0.9458,-0.3519,0.0149,1,4.85,0.736,0.614,0.053,STANCE,0.0958,0.3548,1.2130,0.0215,-0.3385,-0.2108,0.9857,0.3517,0.0685,0,0.56,0.113,0.078,0.020,STANCE,-0.3173,0.2769,1.0579,0.0822,0.3652,-0.1937,0.5267,-0.2396,0.0712,0,0.00,0.022,0.152,0.098,SWING,-0.0586,-0.2589,1.2552,-0.3777,-0.2143,-0.0811,0.5066,0.1332,0.0142,1,3.76,0.882,0.606,0.087,STANCE,0.2604,0.1282,0.8845,-0.4022,0.1564,-0.1496
15.738,1836,placemove,0.8772,-0.0223,0.2297,0.0364,-0.1901,0.0098,-0.0423,0.0011,-0.0172,0.0546,-0.2402,-0.3689,1.000,0.000,0.0329,0.0246,0.0364,-0.1901,0.0098,0.1653,0,1.1629,-0.2958,0.1639,1,6.13,0.186,1.724,0.897,STANCE,-0.3687,-0.2208,1.5705,0.2655,-0.2803,-0.1080,1.0822,0.3116,0.1888,0,0.00,0.000,0.035,0.003,STANCE,0.6834,-0.3008,1.5708,0.1966,0.3288,-0.0914,0.9459,-0.3516,0.0152,1,0.00,0.029,0.033,0.002,STANCE,0.1061,0.3558,1.2152,0.0237,-0.3378,-0.2110,0.9858,0.3511,0.0676,0,4.16,1.123,0.654,0.278,STANCE,-0.3076,0.2773,1.0611,0.0796,0.3655,-0.1939,0.5276,-0.2395,0.0817,0,0.00,0.018,0.156,0.085,SWING,-0.0453,-0.3256,1.3208,-0.3729,-0.2165,-0.0699,0.5061,0.1329,0.0143,1,5.36,0.780,0.589,0.078,STANCE,0.2701,0.1171,0.8920,-0.4037,0.1537,-0.1474
15.792,1840,placemove,0.8766,-0.0223,0.2295,0.0366,-0.1931,0.0045,-0.0296,0.0013,-0.0196,-0.0559,-0.1181,-0.2846,1.000,0.000,0.0331,0.0236,0.0366,-0.1931,0.0045,0.1651,0,1.1627,-0.2953,0.1640,1,3.07,0.058,0.858,0.482,STANCE,-0.3596,-0.2167,1.5704,0.2670,-0.2784,-0.1089,1.0810,0.3116,0.1895,0,0.00,0.007,0.026,0.003,STANCE,0.6928,-0.3035,1.5708,0.1943,0.3299,-0.0908,0.9460,-0.3512,0.0149,1,2.75,0.356,0.587,0.155,STANCE,0.1141,0.3584,1.2143,0.0255,-0.3372,-0.2114,0.9857,0.3508,0.0673,0,2.56,0.574,0.370,0.071,STANCE,-0.3002,0.2776,1.0636,0.0776,0.3657,-0.1940,0.5287,-0.2414,0.0926,0,0.00,0.019,0.154,0.067,SWING,-0.0277,-0.3922,1.3749,-0.3682,-0.2201,-0.0579,0.5056,0.1328,0.0143,1,4.56,1.052,0.722,0.100,STANCE,0.2775,0.1086,0.8978,-0.4047,0.1515,-0.1457
15.814,1844,placemove,0.8761,-0.0223,0.2291,0.0359,-0.1950,0.0008,-0.0240,-0.0008,-0.0190,-0.0384,-0.0916,-0.1908,1.000,0.000,0.0330,0.0224,0.0359,-0.1950,0.0008,0.1647,0,1.1626,-0.2951,0.1640,1,4.74,0.196,1.229,0.646,STANCE,-0.3531,-0.2138,1.5702,0.2682,-0.2771,-0.1094,1.0802,0.3116,0.1895,0,0.00,0.008,0.036,0.004,STANCE,0.6995,-0.3059,1.5708,0.1927,0.3308,-0.0903,0.9459,-0.3511,0.0149,1,1.62,0.061,0.452,0.164,STANCE,0.1199,0.3601,1.2141,0.0267,-0.3366,-0.2117,0.9857,0.3503,0.0666,0,3.31,0.749,0.481,0.091,STANCE,-0.2952,0.2777,1.0655,0.0763,0.3658,-0.1941,0.5297,-0.2448,0.1048,0,0.00,0.016,0.147,0.053,SWING,-0.0080,-0.4589,1.4172,-0.3637,-0.2245,-0.0452,0.5052,0.1325,0.0143,1,4.49,1.050,0.743,0.120,STANCE,0.2828,0.1015,0.9033,-0.4055,0.1500,-0.1443
15.856,1848,placemove,0.8758,-0.0223,0.2288,0.0353,-0.1962,-0.0016,-0.0145,0.0000,-0.0147,-0.0281,-0.0605,-0.1046,1.000,0.000,0.0326,0.0214,0.0353,-0.1962,-0.0016,0.1644,0,1.1624,-0.2950,0.1641,1,5.46,0.125,1.414,0.731,STANCE,-0.3489,-0.2121,1.5702,0.2689,-0.2762,-0.1098,1.0796,0.3116,0.1895,0,0.00,0.060,0.055,0.007,STANCE,0.7037,-0.3079,1.5708,0.1917,0.3313,-0.0899,0.9459,-0.3511,0.0149,1,2.05,0.269,0.390,0.031,STANCE,0.1237,0.3613,1.2140,0.0275,-0.3363,-0.2119,0.9857,0.3500,0.0659,0,5.71,1.225,0.834,0.151,STANCE,-0.2923,0.2779,1.0668,0.0755,0.3658,-0.1942,0.5302,-0.2483,0.1178,0,0.00,0.058,0.140,0.039,SWING,0.0087,-0.5255,1.4505,-0.3599,-0.2281,-0.0320,0.5049,0.1323,0.0143,1,3.12,0.801,0.525,0.108,STANCE,0.2861,0.0963,0.9077,-0.4059,0.1491,-0.1434
15.877,1852,placemove,0.8756,-0.0223,0.2285,0.0339,-0.1964,-0.0024,-0.0028,0.0106,-0.0249,-0.1527,0.0425,-0.0405,1.000,0.000,0.0320,0.0207,0.0339,-0.1964,-0.0024,0.1640,0,1.1624,-0.2949,0.1641,1,5.98,0.625,1.350,0.553,STANCE,-0.3468,-0.2112,1.5700,0.2693,-0.2758,-0.1100,1.0792,0.3117,0.1892,0,0.00,0.025,0.076,0.013,STANCE,0.7060,-0.3094,1.5708,0.1911,0.3317,-0.0896,0.9458,-0.3512,0.0150,1,0.00,0.029,0.010,0.008,STANCE,0.1258,0.3619,1.2143,0.0280,-0.3361,-0.2120,0.9857,0.3496,0.0651,0,1.89,0.452,0.209,0.038,STANCE,-0.2912,0.2783,1.0674,0.0751,0.3657,-0.1943,0.5309,-0.2504,0.1281,0,0.00,0.005,0.058,0.040,SWING,0.0193,-0.5698,1.4765,-0.3567,-0.2299,-0.0237,0.5046,0.1320,0.0144,1,5.06,1.177,0.984,0.226,STANCE,0.2877,0.0925,0.9113,-0.4061,0.1486,-0.1427
15.918,1856,placemove,0.8757,-0.0219,0.2280,0.0300,-0.1947,-0.0019,-0.0021,0.0191,-0.0169,-0.0627,-0.0007,0.0151,1.000,0.000,0.0302,0.0210,0.0300,-0.1947,-0.0019,0.1388,0,1.1624,-0.2948,0.1642,1,7.28,0.307,1.899,0.873,STANCE,-0.3464,-0.2109,1.5697,0.2694,-0.2758,-0.1100,1.0791,0.3120,0.1871,0,0.00,0.014,0.110,0.012,STANCE,0.7067,-0.3102,1.5708,0.1910,0.3318,-0.0894,0.9456,-0.3515,0.0156,0,0.00,0.014,0.003,0.005,STANCE,0.1262,0.3624,1.2142,0.0280,-0.3360,-0.2120,0.9856,0.3491,0.0627,0,6.09,1.411,0.779,0.104,STANCE,-0.2914,0.2792,1.0672,0.0752,0.3656,-0.1945,0.5375,-0.2493,0.1171,0,0.00,0.018,0.105,0.032,SWING,0.0244,-0.5138,1.4969,-0.3523,-0.2290,-0.0388,0.5042,0.1315,0.0144,1,5.65,0.953,0.655,0.098,STANCE,0.2881,0.0896,0.9144,-0.4061,0.1485,-0.1422
15.940,1860,placemove,0.8756,-0.0218,0.2279,0.0304,-0.1956,-0.0011,-0.0092,0.0001,-0.0062,0.0413,-0.0579,0.0666,1.000,0.000,0.0285,0.0215,0.0304,-0.1956,-0.0011,0.1386,0,1.1624,-0.2947,0.1642,1,5.80,0.040,1.435,0.612,SHIFT,-0.3474,-0.2111,1.5694,0.2692,-0.2760,-0.1100,1.0789,0.3122,0.1872,0,0.00,0.015,0.031,0.004,SHIFT,0.7062,-0.3100,1.5708,0.1911,0.3317,-0.0895,0.9457,-0.3513,0.0151,0,0.00,0.013,0.032,0.006,SHIFT,0.1252,0.3649,1.2107,0.0278,-0.3360,-0.2124,0.9856,0.3491,0.0625,0,3.45,0.952,0.460,0.095,SHIFT,-0.2926,0.2809,1.0661,0.0754,0.3653,-0.1948,0.5455,-0.2468,0.1010,0,0.00,0.004,0.056,0.020,SWING,0.0264,-0.4472,1.5129,-0.3476,-0.2268,-0.0556,0.5041,0.1314,0.0144,1,5.22,0.797,0.552,0.137,SHIFT,0.2875,0.0873,0.9171,-0.4061,0.1486,-0.1418
15.993,1864,placemove,0.8757,-0.0214,0.2277,0.0285,-0.1953,0.0006,0.0120,0.0274,-0.0203,-0.1010,0.0088,0.0861,1.000,0.000,0.0274,0.0217,0.0285,-0.1953,0.0006,0.1631,0,1.1623,-0.2945,0.1643,1,3.49,0.133,0.881,0.402,SHIFT,-0.3499,-0.2115,1.5697,0.2687,-0.2764,-0.1099,1.0787,0.3126,0.1863,0,0.00,0.019,0.039,0.004,SHIFT,0.7053,-0.3093,1.5708,0.1913,0.3316,-0.0896,0.9458,-0.3513,0.0149,1,2.79,0.370,0.547,0.107,SHIFT,0.1227,0.3671,1.2076,0.0273,-0.3361,-0.2128,0.9856,0.3490,0.0614,0,3.53,0.783,0.462,0.053,SHIFT,-0.2941,0.2829,1.0651,0.0757,0.3650,-0.1951,0.5541,-0.2440,0.0865,0,0.00,0.007,0.061,0.016,SHIFT,0.0281,-0.3805,1.5254,-0.3422,-0.2241,-0.0716,0.5038,0.1313,0.0144,1,4.77,0.987,0.663,0.010,SHIFT,0.2865,0.0849,0.9191,-0.4061,0.1490,-0.1414
16.016,1868,placemove,0.8760,-0.0210,0.2274,0.0271,-0.1953,0.0025,0.0200,0.0202,-0.0131,-0.0624,-0.0036,0.1039,1.000,0.000,0.0260,0.0219,0.0271,-0.1953,0.0025,0.1629,0,1.1623,-0.2944,0.1644,1,3.68,0.124,0.682,0.059,SHIFT,-0.3538,-0.2121,1.5696,0.2680,-0.2771,-0.1098,1.0787,0.3131,0.1854,0,0.00,0.018,0.036,0.004,SHIFT,0.7045,-0.3084,1.5708,0.1915,0.3314,-0.0898,0.9458,-0.3513,0.0149,1,2.38,0.326,0.502,0.119,SHIFT,0.1188,0.3672,1.2068,0.0264,-0.3363,-0.2128,0.9856,0.3490,0.0602,0,3.01,0.633,0.379,0.035,SHIFT,-0.2954,0.2849,1.0643,0.0760,0.3646,-0.1955,0.5631,-0.2405,0.0729,0,0.00,0.003,0.006,0.002,SHIFT,0.0281,-0.3155,1.5352,-0.3367,-0.2207,-0.0866,0.5037,0.1313,0.0144,1,5.25,0.807,0.545,0.156,SHIFT,0.2851,0.0830,0.9194,-0.4062,0.1495,-0.1409
16.054,1872,placemove,0.8764,-0.0207,0.2272,0.0260,-0.1952,0.0045,0.0281,0.0260,-0.0123,-0.0699,0.0141,0.1091,1.000,0.000,0.0248,0.0220,0.0260,-0.1952,0.0045,0.1627,0,1.1623,-0.2944,0.1644,1,5.52,0.009,0.874,0.142,SHIFT,-0.3585,-0.2128,1.5698,0.2671,-0.2780,-0.1096,1.0787,0.3137,0.1846,0,0.00,0.017,0.032,0.004,SHIFT,0.7040,-0.3073,1.5708,0.1916,0.3313,-0.0900,0.9457,-0.3512,0.0149,1,0.00,0.007,0.033,0.001,SHIFT,0.1139,0.3667,1.2071,0.0253,-0.3365,-0.2127,0.9856,0.3490,0.0592,0,1.80,0.383,0.210,0.015,SHIFT,-0.2964,0.2870,1.0637,0.0761,0.3642,-0.1959,0.5713,-0.2369,0.0617,0,0.00,0.000,0.003,0.001,SHIFT,0.0267,-0.2607,1.5429,-0.3316,-0.2171,-0.0987,0.5035,0.1313,0.0143,1,6.27,0.288,0.518,0.322,SHIFT,0.2836,0.0822,0.9175,-0.4064,0.1500,-0.1406
16.076,1876,placemove,0.8770,-0.0201,0.2269,0.0242,-0.1944,0.0066,0.0387,0.0372,-0.0156,-0.1328,0.0631,0.0997,1.000,0.000,0.0236,0.0223,0.0242,-0.1944,0.0066,0.1624,0,1.1623,-0.2944,0.1644,1,5.41,0.049,0.834,0.185,SHIFT,-0.3637,-0.2136,1.5700,0.2660,-0.2789,-0.1095,1.0787,0.3144,0.1834,0,0.00,0.017,0.026,0.003,SHIFT,0.7037,-0.3060,1.5708,0.1916,0.3312,-0.0903,0.9456,-0.3511,0.0151,1,0.00,0.006,0.036,0.001,SHIFT,0.1085,0.3657,1.2080,0.0242,-0.3367,-0.2126,0.9855,0.3491,0.0579,0,1.42,0.311,0.167,0.015,SHIFT,-0.2970,0.2892,1.0632,0.0762,0.3638,-0.1963,0.5785,-0.2335,0.0532,0,0.00,0.002,0.012,0.000,SHIFT,0.0246,-0.2153,1.5489,-0.3272,-0.2137,-0.1084,0.5033,0.1313,0.0143,1,6.21,0.265,0.566,0.272,SHIFT,0.2822,0.0823,0.9139,-0.4068,0.1505,-0.1403
16.113,1880,placemove,0.8778,-0.0194,0.2266,0.0212,-0.1928,0.0087,0.0486,0.0499,-0.0210,-0.1996,0.1135,0.0824,1.000,0.000,0.0220,0.0229,0.0212,-0.1928,0.0087,0.1373,0,1.1623,-0.2943,0.1643,1,5.41,0.031,0.868,0.139,SHIFT,-0.3691,-0.2145,1.5701,0.2650,-0.2798,-0.1093,1.0788,0.3152,0.1816,0,0.00,0.016,0.027,0.004,SHIFT,0.7039,-0.3044,1.5708,0.1915,0.3310,-0.0907,0.9452,-0.3511,0.0155,0,0.00,0.005,0.035,0.000,SHIFT,0.1029,0.3648,1.2085,0.0229,-0.3369,-0.2124,0.9855,0.3491,0.0560,0,1.60,0.349,0.191,0.018,SHIFT,-0.2972,0.2915,1.0628,0.0761,0.3634,-0.1968,0.5847,-0.2304,0.0469,0,0.00,0.001,0.015,0.000,SHIFT,0.0221,-0.1775,1.5537,-0.3233,-0.2106,-0.1163,0.5031,0.1314,0.0143,1,6.07,0.286,0.567,0.253,SHIFT,0.2810,0.0831,0.9089,-0.4072,0.1510,-0.1401
16.135,1884,placemove,0.8787,-0.0184,0.2262,0.0174,-0.1905,0.0106,0.0574,0.0613,-0.0268,-0.2535,0.1544,0.0616,1.000,0.000,0.0195,0.0242,0.0174,-0.1905,0.0106,0.1369,0,1.1623,-0.2943,0.1643,1,5.52,0.067,0.909,0.125,SHIFT,-0.3746,-0.2155,1.5702,0.2639,-0.2808,-0.1091,1.0791,0.3161,0.1790,0,0.00,0.008,0.033,0.004,SHIFT,0.7044,-0.3022,1.5708,0.1913,0.3309,-0.0911,0.9448,-0.3512,0.0160,0,0.00,0.003,0.031,0.000,SHIFT,0.0970,0.3645,1.2079,0.0216,-0.3372,-0.2124,0.9854,0.3492,0.0534,0,2.16,0.460,0.263,0.025,SHIFT,-0.2969,0.2943,1.0622,0.0759,0.3630,-0.1973,0.5900,-0.2275,0.0422,0,0.00,0.000,0.016,0.001,SHIFT,0.0195,-0.1460,1.5574,-0.3200,-0.2078,-0.1226,0.5028,0.1314,0.0143,1,5.78,0.289,0.545,0.234,SHIFT,0.2801,0.0842,0.9029,-0.4077,0.1514,-0.1399
16.173,1888,placemove,0.8797,-0.0173,0.2257,0.0128,-0.1877,0.0123,0.0641,0.0707,-0.0325,-0.2902,0.1824,0.0406,1.000,0.000,0.0163,0.0261,0.0128,-0.1877,0.0123,0.1364,0,1.1624,-0.2942,0.1643,1,5.54,0.092,0.936,0.091,SHIFT,-0.3800,-0.2168,1.5703,0.2629,-0.2818,-0.1088,1.0795,0.3169,0.1757,0,0.00,0.005,0.033,0.004,SHIFT,0.7055,-0.2985,1.5708,0.1909,0.3307,-0.0919,0.9443,-0.3513,0.0168,0,0.00,0.003,0.032,0.002,SHIFT,0.0912,0.3629,1.2085,0.0204,-0.3376,-0.2121,0.9854,0.3491,0.0503,0,2.35,0.498,0.287,0.027,SHIFT,-0.2960,0.2978,1.0611,0.0755,0.3626,-0.1980,0.5945,-0.2248,0.0388,0,0.00,0.001,0.020,0.001,SHIFT,0.0171,-0.1198,1.5603,-0.3171,-0.2054,-0.1278,0.5024,0.1315,0.0143,1,5.64,0.299,0.541,0.221,SHIFT,0.2798,0.0855,0.8962,-0.4083,0.1517,-0.1397
16.195,1892,placemove,0.8808,-0.0160,0.2251,0.0076,-0.1844,0.0138,0.0694,0.0789,-0.0385,-0.3177,0.2027,0.0198,1.000,0.000,0.0125,0.0285,0.0076,-0.1844,0.0138,0.1358,0,1.1624,-0.2941,0.1643,1,5.45,0.016,0.966,0.006,SHIFT,-0.3854,-0.2182,1.5702,0.2619,-0.2828,-0.1085,1.0799,0.3176,0.1712,0,0.00,0.013,0.025,0.004,SHIFT,0.7071,-0.2911,1.5708,0.1903,0.3302,-0.0935,0.9436,-0.3516,0.0179,0,0.00,0.005,0.037,0.003,SHIFT,0.0854,0.3601,1.2103,0.0191,-0.3380,-0.2117,0.9854,0.3490,0.0466,0,2.07,0.448,0.253,0.022,SHIFT,-0.2944,0.3023,1.0595,0.0749,0.3621,-0.1988,0.5984,-0.2225,0.0364,0,0.00,0.001,0.024,0.001,SHIFT,0.0151,-0.0981,1.5626,-0.3147,-0.2033,-0.1320,0.5021,0.1316,0.0143,1,5.72,0.336,0.564,0.212,SHIFT,0.2801,0.0868,0.8889,-0.4090,0.1518,-0.1394
16.238,1896,placemove,0.8821,-0.0146,0.2244,0.0020,-0.1807,0.0149,0.0759,0.0881,-0.0460,-0.3539,0.2289,-0.0041,1.000,0.000,0.0080,0.0313,0.0020,-0.1807,0.0149,0.1351,0,1.1625,-0.2941,0.1643,1,5.63,0.149,1.013,0.004,SHIFT,-0.3906,-0.2198,1.5702,0.2609,-0.2838,-0.1082,1.0805,0.3179,0.1657,0,0.00,0.000,0.030,0.005,SHIFT,0.7093,-0.2802,1.5708,0.1894,0.3294,-0.0958,0.9428,-0.3519,0.0192,0,0.00,0.002,0.033,0.005,SHIFT,0.0797,0.3560,1.2131,0.0178,-0.3386,-0.2110,0.9854,0.3489,0.0424,0,2.85,0.598,0.348,0.029,SHIFT,-0.2922,0.3078,1.0572,0.0742,0.3615,-0.1999,0.6016,-0.2204,0.0348,0,0.00,0.004,0.024,0.001,SHIFT,0.0135,-0.0802,1.5643,-0.3126,-0.2016,-0.1354,0.5017,0.1317,0.0142,1,5.34,0.333,0.531,0.191,SHIFT,0.2809,0.0880,0.8813,-0.4098,0.1517,-0.1391
16.270,1900,placemove,0.8826,-0.0143,0.2247,0.0065,-0.1838,0.0152,0.0262,0.0034,0.0188,0.2862,-0.1875,0.0796,1.000,0.000,0.0052,0.0331,0.0065,-0.1838,0.0152,0.1102,0,1.1625,-0.2941,0.1643,1,4.29,0.156,0.678,0.156,SHIFT,-0.3955,-0.2216,1.5703,0.2600,-0.2847,-0.1079,1.0804,0.3180,0.1648,1,3.15,0.618,0.748,0.364,SHIFT,0.7118,-0.2689,1.5707,0.1884,0.3286,-0.0981,0.9429,-0.3513,0.0190,0,0.00,0.012,0.044,0.003,SHIFT,0.0742,0.3511,1.2166,0.0167,-0.3392,-0.2102,0.9854,0.3494,0.0426,0,0.00,0.005,0.020,0.005,SHIFT,-0.2896,0.3141,1.0546,0.0733,0.3609,-0.2010,0.6052,-0.2181,0.0312,0,0.00,0.020,0.030,0.001,SHIFT,0.0124,-0.0652,1.5657,-0.3108,-0.2002,-0.1382,0.5017,0.1322,0.0142,1,4.98,0.801,0.927,0.129,SHIFT,0.2823,0.0892,0.8734,-0.4107,0.1515,-0.1387
16.308,1904,placemove,0.8831,-0.0144,0.2248,0.0107,-0.1874,0.0160,0.0211,-0.0084,-0.0295,0.2260,-0.3253,0.1065,1.000,0.000,0.0062,0.0323,0.0107,-0.1874,0.0160,0.1103,0,1.1628,-0.2943,0.1644,1,1.75,0.116,0.272,0.043,STANCE,-0.3996,-0.2230,1.5704,0.2592,-0.2855,-0.1076,1.0799,0.3178,0.1647,1,4.24,0.905,0.895,0.361,STANCE,0.7146,-0.2592,1.5707,0.1874,0.3279,-0.1001,0.9434,-0.3509,0.0184,0,0.00,0.013,0.014,0.004,STANCE,0.0695,0.3472,1.2194,0.0156,-0.3396,-0.2096,0.9853,0.3497,0.0436,0,3.73,0.945,0.718,0.363,STANCE,-0.2868,0.3189,1.0527,0.0724,0.3604,-0.2019,0.6088,-0.2164,0.0273,0,0.00,0.009,0.028,0.002,STANCE,0.0114,-0.0506,1.5668,-0.3090,-0.1989,-0.1409,0.5017,0.1322,0.0144,1,0.00,0.015,0.033,0.004,SWING,0.2836,0.0862,0.8709,-0.4115,0.1512,-0.1377
16.330,1908,placemove,0.8831,-0.0148,0.2231,0.0142,-0.1969,0.0183,-0.0187,-0.0348,-0.1499,0.2246,-0.7386,0.2306,1.000,0.000,0.0087,0.0290,0.0142,-0.1969,0.0183,0.1073,0,1.1636,-0.2941,0.1644,1,2.05,0.235,0.368,0.003,STANCE,-0.4022,-0.2240,1.5705,0.2587,-0.2860,-0.1074,1.0791,0.3178,0.1647,1,1.55,0.370,0.276,0.095,STANCE,0.7169,-0.2529,1.5706,0.1866,0.3276,-0.1014,0.9454,-0.3506,0.0165,0,0.00,0.006,0.016,0.001,STANCE,0.0666,0.3451,1.2210,0.0150,-0.3399,-0.2092,0.9853,0.3500,0.0437,0,3.26,0.583,0.188,0.353,STANCE,-0.2846,0.3216,1.0523,0.0717,0.3601,-0.2024,0.6136,-0.2153,0.0204,0,0.00,0.014,0.026,0.000,STANCE,0.0108,-0.0348,1.5676,-0.3070,-0.1975,-0.1438,0.5008,0.1315,0.0175,1,0.00,0.029,0.076,0.082,SWING,0.2843,0.0372,0.9170,-0.4125,0.1512,-0.1289
16.388,1912,placemove,0.8822,-0.0153,0.2216,0.0130,-0.2008,0.0185,-0.0416,-0.0410,-0.0055,-0.2754,0.3131,-0.2088,1.000,0.000,0.0112,0.0142,0.0130,-0.2008,0.0185,0.1319,0,1.1633,-0.2948,0.1648,1,0.00,0.017,0.019,0.003,STANCE,-0.4028,-0.2268,1.5706,0.2588,-0.2863,-0.1068,1.0780,0.3175,0.1640,1,12.44,1.702,2.940,1.469,STANCE,0.7180,-0.2549,1.5707,0.1864,0.3278,-0.1010,0.9461,-0.3514,0.0152,1,0.00,0.008,0.014,0.006,STANCE,0.0667,0.3448,1.2196,0.0150,-0.3402,-0.2092,0.9850,0.3495,0.0421,0,0.00,0.029,0.092,0.007,STANCE,-0.2838,0.3231,1.0512,0.0715,0.3600,-0.2027,0.6170,-0.2147,0.0144,1,11.22,1.334,2.940,0.898,STANCE,0.0111,-0.0175,1.5683,-0.3047,-0.1963,-0.1469,0.4994,0.1304,0.0203,0,0.00,0.021,0.226,0.027,SWING,0.2847,-0.0030,0.9565,-0.4127,0.1511,-0.1218
16.413,1916,placemove,0.8818,-0.0161,0.2225,0.0130,-0.1930,0.0164,-0.0135,-0.0458,0.0654,0.0707,0.4311,-0.0628,1.000,0.000,0.0113,0.0077,0.0130,-0.1930,0.0164,0.1081,0,1.1621,-0.2966,0.1649,1,2.61,0.491,0.362,0.021,STANCE,-0.4016,-0.2326,1.5706,0.2594,-0.2866,-0.1056,1.0778,0.3167,0.1639,1,5.37,0.725,1.328,0.699,STANCE,0.7185,-0.2584,1.5707,0.1864,0.3282,-0.1003,0.9439,-0.3525,0.0159,0,0.00,0.069,0.057,0.003,STANCE,0.0697,0.3444,1.2200,0.0157,-0.3401,-0.2091,0.9843,0.3483,0.0421,0,0.00,0.004,0.023,0.002,STANCE,-0.2849,0.3214,1.0529,0.0718,0.3600,-0.2024,0.6180,-0.2136,0.0143,1,5.19,0.264,1.413,0.444,STANCE,0.0127,0.0034,1.5688,-0.3018,-0.1950,-0.1506,0.4957,0.1299,0.0353,0,0.00,0.029,0.100,0.099,SWING,0.2855,-0.0697,1.0215,-0.4125,0.1509,-0.1100
16.450,1920,placemove,0.8817,-0.0168,0.2234,0.0142,-0.1875,0.0154,0.0001,-0.0374,0.0538,0.0489,0.2421,-0.0427,1.000,0.000,0.0118,0.0145,0.0142,-0.1875,0.0154,0.1091,0,1.1617,-0.2976,0.1648,1,1.71,0.333,0.248,0.002,STANCE,-0.4006,-0.2360,1.5707,0.2598,-0.2867,-0.1049,1.0774,0.3159,0.1640,1,5.14,0.767,1.271,0.667,STANCE,0.7195,-0.2576,1.5706,0.1861,0.3282,-0.1005,0.9428,-0.3530,0.0163,0,0.00,0.015,0.030,0.000,STANCE,0.0718,0.3443,1.2201,0.0162,-0.3401,-0.2091,0.9835,0.3477,0.0431,0,0.00,0.023,0.034,0.002,STANCE,-0.2849,0.3203,1.0542,0.0718,0.3601,-0.2022,0.6193,-0.2128,0.0143,1,4.84,0.165,1.328,0.424,STANCE,0.0140,0.0187,1.5692,-0.2996,-0.1940,-0.1532,0.4923,0.1296,0.0509,0,0.00,0.015,0.140,0.075,SWING,0.2849,-0.1363,1.0794,-0.4123,0.1510,-0.0976
16.473,1924,placemove,0.8818,-0.0173,0.2242,0.0147,-0.1850,0.0147,0.0067,-0.0241,0.0445,0.0318,0.0994,-0.0364,1.000,0.000,0.0125,0.0212,0.0147,-0.1850,0.0147,0.1098,0,1.1615,-0.2982,0.1648,1,1.86,0.364,0.289,0.013,STANCE,-0.4001,-0.2362,1.5707,0.2599,-0.2866,-0.1049,1.0770,0.3153,0.1639,1,5.35,0.762,1.346,0.714,STANCE,0.7212,-0.2557,1.5706,0.1856,0.3282,-0.1009,0.9422,-0.3534,0.0167,0,0.00,0.011,0.029,0.001,STANCE,0.0722,0.3447,1.2200,0.0163,-0.3400,-0.2091,0.9829,0.3473,0.0438,0,0.00,0.020,0.037,0.003,STANCE,-0.2835,0.3197,1.0553,0.0714,0.3601,-0.2021,0.6204,-0.2123,0.0143,1,5.06,0.133,1.387,0.444,STANCE,0.0146,0.0282,1.5695,-0.2983,-0.1933,-0.1549,0.4921,0.1312,0.0647,0,0.00,0.014,0.132,0.099,SWING,0.2755,-0.2030,1.1461,-0.4097,0.1535,-0.0861
16.500,1928,placemove,0.8820,-0.0176,0.2249,0.0151,-0.1843,0.0142,0.0115,-0.0120,0.0366,0.0191,0.0166,-0.0262,1.000,0.000,0.0130,0.0258,0.0151,-0.1843,0.0142,0.1105,0,1.1615,-0.2985,0.1648,1,1.89,0.359,0.297,0.008,STANCE,-0.3999,-0.2345,1.5707,0.2598,-0.2865,-0.1052,1.0768,0.3148,0.1640,1,5.18,0.771,1.307,0.691,STANCE,0.7232,-0.2532,1.5706,0.1850,0.3281,-0.1014,0.9419,-0.3535,0.0171,0,0.00,0.012,0.028,0.000,STANCE,0.0717,0.3454,1.2196,0.0162,-0.3399,-0.2093,0.9825,0.3471,0.0445,0,0.00,0.015,0.036,0.003,STANCE,-0.2812,0.3194,1.0562,0.0708,0.3602,-0.2021,0.6212,-0.2119,0.0143,1,4.93,0.244,1.341,0.422,STANCE,0.0147,0.0338,1.5698,-0.2975,-0.1929,-0.1558,0.4943,0.1373,0.0779,0,0.00,0.007,0.133,0.100,SWING,0.2506,-0.2697,1.2128,-0.4050,0.1604,-0.0748
16.522,1932,placemove,0.8821,-0.0178,0.2254,0.0153,-0.1844,0.0137,0.0120,-0.0057,0.0295,0.0106,-0.0221,-0.0310,1.000,0.000,0.0134,0.0285,0.0153,-0.1844,0.0137,0.1110,0,1.1615,-0.2986,0.1648,1,1.89,0.222,0.404,0.151,STANCE,-0.3999,-0.2319,1.5706,0.2597,-0.2863,-0.1057,1.0767,0.3146,0.1640,1,5.27,0.640,1.407,0.779,STANCE,0.7253,-0.2508,1.5705,0.1844,0.3281,-0.1019,0.9418,-0.3536,0.0174,0,0.00,0.012,0.028,0.000,STANCE,0.0708,0.3462,1.2191,0.0159,-0.3399,-0.2094,0.9822,0.3470,0.0450,0,0.00,0.014,0.035,0.002,STANCE,-0.2787,0.3192,1.0570,0.0702,0.3603,-0.2021,0.6220,-0.2116,0.0143,1,4.93,0.301,1.330,0.416,STANCE,0.0147,0.0371,1.5700,-0.2970,-0.1926,-0.1564,0.4991,0.1485,0.0909,0,0.00,0.002,0.135,0.101,SWING,0.2082,-0.3363,1.2794,-0.3978,0.1722,-0.0637
16.565,1936,placemove,0.8823,-0.0178,0.2258,0.0154,-0.1850,0.0132,0.0106,-0.0036,0.0234,0.0053,-0.0343,-0.0312,1.000,0.000,0.0137,0.0299,0.0154,-0.1850,0.0132,0.1114,0,1.1615,-0.2986,0.1648,1,1.98,0.108,0.523,0.290,STANCE,-0.3999,-0.2293,1.5703,0.2595,-0.2861,-0.1063,1.0766,0.3143,0.1641,1,5.36,0.495,1.477,0.830,STANCE,0.7272,-0.2486,1.5704,0.1839,0.3280,-0.1023,0.9417,-0.3536,0.0176,0,0.00,0.012,0.029,0.000,STANCE,0.0698,0.3470,1.2187,0.0157,-0.3398,-0.2095,0.9821,0.3470,0.0455,0,0.00,0.011,0.035,0.002,STANCE,-0.2764,0.3190,1.0577,0.0696,0.3604,-0.2021,0.6225,-0.2113,0.0143,1,4.85,0.308,1.306,0.409,STANCE,0.0146,0.0390,1.5701,-0.2967,-0.1924,-0.1567,0.5060,0.1628,0.1040,0,0.00,0.004,0.148,0.082,SWING,0.1552,-0.4030,1.3420,-0.3888,0.1865,-0.0524
16.586,1940,placemove,0.8825,-0.0179,0.2262,0.0155,-0.1856,0.0127,0.0082,-0.0006,0.0188,0.0021,-0.0346,-0.0268,1.000,0.000,0.0138,0.0304,0.0155,-0.1856,0.0127,0.1118,0,1.1615,-0.2986,0.1648,1,1.98,0.016,0.546,0.308,STANCE,-0.3999,-0.2269,1.5703,0.2594,-0.2859,-0.1068,1.0765,0.3142,0.1641,1,5.50,0.459,1.510,0.841,STANCE,0.7288,-0.2468,1.5704,0.1834,0.3280,-0.1027,0.9417,-0.3536,0.0178,0,0.00,0.012,0.030,0.001,STANCE,0.0690,0.3478,1.2182,0.0155,-0.3397,-0.2096,0.9820,0.3470,0.0458,0,0.00,0.010,0.035,0.002,STANCE,-0.2743,0.3189,1.0583,0.0691,0.3605,-0.2021,0.6229,-0.2111,0.0143,1,4.83,0.348,1.288,0.400,STANCE,0.0145,0.0403,1.5702,-0.2966,-0.1923,-0.1569,0.5121,0.1754,0.1176,0,0.00,0.007,0.145,0.063,SWING,0.1084,-0.4696,1.3914,-0.3807,0.1987,-0.0403
16.628,1944,placemove,0.8826,-0.0179,0.2265,0.0155,-0.1860,0.0123,0.0070,-0.0023,0.0152,0.0021,-0.0263,-0.0206,1.000,0.000,0.0139,0.0304,0.0155,-0.1860,0.0123,0.1121,0,1.1615,-0.2985,0.1648,1,2.28,0.013,0.629,0.354,STANCE,-0.4000,-0.2250,1.5703,0.2593,-0.2857,-0.1072,1.0765,0.3141,0.1641,1,4.84,0.261,1.358,0.751,STANCE,0.7301,-0.2454,1.5699,0.1830,0.3280,-0.1030,0.9416,-0.3535,0.0180,0,0.00,0.016,0.035,0.002,STANCE,0.0683,0.3484,1.2178,0.0154,-0.3396,-0.2097,0.9820,0.3470,0.0461,0,0.00,0.004,0.028,0.001,STANCE,-0.2726,0.3187,1.0588,0.0687,0.3606,-0.2020,0.6232,-0.2109,0.0143,1,4.16,0.238,1.122,0.351,STANCE,0.0144,0.0413,1.5702,-0.2964,-0.1922,-0.1571,0.5171,0.1848,0.1303,0,0.00,0.002,0.102,0.053,SWING,0.0721,-0.5250,1.4302,-0.3736,0.2077,-0.0303
16.651,1948,placemove,0.8827,-0.0179,0.2267,0.0156,-0.1863,0.0120,0.0054,-0.0022,0.0108,-0.0013,-0.0193,-0.0153,1.000,0.000,0.0140,0.0303,0.0156,-0.1863,0.0120,0.1123,0,1.1615,-0.2985,0.1648,1,2.18,0.178,0.561,0.302,STANCE,-0.4000,-0.2235,1.5700,0.2592,-0.2856,-0.1075,1.0765,0.3140,0.1642,1,5.45,0.493,1.414,0.718,STANCE,0.7311,-0.2443,1.5697,0.1828,0.3281,-0.1032,0.9416,-0.3535,0.0181,0,0.00,0.012,0.030,0.000,STANCE,0.0678,0.3489,1.2175,0.0153,-0.3396,-0.2098,0.9819,0.3470,0.0463,0,0.00,0.010,0.035,0.002,STANCE,-0.2713,0.3186,1.0592,0.0683,0.3606,-0.2020,0.6235,-0.2107,0.0144,1,4.78,0.223,1.297,0.407,STANCE,0.0144,0.0421,1.5703,-0.2963,-0.1921,-0.1572,0.5277,0.1907,0.1206,0,0.00,0.013,0.055,0.038,SWING,0.0442,-0.4772,1.4606,-0.3649,0.2127,-0.0445
16.689,1952,placemove,0.8828,-0.0180,0.2268,0.0155,-0.1866,0.0117,0.0037,-0.0015,0.0084,-0.0015,-0.0139,-0.0104,1.000,0.000,0.0140,0.0302,0.0155,-0.1866,0.0117,0.1124,0,1.1615,-0.2986,0.1648,1,2.09,0.188,0.501,0.245,SHIFT,-0.4000,-0.2223,1.5698,0.2591,-0.2855,-0.1077,1.0765,0.3140,0.1642,1,5.50,0.561,1.404,0.685,SHIFT,0.7319,-0.2435,1.5691,0.1826,0.3281,-0.1033,0.9415,-0.3536,0.0182,0,0.00,0.013,0.031,0.000,SHIFT,0.0674,0.3493,1.2173,0.0152,-0.3395,-0.2099,0.9819,0.3470,0.0465,0,0.00,0.012,0.035,0.002,SHIFT,-0.2704,0.3184,1.0596,0.0681,0.3607,-0.2020,0.6237,-0.2106,0.0144,1,4.92,0.256,1.331,0.416,SHIFT,0.0143,0.0428,1.5703,-0.2962,-0.1921,-0.1574,0.5398,0.1939,0.1050,0,0.00,0.012,0.057,0.030,SWING,0.0226,-0.4105,1.4844,-0.3561,0.2152,-0.0620
16.710,1956,placemove,0.8830,-0.0180,0.2270,0.0154,-0.1870,0.0115,0.0208,-0.0046,0.0076,-0.0076,-0.0240,-0.0196,1.000,0.000,0.0140,0.0300,0.0154,-0.1870,0.0115,0.1125,0,1.1614,-0.2987,0.1648,1,1.85,0.358,0.292,0.015,SHIFT,-0.4011,-0.2213,1.5700,0.2588,-0.2856,-0.1079,1.0765,0.3140,0.1642,1,5.77,0.841,1.266,0.490,SHIFT,0.7334,-0.2430,1.5687,0.1822,0.3282,-0.1034,0.9414,-0.3536,0.0183,0,0.00,0.021,0.030,0.000,SHIFT,0.0659,0.3496,1.2173,0.0148,-0.3395,-0.2099,0.9818,0.3469,0.0466,0,0.00,0.011,0.036,0.001,SHIFT,-0.2687,0.3181,1.0605,0.0677,0.3607,-0.2020,0.6239,-0.2105,0.0144,1,4.97,0.399,1.310,0.400,SHIFT,0.0136,0.0432,1.5704,-0.2963,-0.1919,-0.1574,0.5516,0.1952,0.0903,0,0.00,0.006,0.058,0.025,SHIFT,0.0062,-0.3438,1.5031,-0.3475,0.2159,-0.0785
16.764,1960,placemove,0.8835,-0.0181,0.2271,0.0153,-0.1874,0.0111,0.0348,-0.0095,0.0068,-0.0111,-0.0292,-0.0252,1.000,0.000,0.0139,0.0297,0.0153,-0.1874,0.0111,0.1127,0,1.1613,-0.2992,0.1648,1,1.80,0.332,0.271,0.004,SHIFT,-0.4036,-0.2205,1.5702,0.2582,-0.2859,-0.1081,1.0765,0.3140,0.1642,1,5.91,0.807,1.284,0.479,SHIFT,0.7361,-0.2429,1.5686,0.1815,0.3285,-0.1034,0.9412,-0.3538,0.0184,0,0.00,0.019,0.030,0.000,SHIFT,0.0628,0.3497,1.2176,0.0141,-0.3395,-0.2100,0.9818,0.3468,0.0466,0,0.00,0.009,0.036,0.000,SHIFT,-0.2659,0.3177,1.0622,0.0669,0.3607,-0.2020,0.6242,-0.2102,0.0143,1,5.05,0.388,1.336,0.410,SHIFT,0.0120,0.0432,1.5704,-0.2964,-0.1916,-0.1574,0.5634,0.1948,0.0765,0,0.00,0.004,0.005,0.008,SHIFT,-0.0057,-0.2775,1.5177,-0.3391,0.2149,-0.0939
16.785,1964,placemove,0.8842,-0.0183,0.2272,0.0150,-0.1880,0.0106,0.0459,-0.0133,0.0064,-0.0130,-0.0317,-0.0282,1.000,0.000,0.0138,0.0293,0.0150,-0.1880,0.0106,0.1128,0,1.1611,-0.3000,0.1648,1,1.85,0.337,0.275,0.012,SHIFT,-0.4073,-0.2197,1.5703,0.2574,-0.2864,-0.1082,1.0765,0.3140,0.1642,1,5.91,0.806,1.278,0.473,SHIFT,0.7398,-0.2430,1.5684,0.1806,0.3288,-0.1034,0.9409,-0.3540,0.0184,0,0.00,0.019,0.030,0.001,SHIFT,0.0585,0.3496,1.2180,0.0132,-0.3395,-0.2099,0.9819,0.3465,0.0465,0,0.00,0.007,0.037,0.000,SHIFT,-0.2623,0.3173,1.0645,0.0660,0.3608,-0.2019,0.6246,-0.2099,0.0143,1,5.01,0.384,1.325,0.406,SHIFT,0.0098,0.0431,1.5705,-0.2967,-0.1911,-0.1574,0.5744,0.1933,0.0648,0,0.00,0.003,0.000,0.006,SHIFT,-0.0141,-0.2196,1.5292,-0.3315,0.2130,-0.1068
16.824,1968,placemove,0.8851,-0.0186,0.2273,0.0148,-0.1885,0.0101,0.0551,-0.0164,0.0062,-0.0141,-0.0327,-0.0280,1.000,0.000,0.0136,0.0289,0.0148,-0.1885,0.0101,0.1129,0,1.1609,-0.3011,0.1648,1,1.91,0.345,0.280,0.018,SHIFT,-0.4119,-0.2191,1.5704,0.2563,-0.2871,-0.1084,1.0765,0.3141,0.1642,1,5.88,0.794,1.262,0.456,SHIFT,0.7441,-0.2433,1.5683,0.1795,0.3292,-0.1033,0.9405,-0.3544,0.0185,0,0.00,0.018,0.030,0.001,SHIFT,0.0533,0.3494,1.2187,0.0120,-0.3395,-0.2099,0.9819,0.3462,0.0464,0,0.00,0.006,0.037,0.001,SHIFT,-0.2581,0.3167,1.0671,0.0649,0.3608,-0.2019,0.6251,-0.2095,0.0143,1,4.95,0.369,1.308,0.399,SHIFT,0.0071,0.0428,1.5705,-0.2970,-0.1906,-0.1574,0.5840,0.1912,0.0555,0,0.00,0.002,0.006,0.004,SHIFT,-0.0197,-0.1713,1.5382,-0.3250,0.2109,-0.1171
16.846,1972,placemove,0.8861,-0.0189,0.2274,0.0146,-0.1890,0.0097,0.0625,-0.0187,0.0064,-0.0157,-0.0340,-0.0256,1.000,0.000,0.0134,0.0285,0.0146,-0.1890,0.0097,0.1130,0,1.1606,-0.3024,0.1647,1,2.04,0.368,0.295,0.024,SHIFT,-0.4174,-0.2187,1.5705,0.2551,-0.2879,-0.1085,1.0765,0.3141,0.1643,1,5.83,0.764,1.238,0.430,SHIFT,0.7489,-0.2438,1.5683,0.1783,0.3296,-0.1032,0.9401,-0.3548,0.0184,0,0.00,0.016,0.030,0.001,SHIFT,0.0472,0.3491,1.2195,0.0106,-0.3395,-0.2099,0.9820,0.3457,0.0463,0,0.00,0.005,0.037,0.001,SHIFT,-0.2535,0.3162,1.0701,0.0637,0.3607,-0.2019,0.6257,-0.2092,0.0143,1,4.86,0.322,1.291,0.394,SHIFT,0.0039,0.0424,1.5706,-0.2975,-0.1900,-0.1573,0.5924,0.1890,0.0481,0,0.00,0.003,0.010,0.003,SHIFT,-0.0234,-0.1306,1.5453,-0.3194,0.2086,-0.1254
16.882,1976,placemove,0.8872,-0.0192,0.2275,0.0143,-0.1895,0.0093,0.0686,-0.0205,0.0081,-0.0165,-0.0282,-0.0235,1.000,0.000,0.0132,0.0280,0.0143,-0.1895,0.0093,0.1131,0,1.1603,-0.3037,0.1647,1,2.12,0.384,0.310,0.023,SHIFT,-0.4236,-0.2183,1.5706,0.2538,-0.2888,-0.1085,1.0765,0.3141,0.1643,1,5.61,0.775,1.198,0.434,SHIFT,0.7541,-0.2444,1.5683,0.1770,0.3301,-0.1031,0.9397,-0.3552,0.0185,0,0.00,0.016,0.030,0.002,SHIFT,0.0405,0.3487,1.2203,0.0091,-0.3396,-0.2098,0.9821,0.3453,0.0462,0,0.00,0.005,0.038,0.001,SHIFT,-0.2485,0.3157,1.0732,0.0624,0.3607,-0.2019,0.6263,-0.2088,0.0143,1,5.03,0.309,1.195,0.263,SHIFT,0.0003,0.0421,1.5698,-0.2980,-0.1894,-0.1572,0.5998,0.1866,0.0420,0,0.00,0.002,0.014,0.002,SHIFT,-0.0254,-0.0958,1.5508,-0.3146,0.2063,-0.1322
16.903,1980,placemove,0.8884,-0.0196,0.2277,0.0141,-0.1899,0.0089,0.0735,-0.0215,0.0101,-0.0190,-0.0227,-0.0208,1.000,0.000,0.0130,0.0276,0.0141,-0.1899,0.0089,0.1133,0,1.1600,-0.3052,0.1647,1,2.25,0.414,0.334,0.021,SHIFT,-0.4305,-0.2180,1.5707,0.2523,-0.2898,-0.1086,1.0765,0.3141,0.1643,1,5.53,0.746,1.169,0.405,SHIFT,0.7595,-0.2450,1.5682,0.1756,0.3306,-0.1030,0.9392,-0.3557,0.0185,0,0.00,0.014,0.030,0.002,SHIFT,0.0332,0.3482,1.2212,0.0075,-0.3396,-0.2097,0.9822,0.3448,0.0460,0,0.00,0.004,0.038,0.002,SHIFT,-0.2434,0.3152,1.0764,0.0610,0.3607,-0.2018,0.6267,-0.2086,0.0143,1,4.93,0.258,1.184,0.265,SHIFT,-0.0035,0.0417,1.5669,-0.2989,-0.1889,-0.1572,0.6064,0.1841,0.0370,0,0.00,0.003,0.016,0.001,SHIFT,-0.0263,-0.0657,1.5551,-0.3104,0.2040,-0.1380
16.944,1984,placemove,0.8897,-0.0200,0.2279,0.0138,-0.1901,0.0086,0.0782,-0.0225,0.0114,-0.0193,-0.0180,-0.0149,1.000,0.000,0.0127,0.0273,0.0138,-0.1901,0.0086,0.1135,0,1.1597,-0.3068,0.1646,1,3.91,0.719,0.578,0.034,SHIFT,-0.4378,-0.2177,1.5707,0.2507,-0.2909,-0.1087,1.0764,0.3141,0.1643,1,5.34,0.617,1.111,0.339,SHIFT,0.7651,-0.2456,1.5682,0.1742,0.3311,-0.1028,0.9387,-0.3562,0.0185,0,0.00,0.021,0.048,0.001,SHIFT,0.0254,0.3476,1.2220,0.0057,-0.3396,-0.2096,0.9822,0.3443,0.0458,0,0.00,0.001,0.032,0.002,SHIFT,-0.2380,0.3147,1.0797,0.0596,0.3606,-0.2018,0.6268,-0.2085,0.0143,1,5.09,0.093,1.217,0.247,SHIFT,-0.0076,0.0413,1.5623,-0.3000,-0.1885,-0.1571,0.6124,0.1817,0.0327,0,0.00,0.005,0.001,0.003,SHIFT,-0.0263,-0.0391,1.5585,-0.3068,0.2018,-0.1430
16.966,1988,placemove,0.8910,-0.0203,0.2281,0.0135,-0.1904,0.0084,0.0830,-0.0192,0.0135,-0.0193,-0.0190,-0.0121,1.000,0.000,0.0125,0.0270,0.0135,-0.1904,0.0084,0.1137,0,1.1593,-0.3084,0.1646,1,2.47,0.458,0.370,0.022,SHIFT,-0.4456,-0.2174,1.5707,0.2490,-0.2920,-0.1087,1.0764,0.3141,0.1643,1,4.81,0.369,0.798,0.028,SHIFT,0.7709,-0.2463,1.5685,0.1727,0.3315,-0.1027,0.9382,-0.3567,0.0186,0,0.00,0.009,0.029,0.002,SHIFT,0.0173,0.3470,1.2228,0.0039,-0.3397,-0.2095,0.9823,0.3438,0.0457,0,0.00,0.004,0.038,0.001,SHIFT,-0.2326,0.3143,1.0829,0.0582,0.3605,-0.2018,0.6269,-0.2085,0.0143,1,5.42,0.028,0.757,0.171,SHIFT,-0.0119,0.0408,1.5562,-0.3013,-0.1881,-0.1571,0.6176,0.1794,0.0290,0,0.00,0.006,0.020,0.004,SHIFT,-0.0256,-0.0153,1.5584,-0.3040,0.1998,-0.1473
17.010,1992,placemove,0.8925,-0.0206,0.2283,0.0131,-0.1907,0.0083,0.0888,-0.0163,0.0147,-0.0183,-0.0182,-0.0032,1.000,0.000,0.0122,0.0267,0.0131,-0.1907,0.0083,0.1139,0,1.1590,-0.3100,0.1646,1,2.51,0.454,0.373,0.030,SHIFT,-0.4538,-0.2172,1.5707,0.2472,-0.2932,-0.1088,1.0764,0.3141,0.1643,1,4.30,0.160,0.589,0.238,SHIFT,0.7768,-0.2469,1.5690,0.1712,0.3319,-0.1026,0.9378,-0.3572,0.0187,0,0.00,0.009,0.028,0.002,SHIFT,0.0088,0.3463,1.2236,0.0020,-0.3397,-0.2094,0.9825,0.3433,0.0456,0,0.00,0.004,0.038,0.001,SHIFT,-0.2270,0.3139,1.0861,0.0567,0.3605,-0.2018,0.6270,-0.2084,0.0143,1,5.75,0.170,0.479,0.454,SHIFT,-0.0164,0.0405,1.5496,-0.3028,-0.1877,-0.1571,0.6219,0.1777,0.0257,0,0.00,0.008,0.019,0.011,SHIFT,-0.0244,0.0063,1.5527,-0.3021,0.1984,-0.1511
17.031,1996,placemove,0.8941,-0.0209,0.2285,0.0134,-0.1904,0.0085,0.1083,-0.0289,0.0011,0.0904,0.1073,0.0409,1.000,0.000,0.0119,0.0264,0.0134,-0.1904,0.0085,0.1140,0,1.1589,-0.3116,0.1648,1,0.00,0.012,0.003,0.001,SWING,-0.4616,-0.2205,1.5707,0.2457,-0.2947,-0.1081,1.0764,0.3143,0.1643,1,4.32,0.238,0.588,0.233,STANCE,0.7827,-0.2474,1.5694,0.1697,0.3323,-0.1025,0.9375,-0.3575,0.0186,0,0.00,0.012,0.011,0.003,STANCE,0.0002,0.3455,1.2243,0.0000,-0.3398,-0.2093,0.9826,0.3429,0.0455,0,0.00,0.013,0.043,0.001,STANCE,-0.2216,0.3136,1.0892,0.0553,0.3604,-0.2019,0.6271,-0.2084,0.0143,1,6.48,0.332,0.241,0.732,STANCE,-0.0209,0.0401,1.5424,-0.3043,-0.1873,-0.1570,0.6253,0.1762,0.0226,0,0.00,0.002,0.036,0.016,STANCE,-0.0229,0.0262,1.5428,-0.3010,0.1972,-0.1546
17.073,2000,placemove,0.8964,-0.0217,0.2282,0.0174,-0.1859,0.0094,0.1568,-0.0585,-0.0309,0.3239,0.3800,0.1285,1.000,0.000,0.0127,0.0273,0.0174,-0.1859,0.0094,0.1113,0,1.1608,-0.3162,0.1708,1,0.00,0.012,0.091,0.001,SWING,-0.4670,-0.2675,1.5708,0.2472,-0.2995,-0.0984,1.0765,0.3144,0.1643,1,4.34,0.246,0.589,0.235,STANCE,0.7881,-0.2479,1.5696,0.1683,0.3327,-0.1024,0.9375,-0.3575,0.0169,0,0.00,0.012,0.013,0.002,STANCE,-0.0080,0.3450,1.2248,-0.0018,-0.3398,-0.2092,0.9822,0.3429,0.0459,0,0.00,0.019,0.041,0.001,STANCE,-0.2165,0.3132,1.0922,0.0540,0.3603,-0.2019,0.6272,-0.2084,0.0143,1,6.53,0.321,0.241,0.730,STANCE,-0.0253,0.0398,1.5354,-0.3057,-0.1869,-0.1570,0.6277,0.1751,0.0211,0,0.00,0.007,0.033,0.019,STANCE,-0.0214,0.0445,1.5303,-0.3003,0.1964,-0.1578
17.111,2004,placemove,0.8987,-0.0225,0.2275,0.0193,-0.1815,0.0105,0.1078,-0.0255,-0.0318,-0.1622,0.0265,0.0220,1.000,0.000,0.0153,0.0304,0.0193,-0.1815,0.0105,0.1625,0,1.1636,-0.3224,0.1821,0,0.00,0.015,0.160,0.001,SWING,-0.4702,-0.3342,1.5708,0.2498,-0.3051,-0.0843,1.0768,0.3149,0.1646,1,4.42,0.305,0.749,0.082,STANCE,0.7926,-0.2545,1.5699,0.1673,0.3336,-0.1011,0.9377,-0.3576,0.0146,1,6.19,0.233,0.349,0.514,STANCE,-0.0156,0.3454,1.2251,-0.0035,-0.3397,-0.2093,0.9819,0.3427,0.0457,0,0.00,0.007,0.035,0.001,STANCE,-0.2119,0.3121,1.0952,0.0528,0.3604,-0.2017,0.6273,-0.2088,0.0156,1,0.00,0.022,0.015,0.012,STANCE,-0.0294,0.0300,1.5385,-0.3071,-0.1866,-0.1552,0.6297,0.1739,0.0196,0,0.00,0.006,0.010,0.019,STANCE,-0.0204,0.0605,1.5174,-0.2999,0.1959,-0.1606
17.161,2008,placemove,0.9005,-0.0229,0.2253,0.0209,-0.1850,0.0114,0.1023,-0.0289,-0.1941,0.2030,-0.2645,0.1144,1.000,0.000,0.0167,0.0306,0.0209,-0.1850,0.0114,0.0604,0,1.1655,-0.3275,0.1950,0,0.00,0.006,0.039,0.015,SWING,-0.4726,-0.3993,1.5708,0.2519,-0.3097,-0.0702,1.0774,0.3156,0.1649,1,1.65,0.070,0.231,0.057,STANCE,0.7962,-0.2616,1.5701,0.1665,0.3346,-0.0996,0.9382,-0.3582,0.0174,0,0.00,0.006,0.009,0.076,STANCE,-0.0213,0.3107,1.2706,-0.0048,-0.3400,-0.2035,0.9828,0.3426,0.0447,0,0.00,0.003,0.051,0.010,STANCE,-0.2081,0.3081,1.1013,0.0518,0.3604,-0.2011,0.6236,-0.2114,0.0192,0,0.00,0.004,0.006,0.021,STANCE,-0.0323,-0.0153,1.5455,-0.3126,-0.1887,-0.1472,0.6325,0.1730,0.0151,0,0.00,0.003,0.003,0.009,STANCE,-0.0198,0.0725,1.5069,-0.2996,0.1956,-0.1627
17.192,2012,placemove,0.9027,-0.0239,0.2223,0.0307,-0.1730,0.0122,0.1487,-0.0524,-0.1026,0.2434,0.5355,0.1647,1.000,0.000,0.0204,0.0226,0.0307,-0.1730,0.0122,0.1328,0,1.1676,-0.3316,0.2006,0,0.00,0.035,0.275,0.028,SWING,-0.4731,-0.4652,1.5708,0.2541,-0.3132,-0.0555,1.0772,0.3165,0.1646,1,15.71,0.669,2.146,0.790,STANCE,0.7988,-0.2696,1.5702,0.1661,0.3355,-0.0979,0.9374,-0.3571,0.0144,0,19.36,1.703,2.940,0.019,STANCE,-0.0247,0.2881,1.3009,-0.0056,-0.3400,-0.1997,0.9814,0.3437,0.0445,0,0.00,0.042,0.203,0.013,STANCE,-0.2058,0.3050,1.1051,0.0513,0.3606,-0.2006,0.6197,-0.2124,0.0218,0,0.00,0.082,0.009,0.031,STANCE,-0.0349,-0.0433,1.5510,-0.3157,-0.1897,-0.1421,0.6328,0.1734,0.0143,1,9.90,0.631,2.509,0.632,STANCE,-0.0201,0.0853,1.4959,-0.2992,0.1954,-0.1649
17.232,2016,placemove,0.9051,-0.0249,0.2201,0.0357,-0.1680,0.0136,0.1374,-0.0681,-0.1942,0.4327,0.1629,0.1350,1.000,0.000,0.0253,0.0311,0.0357,-0.1680,0.0136,0.1545,0,1.1712,-0.3343,0.2109,0,0.00,0.010,0.094,0.004,SWING,-0.4665,-0.5319,1.5708,0.2574,-0.3149,-0.0405,1.0775,0.3170,0.1646,1,1.52,0.023,0.189,0.074,STANCE,0.8024,-0.2772,1.5704,0.1653,0.3364,-0.0964,0.9375,-0.3574,0.0156,1,0.00,0.005,0.006,0.076,STANCE,-0.0293,0.2558,1.3429,-0.0066,-0.3400,-0.1942,0.9811,0.3440,0.0443,0,0.00,0.002,0.046,0.001,STANCE,-0.2022,0.3005,1.1101,0.0504,0.3610,-0.1999,0.6185,-0.2136,0.0238,0,0.00,0.002,0.017,0.013,STANCE,-0.0382,-0.0624,1.5552,-0.3179,-0.1899,-0.1386,0.6330,0.1728,0.0162,1,0.00,0.001,0.018,0.027,STANCE,-0.0200,0.0731,1.5067,-0.2996,0.1956,-0.1628
17.278,2020,placemove,0.9067,-0.0261,0.2166,0.0417,-0.1691,0.0136,0.0567,-0.0744,-0.2094,0.2730,-0.1986,0.0197,1.000,0.000,0.0308,0.0336,0.0417,-0.1691,0.0136,0.1268,0,1.1757,-0.3348,0.2172,0,0.00,0.029,0.078,0.000,SWING,-0.4518,-0.5759,1.5708,0.2618,-0.3138,-0.0305,1.0776,0.3172,0.1646,1,5.37,0.393,0.968,0.059,STANCE,0.8066,-0.2839,1.5705,0.1644,0.3373,-0.0950,0.9378,-0.3573,0.0149,1,6.36,0.360,0.637,0.312,STANCE,-0.0345,0.2270,1.3813,-0.0078,-0.3398,-0.1893,0.9811,0.3444,0.0439,0,0.00,0.015,0.032,0.011,STANCE,-0.1975,0.2939,1.1171,0.0493,0.3615,-0.1988,0.6185,-0.2140,0.0214,0,0.00,0.027,0.042,0.004,STANCE,-0.0418,-0.0768,1.5586,-0.3196,-0.1898,-0.1360,0.6333,0.1726,0.0169,0,0.00,0.001,0.039,0.020,STANCE,-0.0196,0.0547,1.5206,-0.3004,0.1960,-0.1596
17.313,2024,placemove,0.9072,-0.0273,0.2123,0.0461,-0.1740,0.0128,0.0074,-0.0631,-0.2791,0.2364,-0.3623,-0.0213,1.000,0.000,0.0357,0.0159,0.0461,-0.1740,0.0128,0.1227,0,1.1803,-0.3336,0.2205,0,0.00,0.005,0.082,0.003,SWING,-0.4312,-0.6041,1.5708,0.2671,-0.3111,-0.0241,1.0776,0.3171,0.1646,1,4.56,0.207,0.767,0.115,STANCE,0.8090,-0.2932,1.5705,0.1639,0.3383,-0.0930,0.9378,-0.3578,0.0148,1,7.02,0.148,0.281,0.671,STANCE,-0.0365,0.1943,1.4214,-0.0082,-0.3398,-0.1836,0.9814,0.3445,0.0450,0,0.00,0.008,0.047,0.039,STANCE,-0.1956,0.2723,1.1418,0.0490,0.3622,-0.1952,0.6176,-0.2147,0.0177,0,0.00,0.022,0.030,0.006,STANCE,-0.0443,-0.0924,1.5612,-0.3214,-0.1901,-0.1331,0.6328,0.1732,0.0160,0,0.00,0.009,0.026,0.018,STANCE,-0.0206,0.0334,1.5314,-0.3017,0.1971,-0.1558
17.345,2028,placemove,0.9077,-0.0285,0.2082,0.0509,-0.1710,0.0125,0.0748,-0.0811,-0.1939,0.3523,0.7221,0.0809,1.000,0.000,0.0401,-0.0087,0.0509,-0.1710,0.0125,0.1557,0,1.1846,-0.3321,0.2249,0,0.00,0.054,0.130,0.006,SWING,-0.4097,-0.6499,1.5708,0.2727,-0.3081,-0.0135,1.0776,0.3173,0.1645,1,5.15,0.091,0.803,0.200,STANCE,0.8089,-0.3068,1.5706,0.1642,0.3395,-0.0901,0.9374,-0.3595,0.0148,1,2.04,0.248,0.114,0.068,STANCE,-0.0345,0.1604,1.4537,-0.0078,-0.3411,-0.1778,0.9814,0.3446,0.0474,0,0.00,0.024,0.072,0.048,STANCE,-0.1980,0.2417,1.1756,0.0497,0.3629,-0.1901,0.6167,-0.2152,0.0146,1,7.54,0.118,0.324,0.881,STANCE,-0.0455,-0.1016,1.5647,-0.3222,-0.1901,-0.1314,0.6316,0.1739,0.0158,1,0.00,0.009,0.049,0.018,STANCE,-0.0237,0.0162,1.5401,-0.3025,0.1984,-0.1528
17.387,2032,placemove,0.9092,-0.0296,0.2050,0.0566,-0.1608,0.0134,0.0926,-0.0479,-0.1773,0.2746,0.5197,0.1052,1.000,0.000,0.0448,-0.0066,0.0566,-0.1608,0.0134,0.1404,0,1.1890,-0.3308,0.2321,0,0.00,0.027,0.102,0.000,SWING,-0.3913,-0.7104,1.5708,0.2772,-0.3052,0.0004,1.0779,0.3177,0.1645,1,4.96,0.206,0.857,0.106,STANCE,0.8081,-0.3209,1.5706,0.1647,0.3406,-0.0871,0.9371,-0.3616,0.0148,1,5.19,0.017,0.115,0.558,STANCE,-0.0318,0.1289,1.4791,-0.0073,-0.3429,-0.1724,0.9806,0.3449,0.0502,0,0.00,0.018,0.066,0.038,STANCE,-0.2010,0.2145,1.2041,0.0507,0.3636,-0.1855,0.6155,-0.2160,0.0145,1,5.13,0.270,0.226,0.595,STANCE,-0.0465,-0.1090,1.5660,-0.3230,-0.1903,-0.1300,0.6292,0.1747,0.0196,0,0.00,0.033,0.043,0.013,STANCE,-0.0271,-0.0012,1.5468,-0.3035,0.2000,-0.1497
17.408,2036,placemove,0.9105,-0.0301,0.2024,0.0602,-0.1557,0.0139,0.0718,-0.0187,-0.1380,0.1780,0.1742,0.0417,1.000,0.000,0.0494,0.0119,0.0602,-0.1557,0.0139,0.1378,0,1.1939,-0.3284,0.2319,0,0.00,0.012,0.059,0.009,SWING,-0.3749,-0.7227,1.5708,0.2809,-0.3023,0.0033,1.0784,0.3183,0.1645,1,5.43,0.204,0.913,0.150,STANCE,0.8089,-0.3310,1.5707,0.1647,0.3415,-0.0850,0.9373,-0.3626,0.0147,1,5.28,0.201,0.295,0.491,STANCE,-0.0315,0.1062,1.4989,-0.0072,-0.3438,-0.1685,0.9802,0.3454,0.0525,0,0.00,0.004,0.062,0.031,STANCE,-0.2010,0.1920,1.2274,0.0508,0.3643,-0.1817,0.6146,-0.2165,0.0145,1,4.11,0.085,0.127,0.518,STANCE,-0.0482,-0.1191,1.5671,-0.3242,-0.1904,-0.1281,0.6276,0.1756,0.0222,0,0.00,0.017,0.053,0.009,STANCE,-0.0292,-0.0184,1.5520,-0.3047,0.2013,-0.1467
17.445,2040,placemove,0.9115,-0.0302,0.2004,0.0625,-0.1558,0.0137,0.0485,-0.0054,-0.1066,0.1150,-0.0828,-0.0102,1.000,0.000,0.0529,0.0294,0.0625,-0.1558,0.0137,0.1359,0,1.1996,-0.3253,0.2202,0,0.00,0.021,0.047,0.004,SWING,-0.3607,-0.6739,1.5708,0.2840,-0.2996,-0.0080,1.0786,0.3187,0.1644,1,5.31,0.014,0.868,0.186,STANCE,0.8115,-0.3367,1.5707,0.1642,0.3421,-0.0838,0.9374,-0.3630,0.0147,1,5.79,0.057,0.237,0.622,STANCE,-0.0337,0.0899,1.5145,-0.0077,-0.3441,-0.1656,0.9800,0.3460,0.0544,0,0.00,0.002,0.056,0.025,STANCE,-0.1979,0.1738,1.2464,0.0501,0.3649,-0.1786,0.6134,-0.2168,0.0145,1,3.24,0.151,0.105,0.393,STANCE,-0.0504,-0.1335,1.5679,-0.3260,-0.1907,-0.1253,0.6263,0.1768,0.0239,0,0.00,0.013,0.055,0.008,STANCE,-0.0296,-0.0370,1.5560,-0.3065,0.2025,-0.1433
17.467,2044,placemove,0.9122,-0.0303,0.1989,0.0639,-0.1585,0.0130,0.0362,-0.0091,-0.0827,0.0669,-0.1961,-0.0347,1.000,0.000,0.0554,0.0394,0.0639,-0.1585,0.0130,0.1344,0,1.2045,-0.3216,0.2042,0,0.00,0.016,0.062,0.004,SWING,-0.3492,-0.6072,1.5708,0.2859,-0.2966,-0.0233,1.0786,0.3190,0.1644,1,5.46,0.019,0.912,0.175,SHIFT,0.8148,-0.3399,1.5707,0.1633,0.3426,-0.0831,0.9374,-0.3631,0.0146,1,5.13,0.011,0.432,0.360,SHIFT,-0.0371,0.0782,1.5268,-0.0085,-0.3442,-0.1636,0.9798,0.3465,0.0560,0,0.00,0.005,0.050,0.021,SHIFT,-0.1933,0.1589,1.2619,0.0490,0.3655,-0.1760,0.6122,-0.2170,0.0145,1,3.49,0.078,0.128,0.418,SHIFT,-0.0527,-0.1490,1.5685,-0.3278,-0.1910,-0.1223,0.6253,0.1778,0.0248,0,0.00,0.007,0.052,0.007,SHIFT,-0.0291,-0.0539,1.5592,-0.3081,0.2034,-0.1402
17.505,2048,placemove,0.9130,-0.0305,0.1977,0.0647,-0.1623,0.0122,0.0534,-0.0103,-0.0632,0.0337,-0.2235,-0.0442,1.000,0.000,0.0571,0.0441,0.0647,-0.1623,0.0122,0.1332,0,1.2085,-0.3184,0.1896,0,0.00,0.016,0.069,0.012,SHIFT,-0.3408,-0.5406,1.5640,0.2870,-0.2942,-0.0380,1.0786,0.3192,0.1644,1,5.20,0.083,0.855,0.181,SHIFT,0.8191,-0.3420,1.5707,0.1622,0.3430,-0.0826,0.9373,-0.3631,0.0146,1,4.73,0.037,0.333,0.392,SHIFT,-0.0417,0.0696,1.5366,-0.0096,-0.3441,-0.1621,0.9796,0.3467,0.0573,0,0.00,0.012,0.048,0.017,SHIFT,-0.1876,0.1466,1.2748,0.0476,0.3660,-0.1739,0.6113,-0.2172,0.0145,1,3.81,0.114,0.158,0.449,SHIFT,-0.0552,-0.1631,1.5690,-0.3296,-0.1912,-0.1195,0.6250,0.1783,0.0249,0,0.00,0.013,0.052,0.005,SHIFT,-0.0279,-0.0671,1.5617,-0.3095,0.2039,-0.1378
17.527,2052,placemove,0.9140,-0.0307,0.1968,0.0650,-0.1659,0.0115,0.0673,-0.0108,-0.0481,0.0140,-0.1992,-0.0401,1.000,0.000,0.0580,0.0455,0.0650,-0.1659,0.0115,0.1323,0,1.2114,-0.3150,0.1752,0,0.00,0.013,0.069,0.007,SHIFT,-0.3355,-0.4739,1.5603,0.2865,-0.2913,-0.0529,1.0785,0.3193,0.1644,1,5.18,0.129,0.849,0.183,SHIFT,0.8244,-0.3438,1.5707,0.1608,0.3435,-0.0822,0.9373,-0.3631,0.0145,1,4.81,0.066,0.246,0.501,SHIFT,-0.0476,0.0632,1.5443,-0.0109,-0.3439,-0.1609,0.9795,0.3469,0.0583,0,0.00,0.009,0.047,0.014,SHIFT,-0.1811,0.1364,1.2858,0.0460,0.3664,-0.1721,0.6109,-0.2173,0.0145,1,3.50,0.271,0.172,0.384,SHIFT,-0.0582,-0.1750,1.5693,-0.3311,-0.1911,-0.1172,0.6255,0.1784,0.0245,0,0.00,0.011,0.049,0.003,SHIFT,-0.0260,-0.0757,1.5637,-0.3105,0.2040,-0.1363
17.572,2056,placemove,0.9150,-0.0309,0.1964,0.0625,-0.1717,0.0099,0.0266,-0.0170,0.0480,-0.5426,-0.7914,-0.3168,1.000,0.000,0.0584,0.0450,0.0625,-0.1717,0.0099,0.1067,0,1.2129,-0.3120,0.1643,1,10.50,0.524,2.940,1.908,SHIFT,-0.3326,-0.4230,1.5594,0.2852,-0.2886,-0.0642,1.0787,0.3193,0.1643,1,7.99,0.872,1.906,0.616,SHIFT,0.8302,-0.3456,1.5707,0.1593,0.3440,-0.0819,0.9371,-0.3636,0.0152,1,0.00,0.029,0.192,0.001,SHIFT,-0.0543,0.0581,1.5500,-0.0124,-0.3438,-0.1601,0.9799,0.3466,0.0588,0,0.00,0.032,0.015,0.024,SHIFT,-0.1745,0.1280,1.2952,0.0444,0.3667,-0.1707,0.6109,-0.2172,0.0145,1,9.18,1.297,1.803,0.219,SHIFT,-0.0613,-0.1842,1.5695,-0.3324,-0.1908,-0.1154,0.6269,0.1781,0.0231,0,0.00,0.011,0.092,0.023,SHIFT,-0.0238,-0.0796,1.5652,-0.3111,0.2037,-0.1355
17.596,2060,placemove,0.9150,-0.0310,0.1985,0.0453,-0.1924,0.0065,-0.0181,0.0076,0.1369,-0.9423,-1.2080,-0.3350,1.000,0.000,0.0537,0.0388,0.0453,-0.1924,0.0065,0.0843,0,1.2117,-0.3106,0.1641,1,6.08,0.282,1.657,1.065,SHIFT,-0.3318,-0.3645,1.5612,0.2826,-0.2851,-0.0772,1.0801,0.3180,0.1640,1,5.26,0.685,1.292,0.456,SHIFT,0.8359,-0.3471,1.5707,0.1578,0.3445,-0.0815,0.9369,-0.3667,0.0233,0,0.00,0.019,0.077,0.006,SHIFT,-0.0610,0.0536,1.5545,-0.0140,-0.3437,-0.1593,0.9835,0.3440,0.0568,0,0.00,0.004,0.027,0.011,SHIFT,-0.1685,0.1221,1.3027,0.0428,0.3669,-0.1697,0.6122,-0.2179,0.0144,1,5.80,0.794,1.150,0.146,SHIFT,-0.0645,-0.1906,1.5698,-0.3334,-0.1904,-0.1141,0.6319,0.1763,0.0158,0,0.00,0.005,0.003,0.007,SHIFT,-0.0215,-0.0779,1.5664,-0.3110,0.2030,-0.1359
17.631,2064,placemove,0.9150,-0.0308,0.2016,0.0381,-0.1957,0.0048,0.0031,0.0189,0.2158,-0.4006,-0.1076,-0.1438,1.000,0.000,0.0450,0.0293,0.0381,-0.1957,0.0048,0.1114,0,1.2100,-0.3091,0.1628,1,10.45,0.796,2.940,1.789,SHIFT,-0.3327,-0.3316,1.5633,0.2804,-0.2830,-0.0845,1.0801,0.3176,0.1649,1,0.00,0.024,0.040,0.005,SHIFT,0.8407,-0.3469,1.5708,0.1565,0.3447,-0.0816,0.9350,-0.3681,0.0296,0,0.00,0.036,0.078,0.005,SHIFT,-0.0674,0.0495,1.5580,-0.0154,-0.3438,-0.1586,0.9843,0.3426,0.0572,0,0.00,0.032,0.035,0.005,SHIFT,-0.1642,0.1205,1.3071,0.0417,0.3667,-0.1695,0.6117,-0.2177,0.0178,1,0.00,0.010,0.048,0.003,SHIFT,-0.0671,-0.1938,1.5700,-0.3340,-0.1899,-0.1135,0.6337,0.1754,0.0147,1,9.39,0.665,2.590,0.951,SHIFT,-0.0192,-0.0729,1.5637,-0.3111,0.2023,-0.1368
17.656,2068,placemove,0.9152,-0.0304,0.2055,0.0311,-0.1971,0.0039,0.0180,0.0316,0.2298,-0.4072,-0.0573,-0.1301,1.000,0.000,0.0374,0.0241,0.0311,-0.1971,0.0039,0.0912,0,1.2085,-0.3078,0.1623,1,0.00,0.014,0.095,0.012,SHIFT,-0.3358,-0.3018,1.5649,0.2779,-0.2814,-0.0909,1.0800,0.3175,0.1659,1,0.00,0.011,0.009,0.002,SHIFT,0.8454,-0.3450,1.5708,0.1552,0.3448,-0.0820,0.9330,-0.3689,0.0361,0,0.00,0.026,0.020,0.008,SHIFT,-0.0745,0.0459,1.5608,-0.0171,-0.3438,-0.1579,0.9846,0.3414,0.0580,0,0.00,0.002,0.027,0.002,SHIFT,-0.1605,0.1222,1.3093,0.0407,0.3662,-0.1699,0.6115,-0.2173,0.0224,0,0.00,0.022,0.031,0.005,SHIFT,-0.0699,-0.1933,1.5702,-0.3343,-0.1892,-0.1136,0.6352,0.1744,0.0146,1,1.28,0.124,0.296,0.099,SHIFT,-0.0165,-0.0611,1.5563,-0.3110,0.2015,-0.1389
17.701,2072,placemove,0.9156,-0.0297,0.2091,0.0247,-0.1977,0.0035,0.0318,0.0452,0.1844,-0.3023,0.0439,-0.0841,1.000,0.000,0.0305,0.0212,0.0247,-0.1977,0.0035,0.1206,0,1.2069,-0.3069,0.1625,1,0.00,0.013,0.059,0.006,SHIFT,-0.3411,-0.2788,1.5662,0.2753,-0.2806,-0.0959,1.0797,0.3176,0.1666,0,0.00,0.010,0.006,0.002,SHIFT,0.8507,-0.3415,1.5708,0.1537,0.3448,-0.0827,0.9310,-0.3694,0.0421,0,0.00,0.022,0.016,0.006,SHIFT,-0.0830,0.0429,1.5630,-0.0190,-0.3438,-0.1574,0.9848,0.3403,0.0584,0,0.00,0.000,0.020,0.004,SHIFT,-0.1564,0.1264,1.3100,0.0395,0.3656,-0.1707,0.6118,-0.2164,0.0265,0,0.00,0.018,0.021,0.004,SHIFT,-0.0732,-0.1899,1.5703,-0.3343,-0.1883,-0.1143,0.6363,0.1736,0.0145,1,0.97,0.104,0.221,0.061,SHIFT,-0.0132,-0.0487,1.5452,-0.3113,0.2008,-0.1411
17.722,2076,placemove,0.9163,-0.0288,0.2119,0.0206,-0.1971,0.0036,0.0480,0.0627,0.1411,-0.1788,0.0901,-0.0203,1.000,0.000,0.0246,0.0201,0.0206,-0.1971,0.0036,0.1234,0,1.2056,-0.3063,0.1626,1,0.00,0.014,0.055,0.007,SHIFT,-0.3481,-0.2636,1.5671,0.2728,-0.2806,-0.0991,1.0793,0.3181,0.1666,0,0.00,0.009,0.006,0.003,SHIFT,0.8565,-0.3368,1.5708,0.1521,0.3448,-0.0837,0.9290,-0.3692,0.0464,0,0.00,0.023,0.017,0.005,SHIFT,-0.0929,0.0408,1.5647,-0.0213,-0.3437,-0.1570,0.9847,0.3398,0.0583,0,0.00,0.002,0.019,0.005,SHIFT,-0.1518,0.1323,1.3096,0.0382,0.3648,-0.1718,0.6125,-0.2149,0.0294,0,0.00,0.019,0.022,0.005,SHIFT,-0.0769,-0.1846,1.5704,-0.3341,-0.1872,-0.1153,0.6367,0.1733,0.0145,1,1.04,0.102,0.236,0.060,SHIFT,-0.0094,-0.0368,1.5316,-0.3121,0.2001,-0.1431
17.761,2080,placemove,0.9174,-0.0277,0.2142,0.0178,-0.1961,0.0045,0.0799,0.0649,0.1234,-0.1454,0.0650,0.0373,1.000,0.000,0.0202,0.0202,0.0178,-0.1961,0.0045,0.1256,0,1.2046,-0.3058,0.1627,1,4.92,0.579,1.322,0.757,SHIFT,-0.3565,-0.2538,1.5679,0.2704,-0.2812,-0.1011,1.0786,0.3190,0.1662,0,0.00,0.015,0.023,0.004,SHIFT,0.8631,-0.3313,1.5708,0.1502,0.3446,-0.0849,0.9275,-0.3683,0.0494,0,0.00,0.023,0.027,0.003,SHIFT,-0.1040,0.0398,1.5660,-0.0238,-0.3434,-0.1569,0.9843,0.3397,0.0580,0,0.00,0.014,0.024,0.004,SHIFT,-0.1465,0.1389,1.3086,0.0368,0.3641,-0.1731,0.6136,-0.2131,0.0313,0,0.00,0.014,0.026,0.004,SHIFT,-0.0810,-0.1780,1.5680,-0.3342,-0.1860,-0.1166,0.6368,0.1733,0.0145,1,5.81,0.463,1.110,0.089,SHIFT,-0.0053,-0.0261,1.5162,-0.3133,0.1997,-0.1449
17.782,2084,placemove,0.9191,-0.0266,0.2160,0.0156,-0.1947,0.0058,0.1142,0.0619,0.0977,-0.1348,0.0984,0.0588,1.000,0.000,0.0170,0.0209,0.0156,-0.1947,0.0058,0.1273,0,1.2043,-0.3056,0.1629,1,4.86,0.557,1.307,0.746,SHIFT,-0.3660,-0.2474,1.5685,0.2680,-0.2822,-0.1025,1.0781,0.3200,0.1655,0,0.00,0.016,0.019,0.003,SHIFT,0.8703,-0.3257,1.5708,0.1482,0.3445,-0.0861,0.9265,-0.3671,0.0514,0,0.00,0.019,0.030,0.002,SHIFT,-0.1161,0.0403,1.5670,-0.0266,-0.3428,-0.1570,0.9840,0.3397,0.0574,0,0.00,0.015,0.020,0.004,SHIFT,-0.1404,0.1456,1.3075,0.0351,0.3633,-0.1744,0.6147,-0.2117,0.0326,0,0.00,0.010,0.027,0.013,SHIFT,-0.0857,-0.1704,1.5597,-0.3350,-0.1851,-0.1179,0.6369,0.1733,0.0144,1,5.71,0.457,1.095,0.086,SHIFT,-0.0011,-0.0168,1.5000,-0.3147,0.1993,-0.1465
17.834,2088,placemove,0.9210,-0.0257,0.2174,0.0139,-0.1934,0.0072,0.1127,0.0558,0.0783,-0.1108,0.0899,0.0732,1.000,0.000,0.0147,0.0220,0.0139,-0.1934,0.0072,0.1032,0,1.2044,-0.3056,0.1632,1,4.51,0.213,0.725,0.155,STANCE,-0.3759,-0.2432,1.5689,0.2656,-0.2835,-0.1034,1.0778,0.3211,0.1651,1,0.00,0.010,0.009,0.001,SWING,0.8775,-0.3234,1.5708,0.1462,0.3447,-0.0866,0.9259,-0.3658,0.0526,0,0.00,0.001,0.037,0.001,STANCE,-0.1286,0.0424,1.5667,-0.0294,-0.3422,-0.1573,0.9839,0.3398,0.0567,0,0.00,0.009,0.015,0.003,STANCE,-0.1337,0.1520,1.3064,0.0333,0.3626,-0.1755,0.6156,-0.2106,0.0332,0,0.00,0.009,0.035,0.020,STANCE,-0.0905,-0.1620,1.5473,-0.3363,-0.1843,-0.1192,0.6370,0.1733,0.0144,1,6.30,0.258,0.547,0.488,STANCE,0.0032,-0.0090,1.4842,-0.3163,0.1990,-0.1477
17.863,2092,placemove,0.9231,-0.0245,0.2185,0.0104,-0.1905,0.0086,0.1335,0.0771,0.0527,-0.2784,0.2352,0.0166,1.000,0.000,0.0126,0.0235,0.0104,-0.1905,0.0086,0.1297,0,1.2045,-0.3057,0.1633,1,4.59,0.216,0.707,0.188,STANCE,-0.3852,-0.2402,1.5692,0.2634,-0.2847,-0.1040,1.0772,0.3250,0.1716,0,0.00,0.009,0.058,0.007,SWING,0.8822,-0.3639,1.5708,0.1455,0.3482,-0.0779,0.9253,-0.3647,0.0537,0,0.00,0.012,0.028,0.004,STANCE,-0.1401,0.0460,1.5636,-0.0320,-0.3418,-0.1579,0.9838,0.3398,0.0551,0,0.00,0.006,0.026,0.004,STANCE,-0.1277,0.1579,1.3052,0.0317,0.3619,-0.1766,0.6162,-0.2096,0.0341,0,0.00,0.004,0.027,0.020,STANCE,-0.0949,-0.1532,1.5335,-0.3377,-0.1836,-0.1206,0.6371,0.1733,0.0144,1,6.77,0.207,0.496,0.593,STANCE,0.0071,-0.0028,1.4704,-0.3178,0.1987,-0.1487
17.903,2096,placemove,0.9254,-0.0232,0.2192,0.0051,-0.1860,0.0096,0.1418,0.0838,0.0361,-0.3427,0.2985,-0.0134,1.000,0.000,0.0095,0.0260,0.0051,-0.1860,0.0096,0.1303,0,1.2047,-0.3059,0.1635,1,4.61,0.152,0.703,0.199,STANCE,-0.3938,-0.2382,1.5695,0.2615,-0.2859,-0.1044,1.0765,0.3309,0.1842,0,0.00,0.017,0.120,0.000,SWING,0.8846,-0.4306,1.5708,0.1456,0.3529,-0.0633,0.9246,-0.3639,0.0550,0,0.00,0.006,0.035,0.008,STANCE,-0.1507,0.0505,1.5583,-0.0344,-0.3415,-0.1587,0.9841,0.3396,0.0523,0,0.00,0.013,0.017,0.003,STANCE,-0.1220,0.1637,1.3037,0.0302,0.3613,-0.1777,0.6166,-0.2087,0.0356,0,0.00,0.000,0.034,0.022,STANCE,-0.0989,-0.1445,1.5191,-0.3391,-0.1831,-0.1219,0.6373,0.1733,0.0143,1,6.84,0.190,0.485,0.603,STANCE,0.0106,0.0021,1.4582,-0.3192,0.1984,-0.1494
17.925,2100,placemove,0.9279,-0.0217,0.2196,-0.0012,-0.1805,0.0102,0.1501,0.0921,0.0184,-0.4017,0.3473,-0.0424,1.000,0.000,0.0053,0.0297,-0.0012,-0.1805,0.0102,0.1306,0,1.2049,-0.3061,0.1636,1,4.67,0.160,0.700,0.213,STANCE,-0.4019,-0.2371,1.5697,0.2597,-0.2871,-0.1047,1.0766,0.3358,0.1964,0,0.00,0.015,0.119,0.001,SWING,0.8852,-0.4973,1.5708,0.1460,0.3566,-0.0483,0.9239,-0.3634,0.0563,0,0.00,0.007,0.035,0.010,STANCE,-0.1606,0.0551,1.5517,-0.0367,-0.3414,-0.1595,0.9846,0.3394,0.0489,0,0.00,0.010,0.017,0.004,STANCE,-0.1164,0.1700,1.3016,0.0287,0.3607,-0.1789,0.6168,-0.2079,0.0374,0,0.00,0.000,0.035,0.022,STANCE,-0.1023,-0.1366,1.5046,-0.3405,-0.1828,-0.1231,0.6375,0.1733,0.0144,1,6.70,0.191,0.516,0.548,STANCE,0.0143,0.0056,1.4476,-0.3205,0.1982,-0.1499
17.960,2104,placemove,0.9304,-0.0201,0.2198,-0.0077,-0.1748,0.0108,0.1376,0.0943,0.0080,-0.3460,0.2974,-0.0252,1.000,0.000,0.0001,0.0343,-0.0077,-0.1748,0.0108,0.1308,0,1.2053,-0.3062,0.1637,1,4.16,0.164,0.696,0.109,STANCE,-0.4098,-0.2367,1.5699,0.2580,-0.2883,-0.1047,1.0776,0.3400,0.2084,0,0.00,0.055,0.107,0.005,SWING,0.8817,-0.5640,1.5708,0.1474,0.3591,-0.0332,0.9233,-0.3629,0.0577,0,0.00,0.025,0.052,0.015,STANCE,-0.1700,0.0593,1.5443,-0.0389,-0.3415,-0.1603,0.9850,0.3391,0.0449,0,0.00,0.057,0.003,0.001,STANCE,-0.1107,0.1771,1.2988,0.0272,0.3600,-0.1802,0.6169,-0.2071,0.0394,0,0.00,0.025,0.047,0.024,STANCE,-0.1053,-0.1299,1.4902,-0.3420,-0.1826,-0.1240,0.6376,0.1734,0.0144,1,7.26,0.118,0.267,0.846,STANCE,0.0182,0.0080,1.4377,-0.3220,0.1978,-0.1502
17.982,2108,placemove,0.9324,-0.0186,0.2199,-0.0125,-0.1706,0.0116,0.1178,0.0875,0.0018,-0.2661,0.2313,-0.0032,1.000,0.000,-0.0051,0.0389,-0.0125,-0.1706,0.0116,0.1308,0,1.2055,-0.3063,0.1638,1,4.96,0.177,0.815,0.157,STANCE,-0.4174,-0.2370,1.5701,0.2563,-0.2895,-0.1047,1.0834,0.3424,0.2222,0,0.00,0.001,0.146,0.004,SWING,0.8569,-0.6306,1.5708,0.1548,0.3596,-0.0180,0.9226,-0.3625,0.0585,0,0.00,0.001,0.021,0.010,STANCE,-0.1790,0.0629,1.5363,-0.0410,-0.3417,-0.1609,0.9852,0.3390,0.0413,0,2.27,0.479,0.299,0.026,STANCE,-0.1047,0.1851,1.2953,0.0257,0.3592,-0.1816,0.6168,-0.2065,0.0408,0,0.00,0.002,0.020,0.020,STANCE,-0.1077,-0.1244,1.4760,-0.3436,-0.1826,-0.1247,0.6373,0.1736,0.0144,1,6.19,0.266,0.194,0.738,STANCE,0.0223,0.0095,1.4285,-0.3235,0.1975,-0.1503
18.023,2112,placemove,0.9343,-0.0172,0.2198,-0.0169,-0.1669,0.0122,0.1145,0.0864,-0.0069,-0.2531,0.2147,-0.0093,1.000,0.000,-0.0098,0.0430,-0.0169,-0.1669,0.0122,0.1307,0,1.2056,-0.3063,0.1639,1,4.98,0.142,0.797,0.180,STANCE,-0.4248,-0.2377,1.5702,0.2548,-0.2907,-0.1046,1.0973,0.3419,0.2376,0,0.00,0.011,0.142,0.000,SWING,0.8023,-0.6973,1.5708,0.1704,0.3568,-0.0026,0.9220,-0.3621,0.0590,0,0.00,0.002,0.027,0.012,STANCE,-0.1875,0.0664,1.5276,-0.0431,-0.3421,-0.1616,0.9852,0.3388,0.0377,0,1.98,0.423,0.261,0.022,STANCE,-0.0986,0.1936,1.2913,0.0241,0.3584,-0.1831,0.6166,-0.2059,0.0420,0,0.00,0.002,0.028,0.021,STANCE,-0.1097,-0.1196,1.4618,-0.3451,-0.1827,-0.1252,0.6370,0.1737,0.0144,1,6.41,0.225,0.205,0.761,STANCE,0.0267,0.0102,1.4201,-0.3250,0.1970,-0.1503
18.045,2116,placemove,0.9363,-0.0157,0.2197,-0.0212,-0.1632,0.0126,0.1177,0.0849,-0.0141,-0.2690,0.2256,-0.0313,1.000,0.000,-0.0140,0.0466,-0.0212,-0.1632,0.0126,0.1305,0,1.2058,-0.3064,0.1640,1,4.32,0.056,0.637,0.206,STANCE,-0.4319,-0.2387,1.5703,0.2533,-0.2919,-0.1044,1.1152,0.3385,0.2536,0,0.00,0.124,0.116,0.004,SWING,0.7356,-0.7640,1.5708,0.1889,0.3512,0.0127,0.9214,-0.3618,0.0594,0,0.00,0.007,0.043,0.015,STANCE,-0.1957,0.0699,1.5184,-0.0451,-0.3425,-0.1622,0.9852,0.3386,0.0341,0,0.00,0.031,0.007,0.005,STANCE,-0.0923,0.2022,1.2871,0.0225,0.3576,-0.1846,0.6164,-0.2053,0.0430,0,0.00,0.001,0.042,0.022,STANCE,-0.1114,-0.1150,1.4475,-0.3467,-0.1829,-0.1257,0.6367,0.1738,0.0143,1,7.37,0.146,0.271,0.850,STANCE,0.0312,0.0104,1.4122,-0.3266,0.1966,-0.1502
18.086,2120,placemove,0.9382,-0.0144,0.2194,-0.0251,-0.1599,0.0129,0.1114,0.0800,-0.0158,-0.2231,0.1920,-0.0156,1.000,0.000,-0.0180,0.0501,-0.0251,-0.1599,0.0129,0.1302,0,1.2060,-0.3064,0.1640,1,5.00,0.161,0.790,0.189,STANCE,-0.4387,-0.2400,1.5704,0.2519,-0.2930,-0.1041,1.1330,0.3332,0.2673,0,0.00,0.095,0.077,0.005,SWING,0.6690,-0.8180,1.5708,0.2068,0.3437,0.0252,0.9208,-0.3616,0.0597,0,0.00,0.006,0.028,0.013,STANCE,-0.2034,0.0736,1.5086,-0.0470,-0.3430,-0.1629,0.9852,0.3384,0.0306,0,1.86,0.387,0.241,0.020,STANCE,-0.0860,0.2107,1.2827,0.0208,0.3568,-0.1861,0.6161,-0.2048,0.0439,0,0.00,0.008,0.028,0.022,STANCE,-0.1128,-0.1104,1.4328,-0.3483,-0.1831,-0.1261,0.6364,0.1740,0.0143,1,6.36,0.210,0.216,0.744,STANCE,0.0357,0.0103,1.4048,-0.3281,0.1961,-0.1500
18.108,2124,placemove,0.9400,-0.0131,0.2191,-0.0287,-0.1567,0.0131,0.1112,0.0738,-0.0189,-0.2127,0.1804,-0.0354,1.000,0.000,-0.0216,0.0533,-0.0287,-0.1567,0.0131,0.1299,0,1.2062,-0.3065,0.1641,1,4.31,0.011,0.639,0.201,STANCE,-0.4452,-0.2415,1.5705,0.2506,-0.2941,-0.1038,1.1509,0.3266,0.2762,0,0.00,0.109,0.038,0.005,SWING,0.6024,-0.8506,1.5708,0.2240,0.3351,0.0326,0.9203,-0.3615,0.0597,0,0.00,0.002,0.049,0.018,STANCE,-0.2108,0.0776,1.4982,-0.0489,-0.3436,-0.1636,0.9852,0.3381,0.0272,0,0.00,0.031,0.000,0.004,STANCE,-0.0795,0.2190,1.2784,0.0192,0.3561,-0.1876,0.6159,-0.2044,0.0446,0,0.00,0.001,0.049,0.025,STANCE,-0.1140,-0.1056,1.4179,-0.3498,-0.1835,-0.1266,0.6362,0.1741,0.0143,1,7.25,0.080,0.272,0.832,STANCE,0.0402,0.0100,1.3977,-0.3296,0.1955,-0.1498
18.150,2128,placemove,0.9417,-0.0120,0.2189,-0.0310,-0.1546,0.0133,0.1008,0.0582,-0.0149,-0.1218,0.1086,-0.0061,1.000,0.000,-0.0248,0.0560,-0.0310,-0.1546,0.0133,0.1297,0,1.2065,-0.3067,0.1641,1,5.03,0.142,0.765,0.222,STANCE,-0.4513,-0.2431,1.5706,0.2493,-0.2952,-0.1035,1.1684,0.3206,0.2745,0,0.00,0.030,0.019,0.009,SWING,0.5460,-0.8307,1.5708,0.2388,0.3283,0.0281,0.9200,-0.3613,0.0594,0,0.00,0.010,0.037,0.017,STANCE,-0.2178,0.0821,1.4872,-0.0507,-0.3441,-0.1643,0.9853,0.3379,0.0243,0,2.04,0.412,0.276,0.024,STANCE,-0.0731,0.2270,1.2742,0.0176,0.3553,-0.1890,0.6158,-0.2041,0.0449,0,0.00,0.014,0.042,0.025,STANCE,-0.1150,-0.1004,1.4026,-0.3514,-0.1838,-0.1271,0.6360,0.1742,0.0143,1,6.13,0.181,0.191,0.731,STANCE,0.0447,0.0095,1.3908,-0.3312,0.1950,-0.1495
18.172,2132,placemove,0.9434,-0.0111,0.2186,-0.0329,-0.1529,0.0134,0.0984,0.0565,-0.0172,-0.1355,0.1198,-0.0170,1.000,0.000,-0.0272,0.0581,-0.0329,-0.1529,0.0134,0.1294,0,1.2067,-0.3069,0.1641,1,5.04,0.065,0.752,0.237,STANCE,-0.4572,-0.2447,1.5706,0.2481,-0.2962,-0.1031,1.1840,0.3163,0.2607,0,0.00,0.028,0.072,0.002,SWING,0.5040,-0.7645,1.5708,0.2499,0.3234,0.0129,0.9197,-0.3613,0.0587,0,0.00,0.008,0.031,0.017,STANCE,-0.2245,0.0872,1.4755,-0.0524,-0.3446,-0.1652,0.9853,0.3377,0.0218,0,1.69,0.353,0.220,0.019,STANCE,-0.0667,0.2344,1.2703,0.0160,0.3546,-0.1903,0.6157,-0.2038,0.0447,0,0.00,0.007,0.033,0.025,STANCE,-0.1159,-0.0946,1.3867,-0.3529,-0.1842,-0.1277,0.6358,0.1743,0.0142,1,6.38,0.245,0.216,0.747,STANCE,0.0491,0.0089,1.3840,-0.3326,0.1945,-0.1492
18.205,2136,placemove,0.9451,-0.0101,0.2183,-0.0358,-0.1504,0.0133,0.1063,0.0608,-0.0234,-0.2032,0.1737,-0.0490,1.000,0.000,-0.0294,0.0601,-0.0358,-0.1504,0.0133,0.1291,0,1.2070,-0.3072,0.1642,1,4.40,0.057,0.642,0.217,SHIFT,-0.4627,-0.2462,1.5707,0.2469,-0.2971,-0.1028,1.1964,0.3124,0.2452,0,0.00,0.050,0.094,0.002,SWING,0.4731,-0.6978,1.5708,0.2578,0.3189,-0.0025,0.9194,-0.3613,0.0582,0,0.00,0.005,0.045,0.020,SHIFT,-0.2309,0.0930,1.4631,-0.0541,-0.3452,-0.1662,0.9853,0.3374,0.0191,0,0.00,0.033,0.004,0.003,SHIFT,-0.0603,0.2411,1.2667,0.0144,0.3540,-0.1915,0.6155,-0.2036,0.0448,0,0.00,0.002,0.045,0.027,SHIFT,-0.1167,-0.0879,1.3703,-0.3544,-0.1846,-0.1284,0.6356,0.1744,0.0142,1,7.22,0.144,0.294,0.805,SHIFT,0.0532,0.0084,1.3773,-0.3341,0.1940,-0.1489
18.226,2140,placemove,0.9471,-0.0090,0.2178,-0.0396,-0.1471,0.0131,0.1312,0.0699,-0.0292,-0.2554,0.2233,-0.0508,1.000,0.000,-0.0319,0.0624,-0.0396,-0.1471,0.0131,0.1286,0,1.2072,-0.3075,0.1642,1,4.86,0.114,0.714,0.238,SHIFT,-0.4690,-0.2479,1.5707,0.2456,-0.2982,-0.1025,1.2063,0.3087,0.2285,0,0.00,0.017,0.076,0.002,SHIFT,0.4505,-0.6311,1.5708,0.2628,0.3147,-0.0178,0.9189,-0.3614,0.0579,0,0.00,0.021,0.031,0.017,SHIFT,-0.2380,0.0985,1.4509,-0.0560,-0.3457,-0.1672,0.9853,0.3371,0.0159,0,0.94,0.202,0.112,0.010,SHIFT,-0.0529,0.2472,1.2635,0.0126,0.3534,-0.1926,0.6152,-0.2034,0.0451,0,0.00,0.013,0.032,0.029,SHIFT,-0.1178,-0.0804,1.3513,-0.3561,-0.1850,-0.1292,0.6354,0.1745,0.0142,1,6.91,0.250,0.279,0.772,SHIFT,0.0577,0.0079,1.3689,-0.3358,0.1936,-0.1486
18.270,2144,placemove,0.9490,-0.0083,0.2177,-0.0391,-0.1477,0.0131,0.1035,0.0268,-0.0387,0.0694,-0.2053,0.0285,1.000,0.000,-0.0343,0.0646,-0.0391,-0.1477,0.0131,0.1530,0,1.2076,-0.3080,0.1643,1,0.07,0.001,0.012,0.003,SHIFT,-0.4764,-0.2499,1.5707,0.2441,-0.2994,-0.1021,1.2135,0.3050,0.2138,0,0.00,0.002,0.105,0.004,SHIFT,0.4349,-0.5645,1.5708,0.2656,0.3108,-0.0331,0.9187,-0.3612,0.0570,0,0.00,0.001,0.001,0.013,SHIFT,-0.2464,0.1013,1.4410,-0.0581,-0.3462,-0.1676,0.9853,0.3372,0.0148,1,0.23,0.047,0.005,0.007,SHIFT,-0.0442,0.2488,1.2659,0.0105,0.3528,-0.1928,0.6152,-0.2031,0.0439,0,0.00,0.003,0.003,0.033,SHIFT,-0.1193,-0.0720,1.3291,-0.3582,-0.1855,-0.1301,0.6353,0.1748,0.0145,1,0.00,0.008,0.009,0.015,SHIFT,0.0624,0.0036,1.3624,-0.3378,0.1932,-0.1475
18.290,2148,placemove,0.9507,-0.0078,0.2164,-0.0398,-0.1510,0.0138,0.1053,0.0291,-0.0709,-0.0214,-0.1935,0.0426,1.000,0.000,-0.0351,0.0643,-0.0398,-0.1510,0.0138,0.1517,0,1.2080,-0.3087,0.1642,1,5.33,0.063,0.783,0.267,SHIFT,-0.4841,-0.2519,1.5707,0.2425,-0.3007,-0.1016,1.2186,0.3011,0.1986,0,0.00,0.011,0.062,0.003,SHIFT,0.4242,-0.4978,1.5708,0.2665,0.3068,-0.0482,0.9190,-0.3613,0.0553,0,0.00,0.014,0.035,0.012,SHIFT,-0.2549,0.1028,1.4328,-0.0603,-0.3466,-0.1679,0.9852,0.3372,0.0149,1,3.09,0.077,0.429,0.015,SHIFT,-0.0356,0.2390,1.2816,0.0085,0.3524,-0.1912,0.6156,-0.2033,0.0404,0,0.00,0.017,0.033,0.038,SHIFT,-0.1210,-0.0621,1.3047,-0.3604,-0.1859,-0.1311,0.6352,0.1749,0.0147,1,5.67,0.176,0.275,0.571,SHIFT,0.0668,-0.0104,1.3649,-0.3398,0.1929,-0.1447
18.332,2152,placemove,0.9525,-0.0074,0.2153,-0.0399,-0.1535,0.0143,0.1082,0.0229,-0.0550,-0.0080,-0.1303,0.0277,1.000,0.000,-0.0357,0.0627,-0.0399,-0.1535,0.0143,0.1507,0,1.2085,-0.3094,0.1642,1,5.34,0.047,0.784,0.269,SHIFT,-0.4914,-0.2543,1.5708,0.2409,-0.3019,-0.1011,1.2222,0.2969,0.1836,0,0.00,0.007,0.064,0.002,SHIFT,0.4172,-0.4311,1.5708,0.2659,0.3026,-0.0631,0.9194,-0.3613,0.0537,0,0.00,0.011,0.036,0.010,SHIFT,-0.2628,0.1037,1.4259,-0.0624,-0.3470,-0.1680,0.9852,0.3373,0.0148,1,3.14,0.027,0.412,0.003,SHIFT,-0.0272,0.2313,1.2940,0.0064,0.3521,-0.1900,0.6161,-0.2036,0.0368,0,0.00,0.012,0.032,0.040,SHIFT,-0.1227,-0.0503,1.2788,-0.3625,-0.1863,-0.1325,0.6352,0.1749,0.0147,1,5.56,0.043,0.257,0.582,SHIFT,0.0709,-0.0204,1.3638,-0.3417,0.1926,-0.1426
18.354,2156,placemove,0.9544,-0.0071,0.2145,-0.0398,-0.1551,0.0146,0.1110,0.0181,-0.0425,-0.0025,-0.0776,0.0182,1.000,0.000,-0.0359,0.0608,-0.0398,-0.1551,0.0146,0.1500,0,1.2090,-0.3102,0.1641,1,5.43,0.029,0.793,0.277,SHIFT,-0.4983,-0.2571,1.5708,0.2395,-0.3031,-0.1006,1.2247,0.2925,0.1693,0,0.00,0.004,0.007,0.012,SHIFT,0.4130,-0.3687,1.5708,0.2643,0.2984,-0.0768,0.9197,-0.3613,0.0524,0,0.00,0.010,0.036,0.008,SHIFT,-0.2702,0.1043,1.4199,-0.0643,-0.3473,-0.1681,0.9852,0.3374,0.0148,1,3.56,0.039,0.452,0.011,SHIFT,-0.0190,0.2250,1.3040,0.0045,0.3518,-0.1889,0.6165,-0.2038,0.0334,0,0.00,0.010,0.029,0.043,SHIFT,-0.1242,-0.0365,1.2514,-0.3646,-0.1866,-0.1342,0.6352,0.1749,0.0146,1,5.29,0.002,0.251,0.556,SHIFT,0.0748,-0.0272,1.3596,-0.3436,0.1923,-0.1410
18.393,2160,placemove,0.9558,-0.0069,0.2147,-0.0291,-0.1649,0.0181,0.0696,-0.0042,0.0398,1.0439,-0.8398,0.4703,1.000,0.000,-0.0347,0.0582,-0.0291,-0.1649,0.0181,0.1240,0,1.2109,-0.3096,0.1640,1,0.00,0.016,0.044,0.007,SHIFT,-0.5048,-0.2598,1.5708,0.2382,-0.3042,-0.1000,1.2252,0.2908,0.1646,1,1.07,0.136,0.315,0.163,SHIFT,0.4110,-0.3267,1.5708,0.2627,0.2953,-0.0859,0.9223,-0.3601,0.0488,0,0.00,0.010,0.025,0.003,SHIFT,-0.2771,0.1051,1.4144,-0.0661,-0.3475,-0.1682,0.9848,0.3392,0.0186,1,0.00,0.029,0.048,0.007,SHIFT,-0.0111,0.2198,1.3124,0.0026,0.3516,-0.1880,0.6188,-0.2040,0.0268,0,0.00,0.013,0.007,0.044,SHIFT,-0.1257,-0.0210,1.2226,-0.3665,-0.1870,-0.1362,0.6355,0.1751,0.0145,1,1.78,0.244,0.261,0.011,SHIFT,0.0786,-0.0315,1.3533,-0.3454,0.1920,-0.1399
18.417,2164,placemove,0.9566,-0.0074,0.2154,-0.0161,-0.1763,0.0220,0.0423,-0.0417,0.0303,0.7221,-0.5533,0.3230,1.000,0.000,-0.0272,0.0508,-0.0161,-0.1763,0.0220,0.1011,0,1.2131,-0.3085,0.1638,1,0.00,0.011,0.039,0.006,SHIFT,-0.5099,-0.2618,1.5708,0.2371,-0.3051,-0.0996,1.2243,0.2899,0.1645,1,1.05,0.122,0.291,0.156,SHIFT,0.4111,-0.2910,1.5707,0.2608,0.2927,-0.0935,0.9261,-0.3585,0.0436,0,0.00,0.009,0.029,0.005,SHIFT,-0.2828,0.1084,1.4080,-0.0676,-0.3475,-0.1687,0.9838,0.3416,0.0250,0,0.00,0.008,0.050,0.003,SHIFT,-0.0038,0.2150,1.3182,0.0009,0.3516,-0.1872,0.6219,-0.2042,0.0180,0,0.00,0.007,0.003,0.047,SHIFT,-0.1271,-0.0016,1.1914,-0.3682,-0.1873,-0.1390,0.6358,0.1752,0.0145,1,2.33,0.176,0.158,0.193,SHIFT,0.0818,-0.0335,1.3452,-0.3471,0.1919,-0.1391
18.462,2168,placemove,0.9579,-0.0077,0.2172,-0.0102,-0.1765,0.0233,0.1097,0.0022,0.1872,0.3278,0.2944,0.1304,1.000,0.000,-0.0186,0.0435,-0.0102,-0.1765,0.0233,0.1273,0,1.2143,-0.3085,0.1639,1,0.65,0.080,0.115,0.019,SHIFT,-0.5135,-0.2625,1.5708,0.2363,-0.3057,-0.0994,1.2240,0.2894,0.1643,1,10.79,1.136,2.940,1.677,SHIFT,0.4130,-0.2741,1.5708,0.2594,0.2917,-0.0970,0.9276,-0.3576,0.0414,0,0.00,0.022,0.003,0.006,SHIFT,-0.2872,0.1152,1.4002,-0.0686,-0.3472,-0.1699,0.9825,0.3428,0.0294,0,0.00,0.040,0.102,0.002,SHIFT,0.0031,0.2105,1.3215,-0.0007,0.3519,-0.1865,0.6231,-0.2044,0.0140,1,9.01,0.957,2.677,0.969,SHIFT,-0.1285,0.0214,1.1585,-0.3696,-0.1874,-0.1424,0.6351,0.1752,0.0168,1,0.00,0.022,0.064,0.014,SHIFT,0.0845,-0.0335,1.3358,-0.3486,0.1918,-0.1388
18.485,2172,placemove,0.9598,-0.0078,0.2203,-0.0049,-0.1721,0.0240,0.1165,-0.0093,0.1670,0.2334,0.2430,0.0614,1.000,0.000,-0.0119,0.0418,-0.0049,-0.1721,0.0240,0.1062,0,1.2158,-0.3082,0.1640,1,1.18,0.110,0.217,0.020,SHIFT,-0.5164,-0.2617,1.5708,0.2356,-0.3060,-0.0996,1.2240,0.2894,0.1643,1,4.34,0.342,1.145,0.588,SHIFT,0.4170,-0.2589,1.5705,0.2577,0.2912,-0.1002,0.9286,-0.3563,0.0412,0,0.00,0.005,0.025,0.015,SHIFT,-0.2915,0.1240,1.3913,-0.0695,-0.3468,-0.1714,0.9811,0.3443,0.0346,0,0.00,0.003,0.020,0.003,SHIFT,0.0107,0.2067,1.3225,-0.0025,0.3525,-0.1858,0.6237,-0.2042,0.0141,1,3.85,0.422,1.150,0.382,SHIFT,-0.1300,0.0440,1.1256,-0.3710,-0.1875,-0.1458,0.6341,0.1755,0.0223,0,0.00,0.002,0.014,0.017,SHIFT,0.0872,-0.0319,1.3237,-0.3503,0.1918,-0.1386
18.524,2176,placemove,0.9617,-0.0080,0.2228,-0.0021,-0.1688,0.0238,0.1077,-0.0174,0.1316,0.1125,0.1676,-0.0119,1.000,0.000,-0.0068,0.0430,-0.0021,-0.1688,0.0238,0.1086,0,1.2169,-0.3084,0.1641,1,1.49,0.097,0.260,0.010,SHIFT,-0.5194,-0.2590,1.5708,0.2348,-0.3062,-0.1002,1.2242,0.2895,0.1644,1,4.13,0.096,0.881,0.191,SHIFT,0.4230,-0.2490,1.5700,0.2559,0.2914,-0.1022,0.9293,-0.3556,0.0411,0,0.00,0.002,0.022,0.014,SHIFT,-0.2961,0.1333,1.3821,-0.0705,-0.3462,-0.1730,0.9800,0.3452,0.0382,0,0.00,0.002,0.027,0.002,SHIFT,0.0196,0.2040,1.3212,-0.0047,0.3532,-0.1853,0.6240,-0.2041,0.0141,1,4.60,0.160,0.854,0.035,SHIFT,-0.1316,0.0638,1.0947,-0.3724,-0.1876,-0.1486,0.6334,0.1756,0.0260,0,0.00,0.001,0.021,0.024,SHIFT,0.0904,-0.0283,1.3081,-0.3523,0.1917,-0.1387
18.545,2180,placemove,0.9634,-0.0083,0.2247,-0.0009,-0.1667,0.0229,0.0986,-0.0166,0.1043,0.0457,0.1002,-0.0575,1.000,0.000,-0.0034,0.0450,-0.0009,-0.1667,0.0229,0.1105,0,1.2177,-0.3088,0.1642,1,1.67,0.071,0.277,0.033,STANCE,-0.5222,-0.2550,1.5708,0.2339,-0.3062,-0.1010,1.2242,0.2896,0.1644,1,3.94,0.046,0.665,0.112,STANCE,0.4303,-0.2423,1.5701,0.2539,0.2919,-0.1036,0.9296,-0.3551,0.0415,0,0.00,0.001,0.020,0.006,SWING,-0.3007,0.1371,1.3794,-0.0715,-0.3457,-0.1737,0.9792,0.3457,0.0405,0,0.00,0.003,0.027,0.006,STANCE,0.0295,0.2030,1.3174,-0.0070,0.3538,-0.1851,0.6242,-0.2040,0.0141,1,5.16,0.009,0.610,0.221,STANCE,-0.1330,0.0803,1.0671,-0.3738,-0.1877,-0.1508,0.6328,0.1756,0.0284,0,0.00,0.000,0.022,0.027,STANCE,0.0940,-0.0234,1.2904,-0.3544,0.1916,-0.1390
18.586,2184,placemove,0.9649,-0.0086,0.2262,-0.0005,-0.1656,0.0215,0.0861,-0.0134,0.0820,0.0113,0.0509,-0.0833,1.000,0.000,-0.0015,0.0468,-0.0005,-0.1656,0.0215,0.1119,0,1.2182,-0.3093,0.1642,1,1.63,0.051,0.261,0.042,STANCE,-0.5244,-0.2505,1.5708,0.2332,-0.3061,-0.1019,1.2243,0.2897,0.1644,1,4.09,0.009,0.670,0.133,STANCE,0.4377,-0.2373,1.5703,0.2519,0.2926,-0.1046,0.9281,-0.3572,0.0503,0,0.00,0.004,0.135,0.057,SWING,-0.3027,0.0861,1.4175,-0.0729,-0.3483,-0.1647,0.9787,0.3461,0.0418,0,0.00,0.001,0.029,0.006,STANCE,0.0390,0.2030,1.3129,-0.0094,0.3545,-0.1850,0.6243,-0.2040,0.0142,1,5.42,0.020,0.614,0.232,STANCE,-0.1339,0.0933,1.0441,-0.3749,-0.1879,-0.1524,0.6324,0.1756,0.0297,0,0.00,0.000,0.024,0.027,STANCE,0.0977,-0.0176,1.2725,-0.3564,0.1913,-0.1395
18.607,2188,placemove,0.9663,-0.0088,0.2274,-0.0004,-0.1650,0.0200,0.0785,-0.0113,0.0663,0.0004,0.0286,-0.0964,1.000,0.000,-0.0006,0.0481,-0.0004,-0.1650,0.0200,0.1131,0,1.2186,-0.3097,0.1643,1,2.90,0.049,0.445,0.087,STANCE,-0.5260,-0.2462,1.5708,0.2326,-0.3059,-0.1028,1.2244,0.2898,0.1644,1,4.17,0.076,0.703,0.114,STANCE,0.4450,-0.2336,1.5704,0.2501,0.2934,-0.1054,0.9256,-0.3628,0.0632,0,0.00,0.003,0.156,0.043,SWING,-0.3007,0.0195,1.4506,-0.0741,-0.3538,-0.1526,0.9782,0.3464,0.0429,0,0.00,0.007,0.015,0.003,STANCE,0.0481,0.2022,1.3096,-0.0116,0.3550,-0.1849,0.6245,-0.2039,0.0142,1,5.79,0.153,0.654,0.238,STANCE,-0.1343,0.1036,1.0248,-0.3760,-0.1882,-0.1537,0.6321,0.1755,0.0302,0,0.00,0.012,0.004,0.025,STANCE,0.1015,-0.0105,1.2543,-0.3583,0.1910,-0.1402
18.649,2192,placemove,0.9675,-0.0089,0.2284,-0.0005,-0.1647,0.0184,0.0700,-0.0076,0.0529,-0.0058,0.0089,-0.0972,1.000,0.000,-0.0002,0.0490,-0.0005,-0.1647,0.0184,0.1141,0,1.2190,-0.3101,0.1644,1,1.68,0.029,0.259,0.053,STANCE,-0.5274,-0.2423,1.5707,0.2321,-0.3058,-0.1036,1.2245,0.2900,0.1644,1,4.26,0.052,0.682,0.150,STANCE,0.4520,-0.2306,1.5705,0.2484,0.2942,-0.1060,0.9237,-0.3689,0.0763,0,0.00,0.010,0.135,0.035,SWING,-0.2961,-0.0472,1.4766,-0.0747,-0.3598,-0.1402,0.9779,0.3466,0.0437,0,0.00,0.001,0.032,0.004,STANCE,0.0566,0.2014,1.3072,-0.0136,0.3554,-0.1847,0.6246,-0.2039,0.0142,1,5.72,0.032,0.619,0.238,STANCE,-0.1344,0.1117,1.0085,-0.3769,-0.1885,-0.1545,0.6320,0.1755,0.0301,0,0.00,0.000,0.025,0.029,STANCE,0.1053,-0.0022,1.2356,-0.3601,0.1906,-0.1412
18.671,2196,placemove,0.9686,-0.0090,0.2292,-0.0006,-0.1647,0.0168,0.0640,-0.0058,0.0422,-0.0047,0.0005,-0.0937,1.000,0.000,-0.0002,0.0495,-0.0006,-0.1647,0.0168,0.1148,0,1.2193,-0.3105,0.1644,1,1.68,0.013,0.253,0.059,STANCE,-0.5286,-0.2391,1.5707,0.2316,-0.3056,-0.1043,1.2246,0.2901,0.1644,1,4.30,0.074,0.680,0.157,STANCE,0.4585,-0.2282,1.5705,0.2468,0.2949,-0.1065,0.9222,-0.3752,0.0897,0,0.00,0.008,0.134,0.028,SWING,-0.2884,-0.1139,1.4970,-0.0745,-0.3660,-0.1275,0.9777,0.3468,0.0443,0,0.00,0.003,0.033,0.003,STANCE,0.0644,0.2005,1.3053,-0.0155,0.3557,-0.1845,0.6247,-0.2038,0.0143,1,5.88,0.029,0.609,0.256,STANCE,-0.1343,0.1183,0.9944,-0.3777,-0.1889,-0.1552,0.6320,0.1755,0.0294,0,0.00,0.001,0.025,0.030,STANCE,0.1089,0.0074,1.2163,-0.3618,0.1902,-0.1424
18.713,2200,placemove,0.9697,-0.0091,0.2298,-0.0006,-0.1647,0.0153,0.0593,-0.0043,0.0338,-0.0025,-0.0024,-0.0853,1.000,0.000,-0.0003,0.0497,-0.0006,-0.1647,0.0153,0.1154,0,1.2195,-0.3109,0.1645,1,1.72,0.003,0.256,0.063,STANCE,-0.5298,-0.2364,1.5707,0.2312,-0.3056,-0.1048,1.2247,0.2903,0.1644,1,4.28,0.080,0.673,0.159,STANCE,0.4644,-0.2264,1.5706,0.2454,0.2956,-0.1069,0.9252,-0.3824,0.1040,0,0.00,0.011,0.133,0.024,SWING,-0.2605,-0.1805,1.5130,-0.0689,-0.3735,-0.1143,0.9775,0.3469,0.0448,0,0.00,0.005,0.034,0.003,STANCE,0.0716,0.1998,1.3037,-0.0173,0.3560,-0.1844,0.6248,-0.2038,0.0143,1,6.00,0.011,0.587,0.279,STANCE,-0.1341,0.1237,0.9821,-0.3784,-0.1893,-0.1557,0.6320,0.1755,0.0284,0,0.00,0.002,0.025,0.031,STANCE,0.1123,0.0182,1.1966,-0.3633,0.1898,-0.1438
18.735,2204,placemove,0.9706,-0.0092,0.2303,-0.0007,-0.1647,0.0139,0.0557,-0.0029,0.0271,-0.0012,-0.0027,-0.0742,1.000,0.000,-0.0003,0.0498,-0.0007,-0.1647,0.0139,0.1159,0,1.2197,-0.3113,0.1645,1,1.73,0.005,0.255,0.065,STANCE,-0.5311,-0.2344,1.5707,0.2308,-0.3055,-0.1053,1.2249,0.2906,0.1644,1,4.35,0.079,0.683,0.163,STANCE,0.4698,-0.2249,1.5706,0.2441,0.2963,-0.1072,0.9363,-0.3910,0.1200,0,0.00,0.107,0.134,0.021,SWING,-0.2028,-0.2472,1.5255,-0.0550,-0.3823,-0.1008,0.9773,0.3470,0.0452,0,0.00,0.005,0.034,0.003,STANCE,0.0780,0.1992,1.3024,-0.0188,0.3562,-0.1843,0.6249,-0.2037,0.0143,1,6.06,0.035,0.592,0.275,STANCE,-0.1339,0.1282,0.9711,-0.3791,-0.1896,-0.1560,0.6321,0.1755,0.0271,0,0.00,0.002,0.024,0.032,STANCE,0.1154,0.0300,1.1763,-0.3647,0.1895,-0.1454
18.777,2208,placemove,0.9715,-0.0092,0.2307,-0.0007,-0.1648,0.0128,0.0533,-0.0011,0.0225,-0.0006,0.0007,-0.0608,1.000,0.000,-0.0004,0.0498,-0.0007,-0.1648,0.0128,0.1163,0,1.2200,-0.3117,0.1645,1,1.78,0.002,0.263,0.065,STANCE,-0.5325,-0.2328,1.5707,0.2304,-0.3056,-0.1056,1.2250,0.2908,0.1644,1,4.45,0.085,0.696,0.168,STANCE,0.4747,-0.2238,1.5706,0.2430,0.2969,-0.1074,0.9516,-0.3989,0.1369,0,0.00,0.110,0.136,0.017,SWING,-0.1362,-0.3139,1.5353,-0.0377,-0.3902,-0.0869,0.9772,0.3471,0.0454,0,0.00,0.006,0.033,0.002,STANCE,0.0837,0.1987,1.3013,-0.0202,0.3563,-0.1842,0.6250,-0.2037,0.0144,1,5.98,0.046,0.625,0.234,STANCE,-0.1338,0.1322,0.9610,-0.3797,-0.1899,-0.1563,0.6322,0.1755,0.0256,0,0.00,0.002,0.023,0.033,STANCE,0.1182,0.0427,1.1554,-0.3660,0.1892,-0.1472
18.799,2212,placemove,0.9724,-0.0092,0.2310,-0.0006,-0.1647,0.0120,0.0517,-0.0014,0.0180,0.0012,0.0025,-0.0498,1.000,0.000,-0.0005,0.0498,-0.0006,-0.1647,0.0120,0.1166,0,1.2202,-0.3120,0.1645,1,3.16,0.034,0.452,0.122,STANCE,-0.5341,-0.2317,1.5707,0.2300,-0.3057,-0.1058,1.2252,0.2911,0.1644,1,4.51,0.059,0.711,0.168,STANCE,0.4790,-0.2230,1.5706,0.2420,0.2974,-0.1076,0.9676,-0.4051,0.1542,0,0.00,0.090,0.165,0.010,SWING,-0.0695,-0.3806,1.5430,-0.0196,-0.3964,-0.0727,0.9772,0.3471,0.0457,0,0.00,0.018,0.012,0.001,STANCE,0.0887,0.1984,1.3004,-0.0215,0.3564,-0.1841,0.6251,-0.2037,0.0144,1,6.14,0.123,0.689,0.204,STANCE,-0.1339,0.1356,0.9517,-0.3804,-0.1902,-0.1565,0.6324,0.1755,0.0239,0,0.00,0.017,0.003,0.029,STANCE,0.1207,0.0561,1.1342,-0.3672,0.1889,-0.1491
18.841,2216,placemove,0.9732,-0.0092,0.2313,-0.0006,-0.1647,0.0113,0.0478,0.0006,0.0150,-0.0026,0.0001,-0.0350,1.000,0.000,-0.0005,0.0498,-0.0006,-0.1647,0.0113,0.1168,0,1.2204,-0.3123,0.1646,1,1.84,0.008,0.269,0.069,STANCE,-0.5359,-0.2308,1.5707,0.2295,-0.3058,-0.1060,1.2253,0.2914,0.1644,1,4.51,0.100,0.700,0.174,STANCE,0.4828,-0.2224,1.5707,0.2411,0.2979,-0.1077,0.9843,-0.4093,0.1719,0,0.00,0.106,0.137,0.011,SWING,-0.0029,-0.4472,1.5490,-0.0008,-0.4006,-0.0581,0.9771,0.3472,0.0458,0,0.00,0.007,0.033,0.002,STANCE,0.0932,0.1981,1.2996,-0.0226,0.3565,-0.1840,0.6251,-0.2036,0.0145,1,5.99,0.047,0.632,0.222,STANCE,-0.1341,0.1387,0.9430,-0.3810,-0.1904,-0.1566,0.6326,0.1755,0.0220,0,0.00,0.003,0.023,0.035,STANCE,0.1228,0.0701,1.1125,-0.3683,0.1887,-0.1511
18.863,2220,placemove,0.9740,-0.0092,0.2315,-0.0007,-0.1647,0.0108,0.0462,0.0016,0.0123,-0.0036,-0.0001,-0.0229,1.000,0.000,-0.0005,0.0498,-0.0007,-0.1647,0.0108,0.1170,0,1.2206,-0.3126,0.1646,1,1.78,0.001,0.261,0.065,STANCE,-0.5379,-0.2301,1.5707,0.2290,-0.3060,-0.1061,1.2255,0.2917,0.1644,1,4.62,0.111,0.714,0.180,STANCE,0.4862,-0.2220,1.5707,0.2403,0.2983,-0.1078,1.0013,-0.4116,0.1898,0,0.00,0.023,0.084,0.019,SWING,0.0628,-0.5136,1.5537,0.0181,-0.4028,-0.0434,0.9771,0.3473,0.0459,0,0.00,0.008,0.033,0.001,STANCE,0.0972,0.1978,1.2989,-0.0235,0.3565,-0.1840,0.6252,-0.2036,0.0145,1,5.71,0.021,0.642,0.178,STANCE,-0.1345,0.1415,0.9348,-0.3817,-0.1905,-0.1567,0.6328,0.1756,0.0200,0,0.00,0.004,0.022,0.035,STANCE,0.1245,0.0845,1.0904,-0.3693,0.1885,-0.1532
18.904,2224,placemove,0.9748,-0.0092,0.2317,-0.0008,-0.1647,0.0105,0.0443,0.0019,0.0102,-0.0031,0.0004,-0.0124,1.000,0.000,-0.0006,0.0498,-0.0008,-0.1647,0.0105,0.1172,0,1.2207,-0.3129,0.1646,1,1.90,0.012,0.283,0.072,STANCE,-0.5401,-0.2296,1.5707,0.2285,-0.3063,-0.1062,1.2257,0.2921,0.1644,1,4.58,0.107,0.706,0.179,STANCE,0.4891,-0.2217,1.5707,0.2397,0.2987,-0.1078,1.0166,-0.4105,0.1969,0,0.00,0.028,0.046,0.001,SWING,0.1153,-0.5234,1.5574,0.0332,-0.4014,-0.0414,0.9771,0.3473,0.0460,0,0.00,0.006,0.037,0.002,STANCE,0.1006,0.1976,1.2983,-0.0244,0.3566,-0.1839,0.6253,-0.2036,0.0145,1,5.87,0.007,0.657,0.182,STANCE,-0.1351,0.1440,0.9270,-0.3823,-0.1906,-0.1568,0.6331,0.1756,0.0179,0,0.00,0.002,0.025,0.037,STANCE,0.1260,0.0994,1.0678,-0.3702,0.1885,-0.1553
18.927,2228,placemove,0.9755,-0.0091,0.2319,-0.0009,-0.1647,0.0104,0.0423,0.0025,0.0085,-0.0030,0.0007,-0.0026,1.000,0.000,-0.0007,0.0498,-0.0009,-0.1647,0.0104,0.1173,0,1.2209,-0.3132,0.1647,1,2.03,0.003,0.304,0.074,SHIFT,-0.5424,-0.2293,1.5707,0.2279,-0.3065,-0.1063,1.2259,0.2924,0.1644,1,4.59,0.134,0.704,0.184,SHIFT,0.4917,-0.2215,1.5707,0.2391,0.2990,-0.1079,1.0300,-0.4067,0.1899,0,0.00,0.021,0.004,0.007,SWING,0.1547,-0.4808,1.5603,0.0441,-0.3975,-0.0513,0.9772,0.3473,0.0460,0,0.00,0.009,0.034,0.001,SHIFT,0.1037,0.1975,1.2978,-0.0252,0.3566,-0.1839,0.6254,-0.2035,0.0145,1,5.94,0.044,0.664,0.180,SHIFT,-0.1358,0.1464,0.9196,-0.3830,-0.1906,-0.1568,0.6333,0.1756,0.0158,0,0.00,0.004,0.022,0.037,SHIFT,0.1272,0.1147,1.0448,-0.3710,0.1884,-0.1575
18.978,2232,placemove,0.9765,-0.0092,0.2325,-0.0008,-0.1626,0.0104,0.0724,-0.0035,0.0485,0.0056,0.1568,-0.0030,1.000,0.000,-0.0007,0.0501,-0.0008,-0.1626,0.0104,0.1426,0,1.2211,-0.3136,0.1646,1,3.98,0.061,0.588,0.181,SHIFT,-0.5453,-0.2291,1.5707,0.2272,-0.3069,-0.1063,1.2261,0.2927,0.1644,1,1.50,0.060,0.218,0.053,SHIFT,0.4945,-0.2214,1.5707,0.2384,0.2994,-0.1079,1.0408,-0.4082,0.1807,0,0.00,0.026,0.079,0.073,SHIFT,0.1806,-0.4141,1.5045,0.0520,-0.3998,-0.0626,0.9770,0.3474,0.0465,0,0.00,0.018,0.029,0.001,SHIFT,0.1070,0.1973,1.2972,-0.0259,0.3566,-0.1839,0.6252,-0.2035,0.0156,1,0.00,0.010,0.025,0.014,SHIFT,-0.1368,0.1488,0.9112,-0.3838,-0.1906,-0.1568,0.6334,0.1756,0.0148,1,6.19,0.117,0.379,0.494,SHIFT,0.1283,0.1287,1.0227,-0.3719,0.1884,-0.1595
19.006,2236,placemove,0.9778,-0.0093,0.2332,-0.0006,-0.1605,0.0103,0.0845,-0.0074,0.0395,-0.0003,0.1033,-0.0028,1.000,0.000,-0.0006,0.0514,-0.0006,-0.1605,0.0103,0.1186,0,1.2214,-0.3141,0.1645,1,4.24,0.003,0.648,0.176,SHIFT,-0.5490,-0.2287,1.5707,0.2264,-0.3073,-0.1064,1.2266,0.2931,0.1645,1,1.65,0.111,0.265,0.032,SHIFT,0.4976,-0.2212,1.5707,0.2377,0.2998,-0.1080,1.0497,-0.4086,0.1700,0,0.00,0.018,0.075,0.056,SHIFT,0.1993,-0.3475,1.4614,0.0576,-0.3999,-0.0750,0.9770,0.3473,0.0472,0,0.00,0.013,0.032,0.001,SHIFT,0.1107,0.1971,1.2967,-0.0269,0.3567,-0.1838,0.6251,-0.2035,0.0169,0,0.00,0.006,0.028,0.020,SHIFT,-0.1381,0.1525,0.9000,-0.3847,-0.1905,-0.1569,0.6335,0.1756,0.0147,1,6.18,0.110,0.448,0.423,SHIFT,0.1295,0.1398,1.0030,-0.3729,0.1885,-0.1609
19.059,2240,placemove,0.9787,-0.0093,0.2346,-0.0040,-0.1598,0.0089,0.0011,0.0116,0.1560,-0.5113,-0.0335,-0.2945,1.000,0.000,-0.0008,0.0529,-0.0040,-0.1598,0.0089,0.1075,0,1.2209,-0.3151,0.1659,1,0.00,0.057,0.163,0.014,SHIFT,-0.5532,-0.2281,1.5707,0.2254,-0.3078,-0.1065,1.2272,0.2929,0.1644,1,8.19,1.111,2.100,0.731,SHIFT,0.5009,-0.2207,1.5707,0.2369,0.3002,-0.1081,1.0557,-0.4086,0.1630,1,12.48,1.652,2.940,0.454,SHIFT,0.2127,-0.2990,1.4283,0.0615,-0.3998,-0.0841,0.9774,0.3468,0.0474,0,0.00,0.013,0.002,0.008,SHIFT,0.1147,0.1968,1.2961,-0.0278,0.3567,-0.1838,0.6246,-0.2035,0.0182,0,0.00,0.054,0.116,0.044,SHIFT,-0.1397,0.1591,0.8842,-0.3858,-0.1905,-0.1573,0.6337,0.1755,0.0146,1,7.57,0.247,1.145,0.018,SHIFT,0.1307,0.1484,0.9858,-0.3739,0.1885,-0.1618
19.087,2244,placemove,0.9781,-0.0089,0.2380,-0.0211,-0.1663,0.0047,-0.0567,0.0258,0.2058,-1.3703,-0.9751,-0.3665,1.000,0.000,-0.0052,0.0532,-0.0211,-0.1663,0.0047,0.1244,0,1.2177,-0.3179,0.1747,0,0.00,0.027,0.019,0.001,SHIFT,-0.5577,-0.2283,1.5707,0.2243,-0.3084,-0.1065,1.2284,0.2908,0.1641,1,1.70,0.194,0.375,0.122,SHIFT,0.5039,-0.2197,1.5707,0.2362,0.3005,-0.1082,1.0568,-0.4058,0.1616,1,0.00,0.032,0.402,0.107,SHIFT,0.2226,-0.2439,1.4281,0.0632,-0.3943,-0.0967,0.9793,0.3443,0.0451,0,0.00,0.016,0.023,0.004,SHIFT,0.1186,0.1976,1.2949,-0.0288,0.3566,-0.1839,0.6227,-0.2039,0.0219,0,0.00,0.028,0.054,0.017,SHIFT,-0.1412,0.1677,0.8653,-0.3870,-0.1904,-0.1580,0.6342,0.1751,0.0155,1,0.00,0.018,0.008,0.069,SHIFT,0.1315,0.1326,0.9970,-0.3749,0.1887,-0.1588
19.141,2248,placemove,0.9769,-0.0084,0.2413,-0.0428,-0.1797,0.0029,-0.0815,0.0372,0.2027,-1.0686,-0.6498,-0.2727,1.000,0.000,-0.0179,0.0447,-0.0428,-0.1797,0.0029,0.1281,0,1.2145,-0.3210,0.1889,0,0.00,0.038,0.080,0.004,SHIFT,-0.5624,-0.2332,1.5708,0.2235,-0.3094,-0.1055,1.2297,0.2881,0.1637,1,6.69,0.710,1.701,0.658,SHIFT,0.5051,-0.2164,1.5708,0.2358,0.3004,-0.1089,1.0570,-0.3986,0.1610,1,9.92,0.060,2.940,1.674,SHIFT,0.2303,-0.1908,1.4513,0.0634,-0.3853,-0.1096,0.9825,0.3401,0.0397,0,0.00,0.011,0.055,0.010,SHIFT,0.1210,0.2038,1.2899,-0.0293,0.3562,-0.1850,0.6227,-0.2064,0.0232,0,0.00,0.041,0.019,0.035,SHIFT,-0.1419,0.1794,0.8431,-0.3880,-0.1906,-0.1592,0.6358,0.1728,0.0148,1,5.61,0.825,1.602,0.659,SHIFT,0.1323,0.1052,1.0253,-0.3755,0.1886,-0.1541
19.162,2252,placemove,0.9755,-0.0076,0.2442,-0.0569,-0.1875,0.0018,-0.0866,0.0523,0.1673,-0.6843,-0.4114,-0.1582,1.000,0.000,-0.0328,0.0357,-0.0569,-0.1875,0.0018,0.1310,0,1.2114,-0.3233,0.2007,0,0.00,0.016,0.020,0.003,SHIFT,-0.5667,-0.2450,1.5708,0.2230,-0.3110,-0.1031,1.2302,0.2861,0.1635,1,3.00,0.243,0.806,0.358,SHIFT,0.5039,-0.2116,1.5707,0.2358,0.2998,-0.1099,1.0564,-0.3922,0.1611,1,4.67,0.165,1.415,0.785,SHIFT,0.2362,-0.1551,1.4730,0.0633,-0.3779,-0.1182,0.9845,0.3368,0.0358,0,0.00,0.006,0.041,0.018,SHIFT,0.1211,0.2157,1.2811,-0.0292,0.3553,-0.1871,0.6220,-0.2080,0.0247,0,0.00,0.002,0.018,0.033,SHIFT,-0.1411,0.1916,0.8222,-0.3886,-0.1911,-0.1606,0.6365,0.1713,0.0148,1,3.53,0.506,0.964,0.390,SHIFT,0.1334,0.0911,1.0427,-0.3754,0.1883,-0.1518
19.203,2256,placemove,0.9739,-0.0067,0.2464,-0.0646,-0.1923,0.0030,-0.0981,0.0539,0.1274,-0.3730,-0.2510,0.0490,1.000,0.000,-0.0454,0.0300,-0.0646,-0.1923,0.0030,0.1332,0,1.2089,-0.3247,0.2100,0,0.00,0.015,0.106,0.011,SHIFT,-0.5711,-0.2610,1.5708,0.2227,-0.3130,-0.0998,1.2298,0.2851,0.1636,1,3.42,0.412,0.895,0.460,SHIFT,0.5010,-0.2050,1.5707,0.2360,0.2988,-0.1112,1.0559,-0.3866,0.1612,1,9.12,0.231,2.645,1.459,SHIFT,0.2403,-0.1336,1.4931,0.0630,-0.3723,-0.1234,0.9852,0.3346,0.0329,0,3.87,0.803,0.797,0.213,SHIFT,0.1198,0.2314,1.2701,-0.0288,0.3540,-0.1898,0.6213,-0.2094,0.0257,0,0.00,0.046,0.063,0.035,SHIFT,-0.1396,0.2012,0.8053,-0.3890,-0.1918,-0.1617,0.6365,0.1700,0.0148,1,3.84,0.813,0.909,0.281,SHIFT,0.1347,0.0856,1.0528,-0.3750,0.1877,-0.1512
19.225,2260,placemove,0.9724,-0.0058,0.2481,-0.0683,-0.1952,0.0042,-0.0873,0.0544,0.0972,-0.1789,-0.1419,0.0477,1.000,0.000,-0.0540,0.0257,-0.0683,-0.1952,0.0042,0.1348,0,1.2067,-0.3256,0.2175,0,0.00,0.054,0.103,0.010,SHIFT,-0.5755,-0.2785,1.5708,0.2225,-0.3151,-0.0961,1.2290,0.2846,0.1637,1,2.96,0.402,0.769,0.395,SHIFT,0.4973,-0.1978,1.5707,0.2364,0.2976,-0.1127,1.0552,-0.3819,0.1612,1,9.24,0.532,2.601,1.418,SHIFT,0.2429,-0.1213,1.5098,0.0628,-0.3682,-0.1263,0.9854,0.3331,0.0307,0,4.03,0.813,0.812,0.207,SHIFT,0.1177,0.2483,1.2583,-0.0281,0.3526,-0.1927,0.6204,-0.2103,0.0263,0,0.00,0.081,0.057,0.028,SHIFT,-0.1377,0.2088,0.7916,-0.3892,-0.1925,-0.1625,0.6360,0.1692,0.0147,1,4.21,0.935,0.918,0.233,SHIFT,0.1361,0.0854,1.0579,-0.3746,0.1871,-0.1514
19.267,2264,placemove,0.9711,-0.0048,0.2495,-0.0700,-0.1968,0.0053,-0.0650,0.0545,0.0774,-0.0827,-0.0772,0.0163,1.000,0.000,-0.0592,0.0228,-0.0700,-0.1968,0.0053,0.1361,0,1.2047,-0.3262,0.2234,0,0.00,0.030,0.045,0.004,SHIFT,-0.5796,-0.2955,1.5708,0.2222,-0.3170,-0.0925,1.2283,0.2842,0.1639,1,1.88,0.083,0.515,0.275,SHIFT,0.4933,-0.1910,1.5707,0.2369,0.2964,-0.1141,1.0544,-0.3783,0.1615,1,4.56,0.426,1.256,0.675,SHIFT,0.2444,-0.1148,1.5229,0.0625,-0.3655,-0.1280,0.9854,0.3320,0.0290,0,0.00,0.092,0.005,0.016,SHIFT,0.1152,0.2645,1.2469,-0.0273,0.3512,-0.1955,0.6196,-0.2108,0.0269,0,0.00,0.053,0.025,0.019,SHIFT,-0.1361,0.2152,0.7801,-0.3894,-0.1931,-0.1632,0.6356,0.1688,0.0147,1,4.45,0.850,0.853,0.151,SHIFT,0.1371,0.0879,1.0598,-0.3741,0.1865,-0.1521
19.288,2268,placemove,0.9702,-0.0040,0.2505,-0.0703,-0.1975,0.0066,-0.0464,0.0435,0.0585,-0.0274,-0.0342,0.0906,1.000,0.000,-0.0620,0.0210,-0.0703,-0.1975,0.0066,0.1370,0,1.2031,-0.3267,0.2281,0,0.00,0.023,0.108,0.014,SHIFT,-0.5836,-0.3107,1.5708,0.2218,-0.3187,-0.0893,1.2278,0.2841,0.1640,1,2.99,0.461,0.721,0.338,SHIFT,0.4894,-0.1850,1.5707,0.2374,0.2953,-0.1152,1.0538,-0.3755,0.1616,1,9.07,0.407,2.539,1.363,SHIFT,0.2449,-0.1114,1.5332,0.0621,-0.3635,-0.1289,0.9855,0.3314,0.0277,0,4.09,0.850,0.809,0.194,SHIFT,0.1126,0.2789,1.2369,-0.0266,0.3500,-0.1980,0.6190,-0.2109,0.0272,0,0.00,0.056,0.061,0.023,SHIFT,-0.1348,0.2206,0.7703,-0.3896,-0.1936,-0.1638,0.6353,0.1687,0.0147,1,4.29,0.922,0.840,0.153,SHIFT,0.1379,0.0916,1.0600,-0.3736,0.1861,-0.1530
19.329,2272,placemove,0.9696,-0.0034,0.2513,-0.0704,-0.1978,0.0078,-0.0237,0.0350,0.0469,-0.0177,-0.0174,0.0459,1.000,0.000,-0.0632,0.0201,-0.0704,-0.1978,0.0078,0.1378,0,1.2019,-0.3270,0.2318,0,0.00,0.022,0.044,0.003,STANCE,-0.5872,-0.3236,1.5708,0.2215,-0.3202,-0.0866,1.2275,0.2841,0.1641,1,3.20,0.070,0.918,0.484,STANCE,0.4858,-0.1801,1.5706,0.2379,0.2943,-0.1162,1.0535,-0.3733,0.1618,1,5.42,0.312,1.521,0.807,STANCE,0.2449,-0.1097,1.5412,0.0618,-0.3622,-0.1294,0.9855,0.3309,0.0272,0,0.14,0.060,0.019,0.002,SWING,0.1101,0.2859,1.2350,-0.0259,0.3490,-0.1992,0.6186,-0.2112,0.0274,0,0.00,0.016,0.034,0.016,STANCE,-0.1340,0.2252,0.7618,-0.3898,-0.1940,-0.1642,0.6350,0.1686,0.0147,1,4.67,0.439,1.146,0.348,STANCE,0.1382,0.0955,1.0592,-0.3732,0.1858,-0.1539
19.351,2276,placemove,0.9693,-0.0028,0.2519,-0.0703,-0.1979,0.0089,-0.0166,0.0313,0.0372,-0.0141,-0.0060,0.0636,1.000,0.000,-0.0637,0.0197,-0.0703,-0.1979,0.0089,0.1383,0,1.2011,-0.3273,0.2348,0,0.00,0.009,0.046,0.004,STANCE,-0.5904,-0.3341,1.5708,0.2211,-0.3214,-0.0843,1.2275,0.2840,0.1642,1,3.49,0.135,0.971,0.446,STANCE,0.4826,-0.1762,1.5703,0.2384,0.2935,-0.1170,1.0533,-0.3717,0.1620,1,5.73,0.157,1.637,0.860,STANCE,0.2447,-0.1087,1.5474,0.0615,-0.3612,-0.1297,0.9841,0.3329,0.0348,0,0.00,0.018,0.128,0.104,SWING,0.1069,0.2357,1.2910,-0.0253,0.3504,-0.1907,0.6184,-0.2112,0.0276,0,0.00,0.007,0.037,0.015,STANCE,-0.1337,0.2290,0.7550,-0.3900,-0.1942,-0.1646,0.6350,0.1686,0.0146,1,4.21,0.488,1.183,0.428,STANCE,0.1382,0.0988,1.0579,-0.3729,0.1857,-0.1546
19.391,2280,placemove,0.9690,-0.0024,0.2524,-0.0703,-0.1979,0.0099,-0.0131,0.0236,0.0277,-0.0101,-0.0043,0.0559,1.000,0.000,-0.0638,0.0195,-0.0703,-0.1979,0.0099,0.1388,0,1.2005,-0.3274,0.2371,0,0.00,0.016,0.101,0.014,STANCE,-0.5931,-0.3425,1.5708,0.2207,-0.3223,-0.0825,1.2275,0.2841,0.1642,1,4.10,0.352,1.118,0.440,STANCE,0.4798,-0.1732,1.5700,0.2389,0.2929,-0.1176,1.0532,-0.3704,0.1622,1,8.53,0.276,2.380,1.258,STANCE,0.2442,-0.1080,1.5522,0.0612,-0.3604,-0.1299,0.9819,0.3374,0.0465,0,0.00,0.025,0.107,0.088,SWING,0.1023,0.1691,1.3515,-0.0245,0.3538,-0.1793,0.6183,-0.2112,0.0278,0,0.00,0.029,0.060,0.017,STANCE,-0.1336,0.2320,0.7495,-0.3901,-0.1943,-0.1649,0.6350,0.1686,0.0146,1,5.41,0.850,1.433,0.470,STANCE,0.1380,0.1016,1.0569,-0.3726,0.1857,-0.1552
19.412,2284,placemove,0.9688,-0.0020,0.2529,-0.0705,-0.1979,0.0108,-0.0116,0.0210,0.0249,-0.0178,-0.0033,0.0485,1.000,0.000,-0.0637,0.0195,-0.0705,-0.1979,0.0108,0.1391,0,1.1999,-0.3275,0.2390,0,0.00,0.009,0.039,0.004,STANCE,-0.5955,-0.3491,1.5708,0.2204,-0.3231,-0.0811,1.2275,0.2841,0.1643,1,3.26,0.077,0.813,0.304,STANCE,0.4773,-0.1708,1.5698,0.2393,0.2923,-0.1180,1.0531,-0.3693,0.1624,1,5.14,0.229,1.449,0.758,STANCE,0.2437,-0.1076,1.5559,0.0609,-0.3598,-0.1301,0.9799,0.3430,0.0582,0,0.00,0.018,0.137,0.064,SWING,0.0970,0.1024,1.3989,-0.0237,0.3583,-0.1675,0.6182,-0.2113,0.0279,0,0.00,0.011,0.033,0.011,STANCE,-0.1337,0.2344,0.7451,-0.3903,-0.1943,-0.1652,0.6350,0.1686,0.0146,1,3.94,0.450,1.089,0.386,STANCE,0.1376,0.1038,1.0561,-0.3724,0.1857,-0.1556
19.452,2288,placemove,0.9687,-0.0017,0.2532,-0.0707,-0.1980,0.0116,-0.0094,0.0169,0.0201,-0.0160,-0.0034,0.0419,1.000,0.000,-0.0638,0.0196,-0.0707,-0.1980,0.0116,0.1394,0,1.1995,-0.3276,0.2406,0,0.00,0.009,0.037,0.005,STANCE,-0.5974,-0.3543,1.5708,0.2201,-0.3237,-0.0800,1.2275,0.2841,0.1643,1,3.25,0.074,0.800,0.289,STANCE,0.4753,-0.1690,1.5696,0.2396,0.2919,-0.1184,1.0529,-0.3685,0.1627,1,5.10,0.233,1.435,0.749,STANCE,0.2432,-0.1072,1.5589,0.0606,-0.3594,-0.1302,0.9782,0.3494,0.0700,0,0.00,0.015,0.137,0.051,SWING,0.0903,0.0357,1.4361,-0.0225,0.3637,-0.1555,0.6181,-0.2113,0.0281,0,0.00,0.011,0.033,0.009,STANCE,-0.1338,0.2364,0.7417,-0.3904,-0.1943,-0.1654,0.6350,0.1686,0.0146,1,3.97,0.442,1.077,0.375,STANCE,0.1372,0.1055,1.0554,-0.3722,0.1857,-0.1560
19.475,2292,placemove,0.9685,-0.0014,0.2535,-0.0710,-0.1981,0.0123,-0.0074,0.0135,0.0161,-0.0128,-0.0035,0.0345,1.000,0.000,-0.0639,0.0196,-0.0710,-0.1981,0.0123,0.1396,0,1.1991,-0.3276,0.2418,0,0.00,0.010,0.037,0.005,STANCE,-0.5990,-0.3584,1.5708,0.2198,-0.3242,-0.0791,1.2275,0.2841,0.1644,1,3.28,0.088,0.810,0.294,STANCE,0.4737,-0.1675,1.5694,0.2399,0.2915,-0.1187,1.0529,-0.3679,0.1629,1,5.15,0.233,1.448,0.754,STANCE,0.2427,-0.1069,1.5612,0.0604,-0.3591,-0.1303,0.9793,0.3564,0.0826,0,0.00,0.016,0.136,0.041,SWING,0.0705,-0.0309,1.4652,-0.0180,0.3697,-0.1432,0.6180,-0.2113,0.0283,0,0.00,0.012,0.034,0.008,STANCE,-0.1340,0.2378,0.7390,-0.3905,-0.1943,-0.1655,0.6349,0.1687,0.0146,1,3.98,0.433,1.086,0.381,STANCE,0.1369,0.1068,1.0549,-0.3720,0.1858,-0.1563
19.515,2296,placemove,0.9684,-0.0013,0.2538,-0.0712,-0.1981,0.0129,-0.0066,0.0087,0.0108,-0.0255,0.0055,0.0297,1.000,0.000,-0.0640,0.0196,-0.0712,-0.1981,0.0129,0.1397,0,1.1988,-0.3276,0.2428,0,0.00,0.009,0.038,0.006,STANCE,-0.6002,-0.3616,1.5708,0.2196,-0.3246,-0.0784,1.2275,0.2841,0.1644,1,10.02,1.830,2.082,0.672,STANCE,0.4724,-0.1663,1.5693,0.2401,0.2912,-0.1189,1.0528,-0.3674,0.1631,1,3.32,0.240,0.886,0.463,STANCE,0.2423,-0.1067,1.5631,0.0603,-0.3588,-0.1304,0.9856,0.3638,0.0965,0,15.04,2.940,1.676,0.438,SWING,0.0348,-0.0976,1.4880,-0.0091,0.3759,-0.1305,0.6179,-0.2113,0.0284,0,0.00,0.028,0.046,0.011,STANCE,-0.1342,0.2390,0.7369,-0.3906,-0.1943,-0.1656,0.6349,0.1687,0.0146,1,5.62,1.147,1.327,0.373,STANCE,0.1366,0.1079,1.0545,-0.3719,0.1858,-0.1565
19.537,2300,placemove,0.9684,-0.0012,0.2540,-0.0711,-0.1984,0.0132,-0.0038,0.0076,0.0103,-0.0107,-0.0001,0.0204,1.000,0.000,-0.0640,0.0195,-0.0711,-0.1984,0.0132,0.1399,0,1.1986,-0.3278,0.2437,0,0.00,0.013,0.036,0.004,STANCE,-0.6012,-0.3642,1.5708,0.2195,-0.3249,-0.0778,1.2276,0.2840,0.1646,1,3.22,0.233,0.902,0.401,STANCE,0.4714,-0.1653,1.5694,0.2402,0.2910,-0.1191,1.0528,-0.3671,0.1633,1,5.54,0.200,1.565,0.810,STANCE,0.2421,-0.1066,1.5647,0.0601,-0.3586,-0.1304,0.9845,0.3625,0.0877,0,0.00,0.011,0.020,0.067,SWING,0.0489,-0.0335,1.4423,-0.0127,0.3738,-0.1422,0.6180,-0.2114,0.0285,0,0.00,0.004,0.035,0.007,STANCE,-0.1342,0.2398,0.7353,-0.3906,-0.1943,-0.1657,0.6351,0.1686,0.0146,1,3.98,0.642,1.132,0.418,STANCE,0.1365,0.1088,1.0547,-0.3717,0.1858,-0.1567
19.579,2304,placemove,0.9683,-0.0011,0.2541,-0.0713,-0.1984,0.0134,-0.0033,0.0074,0.0080,-0.0067,-0.0011,0.0127,1.000,0.000,-0.0641,0.0195,-0.0713,-0.1984,0.0134,0.1400,0,1.1984,-0.3278,0.2443,0,0.00,0.012,0.034,0.005,STANCE,-0.6018,-0.3662,1.5708,0.2194,-0.3251,-0.0774,1.2276,0.2840,0.1646,1,3.30,0.120,0.819,0.301,STANCE,0.4707,-0.1646,1.5693,0.2403,0.2908,-0.1193,1.0527,-0.3668,0.1634,1,5.30,0.189,1.498,0.774,STANCE,0.2419,-0.1066,1.5658,0.0601,-0.3584,-0.1304,0.9820,0.3597,0.0871,0,0.00,0.013,0.034,0.050,SWING,0.0584,-0.0474,1.4658,-0.0150,0.3721,-0.1400,0.6179,-0.2114,0.0286,0,0.00,0.014,0.034,0.006,STANCE,-0.1342,0.2405,0.7340,-0.3907,-0.1943,-0.1658,0.6351,0.1686,0.0145,1,4.31,0.458,1.033,0.305,STANCE,0.1364,0.1095,1.0544,-0.3716,0.1858,-0.1569
19.601,2308,placemove,0.9682,-0.0010,0.2543,-0.0714,-0.1984,0.0136,-0.0023,0.0048,0.0063,-0.0034,-0.0012,0.0063,1.000,0.000,-0.0642,0.0195,-0.0714,-0.1984,0.0136,0.1400,0,1.1983,-0.3278,0.2449,0,0.00,0.011,0.036,0.005,STANCE,-0.6023,-0.3679,1.5708,0.2193,-0.3252,-0.0770,1.2276,0.2840,0.1646,1,3.24,0.153,0.820,0.305,STANCE,0.4702,-0.1640,1.5692,0.2404,0.2907,-0.1194,1.0527,-0.3666,0.1636,1,5.16,0.164,1.458,0.753,STANCE,0.2419,-0.1066,1.5665,0.0600,-0.3583,-0.1305,0.9776,0.3659,0.0987,0,0.00,0.013,0.137,0.031,SWING,0.0638,-0.1141,1.4885,-0.0168,0.3776,-0.1272,0.6179,-0.2114,0.0287,0,0.00,0.012,0.035,0.006,STANCE,-0.1341,0.2411,0.7330,-0.3907,-0.1943,-0.1659,0.6351,0.1686,0.0145,1,4.13,0.466,1.015,0.311,STANCE,0.1364,0.1101,1.0541,-0.3716,0.1857,-0.1570
19.644,2312,placemove,0.9682,-0.0009,0.2544,-0.0714,-0.1984,0.0137,-0.0016,0.0033,0.0049,-0.0012,-0.0014,0.0012,1.000,0.000,-0.0643,0.0194,-0.0714,-0.1984,0.0137,0.1401,0,1.1982,-0.3278,0.2453,0,0.00,0.011,0.035,0.005,STANCE,-0.6025,-0.3692,1.5708,0.2193,-0.3254,-0.0767,1.2276,0.2840,0.1646,1,3.25,0.147,0.823,0.307,STANCE,0.4700,-0.1635,1.5691,0.2404,0.2906,-0.1195,1.0527,-0.3664,0.1637,1,5.12,0.157,1.447,0.748,STANCE,0.2420,-0.1067,1.5671,0.0600,-0.3582,-0.1305,0.9738,0.3723,0.1109,0,0.00,0.014,0.137,0.024,SWING,0.0666,-0.1807,1.5063,-0.0179,0.3830,-0.1141,0.6179,-0.2114,0.0287,0,0.00,0.012,0.035,0.006,STANCE,-0.1339,0.2415,0.7323,-0.3907,-0.1944,-0.1659,0.6351,0.1686,0.0145,1,4.12,0.450,1.011,0.309,STANCE,0.1365,0.1106,1.0537,-0.3715,0.1857,-0.1571
19.665,2316,placemove,0.9682,-0.0008,0.2544,-0.0714,-0.1984,0.0136,-0.0016,0.0041,0.0044,-0.0018,-0.0017,-0.0028,1.000,0.000,-0.0643,0.0194,-0.0714,-0.1984,0.0136,0.1401,0,1.1981,-0.3278,0.2456,0,0.00,0.012,0.035,0.005,STANCE,-0.6026,-0.3703,1.5708,0.2193,-0.3254,-0.0765,1.2276,0.2840,0.1646,1,3.23,0.179,0.846,0.334,STANCE,0.4699,-0.1631,1.5690,0.2404,0.2906,-0.1196,1.0527,-0.3663,0.1638,1,5.26,0.155,1.487,0.768,STANCE,0.2421,-0.1067,1.5676,0.0601,-0.3582,-0.1305,0.9711,0.3784,0.1238,0,0.00,0.010,0.137,0.019,SWING,0.0642,-0.2474,1.5202,-0.0176,0.3881,-0.1005,0.6179,-0.2114,0.0288,0,0.00,0.012,0.036,0.005,STANCE,-0.1337,0.2417,0.7318,-0.3907,-0.1945,-0.1659,0.6351,0.1686,0.0145,1,4.13,0.476,1.029,0.322,STANCE,0.1367,0.1109,1.0534,-0.3715,0.1856,-0.1572
19.705,2320,placemove,0.9682,-0.0008,0.2545,-0.0715,-0.1985,0.0136,-0.0011,0.0034,0.0036,-0.0012,-0.0016,-0.0060,1.000,0.000,-0.0643,0.0194,-0.0715,-0.1985,0.0136,0.1402,0,1.1981,-0.3278,0.2459,0,0.00,0.012,0.035,0.005,STANCE,-0.6026,-0.3711,1.5708,0.2193,-0.3255,-0.0763,1.2276,0.2840,0.1646,1,3.28,0.166,0.853,0.335,STANCE,0.4699,-0.1627,1.5689,0.2404,0.2906,-0.1196,1.0527,-0.3662,0.1638,1,5.25,0.163,1.482,0.765,STANCE,0.2424,-0.1068,1.5680,0.0601,-0.3581,-0.1305,0.9728,0.3845,0.1379,0,0.00,0.011,0.137,0.015,SWING,0.0446,-0.3141,1.5312,-0.0124,0.3931,-0.0867,0.6179,-0.2114,0.0288,0,0.00,0.012,0.036,0.005,STANCE,-0.1334,0.2419,0.7315,-0.3907,-0.1945,-0.1659,0.6351,0.1686,0.0145,1,4.09,0.441,1.043,0.337,STANCE,0.1370,0.1113,1.0532,-0.3716,0.1856,-0.1572
19.727,2324,placemove,0.9681,-0.0007,0.2546,-0.0715,-0.1985,0.0134,-0.0008,0.0023,0.0027,-0.0004,-0.0011,-0.0086,1.000,0.000,-0.0643,0.0194,-0.0715,-0.1985,0.0134,0.1402,0,1.1980,-0.3278,0.2461,0,0.00,0.012,0.035,0.005,STANCE,-0.6025,-0.3718,1.5708,0.2194,-0.3255,-0.0762,1.2276,0.2840,0.1646,1,3.45,0.034,0.829,0.290,STANCE,0.4699,-0.1625,1.5689,0.2404,0.2906,-0.1197,1.0527,-0.3661,0.1639,1,5.07,0.140,1.268,0.521,STANCE,0.2426,-0.1068,1.5680,0.0602,-0.3581,-0.1304,0.9804,0.3902,0.1536,0,0.00,0.014,0.137,0.013,SWING,0.0037,-0.3807,1.5397,-0.0010,0.3975,-0.0724,0.6179,-0.2115,0.0289,0,0.00,0.012,0.037,0.005,STANCE,-0.1331,0.2421,0.7312,-0.3906,-0.1946,-0.1660,0.6351,0.1686,0.0145,1,4.10,0.204,0.983,0.291,STANCE,0.1372,0.1115,1.0530,-0.3716,0.1855,-0.1573
19.771,2328,placemove,0.9681,-0.0007,0.2546,-0.0715,-0.1985,0.0133,-0.0007,0.0019,0.0023,-0.0002,-0.0008,-0.0101,1.000,0.000,-0.0643,0.0194,-0.0715,-0.1985,0.0133,0.1402,0,1.1980,-0.3278,0.2463,0,0.00,0.012,0.035,0.005,STANCE,-0.6023,-0.3723,1.5708,0.2194,-0.3256,-0.0761,1.2276,0.2840,0.1646,1,3.47,0.049,0.843,0.299,STANCE,0.4701,-0.1623,1.5688,0.2403,0.2906,-0.1197,1.0527,-0.3661,0.1640,1,5.06,0.125,1.270,0.524,STANCE,0.2429,-0.1068,1.5678,0.0602,-0.3581,-0.1304,0.9931,0.3946,0.1707,0,0.00,0.019,0.138,0.011,SWING,-0.0531,-0.4474,1.5465,0.0152,0.4005,-0.0579,0.6179,-0.2115,0.0289,0,0.00,0.012,0.036,0.005,STANCE,-0.1328,0.2422,0.7310,-0.3906,-0.1947,-0.1660,0.6351,0.1686,0.0145,1,4.05,0.186,0.973,0.289,STANCE,0.1375,0.1117,1.0528,-0.3716,0.1854,-0.1573
19.792,2332,placemove,0.9681,-0.0007,0.2546,-0.0715,-0.1985,0.0131,-0.0005,0.0015,0.0019,-0.0000,-0.0007,-0.0106,1.000,0.000,-0.0644,0.0193,-0.0715,-0.1985,0.0131,0.1402,0,1.1980,-0.3278,0.2464,0,0.00,0.012,0.035,0.005,STANCE,-0.6021,-0.3727,1.5708,0.2195,-0.3256,-0.0760,1.2276,0.2840,0.1646,1,3.48,0.055,0.850,0.305,STANCE,0.4703,-0.1621,1.5687,0.2403,0.2906,-0.1197,1.0527,-0.3661,0.1640,1,5.07,0.117,1.276,0.529,STANCE,0.2432,-0.1068,1.5676,0.0603,-0.3581,-0.1304,1.0071,0.3974,0.1885,0,0.00,0.024,0.138,0.008,SWING,-0.1122,-0.5141,1.5517,0.0323,0.4018,-0.0431,0.6179,-0.2115,0.0289,0,0.00,0.012,0.036,0.005,STANCE,-0.1325,0.2423,0.7309,-0.3906,-0.1948,-0.1660,0.6351,0.1686,0.0145,1,4.00,0.192,0.969,0.291,STANCE,0.1378,0.1119,1.0526,-0.3716,0.1853,-0.1573
19.833,2336,placemove,0.9681,-0.0007,0.2547,-0.0715,-0.1985,0.0129,-0.0004,0.0013,0.0016,0.0000,-0.0007,-0.0104,1.000,0.000,-0.0644,0.0193,-0.0715,-0.1985,0.0129,0.1403,0,1.1980,-0.3279,0.2465,0,0.00,0.012,0.035,0.005,STANCE,-0.6019,-0.3730,1.5708,0.2196,-0.3256,-0.0759,1.2276,0.2840,0.1646,1,3.47,0.047,0.853,0.313,STANCE,0.4705,-0.1620,1.5686,0.2402,0.2906,-0.1198,1.0527,-0.3661,0.1641,1,5.09,0.116,1.283,0.534,STANCE,0.2434,-0.1069,1.5675,0.0604,-0.3581,-0.1304,1.0185,0.3987,0.2060,0,0.00,0.023,0.137,0.005,SWING,-0.1606,-0.5807,1.5558,0.0464,0.4017,-0.0282,0.6179,-0.2115,0.0290,0,0.00,0.012,0.036,0.005,STANCE,-0.1322,0.2423,0.7308,-0.3905,-0.1949,-0.1660,0.6351,0.1686,0.0145,1,4.00,0.205,0.971,0.292,STANCE,0.1381,0.1120,1.0525,-0.3717,0.1852,-0.1574
19.855,2340,placemove,0.9681,-0.0006,0.2547,-0.0715,-0.1986,0.0127,-0.0001,0.0009,0.0014,-0.0005,-0.0013,-0.0111,1.000,0.000,-0.0643,0.0193,-0.0715,-0.1986,0.0127,0.1403,0,1.1980,-0.3279,0.2466,0,0.00,0.016,0.036,0.005,STANCE,-0.6017,-0.3733,1.5708,0.2196,-0.3255,-0.0759,1.2276,0.2840,0.1646,1,3.17,0.010,0.917,0.468,STANCE,0.4707,-0.1619,1.5688,0.2402,0.2906,-0.1198,1.0527,-0.3661,0.1641,1,5.10,0.095,1.284,0.531,STANCE,0.2437,-0.1068,1.5674,0.0605,-0.3581,-0.1304,1.0282,0.3978,0.2155,0,0.00,0.028,0.057,0.002,SWING,-0.1986,-0.6042,1.5591,0.0573,0.4000,-0.0230,0.6179,-0.2115,0.0290,0,0.00,0.009,0.036,0.005,STANCE,-0.1319,0.2424,0.7308,-0.3905,-0.1950,-0.1660,0.6351,0.1686,0.0145,1,3.93,0.200,0.974,0.302,STANCE,0.1384,0.1122,1.0523,-0.3717,0.1852,-0.1574
19.895,2344,placemove,0.9681,-0.0006,0.2547,-0.0715,-0.1986,0.0126,-0.0001,0.0009,0.0010,-0.0008,-0.0003,-0.0088,1.000,0.000,-0.0643,0.0193,-0.0715,-0.1986,0.0126,0.1403,0,1.1980,-0.3279,0.2467,0,0.00,0.012,0.035,0.005,STANCE,-0.6015,-0.3735,1.5708,0.2197,-0.3255,-0.0758,1.2276,0.2840,0.1646,1,3.43,0.014,0.846,0.318,STANCE,0.4709,-0.1619,1.5689,0.2401,0.2906,-0.1198,1.0527,-0.3661,0.1642,1,5.10,0.129,1.280,0.530,STANCE,0.2440,-0.1068,1.5673,0.0605,-0.3581,-0.1304,1.0386,0.3938,0.2072,0,0.00,0.026,0.059,0.002,SWING,-0.2286,-0.5522,1.5616,0.0654,0.3963,-0.0352,0.6179,-0.2115,0.0290,0,0.00,0.011,0.036,0.005,STANCE,-0.1316,0.2424,0.7307,-0.3905,-0.1951,-0.1660,0.6351,0.1686,0.0145,1,4.00,0.218,0.987,0.305,STANCE,0.1386,0.1122,1.0522,-0.3717,0.1851,-0.1574
19.916,2348,placemove,0.9681,-0.0006,0.2547,-0.0715,-0.1986,0.0124,0.0005,0.0006,0.0008,-0.0005,-0.0007,-0.0073,1.000,0.000,-0.0643,0.0193,-0.0715,-0.1986,0.0124,0.1403,0,1.1979,-0.3279,0.2468,0,0.00,0.012,0.035,0.005,SHIFT,-0.6013,-0.3736,1.5708,0.2197,-0.3255,-0.0758,1.2276,0.2840,0.1646,1,3.47,0.028,0.801,0.252,SHIFT,0.4711,-0.1618,1.5688,0.2401,0.2907,-0.1198,1.0527,-0.3661,0.1642,1,5.17,0.182,1.276,0.515,SHIFT,0.2442,-0.1068,1.5673,0.0606,-0.3581,-0.1304,1.0478,0.3894,0.1943,0,0.00,0.026,0.067,0.001,SHIFT,-0.2522,-0.4855,1.5465,0.0719,0.3939,-0.0493,0.6179,-0.2115,0.0290,0,0.00,0.011,0.036,0.005,SHIFT,-0.1314,0.2425,0.7306,-0.3904,-0.1951,-0.1660,0.6351,0.1686,0.0145,1,4.13,0.247,0.983,0.287,SHIFT,0.1388,0.1123,1.0521,-0.3718,0.1850,-0.1574
19.957,2352,placemove,0.9681,-0.0006,0.2547,-0.0715,-0.1986,0.0123,0.0030,0.0001,0.0010,0.0003,-0.0016,-0.0061,1.000,0.000,-0.0643,0.0193,-0.0715,-0.1986,0.0123,0.1403,0,1.1979,-0.3279,0.2468,0,0.00,0.011,0.035,0.005,SHIFT,-0.6013,-0.3738,1.5708,0.2197,-0.3255,-0.0757,1.2276,0.2840,0.1646,1,3.36,0.107,0.703,0.162,SHIFT,0.4714,-0.1618,1.5689,0.2400,0.2907,-0.1198,1.0527,-0.3661,0.1642,1,5.11,0.349,1.188,0.422,SHIFT,0.2442,-0.1069,1.5673,0.0606,-0.3581,-0.1304,1.0565,0.3921,0.1850,0,0.00,0.023,0.078,0.085,SHIFT,-0.2707,-0.4188,1.4824,0.0783,0.3971,-0.0599,0.6179,-0.2115,0.0290,0,0.00,0.011,0.036,0.006,SHIFT,-0.1313,0.2427,0.7301,-0.3904,-0.1952,-0.1660,0.6351,0.1686,0.0145,1,4.11,0.274,0.943,0.257,SHIFT,0.1390,0.1124,1.0516,-0.3718,0.1850,-0.1574
19.979,2356,placemove,0.9682,-0.0006,0.2548,-0.0715,-0.1987,0.0123,0.0047,-0.0000,0.0011,0.0005,-0.0022,-0.0045,1.000,0.000,-0.0643,0.0192,-0.0715,-0.1987,0.0123,0.1403,0,1.1979,-0.3280,0.2469,0,0.00,0.011,0.035,0.005,SHIFT,-0.6016,-0.3739,1.5708,0.2197,-0.3256,-0.0757,1.2276,0.2840,0.1646,1,3.40,0.197,0.619,0.059,SHIFT,0.4718,-0.1617,1.5691,0.2399,0.2907,-0.1198,1.0527,-0.3661,0.1643,1,5.01,0.468,1.106,0.356,SHIFT,0.2440,-0.1070,1.5675,0.0605,-0.3581,-0.1304,1.0637,0.3927,0.1744,0,0.00,0.020,0.076,0.067,SHIFT,-0.2850,-0.3522,1.4312,0.0830,0.3982,-0.0719,0.6179,-0.2115,0.0290,0,0.00,0.011,0.036,0.006,SHIFT,-0.1313,0.2431,0.7290,-0.3905,-0.1952,-0.1660,0.6351,0.1686,0.0145,1,4.18,0.285,0.937,0.219,SHIFT,0.1393,0.1126,1.0510,-0.3719,0.1850,-0.1574
20.021,2360,placemove,0.9682,-0.0007,0.2549,-0.0711,-0.1990,0.0124,-0.0268,-0.0146,0.0245,0.0888,-0.1036,0.0568,1.000,0.000,-0.0643,0.0192,-0.0711,-0.1990,0.0124,0.1403,0,1.1979,-0.3280,0.2469,0,0.00,0.042,0.069,0.012,SHIFT,-0.6019,-0.3740,1.5708,0.2196,-0.3256,-0.0757,1.2275,0.2840,0.1647,1,0.00,0.051,0.058,0.002,SHIFT,0.4723,-0.1617,1.5693,0.2398,0.2907,-0.1198,1.0527,-0.3661,0.1643,1,6.03,0.195,1.458,0.519,SHIFT,0.2437,-0.1070,1.5677,0.0604,-0.3581,-0.1304,1.0694,0.3918,0.1641,0,0.00,0.049,1.433,0.256,SHIFT,-0.2961,-0.2914,1.3911,0.0863,0.3978,-0.0834,0.6179,-0.2115,0.0290,0,0.00,0.019,0.012,0.003,SHIFT,-0.1313,0.2436,0.7275,-0.3906,-0.1952,-0.1660,0.6351,0.1685,0.0146,1,0.94,0.157,0.192,0.025,SHIFT,0.1395,0.1128,1.0503,-0.3720,0.1849,-0.1574
20.043,2364,placemove,0.9664,-0.0014,0.2562,-0.0595,-0.2070,0.0147,-0.1345,-0.0338,0.0828,1.2526,-0.8372,0.3000,1.000,0.000,-0.0627,0.0180,-0.0595,-0.2070,0.0147,0.1275,0,1.1977,-0.3277,0.2466,0,0.00,0.132,0.143,0.017,SHIFT,-0.6022,-0.3739,1.5708,0.2195,-0.3257,-0.0757,1.2252,0.2853,0.1702,1,0.00,0.108,0.098,0.007,SHIFT,0.4728,-0.1621,1.5697,0.2397,0.2908,-0.1198,1.0531,-0.3667,0.1646,1,12.11,1.088,2.046,0.216,SHIFT,0.2437,-0.1198,1.5681,0.0608,-0.3596,-0.1280,1.0706,0.3899,0.1611,1,10.90,0.208,2.940,1.766,SHIFT,-0.3046,-0.2495,1.3767,0.0882,0.3954,-0.0923,0.6185,-0.2117,0.0260,0,0.00,0.187,0.014,0.005,SHIFT,-0.1314,0.2446,0.7255,-0.3907,-0.1952,-0.1661,0.6339,0.1688,0.0168,1,0.00,0.185,0.020,0.057,SHIFT,0.1392,0.0999,1.0638,-0.3721,0.1851,-0.1552
20.086,2368,placemove,0.9641,-0.0017,0.2568,-0.0353,-0.2231,0.0144,-0.0845,0.0046,0.0520,0.5883,0.2273,0.3835,1.000,0.000,-0.0524,0.0023,-0.0353,-0.2231,0.0144,0.0924,0,1.1971,-0.3266,0.2432,0,0.00,0.778,0.202,0.037,SHIFT,-0.6015,-0.3736,1.5708,0.2197,-0.3255,-0.0758,1.2228,0.2887,0.1836,0,0.00,0.253,1.100,0.135,SHIFT,0.4733,-0.1671,1.5699,0.2399,0.2914,-0.1188,1.0538,-0.3693,0.1673,1,0.00,0.637,0.742,0.080,SHIFT,0.2456,-0.1708,1.5687,0.0628,-0.3655,-0.1180,1.0702,0.3830,0.1613,1,0.00,0.225,0.903,0.212,SHIFT,-0.3114,-0.2031,1.4106,0.0872,0.3860,-0.1049,0.6216,-0.2075,0.0147,0,58.29,2.940,2.940,2.076,SHIFT,-0.1314,0.2487,0.7221,-0.3905,-0.1951,-0.1669,0.6326,0.1741,0.0238,0,0.00,0.596,0.846,0.044,SHIFT,0.1368,0.0497,1.1126,-0.3726,0.1860,-0.1463
20.128,2372,placemove,0.9630,-0.0017,0.2567,-0.0249,-0.2190,0.0195,-0.0650,-0.0032,-0.0836,0.5749,0.2330,0.4337,1.000,0.000,-0.0386,-0.0267,-0.0249,-0.2190,0.0195,0.2354,0,1.1989,-0.3245,0.2395,0,0.00,0.001,0.002,0.001,SHIFT,-0.5984,-0.3754,1.5708,0.2205,-0.3253,-0.0754,1.2195,0.2927,0.1886,0,0.00,0.003,0.009,0.004,SHIFT,0.4733,-0.1832,1.5701,0.2409,0.2929,-0.1156,1.0551,-0.3724,0.1731,0,0.00,0.000,0.033,0.008,SHIFT,0.2495,-0.2158,1.5692,0.0650,-0.3702,-0.1090,1.0666,0.3786,0.1618,0,0.00,0.003,0.006,0.046,SHIFT,-0.3176,-0.2015,1.4453,0.0873,0.3807,-0.1070,0.6181,-0.2075,0.0202,1,0.00,0.004,0.101,0.102,SHIFT,-0.1334,0.2004,0.7716,-0.3923,-0.1952,-0.1587,0.6279,0.1751,0.0343,0,0.00,0.001,0.033,0.061,SHIFT,0.1336,0.0095,1.1545,-0.3722,0.1869,-0.1394
20.172,2376,placemove,0.9619,-0.0018,0.2538,-0.0157,-0.2138,0.0242,-0.0663,-0.0038,-0.2437,0.4956,0.4113,0.3758,1.000,0.000,-0.0272,-0.0547,-0.0157,-0.2138,0.0242,nan,0,1.2009,-0.3225,0.2340,0,0.00,0.000,0.003,0.001,SHIFT,-0.5941,-0.3798,1.5708,0.2218,-0.3251,-0.0744,1.2163,0.2975,0.1923,0,0.00,0.003,0.011,0.006,SHIFT,0.4739,-0.2080,1.5703,0.2423,0.2953,-0.1106,1.0567,-0.3741,0.1739,0,0.00,0.000,0.025,0.005,SHIFT,0.2542,-0.2481,1.5695,0.0671,-0.3731,-0.1024,1.0627,0.3768,0.1629,0,0.00,0.002,0.007,0.038,SHIFT,-0.3223,-0.2114,1.4724,0.0877,0.3776,-0.1061,0.6130,-0.2078,0.0279,0,0.00,0.004,0.044,0.116,SHIFT,-0.1355,0.1368,0.8383,-0.3939,-0.1952,-0.1480,0.6244,0.1755,0.0391,0,0.00,0.002,0.025,0.035,SHIFT,0.1305,-0.0126,1.1804,-0.3714,0.1876,-0.1358
20.202,2380,placemove,0.9608,-0.0018,0.2484,-0.0045,-0.2071,0.0265,-0.0580,-0.0050,-0.3849,0.7671,0.3887,0.2084,1.000,0.000,-0.0172,-0.0784,-0.0045,-0.2071,0.0265,0.0853,0,1.2024,-0.3209,0.2255,0,0.00,0.040,0.012,0.003,SHIFT,-0.5891,-0.3862,1.5708,0.2232,-0.3249,-0.0730,1.2134,0.3022,0.1946,0,0.00,0.061,0.093,0.004,SHIFT,0.4756,-0.2380,1.5704,0.2436,0.2983,-0.1045,1.0579,-0.3747,0.1696,0,0.00,0.035,0.022,0.010,SHIFT,0.2595,-0.2710,1.5698,0.0690,-0.3749,-0.0976,1.0591,0.3763,0.1630,1,2.17,0.443,0.369,0.172,SHIFT,-0.3252,-0.2259,1.4937,0.0880,0.3759,-0.1040,0.6114,-0.2063,0.0293,0,0.00,0.056,0.028,0.106,SHIFT,-0.1366,0.0960,0.9005,-0.3923,-0.1942,-0.1427,0.6215,0.1764,0.0399,0,0.00,0.066,0.000,0.021,SHIFT,0.1278,-0.0212,1.1937,-0.3705,0.1880,-0.1345
20.248,2384,placemove,0.9598,-0.0016,0.2424,0.0024,-0.2122,0.0246,-0.0956,0.0353,-0.2789,-0.0034,-1.0486,-0.1666,1.000,0.000,-0.0070,-0.0984,0.0024,-0.2122,0.0246,0.0785,0,1.2027,-0.3202,0.2189,0,0.00,0.006,0.088,0.008,SHIFT,-0.5839,-0.3932,1.5708,0.2247,-0.3247,-0.0715,1.2120,0.3061,0.1983,0,0.00,0.034,0.105,0.002,SHIFT,0.4786,-0.2709,1.5705,0.2447,0.3015,-0.0977,1.0582,-0.3752,0.1648,1,7.30,0.225,1.120,0.295,SHIFT,0.2649,-0.2892,1.5700,0.0709,-0.3762,-0.0938,1.0576,0.3764,0.1631,1,6.93,0.292,1.130,0.185,SHIFT,-0.3262,-0.2433,1.5104,0.0880,0.3752,-0.1010,0.6125,-0.2033,0.0233,0,0.00,0.009,0.003,0.062,SHIFT,-0.1369,0.0754,0.9421,-0.3902,-0.1932,-0.1408,0.6217,0.1786,0.0345,0,0.00,0.011,0.016,0.009,SHIFT,0.1257,-0.0208,1.1976,-0.3697,0.1884,-0.1349
20.269,2388,placemove,0.9581,-0.0010,0.2380,0.0007,-0.2280,0.0226,-0.0252,0.0182,-0.1518,-0.1487,0.1363,-0.0449,1.000,0.000,-0.0015,-0.1236,0.0007,-0.2280,0.0226,0.0740,0,1.2016,-0.3201,0.2212,0,0.00,0.213,0.113,0.007,SHIFT,-0.5787,-0.4020,1.5708,0.2263,-0.3246,-0.0696,1.2110,0.3092,0.2053,0,0.00,0.159,0.064,0.018,SHIFT,0.4823,-0.3054,1.5705,0.2456,0.3048,-0.0904,1.0580,-0.3754,0.1648,1,0.00,0.221,0.026,0.007,SHIFT,0.2705,-0.2992,1.5702,0.0726,-0.3767,-0.0917,1.0575,0.3766,0.1632,1,18.79,2.940,2.940,0.001,SHIFT,-0.3269,-0.2621,1.5234,0.0882,0.3752,-0.0975,0.6160,-0.2013,0.0133,0,27.92,2.790,2.940,0.816,SHIFT,-0.1365,0.0668,0.9656,-0.3885,-0.1926,-0.1405,0.6253,0.1802,0.0222,0,0.00,0.044,0.481,0.070,SHIFT,0.1239,-0.0119,1.1931,-0.3690,0.1886,-0.1367
20.308,2392,placemove,0.9586,-0.0011,0.2365,-0.0004,-0.2170,0.0204,0.0367,-0.0014,-0.0871,-0.0662,0.6709,-0.1558,1.000,0.000,0.0000,-0.1437,-0.0004,-0.2170,0.0204,0.1226,0,1.2021,-0.3207,0.2205,0,0.00,0.021,0.054,0.004,STANCE,-0.5732,-0.4143,1.5708,0.2281,-0.3246,-0.0669,1.2108,0.3117,0.2080,0,0.00,0.003,0.073,0.001,STANCE,0.4856,-0.3399,1.5706,0.2465,0.3078,-0.0831,1.0581,-0.3760,0.1648,1,4.21,0.075,0.642,0.161,STANCE,0.2766,-0.3078,1.5703,0.0744,-0.3769,-0.0899,1.0574,0.3764,0.1633,1,6.45,0.467,1.356,0.420,STANCE,-0.3269,-0.2798,1.5334,0.0883,0.3754,-0.0942,0.6163,-0.2003,0.0134,1,3.01,0.491,0.874,0.361,SWING,-0.1353,0.0756,0.9746,-0.3861,-0.1920,-0.1434,0.6255,0.1807,0.0207,0,0.00,0.002,0.014,0.018,STANCE,0.1224,0.0045,1.1827,-0.3680,0.1887,-0.1399
20.330,2396,placemove,0.9589,-0.0011,0.2349,-0.0011,-0.2083,0.0182,0.0080,-0.0034,-0.0936,-0.0458,0.3999,-0.1341,1.000,0.000,0.0002,-0.1533,-0.0011,-0.2083,0.0182,0.1210,0,1.2028,-0.3214,0.2202,0,0.00,0.007,0.055,0.005,STANCE,-0.5675,-0.4274,1.5708,0.2299,-0.3247,-0.0640,1.2109,0.3135,0.2106,0,0.00,0.007,0.066,0.000,STANCE,0.4882,-0.3705,1.5706,0.2472,0.3102,-0.0764,1.0584,-0.3765,0.1648,1,4.12,0.093,0.667,0.132,STANCE,0.2829,-0.3156,1.5704,0.0762,-0.3771,-0.0883,1.0575,0.3763,0.1634,1,6.44,0.409,1.292,0.299,STANCE,-0.3270,-0.2949,1.5412,0.0884,0.3757,-0.0913,0.6168,-0.1991,0.0136,1,2.84,0.563,0.795,0.331,SWING,-0.1343,0.0797,0.9873,-0.3839,-0.1915,-0.1453,0.6261,0.1813,0.0189,0,0.00,0.000,0.015,0.019,STANCE,0.1211,0.0225,1.1715,-0.3670,0.1887,-0.1434
20.367,2400,placemove,0.9588,-0.0011,0.2333,-0.0016,-0.2047,0.0162,-0.0186,-0.0018,-0.1010,-0.0239,0.1063,-0.1209,1.000,0.000,-0.0002,-0.1585,-0.0016,-0.2047,0.0162,0.1193,0,1.2031,-0.3219,0.2208,0,0.00,0.011,0.051,0.005,STANCE,-0.5622,-0.4396,1.5708,0.2316,-0.3247,-0.0613,1.2107,0.3149,0.2134,0,0.00,0.009,0.059,0.001,STANCE,0.4903,-0.3962,1.5707,0.2477,0.3121,-0.0708,1.0587,-0.3769,0.1647,1,4.22,0.082,0.613,0.207,STANCE,0.2889,-0.3224,1.5705,0.0779,-0.3772,-0.0868,1.0575,0.3763,0.1636,1,6.57,0.445,1.245,0.255,STANCE,-0.3272,-0.3072,1.5473,0.0885,0.3759,-0.0890,0.6170,-0.1981,0.0137,1,2.83,0.596,0.739,0.312,SWING,-0.1336,0.0734,1.0068,-0.3823,-0.1910,-0.1451,0.6273,0.1817,0.0151,0,0.00,0.004,0.019,0.023,STANCE,0.1202,0.0419,1.1588,-0.3659,0.1885,-0.1472
20.391,2404,placemove,0.9591,-0.0012,0.2327,-0.0016,-0.1937,0.0145,0.0224,0.0002,-0.0330,-0.0056,0.5687,-0.1063,1.000,0.000,-0.0007,-0.1607,-0.0016,-0.1937,0.0145,0.1424,0,1.2036,-0.3223,0.2204,0,0.00,0.011,0.052,0.005,STANCE,-0.5575,-0.4504,1.5708,0.2330,-0.3246,-0.0589,1.2107,0.3159,0.2148,0,0.00,0.006,0.061,0.003,STANCE,0.4920,-0.4171,1.5707,0.2480,0.3136,-0.0662,1.0588,-0.3772,0.1646,1,5.31,0.016,0.871,0.172,STANCE,0.2940,-0.3283,1.5706,0.0794,-0.3773,-0.0855,1.0575,0.3762,0.1637,1,4.50,0.362,0.838,0.132,STANCE,-0.3273,-0.3169,1.5524,0.0886,0.3760,-0.0871,0.6157,-0.1972,0.0180,1,0.00,0.009,0.034,0.030,SWING,-0.1333,0.0620,1.0281,-0.3812,-0.1907,-0.1438,0.6274,0.1820,0.0144,1,3.06,0.465,0.429,0.081,STANCE,0.1196,0.0594,1.1470,-0.3649,0.1883,-0.1506
20.438,2408,placemove,0.9595,-0.0012,0.2323,-0.0015,-0.1851,0.0128,0.0203,0.0009,-0.0205,0.0011,0.4756,-0.0884,1.000,0.000,-0.0009,-0.1592,-0.0015,-0.1851,0.0128,0.1180,0,1.2041,-0.3226,0.2199,0,0.00,0.018,0.048,0.006,STANCE,-0.5538,-0.4589,1.5708,0.2342,-0.3245,-0.0570,1.2110,0.3166,0.2158,0,0.00,0.008,0.054,0.004,STANCE,0.4936,-0.4332,1.5707,0.2482,0.3147,-0.0627,1.0590,-0.3774,0.1646,1,5.34,0.069,0.861,0.182,STANCE,0.2982,-0.3331,1.5706,0.0806,-0.3773,-0.0845,1.0576,0.3761,0.1638,1,4.39,0.467,0.828,0.164,STANCE,-0.3272,-0.3243,1.5562,0.0886,0.3761,-0.0857,0.6156,-0.1964,0.0220,0,0.00,0.010,0.042,0.047,SWING,-0.1308,0.0486,1.0596,-0.3788,-0.1905,-0.1427,0.6273,0.1823,0.0144,1,3.41,0.512,0.456,0.097,STANCE,0.1194,0.0731,1.1379,-0.3642,0.1880,-0.1532
20.460,2412,placemove,0.9598,-0.0011,0.2320,-0.0013,-0.1780,0.0115,0.0197,0.0016,-0.0106,0.0025,0.3846,-0.0691,1.000,0.000,-0.0010,-0.1562,-0.0013,-0.1780,0.0115,0.1177,0,1.2046,-0.3229,0.2194,0,0.00,0.015,0.044,0.006,STANCE,-0.5510,-0.4649,1.5708,0.2351,-0.3245,-0.0556,1.2112,0.3172,0.2164,0,0.00,0.008,0.048,0.005,STANCE,0.4949,-0.4450,1.5707,0.2482,0.3155,-0.0600,1.0591,-0.3775,0.1645,1,5.22,0.055,0.846,0.176,STANCE,0.3013,-0.3366,1.5707,0.0815,-0.3774,-0.0838,1.0577,0.3761,0.1639,1,4.37,0.473,0.824,0.156,STANCE,-0.3269,-0.3298,1.5592,0.0886,0.3762,-0.0847,0.6195,-0.1965,0.0269,0,0.00,0.007,0.041,0.107,SWING,-0.1200,0.0237,1.1240,-0.3727,-0.1915,-0.1409,0.6273,0.1826,0.0145,1,3.34,0.506,0.437,0.098,STANCE,0.1193,0.0850,1.1291,-0.3636,0.1878,-0.1554
20.503,2416,placemove,0.9601,-0.0011,0.2319,-0.0012,-0.1723,0.0105,0.0191,0.0019,-0.0031,0.0013,0.3072,-0.0505,1.000,0.000,-0.0010,-0.1530,-0.0012,-0.1723,0.0105,0.1176,0,1.2050,-0.3230,0.2188,0,0.00,0.013,0.042,0.006,STANCE,-0.5490,-0.4687,1.5708,0.2357,-0.3244,-0.0548,1.2113,0.3176,0.2168,0,0.00,0.008,0.045,0.005,STANCE,0.4961,-0.4534,1.5707,0.2482,0.3161,-0.0582,1.0592,-0.3776,0.1645,1,5.08,0.022,0.830,0.168,STANCE,0.3035,-0.3392,1.5707,0.0822,-0.3774,-0.0832,1.0578,0.3761,0.1640,1,4.33,0.450,0.814,0.141,STANCE,-0.3265,-0.3338,1.5615,0.0885,0.3762,-0.0839,0.6249,-0.2002,0.0332,0,0.00,0.006,0.047,0.108,SWING,-0.0955,-0.0077,1.1907,-0.3654,-0.1961,-0.1375,0.6273,0.1828,0.0145,1,3.29,0.491,0.407,0.114,STANCE,0.1193,0.0952,1.1208,-0.3632,0.1876,-0.1573
20.525,2420,placemove,0.9604,-0.0011,0.2319,-0.0012,-0.1678,0.0098,0.0190,0.0018,0.0023,-0.0008,0.2461,-0.0331,1.000,0.000,-0.0010,-0.1500,-0.0012,-0.1678,0.0098,0.1176,0,1.2053,-0.3230,0.2183,0,0.00,0.012,0.040,0.006,STANCE,-0.5478,-0.4707,1.5708,0.2360,-0.3243,-0.0543,1.2115,0.3179,0.2169,0,0.00,0.009,0.043,0.005,STANCE,0.4970,-0.4592,1.5708,0.2482,0.3165,-0.0569,1.0593,-0.3776,0.1645,1,5.03,0.021,0.824,0.165,STANCE,0.3048,-0.3408,1.5707,0.0825,-0.3774,-0.0829,1.0579,0.3761,0.1640,1,4.29,0.503,0.816,0.159,STANCE,-0.3261,-0.3367,1.5634,0.0883,0.3762,-0.0834,0.6333,-0.2074,0.0391,0,0.00,0.006,0.045,0.107,SWING,-0.0559,-0.0346,1.2574,-0.3553,-0.2040,-0.1349,0.6273,0.1830,0.0145,1,3.31,0.502,0.401,0.119,STANCE,0.1192,0.1039,1.1131,-0.3629,0.1875,-0.1589
20.558,2424,placemove,0.9608,-0.0010,0.2320,-0.0012,-0.1642,0.0094,0.0183,0.0014,0.0061,-0.0029,0.1998,-0.0171,1.000,0.000,-0.0010,-0.1473,-0.0012,-0.1642,0.0094,0.1177,0,1.2056,-0.3231,0.2177,0,0.00,0.010,0.038,0.006,STANCE,-0.5472,-0.4715,1.5708,0.2362,-0.3243,-0.0541,1.2117,0.3181,0.2169,0,0.00,0.008,0.040,0.005,STANCE,0.4977,-0.4629,1.5708,0.2481,0.3168,-0.0561,1.0593,-0.3776,0.1644,1,4.98,0.052,0.815,0.170,STANCE,0.3054,-0.3418,1.5708,0.0827,-0.3774,-0.0827,1.0579,0.3760,0.1641,1,4.17,0.480,0.820,0.192,STANCE,-0.3258,-0.3387,1.5648,0.0882,0.3762,-0.0830,0.6447,-0.2156,0.0435,0,0.00,0.011,0.055,0.092,SWING,-0.0094,-0.0530,1.3228,-0.3431,-0.2123,-0.1340,0.6274,0.1832,0.0145,1,3.37,0.479,0.355,0.161,STANCE,0.1190,0.1115,1.1060,-0.3627,0.1875,-0.1602
20.579,2428,placemove,0.9611,-0.0010,0.2322,-0.0012,-0.1611,0.0092,0.0176,0.0018,0.0089,-0.0042,0.1649,-0.0048,1.000,0.000,-0.0010,-0.1450,-0.0012,-0.1611,0.0092,0.1178,0,1.2058,-0.3231,0.2171,0,0.00,0.008,0.037,0.006,STANCE,-0.5471,-0.4715,1.5708,0.2362,-0.3242,-0.0542,1.2119,0.3182,0.2168,0,0.00,0.008,0.041,0.006,STANCE,0.4982,-0.4652,1.5708,0.2481,0.3170,-0.0556,1.0594,-0.3777,0.1644,1,4.95,0.051,0.813,0.168,STANCE,0.3055,-0.3424,1.5708,0.0828,-0.3775,-0.0825,1.0580,0.3760,0.1641,1,4.18,0.493,0.816,0.183,STANCE,-0.3255,-0.3401,1.5659,0.0882,0.3762,-0.0828,0.6566,-0.2214,0.0452,0,0.00,0.009,0.047,0.067,SWING,0.0308,-0.0534,1.3764,-0.3309,-0.2179,-0.1361,0.6274,0.1833,0.0145,1,3.32,0.494,0.365,0.146,STANCE,0.1187,0.1182,1.0992,-0.3626,0.1876,-0.1614
20.613,2432,placemove,0.9613,-0.0010,0.2323,-0.0012,-0.1587,0.0093,0.0165,0.0017,0.0114,-0.0017,0.1335,0.0056,1.000,0.000,-0.0010,-0.1430,-0.0012,-0.1587,0.0093,0.1180,0,1.2060,-0.3230,0.2162,0,0.00,0.008,0.035,0.007,STANCE,-0.5472,-0.4692,1.5708,0.2361,-0.3242,-0.0547,1.2121,0.3184,0.2166,0,0.00,0.008,0.039,0.006,STANCE,0.4984,-0.4664,1.5708,0.2480,0.3171,-0.0553,1.0594,-0.3777,0.1644,1,4.96,0.058,0.814,0.169,STANCE,0.3051,-0.3426,1.5708,0.0827,-0.3775,-0.0825,1.0580,0.3760,0.1642,1,4.11,0.540,0.804,0.191,STANCE,-0.3254,-0.3410,1.5668,0.0881,0.3762,-0.0826,0.6728,-0.2231,0.0393,0,0.00,0.007,0.017,0.046,SWING,0.0666,-0.0090,1.4185,-0.3153,-0.2192,-0.1465,0.6274,0.1834,0.0145,1,3.36,0.539,0.412,0.114,STANCE,0.1182,0.1241,1.0928,-0.3625,0.1876,-0.1624
20.635,2436,placemove,0.9616,-0.0009,0.2326,-0.0013,-0.1566,0.0094,0.0154,0.0015,0.0121,-0.0031,0.1139,0.0133,1.000,0.000,-0.0011,-0.1413,-0.0013,-0.1566,0.0094,0.1181,0,1.2064,-0.3226,0.2145,0,0.00,0.008,0.031,0.007,STANCE,-0.5472,-0.4622,1.5708,0.2359,-0.3238,-0.0562,1.2123,0.3185,0.2164,0,0.00,0.009,0.036,0.006,STANCE,0.4984,-0.4669,1.5708,0.2480,0.3171,-0.0552,1.0595,-0.3777,0.1644,1,4.98,0.067,0.816,0.171,STANCE,0.3045,-0.3426,1.5708,0.0825,-0.3776,-0.0825,1.0580,0.3760,0.1643,1,4.19,0.508,0.843,0.224,STANCE,-0.3254,-0.3416,1.5674,0.0881,0.3762,-0.0825,0.6910,-0.2220,0.0296,0,0.00,0.008,0.069,0.032,SWING,0.0996,0.0577,1.4417,-0.2993,-0.2182,-0.1597,0.6274,0.1835,0.0145,1,3.36,0.509,0.365,0.144,STANCE,0.1177,0.1295,1.0868,-0.3624,0.1878,-0.1633
20.679,2440,placemove,0.9619,-0.0009,0.2328,-0.0013,-0.1549,0.0098,0.0221,-0.0014,0.0139,-0.0042,0.0951,0.0182,1.000,0.000,-0.0011,-0.1399,-0.0013,-0.1549,0.0098,0.1183,0,1.2067,-0.3220,0.2120,0,0.00,0.011,0.029,0.009,SHIFT,-0.5473,-0.4518,1.5708,0.2356,-0.3233,-0.0586,1.2124,0.3186,0.2162,0,0.00,0.039,0.021,0.004,SHIFT,0.4984,-0.4669,1.5708,0.2480,0.3171,-0.0552,1.0595,-0.3777,0.1644,1,5.19,0.225,0.818,0.197,SHIFT,0.3036,-0.3424,1.5709,0.0823,-0.3776,-0.0825,1.0580,0.3760,0.1644,1,3.78,0.757,0.799,0.321,SHIFT,-0.3254,-0.3420,1.5679,0.0881,0.3761,-0.0825,0.7033,-0.2224,0.0217,0,0.00,0.021,0.056,0.028,SHIFT,0.1254,0.1048,1.4396,-0.2896,-0.2188,-0.1683,0.6274,0.1835,0.0145,1,4.76,0.601,0.395,0.287,SHIFT,0.1171,0.1344,1.0808,-0.3624,0.1879,-0.1641
20.700,2444,placemove,0.9625,-0.0010,0.2331,-0.0013,-0.1535,0.0101,0.0454,-0.0038,0.0214,-0.0024,0.0832,0.0227,1.000,0.000,-0.0011,-0.1387,-0.0013,-0.1535,0.0101,0.1186,0,1.2072,-0.3214,0.2090,0,0.00,0.014,0.025,0.007,SHIFT,-0.5486,-0.4385,1.5708,0.2349,-0.3228,-0.0615,1.2126,0.3187,0.2159,0,0.00,0.007,0.035,0.006,SHIFT,0.4995,-0.4664,1.5708,0.2478,0.3173,-0.0553,1.0595,-0.3779,0.1644,1,5.13,0.353,0.806,0.193,SHIFT,0.3012,-0.3419,1.5708,0.0816,-0.3778,-0.0827,1.0581,0.3761,0.1644,1,3.76,0.306,0.619,0.068,SHIFT,-0.3241,-0.3419,1.5684,0.0877,0.3762,-0.0825,0.7075,-0.2231,0.0245,0,0.00,0.012,0.040,0.039,SHIFT,0.1375,0.0969,1.4680,-0.2856,-0.2193,-0.1669,0.6274,0.1835,0.0145,1,3.53,0.021,0.365,0.156,SHIFT,0.1170,0.1399,1.0720,-0.3627,0.1881,-0.1648
20.741,2448,placemove,0.9635,-0.0011,0.2335,-0.0014,-0.1522,0.0105,0.0635,-0.0039,0.0261,-0.0024,0.0697,0.0243,1.000,0.000,-0.0012,-0.1376,-0.0014,-0.1522,0.0105,0.1190,0,1.2077,-0.3209,0.2057,0,0.00,0.012,0.024,0.007,SHIFT,-0.5511,-0.4234,1.5708,0.2338,-0.3223,-0.0649,1.2129,0.3190,0.2157,0,0.00,0.007,0.033,0.006,SHIFT,0.5017,-0.4656,1.5708,0.2472,0.3175,-0.0555,1.0596,-0.3782,0.1644,1,5.15,0.379,0.809,0.191,SHIFT,0.2974,-0.3411,1.5708,0.0806,-0.3780,-0.0828,1.0581,0.3761,0.1645,1,3.62,0.241,0.563,0.133,SHIFT,-0.3214,-0.3414,1.5689,0.0870,0.3763,-0.0827,0.7115,-0.2230,0.0264,0,0.00,0.010,0.037,0.030,SHIFT,0.1454,0.0938,1.4902,-0.2822,-0.2190,-0.1664,0.6275,0.1835,0.0145,1,3.55,0.080,0.357,0.165,SHIFT,0.1173,0.1459,1.0603,-0.3633,0.1883,-0.1656
20.763,2452,placemove,0.9647,-0.0011,0.2340,-0.0014,-0.1512,0.0109,0.0771,-0.0041,0.0291,-0.0024,0.0554,0.0239,1.000,0.000,-0.0012,-0.1366,-0.0014,-0.1512,0.0109,0.1195,0,1.2081,-0.3204,0.2022,0,0.00,0.008,0.023,0.007,SHIFT,-0.5546,-0.4070,1.5708,0.2325,-0.3218,-0.0685,1.2132,0.3194,0.2156,0,0.00,0.007,0.033,0.006,SHIFT,0.5049,-0.4645,1.5708,0.2464,0.3180,-0.0557,1.0596,-0.3785,0.1644,1,5.11,0.312,0.809,0.189,SHIFT,0.2925,-0.3401,1.5708,0.0793,-0.3783,-0.0830,1.0581,0.3763,0.1645,1,3.74,0.232,0.585,0.136,SHIFT,-0.3178,-0.3407,1.5693,0.0860,0.3765,-0.0828,0.7154,-0.2224,0.0276,0,0.00,0.007,0.034,0.023,SHIFT,0.1502,0.0943,1.5076,-0.2794,-0.2182,-0.1664,0.6277,0.1835,0.0145,1,3.43,0.034,0.338,0.165,SHIFT,0.1179,0.1522,1.0464,-0.3642,0.1885,-0.1663
20.804,2456,placemove,0.9661,-0.0012,0.2345,-0.0014,-0.1504,0.0113,0.0863,-0.0042,0.0305,-0.0020,0.0397,0.0227,1.000,0.000,-0.0012,-0.1358,-0.0014,-0.1504,0.0113,0.1200,0,1.2086,-0.3199,0.1986,0,0.00,0.006,0.023,0.007,SHIFT,-0.5588,-0.3900,1.5708,0.2309,-0.3213,-0.0722,1.2135,0.3199,0.2155,0,0.00,0.007,0.033,0.005,SHIFT,0.5088,-0.4632,1.5708,0.2454,0.3185,-0.0560,1.0596,-0.3789,0.1643,1,5.11,0.300,0.812,0.188,SHIFT,0.2870,-0.3390,1.5708,0.0778,-0.3787,-0.0833,1.0582,0.3765,0.1646,1,3.83,0.252,0.599,0.138,SHIFT,-0.3133,-0.3398,1.5696,0.0848,0.3768,-0.0830,0.7191,-0.2214,0.0282,0,0.00,0.005,0.032,0.018,SHIFT,0.1526,0.0974,1.5213,-0.2770,-0.2170,-0.1668,0.6278,0.1834,0.0145,1,3.30,0.008,0.349,0.141,SHIFT,0.1189,0.1586,1.0309,-0.3653,0.1886,-0.1669
20.826,2460,placemove,0.9676,-0.0013,0.2350,-0.0014,-0.1499,0.0117,0.0932,-0.0034,0.0304,-0.0045,0.0319,0.0203,1.000,0.000,-0.0013,-0.1352,-0.0014,-0.1499,0.0117,0.1205,0,1.2091,-0.3194,0.1950,0,0.00,0.009,0.023,0.007,SHIFT,-0.5634,-0.3729,1.5708,0.2291,-0.3208,-0.0759,1.2138,0.3205,0.2154,0,0.00,0.004,0.032,0.006,SHIFT,0.5132,-0.4618,1.5708,0.2443,0.3190,-0.0563,1.0597,-0.3793,0.1643,1,5.09,0.330,0.805,0.187,SHIFT,0.2809,-0.3379,1.5708,0.0762,-0.3791,-0.0835,1.0582,0.3767,0.1646,1,3.70,0.218,0.580,0.134,SHIFT,-0.3083,-0.3387,1.5699,0.0835,0.3771,-0.0833,0.7227,-0.2202,0.0285,0,0.00,0.006,0.029,0.014,SHIFT,0.1532,0.1024,1.5320,-0.2751,-0.2156,-0.1676,0.6279,0.1834,0.0145,1,3.27,0.054,0.339,0.142,SHIFT,0.1201,0.1648,1.0147,-0.3666,0.1888,-0.1674
20.872,2464,placemove,0.9692,-0.0013,0.2355,-0.0015,-0.1496,0.0120,0.0955,-0.0031,0.0296,-0.0034,0.0131,0.0184,1.000,0.000,-0.0013,-0.1348,-0.0015,-0.1496,0.0120,0.1210,0,1.2095,-0.3189,0.1916,0,0.00,0.005,0.023,0.007,SHIFT,-0.5684,-0.3560,1.5708,0.2273,-0.3202,-0.0796,1.2142,0.3211,0.2153,0,0.00,0.003,0.033,0.005,SHIFT,0.5179,-0.4604,1.5708,0.2431,0.3196,-0.0566,1.0597,-0.3798,0.1643,1,5.16,0.261,0.830,0.182,SHIFT,0.2746,-0.3367,1.5708,0.0745,-0.3794,-0.0838,1.0582,0.3770,0.1646,1,3.92,0.202,0.626,0.137,SHIFT,-0.3029,-0.3376,1.5701,0.0820,0.3774,-0.0835,0.7261,-0.2188,0.0285,0,0.00,0.003,0.028,0.011,SHIFT,0.1526,0.1086,1.5404,-0.2734,-0.2141,-0.1685,0.6281,0.1833,0.0145,1,3.10,0.016,0.331,0.125,SHIFT,0.1216,0.1706,0.9982,-0.3679,0.1889,-0.1677
20.894,2468,placemove,0.9708,-0.0014,0.2360,-0.0016,-0.1495,0.0123,0.0958,-0.0031,0.0282,-0.0021,-0.0057,0.0157,1.000,0.000,-0.0013,-0.1345,-0.0016,-0.1495,0.0123,0.1215,0,1.2099,-0.3184,0.1883,0,0.00,0.005,0.023,0.006,SHIFT,-0.5735,-0.3397,1.5708,0.2254,-0.3197,-0.0831,1.2145,0.3218,0.2152,0,0.00,0.003,0.033,0.005,SHIFT,0.5230,-0.4591,1.5708,0.2418,0.3203,-0.0569,1.0598,-0.3802,0.1643,1,5.22,0.293,0.856,0.166,SHIFT,0.2682,-0.3355,1.5708,0.0728,-0.3798,-0.0840,1.0583,0.3773,0.1645,1,4.07,0.257,0.657,0.130,SHIFT,-0.2972,-0.3364,1.5702,0.0805,0.3777,-0.0838,0.7294,-0.2173,0.0282,0,0.00,0.003,0.028,0.009,SHIFT,0.1510,0.1156,1.5470,-0.2719,-0.2125,-0.1696,0.6283,0.1832,0.0146,1,2.91,0.002,0.356,0.081,SHIFT,0.1231,0.1758,0.9817,-0.3694,0.1890,-0.1680
20.936,2472,placemove,0.9724,-0.0014,0.2365,-0.0016,-0.1498,0.0125,0.0948,-0.0032,0.0267,-0.0011,-0.0207,0.0126,1.000,0.000,-0.0014,-0.1345,-0.0016,-0.1498,0.0125,0.1220,0,1.2102,-0.3179,0.1852,0,0.00,0.007,0.023,0.006,SHIFT,-0.5787,-0.3242,1.5708,0.2236,-0.3192,-0.0864,1.2147,0.3224,0.2153,0,0.00,0.003,0.032,0.005,SHIFT,0.5282,-0.4577,1.5708,0.2405,0.3210,-0.0572,1.0598,-0.3806,0.1643,1,5.39,0.345,0.881,0.172,SHIFT,0.2617,-0.3343,1.5708,0.0710,-0.3802,-0.0843,1.0583,0.3776,0.1645,1,4.32,0.300,0.704,0.131,SHIFT,-0.2914,-0.3353,1.5704,0.0789,0.3781,-0.0841,0.7325,-0.2157,0.0277,0,0.00,0.004,0.028,0.007,SHIFT,0.1489,0.1231,1.5521,-0.2706,-0.2108,-0.1707,0.6284,0.1832,0.0146,1,2.66,0.004,0.322,0.073,SHIFT,0.1248,0.1805,0.9657,-0.3709,0.1891,-0.1681
20.958,2476,placemove,0.9739,-0.0015,0.2369,-0.0016,-0.1503,0.0127,0.0925,-0.0031,0.0246,-0.0003,-0.0368,0.0095,1.000,0.000,-0.0014,-0.1347,-0.0016,-0.1503,0.0127,0.1224,0,1.2105,-0.3174,0.1824,0,0.00,0.004,0.025,0.006,SHIFT,-0.5838,-0.3096,1.5708,0.2217,-0.3187,-0.0895,1.2150,0.3231,0.2153,0,0.00,0.003,0.033,0.005,SHIFT,0.5335,-0.4566,1.5708,0.2392,0.3217,-0.0575,1.0598,-0.3810,0.1643,1,5.51,0.361,0.841,0.233,SHIFT,0.2554,-0.3332,1.5708,0.0693,-0.3805,-0.0845,1.0583,0.3779,0.1645,1,4.65,0.386,0.708,0.185,SHIFT,-0.2855,-0.3341,1.5705,0.0773,0.3784,-0.0843,0.7355,-0.2142,0.0271,0,0.00,0.002,0.027,0.006,SHIFT,0.1463,0.1308,1.5562,-0.2694,-0.2092,-0.1718,0.6286,0.1831,0.0146,1,2.08,0.045,0.310,0.012,SHIFT,0.1266,0.1846,0.9502,-0.3724,0.1892,-0.1681
21.003,2480,placemove,0.9755,-0.0015,0.2373,-0.0016,-0.1511,0.0128,0.0893,-0.0027,0.0227,0.0004,-0.0518,0.0068,1.000,0.000,-0.0014,-0.1351,-0.0016,-0.1511,0.0128,0.1228,0,1.2108,-0.3169,0.1798,0,0.00,0.005,0.025,0.005,SHIFT,-0.5889,-0.2960,1.5708,0.2199,-0.3182,-0.0924,1.2152,0.3237,0.2155,0,0.00,0.003,0.033,0.005,SHIFT,0.5389,-0.4555,1.5708,0.2378,0.3223,-0.0577,1.0599,-0.3814,0.1643,1,5.59,0.387,0.828,0.258,SHIFT,0.2492,-0.3322,1.5708,0.0677,-0.3809,-0.0847,1.0583,0.3782,0.1645,1,4.74,0.421,0.698,0.210,SHIFT,-0.2795,-0.3329,1.5705,0.0757,0.3788,-0.0846,0.7385,-0.2126,0.0263,0,0.00,0.002,0.027,0.005,SHIFT,0.1435,0.1386,1.5593,-0.2684,-0.2076,-0.1730,0.6287,0.1831,0.0147,1,1.96,0.049,0.325,0.014,SHIFT,0.1284,0.1880,0.9354,-0.3739,0.1893,-0.1679
21.025,2484,placemove,0.9768,-0.0016,0.2376,-0.0016,-0.1523,0.0129,0.0683,-0.0006,0.0129,0.0008,-0.1058,0.0035,1.000,0.000,-0.0014,-0.1358,-0.0016,-0.1523,0.0129,0.1231,0,1.2110,-0.3164,0.1775,0,0.00,0.001,0.025,0.004,STANCE,-0.5935,-0.2836,1.5708,0.2183,-0.3177,-0.0950,1.2153,0.3244,0.2157,0,0.00,0.005,0.033,0.005,STANCE,0.5438,-0.4548,1.5708,0.2366,0.3230,-0.0579,1.0599,-0.3818,0.1643,1,5.76,0.315,0.844,0.284,STANCE,0.2436,-0.3313,1.5708,0.0662,-0.3812,-0.0849,1.0583,0.3785,0.1645,1,5.11,0.406,0.736,0.249,STANCE,-0.2741,-0.3319,1.5706,0.0743,0.3791,-0.0848,0.7412,-0.2111,0.0254,0,0.00,0.002,0.028,0.003,STANCE,0.1409,0.1464,1.5618,-0.2673,-0.2061,-0.1741,0.6289,0.1830,0.0147,1,1.31,0.087,0.381,0.138,SWING,0.1300,0.1896,0.9243,-0.3753,0.1893,-0.1676
21.067,2488,placemove,0.9776,-0.0016,0.2376,-0.0017,-0.1561,0.0129,0.0324,-0.0004,-0.0089,0.0014,-0.2982,0.0012,1.000,0.000,-0.0015,-0.1371,-0.0017,-0.1561,0.0129,0.1231,0,1.2112,-0.3159,0.1758,0,0.00,0.003,0.024,0.004,STANCE,-0.5967,-0.2725,1.5708,0.2171,-0.3171,-0.0974,1.2153,0.3249,0.2163,0,0.00,0.004,0.032,0.004,STANCE,0.5476,-0.4544,1.5708,0.2356,0.3235,-0.0580,1.0599,-0.3820,0.1643,1,5.80,0.283,0.849,0.291,STANCE,0.2394,-0.3306,1.5708,0.0650,-0.3814,-0.0851,1.0583,0.3787,0.1644,1,5.20,0.401,0.742,0.261,STANCE,-0.2700,-0.3312,1.5706,0.0731,0.3794,-0.0849,0.7441,-0.2098,0.0237,0,0.00,0.004,0.032,0.002,STANCE,0.1392,0.1545,1.5638,-0.2662,-0.2048,-0.1753,0.6292,0.1830,0.0147,1,1.33,0.101,0.377,0.160,SWING,0.1314,0.1832,0.9241,-0.3764,0.1893,-0.1661
21.089,2492,placemove,0.9778,-0.0016,0.2372,-0.0017,-0.1631,0.0129,-0.0008,-0.0012,-0.0302,0.0022,-0.4775,-0.0002,1.000,0.000,-0.0015,-0.1404,-0.0017,-0.1631,0.0129,0.1227,0,1.2112,-0.3153,0.1748,0,0.00,0.004,0.023,0.004,STANCE,-0.5988,-0.2626,1.5708,0.2162,-0.3164,-0.0994,1.2150,0.3253,0.2175,0,0.00,0.002,0.030,0.004,STANCE,0.5505,-0.4548,1.5708,0.2349,0.3239,-0.0579,1.0598,-0.3822,0.1643,1,5.87,0.408,0.844,0.298,STANCE,0.2364,-0.3303,1.5708,0.0642,-0.3816,-0.0851,1.0582,0.3789,0.1644,1,5.22,0.578,0.734,0.246,STANCE,-0.2668,-0.3308,1.5707,0.0723,0.3795,-0.0850,0.7473,-0.2085,0.0207,0,0.00,0.001,0.034,0.002,STANCE,0.1384,0.1634,1.5653,-0.2649,-0.2035,-0.1766,0.6293,0.1830,0.0147,1,1.60,0.161,0.442,0.205,SWING,0.1328,0.1671,0.9356,-0.3776,0.1894,-0.1630
21.133,2496,placemove,0.9776,-0.0016,0.2366,-0.0018,-0.1718,0.0129,-0.0187,-0.0059,-0.0400,0.0031,-0.5004,-0.0021,1.000,0.000,-0.0015,-0.1458,-0.0018,-0.1718,0.0129,0.1221,0,1.2112,-0.3147,0.1743,0,0.00,0.010,0.025,0.004,STANCE,-0.5997,-0.2537,1.5708,0.2156,-0.3157,-0.1013,1.2144,0.3256,0.2192,0,0.00,0.012,0.031,0.004,STANCE,0.5525,-0.4564,1.5708,0.2344,0.3242,-0.0575,1.0597,-0.3824,0.1643,1,5.90,0.496,0.838,0.297,STANCE,0.2344,-0.3304,1.5708,0.0637,-0.3817,-0.0851,1.0581,0.3790,0.1644,1,4.97,0.568,0.695,0.233,STANCE,-0.2648,-0.3308,1.5707,0.0718,0.3797,-0.0850,0.7508,-0.2073,0.0169,0,0.00,0.006,0.031,0.002,STANCE,0.1386,0.1742,1.5665,-0.2632,-0.2023,-0.1782,0.6293,0.1830,0.0148,1,2.27,0.082,0.382,0.100,SWING,0.1340,0.1460,0.9531,-0.3787,0.1894,-0.1591
21.166,2500,placemove,0.9774,-0.0018,0.2363,-0.0019,-0.1738,0.0121,0.0041,-0.0093,-0.0010,-0.0010,0.0409,-0.0306,1.000,0.000,-0.0016,-0.1518,-0.0019,-0.1738,0.0121,0.1461,0,1.2109,-0.3143,0.1732,0,0.00,0.045,0.035,0.004,STANCE,-0.5996,-0.2471,1.5708,0.2153,-0.3151,-0.1026,1.2141,0.3255,0.2201,0,0.00,0.000,0.039,0.008,STANCE,0.5538,-0.4592,1.5708,0.2342,0.3246,-0.0569,1.0591,-0.3828,0.1643,1,3.24,0.704,0.573,0.130,STANCE,0.2334,-0.3309,1.5708,0.0634,-0.3818,-0.0850,1.0580,0.3789,0.1644,1,4.62,0.624,1.152,0.640,STANCE,-0.2636,-0.3313,1.5704,0.0715,0.3799,-0.0849,0.7528,-0.2063,0.0148,1,2.66,0.046,0.719,0.191,STANCE,0.1395,0.1821,1.5674,-0.2619,-0.2015,-0.1793,0.6296,0.1832,0.0169,1,0.00,0.001,0.027,0.057,SWING,0.1328,0.1225,0.9861,-0.3779,0.1895,-0.1556
21.215,2504,placemove,0.9775,-0.0018,0.2362,-0.0019,-0.1737,0.0120,0.0067,-0.0013,-0.0069,0.0005,0.0062,-0.0039,1.000,0.000,-0.0017,-0.1546,-0.0019,-0.1737,0.0120,0.1217,0,1.2110,-0.3142,0.1726,0,0.00,0.011,0.034,0.003,STANCE,-0.5994,-0.2451,1.5708,0.2152,-0.3149,-0.1031,1.2140,0.3257,0.2207,0,0.00,0.011,0.037,0.005,STANCE,0.5545,-0.4625,1.5708,0.2341,0.3248,-0.0562,1.0590,-0.3829,0.1643,1,4.72,0.759,0.625,0.200,STANCE,0.2329,-0.3316,1.5708,0.0633,-0.3819,-0.0848,1.0580,0.3789,0.1644,1,5.74,0.522,0.811,0.237,STANCE,-0.2631,-0.3319,1.5705,0.0713,0.3799,-0.0848,0.7530,-0.2063,0.0148,1,2.25,0.230,0.453,0.053,STANCE,0.1398,0.1820,1.5681,-0.2618,-0.2015,-0.1793,0.6333,0.1843,0.0212,0,0.00,0.004,0.053,0.107,SWING,0.1226,0.0887,1.0516,-0.3734,0.1909,-0.1518
21.237,2508,placemove,0.9776,-0.0018,0.2361,-0.0019,-0.1737,0.0120,0.0034,0.0036,-0.0078,0.0006,-0.0078,-0.0007,1.000,0.000,-0.0017,-0.1558,-0.0019,-0.1737,0.0120,0.1216,0,1.2112,-0.3139,0.1719,0,0.00,0.014,0.033,0.003,STANCE,-0.5989,-0.2420,1.5708,0.2152,-0.3146,-0.1037,1.2139,0.3259,0.2213,0,0.00,0.009,0.036,0.006,STANCE,0.5550,-0.4655,1.5708,0.2341,0.3250,-0.0555,1.0590,-0.3830,0.1643,1,4.91,0.718,0.676,0.203,STANCE,0.2327,-0.3323,1.5708,0.0633,-0.3820,-0.0847,1.0580,0.3790,0.1643,1,5.14,0.388,0.719,0.273,STANCE,-0.2628,-0.3325,1.5707,0.0713,0.3800,-0.0847,0.7531,-0.2064,0.0148,1,2.58,0.301,0.136,0.250,STANCE,0.1402,0.1813,1.5687,-0.2618,-0.2016,-0.1791,0.6380,0.1891,0.0270,0,0.00,0.010,0.058,0.108,SWING,0.0985,0.0497,1.1182,-0.3675,0.1961,-0.1467
21.279,2512,placemove,0.9776,-0.0018,0.2360,-0.0019,-0.1741,0.0120,0.0004,0.0041,-0.0081,-0.0004,-0.0282,-0.0011,1.000,0.000,-0.0017,-0.1564,-0.0019,-0.1741,0.0120,0.1215,0,1.2113,-0.3134,0.1710,0,0.00,0.013,0.033,0.004,STANCE,-0.5982,-0.2379,1.5708,0.2152,-0.3141,-0.1045,1.2139,0.3262,0.2218,0,0.00,0.013,0.037,0.006,STANCE,0.5553,-0.4681,1.5708,0.2341,0.3252,-0.0549,1.0590,-0.3830,0.1643,1,4.24,0.388,0.719,0.011,STANCE,0.2325,-0.3329,1.5708,0.0632,-0.3820,-0.0846,1.0580,0.3791,0.1643,1,5.00,0.216,0.727,0.252,STANCE,-0.2626,-0.3330,1.5707,0.0713,0.3800,-0.0846,0.7531,-0.2065,0.0148,1,3.40,0.168,0.071,0.507,STANCE,0.1404,0.1799,1.5691,-0.2619,-0.2017,-0.1789,0.6457,0.1974,0.0324,0,0.00,0.006,0.053,0.108,SWING,0.0590,0.0161,1.1849,-0.3585,0.2046,-0.1427
21.301,2516,placemove,0.9776,-0.0017,0.2358,-0.0019,-0.1747,0.0120,-0.0018,0.0035,-0.0082,-0.0011,-0.0407,0.0008,1.000,0.000,-0.0017,-0.1568,-0.0019,-0.1747,0.0120,0.1214,0,1.2115,-0.3128,0.1700,0,0.00,0.012,0.032,0.004,STANCE,-0.5975,-0.2327,1.5708,0.2151,-0.3135,-0.1056,1.2138,0.3263,0.2223,0,0.00,0.012,0.036,0.005,STANCE,0.5555,-0.4702,1.5708,0.2341,0.3253,-0.0544,1.0590,-0.3830,0.1644,1,4.07,0.233,0.726,0.044,STANCE,0.2324,-0.3333,1.5707,0.0632,-0.3821,-0.0845,1.0580,0.3792,0.1643,1,5.05,0.191,0.741,0.249,STANCE,-0.2626,-0.3334,1.5707,0.0712,0.3801,-0.0845,0.7529,-0.2066,0.0147,1,3.56,0.004,0.112,0.558,STANCE,0.1406,0.1781,1.5695,-0.2621,-0.2019,-0.1787,0.6564,0.2067,0.0363,0,0.00,0.008,0.049,0.105,SWING,0.0126,-0.0082,1.2516,-0.3471,0.2135,-0.1406
21.337,2520,placemove,0.9776,-0.0017,0.2357,-0.0019,-0.1754,0.0120,-0.0032,0.0024,-0.0081,-0.0013,-0.0468,0.0015,1.000,0.000,-0.0017,-0.1573,-0.0019,-0.1754,0.0120,0.1212,0,1.2116,-0.3120,0.1688,0,0.00,0.011,0.036,0.005,STANCE,-0.5967,-0.2267,1.5708,0.2151,-0.3129,-0.1068,1.2137,0.3265,0.2227,0,0.00,0.011,0.038,0.006,STANCE,0.5555,-0.4720,1.5708,0.2341,0.3254,-0.0540,1.0590,-0.3830,0.1644,1,4.06,0.193,0.686,0.026,STANCE,0.2323,-0.3337,1.5707,0.0632,-0.3821,-0.0844,1.0580,0.3792,0.1643,1,5.04,0.183,0.744,0.247,STANCE,-0.2626,-0.3338,1.5707,0.0713,0.3801,-0.0844,0.7528,-0.2068,0.0147,1,3.52,0.018,0.112,0.555,STANCE,0.1406,0.1759,1.5698,-0.2624,-0.2021,-0.1783,0.6691,0.2127,0.0373,0,0.00,0.009,0.056,0.088,SWING,-0.0273,-0.0141,1.3175,-0.3340,0.2187,-0.1422
21.359,2524,placemove,0.9775,-0.0016,0.2356,-0.0020,-0.1761,0.0121,-0.0043,0.0017,-0.0080,-0.0018,-0.0505,0.0025,1.000,0.000,-0.0017,-0.1579,-0.0020,-0.1761,0.0121,0.1211,0,1.2117,-0.3113,0.1675,0,0.00,0.011,0.036,0.005,STANCE,-0.5957,-0.2199,1.5708,0.2150,-0.3121,-0.1082,1.2136,0.3266,0.2231,0,0.00,0.010,0.038,0.006,STANCE,0.5556,-0.4736,1.5708,0.2341,0.3255,-0.0537,1.0590,-0.3830,0.1644,1,3.95,0.135,0.673,0.025,STANCE,0.2323,-0.3341,1.5708,0.0632,-0.3821,-0.0843,1.0580,0.3793,0.1643,1,5.09,0.115,0.766,0.237,STANCE,-0.2627,-0.3341,1.5708,0.0713,0.3801,-0.0843,0.7525,-0.2070,0.0147,1,3.70,0.023,0.115,0.584,STANCE,0.1406,0.1736,1.5700,-0.2627,-0.2023,-0.1780,0.6868,0.2141,0.0310,0,0.00,0.007,0.024,0.062,SWING,-0.0630,0.0253,1.3722,-0.3172,0.2194,-0.1522
21.400,2528,placemove,0.9774,-0.0016,0.2354,-0.0020,-0.1770,0.0121,-0.0049,0.0020,-0.0077,-0.0015,-0.0485,0.0029,1.000,0.000,-0.0018,-0.1585,-0.0020,-0.1770,0.0121,0.1210,0,1.2119,-0.3104,0.1660,0,0.00,0.013,0.030,0.004,STANCE,-0.5947,-0.2124,1.5708,0.2148,-0.3113,-0.1097,1.2135,0.3267,0.2235,0,0.00,0.012,0.035,0.006,STANCE,0.5555,-0.4750,1.5708,0.2342,0.3256,-0.0534,1.0590,-0.3830,0.1644,1,3.86,0.115,0.671,0.005,STANCE,0.2322,-0.3344,1.5708,0.0632,-0.3822,-0.0843,1.0580,0.3793,0.1643,1,5.04,0.091,0.761,0.224,STANCE,-0.2629,-0.3345,1.5708,0.0713,0.3801,-0.0842,0.7523,-0.2073,0.0147,1,3.87,0.039,0.128,0.613,STANCE,0.1406,0.1713,1.5701,-0.2630,-0.2026,-0.1777,0.7067,0.2126,0.0204,0,0.00,0.010,0.064,0.039,SWING,-0.0963,0.0920,1.4029,-0.2999,0.2177,-0.1656
21.433,2532,placemove,0.9773,-0.0018,0.2357,-0.0023,-0.1737,0.0133,-0.0090,-0.0302,0.0223,-0.0006,0.2179,0.0856,1.000,0.000,-0.0018,-0.1565,-0.0023,-0.1737,0.0133,0.1304,0,1.2120,-0.3100,0.1652,1,0.00,0.039,0.006,0.002,SHIFT,-0.5944,-0.2118,1.5708,0.2149,-0.3112,-0.1099,1.2130,0.3268,0.2232,0,0.00,0.076,0.103,0.018,SHIFT,0.5556,-0.4760,1.5708,0.2342,0.3256,-0.0531,1.0590,-0.3831,0.1645,1,0.83,0.161,0.176,0.007,SHIFT,0.2321,-0.3346,1.5708,0.0632,-0.3822,-0.0842,1.0573,0.3792,0.1643,1,3.36,0.658,0.640,0.278,SHIFT,-0.2629,-0.3347,1.5708,0.0713,0.3801,-0.0842,0.7510,-0.2082,0.0161,1,0.00,0.054,0.097,0.016,SHIFT,0.1400,0.1645,1.5703,-0.2640,-0.2032,-0.1766,0.7167,0.2130,0.0150,1,0.00,0.127,0.072,0.018,SHIFT,-0.1196,0.1240,1.4059,-0.2919,0.2188,-0.1715
21.488,2536,placemove,0.9774,-0.0020,0.2356,-0.0022,-0.1798,0.0135,0.0077,0.0017,-0.0209,0.0119,-0.7158,0.0013,1.000,0.000,-0.0019,-0.1324,-0.0022,-0.1798,0.0135,0.0712,0,1.2117,-0.3111,0.1672,0,0.00,0.005,0.058,0.004,SHIFT,-0.5983,-0.2164,1.5708,0.2142,-0.3121,-0.1089,1.2126,0.3268,0.2235,0,0.00,0.016,0.050,0.009,SHIFT,0.5579,-0.4722,1.5708,0.2335,0.3257,-0.0540,1.0589,-0.3834,0.1645,1,4.81,0.197,0.713,0.234,SHIFT,0.2293,-0.3335,1.5708,0.0624,-0.3823,-0.0844,1.0570,0.3791,0.1643,1,4.75,0.123,0.717,0.220,SHIFT,-0.2601,-0.3333,1.5708,0.0706,0.3802,-0.0845,0.7480,-0.2103,0.0178,0,0.00,0.007,0.013,0.008,SHIFT,0.1358,0.1421,1.5704,-0.2676,-0.2049,-0.1733,0.7177,0.2142,0.0196,0,0.00,0.002,0.021,0.056,SHIFT,-0.1263,0.0914,1.4416,-0.2910,0.2202,-0.1659
21.510,2540,placemove,0.9774,-0.0020,0.2352,-0.0024,-0.1953,0.0133,0.0103,-0.0092,0.0099,-0.1093,-0.4481,-0.0945,1.000,0.000,-0.0019,-0.1210,-0.0024,-0.1953,0.0133,0.0707,0,1.2114,-0.3103,0.1671,0,0.00,0.012,0.104,0.001,SHIFT,-0.6036,-0.1989,1.5708,0.2121,-0.3109,-0.1125,1.2118,0.3270,0.2247,0,0.00,0.229,0.281,0.049,SHIFT,0.5626,-0.4638,1.5708,0.2321,0.3260,-0.0559,1.0587,-0.3835,0.1645,1,0.00,0.041,0.123,0.019,SHIFT,0.2239,-0.3313,1.5708,0.0609,-0.3824,-0.0849,1.0568,0.3793,0.1643,1,15.51,2.940,2.940,0.731,SHIFT,-0.2545,-0.3309,1.5707,0.0690,0.3804,-0.0850,0.7491,-0.2104,0.0148,0,30.66,2.285,2.940,1.437,SHIFT,0.1305,0.1332,1.5705,-0.2695,-0.2049,-0.1719,0.7209,0.2147,0.0193,0,0.00,0.032,0.505,0.001,SHIFT,-0.1289,0.0691,1.4695,-0.2902,0.2204,-0.1620
21.563,2544,placemove,0.9780,-0.0023,0.2362,-0.0041,-0.2010,0.0123,0.0360,-0.0140,0.0678,-0.1135,-0.4132,-0.0547,1.000,0.000,-0.0023,-0.1228,-0.0041,-0.2010,0.0123,0.1088,0,1.2106,-0.3092,0.1649,1,0.00,0.025,0.083,0.008,SHIFT,-0.6088,-0.1771,1.5708,0.2098,-0.3092,-0.1168,1.2117,0.3267,0.2245,0,0.00,0.027,0.004,0.001,SHIFT,0.5680,-0.4568,1.5708,0.2306,0.3263,-0.0574,1.0576,-0.3842,0.1657,1,0.00,0.023,0.042,0.009,SHIFT,0.2179,-0.3293,1.5708,0.0593,-0.3826,-0.0854,1.0567,0.3790,0.1642,1,2.56,0.144,0.644,0.366,SHIFT,-0.2482,-0.3283,1.5707,0.0673,0.3806,-0.0856,0.7498,-0.2100,0.0146,1,2.32,0.002,0.530,0.112,SHIFT,0.1255,0.1327,1.5705,-0.2702,-0.2041,-0.1718,0.7243,0.2136,0.0203,0,0.00,0.027,0.117,0.016,SHIFT,-0.1301,0.0601,1.4914,-0.2886,0.2195,-0.1605
21.589,2548,placemove,0.9787,-0.0024,0.2372,-0.0060,-0.2103,0.0119,0.0440,-0.0002,0.0298,0.0050,-0.6185,-0.0377,1.000,0.000,-0.0036,-0.1086,-0.0060,-0.2103,0.0119,0.1225,0,1.2099,-0.3086,0.1650,1,0.00,0.016,0.037,0.001,SHIFT,-0.6159,-0.1618,1.5708,0.2074,-0.3084,-0.1198,1.2114,0.3267,0.2247,0,0.00,0.024,0.022,0.007,SHIFT,0.5741,-0.4466,1.5708,0.2288,0.3266,-0.0597,1.0568,-0.3848,0.1676,0,0.00,0.019,0.023,0.004,SHIFT,0.2108,-0.3274,1.5708,0.0573,-0.3829,-0.0858,1.0565,0.3789,0.1643,1,1.03,0.182,0.202,0.101,SHIFT,-0.2409,-0.3250,1.5707,0.0653,0.3808,-0.0863,0.7506,-0.2100,0.0147,1,0.00,0.025,0.029,0.007,SHIFT,0.1194,0.1250,1.5706,-0.2720,-0.2039,-0.1706,0.7280,0.2122,0.0202,0,0.00,0.030,0.017,0.022,SHIFT,-0.1289,0.0533,1.5086,-0.2876,0.2183,-0.1593
21.626,2552,placemove,0.9799,-0.0024,0.2373,-0.0044,-0.2207,0.0111,0.0965,-0.0054,0.0099,0.0826,-0.7053,0.0155,1.000,0.000,-0.0043,-0.0858,-0.0044,-0.2207,0.0111,0.1227,0,1.2092,-0.3090,0.1649,1,3.49,0.198,0.849,0.281,SHIFT,-0.6265,-0.1538,1.5706,0.2045,-0.3086,-0.1214,1.2114,0.3266,0.2237,0,0.00,0.013,0.019,0.007,SHIFT,0.5818,-0.4296,1.5708,0.2264,0.3266,-0.0635,1.0562,-0.3851,0.1669,0,0.00,0.007,0.040,0.005,SHIFT,0.2017,-0.3251,1.5708,0.0548,-0.3832,-0.0862,1.0564,0.3791,0.1643,1,4.83,0.200,0.847,0.109,SHIFT,-0.2316,-0.3205,1.5707,0.0628,0.3811,-0.0872,0.7492,-0.2103,0.0147,1,6.16,0.033,0.148,0.946,SHIFT,0.1110,0.1023,1.5706,-0.2762,-0.2047,-0.1671,0.7311,0.2116,0.0197,0,0.00,0.003,0.054,0.019,SHIFT,-0.1248,0.0437,1.5220,-0.2878,0.2173,-0.1576
21.647,2556,placemove,0.9817,-0.0026,0.2376,-0.0034,-0.2343,0.0114,0.1070,-0.0154,0.0199,0.0568,-0.8518,0.0355,1.000,0.000,-0.0039,-0.0638,-0.0034,-0.2343,0.0114,0.1230,0,1.2091,-0.3090,0.1649,1,3.23,0.051,0.876,0.409,SHIFT,-0.6396,-0.1418,1.5707,0.2009,-0.3086,-0.1238,1.2114,0.3263,0.2220,0,0.00,0.006,0.009,0.007,SHIFT,0.5910,-0.4069,1.5708,0.2234,0.3264,-0.0685,1.0563,-0.3855,0.1664,0,0.00,0.016,0.030,0.004,SHIFT,0.1906,-0.3221,1.5708,0.0518,-0.3835,-0.0869,1.0562,0.3793,0.1643,1,4.17,0.227,0.787,0.022,SHIFT,-0.2206,-0.3155,1.5707,0.0597,0.3813,-0.0883,0.7485,-0.2112,0.0146,1,5.29,0.130,0.045,0.761,SHIFT,0.1012,0.0760,1.5707,-0.2810,-0.2055,-0.1628,0.7339,0.2106,0.0188,0,0.00,0.003,0.057,0.015,SHIFT,-0.1184,0.0305,1.5326,-0.2891,0.2164,-0.1553
21.687,2560,placemove,0.9835,-0.0028,0.2380,-0.0028,-0.2487,0.0118,0.1105,-0.0153,0.0249,0.0388,-0.8281,0.0312,1.000,0.000,-0.0033,-0.0528,-0.0028,-0.2487,0.0118,0.1234,0,1.2089,-0.3090,0.1648,1,3.35,0.112,0.909,0.426,SHIFT,-0.6538,-0.1284,1.5707,0.1969,-0.3085,-0.1264,1.2114,0.3258,0.2199,0,0.00,0.006,0.007,0.007,SHIFT,0.6011,-0.3823,1.5708,0.2201,0.3261,-0.0739,1.0564,-0.3860,0.1661,0,0.00,0.015,0.029,0.004,SHIFT,0.1787,-0.3186,1.5708,0.0486,-0.3838,-0.0876,1.0560,0.3794,0.1643,1,4.16,0.220,0.805,0.007,SHIFT,-0.2088,-0.3109,1.5707,0.0565,0.3816,-0.0893,0.7479,-0.2121,0.0146,1,5.09,0.179,0.007,0.701,SHIFT,0.0910,0.0496,1.5707,-0.2858,-0.2061,-0.1585,0.7367,0.2095,0.0177,0,0.00,0.002,0.058,0.012,SHIFT,-0.1111,0.0171,1.5408,-0.2908,0.2155,-0.1530
21.709,2564,placemove,0.9854,-0.0031,0.2384,-0.0024,-0.2615,0.0121,0.1096,-0.0160,0.0285,0.0324,-0.7053,0.0201,1.000,0.000,-0.0028,-0.0502,-0.0024,-0.2615,0.0121,0.1239,0,1.2087,-0.3091,0.1648,1,3.72,0.230,1.001,0.476,SHIFT,-0.6674,-0.1163,1.5707,0.1931,-0.3083,-0.1287,1.2115,0.3252,0.2176,0,0.00,0.010,0.014,0.007,SHIFT,0.6110,-0.3586,1.5708,0.2168,0.3256,-0.0790,1.0564,-0.3865,0.1658,0,0.00,0.010,0.028,0.004,SHIFT,0.1671,-0.3153,1.5708,0.0454,-0.3841,-0.0883,1.0558,0.3795,0.1643,1,4.57,0.196,0.853,0.032,SHIFT,-0.1973,-0.3071,1.5706,0.0534,0.3819,-0.0901,0.7477,-0.2126,0.0145,1,4.85,0.279,0.108,0.603,SHIFT,0.0813,0.0270,1.5707,-0.2899,-0.2063,-0.1547,0.7394,0.2082,0.0164,0,0.00,0.000,0.057,0.009,SHIFT,-0.1040,0.0073,1.5473,-0.2922,0.2144,-0.1513
21.752,2568,placemove,0.9872,-0.0033,0.2389,-0.0020,-0.2718,0.0122,0.1078,-0.0130,0.0305,0.0254,-0.5525,0.0109,1.000,0.000,-0.0024,-0.0519,-0.0020,-0.2718,0.0122,0.1244,0,1.2086,-0.3092,0.1647,1,4.17,0.771,0.553,0.078,SHIFT,-0.6799,-0.1065,1.5706,0.1898,-0.3083,-0.1305,1.2117,0.3244,0.2153,0,0.00,0.004,0.014,0.007,SHIFT,0.6204,-0.3369,1.5708,0.2137,0.3251,-0.0837,1.0564,-0.3870,0.1654,0,0.00,0.019,0.030,0.003,SHIFT,0.1563,-0.3125,1.5708,0.0424,-0.3843,-0.0889,1.0557,0.3795,0.1644,1,4.85,0.508,0.752,0.084,SHIFT,-0.1866,-0.3043,1.5707,0.0504,0.3822,-0.0907,0.7478,-0.2128,0.0145,1,3.53,0.241,0.688,0.049,SHIFT,0.0727,0.0094,1.5707,-0.2933,-0.2062,-0.1516,0.7424,0.2067,0.0151,0,0.00,0.001,0.047,0.007,SHIFT,-0.0974,0.0024,1.5524,-0.2931,0.2131,-0.1504
21.787,2572,placemove,0.9890,-0.0033,0.2397,-0.0019,-0.2769,0.0129,0.1082,0.0105,0.0363,0.0359,-0.2833,0.0382,1.000,0.000,-0.0021,-0.0547,-0.0019,-0.2769,0.0129,0.1348,0,1.2086,-0.3094,0.1647,1,6.16,0.648,1.103,0.133,SHIFT,-0.6913,-0.1002,1.5701,0.1868,-0.3086,-0.1317,1.2118,0.3240,0.2126,0,0.00,0.020,0.014,0.007,SHIFT,0.6291,-0.3175,1.5708,0.2109,0.3246,-0.0879,1.0564,-0.3872,0.1653,1,0.00,0.004,0.033,0.003,SHIFT,0.1462,-0.3100,1.5708,0.0397,-0.3845,-0.0895,1.0552,0.3798,0.1644,1,1.82,0.435,0.261,0.041,SHIFT,-0.1766,-0.3022,1.5707,0.0477,0.3825,-0.0911,0.7476,-0.2127,0.0156,1,0.00,0.012,0.047,0.004,SHIFT,0.0650,-0.0047,1.5708,-0.2960,-0.2059,-0.1492,0.7446,0.2053,0.0149,1,4.10,0.242,1.093,0.348,SHIFT,-0.0914,-0.0005,1.5563,-0.2938,0.2119,-0.1499
21.819,2576,placemove,0.9908,-0.0032,0.2403,-0.0017,-0.2806,0.0130,0.0985,0.0047,0.0374,-0.0019,-0.1987,-0.0052,1.000,0.000,-0.0018,-0.0569,-0.0017,-0.2806,0.0130,0.1126,0,1.2084,-0.3105,0.1661,1,0.00,0.004,0.030,0.003,SWING,-0.7012,-0.1075,1.5702,0.1848,-0.3103,-0.1304,1.2122,0.3236,0.2098,0,0.00,0.007,0.022,0.006,STANCE,0.6367,-0.2997,1.5708,0.2083,0.3239,-0.0917,1.0564,-0.3872,0.1649,1,5.92,0.470,0.936,0.124,STANCE,0.1375,-0.3080,1.5708,0.0373,-0.3847,-0.0899,1.0549,0.3803,0.1644,1,5.24,0.403,0.717,0.287,STANCE,-0.1678,-0.3007,1.5707,0.0454,0.3828,-0.0914,0.7477,-0.2121,0.0164,0,0.00,0.005,0.042,0.002,STANCE,0.0586,-0.0148,1.5708,-0.2981,-0.2054,-0.1474,0.7464,0.2043,0.0148,1,1.24,0.075,0.305,0.107,STANCE,-0.0862,-0.0031,1.5594,-0.2944,0.2108,-0.1494
21.845,2580,placemove,0.9922,-0.0031,0.2409,-0.0017,-0.2829,0.0129,0.0795,0.0028,0.0320,-0.0025,-0.0759,-0.0058,1.000,0.000,-0.0016,-0.0601,-0.0017,-0.2829,0.0129,0.1262,0,1.2071,-0.3178,0.1773,0,0.00,0.009,0.133,0.001,SWING,-0.7116,-0.1675,1.5703,0.1849,-0.3183,-0.1187,1.2128,0.3228,0.2069,0,0.00,0.012,0.020,0.006,STANCE,0.6423,-0.2826,1.5708,0.2063,0.3231,-0.0953,1.0563,-0.3872,0.1648,1,5.86,0.590,0.912,0.112,STANCE,0.1310,-0.3064,1.5709,0.0355,-0.3847,-0.0902,1.0549,0.3805,0.1644,1,4.88,0.496,0.640,0.271,STANCE,-0.1611,-0.2997,1.5707,0.0436,0.3830,-0.0916,0.7484,-0.2114,0.0167,0,0.00,0.006,0.038,0.001,STANCE,0.0538,-0.0182,1.5708,-0.2992,-0.2048,-0.1468,0.7481,0.2035,0.0148,1,1.47,0.096,0.366,0.123,STANCE,-0.0823,-0.0037,1.5619,-0.2947,0.2099,-0.1493
21.884,2584,placemove,0.9934,-0.0031,0.2414,-0.0018,-0.2812,0.0128,0.0645,0.0037,0.0274,-0.0034,0.2207,-0.0059,1.000,0.000,-0.0016,-0.0776,-0.0018,-0.2812,0.0128,0.1267,0,1.2041,-0.3260,0.1903,0,0.00,0.014,0.136,0.000,SWING,-0.7241,-0.2342,1.5704,0.1842,-0.3264,-0.1053,1.2136,0.3217,0.2033,0,0.00,0.015,0.023,0.006,STANCE,0.6452,-0.2661,1.5708,0.2050,0.3219,-0.0987,1.0564,-0.3873,0.1647,1,5.75,0.629,0.980,0.039,STANCE,0.1270,-0.3055,1.5708,0.0345,-0.3848,-0.0904,1.0549,0.3807,0.1644,1,4.10,0.508,0.527,0.211,STANCE,-0.1569,-0.2994,1.5708,0.0424,0.3831,-0.0917,0.7500,-0.2103,0.0166,0,0.00,0.008,0.025,0.000,STANCE,0.0513,-0.0105,1.5708,-0.2985,-0.2036,-0.1482,0.7500,0.2025,0.0148,1,2.33,0.094,0.617,0.197,STANCE,-0.0804,0.0032,1.5638,-0.2939,0.2088,-0.1506
21.905,2588,placemove,0.9944,-0.0030,0.2418,-0.0017,-0.2744,0.0127,0.0515,0.0039,0.0210,-0.0059,0.5100,-0.0062,1.000,0.000,-0.0016,-0.1009,-0.0017,-0.2744,0.0127,0.1272,0,1.1994,-0.3335,0.2023,0,0.00,0.016,0.139,0.001,SWING,-0.7389,-0.3009,1.5705,0.1824,-0.3338,-0.0914,1.2146,0.3204,0.1994,0,0.00,0.015,0.028,0.006,STANCE,0.6450,-0.2525,1.5708,0.2045,0.3206,-0.1015,1.0565,-0.3873,0.1646,1,5.80,0.642,0.978,0.027,STANCE,0.1260,-0.3055,1.5707,0.0342,-0.3849,-0.0904,1.0550,0.3809,0.1644,1,4.14,0.510,0.533,0.213,STANCE,-0.1557,-0.3002,1.5708,0.0421,0.3832,-0.0915,0.7526,-0.2086,0.0160,0,0.00,0.009,0.011,0.001,STANCE,0.0515,0.0094,1.5708,-0.2960,-0.2020,-0.1516,0.7524,0.2012,0.0148,1,2.29,0.091,0.612,0.186,STANCE,-0.0810,0.0193,1.5653,-0.2916,0.2074,-0.1534
21.940,2592,placemove,0.9951,-0.0029,0.2421,-0.0017,-0.2637,0.0126,0.0400,0.0048,0.0146,-0.0074,0.6920,-0.0056,1.000,0.000,-0.0015,-0.1222,-0.0017,-0.2637,0.0126,0.1275,0,1.1960,-0.3395,0.2143,0,0.00,0.010,0.140,0.003,SWING,-0.7431,-0.3675,1.5706,0.1830,-0.3395,-0.0771,1.2158,0.3192,0.1953,0,0.00,0.016,0.032,0.005,STANCE,0.6421,-0.2419,1.5708,0.2048,0.3193,-0.1037,1.0566,-0.3873,0.1646,1,5.87,0.467,1.037,0.072,STANCE,0.1272,-0.3064,1.5706,0.0345,-0.3849,-0.0902,1.0551,0.3810,0.1644,1,4.20,0.379,0.579,0.180,STANCE,-0.1567,-0.3018,1.5708,0.0424,0.3833,-0.0912,0.7561,-0.2066,0.0152,0,0.00,0.011,0.001,0.001,STANCE,0.0541,0.0384,1.5708,-0.2919,-0.2001,-0.1566,0.7551,0.1998,0.0148,1,2.30,0.084,0.620,0.180,STANCE,-0.0838,0.0422,1.5665,-0.2882,0.2058,-0.1573
21.974,2596,placemove,0.9958,-0.0031,0.2423,-0.0018,-0.2499,0.0125,0.0371,-0.0094,0.0111,-0.0125,0.7824,0.0047,1.000,0.000,-0.0015,-0.1383,-0.0018,-0.2499,0.0125,0.1525,0,1.2008,-0.3419,0.2281,0,0.00,0.018,0.139,0.000,SWING,-0.7122,-0.4342,1.5706,0.1927,-0.3412,-0.0624,1.2169,0.3179,0.1913,0,0.00,0.012,0.039,0.006,STANCE,0.6378,-0.2358,1.5708,0.2056,0.3183,-0.1050,1.0567,-0.3874,0.1646,1,4.33,0.344,0.604,0.188,STANCE,0.1298,-0.3078,1.5706,0.0352,-0.3850,-0.0899,1.0553,0.3810,0.1644,1,5.73,0.437,1.053,0.129,STANCE,-0.1591,-0.3039,1.5706,0.0431,0.3835,-0.0907,0.7593,-0.2047,0.0149,1,2.10,0.063,0.574,0.156,STANCE,0.0580,0.0687,1.5708,-0.2874,-0.1982,-0.1617,0.7574,0.1982,0.0153,1,0.00,0.012,0.003,0.002,STANCE,-0.0880,0.0660,1.5674,-0.2844,0.2043,-0.1612
22.025,2600,placemove,0.9962,-0.0032,0.2424,-0.0018,-0.2377,0.0124,0.0206,-0.0067,0.0047,-0.0118,0.7073,-0.0044,1.000,0.000,-0.0016,-0.1491,-0.0018,-0.2377,0.0124,0.1278,0,1.2141,-0.3394,0.2443,0,0.00,0.113,0.139,0.001,SWING,-0.6498,-0.5009,1.5707,0.2105,-0.3383,-0.0475,1.2178,0.3171,0.1884,0,0.00,0.014,0.042,0.005,STANCE,0.6333,-0.2339,1.5708,0.2066,0.3176,-0.1054,1.0569,-0.3876,0.1645,1,4.38,0.327,0.616,0.190,STANCE,0.1329,-0.3094,1.5707,0.0361,-0.3850,-0.0896,1.0555,0.3810,0.1644,1,5.88,0.395,1.071,0.101,STANCE,-0.1622,-0.3062,1.5705,0.0439,0.3835,-0.0903,0.7619,-0.2033,0.0149,1,2.18,0.074,0.582,0.156,STANCE,0.0624,0.0943,1.5708,-0.2834,-0.1967,-0.1658,0.7593,0.1968,0.0158,0,0.00,0.012,0.003,0.001,STANCE,-0.0925,0.0874,1.5681,-0.2809,0.2031,-0.1647
22.046,2604,placemove,0.9964,-0.0033,0.2425,-0.0018,-0.2265,0.0123,0.0131,-0.0056,0.0035,-0.0046,0.6201,-0.0035,1.000,0.000,-0.0016,-0.1561,-0.0018,-0.2265,0.0123,0.1279,0,1.2299,-0.3369,0.2632,0,0.00,0.117,0.140,0.053,SWING,-0.5831,-0.5675,1.5381,0.2308,-0.3364,-0.0297,1.2186,0.3162,0.1857,0,0.00,0.015,0.042,0.005,STANCE,0.6285,-0.2313,1.5708,0.2076,0.3169,-0.1059,1.0571,-0.3877,0.1645,1,4.47,0.323,0.631,0.194,STANCE,0.1361,-0.3110,1.5707,0.0370,-0.3850,-0.0892,1.0557,0.3809,0.1644,1,6.06,0.385,1.076,0.053,STANCE,-0.1653,-0.3084,1.5705,0.0448,0.3836,-0.0898,0.7641,-0.2020,0.0149,1,2.20,0.071,0.581,0.152,STANCE,0.0667,0.1175,1.5708,-0.2796,-0.1953,-0.1695,0.7615,0.1954,0.0158,0,0.00,0.010,0.002,0.001,STANCE,-0.0972,0.1103,1.5687,-0.2771,0.2017,-0.1684
22.086,2608,placemove,0.9966,-0.0034,0.2425,-0.0018,-0.2172,0.0123,0.0069,-0.0049,0.0008,-0.0042,0.5103,-0.0025,1.000,0.000,-0.0016,-0.1603,-0.0018,-0.2172,0.0123,0.1279,0,1.2468,-0.3357,0.2869,0,0.00,0.115,0.151,0.102,SWING,-0.5165,-0.6342,1.4714,0.2526,-0.3349,-0.0077,1.2194,0.3154,0.1831,0,0.00,0.014,0.039,0.005,STANCE,0.6241,-0.2279,1.5708,0.2086,0.3161,-0.1066,1.0572,-0.3878,0.1645,1,4.41,0.325,0.625,0.189,STANCE,0.1391,-0.3125,1.5707,0.0378,-0.3850,-0.0889,1.0558,0.3809,0.1644,1,5.97,0.390,1.082,0.087,STANCE,-0.1681,-0.3104,1.5705,0.0456,0.3837,-0.0894,0.7660,-0.2008,0.0149,1,2.24,0.071,0.585,0.151,STANCE,0.0706,0.1370,1.5708,-0.2764,-0.1942,-0.1725,0.7639,0.1939,0.0155,0,0.00,0.011,0.004,0.001,STANCE,-0.1018,0.1324,1.5692,-0.2734,0.2002,-0.1718
22.108,2612,placemove,0.9967,-0.0034,0.2425,-0.0017,-0.2095,0.0123,0.0054,0.0028,0.0041,0.0041,0.5120,0.0166,1.000,0.000,-0.0016,-0.1628,-0.0017,-0.2095,0.0123,0.1279,0,1.2626,-0.3306,0.3119,0,0.00,0.091,0.084,0.074,SWING,-0.4500,-0.7009,1.4083,0.2731,-0.3295,0.0154,1.2199,0.3145,0.1808,0,0.00,0.002,0.008,0.005,STANCE,0.6200,-0.2241,1.5708,0.2094,0.3152,-0.1074,1.0573,-0.3879,0.1645,1,7.63,0.902,1.337,0.112,STANCE,0.1417,-0.3139,1.5707,0.0385,-0.3850,-0.0886,1.0559,0.3808,0.1644,1,2.88,0.588,0.490,0.118,STANCE,-0.1707,-0.3121,1.5705,0.0463,0.3837,-0.0890,0.7674,-0.1999,0.0148,1,0.00,0.004,0.076,0.000,STANCE,0.0739,0.1524,1.5708,-0.2738,-0.1933,-0.1748,0.7663,0.1924,0.0149,0,5.58,0.203,1.374,0.361,STANCE,-0.1059,0.1528,1.5695,-0.2700,0.1988,-0.1749
22.143,2616,placemove,0.9966,-0.0034,0.2425,-0.0017,-0.2040,0.0122,-0.0099,0.0017,-0.0084,-0.0002,0.2087,-0.0009,1.000,0.000,-0.0016,-0.1640,-0.0017,-0.2040,0.0122,0.1527,0,1.2754,-0.3218,0.3312,0,0.00,0.022,0.070,0.041,SWING,-0.3920,-0.7512,1.3725,0.2888,-0.3207,0.0321,1.2203,0.3142,0.1795,0,0.00,0.007,0.040,0.003,STANCE,0.6171,-0.2250,1.5708,0.2101,0.3150,-0.1072,1.0574,-0.3879,0.1645,1,5.61,0.244,0.994,0.017,STANCE,0.1438,-0.3150,1.5707,0.0391,-0.3851,-0.0884,1.0560,0.3809,0.1645,1,4.45,0.257,0.643,0.193,STANCE,-0.1728,-0.3136,1.5705,0.0469,0.3837,-0.0887,0.7677,-0.1995,0.0154,1,0.00,0.009,0.017,0.003,STANCE,0.0762,0.1588,1.5708,-0.2726,-0.1930,-0.1758,0.7676,0.1917,0.0149,1,2.07,0.045,0.532,0.137,STANCE,-0.1089,0.1641,1.5698,-0.2680,0.1981,-0.1766
22.170,2620,placemove,0.9964,-0.0034,0.2423,-0.0017,-0.2013,0.0122,-0.0126,0.0018,-0.0095,-0.0001,0.1367,0.0005,1.000,0.000,-0.0015,-0.1655,-0.0017,-0.2013,0.0122,0.1277,0,1.2858,-0.3127,0.3404,0,0.00,0.025,0.046,0.024,SWING,-0.3442,-0.7707,1.3571,0.3007,-0.3119,0.0389,1.2205,0.3142,0.1794,0,0.00,0.015,0.039,0.003,STANCE,0.6148,-0.2275,1.5708,0.2108,0.3150,-0.1067,1.0574,-0.3879,0.1644,1,5.78,0.393,1.049,0.087,STANCE,0.1456,-0.3158,1.5706,0.0396,-0.3851,-0.0882,1.0560,0.3810,0.1645,1,4.32,0.438,0.615,0.158,STANCE,-0.1746,-0.3148,1.5706,0.0474,0.3837,-0.0884,0.7675,-0.1995,0.0156,0,0.00,0.010,0.024,0.003,STANCE,0.0778,0.1617,1.5708,-0.2720,-0.1930,-0.1762,0.7679,0.1915,0.0149,1,2.44,0.017,0.622,0.160,STANCE,-0.1110,0.1690,1.5700,-0.2670,0.1980,-0.1773
22.203,2624,placemove,0.9962,-0.0033,0.2422,-0.0017,-0.1997,0.0122,-0.0132,0.0025,-0.0079,0.0020,0.0567,0.0156,1.000,0.000,-0.0015,-0.1671,-0.0017,-0.1997,0.0122,0.1276,0,1.2959,-0.3053,0.3427,0,0.00,0.085,0.001,0.005,SHIFT,-0.3031,-0.7563,1.3336,0.3120,-0.3053,0.0382,1.2206,0.3141,0.1792,0,0.00,0.003,0.039,0.008,SHIFT,0.6129,-0.2287,1.5708,0.2113,0.3149,-0.1064,1.0574,-0.3879,0.1644,1,4.98,0.936,0.887,0.178,SHIFT,0.1470,-0.3166,1.5706,0.0400,-0.3851,-0.0881,1.0560,0.3810,0.1645,1,1.53,0.291,0.232,0.035,SHIFT,-0.1761,-0.3158,1.5706,0.0478,0.3837,-0.0882,0.7677,-0.1993,0.0154,0,0.00,0.045,0.012,0.007,SHIFT,0.0793,0.1657,1.5708,-0.2712,-0.1929,-0.1768,0.7680,0.1915,0.0148,1,5.10,0.386,0.577,0.186,SHIFT,-0.1126,0.1716,1.5701,-0.2664,0.1979,-0.1777
22.226,2628,placemove,0.9963,-0.0033,0.2421,-0.0017,-0.1990,0.0123,0.0153,-0.0042,0.0056,-0.0082,0.0980,-0.0178,1.000,0.000,-0.0015,-0.1690,-0.0017,-0.1990,0.0123,0.1275,0,1.3115,-0.3017,0.3355,0,0.00,0.010,0.127,0.068,SHIFT,-0.2652,-0.6897,1.2786,0.3253,-0.3018,0.0280,1.2207,0.3141,0.1791,0,0.00,0.059,0.001,0.005,SHIFT,0.6124,-0.2285,1.5708,0.2114,0.3148,-0.1065,1.0575,-0.3878,0.1644,1,3.02,0.714,0.499,0.102,SHIFT,0.1469,-0.3169,1.5705,0.0400,-0.3851,-0.0880,1.0560,0.3811,0.1646,1,8.07,1.175,1.358,0.038,SHIFT,-0.1759,-0.3164,1.5706,0.0478,0.3838,-0.0881,0.7685,-0.1989,0.0149,0,5.50,0.170,1.348,0.352,SHIFT,0.0798,0.1707,1.5708,-0.2704,-0.1925,-0.1775,0.7681,0.1915,0.0148,1,0.00,0.005,0.082,0.003,SHIFT,-0.1129,0.1723,1.5701,-0.2663,0.1979,-0.1778
22.267,2632,placemove,0.9967,-0.0033,0.2421,-0.0017,-0.1999,0.0123,0.0229,0.0027,0.0001,-0.0008,-0.1440,-0.0038,1.000,0.000,-0.0015,-0.1710,-0.0017,-0.1999,0.0123,0.1524,0,1.3242,-0.2982,0.3253,0,0.00,0.024,0.071,0.051,SHIFT,-0.2364,-0.6230,1.2425,0.3350,-0.2984,0.0150,1.2209,0.3145,0.1798,0,0.00,0.010,0.038,0.003,SHIFT,0.6139,-0.2325,1.5708,0.2112,0.3154,-0.1056,1.0574,-0.3880,0.1644,1,5.19,0.453,0.751,0.204,SHIFT,0.1451,-0.3168,1.5706,0.0395,-0.3852,-0.0880,1.0560,0.3811,0.1646,1,5.41,0.357,0.808,0.203,SHIFT,-0.1742,-0.3165,1.5706,0.0473,0.3839,-0.0881,0.7688,-0.1988,0.0149,1,1.87,0.134,0.028,0.226,SHIFT,0.0787,0.1694,1.5708,-0.2707,-0.1924,-0.1774,0.7676,0.1917,0.0153,1,0.00,0.014,0.032,0.004,SHIFT,-0.1114,0.1666,1.5703,-0.2673,0.1983,-0.1770
22.294,2636,placemove,0.9971,-0.0033,0.2423,-0.0022,-0.2034,0.0116,-0.0007,0.0010,0.0336,-0.1048,-0.3828,-0.1512,1.000,0.000,-0.0015,-0.1737,-0.0022,-0.2034,0.0116,0.1276,0,1.3338,-0.2947,0.3148,0,0.00,0.038,1.280,0.262,SHIFT,-0.2146,-0.5613,1.2191,0.3418,-0.2950,0.0015,1.2210,0.3153,0.1814,0,0.00,0.051,0.050,0.005,SHIFT,0.6168,-0.2374,1.5708,0.2107,0.3162,-0.1046,1.0572,-0.3880,0.1645,1,0.00,0.017,0.042,0.002,SHIFT,0.1422,-0.3165,1.5706,0.0387,-0.3853,-0.0881,1.0561,0.3812,0.1646,1,4.87,0.394,1.013,0.129,SHIFT,-0.1713,-0.3162,1.5706,0.0465,0.3840,-0.0881,0.7688,-0.1989,0.0149,1,5.51,0.186,0.529,0.352,SHIFT,0.0766,0.1647,1.5708,-0.2717,-0.1925,-0.1767,0.7674,0.1921,0.0154,0,0.00,0.026,0.049,0.000,SHIFT,-0.1091,0.1602,1.5704,-0.2685,0.1985,-0.1760
22.354,2640,placemove,0.9959,-0.0036,0.2438,-0.0066,-0.2112,0.0067,-0.1050,-0.0598,0.1448,-0.4223,-0.7333,-0.4794,1.000,0.000,-0.0025,-0.1749,-0.0066,-0.2112,0.0067,0.1172,0,1.3374,-0.2932,0.3110,1,9.96,1.442,2.940,1.785,SHIFT,-0.1985,-0.5224,1.2056,0.3461,-0.2918,-0.0074,1.2213,0.3143,0.1836,0,0.00,0.058,0.053,0.008,SHIFT,0.6201,-0.2396,1.5708,0.2100,0.3167,-0.1042,1.0539,-0.3889,0.1673,0,0.00,0.011,0.139,0.029,SHIFT,0.1384,-0.3161,1.5707,0.0377,-0.3854,-0.0882,1.0567,0.3806,0.1646,1,2.67,0.348,0.665,0.256,SHIFT,-0.1676,-0.3156,1.5707,0.0455,0.3841,-0.0883,0.7673,-0.1988,0.0158,1,0.00,0.091,0.070,0.003,SHIFT,0.0739,0.1581,1.5708,-0.2730,-0.1927,-0.1757,0.7680,0.1923,0.0148,1,15.05,1.061,0.841,1.405,SHIFT,-0.1063,0.1547,1.5706,-0.2696,0.1986,-0.1752
22.376,2644,placemove,0.9950,-0.0050,0.2468,-0.0147,-0.2304,0.0017,-0.0214,-0.0793,0.1725,-0.3980,-1.2147,-0.3314,1.000,0.000,-0.0062,-0.1468,-0.0147,-0.2304,0.0017,0.0831,0,1.3375,-0.2934,0.3115,1,3.20,0.648,0.849,0.491,SHIFT,-0.1884,-0.4785,1.2076,0.3477,-0.2888,-0.0193,1.2225,0.3109,0.1868,0,0.00,0.003,0.032,0.009,SHIFT,0.6252,-0.2328,1.5708,0.2085,0.3166,-0.1056,1.0498,-0.3914,0.1739,0,0.00,0.055,0.003,0.002,SHIFT,0.1316,-0.3158,1.5707,0.0358,-0.3856,-0.0882,1.0585,0.3782,0.1648,1,0.00,0.009,0.045,0.008,SHIFT,-0.1618,-0.3128,1.5707,0.0439,0.3841,-0.0889,0.7641,-0.2016,0.0188,0,0.00,0.025,0.036,0.010,SHIFT,0.0678,0.1318,1.5708,-0.2775,-0.1942,-0.1717,0.7680,0.1922,0.0146,1,6.70,0.472,0.356,0.586,SHIFT,-0.1001,0.1297,1.5711,-0.2738,0.2000,-0.1714
22.408,2648,placemove,0.9952,-0.0064,0.2496,-0.0209,-0.2528,-0.0018,0.0313,-0.0906,0.1541,-0.3124,-1.3824,-0.2541,1.000,0.000,-0.0115,-0.1101,-0.0209,-0.2528,-0.0018,0.0857,0,1.3377,-0.2941,0.3119,1,2.40,0.341,0.681,0.198,SHIFT,-0.1833,-0.4341,1.2094,0.3478,-0.2867,-0.0314,1.2237,0.3070,0.1885,0,0.00,0.027,0.009,0.006,SHIFT,0.6335,-0.2136,1.5708,0.2057,0.3156,-0.1095,1.0466,-0.3939,0.1796,0,0.00,0.029,0.011,0.001,SHIFT,0.1204,-0.3163,1.5707,0.0328,-0.3860,-0.0881,1.0604,0.3758,0.1649,1,0.00,0.029,0.029,0.005,SHIFT,-0.1531,-0.3069,1.5707,0.0415,0.3840,-0.0901,0.7617,-0.2046,0.0211,0,0.00,0.012,0.054,0.009,SHIFT,0.0589,0.0998,1.5708,-0.2830,-0.1956,-0.1667,0.7680,0.1921,0.0146,1,7.86,0.350,0.053,1.060,SHIFT,-0.0914,0.0983,1.5716,-0.2791,0.2015,-0.1664
22.429,2652,placemove,0.9959,-0.0078,0.2519,-0.0249,-0.2758,-0.0036,0.0471,-0.0720,0.1308,-0.1864,-1.3221,-0.1139,1.000,0.000,-0.0166,-0.0924,-0.0249,-0.2758,-0.0036,0.0880,0,1.3381,-0.2952,0.3123,1,3.54,0.450,0.972,0.274,SHIFT,-0.1823,-0.3932,1.2115,0.3467,-0.2853,-0.0424,1.2249,0.3029,0.1891,0,0.00,0.003,0.006,0.008,SHIFT,0.6430,-0.1876,1.5708,0.2022,0.3140,-0.1147,1.0440,-0.3963,0.1842,0,0.00,0.023,0.014,0.002,SHIFT,0.1065,-0.3181,1.5707,0.0290,-0.3866,-0.0877,1.0620,0.3735,0.1650,1,0.00,0.002,0.030,0.007,SHIFT,-0.1432,-0.2990,1.5707,0.0387,0.3837,-0.0918,0.7601,-0.2072,0.0226,0,0.00,0.001,0.061,0.007,SHIFT,0.0487,0.0673,1.5708,-0.2887,-0.1966,-0.1614,0.7681,0.1919,0.0145,1,6.92,0.387,0.549,0.477,SHIFT,-0.0822,0.0660,1.5718,-0.2846,0.2029,-0.1612
22.470,2656,placemove,0.9967,-0.0087,0.2539,-0.0270,-0.2961,-0.0037,0.0463,-0.0460,0.1108,-0.0921,-1.1058,-0.0081,1.000,0.000,-0.0206,-0.0884,-0.0270,-0.2961,-0.0037,0.0898,0,1.3382,-0.2956,0.3126,1,4.62,0.318,1.280,0.702,SHIFT,-0.1841,-0.3602,1.2152,0.3448,-0.2844,-0.0515,1.2255,0.2994,0.1891,0,0.00,0.014,0.003,0.005,SHIFT,0.6516,-0.1604,1.5708,0.1989,0.3119,-0.1201,1.0418,-0.3981,0.1876,0,0.00,0.010,0.027,0.001,SHIFT,0.0917,-0.3210,1.5707,0.0250,-0.3872,-0.0871,1.0629,0.3718,0.1651,1,0.00,0.017,0.021,0.004,SHIFT,-0.1341,-0.2906,1.5708,0.0362,0.3832,-0.0936,0.7595,-0.2088,0.0232,0,0.00,0.004,0.066,0.004,SHIFT,0.0385,0.0408,1.5708,-0.2935,-0.1969,-0.1570,0.7681,0.1917,0.0144,1,6.28,0.339,0.942,0.100,SHIFT,-0.0741,0.0388,1.5716,-0.2892,0.2038,-0.1567
22.491,2660,placemove,0.9975,-0.0093,0.2556,-0.0281,-0.3122,-0.0029,0.0527,-0.0351,0.0929,-0.0515,-0.8571,0.0415,1.000,0.000,-0.0232,-0.0911,-0.0281,-0.3122,-0.0029,0.0914,0,1.3382,-0.2958,0.3129,1,5.65,0.420,1.559,1.114,SHIFT,-0.1875,-0.3362,1.2212,0.3426,-0.2840,-0.0584,1.2261,0.2964,0.1886,0,0.00,0.019,0.003,0.005,SHIFT,0.6584,-0.1350,1.5708,0.1961,0.3097,-0.1251,1.0399,-0.3995,0.1900,0,0.00,0.017,0.029,0.002,SHIFT,0.0772,-0.3243,1.5708,0.0211,-0.3879,-0.0864,1.0635,0.3705,0.1652,1,0.00,0.022,0.022,0.004,SHIFT,-0.1265,-0.2825,1.5708,0.0341,0.3827,-0.0953,0.7597,-0.2094,0.0232,0,0.00,0.003,0.054,0.004,SHIFT,0.0289,0.0227,1.5708,-0.2971,-0.1965,-0.1539,0.7683,0.1914,0.0145,1,5.61,0.408,1.281,0.252,SHIFT,-0.0679,0.0185,1.5713,-0.2927,0.2044,-0.1532
22.524,2664,placemove,0.9985,-0.0098,0.2570,-0.0288,-0.3243,-0.0016,0.0589,-0.0259,0.0769,-0.0409,-0.6270,0.0738,1.000,0.000,-0.0248,-0.0965,-0.0288,-0.3243,-0.0016,0.0927,0,1.3381,-0.2959,0.3131,1,5.83,0.450,1.603,1.150,SHIFT,-0.1921,-0.3198,1.2292,0.3402,-0.2838,-0.0633,1.2267,0.2937,0.1878,0,0.00,0.021,0.006,0.005,SHIFT,0.6635,-0.1122,1.5708,0.1938,0.3075,-0.1295,1.0382,-0.4005,0.1917,0,0.00,0.020,0.032,0.002,SHIFT,0.0634,-0.3273,1.5708,0.0174,-0.3884,-0.0858,1.0640,0.3695,0.1652,1,0.00,0.024,0.023,0.004,SHIFT,-0.1204,-0.2754,1.5708,0.0323,0.3823,-0.0968,0.7608,-0.2093,0.0227,0,0.00,0.005,0.046,0.003,SHIFT,0.0199,0.0131,1.5708,-0.2994,-0.1955,-0.1523,0.7690,0.1909,0.0144,1,5.70,0.427,1.320,0.268,SHIFT,-0.0633,0.0049,1.5711,-0.2950,0.2047,-0.1509
22.546,2668,placemove,0.9995,-0.0102,0.2581,-0.0297,-0.3326,-0.0000,0.0606,-0.0219,0.0614,-0.0250,-0.4372,0.0881,1.000,0.000,-0.0258,-0.1020,-0.0297,-0.3326,-0.0000,0.0939,0,1.3379,-0.2959,0.3133,1,5.61,0.241,1.573,1.128,STANCE,-0.1970,-0.3094,1.2378,0.3379,-0.2839,-0.0668,1.2272,0.2924,0.1879,0,0.00,0.023,0.016,0.000,SWING,0.6677,-0.1030,1.5708,0.1924,0.3067,-0.1312,1.0369,-0.4013,0.1930,0,0.00,0.011,0.027,0.002,STANCE,0.0509,-0.3300,1.5708,0.0139,-0.3888,-0.0852,1.0645,0.3686,0.1650,1,0.59,0.052,0.120,0.038,STANCE,-0.1161,-0.2695,1.5708,0.0311,0.3818,-0.0980,0.7626,-0.2088,0.0220,0,0.00,0.005,0.031,0.002,STANCE,0.0119,0.0105,1.5708,-0.3007,-0.1941,-0.1518,0.7699,0.1902,0.0144,1,5.06,0.280,1.213,0.262,STANCE,-0.0605,-0.0032,1.5709,-0.2964,0.2049,-0.1494
22.580,2672,placemove,1.0004,-0.0106,0.2590,-0.0303,-0.3382,0.0017,0.0493,-0.0199,0.0465,-0.0200,-0.2886,0.0991,1.000,0.000,-0.0266,-0.1066,-0.0303,-0.3382,0.0017,0.0948,0,1.3379,-0.2960,0.3134,1,5.76,0.333,1.576,0.989,STANCE,-0.2015,-0.3029,1.2446,0.3360,-0.2841,-0.0691,1.2258,0.2981,0.1974,0,0.00,0.011,0.124,0.001,SWING,0.6753,-0.1518,1.5708,0.1929,0.3132,-0.1218,1.0359,-0.4020,0.1939,0,0.00,0.009,0.031,0.002,STANCE,0.0406,-0.3323,1.5708,0.0111,-0.3891,-0.0847,1.0652,0.3678,0.1649,1,0.49,0.039,0.093,0.029,STANCE,-0.1142,-0.2647,1.5708,0.0306,0.3814,-0.0990,0.7650,-0.2082,0.0211,0,0.00,0.002,0.031,0.001,STANCE,0.0053,0.0132,1.5708,-0.3012,-0.1926,-0.1523,0.7710,0.1895,0.0144,1,5.29,0.308,1.297,0.298,STANCE,-0.0596,-0.0076,1.5708,-0.2971,0.2050,-0.1487
22.601,2676,placemove,1.0011,-0.0109,0.2597,-0.0307,-0.3419,0.0036,0.0369,-0.0165,0.0351,-0.0195,-0.1865,0.1089,1.000,0.000,-0.0272,-0.1100,-0.0307,-0.3419,0.0036,0.0954,0,1.3380,-0.2961,0.3136,1,6.09,0.396,1.664,1.092,STANCE,-0.2056,-0.2990,1.2496,0.3345,-0.2845,-0.0705,1.2217,0.3069,0.2111,0,0.00,0.016,0.131,0.001,SWING,0.6883,-0.2185,1.5708,0.1925,0.3216,-0.1085,1.0352,-0.4025,0.1944,0,0.00,0.014,0.034,0.003,STANCE,0.0321,-0.3343,1.5708,0.0088,-0.3894,-0.0843,1.0657,0.3672,0.1649,1,0.34,0.036,0.056,0.020,STANCE,-0.1139,-0.2609,1.5708,0.0304,0.3810,-0.0998,0.7675,-0.2074,0.0199,0,0.00,0.005,0.028,0.001,STANCE,-0.0001,0.0197,1.5708,-0.3009,-0.1910,-0.1534,0.7720,0.1890,0.0144,1,5.55,0.366,1.394,0.346,STANCE,-0.0600,-0.0095,1.5706,-0.2973,0.2053,-0.1483
22.634,2680,placemove,1.0017,-0.0111,0.2602,-0.0310,-0.3443,0.0056,0.0279,-0.0137,0.0267,-0.0199,-0.1187,0.1103,1.000,0.000,-0.0276,-0.1124,-0.0310,-0.3443,0.0056,0.0958,0,1.3380,-0.2962,0.3138,1,6.26,0.443,1.706,1.138,STANCE,-0.2093,-0.2969,1.2537,0.3332,-0.2849,-0.0714,1.2158,0.3153,0.2243,0,0.00,0.018,0.132,0.000,SWING,0.7035,-0.2851,1.5708,0.1910,0.3293,-0.0947,1.0347,-0.4029,0.1949,0,0.00,0.016,0.034,0.003,STANCE,0.0251,-0.3360,1.5708,0.0069,-0.3896,-0.0839,1.0662,0.3667,0.1649,1,0.23,0.034,0.027,0.013,STANCE,-0.1146,-0.2579,1.5708,0.0306,0.3807,-0.1004,0.7699,-0.2067,0.0186,0,0.00,0.006,0.024,0.002,STANCE,-0.0047,0.0287,1.5690,-0.3005,-0.1895,-0.1550,0.7729,0.1885,0.0143,1,5.68,0.411,1.451,0.378,STANCE,-0.0612,-0.0099,1.5705,-0.2972,0.2056,-0.1483
22.656,2684,placemove,1.0021,-0.0113,0.2605,-0.0314,-0.3458,0.0076,0.0198,-0.0126,0.0205,-0.0183,-0.0792,0.1087,1.000,0.000,-0.0280,-0.1139,-0.0314,-0.3458,0.0076,0.0962,0,1.3380,-0.2962,0.3139,1,6.48,0.529,1.762,1.251,STANCE,-0.2127,-0.2960,1.2576,0.3321,-0.2853,-0.0720,1.2112,0.3221,0.2381,0,0.00,0.025,0.131,0.001,SWING,0.7073,-0.3518,1.5708,0.1920,0.3352,-0.0805,1.0342,-0.4032,0.1952,0,0.00,0.016,0.035,0.004,STANCE,0.0192,-0.3374,1.5708,0.0053,-0.3897,-0.0836,1.0664,0.3663,0.1649,1,0.00,0.037,0.031,0.003,STANCE,-0.1159,-0.2556,1.5708,0.0309,0.3804,-0.1009,0.7721,-0.2063,0.0171,0,0.00,0.005,0.021,0.005,STANCE,-0.0084,0.0394,1.5643,-0.3001,-0.1883,-0.1568,0.7735,0.1881,0.0143,1,5.92,0.496,1.509,0.398,STANCE,-0.0628,-0.0095,1.5704,-0.2970,0.2059,-0.1483
22.695,2688,placemove,1.0023,-0.0115,0.2608,-0.0317,-0.3469,0.0095,0.0118,-0.0087,0.0158,-0.0105,-0.0558,0.1018,1.000,0.000,-0.0283,-0.1148,-0.0317,-0.3469,0.0095,0.0965,0,1.3380,-0.2962,0.3139,1,6.55,0.557,1.778,1.263,STANCE,-0.2156,-0.2957,1.2612,0.3311,-0.2857,-0.0724,1.2136,0.3251,0.2549,0,0.00,0.032,0.135,0.000,SWING,0.6783,-0.4184,1.5708,0.2013,0.3370,-0.0659,1.0339,-0.4035,0.1954,0,0.00,0.018,0.033,0.003,STANCE,0.0143,-0.3386,1.5708,0.0039,-0.3899,-0.0834,1.0666,0.3660,0.1649,1,0.00,0.041,0.033,0.003,STANCE,-0.1173,-0.2537,1.5708,0.0313,0.3802,-0.1013,0.7740,-0.2060,0.0154,0,0.00,0.004,0.016,0.007,STANCE,-0.0114,0.0511,1.5574,-0.2997,-0.1873,-0.1588,0.7740,0.1877,0.0143,1,5.95,0.469,1.521,0.407,STANCE,-0.0645,-0.0088,1.5703,-0.2967,0.2061,-0.1485
22.717,2692,placemove,1.0025,-0.0115,0.2612,-0.0322,-0.3462,0.0111,0.0109,0.0030,-0.0270,0.0930,-0.0182,0.1017,1.000,0.000,-0.0287,-0.1150,-0.0322,-0.3462,0.0111,0.1338,0,1.3376,-0.2960,0.3144,1,0.00,0.020,0.004,0.018,STANCE,-0.2183,-0.3005,1.2678,0.3302,-0.2860,-0.0717,1.2237,0.3236,0.2746,0,0.00,0.114,0.138,0.002,SWING,0.6182,-0.4851,1.5708,0.2185,0.3339,-0.0511,1.0335,-0.4036,0.1959,0,0.00,0.014,0.027,0.004,STANCE,0.0103,-0.3396,1.5708,0.0028,-0.3900,-0.0831,1.0666,0.3658,0.1649,1,1.52,0.136,0.144,0.098,STANCE,-0.1187,-0.2522,1.5708,0.0316,0.3800,-0.1016,0.7750,-0.2056,0.0150,1,0.00,0.016,0.019,0.008,STANCE,-0.0141,0.0568,1.5554,-0.2995,-0.1864,-0.1598,0.7734,0.1877,0.0152,1,0.00,0.019,0.022,0.001,STANCE,-0.0658,-0.0132,1.5704,-0.2970,0.2068,-0.1477
22.763,2696,placemove,1.0029,-0.0117,0.2609,-0.0311,-0.3450,0.0125,0.0265,-0.0111,-0.0131,0.0515,0.0617,0.1041,1.000,0.000,-0.0287,-0.1145,-0.0311,-0.3450,0.0125,0.0962,0,1.3372,-0.2958,0.3145,1,3.22,0.179,0.855,0.631,STANCE,-0.2207,-0.3084,1.2761,0.3294,-0.2862,-0.0704,1.2358,0.3189,0.2951,0,0.00,0.120,0.136,0.002,SWING,0.5515,-0.5518,1.5694,0.2369,0.3282,-0.0359,1.0335,-0.4037,0.1951,0,0.00,0.023,0.037,0.004,STANCE,0.0071,-0.3405,1.5708,0.0020,-0.3900,-0.0829,1.0666,0.3658,0.1648,1,5.28,0.516,1.369,0.703,STANCE,-0.1199,-0.2509,1.5702,0.0319,0.3799,-0.1018,0.7755,-0.2052,0.0149,1,4.39,0.359,1.062,0.264,STANCE,-0.0166,0.0565,1.5585,-0.2994,-0.1857,-0.1597,0.7718,0.1884,0.0164,0,0.00,0.013,0.034,0.004,STANCE,-0.0668,-0.0209,1.5705,-0.2978,0.2076,-0.1463
22.784,2700,placemove,1.0032,-0.0119,0.2607,-0.0304,-0.3443,0.0137,0.0210,-0.0119,-0.0102,0.0358,0.0358,0.0797,1.000,0.000,-0.0282,-0.1136,-0.0304,-0.3443,0.0137,0.0961,0,1.3371,-0.2957,0.3145,1,3.36,0.221,0.888,0.654,STANCE,-0.2225,-0.3143,1.2826,0.3287,-0.2864,-0.0695,1.2483,0.3141,0.3165,0,0.00,0.121,0.073,0.030,SWING,0.4848,-0.6111,1.5442,0.2560,0.3226,-0.0201,1.0337,-0.4039,0.1944,0,0.00,0.021,0.037,0.004,STANCE,0.0045,-0.3410,1.5708,0.0012,-0.3901,-0.0828,1.0666,0.3656,0.1647,1,4.95,0.513,1.272,0.657,STANCE,-0.1207,-0.2501,1.5703,0.0321,0.3798,-0.1020,0.7760,-0.2050,0.0148,1,4.32,0.359,1.059,0.249,STANCE,-0.0187,0.0560,1.5610,-0.2994,-0.1852,-0.1596,0.7711,0.1885,0.0170,0,0.00,0.014,0.032,0.003,STANCE,-0.0677,-0.0245,1.5705,-0.2981,0.2080,-0.1457
25.903,2704,placemove,1.0035,-0.0120,0.2606,-0.0299,-0.3439,0.0146,0.0162,-0.0112,-0.0081,0.0234,0.0175,0.0539,1.000,0.000,-0.0276,-0.1128,-0.0299,-0.3439,0.0146,0.0959,0,1.3370,-0.2956,0.3145,1,3.55,0.314,0.926,0.684,STANCE,-0.2239,-0.3185,1.2875,0.3282,-0.2865,-0.0688,1.2612,0.3071,0.3341,0,0.00,0.039,0.060,0.029,SWING,0.4203,-0.6500,1.5197,0.2737,0.3148,-0.0087,1.0339,-0.4040,0.1939,0,0.00,0.023,0.036,0.004,STANCE,0.0025,-0.3411,1.5708,0.0007,-0.3901,-0.0828,1.0666,0.3655,0.1647,1,4.76,0.423,1.239,0.632,STANCE,-0.1212,-0.2496,1.5704,0.0322,0.3797,-0.1021,0.7764,-0.2048,0.0147,1,4.17,0.274,1.033,0.241,STANCE,-0.0204,0.0555,1.5631,-0.2994,-0.1847,-0.1595,0.7711,0.1883,0.0172,0,0.00,0.014,0.030,0.003,STANCE,-0.0683,-0.0247,1.5706,-0.2981,0.2082,-0.1456
25.925,2708,placemove,1.0038,-0.0122,0.2605,-0.0295,-0.3437,0.0152,0.0143,-0.0074,-0.0067,0.0171,0.0091,0.0344,1.000,0.000,-0.0271,-0.1122,-0.0295,-0.3437,0.0152,0.0958,0,1.3370,-0.2956,0.3145,1,3.41,0.322,0.879,0.607,STANCE,-0.2248,-0.3215,1.2908,0.3278,-0.2866,-0.0684,1.2732,0.2994,0.3435,0,0.00,0.037,0.037,0.030,SWING,0.3668,-0.6580,1.5013,0.2876,0.3068,-0.0050,1.0342,-0.4040,0.1931,0,0.00,0.022,0.035,0.004,STANCE,0.0012,-0.3388,1.5708,0.0003,-0.3899,-0.0833,1.0666,0.3653,0.1646,1,4.92,0.516,1.260,0.651,STANCE,-0.1213,-0.2494,1.5704,0.0323,0.3797,-0.1022,0.7767,-0.2047,0.0147,1,4.21,0.324,1.036,0.243,STANCE,-0.0216,0.0549,1.5648,-0.2994,-0.1844,-0.1594,0.7716,0.1880,0.0169,0,0.00,0.016,0.028,0.002,STANCE,-0.0687,-0.0223,1.5706,-0.2977,0.2081,-0.1461
25.957,2712,placemove,1.0040,-0.0123,0.2604,-0.0293,-0.3437,0.0156,0.0112,-0.0065,-0.0054,0.0104,0.0009,0.0177,1.000,0.000,-0.0268,-0.1118,-0.0293,-0.3437,0.0156,0.0958,0,1.3370,-0.2956,0.3146,1,3.38,0.475,0.840,0.531,STANCE,-0.2254,-0.3235,1.2932,0.3276,-0.2866,-0.0681,1.2852,0.2925,0.3450,0,0.00,0.035,0.014,0.039,SWING,0.3229,-0.6352,1.4812,0.2990,0.2999,-0.0085,1.0348,-0.4037,0.1919,0,0.00,0.024,0.032,0.005,STANCE,0.0006,-0.3337,1.5708,0.0002,-0.3895,-0.0844,1.0666,0.3653,0.1646,1,5.23,0.599,1.090,0.361,STANCE,-0.1211,-0.2493,1.5700,0.0322,0.3798,-0.1022,0.7769,-0.2047,0.0147,1,4.05,0.206,1.007,0.231,STANCE,-0.0224,0.0543,1.5661,-0.2994,-0.1842,-0.1593,0.7725,0.1875,0.0164,0,0.00,0.013,0.027,0.002,STANCE,-0.0689,-0.0176,1.5706,-0.2971,0.2077,-0.1469
25.979,2716,placemove,1.0042,-0.0124,0.2603,-0.0291,-0.3437,0.0156,0.0112,-0.0062,-0.0010,0.0081,-0.0077,-0.0068,1.000,0.000,-0.0265,-0.1116,-0.0291,-0.3437,0.0156,0.0957,0,1.3370,-0.2956,0.3146,1,3.13,0.701,0.729,0.485,SHIFT,-0.2257,-0.3251,1.2954,0.3274,-0.2865,-0.0679,1.2970,0.2869,0.3424,0,0.00,0.042,0.030,0.036,SHIFT,0.2861,-0.5922,1.4478,0.3094,0.2948,-0.0156,1.0355,-0.4032,0.1903,0,0.00,0.035,0.030,0.004,SHIFT,0.0005,-0.3265,1.5708,0.0001,-0.3889,-0.0859,1.0666,0.3653,0.1646,1,5.25,1.025,1.131,0.556,SHIFT,-0.1205,-0.2494,1.5698,0.0321,0.3798,-0.1021,0.7771,-0.2046,0.0146,1,4.28,0.399,1.041,0.244,SHIFT,-0.0230,0.0538,1.5669,-0.2994,-0.1841,-0.1592,0.7737,0.1869,0.0156,0,0.00,0.028,0.023,0.003,SHIFT,-0.0689,-0.0112,1.5707,-0.2963,0.2072,-0.1480
26.033,2720,placemove,1.0045,-0.0125,0.2606,-0.0285,-0.3434,0.0154,0.0214,-0.0025,0.0326,0.0551,0.0320,0.0089,1.000,0.000,-0.0262,-0.1115,-0.0285,-0.3434,0.0154,0.1333,0,1.3369,-0.2957,0.3146,1,6.85,0.578,1.830,1.325,SHIFT,-0.2264,-0.3267,1.2991,0.3270,-0.2865,-0.0678,1.3116,0.2841,0.3374,0,0.00,0.039,0.067,0.105,SHIFT,0.2542,-0.5256,1.3811,0.3207,0.2924,-0.0254,1.0361,-0.4026,0.1885,0,0.00,0.027,0.028,0.005,SHIFT,-0.0006,-0.3176,1.5708,-0.0002,-0.3881,-0.0879,1.0664,0.3653,0.1647,1,0.00,0.032,0.035,0.002,SHIFT,-0.1183,-0.2492,1.5698,0.0315,0.3799,-0.1022,0.7771,-0.2045,0.0147,1,0.00,0.015,0.024,0.002,SHIFT,-0.0238,0.0538,1.5655,-0.2997,-0.1840,-0.1592,0.7752,0.1861,0.0149,1,6.01,0.479,1.555,0.409,SHIFT,-0.0678,-0.0035,1.5706,-0.2955,0.2063,-0.1494
26.054,2724,placemove,1.0050,-0.0125,0.2605,-0.0271,-0.3434,0.0154,0.0418,-0.0033,-0.0038,0.0817,-0.0093,0.0258,1.000,0.000,-0.0256,-0.1113,-0.0271,-0.3434,0.0154,0.1332,0,1.3365,-0.2955,0.3146,1,5.55,0.521,1.451,1.069,SHIFT,-0.2277,-0.3330,1.3082,0.3262,-0.2863,-0.0670,1.3243,0.2823,0.3314,0,0.00,0.041,0.073,0.105,SHIFT,0.2301,-0.4589,1.3145,0.3299,0.2907,-0.0357,1.0370,-0.4016,0.1857,0,0.00,0.035,0.029,0.006,SHIFT,-0.0027,-0.3071,1.5708,-0.0007,-0.3872,-0.0901,1.0658,0.3655,0.1648,1,1.09,0.253,0.143,0.037,SHIFT,-0.1144,-0.2489,1.5700,0.0305,0.3799,-0.1022,0.7768,-0.2043,0.0149,1,1.45,0.267,0.070,0.096,SHIFT,-0.0255,0.0493,1.5660,-0.3004,-0.1840,-0.1585,0.7757,0.1857,0.0148,1,4.85,0.456,1.229,0.327,SHIFT,-0.0655,-0.0019,1.5705,-0.2957,0.2058,-0.1497
26.105,2728,placemove,1.0060,-0.0127,0.2606,-0.0260,-0.3437,0.0151,0.0728,-0.0098,0.0073,0.0513,-0.0197,-0.0082,1.000,0.000,-0.0246,-0.1112,-0.0260,-0.3437,0.0151,0.1333,0,1.3365,-0.2954,0.3146,1,4.17,0.854,0.954,0.419,SHIFT,-0.2294,-0.3382,1.3178,0.3252,-0.2861,-0.0665,1.3357,0.2806,0.3238,0,0.00,0.027,0.082,0.081,SHIFT,0.2121,-0.3922,1.2553,0.3367,0.2892,-0.0471,1.0381,-0.4007,0.1827,0,0.00,0.024,0.029,0.005,SHIFT,-0.0057,-0.2952,1.5708,-0.0015,-0.3861,-0.0926,1.0655,0.3655,0.1648,1,3.52,0.897,0.492,0.088,SHIFT,-0.1093,-0.2487,1.5702,0.0291,0.3800,-0.1023,0.7768,-0.2042,0.0149,1,2.77,0.248,0.590,0.086,SHIFT,-0.0275,0.0461,1.5638,-0.3013,-0.1840,-0.1579,0.7766,0.1851,0.0148,1,2.35,0.176,0.586,0.159,SHIFT,-0.0626,-0.0009,1.5705,-0.2959,0.2051,-0.1499
26.127,2732,placemove,1.0073,-0.0128,0.2608,-0.0250,-0.3442,0.0149,0.0523,-0.0108,0.0274,0.0781,-0.0358,0.0454,1.000,0.000,-0.0237,-0.1114,-0.0250,-0.3442,0.0149,0.1335,0,1.3365,-0.2954,0.3146,1,1.73,0.053,0.443,0.356,SHIFT,-0.2315,-0.3428,1.3283,0.3241,-0.2859,-0.0662,1.3452,0.2784,0.3150,0,0.00,0.032,1.069,0.179,SHIFT,0.1990,-0.3294,1.2090,0.3409,0.2874,-0.0590,1.0394,-0.3996,0.1797,0,0.00,0.027,0.055,0.010,SHIFT,-0.0093,-0.2822,1.5708,-0.0025,-0.3848,-0.0953,1.0654,0.3656,0.1648,1,0.00,0.022,0.002,0.003,SHIFT,-0.1033,-0.2487,1.5703,0.0275,0.3802,-0.1023,0.7770,-0.2041,0.0148,1,5.15,0.158,1.029,0.034,SHIFT,-0.0297,0.0440,1.5595,-0.3025,-0.1840,-0.1576,0.7777,0.1844,0.0149,1,0.00,0.014,0.024,0.001,SHIFT,-0.0591,-0.0001,1.5705,-0.2963,0.2043,-0.1500
26.191,2736,placemove,1.0072,-0.0130,0.2624,-0.0183,-0.3484,0.0182,-0.0279,-0.0048,0.1355,0.6882,-0.6888,0.5635,1.000,0.000,-0.0221,-0.1119,-0.0183,-0.3484,0.0182,0.0595,0,1.3364,-0.2941,0.3152,1,0.00,0.031,0.053,0.005,SHIFT,-0.2339,-0.3490,1.3408,0.3227,-0.2856,-0.0657,1.3494,0.2780,0.3125,1,10.01,0.482,2.940,1.975,SHIFT,0.1899,-0.2906,1.1790,0.3437,0.2859,-0.0663,1.0414,-0.3979,0.1760,0,0.00,0.042,0.024,0.002,SHIFT,-0.0134,-0.2682,1.5708,-0.0036,-0.3835,-0.0983,1.0623,0.3663,0.1677,1,0.00,0.032,0.071,0.007,SHIFT,-0.0965,-0.2489,1.5704,0.0257,0.3804,-0.1023,0.7771,-0.2042,0.0146,1,8.94,0.456,2.272,0.522,SHIFT,-0.0325,0.0378,1.5560,-0.3041,-0.1842,-0.1566,0.7768,0.1838,0.0166,0,0.00,0.023,0.026,0.008,SHIFT,-0.0552,-0.0037,1.5706,-0.2972,0.2039,-0.1493
26.221,2740,placemove,1.0068,-0.0130,0.2647,-0.0070,-0.3599,0.0228,-0.0203,-0.0025,0.0914,0.6027,-0.6140,0.4714,1.000,0.000,-0.0165,-0.1164,-0.0070,-0.3599,0.0228,0.0999,0,1.3359,-0.2916,0.3193,0,0.00,0.003,0.006,0.024,SHIFT,-0.2364,-0.3603,1.3570,0.3212,-0.2853,-0.0643,1.3476,0.2774,0.3142,1,0.00,0.001,0.000,0.040,SHIFT,0.1858,-0.2675,1.1909,0.3422,0.2830,-0.0734,1.0455,-0.3951,0.1712,0,0.00,0.000,0.011,0.002,SHIFT,-0.0174,-0.2523,1.5708,-0.0046,-0.3819,-0.1016,1.0577,0.3680,0.1745,0,0.00,0.003,0.000,0.001,SHIFT,-0.0891,-0.2506,1.5705,0.0238,0.3807,-0.1019,0.7770,-0.2042,0.0149,1,0.00,0.002,0.026,0.008,SHIFT,-0.0363,0.0147,1.5592,-0.3072,-0.1848,-0.1526,0.7744,0.1848,0.0202,0,0.00,0.003,0.014,0.002,SHIFT,-0.0510,-0.0177,1.5706,-0.2995,0.2042,-0.1469
26.265,2744,placemove,1.0067,-0.0129,0.2650,-0.0001,-0.3657,0.0273,0.0069,0.0139,-0.0284,0.2464,-0.1173,0.3830,1.000,0.000,-0.0090,-0.1278,-0.0001,-0.3657,0.0273,0.2501,0,1.3356,-0.2891,0.3206,0,0.00,0.027,0.008,0.022,SHIFT,-0.2380,-0.3704,1.3726,0.3200,-0.2847,-0.0630,1.3422,0.2770,0.3189,0,0.00,0.003,0.022,0.069,SHIFT,0.1863,-0.2878,1.2326,0.3394,0.2807,-0.0719,1.0488,-0.3927,0.1664,0,0.00,0.022,0.027,0.004,SHIFT,-0.0209,-0.2404,1.5708,-0.0056,-0.3806,-0.1040,1.0532,0.3696,0.1782,0,0.00,0.013,0.017,0.003,SHIFT,-0.0814,-0.2547,1.5705,0.0217,0.3813,-0.1011,0.7760,-0.2045,0.0149,1,4.28,0.042,0.162,0.662,SHIFT,-0.0398,-0.0043,1.5617,-0.3098,-0.1853,-0.1492,0.7722,0.1849,0.0217,0,0.00,0.007,0.030,0.001,SHIFT,-0.0471,-0.0270,1.5707,-0.3011,0.2041,-0.1452
26.302,2748,placemove,1.0068,-0.0126,0.2635,-0.0024,-0.3635,0.0315,0.0064,0.0232,-0.1523,-0.3061,0.1960,0.1176,1.000,0.000,-0.0038,-0.1521,-0.0024,-0.3635,0.0315,0.1734,0,1.3354,-0.2867,0.3206,0,0.00,0.001,0.014,0.024,SHIFT,-0.2383,-0.3837,1.3885,0.3190,-0.2840,-0.0611,1.3377,0.2772,0.3192,0,0.00,0.001,0.027,0.057,SHIFT,0.1885,-0.3154,1.2718,0.3368,0.2794,-0.0683,1.0496,-0.3923,0.1651,1,0.00,0.002,0.009,0.002,SHIFT,-0.0236,-0.2420,1.5708,-0.0063,-0.3808,-0.1037,1.0496,0.3707,0.1770,0,0.00,0.003,0.005,0.001,SHIFT,-0.0743,-0.2606,1.5706,0.0199,0.3820,-0.0998,0.7752,-0.2053,0.0151,1,0.00,0.000,0.002,0.003,SHIFT,-0.0416,-0.0098,1.5637,-0.3105,-0.1851,-0.1483,0.7705,0.1836,0.0207,0,0.00,0.002,0.001,0.000,SHIFT,-0.0440,-0.0281,1.5707,-0.3017,0.2036,-0.1450
26.362,2752,placemove,1.0074,-0.0118,0.2605,-0.0097,-0.3535,0.0332,0.0852,0.0564,-0.1461,-0.4328,0.4798,-0.2434,1.000,0.000,-0.0040,-0.1776,-0.0097,-0.3535,0.0332,0.2457,0,1.3346,-0.2849,0.3190,0,0.00,0.031,0.159,0.015,SHIFT,-0.2374,-0.4024,1.4053,0.3185,-0.2831,-0.0579,1.3347,0.2774,0.3150,0,12.70,2.612,2.940,2.097,SHIFT,0.1917,-0.3494,1.3068,0.3346,0.2788,-0.0627,1.0481,-0.3932,0.1659,0,0.00,0.086,0.097,0.005,SHIFT,-0.0244,-0.2507,1.5708,-0.0065,-0.3817,-0.1019,1.0472,0.3713,0.1713,0,0.00,0.241,0.077,0.007,SHIFT,-0.0679,-0.2655,1.5706,0.0182,0.3826,-0.0988,0.7741,-0.2061,0.0149,1,22.78,1.615,0.811,2.463,SHIFT,-0.0407,-0.0036,1.5614,-0.3098,-0.1850,-0.1494,0.7696,0.1815,0.0174,0,0.00,0.171,0.014,0.026,SHIFT,-0.0411,-0.0194,1.5707,-0.3010,0.2023,-0.1466
26.394,2756,placemove,1.0092,-0.0109,0.2591,-0.0142,-0.3458,0.0301,0.1216,0.0538,-0.0224,0.1026,0.4156,-0.1500,1.000,0.000,-0.0078,-0.1804,-0.0142,-0.3458,0.0301,0.0946,0,1.3339,-0.2842,0.3197,0,0.00,0.054,0.100,0.004,SHIFT,-0.2359,-0.4231,1.4219,0.3181,-0.2821,-0.0543,1.3341,0.2770,0.3143,1,11.58,1.445,2.902,2.211,SHIFT,0.1964,-0.3825,1.3374,0.3323,0.2788,-0.0571,1.0471,-0.3937,0.1675,0,0.00,0.091,0.031,0.000,SHIFT,-0.0236,-0.2570,1.5708,-0.0063,-0.3823,-0.1006,1.0482,0.3718,0.1671,0,0.00,0.047,0.097,0.009,SHIFT,-0.0609,-0.2676,1.5707,0.0163,0.3830,-0.0984,0.7743,-0.2058,0.0147,1,9.69,1.299,1.880,0.185,SHIFT,-0.0378,0.0063,1.5537,-0.3092,-0.1855,-0.1511,0.7724,0.1804,0.0147,0,1.95,0.009,0.490,0.114,SHIFT,-0.0370,-0.0062,1.5708,-0.2998,0.2004,-0.1489
26.444,2760,placemove,1.0115,-0.0102,0.2589,-0.0116,-0.3432,0.0275,0.1454,0.0394,-0.0101,0.1696,0.0354,-0.0789,1.000,0.000,-0.0099,-0.1560,-0.0116,-0.3432,0.0275,0.1444,0,1.3346,-0.2831,0.3195,0,0.00,0.025,0.055,0.009,STANCE,-0.2346,-0.4350,1.4358,0.3176,-0.2810,-0.0525,1.3339,0.2768,0.3143,1,6.57,0.683,1.657,1.283,STANCE,0.2022,-0.3963,1.3611,0.3295,0.2787,-0.0558,1.0471,-0.3938,0.1683,0,0.00,0.037,0.044,0.000,SWING,-0.0257,-0.2703,1.5708,-0.0069,-0.3836,-0.0978,1.0485,0.3728,0.1667,0,0.00,0.021,0.025,0.001,STANCE,-0.0511,-0.2671,1.5707,0.0137,0.3830,-0.0985,0.7753,-0.2048,0.0146,1,6.13,0.635,1.357,0.222,STANCE,-0.0355,0.0063,1.5501,-0.3095,-0.1862,-0.1511,0.7745,0.1803,0.0148,1,0.00,0.003,0.015,0.005,STANCE,-0.0299,-0.0016,1.5708,-0.3001,0.1987,-0.1497
26.465,2764,placemove,1.0140,-0.0096,0.2588,-0.0072,-0.3440,0.0254,0.1454,0.0263,-0.0096,0.2621,-0.0851,-0.0194,1.000,0.000,-0.0093,-0.1394,-0.0072,-0.3440,0.0254,0.1441,0,1.3363,-0.2820,0.3184,0,0.00,0.000,0.042,0.005,STANCE,-0.2330,-0.4384,1.4457,0.3171,-0.2800,-0.0525,1.3342,0.2770,0.3143,1,6.46,0.431,1.640,0.791,STANCE,0.2083,-0.4006,1.3782,0.3269,0.2788,-0.0561,1.0437,-0.3977,0.1761,0,0.00,0.012,0.141,0.003,SWING,-0.0345,-0.3268,1.5708,-0.0094,-0.3887,-0.0859,1.0487,0.3737,0.1669,0,0.00,0.003,0.034,0.000,STANCE,-0.0403,-0.2663,1.5707,0.0108,0.3831,-0.0987,0.7768,-0.2039,0.0145,1,6.35,0.378,1.493,0.318,STANCE,-0.0337,-0.0015,1.5512,-0.3101,-0.1871,-0.1497,0.7758,0.1806,0.0153,1,0.00,0.019,0.037,0.003,STANCE,-0.0217,-0.0053,1.5708,-0.3016,0.1973,-0.1491
26.509,2768,placemove,1.0161,-0.0094,0.2586,-0.0024,-0.3460,0.0235,0.1157,0.0033,-0.0093,0.2827,-0.1104,-0.0098,1.000,0.000,-0.0068,-0.1297,-0.0024,-0.3460,0.0235,0.0942,0,1.3383,-0.2810,0.3167,0,0.00,0.011,0.027,0.003,STANCE,-0.2311,-0.4369,1.4527,0.3168,-0.2789,-0.0534,1.3344,0.2772,0.3143,1,6.48,0.506,1.645,1.008,STANCE,0.2144,-0.4006,1.3903,0.3245,0.2792,-0.0571,1.0373,-0.4024,0.1864,0,0.00,0.018,0.133,0.001,SWING,-0.0490,-0.3935,1.5708,-0.0137,-0.3938,-0.0714,1.0485,0.3744,0.1675,0,0.00,0.006,0.038,0.002,STANCE,-0.0297,-0.2663,1.5707,0.0080,0.3832,-0.0987,0.7780,-0.2033,0.0145,1,6.12,0.498,1.443,0.309,STANCE,-0.0322,-0.0117,1.5541,-0.3109,-0.1879,-0.1479,0.7763,0.1809,0.0161,0,0.00,0.006,0.046,0.002,STANCE,-0.0136,-0.0131,1.5708,-0.3036,0.1963,-0.1477
26.542,2772,placemove,1.0178,-0.0094,0.2585,0.0014,-0.3488,0.0215,0.0801,0.0025,-0.0038,0.0992,-0.2452,-0.0919,1.000,0.000,-0.0032,-0.1246,0.0014,-0.3488,0.0215,0.0440,0,1.3400,-0.2804,0.3150,1,0.00,0.034,0.026,0.012,STANCE,-0.2290,-0.4330,1.4576,0.3166,-0.2778,-0.0548,1.3345,0.2772,0.3143,1,5.98,0.036,1.605,1.135,STANCE,0.2202,-0.3993,1.3997,0.3224,0.2796,-0.0582,1.0297,-0.4066,0.1970,0,0.00,0.022,0.095,0.008,SWING,-0.0650,-0.4602,1.5708,-0.0184,-0.3978,-0.0567,1.0480,0.3748,0.1683,0,0.00,0.008,0.075,0.011,STANCE,-0.0198,-0.2677,1.5708,0.0053,0.3834,-0.0984,0.7790,-0.2030,0.0144,1,5.76,0.088,1.352,0.255,STANCE,-0.0310,-0.0215,1.5573,-0.3116,-0.1886,-0.1461,0.7762,0.1811,0.0170,0,0.00,0.004,0.092,0.005,STANCE,-0.0064,-0.0224,1.5708,-0.3056,0.1955,-0.1460
26.590,2776,placemove,1.0188,-0.0092,0.2585,0.0017,-0.3533,0.0190,0.0494,0.0163,-0.0026,0.0123,-0.2520,-0.1438,1.000,0.000,-0.0006,-0.1230,0.0017,-0.3533,0.0190,0.0439,0,1.3406,-0.2799,0.3149,1,1.03,0.142,0.250,0.138,STANCE,-0.2266,-0.4282,1.4611,0.3166,-0.2768,-0.0562,1.3344,0.2771,0.3144,1,6.14,0.394,1.566,1.164,STANCE,0.2257,-0.3983,1.4074,0.3205,0.2802,-0.0591,1.0218,-0.4097,0.2097,0,0.00,0.016,0.150,0.005,SWING,-0.0745,-0.5269,1.5708,-0.0213,-0.4009,-0.0417,1.0479,0.3752,0.1683,0,0.00,0.016,0.022,0.000,STANCE,-0.0111,-0.2700,1.5708,0.0030,0.3837,-0.0979,0.7796,-0.2028,0.0144,1,5.83,0.445,1.372,0.295,STANCE,-0.0297,-0.0297,1.5600,-0.3122,-0.1892,-0.1447,0.7764,0.1813,0.0169,0,0.00,0.004,0.025,0.005,STANCE,-0.0002,-0.0314,1.5708,-0.3075,0.1948,-0.1444
26.613,2780,placemove,1.0195,-0.0089,0.2584,0.0017,-0.3569,0.0166,0.0401,0.0166,-0.0023,0.0015,-0.1902,-0.1352,1.000,0.000,0.0008,-0.1237,0.0017,-0.3569,0.0166,0.0439,0,1.3409,-0.2795,0.3149,1,0.36,0.071,0.079,0.048,STANCE,-0.2242,-0.4240,1.4639,0.3166,-0.2759,-0.0574,1.3343,0.2771,0.3144,1,6.47,0.569,1.615,1.208,STANCE,0.2305,-0.3979,1.4134,0.3190,0.2807,-0.0596,1.0175,-0.4120,0.2242,0,0.00,0.030,0.131,0.002,SWING,-0.0683,-0.5936,1.5708,-0.0197,-0.4033,-0.0265,1.0479,0.3756,0.1682,0,0.00,0.016,0.038,0.003,STANCE,-0.0038,-0.2725,1.5708,0.0010,0.3839,-0.0974,0.7801,-0.2025,0.0144,1,5.93,0.549,1.371,0.288,STANCE,-0.0284,-0.0357,1.5620,-0.3126,-0.1898,-0.1436,0.7766,0.1816,0.0167,0,0.00,0.002,0.040,0.004,STANCE,0.0051,-0.0388,1.5708,-0.3091,0.1943,-0.1431
26.652,2784,placemove,1.0201,-0.0087,0.2584,0.0017,-0.3595,0.0145,0.0332,0.0134,-0.0017,-0.0009,-0.1313,-0.1169,1.000,0.000,0.0013,-0.1251,0.0017,-0.3595,0.0145,0.0438,0,1.3412,-0.2791,0.3149,1,0.41,0.068,0.090,0.053,STANCE,-0.2219,-0.4209,1.4661,0.3167,-0.2751,-0.0582,1.3343,0.2772,0.3145,1,6.42,0.577,1.583,1.065,STANCE,0.2345,-0.3982,1.4182,0.3177,0.2811,-0.0600,1.0178,-0.4135,0.2406,0,0.00,0.027,0.133,0.003,SWING,-0.0442,-0.6602,1.5708,-0.0128,-0.4049,-0.0112,1.0478,0.3760,0.1681,0,0.00,0.015,0.038,0.002,STANCE,0.0022,-0.2748,1.5708,-0.0006,0.3841,-0.0969,0.7805,-0.2022,0.0143,1,5.93,0.534,1.380,0.292,STANCE,-0.0270,-0.0398,1.5633,-0.3127,-0.1903,-0.1429,0.7768,0.1818,0.0165,0,0.00,0.002,0.039,0.003,STANCE,0.0093,-0.0443,1.5708,-0.3102,0.1938,-0.1421
26.674,2788,placemove,1.0206,-0.0085,0.2584,0.0017,-0.3612,0.0128,0.0259,0.0086,-0.0012,-0.0002,-0.0840,-0.0942,1.000,0.000,0.0015,-0.1265,0.0017,-0.3612,0.0128,0.0438,0,1.3414,-0.2788,0.3149,1,0.74,0.112,0.172,0.093,STANCE,-0.2200,-0.4189,1.4679,0.3169,-0.2744,-0.0588,1.3343,0.2772,0.3145,1,6.28,0.519,1.565,1.137,STANCE,0.2378,-0.3988,1.4216,0.3167,0.2816,-0.0601,1.0219,-0.4140,0.2586,0,0.00,0.034,0.141,0.004,SWING,-0.0072,-0.7269,1.5708,-0.0021,-0.4054,0.0042,1.0478,0.3763,0.1680,0,0.00,0.016,0.028,0.001,STANCE,0.0069,-0.2767,1.5708,-0.0019,0.3843,-0.0965,0.7808,-0.2020,0.0143,1,5.79,0.507,1.353,0.287,STANCE,-0.0258,-0.0424,1.5640,-0.3128,-0.1907,-0.1424,0.7769,0.1820,0.0164,0,0.00,0.001,0.025,0.004,STANCE,0.0128,-0.0481,1.5708,-0.3111,0.1933,-0.1414
26.717,2792,placemove,1.0209,-0.0084,0.2584,0.0016,-0.3622,0.0114,0.0200,0.0074,-0.0009,-0.0019,-0.0526,-0.0745,1.000,0.000,0.0016,-0.1276,0.0016,-0.3622,0.0114,0.0438,0,1.3416,-0.2786,0.3149,1,0.54,0.082,0.124,0.070,STANCE,-0.2183,-0.4177,1.4695,0.3170,-0.2739,-0.0592,1.3343,0.2772,0.3146,1,6.30,0.534,1.567,1.129,STANCE,0.2404,-0.3997,1.4244,0.3160,0.2819,-0.0601,1.0271,-0.4131,0.2771,0,0.00,0.035,0.132,0.003,SWING,0.0324,-0.7936,1.5709,0.0094,-0.4045,0.0196,1.0478,0.3765,0.1680,0,0.00,0.022,0.036,0.003,STANCE,0.0105,-0.2782,1.5708,-0.0028,0.3844,-0.0962,0.7810,-0.2019,0.0143,1,5.72,0.465,1.351,0.289,STANCE,-0.0246,-0.0440,1.5644,-0.3128,-0.1910,-0.1421,0.7772,0.1820,0.0163,0,0.00,0.008,0.033,0.003,STANCE,0.0153,-0.0495,1.5708,-0.3116,0.1929,-0.1412
26.739,2796,placemove,1.0212,-0.0082,0.2583,0.0014,-0.3630,0.0103,0.0142,0.0080,-0.0003,-0.0169,-0.0440,-0.0641,1.000,0.000,0.0016,-0.1284,0.0014,-0.3630,0.0103,0.0437,0,1.3417,-0.2784,0.3149,1,0.00,0.018,0.018,0.004,STANCE,-0.2171,-0.4171,1.4708,0.3171,-0.2735,-0.0595,1.3343,0.2773,0.3146,1,6.47,0.676,1.574,1.102,STANCE,0.2423,-0.4007,1.4266,0.3154,0.2822,-0.0600,1.0313,-0.4110,0.2935,0,0.00,0.037,0.070,0.002,SWING,0.0666,-0.8496,1.5709,0.0192,-0.4026,0.0324,1.0478,0.3767,0.1679,0,0.00,0.025,0.044,0.004,STANCE,0.0131,-0.2794,1.5708,-0.0035,0.3846,-0.0959,0.7812,-0.2018,0.0143,1,5.69,0.545,1.325,0.281,STANCE,-0.0238,-0.0448,1.5645,-0.3128,-0.1912,-0.1420,0.7780,0.1819,0.0158,0,0.00,0.009,0.040,0.001,STANCE,0.0170,-0.0474,1.5708,-0.3115,0.1924,-0.1415
26.782,2800,placemove,1.0213,-0.0080,0.2584,0.0012,-0.3635,0.0094,0.0059,0.0101,0.0000,0.1205,0.0889,-0.0077,1.000,0.000,0.0013,-0.1291,0.0012,-0.3635,0.0094,0.0437,0,1.3416,-0.2782,0.3152,1,0.00,0.029,0.000,0.002,STANCE,-0.2163,-0.4168,1.4717,0.3171,-0.2732,-0.0596,1.3343,0.2773,0.3146,1,4.94,0.808,1.098,0.784,STANCE,0.2436,-0.4017,1.4287,0.3150,0.2823,-0.0600,1.0408,-0.4102,0.2950,0,0.00,0.063,0.007,0.008,SWING,0.1000,-0.8279,1.5709,0.0288,-0.4024,0.0274,1.0479,0.3769,0.1678,0,0.00,0.017,0.051,0.004,STANCE,0.0150,-0.2802,1.5708,-0.0040,0.3846,-0.0957,0.7813,-0.2016,0.0143,1,3.99,0.646,0.674,0.050,STANCE,-0.0232,-0.0452,1.5645,-0.3128,-0.1914,-0.1419,0.7793,0.1816,0.0148,0,1.77,0.114,0.403,0.089,STANCE,0.0181,-0.0424,1.5708,-0.3110,0.1918,-0.1424
26.808,2804,placemove,1.0214,-0.0081,0.2584,0.0016,-0.3633,0.0088,0.0044,-0.0006,0.0010,0.0009,-0.0020,-0.0178,1.000,0.000,0.0013,-0.1293,0.0016,-0.3633,0.0088,0.0937,0,1.3416,-0.2782,0.3149,1,2.52,0.147,0.654,0.218,STANCE,-0.2158,-0.4168,1.4723,0.3172,-0.2731,-0.0597,1.3342,0.2772,0.3146,1,2.99,0.367,0.706,0.551,STANCE,0.2445,-0.4026,1.4310,0.3147,0.2823,-0.0599,1.0553,-0.4104,0.2843,0,0.00,0.043,0.069,0.003,SWING,0.1339,-0.7613,1.5708,0.0387,-0.4026,0.0121,1.0477,0.3770,0.1681,0,0.00,0.026,0.034,0.003,STANCE,0.0162,-0.2809,1.5708,-0.0044,0.3847,-0.0956,0.7812,-0.2014,0.0144,1,3.70,0.743,0.360,0.161,STANCE,-0.0230,-0.0454,1.5644,-0.3128,-0.1914,-0.1419,0.7797,0.1816,0.0148,1,3.33,0.384,0.798,0.207,STANCE,0.0188,-0.0409,1.5707,-0.3109,0.1916,-0.1427
26.846,2808,placemove,1.0215,-0.0081,0.2584,0.0015,-0.3633,0.0087,0.0094,-0.0014,0.0035,-0.0071,-0.0032,-0.0028,1.000,0.000,0.0014,-0.1293,0.0015,-0.3633,0.0087,0.0938,0,1.3416,-0.2782,0.3149,1,2.44,0.050,0.617,0.263,SHIFT,-0.2159,-0.4167,1.4728,0.3171,-0.2730,-0.0597,1.3340,0.2771,0.3146,1,3.27,0.423,0.771,0.599,SHIFT,0.2450,-0.4034,1.4327,0.3144,0.2823,-0.0598,1.0690,-0.4094,0.2731,0,0.00,0.045,0.069,0.004,SHIFT,0.1634,-0.6946,1.5708,0.0473,-0.4016,-0.0032,1.0476,0.3771,0.1681,0,0.00,0.034,0.033,0.002,SHIFT,0.0169,-0.2815,1.5708,-0.0046,0.3847,-0.0955,0.7812,-0.2014,0.0144,1,4.00,0.697,0.437,0.151,SHIFT,-0.0232,-0.0455,1.5641,-0.3129,-0.1914,-0.1418,0.7798,0.1815,0.0148,1,3.03,0.355,0.722,0.188,SHIFT,0.0191,-0.0406,1.5707,-0.3109,0.1915,-0.1428
26.867,2812,placemove,1.0219,-0.0081,0.2586,0.0013,-0.3634,0.0088,0.0326,0.0030,0.0122,-0.0198,-0.0076,0.0041,1.000,0.000,0.0013,-0.1293,0.0013,-0.3634,0.0088,0.0939,0,1.3416,-0.2782,0.3149,1,1.60,0.079,0.407,0.284,SHIFT,-0.2169,-0.4171,1.4756,0.3167,-0.2730,-0.0599,1.3340,0.2770,0.3146,1,4.28,0.264,1.078,0.778,SHIFT,0.2459,-0.4046,1.4361,0.3140,0.2823,-0.0598,1.0801,-0.4077,0.2610,0,0.00,0.040,0.069,0.003,SHIFT,0.1829,-0.6280,1.5708,0.0527,-0.3999,-0.0186,1.0475,0.3770,0.1681,0,0.00,0.027,0.033,0.003,SHIFT,0.0188,-0.2817,1.5708,-0.0051,0.3848,-0.0954,0.7812,-0.2014,0.0144,1,5.41,0.371,0.724,0.173,SHIFT,-0.0243,-0.0452,1.5615,-0.3133,-0.1913,-0.1419,0.7802,0.1813,0.0148,1,1.26,0.106,0.294,0.085,SHIFT,0.0198,-0.0402,1.5708,-0.3110,0.1913,-0.1428
26.909,2816,placemove,1.0226,-0.0080,0.2589,0.0008,-0.3636,0.0091,0.0470,0.0046,0.0196,-0.0234,-0.0113,0.0111,1.000,0.000,0.0011,-0.1293,0.0008,-0.3636,0.0091,0.0942,0,1.3416,-0.2781,0.3149,1,0.46,0.015,0.089,0.085,SHIFT,-0.2189,-0.4178,1.4805,0.3158,-0.2731,-0.0600,1.3340,0.2771,0.3146,1,5.18,0.410,1.271,0.694,SHIFT,0.2473,-0.4061,1.4409,0.3133,0.2822,-0.0598,1.0898,-0.4052,0.2485,0,0.00,0.031,0.072,0.002,SHIFT,0.1965,-0.5613,1.5708,0.0562,-0.3974,-0.0338,1.0475,0.3770,0.1679,0,0.00,0.025,0.037,0.003,SHIFT,0.0218,-0.2816,1.5708,-0.0059,0.3847,-0.0955,0.7813,-0.2013,0.0143,1,6.96,0.337,0.927,0.248,SHIFT,-0.0262,-0.0445,1.5565,-0.3141,-0.1913,-0.1420,0.7809,0.1810,0.0148,1,0.00,0.013,0.037,0.001,SHIFT,0.0208,-0.0395,1.5708,-0.3110,0.1910,-0.1430
26.931,2820,placemove,1.0235,-0.0079,0.2593,0.0005,-0.3638,0.0095,0.0601,0.0045,0.0274,-0.0159,-0.0063,0.0214,1.000,0.000,0.0008,-0.1294,0.0005,-0.3638,0.0095,0.0946,0,1.3417,-0.2781,0.3149,1,0.58,0.037,0.128,0.106,SHIFT,-0.2217,-0.4191,1.4868,0.3147,-0.2732,-0.0602,1.3341,0.2771,0.3146,1,5.13,0.404,1.254,0.679,SHIFT,0.2490,-0.4078,1.4471,0.3124,0.2821,-0.0599,1.0980,-0.4020,0.2362,0,0.00,0.029,0.014,0.013,SHIFT,0.2055,-0.4980,1.5709,0.0582,-0.3944,-0.0482,1.0473,0.3770,0.1677,0,0.00,0.024,0.037,0.003,SHIFT,0.0257,-0.2811,1.5708,-0.0069,0.3847,-0.0956,0.7813,-0.2013,0.0143,1,7.09,0.362,0.930,0.263,SHIFT,-0.0287,-0.0435,1.5497,-0.3152,-0.1911,-0.1421,0.7818,0.1806,0.0149,1,0.00,0.010,0.033,0.002,SHIFT,0.0222,-0.0386,1.5708,-0.3110,0.1907,-0.1431
26.964,2824,placemove,1.0246,-0.0078,0.2598,0.0002,-0.3639,0.0100,0.0703,0.0047,0.0332,-0.0121,-0.0036,0.0270,1.000,0.000,0.0005,-0.1295,0.0002,-0.3639,0.0100,0.0951,0,1.3417,-0.2780,0.3149,1,0.57,0.045,0.125,0.100,SHIFT,-0.2251,-0.4206,1.4941,0.3134,-0.2733,-0.0604,1.3341,0.2772,0.3146,1,5.08,0.386,1.239,0.656,SHIFT,0.2512,-0.4096,1.4546,0.3114,0.2819,-0.0600,1.1045,-0.3987,0.2258,0,0.00,0.026,0.006,0.011,SHIFT,0.2109,-0.4450,1.5709,0.0591,-0.3913,-0.0601,1.0472,0.3770,0.1675,0,0.00,0.022,0.036,0.003,SHIFT,0.0303,-0.2803,1.5708,-0.0082,0.3845,-0.0957,0.7814,-0.2013,0.0142,1,7.02,0.357,0.922,0.260,SHIFT,-0.0316,-0.0423,1.5414,-0.3164,-0.1910,-0.1422,0.7829,0.1801,0.0151,1,0.00,0.009,0.032,0.002,SHIFT,0.0239,-0.0375,1.5708,-0.3111,0.1902,-0.1433
26.990,2828,placemove,1.0259,-0.0078,0.2604,-0.0000,-0.3639,0.0105,0.0783,0.0049,0.0377,-0.0090,-0.0016,0.0297,1.000,0.000,0.0003,-0.1295,-0.0000,-0.3639,0.0105,0.0459,0,1.3418,-0.2779,0.3149,1,0.57,0.049,0.126,0.099,SHIFT,-0.2289,-0.4225,1.5023,0.3119,-0.2734,-0.0605,1.3342,0.2773,0.3146,1,5.03,0.368,1.224,0.635,SHIFT,0.2537,-0.4116,1.4629,0.3102,0.2818,-0.0602,1.1097,-0.3955,0.2171,0,0.00,0.024,0.000,0.010,SHIFT,0.2135,-0.4002,1.5709,0.0593,-0.3883,-0.0700,1.0471,0.3769,0.1673,0,0.00,0.021,0.035,0.003,SHIFT,0.0356,-0.2793,1.5708,-0.0096,0.3844,-0.0959,0.7815,-0.2012,0.0142,1,6.94,0.348,0.917,0.253,SHIFT,-0.0347,-0.0408,1.5321,-0.3179,-0.1909,-0.1424,0.7841,0.1796,0.0152,0,0.00,0.009,0.030,0.003,SHIFT,0.0258,-0.0344,1.5680,-0.3113,0.1898,-0.1439
27.038,2832,placemove,1.0272,-0.0077,0.2611,0.0002,-0.3637,0.0109,0.0749,-0.0019,0.0496,0.0316,0.0311,0.0258,1.000,0.000,0.0001,-0.1295,0.0002,-0.3637,0.0109,0.0965,0,1.3419,-0.2779,0.3149,1,5.78,0.364,1.416,0.932,SHIFT,-0.2329,-0.4245,1.5105,0.3104,-0.2736,-0.0606,1.3342,0.2773,0.3146,1,0.78,0.064,0.160,0.155,SHIFT,0.2566,-0.4136,1.4723,0.3088,0.2816,-0.0604,1.1138,-0.3926,0.2096,0,0.00,0.019,0.008,0.010,SHIFT,0.2141,-0.3619,1.5709,0.0588,-0.3854,-0.0783,1.0468,0.3768,0.1673,0,0.00,0.018,0.031,0.003,SHIFT,0.0414,-0.2781,1.5708,-0.0112,0.3842,-0.0962,0.7815,-0.2011,0.0142,1,0.25,0.037,0.020,0.039,SHIFT,-0.0381,-0.0391,1.5218,-0.3194,-0.1908,-0.1426,0.7852,0.1792,0.0149,1,5.39,0.309,1.258,0.213,SHIFT,0.0279,-0.0288,1.5606,-0.3118,0.1895,-0.1448
27.060,2836,placemove,1.0286,-0.0077,0.2619,0.0003,-0.3636,0.0113,0.0892,0.0006,0.0470,0.0020,0.0049,0.0258,1.000,0.000,0.0001,-0.1294,0.0003,-0.3636,0.0113,0.0973,0,1.3420,-0.2779,0.3148,1,2.64,0.219,0.697,0.385,SHIFT,-0.2372,-0.4265,1.5197,0.3088,-0.2738,-0.0608,1.3342,0.2772,0.3146,1,2.70,0.146,0.665,0.522,SHIFT,0.2597,-0.4156,1.4823,0.3073,0.2814,-0.0607,1.1172,-0.3899,0.2032,0,0.00,0.021,0.011,0.009,SHIFT,0.2130,-0.3285,1.5708,0.0579,-0.3828,-0.0855,1.0466,0.3766,0.1673,0,0.00,0.025,0.030,0.003,SHIFT,0.0477,-0.2768,1.5708,-0.0128,0.3840,-0.0965,0.7816,-0.2011,0.0143,1,3.76,0.486,0.240,0.302,SHIFT,-0.0417,-0.0372,1.5110,-0.3210,-0.1906,-0.1428,0.7860,0.1789,0.0149,1,3.00,0.198,0.685,0.116,SHIFT,0.0302,-0.0251,1.5530,-0.3126,0.1893,-0.1455
27.100,2840,placemove,1.0302,-0.0077,0.2627,0.0003,-0.3636,0.0118,0.0934,0.0036,0.0483,-0.0008,0.0036,0.0277,1.000,0.000,0.0002,-0.1293,0.0003,-0.3636,0.0118,0.0981,0,1.3421,-0.2779,0.3148,1,2.67,0.217,0.705,0.399,SHIFT,-0.2417,-0.4284,1.5294,0.3070,-0.2739,-0.0610,1.3342,0.2772,0.3146,1,2.66,0.073,0.669,0.512,SHIFT,0.2631,-0.4177,1.4924,0.3057,0.2813,-0.0609,1.1200,-0.3874,0.1977,0,0.00,0.023,0.012,0.007,SHIFT,0.2106,-0.2990,1.5708,0.0567,-0.3804,-0.0918,1.0464,0.3764,0.1672,0,0.00,0.021,0.031,0.003,SHIFT,0.0544,-0.2756,1.5708,-0.0146,0.3838,-0.0967,0.7817,-0.2011,0.0143,1,3.81,0.397,0.236,0.320,SHIFT,-0.0452,-0.0351,1.4996,-0.3227,-0.1905,-0.1430,0.7867,0.1787,0.0148,1,2.86,0.164,0.658,0.112,SHIFT,0.0328,-0.0219,1.5443,-0.3136,0.1892,-0.1460
27.121,2844,placemove,1.0318,-0.0076,0.2635,0.0003,-0.3634,0.0123,0.0988,0.0040,0.0472,0.0080,0.0117,0.0314,1.000,0.000,0.0002,-0.1292,0.0003,-0.3634,0.0123,0.0989,0,1.3423,-0.2779,0.3148,1,1.60,0.108,0.389,0.138,SHIFT,-0.2463,-0.4303,1.5384,0.3054,-0.2741,-0.0612,1.3343,0.2773,0.3146,1,3.81,0.337,0.891,0.484,SHIFT,0.2668,-0.4198,1.5025,0.3041,0.2812,-0.0612,1.1225,-0.3850,0.1927,0,0.00,0.017,0.014,0.007,SHIFT,0.2072,-0.2726,1.5708,0.0553,-0.3782,-0.0973,1.0461,0.3762,0.1672,0,0.00,0.017,0.033,0.003,SHIFT,0.0614,-0.2743,1.5708,-0.0165,0.3836,-0.0970,0.7819,-0.2010,0.0143,1,5.02,0.448,0.532,0.262,SHIFT,-0.0488,-0.0330,1.4874,-0.3244,-0.1904,-0.1432,0.7872,0.1785,0.0148,1,1.65,0.069,0.373,0.061,SHIFT,0.0355,-0.0189,1.5346,-0.3148,0.1891,-0.1465
27.161,2848,placemove,1.0335,-0.0076,0.2643,0.0006,-0.3632,0.0127,0.1018,0.0016,0.0462,0.0251,0.0222,0.0346,1.000,0.000,0.0003,-0.1291,0.0006,-0.3632,0.0127,0.0997,0,1.3427,-0.2780,0.3148,1,0.58,0.003,0.108,0.027,SHIFT,-0.2509,-0.4321,1.5454,0.3038,-0.2744,-0.0613,1.3344,0.2774,0.3146,1,4.68,0.344,1.091,0.415,SHIFT,0.2707,-0.4218,1.5125,0.3025,0.2811,-0.0614,1.1247,-0.3827,0.1881,0,0.00,0.018,0.014,0.006,SHIFT,0.2032,-0.2486,1.5708,0.0538,-0.3760,-0.1023,1.0459,0.3760,0.1671,0,0.00,0.017,0.037,0.003,SHIFT,0.0687,-0.2730,1.5708,-0.0185,0.3833,-0.0973,0.7820,-0.2010,0.0143,1,7.10,0.288,0.807,0.358,SHIFT,-0.0523,-0.0307,1.4749,-0.3262,-0.1903,-0.1434,0.7877,0.1784,0.0148,1,0.00,0.008,0.036,0.014,SHIFT,0.0383,-0.0161,1.5242,-0.3162,0.1890,-0.1469
27.184,2852,placemove,1.0351,-0.0076,0.2651,0.0011,-0.3627,0.0131,0.0864,0.0010,0.0410,0.0233,0.0251,0.0309,1.000,0.000,0.0006,-0.1289,0.0011,-0.3627,0.0131,0.1004,0,1.3433,-0.2783,0.3148,1,0.72,0.001,0.141,0.031,STANCE,-0.2552,-0.4336,1.5509,0.3025,-0.2749,-0.0613,1.3345,0.2775,0.3145,1,4.45,0.327,1.024,0.338,STANCE,0.2744,-0.4236,1.5218,0.3009,0.2811,-0.0616,1.1267,-0.3805,0.1838,0,0.00,0.015,0.018,0.006,STANCE,0.1992,-0.2265,1.5708,0.0523,-0.3740,-0.1069,1.0450,0.3764,0.1682,0,0.00,0.017,0.032,0.001,SWING,0.0760,-0.2802,1.5708,-0.0205,0.3839,-0.0958,0.7821,-0.2009,0.0143,1,6.99,0.269,0.764,0.373,STANCE,-0.0554,-0.0285,1.4632,-0.3278,-0.1902,-0.1436,0.7879,0.1783,0.0150,1,0.00,0.007,0.028,0.011,STANCE,0.0410,-0.0138,1.5143,-0.3175,0.1889,-0.1472
27.236,2856,placemove,1.0364,-0.0075,0.2657,0.0014,-0.3624,0.0134,0.0678,0.0009,0.0318,0.0152,0.0152,0.0211,1.000,0.000,0.0009,-0.1286,0.0014,-0.3624,0.0134,0.0511,0,1.3438,-0.2785,0.3149,1,0.70,0.005,0.137,0.029,STANCE,-0.2584,-0.4347,1.5552,0.3015,-0.2751,-0.0613,1.3346,0.2776,0.3145,1,4.49,0.344,1.031,0.358,STANCE,0.2774,-0.4251,1.5291,0.2997,0.2810,-0.0618,1.1285,-0.3784,0.1800,0,0.00,0.017,0.020,0.006,STANCE,0.1964,-0.2061,1.5708,0.0511,-0.3719,-0.1110,1.0397,0.3804,0.1773,0,0.00,0.019,0.131,0.000,SWING,0.0864,-0.3339,1.5708,-0.0237,0.3885,-0.0844,0.7822,-0.2009,0.0143,1,6.96,0.276,0.763,0.362,STANCE,-0.0579,-0.0269,1.4541,-0.3291,-0.1901,-0.1438,0.7882,0.1782,0.0151,0,0.00,0.008,0.028,0.008,STANCE,0.0432,-0.0120,1.5065,-0.3185,0.1889,-0.1475
27.269,2860,placemove,1.0373,-0.0075,0.2662,0.0018,-0.3621,0.0136,0.0416,-0.0003,0.0291,0.0302,0.0240,0.0169,1.000,0.000,0.0012,-0.1283,0.0018,-0.3621,0.0136,0.1015,0,1.3441,-0.2786,0.3148,1,4.03,0.069,0.935,0.152,STANCE,-0.2609,-0.4354,1.5585,0.3007,-0.2754,-0.0614,1.3346,0.2776,0.3145,1,2.11,0.417,0.432,0.339,STANCE,0.2798,-0.4262,1.5349,0.2987,0.2810,-0.0619,1.1300,-0.3763,0.1764,0,0.00,0.009,0.023,0.005,STANCE,0.1946,-0.1870,1.5708,0.0502,-0.3699,-0.1149,1.0312,0.3852,0.1899,0,0.00,0.005,0.135,0.000,SWING,0.1014,-0.4005,1.5708,-0.0283,0.3932,-0.0699,0.7823,-0.2009,0.0144,1,0.57,0.087,0.024,0.076,STANCE,-0.0598,-0.0256,1.4468,-0.3301,-0.1901,-0.1438,0.7884,0.1782,0.0150,1,5.53,0.196,0.971,0.057,STANCE,0.0449,-0.0086,1.4986,-0.3193,0.1888,-0.1480
27.310,2864,placemove,1.0380,-0.0075,0.2666,0.0021,-0.3620,0.0137,0.0412,-0.0002,0.0217,0.0151,0.0073,0.0123,1.000,0.000,0.0015,-0.1280,0.0021,-0.3620,0.0137,0.1019,0,1.3444,-0.2787,0.3148,1,2.61,0.040,0.615,0.122,STANCE,-0.2627,-0.4358,1.5612,0.3001,-0.2755,-0.0615,1.3345,0.2777,0.3146,1,3.02,0.594,0.636,0.477,STANCE,0.2819,-0.4270,1.5396,0.2979,0.2810,-0.0620,1.1314,-0.3742,0.1730,0,0.00,0.023,0.021,0.005,STANCE,0.1935,-0.1689,1.5708,0.0496,-0.3679,-0.1184,1.0218,0.3888,0.2024,0,0.00,0.020,0.133,0.001,SWING,0.1177,-0.4672,1.5708,-0.0333,0.3968,-0.0551,0.7822,-0.2008,0.0144,1,3.26,0.627,0.142,0.280,STANCE,-0.0613,-0.0247,1.4412,-0.3309,-0.1901,-0.1439,0.7886,0.1782,0.0149,1,3.45,0.106,0.832,0.163,STANCE,0.0463,-0.0063,1.4925,-0.3200,0.1888,-0.1484
27.333,2868,placemove,1.0386,-0.0075,0.2669,0.0023,-0.3619,0.0137,0.0327,-0.0001,0.0169,0.0098,0.0037,0.0034,1.000,0.000,0.0018,-0.1278,0.0023,-0.3619,0.0137,0.1022,0,1.3446,-0.2788,0.3148,1,2.59,0.025,0.605,0.113,STANCE,-0.2641,-0.4360,1.5632,0.2997,-0.2756,-0.0616,1.3345,0.2777,0.3146,1,3.16,0.607,0.669,0.503,STANCE,0.2836,-0.4277,1.5433,0.2972,0.2810,-0.0621,1.1327,-0.3722,0.1699,0,0.00,0.022,0.022,0.005,STANCE,0.1930,-0.1517,1.5708,0.0490,-0.3659,-0.1218,1.0137,0.3916,0.2156,0,0.00,0.019,0.132,0.001,SWING,0.1272,-0.5339,1.5708,-0.0364,0.3997,-0.0401,0.7823,-0.2008,0.0145,1,3.34,0.613,0.190,0.253,STANCE,-0.0623,-0.0239,1.4368,-0.3315,-0.1901,-0.1439,0.7887,0.1781,0.0148,1,3.34,0.092,0.805,0.159,STANCE,0.0474,-0.0047,1.4879,-0.3205,0.1887,-0.1486
27.375,2872,placemove,1.0391,-0.0075,0.2671,0.0025,-0.3619,0.0137,0.0253,0.0001,0.0131,0.0060,0.0016,-0.0029,1.000,0.000,0.0020,-0.1277,0.0025,-0.3619,0.0137,0.1025,0,1.3448,-0.2788,0.3148,1,2.49,0.038,0.584,0.113,STANCE,-0.2651,-0.4360,1.5648,0.2993,-0.2756,-0.0617,1.3344,0.2777,0.3146,1,3.21,0.575,0.689,0.507,STANCE,0.2850,-0.4283,1.5461,0.2967,0.2810,-0.0622,1.1340,-0.3701,0.1669,0,0.00,0.022,0.023,0.005,STANCE,0.1929,-0.1351,1.5708,0.0486,-0.3639,-0.1251,1.0100,0.3940,0.2306,0,0.00,0.022,0.132,0.002,SWING,0.1193,-0.6006,1.5708,-0.0344,0.4021,-0.0249,0.7823,-0.2008,0.0145,1,3.55,0.616,0.214,0.261,STANCE,-0.0631,-0.0234,1.4334,-0.3320,-0.1901,-0.1440,0.7888,0.1781,0.0148,1,3.17,0.091,0.763,0.154,STANCE,0.0484,-0.0035,1.4843,-0.3209,0.1887,-0.1488
27.402,2876,placemove,1.0393,-0.0075,0.2675,0.0015,-0.3623,0.0132,0.0091,0.0060,0.0124,-0.0826,-0.0829,-0.0582,1.000,0.000,0.0021,-0.1277,0.0015,-0.3623,0.0132,0.1024,0,1.3447,-0.2790,0.3152,1,0.00,0.047,0.000,0.001,STANCE,-0.2657,-0.4360,1.5661,0.2990,-0.2756,-0.0618,1.3345,0.2776,0.3147,1,2.12,0.047,0.515,0.381,STANCE,0.2863,-0.4288,1.5483,0.2962,0.2811,-0.0622,1.1346,-0.3687,0.1652,1,0.00,0.051,0.029,0.005,STANCE,0.1928,-0.1255,1.5708,0.0484,-0.3627,-0.1269,1.0118,0.3960,0.2475,0,0.00,0.016,0.137,0.005,SWING,0.0916,-0.6672,1.5708,-0.0266,0.4041,-0.0095,0.7822,-0.2008,0.0148,1,4.70,0.130,0.027,0.612,STANCE,-0.0636,-0.0230,1.4308,-0.3323,-0.1901,-0.1440,0.7889,0.1780,0.0149,1,0.00,0.019,0.014,0.002,STANCE,0.0494,-0.0050,1.4836,-0.3214,0.1886,-0.1485
27.463,2880,placemove,1.0397,-0.0074,0.2676,0.0013,-0.3627,0.0131,0.0230,0.0012,0.0054,0.0249,0.0131,0.0036,1.000,0.000,0.0016,-0.1280,0.0013,-0.3627,0.0131,0.0526,0,1.3447,-0.2790,0.3155,1,0.00,0.015,0.022,0.004,STANCE,-0.2662,-0.4361,1.5671,0.2989,-0.2756,-0.0618,1.3345,0.2777,0.3147,1,5.57,0.581,1.268,0.635,STANCE,0.2873,-0.4291,1.5503,0.2959,0.2811,-0.0623,1.1343,-0.3693,0.1663,0,0.00,0.025,0.029,0.001,STANCE,0.1915,-0.1299,1.5708,0.0482,-0.3633,-0.1261,1.0177,0.3974,0.2660,0,0.00,0.032,0.141,0.002,SWING,0.0498,-0.7339,1.5708,-0.0145,0.4051,0.0058,0.7824,-0.2008,0.0147,1,6.62,0.590,0.986,0.106,STANCE,-0.0639,-0.0227,1.4285,-0.3326,-0.1902,-0.1440,0.7885,0.1780,0.0159,0,0.00,0.008,0.043,0.009,STANCE,0.0506,-0.0127,1.4885,-0.3218,0.1885,-0.1471
27.484,2884,placemove,1.0401,-0.0074,0.2677,0.0022,-0.3621,0.0130,0.0235,-0.0039,0.0027,0.0585,0.0448,0.0201,1.000,0.000,0.0015,-0.1281,0.0022,-0.3621,0.0130,0.0528,0,1.3451,-0.2789,0.3152,1,0.00,0.018,0.031,0.006,STANCE,-0.2664,-0.4364,1.5679,0.2988,-0.2756,-0.0618,1.3346,0.2777,0.3147,1,5.71,0.406,1.309,0.657,STANCE,0.2882,-0.4294,1.5518,0.2956,0.2811,-0.0623,1.1345,-0.3695,0.1663,0,0.00,0.026,0.033,0.002,STANCE,0.1909,-0.1311,1.5708,0.0480,-0.3635,-0.1258,1.0248,0.3970,0.2853,0,0.00,0.035,0.133,0.002,SWING,0.0053,-0.8006,1.5708,-0.0015,0.4045,0.0212,0.7824,-0.2008,0.0147,1,6.61,0.371,1.056,0.033,STANCE,-0.0640,-0.0224,1.4265,-0.3329,-0.1903,-0.1440,0.7880,0.1780,0.0172,0,0.00,0.010,0.035,0.008,STANCE,0.0516,-0.0185,1.4923,-0.3222,0.1884,-0.1461
27.518,2888,placemove,1.0404,-0.0075,0.2677,0.0026,-0.3618,0.0130,0.0105,-0.0011,0.0039,0.0048,-0.0030,-0.0028,1.000,0.000,0.0019,-0.1279,0.0026,-0.3618,0.0130,0.0530,0,1.3454,-0.2789,0.3149,1,0.93,0.039,0.197,0.044,STANCE,-0.2666,-0.4365,1.5685,0.2987,-0.2756,-0.0618,1.3347,0.2777,0.3147,1,4.67,0.330,1.097,0.563,STANCE,0.2889,-0.4297,1.5529,0.2953,0.2812,-0.0623,1.1349,-0.3692,0.1658,0,0.00,0.020,0.036,0.003,STANCE,0.1907,-0.1289,1.5708,0.0479,-0.3633,-0.1263,1.0307,0.3954,0.3023,0,0.00,0.034,0.078,0.001,SWING,-0.0330,-0.8559,1.5708,0.0095,0.4028,0.0338,0.7825,-0.2008,0.0147,1,6.48,0.328,0.856,0.200,STANCE,-0.0641,-0.0222,1.4252,-0.3330,-0.1903,-0.1440,0.7876,0.1780,0.0181,0,0.00,0.015,0.030,0.007,STANCE,0.0524,-0.0232,1.4953,-0.3225,0.1884,-0.1452
27.545,2892,placemove,1.0405,-0.0075,0.2678,0.0027,-0.3619,0.0129,0.0043,0.0015,0.0042,-0.0276,-0.0272,-0.0275,1.000,0.000,0.0022,-0.1278,0.0027,-0.3619,0.0129,0.0655,0,1.3454,-0.2790,0.3149,1,0.00,0.016,0.070,0.012,STANCE,-0.2667,-0.4364,1.5690,0.2986,-0.2755,-0.0619,1.3346,0.2777,0.3147,1,5.11,0.079,1.258,0.718,STANCE,0.2895,-0.4298,1.5537,0.2951,0.2812,-0.0623,1.1352,-0.3687,0.1650,1,2.32,0.135,0.593,0.227,STANCE,0.1908,-0.1248,1.5708,0.0479,-0.3627,-0.1271,1.0420,0.3954,0.3032,0,0.00,0.046,0.005,0.009,SWING,-0.0700,-0.8296,1.5708,0.0202,0.4031,0.0278,0.7826,-0.2008,0.0147,1,5.59,0.095,0.609,0.272,STANCE,-0.0642,-0.0220,1.4244,-0.3331,-0.1903,-0.1440,0.7872,0.1780,0.0187,0,0.00,0.027,0.002,0.010,STANCE,0.0530,-0.0267,1.4975,-0.3228,0.1883,-0.1446
27.583,2896,placemove,1.0404,-0.0073,0.2679,0.0014,-0.3630,0.0125,-0.0025,0.0087,0.0044,-0.0625,-0.0565,-0.0413,1.000,0.000,0.0020,-0.1280,0.0014,-0.3630,0.0125,0.0654,0,1.3451,-0.2790,0.3156,1,0.00,0.019,0.030,0.006,STANCE,-0.2667,-0.4363,1.5694,0.2986,-0.2755,-0.0619,1.3346,0.2777,0.3147,1,5.34,0.296,1.226,0.618,STANCE,0.2901,-0.4300,1.5544,0.2949,0.2813,-0.0623,1.1352,-0.3683,0.1650,1,1.27,0.050,0.326,0.170,STANCE,0.1910,-0.1213,1.5708,0.0478,-0.3623,-0.1277,1.0578,0.3964,0.2924,0,0.00,0.046,0.067,0.003,SWING,-0.1070,-0.7629,1.5708,0.0310,0.4035,0.0125,0.7826,-0.2008,0.0146,1,5.88,0.224,0.841,0.122,STANCE,-0.0642,-0.0219,1.4236,-0.3332,-0.1904,-0.1440,0.7874,0.1780,0.0184,0,0.00,0.011,0.032,0.001,STANCE,0.0535,-0.0270,1.4972,-0.3229,0.1883,-0.1445
27.610,2900,placemove,1.0404,-0.0072,0.2679,0.0006,-0.3636,0.0123,0.0077,0.0029,0.0052,-0.0114,-0.0118,-0.0147,1.000,0.000,0.0014,-0.1285,0.0006,-0.3636,0.0123,0.1031,0,1.3449,-0.2790,0.3161,0,0.00,0.025,0.017,0.005,SHIFT,-0.2668,-0.4366,1.5697,0.2985,-0.2755,-0.0619,1.3346,0.2778,0.3147,1,5.46,0.653,1.219,0.632,SHIFT,0.2905,-0.4302,1.5551,0.2948,0.2813,-0.0623,1.1351,-0.3681,0.1650,1,0.00,0.037,0.016,0.001,SHIFT,0.1909,-0.1199,1.5708,0.0478,-0.3621,-0.1280,1.0725,0.3960,0.2813,0,0.00,0.054,0.060,0.004,SHIFT,-0.1389,-0.6962,1.5708,0.0402,0.4027,-0.0029,0.7826,-0.2008,0.0146,1,7.00,0.635,0.886,0.216,SHIFT,-0.0641,-0.0216,1.4227,-0.3333,-0.1904,-0.1441,0.7878,0.1780,0.0177,0,0.00,0.007,0.037,0.003,SHIFT,0.0538,-0.0240,1.4941,-0.3229,0.1882,-0.1450
27.649,2904,placemove,1.0408,-0.0072,0.2681,0.0010,-0.3633,0.0122,0.0355,-0.0029,0.0142,0.0449,0.0378,0.0190,1.000,0.000,0.0010,-0.1289,0.0010,-0.3633,0.0122,0.1033,0,1.3450,-0.2792,0.3162,0,0.00,0.023,0.021,0.005,SHIFT,-0.2677,-0.4375,1.5699,0.2983,-0.2757,-0.0617,1.3346,0.2778,0.3147,1,5.42,0.556,1.234,0.652,SHIFT,0.2917,-0.4306,1.5572,0.2944,0.2814,-0.0624,1.1350,-0.3684,0.1653,1,0.00,0.032,0.025,0.001,SHIFT,0.1892,-0.1216,1.5708,0.0474,-0.3624,-0.1277,1.0839,0.3947,0.2693,0,0.00,0.038,0.063,0.004,SHIFT,-0.1593,-0.6296,1.5708,0.0460,0.4011,-0.0182,0.7826,-0.2008,0.0146,1,7.02,0.533,0.891,0.239,SHIFT,-0.0646,-0.0208,1.4195,-0.3337,-0.1905,-0.1441,0.7882,0.1780,0.0170,0,0.00,0.010,0.032,0.010,SHIFT,0.0545,-0.0181,1.4866,-0.3232,0.1881,-0.1461
27.671,2908,placemove,1.0417,-0.0074,0.2684,0.0021,-0.3624,0.0123,0.0550,-0.0092,0.0172,0.0699,0.0754,0.0313,1.000,0.000,0.0011,-0.1288,0.0021,-0.3624,0.0123,0.1036,0,1.3456,-0.2795,0.3161,0,0.00,0.019,0.023,0.005,SHIFT,-0.2695,-0.4385,1.5701,0.2980,-0.2761,-0.0615,1.3347,0.2779,0.3147,1,4.44,0.327,0.960,0.100,SHIFT,0.2937,-0.4313,1.5602,0.2937,0.2815,-0.0624,1.1351,-0.3686,0.1651,1,0.00,0.027,0.025,0.001,SHIFT,0.1862,-0.1227,1.5708,0.0466,-0.3627,-0.1275,1.0936,0.3925,0.2574,0,0.00,0.028,0.007,0.014,SHIFT,-0.1737,-0.5652,1.5708,0.0498,0.3988,-0.0329,0.7827,-0.2007,0.0146,1,8.04,0.336,0.526,0.672,SHIFT,-0.0657,-0.0194,1.4142,-0.3343,-0.1905,-0.1443,0.7886,0.1780,0.0162,0,0.00,0.005,0.031,0.016,SHIFT,0.0557,-0.0099,1.4752,-0.3238,0.1881,-0.1474
27.702,2912,placemove,1.0426,-0.0073,0.2687,0.0023,-0.3618,0.0124,0.0628,0.0048,0.0213,-0.0075,0.0256,0.0055,1.000,0.000,0.0016,-0.1283,0.0023,-0.3618,0.0124,0.1040,0,1.3462,-0.2800,0.3161,0,0.00,0.019,0.032,0.006,SHIFT,-0.2720,-0.4395,1.5703,0.2975,-0.2766,-0.0613,1.3350,0.2782,0.3147,1,4.07,0.394,0.861,0.081,SHIFT,0.2963,-0.4322,1.5625,0.2930,0.2818,-0.0624,1.1352,-0.3688,0.1650,1,1.02,0.170,0.066,0.061,SHIFT,0.1819,-0.1230,1.5708,0.0456,-0.3629,-0.1274,1.1012,0.3901,0.2473,0,0.00,0.030,0.005,0.012,SHIFT,-0.1832,-0.5134,1.5708,0.0521,0.3963,-0.0447,0.7828,-0.2007,0.0146,1,7.26,0.178,0.482,0.605,SHIFT,-0.0673,-0.0177,1.4071,-0.3352,-0.1905,-0.1444,0.7892,0.1780,0.0150,0,0.00,0.013,0.019,0.019,SHIFT,0.0572,-0.0003,1.4608,-0.3246,0.1881,-0.1490
27.734,2916,placemove,1.0439,-0.0073,0.2692,0.0033,-0.3595,0.0128,0.0807,-0.0050,0.0071,0.0771,0.0849,0.0544,1.000,0.000,0.0020,-0.1273,0.0033,-0.3595,0.0128,0.1416,0,1.3471,-0.2804,0.3158,0,0.00,0.040,0.057,0.014,SHIFT,-0.2750,-0.4402,1.5704,0.2970,-0.2772,-0.0611,1.3353,0.2788,0.3147,1,8.48,0.927,1.758,0.143,SHIFT,0.2996,-0.4332,1.5643,0.2922,0.2823,-0.0623,1.1349,-0.3696,0.1655,1,0.00,0.064,0.074,0.005,SHIFT,0.1762,-0.1298,1.5708,0.0443,-0.3640,-0.1261,1.1067,0.3880,0.2396,0,0.00,0.041,0.034,0.012,SHIFT,-0.1888,-0.4726,1.5708,0.0533,0.3940,-0.0539,0.7825,-0.2007,0.0150,1,15.11,1.000,1.013,1.203,SHIFT,-0.0692,-0.0158,1.3979,-0.3364,-0.1905,-0.1446,0.7890,0.1780,0.0152,1,0.00,0.014,0.058,0.002,SHIFT,0.0593,0.0024,1.4514,-0.3258,0.1881,-0.1494
27.800,2920,placemove,1.0454,-0.0074,0.2695,0.0044,-0.3581,0.0131,0.0902,0.0030,0.0186,-0.0062,0.0228,-0.0052,1.000,0.000,0.0029,-0.1260,0.0044,-0.3581,0.0131,0.0547,0,1.3483,-0.2810,0.3150,1,1.15,0.047,0.221,0.021,SHIFT,-0.2785,-0.4404,1.5705,0.2963,-0.2779,-0.0611,1.3358,0.2795,0.3145,1,4.36,0.242,0.959,0.103,SHIFT,0.3033,-0.4341,1.5657,0.2913,0.2829,-0.0622,1.1344,-0.3712,0.1667,0,0.00,0.022,0.050,0.000,SHIFT,0.1693,-0.1407,1.5708,0.0428,-0.3657,-0.1240,1.1109,0.3861,0.2334,0,0.00,0.021,0.012,0.010,SHIFT,-0.1914,-0.4405,1.5708,0.0537,0.3921,-0.0611,0.7826,-0.2007,0.0148,1,8.50,0.144,0.585,0.696,SHIFT,-0.0715,-0.0138,1.3880,-0.3377,-0.1904,-0.1447,0.7883,0.1780,0.0163,0,0.00,0.012,0.034,0.006,SHIFT,0.0619,-0.0011,1.4459,-0.3273,0.1881,-0.1486
27.822,2924,placemove,1.0470,-0.0073,0.2698,0.0041,-0.3577,0.0133,0.0958,0.0091,0.0180,-0.0184,0.0131,-0.0000,1.000,0.000,0.0035,-0.1249,0.0041,-0.3577,0.0133,0.0551,0,1.3491,-0.2816,0.3149,1,0.40,0.000,0.064,0.004,SHIFT,-0.2822,-0.4403,1.5705,0.2955,-0.2786,-0.0611,1.3365,0.2804,0.3145,1,6.77,0.517,1.403,0.118,SHIFT,0.3074,-0.4350,1.5668,0.2904,0.2836,-0.0620,1.1340,-0.3722,0.1676,0,0.00,0.034,0.009,0.003,SHIFT,0.1622,-0.1461,1.5708,0.0412,-0.3666,-0.1229,1.1143,0.3846,0.2282,0,0.00,0.040,0.081,0.019,SHIFT,-0.1915,-0.4154,1.5708,0.0534,0.3905,-0.0666,0.7827,-0.2006,0.0147,1,11.18,0.392,0.638,1.017,SHIFT,-0.0741,-0.0118,1.3770,-0.3392,-0.1904,-0.1448,0.7882,0.1780,0.0164,0,0.00,0.026,0.046,0.010,SHIFT,0.0646,-0.0012,1.4364,-0.3289,0.1881,-0.1484
27.853,2928,placemove,1.0487,-0.0071,0.2701,0.0038,-0.3573,0.0135,0.1022,0.0091,0.0235,-0.0079,0.0246,0.0083,1.000,0.000,0.0036,-0.1242,0.0038,-0.3573,0.0135,0.0555,0,1.3501,-0.2822,0.3149,1,0.74,0.010,0.142,0.016,SHIFT,-0.2862,-0.4402,1.5706,0.2947,-0.2794,-0.0611,1.3372,0.2813,0.3144,1,3.98,0.331,0.844,0.072,SHIFT,0.3119,-0.4358,1.5677,0.2894,0.2844,-0.0619,1.1340,-0.3725,0.1676,0,0.00,0.021,0.034,0.002,SHIFT,0.1553,-0.1469,1.5708,0.0394,-0.3670,-0.1228,1.1168,0.3835,0.2239,0,0.00,0.026,0.019,0.007,SHIFT,-0.1898,-0.3955,1.5708,0.0527,0.3893,-0.0710,0.7829,-0.2006,0.0146,1,7.82,0.245,0.484,0.669,SHIFT,-0.0767,-0.0097,1.3651,-0.3408,-0.1904,-0.1448,0.7883,0.1781,0.0159,0,0.00,0.012,0.027,0.017,SHIFT,0.0673,0.0019,1.4235,-0.3305,0.1881,-0.1488
27.874,2932,placemove,1.0505,-0.0069,0.2705,0.0036,-0.3568,0.0137,0.1082,0.0103,0.0251,-0.0024,0.0293,0.0107,1.000,0.000,0.0034,-0.1237,0.0036,-0.3568,0.0137,0.0559,0,1.3511,-0.2828,0.3149,1,0.79,0.011,0.153,0.018,SHIFT,-0.2904,-0.4403,1.5706,0.2938,-0.2802,-0.0611,1.3379,0.2824,0.3143,1,3.96,0.327,0.841,0.072,SHIFT,0.3166,-0.4366,1.5684,0.2884,0.2853,-0.0618,1.1342,-0.3723,0.1670,0,0.00,0.019,0.032,0.003,SHIFT,0.1483,-0.1442,1.5708,0.0376,-0.3669,-0.1233,1.1188,0.3827,0.2204,0,0.00,0.025,0.021,0.006,SHIFT,-0.1865,-0.3795,1.5708,0.0516,0.3883,-0.0745,0.7830,-0.2005,0.0145,1,7.64,0.238,0.510,0.623,SHIFT,-0.0793,-0.0074,1.3525,-0.3425,-0.1904,-0.1449,0.7886,0.1782,0.0151,0,0.00,0.011,0.023,0.021,SHIFT,0.0701,0.0077,1.4077,-0.3321,0.1881,-0.1495
27.926,2936,placemove,1.0523,-0.0069,0.2712,0.0038,-0.3550,0.0136,0.1087,-0.0058,0.0491,0.0077,0.1058,-0.0175,1.000,0.000,0.0034,-0.1230,0.0038,-0.3550,0.0136,0.1065,0,1.3522,-0.2836,0.3148,1,3.59,0.247,0.777,0.075,SHIFT,-0.2948,-0.4404,1.5706,0.2929,-0.2811,-0.0611,1.3387,0.2833,0.3143,1,1.34,0.039,0.261,0.031,SHIFT,0.3216,-0.4372,1.5689,0.2873,0.2862,-0.0617,1.1345,-0.3720,0.1660,0,0.00,0.027,0.018,0.002,SHIFT,0.1414,-0.1389,1.5708,0.0358,-0.3665,-0.1243,1.1202,0.3820,0.2178,0,0.00,0.011,0.041,0.008,SHIFT,-0.1821,-0.3666,1.5708,0.0502,0.3876,-0.0773,0.7828,-0.2005,0.0149,1,0.00,0.020,0.012,0.016,SHIFT,-0.0819,-0.0050,1.3390,-0.3443,-0.1905,-0.1449,0.7889,0.1781,0.0148,1,7.56,0.089,0.459,0.679,SHIFT,0.0731,0.0148,1.3909,-0.3337,0.1881,-0.1505
27.956,2940,placemove,1.0541,-0.0071,0.2721,0.0034,-0.3536,0.0131,0.1112,-0.0051,0.0527,-0.0677,0.0327,-0.0395,1.000,0.000,0.0034,-0.1217,0.0034,-0.3536,0.0131,0.0699,0,1.3530,-0.2848,0.3149,1,0.00,0.043,0.023,0.003,SHIFT,-0.2992,-0.4404,1.5707,0.2920,-0.2819,-0.0611,1.3397,0.2839,0.3144,1,1.25,0.031,0.261,0.032,SHIFT,0.3267,-0.4377,1.5693,0.2862,0.2871,-0.0616,1.1346,-0.3716,0.1649,1,5.05,0.891,0.665,0.072,SHIFT,0.1344,-0.1327,1.5708,0.0339,-0.3660,-0.1255,1.1215,0.3812,0.2158,0,0.00,0.008,0.027,0.009,SHIFT,-0.1767,-0.3562,1.5708,0.0486,0.3870,-0.0796,0.7824,-0.2007,0.0156,0,0.00,0.002,0.011,0.015,SHIFT,-0.0845,-0.0027,1.3250,-0.3461,-0.1906,-0.1449,0.7890,0.1780,0.0147,1,3.88,0.755,0.660,0.012,SHIFT,0.0762,0.0201,1.3747,-0.3355,0.1880,-0.1512
27.988,2944,placemove,1.0559,-0.0071,0.2717,0.0038,-0.3561,0.0130,0.0964,-0.0032,-0.0315,0.0224,-0.1658,-0.0027,1.000,0.000,0.0033,-0.1212,0.0038,-0.3561,0.0130,0.0688,0,1.3540,-0.2857,0.3149,1,5.98,0.365,1.206,0.025,STANCE,-0.3034,-0.4403,1.5707,0.2911,-0.2827,-0.0611,1.3404,0.2847,0.3145,1,1.19,0.040,0.216,0.002,STANCE,0.3316,-0.4379,1.5696,0.2852,0.2880,-0.0616,1.1338,-0.3740,0.1670,1,0.00,0.012,0.072,0.001,STANCE,0.1256,-0.1513,1.5708,0.0320,-0.3686,-0.1219,1.1226,0.3807,0.2135,0,0.00,0.037,0.031,0.005,STANCE,-0.1713,-0.3477,1.5708,0.0470,0.3866,-0.0814,0.7825,-0.2008,0.0153,0,0.00,0.000,0.065,0.003,SWING,-0.0871,-0.0104,1.3206,-0.3480,-0.1907,-0.1431,0.7889,0.1780,0.0148,1,10.81,0.315,0.801,0.783,STANCE,0.0797,0.0110,1.3719,-0.3375,0.1880,-0.1493
28.014,2948,placemove,1.0573,-0.0072,0.2713,0.0041,-0.3583,0.0128,0.0767,-0.0028,-0.0231,0.0145,-0.1111,-0.0102,1.000,0.000,0.0035,-0.1224,0.0041,-0.3583,0.0128,0.0566,0,1.3547,-0.2864,0.3148,1,4.31,0.279,0.855,0.009,STANCE,-0.3067,-0.4404,1.5707,0.2904,-0.2833,-0.0611,1.3410,0.2854,0.3145,1,1.15,0.038,0.207,0.000,STANCE,0.3354,-0.4383,1.5699,0.2844,0.2887,-0.0615,1.1331,-0.3759,0.1686,0,0.00,0.016,0.045,0.000,STANCE,0.1190,-0.1639,1.5708,0.0305,-0.3703,-0.1194,1.1236,0.3804,0.2115,0,0.00,0.017,0.031,0.005,STANCE,-0.1670,-0.3412,1.5708,0.0457,0.3863,-0.0828,0.7782,-0.2013,0.0222,0,0.00,0.007,0.145,0.049,SWING,-0.0909,-0.0667,1.3523,-0.3513,-0.1911,-0.1323,0.7890,0.1779,0.0147,1,7.62,0.182,0.597,0.533,STANCE,0.0824,0.0041,1.3697,-0.3390,0.1879,-0.1478
28.051,2952,placemove,1.0585,-0.0072,0.2709,0.0045,-0.3597,0.0125,0.0598,-0.0037,-0.0220,0.0173,-0.0737,-0.0061,1.000,0.000,0.0037,-0.1238,0.0045,-0.3597,0.0125,0.0563,0,1.3552,-0.2870,0.3147,1,7.49,0.502,1.430,0.007,STANCE,-0.3091,-0.4408,1.5707,0.2899,-0.2838,-0.0610,1.3415,0.2858,0.3146,1,0.92,0.039,0.157,0.005,STANCE,0.3383,-0.4391,1.5701,0.2837,0.2893,-0.0613,1.1328,-0.3770,0.1691,0,0.00,0.023,0.099,0.007,STANCE,0.1143,-0.1708,1.5708,0.0294,-0.3713,-0.1181,1.1244,0.3800,0.2099,0,0.00,0.018,0.009,0.002,STANCE,-0.1638,-0.3362,1.5708,0.0448,0.3860,-0.0839,0.7723,-0.2011,0.0322,0,0.00,0.005,0.162,0.052,SWING,-0.0963,-0.1333,1.3917,-0.3544,-0.1908,-0.1195,0.7891,0.1779,0.0146,1,10.09,0.393,0.995,0.565,STANCE,0.0844,-0.0008,1.3678,-0.3402,0.1878,-0.1468
28.072,2956,placemove,1.0593,-0.0073,0.2706,0.0046,-0.3606,0.0123,0.0457,-0.0014,-0.0150,0.0045,-0.0385,-0.0111,1.000,0.000,0.0039,-0.1251,0.0046,-0.3606,0.0123,0.0560,0,1.3556,-0.2875,0.3147,1,4.24,0.318,0.808,0.020,STANCE,-0.3109,-0.4416,1.5707,0.2896,-0.2842,-0.0608,1.3418,0.2862,0.3146,1,1.02,0.033,0.174,0.006,STANCE,0.3406,-0.4401,1.5702,0.2833,0.2897,-0.0611,1.1327,-0.3774,0.1691,0,0.00,0.021,0.037,0.002,STANCE,0.1110,-0.1731,1.5708,0.0286,-0.3716,-0.1176,1.1250,0.3798,0.2087,0,0.00,0.021,0.033,0.005,STANCE,-0.1614,-0.3324,1.5708,0.0441,0.3858,-0.0847,0.7639,-0.2017,0.0428,0,0.00,0.008,0.138,0.021,SWING,-0.1022,-0.2000,1.4093,-0.3597,-0.1914,-0.1055,0.7891,0.1779,0.0145,1,7.68,0.212,0.531,0.593,STANCE,0.0860,-0.0042,1.3661,-0.3410,0.1878,-0.1460
28.108,2960,placemove,1.0600,-0.0073,0.2704,0.0046,-0.3610,0.0121,0.0352,-0.0010,-0.0122,0.0018,-0.0191,-0.0096,1.000,0.000,0.0040,-0.1260,0.0046,-0.3610,0.0121,0.0558,0,1.3559,-0.2879,0.3146,1,4.19,0.332,0.782,0.032,STANCE,-0.3123,-0.4424,1.5707,0.2893,-0.2845,-0.0606,1.3421,0.2865,0.3146,1,0.95,0.032,0.158,0.008,STANCE,0.3424,-0.4413,1.5703,0.2829,0.2901,-0.0608,1.1329,-0.3774,0.1685,0,0.00,0.024,0.033,0.002,STANCE,0.1089,-0.1718,1.5708,0.0280,-0.3715,-0.1179,1.1255,0.3796,0.2077,0,0.00,0.022,0.034,0.005,STANCE,-0.1596,-0.3296,1.5708,0.0436,0.3856,-0.0853,0.7553,-0.2026,0.0541,0,0.00,0.009,0.138,0.025,SWING,-0.1060,-0.2667,1.4261,-0.3640,-0.1921,-0.0914,0.7892,0.1779,0.0144,1,7.71,0.223,0.497,0.623,STANCE,0.0871,-0.0064,1.3647,-0.3416,0.1877,-0.1455
28.130,2964,placemove,1.0605,-0.0073,0.2702,0.0046,-0.3612,0.0120,0.0274,-0.0007,-0.0099,0.0004,-0.0081,-0.0066,1.000,0.000,0.0041,-0.1266,0.0046,-0.3612,0.0120,0.0557,0,1.3561,-0.2882,0.3146,1,4.18,0.328,0.775,0.038,STANCE,-0.3134,-0.4432,1.5707,0.2891,-0.2847,-0.0605,1.3423,0.2867,0.3147,1,0.91,0.031,0.147,0.010,STANCE,0.3437,-0.4425,1.5704,0.2827,0.2904,-0.0606,1.1332,-0.3771,0.1675,0,0.00,0.025,0.031,0.003,STANCE,0.1075,-0.1678,1.5708,0.0276,-0.3711,-0.1187,1.1259,0.3794,0.2070,0,0.00,0.023,0.034,0.004,STANCE,-0.1582,-0.3274,1.5708,0.0432,0.3855,-0.0858,0.7496,-0.2035,0.0659,0,0.00,0.008,0.139,0.042,SWING,-0.1048,-0.3333,1.4563,-0.3652,-0.1931,-0.0779,0.7892,0.1778,0.0144,1,7.74,0.231,0.485,0.636,STANCE,0.0879,-0.0079,1.3635,-0.3421,0.1877,-0.1451
28.171,2968,placemove,1.0609,-0.0073,0.2701,0.0046,-0.3613,0.0119,0.0213,-0.0005,-0.0080,-0.0003,-0.0028,-0.0038,1.000,0.000,0.0041,-0.1269,0.0046,-0.3613,0.0119,0.0555,0,1.3563,-0.2885,0.3146,1,4.17,0.329,0.769,0.041,STANCE,-0.3142,-0.4439,1.5707,0.2890,-0.2849,-0.0603,1.3425,0.2869,0.3147,1,0.89,0.034,0.141,0.011,STANCE,0.3447,-0.4436,1.5705,0.2825,0.2906,-0.0604,1.1338,-0.3764,0.1662,0,0.00,0.026,0.029,0.003,STANCE,0.1068,-0.1617,1.5708,0.0274,-0.3704,-0.1199,1.1262,0.3793,0.2064,0,0.00,0.024,0.034,0.004,STANCE,-0.1573,-0.3258,1.5708,0.0429,0.3854,-0.0861,0.7448,-0.2060,0.0783,0,0.00,0.009,0.138,0.033,SWING,-0.0973,-0.4000,1.4810,-0.3656,-0.1956,-0.0642,0.7892,0.1778,0.0143,1,7.73,0.237,0.479,0.639,STANCE,0.0885,-0.0090,1.3625,-0.3424,0.1877,-0.1449
28.202,2972,placemove,1.0611,-0.0073,0.2700,0.0043,-0.3613,0.0117,0.0165,-0.0007,0.0020,-0.0317,-0.0013,-0.0239,1.000,0.000,0.0041,-0.1271,0.0043,-0.3613,0.0117,0.0679,0,1.3564,-0.2887,0.3147,1,0.00,0.043,0.025,0.006,STANCE,-0.3149,-0.4446,1.5707,0.2889,-0.2851,-0.0601,1.3427,0.2870,0.3147,1,1.59,0.062,0.337,0.052,STANCE,0.3455,-0.4445,1.5705,0.2824,0.2908,-0.0602,1.1342,-0.3757,0.1650,1,4.81,0.837,0.899,0.263,STANCE,0.1063,-0.1559,1.5707,0.0272,-0.3697,-0.1210,1.1265,0.3792,0.2059,0,0.00,0.020,0.035,0.005,STANCE,-0.1566,-0.3245,1.5708,0.0427,0.3853,-0.0864,0.7404,-0.2100,0.0915,0,0.00,0.024,0.131,0.029,SWING,-0.0841,-0.4667,1.5004,-0.3652,-0.1997,-0.0502,0.7893,0.1778,0.0143,1,5.42,0.798,0.543,0.247,STANCE,0.0889,-0.0098,1.3614,-0.3427,0.1877,-0.1447
28.244,2976,placemove,1.0614,-0.0073,0.2700,0.0038,-0.3613,0.0115,0.0129,-0.0005,0.0013,-0.0234,0.0014,-0.0167,1.000,0.000,0.0039,-0.1272,0.0038,-0.3613,0.0115,0.0678,0,1.3564,-0.2889,0.3149,1,0.00,0.019,0.033,0.007,STANCE,-0.3155,-0.4452,1.5707,0.2888,-0.2852,-0.0600,1.3429,0.2870,0.3147,1,2.30,0.084,0.498,0.074,STANCE,0.3460,-0.4452,1.5706,0.2823,0.2909,-0.0600,1.1342,-0.3757,0.1649,1,4.87,0.521,0.947,0.220,STANCE,0.1055,-0.1547,1.5704,0.0270,-0.3697,-0.1212,1.1268,0.3791,0.2055,0,0.00,0.025,0.034,0.004,STANCE,-0.1561,-0.3235,1.5708,0.0425,0.3853,-0.0866,0.7366,-0.2145,0.1054,0,0.00,0.013,0.137,0.020,SWING,-0.0690,-0.5333,1.5157,-0.3641,-0.2041,-0.0358,0.7893,0.1778,0.0143,1,5.45,0.586,0.516,0.285,STANCE,0.0892,-0.0103,1.3604,-0.3430,0.1877,-0.1446
28.266,2980,placemove,1.0616,-0.0073,0.2701,0.0035,-0.3612,0.0114,0.0099,-0.0001,0.0009,-0.0152,0.0014,-0.0083,1.000,0.000,0.0035,-0.1272,0.0035,-0.3612,0.0114,0.0678,0,1.3564,-0.2891,0.3151,1,0.00,0.019,0.033,0.007,STANCE,-0.3161,-0.4458,1.5707,0.2887,-0.2854,-0.0599,1.3431,0.2871,0.3147,1,2.30,0.051,0.490,0.057,STANCE,0.3463,-0.4457,1.5706,0.2822,0.2910,-0.0599,1.1342,-0.3757,0.1648,1,4.86,0.531,0.908,0.178,STANCE,0.1049,-0.1540,1.5701,0.0268,-0.3696,-0.1214,1.1270,0.3790,0.2051,0,0.00,0.025,0.034,0.004,STANCE,-0.1558,-0.3225,1.5708,0.0424,0.3852,-0.0868,0.7329,-0.2184,0.1196,0,0.00,0.012,0.137,0.015,SWING,-0.0553,-0.6000,1.5276,-0.3627,-0.2079,-0.0212,0.7893,0.1778,0.0143,1,5.47,0.556,0.503,0.299,STANCE,0.0893,-0.0107,1.3596,-0.3431,0.1878,-0.1445
28.303,2984,placemove,1.0617,-0.0073,0.2701,0.0032,-0.3611,0.0114,0.0077,-0.0000,0.0008,-0.0095,0.0016,-0.0017,1.000,0.000,0.0032,-0.1271,0.0032,-0.3611,0.0114,0.0678,0,1.3564,-0.2893,0.3153,1,0.00,0.012,0.035,0.007,STANCE,-0.3166,-0.4464,1.5708,0.2886,-0.2855,-0.0598,1.3432,0.2871,0.3147,1,2.45,0.024,0.516,0.054,STANCE,0.3465,-0.4460,1.5706,0.2822,0.2910,-0.0598,1.1342,-0.3757,0.1648,1,4.50,0.438,0.843,0.149,STANCE,0.1043,-0.1535,1.5700,0.0266,-0.3696,-0.1215,1.1272,0.3789,0.2049,0,0.00,0.024,0.035,0.004,STANCE,-0.1556,-0.3216,1.5708,0.0424,0.3851,-0.0870,0.7357,-0.2220,0.1211,0,0.00,0.012,0.017,0.013,SWING,-0.0396,-0.5886,1.5369,-0.3593,-0.2114,-0.0247,0.7893,0.1778,0.0143,1,4.97,0.455,0.458,0.275,STANCE,0.0894,-0.0109,1.3589,-0.3433,0.1878,-0.1444
28.325,2988,placemove,1.0618,-0.0073,0.2701,0.0031,-0.3611,0.0115,0.0057,0.0000,0.0002,-0.0052,-0.0006,0.0023,1.000,0.000,0.0030,-0.1271,0.0031,-0.3611,0.0115,0.0678,0,1.3564,-0.2894,0.3154,1,0.00,0.019,0.032,0.007,STANCE,-0.3170,-0.4468,1.5708,0.2885,-0.2856,-0.0597,1.3433,0.2872,0.3147,1,2.35,0.021,0.502,0.053,STANCE,0.3466,-0.4461,1.5705,0.2822,0.2911,-0.0598,1.1342,-0.3757,0.1647,1,4.80,0.531,0.868,0.138,STANCE,0.1037,-0.1532,1.5699,0.0265,-0.3696,-0.1215,1.1274,0.3788,0.2047,0,0.00,0.026,0.034,0.004,STANCE,-0.1555,-0.3209,1.5708,0.0423,0.3851,-0.0872,0.7461,-0.2252,0.1079,0,0.00,0.018,0.067,0.013,SWING,-0.0210,-0.5220,1.5404,-0.3545,-0.2149,-0.0404,0.7893,0.1778,0.0143,1,5.51,0.517,0.481,0.320,STANCE,0.0895,-0.0110,1.3584,-0.3433,0.1878,-0.1443
28.369,2992,placemove,1.0619,-0.0073,0.2701,0.0030,-0.3611,0.0116,0.0114,0.0003,0.0030,-0.0069,0.0017,0.0033,1.000,0.000,0.0029,-0.1271,0.0030,-0.3611,0.0116,0.0678,0,1.3564,-0.2894,0.3155,1,0.00,0.021,0.032,0.007,SHIFT,-0.3176,-0.4473,1.5708,0.2884,-0.2857,-0.0596,1.3433,0.2872,0.3147,1,2.07,0.038,0.452,0.054,SHIFT,0.3467,-0.4462,1.5705,0.2822,0.2911,-0.0598,1.1342,-0.3757,0.1647,1,4.96,0.655,0.863,0.139,SHIFT,0.1031,-0.1530,1.5699,0.0263,-0.3696,-0.1216,1.1275,0.3787,0.2045,0,0.00,0.034,0.031,0.004,SHIFT,-0.1554,-0.3202,1.5708,0.0423,0.3850,-0.0873,0.7524,-0.2302,0.0963,0,0.00,0.025,0.058,0.074,SHIFT,-0.0042,-0.4553,1.5122,-0.3525,-0.2194,-0.0537,0.7893,0.1778,0.0143,1,5.74,0.587,0.511,0.323,SHIFT,0.0895,-0.0111,1.3578,-0.3434,0.1879,-0.1443
28.391,2996,placemove,1.0624,-0.0073,0.2702,0.0028,-0.3610,0.0117,0.0363,0.0016,0.0120,-0.0163,0.0162,0.0005,1.000,0.000,0.0027,-0.1270,0.0028,-0.3610,0.0117,0.0679,0,1.3565,-0.2897,0.3156,1,0.00,0.018,0.031,0.007,SHIFT,-0.3190,-0.4478,1.5708,0.2881,-0.2860,-0.0594,1.3435,0.2874,0.3147,1,2.17,0.063,0.474,0.055,SHIFT,0.3476,-0.4464,1.5706,0.2820,0.2912,-0.0597,1.1342,-0.3758,0.1646,1,4.92,0.619,0.850,0.123,SHIFT,0.1011,-0.1526,1.5698,0.0258,-0.3696,-0.1216,1.1276,0.3787,0.2042,0,0.00,0.032,0.031,0.004,SHIFT,-0.1539,-0.3193,1.5708,0.0419,0.3850,-0.0875,0.7644,-0.2294,0.0836,0,0.00,0.015,0.059,0.018,SHIFT,0.0045,-0.3886,1.5249,-0.3463,-0.2187,-0.0697,0.7893,0.1778,0.0143,1,5.66,0.525,0.527,0.310,SHIFT,0.0900,-0.0104,1.3546,-0.3438,0.1879,-0.1443
28.468,3000,placemove,1.0631,-0.0074,0.2701,0.0042,-0.3604,0.0118,0.0479,-0.0035,0.0068,0.0146,0.0138,0.0078,1.000,0.000,0.0028,-0.1268,0.0042,-0.3604,0.0118,0.0677,0,1.3570,-0.2901,0.3150,1,6.32,0.645,1.300,0.088,SHIFT,-0.3213,-0.4483,1.5708,0.2877,-0.2865,-0.0593,1.3438,0.2878,0.3147,1,0.17,0.021,0.018,0.003,SHIFT,0.3495,-0.4467,1.5706,0.2816,0.2916,-0.0597,1.1336,-0.3769,0.1654,1,0.00,0.035,0.078,0.002,SHIFT,0.0966,-0.1636,1.5699,0.0248,-0.3710,-0.1195,1.1274,0.3788,0.2041,0,0.00,0.050,0.025,0.003,SHIFT,-0.1511,-0.3183,1.5708,0.0411,0.3850,-0.0877,0.7765,-0.2275,0.0713,0,0.00,0.008,0.028,0.001,SHIFT,0.0103,-0.3224,1.5348,-0.3398,-0.2168,-0.0850,0.7892,0.1779,0.0142,1,12.08,0.602,0.722,1.009,SHIFT,0.0910,-0.0092,1.3489,-0.3445,0.1879,-0.1444
28.491,3004,placemove,1.0642,-0.0074,0.2704,0.0042,-0.3600,0.0117,0.0674,-0.0041,0.0157,-0.0024,0.0298,-0.0046,1.000,0.000,0.0034,-0.1265,0.0042,-0.3600,0.0117,0.0557,0,1.3574,-0.2907,0.3149,1,3.89,0.359,0.821,0.070,SHIFT,-0.3244,-0.4486,1.5707,0.2870,-0.2870,-0.0592,1.3442,0.2882,0.3148,1,0.65,0.003,0.120,0.013,SHIFT,0.3521,-0.4473,1.5707,0.2810,0.2921,-0.0596,1.1325,-0.3784,0.1672,0,0.00,0.030,0.040,0.000,SHIFT,0.0910,-0.1745,1.5701,0.0235,-0.3724,-0.1173,1.1275,0.3788,0.2037,0,0.00,0.026,0.034,0.004,SHIFT,-0.1471,-0.3172,1.5708,0.0400,0.3851,-0.0879,0.7875,-0.2250,0.0617,0,0.00,0.018,0.003,0.003,SHIFT,0.0137,-0.2667,1.5426,-0.3340,-0.2144,-0.0974,0.7893,0.1779,0.0142,1,8.16,0.259,0.449,0.725,SHIFT,0.0923,-0.0075,1.3415,-0.3454,0.1880,-0.1445
28.534,3008,placemove,1.0654,-0.0075,0.2707,0.0041,-0.3594,0.0116,0.0805,-0.0047,0.0198,-0.0062,0.0336,-0.0066,1.000,0.000,0.0036,-0.1261,0.0041,-0.3594,0.0116,0.0561,0,1.3579,-0.2915,0.3148,1,3.89,0.347,0.825,0.072,SHIFT,-0.3280,-0.4488,1.5707,0.2863,-0.2877,-0.0592,1.3448,0.2886,0.3148,1,0.76,0.007,0.143,0.016,SHIFT,0.3553,-0.4479,1.5707,0.2804,0.2927,-0.0594,1.1318,-0.3793,0.1680,0,0.00,0.028,0.035,0.001,SHIFT,0.0849,-0.1796,1.5703,0.0220,-0.3731,-0.1163,1.1278,0.3786,0.2029,0,0.00,0.023,0.033,0.005,SHIFT,-0.1425,-0.3136,1.5708,0.0387,0.3850,-0.0887,0.7966,-0.2225,0.0548,0,0.00,0.017,0.003,0.003,SHIFT,0.0153,-0.2229,1.5487,-0.3292,-0.2120,-0.1068,0.7894,0.1779,0.0141,1,7.96,0.242,0.476,0.679,SHIFT,0.0939,-0.0055,1.3323,-0.3466,0.1880,-0.1446
28.555,3012,placemove,1.0669,-0.0076,0.2710,0.0042,-0.3588,0.0115,0.0928,-0.0105,0.0112,0.0504,0.0569,0.0116,1.000,0.000,0.0037,-0.1256,0.0042,-0.3588,0.0115,0.0565,0,1.3585,-0.2924,0.3147,1,0.00,0.004,0.035,0.004,SHIFT,-0.3321,-0.4489,1.5707,0.2854,-0.2885,-0.0592,1.3455,0.2892,0.3148,1,1.19,0.011,0.239,0.028,SHIFT,0.3590,-0.4485,1.5707,0.2796,0.2934,-0.0593,1.1316,-0.3797,0.1680,0,0.00,0.014,0.036,0.005,SHIFT,0.0786,-0.1803,1.5704,0.0203,-0.3733,-0.1162,1.1283,0.3782,0.2015,0,0.00,0.013,0.055,0.008,SHIFT,-0.1374,-0.3074,1.5708,0.0373,0.3846,-0.0900,0.8042,-0.2202,0.0497,0,0.00,0.018,0.023,0.003,SHIFT,0.0155,-0.1886,1.5535,-0.3253,-0.2098,-0.1140,0.7895,0.1778,0.0141,1,3.78,0.096,0.022,0.475,SHIFT,0.0957,-0.0033,1.3216,-0.3479,0.1881,-0.1447
28.598,3016,placemove,1.0685,-0.0078,0.2714,0.0042,-0.3582,0.0114,0.1001,-0.0101,0.0141,0.0481,0.0565,0.0125,1.000,0.000,0.0037,-0.1251,0.0042,-0.3582,0.0114,0.0569,0,1.3592,-0.2934,0.3146,1,0.00,0.004,0.035,0.004,SHIFT,-0.3366,-0.4490,1.5707,0.2844,-0.2893,-0.0592,1.3463,0.2897,0.3148,1,1.21,0.013,0.246,0.031,SHIFT,0.3631,-0.4490,1.5708,0.2787,0.2941,-0.0592,1.1316,-0.3797,0.1673,0,0.00,0.014,0.039,0.004,SHIFT,0.0720,-0.1775,1.5705,0.0186,-0.3731,-0.1167,1.1291,0.3775,0.1997,0,0.00,0.012,0.054,0.008,SHIFT,-0.1320,-0.2993,1.5708,0.0357,0.3841,-0.0917,0.8105,-0.2181,0.0460,0,0.00,0.017,0.019,0.003,SHIFT,0.0146,-0.1618,1.5572,-0.3223,-0.2077,-0.1195,0.7896,0.1778,0.0141,1,3.67,0.099,0.028,0.455,SHIFT,0.0977,-0.0009,1.3098,-0.3494,0.1881,-0.1447
28.620,3020,placemove,1.0702,-0.0079,0.2718,0.0041,-0.3575,0.0113,0.1045,-0.0063,0.0316,-0.0140,0.0408,-0.0123,1.000,0.000,0.0037,-0.1245,0.0041,-0.3575,0.0113,0.0574,0,1.3600,-0.2945,0.3144,1,3.96,0.338,0.841,0.073,SHIFT,-0.3415,-0.4489,1.5707,0.2834,-0.2902,-0.0592,1.3472,0.2904,0.3148,1,0.80,0.002,0.158,0.020,SHIFT,0.3675,-0.4494,1.5708,0.2778,0.2949,-0.0591,1.1319,-0.3794,0.1660,0,0.00,0.026,0.030,0.003,SHIFT,0.0652,-0.1719,1.5705,0.0168,-0.3726,-0.1178,1.1299,0.3767,0.1976,0,0.00,0.022,0.027,0.005,SHIFT,-0.1263,-0.2896,1.5708,0.0341,0.3834,-0.0938,0.8158,-0.2162,0.0434,0,0.00,0.013,0.018,0.002,SHIFT,0.0128,-0.1408,1.5602,-0.3200,-0.2058,-0.1237,0.7897,0.1778,0.0141,1,7.76,0.247,0.508,0.620,SHIFT,0.0998,0.0018,1.2971,-0.3509,0.1882,-0.1448
28.672,3024,placemove,1.0720,-0.0081,0.2725,0.0032,-0.3569,0.0109,0.1027,-0.0168,0.0608,-0.1294,0.0195,-0.0711,1.000,0.000,0.0037,-0.1239,0.0032,-0.3569,0.0109,0.0704,0,1.3606,-0.2957,0.3147,1,0.00,0.042,0.026,0.005,SHIFT,-0.3466,-0.4488,1.5707,0.2823,-0.2912,-0.0592,1.3482,0.2909,0.3148,1,2.11,0.036,0.482,0.092,SHIFT,0.3721,-0.4497,1.5708,0.2768,0.2958,-0.0590,1.1321,-0.3789,0.1649,1,5.46,1.081,1.181,0.536,SHIFT,0.0582,-0.1649,1.5706,0.0150,-0.3718,-0.1192,1.1311,0.3756,0.1952,0,0.00,0.008,0.032,0.006,SHIFT,-0.1203,-0.2786,1.5708,0.0323,0.3826,-0.0961,0.8201,-0.2146,0.0418,0,0.00,0.032,0.013,0.004,SHIFT,0.0104,-0.1244,1.5625,-0.3182,-0.2040,-0.1270,0.7899,0.1777,0.0141,1,4.72,0.989,0.877,0.098,SHIFT,0.1020,0.0047,1.2834,-0.3526,0.1883,-0.1449
28.694,3028,placemove,1.0737,-0.0084,0.2735,0.0011,-0.3566,0.0107,0.1072,-0.0185,0.0587,-0.1049,0.0194,-0.0487,1.000,0.000,0.0028,-0.1234,0.0011,-0.3566,0.0107,0.0711,0,1.3610,-0.2972,0.3157,1,0.00,0.011,0.030,0.006,SHIFT,-0.3521,-0.4489,1.5707,0.2811,-0.2922,-0.0592,1.3492,0.2912,0.3148,1,2.33,0.049,0.539,0.100,SHIFT,0.3768,-0.4498,1.5708,0.2757,0.2966,-0.0590,1.1321,-0.3789,0.1648,1,5.12,0.851,1.220,0.586,SHIFT,0.0508,-0.1588,1.5705,0.0130,-0.3712,-0.1204,1.1324,0.3742,0.1925,0,0.00,0.026,0.025,0.005,SHIFT,-0.1142,-0.2665,1.5708,0.0306,0.3816,-0.0986,0.8237,-0.2135,0.0414,0,0.00,0.008,0.020,0.002,SHIFT,0.0075,-0.1117,1.5643,-0.3169,-0.2024,-0.1295,0.7901,0.1772,0.0142,1,4.48,0.927,0.831,0.091,SHIFT,0.1042,0.0078,1.2688,-0.3544,0.1884,-0.1449
28.736,3032,placemove,1.0755,-0.0086,0.2744,-0.0001,-0.3561,0.0105,0.1139,-0.0163,0.0236,0.0182,0.0738,-0.0270,1.000,0.000,0.0014,-0.1230,-0.0001,-0.3561,0.0105,0.1098,0,1.3615,-0.2987,0.3166,0,0.00,0.004,0.022,0.002,SHIFT,-0.3578,-0.4492,1.5708,0.2799,-0.2932,-0.0591,1.3502,0.2917,0.3148,1,0.00,0.021,0.007,0.001,SHIFT,0.3817,-0.4494,1.5707,0.2746,0.2974,-0.0591,1.1320,-0.3790,0.1648,1,0.29,0.064,0.046,0.005,SHIFT,0.0428,-0.1559,1.5702,0.0110,-0.3710,-0.1210,1.1337,0.3726,0.1897,0,0.00,0.018,0.004,0.003,SHIFT,-0.1080,-0.2531,1.5708,0.0288,0.3804,-0.1014,0.8269,-0.2124,0.0412,0,0.00,0.004,0.019,0.001,SHIFT,0.0044,-0.1019,1.5657,-0.3161,-0.2010,-0.1313,0.7903,0.1768,0.0142,1,2.78,0.061,0.013,0.363,SHIFT,0.1065,0.0114,1.2536,-0.3561,0.1885,-0.1450
28.757,3036,placemove,1.0774,-0.0087,0.2744,-0.0003,-0.3579,0.0108,0.0999,0.0048,-0.0434,-0.0852,-0.3523,-0.0396,1.000,0.000,0.0006,-0.1228,-0.0003,-0.3579,0.0108,0.1097,0,1.3622,-0.2997,0.3167,0,0.00,0.015,0.065,0.010,STANCE,-0.3632,-0.4497,1.5708,0.2787,-0.2942,-0.0590,1.3511,0.2924,0.3147,1,2.05,0.023,0.417,0.029,STANCE,0.3861,-0.4488,1.5708,0.2736,0.2982,-0.0592,1.1319,-0.3795,0.1648,1,2.53,0.023,0.367,0.112,STANCE,0.0349,-0.1587,1.5703,0.0090,-0.3714,-0.1204,1.1351,0.3713,0.1866,0,0.00,0.004,0.011,0.001,STANCE,-0.1025,-0.2390,1.5708,0.0272,0.3791,-0.1043,0.8301,-0.2113,0.0399,0,0.00,0.010,0.021,0.004,STANCE,0.0013,-0.0945,1.5668,-0.3154,-0.1998,-0.1328,0.7904,0.1768,0.0145,1,0.00,0.010,0.049,0.008,SWING,0.1090,0.0051,1.2480,-0.3580,0.1885,-0.1434
28.796,3040,placemove,1.0789,-0.0085,0.2724,-0.0042,-0.3700,0.0103,0.0782,0.0092,-0.1767,-0.2307,-0.9525,-0.1305,1.000,0.000,-0.0006,-0.1257,-0.0042,-0.3700,0.0103,0.1068,0,1.3618,-0.3008,0.3189,0,0.00,0.004,0.008,0.000,STANCE,-0.3675,-0.4508,1.5708,0.2778,-0.2950,-0.0588,1.3520,0.2927,0.3146,1,2.44,0.050,0.456,0.064,STANCE,0.3893,-0.4484,1.5708,0.2729,0.2987,-0.0593,1.1323,-0.3802,0.1648,1,0.00,0.008,0.054,0.009,STANCE,0.0287,-0.1614,1.5704,0.0074,-0.3718,-0.1199,1.1382,0.3696,0.1811,0,0.00,0.009,0.068,0.013,STANCE,-0.0987,-0.2246,1.5708,0.0260,0.3777,-0.1073,0.8348,-0.2105,0.0352,0,0.00,0.006,0.090,0.012,STANCE,-0.0010,-0.0883,1.5677,-0.3149,-0.1988,-0.1339,0.7886,0.1768,0.0171,1,0.00,0.002,0.081,0.055,SWING,0.1127,-0.0503,1.2794,-0.3613,0.1888,-0.1325
28.831,3044,placemove,1.0794,-0.0083,0.2703,-0.0103,-0.3827,0.0094,0.0164,0.0168,-0.1317,-0.3631,-0.7752,-0.2054,1.000,0.000,-0.0037,-0.1386,-0.0103,-0.3827,0.0094,0.1051,0,1.3601,-0.3019,0.3225,0,0.00,0.001,0.066,0.008,STANCE,-0.3708,-0.4552,1.5708,0.2772,-0.2958,-0.0578,1.3525,0.2928,0.3146,1,2.09,0.131,0.476,0.116,STANCE,0.3912,-0.4502,1.5708,0.2725,0.2991,-0.0589,1.1325,-0.3805,0.1646,1,2.36,0.065,0.406,0.053,STANCE,0.0253,-0.1589,1.5706,0.0065,-0.3715,-0.1204,1.1421,0.3670,0.1738,0,0.00,0.007,0.011,0.003,STANCE,-0.0979,-0.2037,1.5708,0.0256,0.3755,-0.1115,0.8392,-0.2100,0.0300,0,0.00,0.006,0.029,0.004,STANCE,-0.0022,-0.0806,1.5683,-0.3141,-0.1980,-0.1354,0.7885,0.1763,0.0161,1,0.00,0.004,0.061,0.068,SWING,0.1166,-0.0869,1.2993,-0.3635,0.1886,-0.1253
28.868,3048,placemove,1.0792,-0.0079,0.2677,-0.0174,-0.3970,0.0092,-0.0302,0.0302,-0.0736,-0.0060,-0.1052,0.0155,1.000,0.000,-0.0084,-0.1489,-0.0174,-0.3970,0.0092,0.0281,0,1.3572,-0.3028,0.3278,0,0.00,0.214,0.649,0.108,STANCE,-0.3732,-0.4632,1.5708,0.2770,-0.2966,-0.0560,1.3523,0.2928,0.3146,1,2.15,0.350,0.304,0.119,STANCE,0.3919,-0.4534,1.5707,0.2725,0.2994,-0.0582,1.1326,-0.3807,0.1646,1,24.65,1.632,2.940,1.625,STANCE,0.0241,-0.1564,1.5708,0.0062,-0.3712,-0.1209,1.1467,0.3637,0.1651,0,17.82,1.310,2.940,0.388,STANCE,-0.0995,-0.1826,1.5708,0.0258,0.3730,-0.1157,0.8439,-0.2099,0.0238,0,0.00,0.018,0.581,0.033,STANCE,-0.0021,-0.0714,1.5689,-0.3129,-0.1973,-0.1371,0.7868,0.1758,0.0146,0,42.58,1.722,2.382,2.940,SWING,0.1203,-0.1233,1.3150,-0.3660,0.1885,-0.1178
28.911,3052,placemove,1.0781,-0.0075,0.2668,-0.0138,-0.4046,0.0098,-0.0665,0.0396,-0.0334,0.2746,-0.4808,0.1713,1.000,0.000,-0.0121,-0.1604,-0.0138,-0.4046,0.0098,0.0511,0,1.3553,-0.3029,0.3303,0,0.00,0.014,0.085,0.011,STANCE,-0.3748,-0.4750,1.5708,0.2770,-0.2974,-0.0534,1.3503,0.2938,0.3175,1,0.00,0.008,0.058,0.009,STANCE,0.3915,-0.4585,1.5708,0.2728,0.2996,-0.0570,1.1322,-0.3808,0.1645,1,7.53,0.400,1.311,0.030,STANCE,0.0234,-0.1656,1.5707,0.0060,-0.3723,-0.1191,1.1467,0.3637,0.1648,1,6.71,0.334,1.428,0.354,STANCE,-0.1017,-0.1755,1.5707,0.0262,0.3722,-0.1171,0.8471,-0.2086,0.0194,0,0.00,0.004,0.005,0.004,STANCE,-0.0007,-0.0602,1.5693,-0.3113,-0.1968,-0.1392,0.7797,0.1769,0.0207,0,0.00,0.007,0.104,0.031,SWING,0.1235,-0.1728,1.3327,-0.3692,0.1889,-0.1074
28.951,3056,placemove,1.0770,-0.0068,0.2654,-0.0125,-0.4094,0.0110,-0.0618,0.0482,-0.1042,-0.4190,0.5343,-0.0627,1.000,0.000,-0.0116,-0.1804,-0.0125,-0.4094,0.0110,0.0991,0,1.3534,-0.3025,0.3329,0,0.00,0.078,0.008,0.002,STANCE,-0.3758,-0.4886,1.5708,0.2773,-0.2981,-0.0503,1.3479,0.2951,0.3206,0,0.00,0.005,0.101,0.015,STANCE,0.3904,-0.4665,1.5708,0.2733,0.2997,-0.0553,1.1309,-0.3820,0.1660,1,0.00,0.057,0.108,0.002,STANCE,0.0223,-0.1872,1.5707,0.0058,-0.3748,-0.1148,1.1455,0.3653,0.1660,1,0.00,0.012,0.039,0.012,STANCE,-0.1026,-0.1843,1.5707,0.0266,0.3732,-0.1154,0.8508,-0.2073,0.0146,0,8.42,0.080,0.056,1.024,STANCE,0.0012,-0.0466,1.5697,-0.3094,-0.1962,-0.1417,0.7857,0.1775,0.0180,0,0.00,0.002,0.091,0.049,SWING,0.1153,-0.1730,1.3726,-0.3632,0.1889,-0.1097
28.998,3060,placemove,1.0764,-0.0063,0.2633,-0.0198,-0.3966,0.0111,-0.0094,-0.0180,-0.0984,-0.2185,0.8322,-0.3368,1.000,0.000,-0.0133,-0.2052,-0.0198,-0.3966,0.0111,0.1738,0,1.3517,-0.3026,0.3335,0,0.00,0.112,0.038,0.017,STANCE,-0.3757,-0.5069,1.5708,0.2778,-0.2988,-0.0462,1.3481,0.2958,0.3160,0,0.00,0.247,0.071,0.005,STANCE,0.3886,-0.4800,1.5708,0.2741,0.3000,-0.0522,1.1261,-0.3852,0.1710,0,0.00,0.049,0.052,0.005,STANCE,0.0225,-0.2137,1.5707,0.0059,-0.3778,-0.1095,1.1434,0.3676,0.1646,1,12.16,2.710,1.096,0.549,STANCE,-0.1053,-0.2055,1.5707,0.0275,0.3755,-0.1111,0.8506,-0.2072,0.0145,1,8.17,1.550,1.292,0.062,STANCE,0.0047,-0.0265,1.5700,-0.3064,-0.1955,-0.1453,0.7903,0.1792,0.0191,0,0.00,0.117,0.051,0.067,SWING,0.0960,-0.1735,1.4155,-0.3555,0.1915,-0.1118
29.047,3064,placemove,1.0758,-0.0066,0.2625,-0.0214,-0.3855,0.0094,-0.0420,-0.0081,-0.0182,-0.0512,0.5811,-0.0890,1.000,0.000,-0.0164,-0.2149,-0.0214,-0.3855,0.0094,0.0975,0,1.3500,-0.3041,0.3345,0,0.00,0.028,0.054,0.006,STANCE,-0.3752,-0.5275,1.5708,0.2785,-0.2994,-0.0415,1.3486,0.2952,0.3148,1,7.52,0.754,1.534,1.194,STANCE,0.3865,-0.4953,1.5702,0.2751,0.3003,-0.0488,1.1221,-0.3881,0.1748,0,0.00,0.037,0.047,0.002,STANCE,0.0243,-0.2359,1.5708,0.0064,-0.3801,-0.1049,1.1423,0.3687,0.1655,1,0.00,0.037,0.050,0.001,STANCE,-0.1079,-0.2215,1.5708,0.0284,0.3771,-0.1079,0.8509,-0.2068,0.0144,1,5.76,0.560,1.434,0.364,STANCE,0.0093,-0.0063,1.5701,-0.3033,-0.1949,-0.1489,0.7870,0.1837,0.0288,0,0.00,0.023,0.127,0.050,SWING,0.0798,-0.2229,1.4490,-0.3541,0.1958,-0.1025
29.070,3068,placemove,1.0753,-0.0067,0.2624,-0.0216,-0.3800,0.0088,-0.0204,-0.0055,-0.0014,0.0032,0.1719,-0.0026,1.000,0.000,-0.0182,-0.1904,-0.0216,-0.3800,0.0088,0.0978,0,1.3488,-0.3048,0.3357,0,0.00,0.030,0.047,0.008,STANCE,-0.3756,-0.5398,1.5708,0.2787,-0.2998,-0.0387,1.3485,0.2950,0.3147,1,7.24,0.669,1.558,1.239,STANCE,0.3851,-0.5018,1.5700,0.2756,0.3003,-0.0473,1.1194,-0.3902,0.1781,0,0.00,0.041,0.049,0.000,STANCE,0.0240,-0.2541,1.5708,0.0064,-0.3820,-0.1012,1.1410,0.3697,0.1672,0,0.00,0.034,0.039,0.001,STANCE,-0.1088,-0.2325,1.5708,0.0288,0.3783,-0.1056,0.8513,-0.2064,0.0144,1,5.80,0.583,1.405,0.351,STANCE,0.0116,0.0048,1.5701,-0.3016,-0.1945,-0.1508,0.7795,0.1887,0.0424,0,0.00,0.014,0.128,0.039,SWING,0.0658,-0.2896,1.4754,-0.3548,0.2005,-0.0890
29.101,3072,placemove,1.0751,-0.0067,0.2625,-0.0210,-0.3797,0.0093,0.0026,0.0017,0.0072,0.0499,-0.0503,0.0592,1.000,0.000,-0.0189,-0.1725,-0.0210,-0.3797,0.0093,0.0980,0,1.3483,-0.3051,0.3363,0,0.00,0.021,0.030,0.007,STANCE,-0.3770,-0.5433,1.5708,0.2785,-0.3002,-0.0379,1.3485,0.2949,0.3146,1,5.60,0.500,1.296,0.736,STANCE,0.3843,-0.5004,1.5697,0.2758,0.3002,-0.0476,1.1176,-0.3916,0.1807,0,0.00,0.030,0.042,0.001,STANCE,0.0215,-0.2687,1.5708,0.0058,-0.3835,-0.0982,1.1399,0.3706,0.1688,0,0.00,0.031,0.039,0.001,STANCE,-0.1078,-0.2400,1.5708,0.0286,0.3791,-0.1041,0.8513,-0.2064,0.0143,1,7.13,0.465,0.915,0.234,STANCE,0.0115,0.0054,1.5701,-0.3015,-0.1945,-0.1509,0.7734,0.1936,0.0553,0,0.00,0.011,0.140,0.029,SWING,0.0515,-0.3562,1.4960,-0.3553,0.2054,-0.0752
29.122,3076,placemove,1.0754,-0.0068,0.2626,-0.0186,-0.3805,0.0102,0.0331,-0.0147,0.0080,0.1969,-0.0235,0.1651,1.000,0.000,-0.0187,-0.1619,-0.0186,-0.3805,0.0102,0.0981,0,1.3486,-0.3052,0.3358,0,0.00,0.058,0.080,0.020,STANCE,-0.3789,-0.5422,1.5708,0.2780,-0.3005,-0.0382,1.3485,0.2950,0.3146,1,3.72,0.570,0.753,0.184,STANCE,0.3839,-0.4953,1.5696,0.2757,0.2999,-0.0487,1.1168,-0.3926,0.1821,0,0.00,0.077,0.071,0.007,STANCE,0.0181,-0.2801,1.5708,0.0049,-0.3846,-0.0958,1.1387,0.3715,0.1707,0,0.00,0.024,0.001,0.004,STANCE,-0.1061,-0.2455,1.5708,0.0282,0.3797,-0.1030,0.8513,-0.2063,0.0143,1,8.39,0.679,0.115,0.958,STANCE,0.0102,0.0011,1.5704,-0.3022,-0.1945,-0.1502,0.7716,0.1983,0.0641,0,0.00,0.011,0.020,0.031,SWING,0.0343,-0.3888,1.5122,-0.3532,0.2098,-0.0689
29.155,3080,placemove,1.0762,-0.0071,0.2627,-0.0141,-0.3803,0.0119,0.0465,-0.0187,0.0054,0.2337,0.0059,0.1898,1.000,0.000,-0.0168,-0.1554,-0.0141,-0.3803,0.0119,0.0983,0,1.3501,-0.3051,0.3337,0,0.00,0.018,0.029,0.008,STANCE,-0.3807,-0.5386,1.5708,0.2775,-0.3007,-0.0390,1.3486,0.2950,0.3146,1,4.10,0.217,0.916,0.104,STANCE,0.3838,-0.4894,1.5699,0.2756,0.2996,-0.0500,1.1172,-0.3933,0.1820,0,0.00,0.022,0.042,0.002,STANCE,0.0145,-0.2884,1.5708,0.0039,-0.3854,-0.0940,1.1374,0.3723,0.1730,0,0.00,0.029,0.033,0.002,STANCE,-0.1041,-0.2503,1.5708,0.0277,0.3803,-0.1020,0.8514,-0.2064,0.0143,1,8.37,0.162,0.437,0.769,STANCE,0.0082,-0.0048,1.5710,-0.3031,-0.1945,-0.1492,0.7841,0.1998,0.0554,0,0.00,0.021,0.062,0.019,SWING,0.0144,-0.3254,1.5243,-0.3447,0.2117,-0.0838
29.175,3084,placemove,1.0770,-0.0074,0.2628,-0.0102,-0.3802,0.0134,0.0474,-0.0232,0.0043,0.2036,0.0083,0.1649,1.000,0.000,-0.0137,-0.1514,-0.0102,-0.3802,0.0134,0.0984,0,1.3518,-0.3050,0.3314,0,0.00,0.011,0.029,0.009,SHIFT,-0.3825,-0.5335,1.5708,0.2770,-0.3009,-0.0402,1.3487,0.2951,0.3146,1,4.41,0.410,0.936,0.081,SHIFT,0.3840,-0.4843,1.5701,0.2753,0.2994,-0.0512,1.1179,-0.3937,0.1814,0,0.00,0.019,0.041,0.004,SHIFT,0.0111,-0.2937,1.5708,0.0030,-0.3859,-0.0929,1.1362,0.3730,0.1752,0,0.00,0.034,0.033,0.001,SHIFT,-0.1021,-0.2550,1.5708,0.0272,0.3808,-0.1010,0.8515,-0.2064,0.0142,1,8.39,0.394,0.505,0.739,SHIFT,0.0059,-0.0106,1.5715,-0.3041,-0.1944,-0.1481,0.7948,0.2020,0.0457,0,0.00,0.029,0.010,0.057,SHIFT,-0.0035,-0.2598,1.5103,-0.3388,0.2140,-0.0974
29.208,3088,placemove,1.0778,-0.0080,0.2629,-0.0072,-0.3804,0.0144,0.0486,-0.0340,0.0071,0.1448,-0.0039,0.1078,1.000,0.000,-0.0105,-0.1488,-0.0072,-0.3804,0.0144,0.0985,0,1.3531,-0.3053,0.3292,0,0.00,0.020,0.021,0.007,SHIFT,-0.3848,-0.5275,1.5708,0.2763,-0.3011,-0.0415,1.3488,0.2951,0.3146,1,4.81,0.413,1.066,0.334,SHIFT,0.3855,-0.4804,1.5701,0.2749,0.2995,-0.0521,1.1183,-0.3942,0.1805,0,0.00,0.026,0.033,0.002,SHIFT,0.0068,-0.2961,1.5708,0.0018,-0.3861,-0.0924,1.1350,0.3735,0.1770,0,0.00,0.026,0.039,0.002,SHIFT,-0.0986,-0.2597,1.5708,0.0264,0.3814,-0.1000,0.8515,-0.2064,0.0142,1,7.89,0.410,0.660,0.551,SHIFT,0.0028,-0.0153,1.5717,-0.3050,-0.1942,-0.1473,0.8070,0.2003,0.0379,0,0.00,0.016,0.006,0.010,SHIFT,-0.0134,-0.2071,1.5234,-0.3312,0.2126,-0.1092
29.229,3092,placemove,1.0786,-0.0086,0.2630,-0.0051,-0.3804,0.0150,0.0521,-0.0425,0.0086,0.1124,0.0108,0.0691,1.000,0.000,-0.0077,-0.1472,-0.0051,-0.3804,0.0150,0.0987,0,1.3541,-0.3060,0.3272,0,0.00,0.022,0.019,0.007,SHIFT,-0.3878,-0.5214,1.5708,0.2755,-0.3014,-0.0429,1.3488,0.2952,0.3145,1,5.72,0.564,1.292,0.715,SHIFT,0.3883,-0.4778,1.5697,0.2742,0.3000,-0.0527,1.1184,-0.3946,0.1794,0,0.00,0.027,0.029,0.002,SHIFT,0.0016,-0.2964,1.5708,0.0004,-0.3862,-0.0923,1.1339,0.3737,0.1784,0,0.00,0.025,0.041,0.003,SHIFT,-0.0938,-0.2643,1.5708,0.0251,0.3819,-0.0991,0.8516,-0.2065,0.0141,1,6.90,0.515,0.988,0.154,SHIFT,-0.0007,-0.0188,1.5713,-0.3059,-0.1937,-0.1467,0.8167,0.1982,0.0326,0,0.00,0.015,0.015,0.008,SHIFT,-0.0202,-0.1673,1.5336,-0.3251,0.2111,-0.1177
29.262,3096,placemove,1.0795,-0.0094,0.2632,-0.0032,-0.3800,0.0152,0.0566,-0.0508,0.0094,0.1068,0.0388,0.0464,1.000,0.000,-0.0055,-0.1462,-0.0032,-0.3800,0.0152,0.0989,0,1.3550,-0.3071,0.3251,0,0.00,0.022,0.018,0.006,SHIFT,-0.3912,-0.5156,1.5708,0.2746,-0.3018,-0.0442,1.3488,0.2952,0.3145,1,6.77,0.735,1.546,1.127,SHIFT,0.3920,-0.4762,1.5688,0.2734,0.3006,-0.0530,1.1182,-0.3952,0.1781,0,0.00,0.027,0.026,0.002,SHIFT,-0.0042,-0.2952,1.5708,-0.0011,-0.3861,-0.0926,1.1328,0.3735,0.1792,0,0.00,0.024,0.041,0.004,SHIFT,-0.0881,-0.2665,1.5708,0.0236,0.3823,-0.0986,0.8516,-0.2065,0.0141,1,5.78,0.634,1.361,0.298,SHIFT,-0.0045,-0.0211,1.5707,-0.3068,-0.1931,-0.1463,0.8243,0.1961,0.0289,0,0.00,0.014,0.021,0.006,SHIFT,-0.0245,-0.1370,1.5417,-0.3204,0.2095,-0.1240
29.284,3100,placemove,1.0806,-0.0103,0.2634,-0.0012,-0.3792,0.0150,0.0649,-0.0542,0.0110,0.1163,0.0654,0.0364,1.000,0.000,-0.0035,-0.1452,-0.0012,-0.3792,0.0150,0.0990,0,1.3558,-0.3083,0.3230,0,0.00,0.027,0.019,0.006,SHIFT,-0.3949,-0.5100,1.5708,0.2736,-0.3023,-0.0455,1.3488,0.2952,0.3145,1,6.78,0.757,1.540,1.148,SHIFT,0.3965,-0.4752,1.5681,0.2724,0.3015,-0.0531,1.1181,-0.3957,0.1765,0,0.00,0.032,0.026,0.002,SHIFT,-0.0103,-0.2928,1.5709,-0.0028,-0.3858,-0.0931,1.1320,0.3728,0.1793,0,0.00,0.022,0.038,0.004,SHIFT,-0.0819,-0.2657,1.5708,0.0220,0.3823,-0.0988,0.8518,-0.2064,0.0141,1,5.76,0.668,1.351,0.298,SHIFT,-0.0083,-0.0225,1.5707,-0.3074,-0.1924,-0.1460,0.8303,0.1941,0.0266,0,0.00,0.011,0.023,0.006,SHIFT,-0.0268,-0.1141,1.5480,-0.3168,0.2080,-0.1287
29.317,3104,placemove,1.0817,-0.0112,0.2636,0.0010,-0.3779,0.0147,0.0720,-0.0581,0.0116,0.1313,0.0932,0.0329,1.000,0.000,-0.0016,-0.1441,0.0010,-0.3779,0.0147,0.0992,0,1.3566,-0.3097,0.3208,0,0.00,0.027,0.018,0.006,SHIFT,-0.3989,-0.5048,1.5708,0.2725,-0.3028,-0.0467,1.3488,0.2952,0.3145,1,6.76,0.753,1.526,1.126,SHIFT,0.4017,-0.4748,1.5675,0.2712,0.3024,-0.0532,1.1181,-0.3959,0.1742,0,0.00,0.032,0.023,0.003,SHIFT,-0.0165,-0.2870,1.5709,-0.0045,-0.3853,-0.0943,1.1314,0.3719,0.1790,0,0.00,0.021,0.037,0.004,SHIFT,-0.0753,-0.2624,1.5708,0.0202,0.3822,-0.0995,0.8522,-0.2062,0.0141,1,5.72,0.666,1.344,0.297,SHIFT,-0.0123,-0.0231,1.5707,-0.3079,-0.1917,-0.1459,0.8349,0.1922,0.0252,0,0.00,0.010,0.027,0.005,SHIFT,-0.0275,-0.0969,1.5529,-0.3141,0.2066,-0.1321
29.338,3108,placemove,1.0830,-0.0122,0.2638,0.0035,-0.3761,0.0143,0.0794,-0.0630,0.0139,0.1460,0.1249,0.0374,1.000,0.000,0.0005,-0.1428,0.0035,-0.3761,0.0143,0.0995,0,1.3575,-0.3113,0.3183,0,0.00,0.028,0.018,0.006,SHIFT,-0.4032,-0.4997,1.5708,0.2714,-0.3033,-0.0478,1.3489,0.2952,0.3145,1,6.81,0.761,1.532,1.141,SHIFT,0.4074,-0.4746,1.5671,0.2700,0.3034,-0.0532,1.1185,-0.3959,0.1712,0,0.00,0.033,0.020,0.003,SHIFT,-0.0227,-0.2783,1.5709,-0.0061,-0.3844,-0.0961,1.1310,0.3708,0.1783,0,0.00,0.021,0.037,0.005,SHIFT,-0.0683,-0.2573,1.5708,0.0183,0.3818,-0.1005,0.8526,-0.2060,0.0142,1,5.77,0.671,1.341,0.285,SHIFT,-0.0163,-0.0233,1.5701,-0.3085,-0.1909,-0.1459,0.8384,0.1903,0.0246,0,0.00,0.010,0.030,0.004,SHIFT,-0.0270,-0.0842,1.5568,-0.3123,0.2053,-0.1346
29.370,3112,placemove,1.0844,-0.0133,0.2640,0.0062,-0.3738,0.0140,0.0894,-0.0657,0.0174,0.1644,0.1553,0.0501,1.000,0.000,0.0027,-0.1411,0.0062,-0.3738,0.0140,0.0997,0,1.3586,-0.3129,0.3157,0,0.00,0.027,0.014,0.005,SHIFT,-0.4078,-0.4945,1.5708,0.2702,-0.3039,-0.0490,1.3489,0.2952,0.3144,1,5.61,0.545,1.245,0.702,SHIFT,0.4134,-0.4748,1.5668,0.2686,0.3044,-0.0531,1.1192,-0.3956,0.1678,0,0.00,0.031,0.015,0.002,SHIFT,-0.0291,-0.2673,1.5709,-0.0078,-0.3833,-0.0985,1.1306,0.3694,0.1775,0,0.00,0.021,0.038,0.006,SHIFT,-0.0611,-0.2509,1.5708,0.0163,0.3813,-0.1019,0.8527,-0.2059,0.0142,1,6.84,0.498,0.922,0.205,SHIFT,-0.0204,-0.0232,1.5669,-0.3094,-0.1903,-0.1459,0.8410,0.1885,0.0247,0,0.00,0.012,0.036,0.003,SHIFT,-0.0257,-0.0752,1.5598,-0.3110,0.2042,-0.1363
29.392,3116,placemove,1.0855,-0.0140,0.2646,0.0052,-0.3749,0.0133,0.0571,-0.0273,0.0340,-0.0933,-0.1016,-0.1097,1.000,0.000,0.0043,-0.1398,0.0052,-0.3749,0.0133,0.0501,0,1.3588,-0.3145,0.3149,1,1.87,0.462,0.321,0.093,SHIFT,-0.4126,-0.4892,1.5708,0.2689,-0.3045,-0.0502,1.3489,0.2952,0.3144,1,3.84,0.380,0.784,0.046,SHIFT,0.4197,-0.4752,1.5676,0.2671,0.3054,-0.0531,1.1195,-0.3951,0.1653,0,0.00,0.020,0.027,0.004,SHIFT,-0.0356,-0.2544,1.5709,-0.0095,-0.3819,-0.1011,1.1308,0.3679,0.1757,0,0.00,0.017,0.027,0.004,SHIFT,-0.0537,-0.2433,1.5708,0.0143,0.3806,-0.1034,0.8530,-0.2061,0.0141,1,6.66,0.073,0.576,0.506,SHIFT,-0.0247,-0.0228,1.5619,-0.3105,-0.1897,-0.1459,0.8438,0.1868,0.0241,0,0.00,0.014,0.026,0.004,SHIFT,-0.0237,-0.0691,1.5622,-0.3103,0.2031,-0.1375
29.433,3120,placemove,1.0864,-0.0145,0.2653,0.0001,-0.3795,0.0128,0.0459,-0.0243,0.0466,-0.2671,-0.2632,-0.1534,1.000,0.000,0.0036,-0.1405,0.0001,-0.3795,0.0128,0.0627,0,1.3580,-0.3160,0.3167,1,0.00,0.019,0.020,0.004,SHIFT,-0.4177,-0.4849,1.5708,0.2677,-0.3052,-0.0511,1.3488,0.2953,0.3144,1,4.05,0.206,0.860,0.072,SHIFT,0.4262,-0.4754,1.5681,0.2656,0.3065,-0.0531,1.1193,-0.3948,0.1649,1,2.91,0.735,0.475,0.164,SHIFT,-0.0423,-0.2426,1.5708,-0.0112,-0.3807,-0.1036,1.1318,0.3661,0.1725,0,0.00,0.020,0.034,0.006,SHIFT,-0.0463,-0.2341,1.5708,0.0123,0.3797,-0.1053,0.8533,-0.2067,0.0142,1,5.35,0.514,0.433,0.467,SHIFT,-0.0287,-0.0220,1.5551,-0.3117,-0.1893,-0.1460,0.8470,0.1848,0.0223,0,0.00,0.017,0.037,0.002,SHIFT,-0.0211,-0.0642,1.5640,-0.3098,0.2021,-0.1384
29.462,3124,placemove,1.0872,-0.0147,0.2661,-0.0039,-0.3830,0.0116,0.0499,-0.0024,0.0479,-0.1914,-0.1849,-0.1527,1.000,0.000,0.0009,-0.1429,-0.0039,-0.3830,0.0116,0.1016,0,1.3568,-0.3176,0.3187,0,0.00,0.032,0.022,0.005,SHIFT,-0.4229,-0.4828,1.5708,0.2664,-0.3060,-0.0516,1.3488,0.2955,0.3144,1,3.40,0.250,0.703,0.039,SHIFT,0.4324,-0.4755,1.5686,0.2641,0.3074,-0.0531,1.1185,-0.3945,0.1649,1,2.49,0.634,0.361,0.094,SHIFT,-0.0490,-0.2336,1.5708,-0.0130,-0.3796,-0.1054,1.1330,0.3642,0.1691,0,0.00,0.029,0.029,0.006,SHIFT,-0.0393,-0.2226,1.5708,0.0104,0.3786,-0.1077,0.8534,-0.2071,0.0142,1,6.34,0.401,0.159,0.803,SHIFT,-0.0322,-0.0207,1.5468,-0.3131,-0.1890,-0.1462,0.8499,0.1831,0.0207,0,0.00,0.025,0.030,0.003,SHIFT,-0.0180,-0.0589,1.5655,-0.3093,0.2009,-0.1394
29.498,3128,placemove,1.0881,-0.0147,0.2669,-0.0065,-0.3852,0.0106,0.0499,0.0046,0.0407,-0.1134,-0.1012,-0.0974,1.000,0.000,-0.0021,-0.1456,-0.0065,-0.3852,0.0106,0.1024,0,1.3556,-0.3190,0.3213,0,0.00,0.009,0.029,0.003,SWING,-0.4281,-0.4890,1.5708,0.2653,-0.3071,-0.0502,1.3490,0.2960,0.3145,1,4.16,0.328,0.870,0.058,STANCE,0.4379,-0.4752,1.5691,0.2628,0.3083,-0.0532,1.1179,-0.3940,0.1648,1,2.92,0.753,0.446,0.142,STANCE,-0.0550,-0.2274,1.5708,-0.0145,-0.3789,-0.1067,1.1344,0.3625,0.1659,0,0.00,0.025,0.024,0.004,STANCE,-0.0334,-0.2091,1.5708,0.0088,0.3772,-0.1104,0.8534,-0.2070,0.0142,1,4.92,0.440,0.514,0.344,STANCE,-0.0351,-0.0190,1.5386,-0.3143,-0.1889,-0.1465,0.8527,0.1818,0.0195,0,0.00,0.016,0.027,0.002,STANCE,-0.0149,-0.0529,1.5667,-0.3089,0.1998,-0.1405
29.520,3132,placemove,1.0886,-0.0147,0.2682,-0.0055,-0.3860,0.0108,0.0179,0.0007,0.1059,0.1370,-0.0493,0.0693,1.000,0.000,-0.0042,-0.1475,-0.0055,-0.3860,0.0108,0.1032,0,1.3524,-0.3215,0.3305,0,0.00,0.009,0.071,0.004,SWING,-0.4353,-0.5333,1.5708,0.2648,-0.3099,-0.0402,1.3486,0.2966,0.3155,1,0.00,0.012,0.039,0.007,STANCE,0.4418,-0.4748,1.5695,0.2618,0.3089,-0.0533,1.1178,-0.3935,0.1646,1,5.91,0.437,1.582,0.738,STANCE,-0.0596,-0.2235,1.5708,-0.0157,-0.3784,-0.1075,1.1348,0.3614,0.1648,1,5.91,0.368,1.663,0.835,STANCE,-0.0294,-0.1981,1.5708,0.0077,0.3760,-0.1126,0.8535,-0.2069,0.0145,1,0.00,0.007,0.016,0.006,STANCE,-0.0369,-0.0174,1.5319,-0.3152,-0.1888,-0.1467,0.8544,0.1809,0.0197,0,0.00,0.011,0.008,0.004,STANCE,-0.0125,-0.0467,1.5676,-0.3083,0.1988,-0.1416
29.564,3136,placemove,1.0888,-0.0147,0.2695,-0.0036,-0.3871,0.0112,0.0101,-0.0005,0.0364,0.0020,-0.0038,0.0442,1.000,0.000,-0.0042,-0.1505,-0.0036,-0.3871,0.0112,0.1544,0,1.3464,-0.3248,0.3452,0,0.00,0.016,0.096,0.004,SWING,-0.4450,-0.6000,1.5708,0.2638,-0.3133,-0.0250,1.3478,0.2973,0.3176,0,0.00,0.004,0.038,0.007,STANCE,0.4447,-0.4749,1.5698,0.2611,0.3093,-0.0533,1.1177,-0.3931,0.1648,1,0.00,0.010,0.014,0.002,STANCE,-0.0636,-0.2248,1.5707,-0.0168,-0.3785,-0.1072,1.1345,0.3607,0.1652,1,0.00,0.005,0.043,0.005,STANCE,-0.0259,-0.1927,1.5707,0.0067,0.3754,-0.1137,0.8537,-0.2066,0.0148,1,1.66,0.086,0.136,0.103,STANCE,-0.0383,-0.0156,1.5263,-0.3158,-0.1888,-0.1470,0.8556,0.1803,0.0205,0,0.00,0.013,0.022,0.003,STANCE,-0.0108,-0.0410,1.5682,-0.3077,0.1979,-0.1427
29.606,3140,placemove,1.0891,-0.0145,0.2689,-0.0062,-0.3822,0.0125,0.0254,0.0158,-0.0856,-0.2417,0.5056,-0.0151,1.000,0.000,-0.0041,-0.1678,-0.0062,-0.3822,0.0125,0.2541,0,1.3397,-0.3272,0.3580,0,0.00,0.027,0.098,0.003,SWING,-0.4556,-0.6666,1.5708,0.2619,-0.3160,-0.0097,1.3475,0.2980,0.3162,0,0.00,0.006,0.023,0.004,STANCE,0.4463,-0.4785,1.5700,0.2609,0.3097,-0.0525,1.1160,-0.3943,0.1668,0,0.00,0.016,0.029,0.000,STANCE,-0.0667,-0.2352,1.5707,-0.0177,-0.3796,-0.1051,1.1323,0.3621,0.1661,0,0.00,0.010,0.000,0.003,STANCE,-0.0224,-0.2063,1.5708,0.0059,0.3770,-0.1110,0.8532,-0.2071,0.0148,1,3.25,0.017,0.097,0.513,STANCE,-0.0388,-0.0095,1.5196,-0.3160,-0.1888,-0.1481,0.8564,0.1790,0.0197,0,0.00,0.006,0.020,0.002,STANCE,-0.0104,-0.0322,1.5688,-0.3066,0.1972,-0.1443
29.638,3144,placemove,1.0896,-0.0144,0.2686,-0.0075,-0.3758,0.0125,0.0285,0.0033,0.0022,-0.0177,0.3400,-0.0128,1.000,0.000,-0.0054,-0.1791,-0.0075,-0.3758,0.0125,0.1039,0,1.3333,-0.3285,0.3700,0,0.00,0.017,0.124,0.005,SWING,-0.4628,-0.7333,1.5708,0.2602,-0.3172,0.0057,1.3479,0.2985,0.3149,1,4.35,0.230,0.871,0.028,STANCE,0.4469,-0.4859,1.5701,0.2609,0.3101,-0.0509,1.1147,-0.3952,0.1683,0,0.00,0.029,0.032,0.000,STANCE,-0.0674,-0.2434,1.5707,-0.0179,-0.3804,-0.1034,1.1308,0.3637,0.1672,0,0.00,0.024,0.050,0.000,STANCE,-0.0208,-0.2208,1.5708,0.0055,0.3786,-0.1080,0.8531,-0.2072,0.0146,1,8.06,0.185,0.457,0.733,STANCE,-0.0380,0.0016,1.5120,-0.3154,-0.1887,-0.1500,0.8578,0.1780,0.0189,0,0.00,0.008,0.020,0.002,STANCE,-0.0112,-0.0186,1.5693,-0.3048,0.1963,-0.1467
29.659,3148,placemove,1.0900,-0.0145,0.2686,-0.0067,-0.3723,0.0126,0.0278,-0.0115,0.0017,0.0808,0.1388,0.0391,1.000,0.000,-0.0061,-0.1639,-0.0067,-0.3723,0.0126,0.1040,0,1.3287,-0.3276,0.3832,0,0.00,0.019,0.121,0.005,SWING,-0.4594,-0.8000,1.5708,0.2606,-0.3159,0.0210,1.3481,0.2987,0.3148,1,4.23,0.235,0.886,0.059,STANCE,0.4476,-0.4888,1.5703,0.2608,0.3103,-0.0502,1.1140,-0.3959,0.1693,0,0.00,0.030,0.033,0.001,STANCE,-0.0688,-0.2504,1.5708,-0.0183,-0.3811,-0.1020,1.1297,0.3647,0.1689,0,0.00,0.026,0.044,0.001,STANCE,-0.0190,-0.2294,1.5708,0.0050,0.3795,-0.1063,0.8532,-0.2072,0.0145,1,8.20,0.161,0.435,0.743,STANCE,-0.0378,0.0067,1.5075,-0.3153,-0.1887,-0.1509,0.8589,0.1774,0.0189,0,0.00,0.011,0.027,0.003,STANCE,-0.0111,-0.0111,1.5696,-0.3038,0.1957,-0.1481
29.692,3152,placemove,1.0905,-0.0147,0.2686,-0.0047,-0.3714,0.0128,0.0295,-0.0166,0.0008,0.1237,0.0283,0.0645,1.000,0.000,-0.0057,-0.1533,-0.0047,-0.3714,0.0128,0.1041,0,1.3267,-0.3244,0.3960,0,0.00,0.024,0.057,0.003,SWING,-0.4449,-0.8574,1.5708,0.2631,-0.3123,0.0342,1.3481,0.2987,0.3148,1,4.37,0.407,0.921,0.172,STANCE,0.4488,-0.4875,1.5704,0.2605,0.3104,-0.0505,1.1136,-0.3965,0.1695,0,0.00,0.031,0.032,0.001,STANCE,-0.0712,-0.2562,1.5708,-0.0190,-0.3816,-0.1008,1.1288,0.3651,0.1701,0,0.00,0.027,0.040,0.002,STANCE,-0.0167,-0.2331,1.5708,0.0044,0.3799,-0.1055,0.8532,-0.2072,0.0144,1,7.86,0.378,0.484,0.662,STANCE,-0.0383,0.0060,1.5063,-0.3156,-0.1887,-0.1508,0.8592,0.1770,0.0193,0,0.00,0.011,0.034,0.003,STANCE,-0.0101,-0.0098,1.5699,-0.3037,0.1953,-0.1483
29.714,3156,placemove,1.0910,-0.0151,0.2686,-0.0021,-0.3713,0.0131,0.0362,-0.0213,-0.0023,0.1624,0.0155,0.0907,1.000,0.000,-0.0044,-0.1467,-0.0021,-0.3713,0.0131,0.1041,0,1.3282,-0.3199,0.4053,0,0.00,0.029,0.040,0.001,SWING,-0.4230,-0.8956,1.5708,0.2674,-0.3074,0.0428,1.3481,0.2988,0.3147,1,4.75,0.484,1.013,0.305,STANCE,0.4501,-0.4846,1.5702,0.2601,0.3105,-0.0512,1.1136,-0.3970,0.1693,0,0.00,0.030,0.029,0.001,STANCE,-0.0737,-0.2605,1.5708,-0.0197,-0.3820,-0.0999,1.1282,0.3652,0.1709,0,0.00,0.026,0.039,0.003,STANCE,-0.0145,-0.2334,1.5708,0.0038,0.3799,-0.1055,0.8533,-0.2072,0.0144,1,7.46,0.433,0.625,0.491,STANCE,-0.0394,0.0026,1.5065,-0.3162,-0.1887,-0.1502,0.8593,0.1767,0.0198,0,0.00,0.011,0.038,0.003,STANCE,-0.0089,-0.0100,1.5701,-0.3038,0.1951,-0.1482
29.745,3160,placemove,1.0917,-0.0155,0.2686,0.0011,-0.3708,0.0137,0.0424,-0.0266,-0.0060,0.1899,0.0443,0.1088,1.000,0.000,-0.0024,-0.1426,0.0011,-0.3708,0.0137,0.1041,0,1.3315,-0.3154,0.4114,0,0.00,0.031,0.034,0.004,SWING,-0.3997,-0.9205,1.5708,0.2721,-0.3026,0.0485,1.3482,0.2988,0.3147,1,4.94,0.405,1.075,0.357,STANCE,0.4515,-0.4815,1.5700,0.2597,0.3106,-0.0519,1.1140,-0.3973,0.1684,0,0.00,0.029,0.032,0.002,STANCE,-0.0762,-0.2633,1.5708,-0.0204,-0.3822,-0.0993,1.1278,0.3649,0.1714,0,0.00,0.027,0.034,0.003,STANCE,-0.0125,-0.2314,1.5708,0.0033,0.3797,-0.1059,0.8533,-0.2073,0.0143,1,7.39,0.275,0.711,0.399,STANCE,-0.0406,-0.0015,1.5072,-0.3168,-0.1887,-0.1494,0.8595,0.1765,0.0203,0,0.00,0.011,0.034,0.003,STANCE,-0.0080,-0.0095,1.5703,-0.3039,0.1949,-0.1483
29.766,3164,placemove,1.0924,-0.0159,0.2684,0.0045,-0.3700,0.0142,0.0435,-0.0284,-0.0083,0.1849,0.0635,0.1061,1.000,0.000,0.0002,-0.1398,0.0045,-0.3700,0.0142,0.1040,0,1.3357,-0.3118,0.4145,0,0.00,0.030,0.027,0.008,SWING,-0.3799,-0.9315,1.5708,0.2763,-0.2987,0.0510,1.3482,0.2987,0.3146,1,5.02,0.433,1.084,0.378,STANCE,0.4529,-0.4789,1.5698,0.2593,0.3108,-0.0524,1.1147,-0.3975,0.1670,0,0.00,0.030,0.030,0.002,STANCE,-0.0782,-0.2639,1.5708,-0.0210,-0.3822,-0.0992,1.1276,0.3645,0.1716,0,0.00,0.027,0.034,0.003,STANCE,-0.0108,-0.2278,1.5708,0.0028,0.3793,-0.1066,0.8534,-0.2073,0.0143,1,7.32,0.307,0.732,0.373,STANCE,-0.0419,-0.0054,1.5080,-0.3173,-0.1886,-0.1487,0.8599,0.1761,0.0208,0,0.00,0.011,0.033,0.003,STANCE,-0.0074,-0.0080,1.5704,-0.3037,0.1946,-0.1486
29.805,3168,placemove,1.0931,-0.0164,0.2683,0.0071,-0.3693,0.0147,0.0242,-0.0222,0.0026,-0.0205,-0.0934,-0.0081,1.000,0.000,0.0031,-0.1377,0.0071,-0.3693,0.0147,0.1039,0,1.3424,-0.3095,0.4118,0,0.00,0.010,0.230,0.061,SWING,-0.3618,-0.9123,1.5708,0.2809,-0.2962,0.0466,1.3482,0.2987,0.3146,1,7.89,0.489,2.067,0.941,STANCE,0.4543,-0.4771,1.5696,0.2590,0.3109,-0.0528,1.1158,-0.3973,0.1651,0,10.45,0.725,2.479,0.645,STANCE,-0.0797,-0.2605,1.5708,-0.0213,-0.3819,-0.0999,1.1276,0.3639,0.1715,0,0.00,0.017,0.091,0.015,STANCE,-0.0094,-0.2232,1.5708,0.0025,0.3788,-0.1075,0.8534,-0.2073,0.0142,1,1.06,0.088,0.058,0.079,STANCE,-0.0433,-0.0088,1.5088,-0.3178,-0.1885,-0.1481,0.8604,0.1757,0.0211,0,0.00,0.024,0.118,0.018,STANCE,-0.0071,-0.0053,1.5705,-0.3034,0.1944,-0.1491
29.832,3172,placemove,1.0931,-0.0163,0.2684,0.0050,-0.3725,0.0141,-0.0057,0.0107,0.0063,-0.1079,-0.1802,-0.0901,1.000,0.000,0.0046,-0.1370,0.0050,-0.3725,0.0141,0.1038,0,1.3502,-0.3078,0.4050,0,0.00,0.033,0.015,0.016,SWING,-0.3451,-0.8621,1.5708,0.2859,-0.2947,0.0352,1.3482,0.2987,0.3146,1,4.42,0.312,0.921,0.155,STANCE,0.4558,-0.4761,1.5697,0.2586,0.3111,-0.0530,1.1158,-0.3970,0.1649,1,2.52,0.550,0.484,0.219,STANCE,-0.0807,-0.2558,1.5708,-0.0215,-0.3814,-0.1008,1.1285,0.3631,0.1699,0,0.00,0.024,0.032,0.003,STANCE,-0.0082,-0.2175,1.5708,0.0022,0.3782,-0.1087,0.8534,-0.2074,0.0143,1,5.58,0.201,0.409,0.450,STANCE,-0.0445,-0.0114,1.5094,-0.3182,-0.1884,-0.1476,0.8622,0.1752,0.0198,0,0.00,0.007,0.030,0.003,STANCE,-0.0070,-0.0012,1.5705,-0.3029,0.1940,-0.1498
29.867,3176,placemove,1.0930,-0.0162,0.2685,0.0032,-0.3750,0.0135,0.0007,0.0046,0.0072,-0.0868,-0.1358,-0.0719,1.000,0.000,0.0043,-0.1380,0.0032,-0.3750,0.0135,0.1040,0,1.3586,-0.3062,0.3948,0,0.00,0.033,0.073,0.005,SHIFT,-0.3303,-0.7993,1.5708,0.2902,-0.2933,0.0209,1.3482,0.2987,0.3145,1,4.54,0.426,0.919,0.178,SHIFT,0.4572,-0.4754,1.5697,0.2582,0.3113,-0.0532,1.1157,-0.3967,0.1649,1,1.76,0.380,0.322,0.144,SHIFT,-0.0814,-0.2521,1.5707,-0.0217,-0.3810,-0.1016,1.1295,0.3622,0.1681,0,0.00,0.029,0.034,0.004,SHIFT,-0.0075,-0.2100,1.5708,0.0020,0.3774,-0.1102,0.8534,-0.2073,0.0143,1,6.54,0.006,0.424,0.556,SHIFT,-0.0454,-0.0132,1.5097,-0.3185,-0.1883,-0.1473,0.8641,0.1748,0.0183,0,0.00,0.011,0.032,0.002,SHIFT,-0.0069,0.0050,1.5706,-0.3021,0.1935,-0.1509
29.888,3180,placemove,1.0932,-0.0162,0.2687,0.0018,-0.3769,0.0129,0.0218,0.0037,0.0169,-0.0687,-0.0947,-0.0617,1.000,0.000,0.0033,-0.1395,0.0018,-0.3769,0.0129,0.1042,0,1.3670,-0.3045,0.3829,0,0.00,0.032,0.080,0.005,SHIFT,-0.3181,-0.7327,1.5708,0.2935,-0.2916,0.0055,1.3482,0.2988,0.3145,1,3.91,0.341,0.787,0.028,SHIFT,0.4594,-0.4750,1.5699,0.2577,0.3116,-0.0533,1.1155,-0.3964,0.1649,1,2.01,0.461,0.350,0.148,SHIFT,-0.0832,-0.2489,1.5707,-0.0221,-0.3807,-0.1023,1.1307,0.3611,0.1660,0,0.00,0.032,0.029,0.004,SHIFT,-0.0058,-0.2006,1.5708,0.0015,0.3764,-0.1121,0.8534,-0.2072,0.0142,1,6.72,0.158,0.238,0.746,SHIFT,-0.0464,-0.0139,1.5078,-0.3190,-0.1882,-0.1471,0.8665,0.1740,0.0168,0,0.00,0.016,0.026,0.002,SHIFT,-0.0062,0.0138,1.5706,-0.3010,0.1927,-0.1524
29.939,3184,placemove,1.0935,-0.0161,0.2696,0.0024,-0.3782,0.0130,0.0096,0.0055,0.0788,0.1005,-0.0926,0.0454,1.000,0.000,0.0024,-0.1409,0.0024,-0.3782,0.0130,0.1047,0,1.3742,-0.3025,0.3717,0,0.00,0.015,0.006,0.016,SHIFT,-0.3095,-0.6735,1.5708,0.2953,-0.2899,-0.0081,1.3478,0.2993,0.3153,1,0.00,0.022,0.031,0.006,SHIFT,0.4625,-0.4746,1.5701,0.2569,0.3121,-0.0534,1.1155,-0.3960,0.1647,1,6.28,0.587,1.652,0.795,SHIFT,-0.0861,-0.2461,1.5706,-0.0229,-0.3803,-0.1028,1.1311,0.3602,0.1649,1,6.24,0.613,1.641,0.777,SHIFT,-0.0030,-0.1915,1.5707,0.0008,0.3754,-0.1139,0.8534,-0.2072,0.0144,1,0.00,0.004,0.029,0.005,SHIFT,-0.0477,-0.0135,1.5028,-0.3197,-0.1882,-0.1471,0.8686,0.1733,0.0158,0,0.00,0.016,0.016,0.004,SHIFT,-0.0048,0.0246,1.5665,-0.3003,0.1919,-0.1543
29.961,3188,placemove,1.0938,-0.0160,0.2709,0.0038,-0.3800,0.0132,0.0216,0.0020,0.0745,0.0750,-0.0969,0.0409,1.000,0.000,0.0026,-0.1422,0.0038,-0.3800,0.0132,0.1563,0,1.3793,-0.3007,0.3633,0,0.00,0.023,0.010,0.013,SHIFT,-0.3037,-0.6280,1.5708,0.2961,-0.2883,-0.0186,1.3469,0.3001,0.3171,0,0.00,0.029,0.022,0.005,SHIFT,0.4662,-0.4746,1.5702,0.2560,0.3126,-0.0534,1.1155,-0.3954,0.1647,1,4.23,0.503,1.073,0.529,SHIFT,-0.0899,-0.2435,1.5705,-0.0239,-0.3800,-0.1034,1.1311,0.3594,0.1647,1,5.53,0.865,1.330,0.641,SHIFT,0.0008,-0.1828,1.5707,-0.0002,0.3744,-0.1157,0.8533,-0.2070,0.0145,1,1.65,0.327,0.180,0.055,SHIFT,-0.0494,-0.0123,1.4955,-0.3207,-0.1883,-0.1473,0.8702,0.1730,0.0151,0,0.00,0.015,0.015,0.010,SHIFT,-0.0030,0.0368,1.5577,-0.3000,0.1913,-0.1564
29.995,3192,placemove,1.0944,-0.0158,0.2712,0.0041,-0.3757,0.0142,0.0488,0.0208,-0.0307,-0.1195,0.3774,0.0964,1.000,0.000,0.0033,-0.1558,0.0041,-0.3757,0.0142,0.1806,0,1.3837,-0.2989,0.3554,0,0.00,0.049,0.014,0.006,SHIFT,-0.2999,-0.5947,1.5708,0.2964,-0.2870,-0.0262,1.3462,0.3012,0.3170,0,0.00,0.018,0.026,0.003,SHIFT,0.4703,-0.4769,1.5704,0.2551,0.3134,-0.0529,1.1148,-0.3952,0.1648,1,1.00,0.227,0.096,0.009,SHIFT,-0.0943,-0.2458,1.5705,-0.0251,-0.3801,-0.1029,1.1283,0.3611,0.1672,1,0.00,0.013,0.002,0.006,SHIFT,0.0074,-0.1997,1.5707,-0.0019,0.3763,-0.1123,0.8526,-0.2069,0.0147,1,2.43,0.065,0.055,0.374,SHIFT,-0.0509,-0.0075,1.4852,-0.3216,-0.1883,-0.1480,0.8702,0.1726,0.0153,1,0.00,0.019,0.013,0.005,SHIFT,-0.0010,0.0426,1.5528,-0.3001,0.1908,-0.1574
30.029,3196,placemove,1.0955,-0.0155,0.2707,0.0018,-0.3676,0.0158,0.0826,0.0070,0.0222,-0.0163,0.4525,-0.0003,1.000,0.000,0.0028,-0.1770,0.0018,-0.3676,0.0158,0.1059,0,1.3877,-0.2969,0.3483,0,0.00,0.032,0.001,0.010,SHIFT,-0.2971,-0.5724,1.5708,0.2966,-0.2860,-0.0313,1.3461,0.3027,0.3149,1,4.18,0.482,0.775,0.002,SHIFT,0.4740,-0.4847,1.5704,0.2544,0.3143,-0.0512,1.1145,-0.3951,0.1648,1,0.00,0.045,0.023,0.000,SHIFT,-0.0976,-0.2466,1.5706,-0.0259,-0.3801,-0.1027,1.1254,0.3632,0.1682,0,0.00,0.040,0.058,0.001,SHIFT,0.0131,-0.2169,1.5707,-0.0035,0.3782,-0.1088,0.8520,-0.2075,0.0146,1,9.69,0.448,0.155,1.192,SHIFT,-0.0515,0.0044,1.4710,-0.3220,-0.1884,-0.1501,0.8693,0.1716,0.0152,0,0.00,0.017,0.032,0.004,SHIFT,0.0005,0.0485,1.5483,-0.3000,0.1903,-0.1584
30.072,3200,placemove,1.0971,-0.0154,0.2711,0.0021,-0.3613,0.0159,0.0974,0.0049,0.0308,0.0250,0.2532,0.0033,1.000,0.000,0.0022,-0.1676,0.0021,-0.3613,0.0159,0.1064,0,1.3913,-0.2959,0.3428,0,0.00,0.011,0.025,0.012,SHIFT,-0.2953,-0.5540,1.5708,0.2965,-0.2852,-0.0355,1.3465,0.3038,0.3148,1,4.26,0.373,0.854,0.038,SHIFT,0.4784,-0.4909,1.5705,0.2535,0.3152,-0.0498,1.1145,-0.3950,0.1648,1,2.53,0.646,0.362,0.095,SHIFT,-0.1011,-0.2470,1.5706,-0.0269,-0.3800,-0.1027,1.1237,0.3647,0.1705,0,0.00,0.028,0.040,0.000,SHIFT,0.0192,-0.2296,1.5708,-0.0051,0.3795,-0.1062,0.8522,-0.2074,0.0145,1,5.65,0.293,0.516,0.429,SHIFT,-0.0521,0.0158,1.4558,-0.3226,-0.1885,-0.1520,0.8697,0.1713,0.0156,0,0.00,0.014,0.013,0.011,SHIFT,0.0025,0.0582,1.5383,-0.3002,0.1899,-0.1601
30.094,3204,placemove,1.0987,-0.0154,0.2717,0.0028,-0.3600,0.0155,0.1000,-0.0012,0.0394,0.0340,-0.0114,-0.0187,1.000,0.000,0.0022,-0.1517,0.0028,-0.3600,0.0155,0.1071,0,1.3943,-0.2952,0.3379,0,0.00,0.012,0.019,0.011,SHIFT,-0.2951,-0.5318,1.5708,0.2960,-0.2845,-0.0405,1.3469,0.3047,0.3148,1,4.03,0.302,0.876,0.086,SHIFT,0.4844,-0.4908,1.5706,0.2521,0.3161,-0.0498,1.1145,-0.3948,0.1648,1,3.15,0.788,0.562,0.228,SHIFT,-0.1070,-0.2477,1.5706,-0.0285,-0.3799,-0.1025,1.1225,0.3656,0.1722,0,0.00,0.030,0.036,0.001,SHIFT,0.0275,-0.2378,1.5708,-0.0073,0.3803,-0.1045,0.8523,-0.2074,0.0145,1,5.22,0.517,0.368,0.478,SHIFT,-0.0540,0.0188,1.4439,-0.3240,-0.1887,-0.1524,0.8703,0.1711,0.0155,0,0.00,0.019,0.021,0.010,SHIFT,0.0062,0.0628,1.5284,-0.3013,0.1895,-0.1610
30.137,3208,placemove,1.1004,-0.0154,0.2725,0.0035,-0.3615,0.0150,0.1006,-0.0058,0.0531,0.0629,-0.0556,0.0145,1.000,0.000,0.0025,-0.1421,0.0035,-0.3615,0.0150,0.1078,0,1.3969,-0.2948,0.3335,0,0.00,0.046,0.043,0.002,SHIFT,-0.2961,-0.5081,1.5708,0.2951,-0.2839,-0.0459,1.3472,0.3054,0.3147,1,4.44,0.648,0.886,0.072,SHIFT,0.4914,-0.4874,1.5706,0.2503,0.3170,-0.0506,1.1143,-0.3947,0.1647,1,7.06,1.528,1.456,0.643,SHIFT,-0.1143,-0.2483,1.5706,-0.0304,-0.3798,-0.1024,1.1219,0.3659,0.1730,0,0.00,0.006,0.085,0.006,SHIFT,0.0368,-0.2411,1.5708,-0.0098,0.3806,-0.1039,0.8525,-0.2074,0.0144,1,0.00,0.053,0.084,0.019,SHIFT,-0.0566,0.0173,1.4336,-0.3258,-0.1889,-0.1519,0.8711,0.1710,0.0150,0,6.16,0.591,1.294,0.183,SHIFT,0.0109,0.0653,1.5175,-0.3029,0.1892,-0.1614
30.166,3212,placemove,1.1021,-0.0157,0.2734,0.0044,-0.3630,0.0149,0.1032,-0.0200,0.0570,0.0491,-0.1005,0.0050,1.000,0.000,0.0030,-0.1370,0.0044,-0.3630,0.0149,0.1461,0,1.3994,-0.2945,0.3293,0,0.00,0.010,0.015,0.010,SHIFT,-0.2978,-0.4847,1.5708,0.2940,-0.2834,-0.0512,1.3473,0.3061,0.3147,1,3.10,0.390,0.625,0.043,SHIFT,0.4990,-0.4829,1.5707,0.2484,0.3179,-0.0516,1.1143,-0.3947,0.1647,1,5.68,0.889,0.958,0.153,SHIFT,-0.1222,-0.2485,1.5703,-0.0325,-0.3796,-0.1023,1.1213,0.3656,0.1734,0,0.00,0.026,0.029,0.002,SHIFT,0.0465,-0.2406,1.5708,-0.0123,0.3804,-0.1040,0.8524,-0.2078,0.0148,1,0.00,0.004,0.034,0.012,SHIFT,-0.0595,0.0144,1.4235,-0.3279,-0.1891,-0.1512,0.8714,0.1706,0.0149,1,3.31,0.486,0.615,0.037,SHIFT,0.0160,0.0664,1.5064,-0.3048,0.1889,-0.1616
30.203,3216,placemove,1.1039,-0.0160,0.2744,0.0051,-0.3648,0.0146,0.1046,-0.0229,0.0579,0.0335,-0.1029,-0.0044,1.000,0.000,0.0037,-0.1346,0.0051,-0.3648,0.0146,0.1471,0,1.4017,-0.2944,0.3254,0,0.00,0.011,0.016,0.010,SHIFT,-0.3000,-0.4624,1.5708,0.2927,-0.2830,-0.0562,1.3475,0.3067,0.3147,1,3.04,0.302,0.629,0.042,SHIFT,0.5068,-0.4785,1.5707,0.2463,0.3189,-0.0526,1.1143,-0.3947,0.1646,1,5.66,0.866,0.984,0.182,SHIFT,-0.1302,-0.2483,1.5701,-0.0346,-0.3793,-0.1024,1.1211,0.3648,0.1732,0,0.00,0.024,0.028,0.002,SHIFT,0.0560,-0.2372,1.5708,-0.0148,0.3799,-0.1047,0.8524,-0.2082,0.0152,1,0.00,0.004,0.033,0.013,SHIFT,-0.0625,0.0117,1.4130,-0.3300,-0.1893,-0.1505,0.8718,0.1701,0.0148,1,3.37,0.537,0.589,0.018,SHIFT,0.0210,0.0665,1.4952,-0.3068,0.1887,-0.1616
30.235,3220,placemove,1.1057,-0.0163,0.2750,0.0046,-0.3649,0.0146,0.1190,-0.0045,0.0014,-0.1111,0.1264,-0.0243,1.000,0.000,0.0043,-0.1336,0.0046,-0.3649,0.0146,0.1101,0,1.4039,-0.2942,0.3215,0,0.00,0.034,0.011,0.005,STANCE,-0.3020,-0.4415,1.5708,0.2914,-0.2825,-0.0608,1.3475,0.3074,0.3149,1,0.00,0.020,0.017,0.001,SWING,0.5142,-0.4812,1.5707,0.2446,0.3201,-0.0520,1.1143,-0.3948,0.1646,1,3.99,0.833,0.550,0.039,STANCE,-0.1375,-0.2477,1.5701,-0.0365,-0.3790,-0.1025,1.1213,0.3638,0.1719,0,0.00,0.027,0.005,0.002,STANCE,0.0645,-0.2316,1.5708,-0.0171,0.3792,-0.1058,0.8523,-0.2087,0.0156,0,0.00,0.001,0.048,0.014,STANCE,-0.0652,0.0097,1.4030,-0.3319,-0.1894,-0.1498,0.8719,0.1696,0.0148,1,3.97,0.795,0.351,0.202,STANCE,0.0257,0.0654,1.4859,-0.3087,0.1884,-0.1614
30.276,3224,placemove,1.1081,-0.0161,0.2743,0.0010,-0.3590,0.0150,0.1697,0.0224,-0.0673,-0.2635,0.5059,-0.0708,1.000,0.000,0.0036,-0.1317,0.0010,-0.3590,0.0150,0.1078,0,1.4067,-0.2936,0.3158,0,0.00,0.051,0.002,0.007,STANCE,-0.3034,-0.4219,1.5708,0.2903,-0.2819,-0.0652,1.3462,0.3101,0.3193,1,0.00,0.025,0.030,0.007,SWING,0.5231,-0.5231,1.5707,0.2434,0.3231,-0.0425,1.1143,-0.3947,0.1646,1,4.55,1.151,0.649,0.123,STANCE,-0.1433,-0.2474,1.5702,-0.0381,-0.3788,-0.1025,1.1222,0.3627,0.1682,0,0.00,0.032,0.017,0.004,STANCE,0.0713,-0.2241,1.5708,-0.0188,0.3783,-0.1073,0.8514,-0.2094,0.0170,0,0.00,0.020,0.028,0.005,STANCE,-0.0672,0.0075,1.3954,-0.3334,-0.1896,-0.1492,0.8713,0.1688,0.0148,1,5.08,1.033,0.335,0.336,STANCE,0.0298,0.0630,1.4797,-0.3103,0.1882,-0.1610
30.325,3228,placemove,1.1098,-0.0154,0.2741,-0.0010,-0.3592,0.0135,0.0589,0.0315,0.0153,0.2953,-0.0638,0.1218,1.000,0.000,0.0008,-0.1297,-0.0010,-0.3592,0.0135,0.1089,0,1.4078,-0.2936,0.3148,1,1.46,0.102,0.221,0.052,STANCE,-0.3052,-0.4199,1.5708,0.2898,-0.2821,-0.0656,1.3426,0.3139,0.3303,0,0.00,0.004,0.131,0.003,SWING,0.5344,-0.5855,1.5707,0.2417,0.3266,-0.0283,1.1139,-0.3942,0.1650,1,12.69,1.033,2.940,1.388,STANCE,-0.1480,-0.2492,1.5703,-0.0393,-0.3787,-0.1022,1.1243,0.3621,0.1646,1,12.64,0.556,2.629,0.419,STANCE,0.0770,-0.2158,1.5707,-0.0202,0.3773,-0.1090,0.8511,-0.2090,0.0177,0,0.00,0.097,0.102,0.014,STANCE,-0.0686,0.0046,1.3897,-0.3347,-0.1898,-0.1485,0.8708,0.1692,0.0160,1,0.00,0.080,0.044,0.031,STANCE,0.0343,0.0451,1.4884,-0.3122,0.1880,-0.1578
30.374,3232,placemove,1.1108,-0.0152,0.2741,-0.0008,-0.3602,0.0130,0.0531,0.0026,0.0158,0.0555,-0.0069,-0.0109,1.000,0.000,-0.0002,-0.1325,-0.0008,-0.3602,0.0130,0.0587,0,1.4080,-0.2943,0.3166,1,0.00,0.021,0.047,0.006,STANCE,-0.3076,-0.4286,1.5708,0.2897,-0.2830,-0.0637,1.3364,0.3167,0.3444,0,0.00,0.014,0.137,0.006,SWING,0.5445,-0.6522,1.5707,0.2398,0.3292,-0.0130,1.1139,-0.3941,0.1648,1,7.28,0.720,1.633,0.561,STANCE,-0.1516,-0.2504,1.5702,-0.0403,-0.3787,-0.1019,1.1240,0.3623,0.1646,1,7.14,0.724,1.691,0.666,STANCE,0.0826,-0.2180,1.5705,-0.0217,0.3774,-0.1086,0.8512,-0.2089,0.0176,0,0.00,0.007,0.036,0.003,STANCE,-0.0694,0.0018,1.3856,-0.3357,-0.1901,-0.1478,0.8694,0.1692,0.0185,0,0.00,0.012,0.047,0.019,STANCE,0.0384,0.0267,1.4990,-0.3138,0.1877,-0.1545
30.404,3236,placemove,1.1112,-0.0152,0.2747,0.0010,-0.3593,0.0128,0.0021,0.0066,0.0438,0.1244,0.0768,0.0429,1.000,0.000,-0.0002,-0.1518,0.0010,-0.3593,0.0128,0.1101,0,1.4080,-0.2949,0.3184,0,0.00,0.008,0.052,0.006,STANCE,-0.3087,-0.4373,1.5708,0.2899,-0.2836,-0.0618,1.3304,0.3178,0.3592,0,0.00,0.004,0.084,0.005,SWING,0.5486,-0.7180,1.5707,0.2389,0.3301,0.0022,1.1139,-0.3939,0.1647,1,6.46,0.332,1.769,0.855,STANCE,-0.1530,-0.2509,1.5700,-0.0407,-0.3788,-0.1018,1.1240,0.3620,0.1645,1,6.24,0.311,1.748,0.845,STANCE,0.0848,-0.2122,1.5704,-0.0223,0.3768,-0.1098,0.8512,-0.2087,0.0176,0,0.00,0.008,0.025,0.008,STANCE,-0.0692,0.0049,1.3798,-0.3361,-0.1903,-0.1483,0.8682,0.1693,0.0209,0,0.00,0.004,0.031,0.010,STANCE,0.0409,0.0177,1.5048,-0.3145,0.1874,-0.1529
30.455,3240,placemove,1.1108,-0.0150,0.2755,0.0035,-0.3573,0.0130,-0.0503,0.0105,0.0591,0.1548,0.1293,0.0776,1.000,0.000,0.0009,-0.1769,0.0035,-0.3573,0.0130,0.1111,0,1.4079,-0.2947,0.3194,0,0.00,0.005,0.054,0.008,STANCE,-0.3079,-0.4430,1.5708,0.2903,-0.2837,-0.0605,1.3269,0.3164,0.3736,0,0.00,0.011,0.077,0.002,SWING,0.5388,-0.7754,1.5707,0.2412,0.3283,0.0154,1.1141,-0.3934,0.1646,1,6.82,0.336,1.870,0.899,STANCE,-0.1517,-0.2499,1.5701,-0.0403,-0.3787,-0.1020,1.1242,0.3613,0.1643,1,6.62,0.325,1.848,0.881,STANCE,0.0833,-0.2016,1.5704,-0.0218,0.3756,-0.1119,0.8516,-0.2084,0.0168,0,0.00,0.004,0.019,0.015,STANCE,-0.0677,0.0166,1.3704,-0.3356,-0.1905,-0.1504,0.8674,0.1695,0.0225,0,0.00,0.010,0.022,0.002,STANCE,0.0413,0.0195,1.5048,-0.3143,0.1872,-0.1533
30.476,3244,placemove,1.1095,-0.0148,0.2764,0.0061,-0.3551,0.0136,-0.0955,0.0132,0.0673,0.1589,0.1178,0.0996,1.000,0.000,0.0026,-0.2020,0.0061,-0.3551,0.0136,0.1122,0,1.4075,-0.2939,0.3200,0,0.00,0.008,0.056,0.009,STANCE,-0.3056,-0.4469,1.5708,0.2909,-0.2834,-0.0596,1.3266,0.3125,0.3872,0,0.00,0.015,0.072,0.001,SWING,0.5141,-0.8231,1.5707,0.2469,0.3239,0.0263,1.1142,-0.3928,0.1645,1,6.74,0.389,1.842,0.894,STANCE,-0.1482,-0.2474,1.5702,-0.0393,-0.3786,-0.1025,1.1243,0.3605,0.1641,1,6.52,0.344,1.831,0.875,STANCE,0.0784,-0.1886,1.5705,-0.0204,0.3743,-0.1145,0.8524,-0.2081,0.0150,0,0.00,0.007,0.006,0.019,STANCE,-0.0652,0.0359,1.3574,-0.3344,-0.1907,-0.1539,0.8668,0.1699,0.0230,0,0.00,0.010,0.008,0.005,STANCE,0.0398,0.0303,1.5000,-0.3133,0.1871,-0.1552
30.537,3248,placemove,1.1086,-0.0146,0.2776,0.0079,-0.3448,0.0156,-0.0323,0.0134,0.0463,0.0658,0.7277,0.1377,1.000,0.000,0.0047,-0.2229,0.0079,-0.3448,0.0156,0.1631,0,1.4079,-0.2927,0.3193,0,0.00,0.020,0.024,0.007,STANCE,-0.3024,-0.4525,1.5708,0.2918,-0.2830,-0.0584,1.3298,0.3071,0.3980,0,0.00,0.062,0.040,0.002,SWING,0.4801,-0.8616,1.5708,0.2546,0.3178,0.0351,1.1146,-0.3922,0.1648,1,0.33,0.057,0.072,0.029,STANCE,-0.1430,-0.2438,1.5703,-0.0379,-0.3784,-0.1033,1.1238,0.3597,0.1642,1,4.14,0.871,0.649,0.147,STANCE,0.0718,-0.1771,1.5705,-0.0186,0.3731,-0.1168,0.8526,-0.2081,0.0147,1,5.00,0.816,0.297,0.366,STANCE,-0.0619,0.0604,1.3421,-0.3326,-0.1907,-0.1584,0.8654,0.1700,0.0246,0,0.00,0.027,0.004,0.007,STANCE,0.0368,0.0469,1.4917,-0.3118,0.1871,-0.1581
30.559,3252,placemove,1.1085,-0.0145,0.2780,0.0081,-0.3315,0.0159,0.0111,-0.0021,0.0051,-0.0355,0.8202,-0.0368,1.000,0.000,0.0062,-0.2361,0.0081,-0.3315,0.0159,0.1634,0,1.4087,-0.2922,0.3183,0,0.00,0.007,0.036,0.005,STANCE,-0.2993,-0.4635,1.5708,0.2929,-0.2829,-0.0559,1.3359,0.3008,0.4053,0,0.00,0.041,0.048,0.001,SWING,0.4455,-0.8945,1.5708,0.2622,0.3112,0.0426,1.1150,-0.3918,0.1648,1,3.27,0.024,0.898,0.406,STANCE,-0.1372,-0.2397,1.5704,-0.0363,-0.3782,-0.1042,1.1237,0.3595,0.1642,1,5.31,0.359,1.053,0.232,STANCE,0.0658,-0.1737,1.5704,-0.0170,0.3728,-0.1175,0.8525,-0.2081,0.0146,1,2.24,0.320,0.082,0.216,STANCE,-0.0582,0.0861,1.3259,-0.3306,-0.1908,-0.1632,0.8645,0.1701,0.0258,0,0.00,0.007,0.005,0.012,STANCE,0.0333,0.0657,1.4820,-0.3100,0.1871,-0.1615
30.600,3256,placemove,1.1089,-0.0147,0.2777,0.0068,-0.3179,0.0150,0.0378,-0.0114,-0.0286,-0.1143,0.7909,-0.0996,1.000,0.000,0.0067,-0.2430,0.0068,-0.3179,0.0150,0.1632,0,1.4094,-0.2927,0.3178,0,0.00,0.027,0.044,0.005,STANCE,-0.2967,-0.4778,1.5708,0.2939,-0.2830,-0.0527,1.3425,0.2947,0.4093,0,0.00,0.030,0.046,0.007,SWING,0.4166,-0.9203,1.5708,0.2683,0.3055,0.0484,1.1152,-0.3919,0.1647,1,4.54,0.410,0.454,0.324,STANCE,-0.1314,-0.2358,1.5704,-0.0348,-0.3780,-0.1049,1.1239,0.3596,0.1642,1,4.88,0.226,0.498,0.366,STANCE,0.0615,-0.1773,1.5705,-0.0159,0.3733,-0.1168,0.8524,-0.2083,0.0146,1,2.21,0.205,0.071,0.256,STANCE,-0.0545,0.1099,1.3109,-0.3287,-0.1909,-0.1675,0.8643,0.1699,0.0262,0,0.00,0.021,0.003,0.011,STANCE,0.0299,0.0837,1.4724,-0.3083,0.1871,-0.1646
30.621,3260,placemove,1.1098,-0.0147,0.2769,0.0043,-0.3053,0.0137,0.0621,0.0039,-0.0595,-0.1751,0.7186,-0.1423,1.000,0.000,0.0059,-0.2454,0.0043,-0.3053,0.0137,0.1624,0,1.4099,-0.2936,0.3177,0,0.00,0.026,0.045,0.005,STANCE,-0.2949,-0.4943,1.5708,0.2949,-0.2832,-0.0490,1.3504,0.2898,0.4084,0,0.00,0.030,0.034,0.011,SWING,0.3913,-0.9262,1.5708,0.2739,0.3009,0.0498,1.1153,-0.3921,0.1647,1,4.82,0.404,0.491,0.345,STANCE,-0.1263,-0.2329,1.5705,-0.0334,-0.3778,-0.1056,1.1240,0.3603,0.1643,1,5.15,0.233,0.532,0.381,STANCE,0.0592,-0.1869,1.5706,-0.0154,0.3744,-0.1149,0.8523,-0.2085,0.0146,1,2.12,0.208,0.055,0.250,STANCE,-0.0510,0.1300,1.2983,-0.3269,-0.1910,-0.1712,0.8646,0.1697,0.0259,0,0.00,0.022,0.007,0.009,STANCE,0.0272,0.0993,1.4640,-0.3069,0.1870,-0.1673
30.668,3264,placemove,1.1110,-0.0145,0.2757,0.0008,-0.2941,0.0120,0.0781,0.0172,-0.0888,-0.2337,0.6335,-0.1630,1.000,0.000,0.0041,-0.2450,0.0008,-0.2941,0.0120,0.1612,0,1.4105,-0.2944,0.3179,0,0.00,0.026,0.045,0.003,STANCE,-0.2938,-0.5111,1.5708,0.2957,-0.2836,-0.0452,1.3600,0.2862,0.4024,0,0.00,0.001,0.041,0.003,SWING,0.3683,-0.9119,1.5708,0.2794,0.2974,0.0465,1.1155,-0.3922,0.1647,1,1.78,0.164,0.143,0.129,STANCE,-0.1221,-0.2312,1.5706,-0.0323,-0.3778,-0.1059,1.1242,0.3615,0.1642,1,0.00,0.002,0.026,0.007,STANCE,0.0586,-0.2000,1.5706,-0.0153,0.3759,-0.1122,0.8523,-0.2086,0.0147,1,0.93,0.107,0.007,0.117,STANCE,-0.0480,0.1455,1.2886,-0.3254,-0.1911,-0.1740,0.8652,0.1696,0.0250,0,0.00,0.005,0.021,0.009,STANCE,0.0254,0.1121,1.4571,-0.3057,0.1869,-0.1696
30.689,3268,placemove,1.1121,-0.0143,0.2746,-0.0015,-0.2854,0.0107,0.0597,0.0118,-0.0505,-0.1047,0.4411,-0.0986,1.000,0.000,0.0017,-0.2431,-0.0015,-0.2854,0.0107,0.1602,0,1.4112,-0.2949,0.3175,0,0.00,0.017,0.042,0.007,SHIFT,-0.2929,-0.5224,1.5708,0.2962,-0.2838,-0.0427,1.3699,0.2834,0.3940,0,0.00,0.028,0.004,0.005,SHIFT,0.3472,-0.8794,1.5708,0.2850,0.2946,0.0392,1.1156,-0.3923,0.1646,1,4.96,0.138,0.564,0.345,SHIFT,-0.1191,-0.2309,1.5707,-0.0315,-0.3778,-0.1060,1.1245,0.3626,0.1640,1,6.15,0.336,0.649,0.480,SHIFT,0.0585,-0.2102,1.5707,-0.0153,0.3770,-0.1102,0.8524,-0.2086,0.0147,1,2.39,0.087,0.018,0.265,SHIFT,-0.0455,0.1566,1.2815,-0.3244,-0.1913,-0.1760,0.8659,0.1695,0.0242,0,0.00,0.012,0.021,0.005,SHIFT,0.0245,0.1221,1.4514,-0.3048,0.1867,-0.1713
30.725,3272,placemove,1.1132,-0.0141,0.2739,-0.0028,-0.2791,0.0098,0.0711,0.0084,-0.0264,-0.0561,0.3250,-0.0642,1.000,0.000,-0.0003,-0.2410,-0.0028,-0.2791,0.0098,0.1596,0,1.4120,-0.2953,0.3167,0,0.00,0.009,0.045,0.008,SHIFT,-0.2929,-0.5284,1.5708,0.2964,-0.2840,-0.0413,1.3816,0.2812,0.3793,0,0.00,0.027,0.004,0.017,SHIFT,0.3274,-0.8198,1.5708,0.2906,0.2924,0.0256,1.1157,-0.3923,0.1645,1,6.31,0.325,0.779,0.377,SHIFT,-0.1185,-0.2312,1.5708,-0.0313,-0.3779,-0.1059,1.1246,0.3633,0.1639,1,6.94,0.325,0.766,0.527,SHIFT,0.0600,-0.2167,1.5707,-0.0158,0.3777,-0.1089,0.8525,-0.2086,0.0147,1,0.82,0.033,0.023,0.115,SHIFT,-0.0441,0.1648,1.2740,-0.3239,-0.1914,-0.1774,0.8663,0.1694,0.0236,0,0.00,0.010,0.020,0.007,SHIFT,0.0248,0.1301,1.4447,-0.3045,0.1864,-0.1727
30.746,3276,placemove,1.1145,-0.0141,0.2737,-0.0035,-0.2746,0.0092,0.0781,-0.0015,-0.0067,-0.0285,0.2288,-0.0355,1.000,0.000,-0.0018,-0.2394,-0.0035,-0.2746,0.0092,0.1593,0,1.4129,-0.2957,0.3157,0,0.00,0.008,0.037,0.008,SHIFT,-0.2940,-0.5302,1.5708,0.2962,-0.2842,-0.0409,1.3905,0.2790,0.3679,0,0.00,0.022,0.001,0.015,SHIFT,0.3127,-0.7725,1.5708,0.2944,0.2902,0.0147,1.1158,-0.3923,0.1645,1,6.05,0.357,0.753,0.342,SHIFT,-0.1201,-0.2316,1.5711,-0.0317,-0.3778,-0.1058,1.1247,0.3637,0.1639,1,6.53,0.298,0.731,0.492,SHIFT,0.0629,-0.2207,1.5707,-0.0166,0.3781,-0.1081,0.8525,-0.2087,0.0147,1,0.60,0.073,0.023,0.057,SHIFT,-0.0439,0.1710,1.2652,-0.3241,-0.1916,-0.1784,0.8667,0.1693,0.0231,0,0.00,0.006,0.023,0.009,SHIFT,0.0260,0.1366,1.4365,-0.3048,0.1862,-0.1738
30.797,3280,placemove,1.1157,-0.0141,0.2738,-0.0039,-0.2729,0.0087,0.0592,0.0092,0.0226,-0.0414,-0.0739,-0.0452,1.000,0.000,-0.0027,-0.2283,-0.0039,-0.2729,0.0087,0.1093,0,1.4137,-0.2962,0.3149,1,6.74,0.514,1.438,0.174,SHIFT,-0.2962,-0.5285,1.5708,0.2957,-0.2846,-0.0413,1.3972,0.2771,0.3593,0,0.00,0.032,0.041,0.023,SHIFT,0.3020,-0.7340,1.5708,0.2969,0.2884,0.0058,1.1157,-0.3922,0.1645,1,0.00,0.016,0.070,0.003,SHIFT,-0.1238,-0.2319,1.5712,-0.0327,-0.3777,-0.1058,1.1248,0.3638,0.1640,1,5.83,0.090,0.847,0.293,SHIFT,0.0672,-0.2227,1.5708,-0.0177,0.3782,-0.1077,0.8526,-0.2088,0.0147,1,5.53,0.517,0.320,0.484,SHIFT,-0.0449,0.1746,1.2561,-0.3248,-0.1917,-0.1789,0.8671,0.1691,0.0228,0,0.00,0.007,0.012,0.005,SHIFT,0.0280,0.1407,1.4281,-0.3055,0.1861,-0.1745
30.819,3284,placemove,1.1167,-0.0138,0.2744,-0.0046,-0.2801,0.0083,0.0622,0.0162,0.0384,-0.0336,-0.6507,-0.0257,1.000,0.000,-0.0034,-0.1850,-0.0046,-0.2801,0.0083,0.1098,0,1.4139,-0.2966,0.3148,1,3.43,0.522,0.717,0.086,SHIFT,-0.3003,-0.5166,1.5708,0.2945,-0.2851,-0.0440,1.4019,0.2758,0.3530,0,0.00,0.021,0.003,0.012,SHIFT,0.2951,-0.6938,1.5708,0.2984,0.2871,-0.0034,1.1151,-0.3920,0.1650,1,0.00,0.016,0.035,0.002,SHIFT,-0.1320,-0.2333,1.5711,-0.0349,-0.3776,-0.1055,1.1247,0.3639,0.1640,1,5.37,0.470,0.551,0.412,SHIFT,0.0753,-0.2239,1.5708,-0.0199,0.3782,-0.1074,0.8527,-0.2086,0.0147,1,3.81,0.039,0.504,0.080,SHIFT,-0.0488,0.1653,1.2535,-0.3271,-0.1917,-0.1771,0.8675,0.1693,0.0223,0,0.00,0.001,0.044,0.001,SHIFT,0.0326,0.1318,1.4257,-0.3077,0.1860,-0.1730
30.861,3288,placemove,1.1179,-0.0135,0.2751,-0.0053,-0.2961,0.0084,0.0739,0.0160,0.0487,-0.0274,-1.0599,0.0064,1.000,0.000,-0.0040,-0.1436,-0.0053,-0.2961,0.0084,0.1104,0,1.4139,-0.2968,0.3147,1,4.42,0.576,1.010,0.580,SHIFT,-0.3070,-0.4930,1.5704,0.2924,-0.2856,-0.0493,1.4055,0.2751,0.3481,0,0.00,0.024,0.013,0.011,SHIFT,0.2916,-0.6483,1.5708,0.2989,0.2861,-0.0139,1.1145,-0.3916,0.1655,1,0.00,0.013,0.035,0.002,SHIFT,-0.1450,-0.2365,1.5710,-0.0383,-0.3775,-0.1048,1.1245,0.3641,0.1640,1,4.79,0.115,0.642,0.247,SHIFT,0.0877,-0.2253,1.5708,-0.0231,0.3781,-0.1071,0.8528,-0.2085,0.0146,1,3.30,0.380,0.539,0.011,SHIFT,-0.0554,0.1411,1.2576,-0.3311,-0.1919,-0.1724,0.8679,0.1696,0.0219,0,0.00,0.003,0.066,0.011,SHIFT,0.0394,0.1081,1.4301,-0.3114,0.1862,-0.1688
30.895,3292,placemove,1.1192,-0.0133,0.2759,-0.0058,-0.3141,0.0088,0.0818,0.0178,0.0159,-0.0126,-0.9375,-0.0001,1.000,0.000,-0.0046,-0.1243,-0.0058,-0.3141,0.0088,0.1112,0,1.4138,-0.2972,0.3150,1,0.00,0.004,0.055,0.001,SHIFT,-0.3153,-0.4696,1.5698,0.2898,-0.2863,-0.0545,1.4082,0.2745,0.3444,0,0.00,0.019,0.074,0.001,SHIFT,0.2905,-0.6046,1.5708,0.2986,0.2853,-0.0239,1.1139,-0.3912,0.1660,0,0.00,0.009,0.025,0.001,SHIFT,-0.1597,-0.2404,1.5710,-0.0422,-0.3773,-0.1040,1.1241,0.3641,0.1641,1,0.00,0.014,0.006,0.000,SHIFT,0.1016,-0.2277,1.5706,-0.0268,0.3780,-0.1066,0.8530,-0.2085,0.0146,1,2.57,0.093,0.027,0.282,SHIFT,-0.0628,0.1126,1.2628,-0.3356,-0.1919,-0.1668,0.8683,0.1700,0.0216,0,0.00,0.011,0.066,0.007,SHIFT,0.0467,0.0800,1.4355,-0.3156,0.1864,-0.1638
30.945,3296,placemove,1.1212,-0.0132,0.2758,-0.0050,-0.3264,0.0087,0.1472,-0.0153,-0.0047,0.0372,-0.5801,0.0162,1.000,0.000,-0.0049,-0.1175,-0.0050,-0.3264,0.0087,0.1111,0,1.4138,-0.2983,0.3151,1,0.00,0.026,0.059,0.020,SHIFT,-0.3245,-0.4571,1.5700,0.2874,-0.2875,-0.0573,1.4113,0.2739,0.3398,0,0.00,0.044,0.024,0.005,SHIFT,0.2908,-0.5672,1.5708,0.2978,0.2846,-0.0325,1.1134,-0.3908,0.1651,1,10.47,1.466,2.547,1.246,SHIFT,-0.1742,-0.2440,1.5709,-0.0461,-0.3770,-0.1033,1.1236,0.3645,0.1642,1,10.96,1.205,1.981,0.249,SHIFT,0.1152,-0.2323,1.5705,-0.0304,0.3781,-0.1057,0.8526,-0.2082,0.0146,1,0.00,0.077,0.117,0.000,SHIFT,-0.0700,0.0871,1.2654,-0.3398,-0.1919,-0.1617,0.8683,0.1705,0.0215,0,0.00,0.043,0.058,0.013,SHIFT,0.0534,0.0563,1.4372,-0.3196,0.1866,-0.1594
30.967,3300,placemove,1.1237,-0.0133,0.2763,-0.0054,-0.3348,0.0091,0.1423,-0.0055,0.0332,-0.0192,-0.4509,0.0206,1.000,0.000,-0.0048,-0.1156,-0.0054,-0.3348,0.0091,0.1114,0,1.4146,-0.2995,0.3150,1,1.24,0.075,0.249,0.014,SHIFT,-0.3333,-0.4461,1.5702,0.2851,-0.2886,-0.0598,1.4144,0.2733,0.3356,0,0.00,0.006,0.010,0.011,SHIFT,0.2921,-0.5372,1.5708,0.2968,0.2841,-0.0393,1.1132,-0.3907,0.1648,1,5.47,0.564,1.428,0.688,SHIFT,-0.1878,-0.2467,1.5705,-0.0497,-0.3767,-0.1027,1.1235,0.3643,0.1641,1,6.32,0.630,1.656,0.790,SHIFT,0.1276,-0.2359,1.5704,-0.0338,0.3781,-0.1049,0.8523,-0.2084,0.0155,1,0.00,0.001,0.052,0.001,SHIFT,-0.0767,0.0668,1.2644,-0.3437,-0.1918,-0.1574,0.8686,0.1703,0.0216,0,0.00,0.008,0.049,0.003,SHIFT,0.0590,0.0399,1.4337,-0.3230,0.1867,-0.1563
31.011,3304,placemove,1.1257,-0.0132,0.2769,-0.0058,-0.3428,0.0097,0.1072,0.0103,0.0452,-0.0261,-0.4957,0.0266,1.000,0.000,-0.0049,-0.1248,-0.0058,-0.3428,0.0097,0.0623,0,1.4153,-0.3003,0.3149,1,5.01,0.014,1.078,0.150,SHIFT,-0.3412,-0.4344,1.5703,0.2829,-0.2896,-0.0624,1.4168,0.2730,0.3332,0,0.00,0.031,0.089,0.021,SHIFT,0.2938,-0.5151,1.5708,0.2958,0.2837,-0.0443,1.1131,-0.3903,0.1648,1,2.86,0.156,0.757,0.349,SHIFT,-0.2000,-0.2482,1.5704,-0.0530,-0.3762,-0.1024,1.1234,0.3641,0.1641,1,6.31,0.128,1.713,0.699,SHIFT,0.1385,-0.2381,1.5704,-0.0367,0.3780,-0.1045,0.8523,-0.2084,0.0160,0,0.00,0.002,0.029,0.006,SHIFT,-0.0826,0.0533,1.2593,-0.3469,-0.1916,-0.1544,0.8698,0.1702,0.0199,0,0.00,0.007,0.037,0.017,SHIFT,0.0634,0.0406,1.4169,-0.3256,0.1868,-0.1561
31.033,3308,placemove,1.1265,-0.0131,0.2785,-0.0047,-0.3513,0.0105,0.0130,-0.0024,0.1394,0.0737,-0.3289,0.0871,1.000,0.000,-0.0050,-0.1499,-0.0047,-0.3513,0.0105,0.0639,0,1.4156,-0.3003,0.3148,1,7.41,0.461,2.069,1.291,SHIFT,-0.3470,-0.4195,1.5703,0.2811,-0.2899,-0.0657,1.4173,0.2734,0.3346,0,0.00,0.028,0.074,0.013,SHIFT,0.2953,-0.5044,1.5708,0.2951,0.2837,-0.0467,1.1132,-0.3895,0.1647,1,0.00,0.035,0.145,0.019,SHIFT,-0.2096,-0.2476,1.5704,-0.0554,-0.3756,-0.1025,1.1235,0.3635,0.1641,1,10.22,0.866,2.760,1.274,SHIFT,0.1458,-0.2310,1.5704,-0.0385,0.3769,-0.1059,0.8532,-0.2080,0.0150,0,9.55,1.440,2.111,0.542,SHIFT,-0.0870,0.0518,1.2474,-0.3492,-0.1913,-0.1536,0.8726,0.1705,0.0151,0,0.00,0.044,0.156,0.072,SHIFT,0.0655,0.0660,1.3802,-0.3271,0.1870,-0.1604
31.086,3312,placemove,1.1268,-0.0132,0.2825,-0.0042,-0.3458,0.0110,0.0183,-0.0041,0.2306,-0.0170,0.2974,0.0166,1.000,0.000,-0.0044,-0.1591,-0.0042,-0.3458,0.0110,0.1165,0,1.4158,-0.3004,0.3147,1,3.22,0.383,0.681,0.198,STANCE,-0.3509,-0.4101,1.5704,0.2798,-0.2901,-0.0678,1.4174,0.2736,0.3367,0,0.00,0.010,0.015,0.005,STANCE,0.2964,-0.5024,1.5708,0.2949,0.2838,-0.0472,1.1112,-0.3895,0.1683,1,0.00,0.016,0.024,0.002,SWING,-0.2168,-0.2532,1.5705,-0.0575,-0.3758,-0.1014,1.1229,0.3620,0.1656,1,0.00,0.020,0.006,0.002,STANCE,0.1499,-0.2195,1.5705,-0.0393,0.3755,-0.1083,0.8514,-0.2080,0.0186,0,0.00,0.001,0.013,0.022,STANCE,-0.0900,0.0591,1.2316,-0.3506,-0.1910,-0.1545,0.8731,0.1704,0.0143,1,4.95,0.349,0.463,0.354,STANCE,0.0658,0.1004,1.3390,-0.3276,0.1872,-0.1662
31.116,3316,placemove,1.1273,-0.0133,0.2845,-0.0026,-0.3434,0.0116,0.0303,-0.0046,0.0471,0.1564,0.0797,0.1026,1.000,0.000,-0.0039,-0.1432,-0.0026,-0.3434,0.0116,0.1161,0,1.4151,-0.3018,0.3181,1,0.00,0.005,0.014,0.003,STANCE,-0.3568,-0.4246,1.5705,0.2791,-0.2919,-0.0646,1.4177,0.2738,0.3376,0,0.00,0.001,0.004,0.001,STANCE,0.2975,-0.4975,1.5708,0.2945,0.2839,-0.0483,1.1049,-0.3931,0.1780,0,0.00,0.003,0.094,0.003,SWING,-0.2286,-0.3048,1.5706,-0.0616,-0.3799,-0.0906,1.1212,0.3621,0.1684,0,0.00,0.000,0.003,0.001,STANCE,0.1555,-0.2236,1.5706,-0.0409,0.3758,-0.1074,0.8499,-0.2077,0.0210,0,0.00,0.003,0.001,0.013,STANCE,-0.0931,0.0604,1.2215,-0.3521,-0.1908,-0.1544,0.8710,0.1706,0.0180,1,0.00,0.000,0.014,0.016,STANCE,0.0680,0.0902,1.3404,-0.3292,0.1873,-0.1643
31.172,3320,placemove,1.1277,-0.0134,0.2839,-0.0045,-0.3416,0.0116,0.0232,-0.0041,-0.1079,-0.0945,0.1213,-0.0332,1.000,0.000,-0.0034,-0.1402,-0.0045,-0.3416,0.0116,nan,0,1.4138,-0.3036,0.3202,0,0.00,0.003,0.008,0.002,STANCE,-0.3621,-0.4372,1.5706,0.2785,-0.2934,-0.0618,1.4184,0.2737,0.3349,0,0.00,0.000,0.007,0.000,STANCE,0.2986,-0.4911,1.5708,0.2940,0.2839,-0.0498,1.1018,-0.3942,0.1804,0,0.00,0.003,0.007,0.002,SWING,-0.2348,-0.3125,1.5706,-0.0634,-0.3802,-0.0889,1.1198,0.3621,0.1680,0,0.00,0.001,0.002,0.001,STANCE,0.1607,-0.2277,1.5706,-0.0423,0.3760,-0.1066,0.8481,-0.2078,0.0217,0,0.00,0.002,0.004,0.008,STANCE,-0.0962,0.0581,1.2154,-0.3536,-0.1905,-0.1536,0.8682,0.1704,0.0205,0,0.00,0.000,0.015,0.015,STANCE,0.0703,0.0724,1.3493,-0.3309,0.1875,-0.1610
31.191,3324,placemove,1.1281,-0.0135,0.2807,-0.0038,-0.3389,0.0108,0.0287,-0.0261,-0.2363,0.5616,0.1143,-0.0667,1.000,0.000,-0.0040,-0.1541,-0.0038,-0.3389,0.0108,nan,0,1.4129,-0.3051,0.3192,0,0.00,0.147,0.134,0.019,STANCE,-0.3660,-0.4499,1.5706,0.2781,-0.2947,-0.0590,1.4190,0.2735,0.3302,0,0.00,0.197,0.239,0.040,STANCE,0.2992,-0.4887,1.5708,0.2938,0.2839,-0.0503,1.0991,-0.3952,0.1802,0,0.00,0.080,0.216,0.035,SWING,-0.2400,-0.3276,1.5707,-0.0651,-0.3811,-0.0857,1.1190,0.3620,0.1650,0,12.49,1.074,0.852,1.158,STANCE,0.1639,-0.2302,1.5707,-0.0432,0.3761,-0.1061,0.8468,-0.2077,0.0194,0,0.00,0.124,0.134,0.016,STANCE,-0.0981,0.0597,1.2088,-0.3544,-0.1903,-0.1536,0.8663,0.1704,0.0198,0,0.00,0.149,0.135,0.000,STANCE,0.0716,0.0619,1.3545,-0.3319,0.1876,-0.1590
31.257,3328,placemove,1.1291,-0.0140,0.2774,0.0039,-0.3315,0.0078,0.1112,-0.0243,-0.0589,0.0747,0.6347,0.0708,1.000,0.000,-0.0014,-0.1738,0.0039,-0.3315,0.0078,0.1127,0,1.4126,-0.3073,0.3146,1,0.00,0.054,0.042,0.010,STANCE,-0.3684,-0.4660,1.5707,0.2782,-0.2959,-0.0554,1.4203,0.2724,0.3278,0,0.00,0.049,0.015,0.006,STANCE,0.2989,-0.4929,1.5708,0.2940,0.2840,-0.0493,1.0963,-0.3968,0.1782,0,0.00,0.092,0.048,0.004,SWING,-0.2430,-0.3584,1.5707,-0.0665,-0.3834,-0.0791,1.1191,0.3626,0.1648,1,5.28,0.780,0.654,0.116,STANCE,0.1641,-0.2322,1.5708,-0.0433,0.3763,-0.1057,0.8466,-0.2059,0.0147,1,8.28,0.708,0.084,0.865,STANCE,-0.0975,0.0684,1.2020,-0.3540,-0.1903,-0.1552,0.8656,0.1722,0.0191,0,0.00,0.019,0.065,0.010,STANCE,0.0711,0.0653,1.3508,-0.3318,0.1877,-0.1596
31.279,3332,placemove,1.1304,-0.0142,0.2769,0.0037,-0.3247,0.0086,0.0685,-0.0110,-0.0274,-0.0288,0.2479,0.0351,1.000,0.000,0.0013,-0.1624,0.0037,-0.3247,0.0086,0.1123,0,1.4136,-0.3082,0.3145,1,3.56,0.147,0.664,0.018,STANCE,-0.3704,-0.4774,1.5707,0.2781,-0.2967,-0.0528,1.4218,0.2725,0.3263,0,0.00,0.013,0.046,0.008,STANCE,0.2983,-0.4981,1.5708,0.2943,0.2840,-0.0482,1.0923,-0.4021,0.1915,0,0.00,0.008,0.135,0.000,SWING,-0.2367,-0.4251,1.5707,-0.0660,-0.3885,-0.0645,1.1193,0.3626,0.1647,1,4.72,0.094,0.557,0.335,STANCE,0.1640,-0.2347,1.5707,-0.0433,0.3765,-0.1052,0.8467,-0.2059,0.0147,1,4.90,0.127,0.270,0.415,STANCE,-0.0991,0.0771,1.1933,-0.3541,-0.1898,-0.1568,0.8657,0.1721,0.0194,0,0.00,0.013,0.021,0.008,STANCE,0.0696,0.0721,1.3442,-0.3315,0.1880,-0.1608
31.321,3336,placemove,1.1313,-0.0144,0.2765,0.0029,-0.3251,0.0093,0.0481,-0.0057,-0.0171,-0.0485,-0.1514,0.0211,1.000,0.000,0.0024,-0.1371,0.0029,-0.3251,0.0093,0.1119,0,1.4141,-0.3088,0.3145,1,3.71,0.254,0.748,0.023,STANCE,-0.3732,-0.4784,1.5707,0.2775,-0.2972,-0.0526,1.4227,0.2725,0.3251,0,0.00,0.012,0.032,0.008,STANCE,0.2985,-0.4951,1.5708,0.2942,0.2840,-0.0488,1.0962,-0.4081,0.2080,0,0.00,0.016,0.137,0.001,SWING,-0.2016,-0.4918,1.5707,-0.0571,-0.3943,-0.0496,1.1193,0.3627,0.1647,1,4.81,0.165,0.558,0.339,STANCE,0.1659,-0.2386,1.5706,-0.0438,0.3769,-0.1044,0.8467,-0.2059,0.0146,1,4.50,0.190,0.211,0.381,STANCE,-0.1020,0.0747,1.1915,-0.3550,-0.1894,-0.1562,0.8660,0.1720,0.0190,0,0.00,0.012,0.037,0.002,STANCE,0.0693,0.0705,1.3418,-0.3320,0.1883,-0.1605
31.343,3340,placemove,1.1320,-0.0144,0.2763,0.0020,-0.3297,0.0099,0.0353,-0.0014,-0.0106,-0.0472,-0.3165,0.0208,1.000,0.000,0.0024,-0.1226,0.0020,-0.3297,0.0099,0.1117,0,1.4142,-0.3091,0.3145,1,3.68,0.323,0.753,0.034,STANCE,-0.3764,-0.4735,1.5707,0.2766,-0.2976,-0.0537,1.4233,0.2724,0.3242,0,0.00,0.015,0.024,0.008,STANCE,0.2991,-0.4872,1.5708,0.2938,0.2838,-0.0506,1.1064,-0.4139,0.2269,0,0.00,0.024,0.140,0.002,SWING,-0.1455,-0.5585,1.5707,-0.0417,-0.3999,-0.0345,1.1193,0.3628,0.1646,1,4.91,0.253,0.543,0.360,STANCE,0.1689,-0.2428,1.5706,-0.0447,0.3772,-0.1035,0.8468,-0.2059,0.0146,1,4.26,0.191,0.283,0.287,STANCE,-0.1054,0.0658,1.1936,-0.3564,-0.1890,-0.1543,0.8665,0.1720,0.0182,0,0.00,0.011,0.043,0.000,STANCE,0.0697,0.0651,1.3411,-0.3330,0.1887,-0.1594
31.375,3344,placemove,1.1325,-0.0144,0.2762,0.0012,-0.3354,0.0105,0.0269,-0.0000,-0.0068,-0.0364,-0.3390,0.0238,1.000,0.000,0.0020,-0.1158,0.0012,-0.3354,0.0105,0.1116,0,1.4143,-0.3093,0.3145,1,3.68,0.352,0.749,0.031,STANCE,-0.3796,-0.4670,1.5707,0.2757,-0.2979,-0.0551,1.4237,0.2723,0.3234,0,0.00,0.018,0.022,0.008,STANCE,0.2997,-0.4781,1.5708,0.2933,0.2836,-0.0527,1.1186,-0.4178,0.2469,0,0.00,0.030,0.139,0.000,SWING,-0.0854,-0.6251,1.5708,-0.0247,-0.4036,-0.0192,1.1192,0.3630,0.1646,1,5.06,0.313,0.544,0.378,STANCE,0.1720,-0.2465,1.5706,-0.0456,0.3774,-0.1028,0.8468,-0.2059,0.0146,1,3.98,0.158,0.337,0.211,STANCE,-0.1086,0.0552,1.1970,-0.3578,-0.1886,-0.1521,0.8672,0.1720,0.0171,0,0.00,0.010,0.042,0.001,STANCE,0.0702,0.0602,1.3397,-0.3339,0.1890,-0.1584
31.396,3348,placemove,1.1329,-0.0144,0.2761,0.0007,-0.3407,0.0111,0.0207,-0.0007,-0.0048,-0.0235,-0.2924,0.0255,1.000,0.000,0.0014,-0.1138,0.0007,-0.3407,0.0111,0.1115,0,1.4142,-0.3093,0.3145,1,3.66,0.400,0.730,0.026,STANCE,-0.3823,-0.4610,1.5708,0.2749,-0.2981,-0.0565,1.4239,0.2722,0.3228,0,0.00,0.019,0.023,0.007,STANCE,0.3002,-0.4697,1.5708,0.2929,0.2833,-0.0545,1.1281,-0.4197,0.2664,0,0.00,0.028,0.137,0.002,SWING,-0.0354,-0.6918,1.5708,-0.0103,-0.4053,-0.0039,1.1191,0.3631,0.1645,1,5.12,0.365,0.537,0.389,STANCE,0.1746,-0.2493,1.5706,-0.0463,0.3776,-0.1022,0.8468,-0.2058,0.0145,1,3.89,0.136,0.362,0.182,STANCE,-0.1113,0.0453,1.2004,-0.3590,-0.1883,-0.1501,0.8680,0.1719,0.0158,0,0.00,0.011,0.039,0.004,STANCE,0.0707,0.0581,1.3365,-0.3347,0.1892,-0.1578
31.445,3352,placemove,1.1332,-0.0143,0.2763,-0.0004,-0.3430,0.0116,0.0238,0.0128,0.0328,-0.1068,0.0069,-0.0184,1.000,0.000,0.0008,-0.1141,-0.0004,-0.3430,0.0116,0.1490,0,1.4142,-0.3094,0.3145,1,4.36,0.452,0.930,0.176,STANCE,-0.3846,-0.4564,1.5705,0.2742,-0.2983,-0.0575,1.4243,0.2722,0.3220,0,0.00,0.012,0.030,0.009,STANCE,0.3005,-0.4628,1.5708,0.2926,0.2831,-0.0561,1.1394,-0.4198,0.2752,0,0.00,0.047,0.041,0.008,SWING,0.0092,-0.6975,1.5708,0.0027,-0.4055,-0.0026,1.1190,0.3631,0.1645,1,1.35,0.312,0.108,0.043,STANCE,0.1766,-0.2514,1.5707,-0.0469,0.3777,-0.1018,0.8464,-0.2058,0.0152,1,0.00,0.013,0.030,0.006,STANCE,-0.1135,0.0374,1.2031,-0.3600,-0.1880,-0.1484,0.8685,0.1719,0.0148,1,6.06,0.129,0.622,0.309,STANCE,0.0709,0.0591,1.3315,-0.3352,0.1894,-0.1579
31.471,3356,placemove,1.1336,-0.0142,0.2767,-0.0018,-0.3433,0.0119,0.0145,0.0040,0.0037,-0.0138,-0.1441,0.0174,1.000,0.000,-0.0002,-0.1138,-0.0018,-0.3433,0.0119,0.1120,0,1.4143,-0.3094,0.3145,1,2.49,0.006,0.574,0.160,STANCE,-0.3865,-0.4530,1.5705,0.2737,-0.2985,-0.0583,1.4249,0.2721,0.3207,0,0.00,0.004,0.066,0.011,STANCE,0.3007,-0.4573,1.5708,0.2923,0.2829,-0.0573,1.1559,-0.4186,0.2671,0,0.00,0.013,0.105,0.005,SWING,0.0510,-0.6323,1.5708,0.0148,-0.4044,-0.0176,1.1190,0.3632,0.1646,1,3.43,0.006,0.483,0.171,STANCE,0.1781,-0.2526,1.5707,-0.0473,0.3777,-0.1015,0.8455,-0.2058,0.0170,0,0.00,0.014,0.035,0.013,STANCE,-0.1151,0.0310,1.2053,-0.3608,-0.1879,-0.1471,0.8685,0.1719,0.0148,1,0.00,0.004,0.022,0.000,STANCE,0.0712,0.0582,1.3292,-0.3357,0.1896,-0.1577
31.507,3360,placemove,1.1337,-0.0143,0.2765,-0.0011,-0.3472,0.0124,0.0095,-0.0056,-0.0112,0.0504,-0.2108,0.0528,1.000,0.000,-0.0009,-0.1142,-0.0011,-0.3472,0.0124,0.1119,0,1.4142,-0.3095,0.3145,1,4.72,0.378,0.939,0.010,SHIFT,-0.3882,-0.4507,1.5705,0.2732,-0.2987,-0.0588,1.4249,0.2721,0.3207,0,0.00,0.021,0.024,0.007,SHIFT,0.3008,-0.4526,1.5708,0.2921,0.2827,-0.0584,1.1713,-0.4163,0.2560,0,0.00,0.047,0.012,0.013,SHIFT,0.0858,-0.5667,1.5708,0.0247,-0.4021,-0.0326,1.1189,0.3632,0.1646,1,2.67,0.676,0.341,0.033,SHIFT,0.1794,-0.2532,1.5706,-0.0476,0.3777,-0.1014,0.8458,-0.2058,0.0165,0,0.00,0.008,0.044,0.002,SHIFT,-0.1164,0.0259,1.2068,-0.3614,-0.1877,-0.1460,0.8685,0.1719,0.0149,1,5.77,0.260,0.566,0.306,SHIFT,0.0718,0.0513,1.3331,-0.3362,0.1896,-0.1564
31.529,3364,placemove,1.1341,-0.0143,0.2764,-0.0002,-0.3501,0.0130,0.0280,-0.0044,-0.0004,0.0514,-0.1481,0.0481,1.000,0.000,-0.0008,-0.1158,-0.0002,-0.3501,0.0130,0.1118,0,1.4143,-0.3097,0.3145,1,4.33,0.381,0.853,0.008,SHIFT,-0.3905,-0.4492,1.5706,0.2727,-0.2990,-0.0591,1.4248,0.2722,0.3209,0,0.00,0.024,0.024,0.007,SHIFT,0.3018,-0.4494,1.5708,0.2918,0.2828,-0.0591,1.1825,-0.4135,0.2460,0,0.00,0.039,0.002,0.012,SHIFT,0.1083,-0.5127,1.5708,0.0309,-0.3994,-0.0449,1.1187,0.3631,0.1646,1,2.11,0.523,0.287,0.057,SHIFT,0.1817,-0.2532,1.5706,-0.0483,0.3776,-0.1014,0.8461,-0.2058,0.0158,0,0.00,0.011,0.040,0.004,SHIFT,-0.1178,0.0232,1.2047,-0.3622,-0.1876,-0.1453,0.8685,0.1719,0.0148,1,6.56,0.144,0.392,0.541,SHIFT,0.0727,0.0470,1.3335,-0.3369,0.1897,-0.1555
31.567,3368,placemove,1.1347,-0.0144,0.2765,0.0007,-0.3520,0.0134,0.0464,-0.0052,0.0084,0.0451,-0.0916,0.0369,1.000,0.000,-0.0003,-0.1176,0.0007,-0.3520,0.0134,0.1119,0,1.4145,-0.3101,0.3145,1,4.24,0.346,0.849,0.018,SHIFT,-0.3935,-0.4485,1.5706,0.2720,-0.2995,-0.0593,1.4249,0.2725,0.3209,0,0.00,0.021,0.024,0.007,SHIFT,0.3035,-0.4454,1.5708,0.2913,0.2830,-0.0600,1.1911,-0.4107,0.2382,0,0.00,0.036,0.005,0.011,SHIFT,0.1245,-0.4701,1.5708,0.0353,-0.3968,-0.0545,1.1184,0.3629,0.1646,1,2.09,0.505,0.333,0.112,SHIFT,0.1851,-0.2530,1.5706,-0.0492,0.3774,-0.1014,0.8464,-0.2058,0.0151,0,0.00,0.012,0.036,0.009,SHIFT,-0.1194,0.0230,1.1989,-0.3632,-0.1876,-0.1450,0.8686,0.1718,0.0147,1,6.49,0.171,0.355,0.570,SHIFT,0.0740,0.0450,1.3303,-0.3377,0.1897,-0.1550
31.599,3372,placemove,1.1358,-0.0143,0.2768,0.0009,-0.3524,0.0136,0.0684,0.0123,0.0213,0.0110,-0.0002,0.0080,1.000,0.000,0.0003,-0.1188,0.0009,-0.3524,0.0136,0.1496,0,1.4148,-0.3105,0.3145,1,3.35,0.112,0.732,0.073,SHIFT,-0.3970,-0.4484,1.5706,0.2712,-0.3001,-0.0593,1.4255,0.2728,0.3201,0,0.00,0.013,0.028,0.008,SHIFT,0.3059,-0.4403,1.5708,0.2906,0.2832,-0.0611,1.1977,-0.4082,0.2321,0,0.00,0.029,0.011,0.008,SHIFT,0.1357,-0.4362,1.5708,0.0381,-0.3944,-0.0620,1.1183,0.3628,0.1646,1,5.31,1.099,1.202,0.579,SHIFT,0.1895,-0.2528,1.5706,-0.0503,0.3772,-0.1015,0.8465,-0.2057,0.0149,1,3.98,0.885,0.698,0.072,SHIFT,-0.1211,0.0247,1.1899,-0.3643,-0.1875,-0.1449,0.8685,0.1719,0.0148,1,0.00,0.020,0.031,0.009,SHIFT,0.0757,0.0447,1.3238,-0.3388,0.1898,-0.1548
31.640,3376,placemove,1.1370,-0.0141,0.2772,0.0011,-0.3523,0.0135,0.0779,0.0165,0.0267,0.0102,0.0124,0.0009,1.000,0.000,0.0006,-0.1194,0.0011,-0.3523,0.0135,0.1500,0,1.4152,-0.3110,0.3145,1,3.09,0.104,0.678,0.070,SHIFT,-0.4009,-0.4483,1.5707,0.2703,-0.3007,-0.0593,1.4264,0.2733,0.3189,0,0.00,0.011,0.029,0.008,SHIFT,0.3089,-0.4338,1.5708,0.2897,0.2834,-0.0625,1.2028,-0.4058,0.2273,0,0.00,0.034,0.013,0.008,SHIFT,0.1428,-0.4093,1.5708,0.0399,-0.3924,-0.0680,1.1183,0.3628,0.1645,1,5.46,1.020,1.094,0.384,SHIFT,0.1946,-0.2524,1.5702,-0.0516,0.3770,-0.1015,0.8465,-0.2054,0.0148,1,4.00,0.882,0.695,0.065,SHIFT,-0.1228,0.0275,1.1788,-0.3655,-0.1875,-0.1450,0.8685,0.1722,0.0149,1,0.00,0.006,0.029,0.012,SHIFT,0.0776,0.0457,1.3149,-0.3401,0.1898,-0.1547
31.661,3380,placemove,1.1384,-0.0138,0.2777,0.0014,-0.3519,0.0134,0.0851,0.0210,0.0313,0.0107,0.0153,-0.0034,1.000,0.000,0.0009,-0.1194,0.0014,-0.3519,0.0134,0.1505,0,1.4157,-0.3114,0.3144,1,3.14,0.086,0.695,0.078,SHIFT,-0.4052,-0.4482,1.5707,0.2693,-0.3014,-0.0593,1.4274,0.2738,0.3174,0,0.00,0.010,0.028,0.008,SHIFT,0.3123,-0.4261,1.5708,0.2887,0.2837,-0.0643,1.2067,-0.4038,0.2234,0,0.00,0.030,0.017,0.007,SHIFT,0.1468,-0.3878,1.5708,0.0408,-0.3907,-0.0727,1.1183,0.3628,0.1645,1,5.45,0.976,1.096,0.376,SHIFT,0.2003,-0.2519,1.5698,-0.0531,0.3767,-0.1016,0.8466,-0.2051,0.0148,1,3.88,0.858,0.684,0.068,SHIFT,-0.1247,0.0311,1.1661,-0.3669,-0.1875,-0.1451,0.8686,0.1726,0.0150,1,0.00,0.005,0.028,0.014,SHIFT,0.0798,0.0476,1.3042,-0.3415,0.1898,-0.1547
31.698,3384,placemove,1.1399,-0.0134,0.2782,0.0017,-0.3515,0.0131,0.0907,0.0240,0.0350,0.0108,0.0137,-0.0039,1.000,0.000,0.0012,-0.1191,0.0017,-0.3515,0.0131,0.1511,0,1.4162,-0.3119,0.3144,1,3.20,0.069,0.714,0.084,SHIFT,-0.4099,-0.4480,1.5707,0.2682,-0.3022,-0.0594,1.4285,0.2744,0.3157,0,0.00,0.009,0.027,0.008,SHIFT,0.3160,-0.4173,1.5708,0.2875,0.2840,-0.0662,1.2097,-0.4020,0.2203,0,0.00,0.029,0.020,0.006,SHIFT,0.1482,-0.3706,1.5708,0.0410,-0.3894,-0.0764,1.1183,0.3628,0.1645,1,5.42,0.958,1.117,0.398,SHIFT,0.2066,-0.2513,1.5695,-0.0548,0.3763,-0.1017,0.8466,-0.2046,0.0147,1,3.82,0.855,0.660,0.056,SHIFT,-0.1266,0.0351,1.1520,-0.3684,-0.1875,-0.1452,0.8686,0.1731,0.0150,1,0.00,0.005,0.028,0.016,SHIFT,0.0821,0.0501,1.2922,-0.3430,0.1898,-0.1549
31.742,3388,placemove,1.1411,-0.0134,0.2792,0.0036,-0.3518,0.0136,0.0696,-0.0147,0.0714,0.1424,-0.0246,0.0769,1.000,0.000,0.0016,-0.1189,0.0036,-0.3518,0.0136,0.0769,0,1.4168,-0.3124,0.3144,1,0.66,0.042,0.112,0.002,SHIFT,-0.4149,-0.4476,1.5707,0.2671,-0.3030,-0.0595,1.4290,0.2751,0.3149,1,3.88,0.481,0.786,0.048,SHIFT,0.3201,-0.4086,1.5708,0.2862,0.2843,-0.0681,1.2122,-0.4007,0.2177,0,0.00,0.016,0.027,0.007,SHIFT,0.1476,-0.3566,1.5708,0.0407,-0.3884,-0.0795,1.1177,0.3626,0.1652,1,0.00,0.034,0.023,0.001,SHIFT,0.2133,-0.2507,1.5697,-0.0565,0.3759,-0.1019,0.8467,-0.2045,0.0146,1,7.12,0.295,0.551,0.457,SHIFT,-0.1287,0.0395,1.1368,-0.3700,-0.1875,-0.1454,0.8684,0.1733,0.0154,0,0.00,0.016,0.019,0.018,SHIFT,0.0846,0.0541,1.2781,-0.3446,0.1898,-0.1552
31.782,3392,placemove,1.1424,-0.0136,0.2804,0.0057,-0.3521,0.0139,0.0813,-0.0111,0.0651,0.0975,-0.0124,0.0458,1.000,0.000,0.0030,-0.1189,0.0057,-0.3521,0.0139,0.0658,0,1.4173,-0.3132,0.3145,1,1.76,0.126,0.328,0.017,SHIFT,-0.4200,-0.4468,1.5707,0.2659,-0.3038,-0.0597,1.4293,0.2755,0.3148,1,3.49,0.291,0.730,0.041,SHIFT,0.3247,-0.4018,1.5708,0.2850,0.2848,-0.0696,1.2141,-0.3998,0.2154,0,0.00,0.012,0.048,0.008,SHIFT,0.1455,-0.3450,1.5708,0.0399,-0.3875,-0.0820,1.1170,0.3621,0.1664,0,0.00,0.033,0.010,0.001,SHIFT,0.2203,-0.2503,1.5699,-0.0583,0.3754,-0.1019,0.8469,-0.2045,0.0145,1,7.08,0.008,0.545,0.464,SHIFT,-0.1308,0.0445,1.1211,-0.3716,-0.1875,-0.1456,0.8683,0.1733,0.0156,0,0.00,0.025,0.002,0.021,SHIFT,0.0871,0.0608,1.2609,-0.3462,0.1899,-0.1560
31.803,3396,placemove,1.1439,-0.0138,0.2814,0.0070,-0.3523,0.0141,0.0885,-0.0053,0.0600,0.0557,-0.0057,0.0263,1.000,0.000,0.0045,-0.1190,0.0070,-0.3523,0.0141,0.0668,0,1.4178,-0.3141,0.3145,1,1.03,0.055,0.196,0.011,SHIFT,-0.4252,-0.4456,1.5707,0.2646,-0.3047,-0.0599,1.4297,0.2762,0.3148,1,3.68,0.288,0.768,0.043,SHIFT,0.3297,-0.3967,1.5708,0.2837,0.2855,-0.0707,1.2156,-0.3991,0.2136,0,0.00,0.021,0.027,0.005,SHIFT,0.1423,-0.3350,1.5708,0.0389,-0.3868,-0.0841,1.1164,0.3616,0.1673,0,0.00,0.023,0.029,0.001,SHIFT,0.2276,-0.2503,1.5701,-0.0602,0.3749,-0.1020,0.8470,-0.2044,0.0145,1,7.06,0.133,0.559,0.437,SHIFT,-0.1330,0.0501,1.1042,-0.3732,-0.1875,-0.1459,0.8685,0.1734,0.0152,0,0.00,0.012,0.019,0.028,SHIFT,0.0895,0.0697,1.2410,-0.3478,0.1899,-0.1571
31.843,3400,placemove,1.1454,-0.0139,0.2825,0.0076,-0.3517,0.0141,0.0959,-0.0084,0.0593,-0.0030,0.0560,-0.0203,1.000,0.000,0.0057,-0.1190,0.0076,-0.3517,0.0141,0.1178,0,1.4184,-0.3149,0.3145,1,3.39,0.320,0.690,0.037,SHIFT,-0.4305,-0.4442,1.5707,0.2634,-0.3055,-0.0602,1.4302,0.2769,0.3148,1,0.00,0.018,0.002,0.002,SHIFT,0.3350,-0.3936,1.5708,0.2824,0.2863,-0.0714,1.2168,-0.3985,0.2122,0,0.00,0.017,0.035,0.006,SHIFT,0.1382,-0.3262,1.5708,0.0377,-0.3862,-0.0860,1.1159,0.3611,0.1681,0,0.00,0.028,0.010,0.001,SHIFT,0.2350,-0.2505,1.5703,-0.0621,0.3745,-0.1019,0.8470,-0.2045,0.0146,1,0.00,0.002,0.038,0.030,SHIFT,-0.1352,0.0562,1.0863,-0.3749,-0.1875,-0.1463,0.8687,0.1734,0.0148,1,6.29,0.343,0.372,0.507,SHIFT,0.0918,0.0792,1.2204,-0.3494,0.1899,-0.1584
31.864,3404,placemove,1.1469,-0.0140,0.2834,0.0073,-0.3508,0.0138,0.0846,-0.0029,0.0463,-0.0166,0.0442,-0.0181,1.000,0.000,0.0063,-0.1186,0.0073,-0.3508,0.0138,0.1186,0,1.4189,-0.3159,0.3145,1,4.01,0.286,0.844,0.055,STANCE,-0.4353,-0.4427,1.5707,0.2622,-0.3062,-0.0606,1.4309,0.2776,0.3148,1,1.18,0.065,0.224,0.012,STANCE,0.3401,-0.3929,1.5708,0.2813,0.2872,-0.0716,1.2175,-0.3982,0.2112,0,0.00,0.018,0.025,0.004,STANCE,0.1341,-0.3189,1.5708,0.0365,-0.3858,-0.0876,1.1153,0.3610,0.1693,0,0.00,0.011,0.034,0.001,SWING,0.2421,-0.2591,1.5704,-0.0642,0.3748,-0.1002,0.8468,-0.2045,0.0151,1,0.00,0.006,0.023,0.024,STANCE,-0.1372,0.0618,1.0696,-0.3765,-0.1875,-0.1466,0.8689,0.1733,0.0147,1,6.67,0.185,0.646,0.351,STANCE,0.0941,0.0855,1.2036,-0.3510,0.1899,-0.1590
31.894,3408,placemove,1.1482,-0.0140,0.2839,0.0065,-0.3503,0.0135,0.0715,-0.0010,-0.0065,-0.1307,-0.0124,-0.0693,1.000,0.000,0.0065,-0.1180,0.0065,-0.3503,0.0135,0.0689,0,1.4193,-0.3166,0.3145,1,0.88,0.089,0.146,0.001,STANCE,-0.4390,-0.4413,1.5707,0.2613,-0.3067,-0.0609,1.4314,0.2783,0.3151,1,0.00,0.017,0.005,0.001,STANCE,0.3445,-0.3963,1.5708,0.2805,0.2882,-0.0708,1.2181,-0.3979,0.2104,0,0.00,0.011,0.017,0.004,STANCE,0.1309,-0.3130,1.5708,0.0356,-0.3854,-0.0888,1.1098,0.3646,0.1781,0,0.00,0.012,0.080,0.005,SWING,0.2519,-0.3128,1.5705,-0.0680,0.3791,-0.0889,0.8468,-0.2046,0.0153,0,0.00,0.015,0.020,0.014,STANCE,-0.1387,0.0660,1.0567,-0.3777,-0.1875,-0.1467,0.8689,0.1733,0.0149,1,0.00,0.011,0.046,0.011,STANCE,0.0962,0.0861,1.1943,-0.3523,0.1899,-0.1588
31.930,3412,placemove,1.1495,-0.0136,0.2830,0.0020,-0.3502,0.0129,0.0985,0.0419,-0.0525,-0.2936,0.0544,-0.1791,1.000,0.000,0.0053,-0.1177,0.0020,-0.3502,0.0129,0.1683,0,1.4194,-0.3171,0.3145,1,4.28,0.280,0.814,0.030,STANCE,-0.4418,-0.4403,1.5708,0.2606,-0.3071,-0.0611,1.4319,0.2796,0.3159,0,0.00,0.024,0.037,0.005,STANCE,0.3487,-0.4091,1.5708,0.2802,0.2896,-0.0680,1.2183,-0.3977,0.2100,0,0.00,0.034,0.029,0.004,STANCE,0.1285,-0.3086,1.5708,0.0349,-0.3850,-0.0898,1.1023,0.3688,0.1876,0,0.00,0.034,0.134,0.000,SWING,0.2653,-0.3794,1.5705,-0.0729,0.3834,-0.0745,0.8468,-0.2048,0.0149,1,0.03,0.004,0.027,0.014,STANCE,-0.1398,0.0691,1.0467,-0.3786,-0.1875,-0.1468,0.8685,0.1729,0.0149,1,8.41,0.214,0.403,0.635,STANCE,0.0983,0.0757,1.1975,-0.3537,0.1899,-0.1566
31.979,3416,placemove,1.1510,-0.0130,0.2823,-0.0023,-0.3493,0.0121,0.0691,0.0257,-0.0377,-0.1182,-0.0267,-0.0584,1.000,0.000,0.0023,-0.1171,-0.0023,-0.3493,0.0121,0.1175,0,1.4197,-0.3173,0.3145,1,4.46,0.054,0.905,0.034,STANCE,-0.4441,-0.4402,1.5708,0.2601,-0.3075,-0.0611,1.4333,0.2807,0.3150,1,2.00,0.118,0.334,0.029,STANCE,0.3518,-0.4162,1.5708,0.2798,0.2905,-0.0665,1.2185,-0.3973,0.2101,0,0.00,0.004,0.035,0.005,STANCE,0.1265,-0.3062,1.5708,0.0343,-0.3849,-0.0903,1.0948,0.3725,0.1972,0,0.00,0.009,0.143,0.000,SWING,0.2797,-0.4461,1.5706,-0.0780,0.3866,-0.0598,0.8469,-0.2047,0.0150,1,0.00,0.004,0.036,0.014,STANCE,-0.1403,0.0707,1.0393,-0.3794,-0.1877,-0.1467,0.8687,0.1730,0.0148,1,6.87,0.112,0.801,0.233,STANCE,0.1003,0.0679,1.1997,-0.3547,0.1898,-0.1550
32.013,3420,placemove,1.1520,-0.0126,0.2817,-0.0043,-0.3492,0.0116,0.0482,0.0225,-0.0278,-0.0833,-0.0001,-0.0470,1.000,0.000,-0.0006,-0.1166,-0.0043,-0.3492,0.0116,0.1170,0,1.4199,-0.3175,0.3145,1,1.33,0.047,0.222,0.021,STANCE,-0.4461,-0.4410,1.5708,0.2596,-0.3078,-0.0610,1.4340,0.2815,0.3148,1,4.60,0.346,0.825,0.070,STANCE,0.3541,-0.4212,1.5708,0.2796,0.2912,-0.0653,1.2187,-0.3971,0.2100,0,0.00,0.022,0.034,0.004,STANCE,0.1249,-0.3057,1.5708,0.0339,-0.3849,-0.0904,1.0879,0.3755,0.2087,0,0.00,0.013,0.139,0.002,SWING,0.2873,-0.5128,1.5706,-0.0811,0.3894,-0.0448,0.8470,-0.2046,0.0148,1,7.27,0.227,0.724,0.281,STANCE,-0.1405,0.0712,1.0341,-0.3800,-0.1878,-0.1465,0.8686,0.1730,0.0149,1,0.00,0.006,0.040,0.004,STANCE,0.1022,0.0615,1.2017,-0.3556,0.1896,-0.1537
32.055,3424,placemove,1.1527,-0.0122,0.2813,-0.0053,-0.3492,0.0115,0.0368,0.0172,-0.0215,-0.0372,-0.0038,-0.0218,1.000,0.000,-0.0028,-0.1164,-0.0053,-0.3492,0.0115,0.1166,0,1.4200,-0.3177,0.3146,1,1.18,0.044,0.193,0.020,STANCE,-0.4478,-0.4423,1.5707,0.2593,-0.3082,-0.0607,1.4344,0.2822,0.3147,1,4.53,0.396,0.801,0.075,STANCE,0.3558,-0.4244,1.5708,0.2793,0.2917,-0.0646,1.2188,-0.3970,0.2099,0,0.00,0.023,0.036,0.004,STANCE,0.1235,-0.3064,1.5708,0.0335,-0.3850,-0.0902,1.0852,0.3790,0.2226,0,0.00,0.019,0.136,0.001,SWING,0.2759,-0.5794,1.5707,-0.0786,0.3927,-0.0297,0.8470,-0.2046,0.0147,1,7.32,0.294,0.671,0.319,STANCE,-0.1405,0.0709,1.0305,-0.3805,-0.1880,-0.1462,0.8684,0.1730,0.0150,1,0.00,0.009,0.036,0.003,STANCE,0.1039,0.0566,1.2033,-0.3563,0.1893,-0.1527
32.076,3428,placemove,1.1532,-0.0120,0.2810,-0.0058,-0.3492,0.0114,0.0288,0.0129,-0.0167,-0.0119,-0.0046,-0.0081,1.000,0.000,-0.0041,-0.1163,-0.0058,-0.3492,0.0114,0.1163,0,1.4201,-0.3178,0.3146,1,1.18,0.062,0.189,0.022,STANCE,-0.4493,-0.4439,1.5707,0.2590,-0.3085,-0.0603,1.4347,0.2828,0.3146,1,4.48,0.385,0.793,0.075,STANCE,0.3571,-0.4264,1.5708,0.2791,0.2920,-0.0642,1.2188,-0.3969,0.2099,0,0.00,0.023,0.036,0.004,STANCE,0.1223,-0.3076,1.5708,0.0332,-0.3852,-0.0900,1.0884,0.3833,0.2393,0,0.00,0.025,0.136,0.000,SWING,0.2421,-0.6461,1.5707,-0.0696,0.3966,-0.0144,0.8471,-0.2046,0.0146,1,7.23,0.297,0.659,0.316,STANCE,-0.1404,0.0703,1.0280,-0.3809,-0.1882,-0.1459,0.8683,0.1730,0.0151,1,0.00,0.010,0.034,0.002,STANCE,0.1053,0.0531,1.2044,-0.3568,0.1891,-0.1520
32.118,3432,placemove,1.1536,-0.0118,0.2807,-0.0059,-0.3493,0.0114,0.0225,0.0096,-0.0132,-0.0014,-0.0039,-0.0010,1.000,0.000,-0.0049,-0.1163,-0.0059,-0.3493,0.0114,0.0661,0,1.4202,-0.3179,0.3146,1,1.20,0.077,0.191,0.023,STANCE,-0.4506,-0.4454,1.5707,0.2588,-0.3087,-0.0600,1.4349,0.2832,0.3146,1,4.44,0.363,0.790,0.074,STANCE,0.3579,-0.4277,1.5708,0.2790,0.2922,-0.0639,1.2189,-0.3969,0.2099,0,0.00,0.024,0.036,0.004,STANCE,0.1213,-0.3089,1.5708,0.0330,-0.3853,-0.0897,1.0964,0.3873,0.2581,0,0.00,0.031,0.136,0.000,SWING,0.1915,-0.7128,1.5707,-0.0553,0.4002,0.0010,0.8471,-0.2045,0.0145,1,7.12,0.285,0.659,0.304,STANCE,-0.1403,0.0697,1.0261,-0.3812,-0.1884,-0.1456,0.8682,0.1730,0.0150,0,0.00,0.010,0.032,0.000,STANCE,0.1065,0.0516,1.2041,-0.3571,0.1890,-0.1516
32.148,3436,placemove,1.1539,-0.0117,0.2806,-0.0056,-0.3490,0.0114,0.0147,0.0070,-0.0057,0.0132,0.0134,0.0072,1.000,0.000,-0.0051,-0.1163,-0.0056,-0.3490,0.0114,0.1160,0,1.4202,-0.3180,0.3146,1,3.99,0.358,0.701,0.067,STANCE,-0.4516,-0.4468,1.5708,0.2586,-0.3090,-0.0597,1.4350,0.2835,0.3146,1,1.69,0.202,0.262,0.035,STANCE,0.3585,-0.4285,1.5708,0.2789,0.2923,-0.0637,1.2189,-0.3969,0.2098,0,0.00,0.025,0.035,0.004,STANCE,0.1205,-0.3102,1.5708,0.0327,-0.3855,-0.0894,1.1061,0.3899,0.2778,0,0.00,0.035,0.135,0.001,SWING,0.1375,-0.7794,1.5707,-0.0397,0.4022,0.0163,0.8470,-0.2045,0.0146,1,0.25,0.035,0.020,0.021,STANCE,-0.1403,0.0691,1.0244,-0.3815,-0.1885,-0.1453,0.8682,0.1730,0.0149,1,6.68,0.083,0.572,0.387,STANCE,0.1073,0.0523,1.2025,-0.3573,0.1888,-0.1517
32.191,3440,placemove,1.1541,-0.0116,0.2805,-0.0054,-0.3489,0.0115,0.0115,0.0055,-0.0044,0.0089,0.0084,0.0085,1.000,0.000,-0.0051,-0.1161,-0.0054,-0.3489,0.0115,0.1159,0,1.4202,-0.3180,0.3146,1,3.91,0.323,0.694,0.062,STANCE,-0.4525,-0.4479,1.5708,0.2584,-0.3092,-0.0594,1.4351,0.2838,0.3146,1,1.53,0.185,0.236,0.031,STANCE,0.3589,-0.4292,1.5708,0.2788,0.2925,-0.0636,1.2189,-0.3969,0.2098,0,0.00,0.023,0.038,0.004,STANCE,0.1197,-0.3111,1.5708,0.0325,-0.3856,-0.0892,1.1143,0.3905,0.2956,0,0.00,0.038,0.084,0.002,SWING,0.0914,-0.8362,1.5707,-0.0264,0.4024,0.0293,0.8469,-0.2045,0.0146,1,0.56,0.092,0.006,0.042,STANCE,-0.1403,0.0687,1.0230,-0.3817,-0.1886,-0.1451,0.8683,0.1730,0.0148,1,6.30,0.155,0.539,0.359,STANCE,0.1079,0.0528,1.2013,-0.3575,0.1887,-0.1518
32.213,3444,placemove,1.1543,-0.0115,0.2805,-0.0052,-0.3488,0.0116,0.0094,0.0038,-0.0035,0.0032,0.0051,0.0071,1.000,0.000,-0.0050,-0.1160,-0.0052,-0.3488,0.0116,0.1158,0,1.4202,-0.3180,0.3146,1,3.70,0.278,0.662,0.055,STANCE,-0.4533,-0.4486,1.5708,0.2582,-0.3093,-0.0593,1.4351,0.2840,0.3147,1,1.57,0.185,0.253,0.031,STANCE,0.3592,-0.4297,1.5708,0.2788,0.2925,-0.0635,1.2190,-0.3969,0.2097,0,0.00,0.018,0.041,0.005,STANCE,0.1190,-0.3118,1.5708,0.0324,-0.3857,-0.0891,1.1271,0.3920,0.2967,0,0.00,0.051,0.016,0.011,SWING,0.0487,-0.8096,1.5708,-0.0141,0.4040,0.0232,0.8468,-0.2045,0.0147,1,0.65,0.096,0.017,0.058,STANCE,-0.1404,0.0683,1.0220,-0.3819,-0.1886,-0.1449,0.8683,0.1730,0.0147,1,6.03,0.158,0.568,0.305,STANCE,0.1083,0.0531,1.2003,-0.3576,0.1886,-0.1518
32.257,3448,placemove,1.1544,-0.0114,0.2804,-0.0052,-0.3488,0.0117,0.0074,0.0034,-0.0030,-0.0007,0.0026,0.0076,1.000,0.000,-0.0049,-0.1160,-0.0052,-0.3488,0.0117,0.1158,0,1.4203,-0.3181,0.3145,1,3.74,0.302,0.667,0.058,STANCE,-0.4540,-0.4491,1.5709,0.2581,-0.3094,-0.0592,1.4352,0.2841,0.3147,1,1.82,0.218,0.285,0.037,STANCE,0.3593,-0.4301,1.5708,0.2788,0.2926,-0.0634,1.2190,-0.3969,0.2097,0,0.00,0.025,0.035,0.004,STANCE,0.1185,-0.3123,1.5708,0.0322,-0.3857,-0.0890,1.1436,0.3938,0.2864,0,0.00,0.046,0.067,0.002,SWING,0.0076,-0.7429,1.5708,-0.0022,0.4053,0.0079,0.8468,-0.2044,0.0147,1,0.92,0.128,0.001,0.076,STANCE,-0.1406,0.0680,1.0211,-0.3821,-0.1886,-0.1448,0.8683,0.1730,0.0146,1,6.13,0.153,0.550,0.329,STANCE,0.1085,0.0532,1.1996,-0.3577,0.1886,-0.1518
32.278,3452,placemove,1.1546,-0.0114,0.2804,-0.0052,-0.3487,0.0119,0.0112,0.0029,0.0002,-0.0019,0.0025,0.0081,1.000,0.000,-0.0048,-0.1159,-0.0052,-0.3487,0.0119,0.1158,0,1.4203,-0.3181,0.3145,1,3.73,0.327,0.676,0.043,SHIFT,-0.4546,-0.4495,1.5709,0.2579,-0.3096,-0.0591,1.4352,0.2842,0.3147,1,1.70,0.183,0.279,0.027,SHIFT,0.3595,-0.4304,1.5708,0.2788,0.2926,-0.0633,1.2190,-0.3969,0.2097,0,0.00,0.029,0.034,0.004,SHIFT,0.1178,-0.3126,1.5708,0.0321,-0.3858,-0.0889,1.1589,0.3940,0.2756,0,0.00,0.049,0.068,0.003,SHIFT,-0.0274,-0.6763,1.5708,0.0080,0.4053,-0.0075,0.8467,-0.2044,0.0147,1,0.93,0.113,0.003,0.080,SHIFT,-0.1408,0.0678,1.0201,-0.3822,-0.1886,-0.1447,0.8683,0.1730,0.0145,1,6.34,0.194,0.498,0.389,SHIFT,0.1087,0.0534,1.1989,-0.3578,0.1886,-0.1518
32.311,3456,placemove,1.1549,-0.0113,0.2805,-0.0053,-0.3486,0.0120,0.0297,0.0023,0.0096,-0.0003,0.0067,0.0092,1.000,0.000,-0.0048,-0.1158,-0.0053,-0.3486,0.0120,0.1159,0,1.4203,-0.3183,0.3145,1,3.63,0.328,0.740,0.038,SHIFT,-0.4562,-0.4496,1.5708,0.2576,-0.3098,-0.0590,1.4353,0.2845,0.3147,1,1.40,0.111,0.267,0.013,SHIFT,0.3605,-0.4305,1.5708,0.2785,0.2928,-0.0633,1.2189,-0.3969,0.2096,0,0.00,0.028,0.033,0.004,SHIFT,0.1160,-0.3127,1.5708,0.0316,-0.3858,-0.0889,1.1709,0.3930,0.2636,0,0.00,0.038,0.068,0.002,SHIFT,-0.0503,-0.6096,1.5708,0.0146,0.4040,-0.0228,0.8467,-0.2044,0.0147,1,0.44,0.010,0.021,0.049,SHIFT,-0.1414,0.0688,1.0160,-0.3827,-0.1886,-0.1447,0.8683,0.1730,0.0145,1,7.11,0.149,0.448,0.525,SHIFT,0.1092,0.0545,1.1955,-0.3582,0.1886,-0.1519
32.332,3460,placemove,1.1556,-0.0113,0.2807,-0.0052,-0.3485,0.0122,0.0441,0.0008,0.0168,0.0005,0.0107,0.0085,1.000,0.000,-0.0048,-0.1158,-0.0052,-0.3485,0.0122,0.1161,0,1.4204,-0.3186,0.3145,1,3.76,0.363,0.767,0.043,SHIFT,-0.4588,-0.4496,1.5708,0.2570,-0.3102,-0.0590,1.4355,0.2849,0.3147,1,1.38,0.086,0.272,0.016,SHIFT,0.3624,-0.4302,1.5708,0.2781,0.2931,-0.0633,1.2189,-0.3969,0.2095,0,0.00,0.028,0.033,0.004,SHIFT,0.1130,-0.3124,1.5708,0.0307,-0.3859,-0.0890,1.1812,0.3909,0.2513,0,0.00,0.033,0.015,0.013,SHIFT,-0.0668,-0.5441,1.5708,0.0192,0.4017,-0.0377,0.8466,-0.2044,0.0148,1,0.00,0.014,0.031,0.011,SHIFT,-0.1423,0.0709,1.0088,-0.3834,-0.1886,-0.1447,0.8684,0.1730,0.0144,1,7.63,0.174,0.490,0.559,SHIFT,0.1100,0.0565,1.1894,-0.3588,0.1886,-0.1520
32.372,3464,placemove,1.1564,-0.0113,0.2811,-0.0052,-0.3483,0.0123,0.0553,-0.0005,0.0225,0.0015,0.0137,0.0066,1.000,0.000,-0.0047,-0.1157,-0.0052,-0.3483,0.0123,0.1165,0,1.4206,-0.3191,0.3145,1,3.78,0.352,0.775,0.045,SHIFT,-0.4620,-0.4494,1.5708,0.2562,-0.3107,-0.0591,1.4359,0.2853,0.3147,1,1.32,0.067,0.262,0.017,SHIFT,0.3648,-0.4298,1.5708,0.2776,0.2935,-0.0634,1.2188,-0.3970,0.2094,0,0.00,0.027,0.033,0.004,SHIFT,0.1091,-0.3120,1.5708,0.0297,-0.3860,-0.0890,1.1894,0.3883,0.2409,0,0.00,0.030,0.005,0.011,SHIFT,-0.0783,-0.4902,1.5708,0.0223,0.3991,-0.0499,0.8466,-0.2045,0.0148,1,0.00,0.011,0.030,0.015,SHIFT,-0.1435,0.0738,0.9995,-0.3843,-0.1886,-0.1447,0.8684,0.1730,0.0143,1,7.55,0.194,0.496,0.544,SHIFT,0.1111,0.0592,1.1812,-0.3596,0.1886,-0.1522
32.394,3468,placemove,1.1574,-0.0113,0.2815,-0.0052,-0.3481,0.0124,0.0633,-0.0012,0.0267,0.0028,0.0147,0.0061,1.000,0.000,-0.0047,-0.1155,-0.0052,-0.3481,0.0124,0.1169,0,1.4209,-0.3196,0.3145,1,3.79,0.334,0.781,0.046,SHIFT,-0.4657,-0.4492,1.5708,0.2553,-0.3113,-0.0591,1.4362,0.2858,0.3148,1,1.33,0.060,0.264,0.018,SHIFT,0.3678,-0.4292,1.5708,0.2769,0.2940,-0.0636,1.2187,-0.3971,0.2093,0,0.00,0.025,0.033,0.004,SHIFT,0.1047,-0.3114,1.5708,0.0285,-0.3861,-0.0892,1.1956,0.3858,0.2328,0,0.00,0.027,0.003,0.010,SHIFT,-0.0858,-0.4477,1.5708,0.0242,0.3966,-0.0595,0.8467,-0.2045,0.0149,1,0.00,0.011,0.029,0.018,SHIFT,-0.1447,0.0772,0.9884,-0.3853,-0.1886,-0.1448,0.8685,0.1729,0.0143,1,7.41,0.189,0.512,0.515,SHIFT,0.1125,0.0624,1.1715,-0.3606,0.1886,-0.1525
32.431,3472,placemove,1.1586,-0.0114,0.2820,-0.0051,-0.3478,0.0124,0.0683,-0.0018,0.0296,0.0040,0.0144,0.0052,1.000,0.000,-0.0047,-0.1153,-0.0051,-0.3478,0.0124,0.1174,0,1.4211,-0.3202,0.3145,1,3.79,0.320,0.785,0.047,SHIFT,-0.4697,-0.4488,1.5708,0.2544,-0.3119,-0.0592,1.4367,0.2863,0.3148,1,1.34,0.058,0.268,0.019,SHIFT,0.3711,-0.4284,1.5708,0.2762,0.2946,-0.0638,1.2187,-0.3972,0.2091,0,0.00,0.024,0.033,0.004,SHIFT,0.0999,-0.3101,1.5708,0.0272,-0.3861,-0.0895,1.2006,0.3834,0.2262,0,0.00,0.025,0.008,0.009,SHIFT,-0.0906,-0.4121,1.5708,0.0254,0.3943,-0.0673,0.8467,-0.2045,0.0150,1,0.00,0.010,0.028,0.020,SHIFT,-0.1461,0.0812,0.9762,-0.3864,-0.1886,-0.1448,0.8686,0.1729,0.0142,1,7.31,0.184,0.524,0.491,SHIFT,0.1139,0.0660,1.1606,-0.3616,0.1886,-0.1527
32.462,3476,placemove,1.1597,-0.0114,0.2825,-0.0050,-0.3476,0.0125,0.0726,-0.0024,0.0341,0.0049,0.0216,0.0033,1.000,0.000,-0.0046,-0.1151,-0.0050,-0.3476,0.0125,0.0680,0,1.4214,-0.3209,0.3145,1,3.74,0.304,0.775,0.047,SHIFT,-0.4740,-0.4483,1.5708,0.2533,-0.3125,-0.0593,1.4371,0.2868,0.3148,1,1.30,0.045,0.263,0.021,SHIFT,0.3746,-0.4274,1.5708,0.2753,0.2951,-0.0640,1.2189,-0.3970,0.2083,0,0.00,0.024,0.030,0.004,SHIFT,0.0951,-0.3059,1.5708,0.0258,-0.3858,-0.0903,1.2047,0.3811,0.2204,0,0.00,0.024,0.011,0.008,SHIFT,-0.0933,-0.3810,1.5708,0.0259,0.3920,-0.0742,0.8467,-0.2046,0.0151,0,0.00,0.011,0.027,0.021,SHIFT,-0.1475,0.0854,0.9630,-0.3876,-0.1886,-0.1449,0.8688,0.1729,0.0142,1,7.19,0.183,0.511,0.483,SHIFT,0.1155,0.0698,1.1490,-0.3628,0.1886,-0.1530
32.501,3480,placemove,1.1611,-0.0113,0.2828,-0.0059,-0.3471,0.0122,0.0828,0.0052,0.0187,-0.0484,0.0246,-0.0234,1.000,0.000,-0.0047,-0.1149,-0.0059,-0.3471,0.0122,0.0683,0,1.4217,-0.3216,0.3145,1,3.90,0.297,0.811,0.048,SHIFT,-0.4783,-0.4478,1.5708,0.2523,-0.3132,-0.0594,1.4378,0.2875,0.3148,1,1.39,0.057,0.261,0.005,SHIFT,0.3784,-0.4292,1.5708,0.2746,0.2959,-0.0636,1.2192,-0.3966,0.2072,0,0.00,0.023,0.028,0.004,SHIFT,0.0904,-0.2993,1.5708,0.0245,-0.3853,-0.0917,1.2084,0.3789,0.2148,0,0.00,0.021,0.017,0.008,SHIFT,-0.0944,-0.3534,1.5708,0.0260,0.3899,-0.0802,0.8468,-0.2046,0.0152,0,0.00,0.011,0.027,0.022,SHIFT,-0.1490,0.0899,0.9493,-0.3888,-0.1886,-0.1450,0.8689,0.1728,0.0142,1,7.18,0.167,0.554,0.447,SHIFT,0.1172,0.0710,1.1395,-0.3640,0.1886,-0.1528
32.522,3484,placemove,1.1625,-0.0113,0.2832,-0.0066,-0.3468,0.0122,0.0819,0.0043,0.0209,-0.0341,0.0193,-0.0157,1.000,0.000,-0.0052,-0.1145,-0.0066,-0.3468,0.0122,0.0686,0,1.4220,-0.3222,0.3145,1,3.86,0.291,0.806,0.049,SHIFT,-0.4827,-0.4473,1.5707,0.2512,-0.3138,-0.0595,1.4384,0.2882,0.3148,1,1.41,0.063,0.273,0.012,SHIFT,0.3823,-0.4303,1.5708,0.2738,0.2966,-0.0633,1.2198,-0.3960,0.2058,0,0.00,0.023,0.027,0.005,SHIFT,0.0857,-0.2912,1.5708,0.0232,-0.3847,-0.0935,1.2116,0.3769,0.2097,0,0.00,0.021,0.018,0.007,SHIFT,-0.0944,-0.3283,1.5708,0.0258,0.3878,-0.0856,0.8468,-0.2046,0.0154,0,0.00,0.011,0.027,0.022,SHIFT,-0.1504,0.0943,0.9353,-0.3900,-0.1886,-0.1451,0.8690,0.1728,0.0143,1,7.13,0.159,0.552,0.439,SHIFT,0.1189,0.0728,1.1295,-0.3653,0.1886,-0.1527
32.562,3488,placemove,1.1639,-0.0112,0.2835,-0.0071,-0.3464,0.0121,0.0808,0.0033,0.0227,-0.0234,0.0139,-0.0091,1.000,0.000,-0.0057,-0.1142,-0.0071,-0.3464,0.0121,0.0690,0,1.4224,-0.3229,0.3144,1,3.87,0.276,0.812,0.052,SHIFT,-0.4872,-0.4469,1.5707,0.2501,-0.3145,-0.0596,1.4390,0.2890,0.3148,1,1.47,0.067,0.290,0.016,SHIFT,0.3862,-0.4310,1.5708,0.2729,0.2973,-0.0632,1.2205,-0.3952,0.2039,0,0.00,0.021,0.027,0.005,SHIFT,0.0811,-0.2817,1.5708,0.0219,-0.3839,-0.0954,1.2144,0.3748,0.2050,0,0.00,0.020,0.019,0.007,SHIFT,-0.0934,-0.3052,1.5708,0.0254,0.3858,-0.0905,0.8469,-0.2046,0.0154,0,0.00,0.010,0.028,0.022,SHIFT,-0.1518,0.0988,0.9212,-0.3913,-0.1886,-0.1451,0.8691,0.1728,0.0143,1,7.05,0.146,0.570,0.413,SHIFT,0.1206,0.0749,1.1190,-0.3665,0.1886,-0.1526
32.583,3492,placemove,1.1652,-0.0112,0.2839,-0.0073,-0.3462,0.0121,0.0795,0.0014,0.0235,-0.0147,0.0089,-0.0051,1.000,0.000,-0.0062,-0.1139,-0.0073,-0.3462,0.0121,0.0694,0,1.4227,-0.3235,0.3144,1,4.38,0.322,0.914,0.055,SHIFT,-0.4917,-0.4466,1.5707,0.2490,-0.3151,-0.0597,1.4396,0.2896,0.3147,1,1.48,0.064,0.295,0.018,SHIFT,0.3900,-0.4312,1.5708,0.2721,0.2980,-0.0631,1.2213,-0.3943,0.2019,0,0.00,0.021,0.034,0.006,SHIFT,0.0766,-0.2714,1.5708,0.0206,-0.3830,-0.0976,1.2168,0.3729,0.2008,0,0.00,0.025,0.018,0.006,SHIFT,-0.0919,-0.2837,1.5708,0.0248,0.3839,-0.0950,0.8470,-0.2047,0.0155,0,0.00,0.007,0.035,0.024,SHIFT,-0.1531,0.1032,0.9071,-0.3925,-0.1886,-0.1451,0.8692,0.1728,0.0143,1,7.75,0.208,0.637,0.439,SHIFT,0.1224,0.0773,1.1082,-0.3678,0.1886,-0.1525
32.622,3496,placemove,1.1664,-0.0111,0.2842,-0.0076,-0.3460,0.0121,0.0677,0.0034,0.0192,-0.0114,0.0058,0.0017,1.000,0.000,-0.0065,-0.1136,-0.0076,-0.3460,0.0121,0.0697,0,1.4230,-0.3241,0.3144,1,4.08,0.226,0.872,0.065,STANCE,-0.4958,-0.4463,1.5707,0.2481,-0.3157,-0.0598,1.4401,0.2903,0.3147,1,2.38,0.131,0.471,0.029,STANCE,0.3935,-0.4312,1.5708,0.2713,0.2986,-0.0631,1.2222,-0.3933,0.1998,0,0.00,0.019,0.018,0.004,STANCE,0.0727,-0.2602,1.5708,0.0194,-0.3820,-0.0999,1.2189,0.3710,0.1968,0,0.00,0.010,0.038,0.008,STANCE,-0.0903,-0.2636,1.5708,0.0242,0.3820,-0.0992,0.8466,-0.2047,0.0167,0,0.00,0.014,0.016,0.003,SWING,-0.1546,0.0970,0.9044,-0.3938,-0.1886,-0.1433,0.8693,0.1727,0.0144,1,6.88,0.012,0.710,0.290,STANCE,0.1239,0.0795,1.0982,-0.3689,0.1886,-0.1525
32.643,3500,placemove,1.1674,-0.0111,0.2845,-0.0077,-0.3460,0.0122,0.0513,0.0020,0.0152,-0.0054,0.0009,0.0006,1.000,0.000,-0.0067,-0.1135,-0.0077,-0.3460,0.0122,0.0700,0,1.4233,-0.3246,0.3144,1,3.98,0.254,0.837,0.052,STANCE,-0.4990,-0.4462,1.5707,0.2473,-0.3162,-0.0598,1.4405,0.2908,0.3147,1,1.63,0.082,0.326,0.020,STANCE,0.3962,-0.4311,1.5708,0.2707,0.2991,-0.0631,1.2232,-0.3922,0.1976,0,0.00,0.017,0.026,0.005,STANCE,0.0698,-0.2486,1.5708,0.0186,-0.3809,-0.1023,1.2208,0.3691,0.1932,0,0.00,0.019,0.022,0.006,STANCE,-0.0893,-0.2448,1.5708,0.0237,0.3801,-0.1031,0.8416,-0.2049,0.0255,0,0.00,0.008,0.147,0.056,SWING,-0.1572,0.0416,0.9427,-0.3968,-0.1889,-0.1322,0.8694,0.1727,0.0144,1,6.87,0.122,0.633,0.331,STANCE,0.1252,0.0812,1.0904,-0.3698,0.1886,-0.1524
32.689,3504,placemove,1.1682,-0.0110,0.2847,-0.0078,-0.3459,0.0123,0.0400,0.0019,0.0119,-0.0015,-0.0015,0.0029,1.000,0.000,-0.0069,-0.1134,-0.0078,-0.3459,0.0123,0.0702,0,1.4235,-0.3249,0.3144,1,4.00,0.265,0.834,0.046,STANCE,-0.5016,-0.4461,1.5707,0.2466,-0.3166,-0.0598,1.4409,0.2912,0.3147,1,1.64,0.086,0.326,0.019,STANCE,0.3983,-0.4309,1.5708,0.2702,0.2994,-0.0632,1.2241,-0.3910,0.1953,0,0.00,0.018,0.027,0.005,STANCE,0.0678,-0.2366,1.5708,0.0180,-0.3797,-0.1048,1.2226,0.3673,0.1898,0,0.00,0.021,0.022,0.005,STANCE,-0.0888,-0.2269,1.5708,0.0234,0.3782,-0.1068,0.8351,-0.2047,0.0373,0,0.00,0.008,0.145,0.057,SWING,-0.1614,-0.0250,0.9878,-0.3998,-0.1886,-0.1187,0.8695,0.1727,0.0144,1,6.93,0.126,0.622,0.340,STANCE,0.1262,0.0825,1.0843,-0.3705,0.1885,-0.1523
32.711,3508,placemove,1.1688,-0.0110,0.2849,-0.0078,-0.3459,0.0123,0.0345,0.0038,0.0080,-0.0267,0.0249,-0.0158,1.000,0.000,-0.0070,-0.1134,-0.0078,-0.3459,0.0123,0.0704,0,1.4236,-0.3252,0.3144,1,4.08,0.408,0.799,0.018,STANCE,-0.5036,-0.4460,1.5707,0.2462,-0.3169,-0.0598,1.4411,0.2915,0.3147,1,0.00,0.026,0.003,0.002,STANCE,0.3999,-0.4307,1.5708,0.2698,0.2997,-0.0632,1.2252,-0.3897,0.1929,0,0.00,0.020,0.042,0.006,STANCE,0.0665,-0.2242,1.5708,0.0175,-0.3784,-0.1073,1.2242,0.3654,0.1867,0,0.00,0.036,0.007,0.003,STANCE,-0.0886,-0.2098,1.5708,0.0232,0.3764,-0.1103,0.8258,-0.2049,0.0504,0,0.00,0.006,0.165,0.015,SWING,-0.1661,-0.0917,1.0079,-0.4050,-0.1889,-0.1030,0.8695,0.1727,0.0144,1,7.17,0.440,0.482,0.453,STANCE,0.1270,0.0836,1.0796,-0.3710,0.1885,-0.1523
32.756,3512,placemove,1.1692,-0.0110,0.2850,-0.0078,-0.3459,0.0123,0.0242,0.0008,0.0081,0.0017,-0.0005,0.0019,1.000,0.000,-0.0070,-0.1133,-0.0078,-0.3459,0.0123,0.0705,0,1.4237,-0.3254,0.3144,1,3.94,0.307,0.805,0.035,STANCE,-0.5052,-0.4460,1.5707,0.2458,-0.3171,-0.0598,1.4413,0.2917,0.3147,1,1.54,0.074,0.307,0.019,STANCE,0.4012,-0.4305,1.5708,0.2696,0.2999,-0.0633,1.2262,-0.3884,0.1906,0,0.00,0.024,0.025,0.004,STANCE,0.0657,-0.2115,1.5708,0.0172,-0.3770,-0.1099,1.2257,0.3636,0.1836,0,0.00,0.022,0.023,0.005,STANCE,-0.0888,-0.1934,1.5708,0.0231,0.3745,-0.1136,0.8170,-0.2053,0.0641,0,0.00,0.008,0.144,0.031,SWING,-0.1688,-0.1584,1.0313,-0.4087,-0.1894,-0.0873,0.8696,0.1727,0.0144,1,7.08,0.167,0.567,0.387,STANCE,0.1276,0.0844,1.0759,-0.3715,0.1885,-0.1523
32.778,3516,placemove,1.1696,-0.0110,0.2852,-0.0078,-0.3459,0.0123,0.0188,0.0008,0.0064,0.0016,-0.0006,0.0019,1.000,0.000,-0.0071,-0.1133,-0.0078,-0.3459,0.0123,0.0706,0,1.4238,-0.3256,0.3144,1,3.93,0.309,0.801,0.033,STANCE,-0.5065,-0.4460,1.5707,0.2455,-0.3173,-0.0598,1.4415,0.2919,0.3147,1,1.55,0.077,0.308,0.018,STANCE,0.4022,-0.4304,1.5708,0.2693,0.3000,-0.0633,1.2273,-0.3869,0.1881,0,0.00,0.024,0.025,0.004,STANCE,0.0653,-0.1986,1.5708,0.0170,-0.3756,-0.1125,1.2270,0.3618,0.1808,0,0.00,0.024,0.023,0.005,STANCE,-0.0892,-0.1776,1.5708,0.0230,0.3727,-0.1167,0.8138,-0.2056,0.0764,0,0.00,0.006,0.135,0.095,SWING,-0.1663,-0.2250,1.0890,-0.4073,-0.1897,-0.0750,0.8696,0.1726,0.0145,1,7.10,0.178,0.554,0.396,STANCE,0.1281,0.0850,1.0730,-0.3718,0.1885,-0.1523
32.820,3520,placemove,1.1698,-0.0110,0.2853,-0.0078,-0.3459,0.0123,0.0147,0.0006,0.0051,0.0014,-0.0005,0.0017,1.000,0.000,-0.0070,-0.1133,-0.0078,-0.3459,0.0123,0.0707,0,1.4239,-0.3257,0.3144,1,3.95,0.317,0.801,0.030,STANCE,-0.5075,-0.4460,1.5707,0.2452,-0.3174,-0.0598,1.4416,0.2921,0.3147,1,1.54,0.083,0.304,0.017,STANCE,0.4029,-0.4302,1.5708,0.2691,0.3002,-0.0633,1.2283,-0.3854,0.1857,0,0.00,0.024,0.025,0.004,STANCE,0.0653,-0.1855,1.5708,0.0169,-0.3741,-0.1152,1.2283,0.3600,0.1780,0,0.00,0.024,0.024,0.004,STANCE,-0.0897,-0.1622,1.5708,0.0230,0.3709,-0.1198,0.8137,-0.2071,0.0884,0,0.00,0.005,0.135,0.099,SWING,-0.1569,-0.2917,1.1557,-0.4034,-0.1915,-0.0637,0.8696,0.1726,0.0145,1,7.11,0.192,0.554,0.393,STANCE,0.1284,0.0855,1.0708,-0.3721,0.1885,-0.1522
32.843,3524,placemove,1.1700,-0.0109,0.2853,-0.0078,-0.3459,0.0124,0.0115,0.0004,0.0040,0.0012,-0.0003,0.0013,1.000,0.000,-0.0070,-0.1133,-0.0078,-0.3459,0.0124,0.0708,0,1.4239,-0.3258,0.3144,1,3.96,0.318,0.803,0.028,STANCE,-0.5083,-0.4460,1.5706,0.2450,-0.3176,-0.0598,1.4416,0.2922,0.3147,1,1.53,0.084,0.303,0.017,STANCE,0.4036,-0.4301,1.5708,0.2690,0.3003,-0.0634,1.2294,-0.3839,0.1833,0,0.00,0.025,0.025,0.004,STANCE,0.0655,-0.1722,1.5708,0.0169,-0.3726,-0.1178,1.2296,0.3581,0.1753,0,0.00,0.025,0.024,0.004,STANCE,-0.0904,-0.1472,1.5708,0.0230,0.3691,-0.1227,0.8151,-0.2102,0.1007,0,0.00,0.006,0.135,0.099,SWING,-0.1411,-0.3584,1.2224,-0.3981,-0.1949,-0.0527,0.8697,0.1726,0.0145,1,7.12,0.203,0.554,0.392,STANCE,0.1287,0.0859,1.0691,-0.3722,0.1885,-0.1522
32.886,3528,placemove,1.1702,-0.0109,0.2854,-0.0078,-0.3459,0.0124,0.0092,0.0001,0.0031,0.0009,-0.0002,0.0010,1.000,0.000,-0.0070,-0.1133,-0.0078,-0.3459,0.0124,0.0708,0,1.4240,-0.3259,0.3145,1,3.98,0.313,0.805,0.027,STANCE,-0.5089,-0.4460,1.5706,0.2449,-0.3176,-0.0598,1.4417,0.2923,0.3147,1,1.53,0.077,0.304,0.018,STANCE,0.4041,-0.4300,1.5708,0.2689,0.3003,-0.0634,1.2304,-0.3823,0.1808,0,0.00,0.025,0.025,0.004,STANCE,0.0659,-0.1588,1.5708,0.0169,-0.3710,-0.1204,1.2308,0.3563,0.1727,0,0.00,0.025,0.024,0.004,STANCE,-0.0912,-0.1324,1.5708,0.0231,0.3672,-0.1256,0.8175,-0.2138,0.1130,0,0.00,0.009,0.135,0.099,SWING,-0.1231,-0.4251,1.2890,-0.3918,-0.1985,-0.0419,0.8697,0.1726,0.0145,1,7.13,0.206,0.552,0.394,STANCE,0.1290,0.0862,1.0677,-0.3724,0.1885,-0.1522
32.908,3532,placemove,1.1703,-0.0109,0.2854,-0.0077,-0.3459,0.0124,0.0073,0.0001,0.0025,0.0005,-0.0001,0.0006,1.000,0.000,-0.0070,-0.1133,-0.0077,-0.3459,0.0124,0.0708,0,1.4240,-0.3260,0.3145,1,3.97,0.303,0.809,0.030,STANCE,-0.5094,-0.4460,1.5705,0.2448,-0.3177,-0.0598,1.4418,0.2923,0.3147,1,1.50,0.067,0.299,0.019,STANCE,0.4044,-0.4300,1.5708,0.2688,0.3004,-0.0634,1.2315,-0.3807,0.1784,0,0.00,0.025,0.025,0.004,STANCE,0.0665,-0.1454,1.5708,0.0169,-0.3693,-0.1231,1.2319,0.3544,0.1702,0,0.00,0.025,0.024,0.004,STANCE,-0.0921,-0.1179,1.5708,0.0231,0.3654,-0.1284,0.8198,-0.2166,0.1255,0,0.00,0.009,0.147,0.077,SWING,-0.1070,-0.4917,1.3499,-0.3856,-0.2014,-0.0309,0.8697,0.1726,0.0146,1,7.19,0.201,0.552,0.400,STANCE,0.1291,0.0864,1.0666,-0.3725,0.1885,-0.1522
32.950,3536,placemove,1.1704,-0.0109,0.2855,-0.0078,-0.3459,0.0124,0.0057,0.0003,0.0023,0.0003,-0.0005,0.0006,1.000,0.000,-0.0070,-0.1133,-0.0078,-0.3459,0.0124,0.0709,0,1.4240,-0.3260,0.3145,1,3.72,0.326,0.750,0.025,STANCE,-0.5097,-0.4460,1.5705,0.2447,-0.3178,-0.0598,1.4418,0.2924,0.3147,1,1.48,0.110,0.277,0.010,STANCE,0.4047,-0.4300,1.5708,0.2687,0.3005,-0.0634,1.2325,-0.3790,0.1760,0,0.00,0.028,0.018,0.003,STANCE,0.0672,-0.1319,1.5708,0.0170,-0.3676,-0.1257,1.2330,0.3526,0.1676,0,0.00,0.029,0.028,0.004,STANCE,-0.0930,-0.1036,1.5708,0.0232,0.3635,-0.1311,0.8263,-0.2192,0.1279,0,0.00,0.016,0.064,0.051,SWING,-0.0897,-0.4956,1.3976,-0.3785,-0.2040,-0.0345,0.8697,0.1726,0.0146,1,7.28,0.165,0.495,0.454,STANCE,0.1293,0.0866,1.0657,-0.3726,0.1885,-0.1522
32.972,3540,placemove,1.1705,-0.0109,0.2855,-0.0076,-0.3460,0.0124,-0.0044,-0.0010,0.0069,0.0783,-0.0633,0.0481,1.000,0.000,-0.0070,-0.1133,-0.0076,-0.3460,0.0124,0.0709,0,1.4240,-0.3261,0.3145,1,5.78,0.501,1.438,0.384,STANCE,-0.5100,-0.4460,1.5704,0.2446,-0.3178,-0.0598,1.4418,0.2925,0.3147,1,0.00,0.017,0.131,0.020,STANCE,0.4050,-0.4299,1.5707,0.2687,0.3005,-0.0634,1.2335,-0.3773,0.1736,0,0.00,0.026,0.024,0.004,STANCE,0.0680,-0.1183,1.5708,0.0171,-0.3659,-0.1283,1.2341,0.3507,0.1652,0,5.96,0.271,1.580,0.555,STANCE,-0.0940,-0.0894,1.5708,0.0232,0.3616,-0.1338,0.8397,-0.2221,0.1135,0,0.00,0.034,0.136,0.027,SWING,-0.0704,-0.4290,1.4136,-0.3716,-0.2073,-0.0522,0.8697,0.1726,0.0146,1,4.22,0.396,0.301,0.255,STANCE,0.1294,0.0868,1.0650,-0.3727,0.1884,-0.1522
33.011,3544,placemove,1.1703,-0.0110,0.2852,-0.0063,-0.3490,0.0128,0.0019,-0.0004,-0.0390,-0.0328,-0.1138,0.0195,1.000,0.000,-0.0065,-0.1140,-0.0063,-0.3490,0.0128,0.0826,0,1.4240,-0.3260,0.3145,1,5.37,0.964,0.895,0.066,SHIFT,-0.5103,-0.4460,1.5703,0.2446,-0.3179,-0.0598,1.4412,0.2926,0.3159,1,0.00,0.065,0.034,0.011,SHIFT,0.4053,-0.4307,1.5708,0.2686,0.3006,-0.0632,1.2350,-0.3754,0.1706,0,0.00,0.026,0.018,0.000,SHIFT,0.0688,-0.1046,1.5708,0.0172,-0.3641,-0.1309,1.2341,0.3505,0.1652,1,0.00,0.086,0.038,0.005,SHIFT,-0.0938,-0.0889,1.5708,0.0232,0.3615,-0.1339,0.8456,-0.2277,0.1004,0,0.00,0.019,0.056,0.101,SHIFT,-0.0535,-0.3623,1.3804,-0.3696,-0.2120,-0.0656,0.8695,0.1727,0.0147,1,8.06,1.183,0.528,0.392,SHIFT,0.1296,0.0799,1.0705,-0.3730,0.1885,-0.1509
33.045,3548,placemove,1.1709,-0.0109,0.2847,-0.0075,-0.3500,0.0127,0.0463,0.0074,-0.0234,-0.0695,-0.0316,-0.0332,1.000,0.000,-0.0062,-0.1155,-0.0075,-0.3500,0.0127,0.1200,0,1.4240,-0.3262,0.3145,1,4.65,0.265,0.857,0.066,SHIFT,-0.5117,-0.4460,1.5704,0.2442,-0.3181,-0.0598,1.4415,0.2929,0.3155,0,0.00,0.019,0.049,0.008,SHIFT,0.4066,-0.4319,1.5708,0.2684,0.3009,-0.0630,1.2361,-0.3736,0.1679,0,0.00,0.034,0.016,0.003,SHIFT,0.0685,-0.0905,1.5708,0.0170,-0.3623,-0.1336,1.2342,0.3510,0.1650,1,2.31,0.011,0.227,0.173,SHIFT,-0.0919,-0.0932,1.5708,0.0228,0.3622,-0.1331,0.8617,-0.2256,0.0866,0,0.00,0.025,0.000,0.044,SHIFT,-0.0446,-0.3030,1.4216,-0.3596,-0.2098,-0.0827,0.8695,0.1727,0.0147,1,6.96,0.195,0.321,0.539,SHIFT,0.1303,0.0740,1.0734,-0.3735,0.1885,-0.1497
33.099,3552,placemove,1.1718,-0.0108,0.2845,-0.0084,-0.3503,0.0125,0.0600,0.0036,-0.0077,-0.0405,-0.0160,-0.0218,1.000,0.000,-0.0067,-0.1164,-0.0084,-0.3503,0.0125,0.0822,0,1.4242,-0.3265,0.3145,1,4.40,0.303,0.822,0.045,SHIFT,-0.5142,-0.4463,1.5705,0.2436,-0.3184,-0.0598,1.4420,0.2933,0.3152,1,0.00,0.021,0.035,0.006,SHIFT,0.4090,-0.4331,1.5708,0.2679,0.3013,-0.0627,1.2373,-0.3717,0.1654,0,0.00,0.029,0.023,0.003,SHIFT,0.0669,-0.0764,1.5708,0.0164,-0.3604,-0.1362,1.2344,0.3516,0.1649,1,1.95,0.003,0.199,0.145,SHIFT,-0.0886,-0.0974,1.5707,0.0220,0.3628,-0.1323,0.8752,-0.2231,0.0770,0,0.00,0.017,0.012,0.034,SHIFT,-0.0383,-0.2559,1.4538,-0.3512,-0.2074,-0.0954,0.8695,0.1727,0.0147,1,6.70,0.253,0.324,0.512,SHIFT,0.1312,0.0713,1.0710,-0.3743,0.1885,-0.1489
33.126,3556,placemove,1.1726,-0.0110,0.2846,-0.0094,-0.3505,0.0118,0.0704,-0.0041,0.0053,-0.0121,-0.0123,-0.0220,1.000,0.000,-0.0075,-0.1170,-0.0094,-0.3505,0.0118,0.0894,0,1.4238,-0.3274,0.3148,1,1.65,0.187,0.279,0.015,SHIFT,-0.5177,-0.4467,1.5705,0.2428,-0.3190,-0.0597,1.4424,0.2935,0.3150,1,1.93,0.027,0.391,0.018,SHIFT,0.4122,-0.4339,1.5708,0.2672,0.3019,-0.0625,1.2372,-0.3717,0.1650,1,2.94,0.124,0.257,0.258,SHIFT,0.0632,-0.0751,1.5708,0.0155,-0.3603,-0.1365,1.2338,0.3528,0.1663,1,0.00,0.022,0.043,0.001,SHIFT,-0.0835,-0.1098,1.5707,0.0209,0.3645,-0.1299,0.8860,-0.2207,0.0704,0,0.00,0.014,0.017,0.027,SHIFT,-0.0341,-0.2185,1.4791,-0.3441,-0.2051,-0.1049,0.8695,0.1726,0.0147,1,6.11,0.196,0.303,0.464,SHIFT,0.1326,0.0709,1.0645,-0.3754,0.1885,-0.1484
33.167,3560,placemove,1.1739,-0.0110,0.2848,-0.0096,-0.3505,0.0116,0.0785,-0.0009,0.0142,-0.0093,0.0005,-0.0146,1.000,0.000,-0.0081,-0.1173,-0.0096,-0.3505,0.0116,0.0825,0,1.4240,-0.3281,0.3148,1,1.09,0.119,0.182,0.004,SHIFT,-0.5220,-0.4473,1.5706,0.2417,-0.3196,-0.0595,1.4429,0.2940,0.3149,1,2.56,0.090,0.531,0.034,SHIFT,0.4159,-0.4344,1.5708,0.2664,0.3026,-0.0624,1.2372,-0.3720,0.1649,1,3.23,0.060,0.366,0.225,SHIFT,0.0583,-0.0756,1.5708,0.0143,-0.3604,-0.1363,1.2332,0.3544,0.1680,0,0.00,0.021,0.041,0.001,SHIFT,-0.0777,-0.1206,1.5707,0.0195,0.3660,-0.1279,0.8952,-0.2184,0.0656,0,0.00,0.014,0.019,0.021,SHIFT,-0.0316,-0.1889,1.4990,-0.3385,-0.2028,-0.1121,0.8696,0.1726,0.0147,1,5.73,0.002,0.283,0.448,SHIFT,0.1342,0.0722,1.0549,-0.3766,0.1885,-0.1481
33.189,3564,placemove,1.1753,-0.0110,0.2851,-0.0098,-0.3505,0.0115,0.0836,-0.0017,0.0213,-0.0101,0.0058,-0.0134,1.000,0.000,-0.0085,-0.1174,-0.0098,-0.3505,0.0115,0.0828,0,1.4242,-0.3289,0.3148,1,0.00,0.018,0.035,0.006,SHIFT,-0.5269,-0.4476,1.5706,0.2406,-0.3203,-0.0595,1.4434,0.2946,0.3149,1,2.69,0.101,0.570,0.044,SHIFT,0.4201,-0.4346,1.5708,0.2654,0.3033,-0.0624,1.2372,-0.3721,0.1648,1,4.48,0.183,0.475,0.335,SHIFT,0.0528,-0.0758,1.5708,0.0130,-0.3605,-0.1363,1.2329,0.3552,0.1688,0,0.00,0.021,0.036,0.001,SHIFT,-0.0718,-0.1257,1.5707,0.0181,0.3668,-0.1269,0.9028,-0.2163,0.0623,0,0.00,0.012,0.021,0.017,SHIFT,-0.0303,-0.1654,1.5145,-0.3339,-0.2008,-0.1175,0.8697,0.1725,0.0147,1,5.31,0.037,0.262,0.415,SHIFT,0.1359,0.0749,1.0431,-0.3779,0.1885,-0.1480
33.232,3568,placemove,1.1767,-0.0110,0.2855,-0.0100,-0.3503,0.0113,0.0866,-0.0022,0.0270,-0.0131,0.0061,-0.0120,1.000,0.000,-0.0087,-0.1174,-0.0100,-0.3503,0.0113,0.0832,0,1.4244,-0.3298,0.3148,1,0.00,0.015,0.033,0.006,SHIFT,-0.5322,-0.4479,1.5707,0.2393,-0.3210,-0.0594,1.4440,0.2953,0.3148,1,2.76,0.108,0.587,0.047,SHIFT,0.4245,-0.4345,1.5708,0.2644,0.3040,-0.0624,1.2372,-0.3722,0.1648,1,4.46,0.165,0.474,0.336,SHIFT,0.0469,-0.0755,1.5709,0.0115,-0.3605,-0.1364,1.2330,0.3553,0.1687,0,0.00,0.019,0.033,0.001,SHIFT,-0.0660,-0.1263,1.5707,0.0167,0.3670,-0.1268,0.9091,-0.2144,0.0600,0,0.00,0.011,0.023,0.013,SHIFT,-0.0301,-0.1467,1.5267,-0.3304,-0.1989,-0.1217,0.8698,0.1725,0.0147,1,5.09,0.059,0.289,0.370,SHIFT,0.1376,0.0783,1.0298,-0.3792,0.1885,-0.1479
33.254,3572,placemove,1.1782,-0.0111,0.2860,-0.0103,-0.3502,0.0112,0.0881,-0.0024,0.0309,-0.0159,0.0058,-0.0122,1.000,0.000,-0.0090,-0.1173,-0.0103,-0.3502,0.0112,0.0837,0,1.4245,-0.3306,0.3149,1,0.00,0.013,0.033,0.006,SHIFT,-0.5378,-0.4479,1.5707,0.2379,-0.3218,-0.0594,1.4446,0.2959,0.3148,1,2.77,0.104,0.589,0.048,SHIFT,0.4291,-0.4343,1.5708,0.2633,0.3047,-0.0624,1.2372,-0.3723,0.1647,1,4.54,0.230,0.546,0.254,SHIFT,0.0407,-0.0748,1.5711,0.0100,-0.3605,-0.1365,1.2333,0.3550,0.1682,0,0.00,0.020,0.030,0.002,SHIFT,-0.0603,-0.1235,1.5707,0.0152,0.3667,-0.1273,0.9143,-0.2127,0.0584,0,0.00,0.009,0.025,0.010,SHIFT,-0.0307,-0.1318,1.5362,-0.3276,-0.1972,-0.1249,0.8700,0.1725,0.0147,1,4.93,0.032,0.353,0.302,SHIFT,0.1393,0.0823,1.0155,-0.3807,0.1885,-0.1479
33.292,3576,placemove,1.1797,-0.0111,0.2866,-0.0106,-0.3501,0.0111,0.0886,-0.0034,0.0334,-0.0173,0.0046,-0.0120,1.000,0.000,-0.0092,-0.1172,-0.0106,-0.3501,0.0111,0.0843,0,1.4246,-0.3315,0.3150,1,0.00,0.013,0.033,0.006,SHIFT,-0.5435,-0.4478,1.5707,0.2364,-0.3226,-0.0594,1.4451,0.2966,0.3147,1,2.81,0.099,0.602,0.051,SHIFT,0.4337,-0.4339,1.5708,0.2623,0.3055,-0.0625,1.2372,-0.3723,0.1647,1,4.71,0.330,0.645,0.153,SHIFT,0.0344,-0.0739,1.5711,0.0084,-0.3604,-0.1367,1.2338,0.3543,0.1672,0,0.00,0.019,0.028,0.002,SHIFT,-0.0547,-0.1180,1.5708,0.0137,0.3661,-0.1284,0.9187,-0.2113,0.0573,0,0.00,0.009,0.026,0.008,SHIFT,-0.0318,-0.1199,1.5437,-0.3254,-0.1957,-0.1274,0.8701,0.1724,0.0146,1,4.66,0.154,0.458,0.191,SHIFT,0.1410,0.0868,1.0003,-0.3821,0.1885,-0.1480
33.316,3580,placemove,1.1812,-0.0112,0.2871,-0.0109,-0.3500,0.0111,0.0883,-0.0042,0.0355,-0.0170,0.0058,-0.0113,1.000,0.000,-0.0095,-0.1172,-0.0109,-0.3500,0.0111,0.0849,0,1.4247,-0.3324,0.3152,1,0.00,0.014,0.031,0.006,SHIFT,-0.5494,-0.4476,1.5707,0.2350,-0.3234,-0.0595,1.4457,0.2972,0.3147,1,2.84,0.089,0.612,0.055,SHIFT,0.4384,-0.4333,1.5708,0.2612,0.3062,-0.0626,1.2372,-0.3723,0.1646,1,4.98,0.459,0.762,0.044,SHIFT,0.0279,-0.0728,1.5710,0.0069,-0.3603,-0.1369,1.2345,0.3533,0.1659,0,0.00,0.019,0.028,0.002,SHIFT,-0.0492,-0.1104,1.5708,0.0123,0.3652,-0.1298,0.9224,-0.2100,0.0566,0,0.00,0.008,0.028,0.006,SHIFT,-0.0334,-0.1103,1.5490,-0.3238,-0.1944,-0.1294,0.8703,0.1724,0.0146,1,4.61,0.312,0.585,0.086,SHIFT,0.1426,0.0915,0.9846,-0.3836,0.1886,-0.1480
33.368,3584,placemove,1.1827,-0.0112,0.2876,-0.0104,-0.3500,0.0112,0.0909,0.0076,0.0204,0.0821,0.0028,0.0518,1.000,0.000,-0.0097,-0.1171,-0.0104,-0.3500,0.0112,0.0928,0,1.4248,-0.3332,0.3150,1,0.00,0.014,0.036,0.005,SHIFT,-0.5553,-0.4474,1.5707,0.2335,-0.3242,-0.0595,1.4461,0.2979,0.3148,1,0.00,0.008,0.028,0.006,SHIFT,0.4431,-0.4327,1.5708,0.2601,0.3069,-0.0628,1.2372,-0.3725,0.1646,1,6.13,0.246,0.578,0.531,SHIFT,0.0213,-0.0741,1.5709,0.0052,-0.3606,-0.1366,1.2350,0.3526,0.1649,1,4.89,0.421,0.774,0.028,SHIFT,-0.0437,-0.1049,1.5707,0.0109,0.3645,-0.1308,0.9254,-0.2090,0.0559,0,0.00,0.007,0.032,0.002,SHIFT,-0.0353,-0.1026,1.5512,-0.3229,-0.1934,-0.1310,0.8704,0.1724,0.0147,1,1.37,0.195,0.130,0.068,SHIFT,0.1442,0.0965,0.9688,-0.3850,0.1886,-0.1481
33.391,3588,placemove,1.1839,-0.0111,0.2879,-0.0094,-0.3520,0.0119,0.0457,0.0064,0.0057,0.0589,-0.1809,0.0312,1.000,0.000,-0.0093,-0.1173,-0.0094,-0.3520,0.0119,0.0928,0,1.4252,-0.3336,0.3149,1,0.61,0.104,0.073,0.012,STANCE,-0.5608,-0.4470,1.5707,0.2321,-0.3249,-0.0596,1.4461,0.2989,0.3154,1,0.00,0.016,0.029,0.003,STANCE,0.4473,-0.4322,1.5708,0.2591,0.3075,-0.0629,1.2374,-0.3728,0.1647,1,5.87,0.097,0.841,0.290,STANCE,0.0150,-0.0773,1.5709,0.0037,-0.3610,-0.1360,1.2350,0.3526,0.1648,1,6.19,0.160,0.964,0.157,STANCE,-0.0384,-0.1029,1.5706,0.0096,0.3643,-0.1312,0.9283,-0.2081,0.0547,0,0.00,0.030,0.045,0.003,STANCE,-0.0372,-0.0961,1.5515,-0.3223,-0.1925,-0.1322,0.8702,0.1725,0.0152,1,0.00,0.028,0.041,0.005,SWING,0.1457,0.0910,0.9644,-0.3865,0.1887,-0.1464
33.441,3592,placemove,1.1843,-0.0109,0.2880,-0.0087,-0.3557,0.0120,0.0181,0.0181,-0.0120,0.0369,-0.2296,0.0180,1.000,0.000,-0.0087,-0.1205,-0.0087,-0.3557,0.0120,0.0731,0,1.4246,-0.3339,0.3152,1,0.00,0.010,0.025,0.005,STANCE,-0.5650,-0.4469,1.5708,0.2311,-0.3254,-0.0596,1.4456,0.2997,0.3165,0,0.00,0.008,0.031,0.006,STANCE,0.4505,-0.4325,1.5708,0.2583,0.3081,-0.0628,1.2371,-0.3727,0.1647,1,1.59,0.328,0.130,0.087,STANCE,0.0102,-0.0794,1.5708,0.0025,-0.3613,-0.1357,1.2349,0.3527,0.1648,1,1.74,0.312,0.124,0.132,STANCE,-0.0346,-0.1013,1.5706,0.0086,0.3642,-0.1315,0.9307,-0.2071,0.0523,0,0.00,0.012,0.032,0.001,STANCE,-0.0385,-0.0867,1.5485,-0.3217,-0.1919,-0.1340,0.8681,0.1730,0.0183,0,0.00,0.005,0.035,0.004,SWING,0.1471,0.0703,0.9747,-0.3881,0.1889,-0.1420
33.462,3596,placemove,1.1845,-0.0106,0.2868,-0.0083,-0.3600,0.0121,-0.0014,0.0172,-0.0735,0.0198,-0.2945,0.0116,1.000,0.000,-0.0081,-0.1402,-0.0083,-0.3600,0.0121,0.0718,0,1.4241,-0.3341,0.3153,1,0.00,0.007,0.049,0.006,STANCE,-0.5674,-0.4502,1.5708,0.2306,-0.3259,-0.0589,1.4451,0.3005,0.3172,0,0.00,0.006,0.051,0.006,STANCE,0.4522,-0.4368,1.5708,0.2581,0.3086,-0.0619,1.2368,-0.3735,0.1649,1,7.32,0.300,0.698,0.630,STANCE,0.0075,-0.0880,1.5708,0.0018,-0.3625,-0.1340,1.2346,0.3539,0.1649,1,7.19,0.303,0.705,0.606,STANCE,-0.0325,-0.1079,1.5706,0.0081,0.3650,-0.1303,0.9340,-0.2062,0.0473,0,0.00,0.005,0.017,0.018,STANCE,-0.0385,-0.0669,1.5376,-0.3208,-0.1914,-0.1375,0.8690,0.1733,0.0161,0,0.00,0.004,0.034,0.005,SWING,0.1475,0.0701,0.9721,-0.3885,0.1889,-0.1418
33.513,3600,placemove,1.1841,-0.0103,0.2859,-0.0081,-0.3618,0.0125,-0.0275,0.0173,-0.0684,0.0080,0.0745,0.0530,1.000,0.000,-0.0077,-0.1653,-0.0081,-0.3618,0.0125,0.1704,0,1.4233,-0.3342,0.3167,0,0.00,0.016,0.089,0.013,STANCE,-0.5677,-0.4594,1.5708,0.2307,-0.3264,-0.0568,1.4440,0.3015,0.3193,0,0.00,0.046,0.055,0.007,STANCE,0.4523,-0.4479,1.5708,0.2584,0.3091,-0.0594,1.2369,-0.3738,0.1648,1,3.82,0.310,0.290,0.324,STANCE,0.0087,-0.0921,1.5708,0.0022,-0.3630,-0.1333,1.2346,0.3545,0.1648,1,2.88,0.619,0.292,0.091,STANCE,-0.0341,-0.1109,1.5707,0.0085,0.3654,-0.1297,0.9377,-0.2057,0.0412,0,0.00,0.025,0.072,0.021,STANCE,-0.0366,-0.0363,1.5191,-0.3192,-0.1911,-0.1431,0.8668,0.1736,0.0171,1,0.00,0.051,0.022,0.062,SWING,0.1487,0.0554,0.9787,-0.3898,0.1890,-0.1386
33.554,3604,placemove,1.1836,-0.0102,0.2843,-0.0029,-0.3622,0.0139,-0.0448,-0.0164,-0.0295,0.4909,0.0386,0.4004,1.000,0.000,-0.0069,-0.1854,-0.0029,-0.3622,0.0139,0.2697,0,1.4231,-0.3341,0.3167,0,0.00,0.097,0.260,0.044,STANCE,-0.5667,-0.4720,1.5708,0.2313,-0.3269,-0.0540,1.4422,0.3027,0.3221,0,0.00,0.002,0.060,0.003,STANCE,0.4515,-0.4627,1.5708,0.2591,0.3097,-0.0561,1.2353,-0.3770,0.1672,0,0.00,0.120,0.280,0.019,STANCE,0.0079,-0.1275,1.5708,0.0020,-0.3676,-0.1265,1.2316,0.3587,0.1695,0,0.00,0.008,0.013,0.024,STANCE,-0.0341,-0.1415,1.5707,0.0087,0.3693,-0.1238,0.9413,-0.2049,0.0348,0,0.00,0.131,0.105,0.022,STANCE,-0.0340,-0.0100,1.5054,-0.3174,-0.1908,-0.1478,0.8683,0.1741,0.0146,1,6.38,0.297,2.048,0.775,SWING,0.1462,0.0626,0.9847,-0.3879,0.1891,-0.1409
33.586,3608,placemove,1.1826,-0.0106,0.2844,0.0023,-0.3619,0.0183,-0.0750,-0.0245,0.0055,0.1902,0.0422,0.3623,1.000,0.000,-0.0033,-0.2085,0.0023,-0.3619,0.0183,0.2698,0,1.4238,-0.3335,0.3183,0,0.00,0.019,0.050,0.004,STANCE,-0.5646,-0.4872,1.5708,0.2322,-0.3273,-0.0506,1.4386,0.3044,0.3280,0,0.00,0.009,0.035,0.000,STANCE,0.4501,-0.4819,1.5708,0.2600,0.3103,-0.0518,1.2342,-0.3810,0.1719,0,0.00,0.020,0.067,0.003,STANCE,0.0085,-0.1626,1.5708,0.0022,-0.3720,-0.1197,1.2264,0.3629,0.1773,0,0.00,0.011,0.042,0.005,STANCE,-0.0354,-0.1713,1.5707,0.0091,0.3729,-0.1180,0.9446,-0.2051,0.0312,0,0.00,0.013,0.021,0.011,STANCE,-0.0312,0.0094,1.4990,-0.3153,-0.1905,-0.1513,0.8719,0.1736,0.0146,1,2.09,0.051,0.679,0.342,SWING,0.1385,0.0656,1.0203,-0.3822,0.1894,-0.1442
33.606,3612,placemove,1.1811,-0.0111,0.2843,0.0034,-0.3611,0.0239,-0.0964,-0.0275,-0.0196,-0.0234,0.0462,0.3720,1.000,0.000,0.0002,-0.2304,0.0034,-0.3611,0.0239,0.2696,0,1.4242,-0.3329,0.3214,0,0.00,0.023,0.045,0.003,STANCE,-0.5612,-0.5040,1.5708,0.2334,-0.3276,-0.0468,1.4344,0.3061,0.3333,0,0.00,0.004,0.038,0.000,STANCE,0.4487,-0.5048,1.5708,0.2610,0.3111,-0.0467,1.2338,-0.3842,0.1765,0,0.00,0.024,0.056,0.002,STANCE,0.0116,-0.1888,1.5708,0.0030,-0.3750,-0.1145,1.2215,0.3658,0.1828,0,0.00,0.006,0.042,0.003,STANCE,-0.0381,-0.1964,1.5707,0.0099,0.3757,-0.1130,0.9478,-0.2062,0.0279,0,0.00,0.016,0.017,0.017,STANCE,-0.0273,0.0335,1.4892,-0.3129,-0.1903,-0.1557,0.8791,0.1729,0.0147,1,2.12,0.008,0.677,0.376,SWING,0.1228,0.0645,1.0841,-0.3726,0.1905,-0.1481
33.640,3616,placemove,1.1791,-0.0115,0.2847,0.0045,-0.3515,0.0314,-0.1298,-0.0284,0.0301,0.0197,0.5759,0.4571,1.000,0.000,0.0022,-0.2477,0.0045,-0.3515,0.0314,0.2700,0,1.4249,-0.3317,0.3237,0,0.00,0.014,0.056,0.005,SHIFT,-0.5574,-0.5219,1.5708,0.2348,-0.3278,-0.0428,1.4292,0.3082,0.3371,0,0.00,0.013,0.052,0.003,SHIFT,0.4484,-0.5290,1.5708,0.2617,0.3119,-0.0412,1.2336,-0.3865,0.1804,0,0.00,0.018,0.051,0.001,SHIFT,0.0160,-0.2084,1.5708,0.0042,-0.3772,-0.1105,1.2149,0.3680,0.1874,0,0.00,0.020,0.040,0.002,SHIFT,-0.0405,-0.2169,1.5707,0.0107,0.3780,-0.1088,0.9492,-0.2081,0.0265,0,0.00,0.008,0.004,0.019,SHIFT,-0.0224,0.0603,1.4758,-0.3104,-0.1902,-0.1605,0.8878,0.1719,0.0147,1,2.05,0.082,0.652,0.317,SHIFT,0.1023,0.0873,1.1391,-0.3601,0.1915,-0.1564
33.660,3620,placemove,1.1768,-0.0120,0.2852,0.0055,-0.3422,0.0380,-0.1454,-0.0220,0.0218,0.0553,0.5275,0.3828,1.000,0.000,0.0036,-0.2585,0.0055,-0.3422,0.0380,0.2705,0,1.4251,-0.3306,0.3258,0,0.00,0.009,0.051,0.004,SHIFT,-0.5540,-0.5388,1.5708,0.2360,-0.3279,-0.0389,1.4234,0.3105,0.3403,0,0.00,0.018,0.056,0.005,SHIFT,0.4506,-0.5515,1.5708,0.2616,0.3130,-0.0361,1.2331,-0.3881,0.1834,0,0.00,0.013,0.041,0.001,SHIFT,0.0205,-0.2231,1.5708,0.0054,-0.3788,-0.1076,1.2080,0.3696,0.1909,0,0.00,0.026,0.044,0.000,SHIFT,-0.0403,-0.2328,1.5708,0.0107,0.3797,-0.1056,0.9497,-0.2101,0.0254,0,0.00,0.000,0.009,0.022,SHIFT,-0.0170,0.0869,1.4594,-0.3081,-0.1905,-0.1651,0.8938,0.1701,0.0147,1,2.23,0.157,0.677,0.290,SHIFT,0.0874,0.1114,1.1758,-0.3501,0.1916,-0.1635
33.694,3624,placemove,1.1744,-0.0123,0.2841,0.0095,-0.3303,0.0429,-0.1464,-0.0157,-0.1286,0.3053,0.8587,0.3545,1.000,0.000,0.0051,-0.2643,0.0095,-0.3303,0.0429,0.2694,0,1.4250,-0.3296,0.3250,0,0.00,0.005,0.017,0.008,SHIFT,-0.5506,-0.5539,1.5708,0.2371,-0.3280,-0.0355,1.4174,0.3127,0.3417,0,0.00,0.014,0.019,0.002,SHIFT,0.4554,-0.5710,1.5708,0.2608,0.3143,-0.0316,1.2322,-0.3890,0.1836,0,0.00,0.008,0.012,0.005,SHIFT,0.0249,-0.2342,1.5708,0.0066,-0.3800,-0.1053,1.2006,0.3709,0.1930,0,0.00,0.012,0.032,0.002,SHIFT,-0.0373,-0.2446,1.5708,0.0099,0.3809,-0.1032,0.9488,-0.2115,0.0233,0,0.00,0.018,0.010,0.028,SHIFT,-0.0109,0.1112,1.4419,-0.3062,-0.1910,-0.1694,0.8966,0.1686,0.0148,1,0.87,0.113,0.199,0.088,SHIFT,0.0778,0.1341,1.1992,-0.3425,0.1909,-0.1692
33.713,3628,placemove,1.1720,-0.0125,0.2806,0.0186,-0.3141,0.0449,-0.1335,-0.0118,-0.2688,0.5983,1.0768,0.2554,1.000,0.000,0.0088,-0.2647,0.0186,-0.3141,0.0449,0.2659,0,1.4250,-0.3287,0.3184,0,0.00,0.002,0.016,0.005,SHIFT,-0.5471,-0.5657,1.5708,0.2382,-0.3279,-0.0328,1.4117,0.3147,0.3401,0,0.00,0.025,0.019,0.001,SHIFT,0.4628,-0.5868,1.5708,0.2593,0.3159,-0.0280,1.2307,-0.3890,0.1786,0,0.00,0.002,0.010,0.004,SHIFT,0.0291,-0.2419,1.5708,0.0077,-0.3807,-0.1037,1.1927,0.3723,0.1937,0,0.00,0.023,0.031,0.001,SHIFT,-0.0311,-0.2536,1.5708,0.0083,0.3819,-0.1013,0.9460,-0.2115,0.0193,0,0.00,0.007,0.008,0.026,SHIFT,-0.0046,0.1320,1.4246,-0.3046,-0.1919,-0.1730,0.8959,0.1681,0.0148,1,2.30,0.076,0.004,0.215,SHIFT,0.0731,0.1534,1.2134,-0.3371,0.1897,-0.1736
33.760,3632,placemove,1.1706,-0.0125,0.2791,0.0230,-0.3069,0.0448,-0.0711,0.0111,0.0238,0.0579,0.2249,-0.0070,1.000,0.000,0.0148,-0.2577,0.0230,-0.3069,0.0448,0.1146,0,1.4248,-0.3282,0.3145,1,0.00,0.067,0.063,0.010,SHIFT,-0.5433,-0.5728,1.5705,0.2393,-0.3275,-0.0312,1.4071,0.3164,0.3396,0,0.00,0.019,0.051,0.009,SHIFT,0.4727,-0.5989,1.5708,0.2571,0.3177,-0.0252,1.2296,-0.3889,0.1753,0,0.00,0.024,0.058,0.003,SHIFT,0.0327,-0.2457,1.5708,0.0087,-0.3811,-0.1029,1.1869,0.3734,0.1941,0,0.00,0.034,0.040,0.002,SHIFT,-0.0217,-0.2616,1.5708,0.0058,0.3828,-0.0996,0.9445,-0.2115,0.0156,0,0.00,0.006,0.012,0.021,SHIFT,0.0012,0.1495,1.4072,-0.3035,-0.1928,-0.1761,0.8954,0.1680,0.0146,1,3.52,0.366,0.984,0.337,SHIFT,0.0721,0.1639,1.2223,-0.3341,0.1885,-0.1760
33.787,3636,placemove,1.1697,-0.0121,0.2794,0.0210,-0.3060,0.0435,-0.0254,0.0332,0.0146,-0.2368,-0.1026,-0.2061,1.000,0.000,0.0181,-0.2169,0.0210,-0.3060,0.0435,0.1647,0,1.4243,-0.3277,0.3144,1,7.65,1.223,1.692,1.285,SHIFT,-0.5406,-0.5685,1.5704,0.2399,-0.3271,-0.0322,1.4035,0.3183,0.3390,0,0.00,0.051,0.029,0.010,SHIFT,0.4855,-0.6012,1.5708,0.2540,0.3197,-0.0247,1.2283,-0.3889,0.1763,0,0.00,0.027,0.040,0.001,SHIFT,0.0337,-0.2467,1.5708,0.0090,-0.3812,-0.1027,1.1825,0.3742,0.1942,0,0.00,0.068,0.036,0.003,SHIFT,-0.0076,-0.2686,1.5708,0.0020,0.3835,-0.0982,0.9435,-0.2122,0.0150,1,0.00,0.007,0.018,0.010,SHIFT,0.0049,0.1566,1.3944,-0.3036,-0.1939,-0.1773,0.8960,0.1668,0.0146,1,6.71,1.298,1.395,0.317,SHIFT,0.0762,0.1648,1.2326,-0.3331,0.1868,-0.1765
33.837,3640,placemove,1.1699,-0.0113,0.2797,0.0151,-0.3124,0.0403,0.0248,0.0567,0.0080,-0.3165,-0.4739,-0.3491,1.000,0.000,0.0177,-0.1689,0.0151,-0.3124,0.0403,0.1153,0,1.4236,-0.3273,0.3144,1,0.00,0.018,0.073,0.009,SHIFT,-0.5402,-0.5508,1.5704,0.2397,-0.3265,-0.0362,1.4016,0.3203,0.3355,0,0.00,0.032,0.005,0.003,SHIFT,0.5017,-0.5888,1.5708,0.2499,0.3219,-0.0275,1.2264,-0.3890,0.1787,0,0.00,0.027,0.037,0.007,SHIFT,0.0304,-0.2468,1.5708,0.0081,-0.3812,-0.1027,1.1795,0.3748,0.1922,0,0.00,0.025,0.047,0.006,SHIFT,0.0125,-0.2742,1.5708,-0.0034,0.3841,-0.0970,0.9419,-0.2133,0.0161,0,0.00,0.046,0.034,0.001,SHIFT,0.0059,0.1448,1.3919,-0.3057,-0.1954,-0.1752,0.8963,0.1655,0.0145,1,1.67,0.318,0.235,0.064,SHIFT,0.0856,0.1471,1.2479,-0.3349,0.1850,-0.1733
33.858,3644,placemove,1.1708,-0.0102,0.2802,0.0078,-0.3223,0.0357,0.0757,0.0811,0.0252,-0.4091,-0.5989,-0.4426,1.000,0.000,0.0141,-0.1416,0.0078,-0.3223,0.0357,0.1158,0,1.4229,-0.3270,0.3142,1,6.22,1.149,1.380,1.011,SHIFT,-0.5414,-0.5281,1.5703,0.2390,-0.3259,-0.0413,1.4009,0.3223,0.3303,0,0.00,0.030,0.007,0.008,SHIFT,0.5199,-0.5683,1.5708,0.2450,0.3241,-0.0322,1.2243,-0.3891,0.1819,0,0.00,0.031,0.031,0.001,SHIFT,0.0249,-0.2480,1.5708,0.0066,-0.3814,-0.1025,1.1777,0.3753,0.1891,0,0.00,0.037,0.028,0.002,SHIFT,0.0354,-0.2776,1.5708,-0.0095,0.3842,-0.0963,0.9403,-0.2142,0.0180,0,0.00,0.002,0.056,0.007,SHIFT,0.0063,0.1249,1.3925,-0.3085,-0.1971,-0.1716,0.8965,0.1646,0.0145,1,5.59,1.081,1.130,0.265,SHIFT,0.0978,0.1215,1.2627,-0.3382,0.1830,-0.1686
33.894,3648,placemove,1.1724,-0.0086,0.2805,0.0002,-0.3310,0.0302,0.1133,0.1027,0.0168,-0.4350,-0.4616,-0.4944,1.000,0.000,0.0087,-0.1280,0.0002,-0.3310,0.0302,0.1162,0,1.4223,-0.3266,0.3141,1,6.46,1.179,1.439,1.052,SHIFT,-0.5435,-0.5069,1.5703,0.2380,-0.3254,-0.0461,1.4014,0.3243,0.3239,0,0.00,0.027,0.012,0.007,SHIFT,0.5385,-0.5452,1.5708,0.2400,0.3260,-0.0375,1.2221,-0.3890,0.1853,0,0.00,0.035,0.039,0.001,SHIFT,0.0189,-0.2509,1.5708,0.0050,-0.3817,-0.1019,1.1771,0.3757,0.1850,0,0.00,0.032,0.023,0.002,SHIFT,0.0587,-0.2782,1.5708,-0.0158,0.3840,-0.0962,0.9388,-0.2148,0.0202,0,0.00,0.008,0.062,0.003,SHIFT,0.0072,0.1047,1.3918,-0.3115,-0.1991,-0.1679,0.8968,0.1641,0.0145,1,5.69,1.075,1.193,0.285,SHIFT,0.1112,0.0963,1.2733,-0.3420,0.1809,-0.1638
33.914,3652,placemove,1.1746,-0.0067,0.2806,-0.0079,-0.3363,0.0244,0.1461,0.1197,-0.0007,-0.4707,-0.2301,-0.5169,1.000,0.000,0.0022,-0.1216,-0.0079,-0.3363,0.0244,0.1164,0,1.4218,-0.3263,0.3140,1,10.11,1.825,2.171,1.604,SHIFT,-0.5463,-0.4900,1.5702,0.2369,-0.3250,-0.0500,1.4031,0.3261,0.3164,0,0.00,0.010,0.009,0.008,SHIFT,0.5564,-0.5221,1.5708,0.2350,0.3277,-0.0427,1.2200,-0.3886,0.1886,0,0.00,0.084,0.085,0.008,SHIFT,0.0131,-0.2534,1.5708,0.0035,-0.3820,-0.1013,1.1775,0.3760,0.1800,0,0.00,0.022,0.002,0.002,SHIFT,0.0811,-0.2757,1.5708,-0.0218,0.3833,-0.0967,0.9371,-0.2150,0.0227,0,0.00,0.058,0.064,0.002,SHIFT,0.0087,0.0876,1.3882,-0.3142,-0.2011,-0.1646,0.8971,0.1639,0.0144,1,7.54,1.385,1.707,0.414,SHIFT,0.1246,0.0755,1.2787,-0.3458,0.1786,-0.1597
33.951,3656,placemove,1.1764,-0.0058,0.2817,-0.0036,-0.3495,0.0188,0.0956,0.0385,0.0562,0.3408,-0.7478,-0.1817,1.000,0.000,-0.0024,-0.1204,-0.0036,-0.3495,0.0188,0.0672,0,1.4217,-0.3264,0.3141,1,3.47,0.325,0.680,0.010,SWING,-0.5496,-0.4782,1.5703,0.2358,-0.3250,-0.0526,1.4034,0.3273,0.3149,1,2.94,0.785,0.508,0.124,STANCE,0.5730,-0.5013,1.5708,0.2304,0.3290,-0.0474,1.2197,-0.3877,0.1889,0,0.00,0.027,0.031,0.004,STANCE,0.0079,-0.2548,1.5708,0.0021,-0.3821,-0.1011,1.1776,0.3763,0.1792,0,0.00,0.013,0.024,0.002,STANCE,0.1015,-0.2710,1.5708,-0.0272,0.3824,-0.0977,0.9380,-0.2142,0.0219,0,0.00,0.030,0.050,0.010,STANCE,0.0107,0.0750,1.3816,-0.3165,-0.2031,-0.1621,0.8986,0.1647,0.0144,1,4.10,0.457,0.755,0.044,STANCE,0.1373,0.0600,1.2793,-0.3493,0.1764,-0.1565
33.971,3660,placemove,1.1781,-0.0053,0.2813,0.0065,-0.3585,0.0131,0.0992,0.0189,-0.0817,0.7463,-0.3748,-0.0963,1.000,0.000,-0.0013,-0.1241,0.0065,-0.3585,0.0131,0.0662,0,1.4207,-0.3278,0.3155,1,0.00,0.011,0.028,0.010,SWING,-0.5539,-0.4942,1.5704,0.2351,-0.3263,-0.0490,1.4031,0.3279,0.3149,1,1.46,0.345,0.252,0.045,STANCE,0.5865,-0.4846,1.5708,0.2266,0.3300,-0.0512,1.2204,-0.3864,0.1853,0,0.00,0.004,0.022,0.002,STANCE,0.0045,-0.2532,1.5708,0.0012,-0.3820,-0.1014,1.1772,0.3767,0.1800,0,0.00,0.011,0.037,0.004,STANCE,0.1181,-0.2664,1.5708,-0.0316,0.3814,-0.0986,0.9394,-0.2125,0.0185,0,0.00,0.004,0.014,0.012,STANCE,0.0129,0.0687,1.3728,-0.3182,-0.2048,-0.1608,0.8998,0.1662,0.0145,1,1.84,0.229,0.174,0.085,STANCE,0.1478,0.0491,1.2785,-0.3520,0.1744,-0.1542
34.026,3664,placemove,1.1789,-0.0052,0.2802,0.0161,-0.3613,0.0062,0.0424,0.0040,0.0547,0.0706,-0.1410,-0.2377,1.000,0.000,0.0051,-0.1279,0.0161,-0.3613,0.0062,0.1656,0,1.4152,-0.3322,0.3235,0,0.00,0.155,0.285,0.030,SWING,-0.5617,-0.5562,1.5705,0.2343,-0.3296,-0.0350,1.4029,0.3280,0.3148,1,13.86,2.576,2.940,1.635,STANCE,0.5970,-0.4769,1.5705,0.2238,0.3310,-0.0529,1.2204,-0.3847,0.1788,0,0.00,0.175,0.124,0.010,STANCE,0.0025,-0.2469,1.5708,0.0007,-0.3814,-0.1027,1.1769,0.3770,0.1805,0,0.00,0.012,0.085,0.007,STANCE,0.1304,-0.2620,1.5708,-0.0348,0.3806,-0.0996,0.9398,-0.2104,0.0141,1,24.30,2.940,0.923,2.240,STANCE,0.0167,0.0692,1.3637,-0.3188,-0.2063,-0.1607,0.8996,0.1684,0.0148,1,0.00,0.031,0.008,0.023,STANCE,0.1554,0.0414,1.2776,-0.3540,0.1730,-0.1525
34.046,3668,placemove,1.1791,-0.0051,0.2800,0.0195,-0.3657,0.0015,0.0125,-0.0006,-0.0397,0.2527,-0.1726,-0.1639,1.000,0.000,0.0108,-0.1305,0.0195,-0.3657,0.0015,0.1652,0,1.4071,-0.3365,0.3372,0,0.00,0.039,0.120,0.003,SWING,-0.5727,-0.6229,1.5705,0.2323,-0.3327,-0.0197,1.4027,0.3279,0.3148,1,4.40,1.032,0.797,0.516,STANCE,0.6047,-0.4714,1.5706,0.2216,0.3317,-0.0542,1.2201,-0.3834,0.1758,0,0.00,0.050,0.022,0.005,STANCE,0.0011,-0.2360,1.5708,0.0003,-0.3802,-0.1049,1.1772,0.3767,0.1801,0,0.00,0.006,0.031,0.002,STANCE,0.1389,-0.2583,1.5708,-0.0370,0.3799,-0.1003,0.9382,-0.2094,0.0148,1,4.13,0.861,0.273,0.223,STANCE,0.0157,0.0513,1.3722,-0.3203,-0.2069,-0.1573,0.8999,0.1694,0.0149,1,2.46,0.257,0.210,0.145,STANCE,0.1601,0.0352,1.2773,-0.3554,0.1721,-0.1512
34.089,3672,placemove,1.1793,-0.0054,0.2794,0.0226,-0.3678,-0.0011,0.0080,-0.0246,-0.0345,0.1251,-0.1011,-0.0485,1.000,0.000,0.0154,-0.1328,0.0226,-0.3678,-0.0011,0.1646,0,1.3989,-0.3398,0.3494,0,0.00,0.029,0.130,0.005,SWING,-0.5826,-0.6896,1.5706,0.2302,-0.3347,-0.0044,1.4022,0.3278,0.3147,1,4.03,0.974,0.689,0.429,STANCE,0.6100,-0.4696,1.5706,0.2202,0.3323,-0.0546,1.2205,-0.3818,0.1714,0,0.00,0.041,0.027,0.006,STANCE,-0.0003,-0.2222,1.5708,-0.0001,-0.3788,-0.1077,1.1772,0.3763,0.1794,0,0.00,0.010,0.033,0.002,STANCE,0.1442,-0.2545,1.5708,-0.0384,0.3794,-0.1011,0.9367,-0.2086,0.0148,1,4.49,0.828,0.077,0.426,STANCE,0.0137,0.0394,1.3777,-0.3215,-0.2070,-0.1551,0.8997,0.1701,0.0149,1,3.54,0.286,0.171,0.311,STANCE,0.1623,0.0302,1.2773,-0.3563,0.1718,-0.1501
34.111,3676,placemove,1.1794,-0.0059,0.2789,0.0238,-0.3690,-0.0022,0.0068,-0.0300,-0.0289,0.0383,-0.0604,-0.0227,1.000,0.000,0.0186,-0.1342,0.0238,-0.3690,-0.0022,0.1642,0,1.3933,-0.3407,0.3631,0,0.00,0.028,0.133,0.005,SWING,-0.5799,-0.7562,1.5706,0.2307,-0.3341,0.0110,1.4016,0.3275,0.3146,1,2.82,0.618,0.487,0.330,STANCE,0.6131,-0.4702,1.5706,0.2195,0.3326,-0.0544,1.2213,-0.3804,0.1674,0,0.00,0.036,0.027,0.004,STANCE,-0.0019,-0.2066,1.5708,-0.0005,-0.3770,-0.1109,1.1774,0.3754,0.1783,0,0.00,0.024,0.032,0.004,STANCE,0.1467,-0.2502,1.5708,-0.0390,0.3788,-0.1020,0.9355,-0.2083,0.0147,1,5.04,0.823,0.015,0.578,STANCE,0.0108,0.0317,1.3810,-0.3225,-0.2067,-0.1537,0.8994,0.1702,0.0148,1,4.57,0.002,0.015,0.542,STANCE,0.1626,0.0262,1.2777,-0.3568,0.1720,-0.1493
34.152,3680,placemove,1.1795,-0.0063,0.2786,0.0230,-0.3699,-0.0024,-0.0020,-0.0195,-0.0122,-0.0529,-0.0455,-0.0251,1.000,0.000,0.0203,-0.1351,0.0230,-0.3699,-0.0024,0.1513,0,1.3916,-0.3381,0.3791,0,0.00,0.008,0.084,0.007,SWING,-0.5589,-0.8229,1.5707,0.2356,-0.3302,0.0263,1.4014,0.3273,0.3146,1,1.69,0.298,0.302,0.234,STANCE,0.6144,-0.4719,1.5707,0.2191,0.3329,-0.0540,1.2216,-0.3796,0.1650,1,0.67,0.160,0.111,0.002,STANCE,-0.0044,-0.1969,1.5708,-0.0011,-0.3760,-0.1129,1.1780,0.3744,0.1768,0,0.00,0.003,0.047,0.008,STANCE,0.1471,-0.2451,1.5708,-0.0390,0.3783,-0.1031,0.9345,-0.2083,0.0149,1,0.00,0.002,0.009,0.005,STANCE,0.0072,0.0267,1.3830,-0.3234,-0.2061,-0.1527,0.8993,0.1702,0.0148,1,3.47,0.251,0.048,0.382,STANCE,0.1613,0.0228,1.2784,-0.3571,0.1724,-0.1486
34.174,3684,placemove,1.1795,-0.0065,0.2784,0.0219,-0.3706,-0.0017,0.0002,-0.0110,-0.0114,-0.0677,-0.0365,0.0395,1.000,0.000,0.0205,-0.1357,0.0219,-0.3706,-0.0017,0.1511,0,1.3943,-0.3324,0.3937,0,0.00,0.033,0.062,0.001,SWING,-0.5238,-0.8733,1.5707,0.2436,-0.3239,0.0378,1.4011,0.3272,0.3146,1,1.67,0.414,0.246,0.141,STANCE,0.6144,-0.4739,1.5708,0.2192,0.3330,-0.0536,1.2207,-0.3800,0.1649,1,2.90,0.726,0.318,0.015,STANCE,-0.0085,-0.1976,1.5708,-0.0022,-0.3760,-0.1127,1.1788,0.3735,0.1751,0,0.00,0.027,0.032,0.004,STANCE,0.1459,-0.2385,1.5708,-0.0386,0.3777,-0.1044,0.9338,-0.2081,0.0150,1,0.00,0.009,0.032,0.004,STANCE,0.0031,0.0233,1.3841,-0.3242,-0.2054,-0.1521,0.8992,0.1702,0.0147,1,7.38,0.025,0.016,0.877,STANCE,0.1592,0.0202,1.2797,-0.3570,0.1731,-0.1481
34.229,3688,placemove,1.1794,-0.0067,0.2782,0.0207,-0.3711,-0.0003,-0.0031,-0.0098,-0.0094,-0.0682,-0.0236,0.0626,1.000,0.000,0.0200,-0.1362,0.0207,-0.3711,-0.0003,0.1135,0,1.4005,-0.3254,0.4041,0,0.00,0.037,0.046,0.003,SWING,-0.4835,-0.9020,1.5707,0.2529,-0.3169,0.0443,1.4009,0.3272,0.3147,1,1.57,0.381,0.229,0.135,STANCE,0.6132,-0.4756,1.5708,0.2195,0.3329,-0.0532,1.2200,-0.3803,0.1648,1,2.63,0.659,0.286,0.011,STANCE,-0.0128,-0.1981,1.5708,-0.0034,-0.3761,-0.1126,1.1798,0.3725,0.1732,0,0.00,0.030,0.030,0.004,STANCE,0.1436,-0.2303,1.5708,-0.0379,0.3769,-0.1061,0.9331,-0.2080,0.0152,0,0.00,0.009,0.031,0.003,STANCE,-0.0011,0.0209,1.3849,-0.3250,-0.2046,-0.1516,0.8991,0.1702,0.0146,1,7.35,0.054,0.002,0.885,STANCE,0.1564,0.0182,1.2805,-0.3569,0.1738,-0.1477
34.250,3692,placemove,1.1794,-0.0069,0.2781,0.0196,-0.3714,0.0013,-0.0048,-0.0095,-0.0073,-0.0619,-0.0170,0.0779,1.000,0.000,0.0191,-0.1364,0.0196,-0.3714,0.0013,0.1134,0,1.4070,-0.3188,0.4113,0,0.00,0.034,0.040,0.006,SWING,-0.4476,-0.9189,1.5707,0.2611,-0.3106,0.0481,1.4008,0.3272,0.3147,1,1.32,0.253,0.212,0.147,STANCE,0.6113,-0.4769,1.5708,0.2200,0.3327,-0.0529,1.2193,-0.3806,0.1648,1,2.67,0.674,0.288,0.014,STANCE,-0.0171,-0.1987,1.5708,-0.0045,-0.3761,-0.1125,1.1809,0.3713,0.1711,0,0.00,0.035,0.029,0.004,STANCE,0.1404,-0.2208,1.5708,-0.0369,0.3760,-0.1080,0.9325,-0.2079,0.0152,0,0.00,0.003,0.032,0.003,STANCE,-0.0053,0.0190,1.3853,-0.3257,-0.2037,-0.1512,0.8990,0.1703,0.0145,1,7.20,0.082,0.061,0.808,STANCE,0.1533,0.0168,1.2811,-0.3567,0.1747,-0.1474
34.288,3696,placemove,1.1793,-0.0070,0.2780,0.0185,-0.3716,0.0031,-0.0068,-0.0097,-0.0058,-0.0524,-0.0119,0.0856,1.000,0.000,0.0181,-0.1366,0.0185,-0.3716,0.0031,0.1133,0,1.4141,-0.3136,0.4139,0,0.00,0.037,0.022,0.011,SWING,-0.4176,-0.9134,1.5708,0.2682,-0.3059,0.0469,1.4007,0.3271,0.3147,1,1.13,0.141,0.201,0.163,STANCE,0.6090,-0.4778,1.5709,0.2207,0.3325,-0.0527,1.2186,-0.3809,0.1648,1,2.40,0.596,0.258,0.013,STANCE,-0.0214,-0.1993,1.5708,-0.0056,-0.3762,-0.1124,1.1821,0.3701,0.1690,0,0.00,0.030,0.029,0.004,STANCE,0.1368,-0.2101,1.5708,-0.0358,0.3750,-0.1102,0.9320,-0.2079,0.0153,0,0.00,0.012,0.030,0.003,STANCE,-0.0093,0.0174,1.3857,-0.3264,-0.2029,-0.1509,0.8989,0.1703,0.0144,1,7.15,0.063,0.002,0.847,STANCE,0.1502,0.0159,1.2823,-0.3564,0.1755,-0.1472
34.310,3700,placemove,1.1791,-0.0072,0.2779,0.0177,-0.3718,0.0049,-0.0068,-0.0097,-0.0046,-0.0417,-0.0102,0.0888,1.000,0.000,0.0172,-0.1367,0.0177,-0.3718,0.0049,0.1133,0,1.4240,-0.3097,0.4091,0,0.00,0.038,0.002,0.015,SWING,-0.3910,-0.8727,1.5708,0.2753,-0.3027,0.0377,1.4007,0.3270,0.3147,1,0.87,0.011,0.171,0.137,STANCE,0.6064,-0.4783,1.5711,0.2213,0.3322,-0.0526,1.2180,-0.3812,0.1648,1,2.68,0.667,0.288,0.019,STANCE,-0.0254,-0.2002,1.5707,-0.0066,-0.3763,-0.1122,1.1834,0.3688,0.1669,0,0.00,0.032,0.028,0.004,STANCE,0.1329,-0.1984,1.5708,-0.0346,0.3738,-0.1126,0.9315,-0.2078,0.0154,0,0.00,0.011,0.030,0.003,STANCE,-0.0131,0.0161,1.3859,-0.3270,-0.2021,-0.1507,0.8989,0.1703,0.0144,1,7.11,0.230,0.008,0.825,STANCE,0.1471,0.0153,1.2830,-0.3561,0.1762,-0.1471
34.361,3704,placemove,1.1789,-0.0073,0.2779,0.0175,-0.3720,0.0072,-0.0273,0.0041,0.0255,0.0743,-0.0074,0.2329,1.000,0.000,0.0163,-0.1368,0.0175,-0.3720,0.0072,0.1131,0,1.4357,-0.3064,0.3984,0,0.00,0.033,0.054,0.008,SWING,-0.3676,-0.8086,1.5708,0.2818,-0.3001,0.0230,1.4005,0.3270,0.3149,1,0.00,0.021,0.076,0.015,STANCE,0.6038,-0.4784,1.5711,0.2220,0.3319,-0.0526,1.2176,-0.3814,0.1647,1,10.29,0.693,2.684,1.152,STANCE,-0.0290,-0.2011,1.5705,-0.0076,-0.3764,-0.1120,1.1845,0.3675,0.1650,1,10.42,0.677,2.940,1.405,STANCE,0.1291,-0.1874,1.5708,-0.0334,0.3727,-0.1148,0.9312,-0.2078,0.0154,0,0.00,0.007,0.044,0.003,STANCE,-0.0166,0.0149,1.3862,-0.3276,-0.2014,-0.1505,0.8986,0.1703,0.0144,1,0.00,0.029,0.073,0.005,STANCE,0.1442,0.0150,1.2832,-0.3558,0.1770,-0.1471
34.382,3708,placemove,1.1787,-0.0074,0.2775,0.0185,-0.3714,0.0095,0.0045,-0.0137,-0.0032,-0.0066,0.0112,0.0770,1.000,0.000,0.0163,-0.1368,0.0185,-0.3714,0.0095,0.1125,0,1.4467,-0.3026,0.3854,0,0.00,0.035,0.050,0.011,SHIFT,-0.3480,-0.7424,1.5708,0.2869,-0.2972,0.0078,1.3997,0.3273,0.3150,1,2.95,0.729,0.493,0.280,SHIFT,0.6020,-0.4784,1.5710,0.2225,0.3317,-0.0526,1.2167,-0.3821,0.1650,1,0.00,0.026,0.065,0.002,SHIFT,-0.0338,-0.2099,1.5706,-0.0089,-0.3773,-0.1102,1.1833,0.3678,0.1655,1,0.00,0.054,0.030,0.000,SHIFT,0.1276,-0.1902,1.5708,-0.0331,0.3731,-0.1142,0.9307,-0.2076,0.0149,0,7.21,1.061,0.070,0.903,SHIFT,-0.0200,0.0142,1.3852,-0.3282,-0.2007,-0.1503,0.8978,0.1704,0.0145,1,5.21,0.128,0.012,0.623,SHIFT,0.1417,0.0151,1.2818,-0.3557,0.1777,-0.1471
34.434,3712,placemove,1.1787,-0.0075,0.2776,0.0184,-0.3712,0.0103,0.0023,-0.0096,0.0077,-0.0040,0.0148,0.0394,1.000,0.000,0.0164,-0.1365,0.0184,-0.3712,0.0103,0.1501,0,1.4557,-0.2994,0.3726,0,0.00,0.022,0.015,0.016,SHIFT,-0.3335,-0.6778,1.5708,0.2901,-0.2945,-0.0071,1.3995,0.3273,0.3149,1,3.96,1.022,0.709,0.416,SHIFT,0.6020,-0.4781,1.5709,0.2225,0.3317,-0.0527,1.2151,-0.3830,0.1657,1,0.00,0.020,0.040,0.001,SHIFT,-0.0396,-0.2163,1.5706,-0.0104,-0.3779,-0.1089,1.1823,0.3683,0.1666,0,0.00,0.031,0.039,0.000,SHIFT,0.1286,-0.1972,1.5708,-0.0335,0.3738,-0.1128,0.9300,-0.2075,0.0148,1,7.07,1.173,0.028,0.817,SHIFT,-0.0236,0.0144,1.3813,-0.3292,-0.2002,-0.1502,0.8973,0.1705,0.0145,1,3.19,0.015,0.004,0.394,SHIFT,0.1401,0.0160,1.2773,-0.3560,0.1783,-0.1471
34.464,3716,placemove,1.1788,-0.0077,0.2778,0.0184,-0.3709,0.0107,0.0032,-0.0117,0.0167,-0.0009,0.0113,0.0066,1.000,0.000,0.0165,-0.1362,0.0184,-0.3709,0.0107,0.1631,0,1.4621,-0.2967,0.3620,0,0.00,0.020,0.004,0.015,SHIFT,-0.3234,-0.6257,1.5708,0.2918,-0.2921,-0.0191,1.3992,0.3274,0.3148,1,4.33,1.117,0.796,0.484,SHIFT,0.6035,-0.4776,1.5708,0.2221,0.3318,-0.0528,1.2134,-0.3836,0.1662,0,0.00,0.021,0.039,0.001,SHIFT,-0.0461,-0.2209,1.5707,-0.0122,-0.3784,-0.1080,1.1812,0.3686,0.1675,0,0.00,0.029,0.035,0.001,SHIFT,0.1308,-0.2015,1.5708,-0.0341,0.3743,-0.1119,0.9290,-0.2073,0.0147,1,8.10,1.308,0.025,0.949,SHIFT,-0.0274,0.0151,1.3751,-0.3303,-0.1997,-0.1502,0.8967,0.1707,0.0145,1,2.72,0.012,0.006,0.340,SHIFT,0.1393,0.0176,1.2702,-0.3567,0.1788,-0.1471
34.508,3720,placemove,1.1789,-0.0079,0.2782,0.0184,-0.3708,0.0106,0.0031,-0.0125,0.0247,0.0000,0.0070,-0.0147,1.000,0.000,0.0165,-0.1360,0.0184,-0.3708,0.0106,0.1636,0,1.4665,-0.2946,0.3537,0,0.00,0.019,0.003,0.013,SHIFT,-0.3167,-0.5850,1.5708,0.2927,-0.2901,-0.0284,1.3987,0.3274,0.3148,1,4.42,1.149,0.816,0.493,SHIFT,0.6062,-0.4769,1.5708,0.2214,0.3321,-0.0529,1.2114,-0.3841,0.1665,0,0.00,0.021,0.037,0.001,SHIFT,-0.0532,-0.2242,1.5707,-0.0140,-0.3786,-0.1073,1.1805,0.3683,0.1677,0,0.00,0.027,0.033,0.002,SHIFT,0.1339,-0.2017,1.5708,-0.0349,0.3742,-0.1119,0.9277,-0.2071,0.0146,1,8.39,1.320,0.015,0.994,SHIFT,-0.0312,0.0164,1.3670,-0.3317,-0.1993,-0.1502,0.8959,0.1710,0.0145,1,2.42,0.003,0.012,0.308,SHIFT,0.1390,0.0197,1.2610,-0.3576,0.1792,-0.1472
34.530,3724,placemove,1.1789,-0.0081,0.2786,0.0184,-0.3705,0.0101,0.0047,-0.0133,0.0311,0.0000,0.0025,-0.0373,1.000,0.000,0.0165,-0.1358,0.0184,-0.3705,0.0101,0.1641,0,1.4693,-0.2932,0.3472,0,0.00,0.018,0.014,0.013,SHIFT,-0.3127,-0.5533,1.5708,0.2928,-0.2885,-0.0357,1.3981,0.3275,0.3146,1,4.82,1.253,0.896,0.544,SHIFT,0.6098,-0.4761,1.5708,0.2204,0.3325,-0.0531,1.2093,-0.3845,0.1667,0,0.00,0.022,0.040,0.002,SHIFT,-0.0606,-0.2264,1.5707,-0.0160,-0.3787,-0.1069,1.1800,0.3677,0.1672,0,0.00,0.029,0.029,0.002,SHIFT,0.1376,-0.1985,1.5708,-0.0358,0.3737,-0.1125,0.9263,-0.2069,0.0145,1,8.72,1.388,0.035,1.015,SHIFT,-0.0350,0.0181,1.3574,-0.3332,-0.1989,-0.1503,0.8950,0.1713,0.0145,1,2.36,0.012,0.004,0.297,SHIFT,0.1392,0.0223,1.2502,-0.3587,0.1796,-0.1473
34.573,3728,placemove,1.1790,-0.0084,0.2792,0.0184,-0.3705,0.0094,0.0039,-0.0140,0.0366,-0.0013,-0.0010,-0.0481,1.000,0.000,0.0165,-0.1356,0.0184,-0.3705,0.0094,0.1647,0,1.4711,-0.2924,0.3423,0,0.00,0.018,0.015,0.011,SHIFT,-0.3108,-0.5286,1.5708,0.2926,-0.2875,-0.0413,1.3974,0.3276,0.3146,1,4.52,1.181,0.839,0.507,SHIFT,0.6142,-0.4751,1.5707,0.2193,0.3330,-0.0533,1.2071,-0.3848,0.1668,0,0.00,0.022,0.035,0.002,SHIFT,-0.0685,-0.2278,1.5707,-0.0181,-0.3787,-0.1066,1.1798,0.3667,0.1664,0,0.00,0.025,0.028,0.003,SHIFT,0.1418,-0.1928,1.5708,-0.0368,0.3729,-0.1137,0.9247,-0.2066,0.0144,1,8.70,1.355,0.025,1.023,SHIFT,-0.0389,0.0202,1.3465,-0.3348,-0.1986,-0.1504,0.8940,0.1716,0.0146,1,1.93,0.001,0.009,0.247,SHIFT,0.1398,0.0253,1.2380,-0.3600,0.1800,-0.1474
34.606,3732,placemove,1.1791,-0.0086,0.2798,0.0183,-0.3704,0.0085,0.0053,-0.0148,0.0410,-0.0033,-0.0044,-0.0614,1.000,0.000,0.0165,-0.1355,0.0183,-0.3704,0.0085,0.1527,0,1.4721,-0.2921,0.3385,0,0.00,0.018,0.020,0.010,SHIFT,-0.3107,-0.5094,1.5708,0.2921,-0.2868,-0.0456,1.3967,0.3277,0.3145,1,4.68,1.222,0.869,0.526,SHIFT,0.6191,-0.4740,1.5707,0.2180,0.3335,-0.0536,1.2048,-0.3849,0.1667,0,0.00,0.022,0.035,0.002,SHIFT,-0.0765,-0.2275,1.5708,-0.0202,-0.3786,-0.1067,1.1798,0.3655,0.1652,1,0.00,0.024,0.026,0.003,SHIFT,0.1463,-0.1852,1.5708,-0.0378,0.3719,-0.1152,0.9231,-0.2064,0.0143,1,8.81,1.389,0.045,1.016,SHIFT,-0.0429,0.0227,1.3346,-0.3365,-0.1983,-0.1506,0.8930,0.1719,0.0146,1,1.84,0.013,0.005,0.233,SHIFT,0.1405,0.0287,1.2246,-0.3613,0.1803,-0.1475
34.637,3736,placemove,1.1790,-0.0087,0.2805,0.0206,-0.3685,0.0070,-0.0025,-0.0016,0.0361,0.1422,0.1467,-0.0366,1.000,0.000,0.0169,-0.1351,0.0206,-0.3685,0.0070,0.1531,0,1.4725,-0.2921,0.3347,0,0.00,0.047,0.053,0.015,SHIFT,-0.3120,-0.4943,1.5708,0.2913,-0.2866,-0.0490,1.3957,0.3279,0.3147,1,0.00,0.015,0.039,0.010,SHIFT,0.6244,-0.4728,1.5707,0.2166,0.3341,-0.0538,1.2026,-0.3844,0.1652,0,2.42,0.591,0.301,0.052,SHIFT,-0.0846,-0.2238,1.5708,-0.0223,-0.3780,-0.1074,1.1794,0.3646,0.1649,1,6.85,1.753,1.007,0.199,SHIFT,0.1512,-0.1783,1.5708,-0.0390,0.3709,-0.1166,0.9209,-0.2055,0.0142,1,7.19,1.426,0.328,0.603,SHIFT,-0.0470,0.0255,1.3218,-0.3383,-0.1980,-0.1507,0.8914,0.1728,0.0154,1,0.00,0.004,0.004,0.013,SHIFT,0.1413,0.0324,1.2104,-0.3628,0.1807,-0.1477
34.673,3740,placemove,1.1791,-0.0088,0.2813,0.0200,-0.3690,0.0059,0.0125,-0.0082,0.0522,-0.1171,-0.1182,-0.1176,1.000,0.000,0.0179,-0.1342,0.0200,-0.3690,0.0059,0.1162,0,1.4724,-0.2925,0.3325,0,0.00,0.017,0.032,0.011,SHIFT,-0.3146,-0.4821,1.5708,0.2903,-0.2866,-0.0518,1.3949,0.3282,0.3147,1,5.46,1.422,0.948,0.533,SHIFT,0.6299,-0.4718,1.5707,0.2151,0.3347,-0.0541,1.2004,-0.3841,0.1650,1,0.00,0.023,0.040,0.003,SHIFT,-0.0928,-0.2230,1.5707,-0.0244,-0.3777,-0.1076,1.1778,0.3649,0.1662,1,0.00,0.030,0.041,0.003,SHIFT,0.1578,-0.1876,1.5708,-0.0408,0.3717,-0.1147,0.9190,-0.2050,0.0142,1,10.52,1.573,0.066,1.196,SHIFT,-0.0515,0.0285,1.3083,-0.3402,-0.1977,-0.1509,0.8903,0.1735,0.0156,0,0.00,0.014,0.017,0.018,SHIFT,0.1420,0.0358,1.1957,-0.3643,0.1811,-0.1477
34.728,3744,placemove,1.1794,-0.0089,0.2822,0.0179,-0.3708,0.0045,0.0080,-0.0132,0.0512,-0.0422,-0.0216,-0.1229,1.000,0.000,0.0175,-0.1346,0.0179,-0.3708,0.0045,0.1173,0,1.4717,-0.2934,0.3321,0,0.00,0.000,0.001,0.003,SHIFT,-0.3183,-0.4726,1.5708,0.2892,-0.2869,-0.0539,1.3945,0.3282,0.3147,1,4.26,1.074,0.799,0.516,SHIFT,0.6355,-0.4708,1.5707,0.2137,0.3353,-0.0543,1.1977,-0.3843,0.1659,1,0.00,0.003,0.013,0.000,SHIFT,-0.1023,-0.2231,1.5707,-0.0269,-0.3775,-0.1076,1.1758,0.3660,0.1686,0,0.00,0.013,0.056,0.001,SHIFT,0.1651,-0.2032,1.5708,-0.0430,0.3731,-0.1116,0.9176,-0.2047,0.0141,1,6.24,1.112,0.126,0.637,SHIFT,-0.0561,0.0318,1.2941,-0.3422,-0.1972,-0.1511,0.8900,0.1738,0.0149,0,2.00,0.121,0.038,0.220,SHIFT,0.1425,0.0396,1.1803,-0.3659,0.1815,-0.1478
34.773,3748,placemove,1.1794,-0.0092,0.2830,0.0174,-0.3708,0.0035,-0.0002,-0.0154,0.0344,-0.0376,0.0404,-0.0425,1.000,0.000,0.0167,-0.1353,0.0174,-0.3708,0.0035,0.1684,0,1.4709,-0.2945,0.3311,0,0.00,0.016,0.014,0.005,STANCE,-0.3228,-0.4656,1.5708,0.2880,-0.2875,-0.0555,1.3938,0.3283,0.3146,1,3.49,0.927,0.635,0.370,SWING,0.6408,-0.4702,1.5707,0.2123,0.3359,-0.0544,1.1950,-0.3844,0.1660,0,0.00,0.016,0.021,0.000,STANCE,-0.1120,-0.2231,1.5707,-0.0295,-0.3772,-0.1076,1.1740,0.3664,0.1703,0,0.00,0.016,0.040,0.002,STANCE,0.1715,-0.2118,1.5708,-0.0448,0.3738,-0.1098,0.9157,-0.2043,0.0141,1,7.10,1.022,0.004,0.839,STANCE,-0.0609,0.0354,1.2796,-0.3442,-0.1968,-0.1513,0.8890,0.1743,0.0149,1,1.81,0.057,0.017,0.233,STANCE,0.1429,0.0441,1.1644,-0.3674,0.1820,-0.1480
34.827,3752,placemove,1.1793,-0.0094,0.2824,0.0160,-0.3663,0.0027,-0.0056,-0.0144,-0.0849,-0.0808,0.4295,-0.1057,1.000,0.000,0.0158,-0.1348,0.0160,-0.3663,0.0027,0.1671,0,1.4700,-0.2956,0.3285,0,0.00,0.002,0.016,0.001,STANCE,-0.3273,-0.4603,1.5708,0.2869,-0.2881,-0.0567,1.3917,0.3293,0.3164,1,0.00,0.015,0.020,0.006,SWING,0.6469,-0.4926,1.5707,0.2111,0.3376,-0.0494,1.1919,-0.3846,0.1652,0,0.00,0.004,0.003,0.001,STANCE,-0.1205,-0.2232,1.5708,-0.0317,-0.3770,-0.1075,1.1725,0.3663,0.1699,0,0.00,0.009,0.031,0.002,STANCE,0.1758,-0.2153,1.5708,-0.0460,0.3740,-0.1091,0.9128,-0.2041,0.0142,1,1.05,0.154,0.017,0.138,STANCE,-0.0653,0.0383,1.2674,-0.3459,-0.1963,-0.1515,0.8871,0.1746,0.0149,1,2.96,0.074,0.016,0.354,STANCE,0.1427,0.0479,1.1513,-0.3685,0.1825,-0.1481
34.864,3756,placemove,1.1793,-0.0095,0.2814,0.0126,-0.3603,0.0023,-0.0036,-0.0027,-0.0413,-0.1937,0.2901,-0.0957,1.000,0.000,0.0143,-0.1332,0.0126,-0.3603,0.0023,0.2167,0,1.4691,-0.2967,0.3251,0,0.00,0.049,0.057,0.013,STANCE,-0.3316,-0.4558,1.5708,0.2858,-0.2887,-0.0577,1.3873,0.3317,0.3233,0,0.00,0.013,0.047,0.002,SWING,0.6547,-0.5441,1.5707,0.2099,0.3405,-0.0377,1.1886,-0.3849,0.1646,1,4.57,1.134,0.490,0.038,STANCE,-0.1278,-0.2238,1.5708,-0.0336,-0.3768,-0.1074,1.1717,0.3657,0.1675,0,0.00,0.017,0.021,0.001,STANCE,0.1784,-0.2148,1.5708,-0.0467,0.3738,-0.1093,0.9093,-0.2040,0.0149,1,0.00,0.041,0.033,0.009,STANCE,-0.0694,0.0398,1.2583,-0.3474,-0.1958,-0.1514,0.8848,0.1747,0.0147,1,8.51,0.596,0.097,0.895,STANCE,0.1420,0.0503,1.1414,-0.3694,0.1831,-0.1482
34.941,3760,placemove,1.1793,-0.0096,0.2808,0.0102,-0.3545,0.0019,0.0061,-0.0003,0.0170,0.0663,0.1009,0.1069,1.000,0.000,0.0119,-0.1458,0.0102,-0.3545,0.0019,0.1661,0,1.4682,-0.2978,0.3227,0,0.00,0.096,0.090,0.018,STANCE,-0.3355,-0.4550,1.5708,0.2849,-0.2894,-0.0578,1.3821,0.3339,0.3326,0,0.00,0.025,0.243,0.027,SWING,0.6626,-0.6066,1.5707,0.2086,0.3432,-0.0235,1.1858,-0.3852,0.1645,1,11.40,2.940,1.424,0.004,STANCE,-0.1328,-0.2247,1.5708,-0.0350,-0.3767,-0.1072,1.1718,0.3649,0.1649,1,9.47,1.743,2.123,0.983,STANCE,0.1786,-0.2107,1.5707,-0.0466,0.3734,-0.1101,0.9064,-0.2038,0.0157,0,0.00,0.112,0.032,0.005,STANCE,-0.0729,0.0433,1.2498,-0.3484,-0.1952,-0.1518,0.8832,0.1750,0.0146,1,6.07,0.383,0.345,0.495,STANCE,0.1406,0.0553,1.1321,-0.3698,0.1837,-0.1488
34.961,3764,placemove,1.1792,-0.0098,0.2809,0.0099,-0.3491,0.0030,-0.0119,-0.0146,0.0011,-0.0386,0.4423,0.0437,1.000,0.000,0.0103,-0.1669,0.0099,-0.3491,0.0030,0.1662,0,1.4677,-0.2985,0.3223,0,0.00,0.010,0.036,0.006,STANCE,-0.3387,-0.4605,1.5708,0.2844,-0.2902,-0.0566,1.3752,0.3356,0.3458,0,0.00,0.030,0.119,0.002,SWING,0.6690,-0.6733,1.5708,0.2072,0.3448,-0.0081,1.1846,-0.3853,0.1645,1,2.73,0.690,0.288,0.029,STANCE,-0.1367,-0.2254,1.5708,-0.0360,-0.3766,-0.1071,1.1712,0.3648,0.1652,1,0.00,0.033,0.023,0.000,STANCE,0.1766,-0.2109,1.5707,-0.0461,0.3735,-0.1100,0.9054,-0.2037,0.0156,0,0.00,0.002,0.031,0.018,STANCE,-0.0754,0.0529,1.2393,-0.3487,-0.1946,-0.1535,0.8826,0.1752,0.0146,1,7.11,0.368,0.068,0.762,STANCE,0.1380,0.0670,1.1205,-0.3694,0.1843,-0.1508
35.005,3768,placemove,1.1790,-0.0100,0.2809,0.0093,-0.3395,0.0040,-0.0132,-0.0159,-0.0043,-0.0451,0.6421,0.0411,1.000,0.000,0.0093,-0.1882,0.0093,-0.3395,0.0040,0.1662,0,1.4671,-0.2994,0.3220,0,0.00,0.002,0.044,0.006,STANCE,-0.3413,-0.4715,1.5708,0.2843,-0.2912,-0.0541,1.3717,0.3350,0.3583,0,0.00,0.034,0.067,0.007,SWING,0.6614,-0.7376,1.5708,0.2093,0.3441,0.0067,1.1831,-0.3855,0.1644,1,2.96,0.679,0.346,0.009,STANCE,-0.1383,-0.2252,1.5708,-0.0364,-0.3766,-0.1071,1.1707,0.3645,0.1652,1,0.00,0.042,0.024,0.000,STANCE,0.1720,-0.2097,1.5707,-0.0449,0.3735,-0.1103,0.9041,-0.2037,0.0157,0,0.00,0.005,0.018,0.021,STANCE,-0.0767,0.0689,1.2262,-0.3484,-0.1940,-0.1564,0.8819,0.1752,0.0145,1,6.81,0.410,0.124,0.675,STANCE,0.1343,0.0851,1.1064,-0.3682,0.1850,-0.1542
35.026,3772,placemove,1.1787,-0.0103,0.2807,0.0085,-0.3273,0.0048,-0.0107,-0.0165,-0.0107,-0.0546,0.7534,0.0218,1.000,0.000,0.0085,-0.2052,0.0085,-0.3273,0.0048,0.1661,0,1.4666,-0.3005,0.3216,0,0.00,0.006,0.059,0.009,STANCE,-0.3434,-0.4859,1.5708,0.2843,-0.2921,-0.0509,1.3744,0.3311,0.3706,0,0.00,0.046,0.087,0.000,SWING,0.6318,-0.7956,1.5708,0.2169,0.3400,0.0200,1.1817,-0.3858,0.1644,1,3.90,0.850,0.489,0.002,STANCE,-0.1383,-0.2246,1.5708,-0.0364,-0.3765,-0.1073,1.1705,0.3642,0.1650,1,1.67,0.318,0.242,0.066,STANCE,0.1658,-0.2077,1.5707,-0.0433,0.3736,-0.1107,0.9027,-0.2037,0.0158,0,0.00,0.000,0.007,0.018,STANCE,-0.0774,0.0887,1.2115,-0.3475,-0.1934,-0.1601,0.8811,0.1754,0.0144,1,6.66,0.187,0.144,0.649,STANCE,0.1299,0.1069,1.0907,-0.3666,0.1858,-0.1583
35.073,3776,placemove,1.1785,-0.0106,0.2806,0.0080,-0.3149,0.0056,-0.0108,-0.0189,-0.0052,-0.0289,0.7135,0.0475,1.000,0.000,0.0078,-0.2171,0.0080,-0.3149,0.0056,0.1660,0,1.4661,-0.3015,0.3214,0,0.00,0.055,0.092,0.015,STANCE,-0.3452,-0.5014,1.5708,0.2844,-0.2930,-0.0474,1.3825,0.3244,0.3821,0,0.00,0.031,0.067,0.002,SWING,0.5845,-0.8433,1.5708,0.2287,0.3331,0.0309,1.1806,-0.3861,0.1644,1,6.07,1.264,0.752,0.016,STANCE,-0.1375,-0.2237,1.5708,-0.0362,-0.3764,-0.1074,1.1705,0.3639,0.1649,1,1.88,0.350,0.344,0.127,STANCE,0.1588,-0.2055,1.5707,-0.0414,0.3736,-0.1111,0.9016,-0.2037,0.0159,0,0.00,0.046,0.002,0.017,STANCE,-0.0776,0.1097,1.1966,-0.3464,-0.1928,-0.1639,0.8806,0.1755,0.0144,1,7.65,0.307,0.173,0.730,STANCE,0.1251,0.1296,1.0748,-0.3648,0.1865,-0.1627
35.094,3780,placemove,1.1784,-0.0109,0.2805,0.0076,-0.3035,0.0065,-0.0100,-0.0171,-0.0027,-0.0286,0.6561,0.0406,1.000,0.000,0.0073,-0.2246,0.0076,-0.3035,0.0065,0.1660,0,1.4656,-0.3024,0.3214,0,0.00,0.015,0.051,0.006,STANCE,-0.3469,-0.5162,1.5708,0.2845,-0.2939,-0.0441,1.3933,0.3160,0.3914,0,0.00,0.037,0.058,0.002,SWING,0.5307,-0.8785,1.5708,0.2418,0.3247,0.0390,1.1797,-0.3864,0.1644,1,3.50,0.740,0.446,0.006,STANCE,-0.1364,-0.2227,1.5708,-0.0359,-0.3764,-0.1076,1.1706,0.3636,0.1649,1,1.07,0.115,0.237,0.122,STANCE,0.1519,-0.2033,1.5708,-0.0396,0.3737,-0.1116,0.9007,-0.2037,0.0160,0,0.00,0.006,0.003,0.020,STANCE,-0.0776,0.1296,1.1827,-0.3453,-0.1923,-0.1676,0.8803,0.1756,0.0143,1,5.79,0.214,0.109,0.555,STANCE,0.1204,0.1511,1.0601,-0.3629,0.1871,-0.1668
35.137,3784,placemove,1.1782,-0.0111,0.2805,0.0072,-0.2933,0.0073,-0.0108,-0.0113,0.0149,-0.0434,0.5136,0.0398,1.000,0.000,0.0069,-0.2288,0.0072,-0.2933,0.0073,0.1660,0,1.4652,-0.3033,0.3213,0,0.00,0.142,0.124,0.019,STANCE,-0.3485,-0.5295,1.5708,0.2845,-0.2946,-0.0411,1.4033,0.3078,0.3983,0,0.00,0.032,0.086,0.016,SWING,0.4829,-0.9058,1.5708,0.2530,0.3167,0.0452,1.1789,-0.3866,0.1643,1,0.00,0.028,0.079,0.003,STANCE,-0.1355,-0.2218,1.5708,-0.0356,-0.3763,-0.1078,1.1707,0.3633,0.1649,1,0.00,0.049,0.043,0.002,STANCE,0.1455,-0.2013,1.5708,-0.0379,0.3737,-0.1120,0.8999,-0.2037,0.0160,0,0.00,0.002,0.009,0.012,STANCE,-0.0778,0.1473,1.1704,-0.3442,-0.1917,-0.1709,0.8800,0.1757,0.0143,1,7.70,0.210,0.677,0.349,STANCE,0.1159,0.1702,1.0471,-0.3611,0.1878,-0.1704
35.158,3788,placemove,1.1779,-0.0113,0.2810,0.0065,-0.2860,0.0083,-0.0155,-0.0068,0.0270,-0.0322,0.3916,0.0556,1.000,0.000,0.0065,-0.2312,0.0065,-0.2860,0.0083,0.1661,0,1.4647,-0.3038,0.3223,0,0.00,0.079,0.046,0.006,STANCE,-0.3501,-0.5407,1.5708,0.2844,-0.2952,-0.0385,1.4115,0.3011,0.4027,0,0.00,0.035,0.038,0.008,SWING,0.4439,-0.9191,1.5708,0.2619,0.3100,0.0481,1.1783,-0.3868,0.1649,1,0.00,0.019,0.034,0.002,STANCE,-0.1349,-0.2211,1.5708,-0.0354,-0.3762,-0.1080,1.1709,0.3631,0.1652,1,0.00,0.029,0.028,0.001,STANCE,0.1397,-0.1996,1.5708,-0.0364,0.3737,-0.1123,0.8996,-0.2036,0.0163,0,0.00,0.005,0.013,0.015,STANCE,-0.0781,0.1624,1.1599,-0.3433,-0.1912,-0.1737,0.8801,0.1757,0.0143,1,3.56,0.132,0.535,0.005,STANCE,0.1119,0.1864,1.0362,-0.3595,0.1883,-0.1734
35.198,3792,placemove,1.1777,-0.0114,0.2814,0.0064,-0.2804,0.0095,-0.0140,-0.0063,0.0240,-0.0047,0.3056,0.0708,1.000,0.000,0.0060,-0.2328,0.0064,-0.2804,0.0095,0.1662,0,1.4643,-0.3042,0.3232,0,0.00,0.089,0.044,0.007,STANCE,-0.3516,-0.5502,1.5708,0.2843,-0.2958,-0.0364,1.4197,0.2960,0.4027,0,0.00,0.035,0.019,0.010,SWING,0.4109,-0.9110,1.5708,0.2698,0.3049,0.0463,1.1779,-0.3869,0.1654,1,0.00,0.016,0.038,0.002,STANCE,-0.1345,-0.2205,1.5708,-0.0353,-0.3762,-0.1081,1.1709,0.3630,0.1657,1,0.00,0.030,0.026,0.001,STANCE,0.1347,-0.1981,1.5708,-0.0351,0.3737,-0.1126,0.8994,-0.2036,0.0163,0,0.00,0.003,0.019,0.013,STANCE,-0.0785,0.1748,1.1513,-0.3425,-0.1907,-0.1760,0.8801,0.1757,0.0144,1,3.01,0.186,0.662,0.146,STANCE,0.1084,0.1998,1.0269,-0.3581,0.1888,-0.1759
35.230,3796,placemove,1.1775,-0.0115,0.2818,0.0064,-0.2759,0.0107,-0.0128,-0.0049,0.0203,-0.0088,0.2495,0.0576,1.000,0.000,0.0059,-0.2338,0.0064,-0.2759,0.0107,0.1917,0,1.4640,-0.3044,0.3240,0,0.00,0.089,0.042,0.007,STANCE,-0.3529,-0.5579,1.5708,0.2842,-0.2962,-0.0346,1.4279,0.2922,0.3992,0,0.00,0.032,0.006,0.012,SWING,0.3829,-0.8882,1.5708,0.2768,0.3008,0.0412,1.1777,-0.3870,0.1657,1,0.00,0.015,0.039,0.003,STANCE,-0.1343,-0.2201,1.5708,-0.0353,-0.3762,-0.1082,1.1710,0.3628,0.1660,0,0.00,0.029,0.025,0.001,STANCE,0.1303,-0.1957,1.5708,-0.0339,0.3736,-0.1131,0.8994,-0.2036,0.0163,0,0.00,0.003,0.023,0.011,STANCE,-0.0789,0.1851,1.1441,-0.3418,-0.1902,-0.1778,0.8801,0.1757,0.0144,1,3.02,0.190,0.669,0.156,STANCE,0.1054,0.2109,1.0193,-0.3570,0.1892,-0.1780
35.272,3800,placemove,1.1773,-0.0116,0.2821,0.0073,-0.2729,0.0119,-0.0074,-0.0071,0.0230,0.0365,0.1712,0.0709,1.000,0.000,0.0059,-0.2345,0.0073,-0.2729,0.0119,0.2677,0,1.4638,-0.3046,0.3246,0,0.00,0.007,0.043,0.008,SHIFT,-0.3545,-0.5643,1.5708,0.2840,-0.2967,-0.0332,1.4373,0.2893,0.3901,0,0.00,0.037,0.030,0.014,SHIFT,0.3573,-0.8354,1.5708,0.2837,0.2976,0.0291,1.1776,-0.3869,0.1657,0,0.00,0.014,0.046,0.004,SHIFT,-0.1348,-0.2194,1.5708,-0.0354,-0.3761,-0.1083,1.1711,0.3624,0.1660,0,0.00,0.034,0.017,0.001,SHIFT,0.1267,-0.1906,1.5708,-0.0329,0.3732,-0.1141,0.8994,-0.2035,0.0160,0,0.00,0.001,0.031,0.013,SHIFT,-0.0795,0.1939,1.1368,-0.3415,-0.1899,-0.1794,0.8801,0.1757,0.0144,1,6.08,0.015,0.023,0.618,SHIFT,0.1031,0.2204,1.0117,-0.3562,0.1895,-0.1797
35.292,3804,placemove,1.1772,-0.0117,0.2825,0.0073,-0.2696,0.0123,0.0023,-0.0035,0.0206,-0.0325,0.2068,-0.0111,1.000,0.000,0.0063,-0.2350,0.0073,-0.2696,0.0123,0.2681,0,1.4633,-0.3052,0.3251,0,0.00,0.006,0.040,0.007,SHIFT,-0.3570,-0.5694,1.5708,0.2835,-0.2973,-0.0320,1.4459,0.2866,0.3797,0,0.00,0.030,0.014,0.013,SHIFT,0.3371,-0.7852,1.5708,0.2889,0.2948,0.0176,1.1770,-0.3868,0.1656,0,0.00,0.014,0.040,0.003,SHIFT,-0.1370,-0.2182,1.5708,-0.0360,-0.3759,-0.1086,1.1715,0.3616,0.1652,0,0.00,0.030,0.020,0.002,SHIFT,0.1251,-0.1833,1.5708,-0.0324,0.3724,-0.1156,0.8990,-0.2034,0.0158,0,0.00,0.002,0.026,0.017,SHIFT,-0.0807,0.2029,1.1261,-0.3415,-0.1896,-0.1809,0.8798,0.1758,0.0144,1,6.11,0.029,0.002,0.643,SHIFT,0.1018,0.2295,1.0009,-0.3559,0.1898,-0.1812
35.343,3808,placemove,1.1772,-0.0117,0.2829,0.0087,-0.2675,0.0128,0.0072,-0.0010,0.0321,-0.0490,0.2375,0.0090,1.000,0.000,0.0069,-0.2352,0.0087,-0.2675,0.0128,0.1681,0,1.4628,-0.3057,0.3252,0,0.00,0.017,0.031,0.006,SHIFT,-0.3601,-0.5734,1.5708,0.2829,-0.2979,-0.0311,1.4519,0.2843,0.3721,0,0.00,0.057,0.018,0.009,SHIFT,0.3224,-0.7464,1.5708,0.2925,0.2923,0.0087,1.1763,-0.3864,0.1650,1,0.00,0.022,0.042,0.004,SHIFT,-0.1404,-0.2165,1.5708,-0.0368,-0.3756,-0.1089,1.1713,0.3610,0.1649,1,3.41,0.761,0.499,0.039,SHIFT,0.1255,-0.1775,1.5708,-0.0324,0.3717,-0.1167,0.8988,-0.2030,0.0148,0,7.34,0.738,0.094,0.866,SHIFT,-0.0822,0.2142,1.1106,-0.3419,-0.1893,-0.1827,0.8793,0.1761,0.0144,1,0.00,0.048,0.027,0.023,SHIFT,0.1013,0.2382,0.9879,-0.3561,0.1901,-0.1825
35.368,3812,placemove,1.1773,-0.0117,0.2833,0.0074,-0.2636,0.0119,0.0047,0.0050,0.0125,-0.1005,0.2322,-0.0996,1.000,0.000,0.0072,-0.2346,0.0074,-0.2636,0.0119,0.1931,0,1.4619,-0.3067,0.3253,0,0.00,0.012,0.038,0.007,SHIFT,-0.3637,-0.5763,1.5708,0.2822,-0.2987,-0.0304,1.4570,0.2823,0.3648,0,0.00,0.014,0.006,0.012,SHIFT,0.3119,-0.7164,1.5708,0.2949,0.2904,0.0018,1.1746,-0.3861,0.1651,1,0.00,0.019,0.035,0.002,SHIFT,-0.1448,-0.2144,1.5708,-0.0379,-0.3752,-0.1093,1.1700,0.3613,0.1657,1,0.00,0.019,0.037,0.000,SHIFT,0.1296,-0.1844,1.5708,-0.0335,0.3724,-0.1154,0.8973,-0.2028,0.0151,1,0.00,0.005,0.023,0.018,SHIFT,-0.0841,0.2219,1.0968,-0.3426,-0.1891,-0.1838,0.8783,0.1763,0.0145,1,6.02,0.036,0.003,0.625,SHIFT,0.1014,0.2464,0.9731,-0.3566,0.1903,-0.1835
35.417,3816,placemove,1.1775,-0.0116,0.2835,0.0056,-0.2599,0.0106,0.0106,0.0102,0.0130,-0.1172,0.2190,-0.1171,1.000,0.000,0.0066,-0.2332,0.0056,-0.2599,0.0106,0.1936,0,1.4608,-0.3077,0.3250,0,0.00,0.051,0.035,0.008,SHIFT,-0.3676,-0.5771,1.5708,0.2813,-0.2994,-0.0302,1.4609,0.2807,0.3584,0,0.00,0.014,0.011,0.011,SHIFT,0.3047,-0.6928,1.5708,0.2964,0.2890,-0.0036,1.1725,-0.3858,0.1653,1,0.00,0.018,0.035,0.002,SHIFT,-0.1501,-0.2123,1.5708,-0.0393,-0.3747,-0.1097,1.1686,0.3619,0.1663,0,0.00,0.017,0.036,0.001,SHIFT,0.1349,-0.1908,1.5708,-0.0350,0.3729,-0.1141,0.8953,-0.2025,0.0158,0,0.00,0.008,0.024,0.019,SHIFT,-0.0864,0.2277,1.0833,-0.3437,-0.1889,-0.1845,0.8772,0.1767,0.0145,1,5.84,0.048,0.008,0.598,SHIFT,0.1022,0.2540,0.9570,-0.3575,0.1904,-0.1844
35.438,3820,placemove,1.1777,-0.0114,0.2837,0.0034,-0.2562,0.0089,0.0115,0.0118,0.0100,-0.1396,0.2190,-0.1477,1.000,0.000,0.0053,-0.2312,0.0034,-0.2562,0.0089,0.1937,0,1.4597,-0.3087,0.3241,0,0.00,0.051,0.033,0.008,SHIFT,-0.3716,-0.5746,1.5708,0.2804,-0.3001,-0.0308,1.4642,0.2793,0.3529,0,0.00,0.013,0.015,0.010,SHIFT,0.2999,-0.6737,1.5708,0.2973,0.2880,-0.0080,1.1700,-0.3854,0.1656,1,0.00,0.018,0.035,0.002,SHIFT,-0.1562,-0.2107,1.5708,-0.0408,-0.3743,-0.1101,1.1677,0.3618,0.1657,0,0.00,0.016,0.032,0.001,SHIFT,0.1403,-0.1923,1.5708,-0.0364,0.3729,-0.1138,0.8929,-0.2021,0.0166,0,0.00,0.008,0.025,0.020,SHIFT,-0.0889,0.2324,1.0694,-0.3450,-0.1888,-0.1849,0.8760,0.1771,0.0144,1,5.80,0.050,0.014,0.584,SHIFT,0.1034,0.2611,0.9401,-0.3586,0.1905,-0.1850
35.499,3824,placemove,1.1779,-0.0112,0.2839,0.0029,-0.2538,0.0062,0.0111,0.0144,0.0114,0.0755,0.0643,-0.1603,1.000,0.000,0.0037,-0.2290,0.0029,-0.2538,0.0062,0.1942,0,1.4585,-0.3099,0.3224,0,0.00,0.050,0.029,0.008,SHIFT,-0.3759,-0.5694,1.5708,0.2793,-0.3007,-0.0320,1.4669,0.2781,0.3485,0,0.00,0.004,0.023,0.011,SHIFT,0.2968,-0.6580,1.5708,0.2979,0.2873,-0.0117,1.1673,-0.3849,0.1655,0,0.00,0.031,0.031,0.002,SHIFT,-0.1630,-0.2097,1.5708,-0.0426,-0.3739,-0.1103,1.1674,0.3616,0.1650,1,1.68,0.406,0.212,0.006,SHIFT,0.1457,-0.1906,1.5708,-0.0378,0.3725,-0.1141,0.8905,-0.2012,0.0171,0,0.00,0.025,0.022,0.021,SHIFT,-0.0915,0.2369,1.0547,-0.3465,-0.1887,-0.1853,0.8749,0.1780,0.0144,1,3.79,0.472,0.256,0.227,SHIFT,0.1049,0.2675,0.9228,-0.3599,0.1907,-0.1855
35.524,3828,placemove,1.1781,-0.0110,0.2842,0.0036,-0.2532,0.0041,0.0187,0.0038,0.0342,0.0008,0.0157,-0.0837,1.000,0.000,0.0033,-0.2276,0.0036,-0.2532,0.0041,0.1695,0,1.4574,-0.3110,0.3204,0,0.00,0.004,0.030,0.009,SHIFT,-0.3805,-0.5621,1.5708,0.2781,-0.3013,-0.0337,1.4688,0.2771,0.3460,0,0.00,0.016,0.024,0.009,SHIFT,0.2950,-0.6452,1.5708,0.2982,0.2868,-0.0146,1.1649,-0.3842,0.1648,1,6.85,1.656,1.065,0.126,SHIFT,-0.1704,-0.2087,1.5708,-0.0445,-0.3735,-0.1105,1.1671,0.3615,0.1649,1,5.86,1.401,1.037,0.258,SHIFT,0.1511,-0.1887,1.5707,-0.0392,0.3721,-0.1145,0.8888,-0.2001,0.0164,0,0.00,0.006,0.024,0.027,SHIFT,-0.0944,0.2436,1.0367,-0.3481,-0.1885,-0.1859,0.8741,0.1792,0.0144,1,3.46,0.227,0.121,0.279,SHIFT,0.1063,0.2735,0.9052,-0.3613,0.1908,-0.1859
35.558,3832,placemove,1.1784,-0.0110,0.2847,0.0039,-0.2528,0.0026,0.0146,0.0018,0.0319,-0.0126,0.0120,-0.0689,1.000,0.000,0.0033,-0.2269,0.0039,-0.2528,0.0026,0.1701,0,1.4565,-0.3119,0.3184,0,0.00,0.102,0.094,0.024,SHIFT,-0.3853,-0.5529,1.5708,0.2768,-0.3020,-0.0357,1.4702,0.2764,0.3442,0,0.00,0.023,0.025,0.013,SHIFT,0.2938,-0.6352,1.5708,0.2983,0.2864,-0.0169,1.1626,-0.3836,0.1644,1,12.19,2.855,1.908,0.266,SHIFT,-0.1783,-0.2074,1.5707,-0.0465,-0.3730,-0.1107,1.1666,0.3612,0.1648,1,8.72,2.106,1.577,0.384,SHIFT,0.1563,-0.1870,1.5707,-0.0404,0.3717,-0.1148,0.8875,-0.1993,0.0156,0,0.00,0.102,0.040,0.029,SHIFT,-0.0978,0.2529,1.0156,-0.3496,-0.1882,-0.1870,0.8732,0.1800,0.0145,1,4.93,0.243,0.203,0.375,SHIFT,0.1073,0.2792,0.8875,-0.3627,0.1911,-0.1862
35.589,3836,placemove,1.1785,-0.0109,0.2853,0.0036,-0.2513,0.0019,0.0008,-0.0008,0.0388,-0.0349,0.1746,-0.0178,1.000,0.000,0.0034,-0.2266,0.0036,-0.2513,0.0019,0.1956,0,1.4557,-0.3127,0.3161,0,0.00,0.007,0.026,0.008,SHIFT,-0.3905,-0.5424,1.5708,0.2754,-0.3026,-0.0381,1.4712,0.2759,0.3426,0,0.00,0.012,0.028,0.009,SHIFT,0.2931,-0.6277,1.5708,0.2984,0.2862,-0.0186,1.1604,-0.3831,0.1643,1,3.62,0.857,0.498,0.009,SHIFT,-0.1867,-0.2057,1.5707,-0.0486,-0.3724,-0.1111,1.1659,0.3608,0.1647,1,6.37,1.504,0.929,0.060,SHIFT,0.1609,-0.1855,1.5707,-0.0416,0.3713,-0.1151,0.8860,-0.1987,0.0149,1,5.67,0.839,0.114,0.511,SHIFT,-0.1015,0.2644,0.9919,-0.3512,-0.1878,-0.1884,0.8720,0.1807,0.0148,1,0.00,0.008,0.021,0.026,SHIFT,0.1077,0.2848,0.8699,-0.3640,0.1916,-0.1864
35.631,3840,placemove,1.1785,-0.0109,0.2856,0.0017,-0.2509,0.0020,-0.0029,0.0012,-0.0023,-0.1043,-0.0171,-0.0123,1.000,0.000,0.0028,-0.2160,0.0017,-0.2509,0.0020,0.1506,0,1.4546,-0.3135,0.3150,1,6.07,1.437,1.222,0.655,STANCE,-0.3961,-0.5367,1.5707,0.2740,-0.3034,-0.0394,1.4718,0.2757,0.3408,0,0.00,0.015,0.023,0.010,STANCE,0.2926,-0.6207,1.5708,0.2984,0.2860,-0.0202,1.1580,-0.3826,0.1646,1,0.00,0.079,0.056,0.004,SWING,-0.1956,-0.2048,1.5708,-0.0509,-0.3719,-0.1113,1.1643,0.3610,0.1651,1,0.00,0.000,0.015,0.004,STANCE,0.1667,-0.1917,1.5707,-0.0432,0.3718,-0.1139,0.8838,-0.1985,0.0155,1,0.00,0.071,0.020,0.009,STANCE,-0.1062,0.2651,0.9795,-0.3532,-0.1873,-0.1879,0.8705,0.1809,0.0148,1,10.48,0.631,0.094,0.938,STANCE,0.1079,0.2886,0.8539,-0.3654,0.1921,-0.1863
35.683,3844,placemove,1.1785,-0.0109,0.2855,-0.0002,-0.2564,0.0026,0.0076,0.0042,-0.0019,-0.1323,-0.5714,0.0241,1.000,0.000,0.0017,-0.1729,-0.0002,-0.2564,0.0026,0.1194,0,1.4530,-0.3145,0.3145,1,12.41,2.917,2.442,1.414,STANCE,-0.4041,-0.5281,1.5706,0.2720,-0.3045,-0.0414,1.4722,0.2756,0.3383,0,0.00,0.001,0.045,0.021,STANCE,0.2924,-0.6050,1.5708,0.2982,0.2857,-0.0238,1.1537,-0.3847,0.1686,1,0.00,0.102,0.133,0.001,SWING,-0.2094,-0.2345,1.5708,-0.0551,-0.3743,-0.1052,1.1624,0.3614,0.1654,1,0.00,0.040,0.002,0.009,STANCE,0.1742,-0.1998,1.5707,-0.0453,0.3723,-0.1123,0.8814,-0.1984,0.0164,0,0.00,0.088,0.030,0.018,STANCE,-0.1124,0.2502,0.9803,-0.3563,-0.1868,-0.1847,0.8690,0.1810,0.0147,1,17.56,1.741,0.372,1.350,STANCE,0.1092,0.2779,0.8510,-0.3677,0.1928,-0.1836
35.757,3848,placemove,1.1786,-0.0108,0.2856,-0.0035,-0.2703,0.0034,0.0085,0.0057,0.0086,-0.2333,-0.9285,-0.0448,1.000,0.000,0.0000,-0.1288,-0.0035,-0.2703,0.0034,0.1210,0,1.4514,-0.3153,0.3143,1,6.23,1.493,1.302,0.757,STANCE,-0.4133,-0.5082,1.5706,0.2693,-0.3053,-0.0459,1.4726,0.2754,0.3355,0,0.00,0.044,0.022,0.013,STANCE,0.2930,-0.5778,1.5708,0.2975,0.2853,-0.0301,1.1453,-0.3901,0.1807,0,0.00,0.012,0.124,0.002,SWING,-0.2305,-0.3011,1.5708,-0.0621,-0.3794,-0.0913,1.1611,0.3616,0.1651,1,1.53,0.324,0.148,0.015,STANCE,0.1839,-0.2085,1.5708,-0.0480,0.3728,-0.1105,0.8794,-0.1987,0.0177,0,0.00,0.021,0.056,0.025,STANCE,-0.1200,0.2191,0.9926,-0.3607,-0.1864,-0.1785,0.8679,0.1810,0.0145,1,10.42,0.885,0.156,0.786,STANCE,0.1118,0.2500,0.8616,-0.3713,0.1935,-0.1778
35.799,3852,placemove,1.1788,-0.0109,0.2858,-0.0058,-0.2882,0.0039,0.0093,-0.0123,0.0190,-0.1127,-1.0815,0.0041,1.000,0.000,-0.0023,-0.1062,-0.0058,-0.2882,0.0039,0.1213,0,1.4497,-0.3161,0.3142,1,5.33,1.281,1.098,0.619,STANCE,-0.4228,-0.4846,1.5706,0.2665,-0.3060,-0.0512,1.4731,0.2748,0.3331,0,0.00,0.027,0.001,0.009,STANCE,0.2939,-0.5466,1.5708,0.2966,0.2847,-0.0372,1.1361,-0.3944,0.1929,0,0.00,0.003,0.131,0.000,SWING,-0.2531,-0.3678,1.5708,-0.0694,-0.3834,-0.0770,1.1604,0.3616,0.1649,1,1.37,0.317,0.152,0.007,STANCE,0.1938,-0.2164,1.5708,-0.0507,0.3732,-0.1089,0.8777,-0.1990,0.0188,0,0.00,0.001,0.073,0.024,STANCE,-0.1275,0.1832,1.0083,-0.3654,-0.1860,-0.1712,0.8673,0.1812,0.0144,1,9.09,0.489,0.148,0.678,STANCE,0.1146,0.2162,0.8772,-0.3751,0.1943,-0.1708
35.864,3856,placemove,1.1789,-0.0112,0.2861,-0.0073,-0.3053,0.0045,0.0106,-0.0169,0.0175,-0.0701,-0.9605,0.0204,1.000,0.000,-0.0044,-0.0984,-0.0073,-0.3053,0.0045,0.1217,0,1.4482,-0.3168,0.3141,1,6.13,1.491,1.233,0.683,STANCE,-0.4317,-0.4632,1.5706,0.2637,-0.3066,-0.0560,1.4735,0.2739,0.3314,0,0.00,0.019,0.002,0.009,STANCE,0.2944,-0.5176,1.5708,0.2957,0.2839,-0.0438,1.1274,-0.3980,0.2050,0,0.00,0.001,0.137,0.000,SWING,-0.2719,-0.4345,1.5708,-0.0757,-0.3865,-0.0624,1.1600,0.3614,0.1649,1,0.78,0.173,0.083,0.022,STANCE,0.2021,-0.2227,1.5708,-0.0530,0.3734,-0.1076,0.8768,-0.1992,0.0191,0,0.00,0.007,0.074,0.017,STANCE,-0.1343,0.1525,1.0207,-0.3693,-0.1855,-0.1649,0.8670,0.1812,0.0143,1,9.37,0.810,0.414,0.532,STANCE,0.1168,0.1851,0.8921,-0.3783,0.1949,-0.1643
35.908,3860,placemove,1.1791,-0.0114,0.2863,-0.0083,-0.3192,0.0053,0.0080,-0.0126,0.0137,-0.0585,-0.7443,0.0263,1.000,0.000,-0.0059,-0.0985,-0.0083,-0.3192,0.0053,0.1219,0,1.4470,-0.3175,0.3140,1,5.75,1.406,1.138,0.634,STANCE,-0.4394,-0.4463,1.5706,0.2614,-0.3070,-0.0598,1.4738,0.2729,0.3302,0,0.00,0.021,0.012,0.006,STANCE,0.2942,-0.4937,1.5708,0.2950,0.2831,-0.0492,1.1210,-0.4012,0.2179,0,0.00,0.002,0.146,0.003,SWING,-0.2787,-0.5011,1.5708,-0.0786,-0.3895,-0.0475,1.1597,0.3612,0.1649,1,0.00,0.028,0.029,0.001,STANCE,0.2083,-0.2270,1.5708,-0.0547,0.3736,-0.1068,0.8764,-0.1992,0.0189,0,0.00,0.006,0.073,0.007,STANCE,-0.1400,0.1301,1.0282,-0.3723,-0.1849,-0.1601,0.8670,0.1811,0.0143,1,8.67,0.889,0.499,0.428,STANCE,0.1182,0.1601,0.9044,-0.3807,0.1955,-0.1591
35.970,3864,placemove,1.1792,-0.0116,0.2865,-0.0088,-0.3297,0.0064,-0.0046,-0.0099,-0.0067,0.0205,-0.4965,0.0424,1.000,0.000,-0.0070,-0.1020,-0.0088,-0.3297,0.0064,0.1221,0,1.4461,-0.3178,0.3140,1,0.00,0.043,0.062,0.008,STANCE,-0.4459,-0.4341,1.5706,0.2595,-0.3075,-0.0625,1.4741,0.2722,0.3292,0,0.00,0.031,0.022,0.001,STANCE,0.2934,-0.4754,1.5708,0.2945,0.2822,-0.0533,1.1188,-0.4047,0.2325,0,0.00,0.039,0.086,0.004,SWING,-0.2686,-0.5678,1.5708,-0.0765,-0.3929,-0.0323,1.1595,0.3610,0.1649,1,0.95,0.231,0.096,0.016,STANCE,0.2124,-0.2298,1.5708,-0.0558,0.3736,-0.1062,0.8764,-0.1992,0.0183,0,0.00,0.046,0.058,0.006,STANCE,-0.1448,0.1164,1.0308,-0.3745,-0.1843,-0.1571,0.8670,0.1811,0.0142,1,2.19,0.139,0.029,0.142,STANCE,0.1187,0.1417,0.9132,-0.3824,0.1960,-0.1552
36.012,3868,placemove,1.1792,-0.0117,0.2866,-0.0091,-0.3372,0.0075,-0.0001,-0.0060,0.0084,-0.0152,-0.3787,0.0606,1.000,0.000,-0.0077,-0.1063,-0.0091,-0.3372,0.0075,0.1223,0,1.4453,-0.3181,0.3140,1,6.02,1.462,1.166,0.665,STANCE,-0.4512,-0.4260,1.5705,0.2579,-0.3079,-0.0643,1.4742,0.2715,0.3286,0,0.00,0.018,0.017,0.008,STANCE,0.2921,-0.4623,1.5708,0.2943,0.2815,-0.0562,1.1203,-0.4082,0.2487,0,0.00,0.023,0.135,0.001,SWING,-0.2433,-0.6345,1.5708,-0.0698,-0.3963,-0.0171,1.1593,0.3609,0.1649,1,1.06,0.240,0.152,0.054,STANCE,0.2148,-0.2315,1.5707,-0.0564,0.3737,-0.1059,0.8765,-0.1991,0.0172,0,0.00,0.007,0.042,0.004,STANCE,-0.1486,0.1101,1.0290,-0.3761,-0.1837,-0.1555,0.8669,0.1811,0.0142,1,8.17,0.665,0.507,0.412,STANCE,0.1187,0.1291,0.9193,-0.3834,0.1965,-0.1525
36.077,3872,placemove,1.1792,-0.0118,0.2867,-0.0093,-0.3420,0.0086,0.0046,-0.0018,0.0041,-0.0049,-0.2525,0.0795,1.000,0.000,-0.0081,-0.1101,-0.0093,-0.3420,0.0086,0.1224,0,1.4447,-0.3184,0.3139,1,7.47,1.793,1.438,0.837,STANCE,-0.4555,-0.4209,1.5704,0.2568,-0.3083,-0.0654,1.4744,0.2711,0.3281,0,0.00,0.018,0.022,0.009,STANCE,0.2905,-0.4532,1.5708,0.2943,0.2808,-0.0582,1.1243,-0.4111,0.2660,0,0.00,0.034,0.145,0.003,SWING,-0.2102,-0.7011,1.5708,-0.0606,-0.3991,-0.0017,1.1591,0.3608,0.1649,1,0.83,0.183,0.081,0.009,STANCE,0.2160,-0.2323,1.5707,-0.0568,0.3737,-0.1057,0.8769,-0.1989,0.0159,0,0.00,0.007,0.044,0.010,STANCE,-0.1516,0.1098,1.0236,-0.3771,-0.1831,-0.1551,0.8669,0.1811,0.0141,1,9.21,1.071,0.802,0.310,STANCE,0.1182,0.1209,0.9231,-0.3841,0.1969,-0.1508
36.127,3876,placemove,1.1793,-0.0117,0.2869,-0.0100,-0.3443,0.0098,0.0034,0.0058,0.0240,-0.0843,-0.0130,0.0295,1.000,0.000,-0.0084,-0.1130,-0.0100,-0.3443,0.0098,0.1599,0,1.4444,-0.3185,0.3140,1,3.03,0.724,0.595,0.366,STANCE,-0.4590,-0.4178,1.5704,0.2558,-0.3087,-0.0661,1.4746,0.2708,0.3276,0,0.00,0.019,0.027,0.007,STANCE,0.2889,-0.4470,1.5708,0.2944,0.2802,-0.0596,1.1280,-0.4125,0.2837,0,0.00,0.021,0.133,0.003,SWING,-0.1799,-0.7678,1.5708,-0.0519,-0.4004,0.0136,1.1590,0.3607,0.1648,1,5.46,1.413,0.780,0.114,STANCE,0.2163,-0.2327,1.5707,-0.0568,0.3737,-0.1056,0.8773,-0.1989,0.0148,1,7.89,0.960,0.135,0.714,STANCE,-0.1541,0.1136,1.0159,-0.3778,-0.1826,-0.1555,0.8667,0.1810,0.0143,1,0.00,0.013,0.040,0.000,STANCE,0.1174,0.1158,0.9253,-0.3844,0.1973,-0.1497
36.189,3880,placemove,1.1792,-0.0118,0.2865,-0.0091,-0.3441,0.0095,0.0002,-0.0111,-0.0263,0.0473,0.0073,0.0118,1.000,0.000,-0.0086,-0.1140,-0.0091,-0.3441,0.0095,0.1594,0,1.4434,-0.3193,0.3141,1,2.27,0.549,0.338,0.111,STANCE,-0.4623,-0.4230,1.5705,0.2552,-0.3094,-0.0649,1.4750,0.2702,0.3265,0,0.00,0.014,0.035,0.009,STANCE,0.2873,-0.4426,1.5708,0.2945,0.2797,-0.0606,1.1321,-0.4130,0.2958,0,0.00,0.054,0.065,0.005,SWING,-0.1520,-0.8050,1.5708,-0.0438,-0.4011,0.0222,1.1590,0.3608,0.1647,1,6.69,1.533,0.867,0.045,STANCE,0.2161,-0.2328,1.5706,-0.0568,0.3738,-0.1056,0.8763,-0.1983,0.0148,1,5.99,1.332,0.526,0.200,STANCE,-0.1563,0.1100,1.0166,-0.3785,-0.1822,-0.1547,0.8662,0.1815,0.0148,1,0.00,0.004,0.032,0.001,STANCE,0.1166,0.1126,0.9267,-0.3846,0.1977,-0.1490
36.227,3884,placemove,1.1792,-0.0120,0.2861,-0.0085,-0.3440,0.0095,0.0019,-0.0097,-0.0210,0.0285,0.0016,0.0261,1.000,0.000,-0.0083,-0.1140,-0.0085,-0.3440,0.0095,0.1590,0,1.4427,-0.3201,0.3142,1,2.47,0.613,0.365,0.113,STANCE,-0.4651,-0.4270,1.5705,0.2547,-0.3101,-0.0640,1.4754,0.2696,0.3256,0,0.00,0.014,0.032,0.008,STANCE,0.2859,-0.4394,1.5708,0.2947,0.2793,-0.0613,1.1436,-0.4151,0.2882,0,0.00,0.046,0.068,0.003,SWING,-0.1219,-0.7513,1.5708,-0.0353,-0.4031,0.0098,1.1589,0.3607,0.1647,1,6.98,1.770,0.877,0.025,STANCE,0.2157,-0.2330,1.5704,-0.0567,0.3738,-0.1055,0.8756,-0.1980,0.0147,1,6.41,1.413,0.514,0.251,STANCE,-0.1582,0.1073,1.0171,-0.3790,-0.1817,-0.1540,0.8658,0.1818,0.0150,1,0.00,0.004,0.036,0.000,STANCE,0.1158,0.1101,0.9278,-0.3847,0.1980,-0.1484
36.300,3888,placemove,1.1792,-0.0121,0.2857,-0.0079,-0.3448,0.0099,-0.0063,-0.0103,-0.0424,0.1030,-0.2098,0.0772,1.000,0.000,-0.0079,-0.1135,-0.0079,-0.3448,0.0099,0.1212,0,1.4422,-0.3206,0.3143,1,2.99,0.777,0.467,0.167,STANCE,-0.4675,-0.4299,1.5706,0.2543,-0.3106,-0.0634,1.4756,0.2692,0.3250,0,0.00,0.009,0.079,0.014,STANCE,0.2846,-0.4369,1.5708,0.2948,0.2789,-0.0619,1.1573,-0.4165,0.2762,0,0.00,0.019,0.114,0.007,SWING,-0.0918,-0.6847,1.5708,-0.0266,-0.4042,-0.0055,1.1589,0.3607,0.1646,1,4.10,0.545,0.332,0.342,STANCE,0.2153,-0.2334,1.5705,-0.0566,0.3739,-0.1055,0.8751,-0.1977,0.0147,1,0.13,0.012,0.081,0.014,STANCE,-0.1601,0.1022,1.0202,-0.3796,-0.1813,-0.1530,0.8656,0.1819,0.0151,0,0.00,0.006,0.027,0.010,STANCE,0.1149,0.1078,0.9288,-0.3848,0.1983,-0.1479
36.352,3892,placemove,1.1792,-0.0121,0.2854,-0.0069,-0.3460,0.0114,0.0014,0.0007,-0.0141,0.0369,-0.0528,0.0864,1.000,0.000,-0.0072,-0.1137,-0.0069,-0.3460,0.0114,0.1581,0,1.4421,-0.3207,0.3143,1,5.84,1.509,0.967,0.418,SHIFT,-0.4699,-0.4319,1.5705,0.2538,-0.3111,-0.0629,1.4753,0.2695,0.3250,0,0.00,0.028,0.030,0.006,SHIFT,0.2837,-0.4351,1.5708,0.2949,0.2787,-0.0623,1.1694,-0.4163,0.2631,0,0.00,0.028,0.063,0.004,SHIFT,-0.0707,-0.6180,1.5708,-0.0205,-0.4038,-0.0209,1.1584,0.3608,0.1646,1,1.58,0.366,0.150,0.029,SHIFT,0.2152,-0.2338,1.5705,-0.0566,0.3739,-0.1054,0.8744,-0.1976,0.0156,1,0.00,0.008,0.046,0.010,SHIFT,-0.1622,0.0908,1.0289,-0.3803,-0.1810,-0.1509,0.8654,0.1819,0.0148,1,9.31,0.525,0.255,0.751,SHIFT,0.1141,0.1064,0.9285,-0.3849,0.1987,-0.1476
36.424,3896,placemove,1.1792,-0.0122,0.2853,-0.0064,-0.3467,0.0123,0.0004,-0.0046,-0.0046,0.0273,-0.0392,0.0531,1.000,0.000,-0.0066,-0.1141,-0.0064,-0.3467,0.0123,0.1207,0,1.4418,-0.3210,0.3143,1,5.93,1.539,0.985,0.411,SHIFT,-0.4728,-0.4334,1.5705,0.2531,-0.3116,-0.0626,1.4750,0.2697,0.3250,0,0.00,0.020,0.032,0.007,SHIFT,0.2838,-0.4343,1.5708,0.2949,0.2786,-0.0624,1.1791,-0.4149,0.2499,0,0.00,0.029,0.013,0.013,SHIFT,-0.0567,-0.5521,1.5708,-0.0163,-0.4022,-0.0359,1.1578,0.3608,0.1647,1,1.10,0.257,0.105,0.006,SHIFT,0.2163,-0.2342,1.5706,-0.0569,0.3739,-0.1053,0.8734,-0.1975,0.0164,0,0.00,0.009,0.040,0.004,SHIFT,-0.1643,0.0832,1.0324,-0.3812,-0.1806,-0.1493,0.8650,0.1820,0.0146,1,9.55,0.649,0.250,0.783,SHIFT,0.1137,0.1065,0.9247,-0.3853,0.1990,-0.1473
36.467,3900,placemove,1.1792,-0.0122,0.2852,-0.0059,-0.3472,0.0128,0.0002,-0.0037,0.0030,0.0183,-0.0273,0.0328,1.000,0.000,-0.0060,-0.1145,-0.0059,-0.3472,0.0128,0.1208,0,1.4413,-0.3214,0.3141,1,5.88,1.533,0.994,0.434,SHIFT,-0.4760,-0.4344,1.5705,0.2524,-0.3122,-0.0624,1.4746,0.2700,0.3251,0,0.00,0.021,0.031,0.006,SHIFT,0.2846,-0.4340,1.5708,0.2947,0.2788,-0.0625,1.1867,-0.4128,0.2385,0,0.00,0.024,0.002,0.012,SHIFT,-0.0468,-0.4968,1.5708,-0.0134,-0.4000,-0.0485,1.1571,0.3607,0.1647,1,1.11,0.262,0.111,0.002,SHIFT,0.2182,-0.2346,1.5706,-0.0574,0.3738,-0.1052,0.8724,-0.1974,0.0169,0,0.00,0.006,0.038,0.002,SHIFT,-0.1663,0.0785,1.0318,-0.3821,-0.1803,-0.1481,0.8644,0.1821,0.0145,1,9.53,0.650,0.247,0.786,SHIFT,0.1137,0.1078,0.9183,-0.3859,0.1992,-0.1471
36.531,3904,placemove,1.1792,-0.0123,0.2853,-0.0055,-0.3474,0.0131,0.0004,-0.0037,0.0039,0.0238,-0.0265,0.0273,1.000,0.000,-0.0055,-0.1148,-0.0055,-0.3474,0.0131,0.1209,0,1.4406,-0.3219,0.3140,1,10.16,2.577,1.693,0.753,SHIFT,-0.4794,-0.4352,1.5705,0.2516,-0.3127,-0.0622,1.4742,0.2703,0.3253,0,0.00,0.008,0.072,0.018,SHIFT,0.2861,-0.4342,1.5708,0.2944,0.2791,-0.0625,1.1922,-0.4105,0.2296,0,0.00,0.123,0.046,0.016,SHIFT,-0.0403,-0.4531,1.5708,-0.0114,-0.3978,-0.0582,1.1563,0.3605,0.1647,1,2.09,0.520,0.248,0.003,SHIFT,0.2208,-0.2349,1.5707,-0.0581,0.3737,-0.1051,0.8713,-0.1973,0.0173,0,0.00,0.091,0.005,0.007,SHIFT,-0.1681,0.0760,1.0283,-0.3831,-0.1801,-0.1473,0.8637,0.1822,0.0144,1,13.56,0.923,0.424,1.091,SHIFT,0.1140,0.1100,0.9099,-0.3866,0.1994,-0.1470
36.574,3908,placemove,1.1792,-0.0124,0.2854,-0.0053,-0.3477,0.0132,-0.0002,-0.0022,0.0129,0.0104,-0.0116,0.0058,1.000,0.000,-0.0051,-0.1149,-0.0053,-0.3477,0.0132,0.1211,0,1.4399,-0.3225,0.3141,1,5.64,1.479,1.000,0.473,SHIFT,-0.4828,-0.4357,1.5705,0.2508,-0.3133,-0.0621,1.4738,0.2707,0.3256,0,0.00,0.018,0.032,0.006,SHIFT,0.2880,-0.4347,1.5708,0.2940,0.2795,-0.0623,1.1962,-0.4084,0.2227,0,0.00,0.025,0.011,0.009,SHIFT,-0.0362,-0.4185,1.5708,-0.0102,-0.3957,-0.0659,1.1555,0.3604,0.1647,1,1.37,0.336,0.154,0.008,SHIFT,0.2240,-0.2351,1.5707,-0.0589,0.3735,-0.1051,0.8703,-0.1971,0.0176,0,0.00,0.009,0.033,0.010,SHIFT,-0.1699,0.0751,1.0226,-0.3841,-0.1799,-0.1467,0.8629,0.1823,0.0143,1,9.12,0.548,0.242,0.749,SHIFT,0.1145,0.1129,0.9001,-0.3874,0.1996,-0.1470
36.637,3912,placemove,1.1792,-0.0124,0.2856,-0.0049,-0.3476,0.0131,-0.0069,-0.0024,-0.0029,0.0589,0.0455,-0.0222,1.000,0.000,-0.0048,-0.1150,-0.0049,-0.3476,0.0131,0.1213,0,1.4391,-0.3230,0.3140,1,0.00,0.068,0.043,0.009,SHIFT,-0.4863,-0.4360,1.5705,0.2500,-0.3138,-0.0620,1.4733,0.2711,0.3258,0,0.00,0.033,0.002,0.004,SHIFT,0.2903,-0.4353,1.5708,0.2936,0.2800,-0.0622,1.1991,-0.4065,0.2172,0,0.00,0.067,0.041,0.000,SHIFT,-0.0340,-0.3911,1.5708,-0.0095,-0.3938,-0.0720,1.1547,0.3601,0.1647,1,0.66,0.154,0.038,0.012,SHIFT,0.2275,-0.2352,1.5707,-0.0598,0.3733,-0.1051,0.8692,-0.1970,0.0177,0,0.00,0.066,0.041,0.022,SHIFT,-0.1715,0.0755,1.0152,-0.3851,-0.1798,-0.1462,0.8621,0.1824,0.0142,1,2.62,0.012,0.031,0.232,SHIFT,0.1153,0.1163,0.8893,-0.3883,0.1997,-0.1470
36.678,3916,placemove,1.1792,-0.0124,0.2859,-0.0047,-0.3478,0.0130,0.0001,-0.0005,0.0185,0.0074,-0.0083,-0.0045,1.000,0.000,-0.0045,-0.1151,-0.0047,-0.3478,0.0130,0.1216,0,1.4383,-0.3236,0.3139,1,5.54,1.457,1.013,0.503,SHIFT,-0.4898,-0.4362,1.5705,0.2492,-0.3143,-0.0620,1.4728,0.2716,0.3262,0,0.00,0.018,0.032,0.006,SHIFT,0.2928,-0.4360,1.5708,0.2931,0.2805,-0.0621,1.2010,-0.4049,0.2128,0,0.00,0.024,0.019,0.007,SHIFT,-0.0332,-0.3693,1.5708,-0.0092,-0.3922,-0.0767,1.1538,0.3599,0.1647,1,1.29,0.316,0.147,0.011,SHIFT,0.2312,-0.2352,1.5707,-0.0608,0.3731,-0.1051,0.8681,-0.1968,0.0178,0,0.00,0.008,0.031,0.014,SHIFT,-0.1730,0.0768,1.0067,-0.3862,-0.1797,-0.1460,0.8612,0.1826,0.0141,1,9.12,0.580,0.252,0.730,SHIFT,0.1163,0.1200,0.8777,-0.3893,0.1998,-0.1470
36.742,3920,placemove,1.1792,-0.0124,0.2862,-0.0045,-0.3478,0.0128,0.0018,-0.0001,0.0199,0.0081,-0.0092,-0.0041,1.000,0.000,-0.0043,-0.1151,-0.0045,-0.3478,0.0128,0.1219,0,1.4375,-0.3242,0.3139,1,5.79,1.526,1.061,0.524,SHIFT,-0.4932,-0.4363,1.5705,0.2484,-0.3148,-0.0620,1.4723,0.2721,0.3265,0,0.00,0.019,0.031,0.006,SHIFT,0.2955,-0.4367,1.5708,0.2926,0.2810,-0.0619,1.2022,-0.4035,0.2094,0,0.00,0.023,0.026,0.006,SHIFT,-0.0336,-0.3520,1.5708,-0.0093,-0.3908,-0.0805,1.1529,0.3597,0.1647,1,1.23,0.298,0.138,0.010,SHIFT,0.2352,-0.2351,1.5707,-0.0618,0.3728,-0.1051,0.8671,-0.1967,0.0179,0,0.00,0.007,0.035,0.016,SHIFT,-0.1744,0.0788,0.9974,-0.3872,-0.1796,-0.1458,0.8603,0.1827,0.0141,1,9.61,0.643,0.270,0.757,SHIFT,0.1173,0.1240,0.8657,-0.3903,0.1999,-0.1470
36.784,3924,placemove,1.1792,-0.0124,0.2865,-0.0044,-0.3479,0.0126,0.0003,-0.0000,0.0210,0.0071,-0.0063,-0.0105,1.000,0.000,-0.0041,-0.1151,-0.0044,-0.3479,0.0126,0.1223,0,1.4367,-0.3247,0.3139,1,5.46,1.436,1.010,0.509,SHIFT,-0.4966,-0.4362,1.5705,0.2476,-0.3153,-0.0620,1.4717,0.2726,0.3268,0,0.00,0.018,0.032,0.006,SHIFT,0.2983,-0.4374,1.5708,0.2920,0.2816,-0.0617,1.2030,-0.4023,0.2067,0,0.00,0.024,0.024,0.005,SHIFT,-0.0348,-0.3382,1.5708,-0.0096,-0.3897,-0.0834,1.1520,0.3594,0.1647,1,1.28,0.314,0.147,0.012,SHIFT,0.2391,-0.2350,1.5707,-0.0628,0.3726,-0.1051,0.8661,-0.1966,0.0179,0,0.00,0.009,0.030,0.016,SHIFT,-0.1757,0.0812,0.9875,-0.3882,-0.1795,-0.1457,0.8595,0.1828,0.0140,1,9.10,0.571,0.262,0.706,SHIFT,0.1184,0.1282,0.8533,-0.3913,0.1999,-0.1471
36.846,3928,placemove,1.1792,-0.0124,0.2868,-0.0042,-0.3479,0.0124,0.0017,-0.0007,0.0215,0.0071,-0.0074,-0.0037,1.000,0.000,-0.0040,-0.1151,-0.0042,-0.3479,0.0124,0.1226,0,1.4359,-0.3253,0.3139,1,5.73,1.513,1.057,0.526,SHIFT,-0.5000,-0.4362,1.5705,0.2467,-0.3158,-0.0620,1.4712,0.2731,0.3271,0,0.00,0.019,0.031,0.006,SHIFT,0.3011,-0.4381,1.5708,0.2915,0.2822,-0.0616,1.2033,-0.4013,0.2045,0,0.00,0.023,0.029,0.005,SHIFT,-0.0366,-0.3272,1.5708,-0.0100,-0.3887,-0.0858,1.1511,0.3592,0.1647,1,1.32,0.322,0.151,0.011,SHIFT,0.2431,-0.2347,1.5708,-0.0638,0.3723,-0.1052,0.8652,-0.1964,0.0177,0,0.00,0.008,0.032,0.020,SHIFT,-0.1769,0.0856,0.9757,-0.3892,-0.1795,-0.1459,0.8586,0.1830,0.0140,1,9.47,0.608,0.278,0.721,SHIFT,0.1195,0.1325,0.8408,-0.3923,0.2000,-0.1471
36.904,3932,placemove,1.1793,-0.0124,0.2871,-0.0040,-0.3478,0.0122,0.0133,0.0011,0.0204,-0.0124,0.0054,-0.0026,1.000,0.000,-0.0038,-0.1151,-0.0040,-0.3478,0.0122,0.1229,0,1.4351,-0.3258,0.3138,1,4.45,1.130,0.828,0.384,STANCE,-0.5033,-0.4360,1.5705,0.2459,-0.3163,-0.0620,1.4707,0.2735,0.3274,0,0.00,0.039,0.030,0.011,STANCE,0.3038,-0.4388,1.5708,0.2910,0.2827,-0.0614,1.2034,-0.4005,0.2027,0,0.00,0.077,0.017,0.002,STANCE,-0.0388,-0.3183,1.5708,-0.0106,-0.3879,-0.0877,1.1503,0.3589,0.1648,1,0.00,0.059,0.029,0.000,SWING,0.2470,-0.2352,1.5708,-0.0648,0.3721,-0.1051,0.8645,-0.1963,0.0171,0,0.00,0.029,0.007,0.016,STANCE,-0.1780,0.0928,0.9612,-0.3901,-0.1795,-0.1466,0.8577,0.1831,0.0140,1,8.81,0.923,0.291,0.634,STANCE,0.1206,0.1367,0.8285,-0.3932,0.2000,-0.1472
36.992,3936,placemove,1.1796,-0.0123,0.2873,-0.0048,-0.3474,0.0124,0.0157,0.0130,0.0102,-0.0529,0.0388,-0.0018,1.000,0.000,-0.0038,-0.1150,-0.0048,-0.3474,0.0124,0.1215,0,1.4348,-0.3261,0.3139,1,5.91,1.501,1.093,0.563,STANCE,-0.5060,-0.4359,1.5705,0.2453,-0.3167,-0.0621,1.4706,0.2741,0.3270,0,0.00,0.002,0.050,0.010,STANCE,0.3059,-0.4376,1.5708,0.2905,0.2831,-0.0617,1.2036,-0.3998,0.2015,0,0.00,0.036,0.015,0.001,STANCE,-0.0408,-0.3113,1.5708,-0.0111,-0.3873,-0.0892,1.1472,0.3609,0.1685,1,0.00,0.008,0.060,0.005,SWING,0.2522,-0.2635,1.5708,-0.0669,0.3746,-0.0992,0.8643,-0.1963,0.0163,0,0.00,0.018,0.011,0.021,STANCE,-0.1788,0.1016,0.9464,-0.3908,-0.1794,-0.1477,0.8572,0.1831,0.0139,1,10.81,1.224,0.330,0.783,STANCE,0.1215,0.1402,0.8184,-0.3940,0.2000,-0.1472
37.071,3940,placemove,1.1804,-0.0120,0.2874,-0.0069,-0.3456,0.0121,0.0643,0.0208,-0.0024,-0.1791,0.1549,-0.0915,1.000,0.000,-0.0044,-0.1145,-0.0069,-0.3456,0.0121,0.1235,0,1.4348,-0.3263,0.3140,1,4.35,0.302,0.845,0.010,STANCE,-0.5081,-0.4357,1.5705,0.2448,-0.3170,-0.0621,1.4715,0.2743,0.3253,0,0.00,0.018,0.007,0.005,STANCE,0.3074,-0.4335,1.5708,0.2900,0.2832,-0.0626,1.2040,-0.3992,0.2011,0,0.00,0.027,0.040,0.005,STANCE,-0.0423,-0.3060,1.5708,-0.0115,-0.3868,-0.0903,1.1398,0.3662,0.1794,0,0.00,0.034,0.118,0.002,SWING,0.2615,-0.3299,1.5708,-0.0709,0.3798,-0.0852,0.8645,-0.1963,0.0158,0,0.00,0.003,0.038,0.027,STANCE,-0.1794,0.1113,0.9317,-0.3913,-0.1794,-0.1490,0.8571,0.1831,0.0139,1,7.06,0.272,0.630,0.208,STANCE,0.1222,0.1429,0.8105,-0.3946,0.2000,-0.1472
37.165,3944,placemove,1.1816,-0.0115,0.2872,-0.0114,-0.3419,0.0114,0.0792,0.0388,-0.0200,-0.3119,0.2721,-0.1636,1.000,0.000,-0.0062,-0.1130,-0.0114,-0.3419,0.0114,0.1232,0,1.4350,-0.3265,0.3140,1,4.44,0.301,0.858,0.014,STANCE,-0.5099,-0.4358,1.5706,0.2443,-0.3173,-0.0621,1.4734,0.2742,0.3214,0,0.00,0.019,0.004,0.005,STANCE,0.3084,-0.4266,1.5708,0.2895,0.2830,-0.0642,1.2040,-0.3988,0.2015,0,0.00,0.026,0.042,0.004,STANCE,-0.0436,-0.3024,1.5708,-0.0118,-0.3865,-0.0911,1.1322,0.3706,0.1898,0,0.00,0.034,0.118,0.002,SWING,0.2739,-0.3965,1.5708,-0.0756,0.3839,-0.0708,0.8645,-0.1963,0.0160,0,0.00,0.003,0.039,0.027,STANCE,-0.1797,0.1213,0.9173,-0.3917,-0.1795,-0.1504,0.8572,0.1832,0.0139,1,7.06,0.281,0.660,0.170,STANCE,0.1229,0.1448,0.8043,-0.3951,0.2000,-0.1472
37.219,3948,placemove,1.1825,-0.0111,0.2871,-0.0133,-0.3402,0.0113,0.0268,0.0075,0.0067,0.0033,-0.0102,0.0062,1.000,0.000,-0.0092,-0.1105,-0.0133,-0.3402,0.0113,0.1231,0,1.4353,-0.3266,0.3140,1,2.59,0.065,0.508,0.004,STANCE,-0.5116,-0.4362,1.5706,0.2439,-0.3175,-0.0620,1.4749,0.2740,0.3178,0,0.00,0.023,0.032,0.007,STANCE,0.3089,-0.4167,1.5708,0.2890,0.2826,-0.0663,1.2042,-0.3984,0.2017,0,0.00,0.011,0.032,0.005,STANCE,-0.0449,-0.3001,1.5708,-0.0122,-0.3862,-0.0916,1.1243,0.3742,0.2013,0,0.00,0.013,0.138,0.000,SWING,0.2849,-0.4632,1.5708,-0.0797,0.3872,-0.0560,0.8648,-0.1963,0.0157,0,0.00,0.009,0.025,0.024,STANCE,-0.1797,0.1307,0.9038,-0.3920,-0.1796,-0.1517,0.8573,0.1832,0.0140,1,6.07,0.079,0.323,0.345,STANCE,0.1237,0.1460,0.7997,-0.3956,0.1999,-0.1471
37.333,3952,placemove,1.1828,-0.0109,0.2874,-0.0134,-0.3395,0.0116,0.0059,0.0153,0.0463,0.0728,0.0650,0.0713,1.000,0.000,-0.0108,-0.1091,-0.0134,-0.3395,0.0116,0.1729,0,1.4353,-0.3266,0.3141,1,0.88,0.069,0.222,0.131,STANCE,-0.5132,-0.4367,1.5706,0.2435,-0.3178,-0.0619,1.4757,0.2736,0.3151,0,13.94,0.007,2.940,0.339,STANCE,0.3090,-0.4053,1.5708,0.2884,0.2821,-0.0688,1.2045,-0.3979,0.2011,0,0.00,0.051,0.033,0.008,STANCE,-0.0459,-0.2963,1.5708,-0.0124,-0.3859,-0.0924,1.1180,0.3775,0.2149,0,0.00,0.014,0.291,0.026,SWING,0.2863,-0.5299,1.5708,-0.0810,0.3901,-0.0410,0.8652,-0.1963,0.0148,1,15.96,0.106,2.263,0.085,STANCE,-0.1796,0.1398,0.8907,-0.3923,-0.1797,-0.1530,0.8571,0.1832,0.0143,1,0.00,0.003,0.105,0.019,STANCE,0.1246,0.1466,0.7964,-0.3960,0.1998,-0.1470
37.409,3956,placemove,1.1829,-0.0109,0.2884,-0.0106,-0.3395,0.0122,0.0080,-0.0019,0.0503,0.1370,-0.0104,0.0754,1.000,0.000,-0.0110,-0.1081,-0.0106,-0.3395,0.0122,0.1234,0,1.4355,-0.3265,0.3143,1,0.77,0.065,0.164,0.050,STANCE,-0.5146,-0.4370,1.5707,0.2432,-0.3180,-0.0618,1.4756,0.2737,0.3149,1,6.24,0.510,1.580,1.155,STANCE,0.3090,-0.3968,1.5701,0.2881,0.2817,-0.0707,1.2054,-0.3971,0.2000,0,0.00,0.023,0.031,0.004,STANCE,-0.0466,-0.2906,1.5708,-0.0126,-0.3853,-0.0936,1.1148,0.3809,0.2320,0,0.00,0.025,0.128,0.000,SWING,0.2726,-0.5966,1.5708,-0.0778,0.3934,-0.0258,0.8654,-0.1963,0.0147,1,4.83,0.550,1.523,0.599,STANCE,-0.1796,0.1445,0.8820,-0.3926,-0.1798,-0.1535,0.8564,0.1833,0.0159,1,0.00,0.015,0.028,0.006,STANCE,0.1252,0.1468,0.7937,-0.3963,0.1997,-0.1468
37.483,3960,placemove,1.1830,-0.0109,0.2883,-0.0101,-0.3413,0.0129,0.0039,-0.0012,-0.0707,-0.0902,-0.2154,0.0318,1.000,0.000,-0.0100,-0.1079,-0.0101,-0.3413,0.0129,0.0730,0,1.4356,-0.3265,0.3144,1,1.15,0.171,0.194,0.113,STANCE,-0.5158,-0.4369,1.5707,0.2429,-0.3182,-0.0618,1.4753,0.2740,0.3159,1,0.00,0.008,0.007,0.000,STANCE,0.3098,-0.3995,1.5701,0.2880,0.2820,-0.0701,1.2064,-0.3963,0.1983,0,0.00,0.016,0.021,0.005,STANCE,-0.0469,-0.2828,1.5708,-0.0127,-0.3846,-0.0952,1.1161,0.3843,0.2492,0,0.00,0.008,0.079,0.009,SWING,0.2447,-0.6632,1.5708,-0.0703,0.3966,-0.0105,0.8650,-0.1964,0.0156,1,0.00,0.021,0.001,0.025,STANCE,-0.1800,0.1342,0.8903,-0.3932,-0.1799,-0.1516,0.8564,0.1831,0.0159,0,0.00,0.012,0.036,0.007,STANCE,0.1257,0.1465,0.7920,-0.3966,0.1997,-0.1466
37.556,3964,placemove,1.1834,-0.0108,0.2876,-0.0125,-0.3409,0.0128,0.0440,0.0289,-0.0202,-0.2020,0.1800,-0.0940,1.000,0.000,-0.0099,-0.1103,-0.0125,-0.3409,0.0128,0.1231,0,1.4356,-0.3266,0.3143,1,4.70,0.429,0.878,0.029,STANCE,-0.5165,-0.4376,1.5707,0.2428,-0.3183,-0.0617,1.4754,0.2745,0.3158,0,0.00,0.004,0.042,0.007,STANCE,0.3105,-0.4049,1.5703,0.2881,0.2824,-0.0689,1.2077,-0.3951,0.1956,0,0.00,0.034,0.022,0.004,STANCE,-0.0464,-0.2682,1.5708,-0.0124,-0.3832,-0.0983,1.1232,0.3874,0.2608,0,0.00,0.024,0.136,0.004,SWING,0.2065,-0.7078,1.5708,-0.0596,0.3993,-0.0002,0.8642,-0.1966,0.0168,0,0.00,0.008,0.040,0.014,STANCE,-0.1804,0.1230,0.9005,-0.3936,-0.1799,-0.1496,0.8567,0.1829,0.0145,1,6.88,0.291,0.773,0.062,STANCE,0.1261,0.1468,0.7903,-0.3968,0.1996,-0.1465
37.617,3968,placemove,1.1836,-0.0106,0.2876,-0.0129,-0.3405,0.0129,0.0066,0.0049,-0.0002,0.0005,0.0009,0.0007,1.000,0.000,-0.0108,-0.1096,-0.0129,-0.3405,0.0129,0.1231,0,1.4356,-0.3265,0.3144,1,3.23,0.308,0.552,0.064,STANCE,-0.5170,-0.4379,1.5707,0.2427,-0.3184,-0.0616,1.4755,0.2750,0.3162,0,0.00,0.019,0.037,0.006,STANCE,0.3111,-0.4090,1.5704,0.2882,0.2827,-0.0680,1.2092,-0.3934,0.1928,0,0.00,0.024,0.023,0.005,STANCE,-0.0455,-0.2526,1.5708,-0.0121,-0.3817,-0.1015,1.1275,0.3894,0.2781,0,0.00,0.028,0.134,0.003,SWING,0.1737,-0.7745,1.5708,-0.0501,0.4006,0.0152,0.8635,-0.1966,0.0186,0,0.00,0.010,0.039,0.010,STANCE,-0.1806,0.1142,0.9085,-0.3938,-0.1799,-0.1480,0.8567,0.1829,0.0145,1,6.23,0.217,0.396,0.302,STANCE,0.1264,0.1474,0.7888,-0.3970,0.1996,-0.1465
37.660,3972,placemove,1.1837,-0.0105,0.2876,-0.0127,-0.3407,0.0129,0.0046,0.0025,-0.0000,0.0134,-0.0112,0.0048,1.000,0.000,-0.0113,-0.1091,-0.0127,-0.3407,0.0129,0.1231,0,1.4356,-0.3265,0.3144,1,3.67,0.412,0.630,0.058,STANCE,-0.5174,-0.4383,1.5707,0.2426,-0.3185,-0.0616,1.4754,0.2753,0.3169,0,0.00,0.019,0.018,0.004,STANCE,0.3116,-0.4119,1.5705,0.2882,0.2829,-0.0674,1.2106,-0.3918,0.1899,0,0.00,0.027,0.033,0.006,STANCE,-0.0445,-0.2376,1.5708,-0.0118,-0.3801,-0.1046,1.1327,0.3904,0.2894,0,0.00,0.042,0.051,0.005,SWING,0.1439,-0.8041,1.5708,-0.0415,0.4014,0.0220,0.8629,-0.1965,0.0197,0,0.00,0.006,0.049,0.006,STANCE,-0.1807,0.1070,0.9150,-0.3941,-0.1800,-0.1467,0.8567,0.1829,0.0144,1,6.36,0.378,0.440,0.270,STANCE,0.1268,0.1478,0.7878,-0.3971,0.1995,-0.1465
37.723,3976,placemove,1.1838,-0.0105,0.2876,-0.0125,-0.3408,0.0129,0.0048,0.0039,-0.0009,0.0004,-0.0013,-0.0027,1.000,0.000,-0.0113,-0.1090,-0.0125,-0.3408,0.0129,0.1232,0,1.4356,-0.3265,0.3144,1,3.49,0.341,0.605,0.027,STANCE,-0.5177,-0.4385,1.5707,0.2425,-0.3185,-0.0615,1.4753,0.2755,0.3175,0,0.00,0.020,0.033,0.006,STANCE,0.3120,-0.4141,1.5706,0.2882,0.2831,-0.0669,1.2121,-0.3903,0.1871,0,0.00,0.025,0.025,0.005,STANCE,-0.0435,-0.2229,1.5708,-0.0115,-0.3786,-0.1076,1.1446,0.3924,0.2817,0,0.00,0.039,0.069,0.002,SWING,0.1133,-0.7475,1.5708,-0.0328,0.4035,0.0090,0.8625,-0.1965,0.0206,0,0.00,0.010,0.039,0.005,STANCE,-0.1807,0.1012,0.9202,-0.3942,-0.1800,-0.1456,0.8567,0.1829,0.0144,1,6.27,0.287,0.425,0.283,STANCE,0.1272,0.1480,0.7870,-0.3972,0.1994,-0.1465
37.765,3980,placemove,1.1838,-0.0104,0.2875,-0.0124,-0.3409,0.0128,0.0038,0.0030,-0.0007,0.0009,-0.0025,-0.0036,1.000,0.000,-0.0113,-0.1089,-0.0124,-0.3409,0.0128,0.1232,0,1.4356,-0.3265,0.3144,1,3.41,0.337,0.597,0.009,STANCE,-0.5179,-0.4387,1.5707,0.2425,-0.3185,-0.0614,1.4752,0.2757,0.3178,0,0.00,0.020,0.035,0.006,STANCE,0.3124,-0.4157,1.5706,0.2882,0.2833,-0.0665,1.2134,-0.3886,0.1844,0,0.00,0.025,0.024,0.004,STANCE,-0.0424,-0.2084,1.5708,-0.0111,-0.3770,-0.1105,1.1581,0.3935,0.2702,0,0.00,0.038,0.067,0.002,SWING,0.0833,-0.6809,1.5708,-0.0242,0.4044,-0.0064,0.8623,-0.1965,0.0211,0,0.00,0.010,0.035,0.000,STANCE,-0.1806,0.0985,0.9225,-0.3943,-0.1801,-0.1451,0.8567,0.1829,0.0144,1,6.20,0.282,0.415,0.282,STANCE,0.1275,0.1482,0.7864,-0.3973,0.1993,-0.1465
37.827,3984,placemove,1.1839,-0.0104,0.2876,-0.0124,-0.3409,0.0128,0.0111,0.0030,0.0029,0.0003,-0.0017,-0.0035,1.000,0.000,-0.0113,-0.1089,-0.0124,-0.3409,0.0128,0.1232,0,1.4356,-0.3265,0.3144,1,3.03,0.260,0.565,0.018,SHIFT,-0.5183,-0.4389,1.5707,0.2424,-0.3186,-0.0614,1.4752,0.2759,0.3181,0,0.00,0.022,0.033,0.006,SHIFT,0.3129,-0.4168,1.5706,0.2881,0.2834,-0.0663,1.2147,-0.3870,0.1817,0,0.00,0.027,0.024,0.005,SHIFT,-0.0416,-0.1940,1.5708,-0.0109,-0.3754,-0.1134,1.1696,0.3932,0.2579,0,0.00,0.035,0.068,0.002,SHIFT,0.0617,-0.6142,1.5708,-0.0179,0.4039,-0.0217,0.8624,-0.1965,0.0210,0,0.00,0.012,0.033,0.007,SHIFT,-0.1806,0.0996,0.9205,-0.3944,-0.1802,-0.1452,0.8567,0.1829,0.0143,1,6.68,0.234,0.296,0.406,SHIFT,0.1279,0.1486,0.7850,-0.3974,0.1992,-0.1465
37.867,3988,placemove,1.1842,-0.0104,0.2876,-0.0124,-0.3409,0.0127,0.0208,0.0012,0.0065,0.0021,-0.0004,-0.0049,1.000,0.000,-0.0112,-0.1089,-0.0124,-0.3409,0.0127,0.1233,0,1.4357,-0.3267,0.3145,1,2.82,0.227,0.558,0.013,SHIFT,-0.5193,-0.4389,1.5707,0.2421,-0.3188,-0.0614,1.4754,0.2760,0.3178,0,0.00,0.023,0.032,0.007,SHIFT,0.3138,-0.4151,1.5707,0.2879,0.2835,-0.0667,1.2160,-0.3854,0.1791,0,0.00,0.028,0.024,0.004,SHIFT,-0.0416,-0.1796,1.5708,-0.0108,-0.3738,-0.1163,1.1794,0.3916,0.2452,0,0.00,0.033,0.067,0.001,SHIFT,0.0466,-0.5475,1.5708,-0.0134,0.4022,-0.0370,0.8626,-0.1965,0.0205,0,0.00,0.013,0.029,0.013,SHIFT,-0.1806,0.1042,0.9136,-0.3946,-0.1802,-0.1459,0.8567,0.1828,0.0143,1,6.86,0.215,0.259,0.450,SHIFT,0.1284,0.1500,0.7812,-0.3977,0.1992,-0.1465
37.929,3992,placemove,1.1847,-0.0104,0.2878,-0.0124,-0.3409,0.0126,0.0277,-0.0003,0.0089,0.0023,0.0003,-0.0064,1.000,0.000,-0.0112,-0.1089,-0.0124,-0.3409,0.0126,0.1234,0,1.4358,-0.3269,0.3145,1,2.80,0.241,0.552,0.016,SHIFT,-0.5206,-0.4389,1.5707,0.2418,-0.3189,-0.0614,1.4757,0.2760,0.3170,0,0.00,0.018,0.030,0.007,SHIFT,0.3148,-0.4110,1.5707,0.2875,0.2835,-0.0676,1.2173,-0.3837,0.1765,0,0.00,0.026,0.023,0.004,SHIFT,-0.0420,-0.1652,1.5708,-0.0108,-0.3721,-0.1192,1.1878,0.3891,0.2332,0,0.00,0.027,0.009,0.012,SHIFT,0.0355,-0.4863,1.5708,-0.0101,0.3996,-0.0508,0.8631,-0.1965,0.0196,0,0.00,0.011,0.027,0.019,SHIFT,-0.1807,0.1117,0.9027,-0.3949,-0.1803,-0.1469,0.8568,0.1828,0.0142,1,6.70,0.241,0.332,0.385,SHIFT,0.1291,0.1521,0.7756,-0.3981,0.1991,-0.1465
37.969,3996,placemove,1.1852,-0.0104,0.2880,-0.0123,-0.3409,0.0125,0.0317,-0.0008,0.0107,0.0026,0.0012,-0.0056,1.000,0.000,-0.0112,-0.1089,-0.0123,-0.3409,0.0125,0.1236,0,1.4359,-0.3271,0.3145,1,2.78,0.225,0.553,0.019,SHIFT,-0.5222,-0.4389,1.5707,0.2414,-0.3192,-0.0614,1.4762,0.2758,0.3158,0,0.00,0.018,0.029,0.007,SHIFT,0.3159,-0.4048,1.5707,0.2869,0.2834,-0.0690,1.2186,-0.3820,0.1739,0,0.00,0.025,0.023,0.004,SHIFT,-0.0428,-0.1509,1.5708,-0.0109,-0.3703,-0.1220,1.1944,0.3863,0.2237,0,0.00,0.026,0.001,0.010,SHIFT,0.0276,-0.4381,1.5708,-0.0078,0.3970,-0.0616,0.8637,-0.1965,0.0184,0,0.00,0.011,0.025,0.024,SHIFT,-0.1809,0.1214,0.8887,-0.3952,-0.1803,-0.1482,0.8569,0.1828,0.0142,1,6.67,0.232,0.329,0.383,SHIFT,0.1298,0.1546,0.7688,-0.3986,0.1991,-0.1466
38.040,4000,placemove,1.1856,-0.0105,0.2882,-0.0111,-0.3419,0.0127,0.0265,-0.0114,0.0215,0.1147,-0.0946,0.0667,1.000,0.000,-0.0110,-0.1090,-0.0111,-0.3419,0.0127,0.0737,0,1.4361,-0.3274,0.3145,1,3.80,0.034,0.816,0.070,SHIFT,-0.5241,-0.4389,1.5707,0.2410,-0.3194,-0.0614,1.4765,0.2757,0.3150,1,2.49,0.174,0.618,0.447,SHIFT,0.3172,-0.3981,1.5705,0.2864,0.2833,-0.0704,1.2201,-0.3802,0.1712,0,0.00,0.023,0.025,0.004,SHIFT,-0.0439,-0.1365,1.5708,-0.0111,-0.3685,-0.1248,1.1993,0.3838,0.2168,0,0.00,0.025,0.005,0.009,SHIFT,0.0221,-0.4003,1.5708,-0.0062,0.3946,-0.0699,0.8646,-0.1966,0.0166,0,0.00,0.008,0.027,0.029,SHIFT,-0.1811,0.1330,0.8720,-0.3956,-0.1804,-0.1498,0.8569,0.1828,0.0142,1,6.20,0.221,0.826,0.016,SHIFT,0.1306,0.1574,0.7608,-0.3992,0.1990,-0.1466
38.088,4004,placemove,1.1861,-0.0106,0.2889,-0.0093,-0.3420,0.0129,0.0211,-0.0077,0.0749,0.0817,0.1293,0.0352,1.000,0.000,-0.0101,-0.1096,-0.0093,-0.3420,0.0129,0.1241,0,1.4363,-0.3276,0.3144,1,0.79,0.029,0.138,0.001,SHIFT,-0.5260,-0.4388,1.5707,0.2405,-0.3197,-0.0614,1.4766,0.2758,0.3149,1,4.97,0.437,1.018,0.082,SHIFT,0.3186,-0.3930,1.5703,0.2859,0.2833,-0.0715,1.2216,-0.3783,0.1683,0,0.00,0.030,0.024,0.004,SHIFT,-0.0451,-0.1219,1.5708,-0.0114,-0.3667,-0.1276,1.2027,0.3816,0.2122,0,0.00,0.029,0.020,0.008,SHIFT,0.0184,-0.3708,1.5708,-0.0051,0.3924,-0.0764,0.8656,-0.1967,0.0148,1,8.29,0.323,0.811,0.285,SHIFT,-0.1814,0.1460,0.8532,-0.3961,-0.1805,-0.1516,0.8568,0.1828,0.0146,1,0.00,0.006,0.038,0.017,SHIFT,0.1314,0.1606,0.7520,-0.3999,0.1990,-0.1467
38.161,4008,placemove,1.1865,-0.0108,0.2900,-0.0081,-0.3401,0.0130,0.0247,-0.0071,0.0648,0.0548,0.1026,0.0228,1.000,0.000,-0.0088,-0.1093,-0.0081,-0.3401,0.0130,0.0754,0,1.4365,-0.3279,0.3145,1,1.04,0.052,0.189,0.003,SHIFT,-0.5280,-0.4383,1.5707,0.2400,-0.3199,-0.0616,1.4766,0.2758,0.3148,1,3.79,0.278,0.773,0.025,SHIFT,0.3203,-0.3891,1.5704,0.2853,0.2834,-0.0724,1.2227,-0.3763,0.1662,0,0.00,0.023,0.021,0.003,SHIFT,-0.0464,-0.1069,1.5708,-0.0116,-0.3647,-0.1305,1.2051,0.3797,0.2092,0,0.00,0.023,0.014,0.006,SHIFT,0.0163,-0.3482,1.5708,-0.0045,0.3906,-0.0813,0.8657,-0.1967,0.0147,1,6.79,0.132,0.609,0.269,SHIFT,-0.1818,0.1582,0.8354,-0.3965,-0.1805,-0.1533,0.8559,0.1828,0.0164,0,0.00,0.009,0.024,0.015,SHIFT,0.1320,0.1638,0.7432,-0.4005,0.1991,-0.1467
38.221,4012,placemove,1.1868,-0.0109,0.2897,-0.0130,-0.3405,0.0130,0.0167,-0.0140,-0.0767,-0.3079,-0.1862,-0.1070,1.000,0.000,-0.0086,-0.1087,-0.0130,-0.3405,0.0130,0.0244,0,1.4361,-0.3285,0.3153,1,0.00,0.027,0.002,0.001,SHIFT,-0.5299,-0.4374,1.5707,0.2395,-0.3202,-0.0617,1.4767,0.2762,0.3150,1,4.85,0.076,0.783,0.040,SHIFT,0.3229,-0.3973,1.5705,0.2852,0.2843,-0.0706,1.2230,-0.3754,0.1653,1,0.00,0.006,0.128,0.016,SHIFT,-0.0483,-0.0972,1.5708,-0.0120,-0.3634,-0.1323,1.2076,0.3777,0.2042,0,0.00,0.005,0.120,0.021,SHIFT,0.0153,-0.3307,1.5708,-0.0042,0.3892,-0.0851,0.8645,-0.1974,0.0168,0,0.00,0.019,0.180,0.054,SHIFT,-0.1829,0.1472,0.8423,-0.3973,-0.1804,-0.1510,0.8559,0.1821,0.0156,0,0.00,0.040,0.070,0.005,SHIFT,0.1327,0.1667,0.7343,-0.4011,0.1991,-0.1466
38.296,4016,placemove,1.1876,-0.0111,0.2893,-0.0137,-0.3392,0.0124,0.0448,0.0011,0.0091,-0.0007,0.0651,-0.0055,1.000,0.000,-0.0104,-0.1129,-0.0137,-0.3392,0.0124,0.0867,0,1.4360,-0.3293,0.3149,1,2.46,0.048,0.502,0.025,SHIFT,-0.5318,-0.4382,1.5707,0.2391,-0.3205,-0.0616,1.4771,0.2765,0.3152,1,0.00,0.002,0.071,0.009,SHIFT,0.3251,-0.4045,1.5706,0.2850,0.2851,-0.0690,1.2225,-0.3761,0.1653,1,0.00,0.024,0.021,0.002,SHIFT,-0.0506,-0.0993,1.5708,-0.0126,-0.3637,-0.1319,1.2099,0.3761,0.2001,0,0.00,0.003,0.050,0.009,SHIFT,0.0148,-0.3162,1.5708,-0.0040,0.3879,-0.0881,0.8635,-0.1976,0.0180,0,0.00,0.015,0.018,0.006,SHIFT,-0.1835,0.1404,0.8453,-0.3980,-0.1804,-0.1495,0.8562,0.1818,0.0145,1,6.21,0.076,0.369,0.308,SHIFT,0.1335,0.1716,0.7239,-0.4017,0.1991,-0.1470
38.350,4020,placemove,1.1882,-0.0111,0.2894,-0.0134,-0.3387,0.0122,0.0391,-0.0018,0.0104,0.0173,0.0168,-0.0024,1.000,0.000,-0.0114,-0.1106,-0.0134,-0.3387,0.0122,0.1245,0,1.4361,-0.3296,0.3149,1,2.79,0.218,0.554,0.017,SHIFT,-0.5338,-0.4389,1.5707,0.2386,-0.3208,-0.0614,1.4772,0.2771,0.3163,0,0.00,0.016,0.037,0.005,SHIFT,0.3272,-0.4093,1.5706,0.2848,0.2857,-0.0679,1.2223,-0.3763,0.1655,1,0.00,0.023,0.035,0.001,SHIFT,-0.0531,-0.1011,1.5708,-0.0132,-0.3639,-0.1316,1.2113,0.3749,0.1979,0,0.00,0.022,0.026,0.005,SHIFT,0.0151,-0.3042,1.5708,-0.0041,0.3869,-0.0907,0.8630,-0.1976,0.0193,0,0.00,0.010,0.036,0.000,SHIFT,-0.1841,0.1350,0.8464,-0.3987,-0.1805,-0.1482,0.8563,0.1818,0.0144,1,6.39,0.239,0.334,0.332,SHIFT,0.1344,0.1761,0.7140,-0.4023,0.1990,-0.1472
38.423,4024,placemove,1.1889,-0.0111,0.2896,-0.0132,-0.3386,0.0121,0.0370,-0.0006,0.0098,0.0120,-0.0014,-0.0009,1.000,0.000,-0.0118,-0.1091,-0.0132,-0.3386,0.0121,0.1250,0,1.4363,-0.3300,0.3148,1,2.86,0.215,0.561,0.009,STANCE,-0.5359,-0.4392,1.5707,0.2381,-0.3211,-0.0614,1.4773,0.2777,0.3170,0,0.00,0.015,0.034,0.005,STANCE,0.3293,-0.4125,1.5707,0.2845,0.2862,-0.0673,1.2223,-0.3764,0.1656,0,0.00,0.020,0.036,0.001,STANCE,-0.0557,-0.1020,1.5708,-0.0139,-0.3640,-0.1314,1.2125,0.3740,0.1961,0,0.00,0.021,0.026,0.004,STANCE,0.0161,-0.2945,1.5708,-0.0044,0.3860,-0.0927,0.8625,-0.1976,0.0204,0,0.00,0.008,0.036,0.003,SWING,-0.1847,0.1296,0.8472,-0.3994,-0.1805,-0.1469,0.8563,0.1818,0.0144,1,6.25,0.250,0.350,0.302,STANCE,0.1353,0.1797,0.7048,-0.4029,0.1989,-0.1473
38.477,4028,placemove,1.1894,-0.0112,0.2897,-0.0129,-0.3389,0.0121,0.0288,-0.0005,0.0074,0.0090,-0.0125,-0.0001,1.000,0.000,-0.0118,-0.1082,-0.0129,-0.3389,0.0121,0.1250,0,1.4364,-0.3303,0.3148,1,3.20,0.205,0.634,0.010,STANCE,-0.5377,-0.4392,1.5707,0.2376,-0.3213,-0.0614,1.4774,0.2781,0.3177,0,0.00,0.022,0.019,0.003,STANCE,0.3310,-0.4145,1.5707,0.2842,0.2867,-0.0668,1.2225,-0.3762,0.1652,1,0.00,0.012,0.045,0.003,STANCE,-0.0578,-0.1005,1.5708,-0.0144,-0.3637,-0.1317,1.2134,0.3732,0.1947,0,0.00,0.028,0.018,0.002,STANCE,0.0169,-0.2868,1.5708,-0.0046,0.3852,-0.0944,0.8597,-0.1976,0.0255,0,0.00,0.000,0.067,0.054,SWING,-0.1861,0.0928,0.8759,-0.4012,-0.1807,-0.1399,0.8564,0.1818,0.0143,1,6.35,0.288,0.393,0.271,STANCE,0.1361,0.1823,0.6974,-0.4034,0.1988,-0.1473
38.538,4032,placemove,1.1898,-0.0112,0.2898,-0.0131,-0.3389,0.0119,0.0185,-0.0068,0.0059,-0.0345,0.0112,-0.0541,1.000,0.000,-0.0117,-0.1078,-0.0131,-0.3389,0.0119,0.1252,0,1.4364,-0.3305,0.3148,1,0.00,0.007,0.034,0.007,STANCE,-0.5392,-0.4389,1.5708,0.2372,-0.3215,-0.0614,1.4776,0.2783,0.3180,0,0.00,0.028,0.035,0.005,STANCE,0.3323,-0.4160,1.5707,0.2840,0.2870,-0.0665,1.2225,-0.3760,0.1650,1,2.50,0.284,0.624,0.280,STANCE,-0.0595,-0.0991,1.5708,-0.0148,-0.3635,-0.1319,1.2143,0.3724,0.1932,0,0.00,0.026,0.028,0.003,STANCE,0.0175,-0.2786,1.5708,-0.0047,0.3845,-0.0961,0.8538,-0.1973,0.0365,0,0.00,0.010,0.149,0.075,SWING,-0.1892,0.0262,0.9318,-0.4034,-0.1804,-0.1273,0.8565,0.1817,0.0143,1,5.03,0.425,0.169,0.304,STANCE,0.1367,0.1840,0.6918,-0.4039,0.1988,-0.1472
38.581,4036,placemove,1.1902,-0.0112,0.2900,-0.0134,-0.3390,0.0116,0.0203,-0.0028,0.0057,-0.0166,-0.0037,-0.0176,1.000,0.000,-0.0118,-0.1076,-0.0134,-0.3390,0.0116,0.1253,0,1.4364,-0.3309,0.3149,1,0.00,0.020,0.032,0.006,STANCE,-0.5404,-0.4387,1.5708,0.2369,-0.3217,-0.0615,1.4778,0.2784,0.3182,0,0.00,0.016,0.034,0.006,STANCE,0.3334,-0.4170,1.5707,0.2838,0.2872,-0.0663,1.2225,-0.3761,0.1649,1,3.51,0.685,0.700,0.262,STANCE,-0.0609,-0.0981,1.5705,-0.0152,-0.3634,-0.1321,1.2155,0.3714,0.1913,0,0.00,0.022,0.028,0.004,STANCE,0.0177,-0.2691,1.5708,-0.0047,0.3835,-0.0981,0.8464,-0.1970,0.0486,0,0.00,0.008,0.142,0.044,SWING,-0.1935,-0.0405,0.9698,-0.4071,-0.1802,-0.1131,0.8565,0.1817,0.0143,1,4.27,0.808,0.393,0.077,STANCE,0.1371,0.1852,0.6871,-0.4042,0.1988,-0.1471
38.646,4040,placemove,1.1905,-0.0113,0.2900,-0.0136,-0.3391,0.0115,0.0155,-0.0020,0.0045,-0.0111,-0.0050,-0.0099,1.000,0.000,-0.0120,-0.1074,-0.0136,-0.3391,0.0115,0.1253,0,1.4364,-0.3311,0.3149,1,0.00,0.020,0.033,0.006,STANCE,-0.5414,-0.4386,1.5708,0.2367,-0.3218,-0.0615,1.4780,0.2785,0.3184,0,0.00,0.018,0.034,0.006,STANCE,0.3341,-0.4177,1.5707,0.2837,0.2874,-0.0661,1.2225,-0.3761,0.1649,1,3.48,0.677,0.684,0.249,STANCE,-0.0621,-0.0974,1.5702,-0.0154,-0.3634,-0.1323,1.2166,0.3703,0.1893,0,0.00,0.023,0.027,0.004,STANCE,0.0175,-0.2586,1.5708,-0.0047,0.3825,-0.1003,0.8366,-0.1972,0.0621,0,0.00,0.008,0.142,0.021,SWING,-0.1974,-0.1072,0.9887,-0.4120,-0.1805,-0.0970,0.8565,0.1817,0.0143,1,4.33,0.798,0.372,0.093,STANCE,0.1374,0.1861,0.6835,-0.4045,0.1988,-0.1470
38.687,4044,placemove,1.1907,-0.0113,0.2901,-0.0138,-0.3392,0.0114,0.0118,-0.0016,0.0036,-0.0075,-0.0042,-0.0045,1.000,0.000,-0.0122,-0.1074,-0.0138,-0.3392,0.0114,0.1254,0,1.4364,-0.3313,0.3150,1,0.00,0.021,0.033,0.006,STANCE,-0.5423,-0.4385,1.5708,0.2365,-0.3219,-0.0615,1.4781,0.2786,0.3185,0,0.00,0.018,0.035,0.006,STANCE,0.3347,-0.4182,1.5707,0.2836,0.2875,-0.0660,1.2225,-0.3761,0.1648,1,3.48,0.703,0.699,0.274,STANCE,-0.0630,-0.0969,1.5701,-0.0157,-0.3633,-0.1324,1.2178,0.3691,0.1871,0,0.00,0.023,0.027,0.004,STANCE,0.0171,-0.2472,1.5708,-0.0046,0.3813,-0.1026,0.8299,-0.1975,0.0753,0,0.00,0.008,0.147,0.051,SWING,-0.1978,-0.1738,1.0261,-0.4137,-0.1810,-0.0827,0.8566,0.1817,0.0143,1,4.36,0.827,0.382,0.086,STANCE,0.1376,0.1868,0.6808,-0.4048,0.1989,-0.1469
38.751,4048,placemove,1.1909,-0.0113,0.2902,-0.0139,-0.3392,0.0114,0.0091,-0.0012,0.0029,-0.0050,-0.0034,-0.0013,1.000,0.000,-0.0124,-0.1074,-0.0139,-0.3392,0.0114,0.1255,0,1.4363,-0.3314,0.3150,1,0.00,0.021,0.033,0.006,STANCE,-0.5431,-0.4385,1.5708,0.2363,-0.3220,-0.0615,1.4782,0.2786,0.3186,0,0.00,0.020,0.034,0.006,STANCE,0.3350,-0.4186,1.5707,0.2836,0.2876,-0.0659,1.2224,-0.3760,0.1648,1,3.55,0.741,0.691,0.261,STANCE,-0.0639,-0.0966,1.5702,-0.0159,-0.3632,-0.1324,1.2190,0.3678,0.1849,0,0.00,0.025,0.026,0.004,STANCE,0.0165,-0.2352,1.5708,-0.0044,0.3801,-0.1051,0.8282,-0.1984,0.0873,0,0.00,0.006,0.135,0.099,SWING,-0.1919,-0.2405,1.0905,-0.4110,-0.1821,-0.0710,0.8566,0.1817,0.0143,1,4.32,0.843,0.389,0.075,STANCE,0.1377,0.1873,0.6786,-0.4049,0.1989,-0.1469
38.795,4052,placemove,1.1910,-0.0113,0.2902,-0.0139,-0.3392,0.0115,0.0078,-0.0008,0.0032,-0.0016,0.0016,0.0043,1.000,0.000,-0.0125,-0.1074,-0.0139,-0.3392,0.0115,0.1255,0,1.4363,-0.3315,0.3150,1,0.00,0.020,0.033,0.006,STANCE,-0.5438,-0.4385,1.5708,0.2361,-0.3221,-0.0615,1.4783,0.2786,0.3186,0,0.00,0.020,0.033,0.006,STANCE,0.3351,-0.4182,1.5707,0.2835,0.2876,-0.0660,1.2224,-0.3760,0.1647,1,3.33,0.604,0.588,0.150,STANCE,-0.0647,-0.0963,1.5701,-0.0161,-0.3632,-0.1325,1.2202,0.3664,0.1826,0,0.00,0.025,0.025,0.004,STANCE,0.0157,-0.2228,1.5708,-0.0041,0.3788,-0.1076,0.8285,-0.2008,0.0994,0,0.00,0.005,0.136,0.099,SWING,-0.1796,-0.3072,1.1572,-0.4067,-0.1849,-0.0598,0.8566,0.1817,0.0144,1,4.69,0.686,0.347,0.136,STANCE,0.1377,0.1878,0.6770,-0.4050,0.1989,-0.1468
38.858,4056,placemove,1.1911,-0.0113,0.2903,-0.0140,-0.3392,0.0116,0.0063,-0.0007,0.0024,-0.0015,0.0016,0.0058,1.000,0.000,-0.0125,-0.1073,-0.0140,-0.3392,0.0116,0.1255,0,1.4363,-0.3316,0.3150,1,0.00,0.020,0.033,0.006,STANCE,-0.5444,-0.4385,1.5708,0.2360,-0.3222,-0.0615,1.4785,0.2785,0.3180,0,0.00,0.020,0.031,0.007,STANCE,0.3350,-0.4150,1.5707,0.2834,0.2874,-0.0667,1.2224,-0.3760,0.1647,1,3.36,0.608,0.576,0.134,STANCE,-0.0653,-0.0962,1.5700,-0.0162,-0.3632,-0.1325,1.2214,0.3650,0.1803,0,0.00,0.025,0.025,0.004,STANCE,0.0147,-0.2100,1.5708,-0.0039,0.3774,-0.1102,0.8301,-0.2043,0.1117,0,0.00,0.006,0.136,0.099,SWING,-0.1631,-0.3739,1.2239,-0.4012,-0.1886,-0.0488,0.8566,0.1817,0.0144,1,4.67,0.693,0.355,0.127,STANCE,0.1376,0.1882,0.6758,-0.4051,0.1990,-0.1468
38.898,4060,placemove,1.1912,-0.0114,0.2903,-0.0140,-0.3392,0.0117,0.0051,-0.0006,0.0019,-0.0015,0.0015,0.0068,1.000,0.000,-0.0126,-0.1073,-0.0140,-0.3392,0.0117,0.1256,0,1.4363,-0.3316,0.3150,1,0.00,0.021,0.033,0.006,STANCE,-0.5449,-0.4385,1.5708,0.2358,-0.3223,-0.0615,1.4788,0.2782,0.3169,0,0.00,0.020,0.029,0.007,STANCE,0.3346,-0.4095,1.5707,0.2832,0.2871,-0.0679,1.2224,-0.3760,0.1647,1,3.38,0.618,0.570,0.127,STANCE,-0.0659,-0.0961,1.5699,-0.0164,-0.3632,-0.1325,1.2226,0.3635,0.1780,0,0.00,0.026,0.025,0.004,STANCE,0.0137,-0.1969,1.5708,-0.0036,0.3759,-0.1129,0.8324,-0.2074,0.1240,0,0.00,0.008,0.136,0.099,SWING,-0.1473,-0.4405,1.2905,-0.3951,-0.1916,-0.0381,0.8566,0.1817,0.0145,1,4.67,0.697,0.356,0.126,STANCE,0.1376,0.1884,0.6749,-0.4052,0.1990,-0.1468
38.962,4064,placemove,1.1913,-0.0114,0.2903,-0.0141,-0.3390,0.0118,0.0022,0.0002,0.0011,-0.0053,0.0045,0.0074,1.000,0.000,-0.0126,-0.1073,-0.0141,-0.3390,0.0118,0.1256,0,1.4363,-0.3317,0.3150,1,0.63,0.109,0.071,0.004,STANCE,-0.5454,-0.4385,1.5708,0.2357,-0.3223,-0.0615,1.4792,0.2777,0.3153,0,0.00,0.017,0.068,0.015,STANCE,0.3341,-0.4023,1.5708,0.2830,0.2866,-0.0695,1.2224,-0.3760,0.1647,1,2.76,0.642,0.386,0.052,STANCE,-0.0664,-0.0960,1.5699,-0.0165,-0.3632,-0.1325,1.2238,0.3620,0.1756,0,0.00,0.028,0.039,0.006,STANCE,0.0126,-0.1837,1.5708,-0.0033,0.3744,-0.1155,0.8356,-0.2098,0.1345,0,0.00,0.013,0.066,0.089,SWING,-0.1322,-0.4930,1.3511,-0.3886,-0.1941,-0.0307,0.8566,0.1817,0.0145,1,4.18,0.790,0.313,0.128,STANCE,0.1375,0.1886,0.6742,-0.4052,0.1991,-0.1468
39.012,4068,placemove,1.1912,-0.0112,0.2907,-0.0129,-0.3408,0.0123,-0.0094,0.0095,0.0231,0.0659,-0.0995,0.0412,1.000,0.000,-0.0124,-0.1076,-0.0129,-0.3408,0.0123,0.0883,0,1.4364,-0.3314,0.3153,1,0.00,0.014,0.032,0.007,STANCE,-0.5458,-0.4385,1.5708,0.2356,-0.3224,-0.0615,1.4792,0.2776,0.3149,1,5.09,0.359,1.308,0.954,STANCE,0.3336,-0.3956,1.5705,0.2828,0.2862,-0.0710,1.2227,-0.3757,0.1647,1,3.78,0.244,0.957,0.266,STANCE,-0.0669,-0.0959,1.5701,-0.0166,-0.3631,-0.1325,1.2248,0.3608,0.1740,0,0.00,0.023,0.021,0.003,STANCE,0.0114,-0.1704,1.5708,-0.0029,0.3729,-0.1181,0.8483,-0.2119,0.1237,0,0.00,0.015,0.055,0.064,SWING,-0.1152,-0.4434,1.3918,-0.3804,-0.1963,-0.0468,0.8567,0.1819,0.0146,1,3.43,0.557,0.686,0.168,STANCE,0.1374,0.1888,0.6735,-0.4052,0.1991,-0.1467
39.090,4072,placemove,1.1910,-0.0111,0.2910,-0.0120,-0.3421,0.0125,-0.0134,-0.0034,0.0175,0.0426,-0.0641,0.0269,1.000,0.000,-0.0117,-0.1085,-0.0120,-0.3421,0.0125,0.0886,0,1.4363,-0.3312,0.3157,1,0.00,0.017,0.032,0.007,STANCE,-0.5460,-0.4385,1.5708,0.2355,-0.3224,-0.0615,1.4791,0.2775,0.3148,1,5.14,0.362,1.319,0.962,STANCE,0.3332,-0.3907,1.5704,0.2827,0.2858,-0.0720,1.2228,-0.3754,0.1646,1,3.74,0.221,0.966,0.288,STANCE,-0.0672,-0.0956,1.5702,-0.0167,-0.3630,-0.1326,1.2258,0.3594,0.1724,0,0.00,0.022,0.023,0.002,STANCE,0.0101,-0.1572,1.5708,-0.0026,0.3713,-0.1207,0.8538,-0.2175,0.1115,0,0.00,0.022,0.065,0.101,SWING,-0.0975,-0.3767,1.3427,-0.3805,-0.2023,-0.0590,0.8568,0.1821,0.0146,1,3.45,0.556,0.691,0.169,STANCE,0.1372,0.1891,0.6730,-0.4052,0.1992,-0.1468
39.161,4076,placemove,1.1909,-0.0112,0.2910,-0.0113,-0.3422,0.0128,0.0109,-0.0036,-0.0052,0.0386,0.0160,0.0256,1.000,0.000,-0.0111,-0.1093,-0.0113,-0.3422,0.0128,0.1264,0,1.4363,-0.3313,0.3156,0,0.00,0.025,0.033,0.007,SHIFT,-0.5463,-0.4385,1.5708,0.2355,-0.3225,-0.0615,1.4788,0.2774,0.3148,1,2.99,0.384,0.519,0.025,SHIFT,0.3331,-0.3896,1.5705,0.2827,0.2858,-0.0723,1.2228,-0.3755,0.1646,1,5.00,0.385,0.358,0.489,SHIFT,-0.0676,-0.0971,1.5703,-0.0168,-0.3632,-0.1323,1.2267,0.3578,0.1705,0,0.00,0.030,0.023,0.003,SHIFT,0.0090,-0.1442,1.5708,-0.0023,0.3697,-0.1233,0.8650,-0.2191,0.0982,0,0.00,0.014,0.012,0.052,SHIFT,-0.0862,-0.3143,1.3624,-0.3729,-0.2026,-0.0759,0.8567,0.1820,0.0146,1,5.08,0.066,0.565,0.041,SHIFT,0.1371,0.1899,0.6717,-0.4052,0.1992,-0.1469
39.272,4080,placemove,1.1911,-0.0113,0.2910,-0.0108,-0.3419,0.0130,0.0141,-0.0041,-0.0006,0.0201,0.0168,0.0157,1.000,0.000,-0.0104,-0.1097,-0.0108,-0.3419,0.0130,0.0887,0,1.4365,-0.3313,0.3152,1,0.00,0.021,0.034,0.006,SHIFT,-0.5469,-0.4384,1.5708,0.2353,-0.3225,-0.0615,1.4789,0.2775,0.3147,1,3.02,0.298,0.556,0.015,SHIFT,0.3335,-0.3896,1.5705,0.2826,0.2858,-0.0723,1.2228,-0.3757,0.1646,1,4.98,0.307,0.390,0.474,SHIFT,-0.0685,-0.0985,1.5704,-0.0170,-0.3634,-0.1321,1.2277,0.3561,0.1683,0,0.00,0.026,0.024,0.003,SHIFT,0.0084,-0.1312,1.5708,-0.0021,0.3681,-0.1258,0.8792,-0.2173,0.0872,0,0.00,0.011,0.014,0.040,SHIFT,-0.0787,-0.2646,1.4007,-0.3636,-0.2007,-0.0903,0.8567,0.1820,0.0146,1,4.97,0.057,0.528,0.060,SHIFT,0.1370,0.1914,0.6688,-0.4053,0.1993,-0.1470
39.333,4084,placemove,1.1914,-0.0114,0.2910,-0.0105,-0.3416,0.0131,0.0156,-0.0034,0.0041,0.0080,0.0101,0.0064,1.000,0.000,-0.0099,-0.1097,-0.0105,-0.3416,0.0131,0.0888,0,1.4366,-0.3314,0.3150,1,0.00,0.020,0.033,0.006,SHIFT,-0.5476,-0.4381,1.5708,0.2351,-0.3226,-0.0616,1.4789,0.2776,0.3147,1,2.93,0.242,0.579,0.015,SHIFT,0.3342,-0.3896,1.5706,0.2824,0.2860,-0.0723,1.2228,-0.3758,0.1645,1,5.00,0.349,0.476,0.375,SHIFT,-0.0695,-0.0990,1.5706,-0.0173,-0.3634,-0.1320,1.2288,0.3545,0.1661,0,0.00,0.026,0.024,0.003,SHIFT,0.0082,-0.1182,1.5708,-0.0021,0.3665,-0.1283,0.8906,-0.2154,0.0792,0,0.00,0.011,0.015,0.028,SHIFT,-0.0729,-0.2236,1.4286,-0.3559,-0.1988,-0.1013,0.8567,0.1820,0.0146,1,4.90,0.051,0.528,0.054,SHIFT,0.1371,0.1932,0.6647,-0.4055,0.1993,-0.1471
39.432,4088,placemove,1.1914,-0.0114,0.2914,-0.0095,-0.3421,0.0135,-0.0178,0.0017,0.0419,0.1217,-0.0827,0.0708,1.000,0.000,-0.0095,-0.1096,-0.0095,-0.3421,0.0135,0.0965,0,1.4367,-0.3314,0.3150,1,0.00,0.002,0.035,0.005,SHIFT,-0.5486,-0.4377,1.5708,0.2349,-0.3227,-0.0617,1.4786,0.2779,0.3152,1,0.00,0.049,0.111,0.019,SHIFT,0.3352,-0.3895,1.5706,0.2822,0.2861,-0.0723,1.2228,-0.3757,0.1645,1,9.60,0.655,2.625,1.083,SHIFT,-0.0707,-0.0990,1.5706,-0.0176,-0.3634,-0.1320,1.2294,0.3531,0.1647,1,11.20,0.771,2.940,1.362,SHIFT,0.0083,-0.1078,1.5708,-0.0021,0.3651,-0.1303,0.8999,-0.2137,0.0730,0,0.00,0.019,0.014,0.025,SHIFT,-0.0685,-0.1884,1.4473,-0.3496,-0.1972,-0.1100,0.8565,0.1820,0.0149,1,0.00,0.064,0.047,0.013,SHIFT,0.1373,0.1952,0.6597,-0.4058,0.1994,-0.1471
39.494,4092,placemove,1.1909,-0.0113,0.2922,-0.0072,-0.3447,0.0138,-0.0350,0.0031,0.0356,0.1827,-0.2082,0.0714,1.000,0.000,-0.0085,-0.1102,-0.0072,-0.3447,0.0138,0.0774,0,1.4363,-0.3313,0.3155,1,0.00,0.006,0.034,0.006,SHIFT,-0.5495,-0.4372,1.5708,0.2346,-0.3228,-0.0618,1.4776,0.2784,0.3172,0,0.00,0.008,0.047,0.008,SHIFT,0.3363,-0.3893,1.5707,0.2820,0.2863,-0.0723,1.2228,-0.3753,0.1644,1,0.00,0.006,0.049,0.008,SHIFT,-0.0720,-0.0984,1.5705,-0.0179,-0.3633,-0.1321,1.2294,0.3521,0.1645,1,1.39,0.090,0.339,0.161,SHIFT,0.0089,-0.0975,1.5708,-0.0022,0.3638,-0.1322,0.9076,-0.2121,0.0675,0,0.00,0.015,0.046,0.015,SHIFT,-0.0650,-0.1573,1.4585,-0.3446,-0.1958,-0.1172,0.8562,0.1823,0.0151,0,0.00,0.031,0.021,0.013,SHIFT,0.1376,0.1975,0.6541,-0.4061,0.1994,-0.1472
39.564,4096,placemove,1.1907,-0.0114,0.2921,-0.0051,-0.3446,0.0140,0.0143,0.0002,0.0016,-0.0197,0.1437,-0.0128,1.000,0.000,-0.0067,-0.1214,-0.0051,-0.3446,0.0140,0.1263,0,1.4362,-0.3312,0.3149,1,3.83,0.374,0.693,0.037,SHIFT,-0.5500,-0.4383,1.5708,0.2346,-0.3230,-0.0615,1.4769,0.2786,0.3175,0,0.00,0.043,0.001,0.003,SHIFT,0.3369,-0.3871,1.5707,0.2817,0.2863,-0.0728,1.2214,-0.3769,0.1660,1,0.00,0.035,0.060,0.000,SHIFT,-0.0740,-0.1157,1.5706,-0.0186,-0.3655,-0.1288,1.2278,0.3536,0.1668,1,0.00,0.052,0.015,0.003,SHIFT,0.0106,-0.1086,1.5708,-0.0027,0.3652,-0.1301,0.9140,-0.2106,0.0617,0,0.00,0.011,0.027,0.004,SHIFT,-0.0619,-0.1242,1.4604,-0.3404,-0.1946,-0.1242,0.8558,0.1826,0.0148,1,8.25,0.368,0.305,0.472,SHIFT,0.1377,0.2029,0.6458,-0.4062,0.1994,-0.1478
39.626,4100,placemove,1.1913,-0.0113,0.2920,-0.0069,-0.3418,0.0135,0.0497,0.0086,-0.0107,-0.1673,0.1941,-0.1082,1.000,0.000,-0.0057,-0.1179,-0.0069,-0.3418,0.0135,0.1272,0,1.4363,-0.3315,0.3149,1,4.40,0.328,0.837,0.023,SHIFT,-0.5505,-0.4391,1.5708,0.2345,-0.3231,-0.0614,1.4777,0.2783,0.3154,0,0.00,0.020,0.004,0.004,SHIFT,0.3376,-0.3831,1.5707,0.2814,0.2862,-0.0737,1.2200,-0.3785,0.1684,0,0.00,0.026,0.052,0.000,SHIFT,-0.0756,-0.1270,1.5706,-0.0191,-0.3669,-0.1266,1.2275,0.3544,0.1673,0,0.00,0.032,0.018,0.001,SHIFT,0.0121,-0.1156,1.5708,-0.0030,0.3661,-0.1288,0.9191,-0.2097,0.0579,0,0.00,0.005,0.026,0.009,SHIFT,-0.0593,-0.0940,1.4580,-0.3370,-0.1937,-0.1304,0.8559,0.1826,0.0147,1,6.84,0.298,0.641,0.096,SHIFT,0.1378,0.2083,0.6372,-0.4064,0.1995,-0.1484
39.702,4104,placemove,1.1916,-0.0115,0.2923,-0.0050,-0.3430,0.0139,0.0134,-0.0162,0.0146,0.0964,-0.0903,0.0480,1.000,0.000,-0.0055,-0.1150,-0.0050,-0.3430,0.0139,0.0775,0,1.4368,-0.3316,0.3147,1,6.70,0.292,1.466,0.197,SHIFT,-0.5513,-0.4388,1.5707,0.2343,-0.3232,-0.0614,1.4778,0.2783,0.3149,1,3.61,0.386,0.894,0.638,SHIFT,0.3386,-0.3778,1.5705,0.2809,0.2861,-0.0749,1.2199,-0.3793,0.1692,0,0.00,0.028,0.111,0.009,SHIFT,-0.0772,-0.1328,1.5707,-0.0195,-0.3676,-0.1255,1.2271,0.3548,0.1684,0,0.00,0.028,0.004,0.007,SHIFT,0.0138,-0.1181,1.5708,-0.0035,0.3664,-0.1283,0.9241,-0.2089,0.0537,0,0.00,0.023,0.050,0.012,SHIFT,-0.0576,-0.0686,1.4534,-0.3343,-0.1929,-0.1354,0.8560,0.1826,0.0146,1,8.29,0.621,1.322,0.171,SHIFT,0.1382,0.2116,0.6293,-0.4068,0.1995,-0.1485
39.745,4108,placemove,1.1918,-0.0117,0.2926,-0.0036,-0.3446,0.0140,0.0104,-0.0126,0.0172,0.0677,-0.0875,0.0260,1.000,0.000,-0.0046,-0.1138,-0.0036,-0.3446,0.0140,0.0779,0,1.4370,-0.3318,0.3147,1,3.87,0.053,0.810,0.040,SHIFT,-0.5522,-0.4379,1.5707,0.2340,-0.3232,-0.0616,1.4777,0.2781,0.3149,1,2.54,0.294,0.611,0.442,SHIFT,0.3399,-0.3730,1.5704,0.2804,0.2861,-0.0759,1.2201,-0.3795,0.1692,0,0.00,0.024,0.035,0.001,SHIFT,-0.0786,-0.1340,1.5707,-0.0199,-0.3677,-0.1253,1.2268,0.3547,0.1690,0,0.00,0.024,0.031,0.001,SHIFT,0.0156,-0.1174,1.5708,-0.0039,0.3663,-0.1285,0.9283,-0.2082,0.0498,0,0.00,0.011,0.017,0.011,SHIFT,-0.0563,-0.0461,1.4468,-0.3323,-0.1922,-0.1398,0.8561,0.1825,0.0146,1,6.00,0.234,0.847,0.072,SHIFT,0.1386,0.2139,0.6225,-0.4073,0.1995,-0.1485
39.805,4112,placemove,1.1920,-0.0119,0.2928,-0.0027,-0.3459,0.0140,0.0127,-0.0098,0.0157,0.0461,-0.0725,0.0132,1.000,0.000,-0.0036,-0.1138,-0.0027,-0.3459,0.0140,0.0782,0,1.4371,-0.3319,0.3147,1,3.85,0.052,0.813,0.048,SHIFT,-0.5531,-0.4366,1.5707,0.2338,-0.3233,-0.0619,1.4776,0.2780,0.3148,1,2.57,0.298,0.615,0.445,SHIFT,0.3413,-0.3691,1.5704,0.2799,0.2861,-0.0767,1.2204,-0.3793,0.1687,0,0.00,0.025,0.032,0.002,SHIFT,-0.0798,-0.1315,1.5707,-0.0202,-0.3674,-0.1258,1.2268,0.3543,0.1690,0,0.00,0.024,0.030,0.002,SHIFT,0.0173,-0.1142,1.5708,-0.0043,0.3659,-0.1291,0.9317,-0.2077,0.0464,0,0.00,0.011,0.017,0.014,SHIFT,-0.0553,-0.0254,1.4383,-0.3307,-0.1917,-0.1437,0.8561,0.1825,0.0145,1,6.02,0.243,0.841,0.068,SHIFT,0.1392,0.2159,0.6160,-0.4077,0.1995,-0.1484
39.845,4116,placemove,1.1922,-0.0121,0.2930,-0.0021,-0.3472,0.0139,0.0125,-0.0073,0.0009,0.0259,-0.1018,0.0035,1.000,0.000,-0.0027,-0.1142,-0.0021,-0.3472,0.0139,0.0784,0,1.4372,-0.3321,0.3146,1,3.50,0.056,0.714,0.018,STANCE,-0.5538,-0.4354,1.5707,0.2335,-0.3233,-0.0622,1.4775,0.2780,0.3148,1,2.56,0.382,0.582,0.415,STANCE,0.3428,-0.3662,1.5704,0.2795,0.2862,-0.0774,1.2210,-0.3787,0.1677,0,0.00,0.020,0.026,0.002,STANCE,-0.0806,-0.1261,1.5708,-0.0203,-0.3667,-0.1268,1.2271,0.3535,0.1685,0,0.00,0.021,0.025,0.002,STANCE,0.0188,-0.1091,1.5708,-0.0047,0.3652,-0.1301,0.9348,-0.2073,0.0432,0,0.00,0.009,0.012,0.015,STANCE,-0.0545,-0.0059,1.4281,-0.3294,-0.1913,-0.1473,0.8562,0.1825,0.0145,1,4.97,0.303,0.808,0.125,SWING,0.1397,0.2169,0.6109,-0.4082,0.1995,-0.1481
39.905,4120,placemove,1.1924,-0.0121,0.2917,-0.0023,-0.3540,0.0138,0.0141,-0.0014,-0.1507,-0.0240,-0.6374,-0.0115,1.000,0.000,-0.0022,-0.1157,-0.0023,-0.3540,0.0138,0.0765,0,1.4372,-0.3322,0.3147,1,0.37,0.016,0.066,0.005,STANCE,-0.5543,-0.4344,1.5708,0.2334,-0.3233,-0.0624,1.4775,0.2780,0.3148,1,0.91,0.000,0.193,0.125,STANCE,0.3441,-0.3644,1.5704,0.2791,0.2863,-0.0778,1.2223,-0.3779,0.1656,0,0.00,0.012,0.021,0.002,STANCE,-0.0808,-0.1186,1.5708,-0.0203,-0.3657,-0.1282,1.2284,0.3526,0.1664,0,0.00,0.003,0.018,0.004,STANCE,0.0197,-0.1024,1.5708,-0.0049,0.3644,-0.1313,0.9386,-0.2070,0.0378,0,0.00,0.005,0.046,0.012,STANCE,-0.0537,0.0129,1.4170,-0.3283,-0.1909,-0.1508,0.8552,0.1826,0.0156,1,0.00,0.003,0.004,0.074,SWING,0.1407,0.1827,0.6432,-0.4096,0.1997,-0.1421
39.980,4124,placemove,1.1917,-0.0120,0.2905,-0.0034,-0.3591,0.0134,-0.0165,-0.0013,-0.0408,0.0628,0.2087,0.0179,1.000,0.000,-0.0026,-0.1248,-0.0034,-0.3591,0.0134,0.0501,0,1.4361,-0.3323,0.3154,1,0.00,0.246,0.186,0.018,STANCE,-0.5542,-0.4351,1.5708,0.2334,-0.3234,-0.0623,1.4765,0.2784,0.3161,1,0.00,0.130,0.110,0.011,STANCE,0.3454,-0.3717,1.5705,0.2792,0.2870,-0.0762,1.2221,-0.3781,0.1650,1,8.70,1.887,0.837,0.253,STANCE,-0.0807,-0.1215,1.5708,-0.0203,-0.3661,-0.1277,1.2287,0.3527,0.1650,1,0.00,0.105,0.148,0.006,STANCE,0.0204,-0.1050,1.5708,-0.0051,0.3647,-0.1308,0.9420,-0.2067,0.0316,0,0.00,0.147,0.314,0.049,STANCE,-0.0523,0.0358,1.4009,-0.3272,-0.1907,-0.1549,0.8548,0.1828,0.0145,0,29.51,0.962,1.000,1.547,SWING,0.1411,0.1724,0.6523,-0.4101,0.1997,-0.1402
40.079,4128,placemove,1.1914,-0.0120,0.2893,-0.0036,-0.3622,0.0132,-0.0152,0.0081,-0.0481,0.0009,-0.1112,-0.0102,1.000,0.000,-0.0029,-0.1322,-0.0036,-0.3622,0.0132,0.0742,0,1.4356,-0.3325,0.3157,1,0.00,0.004,0.094,0.017,STANCE,-0.5534,-0.4388,1.5708,0.2337,-0.3235,-0.0614,1.4756,0.2793,0.3188,0,0.00,0.070,0.081,0.012,STANCE,0.3462,-0.3855,1.5706,0.2797,0.2879,-0.0732,1.2219,-0.3787,0.1649,1,6.82,0.749,0.470,0.646,STANCE,-0.0797,-0.1260,1.5708,-0.0201,-0.3667,-0.1268,1.2284,0.3533,0.1649,1,6.42,1.075,0.438,0.510,STANCE,0.0202,-0.1100,1.5708,-0.0051,0.3653,-0.1299,0.9454,-0.2065,0.0256,0,0.00,0.015,0.054,0.019,STANCE,-0.0501,0.0643,1.3793,-0.3257,-0.1907,-0.1600,0.8503,0.1825,0.0200,0,0.00,0.066,0.047,0.093,SWING,0.1439,0.1264,0.6939,-0.4120,0.1995,-0.1318
40.129,4132,placemove,1.1911,-0.0119,0.2881,-0.0038,-0.3647,0.0128,-0.0199,0.0082,-0.1392,-0.0153,-0.1592,-0.0215,1.000,0.000,-0.0031,-0.1455,-0.0038,-0.3647,0.0128,0.1211,0,1.4351,-0.3325,0.3164,0,0.00,0.000,0.006,0.001,STANCE,-0.5523,-0.4439,1.5708,0.2341,-0.3236,-0.0603,1.4749,0.2799,0.3205,0,0.00,0.001,0.012,0.001,STANCE,0.3463,-0.3954,1.5706,0.2801,0.2885,-0.0710,1.2208,-0.3804,0.1665,1,0.00,0.001,0.023,0.007,STANCE,-0.0795,-0.1438,1.5708,-0.0202,-0.3689,-0.1234,1.2273,0.3554,0.1666,1,0.00,0.002,0.029,0.007,STANCE,0.0208,-0.1295,1.5708,-0.0053,0.3679,-0.1261,0.9488,-0.2063,0.0197,0,0.00,0.001,0.028,0.032,STANCE,-0.0475,0.0929,1.3571,-0.3243,-0.1906,-0.1651,0.8527,0.1828,0.0156,0,0.00,0.000,0.014,0.013,SWING,0.1427,0.1399,0.6869,-0.4109,0.1995,-0.1348
40.229,4136,placemove,1.1907,-0.0119,0.2869,-0.0048,-0.3620,0.0139,-0.0254,0.0001,-0.0606,-0.3355,-0.3558,-0.0594,1.000,0.000,-0.0029,-0.1650,-0.0048,-0.3620,0.0139,0.1191,0,1.4351,-0.3326,0.3165,1,0.00,0.016,0.084,0.011,STANCE,-0.5504,-0.4532,1.5708,0.2349,-0.3238,-0.0582,1.4738,0.2811,0.3223,0,0.00,0.005,0.053,0.003,STANCE,0.3460,-0.4150,1.5707,0.2810,0.2894,-0.0667,1.2183,-0.3839,0.1704,0,0.00,0.024,0.064,0.000,STANCE,-0.0788,-0.1715,1.5708,-0.0203,-0.3722,-0.1179,1.2239,0.3593,0.1707,0,0.00,0.007,0.007,0.009,STANCE,0.0211,-0.1602,1.5708,-0.0054,0.3716,-0.1202,0.9511,-0.2065,0.0157,0,0.00,0.029,0.041,0.016,STANCE,-0.0442,0.1173,1.3411,-0.3224,-0.1906,-0.1695,0.8514,0.1822,0.0177,1,0.00,0.007,0.031,0.120,SWING,0.1428,0.1099,0.7280,-0.4104,0.1992,-0.1307
40.306,4140,placemove,1.1901,-0.0116,0.2869,-0.0060,-0.3611,0.0120,-0.0428,0.0146,-0.0212,0.0867,-0.1886,-0.0942,1.000,0.000,-0.0043,-0.1637,-0.0060,-0.3611,0.0120,0.2707,0,1.4338,-0.3330,0.3190,0,0.00,0.004,0.053,0.007,STANCE,-0.5485,-0.4620,1.5708,0.2356,-0.3240,-0.0563,1.4730,0.2817,0.3260,0,0.00,0.010,0.077,0.007,STANCE,0.3460,-0.4352,1.5707,0.2819,0.2904,-0.0622,1.2153,-0.3866,0.1752,0,0.00,0.014,0.026,0.004,STANCE,-0.0776,-0.1934,1.5708,-0.0202,-0.3748,-0.1136,1.2223,0.3621,0.1743,0,0.00,0.019,0.040,0.002,STANCE,0.0209,-0.1838,1.5708,-0.0054,0.3744,-0.1155,0.9513,-0.2063,0.0159,1,0.00,0.009,0.017,0.055,STANCE,-0.0424,0.1143,1.3506,-0.3214,-0.1906,-0.1691,0.8542,0.1830,0.0203,0,0.00,0.009,0.040,0.116,SWING,0.1357,0.0864,0.7946,-0.4053,0.1997,-0.1308
40.379,4144,placemove,1.1893,-0.0114,0.2858,-0.0048,-0.3704,0.0102,-0.0495,0.0111,-0.0914,0.0628,-0.8377,-0.0784,1.000,0.000,-0.0047,-0.1784,-0.0048,-0.3704,0.0102,nan,0,1.4322,-0.3334,0.3218,0,0.00,0.005,0.061,0.008,STANCE,-0.5467,-0.4714,1.5708,0.2363,-0.3242,-0.0542,1.4716,0.2824,0.3319,0,0.00,0.006,0.077,0.008,STANCE,0.3457,-0.4543,1.5707,0.2827,0.2912,-0.0580,1.2139,-0.3883,0.1775,0,0.00,0.015,0.028,0.002,STANCE,-0.0760,-0.2108,1.5708,-0.0199,-0.3767,-0.1101,1.2217,0.3646,0.1777,0,0.00,0.017,0.033,0.002,STANCE,0.0200,-0.2019,1.5708,-0.0052,0.3765,-0.1119,0.9518,-0.2053,0.0159,0,0.00,0.012,0.024,0.042,STANCE,-0.0413,0.0974,1.3734,-0.3207,-0.1906,-0.1663,0.8627,0.1861,0.0181,0,0.00,0.008,0.038,0.120,SWING,0.1216,0.0679,0.8613,-0.3985,0.2019,-0.1321
40.431,4148,placemove,1.1882,-0.0113,0.2848,-0.0070,-0.3771,0.0083,-0.0834,0.0044,-0.0296,-0.1788,-0.1210,-0.1900,1.000,0.000,-0.0048,-0.2049,-0.0070,-0.3771,0.0083,0.2703,0,1.4298,-0.3340,0.3262,0,0.00,0.017,0.040,0.003,STANCE,-0.5443,-0.4849,1.5708,0.2372,-0.3245,-0.0511,1.4700,0.2826,0.3376,0,0.00,0.019,0.057,0.003,STANCE,0.3445,-0.4765,1.5707,0.2837,0.2920,-0.0530,1.2124,-0.3899,0.1800,0,0.00,0.021,0.042,0.000,STANCE,-0.0726,-0.2239,1.5708,-0.0191,-0.3782,-0.1074,1.2220,0.3661,0.1792,0,0.00,0.021,0.056,0.001,STANCE,0.0168,-0.2160,1.5708,-0.0044,0.3780,-0.1090,0.9532,-0.2049,0.0146,1,2.78,0.152,0.743,0.247,STANCE,-0.0391,0.0924,1.3866,-0.3195,-0.1905,-0.1655,0.8714,0.1896,0.0160,0,0.00,0.003,0.059,0.100,SWING,0.1039,0.0488,0.9280,-0.3911,0.2049,-0.1328
40.491,4152,placemove,1.1866,-0.0113,0.2845,-0.0101,-0.3762,0.0066,-0.1033,0.0033,-0.0090,-0.1630,0.1366,-0.1499,1.000,0.000,-0.0063,-0.2309,-0.0101,-0.3762,0.0066,0.2700,0,1.4268,-0.3349,0.3308,0,0.00,0.032,0.052,0.004,STANCE,-0.5416,-0.5031,1.5708,0.2383,-0.3249,-0.0470,1.4685,0.2826,0.3416,0,0.00,0.017,0.056,0.005,STANCE,0.3422,-0.5000,1.5707,0.2850,0.2924,-0.0477,1.2100,-0.3914,0.1832,0,0.00,0.035,0.042,0.000,STANCE,-0.0676,-0.2341,1.5708,-0.0179,-0.3794,-0.1053,1.2219,0.3670,0.1804,0,0.00,0.028,0.042,0.001,STANCE,0.0115,-0.2267,1.5708,-0.0030,0.3792,-0.1068,0.9532,-0.2049,0.0146,1,4.14,0.115,0.423,0.158,STANCE,-0.0357,0.0991,1.3913,-0.3175,-0.1904,-0.1668,0.8796,0.1922,0.0157,0,0.00,0.009,0.036,0.100,SWING,0.0857,0.0416,0.9946,-0.3819,0.2070,-0.1363
40.542,4156,placemove,1.1846,-0.0112,0.2846,-0.0057,-0.3654,0.0065,-0.1200,-0.0032,-0.0014,0.4257,0.8058,0.2675,1.000,0.000,-0.0075,-0.2513,-0.0057,-0.3654,0.0065,0.2697,0,1.4249,-0.3353,0.3324,0,0.00,0.069,0.063,0.007,SHIFT,-0.5391,-0.5240,1.5708,0.2394,-0.3254,-0.0423,1.4664,0.2829,0.3450,0,0.00,0.019,0.056,0.005,SHIFT,0.3391,-0.5222,1.5708,0.2863,0.2926,-0.0427,1.2081,-0.3920,0.1841,0,0.00,0.082,0.044,0.003,SHIFT,-0.0619,-0.2424,1.5708,-0.0164,-0.3804,-0.1036,1.2198,0.3683,0.1833,0,0.00,0.013,0.029,0.002,SHIFT,0.0048,-0.2346,1.5708,-0.0013,0.3801,-0.1052,0.9519,-0.2042,0.0148,1,3.39,0.539,0.249,0.180,SHIFT,-0.0314,0.1127,1.3899,-0.3151,-0.1904,-0.1693,0.8904,0.1929,0.0149,1,0.75,0.034,0.263,0.199,SHIFT,0.0674,0.0637,1.0613,-0.3687,0.2069,-0.1465
40.603,4160,placemove,1.1827,-0.0114,0.2849,-0.0005,-0.3537,0.0110,-0.1185,-0.0097,0.0424,0.1871,0.5766,0.3712,1.000,0.000,-0.0050,-0.2628,-0.0005,-0.3537,0.0110,0.2700,0,1.4246,-0.3347,0.3325,0,0.00,0.012,0.073,0.009,SHIFT,-0.5382,-0.5434,1.5708,0.2400,-0.3259,-0.0379,1.4629,0.2843,0.3480,0,0.00,0.018,0.051,0.005,SHIFT,0.3365,-0.5416,1.5708,0.2874,0.2927,-0.0383,1.2079,-0.3921,0.1835,0,0.00,0.017,0.053,0.004,SHIFT,-0.0579,-0.2475,1.5708,-0.0154,-0.3810,-0.1026,1.2153,0.3696,0.1869,0,0.00,0.029,0.022,0.001,SHIFT,-0.0008,-0.2410,1.5708,0.0002,0.3807,-0.1039,0.9508,-0.2041,0.0148,1,0.47,0.018,0.008,0.069,SHIFT,-0.0282,0.1299,1.3825,-0.3132,-0.1902,-0.1724,0.9008,0.1910,0.0149,1,1.94,0.086,0.644,0.342,SHIFT,0.0513,0.0912,1.1280,-0.3546,0.2051,-0.1568
40.645,4164,placemove,1.1808,-0.0114,0.2855,0.0007,-0.3445,0.0157,-0.1170,0.0010,0.0238,-0.0127,0.5327,0.2555,1.000,0.000,-0.0021,-0.2696,0.0007,-0.3445,0.0157,0.2706,0,1.4237,-0.3342,0.3339,0,0.00,0.013,0.054,0.006,SHIFT,-0.5387,-0.5595,1.5708,0.2402,-0.3265,-0.0343,1.4594,0.2857,0.3501,0,0.00,0.018,0.033,0.003,SHIFT,0.3351,-0.5572,1.5708,0.2881,0.2929,-0.0348,1.2075,-0.3922,0.1840,0,0.00,0.015,0.043,0.003,SHIFT,-0.0557,-0.2494,1.5708,-0.0149,-0.3812,-0.1022,1.2110,0.3704,0.1893,0,0.00,0.029,0.019,0.000,SHIFT,-0.0043,-0.2469,1.5708,0.0012,0.3813,-0.1027,0.9499,-0.2047,0.0148,1,1.45,0.007,0.046,0.214,SHIFT,-0.0264,0.1479,1.3711,-0.3117,-0.1899,-0.1756,0.9101,0.1877,0.0149,1,1.64,0.098,0.500,0.254,SHIFT,0.0383,0.1156,1.1848,-0.3423,0.2028,-0.1647
40.705,4168,placemove,1.1788,-0.0113,0.2857,-0.0003,-0.3359,0.0194,-0.1145,0.0121,0.0114,-0.0974,0.4917,0.1672,1.000,0.000,-0.0007,-0.2734,-0.0003,-0.3359,0.0194,0.2709,0,1.4223,-0.3338,0.3353,0,0.00,0.014,0.048,0.006,SHIFT,-0.5400,-0.5724,1.5708,0.2401,-0.3271,-0.0313,1.4564,0.2871,0.3504,0,0.00,0.020,0.037,0.006,SHIFT,0.3349,-0.5684,1.5708,0.2884,0.2931,-0.0322,1.2062,-0.3921,0.1845,0,0.00,0.015,0.037,0.003,SHIFT,-0.0551,-0.2494,1.5708,-0.0147,-0.3812,-0.1022,1.2069,0.3710,0.1900,0,0.00,0.031,0.028,0.001,SHIFT,-0.0056,-0.2516,1.5708,0.0015,0.3818,-0.1017,0.9483,-0.2054,0.0148,1,1.50,0.028,0.074,0.243,SHIFT,-0.0254,0.1650,1.3574,-0.3107,-0.1896,-0.1786,0.9165,0.1846,0.0149,1,1.97,0.150,0.572,0.248,SHIFT,0.0286,0.1368,1.2255,-0.3327,0.2006,-0.1706
40.749,4172,placemove,1.1770,-0.0110,0.2859,-0.0020,-0.3281,0.0221,-0.1106,0.0229,0.0048,-0.1073,0.4438,0.0959,1.000,0.000,-0.0007,-0.2750,-0.0020,-0.3281,0.0221,0.2710,0,1.4204,-0.3334,0.3363,0,0.00,0.014,0.043,0.006,SHIFT,-0.5419,-0.5828,1.5708,0.2397,-0.3276,-0.0289,1.4537,0.2884,0.3493,0,0.00,0.021,0.036,0.007,SHIFT,0.3360,-0.5747,1.5708,0.2883,0.2935,-0.0308,1.2043,-0.3919,0.1849,0,0.00,0.016,0.034,0.002,SHIFT,-0.0556,-0.2487,1.5708,-0.0148,-0.3811,-0.1023,1.2030,0.3715,0.1899,0,0.00,0.032,0.031,0.002,SHIFT,-0.0045,-0.2546,1.5708,0.0012,0.3821,-0.1011,0.9461,-0.2060,0.0148,1,1.54,0.074,0.076,0.245,SHIFT,-0.0248,0.1800,1.3429,-0.3102,-0.1895,-0.1812,0.9207,0.1819,0.0149,1,2.18,0.201,0.600,0.229,SHIFT,0.0222,0.1548,1.2536,-0.3255,0.1986,-0.1750
40.808,4176,placemove,1.1752,-0.0105,0.2858,-0.0035,-0.3207,0.0236,-0.1016,0.0334,-0.0275,-0.0814,0.5150,0.0606,1.000,0.000,-0.0016,-0.2751,-0.0035,-0.3207,0.0236,0.2710,0,1.4183,-0.3331,0.3368,0,0.00,0.028,0.010,0.004,SHIFT,-0.5442,-0.5913,1.5708,0.2393,-0.3281,-0.0270,1.4515,0.2898,0.3472,0,0.00,0.002,0.018,0.002,SHIFT,0.3382,-0.5763,1.5708,0.2878,0.2940,-0.0304,1.2020,-0.3915,0.1851,0,0.00,0.022,0.007,0.000,SHIFT,-0.0569,-0.2480,1.5708,-0.0152,-0.3810,-0.1025,1.1992,0.3720,0.1891,0,0.00,0.004,0.010,0.001,SHIFT,-0.0012,-0.2557,1.5708,0.0003,0.3823,-0.1009,0.9435,-0.2063,0.0148,1,2.46,0.171,0.123,0.370,SHIFT,-0.0240,0.1925,1.3283,-0.3100,-0.1896,-0.1833,0.9230,0.1799,0.0149,1,0.98,0.139,0.205,0.080,SHIFT,0.0189,0.1702,1.2722,-0.3203,0.1967,-0.1784
40.847,4180,placemove,1.1738,-0.0098,0.2843,-0.0044,-0.3085,0.0252,-0.0720,0.0467,-0.1355,-0.0616,0.8875,0.0835,1.000,0.000,-0.0026,-0.2729,-0.0044,-0.3085,0.0252,0.2695,0,1.4168,-0.3326,0.3345,0,0.00,0.027,0.006,0.002,SHIFT,-0.5467,-0.5978,1.5708,0.2387,-0.3286,-0.0255,1.4497,0.2914,0.3416,0,0.00,0.013,0.017,0.000,SHIFT,0.3417,-0.5734,1.5708,0.2870,0.2945,-0.0311,1.1994,-0.3908,0.1838,0,0.00,0.022,0.011,0.000,SHIFT,-0.0590,-0.2476,1.5708,-0.0157,-0.3810,-0.1025,1.1949,0.3725,0.1867,0,0.00,0.018,0.011,0.002,SHIFT,0.0040,-0.2552,1.5708,-0.0011,0.3822,-0.1010,0.9396,-0.2065,0.0147,1,3.04,0.235,0.133,0.440,SHIFT,-0.0233,0.2022,1.3142,-0.3102,-0.1899,-0.1849,0.9226,0.1782,0.0149,1,1.48,0.260,0.137,0.025,SHIFT,0.0184,0.1829,1.2834,-0.3168,0.1949,-0.1810
40.912,4184,placemove,1.1729,-0.0090,0.2811,-0.0047,-0.2910,0.0264,-0.0319,0.0572,-0.2348,-0.0363,1.1742,0.0490,1.000,0.000,-0.0034,-0.2665,-0.0047,-0.2910,0.0264,0.2664,0,1.4162,-0.3319,0.3284,0,0.00,0.021,0.005,0.001,SHIFT,-0.5494,-0.6020,1.5708,0.2381,-0.3291,-0.0245,1.4487,0.2932,0.3319,0,0.00,0.023,0.019,0.001,SHIFT,0.3462,-0.5659,1.5708,0.2858,0.2952,-0.0328,1.1965,-0.3900,0.1804,0,0.00,0.019,0.014,0.001,SHIFT,-0.0618,-0.2475,1.5708,-0.0165,-0.3809,-0.1026,1.1902,0.3730,0.1820,0,0.00,0.029,0.009,0.002,SHIFT,0.0111,-0.2523,1.5708,-0.0030,0.3819,-0.1016,0.9341,-0.2067,0.0147,1,2.95,0.258,0.105,0.405,SHIFT,-0.0226,0.2084,1.3013,-0.3108,-0.1904,-0.1859,0.9197,0.1769,0.0149,1,2.06,0.347,0.035,0.171,SHIFT,0.0205,0.1921,1.2899,-0.3147,0.1932,-0.1828
40.955,4188,placemove,1.1728,-0.0082,0.2788,-0.0045,-0.2797,0.0258,-0.0041,0.0232,0.0171,0.0244,0.0207,-0.1206,1.000,0.000,-0.0039,-0.2560,-0.0045,-0.2797,0.0258,0.2641,0,1.4158,-0.3316,0.3225,0,0.00,0.114,0.047,0.010,SHIFT,-0.5523,-0.6030,1.5708,0.2374,-0.3295,-0.0243,1.4485,0.2947,0.3222,0,0.00,0.003,0.037,0.011,SHIFT,0.3519,-0.5533,1.5708,0.2843,0.2959,-0.0357,1.1940,-0.3891,0.1769,0,0.00,0.013,0.044,0.004,SHIFT,-0.0655,-0.2463,1.5708,-0.0174,-0.3807,-0.1028,1.1869,0.3730,0.1771,0,0.00,0.024,0.035,0.003,SHIFT,0.0198,-0.2460,1.5708,-0.0053,0.3812,-0.1029,0.9294,-0.2066,0.0147,1,1.40,0.183,0.044,0.183,SHIFT,-0.0224,0.2101,1.2905,-0.3120,-0.1911,-0.1861,0.9170,0.1761,0.0148,1,3.05,0.390,0.781,0.230,SHIFT,0.0247,0.1966,1.2936,-0.3140,0.1916,-0.1837
41.022,4192,placemove,1.1727,-0.0078,0.2791,-0.0039,-0.2796,0.0230,-0.0038,0.0288,0.0101,0.0371,0.0056,-0.1799,1.000,0.000,-0.0039,-0.2502,-0.0039,-0.2796,0.0230,0.2643,0,1.4142,-0.3323,0.3220,0,0.00,0.091,0.030,0.007,SHIFT,-0.5555,-0.6016,1.5708,0.2365,-0.3299,-0.0246,1.4484,0.2951,0.3186,0,0.00,0.007,0.017,0.009,SHIFT,0.3586,-0.5374,1.5708,0.2825,0.2967,-0.0393,1.1922,-0.3883,0.1760,0,0.00,0.015,0.032,0.003,SHIFT,-0.0693,-0.2425,1.5708,-0.0184,-0.3803,-0.1036,1.1858,0.3725,0.1751,0,0.00,0.022,0.026,0.004,SHIFT,0.0297,-0.2371,1.5708,-0.0079,0.3802,-0.1047,0.9273,-0.2062,0.0147,1,1.37,0.213,0.022,0.160,SHIFT,-0.0225,0.2090,1.2807,-0.3134,-0.1919,-0.1858,0.9173,0.1757,0.0148,1,2.70,0.426,0.607,0.150,SHIFT,0.0307,0.1981,1.2949,-0.3143,0.1901,-0.1840
41.067,4196,placemove,1.1729,-0.0075,0.2795,-0.0030,-0.2805,0.0198,0.0383,-0.0055,0.0787,0.1100,-0.2887,-0.1062,1.000,0.000,-0.0036,-0.2483,-0.0030,-0.2805,0.0198,0.2648,0,1.4126,-0.3330,0.3214,0,0.00,0.063,0.120,0.036,SHIFT,-0.5588,-0.5995,1.5708,0.2357,-0.3303,-0.0251,1.4486,0.2953,0.3150,0,14.54,2.283,2.940,1.004,SHIFT,0.3656,-0.5209,1.5707,0.2805,0.2974,-0.0430,1.1905,-0.3871,0.1745,0,0.00,0.124,0.067,0.011,SHIFT,-0.0730,-0.2362,1.5708,-0.0194,-0.3795,-0.1049,1.1852,0.3717,0.1729,0,0.00,0.080,0.089,0.002,SHIFT,0.0397,-0.2266,1.5708,-0.0105,0.3790,-0.1069,0.9253,-0.2057,0.0147,1,19.71,2.213,1.324,1.352,SHIFT,-0.0228,0.2077,1.2706,-0.3150,-0.1927,-0.1854,0.9174,0.1757,0.0147,1,0.17,0.010,0.079,0.038,SHIFT,0.0373,0.1990,1.2933,-0.3151,0.1887,-0.1841
41.175,4200,placemove,1.1737,-0.0076,0.2803,-0.0014,-0.2838,0.0178,0.0568,-0.0067,-0.0117,0.0529,-0.1371,-0.0698,1.000,0.000,-0.0027,-0.2295,-0.0014,-0.2838,0.0178,0.1647,0,1.4117,-0.3342,0.3225,0,0.00,0.037,0.003,0.001,SWING,-0.5630,-0.6011,1.5708,0.2346,-0.3309,-0.0247,1.4478,0.2963,0.3169,1,0.00,0.011,0.020,0.004,STANCE,0.3752,-0.5228,1.5705,0.2784,0.2993,-0.0426,1.1906,-0.3862,0.1731,0,0.00,0.029,0.021,0.004,STANCE,-0.0769,-0.2281,1.5708,-0.0203,-0.3786,-0.1065,1.1852,0.3703,0.1717,0,0.00,0.005,0.018,0.000,STANCE,0.0496,-0.2153,1.5708,-0.0130,0.3777,-0.1091,0.9249,-0.2057,0.0146,1,3.07,0.102,0.138,0.442,STANCE,-0.0235,0.2037,1.2626,-0.3168,-0.1934,-0.1846,0.9182,0.1752,0.0151,1,0.00,0.015,0.020,0.001,STANCE,0.0441,0.1966,1.2920,-0.3164,0.1875,-0.1837
41.271,4204,placemove,1.1747,-0.0076,0.2792,-0.0018,-0.2889,0.0164,0.0611,0.0131,-0.0547,-0.0482,-0.4303,-0.2155,1.000,0.000,-0.0018,-0.1897,-0.0018,-0.2889,0.0164,0.2646,0,1.4087,-0.3362,0.3273,0,0.00,0.005,0.056,0.003,SWING,-0.5725,-0.6292,1.5708,0.2324,-0.3327,-0.0183,1.4468,0.2977,0.3157,0,0.00,0.055,0.015,0.006,STANCE,0.3855,-0.5178,1.5706,0.2759,0.3009,-0.0437,1.1907,-0.3853,0.1702,0,0.00,0.018,0.058,0.008,STANCE,-0.0831,-0.2196,1.5708,-0.0219,-0.3776,-0.1083,1.1849,0.3690,0.1679,0,0.00,0.059,0.022,0.001,STANCE,0.0615,-0.2049,1.5708,-0.0161,0.3764,-0.1113,0.9234,-0.2062,0.0147,1,0.00,0.003,0.076,0.008,STANCE,-0.0265,0.1863,1.2651,-0.3196,-0.1941,-0.1813,0.9175,0.1745,0.0149,0,10.16,0.204,0.359,1.418,STANCE,0.0522,0.1799,1.2998,-0.3190,0.1866,-0.1807
41.388,4208,placemove,1.1761,-0.0077,0.2789,0.0001,-0.2990,0.0144,0.0959,-0.0071,-0.0031,0.3591,-0.5386,0.0974,1.000,0.000,-0.0015,-0.1686,0.0001,-0.2990,0.0144,0.1639,0,1.4018,-0.3393,0.3409,0,0.00,0.134,0.044,0.038,SWING,-0.5864,-0.6918,1.5708,0.2291,-0.3352,-0.0039,1.4469,0.2982,0.3149,1,0.00,0.084,0.123,0.029,STANCE,0.3949,-0.5055,1.5706,0.2735,0.3021,-0.0465,1.1912,-0.3841,0.1672,0,0.00,0.108,0.125,0.024,STANCE,-0.0900,-0.2106,1.5708,-0.0236,-0.3764,-0.1101,1.1858,0.3676,0.1650,0,10.48,0.672,2.647,1.239,STANCE,0.0735,-0.1947,1.5708,-0.0192,0.3750,-0.1133,0.9227,-0.2061,0.0146,1,6.59,1.327,0.844,0.083,STANCE,-0.0301,0.1631,1.2729,-0.3227,-0.1948,-0.1770,0.9178,0.1745,0.0150,1,0.00,0.052,0.269,0.012,STANCE,0.0603,0.1570,1.3113,-0.3220,0.1859,-0.1766
41.477,4212,placemove,1.1777,-0.0079,0.2789,0.0004,-0.3098,0.0127,0.0939,-0.0251,-0.0158,-0.1202,-0.6881,-0.1935,1.000,0.000,-0.0001,-0.1395,0.0004,-0.3098,0.0127,0.1133,0,1.3939,-0.3418,0.3563,0,0.00,0.007,0.097,0.005,SWING,-0.6015,-0.7584,1.5708,0.2251,-0.3369,0.0115,1.4465,0.2991,0.3158,1,0.00,0.004,0.006,0.000,STANCE,0.4049,-0.4988,1.5707,0.2710,0.3036,-0.0480,1.1918,-0.3834,0.1652,1,0.00,0.002,0.020,0.002,STANCE,-0.0986,-0.2079,1.5707,-0.0258,-0.3759,-0.1107,1.1854,0.3675,0.1650,1,0.00,0.006,0.000,0.000,STANCE,0.0876,-0.1998,1.5705,-0.0229,0.3753,-0.1123,0.9220,-0.2064,0.0157,1,0.00,0.003,0.027,0.021,STANCE,-0.0346,0.1341,1.2843,-0.3262,-0.1953,-0.1717,0.9175,0.1743,0.0165,0,0.00,0.005,0.027,0.026,STANCE,0.0682,0.1278,1.3262,-0.3255,0.1854,-0.1713
41.586,4216,placemove,1.1784,-0.0082,0.2772,0.0004,-0.3222,0.0079,0.0260,-0.0218,-0.1563,0.2238,-0.7616,-0.3138,1.000,0.000,-0.0001,-0.1289,0.0004,-0.3222,0.0079,0.0371,0,1.3855,-0.3432,0.3701,0,0.00,0.020,0.008,0.017,SWING,-0.6079,-0.8168,1.5708,0.2230,-0.3367,0.0249,1.4465,0.2989,0.3153,1,0.00,0.011,0.026,0.006,STANCE,0.4140,-0.4913,1.5707,0.2687,0.3048,-0.0497,1.1890,-0.3848,0.1655,0,0.00,0.008,0.026,0.006,STANCE,-0.1087,-0.2188,1.5707,-0.0286,-0.3768,-0.1084,1.1850,0.3682,0.1648,1,1.97,0.095,0.177,0.150,STANCE,0.1012,-0.2122,1.5706,-0.0265,0.3764,-0.1098,0.9202,-0.2062,0.0155,0,0.00,0.011,0.013,0.024,STANCE,-0.0392,0.1046,1.2966,-0.3295,-0.1958,-0.1661,0.9175,0.1747,0.0161,0,0.00,0.005,0.055,0.022,STANCE,0.0753,0.0977,1.3415,-0.3288,0.1850,-0.1658
41.651,4220,placemove,1.1790,-0.0086,0.2760,0.0005,-0.3319,0.0045,0.0259,-0.0258,-0.0583,-0.0093,-0.4604,-0.2238,1.000,0.000,0.0003,-0.1328,0.0005,-0.3319,0.0045,0.1111,0,1.3812,-0.3417,0.3834,0,0.00,0.010,0.055,0.006,SWING,-0.5968,-0.8744,1.5708,0.2251,-0.3337,0.0380,1.4465,0.2985,0.3151,1,0.00,0.021,0.021,0.005,STANCE,0.4207,-0.4863,1.5707,0.2670,0.3057,-0.0508,1.1868,-0.3859,0.1649,1,0.00,0.015,0.035,0.001,STANCE,-0.1164,-0.2272,1.5707,-0.0307,-0.3775,-0.1067,1.1847,0.3686,0.1647,1,5.34,0.995,0.459,0.342,STANCE,0.1113,-0.2220,1.5706,-0.0293,0.3771,-0.1078,0.9191,-0.2057,0.0147,1,6.41,1.051,0.066,0.634,STANCE,-0.0427,0.0825,1.3064,-0.3319,-0.1960,-0.1619,0.9177,0.1750,0.0154,0,0.00,0.000,0.069,0.016,STANCE,0.0804,0.0750,1.3530,-0.3311,0.1847,-0.1616
41.713,4224,placemove,1.1793,-0.0089,0.2753,-0.0001,-0.3404,0.0027,0.0119,-0.0044,-0.0375,-0.0331,-0.4978,-0.0504,1.000,0.000,0.0003,-0.1265,-0.0001,-0.3404,0.0027,0.1105,0,1.3824,-0.3371,0.3965,0,0.00,0.044,0.051,0.003,SWING,-0.5663,-0.9181,1.5708,0.2321,-0.3281,0.0479,1.4464,0.2982,0.3150,1,2.79,0.689,0.500,0.312,STANCE,0.4256,-0.4812,1.5707,0.2657,0.3063,-0.0520,1.1849,-0.3867,0.1650,1,0.00,0.036,0.032,0.001,STANCE,-0.1238,-0.2337,1.5708,-0.0327,-0.3780,-0.1054,1.1842,0.3688,0.1647,1,2.97,0.736,0.286,0.076,STANCE,0.1191,-0.2300,1.5706,-0.0314,0.3777,-0.1061,0.9179,-0.2055,0.0146,1,9.84,1.344,0.005,1.099,STANCE,-0.0466,0.0634,1.3142,-0.3340,-0.1959,-0.1583,0.9177,0.1750,0.0152,0,0.00,0.009,0.067,0.014,STANCE,0.0840,0.0553,1.3631,-0.3330,0.1846,-0.1579
41.753,4228,placemove,1.1795,-0.0089,0.2747,-0.0008,-0.3480,0.0025,0.0079,-0.0040,-0.0300,-0.0213,-0.3940,-0.0108,1.000,0.000,-0.0001,-0.1247,-0.0008,-0.3480,0.0025,0.1099,0,1.3886,-0.3303,0.4069,0,0.00,0.039,0.029,0.000,SWING,-0.5232,-0.9439,1.5708,0.2422,-0.3210,0.0537,1.4459,0.2984,0.3149,1,4.04,0.968,0.735,0.448,STANCE,0.4289,-0.4762,1.5707,0.2648,0.3067,-0.0531,1.1835,-0.3872,0.1651,1,0.00,0.022,0.031,0.000,STANCE,-0.1306,-0.2390,1.5708,-0.0346,-0.3783,-0.1043,1.1834,0.3692,0.1646,1,0.58,0.124,0.018,0.013,STANCE,0.1248,-0.2365,1.5706,-0.0330,0.3782,-0.1048,0.9172,-0.2054,0.0144,1,8.44,1.340,0.091,0.869,STANCE,-0.0505,0.0473,1.3209,-0.3359,-0.1957,-0.1552,0.9175,0.1750,0.0150,0,2.85,0.273,0.089,0.352,STANCE,0.0862,0.0386,1.3717,-0.3345,0.1846,-0.1548
41.832,4232,placemove,1.1796,-0.0090,0.2743,-0.0012,-0.3536,0.0027,0.0056,-0.0049,-0.0251,-0.0203,-0.2959,0.0191,1.000,0.000,-0.0005,-0.1253,-0.0012,-0.3536,0.0027,0.1395,0,1.3965,-0.3230,0.4146,0,0.00,0.042,0.032,0.005,SWING,-0.4791,-0.9582,1.5708,0.2524,-0.3138,0.0569,1.4455,0.2985,0.3148,1,4.32,1.030,0.784,0.489,STANCE,0.4307,-0.4723,1.5705,0.2643,0.3068,-0.0540,1.1824,-0.3875,0.1651,1,0.00,0.025,0.037,0.001,STANCE,-0.1368,-0.2431,1.5708,-0.0363,-0.3785,-0.1035,1.1827,0.3695,0.1647,1,0.83,0.188,0.058,0.015,STANCE,0.1285,-0.2415,1.5706,-0.0341,0.3786,-0.1038,0.9165,-0.2053,0.0143,1,8.91,1.473,0.153,0.890,STANCE,-0.0543,0.0346,1.3262,-0.3374,-0.1954,-0.1528,0.9172,0.1749,0.0149,1,1.65,0.185,0.050,0.192,STANCE,0.0872,0.0254,1.3787,-0.3355,0.1848,-0.1524
41.877,4236,placemove,1.1796,-0.0091,0.2739,-0.0016,-0.3578,0.0033,0.0039,-0.0050,-0.0185,-0.0311,-0.2171,0.0280,1.000,0.000,-0.0009,-0.1266,-0.0016,-0.3578,0.0033,0.1392,0,1.4038,-0.3169,0.4194,0,0.00,0.043,0.028,0.009,SWING,-0.4427,-0.9612,1.5708,0.2609,-0.3080,0.0576,1.4453,0.2985,0.3148,1,3.22,0.666,0.604,0.425,STANCE,0.4313,-0.4695,1.5705,0.2641,0.3068,-0.0546,1.1814,-0.3878,0.1650,1,1.61,0.386,0.157,0.017,STANCE,-0.1422,-0.2464,1.5708,-0.0377,-0.3786,-0.1028,1.1823,0.3697,0.1647,1,2.05,0.493,0.198,0.038,STANCE,0.1306,-0.2453,1.5706,-0.0347,0.3789,-0.1030,0.9159,-0.2051,0.0143,1,6.92,1.201,0.158,0.656,STANCE,-0.0580,0.0250,1.3301,-0.3386,-0.1949,-0.1509,0.9170,0.1749,0.0149,1,2.22,0.207,0.057,0.276,STANCE,0.0873,0.0156,1.3839,-0.3361,0.1851,-0.1505
41.943,4240,placemove,1.1797,-0.0092,0.2736,-0.0022,-0.3607,0.0041,0.0019,-0.0053,-0.0149,-0.0315,-0.1487,0.0442,1.000,0.000,-0.0013,-0.1281,-0.0022,-0.3607,0.0041,0.1389,0,1.4128,-0.3126,0.4181,0,0.00,0.045,0.003,0.013,SWING,-0.4121,-0.9343,1.5708,0.2689,-0.3041,0.0516,1.4452,0.2985,0.3148,1,2.89,0.407,0.593,0.451,STANCE,0.4310,-0.4677,1.5704,0.2641,0.3067,-0.0550,1.1806,-0.3880,0.1650,1,1.99,0.482,0.207,0.021,STANCE,-0.1470,-0.2490,1.5708,-0.0390,-0.3787,-0.1023,1.1819,0.3698,0.1647,1,2.40,0.594,0.240,0.039,STANCE,0.1314,-0.2482,1.5706,-0.0349,0.3792,-0.1024,0.9154,-0.2050,0.0142,1,6.66,1.148,0.146,0.644,STANCE,-0.0614,0.0181,1.3328,-0.3396,-0.1944,-0.1495,0.9169,0.1749,0.0149,1,1.84,0.214,0.043,0.220,STANCE,0.0866,0.0084,1.3878,-0.3365,0.1855,-0.1492
