# SLARC V8.25-holdheight | rise=0.100 run=0.250 | balance=AN foothold=AN freeze=AN entry=AN | G_Z=-0.120 G_STEP=0.060
t,frame,mode,bx,by,bz,roll,pitch,yaw,vx,vy,vz,wx,wy,wz,cmd_vx,cmd_yaw,roll_bal,pitch_bal,est_roll,est_pitch,est_yaw,est_height,frozen,front_right_fx,front_right_fy,front_right_fz,front_right_contact,front_right_force,front_right_tau_coxa,front_right_tau_femur,front_right_tau_tibia,front_right_state,front_right_th_c,front_right_th_f,front_right_th_t,front_right_rfx,front_right_rfy,front_right_rfz,front_left_fx,front_left_fy,front_left_fz,front_left_contact,front_left_force,front_left_tau_coxa,front_left_tau_femur,front_left_tau_tibia,front_left_state,front_left_th_c,front_left_th_f,front_left_th_t,front_left_rfx,front_left_rfy,front_left_rfz,mid_right_fx,mid_right_fy,mid_right_fz,mid_right_contact,mid_right_force,mid_right_tau_coxa,mid_right_tau_femur,mid_right_tau_tibia,mid_right_state,mid_right_th_c,mid_right_th_f,mid_right_th_t,mid_right_rfx,mid_right_rfy,mid_right_rfz,mid_left_fx,mid_left_fy,mid_left_fz,mid_left_contact,mid_left_force,mid_left_tau_coxa,mid_left_tau_femur,mid_left_tau_tibia,mid_left_state,mid_left_th_c,mid_left_th_f,mid_left_th_t,mid_left_rfx,mid_left_rfy,mid_left_rfz,rear_right_fx,rear_right_fy,rear_right_fz,rear_right_contact,rear_right_force,rear_right_tau_coxa,rear_right_tau_femur,rear_right_tau_tibia,rear_right_state,rear_right_th_c,rear_right_th_f,rear_right_th_t,rear_right_rfx,rear_right_rfy,rear_right_rfz,rear_left_fx,rear_left_fy,rear_left_fz,rear_left_contact,rear_left_force,rear_left_tau_coxa,rear_left_tau_femur,rear_left_tau_tibia,rear_left_state,rear_left_th_c,rear_left_th_f,rear_left_th_t,rear_left_rfx,rear_left_rfy,rear_left_rfz
0.000,4,tripod,-0.0000,0.0006,0.1349,0.0000,0.0000,0.0000,-0.0000,0.0005,-0.0004,-0.0001,-0.0001,0.0001,0.000,0.000,0.0000,0.0000,0.0000,0.0000,0.0000,0.1200,0,0.2957,-0.2031,0.0148,1,2.17,0.452,0.356,0.027,,-0.0664,-0.1720,1.7318,0.2945,-0.2052,-0.1200,0.2957,0.2043,0.0148,1,2.17,0.452,0.356,0.027,,0.0664,-0.1720,1.7316,0.2945,0.2052,-0.1200,-0.0000,-0.3487,0.0148,1,1.97,0.031,0.507,0.252,,-0.0000,-0.1720,1.7315,-0.0000,-0.3491,-0.1200,-0.0000,0.3498,0.0148,1,1.96,0.023,0.504,0.250,,0.0000,-0.1720,1.7318,-0.0000,0.3491,-0.1200,-0.2958,-0.2031,0.0148,1,2.15,0.450,0.354,0.027,,0.0664,-0.1720,1.7315,-0.2945,-0.2052,-0.1200,-0.2958,0.2043,0.0148,1,2.18,0.455,0.359,0.028,,-0.0664,-0.1720,1.7313,-0.2946,0.2053,-0.1200
0.005,8,tripod,-0.0000,0.0006,0.1348,0.0000,0.0000,0.0000,-0.0000,0.0002,-0.0009,-0.0001,-0.0001,0.0001,0.000,0.000,0.0000,0.0000,0.0000,0.0000,0.0000,0.1200,0,0.2858,-0.2151,0.0148,1,2.16,0.451,0.361,0.032,,-0.1330,-0.1720,1.7392,0.2845,-0.2172,-0.1200,0.2858,0.2164,0.0148,1,2.17,0.452,0.362,0.032,,0.1330,-0.1720,1.7390,0.2845,0.2172,-0.1200,-0.0000,-0.3475,0.0148,1,1.99,0.031,0.511,0.249,,-0.0000,-0.1720,1.7389,-0.0000,-0.3480,-0.1200,-0.0000,0.3487,0.0148,1,1.98,0.027,0.508,0.248,,0.0000,-0.1720,1.7391,-0.0000,0.3480,-0.1200,-0.2858,-0.2152,0.0148,1,2.15,0.450,0.360,0.032,,0.1330,-0.1720,1.7389,-0.2846,-0.2172,-0.1200,-0.2859,0.2164,0.0148,1,2.18,0.453,0.364,0.032,,-0.1330,-0.1720,1.7387,-0.2846,0.2173,-0.1200
0.010,12,tripod,-0.0000,0.0006,0.1348,0.0000,0.0000,0.0000,-0.0000,0.0000,-0.0012,-0.0000,-0.0001,0.0001,0.000,0.000,0.0000,0.0000,0.0000,0.0000,0.0000,0.1200,0,0.2753,-0.2266,0.0148,1,2.16,0.450,0.369,0.040,,-0.1997,-0.1721,1.7449,0.2740,-0.2286,-0.1200,0.2754,0.2279,0.0148,1,2.17,0.451,0.370,0.041,,0.1997,-0.1720,1.7447,0.2740,0.2286,-0.1200,-0.0000,-0.3466,0.0148,1,2.00,0.029,0.513,0.247,,-0.0000,-0.1721,1.7447,-0.0000,-0.3471,-0.1200,-0.0000,0.3478,0.0148,1,2.00,0.029,0.511,0.246,,0.0000,-0.1721,1.7449,-0.0000,0.3471,-0.1200,-0.2754,-0.2266,0.0148,1,2.16,0.450,0.369,0.041,,0.1997,-0.1720,1.7447,-0.2740,-0.2286,-0.1200,-0.2754,0.2279,0.0148,1,2.17,0.451,0.371,0.041,,-0.1997,-0.1721,1.7446,-0.2740,0.2287,-0.1200
0.016,16,tripod,-0.0000,0.0006,0.1348,0.0000,0.0000,0.0000,-0.0000,-0.0001,-0.0012,-0.0000,-0.0000,0.0001,0.000,0.000,0.0000,0.0000,0.0000,0.0000,0.0000,0.1200,0,0.2643,-0.2375,0.0148,1,2.15,0.448,0.378,0.051,,-0.2664,-0.1721,1.7494,0.2629,-0.2394,-0.1200,0.2643,0.2387,0.0148,1,2.17,0.450,0.381,0.052,,0.2664,-0.1721,1.7493,0.2629,0.2394,-0.1200,-0.0000,-0.3459,0.0148,1,2.02,0.027,0.516,0.246,,-0.0000,-0.1721,1.7492,-0.0000,-0.3465,-0.1200,-0.0000,0.3471,0.0148,1,2.01,0.029,0.513,0.245,,0.0000,-0.1721,1.7494,-0.0000,0.3464,-0.1200,-0.2643,-0.2375,0.0148,1,2.16,0.449,0.379,0.051,,0.2664,-0.1721,1.7492,-0.2629,-0.2394,-0.1200,-0.2644,0.2387,0.0148,1,2.16,0.449,0.380,0.052,,-0.2664,-0.1721,1.7491,-0.2629,0.2394,-0.1200
0.020,20,tripod,-0.0000,0.0006,0.1348,0.0000,0.0000,0.0000,-0.0000,-0.0004,-0.0012,-0.0000,-0.0000,0.0001,0.000,0.000,0.0000,0.0000,0.0000,0.0000,0.0000,0.1200,0,0.2527,-0.2477,0.0148,1,2.14,0.444,0.385,0.062,,-0.3331,-0.1721,1.7529,0.2512,-0.2495,-0.1200,0.2527,0.2489,0.0148,1,2.17,0.448,0.391,0.063,,0.3330,-0.1721,1.7529,0.2512,0.2495,-0.1200,-0.0000,-0.3454,0.0148,1,2.04,0.025,0.520,0.246,,-0.0000,-0.1722,1.7528,-0.0000,-0.3459,-0.1200,-0.0000,0.3466,0.0148,1,2.02,0.030,0.515,0.244,,0.0000,-0.1722,1.7529,-0.0000,0.3459,-0.1200,-0.2527,-0.2477,0.0148,1,2.15,0.445,0.387,0.062,,0.3330,-0.1721,1.7528,-0.2513,-0.2495,-0.1200,-0.2528,0.2489,0.0148,1,2.15,0.446,0.389,0.063,,-0.3330,-0.1721,1.7527,-0.2513,0.2495,-0.1200
0.025,24,tripod,-0.0000,0.0006,0.1348,0.0000,0.0000,0.0000,-0.0000,-0.0005,-0.0011,0.0000,-0.0000,0.0000,0.000,0.000,0.0000,0.0000,0.0000,0.0000,0.0000,0.1200,0,0.2406,-0.2571,0.0148,1,2.13,0.440,0.392,0.071,,-0.3997,-0.1721,1.7557,0.2390,-0.2588,-0.1200,0.2406,0.2583,0.0148,1,2.15,0.444,0.397,0.072,,0.3997,-0.1721,1.7557,0.2390,0.2589,-0.1200,-0.0000,-0.3450,0.0148,1,2.05,0.025,0.524,0.246,,-0.0000,-0.1722,1.7556,-0.0000,-0.3455,-0.1200,-0.0000,0.3462,0.0148,1,2.05,0.032,0.521,0.245,,0.0000,-0.1722,1.7557,-0.0000,0.3455,-0.1200,-0.2406,-0.2571,0.0148,1,2.14,0.442,0.395,0.072,,0.3997,-0.1721,1.7556,-0.2390,-0.2589,-0.1200,-0.2406,0.2583,0.0148,1,2.14,0.441,0.394,0.072,,-0.3997,-0.1722,1.7556,-0.2390,0.2589,-0.1200
0.029,28,tripod,-0.0000,0.0006,0.1348,0.0000,0.0000,0.0000,-0.0000,-0.0004,-0.0009,0.0000,-0.0000,0.0000,0.000,0.000,0.0000,0.0000,0.0000,0.0000,0.0000,0.1200,0,0.2279,-0.2658,0.0148,1,2.14,0.438,0.398,0.077,,-0.4664,-0.1722,1.7579,0.2263,-0.2674,-0.1200,0.2279,0.2670,0.0147,1,2.15,0.441,0.401,0.078,,0.4664,-0.1722,1.7579,0.2263,0.2674,-0.1200,-0.0000,-0.3446,0.0148,1,2.05,0.024,0.521,0.244,,-0.0000,-0.1722,1.7578,-0.0000,-0.3452,-0.1200,-0.0000,0.3458,0.0148,1,2.05,0.033,0.522,0.244,,0.0000,-0.1722,1.7579,-0.0000,0.3452,-0.1200,-0.2279,-0.2658,0.0147,1,2.15,0.441,0.402,0.078,,0.4664,-0.1722,1.7578,-0.2263,-0.2674,-0.1200,-0.2279,0.2670,0.0148,1,2.13,0.437,0.397,0.077,,-0.4664,-0.1722,1.7578,-0.2263,0.2674,-0.1200
0.034,32,tripod,-0.0000,0.0006,0.1347,0.0000,0.0000,0.0000,-0.0000,-0.0004,-0.0008,0.0000,-0.0000,-0.0000,0.000,0.000,0.0000,0.0000,0.0000,0.0000,0.0000,0.1200,0,0.2147,-0.2737,0.0147,1,2.13,0.436,0.399,0.079,,-0.5331,-0.1722,1.7596,0.2131,-0.2752,-0.1200,0.2147,0.2749,0.0147,1,2.15,0.439,0.404,0.080,,0.5330,-0.1722,1.7596,0.2131,0.2752,-0.1200,-0.0000,-0.3444,0.0148,1,2.05,0.024,0.521,0.243,,-0.0000,-0.1722,1.7595,-0.0000,-0.3449,-0.1200,-0.0000,0.3455,0.0148,1,2.05,0.034,0.521,0.243,,0.0000,-0.1722,1.7596,-0.0000,0.3449,-0.1200,-0.2148,-0.2737,0.0147,1,2.15,0.439,0.404,0.080,,0.5331,-0.1722,1.7596,-0.2131,-0.2752,-0.1200,-0.2148,0.2749,0.0147,1,2.13,0.435,0.399,0.079,,-0.5330,-0.1722,1.7595,-0.2131,0.2752,-0.1200
0.039,36,tripod,-0.0000,0.0006,0.1347,0.0000,0.0000,0.0000,-0.0000,-0.0004,-0.0006,0.0000,-0.0000,-0.0000,0.000,0.000,0.0000,0.0000,0.0000,0.0000,0.0000,0.1200,0,0.2011,-0.2807,0.0147,1,2.13,0.435,0.398,0.078,,-0.5997,-0.1722,1.7610,0.1994,-0.2821,-0.1200,0.2011,0.2819,0.0147,1,2.16,0.440,0.404,0.079,,0.5997,-0.1722,1.7609,0.1994,0.2821,-0.1200,-0.0000,-0.3442,0.0147,1,2.04,0.025,0.519,0.241,,-0.0000,-0.1723,1.7608,-0.0000,-0.3447,-0.1200,-0.0000,0.3453,0.0147,1,2.04,0.035,0.519,0.241,,0.0000,-0.1723,1.7609,-0.0000,0.3447,-0.1200,-0.2011,-0.2807,0.0147,1,2.16,0.439,0.403,0.079,,0.5997,-0.1722,1.7609,-0.1994,-0.2821,-0.1200,-0.2011,0.2819,0.0147,1,2.13,0.435,0.398,0.078,,-0.5997,-0.1722,1.7609,-0.1994,0.2821,-0.1200
0.043,40,tripod,-0.0000,0.0006,0.1347,0.0000,0.0000,0.0000,0.0000,-0.0004,-0.0005,0.0000,-0.0000,-0.0001,0.000,0.000,0.0000,0.0000,0.0000,0.0000,0.0000,0.1200,0,0.1871,-0.2868,0.0147,1,2.14,0.437,0.395,0.073,,-0.6664,-0.1722,1.7620,0.1853,-0.2881,-0.1200,0.1871,0.2880,0.0147,1,2.17,0.441,0.400,0.074,,0.6664,-0.1722,1.7620,0.1853,0.2881,-0.1200,-0.0000,-0.3440,0.0147,1,2.03,0.025,0.515,0.239,,-0.0000,-0.1723,1.7619,-0.0000,-0.3446,-0.1200,-0.0000,0.3452,0.0147,1,2.03,0.034,0.515,0.239,,-0.0000,-0.1723,1.7620,0.0000,0.3446,-0.1200,-0.1871,-0.2868,0.0147,1,2.17,0.441,0.401,0.074,,0.6664,-0.1722,1.7620,-0.1853,-0.2881,-0.1200,-0.1871,0.2880,0.0147,1,2.14,0.436,0.394,0.073,,-0.6664,-0.1722,1.7619,-0.1853,0.2881,-0.1200
0.049,44,tripod,-0.0000,0.0006,0.1347,0.0000,0.0000,0.0000,-0.0000,-0.0003,-0.0004,0.0000,-0.0000,-0.0001,0.000,0.000,0.0000,0.0000,0.0000,0.0000,0.0000,0.1200,0,0.1727,-0.2921,0.0147,1,2.13,0.437,0.387,0.065,,-0.7331,-0.1722,1.7628,0.1709,-0.2932,-0.1200,0.1727,0.2932,0.0147,1,2.17,0.442,0.394,0.066,,0.7331,-0.1722,1.7628,0.1709,0.2932,-0.1200,-0.0000,-0.3439,0.0147,1,2.03,0.024,0.516,0.239,,-0.0000,-0.1723,1.7627,-0.0000,-0.3445,-0.1200,-0.0000,0.3450,0.0147,1,2.03,0.033,0.515,0.239,,-0.0000,-0.1723,1.7628,0.0000,0.3445,-0.1200,-0.1727,-0.2921,0.0147,1,2.16,0.442,0.393,0.066,,0.7331,-0.1722,1.7628,-0.1709,-0.2932,-0.1200,-0.1727,0.2932,0.0147,1,2.14,0.437,0.388,0.065,,-0.7330,-0.1722,1.7628,-0.1709,0.2932,-0.1200
0.054,48,tripod,-0.0000,0.0006,0.1347,0.0000,0.0000,0.0000,0.0000,-0.0003,-0.0003,0.0000,-0.0000,-0.0001,0.000,0.000,0.0000,0.0000,0.0000,0.0000,0.0000,0.1200,0,0.1582,-0.2963,0.0147,1,2.15,0.363,0.381,0.055,,-0.7985,-0.1722,1.7635,0.1564,-0.2973,-0.1200,0.1582,0.2974,0.0147,1,2.17,0.367,0.386,0.055,,0.7985,-0.1722,1.7634,0.1564,0.2973,-0.1200,-0.0000,-0.3438,0.0147,1,2.01,0.021,0.510,0.236,,-0.0000,-0.1723,1.7633,-0.0000,-0.3444,-0.1200,-0.0000,0.3449,0.0147,1,2.02,0.027,0.511,0.237,,-0.0000,-0.1723,1.7634,0.0000,0.3444,-0.1200,-0.1582,-0.2963,0.0147,1,2.17,0.367,0.386,0.055,,0.7985,-0.1722,1.7635,-0.1564,-0.2973,-0.1200,-0.1582,0.2974,0.0147,1,2.14,0.362,0.380,0.055,,-0.7985,-0.1722,1.7634,-0.1565,0.2973,-0.1200
0.059,52,tripod,-0.0000,0.0006,0.1347,0.0000,0.0000,0.0000,0.0000,-0.0003,-0.0002,0.0000,-0.0000,-0.0001,0.000,0.000,0.0000,0.0000,0.0000,0.0000,0.0000,0.1200,0,0.1458,-0.2991,0.0147,1,2.14,0.358,0.371,0.044,,-0.8523,-0.1722,1.7639,0.1444,-0.2999,-0.1200,0.1458,0.3002,0.0147,1,2.17,0.362,0.376,0.044,,0.8523,-0.1722,1.7639,0.1444,0.2999,-0.1200,-0.0000,-0.3437,0.0147,1,2.03,0.020,0.514,0.238,,-0.0000,-0.1723,1.7638,-0.0000,-0.3443,-0.1200,-0.0000,0.3449,0.0147,1,2.02,0.026,0.513,0.237,,-0.0000,-0.1723,1.7639,0.0000,0.3443,-0.1200,-0.1458,-0.2991,0.0147,1,2.16,0.362,0.376,0.044,,0.8523,-0.1722,1.7640,-0.1444,-0.2999,-0.1200,-0.1458,0.3002,0.0147,1,2.14,0.358,0.371,0.044,,-0.8523,-0.1722,1.7639,-0.1444,0.2999,-0.1200
0.063,56,tripod,-0.0000,0.0006,0.1347,0.0000,0.0000,0.0000,0.0000,-0.0002,-0.0001,0.0000,-0.0000,-0.0001,0.000,0.000,0.0000,0.0000,0.0000,0.0000,0.0000,0.1200,0,0.1359,-0.3008,0.0147,1,2.15,0.358,0.367,0.035,,-0.8945,-0.1722,1.7643,0.1349,-0.3015,-0.1200,0.1359,0.3019,0.0147,1,2.17,0.361,0.371,0.036,,0.8944,-0.1722,1.7643,0.1349,0.3015,-0.1200,-0.0000,-0.3437,0.0147,1,2.00,0.022,0.507,0.234,,-0.0000,-0.1723,1.7642,-0.0000,-0.3442,-0.1200,-0.0000,0.3448,0.0147,1,2.00,0.023,0.508,0.235,,-0.0000,-0.1723,1.7643,0.0000,0.3442,-0.1200,-0.1359,-0.3008,0.0147,1,2.18,0.361,0.371,0.036,,0.8945,-0.1722,1.7643,-0.1349,-0.3015,-0.1200,-0.1360,0.3019,0.0147,1,2.15,0.357,0.366,0.035,,-0.8944,-0.1722,1.7643,-0.1349,0.3015,-0.1200
0.068,60,tripod,-0.0000,0.0006,0.1347,-0.0000,0.0000,0.0000,0.0000,-0.0001,-0.0001,-0.0002,0.0000,-0.0000,0.000,0.000,0.0000,0.0000,-0.0000,0.0000,0.0000,0.1200,0,0.1282,-0.3019,0.0147,1,2.16,0.357,0.364,0.029,,-0.9275,-0.1722,1.7646,0.1274,-0.3025,-0.1200,0.1282,0.3030,0.0147,1,2.18,0.360,0.368,0.029,,0.9275,-0.1722,1.7646,0.1274,0.3025,-0.1200,-0.0000,-0.3437,0.0147,1,1.98,0.023,0.475,0.199,,-0.0000,-0.1723,1.7643,-0.0000,-0.3442,-0.1200,-0.0000,0.3448,0.0147,1,1.98,0.022,0.475,0.199,,-0.0000,-0.1723,1.7644,0.0000,0.3442,-0.1200,-0.1282,-0.3019,0.0147,1,2.18,0.360,0.367,0.029,,0.9275,-0.1722,1.7646,-0.1274,-0.3025,-0.1200,-0.1282,0.3030,0.0147,1,2.16,0.357,0.364,0.029,,-0.9275,-0.1722,1.7646,-0.1274,0.3025,-0.1200
0.073,64,tripod,0.0001,0.0006,0.1347,-0.0001,-0.0004,0.0030,0.0081,0.0004,0.0007,0.0006,-0.0003,0.4006,0.000,0.000,-0.0000,-0.0000,-0.0001,-0.0004,0.0030,0.1200,0,0.1229,-0.3023,0.0148,1,0.83,0.188,0.165,0.017,,-0.9534,-0.1722,1.7649,0.1215,-0.3031,-0.1200,0.1216,0.3039,0.0148,1,1.06,0.144,0.176,0.012,,0.9534,-0.1722,1.7649,0.1215,0.3031,-0.1200,0.0008,-0.3436,0.0148,1,1.15,0.132,0.205,0.015,,-0.0000,-0.1723,1.7645,-0.0000,-0.3442,-0.1200,-0.0007,0.3447,0.0147,1,1.39,0.184,0.219,0.013,,0.0000,-0.1722,1.7646,-0.0000,0.3442,-0.1200,-0.1214,-0.3028,0.0147,1,1.46,0.195,0.240,0.016,,0.9534,-0.1721,1.7649,-0.1215,-0.3031,-0.1200,-0.1227,0.3033,0.0147,1,1.68,0.312,0.264,0.023,,-0.9534,-0.1722,1.7648,-0.1215,0.3031,-0.1200
0.077,68,tripod,0.0002,0.0004,0.1351,-0.0010,-0.0013,0.0163,0.0082,-0.0203,0.0249,-0.0684,-0.0428,0.7723,0.000,0.000,-0.0002,-0.0004,-0.0010,-0.0013,0.0163,0.1200,0,0.1222,-0.3013,0.0154,1,5.93,0.093,1.470,0.590,,-0.9736,-0.1723,1.7651,0.1168,-0.3035,-0.1200,0.1132,0.3055,0.0149,1,0.00,0.013,0.032,0.004,,0.9736,-0.1721,1.7650,0.1168,0.3035,-0.1200,0.0054,-0.3438,0.0153,1,0.00,0.026,0.033,0.000,,0.0000,-0.1719,1.7645,0.0000,-0.3442,-0.1200,-0.0047,0.3444,0.0147,1,2.03,0.304,0.316,0.003,,-0.0000,-0.1722,1.7648,0.0000,0.3441,-0.1200,-0.1125,-0.3048,0.0151,1,0.00,0.015,0.032,0.001,,0.9737,-0.1721,1.7650,-0.1168,-0.3035,-0.1200,-0.1214,0.3020,0.0146,1,4.43,0.512,1.011,0.345,,-0.9737,-0.1721,1.7649,-0.1168,0.3035,-0.1200
0.080,72,tripod,0.0004,-0.0001,0.1356,-0.0023,-0.0020,0.0275,0.0061,-0.0419,0.0309,-0.0768,-0.0477,0.6022,0.000,0.000,-0.0009,-0.0010,-0.0023,-0.0020,0.0275,0.1202,0,0.1222,-0.3009,0.0164,1,5.79,0.136,1.434,0.576,,-0.9895,-0.1726,1.7653,0.1132,-0.3037,-0.1199,0.1062,0.3062,0.0150,1,0.00,0.010,0.033,0.003,,0.9895,-0.1717,1.7649,0.1132,0.3037,-0.1201,0.0096,-0.3443,0.0156,1,0.00,0.019,0.026,0.006,,0.0001,-0.1677,1.7612,0.0000,-0.3441,-0.1207,-0.0084,0.3437,0.0147,1,1.76,0.265,0.275,0.009,,-0.0001,-0.1719,1.7649,0.0000,0.3441,-0.1200,-0.1050,-0.3069,0.0155,1,0.00,0.011,0.028,0.004,,0.9897,-0.1690,1.7625,-0.1132,-0.3037,-0.1205,-0.1209,0.3003,0.0146,1,4.47,0.477,1.037,0.366,,-0.9897,-0.1718,1.7649,-0.1132,0.3037,-0.1200
0.083,76,tripod,0.0003,-0.0008,0.1361,-0.0033,-0.0036,0.0363,-0.0098,-0.0356,0.0333,-0.0546,-0.0996,0.4888,0.000,0.000,-0.0018,-0.0018,-0.0033,-0.0036,0.0363,0.1207,0,0.1221,-0.3010,0.0176,1,6.11,0.069,1.265,0.303,,-1.0017,-0.1733,1.7654,0.1104,-0.3039,-0.1198,0.1007,0.3064,0.0150,1,0.79,0.125,0.102,0.005,,1.0018,-0.1689,1.7630,0.1104,0.3038,-0.1205,0.0130,-0.3451,0.0152,1,0.00,0.015,0.022,0.009,,0.0003,-0.1598,1.7546,0.0001,-0.3442,-0.1221,-0.0113,0.3427,0.0148,1,0.00,0.008,0.034,0.001,,-0.0002,-0.1713,1.7648,0.0001,0.3440,-0.1201,-0.0991,-0.3087,0.0151,1,0.00,0.010,0.023,0.007,,1.0023,-0.1618,1.7565,-0.1103,-0.3039,-0.1218,-0.1205,0.2986,0.0146,1,5.00,0.349,1.215,0.471,,-1.0023,-0.1712,1.7646,-0.1103,0.3038,-0.1202
0.089,80,tripod,0.0002,-0.0012,0.1370,-0.0053,-0.0041,0.0347,0.0004,-0.0074,0.0540,-0.1231,-0.0549,0.0001,0.000,0.000,-0.0029,-0.0027,-0.0053,-0.0041,0.0347,0.1214,0,0.1196,-0.3019,0.0192,1,0.00,0.020,0.025,0.006,,-1.0113,-0.1743,1.7660,0.1082,-0.3041,-0.1196,0.0985,0.3056,0.0149,1,2.74,0.454,0.453,0.012,,1.0113,-0.1665,1.7615,0.1082,0.3038,-0.1210,0.0127,-0.3458,0.0149,1,6.27,0.118,0.517,0.664,,0.0005,-0.1494,1.7456,0.0001,-0.3442,-0.1239,-0.0112,0.3420,0.0149,1,0.00,0.012,0.035,0.004,,-0.0005,-0.1704,1.7646,0.0001,0.3440,-0.1203,-0.0970,-0.3094,0.0149,1,0.00,0.025,0.021,0.007,,1.0123,-0.1534,1.7492,-0.1080,-0.3041,-0.1232,-0.1181,0.2981,0.0146,1,2.67,0.418,0.449,0.025,,-1.0122,-0.1702,1.7643,-0.1080,0.3038,-0.1203
0.094,84,tripod,0.0002,-0.0010,0.1378,-0.0070,-0.0047,0.0345,0.0009,0.0175,0.0425,-0.0844,-0.0408,0.0275,0.000,0.000,-0.0043,-0.0034,-0.0070,-0.0047,0.0345,0.1220,0,0.1179,-0.3021,0.0206,1,3.03,0.451,0.500,0.010,,-1.0187,-0.1739,1.7654,0.1065,-0.3042,-0.1197,0.0970,0.3054,0.0148,1,2.37,0.404,0.369,0.012,,1.0187,-0.1643,1.7603,0.1065,0.3038,-0.1213,0.0128,-0.3460,0.0148,1,2.64,0.436,0.424,0.025,,0.0008,-0.1411,1.7382,0.0002,-0.3443,-0.1253,-0.0109,0.3418,0.0149,1,0.34,0.021,0.030,0.005,,-0.0007,-0.1693,1.7643,0.0002,0.3439,-0.1205,-0.0950,-0.3095,0.0150,1,0.00,0.015,0.024,0.010,,1.0202,-0.1464,1.7429,-0.1062,-0.3042,-0.1244,-0.1160,0.2981,0.0146,1,3.34,0.516,0.554,0.011,,-1.0201,-0.1689,1.7639,-0.1062,0.3038,-0.1205
0.098,88,tripod,0.0001,-0.0007,0.1385,-0.0085,-0.0047,0.0308,-0.0072,0.0227,0.0419,-0.0801,-0.0183,-0.1841,0.000,0.000,-0.0058,-0.0039,-0.0085,-0.0047,0.0308,0.1225,0,0.1155,-0.3025,0.0218,1,3.10,0.455,0.499,0.005,,-1.0244,-0.1738,1.7647,0.1052,-0.3043,-0.1197,0.0966,0.3052,0.0148,1,2.86,0.447,0.555,0.111,,1.0244,-0.1623,1.7592,0.1052,0.3037,-0.1217,0.0117,-0.3459,0.0151,1,0.00,0.023,0.024,0.007,,0.0011,-0.1350,1.7325,0.0003,-0.3444,-0.1264,-0.0097,0.3419,0.0149,1,1.01,0.140,0.142,0.001,,-0.0010,-0.1679,1.7639,0.0002,0.3438,-0.1207,-0.0946,-0.3092,0.0149,1,2.80,0.443,0.536,0.078,,1.0265,-0.1388,1.7358,-0.1047,-0.3043,-0.1257,-0.1136,0.2986,0.0147,1,1.93,0.292,0.298,0.005,,-1.0264,-0.1674,1.7635,-0.1048,0.3037,-0.1208
0.102,92,tripod,0.0000,-0.0003,0.1392,-0.0099,-0.0051,0.0308,-0.0051,0.0205,0.0430,-0.0855,-0.0079,-0.0018,0.000,0.000,-0.0072,-0.0042,-0.0099,-0.0051,0.0308,0.1230,0,0.1143,-0.3025,0.0230,1,0.35,0.055,0.033,0.000,,-1.0289,-0.1745,1.7646,0.1042,-0.3044,-0.1196,0.0956,0.3052,0.0148,1,2.60,0.419,0.424,0.007,,1.0289,-0.1603,1.7585,0.1042,0.3036,-0.1220,0.0116,-0.3459,0.0149,1,5.15,0.096,0.831,0.054,,0.0014,-0.1273,1.7251,0.0003,-0.3445,-0.1277,-0.0096,0.3420,0.0149,1,1.83,0.169,0.233,0.064,,-0.0012,-0.1664,1.7634,0.0003,0.3436,-0.1210,-0.0936,-0.3090,0.0150,1,0.00,0.003,0.024,0.007,,1.0315,-0.1335,1.7306,-0.1036,-0.3045,-0.1266,-0.1123,0.2988,0.0147,1,1.66,0.266,0.261,0.006,,-1.0314,-0.1658,1.7630,-0.1036,0.3036,-0.1211
0.106,96,tripod,-0.0000,0.0000,0.1399,-0.0111,-0.0053,0.0313,-0.0034,0.0168,0.0407,-0.0856,0.0221,-0.0593,0.000,0.000,-0.0085,-0.0045,-0.0111,-0.0053,0.0313,0.1234,0,0.1136,-0.3024,0.0243,1,1.02,0.338,0.123,0.011,,-1.0324,-0.1759,1.7650,0.1034,-0.3045,-0.1193,0.0946,0.3052,0.0148,1,4.16,0.502,0.706,0.014,,1.0323,-0.1586,1.7580,0.1034,0.3035,-0.1223,0.0119,-0.3459,0.0149,1,0.00,0.212,0.056,0.009,,0.0016,-0.1212,1.7191,0.0004,-0.3447,-0.1288,-0.0098,0.3420,0.0149,1,2.74,0.056,0.582,0.164,,-0.0015,-0.1649,1.7631,0.0003,0.3435,-0.1212,-0.0925,-0.3091,0.0149,1,8.11,1.110,1.318,0.036,,1.0354,-0.1269,1.7241,-0.1027,-0.3046,-0.1278,-0.1116,0.2988,0.0147,1,0.46,0.246,0.039,0.008,,-1.0353,-0.1643,1.7626,-0.1027,0.3035,-0.1213
0.110,100,tripod,-0.0002,0.0002,0.1405,-0.0124,-0.0055,0.0310,-0.0055,0.0117,0.0364,-0.0717,-0.0386,0.1095,0.000,0.000,-0.0097,-0.0047,-0.0124,-0.0055,0.0310,0.1238,0,0.1127,-0.3025,0.0256,1,5.31,0.059,1.170,0.356,,-1.0350,-0.1772,1.7651,0.1028,-0.3047,-0.1191,0.0940,0.3051,0.0148,1,0.00,0.011,0.027,0.002,,1.0350,-0.1571,1.7577,0.1028,0.3034,-0.1226,0.0116,-0.3459,0.0152,1,0.00,0.023,0.025,0.008,,0.0019,-0.1163,1.7139,0.0004,-0.3448,-0.1296,-0.0096,0.3420,0.0148,1,2.37,0.367,0.376,0.001,,-0.0017,-0.1635,1.7628,0.0004,0.3434,-0.1214,-0.0920,-0.3091,0.0149,1,0.30,0.027,0.022,0.012,,1.0386,-0.1208,1.7177,-0.1020,-0.3048,-0.1289,-0.1108,0.2988,0.0147,1,3.50,0.516,0.696,0.149,,-1.0384,-0.1630,1.7624,-0.1020,0.3034,-0.1215
0.114,104,tripod,-0.0003,0.0005,0.1411,-0.0137,-0.0061,0.0323,-0.0055,0.0230,0.0437,-0.1060,-0.0048,0.0016,0.000,0.000,-0.0108,-0.0050,-0.0137,-0.0061,0.0323,0.1242,0,0.1126,-0.3025,0.0268,1,0.00,0.005,0.037,0.001,,-1.0371,-0.1785,1.7649,0.1023,-0.3049,-0.1189,0.0931,0.3052,0.0149,1,0.32,0.030,0.024,0.000,,1.0371,-0.1559,1.7576,0.1023,0.3032,-0.1228,0.0122,-0.3460,0.0149,1,7.07,0.143,0.829,0.422,,0.0021,-0.1087,1.7064,0.0005,-0.3449,-0.1310,-0.0101,0.3419,0.0148,1,3.76,0.459,0.657,0.047,,-0.0019,-0.1623,1.7628,0.0004,0.3433,-0.1216,-0.0910,-0.3093,0.0150,1,0.00,0.006,0.031,0.003,,1.0411,-0.1167,1.7134,-0.1014,-0.3049,-0.1296,-0.1107,0.2986,0.0146,1,2.00,0.342,0.325,0.011,,-1.0409,-0.1618,1.7623,-0.1014,0.3033,-0.1217
0.118,108,tripod,-0.0003,0.0008,0.1418,-0.0151,-0.0061,0.0324,-0.0014,0.0197,0.0317,-0.0730,-0.0059,0.0060,0.000,0.000,-0.0121,-0.0053,-0.0151,-0.0061,0.0324,0.1246,0,0.1122,-0.3024,0.0283,1,3.02,0.464,0.499,0.018,,-1.0387,-0.1804,1.7657,0.1020,-0.3050,-0.1186,0.0926,0.3052,0.0149,1,0.00,0.004,0.030,0.001,,1.0387,-0.1550,1.7578,0.1019,0.3031,-0.1229,0.0122,-0.3460,0.0149,1,2.82,0.444,0.419,0.063,,0.0024,-0.1019,1.6994,0.0005,-0.3451,-0.1321,-0.0101,0.3419,0.0148,1,3.67,0.272,0.537,0.078,,-0.0021,-0.1613,1.7629,0.0005,0.3431,-0.1218,-0.0906,-0.3093,0.0153,1,0.00,0.002,0.027,0.009,,1.0431,-0.1112,1.7076,-0.1010,-0.3051,-0.1305,-0.1103,0.2987,0.0147,1,2.19,0.354,0.355,0.009,,-1.0428,-0.1608,1.7625,-0.1010,0.3031,-0.1219
0.122,112,tripod,-0.0003,0.0012,0.1423,-0.0165,-0.0057,0.0323,0.0030,0.0228,0.0384,-0.0957,0.0763,-0.0417,0.000,0.000,-0.0133,-0.0055,-0.0165,-0.0057,0.0323,0.1250,0,0.1119,-0.3024,0.0296,1,0.00,0.004,0.032,0.002,,-1.0399,-0.1829,1.7668,0.1017,-0.3051,-0.1182,0.0923,0.3052,0.0149,1,3.18,0.510,0.498,0.017,,1.0399,-0.1543,1.7582,0.1017,0.3029,-0.1230,0.0123,-0.3460,0.0151,1,0.00,0.004,0.026,0.007,,0.0026,-0.0975,1.6946,0.0006,-0.3452,-0.1329,-0.0101,0.3419,0.0147,1,2.72,0.434,0.426,0.012,,-0.0022,-0.1605,1.7631,0.0005,0.3430,-0.1220,-0.0902,-0.3093,0.0149,1,5.93,0.030,1.047,0.032,,1.0447,-0.1032,1.6994,-0.1006,-0.3053,-0.1319,-0.1100,0.2987,0.0147,1,0.00,0.005,0.032,0.001,,-1.0444,-0.1600,1.7628,-0.1006,0.3030,-0.1220
0.127,116,tripod,-0.0004,0.0015,0.1429,-0.0178,-0.0049,0.0319,-0.0068,0.0189,0.0266,-0.0701,0.0146,-0.0216,0.000,0.000,-0.0145,-0.0051,-0.0178,-0.0049,0.0319,0.1253,0,0.1114,-0.3024,0.0310,1,1.94,0.303,0.302,0.005,,-1.0409,-0.1858,1.7683,0.1014,-0.3052,-0.1177,0.0921,0.3052,0.0149,1,1.28,0.206,0.187,0.000,,1.0409,-0.1538,1.7587,0.1014,0.3028,-0.1231,0.0120,-0.3460,0.0152,1,0.00,0.007,0.024,0.009,,0.0027,-0.0920,1.6885,0.0006,-0.3454,-0.1339,-0.0100,0.3420,0.0147,1,4.47,0.281,0.684,0.065,,-0.0023,-0.1598,1.7635,0.0005,0.3428,-0.1221,-0.0902,-0.3093,0.0148,1,4.11,0.434,0.681,0.019,,1.0459,-0.0970,1.6927,-0.1003,-0.3054,-0.1330,-0.1096,0.2988,0.0149,1,0.00,0.001,0.034,0.001,,-1.0456,-0.1595,1.7633,-0.1004,0.3028,-0.1221
0.132,120,tripod,-0.0004,0.0019,0.1433,-0.0192,-0.0050,0.0318,-0.0009,0.0229,0.0303,-0.0872,-0.0004,-0.0002,0.000,0.000,-0.0157,-0.0048,-0.0192,-0.0050,0.0318,0.1255,0,0.1112,-0.3023,0.0324,1,0.00,0.000,0.033,0.002,,-1.0417,-0.1890,1.7700,0.1013,-0.3054,-0.1171,0.0919,0.3052,0.0149,1,0.54,0.086,0.062,0.004,,1.0417,-0.1534,1.7594,0.1012,0.3027,-0.1232,0.0119,-0.3460,0.0149,1,5.99,0.072,0.790,0.257,,0.0028,-0.0847,1.6809,0.0006,-0.3456,-0.1351,-0.0100,0.3420,0.0147,1,5.40,0.150,0.751,0.183,,-0.0024,-0.1593,1.7641,0.0005,0.3427,-0.1222,-0.0900,-0.3092,0.0150,1,0.00,0.001,0.027,0.006,,1.0468,-0.0932,1.6884,-0.1001,-0.3056,-0.1337,-0.1094,0.2988,0.0149,1,0.00,0.001,0.033,0.002,,-1.0465,-0.1591,1.7640,-0.1002,0.3027,-0.1222
0.136,124,tripod,-0.0004,0.0022,0.1437,-0.0203,-0.0048,0.0318,0.0010,0.0205,0.0262,-0.0765,0.0416,-0.0140,0.000,0.000,-0.0169,-0.0046,-0.0203,-0.0048,0.0318,0.1257,0,0.1110,-0.3022,0.0338,1,0.00,0.004,0.049,0.002,,-1.0424,-0.1926,1.7719,0.1011,-0.3055,-0.1165,0.0917,0.3052,0.0149,1,2.56,0.395,0.395,0.020,,1.0424,-0.1531,1.7601,0.1011,0.3025,-0.1232,0.0119,-0.3460,0.0148,1,0.00,0.008,0.053,0.009,,0.0028,-0.0798,1.6755,0.0006,-0.3457,-0.1360,-0.0100,0.3420,0.0146,1,5.07,0.313,0.750,0.108,,-0.0024,-0.1589,1.7648,0.0005,0.3425,-0.1222,-0.0899,-0.3092,0.0150,1,9.18,0.041,1.323,0.251,,1.0475,-0.0881,1.6827,-0.0999,-0.3058,-0.1346,-0.1093,0.2989,0.0149,1,0.00,0.017,0.044,0.002,,-1.0471,-0.1590,1.7648,-0.1000,0.3025,-0.1222
0.140,128,tripod,-0.0004,0.0025,0.1441,-0.0214,-0.0042,0.0316,-0.0018,0.0175,0.0176,-0.0560,0.0140,-0.0116,0.000,0.000,-0.0180,-0.0043,-0.0214,-0.0042,0.0316,0.1258,0,0.1108,-0.3021,0.0351,1,2.39,0.376,0.384,0.015,,-1.0429,-0.1963,1.7740,0.1010,-0.3056,-0.1159,0.0916,0.3052,0.0149,1,1.01,0.161,0.137,0.004,,1.0430,-0.1530,1.7610,0.1010,0.3024,-0.1232,0.0118,-0.3460,0.0150,1,0.00,0.013,0.027,0.005,,0.0028,-0.0770,1.6718,0.0006,-0.3459,-0.1365,-0.0100,0.3421,0.0146,1,4.77,0.293,0.676,0.131,,-0.0024,-0.1587,1.7656,0.0005,0.3424,-0.1223,-0.0898,-0.3092,0.0149,1,3.80,0.526,0.528,0.128,,1.0481,-0.0834,1.6773,-0.0998,-0.3059,-0.1354,-0.1092,0.2989,0.0150,1,0.00,0.002,0.036,0.001,,-1.0476,-0.1587,1.7655,-0.0999,0.3024,-0.1222
0.144,132,tripod,-0.0003,0.0028,0.1445,-0.0221,-0.0039,0.0319,0.0062,0.0170,0.0225,-0.0546,0.0444,0.0143,0.000,0.000,-0.0189,-0.0040,-0.0221,-0.0039,0.0319,0.1260,0,0.1107,-0.3021,0.0363,1,3.37,0.466,0.664,0.160,,-1.0434,-0.2003,1.7760,0.1009,-0.3058,-0.1152,0.0915,0.3053,0.0150,1,0.00,0.006,0.029,0.002,,1.0434,-0.1531,1.7620,0.1009,0.3022,-0.1232,0.0119,-0.3460,0.0150,1,2.32,0.367,0.332,0.059,,0.0027,-0.0731,1.6670,0.0006,-0.3461,-0.1372,-0.0101,0.3421,0.0147,1,0.00,0.006,0.031,0.002,,-0.0023,-0.1587,1.7664,0.0005,0.3423,-0.1222,-0.0897,-0.3092,0.0150,1,0.00,0.001,0.031,0.004,,1.0484,-0.0807,1.6739,-0.0997,-0.3061,-0.1359,-0.1091,0.2990,0.0149,1,6.10,0.049,1.059,0.045,,-1.0480,-0.1566,1.7645,-0.0998,0.3023,-0.1226
0.148,136,tripod,-0.0004,0.0030,0.1448,-0.0226,-0.0042,0.0320,-0.0042,0.0146,0.0242,-0.0439,-0.0223,-0.0091,0.000,0.000,-0.0196,-0.0037,-0.0226,-0.0042,0.0320,0.1261,0,0.1107,-0.3020,0.0375,1,2.19,0.349,0.347,0.030,,-1.0438,-0.2043,1.7781,0.1008,-0.3059,-0.1145,0.0913,0.3053,0.0150,1,4.48,0.677,0.748,0.001,,1.0438,-0.1513,1.7613,0.1008,0.3021,-0.1235,0.0120,-0.3460,0.0150,1,0.00,0.020,0.049,0.005,,0.0027,-0.0700,1.6632,0.0006,-0.3462,-0.1377,-0.0102,0.3421,0.0149,1,0.00,0.041,0.030,0.002,,-0.0022,-0.1590,1.7675,0.0005,0.3421,-0.1222,-0.0895,-0.3092,0.0150,1,6.21,0.165,0.738,0.328,,1.0487,-0.0776,1.6701,-0.0997,-0.3062,-0.1364,-0.1091,0.2990,0.0148,1,2.45,0.426,0.397,0.008,,-1.0482,-0.1553,1.7643,-0.0998,0.3022,-0.1228
0.151,140,tripod,-0.0004,0.0032,0.1452,-0.0234,-0.0047,0.0320,-0.0008,0.0093,0.0194,-0.0267,-0.0380,0.0122,0.000,0.000,-0.0203,-0.0038,-0.0234,-0.0047,0.0320,0.1262,0,0.1107,-0.3020,0.0389,1,4.76,0.386,0.995,0.283,,-1.0441,-0.2083,1.7804,0.1007,-0.3060,-0.1138,0.0913,0.3053,0.0149,1,0.00,0.002,0.045,0.001,,1.0441,-0.1500,1.7610,0.1007,0.3020,-0.1237,0.0120,-0.3461,0.0150,1,0.00,0.004,0.023,0.006,,0.0026,-0.0667,1.6591,0.0006,-0.3464,-0.1383,-0.0101,0.3422,0.0150,1,7.09,0.033,1.182,0.011,,-0.0022,-0.1586,1.7679,0.0005,0.3420,-0.1223,-0.0894,-0.3093,0.0149,1,2.12,0.332,0.314,0.040,,1.0489,-0.0743,1.6662,-0.0996,-0.3064,-0.1370,-0.1090,0.2990,0.0148,1,0.00,0.001,0.045,0.002,,-1.0484,-0.1548,1.7646,-0.0997,0.3021,-0.1229
0.155,144,tripod,-0.0004,0.0035,0.1456,-0.0242,-0.0050,0.0320,-0.0029,0.0150,0.0198,-0.0450,-0.0160,-0.0015,0.000,0.000,-0.0209,-0.0041,-0.0242,-0.0050,0.0320,0.1264,0,0.1106,-0.3019,0.0402,1,2.38,0.349,0.444,0.098,,-1.0444,-0.2125,1.7831,0.1007,-0.3061,-0.1131,0.0913,0.3054,0.0150,1,0.00,0.001,0.033,0.001,,1.0443,-0.1496,1.7613,0.1006,0.3019,-0.1238,0.0121,-0.3461,0.0149,1,3.71,0.308,0.381,0.272,,0.0026,-0.0620,1.6540,0.0006,-0.3465,-0.1391,-0.0101,0.3422,0.0149,1,5.84,0.038,0.843,0.154,,-0.0021,-0.1572,1.7675,0.0005,0.3419,-0.1225,-0.0894,-0.3093,0.0151,1,0.00,0.006,0.028,0.004,,1.0490,-0.0717,1.6629,-0.0996,-0.3065,-0.1374,-0.1089,0.2990,0.0149,1,0.00,0.001,0.035,0.001,,-1.0486,-0.1548,1.7654,-0.0997,0.3019,-0.1229
0.159,148,tripod,-0.0004,0.0037,0.1460,-0.0250,-0.0050,0.0320,-0.0010,0.0139,0.0258,-0.0366,-0.0003,-0.0071,0.000,0.000,-0.0216,-0.0044,-0.0250,-0.0050,0.0320,0.1265,0,0.1106,-0.3018,0.0416,1,0.30,0.043,0.025,0.012,,-1.0445,-0.2168,1.7858,0.1006,-0.3062,-0.1124,0.0913,0.3054,0.0149,1,5.82,0.115,0.886,0.114,,1.0445,-0.1480,1.7608,0.1006,0.3018,-0.1241,0.0120,-0.3461,0.0151,1,0.00,0.001,0.027,0.005,,0.0026,-0.0594,1.6507,0.0006,-0.3466,-0.1396,-0.0101,0.3422,0.0149,1,0.00,0.001,0.032,0.001,,-0.0021,-0.1566,1.7677,0.0005,0.3418,-0.1226,-0.0893,-0.3093,0.0149,1,5.53,0.059,0.796,0.156,,1.0492,-0.0669,1.6577,-0.0995,-0.3066,-0.1383,-0.1089,0.2991,0.0151,1,0.00,0.001,0.034,0.002,,-1.0488,-0.1549,1.7662,-0.0996,0.3018,-0.1229
0.164,152,tripod,-0.0004,0.0039,0.1464,-0.0255,-0.0050,0.0320,0.0025,0.0141,0.0288,-0.0489,0.0317,0.0015,0.000,0.000,-0.0223,-0.0045,-0.0255,-0.0050,0.0320,0.1267,0,0.1105,-0.3017,0.0429,1,0.00,0.003,0.059,0.007,,-1.0446,-0.2213,1.7885,0.1006,-0.3063,-0.1116,0.0912,0.3054,0.0149,1,1.32,0.203,0.197,0.012,,1.0446,-0.1465,1.7602,0.1006,0.3017,-0.1243,0.0121,-0.3461,0.0149,1,9.13,0.037,1.024,0.562,,0.0027,-0.0552,1.6459,0.0006,-0.3468,-0.1403,-0.0101,0.3423,0.0151,1,0.00,0.010,0.025,0.000,,-0.0022,-0.1562,1.7680,0.0005,0.3417,-0.1226,-0.0893,-0.3093,0.0149,1,0.00,0.002,0.065,0.004,,1.0494,-0.0639,1.6540,-0.0995,-0.3067,-0.1388,-0.1089,0.2991,0.0149,1,6.05,0.231,1.111,0.105,,-1.0489,-0.1523,1.7646,-0.0996,0.3017,-0.1233
0.168,156,tripod,-0.0004,0.0041,0.1468,-0.0259,-0.0047,0.0320,-0.0022,0.0091,0.0240,-0.0128,-0.0113,-0.0010,0.000,0.000,-0.0228,-0.0044,-0.0259,-0.0047,0.0320,0.1269,0,0.1105,-0.3016,0.0443,1,2.43,0.344,0.466,0.122,,-1.0447,-0.2259,1.7915,0.1006,-0.3063,-0.1108,0.0912,0.3055,0.0151,1,0.00,0.002,0.033,0.001,,1.0446,-0.1460,1.7604,0.1006,0.3016,-0.1244,0.0121,-0.3461,0.0149,1,3.66,0.389,0.384,0.256,,0.0027,-0.0513,1.6414,0.0006,-0.3469,-0.1410,-0.0101,0.3423,0.0149,1,5.74,0.123,0.882,0.095,,-0.0022,-0.1535,1.7664,0.0005,0.3416,-0.1231,-0.0893,-0.3092,0.0152,1,0.00,0.005,0.028,0.003,,1.0495,-0.0616,1.6512,-0.0995,-0.3069,-0.1392,-0.1089,0.2991,0.0149,1,0.00,0.002,0.032,0.001,,-1.0491,-0.1507,1.7640,-0.0996,0.3016,-0.1236
0.172,160,tripod,-0.0004,0.0043,0.1472,-0.0263,-0.0049,0.0320,-0.0007,0.0074,0.0353,0.0053,0.0002,-0.0033,0.000,0.000,-0.0232,-0.0044,-0.0263,-0.0049,0.0320,0.1271,0,0.1105,-0.3015,0.0456,1,0.61,0.085,0.089,0.034,,-1.0448,-0.2306,1.7945,0.1006,-0.3064,-0.1100,0.0912,0.3055,0.0150,1,6.89,0.160,1.024,0.160,,1.0447,-0.1430,1.7586,0.1006,0.3015,-0.1249,0.0121,-0.3461,0.0150,1,0.00,0.001,0.031,0.004,,0.0028,-0.0493,1.6388,0.0006,-0.3470,-0.1413,-0.0101,0.3423,0.0148,1,0.00,0.001,0.037,0.000,,-0.0022,-0.1517,1.7655,0.0005,0.3415,-0.1234,-0.0892,-0.3093,0.0149,1,5.87,0.131,0.888,0.119,,1.0496,-0.0572,1.6463,-0.0994,-0.3070,-0.1400,-0.1088,0.2991,0.0151,1,0.00,0.000,0.039,0.001,,-1.0491,-0.1498,1.7639,-0.0996,0.3015,-0.1237
0.175,164,tripod,-0.0005,0.0044,0.1478,-0.0263,-0.0052,0.0320,0.0039,0.0087,0.0413,-0.0027,0.0366,0.0010,0.000,0.000,-0.0235,-0.0045,-0.0263,-0.0052,0.0320,0.1274,0,0.1104,-0.3014,0.0470,1,0.00,0.019,0.043,0.004,,-1.0448,-0.2353,1.7977,0.1005,-0.3064,-0.1092,0.0912,0.3055,0.0149,1,0.00,0.014,0.027,0.002,,1.0447,-0.1397,1.7564,0.1006,0.3014,-0.1255,0.0121,-0.3461,0.0150,1,6.75,0.158,1.014,0.144,,0.0028,-0.0456,1.6346,0.0006,-0.3471,-0.1420,-0.0101,0.3424,0.0151,1,0.00,0.014,0.033,0.000,,-0.0022,-0.1501,1.7647,0.0005,0.3415,-0.1237,-0.0892,-0.3092,0.0149,1,0.00,0.016,0.045,0.005,,1.0497,-0.0546,1.6432,-0.0994,-0.3071,-0.1404,-0.1088,0.2992,0.0149,1,7.70,0.256,1.109,0.212,,-1.0492,-0.1457,1.7611,-0.0995,0.3015,-0.1244
0.179,168,tripod,-0.0004,0.0045,0.1483,-0.0263,-0.0042,0.0320,0.0001,0.0014,0.0307,0.0255,0.0009,0.0009,0.000,0.000,-0.0237,-0.0043,-0.0263,-0.0042,0.0320,0.1277,0,0.1104,-0.3013,0.0483,1,2.58,0.192,0.500,0.143,,-1.0449,-0.2404,1.8011,0.1005,-0.3065,-0.1083,0.0912,0.3055,0.0151,1,0.00,0.005,0.033,0.000,,1.0448,-0.1384,1.7557,0.1006,0.3013,-0.1257,0.0121,-0.3461,0.0149,1,3.38,0.239,0.446,0.129,,0.0028,-0.0424,1.6309,0.0007,-0.3472,-0.1426,-0.0101,0.3424,0.0149,1,5.77,0.135,0.943,0.042,,-0.0022,-0.1457,1.7615,0.0005,0.3414,-0.1244,-0.0892,-0.3092,0.0153,1,0.00,0.005,0.027,0.004,,1.0498,-0.0528,1.6410,-0.0994,-0.3071,-0.1407,-0.1088,0.2992,0.0149,1,0.00,0.005,0.027,0.003,,-1.0493,-0.1420,1.7585,-0.0995,0.3014,-0.1251
0.183,172,tripod,-0.0004,0.0046,0.1487,-0.0262,-0.0046,0.0320,0.0070,0.0099,0.0275,-0.0283,0.0497,-0.0009,0.000,0.000,-0.0236,-0.0042,-0.0262,-0.0046,0.0320,0.1279,0,0.1104,-0.3013,0.0496,1,0.00,0.013,0.029,0.006,,-1.0449,-0.2457,1.8045,0.1005,-0.3065,-0.1074,0.0912,0.3055,0.0151,1,0.00,0.011,0.026,0.004,,1.0448,-0.1353,1.7535,0.1005,0.3013,-0.1262,0.0121,-0.3461,0.0150,1,0.00,0.012,0.028,0.002,,0.0028,-0.0410,1.6291,0.0006,-0.3473,-0.1428,-0.0101,0.3424,0.0148,1,5.54,0.131,0.779,0.169,,-0.0022,-0.1425,1.7592,0.0005,0.3413,-0.1250,-0.0892,-0.3093,0.0149,1,5.98,0.232,0.896,0.137,,1.0498,-0.0484,1.6364,-0.0994,-0.3072,-0.1415,-0.1088,0.2992,0.0150,1,0.00,0.011,0.034,0.001,,-1.0493,-0.1403,1.7575,-0.0995,0.3013,-0.1254
0.186,176,tripod,-0.0004,0.0046,0.1492,-0.0261,-0.0045,0.0320,-0.0028,0.0031,0.0225,0.0069,-0.0175,-0.0008,0.000,0.000,-0.0236,-0.0041,-0.0261,-0.0045,0.0320,0.1282,0,0.1104,-0.3012,0.0510,1,1.09,0.133,0.205,0.082,,-1.0450,-0.2510,1.8083,0.1005,-0.3065,-0.1065,0.0912,0.3055,0.0149,1,5.71,0.016,0.901,0.070,,1.0448,-0.1311,1.7504,0.1005,0.3012,-0.1269,0.0121,-0.3461,0.0150,1,0.00,0.002,0.028,0.005,,0.0028,-0.0380,1.6259,0.0006,-0.3473,-0.1433,-0.0101,0.3424,0.0151,1,0.00,0.001,0.030,0.000,,-0.0022,-0.1410,1.7582,0.0005,0.3413,-0.1252,-0.0892,-0.3093,0.0148,1,4.53,0.029,0.666,0.111,,1.0498,-0.0453,1.6330,-0.0994,-0.3073,-0.1420,-0.1088,0.2992,0.0152,1,0.00,0.001,0.028,0.002,,-1.0493,-0.1383,1.7561,-0.0995,0.3013,-0.1257
0.190,180,tripod,-0.0004,0.0048,0.1496,-0.0264,-0.0045,0.0320,0.0116,0.0049,0.0215,-0.0060,0.0803,0.0005,0.000,0.000,-0.0237,-0.0042,-0.0264,-0.0045,0.0320,0.1284,0,0.1104,-0.3011,0.0525,1,0.00,0.009,0.033,0.006,,-1.0451,-0.2569,1.8125,0.1005,-0.3065,-0.1055,0.0911,0.3056,0.0149,1,0.00,0.007,0.026,0.001,,1.0449,-0.1294,1.7492,0.1005,0.3012,-0.1272,0.0121,-0.3461,0.0149,1,5.31,0.111,0.814,0.097,,0.0028,-0.0343,1.6219,0.0006,-0.3474,-0.1440,-0.0101,0.3424,0.0150,1,1.51,0.163,0.154,0.092,,-0.0022,-0.1383,1.7562,0.0005,0.3413,-0.1257,-0.0892,-0.3092,0.0151,1,0.00,0.007,0.033,0.001,,1.0498,-0.0445,1.6320,-0.0994,-0.3073,-0.1422,-0.1088,0.2992,0.0149,1,4.63,0.059,0.679,0.108,,-1.0494,-0.1343,1.7531,-0.0995,0.3012,-0.1264
0.193,184,tripod,-0.0002,0.0048,0.1498,-0.0265,-0.0034,0.0320,0.0046,0.0027,0.0031,-0.0084,0.0303,-0.0012,0.000,0.000,-0.0238,-0.0038,-0.0265,-0.0034,0.0320,0.1284,0,0.1104,-0.3010,0.0537,1,4.92,0.109,0.866,0.103,,-1.0451,-0.2632,1.8168,0.1005,-0.3066,-0.1044,0.0912,0.3056,0.0150,1,0.00,0.004,0.035,0.002,,1.0449,-0.1297,1.7496,0.1005,0.3012,-0.1272,0.0121,-0.3461,0.0149,1,0.73,0.114,0.074,0.031,,0.0027,-0.0330,1.6204,0.0006,-0.3474,-0.1442,-0.0101,0.3424,0.0149,1,0.75,0.042,0.091,0.004,,-0.0022,-0.1374,1.7557,0.0005,0.3412,-0.1259,-0.0892,-0.3092,0.0151,1,0.00,0.003,0.026,0.004,,1.0498,-0.0423,1.6296,-0.0994,-0.3074,-0.1426,-0.1088,0.2992,0.0148,1,5.39,0.039,0.833,0.076,,-1.0494,-0.1326,1.7518,-0.0995,0.3012,-0.1267
0.197,188,tripod,-0.0001,0.0050,0.1500,-0.0272,-0.0025,0.0320,0.0061,0.0091,0.0115,-0.0399,0.0311,-0.0005,0.000,0.000,-0.0240,-0.0032,-0.0272,-0.0025,0.0320,0.1282,0,0.1104,-0.3009,0.0551,1,0.00,0.007,0.040,0.006,,-1.0452,-0.2698,1.8214,0.1005,-0.3066,-0.1033,0.0912,0.3056,0.0149,1,6.01,0.099,0.809,0.224,,1.0450,-0.1298,1.7499,0.1005,0.3011,-0.1272,0.0121,-0.3461,0.0152,1,0.00,0.006,0.035,0.001,,0.0026,-0.0333,1.6205,0.0006,-0.3474,-0.1442,-0.0101,0.3425,0.0150,1,0.00,0.006,0.031,0.003,,-0.0021,-0.1383,1.7567,0.0005,0.3412,-0.1257,-0.0892,-0.3092,0.0149,1,5.84,0.039,0.854,0.156,,1.0498,-0.0384,1.6256,-0.0994,-0.3074,-0.1433,-0.1088,0.2993,0.0149,1,0.00,0.006,0.028,0.002,,-1.0493,-0.1328,1.7522,-0.0995,0.3012,-0.1267
0.201,192,tripod,-0.0000,0.0051,0.1500,-0.0276,-0.0023,0.0320,0.0032,0.0046,-0.0026,-0.0195,0.0073,0.0001,0.000,0.000,-0.0244,-0.0026,-0.0276,-0.0023,0.0320,0.1281,0,0.1104,-0.3008,0.0564,1,2.38,0.022,0.461,0.151,,-1.0454,-0.2767,1.8261,0.1004,-0.3066,-0.1022,0.0912,0.3056,0.0149,1,0.00,0.001,0.033,0.002,,1.0452,-0.1304,1.7506,0.1005,0.3011,-0.1271,0.0121,-0.3461,0.0152,1,0.00,0.000,0.030,0.004,,0.0025,-0.0312,1.6182,0.0006,-0.3475,-0.1445,-0.0101,0.3425,0.0149,1,5.72,0.020,0.880,0.085,,-0.0020,-0.1383,1.7569,0.0004,0.3412,-0.1257,-0.0892,-0.3092,0.0148,1,3.91,0.111,0.518,0.146,,1.0496,-0.0368,1.6239,-0.0994,-0.3074,-0.1435,-0.1088,0.2993,0.0151,1,0.00,0.001,0.035,0.003,,-1.0492,-0.1342,1.7535,-0.0996,0.3011,-0.1264
0.206,196,tripod,0.0001,0.0053,0.1501,-0.0285,-0.0015,0.0320,0.0181,0.0133,0.0055,-0.0649,0.1059,0.0008,0.000,0.000,-0.0248,-0.0022,-0.0285,-0.0015,0.0320,0.1279,0,0.1105,-0.3007,0.0579,1,0.00,0.003,0.035,0.006,,-1.0455,-0.2837,1.8308,0.1004,-0.3066,-0.1010,0.0912,0.3057,0.0149,1,1.48,0.078,0.074,0.161,,1.0453,-0.1321,1.7523,0.1004,0.3011,-0.1268,0.0121,-0.3461,0.0149,1,5.34,0.157,0.718,0.206,,0.0023,-0.0273,1.6142,0.0005,-0.3475,-0.1452,-0.0101,0.3425,0.0149,1,0.73,0.068,0.029,0.069,,-0.0018,-0.1394,1.7579,0.0004,0.3411,-0.1255,-0.0892,-0.3092,0.0152,1,0.00,0.002,0.033,0.000,,1.0494,-0.0370,1.6238,-0.0995,-0.3075,-0.1435,-0.1087,0.2993,0.0149,1,4.44,0.003,0.593,0.157,,-1.0490,-0.1336,1.7533,-0.0996,0.3011,-0.1265
0.211,200,tripod,0.0004,0.0054,0.1500,-0.0294,0.0000,0.0320,0.0124,0.0085,-0.0115,-0.0441,0.0620,0.0002,0.000,0.000,-0.0255,-0.0013,-0.0294,0.0000,0.0320,0.1277,0,0.1106,-0.3006,0.0592,1,2.38,0.324,0.419,0.089,,-1.0457,-0.2910,1.8356,0.1003,-0.3066,-0.0997,0.0912,0.3057,0.0149,1,0.62,0.051,0.009,0.062,,1.0455,-0.1348,1.7548,0.1004,0.3010,-0.1263,0.0121,-0.3461,0.0148,1,3.45,0.413,0.350,0.241,,0.0020,-0.0258,1.6124,0.0005,-0.3476,-0.1455,-0.0101,0.3426,0.0149,1,0.86,0.023,0.068,0.046,,-0.0016,-0.1415,1.7599,0.0004,0.3411,-0.1251,-0.0891,-0.3092,0.0153,1,0.00,0.006,0.027,0.004,,1.0492,-0.0349,1.6214,-0.0995,-0.3075,-0.1439,-0.1087,0.2993,0.0148,1,4.88,0.000,0.732,0.085,,-1.0488,-0.1343,1.7542,-0.0996,0.3011,-0.1264
0.215,204,tripod,0.0006,0.0056,0.1498,-0.0305,0.0012,0.0320,0.0169,0.0146,-0.0088,-0.0766,0.0831,0.0010,0.000,0.000,-0.0262,-0.0003,-0.0305,0.0012,0.0320,0.1273,0,0.1106,-0.3005,0.0605,1,0.00,0.001,0.036,0.007,,-1.0460,-0.2985,1.8405,0.1003,-0.3066,-0.0985,0.0912,0.3057,0.0149,1,4.24,0.019,0.435,0.288,,1.0458,-0.1381,1.7578,0.1003,0.3010,-0.1257,0.0121,-0.3461,0.0151,1,0.00,0.001,0.032,0.001,,0.0017,-0.0265,1.6126,0.0004,-0.3476,-0.1453,-0.0100,0.3426,0.0149,1,1.97,0.050,0.134,0.185,,-0.0013,-0.1445,1.7627,0.0003,0.3411,-0.1246,-0.0892,-0.3092,0.0149,1,5.97,0.213,0.695,0.349,,1.0489,-0.0313,1.6176,-0.0996,-0.3076,-0.1445,-0.1087,0.2993,0.0148,1,0.10,0.006,0.027,0.006,,-1.0485,-0.1363,1.7561,-0.0997,0.3010,-0.1260
0.219,208,tripod,0.0008,0.0058,0.1496,-0.0315,0.0021,0.0320,0.0067,0.0094,-0.0185,-0.0557,0.0200,-0.0025,0.000,0.000,-0.0272,0.0007,-0.0315,0.0021,0.0320,0.1269,0,0.1107,-0.3003,0.0617,1,2.76,0.357,0.506,0.133,,-1.0463,-0.3061,1.8453,0.1002,-0.3066,-0.0972,0.0912,0.3057,0.0149,1,1.35,0.069,0.158,0.036,,1.0462,-0.1416,1.7612,0.1002,0.3009,-0.1251,0.0121,-0.3461,0.0152,1,0.00,0.003,0.031,0.003,,0.0013,-0.0256,1.6112,0.0003,-0.3477,-0.1455,-0.0100,0.3426,0.0149,1,2.09,0.020,0.295,0.026,,-0.0010,-0.1478,1.7658,0.0002,0.3410,-0.1241,-0.0892,-0.3093,0.0148,1,3.49,0.495,0.416,0.178,,1.0485,-0.0301,1.6160,-0.0997,-0.3077,-0.1447,-0.1087,0.2994,0.0148,1,2.81,0.026,0.376,0.077,,-1.0482,-0.1390,1.7587,-0.0998,0.3010,-0.1256
0.223,212,tripod,0.0009,0.0061,0.1494,-0.0329,0.0022,0.0320,0.0060,0.0168,-0.0110,-0.0826,0.0058,0.0027,0.000,0.000,-0.0281,0.0014,-0.0329,0.0022,0.0320,0.1264,0,0.1107,-0.3002,0.0632,1,0.00,0.001,0.037,0.006,,-1.0466,-0.3136,1.8499,0.1001,-0.3066,-0.0959,0.0912,0.3058,0.0149,1,0.89,0.048,0.031,0.091,,1.0465,-0.1452,1.7644,0.1002,0.3009,-0.1245,0.0121,-0.3461,0.0149,1,5.88,0.061,0.588,0.439,,0.0008,-0.0227,1.6079,0.0002,-0.3478,-0.1460,-0.0100,0.3426,0.0148,1,3.29,0.030,0.330,0.223,,-0.0006,-0.1514,1.7692,0.0001,0.3409,-0.1234,-0.0892,-0.3093,0.0151,1,0.00,0.001,0.033,0.000,,1.0480,-0.0305,1.6157,-0.0998,-0.3078,-0.1446,-0.1087,0.2994,0.0148,1,2.37,0.026,0.212,0.176,,-1.0479,-0.1422,1.7619,-0.0999,0.3009,-0.1250
0.227,216,tripod,0.0010,0.0063,0.1491,-0.0340,0.0023,0.0320,0.0086,0.0172,-0.0083,-0.0892,0.0268,0.0019,0.000,0.000,-0.0292,0.0018,-0.0340,0.0023,0.0320,0.1260,0,0.1107,-0.3001,0.0645,1,0.00,0.019,0.072,0.007,,-1.0469,-0.3210,1.8543,0.1001,-0.3067,-0.0947,0.0912,0.3058,0.0149,1,3.29,0.142,0.484,0.057,,1.0469,-0.1487,1.7676,0.1001,0.3008,-0.1239,0.0120,-0.3461,0.0148,1,0.00,0.015,0.073,0.001,,0.0004,-0.0216,1.6064,0.0001,-0.3479,-0.1462,-0.0100,0.3426,0.0148,1,4.34,0.074,0.608,0.117,,-0.0003,-0.1548,1.7726,0.0001,0.3409,-0.1228,-0.0892,-0.3094,0.0149,1,11.23,0.643,1.224,0.717,,1.0476,-0.0283,1.6128,-0.0999,-0.3079,-0.1450,-0.1087,0.2994,0.0148,1,0.37,0.047,0.019,0.003,,-1.0475,-0.1455,1.7652,-0.0999,0.3008,-0.1244
0.231,220,tripod,0.0012,0.0066,0.1490,-0.0352,0.0031,0.0320,0.0090,0.0148,-0.0134,-0.0596,0.0321,0.0018,0.000,0.000,-0.0303,0.0022,-0.0352,0.0031,0.0320,0.1256,0,0.1108,-0.2999,0.0659,1,0.78,0.095,0.122,0.051,,-1.0471,-0.3281,1.8586,0.1000,-0.3067,-0.0935,0.0912,0.3058,0.0148,1,3.06,0.038,0.267,0.247,,1.0472,-0.1519,1.7710,0.1000,0.3007,-0.1233,0.0121,-0.3462,0.0151,1,0.00,0.002,0.032,0.002,,0.0000,-0.0213,1.6051,0.0000,-0.3480,-0.1463,-0.0100,0.3426,0.0148,1,3.14,0.058,0.252,0.284,,-0.0000,-0.1580,1.7759,0.0000,0.3408,-0.1223,-0.0892,-0.3093,0.0148,1,5.48,0.328,0.462,0.504,,1.0472,-0.0263,1.6103,-0.1000,-0.3080,-0.1454,-0.1087,0.2994,0.0149,1,0.00,0.002,0.037,0.005,,-1.0472,-0.1487,1.7683,-0.1000,0.3008,-0.1239
0.236,224,tripod,0.0012,0.0068,0.1488,-0.0362,0.0031,0.0321,0.0018,0.0116,-0.0131,-0.0539,-0.0114,0.0010,0.000,0.000,-0.0314,0.0026,-0.0362,0.0031,0.0321,0.1252,0,0.1108,-0.2997,0.0671,1,1.81,0.158,0.363,0.165,,-1.0474,-0.3350,1.8625,0.1000,-0.3068,-0.0923,0.0912,0.3059,0.0148,1,1.06,0.044,0.041,0.113,,1.0474,-0.1548,1.7739,0.0999,0.3007,-0.1228,0.0121,-0.3462,0.0149,1,4.24,0.249,0.312,0.427,,-0.0004,-0.0196,1.6026,-0.0001,-0.3481,-0.1466,-0.0100,0.3427,0.0147,1,4.14,0.002,0.549,0.141,,0.0002,-0.1609,1.7789,-0.0001,0.3407,-0.1218,-0.0892,-0.3094,0.0149,1,0.00,0.001,0.031,0.002,,1.0469,-0.0260,1.6090,-0.1001,-0.3081,-0.1454,-0.1087,0.2995,0.0149,1,1.22,0.023,0.052,0.134,,-1.0470,-0.1517,1.7712,-0.1001,0.3007,-0.1234
0.241,228,tripod,0.0012,0.0069,0.1485,-0.0369,0.0024,0.0321,-0.0064,0.0064,-0.0135,-0.0324,-0.0692,0.0038,0.000,0.000,-0.0323,0.0026,-0.0369,0.0024,0.0321,0.1247,0,0.1108,-0.2997,0.0683,1,6.12,0.064,1.128,0.233,,-1.0476,-0.3415,1.8658,0.0999,-0.3069,-0.0912,0.0912,0.3058,0.0149,1,0.00,0.003,0.039,0.005,,1.0477,-0.1574,1.7766,0.0999,0.3006,-0.1224,0.0120,-0.3463,0.0149,1,0.00,0.001,0.030,0.002,,-0.0007,-0.0194,1.6013,-0.0002,-0.3483,-0.1466,-0.0100,0.3427,0.0147,1,2.38,0.011,0.420,0.059,,0.0005,-0.1635,1.7812,-0.0001,0.3406,-0.1213,-0.0892,-0.3095,0.0150,1,0.00,0.002,0.030,0.000,,1.0466,-0.0268,1.6089,-0.1002,-0.3083,-0.1453,-0.1087,0.2994,0.0149,1,3.83,0.024,0.608,0.013,,-1.0467,-0.1544,1.7739,-0.1001,0.3006,-0.1229
0.247,232,tripod,0.0010,0.0071,0.1484,-0.0376,0.0011,0.0322,-0.0065,0.0097,-0.0051,-0.0476,-0.0608,0.0037,0.000,0.000,-0.0330,0.0021,-0.0376,0.0011,0.0322,0.1243,0,0.1108,-0.2997,0.0695,1,5.21,0.481,1.001,0.285,,-1.0477,-0.3476,1.8688,0.0999,-0.3070,-0.0902,0.0912,0.3058,0.0150,1,0.00,0.010,0.031,0.005,,1.0478,-0.1594,1.7788,0.0999,0.3005,-0.1220,0.0121,-0.3464,0.0151,1,0.00,0.005,0.041,0.000,,-0.0009,-0.0201,1.6011,-0.0002,-0.3484,-0.1465,-0.0100,0.3427,0.0147,1,2.53,0.086,0.423,0.028,,0.0006,-0.1657,1.7834,-0.0001,0.3406,-0.1210,-0.0892,-0.3096,0.0150,1,1.91,0.122,0.136,0.165,,1.0464,-0.0274,1.6084,-0.1002,-0.3084,-0.1452,-0.1087,0.2994,0.0148,1,3.86,0.074,0.652,0.034,,-1.0466,-0.1568,1.7763,-0.1001,0.3006,-0.1225
0.251,236,tripod,0.0008,0.0072,0.1484,-0.0383,-0.0005,0.0323,-0.0130,0.0079,-0.0004,-0.0331,-0.1062,0.0102,0.000,0.000,-0.0337,0.0012,-0.0383,-0.0005,0.0323,0.1241,0,0.1107,-0.2996,0.0708,1,4.87,0.336,1.038,0.437,,-1.0477,-0.3531,1.8716,0.0999,-0.3071,-0.0893,0.0912,0.3058,0.0149,1,2.12,0.016,0.415,0.097,,1.0479,-0.1591,1.7789,0.0999,0.3004,-0.1221,0.0121,-0.3465,0.0151,1,0.00,0.001,0.030,0.005,,-0.0009,-0.0183,1.5982,-0.0002,-0.3486,-0.1468,-0.0101,0.3427,0.0148,1,0.00,0.002,0.036,0.004,,0.0006,-0.1676,1.7854,-0.0001,0.3405,-0.1206,-0.0891,-0.3097,0.0150,1,1.23,0.187,0.142,0.046,,1.0463,-0.0269,1.6070,-0.1002,-0.3085,-0.1453,-0.1087,0.2994,0.0148,1,4.08,0.039,0.760,0.111,,-1.0465,-0.1587,1.7782,-0.1002,0.3005,-0.1222
0.255,240,tripod,0.0007,0.0075,0.1485,-0.0394,-0.0016,0.0323,-0.0104,0.0157,0.0060,-0.0574,-0.0535,-0.0010,0.000,0.000,-0.0344,0.0000,-0.0394,-0.0016,0.0323,0.1240,0,0.1107,-0.2995,0.0722,1,1.57,0.179,0.297,0.118,,-1.0476,-0.3583,1.8745,0.0999,-0.3071,-0.0884,0.0912,0.3059,0.0149,1,3.46,0.052,0.402,0.181,,1.0478,-0.1592,1.7798,0.0999,0.3003,-0.1221,0.0121,-0.3466,0.0149,1,4.11,0.228,0.318,0.403,,-0.0008,-0.0146,1.5938,-0.0002,-0.3487,-0.1474,-0.0101,0.3427,0.0148,1,0.00,0.002,0.036,0.003,,0.0006,-0.1693,1.7873,-0.0001,0.3404,-0.1203,-0.0891,-0.3097,0.0152,1,0.00,0.001,0.031,0.003,,1.0464,-0.0261,1.6054,-0.1002,-0.3087,-0.1454,-0.1087,0.2995,0.0147,1,3.07,0.055,0.314,0.202,,-1.0466,-0.1603,1.7803,-0.1001,0.3004,-0.1219
0.259,244,tripod,0.0005,0.0078,0.1487,-0.0405,-0.0020,0.0323,-0.0031,0.0210,0.0143,-0.0827,0.0027,-0.0037,0.000,0.000,-0.0352,-0.0010,-0.0405,-0.0020,0.0323,0.1240,0,0.1106,-0.2993,0.0736,1,0.00,0.000,0.035,0.003,,-1.0475,-0.3634,1.8773,0.0999,-0.3071,-0.0875,0.0911,0.3059,0.0148,1,5.51,0.185,0.653,0.308,,1.0476,-0.1597,1.7808,0.0999,0.3002,-0.1220,0.0122,-0.3466,0.0150,1,0.00,0.000,0.031,0.004,,-0.0005,-0.0125,1.5907,-0.0001,-0.3489,-0.1478,-0.0101,0.3428,0.0149,1,0.58,0.051,0.022,0.048,,0.0004,-0.1707,1.7890,-0.0001,0.3403,-0.1201,-0.0891,-0.3098,0.0149,1,6.22,0.047,0.690,0.399,,1.0467,-0.0218,1.6004,-0.1001,-0.3088,-0.1462,-0.1088,0.2995,0.0147,1,0.02,0.002,0.032,0.001,,-1.0468,-0.1616,1.7819,-0.1001,0.3003,-0.1217
0.263,248,tripod,0.0005,0.0081,0.1488,-0.0416,-0.0020,0.0323,-0.0044,0.0143,0.0090,-0.0583,-0.0060,-0.0014,0.000,0.000,-0.0362,-0.0015,-0.0416,-0.0020,0.0323,0.1239,0,0.1106,-0.2991,0.0750,1,2.65,0.219,0.550,0.252,,-1.0473,-0.3683,1.8799,0.1000,-0.3071,-0.0867,0.0911,0.3059,0.0147,1,3.99,0.092,0.580,0.083,,1.0474,-0.1601,1.7819,0.1000,0.3001,-0.1219,0.0122,-0.3467,0.0150,1,0.00,0.001,0.027,0.008,,-0.0002,-0.0085,1.5856,-0.0000,-0.3490,-0.1485,-0.0101,0.3429,0.0149,1,0.80,0.058,0.031,0.081,,0.0001,-0.1719,1.7904,-0.0000,0.3403,-0.1199,-0.0891,-0.3098,0.0148,1,3.44,0.161,0.239,0.362,,1.0470,-0.0183,1.5960,-0.1000,-0.3089,-0.1468,-0.1087,0.2996,0.0147,1,1.25,0.065,0.156,0.026,,-1.0470,-0.1625,1.7833,-0.1000,0.3002,-0.1215
0.267,252,tripod,0.0004,0.0084,0.1491,-0.0431,-0.0021,0.0322,-0.0047,0.0189,0.0153,-0.0710,-0.0079,-0.0022,0.000,0.000,-0.0373,-0.0017,-0.0431,-0.0021,0.0322,0.1240,0,0.1105,-0.2988,0.0765,1,0.00,0.001,0.033,0.002,,-1.0471,-0.3729,1.8823,0.1000,-0.3072,-0.0860,0.0911,0.3059,0.0147,1,3.18,0.087,0.268,0.279,,1.0472,-0.1605,1.7831,0.1000,0.3000,-0.1218,0.0121,-0.3466,0.0149,1,5.63,0.059,0.440,0.552,,0.0001,-0.0032,1.5797,0.0000,-0.3491,-0.1494,-0.0101,0.3429,0.0148,1,1.85,0.003,0.107,0.203,,-0.0001,-0.1727,1.7916,0.0000,0.3402,-0.1198,-0.0891,-0.3098,0.0151,1,0.00,0.001,0.031,0.005,,1.0473,-0.0159,1.5926,-0.1000,-0.3091,-0.1472,-0.1087,0.2996,0.0148,1,1.56,0.024,0.083,0.173,,-1.0472,-0.1632,1.7845,-0.1000,0.3001,-0.1214
0.272,256,tripod,0.0003,0.0087,0.1494,-0.0442,-0.0021,0.0322,-0.0010,0.0205,0.0200,-0.0775,0.0149,-0.0029,0.000,0.000,-0.0384,-0.0019,-0.0442,-0.0021,0.0322,0.1240,0,0.1105,-0.2986,0.0779,1,0.00,0.001,0.035,0.002,,-1.0470,-0.3773,1.8846,0.1000,-0.3072,-0.0852,0.0911,0.3060,0.0147,1,4.03,0.154,0.364,0.337,,1.0470,-0.1607,1.7840,0.1000,0.2999,-0.1218,0.0122,-0.3467,0.0149,1,0.00,0.001,0.030,0.007,,0.0004,0.0002,1.5752,0.0001,-0.3493,-0.1500,-0.0101,0.3430,0.0148,1,2.25,0.103,0.134,0.251,,-0.0002,-0.1732,1.7928,0.0001,0.3401,-0.1197,-0.0891,-0.3098,0.0149,1,6.20,0.090,0.590,0.503,,1.0476,-0.0111,1.5867,-0.0999,-0.3093,-0.1481,-0.1088,0.2997,0.0148,1,0.00,0.001,0.034,0.002,,-1.0474,-0.1637,1.7856,-0.0999,0.3000,-0.1213
0.276,260,tripod,0.0003,0.0090,0.1497,-0.0452,-0.0019,0.0322,-0.0023,0.0147,0.0133,-0.0513,0.0013,-0.0019,0.000,0.000,-0.0394,-0.0018,-0.0452,-0.0019,0.0322,0.1241,0,0.1105,-0.2984,0.0792,1,2.09,0.121,0.431,0.218,,-1.0469,-0.3816,1.8866,0.1001,-0.3073,-0.0845,0.0911,0.3060,0.0147,1,3.07,0.140,0.357,0.161,,1.0469,-0.1608,1.7850,0.1001,0.2997,-0.1218,0.0121,-0.3467,0.0151,1,0.00,0.000,0.029,0.007,,0.0006,0.0030,1.5711,0.0001,-0.3495,-0.1505,-0.0101,0.3430,0.0148,1,2.28,0.084,0.303,0.067,,-0.0004,-0.1734,1.7938,0.0001,0.3399,-0.1196,-0.0891,-0.3098,0.0148,1,4.18,0.034,0.254,0.480,,1.0478,-0.0071,1.5818,-0.0999,-0.3094,-0.1488,-0.1087,0.2997,0.0148,1,0.48,0.025,0.008,0.045,,-1.0476,-0.1639,1.7865,-0.0999,0.2999,-0.1212
0.282,264,tripod,0.0003,0.0093,0.1500,-0.0463,-0.0020,0.0321,-0.0028,0.0205,0.0188,-0.0654,-0.0057,-0.0014,0.000,0.000,-0.0404,-0.0018,-0.0463,-0.0020,0.0321,0.1242,0,0.1104,-0.2982,0.0805,1,0.00,0.001,0.034,0.001,,-1.0468,-0.3856,1.8885,0.1001,-0.3073,-0.0838,0.0911,0.3061,0.0147,1,2.34,0.079,0.143,0.259,,1.0468,-0.1608,1.7856,0.1001,0.2997,-0.1218,0.0122,-0.3468,0.0149,1,5.75,0.046,0.446,0.565,,0.0007,0.0082,1.5649,0.0002,-0.3497,-0.1514,-0.0101,0.3431,0.0148,1,3.39,0.036,0.270,0.322,,-0.0005,-0.1735,1.7947,0.0001,0.3398,-0.1196,-0.0891,-0.3099,0.0150,1,0.00,0.001,0.030,0.006,,1.0479,-0.0047,1.5781,-0.0998,-0.3096,-0.1492,-0.1087,0.2998,0.0148,1,0.76,0.015,0.024,0.083,,-1.0477,-0.1640,1.7873,-0.0999,0.2998,-0.1212
0.286,268,tripod,0.0002,0.0096,0.1503,-0.0473,-0.0020,0.0321,0.0010,0.0213,0.0246,-0.0784,0.0188,-0.0022,0.000,0.000,-0.0414,-0.0018,-0.0473,-0.0020,0.0321,0.1243,0,0.1104,-0.2980,0.0817,1,0.00,0.006,0.040,0.001,,-1.0467,-0.3895,1.8903,0.1001,-0.3074,-0.0832,0.0911,0.3061,0.0147,1,3.20,0.112,0.247,0.307,,1.0467,-0.1607,1.7862,0.1001,0.2996,-0.1218,0.0122,-0.3469,0.0149,1,0.00,0.005,0.036,0.007,,0.0008,0.0117,1.5599,0.0002,-0.3499,-0.1521,-0.0101,0.3431,0.0147,1,3.47,0.089,0.295,0.307,,-0.0006,-0.1735,1.7955,0.0001,0.3397,-0.1196,-0.0891,-0.3100,0.0150,1,7.10,0.192,0.635,0.611,,1.0481,-0.0003,1.5726,-0.0998,-0.3098,-0.1499,-0.1088,0.2998,0.0148,1,0.00,0.007,0.039,0.001,,-1.0478,-0.1641,1.7880,-0.0999,0.2997,-0.1212
0.291,272,tripod,0.0002,0.0099,0.1506,-0.0484,-0.0018,0.0321,-0.0017,0.0145,0.0179,-0.0565,-0.0019,-0.0012,0.000,0.000,-0.0424,-0.0018,-0.0484,-0.0018,0.0321,0.1244,0,0.1104,-0.2978,0.0831,1,2.81,0.100,0.601,0.316,,-1.0467,-0.3932,1.8920,0.1001,-0.3074,-0.0826,0.0911,0.3061,0.0147,1,2.08,0.128,0.276,0.057,,1.0466,-0.1606,1.7868,0.1001,0.2994,-0.1218,0.0122,-0.3470,0.0151,1,0.00,0.001,0.028,0.007,,0.0009,0.0148,1.5554,0.0002,-0.3501,-0.1526,-0.0101,0.3431,0.0147,1,3.65,0.106,0.523,0.086,,-0.0006,-0.1733,1.7961,0.0001,0.3396,-0.1196,-0.0891,-0.3100,0.0149,1,3.51,0.018,0.226,0.387,,1.0482,0.0042,1.5667,-0.0998,-0.3100,-0.1507,-0.1087,0.2999,0.0149,1,0.00,0.001,0.035,0.002,,-1.0478,-0.1640,1.7887,-0.0999,0.2996,-0.1212
0.295,276,tripod,0.0002,0.0102,0.1510,-0.0496,-0.0020,0.0321,-0.0018,0.0252,0.0271,-0.0841,-0.0040,-0.0013,0.000,0.000,-0.0433,-0.0018,-0.0496,-0.0020,0.0321,0.1245,0,0.1104,-0.2977,0.0844,1,0.00,0.001,0.032,0.001,,-1.0466,-0.3968,1.8934,0.1001,-0.3075,-0.0819,0.0911,0.3062,0.0147,1,1.29,0.056,0.068,0.138,,1.0465,-0.1604,1.7872,0.1001,0.2994,-0.1218,0.0122,-0.3471,0.0149,1,5.89,0.050,0.398,0.639,,0.0010,0.0208,1.5478,0.0002,-0.3503,-0.1536,-0.0101,0.3431,0.0147,1,4.96,0.061,0.362,0.530,,-0.0007,-0.1731,1.7967,0.0001,0.3395,-0.1196,-0.0891,-0.3101,0.0150,1,0.00,0.001,0.029,0.006,,1.0482,0.0071,1.5625,-0.0998,-0.3102,-0.1512,-0.1088,0.2999,0.0149,1,0.00,0.001,0.033,0.002,,-1.0479,-0.1640,1.7893,-0.0998,0.2995,-0.1212
0.299,280,tripod,0.0001,0.0105,0.1514,-0.0507,-0.0021,0.0321,-0.0029,0.0151,0.0187,-0.0552,-0.0146,-0.0002,0.000,0.000,-0.0444,-0.0018,-0.0507,-0.0021,0.0321,0.1247,0,0.1104,-0.2974,0.0857,1,2.41,0.135,0.510,0.268,,-1.0466,-0.4004,1.8949,0.1001,-0.3076,-0.0814,0.0911,0.3063,0.0147,1,0.58,0.026,0.008,0.065,,1.0465,-0.1602,1.7876,0.1002,0.2993,-0.1218,0.0122,-0.3471,0.0148,1,3.61,0.149,0.260,0.364,,0.0011,0.0257,1.5415,0.0003,-0.3505,-0.1545,-0.0101,0.3432,0.0146,1,4.65,0.089,0.605,0.183,,-0.0007,-0.1728,1.7975,0.0002,0.3393,-0.1197,-0.0891,-0.3102,0.0151,1,0.00,0.002,0.027,0.010,,1.0483,0.0118,1.5563,-0.0997,-0.3104,-0.1521,-0.1088,0.3000,0.0149,1,0.77,0.068,0.127,0.033,,-1.0479,-0.1638,1.7899,-0.0998,0.2994,-0.1212
0.304,284,tripod,0.0002,0.0109,0.1518,-0.0519,-0.0014,0.0321,0.0039,0.0178,0.0239,-0.0647,0.0321,-0.0016,0.000,0.000,-0.0454,-0.0017,-0.0519,-0.0014,0.0321,0.1249,0,0.1104,-0.2972,0.0871,1,0.98,0.046,0.191,0.113,,-1.0466,-0.4039,1.8964,0.1001,-0.3076,-0.0808,0.0912,0.3064,0.0147,1,2.28,0.119,0.187,0.193,,1.0465,-0.1599,1.7881,0.1002,0.2992,-0.1219,0.0122,-0.3472,0.0151,1,0.00,0.002,0.028,0.006,,0.0011,0.0291,1.5366,0.0003,-0.3507,-0.1551,-0.0101,0.3432,0.0146,1,3.69,0.121,0.310,0.333,,-0.0007,-0.1724,1.7979,0.0002,0.3392,-0.1198,-0.0891,-0.3103,0.0149,1,4.97,0.151,0.392,0.481,,1.0483,0.0179,1.5488,-0.0997,-0.3106,-0.1531,-0.1087,0.3001,0.0150,1,0.00,0.000,0.033,0.002,,-1.0479,-0.1636,1.7905,-0.0998,0.2993,-0.1213
0.308,288,tripod,0.0003,0.0112,0.1523,-0.0528,-0.0007,0.0320,0.0103,0.0237,0.0321,-0.0687,0.0716,-0.0003,0.000,0.000,-0.0464,-0.0014,-0.0528,-0.0007,0.0320,0.1252,0,0.1104,-0.2971,0.0884,1,1.14,0.117,0.216,0.109,,-1.0466,-0.4072,1.8976,0.1001,-0.3077,-0.0802,0.0912,0.3064,0.0148,1,0.43,0.019,0.000,0.049,,1.0465,-0.1595,1.7884,0.1002,0.2991,-0.1220,0.0122,-0.3473,0.0150,1,4.48,0.243,0.357,0.423,,0.0011,0.0349,1.5291,0.0003,-0.3509,-0.1561,-0.0101,0.3433,0.0147,1,0.00,0.004,0.031,0.000,,-0.0007,-0.1718,1.7980,0.0002,0.3391,-0.1199,-0.0891,-0.3104,0.0149,1,0.00,0.006,0.030,0.008,,1.0483,0.0220,1.5431,-0.0997,-0.3108,-0.1538,-0.1087,0.3001,0.0149,1,5.80,0.153,0.703,0.301,,-1.0479,-0.1610,1.7892,-0.0998,0.2991,-0.1217
0.312,292,tripod,0.0004,0.0114,0.1527,-0.0538,0.0002,0.0319,0.0037,0.0081,0.0236,-0.0488,0.0281,-0.0074,0.000,0.000,-0.0473,-0.0007,-0.0538,0.0002,0.0319,0.1254,0,0.1104,-0.2969,0.0896,1,5.91,0.206,1.321,0.712,,-1.0466,-0.4105,1.8989,0.1001,-0.3078,-0.0797,0.0912,0.3064,0.0148,1,0.00,0.003,0.036,0.002,,1.0465,-0.1591,1.7888,0.1002,0.2990,-0.1220,0.0121,-0.3475,0.0149,1,0.00,0.000,0.023,0.009,,0.0010,0.0394,1.5228,0.0002,-0.3511,-0.1569,-0.0101,0.3433,0.0147,1,0.00,0.003,0.035,0.001,,-0.0007,-0.1713,1.7982,0.0001,0.3390,-0.1199,-0.0891,-0.3105,0.0151,1,0.00,0.000,0.023,0.010,,1.0482,0.0263,1.5373,-0.0998,-0.3110,-0.1546,-0.1087,0.3001,0.0148,1,5.91,0.338,1.347,0.405,,-1.0479,-0.1588,1.7879,-0.0999,0.2991,-0.1221
0.316,296,tripod,0.0005,0.0117,0.1532,-0.0550,0.0010,0.0319,0.0083,0.0211,0.0268,-0.0758,0.0487,-0.0018,0.000,0.000,-0.0482,-0.0001,-0.0550,0.0010,0.0319,0.1256,0,0.1105,-0.2968,0.0909,1,2.37,0.181,0.492,0.250,,-1.0467,-0.4139,1.9001,0.1001,-0.3079,-0.0791,0.0912,0.3064,0.0148,1,2.01,0.031,0.259,0.057,,1.0466,-0.1589,1.7893,0.1001,0.2989,-0.1220,0.0121,-0.3476,0.0152,1,0.00,0.000,0.027,0.008,,0.0009,0.0432,1.5176,0.0002,-0.3513,-0.1575,-0.0100,0.3434,0.0148,1,0.99,0.023,0.033,0.117,,-0.0005,-0.1711,1.7985,0.0001,0.3390,-0.1200,-0.0892,-0.3106,0.0149,1,3.35,0.358,0.324,0.257,,1.0481,0.0328,1.5291,-0.0998,-0.3112,-0.1557,-0.1087,0.3001,0.0147,1,3.10,0.019,0.439,0.071,,-1.0477,-0.1574,1.7874,-0.0999,0.2990,-0.1223
0.323,300,tripod,0.0006,0.0120,0.1536,-0.0562,0.0013,0.0318,0.0049,0.0283,0.0333,-0.1044,0.0171,0.0022,0.000,0.000,-0.0492,0.0006,-0.0562,0.0013,0.0318,0.1258,0,0.1105,-0.2966,0.0922,1,0.00,0.004,0.043,0.001,,-1.0468,-0.4174,1.9014,0.1001,-0.3080,-0.0785,0.0912,0.3065,0.0148,1,0.56,0.052,0.013,0.056,,1.0468,-0.1587,1.7898,0.1001,0.2988,-0.1221,0.0120,-0.3477,0.0150,1,7.26,0.159,0.496,0.753,,0.0006,0.0498,1.5091,0.0001,-0.3516,-0.1587,-0.0100,0.3434,0.0148,1,2.49,0.066,0.138,0.292,,-0.0004,-0.1709,1.7990,0.0001,0.3389,-0.1200,-0.0892,-0.3108,0.0150,1,0.00,0.003,0.041,0.008,,1.0478,0.0372,1.5231,-0.0999,-0.3115,-0.1565,-0.1087,0.3002,0.0147,1,3.94,0.086,0.483,0.184,,-1.0476,-0.1564,1.7873,-0.0999,0.2989,-0.1225
0.328,304,tripod,0.0007,0.0124,0.1541,-0.0576,0.0017,0.0319,0.0045,0.0207,0.0214,-0.0688,0.0125,0.0019,0.000,0.000,-0.0504,0.0010,-0.0576,0.0017,0.0319,0.1260,0,0.1105,-0.2963,0.0937,1,0.68,0.043,0.118,0.074,,-1.0470,-0.4210,1.9030,0.1001,-0.3080,-0.0779,0.0912,0.3066,0.0148,1,0.86,0.029,0.025,0.098,,1.0470,-0.1587,1.7905,0.1001,0.2987,-0.1221,0.0120,-0.3478,0.0149,1,4.84,0.114,0.334,0.502,,0.0003,0.0558,1.5011,0.0001,-0.3518,-0.1598,-0.0100,0.3435,0.0148,1,2.32,0.043,0.127,0.270,,-0.0002,-0.1709,1.7996,0.0000,0.3388,-0.1200,-0.0892,-0.3108,0.0152,1,0.00,0.000,0.026,0.010,,1.0475,0.0415,1.5172,-0.0999,-0.3117,-0.1573,-0.1087,0.3002,0.0147,1,3.16,0.017,0.337,0.195,,-1.0474,-0.1558,1.7879,-0.1000,0.2987,-0.1226
0.332,308,tripod,0.0008,0.0128,0.1545,-0.0590,0.0021,0.0319,0.0101,0.0262,0.0294,-0.0966,0.0493,0.0005,0.000,0.000,-0.0515,0.0014,-0.0590,0.0021,0.0319,0.1262,0,0.1106,-0.2960,0.0951,1,0.00,0.001,0.030,0.001,,-1.0471,-0.4248,1.9046,0.1000,-0.3081,-0.0773,0.0912,0.3066,0.0148,1,3.41,0.054,0.195,0.399,,1.0472,-0.1586,1.7913,0.1000,0.2985,-0.1221,0.0120,-0.3479,0.0151,1,0.00,0.001,0.027,0.008,,0.0001,0.0595,1.4957,0.0000,-0.3520,-0.1604,-0.0100,0.3436,0.0148,1,2.78,0.023,0.154,0.328,,-0.0000,-0.1709,1.8003,0.0000,0.3387,-0.1200,-0.0892,-0.3109,0.0149,1,5.72,0.320,0.467,0.533,,1.0473,0.0486,1.5082,-0.1000,-0.3119,-0.1585,-0.1087,0.3003,0.0147,1,0.00,0.001,0.033,0.002,,-1.0472,-0.1555,1.7884,-0.1000,0.2986,-0.1226
0.336,312,tripod,0.0010,0.0132,0.1549,-0.0602,0.0029,0.0319,0.0060,0.0175,0.0180,-0.0623,0.0225,0.0009,0.000,0.000,-0.0527,0.0019,-0.0602,0.0029,0.0319,0.1264,0,0.1107,-0.2957,0.0965,1,0.83,0.071,0.146,0.083,,-1.0473,-0.4286,1.9062,0.1000,-0.3081,-0.0766,0.0912,0.3067,0.0148,1,2.82,0.074,0.162,0.322,,1.0473,-0.1586,1.7920,0.1000,0.2984,-0.1221,0.0120,-0.3480,0.0151,1,0.00,0.002,0.026,0.011,,-0.0002,0.0646,1.4887,-0.0001,-0.3523,-0.1613,-0.0100,0.3437,0.0147,1,3.24,0.048,0.307,0.243,,0.0001,-0.1709,1.8011,-0.0000,0.3385,-0.1200,-0.0892,-0.3110,0.0148,1,5.06,0.308,0.404,0.471,,1.0470,0.0540,1.5009,-0.1001,-0.3121,-0.1594,-0.1087,0.3003,0.0148,1,0.00,0.002,0.033,0.002,,-1.0471,-0.1553,1.7892,-0.1000,0.2984,-0.1226
0.340,316,tripod,0.0010,0.0136,0.1553,-0.0617,0.0029,0.0319,0.0029,0.0257,0.0249,-0.0873,-0.0006,0.0026,0.000,0.000,-0.0539,0.0023,-0.0617,0.0029,0.0319,0.1265,0,0.1107,-0.2954,0.0980,1,0.00,0.001,0.032,0.001,,-1.0474,-0.4326,1.9079,0.0999,-0.3082,-0.0759,0.0912,0.3068,0.0148,1,1.38,0.038,0.075,0.144,,1.0475,-0.1586,1.7928,0.0999,0.2983,-0.1221,0.0120,-0.3481,0.0149,1,5.76,0.110,0.380,0.612,,-0.0006,0.0715,1.4796,-0.0001,-0.3525,-0.1625,-0.0100,0.3437,0.0147,1,4.46,0.031,0.324,0.471,,0.0003,-0.1709,1.8020,-0.0001,0.3384,-0.1200,-0.0892,-0.3111,0.0151,1,0.00,0.001,0.028,0.007,,1.0467,0.0571,1.4961,-0.1001,-0.3123,-0.1600,-0.1087,0.3004,0.0148,1,0.40,0.000,0.002,0.040,,-1.0469,-0.1553,1.7899,-0.1001,0.2983,-0.1226
0.344,320,tripod,0.0011,0.0139,0.1556,-0.0628,0.0030,0.0319,0.0026,0.0208,0.0144,-0.0528,-0.0006,0.0025,0.000,0.000,-0.0551,0.0026,-0.0628,0.0030,0.0319,0.1267,0,0.1107,-0.2951,0.0994,1,0.00,0.001,0.033,0.001,,-1.0476,-0.4367,1.9096,0.0999,-0.3082,-0.0753,0.0912,0.3069,0.0148,1,1.58,0.030,0.089,0.168,,1.0477,-0.1586,1.7935,0.0999,0.2982,-0.1220,0.0120,-0.3482,0.0148,1,5.92,0.118,0.408,0.600,,-0.0008,0.0762,1.4730,-0.0002,-0.3527,-0.1633,-0.0100,0.3438,0.0147,1,4.45,0.027,0.338,0.451,,0.0005,-0.1709,1.8029,-0.0001,0.3383,-0.1200,-0.0892,-0.3111,0.0151,1,0.00,0.001,0.029,0.011,,1.0464,0.0618,1.4895,-0.1002,-0.3126,-0.1608,-0.1087,0.3005,0.0148,1,0.37,0.008,0.004,0.038,,-1.0467,-0.1554,1.7908,-0.1001,0.2982,-0.1226
0.349,324,tripod,0.0012,0.0143,0.1559,-0.0640,0.0035,0.0320,0.0050,0.0183,0.0192,-0.0680,0.0203,0.0003,0.000,0.000,-0.0562,0.0027,-0.0640,0.0035,0.0320,0.1268,0,0.1108,-0.2948,0.1007,1,1.26,0.108,0.240,0.129,,-1.0477,-0.4402,1.9109,0.0999,-0.3083,-0.0747,0.0912,0.3070,0.0148,1,1.96,0.020,0.186,0.130,,1.0479,-0.1587,1.7944,0.0998,0.2981,-0.1220,0.0120,-0.3482,0.0151,1,0.00,0.002,0.028,0.007,,-0.0011,0.0788,1.4686,-0.0003,-0.3530,-0.1637,-0.0100,0.3439,0.0146,1,4.02,0.060,0.341,0.356,,0.0007,-0.1709,1.8038,-0.0001,0.3381,-0.1199,-0.0892,-0.3113,0.0149,1,4.75,0.301,0.377,0.439,,1.0461,0.0675,1.4818,-0.1003,-0.3128,-0.1618,-0.1087,0.3006,0.0149,1,0.00,0.002,0.033,0.003,,-1.0465,-0.1556,1.7918,-0.1002,0.2981,-0.1226
0.353,328,tripod,0.0012,0.0145,0.1562,-0.0650,0.0032,0.0319,-0.0034,0.0102,0.0135,-0.0519,-0.0351,0.0005,0.000,0.000,-0.0573,0.0030,-0.0650,0.0032,0.0319,0.1269,0,0.1108,-0.2947,0.1018,1,4.97,0.156,1.090,0.623,,-1.0478,-0.4433,1.9119,0.0998,-0.3084,-0.0742,0.0912,0.3070,0.0148,1,0.00,0.001,0.034,0.003,,1.0480,-0.1588,1.7953,0.0998,0.2980,-0.1220,0.0120,-0.3484,0.0151,1,0.00,0.001,0.028,0.010,,-0.0014,0.0831,1.4623,-0.0003,-0.3532,-0.1645,-0.0100,0.3439,0.0146,1,4.46,0.099,0.860,0.144,,0.0008,-0.1711,1.8044,-0.0002,0.3381,-0.1199,-0.0893,-0.3115,0.0148,1,1.60,0.077,0.106,0.152,,1.0459,0.0710,1.4764,-0.1003,-0.3131,-0.1624,-0.1087,0.3005,0.0149,1,1.19,0.011,0.263,0.103,,-1.0464,-0.1559,1.7928,-0.1002,0.2980,-0.1225
0.360,332,tripod,0.0011,0.0149,0.1565,-0.0662,0.0030,0.0320,-0.0009,0.0187,0.0170,-0.0678,-0.0148,0.0016,0.000,0.000,-0.0583,0.0029,-0.0662,0.0030,0.0320,0.1269,0,0.1107,-0.2945,0.1031,1,2.27,0.038,0.480,0.285,,-1.0479,-0.4467,1.9132,0.0998,-0.3084,-0.0736,0.0912,0.3070,0.0148,1,0.00,0.001,0.034,0.003,,1.0481,-0.1591,1.7962,0.0998,0.2979,-0.1220,0.0120,-0.3486,0.0149,1,3.65,0.076,0.259,0.357,,-0.0016,0.0885,1.4546,-0.0004,-0.3535,-0.1654,-0.0100,0.3439,0.0145,1,5.80,0.011,0.698,0.298,,0.0009,-0.1712,1.8054,-0.0002,0.3379,-0.1199,-0.0893,-0.3115,0.0151,1,0.00,0.001,0.030,0.005,,1.0457,0.0732,1.4727,-0.1004,-0.3133,-0.1628,-0.1087,0.3006,0.0149,1,0.27,0.035,0.007,0.019,,-1.0462,-0.1562,1.7939,-0.1002,0.2979,-0.1224
0.364,336,tripod,0.0011,0.0151,0.1568,-0.0673,0.0025,0.0320,0.0043,0.0240,0.0237,-0.0866,0.0286,-0.0012,0.000,0.000,-0.0593,0.0027,-0.0673,0.0025,0.0320,0.1270,0,0.1107,-0.2943,0.1043,1,0.00,0.017,0.033,0.002,,-1.0480,-0.4502,1.9144,0.0998,-0.3085,-0.0730,0.0912,0.3070,0.0149,1,0.66,0.033,0.077,0.001,,1.0482,-0.1594,1.7972,0.0998,0.2977,-0.1219,0.0120,-0.3488,0.0149,1,0.00,0.013,0.031,0.006,,-0.0017,0.0918,1.4493,-0.0004,-0.3537,-0.1660,-0.0100,0.3439,0.0145,1,5.41,0.174,0.526,0.415,,0.0010,-0.1714,1.8060,-0.0002,0.3379,-0.1198,-0.0892,-0.3118,0.0149,1,7.27,0.532,0.618,0.624,,1.0455,0.0782,1.4656,-0.1004,-0.3135,-0.1636,-0.1087,0.3006,0.0149,1,0.00,0.011,0.041,0.001,,-1.0462,-0.1566,1.7949,-0.1002,0.2977,-0.1224
0.368,340,tripod,0.0011,0.0154,0.1571,-0.0685,0.0029,0.0320,0.0012,0.0145,0.0202,-0.0568,0.0108,-0.0025,0.000,0.000,-0.0604,0.0026,-0.0685,0.0029,0.0320,0.1271,0,0.1107,-0.2941,0.1056,1,4.21,0.056,0.905,0.525,,-1.0480,-0.4539,1.9157,0.0998,-0.3086,-0.0724,0.0912,0.3070,0.0149,1,0.00,0.004,0.041,0.002,,1.0483,-0.1597,1.7981,0.0998,0.2976,-0.1218,0.0120,-0.3489,0.0152,1,0.00,0.001,0.025,0.009,,-0.0018,0.0955,1.4437,-0.0004,-0.3539,-0.1666,-0.0100,0.3440,0.0145,1,2.29,0.091,0.321,0.034,,0.0010,-0.1715,1.8068,-0.0002,0.3378,-0.1198,-0.0893,-0.3119,0.0148,1,2.63,0.209,0.200,0.240,,1.0455,0.0831,1.4586,-0.1004,-0.3138,-0.1645,-0.1087,0.3006,0.0150,1,4.35,0.033,0.796,0.102,,-1.0461,-0.1566,1.7956,-0.1002,0.2976,-0.1224
0.373,344,tripod,0.0012,0.0157,0.1575,-0.0696,0.0030,0.0320,0.0007,0.0211,0.0243,-0.0665,0.0008,0.0015,0.000,0.000,-0.0614,0.0026,-0.0696,0.0030,0.0320,0.1273,0,0.1108,-0.2939,0.1069,1,0.70,0.019,0.121,0.085,,-1.0481,-0.4576,1.9171,0.0998,-0.3086,-0.0718,0.0912,0.3071,0.0150,1,4.04,0.035,0.434,0.247,,1.0483,-0.1596,1.7988,0.0998,0.2975,-0.1218,0.0120,-0.3491,0.0149,1,5.16,0.045,0.337,0.538,,-0.0018,0.1016,1.4351,-0.0004,-0.3542,-0.1677,-0.0100,0.3440,0.0145,1,0.76,0.012,0.018,0.081,,0.0011,-0.1715,1.8075,-0.0002,0.3377,-0.1198,-0.0893,-0.3120,0.0151,1,0.00,0.004,0.023,0.007,,1.0454,0.0861,1.4538,-0.1004,-0.3140,-0.1650,-0.1087,0.3006,0.0149,1,1.97,0.027,0.160,0.161,,-1.0461,-0.1556,1.7955,-0.1002,0.2975,-0.1225
0.377,348,tripod,0.0011,0.0160,0.1579,-0.0706,0.0028,0.0320,0.0008,0.0216,0.0242,-0.0718,0.0074,-0.0008,0.000,0.000,-0.0624,0.0026,-0.0706,0.0028,0.0320,0.1274,0,0.1107,-0.2937,0.1082,1,0.44,0.012,0.047,0.063,,-1.0481,-0.4614,1.9185,0.0998,-0.3087,-0.0711,0.0912,0.3071,0.0149,1,3.56,0.036,0.644,0.058,,1.0483,-0.1587,1.7988,0.0998,0.2974,-0.1220,0.0120,-0.3493,0.0149,1,0.00,0.006,0.056,0.008,,-0.0019,0.1057,1.4289,-0.0005,-0.3544,-0.1684,-0.0100,0.3441,0.0146,1,1.63,0.005,0.146,0.119,,0.0011,-0.1715,1.8081,-0.0002,0.3376,-0.1198,-0.0893,-0.3122,0.0150,1,10.02,0.591,0.697,0.986,,1.0453,0.0908,1.4470,-0.1004,-0.3142,-0.1658,-0.1087,0.3006,0.0149,1,1.30,0.067,0.244,0.060,,-1.0461,-0.1550,1.7957,-0.1003,0.2974,-0.1226
0.381,352,tripod,0.0011,0.0163,0.1582,-0.0717,0.0029,0.0320,-0.0012,0.0150,0.0177,-0.0563,-0.0066,-0.0002,0.000,0.000,-0.0633,0.0026,-0.0717,0.0029,0.0320,0.1275,0,0.1107,-0.2934,0.1096,1,3.68,0.138,0.779,0.459,,-1.0481,-0.4652,1.9200,0.0998,-0.3088,-0.0705,0.0912,0.3071,0.0149,1,2.29,0.000,0.425,0.069,,1.0483,-0.1581,1.7991,0.0997,0.2973,-0.1221,0.0120,-0.3494,0.0151,1,0.00,0.001,0.028,0.008,,-0.0019,0.1090,1.4237,-0.0005,-0.3547,-0.1689,-0.0100,0.3441,0.0146,1,1.85,0.040,0.193,0.101,,0.0011,-0.1717,1.8089,-0.0002,0.3375,-0.1198,-0.0893,-0.3123,0.0149,1,2.54,0.079,0.170,0.250,,1.0453,0.0954,1.4403,-0.1005,-0.3145,-0.1666,-0.1087,0.3007,0.0149,1,1.64,0.016,0.299,0.055,,-1.0461,-0.1546,1.7962,-0.1003,0.2973,-0.1227
0.385,356,tripod,0.0011,0.0166,0.1586,-0.0729,0.0027,0.0320,-0.0003,0.0214,0.0240,-0.0844,-0.0009,0.0001,0.000,0.000,-0.0643,0.0025,-0.0729,0.0027,0.0320,0.1277,0,0.1107,-0.2932,0.1110,1,0.00,0.000,0.031,0.000,,-1.0481,-0.4692,1.9215,0.0998,-0.3088,-0.0698,0.0912,0.3071,0.0149,1,2.13,0.030,0.134,0.223,,1.0483,-0.1578,1.7996,0.0997,0.2972,-0.1221,0.0120,-0.3496,0.0149,1,5.62,0.105,0.373,0.573,,-0.0020,0.1151,1.4151,-0.0005,-0.3549,-0.1700,-0.0100,0.3441,0.0146,1,3.23,0.005,0.210,0.350,,0.0011,-0.1719,1.8098,-0.0002,0.3374,-0.1197,-0.0893,-0.3125,0.0151,1,0.00,0.000,0.030,0.007,,1.0453,0.0982,1.4358,-0.1005,-0.3147,-0.1670,-0.1087,0.3007,0.0148,1,1.12,0.015,0.049,0.121,,-1.0460,-0.1545,1.7967,-0.1003,0.2972,-0.1227
0.389,360,tripod,0.0011,0.0169,0.1589,-0.0740,0.0026,0.0320,-0.0020,0.0149,0.0145,-0.0559,-0.0117,0.0002,0.000,0.000,-0.0653,0.0025,-0.0740,0.0026,0.0320,0.1278,0,0.1107,-0.2929,0.1123,1,3.11,0.101,0.651,0.389,,-1.0481,-0.4733,1.9231,0.0998,-0.3089,-0.0691,0.0912,0.3072,0.0149,1,1.00,0.009,0.143,0.005,,1.0483,-0.1577,1.8002,0.0997,0.2971,-0.1221,0.0120,-0.3498,0.0148,1,2.91,0.019,0.200,0.277,,-0.0020,0.1197,1.4082,-0.0005,-0.3552,-0.1708,-0.0100,0.3442,0.0146,1,3.14,0.027,0.373,0.147,,0.0011,-0.1722,1.8107,-0.0002,0.3373,-0.1197,-0.0893,-0.3126,0.0151,1,0.00,0.001,0.028,0.011,,1.0453,0.1026,1.4293,-0.1005,-0.3149,-0.1678,-0.1087,0.3007,0.0148,1,1.90,0.026,0.319,0.027,,-1.0460,-0.1545,1.7974,-0.1003,0.2971,-0.1227
0.394,364,tripod,0.0011,0.0172,0.1592,-0.0752,0.0031,0.0320,0.0054,0.0195,0.0165,-0.0627,0.0366,-0.0009,0.000,0.000,-0.0664,0.0025,-0.0752,0.0031,0.0320,0.1278,0,0.1107,-0.2926,0.1137,1,0.00,0.001,0.031,0.000,,-1.0481,-0.4774,1.9248,0.0998,-0.3089,-0.0684,0.0912,0.3072,0.0148,1,3.55,0.129,0.180,0.434,,1.0483,-0.1578,1.8011,0.0997,0.2970,-0.1221,0.0120,-0.3499,0.0151,1,0.00,0.000,0.030,0.007,,-0.0020,0.1227,1.4033,-0.0005,-0.3554,-0.1713,-0.0100,0.3442,0.0146,1,2.84,0.089,0.142,0.347,,0.0011,-0.1725,1.8116,-0.0002,0.3372,-0.1196,-0.0893,-0.3128,0.0149,1,5.70,0.240,0.457,0.505,,1.0453,0.1082,1.4213,-0.1005,-0.3152,-0.1688,-0.1087,0.3008,0.0149,1,0.00,0.001,0.033,0.003,,-1.0460,-0.1546,1.7983,-0.1003,0.2970,-0.1226
0.400,368,tripod,0.0012,0.0175,0.1595,-0.0763,0.0034,0.0320,-0.0003,0.0207,0.0185,-0.0752,-0.0022,0.0005,0.000,0.000,-0.0674,0.0028,-0.0763,0.0034,0.0320,0.1279,0,0.1108,-0.2924,0.1149,1,0.00,0.001,0.032,0.000,,-1.0481,-0.4816,1.9264,0.0998,-0.3089,-0.0678,0.0912,0.3072,0.0148,1,1.71,0.037,0.087,0.191,,1.0484,-0.1580,1.8020,0.0997,0.2968,-0.1221,0.0120,-0.3500,0.0149,1,5.75,0.114,0.392,0.567,,-0.0020,0.1279,1.3956,-0.0005,-0.3557,-0.1722,-0.0100,0.3443,0.0146,1,4.70,0.001,0.332,0.496,,0.0011,-0.1728,1.8127,-0.0002,0.3370,-0.1196,-0.0893,-0.3129,0.0149,1,0.00,0.002,0.030,0.009,,1.0452,0.1117,1.4159,-0.1005,-0.3154,-0.1694,-0.1087,0.3009,0.0150,1,0.00,0.001,0.033,0.003,,-1.0460,-0.1549,1.7993,-0.1003,0.2969,-0.1226
0.404,372,tripod,0.0012,0.0179,0.1597,-0.0773,0.0035,0.0320,0.0039,0.0192,0.0175,-0.0697,0.0253,-0.0011,0.000,0.000,-0.0684,0.0029,-0.0773,0.0035,0.0320,0.1280,0,0.1108,-0.2921,0.1161,1,0.00,0.006,0.033,0.001,,-1.0482,-0.4847,1.9275,0.0998,-0.3090,-0.0672,0.0912,0.3073,0.0148,1,2.62,0.052,0.123,0.322,,1.0484,-0.1582,1.8028,0.0997,0.2968,-0.1220,0.0120,-0.3501,0.0149,1,0.00,0.003,0.032,0.010,,-0.0021,0.1319,1.3894,-0.0005,-0.3559,-0.1728,-0.0100,0.3443,0.0146,1,4.09,0.036,0.237,0.478,,0.0011,-0.1731,1.8139,-0.0003,0.3369,-0.1195,-0.0893,-0.3130,0.0150,1,6.32,0.392,0.519,0.538,,1.0451,0.1154,1.4101,-0.1005,-0.3156,-0.1700,-0.1087,0.3009,0.0150,1,0.00,0.005,0.036,0.003,,-1.0460,-0.1553,1.8003,-0.1003,0.2968,-0.1225
0.408,376,tripod,0.0014,0.0182,0.1599,-0.0779,0.0047,0.0320,0.0203,0.0156,0.0080,-0.0185,0.1216,0.0008,0.000,0.000,-0.0693,0.0032,-0.0779,0.0047,0.0320,0.1282,0,0.1109,-0.2919,0.1163,1,0.00,0.002,0.027,0.005,,-1.0482,-0.4831,1.9261,0.0998,-0.3091,-0.0675,0.0912,0.3074,0.0148,1,4.32,0.009,0.220,0.537,,1.0484,-0.1586,1.8038,0.0997,0.2966,-0.1220,0.0120,-0.3502,0.0150,1,1.06,0.098,0.076,0.079,,-0.0022,0.1341,1.3854,-0.0005,-0.3561,-0.1732,-0.0100,0.3444,0.0146,1,0.00,0.001,0.032,0.003,,0.0012,-0.1735,1.8147,-0.0003,0.3368,-0.1194,-0.0893,-0.3131,0.0149,1,4.43,0.183,0.356,0.376,,1.0451,0.1192,1.4044,-0.1005,-0.3158,-0.1706,-0.1087,0.3010,0.0150,1,2.41,0.003,0.166,0.239,,-1.0459,-0.1541,1.8003,-0.1003,0.2966,-0.1227
0.413,380,tripod,0.0017,0.0184,0.1599,-0.0781,0.0065,0.0320,0.0165,0.0100,-0.0014,-0.0067,0.0877,0.0024,0.000,0.000,-0.0699,0.0042,-0.0781,0.0065,0.0320,0.1284,0,0.1111,-0.2919,0.1154,1,0.00,0.003,0.027,0.008,,-1.0483,-0.4775,1.9225,0.0997,-0.3092,-0.0684,0.0913,0.3075,0.0147,1,4.89,0.052,0.322,0.531,,1.0485,-0.1592,1.8050,0.0997,0.2966,-0.1218,0.0120,-0.3502,0.0149,1,1.65,0.095,0.114,0.135,,-0.0024,0.1348,1.3833,-0.0006,-0.3563,-0.1733,-0.0100,0.3446,0.0147,1,0.00,0.003,0.033,0.003,,0.0013,-0.1742,1.8156,-0.0003,0.3368,-0.1193,-0.0892,-0.3131,0.0148,1,4.05,0.099,0.317,0.346,,1.0449,0.1211,1.4009,-0.1006,-0.3160,-0.1710,-0.1086,0.3010,0.0149,1,1.96,0.028,0.092,0.233,,-1.0458,-0.1528,1.8001,-0.1003,0.2965,-0.1229
0.416,384,tripod,0.0018,0.0186,0.1602,-0.0790,0.0068,0.0319,0.0019,0.0169,0.0178,-0.0729,-0.0002,-0.0017,0.000,0.000,-0.0703,0.0052,-0.0790,0.0068,0.0319,0.1285,0,0.1111,-0.2920,0.1148,1,5.90,0.014,1.013,0.103,,-1.0485,-0.4718,1.9189,0.0997,-0.3094,-0.0693,0.0913,0.3076,0.0147,1,0.02,0.002,0.032,0.001,,1.0487,-0.1598,1.8060,0.0997,0.2965,-0.1217,0.0119,-0.3503,0.0153,1,0.00,0.000,0.033,0.005,,-0.0028,0.1357,1.3812,-0.0007,-0.3565,-0.1735,-0.0100,0.3447,0.0148,1,0.27,0.004,0.014,0.027,,0.0015,-0.1750,1.8165,-0.0003,0.3367,-0.1192,-0.0893,-0.3132,0.0152,1,0.00,0.000,0.034,0.004,,1.0445,0.1221,1.3985,-0.1006,-0.3162,-0.1711,-0.1086,0.3010,0.0148,1,6.23,0.111,0.912,0.148,,-1.0456,-0.1523,1.8003,-0.1003,0.2964,-0.1230
0.420,388,tripod,0.0018,0.0189,0.1604,-0.0800,0.0068,0.0319,0.0024,0.0135,0.0172,-0.0513,-0.0018,-0.0002,0.000,0.000,-0.0710,0.0057,-0.0800,0.0068,0.0319,0.1289,0,0.1111,-0.2920,0.1147,1,5.87,0.040,1.029,0.121,,-1.0487,-0.4674,1.9158,0.0997,-0.3095,-0.0700,0.0913,0.3076,0.0148,1,0.54,0.024,0.007,0.057,,1.0489,-0.1599,1.8065,0.0996,0.2964,-0.1217,0.0119,-0.3505,0.0153,1,0.00,0.001,0.029,0.013,,-0.0032,0.1410,1.3737,-0.0008,-0.3567,-0.1743,-0.0100,0.3447,0.0148,1,0.49,0.015,0.005,0.049,,0.0017,-0.1752,1.8171,-0.0004,0.3367,-0.1191,-0.0894,-0.3133,0.0151,1,0.00,0.001,0.030,0.012,,1.0441,0.1269,1.3917,-0.1007,-0.3164,-0.1719,-0.1086,0.3010,0.0147,1,5.48,0.066,0.853,0.071,,-1.0454,-0.1517,1.8003,-0.1004,0.2963,-0.1231
0.424,392,tripod,0.0019,0.0193,0.1610,-0.0816,0.0072,0.0320,0.0062,0.0267,0.0353,-0.1120,0.0136,0.0052,0.000,0.000,-0.0719,0.0061,-0.0816,0.0072,0.0320,0.1294,0,0.1112,-0.2918,0.1151,1,0.00,0.002,0.025,0.005,,-1.0489,-0.4642,1.9137,0.0996,-0.3096,-0.0705,0.0913,0.3076,0.0147,1,1.66,0.014,0.069,0.201,,1.0492,-0.1596,1.8069,0.0996,0.2963,-0.1217,0.0118,-0.3507,0.0149,1,5.43,0.052,0.369,0.535,,-0.0036,0.1494,1.3619,-0.0009,-0.3570,-0.1758,-0.0100,0.3448,0.0148,1,2.30,0.019,0.113,0.277,,0.0019,-0.1751,1.8175,-0.0004,0.3366,-0.1191,-0.0894,-0.3135,0.0150,1,0.00,0.002,0.025,0.014,,1.0437,0.1333,1.3827,-0.1008,-0.3167,-0.1730,-0.1086,0.3011,0.0147,1,2.56,0.040,0.201,0.226,,-1.0452,-0.1509,1.8003,-0.1004,0.2962,-0.1232
0.428,396,tripod,0.0020,0.0197,0.1615,-0.0833,0.0075,0.0320,0.0086,0.0247,0.0346,-0.1105,0.0361,0.0017,0.000,0.000,-0.0732,0.0064,-0.0833,0.0075,0.0320,0.1298,0,0.1113,-0.2916,0.1158,1,0.00,0.004,0.031,0.003,,-1.0491,-0.4622,1.9121,0.0996,-0.3097,-0.0709,0.0913,0.3077,0.0147,1,3.66,0.009,0.180,0.454,,1.0493,-0.1594,1.8073,0.0995,0.2962,-0.1218,0.0118,-0.3509,0.0149,1,0.00,0.002,0.030,0.014,,-0.0040,0.1560,1.3524,-0.0010,-0.3572,-0.1769,-0.0099,0.3449,0.0148,1,2.93,0.052,0.277,0.212,,0.0020,-0.1750,1.8180,-0.0005,0.3365,-0.1191,-0.0894,-0.3137,0.0149,1,6.55,0.383,0.542,0.551,,1.0433,0.1406,1.3724,-0.1009,-0.3169,-0.1743,-0.1086,0.3011,0.0147,1,0.00,0.001,0.034,0.002,,-1.0450,-0.1503,1.8006,-0.1005,0.2961,-0.1233
0.432,400,tripod,0.0022,0.0200,0.1619,-0.0847,0.0082,0.0321,0.0087,0.0211,0.0206,-0.0675,0.0347,0.0026,0.000,0.000,-0.0745,0.0068,-0.0847,0.0082,0.0321,0.1302,0,0.1114,-0.2915,0.1160,1,0.00,0.001,0.024,0.007,,-1.0493,-0.4575,1.9089,0.0995,-0.3099,-0.0716,0.0913,0.3078,0.0147,1,4.03,0.070,0.252,0.444,,1.0495,-0.1592,1.8079,0.0995,0.2961,-0.1218,0.0118,-0.3511,0.0151,1,0.00,0.001,0.028,0.012,,-0.0043,0.1610,1.3448,-0.0010,-0.3575,-0.1777,-0.0099,0.3449,0.0148,1,2.31,0.036,0.108,0.281,,0.0022,-0.1750,1.8186,-0.0005,0.3364,-0.1191,-0.0894,-0.3140,0.0148,1,5.72,0.291,0.472,0.479,,1.0430,0.1470,1.3631,-0.1010,-0.3172,-0.1754,-0.1086,0.3011,0.0148,1,0.00,0.001,0.033,0.002,,-1.0448,-0.1501,1.8010,-0.1005,0.2960,-0.1234
0.439,404,tripod,0.0023,0.0204,0.1622,-0.0858,0.0083,0.0321,0.0032,0.0178,0.0144,-0.0579,-0.0005,0.0044,0.000,0.000,-0.0758,0.0072,-0.0858,0.0083,0.0321,0.1307,0,0.1114,-0.2915,0.1154,1,0.00,0.001,0.022,0.010,,-1.0495,-0.4497,1.9037,0.0995,-0.3101,-0.0729,0.0913,0.3078,0.0147,1,2.18,0.028,0.123,0.241,,1.0497,-0.1592,1.8086,0.0994,0.2960,-0.1218,0.0118,-0.3513,0.0149,1,5.61,0.110,0.389,0.525,,-0.0047,0.1665,1.3364,-0.0011,-0.3578,-0.1787,-0.0099,0.3450,0.0147,1,3.37,0.010,0.240,0.342,,0.0024,-0.1750,1.8195,-0.0005,0.3363,-0.1191,-0.0894,-0.3141,0.0149,1,0.00,0.001,0.029,0.010,,1.0426,0.1508,1.3570,-0.1011,-0.3175,-0.1760,-0.1086,0.3012,0.0148,1,0.97,0.018,0.035,0.106,,-1.0446,-0.1500,1.8016,-0.1006,0.2959,-0.1234
0.443,408,tripod,0.0022,0.0206,0.1625,-0.0868,0.0078,0.0322,-0.0053,0.0178,0.0199,-0.0670,-0.0614,0.0101,0.000,0.000,-0.0768,0.0073,-0.0868,0.0078,0.0322,0.1310,0,0.1114,-0.2915,0.1149,1,5.75,0.023,0.947,0.011,,-1.0496,-0.4427,1.8991,0.0994,-0.3103,-0.0740,0.0913,0.3079,0.0147,1,0.00,0.003,0.033,0.003,,1.0499,-0.1593,1.8093,0.0994,0.2959,-0.1218,0.0118,-0.3514,0.0150,1,0.00,0.001,0.030,0.009,,-0.0050,0.1697,1.3309,-0.0012,-0.3580,-0.1792,-0.0099,0.3450,0.0147,1,2.73,0.076,0.209,0.249,,0.0025,-0.1751,1.8203,-0.0006,0.3362,-0.1191,-0.0894,-0.3142,0.0151,1,0.00,0.001,0.032,0.007,,1.0423,0.1531,1.3528,-0.1012,-0.3177,-0.1764,-0.1086,0.3012,0.0148,1,3.84,0.012,0.518,0.118,,-1.0445,-0.1502,1.8024,-0.1006,0.2958,-0.1233
0.447,412,tripod,0.0022,0.0209,0.1628,-0.0879,0.0073,0.0323,0.0027,0.0188,0.0215,-0.0711,0.0118,-0.0005,0.000,0.000,-0.0778,0.0070,-0.0879,0.0073,0.0323,0.1313,0,0.1114,-0.2915,0.1148,1,1.44,0.064,0.299,0.174,,-1.0498,-0.4379,1.8956,0.0994,-0.3104,-0.0748,0.0913,0.3079,0.0148,1,1.49,0.003,0.057,0.180,,1.0500,-0.1593,1.8099,0.0994,0.2958,-0.1218,0.0119,-0.3516,0.0152,1,0.00,0.000,0.029,0.012,,-0.0053,0.1735,1.3246,-0.0013,-0.3583,-0.1798,-0.0100,0.3450,0.0147,1,4.30,0.040,0.476,0.255,,0.0026,-0.1750,1.8209,-0.0006,0.3361,-0.1191,-0.0893,-0.3145,0.0150,1,4.71,0.324,0.364,0.412,,1.0421,0.1581,1.3450,-0.1012,-0.3180,-0.1772,-0.1086,0.3013,0.0148,1,0.28,0.007,0.017,0.032,,-1.0444,-0.1501,1.8030,-0.1006,0.2957,-0.1233
0.451,416,tripod,0.0022,0.0213,0.1632,-0.0892,0.0075,0.0323,0.0015,0.0260,0.0271,-0.0924,0.0035,0.0024,0.000,0.000,-0.0788,0.0068,-0.0892,0.0075,0.0323,0.1316,0,0.1114,-0.2914,0.1150,1,0.00,0.001,0.026,0.005,,-1.0499,-0.4349,1.8932,0.0994,-0.3105,-0.0753,0.0913,0.3080,0.0148,1,0.48,0.017,0.000,0.052,,1.0500,-0.1592,1.8105,0.0994,0.2957,-0.1218,0.0119,-0.3518,0.0149,1,5.77,0.078,0.384,0.557,,-0.0054,0.1806,1.3140,-0.0013,-0.3586,-0.1810,-0.0099,0.3451,0.0146,1,5.43,0.051,0.374,0.585,,0.0027,-0.1748,1.8216,-0.0006,0.3359,-0.1191,-0.0894,-0.3146,0.0151,1,0.00,0.001,0.029,0.011,,1.0419,0.1622,1.3384,-0.1013,-0.3182,-0.1779,-0.1086,0.3013,0.0148,1,0.45,0.017,0.002,0.048,,-1.0443,-0.1499,1.8035,-0.1006,0.2956,-0.1233
0.455,420,tripod,0.0022,0.0217,0.1636,-0.0904,0.0076,0.0323,0.0011,0.0193,0.0163,-0.0571,0.0029,0.0016,0.000,0.000,-0.0800,0.0068,-0.0904,0.0076,0.0323,0.1320,0,0.1114,-0.2912,0.1155,1,0.00,0.001,0.028,0.004,,-1.0499,-0.4335,1.8918,0.0994,-0.3107,-0.0755,0.0913,0.3081,0.0149,1,0.56,0.016,0.005,0.061,,1.0501,-0.1592,1.8111,0.0994,0.2956,-0.1218,0.0119,-0.3520,0.0148,1,5.70,0.076,0.377,0.542,,-0.0055,0.1861,1.3054,-0.0013,-0.3589,-0.1819,-0.0099,0.3451,0.0146,1,5.27,0.054,0.329,0.603,,0.0027,-0.1746,1.8223,-0.0006,0.3358,-0.1192,-0.0894,-0.3148,0.0150,1,0.00,0.001,0.028,0.015,,1.0418,0.1679,1.3297,-0.1013,-0.3185,-0.1788,-0.1086,0.3014,0.0148,1,0.66,0.020,0.012,0.072,,-1.0442,-0.1498,1.8041,-0.1007,0.2955,-0.1234
0.459,424,tripod,0.0024,0.0220,0.1640,-0.0917,0.0086,0.0323,0.0120,0.0193,0.0187,-0.0631,0.0714,-0.0004,0.000,0.000,-0.0811,0.0070,-0.0917,0.0086,0.0323,0.1323,0,0.1115,-0.2911,0.1158,1,0.00,0.001,0.025,0.007,,-1.0500,-0.4300,1.8890,0.0993,-0.3108,-0.0761,0.0913,0.3082,0.0148,1,3.42,0.071,0.188,0.395,,1.0501,-0.1593,1.8120,0.0994,0.2955,-0.1217,0.0119,-0.3522,0.0151,1,0.00,0.000,0.029,0.009,,-0.0056,0.1896,1.2993,-0.0014,-0.3591,-0.1825,-0.0099,0.3452,0.0146,1,3.03,0.003,0.138,0.382,,0.0027,-0.1746,1.8228,-0.0006,0.3357,-0.1192,-0.0894,-0.3151,0.0149,1,5.58,0.303,0.482,0.433,,1.0417,0.1745,1.3198,-0.1013,-0.3188,-0.1799,-0.1086,0.3015,0.0149,1,0.00,0.000,0.033,0.003,,-1.0442,-0.1499,1.8049,-0.1007,0.2954,-0.1233
0.463,428,tripod,0.0026,0.0223,0.1642,-0.0926,0.0095,0.0323,0.0035,0.0217,0.0208,-0.0753,0.0076,0.0042,0.000,0.000,-0.0821,0.0077,-0.0926,0.0095,0.0323,0.1327,0,0.1116,-0.2911,0.1153,1,0.00,0.008,0.025,0.010,,-1.0501,-0.4234,1.8842,0.0993,-0.3110,-0.0772,0.0913,0.3082,0.0148,1,1.15,0.006,0.037,0.136,,1.0502,-0.1594,1.8129,0.0993,0.2954,-0.1217,0.0119,-0.3524,0.0149,1,5.90,0.004,0.396,0.554,,-0.0058,0.1953,1.2903,-0.0014,-0.3594,-0.1834,-0.0099,0.3453,0.0146,1,5.24,0.034,0.388,0.528,,0.0028,-0.1746,1.8235,-0.0006,0.3356,-0.1191,-0.0894,-0.3152,0.0149,1,0.00,0.007,0.029,0.011,,1.0415,0.1786,1.3130,-0.1014,-0.3191,-0.1806,-0.1086,0.3015,0.0150,1,0.00,0.005,0.031,0.001,,-1.0441,-0.1491,1.8051,-0.1007,0.2953,-0.1235
0.466,432,tripod,0.0028,0.0227,0.1647,-0.0935,0.0112,0.0321,0.0115,0.0184,0.0257,-0.0585,0.1000,-0.0259,0.000,0.000,-0.0831,0.0085,-0.0935,0.0112,0.0321,0.1331,0,0.1117,-0.2911,0.1149,1,5.64,0.046,1.006,0.165,,-1.0502,-0.4180,1.8801,0.0993,-0.3112,-0.0781,0.0913,0.3083,0.0149,1,0.00,0.005,0.035,0.003,,1.0503,-0.1595,1.8136,0.0993,0.2953,-0.1217,0.0117,-0.3525,0.0149,1,0.00,0.003,0.028,0.012,,-0.0061,0.1999,1.2828,-0.0015,-0.3597,-0.1842,-0.0099,0.3454,0.0148,1,0.00,0.004,0.033,0.002,,0.0029,-0.1746,1.8240,-0.0006,0.3356,-0.1191,-0.0895,-0.3153,0.0153,1,0.00,0.003,0.028,0.010,,1.0413,0.1819,1.3073,-0.1015,-0.3193,-0.1812,-0.1086,0.3015,0.0149,1,6.49,0.091,0.908,0.199,,-1.0440,-0.1459,1.8036,-0.1007,0.2951,-0.1240
0.471,436,tripod,0.0030,0.0230,0.1651,-0.0942,0.0124,0.0318,0.0105,0.0167,0.0224,-0.0497,0.0615,-0.0105,0.000,0.000,-0.0839,0.0097,-0.0942,0.0124,0.0318,0.1335,0,0.1116,-0.2911,0.1148,1,3.16,0.427,0.590,0.202,,-1.0505,-0.4142,1.8770,0.0992,-0.3114,-0.0787,0.0914,0.3084,0.0149,1,0.30,0.013,0.011,0.032,,1.0505,-0.1594,1.8142,0.0993,0.2952,-0.1217,0.0115,-0.3527,0.0150,1,3.50,0.526,0.492,0.072,,-0.0066,0.2038,1.2763,-0.0016,-0.3600,-0.1848,-0.0098,0.3455,0.0149,1,0.00,0.003,0.029,0.003,,0.0031,-0.1745,1.8244,-0.0007,0.3355,-0.1191,-0.0897,-0.3155,0.0150,1,0.00,0.001,0.040,0.019,,1.0408,0.1886,1.2970,-0.1016,-0.3196,-0.1823,-0.1086,0.3016,0.0147,1,6.99,0.108,1.049,0.142,,-1.0438,-0.1435,1.8025,-0.1008,0.2950,-0.1244
0.477,440,tripod,0.0033,0.0234,0.1656,-0.0956,0.0141,0.0319,0.0209,0.0218,0.0248,-0.0702,0.0905,0.0068,0.000,0.000,-0.0848,0.0109,-0.0956,0.0141,0.0319,0.1340,0,0.1118,-0.2909,0.1151,1,0.00,0.003,0.027,0.005,,-1.0508,-0.4117,1.8749,0.0992,-0.3115,-0.0791,0.0914,0.3084,0.0148,1,5.48,0.197,0.330,0.622,,1.0508,-0.1591,1.8149,0.0992,0.2950,-0.1217,0.0115,-0.3529,0.0151,1,0.00,0.003,0.027,0.017,,-0.0071,0.2098,1.2668,-0.0018,-0.3603,-0.1858,-0.0098,0.3456,0.0150,1,0.00,0.003,0.032,0.002,,0.0034,-0.1743,1.8248,-0.0007,0.3354,-0.1192,-0.0897,-0.3157,0.0148,1,5.37,0.252,0.461,0.410,,1.0402,0.1963,1.2855,-0.1017,-0.3200,-0.1835,-0.1085,0.3016,0.0147,1,1.14,0.054,0.030,0.144,,-1.0435,-0.1416,1.8017,-0.1008,0.2949,-0.1247
0.482,444,tripod,0.0036,0.0238,0.1660,-0.0969,0.0149,0.0320,0.0122,0.0244,0.0235,-0.0720,0.0286,0.0106,0.000,0.000,-0.0858,0.0122,-0.0969,0.0149,0.0320,0.1343,0,0.1120,-0.2907,0.1157,1,0.00,0.004,0.028,0.004,,-1.0511,-0.4104,1.8735,0.0991,-0.3116,-0.0793,0.0914,0.3085,0.0148,1,3.02,0.019,0.132,0.381,,1.0512,-0.1587,1.8153,0.0991,0.2949,-0.1218,0.0115,-0.3531,0.0149,1,5.10,0.038,0.389,0.421,,-0.0079,0.2169,1.2559,-0.0019,-0.3606,-0.1869,-0.0098,0.3458,0.0150,1,0.01,0.003,0.031,0.001,,0.0037,-0.1742,1.8252,-0.0008,0.3353,-0.1192,-0.0897,-0.3159,0.0150,1,0.00,0.003,0.028,0.013,,1.0395,0.2014,1.2775,-0.1019,-0.3202,-0.1844,-0.1085,0.3016,0.0147,1,3.92,0.066,0.284,0.381,,-1.0431,-0.1404,1.8016,-0.1009,0.2947,-0.1249
0.486,448,tripod,0.0038,0.0241,0.1663,-0.0979,0.0155,0.0322,0.0134,0.0175,0.0118,-0.0508,0.0392,0.0084,0.000,0.000,-0.0869,0.0131,-0.0979,0.0155,0.0322,0.1346,0,0.1122,-0.2906,0.1158,1,0.00,0.003,0.026,0.007,,-1.0516,-0.4070,1.8707,0.0990,-0.3117,-0.0799,0.0914,0.3086,0.0148,1,5.10,0.136,0.332,0.549,,1.0515,-0.1585,1.8158,0.0991,0.2948,-0.1218,0.0115,-0.3532,0.0149,1,0.37,0.022,0.006,0.038,,-0.0087,0.2213,1.2486,-0.0021,-0.3608,-0.1876,-0.0098,0.3459,0.0150,1,0.14,0.000,0.024,0.016,,0.0040,-0.1743,1.8257,-0.0009,0.3353,-0.1192,-0.0897,-0.3161,0.0149,1,5.06,0.218,0.421,0.388,,1.0388,0.2064,1.2694,-0.1021,-0.3205,-0.1852,-0.1085,0.3017,0.0147,1,1.35,0.039,0.036,0.173,,-1.0427,-0.1398,1.8019,-0.1010,0.2946,-0.1250
0.490,452,tripod,0.0040,0.0244,0.1664,-0.0985,0.0160,0.0323,0.0105,0.0119,0.0006,-0.0278,0.0239,0.0084,0.000,0.000,-0.0878,0.0137,-0.0985,0.0160,0.0323,0.1348,0,0.1123,-0.2906,0.1152,1,0.00,0.003,0.026,0.009,,-1.0520,-0.4015,1.8665,0.0989,-0.3119,-0.0808,0.0914,0.3087,0.0147,1,5.17,0.152,0.321,0.571,,1.0519,-0.1590,1.8171,0.0990,0.2947,-0.1217,0.0115,-0.3534,0.0149,1,0.76,0.035,0.033,0.063,,-0.0094,0.2233,1.2445,-0.0023,-0.3611,-0.1879,-0.0098,0.3460,0.0150,1,0.28,0.001,0.018,0.033,,0.0043,-0.1749,1.8267,-0.0010,0.3352,-0.1191,-0.0897,-0.3162,0.0149,1,4.89,0.200,0.396,0.374,,1.0381,0.2091,1.2645,-0.1022,-0.3207,-0.1856,-0.1085,0.3017,0.0147,1,1.45,0.050,0.041,0.184,,-1.0424,-0.1401,1.8027,-0.1011,0.2945,-0.1249
0.494,456,tripod,0.0040,0.0246,0.1665,-0.0992,0.0157,0.0323,-0.0003,0.0139,0.0059,-0.0436,-0.0303,0.0048,0.000,0.000,-0.0885,0.0142,-0.0992,0.0157,0.0323,0.1349,0,0.1122,-0.2906,0.1148,1,5.46,0.036,0.826,0.153,,-1.0524,-0.3976,1.8635,0.0988,-0.3120,-0.0814,0.0914,0.3087,0.0147,1,0.92,0.014,0.016,0.115,,1.0522,-0.1594,1.8179,0.0989,0.2946,-0.1216,0.0114,-0.3535,0.0151,1,0.00,0.000,0.035,0.005,,-0.0101,0.2243,1.2418,-0.0025,-0.3613,-0.1881,-0.0098,0.3460,0.0150,1,1.09,0.012,0.027,0.135,,0.0046,-0.1756,1.8276,-0.0010,0.3351,-0.1189,-0.0898,-0.3163,0.0150,1,0.00,0.001,0.033,0.006,,1.0374,0.2103,1.2616,-0.1024,-0.3209,-0.1858,-0.1085,0.3017,0.0147,1,4.95,0.121,0.531,0.305,,-1.0421,-0.1406,1.8038,-0.1011,0.2944,-0.1248
0.498,460,tripod,0.0040,0.0249,0.1666,-0.1000,0.0154,0.0324,0.0050,0.0156,0.0141,-0.0609,0.0003,0.0075,0.000,0.000,-0.0891,0.0141,-0.1000,0.0154,0.0324,0.1351,0,0.1122,-0.2906,0.1148,1,0.00,0.001,0.028,0.005,,-1.0527,-0.3950,1.8613,0.0987,-0.3122,-0.0818,0.0914,0.3088,0.0147,1,2.69,0.031,0.149,0.303,,1.0524,-0.1597,1.8185,0.0989,0.2946,-0.1216,0.0113,-0.3537,0.0149,1,5.65,0.128,0.405,0.482,,-0.0106,0.2285,1.2347,-0.0026,-0.3615,-0.1888,-0.0098,0.3461,0.0149,1,1.75,0.019,0.094,0.189,,0.0049,-0.1760,1.8285,-0.0011,0.3351,-0.1189,-0.0899,-0.3165,0.0150,1,0.00,0.000,0.033,0.010,,1.0368,0.2129,1.2569,-0.1026,-0.3212,-0.1862,-0.1085,0.3018,0.0146,1,2.39,0.089,0.205,0.183,,-1.0418,-0.1409,1.8046,-0.1012,0.2943,-0.1248
0.502,464,tripod,0.0042,0.0251,0.1668,-0.1010,0.0158,0.0325,0.0073,0.0144,0.0103,-0.0499,0.0234,0.0046,0.000,0.000,-0.0899,0.0141,-0.1010,0.0158,0.0325,0.1353,0,0.1123,-0.2905,0.1151,1,0.00,0.002,0.029,0.004,,-1.0529,-0.3936,1.8598,0.0986,-0.3123,-0.0821,0.0914,0.3088,0.0147,1,4.56,0.122,0.274,0.508,,1.0526,-0.1599,1.8194,0.0988,0.2945,-0.1215,0.0113,-0.3539,0.0150,1,0.00,0.002,0.031,0.011,,-0.0111,0.2322,1.2285,-0.0027,-0.3618,-0.1894,-0.0098,0.3461,0.0149,1,1.84,0.012,0.069,0.231,,0.0050,-0.1764,1.8292,-0.0011,0.3350,-0.1188,-0.0899,-0.3167,0.0149,1,5.69,0.280,0.475,0.428,,1.0364,0.2175,1.2495,-0.1027,-0.3214,-0.1870,-0.1085,0.3018,0.0147,1,0.23,0.013,0.020,0.026,,-1.0416,-0.1411,1.8053,-0.1012,0.2943,-0.1247
0.507,468,tripod,0.0043,0.0253,0.1669,-0.1016,0.0162,0.0325,0.0060,0.0106,0.0038,-0.0285,0.0187,0.0040,0.000,0.000,-0.0907,0.0143,-0.1016,0.0162,0.0325,0.1354,0,0.1124,-0.2904,0.1153,1,0.00,0.002,0.031,0.003,,-1.0531,-0.3932,1.8589,0.0986,-0.3124,-0.0821,0.0914,0.3088,0.0146,1,4.69,0.131,0.279,0.527,,1.0528,-0.1602,1.8203,0.0988,0.2944,-0.1215,0.0113,-0.3540,0.0150,1,0.00,0.002,0.033,0.008,,-0.0115,0.2343,1.2245,-0.0028,-0.3620,-0.1897,-0.0098,0.3462,0.0149,1,1.78,0.007,0.065,0.225,,0.0052,-0.1767,1.8299,-0.0011,0.3349,-0.1187,-0.0899,-0.3169,0.0148,1,5.74,0.281,0.481,0.423,,1.0360,0.2204,1.2444,-0.1028,-0.3216,-0.1874,-0.1085,0.3018,0.0147,1,0.26,0.011,0.019,0.030,,-1.0415,-0.1414,1.8060,-0.1013,0.2942,-0.1247
0.514,472,tripod,0.0043,0.0255,0.1670,-0.1020,0.0163,0.0326,0.0028,0.0076,0.0020,-0.0237,0.0003,0.0042,0.000,0.000,-0.0912,0.0145,-0.1020,0.0163,0.0326,0.1354,0,0.1124,-0.2904,0.1155,1,0.00,0.002,0.032,0.003,,-1.0532,-0.3934,1.8585,0.0986,-0.3125,-0.0821,0.0914,0.3088,0.0146,1,3.50,0.067,0.218,0.378,,1.0529,-0.1605,1.8211,0.0987,0.2943,-0.1214,0.0113,-0.3541,0.0149,1,4.41,0.111,0.311,0.364,,-0.0118,0.2363,1.2206,-0.0029,-0.3622,-0.1900,-0.0098,0.3462,0.0149,1,1.96,0.009,0.152,0.165,,0.0053,-0.1770,1.8307,-0.0012,0.3348,-0.1187,-0.0899,-0.3170,0.0148,1,1.34,0.042,0.073,0.115,,1.0357,0.2220,1.2411,-0.1028,-0.3218,-0.1877,-0.1085,0.3019,0.0147,1,1.32,0.062,0.056,0.146,,-1.0413,-0.1418,1.8067,-0.1013,0.2941,-0.1246
0.519,476,tripod,0.0044,0.0256,0.1669,-0.1023,0.0163,0.0327,0.0021,0.0041,-0.0079,-0.0124,-0.0003,0.0034,0.000,0.000,-0.0917,0.0146,-0.1023,0.0163,0.0327,0.1354,0,0.1124,-0.2904,0.1153,1,0.00,0.001,0.030,0.005,,-1.0534,-0.3917,1.8569,0.0985,-0.3126,-0.0824,0.0914,0.3089,0.0146,1,3.58,0.079,0.190,0.419,,1.0530,-0.1613,1.8220,0.0987,0.2943,-0.1213,0.0113,-0.3543,0.0149,1,4.35,0.119,0.314,0.346,,-0.0121,0.2371,1.2185,-0.0030,-0.3623,-0.1901,-0.0098,0.3462,0.0148,1,1.95,0.010,0.158,0.156,,0.0054,-0.1779,1.8317,-0.0012,0.3348,-0.1185,-0.0899,-0.3171,0.0148,1,1.48,0.051,0.086,0.120,,1.0354,0.2222,1.2398,-0.1029,-0.3220,-0.1877,-0.1085,0.3019,0.0148,1,1.37,0.065,0.085,0.122,,-1.0412,-0.1428,1.8079,-0.1013,0.2941,-0.1244
0.523,480,tripod,0.0044,0.0256,0.1668,-0.1025,0.0162,0.0327,-0.0021,0.0044,-0.0071,-0.0123,-0.0295,0.0070,0.000,0.000,-0.0920,0.0147,-0.1025,0.0162,0.0327,0.1353,0,0.1125,-0.2905,0.1150,1,5.64,0.041,0.833,0.186,,-1.0535,-0.3900,1.8553,0.0985,-0.3126,-0.0826,0.0914,0.3089,0.0146,1,1.47,0.027,0.043,0.183,,1.0531,-0.1623,1.8230,0.0987,0.2942,-0.1211,0.0113,-0.3544,0.0148,1,0.38,0.028,0.003,0.023,,-0.0123,0.2370,1.2176,-0.0030,-0.3625,-0.1901,-0.0098,0.3462,0.0148,1,2.19,0.025,0.202,0.151,,0.0055,-0.1789,1.8328,-0.0012,0.3347,-0.1183,-0.0899,-0.3172,0.0148,1,0.14,0.008,0.022,0.011,,1.0352,0.2217,1.2395,-0.1030,-0.3221,-0.1876,-0.1085,0.3019,0.0148,1,3.45,0.023,0.411,0.159,,-1.0411,-0.1439,1.8091,-0.1013,0.2941,-0.1242
0.528,484,tripod,0.0043,0.0257,0.1666,-0.1026,0.0157,0.0328,-0.0029,0.0039,-0.0074,-0.0090,-0.0323,0.0072,0.000,0.000,-0.0922,0.0145,-0.1026,0.0157,0.0328,0.1352,0,0.1124,-0.2905,0.1148,1,5.70,0.051,0.887,0.106,,-1.0537,-0.3891,1.8544,0.0985,-0.3127,-0.0828,0.0914,0.3090,0.0146,1,0.54,0.003,0.005,0.067,,1.0531,-0.1633,1.8238,0.0987,0.2942,-0.1209,0.0114,-0.3544,0.0148,1,0.00,0.001,0.037,0.003,,-0.0125,0.2366,1.2174,-0.0031,-0.3626,-0.1900,-0.0098,0.3462,0.0148,1,2.18,0.063,0.153,0.204,,0.0055,-0.1798,1.8339,-0.0012,0.3347,-0.1182,-0.0898,-0.3173,0.0148,1,0.13,0.020,0.015,0.002,,1.0350,0.2210,1.2398,-0.1030,-0.3222,-0.1875,-0.1085,0.3019,0.0147,1,4.22,0.026,0.500,0.203,,-1.0410,-0.1450,1.8103,-0.1014,0.2940,-0.1240
0.533,488,tripod,0.0043,0.0257,0.1665,-0.1028,0.0152,0.0329,-0.0028,0.0028,-0.0075,-0.0069,-0.0244,0.0048,0.000,0.000,-0.0924,0.0142,-0.1028,0.0152,0.0329,0.1351,0,0.1124,-0.2905,0.1147,1,5.83,0.070,0.916,0.087,,-1.0537,-0.3887,1.8539,0.0984,-0.3128,-0.0828,0.0914,0.3090,0.0147,1,0.35,0.002,0.015,0.042,,1.0531,-0.1643,1.8245,0.0987,0.2942,-0.1208,0.0114,-0.3545,0.0149,1,0.00,0.001,0.037,0.002,,-0.0125,0.2360,1.2176,-0.0031,-0.3627,-0.1899,-0.0098,0.3462,0.0148,1,2.18,0.073,0.141,0.217,,0.0055,-0.1807,1.8350,-0.0012,0.3346,-0.1180,-0.0898,-0.3173,0.0148,1,0.00,0.001,0.038,0.002,,1.0350,0.2201,1.2403,-0.1030,-0.3223,-0.1873,-0.1085,0.3019,0.0147,1,4.42,0.018,0.527,0.212,,-1.0410,-0.1459,1.8113,-0.1014,0.2940,-0.1239
0.537,492,tripod,0.0043,0.0258,0.1664,-0.1029,0.0149,0.0330,-0.0024,0.0020,-0.0072,-0.0054,-0.0157,0.0028,0.000,0.000,-0.0925,0.0138,-0.1029,0.0149,0.0330,0.1349,0,0.1124,-0.2905,0.1147,1,5.83,0.068,0.915,0.090,,-1.0537,-0.3888,1.8537,0.0984,-0.3128,-0.0828,0.0914,0.3091,0.0147,1,0.33,0.003,0.016,0.040,,1.0531,-0.1652,1.8254,0.0987,0.2942,-0.1206,0.0114,-0.3545,0.0150,1,0.00,0.001,0.037,0.002,,-0.0125,0.2352,1.2181,-0.0031,-0.3627,-0.1897,-0.0098,0.3462,0.0148,1,2.16,0.077,0.142,0.213,,0.0055,-0.1816,1.8359,-0.0012,0.3346,-0.1179,-0.0898,-0.3174,0.0149,1,0.00,0.001,0.037,0.001,,1.0350,0.2192,1.2410,-0.1030,-0.3223,-0.1871,-0.1085,0.3019,0.0146,1,4.41,0.012,0.535,0.203,,-1.0410,-0.1468,1.8122,-0.1014,0.2939,-0.1237
0.542,496,tripod,0.0042,0.0258,0.1663,-0.1030,0.0147,0.0330,-0.0009,0.0028,-0.0041,-0.0140,-0.0008,-0.0000,0.000,0.000,-0.0926,0.0135,-0.1030,0.0147,0.0330,0.1348,0,0.1124,-0.2905,0.1146,1,3.52,0.061,0.532,0.034,,-1.0537,-0.3890,1.8536,0.0985,-0.3128,-0.0828,0.0914,0.3091,0.0148,1,1.15,0.055,0.036,0.140,,1.0531,-0.1661,1.8261,0.0987,0.2942,-0.1205,0.0115,-0.3545,0.0150,1,3.50,0.128,0.219,0.290,,-0.0125,0.2347,1.2183,-0.0031,-0.3628,-0.1897,-0.0098,0.3462,0.0148,1,2.49,0.016,0.213,0.200,,0.0055,-0.1823,1.8367,-0.0012,0.3346,-0.1177,-0.0897,-0.3174,0.0149,1,0.00,0.000,0.050,0.002,,1.0350,0.2183,1.2417,-0.1030,-0.3224,-0.1870,-0.1085,0.3019,0.0146,1,3.76,0.015,0.449,0.178,,-1.0411,-0.1475,1.8130,-0.1013,0.2939,-0.1236
0.546,500,tripod,0.0042,0.0259,0.1662,-0.1032,0.0147,0.0330,0.0025,0.0049,-0.0003,-0.0238,0.0230,-0.0016,0.000,0.000,-0.0927,0.0133,-0.1032,0.0147,0.0330,0.1348,0,0.1124,-0.2905,0.1147,1,0.47,0.083,0.053,0.032,,-1.0536,-0.3894,1.8536,0.0985,-0.3128,-0.0827,0.0914,0.3091,0.0148,1,2.54,0.063,0.221,0.199,,1.0530,-0.1669,1.8268,0.0987,0.2942,-0.1203,0.0115,-0.3546,0.0149,1,0.00,0.007,0.052,0.005,,-0.0124,0.2352,1.2172,-0.0031,-0.3629,-0.1897,-0.0098,0.3462,0.0148,1,2.68,0.003,0.215,0.232,,0.0054,-0.1830,1.8373,-0.0012,0.3346,-0.1176,-0.0897,-0.3174,0.0150,1,7.25,0.317,0.677,0.455,,1.0351,0.2186,1.2410,-0.1030,-0.3225,-0.1870,-0.1085,0.3019,0.0146,1,2.12,0.007,0.183,0.155,,-1.0411,-0.1481,1.8137,-0.1013,0.2939,-0.1235
0.552,504,tripod,0.0043,0.0259,0.1662,-0.1035,0.0153,0.0330,0.0052,0.0050,-0.0010,-0.0158,0.0344,-0.0004,0.000,0.000,-0.0929,0.0134,-0.1035,0.0153,0.0330,0.1347,0,0.1125,-0.2904,0.1148,1,0.45,0.069,0.055,0.021,,-1.0536,-0.3898,1.8537,0.0985,-0.3129,-0.0826,0.0914,0.3091,0.0147,1,3.76,0.163,0.334,0.299,,1.0530,-0.1676,1.8276,0.0987,0.2942,-0.1202,0.0115,-0.3546,0.0150,1,0.00,0.001,0.036,0.003,,-0.0123,0.2357,1.2161,-0.0030,-0.3630,-0.1898,-0.0098,0.3462,0.0148,1,2.47,0.068,0.101,0.315,,0.0054,-0.1835,1.8379,-0.0012,0.3345,-0.1175,-0.0897,-0.3175,0.0149,1,5.41,0.091,0.530,0.322,,1.0352,0.2202,1.2386,-0.1030,-0.3225,-0.1873,-0.1085,0.3019,0.0146,1,0.50,0.023,0.008,0.063,,-1.0412,-0.1486,1.8140,-0.1013,0.2939,-0.1234
0.556,508,tripod,0.0043,0.0261,0.1663,-0.1041,0.0154,0.0330,0.0003,0.0070,0.0048,-0.0283,0.0014,0.0012,0.000,0.000,-0.0932,0.0136,-0.1041,0.0154,0.0330,0.1348,0,0.1125,-0.2903,0.1151,1,0.00,0.001,0.032,0.002,,-1.0536,-0.3903,1.8538,0.0985,-0.3129,-0.0826,0.0914,0.3092,0.0147,1,1.71,0.024,0.068,0.207,,1.0530,-0.1680,1.8280,0.0987,0.2942,-0.1201,0.0115,-0.3547,0.0149,1,5.68,0.044,0.406,0.471,,-0.0123,0.2383,1.2126,-0.0030,-0.3630,-0.1902,-0.0098,0.3463,0.0147,1,2.90,0.034,0.184,0.307,,0.0053,-0.1839,1.8384,-0.0012,0.3345,-0.1175,-0.0897,-0.3175,0.0150,1,0.00,0.001,0.035,0.005,,1.0352,0.2213,1.2367,-0.1030,-0.3226,-0.1875,-0.1085,0.3019,0.0146,1,2.24,0.003,0.162,0.202,,-1.0412,-0.1490,1.8145,-0.1013,0.2939,-0.1234
0.561,512,tripod,0.0043,0.0262,0.1664,-0.1045,0.0156,0.0330,0.0042,0.0090,0.0087,-0.0361,0.0254,0.0005,0.000,0.000,-0.0936,0.0138,-0.1045,0.0156,0.0330,0.1348,0,0.1125,-0.2903,0.1154,1,0.00,0.004,0.033,0.001,,-1.0536,-0.3908,1.8539,0.0985,-0.3129,-0.0825,0.0914,0.3092,0.0147,1,3.47,0.040,0.324,0.258,,1.0529,-0.1683,1.8283,0.0987,0.2942,-0.1201,0.0115,-0.3547,0.0148,1,0.00,0.002,0.034,0.005,,-0.0123,0.2401,1.2101,-0.0031,-0.3630,-0.1905,-0.0098,0.3463,0.0147,1,3.12,0.006,0.154,0.380,,0.0053,-0.1841,1.8388,-0.0012,0.3345,-0.1174,-0.0897,-0.3176,0.0150,1,6.38,0.310,0.560,0.442,,1.0352,0.2230,1.2340,-0.1030,-0.3227,-0.1877,-0.1085,0.3020,0.0147,1,0.00,0.002,0.035,0.002,,-1.0412,-0.1492,1.8149,-0.1013,0.2938,-0.1233
0.565,516,tripod,0.0044,0.0263,0.1665,-0.1049,0.0161,0.0330,0.0058,0.0079,0.0023,-0.0215,0.0309,0.0011,0.000,0.000,-0.0940,0.0140,-0.1049,0.0161,0.0330,0.1349,0,0.1126,-0.2902,0.1156,1,0.00,0.001,0.031,0.003,,-1.0536,-0.3905,1.8535,0.0985,-0.3130,-0.0825,0.0914,0.3092,0.0147,1,4.15,0.113,0.282,0.426,,1.0530,-0.1684,1.8289,0.0987,0.2941,-0.1201,0.0115,-0.3547,0.0149,1,0.00,0.001,0.033,0.005,,-0.0124,0.2411,1.2081,-0.0031,-0.3631,-0.1907,-0.0098,0.3464,0.0147,1,2.51,0.017,0.100,0.325,,0.0054,-0.1843,1.8389,-0.0012,0.3345,-0.1174,-0.0897,-0.3177,0.0149,1,5.63,0.264,0.539,0.349,,1.0351,0.2255,1.2303,-0.1030,-0.3228,-0.1881,-0.1085,0.3020,0.0147,1,0.00,0.001,0.032,0.003,,-1.0412,-0.1494,1.8152,-0.1013,0.2938,-0.1233
0.569,520,tripod,0.0045,0.0264,0.1664,-0.1052,0.0165,0.0331,0.0052,0.0047,-0.0026,-0.0104,0.0248,0.0018,0.000,0.000,-0.0943,0.0144,-0.1052,0.0165,0.0331,0.1349,0,0.1126,-0.2902,0.1152,1,0.00,0.001,0.029,0.006,,-1.0537,-0.3872,1.8510,0.0985,-0.3131,-0.0831,0.0914,0.3093,0.0147,1,4.39,0.117,0.324,0.424,,1.0530,-0.1690,1.8298,0.0987,0.2940,-0.1200,0.0115,-0.3548,0.0150,1,0.00,0.001,0.036,0.003,,-0.0125,0.2414,1.2070,-0.0031,-0.3632,-0.1907,-0.0098,0.3464,0.0147,1,2.39,0.018,0.092,0.310,,0.0054,-0.1848,1.8393,-0.0012,0.3345,-0.1173,-0.0897,-0.3176,0.0148,1,5.85,0.264,0.566,0.352,,1.0350,0.2267,1.2287,-0.1030,-0.3228,-0.1883,-0.1085,0.3021,0.0148,1,0.00,0.002,0.033,0.003,,-1.0411,-0.1501,1.8159,-0.1013,0.2938,-0.1232
0.573,524,tripod,0.0045,0.0265,0.1665,-0.1057,0.0163,0.0331,-0.0019,0.0063,0.0055,-0.0295,-0.0251,0.0059,0.000,0.000,-0.0946,0.0147,-0.1057,0.0163,0.0331,0.1350,0,0.1127,-0.2903,0.1149,1,3.62,0.096,0.509,0.166,,-1.0538,-0.3845,1.8490,0.0984,-0.3131,-0.0835,0.0914,0.3093,0.0147,1,1.12,0.013,0.025,0.143,,1.0531,-0.1693,1.8301,0.0987,0.2940,-0.1199,0.0115,-0.3549,0.0149,1,2.01,0.118,0.171,0.124,,-0.0126,0.2438,1.2031,-0.0031,-0.3633,-0.1911,-0.0098,0.3464,0.0147,1,3.55,0.114,0.380,0.215,,0.0054,-0.1852,1.8398,-0.0012,0.3344,-0.1172,-0.0897,-0.3177,0.0149,1,0.00,0.002,0.035,0.004,,1.0349,0.2274,1.2271,-0.1031,-0.3229,-0.1884,-0.1085,0.3021,0.0148,1,2.29,0.001,0.080,0.294,,-1.0411,-0.1506,1.8164,-0.1013,0.2938,-0.1231
0.578,528,tripod,0.0045,0.0266,0.1666,-0.1061,0.0159,0.0332,-0.0017,0.0055,0.0047,-0.0185,-0.0216,0.0050,0.000,0.000,-0.0950,0.0146,-0.1061,0.0159,0.0332,0.1351,0,0.1126,-0.2903,0.1148,1,4.08,0.155,0.625,0.090,,-1.0539,-0.3824,1.8475,0.0984,-0.3132,-0.0839,0.0914,0.3093,0.0147,1,0.97,0.009,0.019,0.122,,1.0531,-0.1694,1.8302,0.0987,0.2940,-0.1199,0.0115,-0.3550,0.0149,1,1.64,0.139,0.154,0.082,,-0.0128,0.2455,1.2001,-0.0032,-0.3635,-0.1914,-0.0098,0.3464,0.0147,1,3.49,0.079,0.325,0.265,,0.0055,-0.1853,1.8401,-0.0012,0.3344,-0.1172,-0.0897,-0.3178,0.0150,1,0.00,0.001,0.036,0.004,,1.0347,0.2281,1.2255,-0.1031,-0.3230,-0.1885,-0.1085,0.3021,0.0148,1,2.39,0.008,0.238,0.148,,-1.0410,-0.1508,1.8167,-0.1014,0.2938,-0.1230
0.582,532,tripod,0.0045,0.0268,0.1668,-0.1066,0.0161,0.0332,0.0015,0.0069,0.0079,-0.0235,0.0073,0.0003,0.000,0.000,-0.0954,0.0145,-0.1066,0.0161,0.0332,0.1353,0,0.1126,-0.2902,0.1149,1,0.81,0.094,0.144,0.071,,-1.0539,-0.3809,1.8462,0.0984,-0.3132,-0.0841,0.0914,0.3093,0.0147,1,2.80,0.091,0.168,0.300,,1.0532,-0.1693,1.8304,0.0987,0.2940,-0.1199,0.0115,-0.3551,0.0150,1,0.00,0.001,0.034,0.006,,-0.0129,0.2467,1.1978,-0.0032,-0.3636,-0.1915,-0.0098,0.3465,0.0146,1,3.61,0.008,0.292,0.323,,0.0055,-0.1852,1.8403,-0.0012,0.3344,-0.1172,-0.0897,-0.3179,0.0149,1,5.19,0.339,0.439,0.375,,1.0346,0.2309,1.2210,-0.1031,-0.3231,-0.1890,-0.1085,0.3021,0.0148,1,0.08,0.003,0.028,0.008,,-1.0410,-0.1508,1.8168,-0.1014,0.2937,-0.1230
0.587,536,tripod,0.0045,0.0269,0.1669,-0.1070,0.0161,0.0332,0.0005,0.0092,0.0110,-0.0292,-0.0005,0.0015,0.000,0.000,-0.0958,0.0145,-0.1070,0.0161,0.0332,0.1354,0,0.1127,-0.2902,0.1150,1,0.00,0.001,0.030,0.004,,-1.0540,-0.3799,1.8452,0.0984,-0.3133,-0.0843,0.0914,0.3094,0.0147,1,2.21,0.022,0.110,0.256,,1.0532,-0.1691,1.8304,0.0987,0.2939,-0.1199,0.0115,-0.3552,0.0149,1,5.71,0.113,0.417,0.462,,-0.0130,0.2499,1.1928,-0.0032,-0.3637,-0.1920,-0.0098,0.3465,0.0146,1,4.00,0.046,0.301,0.391,,0.0055,-0.1849,1.8404,-0.0012,0.3343,-0.1173,-0.0897,-0.3180,0.0149,1,0.00,0.002,0.034,0.007,,1.0346,0.2329,1.2176,-0.1031,-0.3232,-0.1893,-0.1085,0.3022,0.0148,1,0.53,0.006,0.000,0.061,,-1.0410,-0.1506,1.8169,-0.1014,0.2937,-0.1231
0.594,540,tripod,0.0045,0.0270,0.1671,-0.1074,0.0161,0.0332,0.0005,0.0075,0.0085,-0.0172,-0.0002,0.0012,0.000,0.000,-0.0962,0.0145,-0.1074,0.0161,0.0332,0.1356,0,0.1127,-0.2902,0.1152,1,0.00,0.001,0.031,0.003,,-1.0540,-0.3792,1.8445,0.0984,-0.3134,-0.0844,0.0914,0.3094,0.0147,1,2.24,0.015,0.111,0.261,,1.0532,-0.1687,1.8303,0.0987,0.2939,-0.1200,0.0115,-0.3553,0.0148,1,5.68,0.112,0.413,0.457,,-0.0130,0.2525,1.1885,-0.0032,-0.3638,-0.1925,-0.0098,0.3465,0.0146,1,3.94,0.038,0.293,0.389,,0.0055,-0.1845,1.8405,-0.0012,0.3343,-0.1174,-0.0897,-0.3181,0.0150,1,0.00,0.001,0.034,0.006,,1.0345,0.2344,1.2150,-0.1032,-0.3234,-0.1895,-0.1085,0.3022,0.0148,1,0.57,0.007,0.003,0.065,,-1.0409,-0.1503,1.8168,-0.1014,0.2937,-0.1231
0.598,544,tripod,0.0045,0.0272,0.1672,-0.1077,0.0162,0.0332,0.0016,0.0074,0.0086,-0.0160,0.0077,0.0006,0.000,0.000,-0.0966,0.0145,-0.1077,0.0162,0.0332,0.1357,0,0.1127,-0.2901,0.1153,1,0.00,0.001,0.032,0.003,,-1.0540,-0.3789,1.8439,0.0984,-0.3134,-0.0844,0.0914,0.3095,0.0147,1,2.73,0.049,0.135,0.324,,1.0532,-0.1683,1.8301,0.0987,0.2939,-0.1201,0.0115,-0.3553,0.0147,1,1.59,0.066,0.104,0.119,,-0.0131,0.2544,1.1856,-0.0033,-0.3639,-0.1928,-0.0098,0.3465,0.0146,1,4.01,0.002,0.217,0.479,,0.0056,-0.1839,1.8405,-0.0012,0.3342,-0.1174,-0.0897,-0.3182,0.0150,1,4.26,0.164,0.337,0.319,,1.0345,0.2361,1.2121,-0.1032,-0.3235,-0.1898,-0.1085,0.3023,0.0149,1,0.00,0.001,0.032,0.003,,-1.0409,-0.1499,1.8167,-0.1014,0.2936,-0.1232
0.602,548,tripod,0.0046,0.0273,0.1673,-0.1078,0.0163,0.0332,0.0016,0.0059,0.0066,-0.0089,0.0073,0.0006,0.000,0.000,-0.0968,0.0146,-0.1078,0.0163,0.0332,0.1358,0,0.1127,-0.2901,0.1155,1,0.00,0.001,0.032,0.003,,-1.0541,-0.3787,1.8435,0.0984,-0.3135,-0.0845,0.0914,0.3095,0.0147,1,2.80,0.060,0.152,0.317,,1.0532,-0.1678,1.8302,0.0987,0.2938,-0.1201,0.0115,-0.3554,0.0148,1,1.68,0.063,0.113,0.122,,-0.0131,0.2558,1.1831,-0.0033,-0.3640,-0.1930,-0.0098,0.3465,0.0146,1,3.92,0.003,0.212,0.466,,0.0056,-0.1834,1.8405,-0.0012,0.3341,-0.1175,-0.0897,-0.3182,0.0149,1,4.13,0.147,0.338,0.294,,1.0344,0.2379,1.2095,-0.1032,-0.3235,-0.1901,-0.1085,0.3023,0.0149,1,0.00,0.001,0.031,0.002,,-1.0409,-0.1495,1.8167,-0.1014,0.2936,-0.1232
0.607,552,tripod,0.0046,0.0273,0.1674,-0.1079,0.0164,0.0332,0.0009,0.0039,0.0008,-0.0047,0.0030,0.0007,0.000,0.000,-0.0970,0.0147,-0.1079,0.0164,0.0332,0.1359,0,0.1127,-0.2901,0.1154,1,0.00,0.001,0.031,0.005,,-1.0541,-0.3773,1.8422,0.0984,-0.3135,-0.0847,0.0914,0.3095,0.0147,1,2.75,0.034,0.188,0.270,,1.0532,-0.1677,1.8303,0.0987,0.2938,-0.1202,0.0115,-0.3554,0.0148,1,1.99,0.060,0.149,0.134,,-0.0132,0.2564,1.1816,-0.0033,-0.3641,-0.1931,-0.0098,0.3465,0.0146,1,3.92,0.004,0.243,0.432,,0.0056,-0.1832,1.8407,-0.0012,0.3341,-0.1176,-0.0897,-0.3182,0.0148,1,4.01,0.136,0.347,0.268,,1.0344,0.2389,1.2077,-0.1032,-0.3236,-0.1903,-0.1085,0.3023,0.0149,1,0.04,0.001,0.030,0.002,,-1.0409,-0.1494,1.8168,-0.1014,0.2936,-0.1233
0.611,556,tripod,0.0046,0.0274,0.1674,-0.1080,0.0164,0.0333,0.0008,0.0029,0.0002,-0.0020,0.0020,0.0008,0.000,0.000,-0.0971,0.0147,-0.1080,0.0164,0.0333,0.1359,0,0.1127,-0.2901,0.1151,1,0.00,0.001,0.031,0.004,,-1.0541,-0.3755,1.8408,0.0983,-0.3136,-0.0850,0.0914,0.3095,0.0147,1,2.77,0.041,0.183,0.279,,1.0533,-0.1676,1.8306,0.0987,0.2937,-0.1202,0.0115,-0.3554,0.0147,1,2.04,0.055,0.163,0.129,,-0.0132,0.2567,1.1810,-0.0033,-0.3642,-0.1931,-0.0098,0.3465,0.0146,1,3.90,0.011,0.232,0.440,,0.0056,-0.1832,1.8409,-0.0012,0.3340,-0.1176,-0.0897,-0.3182,0.0148,1,3.86,0.136,0.332,0.258,,1.0343,0.2395,1.2068,-0.1032,-0.3236,-0.1903,-0.1085,0.3023,0.0149,1,0.06,0.002,0.029,0.006,,-1.0409,-0.1494,1.8170,-0.1014,0.2936,-0.1232
0.615,560,tripod,0.0046,0.0274,0.1674,-0.1081,0.0164,0.0333,-0.0013,0.0013,0.0011,-0.0056,-0.0136,0.0030,0.000,0.000,-0.0972,0.0148,-0.1081,0.0164,0.0333,0.1360,0,0.1127,-0.2901,0.1149,1,4.03,0.105,0.583,0.155,,-1.0542,-0.3741,1.8398,0.0983,-0.3136,-0.0852,0.0914,0.3095,0.0147,1,1.66,0.024,0.075,0.190,,1.0533,-0.1677,1.8308,0.0987,0.2937,-0.1202,0.0115,-0.3555,0.0148,1,0.00,0.001,0.036,0.003,,-0.0133,0.2568,1.1805,-0.0033,-0.3642,-0.1931,-0.0098,0.3465,0.0146,1,4.00,0.035,0.330,0.353,,0.0056,-0.1832,1.8411,-0.0012,0.3340,-0.1176,-0.0897,-0.3182,0.0147,1,1.82,0.083,0.144,0.114,,1.0343,0.2398,1.2059,-0.1032,-0.3237,-0.1904,-0.1085,0.3023,0.0149,1,1.16,0.025,0.078,0.092,,-1.0408,-0.1495,1.8172,-0.1014,0.2935,-0.1232
0.620,564,tripod,0.0046,0.0275,0.1674,-0.1082,0.0161,0.0333,-0.0015,0.0013,0.0008,-0.0044,-0.0140,0.0029,0.000,0.000,-0.0973,0.0147,-0.1082,0.0161,0.0333,0.1360,0,0.1127,-0.2901,0.1148,1,4.34,0.147,0.642,0.143,,-1.0542,-0.3732,1.8392,0.0983,-0.3136,-0.0854,0.0914,0.3095,0.0147,1,1.39,0.029,0.041,0.176,,1.0533,-0.1677,1.8308,0.0987,0.2937,-0.1202,0.0115,-0.3555,0.0148,1,0.00,0.001,0.036,0.003,,-0.0133,0.2568,1.1801,-0.0033,-0.3643,-0.1931,-0.0098,0.3465,0.0145,1,4.01,0.032,0.329,0.356,,0.0056,-0.1832,1.8411,-0.0012,0.3340,-0.1176,-0.0897,-0.3183,0.0147,1,1.50,0.161,0.130,0.079,,1.0342,0.2400,1.2051,-0.1032,-0.3238,-0.1904,-0.1085,0.3023,0.0149,1,1.39,0.012,0.159,0.051,,-1.0408,-0.1496,1.8173,-0.1014,0.2935,-0.1232
0.624,568,tripod,0.0045,0.0275,0.1674,-0.1082,0.0159,0.0334,-0.0015,0.0015,0.0005,-0.0033,-0.0119,0.0022,0.000,0.000,-0.0973,0.0146,-0.1082,0.0159,0.0334,0.1360,0,0.1127,-0.2901,0.1148,1,4.48,0.141,0.669,0.134,,-1.0542,-0.3725,1.8387,0.0983,-0.3137,-0.0855,0.0914,0.3095,0.0147,1,1.23,0.015,0.031,0.157,,1.0533,-0.1677,1.8308,0.0987,0.2937,-0.1201,0.0116,-0.3555,0.0149,1,0.00,0.001,0.036,0.003,,-0.0133,0.2567,1.1799,-0.0033,-0.3643,-0.1931,-0.0098,0.3465,0.0145,1,4.01,0.032,0.328,0.356,,0.0056,-0.1832,1.8412,-0.0012,0.3340,-0.1175,-0.0897,-0.3184,0.0148,1,1.40,0.157,0.123,0.069,,1.0342,0.2402,1.2044,-0.1032,-0.3238,-0.1904,-0.1085,0.3023,0.0149,1,1.53,0.003,0.191,0.042,,-1.0408,-0.1497,1.8175,-0.1014,0.2935,-0.1232
0.632,572,tripod,0.0045,0.0275,0.1674,-0.1083,0.0157,0.0334,-0.0015,0.0009,0.0002,-0.0025,-0.0094,0.0019,0.000,0.000,-0.0974,0.0144,-0.1083,0.0157,0.0334,0.1360,0,0.1127,-0.2901,0.1147,1,4.52,0.109,0.681,0.124,,-1.0542,-0.3720,1.8384,0.0983,-0.3137,-0.0856,0.0914,0.3096,0.0147,1,1.12,0.046,0.028,0.140,,1.0532,-0.1678,1.8309,0.0987,0.2937,-0.1201,0.0116,-0.3556,0.0150,1,0.00,0.001,0.037,0.003,,-0.0133,0.2566,1.1798,-0.0033,-0.3643,-0.1931,-0.0098,0.3465,0.0145,1,4.01,0.008,0.325,0.362,,0.0056,-0.1832,1.8413,-0.0012,0.3340,-0.1175,-0.0896,-0.3184,0.0148,1,1.32,0.186,0.142,0.040,,1.0342,0.2402,1.2040,-0.1032,-0.3239,-0.1904,-0.1085,0.3023,0.0149,1,1.68,0.028,0.212,0.046,,-1.0409,-0.1497,1.8175,-0.1014,0.2935,-0.1232
0.636,576,tripod,0.0045,0.0275,0.1674,-0.1083,0.0156,0.0334,-0.0012,0.0009,-0.0000,-0.0018,-0.0067,0.0011,0.000,0.000,-0.0974,0.0142,-0.1083,0.0156,0.0334,0.1360,0,0.1127,-0.2901,0.1147,1,4.51,0.091,0.679,0.124,,-1.0542,-0.3717,1.8381,0.0983,-0.3137,-0.0856,0.0914,0.3096,0.0147,1,1.10,0.061,0.033,0.130,,1.0532,-0.1679,1.8310,0.0987,0.2937,-0.1201,0.0116,-0.3556,0.0150,1,0.00,0.002,0.037,0.003,,-0.0132,0.2564,1.1798,-0.0033,-0.3644,-0.1930,-0.0098,0.3465,0.0145,1,4.00,0.004,0.323,0.361,,0.0056,-0.1832,1.8413,-0.0012,0.3340,-0.1175,-0.0896,-0.3185,0.0148,1,1.36,0.196,0.153,0.037,,1.0343,0.2402,1.2036,-0.1032,-0.3239,-0.1904,-0.1085,0.3023,0.0149,1,1.71,0.049,0.221,0.042,,-1.0409,-0.1498,1.8176,-0.1014,0.2935,-0.1232
0.641,580,tripod,0.0045,0.0275,0.1675,-0.1085,0.0156,0.0334,-0.0006,0.0027,0.0020,-0.0085,-0.0003,-0.0003,0.000,0.000,-0.0975,0.0141,-0.1085,0.0156,0.0334,0.1360,0,0.1127,-0.2901,0.1148,1,1.79,0.028,0.261,0.019,,-1.0541,-0.3716,1.8379,0.0983,-0.3137,-0.0856,0.0914,0.3096,0.0148,1,1.27,0.075,0.046,0.149,,1.0532,-0.1680,1.8310,0.0987,0.2937,-0.1201,0.0116,-0.3556,0.0149,1,3.97,0.121,0.357,0.247,,-0.0132,0.2576,1.1783,-0.0033,-0.3644,-0.1932,-0.0098,0.3465,0.0145,1,4.16,0.009,0.323,0.388,,0.0055,-0.1833,1.8415,-0.0012,0.3340,-0.1175,-0.0896,-0.3185,0.0149,1,0.00,0.001,0.036,0.003,,1.0343,0.2402,1.2035,-0.1032,-0.3240,-0.1904,-0.1085,0.3023,0.0148,1,1.39,0.061,0.151,0.059,,-1.0409,-0.1497,1.8177,-0.1014,0.2935,-0.1232
0.645,584,tripod,0.0045,0.0276,0.1675,-0.1086,0.0156,0.0334,-0.0006,0.0019,0.0010,-0.0046,-0.0003,-0.0003,0.000,0.000,-0.0976,0.0141,-0.1086,0.0156,0.0334,0.1360,0,0.1127,-0.2901,0.1148,1,1.56,0.041,0.224,0.014,,-1.0541,-0.3715,1.8377,0.0984,-0.3137,-0.0856,0.0914,0.3096,0.0148,1,1.30,0.072,0.042,0.158,,1.0531,-0.1680,1.8311,0.0987,0.2937,-0.1201,0.0116,-0.3556,0.0148,1,4.15,0.132,0.393,0.241,,-0.0131,0.2584,1.1773,-0.0033,-0.3644,-0.1933,-0.0098,0.3465,0.0145,1,4.14,0.009,0.309,0.397,,0.0055,-0.1833,1.8416,-0.0012,0.3340,-0.1175,-0.0896,-0.3185,0.0149,1,0.00,0.001,0.036,0.003,,1.0344,0.2401,1.2035,-0.1032,-0.3240,-0.1904,-0.1085,0.3024,0.0148,1,1.46,0.063,0.151,0.070,,-1.0410,-0.1497,1.8178,-0.1014,0.2935,-0.1232
0.650,588,tripod,0.0045,0.0276,0.1675,-0.1086,0.0156,0.0334,-0.0005,0.0012,0.0004,-0.0021,-0.0003,-0.0003,0.000,0.000,-0.0977,0.0140,-0.1086,0.0156,0.0334,0.1361,0,0.1127,-0.2901,0.1148,1,1.42,0.053,0.203,0.012,,-1.0540,-0.3715,1.8375,0.0984,-0.3137,-0.0856,0.0914,0.3096,0.0148,1,1.30,0.059,0.061,0.137,,1.0531,-0.1681,1.8312,0.0987,0.2937,-0.1201,0.0116,-0.3556,0.0148,1,4.28,0.150,0.421,0.234,,-0.0131,0.2590,1.1765,-0.0033,-0.3644,-0.1934,-0.0098,0.3465,0.0145,1,4.13,0.009,0.297,0.408,,0.0055,-0.1833,1.8417,-0.0012,0.3339,-0.1175,-0.0896,-0.3185,0.0150,1,0.00,0.001,0.037,0.003,,1.0345,0.2400,1.2035,-0.1032,-0.3240,-0.1904,-0.1085,0.3024,0.0148,1,1.51,0.069,0.151,0.079,,-1.0410,-0.1497,1.8179,-0.1014,0.2935,-0.1232
0.654,592,tripod,0.0045,0.0276,0.1675,-0.1087,0.0158,0.0334,0.0024,0.0023,0.0014,-0.0057,0.0161,-0.0007,0.000,0.000,-0.0978,0.0141,-0.1087,0.0158,0.0334,0.1361,0,0.1127,-0.2901,0.1149,1,0.33,0.051,0.031,0.014,,-1.0540,-0.3716,1.8375,0.0984,-0.3138,-0.0856,0.0914,0.3096,0.0148,1,2.46,0.130,0.203,0.199,,1.0531,-0.1682,1.8313,0.0987,0.2937,-0.1201,0.0116,-0.3556,0.0148,1,1.19,0.025,0.072,0.082,,-0.0130,0.2594,1.1755,-0.0033,-0.3644,-0.1935,-0.0098,0.3465,0.0145,1,4.22,0.079,0.273,0.455,,0.0055,-0.1832,1.8418,-0.0012,0.3339,-0.1175,-0.0896,-0.3185,0.0149,1,4.34,0.056,0.490,0.187,,1.0345,0.2411,1.2020,-0.1032,-0.3240,-0.1906,-0.1085,0.3024,0.0148,1,0.07,0.008,0.026,0.003,,-1.0410,-0.1496,1.8178,-0.1014,0.2934,-0.1232
0.659,596,tripod,0.0045,0.0277,0.1676,-0.1088,0.0161,0.0334,0.0021,0.0020,0.0009,-0.0032,0.0119,-0.0001,0.000,0.000,-0.0978,0.0142,-0.1088,0.0161,0.0334,0.1361,0,0.1127,-0.2901,0.1149,1,0.19,0.028,0.004,0.007,,-1.0540,-0.3717,1.8374,0.0984,-0.3138,-0.0856,0.0914,0.3096,0.0148,1,2.52,0.104,0.209,0.204,,1.0531,-0.1682,1.8315,0.0987,0.2937,-0.1201,0.0116,-0.3556,0.0148,1,1.48,0.011,0.114,0.087,,-0.0130,0.2597,1.1749,-0.0033,-0.3645,-0.1936,-0.0098,0.3465,0.0145,1,4.20,0.051,0.270,0.455,,0.0055,-0.1832,1.8419,-0.0012,0.3339,-0.1175,-0.0896,-0.3185,0.0148,1,4.18,0.074,0.466,0.182,,1.0345,0.2420,1.2009,-0.1032,-0.3240,-0.1907,-0.1085,0.3024,0.0149,1,0.05,0.003,0.028,0.004,,-1.0410,-0.1496,1.8178,-0.1013,0.2934,-0.1232
0.663,600,tripod,0.0046,0.0277,0.1676,-0.1088,0.0162,0.0334,0.0015,0.0015,0.0004,-0.0014,0.0076,0.0006,0.000,0.000,-0.0979,0.0144,-0.1088,0.0162,0.0334,0.1361,0,0.1128,-0.2901,0.1150,1,0.13,0.017,0.008,0.004,,-1.0540,-0.3718,1.8374,0.0984,-0.3138,-0.0856,0.0914,0.3096,0.0147,1,2.53,0.034,0.211,0.204,,1.0531,-0.1682,1.8316,0.0987,0.2936,-0.1201,0.0116,-0.3556,0.0148,1,1.64,0.044,0.137,0.090,,-0.0131,0.2599,1.1745,-0.0033,-0.3645,-0.1936,-0.0098,0.3465,0.0145,1,4.19,0.017,0.268,0.454,,0.0055,-0.1831,1.8420,-0.0012,0.3339,-0.1175,-0.0896,-0.3185,0.0148,1,4.08,0.138,0.453,0.179,,1.0345,0.2426,1.2000,-0.1032,-0.3240,-0.1908,-0.1085,0.3024,0.0149,1,0.07,0.010,0.026,0.005,,-1.0410,-0.1496,1.8178,-0.1013,0.2934,-0.1232
0.671,604,tripod,0.0046,0.0277,0.1676,-0.1088,0.0163,0.0334,0.0013,0.0010,0.0001,-0.0003,0.0047,0.0008,0.000,0.000,-0.0979,0.0145,-0.1088,0.0163,0.0334,0.1361,0,0.1128,-0.2901,0.1150,1,0.09,0.013,0.015,0.002,,-1.0541,-0.3718,1.8373,0.0984,-0.3138,-0.0856,0.0914,0.3096,0.0147,1,2.52,0.028,0.210,0.203,,1.0531,-0.1681,1.8317,0.0987,0.2936,-0.1201,0.0116,-0.3556,0.0148,1,1.75,0.040,0.152,0.092,,-0.0131,0.2600,1.1743,-0.0033,-0.3645,-0.1936,-0.0098,0.3466,0.0145,1,4.18,0.021,0.267,0.453,,0.0055,-0.1831,1.8420,-0.0012,0.3339,-0.1176,-0.0896,-0.3185,0.0147,1,4.00,0.135,0.440,0.177,,1.0345,0.2430,1.1994,-0.1032,-0.3240,-0.1909,-0.1085,0.3024,0.0149,1,0.12,0.006,0.026,0.013,,-1.0410,-0.1496,1.8179,-0.1014,0.2934,-0.1232
0.676,608,tripod,0.0046,0.0277,0.1676,-0.1088,0.0164,0.0334,0.0010,0.0008,-0.0002,0.0002,0.0023,0.0009,0.000,0.000,-0.0979,0.0146,-0.1088,0.0164,0.0334,0.1361,0,0.1128,-0.2901,0.1150,1,0.11,0.014,0.012,0.003,,-1.0541,-0.3719,1.8373,0.0984,-0.3138,-0.0856,0.0914,0.3096,0.0147,1,2.52,0.029,0.214,0.199,,1.0532,-0.1681,1.8318,0.0987,0.2936,-0.1201,0.0116,-0.3556,0.0148,1,1.83,0.036,0.161,0.096,,-0.0132,0.2600,1.1742,-0.0033,-0.3645,-0.1936,-0.0098,0.3466,0.0145,1,4.16,0.020,0.267,0.449,,0.0055,-0.1831,1.8421,-0.0012,0.3339,-0.1176,-0.0896,-0.3185,0.0147,1,3.92,0.135,0.427,0.178,,1.0344,0.2433,1.1990,-0.1032,-0.3240,-0.1909,-0.1085,0.3024,0.0149,1,0.12,0.007,0.026,0.012,,-1.0410,-0.1496,1.8179,-0.1014,0.2934,-0.1232
0.681,612,tripod,0.0046,0.0277,0.1676,-0.1088,0.0164,0.0334,0.0008,0.0004,-0.0003,0.0004,0.0013,0.0009,0.000,0.000,-0.0979,0.0147,-0.1088,0.0164,0.0334,0.1361,0,0.1128,-0.2901,0.1150,1,0.14,0.019,0.007,0.004,,-1.0541,-0.3720,1.8373,0.0983,-0.3138,-0.0856,0.0914,0.3096,0.0147,1,2.52,0.025,0.217,0.195,,1.0532,-0.1681,1.8318,0.0987,0.2936,-0.1201,0.0116,-0.3556,0.0148,1,1.90,0.037,0.168,0.101,,-0.0132,0.2601,1.1741,-0.0033,-0.3645,-0.1936,-0.0098,0.3466,0.0145,1,4.14,0.024,0.268,0.444,,0.0055,-0.1831,1.8422,-0.0012,0.3338,-0.1176,-0.0896,-0.3185,0.0146,1,3.85,0.139,0.416,0.180,,1.0344,0.2435,1.1988,-0.1032,-0.3241,-0.1909,-0.1085,0.3024,0.0149,1,0.11,0.009,0.021,0.007,,-1.0409,-0.1496,1.8180,-0.1014,0.2934,-0.1232
0.686,616,tripod,0.0046,0.0278,0.1676,-0.1088,0.0164,0.0335,0.0007,0.0002,-0.0005,0.0004,0.0010,0.0008,0.000,0.000,-0.0979,0.0147,-0.1088,0.0164,0.0335,0.1361,0,0.1128,-0.2901,0.1150,1,0.18,0.026,0.001,0.004,,-1.0542,-0.3720,1.8373,0.0983,-0.3138,-0.0856,0.0914,0.3096,0.0147,1,2.53,0.024,0.221,0.193,,1.0532,-0.1681,1.8319,0.0987,0.2936,-0.1201,0.0116,-0.3556,0.0148,1,1.94,0.038,0.172,0.103,,-0.0133,0.2600,1.1741,-0.0033,-0.3645,-0.1936,-0.0098,0.3466,0.0145,1,4.13,0.024,0.268,0.442,,0.0056,-0.1831,1.8422,-0.0012,0.3338,-0.1175,-0.0896,-0.3185,0.0146,1,3.77,0.142,0.405,0.180,,1.0343,0.2436,1.1986,-0.1032,-0.3241,-0.1910,-0.1085,0.3024,0.0149,1,0.10,0.010,0.021,0.005,,-1.0409,-0.1497,1.8181,-0.1014,0.2934,-0.1232
0.690,620,tripod,0.0046,0.0278,0.1675,-0.1088,0.0164,0.0335,0.0006,0.0001,-0.0006,0.0003,0.0008,0.0007,0.000,0.000,-0.0979,0.0148,-0.1088,0.0164,0.0335,0.1361,0,0.1128,-0.2901,0.1150,1,0.24,0.033,0.012,0.009,,-1.0542,-0.3721,1.8373,0.0983,-0.3138,-0.0855,0.0914,0.3096,0.0147,1,2.53,0.023,0.224,0.190,,1.0532,-0.1681,1.8319,0.0987,0.2936,-0.1201,0.0116,-0.3556,0.0148,1,1.96,0.042,0.174,0.106,,-0.0133,0.2600,1.1741,-0.0033,-0.3645,-0.1936,-0.0098,0.3466,0.0145,1,4.12,0.025,0.268,0.440,,0.0056,-0.1831,1.8423,-0.0012,0.3338,-0.1175,-0.0896,-0.3185,0.0146,1,3.71,0.147,0.394,0.180,,1.0343,0.2437,1.1985,-0.1032,-0.3241,-0.1910,-0.1085,0.3024,0.0149,1,0.10,0.011,0.020,0.003,,-1.0409,-0.1498,1.8182,-0.1014,0.2934,-0.1232
0.695,624,tripod,0.0046,0.0278,0.1675,-0.1088,0.0164,0.0335,0.0004,-0.0000,-0.0007,0.0003,0.0007,0.0004,0.000,0.000,-0.0979,0.0148,-0.1088,0.0164,0.0335,0.1361,0,0.1128,-0.2901,0.1150,1,0.28,0.025,0.019,0.007,,-1.0542,-0.3722,1.8374,0.0983,-0.3138,-0.0855,0.0914,0.3096,0.0147,1,2.54,0.024,0.224,0.192,,1.0532,-0.1681,1.8319,0.0987,0.2936,-0.1201,0.0116,-0.3556,0.0147,1,1.97,0.035,0.176,0.106,,-0.0134,0.2600,1.1741,-0.0033,-0.3645,-0.1936,-0.0098,0.3466,0.0145,1,4.12,0.025,0.267,0.440,,0.0056,-0.1832,1.8423,-0.0012,0.3338,-0.1175,-0.0896,-0.3185,0.0146,1,3.66,0.145,0.387,0.178,,1.0342,0.2437,1.1985,-0.1032,-0.3241,-0.1910,-0.1085,0.3024,0.0149,1,0.10,0.012,0.020,0.004,,-1.0409,-0.1499,1.8182,-0.1014,0.2934,-0.1232
0.699,628,tripod,0.0047,0.0278,0.1675,-0.1088,0.0164,0.0335,0.0004,-0.0001,-0.0007,0.0002,0.0006,0.0003,0.000,0.000,-0.0979,0.0148,-0.1088,0.0164,0.0335,0.1361,0,0.1128,-0.2901,0.1150,1,0.32,0.031,0.026,0.006,,-1.0543,-0.3722,1.8374,0.0983,-0.3138,-0.0855,0.0914,0.3096,0.0147,1,2.54,0.023,0.223,0.192,,1.0533,-0.1682,1.8320,0.0987,0.2936,-0.1201,0.0116,-0.3556,0.0147,1,1.97,0.037,0.176,0.106,,-0.0134,0.2599,1.1742,-0.0033,-0.3645,-0.1936,-0.0098,0.3466,0.0145,1,4.12,0.025,0.267,0.440,,0.0056,-0.1833,1.8424,-0.0012,0.3338,-0.1175,-0.0896,-0.3185,0.0146,1,3.61,0.148,0.380,0.177,,1.0342,0.2437,1.1985,-0.1032,-0.3240,-0.1910,-0.1085,0.3024,0.0149,1,0.11,0.013,0.020,0.004,,-1.0408,-0.1500,1.8183,-0.1014,0.2934,-0.1231
0.705,632,tripod,0.0047,0.0278,0.1675,-0.1088,0.0164,0.0335,0.0003,-0.0001,-0.0007,0.0001,0.0005,0.0003,0.000,0.000,-0.0979,0.0148,-0.1088,0.0164,0.0335,0.1361,0,0.1128,-0.2901,0.1150,1,0.36,0.036,0.032,0.005,,-1.0543,-0.3723,1.8374,0.0983,-0.3138,-0.0855,0.0914,0.3096,0.0147,1,2.54,0.023,0.223,0.192,,1.0533,-0.1682,1.8320,0.0987,0.2936,-0.1201,0.0116,-0.3556,0.0147,1,1.97,0.038,0.177,0.105,,-0.0134,0.2599,1.1743,-0.0034,-0.3645,-0.1936,-0.0098,0.3466,0.0145,1,4.12,0.025,0.266,0.441,,0.0056,-0.1833,1.8424,-0.0012,0.3338,-0.1175,-0.0896,-0.3185,0.0146,1,3.57,0.150,0.374,0.176,,1.0342,0.2437,1.1985,-0.1032,-0.3240,-0.1910,-0.1085,0.3024,0.0149,1,0.11,0.013,0.019,0.005,,-1.0408,-0.1500,1.8184,-0.1014,0.2934,-0.1231
0.711,636,tripod,0.0047,0.0277,0.1675,-0.1088,0.0165,0.0335,0.0002,-0.0001,-0.0007,0.0001,0.0004,0.0003,0.000,0.000,-0.0979,0.0148,-0.1088,0.0165,0.0335,0.1361,0,0.1128,-0.2901,0.1150,1,0.39,0.041,0.037,0.004,,-1.0543,-0.3724,1.8375,0.0983,-0.3138,-0.0855,0.0914,0.3096,0.0147,1,2.53,0.028,0.222,0.192,,1.0533,-0.1683,1.8321,0.0987,0.2936,-0.1200,0.0116,-0.3556,0.0147,1,1.97,0.037,0.177,0.105,,-0.0135,0.2598,1.1743,-0.0034,-0.3645,-0.1936,-0.0098,0.3466,0.0145,1,4.12,0.021,0.266,0.441,,0.0056,-0.1834,1.8425,-0.0012,0.3338,-0.1175,-0.0896,-0.3185,0.0145,1,3.54,0.149,0.370,0.175,,1.0342,0.2437,1.1985,-0.1032,-0.3240,-0.1910,-0.1085,0.3024,0.0149,1,0.11,0.010,0.019,0.005,,-1.0408,-0.1501,1.8184,-0.1014,0.2934,-0.1231
0.716,640,tripod,0.0047,0.0277,0.1675,-0.1088,0.0165,0.0335,0.0002,-0.0001,-0.0006,0.0000,0.0004,0.0002,0.000,0.000,-0.0979,0.0148,-0.1088,0.0165,0.0335,0.1361,0,0.1128,-0.2901,0.1150,1,0.43,0.049,0.042,0.004,,-1.0543,-0.3724,1.8375,0.0983,-0.3138,-0.0855,0.0914,0.3096,0.0147,1,2.53,0.034,0.222,0.192,,1.0533,-0.1683,1.8321,0.0987,0.2936,-0.1200,0.0116,-0.3556,0.0147,1,1.96,0.036,0.177,0.105,,-0.0135,0.2598,1.1744,-0.0034,-0.3645,-0.1936,-0.0098,0.3466,0.0145,1,4.11,0.016,0.265,0.441,,0.0056,-0.1835,1.8425,-0.0012,0.3338,-0.1175,-0.0896,-0.3185,0.0145,1,3.51,0.147,0.366,0.174,,1.0341,0.2437,1.1985,-0.1033,-0.3240,-0.1910,-0.1085,0.3024,0.0149,1,0.12,0.005,0.019,0.005,,-1.0408,-0.1502,1.8185,-0.1014,0.2934,-0.1231
0.721,644,tripod,0.0047,0.0277,0.1675,-0.1088,0.0165,0.0335,0.0002,-0.0001,-0.0006,0.0000,0.0003,0.0001,0.000,0.000,-0.0979,0.0148,-0.1088,0.0165,0.0335,0.1361,0,0.1128,-0.2901,0.1150,1,0.45,0.054,0.046,0.003,,-1.0543,-0.3725,1.8376,0.0983,-0.3138,-0.0855,0.0914,0.3096,0.0147,1,2.53,0.038,0.222,0.192,,1.0533,-0.1684,1.8321,0.0987,0.2936,-0.1200,0.0116,-0.3556,0.0147,1,1.96,0.035,0.176,0.105,,-0.0135,0.2597,1.1745,-0.0034,-0.3645,-0.1935,-0.0098,0.3466,0.0145,1,4.11,0.012,0.265,0.441,,0.0057,-0.1835,1.8426,-0.0012,0.3338,-0.1175,-0.0896,-0.3185,0.0145,1,3.48,0.146,0.362,0.173,,1.0341,0.2436,1.1986,-0.1033,-0.3240,-0.1910,-0.1085,0.3024,0.0150,1,0.12,0.001,0.019,0.006,,-1.0408,-0.1503,1.8186,-0.1014,0.2934,-0.1231
0.725,648,tripod,0.0047,0.0277,0.1675,-0.1088,0.0165,0.0335,0.0002,-0.0001,-0.0005,0.0000,0.0003,0.0001,0.000,0.000,-0.0979,0.0148,-0.1088,0.0165,0.0335,0.1361,0,0.1128,-0.2901,0.1150,1,0.48,0.059,0.050,0.003,,-1.0544,-0.3725,1.8376,0.0983,-0.3138,-0.0855,0.0914,0.3096,0.0147,1,2.53,0.042,0.222,0.192,,1.0533,-0.1684,1.8322,0.0987,0.2936,-0.1200,0.0116,-0.3556,0.0147,1,1.95,0.034,0.176,0.104,,-0.0135,0.2597,1.1746,-0.0034,-0.3645,-0.1935,-0.0098,0.3466,0.0145,1,4.11,0.009,0.265,0.442,,0.0057,-0.1836,1.8426,-0.0012,0.3338,-0.1175,-0.0896,-0.3185,0.0145,1,3.46,0.144,0.359,0.173,,1.0341,0.2436,1.1986,-0.1033,-0.3240,-0.1910,-0.1085,0.3024,0.0150,1,0.12,0.002,0.019,0.006,,-1.0408,-0.1503,1.8186,-0.1014,0.2934,-0.1231
0.730,652,tripod,0.0047,0.0277,0.1675,-0.1088,0.0165,0.0335,0.0001,-0.0001,-0.0005,0.0000,0.0003,0.0001,0.000,0.000,-0.0979,0.0148,-0.1088,0.0165,0.0335,0.1361,0,0.1128,-0.2901,0.1150,1,0.50,0.064,0.054,0.003,,-1.0544,-0.3726,1.8376,0.0983,-0.3138,-0.0855,0.0914,0.3096,0.0147,1,2.53,0.045,0.222,0.192,,1.0533,-0.1685,1.8322,0.0987,0.2936,-0.1200,0.0116,-0.3556,0.0147,1,1.95,0.034,0.176,0.104,,-0.0135,0.2596,1.1746,-0.0034,-0.3645,-0.1935,-0.0098,0.3466,0.0145,1,4.11,0.006,0.265,0.442,,0.0057,-0.1836,1.8426,-0.0012,0.3338,-0.1175,-0.0896,-0.3185,0.0145,1,3.44,0.143,0.357,0.172,,1.0341,0.2436,1.1987,-0.1033,-0.3240,-0.1910,-0.1085,0.3024,0.0150,1,0.12,0.005,0.019,0.006,,-1.0408,-0.1504,1.8187,-0.1014,0.2934,-0.1231
0.734,656,tripod,0.0047,0.0277,0.1675,-0.1088,0.0165,0.0335,0.0001,-0.0001,-0.0004,-0.0000,0.0002,0.0001,0.000,0.000,-0.0979,0.0148,-0.1088,0.0165,0.0335,0.1361,0,0.1128,-0.2901,0.1150,1,0.51,0.068,0.056,0.003,,-1.0544,-0.3726,1.8376,0.0983,-0.3138,-0.0855,0.0914,0.3096,0.0147,1,2.54,0.048,0.222,0.193,,1.0533,-0.1685,1.8322,0.0987,0.2936,-0.1200,0.0116,-0.3556,0.0147,1,1.95,0.034,0.176,0.104,,-0.0135,0.2596,1.1747,-0.0034,-0.3645,-0.1935,-0.0098,0.3466,0.0145,1,4.11,0.003,0.264,0.442,,0.0057,-0.1837,1.8427,-0.0012,0.3338,-0.1175,-0.0896,-0.3185,0.0145,1,3.43,0.142,0.355,0.171,,1.0341,0.2436,1.1987,-0.1033,-0.3240,-0.1910,-0.1085,0.3024,0.0150,1,0.12,0.008,0.020,0.007,,-1.0408,-0.1504,1.8187,-0.1014,0.2934,-0.1231
0.739,660,tripod,0.0047,0.0277,0.1674,-0.1088,0.0165,0.0335,0.0001,-0.0000,-0.0003,-0.0000,0.0002,0.0001,0.000,0.000,-0.0979,0.0148,-0.1088,0.0165,0.0335,0.1361,0,0.1128,-0.2901,0.1150,1,0.53,0.071,0.059,0.003,,-1.0544,-0.3726,1.8377,0.0983,-0.3138,-0.0855,0.0914,0.3096,0.0147,1,2.54,0.051,0.222,0.193,,1.0533,-0.1685,1.8322,0.0987,0.2936,-0.1200,0.0116,-0.3556,0.0147,1,1.94,0.033,0.175,0.104,,-0.0135,0.2596,1.1747,-0.0034,-0.3645,-0.1935,-0.0098,0.3466,0.0145,1,4.12,0.001,0.264,0.443,,0.0057,-0.1837,1.8427,-0.0012,0.3338,-0.1175,-0.0896,-0.3185,0.0145,1,3.42,0.142,0.353,0.171,,1.0341,0.2435,1.1987,-0.1033,-0.3240,-0.1910,-0.1085,0.3024,0.0150,1,0.12,0.010,0.020,0.007,,-1.0408,-0.1505,1.8187,-0.1014,0.2934,-0.1231
0.744,664,tripod,0.0047,0.0277,0.1674,-0.1088,0.0165,0.0335,0.0002,0.0001,-0.0003,0.0000,0.0001,-0.0002,0.000,0.000,-0.0979,0.0148,-0.1088,0.0165,0.0335,0.1361,0,0.1128,-0.2901,0.1150,1,0.54,0.074,0.062,0.004,,-1.0544,-0.3726,1.8377,0.0983,-0.3138,-0.0854,0.0914,0.3096,0.0147,1,2.54,0.055,0.221,0.195,,1.0533,-0.1685,1.8323,0.0987,0.2936,-0.1200,0.0116,-0.3556,0.0147,1,1.94,0.032,0.176,0.102,,-0.0135,0.2595,1.1747,-0.0034,-0.3645,-0.1935,-0.0098,0.3466,0.0145,1,4.12,0.003,0.263,0.445,,0.0057,-0.1837,1.8427,-0.0012,0.3338,-0.1174,-0.0896,-0.3185,0.0145,1,3.41,0.141,0.353,0.169,,1.0341,0.2435,1.1988,-0.1033,-0.3240,-0.1910,-0.1085,0.3024,0.0150,1,0.11,0.017,0.016,0.001,,-1.0408,-0.1505,1.8188,-0.1014,0.2934,-0.1230
0.750,668,tripod,0.0047,0.0277,0.1674,-0.1088,0.0165,0.0335,0.0001,-0.0000,-0.0002,-0.0000,0.0002,-0.0000,0.000,0.000,-0.0979,0.0148,-0.1088,0.0165,0.0335,0.1361,0,0.1128,-0.2901,0.1150,1,0.55,0.077,0.063,0.004,,-1.0544,-0.3727,1.8377,0.0983,-0.3138,-0.0854,0.0914,0.3096,0.0147,1,2.54,0.063,0.221,0.194,,1.0533,-0.1686,1.8323,0.0987,0.2936,-0.1200,0.0116,-0.3556,0.0147,1,1.93,0.032,0.175,0.102,,-0.0135,0.2595,1.1747,-0.0034,-0.3645,-0.1935,-0.0098,0.3466,0.0145,1,4.12,0.011,0.263,0.444,,0.0057,-0.1837,1.8427,-0.0012,0.3338,-0.1174,-0.0896,-0.3185,0.0145,1,3.40,0.139,0.352,0.169,,1.0341,0.2435,1.1988,-0.1033,-0.3240,-0.1910,-0.1085,0.3024,0.0150,1,0.12,0.007,0.018,0.005,,-1.0408,-0.1505,1.8188,-0.1014,0.2934,-0.1230
0.755,672,tripod,0.0047,0.0277,0.1674,-0.1088,0.0165,0.0335,0.0001,0.0000,-0.0001,-0.0000,0.0002,0.0000,0.000,0.000,-0.0979,0.0148,-0.1088,0.0165,0.0335,0.1361,0,0.1128,-0.2901,0.1150,1,0.56,0.080,0.065,0.004,,-1.0544,-0.3727,1.8377,0.0983,-0.3138,-0.0854,0.0914,0.3096,0.0147,1,2.54,0.064,0.221,0.195,,1.0533,-0.1686,1.8323,0.0987,0.2936,-0.1200,0.0116,-0.3556,0.0147,1,1.93,0.032,0.175,0.102,,-0.0135,0.2595,1.1748,-0.0034,-0.3645,-0.1935,-0.0098,0.3466,0.0145,1,4.12,0.012,0.263,0.444,,0.0057,-0.1838,1.8428,-0.0012,0.3338,-0.1174,-0.0896,-0.3185,0.0145,1,3.39,0.139,0.351,0.169,,1.0341,0.2435,1.1988,-0.1033,-0.3240,-0.1910,-0.1085,0.3024,0.0150,1,0.12,0.007,0.018,0.005,,-1.0408,-0.1506,1.8188,-0.1014,0.2934,-0.1230
0.759,676,tripod,0.0047,0.0277,0.1674,-0.1088,0.0165,0.0335,0.0001,0.0000,-0.0001,-0.0000,0.0002,0.0000,0.000,0.000,-0.0979,0.0148,-0.1088,0.0165,0.0335,0.1360,0,0.1128,-0.2901,0.1150,1,0.57,0.082,0.066,0.004,,-1.0544,-0.3727,1.8377,0.0983,-0.3138,-0.0854,0.0914,0.3096,0.0147,1,2.54,0.064,0.221,0.195,,1.0533,-0.1686,1.8323,0.0987,0.2936,-0.1200,0.0116,-0.3556,0.0147,1,1.93,0.033,0.175,0.102,,-0.0135,0.2595,1.1748,-0.0034,-0.3645,-0.1935,-0.0098,0.3466,0.0145,1,4.12,0.013,0.263,0.444,,0.0057,-0.1838,1.8428,-0.0012,0.3338,-0.1174,-0.0896,-0.3185,0.0145,1,3.38,0.140,0.350,0.168,,1.0341,0.2435,1.1988,-0.1033,-0.3240,-0.1910,-0.1085,0.3024,0.0150,1,0.12,0.007,0.019,0.005,,-1.0408,-0.1506,1.8188,-0.1014,0.2934,-0.1230
0.764,680,tripod,0.0047,0.0277,0.1674,-0.1088,0.0165,0.0335,0.0001,0.0000,-0.0000,-0.0000,0.0002,0.0000,0.000,0.000,-0.0979,0.0148,-0.1088,0.0165,0.0335,0.1360,0,0.1128,-0.2901,0.1150,1,0.57,0.084,0.067,0.004,,-1.0544,-0.3727,1.8377,0.0983,-0.3138,-0.0854,0.0914,0.3096,0.0147,1,2.55,0.064,0.221,0.196,,1.0533,-0.1686,1.8323,0.0987,0.2936,-0.1200,0.0116,-0.3556,0.0147,1,1.92,0.034,0.175,0.102,,-0.0135,0.2595,1.1748,-0.0034,-0.3645,-0.1935,-0.0098,0.3466,0.0145,1,4.12,0.013,0.263,0.445,,0.0057,-0.1838,1.8428,-0.0012,0.3338,-0.1174,-0.0896,-0.3185,0.0145,1,3.37,0.140,0.349,0.168,,1.0341,0.2435,1.1988,-0.1033,-0.3240,-0.1910,-0.1085,0.3024,0.0150,1,0.12,0.006,0.019,0.006,,-1.0408,-0.1506,1.8188,-0.1014,0.2934,-0.1230
0.768,684,tripod,0.0047,0.0277,0.1674,-0.1088,0.0165,0.0335,0.0001,0.0000,-0.0000,-0.0000,0.0002,0.0000,0.000,0.000,-0.0979,0.0148,-0.1088,0.0165,0.0335,0.1360,0,0.1128,-0.2901,0.1149,1,0.58,0.085,0.069,0.005,,-1.0544,-0.3727,1.8377,0.0983,-0.3138,-0.0854,0.0914,0.3096,0.0147,1,2.55,0.065,0.221,0.196,,1.0533,-0.1686,1.8323,0.0987,0.2936,-0.1200,0.0116,-0.3556,0.0147,1,1.92,0.034,0.175,0.101,,-0.0135,0.2595,1.1748,-0.0034,-0.3645,-0.1935,-0.0098,0.3466,0.0145,1,4.12,0.013,0.263,0.445,,0.0057,-0.1838,1.8428,-0.0012,0.3338,-0.1174,-0.0896,-0.3185,0.0145,1,3.37,0.141,0.348,0.168,,1.0341,0.2435,1.1988,-0.1033,-0.3240,-0.1910,-0.1085,0.3024,0.0150,1,0.11,0.006,0.020,0.006,,-1.0408,-0.1506,1.8188,-0.1014,0.2934,-0.1230
0.772,688,tripod,0.0047,0.0277,0.1674,-0.1088,0.0165,0.0335,0.0000,0.0000,0.0000,-0.0000,0.0001,0.0000,0.000,0.000,-0.0979,0.0149,-0.1088,0.0165,0.0335,0.1360,0,0.1128,-0.2901,0.1149,1,0.59,0.087,0.070,0.005,,-1.0544,-0.3727,1.8377,0.0983,-0.3138,-0.0854,0.0914,0.3096,0.0147,1,2.55,0.065,0.222,0.196,,1.0533,-0.1686,1.8323,0.0987,0.2936,-0.1200,0.0116,-0.3556,0.0147,1,1.92,0.035,0.174,0.101,,-0.0135,0.2595,1.1748,-0.0034,-0.3645,-0.1935,-0.0098,0.3466,0.0145,1,4.12,0.013,0.263,0.445,,0.0057,-0.1838,1.8428,-0.0012,0.3338,-0.1174,-0.0896,-0.3185,0.0145,1,3.36,0.142,0.348,0.167,,1.0341,0.2435,1.1988,-0.1033,-0.3240,-0.1910,-0.1085,0.3024,0.0150,1,0.11,0.006,0.020,0.006,,-1.0408,-0.1506,1.8188,-0.1014,0.2934,-0.1230
0.777,692,tripod,0.0047,0.0277,0.1674,-0.1088,0.0165,0.0335,0.0000,0.0000,0.0000,-0.0000,0.0001,0.0000,0.000,0.000,-0.0979,0.0149,-0.1088,0.0165,0.0335,0.1360,0,0.1128,-0.2901,0.1149,1,0.59,0.088,0.071,0.005,,-1.0544,-0.3727,1.8377,0.0983,-0.3138,-0.0854,0.0914,0.3096,0.0147,1,2.55,0.065,0.222,0.196,,1.0533,-0.1686,1.8323,0.0987,0.2936,-0.1200,0.0116,-0.3556,0.0147,1,1.92,0.036,0.174,0.101,,-0.0135,0.2595,1.1748,-0.0034,-0.3645,-0.1935,-0.0098,0.3466,0.0145,1,4.12,0.014,0.263,0.445,,0.0057,-0.1838,1.8428,-0.0012,0.3338,-0.1174,-0.0896,-0.3185,0.0145,1,3.36,0.142,0.347,0.167,,1.0341,0.2435,1.1988,-0.1033,-0.3240,-0.1910,-0.1085,0.3024,0.0150,1,0.11,0.006,0.021,0.006,,-1.0408,-0.1506,1.8188,-0.1014,0.2934,-0.1230
0.782,696,tripod,0.0047,0.0277,0.1674,-0.1088,0.0165,0.0335,0.0000,0.0000,0.0000,-0.0000,0.0001,0.0000,0.000,0.000,-0.0979,0.0149,-0.1088,0.0165,0.0335,0.1360,0,0.1128,-0.2901,0.1149,1,0.59,0.090,0.071,0.005,,-1.0544,-0.3727,1.8377,0.0983,-0.3138,-0.0854,0.0914,0.3096,0.0147,1,2.56,0.065,0.222,0.196,,1.0533,-0.1686,1.8323,0.0987,0.2936,-0.1200,0.0116,-0.3556,0.0147,1,1.92,0.036,0.174,0.101,,-0.0135,0.2595,1.1747,-0.0034,-0.3645,-0.1935,-0.0098,0.3466,0.0145,1,4.12,0.014,0.263,0.446,,0.0057,-0.1838,1.8428,-0.0012,0.3338,-0.1174,-0.0896,-0.3185,0.0145,1,3.35,0.143,0.347,0.167,,1.0341,0.2435,1.1988,-0.1033,-0.3240,-0.1910,-0.1085,0.3024,0.0150,1,0.11,0.006,0.021,0.007,,-1.0408,-0.1506,1.8188,-0.1014,0.2934,-0.1230
0.788,700,tripod,0.0047,0.0277,0.1674,-0.1088,0.0165,0.0335,0.0000,0.0000,0.0000,-0.0000,0.0001,0.0000,0.000,0.000,-0.0979,0.0149,-0.1088,0.0165,0.0335,0.1361,0,0.1128,-0.2901,0.1149,1,0.60,0.091,0.072,0.006,,-1.0544,-0.3727,1.8377,0.0983,-0.3138,-0.0854,0.0914,0.3096,0.0147,1,2.56,0.066,0.222,0.197,,1.0534,-0.1686,1.8323,0.0987,0.2936,-0.1200,0.0116,-0.3556,0.0147,1,1.91,0.037,0.174,0.101,,-0.0135,0.2595,1.1747,-0.0034,-0.3645,-0.1935,-0.0098,0.3466,0.0145,1,4.12,0.014,0.263,0.446,,0.0057,-0.1838,1.8428,-0.0012,0.3338,-0.1174,-0.0896,-0.3185,0.0145,1,3.35,0.143,0.346,0.167,,1.0341,0.2435,1.1988,-0.1033,-0.3240,-0.1910,-0.1085,0.3024,0.0150,1,0.11,0.007,0.022,0.007,,-1.0408,-0.1506,1.8188,-0.1014,0.2934,-0.1230
0.793,704,tripod,0.0047,0.0277,0.1674,-0.1088,0.0165,0.0335,0.0000,0.0000,0.0000,-0.0000,0.0001,-0.0000,0.000,0.000,-0.0979,0.0149,-0.1088,0.0165,0.0335,0.1361,0,0.1128,-0.2901,0.1149,1,0.60,0.092,0.073,0.006,,-1.0544,-0.3727,1.8377,0.0983,-0.3138,-0.0854,0.0914,0.3096,0.0147,1,2.56,0.066,0.222,0.197,,1.0534,-0.1685,1.8323,0.0987,0.2936,-0.1200,0.0116,-0.3556,0.0147,1,1.91,0.037,0.174,0.101,,-0.0136,0.2595,1.1747,-0.0034,-0.3645,-0.1935,-0.0098,0.3466,0.0145,1,4.12,0.014,0.263,0.446,,0.0057,-0.1838,1.8428,-0.0012,0.3338,-0.1174,-0.0896,-0.3185,0.0145,1,3.35,0.143,0.346,0.166,,1.0341,0.2435,1.1988,-0.1033,-0.3240,-0.1910,-0.1085,0.3024,0.0150,1,0.11,0.007,0.022,0.007,,-1.0408,-0.1506,1.8188,-0.1014,0.2934,-0.1230
0.798,708,tripod,0.0047,0.0277,0.1674,-0.1088,0.0165,0.0335,0.0000,0.0000,0.0000,-0.0000,0.0001,-0.0000,0.000,0.000,-0.0979,0.0149,-0.1088,0.0165,0.0335,0.1361,0,0.1128,-0.2901,0.1149,1,0.60,0.094,0.073,0.006,,-1.0544,-0.3727,1.8377,0.0983,-0.3138,-0.0854,0.0914,0.3096,0.0147,1,2.56,0.066,0.222,0.197,,1.0534,-0.1685,1.8323,0.0987,0.2936,-0.1200,0.0116,-0.3556,0.0147,1,1.91,0.037,0.174,0.100,,-0.0136,0.2595,1.1747,-0.0034,-0.3645,-0.1935,-0.0098,0.3466,0.0145,1,4.12,0.014,0.262,0.446,,0.0057,-0.1838,1.8428,-0.0012,0.3338,-0.1174,-0.0896,-0.3185,0.0145,1,3.34,0.144,0.346,0.166,,1.0341,0.2435,1.1987,-0.1033,-0.3240,-0.1910,-0.1085,0.3024,0.0150,1,0.11,0.007,0.022,0.007,,-1.0408,-0.1506,1.8188,-0.1014,0.2934,-0.1230
0.802,712,tripod,0.0047,0.0277,0.1674,-0.1088,0.0165,0.0335,0.0000,0.0000,0.0000,-0.0000,0.0001,-0.0000,0.000,0.000,-0.0979,0.0149,-0.1088,0.0165,0.0335,0.1361,0,0.1128,-0.2901,0.1149,1,0.61,0.095,0.074,0.006,,-1.0544,-0.3726,1.8376,0.0983,-0.3138,-0.0854,0.0914,0.3096,0.0147,1,2.56,0.067,0.222,0.197,,1.0534,-0.1685,1.8323,0.0987,0.2936,-0.1200,0.0116,-0.3556,0.0147,1,1.91,0.038,0.174,0.100,,-0.0136,0.2595,1.1747,-0.0034,-0.3645,-0.1935,-0.0098,0.3466,0.0145,1,4.12,0.015,0.262,0.446,,0.0057,-0.1837,1.8428,-0.0012,0.3338,-0.1174,-0.0896,-0.3185,0.0145,1,3.34,0.144,0.345,0.166,,1.0341,0.2435,1.1987,-0.1033,-0.3240,-0.1910,-0.1085,0.3024,0.0150,1,0.11,0.007,0.022,0.007,,-1.0408,-0.1506,1.8188,-0.1014,0.2934,-0.1230
0.807,716,tripod,0.0047,0.0277,0.1674,-0.1088,0.0165,0.0335,0.0000,0.0000,0.0000,-0.0000,0.0001,0.0000,0.000,0.000,-0.0979,0.0149,-0.1088,0.0165,0.0335,0.1361,0,0.1128,-0.2901,0.1149,1,0.61,0.096,0.074,0.007,,-1.0544,-0.3726,1.8376,0.0983,-0.3138,-0.0854,0.0914,0.3096,0.0147,1,2.56,0.067,0.222,0.197,,1.0534,-0.1685,1.8323,0.0987,0.2936,-0.1200,0.0116,-0.3556,0.0147,1,1.91,0.038,0.174,0.100,,-0.0136,0.2595,1.1747,-0.0034,-0.3645,-0.1935,-0.0098,0.3466,0.0145,1,4.12,0.015,0.262,0.447,,0.0057,-0.1837,1.8428,-0.0012,0.3338,-0.1174,-0.0896,-0.3185,0.0145,1,3.34,0.144,0.345,0.166,,1.0341,0.2435,1.1987,-0.1033,-0.3240,-0.1910,-0.1085,0.3024,0.0150,1,0.11,0.007,0.023,0.008,,-1.0408,-0.1506,1.8188,-0.1014,0.2934,-0.1230
0.811,720,tripod,0.0047,0.0277,0.1674,-0.1088,0.0165,0.0335,0.0000,0.0000,0.0000,-0.0000,0.0001,0.0000,0.000,0.000,-0.0979,0.0149,-0.1088,0.0165,0.0335,0.1361,0,0.1128,-0.2901,0.1149,1,0.61,0.094,0.075,0.007,,-1.0544,-0.3726,1.8376,0.0983,-0.3138,-0.0854,0.0914,0.3096,0.0147,1,2.57,0.067,0.222,0.197,,1.0534,-0.1685,1.8323,0.0987,0.2936,-0.1200,0.0116,-0.3556,0.0147,1,1.91,0.037,0.174,0.100,,-0.0136,0.2595,1.1747,-0.0034,-0.3645,-0.1935,-0.0098,0.3466,0.0145,1,4.12,0.015,0.262,0.447,,0.0057,-0.1837,1.8428,-0.0012,0.3338,-0.1174,-0.0896,-0.3185,0.0145,1,3.34,0.143,0.345,0.166,,1.0341,0.2435,1.1987,-0.1033,-0.3240,-0.1910,-0.1085,0.3024,0.0150,1,0.11,0.008,0.023,0.008,,-1.0408,-0.1506,1.8188,-0.1014,0.2934,-0.1230
0.815,724,tripod,0.0047,0.0277,0.1674,-0.1088,0.0165,0.0335,0.0000,0.0000,0.0000,-0.0000,0.0001,0.0000,0.000,0.000,-0.0979,0.0149,-0.1088,0.0165,0.0335,0.1361,0,0.1128,-0.2901,0.1149,1,0.61,0.095,0.075,0.007,,-1.0544,-0.3726,1.8376,0.0983,-0.3138,-0.0854,0.0914,0.3096,0.0147,1,2.57,0.067,0.223,0.198,,1.0534,-0.1685,1.8323,0.0987,0.2936,-0.1200,0.0116,-0.3556,0.0147,1,1.91,0.038,0.173,0.100,,-0.0136,0.2595,1.1747,-0.0034,-0.3645,-0.1935,-0.0098,0.3466,0.0145,1,4.13,0.015,0.262,0.447,,0.0057,-0.1837,1.8428,-0.0013,0.3338,-0.1174,-0.0896,-0.3185,0.0145,1,3.33,0.144,0.345,0.165,,1.0341,0.2435,1.1987,-0.1033,-0.3240,-0.1910,-0.1085,0.3024,0.0150,1,0.11,0.008,0.023,0.008,,-1.0408,-0.1506,1.8188,-0.1014,0.2934,-0.1230
0.819,728,tripod,0.0047,0.0277,0.1674,-0.1088,0.0165,0.0335,0.0000,0.0000,0.0000,-0.0000,0.0001,0.0000,0.000,0.000,-0.0979,0.0149,-0.1088,0.0165,0.0335,0.1361,0,0.1128,-0.2901,0.1149,1,0.61,0.096,0.076,0.007,,-1.0544,-0.3726,1.8376,0.0983,-0.3138,-0.0854,0.0914,0.3096,0.0147,1,2.57,0.067,0.223,0.198,,1.0534,-0.1685,1.8323,0.0987,0.2936,-0.1200,0.0116,-0.3556,0.0147,1,1.91,0.038,0.173,0.100,,-0.0136,0.2595,1.1747,-0.0034,-0.3645,-0.1935,-0.0098,0.3466,0.0145,1,4.13,0.015,0.262,0.447,,0.0057,-0.1837,1.8428,-0.0013,0.3338,-0.1174,-0.0896,-0.3185,0.0145,1,3.33,0.144,0.344,0.165,,1.0341,0.2435,1.1987,-0.1033,-0.3240,-0.1910,-0.1085,0.3024,0.0150,1,0.10,0.008,0.024,0.008,,-1.0408,-0.1506,1.8188,-0.1014,0.2934,-0.1230
0.827,732,tripod,0.0047,0.0277,0.1674,-0.1088,0.0165,0.0335,0.0000,0.0000,0.0000,-0.0000,0.0001,0.0000,0.000,0.000,-0.0979,0.0149,-0.1088,0.0165,0.0335,0.1361,0,0.1128,-0.2901,0.1149,1,0.62,0.097,0.076,0.007,,-1.0544,-0.3726,1.8376,0.0983,-0.3138,-0.0855,0.0914,0.3096,0.0147,1,2.57,0.067,0.223,0.198,,1.0534,-0.1685,1.8323,0.0987,0.2936,-0.1200,0.0116,-0.3556,0.0147,1,1.91,0.038,0.173,0.100,,-0.0136,0.2595,1.1747,-0.0034,-0.3645,-0.1935,-0.0098,0.3466,0.0145,1,4.13,0.015,0.262,0.447,,0.0057,-0.1837,1.8428,-0.0013,0.3338,-0.1174,-0.0896,-0.3185,0.0145,1,3.33,0.145,0.344,0.165,,1.0340,0.2435,1.1987,-0.1033,-0.3240,-0.1910,-0.1085,0.3024,0.0150,1,0.10,0.008,0.024,0.008,,-1.0408,-0.1506,1.8188,-0.1014,0.2934,-0.1230
0.831,736,tripod,0.0047,0.0277,0.1674,-0.1088,0.0165,0.0335,0.0000,0.0000,0.0000,-0.0000,0.0001,0.0000,0.000,0.000,-0.0979,0.0149,-0.1088,0.0165,0.0335,0.1361,0,0.1128,-0.2901,0.1149,1,0.62,0.097,0.076,0.007,,-1.0544,-0.3726,1.8376,0.0983,-0.3138,-0.0855,0.0914,0.3096,0.0147,1,2.57,0.067,0.223,0.198,,1.0534,-0.1685,1.8323,0.0987,0.2936,-0.1200,0.0116,-0.3556,0.0147,1,1.91,0.039,0.173,0.100,,-0.0136,0.2595,1.1747,-0.0034,-0.3645,-0.1935,-0.0098,0.3466,0.0145,1,4.13,0.015,0.262,0.447,,0.0057,-0.1837,1.8428,-0.0013,0.3338,-0.1174,-0.0896,-0.3185,0.0145,1,3.33,0.145,0.344,0.165,,1.0340,0.2435,1.1987,-0.1033,-0.3240,-0.1910,-0.1085,0.3024,0.0150,1,0.10,0.008,0.024,0.008,,-1.0408,-0.1506,1.8188,-0.1014,0.2934,-0.1230
0.835,740,tripod,0.0047,0.0277,0.1674,-0.1088,0.0165,0.0335,0.0001,0.0000,-0.0000,0.0000,0.0001,-0.0002,0.000,0.000,-0.0979,0.0149,-0.1088,0.0165,0.0335,0.1361,0,0.1128,-0.2901,0.1149,1,0.62,0.088,0.077,0.007,,-1.0544,-0.3726,1.8376,0.0983,-0.3138,-0.0855,0.0914,0.3096,0.0147,1,2.57,0.068,0.224,0.197,,1.0534,-0.1685,1.8323,0.0987,0.2936,-0.1200,0.0116,-0.3556,0.0147,1,1.91,0.031,0.174,0.101,,-0.0136,0.2595,1.1747,-0.0034,-0.3645,-0.1935,-0.0098,0.3466,0.0145,1,4.12,0.015,0.262,0.446,,0.0057,-0.1837,1.8428,-0.0013,0.3338,-0.1174,-0.0896,-0.3185,0.0145,1,3.33,0.137,0.344,0.166,,1.0340,0.2435,1.1987,-0.1033,-0.3240,-0.1910,-0.1085,0.3024,0.0150,1,0.09,0.012,0.021,0.003,,-1.0408,-0.1506,1.8188,-0.1014,0.2934,-0.1230
0.840,744,tripod,0.0047,0.0277,0.1674,-0.1088,0.0165,0.0335,0.0000,0.0000,-0.0000,-0.0000,0.0001,0.0000,0.000,0.000,-0.0979,0.0149,-0.1088,0.0165,0.0335,0.1361,0,0.1128,-0.2901,0.1149,1,0.62,0.088,0.078,0.010,,-1.0544,-0.3726,1.8376,0.0983,-0.3138,-0.0855,0.0914,0.3096,0.0147,1,2.58,0.072,0.223,0.200,,1.0534,-0.1685,1.8323,0.0987,0.2936,-0.1200,0.0116,-0.3556,0.0147,1,1.90,0.032,0.175,0.099,,-0.0136,0.2595,1.1747,-0.0034,-0.3645,-0.1935,-0.0098,0.3466,0.0145,1,4.13,0.019,0.261,0.449,,0.0057,-0.1837,1.8428,-0.0013,0.3338,-0.1174,-0.0896,-0.3185,0.0145,1,3.33,0.138,0.345,0.164,,1.0340,0.2435,1.1987,-0.1033,-0.3240,-0.1910,-0.1085,0.3024,0.0150,1,0.10,0.007,0.021,0.003,,-1.0408,-0.1506,1.8188,-0.1014,0.2934,-0.1230
0.845,748,tripod,0.0047,0.0277,0.1674,-0.1088,0.0165,0.0335,0.0000,0.0000,-0.0000,-0.0000,0.0001,0.0000,0.000,0.000,-0.0979,0.0149,-0.1088,0.0165,0.0335,0.1361,0,0.1128,-0.2901,0.1149,1,0.62,0.089,0.078,0.009,,-1.0544,-0.3726,1.8376,0.0983,-0.3138,-0.0855,0.0914,0.3096,0.0147,1,2.58,0.073,0.223,0.199,,1.0534,-0.1685,1.8323,0.0987,0.2936,-0.1200,0.0116,-0.3556,0.0147,1,1.91,0.033,0.174,0.099,,-0.0136,0.2595,1.1747,-0.0034,-0.3645,-0.1935,-0.0098,0.3466,0.0145,1,4.13,0.021,0.261,0.448,,0.0057,-0.1837,1.8428,-0.0013,0.3338,-0.1174,-0.0896,-0.3185,0.0145,1,3.33,0.140,0.344,0.164,,1.0340,0.2435,1.1987,-0.1033,-0.3240,-0.1910,-0.1085,0.3024,0.0150,1,0.10,0.001,0.021,0.003,,-1.0408,-0.1506,1.8188,-0.1014,0.2934,-0.1230
0.849,752,tripod,0.0047,0.0277,0.1674,-0.1088,0.0165,0.0335,0.0000,0.0000,-0.0000,-0.0000,0.0001,0.0000,0.000,0.000,-0.0979,0.0149,-0.1088,0.0165,0.0335,0.1361,0,0.1128,-0.2901,0.1149,1,0.62,0.090,0.078,0.009,,-1.0544,-0.3726,1.8376,0.0983,-0.3138,-0.0855,0.0914,0.3096,0.0147,1,2.58,0.074,0.223,0.199,,1.0534,-0.1685,1.8323,0.0987,0.2936,-0.1200,0.0116,-0.3556,0.0147,1,1.91,0.033,0.174,0.099,,-0.0136,0.2595,1.1747,-0.0034,-0.3645,-0.1935,-0.0098,0.3466,0.0145,1,4.13,0.021,0.261,0.448,,0.0057,-0.1837,1.8428,-0.0013,0.3338,-0.1174,-0.0896,-0.3185,0.0145,1,3.32,0.140,0.344,0.164,,1.0340,0.2435,1.1987,-0.1033,-0.3240,-0.1910,-0.1085,0.3024,0.0150,1,0.09,0.001,0.021,0.003,,-1.0408,-0.1506,1.8188,-0.1014,0.2934,-0.1230
0.853,756,tripod,0.0047,0.0277,0.1674,-0.1088,0.0165,0.0335,0.0000,0.0000,-0.0000,-0.0000,0.0001,0.0000,0.000,0.000,-0.0979,0.0149,-0.1088,0.0165,0.0335,0.1361,0,0.1128,-0.2901,0.1149,1,0.63,0.091,0.079,0.009,,-1.0544,-0.3726,1.8376,0.0983,-0.3138,-0.0854,0.0914,0.3096,0.0147,1,2.58,0.074,0.223,0.199,,1.0534,-0.1685,1.8323,0.0987,0.2936,-0.1200,0.0116,-0.3556,0.0147,1,1.90,0.034,0.174,0.099,,-0.0136,0.2595,1.1747,-0.0034,-0.3645,-0.1935,-0.0098,0.3466,0.0145,1,4.13,0.022,0.261,0.448,,0.0057,-0.1837,1.8428,-0.0013,0.3338,-0.1174,-0.0896,-0.3185,0.0145,1,3.32,0.140,0.344,0.164,,1.0340,0.2435,1.1987,-0.1033,-0.3240,-0.1910,-0.1085,0.3024,0.0150,1,0.09,0.001,0.021,0.004,,-1.0408,-0.1506,1.8188,-0.1014,0.2934,-0.1230
0.858,760,tripod,0.0047,0.0277,0.1674,-0.1088,0.0165,0.0335,0.0000,0.0000,-0.0000,-0.0000,0.0000,0.0000,0.000,0.000,-0.0979,0.0149,-0.1088,0.0165,0.0335,0.1361,0,0.1128,-0.2901,0.1149,1,0.63,0.091,0.079,0.009,,-1.0544,-0.3726,1.8376,0.0983,-0.3138,-0.0854,0.0914,0.3096,0.0147,1,2.58,0.074,0.223,0.199,,1.0534,-0.1685,1.8323,0.0987,0.2936,-0.1200,0.0116,-0.3556,0.0147,1,1.90,0.034,0.174,0.099,,-0.0136,0.2595,1.1747,-0.0034,-0.3645,-0.1935,-0.0098,0.3466,0.0145,1,4.13,0.022,0.261,0.448,,0.0057,-0.1837,1.8428,-0.0013,0.3338,-0.1174,-0.0896,-0.3185,0.0145,1,3.32,0.140,0.344,0.164,,1.0340,0.2435,1.1987,-0.1033,-0.3240,-0.1910,-0.1085,0.3024,0.0150,1,0.09,0.001,0.021,0.004,,-1.0408,-0.1506,1.8188,-0.1014,0.2934,-0.1230
0.865,764,tripod,0.0047,0.0277,0.1674,-0.1088,0.0165,0.0335,0.0000,0.0000,-0.0000,-0.0000,0.0000,0.0000,0.000,0.000,-0.0979,0.0149,-0.1088,0.0165,0.0335,0.1361,0,0.1128,-0.2901,0.1149,1,0.63,0.092,0.079,0.010,,-1.0544,-0.3726,1.8376,0.0983,-0.3138,-0.0854,0.0914,0.3096,0.0147,1,2.58,0.074,0.223,0.199,,1.0534,-0.1685,1.8323,0.0987,0.2936,-0.1200,0.0116,-0.3556,0.0147,1,1.90,0.034,0.174,0.099,,-0.0136,0.2595,1.1747,-0.0034,-0.3645,-0.1935,-0.0098,0.3466,0.0145,1,4.13,0.022,0.261,0.448,,0.0057,-0.1837,1.8428,-0.0013,0.3338,-0.1174,-0.0896,-0.3185,0.0145,1,3.32,0.140,0.344,0.164,,1.0340,0.2435,1.1987,-0.1033,-0.3240,-0.1910,-0.1085,0.3024,0.0150,1,0.09,0.001,0.022,0.004,,-1.0408,-0.1506,1.8188,-0.1014,0.2934,-0.1230
0.869,768,tripod,0.0047,0.0277,0.1674,-0.1088,0.0165,0.0335,0.0000,0.0000,-0.0000,-0.0000,0.0000,0.0000,0.000,0.000,-0.0979,0.0149,-0.1088,0.0165,0.0335,0.1361,0,0.1128,-0.2901,0.1149,1,0.63,0.093,0.079,0.010,,-1.0544,-0.3726,1.8376,0.0983,-0.3138,-0.0854,0.0914,0.3096,0.0147,1,2.58,0.074,0.223,0.199,,1.0534,-0.1685,1.8323,0.0987,0.2936,-0.1200,0.0116,-0.3556,0.0147,1,1.90,0.034,0.174,0.099,,-0.0136,0.2595,1.1747,-0.0034,-0.3645,-0.1935,-0.0098,0.3466,0.0145,1,4.13,0.022,0.261,0.449,,0.0057,-0.1837,1.8428,-0.0013,0.3338,-0.1174,-0.0896,-0.3185,0.0145,1,3.32,0.140,0.344,0.164,,1.0340,0.2435,1.1987,-0.1033,-0.3240,-0.1910,-0.1085,0.3024,0.0150,1,0.09,0.001,0.022,0.004,,-1.0408,-0.1506,1.8188,-0.1014,0.2934,-0.1230
0.873,772,tripod,0.0047,0.0278,0.1674,-0.1088,0.0165,0.0335,0.0000,0.0000,-0.0000,-0.0000,0.0000,0.0000,0.000,0.000,-0.0979,0.0149,-0.1088,0.0165,0.0335,0.1361,0,0.1128,-0.2901,0.1149,1,0.63,0.093,0.080,0.010,,-1.0544,-0.3726,1.8376,0.0983,-0.3138,-0.0854,0.0914,0.3096,0.0147,1,2.58,0.075,0.223,0.200,,1.0534,-0.1685,1.8323,0.0987,0.2936,-0.1200,0.0116,-0.3556,0.0147,1,1.90,0.034,0.174,0.098,,-0.0136,0.2595,1.1747,-0.0034,-0.3645,-0.1935,-0.0098,0.3466,0.0145,1,4.13,0.022,0.261,0.449,,0.0057,-0.1837,1.8428,-0.0013,0.3338,-0.1174,-0.0896,-0.3185,0.0145,1,3.32,0.140,0.344,0.164,,1.0340,0.2435,1.1987,-0.1033,-0.3240,-0.1910,-0.1085,0.3024,0.0150,1,0.09,0.002,0.022,0.004,,-1.0408,-0.1506,1.8188,-0.1014,0.2934,-0.1230
0.878,776,tripod,0.0047,0.0278,0.1674,-0.1088,0.0165,0.0335,0.0000,0.0000,-0.0000,-0.0000,0.0000,0.0000,0.000,0.000,-0.0979,0.0149,-0.1088,0.0165,0.0335,0.1361,0,0.1128,-0.2901,0.1149,1,0.63,0.094,0.080,0.010,,-1.0544,-0.3726,1.8376,0.0983,-0.3138,-0.0854,0.0914,0.3096,0.0147,1,2.58,0.075,0.223,0.200,,1.0534,-0.1685,1.8323,0.0987,0.2936,-0.1200,0.0116,-0.3556,0.0147,1,1.90,0.034,0.174,0.098,,-0.0136,0.2595,1.1747,-0.0034,-0.3645,-0.1935,-0.0098,0.3466,0.0145,1,4.13,0.022,0.261,0.449,,0.0057,-0.1837,1.8428,-0.0013,0.3338,-0.1174,-0.0896,-0.3185,0.0145,1,3.32,0.140,0.344,0.163,,1.0340,0.2435,1.1987,-0.1033,-0.3240,-0.1910,-0.1085,0.3024,0.0150,1,0.09,0.002,0.022,0.004,,-1.0408,-0.1506,1.8188,-0.1014,0.2934,-0.1230
0.883,780,tripod,0.0047,0.0278,0.1674,-0.1088,0.0165,0.0335,0.0000,0.0000,-0.0000,-0.0000,0.0000,0.0000,0.000,0.000,-0.0979,0.0149,-0.1088,0.0165,0.0335,0.1361,0,0.1128,-0.2901,0.1149,1,0.63,0.094,0.080,0.010,,-1.0544,-0.3726,1.8376,0.0983,-0.3138,-0.0854,0.0914,0.3096,0.0147,1,2.58,0.075,0.223,0.200,,1.0534,-0.1685,1.8323,0.0987,0.2936,-0.1200,0.0116,-0.3556,0.0147,1,1.90,0.034,0.174,0.098,,-0.0136,0.2595,1.1747,-0.0034,-0.3645,-0.1935,-0.0098,0.3466,0.0145,1,4.13,0.022,0.261,0.449,,0.0057,-0.1837,1.8428,-0.0013,0.3338,-0.1174,-0.0896,-0.3185,0.0145,1,3.32,0.140,0.344,0.163,,1.0340,0.2435,1.1987,-0.1033,-0.3240,-0.1910,-0.1085,0.3024,0.0150,1,0.09,0.002,0.022,0.004,,-1.0408,-0.1506,1.8188,-0.1014,0.2934,-0.1230
0.887,784,tripod,0.0047,0.0278,0.1674,-0.1088,0.0165,0.0335,0.0000,0.0000,-0.0000,-0.0000,0.0000,0.0000,0.000,0.000,-0.0979,0.0149,-0.1088,0.0165,0.0335,0.1361,0,0.1128,-0.2901,0.1149,1,0.63,0.095,0.080,0.010,,-1.0544,-0.3726,1.8376,0.0983,-0.3138,-0.0854,0.0914,0.3096,0.0147,1,2.59,0.075,0.223,0.200,,1.0534,-0.1685,1.8323,0.0987,0.2936,-0.1200,0.0116,-0.3556,0.0147,1,1.90,0.034,0.174,0.098,,-0.0136,0.2595,1.1747,-0.0034,-0.3645,-0.1935,-0.0098,0.3466,0.0145,1,4.13,0.022,0.261,0.449,,0.0057,-0.1837,1.8428,-0.0013,0.3338,-0.1174,-0.0896,-0.3185,0.0145,1,3.31,0.140,0.343,0.163,,1.0340,0.2435,1.1987,-0.1033,-0.3240,-0.1910,-0.1085,0.3024,0.0150,1,0.09,0.002,0.022,0.004,,-1.0408,-0.1506,1.8188,-0.1014,0.2934,-0.1230
0.891,788,tripod,0.0047,0.0278,0.1674,-0.1088,0.0165,0.0335,0.0000,0.0000,-0.0000,-0.0000,0.0000,0.0000,0.000,0.000,-0.0979,0.0149,-0.1088,0.0165,0.0335,0.1361,0,0.1128,-0.2901,0.1149,1,0.63,0.095,0.080,0.010,,-1.0544,-0.3726,1.8376,0.0983,-0.3138,-0.0854,0.0914,0.3096,0.0147,1,2.59,0.075,0.223,0.200,,1.0534,-0.1685,1.8323,0.0987,0.2936,-0.1200,0.0116,-0.3556,0.0147,1,1.90,0.034,0.174,0.098,,-0.0136,0.2595,1.1747,-0.0034,-0.3645,-0.1935,-0.0098,0.3466,0.0145,1,4.13,0.023,0.261,0.449,,0.0057,-0.1837,1.8428,-0.0013,0.3338,-0.1174,-0.0896,-0.3185,0.0145,1,3.31,0.140,0.343,0.163,,1.0340,0.2435,1.1987,-0.1033,-0.3240,-0.1910,-0.1085,0.3024,0.0150,1,0.09,0.002,0.022,0.004,,-1.0408,-0.1506,1.8188,-0.1014,0.2934,-0.1230
0.895,792,tripod,0.0047,0.0278,0.1674,-0.1088,0.0165,0.0335,0.0000,0.0000,-0.0000,-0.0000,0.0000,0.0000,0.000,0.000,-0.0979,0.0149,-0.1088,0.0165,0.0335,0.1361,0,0.1128,-0.2901,0.1149,1,0.63,0.095,0.080,0.010,,-1.0544,-0.3726,1.8376,0.0983,-0.3138,-0.0854,0.0914,0.3096,0.0147,1,2.59,0.075,0.223,0.200,,1.0534,-0.1685,1.8323,0.0987,0.2936,-0.1200,0.0116,-0.3556,0.0147,1,1.90,0.034,0.174,0.098,,-0.0136,0.2595,1.1747,-0.0034,-0.3645,-0.1935,-0.0098,0.3466,0.0145,1,4.13,0.023,0.261,0.449,,0.0057,-0.1837,1.8428,-0.0013,0.3338,-0.1174,-0.0896,-0.3185,0.0145,1,3.31,0.140,0.343,0.163,,1.0340,0.2435,1.1987,-0.1033,-0.3240,-0.1910,-0.1085,0.3024,0.0150,1,0.09,0.002,0.022,0.004,,-1.0408,-0.1506,1.8188,-0.1014,0.2934,-0.1230
0.902,796,tripod,0.0047,0.0278,0.1674,-0.1088,0.0165,0.0335,0.0000,0.0000,-0.0000,-0.0000,0.0000,0.0000,0.000,0.000,-0.0979,0.0149,-0.1088,0.0165,0.0335,0.1361,0,0.1128,-0.2901,0.1149,1,0.63,0.096,0.080,0.010,,-1.0544,-0.3726,1.8376,0.0983,-0.3138,-0.0854,0.0914,0.3096,0.0147,1,2.59,0.075,0.223,0.200,,1.0534,-0.1685,1.8323,0.0987,0.2936,-0.1200,0.0116,-0.3556,0.0147,1,1.90,0.034,0.174,0.098,,-0.0136,0.2595,1.1747,-0.0034,-0.3645,-0.1935,-0.0098,0.3466,0.0145,1,4.13,0.023,0.261,0.449,,0.0057,-0.1837,1.8428,-0.0013,0.3338,-0.1174,-0.0896,-0.3185,0.0145,1,3.31,0.141,0.343,0.163,,1.0340,0.2435,1.1987,-0.1033,-0.3240,-0.1910,-0.1085,0.3024,0.0150,1,0.09,0.003,0.023,0.004,,-1.0408,-0.1506,1.8188,-0.1014,0.2934,-0.1230
0.907,800,tripod,0.0047,0.0278,0.1674,-0.1088,0.0165,0.0335,0.0000,0.0000,-0.0000,-0.0000,0.0000,0.0000,0.000,0.000,-0.0979,0.0149,-0.1088,0.0165,0.0335,0.1361,0,0.1128,-0.2901,0.1149,1,0.63,0.096,0.081,0.010,,-1.0544,-0.3726,1.8376,0.0983,-0.3138,-0.0854,0.0914,0.3096,0.0147,1,2.59,0.075,0.223,0.200,,1.0534,-0.1685,1.8323,0.0987,0.2936,-0.1200,0.0116,-0.3556,0.0147,1,1.90,0.035,0.174,0.098,,-0.0136,0.2595,1.1747,-0.0034,-0.3645,-0.1935,-0.0098,0.3466,0.0145,1,4.13,0.023,0.261,0.449,,0.0057,-0.1837,1.8428,-0.0013,0.3338,-0.1174,-0.0896,-0.3185,0.0145,1,3.31,0.141,0.343,0.163,,1.0340,0.2435,1.1987,-0.1033,-0.3240,-0.1910,-0.1085,0.3024,0.0150,1,0.09,0.003,0.023,0.005,,-1.0408,-0.1506,1.8188,-0.1014,0.2934,-0.1230
0.911,804,tripod,0.0047,0.0278,0.1674,-0.1088,0.0165,0.0335,0.0000,0.0000,-0.0000,-0.0000,0.0000,0.0000,0.000,0.000,-0.0979,0.0149,-0.1088,0.0165,0.0335,0.1361,0,0.1128,-0.2901,0.1149,1,0.64,0.097,0.081,0.010,,-1.0544,-0.3726,1.8376,0.0983,-0.3138,-0.0854,0.0914,0.3096,0.0147,1,2.59,0.075,0.223,0.200,,1.0534,-0.1685,1.8323,0.0987,0.2936,-0.1200,0.0116,-0.3556,0.0147,1,1.90,0.035,0.174,0.098,,-0.0136,0.2595,1.1747,-0.0034,-0.3645,-0.1935,-0.0098,0.3466,0.0145,1,4.13,0.023,0.261,0.449,,0.0057,-0.1837,1.8428,-0.0013,0.3338,-0.1174,-0.0896,-0.3185,0.0145,1,3.31,0.141,0.343,0.163,,1.0340,0.2435,1.1987,-0.1033,-0.3240,-0.1910,-0.1085,0.3024,0.0150,1,0.09,0.003,0.023,0.005,,-1.0408,-0.1506,1.8188,-0.1014,0.2934,-0.1230
0.916,808,tripod,0.0047,0.0278,0.1674,-0.1088,0.0165,0.0335,0.0000,0.0000,-0.0000,-0.0000,0.0000,0.0000,0.000,0.000,-0.0979,0.0149,-0.1088,0.0165,0.0335,0.1361,0,0.1128,-0.2901,0.1149,1,0.64,0.097,0.081,0.010,,-1.0544,-0.3726,1.8376,0.0983,-0.3138,-0.0854,0.0914,0.3096,0.0147,1,2.59,0.075,0.223,0.200,,1.0534,-0.1685,1.8323,0.0987,0.2936,-0.1200,0.0116,-0.3556,0.0147,1,1.90,0.035,0.174,0.098,,-0.0136,0.2595,1.1747,-0.0034,-0.3645,-0.1935,-0.0098,0.3466,0.0145,1,4.13,0.023,0.261,0.449,,0.0057,-0.1837,1.8428,-0.0013,0.3338,-0.1174,-0.0896,-0.3185,0.0145,1,3.31,0.141,0.343,0.163,,1.0340,0.2435,1.1987,-0.1033,-0.3240,-0.1910,-0.1085,0.3024,0.0150,1,0.09,0.003,0.023,0.005,,-1.0408,-0.1506,1.8188,-0.1014,0.2934,-0.1230
0.920,812,tripod,0.0047,0.0278,0.1674,-0.1088,0.0165,0.0335,0.0000,0.0000,-0.0000,-0.0000,0.0000,0.0000,0.000,0.000,-0.0979,0.0149,-0.1088,0.0165,0.0335,0.1361,0,0.1128,-0.2901,0.1149,1,0.64,0.097,0.081,0.010,,-1.0544,-0.3726,1.8376,0.0983,-0.3138,-0.0854,0.0914,0.3096,0.0147,1,2.59,0.075,0.224,0.200,,1.0534,-0.1685,1.8323,0.0987,0.2936,-0.1200,0.0116,-0.3556,0.0147,1,1.90,0.035,0.174,0.098,,-0.0136,0.2595,1.1747,-0.0034,-0.3645,-0.1935,-0.0098,0.3466,0.0145,1,4.13,0.023,0.261,0.449,,0.0057,-0.1837,1.8428,-0.0013,0.3338,-0.1174,-0.0896,-0.3185,0.0145,1,3.31,0.141,0.343,0.163,,1.0340,0.2435,1.1987,-0.1033,-0.3240,-0.1910,-0.1085,0.3024,0.0150,1,0.09,0.003,0.023,0.005,,-1.0408,-0.1506,1.8188,-0.1014,0.2934,-0.1230
0.925,816,tripod,0.0047,0.0278,0.1674,-0.1088,0.0165,0.0335,0.0000,0.0000,-0.0000,-0.0000,0.0000,0.0000,0.000,0.000,-0.0979,0.0149,-0.1088,0.0165,0.0335,0.1361,0,0.1128,-0.2901,0.1149,1,0.64,0.097,0.081,0.010,,-1.0544,-0.3726,1.8376,0.0983,-0.3138,-0.0854,0.0914,0.3096,0.0147,1,2.59,0.075,0.224,0.200,,1.0534,-0.1685,1.8323,0.0987,0.2936,-0.1200,0.0116,-0.3556,0.0147,1,1.90,0.035,0.174,0.098,,-0.0136,0.2595,1.1747,-0.0034,-0.3645,-0.1935,-0.0098,0.3466,0.0145,1,4.13,0.023,0.261,0.449,,0.0057,-0.1837,1.8428,-0.0013,0.3338,-0.1174,-0.0896,-0.3185,0.0145,1,3.31,0.141,0.343,0.163,,1.0340,0.2435,1.1987,-0.1033,-0.3240,-0.1910,-0.1085,0.3024,0.0150,1,0.09,0.003,0.023,0.005,,-1.0408,-0.1506,1.8188,-0.1014,0.2934,-0.1230
0.929,820,tripod,0.0047,0.0278,0.1674,-0.1088,0.0165,0.0335,0.0000,0.0000,-0.0000,-0.0000,0.0000,0.0000,0.000,0.000,-0.0979,0.0149,-0.1088,0.0165,0.0335,0.1361,0,0.1128,-0.2901,0.1149,1,0.64,0.098,0.081,0.011,,-1.0544,-0.3726,1.8376,0.0983,-0.3138,-0.0854,0.0914,0.3096,0.0147,1,2.59,0.075,0.224,0.200,,1.0534,-0.1685,1.8323,0.0986,0.2936,-0.1200,0.0116,-0.3556,0.0147,1,1.90,0.035,0.174,0.098,,-0.0136,0.2595,1.1747,-0.0034,-0.3645,-0.1935,-0.0098,0.3466,0.0145,1,4.13,0.023,0.261,0.449,,0.0057,-0.1837,1.8428,-0.0013,0.3338,-0.1174,-0.0896,-0.3185,0.0145,1,3.31,0.142,0.343,0.163,,1.0340,0.2435,1.1987,-0.1033,-0.3240,-0.1910,-0.1085,0.3024,0.0150,1,0.09,0.003,0.023,0.005,,-1.0408,-0.1506,1.8188,-0.1014,0.2934,-0.1230
0.933,824,tripod,0.0047,0.0278,0.1674,-0.1088,0.0165,0.0335,0.0000,0.0000,-0.0000,-0.0000,0.0000,0.0000,0.000,0.000,-0.0979,0.0149,-0.1088,0.0165,0.0335,0.1361,0,0.1128,-0.2901,0.1149,1,0.64,0.098,0.081,0.011,,-1.0544,-0.3726,1.8376,0.0983,-0.3138,-0.0854,0.0914,0.3096,0.0147,1,2.59,0.075,0.224,0.200,,1.0534,-0.1685,1.8323,0.0986,0.2936,-0.1200,0.0116,-0.3556,0.0147,1,1.90,0.036,0.174,0.098,,-0.0136,0.2595,1.1747,-0.0034,-0.3645,-0.1935,-0.0098,0.3466,0.0145,1,4.13,0.023,0.261,0.449,,0.0057,-0.1837,1.8428,-0.0013,0.3338,-0.1174,-0.0896,-0.3185,0.0145,1,3.31,0.142,0.343,0.163,,1.0340,0.2435,1.1987,-0.1033,-0.3240,-0.1910,-0.1085,0.3024,0.0150,1,0.09,0.003,0.023,0.005,,-1.0408,-0.1506,1.8188,-0.1014,0.2934,-0.1230
0.940,828,tripod,0.0047,0.0278,0.1674,-0.1088,0.0165,0.0335,0.0000,0.0000,-0.0000,-0.0000,0.0000,0.0000,0.000,0.000,-0.0979,0.0149,-0.1088,0.0165,0.0335,0.1361,0,0.1128,-0.2901,0.1149,1,0.64,0.098,0.081,0.011,,-1.0544,-0.3726,1.8376,0.0983,-0.3138,-0.0854,0.0914,0.3096,0.0147,1,2.59,0.075,0.224,0.200,,1.0534,-0.1685,1.8323,0.0986,0.2936,-0.1200,0.0116,-0.3556,0.0147,1,1.90,0.036,0.174,0.098,,-0.0136,0.2595,1.1747,-0.0034,-0.3645,-0.1935,-0.0098,0.3466,0.0145,1,4.13,0.023,0.261,0.449,,0.0057,-0.1837,1.8428,-0.0013,0.3338,-0.1174,-0.0896,-0.3185,0.0145,1,3.31,0.142,0.343,0.163,,1.0340,0.2435,1.1987,-0.1033,-0.3240,-0.1910,-0.1085,0.3024,0.0150,1,0.09,0.003,0.024,0.005,,-1.0408,-0.1506,1.8188,-0.1014,0.2934,-0.1230
0.945,832,tripod,0.0047,0.0278,0.1674,-0.1088,0.0165,0.0335,0.0000,0.0000,-0.0000,-0.0000,0.0000,0.0000,0.000,0.000,-0.0979,0.0149,-0.1088,0.0165,0.0335,0.1361,0,0.1128,-0.2901,0.1149,1,0.64,0.098,0.081,0.011,,-1.0544,-0.3726,1.8376,0.0983,-0.3138,-0.0854,0.0914,0.3096,0.0147,1,2.59,0.075,0.224,0.200,,1.0534,-0.1685,1.8323,0.0986,0.2936,-0.1200,0.0116,-0.3556,0.0147,1,1.90,0.036,0.174,0.098,,-0.0136,0.2595,1.1747,-0.0034,-0.3645,-0.1935,-0.0098,0.3466,0.0145,1,4.13,0.023,0.261,0.450,,0.0057,-0.1837,1.8428,-0.0013,0.3338,-0.1174,-0.0896,-0.3185,0.0145,1,3.31,0.142,0.343,0.163,,1.0340,0.2435,1.1987,-0.1033,-0.3240,-0.1910,-0.1085,0.3024,0.0150,1,0.09,0.003,0.024,0.005,,-1.0408,-0.1506,1.8188,-0.1014,0.2934,-0.1230
0.949,836,tripod,0.0047,0.0278,0.1674,-0.1088,0.0165,0.0335,0.0000,0.0000,-0.0000,-0.0000,0.0000,0.0000,0.000,0.000,-0.0979,0.0149,-0.1088,0.0165,0.0335,0.1361,0,0.1128,-0.2901,0.1149,1,0.64,0.099,0.081,0.011,,-1.0544,-0.3726,1.8376,0.0983,-0.3138,-0.0854,0.0914,0.3096,0.0147,1,2.59,0.075,0.224,0.201,,1.0534,-0.1685,1.8323,0.0986,0.2936,-0.1200,0.0116,-0.3556,0.0147,1,1.90,0.036,0.174,0.098,,-0.0136,0.2595,1.1747,-0.0034,-0.3645,-0.1935,-0.0098,0.3466,0.0145,1,4.13,0.023,0.261,0.450,,0.0057,-0.1837,1.8428,-0.0013,0.3338,-0.1174,-0.0896,-0.3185,0.0145,1,3.31,0.142,0.343,0.162,,1.0340,0.2435,1.1987,-0.1033,-0.3240,-0.1910,-0.1085,0.3024,0.0150,1,0.09,0.003,0.024,0.005,,-1.0408,-0.1506,1.8188,-0.1014,0.2934,-0.1230
0.954,840,tripod,0.0047,0.0278,0.1674,-0.1088,0.0165,0.0335,0.0000,0.0000,-0.0000,-0.0000,0.0000,0.0000,0.000,0.000,-0.0979,0.0149,-0.1088,0.0165,0.0335,0.1361,0,0.1128,-0.2901,0.1149,1,0.64,0.099,0.082,0.011,,-1.0544,-0.3726,1.8376,0.0983,-0.3138,-0.0854,0.0914,0.3096,0.0147,1,2.59,0.075,0.224,0.201,,1.0534,-0.1685,1.8323,0.0986,0.2936,-0.1200,0.0116,-0.3556,0.0147,1,1.90,0.036,0.174,0.098,,-0.0136,0.2595,1.1747,-0.0034,-0.3645,-0.1935,-0.0098,0.3466,0.0145,1,4.13,0.023,0.261,0.450,,0.0057,-0.1837,1.8428,-0.0013,0.3338,-0.1174,-0.0896,-0.3185,0.0145,1,3.30,0.142,0.343,0.162,,1.0340,0.2435,1.1987,-0.1033,-0.3240,-0.1910,-0.1085,0.3024,0.0150,1,0.09,0.003,0.024,0.005,,-1.0408,-0.1506,1.8188,-0.1014,0.2934,-0.1230
0.958,844,tripod,0.0047,0.0278,0.1674,-0.1088,0.0165,0.0335,0.0000,0.0000,-0.0000,-0.0000,0.0000,0.0000,0.000,0.000,-0.0979,0.0149,-0.1088,0.0165,0.0335,0.1361,0,0.1128,-0.2901,0.1149,1,0.64,0.099,0.082,0.011,,-1.0544,-0.3726,1.8376,0.0983,-0.3138,-0.0854,0.0914,0.3096,0.0147,1,2.59,0.075,0.224,0.201,,1.0534,-0.1685,1.8323,0.0986,0.2936,-0.1200,0.0116,-0.3556,0.0147,1,1.90,0.036,0.174,0.098,,-0.0136,0.2595,1.1747,-0.0034,-0.3645,-0.1935,-0.0098,0.3466,0.0145,1,4.13,0.023,0.261,0.450,,0.0057,-0.1837,1.8428,-0.0013,0.3338,-0.1174,-0.0896,-0.3185,0.0145,1,3.30,0.142,0.343,0.162,,1.0340,0.2435,1.1987,-0.1033,-0.3240,-0.1910,-0.1085,0.3024,0.0150,1,0.09,0.003,0.024,0.005,,-1.0408,-0.1506,1.8188,-0.1014,0.2934,-0.1230
0.963,848,tripod,0.0047,0.0278,0.1674,-0.1088,0.0165,0.0335,0.0000,0.0000,-0.0000,-0.0000,0.0000,0.0000,0.000,0.000,-0.0979,0.0149,-0.1088,0.0165,0.0335,0.1361,0,0.1128,-0.2901,0.1149,1,0.64,0.099,0.082,0.011,,-1.0544,-0.3726,1.8376,0.0983,-0.3138,-0.0854,0.0914,0.3096,0.0147,1,2.59,0.075,0.224,0.201,,1.0534,-0.1685,1.8323,0.0986,0.2936,-0.1200,0.0116,-0.3556,0.0147,1,1.90,0.036,0.174,0.098,,-0.0136,0.2595,1.1747,-0.0034,-0.3645,-0.1935,-0.0098,0.3466,0.0145,1,4.13,0.023,0.261,0.450,,0.0057,-0.1837,1.8428,-0.0013,0.3338,-0.1174,-0.0896,-0.3185,0.0145,1,3.30,0.142,0.343,0.162,,1.0340,0.2435,1.1987,-0.1033,-0.3240,-0.1910,-0.1085,0.3024,0.0150,1,0.09,0.003,0.024,0.005,,-1.0408,-0.1506,1.8188,-0.1014,0.2934,-0.1230
0.967,852,tripod,0.0047,0.0278,0.1674,-0.1088,0.0165,0.0335,0.0000,0.0000,-0.0000,-0.0000,0.0000,0.0000,0.000,0.000,-0.0979,0.0149,-0.1088,0.0165,0.0335,0.1361,0,0.1128,-0.2901,0.1149,1,0.64,0.099,0.082,0.011,,-1.0544,-0.3726,1.8376,0.0983,-0.3138,-0.0854,0.0914,0.3096,0.0147,1,2.59,0.075,0.224,0.201,,1.0534,-0.1685,1.8323,0.0986,0.2936,-0.1200,0.0116,-0.3556,0.0147,1,1.90,0.036,0.174,0.097,,-0.0136,0.2595,1.1747,-0.0034,-0.3645,-0.1935,-0.0098,0.3466,0.0145,1,4.13,0.023,0.261,0.450,,0.0057,-0.1837,1.8428,-0.0013,0.3338,-0.1174,-0.0896,-0.3185,0.0145,1,3.30,0.142,0.343,0.162,,1.0340,0.2435,1.1987,-0.1033,-0.3240,-0.1910,-0.1085,0.3024,0.0150,1,0.09,0.003,0.024,0.005,,-1.0408,-0.1506,1.8188,-0.1014,0.2934,-0.1230
0.972,856,tripod,0.0047,0.0278,0.1674,-0.1088,0.0165,0.0335,0.0000,0.0000,-0.0000,-0.0000,0.0000,0.0000,0.000,0.000,-0.0979,0.0149,-0.1088,0.0165,0.0335,0.1361,0,0.1128,-0.2901,0.1149,1,0.64,0.099,0.082,0.011,,-1.0544,-0.3726,1.8376,0.0983,-0.3138,-0.0854,0.0914,0.3096,0.0147,1,2.59,0.075,0.224,0.201,,1.0534,-0.1685,1.8323,0.0986,0.2936,-0.1200,0.0116,-0.3556,0.0147,1,1.90,0.036,0.174,0.097,,-0.0136,0.2595,1.1747,-0.0034,-0.3645,-0.1935,-0.0098,0.3466,0.0145,1,4.13,0.023,0.261,0.450,,0.0057,-0.1837,1.8428,-0.0013,0.3338,-0.1174,-0.0896,-0.3185,0.0145,1,3.30,0.143,0.342,0.162,,1.0340,0.2435,1.1987,-0.1033,-0.3240,-0.1910,-0.1085,0.3024,0.0150,1,0.09,0.003,0.024,0.005,,-1.0408,-0.1506,1.8188,-0.1014,0.2934,-0.1230
0.979,860,tripod,0.0047,0.0278,0.1674,-0.1088,0.0165,0.0335,0.0000,0.0000,-0.0000,-0.0000,0.0000,0.0000,0.000,0.000,-0.0979,0.0149,-0.1088,0.0165,0.0335,0.1361,0,0.1128,-0.2901,0.1149,1,0.64,0.100,0.082,0.011,,-1.0544,-0.3726,1.8376,0.0983,-0.3138,-0.0854,0.0914,0.3096,0.0147,1,2.60,0.075,0.224,0.201,,1.0534,-0.1685,1.8323,0.0986,0.2936,-0.1200,0.0116,-0.3556,0.0147,1,1.90,0.037,0.174,0.097,,-0.0136,0.2595,1.1747,-0.0034,-0.3645,-0.1935,-0.0098,0.3466,0.0145,1,4.13,0.023,0.261,0.450,,0.0057,-0.1837,1.8428,-0.0013,0.3338,-0.1174,-0.0896,-0.3185,0.0145,1,3.30,0.143,0.342,0.162,,1.0340,0.2435,1.1987,-0.1033,-0.3240,-0.1910,-0.1085,0.3024,0.0150,1,0.09,0.003,0.024,0.005,,-1.0408,-0.1506,1.8188,-0.1014,0.2934,-0.1230
0.984,864,tripod,0.0047,0.0278,0.1674,-0.1088,0.0165,0.0335,0.0000,0.0000,-0.0000,-0.0000,0.0000,0.0000,0.000,0.000,-0.0979,0.0149,-0.1088,0.0165,0.0335,0.1361,0,0.1128,-0.2901,0.1149,1,0.64,0.100,0.082,0.011,,-1.0545,-0.3726,1.8376,0.0983,-0.3138,-0.0854,0.0914,0.3096,0.0147,1,2.60,0.075,0.224,0.201,,1.0534,-0.1685,1.8323,0.0986,0.2936,-0.1200,0.0116,-0.3556,0.0147,1,1.90,0.037,0.174,0.097,,-0.0136,0.2595,1.1747,-0.0034,-0.3645,-0.1935,-0.0098,0.3466,0.0145,1,4.13,0.023,0.261,0.450,,0.0057,-0.1837,1.8428,-0.0013,0.3338,-0.1174,-0.0896,-0.3185,0.0145,1,3.30,0.143,0.342,0.162,,1.0340,0.2435,1.1987,-0.1033,-0.3240,-0.1910,-0.1085,0.3024,0.0150,1,0.09,0.003,0.024,0.005,,-1.0408,-0.1506,1.8188,-0.1014,0.2934,-0.1230
0.988,868,tripod,0.0047,0.0278,0.1674,-0.1088,0.0165,0.0335,0.0000,0.0000,-0.0000,-0.0000,0.0000,0.0000,0.000,0.000,-0.0979,0.0149,-0.1088,0.0165,0.0335,0.1361,0,0.1128,-0.2901,0.1149,1,0.64,0.100,0.082,0.011,,-1.0545,-0.3726,1.8376,0.0983,-0.3138,-0.0854,0.0914,0.3096,0.0147,1,2.60,0.075,0.224,0.201,,1.0534,-0.1685,1.8323,0.0986,0.2936,-0.1200,0.0116,-0.3556,0.0147,1,1.90,0.037,0.174,0.097,,-0.0136,0.2595,1.1747,-0.0034,-0.3645,-0.1935,-0.0098,0.3466,0.0145,1,4.13,0.023,0.261,0.450,,0.0057,-0.1837,1.8428,-0.0013,0.3338,-0.1174,-0.0896,-0.3185,0.0145,1,3.30,0.143,0.342,0.162,,1.0340,0.2435,1.1987,-0.1033,-0.3240,-0.1910,-0.1085,0.3024,0.0150,1,0.09,0.003,0.024,0.005,,-1.0408,-0.1506,1.8188,-0.1014,0.2934,-0.1230
0.993,872,tripod,0.0047,0.0278,0.1674,-0.1088,0.0165,0.0335,0.0000,0.0000,-0.0000,-0.0000,0.0000,0.0000,0.000,0.000,-0.0979,0.0149,-0.1088,0.0165,0.0335,0.1361,0,0.1128,-0.2901,0.1149,1,0.64,0.100,0.082,0.011,,-1.0545,-0.3726,1.8376,0.0983,-0.3138,-0.0854,0.0914,0.3096,0.0147,1,2.60,0.075,0.224,0.201,,1.0534,-0.1685,1.8323,0.0986,0.2936,-0.1200,0.0116,-0.3556,0.0147,1,1.90,0.037,0.174,0.097,,-0.0136,0.2595,1.1747,-0.0034,-0.3645,-0.1935,-0.0098,0.3466,0.0145,1,4.13,0.023,0.261,0.450,,0.0057,-0.1837,1.8428,-0.0013,0.3338,-0.1174,-0.0896,-0.3185,0.0145,1,3.30,0.143,0.342,0.162,,1.0340,0.2435,1.1987,-0.1033,-0.3240,-0.1910,-0.1085,0.3024,0.0150,1,0.09,0.003,0.024,0.005,,-1.0408,-0.1506,1.8188,-0.1014,0.2934,-0.1230
0.998,876,tripod,0.0047,0.0278,0.1674,-0.1088,0.0165,0.0335,0.0000,0.0000,-0.0000,-0.0000,0.0000,0.0000,0.000,0.000,-0.0979,0.0149,-0.1088,0.0165,0.0335,0.1361,0,0.1128,-0.2901,0.1149,1,0.64,0.100,0.082,0.011,,-1.0545,-0.3726,1.8376,0.0983,-0.3138,-0.0854,0.0914,0.3096,0.0147,1,2.60,0.075,0.224,0.201,,1.0534,-0.1685,1.8323,0.0986,0.2936,-0.1200,0.0116,-0.3556,0.0147,1,1.90,0.037,0.174,0.097,,-0.0136,0.2595,1.1747,-0.0034,-0.3645,-0.1935,-0.0098,0.3466,0.0145,1,4.13,0.023,0.261,0.450,,0.0057,-0.1837,1.8428,-0.0013,0.3338,-0.1174,-0.0896,-0.3185,0.0145,1,3.30,0.143,0.342,0.162,,1.0340,0.2435,1.1987,-0.1033,-0.3240,-0.1910,-0.1085,0.3024,0.0150,1,0.09,0.003,0.024,0.005,,-1.0408,-0.1506,1.8188,-0.1014,0.2934,-0.1230
1.002,880,tripod,0.0047,0.0278,0.1674,-0.1088,0.0165,0.0335,0.0000,0.0000,-0.0000,-0.0000,0.0000,0.0000,0.000,0.000,-0.0979,0.0149,-0.1088,0.0165,0.0335,0.1361,0,0.1128,-0.2901,0.1149,1,0.64,0.100,0.082,0.011,,-1.0545,-0.3726,1.8376,0.0983,-0.3138,-0.0854,0.0914,0.3096,0.0147,1,2.60,0.075,0.224,0.201,,1.0534,-0.1685,1.8323,0.0986,0.2936,-0.1200,0.0116,-0.3556,0.0147,1,1.90,0.037,0.174,0.097,,-0.0136,0.2595,1.1747,-0.0034,-0.3645,-0.1935,-0.0098,0.3466,0.0145,1,4.13,0.023,0.261,0.450,,0.0057,-0.1837,1.8428,-0.0013,0.3338,-0.1174,-0.0896,-0.3185,0.0145,1,3.30,0.143,0.342,0.162,,1.0340,0.2435,1.1987,-0.1033,-0.3240,-0.1910,-0.1085,0.3024,0.0150,1,0.09,0.003,0.024,0.005,,-1.0408,-0.1506,1.8188,-0.1014,0.2934,-0.1230
1.007,884,tripod,0.0047,0.0278,0.1674,-0.1088,0.0165,0.0335,0.0000,0.0000,-0.0000,-0.0000,0.0000,0.0000,0.000,0.000,-0.0979,0.0149,-0.1088,0.0165,0.0335,0.1361,0,0.1128,-0.2901,0.1149,1,0.64,0.100,0.082,0.011,,-1.0545,-0.3726,1.8376,0.0983,-0.3138,-0.0854,0.0914,0.3096,0.0147,1,2.60,0.075,0.224,0.201,,1.0534,-0.1685,1.8323,0.0986,0.2936,-0.1200,0.0116,-0.3556,0.0147,1,1.90,0.037,0.174,0.097,,-0.0136,0.2595,1.1747,-0.0034,-0.3645,-0.1935,-0.0098,0.3466,0.0145,1,4.13,0.023,0.261,0.450,,0.0057,-0.1837,1.8428,-0.0013,0.3338,-0.1174,-0.0896,-0.3185,0.0145,1,3.30,0.143,0.342,0.162,,1.0340,0.2435,1.1987,-0.1033,-0.3240,-0.1910,-0.1085,0.3024,0.0150,1,0.09,0.003,0.024,0.005,,-1.0408,-0.1506,1.8188,-0.1014,0.2934,-0.1230
1.011,888,tripod,0.0047,0.0278,0.1674,-0.1088,0.0165,0.0335,0.0000,0.0000,-0.0000,-0.0000,0.0000,0.0000,0.000,0.000,-0.0979,0.0149,-0.1088,0.0165,0.0335,0.1361,0,0.1128,-0.2901,0.1149,1,0.64,0.100,0.082,0.011,,-1.0545,-0.3726,1.8376,0.0983,-0.3138,-0.0854,0.0914,0.3096,0.0147,1,2.60,0.075,0.224,0.201,,1.0534,-0.1685,1.8323,0.0986,0.2936,-0.1200,0.0116,-0.3556,0.0147,1,1.90,0.037,0.174,0.097,,-0.0136,0.2595,1.1747,-0.0034,-0.3645,-0.1935,-0.0098,0.3466,0.0145,1,4.13,0.023,0.261,0.450,,0.0057,-0.1837,1.8428,-0.0013,0.3338,-0.1174,-0.0896,-0.3185,0.0145,1,3.30,0.143,0.342,0.162,,1.0340,0.2435,1.1987,-0.1033,-0.3240,-0.1910,-0.1085,0.3024,0.0150,1,0.09,0.003,0.024,0.005,,-1.0408,-0.1506,1.8188,-0.1014,0.2934,-0.1230
1.019,892,tripod,0.0047,0.0278,0.1674,-0.1088,0.0165,0.0335,0.0000,0.0000,-0.0000,-0.0000,0.0000,0.0000,0.000,0.000,-0.0979,0.0149,-0.1088,0.0165,0.0335,0.1361,0,0.1128,-0.2901,0.1149,1,0.64,0.101,0.082,0.011,,-1.0545,-0.3726,1.8376,0.0983,-0.3138,-0.0854,0.0914,0.3096,0.0147,1,2.60,0.075,0.224,0.201,,1.0534,-0.1685,1.8323,0.0986,0.2936,-0.1200,0.0116,-0.3556,0.0147,1,1.89,0.037,0.174,0.097,,-0.0136,0.2595,1.1747,-0.0034,-0.3645,-0.1935,-0.0098,0.3466,0.0145,1,4.13,0.023,0.261,0.450,,0.0057,-0.1837,1.8428,-0.0013,0.3338,-0.1174,-0.0896,-0.3185,0.0145,1,3.30,0.143,0.342,0.162,,1.0340,0.2435,1.1987,-0.1033,-0.3240,-0.1910,-0.1085,0.3024,0.0150,1,0.09,0.003,0.024,0.005,,-1.0408,-0.1506,1.8188,-0.1014,0.2934,-0.1230
1.024,896,tripod,0.0047,0.0278,0.1674,-0.1088,0.0165,0.0335,0.0000,0.0000,-0.0000,-0.0000,0.0000,0.0000,0.000,0.000,-0.0979,0.0149,-0.1088,0.0165,0.0335,0.1361,0,0.1128,-0.2901,0.1149,1,0.64,0.101,0.082,0.011,,-1.0545,-0.3726,1.8376,0.0983,-0.3138,-0.0854,0.0914,0.3096,0.0147,1,2.60,0.075,0.224,0.201,,1.0534,-0.1685,1.8323,0.0986,0.2936,-0.1200,0.0116,-0.3556,0.0147,1,1.89,0.037,0.174,0.097,,-0.0136,0.2595,1.1747,-0.0034,-0.3645,-0.1935,-0.0098,0.3466,0.0145,1,4.13,0.023,0.260,0.450,,0.0057,-0.1837,1.8428,-0.0013,0.3338,-0.1174,-0.0896,-0.3185,0.0145,1,3.30,0.143,0.342,0.162,,1.0340,0.2435,1.1987,-0.1033,-0.3240,-0.1910,-0.1085,0.3024,0.0150,1,0.09,0.003,0.025,0.006,,-1.0408,-0.1506,1.8188,-0.1014,0.2934,-0.1230
1.028,900,tripod,0.0047,0.0278,0.1674,-0.1088,0.0165,0.0335,0.0000,0.0000,-0.0000,-0.0000,0.0000,0.0000,0.000,0.000,-0.0979,0.0149,-0.1088,0.0165,0.0335,0.1361,0,0.1128,-0.2901,0.1149,1,0.64,0.101,0.082,0.011,,-1.0545,-0.3726,1.8376,0.0983,-0.3138,-0.0854,0.0914,0.3096,0.0147,1,2.60,0.075,0.224,0.201,,1.0534,-0.1685,1.8323,0.0986,0.2936,-0.1200,0.0116,-0.3556,0.0147,1,1.89,0.037,0.174,0.097,,-0.0136,0.2595,1.1747,-0.0034,-0.3645,-0.1935,-0.0098,0.3466,0.0145,1,4.13,0.023,0.260,0.450,,0.0057,-0.1837,1.8428,-0.0013,0.3338,-0.1174,-0.0896,-0.3185,0.0145,1,3.30,0.143,0.342,0.162,,1.0340,0.2435,1.1987,-0.1033,-0.3240,-0.1910,-0.1085,0.3024,0.0150,1,0.09,0.003,0.025,0.006,,-1.0408,-0.1506,1.8188,-0.1014,0.2934,-0.1230
1.033,904,tripod,0.0047,0.0278,0.1674,-0.1088,0.0165,0.0335,0.0000,0.0000,-0.0000,-0.0000,0.0000,0.0000,0.000,0.000,-0.0979,0.0149,-0.1088,0.0165,0.0335,0.1361,0,0.1128,-0.2901,0.1149,1,0.64,0.101,0.082,0.011,,-1.0545,-0.3726,1.8376,0.0983,-0.3138,-0.0854,0.0914,0.3096,0.0147,1,2.60,0.075,0.224,0.201,,1.0534,-0.1685,1.8323,0.0986,0.2936,-0.1200,0.0116,-0.3556,0.0147,1,1.89,0.037,0.174,0.097,,-0.0136,0.2595,1.1747,-0.0034,-0.3645,-0.1935,-0.0098,0.3466,0.0145,1,4.13,0.023,0.260,0.450,,0.0057,-0.1837,1.8428,-0.0013,0.3338,-0.1174,-0.0896,-0.3185,0.0145,1,3.30,0.143,0.342,0.162,,1.0340,0.2435,1.1987,-0.1033,-0.3240,-0.1910,-0.1085,0.3024,0.0150,1,0.09,0.003,0.025,0.006,,-1.0408,-0.1506,1.8188,-0.1014,0.2934,-0.1230
1.037,908,tripod,0.0047,0.0278,0.1674,-0.1088,0.0165,0.0335,0.0000,0.0000,-0.0000,-0.0000,0.0000,0.0000,0.000,0.000,-0.0979,0.0149,-0.1088,0.0165,0.0335,0.1361,0,0.1128,-0.2901,0.1149,1,0.64,0.101,0.083,0.011,,-1.0545,-0.3726,1.8376,0.0983,-0.3138,-0.0854,0.0914,0.3096,0.0147,1,2.60,0.075,0.224,0.201,,1.0534,-0.1685,1.8323,0.0986,0.2936,-0.1200,0.0116,-0.3556,0.0147,1,1.89,0.037,0.174,0.097,,-0.0136,0.2595,1.1747,-0.0034,-0.3645,-0.1935,-0.0098,0.3466,0.0145,1,4.13,0.023,0.260,0.450,,0.0057,-0.1837,1.8428,-0.0013,0.3338,-0.1174,-0.0896,-0.3185,0.0145,1,3.30,0.143,0.342,0.162,,1.0340,0.2435,1.1987,-0.1033,-0.3240,-0.1910,-0.1085,0.3024,0.0150,1,0.09,0.003,0.025,0.006,,-1.0408,-0.1506,1.8188,-0.1014,0.2934,-0.1230
1.042,912,tripod,0.0047,0.0278,0.1674,-0.1088,0.0165,0.0335,0.0000,0.0000,-0.0000,-0.0000,0.0000,0.0000,0.000,0.000,-0.0979,0.0149,-0.1088,0.0165,0.0335,0.1361,0,0.1128,-0.2901,0.1149,1,0.64,0.101,0.083,0.011,,-1.0545,-0.3726,1.8376,0.0983,-0.3138,-0.0854,0.0914,0.3096,0.0147,1,2.60,0.075,0.224,0.201,,1.0534,-0.1685,1.8323,0.0986,0.2936,-0.1200,0.0116,-0.3556,0.0147,1,1.89,0.037,0.174,0.097,,-0.0136,0.2595,1.1747,-0.0034,-0.3645,-0.1935,-0.0098,0.3466,0.0145,1,4.13,0.022,0.260,0.450,,0.0057,-0.1837,1.8428,-0.0013,0.3338,-0.1174,-0.0896,-0.3185,0.0145,1,3.30,0.143,0.342,0.162,,1.0340,0.2435,1.1987,-0.1033,-0.3240,-0.1910,-0.1085,0.3024,0.0150,1,0.09,0.003,0.025,0.006,,-1.0408,-0.1506,1.8188,-0.1014,0.2934,-0.1230
1.046,916,tripod,0.0047,0.0278,0.1674,-0.1088,0.0165,0.0335,0.0000,0.0000,-0.0000,-0.0000,0.0000,0.0000,0.000,0.000,-0.0979,0.0149,-0.1088,0.0165,0.0335,0.1361,0,0.1128,-0.2901,0.1149,1,0.64,0.101,0.083,0.011,,-1.0545,-0.3726,1.8376,0.0983,-0.3138,-0.0854,0.0914,0.3096,0.0147,1,2.60,0.075,0.224,0.201,,1.0534,-0.1685,1.8323,0.0986,0.2936,-0.1200,0.0116,-0.3556,0.0147,1,1.89,0.037,0.174,0.097,,-0.0136,0.2595,1.1747,-0.0034,-0.3645,-0.1935,-0.0098,0.3466,0.0145,1,4.13,0.022,0.260,0.450,,0.0057,-0.1837,1.8428,-0.0013,0.3338,-0.1174,-0.0896,-0.3185,0.0145,1,3.30,0.143,0.342,0.162,,1.0340,0.2435,1.1987,-0.1033,-0.3240,-0.1910,-0.1085,0.3024,0.0150,1,0.09,0.003,0.025,0.006,,-1.0407,-0.1506,1.8188,-0.1014,0.2934,-0.1230
1.051,920,tripod,0.0047,0.0278,0.1674,-0.1088,0.0165,0.0335,0.0000,0.0000,-0.0000,-0.0000,0.0000,0.0000,0.000,0.000,-0.0979,0.0149,-0.1088,0.0165,0.0335,0.1361,0,0.1128,-0.2901,0.1149,1,0.64,0.101,0.083,0.011,,-1.0545,-0.3726,1.8376,0.0983,-0.3138,-0.0854,0.0914,0.3096,0.0147,1,2.60,0.075,0.224,0.201,,1.0534,-0.1685,1.8323,0.0986,0.2936,-0.1200,0.0116,-0.3556,0.0147,1,1.89,0.037,0.174,0.097,,-0.0136,0.2595,1.1747,-0.0034,-0.3645,-0.1935,-0.0098,0.3466,0.0145,1,4.13,0.022,0.260,0.450,,0.0057,-0.1837,1.8428,-0.0013,0.3338,-0.1174,-0.0896,-0.3185,0.0145,1,3.30,0.143,0.342,0.162,,1.0340,0.2435,1.1987,-0.1033,-0.3240,-0.1910,-0.1085,0.3024,0.0150,1,0.09,0.003,0.025,0.006,,-1.0407,-0.1506,1.8188,-0.1014,0.2934,-0.1230
1.058,924,tripod,0.0047,0.0278,0.1674,-0.1088,0.0165,0.0335,0.0000,0.0000,-0.0000,-0.0000,0.0000,0.0000,0.000,0.000,-0.0979,0.0149,-0.1088,0.0165,0.0335,0.1361,0,0.1128,-0.2901,0.1149,1,0.64,0.101,0.083,0.011,,-1.0545,-0.3726,1.8376,0.0983,-0.3138,-0.0854,0.0914,0.3096,0.0147,1,2.60,0.075,0.224,0.201,,1.0534,-0.1685,1.8323,0.0986,0.2936,-0.1200,0.0116,-0.3556,0.0147,1,1.89,0.037,0.174,0.097,,-0.0136,0.2595,1.1747,-0.0034,-0.3645,-0.1935,-0.0098,0.3466,0.0145,1,4.13,0.022,0.260,0.450,,0.0057,-0.1837,1.8428,-0.0013,0.3338,-0.1174,-0.0896,-0.3185,0.0145,1,3.30,0.144,0.342,0.162,,1.0340,0.2435,1.1987,-0.1033,-0.3240,-0.1910,-0.1085,0.3024,0.0150,1,0.09,0.003,0.025,0.006,,-1.0407,-0.1506,1.8188,-0.1014,0.2934,-0.1230
1.062,928,tripod,0.0047,0.0278,0.1674,-0.1088,0.0165,0.0335,0.0000,0.0000,-0.0000,-0.0000,0.0000,0.0000,0.000,0.000,-0.0979,0.0149,-0.1088,0.0165,0.0335,0.1361,0,0.1128,-0.2901,0.1149,1,0.64,0.101,0.083,0.011,,-1.0545,-0.3726,1.8376,0.0983,-0.3138,-0.0854,0.0914,0.3096,0.0147,1,2.60,0.075,0.224,0.201,,1.0534,-0.1685,1.8323,0.0986,0.2936,-0.1200,0.0116,-0.3556,0.0147,1,1.89,0.037,0.174,0.097,,-0.0136,0.2595,1.1747,-0.0034,-0.3645,-0.1935,-0.0098,0.3466,0.0145,1,4.13,0.022,0.260,0.450,,0.0057,-0.1837,1.8428,-0.0013,0.3338,-0.1174,-0.0896,-0.3185,0.0145,1,3.30,0.144,0.342,0.162,,1.0340,0.2435,1.1987,-0.1033,-0.3240,-0.1910,-0.1085,0.3024,0.0150,1,0.09,0.003,0.025,0.006,,-1.0407,-0.1506,1.8188,-0.1014,0.2934,-0.1230
1.067,932,tripod,0.0047,0.0278,0.1674,-0.1088,0.0165,0.0335,0.0000,0.0000,-0.0000,-0.0000,0.0000,0.0000,0.000,0.000,-0.0979,0.0149,-0.1088,0.0165,0.0335,0.1361,0,0.1128,-0.2901,0.1149,1,0.64,0.101,0.083,0.011,,-1.0545,-0.3726,1.8376,0.0983,-0.3138,-0.0854,0.0914,0.3096,0.0147,1,2.60,0.075,0.224,0.201,,1.0534,-0.1685,1.8323,0.0986,0.2936,-0.1200,0.0116,-0.3556,0.0147,1,1.89,0.038,0.174,0.097,,-0.0136,0.2595,1.1747,-0.0034,-0.3645,-0.1935,-0.0098,0.3466,0.0145,1,4.13,0.022,0.260,0.450,,0.0057,-0.1837,1.8428,-0.0013,0.3338,-0.1174,-0.0896,-0.3185,0.0145,1,3.30,0.144,0.342,0.162,,1.0340,0.2435,1.1987,-0.1033,-0.3240,-0.1910,-0.1085,0.3024,0.0150,1,0.09,0.003,0.025,0.006,,-1.0407,-0.1506,1.8188,-0.1014,0.2934,-0.1230
1.071,936,tripod,0.0047,0.0278,0.1674,-0.1088,0.0165,0.0335,0.0000,0.0000,-0.0000,-0.0000,0.0000,0.0000,0.000,0.000,-0.0979,0.0149,-0.1088,0.0165,0.0335,0.1361,0,0.1128,-0.2901,0.1149,1,0.64,0.101,0.083,0.011,,-1.0545,-0.3726,1.8376,0.0983,-0.3138,-0.0854,0.0914,0.3096,0.0147,1,2.60,0.075,0.224,0.201,,1.0534,-0.1685,1.8323,0.0986,0.2936,-0.1200,0.0116,-0.3556,0.0147,1,1.89,0.038,0.174,0.097,,-0.0136,0.2595,1.1747,-0.0034,-0.3645,-0.1935,-0.0098,0.3466,0.0145,1,4.13,0.022,0.260,0.450,,0.0057,-0.1837,1.8428,-0.0013,0.3338,-0.1174,-0.0896,-0.3185,0.0145,1,3.30,0.144,0.342,0.162,,1.0340,0.2435,1.1987,-0.1033,-0.3240,-0.1910,-0.1085,0.3024,0.0150,1,0.09,0.003,0.025,0.006,,-1.0407,-0.1506,1.8188,-0.1014,0.2934,-0.1230
1.076,940,tripod,0.0047,0.0278,0.1674,-0.1088,0.0165,0.0335,0.0000,0.0000,-0.0000,-0.0000,0.0000,0.0000,0.000,0.000,-0.0979,0.0149,-0.1088,0.0165,0.0335,0.1361,0,0.1128,-0.2901,0.1149,1,0.64,0.101,0.083,0.011,,-1.0545,-0.3726,1.8376,0.0983,-0.3138,-0.0854,0.0914,0.3096,0.0147,1,2.60,0.075,0.224,0.201,,1.0534,-0.1685,1.8323,0.0986,0.2936,-0.1200,0.0116,-0.3556,0.0147,1,1.89,0.038,0.174,0.097,,-0.0136,0.2595,1.1747,-0.0034,-0.3645,-0.1935,-0.0098,0.3466,0.0145,1,4.13,0.022,0.260,0.450,,0.0057,-0.1837,1.8428,-0.0013,0.3338,-0.1174,-0.0896,-0.3185,0.0145,1,3.30,0.144,0.342,0.162,,1.0340,0.2435,1.1987,-0.1033,-0.3240,-0.1910,-0.1085,0.3024,0.0150,1,0.09,0.003,0.025,0.006,,-1.0407,-0.1506,1.8188,-0.1014,0.2934,-0.1230
1.081,944,tripod,0.0047,0.0278,0.1674,-0.1088,0.0165,0.0335,0.0000,0.0000,-0.0000,-0.0000,0.0000,0.0000,0.000,0.000,-0.0979,0.0149,-0.1088,0.0165,0.0335,0.1360,0,0.1128,-0.2901,0.1149,1,0.64,0.101,0.083,0.011,,-1.0545,-0.3726,1.8376,0.0983,-0.3138,-0.0854,0.0914,0.3096,0.0147,1,2.60,0.075,0.224,0.201,,1.0534,-0.1685,1.8323,0.0986,0.2936,-0.1200,0.0116,-0.3556,0.0147,1,1.89,0.038,0.174,0.097,,-0.0136,0.2595,1.1747,-0.0034,-0.3645,-0.1935,-0.0098,0.3466,0.0145,1,4.13,0.022,0.260,0.450,,0.0057,-0.1837,1.8428,-0.0013,0.3338,-0.1174,-0.0896,-0.3185,0.0145,1,3.30,0.144,0.342,0.162,,1.0340,0.2435,1.1987,-0.1033,-0.3240,-0.1910,-0.1085,0.3024,0.0150,1,0.09,0.003,0.025,0.006,,-1.0407,-0.1506,1.8188,-0.1014,0.2934,-0.1230
1.085,948,tripod,0.0047,0.0278,0.1674,-0.1088,0.0165,0.0335,0.0000,0.0000,-0.0000,-0.0000,0.0000,0.0000,0.000,0.000,-0.0979,0.0149,-0.1088,0.0165,0.0335,0.1360,0,0.1128,-0.2901,0.1149,1,0.64,0.101,0.083,0.011,,-1.0545,-0.3726,1.8376,0.0983,-0.3138,-0.0854,0.0914,0.3096,0.0147,1,2.60,0.075,0.224,0.201,,1.0534,-0.1685,1.8323,0.0986,0.2936,-0.1200,0.0116,-0.3556,0.0147,1,1.89,0.038,0.174,0.097,,-0.0136,0.2595,1.1747,-0.0034,-0.3645,-0.1935,-0.0098,0.3466,0.0145,1,4.13,0.022,0.260,0.450,,0.0057,-0.1837,1.8428,-0.0013,0.3338,-0.1174,-0.0896,-0.3185,0.0145,1,3.30,0.144,0.342,0.162,,1.0340,0.2435,1.1987,-0.1033,-0.3240,-0.1910,-0.1085,0.3024,0.0150,1,0.09,0.003,0.025,0.006,,-1.0407,-0.1506,1.8188,-0.1014,0.2934,-0.1230
1.090,952,tripod,0.0047,0.0278,0.1674,-0.1088,0.0165,0.0335,0.0000,0.0000,-0.0000,-0.0000,0.0000,0.0000,0.000,0.000,-0.0979,0.0149,-0.1088,0.0165,0.0335,0.1360,0,0.1128,-0.2901,0.1149,1,0.65,0.102,0.083,0.011,,-1.0545,-0.3726,1.8376,0.0983,-0.3138,-0.0854,0.0914,0.3096,0.0147,1,2.60,0.075,0.224,0.201,,1.0534,-0.1685,1.8323,0.0986,0.2936,-0.1200,0.0116,-0.3556,0.0147,1,1.89,0.038,0.174,0.097,,-0.0136,0.2595,1.1747,-0.0034,-0.3645,-0.1935,-0.0098,0.3466,0.0145,1,4.13,0.022,0.260,0.450,,0.0057,-0.1837,1.8428,-0.0013,0.3338,-0.1174,-0.0896,-0.3185,0.0145,1,3.30,0.144,0.342,0.162,,1.0340,0.2435,1.1987,-0.1033,-0.3240,-0.1910,-0.1085,0.3024,0.0150,1,0.09,0.003,0.025,0.006,,-1.0407,-0.1506,1.8188,-0.1014,0.2934,-0.1230
1.097,956,tripod,0.0047,0.0278,0.1674,-0.1088,0.0165,0.0335,0.0000,0.0000,-0.0000,-0.0000,0.0000,0.0000,0.000,0.000,-0.0979,0.0149,-0.1088,0.0165,0.0335,0.1360,0,0.1128,-0.2901,0.1149,1,0.65,0.102,0.083,0.011,,-1.0545,-0.3726,1.8376,0.0983,-0.3138,-0.0854,0.0914,0.3096,0.0147,1,2.60,0.075,0.224,0.201,,1.0534,-0.1685,1.8323,0.0986,0.2936,-0.1200,0.0116,-0.3556,0.0147,1,1.89,0.038,0.174,0.097,,-0.0136,0.2595,1.1747,-0.0034,-0.3645,-0.1935,-0.0098,0.3466,0.0145,1,4.13,0.022,0.260,0.450,,0.0057,-0.1837,1.8428,-0.0013,0.3338,-0.1174,-0.0896,-0.3185,0.0145,1,3.30,0.144,0.342,0.162,,1.0340,0.2435,1.1987,-0.1033,-0.3240,-0.1910,-0.1085,0.3024,0.0150,1,0.08,0.003,0.025,0.006,,-1.0407,-0.1506,1.8188,-0.1014,0.2934,-0.1230
1.101,960,tripod,0.0047,0.0278,0.1674,-0.1088,0.0165,0.0335,0.0000,0.0000,-0.0000,-0.0000,0.0000,0.0000,0.000,0.000,-0.0979,0.0149,-0.1088,0.0165,0.0335,0.1360,0,0.1128,-0.2901,0.1149,1,0.65,0.102,0.083,0.011,,-1.0545,-0.3726,1.8376,0.0983,-0.3138,-0.0854,0.0914,0.3096,0.0147,1,2.60,0.075,0.224,0.201,,1.0534,-0.1685,1.8323,0.0986,0.2936,-0.1200,0.0116,-0.3556,0.0147,1,1.89,0.038,0.174,0.097,,-0.0136,0.2595,1.1747,-0.0034,-0.3645,-0.1935,-0.0098,0.3466,0.0145,1,4.13,0.022,0.260,0.450,,0.0057,-0.1837,1.8428,-0.0013,0.3338,-0.1174,-0.0896,-0.3185,0.0145,1,3.30,0.144,0.342,0.162,,1.0340,0.2435,1.1987,-0.1033,-0.3240,-0.1910,-0.1085,0.3024,0.0150,1,0.08,0.003,0.025,0.006,,-1.0407,-0.1506,1.8188,-0.1014,0.2934,-0.1230
1.106,964,tripod,0.0047,0.0278,0.1674,-0.1088,0.0165,0.0335,0.0000,0.0000,-0.0000,-0.0000,0.0000,0.0000,0.000,0.000,-0.0979,0.0149,-0.1088,0.0165,0.0335,0.1360,0,0.1128,-0.2901,0.1149,1,0.65,0.102,0.083,0.011,,-1.0545,-0.3726,1.8376,0.0983,-0.3138,-0.0854,0.0914,0.3096,0.0147,1,2.60,0.075,0.224,0.201,,1.0534,-0.1685,1.8323,0.0986,0.2936,-0.1200,0.0116,-0.3556,0.0147,1,1.89,0.038,0.174,0.097,,-0.0136,0.2595,1.1747,-0.0034,-0.3645,-0.1935,-0.0098,0.3466,0.0145,1,4.13,0.022,0.260,0.450,,0.0057,-0.1837,1.8428,-0.0013,0.3338,-0.1174,-0.0896,-0.3185,0.0145,1,3.30,0.144,0.342,0.162,,1.0340,0.2435,1.1987,-0.1033,-0.3240,-0.1910,-0.1085,0.3024,0.0150,1,0.08,0.003,0.025,0.006,,-1.0407,-0.1506,1.8188,-0.1014,0.2934,-0.1230
1.110,968,tripod,0.0047,0.0278,0.1674,-0.1088,0.0165,0.0335,0.0000,0.0000,-0.0000,-0.0000,0.0000,0.0000,0.000,0.000,-0.0979,0.0149,-0.1088,0.0165,0.0335,0.1360,0,0.1128,-0.2901,0.1149,1,0.65,0.102,0.083,0.011,,-1.0545,-0.3726,1.8376,0.0983,-0.3138,-0.0854,0.0914,0.3096,0.0147,1,2.60,0.075,0.224,0.201,,1.0534,-0.1685,1.8323,0.0986,0.2936,-0.1200,0.0116,-0.3556,0.0147,1,1.89,0.038,0.174,0.097,,-0.0136,0.2595,1.1747,-0.0034,-0.3645,-0.1935,-0.0098,0.3466,0.0145,1,4.13,0.022,0.260,0.450,,0.0057,-0.1837,1.8428,-0.0013,0.3338,-0.1174,-0.0896,-0.3185,0.0145,1,3.30,0.144,0.342,0.162,,1.0340,0.2435,1.1987,-0.1033,-0.3240,-0.1910,-0.1085,0.3024,0.0150,1,0.08,0.003,0.025,0.006,,-1.0407,-0.1506,1.8188,-0.1014,0.2934,-0.1230
1.115,972,tripod,0.0047,0.0278,0.1674,-0.1088,0.0165,0.0335,0.0000,0.0000,-0.0000,-0.0000,0.0000,0.0000,0.000,0.000,-0.0979,0.0149,-0.1088,0.0165,0.0335,0.1360,0,0.1128,-0.2901,0.1149,1,0.65,0.102,0.083,0.011,,-1.0545,-0.3726,1.8376,0.0983,-0.3138,-0.0854,0.0914,0.3096,0.0147,1,2.60,0.075,0.224,0.201,,1.0534,-0.1685,1.8323,0.0986,0.2936,-0.1200,0.0116,-0.3556,0.0147,1,1.89,0.038,0.174,0.097,,-0.0136,0.2595,1.1747,-0.0034,-0.3645,-0.1935,-0.0098,0.3466,0.0145,1,4.13,0.022,0.260,0.450,,0.0057,-0.1837,1.8428,-0.0013,0.3338,-0.1174,-0.0896,-0.3185,0.0145,1,3.30,0.144,0.342,0.162,,1.0340,0.2435,1.1987,-0.1033,-0.3240,-0.1910,-0.1085,0.3024,0.0150,1,0.08,0.003,0.025,0.006,,-1.0407,-0.1506,1.8188,-0.1014,0.2934,-0.1230
1.119,976,tripod,0.0047,0.0278,0.1674,-0.1088,0.0165,0.0335,0.0000,0.0000,-0.0000,-0.0000,0.0000,0.0000,0.000,0.000,-0.0979,0.0149,-0.1088,0.0165,0.0335,0.1360,0,0.1128,-0.2901,0.1149,1,0.65,0.102,0.083,0.011,,-1.0545,-0.3726,1.8376,0.0983,-0.3138,-0.0854,0.0914,0.3096,0.0147,1,2.60,0.075,0.224,0.201,,1.0534,-0.1685,1.8323,0.0986,0.2936,-0.1200,0.0116,-0.3556,0.0147,1,1.89,0.038,0.174,0.097,,-0.0136,0.2595,1.1747,-0.0034,-0.3645,-0.1935,-0.0098,0.3466,0.0145,1,4.13,0.022,0.260,0.450,,0.0057,-0.1837,1.8428,-0.0013,0.3338,-0.1174,-0.0896,-0.3185,0.0145,1,3.30,0.144,0.342,0.162,,1.0340,0.2435,1.1987,-0.1033,-0.3240,-0.1910,-0.1085,0.3024,0.0150,1,0.08,0.003,0.025,0.006,,-1.0407,-0.1506,1.8188,-0.1014,0.2934,-0.1230
1.124,980,tripod,0.0047,0.0278,0.1674,-0.1088,0.0165,0.0335,0.0000,0.0000,-0.0000,-0.0000,0.0000,0.0000,0.000,0.000,-0.0979,0.0149,-0.1088,0.0165,0.0335,0.1360,0,0.1128,-0.2901,0.1149,1,0.65,0.102,0.083,0.011,,-1.0545,-0.3726,1.8376,0.0983,-0.3138,-0.0854,0.0914,0.3096,0.0147,1,2.60,0.075,0.224,0.201,,1.0534,-0.1685,1.8323,0.0986,0.2936,-0.1200,0.0116,-0.3556,0.0147,1,1.89,0.038,0.174,0.097,,-0.0136,0.2595,1.1747,-0.0034,-0.3645,-0.1935,-0.0098,0.3466,0.0145,1,4.13,0.022,0.260,0.450,,0.0057,-0.1837,1.8428,-0.0013,0.3338,-0.1174,-0.0896,-0.3185,0.0145,1,3.30,0.144,0.342,0.162,,1.0340,0.2435,1.1987,-0.1033,-0.3240,-0.1910,-0.1085,0.3024,0.0150,1,0.08,0.003,0.025,0.006,,-1.0407,-0.1506,1.8188,-0.1014,0.2934,-0.1230
1.130,984,tripod,0.0047,0.0278,0.1674,-0.1088,0.0165,0.0335,0.0000,0.0000,-0.0000,-0.0000,0.0000,0.0000,0.000,0.000,-0.0979,0.0149,-0.1088,0.0165,0.0335,0.1360,0,0.1128,-0.2901,0.1149,1,0.65,0.102,0.083,0.011,,-1.0545,-0.3726,1.8376,0.0983,-0.3138,-0.0854,0.0914,0.3096,0.0147,1,2.60,0.075,0.224,0.201,,1.0534,-0.1685,1.8323,0.0986,0.2936,-0.1200,0.0116,-0.3556,0.0147,1,1.89,0.038,0.174,0.097,,-0.0136,0.2595,1.1747,-0.0034,-0.3645,-0.1935,-0.0098,0.3466,0.0145,1,4.13,0.022,0.260,0.450,,0.0057,-0.1837,1.8428,-0.0013,0.3338,-0.1174,-0.0896,-0.3185,0.0145,1,3.30,0.144,0.342,0.162,,1.0340,0.2435,1.1987,-0.1033,-0.3240,-0.1910,-0.1085,0.3024,0.0150,1,0.08,0.003,0.025,0.006,,-1.0407,-0.1506,1.8188,-0.1014,0.2934,-0.1230
1.136,988,tripod,0.0047,0.0278,0.1674,-0.1088,0.0165,0.0335,0.0000,0.0000,-0.0000,-0.0000,0.0000,0.0000,0.000,0.000,-0.0979,0.0149,-0.1088,0.0165,0.0335,0.1360,0,0.1128,-0.2901,0.1149,1,0.65,0.102,0.083,0.011,,-1.0545,-0.3726,1.8376,0.0983,-0.3138,-0.0854,0.0914,0.3096,0.0147,1,2.60,0.075,0.224,0.201,,1.0534,-0.1685,1.8323,0.0986,0.2936,-0.1200,0.0116,-0.3556,0.0147,1,1.89,0.038,0.174,0.097,,-0.0136,0.2595,1.1747,-0.0034,-0.3645,-0.1935,-0.0098,0.3466,0.0145,1,4.13,0.022,0.260,0.450,,0.0057,-0.1837,1.8428,-0.0013,0.3338,-0.1174,-0.0896,-0.3185,0.0145,1,3.30,0.144,0.342,0.162,,1.0340,0.2435,1.1987,-0.1033,-0.3240,-0.1910,-0.1085,0.3024,0.0150,1,0.08,0.003,0.025,0.006,,-1.0407,-0.1506,1.8188,-0.1014,0.2934,-0.1230
1.140,992,tripod,0.0047,0.0278,0.1674,-0.1088,0.0165,0.0335,0.0000,0.0000,-0.0000,-0.0000,0.0000,0.0000,0.000,0.000,-0.0979,0.0149,-0.1088,0.0165,0.0335,0.1360,0,0.1128,-0.2901,0.1149,1,0.65,0.102,0.083,0.011,,-1.0545,-0.3726,1.8376,0.0983,-0.3138,-0.0854,0.0914,0.3096,0.0147,1,2.60,0.075,0.224,0.201,,1.0534,-0.1685,1.8323,0.0986,0.2936,-0.1200,0.0116,-0.3556,0.0147,1,1.89,0.038,0.174,0.097,,-0.0136,0.2595,1.1747,-0.0034,-0.3645,-0.1935,-0.0098,0.3466,0.0145,1,4.13,0.022,0.260,0.450,,0.0057,-0.1837,1.8428,-0.0013,0.3338,-0.1174,-0.0896,-0.3185,0.0145,1,3.30,0.144,0.342,0.162,,1.0340,0.2435,1.1987,-0.1033,-0.3240,-0.1910,-0.1085,0.3024,0.0150,1,0.08,0.003,0.025,0.006,,-1.0407,-0.1506,1.8188,-0.1014,0.2934,-0.1230
1.145,996,tripod,0.0047,0.0278,0.1674,-0.1088,0.0165,0.0335,0.0000,0.0000,-0.0000,-0.0000,0.0000,0.0000,0.000,0.000,-0.0979,0.0149,-0.1088,0.0165,0.0335,0.1360,0,0.1128,-0.2901,0.1149,1,0.65,0.102,0.083,0.011,,-1.0545,-0.3726,1.8376,0.0983,-0.3138,-0.0854,0.0914,0.3096,0.0147,1,2.60,0.075,0.224,0.201,,1.0534,-0.1685,1.8323,0.0986,0.2936,-0.1200,0.0116,-0.3556,0.0147,1,1.89,0.038,0.174,0.097,,-0.0136,0.2595,1.1747,-0.0034,-0.3645,-0.1935,-0.0098,0.3466,0.0145,1,4.13,0.022,0.260,0.450,,0.0057,-0.1837,1.8428,-0.0013,0.3338,-0.1174,-0.0896,-0.3185,0.0145,1,3.30,0.144,0.342,0.162,,1.0340,0.2435,1.1987,-0.1033,-0.3240,-0.1910,-0.1085,0.3024,0.0150,1,0.08,0.003,0.025,0.006,,-1.0407,-0.1506,1.8188,-0.1014,0.2934,-0.1230
1.149,1000,tripod,0.0047,0.0278,0.1674,-0.1088,0.0165,0.0335,0.0000,0.0000,-0.0000,-0.0000,0.0000,0.0000,0.000,0.000,-0.0979,0.0149,-0.1088,0.0165,0.0335,0.1360,0,0.1128,-0.2901,0.1149,1,0.65,0.102,0.083,0.011,,-1.0545,-0.3726,1.8376,0.0983,-0.3138,-0.0854,0.0914,0.3096,0.0147,1,2.60,0.075,0.224,0.201,,1.0534,-0.1685,1.8323,0.0986,0.2936,-0.1200,0.0116,-0.3556,0.0147,1,1.89,0.038,0.174,0.097,,-0.0136,0.2595,1.1747,-0.0034,-0.3645,-0.1935,-0.0098,0.3466,0.0145,1,4.13,0.022,0.260,0.450,,0.0057,-0.1837,1.8428,-0.0013,0.3338,-0.1174,-0.0896,-0.3185,0.0145,1,3.30,0.144,0.342,0.162,,1.0340,0.2435,1.1987,-0.1033,-0.3240,-0.1910,-0.1085,0.3024,0.0150,1,0.08,0.003,0.025,0.006,,-1.0407,-0.1506,1.8188,-0.1014,0.2934,-0.1230
1.154,1004,tripod,0.0047,0.0278,0.1674,-0.1088,0.0165,0.0335,0.0000,0.0000,-0.0000,-0.0000,0.0000,0.0000,0.000,0.000,-0.0979,0.0149,-0.1088,0.0165,0.0335,0.1360,0,0.1128,-0.2901,0.1149,1,0.65,0.102,0.083,0.011,,-1.0545,-0.3726,1.8376,0.0983,-0.3138,-0.0854,0.0914,0.3096,0.0147,1,2.60,0.075,0.224,0.201,,1.0534,-0.1685,1.8323,0.0986,0.2936,-0.1200,0.0116,-0.3556,0.0147,1,1.89,0.038,0.174,0.097,,-0.0136,0.2595,1.1747,-0.0034,-0.3645,-0.1935,-0.0098,0.3466,0.0145,1,4.13,0.022,0.260,0.450,,0.0057,-0.1837,1.8428,-0.0013,0.3338,-0.1174,-0.0896,-0.3185,0.0145,1,3.30,0.144,0.342,0.162,,1.0340,0.2435,1.1987,-0.1033,-0.3240,-0.1910,-0.1085,0.3024,0.0150,1,0.08,0.003,0.025,0.006,,-1.0407,-0.1506,1.8188,-0.1014,0.2934,-0.1230
1.158,1008,tripod,0.0047,0.0278,0.1674,-0.1088,0.0165,0.0335,0.0000,0.0000,-0.0000,-0.0000,0.0000,0.0000,0.000,0.000,-0.0979,0.0149,-0.1088,0.0165,0.0335,0.1360,0,0.1128,-0.2901,0.1149,1,0.65,0.102,0.083,0.011,,-1.0545,-0.3726,1.8376,0.0983,-0.3138,-0.0854,0.0914,0.3096,0.0147,1,2.60,0.075,0.224,0.201,,1.0534,-0.1685,1.8323,0.0986,0.2936,-0.1200,0.0116,-0.3556,0.0147,1,1.89,0.038,0.174,0.097,,-0.0136,0.2595,1.1747,-0.0034,-0.3645,-0.1935,-0.0098,0.3466,0.0145,1,4.13,0.022,0.260,0.450,,0.0057,-0.1837,1.8428,-0.0013,0.3338,-0.1174,-0.0896,-0.3185,0.0145,1,3.30,0.144,0.342,0.162,,1.0340,0.2435,1.1987,-0.1033,-0.3240,-0.1910,-0.1085,0.3024,0.0150,1,0.08,0.003,0.025,0.006,,-1.0407,-0.1506,1.8188,-0.1014,0.2934,-0.1230
1.163,1012,tripod,0.0047,0.0278,0.1674,-0.1088,0.0165,0.0335,0.0000,0.0000,-0.0000,-0.0000,0.0000,0.0000,0.000,0.000,-0.0979,0.0149,-0.1088,0.0165,0.0335,0.1360,0,0.1128,-0.2901,0.1149,1,0.65,0.102,0.083,0.011,,-1.0545,-0.3726,1.8376,0.0983,-0.3138,-0.0854,0.0914,0.3096,0.0147,1,2.60,0.075,0.224,0.201,,1.0534,-0.1685,1.8323,0.0986,0.2936,-0.1200,0.0116,-0.3556,0.0147,1,1.89,0.038,0.174,0.097,,-0.0136,0.2595,1.1747,-0.0034,-0.3645,-0.1935,-0.0098,0.3466,0.0145,1,4.13,0.022,0.260,0.450,,0.0057,-0.1837,1.8428,-0.0013,0.3338,-0.1174,-0.0896,-0.3185,0.0145,1,3.30,0.144,0.342,0.162,,1.0340,0.2435,1.1987,-0.1033,-0.3240,-0.1910,-0.1085,0.3024,0.0150,1,0.08,0.003,0.025,0.006,,-1.0407,-0.1506,1.8188,-0.1014,0.2934,-0.1230
1.170,1016,tripod,0.0047,0.0278,0.1674,-0.1088,0.0165,0.0335,0.0000,0.0000,-0.0000,-0.0000,0.0000,0.0000,0.000,0.000,-0.0979,0.0149,-0.1088,0.0165,0.0335,0.1360,0,0.1128,-0.2901,0.1149,1,0.65,0.102,0.083,0.011,,-1.0545,-0.3726,1.8376,0.0983,-0.3138,-0.0854,0.0914,0.3096,0.0147,1,2.60,0.075,0.224,0.201,,1.0534,-0.1685,1.8323,0.0986,0.2936,-0.1200,0.0116,-0.3556,0.0147,1,1.89,0.038,0.174,0.097,,-0.0136,0.2595,1.1747,-0.0034,-0.3645,-0.1935,-0.0098,0.3466,0.0145,1,4.13,0.022,0.260,0.450,,0.0057,-0.1837,1.8428,-0.0013,0.3338,-0.1174,-0.0896,-0.3185,0.0145,1,3.30,0.144,0.342,0.162,,1.0340,0.2435,1.1987,-0.1033,-0.3240,-0.1910,-0.1085,0.3024,0.0150,1,0.08,0.003,0.025,0.006,,-1.0407,-0.1506,1.8188,-0.1014,0.2934,-0.1230
1.175,1020,tripod,0.0047,0.0278,0.1674,-0.1088,0.0165,0.0335,0.0000,0.0000,-0.0000,-0.0000,0.0000,0.0000,0.000,0.000,-0.0979,0.0149,-0.1088,0.0165,0.0335,0.1360,0,0.1128,-0.2901,0.1149,1,0.65,0.102,0.083,0.011,,-1.0545,-0.3726,1.8376,0.0983,-0.3138,-0.0854,0.0914,0.3096,0.0147,1,2.60,0.075,0.224,0.201,,1.0534,-0.1685,1.8323,0.0986,0.2936,-0.1200,0.0116,-0.3556,0.0147,1,1.89,0.038,0.174,0.097,,-0.0136,0.2595,1.1747,-0.0034,-0.3645,-0.1935,-0.0098,0.3466,0.0145,1,4.13,0.022,0.260,0.450,,0.0057,-0.1837,1.8428,-0.0013,0.3338,-0.1174,-0.0896,-0.3185,0.0145,1,3.30,0.144,0.342,0.162,,1.0340,0.2435,1.1987,-0.1033,-0.3240,-0.1910,-0.1085,0.3024,0.0150,1,0.08,0.003,0.025,0.006,,-1.0407,-0.1506,1.8188,-0.1014,0.2934,-0.1230
1.179,1024,tripod,0.0047,0.0278,0.1674,-0.1088,0.0165,0.0335,0.0000,0.0000,-0.0000,-0.0000,0.0000,0.0000,0.000,0.000,-0.0979,0.0149,-0.1088,0.0165,0.0335,0.1360,0,0.1128,-0.2901,0.1149,1,0.65,0.102,0.083,0.011,,-1.0545,-0.3726,1.8376,0.0983,-0.3138,-0.0854,0.0914,0.3096,0.0147,1,2.60,0.075,0.224,0.201,,1.0534,-0.1685,1.8323,0.0986,0.2936,-0.1200,0.0116,-0.3556,0.0147,1,1.89,0.038,0.174,0.097,,-0.0136,0.2595,1.1747,-0.0034,-0.3645,-0.1935,-0.0098,0.3466,0.0145,1,4.13,0.022,0.260,0.450,,0.0057,-0.1837,1.8428,-0.0013,0.3338,-0.1174,-0.0896,-0.3185,0.0145,1,3.30,0.144,0.342,0.162,,1.0340,0.2435,1.1987,-0.1033,-0.3240,-0.1910,-0.1085,0.3024,0.0150,1,0.08,0.003,0.025,0.006,,-1.0407,-0.1506,1.8188,-0.1014,0.2934,-0.1230
1.184,1028,tripod,0.0047,0.0278,0.1674,-0.1088,0.0165,0.0335,0.0000,0.0000,-0.0000,-0.0000,0.0000,0.0000,0.000,0.000,-0.0979,0.0149,-0.1088,0.0165,0.0335,0.1360,0,0.1128,-0.2901,0.1149,1,0.65,0.102,0.083,0.011,,-1.0545,-0.3726,1.8376,0.0983,-0.3138,-0.0854,0.0914,0.3096,0.0147,1,2.60,0.075,0.224,0.201,,1.0534,-0.1685,1.8323,0.0986,0.2936,-0.1200,0.0116,-0.3556,0.0147,1,1.89,0.038,0.174,0.097,,-0.0136,0.2595,1.1747,-0.0034,-0.3645,-0.1935,-0.0098,0.3466,0.0145,1,4.13,0.022,0.260,0.450,,0.0057,-0.1837,1.8428,-0.0013,0.3338,-0.1174,-0.0896,-0.3185,0.0145,1,3.30,0.144,0.342,0.162,,1.0340,0.2435,1.1987,-0.1033,-0.3240,-0.1910,-0.1085,0.3024,0.0150,1,0.08,0.003,0.025,0.006,,-1.0407,-0.1506,1.8188,-0.1014,0.2934,-0.1230
1.188,1032,tripod,0.0047,0.0278,0.1674,-0.1088,0.0165,0.0335,0.0000,0.0000,-0.0000,-0.0000,0.0000,0.0000,0.000,0.000,-0.0979,0.0149,-0.1088,0.0165,0.0335,0.1360,0,0.1128,-0.2901,0.1149,1,0.65,0.102,0.083,0.011,,-1.0545,-0.3726,1.8376,0.0983,-0.3138,-0.0854,0.0914,0.3096,0.0147,1,2.60,0.075,0.224,0.201,,1.0534,-0.1685,1.8323,0.0986,0.2936,-0.1200,0.0116,-0.3556,0.0147,1,1.89,0.038,0.174,0.097,,-0.0136,0.2595,1.1747,-0.0034,-0.3645,-0.1935,-0.0098,0.3466,0.0145,1,4.13,0.022,0.260,0.450,,0.0057,-0.1837,1.8428,-0.0013,0.3338,-0.1174,-0.0896,-0.3185,0.0145,1,3.30,0.144,0.342,0.162,,1.0340,0.2435,1.1987,-0.1033,-0.3240,-0.1910,-0.1085,0.3024,0.0150,1,0.08,0.003,0.025,0.006,,-1.0407,-0.1506,1.8188,-0.1014,0.2934,-0.1230
1.193,1036,tripod,0.0047,0.0278,0.1674,-0.1088,0.0165,0.0335,0.0000,0.0000,-0.0000,-0.0000,0.0000,0.0000,0.000,0.000,-0.0979,0.0149,-0.1088,0.0165,0.0335,0.1360,0,0.1128,-0.2901,0.1149,1,0.65,0.102,0.083,0.011,,-1.0545,-0.3726,1.8376,0.0983,-0.3138,-0.0854,0.0914,0.3096,0.0147,1,2.60,0.075,0.224,0.201,,1.0534,-0.1685,1.8323,0.0986,0.2936,-0.1200,0.0116,-0.3556,0.0147,1,1.89,0.038,0.174,0.097,,-0.0136,0.2595,1.1747,-0.0034,-0.3645,-0.1935,-0.0098,0.3466,0.0145,1,4.13,0.022,0.260,0.450,,0.0057,-0.1837,1.8428,-0.0013,0.3338,-0.1174,-0.0896,-0.3185,0.0145,1,3.30,0.144,0.342,0.162,,1.0340,0.2435,1.1987,-0.1033,-0.3240,-0.1910,-0.1085,0.3024,0.0150,1,0.08,0.003,0.025,0.006,,-1.0407,-0.1506,1.8188,-0.1014,0.2934,-0.1230
1.197,1040,tripod,0.0047,0.0278,0.1674,-0.1088,0.0165,0.0335,0.0000,0.0000,-0.0000,-0.0000,0.0000,0.0000,0.000,0.000,-0.0979,0.0149,-0.1088,0.0165,0.0335,0.1360,0,0.1128,-0.2901,0.1149,1,0.65,0.102,0.083,0.011,,-1.0545,-0.3726,1.8376,0.0983,-0.3138,-0.0854,0.0914,0.3096,0.0147,1,2.60,0.075,0.224,0.201,,1.0534,-0.1685,1.8323,0.0986,0.2936,-0.1200,0.0116,-0.3556,0.0147,1,1.89,0.038,0.174,0.097,,-0.0136,0.2595,1.1747,-0.0034,-0.3645,-0.1935,-0.0098,0.3466,0.0145,1,4.13,0.022,0.260,0.450,,0.0057,-0.1837,1.8428,-0.0013,0.3338,-0.1174,-0.0896,-0.3185,0.0145,1,3.30,0.144,0.342,0.162,,1.0340,0.2435,1.1987,-0.1033,-0.3240,-0.1910,-0.1085,0.3024,0.0150,1,0.08,0.003,0.025,0.006,,-1.0407,-0.1506,1.8188,-0.1014,0.2934,-0.1230
1.202,1044,tripod,0.0047,0.0278,0.1674,-0.1088,0.0165,0.0335,0.0000,0.0000,-0.0000,-0.0000,0.0000,0.0000,0.000,0.000,-0.0979,0.0149,-0.1088,0.0165,0.0335,0.1360,0,0.1128,-0.2901,0.1149,1,0.65,0.102,0.083,0.011,,-1.0545,-0.3726,1.8376,0.0983,-0.3138,-0.0854,0.0914,0.3096,0.0147,1,2.60,0.075,0.224,0.201,,1.0534,-0.1685,1.8323,0.0986,0.2936,-0.1200,0.0116,-0.3556,0.0147,1,1.89,0.038,0.174,0.097,,-0.0136,0.2595,1.1747,-0.0034,-0.3645,-0.1935,-0.0098,0.3466,0.0145,1,4.13,0.022,0.260,0.450,,0.0057,-0.1837,1.8428,-0.0013,0.3338,-0.1174,-0.0896,-0.3185,0.0145,1,3.30,0.144,0.342,0.162,,1.0340,0.2435,1.1987,-0.1033,-0.3240,-0.1910,-0.1085,0.3024,0.0150,1,0.08,0.002,0.025,0.006,,-1.0407,-0.1506,1.8188,-0.1014,0.2934,-0.1230
1.209,1048,tripod,0.0047,0.0278,0.1674,-0.1088,0.0165,0.0335,0.0000,0.0000,-0.0000,-0.0000,0.0000,0.0000,0.000,0.000,-0.0979,0.0149,-0.1088,0.0165,0.0335,0.1360,0,0.1128,-0.2901,0.1149,1,0.65,0.102,0.083,0.011,,-1.0545,-0.3726,1.8376,0.0983,-0.3138,-0.0854,0.0914,0.3096,0.0147,1,2.60,0.075,0.224,0.201,,1.0534,-0.1685,1.8323,0.0986,0.2936,-0.1200,0.0116,-0.3556,0.0147,1,1.89,0.038,0.174,0.097,,-0.0136,0.2595,1.1747,-0.0034,-0.3645,-0.1935,-0.0098,0.3466,0.0145,1,4.13,0.022,0.260,0.450,,0.0057,-0.1837,1.8428,-0.0013,0.3338,-0.1174,-0.0896,-0.3185,0.0145,1,3.30,0.144,0.342,0.162,,1.0340,0.2435,1.1987,-0.1033,-0.3240,-0.1910,-0.1085,0.3024,0.0150,1,0.08,0.002,0.025,0.006,,-1.0407,-0.1506,1.8188,-0.1014,0.2934,-0.1230
1.214,1052,tripod,0.0047,0.0278,0.1674,-0.1088,0.0165,0.0335,0.0000,0.0000,-0.0000,-0.0000,0.0000,0.0000,0.000,0.000,-0.0979,0.0149,-0.1088,0.0165,0.0335,0.1360,0,0.1128,-0.2901,0.1149,1,0.65,0.102,0.083,0.011,,-1.0545,-0.3726,1.8376,0.0983,-0.3138,-0.0854,0.0914,0.3096,0.0147,1,2.60,0.075,0.224,0.201,,1.0534,-0.1685,1.8323,0.0986,0.2936,-0.1200,0.0116,-0.3556,0.0147,1,1.89,0.038,0.174,0.097,,-0.0136,0.2595,1.1747,-0.0034,-0.3645,-0.1935,-0.0098,0.3466,0.0145,1,4.13,0.022,0.260,0.450,,0.0057,-0.1837,1.8428,-0.0013,0.3338,-0.1174,-0.0896,-0.3185,0.0145,1,3.30,0.144,0.342,0.162,,1.0340,0.2435,1.1987,-0.1033,-0.3240,-0.1910,-0.1085,0.3024,0.0150,1,0.08,0.002,0.025,0.006,,-1.0407,-0.1506,1.8188,-0.1014,0.2934,-0.1230
1.218,1056,tripod,0.0047,0.0278,0.1674,-0.1088,0.0165,0.0335,0.0000,0.0000,-0.0000,-0.0000,0.0000,0.0000,0.000,0.000,-0.0979,0.0149,-0.1088,0.0165,0.0335,0.1360,0,0.1128,-0.2901,0.1149,1,0.65,0.102,0.083,0.011,,-1.0545,-0.3726,1.8376,0.0983,-0.3138,-0.0854,0.0914,0.3096,0.0147,1,2.60,0.075,0.224,0.201,,1.0534,-0.1685,1.8323,0.0986,0.2936,-0.1200,0.0116,-0.3556,0.0147,1,1.89,0.038,0.174,0.097,,-0.0136,0.2595,1.1747,-0.0034,-0.3645,-0.1935,-0.0098,0.3466,0.0145,1,4.13,0.022,0.260,0.450,,0.0057,-0.1837,1.8428,-0.0013,0.3338,-0.1174,-0.0896,-0.3185,0.0145,1,3.30,0.144,0.342,0.162,,1.0340,0.2435,1.1987,-0.1033,-0.3240,-0.1910,-0.1085,0.3024,0.0150,1,0.08,0.002,0.025,0.006,,-1.0407,-0.1506,1.8188,-0.1014,0.2934,-0.1230
1.223,1060,tripod,0.0047,0.0278,0.1674,-0.1088,0.0165,0.0335,0.0000,0.0000,-0.0000,-0.0000,0.0000,0.0000,0.000,0.000,-0.0979,0.0149,-0.1088,0.0165,0.0335,0.1360,0,0.1128,-0.2901,0.1149,1,0.65,0.102,0.083,0.011,,-1.0545,-0.3726,1.8376,0.0983,-0.3138,-0.0854,0.0914,0.3096,0.0147,1,2.60,0.075,0.224,0.201,,1.0534,-0.1685,1.8323,0.0986,0.2936,-0.1200,0.0116,-0.3556,0.0147,1,1.89,0.038,0.174,0.097,,-0.0136,0.2595,1.1747,-0.0034,-0.3645,-0.1935,-0.0098,0.3466,0.0145,1,4.13,0.022,0.260,0.450,,0.0057,-0.1837,1.8428,-0.0013,0.3338,-0.1174,-0.0896,-0.3185,0.0145,1,3.30,0.144,0.342,0.162,,1.0340,0.2435,1.1987,-0.1033,-0.3240,-0.1910,-0.1085,0.3024,0.0150,1,0.08,0.002,0.025,0.006,,-1.0407,-0.1506,1.8188,-0.1014,0.2934,-0.1230
1.227,1064,tripod,0.0047,0.0278,0.1674,-0.1088,0.0165,0.0335,0.0000,0.0000,-0.0000,-0.0000,0.0000,0.0000,0.000,0.000,-0.0979,0.0149,-0.1088,0.0165,0.0335,0.1360,0,0.1128,-0.2901,0.1149,1,0.65,0.102,0.083,0.011,,-1.0545,-0.3726,1.8376,0.0983,-0.3138,-0.0854,0.0914,0.3096,0.0147,1,2.60,0.075,0.224,0.201,,1.0534,-0.1685,1.8323,0.0986,0.2936,-0.1200,0.0116,-0.3556,0.0147,1,1.89,0.038,0.174,0.097,,-0.0136,0.2595,1.1747,-0.0034,-0.3645,-0.1935,-0.0098,0.3466,0.0145,1,4.13,0.022,0.260,0.450,,0.0057,-0.1837,1.8428,-0.0013,0.3338,-0.1174,-0.0896,-0.3185,0.0145,1,3.30,0.144,0.342,0.162,,1.0340,0.2435,1.1987,-0.1033,-0.3240,-0.1910,-0.1085,0.3024,0.0150,1,0.08,0.002,0.025,0.006,,-1.0407,-0.1506,1.8188,-0.1014,0.2934,-0.1230
1.232,1068,tripod,0.0047,0.0278,0.1674,-0.1088,0.0165,0.0335,0.0000,0.0000,-0.0000,-0.0000,0.0000,0.0000,0.000,0.000,-0.0979,0.0149,-0.1088,0.0165,0.0335,0.1360,0,0.1128,-0.2901,0.1149,1,0.65,0.102,0.083,0.011,,-1.0545,-0.3726,1.8376,0.0983,-0.3138,-0.0854,0.0914,0.3096,0.0147,1,2.60,0.075,0.224,0.201,,1.0534,-0.1685,1.8323,0.0986,0.2936,-0.1200,0.0116,-0.3556,0.0147,1,1.89,0.038,0.174,0.097,,-0.0136,0.2595,1.1747,-0.0034,-0.3645,-0.1935,-0.0098,0.3466,0.0145,1,4.13,0.022,0.260,0.450,,0.0057,-0.1837,1.8428,-0.0013,0.3338,-0.1174,-0.0896,-0.3185,0.0145,1,3.30,0.144,0.342,0.162,,1.0340,0.2435,1.1987,-0.1033,-0.3240,-0.1910,-0.1085,0.3024,0.0150,1,0.08,0.002,0.025,0.006,,-1.0407,-0.1506,1.8188,-0.1014,0.2934,-0.1230
1.236,1072,tripod,0.0047,0.0278,0.1674,-0.1088,0.0165,0.0335,0.0000,0.0000,-0.0000,-0.0000,0.0000,0.0000,0.000,0.000,-0.0979,0.0149,-0.1088,0.0165,0.0335,0.1360,0,0.1128,-0.2901,0.1149,1,0.65,0.102,0.083,0.011,,-1.0545,-0.3726,1.8376,0.0983,-0.3138,-0.0854,0.0914,0.3096,0.0147,1,2.60,0.075,0.224,0.201,,1.0534,-0.1685,1.8323,0.0986,0.2936,-0.1200,0.0116,-0.3556,0.0147,1,1.89,0.038,0.174,0.097,,-0.0136,0.2595,1.1747,-0.0034,-0.3645,-0.1935,-0.0098,0.3466,0.0145,1,4.13,0.022,0.260,0.450,,0.0057,-0.1837,1.8428,-0.0013,0.3338,-0.1174,-0.0896,-0.3185,0.0145,1,3.30,0.144,0.342,0.162,,1.0340,0.2435,1.1987,-0.1033,-0.3240,-0.1910,-0.1085,0.3024,0.0150,1,0.08,0.002,0.025,0.006,,-1.0407,-0.1506,1.8188,-0.1014,0.2934,-0.1230
1.241,1076,tripod,0.0047,0.0278,0.1674,-0.1088,0.0165,0.0335,0.0000,0.0000,-0.0000,-0.0000,0.0000,0.0000,0.000,0.000,-0.0979,0.0149,-0.1088,0.0165,0.0335,0.1360,0,0.1128,-0.2901,0.1149,1,0.65,0.102,0.083,0.011,,-1.0545,-0.3726,1.8376,0.0983,-0.3138,-0.0854,0.0914,0.3096,0.0147,1,2.60,0.075,0.224,0.201,,1.0534,-0.1685,1.8323,0.0986,0.2936,-0.1200,0.0116,-0.3556,0.0147,1,1.89,0.038,0.174,0.097,,-0.0136,0.2595,1.1747,-0.0034,-0.3645,-0.1935,-0.0098,0.3466,0.0145,1,4.13,0.022,0.260,0.450,,0.0057,-0.1837,1.8428,-0.0013,0.3338,-0.1174,-0.0896,-0.3185,0.0145,1,3.30,0.144,0.342,0.162,,1.0340,0.2435,1.1987,-0.1033,-0.3240,-0.1910,-0.1085,0.3024,0.0150,1,0.08,0.002,0.025,0.006,,-1.0407,-0.1506,1.8188,-0.1014,0.2934,-0.1230
1.248,1080,tripod,0.0047,0.0278,0.1674,-0.1088,0.0165,0.0335,0.0000,0.0000,-0.0000,-0.0000,0.0000,0.0000,0.000,0.000,-0.0979,0.0149,-0.1088,0.0165,0.0335,0.1360,0,0.1128,-0.2901,0.1149,1,0.65,0.102,0.083,0.011,,-1.0545,-0.3726,1.8376,0.0983,-0.3138,-0.0854,0.0914,0.3096,0.0147,1,2.60,0.075,0.224,0.201,,1.0534,-0.1685,1.8323,0.0986,0.2936,-0.1200,0.0116,-0.3556,0.0147,1,1.89,0.038,0.174,0.097,,-0.0136,0.2595,1.1747,-0.0034,-0.3645,-0.1935,-0.0098,0.3466,0.0145,1,4.13,0.022,0.260,0.450,,0.0057,-0.1837,1.8428,-0.0013,0.3338,-0.1174,-0.0896,-0.3185,0.0145,1,3.30,0.144,0.342,0.162,,1.0340,0.2435,1.1987,-0.1033,-0.3240,-0.1910,-0.1085,0.3024,0.0150,1,0.08,0.002,0.025,0.006,,-1.0407,-0.1506,1.8188,-0.1014,0.2934,-0.1230
1.253,1084,tripod,0.0047,0.0278,0.1674,-0.1088,0.0165,0.0335,0.0000,0.0000,-0.0000,-0.0000,0.0000,0.0000,0.000,0.000,-0.0979,0.0149,-0.1088,0.0165,0.0335,0.1360,0,0.1128,-0.2901,0.1149,1,0.65,0.102,0.083,0.011,,-1.0545,-0.3726,1.8376,0.0983,-0.3138,-0.0854,0.0914,0.3096,0.0147,1,2.60,0.075,0.224,0.201,,1.0534,-0.1685,1.8323,0.0986,0.2936,-0.1200,0.0116,-0.3556,0.0147,1,1.89,0.038,0.174,0.097,,-0.0136,0.2595,1.1747,-0.0034,-0.3645,-0.1935,-0.0098,0.3466,0.0145,1,4.13,0.022,0.260,0.450,,0.0057,-0.1837,1.8428,-0.0013,0.3338,-0.1174,-0.0896,-0.3185,0.0145,1,3.30,0.144,0.342,0.162,,1.0340,0.2435,1.1987,-0.1033,-0.3240,-0.1910,-0.1085,0.3024,0.0150,1,0.08,0.002,0.025,0.006,,-1.0407,-0.1506,1.8188,-0.1014,0.2934,-0.1230
1.257,1088,tripod,0.0047,0.0278,0.1674,-0.1088,0.0165,0.0335,0.0000,0.0000,-0.0000,-0.0000,0.0000,0.0000,0.000,0.000,-0.0979,0.0149,-0.1088,0.0165,0.0335,0.1360,0,0.1128,-0.2901,0.1149,1,0.65,0.102,0.083,0.011,,-1.0545,-0.3726,1.8376,0.0983,-0.3138,-0.0854,0.0914,0.3096,0.0147,1,2.60,0.075,0.224,0.201,,1.0534,-0.1685,1.8323,0.0986,0.2936,-0.1200,0.0116,-0.3556,0.0147,1,1.89,0.038,0.174,0.097,,-0.0136,0.2595,1.1747,-0.0034,-0.3645,-0.1935,-0.0098,0.3466,0.0145,1,4.13,0.022,0.260,0.450,,0.0057,-0.1837,1.8428,-0.0013,0.3338,-0.1174,-0.0896,-0.3185,0.0145,1,3.30,0.144,0.342,0.162,,1.0340,0.2435,1.1987,-0.1033,-0.3240,-0.1910,-0.1085,0.3024,0.0150,1,0.08,0.002,0.025,0.006,,-1.0407,-0.1506,1.8188,-0.1014,0.2934,-0.1230
1.262,1092,tripod,0.0047,0.0278,0.1674,-0.1088,0.0165,0.0335,0.0000,0.0000,-0.0000,-0.0000,0.0000,0.0000,0.000,0.000,-0.0979,0.0149,-0.1088,0.0165,0.0335,0.1360,0,0.1128,-0.2901,0.1149,1,0.65,0.102,0.083,0.011,,-1.0545,-0.3726,1.8376,0.0983,-0.3138,-0.0854,0.0914,0.3096,0.0147,1,2.60,0.075,0.224,0.201,,1.0534,-0.1685,1.8323,0.0986,0.2936,-0.1200,0.0116,-0.3556,0.0147,1,1.89,0.038,0.174,0.097,,-0.0136,0.2595,1.1747,-0.0034,-0.3645,-0.1935,-0.0098,0.3466,0.0145,1,4.13,0.022,0.260,0.450,,0.0057,-0.1837,1.8428,-0.0013,0.3338,-0.1174,-0.0896,-0.3185,0.0145,1,3.30,0.144,0.342,0.162,,1.0340,0.2435,1.1987,-0.1033,-0.3240,-0.1910,-0.1085,0.3024,0.0150,1,0.08,0.002,0.025,0.006,,-1.0407,-0.1506,1.8188,-0.1014,0.2934,-0.1230
1.267,1096,tripod,0.0047,0.0278,0.1674,-0.1088,0.0165,0.0335,0.0000,0.0000,-0.0000,-0.0000,0.0000,0.0000,0.000,0.000,-0.0979,0.0149,-0.1088,0.0165,0.0335,0.1360,0,0.1128,-0.2901,0.1149,1,0.65,0.102,0.083,0.011,,-1.0545,-0.3726,1.8376,0.0983,-0.3138,-0.0854,0.0914,0.3096,0.0147,1,2.60,0.075,0.224,0.201,,1.0534,-0.1685,1.8323,0.0986,0.2936,-0.1200,0.0116,-0.3556,0.0147,1,1.89,0.038,0.174,0.097,,-0.0136,0.2595,1.1747,-0.0034,-0.3645,-0.1935,-0.0098,0.3466,0.0145,1,4.13,0.022,0.260,0.450,,0.0057,-0.1837,1.8428,-0.0013,0.3338,-0.1174,-0.0896,-0.3185,0.0145,1,3.30,0.144,0.342,0.162,,1.0340,0.2435,1.1987,-0.1033,-0.3240,-0.1910,-0.1085,0.3024,0.0150,1,0.08,0.002,0.025,0.006,,-1.0407,-0.1506,1.8188,-0.1014,0.2934,-0.1230
1.272,1100,tripod,0.0047,0.0278,0.1674,-0.1088,0.0165,0.0335,0.0000,0.0000,-0.0000,-0.0000,0.0000,0.0000,0.000,0.000,-0.0979,0.0149,-0.1088,0.0165,0.0335,0.1360,0,0.1128,-0.2901,0.1149,1,0.65,0.102,0.083,0.011,,-1.0545,-0.3726,1.8376,0.0983,-0.3138,-0.0854,0.0914,0.3096,0.0147,1,2.60,0.075,0.224,0.201,,1.0534,-0.1685,1.8323,0.0986,0.2936,-0.1200,0.0116,-0.3556,0.0147,1,1.89,0.038,0.174,0.097,,-0.0136,0.2595,1.1747,-0.0034,-0.3645,-0.1935,-0.0098,0.3466,0.0145,1,4.13,0.022,0.260,0.450,,0.0057,-0.1837,1.8428,-0.0013,0.3338,-0.1174,-0.0896,-0.3185,0.0145,1,3.30,0.144,0.342,0.162,,1.0340,0.2435,1.1987,-0.1033,-0.3240,-0.1910,-0.1085,0.3024,0.0150,1,0.08,0.002,0.025,0.006,,-1.0407,-0.1506,1.8188,-0.1014,0.2934,-0.1230
1.276,1104,tripod,0.0047,0.0278,0.1674,-0.1088,0.0165,0.0335,0.0000,0.0000,-0.0000,-0.0000,0.0000,0.0000,0.000,0.000,-0.0979,0.0149,-0.1088,0.0165,0.0335,0.1360,0,0.1128,-0.2901,0.1149,1,0.65,0.102,0.083,0.011,,-1.0545,-0.3726,1.8376,0.0983,-0.3138,-0.0854,0.0914,0.3096,0.0147,1,2.60,0.075,0.224,0.201,,1.0534,-0.1685,1.8323,0.0986,0.2936,-0.1200,0.0116,-0.3556,0.0147,1,1.89,0.038,0.174,0.097,,-0.0136,0.2595,1.1747,-0.0034,-0.3645,-0.1935,-0.0098,0.3466,0.0145,1,4.13,0.022,0.260,0.450,,0.0057,-0.1837,1.8428,-0.0013,0.3338,-0.1174,-0.0896,-0.3185,0.0145,1,3.30,0.144,0.342,0.162,,1.0340,0.2435,1.1988,-0.1033,-0.3240,-0.1910,-0.1085,0.3024,0.0150,1,0.08,0.002,0.025,0.006,,-1.0407,-0.1506,1.8188,-0.1014,0.2934,-0.1230
1.282,1108,tripod,0.0047,0.0278,0.1674,-0.1088,0.0165,0.0335,0.0000,0.0000,-0.0000,-0.0000,0.0000,0.0000,0.000,0.000,-0.0979,0.0149,-0.1088,0.0165,0.0335,0.1360,0,0.1128,-0.2901,0.1149,1,0.65,0.102,0.083,0.011,,-1.0545,-0.3726,1.8376,0.0983,-0.3138,-0.0854,0.0914,0.3096,0.0147,1,2.60,0.075,0.224,0.201,,1.0534,-0.1685,1.8323,0.0986,0.2936,-0.1200,0.0116,-0.3556,0.0147,1,1.89,0.038,0.174,0.097,,-0.0136,0.2595,1.1747,-0.0034,-0.3645,-0.1935,-0.0098,0.3466,0.0145,1,4.13,0.022,0.260,0.450,,0.0057,-0.1837,1.8428,-0.0013,0.3338,-0.1174,-0.0896,-0.3185,0.0145,1,3.30,0.144,0.342,0.162,,1.0340,0.2435,1.1988,-0.1033,-0.3240,-0.1910,-0.1085,0.3024,0.0150,1,0.08,0.003,0.025,0.006,,-1.0407,-0.1506,1.8188,-0.1014,0.2934,-0.1230
1.288,1112,tripod,0.0047,0.0278,0.1674,-0.1088,0.0165,0.0335,0.0000,0.0000,-0.0000,-0.0000,0.0000,0.0000,0.000,0.000,-0.0979,0.0149,-0.1088,0.0165,0.0335,0.1360,0,0.1128,-0.2901,0.1149,1,0.65,0.102,0.083,0.012,,-1.0545,-0.3726,1.8376,0.0983,-0.3138,-0.0854,0.0914,0.3096,0.0147,1,2.60,0.075,0.224,0.201,,1.0534,-0.1685,1.8323,0.0986,0.2936,-0.1200,0.0116,-0.3556,0.0147,1,1.89,0.038,0.174,0.097,,-0.0136,0.2595,1.1747,-0.0034,-0.3645,-0.1935,-0.0098,0.3466,0.0145,1,4.13,0.022,0.260,0.450,,0.0057,-0.1837,1.8428,-0.0013,0.3338,-0.1174,-0.0896,-0.3185,0.0145,1,3.30,0.144,0.342,0.162,,1.0340,0.2435,1.1988,-0.1033,-0.3240,-0.1910,-0.1085,0.3024,0.0150,1,0.08,0.003,0.025,0.006,,-1.0407,-0.1506,1.8188,-0.1014,0.2934,-0.1230
1.292,1116,tripod,0.0047,0.0278,0.1674,-0.1088,0.0165,0.0335,0.0000,0.0000,-0.0000,-0.0000,0.0000,0.0000,0.000,0.000,-0.0979,0.0149,-0.1088,0.0165,0.0335,0.1360,0,0.1128,-0.2901,0.1149,1,0.65,0.102,0.083,0.012,,-1.0545,-0.3726,1.8376,0.0983,-0.3138,-0.0854,0.0914,0.3096,0.0147,1,2.60,0.075,0.224,0.201,,1.0534,-0.1685,1.8323,0.0986,0.2936,-0.1200,0.0116,-0.3556,0.0147,1,1.89,0.038,0.174,0.097,,-0.0136,0.2595,1.1747,-0.0034,-0.3645,-0.1935,-0.0098,0.3466,0.0145,1,4.13,0.022,0.260,0.450,,0.0057,-0.1837,1.8428,-0.0013,0.3338,-0.1174,-0.0896,-0.3185,0.0145,1,3.30,0.144,0.342,0.162,,1.0340,0.2435,1.1988,-0.1033,-0.3240,-0.1910,-0.1085,0.3024,0.0150,1,0.08,0.003,0.025,0.006,,-1.0407,-0.1506,1.8188,-0.1014,0.2934,-0.1230
1.297,1120,tripod,0.0047,0.0278,0.1674,-0.1088,0.0165,0.0335,0.0000,0.0000,-0.0000,-0.0000,0.0000,0.0000,0.000,0.000,-0.0979,0.0149,-0.1088,0.0165,0.0335,0.1360,0,0.1128,-0.2901,0.1149,1,0.65,0.102,0.083,0.012,,-1.0545,-0.3726,1.8376,0.0983,-0.3138,-0.0854,0.0914,0.3096,0.0147,1,2.60,0.075,0.224,0.201,,1.0534,-0.1685,1.8323,0.0986,0.2936,-0.1200,0.0116,-0.3556,0.0147,1,1.89,0.038,0.174,0.097,,-0.0136,0.2595,1.1747,-0.0034,-0.3645,-0.1935,-0.0098,0.3466,0.0145,1,4.13,0.022,0.260,0.450,,0.0057,-0.1837,1.8428,-0.0013,0.3338,-0.1174,-0.0896,-0.3185,0.0145,1,3.30,0.144,0.342,0.162,,1.0340,0.2435,1.1988,-0.1033,-0.3240,-0.1910,-0.1085,0.3024,0.0150,1,0.08,0.003,0.025,0.006,,-1.0407,-0.1506,1.8188,-0.1014,0.2934,-0.1230
1.302,1124,tripod,0.0047,0.0278,0.1674,-0.1088,0.0165,0.0335,0.0000,0.0000,-0.0000,-0.0000,0.0000,0.0000,0.000,0.000,-0.0979,0.0149,-0.1088,0.0165,0.0335,0.1360,0,0.1128,-0.2901,0.1149,1,0.65,0.102,0.083,0.012,,-1.0545,-0.3726,1.8376,0.0983,-0.3138,-0.0854,0.0914,0.3096,0.0147,1,2.60,0.075,0.224,0.201,,1.0534,-0.1685,1.8323,0.0986,0.2936,-0.1200,0.0116,-0.3556,0.0147,1,1.89,0.038,0.174,0.097,,-0.0136,0.2595,1.1747,-0.0034,-0.3645,-0.1935,-0.0098,0.3466,0.0145,1,4.13,0.022,0.260,0.450,,0.0057,-0.1837,1.8428,-0.0013,0.3338,-0.1174,-0.0896,-0.3185,0.0145,1,3.30,0.144,0.342,0.162,,1.0340,0.2435,1.1988,-0.1033,-0.3240,-0.1910,-0.1085,0.3024,0.0150,1,0.08,0.003,0.025,0.006,,-1.0407,-0.1506,1.8188,-0.1014,0.2934,-0.1230
1.306,1128,tripod,0.0047,0.0278,0.1674,-0.1088,0.0165,0.0335,0.0000,0.0000,-0.0000,-0.0000,0.0000,0.0000,0.000,0.000,-0.0979,0.0149,-0.1088,0.0165,0.0335,0.1360,0,0.1128,-0.2901,0.1149,1,0.65,0.102,0.083,0.012,,-1.0545,-0.3726,1.8376,0.0983,-0.3138,-0.0854,0.0914,0.3096,0.0147,1,2.60,0.075,0.224,0.201,,1.0534,-0.1685,1.8323,0.0986,0.2936,-0.1200,0.0116,-0.3556,0.0147,1,1.89,0.038,0.174,0.097,,-0.0136,0.2595,1.1747,-0.0034,-0.3645,-0.1935,-0.0098,0.3466,0.0145,1,4.13,0.022,0.260,0.450,,0.0057,-0.1837,1.8428,-0.0013,0.3338,-0.1174,-0.0896,-0.3185,0.0145,1,3.30,0.144,0.342,0.162,,1.0340,0.2435,1.1988,-0.1033,-0.3240,-0.1910,-0.1085,0.3024,0.0150,1,0.08,0.003,0.025,0.006,,-1.0407,-0.1506,1.8188,-0.1014,0.2934,-0.1230
1.311,1132,tripod,0.0047,0.0278,0.1674,-0.1088,0.0165,0.0335,0.0000,0.0000,-0.0000,-0.0000,-0.0000,0.0000,0.000,0.000,-0.0979,0.0149,-0.1088,0.0165,0.0335,0.1360,0,0.1128,-0.2901,0.1149,1,0.65,0.102,0.083,0.012,,-1.0545,-0.3726,1.8376,0.0983,-0.3138,-0.0854,0.0914,0.3096,0.0147,1,2.60,0.075,0.224,0.201,,1.0534,-0.1685,1.8323,0.0986,0.2936,-0.1200,0.0116,-0.3556,0.0147,1,1.89,0.038,0.174,0.097,,-0.0136,0.2595,1.1747,-0.0034,-0.3645,-0.1935,-0.0098,0.3466,0.0145,1,4.13,0.022,0.260,0.450,,0.0057,-0.1837,1.8428,-0.0013,0.3338,-0.1174,-0.0896,-0.3185,0.0145,1,3.30,0.144,0.342,0.162,,1.0340,0.2435,1.1988,-0.1033,-0.3240,-0.1910,-0.1085,0.3024,0.0150,1,0.08,0.003,0.025,0.006,,-1.0407,-0.1506,1.8188,-0.1014,0.2934,-0.1230
1.315,1136,tripod,0.0047,0.0278,0.1674,-0.1088,0.0165,0.0335,0.0000,0.0000,-0.0000,-0.0000,-0.0000,0.0000,0.000,0.000,-0.0979,0.0149,-0.1088,0.0165,0.0335,0.1360,0,0.1128,-0.2901,0.1149,1,0.65,0.102,0.083,0.012,,-1.0545,-0.3726,1.8376,0.0983,-0.3138,-0.0854,0.0914,0.3096,0.0147,1,2.60,0.075,0.224,0.201,,1.0534,-0.1685,1.8323,0.0986,0.2936,-0.1200,0.0116,-0.3556,0.0147,1,1.89,0.038,0.174,0.097,,-0.0136,0.2595,1.1747,-0.0034,-0.3645,-0.1935,-0.0098,0.3466,0.0145,1,4.13,0.022,0.260,0.450,,0.0057,-0.1837,1.8428,-0.0013,0.3338,-0.1174,-0.0896,-0.3185,0.0145,1,3.30,0.144,0.342,0.162,,1.0340,0.2435,1.1988,-0.1033,-0.3240,-0.1910,-0.1085,0.3024,0.0150,1,0.08,0.003,0.025,0.006,,-1.0407,-0.1506,1.8188,-0.1014,0.2934,-0.1230
1.322,1140,tripod,0.0047,0.0278,0.1674,-0.1088,0.0165,0.0335,0.0000,0.0000,-0.0000,-0.0000,-0.0000,0.0000,0.000,0.000,-0.0979,0.0149,-0.1088,0.0165,0.0335,0.1360,0,0.1128,-0.2901,0.1149,1,0.65,0.102,0.083,0.012,,-1.0545,-0.3726,1.8376,0.0983,-0.3138,-0.0854,0.0914,0.3096,0.0147,1,2.60,0.075,0.224,0.201,,1.0534,-0.1685,1.8323,0.0986,0.2936,-0.1200,0.0116,-0.3556,0.0147,1,1.89,0.038,0.174,0.097,,-0.0136,0.2595,1.1747,-0.0034,-0.3645,-0.1935,-0.0098,0.3466,0.0145,1,4.13,0.022,0.260,0.450,,0.0057,-0.1837,1.8428,-0.0013,0.3338,-0.1174,-0.0896,-0.3185,0.0145,1,3.30,0.144,0.342,0.162,,1.0340,0.2435,1.1988,-0.1033,-0.3240,-0.1910,-0.1085,0.3024,0.0150,1,0.08,0.003,0.025,0.006,,-1.0407,-0.1506,1.8188,-0.1014,0.2934,-0.1230
1.327,1144,tripod,0.0047,0.0278,0.1674,-0.1088,0.0165,0.0335,0.0000,0.0000,-0.0000,-0.0000,-0.0000,0.0000,0.000,0.000,-0.0979,0.0149,-0.1088,0.0165,0.0335,0.1360,0,0.1128,-0.2901,0.1149,1,0.65,0.102,0.083,0.012,,-1.0545,-0.3726,1.8376,0.0983,-0.3138,-0.0854,0.0914,0.3096,0.0147,1,2.60,0.075,0.224,0.201,,1.0534,-0.1685,1.8323,0.0986,0.2936,-0.1200,0.0116,-0.3556,0.0147,1,1.89,0.038,0.174,0.097,,-0.0136,0.2595,1.1747,-0.0034,-0.3645,-0.1935,-0.0098,0.3466,0.0145,1,4.13,0.022,0.260,0.450,,0.0057,-0.1837,1.8428,-0.0013,0.3338,-0.1174,-0.0896,-0.3185,0.0145,1,3.30,0.144,0.342,0.162,,1.0340,0.2435,1.1988,-0.1033,-0.3240,-0.1910,-0.1085,0.3024,0.0150,1,0.08,0.003,0.025,0.006,,-1.0407,-0.1506,1.8188,-0.1014,0.2934,-0.1230
1.331,1148,tripod,0.0047,0.0278,0.1674,-0.1088,0.0165,0.0335,-0.0000,0.0000,0.0000,-0.0000,-0.0000,0.0000,0.000,0.000,-0.0979,0.0149,-0.1088,0.0165,0.0335,0.1360,0,0.1128,-0.2901,0.1149,1,0.65,0.102,0.083,0.012,,-1.0545,-0.3726,1.8376,0.0983,-0.3138,-0.0854,0.0914,0.3096,0.0147,1,2.60,0.075,0.224,0.201,,1.0534,-0.1685,1.8323,0.0986,0.2936,-0.1200,0.0116,-0.3556,0.0147,1,1.89,0.038,0.174,0.097,,-0.0136,0.2595,1.1747,-0.0034,-0.3645,-0.1935,-0.0098,0.3466,0.0145,1,4.13,0.022,0.260,0.450,,0.0057,-0.1837,1.8428,-0.0013,0.3338,-0.1174,-0.0896,-0.3185,0.0145,1,3.30,0.144,0.342,0.162,,1.0340,0.2435,1.1988,-0.1033,-0.3240,-0.1910,-0.1085,0.3024,0.0150,1,0.08,0.003,0.025,0.006,,-1.0407,-0.1506,1.8188,-0.1014,0.2934,-0.1230
1.336,1152,tripod,0.0047,0.0278,0.1674,-0.1088,0.0165,0.0335,-0.0000,-0.0000,0.0000,0.0000,-0.0000,0.0000,0.000,0.000,-0.0979,0.0149,-0.1088,0.0165,0.0335,0.1360,0,0.1128,-0.2901,0.1149,1,0.65,0.102,0.083,0.012,,-1.0545,-0.3726,1.8376,0.0983,-0.3138,-0.0854,0.0914,0.3096,0.0147,1,2.60,0.075,0.224,0.201,,1.0534,-0.1685,1.8323,0.0986,0.2936,-0.1200,0.0116,-0.3556,0.0147,1,1.89,0.038,0.174,0.097,,-0.0136,0.2595,1.1747,-0.0034,-0.3645,-0.1935,-0.0098,0.3466,0.0145,1,4.13,0.022,0.260,0.450,,0.0057,-0.1837,1.8428,-0.0013,0.3338,-0.1174,-0.0896,-0.3185,0.0145,1,3.30,0.144,0.342,0.162,,1.0340,0.2435,1.1988,-0.1033,-0.3240,-0.1910,-0.1085,0.3024,0.0150,1,0.08,0.003,0.025,0.006,,-1.0407,-0.1506,1.8188,-0.1014,0.2934,-0.1230
1.341,1156,tripod,0.0047,0.0278,0.1674,-0.1088,0.0165,0.0335,-0.0000,-0.0000,0.0000,0.0000,-0.0000,0.0000,0.000,0.000,-0.0979,0.0149,-0.1088,0.0165,0.0335,0.1360,0,0.1128,-0.2901,0.1149,1,0.65,0.102,0.083,0.012,,-1.0545,-0.3726,1.8376,0.0983,-0.3138,-0.0854,0.0914,0.3096,0.0147,1,2.60,0.075,0.224,0.201,,1.0534,-0.1685,1.8323,0.0986,0.2936,-0.1200,0.0116,-0.3556,0.0147,1,1.89,0.038,0.174,0.097,,-0.0136,0.2595,1.1747,-0.0034,-0.3645,-0.1935,-0.0098,0.3466,0.0145,1,4.13,0.022,0.260,0.450,,0.0057,-0.1837,1.8428,-0.0013,0.3338,-0.1174,-0.0896,-0.3185,0.0145,1,3.30,0.144,0.342,0.162,,1.0340,0.2435,1.1988,-0.1033,-0.3240,-0.1910,-0.1085,0.3024,0.0150,1,0.08,0.003,0.025,0.006,,-1.0407,-0.1506,1.8188,-0.1014,0.2934,-0.1230
1.345,1160,tripod,0.0047,0.0278,0.1674,-0.1088,0.0165,0.0335,-0.0000,-0.0000,0.0000,0.0000,-0.0000,0.0000,0.000,0.000,-0.0979,0.0149,-0.1088,0.0165,0.0335,0.1360,0,0.1128,-0.2901,0.1149,1,0.65,0.102,0.083,0.012,,-1.0545,-0.3726,1.8376,0.0983,-0.3138,-0.0854,0.0914,0.3096,0.0147,1,2.60,0.075,0.224,0.201,,1.0534,-0.1685,1.8323,0.0986,0.2936,-0.1200,0.0116,-0.3556,0.0147,1,1.89,0.038,0.174,0.097,,-0.0136,0.2595,1.1747,-0.0034,-0.3645,-0.1935,-0.0098,0.3466,0.0145,1,4.13,0.022,0.260,0.450,,0.0057,-0.1837,1.8428,-0.0013,0.3338,-0.1174,-0.0896,-0.3185,0.0145,1,3.30,0.144,0.342,0.162,,1.0340,0.2435,1.1988,-0.1033,-0.3240,-0.1910,-0.1085,0.3024,0.0150,1,0.08,0.003,0.025,0.006,,-1.0407,-0.1506,1.8188,-0.1014,0.2934,-0.1230
1.349,1164,tripod,0.0047,0.0278,0.1674,-0.1088,0.0165,0.0335,-0.0000,-0.0000,0.0000,0.0000,-0.0000,0.0000,0.000,0.000,-0.0979,0.0149,-0.1088,0.0165,0.0335,0.1360,0,0.1128,-0.2901,0.1149,1,0.65,0.102,0.083,0.012,,-1.0545,-0.3726,1.8376,0.0983,-0.3138,-0.0854,0.0914,0.3096,0.0147,1,2.60,0.075,0.224,0.201,,1.0534,-0.1685,1.8323,0.0986,0.2936,-0.1200,0.0116,-0.3556,0.0147,1,1.89,0.038,0.174,0.097,,-0.0136,0.2595,1.1747,-0.0034,-0.3645,-0.1935,-0.0098,0.3466,0.0145,1,4.13,0.022,0.260,0.450,,0.0057,-0.1837,1.8428,-0.0013,0.3338,-0.1174,-0.0896,-0.3185,0.0145,1,3.30,0.144,0.342,0.162,,1.0340,0.2435,1.1988,-0.1033,-0.3240,-0.1910,-0.1085,0.3024,0.0150,1,0.08,0.003,0.025,0.006,,-1.0407,-0.1506,1.8188,-0.1014,0.2934,-0.1230
1.354,1168,tripod,0.0047,0.0278,0.1674,-0.1088,0.0165,0.0335,-0.0000,-0.0000,0.0000,0.0000,-0.0000,0.0000,0.000,0.000,-0.0979,0.0149,-0.1088,0.0165,0.0335,0.1360,0,0.1128,-0.2901,0.1149,1,0.65,0.102,0.083,0.012,,-1.0545,-0.3726,1.8376,0.0983,-0.3138,-0.0854,0.0914,0.3096,0.0147,1,2.60,0.075,0.224,0.201,,1.0534,-0.1685,1.8323,0.0986,0.2936,-0.1200,0.0116,-0.3556,0.0147,1,1.89,0.038,0.174,0.097,,-0.0136,0.2595,1.1747,-0.0034,-0.3645,-0.1935,-0.0098,0.3466,0.0145,1,4.13,0.022,0.260,0.450,,0.0057,-0.1837,1.8428,-0.0013,0.3338,-0.1174,-0.0896,-0.3185,0.0145,1,3.30,0.144,0.342,0.162,,1.0340,0.2435,1.1988,-0.1033,-0.3240,-0.1910,-0.1085,0.3024,0.0150,1,0.08,0.003,0.025,0.006,,-1.0407,-0.1506,1.8188,-0.1014,0.2934,-0.1230
1.361,1172,tripod,0.0047,0.0278,0.1674,-0.1088,0.0165,0.0335,-0.0000,-0.0000,0.0000,0.0000,-0.0000,0.0000,0.000,0.000,-0.0979,0.0149,-0.1088,0.0165,0.0335,0.1360,0,0.1128,-0.2901,0.1149,1,0.65,0.102,0.083,0.012,,-1.0545,-0.3726,1.8376,0.0983,-0.3138,-0.0854,0.0914,0.3096,0.0147,1,2.60,0.075,0.224,0.201,,1.0534,-0.1685,1.8323,0.0986,0.2936,-0.1200,0.0116,-0.3556,0.0147,1,1.89,0.038,0.174,0.097,,-0.0136,0.2595,1.1747,-0.0034,-0.3645,-0.1935,-0.0098,0.3466,0.0145,1,4.13,0.022,0.260,0.450,,0.0057,-0.1837,1.8428,-0.0013,0.3338,-0.1174,-0.0896,-0.3185,0.0145,1,3.30,0.144,0.342,0.162,,1.0340,0.2435,1.1988,-0.1033,-0.3240,-0.1910,-0.1085,0.3024,0.0150,1,0.08,0.003,0.025,0.006,,-1.0407,-0.1506,1.8188,-0.1014,0.2934,-0.1230
1.366,1176,tripod,0.0047,0.0278,0.1674,-0.1088,0.0165,0.0335,-0.0000,-0.0000,0.0000,0.0000,-0.0000,0.0000,0.000,0.000,-0.0979,0.0149,-0.1088,0.0165,0.0335,0.1360,0,0.1128,-0.2901,0.1149,1,0.65,0.102,0.083,0.012,,-1.0545,-0.3726,1.8376,0.0983,-0.3138,-0.0854,0.0914,0.3096,0.0147,1,2.60,0.075,0.224,0.201,,1.0534,-0.1685,1.8323,0.0986,0.2936,-0.1200,0.0116,-0.3556,0.0147,1,1.89,0.038,0.174,0.097,,-0.0136,0.2595,1.1747,-0.0034,-0.3645,-0.1935,-0.0098,0.3466,0.0145,1,4.13,0.022,0.260,0.450,,0.0057,-0.1837,1.8428,-0.0013,0.3338,-0.1174,-0.0896,-0.3185,0.0145,1,3.30,0.144,0.342,0.162,,1.0340,0.2435,1.1988,-0.1033,-0.3240,-0.1910,-0.1085,0.3024,0.0150,1,0.08,0.003,0.025,0.006,,-1.0407,-0.1506,1.8188,-0.1014,0.2934,-0.1230
1.370,1180,tripod,0.0047,0.0278,0.1674,-0.1088,0.0165,0.0335,-0.0000,-0.0000,0.0000,0.0000,-0.0000,0.0000,0.000,0.000,-0.0979,0.0149,-0.1088,0.0165,0.0335,0.1360,0,0.1128,-0.2901,0.1149,1,0.65,0.102,0.083,0.012,,-1.0545,-0.3726,1.8376,0.0983,-0.3138,-0.0854,0.0914,0.3096,0.0147,1,2.60,0.075,0.224,0.201,,1.0534,-0.1685,1.8323,0.0986,0.2936,-0.1200,0.0116,-0.3556,0.0147,1,1.89,0.038,0.174,0.097,,-0.0136,0.2595,1.1747,-0.0034,-0.3645,-0.1935,-0.0098,0.3466,0.0145,1,4.13,0.022,0.260,0.450,,0.0057,-0.1837,1.8428,-0.0013,0.3338,-0.1174,-0.0896,-0.3185,0.0145,1,3.30,0.144,0.342,0.162,,1.0340,0.2435,1.1988,-0.1033,-0.3240,-0.1910,-0.1085,0.3024,0.0150,1,0.08,0.003,0.025,0.006,,-1.0407,-0.1506,1.8188,-0.1014,0.2934,-0.1230
1.375,1184,tripod,0.0047,0.0278,0.1674,-0.1088,0.0165,0.0335,-0.0000,-0.0000,0.0000,0.0000,-0.0000,0.0000,0.000,0.000,-0.0979,0.0149,-0.1088,0.0165,0.0335,0.1360,0,0.1128,-0.2901,0.1149,1,0.65,0.102,0.083,0.012,,-1.0545,-0.3726,1.8376,0.0983,-0.3138,-0.0854,0.0914,0.3096,0.0147,1,2.60,0.075,0.224,0.201,,1.0534,-0.1685,1.8323,0.0986,0.2936,-0.1200,0.0116,-0.3556,0.0147,1,1.89,0.038,0.174,0.097,,-0.0136,0.2595,1.1747,-0.0034,-0.3645,-0.1935,-0.0098,0.3466,0.0145,1,4.13,0.022,0.260,0.450,,0.0057,-0.1837,1.8428,-0.0013,0.3338,-0.1174,-0.0896,-0.3185,0.0145,1,3.30,0.144,0.342,0.162,,1.0340,0.2435,1.1988,-0.1033,-0.3240,-0.1910,-0.1085,0.3024,0.0150,1,0.08,0.003,0.025,0.006,,-1.0407,-0.1506,1.8188,-0.1014,0.2934,-0.1230
1.379,1188,tripod,0.0047,0.0278,0.1674,-0.1088,0.0165,0.0335,-0.0000,-0.0000,0.0000,0.0000,-0.0000,0.0000,0.000,0.000,-0.0979,0.0149,-0.1088,0.0165,0.0335,0.1360,0,0.1128,-0.2901,0.1149,1,0.65,0.102,0.083,0.012,,-1.0545,-0.3726,1.8376,0.0983,-0.3138,-0.0854,0.0914,0.3096,0.0147,1,2.60,0.075,0.224,0.201,,1.0534,-0.1685,1.8323,0.0986,0.2936,-0.1200,0.0116,-0.3556,0.0147,1,1.89,0.038,0.174,0.097,,-0.0136,0.2595,1.1747,-0.0034,-0.3645,-0.1935,-0.0098,0.3466,0.0145,1,4.13,0.022,0.260,0.450,,0.0057,-0.1837,1.8428,-0.0013,0.3338,-0.1174,-0.0896,-0.3185,0.0145,1,3.30,0.144,0.342,0.162,,1.0340,0.2435,1.1988,-0.1033,-0.3240,-0.1910,-0.1085,0.3024,0.0150,1,0.08,0.003,0.025,0.006,,-1.0407,-0.1506,1.8188,-0.1014,0.2934,-0.1230
1.384,1192,tripod,0.0047,0.0278,0.1674,-0.1088,0.0165,0.0335,-0.0000,-0.0000,0.0000,0.0000,-0.0000,-0.0000,0.000,0.000,-0.0979,0.0149,-0.1088,0.0165,0.0335,0.1360,0,0.1128,-0.2901,0.1149,1,0.65,0.102,0.083,0.012,,-1.0545,-0.3726,1.8376,0.0983,-0.3138,-0.0854,0.0914,0.3096,0.0147,1,2.60,0.075,0.224,0.201,,1.0534,-0.1685,1.8323,0.0986,0.2936,-0.1200,0.0116,-0.3556,0.0147,1,1.89,0.038,0.174,0.097,,-0.0136,0.2595,1.1747,-0.0034,-0.3645,-0.1935,-0.0098,0.3466,0.0145,1,4.13,0.022,0.260,0.450,,0.0057,-0.1837,1.8428,-0.0013,0.3338,-0.1174,-0.0896,-0.3185,0.0145,1,3.30,0.144,0.342,0.162,,1.0340,0.2435,1.1988,-0.1033,-0.3240,-0.1910,-0.1085,0.3024,0.0150,1,0.08,0.003,0.025,0.006,,-1.0407,-0.1506,1.8188,-0.1014,0.2934,-0.1230
1.388,1196,tripod,0.0047,0.0278,0.1674,-0.1088,0.0165,0.0335,-0.0000,-0.0000,0.0000,0.0000,-0.0000,-0.0000,0.000,0.000,-0.0979,0.0149,-0.1088,0.0165,0.0335,0.1360,0,0.1128,-0.2901,0.1149,1,0.65,0.102,0.083,0.012,,-1.0545,-0.3726,1.8376,0.0983,-0.3138,-0.0854,0.0914,0.3096,0.0147,1,2.60,0.075,0.224,0.201,,1.0534,-0.1685,1.8323,0.0986,0.2936,-0.1200,0.0116,-0.3556,0.0147,1,1.89,0.038,0.174,0.097,,-0.0136,0.2595,1.1747,-0.0034,-0.3645,-0.1935,-0.0098,0.3466,0.0145,1,4.13,0.022,0.260,0.450,,0.0057,-0.1837,1.8428,-0.0013,0.3338,-0.1174,-0.0896,-0.3185,0.0145,1,3.30,0.144,0.342,0.162,,1.0340,0.2435,1.1988,-0.1033,-0.3240,-0.1910,-0.1085,0.3024,0.0150,1,0.08,0.003,0.025,0.006,,-1.0407,-0.1506,1.8188,-0.1014,0.2934,-0.1230
1.393,1200,tripod,0.0047,0.0278,0.1674,-0.1088,0.0165,0.0335,-0.0000,-0.0000,0.0000,0.0000,-0.0000,-0.0000,0.000,0.000,-0.0979,0.0149,-0.1088,0.0165,0.0335,0.1360,0,0.1128,-0.2901,0.1149,1,0.65,0.102,0.083,0.012,,-1.0545,-0.3726,1.8376,0.0983,-0.3138,-0.0854,0.0914,0.3096,0.0147,1,2.60,0.075,0.224,0.201,,1.0534,-0.1685,1.8323,0.0986,0.2936,-0.1200,0.0116,-0.3556,0.0147,1,1.89,0.038,0.174,0.097,,-0.0136,0.2595,1.1747,-0.0034,-0.3645,-0.1935,-0.0098,0.3466,0.0145,1,4.13,0.022,0.260,0.450,,0.0057,-0.1837,1.8428,-0.0013,0.3338,-0.1174,-0.0896,-0.3185,0.0145,1,3.30,0.144,0.342,0.162,,1.0340,0.2435,1.1988,-0.1033,-0.3240,-0.1910,-0.1085,0.3024,0.0150,1,0.08,0.003,0.025,0.006,,-1.0407,-0.1506,1.8188,-0.1014,0.2934,-0.1230
