# SLARC V8.26-footclamp | rise=0.100 run=0.250 | balance=AN foothold=AN freeze=AN entry=AN | G_Z=-0.120 G_STEP=0.060
t,frame,mode,bx,by,bz,roll,pitch,yaw,vx,vy,vz,wx,wy,wz,cmd_vx,cmd_yaw,roll_bal,pitch_bal,est_roll,est_pitch,est_yaw,est_height,frozen,front_right_fx,front_right_fy,front_right_fz,front_right_contact,front_right_force,front_right_tau_coxa,front_right_tau_femur,front_right_tau_tibia,front_right_state,front_right_th_c,front_right_th_f,front_right_th_t,front_right_rfx,front_right_rfy,front_right_rfz,front_left_fx,front_left_fy,front_left_fz,front_left_contact,front_left_force,front_left_tau_coxa,front_left_tau_femur,front_left_tau_tibia,front_left_state,front_left_th_c,front_left_th_f,front_left_th_t,front_left_rfx,front_left_rfy,front_left_rfz,mid_right_fx,mid_right_fy,mid_right_fz,mid_right_contact,mid_right_force,mid_right_tau_coxa,mid_right_tau_femur,mid_right_tau_tibia,mid_right_state,mid_right_th_c,mid_right_th_f,mid_right_th_t,mid_right_rfx,mid_right_rfy,mid_right_rfz,mid_left_fx,mid_left_fy,mid_left_fz,mid_left_contact,mid_left_force,mid_left_tau_coxa,mid_left_tau_femur,mid_left_tau_tibia,mid_left_state,mid_left_th_c,mid_left_th_f,mid_left_th_t,mid_left_rfx,mid_left_rfy,mid_left_rfz,rear_right_fx,rear_right_fy,rear_right_fz,rear_right_contact,rear_right_force,rear_right_tau_coxa,rear_right_tau_femur,rear_right_tau_tibia,rear_right_state,rear_right_th_c,rear_right_th_f,rear_right_th_t,rear_right_rfx,rear_right_rfy,rear_right_rfz,rear_left_fx,rear_left_fy,rear_left_fz,rear_left_contact,rear_left_force,rear_left_tau_coxa,rear_left_tau_femur,rear_left_tau_tibia,rear_left_state,rear_left_th_c,rear_left_th_f,rear_left_th_t,rear_left_rfx,rear_left_rfy,rear_left_rfz
0.000,4,tripod,-0.0000,0.0006,0.1349,0.0000,0.0000,0.0000,0.0000,0.0004,-0.0004,-0.0001,-0.0001,-0.0000,0.000,0.000,0.0000,0.0000,0.0000,0.0000,0.0000,0.1200,0,0.3028,-0.1915,0.0148,1,2.07,0.080,0.523,0.251,,-0.0000,-0.1720,1.7318,0.3027,-0.1920,-0.1200,0.3029,0.1927,0.0148,1,2.13,0.090,0.541,0.259,,0.0000,-0.1720,1.7316,0.3027,0.1921,-0.1200,-0.0000,-0.3486,0.0148,1,2.11,0.001,0.547,0.269,,-0.0000,-0.1720,1.7316,-0.0000,-0.3491,-0.1200,-0.0000,0.3498,0.0148,1,2.10,0.001,0.542,0.267,,0.0000,-0.1720,1.7318,-0.0000,0.3491,-0.1200,-0.3029,-0.1915,0.0148,1,2.11,0.063,0.534,0.256,,0.0000,-0.1720,1.7315,-0.3027,-0.1921,-0.1200,-0.3029,0.1928,0.0148,1,2.09,0.074,0.529,0.255,,-0.0000,-0.1720,1.7313,-0.3028,0.1921,-0.1200
0.022,8,tripod,-0.0000,0.0006,0.1348,0.0000,0.0000,0.0000,-0.0000,0.0003,-0.0009,-0.0001,-0.0001,-0.0000,0.000,0.000,0.0000,0.0000,0.0000,0.0000,0.0000,0.1200,0,0.3019,-0.1909,0.0148,1,2.08,0.080,0.524,0.248,,-0.0000,-0.1720,1.7392,0.3018,-0.1915,-0.1200,0.3019,0.1922,0.0148,1,2.13,0.091,0.537,0.254,,0.0000,-0.1720,1.7390,0.3018,0.1915,-0.1200,-0.0000,-0.3475,0.0148,1,2.12,0.001,0.547,0.265,,-0.0000,-0.1720,1.7390,-0.0000,-0.3480,-0.1200,-0.0000,0.3487,0.0148,1,2.11,0.003,0.544,0.264,,0.0000,-0.1720,1.7391,-0.0000,0.3480,-0.1200,-0.3019,-0.1910,0.0148,1,2.11,0.062,0.533,0.252,,0.0000,-0.1720,1.7389,-0.3018,-0.1915,-0.1200,-0.3019,0.1922,0.0148,1,2.09,0.075,0.527,0.250,,-0.0000,-0.1720,1.7387,-0.3018,0.1915,-0.1200
0.045,12,tripod,-0.0000,0.0006,0.1348,0.0000,0.0000,0.0000,-0.0000,0.0002,-0.0012,-0.0000,-0.0001,-0.0000,0.000,0.000,0.0000,0.0000,0.0000,0.0000,0.0000,0.1200,0,0.3011,-0.1905,0.0148,1,2.07,0.079,0.521,0.243,,-0.0000,-0.1721,1.7449,0.3010,-0.1911,-0.1200,0.3011,0.1917,0.0148,1,2.13,0.091,0.536,0.250,,0.0000,-0.1720,1.7447,0.3010,0.1911,-0.1200,-0.0000,-0.3466,0.0148,1,2.13,0.002,0.549,0.263,,-0.0000,-0.1720,1.7448,-0.0000,-0.3471,-0.1200,-0.0000,0.3478,0.0148,1,2.12,0.004,0.545,0.261,,0.0000,-0.1720,1.7449,-0.0000,0.3471,-0.1200,-0.3011,-0.1905,0.0148,1,2.11,0.061,0.531,0.248,,0.0000,-0.1720,1.7447,-0.3010,-0.1911,-0.1200,-0.3012,0.1917,0.0148,1,2.09,0.076,0.525,0.246,,-0.0000,-0.1721,1.7445,-0.3011,0.1911,-0.1200
0.067,16,tripod,-0.0000,0.0006,0.1348,0.0000,0.0000,0.0000,-0.0000,0.0001,-0.0012,-0.0000,-0.0000,-0.0000,0.000,0.000,0.0000,0.0000,0.0000,0.0000,0.0000,0.1200,0,0.3005,-0.1901,0.0148,1,2.07,0.079,0.520,0.241,,-0.0000,-0.1721,1.7494,0.3004,-0.1907,-0.1200,0.3005,0.1914,0.0148,1,2.13,0.092,0.537,0.248,,0.0000,-0.1721,1.7493,0.3004,0.1907,-0.1200,-0.0000,-0.3459,0.0148,1,2.14,0.004,0.548,0.260,,-0.0000,-0.1721,1.7493,-0.0000,-0.3464,-0.1200,-0.0000,0.3471,0.0148,1,2.11,0.006,0.541,0.257,,0.0000,-0.1721,1.7494,-0.0000,0.3464,-0.1200,-0.3005,-0.1902,0.0148,1,2.11,0.060,0.530,0.245,,0.0000,-0.1721,1.7492,-0.3005,-0.1907,-0.1200,-0.3005,0.1914,0.0148,1,2.10,0.077,0.526,0.244,,-0.0000,-0.1721,1.7491,-0.3005,0.1907,-0.1200
0.090,20,tripod,-0.0000,0.0006,0.1348,0.0000,0.0000,-0.0000,-0.0000,0.0001,-0.0012,-0.0000,-0.0000,-0.0000,0.000,0.000,0.0000,0.0000,0.0000,0.0000,-0.0000,0.1200,0,0.3000,-0.1899,0.0148,1,2.09,0.078,0.522,0.240,,-0.0000,-0.1721,1.7529,0.3000,-0.1905,-0.1200,0.3000,0.1911,0.0148,1,2.14,0.090,0.537,0.246,,0.0000,-0.1721,1.7529,0.3000,0.1905,-0.1200,-0.0000,-0.3454,0.0148,1,2.12,0.000,0.543,0.256,,-0.0000,-0.1721,1.7529,-0.0000,-0.3459,-0.1200,-0.0000,0.3466,0.0148,1,2.10,0.007,0.537,0.253,,0.0000,-0.1721,1.7529,-0.0000,0.3459,-0.1200,-0.3000,-0.1899,0.0148,1,2.12,0.060,0.531,0.243,,0.0000,-0.1721,1.7528,-0.3000,-0.1905,-0.1200,-0.3001,0.1911,0.0148,1,2.11,0.079,0.528,0.242,,-0.0000,-0.1722,1.7527,-0.3000,0.1905,-0.1200
0.112,24,tripod,-0.0000,0.0006,0.1348,0.0000,0.0000,-0.0000,-0.0000,0.0000,-0.0011,-0.0000,-0.0000,-0.0000,0.000,0.000,0.0000,0.0000,0.0000,0.0000,-0.0000,0.1200,0,0.2997,-0.1897,0.0148,1,2.08,0.081,0.520,0.237,,-0.0000,-0.1722,1.7557,0.2996,-0.1903,-0.1200,0.2997,0.1909,0.0148,1,2.13,0.089,0.533,0.243,,0.0000,-0.1721,1.7557,0.2996,0.1903,-0.1200,-0.0000,-0.3449,0.0148,1,2.15,0.007,0.549,0.257,,-0.0000,-0.1721,1.7557,-0.0000,-0.3455,-0.1200,-0.0000,0.3462,0.0148,1,2.11,0.012,0.538,0.252,,0.0000,-0.1721,1.7557,-0.0000,0.3455,-0.1200,-0.2997,-0.1897,0.0148,1,2.09,0.063,0.523,0.239,,0.0000,-0.1722,1.7556,-0.2996,-0.1903,-0.1200,-0.2997,0.1909,0.0148,1,2.11,0.076,0.529,0.241,,-0.0000,-0.1722,1.7555,-0.2996,0.1903,-0.1200
0.134,28,tripod,-0.0000,0.0006,0.1348,0.0000,0.0000,-0.0000,0.0000,0.0000,-0.0009,-0.0000,-0.0000,-0.0000,0.000,0.000,0.0000,0.0000,0.0000,0.0000,-0.0000,0.1200,0,0.2994,-0.1895,0.0148,1,2.11,0.077,0.528,0.239,,-0.0000,-0.1722,1.7579,0.2993,-0.1901,-0.1200,0.2994,0.1907,0.0148,1,2.12,0.083,0.529,0.240,,0.0000,-0.1722,1.7579,0.2993,0.1901,-0.1200,-0.0000,-0.3446,0.0147,1,2.11,0.007,0.538,0.251,,-0.0000,-0.1722,1.7579,-0.0000,-0.3452,-0.1200,-0.0000,0.3458,0.0148,1,2.10,0.004,0.536,0.250,,0.0000,-0.1722,1.7579,-0.0000,0.3452,-0.1200,-0.2994,-0.1895,0.0148,1,2.11,0.064,0.527,0.239,,0.0000,-0.1722,1.7578,-0.2993,-0.1901,-0.1200,-0.2994,0.1907,0.0148,1,2.12,0.081,0.530,0.240,,-0.0000,-0.1722,1.7578,-0.2994,0.1901,-0.1200
0.156,32,tripod,-0.0000,0.0006,0.1347,0.0000,0.0000,-0.0000,0.0000,0.0000,-0.0008,-0.0000,0.0000,-0.0000,0.000,0.000,0.0000,0.0000,0.0000,0.0000,-0.0000,0.1200,0,0.2991,-0.1894,0.0148,1,2.11,0.076,0.528,0.238,,-0.0000,-0.1722,1.7596,0.2991,-0.1900,-0.1200,0.2991,0.1906,0.0147,1,2.11,0.081,0.528,0.238,,0.0000,-0.1722,1.7596,0.2991,0.1900,-0.1200,-0.0000,-0.3443,0.0147,1,2.11,0.005,0.537,0.250,,-0.0000,-0.1722,1.7596,-0.0000,-0.3449,-0.1200,-0.0000,0.3456,0.0147,1,2.11,0.003,0.538,0.250,,0.0000,-0.1722,1.7596,-0.0000,0.3449,-0.1200,-0.2992,-0.1894,0.0147,1,2.11,0.064,0.528,0.239,,0.0000,-0.1722,1.7596,-0.2991,-0.1900,-0.1200,-0.2992,0.1906,0.0148,1,2.11,0.077,0.527,0.238,,-0.0000,-0.1722,1.7595,-0.2991,0.1900,-0.1200
0.179,36,tripod,-0.0000,0.0006,0.1347,0.0000,0.0000,-0.0000,0.0000,0.0000,-0.0006,-0.0000,-0.0000,0.0000,0.000,0.000,0.0000,0.0000,0.0000,0.0000,-0.0000,0.1200,0,0.2990,-0.1893,0.0147,1,2.10,0.079,0.524,0.236,,-0.0000,-0.1722,1.7610,0.2989,-0.1899,-0.1200,0.2990,0.1905,0.0147,1,2.11,0.086,0.528,0.238,,0.0000,-0.1722,1.7609,0.2989,0.1899,-0.1200,-0.0000,-0.3441,0.0147,1,2.12,0.002,0.541,0.251,,-0.0000,-0.1722,1.7609,-0.0000,-0.3447,-0.1200,-0.0000,0.3454,0.0147,1,2.11,0.006,0.538,0.249,,0.0000,-0.1722,1.7610,-0.0000,0.3447,-0.1200,-0.2990,-0.1893,0.0147,1,2.10,0.063,0.525,0.236,,0.0000,-0.1722,1.7609,-0.2989,-0.1899,-0.1200,-0.2990,0.1905,0.0147,1,2.11,0.077,0.527,0.237,,-0.0000,-0.1722,1.7609,-0.2990,0.1899,-0.1200
0.201,40,tripod,-0.0000,0.0006,0.1347,0.0000,0.0000,-0.0000,-0.0000,0.0000,-0.0005,-0.0000,-0.0000,-0.0000,0.000,0.000,0.0000,0.0000,0.0000,0.0000,-0.0000,0.1200,0,0.2988,-0.1892,0.0147,1,2.09,0.080,0.521,0.234,,-0.0000,-0.1722,1.7620,0.2988,-0.1898,-0.1200,0.2988,0.1904,0.0147,1,2.12,0.088,0.530,0.238,,0.0000,-0.1722,1.7620,0.2988,0.1898,-0.1200,-0.0000,-0.3440,0.0147,1,2.13,0.002,0.544,0.251,,-0.0000,-0.1722,1.7620,-0.0000,-0.3446,-0.1200,-0.0000,0.3452,0.0147,1,2.11,0.008,0.536,0.248,,0.0000,-0.1722,1.7620,-0.0000,0.3446,-0.1200,-0.2988,-0.1892,0.0147,1,2.10,0.062,0.523,0.235,,0.0000,-0.1722,1.7620,-0.2988,-0.1898,-0.1200,-0.2988,0.1904,0.0147,1,2.11,0.076,0.527,0.237,,-0.0000,-0.1722,1.7619,-0.2988,0.1898,-0.1200
0.223,44,tripod,-0.0000,0.0006,0.1347,0.0000,0.0000,-0.0000,-0.0000,0.0000,-0.0004,-0.0000,0.0000,-0.0000,0.000,0.000,0.0000,0.0000,0.0000,0.0000,-0.0000,0.1200,0,0.2987,-0.1891,0.0147,1,2.08,0.081,0.519,0.233,,-0.0000,-0.1723,1.7628,0.2987,-0.1897,-0.1200,0.2987,0.1903,0.0147,1,2.13,0.084,0.530,0.238,,0.0000,-0.1722,1.7628,0.2987,0.1897,-0.1200,-0.0000,-0.3438,0.0147,1,2.14,0.002,0.545,0.251,,-0.0000,-0.1722,1.7628,-0.0000,-0.3444,-0.1200,-0.0000,0.3451,0.0147,1,2.11,0.009,0.536,0.248,,0.0000,-0.1722,1.7628,-0.0000,0.3444,-0.1200,-0.2987,-0.1891,0.0147,1,2.10,0.065,0.524,0.235,,0.0000,-0.1722,1.7628,-0.2987,-0.1897,-0.1200,-0.2987,0.1904,0.0147,1,2.11,0.077,0.525,0.235,,-0.0000,-0.1722,1.7628,-0.2987,0.1897,-0.1200
0.245,48,tripod,-0.0000,0.0006,0.1347,-0.0000,0.0000,-0.0000,0.0000,0.0000,-0.0002,-0.0000,0.0000,-0.0000,0.000,0.000,0.0000,0.0000,-0.0000,0.0000,-0.0000,0.1200,0,0.2986,-0.1891,0.0147,1,2.11,0.081,0.526,0.235,,-0.0000,-0.1722,1.7634,0.2986,-0.1897,-0.1200,0.2986,0.1903,0.0147,1,2.13,0.087,0.532,0.238,,0.0000,-0.1722,1.7634,0.2986,0.1897,-0.1200,-0.0000,-0.3437,0.0147,1,2.09,0.001,0.532,0.245,,-0.0000,-0.1722,1.7635,-0.0000,-0.3443,-0.1200,-0.0000,0.3450,0.0147,1,2.08,0.006,0.529,0.244,,0.0000,-0.1722,1.7635,-0.0000,0.3443,-0.1200,-0.2986,-0.1891,0.0147,1,2.13,0.064,0.530,0.237,,0.0000,-0.1722,1.7634,-0.2986,-0.1897,-0.1200,-0.2986,0.1903,0.0147,1,2.12,0.077,0.529,0.237,,-0.0000,-0.1722,1.7634,-0.2986,0.1897,-0.1200
0.267,52,tripod,-0.0000,0.0006,0.1347,0.0000,0.0000,-0.0000,0.0000,-0.0001,-0.0001,0.0000,0.0000,-0.0000,0.000,0.000,0.0000,0.0000,0.0000,0.0000,-0.0000,0.1200,0,0.2986,-0.1890,0.0147,1,2.12,0.077,0.529,0.237,,-0.0000,-0.1722,1.7639,0.2986,-0.1896,-0.1200,0.2986,0.1903,0.0147,1,2.11,0.087,0.526,0.235,,0.0000,-0.1722,1.7639,0.2986,0.1896,-0.1200,-0.0000,-0.3437,0.0147,1,2.09,0.001,0.532,0.245,,-0.0000,-0.1722,1.7639,-0.0000,-0.3443,-0.1200,-0.0000,0.3449,0.0147,1,2.10,0.009,0.534,0.246,,0.0000,-0.1722,1.7639,-0.0000,0.3443,-0.1200,-0.2986,-0.1890,0.0147,1,2.13,0.060,0.531,0.237,,0.0000,-0.1722,1.7639,-0.2986,-0.1896,-0.1200,-0.2986,0.1903,0.0147,1,2.11,0.081,0.526,0.235,,-0.0000,-0.1722,1.7639,-0.2986,0.1896,-0.1200
0.289,56,tripod,-0.0000,0.0006,0.1347,-0.0000,0.0000,-0.0000,0.0003,0.0003,-0.0002,-0.0005,0.0003,-0.0001,0.000,0.000,0.0000,0.0000,-0.0000,0.0000,-0.0000,0.1200,0,0.2985,-0.1890,0.0147,1,2.06,0.049,0.519,0.236,,-0.0000,-0.1722,1.7643,0.2985,-0.1896,-0.1200,0.2985,0.1902,0.0147,1,2.12,0.103,0.522,0.228,,0.0000,-0.1722,1.7643,0.2985,0.1896,-0.1200,-0.0000,-0.3436,0.0147,1,2.13,0.023,0.540,0.247,,-0.0000,-0.1722,1.7643,-0.0000,-0.3442,-0.1200,-0.0000,0.3448,0.0147,1,2.08,0.026,0.513,0.225,,0.0000,-0.1722,1.7642,-0.0000,0.3442,-0.1200,-0.2985,-0.1890,0.0147,1,2.15,0.059,0.537,0.240,,0.0000,-0.1722,1.7643,-0.2985,-0.1896,-0.1200,-0.2985,0.1902,0.0147,1,2.12,0.075,0.529,0.237,,-0.0000,-0.1722,1.7643,-0.2985,0.1896,-0.1200
0.311,60,tripod,-0.0000,0.0006,0.1347,-0.0000,0.0000,-0.0000,-0.0002,0.0000,-0.0002,-0.0001,-0.0002,0.0004,0.000,0.000,-0.0000,0.0000,-0.0000,0.0000,-0.0000,0.1200,0,0.2985,-0.1890,0.0147,1,2.12,0.099,0.527,0.234,,-0.0000,-0.1722,1.7646,0.2985,-0.1896,-0.1200,0.2985,0.1902,0.0147,1,2.11,0.060,0.529,0.238,,0.0000,-0.1722,1.7646,0.2985,0.1896,-0.1200,-0.0000,-0.3436,0.0147,1,2.11,0.019,0.473,0.169,,-0.0000,-0.1722,1.7646,-0.0000,-0.3442,-0.1200,-0.0000,0.3448,0.0147,1,2.09,0.033,0.478,0.178,,0.0000,-0.1722,1.7643,-0.0000,0.3442,-0.1200,-0.2985,-0.1890,0.0147,1,2.06,0.090,0.486,0.196,,0.0000,-0.1722,1.7645,-0.2985,-0.1896,-0.1200,-0.2985,0.1902,0.0147,1,2.14,0.073,0.535,0.239,,-0.0000,-0.1722,1.7646,-0.2985,0.1896,-0.1200
0.333,64,tripod,-0.0000,0.0006,0.1347,-0.0000,0.0000,0.0000,-0.0000,0.0001,-0.0002,0.0000,-0.0000,0.0000,0.000,0.000,-0.0000,0.0000,-0.0000,0.0000,0.0000,0.1200,0,0.2985,-0.1890,0.0147,1,2.12,0.050,0.431,0.116,,-0.0000,-0.1722,1.7646,0.2985,-0.1896,-0.1200,0.2985,0.1902,0.0147,1,2.12,0.006,0.445,0.133,,0.0000,-0.1722,1.7646,0.2985,0.1896,-0.1200,-0.0000,-0.3436,0.0147,1,2.10,0.007,0.458,0.152,,-0.0000,-0.1722,1.7646,-0.0000,-0.3442,-0.1200,-0.0000,0.3448,0.0147,1,2.08,0.015,0.491,0.197,,0.0000,-0.1722,1.7643,-0.0000,0.3442,-0.1200,-0.2985,-0.1890,0.0147,1,2.10,0.032,0.452,0.146,,0.0000,-0.1722,1.7645,-0.2985,-0.1896,-0.1200,-0.2985,0.1902,0.0147,1,2.14,0.009,0.436,0.118,,-0.0000,-0.1722,1.7646,-0.2985,0.1896,-0.1200
0.355,68,tripod,-0.0000,0.0006,0.1347,-0.0000,0.0000,0.0000,-0.0000,0.0000,-0.0001,0.0000,-0.0000,0.0000,0.000,0.000,-0.0000,0.0000,-0.0000,0.0000,0.0000,0.1200,0,0.2985,-0.1890,0.0147,1,2.12,0.036,0.425,0.108,,-0.0001,-0.1722,1.7646,0.2985,-0.1896,-0.1200,0.2985,0.1902,0.0147,1,2.12,0.007,0.443,0.131,,0.0000,-0.1722,1.7646,0.2985,0.1896,-0.1200,-0.0000,-0.3436,0.0147,1,2.10,0.006,0.456,0.151,,-0.0000,-0.1722,1.7646,-0.0000,-0.3442,-0.1200,-0.0000,0.3448,0.0147,1,2.07,0.014,0.492,0.200,,0.0000,-0.1722,1.7643,-0.0000,0.3442,-0.1200,-0.2985,-0.1890,0.0147,1,2.10,0.023,0.449,0.143,,0.0000,-0.1722,1.7645,-0.2985,-0.1896,-0.1200,-0.2985,0.1902,0.0147,1,2.14,0.003,0.428,0.107,,-0.0000,-0.1722,1.7646,-0.2985,0.1896,-0.1200
0.377,72,tripod,-0.0000,0.0006,0.1347,-0.0000,0.0000,0.0000,-0.0000,0.0000,-0.0000,0.0000,-0.0000,-0.0000,0.000,0.000,-0.0000,0.0000,-0.0000,0.0000,0.0000,0.1200,0,0.2985,-0.1890,0.0147,1,2.12,0.032,0.424,0.108,,-0.0001,-0.1722,1.7646,0.2985,-0.1896,-0.1200,0.2985,0.1902,0.0147,1,2.12,0.012,0.443,0.131,,0.0000,-0.1722,1.7645,0.2985,0.1896,-0.1200,-0.0000,-0.3436,0.0147,1,2.10,0.007,0.456,0.150,,-0.0000,-0.1722,1.7646,-0.0000,-0.3442,-0.1200,-0.0000,0.3448,0.0147,1,2.08,0.013,0.492,0.200,,0.0000,-0.1722,1.7643,-0.0000,0.3442,-0.1200,-0.2985,-0.1890,0.0147,1,2.10,0.022,0.449,0.142,,0.0000,-0.1722,1.7645,-0.2985,-0.1896,-0.1200,-0.2985,0.1902,0.0147,1,2.14,0.008,0.427,0.106,,-0.0000,-0.1722,1.7646,-0.2985,0.1896,-0.1200
0.399,76,tripod,-0.0000,0.0006,0.1347,-0.0000,0.0000,0.0000,-0.0000,0.0000,0.0000,0.0000,-0.0000,-0.0000,0.000,0.000,-0.0000,0.0000,-0.0000,0.0000,0.0000,0.1200,0,0.2985,-0.1890,0.0147,1,2.12,0.031,0.424,0.108,,-0.0001,-0.1722,1.7646,0.2985,-0.1896,-0.1200,0.2985,0.1902,0.0147,1,2.12,0.015,0.443,0.131,,0.0000,-0.1722,1.7645,0.2985,0.1896,-0.1200,-0.0000,-0.3436,0.0147,1,2.10,0.009,0.456,0.151,,-0.0000,-0.1722,1.7646,-0.0000,-0.3442,-0.1200,-0.0000,0.3448,0.0147,1,2.08,0.012,0.492,0.200,,0.0000,-0.1722,1.7643,-0.0000,0.3442,-0.1200,-0.2985,-0.1890,0.0147,1,2.10,0.022,0.449,0.142,,0.0000,-0.1722,1.7645,-0.2985,-0.1896,-0.1200,-0.2985,0.1902,0.0147,1,2.14,0.010,0.426,0.106,,-0.0000,-0.1722,1.7646,-0.2985,0.1896,-0.1200
0.422,80,tripod,-0.0000,0.0006,0.1347,-0.0000,0.0000,0.0000,-0.0000,0.0000,0.0001,0.0000,-0.0000,-0.0000,0.000,0.000,-0.0000,0.0000,-0.0000,0.0000,0.0000,0.1200,0,0.2985,-0.1890,0.0147,1,2.12,0.031,0.424,0.109,,-0.0001,-0.1722,1.7646,0.2985,-0.1896,-0.1200,0.2985,0.1902,0.0147,1,2.12,0.017,0.443,0.131,,0.0000,-0.1722,1.7645,0.2985,0.1896,-0.1200,-0.0000,-0.3436,0.0147,1,2.10,0.010,0.457,0.151,,-0.0000,-0.1722,1.7646,-0.0000,-0.3442,-0.1200,-0.0000,0.3448,0.0147,1,2.08,0.010,0.492,0.200,,0.0000,-0.1722,1.7643,-0.0000,0.3442,-0.1200,-0.2985,-0.1890,0.0147,1,2.10,0.024,0.449,0.142,,0.0000,-0.1722,1.7645,-0.2985,-0.1896,-0.1200,-0.2985,0.1902,0.0147,1,2.14,0.011,0.426,0.106,,-0.0000,-0.1722,1.7646,-0.2985,0.1896,-0.1200
0.443,84,tripod,-0.0000,0.0006,0.1347,-0.0000,0.0000,-0.0000,-0.0000,0.0000,0.0001,0.0000,-0.0000,-0.0000,0.000,0.000,-0.0000,0.0000,-0.0000,0.0000,-0.0000,0.1200,0,0.2985,-0.1890,0.0147,1,2.11,0.031,0.424,0.109,,-0.0001,-0.1722,1.7645,0.2985,-0.1896,-0.1200,0.2985,0.1902,0.0147,1,2.12,0.019,0.443,0.132,,0.0000,-0.1722,1.7645,0.2985,0.1896,-0.1200,-0.0000,-0.3436,0.0147,1,2.10,0.012,0.457,0.151,,-0.0000,-0.1722,1.7645,-0.0000,-0.3442,-0.1200,-0.0000,0.3448,0.0147,1,2.08,0.009,0.492,0.199,,0.0000,-0.1722,1.7643,-0.0000,0.3442,-0.1200,-0.2985,-0.1890,0.0147,1,2.10,0.025,0.449,0.142,,0.0000,-0.1722,1.7645,-0.2985,-0.1896,-0.1200,-0.2985,0.1902,0.0147,1,2.14,0.012,0.426,0.105,,-0.0000,-0.1722,1.7646,-0.2985,0.1896,-0.1200
0.466,88,tripod,-0.0000,0.0006,0.1347,-0.0000,0.0000,-0.0000,-0.0000,0.0000,0.0001,-0.0000,-0.0000,0.0000,0.000,0.000,-0.0000,0.0000,-0.0000,0.0000,-0.0000,0.1200,0,0.2985,-0.1890,0.0147,1,2.11,0.031,0.424,0.110,,-0.0001,-0.1722,1.7645,0.2985,-0.1896,-0.1200,0.2985,0.1902,0.0147,1,2.12,0.020,0.443,0.132,,0.0000,-0.1722,1.7645,0.2985,0.1896,-0.1200,-0.0000,-0.3436,0.0147,1,2.10,0.012,0.457,0.151,,0.0000,-0.1722,1.7645,0.0000,-0.3442,-0.1200,-0.0000,0.3448,0.0147,1,2.08,0.008,0.493,0.199,,0.0000,-0.1722,1.7643,-0.0000,0.3442,-0.1200,-0.2985,-0.1890,0.0147,1,2.10,0.027,0.449,0.142,,0.0000,-0.1722,1.7644,-0.2985,-0.1896,-0.1200,-0.2985,0.1902,0.0147,1,2.14,0.012,0.426,0.105,,-0.0000,-0.1721,1.7646,-0.2985,0.1896,-0.1200
0.488,92,tripod,-0.0000,0.0006,0.1347,-0.0000,0.0000,0.0000,-0.0000,0.0000,0.0001,-0.0000,-0.0000,0.0000,0.000,0.000,-0.0000,0.0000,-0.0000,0.0000,0.0000,0.1200,0,0.2985,-0.1890,0.0147,1,2.11,0.032,0.424,0.110,,-0.0001,-0.1721,1.7645,0.2985,-0.1896,-0.1200,0.2985,0.1902,0.0147,1,2.12,0.021,0.444,0.132,,0.0000,-0.1722,1.7645,0.2985,0.1896,-0.1200,-0.0000,-0.3436,0.0147,1,2.10,0.012,0.457,0.151,,0.0000,-0.1721,1.7645,0.0000,-0.3442,-0.1200,-0.0000,0.3448,0.0147,1,2.08,0.007,0.493,0.199,,0.0000,-0.1722,1.7642,-0.0000,0.3442,-0.1200,-0.2985,-0.1890,0.0147,1,2.10,0.029,0.449,0.142,,0.0000,-0.1721,1.7644,-0.2985,-0.1896,-0.1200,-0.2985,0.1902,0.0147,1,2.14,0.011,0.425,0.105,,-0.0000,-0.1721,1.7645,-0.2985,0.1896,-0.1200
0.509,96,tripod,-0.0000,0.0006,0.1347,-0.0000,0.0000,0.0000,-0.0000,0.0000,0.0001,-0.0000,-0.0000,0.0000,0.000,0.000,-0.0000,0.0000,-0.0000,0.0000,0.0000,0.1200,0,0.2985,-0.1890,0.0147,1,2.11,0.032,0.424,0.110,,-0.0001,-0.1721,1.7645,0.2985,-0.1896,-0.1200,0.2985,0.1902,0.0147,1,2.12,0.021,0.444,0.132,,0.0000,-0.1721,1.7645,0.2985,0.1896,-0.1200,-0.0000,-0.3436,0.0147,1,2.10,0.012,0.457,0.151,,0.0000,-0.1721,1.7645,0.0000,-0.3442,-0.1200,-0.0000,0.3448,0.0147,1,2.08,0.007,0.493,0.199,,0.0000,-0.1722,1.7642,-0.0000,0.3442,-0.1200,-0.2985,-0.1890,0.0147,1,2.10,0.030,0.449,0.141,,0.0000,-0.1721,1.7644,-0.2985,-0.1896,-0.1200,-0.2985,0.1902,0.0147,1,2.14,0.011,0.425,0.105,,-0.0000,-0.1721,1.7645,-0.2985,0.1896,-0.1200
0.531,100,tripod,-0.0000,0.0006,0.1347,-0.0000,0.0000,0.0000,-0.0000,0.0000,0.0001,-0.0000,-0.0000,0.0000,0.000,0.000,-0.0000,0.0000,-0.0000,0.0000,0.0000,0.1200,0,0.2985,-0.1890,0.0147,1,2.11,0.032,0.424,0.110,,-0.0001,-0.1721,1.7645,0.2985,-0.1896,-0.1200,0.2985,0.1902,0.0147,1,2.12,0.022,0.444,0.132,,0.0000,-0.1721,1.7645,0.2985,0.1896,-0.1200,-0.0000,-0.3436,0.0147,1,2.10,0.013,0.457,0.151,,0.0000,-0.1721,1.7645,0.0000,-0.3442,-0.1200,-0.0000,0.3448,0.0147,1,2.08,0.006,0.493,0.199,,0.0000,-0.1721,1.7642,-0.0000,0.3442,-0.1200,-0.2985,-0.1890,0.0147,1,2.10,0.031,0.449,0.141,,0.0000,-0.1721,1.7644,-0.2985,-0.1896,-0.1200,-0.2985,0.1902,0.0147,1,2.14,0.011,0.425,0.105,,-0.0000,-0.1721,1.7645,-0.2985,0.1896,-0.1200
0.553,104,tripod,-0.0000,0.0006,0.1347,-0.0000,0.0000,0.0000,-0.0000,0.0000,0.0001,-0.0000,-0.0000,0.0000,0.000,0.000,-0.0000,0.0000,-0.0000,0.0000,0.0000,0.1200,0,0.2985,-0.1890,0.0147,1,2.11,0.032,0.425,0.110,,-0.0001,-0.1721,1.7645,0.2985,-0.1896,-0.1200,0.2985,0.1902,0.0147,1,2.12,0.022,0.444,0.132,,0.0000,-0.1721,1.7644,0.2985,0.1896,-0.1200,-0.0000,-0.3436,0.0147,1,2.10,0.013,0.457,0.151,,0.0000,-0.1721,1.7645,0.0000,-0.3442,-0.1200,-0.0000,0.3448,0.0147,1,2.08,0.005,0.493,0.199,,0.0000,-0.1721,1.7642,-0.0000,0.3442,-0.1200,-0.2985,-0.1890,0.0147,1,2.11,0.032,0.449,0.141,,0.0000,-0.1721,1.7644,-0.2985,-0.1896,-0.1200,-0.2985,0.1902,0.0147,1,2.14,0.010,0.425,0.105,,-0.0000,-0.1721,1.7645,-0.2985,0.1896,-0.1200
0.575,108,tripod,-0.0000,0.0006,0.1347,-0.0000,0.0000,0.0000,-0.0000,0.0000,0.0001,-0.0000,-0.0000,0.0000,0.000,0.000,-0.0000,0.0000,-0.0000,0.0000,0.0000,0.1200,0,0.2985,-0.1890,0.0147,1,2.11,0.032,0.425,0.110,,-0.0001,-0.1721,1.7644,0.2985,-0.1896,-0.1200,0.2985,0.1902,0.0147,1,2.12,0.023,0.444,0.132,,0.0000,-0.1721,1.7644,0.2985,0.1896,-0.1200,-0.0000,-0.3436,0.0147,1,2.10,0.013,0.457,0.151,,0.0000,-0.1721,1.7645,0.0000,-0.3442,-0.1200,-0.0000,0.3448,0.0147,1,2.08,0.004,0.493,0.199,,0.0000,-0.1721,1.7642,-0.0000,0.3442,-0.1200,-0.2985,-0.1890,0.0147,1,2.11,0.032,0.449,0.141,,0.0000,-0.1721,1.7644,-0.2985,-0.1896,-0.1200,-0.2985,0.1902,0.0147,1,2.14,0.010,0.425,0.105,,-0.0000,-0.1721,1.7645,-0.2985,0.1896,-0.1200
0.597,112,tripod,-0.0000,0.0006,0.1347,-0.0000,0.0000,0.0000,-0.0000,0.0000,0.0001,0.0000,0.0000,0.0000,0.000,0.000,-0.0000,0.0000,-0.0000,0.0000,0.0000,0.1200,0,0.2985,-0.1890,0.0147,1,2.11,0.032,0.425,0.110,,-0.0001,-0.1721,1.7644,0.2985,-0.1896,-0.1200,0.2985,0.1902,0.0147,1,2.12,0.023,0.444,0.132,,0.0000,-0.1721,1.7644,0.2985,0.1896,-0.1200,-0.0000,-0.3436,0.0147,1,2.10,0.014,0.457,0.152,,0.0000,-0.1721,1.7645,0.0000,-0.3442,-0.1200,-0.0000,0.3448,0.0147,1,2.08,0.004,0.493,0.199,,0.0000,-0.1721,1.7642,-0.0000,0.3442,-0.1200,-0.2985,-0.1890,0.0147,1,2.11,0.032,0.449,0.141,,0.0000,-0.1721,1.7644,-0.2985,-0.1896,-0.1200,-0.2985,0.1902,0.0147,1,2.14,0.010,0.425,0.105,,-0.0000,-0.1721,1.7645,-0.2985,0.1896,-0.1200
0.619,116,tripod,-0.0000,0.0006,0.1347,-0.0000,0.0000,0.0000,-0.0000,0.0000,0.0001,0.0000,0.0000,0.0000,0.000,0.000,-0.0000,0.0000,-0.0000,0.0000,0.0000,0.1200,0,0.2985,-0.1890,0.0147,1,2.11,0.032,0.425,0.110,,-0.0001,-0.1721,1.7644,0.2985,-0.1896,-0.1200,0.2985,0.1902,0.0147,1,2.12,0.023,0.444,0.132,,0.0000,-0.1721,1.7644,0.2985,0.1896,-0.1200,-0.0000,-0.3436,0.0147,1,2.10,0.014,0.457,0.152,,0.0000,-0.1721,1.7644,0.0000,-0.3442,-0.1200,-0.0000,0.3448,0.0147,1,2.08,0.003,0.493,0.199,,0.0000,-0.1721,1.7642,-0.0000,0.3442,-0.1200,-0.2985,-0.1890,0.0147,1,2.11,0.033,0.449,0.141,,0.0000,-0.1721,1.7644,-0.2985,-0.1896,-0.1200,-0.2985,0.1902,0.0147,1,2.14,0.009,0.425,0.105,,-0.0000,-0.1720,1.7645,-0.2985,0.1896,-0.1200
0.641,120,tripod,-0.0000,0.0006,0.1347,-0.0000,0.0000,0.0000,-0.0000,0.0000,0.0000,0.0000,0.0000,0.0000,0.000,0.000,-0.0000,0.0000,-0.0000,0.0000,0.0000,0.1200,0,0.2985,-0.1890,0.0147,1,2.11,0.032,0.425,0.111,,-0.0001,-0.1721,1.7644,0.2985,-0.1896,-0.1200,0.2985,0.1902,0.0147,1,2.12,0.023,0.444,0.132,,0.0000,-0.1721,1.7644,0.2985,0.1896,-0.1200,-0.0000,-0.3436,0.0147,1,2.10,0.014,0.457,0.152,,0.0000,-0.1721,1.7644,0.0000,-0.3442,-0.1200,-0.0000,0.3448,0.0147,1,2.08,0.003,0.493,0.199,,0.0000,-0.1721,1.7642,-0.0000,0.3442,-0.1200,-0.2985,-0.1890,0.0147,1,2.11,0.033,0.449,0.141,,0.0000,-0.1721,1.7644,-0.2985,-0.1896,-0.1200,-0.2985,0.1902,0.0147,1,2.14,0.009,0.425,0.105,,-0.0000,-0.1720,1.7645,-0.2985,0.1896,-0.1200
0.663,124,tripod,-0.0000,0.0006,0.1347,-0.0000,0.0000,0.0000,-0.0000,0.0000,0.0000,0.0000,0.0000,0.0000,0.000,0.000,-0.0000,0.0000,-0.0000,0.0000,0.0000,0.1200,0,0.2985,-0.1890,0.0147,1,2.11,0.032,0.425,0.111,,-0.0001,-0.1721,1.7644,0.2985,-0.1896,-0.1200,0.2985,0.1902,0.0147,1,2.12,0.024,0.444,0.132,,-0.0000,-0.1721,1.7644,0.2985,0.1896,-0.1200,-0.0000,-0.3436,0.0147,1,2.10,0.015,0.457,0.152,,0.0000,-0.1721,1.7644,0.0000,-0.3442,-0.1200,-0.0000,0.3448,0.0147,1,2.08,0.002,0.493,0.199,,0.0000,-0.1721,1.7642,-0.0000,0.3442,-0.1200,-0.2985,-0.1890,0.0147,1,2.11,0.033,0.449,0.141,,0.0000,-0.1720,1.7644,-0.2985,-0.1896,-0.1200,-0.2985,0.1902,0.0147,1,2.14,0.009,0.424,0.104,,-0.0000,-0.1720,1.7645,-0.2985,0.1896,-0.1200
0.684,128,tripod,-0.0000,0.0006,0.1347,-0.0000,0.0000,0.0000,-0.0000,-0.0000,0.0000,0.0000,0.0000,0.0000,0.000,0.000,-0.0000,0.0000,-0.0000,0.0000,0.0000,0.1200,0,0.2985,-0.1890,0.0147,1,2.11,0.032,0.425,0.111,,-0.0001,-0.1721,1.7644,0.2985,-0.1896,-0.1200,0.2985,0.1902,0.0147,1,2.12,0.024,0.444,0.132,,-0.0000,-0.1721,1.7644,0.2985,0.1896,-0.1200,-0.0000,-0.3436,0.0147,1,2.10,0.015,0.457,0.152,,0.0000,-0.1721,1.7644,0.0000,-0.3442,-0.1200,-0.0000,0.3448,0.0147,1,2.08,0.002,0.493,0.199,,0.0000,-0.1721,1.7642,-0.0000,0.3442,-0.1200,-0.2985,-0.1890,0.0147,1,2.11,0.033,0.448,0.141,,0.0000,-0.1720,1.7644,-0.2985,-0.1896,-0.1200,-0.2985,0.1902,0.0147,1,2.14,0.009,0.424,0.104,,-0.0000,-0.1720,1.7645,-0.2985,0.1896,-0.1200
0.706,132,tripod,-0.0000,0.0006,0.1347,-0.0000,0.0000,0.0000,-0.0000,-0.0000,-0.0000,0.0000,0.0000,0.0000,0.000,0.000,-0.0000,0.0000,-0.0000,0.0000,0.0000,0.1200,0,0.2985,-0.1890,0.0147,1,2.11,0.032,0.425,0.111,,-0.0001,-0.1721,1.7644,0.2985,-0.1896,-0.1200,0.2985,0.1902,0.0147,1,2.12,0.024,0.444,0.132,,-0.0000,-0.1721,1.7644,0.2985,0.1896,-0.1200,-0.0000,-0.3436,0.0147,1,2.10,0.015,0.457,0.152,,0.0000,-0.1720,1.7644,0.0000,-0.3442,-0.1200,-0.0000,0.3448,0.0147,1,2.08,0.001,0.493,0.199,,0.0000,-0.1721,1.7642,-0.0000,0.3442,-0.1200,-0.2985,-0.1890,0.0147,1,2.11,0.033,0.448,0.141,,0.0000,-0.1720,1.7644,-0.2985,-0.1896,-0.1200,-0.2985,0.1902,0.0147,1,2.14,0.009,0.424,0.104,,-0.0000,-0.1720,1.7645,-0.2985,0.1896,-0.1200
0.728,136,tripod,-0.0000,0.0006,0.1347,-0.0000,0.0000,0.0000,-0.0000,-0.0000,-0.0000,0.0000,0.0000,0.0000,0.000,0.000,-0.0000,0.0000,-0.0000,0.0000,0.0000,0.1200,0,0.2985,-0.1890,0.0147,1,2.11,0.032,0.425,0.111,,-0.0001,-0.1721,1.7644,0.2985,-0.1896,-0.1200,0.2985,0.1902,0.0147,1,2.12,0.024,0.444,0.133,,-0.0000,-0.1721,1.7644,0.2985,0.1896,-0.1200,-0.0000,-0.3436,0.0147,1,2.10,0.016,0.457,0.152,,0.0000,-0.1720,1.7644,0.0000,-0.3442,-0.1200,-0.0000,0.3448,0.0147,1,2.08,0.001,0.493,0.199,,0.0000,-0.1721,1.7642,-0.0000,0.3442,-0.1200,-0.2985,-0.1890,0.0147,1,2.11,0.033,0.448,0.140,,0.0000,-0.1720,1.7644,-0.2985,-0.1896,-0.1200,-0.2985,0.1902,0.0147,1,2.14,0.008,0.424,0.104,,-0.0000,-0.1720,1.7645,-0.2985,0.1896,-0.1200
0.750,140,tripod,-0.0000,0.0006,0.1347,-0.0000,0.0000,0.0000,-0.0000,-0.0000,-0.0000,0.0000,0.0000,0.0000,0.000,0.000,-0.0000,0.0000,-0.0000,0.0000,0.0000,0.1200,0,0.2985,-0.1890,0.0147,1,2.11,0.032,0.425,0.111,,-0.0001,-0.1721,1.7644,0.2985,-0.1896,-0.1200,0.2985,0.1902,0.0147,1,2.12,0.024,0.444,0.133,,-0.0000,-0.1721,1.7644,0.2985,0.1896,-0.1200,-0.0000,-0.3436,0.0147,1,2.10,0.016,0.457,0.152,,0.0000,-0.1721,1.7644,0.0000,-0.3442,-0.1200,-0.0000,0.3448,0.0147,1,2.08,0.001,0.493,0.199,,0.0000,-0.1721,1.7642,-0.0000,0.3442,-0.1200,-0.2985,-0.1890,0.0147,1,2.11,0.033,0.448,0.140,,0.0000,-0.1720,1.7644,-0.2985,-0.1896,-0.1200,-0.2985,0.1902,0.0147,1,2.14,0.008,0.424,0.104,,-0.0000,-0.1720,1.7645,-0.2985,0.1896,-0.1200
0.772,144,tripod,-0.0000,0.0006,0.1347,-0.0000,0.0000,0.0000,-0.0000,-0.0000,-0.0000,0.0000,0.0000,0.0000,0.000,0.000,-0.0000,0.0000,-0.0000,0.0000,0.0000,0.1200,0,0.2985,-0.1890,0.0147,1,2.11,0.032,0.425,0.111,,-0.0001,-0.1721,1.7644,0.2985,-0.1896,-0.1200,0.2985,0.1902,0.0147,1,2.12,0.024,0.444,0.133,,-0.0000,-0.1721,1.7644,0.2985,0.1896,-0.1200,-0.0000,-0.3436,0.0147,1,2.10,0.016,0.457,0.152,,0.0000,-0.1721,1.7644,0.0000,-0.3442,-0.1200,-0.0000,0.3448,0.0147,1,2.08,0.000,0.493,0.199,,0.0000,-0.1721,1.7642,-0.0000,0.3442,-0.1200,-0.2985,-0.1890,0.0147,1,2.11,0.034,0.448,0.140,,0.0000,-0.1720,1.7644,-0.2985,-0.1896,-0.1200,-0.2985,0.1902,0.0147,1,2.14,0.008,0.424,0.104,,-0.0000,-0.1720,1.7645,-0.2985,0.1896,-0.1200
0.794,148,tripod,-0.0000,0.0006,0.1347,-0.0000,0.0000,0.0000,-0.0000,-0.0000,-0.0000,0.0000,0.0000,0.0000,0.000,0.000,-0.0000,0.0000,-0.0000,0.0000,0.0000,0.1200,0,0.2985,-0.1890,0.0147,1,2.11,0.032,0.425,0.111,,-0.0001,-0.1721,1.7644,0.2985,-0.1896,-0.1200,0.2985,0.1902,0.0147,1,2.12,0.025,0.444,0.133,,-0.0000,-0.1721,1.7644,0.2985,0.1896,-0.1200,-0.0000,-0.3436,0.0147,1,2.10,0.016,0.457,0.152,,0.0000,-0.1721,1.7644,0.0000,-0.3442,-0.1200,-0.0000,0.3448,0.0147,1,2.08,0.000,0.493,0.199,,0.0000,-0.1721,1.7642,-0.0000,0.3442,-0.1200,-0.2985,-0.1890,0.0147,1,2.11,0.034,0.448,0.140,,0.0000,-0.1720,1.7644,-0.2985,-0.1896,-0.1200,-0.2985,0.1902,0.0147,1,2.14,0.008,0.424,0.104,,-0.0000,-0.1720,1.7645,-0.2985,0.1896,-0.1200
0.815,152,tripod,-0.0000,0.0006,0.1347,-0.0000,0.0000,0.0000,-0.0000,-0.0000,-0.0000,0.0000,0.0000,0.0000,0.000,0.000,-0.0000,0.0000,-0.0000,0.0000,0.0000,0.1200,0,0.2985,-0.1890,0.0147,1,2.11,0.032,0.425,0.111,,-0.0001,-0.1721,1.7644,0.2985,-0.1896,-0.1200,0.2985,0.1902,0.0147,1,2.12,0.025,0.444,0.133,,-0.0000,-0.1721,1.7644,0.2985,0.1896,-0.1200,-0.0000,-0.3436,0.0147,1,2.10,0.016,0.457,0.152,,0.0000,-0.1721,1.7644,0.0000,-0.3442,-0.1200,-0.0000,0.3448,0.0147,1,2.08,0.000,0.493,0.199,,0.0000,-0.1721,1.7642,-0.0000,0.3442,-0.1200,-0.2985,-0.1890,0.0147,1,2.11,0.034,0.448,0.140,,0.0000,-0.1721,1.7644,-0.2985,-0.1896,-0.1200,-0.2985,0.1902,0.0147,1,2.14,0.008,0.424,0.104,,-0.0000,-0.1720,1.7645,-0.2985,0.1896,-0.1200
0.837,156,tripod,-0.0000,0.0006,0.1347,-0.0000,0.0000,0.0000,-0.0000,-0.0000,-0.0000,0.0000,0.0000,0.0000,0.000,0.000,-0.0000,0.0000,-0.0000,0.0000,0.0000,0.1200,0,0.2985,-0.1890,0.0147,1,2.11,0.032,0.425,0.111,,-0.0001,-0.1721,1.7644,0.2985,-0.1896,-0.1200,0.2985,0.1902,0.0147,1,2.12,0.025,0.444,0.133,,-0.0000,-0.1721,1.7644,0.2985,0.1896,-0.1200,-0.0000,-0.3436,0.0147,1,2.10,0.017,0.457,0.151,,0.0000,-0.1721,1.7644,0.0000,-0.3442,-0.1200,-0.0000,0.3448,0.0147,1,2.08,0.000,0.493,0.199,,0.0000,-0.1721,1.7642,-0.0000,0.3442,-0.1200,-0.2985,-0.1890,0.0147,1,2.11,0.034,0.448,0.140,,0.0000,-0.1721,1.7644,-0.2985,-0.1896,-0.1200,-0.2985,0.1902,0.0147,1,2.14,0.008,0.424,0.104,,-0.0000,-0.1720,1.7645,-0.2985,0.1896,-0.1200
0.859,160,tripod,-0.0000,0.0006,0.1347,-0.0000,0.0000,0.0000,-0.0000,-0.0000,-0.0000,0.0000,0.0000,0.0000,0.000,0.000,-0.0000,0.0000,-0.0000,0.0000,0.0000,0.1200,0,0.2985,-0.1890,0.0147,1,2.11,0.031,0.425,0.111,,-0.0001,-0.1721,1.7644,0.2985,-0.1896,-0.1200,0.2985,0.1902,0.0147,1,2.12,0.025,0.444,0.133,,-0.0000,-0.1721,1.7644,0.2985,0.1896,-0.1200,-0.0000,-0.3436,0.0147,1,2.10,0.017,0.457,0.151,,0.0000,-0.1721,1.7644,0.0000,-0.3442,-0.1200,-0.0000,0.3448,0.0147,1,2.08,0.001,0.493,0.199,,0.0000,-0.1721,1.7642,-0.0000,0.3442,-0.1200,-0.2985,-0.1890,0.0147,1,2.11,0.034,0.448,0.140,,0.0000,-0.1721,1.7644,-0.2985,-0.1896,-0.1200,-0.2985,0.1902,0.0147,1,2.14,0.007,0.424,0.104,,-0.0000,-0.1720,1.7645,-0.2985,0.1896,-0.1200
0.881,164,tripod,-0.0000,0.0006,0.1347,-0.0000,0.0000,0.0000,-0.0000,-0.0000,-0.0000,-0.0000,0.0000,0.0000,0.000,0.000,-0.0000,0.0000,-0.0000,0.0000,0.0000,0.1200,0,0.2985,-0.1890,0.0147,1,2.11,0.031,0.425,0.111,,-0.0001,-0.1721,1.7644,0.2985,-0.1896,-0.1200,0.2985,0.1902,0.0147,1,2.12,0.025,0.445,0.133,,-0.0000,-0.1721,1.7644,0.2985,0.1896,-0.1200,-0.0000,-0.3436,0.0147,1,2.10,0.017,0.457,0.151,,0.0000,-0.1721,1.7644,0.0000,-0.3442,-0.1200,-0.0000,0.3448,0.0147,1,2.08,0.001,0.493,0.199,,0.0000,-0.1721,1.7642,-0.0000,0.3442,-0.1200,-0.2985,-0.1890,0.0147,1,2.11,0.034,0.448,0.140,,0.0000,-0.1721,1.7644,-0.2985,-0.1896,-0.1200,-0.2985,0.1902,0.0147,1,2.14,0.007,0.424,0.104,,-0.0000,-0.1720,1.7645,-0.2985,0.1896,-0.1200
0.902,168,tripod,-0.0000,0.0006,0.1347,-0.0000,0.0000,0.0000,-0.0000,-0.0000,-0.0000,-0.0000,0.0000,0.0000,0.000,0.000,-0.0000,0.0000,-0.0000,0.0000,0.0000,0.1200,0,0.2985,-0.1890,0.0147,1,2.11,0.031,0.425,0.111,,-0.0001,-0.1721,1.7644,0.2985,-0.1896,-0.1200,0.2985,0.1902,0.0147,1,2.12,0.025,0.445,0.133,,-0.0000,-0.1721,1.7644,0.2985,0.1896,-0.1200,-0.0000,-0.3436,0.0147,1,2.10,0.017,0.457,0.151,,0.0000,-0.1721,1.7644,0.0000,-0.3442,-0.1200,-0.0000,0.3448,0.0147,1,2.08,0.001,0.493,0.199,,0.0000,-0.1721,1.7642,-0.0000,0.3442,-0.1200,-0.2985,-0.1890,0.0147,1,2.11,0.034,0.448,0.140,,0.0000,-0.1721,1.7644,-0.2985,-0.1896,-0.1200,-0.2985,0.1902,0.0147,1,2.14,0.007,0.424,0.104,,-0.0000,-0.1720,1.7645,-0.2985,0.1896,-0.1200
0.924,172,tripod,-0.0000,0.0006,0.1347,-0.0000,0.0000,0.0000,-0.0000,-0.0000,-0.0000,-0.0000,0.0000,0.0000,0.000,0.000,-0.0000,0.0000,-0.0000,0.0000,0.0000,0.1200,0,0.2985,-0.1890,0.0147,1,2.11,0.031,0.425,0.111,,-0.0001,-0.1721,1.7644,0.2985,-0.1896,-0.1200,0.2985,0.1902,0.0147,1,2.12,0.025,0.445,0.133,,-0.0000,-0.1721,1.7644,0.2985,0.1896,-0.1200,-0.0000,-0.3436,0.0147,1,2.10,0.017,0.457,0.151,,0.0000,-0.1721,1.7644,0.0000,-0.3442,-0.1200,-0.0000,0.3448,0.0147,1,2.08,0.001,0.493,0.199,,0.0000,-0.1721,1.7642,-0.0000,0.3442,-0.1200,-0.2985,-0.1890,0.0147,1,2.11,0.034,0.448,0.140,,0.0000,-0.1721,1.7644,-0.2985,-0.1896,-0.1200,-0.2985,0.1902,0.0147,1,2.14,0.007,0.424,0.104,,-0.0000,-0.1720,1.7645,-0.2985,0.1896,-0.1200
0.945,176,tripod,-0.0000,0.0006,0.1347,-0.0000,0.0000,0.0000,-0.0000,-0.0000,-0.0000,-0.0000,0.0000,0.0000,0.000,0.000,-0.0000,0.0000,-0.0000,0.0000,0.0000,0.1200,0,0.2985,-0.1890,0.0147,1,2.11,0.031,0.425,0.111,,-0.0001,-0.1721,1.7644,0.2985,-0.1896,-0.1200,0.2985,0.1902,0.0147,1,2.12,0.025,0.445,0.133,,-0.0000,-0.1721,1.7644,0.2985,0.1896,-0.1200,-0.0000,-0.3436,0.0147,1,2.10,0.017,0.457,0.151,,0.0000,-0.1721,1.7644,0.0000,-0.3442,-0.1200,-0.0000,0.3448,0.0147,1,2.08,0.001,0.493,0.199,,0.0000,-0.1721,1.7642,-0.0000,0.3442,-0.1200,-0.2985,-0.1890,0.0147,1,2.11,0.034,0.448,0.140,,0.0000,-0.1721,1.7644,-0.2985,-0.1896,-0.1200,-0.2985,0.1902,0.0147,1,2.14,0.007,0.424,0.104,,-0.0000,-0.1721,1.7645,-0.2985,0.1896,-0.1200
0.967,180,tripod,-0.0000,0.0006,0.1347,-0.0000,0.0000,0.0000,-0.0000,-0.0000,-0.0000,-0.0000,0.0000,0.0000,0.000,0.000,-0.0000,0.0000,-0.0000,0.0000,0.0000,0.1200,0,0.2985,-0.1890,0.0147,1,2.11,0.031,0.425,0.111,,-0.0001,-0.1721,1.7644,0.2985,-0.1896,-0.1200,0.2985,0.1902,0.0147,1,2.12,0.025,0.445,0.133,,-0.0000,-0.1721,1.7644,0.2985,0.1896,-0.1200,-0.0000,-0.3436,0.0147,1,2.10,0.017,0.457,0.151,,0.0000,-0.1721,1.7645,0.0000,-0.3442,-0.1200,-0.0000,0.3448,0.0147,1,2.08,0.002,0.493,0.199,,0.0000,-0.1721,1.7642,-0.0000,0.3442,-0.1200,-0.2985,-0.1890,0.0147,1,2.11,0.034,0.448,0.140,,0.0000,-0.1721,1.7644,-0.2985,-0.1896,-0.1200,-0.2985,0.1902,0.0147,1,2.14,0.007,0.424,0.104,,-0.0000,-0.1721,1.7645,-0.2985,0.1896,-0.1200
0.989,184,tripod,-0.0000,0.0006,0.1347,-0.0000,0.0000,0.0000,-0.0000,-0.0000,-0.0000,-0.0000,0.0000,0.0000,0.000,0.000,-0.0000,0.0000,-0.0000,0.0000,0.0000,0.1200,0,0.2985,-0.1890,0.0147,1,2.11,0.031,0.425,0.111,,-0.0001,-0.1721,1.7644,0.2985,-0.1896,-0.1200,0.2985,0.1902,0.0147,1,2.12,0.025,0.445,0.133,,-0.0000,-0.1721,1.7644,0.2985,0.1896,-0.1200,-0.0000,-0.3436,0.0147,1,2.10,0.018,0.457,0.151,,0.0000,-0.1721,1.7645,0.0000,-0.3442,-0.1200,-0.0000,0.3448,0.0147,1,2.08,0.002,0.493,0.199,,0.0000,-0.1721,1.7642,-0.0000,0.3442,-0.1200,-0.2985,-0.1890,0.0147,1,2.11,0.034,0.448,0.140,,0.0000,-0.1721,1.7644,-0.2985,-0.1896,-0.1200,-0.2985,0.1902,0.0147,1,2.14,0.007,0.424,0.104,,-0.0000,-0.1721,1.7645,-0.2985,0.1896,-0.1200
1.011,188,tripod,-0.0000,0.0006,0.1347,-0.0000,0.0000,0.0000,-0.0000,-0.0000,-0.0000,-0.0000,0.0000,0.0000,0.000,0.000,-0.0000,0.0000,-0.0000,0.0000,0.0000,0.1200,0,0.2985,-0.1890,0.0147,1,2.11,0.031,0.425,0.111,,-0.0001,-0.1721,1.7644,0.2985,-0.1896,-0.1200,0.2985,0.1902,0.0147,1,2.12,0.025,0.445,0.133,,-0.0000,-0.1721,1.7644,0.2985,0.1896,-0.1200,-0.0000,-0.3436,0.0147,1,2.10,0.018,0.457,0.151,,0.0000,-0.1721,1.7645,0.0000,-0.3442,-0.1200,-0.0000,0.3448,0.0147,1,2.08,0.002,0.493,0.199,,0.0000,-0.1721,1.7642,-0.0000,0.3442,-0.1200,-0.2985,-0.1890,0.0147,1,2.11,0.034,0.448,0.140,,0.0000,-0.1721,1.7644,-0.2985,-0.1896,-0.1200,-0.2985,0.1902,0.0147,1,2.14,0.007,0.424,0.104,,-0.0000,-0.1721,1.7645,-0.2985,0.1896,-0.1200
1.032,192,tripod,-0.0000,0.0006,0.1347,-0.0000,0.0000,0.0000,-0.0000,-0.0000,-0.0000,-0.0000,0.0000,0.0000,0.000,0.000,-0.0000,0.0000,-0.0000,0.0000,0.0000,0.1200,0,0.2985,-0.1890,0.0147,1,2.11,0.031,0.425,0.111,,-0.0001,-0.1721,1.7644,0.2985,-0.1896,-0.1200,0.2985,0.1902,0.0147,1,2.12,0.025,0.445,0.133,,-0.0000,-0.1721,1.7644,0.2985,0.1896,-0.1200,-0.0000,-0.3436,0.0147,1,2.10,0.018,0.457,0.151,,0.0000,-0.1721,1.7645,0.0000,-0.3442,-0.1200,-0.0000,0.3448,0.0147,1,2.08,0.002,0.493,0.199,,0.0000,-0.1721,1.7642,-0.0000,0.3442,-0.1200,-0.2985,-0.1890,0.0147,1,2.11,0.034,0.448,0.140,,0.0000,-0.1721,1.7644,-0.2985,-0.1896,-0.1200,-0.2985,0.1902,0.0147,1,2.14,0.007,0.424,0.104,,-0.0000,-0.1721,1.7645,-0.2985,0.1896,-0.1200
1.054,196,tripod,-0.0000,0.0006,0.1347,-0.0000,0.0000,0.0000,-0.0000,-0.0000,-0.0000,-0.0000,0.0000,0.0000,0.000,0.000,-0.0000,0.0000,-0.0000,0.0000,0.0000,0.1200,0,0.2985,-0.1890,0.0147,1,2.11,0.031,0.425,0.111,,-0.0001,-0.1721,1.7644,0.2985,-0.1896,-0.1200,0.2985,0.1902,0.0147,1,2.12,0.026,0.445,0.133,,-0.0000,-0.1721,1.7644,0.2985,0.1896,-0.1200,-0.0000,-0.3436,0.0147,1,2.10,0.018,0.457,0.151,,0.0000,-0.1721,1.7645,0.0000,-0.3442,-0.1200,-0.0000,0.3448,0.0147,1,2.08,0.002,0.493,0.199,,0.0000,-0.1721,1.7642,-0.0000,0.3442,-0.1200,-0.2985,-0.1890,0.0147,1,2.11,0.034,0.448,0.140,,0.0000,-0.1721,1.7644,-0.2985,-0.1896,-0.1200,-0.2985,0.1902,0.0147,1,2.14,0.007,0.424,0.104,,-0.0000,-0.1721,1.7645,-0.2985,0.1896,-0.1200
1.076,200,tripod,-0.0000,0.0006,0.1347,-0.0000,0.0000,0.0000,-0.0000,-0.0000,-0.0000,-0.0000,0.0000,0.0000,0.000,0.000,-0.0000,0.0000,-0.0000,0.0000,0.0000,0.1200,0,0.2985,-0.1890,0.0147,1,2.11,0.031,0.425,0.111,,-0.0001,-0.1721,1.7644,0.2985,-0.1896,-0.1200,0.2985,0.1902,0.0147,1,2.12,0.026,0.445,0.133,,-0.0000,-0.1721,1.7644,0.2985,0.1896,-0.1200,-0.0000,-0.3436,0.0147,1,2.10,0.018,0.457,0.151,,0.0000,-0.1721,1.7645,0.0000,-0.3442,-0.1200,-0.0000,0.3448,0.0147,1,2.08,0.002,0.493,0.199,,0.0000,-0.1721,1.7642,-0.0000,0.3442,-0.1200,-0.2985,-0.1890,0.0147,1,2.11,0.034,0.448,0.140,,0.0000,-0.1721,1.7644,-0.2985,-0.1896,-0.1200,-0.2985,0.1902,0.0147,1,2.14,0.006,0.424,0.104,,-0.0000,-0.1721,1.7645,-0.2985,0.1896,-0.1200
1.098,204,tripod,-0.0000,0.0006,0.1347,-0.0000,0.0000,0.0000,-0.0000,-0.0000,-0.0000,-0.0000,0.0000,0.0000,0.000,0.000,-0.0000,0.0000,-0.0000,0.0000,0.0000,0.1200,0,0.2985,-0.1890,0.0147,1,2.11,0.031,0.425,0.111,,-0.0001,-0.1721,1.7644,0.2985,-0.1896,-0.1200,0.2985,0.1902,0.0147,1,2.12,0.026,0.445,0.133,,-0.0000,-0.1721,1.7644,0.2985,0.1896,-0.1200,-0.0000,-0.3436,0.0147,1,2.10,0.018,0.457,0.151,,0.0000,-0.1721,1.7645,0.0000,-0.3442,-0.1200,-0.0000,0.3448,0.0147,1,2.08,0.002,0.493,0.199,,0.0000,-0.1721,1.7642,-0.0000,0.3442,-0.1200,-0.2985,-0.1890,0.0147,1,2.11,0.034,0.448,0.140,,0.0000,-0.1721,1.7644,-0.2985,-0.1896,-0.1200,-0.2985,0.1902,0.0147,1,2.14,0.006,0.424,0.104,,-0.0000,-0.1721,1.7645,-0.2985,0.1896,-0.1200
1.119,208,tripod,-0.0000,0.0006,0.1347,-0.0000,0.0000,0.0000,-0.0000,-0.0000,0.0000,-0.0000,0.0000,0.0000,0.000,0.000,-0.0000,0.0000,-0.0000,0.0000,0.0000,0.1200,0,0.2985,-0.1890,0.0147,1,2.11,0.031,0.426,0.111,,-0.0001,-0.1721,1.7644,0.2985,-0.1896,-0.1200,0.2985,0.1902,0.0147,1,2.12,0.026,0.445,0.133,,-0.0000,-0.1721,1.7644,0.2985,0.1896,-0.1200,-0.0000,-0.3436,0.0147,1,2.10,0.018,0.457,0.151,,0.0000,-0.1721,1.7645,0.0000,-0.3442,-0.1200,-0.0000,0.3448,0.0147,1,2.08,0.002,0.493,0.199,,0.0000,-0.1721,1.7642,-0.0000,0.3442,-0.1200,-0.2985,-0.1890,0.0147,1,2.11,0.034,0.448,0.140,,0.0000,-0.1721,1.7644,-0.2985,-0.1896,-0.1200,-0.2985,0.1902,0.0147,1,2.14,0.006,0.424,0.104,,-0.0000,-0.1721,1.7645,-0.2985,0.1896,-0.1200
1.141,212,tripod,-0.0000,0.0006,0.1347,-0.0000,0.0000,0.0000,-0.0000,-0.0000,0.0000,-0.0000,0.0000,0.0000,0.000,0.000,-0.0000,0.0000,-0.0000,0.0000,0.0000,0.1200,0,0.2985,-0.1890,0.0147,1,2.11,0.031,0.426,0.111,,-0.0001,-0.1721,1.7644,0.2985,-0.1896,-0.1200,0.2985,0.1902,0.0147,1,2.12,0.026,0.445,0.133,,-0.0000,-0.1721,1.7644,0.2985,0.1896,-0.1200,-0.0000,-0.3436,0.0147,1,2.10,0.018,0.457,0.151,,0.0000,-0.1721,1.7645,0.0000,-0.3442,-0.1200,-0.0000,0.3448,0.0147,1,2.08,0.002,0.493,0.199,,0.0000,-0.1721,1.7642,-0.0000,0.3442,-0.1200,-0.2985,-0.1890,0.0147,1,2.11,0.034,0.448,0.140,,0.0000,-0.1721,1.7644,-0.2985,-0.1896,-0.1200,-0.2985,0.1902,0.0147,1,2.14,0.006,0.424,0.104,,-0.0000,-0.1721,1.7645,-0.2985,0.1896,-0.1200
1.163,216,tripod,-0.0000,0.0006,0.1347,-0.0000,0.0000,0.0000,-0.0000,-0.0000,0.0000,-0.0000,0.0000,0.0000,0.000,0.000,-0.0000,0.0000,-0.0000,0.0000,0.0000,0.1200,0,0.2985,-0.1890,0.0147,1,2.11,0.031,0.426,0.111,,-0.0001,-0.1721,1.7644,0.2985,-0.1896,-0.1200,0.2985,0.1902,0.0147,1,2.12,0.026,0.445,0.133,,-0.0000,-0.1721,1.7644,0.2985,0.1896,-0.1200,-0.0000,-0.3436,0.0147,1,2.10,0.018,0.457,0.151,,0.0000,-0.1721,1.7645,0.0000,-0.3442,-0.1200,-0.0000,0.3448,0.0147,1,2.08,0.003,0.493,0.199,,0.0000,-0.1721,1.7642,-0.0000,0.3442,-0.1200,-0.2985,-0.1890,0.0147,1,2.11,0.035,0.448,0.140,,0.0000,-0.1721,1.7644,-0.2985,-0.1896,-0.1200,-0.2985,0.1902,0.0147,1,2.14,0.006,0.424,0.104,,-0.0000,-0.1721,1.7645,-0.2985,0.1896,-0.1200
1.185,220,tripod,-0.0000,0.0006,0.1347,-0.0000,0.0000,0.0000,-0.0000,-0.0000,0.0000,-0.0000,0.0000,0.0000,0.000,0.000,-0.0000,0.0000,-0.0000,0.0000,0.0000,0.1200,0,0.2985,-0.1890,0.0147,1,2.11,0.031,0.426,0.111,,-0.0001,-0.1721,1.7644,0.2985,-0.1896,-0.1200,0.2985,0.1902,0.0147,1,2.12,0.026,0.445,0.133,,-0.0000,-0.1721,1.7644,0.2985,0.1896,-0.1200,-0.0000,-0.3436,0.0147,1,2.10,0.018,0.457,0.151,,0.0000,-0.1721,1.7645,0.0000,-0.3442,-0.1200,-0.0000,0.3448,0.0147,1,2.08,0.003,0.493,0.199,,0.0000,-0.1721,1.7642,-0.0000,0.3442,-0.1200,-0.2985,-0.1890,0.0147,1,2.11,0.035,0.448,0.140,,0.0000,-0.1721,1.7644,-0.2985,-0.1896,-0.1200,-0.2985,0.1902,0.0147,1,2.14,0.006,0.424,0.104,,-0.0000,-0.1721,1.7645,-0.2985,0.1896,-0.1200
1.206,224,tripod,-0.0000,0.0006,0.1347,-0.0000,0.0000,0.0000,-0.0000,-0.0000,0.0000,-0.0000,0.0000,0.0000,0.000,0.000,-0.0000,0.0000,-0.0000,0.0000,0.0000,0.1200,0,0.2985,-0.1890,0.0147,1,2.11,0.031,0.426,0.111,,-0.0001,-0.1721,1.7644,0.2985,-0.1896,-0.1200,0.2985,0.1902,0.0147,1,2.12,0.026,0.445,0.133,,-0.0000,-0.1721,1.7644,0.2985,0.1896,-0.1200,-0.0000,-0.3436,0.0147,1,2.10,0.018,0.457,0.151,,0.0000,-0.1721,1.7645,0.0000,-0.3442,-0.1200,-0.0000,0.3448,0.0147,1,2.08,0.003,0.493,0.199,,0.0000,-0.1721,1.7642,-0.0000,0.3442,-0.1200,-0.2985,-0.1890,0.0147,1,2.11,0.035,0.448,0.140,,0.0000,-0.1721,1.7644,-0.2985,-0.1896,-0.1200,-0.2985,0.1902,0.0147,1,2.14,0.006,0.424,0.104,,-0.0000,-0.1721,1.7645,-0.2985,0.1896,-0.1200
1.228,228,tripod,-0.0000,0.0006,0.1347,-0.0000,0.0000,0.0000,-0.0000,-0.0000,0.0000,-0.0000,0.0000,0.0000,0.000,0.000,-0.0000,0.0000,-0.0000,0.0000,0.0000,0.1200,0,0.2985,-0.1890,0.0147,1,2.11,0.031,0.426,0.111,,-0.0001,-0.1721,1.7644,0.2985,-0.1896,-0.1200,0.2985,0.1902,0.0147,1,2.12,0.026,0.445,0.133,,-0.0000,-0.1721,1.7644,0.2985,0.1896,-0.1200,-0.0000,-0.3436,0.0147,1,2.10,0.018,0.457,0.151,,0.0000,-0.1721,1.7645,0.0000,-0.3442,-0.1200,-0.0000,0.3448,0.0147,1,2.08,0.003,0.493,0.199,,-0.0000,-0.1721,1.7642,0.0000,0.3442,-0.1200,-0.2985,-0.1890,0.0147,1,2.11,0.035,0.448,0.140,,0.0000,-0.1721,1.7644,-0.2985,-0.1896,-0.1200,-0.2985,0.1902,0.0147,1,2.14,0.006,0.424,0.104,,-0.0000,-0.1721,1.7645,-0.2985,0.1896,-0.1200
1.250,232,tripod,-0.0000,0.0006,0.1347,-0.0000,0.0000,0.0000,-0.0000,-0.0000,0.0000,-0.0000,0.0000,0.0000,0.000,0.000,-0.0000,0.0000,-0.0000,0.0000,0.0000,0.1200,0,0.2985,-0.1890,0.0147,1,2.11,0.031,0.426,0.111,,-0.0001,-0.1721,1.7644,0.2985,-0.1896,-0.1200,0.2985,0.1902,0.0147,1,2.12,0.026,0.445,0.133,,-0.0000,-0.1721,1.7644,0.2985,0.1896,-0.1200,-0.0000,-0.3436,0.0147,1,2.10,0.018,0.457,0.151,,0.0000,-0.1721,1.7645,0.0000,-0.3442,-0.1200,-0.0000,0.3448,0.0147,1,2.08,0.003,0.493,0.199,,-0.0000,-0.1721,1.7642,0.0000,0.3442,-0.1200,-0.2985,-0.1890,0.0147,1,2.11,0.035,0.448,0.140,,0.0000,-0.1721,1.7644,-0.2985,-0.1896,-0.1200,-0.2985,0.1902,0.0147,1,2.14,0.006,0.424,0.104,,-0.0000,-0.1721,1.7645,-0.2985,0.1896,-0.1200
1.272,236,tripod,-0.0000,0.0006,0.1347,-0.0000,0.0000,0.0000,-0.0000,-0.0000,0.0000,-0.0000,0.0000,0.0000,0.000,0.000,-0.0000,0.0000,-0.0000,0.0000,0.0000,0.1200,0,0.2985,-0.1890,0.0147,1,2.11,0.031,0.426,0.111,,-0.0001,-0.1721,1.7644,0.2985,-0.1896,-0.1200,0.2985,0.1902,0.0147,1,2.12,0.026,0.445,0.133,,-0.0000,-0.1721,1.7644,0.2985,0.1896,-0.1200,-0.0000,-0.3436,0.0147,1,2.10,0.018,0.457,0.151,,0.0000,-0.1721,1.7645,0.0000,-0.3442,-0.1200,-0.0000,0.3448,0.0147,1,2.08,0.003,0.493,0.199,,-0.0000,-0.1721,1.7642,0.0000,0.3442,-0.1200,-0.2985,-0.1890,0.0147,1,2.11,0.035,0.448,0.140,,0.0000,-0.1721,1.7644,-0.2985,-0.1896,-0.1200,-0.2985,0.1902,0.0147,1,2.14,0.006,0.423,0.104,,-0.0000,-0.1721,1.7645,-0.2985,0.1896,-0.1200
1.294,240,tripod,-0.0000,0.0006,0.1347,-0.0000,0.0000,0.0000,-0.0000,-0.0000,0.0000,-0.0000,0.0000,0.0000,0.000,0.000,-0.0000,0.0000,-0.0000,0.0000,0.0000,0.1200,0,0.2985,-0.1890,0.0147,1,2.11,0.031,0.426,0.111,,-0.0001,-0.1721,1.7644,0.2985,-0.1896,-0.1200,0.2985,0.1902,0.0147,1,2.12,0.026,0.445,0.133,,-0.0000,-0.1721,1.7644,0.2985,0.1896,-0.1200,-0.0000,-0.3436,0.0147,1,2.10,0.019,0.457,0.151,,0.0000,-0.1721,1.7645,0.0000,-0.3442,-0.1200,-0.0000,0.3448,0.0147,1,2.08,0.003,0.493,0.199,,-0.0000,-0.1721,1.7642,0.0000,0.3442,-0.1200,-0.2985,-0.1890,0.0147,1,2.10,0.035,0.448,0.140,,0.0000,-0.1721,1.7644,-0.2985,-0.1896,-0.1200,-0.2985,0.1902,0.0147,1,2.14,0.006,0.423,0.104,,-0.0000,-0.1721,1.7645,-0.2985,0.1896,-0.1200
1.315,244,tripod,-0.0000,0.0006,0.1347,-0.0000,0.0000,0.0000,-0.0000,-0.0000,0.0000,-0.0000,0.0000,0.0000,0.000,0.000,-0.0000,0.0000,-0.0000,0.0000,0.0000,0.1200,0,0.2985,-0.1890,0.0147,1,2.11,0.031,0.426,0.111,,-0.0001,-0.1721,1.7644,0.2985,-0.1896,-0.1200,0.2985,0.1902,0.0147,1,2.12,0.026,0.445,0.133,,-0.0000,-0.1721,1.7644,0.2985,0.1896,-0.1200,-0.0000,-0.3436,0.0147,1,2.10,0.019,0.457,0.151,,0.0000,-0.1721,1.7645,0.0000,-0.3442,-0.1200,-0.0000,0.3448,0.0147,1,2.08,0.003,0.493,0.199,,-0.0000,-0.1721,1.7642,0.0000,0.3442,-0.1200,-0.2985,-0.1890,0.0147,1,2.10,0.035,0.448,0.140,,0.0000,-0.1721,1.7644,-0.2985,-0.1896,-0.1200,-0.2985,0.1902,0.0147,1,2.14,0.006,0.423,0.104,,-0.0000,-0.1721,1.7645,-0.2985,0.1896,-0.1200
1.337,248,tripod,-0.0000,0.0006,0.1347,-0.0000,0.0000,0.0000,-0.0000,-0.0000,0.0000,-0.0000,0.0000,0.0000,0.000,0.000,-0.0000,0.0000,-0.0000,0.0000,0.0000,0.1200,0,0.2985,-0.1890,0.0147,1,2.11,0.031,0.426,0.111,,-0.0001,-0.1721,1.7644,0.2985,-0.1896,-0.1200,0.2985,0.1902,0.0147,1,2.12,0.026,0.445,0.133,,-0.0000,-0.1721,1.7644,0.2985,0.1896,-0.1200,-0.0000,-0.3436,0.0147,1,2.10,0.019,0.457,0.151,,0.0000,-0.1721,1.7645,0.0000,-0.3442,-0.1200,-0.0000,0.3448,0.0147,1,2.08,0.003,0.493,0.199,,-0.0000,-0.1721,1.7642,0.0000,0.3442,-0.1200,-0.2985,-0.1890,0.0147,1,2.10,0.035,0.448,0.140,,0.0000,-0.1721,1.7644,-0.2985,-0.1896,-0.1200,-0.2985,0.1902,0.0147,1,2.14,0.006,0.423,0.104,,-0.0000,-0.1721,1.7645,-0.2985,0.1896,-0.1200
1.384,252,tripod,0.0072,-0.0023,0.1364,-0.0230,-0.0050,0.0196,1.7165,-0.6319,0.4338,-5.2469,-0.1129,4.2806,0.000,0.000,-0.0000,0.0000,-0.0230,-0.0050,0.0196,0.1197,0,0.3014,-0.1890,0.0149,1,2303.78,2.940,2.940,2.940,,-0.0157,-0.1266,1.7654,0.2917,-0.1897,-0.1276,0.3007,0.1903,0.0146,1,31.45,1.699,2.940,2.940,,-0.0002,-0.1779,1.7659,0.2989,0.1898,-0.1190,0.0015,-0.3453,0.0179,1,0.00,2.940,1.677,0.234,,-0.0434,-0.1626,1.7646,-0.0099,-0.3428,-0.1216,0.0005,0.3442,0.0147,1,15.47,2.621,2.940,0.324,,0.0003,-0.2085,1.7641,-0.0001,0.3485,-0.1138,-0.2953,-0.1899,0.0162,1,0.00,2.940,1.207,0.088,,-0.0395,-0.1722,1.7644,-0.3029,-0.1817,-0.1200,-0.2968,0.1872,0.0147,1,11.37,2.940,2.940,0.966,,-0.0128,-0.1968,1.7645,-0.2995,0.1936,-0.1158
1.404,256,tripod,0.0335,-0.0121,0.1441,-0.0427,0.0021,0.0769,1.5667,-0.5857,0.4079,-0.7222,0.4196,3.5188,0.000,0.000,-0.0167,-0.0011,-0.0427,0.0021,0.0769,0.1198,0,0.3359,-0.1850,0.0248,1,0.00,0.018,0.009,0.006,,-0.0133,-0.1367,1.7647,0.2932,-0.1900,-0.1259,0.3154,0.1939,0.0157,1,0.00,0.013,0.012,0.001,,-0.0013,-0.1745,1.7642,0.2989,0.1895,-0.1196,0.0460,-0.3586,0.0363,1,0.00,0.014,0.026,0.008,,-0.0354,-0.1655,1.7637,-0.0081,-0.3434,-0.1211,0.0062,0.3316,0.0146,1,0.91,0.067,0.193,0.060,,0.0001,-0.2028,1.7621,-0.0000,0.3481,-0.1147,-0.2581,-0.2197,0.0310,1,0.00,0.010,0.014,0.005,,-0.0298,-0.1706,1.7626,-0.3019,-0.1837,-0.1203,-0.2815,0.1554,0.0185,1,0.00,0.014,0.010,0.001,,-0.0090,-0.1870,1.7622,-0.2992,0.1924,-0.1175
1.423,260,tripod,0.0595,-0.0218,0.1495,-0.0494,0.0101,0.1364,1.5577,-0.5788,0.2613,-0.2624,0.4516,3.6021,0.000,0.000,-0.0307,0.0022,-0.0494,0.0101,0.1364,0.1208,0,0.3721,-0.1777,0.0308,1,0.00,0.014,0.012,0.002,,-0.0131,-0.1428,1.7615,0.2943,-0.1906,-0.1249,0.3279,0.1989,0.0158,1,0.00,0.011,0.002,0.007,,-0.0037,-0.1624,1.7574,0.2988,0.1888,-0.1217,0.0937,-0.3683,0.0455,1,0.00,0.011,0.024,0.006,,-0.0278,-0.1695,1.7615,-0.0064,-0.3442,-0.1204,0.0112,0.3171,0.0146,1,0.89,0.057,0.197,0.060,,0.0002,-0.1843,1.7577,-0.0000,0.3466,-0.1179,-0.2189,-0.2489,0.0404,1,0.00,0.008,0.014,0.002,,-0.0208,-0.1687,1.7590,-0.3012,-0.1856,-0.1206,-0.2654,0.1245,0.0227,1,0.00,0.012,0.004,0.008,,-0.0043,-0.1716,1.7551,-0.2991,0.1911,-0.1201
1.441,264,tripod,0.0853,-0.0315,0.1527,-0.0476,0.0145,0.1971,1.5369,-0.5853,0.1340,0.2982,0.0444,3.6672,0.000,0.000,-0.0389,0.0074,-0.0476,0.0145,0.1971,0.1223,0,0.4071,-0.1686,0.0327,1,0.00,0.002,0.014,0.005,,-0.0144,-0.1434,1.7551,0.2950,-0.1914,-0.1249,0.3392,0.2042,0.0147,1,1.25,0.003,0.095,0.142,,-0.0066,-0.1441,1.7460,0.2986,0.1880,-0.1248,0.1414,-0.3757,0.0492,1,0.00,0.003,0.009,0.001,,-0.0225,-0.1721,1.7575,-0.0052,-0.3452,-0.1200,0.0161,0.3024,0.0151,1,0.00,0.006,0.004,0.005,,0.0008,-0.1652,1.7522,-0.0002,0.3452,-0.1212,-0.1786,-0.2766,0.0450,1,0.00,0.005,0.029,0.001,,-0.0129,-0.1665,1.7539,-0.3007,-0.1875,-0.1210,-0.2482,0.0936,0.0250,1,0.00,0.009,0.029,0.009,,0.0009,-0.1539,1.7447,-0.2992,0.1898,-0.1232
1.460,268,tripod,0.1108,-0.0413,0.1536,-0.0411,0.0114,0.2586,1.5240,-0.5915,-0.0096,0.5174,-0.1856,3.7012,0.000,0.000,-0.0404,0.0102,-0.0411,0.0114,0.2586,0.1242,0,0.4413,-0.1580,0.0326,1,0.00,0.004,0.008,0.009,,-0.0163,-0.1382,1.7456,0.2954,-0.1921,-0.1258,0.3500,0.2097,0.0148,1,1.33,0.015,0.077,0.170,,-0.0091,-0.1264,1.7352,0.2984,0.1872,-0.1278,0.1891,-0.3812,0.0481,1,0.00,0.004,0.014,0.002,,-0.0188,-0.1709,1.7508,-0.0043,-0.3460,-0.1202,0.0216,0.2874,0.0151,1,0.00,0.008,0.003,0.009,,0.0017,-0.1454,1.7444,-0.0004,0.3439,-0.1246,-0.1367,-0.3027,0.0436,1,0.00,0.006,0.031,0.002,,-0.0066,-0.1622,1.7466,-0.3005,-0.1890,-0.1217,-0.2295,0.0628,0.0235,1,0.00,0.010,0.029,0.012,,0.0058,-0.1356,1.7324,-0.2994,0.1886,-0.1263
1.479,272,tripod,0.1360,-0.0511,0.1521,-0.0281,0.0065,0.3211,1.5112,-0.5902,-0.1498,0.9544,-0.0588,3.7585,0.000,0.000,-0.0365,0.0095,-0.0281,0.0065,0.3211,0.1264,0,0.4739,-0.1458,0.0289,1,0.00,0.009,0.010,0.011,,-0.0177,-0.1286,1.7334,0.2958,-0.1927,-0.1275,0.3593,0.2155,0.0148,1,1.04,0.007,0.050,0.134,,-0.0108,-0.1129,1.7269,0.2982,0.1866,-0.1301,0.2364,-0.3844,0.0417,1,0.00,0.005,0.033,0.005,,-0.0160,-0.1640,1.7409,-0.0037,-0.3467,-0.1214,0.0269,0.2722,0.0149,1,0.46,0.011,0.101,0.029,,0.0026,-0.1277,1.7360,-0.0006,0.3429,-0.1276,-0.0940,-0.3270,0.0374,1,0.00,0.003,0.037,0.007,,-0.0017,-0.1536,1.7363,-0.3004,-0.1902,-0.1232,-0.2097,0.0324,0.0199,1,0.00,0.008,0.015,0.016,,0.0095,-0.1169,1.7185,-0.2996,0.1877,-0.1295
1.498,276,tripod,0.1611,-0.0609,0.1485,-0.0084,0.0018,0.3828,1.4925,-0.5762,-0.2429,1.7446,0.9241,3.4395,0.000,0.000,-0.0272,0.0062,-0.0084,0.0018,0.3828,0.1288,0,0.5047,-0.1321,0.0215,1,0.00,0.064,0.208,0.011,,-0.0179,-0.1151,1.7188,0.2962,-0.1930,-0.1298,0.3673,0.2214,0.0148,1,3.69,0.090,0.247,0.415,,-0.0114,-0.1049,1.7217,0.2980,0.1863,-0.1315,0.2827,-0.3852,0.0299,1,0.00,0.106,0.191,0.011,,-0.0136,-0.1504,1.7272,-0.0031,-0.3471,-0.1238,0.0322,0.2570,0.0154,1,0.00,0.065,0.223,0.025,,0.0029,-0.1170,1.7310,-0.0007,0.3423,-0.1294,-0.0509,-0.3490,0.0264,1,0.00,0.133,0.010,0.017,,0.0016,-0.1391,1.7225,-0.3002,-0.1910,-0.1257,-0.1892,0.0030,0.0149,1,6.38,0.842,1.281,0.183,,0.0115,-0.0993,1.7034,-0.2997,0.1873,-0.1326
1.517,280,tripod,0.1847,-0.0704,0.1456,0.0106,-0.0028,0.4225,1.2736,-0.5295,0.0542,-0.4260,-0.2367,0.6394,0.000,0.000,-0.0104,0.0036,0.0106,-0.0028,0.4225,0.1302,0,0.5289,-0.1239,0.0138,1,26.77,2.351,2.339,2.531,,-0.0229,-0.1100,1.7262,0.2941,-0.1930,-0.1306,0.3774,0.2242,0.0167,1,0.00,0.491,0.741,0.103,,-0.0105,-0.1039,1.7204,0.2979,0.1865,-0.1317,0.3212,-0.3857,0.0145,1,24.79,2.481,1.966,1.724,,-0.0112,-0.1291,1.7094,-0.0026,-0.3471,-0.1275,0.0413,0.2442,0.0192,1,0.00,0.514,0.381,0.027,,0.0028,-0.1120,1.7273,-0.0006,0.3422,-0.1303,-0.0139,-0.3651,0.0137,1,23.59,2.657,2.940,0.178,,0.0029,-0.1196,1.7052,-0.3002,-0.1913,-0.1291,-0.1702,-0.0193,0.0147,1,13.43,1.140,2.940,0.683,,0.0113,-0.1024,1.6921,-0.3016,0.1884,-0.1321
1.537,284,tripod,0.2050,-0.0784,0.1471,0.0050,-0.0009,0.4295,1.1983,-0.4633,0.0522,-0.3487,-0.0375,0.3694,0.000,0.000,-0.0003,0.0006,0.0050,-0.0009,0.4295,0.1318,0,0.5505,-0.1291,0.0138,1,4.71,0.324,0.412,0.452,,-0.0184,-0.0987,1.7133,0.2950,-0.1924,-0.1326,0.3955,0.2173,0.0170,1,0.00,0.010,0.022,0.000,,-0.0084,-0.1059,1.7201,0.2980,0.1871,-0.1314,0.3445,-0.3929,0.0146,1,0.00,0.032,0.004,0.014,,-0.0090,-0.1098,1.6958,-0.0021,-0.3466,-0.1308,0.0594,0.2346,0.0185,1,0.00,0.008,0.023,0.007,,0.0024,-0.1110,1.7244,-0.0005,0.3425,-0.1305,0.0090,-0.3752,0.0138,1,1.73,0.217,0.347,0.045,,0.0025,-0.1023,1.6925,-0.2999,-0.1911,-0.1321,-0.1499,-0.0304,0.0147,1,2.07,0.244,0.445,0.114,,0.0093,-0.0963,1.6897,-0.3009,0.1885,-0.1331
1.557,288,tripod,0.2246,-0.0859,0.1470,-0.0002,0.0008,0.4349,1.1629,-0.4331,-0.0436,-0.3027,-0.0353,0.2754,0.000,0.000,0.0018,0.0001,-0.0002,0.0008,0.4349,0.1322,0,0.5710,-0.1346,0.0139,1,5.87,0.420,0.522,0.528,,-0.0143,-0.0971,1.7100,0.2957,-0.1917,-0.1329,0.4136,0.2106,0.0158,1,0.00,0.016,0.029,0.002,,-0.0064,-0.1070,1.7188,0.2981,0.1877,-0.1312,0.3662,-0.3997,0.0147,1,0.00,0.036,0.013,0.001,,-0.0071,-0.1006,1.6917,-0.0016,-0.3461,-0.1324,0.0775,0.2259,0.0166,1,0.00,0.007,0.035,0.010,,0.0019,-0.1101,1.7213,-0.0004,0.3429,-0.1306,0.0306,-0.3841,0.0140,1,2.02,0.247,0.392,0.067,,0.0018,-0.0951,1.6893,-0.2996,-0.1907,-0.1333,-0.1299,-0.0401,0.0147,1,2.78,0.321,0.593,0.171,,0.0071,-0.0998,1.6952,-0.3004,0.1888,-0.1325
1.577,292,tripod,0.2430,-0.0928,0.1465,-0.0012,0.0012,0.4394,1.0472,-0.4034,-0.0202,0.0564,0.1622,0.2406,0.000,0.000,0.0007,0.0005,-0.0012,0.0012,0.4394,0.1316,0,0.5902,-0.1394,0.0146,1,0.00,0.024,0.066,0.038,,-0.0111,-0.1041,1.7145,0.2963,-0.1912,-0.1317,0.4307,0.2047,0.0149,1,1.63,0.124,0.198,0.063,,-0.0049,-0.1079,1.7179,0.2981,0.1881,-0.1310,0.3864,-0.4056,0.0147,1,13.65,1.764,1.783,0.660,,-0.0056,-0.1017,1.6959,-0.0013,-0.3456,-0.1322,0.0946,0.2183,0.0150,1,12.20,1.151,2.460,0.558,,0.0015,-0.1074,1.7171,-0.0004,0.3432,-0.1311,0.0507,-0.3918,0.0140,1,0.00,0.136,0.129,0.002,,0.0013,-0.0978,1.6941,-0.2993,-0.1904,-0.1329,-0.1111,-0.0486,0.0155,1,0.00,0.046,0.229,0.011,,0.0055,-0.1100,1.7059,-0.3000,0.1890,-0.1307
1.598,296,tripod,0.2598,-0.0994,0.1455,0.0007,0.0035,0.4427,0.9839,-0.3906,-0.0881,0.0394,0.1494,0.1705,0.000,0.000,0.0004,0.0012,0.0007,0.0035,0.4427,0.1302,0,0.6072,-0.1442,0.0149,1,0.00,0.005,0.043,0.022,,-0.0087,-0.1174,1.7247,0.2967,-0.1909,-0.1294,0.4462,0.1992,0.0148,1,2.63,0.285,0.301,0.115,,-0.0038,-0.1156,1.7233,0.2981,0.1884,-0.1297,0.4042,-0.4112,0.0147,1,5.87,0.761,0.707,0.296,,-0.0045,-0.1108,1.7060,-0.0010,-0.3453,-0.1306,0.1101,0.2115,0.0149,1,3.06,0.281,0.621,0.146,,0.0013,-0.1094,1.7175,-0.0003,0.3434,-0.1308,0.0684,-0.3987,0.0152,1,0.00,0.050,0.036,0.015,,0.0009,-0.1081,1.7048,-0.2992,-0.1902,-0.1311,-0.0944,-0.0561,0.0172,1,0.00,0.017,0.036,0.006,,0.0043,-0.1177,1.7140,-0.2997,0.1891,-0.1294
1.618,300,tripod,0.2757,-0.1058,0.1434,0.0020,0.0051,0.4451,0.9161,-0.3764,-0.1448,0.0328,0.0971,0.1218,0.000,0.000,0.0010,0.0026,0.0020,0.0051,0.4451,0.1282,0,0.6233,-0.1493,0.0150,1,0.00,0.007,0.050,0.028,,-0.0069,-0.1342,1.7378,0.2971,-0.1906,-0.1265,0.4610,0.1936,0.0148,1,2.81,0.307,0.295,0.138,,-0.0027,-0.1288,1.7334,0.2982,0.1887,-0.1274,0.4208,-0.4169,0.0146,1,6.50,0.833,0.757,0.349,,-0.0038,-0.1253,1.7200,-0.0009,-0.3450,-0.1281,0.1250,0.2049,0.0149,1,3.38,0.312,0.676,0.169,,0.0013,-0.1186,1.7242,-0.0003,0.3435,-0.1292,0.0849,-0.4053,0.0152,1,0.00,0.056,0.040,0.011,,0.0005,-0.1177,1.7142,-0.2991,-0.1901,-0.1294,-0.0787,-0.0631,0.0168,1,0.00,0.019,0.038,0.000,,0.0034,-0.1218,1.7184,-0.2994,0.1892,-0.1287
1.637,304,tripod,0.2896,-0.1116,0.1431,-0.0033,0.0043,0.4470,0.8030,-0.3343,0.0177,-0.3706,-0.1022,0.0994,0.000,0.000,0.0007,0.0033,-0.0033,0.0043,0.4470,0.1264,0,0.6380,-0.1546,0.0178,1,0.00,0.037,0.031,0.021,,-0.0054,-0.1472,1.7481,0.2973,-0.1904,-0.1243,0.4749,0.1878,0.0162,1,0.00,0.057,0.088,0.015,,-0.0019,-0.1435,1.7449,0.2982,0.1889,-0.1249,0.4360,-0.4227,0.0183,1,0.00,0.004,0.002,0.030,,-0.0033,-0.1412,1.7346,-0.0008,-0.3449,-0.1253,0.1388,0.1984,0.0150,1,2.55,0.200,0.515,0.202,,0.0014,-0.1312,1.7338,-0.0003,0.3437,-0.1270,0.1000,-0.4119,0.0164,1,0.00,0.006,0.001,0.012,,0.0001,-0.1240,1.7206,-0.2990,-0.1899,-0.1283,-0.0641,-0.0700,0.0153,1,0.00,0.015,0.051,0.005,,0.0028,-0.1221,1.7193,-0.2993,0.1893,-0.1286
1.656,308,tripod,0.3024,-0.1168,0.1438,-0.0088,0.0070,0.4475,0.7404,-0.3028,0.0458,-0.3730,0.0292,-0.0347,0.000,0.000,-0.0024,0.0041,-0.0088,0.0070,0.4475,0.1256,0,0.6510,-0.1602,0.0200,1,0.00,0.006,0.026,0.010,,-0.0046,-0.1533,1.7530,0.2975,-0.1902,-0.1232,0.4875,0.1820,0.0163,1,0.00,0.008,0.027,0.008,,-0.0014,-0.1498,1.7502,0.2981,0.1890,-0.1238,0.4491,-0.4285,0.0226,1,0.00,0.027,0.034,0.014,,-0.0030,-0.1503,1.7430,-0.0007,-0.3447,-0.1238,0.1515,0.1923,0.0151,1,0.00,0.000,0.036,0.006,,0.0015,-0.1386,1.7398,-0.0003,0.3438,-0.1257,0.1132,-0.4180,0.0192,1,0.00,0.036,0.035,0.001,,-0.0000,-0.1254,1.7222,-0.2990,-0.1899,-0.1281,-0.0511,-0.0763,0.0149,1,1.16,0.092,0.230,0.060,,0.0025,-0.1181,1.7164,-0.2992,0.1893,-0.1293
1.675,312,tripod,0.3141,-0.1216,0.1447,-0.0124,0.0086,0.4474,0.6805,-0.2778,0.0545,-0.1816,-0.0347,0.0090,0.000,0.000,-0.0063,0.0058,-0.0124,0.0086,0.4474,0.1257,0,0.6629,-0.1656,0.0212,1,0.00,0.005,0.019,0.003,,-0.0044,-0.1534,1.7529,0.2975,-0.1902,-0.1232,0.4993,0.1765,0.0158,1,0.00,0.019,0.029,0.001,,-0.0013,-0.1484,1.7496,0.2980,0.1890,-0.1241,0.4610,-0.4339,0.0256,1,0.00,0.017,0.020,0.007,,-0.0029,-0.1540,1.7462,-0.0007,-0.3447,-0.1231,0.1633,0.1868,0.0149,1,0.47,0.035,0.074,0.034,,0.0018,-0.1400,1.7415,-0.0004,0.3437,-0.1255,0.1250,-0.4235,0.0210,1,0.00,0.025,0.022,0.004,,0.0002,-0.1230,1.7198,-0.2990,-0.1899,-0.1285,-0.0392,-0.0818,0.0150,1,0.56,0.062,0.094,0.026,,0.0028,-0.1144,1.7137,-0.2992,0.1892,-0.1300
1.694,316,tripod,0.3249,-0.1260,0.1457,-0.0147,0.0087,0.4476,0.6217,-0.2527,0.0587,0.0625,-0.0670,0.0584,0.000,0.000,-0.0096,0.0070,-0.0147,0.0087,0.4476,0.1263,0,0.6740,-0.1704,0.0219,1,0.00,0.080,0.012,0.001,,-0.0047,-0.1488,1.7488,0.2975,-0.1903,-0.1240,0.5103,0.1715,0.0150,1,5.05,0.495,0.632,0.148,,-0.0015,-0.1408,1.7444,0.2979,0.1889,-0.1254,0.4720,-0.4387,0.0275,1,0.00,0.043,0.093,0.014,,-0.0031,-0.1534,1.7453,-0.0007,-0.3448,-0.1232,0.1743,0.1818,0.0149,1,0.00,0.086,0.154,0.014,,0.0022,-0.1396,1.7422,-0.0005,0.3435,-0.1256,0.1361,-0.4284,0.0217,1,0.00,0.030,0.092,0.003,,0.0006,-0.1175,1.7142,-0.2990,-0.1901,-0.1294,-0.0281,-0.0867,0.0150,1,0.00,0.049,0.045,0.009,,0.0035,-0.1112,1.7114,-0.2992,0.1890,-0.1305
1.713,320,tripod,0.3348,-0.1300,0.1466,-0.0147,0.0079,0.4486,0.5685,-0.2305,0.0543,0.0210,-0.0301,0.0673,0.000,0.000,-0.0118,0.0073,-0.0147,0.0079,0.4486,0.1272,0,0.6841,-0.1742,0.0218,1,0.00,0.010,0.016,0.007,,-0.0054,-0.1410,1.7418,0.2975,-0.1904,-0.1253,0.5201,0.1675,0.0150,1,0.39,0.021,0.036,0.016,,-0.0019,-0.1338,1.7396,0.2978,0.1887,-0.1266,0.4824,-0.4427,0.0278,1,0.00,0.011,0.016,0.004,,-0.0033,-0.1495,1.7411,-0.0008,-0.3449,-0.1239,0.1841,0.1775,0.0157,1,0.00,0.019,0.032,0.004,,0.0026,-0.1377,1.7419,-0.0006,0.3433,-0.1259,0.1465,-0.4328,0.0211,1,0.00,0.017,0.017,0.013,,0.0013,-0.1094,1.7060,-0.2991,-0.1903,-0.1308,-0.0180,-0.0913,0.0152,1,0.00,0.002,0.029,0.007,,0.0044,-0.1079,1.7091,-0.2992,0.1888,-0.1311
1.732,324,tripod,0.3438,-0.1336,0.1475,-0.0139,0.0081,0.4496,0.5166,-0.2062,0.0488,0.0702,0.0853,0.0520,0.000,0.000,-0.0127,0.0072,-0.0139,0.0081,0.4496,0.1287,0,0.6933,-0.1776,0.0208,1,0.00,0.008,0.016,0.011,,-0.0060,-0.1301,1.7321,0.2975,-0.1906,-0.1272,0.5288,0.1639,0.0150,1,0.20,0.002,0.005,0.011,,-0.0024,-0.1280,1.7358,0.2977,0.1885,-0.1276,0.4918,-0.4463,0.0273,1,0.00,0.013,0.016,0.008,,-0.0035,-0.1420,1.7337,-0.0008,-0.3451,-0.1252,0.1929,0.1735,0.0157,1,0.00,0.016,0.026,0.010,,0.0029,-0.1307,1.7372,-0.0007,0.3431,-0.1271,0.1559,-0.4369,0.0200,1,0.00,0.019,0.015,0.016,,0.0019,-0.0985,1.6951,-0.2992,-0.1905,-0.1327,-0.0089,-0.0955,0.0149,1,0.06,0.003,0.007,0.009,,0.0053,-0.1004,1.7029,-0.2992,0.1886,-0.1324
1.751,328,tripod,0.3519,-0.1369,0.1483,-0.0122,0.0090,0.4505,0.4663,-0.1840,0.0396,0.0788,0.1117,0.0596,0.000,0.000,-0.0124,0.0075,-0.0122,0.0090,0.4505,0.1304,0,0.7015,-0.1806,0.0187,1,0.00,0.010,0.009,0.014,,-0.0066,-0.1167,1.7200,0.2975,-0.1908,-0.1295,0.5366,0.1608,0.0150,1,0.25,0.005,0.009,0.012,,-0.0028,-0.1234,1.7328,0.2977,0.1884,-0.1283,0.5002,-0.4495,0.0257,1,0.00,0.012,0.008,0.012,,-0.0037,-0.1311,1.7234,-0.0009,-0.3453,-0.1271,0.2006,0.1701,0.0153,1,0.00,0.018,0.030,0.016,,0.0032,-0.1201,1.7292,-0.0007,0.3430,-0.1289,0.1642,-0.4404,0.0184,1,0.00,0.019,0.013,0.020,,0.0025,-0.0850,1.6818,-0.2993,-0.1907,-0.1351,-0.0009,-0.0991,0.0150,1,0.00,0.004,0.031,0.011,,0.0061,-0.0933,1.6970,-0.2993,0.1884,-0.1336
1.769,332,tripod,0.3592,-0.1397,0.1488,-0.0083,0.0110,0.4519,0.4166,-0.1635,0.0273,0.2330,0.2775,0.0983,0.000,0.000,-0.0111,0.0082,-0.0083,0.0110,0.4519,0.1324,0,0.7086,-0.1830,0.0154,1,0.00,0.025,0.007,0.017,,-0.0071,-0.1007,1.7056,0.2975,-0.1909,-0.1323,0.5431,0.1583,0.0150,1,1.14,0.093,0.103,0.051,,-0.0029,-0.1195,1.7301,0.2976,0.1883,-0.1290,0.5076,-0.4522,0.0228,1,0.00,0.001,0.016,0.013,,-0.0040,-0.1173,1.7107,-0.0009,-0.3454,-0.1295,0.2072,0.1671,0.0150,1,0.00,0.031,0.051,0.020,,0.0035,-0.1083,1.7194,-0.0008,0.3429,-0.1310,0.1715,-0.4435,0.0163,1,0.00,0.010,0.013,0.020,,0.0028,-0.0694,1.6665,-0.2994,-0.1909,-0.1378,0.0061,-0.1023,0.0153,1,0.00,0.006,0.028,0.016,,0.0066,-0.0840,1.6887,-0.2993,0.1883,-0.1352
1.789,336,tripod,0.3648,-0.1416,0.1502,-0.0099,0.0097,0.4527,0.3120,-0.0963,0.0637,-0.1524,-0.0392,0.0383,0.000,0.000,-0.0093,0.0086,-0.0099,0.0097,0.4527,0.1341,0,0.7146,-0.1848,0.0147,1,3.96,0.307,0.397,0.327,,-0.0073,-0.0878,1.6943,0.2975,-0.1909,-0.1346,0.5488,0.1563,0.0158,1,0.00,0.042,0.020,0.005,,-0.0028,-0.1151,1.7268,0.2975,0.1883,-0.1298,0.5138,-0.4542,0.0216,1,0.00,0.003,0.003,0.016,,-0.0043,-0.1020,1.6968,-0.0010,-0.3455,-0.1321,0.2129,0.1649,0.0150,1,1.61,0.132,0.361,0.106,,0.0038,-0.1028,1.7149,-0.0009,0.3429,-0.1319,0.1777,-0.4459,0.0148,1,2.59,0.378,0.513,0.054,,0.0028,-0.0556,1.6528,-0.2995,-0.1909,-0.1402,0.0119,-0.1047,0.0151,1,0.00,0.001,0.020,0.010,,0.0068,-0.0781,1.6822,-0.2995,0.1884,-0.1363
1.809,340,tripod,0.3697,-0.1429,0.1505,-0.0106,0.0101,0.4529,0.2545,-0.0678,0.0035,0.1235,0.0612,0.0408,0.000,0.000,-0.0093,0.0088,-0.0106,0.0101,0.4529,0.1347,0,0.7195,-0.1862,0.0147,1,2.64,0.025,0.212,0.244,,-0.0073,-0.0862,1.6933,0.2974,-0.1909,-0.1348,0.5537,0.1548,0.0149,1,16.00,1.620,1.891,0.832,,-0.0027,-0.1104,1.7231,0.2975,0.1883,-0.1306,0.5188,-0.4558,0.0201,1,0.00,0.044,0.070,0.007,,-0.0045,-0.0885,1.6847,-0.0010,-0.3455,-0.1345,0.2177,0.1632,0.0153,1,0.00,0.134,0.218,0.018,,0.0040,-0.1054,1.7172,-0.0009,0.3429,-0.1315,0.1827,-0.4475,0.0148,1,11.15,1.562,2.427,0.512,,0.0026,-0.0526,1.6499,-0.2996,-0.1909,-0.1408,0.0168,-0.1064,0.0150,1,0.00,0.027,0.150,0.021,,0.0070,-0.0769,1.6812,-0.2995,0.1883,-0.1365
1.829,344,tripod,0.3734,-0.1440,0.1498,-0.0081,0.0103,0.4536,0.2008,-0.0572,-0.0766,0.1149,0.0660,0.0359,0.000,0.000,-0.0089,0.0090,-0.0081,0.0103,0.4536,0.1345,0,0.7232,-0.1867,0.0147,1,2.78,0.080,0.188,0.269,,-0.0073,-0.0935,1.7002,0.2974,-0.1909,-0.1336,0.5571,0.1541,0.0149,1,4.19,0.430,0.468,0.250,,-0.0025,-0.1118,1.7247,0.2974,0.1883,-0.1303,0.5227,-0.4565,0.0166,1,0.00,0.035,0.024,0.012,,-0.0048,-0.0767,1.6739,-0.0011,-0.3455,-0.1365,0.2212,0.1623,0.0159,1,0.00,0.031,0.027,0.001,,0.0042,-0.1068,1.7186,-0.0010,0.3429,-0.1312,0.1866,-0.4484,0.0148,1,4.20,0.578,0.850,0.177,,0.0025,-0.0590,1.6559,-0.2996,-0.1909,-0.1396,0.0205,-0.1074,0.0156,1,0.00,0.006,0.032,0.000,,0.0070,-0.0810,1.6849,-0.2995,0.1883,-0.1358
1.848,348,tripod,0.3757,-0.1445,0.1497,-0.0099,0.0122,0.4533,0.0959,-0.0199,-0.0072,-0.2555,-0.2657,-0.0036,0.000,0.000,-0.0078,0.0099,-0.0099,0.0122,0.4533,0.1342,0,0.7254,-0.1876,0.0158,1,0.00,0.010,0.066,0.014,,-0.0071,-0.1036,1.7094,0.2973,-0.1908,-0.1318,0.5594,0.1532,0.0147,1,3.45,0.386,0.415,0.148,,-0.0023,-0.1166,1.7289,0.2974,0.1883,-0.1295,0.5248,-0.4575,0.0146,1,3.84,0.374,0.370,0.308,,-0.0051,-0.0651,1.6635,-0.0012,-0.3455,-0.1386,0.2234,0.1615,0.0152,1,0.00,0.022,0.006,0.003,,0.0045,-0.1055,1.7173,-0.0010,0.3429,-0.1314,0.1888,-0.4491,0.0169,1,0.00,0.017,0.003,0.011,,0.0022,-0.0671,1.6634,-0.2996,-0.1908,-0.1382,0.0227,-0.1082,0.0161,1,0.00,0.000,0.017,0.000,,0.0070,-0.0817,1.6854,-0.2995,0.1884,-0.1356
1.869,352,tripod,0.3762,-0.1443,0.1502,-0.0114,0.0154,0.4534,0.0258,0.0232,-0.0028,-0.1418,0.1388,0.0025,0.000,0.000,-0.0087,0.0112,-0.0114,0.0154,0.4534,0.1340,0,0.7258,-0.1878,0.0168,1,0.00,0.004,0.032,0.006,,-0.0071,-0.1082,1.7140,0.2973,-0.1908,-0.1310,0.5598,0.1530,0.0149,1,0.00,0.000,0.033,0.009,,-0.0020,-0.1220,1.7338,0.2973,0.1884,-0.1286,0.5252,-0.4577,0.0145,1,4.57,0.002,0.874,0.098,,-0.0054,-0.0589,1.6580,-0.0013,-0.3454,-0.1396,0.2238,0.1613,0.0148,1,4.88,0.002,0.818,0.000,,0.0048,-0.1052,1.7163,-0.0011,0.3430,-0.1315,0.1893,-0.4494,0.0191,1,0.00,0.000,0.024,0.004,,0.0020,-0.0701,1.6661,-0.2996,-0.1908,-0.1377,0.0232,-0.1085,0.0165,1,0.00,0.003,0.020,0.004,,0.0071,-0.0788,1.6824,-0.2996,0.1884,-0.1361
1.890,356,tripod,0.3767,-0.1440,0.1493,-0.0122,0.0182,0.4534,0.0221,0.0162,-0.0830,-0.0988,0.1139,0.0015,0.000,0.000,-0.0097,0.0133,-0.0122,0.0182,0.4534,0.1335,0,0.7259,-0.1878,0.0156,1,0.00,0.006,0.040,0.002,,-0.0073,-0.1091,1.7156,0.2971,-0.1908,-0.1308,0.5599,0.1531,0.0150,1,0.76,0.003,0.016,0.061,,-0.0018,-0.1332,1.7436,0.2972,0.1884,-0.1266,0.5252,-0.4577,0.0145,1,5.32,0.076,0.807,0.089,,-0.0059,-0.0623,1.6613,-0.0014,-0.3454,-0.1390,0.2239,0.1613,0.0148,1,5.21,0.058,0.719,0.149,,0.0052,-0.1116,1.7220,-0.0012,0.3430,-0.1304,0.1893,-0.4493,0.0197,1,0.00,0.004,0.021,0.001,,0.0018,-0.0712,1.6666,-0.2997,-0.1908,-0.1375,0.0232,-0.1085,0.0158,1,0.00,0.006,0.019,0.006,,0.0074,-0.0749,1.6783,-0.2997,0.1883,-0.1368
1.910,360,tripod,0.3769,-0.1438,0.1487,-0.0125,0.0187,0.4534,0.0121,0.0069,0.0054,-0.0031,0.0304,-0.0021,0.000,0.000,-0.0105,0.0152,-0.0125,0.0187,0.4534,0.1326,0,0.7259,-0.1878,0.0147,1,6.05,0.067,1.013,0.011,,-0.0078,-0.1087,1.7159,0.2970,-0.1908,-0.1309,0.5600,0.1532,0.0163,1,0.00,0.000,0.046,0.018,,-0.0016,-0.1465,1.7551,0.2972,0.1884,-0.1243,0.5253,-0.4576,0.0155,1,0.00,0.002,0.045,0.016,,-0.0065,-0.0721,1.6702,-0.0015,-0.3455,-0.1373,0.2239,0.1614,0.0158,1,0.00,0.002,0.045,0.017,,0.0057,-0.1231,1.7320,-0.0013,0.3430,-0.1284,0.1894,-0.4493,0.0191,1,0.00,0.000,0.034,0.002,,0.0016,-0.0707,1.6651,-0.2999,-0.1908,-0.1376,0.0233,-0.1086,0.0146,1,6.47,0.063,0.940,0.165,,0.0080,-0.0717,1.6748,-0.2998,0.1883,-0.1374
1.930,364,tripod,0.3770,-0.1437,0.1488,-0.0124,0.0190,0.4533,0.0098,0.0069,0.0039,-0.0034,0.0153,-0.0013,0.000,0.000,-0.0109,0.0163,-0.0124,0.0190,0.4533,0.1323,0,0.7259,-0.1878,0.0146,1,6.02,0.062,1.002,0.021,,-0.0082,-0.1085,1.7164,0.2969,-0.1908,-0.1309,0.5600,0.1533,0.0174,1,0.00,0.001,0.038,0.008,,-0.0014,-0.1523,1.7608,0.2970,0.1884,-0.1233,0.5253,-0.4576,0.0166,1,0.00,0.003,0.038,0.006,,-0.0071,-0.0773,1.6748,-0.0016,-0.3455,-0.1364,0.2240,0.1614,0.0171,1,0.00,0.003,0.038,0.007,,0.0063,-0.1291,1.7374,-0.0014,0.3429,-0.1274,0.1894,-0.4493,0.0186,1,0.00,0.000,0.030,0.008,,0.0014,-0.0664,1.6600,-0.3001,-0.1909,-0.1384,0.0233,-0.1086,0.0145,1,6.39,0.057,0.937,0.153,,0.0085,-0.0701,1.6727,-0.3000,0.1882,-0.1377
1.951,368,tripod,0.3772,-0.1436,0.1488,-0.0123,0.0192,0.4533,0.0077,0.0061,0.0027,-0.0032,0.0066,-0.0009,0.000,0.000,-0.0111,0.0169,-0.0123,0.0192,0.4533,0.1326,0,0.7259,-0.1878,0.0145,1,6.07,0.063,1.008,0.023,,-0.0087,-0.1081,1.7168,0.2967,-0.1909,-0.1310,0.5600,0.1533,0.0174,1,0.00,0.000,0.032,0.000,,-0.0013,-0.1515,1.7612,0.2969,0.1883,-0.1235,0.5253,-0.4576,0.0166,1,0.00,0.003,0.033,0.002,,-0.0078,-0.0764,1.6739,-0.0018,-0.3455,-0.1366,0.2240,0.1614,0.0173,1,0.00,0.003,0.033,0.000,,0.0069,-0.1286,1.7374,-0.0016,0.3429,-0.1274,0.1893,-0.4494,0.0174,1,0.00,0.000,0.027,0.013,,0.0012,-0.0583,1.6513,-0.3002,-0.1909,-0.1398,0.0233,-0.1086,0.0145,1,6.44,0.058,0.943,0.153,,0.0090,-0.0692,1.6711,-0.3001,0.1882,-0.1378
1.971,372,tripod,0.3773,-0.1435,0.1489,-0.0124,0.0193,0.4533,0.0061,0.0052,0.0018,-0.0028,0.0022,-0.0006,0.000,0.000,-0.0111,0.0172,-0.0124,0.0193,0.4533,0.1334,0,0.7260,-0.1878,0.0145,1,6.11,0.064,1.013,0.025,,-0.0091,-0.1077,1.7170,0.2966,-0.1909,-0.1311,0.5600,0.1532,0.0165,1,0.00,0.000,0.028,0.006,,-0.0012,-0.1456,1.7572,0.2967,0.1883,-0.1245,0.5253,-0.4576,0.0158,1,0.00,0.002,0.029,0.008,,-0.0084,-0.0708,1.6686,-0.0019,-0.3455,-0.1376,0.2240,0.1614,0.0165,1,0.00,0.002,0.029,0.006,,0.0075,-0.1232,1.7332,-0.0017,0.3428,-0.1284,0.1893,-0.4495,0.0156,1,0.00,0.000,0.024,0.018,,0.0011,-0.0473,1.6396,-0.3004,-0.1910,-0.1417,0.0233,-0.1086,0.0144,1,6.47,0.059,0.949,0.152,,0.0094,-0.0686,1.6699,-0.3003,0.1881,-0.1379
1.991,376,tripod,0.3775,-0.1432,0.1493,-0.0141,0.0208,0.4533,0.0106,0.0095,0.0645,0.0077,0.0262,-0.0040,0.000,0.000,-0.0116,0.0177,-0.0141,0.0208,0.4533,0.1344,0,0.7260,-0.1879,0.0148,1,0.00,0.004,0.037,0.004,,-0.0094,-0.1091,1.7187,0.2965,-0.1909,-0.1308,0.5600,0.1531,0.0146,1,6.15,0.023,0.775,0.318,,-0.0011,-0.1373,1.7513,0.2966,0.1882,-0.1259,0.5253,-0.4578,0.0153,1,0.00,0.006,0.029,0.012,,-0.0090,-0.0624,1.6604,-0.0021,-0.3456,-0.1390,0.2240,0.1612,0.0148,1,0.00,0.007,0.020,0.009,,0.0081,-0.1154,1.7268,-0.0018,0.3427,-0.1297,0.1892,-0.4497,0.0147,1,6.03,0.017,0.778,0.282,,0.0010,-0.0366,1.6285,-0.3006,-0.1911,-0.1436,0.0233,-0.1087,0.0150,1,0.00,0.005,0.028,0.002,,0.0097,-0.0700,1.6707,-0.3004,0.1881,-0.1377
2.012,380,tripod,0.3775,-0.1430,0.1497,-0.0150,0.0209,0.4534,-0.0012,0.0174,0.0005,-0.0839,-0.0313,0.0071,0.000,0.000,-0.0123,0.0183,-0.0150,0.0209,0.4534,0.1344,0,0.7260,-0.1878,0.0163,1,0.00,0.005,0.030,0.006,,-0.0097,-0.1135,1.7230,0.2964,-0.1910,-0.1301,0.5600,0.1531,0.0147,1,0.58,0.087,0.090,0.020,,-0.0011,-0.1363,1.7512,0.2965,0.1882,-0.1261,0.5253,-0.4577,0.0148,1,4.83,0.034,0.673,0.166,,-0.0096,-0.0558,1.6539,-0.0022,-0.3456,-0.1402,0.2240,0.1612,0.0148,1,4.48,0.054,0.664,0.098,,0.0085,-0.1149,1.7267,-0.0019,0.3427,-0.1298,0.1893,-0.4497,0.0151,1,0.00,0.001,0.024,0.001,,0.0009,-0.0357,1.6269,-0.3007,-0.1911,-0.1437,0.0234,-0.1086,0.0163,1,0.00,0.004,0.031,0.005,,0.0101,-0.0745,1.6745,-0.3005,0.1881,-0.1369
2.033,384,tripod,0.3775,-0.1428,0.1490,-0.0163,0.0212,0.4534,0.0045,0.0180,-0.0556,-0.1237,0.0263,0.0013,0.000,0.000,-0.0133,0.0187,-0.0163,0.0212,0.4534,0.1338,0,0.7260,-0.1877,0.0161,1,0.00,0.016,0.040,0.003,,-0.0102,-0.1145,1.7243,0.2963,-0.1910,-0.1299,0.5600,0.1532,0.0147,1,9.63,0.038,1.578,0.081,,-0.0011,-0.1426,1.7570,0.2964,0.1881,-0.1250,0.5252,-0.4577,0.0148,1,0.00,0.016,0.095,0.002,,-0.0100,-0.0577,1.6556,-0.0023,-0.3456,-0.1398,0.2240,0.1612,0.0148,1,0.07,0.012,0.032,0.010,,0.0088,-0.1215,1.7328,-0.0020,0.3426,-0.1287,0.1893,-0.4497,0.0149,1,14.28,0.156,1.252,1.189,,0.0009,-0.0364,1.6269,-0.3007,-0.1911,-0.1436,0.0234,-0.1087,0.0157,1,0.00,0.018,0.092,0.000,,0.0105,-0.0755,1.6751,-0.3005,0.1880,-0.1367
2.053,388,tripod,0.3776,-0.1425,0.1481,-0.0168,0.0224,0.4534,0.0021,0.0069,-0.0040,-0.0011,-0.0011,-0.0005,0.000,0.000,-0.0143,0.0193,-0.0168,0.0224,0.4534,0.1329,0,0.7259,-0.1878,0.0147,1,7.13,0.056,1.109,0.109,,-0.0107,-0.1133,1.7236,0.2962,-0.1911,-0.1301,0.5600,0.1532,0.0151,1,0.00,0.003,0.048,0.017,,-0.0012,-0.1544,1.7670,0.2964,0.1881,-0.1230,0.5252,-0.4577,0.0153,1,0.00,0.006,0.046,0.009,,-0.0103,-0.0649,1.6617,-0.0024,-0.3457,-0.1386,0.2240,0.1613,0.0155,1,0.00,0.006,0.050,0.016,,0.0090,-0.1328,1.7425,-0.0020,0.3426,-0.1267,0.1892,-0.4497,0.0152,1,0.00,0.002,0.042,0.006,,0.0010,-0.0409,1.6306,-0.3008,-0.1912,-0.1428,0.0233,-0.1087,0.0148,1,7.28,0.048,1.075,0.163,,0.0110,-0.0743,1.6737,-0.3006,0.1879,-0.1370
2.074,392,tripod,0.3776,-0.1424,0.1481,-0.0168,0.0224,0.4534,0.0015,0.0066,-0.0026,-0.0011,-0.0038,-0.0002,0.000,0.000,-0.0148,0.0198,-0.0168,0.0224,0.4534,0.1323,0,0.7259,-0.1878,0.0146,1,6.05,0.055,0.988,0.039,,-0.0112,-0.1131,1.7235,0.2961,-0.1912,-0.1301,0.5600,0.1533,0.0167,1,0.00,0.001,0.040,0.010,,-0.0013,-0.1626,1.7741,0.2964,0.1880,-0.1215,0.5252,-0.4577,0.0158,1,0.00,0.002,0.036,0.001,,-0.0107,-0.0672,1.6633,-0.0025,-0.3458,-0.1382,0.2240,0.1614,0.0167,1,0.00,0.002,0.039,0.008,,0.0092,-0.1389,1.7481,-0.0021,0.3426,-0.1257,0.1892,-0.4496,0.0158,1,0.00,0.001,0.037,0.002,,0.0011,-0.0442,1.6330,-0.3009,-0.1913,-0.1422,0.0233,-0.1087,0.0147,1,6.47,0.050,0.912,0.188,,0.0115,-0.0740,1.6734,-0.3007,0.1878,-0.1370
2.094,396,tripod,0.3776,-0.1423,0.1480,-0.0169,0.0223,0.4534,0.0012,0.0058,-0.0025,-0.0010,-0.0038,-0.0001,0.000,0.000,-0.0150,0.0200,-0.0169,0.0223,0.4534,0.1325,0,0.7259,-0.1878,0.0145,1,6.09,0.057,0.992,0.041,,-0.0116,-0.1128,1.7234,0.2961,-0.1912,-0.1302,0.5600,0.1533,0.0170,1,0.00,0.000,0.034,0.002,,-0.0014,-0.1638,1.7757,0.2963,0.1880,-0.1213,0.5252,-0.4577,0.0154,1,0.00,0.002,0.031,0.006,,-0.0111,-0.0642,1.6600,-0.0026,-0.3459,-0.1387,0.2240,0.1614,0.0167,1,0.00,0.002,0.033,0.000,,0.0095,-0.1386,1.7483,-0.0022,0.3425,-0.1257,0.1892,-0.4497,0.0155,1,0.00,0.001,0.032,0.005,,0.0013,-0.0420,1.6301,-0.3010,-0.1914,-0.1426,0.0233,-0.1087,0.0146,1,6.50,0.052,0.918,0.188,,0.0120,-0.0739,1.6731,-0.3008,0.1877,-0.1370
2.114,400,tripod,0.3777,-0.1419,0.1477,-0.0191,0.0236,0.4534,0.0048,0.0351,-0.0526,-0.2172,0.0228,0.0003,0.000,0.000,-0.0155,0.0203,-0.0191,0.0236,0.4534,0.1329,0,0.7259,-0.1877,0.0146,1,5.04,0.098,0.671,0.189,,-0.0120,-0.1145,1.7250,0.2960,-0.1913,-0.1299,0.5600,0.1533,0.0156,1,0.00,0.005,0.010,0.000,,-0.0015,-0.1604,1.7737,0.2962,0.1879,-0.1219,0.5252,-0.4577,0.0149,1,0.00,0.001,0.034,0.008,,-0.0115,-0.0598,1.6554,-0.0027,-0.3459,-0.1395,0.2240,0.1613,0.0152,1,0.00,0.017,0.010,0.003,,0.0098,-0.1340,1.7450,-0.0022,0.3424,-0.1265,0.1892,-0.4497,0.0150,1,0.00,0.012,0.035,0.012,,0.0014,-0.0364,1.6239,-0.3011,-0.1915,-0.1436,0.0233,-0.1087,0.0146,1,4.81,0.172,0.722,0.089,,0.0123,-0.0757,1.6746,-0.3008,0.1877,-0.1367
2.134,404,tripod,0.3781,-0.1419,0.1478,-0.0170,0.0252,0.4534,0.0178,-0.0081,-0.0147,0.0946,0.1014,0.0002,0.000,0.000,-0.0160,0.0213,-0.0170,0.0252,0.4534,0.1324,0,0.7260,-0.1876,0.0153,1,0.00,0.002,0.039,0.014,,-0.0122,-0.1240,1.7331,0.2960,-0.1914,-0.1283,0.5600,0.1533,0.0149,1,5.08,0.143,0.723,0.154,,-0.0016,-0.1578,1.7723,0.2961,0.1878,-0.1223,0.5252,-0.4577,0.0151,1,0.00,0.005,0.038,0.007,,-0.0118,-0.0640,1.6588,-0.0027,-0.3460,-0.1388,0.2240,0.1613,0.0152,1,0.00,0.004,0.022,0.001,,0.0102,-0.1319,1.7438,-0.0023,0.3423,-0.1269,0.1892,-0.4497,0.0149,1,4.95,0.159,0.739,0.106,,0.0015,-0.0349,1.6216,-0.3012,-0.1916,-0.1439,0.0234,-0.1086,0.0167,1,0.00,0.001,0.030,0.010,,0.0126,-0.0834,1.6813,-0.3009,0.1876,-0.1354
2.155,408,tripod,0.3782,-0.1420,0.1475,-0.0158,0.0252,0.4535,0.0069,-0.0092,-0.0293,0.0913,0.0309,-0.0029,0.000,0.000,-0.0154,0.0221,-0.0158,0.0252,0.4535,0.1319,0,0.7260,-0.1876,0.0161,1,0.00,0.003,0.037,0.009,,-0.0124,-0.1312,1.7395,0.2959,-0.1914,-0.1270,0.5600,0.1534,0.0150,1,0.00,0.001,0.030,0.005,,-0.0016,-0.1594,1.7741,0.2961,0.1878,-0.1221,0.5252,-0.4577,0.0149,1,5.39,0.050,0.987,0.087,,-0.0121,-0.0675,1.6616,-0.0028,-0.3461,-0.1382,0.2240,0.1613,0.0149,1,6.11,0.056,0.865,0.178,,0.0105,-0.1295,1.7422,-0.0024,0.3422,-0.1273,0.1892,-0.4497,0.0148,1,0.00,0.001,0.035,0.005,,0.0015,-0.0384,1.6243,-0.3013,-0.1916,-0.1433,0.0234,-0.1086,0.0174,1,0.00,0.004,0.035,0.004,,0.0129,-0.0871,1.6844,-0.3010,0.1876,-0.1347
2.175,412,tripod,0.3783,-0.1421,0.1462,-0.0145,0.0250,0.4534,0.0040,-0.0090,-0.0888,0.0590,0.0230,-0.0030,0.000,0.000,-0.0145,0.0224,-0.0145,0.0250,0.4534,0.1310,0,0.7260,-0.1876,0.0154,1,0.00,0.001,0.041,0.005,,-0.0126,-0.1342,1.7425,0.2958,-0.1914,-0.1265,0.5601,0.1533,0.0150,1,0.00,0.001,0.041,0.007,,-0.0015,-0.1643,1.7784,0.2960,0.1878,-0.1212,0.5252,-0.4577,0.0149,1,6.65,0.067,0.981,0.139,,-0.0123,-0.0767,1.6700,-0.0029,-0.3461,-0.1366,0.2240,0.1613,0.0149,1,7.18,0.077,0.892,0.328,,0.0108,-0.1336,1.7458,-0.0025,0.3422,-0.1266,0.1892,-0.4497,0.0150,1,0.00,0.003,0.050,0.015,,0.0013,-0.0478,1.6329,-0.3013,-0.1916,-0.1416,0.0234,-0.1086,0.0167,1,0.00,0.001,0.039,0.001,,0.0131,-0.0882,1.6849,-0.3011,0.1876,-0.1345
2.196,416,tripod,0.3781,-0.1422,0.1454,-0.0146,0.0236,0.4535,0.0123,0.0002,-0.0065,0.0008,0.0885,-0.0044,0.000,0.000,-0.0137,0.0221,-0.0146,0.0236,0.4535,0.1302,0,0.7260,-0.1876,0.0149,1,10.29,0.186,2.013,0.289,,-0.0126,-0.1349,1.7433,0.2958,-0.1914,-0.1264,0.5600,0.1533,0.0151,1,0.00,0.026,0.067,0.005,,-0.0013,-0.1686,1.7820,0.2960,0.1878,-0.1205,0.5253,-0.4577,0.0154,1,0.00,0.026,0.081,0.010,,-0.0125,-0.0857,1.6783,-0.0029,-0.3461,-0.1350,0.2240,0.1613,0.0150,1,0.00,0.027,0.062,0.014,,0.0109,-0.1415,1.7522,-0.0025,0.3423,-0.1252,0.1892,-0.4497,0.0151,1,0.00,0.025,0.071,0.016,,0.0011,-0.0570,1.6413,-0.3014,-0.1916,-0.1400,0.0233,-0.1087,0.0148,1,13.31,0.146,1.419,0.919,,0.0133,-0.0856,1.6824,-0.3011,0.1876,-0.1350
2.216,420,tripod,0.3784,-0.1422,0.1454,-0.0140,0.0248,0.4534,0.0135,-0.0002,-0.0001,-0.0010,0.0717,-0.0034,0.000,0.000,-0.0133,0.0219,-0.0140,0.0248,0.4534,0.1297,0,0.7260,-0.1876,0.0148,1,6.11,0.073,0.913,0.129,,-0.0126,-0.1370,1.7455,0.2958,-0.1913,-0.1260,0.5601,0.1534,0.0154,1,0.00,0.001,0.036,0.003,,-0.0011,-0.1714,1.7843,0.2960,0.1878,-0.1200,0.5253,-0.4576,0.0159,1,0.00,0.003,0.037,0.003,,-0.0126,-0.0887,1.6813,-0.0029,-0.3460,-0.1345,0.2241,0.1614,0.0163,1,0.00,0.003,0.037,0.006,,0.0110,-0.1470,1.7565,-0.0025,0.3423,-0.1243,0.1892,-0.4496,0.0165,1,0.00,0.001,0.038,0.007,,0.0009,-0.0631,1.6470,-0.3014,-0.1915,-0.1390,0.0233,-0.1087,0.0147,1,6.36,0.121,0.855,0.242,,0.0133,-0.0823,1.6791,-0.3011,0.1876,-0.1356
2.236,424,tripod,0.3786,-0.1423,0.1454,-0.0131,0.0253,0.4534,0.0095,-0.0223,0.0028,0.1566,0.0280,0.0040,0.000,0.000,-0.0128,0.0224,-0.0131,0.0253,0.4534,0.1299,0,0.7260,-0.1876,0.0147,1,3.39,0.535,0.498,0.053,,-0.0125,-0.1385,1.7471,0.2957,-0.1913,-0.1257,0.5601,0.1533,0.0150,1,3.40,0.017,0.488,0.067,,-0.0010,-0.1685,1.7822,0.2959,0.1879,-0.1205,0.5253,-0.4576,0.0153,1,0.00,0.010,0.020,0.007,,-0.0128,-0.0858,1.6790,-0.0030,-0.3460,-0.1350,0.2241,0.1614,0.0166,1,0.00,0.020,0.041,0.001,,0.0111,-0.1465,1.7558,-0.0025,0.3423,-0.1243,0.1892,-0.4496,0.0167,1,0.00,0.019,0.023,0.004,,0.0007,-0.0628,1.6467,-0.3014,-0.1915,-0.1390,0.0234,-0.1087,0.0146,1,5.11,0.536,0.762,0.097,,0.0133,-0.0799,1.6766,-0.3012,0.1876,-0.1360
2.257,428,tripod,0.3785,-0.1423,0.1452,-0.0138,0.0248,0.4535,-0.0066,0.0035,-0.0418,-0.0492,-0.0590,0.0021,0.000,0.000,-0.0123,0.0225,-0.0138,0.0248,0.4535,0.1300,0,0.7260,-0.1876,0.0154,1,0.00,0.007,0.029,0.006,,-0.0124,-0.1420,1.7503,0.2957,-0.1912,-0.1251,0.5601,0.1533,0.0149,1,3.85,0.024,0.423,0.239,,-0.0008,-0.1691,1.7828,0.2959,0.1879,-0.1204,0.5253,-0.4576,0.0148,1,3.75,0.041,0.562,0.069,,-0.0130,-0.0837,1.6775,-0.0030,-0.3459,-0.1353,0.2241,0.1613,0.0158,1,0.00,0.004,0.027,0.004,,0.0114,-0.1427,1.7525,-0.0026,0.3424,-0.1250,0.1892,-0.4496,0.0159,1,0.00,0.000,0.027,0.007,,0.0004,-0.0591,1.6431,-0.3015,-0.1914,-0.1397,0.0234,-0.1087,0.0146,1,3.19,0.070,0.385,0.147,,0.0132,-0.0829,1.6789,-0.3012,0.1877,-0.1355
2.277,432,tripod,0.3787,-0.1423,0.1445,-0.0135,0.0259,0.4535,0.0111,-0.0027,-0.0156,0.0056,0.0613,-0.0006,0.000,0.000,-0.0124,0.0226,-0.0135,0.0259,0.4535,0.1293,0,0.7260,-0.1876,0.0148,1,3.97,0.183,0.492,0.178,,-0.0123,-0.1445,1.7528,0.2957,-0.1912,-0.1247,0.5602,0.1534,0.0154,1,0.00,0.005,0.041,0.013,,-0.0006,-0.1783,1.7897,0.2959,0.1879,-0.1188,0.5253,-0.4576,0.0150,1,0.00,0.006,0.040,0.011,,-0.0130,-0.0904,1.6839,-0.0030,-0.3459,-0.1342,0.2241,0.1613,0.0146,1,4.36,0.022,0.711,0.010,,0.0115,-0.1403,1.7503,-0.0026,0.3424,-0.1254,0.1892,-0.4497,0.0149,1,3.48,0.148,0.503,0.085,,0.0002,-0.0566,1.6407,-0.3015,-0.1914,-0.1401,0.0234,-0.1087,0.0159,1,0.00,0.003,0.039,0.015,,0.0129,-0.0930,1.6876,-0.3012,0.1877,-0.1337
2.298,436,tripod,0.3789,-0.1424,0.1437,-0.0131,0.0266,0.4535,0.0065,-0.0045,-0.0635,0.0054,0.0390,-0.0007,0.000,0.000,-0.0121,0.0231,-0.0131,0.0266,0.4535,0.1284,0,0.7261,-0.1876,0.0148,1,4.27,0.137,0.392,0.329,,-0.0122,-0.1509,1.7584,0.2956,-0.1911,-0.1236,0.5602,0.1534,0.0159,1,0.00,0.001,0.042,0.008,,-0.0004,-0.1856,1.7953,0.2959,0.1880,-0.1176,0.5253,-0.4576,0.0152,1,0.00,0.002,0.041,0.007,,-0.0131,-0.0959,1.6891,-0.0030,-0.3458,-0.1332,0.2241,0.1613,0.0146,1,4.86,0.090,0.663,0.144,,0.0116,-0.1443,1.7534,-0.0026,0.3424,-0.1247,0.1892,-0.4497,0.0149,1,4.13,0.204,0.507,0.181,,0.0000,-0.0606,1.6445,-0.3015,-0.1914,-0.1394,0.0234,-0.1086,0.0168,1,0.00,0.001,0.041,0.007,,0.0128,-0.0996,1.6932,-0.3013,0.1878,-0.1326
2.318,440,tripod,0.3789,-0.1423,0.1429,-0.0137,0.0269,0.4535,0.0012,0.0052,-0.0395,-0.0546,-0.0086,0.0027,0.000,0.000,-0.0120,0.0237,-0.0137,0.0269,0.4535,0.1277,0,0.7261,-0.1876,0.0151,1,0.00,0.002,0.040,0.009,,-0.0120,-0.1578,1.7642,0.2956,-0.1911,-0.1224,0.5602,0.1534,0.0152,1,0.00,0.000,0.036,0.002,,-0.0002,-0.1873,1.7968,0.2959,0.1880,-0.1173,0.5253,-0.4576,0.0148,1,6.41,0.060,0.904,0.183,,-0.0133,-0.0974,1.6908,-0.0031,-0.3458,-0.1329,0.2241,0.1613,0.0146,1,6.46,0.060,0.903,0.183,,0.0117,-0.1496,1.7575,-0.0027,0.3425,-0.1238,0.1893,-0.4497,0.0151,1,0.00,0.000,0.040,0.007,,-0.0002,-0.0656,1.6492,-0.3015,-0.1913,-0.1385,0.0234,-0.1087,0.0163,1,0.00,0.002,0.037,0.001,,0.0127,-0.1013,1.6944,-0.3013,0.1878,-0.1323
2.339,444,tripod,0.3787,-0.1423,0.1426,-0.0142,0.0257,0.4535,0.0040,-0.0059,-0.0063,0.0910,0.1024,0.0031,0.000,0.000,-0.0123,0.0237,-0.0142,0.0257,0.4535,0.1275,0,0.7261,-0.1875,0.0159,1,0.00,0.015,0.093,0.010,,-0.0120,-0.1606,1.7668,0.2956,-0.1911,-0.1219,0.5602,0.1534,0.0149,1,5.05,0.734,0.940,0.125,,-0.0001,-0.1861,1.7961,0.2958,0.1880,-0.1175,0.5253,-0.4576,0.0150,1,0.00,0.027,0.077,0.009,,-0.0134,-0.0990,1.6924,-0.0031,-0.3457,-0.1327,0.2241,0.1613,0.0147,1,0.00,0.010,0.163,0.001,,0.0118,-0.1544,1.7613,-0.0027,0.3425,-0.1230,0.1893,-0.4496,0.0149,1,0.15,0.024,0.027,0.003,,-0.0004,-0.0672,1.6505,-0.3016,-0.1913,-0.1382,0.0234,-0.1087,0.0150,1,10.14,0.768,0.821,0.861,,0.0128,-0.0984,1.6914,-0.3014,0.1878,-0.1328
2.360,448,tripod,0.3789,-0.1424,0.1422,-0.0133,0.0266,0.4535,0.0086,-0.0051,-0.0575,0.0201,0.0662,-0.0022,0.000,0.000,-0.0124,0.0236,-0.0133,0.0266,0.4535,0.1272,0,0.7261,-0.1875,0.0150,1,0.00,0.003,0.030,0.000,,-0.0120,-0.1596,1.7661,0.2956,-0.1911,-0.1221,0.5602,0.1534,0.0148,1,4.02,0.025,0.346,0.361,,0.0000,-0.1890,1.7984,0.2958,0.1880,-0.1170,0.5253,-0.4576,0.0149,1,3.74,0.008,0.496,0.131,,-0.0135,-0.1028,1.6959,-0.0031,-0.3457,-0.1320,0.2242,0.1613,0.0154,1,0.00,0.006,0.032,0.004,,0.0118,-0.1578,1.7640,-0.0027,0.3425,-0.1224,0.1893,-0.4496,0.0151,1,0.00,0.002,0.034,0.003,,-0.0005,-0.0699,1.6529,-0.3016,-0.1913,-0.1378,0.0234,-0.1087,0.0149,1,3.56,0.008,0.396,0.222,,0.0128,-0.0979,1.6909,-0.3014,0.1878,-0.1329
2.381,452,tripod,0.3788,-0.1424,0.1418,-0.0137,0.0256,0.4535,-0.0039,-0.0090,-0.0178,0.0595,-0.0337,-0.0007,0.000,0.000,-0.0124,0.0236,-0.0137,0.0256,0.4535,0.1266,0,0.7261,-0.1876,0.0147,1,4.34,0.024,0.645,0.079,,-0.0120,-0.1588,1.7657,0.2955,-0.1911,-0.1222,0.5602,0.1534,0.0157,1,0.00,0.000,0.039,0.008,,0.0001,-0.1957,1.8035,0.2958,0.1881,-0.1159,0.5253,-0.4575,0.0158,1,0.00,0.001,0.041,0.008,,-0.0135,-0.1092,1.7016,-0.0031,-0.3457,-0.1309,0.2242,0.1613,0.0149,1,4.72,0.085,0.735,0.053,,0.0119,-0.1582,1.7643,-0.0027,0.3425,-0.1223,0.1893,-0.4496,0.0149,1,3.67,0.081,0.614,0.012,,-0.0006,-0.0726,1.6553,-0.3016,-0.1913,-0.1373,0.0234,-0.1087,0.0151,1,0.00,0.001,0.041,0.009,,0.0128,-0.1036,1.6957,-0.3014,0.1879,-0.1319
2.401,456,tripod,0.3788,-0.1425,0.1415,-0.0131,0.0249,0.4535,-0.0031,-0.0070,-0.0202,0.0421,-0.0222,-0.0005,0.000,0.000,-0.0122,0.0231,-0.0131,0.0249,0.4535,0.1263,0,0.7261,-0.1876,0.0147,1,4.36,0.068,0.613,0.121,,-0.0120,-0.1598,1.7666,0.2955,-0.1910,-0.1221,0.5602,0.1534,0.0161,1,0.00,0.000,0.034,0.002,,0.0001,-0.1972,1.8046,0.2958,0.1881,-0.1156,0.5253,-0.4575,0.0155,1,0.00,0.001,0.036,0.001,,-0.0135,-0.1101,1.7025,-0.0031,-0.3457,-0.1307,0.2242,0.1613,0.0149,1,4.74,0.038,0.703,0.092,,0.0119,-0.1586,1.7646,-0.0027,0.3425,-0.1223,0.1892,-0.4496,0.0149,1,3.66,0.099,0.622,0.022,,-0.0006,-0.0761,1.6584,-0.3017,-0.1913,-0.1367,0.0234,-0.1087,0.0152,1,0.00,0.001,0.037,0.002,,0.0127,-0.1063,1.6980,-0.3014,0.1879,-0.1314
2.422,460,tripod,0.3788,-0.1425,0.1414,-0.0135,0.0253,0.4535,0.0053,0.0139,0.0078,-0.0989,0.0323,0.0031,0.000,0.000,-0.0120,0.0227,-0.0135,0.0253,0.4535,0.1264,0,0.7261,-0.1876,0.0147,1,0.00,0.001,0.033,0.002,,-0.0119,-0.1613,1.7678,0.2955,-0.1910,-0.1218,0.5602,0.1534,0.0155,1,0.00,0.000,0.031,0.003,,0.0002,-0.1941,1.8023,0.2958,0.1881,-0.1161,0.5253,-0.4576,0.0149,1,5.98,0.032,0.889,0.145,,-0.0135,-0.1067,1.6995,-0.0031,-0.3457,-0.1313,0.2242,0.1613,0.0148,1,5.92,0.123,0.800,0.217,,0.0119,-0.1596,1.7653,-0.0027,0.3425,-0.1221,0.1893,-0.4496,0.0153,1,0.00,0.000,0.036,0.004,,-0.0007,-0.0787,1.6610,-0.3016,-0.1912,-0.1362,0.0234,-0.1087,0.0149,1,0.37,0.051,0.043,0.009,,0.0127,-0.1048,1.6967,-0.3014,0.1879,-0.1317
2.443,464,tripod,0.3787,-0.1425,0.1417,-0.0137,0.0246,0.4535,-0.0093,-0.0065,0.0061,0.0427,-0.0663,0.0011,0.000,0.000,-0.0122,0.0227,-0.0137,0.0246,0.4535,0.1266,0,0.7261,-0.1875,0.0155,1,0.00,0.002,0.027,0.003,,-0.0119,-0.1628,1.7690,0.2956,-0.1910,-0.1215,0.5602,0.1534,0.0149,1,3.62,0.099,0.723,0.148,,0.0002,-0.1888,1.7980,0.2958,0.1881,-0.1171,0.5253,-0.4575,0.0148,1,3.47,0.239,0.528,0.055,,-0.0136,-0.1041,1.6973,-0.0031,-0.3457,-0.1318,0.2242,0.1613,0.0152,1,0.00,0.004,0.028,0.002,,0.0119,-0.1606,1.7661,-0.0027,0.3425,-0.1219,0.1893,-0.4496,0.0155,1,0.00,0.002,0.029,0.003,,-0.0007,-0.0774,1.6599,-0.3016,-0.1912,-0.1365,0.0234,-0.1087,0.0149,1,3.04,0.331,0.506,0.010,,0.0127,-0.1043,1.6962,-0.3014,0.1879,-0.1317
2.464,468,tripod,0.3788,-0.1425,0.1415,-0.0135,0.0250,0.4535,0.0191,-0.0031,-0.0173,0.0144,0.1409,-0.0002,0.000,0.000,-0.0123,0.0223,-0.0135,0.0250,0.4535,0.1264,0,0.7261,-0.1875,0.0152,1,0.00,0.004,0.026,0.000,,-0.0118,-0.1624,1.7686,0.2956,-0.1910,-0.1216,0.5602,0.1534,0.0148,1,4.94,0.074,0.585,0.273,,0.0002,-0.1905,1.7993,0.2958,0.1881,-0.1167,0.5253,-0.4575,0.0151,1,0.00,0.001,0.032,0.007,,-0.0134,-0.1079,1.7007,-0.0031,-0.3457,-0.1311,0.2242,0.1613,0.0149,1,1.34,0.157,0.197,0.000,,0.0118,-0.1600,1.7656,-0.0027,0.3425,-0.1220,0.1893,-0.4496,0.0148,1,5.59,0.063,0.803,0.153,,-0.0007,-0.0752,1.6581,-0.3016,-0.1912,-0.1368,0.0234,-0.1086,0.0155,1,0.00,0.005,0.045,0.009,,0.0125,-0.1095,1.7009,-0.3014,0.1879,-0.1308
2.485,472,tripod,0.3787,-0.1425,0.1415,-0.0136,0.0248,0.4535,-0.0052,0.0008,0.0053,-0.0049,-0.0349,0.0005,0.000,0.000,-0.0122,0.0224,-0.0136,0.0248,0.4535,0.1263,0,0.7261,-0.1875,0.0148,1,4.28,0.023,0.644,0.075,,-0.0118,-0.1599,1.7665,0.2956,-0.1910,-0.1220,0.5602,0.1534,0.0153,1,0.00,0.000,0.035,0.004,,0.0002,-0.1934,1.8014,0.2958,0.1881,-0.1163,0.5253,-0.4575,0.0153,1,0.00,0.001,0.033,0.000,,-0.0133,-0.1086,1.7013,-0.0031,-0.3457,-0.1310,0.2242,0.1613,0.0149,1,4.23,0.099,0.609,0.108,,0.0118,-0.1595,1.7652,-0.0027,0.3425,-0.1221,0.1893,-0.4496,0.0147,1,3.81,0.116,0.625,0.011,,-0.0007,-0.0747,1.6576,-0.3016,-0.1912,-0.1369,0.0234,-0.1086,0.0160,1,0.00,0.002,0.035,0.002,,0.0125,-0.1113,1.7026,-0.3013,0.1879,-0.1305
2.506,476,tripod,0.3786,-0.1425,0.1416,-0.0141,0.0245,0.4535,-0.0043,0.0103,0.0179,-0.0744,-0.0340,0.0036,0.000,0.000,-0.0123,0.0223,-0.0141,0.0245,0.4535,0.1266,0,0.7261,-0.1875,0.0148,1,0.00,0.006,0.034,0.001,,-0.0118,-0.1585,1.7653,0.2956,-0.1910,-0.1223,0.5602,0.1534,0.0153,1,0.00,0.002,0.032,0.002,,0.0001,-0.1920,1.8004,0.2958,0.1881,-0.1165,0.5253,-0.4575,0.0149,1,7.87,0.061,0.978,0.393,,-0.0133,-0.1046,1.6979,-0.0031,-0.3457,-0.1317,0.2242,0.1613,0.0148,1,6.94,0.043,1.121,0.061,,0.0117,-0.1596,1.7653,-0.0027,0.3425,-0.1221,0.1893,-0.4496,0.0148,1,0.00,0.002,0.046,0.001,,-0.0006,-0.0749,1.6578,-0.3016,-0.1912,-0.1369,0.0234,-0.1086,0.0154,1,0.00,0.006,0.042,0.005,,0.0125,-0.1081,1.6999,-0.3013,0.1879,-0.1311
2.527,480,tripod,0.3787,-0.1424,0.1422,-0.0144,0.0248,0.4535,0.0051,0.0006,0.0415,0.0136,0.0320,-0.0009,0.000,0.000,-0.0127,0.0222,-0.0144,0.0248,0.4535,0.1271,0,0.7261,-0.1875,0.0152,1,0.00,0.002,0.032,0.000,,-0.0118,-0.1577,1.7646,0.2956,-0.1910,-0.1224,0.5602,0.1534,0.0149,1,3.91,0.056,0.626,0.033,,0.0001,-0.1874,1.7968,0.2958,0.1881,-0.1173,0.5253,-0.4575,0.0148,1,3.90,0.035,0.600,0.066,,-0.0134,-0.1004,1.6941,-0.0031,-0.3457,-0.1324,0.2242,0.1614,0.0152,1,0.00,0.002,0.031,0.001,,0.0117,-0.1601,1.7657,-0.0027,0.3425,-0.1220,0.1893,-0.4496,0.0154,1,0.00,0.000,0.032,0.001,,-0.0006,-0.0745,1.6576,-0.3016,-0.1912,-0.1370,0.0234,-0.1087,0.0149,1,3.90,0.001,0.566,0.105,,0.0126,-0.1022,1.6946,-0.3014,0.1879,-0.1321
2.548,484,tripod,0.3787,-0.1424,0.1422,-0.0144,0.0246,0.4535,-0.0078,0.0008,-0.0028,-0.0019,-0.0565,0.0029,0.000,0.000,-0.0128,0.0223,-0.0144,0.0246,0.4535,0.1272,0,0.7261,-0.1875,0.0149,1,6.49,0.067,0.923,0.178,,-0.0119,-0.1554,1.7627,0.2956,-0.1910,-0.1228,0.5602,0.1534,0.0151,1,0.00,0.000,0.034,0.004,,0.0000,-0.1884,1.7976,0.2958,0.1881,-0.1171,0.5254,-0.4575,0.0151,1,0.00,0.002,0.036,0.004,,-0.0133,-0.1021,1.6955,-0.0031,-0.3457,-0.1321,0.2242,0.1614,0.0153,1,0.00,0.002,0.033,0.001,,0.0117,-0.1592,1.7651,-0.0027,0.3425,-0.1222,0.1893,-0.4496,0.0151,1,0.00,0.000,0.032,0.004,,-0.0005,-0.0717,1.6549,-0.3016,-0.1912,-0.1375,0.0234,-0.1087,0.0148,1,5.95,0.059,1.030,0.030,,0.0126,-0.1020,1.6945,-0.3014,0.1879,-0.1321
2.569,488,tripod,0.3787,-0.1423,0.1424,-0.0145,0.0253,0.4535,0.0079,-0.0024,0.0115,0.0236,0.0540,-0.0004,0.000,0.000,-0.0131,0.0224,-0.0145,0.0253,0.4535,0.1273,0,0.7261,-0.1875,0.0149,1,3.81,0.051,0.489,0.154,,-0.0119,-0.1550,1.7624,0.2956,-0.1911,-0.1229,0.5602,0.1535,0.0151,1,0.00,0.001,0.032,0.000,,-0.0000,-0.1881,1.7974,0.2958,0.1881,-0.1172,0.5254,-0.4575,0.0155,1,0.00,0.003,0.034,0.000,,-0.0133,-0.1025,1.6958,-0.0031,-0.3457,-0.1321,0.2242,0.1614,0.0148,1,4.56,0.080,0.774,0.021,,0.0117,-0.1558,1.7624,-0.0027,0.3425,-0.1228,0.1893,-0.4496,0.0149,1,3.79,0.108,0.563,0.075,,-0.0004,-0.0688,1.6522,-0.3016,-0.1913,-0.1380,0.0234,-0.1086,0.0155,1,0.00,0.001,0.035,0.005,,0.0126,-0.1047,1.6970,-0.3013,0.1879,-0.1317
2.591,492,tripod,0.3788,-0.1423,0.1426,-0.0141,0.0254,0.4536,-0.0028,0.0049,0.0236,-0.0334,-0.0301,0.0017,0.000,0.000,-0.0129,0.0226,-0.0141,0.0254,0.4536,0.1275,0,0.7261,-0.1875,0.0150,1,0.00,0.018,0.091,0.002,,-0.0120,-0.1558,1.7630,0.2956,-0.1911,-0.1227,0.5602,0.1534,0.0149,1,1.95,0.226,0.373,0.083,,-0.0000,-0.1856,1.7955,0.2958,0.1881,-0.1176,0.5254,-0.4575,0.0149,1,12.90,0.098,1.501,0.707,,-0.0133,-0.0988,1.6923,-0.0031,-0.3457,-0.1327,0.2242,0.1613,0.0148,1,7.38,0.129,1.404,0.152,,0.0117,-0.1536,1.7607,-0.0027,0.3425,-0.1231,0.1893,-0.4496,0.0148,1,0.00,0.024,0.079,0.001,,-0.0004,-0.0678,1.6510,-0.3016,-0.1913,-0.1381,0.0234,-0.1086,0.0159,1,0.00,0.019,0.028,0.001,,0.0127,-0.1040,1.6964,-0.3013,0.1879,-0.1318
2.612,496,tripod,0.3787,-0.1422,0.1429,-0.0148,0.0253,0.4536,-0.0023,0.0059,0.0144,-0.0338,-0.0220,0.0018,0.000,0.000,-0.0130,0.0227,-0.0148,0.0253,0.4536,0.1279,0,0.7261,-0.1875,0.0155,1,0.00,0.003,0.032,0.001,,-0.0120,-0.1552,1.7624,0.2956,-0.1911,-0.1229,0.5602,0.1535,0.0149,1,0.75,0.034,0.085,0.015,,-0.0001,-0.1843,1.7946,0.2958,0.1880,-0.1178,0.5254,-0.4575,0.0148,1,5.94,0.059,0.823,0.203,,-0.0134,-0.0948,1.6887,-0.0031,-0.3457,-0.1334,0.2242,0.1614,0.0147,1,5.32,0.024,0.804,0.106,,0.0118,-0.1528,1.7601,-0.0027,0.3425,-0.1233,0.1894,-0.4496,0.0151,1,0.00,0.000,0.031,0.002,,-0.0004,-0.0668,1.6501,-0.3016,-0.1913,-0.1383,0.0234,-0.1087,0.0153,1,0.00,0.003,0.028,0.007,,0.0128,-0.0992,1.6921,-0.3014,0.1878,-0.1326
2.633,500,tripod,0.3789,-0.1421,0.1434,-0.0148,0.0263,0.4535,0.0046,0.0058,0.0541,-0.0136,0.0070,-0.0003,0.000,0.000,-0.0132,0.0230,-0.0148,0.0263,0.4535,0.1284,0,0.7261,-0.1875,0.0149,1,8.45,0.015,1.099,0.373,,-0.0122,-0.1504,1.7586,0.2955,-0.1911,-0.1237,0.5602,0.1535,0.0150,1,0.00,0.008,0.046,0.002,,-0.0001,-0.1840,1.7946,0.2958,0.1880,-0.1179,0.5254,-0.4575,0.0148,1,0.00,0.014,0.038,0.002,,-0.0135,-0.0925,1.6866,-0.0031,-0.3457,-0.1338,0.2242,0.1614,0.0151,1,0.00,0.014,0.043,0.000,,0.0118,-0.1528,1.7602,-0.0027,0.3425,-0.1233,0.1894,-0.4496,0.0151,1,0.00,0.008,0.033,0.008,,-0.0004,-0.0622,1.6456,-0.3016,-0.1913,-0.1391,0.0234,-0.1087,0.0148,1,7.35,0.009,1.264,0.012,,0.0130,-0.0923,1.6858,-0.3014,0.1878,-0.1338
2.653,504,tripod,0.3790,-0.1419,0.1439,-0.0158,0.0270,0.4535,0.0034,0.0235,-0.0026,-0.1522,0.0168,-0.0013,0.000,0.000,-0.0133,0.0234,-0.0158,0.0270,0.4535,0.1288,0,0.7262,-0.1874,0.0148,1,4.75,0.028,0.651,0.170,,-0.0123,-0.1476,1.7564,0.2955,-0.1911,-0.1242,0.5603,0.1535,0.0151,1,0.00,0.002,0.015,0.000,,-0.0001,-0.1831,1.7941,0.2958,0.1880,-0.1180,0.5254,-0.4575,0.0156,1,0.00,0.008,0.031,0.001,,-0.0136,-0.0922,1.6862,-0.0031,-0.3458,-0.1338,0.2242,0.1614,0.0152,1,0.00,0.007,0.016,0.002,,0.0119,-0.1510,1.7588,-0.0027,0.3424,-0.1236,0.1894,-0.4496,0.0149,1,0.34,0.015,0.002,0.052,,-0.0003,-0.0560,1.6394,-0.3017,-0.1913,-0.1402,0.0234,-0.1087,0.0148,1,4.19,0.023,0.730,0.024,,0.0131,-0.0895,1.6832,-0.3014,0.1878,-0.1343
2.674,508,tripod,0.3791,-0.1419,0.1440,-0.0152,0.0272,0.4535,0.0059,-0.0019,0.0047,0.0316,0.0286,0.0002,0.000,0.000,-0.0137,0.0240,-0.0152,0.0272,0.4535,0.1290,0,0.7262,-0.1874,0.0151,1,0.00,0.002,0.034,0.003,,-0.0124,-0.1495,1.7580,0.2955,-0.1911,-0.1238,0.5603,0.1535,0.0148,1,5.61,0.009,0.814,0.150,,-0.0001,-0.1811,1.7928,0.2957,0.1880,-0.1183,0.5254,-0.4575,0.0153,1,0.00,0.002,0.030,0.004,,-0.0138,-0.0899,1.6839,-0.0032,-0.3458,-0.1343,0.2242,0.1614,0.0150,1,0.61,0.002,0.109,0.038,,0.0121,-0.1485,1.7568,-0.0027,0.3424,-0.1240,0.1894,-0.4496,0.0148,1,5.89,0.051,0.880,0.128,,-0.0003,-0.0548,1.6380,-0.3017,-0.1914,-0.1404,0.0235,-0.1086,0.0153,1,0.00,0.002,0.035,0.002,,0.0132,-0.0910,1.6845,-0.3015,0.1878,-0.1341
2.695,512,tripod,0.3791,-0.1418,0.1443,-0.0158,0.0274,0.4536,0.0006,0.0109,0.0180,-0.0565,-0.0121,0.0033,0.000,0.000,-0.0138,0.0243,-0.0158,0.0274,0.4536,0.1293,0,0.7262,-0.1874,0.0151,1,0.00,0.004,0.030,0.002,,-0.0126,-0.1477,1.7566,0.2955,-0.1912,-0.1241,0.5603,0.1535,0.0148,1,0.54,0.029,0.017,0.053,,-0.0001,-0.1804,1.7925,0.2957,0.1880,-0.1185,0.5254,-0.4575,0.0148,1,5.97,0.069,0.791,0.243,,-0.0140,-0.0851,1.6795,-0.0032,-0.3458,-0.1351,0.2242,0.1614,0.0149,1,5.39,0.042,0.825,0.097,,0.0122,-0.1475,1.7561,-0.0028,0.3424,-0.1242,0.1894,-0.4496,0.0152,1,0.00,0.000,0.031,0.000,,-0.0004,-0.0547,1.6376,-0.3018,-0.1914,-0.1404,0.0235,-0.1086,0.0152,1,0.00,0.003,0.030,0.004,,0.0134,-0.0886,1.6821,-0.3015,0.1878,-0.1345
2.716,516,tripod,0.3791,-0.1417,0.1448,-0.0162,0.0276,0.4536,0.0038,0.0052,0.0350,-0.0059,0.0069,-0.0005,0.000,0.000,-0.0141,0.0246,-0.0162,0.0276,0.4536,0.1297,0,0.7262,-0.1874,0.0149,1,5.86,0.009,0.874,0.137,,-0.0128,-0.1433,1.7531,0.2954,-0.1912,-0.1249,0.5603,0.1536,0.0151,1,0.00,0.000,0.033,0.002,,-0.0002,-0.1808,1.7930,0.2957,0.1879,-0.1184,0.5254,-0.4575,0.0149,1,0.00,0.004,0.026,0.004,,-0.0143,-0.0822,1.6767,-0.0033,-0.3458,-0.1356,0.2243,0.1615,0.0152,1,0.00,0.004,0.033,0.001,,0.0124,-0.1477,1.7564,-0.0028,0.3424,-0.1241,0.1894,-0.4496,0.0154,1,0.00,0.000,0.026,0.006,,-0.0004,-0.0517,1.6345,-0.3018,-0.1914,-0.1409,0.0235,-0.1087,0.0148,1,5.77,0.006,0.889,0.105,,0.0137,-0.0838,1.6776,-0.3016,0.1877,-0.1353
2.737,520,tripod,0.3792,-0.1415,0.1448,-0.0168,0.0282,0.4536,0.0057,0.0052,0.0144,0.0024,0.0226,-0.0018,0.000,0.000,-0.0145,0.0249,-0.0168,0.0282,0.4536,0.1298,0,0.7262,-0.1874,0.0149,1,0.00,0.013,0.039,0.002,,-0.0130,-0.1445,1.7542,0.2954,-0.1912,-0.1247,0.5603,0.1536,0.0148,1,7.11,0.074,0.872,0.375,,-0.0002,-0.1800,1.7927,0.2956,0.1879,-0.1185,0.5254,-0.4575,0.0153,1,0.00,0.008,0.038,0.001,,-0.0144,-0.0837,1.6779,-0.0033,-0.3459,-0.1353,0.2243,0.1615,0.0149,1,1.07,0.126,0.094,0.051,,0.0125,-0.1468,1.7559,-0.0028,0.3424,-0.1243,0.1894,-0.4497,0.0149,1,7.18,0.114,0.898,0.357,,-0.0003,-0.0476,1.6302,-0.3019,-0.1915,-0.1417,0.0235,-0.1087,0.0149,1,0.00,0.009,0.041,0.001,,0.0138,-0.0847,1.6784,-0.3016,0.1877,-0.1352
2.758,524,tripod,0.3793,-0.1415,0.1449,-0.0166,0.0284,0.4536,0.0035,0.0021,0.0006,0.0074,0.0145,0.0003,0.000,0.000,-0.0148,0.0252,-0.0166,0.0284,0.4536,0.1298,0,0.7263,-0.1873,0.0153,1,0.00,0.002,0.033,0.002,,-0.0131,-0.1463,1.7558,0.2954,-0.1912,-0.1244,0.5603,0.1536,0.0147,1,5.62,0.022,0.783,0.187,,-0.0002,-0.1791,1.7924,0.2956,0.1879,-0.1187,0.5255,-0.4575,0.0153,1,0.00,0.002,0.030,0.003,,-0.0146,-0.0822,1.6763,-0.0034,-0.3459,-0.1356,0.2243,0.1615,0.0149,1,0.57,0.055,0.067,0.002,,0.0127,-0.1458,1.7553,-0.0029,0.3423,-0.1245,0.1894,-0.4496,0.0148,1,5.94,0.100,0.784,0.239,,-0.0003,-0.0463,1.6287,-0.3019,-0.1915,-0.1419,0.0235,-0.1086,0.0155,1,0.00,0.004,0.035,0.001,,0.0140,-0.0863,1.6797,-0.3016,0.1877,-0.1349
2.779,528,tripod,0.3793,-0.1413,0.1450,-0.0173,0.0285,0.4536,-0.0014,0.0110,0.0079,-0.0551,-0.0209,0.0041,0.000,0.000,-0.0150,0.0255,-0.0173,0.0285,0.4536,0.1300,0,0.7262,-0.1873,0.0152,1,0.00,0.004,0.030,0.003,,-0.0134,-0.1437,1.7538,0.2953,-0.1913,-0.1248,0.5603,0.1536,0.0147,1,0.70,0.065,0.033,0.063,,-0.0003,-0.1793,1.7928,0.2956,0.1878,-0.1187,0.5254,-0.4575,0.0149,1,5.99,0.088,0.773,0.267,,-0.0149,-0.0783,1.6725,-0.0034,-0.3459,-0.1363,0.2243,0.1615,0.0148,1,5.40,0.025,0.800,0.122,,0.0128,-0.1461,1.7557,-0.0029,0.3423,-0.1244,0.1894,-0.4496,0.0151,1,0.00,0.001,0.031,0.000,,-0.0003,-0.0466,1.6286,-0.3019,-0.1915,-0.1418,0.0235,-0.1086,0.0152,1,0.00,0.004,0.030,0.004,,0.0143,-0.0838,1.6773,-0.3017,0.1876,-0.1353
2.800,532,tripod,0.3793,-0.1411,0.1453,-0.0180,0.0288,0.4536,-0.0004,0.0094,0.0042,-0.0410,-0.0122,0.0008,0.000,0.000,-0.0155,0.0257,-0.0180,0.0288,0.4536,0.1302,0,0.7262,-0.1873,0.0149,1,5.10,0.002,0.761,0.113,,-0.0137,-0.1398,1.7507,0.2953,-0.1913,-0.1255,0.5604,0.1537,0.0152,1,0.00,0.001,0.030,0.004,,-0.0003,-0.1814,1.7947,0.2956,0.1878,-0.1183,0.5255,-0.4575,0.0152,1,0.00,0.003,0.025,0.001,,-0.0151,-0.0766,1.6706,-0.0035,-0.3460,-0.1366,0.2243,0.1615,0.0152,1,0.00,0.003,0.032,0.004,,0.0129,-0.1476,1.7571,-0.0029,0.3423,-0.1241,0.1894,-0.4496,0.0154,1,0.00,0.001,0.023,0.004,,-0.0002,-0.0449,1.6265,-0.3020,-0.1916,-0.1421,0.0235,-0.1086,0.0149,1,4.95,0.007,0.789,0.056,,0.0145,-0.0809,1.6745,-0.3017,0.1876,-0.1358
2.821,536,tripod,0.3794,-0.1409,0.1455,-0.0187,0.0294,0.4536,0.0141,0.0168,0.0186,-0.0916,0.0925,-0.0020,0.000,0.000,-0.0160,0.0258,-0.0187,0.0294,0.4536,0.1305,0,0.7263,-0.1873,0.0148,1,3.33,0.261,0.481,0.070,,-0.0139,-0.1390,1.7500,0.2952,-0.1914,-0.1256,0.5604,0.1537,0.0152,1,0.00,0.004,0.028,0.000,,-0.0004,-0.1818,1.7952,0.2955,0.1878,-0.1182,0.5254,-0.4575,0.0150,1,0.00,0.004,0.027,0.007,,-0.0153,-0.0732,1.6671,-0.0035,-0.3460,-0.1372,0.2243,0.1616,0.0149,1,4.35,0.125,0.680,0.044,,0.0131,-0.1463,1.7563,-0.0030,0.3422,-0.1244,0.1894,-0.4496,0.0149,1,4.27,0.099,0.278,0.480,,-0.0001,-0.0393,1.6206,-0.3021,-0.1916,-0.1431,0.0235,-0.1086,0.0150,1,0.00,0.002,0.034,0.000,,0.0148,-0.0810,1.6745,-0.3018,0.1875,-0.1358
2.841,540,tripod,0.3795,-0.1408,0.1455,-0.0188,0.0301,0.4536,0.0026,0.0052,-0.0091,-0.0129,0.0118,-0.0000,0.000,0.000,-0.0165,0.0264,-0.0188,0.0301,0.4536,0.1305,0,0.7263,-0.1872,0.0153,1,0.00,0.003,0.042,0.007,,-0.0141,-0.1428,1.7532,0.2952,-0.1914,-0.1250,0.5604,0.1537,0.0149,1,6.18,0.123,0.796,0.284,,-0.0005,-0.1814,1.7953,0.2955,0.1877,-0.1183,0.5255,-0.4575,0.0151,1,0.00,0.005,0.037,0.000,,-0.0155,-0.0730,1.6666,-0.0036,-0.3461,-0.1372,0.2244,0.1616,0.0151,1,0.00,0.004,0.032,0.003,,0.0132,-0.1473,1.7575,-0.0030,0.3422,-0.1242,0.1894,-0.4496,0.0149,1,6.30,0.160,0.757,0.330,,-0.0000,-0.0374,1.6184,-0.3021,-0.1917,-0.1434,0.0235,-0.1086,0.0152,1,0.00,0.002,0.030,0.002,,0.0150,-0.0798,1.6734,-0.3018,0.1875,-0.1360
2.863,544,tripod,0.3796,-0.1407,0.1453,-0.0186,0.0313,0.4536,0.0150,0.0059,-0.0274,-0.0170,0.1002,-0.0001,0.000,0.000,-0.0168,0.0270,-0.0186,0.0313,0.4536,0.1303,0,0.7263,-0.1872,0.0151,1,0.00,0.002,0.035,0.002,,-0.0144,-0.1441,1.7544,0.2952,-0.1914,-0.1248,0.5604,0.1538,0.0150,1,0.00,0.001,0.037,0.007,,-0.0006,-0.1850,1.7984,0.2955,0.1877,-0.1177,0.5255,-0.4574,0.0149,1,5.99,0.052,0.920,0.096,,-0.0157,-0.0739,1.6671,-0.0036,-0.3461,-0.1370,0.2244,0.1616,0.0149,1,6.10,0.010,0.825,0.214,,0.0134,-0.1469,1.7575,-0.0030,0.3421,-0.1243,0.1894,-0.4496,0.0153,1,0.00,0.001,0.039,0.006,,0.0001,-0.0400,1.6205,-0.3021,-0.1917,-0.1430,0.0235,-0.1086,0.0149,1,0.31,0.047,0.012,0.014,,0.0154,-0.0774,1.6711,-0.3018,0.1874,-0.1364
2.883,548,tripod,0.3797,-0.1406,0.1452,-0.0187,0.0311,0.4536,-0.0001,0.0034,-0.0098,-0.0011,-0.0136,0.0003,0.000,0.000,-0.0168,0.0276,-0.0187,0.0311,0.4536,0.1301,0,0.7263,-0.1872,0.0148,1,6.10,0.053,0.904,0.130,,-0.0146,-0.1435,1.7541,0.2951,-0.1915,-0.1249,0.5605,0.1538,0.0154,1,0.00,0.000,0.035,0.004,,-0.0006,-0.1882,1.8011,0.2954,0.1877,-0.1171,0.5255,-0.4574,0.0152,1,0.00,0.003,0.035,0.002,,-0.0159,-0.0762,1.6688,-0.0037,-0.3462,-0.1366,0.2244,0.1616,0.0150,1,0.00,0.003,0.034,0.003,,0.0135,-0.1485,1.7590,-0.0031,0.3421,-0.1240,0.1894,-0.4496,0.0154,1,0.00,0.000,0.034,0.001,,0.0001,-0.0407,1.6207,-0.3022,-0.1918,-0.1429,0.0235,-0.1086,0.0148,1,6.14,0.047,0.900,0.140,,0.0156,-0.0777,1.6711,-0.3019,0.1874,-0.1364
2.905,552,tripod,0.3797,-0.1405,0.1450,-0.0189,0.0312,0.4536,0.0013,0.0052,0.0024,0.0050,-0.0142,0.0005,0.000,0.000,-0.0169,0.0279,-0.0189,0.0312,0.4536,0.1301,0,0.7263,-0.1872,0.0148,1,0.00,0.036,0.096,0.001,,-0.0148,-0.1445,1.7551,0.2951,-0.1915,-0.1247,0.5605,0.1538,0.0150,1,15.03,0.064,1.777,0.839,,-0.0006,-0.1867,1.8003,0.2954,0.1876,-0.1174,0.5255,-0.4574,0.0149,1,0.00,0.031,0.032,0.003,,-0.0162,-0.0751,1.6676,-0.0037,-0.3462,-0.1368,0.2244,0.1616,0.0150,1,0.00,0.029,0.099,0.003,,0.0137,-0.1503,1.7606,-0.0031,0.3421,-0.1237,0.1894,-0.4496,0.0149,1,10.92,0.078,1.894,0.005,,0.0001,-0.0383,1.6178,-0.3023,-0.1918,-0.1433,0.0235,-0.1086,0.0149,1,0.00,0.028,0.039,0.003,,0.0158,-0.0795,1.6726,-0.3019,0.1874,-0.1361
2.925,556,tripod,0.3797,-0.1405,0.1451,-0.0189,0.0309,0.4536,-0.0047,0.0054,0.0044,-0.0136,-0.0475,0.0004,0.000,0.000,-0.0170,0.0280,-0.0189,0.0309,0.4536,0.1300,0,0.7264,-0.1872,0.0153,1,0.00,0.009,0.063,0.003,,-0.0150,-0.1465,1.7568,0.2950,-0.1915,-0.1243,0.5605,0.1538,0.0148,1,5.82,0.284,0.820,0.175,,-0.0006,-0.1850,1.7992,0.2954,0.1876,-0.1177,0.5255,-0.4574,0.0150,1,3.82,0.082,0.372,0.252,,-0.0164,-0.0747,1.6671,-0.0038,-0.3463,-0.1369,0.2244,0.1617,0.0154,1,0.00,0.008,0.012,0.001,,0.0139,-0.1517,1.7619,-0.0031,0.3421,-0.1234,0.1894,-0.4496,0.0148,1,3.84,0.185,0.503,0.143,,0.0001,-0.0379,1.6171,-0.3023,-0.1918,-0.1434,0.0236,-0.1086,0.0153,1,0.00,0.011,0.013,0.002,,0.0160,-0.0813,1.6742,-0.3020,0.1873,-0.1357
2.946,560,tripod,0.3797,-0.1405,0.1446,-0.0186,0.0305,0.4536,-0.0089,-0.0095,-0.0230,0.0685,-0.0744,0.0049,0.000,0.000,-0.0170,0.0279,-0.0186,0.0305,0.4536,0.1296,0,0.7263,-0.1872,0.0149,1,7.31,0.089,0.921,0.340,,-0.0152,-0.1461,1.7567,0.2950,-0.1916,-0.1244,0.5605,0.1539,0.0152,1,0.00,0.017,0.043,0.009,,-0.0007,-0.1897,1.8029,0.2954,0.1876,-0.1169,0.5255,-0.4574,0.0150,1,0.00,0.022,0.039,0.008,,-0.0165,-0.0789,1.6706,-0.0038,-0.3463,-0.1362,0.2244,0.1617,0.0149,1,1.48,0.098,0.316,0.111,,0.0140,-0.1511,1.7616,-0.0032,0.3420,-0.1235,0.1894,-0.4496,0.0151,1,0.00,0.017,0.038,0.008,,0.0001,-0.0435,1.6221,-0.3023,-0.1918,-0.1424,0.0236,-0.1086,0.0149,1,4.74,0.020,0.944,0.171,,0.0162,-0.0825,1.6751,-0.3020,0.1873,-0.1355
2.967,564,tripod,0.3795,-0.1407,0.1442,-0.0182,0.0291,0.4537,-0.0086,-0.0083,-0.0296,0.0521,-0.0568,0.0037,0.000,0.000,-0.0168,0.0274,-0.0182,0.0291,0.4537,0.1290,0,0.7263,-0.1872,0.0148,1,6.12,0.015,0.881,0.166,,-0.0153,-0.1462,1.7568,0.2950,-0.1916,-0.1244,0.5605,0.1539,0.0161,1,0.00,0.001,0.037,0.005,,-0.0007,-0.1942,1.8064,0.2954,0.1876,-0.1161,0.5255,-0.4574,0.0152,1,0.00,0.001,0.037,0.004,,-0.0165,-0.0828,1.6741,-0.0038,-0.3463,-0.1355,0.2244,0.1616,0.0149,1,0.97,0.149,0.125,0.008,,0.0140,-0.1529,1.7632,-0.0032,0.3420,-0.1232,0.1895,-0.4496,0.0151,1,0.00,0.001,0.040,0.005,,0.0001,-0.0484,1.6267,-0.3024,-0.1919,-0.1415,0.0236,-0.1086,0.0148,1,5.60,0.094,0.874,0.060,,0.0162,-0.0866,1.6787,-0.3020,0.1873,-0.1348
2.988,568,tripod,0.3795,-0.1406,0.1438,-0.0187,0.0289,0.4537,-0.0036,0.0058,-0.0355,-0.0565,-0.0178,0.0018,0.000,0.000,-0.0166,0.0266,-0.0187,0.0289,0.4537,0.1287,0,0.7263,-0.1872,0.0148,1,0.00,0.001,0.027,0.002,,-0.0152,-0.1481,1.7584,0.2950,-0.1916,-0.1241,0.5605,0.1539,0.0158,1,0.00,0.000,0.027,0.000,,-0.0007,-0.1943,1.8065,0.2954,0.1876,-0.1161,0.5255,-0.4574,0.0149,1,5.31,0.099,0.705,0.210,,-0.0165,-0.0827,1.6741,-0.0038,-0.3463,-0.1355,0.2244,0.1616,0.0149,1,5.33,0.101,0.703,0.206,,0.0139,-0.1561,1.7658,-0.0032,0.3420,-0.1227,0.1895,-0.4496,0.0150,1,0.00,0.001,0.030,0.002,,0.0001,-0.0506,1.6288,-0.3023,-0.1919,-0.1412,0.0236,-0.1086,0.0150,1,0.00,0.002,0.032,0.006,,0.0161,-0.0912,1.6830,-0.3020,0.1873,-0.1340
3.010,572,tripod,0.3794,-0.1406,0.1433,-0.0190,0.0287,0.4537,-0.0047,-0.0050,0.0057,0.0443,-0.0302,-0.0009,0.000,0.000,-0.0169,0.0263,-0.0190,0.0287,0.4537,0.1283,0,0.7263,-0.1872,0.0151,1,0.00,0.020,0.039,0.005,,-0.0151,-0.1522,1.7615,0.2950,-0.1916,-0.1234,0.5605,0.1539,0.0148,1,9.14,0.094,1.570,0.052,,-0.0008,-0.1913,1.8041,0.2954,0.1876,-0.1166,0.5255,-0.4574,0.0148,1,0.00,0.024,0.068,0.002,,-0.0164,-0.0842,1.6754,-0.0038,-0.3463,-0.1353,0.2244,0.1617,0.0150,1,0.00,0.021,0.045,0.006,,0.0138,-0.1609,1.7697,-0.0031,0.3420,-0.1219,0.1895,-0.4496,0.0149,1,10.93,0.110,1.538,0.327,,0.0002,-0.0525,1.6307,-0.3023,-0.1919,-0.1408,0.0236,-0.1086,0.0150,1,0.00,0.019,0.073,0.003,,0.0160,-0.0941,1.6857,-0.3020,0.1873,-0.1335
3.030,576,tripod,0.3794,-0.1408,0.1427,-0.0181,0.0284,0.4537,0.0114,-0.0168,-0.0551,0.1019,0.1022,-0.0017,0.000,0.000,-0.0169,0.0259,-0.0181,0.0284,0.4537,0.1277,0,0.7263,-0.1872,0.0151,1,0.00,0.006,0.026,0.002,,-0.0151,-0.1548,1.7634,0.2951,-0.1916,-0.1229,0.5605,0.1539,0.0148,1,5.73,0.151,0.778,0.186,,-0.0008,-0.1935,1.8056,0.2954,0.1876,-0.1162,0.5255,-0.4574,0.0150,1,0.00,0.011,0.030,0.010,,-0.0162,-0.0903,1.6809,-0.0037,-0.3463,-0.1342,0.2244,0.1617,0.0153,1,0.00,0.007,0.048,0.005,,0.0136,-0.1638,1.7720,-0.0031,0.3420,-0.1214,0.1895,-0.4496,0.0149,1,4.34,0.233,0.681,0.033,,0.0003,-0.0573,1.6354,-0.3023,-0.1919,-0.1400,0.0236,-0.1086,0.0149,1,2.43,0.055,0.240,0.148,,0.0159,-0.0970,1.6886,-0.3019,0.1873,-0.1330
3.052,580,tripod,0.3792,-0.1410,0.1420,-0.0173,0.0272,0.4537,-0.0101,-0.0192,-0.0277,0.1109,-0.0579,-0.0037,0.000,0.000,-0.0165,0.0255,-0.0173,0.0272,0.4537,0.1270,0,0.7263,-0.1872,0.0148,1,0.00,0.020,0.069,0.003,,-0.0150,-0.1569,1.7650,0.2951,-0.1916,-0.1225,0.5605,0.1539,0.0155,1,0.00,0.013,0.026,0.008,,-0.0009,-0.1998,1.8100,0.2955,0.1876,-0.1152,0.5256,-0.4574,0.0150,1,12.10,0.008,1.587,0.462,,-0.0159,-0.0958,1.6858,-0.0037,-0.3463,-0.1332,0.2244,0.1616,0.0149,1,9.31,0.008,1.663,0.091,,0.0135,-0.1636,1.7719,-0.0031,0.3420,-0.1214,0.1895,-0.4496,0.0150,1,0.00,0.007,0.103,0.009,,0.0004,-0.0651,1.6430,-0.3022,-0.1919,-0.1386,0.0236,-0.1086,0.0149,1,0.00,0.015,0.054,0.008,,0.0158,-0.1017,1.6930,-0.3019,0.1873,-0.1322
3.073,584,tripod,0.3792,-0.1412,0.1414,-0.0164,0.0267,0.4536,-0.0028,-0.0100,-0.0422,0.0466,0.0051,-0.0039,0.000,0.000,-0.0158,0.0248,-0.0164,0.0267,0.4536,0.1263,0,0.7263,-0.1872,0.0149,1,1.03,0.008,0.041,0.108,,-0.0147,-0.1611,1.7681,0.2952,-0.1915,-0.1218,0.5605,0.1538,0.0157,1,0.00,0.001,0.036,0.002,,-0.0009,-0.2017,1.8112,0.2955,0.1876,-0.1148,0.5256,-0.4574,0.0149,1,5.08,0.063,0.800,0.045,,-0.0156,-0.1007,1.6904,-0.0036,-0.3463,-0.1324,0.2244,0.1616,0.0148,1,6.47,0.018,0.887,0.206,,0.0133,-0.1650,1.7729,-0.0030,0.3420,-0.1212,0.1895,-0.4496,0.0150,1,0.61,0.066,0.117,0.068,,0.0004,-0.0704,1.6485,-0.3021,-0.1918,-0.1377,0.0236,-0.1085,0.0151,1,0.00,0.001,0.040,0.007,,0.0155,-0.1068,1.6976,-0.3018,0.1874,-0.1313
3.095,588,tripod,0.3791,-0.1414,0.1408,-0.0154,0.0264,0.4536,-0.0072,-0.0239,-0.0235,0.1502,-0.0389,-0.0039,0.000,0.000,-0.0150,0.0243,-0.0154,0.0264,0.4536,0.1258,0,0.7263,-0.1872,0.0149,1,0.00,0.024,0.050,0.009,,-0.0144,-0.1663,1.7721,0.2952,-0.1915,-0.1209,0.5605,0.1538,0.0149,1,6.82,0.024,1.148,0.060,,-0.0009,-0.1994,1.8092,0.2955,0.1877,-0.1152,0.5256,-0.4574,0.0148,1,4.59,0.738,0.808,0.088,,-0.0153,-0.1061,1.6954,-0.0035,-0.3462,-0.1314,0.2244,0.1616,0.0149,1,0.00,0.017,0.047,0.007,,0.0131,-0.1682,1.7752,-0.0030,0.3421,-0.1206,0.1895,-0.4495,0.0151,1,0.00,0.001,0.044,0.007,,0.0004,-0.0757,1.6540,-0.3021,-0.1918,-0.1368,0.0236,-0.1085,0.0149,1,4.27,0.695,0.679,0.005,,0.0152,-0.1088,1.6997,-0.3017,0.1874,-0.1310
3.116,592,tripod,0.3791,-0.1417,0.1401,-0.0142,0.0255,0.4536,-0.0039,-0.0169,-0.0655,0.0733,-0.0052,0.0001,0.000,0.000,-0.0141,0.0238,-0.0142,0.0255,0.4536,0.1251,0,0.7264,-0.1872,0.0152,1,0.00,0.001,0.032,0.005,,-0.0140,-0.1705,1.7753,0.2953,-0.1914,-0.1202,0.5604,0.1538,0.0148,1,5.62,0.070,0.817,0.119,,-0.0008,-0.1998,1.8090,0.2956,0.1877,-0.1152,0.5256,-0.4574,0.0151,1,0.00,0.000,0.037,0.012,,-0.0149,-0.1141,1.7027,-0.0034,-0.3462,-0.1301,0.2244,0.1616,0.0154,1,0.00,0.001,0.030,0.003,,0.0128,-0.1713,1.7773,-0.0029,0.3421,-0.1201,0.1895,-0.4495,0.0149,1,5.17,0.064,0.901,0.040,,0.0003,-0.0815,1.6597,-0.3020,-0.1917,-0.1358,0.0236,-0.1085,0.0151,1,0.00,0.002,0.035,0.009,,0.0149,-0.1135,1.7040,-0.3017,0.1875,-0.1302
3.136,596,tripod,0.3790,-0.1419,0.1396,-0.0135,0.0246,0.4537,-0.0066,-0.0219,-0.0133,0.1187,-0.0417,0.0005,0.000,0.000,-0.0132,0.0232,-0.0135,0.0246,0.4537,0.1246,0,0.7263,-0.1872,0.0148,1,5.86,0.154,0.832,0.168,,-0.0137,-0.1707,1.7754,0.2953,-0.1914,-0.1202,0.5604,0.1537,0.0152,1,0.00,0.001,0.040,0.004,,-0.0007,-0.2033,1.8112,0.2957,0.1878,-0.1146,0.5256,-0.4574,0.0153,1,0.00,0.004,0.033,0.007,,-0.0145,-0.1194,1.7078,-0.0034,-0.3461,-0.1291,0.2244,0.1616,0.0149,1,1.39,0.170,0.215,0.009,,0.0126,-0.1704,1.7762,-0.0029,0.3422,-0.1202,0.1895,-0.4495,0.0151,1,0.00,0.001,0.035,0.010,,0.0002,-0.0878,1.6662,-0.3019,-0.1916,-0.1346,0.0236,-0.1085,0.0149,1,4.97,0.326,0.820,0.000,,0.0145,-0.1159,1.7062,-0.3016,0.1875,-0.1297
3.158,600,tripod,0.3789,-0.1421,0.1395,-0.0130,0.0241,0.4537,-0.0032,-0.0046,-0.0119,-0.0088,-0.0129,-0.0013,0.000,0.000,-0.0124,0.0224,-0.0130,0.0241,0.4537,0.1245,0,0.7263,-0.1873,0.0148,1,0.00,0.002,0.026,0.000,,-0.0132,-0.1712,1.7757,0.2954,-0.1913,-0.1201,0.5604,0.1537,0.0155,1,0.00,0.002,0.026,0.001,,-0.0005,-0.2035,1.8108,0.2957,0.1879,-0.1145,0.5256,-0.4574,0.0150,1,5.20,0.078,0.879,0.009,,-0.0142,-0.1191,1.7081,-0.0033,-0.3460,-0.1292,0.2244,0.1615,0.0149,1,5.58,0.079,0.806,0.135,,0.0124,-0.1697,1.7752,-0.0028,0.3423,-0.1204,0.1895,-0.4495,0.0150,1,0.00,0.002,0.031,0.003,,0.0001,-0.0898,1.6688,-0.3018,-0.1915,-0.1343,0.0236,-0.1085,0.0150,1,0.00,0.002,0.030,0.002,,0.0140,-0.1180,1.7082,-0.3015,0.1876,-0.1294
3.179,604,tripod,0.3788,-0.1422,0.1392,-0.0130,0.0234,0.4537,-0.0059,-0.0094,0.0120,0.0389,-0.0352,-0.0016,0.000,0.000,-0.0120,0.0219,-0.0130,0.0234,0.4537,0.1242,0,0.7263,-0.1872,0.0152,1,0.00,0.000,0.042,0.004,,-0.0128,-0.1749,1.7784,0.2955,-0.1912,-0.1195,0.5604,0.1537,0.0148,1,8.45,0.204,1.346,0.051,,-0.0004,-0.2003,1.8080,0.2957,0.1879,-0.1151,0.5256,-0.4573,0.0149,1,0.00,0.003,0.043,0.003,,-0.0139,-0.1209,1.7102,-0.0032,-0.3459,-0.1289,0.2244,0.1615,0.0149,1,0.00,0.007,0.049,0.003,,0.0121,-0.1726,1.7771,-0.0028,0.3423,-0.1199,0.1896,-0.4495,0.0149,1,7.98,0.193,1.450,0.111,,-0.0001,-0.0920,1.6714,-0.3018,-0.1915,-0.1339,0.0236,-0.1085,0.0150,1,0.00,0.006,0.051,0.004,,0.0135,-0.1207,1.7107,-0.3015,0.1877,-0.1289
3.199,608,tripod,0.3787,-0.1424,0.1389,-0.0129,0.0230,0.4536,0.0002,-0.0071,-0.0276,0.0074,0.0212,-0.0007,0.000,0.000,-0.0117,0.0213,-0.0129,0.0230,0.4536,0.1239,0,0.7263,-0.1873,0.0153,1,0.00,0.001,0.031,0.000,,-0.0124,-0.1758,1.7790,0.2956,-0.1912,-0.1193,0.5604,0.1537,0.0147,1,4.07,0.122,0.609,0.052,,-0.0003,-0.2010,1.8078,0.2958,0.1880,-0.1150,0.5256,-0.4573,0.0150,1,3.95,0.013,0.692,0.041,,-0.0135,-0.1232,1.7128,-0.0031,-0.3458,-0.1285,0.2244,0.1616,0.0152,1,0.00,0.006,0.037,0.003,,0.0118,-0.1754,1.7789,-0.0027,0.3424,-0.1194,0.1895,-0.4495,0.0149,1,0.00,0.007,0.038,0.005,,-0.0002,-0.0952,1.6750,-0.3017,-0.1914,-0.1334,0.0236,-0.1085,0.0150,1,4.53,0.106,0.634,0.123,,0.0131,-0.1232,1.7132,-0.3014,0.1878,-0.1285
3.221,612,tripod,0.3785,-0.1427,0.1384,-0.0122,0.0213,0.4537,-0.0165,-0.0231,-0.0181,0.1276,-0.0998,0.0047,0.000,0.000,-0.0115,0.0207,-0.0122,0.0213,0.4537,0.1234,0,0.7263,-0.1873,0.0149,1,6.19,0.078,0.945,0.107,,-0.0121,-0.1741,1.7775,0.2956,-0.1911,-0.1196,0.5604,0.1536,0.0156,1,0.00,0.000,0.038,0.007,,-0.0002,-0.2062,1.8113,0.2959,0.1880,-0.1141,0.5257,-0.4573,0.0151,1,0.00,0.001,0.039,0.006,,-0.0131,-0.1277,1.7171,-0.0030,-0.3458,-0.1277,0.2244,0.1615,0.0149,1,0.74,0.091,0.092,0.006,,0.0116,-0.1751,1.7783,-0.0026,0.3425,-0.1194,0.1896,-0.4494,0.0150,1,0.00,0.001,0.043,0.009,,-0.0002,-0.1013,1.6813,-0.3016,-0.1913,-0.1323,0.0236,-0.1085,0.0149,1,5.80,0.171,0.937,0.024,,0.0127,-0.1275,1.7169,-0.3013,0.1878,-0.1277
3.242,616,tripod,0.3784,-0.1428,0.1384,-0.0122,0.0206,0.4537,-0.0053,-0.0029,0.0043,-0.0124,-0.0213,-0.0020,0.000,0.000,-0.0112,0.0196,-0.0122,0.0206,0.4537,0.1233,0,0.7263,-0.1873,0.0149,1,0.57,0.068,0.058,0.013,,-0.0117,-0.1727,1.7762,0.2957,-0.1910,-0.1198,0.5604,0.1536,0.0161,1,0.00,0.000,0.032,0.000,,-0.0002,-0.2070,1.8113,0.2959,0.1881,-0.1140,0.5257,-0.4573,0.0149,1,5.92,0.138,0.931,0.078,,-0.0128,-0.1269,1.7168,-0.0029,-0.3457,-0.1278,0.2244,0.1615,0.0148,1,6.20,0.069,0.936,0.123,,0.0112,-0.1747,1.7776,-0.0026,0.3425,-0.1195,0.1896,-0.4494,0.0150,1,0.00,0.000,0.038,0.004,,-0.0002,-0.1032,1.6837,-0.3015,-0.1913,-0.1320,0.0237,-0.1085,0.0151,1,0.00,0.000,0.039,0.005,,0.0123,-0.1305,1.7199,-0.3012,0.1879,-0.1272
3.263,620,tripod,0.3783,-0.1428,0.1385,-0.0125,0.0207,0.4537,0.0013,0.0008,0.0101,-0.0321,0.0309,-0.0006,0.000,0.000,-0.0111,0.0189,-0.0125,0.0207,0.4537,0.1235,0,0.7263,-0.1873,0.0148,1,5.72,0.026,0.846,0.126,,-0.0114,-0.1719,1.7752,0.2958,-0.1910,-0.1200,0.5604,0.1536,0.0155,1,0.00,0.001,0.030,0.005,,-0.0002,-0.2027,1.8077,0.2960,0.1881,-0.1147,0.5257,-0.4573,0.0148,1,0.70,0.036,0.156,0.075,,-0.0124,-0.1254,1.7158,-0.0029,-0.3457,-0.1281,0.2244,0.1615,0.0148,1,0.23,0.008,0.016,0.027,,0.0109,-0.1745,1.7771,-0.0025,0.3426,-0.1195,0.1896,-0.4494,0.0151,1,0.00,0.000,0.033,0.001,,-0.0002,-0.1024,1.6838,-0.3014,-0.1912,-0.1321,0.0237,-0.1084,0.0150,1,5.90,0.059,0.933,0.073,,0.0119,-0.1288,1.7188,-0.3011,0.1879,-0.1275
3.284,624,tripod,0.3783,-0.1429,0.1391,-0.0124,0.0207,0.4536,-0.0033,-0.0052,0.0531,0.0275,-0.0151,-0.0010,0.000,0.000,-0.0112,0.0188,-0.0124,0.0207,0.4536,0.1240,0,0.7263,-0.1873,0.0152,1,0.00,0.001,0.031,0.000,,-0.0111,-0.1714,1.7745,0.2958,-0.1910,-0.1201,0.5604,0.1536,0.0148,1,5.96,0.094,0.998,0.023,,-0.0002,-0.1955,1.8017,0.2961,0.1881,-0.1159,0.5257,-0.4573,0.0151,1,0.00,0.001,0.031,0.001,,-0.0120,-0.1241,1.7151,-0.0028,-0.3456,-0.1283,0.2244,0.1615,0.0152,1,0.00,0.001,0.030,0.000,,0.0106,-0.1742,1.7767,-0.0024,0.3426,-0.1196,0.1896,-0.4494,0.0149,1,5.82,0.099,1.027,0.029,,-0.0002,-0.0976,1.6799,-0.3013,-0.1912,-0.1329,0.0237,-0.1084,0.0151,1,0.00,0.001,0.029,0.002,,0.0117,-0.1264,1.7171,-0.3011,0.1880,-0.1279
3.305,628,tripod,0.3783,-0.1429,0.1399,-0.0122,0.0204,0.4536,-0.0028,-0.0040,0.0412,0.0187,-0.0116,-0.0008,0.000,0.000,-0.0111,0.0186,-0.0122,0.0204,0.4536,0.1248,0,0.7263,-0.1873,0.0156,1,0.00,0.001,0.028,0.005,,-0.0109,-0.1679,1.7714,0.2959,-0.1910,-0.1207,0.5604,0.1536,0.0147,1,5.96,0.086,1.003,0.016,,-0.0002,-0.1897,1.7967,0.2961,0.1882,-0.1169,0.5257,-0.4573,0.0152,1,0.00,0.001,0.028,0.006,,-0.0118,-0.1200,1.7116,-0.0027,-0.3456,-0.1290,0.2244,0.1615,0.0156,1,0.00,0.001,0.028,0.004,,0.0104,-0.1708,1.7738,-0.0024,0.3426,-0.1202,0.1896,-0.4494,0.0148,1,5.83,0.095,1.031,0.034,,-0.0001,-0.0936,1.6766,-0.3013,-0.1912,-0.1336,0.0237,-0.1084,0.0150,1,0.00,0.001,0.027,0.007,,0.0115,-0.1213,1.7129,-0.3010,0.1880,-0.1288
3.325,632,tripod,0.3783,-0.1429,0.1405,-0.0125,0.0209,0.4536,-0.0094,0.0074,0.0270,-0.0598,-0.0827,0.0041,0.000,0.000,-0.0109,0.0186,-0.0125,0.0209,0.4536,0.1255,0,0.7263,-0.1873,0.0149,1,14.61,0.326,1.809,0.695,,-0.0108,-0.1609,1.7656,0.2959,-0.1910,-0.1219,0.5604,0.1536,0.0147,1,0.00,0.026,0.102,0.001,,-0.0002,-0.1880,1.7952,0.2961,0.1882,-0.1172,0.5257,-0.4573,0.0148,1,0.00,0.023,0.082,0.007,,-0.0116,-0.1146,1.7071,-0.0027,-0.3456,-0.1300,0.2244,0.1615,0.0151,1,0.00,0.029,0.038,0.007,,0.0103,-0.1641,1.7683,-0.0023,0.3426,-0.1213,0.1896,-0.4494,0.0153,1,0.00,0.018,0.029,0.003,,-0.0001,-0.0925,1.6761,-0.3012,-0.1911,-0.1338,0.0237,-0.1084,0.0149,1,10.18,0.331,2.028,0.306,,0.0113,-0.1171,1.7094,-0.3010,0.1880,-0.1295
3.346,636,tripod,0.3782,-0.1431,0.1412,-0.0114,0.0193,0.4536,-0.0002,-0.0034,0.0503,0.0272,0.0016,0.0013,0.000,0.000,-0.0108,0.0182,-0.0114,0.0193,0.4536,0.1261,0,0.7263,-0.1874,0.0148,1,4.15,0.342,0.690,0.013,,-0.0107,-0.1550,1.7606,0.2959,-0.1909,-0.1229,0.5604,0.1536,0.0162,1,0.00,0.008,0.029,0.000,,-0.0002,-0.1888,1.7956,0.2962,0.1882,-0.1171,0.5257,-0.4573,0.0149,1,0.00,0.015,0.036,0.001,,-0.0115,-0.1127,1.7055,-0.0026,-0.3456,-0.1303,0.2243,0.1615,0.0148,1,4.42,0.165,0.682,0.083,,0.0102,-0.1570,1.7623,-0.0023,0.3427,-0.1226,0.1896,-0.4493,0.0149,1,4.61,0.173,0.861,0.098,,-0.0001,-0.0895,1.6738,-0.3012,-0.1911,-0.1343,0.0237,-0.1084,0.0151,1,0.00,0.005,0.039,0.001,,0.0112,-0.1158,1.7085,-0.3009,0.1880,-0.1298
3.367,640,tripod,0.3782,-0.1432,0.1419,-0.0111,0.0193,0.4536,0.0039,-0.0013,0.0379,0.0038,0.0368,-0.0007,0.000,0.000,-0.0105,0.0177,-0.0111,0.0193,0.4536,0.1267,0,0.7263,-0.1874,0.0148,1,7.22,0.009,1.246,0.012,,-0.0105,-0.1511,1.7572,0.2960,-0.1909,-0.1236,0.5604,0.1536,0.0165,1,0.00,0.008,0.023,0.004,,-0.0002,-0.1856,1.7930,0.2962,0.1882,-0.1176,0.5257,-0.4573,0.0151,1,0.00,0.012,0.037,0.004,,-0.0113,-0.1099,1.7032,-0.0026,-0.3455,-0.1308,0.2243,0.1615,0.0148,1,0.00,0.012,0.041,0.005,,0.0101,-0.1523,1.7583,-0.0023,0.3427,-0.1234,0.1896,-0.4493,0.0148,1,0.00,0.007,0.053,0.002,,-0.0001,-0.0859,1.6707,-0.3011,-0.1911,-0.1350,0.0237,-0.1084,0.0150,1,8.59,0.035,1.189,0.302,,0.0110,-0.1106,1.7042,-0.3009,0.1880,-0.1306
3.388,644,tripod,0.3782,-0.1431,0.1422,-0.0115,0.0203,0.4536,0.0045,0.0045,0.0097,-0.0454,0.0393,-0.0003,0.000,0.000,-0.0103,0.0177,-0.0115,0.0203,0.4536,0.1272,0,0.7263,-0.1873,0.0147,1,2.95,0.132,0.438,0.040,,-0.0104,-0.1503,1.7564,0.2960,-0.1909,-0.1237,0.5604,0.1536,0.0156,1,0.00,0.000,0.028,0.007,,-0.0002,-0.1795,1.7880,0.2962,0.1882,-0.1186,0.5257,-0.4573,0.0149,1,3.16,0.008,0.521,0.002,,-0.0111,-0.1067,1.7006,-0.0026,-0.3455,-0.1313,0.2243,0.1615,0.0148,1,3.04,0.124,0.463,0.032,,0.0099,-0.1510,1.7571,-0.0023,0.3427,-0.1236,0.1897,-0.4493,0.0152,1,0.00,0.000,0.031,0.001,,-0.0001,-0.0840,1.6696,-0.3011,-0.1911,-0.1353,0.0237,-0.1084,0.0149,1,3.10,0.021,0.495,0.019,,0.0109,-0.1069,1.7011,-0.3009,0.1881,-0.1313
3.410,648,tripod,0.3782,-0.1431,0.1427,-0.0112,0.0199,0.4536,-0.0022,-0.0037,0.0542,0.0309,-0.0187,-0.0004,0.000,0.000,-0.0102,0.0180,-0.0112,0.0199,0.4536,0.1276,0,0.7264,-0.1873,0.0152,1,0.00,0.000,0.033,0.001,,-0.0102,-0.1509,1.7568,0.2961,-0.1909,-0.1236,0.5604,0.1536,0.0147,1,6.22,0.091,1.027,0.045,,-0.0002,-0.1716,1.7815,0.2962,0.1882,-0.1200,0.5257,-0.4573,0.0150,1,0.00,0.000,0.033,0.001,,-0.0110,-0.1055,1.6996,-0.0025,-0.3455,-0.1315,0.2244,0.1616,0.0153,1,0.00,0.000,0.032,0.001,,0.0098,-0.1512,1.7572,-0.0022,0.3427,-0.1235,0.1897,-0.4493,0.0148,1,6.19,0.068,1.039,0.029,,-0.0001,-0.0796,1.6658,-0.3010,-0.1910,-0.1361,0.0237,-0.1084,0.0150,1,0.00,0.000,0.033,0.001,,0.0107,-0.1055,1.6999,-0.3008,0.1881,-0.1315
3.430,652,tripod,0.3782,-0.1432,0.1435,-0.0109,0.0195,0.4536,-0.0016,-0.0028,0.0424,0.0215,-0.0141,-0.0001,0.000,0.000,-0.0101,0.0179,-0.0109,0.0195,0.4536,0.1283,0,0.7264,-0.1873,0.0158,1,0.00,0.001,0.029,0.003,,-0.0101,-0.1484,1.7548,0.2961,-0.1909,-0.1240,0.5604,0.1536,0.0147,1,5.95,0.097,0.975,0.048,,-0.0002,-0.1656,1.7764,0.2963,0.1883,-0.1210,0.5257,-0.4572,0.0152,1,0.00,0.001,0.028,0.006,,-0.0109,-0.1016,1.6963,-0.0025,-0.3455,-0.1322,0.2244,0.1616,0.0158,1,0.00,0.001,0.029,0.004,,0.0098,-0.1486,1.7550,-0.0022,0.3427,-0.1240,0.1896,-0.4493,0.0147,1,5.82,0.086,1.001,0.003,,-0.0001,-0.0756,1.6622,-0.3010,-0.1910,-0.1368,0.0237,-0.1084,0.0152,1,0.00,0.001,0.029,0.006,,0.0106,-0.1015,1.6964,-0.3008,0.1881,-0.1322
3.451,656,tripod,0.3783,-0.1432,0.1441,-0.0109,0.0199,0.4536,0.0038,0.0048,0.0140,-0.0397,0.0252,-0.0002,0.000,0.000,-0.0099,0.0177,-0.0109,0.0199,0.4536,0.1291,0,0.7264,-0.1873,0.0153,1,0.00,0.004,0.021,0.007,,-0.0101,-0.1421,1.7496,0.2961,-0.1909,-0.1251,0.5604,0.1536,0.0146,1,3.24,0.019,0.468,0.087,,-0.0001,-0.1626,1.7739,0.2963,0.1883,-0.1216,0.5257,-0.4572,0.0148,1,3.47,0.067,0.592,0.002,,-0.0109,-0.0961,1.6916,-0.0025,-0.3455,-0.1332,0.2244,0.1616,0.0155,1,0.00,0.004,0.021,0.008,,0.0098,-0.1423,1.7496,-0.0022,0.3427,-0.1251,0.1897,-0.4493,0.0151,1,0.00,0.001,0.024,0.001,,-0.0001,-0.0740,1.6610,-0.3010,-0.1910,-0.1370,0.0237,-0.1084,0.0149,1,3.23,0.058,0.518,0.033,,0.0106,-0.0960,1.6916,-0.3008,0.1881,-0.1332
