ISO-10303-21;
HEADER;
/* Generated by software containing ST-Developer
 * from STEP Tools, Inc. (www.steptools.com) 
 */
/* OPTION: using custom schema-name function */

FILE_DESCRIPTION(
/* description */ (''),
/* implementation_level */ '2;1');

FILE_NAME(
/* name */ 'CAM-IMX296Color-2',
/* time_stamp */ '2025-07-23T14:26:22+08:00',
/* author */ (''),
/* organization */ (''),
/* preprocessor_version */ 'ST-DEVELOPER v16.5',
/* originating_system */ '',
/* authorisation */ '');

FILE_SCHEMA (('CONFIG_CONTROL_DESIGN'));
ENDSEC;

DATA;
#10=SHAPE_REPRESENTATION_RELATIONSHIP('','',#5369,#68);
#11=SHAPE_REPRESENTATION_RELATIONSHIP('','',#5369,#26);
#12=SHELL_BASED_SURFACE_MODEL('shell_1',(#27));
#13=SHELL_BASED_SURFACE_MODEL('shell_2',(#28));
#14=SHELL_BASED_SURFACE_MODEL('shell_3',(#29));
#15=SHELL_BASED_SURFACE_MODEL('shell_4',(#30));
#16=SHELL_BASED_SURFACE_MODEL('shell_5',(#31));
#17=SHELL_BASED_SURFACE_MODEL('shell_6',(#32));
#18=SHELL_BASED_SURFACE_MODEL('shell_7',(#33));
#19=SHELL_BASED_SURFACE_MODEL('shell_8',(#34));
#20=SHELL_BASED_SURFACE_MODEL('shell_9',(#35));
#21=SHELL_BASED_SURFACE_MODEL('shell_10',(#36));
#22=SHELL_BASED_SURFACE_MODEL('shell_11',(#37));
#23=SHELL_BASED_SURFACE_MODEL('shell_12',(#38));
#24=SHELL_BASED_SURFACE_MODEL('shell_13',(#39));
#25=SHELL_BASED_SURFACE_MODEL('shell_14',(#40));
#26=MANIFOLD_SURFACE_SHAPE_REPRESENTATION('shell_rep_0',(#12,#13,#14,#15,
#16,#17,#18,#19,#20,#21,#22,#23,#24,#25,#5681),#5368);
#27=OPEN_SHELL('',(#162));
#28=OPEN_SHELL('',(#163));
#29=OPEN_SHELL('',(#170,#171,#172,#173,#174,#175));
#30=OPEN_SHELL('',(#300,#301,#302,#303,#304,#305,#306,#307,#308,#309,#310,
#311,#312,#313,#314,#315,#316,#317,#318,#319,#320,#321,#322,#323));
#31=OPEN_SHELL('',(#324,#325));
#32=OPEN_SHELL('',(#326,#327));
#33=OPEN_SHELL('',(#328,#329));
#34=OPEN_SHELL('',(#330,#331));
#35=OPEN_SHELL('',(#332,#333));
#36=OPEN_SHELL('',(#334,#335));
#37=OPEN_SHELL('',(#336,#337));
#38=OPEN_SHELL('',(#338,#339));
#39=OPEN_SHELL('',(#376));
#40=OPEN_SHELL('',(#377));
#41=MANIFOLD_SOLID_BREP('brep_1',#69);
#42=MANIFOLD_SOLID_BREP('brep_2',#70);
#43=MANIFOLD_SOLID_BREP('brep_3',#71);
#44=MANIFOLD_SOLID_BREP('brep_4',#72);
#45=MANIFOLD_SOLID_BREP('brep_5',#73);
#46=MANIFOLD_SOLID_BREP('brep_6',#74);
#47=MANIFOLD_SOLID_BREP('brep_7',#75);
#48=MANIFOLD_SOLID_BREP('brep_8',#76);
#49=MANIFOLD_SOLID_BREP('brep_9',#77);
#50=MANIFOLD_SOLID_BREP('brep_10',#78);
#51=MANIFOLD_SOLID_BREP('brep_11',#79);
#52=MANIFOLD_SOLID_BREP('brep_12',#80);
#53=MANIFOLD_SOLID_BREP('brep_13',#81);
#54=MANIFOLD_SOLID_BREP('brep_14',#82);
#55=MANIFOLD_SOLID_BREP('brep_15',#83);
#56=MANIFOLD_SOLID_BREP('brep_16',#84);
#57=MANIFOLD_SOLID_BREP('brep_17',#85);
#58=MANIFOLD_SOLID_BREP('brep_18',#86);
#59=MANIFOLD_SOLID_BREP('brep_19',#87);
#60=MANIFOLD_SOLID_BREP('brep_20',#88);
#61=MANIFOLD_SOLID_BREP('brep_21',#89);
#62=MANIFOLD_SOLID_BREP('brep_22',#90);
#63=MANIFOLD_SOLID_BREP('brep_23',#91);
#64=MANIFOLD_SOLID_BREP('brep_24',#92);
#65=MANIFOLD_SOLID_BREP('brep_25',#93);
#66=MANIFOLD_SOLID_BREP('brep_26',#94);
#67=MANIFOLD_SOLID_BREP('brep_27',#95);
#68=ADVANCED_BREP_SHAPE_REPRESENTATION('brep_rep_0',(#41,#42,#43,#44,#45,
#46,#47,#48,#49,#50,#51,#52,#53,#54,#55,#56,#57,#58,#59,#60,#61,#62,#63,
#64,#65,#66,#67,#5680),#5368);
#69=CLOSED_SHELL('',(#96,#97,#98,#99,#100,#101,#102,#103,#104,#105,#106,
#107,#108,#109,#110,#111,#112,#113,#114,#115,#116,#117,#118,#119,#120,#121,
#122,#123,#124,#125,#126,#127,#128,#129,#130,#131,#132,#133,#134,#135,#136,
#137,#138,#139,#140,#141,#142,#143,#144,#145,#146,#147,#148,#149,#150,#151,
#152,#153,#154,#155,#156,#157,#158,#159,#160,#161));
#70=CLOSED_SHELL('',(#164,#165,#166,#167,#168,#169));
#71=CLOSED_SHELL('',(#176,#177,#178,#179,#180,#181));
#72=CLOSED_SHELL('',(#182,#183,#184,#185,#186,#187));
#73=CLOSED_SHELL('',(#188,#189,#190,#191,#192,#193));
#74=CLOSED_SHELL('',(#194,#195,#196,#197,#198,#199));
#75=CLOSED_SHELL('',(#200,#201,#202,#203,#204,#205));
#76=CLOSED_SHELL('',(#206,#207,#208,#209,#210,#211));
#77=CLOSED_SHELL('',(#212,#213,#214,#215,#216,#217));
#78=CLOSED_SHELL('',(#218,#219,#220,#221,#222,#223));
#79=CLOSED_SHELL('',(#224,#225,#226,#227,#228,#229));
#80=CLOSED_SHELL('',(#230,#231,#232,#233,#234,#235));
#81=CLOSED_SHELL('',(#236,#237,#238,#239,#240,#241));
#82=CLOSED_SHELL('',(#242,#243,#244,#245,#246,#247));
#83=CLOSED_SHELL('',(#248,#249,#250,#251,#252,#253));
#84=CLOSED_SHELL('',(#254,#255,#256,#257,#258,#259));
#85=CLOSED_SHELL('',(#260,#261,#262,#263,#264,#265));
#86=CLOSED_SHELL('',(#266,#267,#268,#269,#270,#271,#272,#273,#274,#275,
#276,#277,#278,#279,#280,#281,#282,#283,#284,#285));
#87=CLOSED_SHELL('',(#286,#287,#288,#289,#290,#291,#292,#293,#294,#295,
#296,#297,#298,#299));
#88=CLOSED_SHELL('',(#340,#341,#342,#343,#344,#345));
#89=CLOSED_SHELL('',(#346,#347,#348,#349,#350,#351));
#90=CLOSED_SHELL('',(#352,#353,#354,#355,#356,#357));
#91=CLOSED_SHELL('',(#358,#359,#360,#361,#362,#363));
#92=CLOSED_SHELL('',(#364,#365,#366,#367,#368,#369));
#93=CLOSED_SHELL('',(#370,#371,#372,#373,#374,#375));
#94=CLOSED_SHELL('',(#378,#379,#380,#381,#382,#383,#384,#385,#386,#387,
#388,#389,#390,#391,#392,#393,#394,#395,#396,#397,#398,#399,#400,#401,#402,
#403,#404,#405));
#95=CLOSED_SHELL('',(#406,#407,#408,#409,#410,#411,#412,#413,#414,#415,
#416,#417,#418,#419,#420,#421,#422,#423,#424,#425,#426,#427,#428,#429,#430,
#431,#432,#433));
#96=ADVANCED_FACE('',(#471,#434,#435,#436),#5082,.T.);
#97=ADVANCED_FACE('',(#472,#437),#5083,.T.);
#98=ADVANCED_FACE('',(#473),#5084,.T.);
#99=ADVANCED_FACE('',(#474),#4974,.T.);
#100=ADVANCED_FACE('',(#475),#5085,.T.);
#101=ADVANCED_FACE('',(#476),#4975,.T.);
#102=ADVANCED_FACE('',(#477),#5086,.T.);
#103=ADVANCED_FACE('',(#478),#4976,.T.);
#104=ADVANCED_FACE('',(#479),#5087,.T.);
#105=ADVANCED_FACE('',(#480),#4977,.T.);
#106=ADVANCED_FACE('',(#481),#4978,.T.);
#107=ADVANCED_FACE('',(#482),#4979,.T.);
#108=ADVANCED_FACE('',(#483),#5088,.T.);
#109=ADVANCED_FACE('',(#484),#4980,.T.);
#110=ADVANCED_FACE('',(#485),#5089,.T.);
#111=ADVANCED_FACE('',(#486),#4981,.T.);
#112=ADVANCED_FACE('',(#487),#5090,.T.);
#113=ADVANCED_FACE('',(#488),#4982,.T.);
#114=ADVANCED_FACE('',(#489),#5091,.T.);
#115=ADVANCED_FACE('',(#490),#4983,.T.);
#116=ADVANCED_FACE('',(#491),#5092,.T.);
#117=ADVANCED_FACE('',(#492),#4984,.T.);
#118=ADVANCED_FACE('',(#493),#5093,.T.);
#119=ADVANCED_FACE('',(#494),#4985,.T.);
#120=ADVANCED_FACE('',(#495),#5094,.T.);
#121=ADVANCED_FACE('',(#496),#4986,.T.);
#122=ADVANCED_FACE('',(#497),#5095,.T.);
#123=ADVANCED_FACE('',(#498),#4987,.T.);
#124=ADVANCED_FACE('',(#499),#5096,.T.);
#125=ADVANCED_FACE('',(#500),#4988,.T.);
#126=ADVANCED_FACE('',(#501),#5097,.T.);
#127=ADVANCED_FACE('',(#502,#438,#439,#440),#5098,.T.);
#128=ADVANCED_FACE('',(#503),#4946,.T.);
#129=ADVANCED_FACE('',(#504),#4989,.T.);
#130=ADVANCED_FACE('',(#505),#4947,.T.);
#131=ADVANCED_FACE('',(#506),#4990,.T.);
#132=ADVANCED_FACE('',(#507),#4948,.T.);
#133=ADVANCED_FACE('',(#508),#4991,.T.);
#134=ADVANCED_FACE('',(#509),#4949,.T.);
#135=ADVANCED_FACE('',(#510),#4992,.T.);
#136=ADVANCED_FACE('',(#511),#4950,.T.);
#137=ADVANCED_FACE('',(#512),#4993,.T.);
#138=ADVANCED_FACE('',(#513),#4951,.T.);
#139=ADVANCED_FACE('',(#514),#4994,.T.);
#140=ADVANCED_FACE('',(#515),#4952,.T.);
#141=ADVANCED_FACE('',(#516),#4995,.T.);
#142=ADVANCED_FACE('',(#517),#4953,.T.);
#143=ADVANCED_FACE('',(#518),#4996,.T.);
#144=ADVANCED_FACE('',(#519),#4954,.T.);
#145=ADVANCED_FACE('',(#520),#4997,.T.);
#146=ADVANCED_FACE('',(#521),#4955,.T.);
#147=ADVANCED_FACE('',(#522),#4998,.T.);
#148=ADVANCED_FACE('',(#523),#4999,.T.);
#149=ADVANCED_FACE('',(#524),#5000,.T.);
#150=ADVANCED_FACE('',(#525),#4956,.T.);
#151=ADVANCED_FACE('',(#526),#4957,.T.);
#152=ADVANCED_FACE('',(#527),#5001,.T.);
#153=ADVANCED_FACE('',(#528,#441),#5099,.T.);
#154=ADVANCED_FACE('',(#529),#4958,.T.);
#155=ADVANCED_FACE('',(#530),#5002,.T.);
#156=ADVANCED_FACE('',(#531),#5003,.T.);
#157=ADVANCED_FACE('',(#532),#5004,.T.);
#158=ADVANCED_FACE('',(#533),#4959,.T.);
#159=ADVANCED_FACE('',(#534),#4960,.T.);
#160=ADVANCED_FACE('',(#535),#5005,.T.);
#161=ADVANCED_FACE('',(#536),#4961,.T.);
#162=ADVANCED_FACE('',(#537),#5100,.T.);
#163=ADVANCED_FACE('',(#538),#5101,.T.);
#164=ADVANCED_FACE('',(#539),#5102,.T.);
#165=ADVANCED_FACE('',(#540),#5103,.T.);
#166=ADVANCED_FACE('',(#541),#5104,.T.);
#167=ADVANCED_FACE('',(#542),#5105,.T.);
#168=ADVANCED_FACE('',(#543),#5106,.T.);
#169=ADVANCED_FACE('',(#544),#5107,.T.);
#170=ADVANCED_FACE('',(#545),#5108,.T.);
#171=ADVANCED_FACE('',(#546),#5109,.T.);
#172=ADVANCED_FACE('',(#547),#5110,.T.);
#173=ADVANCED_FACE('',(#548),#5111,.T.);
#174=ADVANCED_FACE('',(#549),#5112,.T.);
#175=ADVANCED_FACE('',(#550,#442),#5113,.T.);
#176=ADVANCED_FACE('',(#551),#5114,.T.);
#177=ADVANCED_FACE('',(#552),#5115,.T.);
#178=ADVANCED_FACE('',(#553),#5116,.T.);
#179=ADVANCED_FACE('',(#554),#5117,.T.);
#180=ADVANCED_FACE('',(#555),#5118,.T.);
#181=ADVANCED_FACE('',(#556),#5119,.T.);
#182=ADVANCED_FACE('',(#557),#5120,.T.);
#183=ADVANCED_FACE('',(#558),#5121,.T.);
#184=ADVANCED_FACE('',(#559),#5122,.T.);
#185=ADVANCED_FACE('',(#560),#5123,.T.);
#186=ADVANCED_FACE('',(#561),#5124,.T.);
#187=ADVANCED_FACE('',(#562),#5125,.T.);
#188=ADVANCED_FACE('',(#563),#5126,.T.);
#189=ADVANCED_FACE('',(#564),#5127,.T.);
#190=ADVANCED_FACE('',(#565),#5128,.T.);
#191=ADVANCED_FACE('',(#566),#5129,.T.);
#192=ADVANCED_FACE('',(#567),#5130,.T.);
#193=ADVANCED_FACE('',(#568),#5131,.T.);
#194=ADVANCED_FACE('',(#569),#5132,.T.);
#195=ADVANCED_FACE('',(#570),#5133,.T.);
#196=ADVANCED_FACE('',(#571),#5134,.T.);
#197=ADVANCED_FACE('',(#572),#5135,.T.);
#198=ADVANCED_FACE('',(#573),#5136,.T.);
#199=ADVANCED_FACE('',(#574),#5137,.T.);
#200=ADVANCED_FACE('',(#575),#5138,.T.);
#201=ADVANCED_FACE('',(#576),#5139,.T.);
#202=ADVANCED_FACE('',(#577),#5140,.T.);
#203=ADVANCED_FACE('',(#578),#5141,.T.);
#204=ADVANCED_FACE('',(#579),#5142,.T.);
#205=ADVANCED_FACE('',(#580),#5143,.T.);
#206=ADVANCED_FACE('',(#581),#5144,.T.);
#207=ADVANCED_FACE('',(#582),#5145,.T.);
#208=ADVANCED_FACE('',(#583),#5146,.T.);
#209=ADVANCED_FACE('',(#584),#5147,.T.);
#210=ADVANCED_FACE('',(#585),#5148,.T.);
#211=ADVANCED_FACE('',(#586),#5149,.T.);
#212=ADVANCED_FACE('',(#587),#5150,.T.);
#213=ADVANCED_FACE('',(#588),#5151,.T.);
#214=ADVANCED_FACE('',(#589),#5152,.T.);
#215=ADVANCED_FACE('',(#590),#5153,.T.);
#216=ADVANCED_FACE('',(#591),#5154,.T.);
#217=ADVANCED_FACE('',(#592),#5155,.T.);
#218=ADVANCED_FACE('',(#593),#5156,.T.);
#219=ADVANCED_FACE('',(#594),#5157,.T.);
#220=ADVANCED_FACE('',(#595),#5158,.T.);
#221=ADVANCED_FACE('',(#596),#5159,.T.);
#222=ADVANCED_FACE('',(#597),#5160,.T.);
#223=ADVANCED_FACE('',(#598),#5161,.T.);
#224=ADVANCED_FACE('',(#599),#5162,.T.);
#225=ADVANCED_FACE('',(#600),#5163,.T.);
#226=ADVANCED_FACE('',(#601),#5164,.T.);
#227=ADVANCED_FACE('',(#602),#5165,.T.);
#228=ADVANCED_FACE('',(#603),#5166,.T.);
#229=ADVANCED_FACE('',(#604),#5167,.T.);
#230=ADVANCED_FACE('',(#605),#5168,.T.);
#231=ADVANCED_FACE('',(#606),#5169,.T.);
#232=ADVANCED_FACE('',(#607),#5170,.T.);
#233=ADVANCED_FACE('',(#608),#5171,.T.);
#234=ADVANCED_FACE('',(#609),#5172,.T.);
#235=ADVANCED_FACE('',(#610),#5173,.T.);
#236=ADVANCED_FACE('',(#611),#5174,.T.);
#237=ADVANCED_FACE('',(#612),#5175,.T.);
#238=ADVANCED_FACE('',(#613),#5176,.T.);
#239=ADVANCED_FACE('',(#614),#5177,.T.);
#240=ADVANCED_FACE('',(#615),#5178,.T.);
#241=ADVANCED_FACE('',(#616),#5179,.T.);
#242=ADVANCED_FACE('',(#617),#5180,.T.);
#243=ADVANCED_FACE('',(#618),#5181,.T.);
#244=ADVANCED_FACE('',(#619),#5182,.T.);
#245=ADVANCED_FACE('',(#620),#5183,.T.);
#246=ADVANCED_FACE('',(#621),#5184,.T.);
#247=ADVANCED_FACE('',(#622),#5185,.T.);
#248=ADVANCED_FACE('',(#623),#5186,.T.);
#249=ADVANCED_FACE('',(#624),#5187,.T.);
#250=ADVANCED_FACE('',(#625),#5188,.T.);
#251=ADVANCED_FACE('',(#626),#5189,.T.);
#252=ADVANCED_FACE('',(#627),#5190,.T.);
#253=ADVANCED_FACE('',(#628),#5191,.T.);
#254=ADVANCED_FACE('',(#629),#5192,.T.);
#255=ADVANCED_FACE('',(#630),#5193,.T.);
#256=ADVANCED_FACE('',(#631),#5194,.T.);
#257=ADVANCED_FACE('',(#632),#5195,.T.);
#258=ADVANCED_FACE('',(#633),#5196,.T.);
#259=ADVANCED_FACE('',(#634),#5197,.T.);
#260=ADVANCED_FACE('',(#635),#5198,.T.);
#261=ADVANCED_FACE('',(#636),#5199,.T.);
#262=ADVANCED_FACE('',(#637),#5200,.T.);
#263=ADVANCED_FACE('',(#638),#5201,.T.);
#264=ADVANCED_FACE('',(#639),#5202,.T.);
#265=ADVANCED_FACE('',(#640),#5203,.T.);
#266=ADVANCED_FACE('',(#641),#5204,.T.);
#267=ADVANCED_FACE('',(#642),#5205,.T.);
#268=ADVANCED_FACE('',(#643),#5206,.T.);
#269=ADVANCED_FACE('',(#644),#5218,.T.);
#270=ADVANCED_FACE('',(#645),#5219,.T.);
#271=ADVANCED_FACE('',(#646),#5207,.T.);
#272=ADVANCED_FACE('',(#647),#5220,.T.);
#273=ADVANCED_FACE('',(#648),#5208,.T.);
#274=ADVANCED_FACE('',(#649),#5209,.T.);
#275=ADVANCED_FACE('',(#650),#5210,.T.);
#276=ADVANCED_FACE('',(#651),#5222,.T.);
#277=ADVANCED_FACE('',(#652),#5212,.T.);
#278=ADVANCED_FACE('',(#653),#5213,.T.);
#279=ADVANCED_FACE('',(#654),#5208,.T.);
#280=ADVANCED_FACE('',(#655),#5214,.T.);
#281=ADVANCED_FACE('',(#656),#5221,.T.);
#282=ADVANCED_FACE('',(#657),#5211,.T.);
#283=ADVANCED_FACE('',(#658),#5215,.T.);
#284=ADVANCED_FACE('',(#659),#5216,.T.);
#285=ADVANCED_FACE('',(#660),#5217,.T.);
#286=ADVANCED_FACE('',(#661),#5223,.T.);
#287=ADVANCED_FACE('',(#662),#5224,.T.);
#288=ADVANCED_FACE('',(#663),#5225,.T.);
#289=ADVANCED_FACE('',(#664),#5226,.T.);
#290=ADVANCED_FACE('',(#665),#5227,.T.);
#291=ADVANCED_FACE('',(#666),#5228,.T.);
#292=ADVANCED_FACE('',(#667),#5229,.T.);
#293=ADVANCED_FACE('',(#668),#5230,.T.);
#294=ADVANCED_FACE('',(#669),#5231,.T.);
#295=ADVANCED_FACE('',(#670),#5232,.T.);
#296=ADVANCED_FACE('',(#671),#5233,.T.);
#297=ADVANCED_FACE('',(#672),#5234,.T.);
#298=ADVANCED_FACE('',(#673),#5235,.T.);
#299=ADVANCED_FACE('',(#674),#5236,.T.);
#300=ADVANCED_FACE('',(#675),#5006,.T.);
#301=ADVANCED_FACE('',(#676),#5237,.T.);
#302=ADVANCED_FACE('',(#677),#5007,.T.);
#303=ADVANCED_FACE('',(#678),#5238,.T.);
#304=ADVANCED_FACE('',(#679),#5008,.T.);
#305=ADVANCED_FACE('',(#680),#5239,.T.);
#306=ADVANCED_FACE('',(#681),#5009,.T.);
#307=ADVANCED_FACE('',(#682),#5240,.T.);
#308=ADVANCED_FACE('',(#683),#4962,.T.);
#309=ADVANCED_FACE('',(#684),#5010,.T.);
#310=ADVANCED_FACE('',(#685),#4963,.T.);
#311=ADVANCED_FACE('',(#686),#5011,.T.);
#312=ADVANCED_FACE('',(#687),#4964,.T.);
#313=ADVANCED_FACE('',(#688),#5012,.T.);
#314=ADVANCED_FACE('',(#689),#4965,.T.);
#315=ADVANCED_FACE('',(#690),#5013,.T.);
#316=ADVANCED_FACE('',(#691),#4966,.T.);
#317=ADVANCED_FACE('',(#692),#5014,.T.);
#318=ADVANCED_FACE('',(#693),#4967,.T.);
#319=ADVANCED_FACE('',(#694),#5015,.T.);
#320=ADVANCED_FACE('',(#695),#4968,.T.);
#321=ADVANCED_FACE('',(#696),#5016,.T.);
#322=ADVANCED_FACE('',(#697),#4969,.T.);
#323=ADVANCED_FACE('',(#698),#5017,.T.);
#324=ADVANCED_FACE('',(#699),#5018,.T.);
#325=ADVANCED_FACE('',(#700),#5019,.T.);
#326=ADVANCED_FACE('',(#701),#5020,.T.);
#327=ADVANCED_FACE('',(#702),#5021,.T.);
#328=ADVANCED_FACE('',(#703),#5022,.T.);
#329=ADVANCED_FACE('',(#704),#5023,.T.);
#330=ADVANCED_FACE('',(#705),#5024,.T.);
#331=ADVANCED_FACE('',(#706),#5025,.T.);
#332=ADVANCED_FACE('',(#707),#5026,.T.);
#333=ADVANCED_FACE('',(#708),#5027,.T.);
#334=ADVANCED_FACE('',(#709),#5028,.T.);
#335=ADVANCED_FACE('',(#710),#5029,.T.);
#336=ADVANCED_FACE('',(#711),#5030,.T.);
#337=ADVANCED_FACE('',(#712),#5031,.T.);
#338=ADVANCED_FACE('',(#713),#5032,.T.);
#339=ADVANCED_FACE('',(#714),#5033,.T.);
#340=ADVANCED_FACE('',(#715),#5034,.T.);
#341=ADVANCED_FACE('',(#716,#443),#5241,.T.);
#342=ADVANCED_FACE('',(#717,#444),#5242,.T.);
#343=ADVANCED_FACE('',(#718),#5035,.T.);
#344=ADVANCED_FACE('',(#719),#5036,.T.);
#345=ADVANCED_FACE('',(#720),#5037,.T.);
#346=ADVANCED_FACE('',(#721),#5038,.T.);
#347=ADVANCED_FACE('',(#722,#445),#5243,.T.);
#348=ADVANCED_FACE('',(#723,#446),#5244,.T.);
#349=ADVANCED_FACE('',(#724),#5039,.T.);
#350=ADVANCED_FACE('',(#725),#5040,.T.);
#351=ADVANCED_FACE('',(#726),#5041,.T.);
#352=ADVANCED_FACE('',(#727),#5042,.T.);
#353=ADVANCED_FACE('',(#728,#447),#5245,.T.);
#354=ADVANCED_FACE('',(#729,#448),#5246,.T.);
#355=ADVANCED_FACE('',(#730),#5043,.T.);
#356=ADVANCED_FACE('',(#731),#5044,.T.);
#357=ADVANCED_FACE('',(#732),#5045,.T.);
#358=ADVANCED_FACE('',(#733),#5046,.T.);
#359=ADVANCED_FACE('',(#734,#449),#5247,.T.);
#360=ADVANCED_FACE('',(#735,#450),#5248,.T.);
#361=ADVANCED_FACE('',(#736),#5047,.T.);
#362=ADVANCED_FACE('',(#737),#5048,.T.);
#363=ADVANCED_FACE('',(#738),#5049,.T.);
#364=ADVANCED_FACE('',(#739),#5050,.T.);
#365=ADVANCED_FACE('',(#740,#451),#5249,.T.);
#366=ADVANCED_FACE('',(#741,#452),#5250,.T.);
#367=ADVANCED_FACE('',(#742),#5051,.T.);
#368=ADVANCED_FACE('',(#743),#5052,.T.);
#369=ADVANCED_FACE('',(#744),#5053,.T.);
#370=ADVANCED_FACE('',(#745),#5054,.T.);
#371=ADVANCED_FACE('',(#746,#453),#5251,.T.);
#372=ADVANCED_FACE('',(#747,#454),#5252,.T.);
#373=ADVANCED_FACE('',(#748),#5055,.T.);
#374=ADVANCED_FACE('',(#749),#5056,.T.);
#375=ADVANCED_FACE('',(#750),#5057,.T.);
#376=ADVANCED_FACE('',(#751,#455,#456,#457,#458,#459,#460,#461,#462),#5253,
 .T.);
#377=ADVANCED_FACE('',(#752,#463,#464,#465,#466,#467,#468,#469,#470),#5254,
 .T.);
#378=ADVANCED_FACE('',(#753),#4970,.T.);
#379=ADVANCED_FACE('',(#754),#5255,.T.);
#380=ADVANCED_FACE('',(#755),#5058,.T.);
#381=ADVANCED_FACE('',(#756),#5256,.T.);
#382=ADVANCED_FACE('',(#757),#5059,.T.);
#383=ADVANCED_FACE('',(#758),#5257,.T.);
#384=ADVANCED_FACE('',(#759),#5060,.T.);
#385=ADVANCED_FACE('',(#760),#5258,.T.);
#386=ADVANCED_FACE('',(#761),#5061,.T.);
#387=ADVANCED_FACE('',(#762),#5259,.T.);
#388=ADVANCED_FACE('',(#763),#5062,.T.);
#389=ADVANCED_FACE('',(#764),#5260,.T.);
#390=ADVANCED_FACE('',(#765),#5063,.T.);
#391=ADVANCED_FACE('',(#766),#5261,.T.);
#392=ADVANCED_FACE('',(#767),#5064,.T.);
#393=ADVANCED_FACE('',(#768),#5262,.T.);
#394=ADVANCED_FACE('',(#769),#5065,.T.);
#395=ADVANCED_FACE('',(#770),#5263,.T.);
#396=ADVANCED_FACE('',(#771),#5066,.T.);
#397=ADVANCED_FACE('',(#772),#5264,.T.);
#398=ADVANCED_FACE('',(#773),#5067,.T.);
#399=ADVANCED_FACE('',(#774),#5265,.T.);
#400=ADVANCED_FACE('',(#775),#5068,.T.);
#401=ADVANCED_FACE('',(#776),#5266,.T.);
#402=ADVANCED_FACE('',(#777),#5069,.T.);
#403=ADVANCED_FACE('',(#778),#5267,.T.);
#404=ADVANCED_FACE('',(#779),#5268,.T.);
#405=ADVANCED_FACE('',(#780),#4971,.T.);
#406=ADVANCED_FACE('',(#781),#4972,.T.);
#407=ADVANCED_FACE('',(#782),#5269,.T.);
#408=ADVANCED_FACE('',(#783),#5070,.T.);
#409=ADVANCED_FACE('',(#784),#5270,.T.);
#410=ADVANCED_FACE('',(#785),#5071,.T.);
#411=ADVANCED_FACE('',(#786),#5271,.T.);
#412=ADVANCED_FACE('',(#787),#5072,.T.);
#413=ADVANCED_FACE('',(#788),#5272,.T.);
#414=ADVANCED_FACE('',(#789),#5073,.T.);
#415=ADVANCED_FACE('',(#790),#5273,.T.);
#416=ADVANCED_FACE('',(#791),#5074,.T.);
#417=ADVANCED_FACE('',(#792),#5274,.T.);
#418=ADVANCED_FACE('',(#793),#5075,.T.);
#419=ADVANCED_FACE('',(#794),#5275,.T.);
#420=ADVANCED_FACE('',(#795),#5076,.T.);
#421=ADVANCED_FACE('',(#796),#5276,.T.);
#422=ADVANCED_FACE('',(#797),#5077,.T.);
#423=ADVANCED_FACE('',(#798),#5277,.T.);
#424=ADVANCED_FACE('',(#799),#5078,.T.);
#425=ADVANCED_FACE('',(#800),#5278,.T.);
#426=ADVANCED_FACE('',(#801),#5079,.T.);
#427=ADVANCED_FACE('',(#802),#5279,.T.);
#428=ADVANCED_FACE('',(#803),#5080,.T.);
#429=ADVANCED_FACE('',(#804),#5280,.T.);
#430=ADVANCED_FACE('',(#805),#5081,.T.);
#431=ADVANCED_FACE('',(#806),#5281,.T.);
#432=ADVANCED_FACE('',(#807),#5282,.T.);
#433=ADVANCED_FACE('',(#808),#4973,.T.);
#434=FACE_BOUND('',#810,.T.);
#435=FACE_BOUND('',#811,.T.);
#436=FACE_BOUND('',#812,.T.);
#437=FACE_BOUND('',#814,.T.);
#438=FACE_BOUND('',#845,.T.);
#439=FACE_BOUND('',#846,.T.);
#440=FACE_BOUND('',#847,.T.);
#441=FACE_BOUND('',#874,.T.);
#442=FACE_BOUND('',#897,.T.);
#443=FACE_BOUND('',#1064,.T.);
#444=FACE_BOUND('',#1066,.T.);
#445=FACE_BOUND('',#1072,.T.);
#446=FACE_BOUND('',#1074,.T.);
#447=FACE_BOUND('',#1080,.T.);
#448=FACE_BOUND('',#1082,.T.);
#449=FACE_BOUND('',#1088,.T.);
#450=FACE_BOUND('',#1090,.T.);
#451=FACE_BOUND('',#1096,.T.);
#452=FACE_BOUND('',#1098,.T.);
#453=FACE_BOUND('',#1104,.T.);
#454=FACE_BOUND('',#1106,.T.);
#455=FACE_BOUND('',#1111,.T.);
#456=FACE_BOUND('',#1112,.T.);
#457=FACE_BOUND('',#1113,.T.);
#458=FACE_BOUND('',#1114,.T.);
#459=FACE_BOUND('',#1115,.T.);
#460=FACE_BOUND('',#1116,.T.);
#461=FACE_BOUND('',#1117,.T.);
#462=FACE_BOUND('',#1118,.T.);
#463=FACE_BOUND('',#1120,.T.);
#464=FACE_BOUND('',#1121,.T.);
#465=FACE_BOUND('',#1122,.T.);
#466=FACE_BOUND('',#1123,.T.);
#467=FACE_BOUND('',#1124,.T.);
#468=FACE_BOUND('',#1125,.T.);
#469=FACE_BOUND('',#1126,.T.);
#470=FACE_BOUND('',#1127,.T.);
#471=FACE_OUTER_BOUND('',#809,.T.);
#472=FACE_OUTER_BOUND('',#813,.T.);
#473=FACE_OUTER_BOUND('',#815,.T.);
#474=FACE_OUTER_BOUND('',#816,.T.);
#475=FACE_OUTER_BOUND('',#817,.T.);
#476=FACE_OUTER_BOUND('',#818,.T.);
#477=FACE_OUTER_BOUND('',#819,.T.);
#478=FACE_OUTER_BOUND('',#820,.T.);
#479=FACE_OUTER_BOUND('',#821,.T.);
#480=FACE_OUTER_BOUND('',#822,.T.);
#481=FACE_OUTER_BOUND('',#823,.T.);
#482=FACE_OUTER_BOUND('',#824,.T.);
#483=FACE_OUTER_BOUND('',#825,.T.);
#484=FACE_OUTER_BOUND('',#826,.T.);
#485=FACE_OUTER_BOUND('',#827,.T.);
#486=FACE_OUTER_BOUND('',#828,.T.);
#487=FACE_OUTER_BOUND('',#829,.T.);
#488=FACE_OUTER_BOUND('',#830,.T.);
#489=FACE_OUTER_BOUND('',#831,.T.);
#490=FACE_OUTER_BOUND('',#832,.T.);
#491=FACE_OUTER_BOUND('',#833,.T.);
#492=FACE_OUTER_BOUND('',#834,.T.);
#493=FACE_OUTER_BOUND('',#835,.T.);
#494=FACE_OUTER_BOUND('',#836,.T.);
#495=FACE_OUTER_BOUND('',#837,.T.);
#496=FACE_OUTER_BOUND('',#838,.T.);
#497=FACE_OUTER_BOUND('',#839,.T.);
#498=FACE_OUTER_BOUND('',#840,.T.);
#499=FACE_OUTER_BOUND('',#841,.T.);
#500=FACE_OUTER_BOUND('',#842,.T.);
#501=FACE_OUTER_BOUND('',#843,.T.);
#502=FACE_OUTER_BOUND('',#844,.T.);
#503=FACE_OUTER_BOUND('',#848,.T.);
#504=FACE_OUTER_BOUND('',#849,.T.);
#505=FACE_OUTER_BOUND('',#850,.T.);
#506=FACE_OUTER_BOUND('',#851,.T.);
#507=FACE_OUTER_BOUND('',#852,.T.);
#508=FACE_OUTER_BOUND('',#853,.T.);
#509=FACE_OUTER_BOUND('',#854,.T.);
#510=FACE_OUTER_BOUND('',#855,.T.);
#511=FACE_OUTER_BOUND('',#856,.T.);
#512=FACE_OUTER_BOUND('',#857,.T.);
#513=FACE_OUTER_BOUND('',#858,.T.);
#514=FACE_OUTER_BOUND('',#859,.T.);
#515=FACE_OUTER_BOUND('',#860,.T.);
#516=FACE_OUTER_BOUND('',#861,.T.);
#517=FACE_OUTER_BOUND('',#862,.T.);
#518=FACE_OUTER_BOUND('',#863,.T.);
#519=FACE_OUTER_BOUND('',#864,.T.);
#520=FACE_OUTER_BOUND('',#865,.T.);
#521=FACE_OUTER_BOUND('',#866,.T.);
#522=FACE_OUTER_BOUND('',#867,.T.);
#523=FACE_OUTER_BOUND('',#868,.T.);
#524=FACE_OUTER_BOUND('',#869,.T.);
#525=FACE_OUTER_BOUND('',#870,.T.);
#526=FACE_OUTER_BOUND('',#871,.T.);
#527=FACE_OUTER_BOUND('',#872,.T.);
#528=FACE_OUTER_BOUND('',#873,.T.);
#529=FACE_OUTER_BOUND('',#875,.T.);
#530=FACE_OUTER_BOUND('',#876,.T.);
#531=FACE_OUTER_BOUND('',#877,.T.);
#532=FACE_OUTER_BOUND('',#878,.T.);
#533=FACE_OUTER_BOUND('',#879,.T.);
#534=FACE_OUTER_BOUND('',#880,.T.);
#535=FACE_OUTER_BOUND('',#881,.T.);
#536=FACE_OUTER_BOUND('',#882,.T.);
#537=FACE_OUTER_BOUND('',#883,.T.);
#538=FACE_OUTER_BOUND('',#884,.T.);
#539=FACE_OUTER_BOUND('',#885,.T.);
#540=FACE_OUTER_BOUND('',#886,.T.);
#541=FACE_OUTER_BOUND('',#887,.T.);
#542=FACE_OUTER_BOUND('',#888,.T.);
#543=FACE_OUTER_BOUND('',#889,.T.);
#544=FACE_OUTER_BOUND('',#890,.T.);
#545=FACE_OUTER_BOUND('',#891,.T.);
#546=FACE_OUTER_BOUND('',#892,.T.);
#547=FACE_OUTER_BOUND('',#893,.T.);
#548=FACE_OUTER_BOUND('',#894,.T.);
#549=FACE_OUTER_BOUND('',#895,.T.);
#550=FACE_OUTER_BOUND('',#896,.T.);
#551=FACE_OUTER_BOUND('',#898,.T.);
#552=FACE_OUTER_BOUND('',#899,.T.);
#553=FACE_OUTER_BOUND('',#900,.T.);
#554=FACE_OUTER_BOUND('',#901,.T.);
#555=FACE_OUTER_BOUND('',#902,.T.);
#556=FACE_OUTER_BOUND('',#903,.T.);
#557=FACE_OUTER_BOUND('',#904,.T.);
#558=FACE_OUTER_BOUND('',#905,.T.);
#559=FACE_OUTER_BOUND('',#906,.T.);
#560=FACE_OUTER_BOUND('',#907,.T.);
#561=FACE_OUTER_BOUND('',#908,.T.);
#562=FACE_OUTER_BOUND('',#909,.T.);
#563=FACE_OUTER_BOUND('',#910,.T.);
#564=FACE_OUTER_BOUND('',#911,.T.);
#565=FACE_OUTER_BOUND('',#912,.T.);
#566=FACE_OUTER_BOUND('',#913,.T.);
#567=FACE_OUTER_BOUND('',#914,.T.);
#568=FACE_OUTER_BOUND('',#915,.T.);
#569=FACE_OUTER_BOUND('',#916,.T.);
#570=FACE_OUTER_BOUND('',#917,.T.);
#571=FACE_OUTER_BOUND('',#918,.T.);
#572=FACE_OUTER_BOUND('',#919,.T.);
#573=FACE_OUTER_BOUND('',#920,.T.);
#574=FACE_OUTER_BOUND('',#921,.T.);
#575=FACE_OUTER_BOUND('',#922,.T.);
#576=FACE_OUTER_BOUND('',#923,.T.);
#577=FACE_OUTER_BOUND('',#924,.T.);
#578=FACE_OUTER_BOUND('',#925,.T.);
#579=FACE_OUTER_BOUND('',#926,.T.);
#580=FACE_OUTER_BOUND('',#927,.T.);
#581=FACE_OUTER_BOUND('',#928,.T.);
#582=FACE_OUTER_BOUND('',#929,.T.);
#583=FACE_OUTER_BOUND('',#930,.T.);
#584=FACE_OUTER_BOUND('',#931,.T.);
#585=FACE_OUTER_BOUND('',#932,.T.);
#586=FACE_OUTER_BOUND('',#933,.T.);
#587=FACE_OUTER_BOUND('',#934,.T.);
#588=FACE_OUTER_BOUND('',#935,.T.);
#589=FACE_OUTER_BOUND('',#936,.T.);
#590=FACE_OUTER_BOUND('',#937,.T.);
#591=FACE_OUTER_BOUND('',#938,.T.);
#592=FACE_OUTER_BOUND('',#939,.T.);
#593=FACE_OUTER_BOUND('',#940,.T.);
#594=FACE_OUTER_BOUND('',#941,.T.);
#595=FACE_OUTER_BOUND('',#942,.T.);
#596=FACE_OUTER_BOUND('',#943,.T.);
#597=FACE_OUTER_BOUND('',#944,.T.);
#598=FACE_OUTER_BOUND('',#945,.T.);
#599=FACE_OUTER_BOUND('',#946,.T.);
#600=FACE_OUTER_BOUND('',#947,.T.);
#601=FACE_OUTER_BOUND('',#948,.T.);
#602=FACE_OUTER_BOUND('',#949,.T.);
#603=FACE_OUTER_BOUND('',#950,.T.);
#604=FACE_OUTER_BOUND('',#951,.T.);
#605=FACE_OUTER_BOUND('',#952,.T.);
#606=FACE_OUTER_BOUND('',#953,.T.);
#607=FACE_OUTER_BOUND('',#954,.T.);
#608=FACE_OUTER_BOUND('',#955,.T.);
#609=FACE_OUTER_BOUND('',#956,.T.);
#610=FACE_OUTER_BOUND('',#957,.T.);
#611=FACE_OUTER_BOUND('',#958,.T.);
#612=FACE_OUTER_BOUND('',#959,.T.);
#613=FACE_OUTER_BOUND('',#960,.T.);
#614=FACE_OUTER_BOUND('',#961,.T.);
#615=FACE_OUTER_BOUND('',#962,.T.);
#616=FACE_OUTER_BOUND('',#963,.T.);
#617=FACE_OUTER_BOUND('',#964,.T.);
#618=FACE_OUTER_BOUND('',#965,.T.);
#619=FACE_OUTER_BOUND('',#966,.T.);
#620=FACE_OUTER_BOUND('',#967,.T.);
#621=FACE_OUTER_BOUND('',#968,.T.);
#622=FACE_OUTER_BOUND('',#969,.T.);
#623=FACE_OUTER_BOUND('',#970,.T.);
#624=FACE_OUTER_BOUND('',#971,.T.);
#625=FACE_OUTER_BOUND('',#972,.T.);
#626=FACE_OUTER_BOUND('',#973,.T.);
#627=FACE_OUTER_BOUND('',#974,.T.);
#628=FACE_OUTER_BOUND('',#975,.T.);
#629=FACE_OUTER_BOUND('',#976,.T.);
#630=FACE_OUTER_BOUND('',#977,.T.);
#631=FACE_OUTER_BOUND('',#978,.T.);
#632=FACE_OUTER_BOUND('',#979,.T.);
#633=FACE_OUTER_BOUND('',#980,.T.);
#634=FACE_OUTER_BOUND('',#981,.T.);
#635=FACE_OUTER_BOUND('',#982,.T.);
#636=FACE_OUTER_BOUND('',#983,.T.);
#637=FACE_OUTER_BOUND('',#984,.T.);
#638=FACE_OUTER_BOUND('',#985,.T.);
#639=FACE_OUTER_BOUND('',#986,.T.);
#640=FACE_OUTER_BOUND('',#987,.T.);
#641=FACE_OUTER_BOUND('',#988,.T.);
#642=FACE_OUTER_BOUND('',#989,.T.);
#643=FACE_OUTER_BOUND('',#990,.T.);
#644=FACE_OUTER_BOUND('',#991,.T.);
#645=FACE_OUTER_BOUND('',#992,.T.);
#646=FACE_OUTER_BOUND('',#993,.T.);
#647=FACE_OUTER_BOUND('',#994,.T.);
#648=FACE_OUTER_BOUND('',#995,.T.);
#649=FACE_OUTER_BOUND('',#996,.T.);
#650=FACE_OUTER_BOUND('',#997,.T.);
#651=FACE_OUTER_BOUND('',#998,.T.);
#652=FACE_OUTER_BOUND('',#999,.T.);
#653=FACE_OUTER_BOUND('',#1000,.T.);
#654=FACE_OUTER_BOUND('',#1001,.T.);
#655=FACE_OUTER_BOUND('',#1002,.T.);
#656=FACE_OUTER_BOUND('',#1003,.T.);
#657=FACE_OUTER_BOUND('',#1004,.T.);
#658=FACE_OUTER_BOUND('',#1005,.T.);
#659=FACE_OUTER_BOUND('',#1006,.T.);
#660=FACE_OUTER_BOUND('',#1007,.T.);
#661=FACE_OUTER_BOUND('',#1008,.T.);
#662=FACE_OUTER_BOUND('',#1009,.T.);
#663=FACE_OUTER_BOUND('',#1010,.T.);
#664=FACE_OUTER_BOUND('',#1011,.T.);
#665=FACE_OUTER_BOUND('',#1012,.T.);
#666=FACE_OUTER_BOUND('',#1013,.T.);
#667=FACE_OUTER_BOUND('',#1014,.T.);
#668=FACE_OUTER_BOUND('',#1015,.T.);
#669=FACE_OUTER_BOUND('',#1016,.T.);
#670=FACE_OUTER_BOUND('',#1017,.T.);
#671=FACE_OUTER_BOUND('',#1018,.T.);
#672=FACE_OUTER_BOUND('',#1019,.T.);
#673=FACE_OUTER_BOUND('',#1020,.T.);
#674=FACE_OUTER_BOUND('',#1021,.T.);
#675=FACE_OUTER_BOUND('',#1022,.T.);
#676=FACE_OUTER_BOUND('',#1023,.T.);
#677=FACE_OUTER_BOUND('',#1024,.T.);
#678=FACE_OUTER_BOUND('',#1025,.T.);
#679=FACE_OUTER_BOUND('',#1026,.T.);
#680=FACE_OUTER_BOUND('',#1027,.T.);
#681=FACE_OUTER_BOUND('',#1028,.T.);
#682=FACE_OUTER_BOUND('',#1029,.T.);
#683=FACE_OUTER_BOUND('',#1030,.T.);
#684=FACE_OUTER_BOUND('',#1031,.T.);
#685=FACE_OUTER_BOUND('',#1032,.T.);
#686=FACE_OUTER_BOUND('',#1033,.T.);
#687=FACE_OUTER_BOUND('',#1034,.T.);
#688=FACE_OUTER_BOUND('',#1035,.T.);
#689=FACE_OUTER_BOUND('',#1036,.T.);
#690=FACE_OUTER_BOUND('',#1037,.T.);
#691=FACE_OUTER_BOUND('',#1038,.T.);
#692=FACE_OUTER_BOUND('',#1039,.T.);
#693=FACE_OUTER_BOUND('',#1040,.T.);
#694=FACE_OUTER_BOUND('',#1041,.T.);
#695=FACE_OUTER_BOUND('',#1042,.T.);
#696=FACE_OUTER_BOUND('',#1043,.T.);
#697=FACE_OUTER_BOUND('',#1044,.T.);
#698=FACE_OUTER_BOUND('',#1045,.T.);
#699=FACE_OUTER_BOUND('',#1046,.T.);
#700=FACE_OUTER_BOUND('',#1047,.T.);
#701=FACE_OUTER_BOUND('',#1048,.T.);
#702=FACE_OUTER_BOUND('',#1049,.T.);
#703=FACE_OUTER_BOUND('',#1050,.T.);
#704=FACE_OUTER_BOUND('',#1051,.T.);
#705=FACE_OUTER_BOUND('',#1052,.T.);
#706=FACE_OUTER_BOUND('',#1053,.T.);
#707=FACE_OUTER_BOUND('',#1054,.T.);
#708=FACE_OUTER_BOUND('',#1055,.T.);
#709=FACE_OUTER_BOUND('',#1056,.T.);
#710=FACE_OUTER_BOUND('',#1057,.T.);
#711=FACE_OUTER_BOUND('',#1058,.T.);
#712=FACE_OUTER_BOUND('',#1059,.T.);
#713=FACE_OUTER_BOUND('',#1060,.T.);
#714=FACE_OUTER_BOUND('',#1061,.T.);
#715=FACE_OUTER_BOUND('',#1062,.T.);
#716=FACE_OUTER_BOUND('',#1063,.T.);
#717=FACE_OUTER_BOUND('',#1065,.T.);
#718=FACE_OUTER_BOUND('',#1067,.T.);
#719=FACE_OUTER_BOUND('',#1068,.T.);
#720=FACE_OUTER_BOUND('',#1069,.T.);
#721=FACE_OUTER_BOUND('',#1070,.T.);
#722=FACE_OUTER_BOUND('',#1071,.T.);
#723=FACE_OUTER_BOUND('',#1073,.T.);
#724=FACE_OUTER_BOUND('',#1075,.T.);
#725=FACE_OUTER_BOUND('',#1076,.T.);
#726=FACE_OUTER_BOUND('',#1077,.T.);
#727=FACE_OUTER_BOUND('',#1078,.T.);
#728=FACE_OUTER_BOUND('',#1079,.T.);
#729=FACE_OUTER_BOUND('',#1081,.T.);
#730=FACE_OUTER_BOUND('',#1083,.T.);
#731=FACE_OUTER_BOUND('',#1084,.T.);
#732=FACE_OUTER_BOUND('',#1085,.T.);
#733=FACE_OUTER_BOUND('',#1086,.T.);
#734=FACE_OUTER_BOUND('',#1087,.T.);
#735=FACE_OUTER_BOUND('',#1089,.T.);
#736=FACE_OUTER_BOUND('',#1091,.T.);
#737=FACE_OUTER_BOUND('',#1092,.T.);
#738=FACE_OUTER_BOUND('',#1093,.T.);
#739=FACE_OUTER_BOUND('',#1094,.T.);
#740=FACE_OUTER_BOUND('',#1095,.T.);
#741=FACE_OUTER_BOUND('',#1097,.T.);
#742=FACE_OUTER_BOUND('',#1099,.T.);
#743=FACE_OUTER_BOUND('',#1100,.T.);
#744=FACE_OUTER_BOUND('',#1101,.T.);
#745=FACE_OUTER_BOUND('',#1102,.T.);
#746=FACE_OUTER_BOUND('',#1103,.T.);
#747=FACE_OUTER_BOUND('',#1105,.T.);
#748=FACE_OUTER_BOUND('',#1107,.T.);
#749=FACE_OUTER_BOUND('',#1108,.T.);
#750=FACE_OUTER_BOUND('',#1109,.T.);
#751=FACE_OUTER_BOUND('',#1110,.T.);
#752=FACE_OUTER_BOUND('',#1119,.T.);
#753=FACE_OUTER_BOUND('',#1128,.T.);
#754=FACE_OUTER_BOUND('',#1129,.T.);
#755=FACE_OUTER_BOUND('',#1130,.T.);
#756=FACE_OUTER_BOUND('',#1131,.T.);
#757=FACE_OUTER_BOUND('',#1132,.T.);
#758=FACE_OUTER_BOUND('',#1133,.T.);
#759=FACE_OUTER_BOUND('',#1134,.T.);
#760=FACE_OUTER_BOUND('',#1135,.T.);
#761=FACE_OUTER_BOUND('',#1136,.T.);
#762=FACE_OUTER_BOUND('',#1137,.T.);
#763=FACE_OUTER_BOUND('',#1138,.T.);
#764=FACE_OUTER_BOUND('',#1139,.T.);
#765=FACE_OUTER_BOUND('',#1140,.T.);
#766=FACE_OUTER_BOUND('',#1141,.T.);
#767=FACE_OUTER_BOUND('',#1142,.T.);
#768=FACE_OUTER_BOUND('',#1143,.T.);
#769=FACE_OUTER_BOUND('',#1144,.T.);
#770=FACE_OUTER_BOUND('',#1145,.T.);
#771=FACE_OUTER_BOUND('',#1146,.T.);
#772=FACE_OUTER_BOUND('',#1147,.T.);
#773=FACE_OUTER_BOUND('',#1148,.T.);
#774=FACE_OUTER_BOUND('',#1149,.T.);
#775=FACE_OUTER_BOUND('',#1150,.T.);
#776=FACE_OUTER_BOUND('',#1151,.T.);
#777=FACE_OUTER_BOUND('',#1152,.T.);
#778=FACE_OUTER_BOUND('',#1153,.T.);
#779=FACE_OUTER_BOUND('',#1154,.T.);
#780=FACE_OUTER_BOUND('',#1155,.T.);
#781=FACE_OUTER_BOUND('',#1156,.T.);
#782=FACE_OUTER_BOUND('',#1157,.T.);
#783=FACE_OUTER_BOUND('',#1158,.T.);
#784=FACE_OUTER_BOUND('',#1159,.T.);
#785=FACE_OUTER_BOUND('',#1160,.T.);
#786=FACE_OUTER_BOUND('',#1161,.T.);
#787=FACE_OUTER_BOUND('',#1162,.T.);
#788=FACE_OUTER_BOUND('',#1163,.T.);
#789=FACE_OUTER_BOUND('',#1164,.T.);
#790=FACE_OUTER_BOUND('',#1165,.T.);
#791=FACE_OUTER_BOUND('',#1166,.T.);
#792=FACE_OUTER_BOUND('',#1167,.T.);
#793=FACE_OUTER_BOUND('',#1168,.T.);
#794=FACE_OUTER_BOUND('',#1169,.T.);
#795=FACE_OUTER_BOUND('',#1170,.T.);
#796=FACE_OUTER_BOUND('',#1171,.T.);
#797=FACE_OUTER_BOUND('',#1172,.T.);
#798=FACE_OUTER_BOUND('',#1173,.T.);
#799=FACE_OUTER_BOUND('',#1174,.T.);
#800=FACE_OUTER_BOUND('',#1175,.T.);
#801=FACE_OUTER_BOUND('',#1176,.T.);
#802=FACE_OUTER_BOUND('',#1177,.T.);
#803=FACE_OUTER_BOUND('',#1178,.T.);
#804=FACE_OUTER_BOUND('',#1179,.T.);
#805=FACE_OUTER_BOUND('',#1180,.T.);
#806=FACE_OUTER_BOUND('',#1181,.T.);
#807=FACE_OUTER_BOUND('',#1182,.T.);
#808=FACE_OUTER_BOUND('',#1183,.T.);
#809=EDGE_LOOP('',(#1184,#1185,#1186,#1187,#1188,#1189,#1190,#1191,#1192,
#1193,#1194,#1195,#1196,#1197,#1198,#1199,#1200,#1201,#1202,#1203));
#810=EDGE_LOOP('',(#1204,#1205,#1206,#1207,#1208,#1209,#1210,#1211));
#811=EDGE_LOOP('',(#1212,#1213));
#812=EDGE_LOOP('',(#1214,#1215));
#813=EDGE_LOOP('',(#1216,#1217,#1218,#1219,#1220,#1221,#1222,#1223));
#814=EDGE_LOOP('',(#1224,#1225));
#815=EDGE_LOOP('',(#1226,#1227,#1228,#1229));
#816=EDGE_LOOP('',(#1230,#1231,#1232,#1233));
#817=EDGE_LOOP('',(#1234,#1235,#1236,#1237));
#818=EDGE_LOOP('',(#1238,#1239,#1240,#1241));
#819=EDGE_LOOP('',(#1242,#1243,#1244,#1245));
#820=EDGE_LOOP('',(#1246,#1247,#1248,#1249));
#821=EDGE_LOOP('',(#1250,#1251,#1252,#1253));
#822=EDGE_LOOP('',(#1254,#1255,#1256,#1257));
#823=EDGE_LOOP('',(#1258,#1259,#1260,#1261));
#824=EDGE_LOOP('',(#1262,#1263,#1264,#1265));
#825=EDGE_LOOP('',(#1266,#1267,#1268,#1269));
#826=EDGE_LOOP('',(#1270,#1271,#1272,#1273));
#827=EDGE_LOOP('',(#1274,#1275,#1276,#1277));
#828=EDGE_LOOP('',(#1278,#1279,#1280,#1281));
#829=EDGE_LOOP('',(#1282,#1283,#1284,#1285));
#830=EDGE_LOOP('',(#1286,#1287,#1288,#1289));
#831=EDGE_LOOP('',(#1290,#1291,#1292,#1293));
#832=EDGE_LOOP('',(#1294,#1295,#1296,#1297));
#833=EDGE_LOOP('',(#1298,#1299,#1300,#1301));
#834=EDGE_LOOP('',(#1302,#1303,#1304,#1305));
#835=EDGE_LOOP('',(#1306,#1307,#1308,#1309));
#836=EDGE_LOOP('',(#1310,#1311,#1312,#1313));
#837=EDGE_LOOP('',(#1314,#1315,#1316,#1317));
#838=EDGE_LOOP('',(#1318,#1319,#1320,#1321));
#839=EDGE_LOOP('',(#1322,#1323,#1324,#1325));
#840=EDGE_LOOP('',(#1326,#1327,#1328,#1329));
#841=EDGE_LOOP('',(#1330,#1331,#1332,#1333));
#842=EDGE_LOOP('',(#1334,#1335,#1336,#1337));
#843=EDGE_LOOP('',(#1338,#1339,#1340,#1341));
#844=EDGE_LOOP('',(#1342,#1343,#1344,#1345,#1346,#1347,#1348,#1349,#1350,
#1351,#1352,#1353,#1354,#1355,#1356,#1357,#1358,#1359,#1360,#1361));
#845=EDGE_LOOP('',(#1362,#1363));
#846=EDGE_LOOP('',(#1364,#1365));
#847=EDGE_LOOP('',(#1366,#1367));
#848=EDGE_LOOP('',(#1368,#1369,#1370,#1371));
#849=EDGE_LOOP('',(#1372,#1373,#1374,#1375));
#850=EDGE_LOOP('',(#1376,#1377,#1378,#1379));
#851=EDGE_LOOP('',(#1380,#1381,#1382,#1383));
#852=EDGE_LOOP('',(#1384,#1385,#1386,#1387));
#853=EDGE_LOOP('',(#1388,#1389,#1390,#1391));
#854=EDGE_LOOP('',(#1392,#1393,#1394,#1395));
#855=EDGE_LOOP('',(#1396,#1397,#1398,#1399));
#856=EDGE_LOOP('',(#1400,#1401,#1402,#1403));
#857=EDGE_LOOP('',(#1404,#1405,#1406,#1407));
#858=EDGE_LOOP('',(#1408,#1409,#1410,#1411));
#859=EDGE_LOOP('',(#1412,#1413,#1414,#1415));
#860=EDGE_LOOP('',(#1416,#1417,#1418,#1419));
#861=EDGE_LOOP('',(#1420,#1421,#1422,#1423));
#862=EDGE_LOOP('',(#1424,#1425,#1426,#1427));
#863=EDGE_LOOP('',(#1428,#1429,#1430,#1431));
#864=EDGE_LOOP('',(#1432,#1433,#1434,#1435));
#865=EDGE_LOOP('',(#1436,#1437,#1438,#1439));
#866=EDGE_LOOP('',(#1440,#1441,#1442,#1443));
#867=EDGE_LOOP('',(#1444,#1445,#1446,#1447));
#868=EDGE_LOOP('',(#1448,#1449,#1450,#1451));
#869=EDGE_LOOP('',(#1452,#1453,#1454,#1455));
#870=EDGE_LOOP('',(#1456,#1457,#1458,#1459));
#871=EDGE_LOOP('',(#1460,#1461,#1462,#1463));
#872=EDGE_LOOP('',(#1464,#1465,#1466,#1467));
#873=EDGE_LOOP('',(#1468,#1469));
#874=EDGE_LOOP('',(#1470,#1471));
#875=EDGE_LOOP('',(#1472,#1473,#1474,#1475));
#876=EDGE_LOOP('',(#1476,#1477,#1478,#1479));
#877=EDGE_LOOP('',(#1480,#1481,#1482,#1483));
#878=EDGE_LOOP('',(#1484,#1485,#1486,#1487));
#879=EDGE_LOOP('',(#1488,#1489,#1490,#1491));
#880=EDGE_LOOP('',(#1492,#1493,#1494,#1495));
#881=EDGE_LOOP('',(#1496,#1497,#1498,#1499));
#882=EDGE_LOOP('',(#1500,#1501,#1502,#1503));
#883=EDGE_LOOP('',(#1504,#1505,#1506,#1507));
#884=EDGE_LOOP('',(#1508,#1509,#1510,#1511));
#885=EDGE_LOOP('',(#1512,#1513,#1514,#1515));
#886=EDGE_LOOP('',(#1516,#1517,#1518,#1519));
#887=EDGE_LOOP('',(#1520,#1521,#1522,#1523));
#888=EDGE_LOOP('',(#1524,#1525,#1526,#1527));
#889=EDGE_LOOP('',(#1528,#1529,#1530,#1531));
#890=EDGE_LOOP('',(#1532,#1533,#1534,#1535));
#891=EDGE_LOOP('',(#1536,#1537,#1538,#1539));
#892=EDGE_LOOP('',(#1540,#1541,#1542,#1543));
#893=EDGE_LOOP('',(#1544,#1545,#1546,#1547));
#894=EDGE_LOOP('',(#1548,#1549,#1550,#1551));
#895=EDGE_LOOP('',(#1552,#1553,#1554,#1555));
#896=EDGE_LOOP('',(#1556,#1557,#1558,#1559));
#897=EDGE_LOOP('',(#1560,#1561,#1562,#1563));
#898=EDGE_LOOP('',(#1564,#1565,#1566,#1567));
#899=EDGE_LOOP('',(#1568,#1569,#1570,#1571));
#900=EDGE_LOOP('',(#1572,#1573,#1574,#1575));
#901=EDGE_LOOP('',(#1576,#1577,#1578,#1579));
#902=EDGE_LOOP('',(#1580,#1581,#1582,#1583));
#903=EDGE_LOOP('',(#1584,#1585,#1586,#1587));
#904=EDGE_LOOP('',(#1588,#1589,#1590,#1591));
#905=EDGE_LOOP('',(#1592,#1593,#1594,#1595));
#906=EDGE_LOOP('',(#1596,#1597,#1598,#1599));
#907=EDGE_LOOP('',(#1600,#1601,#1602,#1603));
#908=EDGE_LOOP('',(#1604,#1605,#1606,#1607));
#909=EDGE_LOOP('',(#1608,#1609,#1610,#1611));
#910=EDGE_LOOP('',(#1612,#1613,#1614,#1615));
#911=EDGE_LOOP('',(#1616,#1617,#1618,#1619));
#912=EDGE_LOOP('',(#1620,#1621,#1622,#1623));
#913=EDGE_LOOP('',(#1624,#1625,#1626,#1627));
#914=EDGE_LOOP('',(#1628,#1629,#1630,#1631));
#915=EDGE_LOOP('',(#1632,#1633,#1634,#1635));
#916=EDGE_LOOP('',(#1636,#1637,#1638,#1639));
#917=EDGE_LOOP('',(#1640,#1641,#1642,#1643));
#918=EDGE_LOOP('',(#1644,#1645,#1646,#1647));
#919=EDGE_LOOP('',(#1648,#1649,#1650,#1651));
#920=EDGE_LOOP('',(#1652,#1653,#1654,#1655));
#921=EDGE_LOOP('',(#1656,#1657,#1658,#1659));
#922=EDGE_LOOP('',(#1660,#1661,#1662,#1663));
#923=EDGE_LOOP('',(#1664,#1665,#1666,#1667));
#924=EDGE_LOOP('',(#1668,#1669,#1670,#1671));
#925=EDGE_LOOP('',(#1672,#1673,#1674,#1675));
#926=EDGE_LOOP('',(#1676,#1677,#1678,#1679));
#927=EDGE_LOOP('',(#1680,#1681,#1682,#1683));
#928=EDGE_LOOP('',(#1684,#1685,#1686,#1687));
#929=EDGE_LOOP('',(#1688,#1689,#1690,#1691));
#930=EDGE_LOOP('',(#1692,#1693,#1694,#1695));
#931=EDGE_LOOP('',(#1696,#1697,#1698,#1699));
#932=EDGE_LOOP('',(#1700,#1701,#1702,#1703));
#933=EDGE_LOOP('',(#1704,#1705,#1706,#1707));
#934=EDGE_LOOP('',(#1708,#1709,#1710,#1711));
#935=EDGE_LOOP('',(#1712,#1713,#1714,#1715));
#936=EDGE_LOOP('',(#1716,#1717,#1718,#1719));
#937=EDGE_LOOP('',(#1720,#1721,#1722,#1723));
#938=EDGE_LOOP('',(#1724,#1725,#1726,#1727));
#939=EDGE_LOOP('',(#1728,#1729,#1730,#1731));
#940=EDGE_LOOP('',(#1732,#1733,#1734,#1735));
#941=EDGE_LOOP('',(#1736,#1737,#1738,#1739));
#942=EDGE_LOOP('',(#1740,#1741,#1742,#1743));
#943=EDGE_LOOP('',(#1744,#1745,#1746,#1747));
#944=EDGE_LOOP('',(#1748,#1749,#1750,#1751));
#945=EDGE_LOOP('',(#1752,#1753,#1754,#1755));
#946=EDGE_LOOP('',(#1756,#1757,#1758,#1759));
#947=EDGE_LOOP('',(#1760,#1761,#1762,#1763));
#948=EDGE_LOOP('',(#1764,#1765,#1766,#1767));
#949=EDGE_LOOP('',(#1768,#1769,#1770,#1771));
#950=EDGE_LOOP('',(#1772,#1773,#1774,#1775));
#951=EDGE_LOOP('',(#1776,#1777,#1778,#1779));
#952=EDGE_LOOP('',(#1780,#1781,#1782,#1783));
#953=EDGE_LOOP('',(#1784,#1785,#1786,#1787));
#954=EDGE_LOOP('',(#1788,#1789,#1790,#1791));
#955=EDGE_LOOP('',(#1792,#1793,#1794,#1795));
#956=EDGE_LOOP('',(#1796,#1797,#1798,#1799));
#957=EDGE_LOOP('',(#1800,#1801,#1802,#1803));
#958=EDGE_LOOP('',(#1804,#1805,#1806,#1807));
#959=EDGE_LOOP('',(#1808,#1809,#1810,#1811));
#960=EDGE_LOOP('',(#1812,#1813,#1814,#1815));
#961=EDGE_LOOP('',(#1816,#1817,#1818,#1819));
#962=EDGE_LOOP('',(#1820,#1821,#1822,#1823));
#963=EDGE_LOOP('',(#1824,#1825,#1826,#1827));
#964=EDGE_LOOP('',(#1828,#1829,#1830,#1831));
#965=EDGE_LOOP('',(#1832,#1833,#1834,#1835));
#966=EDGE_LOOP('',(#1836,#1837,#1838,#1839));
#967=EDGE_LOOP('',(#1840,#1841,#1842,#1843));
#968=EDGE_LOOP('',(#1844,#1845,#1846,#1847));
#969=EDGE_LOOP('',(#1848,#1849,#1850,#1851));
#970=EDGE_LOOP('',(#1852,#1853,#1854,#1855));
#971=EDGE_LOOP('',(#1856,#1857,#1858,#1859));
#972=EDGE_LOOP('',(#1860,#1861,#1862,#1863));
#973=EDGE_LOOP('',(#1864,#1865,#1866,#1867));
#974=EDGE_LOOP('',(#1868,#1869,#1870,#1871));
#975=EDGE_LOOP('',(#1872,#1873,#1874,#1875));
#976=EDGE_LOOP('',(#1876,#1877,#1878,#1879));
#977=EDGE_LOOP('',(#1880,#1881,#1882,#1883));
#978=EDGE_LOOP('',(#1884,#1885,#1886,#1887));
#979=EDGE_LOOP('',(#1888,#1889,#1890,#1891));
#980=EDGE_LOOP('',(#1892,#1893,#1894,#1895));
#981=EDGE_LOOP('',(#1896,#1897,#1898,#1899));
#982=EDGE_LOOP('',(#1900,#1901,#1902,#1903));
#983=EDGE_LOOP('',(#1904,#1905,#1906,#1907));
#984=EDGE_LOOP('',(#1908,#1909,#1910,#1911));
#985=EDGE_LOOP('',(#1912,#1913,#1914,#1915));
#986=EDGE_LOOP('',(#1916,#1917,#1918,#1919));
#987=EDGE_LOOP('',(#1920,#1921,#1922,#1923));
#988=EDGE_LOOP('',(#1924,#1925,#1926,#1927,#1928));
#989=EDGE_LOOP('',(#1929,#1930,#1931,#1932,#1933,#1934,#1935,#1936));
#990=EDGE_LOOP('',(#1937,#1938,#1939,#1940,#1941));
#991=EDGE_LOOP('',(#1942,#1943,#1944,#1945));
#992=EDGE_LOOP('',(#1946,#1947,#1948,#1949));
#993=EDGE_LOOP('',(#1950,#1951,#1952,#1953));
#994=EDGE_LOOP('',(#1954,#1955,#1956,#1957,#1958,#1959,#1960,#1961));
#995=EDGE_LOOP('',(#1962,#1963,#1964,#1965));
#996=EDGE_LOOP('',(#1966,#1967,#1968,#1969));
#997=EDGE_LOOP('',(#1970,#1971,#1972,#1973));
#998=EDGE_LOOP('',(#1974,#1975,#1976,#1977,#1978,#1979));
#999=EDGE_LOOP('',(#1980,#1981,#1982,#1983));
#1000=EDGE_LOOP('',(#1984,#1985,#1986,#1987));
#1001=EDGE_LOOP('',(#1988,#1989,#1990,#1991));
#1002=EDGE_LOOP('',(#1992,#1993,#1994,#1995,#1996,#1997,#1998,#1999));
#1003=EDGE_LOOP('',(#2000,#2001,#2002,#2003));
#1004=EDGE_LOOP('',(#2004,#2005,#2006,#2007,#2008,#2009));
#1005=EDGE_LOOP('',(#2010,#2011,#2012,#2013,#2014));
#1006=EDGE_LOOP('',(#2015,#2016,#2017,#2018));
#1007=EDGE_LOOP('',(#2019,#2020,#2021,#2022,#2023));
#1008=EDGE_LOOP('',(#2024,#2025,#2026,#2027));
#1009=EDGE_LOOP('',(#2028,#2029,#2030,#2031,#2032,#2033,#2034,#2035));
#1010=EDGE_LOOP('',(#2036,#2037,#2038,#2039));
#1011=EDGE_LOOP('',(#2040,#2041,#2042,#2043));
#1012=EDGE_LOOP('',(#2044,#2045,#2046,#2047));
#1013=EDGE_LOOP('',(#2048,#2049,#2050,#2051));
#1014=EDGE_LOOP('',(#2052,#2053,#2054,#2055));
#1015=EDGE_LOOP('',(#2056,#2057,#2058,#2059));
#1016=EDGE_LOOP('',(#2060,#2061,#2062,#2063,#2064,#2065,#2066,#2067,#2068,
#2069,#2070,#2071));
#1017=EDGE_LOOP('',(#2072,#2073,#2074,#2075));
#1018=EDGE_LOOP('',(#2076,#2077,#2078,#2079));
#1019=EDGE_LOOP('',(#2080,#2081,#2082,#2083));
#1020=EDGE_LOOP('',(#2084,#2085,#2086,#2087));
#1021=EDGE_LOOP('',(#2088,#2089,#2090,#2091,#2092,#2093,#2094,#2095));
#1022=EDGE_LOOP('',(#2096,#2097,#2098,#2099));
#1023=EDGE_LOOP('',(#2100,#2101,#2102,#2103));
#1024=EDGE_LOOP('',(#2104,#2105,#2106,#2107));
#1025=EDGE_LOOP('',(#2108,#2109,#2110,#2111));
#1026=EDGE_LOOP('',(#2112,#2113,#2114,#2115));
#1027=EDGE_LOOP('',(#2116,#2117,#2118,#2119));
#1028=EDGE_LOOP('',(#2120,#2121,#2122,#2123));
#1029=EDGE_LOOP('',(#2124,#2125,#2126,#2127));
#1030=EDGE_LOOP('',(#2128,#2129,#2130,#2131));
#1031=EDGE_LOOP('',(#2132,#2133,#2134,#2135));
#1032=EDGE_LOOP('',(#2136,#2137,#2138,#2139));
#1033=EDGE_LOOP('',(#2140,#2141,#2142,#2143));
#1034=EDGE_LOOP('',(#2144,#2145,#2146,#2147));
#1035=EDGE_LOOP('',(#2148,#2149,#2150,#2151));
#1036=EDGE_LOOP('',(#2152,#2153,#2154,#2155));
#1037=EDGE_LOOP('',(#2156,#2157,#2158,#2159));
#1038=EDGE_LOOP('',(#2160,#2161,#2162,#2163));
#1039=EDGE_LOOP('',(#2164,#2165,#2166,#2167));
#1040=EDGE_LOOP('',(#2168,#2169,#2170,#2171));
#1041=EDGE_LOOP('',(#2172,#2173,#2174,#2175));
#1042=EDGE_LOOP('',(#2176,#2177,#2178,#2179));
#1043=EDGE_LOOP('',(#2180,#2181,#2182,#2183));
#1044=EDGE_LOOP('',(#2184,#2185,#2186,#2187));
#1045=EDGE_LOOP('',(#2188,#2189,#2190,#2191));
#1046=EDGE_LOOP('',(#2192,#2193,#2194,#2195));
#1047=EDGE_LOOP('',(#2196,#2197,#2198,#2199));
#1048=EDGE_LOOP('',(#2200,#2201,#2202,#2203));
#1049=EDGE_LOOP('',(#2204,#2205,#2206,#2207));
#1050=EDGE_LOOP('',(#2208,#2209,#2210,#2211));
#1051=EDGE_LOOP('',(#2212,#2213,#2214,#2215));
#1052=EDGE_LOOP('',(#2216,#2217,#2218,#2219));
#1053=EDGE_LOOP('',(#2220,#2221,#2222,#2223));
#1054=EDGE_LOOP('',(#2224,#2225,#2226,#2227));
#1055=EDGE_LOOP('',(#2228,#2229,#2230,#2231));
#1056=EDGE_LOOP('',(#2232,#2233,#2234,#2235));
#1057=EDGE_LOOP('',(#2236,#2237,#2238,#2239));
#1058=EDGE_LOOP('',(#2240,#2241,#2242,#2243));
#1059=EDGE_LOOP('',(#2244,#2245,#2246,#2247));
#1060=EDGE_LOOP('',(#2248,#2249,#2250,#2251));
#1061=EDGE_LOOP('',(#2252,#2253,#2254,#2255));
#1062=EDGE_LOOP('',(#2256,#2257,#2258,#2259));
#1063=EDGE_LOOP('',(#2260,#2261));
#1064=EDGE_LOOP('',(#2262,#2263));
#1065=EDGE_LOOP('',(#2264,#2265));
#1066=EDGE_LOOP('',(#2266,#2267));
#1067=EDGE_LOOP('',(#2268,#2269,#2270,#2271));
#1068=EDGE_LOOP('',(#2272,#2273,#2274,#2275));
#1069=EDGE_LOOP('',(#2276,#2277,#2278,#2279));
#1070=EDGE_LOOP('',(#2280,#2281,#2282,#2283));
#1071=EDGE_LOOP('',(#2284,#2285));
#1072=EDGE_LOOP('',(#2286,#2287));
#1073=EDGE_LOOP('',(#2288,#2289));
#1074=EDGE_LOOP('',(#2290,#2291));
#1075=EDGE_LOOP('',(#2292,#2293,#2294,#2295));
#1076=EDGE_LOOP('',(#2296,#2297,#2298,#2299));
#1077=EDGE_LOOP('',(#2300,#2301,#2302,#2303));
#1078=EDGE_LOOP('',(#2304,#2305,#2306,#2307));
#1079=EDGE_LOOP('',(#2308,#2309));
#1080=EDGE_LOOP('',(#2310,#2311));
#1081=EDGE_LOOP('',(#2312,#2313));
#1082=EDGE_LOOP('',(#2314,#2315));
#1083=EDGE_LOOP('',(#2316,#2317,#2318,#2319));
#1084=EDGE_LOOP('',(#2320,#2321,#2322,#2323));
#1085=EDGE_LOOP('',(#2324,#2325,#2326,#2327));
#1086=EDGE_LOOP('',(#2328,#2329,#2330,#2331));
#1087=EDGE_LOOP('',(#2332,#2333));
#1088=EDGE_LOOP('',(#2334,#2335));
#1089=EDGE_LOOP('',(#2336,#2337));
#1090=EDGE_LOOP('',(#2338,#2339));
#1091=EDGE_LOOP('',(#2340,#2341,#2342,#2343));
#1092=EDGE_LOOP('',(#2344,#2345,#2346,#2347));
#1093=EDGE_LOOP('',(#2348,#2349,#2350,#2351));
#1094=EDGE_LOOP('',(#2352,#2353,#2354,#2355));
#1095=EDGE_LOOP('',(#2356,#2357));
#1096=EDGE_LOOP('',(#2358,#2359));
#1097=EDGE_LOOP('',(#2360,#2361));
#1098=EDGE_LOOP('',(#2362,#2363));
#1099=EDGE_LOOP('',(#2364,#2365,#2366,#2367));
#1100=EDGE_LOOP('',(#2368,#2369,#2370,#2371));
#1101=EDGE_LOOP('',(#2372,#2373,#2374,#2375));
#1102=EDGE_LOOP('',(#2376,#2377,#2378,#2379));
#1103=EDGE_LOOP('',(#2380,#2381));
#1104=EDGE_LOOP('',(#2382,#2383));
#1105=EDGE_LOOP('',(#2384,#2385));
#1106=EDGE_LOOP('',(#2386,#2387));
#1107=EDGE_LOOP('',(#2388,#2389,#2390,#2391));
#1108=EDGE_LOOP('',(#2392,#2393,#2394,#2395));
#1109=EDGE_LOOP('',(#2396,#2397,#2398,#2399));
#1110=EDGE_LOOP('',(#2400,#2401,#2402,#2403,#2404,#2405,#2406,#2407));
#1111=EDGE_LOOP('',(#2408));
#1112=EDGE_LOOP('',(#2409));
#1113=EDGE_LOOP('',(#2410));
#1114=EDGE_LOOP('',(#2411));
#1115=EDGE_LOOP('',(#2412));
#1116=EDGE_LOOP('',(#2413));
#1117=EDGE_LOOP('',(#2414));
#1118=EDGE_LOOP('',(#2415));
#1119=EDGE_LOOP('',(#2416,#2417,#2418,#2419,#2420,#2421,#2422,#2423));
#1120=EDGE_LOOP('',(#2424));
#1121=EDGE_LOOP('',(#2425));
#1122=EDGE_LOOP('',(#2426));
#1123=EDGE_LOOP('',(#2427));
#1124=EDGE_LOOP('',(#2428));
#1125=EDGE_LOOP('',(#2429));
#1126=EDGE_LOOP('',(#2430));
#1127=EDGE_LOOP('',(#2431));
#1128=EDGE_LOOP('',(#2432,#2433,#2434,#2435,#2436,#2437,#2438,#2439,#2440,
#2441,#2442,#2443,#2444,#2445,#2446,#2447));
#1129=EDGE_LOOP('',(#2448,#2449));
#1130=EDGE_LOOP('',(#2450,#2451,#2452,#2453));
#1131=EDGE_LOOP('',(#2454,#2455,#2456,#2457));
#1132=EDGE_LOOP('',(#2458,#2459,#2460,#2461));
#1133=EDGE_LOOP('',(#2462,#2463,#2464,#2465,#2466));
#1134=EDGE_LOOP('',(#2467,#2468,#2469,#2470));
#1135=EDGE_LOOP('',(#2471,#2472,#2473,#2474));
#1136=EDGE_LOOP('',(#2475,#2476,#2477,#2478));
#1137=EDGE_LOOP('',(#2479,#2480,#2481,#2482));
#1138=EDGE_LOOP('',(#2483,#2484,#2485,#2486));
#1139=EDGE_LOOP('',(#2487,#2488,#2489,#2490));
#1140=EDGE_LOOP('',(#2491,#2492,#2493,#2494));
#1141=EDGE_LOOP('',(#2495,#2496,#2497,#2498));
#1142=EDGE_LOOP('',(#2499,#2500,#2501,#2502));
#1143=EDGE_LOOP('',(#2503,#2504,#2505,#2506));
#1144=EDGE_LOOP('',(#2507,#2508,#2509,#2510));
#1145=EDGE_LOOP('',(#2511,#2512,#2513,#2514,#2515));
#1146=EDGE_LOOP('',(#2516,#2517,#2518,#2519));
#1147=EDGE_LOOP('',(#2520,#2521,#2522,#2523));
#1148=EDGE_LOOP('',(#2524,#2525,#2526,#2527));
#1149=EDGE_LOOP('',(#2528,#2529,#2530,#2531));
#1150=EDGE_LOOP('',(#2532,#2533,#2534,#2535));
#1151=EDGE_LOOP('',(#2536,#2537,#2538,#2539));
#1152=EDGE_LOOP('',(#2540,#2541,#2542,#2543));
#1153=EDGE_LOOP('',(#2544,#2545,#2546,#2547));
#1154=EDGE_LOOP('',(#2548,#2549,#2550,#2551,#2552,#2553,#2554,#2555,#2556,
#2557,#2558,#2559,#2560,#2561,#2562,#2563,#2564,#2565,#2566,#2567,#2568,
#2569,#2570,#2571));
#1155=EDGE_LOOP('',(#2572,#2573,#2574,#2575,#2576,#2577,#2578,#2579,#2580,
#2581,#2582,#2583,#2584,#2585,#2586,#2587));
#1156=EDGE_LOOP('',(#2588,#2589,#2590,#2591,#2592,#2593,#2594,#2595,#2596,
#2597,#2598,#2599,#2600,#2601,#2602,#2603));
#1157=EDGE_LOOP('',(#2604,#2605));
#1158=EDGE_LOOP('',(#2606,#2607,#2608,#2609));
#1159=EDGE_LOOP('',(#2610,#2611,#2612,#2613));
#1160=EDGE_LOOP('',(#2614,#2615,#2616,#2617));
#1161=EDGE_LOOP('',(#2618,#2619,#2620,#2621,#2622));
#1162=EDGE_LOOP('',(#2623,#2624,#2625,#2626));
#1163=EDGE_LOOP('',(#2627,#2628,#2629,#2630));
#1164=EDGE_LOOP('',(#2631,#2632,#2633,#2634));
#1165=EDGE_LOOP('',(#2635,#2636,#2637,#2638));
#1166=EDGE_LOOP('',(#2639,#2640,#2641,#2642));
#1167=EDGE_LOOP('',(#2643,#2644,#2645,#2646));
#1168=EDGE_LOOP('',(#2647,#2648,#2649,#2650));
#1169=EDGE_LOOP('',(#2651,#2652,#2653,#2654));
#1170=EDGE_LOOP('',(#2655,#2656,#2657,#2658));
#1171=EDGE_LOOP('',(#2659,#2660,#2661,#2662));
#1172=EDGE_LOOP('',(#2663,#2664,#2665,#2666));
#1173=EDGE_LOOP('',(#2667,#2668,#2669,#2670,#2671));
#1174=EDGE_LOOP('',(#2672,#2673,#2674,#2675));
#1175=EDGE_LOOP('',(#2676,#2677,#2678,#2679));
#1176=EDGE_LOOP('',(#2680,#2681,#2682,#2683));
#1177=EDGE_LOOP('',(#2684,#2685,#2686,#2687));
#1178=EDGE_LOOP('',(#2688,#2689,#2690,#2691));
#1179=EDGE_LOOP('',(#2692,#2693,#2694,#2695));
#1180=EDGE_LOOP('',(#2696,#2697,#2698,#2699));
#1181=EDGE_LOOP('',(#2700,#2701,#2702,#2703));
#1182=EDGE_LOOP('',(#2704,#2705,#2706,#2707,#2708,#2709,#2710,#2711,#2712,
#2713,#2714,#2715,#2716,#2717,#2718,#2719,#2720,#2721,#2722,#2723,#2724,
#2725,#2726,#2727));
#1183=EDGE_LOOP('',(#2728,#2729,#2730,#2731,#2732,#2733,#2734,#2735,#2736,
#2737,#2738,#2739,#2740,#2741,#2742,#2743));
#1184=ORIENTED_EDGE('',*,*,#2785,.F.);
#1185=ORIENTED_EDGE('',*,*,#2783,.F.);
#1186=ORIENTED_EDGE('',*,*,#2781,.F.);
#1187=ORIENTED_EDGE('',*,*,#2779,.F.);
#1188=ORIENTED_EDGE('',*,*,#2777,.F.);
#1189=ORIENTED_EDGE('',*,*,#2775,.F.);
#1190=ORIENTED_EDGE('',*,*,#2773,.F.);
#1191=ORIENTED_EDGE('',*,*,#2771,.F.);
#1192=ORIENTED_EDGE('',*,*,#2769,.F.);
#1193=ORIENTED_EDGE('',*,*,#2767,.F.);
#1194=ORIENTED_EDGE('',*,*,#2765,.F.);
#1195=ORIENTED_EDGE('',*,*,#2763,.F.);
#1196=ORIENTED_EDGE('',*,*,#2761,.F.);
#1197=ORIENTED_EDGE('',*,*,#2759,.F.);
#1198=ORIENTED_EDGE('',*,*,#2757,.F.);
#1199=ORIENTED_EDGE('',*,*,#2755,.F.);
#1200=ORIENTED_EDGE('',*,*,#2753,.F.);
#1201=ORIENTED_EDGE('',*,*,#2751,.F.);
#1202=ORIENTED_EDGE('',*,*,#2749,.F.);
#1203=ORIENTED_EDGE('',*,*,#2746,.F.);
#1204=ORIENTED_EDGE('',*,*,#2795,.F.);
#1205=ORIENTED_EDGE('',*,*,#2796,.F.);
#1206=ORIENTED_EDGE('',*,*,#2797,.F.);
#1207=ORIENTED_EDGE('',*,*,#2798,.F.);
#1208=ORIENTED_EDGE('',*,*,#2799,.F.);
#1209=ORIENTED_EDGE('',*,*,#2800,.F.);
#1210=ORIENTED_EDGE('',*,*,#2801,.F.);
#1211=ORIENTED_EDGE('',*,*,#2794,.F.);
#1212=ORIENTED_EDGE('',*,*,#2890,.F.);
#1213=ORIENTED_EDGE('',*,*,#2813,.F.);
#1214=ORIENTED_EDGE('',*,*,#2893,.F.);
#1215=ORIENTED_EDGE('',*,*,#2815,.F.);
#1216=ORIENTED_EDGE('',*,*,#2793,.F.);
#1217=ORIENTED_EDGE('',*,*,#2792,.F.);
#1218=ORIENTED_EDGE('',*,*,#2791,.F.);
#1219=ORIENTED_EDGE('',*,*,#2790,.F.);
#1220=ORIENTED_EDGE('',*,*,#2789,.F.);
#1221=ORIENTED_EDGE('',*,*,#2788,.F.);
#1222=ORIENTED_EDGE('',*,*,#2787,.F.);
#1223=ORIENTED_EDGE('',*,*,#2786,.F.);
#1224=ORIENTED_EDGE('',*,*,#2888,.F.);
#1225=ORIENTED_EDGE('',*,*,#2811,.F.);
#1226=ORIENTED_EDGE('',*,*,#2794,.T.);
#1227=ORIENTED_EDGE('',*,*,#2803,.T.);
#1228=ORIENTED_EDGE('',*,*,#2786,.T.);
#1229=ORIENTED_EDGE('',*,*,#2802,.F.);
#1230=ORIENTED_EDGE('',*,*,#2795,.T.);
#1231=ORIENTED_EDGE('',*,*,#2802,.T.);
#1232=ORIENTED_EDGE('',*,*,#2787,.T.);
#1233=ORIENTED_EDGE('',*,*,#2804,.F.);
#1234=ORIENTED_EDGE('',*,*,#2796,.T.);
#1235=ORIENTED_EDGE('',*,*,#2804,.T.);
#1236=ORIENTED_EDGE('',*,*,#2788,.T.);
#1237=ORIENTED_EDGE('',*,*,#2805,.F.);
#1238=ORIENTED_EDGE('',*,*,#2797,.T.);
#1239=ORIENTED_EDGE('',*,*,#2805,.T.);
#1240=ORIENTED_EDGE('',*,*,#2789,.T.);
#1241=ORIENTED_EDGE('',*,*,#2806,.F.);
#1242=ORIENTED_EDGE('',*,*,#2798,.T.);
#1243=ORIENTED_EDGE('',*,*,#2806,.T.);
#1244=ORIENTED_EDGE('',*,*,#2790,.T.);
#1245=ORIENTED_EDGE('',*,*,#2807,.F.);
#1246=ORIENTED_EDGE('',*,*,#2799,.T.);
#1247=ORIENTED_EDGE('',*,*,#2807,.T.);
#1248=ORIENTED_EDGE('',*,*,#2791,.T.);
#1249=ORIENTED_EDGE('',*,*,#2808,.F.);
#1250=ORIENTED_EDGE('',*,*,#2800,.T.);
#1251=ORIENTED_EDGE('',*,*,#2808,.T.);
#1252=ORIENTED_EDGE('',*,*,#2792,.T.);
#1253=ORIENTED_EDGE('',*,*,#2809,.F.);
#1254=ORIENTED_EDGE('',*,*,#2801,.T.);
#1255=ORIENTED_EDGE('',*,*,#2809,.T.);
#1256=ORIENTED_EDGE('',*,*,#2793,.T.);
#1257=ORIENTED_EDGE('',*,*,#2803,.F.);
#1258=ORIENTED_EDGE('',*,*,#2888,.T.);
#1259=ORIENTED_EDGE('',*,*,#2812,.T.);
#1260=ORIENTED_EDGE('',*,*,#2887,.F.);
#1261=ORIENTED_EDGE('',*,*,#2886,.F.);
#1262=ORIENTED_EDGE('',*,*,#2748,.F.);
#1263=ORIENTED_EDGE('',*,*,#2746,.T.);
#1264=ORIENTED_EDGE('',*,*,#2747,.T.);
#1265=ORIENTED_EDGE('',*,*,#2817,.F.);
#1266=ORIENTED_EDGE('',*,*,#2747,.F.);
#1267=ORIENTED_EDGE('',*,*,#2749,.T.);
#1268=ORIENTED_EDGE('',*,*,#2750,.T.);
#1269=ORIENTED_EDGE('',*,*,#2834,.F.);
#1270=ORIENTED_EDGE('',*,*,#2750,.F.);
#1271=ORIENTED_EDGE('',*,*,#2751,.T.);
#1272=ORIENTED_EDGE('',*,*,#2752,.T.);
#1273=ORIENTED_EDGE('',*,*,#2818,.F.);
#1274=ORIENTED_EDGE('',*,*,#2752,.F.);
#1275=ORIENTED_EDGE('',*,*,#2753,.T.);
#1276=ORIENTED_EDGE('',*,*,#2754,.T.);
#1277=ORIENTED_EDGE('',*,*,#2838,.F.);
#1278=ORIENTED_EDGE('',*,*,#2754,.F.);
#1279=ORIENTED_EDGE('',*,*,#2755,.T.);
#1280=ORIENTED_EDGE('',*,*,#2756,.T.);
#1281=ORIENTED_EDGE('',*,*,#2819,.F.);
#1282=ORIENTED_EDGE('',*,*,#2756,.F.);
#1283=ORIENTED_EDGE('',*,*,#2757,.T.);
#1284=ORIENTED_EDGE('',*,*,#2758,.T.);
#1285=ORIENTED_EDGE('',*,*,#2842,.F.);
#1286=ORIENTED_EDGE('',*,*,#2758,.F.);
#1287=ORIENTED_EDGE('',*,*,#2759,.T.);
#1288=ORIENTED_EDGE('',*,*,#2760,.T.);
#1289=ORIENTED_EDGE('',*,*,#2820,.F.);
#1290=ORIENTED_EDGE('',*,*,#2760,.F.);
#1291=ORIENTED_EDGE('',*,*,#2761,.T.);
#1292=ORIENTED_EDGE('',*,*,#2762,.T.);
#1293=ORIENTED_EDGE('',*,*,#2846,.F.);
#1294=ORIENTED_EDGE('',*,*,#2762,.F.);
#1295=ORIENTED_EDGE('',*,*,#2763,.T.);
#1296=ORIENTED_EDGE('',*,*,#2764,.T.);
#1297=ORIENTED_EDGE('',*,*,#2849,.F.);
#1298=ORIENTED_EDGE('',*,*,#2764,.F.);
#1299=ORIENTED_EDGE('',*,*,#2765,.T.);
#1300=ORIENTED_EDGE('',*,*,#2766,.T.);
#1301=ORIENTED_EDGE('',*,*,#2852,.F.);
#1302=ORIENTED_EDGE('',*,*,#2766,.F.);
#1303=ORIENTED_EDGE('',*,*,#2767,.T.);
#1304=ORIENTED_EDGE('',*,*,#2768,.T.);
#1305=ORIENTED_EDGE('',*,*,#2821,.F.);
#1306=ORIENTED_EDGE('',*,*,#2768,.F.);
#1307=ORIENTED_EDGE('',*,*,#2769,.T.);
#1308=ORIENTED_EDGE('',*,*,#2770,.T.);
#1309=ORIENTED_EDGE('',*,*,#2857,.F.);
#1310=ORIENTED_EDGE('',*,*,#2770,.F.);
#1311=ORIENTED_EDGE('',*,*,#2771,.T.);
#1312=ORIENTED_EDGE('',*,*,#2772,.T.);
#1313=ORIENTED_EDGE('',*,*,#2822,.F.);
#1314=ORIENTED_EDGE('',*,*,#2772,.F.);
#1315=ORIENTED_EDGE('',*,*,#2773,.T.);
#1316=ORIENTED_EDGE('',*,*,#2774,.T.);
#1317=ORIENTED_EDGE('',*,*,#2861,.F.);
#1318=ORIENTED_EDGE('',*,*,#2774,.F.);
#1319=ORIENTED_EDGE('',*,*,#2775,.T.);
#1320=ORIENTED_EDGE('',*,*,#2776,.T.);
#1321=ORIENTED_EDGE('',*,*,#2823,.F.);
#1322=ORIENTED_EDGE('',*,*,#2776,.F.);
#1323=ORIENTED_EDGE('',*,*,#2777,.T.);
#1324=ORIENTED_EDGE('',*,*,#2778,.T.);
#1325=ORIENTED_EDGE('',*,*,#2865,.F.);
#1326=ORIENTED_EDGE('',*,*,#2778,.F.);
#1327=ORIENTED_EDGE('',*,*,#2779,.T.);
#1328=ORIENTED_EDGE('',*,*,#2780,.T.);
#1329=ORIENTED_EDGE('',*,*,#2824,.F.);
#1330=ORIENTED_EDGE('',*,*,#2780,.F.);
#1331=ORIENTED_EDGE('',*,*,#2781,.T.);
#1332=ORIENTED_EDGE('',*,*,#2782,.T.);
#1333=ORIENTED_EDGE('',*,*,#2869,.F.);
#1334=ORIENTED_EDGE('',*,*,#2782,.F.);
#1335=ORIENTED_EDGE('',*,*,#2783,.T.);
#1336=ORIENTED_EDGE('',*,*,#2784,.T.);
#1337=ORIENTED_EDGE('',*,*,#2872,.F.);
#1338=ORIENTED_EDGE('',*,*,#2784,.F.);
#1339=ORIENTED_EDGE('',*,*,#2785,.T.);
#1340=ORIENTED_EDGE('',*,*,#2748,.T.);
#1341=ORIENTED_EDGE('',*,*,#2874,.F.);
#1342=ORIENTED_EDGE('',*,*,#2863,.T.);
#1343=ORIENTED_EDGE('',*,*,#2828,.T.);
#1344=ORIENTED_EDGE('',*,*,#2868,.T.);
#1345=ORIENTED_EDGE('',*,*,#2870,.T.);
#1346=ORIENTED_EDGE('',*,*,#2873,.T.);
#1347=ORIENTED_EDGE('',*,*,#2875,.T.);
#1348=ORIENTED_EDGE('',*,*,#2832,.T.);
#1349=ORIENTED_EDGE('',*,*,#2830,.T.);
#1350=ORIENTED_EDGE('',*,*,#2836,.T.);
#1351=ORIENTED_EDGE('',*,*,#2829,.T.);
#1352=ORIENTED_EDGE('',*,*,#2840,.T.);
#1353=ORIENTED_EDGE('',*,*,#2827,.T.);
#1354=ORIENTED_EDGE('',*,*,#2845,.T.);
#1355=ORIENTED_EDGE('',*,*,#2847,.T.);
#1356=ORIENTED_EDGE('',*,*,#2850,.T.);
#1357=ORIENTED_EDGE('',*,*,#2853,.T.);
#1358=ORIENTED_EDGE('',*,*,#2855,.T.);
#1359=ORIENTED_EDGE('',*,*,#2826,.T.);
#1360=ORIENTED_EDGE('',*,*,#2859,.T.);
#1361=ORIENTED_EDGE('',*,*,#2825,.T.);
#1362=ORIENTED_EDGE('',*,*,#2900,.F.);
#1363=ORIENTED_EDGE('',*,*,#2744,.F.);
#1364=ORIENTED_EDGE('',*,*,#2896,.F.);
#1365=ORIENTED_EDGE('',*,*,#2879,.F.);
#1366=ORIENTED_EDGE('',*,*,#2898,.F.);
#1367=ORIENTED_EDGE('',*,*,#2882,.F.);
#1368=ORIENTED_EDGE('',*,*,#2817,.T.);
#1369=ORIENTED_EDGE('',*,*,#2831,.T.);
#1370=ORIENTED_EDGE('',*,*,#2832,.F.);
#1371=ORIENTED_EDGE('',*,*,#2833,.T.);
#1372=ORIENTED_EDGE('',*,*,#2834,.T.);
#1373=ORIENTED_EDGE('',*,*,#2835,.T.);
#1374=ORIENTED_EDGE('',*,*,#2830,.F.);
#1375=ORIENTED_EDGE('',*,*,#2831,.F.);
#1376=ORIENTED_EDGE('',*,*,#2818,.T.);
#1377=ORIENTED_EDGE('',*,*,#2837,.F.);
#1378=ORIENTED_EDGE('',*,*,#2836,.F.);
#1379=ORIENTED_EDGE('',*,*,#2835,.F.);
#1380=ORIENTED_EDGE('',*,*,#2838,.T.);
#1381=ORIENTED_EDGE('',*,*,#2839,.T.);
#1382=ORIENTED_EDGE('',*,*,#2829,.F.);
#1383=ORIENTED_EDGE('',*,*,#2837,.T.);
#1384=ORIENTED_EDGE('',*,*,#2819,.T.);
#1385=ORIENTED_EDGE('',*,*,#2841,.F.);
#1386=ORIENTED_EDGE('',*,*,#2840,.F.);
#1387=ORIENTED_EDGE('',*,*,#2839,.F.);
#1388=ORIENTED_EDGE('',*,*,#2842,.T.);
#1389=ORIENTED_EDGE('',*,*,#2843,.T.);
#1390=ORIENTED_EDGE('',*,*,#2827,.F.);
#1391=ORIENTED_EDGE('',*,*,#2841,.T.);
#1392=ORIENTED_EDGE('',*,*,#2820,.T.);
#1393=ORIENTED_EDGE('',*,*,#2844,.T.);
#1394=ORIENTED_EDGE('',*,*,#2845,.F.);
#1395=ORIENTED_EDGE('',*,*,#2843,.F.);
#1396=ORIENTED_EDGE('',*,*,#2846,.T.);
#1397=ORIENTED_EDGE('',*,*,#2848,.T.);
#1398=ORIENTED_EDGE('',*,*,#2847,.F.);
#1399=ORIENTED_EDGE('',*,*,#2844,.F.);
#1400=ORIENTED_EDGE('',*,*,#2849,.T.);
#1401=ORIENTED_EDGE('',*,*,#2851,.F.);
#1402=ORIENTED_EDGE('',*,*,#2850,.F.);
#1403=ORIENTED_EDGE('',*,*,#2848,.F.);
#1404=ORIENTED_EDGE('',*,*,#2852,.T.);
#1405=ORIENTED_EDGE('',*,*,#2854,.T.);
#1406=ORIENTED_EDGE('',*,*,#2853,.F.);
#1407=ORIENTED_EDGE('',*,*,#2851,.T.);
#1408=ORIENTED_EDGE('',*,*,#2821,.T.);
#1409=ORIENTED_EDGE('',*,*,#2856,.F.);
#1410=ORIENTED_EDGE('',*,*,#2855,.F.);
#1411=ORIENTED_EDGE('',*,*,#2854,.F.);
#1412=ORIENTED_EDGE('',*,*,#2857,.T.);
#1413=ORIENTED_EDGE('',*,*,#2860,.F.);
#1414=ORIENTED_EDGE('',*,*,#2826,.F.);
#1415=ORIENTED_EDGE('',*,*,#2856,.T.);
#1416=ORIENTED_EDGE('',*,*,#2822,.T.);
#1417=ORIENTED_EDGE('',*,*,#2858,.T.);
#1418=ORIENTED_EDGE('',*,*,#2859,.F.);
#1419=ORIENTED_EDGE('',*,*,#2860,.T.);
#1420=ORIENTED_EDGE('',*,*,#2861,.T.);
#1421=ORIENTED_EDGE('',*,*,#2864,.F.);
#1422=ORIENTED_EDGE('',*,*,#2825,.F.);
#1423=ORIENTED_EDGE('',*,*,#2858,.F.);
#1424=ORIENTED_EDGE('',*,*,#2823,.T.);
#1425=ORIENTED_EDGE('',*,*,#2862,.T.);
#1426=ORIENTED_EDGE('',*,*,#2863,.F.);
#1427=ORIENTED_EDGE('',*,*,#2864,.T.);
#1428=ORIENTED_EDGE('',*,*,#2865,.T.);
#1429=ORIENTED_EDGE('',*,*,#2866,.T.);
#1430=ORIENTED_EDGE('',*,*,#2828,.F.);
#1431=ORIENTED_EDGE('',*,*,#2862,.F.);
#1432=ORIENTED_EDGE('',*,*,#2824,.T.);
#1433=ORIENTED_EDGE('',*,*,#2867,.T.);
#1434=ORIENTED_EDGE('',*,*,#2868,.F.);
#1435=ORIENTED_EDGE('',*,*,#2866,.F.);
#1436=ORIENTED_EDGE('',*,*,#2869,.T.);
#1437=ORIENTED_EDGE('',*,*,#2871,.T.);
#1438=ORIENTED_EDGE('',*,*,#2870,.F.);
#1439=ORIENTED_EDGE('',*,*,#2867,.F.);
#1440=ORIENTED_EDGE('',*,*,#2872,.T.);
#1441=ORIENTED_EDGE('',*,*,#2876,.F.);
#1442=ORIENTED_EDGE('',*,*,#2873,.F.);
#1443=ORIENTED_EDGE('',*,*,#2871,.F.);
#1444=ORIENTED_EDGE('',*,*,#2874,.T.);
#1445=ORIENTED_EDGE('',*,*,#2833,.F.);
#1446=ORIENTED_EDGE('',*,*,#2875,.F.);
#1447=ORIENTED_EDGE('',*,*,#2876,.T.);
#1448=ORIENTED_EDGE('',*,*,#2890,.T.);
#1449=ORIENTED_EDGE('',*,*,#2814,.T.);
#1450=ORIENTED_EDGE('',*,*,#2877,.T.);
#1451=ORIENTED_EDGE('',*,*,#2889,.F.);
#1452=ORIENTED_EDGE('',*,*,#2893,.T.);
#1453=ORIENTED_EDGE('',*,*,#2816,.T.);
#1454=ORIENTED_EDGE('',*,*,#2880,.T.);
#1455=ORIENTED_EDGE('',*,*,#2892,.F.);
#1456=ORIENTED_EDGE('',*,*,#2877,.F.);
#1457=ORIENTED_EDGE('',*,*,#2878,.T.);
#1458=ORIENTED_EDGE('',*,*,#2879,.T.);
#1459=ORIENTED_EDGE('',*,*,#2895,.F.);
#1460=ORIENTED_EDGE('',*,*,#2880,.F.);
#1461=ORIENTED_EDGE('',*,*,#2881,.T.);
#1462=ORIENTED_EDGE('',*,*,#2882,.T.);
#1463=ORIENTED_EDGE('',*,*,#2897,.F.);
#1464=ORIENTED_EDGE('',*,*,#2899,.T.);
#1465=ORIENTED_EDGE('',*,*,#2883,.F.);
#1466=ORIENTED_EDGE('',*,*,#2745,.F.);
#1467=ORIENTED_EDGE('',*,*,#2744,.T.);
#1468=ORIENTED_EDGE('',*,*,#2885,.T.);
#1469=ORIENTED_EDGE('',*,*,#2903,.T.);
#1470=ORIENTED_EDGE('',*,*,#2810,.T.);
#1471=ORIENTED_EDGE('',*,*,#2887,.T.);
#1472=ORIENTED_EDGE('',*,*,#2902,.T.);
#1473=ORIENTED_EDGE('',*,*,#2885,.F.);
#1474=ORIENTED_EDGE('',*,*,#2884,.F.);
#1475=ORIENTED_EDGE('',*,*,#2883,.T.);
#1476=ORIENTED_EDGE('',*,*,#2886,.T.);
#1477=ORIENTED_EDGE('',*,*,#2810,.F.);
#1478=ORIENTED_EDGE('',*,*,#2812,.F.);
#1479=ORIENTED_EDGE('',*,*,#2811,.T.);
#1480=ORIENTED_EDGE('',*,*,#2889,.T.);
#1481=ORIENTED_EDGE('',*,*,#2891,.T.);
#1482=ORIENTED_EDGE('',*,*,#2814,.F.);
#1483=ORIENTED_EDGE('',*,*,#2813,.T.);
#1484=ORIENTED_EDGE('',*,*,#2892,.T.);
#1485=ORIENTED_EDGE('',*,*,#2894,.T.);
#1486=ORIENTED_EDGE('',*,*,#2816,.F.);
#1487=ORIENTED_EDGE('',*,*,#2815,.T.);
#1488=ORIENTED_EDGE('',*,*,#2895,.T.);
#1489=ORIENTED_EDGE('',*,*,#2896,.T.);
#1490=ORIENTED_EDGE('',*,*,#2878,.F.);
#1491=ORIENTED_EDGE('',*,*,#2891,.F.);
#1492=ORIENTED_EDGE('',*,*,#2897,.T.);
#1493=ORIENTED_EDGE('',*,*,#2898,.T.);
#1494=ORIENTED_EDGE('',*,*,#2881,.F.);
#1495=ORIENTED_EDGE('',*,*,#2894,.F.);
#1496=ORIENTED_EDGE('',*,*,#2900,.T.);
#1497=ORIENTED_EDGE('',*,*,#2745,.T.);
#1498=ORIENTED_EDGE('',*,*,#2901,.F.);
#1499=ORIENTED_EDGE('',*,*,#2899,.F.);
#1500=ORIENTED_EDGE('',*,*,#2901,.T.);
#1501=ORIENTED_EDGE('',*,*,#2884,.T.);
#1502=ORIENTED_EDGE('',*,*,#2903,.F.);
#1503=ORIENTED_EDGE('',*,*,#2902,.F.);
#1504=ORIENTED_EDGE('',*,*,#2904,.T.);
#1505=ORIENTED_EDGE('',*,*,#2905,.T.);
#1506=ORIENTED_EDGE('',*,*,#2906,.T.);
#1507=ORIENTED_EDGE('',*,*,#2907,.T.);
#1508=ORIENTED_EDGE('',*,*,#2908,.T.);
#1509=ORIENTED_EDGE('',*,*,#2911,.T.);
#1510=ORIENTED_EDGE('',*,*,#2910,.T.);
#1511=ORIENTED_EDGE('',*,*,#2909,.T.);
#1512=ORIENTED_EDGE('',*,*,#2912,.T.);
#1513=ORIENTED_EDGE('',*,*,#2913,.T.);
#1514=ORIENTED_EDGE('',*,*,#2914,.T.);
#1515=ORIENTED_EDGE('',*,*,#2915,.T.);
#1516=ORIENTED_EDGE('',*,*,#2920,.T.);
#1517=ORIENTED_EDGE('',*,*,#2912,.F.);
#1518=ORIENTED_EDGE('',*,*,#2921,.F.);
#1519=ORIENTED_EDGE('',*,*,#2916,.F.);
#1520=ORIENTED_EDGE('',*,*,#2922,.T.);
#1521=ORIENTED_EDGE('',*,*,#2913,.F.);
#1522=ORIENTED_EDGE('',*,*,#2920,.F.);
#1523=ORIENTED_EDGE('',*,*,#2917,.F.);
#1524=ORIENTED_EDGE('',*,*,#2923,.T.);
#1525=ORIENTED_EDGE('',*,*,#2914,.F.);
#1526=ORIENTED_EDGE('',*,*,#2922,.F.);
#1527=ORIENTED_EDGE('',*,*,#2918,.F.);
#1528=ORIENTED_EDGE('',*,*,#2921,.T.);
#1529=ORIENTED_EDGE('',*,*,#2915,.F.);
#1530=ORIENTED_EDGE('',*,*,#2923,.F.);
#1531=ORIENTED_EDGE('',*,*,#2919,.F.);
#1532=ORIENTED_EDGE('',*,*,#2916,.T.);
#1533=ORIENTED_EDGE('',*,*,#2919,.T.);
#1534=ORIENTED_EDGE('',*,*,#2918,.T.);
#1535=ORIENTED_EDGE('',*,*,#2917,.T.);
#1536=ORIENTED_EDGE('',*,*,#2932,.T.);
#1537=ORIENTED_EDGE('',*,*,#2926,.F.);
#1538=ORIENTED_EDGE('',*,*,#2924,.T.);
#1539=ORIENTED_EDGE('',*,*,#2925,.T.);
#1540=ORIENTED_EDGE('',*,*,#2933,.T.);
#1541=ORIENTED_EDGE('',*,*,#2925,.F.);
#1542=ORIENTED_EDGE('',*,*,#2927,.T.);
#1543=ORIENTED_EDGE('',*,*,#2928,.T.);
#1544=ORIENTED_EDGE('',*,*,#2934,.T.);
#1545=ORIENTED_EDGE('',*,*,#2928,.F.);
#1546=ORIENTED_EDGE('',*,*,#2929,.T.);
#1547=ORIENTED_EDGE('',*,*,#2930,.T.);
#1548=ORIENTED_EDGE('',*,*,#2935,.T.);
#1549=ORIENTED_EDGE('',*,*,#2930,.F.);
#1550=ORIENTED_EDGE('',*,*,#2931,.T.);
#1551=ORIENTED_EDGE('',*,*,#2926,.T.);
#1552=ORIENTED_EDGE('',*,*,#2931,.F.);
#1553=ORIENTED_EDGE('',*,*,#2929,.F.);
#1554=ORIENTED_EDGE('',*,*,#2927,.F.);
#1555=ORIENTED_EDGE('',*,*,#2924,.F.);
#1556=ORIENTED_EDGE('',*,*,#2933,.F.);
#1557=ORIENTED_EDGE('',*,*,#2934,.F.);
#1558=ORIENTED_EDGE('',*,*,#2935,.F.);
#1559=ORIENTED_EDGE('',*,*,#2932,.F.);
#1560=ORIENTED_EDGE('',*,*,#2937,.F.);
#1561=ORIENTED_EDGE('',*,*,#2938,.F.);
#1562=ORIENTED_EDGE('',*,*,#2939,.F.);
#1563=ORIENTED_EDGE('',*,*,#2936,.F.);
#1564=ORIENTED_EDGE('',*,*,#2940,.T.);
#1565=ORIENTED_EDGE('',*,*,#2941,.T.);
#1566=ORIENTED_EDGE('',*,*,#2942,.F.);
#1567=ORIENTED_EDGE('',*,*,#2943,.F.);
#1568=ORIENTED_EDGE('',*,*,#2944,.T.);
#1569=ORIENTED_EDGE('',*,*,#2945,.T.);
#1570=ORIENTED_EDGE('',*,*,#2946,.F.);
#1571=ORIENTED_EDGE('',*,*,#2941,.F.);
#1572=ORIENTED_EDGE('',*,*,#2947,.T.);
#1573=ORIENTED_EDGE('',*,*,#2948,.T.);
#1574=ORIENTED_EDGE('',*,*,#2949,.F.);
#1575=ORIENTED_EDGE('',*,*,#2945,.F.);
#1576=ORIENTED_EDGE('',*,*,#2950,.T.);
#1577=ORIENTED_EDGE('',*,*,#2943,.T.);
#1578=ORIENTED_EDGE('',*,*,#2951,.F.);
#1579=ORIENTED_EDGE('',*,*,#2948,.F.);
#1580=ORIENTED_EDGE('',*,*,#2950,.F.);
#1581=ORIENTED_EDGE('',*,*,#2947,.F.);
#1582=ORIENTED_EDGE('',*,*,#2944,.F.);
#1583=ORIENTED_EDGE('',*,*,#2940,.F.);
#1584=ORIENTED_EDGE('',*,*,#2942,.T.);
#1585=ORIENTED_EDGE('',*,*,#2946,.T.);
#1586=ORIENTED_EDGE('',*,*,#2949,.T.);
#1587=ORIENTED_EDGE('',*,*,#2951,.T.);
#1588=ORIENTED_EDGE('',*,*,#2952,.T.);
#1589=ORIENTED_EDGE('',*,*,#2953,.T.);
#1590=ORIENTED_EDGE('',*,*,#2954,.F.);
#1591=ORIENTED_EDGE('',*,*,#2955,.F.);
#1592=ORIENTED_EDGE('',*,*,#2956,.T.);
#1593=ORIENTED_EDGE('',*,*,#2957,.T.);
#1594=ORIENTED_EDGE('',*,*,#2958,.F.);
#1595=ORIENTED_EDGE('',*,*,#2953,.F.);
#1596=ORIENTED_EDGE('',*,*,#2959,.T.);
#1597=ORIENTED_EDGE('',*,*,#2960,.T.);
#1598=ORIENTED_EDGE('',*,*,#2961,.F.);
#1599=ORIENTED_EDGE('',*,*,#2957,.F.);
#1600=ORIENTED_EDGE('',*,*,#2962,.T.);
#1601=ORIENTED_EDGE('',*,*,#2955,.T.);
#1602=ORIENTED_EDGE('',*,*,#2963,.F.);
#1603=ORIENTED_EDGE('',*,*,#2960,.F.);
#1604=ORIENTED_EDGE('',*,*,#2962,.F.);
#1605=ORIENTED_EDGE('',*,*,#2959,.F.);
#1606=ORIENTED_EDGE('',*,*,#2956,.F.);
#1607=ORIENTED_EDGE('',*,*,#2952,.F.);
#1608=ORIENTED_EDGE('',*,*,#2954,.T.);
#1609=ORIENTED_EDGE('',*,*,#2958,.T.);
#1610=ORIENTED_EDGE('',*,*,#2961,.T.);
#1611=ORIENTED_EDGE('',*,*,#2963,.T.);
#1612=ORIENTED_EDGE('',*,*,#2964,.T.);
#1613=ORIENTED_EDGE('',*,*,#2965,.T.);
#1614=ORIENTED_EDGE('',*,*,#2966,.F.);
#1615=ORIENTED_EDGE('',*,*,#2967,.F.);
#1616=ORIENTED_EDGE('',*,*,#2968,.T.);
#1617=ORIENTED_EDGE('',*,*,#2969,.T.);
#1618=ORIENTED_EDGE('',*,*,#2970,.F.);
#1619=ORIENTED_EDGE('',*,*,#2965,.F.);
#1620=ORIENTED_EDGE('',*,*,#2971,.T.);
#1621=ORIENTED_EDGE('',*,*,#2972,.T.);
#1622=ORIENTED_EDGE('',*,*,#2973,.F.);
#1623=ORIENTED_EDGE('',*,*,#2969,.F.);
#1624=ORIENTED_EDGE('',*,*,#2974,.T.);
#1625=ORIENTED_EDGE('',*,*,#2967,.T.);
#1626=ORIENTED_EDGE('',*,*,#2975,.F.);
#1627=ORIENTED_EDGE('',*,*,#2972,.F.);
#1628=ORIENTED_EDGE('',*,*,#2974,.F.);
#1629=ORIENTED_EDGE('',*,*,#2971,.F.);
#1630=ORIENTED_EDGE('',*,*,#2968,.F.);
#1631=ORIENTED_EDGE('',*,*,#2964,.F.);
#1632=ORIENTED_EDGE('',*,*,#2966,.T.);
#1633=ORIENTED_EDGE('',*,*,#2970,.T.);
#1634=ORIENTED_EDGE('',*,*,#2973,.T.);
#1635=ORIENTED_EDGE('',*,*,#2975,.T.);
#1636=ORIENTED_EDGE('',*,*,#2976,.T.);
#1637=ORIENTED_EDGE('',*,*,#2977,.T.);
#1638=ORIENTED_EDGE('',*,*,#2978,.F.);
#1639=ORIENTED_EDGE('',*,*,#2979,.F.);
#1640=ORIENTED_EDGE('',*,*,#2980,.T.);
#1641=ORIENTED_EDGE('',*,*,#2981,.T.);
#1642=ORIENTED_EDGE('',*,*,#2982,.F.);
#1643=ORIENTED_EDGE('',*,*,#2977,.F.);
#1644=ORIENTED_EDGE('',*,*,#2983,.T.);
#1645=ORIENTED_EDGE('',*,*,#2984,.T.);
#1646=ORIENTED_EDGE('',*,*,#2985,.F.);
#1647=ORIENTED_EDGE('',*,*,#2981,.F.);
#1648=ORIENTED_EDGE('',*,*,#2986,.T.);
#1649=ORIENTED_EDGE('',*,*,#2979,.T.);
#1650=ORIENTED_EDGE('',*,*,#2987,.F.);
#1651=ORIENTED_EDGE('',*,*,#2984,.F.);
#1652=ORIENTED_EDGE('',*,*,#2986,.F.);
#1653=ORIENTED_EDGE('',*,*,#2983,.F.);
#1654=ORIENTED_EDGE('',*,*,#2980,.F.);
#1655=ORIENTED_EDGE('',*,*,#2976,.F.);
#1656=ORIENTED_EDGE('',*,*,#2978,.T.);
#1657=ORIENTED_EDGE('',*,*,#2982,.T.);
#1658=ORIENTED_EDGE('',*,*,#2985,.T.);
#1659=ORIENTED_EDGE('',*,*,#2987,.T.);
#1660=ORIENTED_EDGE('',*,*,#2988,.T.);
#1661=ORIENTED_EDGE('',*,*,#2989,.T.);
#1662=ORIENTED_EDGE('',*,*,#2990,.F.);
#1663=ORIENTED_EDGE('',*,*,#2991,.F.);
#1664=ORIENTED_EDGE('',*,*,#2992,.T.);
#1665=ORIENTED_EDGE('',*,*,#2993,.T.);
#1666=ORIENTED_EDGE('',*,*,#2994,.F.);
#1667=ORIENTED_EDGE('',*,*,#2989,.F.);
#1668=ORIENTED_EDGE('',*,*,#2995,.T.);
#1669=ORIENTED_EDGE('',*,*,#2996,.T.);
#1670=ORIENTED_EDGE('',*,*,#2997,.F.);
#1671=ORIENTED_EDGE('',*,*,#2993,.F.);
#1672=ORIENTED_EDGE('',*,*,#2998,.T.);
#1673=ORIENTED_EDGE('',*,*,#2991,.T.);
#1674=ORIENTED_EDGE('',*,*,#2999,.F.);
#1675=ORIENTED_EDGE('',*,*,#2996,.F.);
#1676=ORIENTED_EDGE('',*,*,#2998,.F.);
#1677=ORIENTED_EDGE('',*,*,#2995,.F.);
#1678=ORIENTED_EDGE('',*,*,#2992,.F.);
#1679=ORIENTED_EDGE('',*,*,#2988,.F.);
#1680=ORIENTED_EDGE('',*,*,#2990,.T.);
#1681=ORIENTED_EDGE('',*,*,#2994,.T.);
#1682=ORIENTED_EDGE('',*,*,#2997,.T.);
#1683=ORIENTED_EDGE('',*,*,#2999,.T.);
#1684=ORIENTED_EDGE('',*,*,#3000,.T.);
#1685=ORIENTED_EDGE('',*,*,#3001,.T.);
#1686=ORIENTED_EDGE('',*,*,#3002,.F.);
#1687=ORIENTED_EDGE('',*,*,#3003,.F.);
#1688=ORIENTED_EDGE('',*,*,#3004,.T.);
#1689=ORIENTED_EDGE('',*,*,#3005,.T.);
#1690=ORIENTED_EDGE('',*,*,#3006,.F.);
#1691=ORIENTED_EDGE('',*,*,#3001,.F.);
#1692=ORIENTED_EDGE('',*,*,#3007,.T.);
#1693=ORIENTED_EDGE('',*,*,#3008,.T.);
#1694=ORIENTED_EDGE('',*,*,#3009,.F.);
#1695=ORIENTED_EDGE('',*,*,#3005,.F.);
#1696=ORIENTED_EDGE('',*,*,#3010,.T.);
#1697=ORIENTED_EDGE('',*,*,#3003,.T.);
#1698=ORIENTED_EDGE('',*,*,#3011,.F.);
#1699=ORIENTED_EDGE('',*,*,#3008,.F.);
#1700=ORIENTED_EDGE('',*,*,#3010,.F.);
#1701=ORIENTED_EDGE('',*,*,#3007,.F.);
#1702=ORIENTED_EDGE('',*,*,#3004,.F.);
#1703=ORIENTED_EDGE('',*,*,#3000,.F.);
#1704=ORIENTED_EDGE('',*,*,#3002,.T.);
#1705=ORIENTED_EDGE('',*,*,#3006,.T.);
#1706=ORIENTED_EDGE('',*,*,#3009,.T.);
#1707=ORIENTED_EDGE('',*,*,#3011,.T.);
#1708=ORIENTED_EDGE('',*,*,#3012,.T.);
#1709=ORIENTED_EDGE('',*,*,#3013,.T.);
#1710=ORIENTED_EDGE('',*,*,#3014,.F.);
#1711=ORIENTED_EDGE('',*,*,#3015,.F.);
#1712=ORIENTED_EDGE('',*,*,#3016,.T.);
#1713=ORIENTED_EDGE('',*,*,#3017,.T.);
#1714=ORIENTED_EDGE('',*,*,#3018,.F.);
#1715=ORIENTED_EDGE('',*,*,#3013,.F.);
#1716=ORIENTED_EDGE('',*,*,#3019,.T.);
#1717=ORIENTED_EDGE('',*,*,#3020,.T.);
#1718=ORIENTED_EDGE('',*,*,#3021,.F.);
#1719=ORIENTED_EDGE('',*,*,#3017,.F.);
#1720=ORIENTED_EDGE('',*,*,#3022,.T.);
#1721=ORIENTED_EDGE('',*,*,#3015,.T.);
#1722=ORIENTED_EDGE('',*,*,#3023,.F.);
#1723=ORIENTED_EDGE('',*,*,#3020,.F.);
#1724=ORIENTED_EDGE('',*,*,#3022,.F.);
#1725=ORIENTED_EDGE('',*,*,#3019,.F.);
#1726=ORIENTED_EDGE('',*,*,#3016,.F.);
#1727=ORIENTED_EDGE('',*,*,#3012,.F.);
#1728=ORIENTED_EDGE('',*,*,#3014,.T.);
#1729=ORIENTED_EDGE('',*,*,#3018,.T.);
#1730=ORIENTED_EDGE('',*,*,#3021,.T.);
#1731=ORIENTED_EDGE('',*,*,#3023,.T.);
#1732=ORIENTED_EDGE('',*,*,#3024,.T.);
#1733=ORIENTED_EDGE('',*,*,#3025,.T.);
#1734=ORIENTED_EDGE('',*,*,#3026,.F.);
#1735=ORIENTED_EDGE('',*,*,#3027,.F.);
#1736=ORIENTED_EDGE('',*,*,#3028,.T.);
#1737=ORIENTED_EDGE('',*,*,#3029,.T.);
#1738=ORIENTED_EDGE('',*,*,#3030,.F.);
#1739=ORIENTED_EDGE('',*,*,#3025,.F.);
#1740=ORIENTED_EDGE('',*,*,#3031,.T.);
#1741=ORIENTED_EDGE('',*,*,#3032,.T.);
#1742=ORIENTED_EDGE('',*,*,#3033,.F.);
#1743=ORIENTED_EDGE('',*,*,#3029,.F.);
#1744=ORIENTED_EDGE('',*,*,#3034,.T.);
#1745=ORIENTED_EDGE('',*,*,#3027,.T.);
#1746=ORIENTED_EDGE('',*,*,#3035,.F.);
#1747=ORIENTED_EDGE('',*,*,#3032,.F.);
#1748=ORIENTED_EDGE('',*,*,#3034,.F.);
#1749=ORIENTED_EDGE('',*,*,#3031,.F.);
#1750=ORIENTED_EDGE('',*,*,#3028,.F.);
#1751=ORIENTED_EDGE('',*,*,#3024,.F.);
#1752=ORIENTED_EDGE('',*,*,#3026,.T.);
#1753=ORIENTED_EDGE('',*,*,#3030,.T.);
#1754=ORIENTED_EDGE('',*,*,#3033,.T.);
#1755=ORIENTED_EDGE('',*,*,#3035,.T.);
#1756=ORIENTED_EDGE('',*,*,#3036,.T.);
#1757=ORIENTED_EDGE('',*,*,#3037,.T.);
#1758=ORIENTED_EDGE('',*,*,#3038,.F.);
#1759=ORIENTED_EDGE('',*,*,#3039,.F.);
#1760=ORIENTED_EDGE('',*,*,#3040,.T.);
#1761=ORIENTED_EDGE('',*,*,#3041,.T.);
#1762=ORIENTED_EDGE('',*,*,#3042,.F.);
#1763=ORIENTED_EDGE('',*,*,#3037,.F.);
#1764=ORIENTED_EDGE('',*,*,#3043,.T.);
#1765=ORIENTED_EDGE('',*,*,#3044,.T.);
#1766=ORIENTED_EDGE('',*,*,#3045,.F.);
#1767=ORIENTED_EDGE('',*,*,#3041,.F.);
#1768=ORIENTED_EDGE('',*,*,#3046,.T.);
#1769=ORIENTED_EDGE('',*,*,#3039,.T.);
#1770=ORIENTED_EDGE('',*,*,#3047,.F.);
#1771=ORIENTED_EDGE('',*,*,#3044,.F.);
#1772=ORIENTED_EDGE('',*,*,#3046,.F.);
#1773=ORIENTED_EDGE('',*,*,#3043,.F.);
#1774=ORIENTED_EDGE('',*,*,#3040,.F.);
#1775=ORIENTED_EDGE('',*,*,#3036,.F.);
#1776=ORIENTED_EDGE('',*,*,#3038,.T.);
#1777=ORIENTED_EDGE('',*,*,#3042,.T.);
#1778=ORIENTED_EDGE('',*,*,#3045,.T.);
#1779=ORIENTED_EDGE('',*,*,#3047,.T.);
#1780=ORIENTED_EDGE('',*,*,#3048,.T.);
#1781=ORIENTED_EDGE('',*,*,#3049,.T.);
#1782=ORIENTED_EDGE('',*,*,#3050,.F.);
#1783=ORIENTED_EDGE('',*,*,#3051,.F.);
#1784=ORIENTED_EDGE('',*,*,#3052,.T.);
#1785=ORIENTED_EDGE('',*,*,#3053,.T.);
#1786=ORIENTED_EDGE('',*,*,#3054,.F.);
#1787=ORIENTED_EDGE('',*,*,#3049,.F.);
#1788=ORIENTED_EDGE('',*,*,#3055,.T.);
#1789=ORIENTED_EDGE('',*,*,#3056,.T.);
#1790=ORIENTED_EDGE('',*,*,#3057,.F.);
#1791=ORIENTED_EDGE('',*,*,#3053,.F.);
#1792=ORIENTED_EDGE('',*,*,#3058,.T.);
#1793=ORIENTED_EDGE('',*,*,#3051,.T.);
#1794=ORIENTED_EDGE('',*,*,#3059,.F.);
#1795=ORIENTED_EDGE('',*,*,#3056,.F.);
#1796=ORIENTED_EDGE('',*,*,#3058,.F.);
#1797=ORIENTED_EDGE('',*,*,#3055,.F.);
#1798=ORIENTED_EDGE('',*,*,#3052,.F.);
#1799=ORIENTED_EDGE('',*,*,#3048,.F.);
#1800=ORIENTED_EDGE('',*,*,#3050,.T.);
#1801=ORIENTED_EDGE('',*,*,#3054,.T.);
#1802=ORIENTED_EDGE('',*,*,#3057,.T.);
#1803=ORIENTED_EDGE('',*,*,#3059,.T.);
#1804=ORIENTED_EDGE('',*,*,#3060,.T.);
#1805=ORIENTED_EDGE('',*,*,#3061,.T.);
#1806=ORIENTED_EDGE('',*,*,#3062,.F.);
#1807=ORIENTED_EDGE('',*,*,#3063,.F.);
#1808=ORIENTED_EDGE('',*,*,#3064,.T.);
#1809=ORIENTED_EDGE('',*,*,#3065,.T.);
#1810=ORIENTED_EDGE('',*,*,#3066,.F.);
#1811=ORIENTED_EDGE('',*,*,#3061,.F.);
#1812=ORIENTED_EDGE('',*,*,#3067,.T.);
#1813=ORIENTED_EDGE('',*,*,#3068,.T.);
#1814=ORIENTED_EDGE('',*,*,#3069,.F.);
#1815=ORIENTED_EDGE('',*,*,#3065,.F.);
#1816=ORIENTED_EDGE('',*,*,#3070,.T.);
#1817=ORIENTED_EDGE('',*,*,#3063,.T.);
#1818=ORIENTED_EDGE('',*,*,#3071,.F.);
#1819=ORIENTED_EDGE('',*,*,#3068,.F.);
#1820=ORIENTED_EDGE('',*,*,#3070,.F.);
#1821=ORIENTED_EDGE('',*,*,#3067,.F.);
#1822=ORIENTED_EDGE('',*,*,#3064,.F.);
#1823=ORIENTED_EDGE('',*,*,#3060,.F.);
#1824=ORIENTED_EDGE('',*,*,#3062,.T.);
#1825=ORIENTED_EDGE('',*,*,#3066,.T.);
#1826=ORIENTED_EDGE('',*,*,#3069,.T.);
#1827=ORIENTED_EDGE('',*,*,#3071,.T.);
#1828=ORIENTED_EDGE('',*,*,#3072,.T.);
#1829=ORIENTED_EDGE('',*,*,#3073,.T.);
#1830=ORIENTED_EDGE('',*,*,#3074,.F.);
#1831=ORIENTED_EDGE('',*,*,#3075,.F.);
#1832=ORIENTED_EDGE('',*,*,#3076,.T.);
#1833=ORIENTED_EDGE('',*,*,#3077,.T.);
#1834=ORIENTED_EDGE('',*,*,#3078,.F.);
#1835=ORIENTED_EDGE('',*,*,#3073,.F.);
#1836=ORIENTED_EDGE('',*,*,#3079,.T.);
#1837=ORIENTED_EDGE('',*,*,#3080,.T.);
#1838=ORIENTED_EDGE('',*,*,#3081,.F.);
#1839=ORIENTED_EDGE('',*,*,#3077,.F.);
#1840=ORIENTED_EDGE('',*,*,#3082,.T.);
#1841=ORIENTED_EDGE('',*,*,#3075,.T.);
#1842=ORIENTED_EDGE('',*,*,#3083,.F.);
#1843=ORIENTED_EDGE('',*,*,#3080,.F.);
#1844=ORIENTED_EDGE('',*,*,#3082,.F.);
#1845=ORIENTED_EDGE('',*,*,#3079,.F.);
#1846=ORIENTED_EDGE('',*,*,#3076,.F.);
#1847=ORIENTED_EDGE('',*,*,#3072,.F.);
#1848=ORIENTED_EDGE('',*,*,#3074,.T.);
#1849=ORIENTED_EDGE('',*,*,#3078,.T.);
#1850=ORIENTED_EDGE('',*,*,#3081,.T.);
#1851=ORIENTED_EDGE('',*,*,#3083,.T.);
#1852=ORIENTED_EDGE('',*,*,#3084,.T.);
#1853=ORIENTED_EDGE('',*,*,#3085,.T.);
#1854=ORIENTED_EDGE('',*,*,#3086,.F.);
#1855=ORIENTED_EDGE('',*,*,#3087,.F.);
#1856=ORIENTED_EDGE('',*,*,#3088,.T.);
#1857=ORIENTED_EDGE('',*,*,#3089,.T.);
#1858=ORIENTED_EDGE('',*,*,#3090,.F.);
#1859=ORIENTED_EDGE('',*,*,#3085,.F.);
#1860=ORIENTED_EDGE('',*,*,#3091,.T.);
#1861=ORIENTED_EDGE('',*,*,#3092,.T.);
#1862=ORIENTED_EDGE('',*,*,#3093,.F.);
#1863=ORIENTED_EDGE('',*,*,#3089,.F.);
#1864=ORIENTED_EDGE('',*,*,#3094,.T.);
#1865=ORIENTED_EDGE('',*,*,#3087,.T.);
#1866=ORIENTED_EDGE('',*,*,#3095,.F.);
#1867=ORIENTED_EDGE('',*,*,#3092,.F.);
#1868=ORIENTED_EDGE('',*,*,#3094,.F.);
#1869=ORIENTED_EDGE('',*,*,#3091,.F.);
#1870=ORIENTED_EDGE('',*,*,#3088,.F.);
#1871=ORIENTED_EDGE('',*,*,#3084,.F.);
#1872=ORIENTED_EDGE('',*,*,#3086,.T.);
#1873=ORIENTED_EDGE('',*,*,#3090,.T.);
#1874=ORIENTED_EDGE('',*,*,#3093,.T.);
#1875=ORIENTED_EDGE('',*,*,#3095,.T.);
#1876=ORIENTED_EDGE('',*,*,#3096,.T.);
#1877=ORIENTED_EDGE('',*,*,#3097,.T.);
#1878=ORIENTED_EDGE('',*,*,#3098,.F.);
#1879=ORIENTED_EDGE('',*,*,#3099,.F.);
#1880=ORIENTED_EDGE('',*,*,#3100,.T.);
#1881=ORIENTED_EDGE('',*,*,#3101,.T.);
#1882=ORIENTED_EDGE('',*,*,#3102,.F.);
#1883=ORIENTED_EDGE('',*,*,#3097,.F.);
#1884=ORIENTED_EDGE('',*,*,#3103,.T.);
#1885=ORIENTED_EDGE('',*,*,#3104,.T.);
#1886=ORIENTED_EDGE('',*,*,#3105,.F.);
#1887=ORIENTED_EDGE('',*,*,#3101,.F.);
#1888=ORIENTED_EDGE('',*,*,#3106,.T.);
#1889=ORIENTED_EDGE('',*,*,#3099,.T.);
#1890=ORIENTED_EDGE('',*,*,#3107,.F.);
#1891=ORIENTED_EDGE('',*,*,#3104,.F.);
#1892=ORIENTED_EDGE('',*,*,#3106,.F.);
#1893=ORIENTED_EDGE('',*,*,#3103,.F.);
#1894=ORIENTED_EDGE('',*,*,#3100,.F.);
#1895=ORIENTED_EDGE('',*,*,#3096,.F.);
#1896=ORIENTED_EDGE('',*,*,#3098,.T.);
#1897=ORIENTED_EDGE('',*,*,#3102,.T.);
#1898=ORIENTED_EDGE('',*,*,#3105,.T.);
#1899=ORIENTED_EDGE('',*,*,#3107,.T.);
#1900=ORIENTED_EDGE('',*,*,#3108,.T.);
#1901=ORIENTED_EDGE('',*,*,#3109,.T.);
#1902=ORIENTED_EDGE('',*,*,#3110,.F.);
#1903=ORIENTED_EDGE('',*,*,#3111,.F.);
#1904=ORIENTED_EDGE('',*,*,#3112,.T.);
#1905=ORIENTED_EDGE('',*,*,#3113,.T.);
#1906=ORIENTED_EDGE('',*,*,#3114,.F.);
#1907=ORIENTED_EDGE('',*,*,#3109,.F.);
#1908=ORIENTED_EDGE('',*,*,#3115,.T.);
#1909=ORIENTED_EDGE('',*,*,#3116,.T.);
#1910=ORIENTED_EDGE('',*,*,#3117,.F.);
#1911=ORIENTED_EDGE('',*,*,#3113,.F.);
#1912=ORIENTED_EDGE('',*,*,#3118,.T.);
#1913=ORIENTED_EDGE('',*,*,#3111,.T.);
#1914=ORIENTED_EDGE('',*,*,#3119,.F.);
#1915=ORIENTED_EDGE('',*,*,#3116,.F.);
#1916=ORIENTED_EDGE('',*,*,#3118,.F.);
#1917=ORIENTED_EDGE('',*,*,#3115,.F.);
#1918=ORIENTED_EDGE('',*,*,#3112,.F.);
#1919=ORIENTED_EDGE('',*,*,#3108,.F.);
#1920=ORIENTED_EDGE('',*,*,#3110,.T.);
#1921=ORIENTED_EDGE('',*,*,#3114,.T.);
#1922=ORIENTED_EDGE('',*,*,#3117,.T.);
#1923=ORIENTED_EDGE('',*,*,#3119,.T.);
#1924=ORIENTED_EDGE('',*,*,#3121,.T.);
#1925=ORIENTED_EDGE('',*,*,#3122,.T.);
#1926=ORIENTED_EDGE('',*,*,#3123,.F.);
#1927=ORIENTED_EDGE('',*,*,#3134,.F.);
#1928=ORIENTED_EDGE('',*,*,#3120,.F.);
#1929=ORIENTED_EDGE('',*,*,#3156,.T.);
#1930=ORIENTED_EDGE('',*,*,#3155,.T.);
#1931=ORIENTED_EDGE('',*,*,#3165,.T.);
#1932=ORIENTED_EDGE('',*,*,#3125,.T.);
#1933=ORIENTED_EDGE('',*,*,#3126,.F.);
#1934=ORIENTED_EDGE('',*,*,#3122,.F.);
#1935=ORIENTED_EDGE('',*,*,#3124,.T.);
#1936=ORIENTED_EDGE('',*,*,#3157,.T.);
#1937=ORIENTED_EDGE('',*,*,#3127,.T.);
#1938=ORIENTED_EDGE('',*,*,#3128,.T.);
#1939=ORIENTED_EDGE('',*,*,#3135,.T.);
#1940=ORIENTED_EDGE('',*,*,#3129,.F.);
#1941=ORIENTED_EDGE('',*,*,#3125,.F.);
#1942=ORIENTED_EDGE('',*,*,#3124,.F.);
#1943=ORIENTED_EDGE('',*,*,#3121,.F.);
#1944=ORIENTED_EDGE('',*,*,#3166,.F.);
#1945=ORIENTED_EDGE('',*,*,#3159,.F.);
#1946=ORIENTED_EDGE('',*,*,#3133,.T.);
#1947=ORIENTED_EDGE('',*,*,#3123,.T.);
#1948=ORIENTED_EDGE('',*,*,#3126,.T.);
#1949=ORIENTED_EDGE('',*,*,#3129,.T.);
#1950=ORIENTED_EDGE('',*,*,#3136,.F.);
#1951=ORIENTED_EDGE('',*,*,#3134,.T.);
#1952=ORIENTED_EDGE('',*,*,#3133,.F.);
#1953=ORIENTED_EDGE('',*,*,#3135,.F.);
#1954=ORIENTED_EDGE('',*,*,#3143,.T.);
#1955=ORIENTED_EDGE('',*,*,#3151,.T.);
#1956=ORIENTED_EDGE('',*,*,#3131,.T.);
#1957=ORIENTED_EDGE('',*,*,#3136,.T.);
#1958=ORIENTED_EDGE('',*,*,#3132,.T.);
#1959=ORIENTED_EDGE('',*,*,#3130,.T.);
#1960=ORIENTED_EDGE('',*,*,#3144,.T.);
#1961=ORIENTED_EDGE('',*,*,#3145,.T.);
#1962=ORIENTED_EDGE('',*,*,#3147,.T.);
#1963=ORIENTED_EDGE('',*,*,#3130,.F.);
#1964=ORIENTED_EDGE('',*,*,#3142,.F.);
#1965=ORIENTED_EDGE('',*,*,#3138,.T.);
#1966=ORIENTED_EDGE('',*,*,#3139,.T.);
#1967=ORIENTED_EDGE('',*,*,#3120,.T.);
#1968=ORIENTED_EDGE('',*,*,#3131,.F.);
#1969=ORIENTED_EDGE('',*,*,#3141,.F.);
#1970=ORIENTED_EDGE('',*,*,#3140,.T.);
#1971=ORIENTED_EDGE('',*,*,#3142,.T.);
#1972=ORIENTED_EDGE('',*,*,#3132,.F.);
#1973=ORIENTED_EDGE('',*,*,#3128,.F.);
#1974=ORIENTED_EDGE('',*,*,#3166,.T.);
#1975=ORIENTED_EDGE('',*,*,#3139,.F.);
#1976=ORIENTED_EDGE('',*,*,#3152,.F.);
#1977=ORIENTED_EDGE('',*,*,#3148,.F.);
#1978=ORIENTED_EDGE('',*,*,#3167,.F.);
#1979=ORIENTED_EDGE('',*,*,#3161,.F.);
#1980=ORIENTED_EDGE('',*,*,#3153,.T.);
#1981=ORIENTED_EDGE('',*,*,#3148,.T.);
#1982=ORIENTED_EDGE('',*,*,#3146,.F.);
#1983=ORIENTED_EDGE('',*,*,#3143,.F.);
#1984=ORIENTED_EDGE('',*,*,#3147,.F.);
#1985=ORIENTED_EDGE('',*,*,#3149,.T.);
#1986=ORIENTED_EDGE('',*,*,#3154,.F.);
#1987=ORIENTED_EDGE('',*,*,#3144,.F.);
#1988=ORIENTED_EDGE('',*,*,#3146,.T.);
#1989=ORIENTED_EDGE('',*,*,#3152,.T.);
#1990=ORIENTED_EDGE('',*,*,#3141,.T.);
#1991=ORIENTED_EDGE('',*,*,#3151,.F.);
#1992=ORIENTED_EDGE('',*,*,#3163,.F.);
#1993=ORIENTED_EDGE('',*,*,#3164,.F.);
#1994=ORIENTED_EDGE('',*,*,#3167,.T.);
#1995=ORIENTED_EDGE('',*,*,#3153,.F.);
#1996=ORIENTED_EDGE('',*,*,#3145,.F.);
#1997=ORIENTED_EDGE('',*,*,#3154,.T.);
#1998=ORIENTED_EDGE('',*,*,#3150,.T.);
#1999=ORIENTED_EDGE('',*,*,#3162,.F.);
#2000=ORIENTED_EDGE('',*,*,#3137,.F.);
#2001=ORIENTED_EDGE('',*,*,#3127,.F.);
#2002=ORIENTED_EDGE('',*,*,#3165,.F.);
#2003=ORIENTED_EDGE('',*,*,#3158,.F.);
#2004=ORIENTED_EDGE('',*,*,#3150,.F.);
#2005=ORIENTED_EDGE('',*,*,#3149,.F.);
#2006=ORIENTED_EDGE('',*,*,#3138,.F.);
#2007=ORIENTED_EDGE('',*,*,#3140,.F.);
#2008=ORIENTED_EDGE('',*,*,#3137,.T.);
#2009=ORIENTED_EDGE('',*,*,#3160,.F.);
#2010=ORIENTED_EDGE('',*,*,#3158,.T.);
#2011=ORIENTED_EDGE('',*,*,#3155,.F.);
#2012=ORIENTED_EDGE('',*,*,#3168,.F.);
#2013=ORIENTED_EDGE('',*,*,#3162,.T.);
#2014=ORIENTED_EDGE('',*,*,#3160,.T.);
#2015=ORIENTED_EDGE('',*,*,#3163,.T.);
#2016=ORIENTED_EDGE('',*,*,#3168,.T.);
#2017=ORIENTED_EDGE('',*,*,#3156,.F.);
#2018=ORIENTED_EDGE('',*,*,#3169,.F.);
#2019=ORIENTED_EDGE('',*,*,#3159,.T.);
#2020=ORIENTED_EDGE('',*,*,#3161,.T.);
#2021=ORIENTED_EDGE('',*,*,#3164,.T.);
#2022=ORIENTED_EDGE('',*,*,#3169,.T.);
#2023=ORIENTED_EDGE('',*,*,#3157,.F.);
#2024=ORIENTED_EDGE('',*,*,#3170,.T.);
#2025=ORIENTED_EDGE('',*,*,#3171,.T.);
#2026=ORIENTED_EDGE('',*,*,#3172,.F.);
#2027=ORIENTED_EDGE('',*,*,#3173,.F.);
#2028=ORIENTED_EDGE('',*,*,#3188,.T.);
#2029=ORIENTED_EDGE('',*,*,#3190,.T.);
#2030=ORIENTED_EDGE('',*,*,#3178,.F.);
#2031=ORIENTED_EDGE('',*,*,#3180,.T.);
#2032=ORIENTED_EDGE('',*,*,#3173,.T.);
#2033=ORIENTED_EDGE('',*,*,#3181,.F.);
#2034=ORIENTED_EDGE('',*,*,#3191,.F.);
#2035=ORIENTED_EDGE('',*,*,#3189,.F.);
#2036=ORIENTED_EDGE('',*,*,#3180,.F.);
#2037=ORIENTED_EDGE('',*,*,#3177,.F.);
#2038=ORIENTED_EDGE('',*,*,#3174,.F.);
#2039=ORIENTED_EDGE('',*,*,#3170,.F.);
#2040=ORIENTED_EDGE('',*,*,#3172,.T.);
#2041=ORIENTED_EDGE('',*,*,#3176,.T.);
#2042=ORIENTED_EDGE('',*,*,#3179,.T.);
#2043=ORIENTED_EDGE('',*,*,#3181,.T.);
#2044=ORIENTED_EDGE('',*,*,#3193,.T.);
#2045=ORIENTED_EDGE('',*,*,#3182,.F.);
#2046=ORIENTED_EDGE('',*,*,#3192,.F.);
#2047=ORIENTED_EDGE('',*,*,#3185,.F.);
#2048=ORIENTED_EDGE('',*,*,#3183,.F.);
#2049=ORIENTED_EDGE('',*,*,#3182,.T.);
#2050=ORIENTED_EDGE('',*,*,#3184,.T.);
#2051=ORIENTED_EDGE('',*,*,#3188,.F.);
#2052=ORIENTED_EDGE('',*,*,#3189,.T.);
#2053=ORIENTED_EDGE('',*,*,#3186,.T.);
#2054=ORIENTED_EDGE('',*,*,#3192,.T.);
#2055=ORIENTED_EDGE('',*,*,#3183,.T.);
#2056=ORIENTED_EDGE('',*,*,#3190,.F.);
#2057=ORIENTED_EDGE('',*,*,#3184,.F.);
#2058=ORIENTED_EDGE('',*,*,#3193,.F.);
#2059=ORIENTED_EDGE('',*,*,#3187,.F.);
#2060=ORIENTED_EDGE('',*,*,#3200,.T.);
#2061=ORIENTED_EDGE('',*,*,#3202,.T.);
#2062=ORIENTED_EDGE('',*,*,#3175,.F.);
#2063=ORIENTED_EDGE('',*,*,#3177,.T.);
#2064=ORIENTED_EDGE('',*,*,#3178,.T.);
#2065=ORIENTED_EDGE('',*,*,#3187,.T.);
#2066=ORIENTED_EDGE('',*,*,#3185,.T.);
#2067=ORIENTED_EDGE('',*,*,#3186,.F.);
#2068=ORIENTED_EDGE('',*,*,#3191,.T.);
#2069=ORIENTED_EDGE('',*,*,#3179,.F.);
#2070=ORIENTED_EDGE('',*,*,#3203,.F.);
#2071=ORIENTED_EDGE('',*,*,#3201,.F.);
#2072=ORIENTED_EDGE('',*,*,#3205,.T.);
#2073=ORIENTED_EDGE('',*,*,#3194,.F.);
#2074=ORIENTED_EDGE('',*,*,#3204,.F.);
#2075=ORIENTED_EDGE('',*,*,#3197,.F.);
#2076=ORIENTED_EDGE('',*,*,#3195,.F.);
#2077=ORIENTED_EDGE('',*,*,#3194,.T.);
#2078=ORIENTED_EDGE('',*,*,#3196,.T.);
#2079=ORIENTED_EDGE('',*,*,#3200,.F.);
#2080=ORIENTED_EDGE('',*,*,#3201,.T.);
#2081=ORIENTED_EDGE('',*,*,#3198,.T.);
#2082=ORIENTED_EDGE('',*,*,#3204,.T.);
#2083=ORIENTED_EDGE('',*,*,#3195,.T.);
#2084=ORIENTED_EDGE('',*,*,#3202,.F.);
#2085=ORIENTED_EDGE('',*,*,#3196,.F.);
#2086=ORIENTED_EDGE('',*,*,#3205,.F.);
#2087=ORIENTED_EDGE('',*,*,#3199,.F.);
#2088=ORIENTED_EDGE('',*,*,#3203,.T.);
#2089=ORIENTED_EDGE('',*,*,#3176,.F.);
#2090=ORIENTED_EDGE('',*,*,#3171,.F.);
#2091=ORIENTED_EDGE('',*,*,#3174,.T.);
#2092=ORIENTED_EDGE('',*,*,#3175,.T.);
#2093=ORIENTED_EDGE('',*,*,#3199,.T.);
#2094=ORIENTED_EDGE('',*,*,#3197,.T.);
#2095=ORIENTED_EDGE('',*,*,#3198,.F.);
#2096=ORIENTED_EDGE('',*,*,#3207,.T.);
#2097=ORIENTED_EDGE('',*,*,#3208,.T.);
#2098=ORIENTED_EDGE('',*,*,#3206,.F.);
#2099=ORIENTED_EDGE('',*,*,#3209,.F.);
#2100=ORIENTED_EDGE('',*,*,#3212,.T.);
#2101=ORIENTED_EDGE('',*,*,#3211,.T.);
#2102=ORIENTED_EDGE('',*,*,#3210,.F.);
#2103=ORIENTED_EDGE('',*,*,#3208,.F.);
#2104=ORIENTED_EDGE('',*,*,#3214,.T.);
#2105=ORIENTED_EDGE('',*,*,#3215,.T.);
#2106=ORIENTED_EDGE('',*,*,#3213,.F.);
#2107=ORIENTED_EDGE('',*,*,#3211,.F.);
#2108=ORIENTED_EDGE('',*,*,#3218,.T.);
#2109=ORIENTED_EDGE('',*,*,#3217,.T.);
#2110=ORIENTED_EDGE('',*,*,#3216,.F.);
#2111=ORIENTED_EDGE('',*,*,#3215,.F.);
#2112=ORIENTED_EDGE('',*,*,#3220,.T.);
#2113=ORIENTED_EDGE('',*,*,#3221,.T.);
#2114=ORIENTED_EDGE('',*,*,#3219,.F.);
#2115=ORIENTED_EDGE('',*,*,#3217,.F.);
#2116=ORIENTED_EDGE('',*,*,#3224,.T.);
#2117=ORIENTED_EDGE('',*,*,#3223,.T.);
#2118=ORIENTED_EDGE('',*,*,#3222,.F.);
#2119=ORIENTED_EDGE('',*,*,#3221,.F.);
#2120=ORIENTED_EDGE('',*,*,#3226,.T.);
#2121=ORIENTED_EDGE('',*,*,#3227,.T.);
#2122=ORIENTED_EDGE('',*,*,#3225,.F.);
#2123=ORIENTED_EDGE('',*,*,#3223,.F.);
#2124=ORIENTED_EDGE('',*,*,#3229,.T.);
#2125=ORIENTED_EDGE('',*,*,#3209,.T.);
#2126=ORIENTED_EDGE('',*,*,#3228,.F.);
#2127=ORIENTED_EDGE('',*,*,#3227,.F.);
#2128=ORIENTED_EDGE('',*,*,#3206,.T.);
#2129=ORIENTED_EDGE('',*,*,#3231,.F.);
#2130=ORIENTED_EDGE('',*,*,#3230,.F.);
#2131=ORIENTED_EDGE('',*,*,#3232,.F.);
#2132=ORIENTED_EDGE('',*,*,#3210,.T.);
#2133=ORIENTED_EDGE('',*,*,#3234,.T.);
#2134=ORIENTED_EDGE('',*,*,#3233,.F.);
#2135=ORIENTED_EDGE('',*,*,#3231,.T.);
#2136=ORIENTED_EDGE('',*,*,#3213,.T.);
#2137=ORIENTED_EDGE('',*,*,#3236,.F.);
#2138=ORIENTED_EDGE('',*,*,#3235,.F.);
#2139=ORIENTED_EDGE('',*,*,#3234,.F.);
#2140=ORIENTED_EDGE('',*,*,#3216,.T.);
#2141=ORIENTED_EDGE('',*,*,#3238,.T.);
#2142=ORIENTED_EDGE('',*,*,#3237,.F.);
#2143=ORIENTED_EDGE('',*,*,#3236,.T.);
#2144=ORIENTED_EDGE('',*,*,#3219,.T.);
#2145=ORIENTED_EDGE('',*,*,#3240,.F.);
#2146=ORIENTED_EDGE('',*,*,#3239,.F.);
#2147=ORIENTED_EDGE('',*,*,#3238,.F.);
#2148=ORIENTED_EDGE('',*,*,#3222,.T.);
#2149=ORIENTED_EDGE('',*,*,#3242,.T.);
#2150=ORIENTED_EDGE('',*,*,#3241,.F.);
#2151=ORIENTED_EDGE('',*,*,#3240,.T.);
#2152=ORIENTED_EDGE('',*,*,#3225,.T.);
#2153=ORIENTED_EDGE('',*,*,#3244,.F.);
#2154=ORIENTED_EDGE('',*,*,#3243,.F.);
#2155=ORIENTED_EDGE('',*,*,#3242,.F.);
#2156=ORIENTED_EDGE('',*,*,#3228,.T.);
#2157=ORIENTED_EDGE('',*,*,#3232,.T.);
#2158=ORIENTED_EDGE('',*,*,#3245,.F.);
#2159=ORIENTED_EDGE('',*,*,#3244,.T.);
#2160=ORIENTED_EDGE('',*,*,#3248,.F.);
#2161=ORIENTED_EDGE('',*,*,#3247,.T.);
#2162=ORIENTED_EDGE('',*,*,#3246,.F.);
#2163=ORIENTED_EDGE('',*,*,#3207,.F.);
#2164=ORIENTED_EDGE('',*,*,#3246,.T.);
#2165=ORIENTED_EDGE('',*,*,#3249,.T.);
#2166=ORIENTED_EDGE('',*,*,#3250,.T.);
#2167=ORIENTED_EDGE('',*,*,#3212,.F.);
#2168=ORIENTED_EDGE('',*,*,#3250,.F.);
#2169=ORIENTED_EDGE('',*,*,#3252,.T.);
#2170=ORIENTED_EDGE('',*,*,#3251,.F.);
#2171=ORIENTED_EDGE('',*,*,#3214,.F.);
#2172=ORIENTED_EDGE('',*,*,#3251,.T.);
#2173=ORIENTED_EDGE('',*,*,#3253,.T.);
#2174=ORIENTED_EDGE('',*,*,#3254,.T.);
#2175=ORIENTED_EDGE('',*,*,#3218,.F.);
#2176=ORIENTED_EDGE('',*,*,#3254,.F.);
#2177=ORIENTED_EDGE('',*,*,#3256,.T.);
#2178=ORIENTED_EDGE('',*,*,#3255,.F.);
#2179=ORIENTED_EDGE('',*,*,#3220,.F.);
#2180=ORIENTED_EDGE('',*,*,#3255,.T.);
#2181=ORIENTED_EDGE('',*,*,#3257,.T.);
#2182=ORIENTED_EDGE('',*,*,#3258,.T.);
#2183=ORIENTED_EDGE('',*,*,#3224,.F.);
#2184=ORIENTED_EDGE('',*,*,#3258,.F.);
#2185=ORIENTED_EDGE('',*,*,#3260,.T.);
#2186=ORIENTED_EDGE('',*,*,#3259,.F.);
#2187=ORIENTED_EDGE('',*,*,#3226,.F.);
#2188=ORIENTED_EDGE('',*,*,#3259,.T.);
#2189=ORIENTED_EDGE('',*,*,#3261,.T.);
#2190=ORIENTED_EDGE('',*,*,#3248,.T.);
#2191=ORIENTED_EDGE('',*,*,#3229,.F.);
#2192=ORIENTED_EDGE('',*,*,#3266,.T.);
#2193=ORIENTED_EDGE('',*,*,#3264,.T.);
#2194=ORIENTED_EDGE('',*,*,#3267,.F.);
#2195=ORIENTED_EDGE('',*,*,#3265,.F.);
#2196=ORIENTED_EDGE('',*,*,#3265,.T.);
#2197=ORIENTED_EDGE('',*,*,#3263,.F.);
#2198=ORIENTED_EDGE('',*,*,#3264,.F.);
#2199=ORIENTED_EDGE('',*,*,#3262,.T.);
#2200=ORIENTED_EDGE('',*,*,#3272,.T.);
#2201=ORIENTED_EDGE('',*,*,#3270,.T.);
#2202=ORIENTED_EDGE('',*,*,#3273,.F.);
#2203=ORIENTED_EDGE('',*,*,#3271,.F.);
#2204=ORIENTED_EDGE('',*,*,#3271,.T.);
#2205=ORIENTED_EDGE('',*,*,#3269,.F.);
#2206=ORIENTED_EDGE('',*,*,#3270,.F.);
#2207=ORIENTED_EDGE('',*,*,#3268,.T.);
#2208=ORIENTED_EDGE('',*,*,#3278,.T.);
#2209=ORIENTED_EDGE('',*,*,#3276,.T.);
#2210=ORIENTED_EDGE('',*,*,#3279,.F.);
#2211=ORIENTED_EDGE('',*,*,#3277,.F.);
#2212=ORIENTED_EDGE('',*,*,#3277,.T.);
#2213=ORIENTED_EDGE('',*,*,#3275,.F.);
#2214=ORIENTED_EDGE('',*,*,#3276,.F.);
#2215=ORIENTED_EDGE('',*,*,#3274,.T.);
#2216=ORIENTED_EDGE('',*,*,#3284,.T.);
#2217=ORIENTED_EDGE('',*,*,#3282,.T.);
#2218=ORIENTED_EDGE('',*,*,#3285,.F.);
#2219=ORIENTED_EDGE('',*,*,#3283,.F.);
#2220=ORIENTED_EDGE('',*,*,#3283,.T.);
#2221=ORIENTED_EDGE('',*,*,#3281,.F.);
#2222=ORIENTED_EDGE('',*,*,#3282,.F.);
#2223=ORIENTED_EDGE('',*,*,#3280,.T.);
#2224=ORIENTED_EDGE('',*,*,#3290,.T.);
#2225=ORIENTED_EDGE('',*,*,#3288,.T.);
#2226=ORIENTED_EDGE('',*,*,#3291,.F.);
#2227=ORIENTED_EDGE('',*,*,#3289,.F.);
#2228=ORIENTED_EDGE('',*,*,#3289,.T.);
#2229=ORIENTED_EDGE('',*,*,#3287,.F.);
#2230=ORIENTED_EDGE('',*,*,#3288,.F.);
#2231=ORIENTED_EDGE('',*,*,#3286,.T.);
#2232=ORIENTED_EDGE('',*,*,#3296,.T.);
#2233=ORIENTED_EDGE('',*,*,#3294,.T.);
#2234=ORIENTED_EDGE('',*,*,#3297,.F.);
#2235=ORIENTED_EDGE('',*,*,#3295,.F.);
#2236=ORIENTED_EDGE('',*,*,#3295,.T.);
#2237=ORIENTED_EDGE('',*,*,#3293,.F.);
#2238=ORIENTED_EDGE('',*,*,#3294,.F.);
#2239=ORIENTED_EDGE('',*,*,#3292,.T.);
#2240=ORIENTED_EDGE('',*,*,#3302,.T.);
#2241=ORIENTED_EDGE('',*,*,#3300,.T.);
#2242=ORIENTED_EDGE('',*,*,#3303,.F.);
#2243=ORIENTED_EDGE('',*,*,#3301,.F.);
#2244=ORIENTED_EDGE('',*,*,#3301,.T.);
#2245=ORIENTED_EDGE('',*,*,#3299,.F.);
#2246=ORIENTED_EDGE('',*,*,#3300,.F.);
#2247=ORIENTED_EDGE('',*,*,#3298,.T.);
#2248=ORIENTED_EDGE('',*,*,#3308,.T.);
#2249=ORIENTED_EDGE('',*,*,#3306,.T.);
#2250=ORIENTED_EDGE('',*,*,#3309,.F.);
#2251=ORIENTED_EDGE('',*,*,#3307,.F.);
#2252=ORIENTED_EDGE('',*,*,#3307,.T.);
#2253=ORIENTED_EDGE('',*,*,#3305,.F.);
#2254=ORIENTED_EDGE('',*,*,#3306,.F.);
#2255=ORIENTED_EDGE('',*,*,#3304,.T.);
#2256=ORIENTED_EDGE('',*,*,#3316,.T.);
#2257=ORIENTED_EDGE('',*,*,#3312,.F.);
#2258=ORIENTED_EDGE('',*,*,#3311,.F.);
#2259=ORIENTED_EDGE('',*,*,#3310,.T.);
#2260=ORIENTED_EDGE('',*,*,#3313,.T.);
#2261=ORIENTED_EDGE('',*,*,#3320,.T.);
#2262=ORIENTED_EDGE('',*,*,#3317,.F.);
#2263=ORIENTED_EDGE('',*,*,#3310,.F.);
#2264=ORIENTED_EDGE('',*,*,#3321,.F.);
#2265=ORIENTED_EDGE('',*,*,#3314,.F.);
#2266=ORIENTED_EDGE('',*,*,#3312,.T.);
#2267=ORIENTED_EDGE('',*,*,#3318,.T.);
#2268=ORIENTED_EDGE('',*,*,#3319,.T.);
#2269=ORIENTED_EDGE('',*,*,#3321,.T.);
#2270=ORIENTED_EDGE('',*,*,#3315,.F.);
#2271=ORIENTED_EDGE('',*,*,#3320,.F.);
#2272=ORIENTED_EDGE('',*,*,#3317,.T.);
#2273=ORIENTED_EDGE('',*,*,#3311,.T.);
#2274=ORIENTED_EDGE('',*,*,#3318,.F.);
#2275=ORIENTED_EDGE('',*,*,#3316,.F.);
#2276=ORIENTED_EDGE('',*,*,#3313,.F.);
#2277=ORIENTED_EDGE('',*,*,#3315,.T.);
#2278=ORIENTED_EDGE('',*,*,#3314,.T.);
#2279=ORIENTED_EDGE('',*,*,#3319,.F.);
#2280=ORIENTED_EDGE('',*,*,#3328,.T.);
#2281=ORIENTED_EDGE('',*,*,#3324,.F.);
#2282=ORIENTED_EDGE('',*,*,#3323,.F.);
#2283=ORIENTED_EDGE('',*,*,#3322,.T.);
#2284=ORIENTED_EDGE('',*,*,#3325,.T.);
#2285=ORIENTED_EDGE('',*,*,#3332,.T.);
#2286=ORIENTED_EDGE('',*,*,#3329,.F.);
#2287=ORIENTED_EDGE('',*,*,#3322,.F.);
#2288=ORIENTED_EDGE('',*,*,#3333,.F.);
#2289=ORIENTED_EDGE('',*,*,#3326,.F.);
#2290=ORIENTED_EDGE('',*,*,#3324,.T.);
#2291=ORIENTED_EDGE('',*,*,#3330,.T.);
#2292=ORIENTED_EDGE('',*,*,#3331,.T.);
#2293=ORIENTED_EDGE('',*,*,#3333,.T.);
#2294=ORIENTED_EDGE('',*,*,#3327,.F.);
#2295=ORIENTED_EDGE('',*,*,#3332,.F.);
#2296=ORIENTED_EDGE('',*,*,#3329,.T.);
#2297=ORIENTED_EDGE('',*,*,#3323,.T.);
#2298=ORIENTED_EDGE('',*,*,#3330,.F.);
#2299=ORIENTED_EDGE('',*,*,#3328,.F.);
#2300=ORIENTED_EDGE('',*,*,#3325,.F.);
#2301=ORIENTED_EDGE('',*,*,#3327,.T.);
#2302=ORIENTED_EDGE('',*,*,#3326,.T.);
#2303=ORIENTED_EDGE('',*,*,#3331,.F.);
#2304=ORIENTED_EDGE('',*,*,#3341,.T.);
#2305=ORIENTED_EDGE('',*,*,#3336,.T.);
#2306=ORIENTED_EDGE('',*,*,#3342,.F.);
#2307=ORIENTED_EDGE('',*,*,#3340,.F.);
#2308=ORIENTED_EDGE('',*,*,#3337,.T.);
#2309=ORIENTED_EDGE('',*,*,#3344,.T.);
#2310=ORIENTED_EDGE('',*,*,#3341,.F.);
#2311=ORIENTED_EDGE('',*,*,#3334,.F.);
#2312=ORIENTED_EDGE('',*,*,#3345,.F.);
#2313=ORIENTED_EDGE('',*,*,#3338,.F.);
#2314=ORIENTED_EDGE('',*,*,#3335,.T.);
#2315=ORIENTED_EDGE('',*,*,#3342,.T.);
#2316=ORIENTED_EDGE('',*,*,#3343,.T.);
#2317=ORIENTED_EDGE('',*,*,#3345,.T.);
#2318=ORIENTED_EDGE('',*,*,#3339,.F.);
#2319=ORIENTED_EDGE('',*,*,#3344,.F.);
#2320=ORIENTED_EDGE('',*,*,#3340,.T.);
#2321=ORIENTED_EDGE('',*,*,#3335,.F.);
#2322=ORIENTED_EDGE('',*,*,#3336,.F.);
#2323=ORIENTED_EDGE('',*,*,#3334,.T.);
#2324=ORIENTED_EDGE('',*,*,#3337,.F.);
#2325=ORIENTED_EDGE('',*,*,#3339,.T.);
#2326=ORIENTED_EDGE('',*,*,#3338,.T.);
#2327=ORIENTED_EDGE('',*,*,#3343,.F.);
#2328=ORIENTED_EDGE('',*,*,#3352,.T.);
#2329=ORIENTED_EDGE('',*,*,#3348,.F.);
#2330=ORIENTED_EDGE('',*,*,#3347,.F.);
#2331=ORIENTED_EDGE('',*,*,#3346,.T.);
#2332=ORIENTED_EDGE('',*,*,#3349,.T.);
#2333=ORIENTED_EDGE('',*,*,#3356,.T.);
#2334=ORIENTED_EDGE('',*,*,#3353,.F.);
#2335=ORIENTED_EDGE('',*,*,#3346,.F.);
#2336=ORIENTED_EDGE('',*,*,#3357,.F.);
#2337=ORIENTED_EDGE('',*,*,#3350,.F.);
#2338=ORIENTED_EDGE('',*,*,#3348,.T.);
#2339=ORIENTED_EDGE('',*,*,#3354,.T.);
#2340=ORIENTED_EDGE('',*,*,#3355,.T.);
#2341=ORIENTED_EDGE('',*,*,#3357,.T.);
#2342=ORIENTED_EDGE('',*,*,#3351,.F.);
#2343=ORIENTED_EDGE('',*,*,#3356,.F.);
#2344=ORIENTED_EDGE('',*,*,#3353,.T.);
#2345=ORIENTED_EDGE('',*,*,#3347,.T.);
#2346=ORIENTED_EDGE('',*,*,#3354,.F.);
#2347=ORIENTED_EDGE('',*,*,#3352,.F.);
#2348=ORIENTED_EDGE('',*,*,#3349,.F.);
#2349=ORIENTED_EDGE('',*,*,#3351,.T.);
#2350=ORIENTED_EDGE('',*,*,#3350,.T.);
#2351=ORIENTED_EDGE('',*,*,#3355,.F.);
#2352=ORIENTED_EDGE('',*,*,#3365,.T.);
#2353=ORIENTED_EDGE('',*,*,#3360,.T.);
#2354=ORIENTED_EDGE('',*,*,#3366,.F.);
#2355=ORIENTED_EDGE('',*,*,#3364,.F.);
#2356=ORIENTED_EDGE('',*,*,#3361,.T.);
#2357=ORIENTED_EDGE('',*,*,#3368,.T.);
#2358=ORIENTED_EDGE('',*,*,#3365,.F.);
#2359=ORIENTED_EDGE('',*,*,#3358,.F.);
#2360=ORIENTED_EDGE('',*,*,#3369,.F.);
#2361=ORIENTED_EDGE('',*,*,#3362,.F.);
#2362=ORIENTED_EDGE('',*,*,#3359,.T.);
#2363=ORIENTED_EDGE('',*,*,#3366,.T.);
#2364=ORIENTED_EDGE('',*,*,#3367,.T.);
#2365=ORIENTED_EDGE('',*,*,#3369,.T.);
#2366=ORIENTED_EDGE('',*,*,#3363,.F.);
#2367=ORIENTED_EDGE('',*,*,#3368,.F.);
#2368=ORIENTED_EDGE('',*,*,#3364,.T.);
#2369=ORIENTED_EDGE('',*,*,#3359,.F.);
#2370=ORIENTED_EDGE('',*,*,#3360,.F.);
#2371=ORIENTED_EDGE('',*,*,#3358,.T.);
#2372=ORIENTED_EDGE('',*,*,#3361,.F.);
#2373=ORIENTED_EDGE('',*,*,#3363,.T.);
#2374=ORIENTED_EDGE('',*,*,#3362,.T.);
#2375=ORIENTED_EDGE('',*,*,#3367,.F.);
#2376=ORIENTED_EDGE('',*,*,#3376,.T.);
#2377=ORIENTED_EDGE('',*,*,#3372,.F.);
#2378=ORIENTED_EDGE('',*,*,#3371,.F.);
#2379=ORIENTED_EDGE('',*,*,#3370,.T.);
#2380=ORIENTED_EDGE('',*,*,#3373,.T.);
#2381=ORIENTED_EDGE('',*,*,#3380,.T.);
#2382=ORIENTED_EDGE('',*,*,#3377,.F.);
#2383=ORIENTED_EDGE('',*,*,#3370,.F.);
#2384=ORIENTED_EDGE('',*,*,#3381,.F.);
#2385=ORIENTED_EDGE('',*,*,#3374,.F.);
#2386=ORIENTED_EDGE('',*,*,#3372,.T.);
#2387=ORIENTED_EDGE('',*,*,#3378,.T.);
#2388=ORIENTED_EDGE('',*,*,#3379,.T.);
#2389=ORIENTED_EDGE('',*,*,#3381,.T.);
#2390=ORIENTED_EDGE('',*,*,#3375,.F.);
#2391=ORIENTED_EDGE('',*,*,#3380,.F.);
#2392=ORIENTED_EDGE('',*,*,#3377,.T.);
#2393=ORIENTED_EDGE('',*,*,#3371,.T.);
#2394=ORIENTED_EDGE('',*,*,#3378,.F.);
#2395=ORIENTED_EDGE('',*,*,#3376,.F.);
#2396=ORIENTED_EDGE('',*,*,#3373,.F.);
#2397=ORIENTED_EDGE('',*,*,#3375,.T.);
#2398=ORIENTED_EDGE('',*,*,#3374,.T.);
#2399=ORIENTED_EDGE('',*,*,#3379,.F.);
#2400=ORIENTED_EDGE('',*,*,#3394,.F.);
#2401=ORIENTED_EDGE('',*,*,#3393,.F.);
#2402=ORIENTED_EDGE('',*,*,#3392,.F.);
#2403=ORIENTED_EDGE('',*,*,#3391,.F.);
#2404=ORIENTED_EDGE('',*,*,#3390,.F.);
#2405=ORIENTED_EDGE('',*,*,#3397,.F.);
#2406=ORIENTED_EDGE('',*,*,#3396,.F.);
#2407=ORIENTED_EDGE('',*,*,#3395,.F.);
#2408=ORIENTED_EDGE('',*,*,#3382,.F.);
#2409=ORIENTED_EDGE('',*,*,#3383,.F.);
#2410=ORIENTED_EDGE('',*,*,#3384,.F.);
#2411=ORIENTED_EDGE('',*,*,#3385,.F.);
#2412=ORIENTED_EDGE('',*,*,#3386,.F.);
#2413=ORIENTED_EDGE('',*,*,#3387,.F.);
#2414=ORIENTED_EDGE('',*,*,#3388,.F.);
#2415=ORIENTED_EDGE('',*,*,#3389,.F.);
#2416=ORIENTED_EDGE('',*,*,#3412,.T.);
#2417=ORIENTED_EDGE('',*,*,#3413,.T.);
#2418=ORIENTED_EDGE('',*,*,#3406,.T.);
#2419=ORIENTED_EDGE('',*,*,#3407,.T.);
#2420=ORIENTED_EDGE('',*,*,#3408,.T.);
#2421=ORIENTED_EDGE('',*,*,#3409,.T.);
#2422=ORIENTED_EDGE('',*,*,#3410,.T.);
#2423=ORIENTED_EDGE('',*,*,#3411,.T.);
#2424=ORIENTED_EDGE('',*,*,#3398,.T.);
#2425=ORIENTED_EDGE('',*,*,#3399,.T.);
#2426=ORIENTED_EDGE('',*,*,#3400,.T.);
#2427=ORIENTED_EDGE('',*,*,#3401,.T.);
#2428=ORIENTED_EDGE('',*,*,#3402,.T.);
#2429=ORIENTED_EDGE('',*,*,#3403,.T.);
#2430=ORIENTED_EDGE('',*,*,#3404,.T.);
#2431=ORIENTED_EDGE('',*,*,#3405,.T.);
#2432=ORIENTED_EDGE('',*,*,#3466,.F.);
#2433=ORIENTED_EDGE('',*,*,#3467,.F.);
#2434=ORIENTED_EDGE('',*,*,#3468,.F.);
#2435=ORIENTED_EDGE('',*,*,#3469,.F.);
#2436=ORIENTED_EDGE('',*,*,#3470,.F.);
#2437=ORIENTED_EDGE('',*,*,#3471,.F.);
#2438=ORIENTED_EDGE('',*,*,#3472,.F.);
#2439=ORIENTED_EDGE('',*,*,#3473,.F.);
#2440=ORIENTED_EDGE('',*,*,#3474,.F.);
#2441=ORIENTED_EDGE('',*,*,#3475,.F.);
#2442=ORIENTED_EDGE('',*,*,#3476,.F.);
#2443=ORIENTED_EDGE('',*,*,#3477,.F.);
#2444=ORIENTED_EDGE('',*,*,#3478,.F.);
#2445=ORIENTED_EDGE('',*,*,#3488,.T.);
#2446=ORIENTED_EDGE('',*,*,#3490,.F.);
#2447=ORIENTED_EDGE('',*,*,#3489,.F.);
#2448=ORIENTED_EDGE('',*,*,#3414,.T.);
#2449=ORIENTED_EDGE('',*,*,#3490,.T.);
#2450=ORIENTED_EDGE('',*,*,#3463,.T.);
#2451=ORIENTED_EDGE('',*,*,#3417,.F.);
#2452=ORIENTED_EDGE('',*,*,#3415,.T.);
#2453=ORIENTED_EDGE('',*,*,#3416,.T.);
#2454=ORIENTED_EDGE('',*,*,#3464,.T.);
#2455=ORIENTED_EDGE('',*,*,#3416,.F.);
#2456=ORIENTED_EDGE('',*,*,#3418,.T.);
#2457=ORIENTED_EDGE('',*,*,#3419,.T.);
#2458=ORIENTED_EDGE('',*,*,#3465,.T.);
#2459=ORIENTED_EDGE('',*,*,#3419,.F.);
#2460=ORIENTED_EDGE('',*,*,#3420,.T.);
#2461=ORIENTED_EDGE('',*,*,#3421,.T.);
#2462=ORIENTED_EDGE('',*,*,#3466,.T.);
#2463=ORIENTED_EDGE('',*,*,#3491,.T.);
#2464=ORIENTED_EDGE('',*,*,#3421,.F.);
#2465=ORIENTED_EDGE('',*,*,#3422,.T.);
#2466=ORIENTED_EDGE('',*,*,#3423,.T.);
#2467=ORIENTED_EDGE('',*,*,#3467,.T.);
#2468=ORIENTED_EDGE('',*,*,#3423,.F.);
#2469=ORIENTED_EDGE('',*,*,#3424,.T.);
#2470=ORIENTED_EDGE('',*,*,#3425,.T.);
#2471=ORIENTED_EDGE('',*,*,#3468,.T.);
#2472=ORIENTED_EDGE('',*,*,#3425,.F.);
#2473=ORIENTED_EDGE('',*,*,#3426,.T.);
#2474=ORIENTED_EDGE('',*,*,#3427,.T.);
#2475=ORIENTED_EDGE('',*,*,#3469,.T.);
#2476=ORIENTED_EDGE('',*,*,#3427,.F.);
#2477=ORIENTED_EDGE('',*,*,#3428,.T.);
#2478=ORIENTED_EDGE('',*,*,#3429,.T.);
#2479=ORIENTED_EDGE('',*,*,#3470,.T.);
#2480=ORIENTED_EDGE('',*,*,#3429,.F.);
#2481=ORIENTED_EDGE('',*,*,#3430,.T.);
#2482=ORIENTED_EDGE('',*,*,#3431,.T.);
#2483=ORIENTED_EDGE('',*,*,#3471,.T.);
#2484=ORIENTED_EDGE('',*,*,#3431,.F.);
#2485=ORIENTED_EDGE('',*,*,#3432,.T.);
#2486=ORIENTED_EDGE('',*,*,#3433,.T.);
#2487=ORIENTED_EDGE('',*,*,#3472,.T.);
#2488=ORIENTED_EDGE('',*,*,#3433,.F.);
#2489=ORIENTED_EDGE('',*,*,#3434,.T.);
#2490=ORIENTED_EDGE('',*,*,#3435,.T.);
#2491=ORIENTED_EDGE('',*,*,#3473,.T.);
#2492=ORIENTED_EDGE('',*,*,#3435,.F.);
#2493=ORIENTED_EDGE('',*,*,#3436,.T.);
#2494=ORIENTED_EDGE('',*,*,#3437,.T.);
#2495=ORIENTED_EDGE('',*,*,#3474,.T.);
#2496=ORIENTED_EDGE('',*,*,#3437,.F.);
#2497=ORIENTED_EDGE('',*,*,#3438,.T.);
#2498=ORIENTED_EDGE('',*,*,#3439,.T.);
#2499=ORIENTED_EDGE('',*,*,#3475,.T.);
#2500=ORIENTED_EDGE('',*,*,#3439,.F.);
#2501=ORIENTED_EDGE('',*,*,#3440,.T.);
#2502=ORIENTED_EDGE('',*,*,#3441,.T.);
#2503=ORIENTED_EDGE('',*,*,#3476,.T.);
#2504=ORIENTED_EDGE('',*,*,#3441,.F.);
#2505=ORIENTED_EDGE('',*,*,#3442,.T.);
#2506=ORIENTED_EDGE('',*,*,#3443,.T.);
#2507=ORIENTED_EDGE('',*,*,#3477,.T.);
#2508=ORIENTED_EDGE('',*,*,#3443,.F.);
#2509=ORIENTED_EDGE('',*,*,#3444,.T.);
#2510=ORIENTED_EDGE('',*,*,#3445,.T.);
#2511=ORIENTED_EDGE('',*,*,#3478,.T.);
#2512=ORIENTED_EDGE('',*,*,#3445,.F.);
#2513=ORIENTED_EDGE('',*,*,#3446,.T.);
#2514=ORIENTED_EDGE('',*,*,#3447,.T.);
#2515=ORIENTED_EDGE('',*,*,#3479,.T.);
#2516=ORIENTED_EDGE('',*,*,#3480,.T.);
#2517=ORIENTED_EDGE('',*,*,#3447,.F.);
#2518=ORIENTED_EDGE('',*,*,#3448,.T.);
#2519=ORIENTED_EDGE('',*,*,#3449,.T.);
#2520=ORIENTED_EDGE('',*,*,#3481,.T.);
#2521=ORIENTED_EDGE('',*,*,#3449,.F.);
#2522=ORIENTED_EDGE('',*,*,#3450,.T.);
#2523=ORIENTED_EDGE('',*,*,#3451,.T.);
#2524=ORIENTED_EDGE('',*,*,#3482,.T.);
#2525=ORIENTED_EDGE('',*,*,#3451,.F.);
#2526=ORIENTED_EDGE('',*,*,#3452,.T.);
#2527=ORIENTED_EDGE('',*,*,#3453,.T.);
#2528=ORIENTED_EDGE('',*,*,#3483,.T.);
#2529=ORIENTED_EDGE('',*,*,#3453,.F.);
#2530=ORIENTED_EDGE('',*,*,#3454,.T.);
#2531=ORIENTED_EDGE('',*,*,#3455,.T.);
#2532=ORIENTED_EDGE('',*,*,#3484,.T.);
#2533=ORIENTED_EDGE('',*,*,#3455,.F.);
#2534=ORIENTED_EDGE('',*,*,#3456,.T.);
#2535=ORIENTED_EDGE('',*,*,#3457,.T.);
#2536=ORIENTED_EDGE('',*,*,#3485,.T.);
#2537=ORIENTED_EDGE('',*,*,#3457,.F.);
#2538=ORIENTED_EDGE('',*,*,#3458,.T.);
#2539=ORIENTED_EDGE('',*,*,#3459,.T.);
#2540=ORIENTED_EDGE('',*,*,#3486,.T.);
#2541=ORIENTED_EDGE('',*,*,#3459,.F.);
#2542=ORIENTED_EDGE('',*,*,#3460,.T.);
#2543=ORIENTED_EDGE('',*,*,#3461,.T.);
#2544=ORIENTED_EDGE('',*,*,#3487,.T.);
#2545=ORIENTED_EDGE('',*,*,#3461,.F.);
#2546=ORIENTED_EDGE('',*,*,#3462,.T.);
#2547=ORIENTED_EDGE('',*,*,#3417,.T.);
#2548=ORIENTED_EDGE('',*,*,#3462,.F.);
#2549=ORIENTED_EDGE('',*,*,#3460,.F.);
#2550=ORIENTED_EDGE('',*,*,#3458,.F.);
#2551=ORIENTED_EDGE('',*,*,#3456,.F.);
#2552=ORIENTED_EDGE('',*,*,#3454,.F.);
#2553=ORIENTED_EDGE('',*,*,#3452,.F.);
#2554=ORIENTED_EDGE('',*,*,#3450,.F.);
#2555=ORIENTED_EDGE('',*,*,#3448,.F.);
#2556=ORIENTED_EDGE('',*,*,#3446,.F.);
#2557=ORIENTED_EDGE('',*,*,#3444,.F.);
#2558=ORIENTED_EDGE('',*,*,#3442,.F.);
#2559=ORIENTED_EDGE('',*,*,#3440,.F.);
#2560=ORIENTED_EDGE('',*,*,#3438,.F.);
#2561=ORIENTED_EDGE('',*,*,#3436,.F.);
#2562=ORIENTED_EDGE('',*,*,#3434,.F.);
#2563=ORIENTED_EDGE('',*,*,#3432,.F.);
#2564=ORIENTED_EDGE('',*,*,#3430,.F.);
#2565=ORIENTED_EDGE('',*,*,#3428,.F.);
#2566=ORIENTED_EDGE('',*,*,#3426,.F.);
#2567=ORIENTED_EDGE('',*,*,#3424,.F.);
#2568=ORIENTED_EDGE('',*,*,#3422,.F.);
#2569=ORIENTED_EDGE('',*,*,#3420,.F.);
#2570=ORIENTED_EDGE('',*,*,#3418,.F.);
#2571=ORIENTED_EDGE('',*,*,#3415,.F.);
#2572=ORIENTED_EDGE('',*,*,#3489,.T.);
#2573=ORIENTED_EDGE('',*,*,#3414,.F.);
#2574=ORIENTED_EDGE('',*,*,#3488,.F.);
#2575=ORIENTED_EDGE('',*,*,#3479,.F.);
#2576=ORIENTED_EDGE('',*,*,#3480,.F.);
#2577=ORIENTED_EDGE('',*,*,#3481,.F.);
#2578=ORIENTED_EDGE('',*,*,#3482,.F.);
#2579=ORIENTED_EDGE('',*,*,#3483,.F.);
#2580=ORIENTED_EDGE('',*,*,#3484,.F.);
#2581=ORIENTED_EDGE('',*,*,#3485,.F.);
#2582=ORIENTED_EDGE('',*,*,#3486,.F.);
#2583=ORIENTED_EDGE('',*,*,#3487,.F.);
#2584=ORIENTED_EDGE('',*,*,#3463,.F.);
#2585=ORIENTED_EDGE('',*,*,#3464,.F.);
#2586=ORIENTED_EDGE('',*,*,#3465,.F.);
#2587=ORIENTED_EDGE('',*,*,#3491,.F.);
#2588=ORIENTED_EDGE('',*,*,#3567,.T.);
#2589=ORIENTED_EDGE('',*,*,#3568,.T.);
#2590=ORIENTED_EDGE('',*,*,#3566,.F.);
#2591=ORIENTED_EDGE('',*,*,#3556,.T.);
#2592=ORIENTED_EDGE('',*,*,#3555,.T.);
#2593=ORIENTED_EDGE('',*,*,#3554,.T.);
#2594=ORIENTED_EDGE('',*,*,#3553,.T.);
#2595=ORIENTED_EDGE('',*,*,#3552,.T.);
#2596=ORIENTED_EDGE('',*,*,#3551,.T.);
#2597=ORIENTED_EDGE('',*,*,#3550,.T.);
#2598=ORIENTED_EDGE('',*,*,#3549,.T.);
#2599=ORIENTED_EDGE('',*,*,#3548,.T.);
#2600=ORIENTED_EDGE('',*,*,#3547,.T.);
#2601=ORIENTED_EDGE('',*,*,#3546,.T.);
#2602=ORIENTED_EDGE('',*,*,#3545,.T.);
#2603=ORIENTED_EDGE('',*,*,#3544,.T.);
#2604=ORIENTED_EDGE('',*,*,#3568,.F.);
#2605=ORIENTED_EDGE('',*,*,#3492,.F.);
#2606=ORIENTED_EDGE('',*,*,#3494,.F.);
#2607=ORIENTED_EDGE('',*,*,#3493,.F.);
#2608=ORIENTED_EDGE('',*,*,#3495,.T.);
#2609=ORIENTED_EDGE('',*,*,#3541,.F.);
#2610=ORIENTED_EDGE('',*,*,#3497,.F.);
#2611=ORIENTED_EDGE('',*,*,#3496,.F.);
#2612=ORIENTED_EDGE('',*,*,#3494,.T.);
#2613=ORIENTED_EDGE('',*,*,#3542,.F.);
#2614=ORIENTED_EDGE('',*,*,#3499,.F.);
#2615=ORIENTED_EDGE('',*,*,#3498,.F.);
#2616=ORIENTED_EDGE('',*,*,#3497,.T.);
#2617=ORIENTED_EDGE('',*,*,#3543,.F.);
#2618=ORIENTED_EDGE('',*,*,#3501,.F.);
#2619=ORIENTED_EDGE('',*,*,#3500,.F.);
#2620=ORIENTED_EDGE('',*,*,#3499,.T.);
#2621=ORIENTED_EDGE('',*,*,#3569,.F.);
#2622=ORIENTED_EDGE('',*,*,#3544,.F.);
#2623=ORIENTED_EDGE('',*,*,#3503,.F.);
#2624=ORIENTED_EDGE('',*,*,#3502,.F.);
#2625=ORIENTED_EDGE('',*,*,#3501,.T.);
#2626=ORIENTED_EDGE('',*,*,#3545,.F.);
#2627=ORIENTED_EDGE('',*,*,#3505,.F.);
#2628=ORIENTED_EDGE('',*,*,#3504,.F.);
#2629=ORIENTED_EDGE('',*,*,#3503,.T.);
#2630=ORIENTED_EDGE('',*,*,#3546,.F.);
#2631=ORIENTED_EDGE('',*,*,#3507,.F.);
#2632=ORIENTED_EDGE('',*,*,#3506,.F.);
#2633=ORIENTED_EDGE('',*,*,#3505,.T.);
#2634=ORIENTED_EDGE('',*,*,#3547,.F.);
#2635=ORIENTED_EDGE('',*,*,#3509,.F.);
#2636=ORIENTED_EDGE('',*,*,#3508,.F.);
#2637=ORIENTED_EDGE('',*,*,#3507,.T.);
#2638=ORIENTED_EDGE('',*,*,#3548,.F.);
#2639=ORIENTED_EDGE('',*,*,#3511,.F.);
#2640=ORIENTED_EDGE('',*,*,#3510,.F.);
#2641=ORIENTED_EDGE('',*,*,#3509,.T.);
#2642=ORIENTED_EDGE('',*,*,#3549,.F.);
#2643=ORIENTED_EDGE('',*,*,#3513,.F.);
#2644=ORIENTED_EDGE('',*,*,#3512,.F.);
#2645=ORIENTED_EDGE('',*,*,#3511,.T.);
#2646=ORIENTED_EDGE('',*,*,#3550,.F.);
#2647=ORIENTED_EDGE('',*,*,#3515,.F.);
#2648=ORIENTED_EDGE('',*,*,#3514,.F.);
#2649=ORIENTED_EDGE('',*,*,#3513,.T.);
#2650=ORIENTED_EDGE('',*,*,#3551,.F.);
#2651=ORIENTED_EDGE('',*,*,#3517,.F.);
#2652=ORIENTED_EDGE('',*,*,#3516,.F.);
#2653=ORIENTED_EDGE('',*,*,#3515,.T.);
#2654=ORIENTED_EDGE('',*,*,#3552,.F.);
#2655=ORIENTED_EDGE('',*,*,#3519,.F.);
#2656=ORIENTED_EDGE('',*,*,#3518,.F.);
#2657=ORIENTED_EDGE('',*,*,#3517,.T.);
#2658=ORIENTED_EDGE('',*,*,#3553,.F.);
#2659=ORIENTED_EDGE('',*,*,#3521,.F.);
#2660=ORIENTED_EDGE('',*,*,#3520,.F.);
#2661=ORIENTED_EDGE('',*,*,#3519,.T.);
#2662=ORIENTED_EDGE('',*,*,#3554,.F.);
#2663=ORIENTED_EDGE('',*,*,#3523,.F.);
#2664=ORIENTED_EDGE('',*,*,#3522,.F.);
#2665=ORIENTED_EDGE('',*,*,#3521,.T.);
#2666=ORIENTED_EDGE('',*,*,#3555,.F.);
#2667=ORIENTED_EDGE('',*,*,#3557,.F.);
#2668=ORIENTED_EDGE('',*,*,#3525,.F.);
#2669=ORIENTED_EDGE('',*,*,#3524,.F.);
#2670=ORIENTED_EDGE('',*,*,#3523,.T.);
#2671=ORIENTED_EDGE('',*,*,#3556,.F.);
#2672=ORIENTED_EDGE('',*,*,#3527,.F.);
#2673=ORIENTED_EDGE('',*,*,#3526,.F.);
#2674=ORIENTED_EDGE('',*,*,#3525,.T.);
#2675=ORIENTED_EDGE('',*,*,#3558,.F.);
#2676=ORIENTED_EDGE('',*,*,#3529,.F.);
#2677=ORIENTED_EDGE('',*,*,#3528,.F.);
#2678=ORIENTED_EDGE('',*,*,#3527,.T.);
#2679=ORIENTED_EDGE('',*,*,#3559,.F.);
#2680=ORIENTED_EDGE('',*,*,#3531,.F.);
#2681=ORIENTED_EDGE('',*,*,#3530,.F.);
#2682=ORIENTED_EDGE('',*,*,#3529,.T.);
#2683=ORIENTED_EDGE('',*,*,#3560,.F.);
#2684=ORIENTED_EDGE('',*,*,#3533,.F.);
#2685=ORIENTED_EDGE('',*,*,#3532,.F.);
#2686=ORIENTED_EDGE('',*,*,#3531,.T.);
#2687=ORIENTED_EDGE('',*,*,#3561,.F.);
#2688=ORIENTED_EDGE('',*,*,#3535,.F.);
#2689=ORIENTED_EDGE('',*,*,#3534,.F.);
#2690=ORIENTED_EDGE('',*,*,#3533,.T.);
#2691=ORIENTED_EDGE('',*,*,#3562,.F.);
#2692=ORIENTED_EDGE('',*,*,#3537,.F.);
#2693=ORIENTED_EDGE('',*,*,#3536,.F.);
#2694=ORIENTED_EDGE('',*,*,#3535,.T.);
#2695=ORIENTED_EDGE('',*,*,#3563,.F.);
#2696=ORIENTED_EDGE('',*,*,#3539,.F.);
#2697=ORIENTED_EDGE('',*,*,#3538,.F.);
#2698=ORIENTED_EDGE('',*,*,#3537,.T.);
#2699=ORIENTED_EDGE('',*,*,#3564,.F.);
#2700=ORIENTED_EDGE('',*,*,#3495,.F.);
#2701=ORIENTED_EDGE('',*,*,#3540,.F.);
#2702=ORIENTED_EDGE('',*,*,#3539,.T.);
#2703=ORIENTED_EDGE('',*,*,#3565,.F.);
#2704=ORIENTED_EDGE('',*,*,#3493,.T.);
#2705=ORIENTED_EDGE('',*,*,#3496,.T.);
#2706=ORIENTED_EDGE('',*,*,#3498,.T.);
#2707=ORIENTED_EDGE('',*,*,#3500,.T.);
#2708=ORIENTED_EDGE('',*,*,#3502,.T.);
#2709=ORIENTED_EDGE('',*,*,#3504,.T.);
#2710=ORIENTED_EDGE('',*,*,#3506,.T.);
#2711=ORIENTED_EDGE('',*,*,#3508,.T.);
#2712=ORIENTED_EDGE('',*,*,#3510,.T.);
#2713=ORIENTED_EDGE('',*,*,#3512,.T.);
#2714=ORIENTED_EDGE('',*,*,#3514,.T.);
#2715=ORIENTED_EDGE('',*,*,#3516,.T.);
#2716=ORIENTED_EDGE('',*,*,#3518,.T.);
#2717=ORIENTED_EDGE('',*,*,#3520,.T.);
#2718=ORIENTED_EDGE('',*,*,#3522,.T.);
#2719=ORIENTED_EDGE('',*,*,#3524,.T.);
#2720=ORIENTED_EDGE('',*,*,#3526,.T.);
#2721=ORIENTED_EDGE('',*,*,#3528,.T.);
#2722=ORIENTED_EDGE('',*,*,#3530,.T.);
#2723=ORIENTED_EDGE('',*,*,#3532,.T.);
#2724=ORIENTED_EDGE('',*,*,#3534,.T.);
#2725=ORIENTED_EDGE('',*,*,#3536,.T.);
#2726=ORIENTED_EDGE('',*,*,#3538,.T.);
#2727=ORIENTED_EDGE('',*,*,#3540,.T.);
#2728=ORIENTED_EDGE('',*,*,#3569,.T.);
#2729=ORIENTED_EDGE('',*,*,#3543,.T.);
#2730=ORIENTED_EDGE('',*,*,#3542,.T.);
#2731=ORIENTED_EDGE('',*,*,#3541,.T.);
#2732=ORIENTED_EDGE('',*,*,#3565,.T.);
#2733=ORIENTED_EDGE('',*,*,#3564,.T.);
#2734=ORIENTED_EDGE('',*,*,#3563,.T.);
#2735=ORIENTED_EDGE('',*,*,#3562,.T.);
#2736=ORIENTED_EDGE('',*,*,#3561,.T.);
#2737=ORIENTED_EDGE('',*,*,#3560,.T.);
#2738=ORIENTED_EDGE('',*,*,#3559,.T.);
#2739=ORIENTED_EDGE('',*,*,#3558,.T.);
#2740=ORIENTED_EDGE('',*,*,#3557,.T.);
#2741=ORIENTED_EDGE('',*,*,#3566,.T.);
#2742=ORIENTED_EDGE('',*,*,#3492,.T.);
#2743=ORIENTED_EDGE('',*,*,#3567,.F.);
#2744=EDGE_CURVE('',#4396,#4491,#3930,.T.);
#2745=EDGE_CURVE('',#4396,#4481,#3931,.T.);
#2746=EDGE_CURVE('',#4397,#4398,#3932,.T.);
#2747=EDGE_CURVE('',#4398,#4438,#3933,.T.);
#2748=EDGE_CURVE('',#4397,#4437,#3934,.T.);
#2749=EDGE_CURVE('',#4398,#4399,#3935,.T.);
#2750=EDGE_CURVE('',#4399,#4439,#3936,.T.);
#2751=EDGE_CURVE('',#4399,#4400,#3937,.T.);
#2752=EDGE_CURVE('',#4400,#4440,#3938,.T.);
#2753=EDGE_CURVE('',#4400,#4401,#3939,.T.);
#2754=EDGE_CURVE('',#4401,#4441,#3940,.T.);
#2755=EDGE_CURVE('',#4401,#4402,#3941,.T.);
#2756=EDGE_CURVE('',#4402,#4442,#3942,.T.);
#2757=EDGE_CURVE('',#4402,#4403,#3943,.T.);
#2758=EDGE_CURVE('',#4403,#4443,#3944,.T.);
#2759=EDGE_CURVE('',#4403,#4404,#3945,.T.);
#2760=EDGE_CURVE('',#4404,#4444,#3946,.T.);
#2761=EDGE_CURVE('',#4404,#4405,#3947,.T.);
#2762=EDGE_CURVE('',#4405,#4445,#3948,.T.);
#2763=EDGE_CURVE('',#4405,#4406,#3949,.T.);
#2764=EDGE_CURVE('',#4406,#4446,#3950,.T.);
#2765=EDGE_CURVE('',#4406,#4407,#3951,.T.);
#2766=EDGE_CURVE('',#4407,#4447,#3952,.T.);
#2767=EDGE_CURVE('',#4407,#4408,#3953,.T.);
#2768=EDGE_CURVE('',#4408,#4448,#3954,.T.);
#2769=EDGE_CURVE('',#4408,#4409,#3955,.T.);
#2770=EDGE_CURVE('',#4409,#4449,#3956,.T.);
#2771=EDGE_CURVE('',#4409,#4410,#3957,.T.);
#2772=EDGE_CURVE('',#4410,#4450,#3958,.T.);
#2773=EDGE_CURVE('',#4410,#4411,#3959,.T.);
#2774=EDGE_CURVE('',#4411,#4451,#3960,.T.);
#2775=EDGE_CURVE('',#4411,#4412,#3961,.T.);
#2776=EDGE_CURVE('',#4412,#4452,#3962,.T.);
#2777=EDGE_CURVE('',#4412,#4413,#3963,.T.);
#2778=EDGE_CURVE('',#4413,#4453,#3964,.T.);
#2779=EDGE_CURVE('',#4413,#4414,#3965,.T.);
#2780=EDGE_CURVE('',#4414,#4454,#3966,.T.);
#2781=EDGE_CURVE('',#4414,#4415,#3967,.T.);
#2782=EDGE_CURVE('',#4415,#4455,#3968,.T.);
#2783=EDGE_CURVE('',#4415,#4416,#3969,.T.);
#2784=EDGE_CURVE('',#4416,#4456,#3970,.T.);
#2785=EDGE_CURVE('',#4416,#4397,#3971,.T.);
#2786=EDGE_CURVE('',#4418,#4417,#3972,.T.);
#2787=EDGE_CURVE('',#4417,#4419,#3973,.T.);
#2788=EDGE_CURVE('',#4419,#4420,#3974,.T.);
#2789=EDGE_CURVE('',#4420,#4421,#3975,.T.);
#2790=EDGE_CURVE('',#4421,#4422,#3976,.T.);
#2791=EDGE_CURVE('',#4422,#4423,#3977,.T.);
#2792=EDGE_CURVE('',#4423,#4424,#3978,.T.);
#2793=EDGE_CURVE('',#4424,#4418,#3979,.T.);
#2794=EDGE_CURVE('',#4425,#4426,#3980,.T.);
#2795=EDGE_CURVE('',#4427,#4425,#3981,.T.);
#2796=EDGE_CURVE('',#4428,#4427,#3982,.T.);
#2797=EDGE_CURVE('',#4429,#4428,#3983,.T.);
#2798=EDGE_CURVE('',#4430,#4429,#3984,.T.);
#2799=EDGE_CURVE('',#4431,#4430,#3985,.T.);
#2800=EDGE_CURVE('',#4432,#4431,#3986,.T.);
#2801=EDGE_CURVE('',#4426,#4432,#3987,.T.);
#2802=EDGE_CURVE('',#4425,#4417,#3988,.T.);
#2803=EDGE_CURVE('',#4426,#4418,#3989,.T.);
#2804=EDGE_CURVE('',#4427,#4419,#3990,.T.);
#2805=EDGE_CURVE('',#4428,#4420,#3991,.T.);
#2806=EDGE_CURVE('',#4429,#4421,#3992,.T.);
#2807=EDGE_CURVE('',#4430,#4422,#3993,.T.);
#2808=EDGE_CURVE('',#4431,#4423,#3994,.T.);
#2809=EDGE_CURVE('',#4432,#4424,#3995,.T.);
#2810=EDGE_CURVE('',#4433,#4484,#3996,.T.);
#2811=EDGE_CURVE('',#4434,#4483,#3997,.T.);
#2812=EDGE_CURVE('',#4434,#4433,#3998,.T.);
#2813=EDGE_CURVE('',#4435,#4485,#3999,.T.);
#2814=EDGE_CURVE('',#4435,#4477,#4000,.T.);
#2815=EDGE_CURVE('',#4436,#4487,#4001,.T.);
#2816=EDGE_CURVE('',#4436,#4478,#4002,.T.);
#2817=EDGE_CURVE('',#4437,#4438,#4003,.T.);
#2818=EDGE_CURVE('',#4439,#4440,#4004,.T.);
#2819=EDGE_CURVE('',#4441,#4442,#4005,.T.);
#2820=EDGE_CURVE('',#4443,#4444,#4006,.T.);
#2821=EDGE_CURVE('',#4447,#4448,#4007,.T.);
#2822=EDGE_CURVE('',#4449,#4450,#4008,.T.);
#2823=EDGE_CURVE('',#4451,#4452,#4009,.T.);
#2824=EDGE_CURVE('',#4453,#4454,#4010,.T.);
#2825=EDGE_CURVE('',#4459,#4457,#3570,.T.);
#2826=EDGE_CURVE('',#4463,#4462,#3571,.T.);
#2827=EDGE_CURVE('',#4464,#4460,#3572,.T.);
#2828=EDGE_CURVE('',#4458,#4475,#3573,.T.);
#2829=EDGE_CURVE('',#4466,#4471,#3574,.T.);
#2830=EDGE_CURVE('',#4476,#4465,#3575,.T.);
#2831=EDGE_CURVE('',#4438,#4476,#4011,.T.);
#2832=EDGE_CURVE('',#4469,#4476,#4012,.T.);
#2833=EDGE_CURVE('',#4469,#4437,#4013,.T.);
#2834=EDGE_CURVE('',#4438,#4439,#4014,.T.);
#2835=EDGE_CURVE('',#4439,#4465,#4015,.T.);
#2836=EDGE_CURVE('',#4465,#4466,#4016,.T.);
#2837=EDGE_CURVE('',#4466,#4440,#4017,.T.);
#2838=EDGE_CURVE('',#4440,#4441,#4018,.T.);
#2839=EDGE_CURVE('',#4441,#4471,#4019,.T.);
#2840=EDGE_CURVE('',#4471,#4464,#4020,.T.);
#2841=EDGE_CURVE('',#4464,#4442,#4021,.T.);
#2842=EDGE_CURVE('',#4442,#4443,#4022,.T.);
#2843=EDGE_CURVE('',#4443,#4460,#4023,.T.);
#2844=EDGE_CURVE('',#4444,#4461,#4024,.T.);
#2845=EDGE_CURVE('',#4460,#4461,#4025,.T.);
#2846=EDGE_CURVE('',#4444,#4445,#4026,.T.);
#2847=EDGE_CURVE('',#4461,#4474,#4027,.T.);
#2848=EDGE_CURVE('',#4445,#4474,#4028,.T.);
#2849=EDGE_CURVE('',#4445,#4446,#4029,.T.);
#2850=EDGE_CURVE('',#4474,#4470,#4030,.T.);
#2851=EDGE_CURVE('',#4470,#4446,#4031,.T.);
#2852=EDGE_CURVE('',#4446,#4447,#4032,.T.);
#2853=EDGE_CURVE('',#4470,#4467,#4033,.T.);
#2854=EDGE_CURVE('',#4447,#4467,#4034,.T.);
#2855=EDGE_CURVE('',#4467,#4463,#4035,.T.);
#2856=EDGE_CURVE('',#4463,#4448,#4036,.T.);
#2857=EDGE_CURVE('',#4448,#4449,#4037,.T.);
#2858=EDGE_CURVE('',#4450,#4459,#4038,.T.);
#2859=EDGE_CURVE('',#4462,#4459,#4039,.T.);
#2860=EDGE_CURVE('',#4462,#4449,#4040,.T.);
#2861=EDGE_CURVE('',#4450,#4451,#4041,.T.);
#2862=EDGE_CURVE('',#4452,#4458,#4042,.T.);
#2863=EDGE_CURVE('',#4457,#4458,#4043,.T.);
#2864=EDGE_CURVE('',#4457,#4451,#4044,.T.);
#2865=EDGE_CURVE('',#4452,#4453,#4045,.T.);
#2866=EDGE_CURVE('',#4453,#4475,#4046,.T.);
#2867=EDGE_CURVE('',#4454,#4473,#4047,.T.);
#2868=EDGE_CURVE('',#4475,#4473,#4048,.T.);
#2869=EDGE_CURVE('',#4454,#4455,#4049,.T.);
#2870=EDGE_CURVE('',#4473,#4472,#4050,.T.);
#2871=EDGE_CURVE('',#4455,#4472,#4051,.T.);
#2872=EDGE_CURVE('',#4455,#4456,#4052,.T.);
#2873=EDGE_CURVE('',#4472,#4468,#4053,.T.);
#2874=EDGE_CURVE('',#4456,#4437,#4054,.T.);
#2875=EDGE_CURVE('',#4468,#4469,#4055,.T.);
#2876=EDGE_CURVE('',#4468,#4456,#4056,.T.);
#2877=EDGE_CURVE('',#4477,#4486,#4057,.T.);
#2878=EDGE_CURVE('',#4477,#4480,#4058,.T.);
#2879=EDGE_CURVE('',#4480,#4489,#4059,.T.);
#2880=EDGE_CURVE('',#4478,#4488,#4060,.T.);
#2881=EDGE_CURVE('',#4478,#4479,#4061,.T.);
#2882=EDGE_CURVE('',#4479,#4490,#4062,.T.);
#2883=EDGE_CURVE('',#4481,#4492,#4063,.T.);
#2884=EDGE_CURVE('',#4481,#4482,#4064,.T.);
#2885=EDGE_CURVE('',#4482,#4493,#4065,.T.);
#2886=EDGE_CURVE('',#4483,#4484,#4066,.T.);
#2887=EDGE_CURVE('',#4484,#4433,#4067,.T.);
#2888=EDGE_CURVE('',#4483,#4434,#4068,.T.);
#2889=EDGE_CURVE('',#4485,#4486,#4069,.T.);
#2890=EDGE_CURVE('',#4485,#4435,#4070,.T.);
#2891=EDGE_CURVE('',#4486,#4477,#4071,.T.);
#2892=EDGE_CURVE('',#4487,#4488,#4072,.T.);
#2893=EDGE_CURVE('',#4487,#4436,#4073,.T.);
#2894=EDGE_CURVE('',#4488,#4478,#4074,.T.);
#2895=EDGE_CURVE('',#4486,#4489,#4075,.T.);
#2896=EDGE_CURVE('',#4489,#4480,#4076,.T.);
#2897=EDGE_CURVE('',#4488,#4490,#4077,.T.);
#2898=EDGE_CURVE('',#4490,#4479,#4078,.T.);
#2899=EDGE_CURVE('',#4491,#4492,#4079,.T.);
#2900=EDGE_CURVE('',#4491,#4396,#4080,.T.);
#2901=EDGE_CURVE('',#4492,#4481,#4081,.T.);
#2902=EDGE_CURVE('',#4492,#4493,#4082,.T.);
#2903=EDGE_CURVE('',#4493,#4482,#4083,.T.);
#2904=EDGE_CURVE('',#4494,#4495,#3576,.T.);
#2905=EDGE_CURVE('',#4495,#4496,#3577,.T.);
#2906=EDGE_CURVE('',#4496,#4497,#3578,.T.);
#2907=EDGE_CURVE('',#4497,#4494,#3579,.T.);
#2908=EDGE_CURVE('',#4498,#4501,#3580,.T.);
#2909=EDGE_CURVE('',#4499,#4498,#3581,.T.);
#2910=EDGE_CURVE('',#4500,#4499,#3582,.T.);
#2911=EDGE_CURVE('',#4501,#4500,#3583,.T.);
#2912=EDGE_CURVE('',#4503,#4502,#3584,.T.);
#2913=EDGE_CURVE('',#4502,#4504,#3585,.T.);
#2914=EDGE_CURVE('',#4504,#4505,#3586,.T.);
#2915=EDGE_CURVE('',#4505,#4503,#3587,.T.);
#2916=EDGE_CURVE('',#4506,#4507,#3588,.T.);
#2917=EDGE_CURVE('',#4508,#4506,#3589,.T.);
#2918=EDGE_CURVE('',#4509,#4508,#3590,.T.);
#2919=EDGE_CURVE('',#4507,#4509,#3591,.T.);
#2920=EDGE_CURVE('',#4506,#4502,#3592,.T.);
#2921=EDGE_CURVE('',#4507,#4503,#3593,.T.);
#2922=EDGE_CURVE('',#4508,#4504,#3594,.T.);
#2923=EDGE_CURVE('',#4509,#4505,#3595,.T.);
#2924=EDGE_CURVE('',#4510,#4511,#3596,.T.);
#2925=EDGE_CURVE('',#4511,#4514,#3597,.T.);
#2926=EDGE_CURVE('',#4510,#4515,#3598,.T.);
#2927=EDGE_CURVE('',#4511,#4512,#3599,.T.);
#2928=EDGE_CURVE('',#4512,#4516,#3600,.T.);
#2929=EDGE_CURVE('',#4512,#4513,#3601,.T.);
#2930=EDGE_CURVE('',#4513,#4517,#3602,.T.);
#2931=EDGE_CURVE('',#4513,#4510,#3603,.T.);
#2932=EDGE_CURVE('',#4514,#4515,#3604,.T.);
#2933=EDGE_CURVE('',#4516,#4514,#3605,.T.);
#2934=EDGE_CURVE('',#4517,#4516,#3606,.T.);
#2935=EDGE_CURVE('',#4515,#4517,#3607,.T.);
#2936=EDGE_CURVE('',#4518,#4521,#3608,.T.);
#2937=EDGE_CURVE('',#4519,#4518,#3609,.T.);
#2938=EDGE_CURVE('',#4520,#4519,#3610,.T.);
#2939=EDGE_CURVE('',#4521,#4520,#3611,.T.);
#2940=EDGE_CURVE('',#4522,#4523,#3612,.T.);
#2941=EDGE_CURVE('',#4523,#4524,#3613,.T.);
#2942=EDGE_CURVE('',#4525,#4524,#3614,.T.);
#2943=EDGE_CURVE('',#4522,#4525,#3615,.T.);
#2944=EDGE_CURVE('',#4523,#4526,#3616,.T.);
#2945=EDGE_CURVE('',#4526,#4527,#3617,.T.);
#2946=EDGE_CURVE('',#4524,#4527,#3618,.T.);
#2947=EDGE_CURVE('',#4526,#4528,#3619,.T.);
#2948=EDGE_CURVE('',#4528,#4529,#3620,.T.);
#2949=EDGE_CURVE('',#4527,#4529,#3621,.T.);
#2950=EDGE_CURVE('',#4528,#4522,#3622,.T.);
#2951=EDGE_CURVE('',#4529,#4525,#3623,.T.);
#2952=EDGE_CURVE('',#4530,#4531,#3624,.T.);
#2953=EDGE_CURVE('',#4531,#4532,#3625,.T.);
#2954=EDGE_CURVE('',#4533,#4532,#3626,.T.);
#2955=EDGE_CURVE('',#4530,#4533,#3627,.T.);
#2956=EDGE_CURVE('',#4531,#4534,#3628,.T.);
#2957=EDGE_CURVE('',#4534,#4535,#3629,.T.);
#2958=EDGE_CURVE('',#4532,#4535,#3630,.T.);
#2959=EDGE_CURVE('',#4534,#4536,#3631,.T.);
#2960=EDGE_CURVE('',#4536,#4537,#3632,.T.);
#2961=EDGE_CURVE('',#4535,#4537,#3633,.T.);
#2962=EDGE_CURVE('',#4536,#4530,#3634,.T.);
#2963=EDGE_CURVE('',#4537,#4533,#3635,.T.);
#2964=EDGE_CURVE('',#4538,#4539,#3636,.T.);
#2965=EDGE_CURVE('',#4539,#4540,#3637,.T.);
#2966=EDGE_CURVE('',#4541,#4540,#3638,.T.);
#2967=EDGE_CURVE('',#4538,#4541,#3639,.T.);
#2968=EDGE_CURVE('',#4539,#4542,#3640,.T.);
#2969=EDGE_CURVE('',#4542,#4543,#3641,.T.);
#2970=EDGE_CURVE('',#4540,#4543,#3642,.T.);
#2971=EDGE_CURVE('',#4542,#4544,#3643,.T.);
#2972=EDGE_CURVE('',#4544,#4545,#3644,.T.);
#2973=EDGE_CURVE('',#4543,#4545,#3645,.T.);
#2974=EDGE_CURVE('',#4544,#4538,#3646,.T.);
#2975=EDGE_CURVE('',#4545,#4541,#3647,.T.);
#2976=EDGE_CURVE('',#4546,#4547,#3648,.T.);
#2977=EDGE_CURVE('',#4547,#4548,#3649,.T.);
#2978=EDGE_CURVE('',#4549,#4548,#3650,.T.);
#2979=EDGE_CURVE('',#4546,#4549,#3651,.T.);
#2980=EDGE_CURVE('',#4547,#4550,#3652,.T.);
#2981=EDGE_CURVE('',#4550,#4551,#3653,.T.);
#2982=EDGE_CURVE('',#4548,#4551,#3654,.T.);
#2983=EDGE_CURVE('',#4550,#4552,#3655,.T.);
#2984=EDGE_CURVE('',#4552,#4553,#3656,.T.);
#2985=EDGE_CURVE('',#4551,#4553,#3657,.T.);
#2986=EDGE_CURVE('',#4552,#4546,#3658,.T.);
#2987=EDGE_CURVE('',#4553,#4549,#3659,.T.);
#2988=EDGE_CURVE('',#4554,#4555,#3660,.T.);
#2989=EDGE_CURVE('',#4555,#4556,#3661,.T.);
#2990=EDGE_CURVE('',#4557,#4556,#3662,.T.);
#2991=EDGE_CURVE('',#4554,#4557,#3663,.T.);
#2992=EDGE_CURVE('',#4555,#4558,#3664,.T.);
#2993=EDGE_CURVE('',#4558,#4559,#3665,.T.);
#2994=EDGE_CURVE('',#4556,#4559,#3666,.T.);
#2995=EDGE_CURVE('',#4558,#4560,#3667,.T.);
#2996=EDGE_CURVE('',#4560,#4561,#3668,.T.);
#2997=EDGE_CURVE('',#4559,#4561,#3669,.T.);
#2998=EDGE_CURVE('',#4560,#4554,#3670,.T.);
#2999=EDGE_CURVE('',#4561,#4557,#3671,.T.);
#3000=EDGE_CURVE('',#4562,#4563,#3672,.T.);
#3001=EDGE_CURVE('',#4563,#4564,#3673,.T.);
#3002=EDGE_CURVE('',#4565,#4564,#3674,.T.);
#3003=EDGE_CURVE('',#4562,#4565,#3675,.T.);
#3004=EDGE_CURVE('',#4563,#4566,#3676,.T.);
#3005=EDGE_CURVE('',#4566,#4567,#3677,.T.);
#3006=EDGE_CURVE('',#4564,#4567,#3678,.T.);
#3007=EDGE_CURVE('',#4566,#4568,#3679,.T.);
#3008=EDGE_CURVE('',#4568,#4569,#3680,.T.);
#3009=EDGE_CURVE('',#4567,#4569,#3681,.T.);
#3010=EDGE_CURVE('',#4568,#4562,#3682,.T.);
#3011=EDGE_CURVE('',#4569,#4565,#3683,.T.);
#3012=EDGE_CURVE('',#4570,#4571,#3684,.T.);
#3013=EDGE_CURVE('',#4571,#4572,#3685,.T.);
#3014=EDGE_CURVE('',#4573,#4572,#3686,.T.);
#3015=EDGE_CURVE('',#4570,#4573,#3687,.T.);
#3016=EDGE_CURVE('',#4571,#4574,#3688,.T.);
#3017=EDGE_CURVE('',#4574,#4575,#3689,.T.);
#3018=EDGE_CURVE('',#4572,#4575,#3690,.T.);
#3019=EDGE_CURVE('',#4574,#4576,#3691,.T.);
#3020=EDGE_CURVE('',#4576,#4577,#3692,.T.);
#3021=EDGE_CURVE('',#4575,#4577,#3693,.T.);
#3022=EDGE_CURVE('',#4576,#4570,#3694,.T.);
#3023=EDGE_CURVE('',#4577,#4573,#3695,.T.);
#3024=EDGE_CURVE('',#4578,#4579,#3696,.T.);
#3025=EDGE_CURVE('',#4579,#4580,#3697,.T.);
#3026=EDGE_CURVE('',#4581,#4580,#3698,.T.);
#3027=EDGE_CURVE('',#4578,#4581,#3699,.T.);
#3028=EDGE_CURVE('',#4579,#4582,#3700,.T.);
#3029=EDGE_CURVE('',#4582,#4583,#3701,.T.);
#3030=EDGE_CURVE('',#4580,#4583,#3702,.T.);
#3031=EDGE_CURVE('',#4582,#4584,#3703,.T.);
#3032=EDGE_CURVE('',#4584,#4585,#3704,.T.);
#3033=EDGE_CURVE('',#4583,#4585,#3705,.T.);
#3034=EDGE_CURVE('',#4584,#4578,#3706,.T.);
#3035=EDGE_CURVE('',#4585,#4581,#3707,.T.);
#3036=EDGE_CURVE('',#4586,#4587,#3708,.T.);
#3037=EDGE_CURVE('',#4587,#4588,#3709,.T.);
#3038=EDGE_CURVE('',#4589,#4588,#3710,.T.);
#3039=EDGE_CURVE('',#4586,#4589,#3711,.T.);
#3040=EDGE_CURVE('',#4587,#4590,#3712,.T.);
#3041=EDGE_CURVE('',#4590,#4591,#3713,.T.);
#3042=EDGE_CURVE('',#4588,#4591,#3714,.T.);
#3043=EDGE_CURVE('',#4590,#4592,#3715,.T.);
#3044=EDGE_CURVE('',#4592,#4593,#3716,.T.);
#3045=EDGE_CURVE('',#4591,#4593,#3717,.T.);
#3046=EDGE_CURVE('',#4592,#4586,#3718,.T.);
#3047=EDGE_CURVE('',#4593,#4589,#3719,.T.);
#3048=EDGE_CURVE('',#4594,#4595,#3720,.T.);
#3049=EDGE_CURVE('',#4595,#4596,#3721,.T.);
#3050=EDGE_CURVE('',#4597,#4596,#3722,.T.);
#3051=EDGE_CURVE('',#4594,#4597,#3723,.T.);
#3052=EDGE_CURVE('',#4595,#4598,#3724,.T.);
#3053=EDGE_CURVE('',#4598,#4599,#3725,.T.);
#3054=EDGE_CURVE('',#4596,#4599,#3726,.T.);
#3055=EDGE_CURVE('',#4598,#4600,#3727,.T.);
#3056=EDGE_CURVE('',#4600,#4601,#3728,.T.);
#3057=EDGE_CURVE('',#4599,#4601,#3729,.T.);
#3058=EDGE_CURVE('',#4600,#4594,#3730,.T.);
#3059=EDGE_CURVE('',#4601,#4597,#3731,.T.);
#3060=EDGE_CURVE('',#4602,#4603,#3732,.T.);
#3061=EDGE_CURVE('',#4603,#4604,#3733,.T.);
#3062=EDGE_CURVE('',#4605,#4604,#3734,.T.);
#3063=EDGE_CURVE('',#4602,#4605,#3735,.T.);
#3064=EDGE_CURVE('',#4603,#4606,#3736,.T.);
#3065=EDGE_CURVE('',#4606,#4607,#3737,.T.);
#3066=EDGE_CURVE('',#4604,#4607,#3738,.T.);
#3067=EDGE_CURVE('',#4606,#4608,#3739,.T.);
#3068=EDGE_CURVE('',#4608,#4609,#3740,.T.);
#3069=EDGE_CURVE('',#4607,#4609,#3741,.T.);
#3070=EDGE_CURVE('',#4608,#4602,#3742,.T.);
#3071=EDGE_CURVE('',#4609,#4605,#3743,.T.);
#3072=EDGE_CURVE('',#4610,#4611,#3744,.T.);
#3073=EDGE_CURVE('',#4611,#4612,#3745,.T.);
#3074=EDGE_CURVE('',#4613,#4612,#3746,.T.);
#3075=EDGE_CURVE('',#4610,#4613,#3747,.T.);
#3076=EDGE_CURVE('',#4611,#4614,#3748,.T.);
#3077=EDGE_CURVE('',#4614,#4615,#3749,.T.);
#3078=EDGE_CURVE('',#4612,#4615,#3750,.T.);
#3079=EDGE_CURVE('',#4614,#4616,#3751,.T.);
#3080=EDGE_CURVE('',#4616,#4617,#3752,.T.);
#3081=EDGE_CURVE('',#4615,#4617,#3753,.T.);
#3082=EDGE_CURVE('',#4616,#4610,#3754,.T.);
#3083=EDGE_CURVE('',#4617,#4613,#3755,.T.);
#3084=EDGE_CURVE('',#4618,#4619,#3756,.T.);
#3085=EDGE_CURVE('',#4619,#4620,#3757,.T.);
#3086=EDGE_CURVE('',#4621,#4620,#3758,.T.);
#3087=EDGE_CURVE('',#4618,#4621,#3759,.T.);
#3088=EDGE_CURVE('',#4619,#4622,#3760,.T.);
#3089=EDGE_CURVE('',#4622,#4623,#3761,.T.);
#3090=EDGE_CURVE('',#4620,#4623,#3762,.T.);
#3091=EDGE_CURVE('',#4622,#4624,#3763,.T.);
#3092=EDGE_CURVE('',#4624,#4625,#3764,.T.);
#3093=EDGE_CURVE('',#4623,#4625,#3765,.T.);
#3094=EDGE_CURVE('',#4624,#4618,#3766,.T.);
#3095=EDGE_CURVE('',#4625,#4621,#3767,.T.);
#3096=EDGE_CURVE('',#4626,#4627,#3768,.T.);
#3097=EDGE_CURVE('',#4627,#4628,#3769,.T.);
#3098=EDGE_CURVE('',#4629,#4628,#3770,.T.);
#3099=EDGE_CURVE('',#4626,#4629,#3771,.T.);
#3100=EDGE_CURVE('',#4627,#4630,#3772,.T.);
#3101=EDGE_CURVE('',#4630,#4631,#3773,.T.);
#3102=EDGE_CURVE('',#4628,#4631,#3774,.T.);
#3103=EDGE_CURVE('',#4630,#4632,#3775,.T.);
#3104=EDGE_CURVE('',#4632,#4633,#3776,.T.);
#3105=EDGE_CURVE('',#4631,#4633,#3777,.T.);
#3106=EDGE_CURVE('',#4632,#4626,#3778,.T.);
#3107=EDGE_CURVE('',#4633,#4629,#3779,.T.);
#3108=EDGE_CURVE('',#4634,#4635,#3780,.T.);
#3109=EDGE_CURVE('',#4635,#4636,#3781,.T.);
#3110=EDGE_CURVE('',#4637,#4636,#3782,.T.);
#3111=EDGE_CURVE('',#4634,#4637,#3783,.T.);
#3112=EDGE_CURVE('',#4635,#4638,#3784,.T.);
#3113=EDGE_CURVE('',#4638,#4639,#3785,.T.);
#3114=EDGE_CURVE('',#4636,#4639,#3786,.T.);
#3115=EDGE_CURVE('',#4638,#4640,#3787,.T.);
#3116=EDGE_CURVE('',#4640,#4641,#3788,.T.);
#3117=EDGE_CURVE('',#4639,#4641,#3789,.T.);
#3118=EDGE_CURVE('',#4640,#4634,#3790,.T.);
#3119=EDGE_CURVE('',#4641,#4637,#3791,.T.);
#3120=EDGE_CURVE('',#4642,#4652,#3792,.T.);
#3121=EDGE_CURVE('',#4642,#4644,#3793,.T.);
#3122=EDGE_CURVE('',#4644,#4645,#3794,.T.);
#3123=EDGE_CURVE('',#4643,#4645,#3795,.T.);
#3124=EDGE_CURVE('',#4644,#4667,#3796,.T.);
#3125=EDGE_CURVE('',#4646,#4647,#3797,.T.);
#3126=EDGE_CURVE('',#4645,#4647,#3798,.T.);
#3127=EDGE_CURVE('',#4646,#4648,#3799,.T.);
#3128=EDGE_CURVE('',#4648,#4653,#3800,.T.);
#3129=EDGE_CURVE('',#4647,#4649,#3801,.T.);
#3130=EDGE_CURVE('',#4650,#4658,#3802,.T.);
#3131=EDGE_CURVE('',#4651,#4652,#3803,.T.);
#3132=EDGE_CURVE('',#4653,#4650,#3804,.T.);
#3133=EDGE_CURVE('',#4649,#4643,#3805,.T.);
#3134=EDGE_CURVE('',#4652,#4643,#3806,.T.);
#3135=EDGE_CURVE('',#4653,#4649,#3807,.T.);
#3136=EDGE_CURVE('',#4652,#4653,#3808,.T.);
#3137=EDGE_CURVE('',#4648,#4668,#3809,.T.);
#3138=EDGE_CURVE('',#4654,#4661,#3810,.T.);
#3139=EDGE_CURVE('',#4655,#4642,#3811,.T.);
#3140=EDGE_CURVE('',#4648,#4654,#3812,.T.);
#3141=EDGE_CURVE('',#4655,#4651,#3813,.T.);
#3142=EDGE_CURVE('',#4654,#4650,#3814,.T.);
#3143=EDGE_CURVE('',#4656,#4657,#3815,.T.);
#3144=EDGE_CURVE('',#4658,#4659,#3816,.T.);
#3145=EDGE_CURVE('',#4659,#4656,#3817,.T.);
#3146=EDGE_CURVE('',#4657,#4660,#3818,.T.);
#3147=EDGE_CURVE('',#4661,#4658,#3819,.T.);
#3148=EDGE_CURVE('',#4662,#4660,#3820,.T.);
#3149=EDGE_CURVE('',#4661,#4663,#3821,.T.);
#3150=EDGE_CURVE('',#4663,#4670,#3822,.T.);
#3151=EDGE_CURVE('',#4657,#4651,#3823,.T.);
#3152=EDGE_CURVE('',#4660,#4655,#3824,.T.);
#3153=EDGE_CURVE('',#4656,#4662,#3825,.T.);
#3154=EDGE_CURVE('',#4659,#4663,#3826,.T.);
#3155=EDGE_CURVE('',#4664,#4665,#3827,.T.);
#3156=EDGE_CURVE('',#4666,#4664,#3828,.T.);
#3157=EDGE_CURVE('',#4667,#4666,#3829,.T.);
#3158=EDGE_CURVE('',#4668,#4665,#3830,.T.);
#3159=EDGE_CURVE('',#4667,#4669,#3831,.T.);
#3160=EDGE_CURVE('',#4670,#4668,#3832,.T.);
#3161=EDGE_CURVE('',#4669,#4671,#3833,.T.);
#3162=EDGE_CURVE('',#4672,#4670,#3834,.T.);
#3163=EDGE_CURVE('',#4673,#4672,#3835,.T.);
#3164=EDGE_CURVE('',#4671,#4673,#3836,.T.);
#3165=EDGE_CURVE('',#4665,#4646,#3837,.T.);
#3166=EDGE_CURVE('',#4669,#4642,#3838,.T.);
#3167=EDGE_CURVE('',#4671,#4662,#3839,.T.);
#3168=EDGE_CURVE('',#4672,#4664,#3840,.T.);
#3169=EDGE_CURVE('',#4673,#4666,#3841,.T.);
#3170=EDGE_CURVE('',#4674,#4675,#3842,.T.);
#3171=EDGE_CURVE('',#4675,#4676,#3843,.T.);
#3172=EDGE_CURVE('',#4677,#4676,#3844,.T.);
#3173=EDGE_CURVE('',#4674,#4677,#3845,.T.);
#3174=EDGE_CURVE('',#4675,#4678,#3846,.T.);
#3175=EDGE_CURVE('',#4678,#4695,#3847,.T.);
#3176=EDGE_CURVE('',#4676,#4679,#3848,.T.);
#3177=EDGE_CURVE('',#4678,#4680,#3849,.T.);
#3178=EDGE_CURVE('',#4680,#4687,#3850,.T.);
#3179=EDGE_CURVE('',#4679,#4681,#3851,.T.);
#3180=EDGE_CURVE('',#4680,#4674,#3852,.T.);
#3181=EDGE_CURVE('',#4681,#4677,#3853,.T.);
#3182=EDGE_CURVE('',#4682,#4683,#3854,.T.);
#3183=EDGE_CURVE('',#4682,#4688,#3855,.T.);
#3184=EDGE_CURVE('',#4683,#4689,#3856,.T.);
#3185=EDGE_CURVE('',#4684,#4685,#3857,.T.);
#3186=EDGE_CURVE('',#4686,#4685,#3858,.T.);
#3187=EDGE_CURVE('',#4687,#4684,#3859,.T.);
#3188=EDGE_CURVE('',#4688,#4689,#3860,.T.);
#3189=EDGE_CURVE('',#4688,#4686,#3861,.T.);
#3190=EDGE_CURVE('',#4689,#4687,#3862,.T.);
#3191=EDGE_CURVE('',#4686,#4681,#3863,.T.);
#3192=EDGE_CURVE('',#4685,#4682,#3864,.T.);
#3193=EDGE_CURVE('',#4684,#4683,#3865,.T.);
#3194=EDGE_CURVE('',#4690,#4691,#3866,.T.);
#3195=EDGE_CURVE('',#4690,#4696,#3867,.T.);
#3196=EDGE_CURVE('',#4691,#4697,#3868,.T.);
#3197=EDGE_CURVE('',#4692,#4693,#3869,.T.);
#3198=EDGE_CURVE('',#4694,#4693,#3870,.T.);
#3199=EDGE_CURVE('',#4695,#4692,#3871,.T.);
#3200=EDGE_CURVE('',#4696,#4697,#3872,.T.);
#3201=EDGE_CURVE('',#4696,#4694,#3873,.T.);
#3202=EDGE_CURVE('',#4697,#4695,#3874,.T.);
#3203=EDGE_CURVE('',#4694,#4679,#3875,.T.);
#3204=EDGE_CURVE('',#4693,#4690,#3876,.T.);
#3205=EDGE_CURVE('',#4692,#4691,#3877,.T.);
#3206=EDGE_CURVE('',#4698,#4699,#4084,.T.);
#3207=EDGE_CURVE('',#4700,#4701,#4085,.T.);
#3208=EDGE_CURVE('',#4701,#4699,#4086,.T.);
#3209=EDGE_CURVE('',#4700,#4698,#4087,.T.);
#3210=EDGE_CURVE('',#4699,#4702,#4088,.T.);
#3211=EDGE_CURVE('',#4703,#4702,#4089,.T.);
#3212=EDGE_CURVE('',#4701,#4703,#4090,.T.);
#3213=EDGE_CURVE('',#4702,#4704,#4091,.T.);
#3214=EDGE_CURVE('',#4703,#4705,#4092,.T.);
#3215=EDGE_CURVE('',#4705,#4704,#4093,.T.);
#3216=EDGE_CURVE('',#4704,#4706,#4094,.T.);
#3217=EDGE_CURVE('',#4707,#4706,#4095,.T.);
#3218=EDGE_CURVE('',#4705,#4707,#4096,.T.);
#3219=EDGE_CURVE('',#4706,#4708,#4097,.T.);
#3220=EDGE_CURVE('',#4707,#4709,#4098,.T.);
#3221=EDGE_CURVE('',#4709,#4708,#4099,.T.);
#3222=EDGE_CURVE('',#4708,#4710,#4100,.T.);
#3223=EDGE_CURVE('',#4711,#4710,#4101,.T.);
#3224=EDGE_CURVE('',#4709,#4711,#4102,.T.);
#3225=EDGE_CURVE('',#4710,#4712,#4103,.T.);
#3226=EDGE_CURVE('',#4711,#4713,#4104,.T.);
#3227=EDGE_CURVE('',#4713,#4712,#4105,.T.);
#3228=EDGE_CURVE('',#4712,#4698,#4106,.T.);
#3229=EDGE_CURVE('',#4713,#4700,#4107,.T.);
#3230=EDGE_CURVE('',#4714,#4715,#4108,.T.);
#3231=EDGE_CURVE('',#4715,#4699,#4109,.T.);
#3232=EDGE_CURVE('',#4698,#4714,#4110,.T.);
#3233=EDGE_CURVE('',#4715,#4716,#4111,.T.);
#3234=EDGE_CURVE('',#4702,#4716,#4112,.T.);
#3235=EDGE_CURVE('',#4716,#4717,#4113,.T.);
#3236=EDGE_CURVE('',#4717,#4704,#4114,.T.);
#3237=EDGE_CURVE('',#4717,#4718,#4115,.T.);
#3238=EDGE_CURVE('',#4706,#4718,#4116,.T.);
#3239=EDGE_CURVE('',#4718,#4719,#4117,.T.);
#3240=EDGE_CURVE('',#4719,#4708,#4118,.T.);
#3241=EDGE_CURVE('',#4719,#4720,#4119,.T.);
#3242=EDGE_CURVE('',#4710,#4720,#4120,.T.);
#3243=EDGE_CURVE('',#4720,#4721,#4121,.T.);
#3244=EDGE_CURVE('',#4721,#4712,#4122,.T.);
#3245=EDGE_CURVE('',#4721,#4714,#4123,.T.);
#3246=EDGE_CURVE('',#4701,#4723,#4124,.T.);
#3247=EDGE_CURVE('',#4722,#4723,#4125,.T.);
#3248=EDGE_CURVE('',#4722,#4700,#4126,.T.);
#3249=EDGE_CURVE('',#4723,#4724,#4127,.T.);
#3250=EDGE_CURVE('',#4724,#4703,#4128,.T.);
#3251=EDGE_CURVE('',#4705,#4725,#4129,.T.);
#3252=EDGE_CURVE('',#4724,#4725,#4130,.T.);
#3253=EDGE_CURVE('',#4725,#4726,#4131,.T.);
#3254=EDGE_CURVE('',#4726,#4707,#4132,.T.);
#3255=EDGE_CURVE('',#4709,#4727,#4133,.T.);
#3256=EDGE_CURVE('',#4726,#4727,#4134,.T.);
#3257=EDGE_CURVE('',#4727,#4728,#4135,.T.);
#3258=EDGE_CURVE('',#4728,#4711,#4136,.T.);
#3259=EDGE_CURVE('',#4713,#4729,#4137,.T.);
#3260=EDGE_CURVE('',#4728,#4729,#4138,.T.);
#3261=EDGE_CURVE('',#4729,#4722,#4139,.T.);
#3262=EDGE_CURVE('',#4730,#4732,#4140,.T.);
#3263=EDGE_CURVE('',#4731,#4733,#4141,.T.);
#3264=EDGE_CURVE('',#4730,#4731,#4142,.T.);
#3265=EDGE_CURVE('',#4732,#4733,#4143,.T.);
#3266=EDGE_CURVE('',#4732,#4730,#4144,.T.);
#3267=EDGE_CURVE('',#4733,#4731,#4145,.T.);
#3268=EDGE_CURVE('',#4734,#4736,#4146,.T.);
#3269=EDGE_CURVE('',#4735,#4737,#4147,.T.);
#3270=EDGE_CURVE('',#4734,#4735,#4148,.T.);
#3271=EDGE_CURVE('',#4736,#4737,#4149,.T.);
#3272=EDGE_CURVE('',#4736,#4734,#4150,.T.);
#3273=EDGE_CURVE('',#4737,#4735,#4151,.T.);
#3274=EDGE_CURVE('',#4738,#4740,#4152,.T.);
#3275=EDGE_CURVE('',#4739,#4741,#4153,.T.);
#3276=EDGE_CURVE('',#4738,#4739,#4154,.T.);
#3277=EDGE_CURVE('',#4740,#4741,#4155,.T.);
#3278=EDGE_CURVE('',#4740,#4738,#4156,.T.);
#3279=EDGE_CURVE('',#4741,#4739,#4157,.T.);
#3280=EDGE_CURVE('',#4742,#4744,#4158,.T.);
#3281=EDGE_CURVE('',#4743,#4745,#4159,.T.);
#3282=EDGE_CURVE('',#4742,#4743,#4160,.T.);
#3283=EDGE_CURVE('',#4744,#4745,#4161,.T.);
#3284=EDGE_CURVE('',#4744,#4742,#4162,.T.);
#3285=EDGE_CURVE('',#4745,#4743,#4163,.T.);
#3286=EDGE_CURVE('',#4746,#4748,#4164,.T.);
#3287=EDGE_CURVE('',#4747,#4749,#4165,.T.);
#3288=EDGE_CURVE('',#4746,#4747,#4166,.T.);
#3289=EDGE_CURVE('',#4748,#4749,#4167,.T.);
#3290=EDGE_CURVE('',#4748,#4746,#4168,.T.);
#3291=EDGE_CURVE('',#4749,#4747,#4169,.T.);
#3292=EDGE_CURVE('',#4750,#4752,#4170,.T.);
#3293=EDGE_CURVE('',#4751,#4753,#4171,.T.);
#3294=EDGE_CURVE('',#4750,#4751,#4172,.T.);
#3295=EDGE_CURVE('',#4752,#4753,#4173,.T.);
#3296=EDGE_CURVE('',#4752,#4750,#4174,.T.);
#3297=EDGE_CURVE('',#4753,#4751,#4175,.T.);
#3298=EDGE_CURVE('',#4754,#4756,#4176,.T.);
#3299=EDGE_CURVE('',#4755,#4757,#4177,.T.);
#3300=EDGE_CURVE('',#4754,#4755,#4178,.T.);
#3301=EDGE_CURVE('',#4756,#4757,#4179,.T.);
#3302=EDGE_CURVE('',#4756,#4754,#4180,.T.);
#3303=EDGE_CURVE('',#4757,#4755,#4181,.T.);
#3304=EDGE_CURVE('',#4758,#4760,#4182,.T.);
#3305=EDGE_CURVE('',#4759,#4761,#4183,.T.);
#3306=EDGE_CURVE('',#4758,#4759,#4184,.T.);
#3307=EDGE_CURVE('',#4760,#4761,#4185,.T.);
#3308=EDGE_CURVE('',#4760,#4758,#4186,.T.);
#3309=EDGE_CURVE('',#4761,#4759,#4187,.T.);
#3310=EDGE_CURVE('',#4762,#4766,#4188,.T.);
#3311=EDGE_CURVE('',#4762,#4763,#4189,.T.);
#3312=EDGE_CURVE('',#4763,#4767,#4190,.T.);
#3313=EDGE_CURVE('',#4764,#4768,#4191,.T.);
#3314=EDGE_CURVE('',#4765,#4769,#4192,.T.);
#3315=EDGE_CURVE('',#4764,#4765,#4193,.T.);
#3316=EDGE_CURVE('',#4766,#4767,#4194,.T.);
#3317=EDGE_CURVE('',#4766,#4762,#4195,.T.);
#3318=EDGE_CURVE('',#4767,#4763,#4196,.T.);
#3319=EDGE_CURVE('',#4768,#4769,#4197,.T.);
#3320=EDGE_CURVE('',#4768,#4764,#4198,.T.);
#3321=EDGE_CURVE('',#4769,#4765,#4199,.T.);
#3322=EDGE_CURVE('',#4770,#4774,#4200,.T.);
#3323=EDGE_CURVE('',#4770,#4771,#4201,.T.);
#3324=EDGE_CURVE('',#4771,#4775,#4202,.T.);
#3325=EDGE_CURVE('',#4772,#4776,#4203,.T.);
#3326=EDGE_CURVE('',#4773,#4777,#4204,.T.);
#3327=EDGE_CURVE('',#4772,#4773,#4205,.T.);
#3328=EDGE_CURVE('',#4774,#4775,#4206,.T.);
#3329=EDGE_CURVE('',#4774,#4770,#4207,.T.);
#3330=EDGE_CURVE('',#4775,#4771,#4208,.T.);
#3331=EDGE_CURVE('',#4776,#4777,#4209,.T.);
#3332=EDGE_CURVE('',#4776,#4772,#4210,.T.);
#3333=EDGE_CURVE('',#4777,#4773,#4211,.T.);
#3334=EDGE_CURVE('',#4778,#4782,#4212,.T.);
#3335=EDGE_CURVE('',#4779,#4783,#4213,.T.);
#3336=EDGE_CURVE('',#4778,#4779,#4214,.T.);
#3337=EDGE_CURVE('',#4780,#4784,#4215,.T.);
#3338=EDGE_CURVE('',#4781,#4785,#4216,.T.);
#3339=EDGE_CURVE('',#4780,#4781,#4217,.T.);
#3340=EDGE_CURVE('',#4782,#4783,#4218,.T.);
#3341=EDGE_CURVE('',#4782,#4778,#4219,.T.);
#3342=EDGE_CURVE('',#4783,#4779,#4220,.T.);
#3343=EDGE_CURVE('',#4784,#4785,#4221,.T.);
#3344=EDGE_CURVE('',#4784,#4780,#4222,.T.);
#3345=EDGE_CURVE('',#4785,#4781,#4223,.T.);
#3346=EDGE_CURVE('',#4786,#4790,#4224,.T.);
#3347=EDGE_CURVE('',#4786,#4787,#4225,.T.);
#3348=EDGE_CURVE('',#4787,#4791,#4226,.T.);
#3349=EDGE_CURVE('',#4788,#4792,#4227,.T.);
#3350=EDGE_CURVE('',#4789,#4793,#4228,.T.);
#3351=EDGE_CURVE('',#4788,#4789,#4229,.T.);
#3352=EDGE_CURVE('',#4790,#4791,#4230,.T.);
#3353=EDGE_CURVE('',#4790,#4786,#4231,.T.);
#3354=EDGE_CURVE('',#4791,#4787,#4232,.T.);
#3355=EDGE_CURVE('',#4792,#4793,#4233,.T.);
#3356=EDGE_CURVE('',#4792,#4788,#4234,.T.);
#3357=EDGE_CURVE('',#4793,#4789,#4235,.T.);
#3358=EDGE_CURVE('',#4794,#4798,#4236,.T.);
#3359=EDGE_CURVE('',#4795,#4799,#4237,.T.);
#3360=EDGE_CURVE('',#4794,#4795,#4238,.T.);
#3361=EDGE_CURVE('',#4796,#4800,#4239,.T.);
#3362=EDGE_CURVE('',#4797,#4801,#4240,.T.);
#3363=EDGE_CURVE('',#4796,#4797,#4241,.T.);
#3364=EDGE_CURVE('',#4798,#4799,#4242,.T.);
#3365=EDGE_CURVE('',#4798,#4794,#4243,.T.);
#3366=EDGE_CURVE('',#4799,#4795,#4244,.T.);
#3367=EDGE_CURVE('',#4800,#4801,#4245,.T.);
#3368=EDGE_CURVE('',#4800,#4796,#4246,.T.);
#3369=EDGE_CURVE('',#4801,#4797,#4247,.T.);
#3370=EDGE_CURVE('',#4802,#4806,#4248,.T.);
#3371=EDGE_CURVE('',#4802,#4803,#4249,.T.);
#3372=EDGE_CURVE('',#4803,#4807,#4250,.T.);
#3373=EDGE_CURVE('',#4804,#4808,#4251,.T.);
#3374=EDGE_CURVE('',#4805,#4809,#4252,.T.);
#3375=EDGE_CURVE('',#4804,#4805,#4253,.T.);
#3376=EDGE_CURVE('',#4806,#4807,#4254,.T.);
#3377=EDGE_CURVE('',#4806,#4802,#4255,.T.);
#3378=EDGE_CURVE('',#4807,#4803,#4256,.T.);
#3379=EDGE_CURVE('',#4808,#4809,#4257,.T.);
#3380=EDGE_CURVE('',#4808,#4804,#4258,.T.);
#3381=EDGE_CURVE('',#4809,#4805,#4259,.T.);
#3382=EDGE_CURVE('',#4810,#4810,#4260,.T.);
#3383=EDGE_CURVE('',#4811,#4811,#4261,.T.);
#3384=EDGE_CURVE('',#4812,#4812,#4262,.T.);
#3385=EDGE_CURVE('',#4813,#4813,#4263,.T.);
#3386=EDGE_CURVE('',#4814,#4814,#4264,.T.);
#3387=EDGE_CURVE('',#4815,#4815,#4265,.T.);
#3388=EDGE_CURVE('',#4816,#4816,#4266,.T.);
#3389=EDGE_CURVE('',#4817,#4817,#4267,.T.);
#3390=EDGE_CURVE('',#4822,#4823,#4268,.T.);
#3391=EDGE_CURVE('',#4823,#4824,#4269,.T.);
#3392=EDGE_CURVE('',#4824,#4825,#4270,.T.);
#3393=EDGE_CURVE('',#4825,#4820,#4271,.T.);
#3394=EDGE_CURVE('',#4820,#4818,#4272,.T.);
#3395=EDGE_CURVE('',#4818,#4819,#4273,.T.);
#3396=EDGE_CURVE('',#4819,#4821,#4274,.T.);
#3397=EDGE_CURVE('',#4821,#4822,#4275,.T.);
#3398=EDGE_CURVE('',#4826,#4826,#4276,.T.);
#3399=EDGE_CURVE('',#4827,#4827,#4277,.T.);
#3400=EDGE_CURVE('',#4828,#4828,#4278,.T.);
#3401=EDGE_CURVE('',#4829,#4829,#4279,.T.);
#3402=EDGE_CURVE('',#4830,#4830,#4280,.T.);
#3403=EDGE_CURVE('',#4831,#4831,#4281,.T.);
#3404=EDGE_CURVE('',#4832,#4832,#4282,.T.);
#3405=EDGE_CURVE('',#4833,#4833,#4283,.T.);
#3406=EDGE_CURVE('',#4840,#4841,#4284,.T.);
#3407=EDGE_CURVE('',#4841,#4837,#4285,.T.);
#3408=EDGE_CURVE('',#4837,#4838,#4286,.T.);
#3409=EDGE_CURVE('',#4838,#4839,#4287,.T.);
#3410=EDGE_CURVE('',#4839,#4836,#4288,.T.);
#3411=EDGE_CURVE('',#4836,#4834,#4289,.T.);
#3412=EDGE_CURVE('',#4834,#4835,#4290,.T.);
#3413=EDGE_CURVE('',#4835,#4840,#4291,.T.);
#3414=EDGE_CURVE('',#4842,#4893,#4292,.T.);
#3415=EDGE_CURVE('',#4843,#4844,#4293,.T.);
#3416=EDGE_CURVE('',#4844,#4867,#4294,.T.);
#3417=EDGE_CURVE('',#4843,#4868,#4295,.T.);
#3418=EDGE_CURVE('',#4844,#4845,#4296,.T.);
#3419=EDGE_CURVE('',#4845,#4869,#4297,.T.);
#3420=EDGE_CURVE('',#4845,#4846,#4298,.T.);
#3421=EDGE_CURVE('',#4846,#4870,#4299,.T.);
#3422=EDGE_CURVE('',#4846,#4847,#4300,.T.);
#3423=EDGE_CURVE('',#4847,#4871,#4301,.T.);
#3424=EDGE_CURVE('',#4847,#4848,#4302,.T.);
#3425=EDGE_CURVE('',#4848,#4872,#4303,.T.);
#3426=EDGE_CURVE('',#4848,#4849,#4304,.T.);
#3427=EDGE_CURVE('',#4849,#4873,#4305,.T.);
#3428=EDGE_CURVE('',#4849,#4850,#4306,.T.);
#3429=EDGE_CURVE('',#4850,#4874,#4307,.T.);
#3430=EDGE_CURVE('',#4850,#4851,#4308,.T.);
#3431=EDGE_CURVE('',#4851,#4875,#4309,.T.);
#3432=EDGE_CURVE('',#4851,#4852,#4310,.T.);
#3433=EDGE_CURVE('',#4852,#4876,#4311,.T.);
#3434=EDGE_CURVE('',#4852,#4853,#4312,.T.);
#3435=EDGE_CURVE('',#4853,#4877,#4313,.T.);
#3436=EDGE_CURVE('',#4853,#4854,#4314,.T.);
#3437=EDGE_CURVE('',#4854,#4878,#4315,.T.);
#3438=EDGE_CURVE('',#4854,#4855,#4316,.T.);
#3439=EDGE_CURVE('',#4855,#4879,#4317,.T.);
#3440=EDGE_CURVE('',#4855,#4856,#4318,.T.);
#3441=EDGE_CURVE('',#4856,#4880,#4319,.T.);
#3442=EDGE_CURVE('',#4856,#4857,#4320,.T.);
#3443=EDGE_CURVE('',#4857,#4881,#4321,.T.);
#3444=EDGE_CURVE('',#4857,#4858,#4322,.T.);
#3445=EDGE_CURVE('',#4858,#4882,#4323,.T.);
#3446=EDGE_CURVE('',#4858,#4859,#4324,.T.);
#3447=EDGE_CURVE('',#4859,#4884,#4325,.T.);
#3448=EDGE_CURVE('',#4859,#4860,#4326,.T.);
#3449=EDGE_CURVE('',#4860,#4885,#4327,.T.);
#3450=EDGE_CURVE('',#4860,#4861,#4328,.T.);
#3451=EDGE_CURVE('',#4861,#4886,#4329,.T.);
#3452=EDGE_CURVE('',#4861,#4862,#4330,.T.);
#3453=EDGE_CURVE('',#4862,#4887,#4331,.T.);
#3454=EDGE_CURVE('',#4862,#4863,#4332,.T.);
#3455=EDGE_CURVE('',#4863,#4888,#4333,.T.);
#3456=EDGE_CURVE('',#4863,#4864,#4334,.T.);
#3457=EDGE_CURVE('',#4864,#4889,#4335,.T.);
#3458=EDGE_CURVE('',#4864,#4865,#4336,.T.);
#3459=EDGE_CURVE('',#4865,#4890,#4337,.T.);
#3460=EDGE_CURVE('',#4865,#4866,#4338,.T.);
#3461=EDGE_CURVE('',#4866,#4891,#4339,.T.);
#3462=EDGE_CURVE('',#4866,#4843,#4340,.T.);
#3463=EDGE_CURVE('',#4867,#4868,#3878,.T.);
#3464=EDGE_CURVE('',#4869,#4867,#3879,.T.);
#3465=EDGE_CURVE('',#4870,#4869,#3880,.T.);
#3466=EDGE_CURVE('',#4871,#4892,#3881,.T.);
#3467=EDGE_CURVE('',#4872,#4871,#3882,.T.);
#3468=EDGE_CURVE('',#4873,#4872,#3883,.T.);
#3469=EDGE_CURVE('',#4874,#4873,#3884,.T.);
#3470=EDGE_CURVE('',#4875,#4874,#3885,.T.);
#3471=EDGE_CURVE('',#4876,#4875,#3886,.T.);
#3472=EDGE_CURVE('',#4877,#4876,#3887,.T.);
#3473=EDGE_CURVE('',#4878,#4877,#3888,.T.);
#3474=EDGE_CURVE('',#4879,#4878,#3889,.T.);
#3475=EDGE_CURVE('',#4880,#4879,#3890,.T.);
#3476=EDGE_CURVE('',#4881,#4880,#3891,.T.);
#3477=EDGE_CURVE('',#4882,#4881,#3892,.T.);
#3478=EDGE_CURVE('',#4883,#4882,#3893,.T.);
#3479=EDGE_CURVE('',#4884,#4883,#3894,.T.);
#3480=EDGE_CURVE('',#4885,#4884,#3895,.T.);
#3481=EDGE_CURVE('',#4886,#4885,#3896,.T.);
#3482=EDGE_CURVE('',#4887,#4886,#3897,.T.);
#3483=EDGE_CURVE('',#4888,#4887,#3898,.T.);
#3484=EDGE_CURVE('',#4889,#4888,#3899,.T.);
#3485=EDGE_CURVE('',#4890,#4889,#3900,.T.);
#3486=EDGE_CURVE('',#4891,#4890,#3901,.T.);
#3487=EDGE_CURVE('',#4868,#4891,#3902,.T.);
#3488=EDGE_CURVE('',#4883,#4842,#4341,.T.);
#3489=EDGE_CURVE('',#4892,#4893,#4342,.T.);
#3490=EDGE_CURVE('',#4893,#4842,#4343,.T.);
#3491=EDGE_CURVE('',#4892,#4870,#3903,.T.);
#3492=EDGE_CURVE('',#4894,#4945,#4344,.T.);
#3493=EDGE_CURVE('',#4895,#4896,#4345,.T.);
#3494=EDGE_CURVE('',#4896,#4919,#4346,.T.);
#3495=EDGE_CURVE('',#4895,#4920,#4347,.T.);
#3496=EDGE_CURVE('',#4896,#4897,#4348,.T.);
#3497=EDGE_CURVE('',#4897,#4921,#4349,.T.);
#3498=EDGE_CURVE('',#4897,#4898,#4350,.T.);
#3499=EDGE_CURVE('',#4898,#4922,#4351,.T.);
#3500=EDGE_CURVE('',#4898,#4899,#4352,.T.);
#3501=EDGE_CURVE('',#4899,#4923,#4353,.T.);
#3502=EDGE_CURVE('',#4899,#4900,#4354,.T.);
#3503=EDGE_CURVE('',#4900,#4924,#4355,.T.);
#3504=EDGE_CURVE('',#4900,#4901,#4356,.T.);
#3505=EDGE_CURVE('',#4901,#4925,#4357,.T.);
#3506=EDGE_CURVE('',#4901,#4902,#4358,.T.);
#3507=EDGE_CURVE('',#4902,#4926,#4359,.T.);
#3508=EDGE_CURVE('',#4902,#4903,#4360,.T.);
#3509=EDGE_CURVE('',#4903,#4927,#4361,.T.);
#3510=EDGE_CURVE('',#4903,#4904,#4362,.T.);
#3511=EDGE_CURVE('',#4904,#4928,#4363,.T.);
#3512=EDGE_CURVE('',#4904,#4905,#4364,.T.);
#3513=EDGE_CURVE('',#4905,#4929,#4365,.T.);
#3514=EDGE_CURVE('',#4905,#4906,#4366,.T.);
#3515=EDGE_CURVE('',#4906,#4930,#4367,.T.);
#3516=EDGE_CURVE('',#4906,#4907,#4368,.T.);
#3517=EDGE_CURVE('',#4907,#4931,#4369,.T.);
#3518=EDGE_CURVE('',#4907,#4908,#4370,.T.);
#3519=EDGE_CURVE('',#4908,#4932,#4371,.T.);
#3520=EDGE_CURVE('',#4908,#4909,#4372,.T.);
#3521=EDGE_CURVE('',#4909,#4933,#4373,.T.);
#3522=EDGE_CURVE('',#4909,#4910,#4374,.T.);
#3523=EDGE_CURVE('',#4910,#4934,#4375,.T.);
#3524=EDGE_CURVE('',#4910,#4911,#4376,.T.);
#3525=EDGE_CURVE('',#4911,#4936,#4377,.T.);
#3526=EDGE_CURVE('',#4911,#4912,#4378,.T.);
#3527=EDGE_CURVE('',#4912,#4937,#4379,.T.);
#3528=EDGE_CURVE('',#4912,#4913,#4380,.T.);
#3529=EDGE_CURVE('',#4913,#4938,#4381,.T.);
#3530=EDGE_CURVE('',#4913,#4914,#4382,.T.);
#3531=EDGE_CURVE('',#4914,#4939,#4383,.T.);
#3532=EDGE_CURVE('',#4914,#4915,#4384,.T.);
#3533=EDGE_CURVE('',#4915,#4940,#4385,.T.);
#3534=EDGE_CURVE('',#4915,#4916,#4386,.T.);
#3535=EDGE_CURVE('',#4916,#4941,#4387,.T.);
#3536=EDGE_CURVE('',#4916,#4917,#4388,.T.);
#3537=EDGE_CURVE('',#4917,#4942,#4389,.T.);
#3538=EDGE_CURVE('',#4917,#4918,#4390,.T.);
#3539=EDGE_CURVE('',#4918,#4943,#4391,.T.);
#3540=EDGE_CURVE('',#4918,#4895,#4392,.T.);
#3541=EDGE_CURVE('',#4919,#4920,#3904,.T.);
#3542=EDGE_CURVE('',#4921,#4919,#3905,.T.);
#3543=EDGE_CURVE('',#4922,#4921,#3906,.T.);
#3544=EDGE_CURVE('',#4923,#4944,#3907,.T.);
#3545=EDGE_CURVE('',#4924,#4923,#3908,.T.);
#3546=EDGE_CURVE('',#4925,#4924,#3909,.T.);
#3547=EDGE_CURVE('',#4926,#4925,#3910,.T.);
#3548=EDGE_CURVE('',#4927,#4926,#3911,.T.);
#3549=EDGE_CURVE('',#4928,#4927,#3912,.T.);
#3550=EDGE_CURVE('',#4929,#4928,#3913,.T.);
#3551=EDGE_CURVE('',#4930,#4929,#3914,.T.);
#3552=EDGE_CURVE('',#4931,#4930,#3915,.T.);
#3553=EDGE_CURVE('',#4932,#4931,#3916,.T.);
#3554=EDGE_CURVE('',#4933,#4932,#3917,.T.);
#3555=EDGE_CURVE('',#4934,#4933,#3918,.T.);
#3556=EDGE_CURVE('',#4935,#4934,#3919,.T.);
#3557=EDGE_CURVE('',#4936,#4935,#3920,.T.);
#3558=EDGE_CURVE('',#4937,#4936,#3921,.T.);
#3559=EDGE_CURVE('',#4938,#4937,#3922,.T.);
#3560=EDGE_CURVE('',#4939,#4938,#3923,.T.);
#3561=EDGE_CURVE('',#4940,#4939,#3924,.T.);
#3562=EDGE_CURVE('',#4941,#4940,#3925,.T.);
#3563=EDGE_CURVE('',#4942,#4941,#3926,.T.);
#3564=EDGE_CURVE('',#4943,#4942,#3927,.T.);
#3565=EDGE_CURVE('',#4920,#4943,#3928,.T.);
#3566=EDGE_CURVE('',#4935,#4894,#4393,.T.);
#3567=EDGE_CURVE('',#4944,#4945,#4394,.T.);
#3568=EDGE_CURVE('',#4945,#4894,#4395,.T.);
#3569=EDGE_CURVE('',#4944,#4922,#3929,.T.);
#3570=B_SPLINE_CURVE_WITH_KNOTS('',1,(#6563,#6564),.UNSPECIFIED.,.F.,.F.,
(2,2),(1.4210854715202E-14,14.6),.UNSPECIFIED.);
#3571=B_SPLINE_CURVE_WITH_KNOTS('',1,(#6565,#6566),.UNSPECIFIED.,.F.,.F.,
(2,2),(1.77635683940025E-15,4.59999999999999),.UNSPECIFIED.);
#3572=B_SPLINE_CURVE_WITH_KNOTS('',1,(#6567,#6568),.UNSPECIFIED.,.F.,.F.,
(2,2),(0.,4.6),.UNSPECIFIED.);
#3573=B_SPLINE_CURVE_WITH_KNOTS('',1,(#6569,#6570),.UNSPECIFIED.,.F.,.F.,
(2,2),(1.10860815477116E-14,4.60000000000002),.UNSPECIFIED.);
#3574=B_SPLINE_CURVE_WITH_KNOTS('',1,(#6571,#6572),.UNSPECIFIED.,.F.,.F.,
(2,2),(-1.77635683940025E-15,14.6),.UNSPECIFIED.);
#3575=B_SPLINE_CURVE_WITH_KNOTS('',1,(#6573,#6574),.UNSPECIFIED.,.F.,.F.,
(2,2),(1.77635683940025E-15,4.59999999999999),.UNSPECIFIED.);
#3576=B_SPLINE_CURVE_WITH_KNOTS('',1,(#6823,#6824),.UNSPECIFIED.,.F.,.F.,
(2,2),(0.,12.),.UNSPECIFIED.);
#3577=B_SPLINE_CURVE_WITH_KNOTS('',1,(#6825,#6826),.UNSPECIFIED.,.F.,.F.,
(2,2),(0.,12.),.UNSPECIFIED.);
#3578=B_SPLINE_CURVE_WITH_KNOTS('',1,(#6827,#6828),.UNSPECIFIED.,.F.,.F.,
(2,2),(0.,12.),.UNSPECIFIED.);
#3579=B_SPLINE_CURVE_WITH_KNOTS('',1,(#6829,#6830),.UNSPECIFIED.,.F.,.F.,
(2,2),(0.,12.),.UNSPECIFIED.);
#3580=B_SPLINE_CURVE_WITH_KNOTS('',1,(#6836,#6837),.UNSPECIFIED.,.F.,.F.,
(2,2),(0.,12.),.UNSPECIFIED.);
#3581=B_SPLINE_CURVE_WITH_KNOTS('',1,(#6838,#6839),.UNSPECIFIED.,.F.,.F.,
(2,2),(36.,48.),.UNSPECIFIED.);
#3582=B_SPLINE_CURVE_WITH_KNOTS('',1,(#6840,#6841),.UNSPECIFIED.,.F.,.F.,
(2,2),(24.,36.),.UNSPECIFIED.);
#3583=B_SPLINE_CURVE_WITH_KNOTS('',1,(#6842,#6843),.UNSPECIFIED.,.F.,.F.,
(2,2),(12.,24.),.UNSPECIFIED.);
#3584=B_SPLINE_CURVE_WITH_KNOTS('',1,(#6858,#6859),.UNSPECIFIED.,.F.,.F.,
(2,2),(-57.,-42.8),.UNSPECIFIED.);
#3585=B_SPLINE_CURVE_WITH_KNOTS('',1,(#6860,#6861),.UNSPECIFIED.,.F.,.F.,
(2,2),(-42.8,-28.6),.UNSPECIFIED.);
#3586=B_SPLINE_CURVE_WITH_KNOTS('',1,(#6862,#6863),.UNSPECIFIED.,.F.,.F.,
(2,2),(-28.6,-14.4),.UNSPECIFIED.);
#3587=B_SPLINE_CURVE_WITH_KNOTS('',1,(#6864,#6865),.UNSPECIFIED.,.F.,.F.,
(2,2),(-14.4,-0.2),.UNSPECIFIED.);
#3588=B_SPLINE_CURVE_WITH_KNOTS('',1,(#6866,#6867),.UNSPECIFIED.,.F.,.F.,
(2,2),(42.8,57.),.UNSPECIFIED.);
#3589=B_SPLINE_CURVE_WITH_KNOTS('',1,(#6868,#6869),.UNSPECIFIED.,.F.,.F.,
(2,2),(28.6,42.8),.UNSPECIFIED.);
#3590=B_SPLINE_CURVE_WITH_KNOTS('',1,(#6870,#6871),.UNSPECIFIED.,.F.,.F.,
(2,2),(27.9,42.1),.UNSPECIFIED.);
#3591=B_SPLINE_CURVE_WITH_KNOTS('',1,(#6872,#6873),.UNSPECIFIED.,.F.,.F.,
(2,2),(0.2,14.4),.UNSPECIFIED.);
#3592=B_SPLINE_CURVE_WITH_KNOTS('',1,(#6874,#6875),.UNSPECIFIED.,.F.,.F.,
(2,2),(0.90000002384186,1.5),.UNSPECIFIED.);
#3593=B_SPLINE_CURVE_WITH_KNOTS('',1,(#6876,#6877),.UNSPECIFIED.,.F.,.F.,
(2,2),(0.90000002384186,1.5),.UNSPECIFIED.);
#3594=B_SPLINE_CURVE_WITH_KNOTS('',1,(#6878,#6879),.UNSPECIFIED.,.F.,.F.,
(2,2),(0.90000002384186,1.5),.UNSPECIFIED.);
#3595=B_SPLINE_CURVE_WITH_KNOTS('',1,(#6880,#6881),.UNSPECIFIED.,.F.,.F.,
(2,2),(0.90000002384186,1.5),.UNSPECIFIED.);
#3596=B_SPLINE_CURVE_WITH_KNOTS('',1,(#6900,#6901),.UNSPECIFIED.,.F.,.F.,
(2,2),(-57.,-42.8),.UNSPECIFIED.);
#3597=B_SPLINE_CURVE_WITH_KNOTS('',1,(#6902,#6903),.UNSPECIFIED.,.F.,.F.,
(2,2),(0.,0.90000002384186),.UNSPECIFIED.);
#3598=B_SPLINE_CURVE_WITH_KNOTS('',1,(#6904,#6905),.UNSPECIFIED.,.F.,.F.,
(2,2),(0.,0.90000002384186),.UNSPECIFIED.);
#3599=B_SPLINE_CURVE_WITH_KNOTS('',1,(#6906,#6907),.UNSPECIFIED.,.F.,.F.,
(2,2),(-42.8,-28.6),.UNSPECIFIED.);
#3600=B_SPLINE_CURVE_WITH_KNOTS('',1,(#6908,#6909),.UNSPECIFIED.,.F.,.F.,
(2,2),(0.,0.90000002384186),.UNSPECIFIED.);
#3601=B_SPLINE_CURVE_WITH_KNOTS('',1,(#6910,#6911),.UNSPECIFIED.,.F.,.F.,
(2,2),(-28.6,-14.4),.UNSPECIFIED.);
#3602=B_SPLINE_CURVE_WITH_KNOTS('',1,(#6912,#6913),.UNSPECIFIED.,.F.,.F.,
(2,2),(0.,0.90000002384186),.UNSPECIFIED.);
#3603=B_SPLINE_CURVE_WITH_KNOTS('',1,(#6914,#6915),.UNSPECIFIED.,.F.,.F.,
(2,2),(-14.4,-0.2),.UNSPECIFIED.);
#3604=B_SPLINE_CURVE_WITH_KNOTS('',1,(#6916,#6917),.UNSPECIFIED.,.F.,.F.,
(2,2),(42.8,57.),.UNSPECIFIED.);
#3605=B_SPLINE_CURVE_WITH_KNOTS('',1,(#6918,#6919),.UNSPECIFIED.,.F.,.F.,
(2,2),(28.6,42.8),.UNSPECIFIED.);
#3606=B_SPLINE_CURVE_WITH_KNOTS('',1,(#6920,#6921),.UNSPECIFIED.,.F.,.F.,
(2,2),(27.9,42.1),.UNSPECIFIED.);
#3607=B_SPLINE_CURVE_WITH_KNOTS('',1,(#6922,#6923),.UNSPECIFIED.,.F.,.F.,
(2,2),(0.2,14.4),.UNSPECIFIED.);
#3608=B_SPLINE_CURVE_WITH_KNOTS('',1,(#6924,#6925),.UNSPECIFIED.,.F.,.F.,
(2,2),(0.,12.),.UNSPECIFIED.);
#3609=B_SPLINE_CURVE_WITH_KNOTS('',1,(#6926,#6927),.UNSPECIFIED.,.F.,.F.,
(2,2),(36.,48.),.UNSPECIFIED.);
#3610=B_SPLINE_CURVE_WITH_KNOTS('',1,(#6928,#6929),.UNSPECIFIED.,.F.,.F.,
(2,2),(24.,36.),.UNSPECIFIED.);
#3611=B_SPLINE_CURVE_WITH_KNOTS('',1,(#6930,#6931),.UNSPECIFIED.,.F.,.F.,
(2,2),(12.,24.),.UNSPECIFIED.);
#3612=B_SPLINE_CURVE_WITH_KNOTS('',1,(#6946,#6947),.UNSPECIFIED.,.F.,.F.,
(2,2),(0.,0.6),.UNSPECIFIED.);
#3613=B_SPLINE_CURVE_WITH_KNOTS('',1,(#6948,#6949),.UNSPECIFIED.,.F.,.F.,
(2,2),(0.,0.4),.UNSPECIFIED.);
#3614=B_SPLINE_CURVE_WITH_KNOTS('',1,(#6950,#6951),.UNSPECIFIED.,.F.,.F.,
(2,2),(0.,0.6),.UNSPECIFIED.);
#3615=B_SPLINE_CURVE_WITH_KNOTS('',1,(#6952,#6953),.UNSPECIFIED.,.F.,.F.,
(2,2),(0.,0.4),.UNSPECIFIED.);
#3616=B_SPLINE_CURVE_WITH_KNOTS('',1,(#6954,#6955),.UNSPECIFIED.,.F.,.F.,
(2,2),(0.6,2.6),.UNSPECIFIED.);
#3617=B_SPLINE_CURVE_WITH_KNOTS('',1,(#6956,#6957),.UNSPECIFIED.,.F.,.F.,
(2,2),(0.,0.4),.UNSPECIFIED.);
#3618=B_SPLINE_CURVE_WITH_KNOTS('',1,(#6958,#6959),.UNSPECIFIED.,.F.,.F.,
(2,2),(0.6,2.6),.UNSPECIFIED.);
#3619=B_SPLINE_CURVE_WITH_KNOTS('',1,(#6960,#6961),.UNSPECIFIED.,.F.,.F.,
(2,2),(2.6,3.2),.UNSPECIFIED.);
#3620=B_SPLINE_CURVE_WITH_KNOTS('',1,(#6962,#6963),.UNSPECIFIED.,.F.,.F.,
(2,2),(0.,0.4),.UNSPECIFIED.);
#3621=B_SPLINE_CURVE_WITH_KNOTS('',1,(#6964,#6965),.UNSPECIFIED.,.F.,.F.,
(2,2),(2.6,3.2),.UNSPECIFIED.);
#3622=B_SPLINE_CURVE_WITH_KNOTS('',1,(#6966,#6967),.UNSPECIFIED.,.F.,.F.,
(2,2),(3.2,5.2),.UNSPECIFIED.);
#3623=B_SPLINE_CURVE_WITH_KNOTS('',1,(#6968,#6969),.UNSPECIFIED.,.F.,.F.,
(2,2),(3.2,5.2),.UNSPECIFIED.);
#3624=B_SPLINE_CURVE_WITH_KNOTS('',1,(#6984,#6985),.UNSPECIFIED.,.F.,.F.,
(2,2),(0.,0.6),.UNSPECIFIED.);
#3625=B_SPLINE_CURVE_WITH_KNOTS('',1,(#6986,#6987),.UNSPECIFIED.,.F.,.F.,
(2,2),(0.,0.4),.UNSPECIFIED.);
#3626=B_SPLINE_CURVE_WITH_KNOTS('',1,(#6988,#6989),.UNSPECIFIED.,.F.,.F.,
(2,2),(0.,0.6),.UNSPECIFIED.);
#3627=B_SPLINE_CURVE_WITH_KNOTS('',1,(#6990,#6991),.UNSPECIFIED.,.F.,.F.,
(2,2),(0.,0.4),.UNSPECIFIED.);
#3628=B_SPLINE_CURVE_WITH_KNOTS('',1,(#6992,#6993),.UNSPECIFIED.,.F.,.F.,
(2,2),(0.6,2.6),.UNSPECIFIED.);
#3629=B_SPLINE_CURVE_WITH_KNOTS('',1,(#6994,#6995),.UNSPECIFIED.,.F.,.F.,
(2,2),(0.,0.4),.UNSPECIFIED.);
#3630=B_SPLINE_CURVE_WITH_KNOTS('',1,(#6996,#6997),.UNSPECIFIED.,.F.,.F.,
(2,2),(0.6,2.6),.UNSPECIFIED.);
#3631=B_SPLINE_CURVE_WITH_KNOTS('',1,(#6998,#6999),.UNSPECIFIED.,.F.,.F.,
(2,2),(2.6,3.2),.UNSPECIFIED.);
#3632=B_SPLINE_CURVE_WITH_KNOTS('',1,(#7000,#7001),.UNSPECIFIED.,.F.,.F.,
(2,2),(0.,0.4),.UNSPECIFIED.);
#3633=B_SPLINE_CURVE_WITH_KNOTS('',1,(#7002,#7003),.UNSPECIFIED.,.F.,.F.,
(2,2),(2.6,3.2),.UNSPECIFIED.);
#3634=B_SPLINE_CURVE_WITH_KNOTS('',1,(#7004,#7005),.UNSPECIFIED.,.F.,.F.,
(2,2),(3.2,5.2),.UNSPECIFIED.);
#3635=B_SPLINE_CURVE_WITH_KNOTS('',1,(#7006,#7007),.UNSPECIFIED.,.F.,.F.,
(2,2),(3.2,5.2),.UNSPECIFIED.);
#3636=B_SPLINE_CURVE_WITH_KNOTS('',1,(#7022,#7023),.UNSPECIFIED.,.F.,.F.,
(2,2),(0.,0.6),.UNSPECIFIED.);
#3637=B_SPLINE_CURVE_WITH_KNOTS('',1,(#7024,#7025),.UNSPECIFIED.,.F.,.F.,
(2,2),(0.,0.4),.UNSPECIFIED.);
#3638=B_SPLINE_CURVE_WITH_KNOTS('',1,(#7026,#7027),.UNSPECIFIED.,.F.,.F.,
(2,2),(0.,0.6),.UNSPECIFIED.);
#3639=B_SPLINE_CURVE_WITH_KNOTS('',1,(#7028,#7029),.UNSPECIFIED.,.F.,.F.,
(2,2),(0.,0.4),.UNSPECIFIED.);
#3640=B_SPLINE_CURVE_WITH_KNOTS('',1,(#7030,#7031),.UNSPECIFIED.,.F.,.F.,
(2,2),(0.6,2.6),.UNSPECIFIED.);
#3641=B_SPLINE_CURVE_WITH_KNOTS('',1,(#7032,#7033),.UNSPECIFIED.,.F.,.F.,
(2,2),(0.,0.4),.UNSPECIFIED.);
#3642=B_SPLINE_CURVE_WITH_KNOTS('',1,(#7034,#7035),.UNSPECIFIED.,.F.,.F.,
(2,2),(0.6,2.6),.UNSPECIFIED.);
#3643=B_SPLINE_CURVE_WITH_KNOTS('',1,(#7036,#7037),.UNSPECIFIED.,.F.,.F.,
(2,2),(2.6,3.2),.UNSPECIFIED.);
#3644=B_SPLINE_CURVE_WITH_KNOTS('',1,(#7038,#7039),.UNSPECIFIED.,.F.,.F.,
(2,2),(0.,0.4),.UNSPECIFIED.);
#3645=B_SPLINE_CURVE_WITH_KNOTS('',1,(#7040,#7041),.UNSPECIFIED.,.F.,.F.,
(2,2),(2.6,3.2),.UNSPECIFIED.);
#3646=B_SPLINE_CURVE_WITH_KNOTS('',1,(#7042,#7043),.UNSPECIFIED.,.F.,.F.,
(2,2),(3.2,5.2),.UNSPECIFIED.);
#3647=B_SPLINE_CURVE_WITH_KNOTS('',1,(#7044,#7045),.UNSPECIFIED.,.F.,.F.,
(2,2),(3.2,5.2),.UNSPECIFIED.);
#3648=B_SPLINE_CURVE_WITH_KNOTS('',1,(#7060,#7061),.UNSPECIFIED.,.F.,.F.,
(2,2),(0.,0.6),.UNSPECIFIED.);
#3649=B_SPLINE_CURVE_WITH_KNOTS('',1,(#7062,#7063),.UNSPECIFIED.,.F.,.F.,
(2,2),(0.,0.4),.UNSPECIFIED.);
#3650=B_SPLINE_CURVE_WITH_KNOTS('',1,(#7064,#7065),.UNSPECIFIED.,.F.,.F.,
(2,2),(0.,0.6),.UNSPECIFIED.);
#3651=B_SPLINE_CURVE_WITH_KNOTS('',1,(#7066,#7067),.UNSPECIFIED.,.F.,.F.,
(2,2),(0.,0.4),.UNSPECIFIED.);
#3652=B_SPLINE_CURVE_WITH_KNOTS('',1,(#7068,#7069),.UNSPECIFIED.,.F.,.F.,
(2,2),(0.6,2.6),.UNSPECIFIED.);
#3653=B_SPLINE_CURVE_WITH_KNOTS('',1,(#7070,#7071),.UNSPECIFIED.,.F.,.F.,
(2,2),(0.,0.4),.UNSPECIFIED.);
#3654=B_SPLINE_CURVE_WITH_KNOTS('',1,(#7072,#7073),.UNSPECIFIED.,.F.,.F.,
(2,2),(0.6,2.6),.UNSPECIFIED.);
#3655=B_SPLINE_CURVE_WITH_KNOTS('',1,(#7074,#7075),.UNSPECIFIED.,.F.,.F.,
(2,2),(2.6,3.2),.UNSPECIFIED.);
#3656=B_SPLINE_CURVE_WITH_KNOTS('',1,(#7076,#7077),.UNSPECIFIED.,.F.,.F.,
(2,2),(0.,0.4),.UNSPECIFIED.);
#3657=B_SPLINE_CURVE_WITH_KNOTS('',1,(#7078,#7079),.UNSPECIFIED.,.F.,.F.,
(2,2),(2.6,3.2),.UNSPECIFIED.);
#3658=B_SPLINE_CURVE_WITH_KNOTS('',1,(#7080,#7081),.UNSPECIFIED.,.F.,.F.,
(2,2),(3.2,5.2),.UNSPECIFIED.);
#3659=B_SPLINE_CURVE_WITH_KNOTS('',1,(#7082,#7083),.UNSPECIFIED.,.F.,.F.,
(2,2),(3.2,5.2),.UNSPECIFIED.);
#3660=B_SPLINE_CURVE_WITH_KNOTS('',1,(#7098,#7099),.UNSPECIFIED.,.F.,.F.,
(2,2),(0.,0.6),.UNSPECIFIED.);
#3661=B_SPLINE_CURVE_WITH_KNOTS('',1,(#7100,#7101),.UNSPECIFIED.,.F.,.F.,
(2,2),(0.,0.4),.UNSPECIFIED.);
#3662=B_SPLINE_CURVE_WITH_KNOTS('',1,(#7102,#7103),.UNSPECIFIED.,.F.,.F.,
(2,2),(0.,0.6),.UNSPECIFIED.);
#3663=B_SPLINE_CURVE_WITH_KNOTS('',1,(#7104,#7105),.UNSPECIFIED.,.F.,.F.,
(2,2),(0.,0.4),.UNSPECIFIED.);
#3664=B_SPLINE_CURVE_WITH_KNOTS('',1,(#7106,#7107),.UNSPECIFIED.,.F.,.F.,
(2,2),(0.6,2.6),.UNSPECIFIED.);
#3665=B_SPLINE_CURVE_WITH_KNOTS('',1,(#7108,#7109),.UNSPECIFIED.,.F.,.F.,
(2,2),(0.,0.4),.UNSPECIFIED.);
#3666=B_SPLINE_CURVE_WITH_KNOTS('',1,(#7110,#7111),.UNSPECIFIED.,.F.,.F.,
(2,2),(0.6,2.6),.UNSPECIFIED.);
#3667=B_SPLINE_CURVE_WITH_KNOTS('',1,(#7112,#7113),.UNSPECIFIED.,.F.,.F.,
(2,2),(2.6,3.2),.UNSPECIFIED.);
#3668=B_SPLINE_CURVE_WITH_KNOTS('',1,(#7114,#7115),.UNSPECIFIED.,.F.,.F.,
(2,2),(0.,0.4),.UNSPECIFIED.);
#3669=B_SPLINE_CURVE_WITH_KNOTS('',1,(#7116,#7117),.UNSPECIFIED.,.F.,.F.,
(2,2),(2.6,3.2),.UNSPECIFIED.);
#3670=B_SPLINE_CURVE_WITH_KNOTS('',1,(#7118,#7119),.UNSPECIFIED.,.F.,.F.,
(2,2),(3.2,5.2),.UNSPECIFIED.);
#3671=B_SPLINE_CURVE_WITH_KNOTS('',1,(#7120,#7121),.UNSPECIFIED.,.F.,.F.,
(2,2),(3.2,5.2),.UNSPECIFIED.);
#3672=B_SPLINE_CURVE_WITH_KNOTS('',1,(#7136,#7137),.UNSPECIFIED.,.F.,.F.,
(2,2),(0.,0.6),.UNSPECIFIED.);
#3673=B_SPLINE_CURVE_WITH_KNOTS('',1,(#7138,#7139),.UNSPECIFIED.,.F.,.F.,
(2,2),(0.,0.4),.UNSPECIFIED.);
#3674=B_SPLINE_CURVE_WITH_KNOTS('',1,(#7140,#7141),.UNSPECIFIED.,.F.,.F.,
(2,2),(0.,0.6),.UNSPECIFIED.);
#3675=B_SPLINE_CURVE_WITH_KNOTS('',1,(#7142,#7143),.UNSPECIFIED.,.F.,.F.,
(2,2),(0.,0.4),.UNSPECIFIED.);
#3676=B_SPLINE_CURVE_WITH_KNOTS('',1,(#7144,#7145),.UNSPECIFIED.,.F.,.F.,
(2,2),(0.6,2.6),.UNSPECIFIED.);
#3677=B_SPLINE_CURVE_WITH_KNOTS('',1,(#7146,#7147),.UNSPECIFIED.,.F.,.F.,
(2,2),(0.,0.4),.UNSPECIFIED.);
#3678=B_SPLINE_CURVE_WITH_KNOTS('',1,(#7148,#7149),.UNSPECIFIED.,.F.,.F.,
(2,2),(0.6,2.6),.UNSPECIFIED.);
#3679=B_SPLINE_CURVE_WITH_KNOTS('',1,(#7150,#7151),.UNSPECIFIED.,.F.,.F.,
(2,2),(2.6,3.2),.UNSPECIFIED.);
#3680=B_SPLINE_CURVE_WITH_KNOTS('',1,(#7152,#7153),.UNSPECIFIED.,.F.,.F.,
(2,2),(0.,0.4),.UNSPECIFIED.);
#3681=B_SPLINE_CURVE_WITH_KNOTS('',1,(#7154,#7155),.UNSPECIFIED.,.F.,.F.,
(2,2),(2.6,3.2),.UNSPECIFIED.);
#3682=B_SPLINE_CURVE_WITH_KNOTS('',1,(#7156,#7157),.UNSPECIFIED.,.F.,.F.,
(2,2),(3.2,5.2),.UNSPECIFIED.);
#3683=B_SPLINE_CURVE_WITH_KNOTS('',1,(#7158,#7159),.UNSPECIFIED.,.F.,.F.,
(2,2),(3.2,5.2),.UNSPECIFIED.);
#3684=B_SPLINE_CURVE_WITH_KNOTS('',1,(#7174,#7175),.UNSPECIFIED.,.F.,.F.,
(2,2),(0.,0.6),.UNSPECIFIED.);
#3685=B_SPLINE_CURVE_WITH_KNOTS('',1,(#7176,#7177),.UNSPECIFIED.,.F.,.F.,
(2,2),(0.,0.4),.UNSPECIFIED.);
#3686=B_SPLINE_CURVE_WITH_KNOTS('',1,(#7178,#7179),.UNSPECIFIED.,.F.,.F.,
(2,2),(0.,0.6),.UNSPECIFIED.);
#3687=B_SPLINE_CURVE_WITH_KNOTS('',1,(#7180,#7181),.UNSPECIFIED.,.F.,.F.,
(2,2),(0.,0.4),.UNSPECIFIED.);
#3688=B_SPLINE_CURVE_WITH_KNOTS('',1,(#7182,#7183),.UNSPECIFIED.,.F.,.F.,
(2,2),(0.6,2.6),.UNSPECIFIED.);
#3689=B_SPLINE_CURVE_WITH_KNOTS('',1,(#7184,#7185),.UNSPECIFIED.,.F.,.F.,
(2,2),(0.,0.4),.UNSPECIFIED.);
#3690=B_SPLINE_CURVE_WITH_KNOTS('',1,(#7186,#7187),.UNSPECIFIED.,.F.,.F.,
(2,2),(0.6,2.6),.UNSPECIFIED.);
#3691=B_SPLINE_CURVE_WITH_KNOTS('',1,(#7188,#7189),.UNSPECIFIED.,.F.,.F.,
(2,2),(2.6,3.2),.UNSPECIFIED.);
#3692=B_SPLINE_CURVE_WITH_KNOTS('',1,(#7190,#7191),.UNSPECIFIED.,.F.,.F.,
(2,2),(0.,0.4),.UNSPECIFIED.);
#3693=B_SPLINE_CURVE_WITH_KNOTS('',1,(#7192,#7193),.UNSPECIFIED.,.F.,.F.,
(2,2),(2.6,3.2),.UNSPECIFIED.);
#3694=B_SPLINE_CURVE_WITH_KNOTS('',1,(#7194,#7195),.UNSPECIFIED.,.F.,.F.,
(2,2),(3.2,5.2),.UNSPECIFIED.);
#3695=B_SPLINE_CURVE_WITH_KNOTS('',1,(#7196,#7197),.UNSPECIFIED.,.F.,.F.,
(2,2),(3.2,5.2),.UNSPECIFIED.);
#3696=B_SPLINE_CURVE_WITH_KNOTS('',1,(#7212,#7213),.UNSPECIFIED.,.F.,.F.,
(2,2),(0.,0.6),.UNSPECIFIED.);
#3697=B_SPLINE_CURVE_WITH_KNOTS('',1,(#7214,#7215),.UNSPECIFIED.,.F.,.F.,
(2,2),(0.,0.4),.UNSPECIFIED.);
#3698=B_SPLINE_CURVE_WITH_KNOTS('',1,(#7216,#7217),.UNSPECIFIED.,.F.,.F.,
(2,2),(0.,0.6),.UNSPECIFIED.);
#3699=B_SPLINE_CURVE_WITH_KNOTS('',1,(#7218,#7219),.UNSPECIFIED.,.F.,.F.,
(2,2),(0.,0.4),.UNSPECIFIED.);
#3700=B_SPLINE_CURVE_WITH_KNOTS('',1,(#7220,#7221),.UNSPECIFIED.,.F.,.F.,
(2,2),(0.6,2.6),.UNSPECIFIED.);
#3701=B_SPLINE_CURVE_WITH_KNOTS('',1,(#7222,#7223),.UNSPECIFIED.,.F.,.F.,
(2,2),(0.,0.4),.UNSPECIFIED.);
#3702=B_SPLINE_CURVE_WITH_KNOTS('',1,(#7224,#7225),.UNSPECIFIED.,.F.,.F.,
(2,2),(0.6,2.6),.UNSPECIFIED.);
#3703=B_SPLINE_CURVE_WITH_KNOTS('',1,(#7226,#7227),.UNSPECIFIED.,.F.,.F.,
(2,2),(2.6,3.2),.UNSPECIFIED.);
#3704=B_SPLINE_CURVE_WITH_KNOTS('',1,(#7228,#7229),.UNSPECIFIED.,.F.,.F.,
(2,2),(0.,0.4),.UNSPECIFIED.);
#3705=B_SPLINE_CURVE_WITH_KNOTS('',1,(#7230,#7231),.UNSPECIFIED.,.F.,.F.,
(2,2),(2.6,3.2),.UNSPECIFIED.);
#3706=B_SPLINE_CURVE_WITH_KNOTS('',1,(#7232,#7233),.UNSPECIFIED.,.F.,.F.,
(2,2),(3.2,5.2),.UNSPECIFIED.);
#3707=B_SPLINE_CURVE_WITH_KNOTS('',1,(#7234,#7235),.UNSPECIFIED.,.F.,.F.,
(2,2),(3.2,5.2),.UNSPECIFIED.);
#3708=B_SPLINE_CURVE_WITH_KNOTS('',1,(#7250,#7251),.UNSPECIFIED.,.F.,.F.,
(2,2),(0.,0.6),.UNSPECIFIED.);
#3709=B_SPLINE_CURVE_WITH_KNOTS('',1,(#7252,#7253),.UNSPECIFIED.,.F.,.F.,
(2,2),(0.,0.4),.UNSPECIFIED.);
#3710=B_SPLINE_CURVE_WITH_KNOTS('',1,(#7254,#7255),.UNSPECIFIED.,.F.,.F.,
(2,2),(0.,0.6),.UNSPECIFIED.);
#3711=B_SPLINE_CURVE_WITH_KNOTS('',1,(#7256,#7257),.UNSPECIFIED.,.F.,.F.,
(2,2),(0.,0.4),.UNSPECIFIED.);
#3712=B_SPLINE_CURVE_WITH_KNOTS('',1,(#7258,#7259),.UNSPECIFIED.,.F.,.F.,
(2,2),(0.6,2.6),.UNSPECIFIED.);
#3713=B_SPLINE_CURVE_WITH_KNOTS('',1,(#7260,#7261),.UNSPECIFIED.,.F.,.F.,
(2,2),(0.,0.4),.UNSPECIFIED.);
#3714=B_SPLINE_CURVE_WITH_KNOTS('',1,(#7262,#7263),.UNSPECIFIED.,.F.,.F.,
(2,2),(0.6,2.6),.UNSPECIFIED.);
#3715=B_SPLINE_CURVE_WITH_KNOTS('',1,(#7264,#7265),.UNSPECIFIED.,.F.,.F.,
(2,2),(2.6,3.2),.UNSPECIFIED.);
#3716=B_SPLINE_CURVE_WITH_KNOTS('',1,(#7266,#7267),.UNSPECIFIED.,.F.,.F.,
(2,2),(0.,0.4),.UNSPECIFIED.);
#3717=B_SPLINE_CURVE_WITH_KNOTS('',1,(#7268,#7269),.UNSPECIFIED.,.F.,.F.,
(2,2),(2.6,3.2),.UNSPECIFIED.);
#3718=B_SPLINE_CURVE_WITH_KNOTS('',1,(#7270,#7271),.UNSPECIFIED.,.F.,.F.,
(2,2),(3.2,5.2),.UNSPECIFIED.);
#3719=B_SPLINE_CURVE_WITH_KNOTS('',1,(#7272,#7273),.UNSPECIFIED.,.F.,.F.,
(2,2),(3.2,5.2),.UNSPECIFIED.);
#3720=B_SPLINE_CURVE_WITH_KNOTS('',1,(#7288,#7289),.UNSPECIFIED.,.F.,.F.,
(2,2),(0.,0.6),.UNSPECIFIED.);
#3721=B_SPLINE_CURVE_WITH_KNOTS('',1,(#7290,#7291),.UNSPECIFIED.,.F.,.F.,
(2,2),(0.,0.4),.UNSPECIFIED.);
#3722=B_SPLINE_CURVE_WITH_KNOTS('',1,(#7292,#7293),.UNSPECIFIED.,.F.,.F.,
(2,2),(0.,0.6),.UNSPECIFIED.);
#3723=B_SPLINE_CURVE_WITH_KNOTS('',1,(#7294,#7295),.UNSPECIFIED.,.F.,.F.,
(2,2),(0.,0.4),.UNSPECIFIED.);
#3724=B_SPLINE_CURVE_WITH_KNOTS('',1,(#7296,#7297),.UNSPECIFIED.,.F.,.F.,
(2,2),(0.6,2.6),.UNSPECIFIED.);
#3725=B_SPLINE_CURVE_WITH_KNOTS('',1,(#7298,#7299),.UNSPECIFIED.,.F.,.F.,
(2,2),(0.,0.4),.UNSPECIFIED.);
#3726=B_SPLINE_CURVE_WITH_KNOTS('',1,(#7300,#7301),.UNSPECIFIED.,.F.,.F.,
(2,2),(0.6,2.6),.UNSPECIFIED.);
#3727=B_SPLINE_CURVE_WITH_KNOTS('',1,(#7302,#7303),.UNSPECIFIED.,.F.,.F.,
(2,2),(2.6,3.2),.UNSPECIFIED.);
#3728=B_SPLINE_CURVE_WITH_KNOTS('',1,(#7304,#7305),.UNSPECIFIED.,.F.,.F.,
(2,2),(0.,0.4),.UNSPECIFIED.);
#3729=B_SPLINE_CURVE_WITH_KNOTS('',1,(#7306,#7307),.UNSPECIFIED.,.F.,.F.,
(2,2),(2.6,3.2),.UNSPECIFIED.);
#3730=B_SPLINE_CURVE_WITH_KNOTS('',1,(#7308,#7309),.UNSPECIFIED.,.F.,.F.,
(2,2),(3.2,5.2),.UNSPECIFIED.);
#3731=B_SPLINE_CURVE_WITH_KNOTS('',1,(#7310,#7311),.UNSPECIFIED.,.F.,.F.,
(2,2),(3.2,5.2),.UNSPECIFIED.);
#3732=B_SPLINE_CURVE_WITH_KNOTS('',1,(#7326,#7327),.UNSPECIFIED.,.F.,.F.,
(2,2),(0.,0.6),.UNSPECIFIED.);
#3733=B_SPLINE_CURVE_WITH_KNOTS('',1,(#7328,#7329),.UNSPECIFIED.,.F.,.F.,
(2,2),(0.,0.4),.UNSPECIFIED.);
#3734=B_SPLINE_CURVE_WITH_KNOTS('',1,(#7330,#7331),.UNSPECIFIED.,.F.,.F.,
(2,2),(0.,0.6),.UNSPECIFIED.);
#3735=B_SPLINE_CURVE_WITH_KNOTS('',1,(#7332,#7333),.UNSPECIFIED.,.F.,.F.,
(2,2),(0.,0.4),.UNSPECIFIED.);
#3736=B_SPLINE_CURVE_WITH_KNOTS('',1,(#7334,#7335),.UNSPECIFIED.,.F.,.F.,
(2,2),(0.6,2.6),.UNSPECIFIED.);
#3737=B_SPLINE_CURVE_WITH_KNOTS('',1,(#7336,#7337),.UNSPECIFIED.,.F.,.F.,
(2,2),(0.,0.4),.UNSPECIFIED.);
#3738=B_SPLINE_CURVE_WITH_KNOTS('',1,(#7338,#7339),.UNSPECIFIED.,.F.,.F.,
(2,2),(0.6,2.6),.UNSPECIFIED.);
#3739=B_SPLINE_CURVE_WITH_KNOTS('',1,(#7340,#7341),.UNSPECIFIED.,.F.,.F.,
(2,2),(2.6,3.2),.UNSPECIFIED.);
#3740=B_SPLINE_CURVE_WITH_KNOTS('',1,(#7342,#7343),.UNSPECIFIED.,.F.,.F.,
(2,2),(0.,0.4),.UNSPECIFIED.);
#3741=B_SPLINE_CURVE_WITH_KNOTS('',1,(#7344,#7345),.UNSPECIFIED.,.F.,.F.,
(2,2),(2.6,3.2),.UNSPECIFIED.);
#3742=B_SPLINE_CURVE_WITH_KNOTS('',1,(#7346,#7347),.UNSPECIFIED.,.F.,.F.,
(2,2),(3.2,5.2),.UNSPECIFIED.);
#3743=B_SPLINE_CURVE_WITH_KNOTS('',1,(#7348,#7349),.UNSPECIFIED.,.F.,.F.,
(2,2),(3.2,5.2),.UNSPECIFIED.);
#3744=B_SPLINE_CURVE_WITH_KNOTS('',1,(#7364,#7365),.UNSPECIFIED.,.F.,.F.,
(2,2),(0.,0.6),.UNSPECIFIED.);
#3745=B_SPLINE_CURVE_WITH_KNOTS('',1,(#7366,#7367),.UNSPECIFIED.,.F.,.F.,
(2,2),(0.,0.4),.UNSPECIFIED.);
#3746=B_SPLINE_CURVE_WITH_KNOTS('',1,(#7368,#7369),.UNSPECIFIED.,.F.,.F.,
(2,2),(0.,0.6),.UNSPECIFIED.);
#3747=B_SPLINE_CURVE_WITH_KNOTS('',1,(#7370,#7371),.UNSPECIFIED.,.F.,.F.,
(2,2),(0.,0.4),.UNSPECIFIED.);
#3748=B_SPLINE_CURVE_WITH_KNOTS('',1,(#7372,#7373),.UNSPECIFIED.,.F.,.F.,
(2,2),(0.6,2.6),.UNSPECIFIED.);
#3749=B_SPLINE_CURVE_WITH_KNOTS('',1,(#7374,#7375),.UNSPECIFIED.,.F.,.F.,
(2,2),(0.,0.4),.UNSPECIFIED.);
#3750=B_SPLINE_CURVE_WITH_KNOTS('',1,(#7376,#7377),.UNSPECIFIED.,.F.,.F.,
(2,2),(0.6,2.6),.UNSPECIFIED.);
#3751=B_SPLINE_CURVE_WITH_KNOTS('',1,(#7378,#7379),.UNSPECIFIED.,.F.,.F.,
(2,2),(2.6,3.2),.UNSPECIFIED.);
#3752=B_SPLINE_CURVE_WITH_KNOTS('',1,(#7380,#7381),.UNSPECIFIED.,.F.,.F.,
(2,2),(0.,0.4),.UNSPECIFIED.);
#3753=B_SPLINE_CURVE_WITH_KNOTS('',1,(#7382,#7383),.UNSPECIFIED.,.F.,.F.,
(2,2),(2.6,3.2),.UNSPECIFIED.);
#3754=B_SPLINE_CURVE_WITH_KNOTS('',1,(#7384,#7385),.UNSPECIFIED.,.F.,.F.,
(2,2),(3.2,5.2),.UNSPECIFIED.);
#3755=B_SPLINE_CURVE_WITH_KNOTS('',1,(#7386,#7387),.UNSPECIFIED.,.F.,.F.,
(2,2),(3.2,5.2),.UNSPECIFIED.);
#3756=B_SPLINE_CURVE_WITH_KNOTS('',1,(#7402,#7403),.UNSPECIFIED.,.F.,.F.,
(2,2),(0.,0.6),.UNSPECIFIED.);
#3757=B_SPLINE_CURVE_WITH_KNOTS('',1,(#7404,#7405),.UNSPECIFIED.,.F.,.F.,
(2,2),(0.,0.4),.UNSPECIFIED.);
#3758=B_SPLINE_CURVE_WITH_KNOTS('',1,(#7406,#7407),.UNSPECIFIED.,.F.,.F.,
(2,2),(0.,0.6),.UNSPECIFIED.);
#3759=B_SPLINE_CURVE_WITH_KNOTS('',1,(#7408,#7409),.UNSPECIFIED.,.F.,.F.,
(2,2),(0.,0.4),.UNSPECIFIED.);
#3760=B_SPLINE_CURVE_WITH_KNOTS('',1,(#7410,#7411),.UNSPECIFIED.,.F.,.F.,
(2,2),(0.6,2.6),.UNSPECIFIED.);
#3761=B_SPLINE_CURVE_WITH_KNOTS('',1,(#7412,#7413),.UNSPECIFIED.,.F.,.F.,
(2,2),(0.,0.4),.UNSPECIFIED.);
#3762=B_SPLINE_CURVE_WITH_KNOTS('',1,(#7414,#7415),.UNSPECIFIED.,.F.,.F.,
(2,2),(0.6,2.6),.UNSPECIFIED.);
#3763=B_SPLINE_CURVE_WITH_KNOTS('',1,(#7416,#7417),.UNSPECIFIED.,.F.,.F.,
(2,2),(2.6,3.2),.UNSPECIFIED.);
#3764=B_SPLINE_CURVE_WITH_KNOTS('',1,(#7418,#7419),.UNSPECIFIED.,.F.,.F.,
(2,2),(0.,0.4),.UNSPECIFIED.);
#3765=B_SPLINE_CURVE_WITH_KNOTS('',1,(#7420,#7421),.UNSPECIFIED.,.F.,.F.,
(2,2),(2.6,3.2),.UNSPECIFIED.);
#3766=B_SPLINE_CURVE_WITH_KNOTS('',1,(#7422,#7423),.UNSPECIFIED.,.F.,.F.,
(2,2),(3.2,5.2),.UNSPECIFIED.);
#3767=B_SPLINE_CURVE_WITH_KNOTS('',1,(#7424,#7425),.UNSPECIFIED.,.F.,.F.,
(2,2),(3.2,5.2),.UNSPECIFIED.);
#3768=B_SPLINE_CURVE_WITH_KNOTS('',1,(#7440,#7441),.UNSPECIFIED.,.F.,.F.,
(2,2),(0.,0.6),.UNSPECIFIED.);
#3769=B_SPLINE_CURVE_WITH_KNOTS('',1,(#7442,#7443),.UNSPECIFIED.,.F.,.F.,
(2,2),(0.,0.4),.UNSPECIFIED.);
#3770=B_SPLINE_CURVE_WITH_KNOTS('',1,(#7444,#7445),.UNSPECIFIED.,.F.,.F.,
(2,2),(0.,0.6),.UNSPECIFIED.);
#3771=B_SPLINE_CURVE_WITH_KNOTS('',1,(#7446,#7447),.UNSPECIFIED.,.F.,.F.,
(2,2),(0.,0.4),.UNSPECIFIED.);
#3772=B_SPLINE_CURVE_WITH_KNOTS('',1,(#7448,#7449),.UNSPECIFIED.,.F.,.F.,
(2,2),(0.6,2.6),.UNSPECIFIED.);
#3773=B_SPLINE_CURVE_WITH_KNOTS('',1,(#7450,#7451),.UNSPECIFIED.,.F.,.F.,
(2,2),(0.,0.4),.UNSPECIFIED.);
#3774=B_SPLINE_CURVE_WITH_KNOTS('',1,(#7452,#7453),.UNSPECIFIED.,.F.,.F.,
(2,2),(0.6,2.6),.UNSPECIFIED.);
#3775=B_SPLINE_CURVE_WITH_KNOTS('',1,(#7454,#7455),.UNSPECIFIED.,.F.,.F.,
(2,2),(2.6,3.2),.UNSPECIFIED.);
#3776=B_SPLINE_CURVE_WITH_KNOTS('',1,(#7456,#7457),.UNSPECIFIED.,.F.,.F.,
(2,2),(0.,0.4),.UNSPECIFIED.);
#3777=B_SPLINE_CURVE_WITH_KNOTS('',1,(#7458,#7459),.UNSPECIFIED.,.F.,.F.,
(2,2),(2.6,3.2),.UNSPECIFIED.);
#3778=B_SPLINE_CURVE_WITH_KNOTS('',1,(#7460,#7461),.UNSPECIFIED.,.F.,.F.,
(2,2),(3.2,5.2),.UNSPECIFIED.);
#3779=B_SPLINE_CURVE_WITH_KNOTS('',1,(#7462,#7463),.UNSPECIFIED.,.F.,.F.,
(2,2),(3.2,5.2),.UNSPECIFIED.);
#3780=B_SPLINE_CURVE_WITH_KNOTS('',1,(#7478,#7479),.UNSPECIFIED.,.F.,.F.,
(2,2),(0.,0.6),.UNSPECIFIED.);
#3781=B_SPLINE_CURVE_WITH_KNOTS('',1,(#7480,#7481),.UNSPECIFIED.,.F.,.F.,
(2,2),(0.,0.4),.UNSPECIFIED.);
#3782=B_SPLINE_CURVE_WITH_KNOTS('',1,(#7482,#7483),.UNSPECIFIED.,.F.,.F.,
(2,2),(0.,0.6),.UNSPECIFIED.);
#3783=B_SPLINE_CURVE_WITH_KNOTS('',1,(#7484,#7485),.UNSPECIFIED.,.F.,.F.,
(2,2),(0.,0.4),.UNSPECIFIED.);
#3784=B_SPLINE_CURVE_WITH_KNOTS('',1,(#7486,#7487),.UNSPECIFIED.,.F.,.F.,
(2,2),(0.6,2.6),.UNSPECIFIED.);
#3785=B_SPLINE_CURVE_WITH_KNOTS('',1,(#7488,#7489),.UNSPECIFIED.,.F.,.F.,
(2,2),(0.,0.4),.UNSPECIFIED.);
#3786=B_SPLINE_CURVE_WITH_KNOTS('',1,(#7490,#7491),.UNSPECIFIED.,.F.,.F.,
(2,2),(0.6,2.6),.UNSPECIFIED.);
#3787=B_SPLINE_CURVE_WITH_KNOTS('',1,(#7492,#7493),.UNSPECIFIED.,.F.,.F.,
(2,2),(2.6,3.2),.UNSPECIFIED.);
#3788=B_SPLINE_CURVE_WITH_KNOTS('',1,(#7494,#7495),.UNSPECIFIED.,.F.,.F.,
(2,2),(0.,0.4),.UNSPECIFIED.);
#3789=B_SPLINE_CURVE_WITH_KNOTS('',1,(#7496,#7497),.UNSPECIFIED.,.F.,.F.,
(2,2),(2.6,3.2),.UNSPECIFIED.);
#3790=B_SPLINE_CURVE_WITH_KNOTS('',1,(#7498,#7499),.UNSPECIFIED.,.F.,.F.,
(2,2),(3.2,5.2),.UNSPECIFIED.);
#3791=B_SPLINE_CURVE_WITH_KNOTS('',1,(#7500,#7501),.UNSPECIFIED.,.F.,.F.,
(2,2),(3.2,5.2),.UNSPECIFIED.);
#3792=B_SPLINE_CURVE_WITH_KNOTS('',1,(#7553,#7554),.UNSPECIFIED.,.F.,.F.,
(2,2),(0.,2.2),.UNSPECIFIED.);
#3793=B_SPLINE_CURVE_WITH_KNOTS('',1,(#7555,#7556),.UNSPECIFIED.,.F.,.F.,
(2,2),(-28.7231056256177,-27.4231056256177),.UNSPECIFIED.);
#3794=B_SPLINE_CURVE_WITH_KNOTS('',1,(#7557,#7558),.UNSPECIFIED.,.F.,.F.,
(2,2),(0.,2.5),.UNSPECIFIED.);
#3795=B_SPLINE_CURVE_WITH_KNOTS('',1,(#7559,#7560),.UNSPECIFIED.,.F.,.F.,
(2,2),(-28.7231056256177,-27.4231056256177),.UNSPECIFIED.);
#3796=B_SPLINE_CURVE_WITH_KNOTS('',1,(#7561,#7562),.UNSPECIFIED.,.F.,.F.,
(2,2),(-27.4231056256177,-24.6799878666223),.UNSPECIFIED.);
#3797=B_SPLINE_CURVE_WITH_KNOTS('',1,(#7563,#7564),.UNSPECIFIED.,.F.,.F.,
(2,2),(0.,2.5),.UNSPECIFIED.);
#3798=B_SPLINE_CURVE_WITH_KNOTS('',1,(#7565,#7566),.UNSPECIFIED.,.F.,.F.,
(2,2),(-27.4231056256177,-5.42310562561766),.UNSPECIFIED.);
#3799=B_SPLINE_CURVE_WITH_KNOTS('',1,(#7567,#7568),.UNSPECIFIED.,.F.,.F.,
(2,2),(-5.42310562561766,-4.12310562561766),.UNSPECIFIED.);
#3800=B_SPLINE_CURVE_WITH_KNOTS('',1,(#7569,#7570),.UNSPECIFIED.,.F.,.F.,
(2,2),(0.,2.2),.UNSPECIFIED.);
#3801=B_SPLINE_CURVE_WITH_KNOTS('',1,(#7571,#7572),.UNSPECIFIED.,.F.,.F.,
(2,2),(-5.42310562561766,-4.12310562561766),.UNSPECIFIED.);
#3802=B_SPLINE_CURVE_WITH_KNOTS('',1,(#7573,#7574),.UNSPECIFIED.,.F.,.F.,
(2,2),(-52.8462112512353,-51.8051949792705),.UNSPECIFIED.);
#3803=B_SPLINE_CURVE_WITH_KNOTS('',1,(#7575,#7576),.UNSPECIFIED.,.F.,.F.,
(2,2),(-32.8462112512353,-28.7231056256177),.UNSPECIFIED.);
#3804=B_SPLINE_CURVE_WITH_KNOTS('',1,(#7577,#7578),.UNSPECIFIED.,.F.,.F.,
(2,2),(-4.12310562561766,0.),.UNSPECIFIED.);
#3805=B_SPLINE_CURVE_WITH_KNOTS('',1,(#7579,#7580),.UNSPECIFIED.,.F.,.F.,
(2,2),(-23.,-0.999999999999999),.UNSPECIFIED.);
#3806=B_SPLINE_CURVE_WITH_KNOTS('',1,(#7581,#7582),.UNSPECIFIED.,.F.,.F.,
(2,2),(2.2,2.5),.UNSPECIFIED.);
#3807=B_SPLINE_CURVE_WITH_KNOTS('',1,(#7583,#7584),.UNSPECIFIED.,.F.,.F.,
(2,2),(2.2,2.5),.UNSPECIFIED.);
#3808=B_SPLINE_CURVE_WITH_KNOTS('',1,(#7585,#7586),.UNSPECIFIED.,.F.,.F.,
(2,2),(1.,23.),.UNSPECIFIED.);
#3809=B_SPLINE_CURVE_WITH_KNOTS('',1,(#7587,#7588),.UNSPECIFIED.,.F.,.F.,
(2,2),(5.,7.74311775899534),.UNSPECIFIED.);
#3810=B_SPLINE_CURVE_WITH_KNOTS('',1,(#7589,#7590),.UNSPECIFIED.,.F.,.F.,
(2,2),(-52.8462112512353,-51.8051949792705),.UNSPECIFIED.);
#3811=B_SPLINE_CURVE_WITH_KNOTS('',3,(#7591,#7592,#7593,#7594),
 .UNSPECIFIED.,.F.,.F.,(4,4),(0.,4.27856546624913),.UNSPECIFIED.);
#3812=B_SPLINE_CURVE_WITH_KNOTS('',3,(#7595,#7596,#7597,#7598),
 .UNSPECIFIED.,.F.,.F.,(4,4),(0.,4.27856546624913),.UNSPECIFIED.);
#3813=B_SPLINE_CURVE_WITH_KNOTS('',1,(#7599,#7600),.UNSPECIFIED.,.F.,.F.,
(2,2),(1.14285714285714,2.2),.UNSPECIFIED.);
#3814=B_SPLINE_CURVE_WITH_KNOTS('',1,(#7601,#7602),.UNSPECIFIED.,.F.,.F.,
(2,2),(1.14285714285714,2.2),.UNSPECIFIED.);
#3815=B_SPLINE_CURVE_WITH_KNOTS('',1,(#7603,#7604),.UNSPECIFIED.,.F.,.F.,
(2,2),(-57.1399298309232,-49.8601224094188),.UNSPECIFIED.);
#3816=B_SPLINE_CURVE_WITH_KNOTS('',1,(#7605,#7606),.UNSPECIFIED.,.F.,.F.,
(2,2),(-25.1977748775746,-17.9179674560703),.UNSPECIFIED.);
#3817=B_SPLINE_CURVE_WITH_KNOTS('',1,(#7607,#7608),.UNSPECIFIED.,.F.,.F.,
(2,2),(-20.9589837280351,-3.04101627196487),.UNSPECIFIED.);
#3818=B_SPLINE_CURVE_WITH_KNOTS('',1,(#7609,#7610),.UNSPECIFIED.,.F.,.F.,
(2,2),(-2.2,-1.14285714285714),.UNSPECIFIED.);
#3819=B_SPLINE_CURVE_WITH_KNOTS('',1,(#7611,#7612),.UNSPECIFIED.,.F.,.F.,
(2,2),(-2.53117315275785,-1.47403029561499),.UNSPECIFIED.);
#3820=B_SPLINE_CURVE_WITH_KNOTS('',1,(#7613,#7614),.UNSPECIFIED.,.F.,.F.,
(2,2),(-19.0971294762458,-16.1200470954059),.UNSPECIFIED.);
#3821=B_SPLINE_CURVE_WITH_KNOTS('',1,(#7615,#7616),.UNSPECIFIED.,.F.,.F.,
(2,2),(16.1200470954059,19.0971294762458),.UNSPECIFIED.);
#3822=B_SPLINE_CURVE_WITH_KNOTS('',1,(#7617,#7618),.UNSPECIFIED.,.F.,.F.,
(2,2),(-17.9179674560703,-17.2158659690398),.UNSPECIFIED.);
#3823=B_SPLINE_CURVE_WITH_KNOTS('',1,(#7619,#7620),.UNSPECIFIED.,.F.,.F.,
(2,2),(-33.8872275232002,-32.8462112512353),.UNSPECIFIED.);
#3824=B_SPLINE_CURVE_WITH_KNOTS('',1,(#7621,#7622),.UNSPECIFIED.,.F.,.F.,
(2,2),(-33.8872275232002,-32.8462112512353),.UNSPECIFIED.);
#3825=B_SPLINE_CURVE_WITH_KNOTS('',1,(#7623,#7624),.UNSPECIFIED.,.F.,.F.,
(2,2),(1.47403029561499,3.3490405822656),.UNSPECIFIED.);
#3826=B_SPLINE_CURVE_WITH_KNOTS('',1,(#7625,#7626),.UNSPECIFIED.,.F.,.F.,
(2,2),(1.47403029561499,3.3490405822656),.UNSPECIFIED.);
#3827=B_SPLINE_CURVE_WITH_KNOTS('',1,(#7627,#7628),.UNSPECIFIED.,.F.,.F.,
(2,2),(-19.3167734724493,-18.0884923862476),.UNSPECIFIED.);
#3828=B_SPLINE_CURVE_WITH_KNOTS('',1,(#7629,#7630),.UNSPECIFIED.,.F.,.F.,
(2,2),(-24.6799878666223,-8.16622338461299),.UNSPECIFIED.);
#3829=B_SPLINE_CURVE_WITH_KNOTS('',1,(#7631,#7632),.UNSPECIFIED.,.F.,.F.,
(2,2),(-37.0588190406603,-35.8305379544586),.UNSPECIFIED.);
#3830=B_SPLINE_CURVE_WITH_KNOTS('',1,(#7633,#7634),.UNSPECIFIED.,.F.,.F.,
(2,2),(4.,5.3),.UNSPECIFIED.);
#3831=B_SPLINE_CURVE_WITH_KNOTS('',1,(#7635,#7636),.UNSPECIFIED.,.F.,.F.,
(2,2),(-5.3,-4.),.UNSPECIFIED.);
#3832=B_SPLINE_CURVE_WITH_KNOTS('',1,(#7637,#7638),.UNSPECIFIED.,.F.,.F.,
(2,2),(19.0971294762458,20.2801098892805),.UNSPECIFIED.);
#3833=B_SPLINE_CURVE_WITH_KNOTS('',1,(#7639,#7640),.UNSPECIFIED.,.F.,.F.,
(2,2),(-20.2801098892805,-19.0971294762458),.UNSPECIFIED.);
#3834=B_SPLINE_CURVE_WITH_KNOTS('',1,(#7641,#7642),.UNSPECIFIED.,.F.,.F.,
(2,2),(-19.3167734724493,-18.413482099597),.UNSPECIFIED.);
#3835=B_SPLINE_CURVE_WITH_KNOTS('',1,(#7643,#7644),.UNSPECIFIED.,.F.,.F.,
(2,2),(0.702101487030464,17.2158659690398),.UNSPECIFIED.);
#3836=B_SPLINE_CURVE_WITH_KNOTS('',1,(#7645,#7646),.UNSPECIFIED.,.F.,.F.,
(2,2),(-3.3490405822656,-2.44574920941332),.UNSPECIFIED.);
#3837=B_SPLINE_CURVE_WITH_KNOTS('',1,(#7647,#7648),.UNSPECIFIED.,.F.,.F.,
(2,2),(-8.16622338461299,-5.42310562561766),.UNSPECIFIED.);
#3838=B_SPLINE_CURVE_WITH_KNOTS('',1,(#7649,#7650),.UNSPECIFIED.,.F.,.F.,
(2,2),(24.2568822410047,27.),.UNSPECIFIED.);
#3839=B_SPLINE_CURVE_WITH_KNOTS('',1,(#7651,#7652),.UNSPECIFIED.,.F.,.F.,
(2,2),(-0.702101487030465,0.),.UNSPECIFIED.);
#3840=B_SPLINE_CURVE_WITH_KNOTS('',1,(#7653,#7654),.UNSPECIFIED.,.F.,.F.,
(2,2),(4.01977502794246,6.45723902466535),.UNSPECIFIED.);
#3841=B_SPLINE_CURVE_WITH_KNOTS('',1,(#7655,#7656),.UNSPECIFIED.,.F.,.F.,
(2,2),(4.01977502794246,6.45723902466535),.UNSPECIFIED.);
#3842=B_SPLINE_CURVE_WITH_KNOTS('',1,(#7695,#7696),.UNSPECIFIED.,.F.,.F.,
(2,2),(0.,20.),.UNSPECIFIED.);
#3843=B_SPLINE_CURVE_WITH_KNOTS('',1,(#7697,#7698),.UNSPECIFIED.,.F.,.F.,
(2,2),(0.,2.5),.UNSPECIFIED.);
#3844=B_SPLINE_CURVE_WITH_KNOTS('',1,(#7699,#7700),.UNSPECIFIED.,.F.,.F.,
(2,2),(0.,20.),.UNSPECIFIED.);
#3845=B_SPLINE_CURVE_WITH_KNOTS('',1,(#7701,#7702),.UNSPECIFIED.,.F.,.F.,
(2,2),(0.,2.5),.UNSPECIFIED.);
#3846=B_SPLINE_CURVE_WITH_KNOTS('',1,(#7703,#7704),.UNSPECIFIED.,.F.,.F.,
(2,2),(20.,24.),.UNSPECIFIED.);
#3847=B_SPLINE_CURVE_WITH_KNOTS('',1,(#7705,#7706),.UNSPECIFIED.,.F.,.F.,
(2,2),(0.,0.255021986211949),.UNSPECIFIED.);
#3848=B_SPLINE_CURVE_WITH_KNOTS('',1,(#7707,#7708),.UNSPECIFIED.,.F.,.F.,
(2,2),(20.,24.),.UNSPECIFIED.);
#3849=B_SPLINE_CURVE_WITH_KNOTS('',1,(#7709,#7710),.UNSPECIFIED.,.F.,.F.,
(2,2),(24.,44.),.UNSPECIFIED.);
#3850=B_SPLINE_CURVE_WITH_KNOTS('',1,(#7711,#7712),.UNSPECIFIED.,.F.,.F.,
(2,2),(0.,0.255021986211949),.UNSPECIFIED.);
#3851=B_SPLINE_CURVE_WITH_KNOTS('',1,(#7713,#7714),.UNSPECIFIED.,.F.,.F.,
(2,2),(24.,44.),.UNSPECIFIED.);
#3852=B_SPLINE_CURVE_WITH_KNOTS('',1,(#7715,#7716),.UNSPECIFIED.,.F.,.F.,
(2,2),(44.,48.),.UNSPECIFIED.);
#3853=B_SPLINE_CURVE_WITH_KNOTS('',1,(#7717,#7718),.UNSPECIFIED.,.F.,.F.,
(2,2),(44.,48.),.UNSPECIFIED.);
#3854=B_SPLINE_CURVE_WITH_KNOTS('',1,(#7719,#7720),.UNSPECIFIED.,.F.,.F.,
(2,2),(0.,1.994119671),.UNSPECIFIED.);
#3855=B_SPLINE_CURVE_WITH_KNOTS('',1,(#7721,#7722),.UNSPECIFIED.,.F.,.F.,
(2,2),(7.96525670406362,9.00627297602849),.UNSPECIFIED.);
#3856=B_SPLINE_CURVE_WITH_KNOTS('',1,(#7723,#7724),.UNSPECIFIED.,.F.,.F.,
(2,2),(7.96525670406362,9.00627297602849),.UNSPECIFIED.);
#3857=B_SPLINE_CURVE_WITH_KNOTS('',1,(#7725,#7726),.UNSPECIFIED.,.F.,.F.,
(2,2),(-1.994119671,0.),.UNSPECIFIED.);
#3858=B_SPLINE_CURVE_WITH_KNOTS('',1,(#7727,#7728),.UNSPECIFIED.,.F.,.F.,
(2,2),(2.73570569912596,3.77672197109083),.UNSPECIFIED.);
#3859=B_SPLINE_CURVE_WITH_KNOTS('',1,(#7729,#7730),.UNSPECIFIED.,.F.,.F.,
(2,2),(-44.,-42.9589837280351),.UNSPECIFIED.);
#3860=B_SPLINE_CURVE_WITH_KNOTS('',1,(#7731,#7732),.UNSPECIFIED.,.F.,.F.,
(2,2),(0.,1.994119671),.UNSPECIFIED.);
#3861=B_SPLINE_CURVE_WITH_KNOTS('',1,(#7733,#7734),.UNSPECIFIED.,.F.,.F.,
(2,2),(-46.8625360032771,-44.),.UNSPECIFIED.);
#3862=B_SPLINE_CURVE_WITH_KNOTS('',1,(#7735,#7736),.UNSPECIFIED.,.F.,.F.,
(2,2),(-46.8625360032771,-44.),.UNSPECIFIED.);
#3863=B_SPLINE_CURVE_WITH_KNOTS('',1,(#7737,#7738),.UNSPECIFIED.,.F.,.F.,
(2,2),(2.24914165721195,2.5),.UNSPECIFIED.);
#3864=B_SPLINE_CURVE_WITH_KNOTS('',1,(#7739,#7740),.UNSPECIFIED.,.F.,.F.,
(2,2),(5.10272070078651,7.96525670406362),.UNSPECIFIED.);
#3865=B_SPLINE_CURVE_WITH_KNOTS('',1,(#7741,#7742),.UNSPECIFIED.,.F.,.F.,
(2,2),(5.10272070078651,7.96525670406362),.UNSPECIFIED.);
#3866=B_SPLINE_CURVE_WITH_KNOTS('',1,(#7743,#7744),.UNSPECIFIED.,.F.,.F.,
(2,2),(0.,1.994119671),.UNSPECIFIED.);
#3867=B_SPLINE_CURVE_WITH_KNOTS('',1,(#7745,#7746),.UNSPECIFIED.,.F.,.F.,
(2,2),(7.74182020164024,10.6043562049174),.UNSPECIFIED.);
#3868=B_SPLINE_CURVE_WITH_KNOTS('',1,(#7747,#7748),.UNSPECIFIED.,.F.,.F.,
(2,2),(7.74182020164024,10.6043562049174),.UNSPECIFIED.);
#3869=B_SPLINE_CURVE_WITH_KNOTS('',1,(#7749,#7750),.UNSPECIFIED.,.F.,.F.,
(2,2),(-1.994119671,0.),.UNSPECIFIED.);
#3870=B_SPLINE_CURVE_WITH_KNOTS('',1,(#7751,#7752),.UNSPECIFIED.,.F.,.F.,
(2,2),(-24.,-21.1374639967229),.UNSPECIFIED.);
#3871=B_SPLINE_CURVE_WITH_KNOTS('',1,(#7753,#7754),.UNSPECIFIED.,.F.,.F.,
(2,2),(-24.,-21.1374639967229),.UNSPECIFIED.);
#3872=B_SPLINE_CURVE_WITH_KNOTS('',1,(#7755,#7756),.UNSPECIFIED.,.F.,.F.,
(2,2),(0.,1.994119671),.UNSPECIFIED.);
#3873=B_SPLINE_CURVE_WITH_KNOTS('',1,(#7757,#7758),.UNSPECIFIED.,.F.,.F.,
(2,2),(-3.77672197109083,-2.73570569912596),.UNSPECIFIED.);
#3874=B_SPLINE_CURVE_WITH_KNOTS('',1,(#7759,#7760),.UNSPECIFIED.,.F.,.F.,
(2,2),(-25.0410162719649,-24.),.UNSPECIFIED.);
#3875=B_SPLINE_CURVE_WITH_KNOTS('',1,(#7761,#7762),.UNSPECIFIED.,.F.,.F.,
(2,2),(2.24914165721195,2.5),.UNSPECIFIED.);
#3876=B_SPLINE_CURVE_WITH_KNOTS('',1,(#7763,#7764),.UNSPECIFIED.,.F.,.F.,
(2,2),(6.70080392967537,7.74182020164024),.UNSPECIFIED.);
#3877=B_SPLINE_CURVE_WITH_KNOTS('',1,(#7765,#7766),.UNSPECIFIED.,.F.,.F.,
(2,2),(6.70080392967537,7.74182020164024),.UNSPECIFIED.);
#3878=B_SPLINE_CURVE_WITH_KNOTS('',3,(#9114,#9115,#9116,#9117,#9118,#9119,
#9120),.UNSPECIFIED.,.F.,.F.,(4,3,4),(0.,0.162656392496821,0.325312784993644),
 .UNSPECIFIED.);
#3879=B_SPLINE_CURVE_WITH_KNOTS('',3,(#9121,#9122,#9123,#9124,#9125,#9126,
#9127,#9128,#9129,#9130),.UNSPECIFIED.,.F.,.F.,(4,3,3,4),(0.,0.014181662898624,
0.0796944788062226,0.570759619726299),.UNSPECIFIED.);
#3880=B_SPLINE_CURVE_WITH_KNOTS('',3,(#9131,#9132,#9133,#9134,#9135,#9136),
 .UNSPECIFIED.,.F.,.F.,(4,2,4),(0.,0.173045679192434,0.340225655766886),
 .UNSPECIFIED.);
#3881=B_SPLINE_CURVE_WITH_KNOTS('',3,(#9137,#9138,#9139,#9140),
 .UNSPECIFIED.,.F.,.F.,(4,4),(0.,0.276733669767904),.UNSPECIFIED.);
#3882=B_SPLINE_CURVE_WITH_KNOTS('',3,(#9141,#9142,#9143,#9144,#9145,#9146),
 .UNSPECIFIED.,.F.,.F.,(4,2,4),(0.,0.167179976574446,0.340225655766886),
 .UNSPECIFIED.);
#3883=B_SPLINE_CURVE_WITH_KNOTS('',3,(#9147,#9148,#9149,#9150,#9151,#9152,
#9153,#9154,#9155,#9156),.UNSPECIFIED.,.F.,.F.,(4,3,3,4),(0.,0.491065140920086,
0.556577956827651,0.570759619726296),.UNSPECIFIED.);
#3884=B_SPLINE_CURVE_WITH_KNOTS('',3,(#9157,#9158,#9159,#9160,#9161,#9162,
#9163),.UNSPECIFIED.,.F.,.F.,(4,3,4),(0.,0.162656392496831,0.325312784993652),
 .UNSPECIFIED.);
#3885=B_SPLINE_CURVE_WITH_KNOTS('',3,(#9164,#9165,#9166,#9167,#9168,#9169,
#9170,#9171,#9172,#9173),.UNSPECIFIED.,.F.,.F.,(4,3,3,4),(0.,0.0141816628986479,
0.0796944788062194,0.570759619726301),.UNSPECIFIED.);
#3886=B_SPLINE_CURVE_WITH_KNOTS('',3,(#9174,#9175,#9176,#9177,#9178,#9179),
 .UNSPECIFIED.,.F.,.F.,(4,2,4),(0.,0.173045679192429,0.340225655766888),
 .UNSPECIFIED.);
#3887=B_SPLINE_CURVE_WITH_KNOTS('',3,(#9180,#9181,#9182,#9183,#9184,#9185,
#9186),.UNSPECIFIED.,.F.,.F.,(4,3,4),(0.,0.276733669767911,0.553467339535819),
 .UNSPECIFIED.);
#3888=B_SPLINE_CURVE_WITH_KNOTS('',3,(#9187,#9188,#9189,#9190,#9191,#9192),
 .UNSPECIFIED.,.F.,.F.,(4,2,4),(0.,0.167179976574455,0.340225655766886),
 .UNSPECIFIED.);
#3889=B_SPLINE_CURVE_WITH_KNOTS('',3,(#9193,#9194,#9195,#9196,#9197,#9198,
#9199,#9200,#9201,#9202),.UNSPECIFIED.,.F.,.F.,(4,3,3,4),(0.,0.491065140920078,
0.556577956827658,0.570759619726287),.UNSPECIFIED.);
#3890=B_SPLINE_CURVE_WITH_KNOTS('',3,(#9203,#9204,#9205,#9206,#9207,#9208,
#9209),.UNSPECIFIED.,.F.,.F.,(4,3,4),(0.,0.16265639249683,0.325312784993654),
 .UNSPECIFIED.);
#3891=B_SPLINE_CURVE_WITH_KNOTS('',3,(#9210,#9211,#9212,#9213,#9214,#9215,
#9216,#9217,#9218,#9219),.UNSPECIFIED.,.F.,.F.,(4,3,3,4),(0.,0.0141816628986397,
0.0796944788062265,0.570759619726298),.UNSPECIFIED.);
#3892=B_SPLINE_CURVE_WITH_KNOTS('',3,(#9220,#9221,#9222,#9223,#9224,#9225),
 .UNSPECIFIED.,.F.,.F.,(4,2,4),(0.,0.17304567919245,0.340225655766883),
 .UNSPECIFIED.);
#3893=B_SPLINE_CURVE_WITH_KNOTS('',3,(#9226,#9227,#9228,#9229),
 .UNSPECIFIED.,.F.,.F.,(4,4),(0.,0.276733669767914),.UNSPECIFIED.);
#3894=B_SPLINE_CURVE_WITH_KNOTS('',3,(#9230,#9231,#9232,#9233),
 .UNSPECIFIED.,.F.,.F.,(4,4),(0.,0.276733669767907),.UNSPECIFIED.);
#3895=B_SPLINE_CURVE_WITH_KNOTS('',3,(#9234,#9235,#9236,#9237,#9238,#9239),
 .UNSPECIFIED.,.F.,.F.,(4,2,4),(0.,0.167179976574424,0.340225655766887),
 .UNSPECIFIED.);
#3896=B_SPLINE_CURVE_WITH_KNOTS('',3,(#9240,#9241,#9242,#9243,#9244,#9245,
#9246,#9247,#9248,#9249),.UNSPECIFIED.,.F.,.F.,(4,3,3,4),(0.,0.49106514092007,
0.556577956827646,0.570759619726286),.UNSPECIFIED.);
#3897=B_SPLINE_CURVE_WITH_KNOTS('',3,(#9250,#9251,#9252,#9253,#9254,#9255,
#9256),.UNSPECIFIED.,.F.,.F.,(4,3,4),(0.,0.162656392496819,0.32531278499365),
 .UNSPECIFIED.);
#3898=B_SPLINE_CURVE_WITH_KNOTS('',3,(#9257,#9258,#9259,#9260,#9261,#9262,
#9263,#9264,#9265,#9266),.UNSPECIFIED.,.F.,.F.,(4,3,3,4),(0.,0.0141816628986325,
0.0796944788062287,0.57075961972631),.UNSPECIFIED.);
#3899=B_SPLINE_CURVE_WITH_KNOTS('',3,(#9267,#9268,#9269,#9270,#9271,#9272),
 .UNSPECIFIED.,.F.,.F.,(4,2,4),(0.,0.173045679192439,0.340225655766885),
 .UNSPECIFIED.);
#3900=B_SPLINE_CURVE_WITH_KNOTS('',3,(#9273,#9274,#9275,#9276,#9277,#9278,
#9279),.UNSPECIFIED.,.F.,.F.,(4,3,4),(0.,0.276733669767904,0.553467339535821),
 .UNSPECIFIED.);
#3901=B_SPLINE_CURVE_WITH_KNOTS('',3,(#9280,#9281,#9282,#9283,#9284,#9285),
 .UNSPECIFIED.,.F.,.F.,(4,2,4),(0.,0.167179976574426,0.340225655766885),
 .UNSPECIFIED.);
#3902=B_SPLINE_CURVE_WITH_KNOTS('',3,(#9286,#9287,#9288,#9289,#9290,#9291,
#9292,#9293,#9294,#9295),.UNSPECIFIED.,.F.,.F.,(4,3,3,4),(0.,0.491065140920077,
0.556577956827649,0.570759619726288),.UNSPECIFIED.);
#3903=B_SPLINE_CURVE_WITH_KNOTS('',3,(#9307,#9308,#9309,#9310),
 .UNSPECIFIED.,.F.,.F.,(4,4),(0.276733669767904,0.553467339535819),
 .UNSPECIFIED.);
#3904=B_SPLINE_CURVE_WITH_KNOTS('',3,(#9564,#9565,#9566,#9567,#9568,#9569,
#9570),.UNSPECIFIED.,.F.,.F.,(4,3,4),(0.,0.162656392496821,0.325312784993644),
 .UNSPECIFIED.);
#3905=B_SPLINE_CURVE_WITH_KNOTS('',3,(#9571,#9572,#9573,#9574,#9575,#9576,
#9577,#9578,#9579,#9580),.UNSPECIFIED.,.F.,.F.,(4,3,3,4),(0.,0.014181662898624,
0.0796944788062226,0.570759619726299),.UNSPECIFIED.);
#3906=B_SPLINE_CURVE_WITH_KNOTS('',3,(#9581,#9582,#9583,#9584,#9585,#9586),
 .UNSPECIFIED.,.F.,.F.,(4,2,4),(0.,0.173045679192434,0.340225655766886),
 .UNSPECIFIED.);
#3907=B_SPLINE_CURVE_WITH_KNOTS('',3,(#9587,#9588,#9589,#9590),
 .UNSPECIFIED.,.F.,.F.,(4,4),(0.,0.276733669767904),.UNSPECIFIED.);
#3908=B_SPLINE_CURVE_WITH_KNOTS('',3,(#9591,#9592,#9593,#9594,#9595,#9596),
 .UNSPECIFIED.,.F.,.F.,(4,2,4),(0.,0.167179976574446,0.340225655766886),
 .UNSPECIFIED.);
#3909=B_SPLINE_CURVE_WITH_KNOTS('',3,(#9597,#9598,#9599,#9600,#9601,#9602,
#9603,#9604,#9605,#9606),.UNSPECIFIED.,.F.,.F.,(4,3,3,4),(0.,0.491065140920086,
0.556577956827651,0.570759619726296),.UNSPECIFIED.);
#3910=B_SPLINE_CURVE_WITH_KNOTS('',3,(#9607,#9608,#9609,#9610,#9611,#9612,
#9613),.UNSPECIFIED.,.F.,.F.,(4,3,4),(0.,0.162656392496831,0.325312784993652),
 .UNSPECIFIED.);
#3911=B_SPLINE_CURVE_WITH_KNOTS('',3,(#9614,#9615,#9616,#9617,#9618,#9619,
#9620,#9621,#9622,#9623),.UNSPECIFIED.,.F.,.F.,(4,3,3,4),(0.,0.0141816628986479,
0.0796944788062194,0.570759619726301),.UNSPECIFIED.);
#3912=B_SPLINE_CURVE_WITH_KNOTS('',3,(#9624,#9625,#9626,#9627,#9628,#9629),
 .UNSPECIFIED.,.F.,.F.,(4,2,4),(0.,0.173045679192429,0.340225655766888),
 .UNSPECIFIED.);
#3913=B_SPLINE_CURVE_WITH_KNOTS('',3,(#9630,#9631,#9632,#9633,#9634,#9635,
#9636),.UNSPECIFIED.,.F.,.F.,(4,3,4),(0.,0.276733669767911,0.553467339535819),
 .UNSPECIFIED.);
#3914=B_SPLINE_CURVE_WITH_KNOTS('',3,(#9637,#9638,#9639,#9640,#9641,#9642),
 .UNSPECIFIED.,.F.,.F.,(4,2,4),(0.,0.167179976574455,0.340225655766886),
 .UNSPECIFIED.);
#3915=B_SPLINE_CURVE_WITH_KNOTS('',3,(#9643,#9644,#9645,#9646,#9647,#9648,
#9649,#9650,#9651,#9652),.UNSPECIFIED.,.F.,.F.,(4,3,3,4),(0.,0.491065140920078,
0.556577956827658,0.570759619726287),.UNSPECIFIED.);
#3916=B_SPLINE_CURVE_WITH_KNOTS('',3,(#9653,#9654,#9655,#9656,#9657,#9658,
#9659),.UNSPECIFIED.,.F.,.F.,(4,3,4),(0.,0.16265639249683,0.325312784993654),
 .UNSPECIFIED.);
#3917=B_SPLINE_CURVE_WITH_KNOTS('',3,(#9660,#9661,#9662,#9663,#9664,#9665,
#9666,#9667,#9668,#9669),.UNSPECIFIED.,.F.,.F.,(4,3,3,4),(0.,0.0141816628986397,
0.0796944788062265,0.570759619726298),.UNSPECIFIED.);
#3918=B_SPLINE_CURVE_WITH_KNOTS('',3,(#9670,#9671,#9672,#9673,#9674,#9675),
 .UNSPECIFIED.,.F.,.F.,(4,2,4),(0.,0.17304567919245,0.340225655766883),
 .UNSPECIFIED.);
#3919=B_SPLINE_CURVE_WITH_KNOTS('',3,(#9676,#9677,#9678,#9679),
 .UNSPECIFIED.,.F.,.F.,(4,4),(0.,0.276733669767914),.UNSPECIFIED.);
#3920=B_SPLINE_CURVE_WITH_KNOTS('',3,(#9680,#9681,#9682,#9683),
 .UNSPECIFIED.,.F.,.F.,(4,4),(0.,0.276733669767907),.UNSPECIFIED.);
#3921=B_SPLINE_CURVE_WITH_KNOTS('',3,(#9684,#9685,#9686,#9687,#9688,#9689),
 .UNSPECIFIED.,.F.,.F.,(4,2,4),(0.,0.167179976574424,0.340225655766887),
 .UNSPECIFIED.);
#3922=B_SPLINE_CURVE_WITH_KNOTS('',3,(#9690,#9691,#9692,#9693,#9694,#9695,
#9696,#9697,#9698,#9699),.UNSPECIFIED.,.F.,.F.,(4,3,3,4),(0.,0.49106514092007,
0.556577956827646,0.570759619726286),.UNSPECIFIED.);
#3923=B_SPLINE_CURVE_WITH_KNOTS('',3,(#9700,#9701,#9702,#9703,#9704,#9705,
#9706),.UNSPECIFIED.,.F.,.F.,(4,3,4),(0.,0.162656392496819,0.32531278499365),
 .UNSPECIFIED.);
#3924=B_SPLINE_CURVE_WITH_KNOTS('',3,(#9707,#9708,#9709,#9710,#9711,#9712,
#9713,#9714,#9715,#9716),.UNSPECIFIED.,.F.,.F.,(4,3,3,4),(0.,0.0141816628986325,
0.0796944788062287,0.57075961972631),.UNSPECIFIED.);
#3925=B_SPLINE_CURVE_WITH_KNOTS('',3,(#9717,#9718,#9719,#9720,#9721,#9722),
 .UNSPECIFIED.,.F.,.F.,(4,2,4),(0.,0.173045679192439,0.340225655766885),
 .UNSPECIFIED.);
#3926=B_SPLINE_CURVE_WITH_KNOTS('',3,(#9723,#9724,#9725,#9726,#9727,#9728,
#9729),.UNSPECIFIED.,.F.,.F.,(4,3,4),(0.,0.276733669767904,0.553467339535821),
 .UNSPECIFIED.);
#3927=B_SPLINE_CURVE_WITH_KNOTS('',3,(#9730,#9731,#9732,#9733,#9734,#9735),
 .UNSPECIFIED.,.F.,.F.,(4,2,4),(0.,0.167179976574426,0.340225655766885),
 .UNSPECIFIED.);
#3928=B_SPLINE_CURVE_WITH_KNOTS('',3,(#9736,#9737,#9738,#9739,#9740,#9741,
#9742,#9743,#9744,#9745),.UNSPECIFIED.,.F.,.F.,(4,3,3,4),(0.,0.491065140920077,
0.556577956827649,0.570759619726288),.UNSPECIFIED.);
#3929=B_SPLINE_CURVE_WITH_KNOTS('',3,(#9757,#9758,#9759,#9760),
 .UNSPECIFIED.,.F.,.F.,(4,4),(0.276733669767904,0.553467339535819),
 .UNSPECIFIED.);
#3930=(
BOUNDED_CURVE()
B_SPLINE_CURVE(2,(#6338,#6339,#6340,#6341,#6342),.UNSPECIFIED.,.F.,.F.)
B_SPLINE_CURVE_WITH_KNOTS((3,2,3),(0.,10.9955742875643,21.9911485751286),
 .UNSPECIFIED.)
CURVE()
GEOMETRIC_REPRESENTATION_ITEM()
RATIONAL_B_SPLINE_CURVE((1.,0.707106781186548,1.,0.707106781186548,1.))
REPRESENTATION_ITEM('')
);
#3931=(
BOUNDED_CURVE()
B_SPLINE_CURVE(1,(#6343,#6344),.UNSPECIFIED.,.F.,.F.)
B_SPLINE_CURVE_WITH_KNOTS((2,2),(0.,4.80000000000001),.UNSPECIFIED.)
CURVE()
GEOMETRIC_REPRESENTATION_ITEM()
RATIONAL_B_SPLINE_CURVE((1.,1.))
REPRESENTATION_ITEM('')
);
#3932=(
BOUNDED_CURVE()
B_SPLINE_CURVE(2,(#6345,#6346,#6347),.UNSPECIFIED.,.F.,.F.)
B_SPLINE_CURVE_WITH_KNOTS((3,3),(-225.971277879901,-225.185879716504),
 .UNSPECIFIED.)
CURVE()
GEOMETRIC_REPRESENTATION_ITEM()
RATIONAL_B_SPLINE_CURVE((1.,0.707106781186538,1.))
REPRESENTATION_ITEM('')
);
#3933=(
BOUNDED_CURVE()
B_SPLINE_CURVE(1,(#6348,#6349),.UNSPECIFIED.,.F.,.F.)
B_SPLINE_CURVE_WITH_KNOTS((2,2),(0.,4.8),.UNSPECIFIED.)
CURVE()
GEOMETRIC_REPRESENTATION_ITEM()
RATIONAL_B_SPLINE_CURVE((1.,1.))
REPRESENTATION_ITEM('')
);
#3934=(
BOUNDED_CURVE()
B_SPLINE_CURVE(1,(#6350,#6351),.UNSPECIFIED.,.F.,.F.)
B_SPLINE_CURVE_WITH_KNOTS((2,2),(0.,4.8),.UNSPECIFIED.)
CURVE()
GEOMETRIC_REPRESENTATION_ITEM()
RATIONAL_B_SPLINE_CURVE((1.,1.))
REPRESENTATION_ITEM('')
);
#3935=(
BOUNDED_CURVE()
B_SPLINE_CURVE(2,(#6352,#6353,#6354),.UNSPECIFIED.,.F.,.F.)
B_SPLINE_CURVE_WITH_KNOTS((3,3),(-225.185879716504,-220.585879716504),
 .UNSPECIFIED.)
CURVE()
GEOMETRIC_REPRESENTATION_ITEM()
RATIONAL_B_SPLINE_CURVE((1.,1.,1.))
REPRESENTATION_ITEM('')
);
#3936=(
BOUNDED_CURVE()
B_SPLINE_CURVE(1,(#6355,#6356),.UNSPECIFIED.,.F.,.F.)
B_SPLINE_CURVE_WITH_KNOTS((2,2),(0.,4.79999999999999),.UNSPECIFIED.)
CURVE()
GEOMETRIC_REPRESENTATION_ITEM()
RATIONAL_B_SPLINE_CURVE((1.,1.))
REPRESENTATION_ITEM('')
);
#3937=(
BOUNDED_CURVE()
B_SPLINE_CURVE(2,(#6357,#6358,#6359),.UNSPECIFIED.,.F.,.F.)
B_SPLINE_CURVE_WITH_KNOTS((3,3),(-220.585879716504,-219.227140893826),
 .UNSPECIFIED.)
CURVE()
GEOMETRIC_REPRESENTATION_ITEM()
RATIONAL_B_SPLINE_CURVE((1.,0.707106781186546,1.))
REPRESENTATION_ITEM('')
);
#3938=(
BOUNDED_CURVE()
B_SPLINE_CURVE(1,(#6360,#6361),.UNSPECIFIED.,.F.,.F.)
B_SPLINE_CURVE_WITH_KNOTS((2,2),(0.,4.8),.UNSPECIFIED.)
CURVE()
GEOMETRIC_REPRESENTATION_ITEM()
RATIONAL_B_SPLINE_CURVE((1.,1.))
REPRESENTATION_ITEM('')
);
#3939=(
BOUNDED_CURVE()
B_SPLINE_CURVE(2,(#6362,#6363,#6364),.UNSPECIFIED.,.F.,.F.)
B_SPLINE_CURVE_WITH_KNOTS((3,3),(-219.227140893826,-204.627140893826),
 .UNSPECIFIED.)
CURVE()
GEOMETRIC_REPRESENTATION_ITEM()
RATIONAL_B_SPLINE_CURVE((1.,1.,1.))
REPRESENTATION_ITEM('')
);
#3940=(
BOUNDED_CURVE()
B_SPLINE_CURVE(1,(#6365,#6366),.UNSPECIFIED.,.F.,.F.)
B_SPLINE_CURVE_WITH_KNOTS((2,2),(0.,4.8),.UNSPECIFIED.)
CURVE()
GEOMETRIC_REPRESENTATION_ITEM()
RATIONAL_B_SPLINE_CURVE((1.,1.))
REPRESENTATION_ITEM('')
);
#3941=(
BOUNDED_CURVE()
B_SPLINE_CURVE(2,(#6367,#6368,#6369),.UNSPECIFIED.,.F.,.F.)
B_SPLINE_CURVE_WITH_KNOTS((3,3),(-204.627140893826,-203.268402071149),
 .UNSPECIFIED.)
CURVE()
GEOMETRIC_REPRESENTATION_ITEM()
RATIONAL_B_SPLINE_CURVE((1.,0.707106781186557,1.))
REPRESENTATION_ITEM('')
);
#3942=(
BOUNDED_CURVE()
B_SPLINE_CURVE(1,(#6370,#6371),.UNSPECIFIED.,.F.,.F.)
B_SPLINE_CURVE_WITH_KNOTS((2,2),(0.,4.8),.UNSPECIFIED.)
CURVE()
GEOMETRIC_REPRESENTATION_ITEM()
RATIONAL_B_SPLINE_CURVE((1.,1.))
REPRESENTATION_ITEM('')
);
#3943=(
BOUNDED_CURVE()
B_SPLINE_CURVE(2,(#6372,#6373,#6374),.UNSPECIFIED.,.F.,.F.)
B_SPLINE_CURVE_WITH_KNOTS((3,3),(-203.268402071149,-198.668402071148),
 .UNSPECIFIED.)
CURVE()
GEOMETRIC_REPRESENTATION_ITEM()
RATIONAL_B_SPLINE_CURVE((1.,1.,1.))
REPRESENTATION_ITEM('')
);
#3944=(
BOUNDED_CURVE()
B_SPLINE_CURVE(1,(#6375,#6376),.UNSPECIFIED.,.F.,.F.)
B_SPLINE_CURVE_WITH_KNOTS((2,2),(0.,4.8),.UNSPECIFIED.)
CURVE()
GEOMETRIC_REPRESENTATION_ITEM()
RATIONAL_B_SPLINE_CURVE((1.,1.))
REPRESENTATION_ITEM('')
);
#3945=(
BOUNDED_CURVE()
B_SPLINE_CURVE(2,(#6377,#6378,#6379),.UNSPECIFIED.,.F.,.F.)
B_SPLINE_CURVE_WITH_KNOTS((3,3),(-198.668402071148,-197.883003907751),
 .UNSPECIFIED.)
CURVE()
GEOMETRIC_REPRESENTATION_ITEM()
RATIONAL_B_SPLINE_CURVE((1.,0.707106781186543,1.))
REPRESENTATION_ITEM('')
);
#3946=(
BOUNDED_CURVE()
B_SPLINE_CURVE(1,(#6380,#6381),.UNSPECIFIED.,.F.,.F.)
B_SPLINE_CURVE_WITH_KNOTS((2,2),(0.,4.8),.UNSPECIFIED.)
CURVE()
GEOMETRIC_REPRESENTATION_ITEM()
RATIONAL_B_SPLINE_CURVE((1.,1.))
REPRESENTATION_ITEM('')
);
#3947=(
BOUNDED_CURVE()
B_SPLINE_CURVE(2,(#6382,#6383,#6384),.UNSPECIFIED.,.F.,.F.)
B_SPLINE_CURVE_WITH_KNOTS((3,3),(-197.883003907751,-196.548003907751),
 .UNSPECIFIED.)
CURVE()
GEOMETRIC_REPRESENTATION_ITEM()
RATIONAL_B_SPLINE_CURVE((1.,1.,1.))
REPRESENTATION_ITEM('')
);
#3948=(
BOUNDED_CURVE()
B_SPLINE_CURVE(1,(#6385,#6386),.UNSPECIFIED.,.F.,.F.)
B_SPLINE_CURVE_WITH_KNOTS((2,2),(0.,4.80000000000001),.UNSPECIFIED.)
CURVE()
GEOMETRIC_REPRESENTATION_ITEM()
RATIONAL_B_SPLINE_CURVE((1.,1.))
REPRESENTATION_ITEM('')
);
#3949=(
BOUNDED_CURVE()
B_SPLINE_CURVE(2,(#6387,#6388,#6389,#6390,#6391),.UNSPECIFIED.,.F.,.F.)
B_SPLINE_CURVE_WITH_KNOTS((3,2,3),(-196.548003907751,-193.092251988802,
-189.636500069853),.UNSPECIFIED.)
CURVE()
GEOMETRIC_REPRESENTATION_ITEM()
RATIONAL_B_SPLINE_CURVE((1.,0.707106781186548,1.,0.707106781186548,1.))
REPRESENTATION_ITEM('')
);
#3950=(
BOUNDED_CURVE()
B_SPLINE_CURVE(1,(#6392,#6393),.UNSPECIFIED.,.F.,.F.)
B_SPLINE_CURVE_WITH_KNOTS((2,2),(0.,4.8),.UNSPECIFIED.)
CURVE()
GEOMETRIC_REPRESENTATION_ITEM()
RATIONAL_B_SPLINE_CURVE((1.,1.))
REPRESENTATION_ITEM('')
);
#3951=(
BOUNDED_CURVE()
B_SPLINE_CURVE(2,(#6394,#6395,#6396),.UNSPECIFIED.,.F.,.F.)
B_SPLINE_CURVE_WITH_KNOTS((3,3),(-189.636500069853,-188.301500069853),
 .UNSPECIFIED.)
CURVE()
GEOMETRIC_REPRESENTATION_ITEM()
RATIONAL_B_SPLINE_CURVE((1.,1.,1.))
REPRESENTATION_ITEM('')
);
#3952=(
BOUNDED_CURVE()
B_SPLINE_CURVE(1,(#6397,#6398),.UNSPECIFIED.,.F.,.F.)
B_SPLINE_CURVE_WITH_KNOTS((2,2),(0.,4.8),.UNSPECIFIED.)
CURVE()
GEOMETRIC_REPRESENTATION_ITEM()
RATIONAL_B_SPLINE_CURVE((1.,1.))
REPRESENTATION_ITEM('')
);
#3953=(
BOUNDED_CURVE()
B_SPLINE_CURVE(2,(#6399,#6400,#6401),.UNSPECIFIED.,.F.,.F.)
B_SPLINE_CURVE_WITH_KNOTS((3,3),(-188.301500069853,-187.516101906456),
 .UNSPECIFIED.)
CURVE()
GEOMETRIC_REPRESENTATION_ITEM()
RATIONAL_B_SPLINE_CURVE((1.,0.707106781186544,1.))
REPRESENTATION_ITEM('')
);
#3954=(
BOUNDED_CURVE()
B_SPLINE_CURVE(1,(#6402,#6403),.UNSPECIFIED.,.F.,.F.)
B_SPLINE_CURVE_WITH_KNOTS((2,2),(0.,4.8),.UNSPECIFIED.)
CURVE()
GEOMETRIC_REPRESENTATION_ITEM()
RATIONAL_B_SPLINE_CURVE((1.,1.))
REPRESENTATION_ITEM('')
);
#3955=(
BOUNDED_CURVE()
B_SPLINE_CURVE(2,(#6404,#6405,#6406),.UNSPECIFIED.,.F.,.F.)
B_SPLINE_CURVE_WITH_KNOTS((3,3),(-187.516101906456,-182.916101906456),
 .UNSPECIFIED.)
CURVE()
GEOMETRIC_REPRESENTATION_ITEM()
RATIONAL_B_SPLINE_CURVE((1.,1.,1.))
REPRESENTATION_ITEM('')
);
#3956=(
BOUNDED_CURVE()
B_SPLINE_CURVE(1,(#6407,#6408),.UNSPECIFIED.,.F.,.F.)
B_SPLINE_CURVE_WITH_KNOTS((2,2),(0.,4.8),.UNSPECIFIED.)
CURVE()
GEOMETRIC_REPRESENTATION_ITEM()
RATIONAL_B_SPLINE_CURVE((1.,1.))
REPRESENTATION_ITEM('')
);
#3957=(
BOUNDED_CURVE()
B_SPLINE_CURVE(2,(#6409,#6410,#6411),.UNSPECIFIED.,.F.,.F.)
B_SPLINE_CURVE_WITH_KNOTS((3,3),(-182.916101906456,-181.557363083778),
 .UNSPECIFIED.)
CURVE()
GEOMETRIC_REPRESENTATION_ITEM()
RATIONAL_B_SPLINE_CURVE((1.,0.707106781186541,1.))
REPRESENTATION_ITEM('')
);
#3958=(
BOUNDED_CURVE()
B_SPLINE_CURVE(1,(#6412,#6413),.UNSPECIFIED.,.F.,.F.)
B_SPLINE_CURVE_WITH_KNOTS((2,2),(0.,4.8),.UNSPECIFIED.)
CURVE()
GEOMETRIC_REPRESENTATION_ITEM()
RATIONAL_B_SPLINE_CURVE((1.,1.))
REPRESENTATION_ITEM('')
);
#3959=(
BOUNDED_CURVE()
B_SPLINE_CURVE(2,(#6414,#6415,#6416),.UNSPECIFIED.,.F.,.F.)
B_SPLINE_CURVE_WITH_KNOTS((3,3),(-181.557363083778,-166.957363083778),
 .UNSPECIFIED.)
CURVE()
GEOMETRIC_REPRESENTATION_ITEM()
RATIONAL_B_SPLINE_CURVE((1.,1.,1.))
REPRESENTATION_ITEM('')
);
#3960=(
BOUNDED_CURVE()
B_SPLINE_CURVE(1,(#6417,#6418),.UNSPECIFIED.,.F.,.F.)
B_SPLINE_CURVE_WITH_KNOTS((2,2),(0.,4.8),.UNSPECIFIED.)
CURVE()
GEOMETRIC_REPRESENTATION_ITEM()
RATIONAL_B_SPLINE_CURVE((1.,1.))
REPRESENTATION_ITEM('')
);
#3961=(
BOUNDED_CURVE()
B_SPLINE_CURVE(2,(#6419,#6420,#6421),.UNSPECIFIED.,.F.,.F.)
B_SPLINE_CURVE_WITH_KNOTS((3,3),(-166.957363083778,-165.598624261101),
 .UNSPECIFIED.)
CURVE()
GEOMETRIC_REPRESENTATION_ITEM()
RATIONAL_B_SPLINE_CURVE((1.,0.707106781186552,1.))
REPRESENTATION_ITEM('')
);
#3962=(
BOUNDED_CURVE()
B_SPLINE_CURVE(1,(#6422,#6423),.UNSPECIFIED.,.F.,.F.)
B_SPLINE_CURVE_WITH_KNOTS((2,2),(0.,4.8),.UNSPECIFIED.)
CURVE()
GEOMETRIC_REPRESENTATION_ITEM()
RATIONAL_B_SPLINE_CURVE((1.,1.))
REPRESENTATION_ITEM('')
);
#3963=(
BOUNDED_CURVE()
B_SPLINE_CURVE(2,(#6424,#6425,#6426),.UNSPECIFIED.,.F.,.F.)
B_SPLINE_CURVE_WITH_KNOTS((3,3),(-165.598624261101,-160.998624261101),
 .UNSPECIFIED.)
CURVE()
GEOMETRIC_REPRESENTATION_ITEM()
RATIONAL_B_SPLINE_CURVE((1.,1.,1.))
REPRESENTATION_ITEM('')
);
#3964=(
BOUNDED_CURVE()
B_SPLINE_CURVE(1,(#6427,#6428),.UNSPECIFIED.,.F.,.F.)
B_SPLINE_CURVE_WITH_KNOTS((2,2),(0.,4.8),.UNSPECIFIED.)
CURVE()
GEOMETRIC_REPRESENTATION_ITEM()
RATIONAL_B_SPLINE_CURVE((1.,1.))
REPRESENTATION_ITEM('')
);
#3965=(
BOUNDED_CURVE()
B_SPLINE_CURVE(2,(#6429,#6430,#6431),.UNSPECIFIED.,.F.,.F.)
B_SPLINE_CURVE_WITH_KNOTS((3,3),(-160.998624261101,-160.213226097703),
 .UNSPECIFIED.)
CURVE()
GEOMETRIC_REPRESENTATION_ITEM()
RATIONAL_B_SPLINE_CURVE((1.,0.70710678118655,1.))
REPRESENTATION_ITEM('')
);
#3966=(
BOUNDED_CURVE()
B_SPLINE_CURVE(1,(#6432,#6433),.UNSPECIFIED.,.F.,.F.)
B_SPLINE_CURVE_WITH_KNOTS((2,2),(0.,4.8),.UNSPECIFIED.)
CURVE()
GEOMETRIC_REPRESENTATION_ITEM()
RATIONAL_B_SPLINE_CURVE((1.,1.))
REPRESENTATION_ITEM('')
);
#3967=(
BOUNDED_CURVE()
B_SPLINE_CURVE(2,(#6434,#6435,#6436),.UNSPECIFIED.,.F.,.F.)
B_SPLINE_CURVE_WITH_KNOTS((3,3),(-160.213226097703,-158.878226097703),
 .UNSPECIFIED.)
CURVE()
GEOMETRIC_REPRESENTATION_ITEM()
RATIONAL_B_SPLINE_CURVE((1.,1.,1.))
REPRESENTATION_ITEM('')
);
#3968=(
BOUNDED_CURVE()
B_SPLINE_CURVE(1,(#6437,#6438),.UNSPECIFIED.,.F.,.F.)
B_SPLINE_CURVE_WITH_KNOTS((2,2),(0.,4.79999999999999),.UNSPECIFIED.)
CURVE()
GEOMETRIC_REPRESENTATION_ITEM()
RATIONAL_B_SPLINE_CURVE((1.,1.))
REPRESENTATION_ITEM('')
);
#3969=(
BOUNDED_CURVE()
B_SPLINE_CURVE(2,(#6439,#6440,#6441,#6442,#6443),.UNSPECIFIED.,.F.,.F.)
B_SPLINE_CURVE_WITH_KNOTS((3,2,3),(-158.878226097703,-155.422474178755,
-151.966722259806),.UNSPECIFIED.)
CURVE()
GEOMETRIC_REPRESENTATION_ITEM()
RATIONAL_B_SPLINE_CURVE((1.,0.707106781186548,1.,0.707106781186548,1.))
REPRESENTATION_ITEM('')
);
#3970=(
BOUNDED_CURVE()
B_SPLINE_CURVE(1,(#6444,#6445),.UNSPECIFIED.,.F.,.F.)
B_SPLINE_CURVE_WITH_KNOTS((2,2),(0.,4.8),.UNSPECIFIED.)
CURVE()
GEOMETRIC_REPRESENTATION_ITEM()
RATIONAL_B_SPLINE_CURVE((1.,1.))
REPRESENTATION_ITEM('')
);
#3971=(
BOUNDED_CURVE()
B_SPLINE_CURVE(2,(#6446,#6447,#6448),.UNSPECIFIED.,.F.,.F.)
B_SPLINE_CURVE_WITH_KNOTS((3,3),(-151.966722259806,-150.631722259806),
 .UNSPECIFIED.)
CURVE()
GEOMETRIC_REPRESENTATION_ITEM()
RATIONAL_B_SPLINE_CURVE((1.,1.,1.))
REPRESENTATION_ITEM('')
);
#3972=(
BOUNDED_CURVE()
B_SPLINE_CURVE(2,(#6449,#6450,#6451),.UNSPECIFIED.,.F.,.F.)
B_SPLINE_CURVE_WITH_KNOTS((3,3),(175.056194490192,188.656194490192),
 .UNSPECIFIED.)
CURVE()
GEOMETRIC_REPRESENTATION_ITEM()
RATIONAL_B_SPLINE_CURVE((1.,1.,1.))
REPRESENTATION_ITEM('')
);
#3973=(
BOUNDED_CURVE()
B_SPLINE_CURVE(2,(#6452,#6453,#6454),.UNSPECIFIED.,.F.,.F.)
B_SPLINE_CURVE_WITH_KNOTS((3,3),(188.656194490192,189.44159265359),
 .UNSPECIFIED.)
CURVE()
GEOMETRIC_REPRESENTATION_ITEM()
RATIONAL_B_SPLINE_CURVE((1.,0.707106781186537,1.))
REPRESENTATION_ITEM('')
);
#3974=(
BOUNDED_CURVE()
B_SPLINE_CURVE(2,(#6455,#6456,#6457),.UNSPECIFIED.,.F.,.F.)
B_SPLINE_CURVE_WITH_KNOTS((3,3),(189.44159265359,203.04159265359),
 .UNSPECIFIED.)
CURVE()
GEOMETRIC_REPRESENTATION_ITEM()
RATIONAL_B_SPLINE_CURVE((1.,1.,1.))
REPRESENTATION_ITEM('')
);
#3975=(
BOUNDED_CURVE()
B_SPLINE_CURVE(2,(#6458,#6459,#6460),.UNSPECIFIED.,.F.,.F.)
B_SPLINE_CURVE_WITH_KNOTS((3,3),(203.04159265359,203.826990816987),
 .UNSPECIFIED.)
CURVE()
GEOMETRIC_REPRESENTATION_ITEM()
RATIONAL_B_SPLINE_CURVE((1.,0.707106781186544,1.))
REPRESENTATION_ITEM('')
);
#3976=(
BOUNDED_CURVE()
B_SPLINE_CURVE(2,(#6461,#6462,#6463),.UNSPECIFIED.,.F.,.F.)
B_SPLINE_CURVE_WITH_KNOTS((3,3),(203.826990816987,217.426990816987),
 .UNSPECIFIED.)
CURVE()
GEOMETRIC_REPRESENTATION_ITEM()
RATIONAL_B_SPLINE_CURVE((1.,1.,1.))
REPRESENTATION_ITEM('')
);
#3977=(
BOUNDED_CURVE()
B_SPLINE_CURVE(2,(#6464,#6465,#6466),.UNSPECIFIED.,.F.,.F.)
B_SPLINE_CURVE_WITH_KNOTS((3,3),(217.426990816987,218.212388980385),
 .UNSPECIFIED.)
CURVE()
GEOMETRIC_REPRESENTATION_ITEM()
RATIONAL_B_SPLINE_CURVE((1.,0.707106781186548,1.))
REPRESENTATION_ITEM('')
);
#3978=(
BOUNDED_CURVE()
B_SPLINE_CURVE(2,(#6467,#6468,#6469),.UNSPECIFIED.,.F.,.F.)
B_SPLINE_CURVE_WITH_KNOTS((3,3),(218.212388980385,231.812388980385),
 .UNSPECIFIED.)
CURVE()
GEOMETRIC_REPRESENTATION_ITEM()
RATIONAL_B_SPLINE_CURVE((1.,1.,1.))
REPRESENTATION_ITEM('')
);
#3979=(
BOUNDED_CURVE()
B_SPLINE_CURVE(2,(#6470,#6471,#6472),.UNSPECIFIED.,.F.,.F.)
B_SPLINE_CURVE_WITH_KNOTS((3,3),(231.812388980385,232.597787143782),
 .UNSPECIFIED.)
CURVE()
GEOMETRIC_REPRESENTATION_ITEM()
RATIONAL_B_SPLINE_CURVE((1.,0.707106781186548,1.))
REPRESENTATION_ITEM('')
);
#3980=(
BOUNDED_CURVE()
B_SPLINE_CURVE(2,(#6473,#6474,#6475),.UNSPECIFIED.,.F.,.F.)
B_SPLINE_CURVE_WITH_KNOTS((3,3),(-188.656194490192,-175.056194490192),
 .UNSPECIFIED.)
CURVE()
GEOMETRIC_REPRESENTATION_ITEM()
RATIONAL_B_SPLINE_CURVE((1.,1.,1.))
REPRESENTATION_ITEM('')
);
#3981=(
BOUNDED_CURVE()
B_SPLINE_CURVE(2,(#6476,#6477,#6478),.UNSPECIFIED.,.F.,.F.)
B_SPLINE_CURVE_WITH_KNOTS((3,3),(-189.44159265359,-188.656194490192),
 .UNSPECIFIED.)
CURVE()
GEOMETRIC_REPRESENTATION_ITEM()
RATIONAL_B_SPLINE_CURVE((1.,0.707106781186541,1.))
REPRESENTATION_ITEM('')
);
#3982=(
BOUNDED_CURVE()
B_SPLINE_CURVE(2,(#6479,#6480,#6481),.UNSPECIFIED.,.F.,.F.)
B_SPLINE_CURVE_WITH_KNOTS((3,3),(-203.04159265359,-189.44159265359),
 .UNSPECIFIED.)
CURVE()
GEOMETRIC_REPRESENTATION_ITEM()
RATIONAL_B_SPLINE_CURVE((1.,1.,1.))
REPRESENTATION_ITEM('')
);
#3983=(
BOUNDED_CURVE()
B_SPLINE_CURVE(2,(#6482,#6483,#6484),.UNSPECIFIED.,.F.,.F.)
B_SPLINE_CURVE_WITH_KNOTS((3,3),(-203.826990816987,-203.04159265359),
 .UNSPECIFIED.)
CURVE()
GEOMETRIC_REPRESENTATION_ITEM()
RATIONAL_B_SPLINE_CURVE((1.,0.707106781186546,1.))
REPRESENTATION_ITEM('')
);
#3984=(
BOUNDED_CURVE()
B_SPLINE_CURVE(2,(#6485,#6486,#6487),.UNSPECIFIED.,.F.,.F.)
B_SPLINE_CURVE_WITH_KNOTS((3,3),(-217.426990816987,-203.826990816987),
 .UNSPECIFIED.)
CURVE()
GEOMETRIC_REPRESENTATION_ITEM()
RATIONAL_B_SPLINE_CURVE((1.,1.,1.))
REPRESENTATION_ITEM('')
);
#3985=(
BOUNDED_CURVE()
B_SPLINE_CURVE(2,(#6488,#6489,#6490),.UNSPECIFIED.,.F.,.F.)
B_SPLINE_CURVE_WITH_KNOTS((3,3),(-218.212388980385,-217.426990816987),
 .UNSPECIFIED.)
CURVE()
GEOMETRIC_REPRESENTATION_ITEM()
RATIONAL_B_SPLINE_CURVE((1.,0.707106781186544,1.))
REPRESENTATION_ITEM('')
);
#3986=(
BOUNDED_CURVE()
B_SPLINE_CURVE(2,(#6491,#6492,#6493),.UNSPECIFIED.,.F.,.F.)
B_SPLINE_CURVE_WITH_KNOTS((3,3),(-231.812388980385,-218.212388980385),
 .UNSPECIFIED.)
CURVE()
GEOMETRIC_REPRESENTATION_ITEM()
RATIONAL_B_SPLINE_CURVE((1.,1.,1.))
REPRESENTATION_ITEM('')
);
#3987=(
BOUNDED_CURVE()
B_SPLINE_CURVE(2,(#6494,#6495,#6496),.UNSPECIFIED.,.F.,.F.)
B_SPLINE_CURVE_WITH_KNOTS((3,3),(-232.597787143782,-231.812388980385),
 .UNSPECIFIED.)
CURVE()
GEOMETRIC_REPRESENTATION_ITEM()
RATIONAL_B_SPLINE_CURVE((1.,0.70710678118655,1.))
REPRESENTATION_ITEM('')
);
#3988=(
BOUNDED_CURVE()
B_SPLINE_CURVE(1,(#6497,#6498),.UNSPECIFIED.,.F.,.F.)
B_SPLINE_CURVE_WITH_KNOTS((2,2),(0.864999999999995,5.),.UNSPECIFIED.)
CURVE()
GEOMETRIC_REPRESENTATION_ITEM()
RATIONAL_B_SPLINE_CURVE((1.,1.))
REPRESENTATION_ITEM('')
);
#3989=(
BOUNDED_CURVE()
B_SPLINE_CURVE(1,(#6499,#6500),.UNSPECIFIED.,.F.,.F.)
B_SPLINE_CURVE_WITH_KNOTS((2,2),(0.865,5.),.UNSPECIFIED.)
CURVE()
GEOMETRIC_REPRESENTATION_ITEM()
RATIONAL_B_SPLINE_CURVE((1.,1.))
REPRESENTATION_ITEM('')
);
#3990=(
BOUNDED_CURVE()
B_SPLINE_CURVE(1,(#6501,#6502),.UNSPECIFIED.,.F.,.F.)
B_SPLINE_CURVE_WITH_KNOTS((2,2),(0.864999999999995,5.),.UNSPECIFIED.)
CURVE()
GEOMETRIC_REPRESENTATION_ITEM()
RATIONAL_B_SPLINE_CURVE((1.,1.))
REPRESENTATION_ITEM('')
);
#3991=(
BOUNDED_CURVE()
B_SPLINE_CURVE(1,(#6503,#6504),.UNSPECIFIED.,.F.,.F.)
B_SPLINE_CURVE_WITH_KNOTS((2,2),(0.864999999999995,5.),.UNSPECIFIED.)
CURVE()
GEOMETRIC_REPRESENTATION_ITEM()
RATIONAL_B_SPLINE_CURVE((1.,1.))
REPRESENTATION_ITEM('')
);
#3992=(
BOUNDED_CURVE()
B_SPLINE_CURVE(1,(#6505,#6506),.UNSPECIFIED.,.F.,.F.)
B_SPLINE_CURVE_WITH_KNOTS((2,2),(0.864999999999995,5.),.UNSPECIFIED.)
CURVE()
GEOMETRIC_REPRESENTATION_ITEM()
RATIONAL_B_SPLINE_CURVE((1.,1.))
REPRESENTATION_ITEM('')
);
#3993=(
BOUNDED_CURVE()
B_SPLINE_CURVE(1,(#6507,#6508),.UNSPECIFIED.,.F.,.F.)
B_SPLINE_CURVE_WITH_KNOTS((2,2),(0.865,5.),.UNSPECIFIED.)
CURVE()
GEOMETRIC_REPRESENTATION_ITEM()
RATIONAL_B_SPLINE_CURVE((1.,1.))
REPRESENTATION_ITEM('')
);
#3994=(
BOUNDED_CURVE()
B_SPLINE_CURVE(1,(#6509,#6510),.UNSPECIFIED.,.F.,.F.)
B_SPLINE_CURVE_WITH_KNOTS((2,2),(0.865,5.),.UNSPECIFIED.)
CURVE()
GEOMETRIC_REPRESENTATION_ITEM()
RATIONAL_B_SPLINE_CURVE((1.,1.))
REPRESENTATION_ITEM('')
);
#3995=(
BOUNDED_CURVE()
B_SPLINE_CURVE(1,(#6511,#6512),.UNSPECIFIED.,.F.,.F.)
B_SPLINE_CURVE_WITH_KNOTS((2,2),(0.865,5.),.UNSPECIFIED.)
CURVE()
GEOMETRIC_REPRESENTATION_ITEM()
RATIONAL_B_SPLINE_CURVE((1.,1.))
REPRESENTATION_ITEM('')
);
#3996=(
BOUNDED_CURVE()
B_SPLINE_CURVE(2,(#6513,#6514,#6515,#6516,#6517),.UNSPECIFIED.,.F.,.F.)
B_SPLINE_CURVE_WITH_KNOTS((3,2,3),(0.,9.42477796076938,18.8495559215388),
 .UNSPECIFIED.)
CURVE()
GEOMETRIC_REPRESENTATION_ITEM()
RATIONAL_B_SPLINE_CURVE((1.,0.707106781186548,1.,0.707106781186548,1.))
REPRESENTATION_ITEM('')
);
#3997=(
BOUNDED_CURVE()
B_SPLINE_CURVE(2,(#6518,#6519,#6520,#6521,#6522),.UNSPECIFIED.,.F.,.F.)
B_SPLINE_CURVE_WITH_KNOTS((3,2,3),(0.,9.42477796076938,18.8495559215388),
 .UNSPECIFIED.)
CURVE()
GEOMETRIC_REPRESENTATION_ITEM()
RATIONAL_B_SPLINE_CURVE((1.,0.707106781186548,1.,0.707106781186548,1.))
REPRESENTATION_ITEM('')
);
#3998=(
BOUNDED_CURVE()
B_SPLINE_CURVE(1,(#6523,#6524),.UNSPECIFIED.,.F.,.F.)
B_SPLINE_CURVE_WITH_KNOTS((2,2),(8.02670082829634,13.8917008282963),
 .UNSPECIFIED.)
CURVE()
GEOMETRIC_REPRESENTATION_ITEM()
RATIONAL_B_SPLINE_CURVE((1.,1.))
REPRESENTATION_ITEM('')
);
#3999=(
BOUNDED_CURVE()
B_SPLINE_CURVE(2,(#6525,#6526,#6527,#6528,#6529),.UNSPECIFIED.,.F.,.F.)
B_SPLINE_CURVE_WITH_KNOTS((3,2,3),(-5.34070751110265,-4.00553063332699,
-2.67035375555132),.UNSPECIFIED.)
CURVE()
GEOMETRIC_REPRESENTATION_ITEM()
RATIONAL_B_SPLINE_CURVE((1.,0.707106781186548,1.,0.707106781186548,1.))
REPRESENTATION_ITEM('')
);
#4000=(
BOUNDED_CURVE()
B_SPLINE_CURVE(1,(#6530,#6531),.UNSPECIFIED.,.F.,.F.)
B_SPLINE_CURVE_WITH_KNOTS((2,2),(4.25522147812406,9.05522147812406),
 .UNSPECIFIED.)
CURVE()
GEOMETRIC_REPRESENTATION_ITEM()
RATIONAL_B_SPLINE_CURVE((1.,1.))
REPRESENTATION_ITEM('')
);
#4001=(
BOUNDED_CURVE()
B_SPLINE_CURVE(2,(#6532,#6533,#6534,#6535,#6536),.UNSPECIFIED.,.F.,.F.)
B_SPLINE_CURVE_WITH_KNOTS((3,2,3),(-5.34070751110265,-4.00553063332699,
-2.67035375555132),.UNSPECIFIED.)
CURVE()
GEOMETRIC_REPRESENTATION_ITEM()
RATIONAL_B_SPLINE_CURVE((1.,0.707106781186548,1.,0.707106781186548,1.))
REPRESENTATION_ITEM('')
);
#4002=(
BOUNDED_CURVE()
B_SPLINE_CURVE(1,(#6537,#6538),.UNSPECIFIED.,.F.,.F.)
B_SPLINE_CURVE_WITH_KNOTS((2,2),(4.25522147812405,9.05522147812405),
 .UNSPECIFIED.)
CURVE()
GEOMETRIC_REPRESENTATION_ITEM()
RATIONAL_B_SPLINE_CURVE((1.,1.))
REPRESENTATION_ITEM('')
);
#4003=(
BOUNDED_CURVE()
B_SPLINE_CURVE(2,(#6539,#6540,#6541),.UNSPECIFIED.,.F.,.F.)
B_SPLINE_CURVE_WITH_KNOTS((3,3),(0.,1.09952964900515),.UNSPECIFIED.)
CURVE()
GEOMETRIC_REPRESENTATION_ITEM()
RATIONAL_B_SPLINE_CURVE((1.,0.707106781186553,1.))
REPRESENTATION_ITEM('')
);
#4004=(
BOUNDED_CURVE()
B_SPLINE_CURVE(2,(#6542,#6543,#6544),.UNSPECIFIED.,.F.,.F.)
B_SPLINE_CURVE_WITH_KNOTS((3,3),(0.,1.04455316655489),.UNSPECIFIED.)
CURVE()
GEOMETRIC_REPRESENTATION_ITEM()
RATIONAL_B_SPLINE_CURVE((1.,0.707106781186559,1.))
REPRESENTATION_ITEM('')
);
#4005=(
BOUNDED_CURVE()
B_SPLINE_CURVE(2,(#6545,#6546,#6547),.UNSPECIFIED.,.F.,.F.)
B_SPLINE_CURVE_WITH_KNOTS((3,3),(0.,1.04455316655489),.UNSPECIFIED.)
CURVE()
GEOMETRIC_REPRESENTATION_ITEM()
RATIONAL_B_SPLINE_CURVE((1.,0.707106781186557,1.))
REPRESENTATION_ITEM('')
);
#4006=(
BOUNDED_CURVE()
B_SPLINE_CURVE(2,(#6548,#6549,#6550),.UNSPECIFIED.,.F.,.F.)
B_SPLINE_CURVE_WITH_KNOTS((3,3),(-6.23895535974477E-16,1.09952964900516),
 .UNSPECIFIED.)
CURVE()
GEOMETRIC_REPRESENTATION_ITEM()
RATIONAL_B_SPLINE_CURVE((1.,0.70710678118655,1.))
REPRESENTATION_ITEM('')
);
#4007=(
BOUNDED_CURVE()
B_SPLINE_CURVE(2,(#6551,#6552,#6553),.UNSPECIFIED.,.F.,.F.)
B_SPLINE_CURVE_WITH_KNOTS((3,3),(0.,1.09952964900516),.UNSPECIFIED.)
CURVE()
GEOMETRIC_REPRESENTATION_ITEM()
RATIONAL_B_SPLINE_CURVE((1.,0.707106781186548,1.))
REPRESENTATION_ITEM('')
);
#4008=(
BOUNDED_CURVE()
B_SPLINE_CURVE(2,(#6554,#6555,#6556),.UNSPECIFIED.,.F.,.F.)
B_SPLINE_CURVE_WITH_KNOTS((3,3),(6.06449998165339E-31,1.04455316655491),
 .UNSPECIFIED.)
CURVE()
GEOMETRIC_REPRESENTATION_ITEM()
RATIONAL_B_SPLINE_CURVE((1.,0.707106781186546,1.))
REPRESENTATION_ITEM('')
);
#4009=(
BOUNDED_CURVE()
B_SPLINE_CURVE(2,(#6557,#6558,#6559),.UNSPECIFIED.,.F.,.F.)
B_SPLINE_CURVE_WITH_KNOTS((3,3),(0.,1.04455316655489),.UNSPECIFIED.)
CURVE()
GEOMETRIC_REPRESENTATION_ITEM()
RATIONAL_B_SPLINE_CURVE((1.,0.707106781186557,1.))
REPRESENTATION_ITEM('')
);
#4010=(
BOUNDED_CURVE()
B_SPLINE_CURVE(2,(#6560,#6561,#6562),.UNSPECIFIED.,.F.,.F.)
B_SPLINE_CURVE_WITH_KNOTS((3,3),(0.,1.09952964900514),.UNSPECIFIED.)
CURVE()
GEOMETRIC_REPRESENTATION_ITEM()
RATIONAL_B_SPLINE_CURVE((1.,0.707106781186561,1.))
REPRESENTATION_ITEM('')
);
#4011=(
BOUNDED_CURVE()
B_SPLINE_CURVE(2,(#6575,#6576,#6577),.UNSPECIFIED.,.F.,.F.)
B_SPLINE_CURVE_WITH_KNOTS((3,3),(0.,0.314159265358987),.UNSPECIFIED.)
CURVE()
GEOMETRIC_REPRESENTATION_ITEM()
RATIONAL_B_SPLINE_CURVE((1.,0.70710678118655,1.))
REPRESENTATION_ITEM('')
);
#4012=(
BOUNDED_CURVE()
B_SPLINE_CURVE(2,(#6578,#6579,#6580),.UNSPECIFIED.,.F.,.F.)
B_SPLINE_CURVE_WITH_KNOTS((3,3),(0.,1.09952964900519),.UNSPECIFIED.)
CURVE()
GEOMETRIC_REPRESENTATION_ITEM()
RATIONAL_B_SPLINE_CURVE((1.,0.707106781186539,1.))
REPRESENTATION_ITEM('')
);
#4013=(
BOUNDED_CURVE()
B_SPLINE_CURVE(2,(#6581,#6582,#6583),.UNSPECIFIED.,.F.,.F.)
B_SPLINE_CURVE_WITH_KNOTS((3,3),(-0.314159265358987,0.),.UNSPECIFIED.)
CURVE()
GEOMETRIC_REPRESENTATION_ITEM()
RATIONAL_B_SPLINE_CURVE((1.,0.70710678118655,1.))
REPRESENTATION_ITEM('')
);
#4014=(
BOUNDED_CURVE()
B_SPLINE_CURVE(1,(#6584,#6585),.UNSPECIFIED.,.F.,.F.)
B_SPLINE_CURVE_WITH_KNOTS((2,2),(2.66453525910038E-15,4.59999999999999),
 .UNSPECIFIED.)
CURVE()
GEOMETRIC_REPRESENTATION_ITEM()
RATIONAL_B_SPLINE_CURVE((1.,1.))
REPRESENTATION_ITEM('')
);
#4015=(
BOUNDED_CURVE()
B_SPLINE_CURVE(2,(#6586,#6587,#6588),.UNSPECIFIED.,.F.,.F.)
B_SPLINE_CURVE_WITH_KNOTS((3,3),(0.,0.314159265358993),.UNSPECIFIED.)
CURVE()
GEOMETRIC_REPRESENTATION_ITEM()
RATIONAL_B_SPLINE_CURVE((1.,0.707106781186537,1.))
REPRESENTATION_ITEM('')
);
#4016=(
BOUNDED_CURVE()
B_SPLINE_CURVE(2,(#6589,#6590,#6591),.UNSPECIFIED.,.F.,.F.)
B_SPLINE_CURVE_WITH_KNOTS((3,3),(0.,1.04455316655491),.UNSPECIFIED.)
CURVE()
GEOMETRIC_REPRESENTATION_ITEM()
RATIONAL_B_SPLINE_CURVE((1.,0.707106781186549,1.))
REPRESENTATION_ITEM('')
);
#4017=(
BOUNDED_CURVE()
B_SPLINE_CURVE(2,(#6592,#6593,#6594),.UNSPECIFIED.,.F.,.F.)
B_SPLINE_CURVE_WITH_KNOTS((3,3),(0.,0.314159265358991),.UNSPECIFIED.)
CURVE()
GEOMETRIC_REPRESENTATION_ITEM()
RATIONAL_B_SPLINE_CURVE((1.,0.707106781186547,1.))
REPRESENTATION_ITEM('')
);
#4018=(
BOUNDED_CURVE()
B_SPLINE_CURVE(1,(#6595,#6596),.UNSPECIFIED.,.F.,.F.)
B_SPLINE_CURVE_WITH_KNOTS((2,2),(-1.77635683940025E-15,14.6),
 .UNSPECIFIED.)
CURVE()
GEOMETRIC_REPRESENTATION_ITEM()
RATIONAL_B_SPLINE_CURVE((1.,1.))
REPRESENTATION_ITEM('')
);
#4019=(
BOUNDED_CURVE()
B_SPLINE_CURVE(2,(#6597,#6598,#6599),.UNSPECIFIED.,.F.,.F.)
B_SPLINE_CURVE_WITH_KNOTS((3,3),(0.,0.314159265358991),.UNSPECIFIED.)
CURVE()
GEOMETRIC_REPRESENTATION_ITEM()
RATIONAL_B_SPLINE_CURVE((1.,0.707106781186547,1.))
REPRESENTATION_ITEM('')
);
#4020=(
BOUNDED_CURVE()
B_SPLINE_CURVE(2,(#6600,#6601,#6602),.UNSPECIFIED.,.F.,.F.)
B_SPLINE_CURVE_WITH_KNOTS((3,3),(0.,1.04455316655489),.UNSPECIFIED.)
CURVE()
GEOMETRIC_REPRESENTATION_ITEM()
RATIONAL_B_SPLINE_CURVE((1.,0.707106781186562,1.))
REPRESENTATION_ITEM('')
);
#4021=(
BOUNDED_CURVE()
B_SPLINE_CURVE(2,(#6603,#6604,#6605),.UNSPECIFIED.,.F.,.F.)
B_SPLINE_CURVE_WITH_KNOTS((3,3),(0.,0.314159265358989),.UNSPECIFIED.)
CURVE()
GEOMETRIC_REPRESENTATION_ITEM()
RATIONAL_B_SPLINE_CURVE((1.,0.707106781186553,1.))
REPRESENTATION_ITEM('')
);
#4022=(
BOUNDED_CURVE()
B_SPLINE_CURVE(1,(#6606,#6607),.UNSPECIFIED.,.F.,.F.)
B_SPLINE_CURVE_WITH_KNOTS((2,2),(1.77635683940025E-15,4.6),
 .UNSPECIFIED.)
CURVE()
GEOMETRIC_REPRESENTATION_ITEM()
RATIONAL_B_SPLINE_CURVE((1.,1.))
REPRESENTATION_ITEM('')
);
#4023=(
BOUNDED_CURVE()
B_SPLINE_CURVE(2,(#6608,#6609,#6610),.UNSPECIFIED.,.F.,.F.)
B_SPLINE_CURVE_WITH_KNOTS((3,3),(0.,0.314159265358989),.UNSPECIFIED.)
CURVE()
GEOMETRIC_REPRESENTATION_ITEM()
RATIONAL_B_SPLINE_CURVE((1.,0.707106781186553,1.))
REPRESENTATION_ITEM('')
);
#4024=(
BOUNDED_CURVE()
B_SPLINE_CURVE(2,(#6611,#6612,#6613),.UNSPECIFIED.,.F.,.F.)
B_SPLINE_CURVE_WITH_KNOTS((3,3),(0.,0.314159265358989),.UNSPECIFIED.)
CURVE()
GEOMETRIC_REPRESENTATION_ITEM()
RATIONAL_B_SPLINE_CURVE((1.,0.70710678118655,1.))
REPRESENTATION_ITEM('')
);
#4025=(
BOUNDED_CURVE()
B_SPLINE_CURVE(2,(#6614,#6615,#6616),.UNSPECIFIED.,.F.,.F.)
B_SPLINE_CURVE_WITH_KNOTS((3,3),(-6.23895535974477E-16,1.09952964900518),
 .UNSPECIFIED.)
CURVE()
GEOMETRIC_REPRESENTATION_ITEM()
RATIONAL_B_SPLINE_CURVE((1.,0.707106781186543,1.))
REPRESENTATION_ITEM('')
);
#4026=(
BOUNDED_CURVE()
B_SPLINE_CURVE(1,(#6617,#6618),.UNSPECIFIED.,.F.,.F.)
B_SPLINE_CURVE_WITH_KNOTS((2,2),(1.4210854715202E-14,1.33500000000001),
 .UNSPECIFIED.)
CURVE()
GEOMETRIC_REPRESENTATION_ITEM()
RATIONAL_B_SPLINE_CURVE((1.,1.))
REPRESENTATION_ITEM('')
);
#4027=(
BOUNDED_CURVE()
B_SPLINE_CURVE(1,(#6619,#6620),.UNSPECIFIED.,.F.,.F.)
B_SPLINE_CURVE_WITH_KNOTS((2,2),(1.46549439250521E-14,1.33500000000001),
 .UNSPECIFIED.)
CURVE()
GEOMETRIC_REPRESENTATION_ITEM()
RATIONAL_B_SPLINE_CURVE((1.,1.))
REPRESENTATION_ITEM('')
);
#4028=(
BOUNDED_CURVE()
B_SPLINE_CURVE(2,(#6621,#6622,#6623),.UNSPECIFIED.,.F.,.F.)
B_SPLINE_CURVE_WITH_KNOTS((3,3),(0.,0.314159265359021),.UNSPECIFIED.)
CURVE()
GEOMETRIC_REPRESENTATION_ITEM()
RATIONAL_B_SPLINE_CURVE((1.,0.707106781186567,1.))
REPRESENTATION_ITEM('')
);
#4029=(
BOUNDED_CURVE()
B_SPLINE_CURVE(2,(#6624,#6625,#6626,#6627,#6628),.UNSPECIFIED.,.F.,.F.)
B_SPLINE_CURVE_WITH_KNOTS((3,2,3),(0.,3.14151328247784,6.28302656495568),
 .UNSPECIFIED.)
CURVE()
GEOMETRIC_REPRESENTATION_ITEM()
RATIONAL_B_SPLINE_CURVE((1.,0.707106781186547,1.,0.707106781186547,1.))
REPRESENTATION_ITEM('')
);
#4030=(
BOUNDED_CURVE()
B_SPLINE_CURVE(2,(#6629,#6630,#6631,#6632,#6633),.UNSPECIFIED.,.F.,.F.)
B_SPLINE_CURVE_WITH_KNOTS((3,2,3),(0.,3.14151328247784,6.28302656495568),
 .UNSPECIFIED.)
CURVE()
GEOMETRIC_REPRESENTATION_ITEM()
RATIONAL_B_SPLINE_CURVE((1.,0.707106781184003,1.,0.707106781184003,1.))
REPRESENTATION_ITEM('')
);
#4031=(
BOUNDED_CURVE()
B_SPLINE_CURVE(2,(#6634,#6635,#6636),.UNSPECIFIED.,.F.,.F.)
B_SPLINE_CURVE_WITH_KNOTS((3,3),(0.,0.314159265359009),.UNSPECIFIED.)
CURVE()
GEOMETRIC_REPRESENTATION_ITEM()
RATIONAL_B_SPLINE_CURVE((1.,0.70710678118654,1.))
REPRESENTATION_ITEM('')
);
#4032=(
BOUNDED_CURVE()
B_SPLINE_CURVE(1,(#6637,#6638),.UNSPECIFIED.,.F.,.F.)
B_SPLINE_CURVE_WITH_KNOTS((2,2),(-2.22044604925031E-15,1.335),
 .UNSPECIFIED.)
CURVE()
GEOMETRIC_REPRESENTATION_ITEM()
RATIONAL_B_SPLINE_CURVE((1.,1.))
REPRESENTATION_ITEM('')
);
#4033=(
BOUNDED_CURVE()
B_SPLINE_CURVE(1,(#6639,#6640),.UNSPECIFIED.,.F.,.F.)
B_SPLINE_CURVE_WITH_KNOTS((2,2),(-2.22044604925031E-15,1.335),
 .UNSPECIFIED.)
CURVE()
GEOMETRIC_REPRESENTATION_ITEM()
RATIONAL_B_SPLINE_CURVE((1.,1.))
REPRESENTATION_ITEM('')
);
#4034=(
BOUNDED_CURVE()
B_SPLINE_CURVE(2,(#6641,#6642,#6643),.UNSPECIFIED.,.F.,.F.)
B_SPLINE_CURVE_WITH_KNOTS((3,3),(0.,0.314159265359009),.UNSPECIFIED.)
CURVE()
GEOMETRIC_REPRESENTATION_ITEM()
RATIONAL_B_SPLINE_CURVE((1.,0.707106781186535,1.))
REPRESENTATION_ITEM('')
);
#4035=(
BOUNDED_CURVE()
B_SPLINE_CURVE(2,(#6644,#6645,#6646),.UNSPECIFIED.,.F.,.F.)
B_SPLINE_CURVE_WITH_KNOTS((3,3),(0.,1.09952964900517),.UNSPECIFIED.)
CURVE()
GEOMETRIC_REPRESENTATION_ITEM()
RATIONAL_B_SPLINE_CURVE((1.,0.70710678118655,1.))
REPRESENTATION_ITEM('')
);
#4036=(
BOUNDED_CURVE()
B_SPLINE_CURVE(2,(#6647,#6648,#6649),.UNSPECIFIED.,.F.,.F.)
B_SPLINE_CURVE_WITH_KNOTS((3,3),(0.,0.314159265359001),.UNSPECIFIED.)
CURVE()
GEOMETRIC_REPRESENTATION_ITEM()
RATIONAL_B_SPLINE_CURVE((1.,0.707106781186545,1.))
REPRESENTATION_ITEM('')
);
#4037=(
BOUNDED_CURVE()
B_SPLINE_CURVE(1,(#6650,#6651),.UNSPECIFIED.,.F.,.F.)
B_SPLINE_CURVE_WITH_KNOTS((2,2),(0.,4.59999999999999),.UNSPECIFIED.)
CURVE()
GEOMETRIC_REPRESENTATION_ITEM()
RATIONAL_B_SPLINE_CURVE((1.,1.))
REPRESENTATION_ITEM('')
);
#4038=(
BOUNDED_CURVE()
B_SPLINE_CURVE(2,(#6652,#6653,#6654),.UNSPECIFIED.,.F.,.F.)
B_SPLINE_CURVE_WITH_KNOTS((3,3),(0.,0.314159270835799),.UNSPECIFIED.)
CURVE()
GEOMETRIC_REPRESENTATION_ITEM()
RATIONAL_B_SPLINE_CURVE((1.,0.707106781186543,1.))
REPRESENTATION_ITEM('')
);
#4039=(
BOUNDED_CURVE()
B_SPLINE_CURVE(2,(#6655,#6656,#6657),.UNSPECIFIED.,.F.,.F.)
B_SPLINE_CURVE_WITH_KNOTS((3,3),(0.,1.04455316655492),.UNSPECIFIED.)
CURVE()
GEOMETRIC_REPRESENTATION_ITEM()
RATIONAL_B_SPLINE_CURVE((1.,0.70710678118653,1.))
REPRESENTATION_ITEM('')
);
#4040=(
BOUNDED_CURVE()
B_SPLINE_CURVE(2,(#6658,#6659,#6660),.UNSPECIFIED.,.F.,.F.)
B_SPLINE_CURVE_WITH_KNOTS((3,3),(-0.314159270835799,0.),.UNSPECIFIED.)
CURVE()
GEOMETRIC_REPRESENTATION_ITEM()
RATIONAL_B_SPLINE_CURVE((1.,0.707106781186543,1.))
REPRESENTATION_ITEM('')
);
#4041=(
BOUNDED_CURVE()
B_SPLINE_CURVE(1,(#6661,#6662),.UNSPECIFIED.,.F.,.F.)
B_SPLINE_CURVE_WITH_KNOTS((2,2),(9.32587340685131E-15,14.6),
 .UNSPECIFIED.)
CURVE()
GEOMETRIC_REPRESENTATION_ITEM()
RATIONAL_B_SPLINE_CURVE((1.,1.))
REPRESENTATION_ITEM('')
);
#4042=(
BOUNDED_CURVE()
B_SPLINE_CURVE(2,(#6663,#6664,#6665),.UNSPECIFIED.,.F.,.F.)
B_SPLINE_CURVE_WITH_KNOTS((3,3),(0.,0.314159270835801),.UNSPECIFIED.)
CURVE()
GEOMETRIC_REPRESENTATION_ITEM()
RATIONAL_B_SPLINE_CURVE((1.,0.707106781186543,1.))
REPRESENTATION_ITEM('')
);
#4043=(
BOUNDED_CURVE()
B_SPLINE_CURVE(2,(#6666,#6667,#6668),.UNSPECIFIED.,.F.,.F.)
B_SPLINE_CURVE_WITH_KNOTS((3,3),(0.,1.0445531665549),.UNSPECIFIED.)
CURVE()
GEOMETRIC_REPRESENTATION_ITEM()
RATIONAL_B_SPLINE_CURVE((1.,0.707106781186549,1.))
REPRESENTATION_ITEM('')
);
#4044=(
BOUNDED_CURVE()
B_SPLINE_CURVE(2,(#6669,#6670,#6671),.UNSPECIFIED.,.F.,.F.)
B_SPLINE_CURVE_WITH_KNOTS((3,3),(-0.314159270835801,0.),.UNSPECIFIED.)
CURVE()
GEOMETRIC_REPRESENTATION_ITEM()
RATIONAL_B_SPLINE_CURVE((1.,0.707106781186543,1.))
REPRESENTATION_ITEM('')
);
#4045=(
BOUNDED_CURVE()
B_SPLINE_CURVE(1,(#6672,#6673),.UNSPECIFIED.,.F.,.F.)
B_SPLINE_CURVE_WITH_KNOTS((2,2),(2.66453525910038E-15,4.60000000000002),
 .UNSPECIFIED.)
CURVE()
GEOMETRIC_REPRESENTATION_ITEM()
RATIONAL_B_SPLINE_CURVE((1.,1.))
REPRESENTATION_ITEM('')
);
#4046=(
BOUNDED_CURVE()
B_SPLINE_CURVE(2,(#6674,#6675,#6676),.UNSPECIFIED.,.F.,.F.)
B_SPLINE_CURVE_WITH_KNOTS((3,3),(0.,0.314159265358996),.UNSPECIFIED.)
CURVE()
GEOMETRIC_REPRESENTATION_ITEM()
RATIONAL_B_SPLINE_CURVE((1.,0.707106781186559,1.))
REPRESENTATION_ITEM('')
);
#4047=(
BOUNDED_CURVE()
B_SPLINE_CURVE(2,(#6677,#6678,#6679),.UNSPECIFIED.,.F.,.F.)
B_SPLINE_CURVE_WITH_KNOTS((3,3),(0.,0.314159265358986),.UNSPECIFIED.)
CURVE()
GEOMETRIC_REPRESENTATION_ITEM()
RATIONAL_B_SPLINE_CURVE((1.,0.707106781186559,1.))
REPRESENTATION_ITEM('')
);
#4048=(
BOUNDED_CURVE()
B_SPLINE_CURVE(2,(#6680,#6681,#6682),.UNSPECIFIED.,.F.,.F.)
B_SPLINE_CURVE_WITH_KNOTS((3,3),(0.,1.09952964900517),.UNSPECIFIED.)
CURVE()
GEOMETRIC_REPRESENTATION_ITEM()
RATIONAL_B_SPLINE_CURVE((1.,0.707106781186551,1.))
REPRESENTATION_ITEM('')
);
#4049=(
BOUNDED_CURVE()
B_SPLINE_CURVE(1,(#6683,#6684),.UNSPECIFIED.,.F.,.F.)
B_SPLINE_CURVE_WITH_KNOTS((2,2),(-1.02140518265514E-14,1.335),
 .UNSPECIFIED.)
CURVE()
GEOMETRIC_REPRESENTATION_ITEM()
RATIONAL_B_SPLINE_CURVE((1.,1.))
REPRESENTATION_ITEM('')
);
#4050=(
BOUNDED_CURVE()
B_SPLINE_CURVE(1,(#6685,#6686),.UNSPECIFIED.,.F.,.F.)
B_SPLINE_CURVE_WITH_KNOTS((2,2),(-1.19904086659517E-14,1.335),
 .UNSPECIFIED.)
CURVE()
GEOMETRIC_REPRESENTATION_ITEM()
RATIONAL_B_SPLINE_CURVE((1.,1.))
REPRESENTATION_ITEM('')
);
#4051=(
BOUNDED_CURVE()
B_SPLINE_CURVE(2,(#6687,#6688,#6689),.UNSPECIFIED.,.F.,.F.)
B_SPLINE_CURVE_WITH_KNOTS((3,3),(0.,0.314159265359007),.UNSPECIFIED.)
CURVE()
GEOMETRIC_REPRESENTATION_ITEM()
RATIONAL_B_SPLINE_CURVE((1.,0.707106781186586,1.))
REPRESENTATION_ITEM('')
);
#4052=(
BOUNDED_CURVE()
B_SPLINE_CURVE(2,(#6690,#6691,#6692,#6693,#6694),.UNSPECIFIED.,.F.,.F.)
B_SPLINE_CURVE_WITH_KNOTS((3,2,3),(0.,3.14151328247784,6.28302656495568),
 .UNSPECIFIED.)
CURVE()
GEOMETRIC_REPRESENTATION_ITEM()
RATIONAL_B_SPLINE_CURVE((1.,0.707106781186548,1.,0.707106781186548,1.))
REPRESENTATION_ITEM('')
);
#4053=(
BOUNDED_CURVE()
B_SPLINE_CURVE(2,(#6695,#6696,#6697,#6698,#6699),.UNSPECIFIED.,.F.,.F.)
B_SPLINE_CURVE_WITH_KNOTS((3,2,3),(0.,3.14151328247784,6.28302656495568),
 .UNSPECIFIED.)
CURVE()
GEOMETRIC_REPRESENTATION_ITEM()
RATIONAL_B_SPLINE_CURVE((1.,0.707106781183997,1.,0.707106781183997,1.))
REPRESENTATION_ITEM('')
);
#4054=(
BOUNDED_CURVE()
B_SPLINE_CURVE(1,(#6700,#6701),.UNSPECIFIED.,.F.,.F.)
B_SPLINE_CURVE_WITH_KNOTS((2,2),(5.77315972805081E-15,1.335),
 .UNSPECIFIED.)
CURVE()
GEOMETRIC_REPRESENTATION_ITEM()
RATIONAL_B_SPLINE_CURVE((1.,1.))
REPRESENTATION_ITEM('')
);
#4055=(
BOUNDED_CURVE()
B_SPLINE_CURVE(1,(#6702,#6703),.UNSPECIFIED.,.F.,.F.)
B_SPLINE_CURVE_WITH_KNOTS((2,2),(4.88498130835069E-15,1.335),
 .UNSPECIFIED.)
CURVE()
GEOMETRIC_REPRESENTATION_ITEM()
RATIONAL_B_SPLINE_CURVE((1.,1.))
REPRESENTATION_ITEM('')
);
#4056=(
BOUNDED_CURVE()
B_SPLINE_CURVE(2,(#6704,#6705,#6706),.UNSPECIFIED.,.F.,.F.)
B_SPLINE_CURVE_WITH_KNOTS((3,3),(0.,0.314159265359011),.UNSPECIFIED.)
CURVE()
GEOMETRIC_REPRESENTATION_ITEM()
RATIONAL_B_SPLINE_CURVE((1.,0.707106781186547,1.))
REPRESENTATION_ITEM('')
);
#4057=(
BOUNDED_CURVE()
B_SPLINE_CURVE(2,(#6707,#6708,#6709,#6710,#6711),.UNSPECIFIED.,.F.,.F.)
B_SPLINE_CURVE_WITH_KNOTS((3,2,3),(0.,1.64929447340488,3.29858894680975),
 .UNSPECIFIED.)
CURVE()
GEOMETRIC_REPRESENTATION_ITEM()
RATIONAL_B_SPLINE_CURVE((1.,0.707106781186548,1.,0.707106781186548,1.))
REPRESENTATION_ITEM('')
);
#4058=(
BOUNDED_CURVE()
B_SPLINE_CURVE(2,(#6712,#6713,#6714),.UNSPECIFIED.,.F.,.F.)
B_SPLINE_CURVE_WITH_KNOTS((3,3),(0.,0.314159265358988),.UNSPECIFIED.)
CURVE()
GEOMETRIC_REPRESENTATION_ITEM()
RATIONAL_B_SPLINE_CURVE((1.,0.707106814297822,1.))
REPRESENTATION_ITEM('')
);
#4059=(
BOUNDED_CURVE()
B_SPLINE_CURVE(2,(#6715,#6716,#6717,#6718,#6719),.UNSPECIFIED.,.F.,.F.)
B_SPLINE_CURVE_WITH_KNOTS((3,2,3),(0.,1.64929447340488,3.29858894680975),
 .UNSPECIFIED.)
CURVE()
GEOMETRIC_REPRESENTATION_ITEM()
RATIONAL_B_SPLINE_CURVE((1.,0.707106781186548,1.,0.707106781186548,1.))
REPRESENTATION_ITEM('')
);
#4060=(
BOUNDED_CURVE()
B_SPLINE_CURVE(2,(#6720,#6721,#6722,#6723,#6724),.UNSPECIFIED.,.F.,.F.)
B_SPLINE_CURVE_WITH_KNOTS((3,2,3),(0.,1.64929447340488,3.29858894680976),
 .UNSPECIFIED.)
CURVE()
GEOMETRIC_REPRESENTATION_ITEM()
RATIONAL_B_SPLINE_CURVE((1.,0.707106781186547,1.,0.707106781186547,1.))
REPRESENTATION_ITEM('')
);
#4061=(
BOUNDED_CURVE()
B_SPLINE_CURVE(2,(#6725,#6726,#6727),.UNSPECIFIED.,.F.,.F.)
B_SPLINE_CURVE_WITH_KNOTS((3,3),(0.,0.31415926535899),.UNSPECIFIED.)
CURVE()
GEOMETRIC_REPRESENTATION_ITEM()
RATIONAL_B_SPLINE_CURVE((1.,0.707106814297835,1.))
REPRESENTATION_ITEM('')
);
#4062=(
BOUNDED_CURVE()
B_SPLINE_CURVE(2,(#6728,#6729,#6730,#6731,#6732),.UNSPECIFIED.,.F.,.F.)
B_SPLINE_CURVE_WITH_KNOTS((3,2,3),(0.,1.64929447340488,3.29858894680976),
 .UNSPECIFIED.)
CURVE()
GEOMETRIC_REPRESENTATION_ITEM()
RATIONAL_B_SPLINE_CURVE((1.,0.707106781186548,1.,0.707106781186548,1.))
REPRESENTATION_ITEM('')
);
#4063=(
BOUNDED_CURVE()
B_SPLINE_CURVE(2,(#6733,#6734,#6735,#6736,#6737),.UNSPECIFIED.,.F.,.F.)
B_SPLINE_CURVE_WITH_KNOTS((3,2,3),(0.,10.6811451603306,21.3622903206611),
 .UNSPECIFIED.)
CURVE()
GEOMETRIC_REPRESENTATION_ITEM()
RATIONAL_B_SPLINE_CURVE((1.,0.707106781186548,1.,0.707106781186548,1.))
REPRESENTATION_ITEM('')
);
#4064=(
BOUNDED_CURVE()
B_SPLINE_CURVE(2,(#6738,#6739,#6740),.UNSPECIFIED.,.F.,.F.)
B_SPLINE_CURVE_WITH_KNOTS((3,3),(0.,0.314159265529086),.UNSPECIFIED.)
CURVE()
GEOMETRIC_REPRESENTATION_ITEM()
RATIONAL_B_SPLINE_CURVE((1.,0.707106781186514,1.))
REPRESENTATION_ITEM('')
);
#4065=(
BOUNDED_CURVE()
B_SPLINE_CURVE(2,(#6741,#6742,#6743,#6744,#6745),.UNSPECIFIED.,.F.,.F.)
B_SPLINE_CURVE_WITH_KNOTS((3,2,3),(0.,10.6811451603306,21.3622903206611),
 .UNSPECIFIED.)
CURVE()
GEOMETRIC_REPRESENTATION_ITEM()
RATIONAL_B_SPLINE_CURVE((1.,0.707106781186548,1.,0.707106781186548,1.))
REPRESENTATION_ITEM('')
);
#4066=(
BOUNDED_CURVE()
B_SPLINE_CURVE(1,(#6746,#6747),.UNSPECIFIED.,.F.,.F.)
B_SPLINE_CURVE_WITH_KNOTS((2,2),(8.02670082829634,13.8917008282963),
 .UNSPECIFIED.)
CURVE()
GEOMETRIC_REPRESENTATION_ITEM()
RATIONAL_B_SPLINE_CURVE((1.,1.))
REPRESENTATION_ITEM('')
);
#4067=(
BOUNDED_CURVE()
B_SPLINE_CURVE(2,(#6748,#6749,#6750,#6751,#6752),.UNSPECIFIED.,.F.,.F.)
B_SPLINE_CURVE_WITH_KNOTS((3,2,3),(18.8495559215388,28.2743338823081,37.6991118430775),
 .UNSPECIFIED.)
CURVE()
GEOMETRIC_REPRESENTATION_ITEM()
RATIONAL_B_SPLINE_CURVE((1.,0.707106781186547,1.,0.707106781186548,1.))
REPRESENTATION_ITEM('')
);
#4068=(
BOUNDED_CURVE()
B_SPLINE_CURVE(2,(#6753,#6754,#6755,#6756,#6757),.UNSPECIFIED.,.F.,.F.)
B_SPLINE_CURVE_WITH_KNOTS((3,2,3),(18.8495559215388,28.2743338823081,37.6991118430775),
 .UNSPECIFIED.)
CURVE()
GEOMETRIC_REPRESENTATION_ITEM()
RATIONAL_B_SPLINE_CURVE((1.,0.707106781186548,1.,0.707106781186548,1.))
REPRESENTATION_ITEM('')
);
#4069=(
BOUNDED_CURVE()
B_SPLINE_CURVE(1,(#6758,#6759),.UNSPECIFIED.,.F.,.F.)
B_SPLINE_CURVE_WITH_KNOTS((2,2),(4.25522147812406,9.05522147812406),
 .UNSPECIFIED.)
CURVE()
GEOMETRIC_REPRESENTATION_ITEM()
RATIONAL_B_SPLINE_CURVE((1.,1.))
REPRESENTATION_ITEM('')
);
#4070=(
BOUNDED_CURVE()
B_SPLINE_CURVE(2,(#6760,#6761,#6762,#6763,#6764),.UNSPECIFIED.,.F.,.F.)
B_SPLINE_CURVE_WITH_KNOTS((3,2,3),(-2.67035375555132,-1.33517687777566,
0.),.UNSPECIFIED.)
CURVE()
GEOMETRIC_REPRESENTATION_ITEM()
RATIONAL_B_SPLINE_CURVE((1.,0.707106781186548,1.,0.707106781186548,1.))
REPRESENTATION_ITEM('')
);
#4071=(
BOUNDED_CURVE()
B_SPLINE_CURVE(2,(#6765,#6766,#6767,#6768,#6769),.UNSPECIFIED.,.F.,.F.)
B_SPLINE_CURVE_WITH_KNOTS((3,2,3),(3.29858894680975,4.94788342021463,6.59717789361951),
 .UNSPECIFIED.)
CURVE()
GEOMETRIC_REPRESENTATION_ITEM()
RATIONAL_B_SPLINE_CURVE((1.,0.707106781186548,1.,0.707106781186548,1.))
REPRESENTATION_ITEM('')
);
#4072=(
BOUNDED_CURVE()
B_SPLINE_CURVE(1,(#6770,#6771),.UNSPECIFIED.,.F.,.F.)
B_SPLINE_CURVE_WITH_KNOTS((2,2),(4.25522147812405,9.05522147812405),
 .UNSPECIFIED.)
CURVE()
GEOMETRIC_REPRESENTATION_ITEM()
RATIONAL_B_SPLINE_CURVE((1.,1.))
REPRESENTATION_ITEM('')
);
#4073=(
BOUNDED_CURVE()
B_SPLINE_CURVE(2,(#6772,#6773,#6774,#6775,#6776),.UNSPECIFIED.,.F.,.F.)
B_SPLINE_CURVE_WITH_KNOTS((3,2,3),(-2.67035375555132,-1.33517687777566,
0.),.UNSPECIFIED.)
CURVE()
GEOMETRIC_REPRESENTATION_ITEM()
RATIONAL_B_SPLINE_CURVE((1.,0.707106781186548,1.,0.707106781186548,1.))
REPRESENTATION_ITEM('')
);
#4074=(
BOUNDED_CURVE()
B_SPLINE_CURVE(2,(#6777,#6778,#6779,#6780,#6781),.UNSPECIFIED.,.F.,.F.)
B_SPLINE_CURVE_WITH_KNOTS((3,2,3),(3.29858894680976,4.94788342021464,6.59717789361952),
 .UNSPECIFIED.)
CURVE()
GEOMETRIC_REPRESENTATION_ITEM()
RATIONAL_B_SPLINE_CURVE((1.,0.707106781186548,1.,0.707106781186548,1.))
REPRESENTATION_ITEM('')
);
#4075=(
BOUNDED_CURVE()
B_SPLINE_CURVE(2,(#6782,#6783,#6784),.UNSPECIFIED.,.F.,.F.)
B_SPLINE_CURVE_WITH_KNOTS((3,3),(0.,0.314159265358988),.UNSPECIFIED.)
CURVE()
GEOMETRIC_REPRESENTATION_ITEM()
RATIONAL_B_SPLINE_CURVE((1.,0.707106814297822,1.))
REPRESENTATION_ITEM('')
);
#4076=(
BOUNDED_CURVE()
B_SPLINE_CURVE(2,(#6785,#6786,#6787,#6788,#6789),.UNSPECIFIED.,.F.,.F.)
B_SPLINE_CURVE_WITH_KNOTS((3,2,3),(3.29858894680975,4.94788342021463,6.59717789361951),
 .UNSPECIFIED.)
CURVE()
GEOMETRIC_REPRESENTATION_ITEM()
RATIONAL_B_SPLINE_CURVE((1.,0.707106781186548,1.,0.707106781186548,1.))
REPRESENTATION_ITEM('')
);
#4077=(
BOUNDED_CURVE()
B_SPLINE_CURVE(2,(#6790,#6791,#6792),.UNSPECIFIED.,.F.,.F.)
B_SPLINE_CURVE_WITH_KNOTS((3,3),(0.,0.31415926535899),.UNSPECIFIED.)
CURVE()
GEOMETRIC_REPRESENTATION_ITEM()
RATIONAL_B_SPLINE_CURVE((1.,0.707106814297835,1.))
REPRESENTATION_ITEM('')
);
#4078=(
BOUNDED_CURVE()
B_SPLINE_CURVE(2,(#6793,#6794,#6795,#6796,#6797),.UNSPECIFIED.,.F.,.F.)
B_SPLINE_CURVE_WITH_KNOTS((3,2,3),(3.29858894680976,4.94788342021464,6.59717789361952),
 .UNSPECIFIED.)
CURVE()
GEOMETRIC_REPRESENTATION_ITEM()
RATIONAL_B_SPLINE_CURVE((1.,0.707106781186548,1.,0.707106781186548,1.))
REPRESENTATION_ITEM('')
);
#4079=(
BOUNDED_CURVE()
B_SPLINE_CURVE(1,(#6798,#6799),.UNSPECIFIED.,.F.,.F.)
B_SPLINE_CURVE_WITH_KNOTS((2,2),(0.,4.8),.UNSPECIFIED.)
CURVE()
GEOMETRIC_REPRESENTATION_ITEM()
RATIONAL_B_SPLINE_CURVE((1.,1.))
REPRESENTATION_ITEM('')
);
#4080=(
BOUNDED_CURVE()
B_SPLINE_CURVE(2,(#6800,#6801,#6802,#6803,#6804),.UNSPECIFIED.,.F.,.F.)
B_SPLINE_CURVE_WITH_KNOTS((3,2,3),(21.9911485751286,32.9867228626928,43.9822971502571),
 .UNSPECIFIED.)
CURVE()
GEOMETRIC_REPRESENTATION_ITEM()
RATIONAL_B_SPLINE_CURVE((1.,0.707106781186548,1.,0.707106781186548,1.))
REPRESENTATION_ITEM('')
);
#4081=(
BOUNDED_CURVE()
B_SPLINE_CURVE(2,(#6805,#6806,#6807,#6808,#6809),.UNSPECIFIED.,.F.,.F.)
B_SPLINE_CURVE_WITH_KNOTS((3,2,3),(21.3622903206611,32.0434354809917,42.7245806413223),
 .UNSPECIFIED.)
CURVE()
GEOMETRIC_REPRESENTATION_ITEM()
RATIONAL_B_SPLINE_CURVE((1.,0.707106781186547,1.,0.707106781186547,1.))
REPRESENTATION_ITEM('')
);
#4082=(
BOUNDED_CURVE()
B_SPLINE_CURVE(2,(#6810,#6811,#6812),.UNSPECIFIED.,.F.,.F.)
B_SPLINE_CURVE_WITH_KNOTS((3,3),(0.,0.314159265529086),.UNSPECIFIED.)
CURVE()
GEOMETRIC_REPRESENTATION_ITEM()
RATIONAL_B_SPLINE_CURVE((1.,0.707106781186514,1.))
REPRESENTATION_ITEM('')
);
#4083=(
BOUNDED_CURVE()
B_SPLINE_CURVE(2,(#6813,#6814,#6815,#6816,#6817),.UNSPECIFIED.,.F.,.F.)
B_SPLINE_CURVE_WITH_KNOTS((3,2,3),(21.3622903206611,32.0434354809917,42.7245806413223),
 .UNSPECIFIED.)
CURVE()
GEOMETRIC_REPRESENTATION_ITEM()
RATIONAL_B_SPLINE_CURVE((1.,0.707106781186548,1.,0.707106781186548,1.))
REPRESENTATION_ITEM('')
);
#4084=(
BOUNDED_CURVE()
B_SPLINE_CURVE(2,(#7887,#7888,#7889),.UNSPECIFIED.,.F.,.F.)
B_SPLINE_CURVE_WITH_KNOTS((3,3),(3.85405162049459E-31,5.37198771301551),
 .UNSPECIFIED.)
CURVE()
GEOMETRIC_REPRESENTATION_ITEM()
RATIONAL_B_SPLINE_CURVE((1.,0.707106781186548,1.))
REPRESENTATION_ITEM('')
);
#4085=(
BOUNDED_CURVE()
B_SPLINE_CURVE(2,(#7890,#7891,#7892),.UNSPECIFIED.,.F.,.F.)
B_SPLINE_CURVE_WITH_KNOTS((3,3),(3.85405162049459E-31,5.37198771301551),
 .UNSPECIFIED.)
CURVE()
GEOMETRIC_REPRESENTATION_ITEM()
RATIONAL_B_SPLINE_CURVE((1.,0.707106781186548,1.))
REPRESENTATION_ITEM('')
);
#4086=(
BOUNDED_CURVE()
B_SPLINE_CURVE(1,(#7893,#7894),.UNSPECIFIED.,.F.,.F.)
B_SPLINE_CURVE_WITH_KNOTS((2,2),(0.0799999999999999,1.52),.UNSPECIFIED.)
CURVE()
GEOMETRIC_REPRESENTATION_ITEM()
RATIONAL_B_SPLINE_CURVE((1.,1.))
REPRESENTATION_ITEM('')
);
#4087=(
BOUNDED_CURVE()
B_SPLINE_CURVE(1,(#7895,#7896),.UNSPECIFIED.,.F.,.F.)
B_SPLINE_CURVE_WITH_KNOTS((2,2),(0.0799999999999999,1.52),.UNSPECIFIED.)
CURVE()
GEOMETRIC_REPRESENTATION_ITEM()
RATIONAL_B_SPLINE_CURVE((1.,1.))
REPRESENTATION_ITEM('')
);
#4088=(
BOUNDED_CURVE()
B_SPLINE_CURVE(1,(#7897,#7898),.UNSPECIFIED.,.F.,.F.)
B_SPLINE_CURVE_WITH_KNOTS((2,2),(2.44249065417534E-15,32.),
 .UNSPECIFIED.)
CURVE()
GEOMETRIC_REPRESENTATION_ITEM()
RATIONAL_B_SPLINE_CURVE((1.,1.))
REPRESENTATION_ITEM('')
);
#4089=(
BOUNDED_CURVE()
B_SPLINE_CURVE(1,(#7899,#7900),.UNSPECIFIED.,.F.,.F.)
B_SPLINE_CURVE_WITH_KNOTS((2,2),(0.08,1.52),.UNSPECIFIED.)
CURVE()
GEOMETRIC_REPRESENTATION_ITEM()
RATIONAL_B_SPLINE_CURVE((1.,1.))
REPRESENTATION_ITEM('')
);
#4090=(
BOUNDED_CURVE()
B_SPLINE_CURVE(1,(#7901,#7902),.UNSPECIFIED.,.F.,.F.)
B_SPLINE_CURVE_WITH_KNOTS((2,2),(3.77475828372553E-15,32.),
 .UNSPECIFIED.)
CURVE()
GEOMETRIC_REPRESENTATION_ITEM()
RATIONAL_B_SPLINE_CURVE((1.,1.))
REPRESENTATION_ITEM('')
);
#4091=(
BOUNDED_CURVE()
B_SPLINE_CURVE(2,(#7903,#7904,#7905),.UNSPECIFIED.,.F.,.F.)
B_SPLINE_CURVE_WITH_KNOTS((3,3),(3.85405162049458E-31,5.37198771301551),
 .UNSPECIFIED.)
CURVE()
GEOMETRIC_REPRESENTATION_ITEM()
RATIONAL_B_SPLINE_CURVE((1.,0.707106781186548,1.))
REPRESENTATION_ITEM('')
);
#4092=(
BOUNDED_CURVE()
B_SPLINE_CURVE(2,(#7906,#7907,#7908),.UNSPECIFIED.,.F.,.F.)
B_SPLINE_CURVE_WITH_KNOTS((3,3),(3.85405162049459E-31,5.37198771301551),
 .UNSPECIFIED.)
CURVE()
GEOMETRIC_REPRESENTATION_ITEM()
RATIONAL_B_SPLINE_CURVE((1.,0.707106781186548,1.))
REPRESENTATION_ITEM('')
);
#4093=(
BOUNDED_CURVE()
B_SPLINE_CURVE(1,(#7909,#7910),.UNSPECIFIED.,.F.,.F.)
B_SPLINE_CURVE_WITH_KNOTS((2,2),(0.0799999999999992,1.52),.UNSPECIFIED.)
CURVE()
GEOMETRIC_REPRESENTATION_ITEM()
RATIONAL_B_SPLINE_CURVE((1.,1.))
REPRESENTATION_ITEM('')
);
#4094=(
BOUNDED_CURVE()
B_SPLINE_CURVE(1,(#7911,#7912),.UNSPECIFIED.,.F.,.F.)
B_SPLINE_CURVE_WITH_KNOTS((2,2),(0.,32.),.UNSPECIFIED.)
CURVE()
GEOMETRIC_REPRESENTATION_ITEM()
RATIONAL_B_SPLINE_CURVE((1.,1.))
REPRESENTATION_ITEM('')
);
#4095=(
BOUNDED_CURVE()
B_SPLINE_CURVE(1,(#7913,#7914),.UNSPECIFIED.,.F.,.F.)
B_SPLINE_CURVE_WITH_KNOTS((2,2),(0.0800000000000001,1.52),.UNSPECIFIED.)
CURVE()
GEOMETRIC_REPRESENTATION_ITEM()
RATIONAL_B_SPLINE_CURVE((1.,1.))
REPRESENTATION_ITEM('')
);
#4096=(
BOUNDED_CURVE()
B_SPLINE_CURVE(1,(#7915,#7916),.UNSPECIFIED.,.F.,.F.)
B_SPLINE_CURVE_WITH_KNOTS((2,2),(-3.33066907387547E-15,32.),
 .UNSPECIFIED.)
CURVE()
GEOMETRIC_REPRESENTATION_ITEM()
RATIONAL_B_SPLINE_CURVE((1.,1.))
REPRESENTATION_ITEM('')
);
#4097=(
BOUNDED_CURVE()
B_SPLINE_CURVE(2,(#7917,#7918,#7919),.UNSPECIFIED.,.F.,.F.)
B_SPLINE_CURVE_WITH_KNOTS((3,3),(3.85405162049459E-31,5.37198771301551),
 .UNSPECIFIED.)
CURVE()
GEOMETRIC_REPRESENTATION_ITEM()
RATIONAL_B_SPLINE_CURVE((1.,0.707106781186548,1.))
REPRESENTATION_ITEM('')
);
#4098=(
BOUNDED_CURVE()
B_SPLINE_CURVE(2,(#7920,#7921,#7922),.UNSPECIFIED.,.F.,.F.)
B_SPLINE_CURVE_WITH_KNOTS((3,3),(3.85405162049458E-31,5.37198771301551),
 .UNSPECIFIED.)
CURVE()
GEOMETRIC_REPRESENTATION_ITEM()
RATIONAL_B_SPLINE_CURVE((1.,0.707106781186548,1.))
REPRESENTATION_ITEM('')
);
#4099=(
BOUNDED_CURVE()
B_SPLINE_CURVE(1,(#7923,#7924),.UNSPECIFIED.,.F.,.F.)
B_SPLINE_CURVE_WITH_KNOTS((2,2),(0.0799999999999988,1.52),.UNSPECIFIED.)
CURVE()
GEOMETRIC_REPRESENTATION_ITEM()
RATIONAL_B_SPLINE_CURVE((1.,1.))
REPRESENTATION_ITEM('')
);
#4100=(
BOUNDED_CURVE()
B_SPLINE_CURVE(1,(#7925,#7926),.UNSPECIFIED.,.F.,.F.)
B_SPLINE_CURVE_WITH_KNOTS((2,2),(6.66133814775094E-16,32.),
 .UNSPECIFIED.)
CURVE()
GEOMETRIC_REPRESENTATION_ITEM()
RATIONAL_B_SPLINE_CURVE((1.,1.))
REPRESENTATION_ITEM('')
);
#4101=(
BOUNDED_CURVE()
B_SPLINE_CURVE(1,(#7927,#7928),.UNSPECIFIED.,.F.,.F.)
B_SPLINE_CURVE_WITH_KNOTS((2,2),(0.0799999999999999,1.52),.UNSPECIFIED.)
CURVE()
GEOMETRIC_REPRESENTATION_ITEM()
RATIONAL_B_SPLINE_CURVE((1.,1.))
REPRESENTATION_ITEM('')
);
#4102=(
BOUNDED_CURVE()
B_SPLINE_CURVE(1,(#7929,#7930),.UNSPECIFIED.,.F.,.F.)
B_SPLINE_CURVE_WITH_KNOTS((2,2),(-3.10862446895044E-15,32.),
 .UNSPECIFIED.)
CURVE()
GEOMETRIC_REPRESENTATION_ITEM()
RATIONAL_B_SPLINE_CURVE((1.,1.))
REPRESENTATION_ITEM('')
);
#4103=(
BOUNDED_CURVE()
B_SPLINE_CURVE(2,(#7931,#7932,#7933),.UNSPECIFIED.,.F.,.F.)
B_SPLINE_CURVE_WITH_KNOTS((3,3),(3.85405162049459E-31,5.37198771301547),
 .UNSPECIFIED.)
CURVE()
GEOMETRIC_REPRESENTATION_ITEM()
RATIONAL_B_SPLINE_CURVE((1.,0.707106781186551,1.))
REPRESENTATION_ITEM('')
);
#4104=(
BOUNDED_CURVE()
B_SPLINE_CURVE(2,(#7934,#7935,#7936),.UNSPECIFIED.,.F.,.F.)
B_SPLINE_CURVE_WITH_KNOTS((3,3),(3.85405162049459E-31,5.37198771301543),
 .UNSPECIFIED.)
CURVE()
GEOMETRIC_REPRESENTATION_ITEM()
RATIONAL_B_SPLINE_CURVE((1.,0.707106781186555,1.))
REPRESENTATION_ITEM('')
);
#4105=(
BOUNDED_CURVE()
B_SPLINE_CURVE(1,(#7937,#7938),.UNSPECIFIED.,.F.,.F.)
B_SPLINE_CURVE_WITH_KNOTS((2,2),(0.08,1.52),.UNSPECIFIED.)
CURVE()
GEOMETRIC_REPRESENTATION_ITEM()
RATIONAL_B_SPLINE_CURVE((1.,1.))
REPRESENTATION_ITEM('')
);
#4106=(
BOUNDED_CURVE()
B_SPLINE_CURVE(1,(#7939,#7940),.UNSPECIFIED.,.F.,.F.)
B_SPLINE_CURVE_WITH_KNOTS((2,2),(-8.34887714518119E-15,32.),
 .UNSPECIFIED.)
CURVE()
GEOMETRIC_REPRESENTATION_ITEM()
RATIONAL_B_SPLINE_CURVE((1.,1.))
REPRESENTATION_ITEM('')
);
#4107=(
BOUNDED_CURVE()
B_SPLINE_CURVE(1,(#7941,#7942),.UNSPECIFIED.,.F.,.F.)
B_SPLINE_CURVE_WITH_KNOTS((2,2),(-2.44249065417534E-15,32.),
 .UNSPECIFIED.)
CURVE()
GEOMETRIC_REPRESENTATION_ITEM()
RATIONAL_B_SPLINE_CURVE((1.,1.))
REPRESENTATION_ITEM('')
);
#4108=(
BOUNDED_CURVE()
B_SPLINE_CURVE(2,(#7943,#7944,#7945),.UNSPECIFIED.,.F.,.F.)
B_SPLINE_CURVE_WITH_KNOTS((3,3),(0.,5.37198771301551),.UNSPECIFIED.)
CURVE()
GEOMETRIC_REPRESENTATION_ITEM()
RATIONAL_B_SPLINE_CURVE((1.,0.707106781148851,1.))
REPRESENTATION_ITEM('')
);
#4109=(
BOUNDED_CURVE()
B_SPLINE_CURVE(2,(#7946,#7947,#7948),.UNSPECIFIED.,.F.,.F.)
B_SPLINE_CURVE_WITH_KNOTS((3,3),(0.,0.125663706143624),.UNSPECIFIED.)
CURVE()
GEOMETRIC_REPRESENTATION_ITEM()
RATIONAL_B_SPLINE_CURVE((1.,0.707106781186513,1.))
REPRESENTATION_ITEM('')
);
#4110=(
BOUNDED_CURVE()
B_SPLINE_CURVE(2,(#7949,#7950,#7951),.UNSPECIFIED.,.F.,.F.)
B_SPLINE_CURVE_WITH_KNOTS((3,3),(0.,0.125663706143618),.UNSPECIFIED.)
CURVE()
GEOMETRIC_REPRESENTATION_ITEM()
RATIONAL_B_SPLINE_CURVE((1.,0.707106781186478,1.))
REPRESENTATION_ITEM('')
);
#4111=(
BOUNDED_CURVE()
B_SPLINE_CURVE(1,(#7952,#7953),.UNSPECIFIED.,.F.,.F.)
B_SPLINE_CURVE_WITH_KNOTS((2,2),(7.99360577730113E-15,32.),
 .UNSPECIFIED.)
CURVE()
GEOMETRIC_REPRESENTATION_ITEM()
RATIONAL_B_SPLINE_CURVE((1.,1.))
REPRESENTATION_ITEM('')
);
#4112=(
BOUNDED_CURVE()
B_SPLINE_CURVE(2,(#7954,#7955,#7956),.UNSPECIFIED.,.F.,.F.)
B_SPLINE_CURVE_WITH_KNOTS((3,3),(0.,0.125663706143624),.UNSPECIFIED.)
CURVE()
GEOMETRIC_REPRESENTATION_ITEM()
RATIONAL_B_SPLINE_CURVE((1.,0.707106781186513,1.))
REPRESENTATION_ITEM('')
);
#4113=(
BOUNDED_CURVE()
B_SPLINE_CURVE(2,(#7957,#7958,#7959),.UNSPECIFIED.,.F.,.F.)
B_SPLINE_CURVE_WITH_KNOTS((3,3),(0.,5.37198771301551),.UNSPECIFIED.)
CURVE()
GEOMETRIC_REPRESENTATION_ITEM()
RATIONAL_B_SPLINE_CURVE((1.,0.70710678114885,1.))
REPRESENTATION_ITEM('')
);
#4114=(
BOUNDED_CURVE()
B_SPLINE_CURVE(2,(#7960,#7961,#7962),.UNSPECIFIED.,.F.,.F.)
B_SPLINE_CURVE_WITH_KNOTS((3,3),(0.,0.125663706143618),.UNSPECIFIED.)
CURVE()
GEOMETRIC_REPRESENTATION_ITEM()
RATIONAL_B_SPLINE_CURVE((1.,0.707106781186476,1.))
REPRESENTATION_ITEM('')
);
#4115=(
BOUNDED_CURVE()
B_SPLINE_CURVE(1,(#7963,#7964),.UNSPECIFIED.,.F.,.F.)
B_SPLINE_CURVE_WITH_KNOTS((2,2),(7.99360577730113E-15,32.),
 .UNSPECIFIED.)
CURVE()
GEOMETRIC_REPRESENTATION_ITEM()
RATIONAL_B_SPLINE_CURVE((1.,1.))
REPRESENTATION_ITEM('')
);
#4116=(
BOUNDED_CURVE()
B_SPLINE_CURVE(2,(#7965,#7966,#7967),.UNSPECIFIED.,.F.,.F.)
B_SPLINE_CURVE_WITH_KNOTS((3,3),(0.,0.125663706143618),.UNSPECIFIED.)
CURVE()
GEOMETRIC_REPRESENTATION_ITEM()
RATIONAL_B_SPLINE_CURVE((1.,0.707106781186511,1.))
REPRESENTATION_ITEM('')
);
#4117=(
BOUNDED_CURVE()
B_SPLINE_CURVE(2,(#7968,#7969,#7970),.UNSPECIFIED.,.F.,.F.)
B_SPLINE_CURVE_WITH_KNOTS((3,3),(0.,5.37198771301551),.UNSPECIFIED.)
CURVE()
GEOMETRIC_REPRESENTATION_ITEM()
RATIONAL_B_SPLINE_CURVE((1.,0.707106781148852,1.))
REPRESENTATION_ITEM('')
);
#4118=(
BOUNDED_CURVE()
B_SPLINE_CURVE(2,(#7971,#7972,#7973),.UNSPECIFIED.,.F.,.F.)
B_SPLINE_CURVE_WITH_KNOTS((3,3),(0.,0.125663706143617),.UNSPECIFIED.)
CURVE()
GEOMETRIC_REPRESENTATION_ITEM()
RATIONAL_B_SPLINE_CURVE((1.,0.707106781186513,1.))
REPRESENTATION_ITEM('')
);
#4119=(
BOUNDED_CURVE()
B_SPLINE_CURVE(1,(#7974,#7975),.UNSPECIFIED.,.F.,.F.)
B_SPLINE_CURVE_WITH_KNOTS((2,2),(-5.77315972805081E-15,32.),
 .UNSPECIFIED.)
CURVE()
GEOMETRIC_REPRESENTATION_ITEM()
RATIONAL_B_SPLINE_CURVE((1.,1.))
REPRESENTATION_ITEM('')
);
#4120=(
BOUNDED_CURVE()
B_SPLINE_CURVE(2,(#7976,#7977,#7978),.UNSPECIFIED.,.F.,.F.)
B_SPLINE_CURVE_WITH_KNOTS((3,3),(0.,0.125663706143617),.UNSPECIFIED.)
CURVE()
GEOMETRIC_REPRESENTATION_ITEM()
RATIONAL_B_SPLINE_CURVE((1.,0.707106781186513,1.))
REPRESENTATION_ITEM('')
);
#4121=(
BOUNDED_CURVE()
B_SPLINE_CURVE(2,(#7979,#7980,#7981),.UNSPECIFIED.,.F.,.F.)
B_SPLINE_CURVE_WITH_KNOTS((3,3),(0.,5.37198771301552),.UNSPECIFIED.)
CURVE()
GEOMETRIC_REPRESENTATION_ITEM()
RATIONAL_B_SPLINE_CURVE((1.,0.707106781148851,1.))
REPRESENTATION_ITEM('')
);
#4122=(
BOUNDED_CURVE()
B_SPLINE_CURVE(2,(#7982,#7983,#7984),.UNSPECIFIED.,.F.,.F.)
B_SPLINE_CURVE_WITH_KNOTS((3,3),(0.,0.125663706143618),.UNSPECIFIED.)
CURVE()
GEOMETRIC_REPRESENTATION_ITEM()
RATIONAL_B_SPLINE_CURVE((1.,0.707106781186478,1.))
REPRESENTATION_ITEM('')
);
#4123=(
BOUNDED_CURVE()
B_SPLINE_CURVE(1,(#7985,#7986),.UNSPECIFIED.,.F.,.F.)
B_SPLINE_CURVE_WITH_KNOTS((2,2),(9.99200722162641E-15,32.),
 .UNSPECIFIED.)
CURVE()
GEOMETRIC_REPRESENTATION_ITEM()
RATIONAL_B_SPLINE_CURVE((1.,1.))
REPRESENTATION_ITEM('')
);
#4124=(
BOUNDED_CURVE()
B_SPLINE_CURVE(2,(#7987,#7988,#7989),.UNSPECIFIED.,.F.,.F.)
B_SPLINE_CURVE_WITH_KNOTS((3,3),(0.,0.125663707232915),.UNSPECIFIED.)
CURVE()
GEOMETRIC_REPRESENTATION_ITEM()
RATIONAL_B_SPLINE_CURVE((1.,0.707106776372371,1.))
REPRESENTATION_ITEM('')
);
#4125=(
BOUNDED_CURVE()
B_SPLINE_CURVE(2,(#7990,#7991,#7992),.UNSPECIFIED.,.F.,.F.)
B_SPLINE_CURVE_WITH_KNOTS((3,3),(0.,5.37198771301551),.UNSPECIFIED.)
CURVE()
GEOMETRIC_REPRESENTATION_ITEM()
RATIONAL_B_SPLINE_CURVE((1.,0.707106781148851,1.))
REPRESENTATION_ITEM('')
);
#4126=(
BOUNDED_CURVE()
B_SPLINE_CURVE(2,(#7993,#7994,#7995),.UNSPECIFIED.,.F.,.F.)
B_SPLINE_CURVE_WITH_KNOTS((3,3),(-0.125663707232915,0.),.UNSPECIFIED.)
CURVE()
GEOMETRIC_REPRESENTATION_ITEM()
RATIONAL_B_SPLINE_CURVE((1.,0.707106776372371,1.))
REPRESENTATION_ITEM('')
);
#4127=(
BOUNDED_CURVE()
B_SPLINE_CURVE(1,(#7996,#7997),.UNSPECIFIED.,.F.,.F.)
B_SPLINE_CURVE_WITH_KNOTS((2,2),(5.32907051820075E-15,32.),
 .UNSPECIFIED.)
CURVE()
GEOMETRIC_REPRESENTATION_ITEM()
RATIONAL_B_SPLINE_CURVE((1.,1.))
REPRESENTATION_ITEM('')
);
#4128=(
BOUNDED_CURVE()
B_SPLINE_CURVE(2,(#7998,#7999,#8000),.UNSPECIFIED.,.F.,.F.)
B_SPLINE_CURVE_WITH_KNOTS((3,3),(-0.125663707232915,0.),.UNSPECIFIED.)
CURVE()
GEOMETRIC_REPRESENTATION_ITEM()
RATIONAL_B_SPLINE_CURVE((1.,0.707106776372371,1.))
REPRESENTATION_ITEM('')
);
#4129=(
BOUNDED_CURVE()
B_SPLINE_CURVE(2,(#8001,#8002,#8003),.UNSPECIFIED.,.F.,.F.)
B_SPLINE_CURVE_WITH_KNOTS((3,3),(0.,0.125663707232915),.UNSPECIFIED.)
CURVE()
GEOMETRIC_REPRESENTATION_ITEM()
RATIONAL_B_SPLINE_CURVE((1.,0.707106776372371,1.))
REPRESENTATION_ITEM('')
);
#4130=(
BOUNDED_CURVE()
B_SPLINE_CURVE(2,(#8004,#8005,#8006),.UNSPECIFIED.,.F.,.F.)
B_SPLINE_CURVE_WITH_KNOTS((3,3),(0.,5.37198771301551),.UNSPECIFIED.)
CURVE()
GEOMETRIC_REPRESENTATION_ITEM()
RATIONAL_B_SPLINE_CURVE((1.,0.70710678114885,1.))
REPRESENTATION_ITEM('')
);
#4131=(
BOUNDED_CURVE()
B_SPLINE_CURVE(1,(#8007,#8008),.UNSPECIFIED.,.F.,.F.)
B_SPLINE_CURVE_WITH_KNOTS((2,2),(1.77635683940025E-15,32.),
 .UNSPECIFIED.)
CURVE()
GEOMETRIC_REPRESENTATION_ITEM()
RATIONAL_B_SPLINE_CURVE((1.,1.))
REPRESENTATION_ITEM('')
);
#4132=(
BOUNDED_CURVE()
B_SPLINE_CURVE(2,(#8009,#8010,#8011),.UNSPECIFIED.,.F.,.F.)
B_SPLINE_CURVE_WITH_KNOTS((3,3),(-0.125663707232898,0.),.UNSPECIFIED.)
CURVE()
GEOMETRIC_REPRESENTATION_ITEM()
RATIONAL_B_SPLINE_CURVE((1.,0.707106776372447,1.))
REPRESENTATION_ITEM('')
);
#4133=(
BOUNDED_CURVE()
B_SPLINE_CURVE(2,(#8012,#8013,#8014),.UNSPECIFIED.,.F.,.F.)
B_SPLINE_CURVE_WITH_KNOTS((3,3),(0.,0.125663707232898),.UNSPECIFIED.)
CURVE()
GEOMETRIC_REPRESENTATION_ITEM()
RATIONAL_B_SPLINE_CURVE((1.,0.707106776372447,1.))
REPRESENTATION_ITEM('')
);
#4134=(
BOUNDED_CURVE()
B_SPLINE_CURVE(2,(#8015,#8016,#8017),.UNSPECIFIED.,.F.,.F.)
B_SPLINE_CURVE_WITH_KNOTS((3,3),(0.,5.37198771301551),.UNSPECIFIED.)
CURVE()
GEOMETRIC_REPRESENTATION_ITEM()
RATIONAL_B_SPLINE_CURVE((1.,0.707106781148851,1.))
REPRESENTATION_ITEM('')
);
#4135=(
BOUNDED_CURVE()
B_SPLINE_CURVE(1,(#8018,#8019),.UNSPECIFIED.,.F.,.F.)
B_SPLINE_CURVE_WITH_KNOTS((2,2),(1.77635683940025E-15,32.),
 .UNSPECIFIED.)
CURVE()
GEOMETRIC_REPRESENTATION_ITEM()
RATIONAL_B_SPLINE_CURVE((1.,1.))
REPRESENTATION_ITEM('')
);
#4136=(
BOUNDED_CURVE()
B_SPLINE_CURVE(2,(#8020,#8021,#8022),.UNSPECIFIED.,.F.,.F.)
B_SPLINE_CURVE_WITH_KNOTS((3,3),(-0.125663707232898,0.),.UNSPECIFIED.)
CURVE()
GEOMETRIC_REPRESENTATION_ITEM()
RATIONAL_B_SPLINE_CURVE((1.,0.707106776372447,1.))
REPRESENTATION_ITEM('')
);
#4137=(
BOUNDED_CURVE()
B_SPLINE_CURVE(2,(#8023,#8024,#8025),.UNSPECIFIED.,.F.,.F.)
B_SPLINE_CURVE_WITH_KNOTS((3,3),(0.,0.125663707232898),.UNSPECIFIED.)
CURVE()
GEOMETRIC_REPRESENTATION_ITEM()
RATIONAL_B_SPLINE_CURVE((1.,0.707106776372447,1.))
REPRESENTATION_ITEM('')
);
#4138=(
BOUNDED_CURVE()
B_SPLINE_CURVE(2,(#8026,#8027,#8028),.UNSPECIFIED.,.F.,.F.)
B_SPLINE_CURVE_WITH_KNOTS((3,3),(0.,5.37198771301551),.UNSPECIFIED.)
CURVE()
GEOMETRIC_REPRESENTATION_ITEM()
RATIONAL_B_SPLINE_CURVE((1.,0.707106781148851,1.))
REPRESENTATION_ITEM('')
);
#4139=(
BOUNDED_CURVE()
B_SPLINE_CURVE(1,(#8029,#8030),.UNSPECIFIED.,.F.,.F.)
B_SPLINE_CURVE_WITH_KNOTS((2,2),(1.11022302462516E-15,32.),
 .UNSPECIFIED.)
CURVE()
GEOMETRIC_REPRESENTATION_ITEM()
RATIONAL_B_SPLINE_CURVE((1.,1.))
REPRESENTATION_ITEM('')
);
#4140=(
BOUNDED_CURVE()
B_SPLINE_CURVE(2,(#8037,#8038,#8039,#8040,#8041),.UNSPECIFIED.,.F.,.F.)
B_SPLINE_CURVE_WITH_KNOTS((3,2,3),(-12.5663706143592,-9.42477796076938,
-6.28318530717959),.UNSPECIFIED.)
CURVE()
GEOMETRIC_REPRESENTATION_ITEM()
RATIONAL_B_SPLINE_CURVE((1.,0.707106781186548,1.,0.707106781186548,1.))
REPRESENTATION_ITEM('')
);
#4141=(
BOUNDED_CURVE()
B_SPLINE_CURVE(2,(#8042,#8043,#8044,#8045,#8046),.UNSPECIFIED.,.F.,.F.)
B_SPLINE_CURVE_WITH_KNOTS((3,2,3),(-12.5663706143592,-9.42477796076938,
-6.28318530717959),.UNSPECIFIED.)
CURVE()
GEOMETRIC_REPRESENTATION_ITEM()
RATIONAL_B_SPLINE_CURVE((1.,0.707106781186548,1.,0.707106781186548,1.))
REPRESENTATION_ITEM('')
);
#4142=(
BOUNDED_CURVE()
B_SPLINE_CURVE(1,(#8047,#8048),.UNSPECIFIED.,.F.,.F.)
B_SPLINE_CURVE_WITH_KNOTS((2,2),(6.4,8.),.UNSPECIFIED.)
CURVE()
GEOMETRIC_REPRESENTATION_ITEM()
RATIONAL_B_SPLINE_CURVE((1.,1.))
REPRESENTATION_ITEM('')
);
#4143=(
BOUNDED_CURVE()
B_SPLINE_CURVE(1,(#8049,#8050),.UNSPECIFIED.,.F.,.F.)
B_SPLINE_CURVE_WITH_KNOTS((2,2),(6.4,8.),.UNSPECIFIED.)
CURVE()
GEOMETRIC_REPRESENTATION_ITEM()
RATIONAL_B_SPLINE_CURVE((1.,1.))
REPRESENTATION_ITEM('')
);
#4144=(
BOUNDED_CURVE()
B_SPLINE_CURVE(2,(#8051,#8052,#8053,#8054,#8055),.UNSPECIFIED.,.F.,.F.)
B_SPLINE_CURVE_WITH_KNOTS((3,2,3),(-6.28318530717959,-3.14159265358979,
0.),.UNSPECIFIED.)
CURVE()
GEOMETRIC_REPRESENTATION_ITEM()
RATIONAL_B_SPLINE_CURVE((1.,0.707106781186548,1.,0.707106781186548,1.))
REPRESENTATION_ITEM('')
);
#4145=(
BOUNDED_CURVE()
B_SPLINE_CURVE(2,(#8056,#8057,#8058,#8059,#8060),.UNSPECIFIED.,.F.,.F.)
B_SPLINE_CURVE_WITH_KNOTS((3,2,3),(-6.28318530717959,-3.14159265358979,
0.),.UNSPECIFIED.)
CURVE()
GEOMETRIC_REPRESENTATION_ITEM()
RATIONAL_B_SPLINE_CURVE((1.,0.707106781186548,1.,0.707106781186548,1.))
REPRESENTATION_ITEM('')
);
#4146=(
BOUNDED_CURVE()
B_SPLINE_CURVE(2,(#8067,#8068,#8069,#8070,#8071),.UNSPECIFIED.,.F.,.F.)
B_SPLINE_CURVE_WITH_KNOTS((3,2,3),(-12.5663706143592,-9.42477796076938,
-6.28318530717959),.UNSPECIFIED.)
CURVE()
GEOMETRIC_REPRESENTATION_ITEM()
RATIONAL_B_SPLINE_CURVE((1.,0.707106781186548,1.,0.707106781186548,1.))
REPRESENTATION_ITEM('')
);
#4147=(
BOUNDED_CURVE()
B_SPLINE_CURVE(2,(#8072,#8073,#8074,#8075,#8076),.UNSPECIFIED.,.F.,.F.)
B_SPLINE_CURVE_WITH_KNOTS((3,2,3),(-12.5663706143592,-9.42477796076938,
-6.28318530717959),.UNSPECIFIED.)
CURVE()
GEOMETRIC_REPRESENTATION_ITEM()
RATIONAL_B_SPLINE_CURVE((1.,0.707106781186548,1.,0.707106781186548,1.))
REPRESENTATION_ITEM('')
);
#4148=(
BOUNDED_CURVE()
B_SPLINE_CURVE(1,(#8077,#8078),.UNSPECIFIED.,.F.,.F.)
B_SPLINE_CURVE_WITH_KNOTS((2,2),(6.4,8.),.UNSPECIFIED.)
CURVE()
GEOMETRIC_REPRESENTATION_ITEM()
RATIONAL_B_SPLINE_CURVE((1.,1.))
REPRESENTATION_ITEM('')
);
#4149=(
BOUNDED_CURVE()
B_SPLINE_CURVE(1,(#8079,#8080),.UNSPECIFIED.,.F.,.F.)
B_SPLINE_CURVE_WITH_KNOTS((2,2),(6.4,8.),.UNSPECIFIED.)
CURVE()
GEOMETRIC_REPRESENTATION_ITEM()
RATIONAL_B_SPLINE_CURVE((1.,1.))
REPRESENTATION_ITEM('')
);
#4150=(
BOUNDED_CURVE()
B_SPLINE_CURVE(2,(#8081,#8082,#8083,#8084,#8085),.UNSPECIFIED.,.F.,.F.)
B_SPLINE_CURVE_WITH_KNOTS((3,2,3),(-6.28318530717959,-3.14159265358979,
0.),.UNSPECIFIED.)
CURVE()
GEOMETRIC_REPRESENTATION_ITEM()
RATIONAL_B_SPLINE_CURVE((1.,0.707106781186548,1.,0.707106781186548,1.))
REPRESENTATION_ITEM('')
);
#4151=(
BOUNDED_CURVE()
B_SPLINE_CURVE(2,(#8086,#8087,#8088,#8089,#8090),.UNSPECIFIED.,.F.,.F.)
B_SPLINE_CURVE_WITH_KNOTS((3,2,3),(-6.28318530717959,-3.14159265358979,
0.),.UNSPECIFIED.)
CURVE()
GEOMETRIC_REPRESENTATION_ITEM()
RATIONAL_B_SPLINE_CURVE((1.,0.707106781186548,1.,0.707106781186548,1.))
REPRESENTATION_ITEM('')
);
#4152=(
BOUNDED_CURVE()
B_SPLINE_CURVE(2,(#8097,#8098,#8099,#8100,#8101),.UNSPECIFIED.,.F.,.F.)
B_SPLINE_CURVE_WITH_KNOTS((3,2,3),(-12.5663706143592,-9.42477796076938,
-6.28318530717959),.UNSPECIFIED.)
CURVE()
GEOMETRIC_REPRESENTATION_ITEM()
RATIONAL_B_SPLINE_CURVE((1.,0.707106781186548,1.,0.707106781186548,1.))
REPRESENTATION_ITEM('')
);
#4153=(
BOUNDED_CURVE()
B_SPLINE_CURVE(2,(#8102,#8103,#8104,#8105,#8106),.UNSPECIFIED.,.F.,.F.)
B_SPLINE_CURVE_WITH_KNOTS((3,2,3),(-12.5663706143592,-9.42477796076938,
-6.28318530717959),.UNSPECIFIED.)
CURVE()
GEOMETRIC_REPRESENTATION_ITEM()
RATIONAL_B_SPLINE_CURVE((1.,0.707106781186548,1.,0.707106781186548,1.))
REPRESENTATION_ITEM('')
);
#4154=(
BOUNDED_CURVE()
B_SPLINE_CURVE(1,(#8107,#8108),.UNSPECIFIED.,.F.,.F.)
B_SPLINE_CURVE_WITH_KNOTS((2,2),(6.4,8.),.UNSPECIFIED.)
CURVE()
GEOMETRIC_REPRESENTATION_ITEM()
RATIONAL_B_SPLINE_CURVE((1.,1.))
REPRESENTATION_ITEM('')
);
#4155=(
BOUNDED_CURVE()
B_SPLINE_CURVE(1,(#8109,#8110),.UNSPECIFIED.,.F.,.F.)
B_SPLINE_CURVE_WITH_KNOTS((2,2),(6.4,8.),.UNSPECIFIED.)
CURVE()
GEOMETRIC_REPRESENTATION_ITEM()
RATIONAL_B_SPLINE_CURVE((1.,1.))
REPRESENTATION_ITEM('')
);
#4156=(
BOUNDED_CURVE()
B_SPLINE_CURVE(2,(#8111,#8112,#8113,#8114,#8115),.UNSPECIFIED.,.F.,.F.)
B_SPLINE_CURVE_WITH_KNOTS((3,2,3),(-6.28318530717959,-3.14159265358979,
0.),.UNSPECIFIED.)
CURVE()
GEOMETRIC_REPRESENTATION_ITEM()
RATIONAL_B_SPLINE_CURVE((1.,0.707106781186548,1.,0.707106781186548,1.))
REPRESENTATION_ITEM('')
);
#4157=(
BOUNDED_CURVE()
B_SPLINE_CURVE(2,(#8116,#8117,#8118,#8119,#8120),.UNSPECIFIED.,.F.,.F.)
B_SPLINE_CURVE_WITH_KNOTS((3,2,3),(-6.28318530717959,-3.14159265358979,
0.),.UNSPECIFIED.)
CURVE()
GEOMETRIC_REPRESENTATION_ITEM()
RATIONAL_B_SPLINE_CURVE((1.,0.707106781186548,1.,0.707106781186548,1.))
REPRESENTATION_ITEM('')
);
#4158=(
BOUNDED_CURVE()
B_SPLINE_CURVE(2,(#8127,#8128,#8129,#8130,#8131),.UNSPECIFIED.,.F.,.F.)
B_SPLINE_CURVE_WITH_KNOTS((3,2,3),(-12.5663706143592,-9.42477796076938,
-6.28318530717959),.UNSPECIFIED.)
CURVE()
GEOMETRIC_REPRESENTATION_ITEM()
RATIONAL_B_SPLINE_CURVE((1.,0.707106781186548,1.,0.707106781186548,1.))
REPRESENTATION_ITEM('')
);
#4159=(
BOUNDED_CURVE()
B_SPLINE_CURVE(2,(#8132,#8133,#8134,#8135,#8136),.UNSPECIFIED.,.F.,.F.)
B_SPLINE_CURVE_WITH_KNOTS((3,2,3),(-12.5663706143592,-9.42477796076938,
-6.28318530717959),.UNSPECIFIED.)
CURVE()
GEOMETRIC_REPRESENTATION_ITEM()
RATIONAL_B_SPLINE_CURVE((1.,0.707106781186548,1.,0.707106781186548,1.))
REPRESENTATION_ITEM('')
);
#4160=(
BOUNDED_CURVE()
B_SPLINE_CURVE(1,(#8137,#8138),.UNSPECIFIED.,.F.,.F.)
B_SPLINE_CURVE_WITH_KNOTS((2,2),(6.40000000000001,8.00000000000001),
 .UNSPECIFIED.)
CURVE()
GEOMETRIC_REPRESENTATION_ITEM()
RATIONAL_B_SPLINE_CURVE((1.,1.))
REPRESENTATION_ITEM('')
);
#4161=(
BOUNDED_CURVE()
B_SPLINE_CURVE(1,(#8139,#8140),.UNSPECIFIED.,.F.,.F.)
B_SPLINE_CURVE_WITH_KNOTS((2,2),(6.40000000000001,8.00000000000001),
 .UNSPECIFIED.)
CURVE()
GEOMETRIC_REPRESENTATION_ITEM()
RATIONAL_B_SPLINE_CURVE((1.,1.))
REPRESENTATION_ITEM('')
);
#4162=(
BOUNDED_CURVE()
B_SPLINE_CURVE(2,(#8141,#8142,#8143,#8144,#8145),.UNSPECIFIED.,.F.,.F.)
B_SPLINE_CURVE_WITH_KNOTS((3,2,3),(-6.28318530717959,-3.14159265358979,
0.),.UNSPECIFIED.)
CURVE()
GEOMETRIC_REPRESENTATION_ITEM()
RATIONAL_B_SPLINE_CURVE((1.,0.707106781186548,1.,0.707106781186548,1.))
REPRESENTATION_ITEM('')
);
#4163=(
BOUNDED_CURVE()
B_SPLINE_CURVE(2,(#8146,#8147,#8148,#8149,#8150),.UNSPECIFIED.,.F.,.F.)
B_SPLINE_CURVE_WITH_KNOTS((3,2,3),(-6.28318530717959,-3.14159265358979,
0.),.UNSPECIFIED.)
CURVE()
GEOMETRIC_REPRESENTATION_ITEM()
RATIONAL_B_SPLINE_CURVE((1.,0.707106781186548,1.,0.707106781186548,1.))
REPRESENTATION_ITEM('')
);
#4164=(
BOUNDED_CURVE()
B_SPLINE_CURVE(2,(#8157,#8158,#8159,#8160,#8161),.UNSPECIFIED.,.F.,.F.)
B_SPLINE_CURVE_WITH_KNOTS((3,2,3),(-12.5663706143592,-9.42477796076938,
-6.28318530717959),.UNSPECIFIED.)
CURVE()
GEOMETRIC_REPRESENTATION_ITEM()
RATIONAL_B_SPLINE_CURVE((1.,0.707106781186548,1.,0.707106781186548,1.))
REPRESENTATION_ITEM('')
);
#4165=(
BOUNDED_CURVE()
B_SPLINE_CURVE(2,(#8162,#8163,#8164,#8165,#8166),.UNSPECIFIED.,.F.,.F.)
B_SPLINE_CURVE_WITH_KNOTS((3,2,3),(-12.5663706143592,-9.42477796076938,
-6.28318530717959),.UNSPECIFIED.)
CURVE()
GEOMETRIC_REPRESENTATION_ITEM()
RATIONAL_B_SPLINE_CURVE((1.,0.707106781186548,1.,0.707106781186548,1.))
REPRESENTATION_ITEM('')
);
#4166=(
BOUNDED_CURVE()
B_SPLINE_CURVE(1,(#8167,#8168),.UNSPECIFIED.,.F.,.F.)
B_SPLINE_CURVE_WITH_KNOTS((2,2),(6.40000000000001,8.00000000000001),
 .UNSPECIFIED.)
CURVE()
GEOMETRIC_REPRESENTATION_ITEM()
RATIONAL_B_SPLINE_CURVE((1.,1.))
REPRESENTATION_ITEM('')
);
#4167=(
BOUNDED_CURVE()
B_SPLINE_CURVE(1,(#8169,#8170),.UNSPECIFIED.,.F.,.F.)
B_SPLINE_CURVE_WITH_KNOTS((2,2),(6.40000000000001,8.),.UNSPECIFIED.)
CURVE()
GEOMETRIC_REPRESENTATION_ITEM()
RATIONAL_B_SPLINE_CURVE((1.,1.))
REPRESENTATION_ITEM('')
);
#4168=(
BOUNDED_CURVE()
B_SPLINE_CURVE(2,(#8171,#8172,#8173,#8174,#8175),.UNSPECIFIED.,.F.,.F.)
B_SPLINE_CURVE_WITH_KNOTS((3,2,3),(-6.28318530717959,-3.14159265358979,
0.),.UNSPECIFIED.)
CURVE()
GEOMETRIC_REPRESENTATION_ITEM()
RATIONAL_B_SPLINE_CURVE((1.,0.707106781186548,1.,0.707106781186548,1.))
REPRESENTATION_ITEM('')
);
#4169=(
BOUNDED_CURVE()
B_SPLINE_CURVE(2,(#8176,#8177,#8178,#8179,#8180),.UNSPECIFIED.,.F.,.F.)
B_SPLINE_CURVE_WITH_KNOTS((3,2,3),(-6.28318530717959,-3.14159265358979,
0.),.UNSPECIFIED.)
CURVE()
GEOMETRIC_REPRESENTATION_ITEM()
RATIONAL_B_SPLINE_CURVE((1.,0.707106781186548,1.,0.707106781186548,1.))
REPRESENTATION_ITEM('')
);
#4170=(
BOUNDED_CURVE()
B_SPLINE_CURVE(2,(#8187,#8188,#8189,#8190,#8191),.UNSPECIFIED.,.F.,.F.)
B_SPLINE_CURVE_WITH_KNOTS((3,2,3),(-12.5663706143592,-9.42477796076938,
-6.28318530717959),.UNSPECIFIED.)
CURVE()
GEOMETRIC_REPRESENTATION_ITEM()
RATIONAL_B_SPLINE_CURVE((1.,0.707106781186548,1.,0.707106781186548,1.))
REPRESENTATION_ITEM('')
);
#4171=(
BOUNDED_CURVE()
B_SPLINE_CURVE(2,(#8192,#8193,#8194,#8195,#8196),.UNSPECIFIED.,.F.,.F.)
B_SPLINE_CURVE_WITH_KNOTS((3,2,3),(-12.5663706143592,-9.42477796076938,
-6.28318530717959),.UNSPECIFIED.)
CURVE()
GEOMETRIC_REPRESENTATION_ITEM()
RATIONAL_B_SPLINE_CURVE((1.,0.707106781186548,1.,0.707106781186548,1.))
REPRESENTATION_ITEM('')
);
#4172=(
BOUNDED_CURVE()
B_SPLINE_CURVE(1,(#8197,#8198),.UNSPECIFIED.,.F.,.F.)
B_SPLINE_CURVE_WITH_KNOTS((2,2),(6.40000000000001,8.00000000000001),
 .UNSPECIFIED.)
CURVE()
GEOMETRIC_REPRESENTATION_ITEM()
RATIONAL_B_SPLINE_CURVE((1.,1.))
REPRESENTATION_ITEM('')
);
#4173=(
BOUNDED_CURVE()
B_SPLINE_CURVE(1,(#8199,#8200),.UNSPECIFIED.,.F.,.F.)
B_SPLINE_CURVE_WITH_KNOTS((2,2),(6.40000000000001,8.00000000000001),
 .UNSPECIFIED.)
CURVE()
GEOMETRIC_REPRESENTATION_ITEM()
RATIONAL_B_SPLINE_CURVE((1.,1.))
REPRESENTATION_ITEM('')
);
#4174=(
BOUNDED_CURVE()
B_SPLINE_CURVE(2,(#8201,#8202,#8203,#8204,#8205),.UNSPECIFIED.,.F.,.F.)
B_SPLINE_CURVE_WITH_KNOTS((3,2,3),(-6.28318530717959,-3.14159265358979,
0.),.UNSPECIFIED.)
CURVE()
GEOMETRIC_REPRESENTATION_ITEM()
RATIONAL_B_SPLINE_CURVE((1.,0.707106781186548,1.,0.707106781186548,1.))
REPRESENTATION_ITEM('')
);
#4175=(
BOUNDED_CURVE()
B_SPLINE_CURVE(2,(#8206,#8207,#8208,#8209,#8210),.UNSPECIFIED.,.F.,.F.)
B_SPLINE_CURVE_WITH_KNOTS((3,2,3),(-6.28318530717959,-3.14159265358979,
0.),.UNSPECIFIED.)
CURVE()
GEOMETRIC_REPRESENTATION_ITEM()
RATIONAL_B_SPLINE_CURVE((1.,0.707106781186548,1.,0.707106781186548,1.))
REPRESENTATION_ITEM('')
);
#4176=(
BOUNDED_CURVE()
B_SPLINE_CURVE(2,(#8217,#8218,#8219,#8220,#8221),.UNSPECIFIED.,.F.,.F.)
B_SPLINE_CURVE_WITH_KNOTS((3,2,3),(-4.74380490692059,-3.55785368019044,
-2.37190245346029),.UNSPECIFIED.)
CURVE()
GEOMETRIC_REPRESENTATION_ITEM()
RATIONAL_B_SPLINE_CURVE((1.,0.707106781186548,1.,0.707106781186548,1.))
REPRESENTATION_ITEM('')
);
#4177=(
BOUNDED_CURVE()
B_SPLINE_CURVE(2,(#8222,#8223,#8224,#8225,#8226),.UNSPECIFIED.,.F.,.F.)
B_SPLINE_CURVE_WITH_KNOTS((3,2,3),(-4.74380490692059,-3.55785368019044,
-2.37190245346029),.UNSPECIFIED.)
CURVE()
GEOMETRIC_REPRESENTATION_ITEM()
RATIONAL_B_SPLINE_CURVE((1.,0.707106781186548,1.,0.707106781186548,1.))
REPRESENTATION_ITEM('')
);
#4178=(
BOUNDED_CURVE()
B_SPLINE_CURVE(1,(#8227,#8228),.UNSPECIFIED.,.F.,.F.)
B_SPLINE_CURVE_WITH_KNOTS((2,2),(6.80824971487422,8.40824971487422),
 .UNSPECIFIED.)
CURVE()
GEOMETRIC_REPRESENTATION_ITEM()
RATIONAL_B_SPLINE_CURVE((1.,1.))
REPRESENTATION_ITEM('')
);
#4179=(
BOUNDED_CURVE()
B_SPLINE_CURVE(1,(#8229,#8230),.UNSPECIFIED.,.F.,.F.)
B_SPLINE_CURVE_WITH_KNOTS((2,2),(6.80824971487422,8.40824971487422),
 .UNSPECIFIED.)
CURVE()
GEOMETRIC_REPRESENTATION_ITEM()
RATIONAL_B_SPLINE_CURVE((1.,1.))
REPRESENTATION_ITEM('')
);
#4180=(
BOUNDED_CURVE()
B_SPLINE_CURVE(2,(#8231,#8232,#8233,#8234,#8235),.UNSPECIFIED.,.F.,.F.)
B_SPLINE_CURVE_WITH_KNOTS((3,2,3),(-2.37190245346029,-1.18595122673015,
0.),.UNSPECIFIED.)
CURVE()
GEOMETRIC_REPRESENTATION_ITEM()
RATIONAL_B_SPLINE_CURVE((1.,0.707106781186548,1.,0.707106781186548,1.))
REPRESENTATION_ITEM('')
);
#4181=(
BOUNDED_CURVE()
B_SPLINE_CURVE(2,(#8236,#8237,#8238,#8239,#8240),.UNSPECIFIED.,.F.,.F.)
B_SPLINE_CURVE_WITH_KNOTS((3,2,3),(-2.37190245346029,-1.18595122673015,
0.),.UNSPECIFIED.)
CURVE()
GEOMETRIC_REPRESENTATION_ITEM()
RATIONAL_B_SPLINE_CURVE((1.,0.707106781186548,1.,0.707106781186548,1.))
REPRESENTATION_ITEM('')
);
#4182=(
BOUNDED_CURVE()
B_SPLINE_CURVE(2,(#8247,#8248,#8249,#8250,#8251),.UNSPECIFIED.,.F.,.F.)
B_SPLINE_CURVE_WITH_KNOTS((3,2,3),(-4.74380490692059,-3.55785368019044,
-2.37190245346029),.UNSPECIFIED.)
CURVE()
GEOMETRIC_REPRESENTATION_ITEM()
RATIONAL_B_SPLINE_CURVE((1.,0.707106781186548,1.,0.707106781186548,1.))
REPRESENTATION_ITEM('')
);
#4183=(
BOUNDED_CURVE()
B_SPLINE_CURVE(2,(#8252,#8253,#8254,#8255,#8256),.UNSPECIFIED.,.F.,.F.)
B_SPLINE_CURVE_WITH_KNOTS((3,2,3),(-4.74380490692059,-3.55785368019044,
-2.37190245346029),.UNSPECIFIED.)
CURVE()
GEOMETRIC_REPRESENTATION_ITEM()
RATIONAL_B_SPLINE_CURVE((1.,0.707106781186548,1.,0.707106781186548,1.))
REPRESENTATION_ITEM('')
);
#4184=(
BOUNDED_CURVE()
B_SPLINE_CURVE(1,(#8257,#8258),.UNSPECIFIED.,.F.,.F.)
B_SPLINE_CURVE_WITH_KNOTS((2,2),(11.8082497148742,13.4082497148742),
 .UNSPECIFIED.)
CURVE()
GEOMETRIC_REPRESENTATION_ITEM()
RATIONAL_B_SPLINE_CURVE((1.,1.))
REPRESENTATION_ITEM('')
);
#4185=(
BOUNDED_CURVE()
B_SPLINE_CURVE(1,(#8259,#8260),.UNSPECIFIED.,.F.,.F.)
B_SPLINE_CURVE_WITH_KNOTS((2,2),(11.8082497148742,13.4082497148742),
 .UNSPECIFIED.)
CURVE()
GEOMETRIC_REPRESENTATION_ITEM()
RATIONAL_B_SPLINE_CURVE((1.,1.))
REPRESENTATION_ITEM('')
);
#4186=(
BOUNDED_CURVE()
B_SPLINE_CURVE(2,(#8261,#8262,#8263,#8264,#8265),.UNSPECIFIED.,.F.,.F.)
B_SPLINE_CURVE_WITH_KNOTS((3,2,3),(-2.37190245346029,-1.18595122673015,
0.),.UNSPECIFIED.)
CURVE()
GEOMETRIC_REPRESENTATION_ITEM()
RATIONAL_B_SPLINE_CURVE((1.,0.707106781186548,1.,0.707106781186548,1.))
REPRESENTATION_ITEM('')
);
#4187=(
BOUNDED_CURVE()
B_SPLINE_CURVE(2,(#8266,#8267,#8268,#8269,#8270),.UNSPECIFIED.,.F.,.F.)
B_SPLINE_CURVE_WITH_KNOTS((3,2,3),(-2.37190245346029,-1.18595122673015,
0.),.UNSPECIFIED.)
CURVE()
GEOMETRIC_REPRESENTATION_ITEM()
RATIONAL_B_SPLINE_CURVE((1.,0.707106781186548,1.,0.707106781186548,1.))
REPRESENTATION_ITEM('')
);
#4188=(
BOUNDED_CURVE()
B_SPLINE_CURVE(2,(#8285,#8286,#8287,#8288,#8289),.UNSPECIFIED.,.F.,.F.)
B_SPLINE_CURVE_WITH_KNOTS((3,2,3),(-293.646018366026,-292.075222039231,
-290.504425712436),.UNSPECIFIED.)
CURVE()
GEOMETRIC_REPRESENTATION_ITEM()
RATIONAL_B_SPLINE_CURVE((1.,0.707106781186548,1.,0.707106781186548,1.))
REPRESENTATION_ITEM('')
);
#4189=(
BOUNDED_CURVE()
B_SPLINE_CURVE(1,(#8290,#8291),.UNSPECIFIED.,.F.,.F.)
B_SPLINE_CURVE_WITH_KNOTS((2,2),(0.,1.6),.UNSPECIFIED.)
CURVE()
GEOMETRIC_REPRESENTATION_ITEM()
RATIONAL_B_SPLINE_CURVE((1.,1.))
REPRESENTATION_ITEM('')
);
#4190=(
BOUNDED_CURVE()
B_SPLINE_CURVE(2,(#8292,#8293,#8294,#8295,#8296),.UNSPECIFIED.,.F.,.F.)
B_SPLINE_CURVE_WITH_KNOTS((3,2,3),(-293.646018366026,-292.075222039231,
-290.504425712436),.UNSPECIFIED.)
CURVE()
GEOMETRIC_REPRESENTATION_ITEM()
RATIONAL_B_SPLINE_CURVE((1.,0.707106781186548,1.,0.707106781186548,1.))
REPRESENTATION_ITEM('')
);
#4191=(
BOUNDED_CURVE()
B_SPLINE_CURVE(2,(#8297,#8298,#8299,#8300,#8301),.UNSPECIFIED.,.F.,.F.)
B_SPLINE_CURVE_WITH_KNOTS((3,2,3),(-12.5663706143592,-9.42477796076938,
-6.28318530717959),.UNSPECIFIED.)
CURVE()
GEOMETRIC_REPRESENTATION_ITEM()
RATIONAL_B_SPLINE_CURVE((1.,0.707106781186548,1.,0.707106781186548,1.))
REPRESENTATION_ITEM('')
);
#4192=(
BOUNDED_CURVE()
B_SPLINE_CURVE(2,(#8302,#8303,#8304,#8305,#8306),.UNSPECIFIED.,.F.,.F.)
B_SPLINE_CURVE_WITH_KNOTS((3,2,3),(-12.5663706143592,-9.42477796076938,
-6.28318530717959),.UNSPECIFIED.)
CURVE()
GEOMETRIC_REPRESENTATION_ITEM()
RATIONAL_B_SPLINE_CURVE((1.,0.707106781186548,1.,0.707106781186548,1.))
REPRESENTATION_ITEM('')
);
#4193=(
BOUNDED_CURVE()
B_SPLINE_CURVE(1,(#8307,#8308),.UNSPECIFIED.,.F.,.F.)
B_SPLINE_CURVE_WITH_KNOTS((2,2),(6.4,8.),.UNSPECIFIED.)
CURVE()
GEOMETRIC_REPRESENTATION_ITEM()
RATIONAL_B_SPLINE_CURVE((1.,1.))
REPRESENTATION_ITEM('')
);
#4194=(
BOUNDED_CURVE()
B_SPLINE_CURVE(1,(#8309,#8310),.UNSPECIFIED.,.F.,.F.)
B_SPLINE_CURVE_WITH_KNOTS((2,2),(0.,1.6),.UNSPECIFIED.)
CURVE()
GEOMETRIC_REPRESENTATION_ITEM()
RATIONAL_B_SPLINE_CURVE((1.,1.))
REPRESENTATION_ITEM('')
);
#4195=(
BOUNDED_CURVE()
B_SPLINE_CURVE(2,(#8311,#8312,#8313,#8314,#8315),.UNSPECIFIED.,.F.,.F.)
B_SPLINE_CURVE_WITH_KNOTS((3,2,3),(-290.504425712436,-288.933629385641,
-287.362833058846),.UNSPECIFIED.)
CURVE()
GEOMETRIC_REPRESENTATION_ITEM()
RATIONAL_B_SPLINE_CURVE((1.,0.707106781186548,1.,0.707106781186548,1.))
REPRESENTATION_ITEM('')
);
#4196=(
BOUNDED_CURVE()
B_SPLINE_CURVE(2,(#8316,#8317,#8318,#8319,#8320),.UNSPECIFIED.,.F.,.F.)
B_SPLINE_CURVE_WITH_KNOTS((3,2,3),(-290.504425712436,-288.933629385641,
-287.362833058846),.UNSPECIFIED.)
CURVE()
GEOMETRIC_REPRESENTATION_ITEM()
RATIONAL_B_SPLINE_CURVE((1.,0.707106781186548,1.,0.707106781186548,1.))
REPRESENTATION_ITEM('')
);
#4197=(
BOUNDED_CURVE()
B_SPLINE_CURVE(1,(#8321,#8322),.UNSPECIFIED.,.F.,.F.)
B_SPLINE_CURVE_WITH_KNOTS((2,2),(6.4,8.),.UNSPECIFIED.)
CURVE()
GEOMETRIC_REPRESENTATION_ITEM()
RATIONAL_B_SPLINE_CURVE((1.,1.))
REPRESENTATION_ITEM('')
);
#4198=(
BOUNDED_CURVE()
B_SPLINE_CURVE(2,(#8323,#8324,#8325,#8326,#8327),.UNSPECIFIED.,.F.,.F.)
B_SPLINE_CURVE_WITH_KNOTS((3,2,3),(-6.28318530717959,-3.14159265358979,
0.),.UNSPECIFIED.)
CURVE()
GEOMETRIC_REPRESENTATION_ITEM()
RATIONAL_B_SPLINE_CURVE((1.,0.707106781186548,1.,0.707106781186548,1.))
REPRESENTATION_ITEM('')
);
#4199=(
BOUNDED_CURVE()
B_SPLINE_CURVE(2,(#8328,#8329,#8330,#8331,#8332),.UNSPECIFIED.,.F.,.F.)
B_SPLINE_CURVE_WITH_KNOTS((3,2,3),(-6.28318530717959,-3.14159265358979,
0.),.UNSPECIFIED.)
CURVE()
GEOMETRIC_REPRESENTATION_ITEM()
RATIONAL_B_SPLINE_CURVE((1.,0.707106781186548,1.,0.707106781186548,1.))
REPRESENTATION_ITEM('')
);
#4200=(
BOUNDED_CURVE()
B_SPLINE_CURVE(2,(#8347,#8348,#8349,#8350,#8351),.UNSPECIFIED.,.F.,.F.)
B_SPLINE_CURVE_WITH_KNOTS((3,2,3),(-306.212388980385,-304.64159265359,-303.070796326795),
 .UNSPECIFIED.)
CURVE()
GEOMETRIC_REPRESENTATION_ITEM()
RATIONAL_B_SPLINE_CURVE((1.,0.707106781186548,1.,0.707106781186548,1.))
REPRESENTATION_ITEM('')
);
#4201=(
BOUNDED_CURVE()
B_SPLINE_CURVE(1,(#8352,#8353),.UNSPECIFIED.,.F.,.F.)
B_SPLINE_CURVE_WITH_KNOTS((2,2),(0.,1.6),.UNSPECIFIED.)
CURVE()
GEOMETRIC_REPRESENTATION_ITEM()
RATIONAL_B_SPLINE_CURVE((1.,1.))
REPRESENTATION_ITEM('')
);
#4202=(
BOUNDED_CURVE()
B_SPLINE_CURVE(2,(#8354,#8355,#8356,#8357,#8358),.UNSPECIFIED.,.F.,.F.)
B_SPLINE_CURVE_WITH_KNOTS((3,2,3),(-306.212388980385,-304.64159265359,-303.070796326795),
 .UNSPECIFIED.)
CURVE()
GEOMETRIC_REPRESENTATION_ITEM()
RATIONAL_B_SPLINE_CURVE((1.,0.707106781186548,1.,0.707106781186548,1.))
REPRESENTATION_ITEM('')
);
#4203=(
BOUNDED_CURVE()
B_SPLINE_CURVE(2,(#8359,#8360,#8361,#8362,#8363),.UNSPECIFIED.,.F.,.F.)
B_SPLINE_CURVE_WITH_KNOTS((3,2,3),(-12.5663706143592,-9.42477796076938,
-6.28318530717959),.UNSPECIFIED.)
CURVE()
GEOMETRIC_REPRESENTATION_ITEM()
RATIONAL_B_SPLINE_CURVE((1.,0.707106781186548,1.,0.707106781186548,1.))
REPRESENTATION_ITEM('')
);
#4204=(
BOUNDED_CURVE()
B_SPLINE_CURVE(2,(#8364,#8365,#8366,#8367,#8368),.UNSPECIFIED.,.F.,.F.)
B_SPLINE_CURVE_WITH_KNOTS((3,2,3),(-12.5663706143592,-9.42477796076938,
-6.28318530717959),.UNSPECIFIED.)
CURVE()
GEOMETRIC_REPRESENTATION_ITEM()
RATIONAL_B_SPLINE_CURVE((1.,0.707106781186548,1.,0.707106781186548,1.))
REPRESENTATION_ITEM('')
);
#4205=(
BOUNDED_CURVE()
B_SPLINE_CURVE(1,(#8369,#8370),.UNSPECIFIED.,.F.,.F.)
B_SPLINE_CURVE_WITH_KNOTS((2,2),(6.4,8.),.UNSPECIFIED.)
CURVE()
GEOMETRIC_REPRESENTATION_ITEM()
RATIONAL_B_SPLINE_CURVE((1.,1.))
REPRESENTATION_ITEM('')
);
#4206=(
BOUNDED_CURVE()
B_SPLINE_CURVE(1,(#8371,#8372),.UNSPECIFIED.,.F.,.F.)
B_SPLINE_CURVE_WITH_KNOTS((2,2),(0.,1.6),.UNSPECIFIED.)
CURVE()
GEOMETRIC_REPRESENTATION_ITEM()
RATIONAL_B_SPLINE_CURVE((1.,1.))
REPRESENTATION_ITEM('')
);
#4207=(
BOUNDED_CURVE()
B_SPLINE_CURVE(2,(#8373,#8374,#8375,#8376,#8377),.UNSPECIFIED.,.F.,.F.)
B_SPLINE_CURVE_WITH_KNOTS((3,2,3),(-303.070796326795,-301.5,-299.929203673205),
 .UNSPECIFIED.)
CURVE()
GEOMETRIC_REPRESENTATION_ITEM()
RATIONAL_B_SPLINE_CURVE((1.,0.707106781186548,1.,0.707106781186548,1.))
REPRESENTATION_ITEM('')
);
#4208=(
BOUNDED_CURVE()
B_SPLINE_CURVE(2,(#8378,#8379,#8380,#8381,#8382),.UNSPECIFIED.,.F.,.F.)
B_SPLINE_CURVE_WITH_KNOTS((3,2,3),(-303.070796326795,-301.5,-299.929203673205),
 .UNSPECIFIED.)
CURVE()
GEOMETRIC_REPRESENTATION_ITEM()
RATIONAL_B_SPLINE_CURVE((1.,0.707106781186548,1.,0.707106781186548,1.))
REPRESENTATION_ITEM('')
);
#4209=(
BOUNDED_CURVE()
B_SPLINE_CURVE(1,(#8383,#8384),.UNSPECIFIED.,.F.,.F.)
B_SPLINE_CURVE_WITH_KNOTS((2,2),(6.4,8.),.UNSPECIFIED.)
CURVE()
GEOMETRIC_REPRESENTATION_ITEM()
RATIONAL_B_SPLINE_CURVE((1.,1.))
REPRESENTATION_ITEM('')
);
#4210=(
BOUNDED_CURVE()
B_SPLINE_CURVE(2,(#8385,#8386,#8387,#8388,#8389),.UNSPECIFIED.,.F.,.F.)
B_SPLINE_CURVE_WITH_KNOTS((3,2,3),(-6.28318530717959,-3.14159265358979,
0.),.UNSPECIFIED.)
CURVE()
GEOMETRIC_REPRESENTATION_ITEM()
RATIONAL_B_SPLINE_CURVE((1.,0.707106781186548,1.,0.707106781186548,1.))
REPRESENTATION_ITEM('')
);
#4211=(
BOUNDED_CURVE()
B_SPLINE_CURVE(2,(#8390,#8391,#8392,#8393,#8394),.UNSPECIFIED.,.F.,.F.)
B_SPLINE_CURVE_WITH_KNOTS((3,2,3),(-6.28318530717959,-3.14159265358979,
0.),.UNSPECIFIED.)
CURVE()
GEOMETRIC_REPRESENTATION_ITEM()
RATIONAL_B_SPLINE_CURVE((1.,0.707106781186548,1.,0.707106781186548,1.))
REPRESENTATION_ITEM('')
);
#4212=(
BOUNDED_CURVE()
B_SPLINE_CURVE(2,(#8409,#8410,#8411,#8412,#8413),.UNSPECIFIED.,.F.,.F.)
B_SPLINE_CURVE_WITH_KNOTS((3,2,3),(-6.28318530717959,-4.71238898038469,
-3.14159265358979),.UNSPECIFIED.)
CURVE()
GEOMETRIC_REPRESENTATION_ITEM()
RATIONAL_B_SPLINE_CURVE((1.,0.707106781186548,1.,0.707106781186548,1.))
REPRESENTATION_ITEM('')
);
#4213=(
BOUNDED_CURVE()
B_SPLINE_CURVE(2,(#8414,#8415,#8416,#8417,#8418),.UNSPECIFIED.,.F.,.F.)
B_SPLINE_CURVE_WITH_KNOTS((3,2,3),(-6.28318530717959,-4.71238898038469,
-3.14159265358979),.UNSPECIFIED.)
CURVE()
GEOMETRIC_REPRESENTATION_ITEM()
RATIONAL_B_SPLINE_CURVE((1.,0.707106781186548,1.,0.707106781186548,1.))
REPRESENTATION_ITEM('')
);
#4214=(
BOUNDED_CURVE()
B_SPLINE_CURVE(1,(#8419,#8420),.UNSPECIFIED.,.F.,.F.)
B_SPLINE_CURVE_WITH_KNOTS((2,2),(4.,5.6),.UNSPECIFIED.)
CURVE()
GEOMETRIC_REPRESENTATION_ITEM()
RATIONAL_B_SPLINE_CURVE((1.,1.))
REPRESENTATION_ITEM('')
);
#4215=(
BOUNDED_CURVE()
B_SPLINE_CURVE(2,(#8421,#8422,#8423,#8424,#8425),.UNSPECIFIED.,.F.,.F.)
B_SPLINE_CURVE_WITH_KNOTS((3,2,3),(-12.5663706143592,-9.42477796076938,
-6.28318530717959),.UNSPECIFIED.)
CURVE()
GEOMETRIC_REPRESENTATION_ITEM()
RATIONAL_B_SPLINE_CURVE((1.,0.707106781186548,1.,0.707106781186548,1.))
REPRESENTATION_ITEM('')
);
#4216=(
BOUNDED_CURVE()
B_SPLINE_CURVE(2,(#8426,#8427,#8428,#8429,#8430),.UNSPECIFIED.,.F.,.F.)
B_SPLINE_CURVE_WITH_KNOTS((3,2,3),(-12.5663706143592,-9.42477796076938,
-6.28318530717959),.UNSPECIFIED.)
CURVE()
GEOMETRIC_REPRESENTATION_ITEM()
RATIONAL_B_SPLINE_CURVE((1.,0.707106781186548,1.,0.707106781186548,1.))
REPRESENTATION_ITEM('')
);
#4217=(
BOUNDED_CURVE()
B_SPLINE_CURVE(1,(#8431,#8432),.UNSPECIFIED.,.F.,.F.)
B_SPLINE_CURVE_WITH_KNOTS((2,2),(6.4,8.),.UNSPECIFIED.)
CURVE()
GEOMETRIC_REPRESENTATION_ITEM()
RATIONAL_B_SPLINE_CURVE((1.,1.))
REPRESENTATION_ITEM('')
);
#4218=(
BOUNDED_CURVE()
B_SPLINE_CURVE(1,(#8433,#8434),.UNSPECIFIED.,.F.,.F.)
B_SPLINE_CURVE_WITH_KNOTS((2,2),(4.,5.6),.UNSPECIFIED.)
CURVE()
GEOMETRIC_REPRESENTATION_ITEM()
RATIONAL_B_SPLINE_CURVE((1.,1.))
REPRESENTATION_ITEM('')
);
#4219=(
BOUNDED_CURVE()
B_SPLINE_CURVE(2,(#8435,#8436,#8437,#8438,#8439),.UNSPECIFIED.,.F.,.F.)
B_SPLINE_CURVE_WITH_KNOTS((3,2,3),(-3.14159265358979,-1.5707963267949,0.),
 .UNSPECIFIED.)
CURVE()
GEOMETRIC_REPRESENTATION_ITEM()
RATIONAL_B_SPLINE_CURVE((1.,0.707106781186548,1.,0.707106781186548,1.))
REPRESENTATION_ITEM('')
);
#4220=(
BOUNDED_CURVE()
B_SPLINE_CURVE(2,(#8440,#8441,#8442,#8443,#8444),.UNSPECIFIED.,.F.,.F.)
B_SPLINE_CURVE_WITH_KNOTS((3,2,3),(-3.14159265358979,-1.5707963267949,0.),
 .UNSPECIFIED.)
CURVE()
GEOMETRIC_REPRESENTATION_ITEM()
RATIONAL_B_SPLINE_CURVE((1.,0.707106781186548,1.,0.707106781186548,1.))
REPRESENTATION_ITEM('')
);
#4221=(
BOUNDED_CURVE()
B_SPLINE_CURVE(1,(#8445,#8446),.UNSPECIFIED.,.F.,.F.)
B_SPLINE_CURVE_WITH_KNOTS((2,2),(6.4,8.),.UNSPECIFIED.)
CURVE()
GEOMETRIC_REPRESENTATION_ITEM()
RATIONAL_B_SPLINE_CURVE((1.,1.))
REPRESENTATION_ITEM('')
);
#4222=(
BOUNDED_CURVE()
B_SPLINE_CURVE(2,(#8447,#8448,#8449,#8450,#8451),.UNSPECIFIED.,.F.,.F.)
B_SPLINE_CURVE_WITH_KNOTS((3,2,3),(-6.28318530717959,-3.14159265358979,
0.),.UNSPECIFIED.)
CURVE()
GEOMETRIC_REPRESENTATION_ITEM()
RATIONAL_B_SPLINE_CURVE((1.,0.707106781186548,1.,0.707106781186548,1.))
REPRESENTATION_ITEM('')
);
#4223=(
BOUNDED_CURVE()
B_SPLINE_CURVE(2,(#8452,#8453,#8454,#8455,#8456),.UNSPECIFIED.,.F.,.F.)
B_SPLINE_CURVE_WITH_KNOTS((3,2,3),(-6.28318530717959,-3.14159265358979,
0.),.UNSPECIFIED.)
CURVE()
GEOMETRIC_REPRESENTATION_ITEM()
RATIONAL_B_SPLINE_CURVE((1.,0.707106781186548,1.,0.707106781186548,1.))
REPRESENTATION_ITEM('')
);
#4224=(
BOUNDED_CURVE()
B_SPLINE_CURVE(2,(#8471,#8472,#8473,#8474,#8475),.UNSPECIFIED.,.F.,.F.)
B_SPLINE_CURVE_WITH_KNOTS((3,2,3),(-299.929203673205,-298.35840734641,-296.787611019615),
 .UNSPECIFIED.)
CURVE()
GEOMETRIC_REPRESENTATION_ITEM()
RATIONAL_B_SPLINE_CURVE((1.,0.707106781186548,1.,0.707106781186548,1.))
REPRESENTATION_ITEM('')
);
#4225=(
BOUNDED_CURVE()
B_SPLINE_CURVE(1,(#8476,#8477),.UNSPECIFIED.,.F.,.F.)
B_SPLINE_CURVE_WITH_KNOTS((2,2),(0.,1.6),.UNSPECIFIED.)
CURVE()
GEOMETRIC_REPRESENTATION_ITEM()
RATIONAL_B_SPLINE_CURVE((1.,1.))
REPRESENTATION_ITEM('')
);
#4226=(
BOUNDED_CURVE()
B_SPLINE_CURVE(2,(#8478,#8479,#8480,#8481,#8482),.UNSPECIFIED.,.F.,.F.)
B_SPLINE_CURVE_WITH_KNOTS((3,2,3),(-299.929203673205,-298.35840734641,-296.787611019615),
 .UNSPECIFIED.)
CURVE()
GEOMETRIC_REPRESENTATION_ITEM()
RATIONAL_B_SPLINE_CURVE((1.,0.707106781186548,1.,0.707106781186548,1.))
REPRESENTATION_ITEM('')
);
#4227=(
BOUNDED_CURVE()
B_SPLINE_CURVE(2,(#8483,#8484,#8485,#8486,#8487),.UNSPECIFIED.,.F.,.F.)
B_SPLINE_CURVE_WITH_KNOTS((3,2,3),(-12.5663706143592,-9.42477796076938,
-6.28318530717959),.UNSPECIFIED.)
CURVE()
GEOMETRIC_REPRESENTATION_ITEM()
RATIONAL_B_SPLINE_CURVE((1.,0.707106781186548,1.,0.707106781186548,1.))
REPRESENTATION_ITEM('')
);
#4228=(
BOUNDED_CURVE()
B_SPLINE_CURVE(2,(#8488,#8489,#8490,#8491,#8492),.UNSPECIFIED.,.F.,.F.)
B_SPLINE_CURVE_WITH_KNOTS((3,2,3),(-12.5663706143592,-9.42477796076938,
-6.28318530717959),.UNSPECIFIED.)
CURVE()
GEOMETRIC_REPRESENTATION_ITEM()
RATIONAL_B_SPLINE_CURVE((1.,0.707106781186548,1.,0.707106781186548,1.))
REPRESENTATION_ITEM('')
);
#4229=(
BOUNDED_CURVE()
B_SPLINE_CURVE(1,(#8493,#8494),.UNSPECIFIED.,.F.,.F.)
B_SPLINE_CURVE_WITH_KNOTS((2,2),(6.40000000000001,8.00000000000001),
 .UNSPECIFIED.)
CURVE()
GEOMETRIC_REPRESENTATION_ITEM()
RATIONAL_B_SPLINE_CURVE((1.,1.))
REPRESENTATION_ITEM('')
);
#4230=(
BOUNDED_CURVE()
B_SPLINE_CURVE(1,(#8495,#8496),.UNSPECIFIED.,.F.,.F.)
B_SPLINE_CURVE_WITH_KNOTS((2,2),(0.,1.6),.UNSPECIFIED.)
CURVE()
GEOMETRIC_REPRESENTATION_ITEM()
RATIONAL_B_SPLINE_CURVE((1.,1.))
REPRESENTATION_ITEM('')
);
#4231=(
BOUNDED_CURVE()
B_SPLINE_CURVE(2,(#8497,#8498,#8499,#8500,#8501),.UNSPECIFIED.,.F.,.F.)
B_SPLINE_CURVE_WITH_KNOTS((3,2,3),(-296.787611019615,-295.21681469282,-293.646018366026),
 .UNSPECIFIED.)
CURVE()
GEOMETRIC_REPRESENTATION_ITEM()
RATIONAL_B_SPLINE_CURVE((1.,0.707106781186548,1.,0.707106781186548,1.))
REPRESENTATION_ITEM('')
);
#4232=(
BOUNDED_CURVE()
B_SPLINE_CURVE(2,(#8502,#8503,#8504,#8505,#8506),.UNSPECIFIED.,.F.,.F.)
B_SPLINE_CURVE_WITH_KNOTS((3,2,3),(-296.787611019615,-295.21681469282,-293.646018366026),
 .UNSPECIFIED.)
CURVE()
GEOMETRIC_REPRESENTATION_ITEM()
RATIONAL_B_SPLINE_CURVE((1.,0.707106781186548,1.,0.707106781186548,1.))
REPRESENTATION_ITEM('')
);
#4233=(
BOUNDED_CURVE()
B_SPLINE_CURVE(1,(#8507,#8508),.UNSPECIFIED.,.F.,.F.)
B_SPLINE_CURVE_WITH_KNOTS((2,2),(6.40000000000001,8.00000000000001),
 .UNSPECIFIED.)
CURVE()
GEOMETRIC_REPRESENTATION_ITEM()
RATIONAL_B_SPLINE_CURVE((1.,1.))
REPRESENTATION_ITEM('')
);
#4234=(
BOUNDED_CURVE()
B_SPLINE_CURVE(2,(#8509,#8510,#8511,#8512,#8513),.UNSPECIFIED.,.F.,.F.)
B_SPLINE_CURVE_WITH_KNOTS((3,2,3),(-6.28318530717959,-3.14159265358979,
0.),.UNSPECIFIED.)
CURVE()
GEOMETRIC_REPRESENTATION_ITEM()
RATIONAL_B_SPLINE_CURVE((1.,0.707106781186548,1.,0.707106781186548,1.))
REPRESENTATION_ITEM('')
);
#4235=(
BOUNDED_CURVE()
B_SPLINE_CURVE(2,(#8514,#8515,#8516,#8517,#8518),.UNSPECIFIED.,.F.,.F.)
B_SPLINE_CURVE_WITH_KNOTS((3,2,3),(-6.28318530717959,-3.14159265358979,
0.),.UNSPECIFIED.)
CURVE()
GEOMETRIC_REPRESENTATION_ITEM()
RATIONAL_B_SPLINE_CURVE((1.,0.707106781186548,1.,0.707106781186548,1.))
REPRESENTATION_ITEM('')
);
#4236=(
BOUNDED_CURVE()
B_SPLINE_CURVE(2,(#8533,#8534,#8535,#8536,#8537),.UNSPECIFIED.,.F.,.F.)
B_SPLINE_CURVE_WITH_KNOTS((3,2,3),(0.,1.5707963267949,3.14159265358979),
 .UNSPECIFIED.)
CURVE()
GEOMETRIC_REPRESENTATION_ITEM()
RATIONAL_B_SPLINE_CURVE((1.,0.707106781186548,1.,0.707106781186548,1.))
REPRESENTATION_ITEM('')
);
#4237=(
BOUNDED_CURVE()
B_SPLINE_CURVE(2,(#8538,#8539,#8540,#8541,#8542),.UNSPECIFIED.,.F.,.F.)
B_SPLINE_CURVE_WITH_KNOTS((3,2,3),(0.,1.5707963267949,3.14159265358979),
 .UNSPECIFIED.)
CURVE()
GEOMETRIC_REPRESENTATION_ITEM()
RATIONAL_B_SPLINE_CURVE((1.,0.707106781186548,1.,0.707106781186548,1.))
REPRESENTATION_ITEM('')
);
#4238=(
BOUNDED_CURVE()
B_SPLINE_CURVE(1,(#8543,#8544),.UNSPECIFIED.,.F.,.F.)
B_SPLINE_CURVE_WITH_KNOTS((2,2),(4.,5.6),.UNSPECIFIED.)
CURVE()
GEOMETRIC_REPRESENTATION_ITEM()
RATIONAL_B_SPLINE_CURVE((1.,1.))
REPRESENTATION_ITEM('')
);
#4239=(
BOUNDED_CURVE()
B_SPLINE_CURVE(2,(#8545,#8546,#8547,#8548,#8549),.UNSPECIFIED.,.F.,.F.)
B_SPLINE_CURVE_WITH_KNOTS((3,2,3),(-12.5663706143592,-9.42477796076938,
-6.28318530717959),.UNSPECIFIED.)
CURVE()
GEOMETRIC_REPRESENTATION_ITEM()
RATIONAL_B_SPLINE_CURVE((1.,0.707106781186548,1.,0.707106781186548,1.))
REPRESENTATION_ITEM('')
);
#4240=(
BOUNDED_CURVE()
B_SPLINE_CURVE(2,(#8550,#8551,#8552,#8553,#8554),.UNSPECIFIED.,.F.,.F.)
B_SPLINE_CURVE_WITH_KNOTS((3,2,3),(-12.5663706143592,-9.42477796076938,
-6.28318530717959),.UNSPECIFIED.)
CURVE()
GEOMETRIC_REPRESENTATION_ITEM()
RATIONAL_B_SPLINE_CURVE((1.,0.707106781186548,1.,0.707106781186548,1.))
REPRESENTATION_ITEM('')
);
#4241=(
BOUNDED_CURVE()
B_SPLINE_CURVE(1,(#8555,#8556),.UNSPECIFIED.,.F.,.F.)
B_SPLINE_CURVE_WITH_KNOTS((2,2),(6.40000000000001,8.00000000000001),
 .UNSPECIFIED.)
CURVE()
GEOMETRIC_REPRESENTATION_ITEM()
RATIONAL_B_SPLINE_CURVE((1.,1.))
REPRESENTATION_ITEM('')
);
#4242=(
BOUNDED_CURVE()
B_SPLINE_CURVE(1,(#8557,#8558),.UNSPECIFIED.,.F.,.F.)
B_SPLINE_CURVE_WITH_KNOTS((2,2),(4.,5.6),.UNSPECIFIED.)
CURVE()
GEOMETRIC_REPRESENTATION_ITEM()
RATIONAL_B_SPLINE_CURVE((1.,1.))
REPRESENTATION_ITEM('')
);
#4243=(
BOUNDED_CURVE()
B_SPLINE_CURVE(2,(#8559,#8560,#8561,#8562,#8563),.UNSPECIFIED.,.F.,.F.)
B_SPLINE_CURVE_WITH_KNOTS((3,2,3),(3.14159265358979,4.71238898038469,6.28318530717959),
 .UNSPECIFIED.)
CURVE()
GEOMETRIC_REPRESENTATION_ITEM()
RATIONAL_B_SPLINE_CURVE((1.,0.707106781186548,1.,0.707106781186548,1.))
REPRESENTATION_ITEM('')
);
#4244=(
BOUNDED_CURVE()
B_SPLINE_CURVE(2,(#8564,#8565,#8566,#8567,#8568),.UNSPECIFIED.,.F.,.F.)
B_SPLINE_CURVE_WITH_KNOTS((3,2,3),(3.14159265358979,4.71238898038469,6.28318530717959),
 .UNSPECIFIED.)
CURVE()
GEOMETRIC_REPRESENTATION_ITEM()
RATIONAL_B_SPLINE_CURVE((1.,0.707106781186548,1.,0.707106781186548,1.))
REPRESENTATION_ITEM('')
);
#4245=(
BOUNDED_CURVE()
B_SPLINE_CURVE(1,(#8569,#8570),.UNSPECIFIED.,.F.,.F.)
B_SPLINE_CURVE_WITH_KNOTS((2,2),(6.40000000000001,8.),.UNSPECIFIED.)
CURVE()
GEOMETRIC_REPRESENTATION_ITEM()
RATIONAL_B_SPLINE_CURVE((1.,1.))
REPRESENTATION_ITEM('')
);
#4246=(
BOUNDED_CURVE()
B_SPLINE_CURVE(2,(#8571,#8572,#8573,#8574,#8575),.UNSPECIFIED.,.F.,.F.)
B_SPLINE_CURVE_WITH_KNOTS((3,2,3),(-6.28318530717959,-3.14159265358979,
0.),.UNSPECIFIED.)
CURVE()
GEOMETRIC_REPRESENTATION_ITEM()
RATIONAL_B_SPLINE_CURVE((1.,0.707106781186548,1.,0.707106781186548,1.))
REPRESENTATION_ITEM('')
);
#4247=(
BOUNDED_CURVE()
B_SPLINE_CURVE(2,(#8576,#8577,#8578,#8579,#8580),.UNSPECIFIED.,.F.,.F.)
B_SPLINE_CURVE_WITH_KNOTS((3,2,3),(-6.28318530717959,-3.14159265358979,
0.),.UNSPECIFIED.)
CURVE()
GEOMETRIC_REPRESENTATION_ITEM()
RATIONAL_B_SPLINE_CURVE((1.,0.707106781186548,1.,0.707106781186548,1.))
REPRESENTATION_ITEM('')
);
#4248=(
BOUNDED_CURVE()
B_SPLINE_CURVE(2,(#8595,#8596,#8597,#8598,#8599),.UNSPECIFIED.,.F.,.F.)
B_SPLINE_CURVE_WITH_KNOTS((3,2,3),(-312.495574287564,-310.924777960769,
-309.353981633975),.UNSPECIFIED.)
CURVE()
GEOMETRIC_REPRESENTATION_ITEM()
RATIONAL_B_SPLINE_CURVE((1.,0.707106781186548,1.,0.707106781186548,1.))
REPRESENTATION_ITEM('')
);
#4249=(
BOUNDED_CURVE()
B_SPLINE_CURVE(1,(#8600,#8601),.UNSPECIFIED.,.F.,.F.)
B_SPLINE_CURVE_WITH_KNOTS((2,2),(0.,1.6),.UNSPECIFIED.)
CURVE()
GEOMETRIC_REPRESENTATION_ITEM()
RATIONAL_B_SPLINE_CURVE((1.,1.))
REPRESENTATION_ITEM('')
);
#4250=(
BOUNDED_CURVE()
B_SPLINE_CURVE(2,(#8602,#8603,#8604,#8605,#8606),.UNSPECIFIED.,.F.,.F.)
B_SPLINE_CURVE_WITH_KNOTS((3,2,3),(-312.495574287564,-310.924777960769,
-309.353981633975),.UNSPECIFIED.)
CURVE()
GEOMETRIC_REPRESENTATION_ITEM()
RATIONAL_B_SPLINE_CURVE((1.,0.707106781186548,1.,0.707106781186548,1.))
REPRESENTATION_ITEM('')
);
#4251=(
BOUNDED_CURVE()
B_SPLINE_CURVE(2,(#8607,#8608,#8609,#8610,#8611),.UNSPECIFIED.,.F.,.F.)
B_SPLINE_CURVE_WITH_KNOTS((3,2,3),(-12.5663706143592,-9.42477796076938,
-6.28318530717959),.UNSPECIFIED.)
CURVE()
GEOMETRIC_REPRESENTATION_ITEM()
RATIONAL_B_SPLINE_CURVE((1.,0.707106781186548,1.,0.707106781186548,1.))
REPRESENTATION_ITEM('')
);
#4252=(
BOUNDED_CURVE()
B_SPLINE_CURVE(2,(#8612,#8613,#8614,#8615,#8616),.UNSPECIFIED.,.F.,.F.)
B_SPLINE_CURVE_WITH_KNOTS((3,2,3),(-12.5663706143592,-9.42477796076938,
-6.28318530717959),.UNSPECIFIED.)
CURVE()
GEOMETRIC_REPRESENTATION_ITEM()
RATIONAL_B_SPLINE_CURVE((1.,0.707106781186548,1.,0.707106781186548,1.))
REPRESENTATION_ITEM('')
);
#4253=(
BOUNDED_CURVE()
B_SPLINE_CURVE(1,(#8617,#8618),.UNSPECIFIED.,.F.,.F.)
B_SPLINE_CURVE_WITH_KNOTS((2,2),(6.40000000000001,8.00000000000001),
 .UNSPECIFIED.)
CURVE()
GEOMETRIC_REPRESENTATION_ITEM()
RATIONAL_B_SPLINE_CURVE((1.,1.))
REPRESENTATION_ITEM('')
);
#4254=(
BOUNDED_CURVE()
B_SPLINE_CURVE(1,(#8619,#8620),.UNSPECIFIED.,.F.,.F.)
B_SPLINE_CURVE_WITH_KNOTS((2,2),(0.,1.6),.UNSPECIFIED.)
CURVE()
GEOMETRIC_REPRESENTATION_ITEM()
RATIONAL_B_SPLINE_CURVE((1.,1.))
REPRESENTATION_ITEM('')
);
#4255=(
BOUNDED_CURVE()
B_SPLINE_CURVE(2,(#8621,#8622,#8623,#8624,#8625),.UNSPECIFIED.,.F.,.F.)
B_SPLINE_CURVE_WITH_KNOTS((3,2,3),(-309.353981633975,-307.78318530718,-306.212388980385),
 .UNSPECIFIED.)
CURVE()
GEOMETRIC_REPRESENTATION_ITEM()
RATIONAL_B_SPLINE_CURVE((1.,0.707106781186548,1.,0.707106781186548,1.))
REPRESENTATION_ITEM('')
);
#4256=(
BOUNDED_CURVE()
B_SPLINE_CURVE(2,(#8626,#8627,#8628,#8629,#8630),.UNSPECIFIED.,.F.,.F.)
B_SPLINE_CURVE_WITH_KNOTS((3,2,3),(-309.353981633975,-307.78318530718,-306.212388980385),
 .UNSPECIFIED.)
CURVE()
GEOMETRIC_REPRESENTATION_ITEM()
RATIONAL_B_SPLINE_CURVE((1.,0.707106781186548,1.,0.707106781186548,1.))
REPRESENTATION_ITEM('')
);
#4257=(
BOUNDED_CURVE()
B_SPLINE_CURVE(1,(#8631,#8632),.UNSPECIFIED.,.F.,.F.)
B_SPLINE_CURVE_WITH_KNOTS((2,2),(6.40000000000001,8.00000000000001),
 .UNSPECIFIED.)
CURVE()
GEOMETRIC_REPRESENTATION_ITEM()
RATIONAL_B_SPLINE_CURVE((1.,1.))
REPRESENTATION_ITEM('')
);
#4258=(
BOUNDED_CURVE()
B_SPLINE_CURVE(2,(#8633,#8634,#8635,#8636,#8637),.UNSPECIFIED.,.F.,.F.)
B_SPLINE_CURVE_WITH_KNOTS((3,2,3),(-6.28318530717959,-3.14159265358979,
0.),.UNSPECIFIED.)
CURVE()
GEOMETRIC_REPRESENTATION_ITEM()
RATIONAL_B_SPLINE_CURVE((1.,0.707106781186548,1.,0.707106781186548,1.))
REPRESENTATION_ITEM('')
);
#4259=(
BOUNDED_CURVE()
B_SPLINE_CURVE(2,(#8638,#8639,#8640,#8641,#8642),.UNSPECIFIED.,.F.,.F.)
B_SPLINE_CURVE_WITH_KNOTS((3,2,3),(-6.28318530717959,-3.14159265358979,
0.),.UNSPECIFIED.)
CURVE()
GEOMETRIC_REPRESENTATION_ITEM()
RATIONAL_B_SPLINE_CURVE((1.,0.707106781186548,1.,0.707106781186548,1.))
REPRESENTATION_ITEM('')
);
#4260=(
BOUNDED_CURVE()
B_SPLINE_CURVE(2,(#8660,#8661,#8662,#8663,#8664,#8665,#8666,#8667,#8668),
 .UNSPECIFIED.,.T.,.F.)
B_SPLINE_CURVE_WITH_KNOTS((3,2,2,2,3),(-4.74380490692059,-3.55785368019044,
-2.37190245346029,-1.18595122673015,0.),.UNSPECIFIED.)
CURVE()
GEOMETRIC_REPRESENTATION_ITEM()
RATIONAL_B_SPLINE_CURVE((1.,0.707106781186548,1.,0.707106781186548,1.,0.707106781186548,
1.,0.707106781186548,1.))
REPRESENTATION_ITEM('')
);
#4261=(
BOUNDED_CURVE()
B_SPLINE_CURVE(2,(#8669,#8670,#8671,#8672,#8673,#8674,#8675,#8676,#8677),
 .UNSPECIFIED.,.T.,.F.)
B_SPLINE_CURVE_WITH_KNOTS((3,2,2,2,3),(-4.74380490692059,-3.55785368019044,
-2.37190245346029,-1.18595122673015,0.),.UNSPECIFIED.)
CURVE()
GEOMETRIC_REPRESENTATION_ITEM()
RATIONAL_B_SPLINE_CURVE((1.,0.707106781186548,1.,0.707106781186548,1.,0.707106781186548,
1.,0.707106781186548,1.))
REPRESENTATION_ITEM('')
);
#4262=(
BOUNDED_CURVE()
B_SPLINE_CURVE(2,(#8678,#8679,#8680,#8681,#8682,#8683,#8684,#8685,#8686),
 .UNSPECIFIED.,.T.,.F.)
B_SPLINE_CURVE_WITH_KNOTS((3,2,2,2,3),(-12.5663706143592,-9.42477796076938,
-6.28318530717959,-3.14159265358979,0.),.UNSPECIFIED.)
CURVE()
GEOMETRIC_REPRESENTATION_ITEM()
RATIONAL_B_SPLINE_CURVE((1.,0.707106781186548,1.,0.707106781186548,1.,0.707106781186548,
1.,0.707106781186548,1.))
REPRESENTATION_ITEM('')
);
#4263=(
BOUNDED_CURVE()
B_SPLINE_CURVE(2,(#8687,#8688,#8689,#8690,#8691,#8692,#8693,#8694,#8695),
 .UNSPECIFIED.,.T.,.F.)
B_SPLINE_CURVE_WITH_KNOTS((3,2,2,2,3),(-12.5663706143592,-9.42477796076938,
-6.28318530717959,-3.14159265358979,0.),.UNSPECIFIED.)
CURVE()
GEOMETRIC_REPRESENTATION_ITEM()
RATIONAL_B_SPLINE_CURVE((1.,0.707106781186548,1.,0.707106781186548,1.,0.707106781186548,
1.,0.707106781186548,1.))
REPRESENTATION_ITEM('')
);
#4264=(
BOUNDED_CURVE()
B_SPLINE_CURVE(2,(#8696,#8697,#8698,#8699,#8700,#8701,#8702,#8703,#8704),
 .UNSPECIFIED.,.T.,.F.)
B_SPLINE_CURVE_WITH_KNOTS((3,2,2,2,3),(-12.5663706143592,-9.42477796076938,
-6.28318530717959,-3.14159265358979,0.),.UNSPECIFIED.)
CURVE()
GEOMETRIC_REPRESENTATION_ITEM()
RATIONAL_B_SPLINE_CURVE((1.,0.707106781186548,1.,0.707106781186548,1.,0.707106781186548,
1.,0.707106781186548,1.))
REPRESENTATION_ITEM('')
);
#4265=(
BOUNDED_CURVE()
B_SPLINE_CURVE(2,(#8705,#8706,#8707,#8708,#8709,#8710,#8711,#8712,#8713),
 .UNSPECIFIED.,.T.,.F.)
B_SPLINE_CURVE_WITH_KNOTS((3,2,2,2,3),(-12.5663706143592,-9.42477796076938,
-6.28318530717959,-3.14159265358979,0.),.UNSPECIFIED.)
CURVE()
GEOMETRIC_REPRESENTATION_ITEM()
RATIONAL_B_SPLINE_CURVE((1.,0.707106781186548,1.,0.707106781186548,1.,0.707106781186548,
1.,0.707106781186548,1.))
REPRESENTATION_ITEM('')
);
#4266=(
BOUNDED_CURVE()
B_SPLINE_CURVE(2,(#8714,#8715,#8716,#8717,#8718,#8719,#8720,#8721,#8722),
 .UNSPECIFIED.,.T.,.F.)
B_SPLINE_CURVE_WITH_KNOTS((3,2,2,2,3),(-12.5663706143592,-9.42477796076938,
-6.28318530717959,-3.14159265358979,0.),.UNSPECIFIED.)
CURVE()
GEOMETRIC_REPRESENTATION_ITEM()
RATIONAL_B_SPLINE_CURVE((1.,0.707106781186548,1.,0.707106781186548,1.,0.707106781186548,
1.,0.707106781186548,1.))
REPRESENTATION_ITEM('')
);
#4267=(
BOUNDED_CURVE()
B_SPLINE_CURVE(2,(#8723,#8724,#8725,#8726,#8727,#8728,#8729,#8730,#8731),
 .UNSPECIFIED.,.T.,.F.)
B_SPLINE_CURVE_WITH_KNOTS((3,2,2,2,3),(-12.5663706143592,-9.42477796076938,
-6.28318530717959,-3.14159265358979,0.),.UNSPECIFIED.)
CURVE()
GEOMETRIC_REPRESENTATION_ITEM()
RATIONAL_B_SPLINE_CURVE((1.,0.707106781186548,1.,0.707106781186548,1.,0.707106781186548,
1.,0.707106781186548,1.))
REPRESENTATION_ITEM('')
);
#4268=(
BOUNDED_CURVE()
B_SPLINE_CURVE(2,(#8732,#8733,#8734),.UNSPECIFIED.,.F.,.F.)
B_SPLINE_CURVE_WITH_KNOTS((3,3),(0.,5.37198771301551),.UNSPECIFIED.)
CURVE()
GEOMETRIC_REPRESENTATION_ITEM()
RATIONAL_B_SPLINE_CURVE((1.,0.707106781148851,1.))
REPRESENTATION_ITEM('')
);
#4269=(
BOUNDED_CURVE()
B_SPLINE_CURVE(1,(#8735,#8736),.UNSPECIFIED.,.F.,.F.)
B_SPLINE_CURVE_WITH_KNOTS((2,2),(5.32907051820075E-15,32.),
 .UNSPECIFIED.)
CURVE()
GEOMETRIC_REPRESENTATION_ITEM()
RATIONAL_B_SPLINE_CURVE((1.,1.))
REPRESENTATION_ITEM('')
);
#4270=(
BOUNDED_CURVE()
B_SPLINE_CURVE(2,(#8737,#8738,#8739),.UNSPECIFIED.,.F.,.F.)
B_SPLINE_CURVE_WITH_KNOTS((3,3),(0.,5.37198771301551),.UNSPECIFIED.)
CURVE()
GEOMETRIC_REPRESENTATION_ITEM()
RATIONAL_B_SPLINE_CURVE((1.,0.70710678114885,1.))
REPRESENTATION_ITEM('')
);
#4271=(
BOUNDED_CURVE()
B_SPLINE_CURVE(1,(#8740,#8741),.UNSPECIFIED.,.F.,.F.)
B_SPLINE_CURVE_WITH_KNOTS((2,2),(1.77635683940025E-15,32.),
 .UNSPECIFIED.)
CURVE()
GEOMETRIC_REPRESENTATION_ITEM()
RATIONAL_B_SPLINE_CURVE((1.,1.))
REPRESENTATION_ITEM('')
);
#4272=(
BOUNDED_CURVE()
B_SPLINE_CURVE(2,(#8742,#8743,#8744),.UNSPECIFIED.,.F.,.F.)
B_SPLINE_CURVE_WITH_KNOTS((3,3),(0.,5.37198771301551),.UNSPECIFIED.)
CURVE()
GEOMETRIC_REPRESENTATION_ITEM()
RATIONAL_B_SPLINE_CURVE((1.,0.707106781148851,1.))
REPRESENTATION_ITEM('')
);
#4273=(
BOUNDED_CURVE()
B_SPLINE_CURVE(1,(#8745,#8746),.UNSPECIFIED.,.F.,.F.)
B_SPLINE_CURVE_WITH_KNOTS((2,2),(1.77635683940025E-15,32.),
 .UNSPECIFIED.)
CURVE()
GEOMETRIC_REPRESENTATION_ITEM()
RATIONAL_B_SPLINE_CURVE((1.,1.))
REPRESENTATION_ITEM('')
);
#4274=(
BOUNDED_CURVE()
B_SPLINE_CURVE(2,(#8747,#8748,#8749),.UNSPECIFIED.,.F.,.F.)
B_SPLINE_CURVE_WITH_KNOTS((3,3),(0.,5.37198771301551),.UNSPECIFIED.)
CURVE()
GEOMETRIC_REPRESENTATION_ITEM()
RATIONAL_B_SPLINE_CURVE((1.,0.707106781148851,1.))
REPRESENTATION_ITEM('')
);
#4275=(
BOUNDED_CURVE()
B_SPLINE_CURVE(1,(#8750,#8751),.UNSPECIFIED.,.F.,.F.)
B_SPLINE_CURVE_WITH_KNOTS((2,2),(1.11022302462516E-15,32.),
 .UNSPECIFIED.)
CURVE()
GEOMETRIC_REPRESENTATION_ITEM()
RATIONAL_B_SPLINE_CURVE((1.,1.))
REPRESENTATION_ITEM('')
);
#4276=(
BOUNDED_CURVE()
B_SPLINE_CURVE(2,(#8769,#8770,#8771,#8772,#8773,#8774,#8775,#8776,#8777),
 .UNSPECIFIED.,.T.,.F.)
B_SPLINE_CURVE_WITH_KNOTS((3,2,2,2,3),(-4.74380490692059,-3.55785368019044,
-2.37190245346029,-1.18595122673015,0.),.UNSPECIFIED.)
CURVE()
GEOMETRIC_REPRESENTATION_ITEM()
RATIONAL_B_SPLINE_CURVE((1.,0.707106781186548,1.,0.707106781186548,1.,0.707106781186548,
1.,0.707106781186548,1.))
REPRESENTATION_ITEM('')
);
#4277=(
BOUNDED_CURVE()
B_SPLINE_CURVE(2,(#8778,#8779,#8780,#8781,#8782,#8783,#8784,#8785,#8786),
 .UNSPECIFIED.,.T.,.F.)
B_SPLINE_CURVE_WITH_KNOTS((3,2,2,2,3),(-4.74380490692059,-3.55785368019044,
-2.37190245346029,-1.18595122673015,0.),.UNSPECIFIED.)
CURVE()
GEOMETRIC_REPRESENTATION_ITEM()
RATIONAL_B_SPLINE_CURVE((1.,0.707106781186548,1.,0.707106781186548,1.,0.707106781186548,
1.,0.707106781186548,1.))
REPRESENTATION_ITEM('')
);
#4278=(
BOUNDED_CURVE()
B_SPLINE_CURVE(2,(#8787,#8788,#8789,#8790,#8791,#8792,#8793,#8794,#8795),
 .UNSPECIFIED.,.T.,.F.)
B_SPLINE_CURVE_WITH_KNOTS((3,2,2,2,3),(-12.5663706143592,-9.42477796076938,
-6.28318530717959,-3.14159265358979,0.),.UNSPECIFIED.)
CURVE()
GEOMETRIC_REPRESENTATION_ITEM()
RATIONAL_B_SPLINE_CURVE((1.,0.707106781186548,1.,0.707106781186548,1.,0.707106781186548,
1.,0.707106781186548,1.))
REPRESENTATION_ITEM('')
);
#4279=(
BOUNDED_CURVE()
B_SPLINE_CURVE(2,(#8796,#8797,#8798,#8799,#8800,#8801,#8802,#8803,#8804),
 .UNSPECIFIED.,.T.,.F.)
B_SPLINE_CURVE_WITH_KNOTS((3,2,2,2,3),(-12.5663706143592,-9.42477796076938,
-6.28318530717959,-3.14159265358979,0.),.UNSPECIFIED.)
CURVE()
GEOMETRIC_REPRESENTATION_ITEM()
RATIONAL_B_SPLINE_CURVE((1.,0.707106781186548,1.,0.707106781186548,1.,0.707106781186548,
1.,0.707106781186548,1.))
REPRESENTATION_ITEM('')
);
#4280=(
BOUNDED_CURVE()
B_SPLINE_CURVE(2,(#8805,#8806,#8807,#8808,#8809,#8810,#8811,#8812,#8813),
 .UNSPECIFIED.,.T.,.F.)
B_SPLINE_CURVE_WITH_KNOTS((3,2,2,2,3),(-12.5663706143592,-9.42477796076938,
-6.28318530717959,-3.14159265358979,0.),.UNSPECIFIED.)
CURVE()
GEOMETRIC_REPRESENTATION_ITEM()
RATIONAL_B_SPLINE_CURVE((1.,0.707106781186548,1.,0.707106781186548,1.,0.707106781186548,
1.,0.707106781186548,1.))
REPRESENTATION_ITEM('')
);
#4281=(
BOUNDED_CURVE()
B_SPLINE_CURVE(2,(#8814,#8815,#8816,#8817,#8818,#8819,#8820,#8821,#8822),
 .UNSPECIFIED.,.T.,.F.)
B_SPLINE_CURVE_WITH_KNOTS((3,2,2,2,3),(-12.5663706143592,-9.42477796076938,
-6.28318530717959,-3.14159265358979,0.),.UNSPECIFIED.)
CURVE()
GEOMETRIC_REPRESENTATION_ITEM()
RATIONAL_B_SPLINE_CURVE((1.,0.707106781186548,1.,0.707106781186548,1.,0.707106781186548,
1.,0.707106781186548,1.))
REPRESENTATION_ITEM('')
);
#4282=(
BOUNDED_CURVE()
B_SPLINE_CURVE(2,(#8823,#8824,#8825,#8826,#8827,#8828,#8829,#8830,#8831),
 .UNSPECIFIED.,.T.,.F.)
B_SPLINE_CURVE_WITH_KNOTS((3,2,2,2,3),(-12.5663706143592,-9.42477796076938,
-6.28318530717959,-3.14159265358979,0.),.UNSPECIFIED.)
CURVE()
GEOMETRIC_REPRESENTATION_ITEM()
RATIONAL_B_SPLINE_CURVE((1.,0.707106781186548,1.,0.707106781186548,1.,0.707106781186548,
1.,0.707106781186548,1.))
REPRESENTATION_ITEM('')
);
#4283=(
BOUNDED_CURVE()
B_SPLINE_CURVE(2,(#8832,#8833,#8834,#8835,#8836,#8837,#8838,#8839,#8840),
 .UNSPECIFIED.,.T.,.F.)
B_SPLINE_CURVE_WITH_KNOTS((3,2,2,2,3),(-12.5663706143592,-9.42477796076938,
-6.28318530717959,-3.14159265358979,0.),.UNSPECIFIED.)
CURVE()
GEOMETRIC_REPRESENTATION_ITEM()
RATIONAL_B_SPLINE_CURVE((1.,0.707106781186548,1.,0.707106781186548,1.,0.707106781186548,
1.,0.707106781186548,1.))
REPRESENTATION_ITEM('')
);
#4284=(
BOUNDED_CURVE()
B_SPLINE_CURVE(2,(#8841,#8842,#8843),.UNSPECIFIED.,.F.,.F.)
B_SPLINE_CURVE_WITH_KNOTS((3,3),(0.,5.37198771301551),.UNSPECIFIED.)
CURVE()
GEOMETRIC_REPRESENTATION_ITEM()
RATIONAL_B_SPLINE_CURVE((1.,0.707106781148851,1.))
REPRESENTATION_ITEM('')
);
#4285=(
BOUNDED_CURVE()
B_SPLINE_CURVE(1,(#8844,#8845),.UNSPECIFIED.,.F.,.F.)
B_SPLINE_CURVE_WITH_KNOTS((2,2),(7.99360577730113E-15,32.),
 .UNSPECIFIED.)
CURVE()
GEOMETRIC_REPRESENTATION_ITEM()
RATIONAL_B_SPLINE_CURVE((1.,1.))
REPRESENTATION_ITEM('')
);
#4286=(
BOUNDED_CURVE()
B_SPLINE_CURVE(2,(#8846,#8847,#8848),.UNSPECIFIED.,.F.,.F.)
B_SPLINE_CURVE_WITH_KNOTS((3,3),(0.,5.37198771301551),.UNSPECIFIED.)
CURVE()
GEOMETRIC_REPRESENTATION_ITEM()
RATIONAL_B_SPLINE_CURVE((1.,0.70710678114885,1.))
REPRESENTATION_ITEM('')
);
#4287=(
BOUNDED_CURVE()
B_SPLINE_CURVE(1,(#8849,#8850),.UNSPECIFIED.,.F.,.F.)
B_SPLINE_CURVE_WITH_KNOTS((2,2),(7.99360577730113E-15,32.),
 .UNSPECIFIED.)
CURVE()
GEOMETRIC_REPRESENTATION_ITEM()
RATIONAL_B_SPLINE_CURVE((1.,1.))
REPRESENTATION_ITEM('')
);
#4288=(
BOUNDED_CURVE()
B_SPLINE_CURVE(2,(#8851,#8852,#8853),.UNSPECIFIED.,.F.,.F.)
B_SPLINE_CURVE_WITH_KNOTS((3,3),(0.,5.37198771301551),.UNSPECIFIED.)
CURVE()
GEOMETRIC_REPRESENTATION_ITEM()
RATIONAL_B_SPLINE_CURVE((1.,0.707106781148852,1.))
REPRESENTATION_ITEM('')
);
#4289=(
BOUNDED_CURVE()
B_SPLINE_CURVE(1,(#8854,#8855),.UNSPECIFIED.,.F.,.F.)
B_SPLINE_CURVE_WITH_KNOTS((2,2),(-5.77315972805081E-15,32.),
 .UNSPECIFIED.)
CURVE()
GEOMETRIC_REPRESENTATION_ITEM()
RATIONAL_B_SPLINE_CURVE((1.,1.))
REPRESENTATION_ITEM('')
);
#4290=(
BOUNDED_CURVE()
B_SPLINE_CURVE(2,(#8856,#8857,#8858),.UNSPECIFIED.,.F.,.F.)
B_SPLINE_CURVE_WITH_KNOTS((3,3),(0.,5.37198771301552),.UNSPECIFIED.)
CURVE()
GEOMETRIC_REPRESENTATION_ITEM()
RATIONAL_B_SPLINE_CURVE((1.,0.707106781148851,1.))
REPRESENTATION_ITEM('')
);
#4291=(
BOUNDED_CURVE()
B_SPLINE_CURVE(1,(#8859,#8860),.UNSPECIFIED.,.F.,.F.)
B_SPLINE_CURVE_WITH_KNOTS((2,2),(9.99200722162641E-15,32.),
 .UNSPECIFIED.)
CURVE()
GEOMETRIC_REPRESENTATION_ITEM()
RATIONAL_B_SPLINE_CURVE((1.,1.))
REPRESENTATION_ITEM('')
);
#4292=(
BOUNDED_CURVE()
B_SPLINE_CURVE(2,(#8989,#8990,#8991,#8992,#8993),.UNSPECIFIED.,.F.,.F.)
B_SPLINE_CURVE_WITH_KNOTS((3,2,3),(-10.9955742875643,-8.24668071567321,
-5.49778714378214),.UNSPECIFIED.)
CURVE()
GEOMETRIC_REPRESENTATION_ITEM()
RATIONAL_B_SPLINE_CURVE((1.,0.707106781186548,1.,0.707106781186548,1.))
REPRESENTATION_ITEM('')
);
#4293=(
BOUNDED_CURVE()
B_SPLINE_CURVE(2,(#8994,#8995,#8996),.UNSPECIFIED.,.F.,.F.)
B_SPLINE_CURVE_WITH_KNOTS((3,3),(-55.1714304359031,-54.8572711705442),
 .UNSPECIFIED.)
CURVE()
GEOMETRIC_REPRESENTATION_ITEM()
RATIONAL_B_SPLINE_CURVE((1.,0.707106781186551,1.))
REPRESENTATION_ITEM('')
);
#4294=(
BOUNDED_CURVE()
B_SPLINE_CURVE(1,(#8997,#8998),.UNSPECIFIED.,.F.,.F.)
B_SPLINE_CURVE_WITH_KNOTS((2,2),(0.,0.569238271436865),.UNSPECIFIED.)
CURVE()
GEOMETRIC_REPRESENTATION_ITEM()
RATIONAL_B_SPLINE_CURVE((1.,1.))
REPRESENTATION_ITEM('')
);
#4295=(
BOUNDED_CURVE()
B_SPLINE_CURVE(1,(#8999,#9000),.UNSPECIFIED.,.F.,.F.)
B_SPLINE_CURVE_WITH_KNOTS((2,2),(0.,0.569238271436865),.UNSPECIFIED.)
CURVE()
GEOMETRIC_REPRESENTATION_ITEM()
RATIONAL_B_SPLINE_CURVE((1.,1.))
REPRESENTATION_ITEM('')
);
#4296=(
BOUNDED_CURVE()
B_SPLINE_CURVE(2,(#9001,#9002,#9003),.UNSPECIFIED.,.F.,.F.)
B_SPLINE_CURVE_WITH_KNOTS((3,3),(-54.8572711705442,-54.3186249010349),
 .UNSPECIFIED.)
CURVE()
GEOMETRIC_REPRESENTATION_ITEM()
RATIONAL_B_SPLINE_CURVE((1.,1.,1.))
REPRESENTATION_ITEM('')
);
#4297=(
BOUNDED_CURVE()
B_SPLINE_CURVE(1,(#9004,#9005),.UNSPECIFIED.,.F.,.F.)
B_SPLINE_CURVE_WITH_KNOTS((2,2),(0.,0.388082101074303),.UNSPECIFIED.)
CURVE()
GEOMETRIC_REPRESENTATION_ITEM()
RATIONAL_B_SPLINE_CURVE((1.,1.))
REPRESENTATION_ITEM('')
);
#4298=(
BOUNDED_CURVE()
B_SPLINE_CURVE(2,(#9006,#9007,#9008),.UNSPECIFIED.,.F.,.F.)
B_SPLINE_CURVE_WITH_KNOTS((3,3),(-54.3186249010349,-54.0044656356759),
 .UNSPECIFIED.)
CURVE()
GEOMETRIC_REPRESENTATION_ITEM()
RATIONAL_B_SPLINE_CURVE((1.,0.707106781186547,1.))
REPRESENTATION_ITEM('')
);
#4299=(
BOUNDED_CURVE()
B_SPLINE_CURVE(1,(#9009,#9010),.UNSPECIFIED.,.F.,.F.)
B_SPLINE_CURVE_WITH_KNOTS((2,2),(0.,0.304274226049797),.UNSPECIFIED.)
CURVE()
GEOMETRIC_REPRESENTATION_ITEM()
RATIONAL_B_SPLINE_CURVE((1.,1.))
REPRESENTATION_ITEM('')
);
#4300=(
BOUNDED_CURVE()
B_SPLINE_CURVE(2,(#9011,#9012,#9013),.UNSPECIFIED.,.F.,.F.)
B_SPLINE_CURVE_WITH_KNOTS((3,3),(-54.0044656356759,-53.4530005902271),
 .UNSPECIFIED.)
CURVE()
GEOMETRIC_REPRESENTATION_ITEM()
RATIONAL_B_SPLINE_CURVE((1.,1.,1.))
REPRESENTATION_ITEM('')
);
#4301=(
BOUNDED_CURVE()
B_SPLINE_CURVE(1,(#9014,#9015),.UNSPECIFIED.,.F.,.F.)
B_SPLINE_CURVE_WITH_KNOTS((2,2),(0.,0.304274226049798),.UNSPECIFIED.)
CURVE()
GEOMETRIC_REPRESENTATION_ITEM()
RATIONAL_B_SPLINE_CURVE((1.,1.))
REPRESENTATION_ITEM('')
);
#4302=(
BOUNDED_CURVE()
B_SPLINE_CURVE(2,(#9016,#9017,#9018),.UNSPECIFIED.,.F.,.F.)
B_SPLINE_CURVE_WITH_KNOTS((3,3),(-53.4530005902271,-53.1388413248681),
 .UNSPECIFIED.)
CURVE()
GEOMETRIC_REPRESENTATION_ITEM()
RATIONAL_B_SPLINE_CURVE((1.,0.707106781186549,1.))
REPRESENTATION_ITEM('')
);
#4303=(
BOUNDED_CURVE()
B_SPLINE_CURVE(1,(#9019,#9020),.UNSPECIFIED.,.F.,.F.)
B_SPLINE_CURVE_WITH_KNOTS((2,2),(0.,0.388082101074303),.UNSPECIFIED.)
CURVE()
GEOMETRIC_REPRESENTATION_ITEM()
RATIONAL_B_SPLINE_CURVE((1.,1.))
REPRESENTATION_ITEM('')
);
#4304=(
BOUNDED_CURVE()
B_SPLINE_CURVE(2,(#9021,#9022,#9023),.UNSPECIFIED.,.F.,.F.)
B_SPLINE_CURVE_WITH_KNOTS((3,3),(-53.1388413248681,-52.6001950553588),
 .UNSPECIFIED.)
CURVE()
GEOMETRIC_REPRESENTATION_ITEM()
RATIONAL_B_SPLINE_CURVE((1.,1.,1.))
REPRESENTATION_ITEM('')
);
#4305=(
BOUNDED_CURVE()
B_SPLINE_CURVE(1,(#9024,#9025),.UNSPECIFIED.,.F.,.F.)
B_SPLINE_CURVE_WITH_KNOTS((2,2),(0.,0.569238271436868),.UNSPECIFIED.)
CURVE()
GEOMETRIC_REPRESENTATION_ITEM()
RATIONAL_B_SPLINE_CURVE((1.,1.))
REPRESENTATION_ITEM('')
);
#4306=(
BOUNDED_CURVE()
B_SPLINE_CURVE(2,(#9026,#9027,#9028),.UNSPECIFIED.,.F.,.F.)
B_SPLINE_CURVE_WITH_KNOTS((3,3),(-52.6001950553588,-52.2860357899998),
 .UNSPECIFIED.)
CURVE()
GEOMETRIC_REPRESENTATION_ITEM()
RATIONAL_B_SPLINE_CURVE((1.,0.707106781186543,1.))
REPRESENTATION_ITEM('')
);
#4307=(
BOUNDED_CURVE()
B_SPLINE_CURVE(1,(#9029,#9030),.UNSPECIFIED.,.F.,.F.)
B_SPLINE_CURVE_WITH_KNOTS((2,2),(0.,0.569238271436867),.UNSPECIFIED.)
CURVE()
GEOMETRIC_REPRESENTATION_ITEM()
RATIONAL_B_SPLINE_CURVE((1.,1.))
REPRESENTATION_ITEM('')
);
#4308=(
BOUNDED_CURVE()
B_SPLINE_CURVE(2,(#9031,#9032,#9033),.UNSPECIFIED.,.F.,.F.)
B_SPLINE_CURVE_WITH_KNOTS((3,3),(-52.2860357899998,-51.7473895204905),
 .UNSPECIFIED.)
CURVE()
GEOMETRIC_REPRESENTATION_ITEM()
RATIONAL_B_SPLINE_CURVE((1.,1.,1.))
REPRESENTATION_ITEM('')
);
#4309=(
BOUNDED_CURVE()
B_SPLINE_CURVE(1,(#9034,#9035),.UNSPECIFIED.,.F.,.F.)
B_SPLINE_CURVE_WITH_KNOTS((2,2),(0.,0.388082101074304),.UNSPECIFIED.)
CURVE()
GEOMETRIC_REPRESENTATION_ITEM()
RATIONAL_B_SPLINE_CURVE((1.,1.))
REPRESENTATION_ITEM('')
);
#4310=(
BOUNDED_CURVE()
B_SPLINE_CURVE(2,(#9036,#9037,#9038),.UNSPECIFIED.,.F.,.F.)
B_SPLINE_CURVE_WITH_KNOTS((3,3),(-51.7473895204905,-51.4332302551315),
 .UNSPECIFIED.)
CURVE()
GEOMETRIC_REPRESENTATION_ITEM()
RATIONAL_B_SPLINE_CURVE((1.,0.707106781186547,1.))
REPRESENTATION_ITEM('')
);
#4311=(
BOUNDED_CURVE()
B_SPLINE_CURVE(1,(#9039,#9040),.UNSPECIFIED.,.F.,.F.)
B_SPLINE_CURVE_WITH_KNOTS((2,2),(0.,0.304274226049796),.UNSPECIFIED.)
CURVE()
GEOMETRIC_REPRESENTATION_ITEM()
RATIONAL_B_SPLINE_CURVE((1.,1.))
REPRESENTATION_ITEM('')
);
#4312=(
BOUNDED_CURVE()
B_SPLINE_CURVE(2,(#9041,#9042,#9043),.UNSPECIFIED.,.F.,.F.)
B_SPLINE_CURVE_WITH_KNOTS((3,3),(-51.4332302551315,-50.8817652096827),
 .UNSPECIFIED.)
CURVE()
GEOMETRIC_REPRESENTATION_ITEM()
RATIONAL_B_SPLINE_CURVE((1.,1.,1.))
REPRESENTATION_ITEM('')
);
#4313=(
BOUNDED_CURVE()
B_SPLINE_CURVE(1,(#9044,#9045),.UNSPECIFIED.,.F.,.F.)
B_SPLINE_CURVE_WITH_KNOTS((2,2),(0.,0.304274226049796),.UNSPECIFIED.)
CURVE()
GEOMETRIC_REPRESENTATION_ITEM()
RATIONAL_B_SPLINE_CURVE((1.,1.))
REPRESENTATION_ITEM('')
);
#4314=(
BOUNDED_CURVE()
B_SPLINE_CURVE(2,(#9046,#9047,#9048),.UNSPECIFIED.,.F.,.F.)
B_SPLINE_CURVE_WITH_KNOTS((3,3),(-50.8817652096827,-50.5676059443238),
 .UNSPECIFIED.)
CURVE()
GEOMETRIC_REPRESENTATION_ITEM()
RATIONAL_B_SPLINE_CURVE((1.,0.707106781186549,1.))
REPRESENTATION_ITEM('')
);
#4315=(
BOUNDED_CURVE()
B_SPLINE_CURVE(1,(#9049,#9050),.UNSPECIFIED.,.F.,.F.)
B_SPLINE_CURVE_WITH_KNOTS((2,2),(0.,0.388082101074303),.UNSPECIFIED.)
CURVE()
GEOMETRIC_REPRESENTATION_ITEM()
RATIONAL_B_SPLINE_CURVE((1.,1.))
REPRESENTATION_ITEM('')
);
#4316=(
BOUNDED_CURVE()
B_SPLINE_CURVE(2,(#9051,#9052,#9053),.UNSPECIFIED.,.F.,.F.)
B_SPLINE_CURVE_WITH_KNOTS((3,3),(-50.5676059443238,-50.0289596748145),
 .UNSPECIFIED.)
CURVE()
GEOMETRIC_REPRESENTATION_ITEM()
RATIONAL_B_SPLINE_CURVE((1.,1.,1.))
REPRESENTATION_ITEM('')
);
#4317=(
BOUNDED_CURVE()
B_SPLINE_CURVE(1,(#9054,#9055),.UNSPECIFIED.,.F.,.F.)
B_SPLINE_CURVE_WITH_KNOTS((2,2),(0.,0.569238271436866),.UNSPECIFIED.)
CURVE()
GEOMETRIC_REPRESENTATION_ITEM()
RATIONAL_B_SPLINE_CURVE((1.,1.))
REPRESENTATION_ITEM('')
);
#4318=(
BOUNDED_CURVE()
B_SPLINE_CURVE(2,(#9056,#9057,#9058),.UNSPECIFIED.,.F.,.F.)
B_SPLINE_CURVE_WITH_KNOTS((3,3),(-50.0289596748145,-49.7148004094555),
 .UNSPECIFIED.)
CURVE()
GEOMETRIC_REPRESENTATION_ITEM()
RATIONAL_B_SPLINE_CURVE((1.,0.707106781186542,1.))
REPRESENTATION_ITEM('')
);
#4319=(
BOUNDED_CURVE()
B_SPLINE_CURVE(1,(#9059,#9060),.UNSPECIFIED.,.F.,.F.)
B_SPLINE_CURVE_WITH_KNOTS((2,2),(0.,0.569238271436865),.UNSPECIFIED.)
CURVE()
GEOMETRIC_REPRESENTATION_ITEM()
RATIONAL_B_SPLINE_CURVE((1.,1.))
REPRESENTATION_ITEM('')
);
#4320=(
BOUNDED_CURVE()
B_SPLINE_CURVE(2,(#9061,#9062,#9063),.UNSPECIFIED.,.F.,.F.)
B_SPLINE_CURVE_WITH_KNOTS((3,3),(-49.7148004094555,-49.1761541399462),
 .UNSPECIFIED.)
CURVE()
GEOMETRIC_REPRESENTATION_ITEM()
RATIONAL_B_SPLINE_CURVE((1.,1.,1.))
REPRESENTATION_ITEM('')
);
#4321=(
BOUNDED_CURVE()
B_SPLINE_CURVE(1,(#9064,#9065),.UNSPECIFIED.,.F.,.F.)
B_SPLINE_CURVE_WITH_KNOTS((2,2),(0.,0.388082101074301),.UNSPECIFIED.)
CURVE()
GEOMETRIC_REPRESENTATION_ITEM()
RATIONAL_B_SPLINE_CURVE((1.,1.))
REPRESENTATION_ITEM('')
);
#4322=(
BOUNDED_CURVE()
B_SPLINE_CURVE(2,(#9066,#9067,#9068),.UNSPECIFIED.,.F.,.F.)
B_SPLINE_CURVE_WITH_KNOTS((3,3),(-49.1761541399462,-48.8619948745872),
 .UNSPECIFIED.)
CURVE()
GEOMETRIC_REPRESENTATION_ITEM()
RATIONAL_B_SPLINE_CURVE((1.,0.707106781186552,1.))
REPRESENTATION_ITEM('')
);
#4323=(
BOUNDED_CURVE()
B_SPLINE_CURVE(1,(#9069,#9070),.UNSPECIFIED.,.F.,.F.)
B_SPLINE_CURVE_WITH_KNOTS((2,2),(0.,0.304274226049794),.UNSPECIFIED.)
CURVE()
GEOMETRIC_REPRESENTATION_ITEM()
RATIONAL_B_SPLINE_CURVE((1.,1.))
REPRESENTATION_ITEM('')
);
#4324=(
BOUNDED_CURVE()
B_SPLINE_CURVE(2,(#9071,#9072,#9073),.UNSPECIFIED.,.F.,.F.)
B_SPLINE_CURVE_WITH_KNOTS((3,3),(-48.8619948745872,-48.3105298291384),
 .UNSPECIFIED.)
CURVE()
GEOMETRIC_REPRESENTATION_ITEM()
RATIONAL_B_SPLINE_CURVE((1.,1.,1.))
REPRESENTATION_ITEM('')
);
#4325=(
BOUNDED_CURVE()
B_SPLINE_CURVE(1,(#9074,#9075),.UNSPECIFIED.,.F.,.F.)
B_SPLINE_CURVE_WITH_KNOTS((2,2),(0.,0.304274226049793),.UNSPECIFIED.)
CURVE()
GEOMETRIC_REPRESENTATION_ITEM()
RATIONAL_B_SPLINE_CURVE((1.,1.))
REPRESENTATION_ITEM('')
);
#4326=(
BOUNDED_CURVE()
B_SPLINE_CURVE(2,(#9076,#9077,#9078),.UNSPECIFIED.,.F.,.F.)
B_SPLINE_CURVE_WITH_KNOTS((3,3),(-48.3105298291384,-47.9963705637795),
 .UNSPECIFIED.)
CURVE()
GEOMETRIC_REPRESENTATION_ITEM()
RATIONAL_B_SPLINE_CURVE((1.,0.707106781186548,1.))
REPRESENTATION_ITEM('')
);
#4327=(
BOUNDED_CURVE()
B_SPLINE_CURVE(1,(#9079,#9080),.UNSPECIFIED.,.F.,.F.)
B_SPLINE_CURVE_WITH_KNOTS((2,2),(0.,0.3880821010743),.UNSPECIFIED.)
CURVE()
GEOMETRIC_REPRESENTATION_ITEM()
RATIONAL_B_SPLINE_CURVE((1.,1.))
REPRESENTATION_ITEM('')
);
#4328=(
BOUNDED_CURVE()
B_SPLINE_CURVE(2,(#9081,#9082,#9083),.UNSPECIFIED.,.F.,.F.)
B_SPLINE_CURVE_WITH_KNOTS((3,3),(-47.9963705637795,-47.4577242942701),
 .UNSPECIFIED.)
CURVE()
GEOMETRIC_REPRESENTATION_ITEM()
RATIONAL_B_SPLINE_CURVE((1.,1.,1.))
REPRESENTATION_ITEM('')
);
#4329=(
BOUNDED_CURVE()
B_SPLINE_CURVE(1,(#9084,#9085),.UNSPECIFIED.,.F.,.F.)
B_SPLINE_CURVE_WITH_KNOTS((2,2),(0.,0.569238271436865),.UNSPECIFIED.)
CURVE()
GEOMETRIC_REPRESENTATION_ITEM()
RATIONAL_B_SPLINE_CURVE((1.,1.))
REPRESENTATION_ITEM('')
);
#4330=(
BOUNDED_CURVE()
B_SPLINE_CURVE(2,(#9086,#9087,#9088),.UNSPECIFIED.,.F.,.F.)
B_SPLINE_CURVE_WITH_KNOTS((3,3),(-47.4577242942701,-47.1435650289112),
 .UNSPECIFIED.)
CURVE()
GEOMETRIC_REPRESENTATION_ITEM()
RATIONAL_B_SPLINE_CURVE((1.,0.707106781186544,1.))
REPRESENTATION_ITEM('')
);
#4331=(
BOUNDED_CURVE()
B_SPLINE_CURVE(1,(#9089,#9090),.UNSPECIFIED.,.F.,.F.)
B_SPLINE_CURVE_WITH_KNOTS((2,2),(0.,0.569238271436867),.UNSPECIFIED.)
CURVE()
GEOMETRIC_REPRESENTATION_ITEM()
RATIONAL_B_SPLINE_CURVE((1.,1.))
REPRESENTATION_ITEM('')
);
#4332=(
BOUNDED_CURVE()
B_SPLINE_CURVE(2,(#9091,#9092,#9093),.UNSPECIFIED.,.F.,.F.)
B_SPLINE_CURVE_WITH_KNOTS((3,3),(-47.1435650289112,-46.6049187594018),
 .UNSPECIFIED.)
CURVE()
GEOMETRIC_REPRESENTATION_ITEM()
RATIONAL_B_SPLINE_CURVE((1.,1.,1.))
REPRESENTATION_ITEM('')
);
#4333=(
BOUNDED_CURVE()
B_SPLINE_CURVE(1,(#9094,#9095),.UNSPECIFIED.,.F.,.F.)
B_SPLINE_CURVE_WITH_KNOTS((2,2),(0.,0.388082101074301),.UNSPECIFIED.)
CURVE()
GEOMETRIC_REPRESENTATION_ITEM()
RATIONAL_B_SPLINE_CURVE((1.,1.))
REPRESENTATION_ITEM('')
);
#4334=(
BOUNDED_CURVE()
B_SPLINE_CURVE(2,(#9096,#9097,#9098),.UNSPECIFIED.,.F.,.F.)
B_SPLINE_CURVE_WITH_KNOTS((3,3),(-46.6049187594018,-46.2907594940429),
 .UNSPECIFIED.)
CURVE()
GEOMETRIC_REPRESENTATION_ITEM()
RATIONAL_B_SPLINE_CURVE((1.,0.707106781186552,1.))
REPRESENTATION_ITEM('')
);
#4335=(
BOUNDED_CURVE()
B_SPLINE_CURVE(1,(#9099,#9100),.UNSPECIFIED.,.F.,.F.)
B_SPLINE_CURVE_WITH_KNOTS((2,2),(0.,0.304274226049792),.UNSPECIFIED.)
CURVE()
GEOMETRIC_REPRESENTATION_ITEM()
RATIONAL_B_SPLINE_CURVE((1.,1.))
REPRESENTATION_ITEM('')
);
#4336=(
BOUNDED_CURVE()
B_SPLINE_CURVE(2,(#9101,#9102,#9103),.UNSPECIFIED.,.F.,.F.)
B_SPLINE_CURVE_WITH_KNOTS((3,3),(-46.2907594940429,-45.7392944485941),
 .UNSPECIFIED.)
CURVE()
GEOMETRIC_REPRESENTATION_ITEM()
RATIONAL_B_SPLINE_CURVE((1.,1.,1.))
REPRESENTATION_ITEM('')
);
#4337=(
BOUNDED_CURVE()
B_SPLINE_CURVE(1,(#9104,#9105),.UNSPECIFIED.,.F.,.F.)
B_SPLINE_CURVE_WITH_KNOTS((2,2),(0.,0.304274226049793),.UNSPECIFIED.)
CURVE()
GEOMETRIC_REPRESENTATION_ITEM()
RATIONAL_B_SPLINE_CURVE((1.,1.))
REPRESENTATION_ITEM('')
);
#4338=(
BOUNDED_CURVE()
B_SPLINE_CURVE(2,(#9106,#9107,#9108),.UNSPECIFIED.,.F.,.F.)
B_SPLINE_CURVE_WITH_KNOTS((3,3),(-45.7392944485941,-45.4251351832351),
 .UNSPECIFIED.)
CURVE()
GEOMETRIC_REPRESENTATION_ITEM()
RATIONAL_B_SPLINE_CURVE((1.,0.707106781186548,1.))
REPRESENTATION_ITEM('')
);
#4339=(
BOUNDED_CURVE()
B_SPLINE_CURVE(1,(#9109,#9110),.UNSPECIFIED.,.F.,.F.)
B_SPLINE_CURVE_WITH_KNOTS((2,2),(0.,0.388082101074302),.UNSPECIFIED.)
CURVE()
GEOMETRIC_REPRESENTATION_ITEM()
RATIONAL_B_SPLINE_CURVE((1.,1.))
REPRESENTATION_ITEM('')
);
#4340=(
BOUNDED_CURVE()
B_SPLINE_CURVE(2,(#9111,#9112,#9113),.UNSPECIFIED.,.F.,.F.)
B_SPLINE_CURVE_WITH_KNOTS((3,3),(-45.4251351832351,-44.8864889137258),
 .UNSPECIFIED.)
CURVE()
GEOMETRIC_REPRESENTATION_ITEM()
RATIONAL_B_SPLINE_CURVE((1.,1.,1.))
REPRESENTATION_ITEM('')
);
#4341=(
BOUNDED_CURVE()
B_SPLINE_CURVE(2,(#9296,#9297,#9298),.UNSPECIFIED.,.F.,.F.)
B_SPLINE_CURVE_WITH_KNOTS((3,3),(-1.11556953363293,-3.77475828372553E-15),
 .UNSPECIFIED.)
CURVE()
GEOMETRIC_REPRESENTATION_ITEM()
RATIONAL_B_SPLINE_CURVE((1.,0.950846058177919,1.))
REPRESENTATION_ITEM('')
);
#4342=(
BOUNDED_CURVE()
B_SPLINE_CURVE(2,(#9299,#9300,#9301),.UNSPECIFIED.,.F.,.F.)
B_SPLINE_CURVE_WITH_KNOTS((3,3),(-1.11556953363292,-3.49720252756924E-15),
 .UNSPECIFIED.)
CURVE()
GEOMETRIC_REPRESENTATION_ITEM()
RATIONAL_B_SPLINE_CURVE((1.,0.950846058177919,1.))
REPRESENTATION_ITEM('')
);
#4343=(
BOUNDED_CURVE()
B_SPLINE_CURVE(2,(#9302,#9303,#9304,#9305,#9306),.UNSPECIFIED.,.F.,.F.)
B_SPLINE_CURVE_WITH_KNOTS((3,2,3),(-5.49778714378214,-2.74889357189107,
0.),.UNSPECIFIED.)
CURVE()
GEOMETRIC_REPRESENTATION_ITEM()
RATIONAL_B_SPLINE_CURVE((1.,0.707106781186548,1.,0.707106781186548,1.))
REPRESENTATION_ITEM('')
);
#4344=(
BOUNDED_CURVE()
B_SPLINE_CURVE(2,(#9439,#9440,#9441,#9442,#9443),.UNSPECIFIED.,.F.,.F.)
B_SPLINE_CURVE_WITH_KNOTS((3,2,3),(-10.9955742875643,-8.24668071567321,
-5.49778714378214),.UNSPECIFIED.)
CURVE()
GEOMETRIC_REPRESENTATION_ITEM()
RATIONAL_B_SPLINE_CURVE((1.,0.707106781186548,1.,0.707106781186548,1.))
REPRESENTATION_ITEM('')
);
#4345=(
BOUNDED_CURVE()
B_SPLINE_CURVE(2,(#9444,#9445,#9446),.UNSPECIFIED.,.F.,.F.)
B_SPLINE_CURVE_WITH_KNOTS((3,3),(-55.1714304359031,-54.8572711705442),
 .UNSPECIFIED.)
CURVE()
GEOMETRIC_REPRESENTATION_ITEM()
RATIONAL_B_SPLINE_CURVE((1.,0.707106781186551,1.))
REPRESENTATION_ITEM('')
);
#4346=(
BOUNDED_CURVE()
B_SPLINE_CURVE(1,(#9447,#9448),.UNSPECIFIED.,.F.,.F.)
B_SPLINE_CURVE_WITH_KNOTS((2,2),(0.,0.569238271436865),.UNSPECIFIED.)
CURVE()
GEOMETRIC_REPRESENTATION_ITEM()
RATIONAL_B_SPLINE_CURVE((1.,1.))
REPRESENTATION_ITEM('')
);
#4347=(
BOUNDED_CURVE()
B_SPLINE_CURVE(1,(#9449,#9450),.UNSPECIFIED.,.F.,.F.)
B_SPLINE_CURVE_WITH_KNOTS((2,2),(0.,0.569238271436865),.UNSPECIFIED.)
CURVE()
GEOMETRIC_REPRESENTATION_ITEM()
RATIONAL_B_SPLINE_CURVE((1.,1.))
REPRESENTATION_ITEM('')
);
#4348=(
BOUNDED_CURVE()
B_SPLINE_CURVE(2,(#9451,#9452,#9453),.UNSPECIFIED.,.F.,.F.)
B_SPLINE_CURVE_WITH_KNOTS((3,3),(-54.8572711705442,-54.3186249010349),
 .UNSPECIFIED.)
CURVE()
GEOMETRIC_REPRESENTATION_ITEM()
RATIONAL_B_SPLINE_CURVE((1.,1.,1.))
REPRESENTATION_ITEM('')
);
#4349=(
BOUNDED_CURVE()
B_SPLINE_CURVE(1,(#9454,#9455),.UNSPECIFIED.,.F.,.F.)
B_SPLINE_CURVE_WITH_KNOTS((2,2),(0.,0.388082101074303),.UNSPECIFIED.)
CURVE()
GEOMETRIC_REPRESENTATION_ITEM()
RATIONAL_B_SPLINE_CURVE((1.,1.))
REPRESENTATION_ITEM('')
);
#4350=(
BOUNDED_CURVE()
B_SPLINE_CURVE(2,(#9456,#9457,#9458),.UNSPECIFIED.,.F.,.F.)
B_SPLINE_CURVE_WITH_KNOTS((3,3),(-54.3186249010349,-54.0044656356759),
 .UNSPECIFIED.)
CURVE()
GEOMETRIC_REPRESENTATION_ITEM()
RATIONAL_B_SPLINE_CURVE((1.,0.707106781186547,1.))
REPRESENTATION_ITEM('')
);
#4351=(
BOUNDED_CURVE()
B_SPLINE_CURVE(1,(#9459,#9460),.UNSPECIFIED.,.F.,.F.)
B_SPLINE_CURVE_WITH_KNOTS((2,2),(0.,0.304274226049797),.UNSPECIFIED.)
CURVE()
GEOMETRIC_REPRESENTATION_ITEM()
RATIONAL_B_SPLINE_CURVE((1.,1.))
REPRESENTATION_ITEM('')
);
#4352=(
BOUNDED_CURVE()
B_SPLINE_CURVE(2,(#9461,#9462,#9463),.UNSPECIFIED.,.F.,.F.)
B_SPLINE_CURVE_WITH_KNOTS((3,3),(-54.0044656356759,-53.4530005902271),
 .UNSPECIFIED.)
CURVE()
GEOMETRIC_REPRESENTATION_ITEM()
RATIONAL_B_SPLINE_CURVE((1.,1.,1.))
REPRESENTATION_ITEM('')
);
#4353=(
BOUNDED_CURVE()
B_SPLINE_CURVE(1,(#9464,#9465),.UNSPECIFIED.,.F.,.F.)
B_SPLINE_CURVE_WITH_KNOTS((2,2),(0.,0.304274226049798),.UNSPECIFIED.)
CURVE()
GEOMETRIC_REPRESENTATION_ITEM()
RATIONAL_B_SPLINE_CURVE((1.,1.))
REPRESENTATION_ITEM('')
);
#4354=(
BOUNDED_CURVE()
B_SPLINE_CURVE(2,(#9466,#9467,#9468),.UNSPECIFIED.,.F.,.F.)
B_SPLINE_CURVE_WITH_KNOTS((3,3),(-53.4530005902271,-53.1388413248681),
 .UNSPECIFIED.)
CURVE()
GEOMETRIC_REPRESENTATION_ITEM()
RATIONAL_B_SPLINE_CURVE((1.,0.707106781186549,1.))
REPRESENTATION_ITEM('')
);
#4355=(
BOUNDED_CURVE()
B_SPLINE_CURVE(1,(#9469,#9470),.UNSPECIFIED.,.F.,.F.)
B_SPLINE_CURVE_WITH_KNOTS((2,2),(0.,0.388082101074303),.UNSPECIFIED.)
CURVE()
GEOMETRIC_REPRESENTATION_ITEM()
RATIONAL_B_SPLINE_CURVE((1.,1.))
REPRESENTATION_ITEM('')
);
#4356=(
BOUNDED_CURVE()
B_SPLINE_CURVE(2,(#9471,#9472,#9473),.UNSPECIFIED.,.F.,.F.)
B_SPLINE_CURVE_WITH_KNOTS((3,3),(-53.1388413248681,-52.6001950553588),
 .UNSPECIFIED.)
CURVE()
GEOMETRIC_REPRESENTATION_ITEM()
RATIONAL_B_SPLINE_CURVE((1.,1.,1.))
REPRESENTATION_ITEM('')
);
#4357=(
BOUNDED_CURVE()
B_SPLINE_CURVE(1,(#9474,#9475),.UNSPECIFIED.,.F.,.F.)
B_SPLINE_CURVE_WITH_KNOTS((2,2),(0.,0.569238271436868),.UNSPECIFIED.)
CURVE()
GEOMETRIC_REPRESENTATION_ITEM()
RATIONAL_B_SPLINE_CURVE((1.,1.))
REPRESENTATION_ITEM('')
);
#4358=(
BOUNDED_CURVE()
B_SPLINE_CURVE(2,(#9476,#9477,#9478),.UNSPECIFIED.,.F.,.F.)
B_SPLINE_CURVE_WITH_KNOTS((3,3),(-52.6001950553588,-52.2860357899998),
 .UNSPECIFIED.)
CURVE()
GEOMETRIC_REPRESENTATION_ITEM()
RATIONAL_B_SPLINE_CURVE((1.,0.707106781186543,1.))
REPRESENTATION_ITEM('')
);
#4359=(
BOUNDED_CURVE()
B_SPLINE_CURVE(1,(#9479,#9480),.UNSPECIFIED.,.F.,.F.)
B_SPLINE_CURVE_WITH_KNOTS((2,2),(0.,0.569238271436867),.UNSPECIFIED.)
CURVE()
GEOMETRIC_REPRESENTATION_ITEM()
RATIONAL_B_SPLINE_CURVE((1.,1.))
REPRESENTATION_ITEM('')
);
#4360=(
BOUNDED_CURVE()
B_SPLINE_CURVE(2,(#9481,#9482,#9483),.UNSPECIFIED.,.F.,.F.)
B_SPLINE_CURVE_WITH_KNOTS((3,3),(-52.2860357899998,-51.7473895204905),
 .UNSPECIFIED.)
CURVE()
GEOMETRIC_REPRESENTATION_ITEM()
RATIONAL_B_SPLINE_CURVE((1.,1.,1.))
REPRESENTATION_ITEM('')
);
#4361=(
BOUNDED_CURVE()
B_SPLINE_CURVE(1,(#9484,#9485),.UNSPECIFIED.,.F.,.F.)
B_SPLINE_CURVE_WITH_KNOTS((2,2),(0.,0.388082101074304),.UNSPECIFIED.)
CURVE()
GEOMETRIC_REPRESENTATION_ITEM()
RATIONAL_B_SPLINE_CURVE((1.,1.))
REPRESENTATION_ITEM('')
);
#4362=(
BOUNDED_CURVE()
B_SPLINE_CURVE(2,(#9486,#9487,#9488),.UNSPECIFIED.,.F.,.F.)
B_SPLINE_CURVE_WITH_KNOTS((3,3),(-51.7473895204905,-51.4332302551315),
 .UNSPECIFIED.)
CURVE()
GEOMETRIC_REPRESENTATION_ITEM()
RATIONAL_B_SPLINE_CURVE((1.,0.707106781186547,1.))
REPRESENTATION_ITEM('')
);
#4363=(
BOUNDED_CURVE()
B_SPLINE_CURVE(1,(#9489,#9490),.UNSPECIFIED.,.F.,.F.)
B_SPLINE_CURVE_WITH_KNOTS((2,2),(0.,0.304274226049796),.UNSPECIFIED.)
CURVE()
GEOMETRIC_REPRESENTATION_ITEM()
RATIONAL_B_SPLINE_CURVE((1.,1.))
REPRESENTATION_ITEM('')
);
#4364=(
BOUNDED_CURVE()
B_SPLINE_CURVE(2,(#9491,#9492,#9493),.UNSPECIFIED.,.F.,.F.)
B_SPLINE_CURVE_WITH_KNOTS((3,3),(-51.4332302551315,-50.8817652096827),
 .UNSPECIFIED.)
CURVE()
GEOMETRIC_REPRESENTATION_ITEM()
RATIONAL_B_SPLINE_CURVE((1.,1.,1.))
REPRESENTATION_ITEM('')
);
#4365=(
BOUNDED_CURVE()
B_SPLINE_CURVE(1,(#9494,#9495),.UNSPECIFIED.,.F.,.F.)
B_SPLINE_CURVE_WITH_KNOTS((2,2),(0.,0.304274226049796),.UNSPECIFIED.)
CURVE()
GEOMETRIC_REPRESENTATION_ITEM()
RATIONAL_B_SPLINE_CURVE((1.,1.))
REPRESENTATION_ITEM('')
);
#4366=(
BOUNDED_CURVE()
B_SPLINE_CURVE(2,(#9496,#9497,#9498),.UNSPECIFIED.,.F.,.F.)
B_SPLINE_CURVE_WITH_KNOTS((3,3),(-50.8817652096827,-50.5676059443238),
 .UNSPECIFIED.)
CURVE()
GEOMETRIC_REPRESENTATION_ITEM()
RATIONAL_B_SPLINE_CURVE((1.,0.707106781186549,1.))
REPRESENTATION_ITEM('')
);
#4367=(
BOUNDED_CURVE()
B_SPLINE_CURVE(1,(#9499,#9500),.UNSPECIFIED.,.F.,.F.)
B_SPLINE_CURVE_WITH_KNOTS((2,2),(0.,0.388082101074303),.UNSPECIFIED.)
CURVE()
GEOMETRIC_REPRESENTATION_ITEM()
RATIONAL_B_SPLINE_CURVE((1.,1.))
REPRESENTATION_ITEM('')
);
#4368=(
BOUNDED_CURVE()
B_SPLINE_CURVE(2,(#9501,#9502,#9503),.UNSPECIFIED.,.F.,.F.)
B_SPLINE_CURVE_WITH_KNOTS((3,3),(-50.5676059443238,-50.0289596748145),
 .UNSPECIFIED.)
CURVE()
GEOMETRIC_REPRESENTATION_ITEM()
RATIONAL_B_SPLINE_CURVE((1.,1.,1.))
REPRESENTATION_ITEM('')
);
#4369=(
BOUNDED_CURVE()
B_SPLINE_CURVE(1,(#9504,#9505),.UNSPECIFIED.,.F.,.F.)
B_SPLINE_CURVE_WITH_KNOTS((2,2),(0.,0.569238271436866),.UNSPECIFIED.)
CURVE()
GEOMETRIC_REPRESENTATION_ITEM()
RATIONAL_B_SPLINE_CURVE((1.,1.))
REPRESENTATION_ITEM('')
);
#4370=(
BOUNDED_CURVE()
B_SPLINE_CURVE(2,(#9506,#9507,#9508),.UNSPECIFIED.,.F.,.F.)
B_SPLINE_CURVE_WITH_KNOTS((3,3),(-50.0289596748145,-49.7148004094555),
 .UNSPECIFIED.)
CURVE()
GEOMETRIC_REPRESENTATION_ITEM()
RATIONAL_B_SPLINE_CURVE((1.,0.707106781186542,1.))
REPRESENTATION_ITEM('')
);
#4371=(
BOUNDED_CURVE()
B_SPLINE_CURVE(1,(#9509,#9510),.UNSPECIFIED.,.F.,.F.)
B_SPLINE_CURVE_WITH_KNOTS((2,2),(0.,0.569238271436865),.UNSPECIFIED.)
CURVE()
GEOMETRIC_REPRESENTATION_ITEM()
RATIONAL_B_SPLINE_CURVE((1.,1.))
REPRESENTATION_ITEM('')
);
#4372=(
BOUNDED_CURVE()
B_SPLINE_CURVE(2,(#9511,#9512,#9513),.UNSPECIFIED.,.F.,.F.)
B_SPLINE_CURVE_WITH_KNOTS((3,3),(-49.7148004094555,-49.1761541399462),
 .UNSPECIFIED.)
CURVE()
GEOMETRIC_REPRESENTATION_ITEM()
RATIONAL_B_SPLINE_CURVE((1.,1.,1.))
REPRESENTATION_ITEM('')
);
#4373=(
BOUNDED_CURVE()
B_SPLINE_CURVE(1,(#9514,#9515),.UNSPECIFIED.,.F.,.F.)
B_SPLINE_CURVE_WITH_KNOTS((2,2),(0.,0.388082101074301),.UNSPECIFIED.)
CURVE()
GEOMETRIC_REPRESENTATION_ITEM()
RATIONAL_B_SPLINE_CURVE((1.,1.))
REPRESENTATION_ITEM('')
);
#4374=(
BOUNDED_CURVE()
B_SPLINE_CURVE(2,(#9516,#9517,#9518),.UNSPECIFIED.,.F.,.F.)
B_SPLINE_CURVE_WITH_KNOTS((3,3),(-49.1761541399462,-48.8619948745872),
 .UNSPECIFIED.)
CURVE()
GEOMETRIC_REPRESENTATION_ITEM()
RATIONAL_B_SPLINE_CURVE((1.,0.707106781186552,1.))
REPRESENTATION_ITEM('')
);
#4375=(
BOUNDED_CURVE()
B_SPLINE_CURVE(1,(#9519,#9520),.UNSPECIFIED.,.F.,.F.)
B_SPLINE_CURVE_WITH_KNOTS((2,2),(0.,0.304274226049794),.UNSPECIFIED.)
CURVE()
GEOMETRIC_REPRESENTATION_ITEM()
RATIONAL_B_SPLINE_CURVE((1.,1.))
REPRESENTATION_ITEM('')
);
#4376=(
BOUNDED_CURVE()
B_SPLINE_CURVE(2,(#9521,#9522,#9523),.UNSPECIFIED.,.F.,.F.)
B_SPLINE_CURVE_WITH_KNOTS((3,3),(-48.8619948745872,-48.3105298291384),
 .UNSPECIFIED.)
CURVE()
GEOMETRIC_REPRESENTATION_ITEM()
RATIONAL_B_SPLINE_CURVE((1.,1.,1.))
REPRESENTATION_ITEM('')
);
#4377=(
BOUNDED_CURVE()
B_SPLINE_CURVE(1,(#9524,#9525),.UNSPECIFIED.,.F.,.F.)
B_SPLINE_CURVE_WITH_KNOTS((2,2),(0.,0.304274226049793),.UNSPECIFIED.)
CURVE()
GEOMETRIC_REPRESENTATION_ITEM()
RATIONAL_B_SPLINE_CURVE((1.,1.))
REPRESENTATION_ITEM('')
);
#4378=(
BOUNDED_CURVE()
B_SPLINE_CURVE(2,(#9526,#9527,#9528),.UNSPECIFIED.,.F.,.F.)
B_SPLINE_CURVE_WITH_KNOTS((3,3),(-48.3105298291384,-47.9963705637795),
 .UNSPECIFIED.)
CURVE()
GEOMETRIC_REPRESENTATION_ITEM()
RATIONAL_B_SPLINE_CURVE((1.,0.707106781186548,1.))
REPRESENTATION_ITEM('')
);
#4379=(
BOUNDED_CURVE()
B_SPLINE_CURVE(1,(#9529,#9530),.UNSPECIFIED.,.F.,.F.)
B_SPLINE_CURVE_WITH_KNOTS((2,2),(0.,0.3880821010743),.UNSPECIFIED.)
CURVE()
GEOMETRIC_REPRESENTATION_ITEM()
RATIONAL_B_SPLINE_CURVE((1.,1.))
REPRESENTATION_ITEM('')
);
#4380=(
BOUNDED_CURVE()
B_SPLINE_CURVE(2,(#9531,#9532,#9533),.UNSPECIFIED.,.F.,.F.)
B_SPLINE_CURVE_WITH_KNOTS((3,3),(-47.9963705637795,-47.4577242942701),
 .UNSPECIFIED.)
CURVE()
GEOMETRIC_REPRESENTATION_ITEM()
RATIONAL_B_SPLINE_CURVE((1.,1.,1.))
REPRESENTATION_ITEM('')
);
#4381=(
BOUNDED_CURVE()
B_SPLINE_CURVE(1,(#9534,#9535),.UNSPECIFIED.,.F.,.F.)
B_SPLINE_CURVE_WITH_KNOTS((2,2),(0.,0.569238271436865),.UNSPECIFIED.)
CURVE()
GEOMETRIC_REPRESENTATION_ITEM()
RATIONAL_B_SPLINE_CURVE((1.,1.))
REPRESENTATION_ITEM('')
);
#4382=(
BOUNDED_CURVE()
B_SPLINE_CURVE(2,(#9536,#9537,#9538),.UNSPECIFIED.,.F.,.F.)
B_SPLINE_CURVE_WITH_KNOTS((3,3),(-47.4577242942701,-47.1435650289112),
 .UNSPECIFIED.)
CURVE()
GEOMETRIC_REPRESENTATION_ITEM()
RATIONAL_B_SPLINE_CURVE((1.,0.707106781186544,1.))
REPRESENTATION_ITEM('')
);
#4383=(
BOUNDED_CURVE()
B_SPLINE_CURVE(1,(#9539,#9540),.UNSPECIFIED.,.F.,.F.)
B_SPLINE_CURVE_WITH_KNOTS((2,2),(0.,0.569238271436867),.UNSPECIFIED.)
CURVE()
GEOMETRIC_REPRESENTATION_ITEM()
RATIONAL_B_SPLINE_CURVE((1.,1.))
REPRESENTATION_ITEM('')
);
#4384=(
BOUNDED_CURVE()
B_SPLINE_CURVE(2,(#9541,#9542,#9543),.UNSPECIFIED.,.F.,.F.)
B_SPLINE_CURVE_WITH_KNOTS((3,3),(-47.1435650289112,-46.6049187594018),
 .UNSPECIFIED.)
CURVE()
GEOMETRIC_REPRESENTATION_ITEM()
RATIONAL_B_SPLINE_CURVE((1.,1.,1.))
REPRESENTATION_ITEM('')
);
#4385=(
BOUNDED_CURVE()
B_SPLINE_CURVE(1,(#9544,#9545),.UNSPECIFIED.,.F.,.F.)
B_SPLINE_CURVE_WITH_KNOTS((2,2),(0.,0.388082101074301),.UNSPECIFIED.)
CURVE()
GEOMETRIC_REPRESENTATION_ITEM()
RATIONAL_B_SPLINE_CURVE((1.,1.))
REPRESENTATION_ITEM('')
);
#4386=(
BOUNDED_CURVE()
B_SPLINE_CURVE(2,(#9546,#9547,#9548),.UNSPECIFIED.,.F.,.F.)
B_SPLINE_CURVE_WITH_KNOTS((3,3),(-46.6049187594018,-46.2907594940429),
 .UNSPECIFIED.)
CURVE()
GEOMETRIC_REPRESENTATION_ITEM()
RATIONAL_B_SPLINE_CURVE((1.,0.707106781186552,1.))
REPRESENTATION_ITEM('')
);
#4387=(
BOUNDED_CURVE()
B_SPLINE_CURVE(1,(#9549,#9550),.UNSPECIFIED.,.F.,.F.)
B_SPLINE_CURVE_WITH_KNOTS((2,2),(0.,0.304274226049792),.UNSPECIFIED.)
CURVE()
GEOMETRIC_REPRESENTATION_ITEM()
RATIONAL_B_SPLINE_CURVE((1.,1.))
REPRESENTATION_ITEM('')
);
#4388=(
BOUNDED_CURVE()
B_SPLINE_CURVE(2,(#9551,#9552,#9553),.UNSPECIFIED.,.F.,.F.)
B_SPLINE_CURVE_WITH_KNOTS((3,3),(-46.2907594940429,-45.7392944485941),
 .UNSPECIFIED.)
CURVE()
GEOMETRIC_REPRESENTATION_ITEM()
RATIONAL_B_SPLINE_CURVE((1.,1.,1.))
REPRESENTATION_ITEM('')
);
#4389=(
BOUNDED_CURVE()
B_SPLINE_CURVE(1,(#9554,#9555),.UNSPECIFIED.,.F.,.F.)
B_SPLINE_CURVE_WITH_KNOTS((2,2),(0.,0.304274226049793),.UNSPECIFIED.)
CURVE()
GEOMETRIC_REPRESENTATION_ITEM()
RATIONAL_B_SPLINE_CURVE((1.,1.))
REPRESENTATION_ITEM('')
);
#4390=(
BOUNDED_CURVE()
B_SPLINE_CURVE(2,(#9556,#9557,#9558),.UNSPECIFIED.,.F.,.F.)
B_SPLINE_CURVE_WITH_KNOTS((3,3),(-45.7392944485941,-45.4251351832351),
 .UNSPECIFIED.)
CURVE()
GEOMETRIC_REPRESENTATION_ITEM()
RATIONAL_B_SPLINE_CURVE((1.,0.707106781186548,1.))
REPRESENTATION_ITEM('')
);
#4391=(
BOUNDED_CURVE()
B_SPLINE_CURVE(1,(#9559,#9560),.UNSPECIFIED.,.F.,.F.)
B_SPLINE_CURVE_WITH_KNOTS((2,2),(0.,0.388082101074302),.UNSPECIFIED.)
CURVE()
GEOMETRIC_REPRESENTATION_ITEM()
RATIONAL_B_SPLINE_CURVE((1.,1.))
REPRESENTATION_ITEM('')
);
#4392=(
BOUNDED_CURVE()
B_SPLINE_CURVE(2,(#9561,#9562,#9563),.UNSPECIFIED.,.F.,.F.)
B_SPLINE_CURVE_WITH_KNOTS((3,3),(-45.4251351832351,-44.8864889137258),
 .UNSPECIFIED.)
CURVE()
GEOMETRIC_REPRESENTATION_ITEM()
RATIONAL_B_SPLINE_CURVE((1.,1.,1.))
REPRESENTATION_ITEM('')
);
#4393=(
BOUNDED_CURVE()
B_SPLINE_CURVE(2,(#9746,#9747,#9748),.UNSPECIFIED.,.F.,.F.)
B_SPLINE_CURVE_WITH_KNOTS((3,3),(-1.11556953363293,-3.77475828372553E-15),
 .UNSPECIFIED.)
CURVE()
GEOMETRIC_REPRESENTATION_ITEM()
RATIONAL_B_SPLINE_CURVE((1.,0.950846058177919,1.))
REPRESENTATION_ITEM('')
);
#4394=(
BOUNDED_CURVE()
B_SPLINE_CURVE(2,(#9749,#9750,#9751),.UNSPECIFIED.,.F.,.F.)
B_SPLINE_CURVE_WITH_KNOTS((3,3),(-1.11556953363292,-3.49720252756924E-15),
 .UNSPECIFIED.)
CURVE()
GEOMETRIC_REPRESENTATION_ITEM()
RATIONAL_B_SPLINE_CURVE((1.,0.950846058177919,1.))
REPRESENTATION_ITEM('')
);
#4395=(
BOUNDED_CURVE()
B_SPLINE_CURVE(2,(#9752,#9753,#9754,#9755,#9756),.UNSPECIFIED.,.F.,.F.)
B_SPLINE_CURVE_WITH_KNOTS((3,2,3),(-5.49778714378214,-2.74889357189107,
0.),.UNSPECIFIED.)
CURVE()
GEOMETRIC_REPRESENTATION_ITEM()
RATIONAL_B_SPLINE_CURVE((1.,0.707106781186548,1.,0.707106781186548,1.))
REPRESENTATION_ITEM('')
);
#4396=VERTEX_POINT('',#6240);
#4397=VERTEX_POINT('',#6241);
#4398=VERTEX_POINT('',#6242);
#4399=VERTEX_POINT('',#6243);
#4400=VERTEX_POINT('',#6244);
#4401=VERTEX_POINT('',#6245);
#4402=VERTEX_POINT('',#6246);
#4403=VERTEX_POINT('',#6247);
#4404=VERTEX_POINT('',#6248);
#4405=VERTEX_POINT('',#6249);
#4406=VERTEX_POINT('',#6250);
#4407=VERTEX_POINT('',#6251);
#4408=VERTEX_POINT('',#6252);
#4409=VERTEX_POINT('',#6253);
#4410=VERTEX_POINT('',#6254);
#4411=VERTEX_POINT('',#6255);
#4412=VERTEX_POINT('',#6256);
#4413=VERTEX_POINT('',#6257);
#4414=VERTEX_POINT('',#6258);
#4415=VERTEX_POINT('',#6259);
#4416=VERTEX_POINT('',#6260);
#4417=VERTEX_POINT('',#6261);
#4418=VERTEX_POINT('',#6262);
#4419=VERTEX_POINT('',#6263);
#4420=VERTEX_POINT('',#6264);
#4421=VERTEX_POINT('',#6265);
#4422=VERTEX_POINT('',#6266);
#4423=VERTEX_POINT('',#6267);
#4424=VERTEX_POINT('',#6268);
#4425=VERTEX_POINT('',#6269);
#4426=VERTEX_POINT('',#6270);
#4427=VERTEX_POINT('',#6271);
#4428=VERTEX_POINT('',#6272);
#4429=VERTEX_POINT('',#6273);
#4430=VERTEX_POINT('',#6274);
#4431=VERTEX_POINT('',#6275);
#4432=VERTEX_POINT('',#6276);
#4433=VERTEX_POINT('',#6277);
#4434=VERTEX_POINT('',#6278);
#4435=VERTEX_POINT('',#6279);
#4436=VERTEX_POINT('',#6280);
#4437=VERTEX_POINT('',#6281);
#4438=VERTEX_POINT('',#6282);
#4439=VERTEX_POINT('',#6283);
#4440=VERTEX_POINT('',#6284);
#4441=VERTEX_POINT('',#6285);
#4442=VERTEX_POINT('',#6286);
#4443=VERTEX_POINT('',#6287);
#4444=VERTEX_POINT('',#6288);
#4445=VERTEX_POINT('',#6289);
#4446=VERTEX_POINT('',#6290);
#4447=VERTEX_POINT('',#6291);
#4448=VERTEX_POINT('',#6292);
#4449=VERTEX_POINT('',#6293);
#4450=VERTEX_POINT('',#6294);
#4451=VERTEX_POINT('',#6295);
#4452=VERTEX_POINT('',#6296);
#4453=VERTEX_POINT('',#6297);
#4454=VERTEX_POINT('',#6298);
#4455=VERTEX_POINT('',#6299);
#4456=VERTEX_POINT('',#6300);
#4457=VERTEX_POINT('',#6301);
#4458=VERTEX_POINT('',#6302);
#4459=VERTEX_POINT('',#6303);
#4460=VERTEX_POINT('',#6304);
#4461=VERTEX_POINT('',#6305);
#4462=VERTEX_POINT('',#6306);
#4463=VERTEX_POINT('',#6307);
#4464=VERTEX_POINT('',#6308);
#4465=VERTEX_POINT('',#6309);
#4466=VERTEX_POINT('',#6310);
#4467=VERTEX_POINT('',#6311);
#4468=VERTEX_POINT('',#6312);
#4469=VERTEX_POINT('',#6313);
#4470=VERTEX_POINT('',#6314);
#4471=VERTEX_POINT('',#6315);
#4472=VERTEX_POINT('',#6316);
#4473=VERTEX_POINT('',#6317);
#4474=VERTEX_POINT('',#6318);
#4475=VERTEX_POINT('',#6319);
#4476=VERTEX_POINT('',#6320);
#4477=VERTEX_POINT('',#6321);
#4478=VERTEX_POINT('',#6322);
#4479=VERTEX_POINT('',#6323);
#4480=VERTEX_POINT('',#6324);
#4481=VERTEX_POINT('',#6325);
#4482=VERTEX_POINT('',#6326);
#4483=VERTEX_POINT('',#6327);
#4484=VERTEX_POINT('',#6328);
#4485=VERTEX_POINT('',#6329);
#4486=VERTEX_POINT('',#6330);
#4487=VERTEX_POINT('',#6331);
#4488=VERTEX_POINT('',#6332);
#4489=VERTEX_POINT('',#6333);
#4490=VERTEX_POINT('',#6334);
#4491=VERTEX_POINT('',#6335);
#4492=VERTEX_POINT('',#6336);
#4493=VERTEX_POINT('',#6337);
#4494=VERTEX_POINT('',#6819);
#4495=VERTEX_POINT('',#6820);
#4496=VERTEX_POINT('',#6821);
#4497=VERTEX_POINT('',#6822);
#4498=VERTEX_POINT('',#6832);
#4499=VERTEX_POINT('',#6833);
#4500=VERTEX_POINT('',#6834);
#4501=VERTEX_POINT('',#6835);
#4502=VERTEX_POINT('',#6850);
#4503=VERTEX_POINT('',#6851);
#4504=VERTEX_POINT('',#6852);
#4505=VERTEX_POINT('',#6853);
#4506=VERTEX_POINT('',#6854);
#4507=VERTEX_POINT('',#6855);
#4508=VERTEX_POINT('',#6856);
#4509=VERTEX_POINT('',#6857);
#4510=VERTEX_POINT('',#6888);
#4511=VERTEX_POINT('',#6889);
#4512=VERTEX_POINT('',#6890);
#4513=VERTEX_POINT('',#6891);
#4514=VERTEX_POINT('',#6892);
#4515=VERTEX_POINT('',#6893);
#4516=VERTEX_POINT('',#6894);
#4517=VERTEX_POINT('',#6895);
#4518=VERTEX_POINT('',#6896);
#4519=VERTEX_POINT('',#6897);
#4520=VERTEX_POINT('',#6898);
#4521=VERTEX_POINT('',#6899);
#4522=VERTEX_POINT('',#6938);
#4523=VERTEX_POINT('',#6939);
#4524=VERTEX_POINT('',#6940);
#4525=VERTEX_POINT('',#6941);
#4526=VERTEX_POINT('',#6942);
#4527=VERTEX_POINT('',#6943);
#4528=VERTEX_POINT('',#6944);
#4529=VERTEX_POINT('',#6945);
#4530=VERTEX_POINT('',#6976);
#4531=VERTEX_POINT('',#6977);
#4532=VERTEX_POINT('',#6978);
#4533=VERTEX_POINT('',#6979);
#4534=VERTEX_POINT('',#6980);
#4535=VERTEX_POINT('',#6981);
#4536=VERTEX_POINT('',#6982);
#4537=VERTEX_POINT('',#6983);
#4538=VERTEX_POINT('',#7014);
#4539=VERTEX_POINT('',#7015);
#4540=VERTEX_POINT('',#7016);
#4541=VERTEX_POINT('',#7017);
#4542=VERTEX_POINT('',#7018);
#4543=VERTEX_POINT('',#7019);
#4544=VERTEX_POINT('',#7020);
#4545=VERTEX_POINT('',#7021);
#4546=VERTEX_POINT('',#7052);
#4547=VERTEX_POINT('',#7053);
#4548=VERTEX_POINT('',#7054);
#4549=VERTEX_POINT('',#7055);
#4550=VERTEX_POINT('',#7056);
#4551=VERTEX_POINT('',#7057);
#4552=VERTEX_POINT('',#7058);
#4553=VERTEX_POINT('',#7059);
#4554=VERTEX_POINT('',#7090);
#4555=VERTEX_POINT('',#7091);
#4556=VERTEX_POINT('',#7092);
#4557=VERTEX_POINT('',#7093);
#4558=VERTEX_POINT('',#7094);
#4559=VERTEX_POINT('',#7095);
#4560=VERTEX_POINT('',#7096);
#4561=VERTEX_POINT('',#7097);
#4562=VERTEX_POINT('',#7128);
#4563=VERTEX_POINT('',#7129);
#4564=VERTEX_POINT('',#7130);
#4565=VERTEX_POINT('',#7131);
#4566=VERTEX_POINT('',#7132);
#4567=VERTEX_POINT('',#7133);
#4568=VERTEX_POINT('',#7134);
#4569=VERTEX_POINT('',#7135);
#4570=VERTEX_POINT('',#7166);
#4571=VERTEX_POINT('',#7167);
#4572=VERTEX_POINT('',#7168);
#4573=VERTEX_POINT('',#7169);
#4574=VERTEX_POINT('',#7170);
#4575=VERTEX_POINT('',#7171);
#4576=VERTEX_POINT('',#7172);
#4577=VERTEX_POINT('',#7173);
#4578=VERTEX_POINT('',#7204);
#4579=VERTEX_POINT('',#7205);
#4580=VERTEX_POINT('',#7206);
#4581=VERTEX_POINT('',#7207);
#4582=VERTEX_POINT('',#7208);
#4583=VERTEX_POINT('',#7209);
#4584=VERTEX_POINT('',#7210);
#4585=VERTEX_POINT('',#7211);
#4586=VERTEX_POINT('',#7242);
#4587=VERTEX_POINT('',#7243);
#4588=VERTEX_POINT('',#7244);
#4589=VERTEX_POINT('',#7245);
#4590=VERTEX_POINT('',#7246);
#4591=VERTEX_POINT('',#7247);
#4592=VERTEX_POINT('',#7248);
#4593=VERTEX_POINT('',#7249);
#4594=VERTEX_POINT('',#7280);
#4595=VERTEX_POINT('',#7281);
#4596=VERTEX_POINT('',#7282);
#4597=VERTEX_POINT('',#7283);
#4598=VERTEX_POINT('',#7284);
#4599=VERTEX_POINT('',#7285);
#4600=VERTEX_POINT('',#7286);
#4601=VERTEX_POINT('',#7287);
#4602=VERTEX_POINT('',#7318);
#4603=VERTEX_POINT('',#7319);
#4604=VERTEX_POINT('',#7320);
#4605=VERTEX_POINT('',#7321);
#4606=VERTEX_POINT('',#7322);
#4607=VERTEX_POINT('',#7323);
#4608=VERTEX_POINT('',#7324);
#4609=VERTEX_POINT('',#7325);
#4610=VERTEX_POINT('',#7356);
#4611=VERTEX_POINT('',#7357);
#4612=VERTEX_POINT('',#7358);
#4613=VERTEX_POINT('',#7359);
#4614=VERTEX_POINT('',#7360);
#4615=VERTEX_POINT('',#7361);
#4616=VERTEX_POINT('',#7362);
#4617=VERTEX_POINT('',#7363);
#4618=VERTEX_POINT('',#7394);
#4619=VERTEX_POINT('',#7395);
#4620=VERTEX_POINT('',#7396);
#4621=VERTEX_POINT('',#7397);
#4622=VERTEX_POINT('',#7398);
#4623=VERTEX_POINT('',#7399);
#4624=VERTEX_POINT('',#7400);
#4625=VERTEX_POINT('',#7401);
#4626=VERTEX_POINT('',#7432);
#4627=VERTEX_POINT('',#7433);
#4628=VERTEX_POINT('',#7434);
#4629=VERTEX_POINT('',#7435);
#4630=VERTEX_POINT('',#7436);
#4631=VERTEX_POINT('',#7437);
#4632=VERTEX_POINT('',#7438);
#4633=VERTEX_POINT('',#7439);
#4634=VERTEX_POINT('',#7470);
#4635=VERTEX_POINT('',#7471);
#4636=VERTEX_POINT('',#7472);
#4637=VERTEX_POINT('',#7473);
#4638=VERTEX_POINT('',#7474);
#4639=VERTEX_POINT('',#7475);
#4640=VERTEX_POINT('',#7476);
#4641=VERTEX_POINT('',#7477);
#4642=VERTEX_POINT('',#7521);
#4643=VERTEX_POINT('',#7522);
#4644=VERTEX_POINT('',#7523);
#4645=VERTEX_POINT('',#7524);
#4646=VERTEX_POINT('',#7525);
#4647=VERTEX_POINT('',#7526);
#4648=VERTEX_POINT('',#7527);
#4649=VERTEX_POINT('',#7528);
#4650=VERTEX_POINT('',#7529);
#4651=VERTEX_POINT('',#7530);
#4652=VERTEX_POINT('',#7531);
#4653=VERTEX_POINT('',#7532);
#4654=VERTEX_POINT('',#7533);
#4655=VERTEX_POINT('',#7534);
#4656=VERTEX_POINT('',#7535);
#4657=VERTEX_POINT('',#7536);
#4658=VERTEX_POINT('',#7537);
#4659=VERTEX_POINT('',#7538);
#4660=VERTEX_POINT('',#7539);
#4661=VERTEX_POINT('',#7540);
#4662=VERTEX_POINT('',#7541);
#4663=VERTEX_POINT('',#7542);
#4664=VERTEX_POINT('',#7543);
#4665=VERTEX_POINT('',#7544);
#4666=VERTEX_POINT('',#7545);
#4667=VERTEX_POINT('',#7546);
#4668=VERTEX_POINT('',#7547);
#4669=VERTEX_POINT('',#7548);
#4670=VERTEX_POINT('',#7549);
#4671=VERTEX_POINT('',#7550);
#4672=VERTEX_POINT('',#7551);
#4673=VERTEX_POINT('',#7552);
#4674=VERTEX_POINT('',#7671);
#4675=VERTEX_POINT('',#7672);
#4676=VERTEX_POINT('',#7673);
#4677=VERTEX_POINT('',#7674);
#4678=VERTEX_POINT('',#7675);
#4679=VERTEX_POINT('',#7676);
#4680=VERTEX_POINT('',#7677);
#4681=VERTEX_POINT('',#7678);
#4682=VERTEX_POINT('',#7679);
#4683=VERTEX_POINT('',#7680);
#4684=VERTEX_POINT('',#7681);
#4685=VERTEX_POINT('',#7682);
#4686=VERTEX_POINT('',#7683);
#4687=VERTEX_POINT('',#7684);
#4688=VERTEX_POINT('',#7685);
#4689=VERTEX_POINT('',#7686);
#4690=VERTEX_POINT('',#7687);
#4691=VERTEX_POINT('',#7688);
#4692=VERTEX_POINT('',#7689);
#4693=VERTEX_POINT('',#7690);
#4694=VERTEX_POINT('',#7691);
#4695=VERTEX_POINT('',#7692);
#4696=VERTEX_POINT('',#7693);
#4697=VERTEX_POINT('',#7694);
#4698=VERTEX_POINT('',#7855);
#4699=VERTEX_POINT('',#7856);
#4700=VERTEX_POINT('',#7857);
#4701=VERTEX_POINT('',#7858);
#4702=VERTEX_POINT('',#7859);
#4703=VERTEX_POINT('',#7860);
#4704=VERTEX_POINT('',#7861);
#4705=VERTEX_POINT('',#7862);
#4706=VERTEX_POINT('',#7863);
#4707=VERTEX_POINT('',#7864);
#4708=VERTEX_POINT('',#7865);
#4709=VERTEX_POINT('',#7866);
#4710=VERTEX_POINT('',#7867);
#4711=VERTEX_POINT('',#7868);
#4712=VERTEX_POINT('',#7869);
#4713=VERTEX_POINT('',#7870);
#4714=VERTEX_POINT('',#7871);
#4715=VERTEX_POINT('',#7872);
#4716=VERTEX_POINT('',#7873);
#4717=VERTEX_POINT('',#7874);
#4718=VERTEX_POINT('',#7875);
#4719=VERTEX_POINT('',#7876);
#4720=VERTEX_POINT('',#7877);
#4721=VERTEX_POINT('',#7878);
#4722=VERTEX_POINT('',#7879);
#4723=VERTEX_POINT('',#7880);
#4724=VERTEX_POINT('',#7881);
#4725=VERTEX_POINT('',#7882);
#4726=VERTEX_POINT('',#7883);
#4727=VERTEX_POINT('',#7884);
#4728=VERTEX_POINT('',#7885);
#4729=VERTEX_POINT('',#7886);
#4730=VERTEX_POINT('',#8033);
#4731=VERTEX_POINT('',#8034);
#4732=VERTEX_POINT('',#8035);
#4733=VERTEX_POINT('',#8036);
#4734=VERTEX_POINT('',#8063);
#4735=VERTEX_POINT('',#8064);
#4736=VERTEX_POINT('',#8065);
#4737=VERTEX_POINT('',#8066);
#4738=VERTEX_POINT('',#8093);
#4739=VERTEX_POINT('',#8094);
#4740=VERTEX_POINT('',#8095);
#4741=VERTEX_POINT('',#8096);
#4742=VERTEX_POINT('',#8123);
#4743=VERTEX_POINT('',#8124);
#4744=VERTEX_POINT('',#8125);
#4745=VERTEX_POINT('',#8126);
#4746=VERTEX_POINT('',#8153);
#4747=VERTEX_POINT('',#8154);
#4748=VERTEX_POINT('',#8155);
#4749=VERTEX_POINT('',#8156);
#4750=VERTEX_POINT('',#8183);
#4751=VERTEX_POINT('',#8184);
#4752=VERTEX_POINT('',#8185);
#4753=VERTEX_POINT('',#8186);
#4754=VERTEX_POINT('',#8213);
#4755=VERTEX_POINT('',#8214);
#4756=VERTEX_POINT('',#8215);
#4757=VERTEX_POINT('',#8216);
#4758=VERTEX_POINT('',#8243);
#4759=VERTEX_POINT('',#8244);
#4760=VERTEX_POINT('',#8245);
#4761=VERTEX_POINT('',#8246);
#4762=VERTEX_POINT('',#8277);
#4763=VERTEX_POINT('',#8278);
#4764=VERTEX_POINT('',#8279);
#4765=VERTEX_POINT('',#8280);
#4766=VERTEX_POINT('',#8281);
#4767=VERTEX_POINT('',#8282);
#4768=VERTEX_POINT('',#8283);
#4769=VERTEX_POINT('',#8284);
#4770=VERTEX_POINT('',#8339);
#4771=VERTEX_POINT('',#8340);
#4772=VERTEX_POINT('',#8341);
#4773=VERTEX_POINT('',#8342);
#4774=VERTEX_POINT('',#8343);
#4775=VERTEX_POINT('',#8344);
#4776=VERTEX_POINT('',#8345);
#4777=VERTEX_POINT('',#8346);
#4778=VERTEX_POINT('',#8401);
#4779=VERTEX_POINT('',#8402);
#4780=VERTEX_POINT('',#8403);
#4781=VERTEX_POINT('',#8404);
#4782=VERTEX_POINT('',#8405);
#4783=VERTEX_POINT('',#8406);
#4784=VERTEX_POINT('',#8407);
#4785=VERTEX_POINT('',#8408);
#4786=VERTEX_POINT('',#8463);
#4787=VERTEX_POINT('',#8464);
#4788=VERTEX_POINT('',#8465);
#4789=VERTEX_POINT('',#8466);
#4790=VERTEX_POINT('',#8467);
#4791=VERTEX_POINT('',#8468);
#4792=VERTEX_POINT('',#8469);
#4793=VERTEX_POINT('',#8470);
#4794=VERTEX_POINT('',#8525);
#4795=VERTEX_POINT('',#8526);
#4796=VERTEX_POINT('',#8527);
#4797=VERTEX_POINT('',#8528);
#4798=VERTEX_POINT('',#8529);
#4799=VERTEX_POINT('',#8530);
#4800=VERTEX_POINT('',#8531);
#4801=VERTEX_POINT('',#8532);
#4802=VERTEX_POINT('',#8587);
#4803=VERTEX_POINT('',#8588);
#4804=VERTEX_POINT('',#8589);
#4805=VERTEX_POINT('',#8590);
#4806=VERTEX_POINT('',#8591);
#4807=VERTEX_POINT('',#8592);
#4808=VERTEX_POINT('',#8593);
#4809=VERTEX_POINT('',#8594);
#4810=VERTEX_POINT('',#8644);
#4811=VERTEX_POINT('',#8645);
#4812=VERTEX_POINT('',#8646);
#4813=VERTEX_POINT('',#8647);
#4814=VERTEX_POINT('',#8648);
#4815=VERTEX_POINT('',#8649);
#4816=VERTEX_POINT('',#8650);
#4817=VERTEX_POINT('',#8651);
#4818=VERTEX_POINT('',#8652);
#4819=VERTEX_POINT('',#8653);
#4820=VERTEX_POINT('',#8654);
#4821=VERTEX_POINT('',#8655);
#4822=VERTEX_POINT('',#8656);
#4823=VERTEX_POINT('',#8657);
#4824=VERTEX_POINT('',#8658);
#4825=VERTEX_POINT('',#8659);
#4826=VERTEX_POINT('',#8753);
#4827=VERTEX_POINT('',#8754);
#4828=VERTEX_POINT('',#8755);
#4829=VERTEX_POINT('',#8756);
#4830=VERTEX_POINT('',#8757);
#4831=VERTEX_POINT('',#8758);
#4832=VERTEX_POINT('',#8759);
#4833=VERTEX_POINT('',#8760);
#4834=VERTEX_POINT('',#8761);
#4835=VERTEX_POINT('',#8762);
#4836=VERTEX_POINT('',#8763);
#4837=VERTEX_POINT('',#8764);
#4838=VERTEX_POINT('',#8765);
#4839=VERTEX_POINT('',#8766);
#4840=VERTEX_POINT('',#8767);
#4841=VERTEX_POINT('',#8768);
#4842=VERTEX_POINT('',#8937);
#4843=VERTEX_POINT('',#8938);
#4844=VERTEX_POINT('',#8939);
#4845=VERTEX_POINT('',#8940);
#4846=VERTEX_POINT('',#8941);
#4847=VERTEX_POINT('',#8942);
#4848=VERTEX_POINT('',#8943);
#4849=VERTEX_POINT('',#8944);
#4850=VERTEX_POINT('',#8945);
#4851=VERTEX_POINT('',#8946);
#4852=VERTEX_POINT('',#8947);
#4853=VERTEX_POINT('',#8948);
#4854=VERTEX_POINT('',#8949);
#4855=VERTEX_POINT('',#8950);
#4856=VERTEX_POINT('',#8951);
#4857=VERTEX_POINT('',#8952);
#4858=VERTEX_POINT('',#8953);
#4859=VERTEX_POINT('',#8954);
#4860=VERTEX_POINT('',#8955);
#4861=VERTEX_POINT('',#8956);
#4862=VERTEX_POINT('',#8957);
#4863=VERTEX_POINT('',#8958);
#4864=VERTEX_POINT('',#8959);
#4865=VERTEX_POINT('',#8960);
#4866=VERTEX_POINT('',#8961);
#4867=VERTEX_POINT('',#8962);
#4868=VERTEX_POINT('',#8963);
#4869=VERTEX_POINT('',#8964);
#4870=VERTEX_POINT('',#8965);
#4871=VERTEX_POINT('',#8966);
#4872=VERTEX_POINT('',#8967);
#4873=VERTEX_POINT('',#8968);
#4874=VERTEX_POINT('',#8969);
#4875=VERTEX_POINT('',#8970);
#4876=VERTEX_POINT('',#8971);
#4877=VERTEX_POINT('',#8972);
#4878=VERTEX_POINT('',#8973);
#4879=VERTEX_POINT('',#8974);
#4880=VERTEX_POINT('',#8975);
#4881=VERTEX_POINT('',#8976);
#4882=VERTEX_POINT('',#8977);
#4883=VERTEX_POINT('',#8978);
#4884=VERTEX_POINT('',#8979);
#4885=VERTEX_POINT('',#8980);
#4886=VERTEX_POINT('',#8981);
#4887=VERTEX_POINT('',#8982);
#4888=VERTEX_POINT('',#8983);
#4889=VERTEX_POINT('',#8984);
#4890=VERTEX_POINT('',#8985);
#4891=VERTEX_POINT('',#8986);
#4892=VERTEX_POINT('',#8987);
#4893=VERTEX_POINT('',#8988);
#4894=VERTEX_POINT('',#9387);
#4895=VERTEX_POINT('',#9388);
#4896=VERTEX_POINT('',#9389);
#4897=VERTEX_POINT('',#9390);
#4898=VERTEX_POINT('',#9391);
#4899=VERTEX_POINT('',#9392);
#4900=VERTEX_POINT('',#9393);
#4901=VERTEX_POINT('',#9394);
#4902=VERTEX_POINT('',#9395);
#4903=VERTEX_POINT('',#9396);
#4904=VERTEX_POINT('',#9397);
#4905=VERTEX_POINT('',#9398);
#4906=VERTEX_POINT('',#9399);
#4907=VERTEX_POINT('',#9400);
#4908=VERTEX_POINT('',#9401);
#4909=VERTEX_POINT('',#9402);
#4910=VERTEX_POINT('',#9403);
#4911=VERTEX_POINT('',#9404);
#4912=VERTEX_POINT('',#9405);
#4913=VERTEX_POINT('',#9406);
#4914=VERTEX_POINT('',#9407);
#4915=VERTEX_POINT('',#9408);
#4916=VERTEX_POINT('',#9409);
#4917=VERTEX_POINT('',#9410);
#4918=VERTEX_POINT('',#9411);
#4919=VERTEX_POINT('',#9412);
#4920=VERTEX_POINT('',#9413);
#4921=VERTEX_POINT('',#9414);
#4922=VERTEX_POINT('',#9415);
#4923=VERTEX_POINT('',#9416);
#4924=VERTEX_POINT('',#9417);
#4925=VERTEX_POINT('',#9418);
#4926=VERTEX_POINT('',#9419);
#4927=VERTEX_POINT('',#9420);
#4928=VERTEX_POINT('',#9421);
#4929=VERTEX_POINT('',#9422);
#4930=VERTEX_POINT('',#9423);
#4931=VERTEX_POINT('',#9424);
#4932=VERTEX_POINT('',#9425);
#4933=VERTEX_POINT('',#9426);
#4934=VERTEX_POINT('',#9427);
#4935=VERTEX_POINT('',#9428);
#4936=VERTEX_POINT('',#9429);
#4937=VERTEX_POINT('',#9430);
#4938=VERTEX_POINT('',#9431);
#4939=VERTEX_POINT('',#9432);
#4940=VERTEX_POINT('',#9433);
#4941=VERTEX_POINT('',#9434);
#4942=VERTEX_POINT('',#9435);
#4943=VERTEX_POINT('',#9436);
#4944=VERTEX_POINT('',#9437);
#4945=VERTEX_POINT('',#9438);
#4946=(
BOUNDED_SURFACE()
B_SPLINE_SURFACE(2,2,((#6030,#6031,#6032),(#6033,#6034,#6035),(#6036,#6037,
#6038)),.UNSPECIFIED.,.F.,.F.,.F.)
B_SPLINE_SURFACE_WITH_KNOTS((3,3),(3,3),(0.,1.09952964900519),(0.,0.314159265358987),
 .UNSPECIFIED.)
GEOMETRIC_REPRESENTATION_ITEM()
RATIONAL_B_SPLINE_SURFACE(((1.,0.70710678118655,1.),(0.707106781186533,
0.499999999999992,0.707106781186533),(1.,0.70710678118655,1.)))
REPRESENTATION_ITEM('')
SURFACE()
);
#4947=(
BOUNDED_SURFACE()
B_SPLINE_SURFACE(2,2,((#6040,#6041,#6042),(#6043,#6044,#6045),(#6046,#6047,
#6048)),.UNSPECIFIED.,.F.,.F.,.F.)
B_SPLINE_SURFACE_WITH_KNOTS((3,3),(3,3),(0.,1.04455316655491),(0.,0.314159270835799),
 .UNSPECIFIED.)
GEOMETRIC_REPRESENTATION_ITEM()
RATIONAL_B_SPLINE_SURFACE(((1.,0.707106781186551,1.),(0.707106781186548,
0.500000000000003,0.707106781186548),(1.,0.707106781186551,1.)))
REPRESENTATION_ITEM('')
SURFACE()
);
#4948=(
BOUNDED_SURFACE()
B_SPLINE_SURFACE(2,2,((#6050,#6051,#6052),(#6053,#6054,#6055),(#6056,#6057,
#6058)),.UNSPECIFIED.,.F.,.F.,.F.)
B_SPLINE_SURFACE_WITH_KNOTS((3,3),(3,3),(0.,1.04455316655489),(0.,0.314159270836124),
 .UNSPECIFIED.)
GEOMETRIC_REPRESENTATION_ITEM()
RATIONAL_B_SPLINE_SURFACE(((1.,0.707106781186559,1.),(0.707106781186559,
0.500000000000016,0.707106781186559),(1.,0.707106781186559,1.)))
REPRESENTATION_ITEM('')
SURFACE()
);
#4949=(
BOUNDED_SURFACE()
B_SPLINE_SURFACE(2,2,((#6060,#6061,#6062),(#6063,#6064,#6065),(#6066,#6067,
#6068)),.UNSPECIFIED.,.F.,.F.,.F.)
B_SPLINE_SURFACE_WITH_KNOTS((3,3),(3,3),(-6.23895535974477E-16,1.09952964900518),
(0.,0.314159265358989),.UNSPECIFIED.)
GEOMETRIC_REPRESENTATION_ITEM()
RATIONAL_B_SPLINE_SURFACE(((1.,0.70710678118655,1.),(0.707106781186541,
0.499999999999997,0.707106781186541),(1.,0.70710678118655,1.)))
REPRESENTATION_ITEM('')
SURFACE()
);
#4950=(
BOUNDED_SURFACE()
B_SPLINE_SURFACE(2,2,((#6070,#6071,#6072),(#6073,#6074,#6075),(#6076,#6077,
#6078),(#6079,#6080,#6081),(#6082,#6083,#6084)),.UNSPECIFIED.,.F.,.F.,.F.)
B_SPLINE_SURFACE_WITH_KNOTS((3,2,3),(3,3),(0.,3.14151328247784,6.28302656495568),
(0.,0.314159273914492),.UNSPECIFIED.)
GEOMETRIC_REPRESENTATION_ITEM()
RATIONAL_B_SPLINE_SURFACE(((1.,0.707106766062394,1.),(0.707106781186547,
0.499999989305609,0.707106781186547),(1.,0.707106766062394,1.),(0.707106781186547,
0.499999989305609,0.707106781186547),(1.,0.707106766062394,1.)))
REPRESENTATION_ITEM('')
SURFACE()
);
#4951=(
BOUNDED_SURFACE()
B_SPLINE_SURFACE(2,2,((#6086,#6087,#6088),(#6089,#6090,#6091),(#6092,#6093,
#6094)),.UNSPECIFIED.,.F.,.F.,.F.)
B_SPLINE_SURFACE_WITH_KNOTS((3,3),(3,3),(0.,1.09952964900517),(0.,0.314159265358985),
 .UNSPECIFIED.)
GEOMETRIC_REPRESENTATION_ITEM()
RATIONAL_B_SPLINE_SURFACE(((1.,0.707106781186549,1.),(0.707106781186547,
0.5,0.707106781186547),(1.,0.707106781186549,1.)))
REPRESENTATION_ITEM('')
SURFACE()
);
#4952=(
BOUNDED_SURFACE()
B_SPLINE_SURFACE(2,2,((#6096,#6097,#6098),(#6099,#6100,#6101),(#6102,#6103,
#6104)),.UNSPECIFIED.,.F.,.F.,.F.)
B_SPLINE_SURFACE_WITH_KNOTS((3,3),(3,3),(0.,1.04455316655492),(0.,0.314159270835799),
 .UNSPECIFIED.)
GEOMETRIC_REPRESENTATION_ITEM()
RATIONAL_B_SPLINE_SURFACE(((1.,0.707106781186543,1.),(0.707106781186534,
0.499999999999988,0.707106781186534),(1.,0.707106781186543,1.)))
REPRESENTATION_ITEM('')
SURFACE()
);
#4953=(
BOUNDED_SURFACE()
B_SPLINE_SURFACE(2,2,((#6106,#6107,#6108),(#6109,#6110,#6111),(#6112,#6113,
#6114)),.UNSPECIFIED.,.F.,.F.,.F.)
B_SPLINE_SURFACE_WITH_KNOTS((3,3),(3,3),(0.,1.0445531665549),(0.,0.314159270835801),
 .UNSPECIFIED.)
GEOMETRIC_REPRESENTATION_ITEM()
RATIONAL_B_SPLINE_SURFACE(((1.,0.707106781186543,1.),(0.70710678118655,
0.499999999999999,0.70710678118655),(1.,0.707106781186543,1.)))
REPRESENTATION_ITEM('')
SURFACE()
);
#4954=(
BOUNDED_SURFACE()
B_SPLINE_SURFACE(2,2,((#6116,#6117,#6118),(#6119,#6120,#6121),(#6122,#6123,
#6124)),.UNSPECIFIED.,.F.,.F.,.F.)
B_SPLINE_SURFACE_WITH_KNOTS((3,3),(3,3),(0.,1.09952964900517),(0.,0.314159265358986),
 .UNSPECIFIED.)
GEOMETRIC_REPRESENTATION_ITEM()
RATIONAL_B_SPLINE_SURFACE(((1.,0.707106781186559,1.),(0.707106781186549,
0.500000000000009,0.707106781186549),(1.,0.707106781186559,1.)))
REPRESENTATION_ITEM('')
SURFACE()
);
#4955=(
BOUNDED_SURFACE()
B_SPLINE_SURFACE(2,2,((#6126,#6127,#6128),(#6129,#6130,#6131),(#6132,#6133,
#6134),(#6135,#6136,#6137),(#6138,#6139,#6140)),.UNSPECIFIED.,.F.,.F.,.F.)
B_SPLINE_SURFACE_WITH_KNOTS((3,2,3),(3,3),(0.,3.14151328247784,6.28302656495568),
(0.,0.314159273914492),.UNSPECIFIED.)
GEOMETRIC_REPRESENTATION_ITEM()
RATIONAL_B_SPLINE_SURFACE(((1.,0.707106766062394,1.),(0.707106781186547,
0.499999989305609,0.707106781186547),(1.,0.707106766062394,1.),(0.707106781186547,
0.499999989305609,0.707106781186547),(1.,0.707106766062394,1.)))
REPRESENTATION_ITEM('')
SURFACE()
);
#4956=(
BOUNDED_SURFACE()
B_SPLINE_SURFACE(2,2,((#6144,#6145,#6146,#6147,#6148),(#6149,#6150,#6151,
#6152,#6153),(#6154,#6155,#6156,#6157,#6158)),.UNSPECIFIED.,.F.,.F.,.F.)
B_SPLINE_SURFACE_WITH_KNOTS((3,3),(3,2,3),(0.,0.314159265358988),(0.,1.64929447340488,
3.29858894680975),.UNSPECIFIED.)
GEOMETRIC_REPRESENTATION_ITEM()
RATIONAL_B_SPLINE_SURFACE(((1.,0.707106781186548,1.,0.707106781186548,1.),
(0.707106814297822,0.500000023413207,0.707106814297822,0.500000023413207,
0.707106814297822),(1.,0.707106781186548,1.,0.707106781186548,1.)))
REPRESENTATION_ITEM('')
SURFACE()
);
#4957=(
BOUNDED_SURFACE()
B_SPLINE_SURFACE(2,2,((#6159,#6160,#6161,#6162,#6163),(#6164,#6165,#6166,
#6167,#6168),(#6169,#6170,#6171,#6172,#6173)),.UNSPECIFIED.,.F.,.F.,.F.)
B_SPLINE_SURFACE_WITH_KNOTS((3,3),(3,2,3),(0.,0.31415926535899),(0.,1.64929447340488,
3.29858894680976),.UNSPECIFIED.)
GEOMETRIC_REPRESENTATION_ITEM()
RATIONAL_B_SPLINE_SURFACE(((1.,0.707106781186548,1.,0.707106781186548,1.),
(0.707106814297835,0.500000023413216,0.707106814297835,0.500000023413216,
0.707106814297835),(1.,0.707106781186548,1.,0.707106781186548,1.)))
REPRESENTATION_ITEM('')
SURFACE()
);
#4958=(
BOUNDED_SURFACE()
B_SPLINE_SURFACE(2,2,((#6176,#6177,#6178),(#6179,#6180,#6181),(#6182,#6183,
#6184),(#6185,#6186,#6187),(#6188,#6189,#6190)),.UNSPECIFIED.,.F.,.F.,.F.)
B_SPLINE_SURFACE_WITH_KNOTS((3,2,3),(3,3),(0.,10.6811451603306,21.3622903206611),
(0.,0.314159265529086),.UNSPECIFIED.)
GEOMETRIC_REPRESENTATION_ITEM()
RATIONAL_B_SPLINE_SURFACE(((1.,0.707106781186514,1.),(0.707106781186548,
0.499999999999977,0.707106781186548),(1.,0.707106781186514,1.),(0.707106781186548,
0.499999999999977,0.707106781186548),(1.,0.707106781186514,1.)))
REPRESENTATION_ITEM('')
SURFACE()
);
#4959=(
BOUNDED_SURFACE()
B_SPLINE_SURFACE(2,2,((#6194,#6195,#6196,#6197,#6198),(#6199,#6200,#6201,
#6202,#6203),(#6204,#6205,#6206,#6207,#6208)),.UNSPECIFIED.,.F.,.F.,.F.)
B_SPLINE_SURFACE_WITH_KNOTS((3,3),(3,2,3),(0.,0.314159265358988),(3.29858894680975,
4.94788342021463,6.59717789361951),.UNSPECIFIED.)
GEOMETRIC_REPRESENTATION_ITEM()
RATIONAL_B_SPLINE_SURFACE(((1.,0.707106781186548,1.,0.707106781186548,1.),
(0.707106814297822,0.500000023413207,0.707106814297822,0.500000023413207,
0.707106814297822),(1.,0.707106781186548,1.,0.707106781186548,1.)))
REPRESENTATION_ITEM('')
SURFACE()
);
#4960=(
BOUNDED_SURFACE()
B_SPLINE_SURFACE(2,2,((#6209,#6210,#6211,#6212,#6213),(#6214,#6215,#6216,
#6217,#6218),(#6219,#6220,#6221,#6222,#6223)),.UNSPECIFIED.,.F.,.F.,.F.)
B_SPLINE_SURFACE_WITH_KNOTS((3,3),(3,2,3),(0.,0.31415926535899),(3.29858894680976,
4.94788342021464,6.59717789361952),.UNSPECIFIED.)
GEOMETRIC_REPRESENTATION_ITEM()
RATIONAL_B_SPLINE_SURFACE(((1.,0.707106781186548,1.,0.707106781186548,1.),
(0.707106814297835,0.500000023413216,0.707106814297835,0.500000023413216,
0.707106814297835),(1.,0.707106781186548,1.,0.707106781186548,1.)))
REPRESENTATION_ITEM('')
SURFACE()
);
#4961=(
BOUNDED_SURFACE()
B_SPLINE_SURFACE(2,2,((#6225,#6226,#6227),(#6228,#6229,#6230),(#6231,#6232,
#6233),(#6234,#6235,#6236),(#6237,#6238,#6239)),.UNSPECIFIED.,.F.,.F.,.F.)
B_SPLINE_SURFACE_WITH_KNOTS((3,2,3),(3,3),(21.3622903206611,32.0434354809917,
42.7245806413223),(0.,0.314159265529086),.UNSPECIFIED.)
GEOMETRIC_REPRESENTATION_ITEM()
RATIONAL_B_SPLINE_SURFACE(((1.,0.707106781186514,1.),(0.707106781186548,
0.499999999999977,0.707106781186548),(1.,0.707106781186514,1.),(0.707106781186548,
0.499999999999977,0.707106781186548),(1.,0.707106781186514,1.)))
REPRESENTATION_ITEM('')
SURFACE()
);
#4962=(
BOUNDED_SURFACE()
B_SPLINE_SURFACE(2,2,((#7775,#7776,#7777),(#7778,#7779,#7780),(#7781,#7782,
#7783)),.UNSPECIFIED.,.F.,.F.,.F.)
B_SPLINE_SURFACE_WITH_KNOTS((3,3),(3,3),(0.,5.37198771301551),(0.,0.125663707232916),
 .UNSPECIFIED.)
GEOMETRIC_REPRESENTATION_ITEM()
RATIONAL_B_SPLINE_SURFACE(((1.,0.707106776372371,1.),(0.707106781186548,
0.499999996595863,0.707106781186548),(1.,0.707106776372371,1.)))
REPRESENTATION_ITEM('')
SURFACE()
);
#4963=(
BOUNDED_SURFACE()
B_SPLINE_SURFACE(2,2,((#7785,#7786,#7787),(#7788,#7789,#7790),(#7791,#7792,
#7793)),.UNSPECIFIED.,.F.,.F.,.F.)
B_SPLINE_SURFACE_WITH_KNOTS((3,3),(3,3),(0.,5.37198771301551),(0.,0.125663707232916),
 .UNSPECIFIED.)
GEOMETRIC_REPRESENTATION_ITEM()
RATIONAL_B_SPLINE_SURFACE(((1.,0.707106776372371,1.),(0.707106781186548,
0.499999996595864,0.707106781186548),(1.,0.707106776372371,1.)))
REPRESENTATION_ITEM('')
SURFACE()
);
#4964=(
BOUNDED_SURFACE()
B_SPLINE_SURFACE(2,2,((#7795,#7796,#7797),(#7798,#7799,#7800),(#7801,#7802,
#7803)),.UNSPECIFIED.,.F.,.F.,.F.)
B_SPLINE_SURFACE_WITH_KNOTS((3,3),(3,3),(0.,5.37198771301551),(0.,0.125663707232915),
 .UNSPECIFIED.)
GEOMETRIC_REPRESENTATION_ITEM()
RATIONAL_B_SPLINE_SURFACE(((1.,0.707106776372371,1.),(0.707106781186548,
0.499999996595864,0.707106781186548),(1.,0.707106776372371,1.)))
REPRESENTATION_ITEM('')
SURFACE()
);
#4965=(
BOUNDED_SURFACE()
B_SPLINE_SURFACE(2,2,((#7805,#7806,#7807),(#7808,#7809,#7810),(#7811,#7812,
#7813)),.UNSPECIFIED.,.F.,.F.,.F.)
B_SPLINE_SURFACE_WITH_KNOTS((3,3),(3,3),(0.,5.37198771301552),(0.,0.125663707232898),
 .UNSPECIFIED.)
GEOMETRIC_REPRESENTATION_ITEM()
RATIONAL_B_SPLINE_SURFACE(((1.,0.707106776372446,1.),(0.707106781186548,
0.499999996595917,0.707106781186548),(1.,0.707106776372446,1.)))
REPRESENTATION_ITEM('')
SURFACE()
);
#4966=(
BOUNDED_SURFACE()
B_SPLINE_SURFACE(2,2,((#7815,#7816,#7817),(#7818,#7819,#7820),(#7821,#7822,
#7823)),.UNSPECIFIED.,.F.,.F.,.F.)
B_SPLINE_SURFACE_WITH_KNOTS((3,3),(3,3),(0.,0.125663707232915),(0.,5.37198771301551),
 .UNSPECIFIED.)
GEOMETRIC_REPRESENTATION_ITEM()
RATIONAL_B_SPLINE_SURFACE(((1.,0.707106781186548,1.),(0.707106776372371,
0.499999996595864,0.707106776372371),(1.,0.707106781186548,1.)))
REPRESENTATION_ITEM('')
SURFACE()
);
#4967=(
BOUNDED_SURFACE()
B_SPLINE_SURFACE(2,2,((#7825,#7826,#7827),(#7828,#7829,#7830),(#7831,#7832,
#7833)),.UNSPECIFIED.,.F.,.F.,.F.)
B_SPLINE_SURFACE_WITH_KNOTS((3,3),(3,3),(0.,0.125663707232915),(0.,5.37198771301551),
 .UNSPECIFIED.)
GEOMETRIC_REPRESENTATION_ITEM()
RATIONAL_B_SPLINE_SURFACE(((1.,0.707106781186548,1.),(0.707106776372371,
0.499999996595864,0.707106776372371),(1.,0.707106781186548,1.)))
REPRESENTATION_ITEM('')
SURFACE()
);
#4968=(
BOUNDED_SURFACE()
B_SPLINE_SURFACE(2,2,((#7835,#7836,#7837),(#7838,#7839,#7840),(#7841,#7842,
#7843)),.UNSPECIFIED.,.F.,.F.,.F.)
B_SPLINE_SURFACE_WITH_KNOTS((3,3),(3,3),(0.,0.125663707232898),(0.,5.37198771301551),
 .UNSPECIFIED.)
GEOMETRIC_REPRESENTATION_ITEM()
RATIONAL_B_SPLINE_SURFACE(((1.,0.707106781186548,1.),(0.707106776372447,
0.499999996595917,0.707106776372447),(1.,0.707106781186548,1.)))
REPRESENTATION_ITEM('')
SURFACE()
);
#4969=(
BOUNDED_SURFACE()
B_SPLINE_SURFACE(2,2,((#7845,#7846,#7847),(#7848,#7849,#7850),(#7851,#7852,
#7853)),.UNSPECIFIED.,.F.,.F.,.F.)
B_SPLINE_SURFACE_WITH_KNOTS((3,3),(3,3),(0.,0.125663707232898),(0.,5.37198771301551),
 .UNSPECIFIED.)
GEOMETRIC_REPRESENTATION_ITEM()
RATIONAL_B_SPLINE_SURFACE(((1.,0.707106781186548,1.),(0.707106776372447,
0.499999996595917,0.707106776372447),(1.,0.707106781186548,1.)))
REPRESENTATION_ITEM('')
SURFACE()
);
#4970=(
BOUNDED_SURFACE()
B_SPLINE_SURFACE(2,2,((#8861,#8862,#8863,#8864,#8865),(#8866,#8867,#8868,
#8869,#8870),(#8871,#8872,#8873,#8874,#8875),(#8876,#8877,#8878,#8879,#8880),
(#8881,#8882,#8883,#8884,#8885)),.UNSPECIFIED.,.F.,.F.,.F.)
B_SPLINE_SURFACE_WITH_KNOTS((3,2,3),(3,2,3),(-2.74889357189107,0.,2.74889357189107),
(0.,2.74889357189107,5.49778714378214),.UNSPECIFIED.)
GEOMETRIC_REPRESENTATION_ITEM()
RATIONAL_B_SPLINE_SURFACE(((1.,0.707106781186548,1.,0.707106781186548,1.),
(0.707106781186548,0.5,0.707106781186548,0.5,0.707106781186548),(1.,0.707106781186548,
1.,0.707106781186548,1.),(0.707106781186548,0.5,0.707106781186548,0.5,0.707106781186548),
(1.,0.707106781186548,1.,0.707106781186548,1.)))
REPRESENTATION_ITEM('')
SURFACE()
);
#4971=(
BOUNDED_SURFACE()
B_SPLINE_SURFACE(2,2,((#8912,#8913,#8914,#8915,#8916),(#8917,#8918,#8919,
#8920,#8921),(#8922,#8923,#8924,#8925,#8926),(#8927,#8928,#8929,#8930,#8931),
(#8932,#8933,#8934,#8935,#8936)),.UNSPECIFIED.,.F.,.F.,.F.)
B_SPLINE_SURFACE_WITH_KNOTS((3,2,3),(3,2,3),(-2.74889357189107,0.,2.74889357189107),
(5.49778714378214,8.24668071567321,10.9955742875643),.UNSPECIFIED.)
GEOMETRIC_REPRESENTATION_ITEM()
RATIONAL_B_SPLINE_SURFACE(((1.,0.707106781186548,1.,0.707106781186548,1.),
(0.707106781186548,0.5,0.707106781186548,0.5,0.707106781186548),(1.,0.707106781186548,
1.,0.707106781186548,1.),(0.707106781186548,0.5,0.707106781186548,0.5,0.707106781186548),
(1.,0.707106781186548,1.,0.707106781186548,1.)))
REPRESENTATION_ITEM('')
SURFACE()
);
#4972=(
BOUNDED_SURFACE()
B_SPLINE_SURFACE(2,2,((#9311,#9312,#9313,#9314,#9315),(#9316,#9317,#9318,
#9319,#9320),(#9321,#9322,#9323,#9324,#9325),(#9326,#9327,#9328,#9329,#9330),
(#9331,#9332,#9333,#9334,#9335)),.UNSPECIFIED.,.F.,.F.,.F.)
B_SPLINE_SURFACE_WITH_KNOTS((3,2,3),(3,2,3),(0.,2.74889357189107,5.49778714378214),
(-2.74889357189107,0.,2.74889357189107),.UNSPECIFIED.)
GEOMETRIC_REPRESENTATION_ITEM()
RATIONAL_B_SPLINE_SURFACE(((1.,0.707106781186548,1.,0.707106781186548,1.),
(0.707106781186548,0.5,0.707106781186548,0.5,0.707106781186548),(1.,0.707106781186548,
1.,0.707106781186548,1.),(0.707106781186548,0.5,0.707106781186548,0.5,0.707106781186548),
(1.,0.707106781186548,1.,0.707106781186548,1.)))
REPRESENTATION_ITEM('')
SURFACE()
);
#4973=(
BOUNDED_SURFACE()
B_SPLINE_SURFACE(2,2,((#9362,#9363,#9364,#9365,#9366),(#9367,#9368,#9369,
#9370,#9371),(#9372,#9373,#9374,#9375,#9376),(#9377,#9378,#9379,#9380,#9381),
(#9382,#9383,#9384,#9385,#9386)),.UNSPECIFIED.,.F.,.F.,.F.)
B_SPLINE_SURFACE_WITH_KNOTS((3,2,3),(3,2,3),(5.49778714378214,8.24668071567321,
10.9955742875643),(-2.74889357189107,0.,2.74889357189107),.UNSPECIFIED.)
GEOMETRIC_REPRESENTATION_ITEM()
RATIONAL_B_SPLINE_SURFACE(((1.,0.707106781186548,1.,0.707106781186548,1.),
(0.707106781186548,0.5,0.707106781186548,0.5,0.707106781186548),(1.,0.707106781186548,
1.,0.707106781186548,1.),(0.707106781186548,0.5,0.707106781186548,0.5,0.707106781186548),
(1.,0.707106781186548,1.,0.707106781186548,1.)))
REPRESENTATION_ITEM('')
SURFACE()
);
#4974=CYLINDRICAL_SURFACE('',#5374,0.500000000000002);
#4975=CYLINDRICAL_SURFACE('',#5376,0.499999999999996);
#4976=CYLINDRICAL_SURFACE('',#5378,0.499999999999994);
#4977=CYLINDRICAL_SURFACE('',#5380,0.500000000000002);
#4978=CYLINDRICAL_SURFACE('',#5381,6.);
#4979=CYLINDRICAL_SURFACE('',#5382,0.500000000000001);
#4980=CYLINDRICAL_SURFACE('',#5384,0.865);
#4981=CYLINDRICAL_SURFACE('',#5386,0.864999999999998);
#4982=CYLINDRICAL_SURFACE('',#5388,0.500000000000002);
#4983=CYLINDRICAL_SURFACE('',#5390,2.2);
#4984=CYLINDRICAL_SURFACE('',#5392,0.5);
#4985=CYLINDRICAL_SURFACE('',#5394,0.864999999999992);
#4986=CYLINDRICAL_SURFACE('',#5396,0.864999999999999);
#4987=CYLINDRICAL_SURFACE('',#5398,0.5);
#4988=CYLINDRICAL_SURFACE('',#5400,2.2);
#4989=CYLINDRICAL_SURFACE('',#5403,0.2);
#4990=CYLINDRICAL_SURFACE('',#5404,0.200000000000002);
#4991=CYLINDRICAL_SURFACE('',#5405,0.199999999999994);
#4992=CYLINDRICAL_SURFACE('',#5406,0.199999999999994);
#4993=CYLINDRICAL_SURFACE('',#5407,0.199999999999995);
#4994=CYLINDRICAL_SURFACE('',#5408,0.200000000000004);
#4995=CYLINDRICAL_SURFACE('',#5409,0.199999999999997);
#4996=CYLINDRICAL_SURFACE('',#5410,0.200000000000001);
#4997=CYLINDRICAL_SURFACE('',#5411,0.200000000000016);
#4998=CYLINDRICAL_SURFACE('',#5412,0.199999999999986);
#4999=CYLINDRICAL_SURFACE('',#5413,0.85);
#5000=CYLINDRICAL_SURFACE('',#5414,0.85);
#5001=CYLINDRICAL_SURFACE('',#5415,7.);
#5002=CYLINDRICAL_SURFACE('',#5417,6.);
#5003=CYLINDRICAL_SURFACE('',#5418,0.850000000000001);
#5004=CYLINDRICAL_SURFACE('',#5419,0.85);
#5005=CYLINDRICAL_SURFACE('',#5420,7.);
#5006=CYLINDRICAL_SURFACE('',#5558,3.50000000000001);
#5007=CYLINDRICAL_SURFACE('',#5560,3.50000000000001);
#5008=CYLINDRICAL_SURFACE('',#5562,3.50000000000001);
#5009=CYLINDRICAL_SURFACE('',#5564,3.50000000000001);
#5010=CYLINDRICAL_SURFACE('',#5566,0.0799999999999983);
#5011=CYLINDRICAL_SURFACE('',#5567,0.0800000000000018);
#5012=CYLINDRICAL_SURFACE('',#5568,0.0799999999999983);
#5013=CYLINDRICAL_SURFACE('',#5569,0.0799999999999841);
#5014=CYLINDRICAL_SURFACE('',#5570,0.0799999999999983);
#5015=CYLINDRICAL_SURFACE('',#5571,0.0799999999999912);
#5016=CYLINDRICAL_SURFACE('',#5572,0.0799999999999983);
#5017=CYLINDRICAL_SURFACE('',#5573,0.0800000000000054);
#5018=CYLINDRICAL_SURFACE('',#5574,2.);
#5019=CYLINDRICAL_SURFACE('',#5575,2.);
#5020=CYLINDRICAL_SURFACE('',#5576,2.);
#5021=CYLINDRICAL_SURFACE('',#5577,2.);
#5022=CYLINDRICAL_SURFACE('',#5578,2.);
#5023=CYLINDRICAL_SURFACE('',#5579,2.);
#5024=CYLINDRICAL_SURFACE('',#5580,2.);
#5025=CYLINDRICAL_SURFACE('',#5581,2.);
#5026=CYLINDRICAL_SURFACE('',#5582,2.);
#5027=CYLINDRICAL_SURFACE('',#5583,2.);
#5028=CYLINDRICAL_SURFACE('',#5584,2.);
#5029=CYLINDRICAL_SURFACE('',#5585,2.);
#5030=CYLINDRICAL_SURFACE('',#5586,0.755000000000001);
#5031=CYLINDRICAL_SURFACE('',#5587,0.755000000000001);
#5032=CYLINDRICAL_SURFACE('',#5588,0.755000000000001);
#5033=CYLINDRICAL_SURFACE('',#5589,0.755000000000001);
#5034=CYLINDRICAL_SURFACE('',#5590,0.999999999999996);
#5035=CYLINDRICAL_SURFACE('',#5593,2.);
#5036=CYLINDRICAL_SURFACE('',#5594,1.);
#5037=CYLINDRICAL_SURFACE('',#5595,2.);
#5038=CYLINDRICAL_SURFACE('',#5596,0.999999999999996);
#5039=CYLINDRICAL_SURFACE('',#5599,2.);
#5040=CYLINDRICAL_SURFACE('',#5600,1.);
#5041=CYLINDRICAL_SURFACE('',#5601,2.);
#5042=CYLINDRICAL_SURFACE('',#5602,1.);
#5043=CYLINDRICAL_SURFACE('',#5605,2.);
#5044=CYLINDRICAL_SURFACE('',#5606,1.);
#5045=CYLINDRICAL_SURFACE('',#5607,2.);
#5046=CYLINDRICAL_SURFACE('',#5608,1.);
#5047=CYLINDRICAL_SURFACE('',#5611,2.);
#5048=CYLINDRICAL_SURFACE('',#5612,0.999999999999996);
#5049=CYLINDRICAL_SURFACE('',#5613,2.);
#5050=CYLINDRICAL_SURFACE('',#5614,1.);
#5051=CYLINDRICAL_SURFACE('',#5617,2.);
#5052=CYLINDRICAL_SURFACE('',#5618,1.);
#5053=CYLINDRICAL_SURFACE('',#5619,2.);
#5054=CYLINDRICAL_SURFACE('',#5620,1.);
#5055=CYLINDRICAL_SURFACE('',#5623,2.);
#5056=CYLINDRICAL_SURFACE('',#5624,0.999999999999996);
#5057=CYLINDRICAL_SURFACE('',#5625,2.);
#5058=CYLINDRICAL_SURFACE('',#5629,0.199999999999998);
#5059=CYLINDRICAL_SURFACE('',#5631,0.200000000000003);
#5060=CYLINDRICAL_SURFACE('',#5633,0.200000000000001);
#5061=CYLINDRICAL_SURFACE('',#5635,0.200000000000002);
#5062=CYLINDRICAL_SURFACE('',#5637,0.200000000000001);
#5063=CYLINDRICAL_SURFACE('',#5639,0.199999999999997);
#5064=CYLINDRICAL_SURFACE('',#5641,0.199999999999998);
#5065=CYLINDRICAL_SURFACE('',#5643,0.199999999999996);
#5066=CYLINDRICAL_SURFACE('',#5645,0.200000000000003);
#5067=CYLINDRICAL_SURFACE('',#5647,0.200000000000002);
#5068=CYLINDRICAL_SURFACE('',#5649,0.199999999999998);
#5069=CYLINDRICAL_SURFACE('',#5651,0.200000000000001);
#5070=CYLINDRICAL_SURFACE('',#5655,0.199999999999998);
#5071=CYLINDRICAL_SURFACE('',#5657,0.200000000000003);
#5072=CYLINDRICAL_SURFACE('',#5659,0.200000000000001);
#5073=CYLINDRICAL_SURFACE('',#5661,0.200000000000002);
#5074=CYLINDRICAL_SURFACE('',#5663,0.200000000000001);
#5075=CYLINDRICAL_SURFACE('',#5665,0.199999999999997);
#5076=CYLINDRICAL_SURFACE('',#5667,0.199999999999998);
#5077=CYLINDRICAL_SURFACE('',#5669,0.199999999999996);
#5078=CYLINDRICAL_SURFACE('',#5671,0.200000000000003);
#5079=CYLINDRICAL_SURFACE('',#5673,0.200000000000002);
#5080=CYLINDRICAL_SURFACE('',#5675,0.199999999999998);
#5081=CYLINDRICAL_SURFACE('',#5677,0.200000000000001);
#5082=PLANE('',#5371);
#5083=PLANE('',#5372);
#5084=PLANE('',#5373);
#5085=PLANE('',#5375);
#5086=PLANE('',#5377);
#5087=PLANE('',#5379);
#5088=PLANE('',#5383);
#5089=PLANE('',#5385);
#5090=PLANE('',#5387);
#5091=PLANE('',#5389);
#5092=PLANE('',#5391);
#5093=PLANE('',#5393);
#5094=PLANE('',#5395);
#5095=PLANE('',#5397);
#5096=PLANE('',#5399);
#5097=PLANE('',#5401);
#5098=PLANE('',#5402);
#5099=PLANE('',#5416);
#5100=PLANE('',#5421);
#5101=PLANE('',#5422);
#5102=PLANE('',#5423);
#5103=PLANE('',#5424);
#5104=PLANE('',#5425);
#5105=PLANE('',#5426);
#5106=PLANE('',#5427);
#5107=PLANE('',#5428);
#5108=PLANE('',#5429);
#5109=PLANE('',#5430);
#5110=PLANE('',#5431);
#5111=PLANE('',#5432);
#5112=PLANE('',#5433);
#5113=PLANE('',#5434);
#5114=PLANE('',#5435);
#5115=PLANE('',#5436);
#5116=PLANE('',#5437);
#5117=PLANE('',#5438);
#5118=PLANE('',#5439);
#5119=PLANE('',#5440);
#5120=PLANE('',#5441);
#5121=PLANE('',#5442);
#5122=PLANE('',#5443);
#5123=PLANE('',#5444);
#5124=PLANE('',#5445);
#5125=PLANE('',#5446);
#5126=PLANE('',#5447);
#5127=PLANE('',#5448);
#5128=PLANE('',#5449);
#5129=PLANE('',#5450);
#5130=PLANE('',#5451);
#5131=PLANE('',#5452);
#5132=PLANE('',#5453);
#5133=PLANE('',#5454);
#5134=PLANE('',#5455);
#5135=PLANE('',#5456);
#5136=PLANE('',#5457);
#5137=PLANE('',#5458);
#5138=PLANE('',#5459);
#5139=PLANE('',#5460);
#5140=PLANE('',#5461);
#5141=PLANE('',#5462);
#5142=PLANE('',#5463);
#5143=PLANE('',#5464);
#5144=PLANE('',#5465);
#5145=PLANE('',#5466);
#5146=PLANE('',#5467);
#5147=PLANE('',#5468);
#5148=PLANE('',#5469);
#5149=PLANE('',#5470);
#5150=PLANE('',#5471);
#5151=PLANE('',#5472);
#5152=PLANE('',#5473);
#5153=PLANE('',#5474);
#5154=PLANE('',#5475);
#5155=PLANE('',#5476);
#5156=PLANE('',#5477);
#5157=PLANE('',#5478);
#5158=PLANE('',#5479);
#5159=PLANE('',#5480);
#5160=PLANE('',#5481);
#5161=PLANE('',#5482);
#5162=PLANE('',#5483);
#5163=PLANE('',#5484);
#5164=PLANE('',#5485);
#5165=PLANE('',#5486);
#5166=PLANE('',#5487);
#5167=PLANE('',#5488);
#5168=PLANE('',#5489);
#5169=PLANE('',#5490);
#5170=PLANE('',#5491);
#5171=PLANE('',#5492);
#5172=PLANE('',#5493);
#5173=PLANE('',#5494);
#5174=PLANE('',#5495);
#5175=PLANE('',#5496);
#5176=PLANE('',#5497);
#5177=PLANE('',#5498);
#5178=PLANE('',#5499);
#5179=PLANE('',#5500);
#5180=PLANE('',#5501);
#5181=PLANE('',#5502);
#5182=PLANE('',#5503);
#5183=PLANE('',#5504);
#5184=PLANE('',#5505);
#5185=PLANE('',#5506);
#5186=PLANE('',#5507);
#5187=PLANE('',#5508);
#5188=PLANE('',#5509);
#5189=PLANE('',#5510);
#5190=PLANE('',#5511);
#5191=PLANE('',#5512);
#5192=PLANE('',#5513);
#5193=PLANE('',#5514);
#5194=PLANE('',#5515);
#5195=PLANE('',#5516);
#5196=PLANE('',#5517);
#5197=PLANE('',#5518);
#5198=PLANE('',#5519);
#5199=PLANE('',#5520);
#5200=PLANE('',#5521);
#5201=PLANE('',#5522);
#5202=PLANE('',#5523);
#5203=PLANE('',#5524);
#5204=PLANE('',#5525);
#5205=PLANE('',#5526);
#5206=PLANE('',#5527);
#5207=PLANE('',#5528);
#5208=PLANE('',#5529);
#5209=PLANE('',#5530);
#5210=PLANE('',#5531);
#5211=PLANE('',#5532);
#5212=PLANE('',#5533);
#5213=PLANE('',#5534);
#5214=PLANE('',#5535);
#5215=PLANE('',#5536);
#5216=PLANE('',#5537);
#5217=PLANE('',#5538);
#5218=PLANE('',#5539);
#5219=PLANE('',#5540);
#5220=PLANE('',#5541);
#5221=PLANE('',#5542);
#5222=PLANE('',#5543);
#5223=PLANE('',#5544);
#5224=PLANE('',#5545);
#5225=PLANE('',#5546);
#5226=PLANE('',#5547);
#5227=PLANE('',#5548);
#5228=PLANE('',#5549);
#5229=PLANE('',#5550);
#5230=PLANE('',#5551);
#5231=PLANE('',#5552);
#5232=PLANE('',#5553);
#5233=PLANE('',#5554);
#5234=PLANE('',#5555);
#5235=PLANE('',#5556);
#5236=PLANE('',#5557);
#5237=PLANE('',#5559);
#5238=PLANE('',#5561);
#5239=PLANE('',#5563);
#5240=PLANE('',#5565);
#5241=PLANE('',#5591);
#5242=PLANE('',#5592);
#5243=PLANE('',#5597);
#5244=PLANE('',#5598);
#5245=PLANE('',#5603);
#5246=PLANE('',#5604);
#5247=PLANE('',#5609);
#5248=PLANE('',#5610);
#5249=PLANE('',#5615);
#5250=PLANE('',#5616);
#5251=PLANE('',#5621);
#5252=PLANE('',#5622);
#5253=PLANE('',#5626);
#5254=PLANE('',#5627);
#5255=PLANE('',#5628);
#5256=PLANE('',#5630);
#5257=PLANE('',#5632);
#5258=PLANE('',#5634);
#5259=PLANE('',#5636);
#5260=PLANE('',#5638);
#5261=PLANE('',#5640);
#5262=PLANE('',#5642);
#5263=PLANE('',#5644);
#5264=PLANE('',#5646);
#5265=PLANE('',#5648);
#5266=PLANE('',#5650);
#5267=PLANE('',#5652);
#5268=PLANE('',#5653);
#5269=PLANE('',#5654);
#5270=PLANE('',#5656);
#5271=PLANE('',#5658);
#5272=PLANE('',#5660);
#5273=PLANE('',#5662);
#5274=PLANE('',#5664);
#5275=PLANE('',#5666);
#5276=PLANE('',#5668);
#5277=PLANE('',#5670);
#5278=PLANE('',#5672);
#5279=PLANE('',#5674);
#5280=PLANE('',#5676);
#5281=PLANE('',#5678);
#5282=PLANE('',#5679);
#5283=SHAPE_DEFINITION_REPRESENTATION(#5284,#5369);
#5284=PRODUCT_DEFINITION_SHAPE('Document','',#5286);
#5285=PRODUCT_DEFINITION_CONTEXT('3D Mechanical Parts',#5358,'design');
#5286=PRODUCT_DEFINITION('A','First version',#5328,#5285);
#5287=DATE_TIME_ROLE('classification_date');
#5288=DATE_TIME_ROLE('creation_date');
#5289=APPLIED_DATE_AND_TIME_ASSIGNMENT(#5313,#5287,(#5292));
#5290=APPLIED_DATE_AND_TIME_ASSIGNMENT(#5315,#5288,(#5286));
#5291=SECURITY_CLASSIFICATION_LEVEL('unclassified');
#5292=SECURITY_CLASSIFICATION('A','Security for version',#5291);
#5293=APPLIED_SECURITY_CLASSIFICATION_ASSIGNMENT(#5292,(#5328));
#5294=APPROVAL_ROLE('Version approval');
#5295=APPROVAL_ROLE('Version Security approval');
#5296=APPROVAL_ROLE('Definition approval');
#5297=APPROVAL_PERSON_ORGANIZATION(#5346,#5322,#5294);
#5298=APPROVAL_PERSON_ORGANIZATION(#5347,#5323,#5295);
#5299=APPROVAL_PERSON_ORGANIZATION(#5350,#5324,#5296);
#5300=COORDINATED_UNIVERSAL_TIME_OFFSET(5,0,.BEHIND.);
#5301=LOCAL_TIME(0,0,0.,#5300);
#5302=LOCAL_TIME(0,0,0.,#5300);
#5303=LOCAL_TIME(0,0,0.,#5300);
#5304=LOCAL_TIME(0,0,0.,#5300);
#5305=LOCAL_TIME(0,0,0.,#5300);
#5306=CALENDAR_DATE(1999,1,1);
#5307=CALENDAR_DATE(1999,1,1);
#5308=CALENDAR_DATE(1999,1,1);
#5309=CALENDAR_DATE(1999,1,1);
#5310=CALENDAR_DATE(1999,1,1);
#5311=DATE_AND_TIME(#5306,#5301);
#5312=DATE_AND_TIME(#5307,#5302);
#5313=DATE_AND_TIME(#5308,#5303);
#5314=DATE_AND_TIME(#5309,#5304);
#5315=DATE_AND_TIME(#5310,#5305);
#5316=APPROVAL_DATE_TIME(#5311,#5322);
#5317=APPROVAL_DATE_TIME(#5312,#5323);
#5318=APPROVAL_DATE_TIME(#5314,#5324);
#5319=APPROVAL_STATUS('not_yet_approved');
#5320=APPROVAL_STATUS('not_yet_approved');
#5321=APPROVAL_STATUS('approved');
#5322=APPROVAL(#5319,'Version approval');
#5323=APPROVAL(#5320,'Version Security approval');
#5324=APPROVAL(#5321,'Definition approval');
#5325=APPLIED_APPROVAL_ASSIGNMENT(#5322,(#5328));
#5326=APPLIED_APPROVAL_ASSIGNMENT(#5323,(#5292));
#5327=APPLIED_APPROVAL_ASSIGNMENT(#5324,(#5286));
#5328=PRODUCT_DEFINITION_FORMATION_WITH_SPECIFIED_SOURCE('A',
'First version',#5360,.MADE.);
#5329=PERSON_AND_ORGANIZATION_ROLE('design_owner');
#5330=PERSON_AND_ORGANIZATION_ROLE('creator');
#5331=PERSON_AND_ORGANIZATION_ROLE('design_supplier');
#5332=PERSON_AND_ORGANIZATION_ROLE('classification_officer');
#5333=PERSON_AND_ORGANIZATION_ROLE('creator');
#5334=ORGANIZATION('STI','lab','lab');
#5335=ORGANIZATION('STI','unknown','unknown');
#5336=ORGANIZATION('STI','unknown','unknown');
#5337=ORGANIZATION('STI','unknown','unknown');
#5338=ORGANIZATION('STI','unknown','unknown');
#5339=ORGANIZATION('STI','unknown','unknown');
#5340=ORGANIZATION('STI','unknown','unknown');
#5341=PERSON('1','Box','vc60',$,$,$);
#5342=PERSON('2','last','first',$,$,$);
#5343=PERSON('3','President','Mr.',$,$,$);
#5344=PERSON_AND_ORGANIZATION(#5341,#5334);
#5345=PERSON_AND_ORGANIZATION(#5342,#5335);
#5346=PERSON_AND_ORGANIZATION(#5343,#5336);
#5347=PERSON_AND_ORGANIZATION(#5343,#5337);
#5348=PERSON_AND_ORGANIZATION(#5343,#5338);
#5349=PERSON_AND_ORGANIZATION(#5342,#5339);
#5350=PERSON_AND_ORGANIZATION(#5343,#5340);
#5351=APPLIED_PERSON_AND_ORGANIZATION_ASSIGNMENT(#5344,#5329,(#5360));
#5352=APPLIED_PERSON_AND_ORGANIZATION_ASSIGNMENT(#5345,#5330,(#5328));
#5353=APPLIED_PERSON_AND_ORGANIZATION_ASSIGNMENT(#5345,#5331,(#5328));
#5354=APPLIED_PERSON_AND_ORGANIZATION_ASSIGNMENT(#5348,#5332,(#5292));
#5355=APPLIED_PERSON_AND_ORGANIZATION_ASSIGNMENT(#5349,#5333,(#5286));
#5356=PRODUCT_RELATED_PRODUCT_CATEGORY('detail','detail',(#5360));
#5357=APPLICATION_PROTOCOL_DEFINITION('International Standard',
'config_control_design',1994,#5358);
#5358=APPLICATION_CONTEXT(
'configuration controlled 3d designs of mechanical parts and assemblie
s');
#5359=PRODUCT_CONTEXT('3D Mechanical Parts',#5358,'mechanical');
#5360=PRODUCT('Document','Document','Rhino converted to STEP',(#5359));
#5361=(
LENGTH_UNIT()
NAMED_UNIT(*)
SI_UNIT(.MILLI.,.METRE.)
);
#5362=(
NAMED_UNIT(*)
PLANE_ANGLE_UNIT()
SI_UNIT($,.RADIAN.)
);
#5363=DIMENSIONAL_EXPONENTS(0.,0.,0.,0.,0.,0.,0.);
#5364=PLANE_ANGLE_MEASURE_WITH_UNIT(PLANE_ANGLE_MEASURE(0.01745329252),
#5362);
#5365=(
CONVERSION_BASED_UNIT('DEGREES',#5364)
NAMED_UNIT(#5363)
PLANE_ANGLE_UNIT()
);
#5366=(
NAMED_UNIT(*)
SI_UNIT($,.STERADIAN.)
SOLID_ANGLE_UNIT()
);
#5367=UNCERTAINTY_MEASURE_WITH_UNIT(LENGTH_MEASURE(0.001),#5361,
'DISTANCE_ACCURACY_VALUE',
'Maximum model space distance between geometric entities at asserted c
onnectivities');
#5368=(
GEOMETRIC_REPRESENTATION_CONTEXT(3)
GLOBAL_UNCERTAINTY_ASSIGNED_CONTEXT((#5367))
GLOBAL_UNIT_ASSIGNED_CONTEXT((#5366,#5365,#5361))
REPRESENTATION_CONTEXT('ID1','3D')
);
#5369=SHAPE_REPRESENTATION('Document',(#5370,#5680,#5681),#5368);
#5370=AXIS2_PLACEMENT_3D('',#5997,#5682,#5683);
#5371=AXIS2_PLACEMENT_3D('',#5998,#5684,$);
#5372=AXIS2_PLACEMENT_3D('',#5999,#5685,$);
#5373=AXIS2_PLACEMENT_3D('',#6000,#5686,$);
#5374=AXIS2_PLACEMENT_3D('',#6001,#5687,$);
#5375=AXIS2_PLACEMENT_3D('',#6002,#5688,$);
#5376=AXIS2_PLACEMENT_3D('',#6003,#5689,$);
#5377=AXIS2_PLACEMENT_3D('',#6004,#5690,$);
#5378=AXIS2_PLACEMENT_3D('',#6005,#5691,$);
#5379=AXIS2_PLACEMENT_3D('',#6006,#5692,$);
#5380=AXIS2_PLACEMENT_3D('',#6007,#5693,$);
#5381=AXIS2_PLACEMENT_3D('',#6008,#5694,$);
#5382=AXIS2_PLACEMENT_3D('',#6009,#5695,$);
#5383=AXIS2_PLACEMENT_3D('',#6010,#5696,$);
#5384=AXIS2_PLACEMENT_3D('',#6011,#5697,$);
#5385=AXIS2_PLACEMENT_3D('',#6012,#5698,$);
#5386=AXIS2_PLACEMENT_3D('',#6013,#5699,$);
#5387=AXIS2_PLACEMENT_3D('',#6014,#5700,$);
#5388=AXIS2_PLACEMENT_3D('',#6015,#5701,$);
#5389=AXIS2_PLACEMENT_3D('',#6016,#5702,$);
#5390=AXIS2_PLACEMENT_3D('',#6017,#5703,$);
#5391=AXIS2_PLACEMENT_3D('',#6018,#5704,$);
#5392=AXIS2_PLACEMENT_3D('',#6019,#5705,$);
#5393=AXIS2_PLACEMENT_3D('',#6020,#5706,$);
#5394=AXIS2_PLACEMENT_3D('',#6021,#5707,$);
#5395=AXIS2_PLACEMENT_3D('',#6022,#5708,$);
#5396=AXIS2_PLACEMENT_3D('',#6023,#5709,$);
#5397=AXIS2_PLACEMENT_3D('',#6024,#5710,$);
#5398=AXIS2_PLACEMENT_3D('',#6025,#5711,$);
#5399=AXIS2_PLACEMENT_3D('',#6026,#5712,$);
#5400=AXIS2_PLACEMENT_3D('',#6027,#5713,$);
#5401=AXIS2_PLACEMENT_3D('',#6028,#5714,$);
#5402=AXIS2_PLACEMENT_3D('',#6029,#5715,$);
#5403=AXIS2_PLACEMENT_3D('',#6039,#5716,$);
#5404=AXIS2_PLACEMENT_3D('',#6049,#5717,$);
#5405=AXIS2_PLACEMENT_3D('',#6059,#5718,$);
#5406=AXIS2_PLACEMENT_3D('',#6069,#5719,$);
#5407=AXIS2_PLACEMENT_3D('',#6085,#5720,$);
#5408=AXIS2_PLACEMENT_3D('',#6095,#5721,$);
#5409=AXIS2_PLACEMENT_3D('',#6105,#5722,$);
#5410=AXIS2_PLACEMENT_3D('',#6115,#5723,$);
#5411=AXIS2_PLACEMENT_3D('',#6125,#5724,$);
#5412=AXIS2_PLACEMENT_3D('',#6141,#5725,$);
#5413=AXIS2_PLACEMENT_3D('',#6142,#5726,$);
#5414=AXIS2_PLACEMENT_3D('',#6143,#5727,$);
#5415=AXIS2_PLACEMENT_3D('',#6174,#5728,$);
#5416=AXIS2_PLACEMENT_3D('',#6175,#5729,$);
#5417=AXIS2_PLACEMENT_3D('',#6191,#5730,$);
#5418=AXIS2_PLACEMENT_3D('',#6192,#5731,$);
#5419=AXIS2_PLACEMENT_3D('',#6193,#5732,$);
#5420=AXIS2_PLACEMENT_3D('',#6224,#5733,$);
#5421=AXIS2_PLACEMENT_3D('',#6818,#5734,$);
#5422=AXIS2_PLACEMENT_3D('',#6831,#5735,$);
#5423=AXIS2_PLACEMENT_3D('',#6844,#5736,$);
#5424=AXIS2_PLACEMENT_3D('',#6845,#5737,$);
#5425=AXIS2_PLACEMENT_3D('',#6846,#5738,$);
#5426=AXIS2_PLACEMENT_3D('',#6847,#5739,$);
#5427=AXIS2_PLACEMENT_3D('',#6848,#5740,$);
#5428=AXIS2_PLACEMENT_3D('',#6849,#5741,$);
#5429=AXIS2_PLACEMENT_3D('',#6882,#5742,$);
#5430=AXIS2_PLACEMENT_3D('',#6883,#5743,$);
#5431=AXIS2_PLACEMENT_3D('',#6884,#5744,$);
#5432=AXIS2_PLACEMENT_3D('',#6885,#5745,$);
#5433=AXIS2_PLACEMENT_3D('',#6886,#5746,$);
#5434=AXIS2_PLACEMENT_3D('',#6887,#5747,$);
#5435=AXIS2_PLACEMENT_3D('',#6932,#5748,$);
#5436=AXIS2_PLACEMENT_3D('',#6933,#5749,$);
#5437=AXIS2_PLACEMENT_3D('',#6934,#5750,$);
#5438=AXIS2_PLACEMENT_3D('',#6935,#5751,$);
#5439=AXIS2_PLACEMENT_3D('',#6936,#5752,$);
#5440=AXIS2_PLACEMENT_3D('',#6937,#5753,$);
#5441=AXIS2_PLACEMENT_3D('',#6970,#5754,$);
#5442=AXIS2_PLACEMENT_3D('',#6971,#5755,$);
#5443=AXIS2_PLACEMENT_3D('',#6972,#5756,$);
#5444=AXIS2_PLACEMENT_3D('',#6973,#5757,$);
#5445=AXIS2_PLACEMENT_3D('',#6974,#5758,$);
#5446=AXIS2_PLACEMENT_3D('',#6975,#5759,$);
#5447=AXIS2_PLACEMENT_3D('',#7008,#5760,$);
#5448=AXIS2_PLACEMENT_3D('',#7009,#5761,$);
#5449=AXIS2_PLACEMENT_3D('',#7010,#5762,$);
#5450=AXIS2_PLACEMENT_3D('',#7011,#5763,$);
#5451=AXIS2_PLACEMENT_3D('',#7012,#5764,$);
#5452=AXIS2_PLACEMENT_3D('',#7013,#5765,$);
#5453=AXIS2_PLACEMENT_3D('',#7046,#5766,$);
#5454=AXIS2_PLACEMENT_3D('',#7047,#5767,$);
#5455=AXIS2_PLACEMENT_3D('',#7048,#5768,$);
#5456=AXIS2_PLACEMENT_3D('',#7049,#5769,$);
#5457=AXIS2_PLACEMENT_3D('',#7050,#5770,$);
#5458=AXIS2_PLACEMENT_3D('',#7051,#5771,$);
#5459=AXIS2_PLACEMENT_3D('',#7084,#5772,$);
#5460=AXIS2_PLACEMENT_3D('',#7085,#5773,$);
#5461=AXIS2_PLACEMENT_3D('',#7086,#5774,$);
#5462=AXIS2_PLACEMENT_3D('',#7087,#5775,$);
#5463=AXIS2_PLACEMENT_3D('',#7088,#5776,$);
#5464=AXIS2_PLACEMENT_3D('',#7089,#5777,$);
#5465=AXIS2_PLACEMENT_3D('',#7122,#5778,$);
#5466=AXIS2_PLACEMENT_3D('',#7123,#5779,$);
#5467=AXIS2_PLACEMENT_3D('',#7124,#5780,$);
#5468=AXIS2_PLACEMENT_3D('',#7125,#5781,$);
#5469=AXIS2_PLACEMENT_3D('',#7126,#5782,$);
#5470=AXIS2_PLACEMENT_3D('',#7127,#5783,$);
#5471=AXIS2_PLACEMENT_3D('',#7160,#5784,$);
#5472=AXIS2_PLACEMENT_3D('',#7161,#5785,$);
#5473=AXIS2_PLACEMENT_3D('',#7162,#5786,$);
#5474=AXIS2_PLACEMENT_3D('',#7163,#5787,$);
#5475=AXIS2_PLACEMENT_3D('',#7164,#5788,$);
#5476=AXIS2_PLACEMENT_3D('',#7165,#5789,$);
#5477=AXIS2_PLACEMENT_3D('',#7198,#5790,$);
#5478=AXIS2_PLACEMENT_3D('',#7199,#5791,$);
#5479=AXIS2_PLACEMENT_3D('',#7200,#5792,$);
#5480=AXIS2_PLACEMENT_3D('',#7201,#5793,$);
#5481=AXIS2_PLACEMENT_3D('',#7202,#5794,$);
#5482=AXIS2_PLACEMENT_3D('',#7203,#5795,$);
#5483=AXIS2_PLACEMENT_3D('',#7236,#5796,$);
#5484=AXIS2_PLACEMENT_3D('',#7237,#5797,$);
#5485=AXIS2_PLACEMENT_3D('',#7238,#5798,$);
#5486=AXIS2_PLACEMENT_3D('',#7239,#5799,$);
#5487=AXIS2_PLACEMENT_3D('',#7240,#5800,$);
#5488=AXIS2_PLACEMENT_3D('',#7241,#5801,$);
#5489=AXIS2_PLACEMENT_3D('',#7274,#5802,$);
#5490=AXIS2_PLACEMENT_3D('',#7275,#5803,$);
#5491=AXIS2_PLACEMENT_3D('',#7276,#5804,$);
#5492=AXIS2_PLACEMENT_3D('',#7277,#5805,$);
#5493=AXIS2_PLACEMENT_3D('',#7278,#5806,$);
#5494=AXIS2_PLACEMENT_3D('',#7279,#5807,$);
#5495=AXIS2_PLACEMENT_3D('',#7312,#5808,$);
#5496=AXIS2_PLACEMENT_3D('',#7313,#5809,$);
#5497=AXIS2_PLACEMENT_3D('',#7314,#5810,$);
#5498=AXIS2_PLACEMENT_3D('',#7315,#5811,$);
#5499=AXIS2_PLACEMENT_3D('',#7316,#5812,$);
#5500=AXIS2_PLACEMENT_3D('',#7317,#5813,$);
#5501=AXIS2_PLACEMENT_3D('',#7350,#5814,$);
#5502=AXIS2_PLACEMENT_3D('',#7351,#5815,$);
#5503=AXIS2_PLACEMENT_3D('',#7352,#5816,$);
#5504=AXIS2_PLACEMENT_3D('',#7353,#5817,$);
#5505=AXIS2_PLACEMENT_3D('',#7354,#5818,$);
#5506=AXIS2_PLACEMENT_3D('',#7355,#5819,$);
#5507=AXIS2_PLACEMENT_3D('',#7388,#5820,$);
#5508=AXIS2_PLACEMENT_3D('',#7389,#5821,$);
#5509=AXIS2_PLACEMENT_3D('',#7390,#5822,$);
#5510=AXIS2_PLACEMENT_3D('',#7391,#5823,$);
#5511=AXIS2_PLACEMENT_3D('',#7392,#5824,$);
#5512=AXIS2_PLACEMENT_3D('',#7393,#5825,$);
#5513=AXIS2_PLACEMENT_3D('',#7426,#5826,$);
#5514=AXIS2_PLACEMENT_3D('',#7427,#5827,$);
#5515=AXIS2_PLACEMENT_3D('',#7428,#5828,$);
#5516=AXIS2_PLACEMENT_3D('',#7429,#5829,$);
#5517=AXIS2_PLACEMENT_3D('',#7430,#5830,$);
#5518=AXIS2_PLACEMENT_3D('',#7431,#5831,$);
#5519=AXIS2_PLACEMENT_3D('',#7464,#5832,$);
#5520=AXIS2_PLACEMENT_3D('',#7465,#5833,$);
#5521=AXIS2_PLACEMENT_3D('',#7466,#5834,$);
#5522=AXIS2_PLACEMENT_3D('',#7467,#5835,$);
#5523=AXIS2_PLACEMENT_3D('',#7468,#5836,$);
#5524=AXIS2_PLACEMENT_3D('',#7469,#5837,$);
#5525=AXIS2_PLACEMENT_3D('',#7502,#5838,$);
#5526=AXIS2_PLACEMENT_3D('',#7503,#5839,$);
#5527=AXIS2_PLACEMENT_3D('',#7504,#5840,$);
#5528=AXIS2_PLACEMENT_3D('',#7505,#5841,$);
#5529=AXIS2_PLACEMENT_3D('',#7506,#5842,$);
#5530=AXIS2_PLACEMENT_3D('',#7507,#5843,$);
#5531=AXIS2_PLACEMENT_3D('',#7508,#5844,$);
#5532=AXIS2_PLACEMENT_3D('',#7509,#5845,$);
#5533=AXIS2_PLACEMENT_3D('',#7510,#5846,$);
#5534=AXIS2_PLACEMENT_3D('',#7511,#5847,$);
#5535=AXIS2_PLACEMENT_3D('',#7512,#5848,$);
#5536=AXIS2_PLACEMENT_3D('',#7513,#5849,$);
#5537=AXIS2_PLACEMENT_3D('',#7514,#5850,$);
#5538=AXIS2_PLACEMENT_3D('',#7515,#5851,$);
#5539=AXIS2_PLACEMENT_3D('',#7516,#5852,$);
#5540=AXIS2_PLACEMENT_3D('',#7517,#5853,$);
#5541=AXIS2_PLACEMENT_3D('',#7518,#5854,$);
#5542=AXIS2_PLACEMENT_3D('',#7519,#5855,$);
#5543=AXIS2_PLACEMENT_3D('',#7520,#5856,$);
#5544=AXIS2_PLACEMENT_3D('',#7657,#5857,$);
#5545=AXIS2_PLACEMENT_3D('',#7658,#5858,$);
#5546=AXIS2_PLACEMENT_3D('',#7659,#5859,$);
#5547=AXIS2_PLACEMENT_3D('',#7660,#5860,$);
#5548=AXIS2_PLACEMENT_3D('',#7661,#5861,$);
#5549=AXIS2_PLACEMENT_3D('',#7662,#5862,$);
#5550=AXIS2_PLACEMENT_3D('',#7663,#5863,$);
#5551=AXIS2_PLACEMENT_3D('',#7664,#5864,$);
#5552=AXIS2_PLACEMENT_3D('',#7665,#5865,$);
#5553=AXIS2_PLACEMENT_3D('',#7666,#5866,$);
#5554=AXIS2_PLACEMENT_3D('',#7667,#5867,$);
#5555=AXIS2_PLACEMENT_3D('',#7668,#5868,$);
#5556=AXIS2_PLACEMENT_3D('',#7669,#5869,$);
#5557=AXIS2_PLACEMENT_3D('',#7670,#5870,$);
#5558=AXIS2_PLACEMENT_3D('',#7767,#5871,$);
#5559=AXIS2_PLACEMENT_3D('',#7768,#5872,$);
#5560=AXIS2_PLACEMENT_3D('',#7769,#5873,$);
#5561=AXIS2_PLACEMENT_3D('',#7770,#5874,$);
#5562=AXIS2_PLACEMENT_3D('',#7771,#5875,$);
#5563=AXIS2_PLACEMENT_3D('',#7772,#5876,$);
#5564=AXIS2_PLACEMENT_3D('',#7773,#5877,$);
#5565=AXIS2_PLACEMENT_3D('',#7774,#5878,$);
#5566=AXIS2_PLACEMENT_3D('',#7784,#5879,$);
#5567=AXIS2_PLACEMENT_3D('',#7794,#5880,$);
#5568=AXIS2_PLACEMENT_3D('',#7804,#5881,$);
#5569=AXIS2_PLACEMENT_3D('',#7814,#5882,$);
#5570=AXIS2_PLACEMENT_3D('',#7824,#5883,$);
#5571=AXIS2_PLACEMENT_3D('',#7834,#5884,$);
#5572=AXIS2_PLACEMENT_3D('',#7844,#5885,$);
#5573=AXIS2_PLACEMENT_3D('',#7854,#5886,$);
#5574=AXIS2_PLACEMENT_3D('',#8031,#5887,$);
#5575=AXIS2_PLACEMENT_3D('',#8032,#5888,$);
#5576=AXIS2_PLACEMENT_3D('',#8061,#5889,$);
#5577=AXIS2_PLACEMENT_3D('',#8062,#5890,$);
#5578=AXIS2_PLACEMENT_3D('',#8091,#5891,$);
#5579=AXIS2_PLACEMENT_3D('',#8092,#5892,$);
#5580=AXIS2_PLACEMENT_3D('',#8121,#5893,$);
#5581=AXIS2_PLACEMENT_3D('',#8122,#5894,$);
#5582=AXIS2_PLACEMENT_3D('',#8151,#5895,$);
#5583=AXIS2_PLACEMENT_3D('',#8152,#5896,$);
#5584=AXIS2_PLACEMENT_3D('',#8181,#5897,$);
#5585=AXIS2_PLACEMENT_3D('',#8182,#5898,$);
#5586=AXIS2_PLACEMENT_3D('',#8211,#5899,$);
#5587=AXIS2_PLACEMENT_3D('',#8212,#5900,$);
#5588=AXIS2_PLACEMENT_3D('',#8241,#5901,$);
#5589=AXIS2_PLACEMENT_3D('',#8242,#5902,$);
#5590=AXIS2_PLACEMENT_3D('',#8271,#5903,$);
#5591=AXIS2_PLACEMENT_3D('',#8272,#5904,$);
#5592=AXIS2_PLACEMENT_3D('',#8273,#5905,$);
#5593=AXIS2_PLACEMENT_3D('',#8274,#5906,$);
#5594=AXIS2_PLACEMENT_3D('',#8275,#5907,$);
#5595=AXIS2_PLACEMENT_3D('',#8276,#5908,$);
#5596=AXIS2_PLACEMENT_3D('',#8333,#5909,$);
#5597=AXIS2_PLACEMENT_3D('',#8334,#5910,$);
#5598=AXIS2_PLACEMENT_3D('',#8335,#5911,$);
#5599=AXIS2_PLACEMENT_3D('',#8336,#5912,$);
#5600=AXIS2_PLACEMENT_3D('',#8337,#5913,$);
#5601=AXIS2_PLACEMENT_3D('',#8338,#5914,$);
#5602=AXIS2_PLACEMENT_3D('',#8395,#5915,$);
#5603=AXIS2_PLACEMENT_3D('',#8396,#5916,$);
#5604=AXIS2_PLACEMENT_3D('',#8397,#5917,$);
#5605=AXIS2_PLACEMENT_3D('',#8398,#5918,$);
#5606=AXIS2_PLACEMENT_3D('',#8399,#5919,$);
#5607=AXIS2_PLACEMENT_3D('',#8400,#5920,$);
#5608=AXIS2_PLACEMENT_3D('',#8457,#5921,$);
#5609=AXIS2_PLACEMENT_3D('',#8458,#5922,$);
#5610=AXIS2_PLACEMENT_3D('',#8459,#5923,$);
#5611=AXIS2_PLACEMENT_3D('',#8460,#5924,$);
#5612=AXIS2_PLACEMENT_3D('',#8461,#5925,$);
#5613=AXIS2_PLACEMENT_3D('',#8462,#5926,$);
#5614=AXIS2_PLACEMENT_3D('',#8519,#5927,$);
#5615=AXIS2_PLACEMENT_3D('',#8520,#5928,$);
#5616=AXIS2_PLACEMENT_3D('',#8521,#5929,$);
#5617=AXIS2_PLACEMENT_3D('',#8522,#5930,$);
#5618=AXIS2_PLACEMENT_3D('',#8523,#5931,$);
#5619=AXIS2_PLACEMENT_3D('',#8524,#5932,$);
#5620=AXIS2_PLACEMENT_3D('',#8581,#5933,$);
#5621=AXIS2_PLACEMENT_3D('',#8582,#5934,$);
#5622=AXIS2_PLACEMENT_3D('',#8583,#5935,$);
#5623=AXIS2_PLACEMENT_3D('',#8584,#5936,$);
#5624=AXIS2_PLACEMENT_3D('',#8585,#5937,$);
#5625=AXIS2_PLACEMENT_3D('',#8586,#5938,$);
#5626=AXIS2_PLACEMENT_3D('',#8643,#5939,$);
#5627=AXIS2_PLACEMENT_3D('',#8752,#5940,$);
#5628=AXIS2_PLACEMENT_3D('',#8886,#5941,$);
#5629=AXIS2_PLACEMENT_3D('',#8887,#5942,$);
#5630=AXIS2_PLACEMENT_3D('',#8888,#5943,$);
#5631=AXIS2_PLACEMENT_3D('',#8889,#5944,$);
#5632=AXIS2_PLACEMENT_3D('',#8890,#5945,$);
#5633=AXIS2_PLACEMENT_3D('',#8891,#5946,$);
#5634=AXIS2_PLACEMENT_3D('',#8892,#5947,$);
#5635=AXIS2_PLACEMENT_3D('',#8893,#5948,$);
#5636=AXIS2_PLACEMENT_3D('',#8894,#5949,$);
#5637=AXIS2_PLACEMENT_3D('',#8895,#5950,$);
#5638=AXIS2_PLACEMENT_3D('',#8896,#5951,$);
#5639=AXIS2_PLACEMENT_3D('',#8897,#5952,$);
#5640=AXIS2_PLACEMENT_3D('',#8898,#5953,$);
#5641=AXIS2_PLACEMENT_3D('',#8899,#5954,$);
#5642=AXIS2_PLACEMENT_3D('',#8900,#5955,$);
#5643=AXIS2_PLACEMENT_3D('',#8901,#5956,$);
#5644=AXIS2_PLACEMENT_3D('',#8902,#5957,$);
#5645=AXIS2_PLACEMENT_3D('',#8903,#5958,$);
#5646=AXIS2_PLACEMENT_3D('',#8904,#5959,$);
#5647=AXIS2_PLACEMENT_3D('',#8905,#5960,$);
#5648=AXIS2_PLACEMENT_3D('',#8906,#5961,$);
#5649=AXIS2_PLACEMENT_3D('',#8907,#5962,$);
#5650=AXIS2_PLACEMENT_3D('',#8908,#5963,$);
#5651=AXIS2_PLACEMENT_3D('',#8909,#5964,$);
#5652=AXIS2_PLACEMENT_3D('',#8910,#5965,$);
#5653=AXIS2_PLACEMENT_3D('',#8911,#5966,$);
#5654=AXIS2_PLACEMENT_3D('',#9336,#5967,$);
#5655=AXIS2_PLACEMENT_3D('',#9337,#5968,$);
#5656=AXIS2_PLACEMENT_3D('',#9338,#5969,$);
#5657=AXIS2_PLACEMENT_3D('',#9339,#5970,$);
#5658=AXIS2_PLACEMENT_3D('',#9340,#5971,$);
#5659=AXIS2_PLACEMENT_3D('',#9341,#5972,$);
#5660=AXIS2_PLACEMENT_3D('',#9342,#5973,$);
#5661=AXIS2_PLACEMENT_3D('',#9343,#5974,$);
#5662=AXIS2_PLACEMENT_3D('',#9344,#5975,$);
#5663=AXIS2_PLACEMENT_3D('',#9345,#5976,$);
#5664=AXIS2_PLACEMENT_3D('',#9346,#5977,$);
#5665=AXIS2_PLACEMENT_3D('',#9347,#5978,$);
#5666=AXIS2_PLACEMENT_3D('',#9348,#5979,$);
#5667=AXIS2_PLACEMENT_3D('',#9349,#5980,$);
#5668=AXIS2_PLACEMENT_3D('',#9350,#5981,$);
#5669=AXIS2_PLACEMENT_3D('',#9351,#5982,$);
#5670=AXIS2_PLACEMENT_3D('',#9352,#5983,$);
#5671=AXIS2_PLACEMENT_3D('',#9353,#5984,$);
#5672=AXIS2_PLACEMENT_3D('',#9354,#5985,$);
#5673=AXIS2_PLACEMENT_3D('',#9355,#5986,$);
#5674=AXIS2_PLACEMENT_3D('',#9356,#5987,$);
#5675=AXIS2_PLACEMENT_3D('',#9357,#5988,$);
#5676=AXIS2_PLACEMENT_3D('',#9358,#5989,$);
#5677=AXIS2_PLACEMENT_3D('',#9359,#5990,$);
#5678=AXIS2_PLACEMENT_3D('',#9360,#5991,$);
#5679=AXIS2_PLACEMENT_3D('',#9361,#5992,$);
#5680=AXIS2_PLACEMENT_3D('',#9761,#5993,#5994);
#5681=AXIS2_PLACEMENT_3D('',#9762,#5995,#5996);
#5682=DIRECTION('',(0.,0.,1.));
#5683=DIRECTION('',(1.,0.,0.));
#5684=DIRECTION('',(0.,0.,-1.));
#5685=DIRECTION('',(0.,0.,-1.));
#5686=DIRECTION('',(0.,1.,0.));
#5687=DIRECTION('',(-4.28850477329409E-15,4.2885047732942E-15,1.));
#5688=DIRECTION('',(-1.,0.,0.));
#5689=DIRECTION('',(0.,0.,1.));
#5690=DIRECTION('',(0.,-1.,0.));
#5691=DIRECTION('',(0.,0.,1.));
#5692=DIRECTION('',(1.,0.,0.));
#5693=DIRECTION('',(-4.28850477329432E-15,-4.28850477329434E-15,1.));
#5694=DIRECTION('',(2.96059473233375E-16,2.96059473233375E-16,1.));
#5695=DIRECTION('',(0.,0.,-1.));
#5696=DIRECTION('',(-1.,0.,0.));
#5697=DIRECTION('',(0.,0.,1.));
#5698=DIRECTION('',(0.,-1.,0.));
#5699=DIRECTION('',(0.,0.,1.));
#5700=DIRECTION('',(1.,0.,0.));
#5701=DIRECTION('',(-3.03243080634735E-15,1.25607396694708E-15,-1.));
#5702=DIRECTION('',(0.,-1.,0.));
#5703=DIRECTION('',(0.,0.,1.));
#5704=DIRECTION('',(0.,1.,0.));
#5705=DIRECTION('',(-3.03243080634726E-15,-1.25607396694703E-15,-1.));
#5706=DIRECTION('',(1.,0.,0.));
#5707=DIRECTION('',(0.,0.,1.));
#5708=DIRECTION('',(0.,1.,0.));
#5709=DIRECTION('',(2.47890449323368E-15,-2.47890449323375E-15,1.));
#5710=DIRECTION('',(-1.,0.,0.));
#5711=DIRECTION('',(0.,0.,-1.));
#5712=DIRECTION('',(0.,1.,0.));
#5713=DIRECTION('',(4.03717463500057E-16,0.,1.));
#5714=DIRECTION('',(0.,-1.,0.));
#5715=DIRECTION('',(0.,0.,1.));
#5716=DIRECTION('',(3.33659827111446E-13,1.,-3.20337150815932E-13));
#5717=DIRECTION('',(-1.,-9.89396147835951E-15,-1.20826876789218E-15));
#5718=DIRECTION('',(-6.28036983473469E-15,-1.,-1.51621540317361E-14));
#5719=DIRECTION('',(-1.,5.99313127150987E-13,-5.37140637772025E-13));
#5720=DIRECTION('',(1.,-6.4847854471868E-13,-5.95187839536665E-13));
#5721=DIRECTION('',(-1.46957482147939E-13,-1.,-1.42516590049438E-13));
#5722=DIRECTION('',(1.,-7.40702672185713E-13,-7.34041334037968E-13));
#5723=DIRECTION('',(1.74141605294035E-13,1.,-1.47496252703035E-13));
#5724=DIRECTION('',(1.,-2.89789676681525E-13,-3.96371087045552E-13));
#5725=DIRECTION('',(-1.,9.91558926582228E-13,-9.38268221400252E-13));
#5726=DIRECTION('',(0.,0.,1.));
#5727=DIRECTION('',(0.,0.,1.));
#5728=DIRECTION('',(0.,0.,1.));
#5729=DIRECTION('',(0.,0.,1.));
#5730=DIRECTION('',(2.96059473233375E-16,-2.96059473233375E-16,1.));
#5731=DIRECTION('',(0.,0.,1.));
#5732=DIRECTION('',(0.,0.,1.));
#5733=DIRECTION('',(0.,0.,1.));
#5734=DIRECTION('',(0.,0.,1.));
#5735=DIRECTION('',(0.,0.,1.));
#5736=DIRECTION('',(0.,0.,1.));
#5737=DIRECTION('',(0.,1.,0.));
#5738=DIRECTION('',(-1.,0.,0.));
#5739=DIRECTION('',(0.,-1.,0.));
#5740=DIRECTION('',(1.,0.,0.));
#5741=DIRECTION('',(0.,0.,-1.));
#5742=DIRECTION('',(0.,1.,0.));
#5743=DIRECTION('',(-1.,0.,0.));
#5744=DIRECTION('',(0.,-1.,0.));
#5745=DIRECTION('',(1.,0.,0.));
#5746=DIRECTION('',(0.,0.,-1.));
#5747=DIRECTION('',(0.,0.,1.));
#5748=DIRECTION('',(0.,-1.,0.));
#5749=DIRECTION('',(-1.,0.,0.));
#5750=DIRECTION('',(0.,1.,0.));
#5751=DIRECTION('',(1.,0.,0.));
#5752=DIRECTION('',(0.,0.,1.));
#5753=DIRECTION('',(0.,0.,-1.));
#5754=DIRECTION('',(0.,-1.,0.));
#5755=DIRECTION('',(-1.,0.,0.));
#5756=DIRECTION('',(0.,1.,0.));
#5757=DIRECTION('',(1.,0.,0.));
#5758=DIRECTION('',(0.,0.,1.));
#5759=DIRECTION('',(0.,0.,-1.));
#5760=DIRECTION('',(0.,-1.,0.));
#5761=DIRECTION('',(-1.,0.,0.));
#5762=DIRECTION('',(0.,1.,0.));
#5763=DIRECTION('',(1.,0.,0.));
#5764=DIRECTION('',(0.,0.,1.));
#5765=DIRECTION('',(0.,0.,-1.));
#5766=DIRECTION('',(0.,-1.,0.));
#5767=DIRECTION('',(-1.,0.,0.));
#5768=DIRECTION('',(0.,1.,0.));
#5769=DIRECTION('',(1.,0.,0.));
#5770=DIRECTION('',(0.,0.,1.));
#5771=DIRECTION('',(0.,0.,-1.));
#5772=DIRECTION('',(0.,-1.,0.));
#5773=DIRECTION('',(-1.,0.,0.));
#5774=DIRECTION('',(0.,1.,0.));
#5775=DIRECTION('',(1.,0.,0.));
#5776=DIRECTION('',(0.,0.,1.));
#5777=DIRECTION('',(0.,0.,-1.));
#5778=DIRECTION('',(0.,-1.,0.));
#5779=DIRECTION('',(-1.,0.,0.));
#5780=DIRECTION('',(0.,1.,0.));
#5781=DIRECTION('',(1.,0.,0.));
#5782=DIRECTION('',(0.,0.,1.));
#5783=DIRECTION('',(0.,0.,-1.));
#5784=DIRECTION('',(0.,-1.,0.));
#5785=DIRECTION('',(-1.,0.,0.));
#5786=DIRECTION('',(0.,1.,0.));
#5787=DIRECTION('',(1.,0.,0.));
#5788=DIRECTION('',(0.,0.,1.));
#5789=DIRECTION('',(0.,0.,-1.));
#5790=DIRECTION('',(0.,-1.,0.));
#5791=DIRECTION('',(-1.,0.,0.));
#5792=DIRECTION('',(0.,1.,0.));
#5793=DIRECTION('',(1.,0.,0.));
#5794=DIRECTION('',(0.,0.,1.));
#5795=DIRECTION('',(0.,0.,-1.));
#5796=DIRECTION('',(0.,-1.,0.));
#5797=DIRECTION('',(-1.,0.,0.));
#5798=DIRECTION('',(0.,1.,0.));
#5799=DIRECTION('',(1.,0.,0.));
#5800=DIRECTION('',(0.,0.,1.));
#5801=DIRECTION('',(0.,0.,-1.));
#5802=DIRECTION('',(0.,-1.,0.));
#5803=DIRECTION('',(-1.,0.,0.));
#5804=DIRECTION('',(0.,1.,0.));
#5805=DIRECTION('',(1.,0.,0.));
#5806=DIRECTION('',(0.,0.,1.));
#5807=DIRECTION('',(0.,0.,-1.));
#5808=DIRECTION('',(0.,-1.,0.));
#5809=DIRECTION('',(-1.,0.,0.));
#5810=DIRECTION('',(0.,1.,0.));
#5811=DIRECTION('',(1.,0.,0.));
#5812=DIRECTION('',(0.,0.,1.));
#5813=DIRECTION('',(0.,0.,-1.));
#5814=DIRECTION('',(0.,-1.,0.));
#5815=DIRECTION('',(-1.,0.,0.));
#5816=DIRECTION('',(0.,1.,0.));
#5817=DIRECTION('',(1.,0.,0.));
#5818=DIRECTION('',(0.,0.,1.));
#5819=DIRECTION('',(0.,0.,-1.));
#5820=DIRECTION('',(0.,-1.,0.));
#5821=DIRECTION('',(-1.,0.,0.));
#5822=DIRECTION('',(0.,1.,0.));
#5823=DIRECTION('',(1.,0.,0.));
#5824=DIRECTION('',(0.,0.,1.));
#5825=DIRECTION('',(0.,0.,-1.));
#5826=DIRECTION('',(0.,-1.,0.));
#5827=DIRECTION('',(-1.,0.,0.));
#5828=DIRECTION('',(0.,1.,0.));
#5829=DIRECTION('',(1.,0.,0.));
#5830=DIRECTION('',(0.,0.,1.));
#5831=DIRECTION('',(0.,0.,-1.));
#5832=DIRECTION('',(0.,-1.,0.));
#5833=DIRECTION('',(-1.,0.,0.));
#5834=DIRECTION('',(0.,1.,0.));
#5835=DIRECTION('',(1.,0.,0.));
#5836=DIRECTION('',(0.,0.,1.));
#5837=DIRECTION('',(0.,0.,-1.));
#5838=DIRECTION('',(1.,0.,0.));
#5839=DIRECTION('',(0.,-1.,0.));
#5840=DIRECTION('',(-1.,0.,0.));
#5841=DIRECTION('',(0.,1.,0.));
#5842=DIRECTION('',(0.,1.,0.));
#5843=DIRECTION('',(0.970142500145332,0.242535625036333,0.));
#5844=DIRECTION('',(-0.970142500145332,0.242535625036333,0.));
#5845=DIRECTION('',(2.03255053496789E-16,0.274721127897378,0.961523947640823));
#5846=DIRECTION('',(-1.,0.,0.));
#5847=DIRECTION('',(1.,0.,0.));
#5848=DIRECTION('',(0.,1.,0.));
#5849=DIRECTION('',(1.,0.,0.));
#5850=DIRECTION('',(0.,0.,1.));
#5851=DIRECTION('',(-1.,0.,0.));
#5852=DIRECTION('',(0.,0.,1.));
#5853=DIRECTION('',(0.,0.,-1.));
#5854=DIRECTION('',(0.,0.,-1.));
#5855=DIRECTION('',(0.,0.,1.));
#5856=DIRECTION('',(2.03255053496789E-16,0.274721127897378,0.961523947640823));
#5857=DIRECTION('',(0.,-1.,0.));
#5858=DIRECTION('',(1.,0.,0.));
#5859=DIRECTION('',(0.,0.,1.));
#5860=DIRECTION('',(0.,0.,-1.));
#5861=DIRECTION('',(1.,0.,0.));
#5862=DIRECTION('',(0.,1.,0.));
#5863=DIRECTION('',(0.,0.,1.));
#5864=DIRECTION('',(0.,0.,-1.));
#5865=DIRECTION('',(0.,1.,0.));
#5866=DIRECTION('',(0.,1.,0.));
#5867=DIRECTION('',(-1.,0.,0.));
#5868=DIRECTION('',(0.,0.,1.));
#5869=DIRECTION('',(0.,0.,-1.));
#5870=DIRECTION('',(-1.,0.,0.));
#5871=DIRECTION('',(1.26882631385732E-16,1.26882631385732E-16,1.));
#5872=DIRECTION('',(1.,0.,0.));
#5873=DIRECTION('',(1.26882631385732E-16,-1.26882631385732E-16,1.));
#5874=DIRECTION('',(0.,1.,0.));
#5875=DIRECTION('',(2.80043516146243E-16,-2.62782533747785E-17,1.));
#5876=DIRECTION('',(-1.,0.,0.));
#5877=DIRECTION('',(2.80043516146243E-16,2.62782533747785E-17,1.));
#5878=DIRECTION('',(0.,-1.,0.));
#5879=DIRECTION('',(1.90484156507764E-15,-1.,1.9048415650776E-15));
#5880=DIRECTION('',(1.,6.10115612837463E-12,6.12336058886696E-12));
#5881=DIRECTION('',(1.57009245868386E-14,1.,-1.57009245868382E-14));
#5882=DIRECTION('',(-1.,-5.55111512312543E-14,1.11022302462419E-14));
#5883=DIRECTION('',(-1.18338984441345E-11,1.,1.1800591753396E-11));
#5884=DIRECTION('',(-1.,-2.36520959636816E-11,2.36298915031886E-11));
#5885=DIRECTION('',(-2.34008811702948E-11,-1.,-2.34230856307868E-11));
#5886=DIRECTION('',(1.,-1.1923505297315E-11,-1.19457097578078E-11));
#5887=DIRECTION('',(0.,0.,1.));
#5888=DIRECTION('',(0.,0.,1.));
#5889=DIRECTION('',(0.,0.,1.));
#5890=DIRECTION('',(0.,0.,1.));
#5891=DIRECTION('',(0.,0.,1.));
#5892=DIRECTION('',(0.,0.,1.));
#5893=DIRECTION('',(0.,0.,1.));
#5894=DIRECTION('',(0.,0.,1.));
#5895=DIRECTION('',(0.,0.,1.));
#5896=DIRECTION('',(0.,0.,1.));
#5897=DIRECTION('',(0.,0.,1.));
#5898=DIRECTION('',(0.,0.,1.));
#5899=DIRECTION('',(0.,0.,1.));
#5900=DIRECTION('',(0.,0.,1.));
#5901=DIRECTION('',(0.,0.,1.));
#5902=DIRECTION('',(0.,0.,1.));
#5903=DIRECTION('',(-2.22044604925031E-16,0.,-1.));
#5904=DIRECTION('',(0.,0.,-1.));
#5905=DIRECTION('',(0.,0.,1.));
#5906=DIRECTION('',(0.,0.,1.));
#5907=DIRECTION('',(-2.22044604925031E-16,0.,-1.));
#5908=DIRECTION('',(0.,0.,1.));
#5909=DIRECTION('',(-2.22044604925031E-16,0.,-1.));
#5910=DIRECTION('',(0.,0.,-1.));
#5911=DIRECTION('',(0.,0.,1.));
#5912=DIRECTION('',(0.,0.,1.));
#5913=DIRECTION('',(-2.22044604925031E-16,0.,-1.));
#5914=DIRECTION('',(0.,0.,1.));
#5915=DIRECTION('',(4.44089209850063E-16,4.44089209850063E-16,1.));
#5916=DIRECTION('',(0.,0.,-1.));
#5917=DIRECTION('',(0.,0.,1.));
#5918=DIRECTION('',(0.,0.,1.));
#5919=DIRECTION('',(4.44089209850063E-16,-4.44089209850063E-16,1.));
#5920=DIRECTION('',(0.,0.,1.));
#5921=DIRECTION('',(-2.22044604925031E-16,0.,-1.));
#5922=DIRECTION('',(0.,0.,-1.));
#5923=DIRECTION('',(0.,0.,1.));
#5924=DIRECTION('',(0.,0.,1.));
#5925=DIRECTION('',(-2.22044604925031E-16,0.,-1.));
#5926=DIRECTION('',(0.,0.,1.));
#5927=DIRECTION('',(3.33066907387547E-16,1.11022302462516E-16,1.));
#5928=DIRECTION('',(0.,0.,-1.));
#5929=DIRECTION('',(0.,0.,1.));
#5930=DIRECTION('',(0.,0.,1.));
#5931=DIRECTION('',(3.33066907387547E-16,-1.11022302462516E-16,1.));
#5932=DIRECTION('',(0.,0.,1.));
#5933=DIRECTION('',(-2.22044604925031E-16,0.,-1.));
#5934=DIRECTION('',(0.,0.,-1.));
#5935=DIRECTION('',(0.,0.,1.));
#5936=DIRECTION('',(0.,0.,1.));
#5937=DIRECTION('',(-2.22044604925031E-16,0.,-1.));
#5938=DIRECTION('',(0.,0.,1.));
#5939=DIRECTION('',(0.,0.,-1.));
#5940=DIRECTION('',(0.,0.,1.));
#5941=DIRECTION('',(0.,0.,1.));
#5942=DIRECTION('',(0.,0.,-1.));
#5943=DIRECTION('',(0.,1.,0.));
#5944=DIRECTION('',(0.,0.,1.));
#5945=DIRECTION('',(-1.,0.,0.));
#5946=DIRECTION('',(0.,0.,1.));
#5947=DIRECTION('',(0.,-1.,0.));
#5948=DIRECTION('',(1.34015774165449E-15,1.34015774165444E-15,-1.));
#5949=DIRECTION('',(-1.,0.,0.));
#5950=DIRECTION('',(0.,0.,1.));
#5951=DIRECTION('',(0.,-1.,0.));
#5952=DIRECTION('',(0.,0.,1.));
#5953=DIRECTION('',(1.,0.,0.));
#5954=DIRECTION('',(-1.34015774165441E-15,1.34015774165443E-15,-1.));
#5955=DIRECTION('',(0.,-1.,0.));
#5956=DIRECTION('',(0.,0.,1.));
#5957=DIRECTION('',(1.,0.,0.));
#5958=DIRECTION('',(0.,0.,1.));
#5959=DIRECTION('',(0.,1.,0.));
#5960=DIRECTION('',(-1.34015774165443E-15,-1.3401577416545E-15,-1.));
#5961=DIRECTION('',(1.,0.,0.));
#5962=DIRECTION('',(1.34015774165447E-15,1.34015774165446E-15,1.));
#5963=DIRECTION('',(0.,1.,0.));
#5964=DIRECTION('',(0.,0.,1.));
#5965=DIRECTION('',(-1.,0.,0.));
#5966=DIRECTION('',(0.,0.,-1.));
#5967=DIRECTION('',(0.,0.,1.));
#5968=DIRECTION('',(0.,0.,1.));
#5969=DIRECTION('',(0.,1.,0.));
#5970=DIRECTION('',(0.,0.,-1.));
#5971=DIRECTION('',(1.,0.,0.));
#5972=DIRECTION('',(0.,0.,-1.));
#5973=DIRECTION('',(0.,-1.,0.));
#5974=DIRECTION('',(1.34015774165449E-15,-1.34015774165444E-15,1.));
#5975=DIRECTION('',(1.,0.,0.));
#5976=DIRECTION('',(0.,0.,-1.));
#5977=DIRECTION('',(0.,-1.,0.));
#5978=DIRECTION('',(0.,0.,-1.));
#5979=DIRECTION('',(-1.,0.,0.));
#5980=DIRECTION('',(-1.34015774165441E-15,-1.34015774165443E-15,1.));
#5981=DIRECTION('',(0.,-1.,0.));
#5982=DIRECTION('',(0.,0.,-1.));
#5983=DIRECTION('',(-1.,0.,0.));
#5984=DIRECTION('',(0.,0.,-1.));
#5985=DIRECTION('',(0.,1.,0.));
#5986=DIRECTION('',(-1.34015774165443E-15,1.3401577416545E-15,1.));
#5987=DIRECTION('',(-1.,0.,0.));
#5988=DIRECTION('',(1.34015774165447E-15,-1.34015774165446E-15,-1.));
#5989=DIRECTION('',(0.,1.,0.));
#5990=DIRECTION('',(0.,0.,-1.));
#5991=DIRECTION('',(1.,0.,0.));
#5992=DIRECTION('',(0.,0.,-1.));
#5993=DIRECTION('',(0.,0.,1.));
#5994=DIRECTION('',(1.,0.,0.));
#5995=DIRECTION('',(0.,0.,1.));
#5996=DIRECTION('',(1.,0.,0.));
#5997=CARTESIAN_POINT('',(0.,0.,0.));
#5998=CARTESIAN_POINT('',(15.25,10.20625,2.49999997615814));
#5999=CARTESIAN_POINT('',(-9.125,-9.125,6.63499997615815));
#6000=CARTESIAN_POINT('',(-6.8,-7.3,1.63499997615815));
#6001=CARTESIAN_POINT('',(6.8,-6.8,4.13499997615814));
#6002=CARTESIAN_POINT('',(7.3,-6.8,1.63499997615815));
#6003=CARTESIAN_POINT('',(6.8,6.8,4.13499997615815));
#6004=CARTESIAN_POINT('',(6.8,7.3,1.63499997615815));
#6005=CARTESIAN_POINT('',(-6.80000000000001,6.80000000000001,4.13499997615815));
#6006=CARTESIAN_POINT('',(-7.3,6.8,1.63499997615815));
#6007=CARTESIAN_POINT('',(-6.8,-6.8,4.13499997615815));
#6008=CARTESIAN_POINT('',(1.57009245868378E-15,-3.14018491736754E-16,9.16592757630613));
#6009=CARTESIAN_POINT('',(-8.665,-2.7,4.99999997615815));
#6010=CARTESIAN_POINT('',(-8.165,-2.7,2.49999997615815));
#6011=CARTESIAN_POINT('',(-7.3,-7.3,4.99999997615815));
#6012=CARTESIAN_POINT('',(-7.3,-8.165,2.49999997615815));
#6013=CARTESIAN_POINT('',(7.3,-7.30000000000001,4.99999997615814));
#6014=CARTESIAN_POINT('',(8.165,-7.3,2.49999997615814));
#6015=CARTESIAN_POINT('',(8.665,-2.7,4.99999997615814));
#6016=CARTESIAN_POINT('',(8.665,-2.2,2.49999997615814));
#6017=CARTESIAN_POINT('',(10.,-1.25607396694703E-15,4.99999997615814));
#6018=CARTESIAN_POINT('',(10.,2.2,2.49999997615814));
#6019=CARTESIAN_POINT('',(8.665,2.7,4.99999997615814));
#6020=CARTESIAN_POINT('',(8.165,2.7,2.49999997615814));
#6021=CARTESIAN_POINT('',(7.3,7.30000000000001,4.99999997615814));
#6022=CARTESIAN_POINT('',(7.29999999999999,8.165,2.49999997615814));
#6023=CARTESIAN_POINT('',(-7.3,7.3,4.99999997615814));
#6024=CARTESIAN_POINT('',(-8.165,7.30000000000002,2.49999997615815));
#6025=CARTESIAN_POINT('',(-8.665,2.7,4.99999997615815));
#6026=CARTESIAN_POINT('',(-8.66499999999999,2.2,2.49999997615815));
#6027=CARTESIAN_POINT('',(-10.,-1.77635683940025E-15,4.99999997615815));
#6028=CARTESIAN_POINT('',(-10.,-2.2,2.49999997615815));
#6029=CARTESIAN_POINT('',(15.25,10.20625,7.49999997615814));
#6030=CARTESIAN_POINT('',(-8.66500000000001,-2.2,7.29999997615815));
#6031=CARTESIAN_POINT('',(-8.66500000000001,-2.2,7.49999997615815));
#6032=CARTESIAN_POINT('',(-8.66500000000002,-2.,7.49999997615815));
#6033=CARTESIAN_POINT('',(-8.16499999999999,-2.19999999999999,7.29999997615814));
#6034=CARTESIAN_POINT('',(-8.16499999999999,-2.19999999999999,7.49999997615815));
#6035=CARTESIAN_POINT('',(-7.96499999999999,-1.99999999999998,7.49999997615815));
#6036=CARTESIAN_POINT('',(-8.165,-2.70000000000001,7.29999997615815));
#6037=CARTESIAN_POINT('',(-8.165,-2.70000000000001,7.49999997615815));
#6038=CARTESIAN_POINT('',(-7.96499999999999,-2.70000000000001,7.49999997615815));
#6039=CARTESIAN_POINT('',(-7.965,-5.00000000000006,7.29999997615815));
#6040=CARTESIAN_POINT('',(-8.165,-7.29999999999999,7.29999997615815));
#6041=CARTESIAN_POINT('',(-8.165,-7.29999999999999,7.49999997615814));
#6042=CARTESIAN_POINT('',(-7.965,-7.29999999999999,7.49999997615815));
#6043=CARTESIAN_POINT('',(-8.16500000000001,-8.16499999999999,7.29999997615814));
#6044=CARTESIAN_POINT('',(-8.16500000000001,-8.16499999999999,7.49999997615814));
#6045=CARTESIAN_POINT('',(-7.965,-7.96499999999999,7.49999997615814));
#6046=CARTESIAN_POINT('',(-7.30000000000001,-8.165,7.29999997615814));
#6047=CARTESIAN_POINT('',(-7.3,-8.165,7.49999997615814));
#6048=CARTESIAN_POINT('',(-7.3,-7.965,7.49999997615814));
#6049=CARTESIAN_POINT('',(9.56752716042971E-15,-7.965,7.29999997615814));
#6050=CARTESIAN_POINT('',(7.30000000000002,-8.165,7.29999997615814));
#6051=CARTESIAN_POINT('',(7.30000000000002,-8.165,7.49999997615814));
#6052=CARTESIAN_POINT('',(7.30000000000001,-7.965,7.49999997615814));
#6053=CARTESIAN_POINT('',(8.165,-8.16499999999998,7.29999997615814));
#6054=CARTESIAN_POINT('',(8.16499999999999,-8.16499999999998,7.49999997615814));
#6055=CARTESIAN_POINT('',(7.965,-7.96499999999999,7.49999997615814));
#6056=CARTESIAN_POINT('',(8.165,-7.30000000000001,7.29999997615814));
#6057=CARTESIAN_POINT('',(8.165,-7.30000000000001,7.49999997615814));
#6058=CARTESIAN_POINT('',(7.965,-7.30000000000001,7.49999997615814));
#6059=CARTESIAN_POINT('',(7.96500000000001,-5.00000000000001,7.29999997615814));
#6060=CARTESIAN_POINT('',(8.165,-2.70000000000001,7.29999997615814));
#6061=CARTESIAN_POINT('',(8.165,-2.70000000000001,7.49999997615814));
#6062=CARTESIAN_POINT('',(7.965,-2.70000000000001,7.49999997615814));
#6063=CARTESIAN_POINT('',(8.16499999999999,-2.2,7.29999997615814));
#6064=CARTESIAN_POINT('',(8.16499999999999,-2.19999999999999,7.49999997615814));
#6065=CARTESIAN_POINT('',(7.96499999999999,-2.,7.49999997615814));
#6066=CARTESIAN_POINT('',(8.665,-2.2,7.29999997615814));
#6067=CARTESIAN_POINT('',(8.665,-2.2,7.49999997615814));
#6068=CARTESIAN_POINT('',(8.665,-2.,7.49999997615814));
#6069=CARTESIAN_POINT('',(9.33250000000012,-2.00000000000001,7.29999997615815));
#6070=CARTESIAN_POINT('',(10.,-2.2,7.29999997615814));
#6071=CARTESIAN_POINT('',(10.,-2.20000000570368,7.49999997615814));
#6072=CARTESIAN_POINT('',(10.0000000000577,-2.00000000570368,7.49999997615814));
#6073=CARTESIAN_POINT('',(12.2,-2.2,7.29999997615814));
#6074=CARTESIAN_POINT('',(12.2000000057037,-2.20000000570368,7.49999997615814));
#6075=CARTESIAN_POINT('',(12.0000000057614,-2.000000005646,7.49999997615814));
#6076=CARTESIAN_POINT('',(12.2,-2.32968454522179E-15,7.29999997615814));
#6077=CARTESIAN_POINT('',(12.2000000057037,-2.32968454177163E-15,7.49999997615814));
#6078=CARTESIAN_POINT('',(12.0000000057037,5.76723031968106E-11,7.49999997615814));
#6079=CARTESIAN_POINT('',(12.2,2.2,7.29999997615814));
#6080=CARTESIAN_POINT('',(12.2000000057037,2.20000000570367,7.49999997615814));
#6081=CARTESIAN_POINT('',(12.000000005646,2.00000000576135,7.49999997615814));
#6082=CARTESIAN_POINT('',(10.,2.2,7.29999997615814));
#6083=CARTESIAN_POINT('',(10.,2.20000000570367,7.49999997615814));
#6084=CARTESIAN_POINT('',(9.99999999994233,2.00000000570367,7.49999997615814));
#6085=CARTESIAN_POINT('',(9.33249999999987,2.,7.29999997615814));
#6086=CARTESIAN_POINT('',(8.665,2.19999999999999,7.29999997615814));
#6087=CARTESIAN_POINT('',(8.665,2.19999999999999,7.49999997615814));
#6088=CARTESIAN_POINT('',(8.66500000000001,1.99999999999999,7.49999997615814));
#6089=CARTESIAN_POINT('',(8.165,2.19999999999999,7.29999997615814));
#6090=CARTESIAN_POINT('',(8.165,2.19999999999999,7.49999997615814));
#6091=CARTESIAN_POINT('',(7.965,1.99999999999999,7.49999997615814));
#6092=CARTESIAN_POINT('',(8.165,2.7,7.29999997615814));
#6093=CARTESIAN_POINT('',(8.165,2.7,7.49999997615814));
#6094=CARTESIAN_POINT('',(7.965,2.69999999999999,7.49999997615814));
#6095=CARTESIAN_POINT('',(7.96499999999999,5.00000000000002,7.29999997615814));
#6096=CARTESIAN_POINT('',(8.165,7.29999999999999,7.29999997615814));
#6097=CARTESIAN_POINT('',(8.165,7.29999999999999,7.49999997615814));
#6098=CARTESIAN_POINT('',(7.965,7.29999999999999,7.49999997615814));
#6099=CARTESIAN_POINT('',(8.16500000000002,8.16500000000001,7.29999997615814));
#6100=CARTESIAN_POINT('',(8.16500000000002,8.16500000000001,7.49999997615814));
#6101=CARTESIAN_POINT('',(7.96500000000001,7.965,7.49999997615814));
#6102=CARTESIAN_POINT('',(7.29999999999999,8.165,7.29999997615814));
#6103=CARTESIAN_POINT('',(7.29999999999999,8.165,7.49999997615814));
#6104=CARTESIAN_POINT('',(7.3,7.965,7.49999997615814));
#6105=CARTESIAN_POINT('',(-1.45475999178038E-13,7.965,7.29999997615814));
#6106=CARTESIAN_POINT('',(-7.29999999999999,8.165,7.29999997615814));
#6107=CARTESIAN_POINT('',(-7.29999999999999,8.165,7.49999997615814));
#6108=CARTESIAN_POINT('',(-7.29999999999999,7.965,7.49999997615814));
#6109=CARTESIAN_POINT('',(-8.16499999999998,8.16500000000001,7.29999997615814));
#6110=CARTESIAN_POINT('',(-8.16499999999998,8.16500000000001,7.49999997615815));
#6111=CARTESIAN_POINT('',(-7.96499999999998,7.96500000000001,7.49999997615814));
#6112=CARTESIAN_POINT('',(-8.165,7.30000000000001,7.29999997615815));
#6113=CARTESIAN_POINT('',(-8.165,7.30000000000001,7.49999997615815));
#6114=CARTESIAN_POINT('',(-7.965,7.30000000000001,7.49999997615815));
#6115=CARTESIAN_POINT('',(-7.965,4.99999999999997,7.29999997615815));
#6116=CARTESIAN_POINT('',(-8.165,2.7,7.29999997615815));
#6117=CARTESIAN_POINT('',(-8.165,2.7,7.49999997615814));
#6118=CARTESIAN_POINT('',(-7.965,2.7,7.49999997615815));
#6119=CARTESIAN_POINT('',(-8.165,2.2,7.29999997615815));
#6120=CARTESIAN_POINT('',(-8.165,2.2,7.49999997615814));
#6121=CARTESIAN_POINT('',(-7.96499999999999,2.,7.49999997615815));
#6122=CARTESIAN_POINT('',(-8.665,2.2,7.29999997615815));
#6123=CARTESIAN_POINT('',(-8.665,2.19999999999999,7.49999997615814));
#6124=CARTESIAN_POINT('',(-8.66499999999999,2.,7.49999997615815));
#6125=CARTESIAN_POINT('',(-9.33250000000005,1.99999999999999,7.29999997615813));
#6126=CARTESIAN_POINT('',(-10.,2.2,7.29999997615815));
#6127=CARTESIAN_POINT('',(-10.,2.20000000570367,7.49999997615815));
#6128=CARTESIAN_POINT('',(-10.0000000000577,2.00000000570367,7.49999997615815));
#6129=CARTESIAN_POINT('',(-12.2,2.2,7.29999997615815));
#6130=CARTESIAN_POINT('',(-12.2000000057037,2.20000000570368,7.49999997615815));
#6131=CARTESIAN_POINT('',(-12.0000000057613,2.000000005646,7.49999997615815));
#6132=CARTESIAN_POINT('',(-12.2,-1.43853735561928E-15,7.29999997615815));
#6133=CARTESIAN_POINT('',(-12.2000000057037,-1.43853735906944E-15,7.49999997615815));
#6134=CARTESIAN_POINT('',(-12.0000000057037,-5.76760714187114E-11,7.49999997615815));
#6135=CARTESIAN_POINT('',(-12.2,-2.2,7.29999997615815));
#6136=CARTESIAN_POINT('',(-12.2000000057037,-2.20000000570368,7.49999997615815));
#6137=CARTESIAN_POINT('',(-12.000000005646,-2.00000000576135,7.49999997615815));
#6138=CARTESIAN_POINT('',(-10.,-2.2,7.29999997615815));
#6139=CARTESIAN_POINT('',(-10.,-2.20000000570368,7.49999997615815));
#6140=CARTESIAN_POINT('',(-9.99999999994233,-2.00000000570368,7.49999997615815));
#6141=CARTESIAN_POINT('',(-9.33249999999981,-2.00000000000001,7.29999997615816));
#6142=CARTESIAN_POINT('',(-10.,0.,7.10311992786395));
#6143=CARTESIAN_POINT('',(10.,-1.77635683940025E-15,7.10311992786395));
#6144=CARTESIAN_POINT('',(-9.15,0.,7.29999997615815));
#6145=CARTESIAN_POINT('',(-9.15,0.849999999999998,7.29999997615815));
#6146=CARTESIAN_POINT('',(-10.,0.849999999999998,7.29999997615815));
#6147=CARTESIAN_POINT('',(-10.85,0.849999999999998,7.29999997615815));
#6148=CARTESIAN_POINT('',(-10.85,1.04094977927525E-16,7.29999997615815));
#6149=CARTESIAN_POINT('',(-9.14999999375648,-3.59703688864857E-17,7.49999997615815));
#6150=CARTESIAN_POINT('',(-9.14999999375648,0.850000006243519,7.49999997615815));
#6151=CARTESIAN_POINT('',(-10.,0.850000006243519,7.49999997615815));
#6152=CARTESIAN_POINT('',(-10.8500000062435,0.850000006243519,7.49999997615815));
#6153=CARTESIAN_POINT('',(-10.8500000062435,1.40065347578621E-16,7.49999997615815));
#6154=CARTESIAN_POINT('',(-8.94999999375648,-1.69482872180993E-10,7.49999997615815));
#6155=CARTESIAN_POINT('',(-8.949999993587,1.05000000607404,7.49999997615815));
#6156=CARTESIAN_POINT('',(-9.99999999983052,1.05000000624352,7.49999997615815));
#6157=CARTESIAN_POINT('',(-11.050000006074,1.050000006413,7.49999997615815));
#6158=CARTESIAN_POINT('',(-11.0500000062435,1.69483000768907E-10,7.49999997615815));
#6159=CARTESIAN_POINT('',(9.15,-2.0818995585505E-16,7.29999997615814));
#6160=CARTESIAN_POINT('',(9.15,-0.849999999999998,7.29999997615814));
#6161=CARTESIAN_POINT('',(10.,-0.85,7.29999997615814));
#6162=CARTESIAN_POINT('',(10.85,-0.850000000000001,7.29999997615814));
#6163=CARTESIAN_POINT('',(10.85,-3.44861870087298E-15,7.29999997615814));
#6164=CARTESIAN_POINT('',(9.14999999375648,8.62709797147289E-17,7.49999997615814));
#6165=CARTESIAN_POINT('',(9.14999999375648,-0.850000006243521,7.49999997615814));
#6166=CARTESIAN_POINT('',(10.,-0.850000006243523,7.49999997615814));
#6167=CARTESIAN_POINT('',(10.8500000062435,-0.850000006243525,7.49999997615814));
#6168=CARTESIAN_POINT('',(10.8500000062435,-3.74307963720737E-15,7.49999997615814));
#6169=CARTESIAN_POINT('',(8.94999999375648,1.69482428091783E-10,7.49999997615814));
#6170=CARTESIAN_POINT('',(8.94999999358699,-1.05000000607404,7.49999997615814));
#6171=CARTESIAN_POINT('',(9.99999999983052,-1.05000000624352,7.49999997615814));
#6172=CARTESIAN_POINT('',(11.050000006074,-1.05000000641301,7.49999997615814));
#6173=CARTESIAN_POINT('',(11.0500000062435,-1.69486109393376E-10,7.49999997615814));
#6174=CARTESIAN_POINT('',(0.,0.,9.99999997615814));
#6175=CARTESIAN_POINT('',(-8.75,-8.75,12.4999999761581));
#6176=CARTESIAN_POINT('',(7.,1.41785268279061E-14,12.2999999761581));
#6177=CARTESIAN_POINT('',(7.00000000000001,1.52523827066379E-14,12.4999999761581));
#6178=CARTESIAN_POINT('',(6.80000000000001,2.46629127414157E-17,12.4999999761581));
#6179=CARTESIAN_POINT('',(6.99999999999999,7.00000000000001,12.2999999761581));
#6180=CARTESIAN_POINT('',(7.,7.00000000000003,12.4999999761581));
#6181=CARTESIAN_POINT('',(6.80000000000001,6.80000000000001,12.4999999761581));
#6182=CARTESIAN_POINT('',(-1.37499004482046E-14,7.,12.2999999761581));
#6183=CARTESIAN_POINT('',(-1.48237563269363E-14,7.00000000000001,12.4999999761581));
#6184=CARTESIAN_POINT('',(3.91716998968685E-16,6.80000000000001,12.4999999761581));
#6185=CARTESIAN_POINT('',(-7.00000000000001,6.99999999999999,12.2999999761581));
#6186=CARTESIAN_POINT('',(-7.00000000000003,7.,12.4999999761581));
#6187=CARTESIAN_POINT('',(-6.80000000000001,6.80000000000001,12.4999999761581));
#6188=CARTESIAN_POINT('',(-7.,-1.3321274068503E-14,12.2999999761581));
#6189=CARTESIAN_POINT('',(-7.00000000000001,-1.43951299472347E-14,12.4999999761581));
#6190=CARTESIAN_POINT('',(-6.80000000000001,8.08096910678786E-16,12.4999999761581));
#6191=CARTESIAN_POINT('',(1.88411095042053E-15,1.39452223873684E-31,9.16592757630613));
#6192=CARTESIAN_POINT('',(-10.,0.,7.10311992786395));
#6193=CARTESIAN_POINT('',(10.,1.77635683940025E-15,7.10311992786395));
#6194=CARTESIAN_POINT('',(-10.85,0.,7.29999997615815));
#6195=CARTESIAN_POINT('',(-10.85,-0.849999999999998,7.29999997615815));
#6196=CARTESIAN_POINT('',(-10.,-0.849999999999998,7.29999997615815));
#6197=CARTESIAN_POINT('',(-9.15,-0.849999999999998,7.29999997615815));
#6198=CARTESIAN_POINT('',(-9.15,-1.04094977927525E-16,7.29999997615815));
#6199=CARTESIAN_POINT('',(-10.8500000062435,3.59703688864857E-17,7.49999997615815));
#6200=CARTESIAN_POINT('',(-10.8500000062435,-0.850000006243519,7.49999997615815));
#6201=CARTESIAN_POINT('',(-10.,-0.850000006243519,7.49999997615815));
#6202=CARTESIAN_POINT('',(-9.14999999375648,-0.850000006243519,7.49999997615815));
#6203=CARTESIAN_POINT('',(-9.14999999375648,-1.40065347578621E-16,7.49999997615815));
#6204=CARTESIAN_POINT('',(-11.0500000062435,1.69482872180993E-10,7.49999997615815));
#6205=CARTESIAN_POINT('',(-11.050000006413,-1.05000000607404,7.49999997615815));
#6206=CARTESIAN_POINT('',(-10.0000000001695,-1.05000000624352,7.49999997615815));
#6207=CARTESIAN_POINT('',(-8.94999999392596,-1.050000006413,7.49999997615815));
#6208=CARTESIAN_POINT('',(-8.94999999375648,-1.69483000768907E-10,7.49999997615815));
#6209=CARTESIAN_POINT('',(10.85,-3.34452372294545E-15,7.29999997615814));
#6210=CARTESIAN_POINT('',(10.85,0.849999999999994,7.29999997615814));
#6211=CARTESIAN_POINT('',(10.,0.849999999999996,7.29999997615814));
#6212=CARTESIAN_POINT('',(9.15,0.849999999999998,7.29999997615814));
#6213=CARTESIAN_POINT('',(9.15,-1.04094977927526E-16,7.29999997615814));
#6214=CARTESIAN_POINT('',(10.8500000062435,-3.63898465851523E-15,7.49999997615814));
#6215=CARTESIAN_POINT('',(10.8500000062435,0.850000006243517,7.49999997615814));
#6216=CARTESIAN_POINT('',(10.,0.850000006243519,7.49999997615814));
#6217=CARTESIAN_POINT('',(9.14999999375648,0.850000006243521,7.49999997615814));
#6218=CARTESIAN_POINT('',(9.14999999375648,1.90365958406864E-16,7.49999997615814));
#6219=CARTESIAN_POINT('',(11.0500000062435,-1.69485980805462E-10,7.49999997615814));
#6220=CARTESIAN_POINT('',(11.050000006413,1.05000000607404,7.49999997615814));
#6221=CARTESIAN_POINT('',(10.0000000001695,1.05000000624352,7.49999997615814));
#6222=CARTESIAN_POINT('',(8.94999999392596,1.050000006413,7.49999997615814));
#6223=CARTESIAN_POINT('',(8.94999999375648,1.69482556679698E-10,7.49999997615814));
#6224=CARTESIAN_POINT('',(0.,0.,9.99999997615814));
#6225=CARTESIAN_POINT('',(-7.,-1.41785268279061E-14,12.2999999761581));
#6226=CARTESIAN_POINT('',(-7.00000000000001,-1.52523827066379E-14,12.4999999761581));
#6227=CARTESIAN_POINT('',(-6.80000000000001,-2.46629127414157E-17,12.4999999761581));
#6228=CARTESIAN_POINT('',(-6.99999999999999,-7.00000000000001,12.2999999761581));
#6229=CARTESIAN_POINT('',(-7.,-7.00000000000003,12.4999999761581));
#6230=CARTESIAN_POINT('',(-6.80000000000001,-6.80000000000001,12.4999999761581));
#6231=CARTESIAN_POINT('',(1.37499004482046E-14,-7.,12.2999999761581));
#6232=CARTESIAN_POINT('',(1.48237563269363E-14,-7.00000000000001,12.4999999761581));
#6233=CARTESIAN_POINT('',(-3.91716998968685E-16,-6.80000000000001,12.4999999761581));
#6234=CARTESIAN_POINT('',(7.00000000000001,-6.99999999999999,12.2999999761581));
#6235=CARTESIAN_POINT('',(7.00000000000003,-7.,12.4999999761581));
#6236=CARTESIAN_POINT('',(6.80000000000001,-6.80000000000001,12.4999999761581));
#6237=CARTESIAN_POINT('',(7.,1.3321274068503E-14,12.2999999761581));
#6238=CARTESIAN_POINT('',(7.00000000000001,1.43951299472347E-14,12.4999999761581));
#6239=CARTESIAN_POINT('',(6.80000000000001,-8.08096910678786E-16,12.4999999761581));
#6240=CARTESIAN_POINT('',(7.,0.,7.49999997615814));
#6241=CARTESIAN_POINT('',(-8.66500000000001,-2.2,2.49999997615815));
#6242=CARTESIAN_POINT('',(-8.165,-2.7,2.49999997615815));
#6243=CARTESIAN_POINT('',(-8.165,-7.29999999999999,2.49999997615815));
#6244=CARTESIAN_POINT('',(-7.3,-8.165,2.49999997615815));
#6245=CARTESIAN_POINT('',(7.30000000000002,-8.165,2.49999997615814));
#6246=CARTESIAN_POINT('',(8.165,-7.3,2.49999997615814));
#6247=CARTESIAN_POINT('',(8.165,-2.70000000000001,2.49999997615814));
#6248=CARTESIAN_POINT('',(8.665,-2.2,2.49999997615814));
#6249=CARTESIAN_POINT('',(10.,-2.2,2.49999997615814));
#6250=CARTESIAN_POINT('',(10.,2.2,2.49999997615814));
#6251=CARTESIAN_POINT('',(8.665,2.2,2.49999997615814));
#6252=CARTESIAN_POINT('',(8.165,2.7,2.49999997615814));
#6253=CARTESIAN_POINT('',(8.165,7.29999999999999,2.49999997615814));
#6254=CARTESIAN_POINT('',(7.29999999999999,8.165,2.49999997615814));
#6255=CARTESIAN_POINT('',(-7.29999999999999,8.165,2.49999997615815));
#6256=CARTESIAN_POINT('',(-8.165,7.30000000000002,2.49999997615815));
#6257=CARTESIAN_POINT('',(-8.165,2.7,2.49999997615815));
#6258=CARTESIAN_POINT('',(-8.66499999999999,2.2,2.49999997615815));
#6259=CARTESIAN_POINT('',(-10.,2.2,2.49999997615815));
#6260=CARTESIAN_POINT('',(-10.,-2.2,2.49999997615815));
#6261=CARTESIAN_POINT('',(6.79999999999998,-7.3,6.63499997615815));
#6262=CARTESIAN_POINT('',(-6.8,-7.3,6.63499997615815));
#6263=CARTESIAN_POINT('',(7.3,-6.8,6.63499997615815));
#6264=CARTESIAN_POINT('',(7.3,6.8,6.63499997615815));
#6265=CARTESIAN_POINT('',(6.8,7.3,6.63499997615815));
#6266=CARTESIAN_POINT('',(-6.8,7.3,6.63499997615815));
#6267=CARTESIAN_POINT('',(-7.3,6.8,6.63499997615815));
#6268=CARTESIAN_POINT('',(-7.3,-6.8,6.63499997615815));
#6269=CARTESIAN_POINT('',(6.79999999999998,-7.3,2.49999997615814));
#6270=CARTESIAN_POINT('',(-6.8,-7.3,2.49999997615815));
#6271=CARTESIAN_POINT('',(7.3,-6.8,2.49999997615814));
#6272=CARTESIAN_POINT('',(7.3,6.8,2.49999997615814));
#6273=CARTESIAN_POINT('',(6.8,7.3,2.49999997615814));
#6274=CARTESIAN_POINT('',(-6.8,7.3,2.49999997615815));
#6275=CARTESIAN_POINT('',(-7.3,6.8,2.49999997615815));
#6276=CARTESIAN_POINT('',(-7.3,-6.8,2.49999997615815));
#6277=CARTESIAN_POINT('',(-6.,0.,12.4999999761581));
#6278=CARTESIAN_POINT('',(-6.,4.44089209850063E-16,6.63499997615815));
#6279=CARTESIAN_POINT('',(-9.15,-2.22044604925031E-16,2.49999997615815));
#6280=CARTESIAN_POINT('',(9.15,-3.26139582852556E-16,2.49999997615814));
#6281=CARTESIAN_POINT('',(-8.66500000000001,-2.2,7.29999997615815));
#6282=CARTESIAN_POINT('',(-8.165,-2.7,7.29999997615814));
#6283=CARTESIAN_POINT('',(-8.16499999999999,-7.29999999999999,7.29999997615814));
#6284=CARTESIAN_POINT('',(-7.3,-8.165,7.29999997615814));
#6285=CARTESIAN_POINT('',(7.30000000000002,-8.165,7.29999997615814));
#6286=CARTESIAN_POINT('',(8.165,-7.30000000000001,7.29999997615814));
#6287=CARTESIAN_POINT('',(8.165,-2.70000000000001,7.29999997615814));
#6288=CARTESIAN_POINT('',(8.665,-2.2,7.29999997615814));
#6289=CARTESIAN_POINT('',(10.,-2.2,7.29999997615815));
#6290=CARTESIAN_POINT('',(10.,2.2,7.29999997615814));
#6291=CARTESIAN_POINT('',(8.665,2.19999999999999,7.29999997615814));
#6292=CARTESIAN_POINT('',(8.165,2.7,7.29999997615814));
#6293=CARTESIAN_POINT('',(8.16499999999999,7.29999999999999,7.29999997615814));
#6294=CARTESIAN_POINT('',(7.29999999999999,8.165,7.29999997615814));
#6295=CARTESIAN_POINT('',(-7.29999999999999,8.165,7.29999997615814));
#6296=CARTESIAN_POINT('',(-8.165,7.30000000000001,7.29999997615815));
#6297=CARTESIAN_POINT('',(-8.165,2.7,7.29999997615815));
#6298=CARTESIAN_POINT('',(-8.66499999999999,2.2,7.29999997615814));
#6299=CARTESIAN_POINT('',(-10.,2.2,7.29999997615814));
#6300=CARTESIAN_POINT('',(-10.,-2.2,7.29999997615815));
#6301=CARTESIAN_POINT('',(-7.29999999999999,7.965,7.49999997615814));
#6302=CARTESIAN_POINT('',(-7.965,7.30000000000001,7.49999997615815));
#6303=CARTESIAN_POINT('',(7.3,7.965,7.49999997615814));
#6304=CARTESIAN_POINT('',(7.965,-2.70000000000001,7.49999997615814));
#6305=CARTESIAN_POINT('',(8.66500000000001,-2.,7.49999997615814));
#6306=CARTESIAN_POINT('',(7.96499999999999,7.29999999999999,7.49999997615814));
#6307=CARTESIAN_POINT('',(7.965,2.69999999999999,7.49999997615814));
#6308=CARTESIAN_POINT('',(7.965,-7.30000000000001,7.49999997615814));
#6309=CARTESIAN_POINT('',(-7.965,-7.29999999999999,7.49999997615815));
#6310=CARTESIAN_POINT('',(-7.3,-7.965,7.49999997615814));
#6311=CARTESIAN_POINT('',(8.665,2.,7.49999997615814));
#6312=CARTESIAN_POINT('',(-9.99999999999,-2.00000000285184,7.49999997615815));
#6313=CARTESIAN_POINT('',(-8.665,-2.,7.49999997615815));
#6314=CARTESIAN_POINT('',(9.99999999999,2.00000000285184,7.49999997615814));
#6315=CARTESIAN_POINT('',(7.30000000000002,-7.965,7.49999997615814));
#6316=CARTESIAN_POINT('',(-10.0000000000288,2.00000000285183,7.49999997615815));
#6317=CARTESIAN_POINT('',(-8.66499999999998,1.99999999999999,7.49999997615815));
#6318=CARTESIAN_POINT('',(10.0000000000288,-2.00000000285184,7.49999997615814));
#6319=CARTESIAN_POINT('',(-7.965,2.7,7.49999997615815));
#6320=CARTESIAN_POINT('',(-7.965,-2.70000000000001,7.49999997615815));
#6321=CARTESIAN_POINT('',(-9.15,3.15303338993545E-16,7.29999997615815));
#6322=CARTESIAN_POINT('',(9.15,1.59160872102257E-16,7.29999997615814));
#6323=CARTESIAN_POINT('',(8.94999999375648,1.6948258239728E-10,7.49999997615814));
#6324=CARTESIAN_POINT('',(-8.94999999375648,-1.6948302648649E-10,7.49999997615815));
#6325=CARTESIAN_POINT('',(7.,7.08926341395307E-15,12.2999999761581));
#6326=CARTESIAN_POINT('',(6.80000000000001,-9.74648875362827E-16,12.4999999761581));
#6327=CARTESIAN_POINT('',(6.,7.34788079488412E-16,6.63499997615814));
#6328=CARTESIAN_POINT('',(6.,3.93335417114704E-15,12.4999999761581));
#6329=CARTESIAN_POINT('',(-10.85,1.04094977927525E-16,2.49999997615815));
#6330=CARTESIAN_POINT('',(-10.85,0.,7.29999997615815));
#6331=CARTESIAN_POINT('',(10.85,1.04094977927525E-16,2.49999997615814));
#6332=CARTESIAN_POINT('',(10.85,-5.13362455200049E-17,7.29999997615814));
#6333=CARTESIAN_POINT('',(-11.0500000062435,1.69482872180993E-10,7.49999997615815));
#6334=CARTESIAN_POINT('',(11.0500000062435,-1.69485980805462E-10,7.49999997615814));
#6335=CARTESIAN_POINT('',(-7.,8.57252759403147E-16,7.49999997615814));
#6336=CARTESIAN_POINT('',(-7.,2.22184827624919E-15,12.2999999761581));
#6337=CARTESIAN_POINT('',(-6.80000000000001,-2.46629127414157E-17,12.4999999761581));
#6338=CARTESIAN_POINT('',(7.,0.,7.49999997615814));
#6339=CARTESIAN_POINT('',(7.,7.,7.49999997615814));
#6340=CARTESIAN_POINT('',(8.88178419700125E-16,7.,7.49999997615814));
#6341=CARTESIAN_POINT('',(-7.,7.,7.49999997615814));
#6342=CARTESIAN_POINT('',(-7.,8.57252759403147E-16,7.49999997615814));
#6343=CARTESIAN_POINT('',(7.,0.,7.49999997615814));
#6344=CARTESIAN_POINT('',(7.,7.08926341395307E-15,12.2999999761581));
#6345=CARTESIAN_POINT('',(-8.66500000000001,-2.2,2.49999997615815));
#6346=CARTESIAN_POINT('',(-8.16499999999999,-2.19999999999999,2.49999997615815));
#6347=CARTESIAN_POINT('',(-8.165,-2.7,2.49999997615815));
#6348=CARTESIAN_POINT('',(-8.165,-2.7,2.49999997615815));
#6349=CARTESIAN_POINT('',(-8.165,-2.7,7.29999997615814));
#6350=CARTESIAN_POINT('',(-8.66500000000001,-2.2,2.49999997615815));
#6351=CARTESIAN_POINT('',(-8.66500000000001,-2.2,7.29999997615815));
#6352=CARTESIAN_POINT('',(-8.165,-2.7,2.49999997615815));
#6353=CARTESIAN_POINT('',(-8.165,-4.99999999999999,2.49999997615815));
#6354=CARTESIAN_POINT('',(-8.165,-7.29999999999999,2.49999997615815));
#6355=CARTESIAN_POINT('',(-8.165,-7.29999999999999,2.49999997615815));
#6356=CARTESIAN_POINT('',(-8.16499999999999,-7.29999999999999,7.29999997615814));
#6357=CARTESIAN_POINT('',(-8.165,-7.29999999999999,2.49999997615815));
#6358=CARTESIAN_POINT('',(-8.16500000000001,-8.16499999999999,2.49999997615815));
#6359=CARTESIAN_POINT('',(-7.3,-8.165,2.49999997615815));
#6360=CARTESIAN_POINT('',(-7.3,-8.165,2.49999997615815));
#6361=CARTESIAN_POINT('',(-7.3,-8.165,7.29999997615814));
#6362=CARTESIAN_POINT('',(-7.3,-8.165,2.49999997615815));
#6363=CARTESIAN_POINT('',(7.105427357601E-15,-8.165,2.49999997615814));
#6364=CARTESIAN_POINT('',(7.30000000000002,-8.165,2.49999997615814));
#6365=CARTESIAN_POINT('',(7.30000000000002,-8.165,2.49999997615814));
#6366=CARTESIAN_POINT('',(7.30000000000002,-8.165,7.29999997615814));
#6367=CARTESIAN_POINT('',(7.30000000000002,-8.165,2.49999997615814));
#6368=CARTESIAN_POINT('',(8.165,-8.16499999999998,2.49999997615814));
#6369=CARTESIAN_POINT('',(8.165,-7.3,2.49999997615814));
#6370=CARTESIAN_POINT('',(8.165,-7.3,2.49999997615814));
#6371=CARTESIAN_POINT('',(8.165,-7.30000000000001,7.29999997615814));
#6372=CARTESIAN_POINT('',(8.165,-7.3,2.49999997615814));
#6373=CARTESIAN_POINT('',(8.165,-5.00000000000001,2.49999997615814));
#6374=CARTESIAN_POINT('',(8.165,-2.70000000000001,2.49999997615814));
#6375=CARTESIAN_POINT('',(8.165,-2.70000000000001,2.49999997615814));
#6376=CARTESIAN_POINT('',(8.165,-2.70000000000001,7.29999997615814));
#6377=CARTESIAN_POINT('',(8.165,-2.70000000000001,2.49999997615814));
#6378=CARTESIAN_POINT('',(8.16499999999999,-2.2,2.49999997615814));
#6379=CARTESIAN_POINT('',(8.665,-2.2,2.49999997615814));
#6380=CARTESIAN_POINT('',(8.665,-2.2,2.49999997615814));
#6381=CARTESIAN_POINT('',(8.665,-2.2,7.29999997615814));
#6382=CARTESIAN_POINT('',(8.665,-2.2,2.49999997615814));
#6383=CARTESIAN_POINT('',(9.3325,-2.2,2.49999997615814));
#6384=CARTESIAN_POINT('',(10.,-2.2,2.49999997615814));
#6385=CARTESIAN_POINT('',(10.,-2.2,2.49999997615814));
#6386=CARTESIAN_POINT('',(10.,-2.2,7.29999997615815));
#6387=CARTESIAN_POINT('',(10.,-2.2,2.49999997615814));
#6388=CARTESIAN_POINT('',(12.2,-2.2,2.49999997615814));
#6389=CARTESIAN_POINT('',(12.2,0.,2.49999997615814));
#6390=CARTESIAN_POINT('',(12.2,2.2,2.49999997615814));
#6391=CARTESIAN_POINT('',(10.,2.2,2.49999997615814));
#6392=CARTESIAN_POINT('',(10.,2.2,2.49999997615814));
#6393=CARTESIAN_POINT('',(10.,2.2,7.29999997615814));
#6394=CARTESIAN_POINT('',(10.,2.2,2.49999997615814));
#6395=CARTESIAN_POINT('',(9.3325,2.2,2.49999997615814));
#6396=CARTESIAN_POINT('',(8.665,2.2,2.49999997615814));
#6397=CARTESIAN_POINT('',(8.665,2.2,2.49999997615814));
#6398=CARTESIAN_POINT('',(8.665,2.19999999999999,7.29999997615814));
#6399=CARTESIAN_POINT('',(8.665,2.2,2.49999997615814));
#6400=CARTESIAN_POINT('',(8.165,2.19999999999999,2.49999997615814));
#6401=CARTESIAN_POINT('',(8.165,2.7,2.49999997615814));
#6402=CARTESIAN_POINT('',(8.165,2.7,2.49999997615814));
#6403=CARTESIAN_POINT('',(8.165,2.7,7.29999997615814));
#6404=CARTESIAN_POINT('',(8.165,2.7,2.49999997615814));
#6405=CARTESIAN_POINT('',(8.165,4.99999999999999,2.49999997615814));
#6406=CARTESIAN_POINT('',(8.165,7.29999999999999,2.49999997615814));
#6407=CARTESIAN_POINT('',(8.165,7.29999999999999,2.49999997615814));
#6408=CARTESIAN_POINT('',(8.16499999999999,7.29999999999999,7.29999997615814));
#6409=CARTESIAN_POINT('',(8.165,7.29999999999999,2.49999997615814));
#6410=CARTESIAN_POINT('',(8.16500000000001,8.16500000000001,2.49999997615814));
#6411=CARTESIAN_POINT('',(7.29999999999999,8.165,2.49999997615814));
#6412=CARTESIAN_POINT('',(7.29999999999999,8.165,2.49999997615814));
#6413=CARTESIAN_POINT('',(7.29999999999999,8.165,7.29999997615814));
#6414=CARTESIAN_POINT('',(7.29999999999999,8.165,2.49999997615814));
#6415=CARTESIAN_POINT('',(0.,8.165,2.49999997615814));
#6416=CARTESIAN_POINT('',(-7.29999999999999,8.165,2.49999997615815));
#6417=CARTESIAN_POINT('',(-7.29999999999999,8.165,2.49999997615815));
#6418=CARTESIAN_POINT('',(-7.29999999999999,8.165,7.29999997615814));
#6419=CARTESIAN_POINT('',(-7.29999999999999,8.165,2.49999997615815));
#6420=CARTESIAN_POINT('',(-8.16499999999998,8.16500000000001,2.49999997615815));
#6421=CARTESIAN_POINT('',(-8.165,7.30000000000002,2.49999997615815));
#6422=CARTESIAN_POINT('',(-8.165,7.30000000000002,2.49999997615815));
#6423=CARTESIAN_POINT('',(-8.165,7.30000000000001,7.29999997615815));
#6424=CARTESIAN_POINT('',(-8.165,7.30000000000002,2.49999997615815));
#6425=CARTESIAN_POINT('',(-8.165,5.00000000000001,2.49999997615815));
#6426=CARTESIAN_POINT('',(-8.165,2.7,2.49999997615815));
#6427=CARTESIAN_POINT('',(-8.165,2.7,2.49999997615815));
#6428=CARTESIAN_POINT('',(-8.165,2.7,7.29999997615815));
#6429=CARTESIAN_POINT('',(-8.165,2.7,2.49999997615815));
#6430=CARTESIAN_POINT('',(-8.165,2.2,2.49999997615815));
#6431=CARTESIAN_POINT('',(-8.66499999999999,2.2,2.49999997615815));
#6432=CARTESIAN_POINT('',(-8.66499999999999,2.2,2.49999997615815));
#6433=CARTESIAN_POINT('',(-8.66499999999999,2.2,7.29999997615814));
#6434=CARTESIAN_POINT('',(-8.66499999999999,2.2,2.49999997615815));
#6435=CARTESIAN_POINT('',(-9.3325,2.2,2.49999997615815));
#6436=CARTESIAN_POINT('',(-10.,2.2,2.49999997615815));
#6437=CARTESIAN_POINT('',(-10.,2.2,2.49999997615815));
#6438=CARTESIAN_POINT('',(-10.,2.2,7.29999997615814));
#6439=CARTESIAN_POINT('',(-10.,2.2,2.49999997615815));
#6440=CARTESIAN_POINT('',(-12.2,2.2,2.49999997615815));
#6441=CARTESIAN_POINT('',(-12.2,0.,2.49999997615815));
#6442=CARTESIAN_POINT('',(-12.2,-2.2,2.49999997615815));
#6443=CARTESIAN_POINT('',(-10.,-2.2,2.49999997615815));
#6444=CARTESIAN_POINT('',(-10.,-2.2,2.49999997615815));
#6445=CARTESIAN_POINT('',(-10.,-2.2,7.29999997615815));
#6446=CARTESIAN_POINT('',(-10.,-2.2,2.49999997615815));
#6447=CARTESIAN_POINT('',(-9.3325,-2.2,2.49999997615815));
#6448=CARTESIAN_POINT('',(-8.66500000000001,-2.2,2.49999997615815));
#6449=CARTESIAN_POINT('',(-6.8,-7.3,6.63499997615815));
#6450=CARTESIAN_POINT('',(-7.105427357601E-15,-7.3,6.63499997615815));
#6451=CARTESIAN_POINT('',(6.79999999999998,-7.3,6.63499997615815));
#6452=CARTESIAN_POINT('',(6.79999999999998,-7.3,6.63499997615815));
#6453=CARTESIAN_POINT('',(7.3,-7.30000000000001,6.63499997615815));
#6454=CARTESIAN_POINT('',(7.3,-6.8,6.63499997615815));
#6455=CARTESIAN_POINT('',(7.3,-6.8,6.63499997615815));
#6456=CARTESIAN_POINT('',(7.3,-1.77635683940025E-15,6.63499997615815));
#6457=CARTESIAN_POINT('',(7.3,6.8,6.63499997615815));
#6458=CARTESIAN_POINT('',(7.3,6.8,6.63499997615815));
#6459=CARTESIAN_POINT('',(7.3,7.3,6.63499997615815));
#6460=CARTESIAN_POINT('',(6.8,7.3,6.63499997615815));
#6461=CARTESIAN_POINT('',(6.8,7.3,6.63499997615815));
#6462=CARTESIAN_POINT('',(0.,7.3,6.63499997615815));
#6463=CARTESIAN_POINT('',(-6.8,7.3,6.63499997615815));
#6464=CARTESIAN_POINT('',(-6.8,7.3,6.63499997615815));
#6465=CARTESIAN_POINT('',(-7.3,7.3,6.63499997615815));
#6466=CARTESIAN_POINT('',(-7.3,6.8,6.63499997615815));
#6467=CARTESIAN_POINT('',(-7.3,6.8,6.63499997615815));
#6468=CARTESIAN_POINT('',(-7.3,0.,6.63499997615815));
#6469=CARTESIAN_POINT('',(-7.3,-6.8,6.63499997615815));
#6470=CARTESIAN_POINT('',(-7.3,-6.8,6.63499997615815));
#6471=CARTESIAN_POINT('',(-7.3,-7.3,6.63499997615815));
#6472=CARTESIAN_POINT('',(-6.8,-7.3,6.63499997615815));
#6473=CARTESIAN_POINT('',(6.79999999999998,-7.3,2.49999997615814));
#6474=CARTESIAN_POINT('',(-7.105427357601E-15,-7.3,2.49999997615814));
#6475=CARTESIAN_POINT('',(-6.8,-7.3,2.49999997615815));
#6476=CARTESIAN_POINT('',(7.3,-6.8,2.49999997615814));
#6477=CARTESIAN_POINT('',(7.3,-7.30000000000001,2.49999997615814));
#6478=CARTESIAN_POINT('',(6.79999999999998,-7.3,2.49999997615814));
#6479=CARTESIAN_POINT('',(7.3,6.8,2.49999997615814));
#6480=CARTESIAN_POINT('',(7.3,-1.77635683940025E-15,2.49999997615814));
#6481=CARTESIAN_POINT('',(7.3,-6.8,2.49999997615814));
#6482=CARTESIAN_POINT('',(6.8,7.3,2.49999997615814));
#6483=CARTESIAN_POINT('',(7.3,7.3,2.49999997615814));
#6484=CARTESIAN_POINT('',(7.3,6.8,2.49999997615814));
#6485=CARTESIAN_POINT('',(-6.8,7.3,2.49999997615815));
#6486=CARTESIAN_POINT('',(0.,7.3,2.49999997615814));
#6487=CARTESIAN_POINT('',(6.8,7.3,2.49999997615814));
#6488=CARTESIAN_POINT('',(-7.3,6.8,2.49999997615815));
#6489=CARTESIAN_POINT('',(-7.3,7.3,2.49999997615815));
#6490=CARTESIAN_POINT('',(-6.8,7.3,2.49999997615815));
#6491=CARTESIAN_POINT('',(-7.3,-6.8,2.49999997615815));
#6492=CARTESIAN_POINT('',(-7.3,0.,2.49999997615815));
#6493=CARTESIAN_POINT('',(-7.3,6.8,2.49999997615815));
#6494=CARTESIAN_POINT('',(-6.8,-7.3,2.49999997615815));
#6495=CARTESIAN_POINT('',(-7.3,-7.3,2.49999997615814));
#6496=CARTESIAN_POINT('',(-7.3,-6.8,2.49999997615815));
#6497=CARTESIAN_POINT('',(6.79999999999998,-7.3,2.49999997615814));
#6498=CARTESIAN_POINT('',(6.79999999999998,-7.3,6.63499997615815));
#6499=CARTESIAN_POINT('',(-6.8,-7.3,2.49999997615815));
#6500=CARTESIAN_POINT('',(-6.8,-7.3,6.63499997615815));
#6501=CARTESIAN_POINT('',(7.3,-6.8,2.49999997615814));
#6502=CARTESIAN_POINT('',(7.3,-6.8,6.63499997615815));
#6503=CARTESIAN_POINT('',(7.3,6.8,2.49999997615814));
#6504=CARTESIAN_POINT('',(7.3,6.8,6.63499997615815));
#6505=CARTESIAN_POINT('',(6.8,7.3,2.49999997615814));
#6506=CARTESIAN_POINT('',(6.8,7.3,6.63499997615815));
#6507=CARTESIAN_POINT('',(-6.8,7.3,2.49999997615815));
#6508=CARTESIAN_POINT('',(-6.8,7.3,6.63499997615815));
#6509=CARTESIAN_POINT('',(-7.3,6.8,2.49999997615815));
#6510=CARTESIAN_POINT('',(-7.3,6.8,6.63499997615815));
#6511=CARTESIAN_POINT('',(-7.3,-6.8,2.49999997615815));
#6512=CARTESIAN_POINT('',(-7.3,-6.8,6.63499997615815));
#6513=CARTESIAN_POINT('',(-6.,0.,12.4999999761581));
#6514=CARTESIAN_POINT('',(-6.,6.,12.4999999761581));
#6515=CARTESIAN_POINT('',(2.92165730501116E-15,6.,12.4999999761581));
#6516=CARTESIAN_POINT('',(6.,6.,12.4999999761581));
#6517=CARTESIAN_POINT('',(6.,3.93335417114704E-15,12.4999999761581));
#6518=CARTESIAN_POINT('',(-6.,0.,6.63499997615815));
#6519=CARTESIAN_POINT('',(-6.,6.,6.63499997615815));
#6520=CARTESIAN_POINT('',(1.68814959377492E-15,6.,6.63499997615814));
#6521=CARTESIAN_POINT('',(6.,6.,6.63499997615814));
#6522=CARTESIAN_POINT('',(6.,7.34788079488412E-16,6.63499997615814));
#6523=CARTESIAN_POINT('',(-6.,4.44089209850063E-16,6.63499997615815));
#6524=CARTESIAN_POINT('',(-6.,0.,12.4999999761581));
#6525=CARTESIAN_POINT('',(-9.15,0.,2.49999997615815));
#6526=CARTESIAN_POINT('',(-9.15,-0.85,2.49999997615815));
#6527=CARTESIAN_POINT('',(-10.,-0.85,2.49999997615815));
#6528=CARTESIAN_POINT('',(-10.85,-0.85,2.49999997615815));
#6529=CARTESIAN_POINT('',(-10.85,1.04094977927525E-16,2.49999997615815));
#6530=CARTESIAN_POINT('',(-9.15,-2.22044604925031E-16,2.49999997615815));
#6531=CARTESIAN_POINT('',(-9.15,3.15303338993545E-16,7.29999997615815));
#6532=CARTESIAN_POINT('',(9.15,-2.0818995585505E-16,2.49999997615814));
#6533=CARTESIAN_POINT('',(9.15,0.85,2.49999997615814));
#6534=CARTESIAN_POINT('',(10.,0.85,2.49999997615814));
#6535=CARTESIAN_POINT('',(10.85,0.85,2.49999997615814));
#6536=CARTESIAN_POINT('',(10.85,1.04094977927525E-16,2.49999997615814));
#6537=CARTESIAN_POINT('',(9.15,-3.26139582852556E-16,2.49999997615814));
#6538=CARTESIAN_POINT('',(9.15,1.59160872102257E-16,7.29999997615814));
#6539=CARTESIAN_POINT('',(-8.66500000000001,-2.2,7.29999997615815));
#6540=CARTESIAN_POINT('',(-8.16500000000001,-2.2,7.29999997615815));
#6541=CARTESIAN_POINT('',(-8.165,-2.7,7.29999997615814));
#6542=CARTESIAN_POINT('',(-8.16499999999999,-7.29999999999999,7.29999997615814));
#6543=CARTESIAN_POINT('',(-8.16499999999999,-8.16499999999996,7.29999997615814));
#6544=CARTESIAN_POINT('',(-7.3,-8.165,7.29999997615814));
#6545=CARTESIAN_POINT('',(7.30000000000002,-8.165,7.29999997615814));
#6546=CARTESIAN_POINT('',(8.165,-8.16499999999998,7.29999997615814));
#6547=CARTESIAN_POINT('',(8.165,-7.30000000000001,7.29999997615814));
#6548=CARTESIAN_POINT('',(8.165,-2.70000000000001,7.29999997615814));
#6549=CARTESIAN_POINT('',(8.165,-2.20000000000001,7.29999997615814));
#6550=CARTESIAN_POINT('',(8.665,-2.2,7.29999997615814));
#6551=CARTESIAN_POINT('',(8.665,2.19999999999999,7.29999997615814));
#6552=CARTESIAN_POINT('',(8.16500000000001,2.19999999999999,7.29999997615814));
#6553=CARTESIAN_POINT('',(8.165,2.7,7.29999997615814));
#6554=CARTESIAN_POINT('',(8.16499999999999,7.29999999999999,7.29999997615814));
#6555=CARTESIAN_POINT('',(8.165,8.16499999999999,7.29999997615814));
#6556=CARTESIAN_POINT('',(7.29999999999999,8.16499999999999,7.29999997615814));
#6557=CARTESIAN_POINT('',(-7.29999999999999,8.165,7.29999997615814));
#6558=CARTESIAN_POINT('',(-8.16499999999997,8.165,7.29999997615814));
#6559=CARTESIAN_POINT('',(-8.165,7.30000000000001,7.29999997615814));
#6560=CARTESIAN_POINT('',(-8.165,2.7,7.29999997615815));
#6561=CARTESIAN_POINT('',(-8.16500000000001,2.20000000000002,7.29999997615815));
#6562=CARTESIAN_POINT('',(-8.66499999999999,2.2,7.29999997615814));
#6563=CARTESIAN_POINT('',(7.3,7.965,7.49999997615814));
#6564=CARTESIAN_POINT('',(-7.29999999999999,7.965,7.49999997615814));
#6565=CARTESIAN_POINT('',(7.965,2.69999999999999,7.49999997615814));
#6566=CARTESIAN_POINT('',(7.96499999999999,7.29999999999999,7.49999997615814));
#6567=CARTESIAN_POINT('',(7.965,-7.30000000000001,7.49999997615814));
#6568=CARTESIAN_POINT('',(7.965,-2.70000000000001,7.49999997615814));
#6569=CARTESIAN_POINT('',(-7.965,7.30000000000001,7.49999997615815));
#6570=CARTESIAN_POINT('',(-7.965,2.7,7.49999997615815));
#6571=CARTESIAN_POINT('',(-7.3,-7.965,7.49999997615814));
#6572=CARTESIAN_POINT('',(7.30000000000002,-7.965,7.49999997615814));
#6573=CARTESIAN_POINT('',(-7.965,-2.70000000000001,7.49999997615815));
#6574=CARTESIAN_POINT('',(-7.965,-7.29999999999999,7.49999997615815));
#6575=CARTESIAN_POINT('',(-8.165,-2.7,7.29999997615814));
#6576=CARTESIAN_POINT('',(-8.165,-2.70000000000001,7.49999997615814));
#6577=CARTESIAN_POINT('',(-7.965,-2.70000000000001,7.49999997615815));
#6578=CARTESIAN_POINT('',(-8.665,-2.,7.49999997615815));
#6579=CARTESIAN_POINT('',(-7.96499999999999,-1.99999999999999,7.49999997615815));
#6580=CARTESIAN_POINT('',(-7.96499999999999,-2.70000000000001,7.49999997615815));
#6581=CARTESIAN_POINT('',(-8.665,-2.,7.49999997615815));
#6582=CARTESIAN_POINT('',(-8.665,-2.2,7.49999997615815));
#6583=CARTESIAN_POINT('',(-8.66500000000001,-2.2,7.29999997615815));
#6584=CARTESIAN_POINT('',(-8.165,-2.7,7.29999997615814));
#6585=CARTESIAN_POINT('',(-8.16499999999999,-7.29999999999999,7.29999997615814));
#6586=CARTESIAN_POINT('',(-8.16499999999999,-7.29999999999999,7.29999997615814));
#6587=CARTESIAN_POINT('',(-8.165,-7.29999999999993,7.49999997615814));
#6588=CARTESIAN_POINT('',(-7.965,-7.29999999999999,7.49999997615815));
#6589=CARTESIAN_POINT('',(-7.965,-7.29999999999999,7.49999997615815));
#6590=CARTESIAN_POINT('',(-7.965,-7.96499999999999,7.49999997615814));
#6591=CARTESIAN_POINT('',(-7.3,-7.965,7.49999997615814));
#6592=CARTESIAN_POINT('',(-7.3,-7.965,7.49999997615814));
#6593=CARTESIAN_POINT('',(-7.3,-8.165,7.49999997615814));
#6594=CARTESIAN_POINT('',(-7.3,-8.165,7.29999997615814));
#6595=CARTESIAN_POINT('',(-7.3,-8.165,7.29999997615814));
#6596=CARTESIAN_POINT('',(7.30000000000002,-8.165,7.29999997615814));
#6597=CARTESIAN_POINT('',(7.30000000000002,-8.165,7.29999997615814));
#6598=CARTESIAN_POINT('',(7.30000000000002,-8.165,7.49999997615814));
#6599=CARTESIAN_POINT('',(7.30000000000002,-7.965,7.49999997615814));
#6600=CARTESIAN_POINT('',(7.30000000000002,-7.965,7.49999997615814));
#6601=CARTESIAN_POINT('',(7.965,-7.96499999999998,7.49999997615814));
#6602=CARTESIAN_POINT('',(7.965,-7.30000000000001,7.49999997615814));
#6603=CARTESIAN_POINT('',(7.965,-7.30000000000001,7.49999997615814));
#6604=CARTESIAN_POINT('',(8.165,-7.30000000000001,7.49999997615814));
#6605=CARTESIAN_POINT('',(8.165,-7.30000000000001,7.29999997615814));
#6606=CARTESIAN_POINT('',(8.165,-7.30000000000001,7.29999997615814));
#6607=CARTESIAN_POINT('',(8.165,-2.70000000000001,7.29999997615814));
#6608=CARTESIAN_POINT('',(8.165,-2.70000000000001,7.29999997615814));
#6609=CARTESIAN_POINT('',(8.165,-2.70000000000001,7.49999997615814));
#6610=CARTESIAN_POINT('',(7.965,-2.70000000000001,7.49999997615814));
#6611=CARTESIAN_POINT('',(8.665,-2.2,7.29999997615814));
#6612=CARTESIAN_POINT('',(8.665,-2.2,7.49999997615814));
#6613=CARTESIAN_POINT('',(8.66500000000001,-2.,7.49999997615814));
#6614=CARTESIAN_POINT('',(7.965,-2.70000000000001,7.49999997615814));
#6615=CARTESIAN_POINT('',(7.96499999999999,-2.,7.49999997615814));
#6616=CARTESIAN_POINT('',(8.66500000000001,-2.,7.49999997615814));
#6617=CARTESIAN_POINT('',(8.665,-2.2,7.29999997615814));
#6618=CARTESIAN_POINT('',(10.,-2.2,7.29999997615815));
#6619=CARTESIAN_POINT('',(8.66500000000001,-2.,7.49999997615814));
#6620=CARTESIAN_POINT('',(10.0000000000288,-2.00000000285184,7.49999997615814));
#6621=CARTESIAN_POINT('',(10.,-2.2,7.29999997615815));
#6622=CARTESIAN_POINT('',(10.0000000000143,-2.20000000142591,7.49999997615814));
#6623=CARTESIAN_POINT('',(10.0000000000288,-2.00000000285184,7.49999997615814));
#6624=CARTESIAN_POINT('',(10.,-2.2,7.29999997615815));
#6625=CARTESIAN_POINT('',(12.2,-2.20000000000001,7.29999997615815));
#6626=CARTESIAN_POINT('',(12.2,-2.61864195316418E-15,7.29999997615814));
#6627=CARTESIAN_POINT('',(12.2,2.2,7.29999997615814));
#6628=CARTESIAN_POINT('',(10.,2.2,7.29999997615814));
#6629=CARTESIAN_POINT('',(10.0000000000288,-2.00000000285184,7.49999997615814));
#6630=CARTESIAN_POINT('',(12.000000004321,-2.00000000282297,7.49999997615814));
#6631=CARTESIAN_POINT('',(12.0000000042777,1.46917490426605E-9,7.49999997615814));
#6632=CARTESIAN_POINT('',(12.0000000042345,2.00000000576132,7.49999997615814));
#6633=CARTESIAN_POINT('',(9.99999999994233,2.00000000570367,7.49999997615814));
#6634=CARTESIAN_POINT('',(9.99999999999,2.00000000285184,7.49999997615814));
#6635=CARTESIAN_POINT('',(9.99999999999512,2.20000000142592,7.49999997615814));
#6636=CARTESIAN_POINT('',(10.,2.2,7.29999997615814));
#6637=CARTESIAN_POINT('',(10.,2.2,7.29999997615814));
#6638=CARTESIAN_POINT('',(8.665,2.19999999999999,7.29999997615814));
#6639=CARTESIAN_POINT('',(9.99999999999,2.00000000285184,7.49999997615814));
#6640=CARTESIAN_POINT('',(8.665,2.,7.49999997615814));
#6641=CARTESIAN_POINT('',(8.665,2.19999999999999,7.29999997615814));
#6642=CARTESIAN_POINT('',(8.66500000000013,2.2,7.49999997615814));
#6643=CARTESIAN_POINT('',(8.665,2.,7.49999997615814));
#6644=CARTESIAN_POINT('',(8.665,2.,7.49999997615814));
#6645=CARTESIAN_POINT('',(7.965,2.,7.49999997615814));
#6646=CARTESIAN_POINT('',(7.965,2.69999999999999,7.49999997615814));
#6647=CARTESIAN_POINT('',(7.965,2.69999999999999,7.49999997615814));
#6648=CARTESIAN_POINT('',(8.165,2.69999999999997,7.49999997615814));
#6649=CARTESIAN_POINT('',(8.165,2.7,7.29999997615814));
#6650=CARTESIAN_POINT('',(8.165,2.7,7.29999997615814));
#6651=CARTESIAN_POINT('',(8.16499999999999,7.29999999999999,7.29999997615814));
#6652=CARTESIAN_POINT('',(7.29999999999999,8.165,7.29999997615814));
#6653=CARTESIAN_POINT('',(7.3,8.165,7.49999997615814));
#6654=CARTESIAN_POINT('',(7.3,7.965,7.49999997615814));
#6655=CARTESIAN_POINT('',(7.965,7.29999999999999,7.49999997615814));
#6656=CARTESIAN_POINT('',(7.96500000000002,7.96500000000001,7.49999997615814));
#6657=CARTESIAN_POINT('',(7.3,7.965,7.49999997615814));
#6658=CARTESIAN_POINT('',(7.96499999999999,7.29999999999999,7.49999997615814));
#6659=CARTESIAN_POINT('',(8.16499999999999,7.29999999999999,7.49999997615814));
#6660=CARTESIAN_POINT('',(8.16499999999999,7.29999999999999,7.29999997615814));
#6661=CARTESIAN_POINT('',(7.29999999999999,8.165,7.29999997615814));
#6662=CARTESIAN_POINT('',(-7.29999999999999,8.165,7.29999997615814));
#6663=CARTESIAN_POINT('',(-8.165,7.30000000000001,7.29999997615815));
#6664=CARTESIAN_POINT('',(-8.165,7.30000000000001,7.49999997615815));
#6665=CARTESIAN_POINT('',(-7.965,7.30000000000001,7.49999997615815));
#6666=CARTESIAN_POINT('',(-7.29999999999999,7.965,7.49999997615815));
#6667=CARTESIAN_POINT('',(-7.96499999999998,7.96500000000001,7.49999997615815));
#6668=CARTESIAN_POINT('',(-7.965,7.30000000000001,7.49999997615815));
#6669=CARTESIAN_POINT('',(-7.29999999999999,7.965,7.49999997615814));
#6670=CARTESIAN_POINT('',(-7.29999999999999,8.165,7.49999997615814));
#6671=CARTESIAN_POINT('',(-7.29999999999999,8.165,7.29999997615814));
#6672=CARTESIAN_POINT('',(-8.165,7.30000000000001,7.29999997615815));
#6673=CARTESIAN_POINT('',(-8.165,2.7,7.29999997615815));
#6674=CARTESIAN_POINT('',(-8.165,2.7,7.29999997615815));
#6675=CARTESIAN_POINT('',(-8.16499999999999,2.70000000000003,7.49999997615815));
#6676=CARTESIAN_POINT('',(-7.965,2.7,7.49999997615815));
#6677=CARTESIAN_POINT('',(-8.66499999999999,2.2,7.29999997615814));
#6678=CARTESIAN_POINT('',(-8.66499999999999,2.19999999999999,7.49999997615814));
#6679=CARTESIAN_POINT('',(-8.66499999999998,1.99999999999999,7.49999997615815));
#6680=CARTESIAN_POINT('',(-7.965,2.7,7.49999997615815));
#6681=CARTESIAN_POINT('',(-7.96499999999999,2.,7.49999997615815));
#6682=CARTESIAN_POINT('',(-8.66499999999999,2.,7.49999997615815));
#6683=CARTESIAN_POINT('',(-8.66499999999999,2.2,7.29999997615814));
#6684=CARTESIAN_POINT('',(-10.,2.2,7.29999997615814));
#6685=CARTESIAN_POINT('',(-8.66499999999998,1.99999999999999,7.49999997615815));
#6686=CARTESIAN_POINT('',(-10.0000000000288,2.00000000285183,7.49999997615815));
#6687=CARTESIAN_POINT('',(-10.,2.2,7.29999997615814));
#6688=CARTESIAN_POINT('',(-10.0000000000143,2.20000000142591,7.49999997615814));
#6689=CARTESIAN_POINT('',(-10.0000000000288,2.00000000285183,7.49999997615815));
#6690=CARTESIAN_POINT('',(-10.,2.2,7.29999997615814));
#6691=CARTESIAN_POINT('',(-12.2,2.2,7.29999997615814));
#6692=CARTESIAN_POINT('',(-12.2,-1.02288956760633E-15,7.29999997615814));
#6693=CARTESIAN_POINT('',(-12.2,-2.2,7.29999997615815));
#6694=CARTESIAN_POINT('',(-10.,-2.2,7.29999997615815));
#6695=CARTESIAN_POINT('',(-10.0000000000288,2.00000000285183,7.49999997615814));
#6696=CARTESIAN_POINT('',(-12.000000004321,2.00000000282301,7.49999997615814));
#6697=CARTESIAN_POINT('',(-12.0000000042778,-1.46917201768611E-9,7.49999997615815));
#6698=CARTESIAN_POINT('',(-12.0000000042345,-2.00000000576135,7.49999997615815));
#6699=CARTESIAN_POINT('',(-9.99999999994233,-2.00000000570368,7.49999997615815));
#6700=CARTESIAN_POINT('',(-10.,-2.2,7.29999997615815));
#6701=CARTESIAN_POINT('',(-8.66500000000001,-2.2,7.29999997615815));
#6702=CARTESIAN_POINT('',(-9.99999999999,-2.00000000285184,7.49999997615815));
#6703=CARTESIAN_POINT('',(-8.665,-2.,7.49999997615815));
#6704=CARTESIAN_POINT('',(-9.99999999999,-2.00000000285184,7.49999997615815));
#6705=CARTESIAN_POINT('',(-9.99999999999519,-2.20000000142592,7.49999997615815));
#6706=CARTESIAN_POINT('',(-10.,-2.2,7.29999997615815));
#6707=CARTESIAN_POINT('',(-9.15,0.,7.29999997615815));
#6708=CARTESIAN_POINT('',(-9.15,0.849999999999998,7.29999997615815));
#6709=CARTESIAN_POINT('',(-10.,0.849999999999998,7.29999997615815));
#6710=CARTESIAN_POINT('',(-10.85,0.849999999999998,7.29999997615815));
#6711=CARTESIAN_POINT('',(-10.85,0.,7.29999997615815));
#6712=CARTESIAN_POINT('',(-9.15,3.15303338993545E-16,7.29999997615815));
#6713=CARTESIAN_POINT('',(-9.14999999375648,4.45285517977261E-17,7.49999997615815));
#6714=CARTESIAN_POINT('',(-8.94999999375648,-1.6948302648649E-10,7.49999997615815));
#6715=CARTESIAN_POINT('',(-8.94999999375648,-1.69482872180993E-10,7.49999997615815));
#6716=CARTESIAN_POINT('',(-8.949999993587,1.05000000607404,7.49999997615815));
#6717=CARTESIAN_POINT('',(-9.99999999983052,1.05000000624352,7.49999997615815));
#6718=CARTESIAN_POINT('',(-11.050000006074,1.050000006413,7.49999997615815));
#6719=CARTESIAN_POINT('',(-11.0500000062435,1.69482872180993E-10,7.49999997615815));
#6720=CARTESIAN_POINT('',(9.15,-2.0818995585505E-16,7.29999997615814));
#6721=CARTESIAN_POINT('',(9.15,-0.85,7.29999997615814));
#6722=CARTESIAN_POINT('',(10.,-0.85,7.29999997615814));
#6723=CARTESIAN_POINT('',(10.85,-0.849999999999999,7.29999997615814));
#6724=CARTESIAN_POINT('',(10.85,-5.13362455200049E-17,7.29999997615814));
#6725=CARTESIAN_POINT('',(9.15,1.59160872102257E-16,7.29999997615814));
#6726=CARTESIAN_POINT('',(9.14999999375648,3.47099142505946E-16,7.49999997615814));
#6727=CARTESIAN_POINT('',(8.94999999375648,1.6948258239728E-10,7.49999997615814));
#6728=CARTESIAN_POINT('',(8.94999999375648,1.69482428091783E-10,7.49999997615814));
#6729=CARTESIAN_POINT('',(8.94999999358699,-1.05000000607404,7.49999997615814));
#6730=CARTESIAN_POINT('',(9.99999999983052,-1.05000000624352,7.49999997615814));
#6731=CARTESIAN_POINT('',(11.050000006074,-1.05000000641301,7.49999997615814));
#6732=CARTESIAN_POINT('',(11.0500000062435,-1.69485980805462E-10,7.49999997615814));
#6733=CARTESIAN_POINT('',(7.,1.41785268279061E-14,12.2999999761581));
#6734=CARTESIAN_POINT('',(6.99999999999999,7.00000000000001,12.2999999761581));
#6735=CARTESIAN_POINT('',(-5.97833927582848E-15,7.,12.2999999761581));
#6736=CARTESIAN_POINT('',(-7.,7.,12.2999999761581));
#6737=CARTESIAN_POINT('',(-7.,2.22184827624919E-15,12.2999999761581));
#6738=CARTESIAN_POINT('',(7.,7.08926341395307E-15,12.2999999761581));
#6739=CARTESIAN_POINT('',(7.00000000000001,1.12080951056092E-14,12.4999999761581));
#6740=CARTESIAN_POINT('',(6.80000000000001,-9.74648875362827E-16,12.4999999761581));
#6741=CARTESIAN_POINT('',(6.80000000000001,2.46629127414157E-17,12.4999999761581));
#6742=CARTESIAN_POINT('',(6.80000000000001,6.80000000000001,12.4999999761581));
#6743=CARTESIAN_POINT('',(3.91716998968685E-16,6.80000000000001,12.4999999761581));
#6744=CARTESIAN_POINT('',(-6.80000000000001,6.80000000000001,12.4999999761581));
#6745=CARTESIAN_POINT('',(-6.80000000000001,-2.46629127414157E-17,12.4999999761581));
#6746=CARTESIAN_POINT('',(6.,7.34788079488412E-16,6.63499997615814));
#6747=CARTESIAN_POINT('',(6.,7.34788079488412E-16,12.4999999761581));
#6748=CARTESIAN_POINT('',(6.,3.93335417114704E-15,12.4999999761581));
#6749=CARTESIAN_POINT('',(6.00000000000001,-6.,12.4999999761581));
#6750=CARTESIAN_POINT('',(3.80983572471129E-15,-6.,12.4999999761581));
#6751=CARTESIAN_POINT('',(-5.99999999999999,-6.,12.4999999761581));
#6752=CARTESIAN_POINT('',(-6.,0.,12.4999999761581));
#6753=CARTESIAN_POINT('',(6.,7.34788079488412E-16,6.63499997615814));
#6754=CARTESIAN_POINT('',(6.,-6.,6.63499997615814));
#6755=CARTESIAN_POINT('',(2.57632801347504E-15,-6.,6.63499997615814));
#6756=CARTESIAN_POINT('',(-6.,-6.,6.63499997615815));
#6757=CARTESIAN_POINT('',(-6.,0.,6.63499997615815));
#6758=CARTESIAN_POINT('',(-10.85,1.04094977927525E-16,2.49999997615815));
#6759=CARTESIAN_POINT('',(-10.85,1.04094977927525E-16,7.29999997615815));
#6760=CARTESIAN_POINT('',(-10.85,1.04094977927525E-16,2.49999997615815));
#6761=CARTESIAN_POINT('',(-10.85,0.85,2.49999997615815));
#6762=CARTESIAN_POINT('',(-10.,0.85,2.49999997615815));
#6763=CARTESIAN_POINT('',(-9.15,0.85,2.49999997615815));
#6764=CARTESIAN_POINT('',(-9.15,0.,2.49999997615815));
#6765=CARTESIAN_POINT('',(-10.85,0.,7.29999997615815));
#6766=CARTESIAN_POINT('',(-10.85,-0.849999999999998,7.29999997615815));
#6767=CARTESIAN_POINT('',(-10.,-0.849999999999998,7.29999997615815));
#6768=CARTESIAN_POINT('',(-9.15,-0.849999999999998,7.29999997615815));
#6769=CARTESIAN_POINT('',(-9.15,0.,7.29999997615815));
#6770=CARTESIAN_POINT('',(10.85,1.04094977927525E-16,2.49999997615814));
#6771=CARTESIAN_POINT('',(10.85,1.04094977927525E-16,7.29999997615814));
#6772=CARTESIAN_POINT('',(10.85,1.04094977927525E-16,2.49999997615814));
#6773=CARTESIAN_POINT('',(10.85,-0.85,2.49999997615814));
#6774=CARTESIAN_POINT('',(10.,-0.85,2.49999997615814));
#6775=CARTESIAN_POINT('',(9.15,-0.85,2.49999997615814));
#6776=CARTESIAN_POINT('',(9.15,-2.0818995585505E-16,2.49999997615814));
#6777=CARTESIAN_POINT('',(10.85,-5.13362455200049E-17,7.29999997615814));
#6778=CARTESIAN_POINT('',(10.85,0.849999999999996,7.29999997615814));
#6779=CARTESIAN_POINT('',(10.,0.849999999999996,7.29999997615814));
#6780=CARTESIAN_POINT('',(9.15000000000001,0.849999999999996,7.29999997615814));
#6781=CARTESIAN_POINT('',(9.15,-2.0818995585505E-16,7.29999997615814));
#6782=CARTESIAN_POINT('',(-10.85,0.,7.29999997615815));
#6783=CARTESIAN_POINT('',(-10.8500000062435,3.59703688864857E-17,7.49999997615815));
#6784=CARTESIAN_POINT('',(-11.0500000062435,1.69482872180993E-10,7.49999997615815));
#6785=CARTESIAN_POINT('',(-11.0500000062435,1.69482872180993E-10,7.49999997615815));
#6786=CARTESIAN_POINT('',(-11.050000006413,-1.05000000607404,7.49999997615815));
#6787=CARTESIAN_POINT('',(-10.0000000001695,-1.05000000624352,7.49999997615815));
#6788=CARTESIAN_POINT('',(-8.94999999392596,-1.05000000641301,7.49999997615815));
#6789=CARTESIAN_POINT('',(-8.94999999375648,-1.69482872180993E-10,7.49999997615815));
#6790=CARTESIAN_POINT('',(10.85,-3.34452372294545E-15,7.29999997615814));
#6791=CARTESIAN_POINT('',(10.8500000062435,-3.63898465851523E-15,7.49999997615814));
#6792=CARTESIAN_POINT('',(11.0500000062435,-1.69485980805462E-10,7.49999997615814));
#6793=CARTESIAN_POINT('',(11.0500000062435,-1.69485980805462E-10,7.49999997615814));
#6794=CARTESIAN_POINT('',(11.050000006413,1.05000000607404,7.49999997615814));
#6795=CARTESIAN_POINT('',(10.0000000001695,1.05000000624352,7.49999997615814));
#6796=CARTESIAN_POINT('',(8.94999999392596,1.050000006413,7.49999997615814));
#6797=CARTESIAN_POINT('',(8.94999999375648,1.69482428091783E-10,7.49999997615814));
#6798=CARTESIAN_POINT('',(-7.,8.57252759403147E-16,7.49999997615814));
#6799=CARTESIAN_POINT('',(-7.,8.57252759403147E-16,12.2999999761581));
#6800=CARTESIAN_POINT('',(-7.,8.57252759403147E-16,7.49999997615814));
#6801=CARTESIAN_POINT('',(-7.,-7.,7.49999997615814));
#6802=CARTESIAN_POINT('',(-8.88178419700125E-16,-7.,7.49999997615814));
#6803=CARTESIAN_POINT('',(7.,-7.,7.49999997615814));
#6804=CARTESIAN_POINT('',(7.,0.,7.49999997615814));
#6805=CARTESIAN_POINT('',(-7.,2.22184827624919E-15,12.2999999761581));
#6806=CARTESIAN_POINT('',(-7.,-7.,12.2999999761581));
#6807=CARTESIAN_POINT('',(6.67539875090055E-15,-7.,12.2999999761581));
#6808=CARTESIAN_POINT('',(7.00000000000001,-7.,12.2999999761581));
#6809=CARTESIAN_POINT('',(7.,1.41785268279061E-14,12.2999999761581));
#6810=CARTESIAN_POINT('',(-7.,-1.41785268279061E-14,12.2999999761581));
#6811=CARTESIAN_POINT('',(-7.00000000000001,-1.52523827066379E-14,12.4999999761581));
#6812=CARTESIAN_POINT('',(-6.80000000000001,-2.46629127414157E-17,12.4999999761581));
#6813=CARTESIAN_POINT('',(-6.80000000000001,-2.46629127414157E-17,12.4999999761581));
#6814=CARTESIAN_POINT('',(-6.80000000000002,-6.80000000000001,12.4999999761581));
#6815=CARTESIAN_POINT('',(-1.22447682238889E-15,-6.80000000000001,12.4999999761581));
#6816=CARTESIAN_POINT('',(6.80000000000001,-6.80000000000002,12.4999999761581));
#6817=CARTESIAN_POINT('',(6.80000000000001,2.46629127414157E-17,12.4999999761581));
#6818=CARTESIAN_POINT('',(-6.,-6.,5.));
#6819=CARTESIAN_POINT('',(6.,-6.,5.));
#6820=CARTESIAN_POINT('',(6.,6.,5.));
#6821=CARTESIAN_POINT('',(-6.,6.,5.));
#6822=CARTESIAN_POINT('',(-6.,-6.,5.));
#6823=CARTESIAN_POINT('',(6.,-6.,5.));
#6824=CARTESIAN_POINT('',(6.,6.,5.));
#6825=CARTESIAN_POINT('',(6.,6.,5.));
#6826=CARTESIAN_POINT('',(-6.,6.,5.));
#6827=CARTESIAN_POINT('',(-6.,6.,5.));
#6828=CARTESIAN_POINT('',(-6.,-6.,5.));
#6829=CARTESIAN_POINT('',(-6.,-6.,5.));
#6830=CARTESIAN_POINT('',(6.,-6.,5.));
#6831=CARTESIAN_POINT('',(10.,-8.,3.6));
#6832=CARTESIAN_POINT('',(-6.,-6.,3.6));
#6833=CARTESIAN_POINT('',(-6.,6.,3.6));
#6834=CARTESIAN_POINT('',(6.,6.,3.6));
#6835=CARTESIAN_POINT('',(6.,-6.,3.6));
#6836=CARTESIAN_POINT('',(-6.,-6.,3.6));
#6837=CARTESIAN_POINT('',(6.,-6.,3.6));
#6838=CARTESIAN_POINT('',(-6.,6.,3.6));
#6839=CARTESIAN_POINT('',(-6.,-6.,3.6));
#6840=CARTESIAN_POINT('',(6.,6.,3.6));
#6841=CARTESIAN_POINT('',(-6.,6.,3.6));
#6842=CARTESIAN_POINT('',(6.,-6.,3.6));
#6843=CARTESIAN_POINT('',(6.,6.,3.6));
#6844=CARTESIAN_POINT('',(7.1,7.10000000000003,4.19999997615814));
#6845=CARTESIAN_POINT('',(7.1,7.10000000000003,2.69999997615814));
#6846=CARTESIAN_POINT('',(-7.1,7.1,2.69999997615814));
#6847=CARTESIAN_POINT('',(-7.1,-7.1,2.69999997615814));
#6848=CARTESIAN_POINT('',(7.1,-7.1,2.69999997615814));
#6849=CARTESIAN_POINT('',(10.,-8.,3.6));
#6850=CARTESIAN_POINT('',(-7.1,7.1,4.19999997615814));
#6851=CARTESIAN_POINT('',(7.1,7.10000000000003,4.19999997615814));
#6852=CARTESIAN_POINT('',(-7.1,-7.1,4.19999997615814));
#6853=CARTESIAN_POINT('',(7.1,-7.1,4.19999997615814));
#6854=CARTESIAN_POINT('',(-7.1,7.1,3.6));
#6855=CARTESIAN_POINT('',(7.1,7.10000000000003,3.6));
#6856=CARTESIAN_POINT('',(-7.1,-7.1,3.6));
#6857=CARTESIAN_POINT('',(7.1,-7.1,3.6));
#6858=CARTESIAN_POINT('',(7.1,7.10000000000003,4.19999997615814));
#6859=CARTESIAN_POINT('',(-7.1,7.1,4.19999997615814));
#6860=CARTESIAN_POINT('',(-7.1,7.1,4.19999997615814));
#6861=CARTESIAN_POINT('',(-7.1,-7.1,4.19999997615814));
#6862=CARTESIAN_POINT('',(-7.1,-7.1,4.19999997615814));
#6863=CARTESIAN_POINT('',(7.1,-7.1,4.19999997615814));
#6864=CARTESIAN_POINT('',(7.1,-7.1,4.19999997615814));
#6865=CARTESIAN_POINT('',(7.1,7.10000000000003,4.19999997615814));
#6866=CARTESIAN_POINT('',(-7.1,7.1,3.6));
#6867=CARTESIAN_POINT('',(7.1,7.10000000000003,3.6));
#6868=CARTESIAN_POINT('',(-7.1,-7.1,3.6));
#6869=CARTESIAN_POINT('',(-7.1,7.1,3.6));
#6870=CARTESIAN_POINT('',(7.1,-7.1,3.6));
#6871=CARTESIAN_POINT('',(-7.1,-7.1,3.6));
#6872=CARTESIAN_POINT('',(7.1,7.10000000000003,3.6));
#6873=CARTESIAN_POINT('',(7.1,-7.1,3.6));
#6874=CARTESIAN_POINT('',(-7.1,7.1,3.6));
#6875=CARTESIAN_POINT('',(-7.1,7.1,4.19999997615814));
#6876=CARTESIAN_POINT('',(7.1,7.10000000000003,3.6));
#6877=CARTESIAN_POINT('',(7.1,7.10000000000003,4.19999997615814));
#6878=CARTESIAN_POINT('',(-7.1,-7.1,3.6));
#6879=CARTESIAN_POINT('',(-7.1,-7.1,4.19999997615814));
#6880=CARTESIAN_POINT('',(7.1,-7.1,3.6));
#6881=CARTESIAN_POINT('',(7.1,-7.1,4.19999997615814));
#6882=CARTESIAN_POINT('',(7.1,7.10000000000003,2.69999997615814));
#6883=CARTESIAN_POINT('',(-7.1,7.1,2.69999997615814));
#6884=CARTESIAN_POINT('',(-7.1,-7.1,2.69999997615814));
#6885=CARTESIAN_POINT('',(7.1,-7.1,2.69999997615814));
#6886=CARTESIAN_POINT('',(7.1,7.10000000000003,2.69999997615814));
#6887=CARTESIAN_POINT('',(10.,-8.,3.6));
#6888=CARTESIAN_POINT('',(7.1,7.10000000000003,2.69999997615814));
#6889=CARTESIAN_POINT('',(-7.1,7.1,2.69999997615814));
#6890=CARTESIAN_POINT('',(-7.1,-7.1,2.69999997615814));
#6891=CARTESIAN_POINT('',(7.1,-7.1,2.69999997615814));
#6892=CARTESIAN_POINT('',(-7.1,7.1,3.6));
#6893=CARTESIAN_POINT('',(7.1,7.10000000000003,3.6));
#6894=CARTESIAN_POINT('',(-7.1,-7.1,3.6));
#6895=CARTESIAN_POINT('',(7.1,-7.1,3.6));
#6896=CARTESIAN_POINT('',(-6.,-6.,3.6));
#6897=CARTESIAN_POINT('',(-6.,6.,3.6));
#6898=CARTESIAN_POINT('',(6.,6.,3.6));
#6899=CARTESIAN_POINT('',(6.,-6.,3.6));
#6900=CARTESIAN_POINT('',(7.1,7.10000000000003,2.69999997615814));
#6901=CARTESIAN_POINT('',(-7.1,7.1,2.69999997615814));
#6902=CARTESIAN_POINT('',(-7.1,7.1,2.69999997615814));
#6903=CARTESIAN_POINT('',(-7.1,7.1,3.6));
#6904=CARTESIAN_POINT('',(7.1,7.10000000000003,2.69999997615814));
#6905=CARTESIAN_POINT('',(7.1,7.10000000000003,3.6));
#6906=CARTESIAN_POINT('',(-7.1,7.1,2.69999997615814));
#6907=CARTESIAN_POINT('',(-7.1,-7.1,2.69999997615814));
#6908=CARTESIAN_POINT('',(-7.1,-7.1,2.69999997615814));
#6909=CARTESIAN_POINT('',(-7.1,-7.1,3.6));
#6910=CARTESIAN_POINT('',(-7.1,-7.1,2.69999997615814));
#6911=CARTESIAN_POINT('',(7.1,-7.1,2.69999997615814));
#6912=CARTESIAN_POINT('',(7.1,-7.1,2.69999997615814));
#6913=CARTESIAN_POINT('',(7.1,-7.1,3.6));
#6914=CARTESIAN_POINT('',(7.1,-7.1,2.69999997615814));
#6915=CARTESIAN_POINT('',(7.1,7.10000000000003,2.69999997615814));
#6916=CARTESIAN_POINT('',(-7.1,7.1,3.6));
#6917=CARTESIAN_POINT('',(7.1,7.10000000000003,3.6));
#6918=CARTESIAN_POINT('',(-7.1,-7.1,3.6));
#6919=CARTESIAN_POINT('',(-7.1,7.1,3.6));
#6920=CARTESIAN_POINT('',(7.1,-7.1,3.6));
#6921=CARTESIAN_POINT('',(-7.1,-7.1,3.6));
#6922=CARTESIAN_POINT('',(7.1,7.10000000000003,3.6));
#6923=CARTESIAN_POINT('',(7.1,-7.1,3.6));
#6924=CARTESIAN_POINT('',(-6.,-6.,3.6));
#6925=CARTESIAN_POINT('',(6.,-6.,3.6));
#6926=CARTESIAN_POINT('',(-6.,6.,3.6));
#6927=CARTESIAN_POINT('',(-6.,-6.,3.6));
#6928=CARTESIAN_POINT('',(6.,6.,3.6));
#6929=CARTESIAN_POINT('',(-6.,6.,3.6));
#6930=CARTESIAN_POINT('',(6.,-6.,3.6));
#6931=CARTESIAN_POINT('',(6.,6.,3.6));
#6932=CARTESIAN_POINT('',(7.76018393378055,-13.0945995287425,0.89999997615814));
#6933=CARTESIAN_POINT('',(7.23981606621945,-13.0945995287425,0.89999997615814));
#6934=CARTESIAN_POINT('',(7.23981606621945,-11.0945995287425,0.89999997615814));
#6935=CARTESIAN_POINT('',(7.76018393378055,-11.0945995287425,0.89999997615814));
#6936=CARTESIAN_POINT('',(7.76018393378055,-13.0945995287425,0.89999997615814));
#6937=CARTESIAN_POINT('',(7.76018393378055,-13.0945995287425,0.49999997615814));
#6938=CARTESIAN_POINT('',(7.76018393378055,-13.0945995287425,0.89999997615814));
#6939=CARTESIAN_POINT('',(7.23981606621945,-13.0945995287425,0.89999997615814));
#6940=CARTESIAN_POINT('',(7.23981606621945,-13.0945995287425,0.49999997615814));
#6941=CARTESIAN_POINT('',(7.76018393378055,-13.0945995287425,0.49999997615814));
#6942=CARTESIAN_POINT('',(7.23981606621945,-11.0945995287425,0.89999997615814));
#6943=CARTESIAN_POINT('',(7.23981606621945,-11.0945995287425,0.49999997615814));
#6944=CARTESIAN_POINT('',(7.76018393378055,-11.0945995287425,0.89999997615814));
#6945=CARTESIAN_POINT('',(7.76018393378055,-11.0945995287425,0.49999997615814));
#6946=CARTESIAN_POINT('',(7.76018393378055,-13.0945995287425,0.89999997615814));
#6947=CARTESIAN_POINT('',(7.23981606621945,-13.0945995287425,0.89999997615814));
#6948=CARTESIAN_POINT('',(7.23981606621945,-13.0945995287425,0.89999997615814));
#6949=CARTESIAN_POINT('',(7.23981606621945,-13.0945995287425,0.49999997615814));
#6950=CARTESIAN_POINT('',(7.76018393378055,-13.0945995287425,0.49999997615814));
#6951=CARTESIAN_POINT('',(7.23981606621945,-13.0945995287425,0.49999997615814));
#6952=CARTESIAN_POINT('',(7.76018393378055,-13.0945995287425,0.89999997615814));
#6953=CARTESIAN_POINT('',(7.76018393378055,-13.0945995287425,0.49999997615814));
#6954=CARTESIAN_POINT('',(7.23981606621945,-13.0945995287425,0.89999997615814));
#6955=CARTESIAN_POINT('',(7.23981606621945,-11.0945995287425,0.89999997615814));
#6956=CARTESIAN_POINT('',(7.23981606621945,-11.0945995287425,0.89999997615814));
#6957=CARTESIAN_POINT('',(7.23981606621945,-11.0945995287425,0.49999997615814));
#6958=CARTESIAN_POINT('',(7.23981606621945,-13.0945995287425,0.49999997615814));
#6959=CARTESIAN_POINT('',(7.23981606621945,-11.0945995287425,0.49999997615814));
#6960=CARTESIAN_POINT('',(7.23981606621945,-11.0945995287425,0.89999997615814));
#6961=CARTESIAN_POINT('',(7.76018393378055,-11.0945995287425,0.89999997615814));
#6962=CARTESIAN_POINT('',(7.76018393378055,-11.0945995287425,0.89999997615814));
#6963=CARTESIAN_POINT('',(7.76018393378055,-11.0945995287425,0.49999997615814));
#6964=CARTESIAN_POINT('',(7.23981606621945,-11.0945995287425,0.49999997615814));
#6965=CARTESIAN_POINT('',(7.76018393378055,-11.0945995287425,0.49999997615814));
#6966=CARTESIAN_POINT('',(7.76018393378055,-11.0945995287425,0.89999997615814));
#6967=CARTESIAN_POINT('',(7.76018393378055,-13.0945995287425,0.89999997615814));
#6968=CARTESIAN_POINT('',(7.76018393378055,-11.0945995287425,0.49999997615814));
#6969=CARTESIAN_POINT('',(7.76018393378055,-13.0945995287425,0.49999997615814));
#6970=CARTESIAN_POINT('',(6.76018393378055,-13.0945995287425,0.899999976158141));
#6971=CARTESIAN_POINT('',(6.23981606621945,-13.0945995287425,0.899999976158141));
#6972=CARTESIAN_POINT('',(6.23981606621945,-11.0945995287425,0.899999976158141));
#6973=CARTESIAN_POINT('',(6.76018393378055,-11.0945995287425,0.899999976158141));
#6974=CARTESIAN_POINT('',(6.76018393378055,-13.0945995287425,0.899999976158141));
#6975=CARTESIAN_POINT('',(6.76018393378055,-13.0945995287425,0.499999976158141));
#6976=CARTESIAN_POINT('',(6.76018393378055,-13.0945995287425,0.899999976158141));
#6977=CARTESIAN_POINT('',(6.23981606621945,-13.0945995287425,0.899999976158141));
#6978=CARTESIAN_POINT('',(6.23981606621945,-13.0945995287425,0.499999976158141));
#6979=CARTESIAN_POINT('',(6.76018393378055,-13.0945995287425,0.499999976158141));
#6980=CARTESIAN_POINT('',(6.23981606621945,-11.0945995287425,0.899999976158141));
#6981=CARTESIAN_POINT('',(6.23981606621945,-11.0945995287425,0.499999976158141));
#6982=CARTESIAN_POINT('',(6.76018393378055,-11.0945995287425,0.899999976158141));
#6983=CARTESIAN_POINT('',(6.76018393378055,-11.0945995287425,0.499999976158141));
#6984=CARTESIAN_POINT('',(6.76018393378055,-13.0945995287425,0.899999976158141));
#6985=CARTESIAN_POINT('',(6.23981606621945,-13.0945995287425,0.899999976158141));
#6986=CARTESIAN_POINT('',(6.23981606621945,-13.0945995287425,0.899999976158141));
#6987=CARTESIAN_POINT('',(6.23981606621945,-13.0945995287425,0.499999976158141));
#6988=CARTESIAN_POINT('',(6.76018393378055,-13.0945995287425,0.499999976158141));
#6989=CARTESIAN_POINT('',(6.23981606621945,-13.0945995287425,0.499999976158141));
#6990=CARTESIAN_POINT('',(6.76018393378055,-13.0945995287425,0.899999976158141));
#6991=CARTESIAN_POINT('',(6.76018393378055,-13.0945995287425,0.499999976158141));
#6992=CARTESIAN_POINT('',(6.23981606621945,-13.0945995287425,0.899999976158141));
#6993=CARTESIAN_POINT('',(6.23981606621945,-11.0945995287425,0.899999976158141));
#6994=CARTESIAN_POINT('',(6.23981606621945,-11.0945995287425,0.899999976158141));
#6995=CARTESIAN_POINT('',(6.23981606621945,-11.0945995287425,0.499999976158141));
#6996=CARTESIAN_POINT('',(6.23981606621945,-13.0945995287425,0.499999976158141));
#6997=CARTESIAN_POINT('',(6.23981606621945,-11.0945995287425,0.499999976158141));
#6998=CARTESIAN_POINT('',(6.23981606621945,-11.0945995287425,0.899999976158141));
#6999=CARTESIAN_POINT('',(6.76018393378055,-11.0945995287425,0.899999976158141));
#7000=CARTESIAN_POINT('',(6.76018393378055,-11.0945995287425,0.899999976158141));
#7001=CARTESIAN_POINT('',(6.76018393378055,-11.0945995287425,0.499999976158141));
#7002=CARTESIAN_POINT('',(6.23981606621945,-11.0945995287425,0.499999976158141));
#7003=CARTESIAN_POINT('',(6.76018393378055,-11.0945995287425,0.499999976158141));
#7004=CARTESIAN_POINT('',(6.76018393378055,-11.0945995287425,0.899999976158141));
#7005=CARTESIAN_POINT('',(6.76018393378055,-13.0945995287425,0.899999976158141));
#7006=CARTESIAN_POINT('',(6.76018393378055,-11.0945995287425,0.499999976158141));
#7007=CARTESIAN_POINT('',(6.76018393378055,-13.0945995287425,0.499999976158141));
#7008=CARTESIAN_POINT('',(5.76018393378055,-13.0945995287425,0.899999976158141));
#7009=CARTESIAN_POINT('',(5.23981606621945,-13.0945995287425,0.899999976158141));
#7010=CARTESIAN_POINT('',(5.23981606621945,-11.0945995287425,0.899999976158141));
#7011=CARTESIAN_POINT('',(5.76018393378055,-11.0945995287425,0.899999976158141));
#7012=CARTESIAN_POINT('',(5.76018393378055,-13.0945995287425,0.899999976158141));
#7013=CARTESIAN_POINT('',(5.76018393378055,-13.0945995287425,0.499999976158141));
#7014=CARTESIAN_POINT('',(5.76018393378055,-13.0945995287425,0.899999976158141));
#7015=CARTESIAN_POINT('',(5.23981606621945,-13.0945995287425,0.899999976158141));
#7016=CARTESIAN_POINT('',(5.23981606621945,-13.0945995287425,0.499999976158141));
#7017=CARTESIAN_POINT('',(5.76018393378055,-13.0945995287425,0.499999976158141));
#7018=CARTESIAN_POINT('',(5.23981606621945,-11.0945995287425,0.899999976158141));
#7019=CARTESIAN_POINT('',(5.23981606621945,-11.0945995287425,0.499999976158141));
#7020=CARTESIAN_POINT('',(5.76018393378055,-11.0945995287425,0.899999976158141));
#7021=CARTESIAN_POINT('',(5.76018393378055,-11.0945995287425,0.499999976158141));
#7022=CARTESIAN_POINT('',(5.76018393378055,-13.0945995287425,0.899999976158141));
#7023=CARTESIAN_POINT('',(5.23981606621945,-13.0945995287425,0.899999976158141));
#7024=CARTESIAN_POINT('',(5.23981606621945,-13.0945995287425,0.899999976158141));
#7025=CARTESIAN_POINT('',(5.23981606621945,-13.0945995287425,0.499999976158141));
#7026=CARTESIAN_POINT('',(5.76018393378055,-13.0945995287425,0.499999976158141));
#7027=CARTESIAN_POINT('',(5.23981606621945,-13.0945995287425,0.499999976158141));
#7028=CARTESIAN_POINT('',(5.76018393378055,-13.0945995287425,0.899999976158141));
#7029=CARTESIAN_POINT('',(5.76018393378055,-13.0945995287425,0.499999976158141));
#7030=CARTESIAN_POINT('',(5.23981606621945,-13.0945995287425,0.899999976158141));
#7031=CARTESIAN_POINT('',(5.23981606621945,-11.0945995287425,0.899999976158141));
#7032=CARTESIAN_POINT('',(5.23981606621945,-11.0945995287425,0.899999976158141));
#7033=CARTESIAN_POINT('',(5.23981606621945,-11.0945995287425,0.499999976158141));
#7034=CARTESIAN_POINT('',(5.23981606621945,-13.0945995287425,0.499999976158141));
#7035=CARTESIAN_POINT('',(5.23981606621945,-11.0945995287425,0.499999976158141));
#7036=CARTESIAN_POINT('',(5.23981606621945,-11.0945995287425,0.899999976158141));
#7037=CARTESIAN_POINT('',(5.76018393378055,-11.0945995287425,0.899999976158141));
#7038=CARTESIAN_POINT('',(5.76018393378055,-11.0945995287425,0.899999976158141));
#7039=CARTESIAN_POINT('',(5.76018393378055,-11.0945995287425,0.499999976158141));
#7040=CARTESIAN_POINT('',(5.23981606621945,-11.0945995287425,0.499999976158141));
#7041=CARTESIAN_POINT('',(5.76018393378055,-11.0945995287425,0.499999976158141));
#7042=CARTESIAN_POINT('',(5.76018393378055,-11.0945995287425,0.899999976158141));
#7043=CARTESIAN_POINT('',(5.76018393378055,-13.0945995287425,0.899999976158141));
#7044=CARTESIAN_POINT('',(5.76018393378055,-11.0945995287425,0.499999976158141));
#7045=CARTESIAN_POINT('',(5.76018393378055,-13.0945995287425,0.499999976158141));
#7046=CARTESIAN_POINT('',(4.76018393378055,-13.0945995287425,0.899999976158141));
#7047=CARTESIAN_POINT('',(4.23981606621945,-13.0945995287425,0.899999976158141));
#7048=CARTESIAN_POINT('',(4.23981606621945,-11.0945995287425,0.899999976158141));
#7049=CARTESIAN_POINT('',(4.76018393378055,-11.0945995287425,0.899999976158141));
#7050=CARTESIAN_POINT('',(4.76018393378055,-13.0945995287425,0.899999976158141));
#7051=CARTESIAN_POINT('',(4.76018393378055,-13.0945995287425,0.499999976158141));
#7052=CARTESIAN_POINT('',(4.76018393378055,-13.0945995287425,0.899999976158141));
#7053=CARTESIAN_POINT('',(4.23981606621945,-13.0945995287425,0.899999976158141));
#7054=CARTESIAN_POINT('',(4.23981606621945,-13.0945995287425,0.499999976158141));
#7055=CARTESIAN_POINT('',(4.76018393378055,-13.0945995287425,0.499999976158141));
#7056=CARTESIAN_POINT('',(4.23981606621945,-11.0945995287425,0.899999976158141));
#7057=CARTESIAN_POINT('',(4.23981606621945,-11.0945995287425,0.499999976158141));
#7058=CARTESIAN_POINT('',(4.76018393378055,-11.0945995287425,0.899999976158141));
#7059=CARTESIAN_POINT('',(4.76018393378055,-11.0945995287425,0.499999976158141));
#7060=CARTESIAN_POINT('',(4.76018393378055,-13.0945995287425,0.899999976158141));
#7061=CARTESIAN_POINT('',(4.23981606621945,-13.0945995287425,0.899999976158141));
#7062=CARTESIAN_POINT('',(4.23981606621945,-13.0945995287425,0.899999976158141));
#7063=CARTESIAN_POINT('',(4.23981606621945,-13.0945995287425,0.499999976158141));
#7064=CARTESIAN_POINT('',(4.76018393378055,-13.0945995287425,0.499999976158141));
#7065=CARTESIAN_POINT('',(4.23981606621945,-13.0945995287425,0.499999976158141));
#7066=CARTESIAN_POINT('',(4.76018393378055,-13.0945995287425,0.899999976158141));
#7067=CARTESIAN_POINT('',(4.76018393378055,-13.0945995287425,0.499999976158141));
#7068=CARTESIAN_POINT('',(4.23981606621945,-13.0945995287425,0.899999976158141));
#7069=CARTESIAN_POINT('',(4.23981606621945,-11.0945995287425,0.899999976158141));
#7070=CARTESIAN_POINT('',(4.23981606621945,-11.0945995287425,0.899999976158141));
#7071=CARTESIAN_POINT('',(4.23981606621945,-11.0945995287425,0.499999976158141));
#7072=CARTESIAN_POINT('',(4.23981606621945,-13.0945995287425,0.499999976158141));
#7073=CARTESIAN_POINT('',(4.23981606621945,-11.0945995287425,0.499999976158141));
#7074=CARTESIAN_POINT('',(4.23981606621945,-11.0945995287425,0.899999976158141));
#7075=CARTESIAN_POINT('',(4.76018393378055,-11.0945995287425,0.899999976158141));
#7076=CARTESIAN_POINT('',(4.76018393378055,-11.0945995287425,0.899999976158141));
#7077=CARTESIAN_POINT('',(4.76018393378055,-11.0945995287425,0.499999976158141));
#7078=CARTESIAN_POINT('',(4.23981606621945,-11.0945995287425,0.499999976158141));
#7079=CARTESIAN_POINT('',(4.76018393378055,-11.0945995287425,0.499999976158141));
#7080=CARTESIAN_POINT('',(4.76018393378055,-11.0945995287425,0.899999976158141));
#7081=CARTESIAN_POINT('',(4.76018393378055,-13.0945995287425,0.899999976158141));
#7082=CARTESIAN_POINT('',(4.76018393378055,-11.0945995287425,0.499999976158141));
#7083=CARTESIAN_POINT('',(4.76018393378055,-13.0945995287425,0.499999976158141));
#7084=CARTESIAN_POINT('',(3.76018393378055,-13.0945995287425,0.899999976158141));
#7085=CARTESIAN_POINT('',(3.23981606621945,-13.0945995287425,0.899999976158141));
#7086=CARTESIAN_POINT('',(3.23981606621945,-11.0945995287425,0.899999976158141));
#7087=CARTESIAN_POINT('',(3.76018393378055,-11.0945995287425,0.899999976158141));
#7088=CARTESIAN_POINT('',(3.76018393378055,-13.0945995287425,0.899999976158141));
#7089=CARTESIAN_POINT('',(3.76018393378055,-13.0945995287425,0.499999976158141));
#7090=CARTESIAN_POINT('',(3.76018393378055,-13.0945995287425,0.899999976158141));
#7091=CARTESIAN_POINT('',(3.23981606621945,-13.0945995287425,0.899999976158141));
#7092=CARTESIAN_POINT('',(3.23981606621945,-13.0945995287425,0.499999976158141));
#7093=CARTESIAN_POINT('',(3.76018393378055,-13.0945995287425,0.499999976158141));
#7094=CARTESIAN_POINT('',(3.23981606621945,-11.0945995287425,0.899999976158141));
#7095=CARTESIAN_POINT('',(3.23981606621945,-11.0945995287425,0.499999976158141));
#7096=CARTESIAN_POINT('',(3.76018393378055,-11.0945995287425,0.899999976158141));
#7097=CARTESIAN_POINT('',(3.76018393378055,-11.0945995287425,0.499999976158141));
#7098=CARTESIAN_POINT('',(3.76018393378055,-13.0945995287425,0.899999976158141));
#7099=CARTESIAN_POINT('',(3.23981606621945,-13.0945995287425,0.899999976158141));
#7100=CARTESIAN_POINT('',(3.23981606621945,-13.0945995287425,0.899999976158141));
#7101=CARTESIAN_POINT('',(3.23981606621945,-13.0945995287425,0.499999976158141));
#7102=CARTESIAN_POINT('',(3.76018393378055,-13.0945995287425,0.499999976158141));
#7103=CARTESIAN_POINT('',(3.23981606621945,-13.0945995287425,0.499999976158141));
#7104=CARTESIAN_POINT('',(3.76018393378055,-13.0945995287425,0.899999976158141));
#7105=CARTESIAN_POINT('',(3.76018393378055,-13.0945995287425,0.499999976158141));
#7106=CARTESIAN_POINT('',(3.23981606621945,-13.0945995287425,0.899999976158141));
#7107=CARTESIAN_POINT('',(3.23981606621945,-11.0945995287425,0.899999976158141));
#7108=CARTESIAN_POINT('',(3.23981606621945,-11.0945995287425,0.899999976158141));
#7109=CARTESIAN_POINT('',(3.23981606621945,-11.0945995287425,0.499999976158141));
#7110=CARTESIAN_POINT('',(3.23981606621945,-13.0945995287425,0.499999976158141));
#7111=CARTESIAN_POINT('',(3.23981606621945,-11.0945995287425,0.499999976158141));
#7112=CARTESIAN_POINT('',(3.23981606621945,-11.0945995287425,0.899999976158141));
#7113=CARTESIAN_POINT('',(3.76018393378055,-11.0945995287425,0.899999976158141));
#7114=CARTESIAN_POINT('',(3.76018393378055,-11.0945995287425,0.899999976158141));
#7115=CARTESIAN_POINT('',(3.76018393378055,-11.0945995287425,0.499999976158141));
#7116=CARTESIAN_POINT('',(3.23981606621945,-11.0945995287425,0.499999976158141));
#7117=CARTESIAN_POINT('',(3.76018393378055,-11.0945995287425,0.499999976158141));
#7118=CARTESIAN_POINT('',(3.76018393378055,-11.0945995287425,0.899999976158141));
#7119=CARTESIAN_POINT('',(3.76018393378055,-13.0945995287425,0.899999976158141));
#7120=CARTESIAN_POINT('',(3.76018393378055,-11.0945995287425,0.499999976158141));
#7121=CARTESIAN_POINT('',(3.76018393378055,-13.0945995287425,0.499999976158141));
#7122=CARTESIAN_POINT('',(2.76018393378055,-13.0945995287425,0.899999976158141));
#7123=CARTESIAN_POINT('',(2.23981606621945,-13.0945995287425,0.899999976158141));
#7124=CARTESIAN_POINT('',(2.23981606621945,-11.0945995287425,0.899999976158141));
#7125=CARTESIAN_POINT('',(2.76018393378055,-11.0945995287425,0.899999976158141));
#7126=CARTESIAN_POINT('',(2.76018393378055,-13.0945995287425,0.899999976158141));
#7127=CARTESIAN_POINT('',(2.76018393378055,-13.0945995287425,0.499999976158141));
#7128=CARTESIAN_POINT('',(2.76018393378055,-13.0945995287425,0.899999976158141));
#7129=CARTESIAN_POINT('',(2.23981606621945,-13.0945995287425,0.899999976158141));
#7130=CARTESIAN_POINT('',(2.23981606621945,-13.0945995287425,0.499999976158141));
#7131=CARTESIAN_POINT('',(2.76018393378055,-13.0945995287425,0.499999976158141));
#7132=CARTESIAN_POINT('',(2.23981606621945,-11.0945995287425,0.899999976158141));
#7133=CARTESIAN_POINT('',(2.23981606621945,-11.0945995287425,0.499999976158141));
#7134=CARTESIAN_POINT('',(2.76018393378055,-11.0945995287425,0.899999976158141));
#7135=CARTESIAN_POINT('',(2.76018393378055,-11.0945995287425,0.499999976158141));
#7136=CARTESIAN_POINT('',(2.76018393378055,-13.0945995287425,0.899999976158141));
#7137=CARTESIAN_POINT('',(2.23981606621945,-13.0945995287425,0.899999976158141));
#7138=CARTESIAN_POINT('',(2.23981606621945,-13.0945995287425,0.899999976158141));
#7139=CARTESIAN_POINT('',(2.23981606621945,-13.0945995287425,0.499999976158141));
#7140=CARTESIAN_POINT('',(2.76018393378055,-13.0945995287425,0.499999976158141));
#7141=CARTESIAN_POINT('',(2.23981606621945,-13.0945995287425,0.499999976158141));
#7142=CARTESIAN_POINT('',(2.76018393378055,-13.0945995287425,0.899999976158141));
#7143=CARTESIAN_POINT('',(2.76018393378055,-13.0945995287425,0.499999976158141));
#7144=CARTESIAN_POINT('',(2.23981606621945,-13.0945995287425,0.899999976158141));
#7145=CARTESIAN_POINT('',(2.23981606621945,-11.0945995287425,0.899999976158141));
#7146=CARTESIAN_POINT('',(2.23981606621945,-11.0945995287425,0.899999976158141));
#7147=CARTESIAN_POINT('',(2.23981606621945,-11.0945995287425,0.499999976158141));
#7148=CARTESIAN_POINT('',(2.23981606621945,-13.0945995287425,0.499999976158141));
#7149=CARTESIAN_POINT('',(2.23981606621945,-11.0945995287425,0.499999976158141));
#7150=CARTESIAN_POINT('',(2.23981606621945,-11.0945995287425,0.899999976158141));
#7151=CARTESIAN_POINT('',(2.76018393378055,-11.0945995287425,0.899999976158141));
#7152=CARTESIAN_POINT('',(2.76018393378055,-11.0945995287425,0.899999976158141));
#7153=CARTESIAN_POINT('',(2.76018393378055,-11.0945995287425,0.499999976158141));
#7154=CARTESIAN_POINT('',(2.23981606621945,-11.0945995287425,0.499999976158141));
#7155=CARTESIAN_POINT('',(2.76018393378055,-11.0945995287425,0.499999976158141));
#7156=CARTESIAN_POINT('',(2.76018393378055,-11.0945995287425,0.899999976158141));
#7157=CARTESIAN_POINT('',(2.76018393378055,-13.0945995287425,0.899999976158141));
#7158=CARTESIAN_POINT('',(2.76018393378055,-11.0945995287425,0.499999976158141));
#7159=CARTESIAN_POINT('',(2.76018393378055,-13.0945995287425,0.499999976158141));
#7160=CARTESIAN_POINT('',(1.76018393378055,-13.0945995287425,0.899999976158142));
#7161=CARTESIAN_POINT('',(1.23981606621945,-13.0945995287425,0.899999976158142));
#7162=CARTESIAN_POINT('',(1.23981606621945,-11.0945995287425,0.899999976158142));
#7163=CARTESIAN_POINT('',(1.76018393378055,-11.0945995287425,0.899999976158142));
#7164=CARTESIAN_POINT('',(1.76018393378055,-13.0945995287425,0.899999976158142));
#7165=CARTESIAN_POINT('',(1.76018393378055,-13.0945995287425,0.499999976158142));
#7166=CARTESIAN_POINT('',(1.76018393378055,-13.0945995287425,0.899999976158142));
#7167=CARTESIAN_POINT('',(1.23981606621945,-13.0945995287425,0.899999976158142));
#7168=CARTESIAN_POINT('',(1.23981606621945,-13.0945995287425,0.499999976158142));
#7169=CARTESIAN_POINT('',(1.76018393378055,-13.0945995287425,0.499999976158142));
#7170=CARTESIAN_POINT('',(1.23981606621945,-11.0945995287425,0.899999976158142));
#7171=CARTESIAN_POINT('',(1.23981606621945,-11.0945995287425,0.499999976158142));
#7172=CARTESIAN_POINT('',(1.76018393378055,-11.0945995287425,0.899999976158142));
#7173=CARTESIAN_POINT('',(1.76018393378055,-11.0945995287425,0.499999976158142));
#7174=CARTESIAN_POINT('',(1.76018393378055,-13.0945995287425,0.899999976158142));
#7175=CARTESIAN_POINT('',(1.23981606621945,-13.0945995287425,0.899999976158142));
#7176=CARTESIAN_POINT('',(1.23981606621945,-13.0945995287425,0.899999976158142));
#7177=CARTESIAN_POINT('',(1.23981606621945,-13.0945995287425,0.499999976158142));
#7178=CARTESIAN_POINT('',(1.76018393378055,-13.0945995287425,0.499999976158142));
#7179=CARTESIAN_POINT('',(1.23981606621945,-13.0945995287425,0.499999976158142));
#7180=CARTESIAN_POINT('',(1.76018393378055,-13.0945995287425,0.899999976158142));
#7181=CARTESIAN_POINT('',(1.76018393378055,-13.0945995287425,0.499999976158142));
#7182=CARTESIAN_POINT('',(1.23981606621945,-13.0945995287425,0.899999976158142));
#7183=CARTESIAN_POINT('',(1.23981606621945,-11.0945995287425,0.899999976158142));
#7184=CARTESIAN_POINT('',(1.23981606621945,-11.0945995287425,0.899999976158142));
#7185=CARTESIAN_POINT('',(1.23981606621945,-11.0945995287425,0.499999976158142));
#7186=CARTESIAN_POINT('',(1.23981606621945,-13.0945995287425,0.499999976158142));
#7187=CARTESIAN_POINT('',(1.23981606621945,-11.0945995287425,0.499999976158142));
#7188=CARTESIAN_POINT('',(1.23981606621945,-11.0945995287425,0.899999976158142));
#7189=CARTESIAN_POINT('',(1.76018393378055,-11.0945995287425,0.899999976158142));
#7190=CARTESIAN_POINT('',(1.76018393378055,-11.0945995287425,0.899999976158142));
#7191=CARTESIAN_POINT('',(1.76018393378055,-11.0945995287425,0.499999976158142));
#7192=CARTESIAN_POINT('',(1.23981606621945,-11.0945995287425,0.499999976158142));
#7193=CARTESIAN_POINT('',(1.76018393378055,-11.0945995287425,0.499999976158142));
#7194=CARTESIAN_POINT('',(1.76018393378055,-11.0945995287425,0.899999976158142));
#7195=CARTESIAN_POINT('',(1.76018393378055,-13.0945995287425,0.899999976158142));
#7196=CARTESIAN_POINT('',(1.76018393378055,-11.0945995287425,0.499999976158142));
#7197=CARTESIAN_POINT('',(1.76018393378055,-13.0945995287425,0.499999976158142));
#7198=CARTESIAN_POINT('',(0.760183933780555,-13.0945995287425,0.899999976158142));
#7199=CARTESIAN_POINT('',(0.239816066219445,-13.0945995287425,0.899999976158142));
#7200=CARTESIAN_POINT('',(0.239816066219445,-11.0945995287425,0.899999976158142));
#7201=CARTESIAN_POINT('',(0.760183933780555,-11.0945995287425,0.899999976158142));
#7202=CARTESIAN_POINT('',(0.760183933780555,-13.0945995287425,0.899999976158142));
#7203=CARTESIAN_POINT('',(0.760183933780555,-13.0945995287425,0.499999976158142));
#7204=CARTESIAN_POINT('',(0.760183933780555,-13.0945995287425,0.899999976158142));
#7205=CARTESIAN_POINT('',(0.239816066219445,-13.0945995287425,0.899999976158142));
#7206=CARTESIAN_POINT('',(0.239816066219445,-13.0945995287425,0.499999976158142));
#7207=CARTESIAN_POINT('',(0.760183933780555,-13.0945995287425,0.499999976158142));
#7208=CARTESIAN_POINT('',(0.239816066219445,-11.0945995287425,0.899999976158142));
#7209=CARTESIAN_POINT('',(0.239816066219445,-11.0945995287425,0.499999976158142));
#7210=CARTESIAN_POINT('',(0.760183933780555,-11.0945995287425,0.899999976158142));
#7211=CARTESIAN_POINT('',(0.760183933780555,-11.0945995287425,0.499999976158142));
#7212=CARTESIAN_POINT('',(0.760183933780555,-13.0945995287425,0.899999976158142));
#7213=CARTESIAN_POINT('',(0.239816066219445,-13.0945995287425,0.899999976158142));
#7214=CARTESIAN_POINT('',(0.239816066219445,-13.0945995287425,0.899999976158142));
#7215=CARTESIAN_POINT('',(0.239816066219445,-13.0945995287425,0.499999976158142));
#7216=CARTESIAN_POINT('',(0.760183933780555,-13.0945995287425,0.499999976158142));
#7217=CARTESIAN_POINT('',(0.239816066219445,-13.0945995287425,0.499999976158142));
#7218=CARTESIAN_POINT('',(0.760183933780555,-13.0945995287425,0.899999976158142));
#7219=CARTESIAN_POINT('',(0.760183933780555,-13.0945995287425,0.499999976158142));
#7220=CARTESIAN_POINT('',(0.239816066219445,-13.0945995287425,0.899999976158142));
#7221=CARTESIAN_POINT('',(0.239816066219445,-11.0945995287425,0.899999976158142));
#7222=CARTESIAN_POINT('',(0.239816066219445,-11.0945995287425,0.899999976158142));
#7223=CARTESIAN_POINT('',(0.239816066219445,-11.0945995287425,0.499999976158142));
#7224=CARTESIAN_POINT('',(0.239816066219445,-13.0945995287425,0.499999976158142));
#7225=CARTESIAN_POINT('',(0.239816066219445,-11.0945995287425,0.499999976158142));
#7226=CARTESIAN_POINT('',(0.239816066219445,-11.0945995287425,0.899999976158142));
#7227=CARTESIAN_POINT('',(0.760183933780555,-11.0945995287425,0.899999976158142));
#7228=CARTESIAN_POINT('',(0.760183933780555,-11.0945995287425,0.899999976158142));
#7229=CARTESIAN_POINT('',(0.760183933780555,-11.0945995287425,0.499999976158142));
#7230=CARTESIAN_POINT('',(0.239816066219445,-11.0945995287425,0.499999976158142));
#7231=CARTESIAN_POINT('',(0.760183933780555,-11.0945995287425,0.499999976158142));
#7232=CARTESIAN_POINT('',(0.760183933780555,-11.0945995287425,0.899999976158142));
#7233=CARTESIAN_POINT('',(0.760183933780555,-13.0945995287425,0.899999976158142));
#7234=CARTESIAN_POINT('',(0.760183933780555,-11.0945995287425,0.499999976158142));
#7235=CARTESIAN_POINT('',(0.760183933780555,-13.0945995287425,0.499999976158142));
#7236=CARTESIAN_POINT('',(-0.239816066219445,-13.0945995287425,0.899999976158142));
#7237=CARTESIAN_POINT('',(-0.760183933780555,-13.0945995287425,0.899999976158142));
#7238=CARTESIAN_POINT('',(-0.760183933780555,-11.0945995287425,0.899999976158142));
#7239=CARTESIAN_POINT('',(-0.239816066219445,-11.0945995287425,0.899999976158142));
#7240=CARTESIAN_POINT('',(-0.239816066219445,-13.0945995287425,0.899999976158142));
#7241=CARTESIAN_POINT('',(-0.239816066219445,-13.0945995287425,0.499999976158142));
#7242=CARTESIAN_POINT('',(-0.239816066219445,-13.0945995287425,0.899999976158142));
#7243=CARTESIAN_POINT('',(-0.760183933780555,-13.0945995287425,0.899999976158142));
#7244=CARTESIAN_POINT('',(-0.760183933780555,-13.0945995287425,0.499999976158142));
#7245=CARTESIAN_POINT('',(-0.239816066219445,-13.0945995287425,0.499999976158142));
#7246=CARTESIAN_POINT('',(-0.760183933780555,-11.0945995287425,0.899999976158142));
#7247=CARTESIAN_POINT('',(-0.760183933780555,-11.0945995287425,0.499999976158142));
#7248=CARTESIAN_POINT('',(-0.239816066219445,-11.0945995287425,0.899999976158142));
#7249=CARTESIAN_POINT('',(-0.239816066219445,-11.0945995287425,0.499999976158142));
#7250=CARTESIAN_POINT('',(-0.239816066219445,-13.0945995287425,0.899999976158142));
#7251=CARTESIAN_POINT('',(-0.760183933780555,-13.0945995287425,0.899999976158142));
#7252=CARTESIAN_POINT('',(-0.760183933780555,-13.0945995287425,0.899999976158142));
#7253=CARTESIAN_POINT('',(-0.760183933780555,-13.0945995287425,0.499999976158142));
#7254=CARTESIAN_POINT('',(-0.239816066219445,-13.0945995287425,0.499999976158142));
#7255=CARTESIAN_POINT('',(-0.760183933780555,-13.0945995287425,0.499999976158142));
#7256=CARTESIAN_POINT('',(-0.239816066219445,-13.0945995287425,0.899999976158142));
#7257=CARTESIAN_POINT('',(-0.239816066219445,-13.0945995287425,0.499999976158142));
#7258=CARTESIAN_POINT('',(-0.760183933780555,-13.0945995287425,0.899999976158142));
#7259=CARTESIAN_POINT('',(-0.760183933780555,-11.0945995287425,0.899999976158142));
#7260=CARTESIAN_POINT('',(-0.760183933780555,-11.0945995287425,0.899999976158142));
#7261=CARTESIAN_POINT('',(-0.760183933780555,-11.0945995287425,0.499999976158142));
#7262=CARTESIAN_POINT('',(-0.760183933780555,-13.0945995287425,0.499999976158142));
#7263=CARTESIAN_POINT('',(-0.760183933780555,-11.0945995287425,0.499999976158142));
#7264=CARTESIAN_POINT('',(-0.760183933780555,-11.0945995287425,0.899999976158142));
#7265=CARTESIAN_POINT('',(-0.239816066219445,-11.0945995287425,0.899999976158142));
#7266=CARTESIAN_POINT('',(-0.239816066219445,-11.0945995287425,0.899999976158142));
#7267=CARTESIAN_POINT('',(-0.239816066219445,-11.0945995287425,0.499999976158142));
#7268=CARTESIAN_POINT('',(-0.760183933780555,-11.0945995287425,0.499999976158142));
#7269=CARTESIAN_POINT('',(-0.239816066219445,-11.0945995287425,0.499999976158142));
#7270=CARTESIAN_POINT('',(-0.239816066219445,-11.0945995287425,0.899999976158142));
#7271=CARTESIAN_POINT('',(-0.239816066219445,-13.0945995287425,0.899999976158142));
#7272=CARTESIAN_POINT('',(-0.239816066219445,-11.0945995287425,0.499999976158142));
#7273=CARTESIAN_POINT('',(-0.239816066219445,-13.0945995287425,0.499999976158142));
#7274=CARTESIAN_POINT('',(-1.23981606621945,-13.0945995287425,0.899999976158142));
#7275=CARTESIAN_POINT('',(-1.76018393378055,-13.0945995287425,0.899999976158142));
#7276=CARTESIAN_POINT('',(-1.76018393378055,-11.0945995287425,0.899999976158142));
#7277=CARTESIAN_POINT('',(-1.23981606621945,-11.0945995287425,0.899999976158142));
#7278=CARTESIAN_POINT('',(-1.23981606621945,-13.0945995287425,0.899999976158142));
#7279=CARTESIAN_POINT('',(-1.23981606621945,-13.0945995287425,0.499999976158142));
#7280=CARTESIAN_POINT('',(-1.23981606621945,-13.0945995287425,0.899999976158142));
#7281=CARTESIAN_POINT('',(-1.76018393378055,-13.0945995287425,0.899999976158142));
#7282=CARTESIAN_POINT('',(-1.76018393378055,-13.0945995287425,0.499999976158142));
#7283=CARTESIAN_POINT('',(-1.23981606621945,-13.0945995287425,0.499999976158142));
#7284=CARTESIAN_POINT('',(-1.76018393378055,-11.0945995287425,0.899999976158142));
#7285=CARTESIAN_POINT('',(-1.76018393378055,-11.0945995287425,0.499999976158142));
#7286=CARTESIAN_POINT('',(-1.23981606621945,-11.0945995287425,0.899999976158142));
#7287=CARTESIAN_POINT('',(-1.23981606621945,-11.0945995287425,0.499999976158142));
#7288=CARTESIAN_POINT('',(-1.23981606621945,-13.0945995287425,0.899999976158142));
#7289=CARTESIAN_POINT('',(-1.76018393378055,-13.0945995287425,0.899999976158142));
#7290=CARTESIAN_POINT('',(-1.76018393378055,-13.0945995287425,0.899999976158142));
#7291=CARTESIAN_POINT('',(-1.76018393378055,-13.0945995287425,0.499999976158142));
#7292=CARTESIAN_POINT('',(-1.23981606621945,-13.0945995287425,0.499999976158142));
#7293=CARTESIAN_POINT('',(-1.76018393378055,-13.0945995287425,0.499999976158142));
#7294=CARTESIAN_POINT('',(-1.23981606621945,-13.0945995287425,0.899999976158142));
#7295=CARTESIAN_POINT('',(-1.23981606621945,-13.0945995287425,0.499999976158142));
#7296=CARTESIAN_POINT('',(-1.76018393378055,-13.0945995287425,0.899999976158142));
#7297=CARTESIAN_POINT('',(-1.76018393378055,-11.0945995287425,0.899999976158142));
#7298=CARTESIAN_POINT('',(-1.76018393378055,-11.0945995287425,0.899999976158142));
#7299=CARTESIAN_POINT('',(-1.76018393378055,-11.0945995287425,0.499999976158142));
#7300=CARTESIAN_POINT('',(-1.76018393378055,-13.0945995287425,0.499999976158142));
#7301=CARTESIAN_POINT('',(-1.76018393378055,-11.0945995287425,0.499999976158142));
#7302=CARTESIAN_POINT('',(-1.76018393378055,-11.0945995287425,0.899999976158142));
#7303=CARTESIAN_POINT('',(-1.23981606621945,-11.0945995287425,0.899999976158142));
#7304=CARTESIAN_POINT('',(-1.23981606621945,-11.0945995287425,0.899999976158142));
#7305=CARTESIAN_POINT('',(-1.23981606621945,-11.0945995287425,0.499999976158142));
#7306=CARTESIAN_POINT('',(-1.76018393378055,-11.0945995287425,0.499999976158142));
#7307=CARTESIAN_POINT('',(-1.23981606621945,-11.0945995287425,0.499999976158142));
#7308=CARTESIAN_POINT('',(-1.23981606621945,-11.0945995287425,0.899999976158142));
#7309=CARTESIAN_POINT('',(-1.23981606621945,-13.0945995287425,0.899999976158142));
#7310=CARTESIAN_POINT('',(-1.23981606621945,-11.0945995287425,0.499999976158142));
#7311=CARTESIAN_POINT('',(-1.23981606621945,-13.0945995287425,0.499999976158142));
#7312=CARTESIAN_POINT('',(-2.23981606621945,-13.0945995287425,0.899999976158143));
#7313=CARTESIAN_POINT('',(-2.76018393378055,-13.0945995287425,0.899999976158143));
#7314=CARTESIAN_POINT('',(-2.76018393378055,-11.0945995287425,0.899999976158143));
#7315=CARTESIAN_POINT('',(-2.23981606621945,-11.0945995287425,0.899999976158143));
#7316=CARTESIAN_POINT('',(-2.23981606621945,-13.0945995287425,0.899999976158143));
#7317=CARTESIAN_POINT('',(-2.23981606621945,-13.0945995287425,0.499999976158143));
#7318=CARTESIAN_POINT('',(-2.23981606621945,-13.0945995287425,0.899999976158143));
#7319=CARTESIAN_POINT('',(-2.76018393378055,-13.0945995287425,0.899999976158143));
#7320=CARTESIAN_POINT('',(-2.76018393378055,-13.0945995287425,0.499999976158143));
#7321=CARTESIAN_POINT('',(-2.23981606621945,-13.0945995287425,0.499999976158143));
#7322=CARTESIAN_POINT('',(-2.76018393378055,-11.0945995287425,0.899999976158143));
#7323=CARTESIAN_POINT('',(-2.76018393378055,-11.0945995287425,0.499999976158143));
#7324=CARTESIAN_POINT('',(-2.23981606621945,-11.0945995287425,0.899999976158143));
#7325=CARTESIAN_POINT('',(-2.23981606621945,-11.0945995287425,0.499999976158143));
#7326=CARTESIAN_POINT('',(-2.23981606621945,-13.0945995287425,0.899999976158143));
#7327=CARTESIAN_POINT('',(-2.76018393378055,-13.0945995287425,0.899999976158143));
#7328=CARTESIAN_POINT('',(-2.76018393378055,-13.0945995287425,0.899999976158143));
#7329=CARTESIAN_POINT('',(-2.76018393378055,-13.0945995287425,0.499999976158143));
#7330=CARTESIAN_POINT('',(-2.23981606621945,-13.0945995287425,0.499999976158143));
#7331=CARTESIAN_POINT('',(-2.76018393378055,-13.0945995287425,0.499999976158143));
#7332=CARTESIAN_POINT('',(-2.23981606621945,-13.0945995287425,0.899999976158143));
#7333=CARTESIAN_POINT('',(-2.23981606621945,-13.0945995287425,0.499999976158143));
#7334=CARTESIAN_POINT('',(-2.76018393378055,-13.0945995287425,0.899999976158143));
#7335=CARTESIAN_POINT('',(-2.76018393378055,-11.0945995287425,0.899999976158143));
#7336=CARTESIAN_POINT('',(-2.76018393378055,-11.0945995287425,0.899999976158143));
#7337=CARTESIAN_POINT('',(-2.76018393378055,-11.0945995287425,0.499999976158143));
#7338=CARTESIAN_POINT('',(-2.76018393378055,-13.0945995287425,0.499999976158143));
#7339=CARTESIAN_POINT('',(-2.76018393378055,-11.0945995287425,0.499999976158143));
#7340=CARTESIAN_POINT('',(-2.76018393378055,-11.0945995287425,0.899999976158143));
#7341=CARTESIAN_POINT('',(-2.23981606621945,-11.0945995287425,0.899999976158143));
#7342=CARTESIAN_POINT('',(-2.23981606621945,-11.0945995287425,0.899999976158143));
#7343=CARTESIAN_POINT('',(-2.23981606621945,-11.0945995287425,0.499999976158143));
#7344=CARTESIAN_POINT('',(-2.76018393378055,-11.0945995287425,0.499999976158143));
#7345=CARTESIAN_POINT('',(-2.23981606621945,-11.0945995287425,0.499999976158143));
#7346=CARTESIAN_POINT('',(-2.23981606621945,-11.0945995287425,0.899999976158143));
#7347=CARTESIAN_POINT('',(-2.23981606621945,-13.0945995287425,0.899999976158143));
#7348=CARTESIAN_POINT('',(-2.23981606621945,-11.0945995287425,0.499999976158143));
#7349=CARTESIAN_POINT('',(-2.23981606621945,-13.0945995287425,0.499999976158143));
#7350=CARTESIAN_POINT('',(-3.23981606621945,-13.0945995287425,0.899999976158143));
#7351=CARTESIAN_POINT('',(-3.76018393378055,-13.0945995287425,0.899999976158143));
#7352=CARTESIAN_POINT('',(-3.76018393378055,-11.0945995287425,0.899999976158143));
#7353=CARTESIAN_POINT('',(-3.23981606621945,-11.0945995287425,0.899999976158143));
#7354=CARTESIAN_POINT('',(-3.23981606621945,-13.0945995287425,0.899999976158143));
#7355=CARTESIAN_POINT('',(-3.23981606621945,-13.0945995287425,0.499999976158143));
#7356=CARTESIAN_POINT('',(-3.23981606621945,-13.0945995287425,0.899999976158143));
#7357=CARTESIAN_POINT('',(-3.76018393378055,-13.0945995287425,0.899999976158143));
#7358=CARTESIAN_POINT('',(-3.76018393378055,-13.0945995287425,0.499999976158143));
#7359=CARTESIAN_POINT('',(-3.23981606621945,-13.0945995287425,0.499999976158143));
#7360=CARTESIAN_POINT('',(-3.76018393378055,-11.0945995287425,0.899999976158143));
#7361=CARTESIAN_POINT('',(-3.76018393378055,-11.0945995287425,0.499999976158143));
#7362=CARTESIAN_POINT('',(-3.23981606621945,-11.0945995287425,0.899999976158143));
#7363=CARTESIAN_POINT('',(-3.23981606621945,-11.0945995287425,0.499999976158143));
#7364=CARTESIAN_POINT('',(-3.23981606621945,-13.0945995287425,0.899999976158143));
#7365=CARTESIAN_POINT('',(-3.76018393378055,-13.0945995287425,0.899999976158143));
#7366=CARTESIAN_POINT('',(-3.76018393378055,-13.0945995287425,0.899999976158143));
#7367=CARTESIAN_POINT('',(-3.76018393378055,-13.0945995287425,0.499999976158143));
#7368=CARTESIAN_POINT('',(-3.23981606621945,-13.0945995287425,0.499999976158143));
#7369=CARTESIAN_POINT('',(-3.76018393378055,-13.0945995287425,0.499999976158143));
#7370=CARTESIAN_POINT('',(-3.23981606621945,-13.0945995287425,0.899999976158143));
#7371=CARTESIAN_POINT('',(-3.23981606621945,-13.0945995287425,0.499999976158143));
#7372=CARTESIAN_POINT('',(-3.76018393378055,-13.0945995287425,0.899999976158143));
#7373=CARTESIAN_POINT('',(-3.76018393378055,-11.0945995287425,0.899999976158143));
#7374=CARTESIAN_POINT('',(-3.76018393378055,-11.0945995287425,0.899999976158143));
#7375=CARTESIAN_POINT('',(-3.76018393378055,-11.0945995287425,0.499999976158143));
#7376=CARTESIAN_POINT('',(-3.76018393378055,-13.0945995287425,0.499999976158143));
#7377=CARTESIAN_POINT('',(-3.76018393378055,-11.0945995287425,0.499999976158143));
#7378=CARTESIAN_POINT('',(-3.76018393378055,-11.0945995287425,0.899999976158143));
#7379=CARTESIAN_POINT('',(-3.23981606621945,-11.0945995287425,0.899999976158143));
#7380=CARTESIAN_POINT('',(-3.23981606621945,-11.0945995287425,0.899999976158143));
#7381=CARTESIAN_POINT('',(-3.23981606621945,-11.0945995287425,0.499999976158143));
#7382=CARTESIAN_POINT('',(-3.76018393378055,-11.0945995287425,0.499999976158143));
#7383=CARTESIAN_POINT('',(-3.23981606621945,-11.0945995287425,0.499999976158143));
#7384=CARTESIAN_POINT('',(-3.23981606621945,-11.0945995287425,0.899999976158143));
#7385=CARTESIAN_POINT('',(-3.23981606621945,-13.0945995287425,0.899999976158143));
#7386=CARTESIAN_POINT('',(-3.23981606621945,-11.0945995287425,0.499999976158143));
#7387=CARTESIAN_POINT('',(-3.23981606621945,-13.0945995287425,0.499999976158143));
#7388=CARTESIAN_POINT('',(-4.23981606621945,-13.0945995287425,0.899999976158143));
#7389=CARTESIAN_POINT('',(-4.76018393378055,-13.0945995287425,0.899999976158143));
#7390=CARTESIAN_POINT('',(-4.76018393378055,-11.0945995287425,0.899999976158143));
#7391=CARTESIAN_POINT('',(-4.23981606621945,-11.0945995287425,0.899999976158143));
#7392=CARTESIAN_POINT('',(-4.23981606621945,-13.0945995287425,0.899999976158143));
#7393=CARTESIAN_POINT('',(-4.23981606621945,-13.0945995287425,0.499999976158143));
#7394=CARTESIAN_POINT('',(-4.23981606621945,-13.0945995287425,0.899999976158143));
#7395=CARTESIAN_POINT('',(-4.76018393378055,-13.0945995287425,0.899999976158143));
#7396=CARTESIAN_POINT('',(-4.76018393378055,-13.0945995287425,0.499999976158143));
#7397=CARTESIAN_POINT('',(-4.23981606621945,-13.0945995287425,0.499999976158143));
#7398=CARTESIAN_POINT('',(-4.76018393378055,-11.0945995287425,0.899999976158143));
#7399=CARTESIAN_POINT('',(-4.76018393378055,-11.0945995287425,0.499999976158143));
#7400=CARTESIAN_POINT('',(-4.23981606621945,-11.0945995287425,0.899999976158143));
#7401=CARTESIAN_POINT('',(-4.23981606621945,-11.0945995287425,0.499999976158143));
#7402=CARTESIAN_POINT('',(-4.23981606621945,-13.0945995287425,0.899999976158143));
#7403=CARTESIAN_POINT('',(-4.76018393378055,-13.0945995287425,0.899999976158143));
#7404=CARTESIAN_POINT('',(-4.76018393378055,-13.0945995287425,0.899999976158143));
#7405=CARTESIAN_POINT('',(-4.76018393378055,-13.0945995287425,0.499999976158143));
#7406=CARTESIAN_POINT('',(-4.23981606621945,-13.0945995287425,0.499999976158143));
#7407=CARTESIAN_POINT('',(-4.76018393378055,-13.0945995287425,0.499999976158143));
#7408=CARTESIAN_POINT('',(-4.23981606621945,-13.0945995287425,0.899999976158143));
#7409=CARTESIAN_POINT('',(-4.23981606621945,-13.0945995287425,0.499999976158143));
#7410=CARTESIAN_POINT('',(-4.76018393378055,-13.0945995287425,0.899999976158143));
#7411=CARTESIAN_POINT('',(-4.76018393378055,-11.0945995287425,0.899999976158143));
#7412=CARTESIAN_POINT('',(-4.76018393378055,-11.0945995287425,0.899999976158143));
#7413=CARTESIAN_POINT('',(-4.76018393378055,-11.0945995287425,0.499999976158143));
#7414=CARTESIAN_POINT('',(-4.76018393378055,-13.0945995287425,0.499999976158143));
#7415=CARTESIAN_POINT('',(-4.76018393378055,-11.0945995287425,0.499999976158143));
#7416=CARTESIAN_POINT('',(-4.76018393378055,-11.0945995287425,0.899999976158143));
#7417=CARTESIAN_POINT('',(-4.23981606621945,-11.0945995287425,0.899999976158143));
#7418=CARTESIAN_POINT('',(-4.23981606621945,-11.0945995287425,0.899999976158143));
#7419=CARTESIAN_POINT('',(-4.23981606621945,-11.0945995287425,0.499999976158143));
#7420=CARTESIAN_POINT('',(-4.76018393378055,-11.0945995287425,0.499999976158143));
#7421=CARTESIAN_POINT('',(-4.23981606621945,-11.0945995287425,0.499999976158143));
#7422=CARTESIAN_POINT('',(-4.23981606621945,-11.0945995287425,0.899999976158143));
#7423=CARTESIAN_POINT('',(-4.23981606621945,-13.0945995287425,0.899999976158143));
#7424=CARTESIAN_POINT('',(-4.23981606621945,-11.0945995287425,0.499999976158143));
#7425=CARTESIAN_POINT('',(-4.23981606621945,-13.0945995287425,0.499999976158143));
#7426=CARTESIAN_POINT('',(-5.23981606621945,-13.0945995287425,0.899999976158143));
#7427=CARTESIAN_POINT('',(-5.76018393378055,-13.0945995287425,0.899999976158143));
#7428=CARTESIAN_POINT('',(-5.76018393378055,-11.0945995287425,0.899999976158143));
#7429=CARTESIAN_POINT('',(-5.23981606621945,-11.0945995287425,0.899999976158143));
#7430=CARTESIAN_POINT('',(-5.23981606621945,-13.0945995287425,0.899999976158143));
#7431=CARTESIAN_POINT('',(-5.23981606621945,-13.0945995287425,0.499999976158143));
#7432=CARTESIAN_POINT('',(-5.23981606621945,-13.0945995287425,0.899999976158143));
#7433=CARTESIAN_POINT('',(-5.76018393378055,-13.0945995287425,0.899999976158143));
#7434=CARTESIAN_POINT('',(-5.76018393378055,-13.0945995287425,0.499999976158143));
#7435=CARTESIAN_POINT('',(-5.23981606621945,-13.0945995287425,0.499999976158143));
#7436=CARTESIAN_POINT('',(-5.76018393378055,-11.0945995287425,0.899999976158143));
#7437=CARTESIAN_POINT('',(-5.76018393378055,-11.0945995287425,0.499999976158143));
#7438=CARTESIAN_POINT('',(-5.23981606621945,-11.0945995287425,0.899999976158143));
#7439=CARTESIAN_POINT('',(-5.23981606621945,-11.0945995287425,0.499999976158143));
#7440=CARTESIAN_POINT('',(-5.23981606621945,-13.0945995287425,0.899999976158143));
#7441=CARTESIAN_POINT('',(-5.76018393378055,-13.0945995287425,0.899999976158143));
#7442=CARTESIAN_POINT('',(-5.76018393378055,-13.0945995287425,0.899999976158143));
#7443=CARTESIAN_POINT('',(-5.76018393378055,-13.0945995287425,0.499999976158143));
#7444=CARTESIAN_POINT('',(-5.23981606621945,-13.0945995287425,0.499999976158143));
#7445=CARTESIAN_POINT('',(-5.76018393378055,-13.0945995287425,0.499999976158143));
#7446=CARTESIAN_POINT('',(-5.23981606621945,-13.0945995287425,0.899999976158143));
#7447=CARTESIAN_POINT('',(-5.23981606621945,-13.0945995287425,0.499999976158143));
#7448=CARTESIAN_POINT('',(-5.76018393378055,-13.0945995287425,0.899999976158143));
#7449=CARTESIAN_POINT('',(-5.76018393378055,-11.0945995287425,0.899999976158143));
#7450=CARTESIAN_POINT('',(-5.76018393378055,-11.0945995287425,0.899999976158143));
#7451=CARTESIAN_POINT('',(-5.76018393378055,-11.0945995287425,0.499999976158143));
#7452=CARTESIAN_POINT('',(-5.76018393378055,-13.0945995287425,0.499999976158143));
#7453=CARTESIAN_POINT('',(-5.76018393378055,-11.0945995287425,0.499999976158143));
#7454=CARTESIAN_POINT('',(-5.76018393378055,-11.0945995287425,0.899999976158143));
#7455=CARTESIAN_POINT('',(-5.23981606621945,-11.0945995287425,0.899999976158143));
#7456=CARTESIAN_POINT('',(-5.23981606621945,-11.0945995287425,0.899999976158143));
#7457=CARTESIAN_POINT('',(-5.23981606621945,-11.0945995287425,0.499999976158143));
#7458=CARTESIAN_POINT('',(-5.76018393378055,-11.0945995287425,0.499999976158143));
#7459=CARTESIAN_POINT('',(-5.23981606621945,-11.0945995287425,0.499999976158143));
#7460=CARTESIAN_POINT('',(-5.23981606621945,-11.0945995287425,0.899999976158143));
#7461=CARTESIAN_POINT('',(-5.23981606621945,-13.0945995287425,0.899999976158143));
#7462=CARTESIAN_POINT('',(-5.23981606621945,-11.0945995287425,0.499999976158143));
#7463=CARTESIAN_POINT('',(-5.23981606621945,-13.0945995287425,0.499999976158143));
#7464=CARTESIAN_POINT('',(-6.23981606621945,-13.0945995287425,0.899999976158143));
#7465=CARTESIAN_POINT('',(-6.76018393378055,-13.0945995287425,0.899999976158143));
#7466=CARTESIAN_POINT('',(-6.76018393378055,-11.0945995287425,0.899999976158143));
#7467=CARTESIAN_POINT('',(-6.23981606621945,-11.0945995287425,0.899999976158143));
#7468=CARTESIAN_POINT('',(-6.23981606621945,-13.0945995287425,0.899999976158143));
#7469=CARTESIAN_POINT('',(-6.23981606621945,-13.0945995287425,0.499999976158143));
#7470=CARTESIAN_POINT('',(-6.23981606621945,-13.0945995287425,0.899999976158143));
#7471=CARTESIAN_POINT('',(-6.76018393378055,-13.0945995287425,0.899999976158143));
#7472=CARTESIAN_POINT('',(-6.76018393378055,-13.0945995287425,0.499999976158143));
#7473=CARTESIAN_POINT('',(-6.23981606621945,-13.0945995287425,0.499999976158143));
#7474=CARTESIAN_POINT('',(-6.76018393378055,-11.0945995287425,0.899999976158143));
#7475=CARTESIAN_POINT('',(-6.76018393378055,-11.0945995287425,0.499999976158143));
#7476=CARTESIAN_POINT('',(-6.23981606621945,-11.0945995287425,0.899999976158143));
#7477=CARTESIAN_POINT('',(-6.23981606621945,-11.0945995287425,0.499999976158143));
#7478=CARTESIAN_POINT('',(-6.23981606621945,-13.0945995287425,0.899999976158143));
#7479=CARTESIAN_POINT('',(-6.76018393378055,-13.0945995287425,0.899999976158143));
#7480=CARTESIAN_POINT('',(-6.76018393378055,-13.0945995287425,0.899999976158143));
#7481=CARTESIAN_POINT('',(-6.76018393378055,-13.0945995287425,0.499999976158143));
#7482=CARTESIAN_POINT('',(-6.23981606621945,-13.0945995287425,0.499999976158143));
#7483=CARTESIAN_POINT('',(-6.76018393378055,-13.0945995287425,0.499999976158143));
#7484=CARTESIAN_POINT('',(-6.23981606621945,-13.0945995287425,0.899999976158143));
#7485=CARTESIAN_POINT('',(-6.23981606621945,-13.0945995287425,0.499999976158143));
#7486=CARTESIAN_POINT('',(-6.76018393378055,-13.0945995287425,0.899999976158143));
#7487=CARTESIAN_POINT('',(-6.76018393378055,-11.0945995287425,0.899999976158143));
#7488=CARTESIAN_POINT('',(-6.76018393378055,-11.0945995287425,0.899999976158143));
#7489=CARTESIAN_POINT('',(-6.76018393378055,-11.0945995287425,0.499999976158143));
#7490=CARTESIAN_POINT('',(-6.76018393378055,-13.0945995287425,0.499999976158143));
#7491=CARTESIAN_POINT('',(-6.76018393378055,-11.0945995287425,0.499999976158143));
#7492=CARTESIAN_POINT('',(-6.76018393378055,-11.0945995287425,0.899999976158143));
#7493=CARTESIAN_POINT('',(-6.23981606621945,-11.0945995287425,0.899999976158143));
#7494=CARTESIAN_POINT('',(-6.23981606621945,-11.0945995287425,0.899999976158143));
#7495=CARTESIAN_POINT('',(-6.23981606621945,-11.0945995287425,0.499999976158143));
#7496=CARTESIAN_POINT('',(-6.76018393378055,-11.0945995287425,0.499999976158143));
#7497=CARTESIAN_POINT('',(-6.23981606621945,-11.0945995287425,0.499999976158143));
#7498=CARTESIAN_POINT('',(-6.23981606621945,-11.0945995287425,0.899999976158143));
#7499=CARTESIAN_POINT('',(-6.23981606621945,-13.0945995287425,0.899999976158143));
#7500=CARTESIAN_POINT('',(-6.23981606621945,-11.0945995287425,0.499999976158143));
#7501=CARTESIAN_POINT('',(-6.23981606621945,-13.0945995287425,0.499999976158143));
#7502=CARTESIAN_POINT('',(11.5,-17.,0.89999997615814));
#7503=CARTESIAN_POINT('',(11.5,-18.3,0.89999997615814));
#7504=CARTESIAN_POINT('',(-10.5,-18.3,0.899999976158144));
#7505=CARTESIAN_POINT('',(11.5,-17.,-1.30000002384186));
#7506=CARTESIAN_POINT('',(-9.5,-13.,-0.242857166698998));
#7507=CARTESIAN_POINT('',(10.5,-13.,0.89999997615814));
#7508=CARTESIAN_POINT('',(-10.5,-17.,0.899999976158144));
#7509=CARTESIAN_POINT('',(-10.5,-17.,0.899999976158144));
#7510=CARTESIAN_POINT('',(9.45898372803513,-15.8625360032771,-2.77403031945685));
#7511=CARTESIAN_POINT('',(-8.45898372803513,-11.6740012703043,-2.77403031945685));
#7512=CARTESIAN_POINT('',(-8.45898372803513,-15.8625360032771,-2.77403031945685));
#7513=CARTESIAN_POINT('',(-7.75688224100466,-11.8427609753347,2.47472788039643));
#7514=CARTESIAN_POINT('',(-7.75688224100466,-11.8427609753347,-0.328281110043533));
#7515=CARTESIAN_POINT('',(8.75688224100466,-11.8427609753347,-0.328281110043537));
#7516=CARTESIAN_POINT('',(-10.5,-17.,0.899999976158144));
#7517=CARTESIAN_POINT('',(-10.5,-17.,-1.60000002384186));
#7518=CARTESIAN_POINT('',(11.5,-17.,-1.30000002384186));
#7519=CARTESIAN_POINT('',(-10.5,-17.,0.899999976158144));
#7520=CARTESIAN_POINT('',(-10.5,-17.,0.899999976158144));
#7521=CARTESIAN_POINT('',(11.5,-17.,0.89999997615814));
#7522=CARTESIAN_POINT('',(11.5,-17.,-1.60000002384186));
#7523=CARTESIAN_POINT('',(11.5,-18.3,0.89999997615814));
#7524=CARTESIAN_POINT('',(11.5,-18.3,-1.60000002384186));
#7525=CARTESIAN_POINT('',(-10.5,-18.3,0.899999976158144));
#7526=CARTESIAN_POINT('',(-10.5,-18.3,-1.60000002384186));
#7527=CARTESIAN_POINT('',(-10.5,-17.,0.899999976158144));
#7528=CARTESIAN_POINT('',(-10.5,-17.,-1.60000002384186));
#7529=CARTESIAN_POINT('',(-9.5,-13.,-1.30000002384186));
#7530=CARTESIAN_POINT('',(10.5,-13.,-1.30000002384186));
#7531=CARTESIAN_POINT('',(11.5,-17.,-1.30000002384186));
#7532=CARTESIAN_POINT('',(-10.5,-17.,-1.30000002384186));
#7533=CARTESIAN_POINT('',(-9.5,-13.,-0.242857166698998));
#7534=CARTESIAN_POINT('',(10.5,-13.,-0.242857166699003));
#7535=CARTESIAN_POINT('',(9.45898372803513,-15.8625360032771,-1.30000002384186));
#7536=CARTESIAN_POINT('',(9.45898372803513,-13.,-1.30000002384186));
#7537=CARTESIAN_POINT('',(-8.45898372803513,-13.,-1.30000002384186));
#7538=CARTESIAN_POINT('',(-8.45898372803513,-15.8625360032771,-1.30000002384186));
#7539=CARTESIAN_POINT('',(9.45898372803513,-13.,-0.242857166699002));
#7540=CARTESIAN_POINT('',(-8.45898372803513,-13.,-0.242857166698999));
#7541=CARTESIAN_POINT('',(9.45898372803513,-15.8625360032771,0.575010262808743));
#7542=CARTESIAN_POINT('',(-8.45898372803513,-15.8625360032771,0.575010262808748));
#7543=CARTESIAN_POINT('',(-7.75688224100467,-18.3,-0.328281110043533));
#7544=CARTESIAN_POINT('',(-7.75688224100467,-18.3,0.899999976158143));
#7545=CARTESIAN_POINT('',(8.75688224100466,-18.3,-0.328281110043537));
#7546=CARTESIAN_POINT('',(8.75688224100466,-18.3,0.899999976158139));
#7547=CARTESIAN_POINT('',(-7.75688224100466,-17.,0.899999976158143));
#7548=CARTESIAN_POINT('',(8.75688224100466,-17.,0.899999976158139));
#7549=CARTESIAN_POINT('',(-7.75688224100466,-15.8625360032771,0.575010262808749));
#7550=CARTESIAN_POINT('',(8.75688224100466,-15.8625360032771,0.575010262808743));
#7551=CARTESIAN_POINT('',(-7.75688224100467,-15.8625360032771,-0.328281110043533));
#7552=CARTESIAN_POINT('',(8.75688224100467,-15.8625360032771,-0.328281110043538));
#7553=CARTESIAN_POINT('',(11.5,-17.,0.89999997615814));
#7554=CARTESIAN_POINT('',(11.5,-17.,-1.30000002384186));
#7555=CARTESIAN_POINT('',(11.5,-17.,0.89999997615814));
#7556=CARTESIAN_POINT('',(11.5,-18.3,0.89999997615814));
#7557=CARTESIAN_POINT('',(11.5,-18.3,0.89999997615814));
#7558=CARTESIAN_POINT('',(11.5,-18.3,-1.60000002384186));
#7559=CARTESIAN_POINT('',(11.5,-17.,-1.60000002384186));
#7560=CARTESIAN_POINT('',(11.5,-18.3,-1.60000002384186));
#7561=CARTESIAN_POINT('',(11.5,-18.3,0.89999997615814));
#7562=CARTESIAN_POINT('',(8.75688224100466,-18.3,0.899999976158139));
#7563=CARTESIAN_POINT('',(-10.5,-18.3,0.899999976158144));
#7564=CARTESIAN_POINT('',(-10.5,-18.3,-1.60000002384186));
#7565=CARTESIAN_POINT('',(11.5,-18.3,-1.60000002384186));
#7566=CARTESIAN_POINT('',(-10.5,-18.3,-1.60000002384186));
#7567=CARTESIAN_POINT('',(-10.5,-18.3,0.899999976158144));
#7568=CARTESIAN_POINT('',(-10.5,-17.,0.899999976158144));
#7569=CARTESIAN_POINT('',(-10.5,-17.,0.899999976158144));
#7570=CARTESIAN_POINT('',(-10.5,-17.,-1.30000002384186));
#7571=CARTESIAN_POINT('',(-10.5,-18.3,-1.60000002384186));
#7572=CARTESIAN_POINT('',(-10.5,-17.,-1.60000002384186));
#7573=CARTESIAN_POINT('',(-9.5,-13.,-1.30000002384186));
#7574=CARTESIAN_POINT('',(-8.45898372803513,-13.,-1.30000002384186));
#7575=CARTESIAN_POINT('',(10.5,-13.,-1.30000002384186));
#7576=CARTESIAN_POINT('',(11.5,-17.,-1.30000002384186));
#7577=CARTESIAN_POINT('',(-10.5,-17.,-1.30000002384186));
#7578=CARTESIAN_POINT('',(-9.5,-13.,-1.30000002384186));
#7579=CARTESIAN_POINT('',(-10.5,-17.,-1.60000002384186));
#7580=CARTESIAN_POINT('',(11.5,-17.,-1.60000002384186));
#7581=CARTESIAN_POINT('',(11.5,-17.,-1.30000002384186));
#7582=CARTESIAN_POINT('',(11.5,-17.,-1.60000002384186));
#7583=CARTESIAN_POINT('',(-10.5,-17.,-1.30000002384186));
#7584=CARTESIAN_POINT('',(-10.5,-17.,-1.60000002384186));
#7585=CARTESIAN_POINT('',(11.5,-17.,-1.30000002384186));
#7586=CARTESIAN_POINT('',(-10.5,-17.,-1.30000002384186));
#7587=CARTESIAN_POINT('',(-10.5,-17.,0.899999976158144));
#7588=CARTESIAN_POINT('',(-7.75688224100466,-17.,0.899999976158143));
#7589=CARTESIAN_POINT('',(-9.5,-13.,-0.242857166698998));
#7590=CARTESIAN_POINT('',(-8.45898372803513,-13.,-0.242857166698999));
#7591=CARTESIAN_POINT('',(10.5,-13.,-0.242857166699003));
#7592=CARTESIAN_POINT('',(10.8333333333333,-14.3333333333333,0.138095214253378));
#7593=CARTESIAN_POINT('',(11.1666666666667,-15.6666666666667,0.519047595205758));
#7594=CARTESIAN_POINT('',(11.5,-17.,0.89999997615814));
#7595=CARTESIAN_POINT('',(-10.5,-17.,0.899999976158144));
#7596=CARTESIAN_POINT('',(-10.1666666666667,-15.6666666666667,0.519047595205763));
#7597=CARTESIAN_POINT('',(-9.83333333333333,-14.3333333333333,0.138095214253382));
#7598=CARTESIAN_POINT('',(-9.5,-13.,-0.242857166698998));
#7599=CARTESIAN_POINT('',(10.5,-13.,-0.242857166699003));
#7600=CARTESIAN_POINT('',(10.5,-13.,-1.30000002384186));
#7601=CARTESIAN_POINT('',(-9.5,-13.,-0.242857166698998));
#7602=CARTESIAN_POINT('',(-9.5,-13.,-1.30000002384186));
#7603=CARTESIAN_POINT('',(9.45898372803513,-15.8625360032771,-1.30000002384186));
#7604=CARTESIAN_POINT('',(9.45898372803513,-13.,-1.30000002384186));
#7605=CARTESIAN_POINT('',(-8.45898372803513,-13.,-1.30000002384186));
#7606=CARTESIAN_POINT('',(-8.45898372803513,-15.8625360032771,-1.30000002384186));
#7607=CARTESIAN_POINT('',(-8.45898372803513,-15.8625360032771,-1.30000002384186));
#7608=CARTESIAN_POINT('',(9.45898372803513,-15.8625360032771,-1.30000002384186));
#7609=CARTESIAN_POINT('',(9.45898372803513,-13.,-1.30000002384186));
#7610=CARTESIAN_POINT('',(9.45898372803513,-13.,-0.242857166699002));
#7611=CARTESIAN_POINT('',(-8.45898372803513,-13.,-0.242857166698999));
#7612=CARTESIAN_POINT('',(-8.45898372803513,-13.,-1.30000002384186));
#7613=CARTESIAN_POINT('',(9.45898372803513,-15.8625360032771,0.575010262808743));
#7614=CARTESIAN_POINT('',(9.45898372803513,-13.,-0.242857166699002));
#7615=CARTESIAN_POINT('',(-8.45898372803513,-13.,-0.242857166698999));
#7616=CARTESIAN_POINT('',(-8.45898372803513,-15.8625360032771,0.575010262808748));
#7617=CARTESIAN_POINT('',(-8.45898372803513,-15.8625360032771,0.575010262808748));
#7618=CARTESIAN_POINT('',(-7.75688224100466,-15.8625360032771,0.575010262808749));
#7619=CARTESIAN_POINT('',(9.45898372803513,-13.,-1.30000002384186));
#7620=CARTESIAN_POINT('',(10.5,-13.,-1.30000002384186));
#7621=CARTESIAN_POINT('',(9.45898372803513,-13.,-0.242857166699002));
#7622=CARTESIAN_POINT('',(10.5,-13.,-0.242857166699003));
#7623=CARTESIAN_POINT('',(9.45898372803513,-15.8625360032771,-1.30000002384186));
#7624=CARTESIAN_POINT('',(9.45898372803513,-15.8625360032771,0.575010262808743));
#7625=CARTESIAN_POINT('',(-8.45898372803513,-15.8625360032771,-1.30000002384186));
#7626=CARTESIAN_POINT('',(-8.45898372803513,-15.8625360032771,0.575010262808748));
#7627=CARTESIAN_POINT('',(-7.75688224100467,-18.3,-0.328281110043533));
#7628=CARTESIAN_POINT('',(-7.75688224100467,-18.3,0.899999976158143));
#7629=CARTESIAN_POINT('',(8.75688224100466,-18.3,-0.328281110043537));
#7630=CARTESIAN_POINT('',(-7.75688224100467,-18.3,-0.328281110043533));
#7631=CARTESIAN_POINT('',(8.75688224100466,-18.3,0.899999976158139));
#7632=CARTESIAN_POINT('',(8.75688224100466,-18.3,-0.328281110043537));
#7633=CARTESIAN_POINT('',(-7.75688224100466,-17.,0.899999976158143));
#7634=CARTESIAN_POINT('',(-7.75688224100467,-18.3,0.899999976158143));
#7635=CARTESIAN_POINT('',(8.75688224100466,-18.3,0.899999976158139));
#7636=CARTESIAN_POINT('',(8.75688224100466,-17.,0.899999976158139));
#7637=CARTESIAN_POINT('',(-7.75688224100466,-15.8625360032771,0.575010262808749));
#7638=CARTESIAN_POINT('',(-7.75688224100466,-17.,0.899999976158143));
#7639=CARTESIAN_POINT('',(8.75688224100466,-17.,0.899999976158139));
#7640=CARTESIAN_POINT('',(8.75688224100466,-15.8625360032771,0.575010262808743));
#7641=CARTESIAN_POINT('',(-7.75688224100467,-15.8625360032771,-0.328281110043533));
#7642=CARTESIAN_POINT('',(-7.75688224100466,-15.8625360032771,0.575010262808749));
#7643=CARTESIAN_POINT('',(8.75688224100467,-15.8625360032771,-0.328281110043538));
#7644=CARTESIAN_POINT('',(-7.75688224100467,-15.8625360032771,-0.328281110043533));
#7645=CARTESIAN_POINT('',(8.75688224100466,-15.8625360032771,0.575010262808743));
#7646=CARTESIAN_POINT('',(8.75688224100467,-15.8625360032771,-0.328281110043538));
#7647=CARTESIAN_POINT('',(-7.75688224100467,-18.3,0.899999976158143));
#7648=CARTESIAN_POINT('',(-10.5,-18.3,0.899999976158144));
#7649=CARTESIAN_POINT('',(8.75688224100466,-17.,0.899999976158139));
#7650=CARTESIAN_POINT('',(11.5,-17.,0.89999997615814));
#7651=CARTESIAN_POINT('',(8.75688224100466,-15.8625360032771,0.575010262808743));
#7652=CARTESIAN_POINT('',(9.45898372803513,-15.8625360032771,0.575010262808743));
#7653=CARTESIAN_POINT('',(-7.75688224100467,-15.8625360032771,-0.328281110043533));
#7654=CARTESIAN_POINT('',(-7.75688224100467,-18.3,-0.328281110043533));
#7655=CARTESIAN_POINT('',(8.75688224100467,-15.8625360032771,-0.328281110043538));
#7656=CARTESIAN_POINT('',(8.75688224100466,-18.3,-0.328281110043537));
#7657=CARTESIAN_POINT('',(10.5,-17.,0.89999997615814));
#7658=CARTESIAN_POINT('',(10.5,-13.,0.89999997615814));
#7659=CARTESIAN_POINT('',(10.5,-17.,0.89999997615814));
#7660=CARTESIAN_POINT('',(10.5,-17.,-1.60000002384186));
#7661=CARTESIAN_POINT('',(9.45898372803513,-11.6740012703043,-1.34914168105381));
#7662=CARTESIAN_POINT('',(9.45898372803513,-15.8625360032771,-1.34914168105381));
#7663=CARTESIAN_POINT('',(13.7077959455123,-11.1504344286827,-1.34914168105381));
#7664=CARTESIAN_POINT('',(13.7077959455123,-11.1504344286827,0.64497798994619));
#7665=CARTESIAN_POINT('',(-9.5,-13.,0.899999976158144));
#7666=CARTESIAN_POINT('',(-12.0059737826028,-15.8625360032771,-1.34914168105381));
#7667=CARTESIAN_POINT('',(-8.45898372803513,-15.8625360032771,-1.34914168105381));
#7668=CARTESIAN_POINT('',(-7.98689348164877,-11.1504344286827,-1.34914168105381));
#7669=CARTESIAN_POINT('',(-7.98689348164877,-11.1504344286827,0.644977989946195));
#7670=CARTESIAN_POINT('',(-9.5,-17.,0.899999976158144));
#7671=CARTESIAN_POINT('',(10.5,-17.,0.89999997615814));
#7672=CARTESIAN_POINT('',(-9.5,-17.,0.899999976158144));
#7673=CARTESIAN_POINT('',(-9.5,-17.,-1.60000002384186));
#7674=CARTESIAN_POINT('',(10.5,-17.,-1.60000002384186));
#7675=CARTESIAN_POINT('',(-9.5,-13.,0.899999976158144));
#7676=CARTESIAN_POINT('',(-9.5,-13.,-1.60000002384186));
#7677=CARTESIAN_POINT('',(10.5,-13.,0.89999997615814));
#7678=CARTESIAN_POINT('',(10.5,-13.,-1.60000002384186));
#7679=CARTESIAN_POINT('',(9.45898372803513,-15.8625360032771,-1.34914168105381));
#7680=CARTESIAN_POINT('',(9.45898372803513,-15.8625360032771,0.644977989946191));
#7681=CARTESIAN_POINT('',(9.45898372803513,-13.,0.644977989946191));
#7682=CARTESIAN_POINT('',(9.45898372803513,-13.,-1.34914168105381));
#7683=CARTESIAN_POINT('',(10.5,-13.,-1.34914168105381));
#7684=CARTESIAN_POINT('',(10.5,-13.,0.644977989946191));
#7685=CARTESIAN_POINT('',(10.5,-15.8625360032771,-1.34914168105381));
#7686=CARTESIAN_POINT('',(10.5,-15.8625360032771,0.644977989946191));
#7687=CARTESIAN_POINT('',(-8.45898372803513,-15.8625360032771,-1.34914168105381));
#7688=CARTESIAN_POINT('',(-8.45898372803513,-15.8625360032771,0.644977989946195));
#7689=CARTESIAN_POINT('',(-9.5,-15.8625360032771,0.644977989946195));
#7690=CARTESIAN_POINT('',(-9.5,-15.8625360032771,-1.34914168105381));
#7691=CARTESIAN_POINT('',(-9.5,-13.,-1.34914168105381));
#7692=CARTESIAN_POINT('',(-9.5,-13.,0.644977989946195));
#7693=CARTESIAN_POINT('',(-8.45898372803513,-13.,-1.34914168105381));
#7694=CARTESIAN_POINT('',(-8.45898372803513,-13.,0.644977989946195));
#7695=CARTESIAN_POINT('',(10.5,-17.,0.89999997615814));
#7696=CARTESIAN_POINT('',(-9.5,-17.,0.899999976158144));
#7697=CARTESIAN_POINT('',(-9.5,-17.,0.899999976158144));
#7698=CARTESIAN_POINT('',(-9.5,-17.,-1.60000002384186));
#7699=CARTESIAN_POINT('',(10.5,-17.,-1.60000002384186));
#7700=CARTESIAN_POINT('',(-9.5,-17.,-1.60000002384186));
#7701=CARTESIAN_POINT('',(10.5,-17.,0.89999997615814));
#7702=CARTESIAN_POINT('',(10.5,-17.,-1.60000002384186));
#7703=CARTESIAN_POINT('',(-9.5,-17.,0.899999976158144));
#7704=CARTESIAN_POINT('',(-9.5,-13.,0.899999976158144));
#7705=CARTESIAN_POINT('',(-9.5,-13.,0.899999976158144));
#7706=CARTESIAN_POINT('',(-9.5,-13.,0.644977989946195));
#7707=CARTESIAN_POINT('',(-9.5,-17.,-1.60000002384186));
#7708=CARTESIAN_POINT('',(-9.5,-13.,-1.60000002384186));
#7709=CARTESIAN_POINT('',(-9.5,-13.,0.899999976158144));
#7710=CARTESIAN_POINT('',(10.5,-13.,0.89999997615814));
#7711=CARTESIAN_POINT('',(10.5,-13.,0.89999997615814));
#7712=CARTESIAN_POINT('',(10.5,-13.,0.644977989946191));
#7713=CARTESIAN_POINT('',(-9.5,-13.,-1.60000002384186));
#7714=CARTESIAN_POINT('',(10.5,-13.,-1.60000002384186));
#7715=CARTESIAN_POINT('',(10.5,-13.,0.89999997615814));
#7716=CARTESIAN_POINT('',(10.5,-17.,0.89999997615814));
#7717=CARTESIAN_POINT('',(10.5,-13.,-1.60000002384186));
#7718=CARTESIAN_POINT('',(10.5,-17.,-1.60000002384186));
#7719=CARTESIAN_POINT('',(9.45898372803513,-15.8625360032771,-1.34914168105381));
#7720=CARTESIAN_POINT('',(9.45898372803513,-15.8625360032771,0.644977989946191));
#7721=CARTESIAN_POINT('',(9.45898372803513,-15.8625360032771,-1.34914168105381));
#7722=CARTESIAN_POINT('',(10.5,-15.8625360032771,-1.34914168105381));
#7723=CARTESIAN_POINT('',(9.45898372803513,-15.8625360032771,0.644977989946191));
#7724=CARTESIAN_POINT('',(10.5,-15.8625360032771,0.644977989946191));
#7725=CARTESIAN_POINT('',(9.45898372803513,-13.,0.644977989946191));
#7726=CARTESIAN_POINT('',(9.45898372803513,-13.,-1.34914168105381));
#7727=CARTESIAN_POINT('',(10.5,-13.,-1.34914168105381));
#7728=CARTESIAN_POINT('',(9.45898372803513,-13.,-1.34914168105381));
#7729=CARTESIAN_POINT('',(10.5,-13.,0.644977989946191));
#7730=CARTESIAN_POINT('',(9.45898372803513,-13.,0.644977989946191));
#7731=CARTESIAN_POINT('',(10.5,-15.8625360032771,-1.34914168105381));
#7732=CARTESIAN_POINT('',(10.5,-15.8625360032771,0.644977989946191));
#7733=CARTESIAN_POINT('',(10.5,-15.8625360032771,-1.34914168105381));
#7734=CARTESIAN_POINT('',(10.5,-13.,-1.34914168105381));
#7735=CARTESIAN_POINT('',(10.5,-15.8625360032771,0.644977989946191));
#7736=CARTESIAN_POINT('',(10.5,-13.,0.644977989946191));
#7737=CARTESIAN_POINT('',(10.5,-13.,-1.34914168105381));
#7738=CARTESIAN_POINT('',(10.5,-13.,-1.60000002384186));
#7739=CARTESIAN_POINT('',(9.45898372803513,-13.,-1.34914168105381));
#7740=CARTESIAN_POINT('',(9.45898372803513,-15.8625360032771,-1.34914168105381));
#7741=CARTESIAN_POINT('',(9.45898372803513,-13.,0.644977989946191));
#7742=CARTESIAN_POINT('',(9.45898372803513,-15.8625360032771,0.644977989946191));
#7743=CARTESIAN_POINT('',(-8.45898372803513,-15.8625360032771,-1.34914168105381));
#7744=CARTESIAN_POINT('',(-8.45898372803513,-15.8625360032771,0.644977989946195));
#7745=CARTESIAN_POINT('',(-8.45898372803513,-15.8625360032771,-1.34914168105381));
#7746=CARTESIAN_POINT('',(-8.45898372803513,-13.,-1.34914168105381));
#7747=CARTESIAN_POINT('',(-8.45898372803513,-15.8625360032771,0.644977989946195));
#7748=CARTESIAN_POINT('',(-8.45898372803513,-13.,0.644977989946195));
#7749=CARTESIAN_POINT('',(-9.5,-15.8625360032771,0.644977989946195));
#7750=CARTESIAN_POINT('',(-9.5,-15.8625360032771,-1.34914168105381));
#7751=CARTESIAN_POINT('',(-9.5,-13.,-1.34914168105381));
#7752=CARTESIAN_POINT('',(-9.5,-15.8625360032771,-1.34914168105381));
#7753=CARTESIAN_POINT('',(-9.5,-13.,0.644977989946195));
#7754=CARTESIAN_POINT('',(-9.5,-15.8625360032771,0.644977989946195));
#7755=CARTESIAN_POINT('',(-8.45898372803513,-13.,-1.34914168105381));
#7756=CARTESIAN_POINT('',(-8.45898372803513,-13.,0.644977989946195));
#7757=CARTESIAN_POINT('',(-8.45898372803513,-13.,-1.34914168105381));
#7758=CARTESIAN_POINT('',(-9.5,-13.,-1.34914168105381));
#7759=CARTESIAN_POINT('',(-8.45898372803513,-13.,0.644977989946195));
#7760=CARTESIAN_POINT('',(-9.5,-13.,0.644977989946195));
#7761=CARTESIAN_POINT('',(-9.5,-13.,-1.34914168105381));
#7762=CARTESIAN_POINT('',(-9.5,-13.,-1.60000002384186));
#7763=CARTESIAN_POINT('',(-9.5,-15.8625360032771,-1.34914168105381));
#7764=CARTESIAN_POINT('',(-8.45898372803513,-15.8625360032771,-1.34914168105381));
#7765=CARTESIAN_POINT('',(-9.5,-15.8625360032771,0.644977989946195));
#7766=CARTESIAN_POINT('',(-8.45898372803513,-15.8625360032771,0.644977989946195));
#7767=CARTESIAN_POINT('',(16.,-16.,1.69999997615814));
#7768=CARTESIAN_POINT('',(19.5,-16.,0.899999976158138));
#7769=CARTESIAN_POINT('',(16.,16.,1.69999997615814));
#7770=CARTESIAN_POINT('',(16.,19.5,0.899999976158139));
#7771=CARTESIAN_POINT('',(-16.,16.,1.69999997615815));
#7772=CARTESIAN_POINT('',(-19.5,16.,0.899999976158146));
#7773=CARTESIAN_POINT('',(-16.,-16.,1.69999997615815));
#7774=CARTESIAN_POINT('',(-16.,-19.5,0.899999976158146));
#7775=CARTESIAN_POINT('',(16.,-19.5,2.41999997615814));
#7776=CARTESIAN_POINT('',(16.,-19.5000000007262,2.49999997615814));
#7777=CARTESIAN_POINT('',(16.0000000000031,-19.4200000007262,2.49999997615814));
#7778=CARTESIAN_POINT('',(19.5,-19.5,2.41999997615814));
#7779=CARTESIAN_POINT('',(19.5000000007262,-19.5000000007262,2.49999997615814));
#7780=CARTESIAN_POINT('',(19.4200000007293,-19.4200000007231,2.49999997615814));
#7781=CARTESIAN_POINT('',(19.5,-16.,2.41999997615814));
#7782=CARTESIAN_POINT('',(19.5000000007262,-16.,2.49999997615814));
#7783=CARTESIAN_POINT('',(19.4200000007262,-15.9999999999969,2.49999997615814));
#7784=CARTESIAN_POINT('',(19.42,-2.81692258430658E-15,2.41999997615814));
#7785=CARTESIAN_POINT('',(19.5,16.,2.41999997615814));
#7786=CARTESIAN_POINT('',(19.5000000007262,16.,2.49999997615814));
#7787=CARTESIAN_POINT('',(19.4200000007262,16.0000000000031,2.49999997615814));
#7788=CARTESIAN_POINT('',(19.5,19.5,2.41999997615814));
#7789=CARTESIAN_POINT('',(19.5000000007262,19.5000000007262,2.49999997615814));
#7790=CARTESIAN_POINT('',(19.4200000007231,19.4200000007293,2.49999997615814));
#7791=CARTESIAN_POINT('',(16.,19.5,2.41999997615814));
#7792=CARTESIAN_POINT('',(16.,19.5000000007262,2.49999997615814));
#7793=CARTESIAN_POINT('',(15.9999999999969,19.4200000007262,2.49999997615814));
#7794=CARTESIAN_POINT('',(4.88092490269975E-13,19.42,2.41999997615814));
#7795=CARTESIAN_POINT('',(-16.,19.5,2.41999997615815));
#7796=CARTESIAN_POINT('',(-16.,19.5000000007262,2.49999997615815));
#7797=CARTESIAN_POINT('',(-16.0000000000031,19.4200000007262,2.49999997615815));
#7798=CARTESIAN_POINT('',(-19.5,19.5,2.41999997615815));
#7799=CARTESIAN_POINT('',(-19.5000000007262,19.5000000007262,2.49999997615815));
#7800=CARTESIAN_POINT('',(-19.4200000007293,19.4200000007231,2.49999997615815));
#7801=CARTESIAN_POINT('',(-19.5,16.,2.41999997615815));
#7802=CARTESIAN_POINT('',(-19.5000000007262,16.,2.49999997615815));
#7803=CARTESIAN_POINT('',(-19.4200000007262,15.9999999999969,2.49999997615815));
#7804=CARTESIAN_POINT('',(-19.42,-1.25607396694708E-15,2.41999997615815));
#7805=CARTESIAN_POINT('',(-19.5,-16.,2.41999997615815));
#7806=CARTESIAN_POINT('',(-19.5000000007262,-16.,2.49999997615814));
#7807=CARTESIAN_POINT('',(-19.4200000007262,-16.0000000000031,2.49999997615815));
#7808=CARTESIAN_POINT('',(-19.5,-19.5,2.41999997615815));
#7809=CARTESIAN_POINT('',(-19.5000000007262,-19.5000000007262,2.49999997615814));
#7810=CARTESIAN_POINT('',(-19.4200000007231,-19.4200000007293,2.49999997615815));
#7811=CARTESIAN_POINT('',(-16.,-19.5,2.41999997615815));
#7812=CARTESIAN_POINT('',(-16.,-19.5000000007262,2.49999997615814));
#7813=CARTESIAN_POINT('',(-15.9999999999969,-19.4200000007262,2.49999997615815));
#7814=CARTESIAN_POINT('',(-5.32907051819954E-15,-19.42,2.41999997615815));
#7815=CARTESIAN_POINT('',(16.,-19.5,0.979999976158138));
#7816=CARTESIAN_POINT('',(19.5,-19.5,0.979999976158139));
#7817=CARTESIAN_POINT('',(19.5,-16.,0.979999976158138));
#7818=CARTESIAN_POINT('',(16.,-19.5000000007262,0.899999976158136));
#7819=CARTESIAN_POINT('',(19.5000000007262,-19.5000000007262,0.899999976158136));
#7820=CARTESIAN_POINT('',(19.5000000007262,-16.,0.899999976158136));
#7821=CARTESIAN_POINT('',(16.0000000000031,-19.4200000007262,0.899999976158139));
#7822=CARTESIAN_POINT('',(19.4200000007293,-19.4200000007231,0.899999976158138));
#7823=CARTESIAN_POINT('',(19.4200000007262,-15.9999999999969,0.899999976158139));
#7824=CARTESIAN_POINT('',(19.42,-9.44935518691352E-13,0.979999976158137));
#7825=CARTESIAN_POINT('',(19.5,16.,0.979999976158138));
#7826=CARTESIAN_POINT('',(19.5,19.5,0.979999976158138));
#7827=CARTESIAN_POINT('',(16.,19.5,0.979999976158138));
#7828=CARTESIAN_POINT('',(19.5000000007262,16.,0.899999976158135));
#7829=CARTESIAN_POINT('',(19.5000000007262,19.5000000007262,0.899999976158135));
#7830=CARTESIAN_POINT('',(16.,19.5000000007262,0.899999976158135));
#7831=CARTESIAN_POINT('',(19.4200000007262,16.0000000000031,0.899999976158138));
#7832=CARTESIAN_POINT('',(19.4200000007231,19.4200000007293,0.899999976158138));
#7833=CARTESIAN_POINT('',(15.9999999999969,19.4200000007262,0.899999976158138));
#7834=CARTESIAN_POINT('',(1.89216767709437E-12,19.42,0.979999976158137));
#7835=CARTESIAN_POINT('',(-16.,19.5,0.979999976158146));
#7836=CARTESIAN_POINT('',(-19.5,19.5,0.979999976158146));
#7837=CARTESIAN_POINT('',(-19.5,16.,0.979999976158146));
#7838=CARTESIAN_POINT('',(-16.,19.5000000007262,0.899999976158148));
#7839=CARTESIAN_POINT('',(-19.5000000007262,19.5000000007262,0.899999976158148));
#7840=CARTESIAN_POINT('',(-19.5000000007262,16.,0.899999976158148));
#7841=CARTESIAN_POINT('',(-16.0000000000031,19.4200000007262,0.899999976158146));
#7842=CARTESIAN_POINT('',(-19.4200000007293,19.4200000007231,0.899999976158146));
#7843=CARTESIAN_POINT('',(-19.4200000007262,15.9999999999969,0.899999976158146));
#7844=CARTESIAN_POINT('',(-19.42,-1.87562320730228E-12,0.979999976158144));
#7845=CARTESIAN_POINT('',(-19.5,-16.,0.979999976158146));
#7846=CARTESIAN_POINT('',(-19.5,-19.5,0.979999976158146));
#7847=CARTESIAN_POINT('',(-16.,-19.5,0.979999976158146));
#7848=CARTESIAN_POINT('',(-19.5000000007262,-16.,0.899999976158149));
#7849=CARTESIAN_POINT('',(-19.5000000007262,-19.5000000007262,0.899999976158149));
#7850=CARTESIAN_POINT('',(-16.,-19.5000000007262,0.899999976158149));
#7851=CARTESIAN_POINT('',(-19.4200000007262,-16.0000000000031,0.899999976158146));
#7852=CARTESIAN_POINT('',(-19.4200000007231,-19.4200000007293,0.899999976158146));
#7853=CARTESIAN_POINT('',(-15.9999999999969,-19.4200000007262,0.899999976158146));
#7854=CARTESIAN_POINT('',(9.57433137464044E-13,-19.42,0.979999976158144));
#7855=CARTESIAN_POINT('',(16.,-19.5,2.41999997615814));
#7856=CARTESIAN_POINT('',(19.5,-16.,2.41999997615814));
#7857=CARTESIAN_POINT('',(16.,-19.5,0.979999976158139));
#7858=CARTESIAN_POINT('',(19.5,-16.,0.979999976158138));
#7859=CARTESIAN_POINT('',(19.5,16.,2.41999997615814));
#7860=CARTESIAN_POINT('',(19.5,16.,0.979999976158138));
#7861=CARTESIAN_POINT('',(16.,19.5,2.41999997615814));
#7862=CARTESIAN_POINT('',(16.,19.5,0.979999976158138));
#7863=CARTESIAN_POINT('',(-16.,19.5,2.41999997615815));
#7864=CARTESIAN_POINT('',(-16.,19.5,0.979999976158146));
#7865=CARTESIAN_POINT('',(-19.5,16.,2.41999997615815));
#7866=CARTESIAN_POINT('',(-19.5,16.,0.979999976158146));
#7867=CARTESIAN_POINT('',(-19.5,-16.,2.41999997615815));
#7868=CARTESIAN_POINT('',(-19.5,-16.,0.979999976158146));
#7869=CARTESIAN_POINT('',(-16.,-19.5,2.41999997615815));
#7870=CARTESIAN_POINT('',(-16.,-19.5,0.979999976158146));
#7871=CARTESIAN_POINT('',(16.0000000000015,-19.4200000003631,2.49999997615814));
#7872=CARTESIAN_POINT('',(19.4200000003631,-15.9999999999993,2.49999997615814));
#7873=CARTESIAN_POINT('',(19.4200000003631,16.0000000000015,2.49999997615814));
#7874=CARTESIAN_POINT('',(15.9999999999993,19.4200000003631,2.49999997615814));
#7875=CARTESIAN_POINT('',(-16.0000000000015,19.4200000003631,2.49999997615815));
#7876=CARTESIAN_POINT('',(-19.4200000003631,15.9999999999993,2.49999997615815));
#7877=CARTESIAN_POINT('',(-19.4200000003631,-16.0000000000015,2.49999997615815));
#7878=CARTESIAN_POINT('',(-15.9999999999993,-19.4200000003631,2.49999997615815));
#7879=CARTESIAN_POINT('',(16.0000000000015,-19.4200000003631,0.899999976158139));
#7880=CARTESIAN_POINT('',(19.4200000003631,-15.9999999999993,0.899999976158138));
#7881=CARTESIAN_POINT('',(19.4200000003631,16.0000000000015,0.899999976158138));
#7882=CARTESIAN_POINT('',(15.9999999999993,19.4200000003631,0.899999976158138));
#7883=CARTESIAN_POINT('',(-16.0000000000015,19.4200000003631,0.899999976158146));
#7884=CARTESIAN_POINT('',(-19.4200000003631,15.9999999999993,0.899999976158146));
#7885=CARTESIAN_POINT('',(-19.4200000003631,-16.0000000000015,0.899999976158146));
#7886=CARTESIAN_POINT('',(-15.9999999999993,-19.4200000003631,0.899999976158146));
#7887=CARTESIAN_POINT('',(16.,-19.5,2.41999997615814));
#7888=CARTESIAN_POINT('',(19.5,-19.5,2.41999997615814));
#7889=CARTESIAN_POINT('',(19.5,-16.,2.41999997615814));
#7890=CARTESIAN_POINT('',(16.,-19.5,0.979999976158139));
#7891=CARTESIAN_POINT('',(19.5,-19.5,0.979999976158138));
#7892=CARTESIAN_POINT('',(19.5,-16.,0.979999976158138));
#7893=CARTESIAN_POINT('',(19.5,-16.,0.979999976158138));
#7894=CARTESIAN_POINT('',(19.5,-16.,2.41999997615814));
#7895=CARTESIAN_POINT('',(16.,-19.5,0.979999976158139));
#7896=CARTESIAN_POINT('',(16.,-19.5,2.41999997615814));
#7897=CARTESIAN_POINT('',(19.5,-16.,2.41999997615814));
#7898=CARTESIAN_POINT('',(19.5,16.,2.41999997615814));
#7899=CARTESIAN_POINT('',(19.5,16.,0.979999976158138));
#7900=CARTESIAN_POINT('',(19.5,16.,2.41999997615814));
#7901=CARTESIAN_POINT('',(19.5,-16.,0.979999976158138));
#7902=CARTESIAN_POINT('',(19.5,16.,0.979999976158138));
#7903=CARTESIAN_POINT('',(19.5,16.,2.41999997615814));
#7904=CARTESIAN_POINT('',(19.5,19.5,2.41999997615814));
#7905=CARTESIAN_POINT('',(16.,19.5,2.41999997615814));
#7906=CARTESIAN_POINT('',(19.5,16.,0.979999976158138));
#7907=CARTESIAN_POINT('',(19.5,19.5,0.979999976158137));
#7908=CARTESIAN_POINT('',(16.,19.5,0.979999976158138));
#7909=CARTESIAN_POINT('',(16.,19.5,0.979999976158138));
#7910=CARTESIAN_POINT('',(16.,19.5,2.41999997615814));
#7911=CARTESIAN_POINT('',(16.,19.5,2.41999997615814));
#7912=CARTESIAN_POINT('',(-16.,19.5,2.41999997615815));
#7913=CARTESIAN_POINT('',(-16.,19.5,0.979999976158146));
#7914=CARTESIAN_POINT('',(-16.,19.5,2.41999997615815));
#7915=CARTESIAN_POINT('',(16.,19.5,0.979999976158138));
#7916=CARTESIAN_POINT('',(-16.,19.5,0.979999976158146));
#7917=CARTESIAN_POINT('',(-16.,19.5,2.41999997615815));
#7918=CARTESIAN_POINT('',(-19.5,19.5,2.41999997615815));
#7919=CARTESIAN_POINT('',(-19.5,16.,2.41999997615815));
#7920=CARTESIAN_POINT('',(-16.,19.5,0.979999976158146));
#7921=CARTESIAN_POINT('',(-19.5,19.5,0.979999976158146));
#7922=CARTESIAN_POINT('',(-19.5,16.,0.979999976158146));
#7923=CARTESIAN_POINT('',(-19.5,16.,0.979999976158146));
#7924=CARTESIAN_POINT('',(-19.5,16.,2.41999997615815));
#7925=CARTESIAN_POINT('',(-19.5,16.,2.41999997615815));
#7926=CARTESIAN_POINT('',(-19.5,-16.,2.41999997615815));
#7927=CARTESIAN_POINT('',(-19.5,-16.,0.979999976158146));
#7928=CARTESIAN_POINT('',(-19.5,-16.,2.41999997615815));
#7929=CARTESIAN_POINT('',(-19.5,16.,0.979999976158146));
#7930=CARTESIAN_POINT('',(-19.5,-16.,0.979999976158146));
#7931=CARTESIAN_POINT('',(-19.5,-16.,2.41999997615815));
#7932=CARTESIAN_POINT('',(-19.5,-19.5,2.41999997615815));
#7933=CARTESIAN_POINT('',(-16.,-19.5,2.41999997615815));
#7934=CARTESIAN_POINT('',(-19.5,-16.,0.979999976158146));
#7935=CARTESIAN_POINT('',(-19.5,-19.4999999999999,0.979999976158147));
#7936=CARTESIAN_POINT('',(-16.,-19.5,0.979999976158146));
#7937=CARTESIAN_POINT('',(-16.,-19.5,0.979999976158146));
#7938=CARTESIAN_POINT('',(-16.,-19.5,2.41999997615815));
#7939=CARTESIAN_POINT('',(-16.,-19.5,2.41999997615815));
#7940=CARTESIAN_POINT('',(16.,-19.5,2.41999997615814));
#7941=CARTESIAN_POINT('',(-16.,-19.5,0.979999976158146));
#7942=CARTESIAN_POINT('',(16.,-19.5,0.979999976158139));
#7943=CARTESIAN_POINT('',(16.0000000000015,-19.4200000003631,2.49999997615814));
#7944=CARTESIAN_POINT('',(19.4200000007293,-19.4200000007247,2.49999997615814));
#7945=CARTESIAN_POINT('',(19.4200000007262,-15.9999999999969,2.49999997615814));
#7946=CARTESIAN_POINT('',(19.4200000003631,-15.9999999999993,2.49999997615814));
#7947=CARTESIAN_POINT('',(19.5000000001816,-15.9999999999996,2.49999997615814));
#7948=CARTESIAN_POINT('',(19.5,-16.,2.41999997615814));
#7949=CARTESIAN_POINT('',(16.,-19.5,2.41999997615814));
#7950=CARTESIAN_POINT('',(16.0000000000008,-19.5000000001816,2.49999997615814));
#7951=CARTESIAN_POINT('',(16.0000000000015,-19.4200000003631,2.49999997615814));
#7952=CARTESIAN_POINT('',(19.4200000003631,-15.9999999999993,2.49999997615814));
#7953=CARTESIAN_POINT('',(19.4200000003631,16.0000000000015,2.49999997615814));
#7954=CARTESIAN_POINT('',(19.5,16.,2.41999997615814));
#7955=CARTESIAN_POINT('',(19.5000000001816,16.0000000000008,2.49999997615814));
#7956=CARTESIAN_POINT('',(19.4200000003631,16.0000000000015,2.49999997615814));
#7957=CARTESIAN_POINT('',(19.4200000003631,16.0000000000015,2.49999997615814));
#7958=CARTESIAN_POINT('',(19.4200000007247,19.4200000007293,2.49999997615814));
#7959=CARTESIAN_POINT('',(15.9999999999969,19.4200000007262,2.49999997615814));
#7960=CARTESIAN_POINT('',(15.9999999999993,19.4200000003631,2.49999997615814));
#7961=CARTESIAN_POINT('',(15.9999999999995,19.5000000001816,2.49999997615814));
#7962=CARTESIAN_POINT('',(16.,19.5,2.41999997615814));
#7963=CARTESIAN_POINT('',(15.9999999999993,19.4200000003631,2.49999997615814));
#7964=CARTESIAN_POINT('',(-16.0000000000015,19.4200000003631,2.49999997615815));
#7965=CARTESIAN_POINT('',(-16.,19.5,2.41999997615815));
#7966=CARTESIAN_POINT('',(-16.0000000000009,19.5000000001816,2.49999997615815));
#7967=CARTESIAN_POINT('',(-16.0000000000015,19.4200000003631,2.49999997615815));
#7968=CARTESIAN_POINT('',(-16.0000000000015,19.4200000003631,2.49999997615815));
#7969=CARTESIAN_POINT('',(-19.4200000007293,19.4200000007247,2.49999997615815));
#7970=CARTESIAN_POINT('',(-19.4200000007262,15.9999999999969,2.49999997615815));
#7971=CARTESIAN_POINT('',(-19.4200000003631,15.9999999999993,2.49999997615815));
#7972=CARTESIAN_POINT('',(-19.5000000001816,15.9999999999996,2.49999997615815));
#7973=CARTESIAN_POINT('',(-19.5,16.,2.41999997615815));
#7974=CARTESIAN_POINT('',(-19.4200000003631,15.9999999999993,2.49999997615815));
#7975=CARTESIAN_POINT('',(-19.4200000003631,-16.0000000000015,2.49999997615815));
#7976=CARTESIAN_POINT('',(-19.5,-16.,2.41999997615815));
#7977=CARTESIAN_POINT('',(-19.5000000001816,-16.0000000000008,2.49999997615815));
#7978=CARTESIAN_POINT('',(-19.4200000003631,-16.0000000000015,2.49999997615815));
#7979=CARTESIAN_POINT('',(-19.4200000003631,-16.0000000000015,2.49999997615815));
#7980=CARTESIAN_POINT('',(-19.4200000007247,-19.4200000007293,2.49999997615815));
#7981=CARTESIAN_POINT('',(-15.9999999999969,-19.4200000007262,2.49999997615815));
#7982=CARTESIAN_POINT('',(-15.9999999999993,-19.4200000003631,2.49999997615815));
#7983=CARTESIAN_POINT('',(-15.9999999999996,-19.5000000001816,2.49999997615815));
#7984=CARTESIAN_POINT('',(-16.,-19.5,2.41999997615815));
#7985=CARTESIAN_POINT('',(-15.9999999999993,-19.4200000003631,2.49999997615815));
#7986=CARTESIAN_POINT('',(16.0000000000015,-19.4200000003631,2.49999997615814));
#7987=CARTESIAN_POINT('',(19.5,-16.,0.979999976158138));
#7988=CARTESIAN_POINT('',(19.5000000005447,-16.0000000000012,0.899999976158135));
#7989=CARTESIAN_POINT('',(19.4200000003631,-15.9999999999993,0.899999976158138));
#7990=CARTESIAN_POINT('',(16.0000000000015,-19.4200000003631,0.899999976158139));
#7991=CARTESIAN_POINT('',(19.4200000007293,-19.4200000007247,0.899999976158139));
#7992=CARTESIAN_POINT('',(19.4200000007262,-15.9999999999969,0.899999976158139));
#7993=CARTESIAN_POINT('',(16.0000000000015,-19.4200000003631,0.899999976158139));
#7994=CARTESIAN_POINT('',(15.9999999999992,-19.5000000005447,0.899999976158136));
#7995=CARTESIAN_POINT('',(16.,-19.5,0.979999976158139));
#7996=CARTESIAN_POINT('',(19.4200000003631,-15.9999999999993,0.899999976158138));
#7997=CARTESIAN_POINT('',(19.4200000003631,16.0000000000015,0.899999976158138));
#7998=CARTESIAN_POINT('',(19.4200000003631,16.0000000000015,0.899999976158138));
#7999=CARTESIAN_POINT('',(19.5000000005447,15.9999999999992,0.899999976158135));
#8000=CARTESIAN_POINT('',(19.5,16.,0.979999976158138));
#8001=CARTESIAN_POINT('',(16.,19.5,0.979999976158138));
#8002=CARTESIAN_POINT('',(16.0000000000012,19.5000000005447,0.899999976158136));
#8003=CARTESIAN_POINT('',(15.9999999999993,19.4200000003631,0.899999976158138));
#8004=CARTESIAN_POINT('',(19.4200000003631,16.0000000000015,0.899999976158138));
#8005=CARTESIAN_POINT('',(19.4200000007247,19.4200000007293,0.899999976158138));
#8006=CARTESIAN_POINT('',(15.9999999999969,19.4200000007262,0.899999976158138));
#8007=CARTESIAN_POINT('',(15.9999999999993,19.4200000003631,0.899999976158138));
#8008=CARTESIAN_POINT('',(-16.0000000000015,19.4200000003631,0.899999976158146));
#8009=CARTESIAN_POINT('',(-16.0000000000015,19.4200000003631,0.899999976158146));
#8010=CARTESIAN_POINT('',(-15.9999999999992,19.5000000005447,0.899999976158148));
#8011=CARTESIAN_POINT('',(-16.,19.5,0.979999976158146));
#8012=CARTESIAN_POINT('',(-19.5,16.,0.979999976158146));
#8013=CARTESIAN_POINT('',(-19.5000000005447,16.0000000000012,0.899999976158148));
#8014=CARTESIAN_POINT('',(-19.4200000003631,15.9999999999993,0.899999976158146));
#8015=CARTESIAN_POINT('',(-16.0000000000015,19.4200000003631,0.899999976158146));
#8016=CARTESIAN_POINT('',(-19.4200000007293,19.4200000007247,0.899999976158146));
#8017=CARTESIAN_POINT('',(-19.4200000007262,15.9999999999969,0.899999976158145));
#8018=CARTESIAN_POINT('',(-19.4200000003631,15.9999999999993,0.899999976158146));
#8019=CARTESIAN_POINT('',(-19.4200000003631,-16.0000000000015,0.899999976158146));
#8020=CARTESIAN_POINT('',(-19.4200000003631,-16.0000000000015,0.899999976158146));
#8021=CARTESIAN_POINT('',(-19.5000000005446,-15.9999999999992,0.899999976158149));
#8022=CARTESIAN_POINT('',(-19.5,-16.,0.979999976158146));
#8023=CARTESIAN_POINT('',(-16.,-19.5,0.979999976158146));
#8024=CARTESIAN_POINT('',(-16.0000000000012,-19.5000000005446,0.899999976158148));
#8025=CARTESIAN_POINT('',(-15.9999999999993,-19.4200000003631,0.899999976158146));
#8026=CARTESIAN_POINT('',(-19.4200000003631,-16.0000000000015,0.899999976158146));
#8027=CARTESIAN_POINT('',(-19.4200000007247,-19.4200000007293,0.899999976158147));
#8028=CARTESIAN_POINT('',(-15.9999999999969,-19.4200000007262,0.899999976158146));
#8029=CARTESIAN_POINT('',(-15.9999999999993,-19.4200000003631,0.899999976158146));
#8030=CARTESIAN_POINT('',(16.0000000000015,-19.4200000003631,0.899999976158139));
#8031=CARTESIAN_POINT('',(17.,-17.,8.49999997615814));
#8032=CARTESIAN_POINT('',(17.,-17.,8.49999997615814));
#8033=CARTESIAN_POINT('',(19.,-17.,0.899999976158137));
#8034=CARTESIAN_POINT('',(19.,-17.,2.49999997615814));
#8035=CARTESIAN_POINT('',(15.,-17.,0.899999976158137));
#8036=CARTESIAN_POINT('',(15.,-17.,2.49999997615814));
#8037=CARTESIAN_POINT('',(19.,-17.,0.899999976158137));
#8038=CARTESIAN_POINT('',(19.,-19.,0.899999976158137));
#8039=CARTESIAN_POINT('',(17.,-19.,0.899999976158137));
#8040=CARTESIAN_POINT('',(15.,-19.,0.899999976158137));
#8041=CARTESIAN_POINT('',(15.,-17.,0.899999976158137));
#8042=CARTESIAN_POINT('',(19.,-17.,2.49999997615814));
#8043=CARTESIAN_POINT('',(19.,-19.,2.49999997615814));
#8044=CARTESIAN_POINT('',(17.,-19.,2.49999997615814));
#8045=CARTESIAN_POINT('',(15.,-19.,2.49999997615814));
#8046=CARTESIAN_POINT('',(15.,-17.,2.49999997615814));
#8047=CARTESIAN_POINT('',(19.,-17.,0.899999976158137));
#8048=CARTESIAN_POINT('',(19.,-17.,2.49999997615814));
#8049=CARTESIAN_POINT('',(15.,-17.,0.899999976158136));
#8050=CARTESIAN_POINT('',(15.,-17.,2.49999997615814));
#8051=CARTESIAN_POINT('',(15.,-17.,0.899999976158137));
#8052=CARTESIAN_POINT('',(15.,-15.,0.899999976158137));
#8053=CARTESIAN_POINT('',(17.,-15.,0.899999976158137));
#8054=CARTESIAN_POINT('',(19.,-15.,0.899999976158137));
#8055=CARTESIAN_POINT('',(19.,-17.,0.899999976158137));
#8056=CARTESIAN_POINT('',(15.,-17.,2.49999997615814));
#8057=CARTESIAN_POINT('',(15.,-15.,2.49999997615814));
#8058=CARTESIAN_POINT('',(17.,-15.,2.49999997615814));
#8059=CARTESIAN_POINT('',(19.,-15.,2.49999997615814));
#8060=CARTESIAN_POINT('',(19.,-17.,2.49999997615814));
#8061=CARTESIAN_POINT('',(17.,17.,8.49999997615814));
#8062=CARTESIAN_POINT('',(17.,17.,8.49999997615814));
#8063=CARTESIAN_POINT('',(19.,17.,0.899999976158137));
#8064=CARTESIAN_POINT('',(19.,17.,2.49999997615814));
#8065=CARTESIAN_POINT('',(15.,17.,0.899999976158137));
#8066=CARTESIAN_POINT('',(15.,17.,2.49999997615814));
#8067=CARTESIAN_POINT('',(19.,17.,0.899999976158137));
#8068=CARTESIAN_POINT('',(19.,15.,0.899999976158137));
#8069=CARTESIAN_POINT('',(17.,15.,0.899999976158137));
#8070=CARTESIAN_POINT('',(15.,15.,0.899999976158137));
#8071=CARTESIAN_POINT('',(15.,17.,0.899999976158137));
#8072=CARTESIAN_POINT('',(19.,17.,2.49999997615814));
#8073=CARTESIAN_POINT('',(19.,15.,2.49999997615814));
#8074=CARTESIAN_POINT('',(17.,15.,2.49999997615814));
#8075=CARTESIAN_POINT('',(15.,15.,2.49999997615814));
#8076=CARTESIAN_POINT('',(15.,17.,2.49999997615814));
#8077=CARTESIAN_POINT('',(19.,17.,0.899999976158137));
#8078=CARTESIAN_POINT('',(19.,17.,2.49999997615814));
#8079=CARTESIAN_POINT('',(15.,17.,0.899999976158136));
#8080=CARTESIAN_POINT('',(15.,17.,2.49999997615814));
#8081=CARTESIAN_POINT('',(15.,17.,0.899999976158137));
#8082=CARTESIAN_POINT('',(15.,19.,0.899999976158137));
#8083=CARTESIAN_POINT('',(17.,19.,0.899999976158137));
#8084=CARTESIAN_POINT('',(19.,19.,0.899999976158137));
#8085=CARTESIAN_POINT('',(19.,17.,0.899999976158137));
#8086=CARTESIAN_POINT('',(15.,17.,2.49999997615814));
#8087=CARTESIAN_POINT('',(15.,19.,2.49999997615814));
#8088=CARTESIAN_POINT('',(17.,19.,2.49999997615814));
#8089=CARTESIAN_POINT('',(19.,19.,2.49999997615814));
#8090=CARTESIAN_POINT('',(19.,17.,2.49999997615814));
#8091=CARTESIAN_POINT('',(10.,1.77635683940025E-15,8.49999997615814));
#8092=CARTESIAN_POINT('',(10.,-1.77635683940025E-15,8.49999997615814));
#8093=CARTESIAN_POINT('',(12.,0.,0.899999976158139));
#8094=CARTESIAN_POINT('',(12.,0.,2.49999997615814));
#8095=CARTESIAN_POINT('',(8.,0.,0.899999976158139));
#8096=CARTESIAN_POINT('',(8.,0.,2.49999997615814));
#8097=CARTESIAN_POINT('',(12.,0.,0.899999976158139));
#8098=CARTESIAN_POINT('',(12.,-2.,0.89999997615814));
#8099=CARTESIAN_POINT('',(10.,-2.,0.899999976158139));
#8100=CARTESIAN_POINT('',(8.,-2.,0.89999997615814));
#8101=CARTESIAN_POINT('',(8.,0.,0.899999976158139));
#8102=CARTESIAN_POINT('',(12.,0.,2.49999997615814));
#8103=CARTESIAN_POINT('',(12.,-2.,2.49999997615814));
#8104=CARTESIAN_POINT('',(10.,-2.,2.49999997615814));
#8105=CARTESIAN_POINT('',(8.,-2.,2.49999997615814));
#8106=CARTESIAN_POINT('',(8.,0.,2.49999997615814));
#8107=CARTESIAN_POINT('',(12.,0.,0.899999976158139));
#8108=CARTESIAN_POINT('',(12.,0.,2.49999997615814));
#8109=CARTESIAN_POINT('',(8.,0.,0.899999976158139));
#8110=CARTESIAN_POINT('',(8.,0.,2.49999997615814));
#8111=CARTESIAN_POINT('',(8.,0.,0.899999976158139));
#8112=CARTESIAN_POINT('',(8.,2.,0.89999997615814));
#8113=CARTESIAN_POINT('',(10.,2.,0.899999976158139));
#8114=CARTESIAN_POINT('',(12.,2.,0.89999997615814));
#8115=CARTESIAN_POINT('',(12.,0.,0.899999976158139));
#8116=CARTESIAN_POINT('',(8.,0.,2.49999997615814));
#8117=CARTESIAN_POINT('',(8.,2.,2.49999997615814));
#8118=CARTESIAN_POINT('',(10.,2.,2.49999997615814));
#8119=CARTESIAN_POINT('',(12.,2.,2.49999997615814));
#8120=CARTESIAN_POINT('',(12.,0.,2.49999997615814));
#8121=CARTESIAN_POINT('',(-17.,-17.,8.49999997615814));
#8122=CARTESIAN_POINT('',(-17.,-17.,8.49999997615814));
#8123=CARTESIAN_POINT('',(-15.,-17.,0.899999976158146));
#8124=CARTESIAN_POINT('',(-15.,-17.,2.49999997615815));
#8125=CARTESIAN_POINT('',(-19.,-17.,0.899999976158145));
#8126=CARTESIAN_POINT('',(-19.,-17.,2.49999997615815));
#8127=CARTESIAN_POINT('',(-15.,-17.,0.899999976158145));
#8128=CARTESIAN_POINT('',(-15.,-19.,0.899999976158145));
#8129=CARTESIAN_POINT('',(-17.,-19.,0.899999976158145));
#8130=CARTESIAN_POINT('',(-19.,-19.,0.899999976158145));
#8131=CARTESIAN_POINT('',(-19.,-17.,0.899999976158145));
#8132=CARTESIAN_POINT('',(-15.,-17.,2.49999997615815));
#8133=CARTESIAN_POINT('',(-15.,-19.,2.49999997615815));
#8134=CARTESIAN_POINT('',(-17.,-19.,2.49999997615815));
#8135=CARTESIAN_POINT('',(-19.,-19.,2.49999997615815));
#8136=CARTESIAN_POINT('',(-19.,-17.,2.49999997615815));
#8137=CARTESIAN_POINT('',(-15.,-17.,0.899999976158146));
#8138=CARTESIAN_POINT('',(-15.,-17.,2.49999997615815));
#8139=CARTESIAN_POINT('',(-19.,-17.,0.899999976158148));
#8140=CARTESIAN_POINT('',(-19.,-17.,2.49999997615815));
#8141=CARTESIAN_POINT('',(-19.,-17.,0.899999976158145));
#8142=CARTESIAN_POINT('',(-19.,-15.,0.899999976158145));
#8143=CARTESIAN_POINT('',(-17.,-15.,0.899999976158145));
#8144=CARTESIAN_POINT('',(-15.,-15.,0.899999976158145));
#8145=CARTESIAN_POINT('',(-15.,-17.,0.899999976158145));
#8146=CARTESIAN_POINT('',(-19.,-17.,2.49999997615815));
#8147=CARTESIAN_POINT('',(-19.,-15.,2.49999997615815));
#8148=CARTESIAN_POINT('',(-17.,-15.,2.49999997615815));
#8149=CARTESIAN_POINT('',(-15.,-15.,2.49999997615815));
#8150=CARTESIAN_POINT('',(-15.,-17.,2.49999997615815));
#8151=CARTESIAN_POINT('',(-10.,1.77635683940025E-15,8.49999997615814));
#8152=CARTESIAN_POINT('',(-10.,-1.77635683940025E-15,8.49999997615814));
#8153=CARTESIAN_POINT('',(-8.,0.,0.899999976158144));
#8154=CARTESIAN_POINT('',(-8.,0.,2.49999997615814));
#8155=CARTESIAN_POINT('',(-12.,0.,0.899999976158144));
#8156=CARTESIAN_POINT('',(-12.,0.,2.49999997615815));
#8157=CARTESIAN_POINT('',(-8.,0.,0.899999976158144));
#8158=CARTESIAN_POINT('',(-8.,-2.,0.899999976158144));
#8159=CARTESIAN_POINT('',(-10.,-2.,0.899999976158144));
#8160=CARTESIAN_POINT('',(-12.,-2.,0.899999976158144));
#8161=CARTESIAN_POINT('',(-12.,0.,0.899999976158144));
#8162=CARTESIAN_POINT('',(-8.,0.,2.49999997615815));
#8163=CARTESIAN_POINT('',(-8.,-2.,2.49999997615815));
#8164=CARTESIAN_POINT('',(-10.,-2.,2.49999997615815));
#8165=CARTESIAN_POINT('',(-12.,-2.,2.49999997615815));
#8166=CARTESIAN_POINT('',(-12.,0.,2.49999997615815));
#8167=CARTESIAN_POINT('',(-8.,0.,0.899999976158144));
#8168=CARTESIAN_POINT('',(-8.,0.,2.49999997615814));
#8169=CARTESIAN_POINT('',(-12.,0.,0.899999976158143));
#8170=CARTESIAN_POINT('',(-12.,0.,2.49999997615814));
#8171=CARTESIAN_POINT('',(-12.,0.,0.899999976158144));
#8172=CARTESIAN_POINT('',(-12.,2.,0.899999976158144));
#8173=CARTESIAN_POINT('',(-10.,2.,0.899999976158144));
#8174=CARTESIAN_POINT('',(-8.,2.,0.899999976158144));
#8175=CARTESIAN_POINT('',(-8.,0.,0.899999976158144));
#8176=CARTESIAN_POINT('',(-12.,0.,2.49999997615815));
#8177=CARTESIAN_POINT('',(-12.,2.,2.49999997615815));
#8178=CARTESIAN_POINT('',(-10.,2.,2.49999997615815));
#8179=CARTESIAN_POINT('',(-8.,2.,2.49999997615815));
#8180=CARTESIAN_POINT('',(-8.,0.,2.49999997615815));
#8181=CARTESIAN_POINT('',(-17.,17.,8.49999997615814));
#8182=CARTESIAN_POINT('',(-17.,17.,8.49999997615814));
#8183=CARTESIAN_POINT('',(-15.,17.,0.899999976158146));
#8184=CARTESIAN_POINT('',(-15.,17.,2.49999997615815));
#8185=CARTESIAN_POINT('',(-19.,17.,0.899999976158145));
#8186=CARTESIAN_POINT('',(-19.,17.,2.49999997615815));
#8187=CARTESIAN_POINT('',(-15.,17.,0.899999976158145));
#8188=CARTESIAN_POINT('',(-15.,15.,0.899999976158145));
#8189=CARTESIAN_POINT('',(-17.,15.,0.899999976158145));
#8190=CARTESIAN_POINT('',(-19.,15.,0.899999976158145));
#8191=CARTESIAN_POINT('',(-19.,17.,0.899999976158145));
#8192=CARTESIAN_POINT('',(-15.,17.,2.49999997615815));
#8193=CARTESIAN_POINT('',(-15.,15.,2.49999997615815));
#8194=CARTESIAN_POINT('',(-17.,15.,2.49999997615815));
#8195=CARTESIAN_POINT('',(-19.,15.,2.49999997615815));
#8196=CARTESIAN_POINT('',(-19.,17.,2.49999997615815));
#8197=CARTESIAN_POINT('',(-15.,17.,0.899999976158146));
#8198=CARTESIAN_POINT('',(-15.,17.,2.49999997615815));
#8199=CARTESIAN_POINT('',(-19.,17.,0.899999976158149));
#8200=CARTESIAN_POINT('',(-19.,17.,2.49999997615815));
#8201=CARTESIAN_POINT('',(-19.,17.,0.899999976158145));
#8202=CARTESIAN_POINT('',(-19.,19.,0.899999976158145));
#8203=CARTESIAN_POINT('',(-17.,19.,0.899999976158145));
#8204=CARTESIAN_POINT('',(-15.,19.,0.899999976158145));
#8205=CARTESIAN_POINT('',(-15.,17.,0.899999976158145));
#8206=CARTESIAN_POINT('',(-19.,17.,2.49999997615815));
#8207=CARTESIAN_POINT('',(-19.,19.,2.49999997615815));
#8208=CARTESIAN_POINT('',(-17.,19.,2.49999997615815));
#8209=CARTESIAN_POINT('',(-15.,19.,2.49999997615815));
#8210=CARTESIAN_POINT('',(-15.,17.,2.49999997615815));
#8211=CARTESIAN_POINT('',(10.,-3.5,7.00203528626808));
#8212=CARTESIAN_POINT('',(10.,-3.5,7.00203528626808));
#8213=CARTESIAN_POINT('',(10.755,-3.50000000000001,0.89999997615814));
#8214=CARTESIAN_POINT('',(10.755,-3.5,2.49999997615814));
#8215=CARTESIAN_POINT('',(9.245,-3.5,0.899999976158139));
#8216=CARTESIAN_POINT('',(9.245,-3.5,2.49999997615814));
#8217=CARTESIAN_POINT('',(10.755,-3.5,0.899999976158139));
#8218=CARTESIAN_POINT('',(10.755,-4.255,0.899999976158139));
#8219=CARTESIAN_POINT('',(10.,-4.255,0.899999976158139));
#8220=CARTESIAN_POINT('',(9.245,-4.255,0.899999976158139));
#8221=CARTESIAN_POINT('',(9.245,-3.5,0.899999976158139));
#8222=CARTESIAN_POINT('',(10.755,-3.5,2.49999997615814));
#8223=CARTESIAN_POINT('',(10.755,-4.255,2.49999997615814));
#8224=CARTESIAN_POINT('',(10.,-4.255,2.49999997615814));
#8225=CARTESIAN_POINT('',(9.245,-4.255,2.49999997615814));
#8226=CARTESIAN_POINT('',(9.245,-3.5,2.49999997615814));
#8227=CARTESIAN_POINT('',(10.755,-3.50000000000001,0.89999997615814));
#8228=CARTESIAN_POINT('',(10.755,-3.5,2.49999997615814));
#8229=CARTESIAN_POINT('',(9.245,-3.5,0.899999976158141));
#8230=CARTESIAN_POINT('',(9.245,-3.5,2.49999997615814));
#8231=CARTESIAN_POINT('',(9.245,-3.5,0.899999976158139));
#8232=CARTESIAN_POINT('',(9.245,-2.745,0.899999976158139));
#8233=CARTESIAN_POINT('',(10.,-2.745,0.899999976158139));
#8234=CARTESIAN_POINT('',(10.755,-2.745,0.899999976158139));
#8235=CARTESIAN_POINT('',(10.755,-3.5,0.899999976158139));
#8236=CARTESIAN_POINT('',(9.245,-3.5,2.49999997615814));
#8237=CARTESIAN_POINT('',(9.245,-2.745,2.49999997615814));
#8238=CARTESIAN_POINT('',(10.,-2.745,2.49999997615814));
#8239=CARTESIAN_POINT('',(10.755,-2.745,2.49999997615814));
#8240=CARTESIAN_POINT('',(10.755,-3.5,2.49999997615814));
#8241=CARTESIAN_POINT('',(-10.,3.5,2.00203528626809));
#8242=CARTESIAN_POINT('',(-10.,3.5,2.00203528626809));
#8243=CARTESIAN_POINT('',(-9.245,3.5,0.899999976158144));
#8244=CARTESIAN_POINT('',(-9.245,3.5,2.49999997615815));
#8245=CARTESIAN_POINT('',(-10.755,3.5,0.899999976158144));
#8246=CARTESIAN_POINT('',(-10.755,3.5,2.49999997615815));
#8247=CARTESIAN_POINT('',(-9.245,3.5,0.899999976158144));
#8248=CARTESIAN_POINT('',(-9.245,2.745,0.899999976158144));
#8249=CARTESIAN_POINT('',(-10.,2.745,0.899999976158144));
#8250=CARTESIAN_POINT('',(-10.755,2.745,0.899999976158144));
#8251=CARTESIAN_POINT('',(-10.755,3.5,0.899999976158144));
#8252=CARTESIAN_POINT('',(-9.245,3.5,2.49999997615815));
#8253=CARTESIAN_POINT('',(-9.245,2.745,2.49999997615814));
#8254=CARTESIAN_POINT('',(-10.,2.745,2.49999997615815));
#8255=CARTESIAN_POINT('',(-10.755,2.745,2.49999997615814));
#8256=CARTESIAN_POINT('',(-10.755,3.5,2.49999997615815));
#8257=CARTESIAN_POINT('',(-9.245,3.5,0.899999976158144));
#8258=CARTESIAN_POINT('',(-9.245,3.5,2.49999997615815));
#8259=CARTESIAN_POINT('',(-10.755,3.5,0.899999976158145));
#8260=CARTESIAN_POINT('',(-10.755,3.5,2.49999997615815));
#8261=CARTESIAN_POINT('',(-10.755,3.5,0.899999976158144));
#8262=CARTESIAN_POINT('',(-10.755,4.255,0.899999976158144));
#8263=CARTESIAN_POINT('',(-10.,4.255,0.899999976158144));
#8264=CARTESIAN_POINT('',(-9.245,4.255,0.899999976158144));
#8265=CARTESIAN_POINT('',(-9.245,3.5,0.899999976158144));
#8266=CARTESIAN_POINT('',(-10.755,3.5,2.49999997615815));
#8267=CARTESIAN_POINT('',(-10.755,4.255,2.49999997615814));
#8268=CARTESIAN_POINT('',(-10.,4.255,2.49999997615815));
#8269=CARTESIAN_POINT('',(-9.245,4.255,2.49999997615814));
#8270=CARTESIAN_POINT('',(-9.245,3.5,2.49999997615815));
#8271=CARTESIAN_POINT('',(17.,-17.,1.69999997615814));
#8272=CARTESIAN_POINT('',(-24.375,-24.375,0.899999976158148));
#8273=CARTESIAN_POINT('',(-24.375,-24.375,2.49999997615815));
#8274=CARTESIAN_POINT('',(17.,-17.,8.49999997615814));
#8275=CARTESIAN_POINT('',(17.,-17.,1.69999997615814));
#8276=CARTESIAN_POINT('',(17.,-17.,8.49999997615814));
#8277=CARTESIAN_POINT('',(16.,-17.,0.899999976158139));
#8278=CARTESIAN_POINT('',(16.,-17.,2.49999997615814));
#8279=CARTESIAN_POINT('',(19.,-17.,0.899999976158137));
#8280=CARTESIAN_POINT('',(19.,-17.,2.49999997615814));
#8281=CARTESIAN_POINT('',(18.,-17.,0.899999976158138));
#8282=CARTESIAN_POINT('',(18.,-17.,2.49999997615814));
#8283=CARTESIAN_POINT('',(15.,-17.,0.899999976158137));
#8284=CARTESIAN_POINT('',(15.,-17.,2.49999997615814));
#8285=CARTESIAN_POINT('',(16.,-17.,0.899999976158139));
#8286=CARTESIAN_POINT('',(16.,-16.,0.899999976158139));
#8287=CARTESIAN_POINT('',(17.,-16.,0.899999976158138));
#8288=CARTESIAN_POINT('',(18.,-16.,0.899999976158138));
#8289=CARTESIAN_POINT('',(18.,-17.,0.899999976158138));
#8290=CARTESIAN_POINT('',(16.,-17.,0.899999976158139));
#8291=CARTESIAN_POINT('',(16.,-17.,2.49999997615814));
#8292=CARTESIAN_POINT('',(16.,-17.,2.49999997615814));
#8293=CARTESIAN_POINT('',(16.,-16.,2.49999997615814));
#8294=CARTESIAN_POINT('',(17.,-16.,2.49999997615814));
#8295=CARTESIAN_POINT('',(18.,-16.,2.49999997615814));
#8296=CARTESIAN_POINT('',(18.,-17.,2.49999997615814));
#8297=CARTESIAN_POINT('',(19.,-17.,0.899999976158137));
#8298=CARTESIAN_POINT('',(19.,-19.,0.899999976158137));
#8299=CARTESIAN_POINT('',(17.,-19.,0.899999976158137));
#8300=CARTESIAN_POINT('',(15.,-19.,0.899999976158137));
#8301=CARTESIAN_POINT('',(15.,-17.,0.899999976158137));
#8302=CARTESIAN_POINT('',(19.,-17.,2.49999997615814));
#8303=CARTESIAN_POINT('',(19.,-19.,2.49999997615814));
#8304=CARTESIAN_POINT('',(17.,-19.,2.49999997615814));
#8305=CARTESIAN_POINT('',(15.,-19.,2.49999997615814));
#8306=CARTESIAN_POINT('',(15.,-17.,2.49999997615814));
#8307=CARTESIAN_POINT('',(19.,-17.,0.899999976158137));
#8308=CARTESIAN_POINT('',(19.,-17.,2.49999997615814));
#8309=CARTESIAN_POINT('',(18.,-17.,0.899999976158138));
#8310=CARTESIAN_POINT('',(18.,-17.,2.49999997615814));
#8311=CARTESIAN_POINT('',(18.,-17.,0.899999976158138));
#8312=CARTESIAN_POINT('',(18.,-18.,0.899999976158138));
#8313=CARTESIAN_POINT('',(17.,-18.,0.899999976158138));
#8314=CARTESIAN_POINT('',(16.,-18.,0.899999976158139));
#8315=CARTESIAN_POINT('',(16.,-17.,0.899999976158139));
#8316=CARTESIAN_POINT('',(18.,-17.,2.49999997615814));
#8317=CARTESIAN_POINT('',(18.,-18.,2.49999997615814));
#8318=CARTESIAN_POINT('',(17.,-18.,2.49999997615814));
#8319=CARTESIAN_POINT('',(16.,-18.,2.49999997615814));
#8320=CARTESIAN_POINT('',(16.,-17.,2.49999997615814));
#8321=CARTESIAN_POINT('',(15.,-17.,0.899999976158136));
#8322=CARTESIAN_POINT('',(15.,-17.,2.49999997615814));
#8323=CARTESIAN_POINT('',(15.,-17.,0.899999976158137));
#8324=CARTESIAN_POINT('',(15.,-15.,0.899999976158137));
#8325=CARTESIAN_POINT('',(17.,-15.,0.899999976158137));
#8326=CARTESIAN_POINT('',(19.,-15.,0.899999976158137));
#8327=CARTESIAN_POINT('',(19.,-17.,0.899999976158137));
#8328=CARTESIAN_POINT('',(15.,-17.,2.49999997615814));
#8329=CARTESIAN_POINT('',(15.,-15.,2.49999997615814));
#8330=CARTESIAN_POINT('',(17.,-15.,2.49999997615814));
#8331=CARTESIAN_POINT('',(19.,-15.,2.49999997615814));
#8332=CARTESIAN_POINT('',(19.,-17.,2.49999997615814));
#8333=CARTESIAN_POINT('',(17.,17.,1.69999997615814));
#8334=CARTESIAN_POINT('',(-24.375,-24.375,0.899999976158148));
#8335=CARTESIAN_POINT('',(-24.375,-24.375,2.49999997615815));
#8336=CARTESIAN_POINT('',(17.,17.,8.49999997615814));
#8337=CARTESIAN_POINT('',(17.,17.,1.69999997615814));
#8338=CARTESIAN_POINT('',(17.,17.,8.49999997615814));
#8339=CARTESIAN_POINT('',(16.,17.,0.899999976158139));
#8340=CARTESIAN_POINT('',(16.,17.,2.49999997615814));
#8341=CARTESIAN_POINT('',(19.,17.,0.899999976158137));
#8342=CARTESIAN_POINT('',(19.,17.,2.49999997615814));
#8343=CARTESIAN_POINT('',(18.,17.,0.899999976158138));
#8344=CARTESIAN_POINT('',(18.,17.,2.49999997615814));
#8345=CARTESIAN_POINT('',(15.,17.,0.899999976158137));
#8346=CARTESIAN_POINT('',(15.,17.,2.49999997615814));
#8347=CARTESIAN_POINT('',(16.,17.,0.899999976158139));
#8348=CARTESIAN_POINT('',(16.,18.,0.899999976158139));
#8349=CARTESIAN_POINT('',(17.,18.,0.899999976158138));
#8350=CARTESIAN_POINT('',(18.,18.,0.899999976158138));
#8351=CARTESIAN_POINT('',(18.,17.,0.899999976158138));
#8352=CARTESIAN_POINT('',(16.,17.,0.899999976158139));
#8353=CARTESIAN_POINT('',(16.,17.,2.49999997615814));
#8354=CARTESIAN_POINT('',(16.,17.,2.49999997615814));
#8355=CARTESIAN_POINT('',(16.,18.,2.49999997615814));
#8356=CARTESIAN_POINT('',(17.,18.,2.49999997615814));
#8357=CARTESIAN_POINT('',(18.,18.,2.49999997615814));
#8358=CARTESIAN_POINT('',(18.,17.,2.49999997615814));
#8359=CARTESIAN_POINT('',(19.,17.,0.899999976158137));
#8360=CARTESIAN_POINT('',(19.,15.,0.899999976158137));
#8361=CARTESIAN_POINT('',(17.,15.,0.899999976158137));
#8362=CARTESIAN_POINT('',(15.,15.,0.899999976158137));
#8363=CARTESIAN_POINT('',(15.,17.,0.899999976158137));
#8364=CARTESIAN_POINT('',(19.,17.,2.49999997615814));
#8365=CARTESIAN_POINT('',(19.,15.,2.49999997615814));
#8366=CARTESIAN_POINT('',(17.,15.,2.49999997615814));
#8367=CARTESIAN_POINT('',(15.,15.,2.49999997615814));
#8368=CARTESIAN_POINT('',(15.,17.,2.49999997615814));
#8369=CARTESIAN_POINT('',(19.,17.,0.899999976158137));
#8370=CARTESIAN_POINT('',(19.,17.,2.49999997615814));
#8371=CARTESIAN_POINT('',(18.,17.,0.899999976158138));
#8372=CARTESIAN_POINT('',(18.,17.,2.49999997615814));
#8373=CARTESIAN_POINT('',(18.,17.,0.899999976158138));
#8374=CARTESIAN_POINT('',(18.,16.,0.899999976158138));
#8375=CARTESIAN_POINT('',(17.,16.,0.899999976158138));
#8376=CARTESIAN_POINT('',(16.,16.,0.899999976158139));
#8377=CARTESIAN_POINT('',(16.,17.,0.899999976158139));
#8378=CARTESIAN_POINT('',(18.,17.,2.49999997615814));
#8379=CARTESIAN_POINT('',(18.,16.,2.49999997615814));
#8380=CARTESIAN_POINT('',(17.,16.,2.49999997615814));
#8381=CARTESIAN_POINT('',(16.,16.,2.49999997615814));
#8382=CARTESIAN_POINT('',(16.,17.,2.49999997615814));
#8383=CARTESIAN_POINT('',(15.,17.,0.899999976158136));
#8384=CARTESIAN_POINT('',(15.,17.,2.49999997615814));
#8385=CARTESIAN_POINT('',(15.,17.,0.899999976158137));
#8386=CARTESIAN_POINT('',(15.,19.,0.899999976158137));
#8387=CARTESIAN_POINT('',(17.,19.,0.899999976158137));
#8388=CARTESIAN_POINT('',(19.,19.,0.899999976158137));
#8389=CARTESIAN_POINT('',(19.,17.,0.899999976158137));
#8390=CARTESIAN_POINT('',(15.,17.,2.49999997615814));
#8391=CARTESIAN_POINT('',(15.,19.,2.49999997615814));
#8392=CARTESIAN_POINT('',(17.,19.,2.49999997615814));
#8393=CARTESIAN_POINT('',(19.,19.,2.49999997615814));
#8394=CARTESIAN_POINT('',(19.,17.,2.49999997615814));
#8395=CARTESIAN_POINT('',(10.,0.,1.89999997615814));
#8396=CARTESIAN_POINT('',(-24.375,-24.375,0.899999976158148));
#8397=CARTESIAN_POINT('',(-24.375,-24.375,2.49999997615815));
#8398=CARTESIAN_POINT('',(10.,1.77635683940025E-15,8.49999997615814));
#8399=CARTESIAN_POINT('',(10.,0.,1.89999997615814));
#8400=CARTESIAN_POINT('',(10.,-1.77635683940025E-15,8.49999997615814));
#8401=CARTESIAN_POINT('',(11.,1.77635683940025E-15,0.899999976158139));
#8402=CARTESIAN_POINT('',(11.,1.77635683940025E-15,2.49999997615814));
#8403=CARTESIAN_POINT('',(12.,0.,0.899999976158139));
#8404=CARTESIAN_POINT('',(12.,0.,2.49999997615814));
#8405=CARTESIAN_POINT('',(9.,1.22464679914735E-16,0.89999997615814));
#8406=CARTESIAN_POINT('',(9.,1.22464679914735E-16,2.49999997615814));
#8407=CARTESIAN_POINT('',(8.,0.,0.899999976158139));
#8408=CARTESIAN_POINT('',(8.,0.,2.49999997615814));
#8409=CARTESIAN_POINT('',(11.,0.,0.89999997615814));
#8410=CARTESIAN_POINT('',(11.,-1.,0.899999976158139));
#8411=CARTESIAN_POINT('',(10.,-1.,0.89999997615814));
#8412=CARTESIAN_POINT('',(9.,-1.,0.89999997615814));
#8413=CARTESIAN_POINT('',(9.,1.22464679914735E-16,0.89999997615814));
#8414=CARTESIAN_POINT('',(11.,0.,2.49999997615814));
#8415=CARTESIAN_POINT('',(11.,-1.,2.49999997615814));
#8416=CARTESIAN_POINT('',(10.,-1.,2.49999997615814));
#8417=CARTESIAN_POINT('',(9.,-1.,2.49999997615814));
#8418=CARTESIAN_POINT('',(9.,1.22464679914735E-16,2.49999997615814));
#8419=CARTESIAN_POINT('',(11.,1.77635683940025E-15,0.899999976158139));
#8420=CARTESIAN_POINT('',(11.,1.77635683940025E-15,2.49999997615814));
#8421=CARTESIAN_POINT('',(12.,0.,0.899999976158139));
#8422=CARTESIAN_POINT('',(12.,-2.,0.89999997615814));
#8423=CARTESIAN_POINT('',(10.,-2.,0.899999976158139));
#8424=CARTESIAN_POINT('',(8.,-2.,0.89999997615814));
#8425=CARTESIAN_POINT('',(8.,0.,0.899999976158139));
#8426=CARTESIAN_POINT('',(12.,0.,2.49999997615814));
#8427=CARTESIAN_POINT('',(12.,-2.,2.49999997615814));
#8428=CARTESIAN_POINT('',(10.,-2.,2.49999997615814));
#8429=CARTESIAN_POINT('',(8.,-2.,2.49999997615814));
#8430=CARTESIAN_POINT('',(8.,0.,2.49999997615814));
#8431=CARTESIAN_POINT('',(12.,0.,0.899999976158139));
#8432=CARTESIAN_POINT('',(12.,0.,2.49999997615814));
#8433=CARTESIAN_POINT('',(9.,1.22464679914735E-16,0.89999997615814));
#8434=CARTESIAN_POINT('',(9.,1.22464679914735E-16,2.49999997615814));
#8435=CARTESIAN_POINT('',(9.,1.22464679914735E-16,0.89999997615814));
#8436=CARTESIAN_POINT('',(9.,1.,0.89999997615814));
#8437=CARTESIAN_POINT('',(10.,1.,0.89999997615814));
#8438=CARTESIAN_POINT('',(11.,1.,0.899999976158139));
#8439=CARTESIAN_POINT('',(11.,0.,0.89999997615814));
#8440=CARTESIAN_POINT('',(9.,1.22464679914735E-16,2.49999997615814));
#8441=CARTESIAN_POINT('',(9.,1.,2.49999997615814));
#8442=CARTESIAN_POINT('',(10.,1.,2.49999997615814));
#8443=CARTESIAN_POINT('',(11.,1.,2.49999997615814));
#8444=CARTESIAN_POINT('',(11.,0.,2.49999997615814));
#8445=CARTESIAN_POINT('',(8.,0.,0.899999976158139));
#8446=CARTESIAN_POINT('',(8.,0.,2.49999997615814));
#8447=CARTESIAN_POINT('',(8.,0.,0.899999976158139));
#8448=CARTESIAN_POINT('',(8.,2.,0.89999997615814));
#8449=CARTESIAN_POINT('',(10.,2.,0.899999976158139));
#8450=CARTESIAN_POINT('',(12.,2.,0.89999997615814));
#8451=CARTESIAN_POINT('',(12.,0.,0.899999976158139));
#8452=CARTESIAN_POINT('',(8.,0.,2.49999997615814));
#8453=CARTESIAN_POINT('',(8.,2.,2.49999997615814));
#8454=CARTESIAN_POINT('',(10.,2.,2.49999997615814));
#8455=CARTESIAN_POINT('',(12.,2.,2.49999997615814));
#8456=CARTESIAN_POINT('',(12.,0.,2.49999997615814));
#8457=CARTESIAN_POINT('',(-17.,-17.,1.69999997615815));
#8458=CARTESIAN_POINT('',(-24.375,-24.375,0.899999976158148));
#8459=CARTESIAN_POINT('',(-24.375,-24.375,2.49999997615815));
#8460=CARTESIAN_POINT('',(-17.,-17.,8.49999997615814));
#8461=CARTESIAN_POINT('',(-17.,-17.,1.69999997615815));
#8462=CARTESIAN_POINT('',(-17.,-17.,8.49999997615814));
#8463=CARTESIAN_POINT('',(-18.,-17.,0.899999976158146));
#8464=CARTESIAN_POINT('',(-18.,-17.,2.49999997615815));
#8465=CARTESIAN_POINT('',(-15.,-17.,0.899999976158146));
#8466=CARTESIAN_POINT('',(-15.,-17.,2.49999997615815));
#8467=CARTESIAN_POINT('',(-16.,-17.,0.899999976158146));
#8468=CARTESIAN_POINT('',(-16.,-17.,2.49999997615815));
#8469=CARTESIAN_POINT('',(-19.,-17.,0.899999976158145));
#8470=CARTESIAN_POINT('',(-19.,-17.,2.49999997615815));
#8471=CARTESIAN_POINT('',(-18.,-17.,0.899999976158146));
#8472=CARTESIAN_POINT('',(-18.,-16.,0.899999976158146));
#8473=CARTESIAN_POINT('',(-17.,-16.,0.899999976158146));
#8474=CARTESIAN_POINT('',(-16.,-16.,0.899999976158146));
#8475=CARTESIAN_POINT('',(-16.,-17.,0.899999976158146));
#8476=CARTESIAN_POINT('',(-18.,-17.,0.899999976158146));
#8477=CARTESIAN_POINT('',(-18.,-17.,2.49999997615815));
#8478=CARTESIAN_POINT('',(-18.,-17.,2.49999997615815));
#8479=CARTESIAN_POINT('',(-18.,-16.,2.49999997615815));
#8480=CARTESIAN_POINT('',(-17.,-16.,2.49999997615815));
#8481=CARTESIAN_POINT('',(-16.,-16.,2.49999997615815));
#8482=CARTESIAN_POINT('',(-16.,-17.,2.49999997615815));
#8483=CARTESIAN_POINT('',(-15.,-17.,0.899999976158145));
#8484=CARTESIAN_POINT('',(-15.,-19.,0.899999976158145));
#8485=CARTESIAN_POINT('',(-17.,-19.,0.899999976158145));
#8486=CARTESIAN_POINT('',(-19.,-19.,0.899999976158145));
#8487=CARTESIAN_POINT('',(-19.,-17.,0.899999976158145));
#8488=CARTESIAN_POINT('',(-15.,-17.,2.49999997615815));
#8489=CARTESIAN_POINT('',(-15.,-19.,2.49999997615815));
#8490=CARTESIAN_POINT('',(-17.,-19.,2.49999997615815));
#8491=CARTESIAN_POINT('',(-19.,-19.,2.49999997615815));
#8492=CARTESIAN_POINT('',(-19.,-17.,2.49999997615815));
#8493=CARTESIAN_POINT('',(-15.,-17.,0.899999976158146));
#8494=CARTESIAN_POINT('',(-15.,-17.,2.49999997615815));
#8495=CARTESIAN_POINT('',(-16.,-17.,0.899999976158146));
#8496=CARTESIAN_POINT('',(-16.,-17.,2.49999997615815));
#8497=CARTESIAN_POINT('',(-16.,-17.,0.899999976158146));
#8498=CARTESIAN_POINT('',(-16.,-18.,0.899999976158146));
#8499=CARTESIAN_POINT('',(-17.,-18.,0.899999976158146));
#8500=CARTESIAN_POINT('',(-18.,-18.,0.899999976158146));
#8501=CARTESIAN_POINT('',(-18.,-17.,0.899999976158146));
#8502=CARTESIAN_POINT('',(-16.,-17.,2.49999997615815));
#8503=CARTESIAN_POINT('',(-16.,-18.,2.49999997615815));
#8504=CARTESIAN_POINT('',(-17.,-18.,2.49999997615815));
#8505=CARTESIAN_POINT('',(-18.,-18.,2.49999997615815));
#8506=CARTESIAN_POINT('',(-18.,-17.,2.49999997615815));
#8507=CARTESIAN_POINT('',(-19.,-17.,0.899999976158148));
#8508=CARTESIAN_POINT('',(-19.,-17.,2.49999997615815));
#8509=CARTESIAN_POINT('',(-19.,-17.,0.899999976158145));
#8510=CARTESIAN_POINT('',(-19.,-15.,0.899999976158145));
#8511=CARTESIAN_POINT('',(-17.,-15.,0.899999976158145));
#8512=CARTESIAN_POINT('',(-15.,-15.,0.899999976158145));
#8513=CARTESIAN_POINT('',(-15.,-17.,0.899999976158145));
#8514=CARTESIAN_POINT('',(-19.,-17.,2.49999997615815));
#8515=CARTESIAN_POINT('',(-19.,-15.,2.49999997615815));
#8516=CARTESIAN_POINT('',(-17.,-15.,2.49999997615815));
#8517=CARTESIAN_POINT('',(-15.,-15.,2.49999997615815));
#8518=CARTESIAN_POINT('',(-15.,-17.,2.49999997615815));
#8519=CARTESIAN_POINT('',(-10.,0.,1.89999997615814));
#8520=CARTESIAN_POINT('',(-24.375,-24.375,0.899999976158148));
#8521=CARTESIAN_POINT('',(-24.375,-24.375,2.49999997615815));
#8522=CARTESIAN_POINT('',(-10.,1.77635683940025E-15,8.49999997615814));
#8523=CARTESIAN_POINT('',(-10.,0.,1.89999997615814));
#8524=CARTESIAN_POINT('',(-10.,-1.77635683940025E-15,8.49999997615814));
#8525=CARTESIAN_POINT('',(-11.,1.77635683940025E-15,0.899999976158144));
#8526=CARTESIAN_POINT('',(-11.,0.,2.49999997615814));
#8527=CARTESIAN_POINT('',(-8.,0.,0.899999976158143));
#8528=CARTESIAN_POINT('',(-8.,0.,2.49999997615814));
#8529=CARTESIAN_POINT('',(-9.,1.22464679914735E-16,0.899999976158144));
#8530=CARTESIAN_POINT('',(-9.,1.22464679914735E-16,2.49999997615814));
#8531=CARTESIAN_POINT('',(-12.,0.,0.899999976158144));
#8532=CARTESIAN_POINT('',(-12.,0.,2.49999997615815));
#8533=CARTESIAN_POINT('',(-11.,0.,0.899999976158145));
#8534=CARTESIAN_POINT('',(-11.,1.,0.899999976158144));
#8535=CARTESIAN_POINT('',(-10.,1.,0.899999976158144));
#8536=CARTESIAN_POINT('',(-9.,1.,0.899999976158144));
#8537=CARTESIAN_POINT('',(-9.,1.22464679914735E-16,0.899999976158144));
#8538=CARTESIAN_POINT('',(-11.,0.,2.49999997615814));
#8539=CARTESIAN_POINT('',(-11.,1.,2.49999997615814));
#8540=CARTESIAN_POINT('',(-10.,1.,2.49999997615814));
#8541=CARTESIAN_POINT('',(-9.,1.,2.49999997615814));
#8542=CARTESIAN_POINT('',(-9.,1.22464679914735E-16,2.49999997615814));
#8543=CARTESIAN_POINT('',(-11.,1.77635683940025E-15,0.899999976158144));
#8544=CARTESIAN_POINT('',(-11.,0.,2.49999997615814));
#8545=CARTESIAN_POINT('',(-8.,0.,0.899999976158144));
#8546=CARTESIAN_POINT('',(-8.,-2.,0.899999976158144));
#8547=CARTESIAN_POINT('',(-10.,-2.,0.899999976158144));
#8548=CARTESIAN_POINT('',(-12.,-2.,0.899999976158144));
#8549=CARTESIAN_POINT('',(-12.,0.,0.899999976158144));
#8550=CARTESIAN_POINT('',(-8.,0.,2.49999997615815));
#8551=CARTESIAN_POINT('',(-8.,-2.,2.49999997615815));
#8552=CARTESIAN_POINT('',(-10.,-2.,2.49999997615815));
#8553=CARTESIAN_POINT('',(-12.,-2.,2.49999997615815));
#8554=CARTESIAN_POINT('',(-12.,0.,2.49999997615815));
#8555=CARTESIAN_POINT('',(-8.,0.,0.899999976158143));
#8556=CARTESIAN_POINT('',(-8.,0.,2.49999997615814));
#8557=CARTESIAN_POINT('',(-9.,1.22464679914735E-16,0.899999976158144));
#8558=CARTESIAN_POINT('',(-9.,1.22464679914735E-16,2.49999997615814));
#8559=CARTESIAN_POINT('',(-9.,1.22464679914735E-16,0.899999976158144));
#8560=CARTESIAN_POINT('',(-9.,-1.,0.899999976158144));
#8561=CARTESIAN_POINT('',(-10.,-1.,0.899999976158144));
#8562=CARTESIAN_POINT('',(-11.,-1.,0.899999976158144));
#8563=CARTESIAN_POINT('',(-11.,0.,0.899999976158145));
#8564=CARTESIAN_POINT('',(-9.,1.22464679914735E-16,2.49999997615814));
#8565=CARTESIAN_POINT('',(-9.,-1.,2.49999997615814));
#8566=CARTESIAN_POINT('',(-10.,-1.,2.49999997615814));
#8567=CARTESIAN_POINT('',(-11.,-1.,2.49999997615814));
#8568=CARTESIAN_POINT('',(-11.,0.,2.49999997615814));
#8569=CARTESIAN_POINT('',(-12.,0.,0.899999976158143));
#8570=CARTESIAN_POINT('',(-12.,0.,2.49999997615814));
#8571=CARTESIAN_POINT('',(-12.,0.,0.899999976158144));
#8572=CARTESIAN_POINT('',(-12.,2.,0.899999976158144));
#8573=CARTESIAN_POINT('',(-10.,2.,0.899999976158144));
#8574=CARTESIAN_POINT('',(-8.,2.,0.899999976158144));
#8575=CARTESIAN_POINT('',(-8.,0.,0.899999976158144));
#8576=CARTESIAN_POINT('',(-12.,0.,2.49999997615815));
#8577=CARTESIAN_POINT('',(-12.,2.,2.49999997615815));
#8578=CARTESIAN_POINT('',(-10.,2.,2.49999997615815));
#8579=CARTESIAN_POINT('',(-8.,2.,2.49999997615815));
#8580=CARTESIAN_POINT('',(-8.,0.,2.49999997615815));
#8581=CARTESIAN_POINT('',(-17.,17.,1.69999997615815));
#8582=CARTESIAN_POINT('',(-24.375,-24.375,0.899999976158148));
#8583=CARTESIAN_POINT('',(-24.375,-24.375,2.49999997615815));
#8584=CARTESIAN_POINT('',(-17.,17.,8.49999997615814));
#8585=CARTESIAN_POINT('',(-17.,17.,1.69999997615815));
#8586=CARTESIAN_POINT('',(-17.,17.,8.49999997615814));
#8587=CARTESIAN_POINT('',(-18.,17.,0.899999976158146));
#8588=CARTESIAN_POINT('',(-18.,17.,2.49999997615815));
#8589=CARTESIAN_POINT('',(-15.,17.,0.899999976158146));
#8590=CARTESIAN_POINT('',(-15.,17.,2.49999997615815));
#8591=CARTESIAN_POINT('',(-16.,17.,0.899999976158146));
#8592=CARTESIAN_POINT('',(-16.,17.,2.49999997615815));
#8593=CARTESIAN_POINT('',(-19.,17.,0.899999976158145));
#8594=CARTESIAN_POINT('',(-19.,17.,2.49999997615815));
#8595=CARTESIAN_POINT('',(-18.,17.,0.899999976158146));
#8596=CARTESIAN_POINT('',(-18.,18.,0.899999976158146));
#8597=CARTESIAN_POINT('',(-17.,18.,0.899999976158146));
#8598=CARTESIAN_POINT('',(-16.,18.,0.899999976158146));
#8599=CARTESIAN_POINT('',(-16.,17.,0.899999976158146));
#8600=CARTESIAN_POINT('',(-18.,17.,0.899999976158146));
#8601=CARTESIAN_POINT('',(-18.,17.,2.49999997615815));
#8602=CARTESIAN_POINT('',(-18.,17.,2.49999997615815));
#8603=CARTESIAN_POINT('',(-18.,18.,2.49999997615815));
#8604=CARTESIAN_POINT('',(-17.,18.,2.49999997615815));
#8605=CARTESIAN_POINT('',(-16.,18.,2.49999997615815));
#8606=CARTESIAN_POINT('',(-16.,17.,2.49999997615815));
#8607=CARTESIAN_POINT('',(-15.,17.,0.899999976158145));
#8608=CARTESIAN_POINT('',(-15.,15.,0.899999976158145));
#8609=CARTESIAN_POINT('',(-17.,15.,0.899999976158145));
#8610=CARTESIAN_POINT('',(-19.,15.,0.899999976158145));
#8611=CARTESIAN_POINT('',(-19.,17.,0.899999976158145));
#8612=CARTESIAN_POINT('',(-15.,17.,2.49999997615815));
#8613=CARTESIAN_POINT('',(-15.,15.,2.49999997615815));
#8614=CARTESIAN_POINT('',(-17.,15.,2.49999997615815));
#8615=CARTESIAN_POINT('',(-19.,15.,2.49999997615815));
#8616=CARTESIAN_POINT('',(-19.,17.,2.49999997615815));
#8617=CARTESIAN_POINT('',(-15.,17.,0.899999976158146));
#8618=CARTESIAN_POINT('',(-15.,17.,2.49999997615815));
#8619=CARTESIAN_POINT('',(-16.,17.,0.899999976158146));
#8620=CARTESIAN_POINT('',(-16.,17.,2.49999997615815));
#8621=CARTESIAN_POINT('',(-16.,17.,0.899999976158146));
#8622=CARTESIAN_POINT('',(-16.,16.,0.899999976158146));
#8623=CARTESIAN_POINT('',(-17.,16.,0.899999976158146));
#8624=CARTESIAN_POINT('',(-18.,16.,0.899999976158146));
#8625=CARTESIAN_POINT('',(-18.,17.,0.899999976158146));
#8626=CARTESIAN_POINT('',(-16.,17.,2.49999997615815));
#8627=CARTESIAN_POINT('',(-16.,16.,2.49999997615815));
#8628=CARTESIAN_POINT('',(-17.,16.,2.49999997615815));
#8629=CARTESIAN_POINT('',(-18.,16.,2.49999997615815));
#8630=CARTESIAN_POINT('',(-18.,17.,2.49999997615815));
#8631=CARTESIAN_POINT('',(-19.,17.,0.899999976158149));
#8632=CARTESIAN_POINT('',(-19.,17.,2.49999997615815));
#8633=CARTESIAN_POINT('',(-19.,17.,0.899999976158145));
#8634=CARTESIAN_POINT('',(-19.,19.,0.899999976158145));
#8635=CARTESIAN_POINT('',(-17.,19.,0.899999976158145));
#8636=CARTESIAN_POINT('',(-15.,19.,0.899999976158145));
#8637=CARTESIAN_POINT('',(-15.,17.,0.899999976158145));
#8638=CARTESIAN_POINT('',(-19.,17.,2.49999997615815));
#8639=CARTESIAN_POINT('',(-19.,19.,2.49999997615815));
#8640=CARTESIAN_POINT('',(-17.,19.,2.49999997615815));
#8641=CARTESIAN_POINT('',(-15.,19.,2.49999997615815));
#8642=CARTESIAN_POINT('',(-15.,17.,2.49999997615815));
#8643=CARTESIAN_POINT('',(-24.375,-24.375,0.899999976158148));
#8644=CARTESIAN_POINT('',(-9.245,3.5,0.899999976158144));
#8645=CARTESIAN_POINT('',(10.755,-3.50000000000001,0.89999997615814));
#8646=CARTESIAN_POINT('',(-15.,17.,0.899999976158146));
#8647=CARTESIAN_POINT('',(-8.,0.,0.899999976158144));
#8648=CARTESIAN_POINT('',(-15.,-17.,0.899999976158146));
#8649=CARTESIAN_POINT('',(12.,0.,0.899999976158139));
#8650=CARTESIAN_POINT('',(19.,17.,0.899999976158137));
#8651=CARTESIAN_POINT('',(19.,-17.,0.899999976158137));
#8652=CARTESIAN_POINT('',(-19.4200000003631,15.9999999999993,0.899999976158146));
#8653=CARTESIAN_POINT('',(-19.4200000003631,-16.0000000000015,0.899999976158146));
#8654=CARTESIAN_POINT('',(-16.0000000000015,19.4200000003631,0.899999976158146));
#8655=CARTESIAN_POINT('',(-15.9999999999993,-19.4200000003631,0.899999976158146));
#8656=CARTESIAN_POINT('',(16.0000000000015,-19.4200000003631,0.899999976158139));
#8657=CARTESIAN_POINT('',(19.4200000003631,-15.9999999999993,0.899999976158138));
#8658=CARTESIAN_POINT('',(19.4200000003631,16.0000000000015,0.899999976158138));
#8659=CARTESIAN_POINT('',(15.9999999999993,19.4200000003631,0.899999976158138));
#8660=CARTESIAN_POINT('',(-9.245,3.5,0.899999976158144));
#8661=CARTESIAN_POINT('',(-9.245,2.745,0.899999976158144));
#8662=CARTESIAN_POINT('',(-10.,2.745,0.899999976158144));
#8663=CARTESIAN_POINT('',(-10.755,2.745,0.899999976158144));
#8664=CARTESIAN_POINT('',(-10.755,3.5,0.899999976158144));
#8665=CARTESIAN_POINT('',(-10.755,4.255,0.899999976158144));
#8666=CARTESIAN_POINT('',(-10.,4.255,0.899999976158144));
#8667=CARTESIAN_POINT('',(-9.245,4.255,0.899999976158144));
#8668=CARTESIAN_POINT('',(-9.245,3.5,0.899999976158144));
#8669=CARTESIAN_POINT('',(10.755,-3.5,0.899999976158139));
#8670=CARTESIAN_POINT('',(10.755,-4.255,0.899999976158139));
#8671=CARTESIAN_POINT('',(10.,-4.255,0.899999976158139));
#8672=CARTESIAN_POINT('',(9.245,-4.255,0.899999976158139));
#8673=CARTESIAN_POINT('',(9.245,-3.5,0.899999976158139));
#8674=CARTESIAN_POINT('',(9.245,-2.745,0.899999976158139));
#8675=CARTESIAN_POINT('',(10.,-2.745,0.899999976158139));
#8676=CARTESIAN_POINT('',(10.755,-2.745,0.899999976158139));
#8677=CARTESIAN_POINT('',(10.755,-3.5,0.899999976158139));
#8678=CARTESIAN_POINT('',(-15.,17.,0.899999976158145));
#8679=CARTESIAN_POINT('',(-15.,15.,0.899999976158145));
#8680=CARTESIAN_POINT('',(-17.,15.,0.899999976158145));
#8681=CARTESIAN_POINT('',(-19.,15.,0.899999976158145));
#8682=CARTESIAN_POINT('',(-19.,17.,0.899999976158145));
#8683=CARTESIAN_POINT('',(-19.,19.,0.899999976158145));
#8684=CARTESIAN_POINT('',(-17.,19.,0.899999976158145));
#8685=CARTESIAN_POINT('',(-15.,19.,0.899999976158145));
#8686=CARTESIAN_POINT('',(-15.,17.,0.899999976158145));
#8687=CARTESIAN_POINT('',(-8.,0.,0.899999976158144));
#8688=CARTESIAN_POINT('',(-8.,-2.,0.899999976158144));
#8689=CARTESIAN_POINT('',(-10.,-2.,0.899999976158144));
#8690=CARTESIAN_POINT('',(-12.,-2.,0.899999976158144));
#8691=CARTESIAN_POINT('',(-12.,0.,0.899999976158144));
#8692=CARTESIAN_POINT('',(-12.,2.,0.899999976158144));
#8693=CARTESIAN_POINT('',(-10.,2.,0.899999976158144));
#8694=CARTESIAN_POINT('',(-8.,2.,0.899999976158144));
#8695=CARTESIAN_POINT('',(-8.,0.,0.899999976158144));
#8696=CARTESIAN_POINT('',(-15.,-17.,0.899999976158145));
#8697=CARTESIAN_POINT('',(-15.,-19.,0.899999976158145));
#8698=CARTESIAN_POINT('',(-17.,-19.,0.899999976158145));
#8699=CARTESIAN_POINT('',(-19.,-19.,0.899999976158145));
#8700=CARTESIAN_POINT('',(-19.,-17.,0.899999976158145));
#8701=CARTESIAN_POINT('',(-19.,-15.,0.899999976158145));
#8702=CARTESIAN_POINT('',(-17.,-15.,0.899999976158145));
#8703=CARTESIAN_POINT('',(-15.,-15.,0.899999976158145));
#8704=CARTESIAN_POINT('',(-15.,-17.,0.899999976158145));
#8705=CARTESIAN_POINT('',(12.,0.,0.899999976158139));
#8706=CARTESIAN_POINT('',(12.,-2.,0.89999997615814));
#8707=CARTESIAN_POINT('',(10.,-2.,0.899999976158139));
#8708=CARTESIAN_POINT('',(8.,-2.,0.89999997615814));
#8709=CARTESIAN_POINT('',(8.,0.,0.899999976158139));
#8710=CARTESIAN_POINT('',(8.,2.,0.89999997615814));
#8711=CARTESIAN_POINT('',(10.,2.,0.899999976158139));
#8712=CARTESIAN_POINT('',(12.,2.,0.89999997615814));
#8713=CARTESIAN_POINT('',(12.,0.,0.899999976158139));
#8714=CARTESIAN_POINT('',(19.,17.,0.899999976158137));
#8715=CARTESIAN_POINT('',(19.,15.,0.899999976158137));
#8716=CARTESIAN_POINT('',(17.,15.,0.899999976158137));
#8717=CARTESIAN_POINT('',(15.,15.,0.899999976158137));
#8718=CARTESIAN_POINT('',(15.,17.,0.899999976158137));
#8719=CARTESIAN_POINT('',(15.,19.,0.899999976158137));
#8720=CARTESIAN_POINT('',(17.,19.,0.899999976158137));
#8721=CARTESIAN_POINT('',(19.,19.,0.899999976158137));
#8722=CARTESIAN_POINT('',(19.,17.,0.899999976158137));
#8723=CARTESIAN_POINT('',(19.,-17.,0.899999976158137));
#8724=CARTESIAN_POINT('',(19.,-19.,0.899999976158137));
#8725=CARTESIAN_POINT('',(17.,-19.,0.899999976158137));
#8726=CARTESIAN_POINT('',(15.,-19.,0.899999976158137));
#8727=CARTESIAN_POINT('',(15.,-17.,0.899999976158137));
#8728=CARTESIAN_POINT('',(15.,-15.,0.899999976158137));
#8729=CARTESIAN_POINT('',(17.,-15.,0.899999976158137));
#8730=CARTESIAN_POINT('',(19.,-15.,0.899999976158137));
#8731=CARTESIAN_POINT('',(19.,-17.,0.899999976158137));
#8732=CARTESIAN_POINT('',(16.0000000000015,-19.4200000003631,0.899999976158139));
#8733=CARTESIAN_POINT('',(19.4200000007293,-19.4200000007247,0.899999976158139));
#8734=CARTESIAN_POINT('',(19.4200000007262,-15.9999999999969,0.899999976158139));
#8735=CARTESIAN_POINT('',(19.4200000003631,-15.9999999999993,0.899999976158138));
#8736=CARTESIAN_POINT('',(19.4200000003631,16.0000000000015,0.899999976158138));
#8737=CARTESIAN_POINT('',(19.4200000003631,16.0000000000015,0.899999976158138));
#8738=CARTESIAN_POINT('',(19.4200000007247,19.4200000007293,0.899999976158138));
#8739=CARTESIAN_POINT('',(15.9999999999969,19.4200000007262,0.899999976158138));
#8740=CARTESIAN_POINT('',(15.9999999999993,19.4200000003631,0.899999976158138));
#8741=CARTESIAN_POINT('',(-16.0000000000015,19.4200000003631,0.899999976158146));
#8742=CARTESIAN_POINT('',(-16.0000000000015,19.4200000003631,0.899999976158146));
#8743=CARTESIAN_POINT('',(-19.4200000007293,19.4200000007247,0.899999976158146));
#8744=CARTESIAN_POINT('',(-19.4200000007262,15.9999999999969,0.899999976158145));
#8745=CARTESIAN_POINT('',(-19.4200000003631,15.9999999999993,0.899999976158146));
#8746=CARTESIAN_POINT('',(-19.4200000003631,-16.0000000000015,0.899999976158146));
#8747=CARTESIAN_POINT('',(-19.4200000003631,-16.0000000000015,0.899999976158146));
#8748=CARTESIAN_POINT('',(-19.4200000007247,-19.4200000007293,0.899999976158147));
#8749=CARTESIAN_POINT('',(-15.9999999999969,-19.4200000007262,0.899999976158146));
#8750=CARTESIAN_POINT('',(-15.9999999999993,-19.4200000003631,0.899999976158146));
#8751=CARTESIAN_POINT('',(16.0000000000015,-19.4200000003631,0.899999976158139));
#8752=CARTESIAN_POINT('',(-24.375,-24.375,2.49999997615815));
#8753=CARTESIAN_POINT('',(-9.245,3.5,2.49999997615815));
#8754=CARTESIAN_POINT('',(10.755,-3.5,2.49999997615814));
#8755=CARTESIAN_POINT('',(-15.,17.,2.49999997615815));
#8756=CARTESIAN_POINT('',(-8.,0.,2.49999997615814));
#8757=CARTESIAN_POINT('',(-15.,-17.,2.49999997615815));
#8758=CARTESIAN_POINT('',(12.,0.,2.49999997615814));
#8759=CARTESIAN_POINT('',(19.,17.,2.49999997615814));
#8760=CARTESIAN_POINT('',(19.,-17.,2.49999997615814));
#8761=CARTESIAN_POINT('',(-19.4200000003631,-16.0000000000015,2.49999997615815));
#8762=CARTESIAN_POINT('',(-15.9999999999993,-19.4200000003631,2.49999997615815));
#8763=CARTESIAN_POINT('',(-19.4200000003631,15.9999999999993,2.49999997615815));
#8764=CARTESIAN_POINT('',(19.4200000003631,16.0000000000015,2.49999997615814));
#8765=CARTESIAN_POINT('',(15.9999999999993,19.4200000003631,2.49999997615814));
#8766=CARTESIAN_POINT('',(-16.0000000000015,19.4200000003631,2.49999997615815));
#8767=CARTESIAN_POINT('',(16.0000000000015,-19.4200000003631,2.49999997615814));
#8768=CARTESIAN_POINT('',(19.4200000003631,-15.9999999999993,2.49999997615814));
#8769=CARTESIAN_POINT('',(-9.245,3.5,2.49999997615815));
#8770=CARTESIAN_POINT('',(-9.245,2.745,2.49999997615814));
#8771=CARTESIAN_POINT('',(-10.,2.745,2.49999997615815));
#8772=CARTESIAN_POINT('',(-10.755,2.745,2.49999997615814));
#8773=CARTESIAN_POINT('',(-10.755,3.5,2.49999997615815));
#8774=CARTESIAN_POINT('',(-10.755,4.255,2.49999997615814));
#8775=CARTESIAN_POINT('',(-10.,4.255,2.49999997615815));
#8776=CARTESIAN_POINT('',(-9.245,4.255,2.49999997615814));
#8777=CARTESIAN_POINT('',(-9.245,3.5,2.49999997615815));
#8778=CARTESIAN_POINT('',(10.755,-3.5,2.49999997615814));
#8779=CARTESIAN_POINT('',(10.755,-4.255,2.49999997615814));
#8780=CARTESIAN_POINT('',(10.,-4.255,2.49999997615814));
#8781=CARTESIAN_POINT('',(9.245,-4.255,2.49999997615814));
#8782=CARTESIAN_POINT('',(9.245,-3.5,2.49999997615814));
#8783=CARTESIAN_POINT('',(9.245,-2.745,2.49999997615814));
#8784=CARTESIAN_POINT('',(10.,-2.745,2.49999997615814));
#8785=CARTESIAN_POINT('',(10.755,-2.745,2.49999997615814));
#8786=CARTESIAN_POINT('',(10.755,-3.5,2.49999997615814));
#8787=CARTESIAN_POINT('',(-15.,17.,2.49999997615815));
#8788=CARTESIAN_POINT('',(-15.,15.,2.49999997615815));
#8789=CARTESIAN_POINT('',(-17.,15.,2.49999997615815));
#8790=CARTESIAN_POINT('',(-19.,15.,2.49999997615815));
#8791=CARTESIAN_POINT('',(-19.,17.,2.49999997615815));
#8792=CARTESIAN_POINT('',(-19.,19.,2.49999997615815));
#8793=CARTESIAN_POINT('',(-17.,19.,2.49999997615815));
#8794=CARTESIAN_POINT('',(-15.,19.,2.49999997615815));
#8795=CARTESIAN_POINT('',(-15.,17.,2.49999997615815));
#8796=CARTESIAN_POINT('',(-8.,0.,2.49999997615815));
#8797=CARTESIAN_POINT('',(-8.,-2.,2.49999997615815));
#8798=CARTESIAN_POINT('',(-10.,-2.,2.49999997615815));
#8799=CARTESIAN_POINT('',(-12.,-2.,2.49999997615815));
#8800=CARTESIAN_POINT('',(-12.,0.,2.49999997615815));
#8801=CARTESIAN_POINT('',(-12.,2.,2.49999997615815));
#8802=CARTESIAN_POINT('',(-10.,2.,2.49999997615815));
#8803=CARTESIAN_POINT('',(-8.,2.,2.49999997615815));
#8804=CARTESIAN_POINT('',(-8.,0.,2.49999997615815));
#8805=CARTESIAN_POINT('',(-15.,-17.,2.49999997615815));
#8806=CARTESIAN_POINT('',(-15.,-19.,2.49999997615815));
#8807=CARTESIAN_POINT('',(-17.,-19.,2.49999997615815));
#8808=CARTESIAN_POINT('',(-19.,-19.,2.49999997615815));
#8809=CARTESIAN_POINT('',(-19.,-17.,2.49999997615815));
#8810=CARTESIAN_POINT('',(-19.,-15.,2.49999997615815));
#8811=CARTESIAN_POINT('',(-17.,-15.,2.49999997615815));
#8812=CARTESIAN_POINT('',(-15.,-15.,2.49999997615815));
#8813=CARTESIAN_POINT('',(-15.,-17.,2.49999997615815));
#8814=CARTESIAN_POINT('',(12.,0.,2.49999997615814));
#8815=CARTESIAN_POINT('',(12.,-2.,2.49999997615814));
#8816=CARTESIAN_POINT('',(10.,-2.,2.49999997615814));
#8817=CARTESIAN_POINT('',(8.,-2.,2.49999997615814));
#8818=CARTESIAN_POINT('',(8.,0.,2.49999997615814));
#8819=CARTESIAN_POINT('',(8.,2.,2.49999997615814));
#8820=CARTESIAN_POINT('',(10.,2.,2.49999997615814));
#8821=CARTESIAN_POINT('',(12.,2.,2.49999997615814));
#8822=CARTESIAN_POINT('',(12.,0.,2.49999997615814));
#8823=CARTESIAN_POINT('',(19.,17.,2.49999997615814));
#8824=CARTESIAN_POINT('',(19.,15.,2.49999997615814));
#8825=CARTESIAN_POINT('',(17.,15.,2.49999997615814));
#8826=CARTESIAN_POINT('',(15.,15.,2.49999997615814));
#8827=CARTESIAN_POINT('',(15.,17.,2.49999997615814));
#8828=CARTESIAN_POINT('',(15.,19.,2.49999997615814));
#8829=CARTESIAN_POINT('',(17.,19.,2.49999997615814));
#8830=CARTESIAN_POINT('',(19.,19.,2.49999997615814));
#8831=CARTESIAN_POINT('',(19.,17.,2.49999997615814));
#8832=CARTESIAN_POINT('',(19.,-17.,2.49999997615814));
#8833=CARTESIAN_POINT('',(19.,-19.,2.49999997615814));
#8834=CARTESIAN_POINT('',(17.,-19.,2.49999997615814));
#8835=CARTESIAN_POINT('',(15.,-19.,2.49999997615814));
#8836=CARTESIAN_POINT('',(15.,-17.,2.49999997615814));
#8837=CARTESIAN_POINT('',(15.,-15.,2.49999997615814));
#8838=CARTESIAN_POINT('',(17.,-15.,2.49999997615814));
#8839=CARTESIAN_POINT('',(19.,-15.,2.49999997615814));
#8840=CARTESIAN_POINT('',(19.,-17.,2.49999997615814));
#8841=CARTESIAN_POINT('',(16.0000000000015,-19.4200000003631,2.49999997615814));
#8842=CARTESIAN_POINT('',(19.4200000007293,-19.4200000007247,2.49999997615814));
#8843=CARTESIAN_POINT('',(19.4200000007262,-15.9999999999969,2.49999997615814));
#8844=CARTESIAN_POINT('',(19.4200000003631,-15.9999999999993,2.49999997615814));
#8845=CARTESIAN_POINT('',(19.4200000003631,16.0000000000015,2.49999997615814));
#8846=CARTESIAN_POINT('',(19.4200000003631,16.0000000000015,2.49999997615814));
#8847=CARTESIAN_POINT('',(19.4200000007247,19.4200000007293,2.49999997615814));
#8848=CARTESIAN_POINT('',(15.9999999999969,19.4200000007262,2.49999997615814));
#8849=CARTESIAN_POINT('',(15.9999999999993,19.4200000003631,2.49999997615814));
#8850=CARTESIAN_POINT('',(-16.0000000000015,19.4200000003631,2.49999997615815));
#8851=CARTESIAN_POINT('',(-16.0000000000015,19.4200000003631,2.49999997615815));
#8852=CARTESIAN_POINT('',(-19.4200000007293,19.4200000007247,2.49999997615815));
#8853=CARTESIAN_POINT('',(-19.4200000007262,15.9999999999969,2.49999997615815));
#8854=CARTESIAN_POINT('',(-19.4200000003631,15.9999999999993,2.49999997615815));
#8855=CARTESIAN_POINT('',(-19.4200000003631,-16.0000000000015,2.49999997615815));
#8856=CARTESIAN_POINT('',(-19.4200000003631,-16.0000000000015,2.49999997615815));
#8857=CARTESIAN_POINT('',(-19.4200000007247,-19.4200000007293,2.49999997615815));
#8858=CARTESIAN_POINT('',(-15.9999999999969,-19.4200000007262,2.49999997615815));
#8859=CARTESIAN_POINT('',(-15.9999999999993,-19.4200000003631,2.49999997615815));
#8860=CARTESIAN_POINT('',(16.0000000000015,-19.4200000003631,2.49999997615814));
#8861=CARTESIAN_POINT('',(10.,0.,0.0563283661929443));
#8862=CARTESIAN_POINT('',(10.,0.,0.0563283661929443));
#8863=CARTESIAN_POINT('',(10.,0.,0.0563283661929443));
#8864=CARTESIAN_POINT('',(10.,0.,0.0563283661929443));
#8865=CARTESIAN_POINT('',(10.,0.,0.0563283661929443));
#8866=CARTESIAN_POINT('',(8.25,0.,0.0563283661929443));
#8867=CARTESIAN_POINT('',(8.25,1.75,0.0563283661929445));
#8868=CARTESIAN_POINT('',(10.,1.75,0.0563283661929443));
#8869=CARTESIAN_POINT('',(11.75,1.75,0.0563283661929445));
#8870=CARTESIAN_POINT('',(11.75,2.14313189850787E-16,0.0563283661929443));
#8871=CARTESIAN_POINT('',(8.25,0.,0.899999941641829));
#8872=CARTESIAN_POINT('',(8.25,1.75,0.899999941641829));
#8873=CARTESIAN_POINT('',(10.,1.75,0.899999941641829));
#8874=CARTESIAN_POINT('',(11.75,1.75,0.899999941641829));
#8875=CARTESIAN_POINT('',(11.75,2.14313189850787E-16,0.899999941641829));
#8876=CARTESIAN_POINT('',(8.25,0.,1.74367151709071));
#8877=CARTESIAN_POINT('',(8.25,1.75,1.74367151709071));
#8878=CARTESIAN_POINT('',(10.,1.75,1.74367151709071));
#8879=CARTESIAN_POINT('',(11.75,1.75,1.74367151709071));
#8880=CARTESIAN_POINT('',(11.75,2.14313189850787E-16,1.74367151709071));
#8881=CARTESIAN_POINT('',(10.,0.,1.74367151709071));
#8882=CARTESIAN_POINT('',(10.,0.,1.74367151709071));
#8883=CARTESIAN_POINT('',(10.,0.,1.74367151709071));
#8884=CARTESIAN_POINT('',(10.,0.,1.74367151709071));
#8885=CARTESIAN_POINT('',(10.,0.,1.74367151709071));
#8886=CARTESIAN_POINT('',(-10.,8.,0.899999941641827));
#8887=CARTESIAN_POINT('',(10.6757325227244,-0.675732522724395,-0.706311594199937));
#8888=CARTESIAN_POINT('',(10.6757325227244,-0.475732522724396,0.72556168418533));
#8889=CARTESIAN_POINT('',(11.2143787922337,-0.275732522724393,-0.706311594199937));
#8890=CARTESIAN_POINT('',(11.4143787922337,-0.275732522724397,0.72556168418533));
#8891=CARTESIAN_POINT('',(11.2143787922337,0.275732522724384,-0.706311594199937));
#8892=CARTESIAN_POINT('',(11.2143787922337,0.475732522724386,0.72556168418533));
#8893=CARTESIAN_POINT('',(10.6757325227244,0.675732522724388,-0.706311594199937));
#8894=CARTESIAN_POINT('',(10.4757325227244,0.675732522724391,0.72556168418533));
#8895=CARTESIAN_POINT('',(10.2757325227244,1.2143787922337,-0.706311594199937));
#8896=CARTESIAN_POINT('',(10.2757325227244,1.4143787922337,0.72556168418533));
#8897=CARTESIAN_POINT('',(9.72426747727561,1.2143787922337,-0.706311594199937));
#8898=CARTESIAN_POINT('',(9.52426747727561,1.2143787922337,0.72556168418533));
#8899=CARTESIAN_POINT('',(9.32426747727561,0.675732522724389,-0.706311594199937));
#8900=CARTESIAN_POINT('',(9.3242674772756,0.475732522724391,0.72556168418533));
#8901=CARTESIAN_POINT('',(8.7856212077663,0.275732522724397,-0.706311594199937));
#8902=CARTESIAN_POINT('',(8.5856212077663,0.275732522724395,0.72556168418533));
#8903=CARTESIAN_POINT('',(8.7856212077663,-0.275732522724387,-0.706311594199937));
#8904=CARTESIAN_POINT('',(8.7856212077663,-0.475732522724389,0.72556168418533));
#8905=CARTESIAN_POINT('',(9.32426747727561,-0.675732522724394,-0.706311594199937));
#8906=CARTESIAN_POINT('',(9.52426747727561,-0.675732522724387,0.72556168418533));
#8907=CARTESIAN_POINT('',(9.72426747727561,-1.2143787922337,-0.706311594199938));
#8908=CARTESIAN_POINT('',(9.72426747727561,-1.4143787922337,0.72556168418533));
#8909=CARTESIAN_POINT('',(10.2757325227244,-1.2143787922337,-0.706311594199937));
#8910=CARTESIAN_POINT('',(10.4757325227244,-1.2143787922337,0.72556168418533));
#8911=CARTESIAN_POINT('',(8.23202650970787,-1.76797349029213,0.72556168418533));
#8912=CARTESIAN_POINT('',(10.,0.,0.0563283661929443));
#8913=CARTESIAN_POINT('',(10.,0.,0.0563283661929443));
#8914=CARTESIAN_POINT('',(10.,0.,0.0563283661929443));
#8915=CARTESIAN_POINT('',(10.,0.,0.0563283661929443));
#8916=CARTESIAN_POINT('',(10.,0.,0.0563283661929443));
#8917=CARTESIAN_POINT('',(11.75,2.14313189850787E-16,0.0563283661929443));
#8918=CARTESIAN_POINT('',(11.75,-1.75,0.0563283661929445));
#8919=CARTESIAN_POINT('',(10.,-1.75,0.0563283661929443));
#8920=CARTESIAN_POINT('',(8.25,-1.75,0.0563283661929445));
#8921=CARTESIAN_POINT('',(8.25,0.,0.0563283661929443));
#8922=CARTESIAN_POINT('',(11.75,2.14313189850787E-16,0.899999941641829));
#8923=CARTESIAN_POINT('',(11.75,-1.75,0.899999941641829));
#8924=CARTESIAN_POINT('',(10.,-1.75,0.899999941641829));
#8925=CARTESIAN_POINT('',(8.25,-1.75,0.899999941641829));
#8926=CARTESIAN_POINT('',(8.25,0.,0.899999941641829));
#8927=CARTESIAN_POINT('',(11.75,2.14313189850787E-16,1.74367151709071));
#8928=CARTESIAN_POINT('',(11.75,-1.75,1.74367151709071));
#8929=CARTESIAN_POINT('',(10.,-1.75,1.74367151709071));
#8930=CARTESIAN_POINT('',(8.25,-1.75,1.74367151709071));
#8931=CARTESIAN_POINT('',(8.25,0.,1.74367151709071));
#8932=CARTESIAN_POINT('',(10.,0.,1.74367151709071));
#8933=CARTESIAN_POINT('',(10.,0.,1.74367151709071));
#8934=CARTESIAN_POINT('',(10.,0.,1.74367151709071));
#8935=CARTESIAN_POINT('',(10.,0.,1.74367151709071));
#8936=CARTESIAN_POINT('',(10.,0.,1.74367151709071));
#8937=CARTESIAN_POINT('',(8.25,1.11022302462516E-16,0.899999941641827));
#8938=CARTESIAN_POINT('',(10.4757325227244,-0.675732522724394,0.72556168418533));
#8939=CARTESIAN_POINT('',(10.6757325227244,-0.475732522724396,0.72556168418533));
#8940=CARTESIAN_POINT('',(11.2143787922337,-0.475732522724396,0.72556168418533));
#8941=CARTESIAN_POINT('',(11.4143787922337,-0.275732522724397,0.72556168418533));
#8942=CARTESIAN_POINT('',(11.4143787922337,0.275732522724386,0.72556168418533));
#8943=CARTESIAN_POINT('',(11.2143787922337,0.475732522724386,0.72556168418533));
#8944=CARTESIAN_POINT('',(10.6757325227244,0.475732522724387,0.72556168418533));
#8945=CARTESIAN_POINT('',(10.4757325227244,0.675732522724391,0.72556168418533));
#8946=CARTESIAN_POINT('',(10.4757325227244,1.2143787922337,0.72556168418533));
#8947=CARTESIAN_POINT('',(10.2757325227244,1.4143787922337,0.72556168418533));
#8948=CARTESIAN_POINT('',(9.72426747727561,1.4143787922337,0.72556168418533));
#8949=CARTESIAN_POINT('',(9.52426747727561,1.2143787922337,0.72556168418533));
#8950=CARTESIAN_POINT('',(9.52426747727561,0.67573252272439,0.72556168418533));
#8951=CARTESIAN_POINT('',(9.3242674772756,0.475732522724391,0.72556168418533));
#8952=CARTESIAN_POINT('',(8.7856212077663,0.475732522724393,0.72556168418533));
#8953=CARTESIAN_POINT('',(8.5856212077663,0.275732522724395,0.72556168418533));
#8954=CARTESIAN_POINT('',(8.5856212077663,-0.275732522724389,0.72556168418533));
#8955=CARTESIAN_POINT('',(8.7856212077663,-0.475732522724389,0.72556168418533));
#8956=CARTESIAN_POINT('',(9.3242674772756,-0.475732522724392,0.72556168418533));
#8957=CARTESIAN_POINT('',(9.52426747727561,-0.675732522724387,0.72556168418533));
#8958=CARTESIAN_POINT('',(9.52426747727561,-1.2143787922337,0.72556168418533));
#8959=CARTESIAN_POINT('',(9.72426747727561,-1.4143787922337,0.72556168418533));
#8960=CARTESIAN_POINT('',(10.2757325227244,-1.4143787922337,0.72556168418533));
#8961=CARTESIAN_POINT('',(10.4757325227244,-1.2143787922337,0.72556168418533));
#8962=CARTESIAN_POINT('',(10.6757325227244,-0.475732522724396,0.156323412748465));
#8963=CARTESIAN_POINT('',(10.4757325227244,-0.675732522724394,0.156323412748464));
#8964=CARTESIAN_POINT('',(11.2143787922337,-0.475732522724396,0.337479583111026));
#8965=CARTESIAN_POINT('',(11.4143787922337,-0.275732522724397,0.421287458135533));
#8966=CARTESIAN_POINT('',(11.4143787922337,0.275732522724386,0.421287458135531));
#8967=CARTESIAN_POINT('',(11.2143787922337,0.475732522724386,0.337479583111026));
#8968=CARTESIAN_POINT('',(10.6757325227244,0.475732522724386,0.156323412748461));
#8969=CARTESIAN_POINT('',(10.4757325227244,0.675732522724391,0.156323412748463));
#8970=CARTESIAN_POINT('',(10.4757325227244,1.2143787922337,0.337479583111025));
#8971=CARTESIAN_POINT('',(10.2757325227244,1.4143787922337,0.421287458135534));
#8972=CARTESIAN_POINT('',(9.72426747727561,1.4143787922337,0.421287458135534));
#8973=CARTESIAN_POINT('',(9.52426747727561,1.2143787922337,0.337479583111026));
#8974=CARTESIAN_POINT('',(9.52426747727561,0.67573252272439,0.156323412748463));
#8975=CARTESIAN_POINT('',(9.3242674772756,0.475732522724391,0.156323412748465));
#8976=CARTESIAN_POINT('',(8.7856212077663,0.475732522724393,0.337479583111028));
#8977=CARTESIAN_POINT('',(8.5856212077663,0.275732522724395,0.421287458135536));
#8978=CARTESIAN_POINT('',(8.5856212077663,1.46670869893839E-15,0.403173960124624));
#8979=CARTESIAN_POINT('',(8.5856212077663,-0.275732522724389,0.421287458135537));
#8980=CARTESIAN_POINT('',(8.7856212077663,-0.475732522724389,0.33747958311103));
#8981=CARTESIAN_POINT('',(9.3242674772756,-0.475732522724392,0.156323412748465));
#8982=CARTESIAN_POINT('',(9.52426747727561,-0.675732522724387,0.156323412748463));
#8983=CARTESIAN_POINT('',(9.52426747727561,-1.2143787922337,0.337479583111029));
#8984=CARTESIAN_POINT('',(9.72426747727561,-1.4143787922337,0.421287458135538));
#8985=CARTESIAN_POINT('',(10.2757325227244,-1.4143787922337,0.421287458135537));
#8986=CARTESIAN_POINT('',(10.4757325227244,-1.2143787922337,0.337479583111028));
#8987=CARTESIAN_POINT('',(11.4143787922337,1.872196846412E-16,0.403173960124626));
#8988=CARTESIAN_POINT('',(11.75,2.14313189850787E-16,0.899999941641829));
#8989=CARTESIAN_POINT('',(8.25,0.,0.899999941641829));
#8990=CARTESIAN_POINT('',(8.25,-1.75,0.899999941641829));
#8991=CARTESIAN_POINT('',(10.,-1.75,0.899999941641829));
#8992=CARTESIAN_POINT('',(11.75,-1.75,0.899999941641829));
#8993=CARTESIAN_POINT('',(11.75,2.14313189850787E-16,0.899999941641829));
#8994=CARTESIAN_POINT('',(10.4757325227244,-0.675732522724394,0.72556168418533));
#8995=CARTESIAN_POINT('',(10.4757325227244,-0.475732522724396,0.72556168418533));
#8996=CARTESIAN_POINT('',(10.6757325227244,-0.475732522724396,0.72556168418533));
#8997=CARTESIAN_POINT('',(10.6757325227244,-0.475732522724396,0.72556168418533));
#8998=CARTESIAN_POINT('',(10.6757325227244,-0.475732522724396,0.156323412748465));
#8999=CARTESIAN_POINT('',(10.4757325227244,-0.675732522724394,0.72556168418533));
#9000=CARTESIAN_POINT('',(10.4757325227244,-0.675732522724394,0.156323412748464));
#9001=CARTESIAN_POINT('',(10.6757325227244,-0.475732522724396,0.72556168418533));
#9002=CARTESIAN_POINT('',(10.945055657479,-0.475732522724396,0.72556168418533));
#9003=CARTESIAN_POINT('',(11.2143787922337,-0.475732522724396,0.72556168418533));
#9004=CARTESIAN_POINT('',(11.2143787922337,-0.475732522724396,0.72556168418533));
#9005=CARTESIAN_POINT('',(11.2143787922337,-0.475732522724396,0.337479583111026));
#9006=CARTESIAN_POINT('',(11.2143787922337,-0.475732522724396,0.72556168418533));
#9007=CARTESIAN_POINT('',(11.4143787922337,-0.475732522724398,0.72556168418533));
#9008=CARTESIAN_POINT('',(11.4143787922337,-0.275732522724397,0.72556168418533));
#9009=CARTESIAN_POINT('',(11.4143787922337,-0.275732522724397,0.72556168418533));
#9010=CARTESIAN_POINT('',(11.4143787922337,-0.275732522724397,0.421287458135533));
#9011=CARTESIAN_POINT('',(11.4143787922337,-0.275732522724397,0.72556168418533));
#9012=CARTESIAN_POINT('',(11.4143787922337,-5.55111512312578E-15,0.72556168418533));
#9013=CARTESIAN_POINT('',(11.4143787922337,0.275732522724386,0.72556168418533));
#9014=CARTESIAN_POINT('',(11.4143787922337,0.275732522724386,0.72556168418533));
#9015=CARTESIAN_POINT('',(11.4143787922337,0.275732522724386,0.421287458135531));
#9016=CARTESIAN_POINT('',(11.4143787922337,0.275732522724386,0.72556168418533));
#9017=CARTESIAN_POINT('',(11.4143787922337,0.475732522724385,0.72556168418533));
#9018=CARTESIAN_POINT('',(11.2143787922337,0.475732522724386,0.72556168418533));
#9019=CARTESIAN_POINT('',(11.2143787922337,0.475732522724386,0.72556168418533));
#9020=CARTESIAN_POINT('',(11.2143787922337,0.475732522724386,0.337479583111026));
#9021=CARTESIAN_POINT('',(11.2143787922337,0.475732522724386,0.72556168418533));
#9022=CARTESIAN_POINT('',(10.945055657479,0.475732522724386,0.72556168418533));
#9023=CARTESIAN_POINT('',(10.6757325227244,0.475732522724387,0.72556168418533));
#9024=CARTESIAN_POINT('',(10.6757325227244,0.475732522724387,0.72556168418533));
#9025=CARTESIAN_POINT('',(10.6757325227244,0.475732522724386,0.156323412748461));
#9026=CARTESIAN_POINT('',(10.6757325227244,0.475732522724387,0.72556168418533));
#9027=CARTESIAN_POINT('',(10.4757325227244,0.475732522724389,0.72556168418533));
#9028=CARTESIAN_POINT('',(10.4757325227244,0.675732522724391,0.72556168418533));
#9029=CARTESIAN_POINT('',(10.4757325227244,0.675732522724391,0.72556168418533));
#9030=CARTESIAN_POINT('',(10.4757325227244,0.675732522724391,0.156323412748463));
#9031=CARTESIAN_POINT('',(10.4757325227244,0.675732522724391,0.72556168418533));
#9032=CARTESIAN_POINT('',(10.4757325227244,0.945055657479044,0.72556168418533));
#9033=CARTESIAN_POINT('',(10.4757325227244,1.2143787922337,0.72556168418533));
#9034=CARTESIAN_POINT('',(10.4757325227244,1.2143787922337,0.72556168418533));
#9035=CARTESIAN_POINT('',(10.4757325227244,1.2143787922337,0.337479583111025));
#9036=CARTESIAN_POINT('',(10.4757325227244,1.2143787922337,0.72556168418533));
#9037=CARTESIAN_POINT('',(10.4757325227244,1.4143787922337,0.72556168418533));
#9038=CARTESIAN_POINT('',(10.2757325227244,1.4143787922337,0.72556168418533));
#9039=CARTESIAN_POINT('',(10.2757325227244,1.4143787922337,0.72556168418533));
#9040=CARTESIAN_POINT('',(10.2757325227244,1.4143787922337,0.421287458135534));
#9041=CARTESIAN_POINT('',(10.2757325227244,1.4143787922337,0.72556168418533));
#9042=CARTESIAN_POINT('',(10.,1.4143787922337,0.72556168418533));
#9043=CARTESIAN_POINT('',(9.72426747727561,1.4143787922337,0.72556168418533));
#9044=CARTESIAN_POINT('',(9.72426747727561,1.4143787922337,0.72556168418533));
#9045=CARTESIAN_POINT('',(9.72426747727561,1.4143787922337,0.421287458135534));
#9046=CARTESIAN_POINT('',(9.72426747727561,1.4143787922337,0.72556168418533));
#9047=CARTESIAN_POINT('',(9.52426747727561,1.4143787922337,0.72556168418533));
#9048=CARTESIAN_POINT('',(9.52426747727561,1.2143787922337,0.72556168418533));
#9049=CARTESIAN_POINT('',(9.52426747727561,1.2143787922337,0.72556168418533));
#9050=CARTESIAN_POINT('',(9.52426747727561,1.2143787922337,0.337479583111026));
#9051=CARTESIAN_POINT('',(9.52426747727561,1.2143787922337,0.72556168418533));
#9052=CARTESIAN_POINT('',(9.52426747727561,0.945055657479044,0.72556168418533));
#9053=CARTESIAN_POINT('',(9.52426747727561,0.67573252272439,0.72556168418533));
#9054=CARTESIAN_POINT('',(9.52426747727561,0.67573252272439,0.72556168418533));
#9055=CARTESIAN_POINT('',(9.52426747727561,0.67573252272439,0.156323412748463));
#9056=CARTESIAN_POINT('',(9.52426747727561,0.67573252272439,0.72556168418533));
#9057=CARTESIAN_POINT('',(9.52426747727561,0.475732522724387,0.72556168418533));
#9058=CARTESIAN_POINT('',(9.3242674772756,0.475732522724391,0.72556168418533));
#9059=CARTESIAN_POINT('',(9.3242674772756,0.475732522724391,0.72556168418533));
#9060=CARTESIAN_POINT('',(9.3242674772756,0.475732522724391,0.156323412748465));
#9061=CARTESIAN_POINT('',(9.3242674772756,0.475732522724391,0.72556168418533));
#9062=CARTESIAN_POINT('',(9.05494434252095,0.475732522724392,0.72556168418533));
#9063=CARTESIAN_POINT('',(8.7856212077663,0.475732522724393,0.72556168418533));
#9064=CARTESIAN_POINT('',(8.7856212077663,0.475732522724393,0.72556168418533));
#9065=CARTESIAN_POINT('',(8.7856212077663,0.475732522724393,0.337479583111028));
#9066=CARTESIAN_POINT('',(8.7856212077663,0.475732522724393,0.72556168418533));
#9067=CARTESIAN_POINT('',(8.5856212077663,0.475732522724393,0.72556168418533));
#9068=CARTESIAN_POINT('',(8.5856212077663,0.275732522724395,0.72556168418533));
#9069=CARTESIAN_POINT('',(8.5856212077663,0.275732522724395,0.72556168418533));
#9070=CARTESIAN_POINT('',(8.5856212077663,0.275732522724395,0.421287458135536));
#9071=CARTESIAN_POINT('',(8.5856212077663,0.275732522724395,0.72556168418533));
#9072=CARTESIAN_POINT('',(8.5856212077663,2.88657986402541E-15,0.72556168418533));
#9073=CARTESIAN_POINT('',(8.5856212077663,-0.275732522724389,0.72556168418533));
#9074=CARTESIAN_POINT('',(8.5856212077663,-0.275732522724389,0.72556168418533));
#9075=CARTESIAN_POINT('',(8.5856212077663,-0.275732522724389,0.421287458135537));
#9076=CARTESIAN_POINT('',(8.5856212077663,-0.275732522724389,0.72556168418533));
#9077=CARTESIAN_POINT('',(8.5856212077663,-0.475732522724389,0.72556168418533));
#9078=CARTESIAN_POINT('',(8.7856212077663,-0.475732522724389,0.72556168418533));
#9079=CARTESIAN_POINT('',(8.7856212077663,-0.475732522724389,0.72556168418533));
#9080=CARTESIAN_POINT('',(8.7856212077663,-0.475732522724389,0.33747958311103));
#9081=CARTESIAN_POINT('',(8.7856212077663,-0.475732522724389,0.72556168418533));
#9082=CARTESIAN_POINT('',(9.05494434252095,-0.47573252272439,0.72556168418533));
#9083=CARTESIAN_POINT('',(9.3242674772756,-0.475732522724392,0.72556168418533));
#9084=CARTESIAN_POINT('',(9.3242674772756,-0.475732522724392,0.72556168418533));
#9085=CARTESIAN_POINT('',(9.3242674772756,-0.475732522724392,0.156323412748465));
#9086=CARTESIAN_POINT('',(9.3242674772756,-0.475732522724392,0.72556168418533));
#9087=CARTESIAN_POINT('',(9.5242674772756,-0.475732522724385,0.72556168418533));
#9088=CARTESIAN_POINT('',(9.52426747727561,-0.675732522724387,0.72556168418533));
#9089=CARTESIAN_POINT('',(9.52426747727561,-0.675732522724387,0.72556168418533));
#9090=CARTESIAN_POINT('',(9.52426747727561,-0.675732522724387,0.156323412748463));
#9091=CARTESIAN_POINT('',(9.52426747727561,-0.675732522724387,0.72556168418533));
#9092=CARTESIAN_POINT('',(9.52426747727561,-0.945055657479044,0.72556168418533));
#9093=CARTESIAN_POINT('',(9.52426747727561,-1.2143787922337,0.72556168418533));
#9094=CARTESIAN_POINT('',(9.52426747727561,-1.2143787922337,0.72556168418533));
#9095=CARTESIAN_POINT('',(9.52426747727561,-1.2143787922337,0.337479583111029));
#9096=CARTESIAN_POINT('',(9.52426747727561,-1.2143787922337,0.72556168418533));
#9097=CARTESIAN_POINT('',(9.52426747727561,-1.4143787922337,0.72556168418533));
#9098=CARTESIAN_POINT('',(9.72426747727561,-1.4143787922337,0.72556168418533));
#9099=CARTESIAN_POINT('',(9.72426747727561,-1.4143787922337,0.72556168418533));
#9100=CARTESIAN_POINT('',(9.72426747727561,-1.4143787922337,0.421287458135538));
#9101=CARTESIAN_POINT('',(9.72426747727561,-1.4143787922337,0.72556168418533));
#9102=CARTESIAN_POINT('',(10.,-1.4143787922337,0.72556168418533));
#9103=CARTESIAN_POINT('',(10.2757325227244,-1.4143787922337,0.72556168418533));
#9104=CARTESIAN_POINT('',(10.2757325227244,-1.4143787922337,0.72556168418533));
#9105=CARTESIAN_POINT('',(10.2757325227244,-1.4143787922337,0.421287458135537));
#9106=CARTESIAN_POINT('',(10.2757325227244,-1.4143787922337,0.72556168418533));
#9107=CARTESIAN_POINT('',(10.4757325227244,-1.4143787922337,0.72556168418533));
#9108=CARTESIAN_POINT('',(10.4757325227244,-1.2143787922337,0.72556168418533));
#9109=CARTESIAN_POINT('',(10.4757325227244,-1.2143787922337,0.72556168418533));
#9110=CARTESIAN_POINT('',(10.4757325227244,-1.2143787922337,0.337479583111028));
#9111=CARTESIAN_POINT('',(10.4757325227244,-1.2143787922337,0.72556168418533));
#9112=CARTESIAN_POINT('',(10.4757325227244,-0.945055657479048,0.72556168418533));
#9113=CARTESIAN_POINT('',(10.4757325227244,-0.675732522724394,0.72556168418533));
#9114=CARTESIAN_POINT('',(10.6757325227244,-0.475732522724396,0.156323412748465));
#9115=CARTESIAN_POINT('',(10.6233754616345,-0.475732522724396,0.145266427126366));
#9116=CARTESIAN_POINT('',(10.5722893194935,-0.496333013480716,0.139029421794166));
#9117=CARTESIAN_POINT('',(10.5343111664871,-0.534311166487085,0.139029421794166));
#9118=CARTESIAN_POINT('',(10.4963330134807,-0.572289319493447,0.139029421794165));
#9119=CARTESIAN_POINT('',(10.4757325227244,-0.623375461634506,0.145266427126368));
#9120=CARTESIAN_POINT('',(10.4757325227244,-0.675732522724394,0.156323412748464));
#9121=CARTESIAN_POINT('',(11.2143787922337,-0.475732522724396,0.337479583111026));
#9122=CARTESIAN_POINT('',(11.2101536338515,-0.475732522724397,0.335359613381155));
#9123=CARTESIAN_POINT('',(11.2059191093598,-0.475732522724396,0.33325799212582));
#9124=CARTESIAN_POINT('',(11.2016758800759,-0.475732522724396,0.33117457788774));
#9125=CARTESIAN_POINT('',(11.1820808484741,-0.475732522724396,0.321553469740216));
#9126=CARTESIAN_POINT('',(11.1622781576903,-0.475732522724396,0.3123098216635));
#9127=CARTESIAN_POINT('',(11.1423346999992,-0.475732522724396,0.303434049547584));
#9128=CARTESIAN_POINT('',(10.994509240395,-0.475732522724396,0.237644801128489));
#9129=CARTESIAN_POINT('',(10.833777088386,-0.475732522724396,0.189699932625527));
#9130=CARTESIAN_POINT('',(10.6757325227244,-0.475732522724396,0.156323412748465));
#9131=CARTESIAN_POINT('',(11.4143787922337,-0.275732522724397,0.421287458135533));
#9132=CARTESIAN_POINT('',(11.4143787922337,-0.332913330419551,0.42894226547));
#9133=CARTESIAN_POINT('',(11.3902432416951,-0.385276993159297,0.42139248724646));
#9134=CARTESIAN_POINT('',(11.3123583275924,-0.457757660750367,0.386463883153036));
#9135=CARTESIAN_POINT('',(11.2631187443851,-0.475732522724397,0.361934813862303));
#9136=CARTESIAN_POINT('',(11.2143787922337,-0.475732522724396,0.337479583111026));
#9137=CARTESIAN_POINT('',(11.4143787922337,0.275732522724386,0.421287458135531));
#9138=CARTESIAN_POINT('',(11.4143787922337,0.184673454785473,0.409097360632111));
#9139=CARTESIAN_POINT('',(11.4143787922337,0.0918598632339307,0.403173960124626));
#9140=CARTESIAN_POINT('',(11.4143787922337,1.872196846412E-16,0.403173960124626));
#9141=CARTESIAN_POINT('',(11.2143787922337,0.475732522724386,0.337479583111026));
#9142=CARTESIAN_POINT('',(11.2631187443851,0.475732522724386,0.361934813862303));
#9143=CARTESIAN_POINT('',(11.3123583275924,0.457757660750359,0.386463883153034));
#9144=CARTESIAN_POINT('',(11.3902432416951,0.38527699315928,0.421392487246463));
#9145=CARTESIAN_POINT('',(11.4143787922337,0.332913330419549,0.42894226547));
#9146=CARTESIAN_POINT('',(11.4143787922337,0.275732522724386,0.421287458135531));
#9147=CARTESIAN_POINT('',(10.6757325227244,0.475732522724386,0.156323412748461));
#9148=CARTESIAN_POINT('',(10.833777088386,0.475732522724387,0.189699932625526));
#9149=CARTESIAN_POINT('',(10.994509240395,0.475732522724386,0.237644801128483));
#9150=CARTESIAN_POINT('',(11.1423346999992,0.475732522724386,0.303434049547584));
#9151=CARTESIAN_POINT('',(11.1622781576904,0.475732522724386,0.312309821663538));
#9152=CARTESIAN_POINT('',(11.182080848474,0.475732522724386,0.321553469740157));
#9153=CARTESIAN_POINT('',(11.2016758800759,0.475732522724386,0.331174577887725));
#9154=CARTESIAN_POINT('',(11.2059191691065,0.475732522724386,0.333258021461282));
#9155=CARTESIAN_POINT('',(11.2101536922638,0.475732522724386,0.335359642689474));
#9156=CARTESIAN_POINT('',(11.2143787922337,0.475732522724386,0.337479583111026));
#9157=CARTESIAN_POINT('',(10.4757325227244,0.675732522724391,0.156323412748463));
#9158=CARTESIAN_POINT('',(10.4757325227244,0.623375461634492,0.145266427126364));
#9159=CARTESIAN_POINT('',(10.4963330134807,0.572289319493449,0.139029421794163));
#9160=CARTESIAN_POINT('',(10.5343111664871,0.534311166487076,0.139029421794163));
#9161=CARTESIAN_POINT('',(10.5722893194934,0.496333013480709,0.139029421794163));
#9162=CARTESIAN_POINT('',(10.6233754616345,0.475732522724387,0.145266427126364));
#9163=CARTESIAN_POINT('',(10.6757325227244,0.475732522724386,0.156323412748461));
#9164=CARTESIAN_POINT('',(10.4757325227244,1.2143787922337,0.337479583111025));
#9165=CARTESIAN_POINT('',(10.4757325227244,1.21015363385153,0.335359613381149));
#9166=CARTESIAN_POINT('',(10.4757325227244,1.2059191093598,0.333257992125812));
#9167=CARTESIAN_POINT('',(10.4757325227244,1.20167588007592,0.331174577887728));
#9168=CARTESIAN_POINT('',(10.4757325227244,1.18208084847408,0.3215534697402));
#9169=CARTESIAN_POINT('',(10.4757325227244,1.16227815769034,0.312309821663501));
#9170=CARTESIAN_POINT('',(10.4757325227244,1.14233469999921,0.303434049547584));
#9171=CARTESIAN_POINT('',(10.4757325227244,0.994509240395045,0.237644801128491));
#9172=CARTESIAN_POINT('',(10.4757325227244,0.833777088386023,0.189699932625524));
#9173=CARTESIAN_POINT('',(10.4757325227244,0.675732522724391,0.156323412748463));
#9174=CARTESIAN_POINT('',(10.2757325227244,1.4143787922337,0.421287458135534));
#9175=CARTESIAN_POINT('',(10.3329133304195,1.4143787922337,0.42894226547));
#9176=CARTESIAN_POINT('',(10.3852769931593,1.39024324169508,0.421392487246461));
#9177=CARTESIAN_POINT('',(10.4577576607504,1.31235832759243,0.386463883153031));
#9178=CARTESIAN_POINT('',(10.4757325227244,1.26311874438508,0.361934813862304));
#9179=CARTESIAN_POINT('',(10.4757325227244,1.2143787922337,0.337479583111025));
#9180=CARTESIAN_POINT('',(9.72426747727561,1.4143787922337,0.421287458135534));
#9181=CARTESIAN_POINT('',(9.81532654521449,1.4143787922337,0.409097360632115));
#9182=CARTESIAN_POINT('',(9.9081401367661,1.4143787922337,0.403173960124623));
#9183=CARTESIAN_POINT('',(10.,1.4143787922337,0.403173960124623));
#9184=CARTESIAN_POINT('',(10.0918598632339,1.4143787922337,0.403173960124623));
#9185=CARTESIAN_POINT('',(10.1846734547855,1.4143787922337,0.409097360632115));
#9186=CARTESIAN_POINT('',(10.2757325227244,1.4143787922337,0.421287458135534));
#9187=CARTESIAN_POINT('',(9.52426747727561,1.2143787922337,0.337479583111026));
#9188=CARTESIAN_POINT('',(9.52426747727561,1.26311874438508,0.361934813862305));
#9189=CARTESIAN_POINT('',(9.54224233924963,1.31235832759243,0.38646388315303));
#9190=CARTESIAN_POINT('',(9.61472300684071,1.39024324169508,0.421392487246461));
#9191=CARTESIAN_POINT('',(9.66708666958044,1.4143787922337,0.428942265470001));
#9192=CARTESIAN_POINT('',(9.72426747727561,1.4143787922337,0.421287458135534));
#9193=CARTESIAN_POINT('',(9.52426747727561,0.67573252272439,0.156323412748463));
#9194=CARTESIAN_POINT('',(9.52426747727561,0.833777088386025,0.189699932625525));
#9195=CARTESIAN_POINT('',(9.52426747727561,0.994509240395038,0.23764480112849));
#9196=CARTESIAN_POINT('',(9.52426747727561,1.14233469999921,0.303434049547584));
#9197=CARTESIAN_POINT('',(9.52426747727561,1.16227815769033,0.312309821663498));
#9198=CARTESIAN_POINT('',(9.52426747727561,1.18208084847409,0.321553469740206));
#9199=CARTESIAN_POINT('',(9.52426747727561,1.20167588007592,0.331174577887731));
#9200=CARTESIAN_POINT('',(9.52426747727561,1.20591916910651,0.333258021461286));
#9201=CARTESIAN_POINT('',(9.52426747727561,1.21015369226384,0.335359642689477));
#9202=CARTESIAN_POINT('',(9.52426747727561,1.2143787922337,0.337479583111026));
#9203=CARTESIAN_POINT('',(9.3242674772756,0.475732522724391,0.156323412748465));
#9204=CARTESIAN_POINT('',(9.3766245383655,0.47573252272439,0.145266427126366));
#9205=CARTESIAN_POINT('',(9.42771068050654,0.496333013480709,0.139029421794165));
#9206=CARTESIAN_POINT('',(9.46568883351292,0.534311166487082,0.139029421794165));
#9207=CARTESIAN_POINT('',(9.5036669865193,0.572289319493462,0.139029421794165));
#9208=CARTESIAN_POINT('',(9.52426747727561,0.623375461634482,0.145266427126363));
#9209=CARTESIAN_POINT('',(9.52426747727561,0.67573252272439,0.156323412748463));
#9210=CARTESIAN_POINT('',(8.7856212077663,0.475732522724393,0.337479583111028));
#9211=CARTESIAN_POINT('',(8.78984636614847,0.475732522724393,0.335359613381154));
#9212=CARTESIAN_POINT('',(8.79408089064019,0.475732522724393,0.333257992125817));
#9213=CARTESIAN_POINT('',(8.79832411992407,0.475732522724393,0.331174577887735));
#9214=CARTESIAN_POINT('',(8.81791915152591,0.475732522724393,0.321553469740209));
#9215=CARTESIAN_POINT('',(8.83772184230967,0.475732522724393,0.3123098216635));
#9216=CARTESIAN_POINT('',(8.85766530000079,0.475732522724393,0.303434049547584));
#9217=CARTESIAN_POINT('',(9.00549075960496,0.475732522724392,0.237644801128492));
#9218=CARTESIAN_POINT('',(9.16622291161397,0.475732522724391,0.189699932625526));
#9219=CARTESIAN_POINT('',(9.3242674772756,0.475732522724391,0.156323412748465));
#9220=CARTESIAN_POINT('',(8.5856212077663,0.275732522724395,0.421287458135536));
#9221=CARTESIAN_POINT('',(8.5856212077663,0.332913330419564,0.428942265470003));
#9222=CARTESIAN_POINT('',(8.60975675830492,0.385276993159284,0.421392487246463));
#9223=CARTESIAN_POINT('',(8.68764167240756,0.457757660750364,0.386463883153035));
#9224=CARTESIAN_POINT('',(8.73688125561493,0.475732522724393,0.361934813862304));
#9225=CARTESIAN_POINT('',(8.7856212077663,0.475732522724393,0.337479583111028));
#9226=CARTESIAN_POINT('',(8.5856212077663,1.46670869893839E-15,0.403173960124624));
#9227=CARTESIAN_POINT('',(8.5856212077663,0.091859863233927,0.403173960124624));
#9228=CARTESIAN_POINT('',(8.5856212077663,0.184673454785486,0.409097360632114));
#9229=CARTESIAN_POINT('',(8.5856212077663,0.275732522724395,0.421287458135536));
#9230=CARTESIAN_POINT('',(8.5856212077663,-0.275732522724389,0.421287458135537));
#9231=CARTESIAN_POINT('',(8.5856212077663,-0.184673454785528,0.409097360632121));
#9232=CARTESIAN_POINT('',(8.5856212077663,-0.0918598632338786,0.403173960124625));
#9233=CARTESIAN_POINT('',(8.5856212077663,1.46670869893839E-15,0.403173960124624));
#9234=CARTESIAN_POINT('',(8.7856212077663,-0.475732522724389,0.33747958311103));
#9235=CARTESIAN_POINT('',(8.73688125561492,-0.475732522724389,0.361934813862305));
#9236=CARTESIAN_POINT('',(8.68764167240756,-0.457757660750359,0.386463883153038));
#9237=CARTESIAN_POINT('',(8.60975675830491,-0.38527699315928,0.421392487246468));
#9238=CARTESIAN_POINT('',(8.5856212077663,-0.33291333041956,0.428942265470005));
#9239=CARTESIAN_POINT('',(8.5856212077663,-0.275732522724389,0.421287458135537));
#9240=CARTESIAN_POINT('',(9.3242674772756,-0.475732522724392,0.156323412748465));
#9241=CARTESIAN_POINT('',(9.16622291161397,-0.475732522724391,0.189699932625526));
#9242=CARTESIAN_POINT('',(9.00549075960495,-0.47573252272439,0.237644801128493));
#9243=CARTESIAN_POINT('',(8.85766530000079,-0.475732522724389,0.303434049547584));
#9244=CARTESIAN_POINT('',(8.83772184230983,-0.475732522724389,0.312309821663427));
#9245=CARTESIAN_POINT('',(8.81791915152576,-0.475732522724389,0.321553469740279));
#9246=CARTESIAN_POINT('',(8.79832411992408,-0.475732522724389,0.331174577887729));
#9247=CARTESIAN_POINT('',(8.79408083089349,-0.475732522724389,0.333258021461287));
#9248=CARTESIAN_POINT('',(8.78984630773616,-0.475732522724389,0.335359642689479));
#9249=CARTESIAN_POINT('',(8.7856212077663,-0.475732522724389,0.33747958311103));
#9250=CARTESIAN_POINT('',(9.52426747727561,-0.675732522724387,0.156323412748463));
#9251=CARTESIAN_POINT('',(9.52426747727561,-0.623375461634493,0.145266427126365));
#9252=CARTESIAN_POINT('',(9.50366698651929,-0.572289319493452,0.139029421794165));
#9253=CARTESIAN_POINT('',(9.46568883351292,-0.534311166487082,0.139029421794165));
#9254=CARTESIAN_POINT('',(9.42771068050654,-0.496333013480707,0.139029421794165));
#9255=CARTESIAN_POINT('',(9.3766245383655,-0.47573252272439,0.145266427126367));
#9256=CARTESIAN_POINT('',(9.3242674772756,-0.475732522724392,0.156323412748465));
#9257=CARTESIAN_POINT('',(9.52426747727561,-1.2143787922337,0.337479583111029));
#9258=CARTESIAN_POINT('',(9.52426747727561,-1.21015363385154,0.335359613381154));
#9259=CARTESIAN_POINT('',(9.52426747727561,-1.20591910935981,0.33325799212582));
#9260=CARTESIAN_POINT('',(9.52426747727561,-1.20167588007594,0.331174577887738));
#9261=CARTESIAN_POINT('',(9.52426747727561,-1.18208084847409,0.321553469740206));
#9262=CARTESIAN_POINT('',(9.52426747727561,-1.16227815769034,0.312309821663505));
#9263=CARTESIAN_POINT('',(9.52426747727561,-1.14233469999921,0.303434049547584));
#9264=CARTESIAN_POINT('',(9.52426747727561,-0.994509240395034,0.237644801128488));
#9265=CARTESIAN_POINT('',(9.52426747727561,-0.833777088386027,0.189699932625525));
#9266=CARTESIAN_POINT('',(9.52426747727561,-0.675732522724387,0.156323412748463));
#9267=CARTESIAN_POINT('',(9.72426747727561,-1.4143787922337,0.421287458135538));
#9268=CARTESIAN_POINT('',(9.66708666958044,-1.4143787922337,0.428942265470004));
#9269=CARTESIAN_POINT('',(9.61472300684071,-1.39024324169508,0.421392487246464));
#9270=CARTESIAN_POINT('',(9.54224233924963,-1.31235832759243,0.386463883153033));
#9271=CARTESIAN_POINT('',(9.52426747727561,-1.26311874438508,0.361934813862306));
#9272=CARTESIAN_POINT('',(9.52426747727561,-1.2143787922337,0.337479583111029));
#9273=CARTESIAN_POINT('',(10.2757325227244,-1.4143787922337,0.421287458135537));
#9274=CARTESIAN_POINT('',(10.1846734547855,-1.4143787922337,0.409097360632118));
#9275=CARTESIAN_POINT('',(10.0918598632339,-1.4143787922337,0.403173960124626));
#9276=CARTESIAN_POINT('',(10.,-1.4143787922337,0.403173960124626));
#9277=CARTESIAN_POINT('',(9.90814013676609,-1.4143787922337,0.403173960124626));
#9278=CARTESIAN_POINT('',(9.81532654521451,-1.4143787922337,0.409097360632116));
#9279=CARTESIAN_POINT('',(9.72426747727561,-1.4143787922337,0.421287458135538));
#9280=CARTESIAN_POINT('',(10.4757325227244,-1.2143787922337,0.337479583111028));
#9281=CARTESIAN_POINT('',(10.4757325227244,-1.26311874438507,0.361934813862301));
#9282=CARTESIAN_POINT('',(10.4577576607504,-1.31235832759244,0.386463883153037));
#9283=CARTESIAN_POINT('',(10.3852769931593,-1.39024324169508,0.421392487246464));
#9284=CARTESIAN_POINT('',(10.3329133304196,-1.4143787922337,0.428942265470004));
#9285=CARTESIAN_POINT('',(10.2757325227244,-1.4143787922337,0.421287458135537));
#9286=CARTESIAN_POINT('',(10.4757325227244,-0.675732522724394,0.156323412748464));
#9287=CARTESIAN_POINT('',(10.4757325227244,-0.833777088386026,0.189699932625525));
#9288=CARTESIAN_POINT('',(10.4757325227244,-0.994509240395045,0.237644801128491));
#9289=CARTESIAN_POINT('',(10.4757325227244,-1.14233469999921,0.303434049547584));
#9290=CARTESIAN_POINT('',(10.4757325227244,-1.16227815769034,0.312309821663502));
#9291=CARTESIAN_POINT('',(10.4757325227244,-1.18208084847407,0.321553469740199));
#9292=CARTESIAN_POINT('',(10.4757325227244,-1.20167588007592,0.331174577887728));
#9293=CARTESIAN_POINT('',(10.4757325227244,-1.2059191691065,0.333258021461285));
#9294=CARTESIAN_POINT('',(10.4757325227244,-1.21015369226384,0.335359642689476));
#9295=CARTESIAN_POINT('',(10.4757325227244,-1.2143787922337,0.337479583111028));
#9296=CARTESIAN_POINT('',(8.5856212077663,1.46670869893839E-15,0.403173960124624));
#9297=CARTESIAN_POINT('',(8.25,6.25830584327701E-16,0.625239704406962));
#9298=CARTESIAN_POINT('',(8.25,1.11022302462516E-16,0.899999941641827));
#9299=CARTESIAN_POINT('',(11.4143787922337,1.7321144606909E-16,0.403173960124626));
#9300=CARTESIAN_POINT('',(11.75,2.14313189850787E-16,0.625239704406964));
#9301=CARTESIAN_POINT('',(11.75,2.14313189850787E-16,0.899999941641827));
#9302=CARTESIAN_POINT('',(11.75,2.14313189850787E-16,0.899999941641829));
#9303=CARTESIAN_POINT('',(11.75,1.75,0.899999941641829));
#9304=CARTESIAN_POINT('',(10.,1.75,0.899999941641829));
#9305=CARTESIAN_POINT('',(8.25,1.75,0.899999941641829));
#9306=CARTESIAN_POINT('',(8.25,0.,0.899999941641829));
#9307=CARTESIAN_POINT('',(11.4143787922337,1.872196846412E-16,0.403173960124626));
#9308=CARTESIAN_POINT('',(11.4143787922337,-0.0918598632339249,0.403173960124625));
#9309=CARTESIAN_POINT('',(11.4143787922337,-0.184673454785489,0.409097360632113));
#9310=CARTESIAN_POINT('',(11.4143787922337,-0.275732522724397,0.421287458135533));
#9311=CARTESIAN_POINT('',(-10.,0.,0.0563283661929443));
#9312=CARTESIAN_POINT('',(-8.25,0.,0.0563283661929443));
#9313=CARTESIAN_POINT('',(-8.25,0.,0.899999941641829));
#9314=CARTESIAN_POINT('',(-8.25,0.,1.74367151709071));
#9315=CARTESIAN_POINT('',(-10.,0.,1.74367151709071));
#9316=CARTESIAN_POINT('',(-10.,0.,0.0563283661929443));
#9317=CARTESIAN_POINT('',(-8.25,1.75,0.0563283661929445));
#9318=CARTESIAN_POINT('',(-8.25,1.75,0.899999941641829));
#9319=CARTESIAN_POINT('',(-8.25,1.75,1.74367151709071));
#9320=CARTESIAN_POINT('',(-10.,0.,1.74367151709071));
#9321=CARTESIAN_POINT('',(-10.,0.,0.0563283661929443));
#9322=CARTESIAN_POINT('',(-10.,1.75,0.0563283661929443));
#9323=CARTESIAN_POINT('',(-10.,1.75,0.899999941641829));
#9324=CARTESIAN_POINT('',(-10.,1.75,1.74367151709071));
#9325=CARTESIAN_POINT('',(-10.,0.,1.74367151709071));
#9326=CARTESIAN_POINT('',(-10.,0.,0.0563283661929443));
#9327=CARTESIAN_POINT('',(-11.75,1.75,0.0563283661929445));
#9328=CARTESIAN_POINT('',(-11.75,1.75,0.899999941641829));
#9329=CARTESIAN_POINT('',(-11.75,1.75,1.74367151709071));
#9330=CARTESIAN_POINT('',(-10.,0.,1.74367151709071));
#9331=CARTESIAN_POINT('',(-10.,0.,0.0563283661929443));
#9332=CARTESIAN_POINT('',(-11.75,2.14313189850787E-16,0.0563283661929443));
#9333=CARTESIAN_POINT('',(-11.75,2.14313189850787E-16,0.899999941641829));
#9334=CARTESIAN_POINT('',(-11.75,2.14313189850787E-16,1.74367151709071));
#9335=CARTESIAN_POINT('',(-10.,0.,1.74367151709071));
#9336=CARTESIAN_POINT('',(10.,8.,0.899999941641827));
#9337=CARTESIAN_POINT('',(-10.6757325227244,-0.675732522724395,-0.706311594199937));
#9338=CARTESIAN_POINT('',(-10.6757325227244,-0.475732522724396,0.72556168418533));
#9339=CARTESIAN_POINT('',(-11.2143787922337,-0.275732522724393,-0.706311594199937));
#9340=CARTESIAN_POINT('',(-11.4143787922337,-0.275732522724397,0.72556168418533));
#9341=CARTESIAN_POINT('',(-11.2143787922337,0.275732522724384,-0.706311594199937));
#9342=CARTESIAN_POINT('',(-11.2143787922337,0.475732522724386,0.72556168418533));
#9343=CARTESIAN_POINT('',(-10.6757325227244,0.675732522724388,-0.706311594199937));
#9344=CARTESIAN_POINT('',(-10.4757325227244,0.675732522724391,0.72556168418533));
#9345=CARTESIAN_POINT('',(-10.2757325227244,1.2143787922337,-0.706311594199937));
#9346=CARTESIAN_POINT('',(-10.2757325227244,1.4143787922337,0.72556168418533));
#9347=CARTESIAN_POINT('',(-9.72426747727561,1.2143787922337,-0.706311594199937));
#9348=CARTESIAN_POINT('',(-9.52426747727561,1.2143787922337,0.72556168418533));
#9349=CARTESIAN_POINT('',(-9.32426747727561,0.675732522724389,-0.706311594199937));
#9350=CARTESIAN_POINT('',(-9.3242674772756,0.475732522724391,0.72556168418533));
#9351=CARTESIAN_POINT('',(-8.7856212077663,0.275732522724397,-0.706311594199937));
#9352=CARTESIAN_POINT('',(-8.5856212077663,0.275732522724395,0.72556168418533));
#9353=CARTESIAN_POINT('',(-8.7856212077663,-0.275732522724387,-0.706311594199937));
#9354=CARTESIAN_POINT('',(-8.7856212077663,-0.475732522724389,0.72556168418533));
#9355=CARTESIAN_POINT('',(-9.32426747727561,-0.675732522724394,-0.706311594199937));
#9356=CARTESIAN_POINT('',(-9.52426747727561,-0.675732522724387,0.72556168418533));
#9357=CARTESIAN_POINT('',(-9.72426747727561,-1.2143787922337,-0.706311594199938));
#9358=CARTESIAN_POINT('',(-9.72426747727561,-1.4143787922337,0.72556168418533));
#9359=CARTESIAN_POINT('',(-10.2757325227244,-1.2143787922337,-0.706311594199937));
#9360=CARTESIAN_POINT('',(-10.4757325227244,-1.2143787922337,0.72556168418533));
#9361=CARTESIAN_POINT('',(-8.23202650970787,-1.76797349029213,0.72556168418533));
#9362=CARTESIAN_POINT('',(-10.,0.,0.0563283661929443));
#9363=CARTESIAN_POINT('',(-11.75,2.14313189850787E-16,0.0563283661929443));
#9364=CARTESIAN_POINT('',(-11.75,2.14313189850787E-16,0.899999941641829));
#9365=CARTESIAN_POINT('',(-11.75,2.14313189850787E-16,1.74367151709071));
#9366=CARTESIAN_POINT('',(-10.,0.,1.74367151709071));
#9367=CARTESIAN_POINT('',(-10.,0.,0.0563283661929443));
#9368=CARTESIAN_POINT('',(-11.75,-1.75,0.0563283661929445));
#9369=CARTESIAN_POINT('',(-11.75,-1.75,0.899999941641829));
#9370=CARTESIAN_POINT('',(-11.75,-1.75,1.74367151709071));
#9371=CARTESIAN_POINT('',(-10.,0.,1.74367151709071));
#9372=CARTESIAN_POINT('',(-10.,0.,0.0563283661929443));
#9373=CARTESIAN_POINT('',(-10.,-1.75,0.0563283661929443));
#9374=CARTESIAN_POINT('',(-10.,-1.75,0.899999941641829));
#9375=CARTESIAN_POINT('',(-10.,-1.75,1.74367151709071));
#9376=CARTESIAN_POINT('',(-10.,0.,1.74367151709071));
#9377=CARTESIAN_POINT('',(-10.,0.,0.0563283661929443));
#9378=CARTESIAN_POINT('',(-8.25,-1.75,0.0563283661929445));
#9379=CARTESIAN_POINT('',(-8.25,-1.75,0.899999941641829));
#9380=CARTESIAN_POINT('',(-8.25,-1.75,1.74367151709071));
#9381=CARTESIAN_POINT('',(-10.,0.,1.74367151709071));
#9382=CARTESIAN_POINT('',(-10.,0.,0.0563283661929443));
#9383=CARTESIAN_POINT('',(-8.25,0.,0.0563283661929443));
#9384=CARTESIAN_POINT('',(-8.25,0.,0.899999941641829));
#9385=CARTESIAN_POINT('',(-8.25,0.,1.74367151709071));
#9386=CARTESIAN_POINT('',(-10.,0.,1.74367151709071));
#9387=CARTESIAN_POINT('',(-8.25,1.11022302462516E-16,0.899999941641827));
#9388=CARTESIAN_POINT('',(-10.4757325227244,-0.675732522724394,0.72556168418533));
#9389=CARTESIAN_POINT('',(-10.6757325227244,-0.475732522724396,0.72556168418533));
#9390=CARTESIAN_POINT('',(-11.2143787922337,-0.475732522724396,0.72556168418533));
#9391=CARTESIAN_POINT('',(-11.4143787922337,-0.275732522724397,0.72556168418533));
#9392=CARTESIAN_POINT('',(-11.4143787922337,0.275732522724386,0.72556168418533));
#9393=CARTESIAN_POINT('',(-11.2143787922337,0.475732522724386,0.72556168418533));
#9394=CARTESIAN_POINT('',(-10.6757325227244,0.475732522724387,0.72556168418533));
#9395=CARTESIAN_POINT('',(-10.4757325227244,0.675732522724391,0.72556168418533));
#9396=CARTESIAN_POINT('',(-10.4757325227244,1.2143787922337,0.72556168418533));
#9397=CARTESIAN_POINT('',(-10.2757325227244,1.4143787922337,0.72556168418533));
#9398=CARTESIAN_POINT('',(-9.72426747727561,1.4143787922337,0.72556168418533));
#9399=CARTESIAN_POINT('',(-9.52426747727561,1.2143787922337,0.72556168418533));
#9400=CARTESIAN_POINT('',(-9.52426747727561,0.67573252272439,0.72556168418533));
#9401=CARTESIAN_POINT('',(-9.3242674772756,0.475732522724391,0.72556168418533));
#9402=CARTESIAN_POINT('',(-8.7856212077663,0.475732522724393,0.72556168418533));
#9403=CARTESIAN_POINT('',(-8.5856212077663,0.275732522724395,0.72556168418533));
#9404=CARTESIAN_POINT('',(-8.5856212077663,-0.275732522724389,0.72556168418533));
#9405=CARTESIAN_POINT('',(-8.7856212077663,-0.475732522724389,0.72556168418533));
#9406=CARTESIAN_POINT('',(-9.3242674772756,-0.475732522724392,0.72556168418533));
#9407=CARTESIAN_POINT('',(-9.52426747727561,-0.675732522724387,0.72556168418533));
#9408=CARTESIAN_POINT('',(-9.52426747727561,-1.2143787922337,0.72556168418533));
#9409=CARTESIAN_POINT('',(-9.72426747727561,-1.4143787922337,0.72556168418533));
#9410=CARTESIAN_POINT('',(-10.2757325227244,-1.4143787922337,0.72556168418533));
#9411=CARTESIAN_POINT('',(-10.4757325227244,-1.2143787922337,0.72556168418533));
#9412=CARTESIAN_POINT('',(-10.6757325227244,-0.475732522724396,0.156323412748465));
#9413=CARTESIAN_POINT('',(-10.4757325227244,-0.675732522724394,0.156323412748464));
#9414=CARTESIAN_POINT('',(-11.2143787922337,-0.475732522724396,0.337479583111026));
#9415=CARTESIAN_POINT('',(-11.4143787922337,-0.275732522724397,0.421287458135533));
#9416=CARTESIAN_POINT('',(-11.4143787922337,0.275732522724386,0.421287458135531));
#9417=CARTESIAN_POINT('',(-11.2143787922337,0.475732522724386,0.337479583111026));
#9418=CARTESIAN_POINT('',(-10.6757325227244,0.475732522724386,0.156323412748461));
#9419=CARTESIAN_POINT('',(-10.4757325227244,0.675732522724391,0.156323412748463));
#9420=CARTESIAN_POINT('',(-10.4757325227244,1.2143787922337,0.337479583111025));
#9421=CARTESIAN_POINT('',(-10.2757325227244,1.4143787922337,0.421287458135534));
#9422=CARTESIAN_POINT('',(-9.72426747727561,1.4143787922337,0.421287458135534));
#9423=CARTESIAN_POINT('',(-9.52426747727561,1.2143787922337,0.337479583111026));
#9424=CARTESIAN_POINT('',(-9.52426747727561,0.67573252272439,0.156323412748463));
#9425=CARTESIAN_POINT('',(-9.3242674772756,0.475732522724391,0.156323412748465));
#9426=CARTESIAN_POINT('',(-8.7856212077663,0.475732522724393,0.337479583111028));
#9427=CARTESIAN_POINT('',(-8.5856212077663,0.275732522724395,0.421287458135536));
#9428=CARTESIAN_POINT('',(-8.5856212077663,1.46670869893839E-15,0.403173960124624));
#9429=CARTESIAN_POINT('',(-8.5856212077663,-0.275732522724389,0.421287458135537));
#9430=CARTESIAN_POINT('',(-8.7856212077663,-0.475732522724389,0.33747958311103));
#9431=CARTESIAN_POINT('',(-9.3242674772756,-0.475732522724392,0.156323412748465));
#9432=CARTESIAN_POINT('',(-9.52426747727561,-0.675732522724387,0.156323412748463));
#9433=CARTESIAN_POINT('',(-9.52426747727561,-1.2143787922337,0.337479583111029));
#9434=CARTESIAN_POINT('',(-9.72426747727561,-1.4143787922337,0.421287458135538));
#9435=CARTESIAN_POINT('',(-10.2757325227244,-1.4143787922337,0.421287458135537));
#9436=CARTESIAN_POINT('',(-10.4757325227244,-1.2143787922337,0.337479583111028));
#9437=CARTESIAN_POINT('',(-11.4143787922337,1.872196846412E-16,0.403173960124626));
#9438=CARTESIAN_POINT('',(-11.75,2.14313189850787E-16,0.899999941641829));
#9439=CARTESIAN_POINT('',(-8.25,0.,0.899999941641829));
#9440=CARTESIAN_POINT('',(-8.25,-1.75,0.899999941641829));
#9441=CARTESIAN_POINT('',(-10.,-1.75,0.899999941641829));
#9442=CARTESIAN_POINT('',(-11.75,-1.75,0.899999941641829));
#9443=CARTESIAN_POINT('',(-11.75,2.14313189850787E-16,0.899999941641829));
#9444=CARTESIAN_POINT('',(-10.4757325227244,-0.675732522724394,0.72556168418533));
#9445=CARTESIAN_POINT('',(-10.4757325227244,-0.475732522724396,0.72556168418533));
#9446=CARTESIAN_POINT('',(-10.6757325227244,-0.475732522724396,0.72556168418533));
#9447=CARTESIAN_POINT('',(-10.6757325227244,-0.475732522724396,0.72556168418533));
#9448=CARTESIAN_POINT('',(-10.6757325227244,-0.475732522724396,0.156323412748465));
#9449=CARTESIAN_POINT('',(-10.4757325227244,-0.675732522724394,0.72556168418533));
#9450=CARTESIAN_POINT('',(-10.4757325227244,-0.675732522724394,0.156323412748464));
#9451=CARTESIAN_POINT('',(-10.6757325227244,-0.475732522724396,0.72556168418533));
#9452=CARTESIAN_POINT('',(-10.945055657479,-0.475732522724396,0.72556168418533));
#9453=CARTESIAN_POINT('',(-11.2143787922337,-0.475732522724396,0.72556168418533));
#9454=CARTESIAN_POINT('',(-11.2143787922337,-0.475732522724396,0.72556168418533));
#9455=CARTESIAN_POINT('',(-11.2143787922337,-0.475732522724396,0.337479583111026));
#9456=CARTESIAN_POINT('',(-11.2143787922337,-0.475732522724396,0.72556168418533));
#9457=CARTESIAN_POINT('',(-11.4143787922337,-0.475732522724398,0.72556168418533));
#9458=CARTESIAN_POINT('',(-11.4143787922337,-0.275732522724397,0.72556168418533));
#9459=CARTESIAN_POINT('',(-11.4143787922337,-0.275732522724397,0.72556168418533));
#9460=CARTESIAN_POINT('',(-11.4143787922337,-0.275732522724397,0.421287458135533));
#9461=CARTESIAN_POINT('',(-11.4143787922337,-0.275732522724397,0.72556168418533));
#9462=CARTESIAN_POINT('',(-11.4143787922337,-5.55111512312578E-15,0.72556168418533));
#9463=CARTESIAN_POINT('',(-11.4143787922337,0.275732522724386,0.72556168418533));
#9464=CARTESIAN_POINT('',(-11.4143787922337,0.275732522724386,0.72556168418533));
#9465=CARTESIAN_POINT('',(-11.4143787922337,0.275732522724386,0.421287458135531));
#9466=CARTESIAN_POINT('',(-11.4143787922337,0.275732522724386,0.72556168418533));
#9467=CARTESIAN_POINT('',(-11.4143787922337,0.475732522724385,0.72556168418533));
#9468=CARTESIAN_POINT('',(-11.2143787922337,0.475732522724386,0.72556168418533));
#9469=CARTESIAN_POINT('',(-11.2143787922337,0.475732522724386,0.72556168418533));
#9470=CARTESIAN_POINT('',(-11.2143787922337,0.475732522724386,0.337479583111026));
#9471=CARTESIAN_POINT('',(-11.2143787922337,0.475732522724386,0.72556168418533));
#9472=CARTESIAN_POINT('',(-10.945055657479,0.475732522724386,0.72556168418533));
#9473=CARTESIAN_POINT('',(-10.6757325227244,0.475732522724387,0.72556168418533));
#9474=CARTESIAN_POINT('',(-10.6757325227244,0.475732522724387,0.72556168418533));
#9475=CARTESIAN_POINT('',(-10.6757325227244,0.475732522724386,0.156323412748461));
#9476=CARTESIAN_POINT('',(-10.6757325227244,0.475732522724387,0.72556168418533));
#9477=CARTESIAN_POINT('',(-10.4757325227244,0.475732522724389,0.72556168418533));
#9478=CARTESIAN_POINT('',(-10.4757325227244,0.675732522724391,0.72556168418533));
#9479=CARTESIAN_POINT('',(-10.4757325227244,0.675732522724391,0.72556168418533));
#9480=CARTESIAN_POINT('',(-10.4757325227244,0.675732522724391,0.156323412748463));
#9481=CARTESIAN_POINT('',(-10.4757325227244,0.675732522724391,0.72556168418533));
#9482=CARTESIAN_POINT('',(-10.4757325227244,0.945055657479044,0.72556168418533));
#9483=CARTESIAN_POINT('',(-10.4757325227244,1.2143787922337,0.72556168418533));
#9484=CARTESIAN_POINT('',(-10.4757325227244,1.2143787922337,0.72556168418533));
#9485=CARTESIAN_POINT('',(-10.4757325227244,1.2143787922337,0.337479583111025));
#9486=CARTESIAN_POINT('',(-10.4757325227244,1.2143787922337,0.72556168418533));
#9487=CARTESIAN_POINT('',(-10.4757325227244,1.4143787922337,0.72556168418533));
#9488=CARTESIAN_POINT('',(-10.2757325227244,1.4143787922337,0.72556168418533));
#9489=CARTESIAN_POINT('',(-10.2757325227244,1.4143787922337,0.72556168418533));
#9490=CARTESIAN_POINT('',(-10.2757325227244,1.4143787922337,0.421287458135534));
#9491=CARTESIAN_POINT('',(-10.2757325227244,1.4143787922337,0.72556168418533));
#9492=CARTESIAN_POINT('',(-10.,1.4143787922337,0.72556168418533));
#9493=CARTESIAN_POINT('',(-9.72426747727561,1.4143787922337,0.72556168418533));
#9494=CARTESIAN_POINT('',(-9.72426747727561,1.4143787922337,0.72556168418533));
#9495=CARTESIAN_POINT('',(-9.72426747727561,1.4143787922337,0.421287458135534));
#9496=CARTESIAN_POINT('',(-9.72426747727561,1.4143787922337,0.72556168418533));
#9497=CARTESIAN_POINT('',(-9.52426747727561,1.4143787922337,0.72556168418533));
#9498=CARTESIAN_POINT('',(-9.52426747727561,1.2143787922337,0.72556168418533));
#9499=CARTESIAN_POINT('',(-9.52426747727561,1.2143787922337,0.72556168418533));
#9500=CARTESIAN_POINT('',(-9.52426747727561,1.2143787922337,0.337479583111026));
#9501=CARTESIAN_POINT('',(-9.52426747727561,1.2143787922337,0.72556168418533));
#9502=CARTESIAN_POINT('',(-9.52426747727561,0.945055657479044,0.72556168418533));
#9503=CARTESIAN_POINT('',(-9.52426747727561,0.67573252272439,0.72556168418533));
#9504=CARTESIAN_POINT('',(-9.52426747727561,0.67573252272439,0.72556168418533));
#9505=CARTESIAN_POINT('',(-9.52426747727561,0.67573252272439,0.156323412748463));
#9506=CARTESIAN_POINT('',(-9.52426747727561,0.67573252272439,0.72556168418533));
#9507=CARTESIAN_POINT('',(-9.52426747727561,0.475732522724387,0.72556168418533));
#9508=CARTESIAN_POINT('',(-9.3242674772756,0.475732522724391,0.72556168418533));
#9509=CARTESIAN_POINT('',(-9.3242674772756,0.475732522724391,0.72556168418533));
#9510=CARTESIAN_POINT('',(-9.3242674772756,0.475732522724391,0.156323412748465));
#9511=CARTESIAN_POINT('',(-9.3242674772756,0.475732522724391,0.72556168418533));
#9512=CARTESIAN_POINT('',(-9.05494434252095,0.475732522724392,0.72556168418533));
#9513=CARTESIAN_POINT('',(-8.7856212077663,0.475732522724393,0.72556168418533));
#9514=CARTESIAN_POINT('',(-8.7856212077663,0.475732522724393,0.72556168418533));
#9515=CARTESIAN_POINT('',(-8.7856212077663,0.475732522724393,0.337479583111028));
#9516=CARTESIAN_POINT('',(-8.7856212077663,0.475732522724393,0.72556168418533));
#9517=CARTESIAN_POINT('',(-8.5856212077663,0.475732522724393,0.72556168418533));
#9518=CARTESIAN_POINT('',(-8.5856212077663,0.275732522724395,0.72556168418533));
#9519=CARTESIAN_POINT('',(-8.5856212077663,0.275732522724395,0.72556168418533));
#9520=CARTESIAN_POINT('',(-8.5856212077663,0.275732522724395,0.421287458135536));
#9521=CARTESIAN_POINT('',(-8.5856212077663,0.275732522724395,0.72556168418533));
#9522=CARTESIAN_POINT('',(-8.5856212077663,2.88657986402541E-15,0.72556168418533));
#9523=CARTESIAN_POINT('',(-8.5856212077663,-0.275732522724389,0.72556168418533));
#9524=CARTESIAN_POINT('',(-8.5856212077663,-0.275732522724389,0.72556168418533));
#9525=CARTESIAN_POINT('',(-8.5856212077663,-0.275732522724389,0.421287458135537));
#9526=CARTESIAN_POINT('',(-8.5856212077663,-0.275732522724389,0.72556168418533));
#9527=CARTESIAN_POINT('',(-8.5856212077663,-0.475732522724389,0.72556168418533));
#9528=CARTESIAN_POINT('',(-8.7856212077663,-0.475732522724389,0.72556168418533));
#9529=CARTESIAN_POINT('',(-8.7856212077663,-0.475732522724389,0.72556168418533));
#9530=CARTESIAN_POINT('',(-8.7856212077663,-0.475732522724389,0.33747958311103));
#9531=CARTESIAN_POINT('',(-8.7856212077663,-0.475732522724389,0.72556168418533));
#9532=CARTESIAN_POINT('',(-9.05494434252095,-0.47573252272439,0.72556168418533));
#9533=CARTESIAN_POINT('',(-9.3242674772756,-0.475732522724392,0.72556168418533));
#9534=CARTESIAN_POINT('',(-9.3242674772756,-0.475732522724392,0.72556168418533));
#9535=CARTESIAN_POINT('',(-9.3242674772756,-0.475732522724392,0.156323412748465));
#9536=CARTESIAN_POINT('',(-9.3242674772756,-0.475732522724392,0.72556168418533));
#9537=CARTESIAN_POINT('',(-9.5242674772756,-0.475732522724385,0.72556168418533));
#9538=CARTESIAN_POINT('',(-9.52426747727561,-0.675732522724387,0.72556168418533));
#9539=CARTESIAN_POINT('',(-9.52426747727561,-0.675732522724387,0.72556168418533));
#9540=CARTESIAN_POINT('',(-9.52426747727561,-0.675732522724387,0.156323412748463));
#9541=CARTESIAN_POINT('',(-9.52426747727561,-0.675732522724387,0.72556168418533));
#9542=CARTESIAN_POINT('',(-9.52426747727561,-0.945055657479044,0.72556168418533));
#9543=CARTESIAN_POINT('',(-9.52426747727561,-1.2143787922337,0.72556168418533));
#9544=CARTESIAN_POINT('',(-9.52426747727561,-1.2143787922337,0.72556168418533));
#9545=CARTESIAN_POINT('',(-9.52426747727561,-1.2143787922337,0.337479583111029));
#9546=CARTESIAN_POINT('',(-9.52426747727561,-1.2143787922337,0.72556168418533));
#9547=CARTESIAN_POINT('',(-9.52426747727561,-1.4143787922337,0.72556168418533));
#9548=CARTESIAN_POINT('',(-9.72426747727561,-1.4143787922337,0.72556168418533));
#9549=CARTESIAN_POINT('',(-9.72426747727561,-1.4143787922337,0.72556168418533));
#9550=CARTESIAN_POINT('',(-9.72426747727561,-1.4143787922337,0.421287458135538));
#9551=CARTESIAN_POINT('',(-9.72426747727561,-1.4143787922337,0.72556168418533));
#9552=CARTESIAN_POINT('',(-10.,-1.4143787922337,0.72556168418533));
#9553=CARTESIAN_POINT('',(-10.2757325227244,-1.4143787922337,0.72556168418533));
#9554=CARTESIAN_POINT('',(-10.2757325227244,-1.4143787922337,0.72556168418533));
#9555=CARTESIAN_POINT('',(-10.2757325227244,-1.4143787922337,0.421287458135537));
#9556=CARTESIAN_POINT('',(-10.2757325227244,-1.4143787922337,0.72556168418533));
#9557=CARTESIAN_POINT('',(-10.4757325227244,-1.4143787922337,0.72556168418533));
#9558=CARTESIAN_POINT('',(-10.4757325227244,-1.2143787922337,0.72556168418533));
#9559=CARTESIAN_POINT('',(-10.4757325227244,-1.2143787922337,0.72556168418533));
#9560=CARTESIAN_POINT('',(-10.4757325227244,-1.2143787922337,0.337479583111028));
#9561=CARTESIAN_POINT('',(-10.4757325227244,-1.2143787922337,0.72556168418533));
#9562=CARTESIAN_POINT('',(-10.4757325227244,-0.945055657479048,0.72556168418533));
#9563=CARTESIAN_POINT('',(-10.4757325227244,-0.675732522724394,0.72556168418533));
#9564=CARTESIAN_POINT('',(-10.6757325227244,-0.475732522724396,0.156323412748465));
#9565=CARTESIAN_POINT('',(-10.6233754616345,-0.475732522724396,0.145266427126366));
#9566=CARTESIAN_POINT('',(-10.5722893194935,-0.496333013480716,0.139029421794166));
#9567=CARTESIAN_POINT('',(-10.5343111664871,-0.534311166487085,0.139029421794166));
#9568=CARTESIAN_POINT('',(-10.4963330134807,-0.572289319493447,0.139029421794165));
#9569=CARTESIAN_POINT('',(-10.4757325227244,-0.623375461634506,0.145266427126368));
#9570=CARTESIAN_POINT('',(-10.4757325227244,-0.675732522724394,0.156323412748464));
#9571=CARTESIAN_POINT('',(-11.2143787922337,-0.475732522724396,0.337479583111026));
#9572=CARTESIAN_POINT('',(-11.2101536338515,-0.475732522724397,0.335359613381155));
#9573=CARTESIAN_POINT('',(-11.2059191093598,-0.475732522724396,0.33325799212582));
#9574=CARTESIAN_POINT('',(-11.2016758800759,-0.475732522724396,0.33117457788774));
#9575=CARTESIAN_POINT('',(-11.1820808484741,-0.475732522724396,0.321553469740216));
#9576=CARTESIAN_POINT('',(-11.1622781576903,-0.475732522724396,0.3123098216635));
#9577=CARTESIAN_POINT('',(-11.1423346999992,-0.475732522724396,0.303434049547584));
#9578=CARTESIAN_POINT('',(-10.994509240395,-0.475732522724396,0.237644801128489));
#9579=CARTESIAN_POINT('',(-10.833777088386,-0.475732522724396,0.189699932625527));
#9580=CARTESIAN_POINT('',(-10.6757325227244,-0.475732522724396,0.156323412748465));
#9581=CARTESIAN_POINT('',(-11.4143787922337,-0.275732522724397,0.421287458135533));
#9582=CARTESIAN_POINT('',(-11.4143787922337,-0.332913330419551,0.42894226547));
#9583=CARTESIAN_POINT('',(-11.3902432416951,-0.385276993159297,0.42139248724646));
#9584=CARTESIAN_POINT('',(-11.3123583275924,-0.457757660750367,0.386463883153036));
#9585=CARTESIAN_POINT('',(-11.2631187443851,-0.475732522724397,0.361934813862303));
#9586=CARTESIAN_POINT('',(-11.2143787922337,-0.475732522724396,0.337479583111026));
#9587=CARTESIAN_POINT('',(-11.4143787922337,0.275732522724386,0.421287458135531));
#9588=CARTESIAN_POINT('',(-11.4143787922337,0.184673454785473,0.409097360632111));
#9589=CARTESIAN_POINT('',(-11.4143787922337,0.0918598632339307,0.403173960124626));
#9590=CARTESIAN_POINT('',(-11.4143787922337,1.872196846412E-16,0.403173960124626));
#9591=CARTESIAN_POINT('',(-11.2143787922337,0.475732522724386,0.337479583111026));
#9592=CARTESIAN_POINT('',(-11.2631187443851,0.475732522724386,0.361934813862303));
#9593=CARTESIAN_POINT('',(-11.3123583275924,0.457757660750359,0.386463883153034));
#9594=CARTESIAN_POINT('',(-11.3902432416951,0.38527699315928,0.421392487246463));
#9595=CARTESIAN_POINT('',(-11.4143787922337,0.332913330419549,0.42894226547));
#9596=CARTESIAN_POINT('',(-11.4143787922337,0.275732522724386,0.421287458135531));
#9597=CARTESIAN_POINT('',(-10.6757325227244,0.475732522724386,0.156323412748461));
#9598=CARTESIAN_POINT('',(-10.833777088386,0.475732522724387,0.189699932625526));
#9599=CARTESIAN_POINT('',(-10.994509240395,0.475732522724386,0.237644801128483));
#9600=CARTESIAN_POINT('',(-11.1423346999992,0.475732522724386,0.303434049547584));
#9601=CARTESIAN_POINT('',(-11.1622781576904,0.475732522724386,0.312309821663538));
#9602=CARTESIAN_POINT('',(-11.182080848474,0.475732522724386,0.321553469740157));
#9603=CARTESIAN_POINT('',(-11.2016758800759,0.475732522724386,0.331174577887725));
#9604=CARTESIAN_POINT('',(-11.2059191691065,0.475732522724386,0.333258021461282));
#9605=CARTESIAN_POINT('',(-11.2101536922638,0.475732522724386,0.335359642689474));
#9606=CARTESIAN_POINT('',(-11.2143787922337,0.475732522724386,0.337479583111026));
#9607=CARTESIAN_POINT('',(-10.4757325227244,0.675732522724391,0.156323412748463));
#9608=CARTESIAN_POINT('',(-10.4757325227244,0.623375461634492,0.145266427126364));
#9609=CARTESIAN_POINT('',(-10.4963330134807,0.572289319493449,0.139029421794163));
#9610=CARTESIAN_POINT('',(-10.5343111664871,0.534311166487076,0.139029421794163));
#9611=CARTESIAN_POINT('',(-10.5722893194934,0.496333013480709,0.139029421794163));
#9612=CARTESIAN_POINT('',(-10.6233754616345,0.475732522724387,0.145266427126364));
#9613=CARTESIAN_POINT('',(-10.6757325227244,0.475732522724386,0.156323412748461));
#9614=CARTESIAN_POINT('',(-10.4757325227244,1.2143787922337,0.337479583111025));
#9615=CARTESIAN_POINT('',(-10.4757325227244,1.21015363385153,0.335359613381149));
#9616=CARTESIAN_POINT('',(-10.4757325227244,1.2059191093598,0.333257992125812));
#9617=CARTESIAN_POINT('',(-10.4757325227244,1.20167588007592,0.331174577887728));
#9618=CARTESIAN_POINT('',(-10.4757325227244,1.18208084847408,0.3215534697402));
#9619=CARTESIAN_POINT('',(-10.4757325227244,1.16227815769034,0.312309821663501));
#9620=CARTESIAN_POINT('',(-10.4757325227244,1.14233469999921,0.303434049547584));
#9621=CARTESIAN_POINT('',(-10.4757325227244,0.994509240395045,0.237644801128491));
#9622=CARTESIAN_POINT('',(-10.4757325227244,0.833777088386023,0.189699932625524));
#9623=CARTESIAN_POINT('',(-10.4757325227244,0.675732522724391,0.156323412748463));
#9624=CARTESIAN_POINT('',(-10.2757325227244,1.4143787922337,0.421287458135534));
#9625=CARTESIAN_POINT('',(-10.3329133304195,1.4143787922337,0.42894226547));
#9626=CARTESIAN_POINT('',(-10.3852769931593,1.39024324169508,0.421392487246461));
#9627=CARTESIAN_POINT('',(-10.4577576607504,1.31235832759243,0.386463883153031));
#9628=CARTESIAN_POINT('',(-10.4757325227244,1.26311874438508,0.361934813862304));
#9629=CARTESIAN_POINT('',(-10.4757325227244,1.2143787922337,0.337479583111025));
#9630=CARTESIAN_POINT('',(-9.72426747727561,1.4143787922337,0.421287458135534));
#9631=CARTESIAN_POINT('',(-9.81532654521449,1.4143787922337,0.409097360632115));
#9632=CARTESIAN_POINT('',(-9.9081401367661,1.4143787922337,0.403173960124623));
#9633=CARTESIAN_POINT('',(-10.,1.4143787922337,0.403173960124623));
#9634=CARTESIAN_POINT('',(-10.0918598632339,1.4143787922337,0.403173960124623));
#9635=CARTESIAN_POINT('',(-10.1846734547855,1.4143787922337,0.409097360632115));
#9636=CARTESIAN_POINT('',(-10.2757325227244,1.4143787922337,0.421287458135534));
#9637=CARTESIAN_POINT('',(-9.52426747727561,1.2143787922337,0.337479583111026));
#9638=CARTESIAN_POINT('',(-9.52426747727561,1.26311874438508,0.361934813862305));
#9639=CARTESIAN_POINT('',(-9.54224233924963,1.31235832759243,0.38646388315303));
#9640=CARTESIAN_POINT('',(-9.61472300684071,1.39024324169508,0.421392487246461));
#9641=CARTESIAN_POINT('',(-9.66708666958044,1.4143787922337,0.428942265470001));
#9642=CARTESIAN_POINT('',(-9.72426747727561,1.4143787922337,0.421287458135534));
#9643=CARTESIAN_POINT('',(-9.52426747727561,0.67573252272439,0.156323412748463));
#9644=CARTESIAN_POINT('',(-9.52426747727561,0.833777088386025,0.189699932625525));
#9645=CARTESIAN_POINT('',(-9.52426747727561,0.994509240395038,0.23764480112849));
#9646=CARTESIAN_POINT('',(-9.52426747727561,1.14233469999921,0.303434049547584));
#9647=CARTESIAN_POINT('',(-9.52426747727561,1.16227815769033,0.312309821663498));
#9648=CARTESIAN_POINT('',(-9.52426747727561,1.18208084847409,0.321553469740206));
#9649=CARTESIAN_POINT('',(-9.52426747727561,1.20167588007592,0.331174577887731));
#9650=CARTESIAN_POINT('',(-9.52426747727561,1.20591916910651,0.333258021461286));
#9651=CARTESIAN_POINT('',(-9.52426747727561,1.21015369226384,0.335359642689477));
#9652=CARTESIAN_POINT('',(-9.52426747727561,1.2143787922337,0.337479583111026));
#9653=CARTESIAN_POINT('',(-9.3242674772756,0.475732522724391,0.156323412748465));
#9654=CARTESIAN_POINT('',(-9.3766245383655,0.47573252272439,0.145266427126366));
#9655=CARTESIAN_POINT('',(-9.42771068050654,0.496333013480709,0.139029421794165));
#9656=CARTESIAN_POINT('',(-9.46568883351292,0.534311166487082,0.139029421794165));
#9657=CARTESIAN_POINT('',(-9.5036669865193,0.572289319493462,0.139029421794165));
#9658=CARTESIAN_POINT('',(-9.52426747727561,0.623375461634482,0.145266427126363));
#9659=CARTESIAN_POINT('',(-9.52426747727561,0.67573252272439,0.156323412748463));
#9660=CARTESIAN_POINT('',(-8.7856212077663,0.475732522724393,0.337479583111028));
#9661=CARTESIAN_POINT('',(-8.78984636614847,0.475732522724393,0.335359613381154));
#9662=CARTESIAN_POINT('',(-8.79408089064019,0.475732522724393,0.333257992125817));
#9663=CARTESIAN_POINT('',(-8.79832411992407,0.475732522724393,0.331174577887735));
#9664=CARTESIAN_POINT('',(-8.81791915152591,0.475732522724393,0.321553469740209));
#9665=CARTESIAN_POINT('',(-8.83772184230967,0.475732522724393,0.3123098216635));
#9666=CARTESIAN_POINT('',(-8.85766530000079,0.475732522724393,0.303434049547584));
#9667=CARTESIAN_POINT('',(-9.00549075960496,0.475732522724392,0.237644801128492));
#9668=CARTESIAN_POINT('',(-9.16622291161397,0.475732522724391,0.189699932625526));
#9669=CARTESIAN_POINT('',(-9.3242674772756,0.475732522724391,0.156323412748465));
#9670=CARTESIAN_POINT('',(-8.5856212077663,0.275732522724395,0.421287458135536));
#9671=CARTESIAN_POINT('',(-8.5856212077663,0.332913330419564,0.428942265470003));
#9672=CARTESIAN_POINT('',(-8.60975675830492,0.385276993159284,0.421392487246463));
#9673=CARTESIAN_POINT('',(-8.68764167240756,0.457757660750364,0.386463883153035));
#9674=CARTESIAN_POINT('',(-8.73688125561493,0.475732522724393,0.361934813862304));
#9675=CARTESIAN_POINT('',(-8.7856212077663,0.475732522724393,0.337479583111028));
#9676=CARTESIAN_POINT('',(-8.5856212077663,1.46670869893839E-15,0.403173960124624));
#9677=CARTESIAN_POINT('',(-8.5856212077663,0.091859863233927,0.403173960124624));
#9678=CARTESIAN_POINT('',(-8.5856212077663,0.184673454785486,0.409097360632114));
#9679=CARTESIAN_POINT('',(-8.5856212077663,0.275732522724395,0.421287458135536));
#9680=CARTESIAN_POINT('',(-8.5856212077663,-0.275732522724389,0.421287458135537));
#9681=CARTESIAN_POINT('',(-8.5856212077663,-0.184673454785528,0.409097360632121));
#9682=CARTESIAN_POINT('',(-8.5856212077663,-0.0918598632338786,0.403173960124625));
#9683=CARTESIAN_POINT('',(-8.5856212077663,1.46670869893839E-15,0.403173960124624));
#9684=CARTESIAN_POINT('',(-8.7856212077663,-0.475732522724389,0.33747958311103));
#9685=CARTESIAN_POINT('',(-8.73688125561492,-0.475732522724389,0.361934813862305));
#9686=CARTESIAN_POINT('',(-8.68764167240756,-0.457757660750359,0.386463883153038));
#9687=CARTESIAN_POINT('',(-8.60975675830491,-0.38527699315928,0.421392487246468));
#9688=CARTESIAN_POINT('',(-8.5856212077663,-0.33291333041956,0.428942265470005));
#9689=CARTESIAN_POINT('',(-8.5856212077663,-0.275732522724389,0.421287458135537));
#9690=CARTESIAN_POINT('',(-9.3242674772756,-0.475732522724392,0.156323412748465));
#9691=CARTESIAN_POINT('',(-9.16622291161397,-0.475732522724391,0.189699932625526));
#9692=CARTESIAN_POINT('',(-9.00549075960495,-0.47573252272439,0.237644801128493));
#9693=CARTESIAN_POINT('',(-8.85766530000079,-0.475732522724389,0.303434049547584));
#9694=CARTESIAN_POINT('',(-8.83772184230983,-0.475732522724389,0.312309821663427));
#9695=CARTESIAN_POINT('',(-8.81791915152576,-0.475732522724389,0.321553469740279));
#9696=CARTESIAN_POINT('',(-8.79832411992408,-0.475732522724389,0.331174577887729));
#9697=CARTESIAN_POINT('',(-8.79408083089349,-0.475732522724389,0.333258021461287));
#9698=CARTESIAN_POINT('',(-8.78984630773616,-0.475732522724389,0.335359642689479));
#9699=CARTESIAN_POINT('',(-8.7856212077663,-0.475732522724389,0.33747958311103));
#9700=CARTESIAN_POINT('',(-9.52426747727561,-0.675732522724387,0.156323412748463));
#9701=CARTESIAN_POINT('',(-9.52426747727561,-0.623375461634493,0.145266427126365));
#9702=CARTESIAN_POINT('',(-9.50366698651929,-0.572289319493452,0.139029421794165));
#9703=CARTESIAN_POINT('',(-9.46568883351292,-0.534311166487082,0.139029421794165));
#9704=CARTESIAN_POINT('',(-9.42771068050654,-0.496333013480707,0.139029421794165));
#9705=CARTESIAN_POINT('',(-9.3766245383655,-0.47573252272439,0.145266427126367));
#9706=CARTESIAN_POINT('',(-9.3242674772756,-0.475732522724392,0.156323412748465));
#9707=CARTESIAN_POINT('',(-9.52426747727561,-1.2143787922337,0.337479583111029));
#9708=CARTESIAN_POINT('',(-9.52426747727561,-1.21015363385154,0.335359613381154));
#9709=CARTESIAN_POINT('',(-9.52426747727561,-1.20591910935981,0.33325799212582));
#9710=CARTESIAN_POINT('',(-9.52426747727561,-1.20167588007594,0.331174577887738));
#9711=CARTESIAN_POINT('',(-9.52426747727561,-1.18208084847409,0.321553469740206));
#9712=CARTESIAN_POINT('',(-9.52426747727561,-1.16227815769034,0.312309821663505));
#9713=CARTESIAN_POINT('',(-9.52426747727561,-1.14233469999921,0.303434049547584));
#9714=CARTESIAN_POINT('',(-9.52426747727561,-0.994509240395034,0.237644801128488));
#9715=CARTESIAN_POINT('',(-9.52426747727561,-0.833777088386027,0.189699932625525));
#9716=CARTESIAN_POINT('',(-9.52426747727561,-0.675732522724387,0.156323412748463));
#9717=CARTESIAN_POINT('',(-9.72426747727561,-1.4143787922337,0.421287458135538));
#9718=CARTESIAN_POINT('',(-9.66708666958044,-1.4143787922337,0.428942265470004));
#9719=CARTESIAN_POINT('',(-9.61472300684071,-1.39024324169508,0.421392487246464));
#9720=CARTESIAN_POINT('',(-9.54224233924963,-1.31235832759243,0.386463883153033));
#9721=CARTESIAN_POINT('',(-9.52426747727561,-1.26311874438508,0.361934813862306));
#9722=CARTESIAN_POINT('',(-9.52426747727561,-1.2143787922337,0.337479583111029));
#9723=CARTESIAN_POINT('',(-10.2757325227244,-1.4143787922337,0.421287458135537));
#9724=CARTESIAN_POINT('',(-10.1846734547855,-1.4143787922337,0.409097360632118));
#9725=CARTESIAN_POINT('',(-10.0918598632339,-1.4143787922337,0.403173960124626));
#9726=CARTESIAN_POINT('',(-10.,-1.4143787922337,0.403173960124626));
#9727=CARTESIAN_POINT('',(-9.90814013676609,-1.4143787922337,0.403173960124626));
#9728=CARTESIAN_POINT('',(-9.81532654521451,-1.4143787922337,0.409097360632116));
#9729=CARTESIAN_POINT('',(-9.72426747727561,-1.4143787922337,0.421287458135538));
#9730=CARTESIAN_POINT('',(-10.4757325227244,-1.2143787922337,0.337479583111028));
#9731=CARTESIAN_POINT('',(-10.4757325227244,-1.26311874438507,0.361934813862301));
#9732=CARTESIAN_POINT('',(-10.4577576607504,-1.31235832759244,0.386463883153037));
#9733=CARTESIAN_POINT('',(-10.3852769931593,-1.39024324169508,0.421392487246464));
#9734=CARTESIAN_POINT('',(-10.3329133304196,-1.4143787922337,0.428942265470004));
#9735=CARTESIAN_POINT('',(-10.2757325227244,-1.4143787922337,0.421287458135537));
#9736=CARTESIAN_POINT('',(-10.4757325227244,-0.675732522724394,0.156323412748464));
#9737=CARTESIAN_POINT('',(-10.4757325227244,-0.833777088386026,0.189699932625525));
#9738=CARTESIAN_POINT('',(-10.4757325227244,-0.994509240395045,0.237644801128491));
#9739=CARTESIAN_POINT('',(-10.4757325227244,-1.14233469999921,0.303434049547584));
#9740=CARTESIAN_POINT('',(-10.4757325227244,-1.16227815769034,0.312309821663502));
#9741=CARTESIAN_POINT('',(-10.4757325227244,-1.18208084847407,0.321553469740199));
#9742=CARTESIAN_POINT('',(-10.4757325227244,-1.20167588007592,0.331174577887728));
#9743=CARTESIAN_POINT('',(-10.4757325227244,-1.2059191691065,0.333258021461285));
#9744=CARTESIAN_POINT('',(-10.4757325227244,-1.21015369226384,0.335359642689476));
#9745=CARTESIAN_POINT('',(-10.4757325227244,-1.2143787922337,0.337479583111028));
#9746=CARTESIAN_POINT('',(-8.5856212077663,1.46670869893839E-15,0.403173960124624));
#9747=CARTESIAN_POINT('',(-8.25,6.25830584327701E-16,0.625239704406962));
#9748=CARTESIAN_POINT('',(-8.25,1.11022302462516E-16,0.899999941641827));
#9749=CARTESIAN_POINT('',(-11.4143787922337,1.7321144606909E-16,0.403173960124626));
#9750=CARTESIAN_POINT('',(-11.75,2.14313189850787E-16,0.625239704406964));
#9751=CARTESIAN_POINT('',(-11.75,2.14313189850787E-16,0.899999941641827));
#9752=CARTESIAN_POINT('',(-11.75,2.14313189850787E-16,0.899999941641829));
#9753=CARTESIAN_POINT('',(-11.75,1.75,0.899999941641829));
#9754=CARTESIAN_POINT('',(-10.,1.75,0.899999941641829));
#9755=CARTESIAN_POINT('',(-8.25,1.75,0.899999941641829));
#9756=CARTESIAN_POINT('',(-8.25,0.,0.899999941641829));
#9757=CARTESIAN_POINT('',(-11.4143787922337,1.872196846412E-16,0.403173960124626));
#9758=CARTESIAN_POINT('',(-11.4143787922337,-0.0918598632339249,0.403173960124625));
#9759=CARTESIAN_POINT('',(-11.4143787922337,-0.184673454785489,0.409097360632113));
#9760=CARTESIAN_POINT('',(-11.4143787922337,-0.275732522724397,0.421287458135533));
#9761=CARTESIAN_POINT('',(0.,0.,0.));
#9762=CARTESIAN_POINT('',(0.,0.,0.));
ENDSEC;
END-ISO-10303-21;
